{"type": "FeatureCollection", "crs": {"type": "name", "properties": {"name": "EPSG:4326"}}, "features": [{"type": "Feature", "geometry": {"type": "Point", "coordinates": [123.8979719, 10.3313114]}, "properties": {"category": "Grocery"}}, {"type": "Feature", "geometry": {"type": "Point", "coordinates": [123.8989382, 10.3318902]}, "properties": {"category": "Grocery"}}, {"type": "Feature", "geometry": {"type": "Point", "coordinates": [123.9805427, 10.3007358]}, "properties": {"category": "Grocery"}}, {"type": "Feature", "geometry": {"type": "Point", "coordinates": [123.9222796, 10.3961012]}, "properties": {"category": "Grocery"}}, {"type": "Feature", "geometry": {"type": "Point", "coordinates": [123.8740805, 10.28971]}, "properties": {"category": "Grocery"}}, {"type": "Feature", "geometry": {"type": "Point", "coordinates": [123.968978, 10.2868775]}, "properties": {"category": "Grocery"}}, {"type": "Feature", "geometry": {"type": "Point", "coordinates": [123.9247314, 10.350546]}, "properties": {"category": "Grocery"}}, {"type": "Feature", "geometry": {"type": "Point", "coordinates": [123.8691384, 10.2949359]}, "properties": {"category": "Grocery"}}, {"type": "Feature", "geometry": {"type": "Point", "coordinates": [123.9213462, 10.3861683]}, "properties": {"category": "Grocery"}}, {"type": "Feature", "geometry": {"type": "Point", "coordinates": [123.9502065, 10.3557324]}, "properties": {"category": "Grocery"}}, {"type": "Feature", "geometry": {"type": "Point", "coordinates": [123.9085388, 10.3117865]}, "properties": {"category": "Grocery"}}, {"type": "Feature", "geometry": {"type": "Point", "coordinates": [123.9060321, 10.321997]}, "properties": {"category": "Grocery"}}, {"type": "Feature", "geometry": {"type": "Point", "coordinates": [123.9251154, 10.34959]}, "properties": {"category": "Grocery"}}, {"type": "Feature", "geometry": {"type": "Point", "coordinates": [123.9503086, 10.3108589]}, "properties": {"category": "Grocery"}}, {"type": "Feature", "geometry": {"type": "Point", "coordinates": [123.8852419, 10.3159047]}, "properties": {"category": "Grocery"}}, {"type": "Feature", "geometry": {"type": "Point", "coordinates": [123.899841, 10.2917163]}, "properties": {"category": "Grocery"}}, {"type": "Feature", "geometry": {"type": "Point", "coordinates": [123.8992822, 10.3045675]}, "properties": {"category": "Grocery"}}, {"type": "Feature", "geometry": {"type": "Point", "coordinates": [123.8557098, 10.2794988]}, "properties": {"category": "Grocery"}}, {"type": "Feature", "geometry": {"type": "Point", "coordinates": [123.8980233, 10.2912434]}, "properties": {"category": "Grocery"}}, {"type": "Feature", "geometry": {"type": "Point", "coordinates": [123.8989673, 10.2914802]}, "properties": {"category": "Grocery"}}, {"type": "Feature", "geometry": {"type": "Point", "coordinates": [123.9158652, 10.360436]}, "properties": {"category": "Grocery"}}, {"type": "Feature", "geometry": {"type": "Point", "coordinates": [123.9159366, 10.3600389]}, "properties": {"category": "Grocery"}}, {"type": "Feature", "geometry": {"type": "Point", "coordinates": [123.838473, 10.263398]}, "properties": {"category": "Grocery"}}, {"type": "Feature", "geometry": {"type": "Point", "coordinates": [123.8914401, 10.289665]}, "properties": {"category": "Grocery"}}, {"type": "Feature", "geometry": {"type": "Point", "coordinates": [123.8566176, 10.2704833]}, "properties": {"category": "Grocery"}}, {"type": "Feature", "geometry": {"type": "Point", "coordinates": [123.9608193, 10.3750833]}, "properties": {"category": "Grocery"}}, {"type": "Feature", "geometry": {"type": "Point", "coordinates": [123.8919861, 10.2914629]}, "properties": {"category": "Grocery"}}, {"type": "Feature", "geometry": {"type": "Point", "coordinates": [123.9414342, 10.3276686]}, "properties": {"category": "Grocery"}}, {"type": "Feature", "geometry": {"type": "Point", "coordinates": [123.8386014, 10.2633379]}, "properties": {"category": "Grocery"}}, {"type": "Feature", "geometry": {"type": "Point", "coordinates": [123.9043482, 10.3015293]}, "properties": {"category": "Grocery"}}, {"type": "Feature", "geometry": {"type": "Point", "coordinates": [123.7984801, 10.2417411]}, "properties": {"category": "Grocery"}}, {"type": "Feature", "geometry": {"type": "Point", "coordinates": [123.907989, 10.3116626]}, "properties": {"category": "Grocery"}}, {"type": "Feature", "geometry": {"type": "Point", "coordinates": [123.9329032, 10.368259]}, "properties": {"category": "Grocery"}}, {"type": "Feature", "geometry": {"type": "Point", "coordinates": [123.9148656, 10.318054]}, "properties": {"category": "Grocery"}}, {"type": "Feature", "geometry": {"type": "Point", "coordinates": [123.9351264, 10.3409933]}, "properties": {"category": "Grocery"}}, {"type": "Feature", "geometry": {"type": "Point", "coordinates": [123.8911713, 10.2955046]}, "properties": {"category": "Grocery"}}, {"type": "Feature", "geometry": {"type": "Point", "coordinates": [123.9523026, 10.3262532]}, "properties": {"category": "Grocery"}}, {"type": "Feature", "geometry": {"type": "Point", "coordinates": [123.8953864, 10.2979824]}, "properties": {"category": "Grocery"}}, {"type": "Feature", "geometry": {"type": "Point", "coordinates": [123.9495527, 10.332877]}, "properties": {"category": "Grocery"}}, {"type": "Feature", "geometry": {"type": "Point", "coordinates": [123.950264, 10.31213]}, "properties": {"category": "Grocery"}}, {"type": "Feature", "geometry": {"type": "Point", "coordinates": [123.9345302, 10.3246806]}, "properties": {"category": "Grocery"}}, {"type": "Feature", "geometry": {"type": "Point", "coordinates": [123.8296974, 10.2599363]}, "properties": {"category": "Grocery"}}, {"type": "Feature", "geometry": {"type": "Point", "coordinates": [123.8940836, 10.3093385]}, "properties": {"category": "Grocery"}}, {"type": "Feature", "geometry": {"type": "Point", "coordinates": [123.9128729, 10.3408718]}, "properties": {"category": "Grocery"}}, {"type": "Feature", "geometry": {"type": "Point", "coordinates": [123.9052072, 10.3182032]}, "properties": {"category": "Grocery"}}, {"type": "Feature", "geometry": {"type": "Point", "coordinates": [123.93875, 10.3356293]}, "properties": {"category": "Grocery"}}, {"type": "Feature", "geometry": {"type": "Point", "coordinates": [123.9521345, 10.311]}, "properties": {"category": "Grocery"}}, {"type": "Feature", "geometry": {"type": "Point", "coordinates": [123.898246, 10.3303692]}, "properties": {"category": "Grocery"}}, {"type": "Feature", "geometry": {"type": "Point", "coordinates": [123.9344114, 10.3359703]}, "properties": {"category": "Grocery"}}, {"type": "Feature", "geometry": {"type": "Point", "coordinates": [123.9490407, 10.3626679]}, "properties": {"category": "Grocery"}}, {"type": "Feature", "geometry": {"type": "Point", "coordinates": [123.9112453, 10.3210795]}, "properties": {"category": "Grocery"}}, {"type": "Feature", "geometry": {"type": "Point", "coordinates": [123.8990279, 10.2969301]}, "properties": {"category": "Grocery"}}, {"type": "Feature", "geometry": {"type": "Point", "coordinates": [123.8953005, 10.3178999]}, "properties": {"category": "Grocery"}}, {"type": "Feature", "geometry": {"type": "Point", "coordinates": [123.9655006, 10.3801729]}, "properties": {"category": "Grocery"}}, {"type": "Feature", "geometry": {"type": "Point", "coordinates": [123.9678502, 10.2902442]}, "properties": {"category": "Grocery"}}, {"type": "Feature", "geometry": {"type": "Point", "coordinates": [123.9058414, 10.31686]}, "properties": {"category": "Grocery"}}, {"type": "Feature", "geometry": {"type": "Point", "coordinates": [123.9136128, 10.3666441]}, "properties": {"category": "Grocery"}}, {"type": "Feature", "geometry": {"type": "Point", "coordinates": [123.9106666, 10.3396607]}, "properties": {"category": "Grocery"}}, {"type": "Feature", "geometry": {"type": "Point", "coordinates": [123.8430413, 10.266767]}, "properties": {"category": "Grocery"}}, {"type": "Feature", "geometry": {"type": "Point", "coordinates": [123.9484124, 10.3504218]}, "properties": {"category": "Grocery"}}, {"type": "Feature", "geometry": {"type": "Point", "coordinates": [123.8406111, 10.2646479]}, "properties": {"category": "Grocery"}}, {"type": "Feature", "geometry": {"type": "Point", "coordinates": [123.8591856, 10.2572311]}, "properties": {"category": "Grocery"}}, {"type": "Feature", "geometry": {"type": "Point", "coordinates": [123.9309033, 10.3454018]}, "properties": {"category": "Grocery"}}, {"type": "Feature", "geometry": {"type": "Point", "coordinates": [123.8798232, 10.2818791]}, "properties": {"category": "Grocery"}}, {"type": "Feature", "geometry": {"type": "Point", "coordinates": [123.9597549, 10.3748425]}, "properties": {"category": "Grocery"}}, {"type": "Feature", "geometry": {"type": "Point", "coordinates": [123.9496388, 10.310479]}, "properties": {"category": "Grocery"}}, {"type": "Feature", "geometry": {"type": "Point", "coordinates": [123.9173915, 10.3252323]}, "properties": {"category": "Grocery"}}, {"type": "Feature", "geometry": {"type": "Point", "coordinates": [123.9483658, 10.3407767]}, "properties": {"category": "Grocery"}}, {"type": "Feature", "geometry": {"type": "Point", "coordinates": [123.9758383, 10.3267059]}, "properties": {"category": "Grocery"}}, {"type": "Feature", "geometry": {"type": "Point", "coordinates": [123.955997, 10.3131603]}, "properties": {"category": "Grocery"}}, {"type": "Feature", "geometry": {"type": "Point", "coordinates": [123.9339704, 10.3358058]}, "properties": {"category": "Grocery"}}, {"type": "Feature", "geometry": {"type": "Point", "coordinates": [123.8310092, 10.2498471]}, "properties": {"category": "Grocery"}}, {"type": "Feature", "geometry": {"type": "Point", "coordinates": [123.8787931, 10.3046838]}, "properties": {"category": "Grocery"}}, {"type": "Feature", "geometry": {"type": "Point", "coordinates": [123.8260041, 10.3637408]}, "properties": {"category": "Grocery"}}, {"type": "Feature", "geometry": {"type": "Point", "coordinates": [123.9183265, 10.3695268]}, "properties": {"category": "Grocery"}}, {"type": "Feature", "geometry": {"type": "Point", "coordinates": [123.853956, 10.2779625]}, "properties": {"category": "Grocery"}}, {"type": "Feature", "geometry": {"type": "Point", "coordinates": [123.9437088, 10.3268685]}, "properties": {"category": "Grocery"}}, {"type": "Feature", "geometry": {"type": "Point", "coordinates": [123.917776, 10.3263767]}, "properties": {"category": "Grocery"}}, {"type": "Feature", "geometry": {"type": "Point", "coordinates": [123.9043637, 10.3076554]}, "properties": {"category": "Grocery"}}, {"type": "Feature", "geometry": {"type": "Point", "coordinates": [123.8925418, 10.3046651]}, "properties": {"category": "Grocery"}}, {"type": "Feature", "geometry": {"type": "Point", "coordinates": [123.8945143, 10.3128875]}, "properties": {"category": "Grocery"}}, {"type": "Feature", "geometry": {"type": "Point", "coordinates": [123.9706706, 10.2866383]}, "properties": {"category": "Grocery"}}, {"type": "Feature", "geometry": {"type": "Point", "coordinates": [123.9632001, 10.3165685]}, "properties": {"category": "Grocery"}}, {"type": "Feature", "geometry": {"type": "Point", "coordinates": [124.0131151, 10.3077824]}, "properties": {"category": "Grocery"}}, {"type": "Feature", "geometry": {"type": "Point", "coordinates": [123.8384827, 10.2608259]}, "properties": {"category": "Grocery"}}, {"type": "Feature", "geometry": {"type": "Point", "coordinates": [123.951346, 10.312406]}, "properties": {"category": "Grocery"}}, {"type": "Feature", "geometry": {"type": "Point", "coordinates": [123.9072908, 10.3301785]}, "properties": {"category": "Grocery"}}, {"type": "Feature", "geometry": {"type": "Point", "coordinates": [123.7973727, 10.2414662]}, "properties": {"category": "Grocery"}}, {"type": "Feature", "geometry": {"type": "Point", "coordinates": [123.8818656, 10.2909345]}, "properties": {"category": "Grocery"}}, {"type": "Feature", "geometry": {"type": "Point", "coordinates": [123.9212708, 10.3837615]}, "properties": {"category": "Grocery"}}, {"type": "Feature", "geometry": {"type": "Point", "coordinates": [123.8696896, 10.2996821]}, "properties": {"category": "Grocery"}}, {"type": "Feature", "geometry": {"type": "Point", "coordinates": [123.9838998, 10.2962624]}, "properties": {"category": "Grocery"}}, {"type": "Feature", "geometry": {"type": "Point", "coordinates": [123.7944778, 10.2452799]}, "properties": {"category": "Grocery"}}, {"type": "Feature", "geometry": {"type": "Point", "coordinates": [123.8003302, 10.2476013]}, "properties": {"category": "Grocery"}}, {"type": "Feature", "geometry": {"type": "Point", "coordinates": [123.8132065, 10.256065]}, "properties": {"category": "Grocery"}}, {"type": "Feature", "geometry": {"type": "Point", "coordinates": [123.9037965, 10.3173947]}, "properties": {"category": "Grocery"}}, {"type": "Feature", "geometry": {"type": "Point", "coordinates": [123.8438748, 10.2670179]}, "properties": {"category": "Grocery"}}, {"type": "Feature", "geometry": {"type": "Point", "coordinates": [123.8984053, 10.2961116]}, "properties": {"category": "Grocery"}}, {"type": "Feature", "geometry": {"type": "Point", "coordinates": [123.9647777, 10.2904635]}, "properties": {"category": "Grocery"}}, {"type": "Feature", "geometry": {"type": "Point", "coordinates": [123.9098104, 10.3203994]}, "properties": {"category": "Grocery"}}, {"type": "Feature", "geometry": {"type": "Point", "coordinates": [123.9472615, 10.2905737]}, "properties": {"category": "Grocery"}}, {"type": "Feature", "geometry": {"type": "Point", "coordinates": [123.8176059, 10.2586167]}, "properties": {"category": "Grocery"}}, {"type": "Feature", "geometry": {"type": "Point", "coordinates": [123.8984543, 10.3116757]}, "properties": {"category": "Grocery"}}, {"type": "Feature", "geometry": {"type": "Point", "coordinates": [123.9549396, 10.3727465]}, "properties": {"category": "Grocery"}}, {"type": "Feature", "geometry": {"type": "Point", "coordinates": [123.9506197, 10.3899148]}, "properties": {"category": "Grocery"}}, {"type": "Feature", "geometry": {"type": "Point", "coordinates": [123.8231456, 10.2593295]}, "properties": {"category": "Grocery"}}, {"type": "Feature", "geometry": {"type": "Point", "coordinates": [123.9905941, 10.2901186]}, "properties": {"category": "Grocery"}}, {"type": "Feature", "geometry": {"type": "Point", "coordinates": [123.9620507, 10.2994795]}, "properties": {"category": "Grocery"}}, {"type": "Feature", "geometry": {"type": "Point", "coordinates": [124.0092216, 10.3064506]}, "properties": {"category": "Grocery"}}, {"type": "Feature", "geometry": {"type": "Point", "coordinates": [123.9649975, 10.296017]}, "properties": {"category": "Grocery"}}, {"type": "Feature", "geometry": {"type": "Point", "coordinates": [123.9652207, 10.296242]}, "properties": {"category": "Grocery"}}, {"type": "Feature", "geometry": {"type": "Point", "coordinates": [123.9138218, 10.3094467]}, "properties": {"category": "Grocery"}}, {"type": "Feature", "geometry": {"type": "Point", "coordinates": [123.8224022, 10.2550739]}, "properties": {"category": "Grocery"}}, {"type": "Feature", "geometry": {"type": "Point", "coordinates": [123.9760301, 10.325839]}, "properties": {"category": "Grocery"}}, {"type": "Feature", "geometry": {"type": "Point", "coordinates": [123.9096658, 10.3456164]}, "properties": {"category": "Grocery"}}, {"type": "Feature", "geometry": {"type": "Point", "coordinates": [123.9058746, 10.3237879]}, "properties": {"category": "Grocery"}}, {"type": "Feature", "geometry": {"type": "Point", "coordinates": [123.9189084, 10.3425133]}, "properties": {"category": "Grocery"}}, {"type": "Feature", "geometry": {"type": "Point", "coordinates": [123.8947931, 10.3124887]}, "properties": {"category": "Grocery"}}, {"type": "Feature", "geometry": {"type": "Point", "coordinates": [123.9189875, 10.3414875]}, "properties": {"category": "Grocery"}}, {"type": "Feature", "geometry": {"type": "Point", "coordinates": [123.9327919, 10.3355578]}, "properties": {"category": "Grocery"}}, {"type": "Feature", "geometry": {"type": "Point", "coordinates": [124.0095878, 10.3078823]}, "properties": {"category": "Grocery"}}, {"type": "Feature", "geometry": {"type": "Point", "coordinates": [123.9145736, 10.3434665]}, "properties": {"category": "Grocery"}}, {"type": "Feature", "geometry": {"type": "Point", "coordinates": [123.9245746, 10.3147966]}, "properties": {"category": "Grocery"}}, {"type": "Feature", "geometry": {"type": "Point", "coordinates": [123.9775085, 10.3258124]}, "properties": {"category": "Grocery"}}, {"type": "Feature", "geometry": {"type": "Point", "coordinates": [123.8695302, 10.2950264]}, "properties": {"category": "Grocery"}}, {"type": "Feature", "geometry": {"type": "Point", "coordinates": [123.8840282, 10.3236258]}, "properties": {"category": "Grocery"}}, {"type": "Feature", "geometry": {"type": "Point", "coordinates": [123.8984603, 10.3116804]}, "properties": {"category": "Grocery"}}, {"type": "Feature", "geometry": {"type": "Point", "coordinates": [123.9137511, 10.3061597]}, "properties": {"category": "Grocery"}}, {"type": "Feature", "geometry": {"type": "Point", "coordinates": [123.9001494, 10.2969024]}, "properties": {"category": "Grocery"}}, {"type": "Feature", "geometry": {"type": "Point", "coordinates": [123.9024601, 10.2921128]}, "properties": {"category": "Grocery"}}, {"type": "Feature", "geometry": {"type": "Point", "coordinates": [123.9036109, 10.2928319]}, "properties": {"category": "Grocery"}}, {"type": "Feature", "geometry": {"type": "Point", "coordinates": [123.8702336, 10.2903718]}, "properties": {"category": "Grocery"}}, {"type": "Feature", "geometry": {"type": "Point", "coordinates": [123.9628598, 10.3019171]}, "properties": {"category": "Grocery"}}, {"type": "Feature", "geometry": {"type": "Point", "coordinates": [123.9522545, 10.3105383]}, "properties": {"category": "Grocery"}}, {"type": "Feature", "geometry": {"type": "Point", "coordinates": [123.795081, 10.2448166]}, "properties": {"category": "Grocery"}}, {"type": "Feature", "geometry": {"type": "Point", "coordinates": [123.9468591, 10.3317077]}, "properties": {"category": "Grocery"}}, {"type": "Feature", "geometry": {"type": "Point", "coordinates": [123.9408504, 10.326718]}, "properties": {"category": "Grocery"}}, {"type": "Feature", "geometry": {"type": "Point", "coordinates": [123.8574724, 10.2763729]}, "properties": {"category": "Grocery"}}, {"type": "Feature", "geometry": {"type": "Point", "coordinates": [123.8745524, 10.3096851]}, "properties": {"category": "Grocery"}}, {"type": "Feature", "geometry": {"type": "Point", "coordinates": [123.9244401, 10.3399395]}, "properties": {"category": "Grocery"}}, {"type": "Feature", "geometry": {"type": "Point", "coordinates": [123.9036304, 10.2932351]}, "properties": {"category": "Grocery"}}, {"type": "Feature", "geometry": {"type": "Point", "coordinates": [123.9033902, 10.3020542]}, "properties": {"category": "Grocery"}}, {"type": "Feature", "geometry": {"type": "Point", "coordinates": [123.9095798, 10.3207168]}, "properties": {"category": "Grocery"}}, {"type": "Feature", "geometry": {"type": "Point", "coordinates": [123.8710523, 10.2890821]}, "properties": {"category": "Grocery"}}, {"type": "Feature", "geometry": {"type": "Point", "coordinates": [123.9341967, 10.3664303]}, "properties": {"category": "Grocery"}}, {"type": "Feature", "geometry": {"type": "Point", "coordinates": [123.9678885, 10.290149]}, "properties": {"category": "Grocery"}}, {"type": "Feature", "geometry": {"type": "Point", "coordinates": [123.9633509, 10.3004992]}, "properties": {"category": "Grocery"}}, {"type": "Feature", "geometry": {"type": "Point", "coordinates": [123.9657061, 10.2845687]}, "properties": {"category": "Grocery"}}, {"type": "Feature", "geometry": {"type": "Point", "coordinates": [123.938929, 10.3352946]}, "properties": {"category": "Grocery"}}, {"type": "Feature", "geometry": {"type": "Point", "coordinates": [123.9408445, 10.3267254]}, "properties": {"category": "Grocery"}}, {"type": "Feature", "geometry": {"type": "Point", "coordinates": [123.9552357, 10.3131955]}, "properties": {"category": "Grocery"}}, {"type": "Feature", "geometry": {"type": "Point", "coordinates": [123.9318882, 10.3680021]}, "properties": {"category": "Grocery"}}, {"type": "Feature", "geometry": {"type": "Point", "coordinates": [123.8763689, 10.3112533]}, "properties": {"category": "Grocery"}}, {"type": "Feature", "geometry": {"type": "Point", "coordinates": [123.7992607, 10.2415171]}, "properties": {"category": "Grocery"}}, {"type": "Feature", "geometry": {"type": "Point", "coordinates": [123.9339478, 10.3167191]}, "properties": {"category": "Grocery"}}, {"type": "Feature", "geometry": {"type": "Point", "coordinates": [123.9507157, 10.3357868]}, "properties": {"category": "Grocery"}}, {"type": "Feature", "geometry": {"type": "Point", "coordinates": [123.8986009, 10.3302827]}, "properties": {"category": "Grocery"}}, {"type": "Feature", "geometry": {"type": "Point", "coordinates": [123.8994678, 10.2972477]}, "properties": {"category": "Grocery"}}, {"type": "Feature", "geometry": {"type": "Point", "coordinates": [123.8944209, 10.2980301]}, "properties": {"category": "Grocery"}}, {"type": "Feature", "geometry": {"type": "Point", "coordinates": [123.8778053, 10.2664299]}, "properties": {"category": "Grocery"}}, {"type": "Feature", "geometry": {"type": "Point", "coordinates": [123.9479434, 10.3295885]}, "properties": {"category": "Grocery"}}, {"type": "Feature", "geometry": {"type": "Point", "coordinates": [123.9181416, 10.3116298]}, "properties": {"category": "Grocery"}}, {"type": "Feature", "geometry": {"type": "Point", "coordinates": [123.9051572, 10.3180958]}, "properties": {"category": "Grocery"}}, {"type": "Feature", "geometry": {"type": "Point", "coordinates": [123.9702288, 10.2864546]}, "properties": {"category": "Grocery"}}, {"type": "Feature", "geometry": {"type": "Point", "coordinates": [123.9483273, 10.3404955]}, "properties": {"category": "Grocery"}}, {"type": "Feature", "geometry": {"type": "Point", "coordinates": [123.9171549, 10.3136321]}, "properties": {"category": "Grocery"}}, {"type": "Feature", "geometry": {"type": "Point", "coordinates": [123.9105445, 10.3396423]}, "properties": {"category": "Grocery"}}, {"type": "Feature", "geometry": {"type": "Point", "coordinates": [123.9339112, 10.3248873]}, "properties": {"category": "Grocery"}}, {"type": "Feature", "geometry": {"type": "Point", "coordinates": [123.8940659, 10.3093144]}, "properties": {"category": "Grocery"}}, {"type": "Feature", "geometry": {"type": "Point", "coordinates": [123.8919399, 10.3104349]}, "properties": {"category": "Grocery"}}, {"type": "Feature", "geometry": {"type": "Point", "coordinates": [123.8423289, 10.2654121]}, "properties": {"category": "Grocery"}}, {"type": "Feature", "geometry": {"type": "Point", "coordinates": [123.9125801, 10.3409129]}, "properties": {"category": "Grocery"}}, {"type": "Feature", "geometry": {"type": "Point", "coordinates": [123.9549543, 10.3729385]}, "properties": {"category": "Grocery"}}, {"type": "Feature", "geometry": {"type": "Point", "coordinates": [123.8959591, 10.3100682]}, "properties": {"category": "Grocery"}}, {"type": "Feature", "geometry": {"type": "Point", "coordinates": [123.8964482, 10.3102012]}, "properties": {"category": "Grocery"}}, {"type": "Feature", "geometry": {"type": "Point", "coordinates": [123.9058194, 10.3284146]}, "properties": {"category": "Grocery"}}, {"type": "Feature", "geometry": {"type": "Point", "coordinates": [123.8693354, 10.2995971]}, "properties": {"category": "Grocery"}}, {"type": "Feature", "geometry": {"type": "Point", "coordinates": [123.9074101, 10.3307099]}, "properties": {"category": "Grocery"}}, {"type": "Feature", "geometry": {"type": "Point", "coordinates": [123.9343911, 10.3357854]}, "properties": {"category": "Grocery"}}, {"type": "Feature", "geometry": {"type": "Point", "coordinates": [123.9488529, 10.3625507]}, "properties": {"category": "Grocery"}}, {"type": "Feature", "geometry": {"type": "Point", "coordinates": [123.8953402, 10.3095603]}, "properties": {"category": "Grocery"}}, {"type": "Feature", "geometry": {"type": "Point", "coordinates": [123.8845037, 10.3150859]}, "properties": {"category": "Grocery"}}, {"type": "Feature", "geometry": {"type": "Point", "coordinates": [123.9135162, 10.3663253]}, "properties": {"category": "Grocery"}}, {"type": "Feature", "geometry": {"type": "Point", "coordinates": [123.9135276, 10.3091986]}, "properties": {"category": "Grocery"}}, {"type": "Feature", "geometry": {"type": "Point", "coordinates": [123.9179295, 10.3141755]}, "properties": {"category": "Grocery"}}, {"type": "Feature", "geometry": {"type": "Point", "coordinates": [123.8898399, 10.3086987]}, "properties": {"category": "Grocery"}}, {"type": "Feature", "geometry": {"type": "Point", "coordinates": [123.9096052, 10.3281592]}, "properties": {"category": "Grocery"}}, {"type": "Feature", "geometry": {"type": "Point", "coordinates": [123.933013, 10.3265595]}, "properties": {"category": "Grocery"}}, {"type": "Feature", "geometry": {"type": "Point", "coordinates": [123.9359192, 10.3320173]}, "properties": {"category": "Grocery"}}, {"type": "Feature", "geometry": {"type": "Point", "coordinates": [123.963137, 10.3168003]}, "properties": {"category": "Grocery"}}, {"type": "Feature", "geometry": {"type": "Point", "coordinates": [123.9594912, 10.3745417]}, "properties": {"category": "Grocery"}}, {"type": "Feature", "geometry": {"type": "Point", "coordinates": [123.7958333, 10.2446479]}, "properties": {"category": "Grocery"}}, {"type": "Feature", "geometry": {"type": "Point", "coordinates": [123.792917, 10.244078]}, "properties": {"category": "Grocery"}}, {"type": "Feature", "geometry": {"type": "Point", "coordinates": [123.9109927, 10.304175]}, "properties": {"category": "Grocery"}}, {"type": "Feature", "geometry": {"type": "Point", "coordinates": [123.8177, 10.258532]}, "properties": {"category": "Grocery"}}, {"type": "Feature", "geometry": {"type": "Point", "coordinates": [123.8234163, 10.2591033]}, "properties": {"category": "Grocery"}}, {"type": "Feature", "geometry": {"type": "Point", "coordinates": [123.8924749, 10.3128627]}, "properties": {"category": "Grocery"}}, {"type": "Feature", "geometry": {"type": "Point", "coordinates": [123.9483964, 10.3501896]}, "properties": {"category": "Grocery"}}, {"type": "Feature", "geometry": {"type": "Point", "coordinates": [123.9423885, 10.3286798]}, "properties": {"category": "Grocery"}}, {"type": "Feature", "geometry": {"type": "Point", "coordinates": [123.9185159, 10.3117408]}, "properties": {"category": "Grocery"}}, {"type": "Feature", "geometry": {"type": "Point", "coordinates": [123.879912, 10.2918952]}, "properties": {"category": "Grocery"}}, {"type": "Feature", "geometry": {"type": "Point", "coordinates": [123.918471, 10.3693689]}, "properties": {"category": "Grocery"}}, {"type": "Feature", "geometry": {"type": "Point", "coordinates": [123.993275, 10.2831742]}, "properties": {"category": "Grocery"}}, {"type": "Feature", "geometry": {"type": "Point", "coordinates": [123.9343975, 10.3357267]}, "properties": {"category": "Grocery"}}, {"type": "Feature", "geometry": {"type": "Point", "coordinates": [123.8593671, 10.2573991]}, "properties": {"category": "Grocery"}}, {"type": "Feature", "geometry": {"type": "Point", "coordinates": [123.9643282, 10.3806352]}, "properties": {"category": "Grocery"}}, {"type": "Feature", "geometry": {"type": "Point", "coordinates": [123.8777819, 10.2663944]}, "properties": {"category": "Grocery"}}, {"type": "Feature", "geometry": {"type": "Point", "coordinates": [123.9838864, 10.2962248]}, "properties": {"category": "Grocery"}}, {"type": "Feature", "geometry": {"type": "Point", "coordinates": [124.0094712, 10.3072984]}, "properties": {"category": "Grocery"}}, {"type": "Feature", "geometry": {"type": "Point", "coordinates": [123.97855, 10.299745]}, "properties": {"category": "Grocery"}}, {"type": "Feature", "geometry": {"type": "Point", "coordinates": [123.9620542, 10.2996898]}, "properties": {"category": "Grocery"}}, {"type": "Feature", "geometry": {"type": "Point", "coordinates": [123.9759124, 10.3264529]}, "properties": {"category": "Grocery"}}, {"type": "Feature", "geometry": {"type": "Point", "coordinates": [123.964073, 10.2986326]}, "properties": {"category": "Grocery"}}, {"type": "Feature", "geometry": {"type": "Point", "coordinates": [123.9337478, 10.321973]}, "properties": {"category": "Grocery"}}, {"type": "Feature", "geometry": {"type": "Point", "coordinates": [123.8945906, 10.3114524]}, "properties": {"category": "Grocery"}}, {"type": "Feature", "geometry": {"type": "Point", "coordinates": [123.9057061, 10.3188185]}, "properties": {"category": "Grocery"}}, {"type": "Feature", "geometry": {"type": "Point", "coordinates": [123.9068208, 10.3305718]}, "properties": {"category": "Grocery"}}, {"type": "Feature", "geometry": {"type": "Point", "coordinates": [123.8995604, 10.2966397]}, "properties": {"category": "Grocery"}}, {"type": "Feature", "geometry": {"type": "Point", "coordinates": [123.899783, 10.2968511]}, "properties": {"category": "Grocery"}}, {"type": "Feature", "geometry": {"type": "Point", "coordinates": [123.8999598, 10.2965626]}, "properties": {"category": "Grocery"}}, {"type": "Feature", "geometry": {"type": "Point", "coordinates": [123.8994385, 10.2972725]}, "properties": {"category": "Grocery"}}, {"type": "Feature", "geometry": {"type": "Point", "coordinates": [123.8780719, 10.2661377]}, "properties": {"category": "Grocery"}}, {"type": "Feature", "geometry": {"type": "Point", "coordinates": [123.9521157, 10.3117516]}, "properties": {"category": "Grocery"}}, {"type": "Feature", "geometry": {"type": "Point", "coordinates": [123.8812404, 10.2818369]}, "properties": {"category": "Grocery"}}, {"type": "Feature", "geometry": {"type": "Point", "coordinates": [123.8956171, 10.2974495]}, "properties": {"category": "Grocery"}}, {"type": "Feature", "geometry": {"type": "Point", "coordinates": [123.7955612, 10.2446491]}, "properties": {"category": "Grocery"}}, {"type": "Feature", "geometry": {"type": "Point", "coordinates": [123.9187176, 10.3121016]}, "properties": {"category": "Grocery"}}, {"type": "Feature", "geometry": {"type": "Point", "coordinates": [123.9110704, 10.3209183]}, "properties": {"category": "Grocery"}}, {"type": "Feature", "geometry": {"type": "Point", "coordinates": [123.810343, 10.263616]}, "properties": {"category": "Grocery"}}, {"type": "Feature", "geometry": {"type": "Point", "coordinates": [123.8936809, 10.2988852]}, "properties": {"category": "Grocery"}}, {"type": "Feature", "geometry": {"type": "Point", "coordinates": [123.9076817, 10.3253426]}, "properties": {"category": "Grocery"}}, {"type": "Feature", "geometry": {"type": "Point", "coordinates": [123.9517968, 10.370845]}, "properties": {"category": "Grocery"}}, {"type": "Feature", "geometry": {"type": "Point", "coordinates": [123.9521205, 10.3707418]}, "properties": {"category": "Grocery"}}, {"type": "Feature", "geometry": {"type": "Point", "coordinates": [123.9024954, 10.3178224]}, "properties": {"category": "Grocery"}}, {"type": "Feature", "geometry": {"type": "Point", "coordinates": [123.9020035, 10.3290791]}, "properties": {"category": "Grocery"}}, {"type": "Feature", "geometry": {"type": "Point", "coordinates": [123.8985515, 10.3300607]}, "properties": {"category": "Grocery"}}, {"type": "Feature", "geometry": {"type": "Point", "coordinates": [123.9072781, 10.3287306]}, "properties": {"category": "Grocery"}}, {"type": "Feature", "geometry": {"type": "Point", "coordinates": [123.9124067, 10.3430731]}, "properties": {"category": "Grocery"}}, {"type": "Feature", "geometry": {"type": "Point", "coordinates": [123.9341869, 10.3352145]}, "properties": {"category": "Grocery"}}, {"type": "Feature", "geometry": {"type": "Point", "coordinates": [123.9337631, 10.3209599]}, "properties": {"category": "Grocery"}}, {"type": "Feature", "geometry": {"type": "Point", "coordinates": [123.8998476, 10.3186737]}, "properties": {"category": "Grocery"}}, {"type": "Feature", "geometry": {"type": "Point", "coordinates": [123.8189665, 10.3178214]}, "properties": {"category": "Grocery"}}, {"type": "Feature", "geometry": {"type": "Point", "coordinates": [123.916686, 10.3486117]}, "properties": {"category": "Grocery"}}, {"type": "Feature", "geometry": {"type": "Point", "coordinates": [123.9121725, 10.3438003]}, "properties": {"category": "Grocery"}}, {"type": "Feature", "geometry": {"type": "Point", "coordinates": [123.8939283, 10.3174677]}, "properties": {"category": "Grocery"}}, {"type": "Feature", "geometry": {"type": "Point", "coordinates": [123.8989265, 10.2967952]}, "properties": {"category": "Grocery"}}, {"type": "Feature", "geometry": {"type": "Point", "coordinates": [123.8957255, 10.317547]}, "properties": {"category": "Grocery"}}, {"type": "Feature", "geometry": {"type": "Point", "coordinates": [123.8951388, 10.3104871]}, "properties": {"category": "Grocery"}}, {"type": "Feature", "geometry": {"type": "Point", "coordinates": [123.9026526, 10.3135348]}, "properties": {"category": "Grocery"}}, {"type": "Feature", "geometry": {"type": "Point", "coordinates": [123.9009377, 10.3113504]}, "properties": {"category": "Grocery"}}, {"type": "Feature", "geometry": {"type": "Point", "coordinates": [123.9021294, 10.3172685]}, "properties": {"category": "Grocery"}}, {"type": "Feature", "geometry": {"type": "Point", "coordinates": [123.9065009, 10.3323392]}, "properties": {"category": "Grocery"}}, {"type": "Feature", "geometry": {"type": "Point", "coordinates": [123.9672427, 10.2908454]}, "properties": {"category": "Grocery"}}, {"type": "Feature", "geometry": {"type": "Point", "coordinates": [123.8926422, 10.313528]}, "properties": {"category": "Grocery"}}, {"type": "Feature", "geometry": {"type": "Point", "coordinates": [123.8921001, 10.3151244]}, "properties": {"category": "Grocery"}}, {"type": "Feature", "geometry": {"type": "Point", "coordinates": [123.8748734, 10.3701414]}, "properties": {"category": "Grocery"}}, {"type": "Feature", "geometry": {"type": "Point", "coordinates": [123.8755278, 10.3710991]}, "properties": {"category": "Grocery"}}, {"type": "Feature", "geometry": {"type": "Point", "coordinates": [123.8750397, 10.3716664]}, "properties": {"category": "Grocery"}}, {"type": "Feature", "geometry": {"type": "Point", "coordinates": [123.9149609, 10.3141116]}, "properties": {"category": "Grocery"}}, {"type": "Feature", "geometry": {"type": "Point", "coordinates": [123.9055939, 10.328644]}, "properties": {"category": "Grocery"}}, {"type": "Feature", "geometry": {"type": "Point", "coordinates": [123.9069729, 10.3185102]}, "properties": {"category": "Grocery"}}, {"type": "Feature", "geometry": {"type": "Point", "coordinates": [123.885163, 10.31729]}, "properties": {"category": "Grocery"}}, {"type": "Feature", "geometry": {"type": "Point", "coordinates": [123.9033766, 10.3286937]}, "properties": {"category": "Grocery"}}, {"type": "Feature", "geometry": {"type": "Point", "coordinates": [123.8910497, 10.3089494]}, "properties": {"category": "Grocery"}}, {"type": "Feature", "geometry": {"type": "Point", "coordinates": [123.8809055, 10.3294795]}, "properties": {"category": "Grocery"}}, {"type": "Feature", "geometry": {"type": "Point", "coordinates": [123.8822897, 10.3263308]}, "properties": {"category": "Grocery"}}, {"type": "Feature", "geometry": {"type": "Point", "coordinates": [123.8901936, 10.3158039]}, "properties": {"category": "Grocery"}}, {"type": "Feature", "geometry": {"type": "Point", "coordinates": [123.8949769, 10.3052017]}, "properties": {"category": "Grocery"}}, {"type": "Feature", "geometry": {"type": "Point", "coordinates": [123.8969752, 10.3067262]}, "properties": {"category": "Grocery"}}, {"type": "Feature", "geometry": {"type": "Point", "coordinates": [123.8956326, 10.3076609]}, "properties": {"category": "Grocery"}}, {"type": "Feature", "geometry": {"type": "Point", "coordinates": [123.9325352, 10.3298096]}, "properties": {"category": "Grocery"}}, {"type": "Feature", "geometry": {"type": "Point", "coordinates": [123.9155791, 10.3603602]}, "properties": {"category": "Grocery"}}, {"type": "Feature", "geometry": {"type": "Point", "coordinates": [123.9132404, 10.3495203]}, "properties": {"category": "Grocery"}}, {"type": "Feature", "geometry": {"type": "Point", "coordinates": [123.9406132, 10.334557]}, "properties": {"category": "Grocery"}}, {"type": "Feature", "geometry": {"type": "Point", "coordinates": [123.9267632, 10.325329]}, "properties": {"category": "Grocery"}}, {"type": "Feature", "geometry": {"type": "Point", "coordinates": [123.9670625, 10.3203644]}, "properties": {"category": "Grocery"}}, {"type": "Feature", "geometry": {"type": "Point", "coordinates": [123.9054698, 10.31428]}, "properties": {"category": "Grocery"}}, {"type": "Feature", "geometry": {"type": "Point", "coordinates": [123.8939769, 10.3082975]}, "properties": {"category": "Grocery"}}, {"type": "Feature", "geometry": {"type": "Point", "coordinates": [123.897828, 10.2945896]}, "properties": {"category": "Grocery"}}, {"type": "Feature", "geometry": {"type": "Point", "coordinates": [123.9112111, 10.3122955]}, "properties": {"category": "Grocery"}}, {"type": "Feature", "geometry": {"type": "Point", "coordinates": [123.913563, 10.3254724]}, "properties": {"category": "Grocery"}}, {"type": "Feature", "geometry": {"type": "Point", "coordinates": [123.9197692, 10.3253147]}, "properties": {"category": "Grocery"}}, {"type": "Feature", "geometry": {"type": "Point", "coordinates": [123.8925735, 10.3109462]}, "properties": {"category": "Grocery"}}, {"type": "Feature", "geometry": {"type": "Point", "coordinates": [123.9070946, 10.333326]}, "properties": {"category": "Grocery"}}, {"type": "Feature", "geometry": {"type": "Point", "coordinates": [123.9037275, 10.3197351]}, "properties": {"category": "Grocery"}}, {"type": "Feature", "geometry": {"type": "Point", "coordinates": [123.907299, 10.3283256]}, "properties": {"category": "Grocery"}}, {"type": "Feature", "geometry": {"type": "Point", "coordinates": [123.9212327, 10.3117172]}, "properties": {"category": "Grocery"}}, {"type": "Feature", "geometry": {"type": "Point", "coordinates": [123.9587452, 10.3764165]}, "properties": {"category": "Grocery"}}, {"type": "Feature", "geometry": {"type": "Point", "coordinates": [123.9628987, 10.3013475]}, "properties": {"category": "Grocery"}}, {"type": "Feature", "geometry": {"type": "Point", "coordinates": [123.9038156, 10.3195438]}, "properties": {"category": "Grocery"}}, {"type": "Feature", "geometry": {"type": "Point", "coordinates": [123.8875192, 10.3166202]}, "properties": {"category": "Grocery"}}, {"type": "Feature", "geometry": {"type": "Point", "coordinates": [123.9495495, 10.3620447]}, "properties": {"category": "Grocery"}}, {"type": "Feature", "geometry": {"type": "Point", "coordinates": [123.9595557, 10.3765173]}, "properties": {"category": "Grocery"}}, {"type": "Feature", "geometry": {"type": "Point", "coordinates": [123.8390215, 10.2492045]}, "properties": {"category": "Grocery"}}, {"type": "Feature", "geometry": {"type": "Point", "coordinates": [123.8376964, 10.2565694]}, "properties": {"category": "Grocery"}}, {"type": "Feature", "geometry": {"type": "Point", "coordinates": [123.9011182, 10.3096202]}, "properties": {"category": "Grocery"}}, {"type": "Feature", "geometry": {"type": "Point", "coordinates": [123.9002542, 10.3304611]}, "properties": {"category": "Grocery"}}, {"type": "Feature", "geometry": {"type": "Point", "coordinates": [123.8933845, 10.3455992]}, "properties": {"category": "Grocery"}}, {"type": "Feature", "geometry": {"type": "Point", "coordinates": [123.8981702, 10.3021646]}, "properties": {"category": "Grocery"}}, {"type": "Feature", "geometry": {"type": "Point", "coordinates": [123.8383471, 10.2384836]}, "properties": {"category": "Grocery"}}, {"type": "Feature", "geometry": {"type": "Point", "coordinates": [123.9367932, 10.3310408]}, "properties": {"category": "Grocery"}}, {"type": "Feature", "geometry": {"type": "Point", "coordinates": [123.9428677, 10.3301187]}, "properties": {"category": "Grocery"}}, {"type": "Feature", "geometry": {"type": "Point", "coordinates": [123.890548, 10.2948096]}, "properties": {"category": "Grocery"}}, {"type": "Feature", "geometry": {"type": "Point", "coordinates": [123.8848224, 10.2980352]}, "properties": {"category": "Grocery"}}, {"type": "Feature", "geometry": {"type": "Point", "coordinates": [123.8942804, 10.2928359]}, "properties": {"category": "Grocery"}}, {"type": "Feature", "geometry": {"type": "Point", "coordinates": [123.9027903, 10.2936015]}, "properties": {"category": "Grocery"}}, {"type": "Feature", "geometry": {"type": "Point", "coordinates": [123.8972226, 10.2930202]}, "properties": {"category": "Grocery"}}, {"type": "Feature", "geometry": {"type": "Point", "coordinates": [123.9306744, 10.3138702]}, "properties": {"category": "Grocery"}}, {"type": "Feature", "geometry": {"type": "Point", "coordinates": [123.9010265, 10.2977621]}, "properties": {"category": "Grocery"}}, {"type": "Feature", "geometry": {"type": "Point", "coordinates": [123.8394603, 10.2434714]}, "properties": {"category": "Grocery"}}, {"type": "Feature", "geometry": {"type": "Point", "coordinates": [123.9490613, 10.3492513]}, "properties": {"category": "Grocery"}}, {"type": "Feature", "geometry": {"type": "Point", "coordinates": [123.9789813, 10.3162364]}, "properties": {"category": "Grocery"}}, {"type": "Feature", "geometry": {"type": "Point", "coordinates": [123.9043828, 10.2969874]}, "properties": {"category": "Grocery"}}, {"type": "Feature", "geometry": {"type": "Point", "coordinates": [123.9089207, 10.3049262]}, "properties": {"category": "Grocery"}}, {"type": "Feature", "geometry": {"type": "Point", "coordinates": [123.9385356, 10.3345893]}, "properties": {"category": "Grocery"}}, {"type": "Feature", "geometry": {"type": "Point", "coordinates": [123.8797864, 10.29145]}, "properties": {"category": "Grocery"}}, {"type": "Feature", "geometry": {"type": "Point", "coordinates": [123.8797754, 10.2914174]}, "properties": {"category": "Grocery"}}, {"type": "Feature", "geometry": {"type": "Point", "coordinates": [123.8697554, 10.2958846]}, "properties": {"category": "Grocery"}}, {"type": "Feature", "geometry": {"type": "Point", "coordinates": [123.881512, 10.2939655]}, "properties": {"category": "Grocery"}}, {"type": "Feature", "geometry": {"type": "Point", "coordinates": [123.8707601, 10.3015164]}, "properties": {"category": "Grocery"}}, {"type": "Feature", "geometry": {"type": "Point", "coordinates": [123.8204568, 10.2463183]}, "properties": {"category": "Grocery"}}, {"type": "Feature", "geometry": {"type": "Point", "coordinates": [123.824558, 10.245902]}, "properties": {"category": "Grocery"}}, {"type": "Feature", "geometry": {"type": "Point", "coordinates": [123.8243573, 10.2453107]}, "properties": {"category": "Grocery"}}, {"type": "Feature", "geometry": {"type": "Point", "coordinates": [123.8240403, 10.2384461]}, "properties": {"category": "Grocery"}}, {"type": "Feature", "geometry": {"type": "Point", "coordinates": [123.8240398, 10.2424685]}, "properties": {"category": "Grocery"}}, {"type": "Feature", "geometry": {"type": "Point", "coordinates": [123.8343265, 10.2506139]}, "properties": {"category": "Grocery"}}, {"type": "Feature", "geometry": {"type": "Point", "coordinates": [123.8303863, 10.2520546]}, "properties": {"category": "Grocery"}}, {"type": "Feature", "geometry": {"type": "Point", "coordinates": [123.9752842, 10.2746383]}, "properties": {"category": "Grocery"}}, {"type": "Feature", "geometry": {"type": "Point", "coordinates": [123.9745182, 10.2766662]}, "properties": {"category": "Grocery"}}, {"type": "Feature", "geometry": {"type": "Point", "coordinates": [123.9219524, 10.3114744]}, "properties": {"category": "Grocery"}}, {"type": "Feature", "geometry": {"type": "Point", "coordinates": [123.9432528, 10.3268994]}, "properties": {"category": "Grocery"}}, {"type": "Feature", "geometry": {"type": "Point", "coordinates": [123.838365, 10.256772]}, "properties": {"category": "Grocery"}}, {"type": "Feature", "geometry": {"type": "Point", "coordinates": [123.8336739, 10.2369255]}, "properties": {"category": "Grocery"}}, {"type": "Feature", "geometry": {"type": "Point", "coordinates": [123.9600012, 10.3749606]}, "properties": {"category": "Grocery"}}, {"type": "Feature", "geometry": {"type": "Point", "coordinates": [123.8430764, 10.2647099]}, "properties": {"category": "Grocery"}}, {"type": "Feature", "geometry": {"type": "Point", "coordinates": [123.9661871, 10.3800277]}, "properties": {"category": "Grocery"}}, {"type": "Feature", "geometry": {"type": "Point", "coordinates": [123.9560022, 10.3499543]}, "properties": {"category": "Grocery"}}, {"type": "Feature", "geometry": {"type": "Point", "coordinates": [123.9330969, 10.326361]}, "properties": {"category": "Grocery"}}, {"type": "Feature", "geometry": {"type": "Point", "coordinates": [123.9065186, 10.3249004]}, "properties": {"category": "Grocery"}}, {"type": "Feature", "geometry": {"type": "Point", "coordinates": [123.9784526, 10.3161234]}, "properties": {"category": "Grocery"}}, {"type": "Feature", "geometry": {"type": "Point", "coordinates": [123.9321059, 10.3236009]}, "properties": {"category": "Grocery"}}, {"type": "Feature", "geometry": {"type": "Point", "coordinates": [123.8947918, 10.3155768]}, "properties": {"category": "Grocery"}}, {"type": "Feature", "geometry": {"type": "Point", "coordinates": [123.9943763, 10.2838759]}, "properties": {"category": "Grocery"}}, {"type": "Feature", "geometry": {"type": "Point", "coordinates": [123.9946452, 10.2841427]}, "properties": {"category": "Grocery"}}, {"type": "Feature", "geometry": {"type": "Point", "coordinates": [123.9121846, 10.3046525]}, "properties": {"category": "Grocery"}}, {"type": "Feature", "geometry": {"type": "Point", "coordinates": [123.8922775, 10.3150665]}, "properties": {"category": "Grocery"}}, {"type": "Feature", "geometry": {"type": "Point", "coordinates": [123.914118, 10.352146]}, "properties": {"category": "Grocery"}}, {"type": "Feature", "geometry": {"type": "Point", "coordinates": [123.9132795, 10.3508249]}, "properties": {"category": "Grocery"}}, {"type": "Feature", "geometry": {"type": "Point", "coordinates": [123.9203261, 10.3418014]}, "properties": {"category": "Grocery"}}, {"type": "Feature", "geometry": {"type": "Point", "coordinates": [123.9146367, 10.3473446]}, "properties": {"category": "Grocery"}}, {"type": "Feature", "geometry": {"type": "Point", "coordinates": [123.8547369, 10.2787888]}, "properties": {"category": "Grocery"}}, {"type": "Feature", "geometry": {"type": "Point", "coordinates": [123.8992008, 10.3210737]}, "properties": {"category": "Grocery"}}, {"type": "Feature", "geometry": {"type": "Point", "coordinates": [123.9522086, 10.3257814]}, "properties": {"category": "Grocery"}}, {"type": "Feature", "geometry": {"type": "Point", "coordinates": [123.9054131, 10.3128452]}, "properties": {"category": "Grocery"}}, {"type": "Feature", "geometry": {"type": "Point", "coordinates": [124.0015615, 10.314622]}, "properties": {"category": "Grocery"}}, {"type": "Feature", "geometry": {"type": "Point", "coordinates": [123.897921, 10.3296691]}, "properties": {"category": "Grocery"}}, {"type": "Feature", "geometry": {"type": "Point", "coordinates": [123.8283309, 10.3656194]}, "properties": {"category": "Grocery"}}, {"type": "Feature", "geometry": {"type": "Point", "coordinates": [123.9760006, 10.3257773]}, "properties": {"category": "Grocery"}}, {"type": "Feature", "geometry": {"type": "Point", "coordinates": [124.0137627, 10.3106618]}, "properties": {"category": "Grocery"}}, {"type": "Feature", "geometry": {"type": "Point", "coordinates": [123.889159, 10.2994605]}, "properties": {"category": "Grocery"}}, {"type": "Feature", "geometry": {"type": "Point", "coordinates": [123.9919347, 10.3098801]}, "properties": {"category": "Grocery"}}, {"type": "Feature", "geometry": {"type": "Point", "coordinates": [123.9094944, 10.3071935]}, "properties": {"category": "Grocery"}}, {"type": "Feature", "geometry": {"type": "Point", "coordinates": [123.9093898, 10.30727]}, "properties": {"category": "Grocery"}}, {"type": "Feature", "geometry": {"type": "Point", "coordinates": [123.8480949, 10.2512459]}, "properties": {"category": "Grocery"}}, {"type": "Feature", "geometry": {"type": "Point", "coordinates": [123.8474798, 10.2518095]}, "properties": {"category": "Grocery"}}, {"type": "Feature", "geometry": {"type": "Point", "coordinates": [123.860298, 10.2518835]}, "properties": {"category": "Grocery"}}, {"type": "Feature", "geometry": {"type": "Point", "coordinates": [123.8602403, 10.2521963]}, "properties": {"category": "Grocery"}}, {"type": "Feature", "geometry": {"type": "Point", "coordinates": [123.8269956, 10.259082]}, "properties": {"category": "Grocery"}}, {"type": "Feature", "geometry": {"type": "Point", "coordinates": [123.8993383, 10.3000902]}, "properties": {"category": "Grocery"}}, {"type": "Feature", "geometry": {"type": "Point", "coordinates": [123.9301654, 10.3374336]}, "properties": {"category": "Grocery"}}, {"type": "Feature", "geometry": {"type": "Point", "coordinates": [123.9040698, 10.3283052]}, "properties": {"category": "Grocery"}}, {"type": "Feature", "geometry": {"type": "Point", "coordinates": [123.907163, 10.2986576]}, "properties": {"category": "Grocery"}}, {"type": "Feature", "geometry": {"type": "Point", "coordinates": [123.9063356, 10.3022265]}, "properties": {"category": "Grocery"}}, {"type": "Feature", "geometry": {"type": "Point", "coordinates": [124.0351114, 10.3233744]}, "properties": {"category": "Grocery"}}, {"type": "Feature", "geometry": {"type": "Point", "coordinates": [123.8610943, 10.253497]}, "properties": {"category": "Grocery"}}, {"type": "Feature", "geometry": {"type": "Point", "coordinates": [123.9121008, 10.3432953]}, "properties": {"category": "Grocery"}}, {"type": "Feature", "geometry": {"type": "Point", "coordinates": [123.8950221, 10.3125663]}, "properties": {"category": "Grocery"}}, {"type": "Feature", "geometry": {"type": "Point", "coordinates": [123.8883372, 10.2969941]}, "properties": {"category": "Grocery"}}, {"type": "Feature", "geometry": {"type": "Point", "coordinates": [123.8582098, 10.2545331]}, "properties": {"category": "Grocery"}}, {"type": "Feature", "geometry": {"type": "Point", "coordinates": [123.849581, 10.2511796]}, "properties": {"category": "Grocery"}}, {"type": "Feature", "geometry": {"type": "Point", "coordinates": [123.9763155, 10.3127888]}, "properties": {"category": "Grocery"}}, {"type": "Feature", "geometry": {"type": "Point", "coordinates": [123.9759713, 10.3261325]}, "properties": {"category": "Grocery"}}, {"type": "Feature", "geometry": {"type": "Point", "coordinates": [123.8706487, 10.2863593]}, "properties": {"category": "Grocery"}}, {"type": "Feature", "geometry": {"type": "Point", "coordinates": [123.8803755, 10.3135801]}, "properties": {"category": "Grocery"}}, {"type": "Feature", "geometry": {"type": "Point", "coordinates": [123.9784075, 10.2996355]}, "properties": {"category": "Grocery"}}, {"type": "Feature", "geometry": {"type": "Point", "coordinates": [123.8693958, 10.2906155]}, "properties": {"category": "Grocery"}}, {"type": "Feature", "geometry": {"type": "Point", "coordinates": [124.0148405, 10.3079085]}, "properties": {"category": "Grocery"}}, {"type": "Feature", "geometry": {"type": "Point", "coordinates": [124.0118067, 10.3078551]}, "properties": {"category": "Grocery"}}, {"type": "Feature", "geometry": {"type": "Point", "coordinates": [123.8775945, 10.3122659]}, "properties": {"category": "Grocery"}}, {"type": "Feature", "geometry": {"type": "Point", "coordinates": [123.8779407, 10.3122631]}, "properties": {"category": "Grocery"}}, {"type": "Feature", "geometry": {"type": "Point", "coordinates": [123.8425994, 10.3366523]}, "properties": {"category": "Grocery"}}, {"type": "Feature", "geometry": {"type": "Point", "coordinates": [123.8736084, 10.3728341]}, "properties": {"category": "Grocery"}}, {"type": "Feature", "geometry": {"type": "Point", "coordinates": [123.905845, 10.3296966]}, "properties": {"category": "Grocery"}}, {"type": "Feature", "geometry": {"type": "Point", "coordinates": [123.9029584, 10.3135494]}, "properties": {"category": "Grocery"}}, {"type": "Feature", "geometry": {"type": "Point", "coordinates": [123.8392878, 10.2447944]}, "properties": {"category": "Grocery"}}, {"type": "Feature", "geometry": {"type": "Point", "coordinates": [123.9333645, 10.3261932]}, "properties": {"category": "Grocery"}}, {"type": "Feature", "geometry": {"type": "Point", "coordinates": [123.8375362, 10.3093225]}, "properties": {"category": "Grocery"}}, {"type": "Feature", "geometry": {"type": "Point", "coordinates": [123.9217308, 10.3208876]}, "properties": {"category": "Grocery"}}, {"type": "Feature", "geometry": {"type": "Point", "coordinates": [123.9048858, 10.3382549]}, "properties": {"category": "Grocery"}}, {"type": "Feature", "geometry": {"type": "Point", "coordinates": [123.8953292, 10.3336939]}, "properties": {"category": "Grocery"}}, {"type": "Feature", "geometry": {"type": "Point", "coordinates": [123.9037569, 10.2928039]}, "properties": {"category": "Grocery"}}, {"type": "Feature", "geometry": {"type": "Point", "coordinates": [123.9689763, 10.316844]}, "properties": {"category": "Grocery"}}, {"type": "Feature", "geometry": {"type": "Point", "coordinates": [123.9014688, 10.2957812]}, "properties": {"category": "Grocery"}}, {"type": "Feature", "geometry": {"type": "Point", "coordinates": [123.9039834, 10.2960777]}, "properties": {"category": "Grocery"}}, {"type": "Feature", "geometry": {"type": "Point", "coordinates": [123.907, 10.293649]}, "properties": {"category": "Grocery"}}, {"type": "Feature", "geometry": {"type": "Point", "coordinates": [123.8561356, 10.2676895]}, "properties": {"category": "Grocery"}}, {"type": "Feature", "geometry": {"type": "Point", "coordinates": [123.995122, 10.3188079]}, "properties": {"category": "Grocery"}}, {"type": "Feature", "geometry": {"type": "Point", "coordinates": [123.8974361, 10.3107143]}, "properties": {"category": "Grocery"}}, {"type": "Feature", "geometry": {"type": "Point", "coordinates": [123.8833452, 10.3150955]}, "properties": {"category": "Grocery"}}, {"type": "Feature", "geometry": {"type": "Point", "coordinates": [123.9179683, 10.3729252]}, "properties": {"category": "Grocery"}}, {"type": "Feature", "geometry": {"type": "Point", "coordinates": [124.008, 10.3104175]}, "properties": {"category": "Grocery"}}, {"type": "Feature", "geometry": {"type": "Point", "coordinates": [123.9282116, 10.3689335]}, "properties": {"category": "Grocery"}}, {"type": "Feature", "geometry": {"type": "Point", "coordinates": [123.9237779, 10.3241881]}, "properties": {"category": "Grocery"}}, {"type": "Feature", "geometry": {"type": "Point", "coordinates": [123.8550704, 10.2805105]}, "properties": {"category": "Grocery"}}, {"type": "Feature", "geometry": {"type": "Point", "coordinates": [123.9173877, 10.3715661]}, "properties": {"category": "Grocery"}}, {"type": "Feature", "geometry": {"type": "Point", "coordinates": [123.9136357, 10.3225284]}, "properties": {"category": "Grocery"}}, {"type": "Feature", "geometry": {"type": "Point", "coordinates": [123.963926, 10.2981734]}, "properties": {"category": "Grocery"}}, {"type": "Feature", "geometry": {"type": "Point", "coordinates": [123.9249231, 10.3398405]}, "properties": {"category": "Grocery"}}, {"type": "Feature", "geometry": {"type": "Point", "coordinates": [123.9096246, 10.3330383]}, "properties": {"category": "Grocery"}}, {"type": "Feature", "geometry": {"type": "Point", "coordinates": [123.9279492, 10.3471889]}, "properties": {"category": "Grocery"}}, {"type": "Feature", "geometry": {"type": "Point", "coordinates": [123.8781076, 10.3013038]}, "properties": {"category": "Grocery"}}, {"type": "Feature", "geometry": {"type": "Point", "coordinates": [123.8760424, 10.3101838]}, "properties": {"category": "Grocery"}}, {"type": "Feature", "geometry": {"type": "Point", "coordinates": [123.9213948, 10.3858755]}, "properties": {"category": "Grocery"}}, {"type": "Feature", "geometry": {"type": "Point", "coordinates": [123.790381, 10.3032044]}, "properties": {"category": "Grocery"}}, {"type": "Feature", "geometry": {"type": "Point", "coordinates": [123.7927852, 10.3142752]}, "properties": {"category": "Grocery"}}, {"type": "Feature", "geometry": {"type": "Point", "coordinates": [123.909686, 10.3048351]}, "properties": {"category": "Grocery"}}, {"type": "Feature", "geometry": {"type": "Point", "coordinates": [123.8085489, 10.25362]}, "properties": {"category": "Grocery"}}, {"type": "Feature", "geometry": {"type": "Point", "coordinates": [123.8738252, 10.300595]}, "properties": {"category": "Grocery"}}, {"type": "Feature", "geometry": {"type": "Point", "coordinates": [123.9448102, 10.333776]}, "properties": {"category": "Grocery"}}, {"type": "Feature", "geometry": {"type": "Point", "coordinates": [123.9390784, 10.325144]}, "properties": {"category": "Grocery"}}, {"type": "Feature", "geometry": {"type": "Point", "coordinates": [123.8375215, 10.3091171]}, "properties": {"category": "Grocery"}}, {"type": "Feature", "geometry": {"type": "Point", "coordinates": [123.9509367, 10.3278154]}, "properties": {"category": "Grocery"}}, {"type": "Feature", "geometry": {"type": "Point", "coordinates": [123.8696334, 10.2602742]}, "properties": {"category": "Grocery"}}, {"type": "Feature", "geometry": {"type": "Point", "coordinates": [123.9240593, 10.3375289]}, "properties": {"category": "Grocery"}}, {"type": "Feature", "geometry": {"type": "Point", "coordinates": [123.8997496, 10.3055088]}, "properties": {"category": "Grocery"}}, {"type": "Feature", "geometry": {"type": "Point", "coordinates": [123.8981438, 10.2986952]}, "properties": {"category": "Grocery"}}, {"type": "Feature", "geometry": {"type": "Point", "coordinates": [123.8991818, 10.3002489]}, "properties": {"category": "Grocery"}}, {"type": "Feature", "geometry": {"type": "Point", "coordinates": [123.906476, 10.3071187]}, "properties": {"category": "Grocery"}}, {"type": "Feature", "geometry": {"type": "Point", "coordinates": [123.8980663, 10.297981]}, "properties": {"category": "Grocery"}}, {"type": "Feature", "geometry": {"type": "Point", "coordinates": [123.9154651, 10.4179879]}, "properties": {"category": "Grocery"}}, {"type": "Feature", "geometry": {"type": "Point", "coordinates": [123.8717812, 10.4000184]}, "properties": {"category": "Grocery"}}, {"type": "Feature", "geometry": {"type": "Point", "coordinates": [123.9558768, 10.30332]}, "properties": {"category": "Grocery"}}, {"type": "Feature", "geometry": {"type": "Point", "coordinates": [123.8967944, 10.2939112]}, "properties": {"category": "Grocery"}}, {"type": "Feature", "geometry": {"type": "Point", "coordinates": [123.9026431, 10.3174405]}, "properties": {"category": "Grocery"}}, {"type": "Feature", "geometry": {"type": "Point", "coordinates": [123.8979257, 10.3164249]}, "properties": {"category": "Grocery"}}, {"type": "Feature", "geometry": {"type": "Point", "coordinates": [123.8961779, 10.3106586]}, "properties": {"category": "Grocery"}}, {"type": "Feature", "geometry": {"type": "Point", "coordinates": [123.8945336, 10.3139535]}, "properties": {"category": "Grocery"}}, {"type": "Feature", "geometry": {"type": "Point", "coordinates": [123.8955468, 10.3081574]}, "properties": {"category": "Grocery"}}, {"type": "Feature", "geometry": {"type": "Point", "coordinates": [123.9134065, 10.3139102]}, "properties": {"category": "Grocery"}}, {"type": "Feature", "geometry": {"type": "Point", "coordinates": [123.9102972, 10.312425]}, "properties": {"category": "Grocery"}}, {"type": "Feature", "geometry": {"type": "Point", "coordinates": [123.8491831, 10.2732771]}, "properties": {"category": "Grocery"}}, {"type": "Feature", "geometry": {"type": "Point", "coordinates": [123.8549544, 10.2541023]}, "properties": {"category": "Grocery"}}, {"type": "Feature", "geometry": {"type": "Point", "coordinates": [123.9824171, 10.2604841]}, "properties": {"category": "Grocery"}}, {"type": "Feature", "geometry": {"type": "Point", "coordinates": [123.8805207, 10.3140846]}, "properties": {"category": "Grocery"}}, {"type": "Feature", "geometry": {"type": "Point", "coordinates": [123.9069579, 10.3149341]}, "properties": {"category": "Grocery"}}, {"type": "Feature", "geometry": {"type": "Point", "coordinates": [123.8783486, 10.2974309]}, "properties": {"category": "Grocery"}}, {"type": "Feature", "geometry": {"type": "Point", "coordinates": [123.8563875, 10.2671909]}, "properties": {"category": "Grocery"}}, {"type": "Feature", "geometry": {"type": "Point", "coordinates": [123.9017381, 10.3199633]}, "properties": {"category": "Grocery"}}, {"type": "Feature", "geometry": {"type": "Point", "coordinates": [123.9899786, 10.2908688]}, "properties": {"category": "Grocery"}}, {"type": "Feature", "geometry": {"type": "Point", "coordinates": [123.8471818, 10.2703039]}, "properties": {"category": "Grocery"}}, {"type": "Feature", "geometry": {"type": "Point", "coordinates": [123.8945624, 10.3064553]}, "properties": {"category": "Grocery"}}, {"type": "Feature", "geometry": {"type": "Point", "coordinates": [123.8910389, 10.2922658]}, "properties": {"category": "Grocery"}}, {"type": "Feature", "geometry": {"type": "Point", "coordinates": [123.9092129, 10.316973]}, "properties": {"category": "Grocery"}}, {"type": "Feature", "geometry": {"type": "Point", "coordinates": [123.8280091, 10.2460062]}, "properties": {"category": "Grocery"}}, {"type": "Feature", "geometry": {"type": "Point", "coordinates": [123.8476602, 10.2423681]}, "properties": {"category": "Grocery"}}, {"type": "Feature", "geometry": {"type": "Point", "coordinates": [123.8240671, 10.2386469]}, "properties": {"category": "Grocery"}}, {"type": "Feature", "geometry": {"type": "Point", "coordinates": [124.0095403, 10.3069828]}, "properties": {"category": "Grocery"}}, {"type": "Feature", "geometry": {"type": "Point", "coordinates": [123.9695786, 10.2846442]}, "properties": {"category": "Grocery"}}, {"type": "Feature", "geometry": {"type": "Point", "coordinates": [123.7971691, 10.2415946]}, "properties": {"category": "Grocery"}}, {"type": "Feature", "geometry": {"type": "Point", "coordinates": [123.9502959, 10.2968309]}, "properties": {"category": "Grocery"}}, {"type": "Feature", "geometry": {"type": "Point", "coordinates": [123.9253722, 10.3394703]}, "properties": {"category": "Grocery"}}, {"type": "Feature", "geometry": {"type": "Point", "coordinates": [123.9331741, 10.3677396]}, "properties": {"category": "Grocery"}}, {"type": "Feature", "geometry": {"type": "Point", "coordinates": [123.9243778, 10.3713436]}, "properties": {"category": "Grocery"}}, {"type": "Feature", "geometry": {"type": "Point", "coordinates": [123.9804165, 10.3602526]}, "properties": {"category": "Grocery"}}, {"type": "Feature", "geometry": {"type": "Point", "coordinates": [123.949163, 10.3330069]}, "properties": {"category": "Grocery"}}, {"type": "Feature", "geometry": {"type": "Point", "coordinates": [123.7951659, 10.2453128]}, "properties": {"category": "Grocery"}}, {"type": "Feature", "geometry": {"type": "Point", "coordinates": [123.8009292, 10.2477474]}, "properties": {"category": "Grocery"}}, {"type": "Feature", "geometry": {"type": "Point", "coordinates": [123.8091922, 10.2540409]}, "properties": {"category": "Grocery"}}, {"type": "Feature", "geometry": {"type": "Point", "coordinates": [123.860558, 10.2572406]}, "properties": {"category": "Grocery"}}, {"type": "Feature", "geometry": {"type": "Point", "coordinates": [123.9460399, 10.2953204]}, "properties": {"category": "Grocery"}}, {"type": "Feature", "geometry": {"type": "Point", "coordinates": [123.9920109, 10.3026077]}, "properties": {"category": "Grocery"}}, {"type": "Feature", "geometry": {"type": "Point", "coordinates": [123.9812749, 10.3009949]}, "properties": {"category": "Grocery"}}, {"type": "Feature", "geometry": {"type": "Point", "coordinates": [123.9756304, 10.2961176]}, "properties": {"category": "Grocery"}}, {"type": "Feature", "geometry": {"type": "Point", "coordinates": [123.9334512, 10.3424201]}, "properties": {"category": "Grocery"}}, {"type": "Feature", "geometry": {"type": "Point", "coordinates": [123.9121935, 10.3444794]}, "properties": {"category": "Grocery"}}, {"type": "Feature", "geometry": {"type": "Point", "coordinates": [123.9461369, 10.2959873]}, "properties": {"category": "Grocery"}}, {"type": "Feature", "geometry": {"type": "Point", "coordinates": [123.8998421, 10.3184158]}, "properties": {"category": "Grocery"}}, {"type": "Feature", "geometry": {"type": "Point", "coordinates": [123.9058203, 10.3124676]}, "properties": {"category": "Grocery"}}, {"type": "Feature", "geometry": {"type": "Point", "coordinates": [123.9550475, 10.3740928]}, "properties": {"category": "Grocery"}}, {"type": "Feature", "geometry": {"type": "Point", "coordinates": [123.9146903, 10.3545947]}, "properties": {"category": "Grocery"}}, {"type": "Feature", "geometry": {"type": "Point", "coordinates": [123.9156573, 10.3583434]}, "properties": {"category": "Grocery"}}, {"type": "Feature", "geometry": {"type": "Point", "coordinates": [123.9158061, 10.3588466]}, "properties": {"category": "Grocery"}}, {"type": "Feature", "geometry": {"type": "Point", "coordinates": [123.9046843, 10.3215216]}, "properties": {"category": "Grocery"}}, {"type": "Feature", "geometry": {"type": "Point", "coordinates": [123.9055668, 10.3229097]}, "properties": {"category": "Grocery"}}, {"type": "Feature", "geometry": {"type": "Point", "coordinates": [123.9131768, 10.3491079]}, "properties": {"category": "Grocery"}}, {"type": "Feature", "geometry": {"type": "Point", "coordinates": [123.9132229, 10.3492528]}, "properties": {"category": "Grocery"}}, {"type": "Feature", "geometry": {"type": "Point", "coordinates": [123.9105262, 10.3338934]}, "properties": {"category": "Grocery"}}, {"type": "Feature", "geometry": {"type": "Point", "coordinates": [123.9105802, 10.3341227]}, "properties": {"category": "Grocery"}}, {"type": "Feature", "geometry": {"type": "Point", "coordinates": [123.9107388, 10.3350456]}, "properties": {"category": "Grocery"}}, {"type": "Feature", "geometry": {"type": "Point", "coordinates": [123.9107723, 10.3352392]}, "properties": {"category": "Grocery"}}, {"type": "Feature", "geometry": {"type": "Point", "coordinates": [123.9112759, 10.3380678]}, "properties": {"category": "Grocery"}}, {"type": "Feature", "geometry": {"type": "Point", "coordinates": [123.9150828, 10.3243313]}, "properties": {"category": "Grocery"}}, {"type": "Feature", "geometry": {"type": "Point", "coordinates": [123.9363551, 10.3390236]}, "properties": {"category": "Grocery"}}, {"type": "Feature", "geometry": {"type": "Point", "coordinates": [123.9154627, 10.359153]}, "properties": {"category": "Grocery"}}, {"type": "Feature", "geometry": {"type": "Point", "coordinates": [123.792289, 10.2394737]}, "properties": {"category": "Grocery"}}, {"type": "Feature", "geometry": {"type": "Point", "coordinates": [123.8742107, 10.300605]}, "properties": {"category": "Grocery"}}, {"type": "Feature", "geometry": {"type": "Point", "coordinates": [123.8486289, 10.273914]}, "properties": {"category": "Grocery"}}, {"type": "Feature", "geometry": {"type": "Point", "coordinates": [123.95386, 10.3100821]}, "properties": {"category": "Grocery"}}, {"type": "Feature", "geometry": {"type": "Point", "coordinates": [123.9942413, 10.3011389]}, "properties": {"category": "Grocery"}}, {"type": "Feature", "geometry": {"type": "Point", "coordinates": [123.956384, 10.3126499]}, "properties": {"category": "Grocery"}}, {"type": "Feature", "geometry": {"type": "Point", "coordinates": [123.9956832, 10.3089717]}, "properties": {"category": "Grocery"}}, {"type": "Feature", "geometry": {"type": "Point", "coordinates": [123.8955792, 10.3180975]}, "properties": {"category": "Grocery"}}, {"type": "Feature", "geometry": {"type": "Point", "coordinates": [123.9632839, 10.3177194]}, "properties": {"category": "Grocery"}}, {"type": "Feature", "geometry": {"type": "Point", "coordinates": [123.9316157, 10.3440925]}, "properties": {"category": "Grocery"}}, {"type": "Feature", "geometry": {"type": "Point", "coordinates": [123.9308761, 10.3448663]}, "properties": {"category": "Grocery"}}, {"type": "Feature", "geometry": {"type": "Point", "coordinates": [123.9306045, 10.3451387]}, "properties": {"category": "Grocery"}}, {"type": "Feature", "geometry": {"type": "Point", "coordinates": [123.9296282, 10.3461938]}, "properties": {"category": "Grocery"}}, {"type": "Feature", "geometry": {"type": "Point", "coordinates": [123.9295957, 10.3462156]}, "properties": {"category": "Grocery"}}, {"type": "Feature", "geometry": {"type": "Point", "coordinates": [123.9382205, 10.3362204]}, "properties": {"category": "Grocery"}}, {"type": "Feature", "geometry": {"type": "Point", "coordinates": [123.9208084, 10.3550584]}, "properties": {"category": "Grocery"}}, {"type": "Feature", "geometry": {"type": "Point", "coordinates": [123.9159986, 10.3602721]}, "properties": {"category": "Grocery"}}, {"type": "Feature", "geometry": {"type": "Point", "coordinates": [123.9217204, 10.3540709]}, "properties": {"category": "Grocery"}}, {"type": "Feature", "geometry": {"type": "Point", "coordinates": [123.9266282, 10.3482674]}, "properties": {"category": "Grocery"}}, {"type": "Feature", "geometry": {"type": "Point", "coordinates": [123.9264826, 10.3484225]}, "properties": {"category": "Grocery"}}, {"type": "Feature", "geometry": {"type": "Point", "coordinates": [123.9257095, 10.3492988]}, "properties": {"category": "Grocery"}}, {"type": "Feature", "geometry": {"type": "Point", "coordinates": [123.9251187, 10.3500069]}, "properties": {"category": "Grocery"}}, {"type": "Feature", "geometry": {"type": "Point", "coordinates": [123.9246346, 10.3506057]}, "properties": {"category": "Grocery"}}, {"type": "Feature", "geometry": {"type": "Point", "coordinates": [123.9220691, 10.3537266]}, "properties": {"category": "Grocery"}}, {"type": "Feature", "geometry": {"type": "Point", "coordinates": [123.9297409, 10.3463762]}, "properties": {"category": "Grocery"}}, {"type": "Feature", "geometry": {"type": "Point", "coordinates": [123.9295484, 10.3465141]}, "properties": {"category": "Grocery"}}, {"type": "Feature", "geometry": {"type": "Point", "coordinates": [123.9295216, 10.3465299]}, "properties": {"category": "Grocery"}}, {"type": "Feature", "geometry": {"type": "Point", "coordinates": [123.9289483, 10.3468934]}, "properties": {"category": "Grocery"}}, {"type": "Feature", "geometry": {"type": "Point", "coordinates": [123.9289905, 10.3468762]}, "properties": {"category": "Grocery"}}, {"type": "Feature", "geometry": {"type": "Point", "coordinates": [123.92822, 10.3473294]}, "properties": {"category": "Grocery"}}, {"type": "Feature", "geometry": {"type": "Point", "coordinates": [123.9358757, 10.34]}, "properties": {"category": "Grocery"}}, {"type": "Feature", "geometry": {"type": "Point", "coordinates": [123.9343636, 10.3414611]}, "properties": {"category": "Grocery"}}, {"type": "Feature", "geometry": {"type": "Point", "coordinates": [123.9339915, 10.3418398]}, "properties": {"category": "Grocery"}}, {"type": "Feature", "geometry": {"type": "Point", "coordinates": [123.9339184, 10.3419196]}, "properties": {"category": "Grocery"}}, {"type": "Feature", "geometry": {"type": "Point", "coordinates": [123.9607093, 10.3116137]}, "properties": {"category": "Grocery"}}, {"type": "Feature", "geometry": {"type": "Point", "coordinates": [123.9612104, 10.3088223]}, "properties": {"category": "Grocery"}}, {"type": "Feature", "geometry": {"type": "Point", "coordinates": [123.8126368, 10.2558336]}, "properties": {"category": "Grocery"}}, {"type": "Feature", "geometry": {"type": "Point", "coordinates": [123.8608238, 10.2853623]}, "properties": {"category": "Grocery"}}, {"type": "Feature", "geometry": {"type": "Point", "coordinates": [123.8541, 10.2515975]}, "properties": {"category": "Grocery"}}, {"type": "Feature", "geometry": {"type": "Point", "coordinates": [123.8748031, 10.2900912]}, "properties": {"category": "Grocery"}}, {"type": "Feature", "geometry": {"type": "Point", "coordinates": [123.9169513, 10.3583711]}, "properties": {"category": "Grocery"}}, {"type": "Feature", "geometry": {"type": "Point", "coordinates": [123.9215357, 10.3539295]}, "properties": {"category": "Grocery"}}, {"type": "Feature", "geometry": {"type": "Point", "coordinates": [123.9213564, 10.35417]}, "properties": {"category": "Grocery"}}, {"type": "Feature", "geometry": {"type": "Point", "coordinates": [123.9212645, 10.3542236]}, "properties": {"category": "Grocery"}}, {"type": "Feature", "geometry": {"type": "Point", "coordinates": [123.9210989, 10.3544361]}, "properties": {"category": "Grocery"}}, {"type": "Feature", "geometry": {"type": "Point", "coordinates": [123.9190412, 10.3571062]}, "properties": {"category": "Grocery"}}, {"type": "Feature", "geometry": {"type": "Point", "coordinates": [123.9189379, 10.3572289]}, "properties": {"category": "Grocery"}}, {"type": "Feature", "geometry": {"type": "Point", "coordinates": [123.9189175, 10.3572434]}, "properties": {"category": "Grocery"}}, {"type": "Feature", "geometry": {"type": "Point", "coordinates": [123.9188705, 10.3572876]}, "properties": {"category": "Grocery"}}, {"type": "Feature", "geometry": {"type": "Point", "coordinates": [123.9188474, 10.3573018]}, "properties": {"category": "Grocery"}}, {"type": "Feature", "geometry": {"type": "Point", "coordinates": [123.9183653, 10.3575093]}, "properties": {"category": "Grocery"}}, {"type": "Feature", "geometry": {"type": "Point", "coordinates": [123.91832, 10.3575251]}, "properties": {"category": "Grocery"}}, {"type": "Feature", "geometry": {"type": "Point", "coordinates": [123.9244616, 10.3505155]}, "properties": {"category": "Grocery"}}, {"type": "Feature", "geometry": {"type": "Point", "coordinates": [123.9241806, 10.3508889]}, "properties": {"category": "Grocery"}}, {"type": "Feature", "geometry": {"type": "Point", "coordinates": [123.9233445, 10.3519093]}, "properties": {"category": "Grocery"}}, {"type": "Feature", "geometry": {"type": "Point", "coordinates": [123.9263391, 10.3482905]}, "properties": {"category": "Grocery"}}, {"type": "Feature", "geometry": {"type": "Point", "coordinates": [123.9257759, 10.3489235]}, "properties": {"category": "Grocery"}}, {"type": "Feature", "geometry": {"type": "Point", "coordinates": [123.9257544, 10.3489495]}, "properties": {"category": "Grocery"}}, {"type": "Feature", "geometry": {"type": "Point", "coordinates": [123.9254476, 10.3493364]}, "properties": {"category": "Grocery"}}, {"type": "Feature", "geometry": {"type": "Point", "coordinates": [123.9251915, 10.3495735]}, "properties": {"category": "Grocery"}}, {"type": "Feature", "geometry": {"type": "Point", "coordinates": [123.9487805, 10.3110881]}, "properties": {"category": "Grocery"}}, {"type": "Feature", "geometry": {"type": "Point", "coordinates": [123.9541514, 10.3127154]}, "properties": {"category": "Grocery"}}, {"type": "Feature", "geometry": {"type": "Point", "coordinates": [123.9512955, 10.3145052]}, "properties": {"category": "Grocery"}}, {"type": "Feature", "geometry": {"type": "Point", "coordinates": [123.9509195, 10.3136671]}, "properties": {"category": "Grocery"}}, {"type": "Feature", "geometry": {"type": "Point", "coordinates": [123.9512476, 10.3144856]}, "properties": {"category": "Grocery"}}, {"type": "Feature", "geometry": {"type": "Point", "coordinates": [123.911937, 10.3034155]}, "properties": {"category": "Grocery"}}, {"type": "Feature", "geometry": {"type": "Point", "coordinates": [123.9044, 10.2968593]}, "properties": {"category": "Grocery"}}, {"type": "Feature", "geometry": {"type": "Point", "coordinates": [123.904325, 10.2967569]}, "properties": {"category": "Grocery"}}, {"type": "Feature", "geometry": {"type": "Point", "coordinates": [123.9026087, 10.2991633]}, "properties": {"category": "Grocery"}}, {"type": "Feature", "geometry": {"type": "Point", "coordinates": [123.9020369, 10.2989767]}, "properties": {"category": "Grocery"}}, {"type": "Feature", "geometry": {"type": "Point", "coordinates": [123.9040869, 10.2972409]}, "properties": {"category": "Grocery"}}, {"type": "Feature", "geometry": {"type": "Point", "coordinates": [123.9772229, 10.3256056]}, "properties": {"category": "Grocery"}}, {"type": "Feature", "geometry": {"type": "Point", "coordinates": [123.9495742, 10.3341934]}, "properties": {"category": "Grocery"}}, {"type": "Feature", "geometry": {"type": "Point", "coordinates": [123.933523, 10.3232301]}, "properties": {"category": "Grocery"}}, {"type": "Feature", "geometry": {"type": "Point", "coordinates": [123.9234646, 10.3241926]}, "properties": {"category": "Grocery"}}, {"type": "Feature", "geometry": {"type": "Point", "coordinates": [123.9154663, 10.3248746]}, "properties": {"category": "Grocery"}}, {"type": "Feature", "geometry": {"type": "Point", "coordinates": [123.9042983, 10.2970129]}, "properties": {"category": "Grocery"}}, {"type": "Feature", "geometry": {"type": "Point", "coordinates": [123.8945671, 10.3071686]}, "properties": {"category": "Grocery"}}, {"type": "Feature", "geometry": {"type": "Point", "coordinates": [123.8974598, 10.3077256]}, "properties": {"category": "Grocery"}}, {"type": "Feature", "geometry": {"type": "Point", "coordinates": [123.8705862, 10.3356999]}, "properties": {"category": "Grocery"}}, {"type": "Feature", "geometry": {"type": "Point", "coordinates": [123.8716311, 10.3359692]}, "properties": {"category": "Grocery"}}, {"type": "Feature", "geometry": {"type": "Point", "coordinates": [123.8728536, 10.3348478]}, "properties": {"category": "Grocery"}}, {"type": "Feature", "geometry": {"type": "Point", "coordinates": [123.8731329, 10.3326491]}, "properties": {"category": "Grocery"}}, {"type": "Feature", "geometry": {"type": "Point", "coordinates": [123.8726679, 10.3338053]}, "properties": {"category": "Grocery"}}, {"type": "Feature", "geometry": {"type": "Point", "coordinates": [123.8743855, 10.3315896]}, "properties": {"category": "Grocery"}}, {"type": "Feature", "geometry": {"type": "Point", "coordinates": [123.8766288, 10.3310245]}, "properties": {"category": "Grocery"}}, {"type": "Feature", "geometry": {"type": "Point", "coordinates": [123.8989059, 10.3049959]}, "properties": {"category": "Grocery"}}, {"type": "Feature", "geometry": {"type": "Point", "coordinates": [123.8999442, 10.3052513]}, "properties": {"category": "Grocery"}}, {"type": "Feature", "geometry": {"type": "Point", "coordinates": [123.8977664, 10.3055484]}, "properties": {"category": "Grocery"}}, {"type": "Feature", "geometry": {"type": "Point", "coordinates": [123.8905895, 10.2978207]}, "properties": {"category": "Grocery"}}, {"type": "Feature", "geometry": {"type": "Point", "coordinates": [123.8905895, 10.2978207]}, "properties": {"category": "Grocery"}}, {"type": "Feature", "geometry": {"type": "Point", "coordinates": [123.8988665, 10.303107]}, "properties": {"category": "Grocery"}}, {"type": "Feature", "geometry": {"type": "Point", "coordinates": [123.9663845, 10.3796702]}, "properties": {"category": "Grocery"}}, {"type": "Feature", "geometry": {"type": "Point", "coordinates": [123.8747703, 10.3004445]}, "properties": {"category": "Grocery"}}, {"type": "Feature", "geometry": {"type": "Point", "coordinates": [123.8872681, 10.3082112]}, "properties": {"category": "Grocery"}}, {"type": "Feature", "geometry": {"type": "Point", "coordinates": [123.8841735, 10.3157749]}, "properties": {"category": "Grocery"}}, {"type": "Feature", "geometry": {"type": "Point", "coordinates": [123.8413373, 10.2637773]}, "properties": {"category": "Grocery"}}, {"type": "Feature", "geometry": {"type": "Point", "coordinates": [123.9108635, 10.3024907]}, "properties": {"category": "Grocery"}}, {"type": "Feature", "geometry": {"type": "Point", "coordinates": [123.911996, 10.317954]}, "properties": {"category": "Grocery"}}, {"type": "Feature", "geometry": {"type": "Point", "coordinates": [123.9050183, 10.338048]}, "properties": {"category": "Grocery"}}, {"type": "Feature", "geometry": {"type": "Point", "coordinates": [123.9161722, 10.3249791]}, "properties": {"category": "Grocery"}}, {"type": "Feature", "geometry": {"type": "Point", "coordinates": [123.9143742, 10.3527635]}, "properties": {"category": "Grocery"}}, {"type": "Feature", "geometry": {"type": "Point", "coordinates": [123.939602, 10.3654778]}, "properties": {"category": "Grocery"}}, {"type": "Feature", "geometry": {"type": "Point", "coordinates": [123.94205, 10.3371653]}, "properties": {"category": "Grocery"}}, {"type": "Feature", "geometry": {"type": "Point", "coordinates": [123.9945913, 10.2838597]}, "properties": {"category": "Grocery"}}, {"type": "Feature", "geometry": {"type": "Point", "coordinates": [123.9537969, 10.3373758]}, "properties": {"category": "Grocery"}}, {"type": "Feature", "geometry": {"type": "Point", "coordinates": [123.9646634, 10.3464719]}, "properties": {"category": "Grocery"}}, {"type": "Feature", "geometry": {"type": "Point", "coordinates": [123.922403, 10.3353592]}, "properties": {"category": "Grocery"}}, {"type": "Feature", "geometry": {"type": "Point", "coordinates": [123.9138407, 10.3433141]}, "properties": {"category": "Grocery"}}, {"type": "Feature", "geometry": {"type": "Point", "coordinates": [123.9314861, 10.3370409]}, "properties": {"category": "Grocery"}}, {"type": "Feature", "geometry": {"type": "Point", "coordinates": [123.8934611, 10.3130307]}, "properties": {"category": "Grocery"}}, {"type": "Feature", "geometry": {"type": "Point", "coordinates": [123.8943646, 10.3129621]}, "properties": {"category": "Grocery"}}, {"type": "Feature", "geometry": {"type": "Point", "coordinates": [123.9096024, 10.3238961]}, "properties": {"category": "Grocery"}}, {"type": "Feature", "geometry": {"type": "Point", "coordinates": [123.9018017, 10.31807]}, "properties": {"category": "Grocery"}}, {"type": "Feature", "geometry": {"type": "Point", "coordinates": [123.9037923, 10.2985202]}, "properties": {"category": "Grocery"}}, {"type": "Feature", "geometry": {"type": "Point", "coordinates": [124.0547692, 10.2554829]}, "properties": {"category": "Grocery"}}, {"type": "Feature", "geometry": {"type": "Point", "coordinates": [123.9537512, 10.3052799]}, "properties": {"category": "Grocery"}}, {"type": "Feature", "geometry": {"type": "Point", "coordinates": [123.9296087, 10.3171646]}, "properties": {"category": "Grocery"}}, {"type": "Feature", "geometry": {"type": "Point", "coordinates": [123.8339355, 10.2362482]}, "properties": {"category": "Grocery"}}, {"type": "Feature", "geometry": {"type": "Point", "coordinates": [123.9424709, 10.336785]}, "properties": {"category": "Grocery"}}, {"type": "Feature", "geometry": {"type": "Point", "coordinates": [123.8958984, 10.3129534]}, "properties": {"category": "Grocery"}}, {"type": "Feature", "geometry": {"type": "Point", "coordinates": [123.9014617, 10.3161378]}, "properties": {"category": "Grocery"}}, {"type": "Feature", "geometry": {"type": "Point", "coordinates": [123.8424361, 10.3366369]}, "properties": {"category": "Grocery"}}, {"type": "Feature", "geometry": {"type": "Point", "coordinates": [123.8393674, 10.2489714]}, "properties": {"category": "Grocery"}}, {"type": "Feature", "geometry": {"type": "Point", "coordinates": [123.8952151, 10.3020061]}, "properties": {"category": "Grocery"}}, {"type": "Feature", "geometry": {"type": "Point", "coordinates": [123.9484677, 10.3466836]}, "properties": {"category": "Grocery"}}, {"type": "Feature", "geometry": {"type": "Point", "coordinates": [123.8690907, 10.2579744]}, "properties": {"category": "Grocery"}}, {"type": "Feature", "geometry": {"type": "Point", "coordinates": [123.869244, 10.257744]}, "properties": {"category": "Grocery"}}, {"type": "Feature", "geometry": {"type": "Point", "coordinates": [123.8428672, 10.2388912]}, "properties": {"category": "Grocery"}}, {"type": "Feature", "geometry": {"type": "Point", "coordinates": [123.8436932, 10.239672]}, "properties": {"category": "Grocery"}}, {"type": "Feature", "geometry": {"type": "Point", "coordinates": [123.8434577, 10.2395337]}, "properties": {"category": "Grocery"}}, {"type": "Feature", "geometry": {"type": "Point", "coordinates": [123.8448103, 10.2406217]}, "properties": {"category": "Grocery"}}, {"type": "Feature", "geometry": {"type": "Point", "coordinates": [123.8446598, 10.2406552]}, "properties": {"category": "Grocery"}}, {"type": "Feature", "geometry": {"type": "Point", "coordinates": [123.8597006, 10.2746335]}, "properties": {"category": "Grocery"}}, {"type": "Feature", "geometry": {"type": "Point", "coordinates": [123.9062857, 10.3022343]}, "properties": {"category": "Grocery"}}, {"type": "Feature", "geometry": {"type": "Point", "coordinates": [123.779222, 10.2392191]}, "properties": {"category": "Grocery"}}, {"type": "Feature", "geometry": {"type": "Point", "coordinates": [123.8636566, 10.2880745]}, "properties": {"category": "Grocery"}}, {"type": "Feature", "geometry": {"type": "Point", "coordinates": [123.9178485, 10.3693859]}, "properties": {"category": "Grocery"}}, {"type": "Feature", "geometry": {"type": "Point", "coordinates": [123.8426187, 10.3366354]}, "properties": {"category": "Grocery"}}, {"type": "Feature", "geometry": {"type": "Point", "coordinates": [123.88245, 10.2951687]}, "properties": {"category": "Grocery"}}, {"type": "Feature", "geometry": {"type": "Point", "coordinates": [123.7853973, 10.2422127]}, "properties": {"category": "Grocery"}}, {"type": "Feature", "geometry": {"type": "Point", "coordinates": [123.9730888, 10.3235772]}, "properties": {"category": "Grocery"}}, {"type": "Feature", "geometry": {"type": "Point", "coordinates": [123.8303369, 10.259789]}, "properties": {"category": "Grocery"}}, {"type": "Feature", "geometry": {"type": "Point", "coordinates": [123.9476696, 10.3724915]}, "properties": {"category": "Grocery"}}, {"type": "Feature", "geometry": {"type": "Point", "coordinates": [123.9853267, 10.3042381]}, "properties": {"category": "Grocery"}}, {"type": "Feature", "geometry": {"type": "Point", "coordinates": [123.9865213, 10.2949755]}, "properties": {"category": "Grocery"}}, {"type": "Feature", "geometry": {"type": "Point", "coordinates": [123.7994362, 10.2468894]}, "properties": {"category": "Grocery"}}, {"type": "Feature", "geometry": {"type": "Point", "coordinates": [123.7913698, 10.2438408]}, "properties": {"category": "Grocery"}}, {"type": "Feature", "geometry": {"type": "Point", "coordinates": [123.9318468, 10.3214755]}, "properties": {"category": "Grocery"}}, {"type": "Feature", "geometry": {"type": "Point", "coordinates": [123.915903, 10.4233602]}, "properties": {"category": "Grocery"}}, {"type": "Feature", "geometry": {"type": "Point", "coordinates": [123.9564832, 10.3112094]}, "properties": {"category": "Grocery"}}, {"type": "Feature", "geometry": {"type": "Point", "coordinates": [123.9540444, 10.3113976]}, "properties": {"category": "Grocery"}}, {"type": "Feature", "geometry": {"type": "Point", "coordinates": [123.8448796, 10.2692073]}, "properties": {"category": "Grocery"}}, {"type": "Feature", "geometry": {"type": "Point", "coordinates": [123.8495019, 10.2446167]}, "properties": {"category": "Grocery"}}, {"type": "Feature", "geometry": {"type": "Point", "coordinates": [123.9073185, 10.3340246]}, "properties": {"category": "Grocery"}}, {"type": "Feature", "geometry": {"type": "Point", "coordinates": [123.8458597, 10.2518737]}, "properties": {"category": "Grocery"}}, {"type": "Feature", "geometry": {"type": "Point", "coordinates": [123.9443228, 10.2872624]}, "properties": {"category": "Grocery"}}, {"type": "Feature", "geometry": {"type": "Point", "coordinates": [123.9415148, 10.3285179]}, "properties": {"category": "Grocery"}}, {"type": "Feature", "geometry": {"type": "Point", "coordinates": [123.9624841, 10.3778446]}, "properties": {"category": "Grocery"}}, {"type": "Feature", "geometry": {"type": "Point", "coordinates": [124.0543865, 10.2556911]}, "properties": {"category": "Grocery"}}, {"type": "Feature", "geometry": {"type": "Point", "coordinates": [123.8965661, 10.3181392]}, "properties": {"category": "Retail"}}, {"type": "Feature", "geometry": {"type": "Point", "coordinates": [123.8783323, 10.3124987]}, "properties": {"category": "Retail"}}, {"type": "Feature", "geometry": {"type": "Point", "coordinates": [123.8840538, 10.3039668]}, "properties": {"category": "Retail"}}, {"type": "Feature", "geometry": {"type": "Point", "coordinates": [123.895565, 10.3081163]}, "properties": {"category": "Retail"}}, {"type": "Feature", "geometry": {"type": "Point", "coordinates": [123.9056717, 10.3380519]}, "properties": {"category": "Retail"}}, {"type": "Feature", "geometry": {"type": "Point", "coordinates": [123.9121908, 10.3046295]}, "properties": {"category": "Retail"}}, {"type": "Feature", "geometry": {"type": "Point", "coordinates": [123.9018787, 10.3168381]}, "properties": {"category": "Retail"}}, {"type": "Feature", "geometry": {"type": "Point", "coordinates": [123.8979228, 10.3296726]}, "properties": {"category": "Retail"}}, {"type": "Feature", "geometry": {"type": "Point", "coordinates": [123.8902067, 10.3157648]}, "properties": {"category": "Retail"}}, {"type": "Feature", "geometry": {"type": "Point", "coordinates": [123.9094211, 10.3328132]}, "properties": {"category": "Retail"}}, {"type": "Feature", "geometry": {"type": "Point", "coordinates": [123.9133797, 10.3139872]}, "properties": {"category": "Retail"}}, {"type": "Feature", "geometry": {"type": "Point", "coordinates": [123.9049334, 10.338265]}, "properties": {"category": "Retail"}}, {"type": "Feature", "geometry": {"type": "Point", "coordinates": [123.9065414, 10.3323373]}, "properties": {"category": "Retail"}}, {"type": "Feature", "geometry": {"type": "Point", "coordinates": [123.9011244, 10.3095768]}, "properties": {"category": "Retail"}}, {"type": "Feature", "geometry": {"type": "Point", "coordinates": [123.906928, 10.3184896]}, "properties": {"category": "Retail"}}, {"type": "Feature", "geometry": {"type": "Point", "coordinates": [123.9151389, 10.3243818]}, "properties": {"category": "Retail"}}, {"type": "Feature", "geometry": {"type": "Point", "coordinates": [123.906299, 10.3022569]}, "properties": {"category": "Retail"}}, {"type": "Feature", "geometry": {"type": "Point", "coordinates": [123.8961723, 10.3106674]}, "properties": {"category": "Retail"}}, {"type": "Feature", "geometry": {"type": "Point", "coordinates": [123.8833342, 10.3150897]}, "properties": {"category": "Retail"}}, {"type": "Feature", "geometry": {"type": "Point", "coordinates": [123.9112379, 10.3123299]}, "properties": {"category": "Retail"}}, {"type": "Feature", "geometry": {"type": "Point", "coordinates": [123.9034453, 10.3287111]}, "properties": {"category": "Retail"}}, {"type": "Feature", "geometry": {"type": "Point", "coordinates": [123.8951521, 10.3105108]}, "properties": {"category": "Retail"}}, {"type": "Feature", "geometry": {"type": "Point", "coordinates": [123.8991784, 10.3211532]}, "properties": {"category": "Retail"}}, {"type": "Feature", "geometry": {"type": "Point", "coordinates": [123.8911082, 10.2923585]}, "properties": {"category": "Retail"}}, {"type": "Feature", "geometry": {"type": "Point", "coordinates": [123.8848765, 10.2980196]}, "properties": {"category": "Retail"}}, {"type": "Feature", "geometry": {"type": "Point", "coordinates": [123.9067398, 10.3291339]}, "properties": {"category": "Retail"}}, {"type": "Feature", "geometry": {"type": "Point", "coordinates": [123.9025078, 10.3178266]}, "properties": {"category": "Retail"}}, {"type": "Feature", "geometry": {"type": "Point", "coordinates": [123.8939357, 10.3174968]}, "properties": {"category": "Retail"}}, {"type": "Feature", "geometry": {"type": "Point", "coordinates": [123.8988531, 10.2968589]}, "properties": {"category": "Retail"}}, {"type": "Feature", "geometry": {"type": "Point", "coordinates": [123.9044282, 10.296925]}, "properties": {"category": "Retail"}}, {"type": "Feature", "geometry": {"type": "Point", "coordinates": [123.870799, 10.3014099]}, "properties": {"category": "Retail"}}, {"type": "Feature", "geometry": {"type": "Point", "coordinates": [123.9054404, 10.3129286]}, "properties": {"category": "Retail"}}, {"type": "Feature", "geometry": {"type": "Point", "coordinates": [123.8981597, 10.302208]}, "properties": {"category": "Retail"}}, {"type": "Feature", "geometry": {"type": "Point", "coordinates": [123.9046875, 10.3311875]}, "properties": {"category": "Retail"}}, {"type": "Feature", "geometry": {"type": "Point", "coordinates": [123.9079675, 10.3309434]}, "properties": {"category": "Retail"}}, {"type": "Feature", "geometry": {"type": "Point", "coordinates": [123.9092417, 10.31698]}, "properties": {"category": "Retail"}}, {"type": "Feature", "geometry": {"type": "Point", "coordinates": [123.9071046, 10.3332973]}, "properties": {"category": "Retail"}}, {"type": "Feature", "geometry": {"type": "Point", "coordinates": [123.888353, 10.2969674]}, "properties": {"category": "Retail"}}, {"type": "Feature", "geometry": {"type": "Point", "coordinates": [123.9086553, 10.3266518]}, "properties": {"category": "Retail"}}, {"type": "Feature", "geometry": {"type": "Point", "coordinates": [123.8780611, 10.3012504]}, "properties": {"category": "Retail"}}, {"type": "Feature", "geometry": {"type": "Point", "coordinates": [123.8715178, 10.2869695]}, "properties": {"category": "Retail"}}, {"type": "Feature", "geometry": {"type": "Point", "coordinates": [123.8589411, 10.2899854]}, "properties": {"category": "Retail"}}, {"type": "Feature", "geometry": {"type": "Point", "coordinates": [123.8936833, 10.2988419]}, "properties": {"category": "Retail"}}, {"type": "Feature", "geometry": {"type": "Point", "coordinates": [123.8909365, 10.3030968]}, "properties": {"category": "Retail"}}, {"type": "Feature", "geometry": {"type": "Point", "coordinates": [123.9069977, 10.2935976]}, "properties": {"category": "Retail"}}, {"type": "Feature", "geometry": {"type": "Point", "coordinates": [123.9052422, 10.3152609]}, "properties": {"category": "Retail"}}, {"type": "Feature", "geometry": {"type": "Point", "coordinates": [123.8925625, 10.3109375]}, "properties": {"category": "Retail"}}, {"type": "Feature", "geometry": {"type": "Point", "coordinates": [123.9055456, 10.3286004]}, "properties": {"category": "Retail"}}, {"type": "Feature", "geometry": {"type": "Point", "coordinates": [123.9037764, 10.2985137]}, "properties": {"category": "Retail"}}, {"type": "Feature", "geometry": {"type": "Point", "coordinates": [123.8631522, 10.2876894]}, "properties": {"category": "Retail"}}, {"type": "Feature", "geometry": {"type": "Point", "coordinates": [123.8799678, 10.2915678]}, "properties": {"category": "Retail"}}, {"type": "Feature", "geometry": {"type": "Point", "coordinates": [123.9037108, 10.3197456]}, "properties": {"category": "Retail"}}, {"type": "Feature", "geometry": {"type": "Point", "coordinates": [123.9082914, 10.3320171]}, "properties": {"category": "Retail"}}, {"type": "Feature", "geometry": {"type": "Point", "coordinates": [123.9055124, 10.3142853]}, "properties": {"category": "Retail"}}, {"type": "Feature", "geometry": {"type": "Point", "coordinates": [123.899735, 10.318361]}, "properties": {"category": "Retail"}}, {"type": "Feature", "geometry": {"type": "Point", "coordinates": [123.8986633, 10.3300042]}, "properties": {"category": "Retail"}}, {"type": "Feature", "geometry": {"type": "Point", "coordinates": [123.875482, 10.2901212]}, "properties": {"category": "Retail"}}, {"type": "Feature", "geometry": {"type": "Point", "coordinates": [123.8981716, 10.2987199]}, "properties": {"category": "Retail"}}, {"type": "Feature", "geometry": {"type": "Point", "coordinates": [123.9025, 10.3174391]}, "properties": {"category": "Retail"}}, {"type": "Feature", "geometry": {"type": "Point", "coordinates": [123.9086507, 10.3270496]}, "properties": {"category": "Retail"}}, {"type": "Feature", "geometry": {"type": "Point", "coordinates": [123.9089412, 10.3280289]}, "properties": {"category": "Retail"}}, {"type": "Feature", "geometry": {"type": "Point", "coordinates": [123.903865, 10.328607]}, "properties": {"category": "Retail"}}, {"type": "Feature", "geometry": {"type": "Point", "coordinates": [123.9062603, 10.3235401]}, "properties": {"category": "Retail"}}, {"type": "Feature", "geometry": {"type": "Point", "coordinates": [123.9057076, 10.3302678]}, "properties": {"category": "Retail"}}, {"type": "Feature", "geometry": {"type": "Point", "coordinates": [123.8921143, 10.3099002]}, "properties": {"category": "Retail"}}, {"type": "Feature", "geometry": {"type": "Point", "coordinates": [123.9098361, 10.3281056]}, "properties": {"category": "Retail"}}, {"type": "Feature", "geometry": {"type": "Point", "coordinates": [123.8921821, 10.3108841]}, "properties": {"category": "Retail"}}, {"type": "Feature", "geometry": {"type": "Point", "coordinates": [123.8902952, 10.3131998]}, "properties": {"category": "Retail"}}, {"type": "Feature", "geometry": {"type": "Point", "coordinates": [123.8919049, 10.3231511]}, "properties": {"category": "Retail"}}, {"type": "Feature", "geometry": {"type": "Point", "coordinates": [123.8981425, 10.3004149]}, "properties": {"category": "Retail"}}, {"type": "Feature", "geometry": {"type": "Point", "coordinates": [123.8946398, 10.3114479]}, "properties": {"category": "Retail"}}, {"type": "Feature", "geometry": {"type": "Point", "coordinates": [123.8642068, 10.28021]}, "properties": {"category": "Retail"}}, {"type": "Feature", "geometry": {"type": "Point", "coordinates": [123.8906187, 10.3131703]}, "properties": {"category": "Retail"}}, {"type": "Feature", "geometry": {"type": "Point", "coordinates": [123.8987593, 10.3303364]}, "properties": {"category": "Retail"}}, {"type": "Feature", "geometry": {"type": "Point", "coordinates": [123.875575, 10.2905559]}, "properties": {"category": "Retail"}}, {"type": "Feature", "geometry": {"type": "Point", "coordinates": [123.9016671, 10.3324001]}, "properties": {"category": "Retail"}}, {"type": "Feature", "geometry": {"type": "Point", "coordinates": [123.8927512, 10.3114647]}, "properties": {"category": "Retail"}}, {"type": "Feature", "geometry": {"type": "Point", "coordinates": [123.90018, 10.3317269]}, "properties": {"category": "Retail"}}, {"type": "Feature", "geometry": {"type": "Point", "coordinates": [123.8976972, 10.3303688]}, "properties": {"category": "Retail"}}, {"type": "Feature", "geometry": {"type": "Point", "coordinates": [123.8968658, 10.3356199]}, "properties": {"category": "Retail"}}, {"type": "Feature", "geometry": {"type": "Point", "coordinates": [123.886166, 10.3117833]}, "properties": {"category": "Retail"}}, {"type": "Feature", "geometry": {"type": "Point", "coordinates": [123.89055, 10.323758]}, "properties": {"category": "Retail"}}, {"type": "Feature", "geometry": {"type": "Point", "coordinates": [123.905136, 10.318214]}, "properties": {"category": "Retail"}}, {"type": "Feature", "geometry": {"type": "Point", "coordinates": [123.9053877, 10.3307629]}, "properties": {"category": "Retail"}}, {"type": "Feature", "geometry": {"type": "Point", "coordinates": [123.9058626, 10.3219724]}, "properties": {"category": "Retail"}}, {"type": "Feature", "geometry": {"type": "Point", "coordinates": [123.8915482, 10.3137344]}, "properties": {"category": "Retail"}}, {"type": "Feature", "geometry": {"type": "Point", "coordinates": [123.9110838, 10.3209197]}, "properties": {"category": "Retail"}}, {"type": "Feature", "geometry": {"type": "Point", "coordinates": [123.896111, 10.318144]}, "properties": {"category": "Retail"}}, {"type": "Feature", "geometry": {"type": "Point", "coordinates": [123.895024, 10.2984557]}, "properties": {"category": "Retail"}}, {"type": "Feature", "geometry": {"type": "Point", "coordinates": [123.8961682, 10.3106213]}, "properties": {"category": "Retail"}}, {"type": "Feature", "geometry": {"type": "Point", "coordinates": [123.9070437, 10.3307927]}, "properties": {"category": "Retail"}}, {"type": "Feature", "geometry": {"type": "Point", "coordinates": [123.9065689, 10.3275597]}, "properties": {"category": "Retail"}}, {"type": "Feature", "geometry": {"type": "Point", "coordinates": [123.9007277, 10.2975271]}, "properties": {"category": "Retail"}}, {"type": "Feature", "geometry": {"type": "Point", "coordinates": [123.8618834, 10.2818938]}, "properties": {"category": "Retail"}}, {"type": "Feature", "geometry": {"type": "Point", "coordinates": [123.8946384, 10.3461087]}, "properties": {"category": "Retail"}}, {"type": "Feature", "geometry": {"type": "Point", "coordinates": [123.8726302, 10.3773937]}, "properties": {"category": "Retail"}}, {"type": "Feature", "geometry": {"type": "Point", "coordinates": [123.9007798, 10.3190829]}, "properties": {"category": "Retail"}}, {"type": "Feature", "geometry": {"type": "Point", "coordinates": [123.9040022, 10.3292581]}, "properties": {"category": "Retail"}}, {"type": "Feature", "geometry": {"type": "Point", "coordinates": [123.9030976, 10.3202245]}, "properties": {"category": "Retail"}}, {"type": "Feature", "geometry": {"type": "Point", "coordinates": [123.8946609, 10.2970148]}, "properties": {"category": "Retail"}}, {"type": "Feature", "geometry": {"type": "Point", "coordinates": [123.907184, 10.3295099]}, "properties": {"category": "Retail"}}, {"type": "Feature", "geometry": {"type": "Point", "coordinates": [123.9148166, 10.3199818]}, "properties": {"category": "Retail"}}, {"type": "Feature", "geometry": {"type": "Point", "coordinates": [123.9090234, 10.328279]}, "properties": {"category": "Retail"}}, {"type": "Feature", "geometry": {"type": "Point", "coordinates": [123.898257, 10.3116217]}, "properties": {"category": "Retail"}}, {"type": "Feature", "geometry": {"type": "Point", "coordinates": [123.8959951, 10.3075613]}, "properties": {"category": "Retail"}}, {"type": "Feature", "geometry": {"type": "Point", "coordinates": [123.8623451, 10.2868916]}, "properties": {"category": "Retail"}}, {"type": "Feature", "geometry": {"type": "Point", "coordinates": [123.8750535, 10.3006326]}, "properties": {"category": "Retail"}}, {"type": "Feature", "geometry": {"type": "Point", "coordinates": [123.9019485, 10.3290876]}, "properties": {"category": "Retail"}}, {"type": "Feature", "geometry": {"type": "Point", "coordinates": [123.9057505, 10.3180532]}, "properties": {"category": "Retail"}}, {"type": "Feature", "geometry": {"type": "Point", "coordinates": [123.8959846, 10.3150189]}, "properties": {"category": "Retail"}}, {"type": "Feature", "geometry": {"type": "Point", "coordinates": [123.9051872, 10.3222664]}, "properties": {"category": "Retail"}}, {"type": "Feature", "geometry": {"type": "Point", "coordinates": [123.8810017, 10.281338]}, "properties": {"category": "Retail"}}, {"type": "Feature", "geometry": {"type": "Point", "coordinates": [123.9052619, 10.3294093]}, "properties": {"category": "Retail"}}, {"type": "Feature", "geometry": {"type": "Point", "coordinates": [123.891228, 10.3145848]}, "properties": {"category": "Retail"}}, {"type": "Feature", "geometry": {"type": "Point", "coordinates": [123.8948805, 10.3125224]}, "properties": {"category": "Retail"}}, {"type": "Feature", "geometry": {"type": "Point", "coordinates": [123.9049821, 10.300016]}, "properties": {"category": "Retail"}}, {"type": "Feature", "geometry": {"type": "Point", "coordinates": [123.8924788, 10.3139876]}, "properties": {"category": "Retail"}}, {"type": "Feature", "geometry": {"type": "Point", "coordinates": [123.895142, 10.309087]}, "properties": {"category": "Retail"}}, {"type": "Feature", "geometry": {"type": "Point", "coordinates": [123.8774052, 10.2779285]}, "properties": {"category": "Retail"}}, {"type": "Feature", "geometry": {"type": "Point", "coordinates": [123.8811245, 10.2810101]}, "properties": {"category": "Retail"}}, {"type": "Feature", "geometry": {"type": "Point", "coordinates": [123.8591622, 10.2885258]}, "properties": {"category": "Retail"}}, {"type": "Feature", "geometry": {"type": "Point", "coordinates": [123.9048836, 10.3194073]}, "properties": {"category": "Retail"}}, {"type": "Feature", "geometry": {"type": "Point", "coordinates": [123.9079829, 10.3317129]}, "properties": {"category": "Retail"}}, {"type": "Feature", "geometry": {"type": "Point", "coordinates": [123.87964, 10.2920009]}, "properties": {"category": "Retail"}}, {"type": "Feature", "geometry": {"type": "Point", "coordinates": [123.8811091, 10.28105]}, "properties": {"category": "Retail"}}, {"type": "Feature", "geometry": {"type": "Point", "coordinates": [123.9010008, 10.3182698]}, "properties": {"category": "Retail"}}, {"type": "Feature", "geometry": {"type": "Point", "coordinates": [123.9049519, 10.3177757]}, "properties": {"category": "Retail"}}, {"type": "Feature", "geometry": {"type": "Point", "coordinates": [123.9066475, 10.3293814]}, "properties": {"category": "Retail"}}, {"type": "Feature", "geometry": {"type": "Point", "coordinates": [123.8965244, 10.3101459]}, "properties": {"category": "Retail"}}, {"type": "Feature", "geometry": {"type": "Point", "coordinates": [123.9051943, 10.3257915]}, "properties": {"category": "Retail"}}, {"type": "Feature", "geometry": {"type": "Point", "coordinates": [123.9097498, 10.3297717]}, "properties": {"category": "Retail"}}, {"type": "Feature", "geometry": {"type": "Point", "coordinates": [123.8925684, 10.3169638]}, "properties": {"category": "Retail"}}, {"type": "Feature", "geometry": {"type": "Point", "coordinates": [123.8940157, 10.3178944]}, "properties": {"category": "Retail"}}, {"type": "Feature", "geometry": {"type": "Point", "coordinates": [123.9109563, 10.3296471]}, "properties": {"category": "Retail"}}, {"type": "Feature", "geometry": {"type": "Point", "coordinates": [123.882078, 10.2825469]}, "properties": {"category": "Retail"}}, {"type": "Feature", "geometry": {"type": "Point", "coordinates": [123.9000926, 10.3211963]}, "properties": {"category": "Retail"}}, {"type": "Feature", "geometry": {"type": "Point", "coordinates": [123.8906829, 10.314444]}, "properties": {"category": "Retail"}}, {"type": "Feature", "geometry": {"type": "Point", "coordinates": [123.8965443, 10.3299176]}, "properties": {"category": "Retail"}}, {"type": "Feature", "geometry": {"type": "Point", "coordinates": [123.8955917, 10.307147]}, "properties": {"category": "Retail"}}, {"type": "Feature", "geometry": {"type": "Point", "coordinates": [123.8987197, 10.2929515]}, "properties": {"category": "Retail"}}, {"type": "Feature", "geometry": {"type": "Point", "coordinates": [123.9048101, 10.319477]}, "properties": {"category": "Retail"}}, {"type": "Feature", "geometry": {"type": "Point", "coordinates": [123.8950367, 10.3173711]}, "properties": {"category": "Retail"}}, {"type": "Feature", "geometry": {"type": "Point", "coordinates": [123.881324, 10.280764]}, "properties": {"category": "Retail"}}, {"type": "Feature", "geometry": {"type": "Point", "coordinates": [123.9040386, 10.3283264]}, "properties": {"category": "Retail"}}, {"type": "Feature", "geometry": {"type": "Point", "coordinates": [123.8937334, 10.2987114]}, "properties": {"category": "Retail"}}, {"type": "Feature", "geometry": {"type": "Point", "coordinates": [123.882172, 10.2823079]}, "properties": {"category": "Retail"}}, {"type": "Feature", "geometry": {"type": "Point", "coordinates": [123.9023838, 10.3291933]}, "properties": {"category": "Retail"}}, {"type": "Feature", "geometry": {"type": "Point", "coordinates": [123.9037099, 10.2952228]}, "properties": {"category": "Retail"}}, {"type": "Feature", "geometry": {"type": "Point", "coordinates": [123.8739236, 10.3003988]}, "properties": {"category": "Retail"}}, {"type": "Feature", "geometry": {"type": "Point", "coordinates": [123.869402, 10.2997959]}, "properties": {"category": "Retail"}}, {"type": "Feature", "geometry": {"type": "Point", "coordinates": [123.882549, 10.281557]}, "properties": {"category": "Retail"}}, {"type": "Feature", "geometry": {"type": "Point", "coordinates": [123.8581892, 10.2881601]}, "properties": {"category": "Retail"}}, {"type": "Feature", "geometry": {"type": "Point", "coordinates": [123.9073391, 10.3287558]}, "properties": {"category": "Retail"}}, {"type": "Feature", "geometry": {"type": "Point", "coordinates": [123.8828064, 10.326163]}, "properties": {"category": "Retail"}}, {"type": "Feature", "geometry": {"type": "Point", "coordinates": [123.904702, 10.318302]}, "properties": {"category": "Retail"}}, {"type": "Feature", "geometry": {"type": "Point", "coordinates": [123.880402, 10.2816474]}, "properties": {"category": "Retail"}}, {"type": "Feature", "geometry": {"type": "Point", "coordinates": [123.8854217, 10.2917487]}, "properties": {"category": "Retail"}}, {"type": "Feature", "geometry": {"type": "Point", "coordinates": [123.8806068, 10.2817312]}, "properties": {"category": "Retail"}}, {"type": "Feature", "geometry": {"type": "Point", "coordinates": [123.9129714, 10.3192153]}, "properties": {"category": "Retail"}}, {"type": "Feature", "geometry": {"type": "Point", "coordinates": [123.9070437, 10.3307927]}, "properties": {"category": "Retail"}}, {"type": "Feature", "geometry": {"type": "Point", "coordinates": [123.9095402, 10.3282752]}, "properties": {"category": "Retail"}}, {"type": "Feature", "geometry": {"type": "Point", "coordinates": [123.9094541, 10.327895]}, "properties": {"category": "Retail"}}, {"type": "Feature", "geometry": {"type": "Point", "coordinates": [123.9122656, 10.3242268]}, "properties": {"category": "Retail"}}, {"type": "Feature", "geometry": {"type": "Point", "coordinates": [123.8916521, 10.3108167]}, "properties": {"category": "Retail"}}, {"type": "Feature", "geometry": {"type": "Point", "coordinates": [123.879783, 10.291642]}, "properties": {"category": "Retail"}}, {"type": "Feature", "geometry": {"type": "Point", "coordinates": [123.90279, 10.3201148]}, "properties": {"category": "Retail"}}, {"type": "Feature", "geometry": {"type": "Point", "coordinates": [123.8584959, 10.2843708]}, "properties": {"category": "Retail"}}, {"type": "Feature", "geometry": {"type": "Point", "coordinates": [123.8991368, 10.3168784]}, "properties": {"category": "Retail"}}, {"type": "Feature", "geometry": {"type": "Point", "coordinates": [123.9022918, 10.3292559]}, "properties": {"category": "Retail"}}, {"type": "Feature", "geometry": {"type": "Point", "coordinates": [123.9049616, 10.3187377]}, "properties": {"category": "Retail"}}, {"type": "Feature", "geometry": {"type": "Point", "coordinates": [123.9038348, 10.297983]}, "properties": {"category": "Retail"}}, {"type": "Feature", "geometry": {"type": "Point", "coordinates": [123.8690729, 10.2823472]}, "properties": {"category": "Retail"}}, {"type": "Feature", "geometry": {"type": "Point", "coordinates": [123.9063409, 10.3141313]}, "properties": {"category": "Retail"}}, {"type": "Feature", "geometry": {"type": "Point", "coordinates": [123.8610133, 10.2838558]}, "properties": {"category": "Retail"}}, {"type": "Feature", "geometry": {"type": "Point", "coordinates": [123.8927289, 10.3116704]}, "properties": {"category": "Retail"}}, {"type": "Feature", "geometry": {"type": "Point", "coordinates": [123.869389, 10.2996079]}, "properties": {"category": "Retail"}}, {"type": "Feature", "geometry": {"type": "Point", "coordinates": [123.8801086, 10.2820685]}, "properties": {"category": "Retail"}}, {"type": "Feature", "geometry": {"type": "Point", "coordinates": [123.9004581, 10.2977391]}, "properties": {"category": "Retail"}}, {"type": "Feature", "geometry": {"type": "Point", "coordinates": [123.8985572, 10.330689]}, "properties": {"category": "Retail"}}, {"type": "Feature", "geometry": {"type": "Point", "coordinates": [123.892612, 10.310691]}, "properties": {"category": "Retail"}}, {"type": "Feature", "geometry": {"type": "Point", "coordinates": [123.9051239, 10.3181806]}, "properties": {"category": "Retail"}}, {"type": "Feature", "geometry": {"type": "Point", "coordinates": [123.8643991, 10.2831805]}, "properties": {"category": "Retail"}}, {"type": "Feature", "geometry": {"type": "Point", "coordinates": [123.805687, 10.4196668]}, "properties": {"category": "Retail"}}, {"type": "Feature", "geometry": {"type": "Point", "coordinates": [123.9009058, 10.3208173]}, "properties": {"category": "Retail"}}, {"type": "Feature", "geometry": {"type": "Point", "coordinates": [123.902425, 10.3170836]}, "properties": {"category": "Retail"}}, {"type": "Feature", "geometry": {"type": "Point", "coordinates": [123.8991838, 10.3124335]}, "properties": {"category": "Retail"}}, {"type": "Feature", "geometry": {"type": "Point", "coordinates": [123.894749, 10.317814]}, "properties": {"category": "Retail"}}, {"type": "Feature", "geometry": {"type": "Point", "coordinates": [123.8758409, 10.3095721]}, "properties": {"category": "Retail"}}, {"type": "Feature", "geometry": {"type": "Point", "coordinates": [123.9070635, 10.3279009]}, "properties": {"category": "Retail"}}, {"type": "Feature", "geometry": {"type": "Point", "coordinates": [123.9063976, 10.3271417]}, "properties": {"category": "Retail"}}, {"type": "Feature", "geometry": {"type": "Point", "coordinates": [123.8841889, 10.2977204]}, "properties": {"category": "Retail"}}, {"type": "Feature", "geometry": {"type": "Point", "coordinates": [123.8872868, 10.3082143]}, "properties": {"category": "Retail"}}, {"type": "Feature", "geometry": {"type": "Point", "coordinates": [123.8868678, 10.2996259]}, "properties": {"category": "Retail"}}, {"type": "Feature", "geometry": {"type": "Point", "coordinates": [123.905147, 10.3182239]}, "properties": {"category": "Retail"}}, {"type": "Feature", "geometry": {"type": "Point", "coordinates": [123.880866, 10.2718112]}, "properties": {"category": "Retail"}}, {"type": "Feature", "geometry": {"type": "Point", "coordinates": [123.8962232, 10.3133638]}, "properties": {"category": "Retail"}}, {"type": "Feature", "geometry": {"type": "Point", "coordinates": [123.9026226, 10.3136039]}, "properties": {"category": "Retail"}}, {"type": "Feature", "geometry": {"type": "Point", "coordinates": [123.8980023, 10.3109052]}, "properties": {"category": "Retail"}}, {"type": "Feature", "geometry": {"type": "Point", "coordinates": [123.8771909, 10.2918081]}, "properties": {"category": "Retail"}}, {"type": "Feature", "geometry": {"type": "Point", "coordinates": [123.9069231, 10.3326818]}, "properties": {"category": "Retail"}}, {"type": "Feature", "geometry": {"type": "Point", "coordinates": [123.8741556, 10.284431]}, "properties": {"category": "Retail"}}, {"type": "Feature", "geometry": {"type": "Point", "coordinates": [123.8916945, 10.313436]}, "properties": {"category": "Retail"}}, {"type": "Feature", "geometry": {"type": "Point", "coordinates": [123.9107472, 10.3066467]}, "properties": {"category": "Retail"}}, {"type": "Feature", "geometry": {"type": "Point", "coordinates": [123.9051822, 10.318902]}, "properties": {"category": "Retail"}}, {"type": "Feature", "geometry": {"type": "Point", "coordinates": [123.8839012, 10.3231673]}, "properties": {"category": "Retail"}}, {"type": "Feature", "geometry": {"type": "Point", "coordinates": [123.9070437, 10.3307927]}, "properties": {"category": "Retail"}}, {"type": "Feature", "geometry": {"type": "Point", "coordinates": [123.880922, 10.2809139]}, "properties": {"category": "Retail"}}, {"type": "Feature", "geometry": {"type": "Point", "coordinates": [123.869505, 10.299849]}, "properties": {"category": "Retail"}}, {"type": "Feature", "geometry": {"type": "Point", "coordinates": [123.9040443, 10.3184276]}, "properties": {"category": "Retail"}}, {"type": "Feature", "geometry": {"type": "Point", "coordinates": [123.89399, 10.3093585]}, "properties": {"category": "Retail"}}, {"type": "Feature", "geometry": {"type": "Point", "coordinates": [123.88456, 10.315234]}, "properties": {"category": "Retail"}}, {"type": "Feature", "geometry": {"type": "Point", "coordinates": [123.8840062, 10.3235911]}, "properties": {"category": "Retail"}}, {"type": "Feature", "geometry": {"type": "Point", "coordinates": [123.9141301, 10.3023501]}, "properties": {"category": "Retail"}}, {"type": "Feature", "geometry": {"type": "Point", "coordinates": [123.899412, 10.296745]}, "properties": {"category": "Retail"}}, {"type": "Feature", "geometry": {"type": "Point", "coordinates": [123.8703749, 10.2936229]}, "properties": {"category": "Retail"}}, {"type": "Feature", "geometry": {"type": "Point", "coordinates": [123.9172223, 10.312356]}, "properties": {"category": "Retail"}}, {"type": "Feature", "geometry": {"type": "Point", "coordinates": [123.898706, 10.330296]}, "properties": {"category": "Retail"}}, {"type": "Feature", "geometry": {"type": "Point", "coordinates": [123.8968081, 10.306816]}, "properties": {"category": "Retail"}}, {"type": "Feature", "geometry": {"type": "Point", "coordinates": [123.899736, 10.317215]}, "properties": {"category": "Retail"}}, {"type": "Feature", "geometry": {"type": "Point", "coordinates": [123.9010949, 10.3154332]}, "properties": {"category": "Retail"}}, {"type": "Feature", "geometry": {"type": "Point", "coordinates": [123.9049519, 10.3177757]}, "properties": {"category": "Retail"}}, {"type": "Feature", "geometry": {"type": "Point", "coordinates": [123.894321, 10.3144871]}, "properties": {"category": "Retail"}}, {"type": "Feature", "geometry": {"type": "Point", "coordinates": [123.8973081, 10.3124041]}, "properties": {"category": "Retail"}}, {"type": "Feature", "geometry": {"type": "Point", "coordinates": [123.8899268, 10.3144334]}, "properties": {"category": "Retail"}}, {"type": "Feature", "geometry": {"type": "Point", "coordinates": [123.8806068, 10.2817312]}, "properties": {"category": "Retail"}}, {"type": "Feature", "geometry": {"type": "Point", "coordinates": [123.8808301, 10.281815]}, "properties": {"category": "Retail"}}, {"type": "Feature", "geometry": {"type": "Point", "coordinates": [123.8723847, 10.2999655]}, "properties": {"category": "Retail"}}, {"type": "Feature", "geometry": {"type": "Point", "coordinates": [123.8794666, 10.2992531]}, "properties": {"category": "Retail"}}, {"type": "Feature", "geometry": {"type": "Point", "coordinates": [123.867398, 10.2930615]}, "properties": {"category": "Retail"}}, {"type": "Feature", "geometry": {"type": "Point", "coordinates": [123.9048758, 10.327598]}, "properties": {"category": "Retail"}}, {"type": "Feature", "geometry": {"type": "Point", "coordinates": [123.9017215, 10.3177386]}, "properties": {"category": "Retail"}}, {"type": "Feature", "geometry": {"type": "Point", "coordinates": [123.901209, 10.3088279]}, "properties": {"category": "Retail"}}, {"type": "Feature", "geometry": {"type": "Point", "coordinates": [123.9059738, 10.3181437]}, "properties": {"category": "Retail"}}, {"type": "Feature", "geometry": {"type": "Point", "coordinates": [123.8918949, 10.3102443]}, "properties": {"category": "Retail"}}, {"type": "Feature", "geometry": {"type": "Point", "coordinates": [123.9030794, 10.328549]}, "properties": {"category": "Retail"}}, {"type": "Feature", "geometry": {"type": "Point", "coordinates": [123.9019488, 10.3290871]}, "properties": {"category": "Retail"}}, {"type": "Feature", "geometry": {"type": "Point", "coordinates": [123.9075923, 10.3149774]}, "properties": {"category": "Retail"}}, {"type": "Feature", "geometry": {"type": "Point", "coordinates": [123.8808455, 10.2726983]}, "properties": {"category": "Retail"}}, {"type": "Feature", "geometry": {"type": "Point", "coordinates": [123.9073923, 10.3123623]}, "properties": {"category": "Retail"}}, {"type": "Feature", "geometry": {"type": "Point", "coordinates": [123.8906089, 10.3090414]}, "properties": {"category": "Retail"}}, {"type": "Feature", "geometry": {"type": "Point", "coordinates": [123.9057056, 10.31754]}, "properties": {"category": "Retail"}}, {"type": "Feature", "geometry": {"type": "Point", "coordinates": [123.9028535, 10.3125433]}, "properties": {"category": "Retail"}}, {"type": "Feature", "geometry": {"type": "Point", "coordinates": [123.8753694, 10.2897015]}, "properties": {"category": "Retail"}}, {"type": "Feature", "geometry": {"type": "Point", "coordinates": [123.8805611, 10.3140295]}, "properties": {"category": "Retail"}}, {"type": "Feature", "geometry": {"type": "Point", "coordinates": [123.9150142, 10.3239699]}, "properties": {"category": "Retail"}}, {"type": "Feature", "geometry": {"type": "Point", "coordinates": [123.8689533, 10.2892841]}, "properties": {"category": "Retail"}}, {"type": "Feature", "geometry": {"type": "Point", "coordinates": [123.896231, 10.29581]}, "properties": {"category": "Retail"}}, {"type": "Feature", "geometry": {"type": "Point", "coordinates": [123.8994081, 10.2966879]}, "properties": {"category": "Retail"}}, {"type": "Feature", "geometry": {"type": "Point", "coordinates": [123.8807054, 10.281657]}, "properties": {"category": "Retail"}}, {"type": "Feature", "geometry": {"type": "Point", "coordinates": [123.9002233, 10.317337]}, "properties": {"category": "Retail"}}, {"type": "Feature", "geometry": {"type": "Point", "coordinates": [123.9082541, 10.319659]}, "properties": {"category": "Retail"}}, {"type": "Feature", "geometry": {"type": "Point", "coordinates": [123.90181, 10.314599]}, "properties": {"category": "Retail"}}, {"type": "Feature", "geometry": {"type": "Point", "coordinates": [123.9135464, 10.3164276]}, "properties": {"category": "Retail"}}, {"type": "Feature", "geometry": {"type": "Point", "coordinates": [123.8999529, 10.2987166]}, "properties": {"category": "Retail"}}, {"type": "Feature", "geometry": {"type": "Point", "coordinates": [123.8709312, 10.3014045]}, "properties": {"category": "Retail"}}, {"type": "Feature", "geometry": {"type": "Point", "coordinates": [123.9077857, 10.3203377]}, "properties": {"category": "Retail"}}, {"type": "Feature", "geometry": {"type": "Point", "coordinates": [123.8856808, 10.3229994]}, "properties": {"category": "Retail"}}, {"type": "Feature", "geometry": {"type": "Point", "coordinates": [123.8806155, 10.2815085]}, "properties": {"category": "Retail"}}, {"type": "Feature", "geometry": {"type": "Point", "coordinates": [123.9070001, 10.327896]}, "properties": {"category": "Retail"}}, {"type": "Feature", "geometry": {"type": "Point", "coordinates": [123.9084073, 10.3242854]}, "properties": {"category": "Retail"}}, {"type": "Feature", "geometry": {"type": "Point", "coordinates": [123.9004669, 10.3116761]}, "properties": {"category": "Retail"}}, {"type": "Feature", "geometry": {"type": "Point", "coordinates": [123.9142917, 10.3247621]}, "properties": {"category": "Retail"}}, {"type": "Feature", "geometry": {"type": "Point", "coordinates": [123.9143092, 10.3151364]}, "properties": {"category": "Retail"}}, {"type": "Feature", "geometry": {"type": "Point", "coordinates": [123.9014842, 10.3198304]}, "properties": {"category": "Retail"}}, {"type": "Feature", "geometry": {"type": "Point", "coordinates": [123.8992836, 10.3236878]}, "properties": {"category": "Retail"}}, {"type": "Feature", "geometry": {"type": "Point", "coordinates": [123.9128742, 10.304048]}, "properties": {"category": "Retail"}}, {"type": "Feature", "geometry": {"type": "Point", "coordinates": [123.8604353, 10.2835681]}, "properties": {"category": "Retail"}}, {"type": "Feature", "geometry": {"type": "Point", "coordinates": [123.9058483, 10.3238223]}, "properties": {"category": "Retail"}}, {"type": "Feature", "geometry": {"type": "Point", "coordinates": [123.9072414, 10.3286835]}, "properties": {"category": "Retail"}}, {"type": "Feature", "geometry": {"type": "Point", "coordinates": [123.8958336, 10.3131822]}, "properties": {"category": "Retail"}}, {"type": "Feature", "geometry": {"type": "Point", "coordinates": [123.9071297, 10.3283976]}, "properties": {"category": "Retail"}}, {"type": "Feature", "geometry": {"type": "Point", "coordinates": [123.9047628, 10.3195636]}, "properties": {"category": "Retail"}}, {"type": "Feature", "geometry": {"type": "Point", "coordinates": [123.897392, 10.3300815]}, "properties": {"category": "Retail"}}, {"type": "Feature", "geometry": {"type": "Point", "coordinates": [123.903819, 10.328731]}, "properties": {"category": "Retail"}}, {"type": "Feature", "geometry": {"type": "Point", "coordinates": [123.8732997, 10.3705118]}, "properties": {"category": "Retail"}}, {"type": "Feature", "geometry": {"type": "Point", "coordinates": [123.9107172, 10.3153489]}, "properties": {"category": "Retail"}}, {"type": "Feature", "geometry": {"type": "Point", "coordinates": [123.9000911, 10.3211878]}, "properties": {"category": "Retail"}}, {"type": "Feature", "geometry": {"type": "Point", "coordinates": [123.8829472, 10.312103]}, "properties": {"category": "Retail"}}, {"type": "Feature", "geometry": {"type": "Point", "coordinates": [123.909074, 10.3284419]}, "properties": {"category": "Retail"}}, {"type": "Feature", "geometry": {"type": "Point", "coordinates": [123.8981652, 10.3262134]}, "properties": {"category": "Retail"}}, {"type": "Feature", "geometry": {"type": "Point", "coordinates": [123.8708464, 10.3726654]}, "properties": {"category": "Retail"}}, {"type": "Feature", "geometry": {"type": "Point", "coordinates": [123.9039943, 10.3276212]}, "properties": {"category": "Retail"}}, {"type": "Feature", "geometry": {"type": "Point", "coordinates": [123.8868446, 10.3027669]}, "properties": {"category": "Retail"}}, {"type": "Feature", "geometry": {"type": "Point", "coordinates": [123.9059044, 10.3188965]}, "properties": {"category": "Retail"}}, {"type": "Feature", "geometry": {"type": "Point", "coordinates": [123.9100897, 10.3204806]}, "properties": {"category": "Retail"}}, {"type": "Feature", "geometry": {"type": "Point", "coordinates": [123.8978045, 10.310677]}, "properties": {"category": "Retail"}}, {"type": "Feature", "geometry": {"type": "Point", "coordinates": [123.8801458, 10.2817588]}, "properties": {"category": "Retail"}}, {"type": "Feature", "geometry": {"type": "Point", "coordinates": [123.8997585, 10.3172336]}, "properties": {"category": "Retail"}}, {"type": "Feature", "geometry": {"type": "Point", "coordinates": [123.901766, 10.3270805]}, "properties": {"category": "Retail"}}, {"type": "Feature", "geometry": {"type": "Point", "coordinates": [123.869225, 10.299745]}, "properties": {"category": "Retail"}}, {"type": "Feature", "geometry": {"type": "Point", "coordinates": [123.9027715, 10.3109572]}, "properties": {"category": "Retail"}}, {"type": "Feature", "geometry": {"type": "Point", "coordinates": [123.8969364, 10.3061073]}, "properties": {"category": "Retail"}}, {"type": "Feature", "geometry": {"type": "Point", "coordinates": [123.8869884, 10.3164723]}, "properties": {"category": "Retail"}}, {"type": "Feature", "geometry": {"type": "Point", "coordinates": [123.9055468, 10.301795]}, "properties": {"category": "Retail"}}, {"type": "Feature", "geometry": {"type": "Point", "coordinates": [123.8943659, 10.3053082]}, "properties": {"category": "Retail"}}, {"type": "Feature", "geometry": {"type": "Point", "coordinates": [123.9036474, 10.2929098]}, "properties": {"category": "Retail"}}, {"type": "Feature", "geometry": {"type": "Point", "coordinates": [123.9073705, 10.3213]}, "properties": {"category": "Retail"}}, {"type": "Feature", "geometry": {"type": "Point", "coordinates": [123.89231, 10.3108396]}, "properties": {"category": "Retail"}}, {"type": "Feature", "geometry": {"type": "Point", "coordinates": [123.8835455, 10.2928857]}, "properties": {"category": "Retail"}}, {"type": "Feature", "geometry": {"type": "Point", "coordinates": [123.8685822, 10.2939573]}, "properties": {"category": "Retail"}}, {"type": "Feature", "geometry": {"type": "Point", "coordinates": [123.8851421, 10.2979219]}, "properties": {"category": "Retail"}}, {"type": "Feature", "geometry": {"type": "Point", "coordinates": [123.899663, 10.3187719]}, "properties": {"category": "Retail"}}, {"type": "Feature", "geometry": {"type": "Point", "coordinates": [123.8805849, 10.2819004]}, "properties": {"category": "Retail"}}, {"type": "Feature", "geometry": {"type": "Point", "coordinates": [123.869651, 10.299655]}, "properties": {"category": "Retail"}}, {"type": "Feature", "geometry": {"type": "Point", "coordinates": [123.8983333, 10.3305556]}, "properties": {"category": "Retail"}}, {"type": "Feature", "geometry": {"type": "Point", "coordinates": [123.8930541, 10.3106706]}, "properties": {"category": "Retail"}}, {"type": "Feature", "geometry": {"type": "Point", "coordinates": [123.8708677, 10.2901216]}, "properties": {"category": "Retail"}}, {"type": "Feature", "geometry": {"type": "Point", "coordinates": [123.9067383, 10.3322229]}, "properties": {"category": "Retail"}}, {"type": "Feature", "geometry": {"type": "Point", "coordinates": [123.9070429, 10.3307975]}, "properties": {"category": "Retail"}}, {"type": "Feature", "geometry": {"type": "Point", "coordinates": [123.8766338, 10.3002198]}, "properties": {"category": "Retail"}}, {"type": "Feature", "geometry": {"type": "Point", "coordinates": [123.880091, 10.2816257]}, "properties": {"category": "Retail"}}, {"type": "Feature", "geometry": {"type": "Point", "coordinates": [123.9039241, 10.3173018]}, "properties": {"category": "Retail"}}, {"type": "Feature", "geometry": {"type": "Point", "coordinates": [123.9075694, 10.3299042]}, "properties": {"category": "Retail"}}, {"type": "Feature", "geometry": {"type": "Point", "coordinates": [123.9015498, 10.3184798]}, "properties": {"category": "Retail"}}, {"type": "Feature", "geometry": {"type": "Point", "coordinates": [123.8891835, 10.3170917]}, "properties": {"category": "Retail"}}, {"type": "Feature", "geometry": {"type": "Point", "coordinates": [123.873492, 10.3009865]}, "properties": {"category": "Retail"}}, {"type": "Feature", "geometry": {"type": "Point", "coordinates": [123.9014067, 10.3148643]}, "properties": {"category": "Retail"}}, {"type": "Feature", "geometry": {"type": "Point", "coordinates": [123.8811875, 10.2725291]}, "properties": {"category": "Retail"}}, {"type": "Feature", "geometry": {"type": "Point", "coordinates": [123.8898262, 10.3520307]}, "properties": {"category": "Retail"}}, {"type": "Feature", "geometry": {"type": "Point", "coordinates": [123.9069449, 10.332836]}, "properties": {"category": "Retail"}}, {"type": "Feature", "geometry": {"type": "Point", "coordinates": [123.8949466, 10.3114079]}, "properties": {"category": "Retail"}}, {"type": "Feature", "geometry": {"type": "Point", "coordinates": [123.9054645, 10.3309984]}, "properties": {"category": "Retail"}}, {"type": "Feature", "geometry": {"type": "Point", "coordinates": [123.9032019, 10.3133662]}, "properties": {"category": "Retail"}}, {"type": "Feature", "geometry": {"type": "Point", "coordinates": [123.906092, 10.314452]}, "properties": {"category": "Retail"}}, {"type": "Feature", "geometry": {"type": "Point", "coordinates": [123.8911582, 10.3124262]}, "properties": {"category": "Retail"}}, {"type": "Feature", "geometry": {"type": "Point", "coordinates": [123.9061016, 10.3267826]}, "properties": {"category": "Retail"}}, {"type": "Feature", "geometry": {"type": "Point", "coordinates": [123.9045939, 10.2956779]}, "properties": {"category": "Retail"}}, {"type": "Feature", "geometry": {"type": "Point", "coordinates": [123.9005209, 10.2937929]}, "properties": {"category": "Retail"}}, {"type": "Feature", "geometry": {"type": "Point", "coordinates": [123.9100318, 10.3280201]}, "properties": {"category": "Retail"}}, {"type": "Feature", "geometry": {"type": "Point", "coordinates": [123.881781, 10.291755]}, "properties": {"category": "Retail"}}, {"type": "Feature", "geometry": {"type": "Point", "coordinates": [123.9006872, 10.3319982]}, "properties": {"category": "Retail"}}, {"type": "Feature", "geometry": {"type": "Point", "coordinates": [123.890045, 10.303049]}, "properties": {"category": "Retail"}}, {"type": "Feature", "geometry": {"type": "Point", "coordinates": [123.8802517, 10.2915606]}, "properties": {"category": "Retail"}}, {"type": "Feature", "geometry": {"type": "Point", "coordinates": [123.8938528, 10.3102516]}, "properties": {"category": "Retail"}}, {"type": "Feature", "geometry": {"type": "Point", "coordinates": [123.8928052, 10.3037937]}, "properties": {"category": "Retail"}}, {"type": "Feature", "geometry": {"type": "Point", "coordinates": [123.9010546, 10.3184507]}, "properties": {"category": "Retail"}}, {"type": "Feature", "geometry": {"type": "Point", "coordinates": [123.9094447, 10.3248237]}, "properties": {"category": "Retail"}}, {"type": "Feature", "geometry": {"type": "Point", "coordinates": [123.911151, 10.3123849]}, "properties": {"category": "Retail"}}, {"type": "Feature", "geometry": {"type": "Point", "coordinates": [123.9090174, 10.3319056]}, "properties": {"category": "Retail"}}, {"type": "Feature", "geometry": {"type": "Point", "coordinates": [123.9049794, 10.3192535]}, "properties": {"category": "Retail"}}, {"type": "Feature", "geometry": {"type": "Point", "coordinates": [123.8991409, 10.3186541]}, "properties": {"category": "Retail"}}, {"type": "Feature", "geometry": {"type": "Point", "coordinates": [123.8982641, 10.3030148]}, "properties": {"category": "Retail"}}, {"type": "Feature", "geometry": {"type": "Point", "coordinates": [123.9164034, 10.311366]}, "properties": {"category": "Retail"}}, {"type": "Feature", "geometry": {"type": "Point", "coordinates": [123.896144, 10.3106145]}, "properties": {"category": "Retail"}}, {"type": "Feature", "geometry": {"type": "Point", "coordinates": [123.8862397, 10.3117963]}, "properties": {"category": "Retail"}}, {"type": "Feature", "geometry": {"type": "Point", "coordinates": [123.9039461, 10.3177982]}, "properties": {"category": "Retail"}}, {"type": "Feature", "geometry": {"type": "Point", "coordinates": [123.905143, 10.318225]}, "properties": {"category": "Retail"}}, {"type": "Feature", "geometry": {"type": "Point", "coordinates": [123.8814742, 10.2818038]}, "properties": {"category": "Retail"}}, {"type": "Feature", "geometry": {"type": "Point", "coordinates": [123.903771, 10.32865]}, "properties": {"category": "Retail"}}, {"type": "Feature", "geometry": {"type": "Point", "coordinates": [123.9047189, 10.3125199]}, "properties": {"category": "Retail"}}, {"type": "Feature", "geometry": {"type": "Point", "coordinates": [123.902954, 10.3194509]}, "properties": {"category": "Retail"}}, {"type": "Feature", "geometry": {"type": "Point", "coordinates": [123.9015265, 10.2916279]}, "properties": {"category": "Retail"}}, {"type": "Feature", "geometry": {"type": "Point", "coordinates": [123.9023857, 10.3167203]}, "properties": {"category": "Retail"}}, {"type": "Feature", "geometry": {"type": "Point", "coordinates": [123.9096791, 10.3196893]}, "properties": {"category": "Retail"}}, {"type": "Feature", "geometry": {"type": "Point", "coordinates": [123.906911, 10.327853]}, "properties": {"category": "Retail"}}, {"type": "Feature", "geometry": {"type": "Point", "coordinates": [123.9050723, 10.3292866]}, "properties": {"category": "Retail"}}, {"type": "Feature", "geometry": {"type": "Point", "coordinates": [123.9090369, 10.3319222]}, "properties": {"category": "Retail"}}, {"type": "Feature", "geometry": {"type": "Point", "coordinates": [123.9038093, 10.3195076]}, "properties": {"category": "Retail"}}, {"type": "Feature", "geometry": {"type": "Point", "coordinates": [123.9087756, 10.3241741]}, "properties": {"category": "Retail"}}, {"type": "Feature", "geometry": {"type": "Point", "coordinates": [123.880024, 10.28174]}, "properties": {"category": "Retail"}}, {"type": "Feature", "geometry": {"type": "Point", "coordinates": [123.8902901, 10.3128513]}, "properties": {"category": "Retail"}}, {"type": "Feature", "geometry": {"type": "Point", "coordinates": [123.9171124, 10.3120904]}, "properties": {"category": "Retail"}}, {"type": "Feature", "geometry": {"type": "Point", "coordinates": [123.8954964, 10.2983536]}, "properties": {"category": "Retail"}}, {"type": "Feature", "geometry": {"type": "Point", "coordinates": [123.863408, 10.285197]}, "properties": {"category": "Retail"}}, {"type": "Feature", "geometry": {"type": "Point", "coordinates": [123.8958505, 10.3183168]}, "properties": {"category": "Retail"}}, {"type": "Feature", "geometry": {"type": "Point", "coordinates": [123.9068644, 10.3303923]}, "properties": {"category": "Retail"}}, {"type": "Feature", "geometry": {"type": "Point", "coordinates": [123.909506, 10.3135504]}, "properties": {"category": "Retail"}}, {"type": "Feature", "geometry": {"type": "Point", "coordinates": [123.904755, 10.3286293]}, "properties": {"category": "Retail"}}, {"type": "Feature", "geometry": {"type": "Point", "coordinates": [123.8929892, 10.30335]}, "properties": {"category": "Retail"}}, {"type": "Feature", "geometry": {"type": "Point", "coordinates": [123.8954226, 10.3149181]}, "properties": {"category": "Retail"}}, {"type": "Feature", "geometry": {"type": "Point", "coordinates": [123.8794969, 10.3307846]}, "properties": {"category": "Retail"}}, {"type": "Feature", "geometry": {"type": "Point", "coordinates": [123.9075593, 10.3212113]}, "properties": {"category": "Retail"}}, {"type": "Feature", "geometry": {"type": "Point", "coordinates": [123.902589, 10.324885]}, "properties": {"category": "Retail"}}, {"type": "Feature", "geometry": {"type": "Point", "coordinates": [123.8940458, 10.3127301]}, "properties": {"category": "Retail"}}, {"type": "Feature", "geometry": {"type": "Point", "coordinates": [123.8851896, 10.3157438]}, "properties": {"category": "Retail"}}, {"type": "Feature", "geometry": {"type": "Point", "coordinates": [123.8699908, 10.294343]}, "properties": {"category": "Retail"}}, {"type": "Feature", "geometry": {"type": "Point", "coordinates": [123.8919859, 10.3169556]}, "properties": {"category": "Retail"}}, {"type": "Feature", "geometry": {"type": "Point", "coordinates": [123.878794, 10.2909286]}, "properties": {"category": "Retail"}}, {"type": "Feature", "geometry": {"type": "Point", "coordinates": [123.9095675, 10.3238931]}, "properties": {"category": "Retail"}}, {"type": "Feature", "geometry": {"type": "Point", "coordinates": [123.891817, 10.3111839]}, "properties": {"category": "Retail"}}, {"type": "Feature", "geometry": {"type": "Point", "coordinates": [123.9048117, 10.317349]}, "properties": {"category": "Retail"}}, {"type": "Feature", "geometry": {"type": "Point", "coordinates": [123.9051598, 10.3185358]}, "properties": {"category": "Retail"}}, {"type": "Feature", "geometry": {"type": "Point", "coordinates": [123.9091928, 10.327794]}, "properties": {"category": "Retail"}}, {"type": "Feature", "geometry": {"type": "Point", "coordinates": [123.904885, 10.318151]}, "properties": {"category": "Retail"}}, {"type": "Feature", "geometry": {"type": "Point", "coordinates": [123.860769, 10.28539]}, "properties": {"category": "Retail"}}, {"type": "Feature", "geometry": {"type": "Point", "coordinates": [123.887169, 10.298798]}, "properties": {"category": "Retail"}}, {"type": "Feature", "geometry": {"type": "Point", "coordinates": [123.8994126, 10.3203694]}, "properties": {"category": "Retail"}}, {"type": "Feature", "geometry": {"type": "Point", "coordinates": [123.900133, 10.330387]}, "properties": {"category": "Retail"}}, {"type": "Feature", "geometry": {"type": "Point", "coordinates": [123.8993142, 10.3205185]}, "properties": {"category": "Retail"}}, {"type": "Feature", "geometry": {"type": "Point", "coordinates": [123.900236, 10.330504]}, "properties": {"category": "Retail"}}, {"type": "Feature", "geometry": {"type": "Point", "coordinates": [123.907384, 10.325405]}, "properties": {"category": "Retail"}}, {"type": "Feature", "geometry": {"type": "Point", "coordinates": [123.9053738, 10.3275456]}, "properties": {"category": "Retail"}}, {"type": "Feature", "geometry": {"type": "Point", "coordinates": [123.9136893, 10.3245217]}, "properties": {"category": "Retail"}}, {"type": "Feature", "geometry": {"type": "Point", "coordinates": [123.9149828, 10.3239156]}, "properties": {"category": "Retail"}}, {"type": "Feature", "geometry": {"type": "Point", "coordinates": [123.9026177, 10.3200254]}, "properties": {"category": "Retail"}}, {"type": "Feature", "geometry": {"type": "Point", "coordinates": [123.8819009, 10.2821661]}, "properties": {"category": "Retail"}}, {"type": "Feature", "geometry": {"type": "Point", "coordinates": [123.9037097, 10.3294898]}, "properties": {"category": "Retail"}}, {"type": "Feature", "geometry": {"type": "Point", "coordinates": [123.891932, 10.310405]}, "properties": {"category": "Retail"}}, {"type": "Feature", "geometry": {"type": "Point", "coordinates": [123.907294, 10.328396]}, "properties": {"category": "Retail"}}, {"type": "Feature", "geometry": {"type": "Point", "coordinates": [123.8710791, 10.3013685]}, "properties": {"category": "Retail"}}, {"type": "Feature", "geometry": {"type": "Point", "coordinates": [123.8699483, 10.2868533]}, "properties": {"category": "Retail"}}, {"type": "Feature", "geometry": {"type": "Point", "coordinates": [123.9048322, 10.3217516]}, "properties": {"category": "Retail"}}, {"type": "Feature", "geometry": {"type": "Point", "coordinates": [123.9119531, 10.3128375]}, "properties": {"category": "Retail"}}, {"type": "Feature", "geometry": {"type": "Point", "coordinates": [123.8989246, 10.3210655]}, "properties": {"category": "Retail"}}, {"type": "Feature", "geometry": {"type": "Point", "coordinates": [123.9080588, 10.3246918]}, "properties": {"category": "Retail"}}, {"type": "Feature", "geometry": {"type": "Point", "coordinates": [123.9072069, 10.3297006]}, "properties": {"category": "Retail"}}, {"type": "Feature", "geometry": {"type": "Point", "coordinates": [123.9053486, 10.3156663]}, "properties": {"category": "Retail"}}, {"type": "Feature", "geometry": {"type": "Point", "coordinates": [123.9099137, 10.3197424]}, "properties": {"category": "Retail"}}, {"type": "Feature", "geometry": {"type": "Point", "coordinates": [123.9053877, 10.3307629]}, "properties": {"category": "Retail"}}, {"type": "Feature", "geometry": {"type": "Point", "coordinates": [123.9057056, 10.31754]}, "properties": {"category": "Retail"}}, {"type": "Feature", "geometry": {"type": "Point", "coordinates": [123.8812814, 10.2815406]}, "properties": {"category": "Retail"}}, {"type": "Feature", "geometry": {"type": "Point", "coordinates": [123.9001891, 10.2975285]}, "properties": {"category": "Retail"}}, {"type": "Feature", "geometry": {"type": "Point", "coordinates": [123.8939221, 10.3131417]}, "properties": {"category": "Retail"}}, {"type": "Feature", "geometry": {"type": "Point", "coordinates": [123.901599, 10.3295964]}, "properties": {"category": "Retail"}}, {"type": "Feature", "geometry": {"type": "Point", "coordinates": [123.8923564, 10.316516]}, "properties": {"category": "Retail"}}, {"type": "Feature", "geometry": {"type": "Point", "coordinates": [123.9039241, 10.3173018]}, "properties": {"category": "Retail"}}, {"type": "Feature", "geometry": {"type": "Point", "coordinates": [123.9052768, 10.3184834]}, "properties": {"category": "Retail"}}, {"type": "Feature", "geometry": {"type": "Point", "coordinates": [123.8984095, 10.3306778]}, "properties": {"category": "Retail"}}, {"type": "Feature", "geometry": {"type": "Point", "coordinates": [123.9126417, 10.3224796]}, "properties": {"category": "Retail"}}, {"type": "Feature", "geometry": {"type": "Point", "coordinates": [123.9002956, 10.3318792]}, "properties": {"category": "Retail"}}, {"type": "Feature", "geometry": {"type": "Point", "coordinates": [123.9049466, 10.31811]}, "properties": {"category": "Retail"}}, {"type": "Feature", "geometry": {"type": "Point", "coordinates": [123.87395, 10.2902449]}, "properties": {"category": "Retail"}}, {"type": "Feature", "geometry": {"type": "Point", "coordinates": [123.9119685, 10.3035455]}, "properties": {"category": "Retail"}}, {"type": "Feature", "geometry": {"type": "Point", "coordinates": [123.891932, 10.310405]}, "properties": {"category": "Retail"}}, {"type": "Feature", "geometry": {"type": "Point", "coordinates": [123.8799074, 10.2821466]}, "properties": {"category": "Retail"}}, {"type": "Feature", "geometry": {"type": "Point", "coordinates": [123.868873, 10.296171]}, "properties": {"category": "Retail"}}, {"type": "Feature", "geometry": {"type": "Point", "coordinates": [123.8948378, 10.3088659]}, "properties": {"category": "Retail"}}, {"type": "Feature", "geometry": {"type": "Point", "coordinates": [123.8799276, 10.2821016]}, "properties": {"category": "Retail"}}, {"type": "Feature", "geometry": {"type": "Point", "coordinates": [123.905712, 10.3168127]}, "properties": {"category": "Retail"}}, {"type": "Feature", "geometry": {"type": "Point", "coordinates": [123.9045261, 10.3128745]}, "properties": {"category": "Retail"}}, {"type": "Feature", "geometry": {"type": "Point", "coordinates": [123.9059466, 10.317699]}, "properties": {"category": "Retail"}}, {"type": "Feature", "geometry": {"type": "Point", "coordinates": [123.9044453, 10.3130091]}, "properties": {"category": "Retail"}}, {"type": "Feature", "geometry": {"type": "Point", "coordinates": [123.8816199, 10.2811542]}, "properties": {"category": "Retail"}}, {"type": "Feature", "geometry": {"type": "Point", "coordinates": [123.9086043, 10.3268921]}, "properties": {"category": "Retail"}}, {"type": "Feature", "geometry": {"type": "Point", "coordinates": [123.913031, 10.3227477]}, "properties": {"category": "Retail"}}, {"type": "Feature", "geometry": {"type": "Point", "coordinates": [123.8955578, 10.3100463]}, "properties": {"category": "Retail"}}, {"type": "Feature", "geometry": {"type": "Point", "coordinates": [123.8922701, 10.2945417]}, "properties": {"category": "Retail"}}, {"type": "Feature", "geometry": {"type": "Point", "coordinates": [123.880604, 10.281271]}, "properties": {"category": "Retail"}}, {"type": "Feature", "geometry": {"type": "Point", "coordinates": [123.8815387, 10.2800696]}, "properties": {"category": "Retail"}}, {"type": "Feature", "geometry": {"type": "Point", "coordinates": [123.8708577, 10.3706646]}, "properties": {"category": "Retail"}}, {"type": "Feature", "geometry": {"type": "Point", "coordinates": [123.9094188, 10.3283157]}, "properties": {"category": "Retail"}}, {"type": "Feature", "geometry": {"type": "Point", "coordinates": [123.9050178, 10.3182075]}, "properties": {"category": "Retail"}}, {"type": "Feature", "geometry": {"type": "Point", "coordinates": [123.8957927, 10.3175532]}, "properties": {"category": "Retail"}}, {"type": "Feature", "geometry": {"type": "Point", "coordinates": [123.9058365, 10.3124356]}, "properties": {"category": "Retail"}}, {"type": "Feature", "geometry": {"type": "Point", "coordinates": [123.8977776, 10.2969323]}, "properties": {"category": "Retail"}}, {"type": "Feature", "geometry": {"type": "Point", "coordinates": [123.8932132, 10.3152425]}, "properties": {"category": "Retail"}}, {"type": "Feature", "geometry": {"type": "Point", "coordinates": [123.907964, 10.3119832]}, "properties": {"category": "Retail"}}, {"type": "Feature", "geometry": {"type": "Point", "coordinates": [123.869346, 10.2997599]}, "properties": {"category": "Retail"}}, {"type": "Feature", "geometry": {"type": "Point", "coordinates": [123.8783, 10.3270953]}, "properties": {"category": "Retail"}}, {"type": "Feature", "geometry": {"type": "Point", "coordinates": [123.8873706, 10.2931232]}, "properties": {"category": "Retail"}}, {"type": "Feature", "geometry": {"type": "Point", "coordinates": [123.8941448, 10.3080508]}, "properties": {"category": "Retail"}}, {"type": "Feature", "geometry": {"type": "Point", "coordinates": [123.8706238, 10.3014617]}, "properties": {"category": "Retail"}}, {"type": "Feature", "geometry": {"type": "Point", "coordinates": [123.9065126, 10.3295989]}, "properties": {"category": "Retail"}}, {"type": "Feature", "geometry": {"type": "Point", "coordinates": [123.905129, 10.318417]}, "properties": {"category": "Retail"}}, {"type": "Feature", "geometry": {"type": "Point", "coordinates": [123.9058947, 10.3305416]}, "properties": {"category": "Retail"}}, {"type": "Feature", "geometry": {"type": "Point", "coordinates": [123.8930344, 10.319736]}, "properties": {"category": "Retail"}}, {"type": "Feature", "geometry": {"type": "Point", "coordinates": [123.9088745, 10.326854]}, "properties": {"category": "Retail"}}, {"type": "Feature", "geometry": {"type": "Point", "coordinates": [123.8929591, 10.311304]}, "properties": {"category": "Retail"}}, {"type": "Feature", "geometry": {"type": "Point", "coordinates": [123.8857856, 10.3144954]}, "properties": {"category": "Retail"}}, {"type": "Feature", "geometry": {"type": "Point", "coordinates": [123.8843269, 10.2928226]}, "properties": {"category": "Retail"}}, {"type": "Feature", "geometry": {"type": "Point", "coordinates": [123.9059571, 10.3219522]}, "properties": {"category": "Retail"}}, {"type": "Feature", "geometry": {"type": "Point", "coordinates": [123.9085433, 10.3247659]}, "properties": {"category": "Retail"}}, {"type": "Feature", "geometry": {"type": "Point", "coordinates": [123.908365, 10.3313632]}, "properties": {"category": "Retail"}}, {"type": "Feature", "geometry": {"type": "Point", "coordinates": [123.9037137, 10.3280196]}, "properties": {"category": "Retail"}}, {"type": "Feature", "geometry": {"type": "Point", "coordinates": [123.9537122, 10.3715167]}, "properties": {"category": "Retail"}}, {"type": "Feature", "geometry": {"type": "Point", "coordinates": [123.9661823, 10.3800388]}, "properties": {"category": "Retail"}}, {"type": "Feature", "geometry": {"type": "Point", "coordinates": [123.9698853, 10.3814058]}, "properties": {"category": "Retail"}}, {"type": "Feature", "geometry": {"type": "Point", "coordinates": [123.9586953, 10.3764165]}, "properties": {"category": "Retail"}}, {"type": "Feature", "geometry": {"type": "Point", "coordinates": [123.9496068, 10.3621018]}, "properties": {"category": "Retail"}}, {"type": "Feature", "geometry": {"type": "Point", "coordinates": [123.9803906, 10.3601375]}, "properties": {"category": "Retail"}}, {"type": "Feature", "geometry": {"type": "Point", "coordinates": [123.9698154, 10.3814132]}, "properties": {"category": "Retail"}}, {"type": "Feature", "geometry": {"type": "Point", "coordinates": [123.9600428, 10.3750063]}, "properties": {"category": "Retail"}}, {"type": "Feature", "geometry": {"type": "Point", "coordinates": [123.9792761, 10.3629697]}, "properties": {"category": "Retail"}}, {"type": "Feature", "geometry": {"type": "Point", "coordinates": [123.9579683, 10.3828407]}, "properties": {"category": "Retail"}}, {"type": "Feature", "geometry": {"type": "Point", "coordinates": [123.9621787, 10.3703425]}, "properties": {"category": "Retail"}}, {"type": "Feature", "geometry": {"type": "Point", "coordinates": [123.9728267, 10.383352]}, "properties": {"category": "Retail"}}, {"type": "Feature", "geometry": {"type": "Point", "coordinates": [123.958057, 10.376472]}, "properties": {"category": "Retail"}}, {"type": "Feature", "geometry": {"type": "Point", "coordinates": [123.9724527, 10.3806668]}, "properties": {"category": "Retail"}}, {"type": "Feature", "geometry": {"type": "Point", "coordinates": [123.9620165, 10.3638591]}, "properties": {"category": "Retail"}}, {"type": "Feature", "geometry": {"type": "Point", "coordinates": [123.9567812, 10.3756062]}, "properties": {"category": "Retail"}}, {"type": "Feature", "geometry": {"type": "Point", "coordinates": [123.9571411, 10.3857898]}, "properties": {"category": "Retail"}}, {"type": "Feature", "geometry": {"type": "Point", "coordinates": [123.9688203, 10.3810171]}, "properties": {"category": "Retail"}}, {"type": "Feature", "geometry": {"type": "Point", "coordinates": [123.960312, 10.37507]}, "properties": {"category": "Retail"}}, {"type": "Feature", "geometry": {"type": "Point", "coordinates": [123.9566278, 10.3918699]}, "properties": {"category": "Retail"}}, {"type": "Feature", "geometry": {"type": "Point", "coordinates": [123.9641768, 10.3699802]}, "properties": {"category": "Retail"}}, {"type": "Feature", "geometry": {"type": "Point", "coordinates": [123.968767, 10.3745763]}, "properties": {"category": "Retail"}}, {"type": "Feature", "geometry": {"type": "Point", "coordinates": [123.9608275, 10.3768462]}, "properties": {"category": "Retail"}}, {"type": "Feature", "geometry": {"type": "Point", "coordinates": [123.9669738, 10.3803958]}, "properties": {"category": "Retail"}}, {"type": "Feature", "geometry": {"type": "Point", "coordinates": [123.964846, 10.379547]}, "properties": {"category": "Retail"}}, {"type": "Feature", "geometry": {"type": "Point", "coordinates": [123.9564166, 10.3628778]}, "properties": {"category": "Retail"}}, {"type": "Feature", "geometry": {"type": "Point", "coordinates": [123.9696323, 10.370494]}, "properties": {"category": "Retail"}}, {"type": "Feature", "geometry": {"type": "Point", "coordinates": [123.9605212, 10.3764304]}, "properties": {"category": "Retail"}}, {"type": "Feature", "geometry": {"type": "Point", "coordinates": [123.9576593, 10.3702664]}, "properties": {"category": "Retail"}}, {"type": "Feature", "geometry": {"type": "Point", "coordinates": [123.9817852, 10.3651332]}, "properties": {"category": "Retail"}}, {"type": "Feature", "geometry": {"type": "Point", "coordinates": [123.9582829, 10.3707414]}, "properties": {"category": "Retail"}}, {"type": "Feature", "geometry": {"type": "Point", "coordinates": [123.9658163, 10.3749298]}, "properties": {"category": "Retail"}}, {"type": "Feature", "geometry": {"type": "Point", "coordinates": [123.9697523, 10.3844953]}, "properties": {"category": "Retail"}}, {"type": "Feature", "geometry": {"type": "Point", "coordinates": [123.9598572, 10.3706476]}, "properties": {"category": "Retail"}}, {"type": "Feature", "geometry": {"type": "Point", "coordinates": [123.9601894, 10.3723713]}, "properties": {"category": "Retail"}}, {"type": "Feature", "geometry": {"type": "Point", "coordinates": [123.9643033, 10.3697463]}, "properties": {"category": "Retail"}}, {"type": "Feature", "geometry": {"type": "Point", "coordinates": [123.9732843, 10.3819825]}, "properties": {"category": "Retail"}}, {"type": "Feature", "geometry": {"type": "Point", "coordinates": [123.9640145, 10.3797873]}, "properties": {"category": "Retail"}}, {"type": "Feature", "geometry": {"type": "Point", "coordinates": [123.9646592, 10.3795616]}, "properties": {"category": "Retail"}}, {"type": "Feature", "geometry": {"type": "Point", "coordinates": [123.9724759, 10.370714]}, "properties": {"category": "Retail"}}, {"type": "Feature", "geometry": {"type": "Point", "coordinates": [123.9571983, 10.3751514]}, "properties": {"category": "Retail"}}, {"type": "Feature", "geometry": {"type": "Point", "coordinates": [123.9540057, 10.3720885]}, "properties": {"category": "Retail"}}, {"type": "Feature", "geometry": {"type": "Point", "coordinates": [123.9616494, 10.3740885]}, "properties": {"category": "Retail"}}, {"type": "Feature", "geometry": {"type": "Point", "coordinates": [123.9567874, 10.3928565]}, "properties": {"category": "Retail"}}, {"type": "Feature", "geometry": {"type": "Point", "coordinates": [123.9658618, 10.384922]}, "properties": {"category": "Retail"}}, {"type": "Feature", "geometry": {"type": "Point", "coordinates": [123.964861, 10.3796049]}, "properties": {"category": "Retail"}}, {"type": "Feature", "geometry": {"type": "Point", "coordinates": [123.9517549, 10.3709144]}, "properties": {"category": "Retail"}}, {"type": "Feature", "geometry": {"type": "Point", "coordinates": [123.9599723, 10.3803925]}, "properties": {"category": "Retail"}}, {"type": "Feature", "geometry": {"type": "Point", "coordinates": [123.9437624, 10.3908492]}, "properties": {"category": "Retail"}}, {"type": "Feature", "geometry": {"type": "Point", "coordinates": [123.9610342, 10.3747157]}, "properties": {"category": "Retail"}}, {"type": "Feature", "geometry": {"type": "Point", "coordinates": [123.9612357, 10.3767167]}, "properties": {"category": "Retail"}}, {"type": "Feature", "geometry": {"type": "Point", "coordinates": [123.9542937, 10.3721083]}, "properties": {"category": "Retail"}}, {"type": "Feature", "geometry": {"type": "Point", "coordinates": [123.9664662, 10.3703061]}, "properties": {"category": "Retail"}}, {"type": "Feature", "geometry": {"type": "Point", "coordinates": [123.9630968, 10.3853851]}, "properties": {"category": "Retail"}}, {"type": "Feature", "geometry": {"type": "Point", "coordinates": [123.9634589, 10.3812552]}, "properties": {"category": "Retail"}}, {"type": "Feature", "geometry": {"type": "Point", "coordinates": [123.9692887, 10.3689799]}, "properties": {"category": "Retail"}}, {"type": "Feature", "geometry": {"type": "Point", "coordinates": [123.9695581, 10.3798019]}, "properties": {"category": "Retail"}}, {"type": "Feature", "geometry": {"type": "Point", "coordinates": [123.9646542, 10.3803681]}, "properties": {"category": "Retail"}}, {"type": "Feature", "geometry": {"type": "Point", "coordinates": [123.9565752, 10.3754989]}, "properties": {"category": "Retail"}}, {"type": "Feature", "geometry": {"type": "Point", "coordinates": [123.956743, 10.3756212]}, "properties": {"category": "Retail"}}, {"type": "Feature", "geometry": {"type": "Point", "coordinates": [123.9293845, 10.4284228]}, "properties": {"category": "Retail"}}, {"type": "Feature", "geometry": {"type": "Point", "coordinates": [123.964161, 10.37976]}, "properties": {"category": "Retail"}}, {"type": "Feature", "geometry": {"type": "Point", "coordinates": [123.9557037, 10.3792501]}, "properties": {"category": "Retail"}}, {"type": "Feature", "geometry": {"type": "Point", "coordinates": [123.9726143, 10.3831489]}, "properties": {"category": "Retail"}}, {"type": "Feature", "geometry": {"type": "Point", "coordinates": [123.954559, 10.363006]}, "properties": {"category": "Retail"}}, {"type": "Feature", "geometry": {"type": "Point", "coordinates": [123.9652094, 10.3796255]}, "properties": {"category": "Retail"}}, {"type": "Feature", "geometry": {"type": "Point", "coordinates": [123.9550542, 10.3741185]}, "properties": {"category": "Retail"}}, {"type": "Feature", "geometry": {"type": "Point", "coordinates": [123.9592718, 10.3716411]}, "properties": {"category": "Retail"}}, {"type": "Feature", "geometry": {"type": "Point", "coordinates": [123.9714618, 10.3799918]}, "properties": {"category": "Retail"}}, {"type": "Feature", "geometry": {"type": "Point", "coordinates": [123.9603579, 10.3748342]}, "properties": {"category": "Retail"}}, {"type": "Feature", "geometry": {"type": "Point", "coordinates": [123.9666763, 10.3745141]}, "properties": {"category": "Retail"}}, {"type": "Feature", "geometry": {"type": "Point", "coordinates": [123.9546398, 10.3724237]}, "properties": {"category": "Retail"}}, {"type": "Feature", "geometry": {"type": "Point", "coordinates": [123.9596722, 10.3762772]}, "properties": {"category": "Retail"}}, {"type": "Feature", "geometry": {"type": "Point", "coordinates": [123.9709252, 10.3821413]}, "properties": {"category": "Retail"}}, {"type": "Feature", "geometry": {"type": "Point", "coordinates": [123.9579721, 10.3764107]}, "properties": {"category": "Retail"}}, {"type": "Feature", "geometry": {"type": "Point", "coordinates": [123.964963, 10.3798285]}, "properties": {"category": "Retail"}}, {"type": "Feature", "geometry": {"type": "Point", "coordinates": [123.9771461, 10.3639382]}, "properties": {"category": "Retail"}}, {"type": "Feature", "geometry": {"type": "Point", "coordinates": [123.9659047, 10.3687534]}, "properties": {"category": "Retail"}}, {"type": "Feature", "geometry": {"type": "Point", "coordinates": [123.9636611, 10.3783455]}, "properties": {"category": "Retail"}}, {"type": "Feature", "geometry": {"type": "Point", "coordinates": [123.9513364, 10.3644399]}, "properties": {"category": "Retail"}}, {"type": "Feature", "geometry": {"type": "Point", "coordinates": [123.9689941, 10.3787593]}, "properties": {"category": "Retail"}}, {"type": "Feature", "geometry": {"type": "Point", "coordinates": [123.9633058, 10.3756954]}, "properties": {"category": "Retail"}}, {"type": "Feature", "geometry": {"type": "Point", "coordinates": [123.9677632, 10.3857917]}, "properties": {"category": "Retail"}}, {"type": "Feature", "geometry": {"type": "Point", "coordinates": [123.9686346, 10.3740406]}, "properties": {"category": "Retail"}}, {"type": "Feature", "geometry": {"type": "Point", "coordinates": [123.9616498, 10.3756323]}, "properties": {"category": "Retail"}}, {"type": "Feature", "geometry": {"type": "Point", "coordinates": [123.9616578, 10.3701685]}, "properties": {"category": "Retail"}}, {"type": "Feature", "geometry": {"type": "Point", "coordinates": [123.9568087, 10.3863207]}, "properties": {"category": "Retail"}}, {"type": "Feature", "geometry": {"type": "Point", "coordinates": [123.9767031, 10.3626875]}, "properties": {"category": "Retail"}}, {"type": "Feature", "geometry": {"type": "Point", "coordinates": [123.9646104, 10.3775393]}, "properties": {"category": "Retail"}}, {"type": "Feature", "geometry": {"type": "Point", "coordinates": [123.9646723, 10.379635]}, "properties": {"category": "Retail"}}, {"type": "Feature", "geometry": {"type": "Point", "coordinates": [123.9718061, 10.3716718]}, "properties": {"category": "Retail"}}, {"type": "Feature", "geometry": {"type": "Point", "coordinates": [123.964232, 10.3779836]}, "properties": {"category": "Retail"}}, {"type": "Feature", "geometry": {"type": "Point", "coordinates": [123.9611851, 10.3730284]}, "properties": {"category": "Retail"}}, {"type": "Feature", "geometry": {"type": "Point", "coordinates": [123.9580107, 10.3736865]}, "properties": {"category": "Retail"}}, {"type": "Feature", "geometry": {"type": "Point", "coordinates": [123.9584891, 10.3763878]}, "properties": {"category": "Retail"}}, {"type": "Feature", "geometry": {"type": "Point", "coordinates": [123.9680522, 10.3886397]}, "properties": {"category": "Retail"}}, {"type": "Feature", "geometry": {"type": "Point", "coordinates": [123.9582562, 10.3707146]}, "properties": {"category": "Retail"}}, {"type": "Feature", "geometry": {"type": "Point", "coordinates": [123.9589979, 10.3650372]}, "properties": {"category": "Retail"}}, {"type": "Feature", "geometry": {"type": "Point", "coordinates": [123.9628064, 10.3751495]}, "properties": {"category": "Retail"}}, {"type": "Feature", "geometry": {"type": "Point", "coordinates": [123.9584389, 10.3764206]}, "properties": {"category": "Retail"}}, {"type": "Feature", "geometry": {"type": "Point", "coordinates": [123.9618815, 10.3643457]}, "properties": {"category": "Retail"}}, {"type": "Feature", "geometry": {"type": "Point", "coordinates": [123.9633757, 10.379759]}, "properties": {"category": "Retail"}}, {"type": "Feature", "geometry": {"type": "Point", "coordinates": [123.9754956, 10.3559252]}, "properties": {"category": "Retail"}}, {"type": "Feature", "geometry": {"type": "Point", "coordinates": [123.9666001, 10.3799202]}, "properties": {"category": "Retail"}}, {"type": "Feature", "geometry": {"type": "Point", "coordinates": [123.9654158, 10.3631317]}, "properties": {"category": "Retail"}}, {"type": "Feature", "geometry": {"type": "Point", "coordinates": [123.9575495, 10.3839292]}, "properties": {"category": "Retail"}}, {"type": "Feature", "geometry": {"type": "Point", "coordinates": [123.9636869, 10.3792634]}, "properties": {"category": "Retail"}}, {"type": "Feature", "geometry": {"type": "Point", "coordinates": [123.9733162, 10.3775311]}, "properties": {"category": "Retail"}}, {"type": "Feature", "geometry": {"type": "Point", "coordinates": [123.9584764, 10.3708248]}, "properties": {"category": "Retail"}}, {"type": "Feature", "geometry": {"type": "Point", "coordinates": [123.9657449, 10.3797983]}, "properties": {"category": "Retail"}}, {"type": "Feature", "geometry": {"type": "Point", "coordinates": [123.9599761, 10.3762661]}, "properties": {"category": "Retail"}}, {"type": "Feature", "geometry": {"type": "Point", "coordinates": [123.9570163, 10.37358]}, "properties": {"category": "Retail"}}, {"type": "Feature", "geometry": {"type": "Point", "coordinates": [123.9736226, 10.3786412]}, "properties": {"category": "Retail"}}, {"type": "Feature", "geometry": {"type": "Point", "coordinates": [123.9682183, 10.3805372]}, "properties": {"category": "Retail"}}, {"type": "Feature", "geometry": {"type": "Point", "coordinates": [123.9594513, 10.3737012]}, "properties": {"category": "Retail"}}, {"type": "Feature", "geometry": {"type": "Point", "coordinates": [123.9657616, 10.3757477]}, "properties": {"category": "Retail"}}, {"type": "Feature", "geometry": {"type": "Point", "coordinates": [123.9641477, 10.3805942]}, "properties": {"category": "Retail"}}, {"type": "Feature", "geometry": {"type": "Point", "coordinates": [123.9660796, 10.3684361]}, "properties": {"category": "Retail"}}, {"type": "Feature", "geometry": {"type": "Point", "coordinates": [123.9577381, 10.3970315]}, "properties": {"category": "Retail"}}, {"type": "Feature", "geometry": {"type": "Point", "coordinates": [123.9494978, 10.3733286]}, "properties": {"category": "Retail"}}, {"type": "Feature", "geometry": {"type": "Point", "coordinates": [123.9613386, 10.37283]}, "properties": {"category": "Retail"}}, {"type": "Feature", "geometry": {"type": "Point", "coordinates": [123.9640306, 10.378725]}, "properties": {"category": "Retail"}}, {"type": "Feature", "geometry": {"type": "Point", "coordinates": [123.9652094, 10.3796255]}, "properties": {"category": "Retail"}}, {"type": "Feature", "geometry": {"type": "Point", "coordinates": [123.9640393, 10.3802241]}, "properties": {"category": "Retail"}}, {"type": "Feature", "geometry": {"type": "Point", "coordinates": [123.9610434, 10.3740676]}, "properties": {"category": "Retail"}}, {"type": "Feature", "geometry": {"type": "Point", "coordinates": [123.9624392, 10.3832416]}, "properties": {"category": "Retail"}}, {"type": "Feature", "geometry": {"type": "Point", "coordinates": [123.9649569, 10.3803658]}, "properties": {"category": "Retail"}}, {"type": "Feature", "geometry": {"type": "Point", "coordinates": [123.9622115, 10.3702466]}, "properties": {"category": "Retail"}}, {"type": "Feature", "geometry": {"type": "Point", "coordinates": [123.960703, 10.375342]}, "properties": {"category": "Retail"}}, {"type": "Feature", "geometry": {"type": "Point", "coordinates": [123.9631223, 10.3659943]}, "properties": {"category": "Retail"}}, {"type": "Feature", "geometry": {"type": "Point", "coordinates": [123.9537771, 10.375353]}, "properties": {"category": "Retail"}}, {"type": "Feature", "geometry": {"type": "Point", "coordinates": [123.9582742, 10.374728]}, "properties": {"category": "Retail"}}, {"type": "Feature", "geometry": {"type": "Point", "coordinates": [123.9808141, 10.3609662]}, "properties": {"category": "Retail"}}, {"type": "Feature", "geometry": {"type": "Point", "coordinates": [123.9705433, 10.3688095]}, "properties": {"category": "Retail"}}, {"type": "Feature", "geometry": {"type": "Point", "coordinates": [123.9671893, 10.3778008]}, "properties": {"category": "Retail"}}, {"type": "Feature", "geometry": {"type": "Point", "coordinates": [123.9615204, 10.3702614]}, "properties": {"category": "Retail"}}, {"type": "Feature", "geometry": {"type": "Point", "coordinates": [123.9621682, 10.3774682]}, "properties": {"category": "Retail"}}, {"type": "Feature", "geometry": {"type": "Point", "coordinates": [123.954309, 10.377692]}, "properties": {"category": "Retail"}}, {"type": "Feature", "geometry": {"type": "Point", "coordinates": [123.9583373, 10.376864]}, "properties": {"category": "Retail"}}, {"type": "Feature", "geometry": {"type": "Point", "coordinates": [123.9717637, 10.3793051]}, "properties": {"category": "Retail"}}, {"type": "Feature", "geometry": {"type": "Point", "coordinates": [123.964437, 10.380033]}, "properties": {"category": "Retail"}}, {"type": "Feature", "geometry": {"type": "Point", "coordinates": [123.9599911, 10.37479]}, "properties": {"category": "Retail"}}, {"type": "Feature", "geometry": {"type": "Point", "coordinates": [123.9690994, 10.3793907]}, "properties": {"category": "Retail"}}, {"type": "Feature", "geometry": {"type": "Point", "coordinates": [123.9541434, 10.3718762]}, "properties": {"category": "Retail"}}, {"type": "Feature", "geometry": {"type": "Point", "coordinates": [123.9614997, 10.3702479]}, "properties": {"category": "Retail"}}, {"type": "Feature", "geometry": {"type": "Point", "coordinates": [123.962935, 10.3854683]}, "properties": {"category": "Retail"}}, {"type": "Feature", "geometry": {"type": "Point", "coordinates": [123.9688429, 10.3787167]}, "properties": {"category": "Retail"}}, {"type": "Feature", "geometry": {"type": "Point", "coordinates": [123.95523, 10.378543]}, "properties": {"category": "Retail"}}, {"type": "Feature", "geometry": {"type": "Point", "coordinates": [123.9643934, 10.3780897]}, "properties": {"category": "Retail"}}, {"type": "Feature", "geometry": {"type": "Point", "coordinates": [123.9546606, 10.3787828]}, "properties": {"category": "Retail"}}, {"type": "Feature", "geometry": {"type": "Point", "coordinates": [123.96076, 10.3739879]}, "properties": {"category": "Retail"}}, {"type": "Feature", "geometry": {"type": "Point", "coordinates": [123.955445, 10.3743159]}, "properties": {"category": "Retail"}}, {"type": "Feature", "geometry": {"type": "Point", "coordinates": [123.9750979, 10.3846405]}, "properties": {"category": "Retail"}}, {"type": "Feature", "geometry": {"type": "Point", "coordinates": [123.9687593, 10.3687511]}, "properties": {"category": "Retail"}}, {"type": "Feature", "geometry": {"type": "Point", "coordinates": [123.9601001, 10.375207]}, "properties": {"category": "Retail"}}, {"type": "Feature", "geometry": {"type": "Point", "coordinates": [123.939653, 10.4275144]}, "properties": {"category": "Retail"}}, {"type": "Feature", "geometry": {"type": "Point", "coordinates": [123.9557946, 10.3707142]}, "properties": {"category": "Retail"}}, {"type": "Feature", "geometry": {"type": "Point", "coordinates": [123.9641793, 10.3698212]}, "properties": {"category": "Retail"}}, {"type": "Feature", "geometry": {"type": "Point", "coordinates": [123.9657113, 10.3761916]}, "properties": {"category": "Retail"}}, {"type": "Feature", "geometry": {"type": "Point", "coordinates": [123.9705577, 10.3816394]}, "properties": {"category": "Retail"}}, {"type": "Feature", "geometry": {"type": "Point", "coordinates": [123.9716058, 10.3757444]}, "properties": {"category": "Retail"}}, {"type": "Feature", "geometry": {"type": "Point", "coordinates": [123.962225, 10.3745305]}, "properties": {"category": "Retail"}}, {"type": "Feature", "geometry": {"type": "Point", "coordinates": [123.980382, 10.3599227]}, "properties": {"category": "Retail"}}, {"type": "Feature", "geometry": {"type": "Point", "coordinates": [123.922639, 10.4235971]}, "properties": {"category": "Retail"}}, {"type": "Feature", "geometry": {"type": "Point", "coordinates": [123.9540045, 10.3720868]}, "properties": {"category": "Retail"}}, {"type": "Feature", "geometry": {"type": "Point", "coordinates": [123.9690652, 10.3887874]}, "properties": {"category": "Retail"}}, {"type": "Feature", "geometry": {"type": "Point", "coordinates": [123.9743928, 10.3721462]}, "properties": {"category": "Retail"}}, {"type": "Feature", "geometry": {"type": "Point", "coordinates": [123.9561506, 10.3750475]}, "properties": {"category": "Retail"}}, {"type": "Feature", "geometry": {"type": "Point", "coordinates": [123.9561488, 10.3750453]}, "properties": {"category": "Retail"}}, {"type": "Feature", "geometry": {"type": "Point", "coordinates": [123.95831, 10.3769052]}, "properties": {"category": "Retail"}}, {"type": "Feature", "geometry": {"type": "Point", "coordinates": [123.9647829, 10.3799905]}, "properties": {"category": "Retail"}}, {"type": "Feature", "geometry": {"type": "Point", "coordinates": [123.9629389, 10.3785374]}, "properties": {"category": "Retail"}}, {"type": "Feature", "geometry": {"type": "Point", "coordinates": [123.9809903, 10.3640668]}, "properties": {"category": "Retail"}}, {"type": "Feature", "geometry": {"type": "Point", "coordinates": [123.9688668, 10.3747706]}, "properties": {"category": "Retail"}}, {"type": "Feature", "geometry": {"type": "Point", "coordinates": [123.9732634, 10.3777365]}, "properties": {"category": "Retail"}}, {"type": "Feature", "geometry": {"type": "Point", "coordinates": [123.9634325, 10.3781009]}, "properties": {"category": "Retail"}}, {"type": "Feature", "geometry": {"type": "Point", "coordinates": [123.9653019, 10.3793401]}, "properties": {"category": "Retail"}}, {"type": "Feature", "geometry": {"type": "Point", "coordinates": [123.930117, 10.4285257]}, "properties": {"category": "Retail"}}, {"type": "Feature", "geometry": {"type": "Point", "coordinates": [123.9683469, 10.3721216]}, "properties": {"category": "Retail"}}, {"type": "Feature", "geometry": {"type": "Point", "coordinates": [123.9602669, 10.3755201]}, "properties": {"category": "Retail"}}, {"type": "Feature", "geometry": {"type": "Point", "coordinates": [123.9633335, 10.3784085]}, "properties": {"category": "Retail"}}, {"type": "Feature", "geometry": {"type": "Point", "coordinates": [123.9660332, 10.3800702]}, "properties": {"category": "Retail"}}, {"type": "Feature", "geometry": {"type": "Point", "coordinates": [123.9643828, 10.3803928]}, "properties": {"category": "Retail"}}, {"type": "Feature", "geometry": {"type": "Point", "coordinates": [123.9763952, 10.3710811]}, "properties": {"category": "Retail"}}, {"type": "Feature", "geometry": {"type": "Point", "coordinates": [123.9589833, 10.3764825]}, "properties": {"category": "Retail"}}, {"type": "Feature", "geometry": {"type": "Point", "coordinates": [123.9700375, 10.3796722]}, "properties": {"category": "Retail"}}, {"type": "Feature", "geometry": {"type": "Point", "coordinates": [123.9645887, 10.3805364]}, "properties": {"category": "Retail"}}, {"type": "Feature", "geometry": {"type": "Point", "coordinates": [123.9600264, 10.3748114]}, "properties": {"category": "Retail"}}, {"type": "Feature", "geometry": {"type": "Point", "coordinates": [123.9720212, 10.379721]}, "properties": {"category": "Retail"}}, {"type": "Feature", "geometry": {"type": "Point", "coordinates": [123.9679779, 10.3742708]}, "properties": {"category": "Retail"}}, {"type": "Feature", "geometry": {"type": "Point", "coordinates": [123.9624583, 10.385185]}, "properties": {"category": "Retail"}}, {"type": "Feature", "geometry": {"type": "Point", "coordinates": [123.9640086, 10.3787009]}, "properties": {"category": "Retail"}}, {"type": "Feature", "geometry": {"type": "Point", "coordinates": [123.9733113, 10.3710746]}, "properties": {"category": "Retail"}}, {"type": "Feature", "geometry": {"type": "Point", "coordinates": [123.9698807, 10.3706686]}, "properties": {"category": "Retail"}}, {"type": "Feature", "geometry": {"type": "Point", "coordinates": [123.9651242, 10.379821]}, "properties": {"category": "Retail"}}, {"type": "Feature", "geometry": {"type": "Point", "coordinates": [123.9763952, 10.3710811]}, "properties": {"category": "Retail"}}, {"type": "Feature", "geometry": {"type": "Point", "coordinates": [123.9652008, 10.3802437]}, "properties": {"category": "Retail"}}, {"type": "Feature", "geometry": {"type": "Point", "coordinates": [123.9695045, 10.3704357]}, "properties": {"category": "Retail"}}, {"type": "Feature", "geometry": {"type": "Point", "coordinates": [123.9569626, 10.3725506]}, "properties": {"category": "Retail"}}, {"type": "Feature", "geometry": {"type": "Point", "coordinates": [123.9648443, 10.3803104]}, "properties": {"category": "Retail"}}, {"type": "Feature", "geometry": {"type": "Point", "coordinates": [123.96417, 10.380616]}, "properties": {"category": "Retail"}}, {"type": "Feature", "geometry": {"type": "Point", "coordinates": [123.9701907, 10.3817204]}, "properties": {"category": "Retail"}}, {"type": "Feature", "geometry": {"type": "Point", "coordinates": [123.9663697, 10.3796789]}, "properties": {"category": "Retail"}}, {"type": "Feature", "geometry": {"type": "Point", "coordinates": [123.9657033, 10.3759473]}, "properties": {"category": "Retail"}}, {"type": "Feature", "geometry": {"type": "Point", "coordinates": [123.9536528, 10.3710386]}, "properties": {"category": "Retail"}}, {"type": "Feature", "geometry": {"type": "Point", "coordinates": [123.9673672, 10.3808641]}, "properties": {"category": "Retail"}}, {"type": "Feature", "geometry": {"type": "Point", "coordinates": [123.956212, 10.3721437]}, "properties": {"category": "Retail"}}, {"type": "Feature", "geometry": {"type": "Point", "coordinates": [123.9639185, 10.3853077]}, "properties": {"category": "Retail"}}, {"type": "Feature", "geometry": {"type": "Point", "coordinates": [123.9604392, 10.3702095]}, "properties": {"category": "Retail"}}, {"type": "Feature", "geometry": {"type": "Point", "coordinates": [123.9769812, 10.3777355]}, "properties": {"category": "Retail"}}, {"type": "Feature", "geometry": {"type": "Point", "coordinates": [123.9617845, 10.3703288]}, "properties": {"category": "Retail"}}, {"type": "Feature", "geometry": {"type": "Point", "coordinates": [123.965081, 10.3797985]}, "properties": {"category": "Retail"}}, {"type": "Feature", "geometry": {"type": "Point", "coordinates": [123.9581405, 10.3863243]}, "properties": {"category": "Retail"}}, {"type": "Feature", "geometry": {"type": "Point", "coordinates": [123.9655879, 10.3681594]}, "properties": {"category": "Retail"}}, {"type": "Feature", "geometry": {"type": "Point", "coordinates": [123.9640068, 10.3798414]}, "properties": {"category": "Retail"}}, {"type": "Feature", "geometry": {"type": "Point", "coordinates": [123.9544052, 10.3739085]}, "properties": {"category": "Retail"}}, {"type": "Feature", "geometry": {"type": "Point", "coordinates": [123.9504254, 10.3742109]}, "properties": {"category": "Retail"}}, {"type": "Feature", "geometry": {"type": "Point", "coordinates": [123.964376, 10.3853608]}, "properties": {"category": "Retail"}}, {"type": "Feature", "geometry": {"type": "Point", "coordinates": [123.9575389, 10.3840152]}, "properties": {"category": "Retail"}}, {"type": "Feature", "geometry": {"type": "Point", "coordinates": [123.9745477, 10.3648568]}, "properties": {"category": "Retail"}}, {"type": "Feature", "geometry": {"type": "Point", "coordinates": [123.9671144, 10.3801201]}, "properties": {"category": "Retail"}}, {"type": "Feature", "geometry": {"type": "Point", "coordinates": [123.9739565, 10.362504]}, "properties": {"category": "Retail"}}, {"type": "Feature", "geometry": {"type": "Point", "coordinates": [123.9651959, 10.3791661]}, "properties": {"category": "Retail"}}, {"type": "Feature", "geometry": {"type": "Point", "coordinates": [123.9626659, 10.3749204]}, "properties": {"category": "Retail"}}, {"type": "Feature", "geometry": {"type": "Point", "coordinates": [123.9593775, 10.3737133]}, "properties": {"category": "Retail"}}, {"type": "Feature", "geometry": {"type": "Point", "coordinates": [123.9737174, 10.3713011]}, "properties": {"category": "Retail"}}, {"type": "Feature", "geometry": {"type": "Point", "coordinates": [123.9588371, 10.3752764]}, "properties": {"category": "Retail"}}, {"type": "Feature", "geometry": {"type": "Point", "coordinates": [123.9547769, 10.3735843]}, "properties": {"category": "Retail"}}, {"type": "Feature", "geometry": {"type": "Point", "coordinates": [123.9534614, 10.3790881]}, "properties": {"category": "Retail"}}, {"type": "Feature", "geometry": {"type": "Point", "coordinates": [123.9658011, 10.3803219]}, "properties": {"category": "Retail"}}, {"type": "Feature", "geometry": {"type": "Point", "coordinates": [123.9388426, 10.379279]}, "properties": {"category": "Retail"}}, {"type": "Feature", "geometry": {"type": "Point", "coordinates": [123.9670945, 10.3641167]}, "properties": {"category": "Retail"}}, {"type": "Feature", "geometry": {"type": "Point", "coordinates": [123.9728042, 10.3701528]}, "properties": {"category": "Retail"}}, {"type": "Feature", "geometry": {"type": "Point", "coordinates": [123.9642857, 10.370264]}, "properties": {"category": "Retail"}}, {"type": "Feature", "geometry": {"type": "Point", "coordinates": [123.9835728, 10.3709386]}, "properties": {"category": "Retail"}}, {"type": "Feature", "geometry": {"type": "Point", "coordinates": [123.9539518, 10.3750005]}, "properties": {"category": "Retail"}}, {"type": "Feature", "geometry": {"type": "Point", "coordinates": [123.9661243, 10.3799387]}, "properties": {"category": "Retail"}}, {"type": "Feature", "geometry": {"type": "Point", "coordinates": [123.9657767, 10.3757925]}, "properties": {"category": "Retail"}}, {"type": "Feature", "geometry": {"type": "Point", "coordinates": [123.9640306, 10.378725]}, "properties": {"category": "Retail"}}, {"type": "Feature", "geometry": {"type": "Point", "coordinates": [123.963836, 10.385745]}, "properties": {"category": "Retail"}}, {"type": "Feature", "geometry": {"type": "Point", "coordinates": [123.9683205, 10.3721934]}, "properties": {"category": "Retail"}}, {"type": "Feature", "geometry": {"type": "Point", "coordinates": [123.9610696, 10.30966]}, "properties": {"category": "Retail"}}, {"type": "Feature", "geometry": {"type": "Point", "coordinates": [123.948439, 10.3112804]}, "properties": {"category": "Retail"}}, {"type": "Feature", "geometry": {"type": "Point", "coordinates": [123.9501672, 10.3245063]}, "properties": {"category": "Retail"}}, {"type": "Feature", "geometry": {"type": "Point", "coordinates": [123.9513507, 10.3020097]}, "properties": {"category": "Retail"}}, {"type": "Feature", "geometry": {"type": "Point", "coordinates": [123.9945783, 10.2838701]}, "properties": {"category": "Retail"}}, {"type": "Feature", "geometry": {"type": "Point", "coordinates": [124.0117581, 10.3078721]}, "properties": {"category": "Retail"}}, {"type": "Feature", "geometry": {"type": "Point", "coordinates": [123.9755745, 10.2961227]}, "properties": {"category": "Retail"}}, {"type": "Feature", "geometry": {"type": "Point", "coordinates": [123.9919037, 10.3098566]}, "properties": {"category": "Retail"}}, {"type": "Feature", "geometry": {"type": "Point", "coordinates": [123.9932923, 10.301622]}, "properties": {"category": "Retail"}}, {"type": "Feature", "geometry": {"type": "Point", "coordinates": [123.9443451, 10.2871659]}, "properties": {"category": "Retail"}}, {"type": "Feature", "geometry": {"type": "Point", "coordinates": [123.954037, 10.311403]}, "properties": {"category": "Retail"}}, {"type": "Feature", "geometry": {"type": "Point", "coordinates": [123.9216876, 10.3208911]}, "properties": {"category": "Retail"}}, {"type": "Feature", "geometry": {"type": "Point", "coordinates": [123.9899532, 10.2908985]}, "properties": {"category": "Retail"}}, {"type": "Feature", "geometry": {"type": "Point", "coordinates": [123.9784032, 10.315576]}, "properties": {"category": "Retail"}}, {"type": "Feature", "geometry": {"type": "Point", "coordinates": [123.9433138, 10.3269117]}, "properties": {"category": "Retail"}}, {"type": "Feature", "geometry": {"type": "Point", "coordinates": [123.952301, 10.325749]}, "properties": {"category": "Retail"}}, {"type": "Feature", "geometry": {"type": "Point", "coordinates": [123.9331117, 10.3260353]}, "properties": {"category": "Retail"}}, {"type": "Feature", "geometry": {"type": "Point", "coordinates": [123.9771719, 10.3256125]}, "properties": {"category": "Retail"}}, {"type": "Feature", "geometry": {"type": "Point", "coordinates": [123.9212076, 10.3117364]}, "properties": {"category": "Retail"}}, {"type": "Feature", "geometry": {"type": "Point", "coordinates": [123.9784419, 10.299667]}, "properties": {"category": "Retail"}}, {"type": "Feature", "geometry": {"type": "Point", "coordinates": [123.9317886, 10.3223756]}, "properties": {"category": "Retail"}}, {"type": "Feature", "geometry": {"type": "Point", "coordinates": [123.9564456, 10.3126735]}, "properties": {"category": "Retail"}}, {"type": "Feature", "geometry": {"type": "Point", "coordinates": [123.9434321, 10.3056742]}, "properties": {"category": "Retail"}}, {"type": "Feature", "geometry": {"type": "Point", "coordinates": [123.9784782, 10.271984]}, "properties": {"category": "Retail"}}, {"type": "Feature", "geometry": {"type": "Point", "coordinates": [123.9628842, 10.3013341]}, "properties": {"category": "Retail"}}, {"type": "Feature", "geometry": {"type": "Point", "coordinates": [123.929626, 10.3172353]}, "properties": {"category": "Retail"}}, {"type": "Feature", "geometry": {"type": "Point", "coordinates": [123.9558835, 10.3033324]}, "properties": {"category": "Retail"}}, {"type": "Feature", "geometry": {"type": "Point", "coordinates": [123.9672831, 10.2908467]}, "properties": {"category": "Retail"}}, {"type": "Feature", "geometry": {"type": "Point", "coordinates": [123.9632595, 10.3176766]}, "properties": {"category": "Retail"}}, {"type": "Feature", "geometry": {"type": "Point", "coordinates": [124.0095589, 10.3069695]}, "properties": {"category": "Retail"}}, {"type": "Feature", "geometry": {"type": "Point", "coordinates": [123.9752066, 10.2747023]}, "properties": {"category": "Retail"}}, {"type": "Feature", "geometry": {"type": "Point", "coordinates": [123.9538634, 10.3100596]}, "properties": {"category": "Retail"}}, {"type": "Feature", "geometry": {"type": "Point", "coordinates": [123.9695462, 10.2846457]}, "properties": {"category": "Retail"}}, {"type": "Feature", "geometry": {"type": "Point", "coordinates": [123.9639199, 10.2982191]}, "properties": {"category": "Retail"}}, {"type": "Feature", "geometry": {"type": "Point", "coordinates": [123.9670942, 10.3204022]}, "properties": {"category": "Retail"}}, {"type": "Feature", "geometry": {"type": "Point", "coordinates": [123.9611603, 10.3108894]}, "properties": {"category": "Retail"}}, {"type": "Feature", "geometry": {"type": "Point", "coordinates": [123.9987022, 10.2953101]}, "properties": {"category": "Retail"}}, {"type": "Feature", "geometry": {"type": "Point", "coordinates": [123.9571241, 10.3130385]}, "properties": {"category": "Retail"}}, {"type": "Feature", "geometry": {"type": "Point", "coordinates": [123.9483418, 10.3131245]}, "properties": {"category": "Retail"}}, {"type": "Feature", "geometry": {"type": "Point", "coordinates": [123.9509673, 10.3241085]}, "properties": {"category": "Retail"}}, {"type": "Feature", "geometry": {"type": "Point", "coordinates": [123.9550397, 10.3097301]}, "properties": {"category": "Retail"}}, {"type": "Feature", "geometry": {"type": "Point", "coordinates": [124.0094019, 10.3072969]}, "properties": {"category": "Retail"}}, {"type": "Feature", "geometry": {"type": "Point", "coordinates": [123.9487756, 10.3254031]}, "properties": {"category": "Retail"}}, {"type": "Feature", "geometry": {"type": "Point", "coordinates": [123.9388932, 10.3203556]}, "properties": {"category": "Retail"}}, {"type": "Feature", "geometry": {"type": "Point", "coordinates": [123.9383414, 10.31988]}, "properties": {"category": "Retail"}}, {"type": "Feature", "geometry": {"type": "Point", "coordinates": [123.9980829, 10.293297]}, "properties": {"category": "Retail"}}, {"type": "Feature", "geometry": {"type": "Point", "coordinates": [123.9482395, 10.3098415]}, "properties": {"category": "Retail"}}, {"type": "Feature", "geometry": {"type": "Point", "coordinates": [123.9506127, 10.3131407]}, "properties": {"category": "Retail"}}, {"type": "Feature", "geometry": {"type": "Point", "coordinates": [123.947896, 10.3302407]}, "properties": {"category": "Retail"}}, {"type": "Feature", "geometry": {"type": "Point", "coordinates": [123.97684, 10.328372]}, "properties": {"category": "Retail"}}, {"type": "Feature", "geometry": {"type": "Point", "coordinates": [123.9320937, 10.3236704]}, "properties": {"category": "Retail"}}, {"type": "Feature", "geometry": {"type": "Point", "coordinates": [123.9620672, 10.3006923]}, "properties": {"category": "Retail"}}, {"type": "Feature", "geometry": {"type": "Point", "coordinates": [123.9185478, 10.312247]}, "properties": {"category": "Retail"}}, {"type": "Feature", "geometry": {"type": "Point", "coordinates": [123.968863, 10.316701]}, "properties": {"category": "Retail"}}, {"type": "Feature", "geometry": {"type": "Point", "coordinates": [123.9506738, 10.3107891]}, "properties": {"category": "Retail"}}, {"type": "Feature", "geometry": {"type": "Point", "coordinates": [123.9563994, 10.3127761]}, "properties": {"category": "Retail"}}, {"type": "Feature", "geometry": {"type": "Point", "coordinates": [123.9887401, 10.3122325]}, "properties": {"category": "Retail"}}, {"type": "Feature", "geometry": {"type": "Point", "coordinates": [123.95192, 10.3099603]}, "properties": {"category": "Retail"}}, {"type": "Feature", "geometry": {"type": "Point", "coordinates": [123.9633441, 10.3006509]}, "properties": {"category": "Retail"}}, {"type": "Feature", "geometry": {"type": "Point", "coordinates": [123.945877, 10.2900719]}, "properties": {"category": "Retail"}}, {"type": "Feature", "geometry": {"type": "Point", "coordinates": [123.9486836, 10.3129332]}, "properties": {"category": "Retail"}}, {"type": "Feature", "geometry": {"type": "Point", "coordinates": [123.94322, 10.3298125]}, "properties": {"category": "Retail"}}, {"type": "Feature", "geometry": {"type": "Point", "coordinates": [123.9612702, 10.3108117]}, "properties": {"category": "Retail"}}, {"type": "Feature", "geometry": {"type": "Point", "coordinates": [123.9602812, 10.3061596]}, "properties": {"category": "Retail"}}, {"type": "Feature", "geometry": {"type": "Point", "coordinates": [123.9181856, 10.3120113]}, "properties": {"category": "Retail"}}, {"type": "Feature", "geometry": {"type": "Point", "coordinates": [123.979044, 10.315631]}, "properties": {"category": "Retail"}}, {"type": "Feature", "geometry": {"type": "Point", "coordinates": [123.9340964, 10.3254178]}, "properties": {"category": "Retail"}}, {"type": "Feature", "geometry": {"type": "Point", "coordinates": [123.9623145, 10.3023152]}, "properties": {"category": "Retail"}}, {"type": "Feature", "geometry": {"type": "Point", "coordinates": [123.9843803, 10.3051871]}, "properties": {"category": "Retail"}}, {"type": "Feature", "geometry": {"type": "Point", "coordinates": [123.968717, 10.2872747]}, "properties": {"category": "Retail"}}, {"type": "Feature", "geometry": {"type": "Point", "coordinates": [123.940978, 10.327183]}, "properties": {"category": "Retail"}}, {"type": "Feature", "geometry": {"type": "Point", "coordinates": [123.9191756, 10.3124322]}, "properties": {"category": "Retail"}}, {"type": "Feature", "geometry": {"type": "Point", "coordinates": [123.9327309, 10.3268902]}, "properties": {"category": "Retail"}}, {"type": "Feature", "geometry": {"type": "Point", "coordinates": [123.9990428, 10.2821566]}, "properties": {"category": "Retail"}}, {"type": "Feature", "geometry": {"type": "Point", "coordinates": [123.9500011, 10.3136542]}, "properties": {"category": "Retail"}}, {"type": "Feature", "geometry": {"type": "Point", "coordinates": [123.9326474, 10.3263259]}, "properties": {"category": "Retail"}}, {"type": "Feature", "geometry": {"type": "Point", "coordinates": [123.9176463, 10.3097778]}, "properties": {"category": "Retail"}}, {"type": "Feature", "geometry": {"type": "Point", "coordinates": [124.0095137, 10.3074498]}, "properties": {"category": "Retail"}}, {"type": "Feature", "geometry": {"type": "Point", "coordinates": [123.9194676, 10.3117493]}, "properties": {"category": "Retail"}}, {"type": "Feature", "geometry": {"type": "Point", "coordinates": [124.0231901, 10.3099535]}, "properties": {"category": "Retail"}}, {"type": "Feature", "geometry": {"type": "Point", "coordinates": [123.9698808, 10.2858047]}, "properties": {"category": "Retail"}}, {"type": "Feature", "geometry": {"type": "Point", "coordinates": [123.9330044, 10.326121]}, "properties": {"category": "Retail"}}, {"type": "Feature", "geometry": {"type": "Point", "coordinates": [123.9980195, 10.2858849]}, "properties": {"category": "Retail"}}, {"type": "Feature", "geometry": {"type": "Point", "coordinates": [123.9496547, 10.3121123]}, "properties": {"category": "Retail"}}, {"type": "Feature", "geometry": {"type": "Point", "coordinates": [123.9982891, 10.2938295]}, "properties": {"category": "Retail"}}, {"type": "Feature", "geometry": {"type": "Point", "coordinates": [123.9632449, 10.3011839]}, "properties": {"category": "Retail"}}, {"type": "Feature", "geometry": {"type": "Point", "coordinates": [123.9366963, 10.3248354]}, "properties": {"category": "Retail"}}, {"type": "Feature", "geometry": {"type": "Point", "coordinates": [123.9776119, 10.3259309]}, "properties": {"category": "Retail"}}, {"type": "Feature", "geometry": {"type": "Point", "coordinates": [123.917981, 10.312254]}, "properties": {"category": "Retail"}}, {"type": "Feature", "geometry": {"type": "Point", "coordinates": [123.9335595, 10.3256971]}, "properties": {"category": "Retail"}}, {"type": "Feature", "geometry": {"type": "Point", "coordinates": [123.9790861, 10.3157029]}, "properties": {"category": "Retail"}}, {"type": "Feature", "geometry": {"type": "Point", "coordinates": [123.955312, 10.312851]}, "properties": {"category": "Retail"}}, {"type": "Feature", "geometry": {"type": "Point", "coordinates": [123.9810806, 10.2977919]}, "properties": {"category": "Retail"}}, {"type": "Feature", "geometry": {"type": "Point", "coordinates": [123.9538069, 10.3236018]}, "properties": {"category": "Retail"}}, {"type": "Feature", "geometry": {"type": "Point", "coordinates": [123.933941, 10.324897]}, "properties": {"category": "Retail"}}, {"type": "Feature", "geometry": {"type": "Point", "coordinates": [123.9341005, 10.3258532]}, "properties": {"category": "Retail"}}, {"type": "Feature", "geometry": {"type": "Point", "coordinates": [123.9554421, 10.3129767]}, "properties": {"category": "Retail"}}, {"type": "Feature", "geometry": {"type": "Point", "coordinates": [123.935139, 10.325227]}, "properties": {"category": "Retail"}}, {"type": "Feature", "geometry": {"type": "Point", "coordinates": [123.9615891, 10.3025401]}, "properties": {"category": "Retail"}}, {"type": "Feature", "geometry": {"type": "Point", "coordinates": [123.9630803, 10.3170196]}, "properties": {"category": "Retail"}}, {"type": "Feature", "geometry": {"type": "Point", "coordinates": [123.9488265, 10.310975]}, "properties": {"category": "Retail"}}, {"type": "Feature", "geometry": {"type": "Point", "coordinates": [124.0220977, 10.3104602]}, "properties": {"category": "Retail"}}, {"type": "Feature", "geometry": {"type": "Point", "coordinates": [124.0074375, 10.3041875]}, "properties": {"category": "Retail"}}, {"type": "Feature", "geometry": {"type": "Point", "coordinates": [123.9793879, 10.3161939]}, "properties": {"category": "Retail"}}, {"type": "Feature", "geometry": {"type": "Point", "coordinates": [123.9484835, 10.3249406]}, "properties": {"category": "Retail"}}, {"type": "Feature", "geometry": {"type": "Point", "coordinates": [123.958102, 10.3127985]}, "properties": {"category": "Retail"}}, {"type": "Feature", "geometry": {"type": "Point", "coordinates": [123.9341772, 10.321328]}, "properties": {"category": "Retail"}}, {"type": "Feature", "geometry": {"type": "Point", "coordinates": [123.9761934, 10.3263938]}, "properties": {"category": "Retail"}}, {"type": "Feature", "geometry": {"type": "Point", "coordinates": [123.948029, 10.3107897]}, "properties": {"category": "Retail"}}, {"type": "Feature", "geometry": {"type": "Point", "coordinates": [124.0211489, 10.3059546]}, "properties": {"category": "Retail"}}, {"type": "Feature", "geometry": {"type": "Point", "coordinates": [123.9506168, 10.3243565]}, "properties": {"category": "Retail"}}, {"type": "Feature", "geometry": {"type": "Point", "coordinates": [123.9514014, 10.3128158]}, "properties": {"category": "Retail"}}, {"type": "Feature", "geometry": {"type": "Point", "coordinates": [124.0361392, 10.3199996]}, "properties": {"category": "Retail"}}, {"type": "Feature", "geometry": {"type": "Point", "coordinates": [123.931985, 10.3235461]}, "properties": {"category": "Retail"}}, {"type": "Feature", "geometry": {"type": "Point", "coordinates": [123.9776145, 10.3258809]}, "properties": {"category": "Retail"}}, {"type": "Feature", "geometry": {"type": "Point", "coordinates": [123.9633351, 10.3006869]}, "properties": {"category": "Retail"}}, {"type": "Feature", "geometry": {"type": "Point", "coordinates": [123.951075, 10.3112809]}, "properties": {"category": "Retail"}}, {"type": "Feature", "geometry": {"type": "Point", "coordinates": [123.9793584, 10.3161526]}, "properties": {"category": "Retail"}}, {"type": "Feature", "geometry": {"type": "Point", "coordinates": [123.9175452, 10.3114254]}, "properties": {"category": "Retail"}}, {"type": "Feature", "geometry": {"type": "Point", "coordinates": [123.9522407, 10.3070641]}, "properties": {"category": "Retail"}}, {"type": "Feature", "geometry": {"type": "Point", "coordinates": [123.9973789, 10.2824326]}, "properties": {"category": "Retail"}}, {"type": "Feature", "geometry": {"type": "Point", "coordinates": [123.9569894, 10.3111391]}, "properties": {"category": "Retail"}}, {"type": "Feature", "geometry": {"type": "Point", "coordinates": [123.9497344, 10.3109625]}, "properties": {"category": "Retail"}}, {"type": "Feature", "geometry": {"type": "Point", "coordinates": [123.9340869, 10.3213673]}, "properties": {"category": "Retail"}}, {"type": "Feature", "geometry": {"type": "Point", "coordinates": [123.9608592, 10.3024964]}, "properties": {"category": "Retail"}}, {"type": "Feature", "geometry": {"type": "Point", "coordinates": [123.9505159, 10.3116866]}, "properties": {"category": "Retail"}}, {"type": "Feature", "geometry": {"type": "Point", "coordinates": [123.9622528, 10.3021007]}, "properties": {"category": "Retail"}}, {"type": "Feature", "geometry": {"type": "Point", "coordinates": [123.9339699, 10.32494]}, "properties": {"category": "Retail"}}, {"type": "Feature", "geometry": {"type": "Point", "coordinates": [123.945189, 10.2901476]}, "properties": {"category": "Retail"}}, {"type": "Feature", "geometry": {"type": "Point", "coordinates": [123.9875441, 10.3049907]}, "properties": {"category": "Retail"}}, {"type": "Feature", "geometry": {"type": "Point", "coordinates": [123.9589512, 10.3111421]}, "properties": {"category": "Retail"}}, {"type": "Feature", "geometry": {"type": "Point", "coordinates": [123.9518266, 10.3140592]}, "properties": {"category": "Retail"}}, {"type": "Feature", "geometry": {"type": "Point", "coordinates": [123.9187097, 10.3104775]}, "properties": {"category": "Retail"}}, {"type": "Feature", "geometry": {"type": "Point", "coordinates": [123.9985928, 10.2916263]}, "properties": {"category": "Retail"}}, {"type": "Feature", "geometry": {"type": "Point", "coordinates": [123.949652, 10.3106119]}, "properties": {"category": "Retail"}}, {"type": "Feature", "geometry": {"type": "Point", "coordinates": [123.955467, 10.313207]}, "properties": {"category": "Retail"}}, {"type": "Feature", "geometry": {"type": "Point", "coordinates": [123.9699199, 10.286462]}, "properties": {"category": "Retail"}}, {"type": "Feature", "geometry": {"type": "Point", "coordinates": [123.952472, 10.310748]}, "properties": {"category": "Retail"}}, {"type": "Feature", "geometry": {"type": "Point", "coordinates": [123.9343235, 10.325233]}, "properties": {"category": "Retail"}}, {"type": "Feature", "geometry": {"type": "Point", "coordinates": [123.9626289, 10.3172804]}, "properties": {"category": "Retail"}}, {"type": "Feature", "geometry": {"type": "Point", "coordinates": [123.93398, 10.32532]}, "properties": {"category": "Retail"}}, {"type": "Feature", "geometry": {"type": "Point", "coordinates": [123.9491331, 10.3132479]}, "properties": {"category": "Retail"}}, {"type": "Feature", "geometry": {"type": "Point", "coordinates": [123.9178164, 10.3114191]}, "properties": {"category": "Retail"}}, {"type": "Feature", "geometry": {"type": "Point", "coordinates": [123.9219571, 10.320954]}, "properties": {"category": "Retail"}}, {"type": "Feature", "geometry": {"type": "Point", "coordinates": [123.9777818, 10.3240978]}, "properties": {"category": "Retail"}}, {"type": "Feature", "geometry": {"type": "Point", "coordinates": [123.9767804, 10.3285045]}, "properties": {"category": "Retail"}}, {"type": "Feature", "geometry": {"type": "Point", "coordinates": [123.9530609, 10.3106065]}, "properties": {"category": "Retail"}}, {"type": "Feature", "geometry": {"type": "Point", "coordinates": [123.9504656, 10.309405]}, "properties": {"category": "Retail"}}, {"type": "Feature", "geometry": {"type": "Point", "coordinates": [123.918601, 10.310984]}, "properties": {"category": "Retail"}}, {"type": "Feature", "geometry": {"type": "Point", "coordinates": [123.9697385, 10.3221917]}, "properties": {"category": "Retail"}}, {"type": "Feature", "geometry": {"type": "Point", "coordinates": [123.948029, 10.3107897]}, "properties": {"category": "Retail"}}, {"type": "Feature", "geometry": {"type": "Point", "coordinates": [123.9499804, 10.3100611]}, "properties": {"category": "Retail"}}, {"type": "Feature", "geometry": {"type": "Point", "coordinates": [123.9263512, 10.3199469]}, "properties": {"category": "Retail"}}, {"type": "Feature", "geometry": {"type": "Point", "coordinates": [123.9352709, 10.3248841]}, "properties": {"category": "Retail"}}, {"type": "Feature", "geometry": {"type": "Point", "coordinates": [123.9612173, 10.3113179]}, "properties": {"category": "Retail"}}, {"type": "Feature", "geometry": {"type": "Point", "coordinates": [123.934769, 10.3247248]}, "properties": {"category": "Retail"}}, {"type": "Feature", "geometry": {"type": "Point", "coordinates": [123.9495876, 10.310787]}, "properties": {"category": "Retail"}}, {"type": "Feature", "geometry": {"type": "Point", "coordinates": [123.9449182, 10.306403]}, "properties": {"category": "Retail"}}, {"type": "Feature", "geometry": {"type": "Point", "coordinates": [123.9562763, 10.3093496]}, "properties": {"category": "Retail"}}, {"type": "Feature", "geometry": {"type": "Point", "coordinates": [123.9330625, 10.3263125]}, "properties": {"category": "Retail"}}, {"type": "Feature", "geometry": {"type": "Point", "coordinates": [123.9986375, 10.2904019]}, "properties": {"category": "Retail"}}, {"type": "Feature", "geometry": {"type": "Point", "coordinates": [123.944551, 10.324978]}, "properties": {"category": "Retail"}}, {"type": "Feature", "geometry": {"type": "Point", "coordinates": [123.9187197, 10.3106209]}, "properties": {"category": "Retail"}}, {"type": "Feature", "geometry": {"type": "Point", "coordinates": [123.9926748, 10.2816039]}, "properties": {"category": "Retail"}}, {"type": "Feature", "geometry": {"type": "Point", "coordinates": [123.9268804, 10.3156112]}, "properties": {"category": "Retail"}}, {"type": "Feature", "geometry": {"type": "Point", "coordinates": [123.9610523, 10.3088588]}, "properties": {"category": "Retail"}}, {"type": "Feature", "geometry": {"type": "Point", "coordinates": [123.9932743, 10.2830056]}, "properties": {"category": "Retail"}}, {"type": "Feature", "geometry": {"type": "Point", "coordinates": [123.9983427, 10.2864371]}, "properties": {"category": "Retail"}}, {"type": "Feature", "geometry": {"type": "Point", "coordinates": [123.9468983, 10.308802]}, "properties": {"category": "Retail"}}, {"type": "Feature", "geometry": {"type": "Point", "coordinates": [123.9519778, 10.3129311]}, "properties": {"category": "Retail"}}, {"type": "Feature", "geometry": {"type": "Point", "coordinates": [123.9189067, 10.3128091]}, "properties": {"category": "Retail"}}, {"type": "Feature", "geometry": {"type": "Point", "coordinates": [123.942617, 10.328662]}, "properties": {"category": "Retail"}}, {"type": "Feature", "geometry": {"type": "Point", "coordinates": [123.942638, 10.3283159]}, "properties": {"category": "Retail"}}, {"type": "Feature", "geometry": {"type": "Point", "coordinates": [123.960862, 10.3135582]}, "properties": {"category": "Retail"}}, {"type": "Feature", "geometry": {"type": "Point", "coordinates": [123.9328603, 10.3255633]}, "properties": {"category": "Retail"}}, {"type": "Feature", "geometry": {"type": "Point", "coordinates": [123.934244, 10.325182]}, "properties": {"category": "Retail"}}, {"type": "Feature", "geometry": {"type": "Point", "coordinates": [123.9512591, 10.3107675]}, "properties": {"category": "Retail"}}, {"type": "Feature", "geometry": {"type": "Point", "coordinates": [123.9839328, 10.3002223]}, "properties": {"category": "Retail"}}, {"type": "Feature", "geometry": {"type": "Point", "coordinates": [123.9316007, 10.3246984]}, "properties": {"category": "Retail"}}, {"type": "Feature", "geometry": {"type": "Point", "coordinates": [123.93282, 10.3209449]}, "properties": {"category": "Retail"}}, {"type": "Feature", "geometry": {"type": "Point", "coordinates": [123.9429631, 10.3060842]}, "properties": {"category": "Retail"}}, {"type": "Feature", "geometry": {"type": "Point", "coordinates": [123.9481777, 10.3096778]}, "properties": {"category": "Retail"}}, {"type": "Feature", "geometry": {"type": "Point", "coordinates": [123.9514807, 10.3126525]}, "properties": {"category": "Retail"}}, {"type": "Feature", "geometry": {"type": "Point", "coordinates": [123.9538063, 10.3257327]}, "properties": {"category": "Retail"}}, {"type": "Feature", "geometry": {"type": "Point", "coordinates": [123.9482333, 10.3099657]}, "properties": {"category": "Retail"}}, {"type": "Feature", "geometry": {"type": "Point", "coordinates": [123.9196494, 10.3125295]}, "properties": {"category": "Retail"}}, {"type": "Feature", "geometry": {"type": "Point", "coordinates": [123.9344337, 10.325112]}, "properties": {"category": "Retail"}}, {"type": "Feature", "geometry": {"type": "Point", "coordinates": [123.942714, 10.3283425]}, "properties": {"category": "Retail"}}, {"type": "Feature", "geometry": {"type": "Point", "coordinates": [123.9509685, 10.3109239]}, "properties": {"category": "Retail"}}, {"type": "Feature", "geometry": {"type": "Point", "coordinates": [123.9366945, 10.3247012]}, "properties": {"category": "Retail"}}, {"type": "Feature", "geometry": {"type": "Point", "coordinates": [123.999153, 10.2888731]}, "properties": {"category": "Retail"}}, {"type": "Feature", "geometry": {"type": "Point", "coordinates": [123.9764468, 10.3276396]}, "properties": {"category": "Retail"}}, {"type": "Feature", "geometry": {"type": "Point", "coordinates": [123.91792, 10.310717]}, "properties": {"category": "Retail"}}, {"type": "Feature", "geometry": {"type": "Point", "coordinates": [123.918132, 10.311721]}, "properties": {"category": "Retail"}}, {"type": "Feature", "geometry": {"type": "Point", "coordinates": [123.9620843, 10.3167672]}, "properties": {"category": "Retail"}}, {"type": "Feature", "geometry": {"type": "Point", "coordinates": [123.9330021, 10.3214813]}, "properties": {"category": "Retail"}}, {"type": "Feature", "geometry": {"type": "Point", "coordinates": [123.9437588, 10.326192]}, "properties": {"category": "Retail"}}, {"type": "Feature", "geometry": {"type": "Point", "coordinates": [123.950927, 10.312248]}, "properties": {"category": "Retail"}}, {"type": "Feature", "geometry": {"type": "Point", "coordinates": [123.93398, 10.32532]}, "properties": {"category": "Retail"}}, {"type": "Feature", "geometry": {"type": "Point", "coordinates": [123.943517, 10.326839]}, "properties": {"category": "Retail"}}, {"type": "Feature", "geometry": {"type": "Point", "coordinates": [124.023066, 10.3116943]}, "properties": {"category": "Retail"}}, {"type": "Feature", "geometry": {"type": "Point", "coordinates": [123.9773248, 10.3289974]}, "properties": {"category": "Retail"}}, {"type": "Feature", "geometry": {"type": "Point", "coordinates": [123.9468076, 10.2998107]}, "properties": {"category": "Retail"}}, {"type": "Feature", "geometry": {"type": "Point", "coordinates": [123.9522629, 10.311015]}, "properties": {"category": "Retail"}}, {"type": "Feature", "geometry": {"type": "Point", "coordinates": [123.963134, 10.300543]}, "properties": {"category": "Retail"}}, {"type": "Feature", "geometry": {"type": "Point", "coordinates": [123.9514942, 10.3128633]}, "properties": {"category": "Retail"}}, {"type": "Feature", "geometry": {"type": "Point", "coordinates": [123.9611433, 10.3092718]}, "properties": {"category": "Retail"}}, {"type": "Feature", "geometry": {"type": "Point", "coordinates": [123.9514539, 10.3127548]}, "properties": {"category": "Retail"}}, {"type": "Feature", "geometry": {"type": "Point", "coordinates": [123.9521948, 10.3111042]}, "properties": {"category": "Retail"}}, {"type": "Feature", "geometry": {"type": "Point", "coordinates": [124.0043385, 10.3048377]}, "properties": {"category": "Retail"}}, {"type": "Feature", "geometry": {"type": "Point", "coordinates": [123.9502942, 10.3250391]}, "properties": {"category": "Retail"}}, {"type": "Feature", "geometry": {"type": "Point", "coordinates": [123.9630993, 10.3108402]}, "properties": {"category": "Retail"}}, {"type": "Feature", "geometry": {"type": "Point", "coordinates": [123.9193209, 10.312314]}, "properties": {"category": "Retail"}}, {"type": "Feature", "geometry": {"type": "Point", "coordinates": [123.9340109, 10.3254089]}, "properties": {"category": "Retail"}}, {"type": "Feature", "geometry": {"type": "Point", "coordinates": [123.9342352, 10.3257917]}, "properties": {"category": "Retail"}}, {"type": "Feature", "geometry": {"type": "Point", "coordinates": [123.9761448, 10.326413]}, "properties": {"category": "Retail"}}, {"type": "Feature", "geometry": {"type": "Point", "coordinates": [123.9497919, 10.3326178]}, "properties": {"category": "Retail"}}, {"type": "Feature", "geometry": {"type": "Point", "coordinates": [123.9422638, 10.3286996]}, "properties": {"category": "Retail"}}, {"type": "Feature", "geometry": {"type": "Point", "coordinates": [123.933941, 10.324897]}, "properties": {"category": "Retail"}}, {"type": "Feature", "geometry": {"type": "Point", "coordinates": [123.9552058, 10.3129255]}, "properties": {"category": "Retail"}}, {"type": "Feature", "geometry": {"type": "Point", "coordinates": [123.963133, 10.300524]}, "properties": {"category": "Retail"}}, {"type": "Feature", "geometry": {"type": "Point", "coordinates": [123.9451505, 10.3049746]}, "properties": {"category": "Retail"}}, {"type": "Feature", "geometry": {"type": "Point", "coordinates": [123.952488, 10.3107709]}, "properties": {"category": "Retail"}}, {"type": "Feature", "geometry": {"type": "Point", "coordinates": [123.9320255, 10.3235967]}, "properties": {"category": "Retail"}}, {"type": "Feature", "geometry": {"type": "Point", "coordinates": [123.9550095, 10.3117365]}, "properties": {"category": "Retail"}}, {"type": "Feature", "geometry": {"type": "Point", "coordinates": [123.9629178, 10.3161562]}, "properties": {"category": "Retail"}}, {"type": "Feature", "geometry": {"type": "Point", "coordinates": [123.962851, 10.30177]}, "properties": {"category": "Retail"}}, {"type": "Feature", "geometry": {"type": "Point", "coordinates": [123.9982817, 10.2921239]}, "properties": {"category": "Retail"}}, {"type": "Feature", "geometry": {"type": "Point", "coordinates": [123.951941, 10.310511]}, "properties": {"category": "Retail"}}, {"type": "Feature", "geometry": {"type": "Point", "coordinates": [123.9700183, 10.2863622]}, "properties": {"category": "Retail"}}, {"type": "Feature", "geometry": {"type": "Point", "coordinates": [123.9779985, 10.3236986]}, "properties": {"category": "Retail"}}, {"type": "Feature", "geometry": {"type": "Point", "coordinates": [123.9320533, 10.3249724]}, "properties": {"category": "Retail"}}, {"type": "Feature", "geometry": {"type": "Point", "coordinates": [123.9503672, 10.3121354]}, "properties": {"category": "Retail"}}, {"type": "Feature", "geometry": {"type": "Point", "coordinates": [123.9382572, 10.3198198]}, "properties": {"category": "Retail"}}, {"type": "Feature", "geometry": {"type": "Point", "coordinates": [123.9240869, 10.3148551]}, "properties": {"category": "Retail"}}, {"type": "Feature", "geometry": {"type": "Point", "coordinates": [123.9330255, 10.3250495]}, "properties": {"category": "Retail"}}, {"type": "Feature", "geometry": {"type": "Point", "coordinates": [123.9190476, 10.3107396]}, "properties": {"category": "Retail"}}, {"type": "Feature", "geometry": {"type": "Point", "coordinates": [123.9318327, 10.3250862]}, "properties": {"category": "Retail"}}, {"type": "Feature", "geometry": {"type": "Point", "coordinates": [123.945593, 10.324038]}, "properties": {"category": "Retail"}}, {"type": "Feature", "geometry": {"type": "Point", "coordinates": [123.96301, 10.31672]}, "properties": {"category": "Retail"}}, {"type": "Feature", "geometry": {"type": "Point", "coordinates": [123.918238, 10.312322]}, "properties": {"category": "Retail"}}, {"type": "Feature", "geometry": {"type": "Point", "coordinates": [123.9728752, 10.3234184]}, "properties": {"category": "Retail"}}, {"type": "Feature", "geometry": {"type": "Point", "coordinates": [123.976191, 10.3284224]}, "properties": {"category": "Retail"}}, {"type": "Feature", "geometry": {"type": "Point", "coordinates": [123.9460923, 10.3275344]}, "properties": {"category": "Retail"}}, {"type": "Feature", "geometry": {"type": "Point", "coordinates": [123.9500862, 10.3113293]}, "properties": {"category": "Retail"}}, {"type": "Feature", "geometry": {"type": "Point", "coordinates": [123.9642039, 10.3184642]}, "properties": {"category": "Retail"}}, {"type": "Feature", "geometry": {"type": "Point", "coordinates": [123.9551548, 10.3091398]}, "properties": {"category": "Retail"}}, {"type": "Feature", "geometry": {"type": "Point", "coordinates": [123.9338627, 10.3267636]}, "properties": {"category": "Retail"}}, {"type": "Feature", "geometry": {"type": "Point", "coordinates": [123.973419, 10.324395]}, "properties": {"category": "Retail"}}, {"type": "Feature", "geometry": {"type": "Point", "coordinates": [123.950844, 10.327994]}, "properties": {"category": "Retail"}}, {"type": "Feature", "geometry": {"type": "Point", "coordinates": [123.9729617, 10.3236599]}, "properties": {"category": "Retail"}}, {"type": "Feature", "geometry": {"type": "Point", "coordinates": [123.961235, 10.308636]}, "properties": {"category": "Retail"}}, {"type": "Feature", "geometry": {"type": "Point", "coordinates": [123.9612069, 10.308876]}, "properties": {"category": "Retail"}}, {"type": "Feature", "geometry": {"type": "Point", "coordinates": [123.961348, 10.3012599]}, "properties": {"category": "Retail"}}, {"type": "Feature", "geometry": {"type": "Point", "coordinates": [123.960866, 10.311465]}, "properties": {"category": "Retail"}}, {"type": "Feature", "geometry": {"type": "Point", "coordinates": [123.9334178, 10.3255834]}, "properties": {"category": "Retail"}}, {"type": "Feature", "geometry": {"type": "Point", "coordinates": [123.9565291, 10.3112175]}, "properties": {"category": "Retail"}}, {"type": "Feature", "geometry": {"type": "Point", "coordinates": [123.950929, 10.312242]}, "properties": {"category": "Retail"}}, {"type": "Feature", "geometry": {"type": "Point", "coordinates": [123.9194006, 10.3115557]}, "properties": {"category": "Retail"}}, {"type": "Feature", "geometry": {"type": "Point", "coordinates": [123.9187763, 10.3105282]}, "properties": {"category": "Retail"}}, {"type": "Feature", "geometry": {"type": "Point", "coordinates": [123.977541, 10.325193]}, "properties": {"category": "Retail"}}, {"type": "Feature", "geometry": {"type": "Point", "coordinates": [124.0061401, 10.3055149]}, "properties": {"category": "Retail"}}, {"type": "Feature", "geometry": {"type": "Point", "coordinates": [123.9480943, 10.310776]}, "properties": {"category": "Retail"}}, {"type": "Feature", "geometry": {"type": "Point", "coordinates": [123.944679, 10.329174]}, "properties": {"category": "Retail"}}, {"type": "Feature", "geometry": {"type": "Point", "coordinates": [123.9529094, 10.3111127]}, "properties": {"category": "Retail"}}, {"type": "Feature", "geometry": {"type": "Point", "coordinates": [123.947103, 10.3031642]}, "properties": {"category": "Retail"}}, {"type": "Feature", "geometry": {"type": "Point", "coordinates": [123.9974123, 10.290321]}, "properties": {"category": "Retail"}}, {"type": "Feature", "geometry": {"type": "Point", "coordinates": [123.9630531, 10.3160787]}, "properties": {"category": "Retail"}}, {"type": "Feature", "geometry": {"type": "Point", "coordinates": [123.9448431, 10.3069863]}, "properties": {"category": "Retail"}}, {"type": "Feature", "geometry": {"type": "Point", "coordinates": [123.9438261, 10.3261765]}, "properties": {"category": "Retail"}}, {"type": "Feature", "geometry": {"type": "Point", "coordinates": [123.91834, 10.311995]}, "properties": {"category": "Retail"}}, {"type": "Feature", "geometry": {"type": "Point", "coordinates": [123.9452853, 10.3053141]}, "properties": {"category": "Retail"}}, {"type": "Feature", "geometry": {"type": "Point", "coordinates": [123.9539223, 10.3043376]}, "properties": {"category": "Retail"}}, {"type": "Feature", "geometry": {"type": "Point", "coordinates": [123.918421, 10.312196]}, "properties": {"category": "Retail"}}, {"type": "Feature", "geometry": {"type": "Point", "coordinates": [123.948749, 10.311072]}, "properties": {"category": "Retail"}}, {"type": "Feature", "geometry": {"type": "Point", "coordinates": [124.0122353, 10.3076979]}, "properties": {"category": "Retail"}}, {"type": "Feature", "geometry": {"type": "Point", "coordinates": [123.919293, 10.3122583]}, "properties": {"category": "Retail"}}, {"type": "Feature", "geometry": {"type": "Point", "coordinates": [124.0236218, 10.3097901]}, "properties": {"category": "Retail"}}, {"type": "Feature", "geometry": {"type": "Point", "coordinates": [123.9931381, 10.2828146]}, "properties": {"category": "Retail"}}, {"type": "Feature", "geometry": {"type": "Point", "coordinates": [123.9344906, 10.3250734]}, "properties": {"category": "Retail"}}, {"type": "Feature", "geometry": {"type": "Point", "coordinates": [123.917725, 10.3116328]}, "properties": {"category": "Retail"}}, {"type": "Feature", "geometry": {"type": "Point", "coordinates": [123.9688736, 10.2711986]}, "properties": {"category": "Retail"}}, {"type": "Feature", "geometry": {"type": "Point", "coordinates": [123.9741509, 10.2742888]}, "properties": {"category": "Retail"}}, {"type": "Feature", "geometry": {"type": "Point", "coordinates": [123.977016, 10.2980158]}, "properties": {"category": "Retail"}}, {"type": "Feature", "geometry": {"type": "Point", "coordinates": [123.9651652, 10.3189822]}, "properties": {"category": "Retail"}}, {"type": "Feature", "geometry": {"type": "Point", "coordinates": [123.9178747, 10.307228]}, "properties": {"category": "Retail"}}, {"type": "Feature", "geometry": {"type": "Point", "coordinates": [123.9642286, 10.3107715]}, "properties": {"category": "Retail"}}, {"type": "Feature", "geometry": {"type": "Point", "coordinates": [123.9491818, 10.3112456]}, "properties": {"category": "Retail"}}, {"type": "Feature", "geometry": {"type": "Point", "coordinates": [123.9587782, 10.3137175]}, "properties": {"category": "Retail"}}, {"type": "Feature", "geometry": {"type": "Point", "coordinates": [123.9434292, 10.3061719]}, "properties": {"category": "Retail"}}, {"type": "Feature", "geometry": {"type": "Point", "coordinates": [123.9339291, 10.3253878]}, "properties": {"category": "Retail"}}, {"type": "Feature", "geometry": {"type": "Point", "coordinates": [123.9541297, 10.3113232]}, "properties": {"category": "Retail"}}, {"type": "Feature", "geometry": {"type": "Point", "coordinates": [123.9886653, 10.2934822]}, "properties": {"category": "Retail"}}, {"type": "Feature", "geometry": {"type": "Point", "coordinates": [123.9795434, 10.3161724]}, "properties": {"category": "Retail"}}, {"type": "Feature", "geometry": {"type": "Point", "coordinates": [123.9442171, 10.3283353]}, "properties": {"category": "Retail"}}, {"type": "Feature", "geometry": {"type": "Point", "coordinates": [123.9329206, 10.3250692]}, "properties": {"category": "Retail"}}, {"type": "Feature", "geometry": {"type": "Point", "coordinates": [123.9514125, 10.3111409]}, "properties": {"category": "Retail"}}, {"type": "Feature", "geometry": {"type": "Point", "coordinates": [123.9564876, 10.3111785]}, "properties": {"category": "Retail"}}, {"type": "Feature", "geometry": {"type": "Point", "coordinates": [123.9487332, 10.3129604]}, "properties": {"category": "Retail"}}, {"type": "Feature", "geometry": {"type": "Point", "coordinates": [123.9347599, 10.3256873]}, "properties": {"category": "Retail"}}, {"type": "Feature", "geometry": {"type": "Point", "coordinates": [123.9522842, 10.3105899]}, "properties": {"category": "Retail"}}, {"type": "Feature", "geometry": {"type": "Point", "coordinates": [123.9502088, 10.3118796]}, "properties": {"category": "Retail"}}, {"type": "Feature", "geometry": {"type": "Point", "coordinates": [123.942669, 10.328788]}, "properties": {"category": "Retail"}}, {"type": "Feature", "geometry": {"type": "Point", "coordinates": [123.9538644, 10.3257763]}, "properties": {"category": "Retail"}}, {"type": "Feature", "geometry": {"type": "Point", "coordinates": [123.933941, 10.324897]}, "properties": {"category": "Retail"}}, {"type": "Feature", "geometry": {"type": "Point", "coordinates": [123.951393, 10.312551]}, "properties": {"category": "Retail"}}, {"type": "Feature", "geometry": {"type": "Point", "coordinates": [123.936862, 10.3250609]}, "properties": {"category": "Retail"}}, {"type": "Feature", "geometry": {"type": "Point", "coordinates": [123.9500961, 10.3109656]}, "properties": {"category": "Retail"}}, {"type": "Feature", "geometry": {"type": "Point", "coordinates": [123.9770757, 10.2725936]}, "properties": {"category": "Retail"}}, {"type": "Feature", "geometry": {"type": "Point", "coordinates": [123.9554573, 10.3171769]}, "properties": {"category": "Retail"}}, {"type": "Feature", "geometry": {"type": "Point", "coordinates": [123.9180096, 10.3127527]}, "properties": {"category": "Retail"}}, {"type": "Feature", "geometry": {"type": "Point", "coordinates": [123.9350688, 10.3258787]}, "properties": {"category": "Retail"}}, {"type": "Feature", "geometry": {"type": "Point", "coordinates": [123.9776559, 10.3242106]}, "properties": {"category": "Retail"}}, {"type": "Feature", "geometry": {"type": "Point", "coordinates": [123.9504468, 10.3134907]}, "properties": {"category": "Retail"}}, {"type": "Feature", "geometry": {"type": "Point", "coordinates": [123.962981, 10.317247]}, "properties": {"category": "Retail"}}, {"type": "Feature", "geometry": {"type": "Point", "coordinates": [123.9459108, 10.3078896]}, "properties": {"category": "Retail"}}, {"type": "Feature", "geometry": {"type": "Point", "coordinates": [123.9949271, 10.2844788]}, "properties": {"category": "Retail"}}, {"type": "Feature", "geometry": {"type": "Point", "coordinates": [123.9521066, 10.3071923]}, "properties": {"category": "Retail"}}, {"type": "Feature", "geometry": {"type": "Point", "coordinates": [123.9494266, 10.3108168]}, "properties": {"category": "Retail"}}, {"type": "Feature", "geometry": {"type": "Point", "coordinates": [123.9351028, 10.3407787]}, "properties": {"category": "Retail"}}, {"type": "Feature", "geometry": {"type": "Point", "coordinates": [123.9277306, 10.360727]}, "properties": {"category": "Retail"}}, {"type": "Feature", "geometry": {"type": "Point", "coordinates": [123.9203635, 10.3420139]}, "properties": {"category": "Retail"}}, {"type": "Feature", "geometry": {"type": "Point", "coordinates": [123.9196122, 10.3254141]}, "properties": {"category": "Retail"}}, {"type": "Feature", "geometry": {"type": "Point", "coordinates": [123.9243752, 10.3713741]}, "properties": {"category": "Retail"}}, {"type": "Feature", "geometry": {"type": "Point", "coordinates": [123.9131746, 10.3490748]}, "properties": {"category": "Retail"}}, {"type": "Feature", "geometry": {"type": "Point", "coordinates": [123.9214401, 10.3859553]}, "properties": {"category": "Retail"}}, {"type": "Feature", "geometry": {"type": "Point", "coordinates": [123.9279589, 10.347184]}, "properties": {"category": "Retail"}}, {"type": "Feature", "geometry": {"type": "Point", "coordinates": [123.924909, 10.3398201]}, "properties": {"category": "Retail"}}, {"type": "Feature", "geometry": {"type": "Point", "coordinates": [123.9082514, 10.3411304]}, "properties": {"category": "Retail"}}, {"type": "Feature", "geometry": {"type": "Point", "coordinates": [123.9502234, 10.3565257]}, "properties": {"category": "Retail"}}, {"type": "Feature", "geometry": {"type": "Point", "coordinates": [123.9334987, 10.3423864]}, "properties": {"category": "Retail"}}, {"type": "Feature", "geometry": {"type": "Point", "coordinates": [123.9325951, 10.3297618]}, "properties": {"category": "Retail"}}, {"type": "Feature", "geometry": {"type": "Point", "coordinates": [123.926779, 10.325341]}, "properties": {"category": "Retail"}}, {"type": "Feature", "geometry": {"type": "Point", "coordinates": [123.9486962, 10.3493062]}, "properties": {"category": "Retail"}}, {"type": "Feature", "geometry": {"type": "Point", "coordinates": [123.9256166, 10.3392349]}, "properties": {"category": "Retail"}}, {"type": "Feature", "geometry": {"type": "Point", "coordinates": [123.9203886, 10.3430655]}, "properties": {"category": "Retail"}}, {"type": "Feature", "geometry": {"type": "Point", "coordinates": [123.9449133, 10.3354536]}, "properties": {"category": "Retail"}}, {"type": "Feature", "geometry": {"type": "Point", "coordinates": [123.9263663, 10.3408539]}, "properties": {"category": "Retail"}}, {"type": "Feature", "geometry": {"type": "Point", "coordinates": [123.9511476, 10.3343691]}, "properties": {"category": "Retail"}}, {"type": "Feature", "geometry": {"type": "Point", "coordinates": [123.9487711, 10.3407561]}, "properties": {"category": "Retail"}}, {"type": "Feature", "geometry": {"type": "Point", "coordinates": [123.9288631, 10.3469384]}, "properties": {"category": "Retail"}}, {"type": "Feature", "geometry": {"type": "Point", "coordinates": [123.9112988, 10.3434261]}, "properties": {"category": "Retail"}}, {"type": "Feature", "geometry": {"type": "Point", "coordinates": [123.9134197, 10.3433065]}, "properties": {"category": "Retail"}}, {"type": "Feature", "geometry": {"type": "Point", "coordinates": [123.9417128, 10.3363351]}, "properties": {"category": "Retail"}}, {"type": "Feature", "geometry": {"type": "Point", "coordinates": [123.922453, 10.331685]}, "properties": {"category": "Retail"}}, {"type": "Feature", "geometry": {"type": "Point", "coordinates": [123.9133934, 10.3508038]}, "properties": {"category": "Retail"}}, {"type": "Feature", "geometry": {"type": "Point", "coordinates": [123.9305254, 10.3372327]}, "properties": {"category": "Retail"}}, {"type": "Feature", "geometry": {"type": "Point", "coordinates": [123.9287179, 10.3382746]}, "properties": {"category": "Retail"}}, {"type": "Feature", "geometry": {"type": "Point", "coordinates": [123.9204853, 10.3374867]}, "properties": {"category": "Retail"}}, {"type": "Feature", "geometry": {"type": "Point", "coordinates": [123.9093316, 10.3455167]}, "properties": {"category": "Retail"}}, {"type": "Feature", "geometry": {"type": "Point", "coordinates": [123.9172711, 10.3421572]}, "properties": {"category": "Retail"}}, {"type": "Feature", "geometry": {"type": "Point", "coordinates": [123.9335908, 10.3279748]}, "properties": {"category": "Retail"}}, {"type": "Feature", "geometry": {"type": "Point", "coordinates": [123.9124631, 10.3413193]}, "properties": {"category": "Retail"}}, {"type": "Feature", "geometry": {"type": "Point", "coordinates": [123.9331329, 10.3351488]}, "properties": {"category": "Retail"}}, {"type": "Feature", "geometry": {"type": "Point", "coordinates": [123.9128125, 10.3431875]}, "properties": {"category": "Retail"}}, {"type": "Feature", "geometry": {"type": "Point", "coordinates": [123.9203072, 10.3376085]}, "properties": {"category": "Retail"}}, {"type": "Feature", "geometry": {"type": "Point", "coordinates": [123.9444526, 10.3331739]}, "properties": {"category": "Retail"}}, {"type": "Feature", "geometry": {"type": "Point", "coordinates": [123.9591868, 10.342545]}, "properties": {"category": "Retail"}}, {"type": "Feature", "geometry": {"type": "Point", "coordinates": [123.9332695, 10.368917]}, "properties": {"category": "Retail"}}, {"type": "Feature", "geometry": {"type": "Point", "coordinates": [123.9481395, 10.3405616]}, "properties": {"category": "Retail"}}, {"type": "Feature", "geometry": {"type": "Point", "coordinates": [123.9186617, 10.3261428]}, "properties": {"category": "Retail"}}, {"type": "Feature", "geometry": {"type": "Point", "coordinates": [123.920058, 10.3413143]}, "properties": {"category": "Retail"}}, {"type": "Feature", "geometry": {"type": "Point", "coordinates": [123.9109897, 10.3392726]}, "properties": {"category": "Retail"}}, {"type": "Feature", "geometry": {"type": "Point", "coordinates": [123.9134303, 10.350722]}, "properties": {"category": "Retail"}}, {"type": "Feature", "geometry": {"type": "Point", "coordinates": [123.9487624, 10.3495688]}, "properties": {"category": "Retail"}}, {"type": "Feature", "geometry": {"type": "Point", "coordinates": [123.9251408, 10.3704408]}, "properties": {"category": "Retail"}}, {"type": "Feature", "geometry": {"type": "Point", "coordinates": [123.9307706, 10.3418799]}, "properties": {"category": "Retail"}}, {"type": "Feature", "geometry": {"type": "Point", "coordinates": [123.9437797, 10.3605988]}, "properties": {"category": "Retail"}}, {"type": "Feature", "geometry": {"type": "Point", "coordinates": [123.9280567, 10.3386182]}, "properties": {"category": "Retail"}}, {"type": "Feature", "geometry": {"type": "Point", "coordinates": [123.9121234, 10.3408965]}, "properties": {"category": "Retail"}}, {"type": "Feature", "geometry": {"type": "Point", "coordinates": [123.9558931, 10.3471662]}, "properties": {"category": "Retail"}}, {"type": "Feature", "geometry": {"type": "Point", "coordinates": [123.9367066, 10.3309406]}, "properties": {"category": "Retail"}}, {"type": "Feature", "geometry": {"type": "Point", "coordinates": [123.9137546, 10.3431876]}, "properties": {"category": "Retail"}}, {"type": "Feature", "geometry": {"type": "Point", "coordinates": [123.9340041, 10.3301432]}, "properties": {"category": "Retail"}}, {"type": "Feature", "geometry": {"type": "Point", "coordinates": [123.9181238, 10.3418738]}, "properties": {"category": "Retail"}}, {"type": "Feature", "geometry": {"type": "Point", "coordinates": [123.9111337, 10.3423391]}, "properties": {"category": "Retail"}}, {"type": "Feature", "geometry": {"type": "Point", "coordinates": [123.9213399, 10.3864627]}, "properties": {"category": "Retail"}}, {"type": "Feature", "geometry": {"type": "Point", "coordinates": [123.9265139, 10.3457167]}, "properties": {"category": "Retail"}}, {"type": "Feature", "geometry": {"type": "Point", "coordinates": [123.9478549, 10.3408377]}, "properties": {"category": "Retail"}}, {"type": "Feature", "geometry": {"type": "Point", "coordinates": [123.9364028, 10.3684649]}, "properties": {"category": "Retail"}}, {"type": "Feature", "geometry": {"type": "Point", "coordinates": [123.9317833, 10.3443223]}, "properties": {"category": "Retail"}}, {"type": "Feature", "geometry": {"type": "Point", "coordinates": [123.9489008, 10.3504287]}, "properties": {"category": "Retail"}}, {"type": "Feature", "geometry": {"type": "Point", "coordinates": [123.9123504, 10.34568]}, "properties": {"category": "Retail"}}, {"type": "Feature", "geometry": {"type": "Point", "coordinates": [123.909282, 10.3455797]}, "properties": {"category": "Retail"}}, {"type": "Feature", "geometry": {"type": "Point", "coordinates": [123.9110941, 10.3394518]}, "properties": {"category": "Retail"}}, {"type": "Feature", "geometry": {"type": "Point", "coordinates": [123.9487135, 10.3500735]}, "properties": {"category": "Retail"}}, {"type": "Feature", "geometry": {"type": "Point", "coordinates": [123.9145639, 10.3649274]}, "properties": {"category": "Retail"}}, {"type": "Feature", "geometry": {"type": "Point", "coordinates": [123.9449298, 10.3339272]}, "properties": {"category": "Retail"}}, {"type": "Feature", "geometry": {"type": "Point", "coordinates": [123.914176, 10.3432043]}, "properties": {"category": "Retail"}}, {"type": "Feature", "geometry": {"type": "Point", "coordinates": [123.938004, 10.3655583]}, "properties": {"category": "Retail"}}, {"type": "Feature", "geometry": {"type": "Point", "coordinates": [123.9337825, 10.3350185]}, "properties": {"category": "Retail"}}, {"type": "Feature", "geometry": {"type": "Point", "coordinates": [123.9291213, 10.343354]}, "properties": {"category": "Retail"}}, {"type": "Feature", "geometry": {"type": "Point", "coordinates": [123.9134238, 10.3492868]}, "properties": {"category": "Retail"}}, {"type": "Feature", "geometry": {"type": "Point", "coordinates": [123.9174273, 10.342483]}, "properties": {"category": "Retail"}}, {"type": "Feature", "geometry": {"type": "Point", "coordinates": [123.9305969, 10.3371638]}, "properties": {"category": "Retail"}}, {"type": "Feature", "geometry": {"type": "Point", "coordinates": [123.909768, 10.3441934]}, "properties": {"category": "Retail"}}, {"type": "Feature", "geometry": {"type": "Point", "coordinates": [123.9480027, 10.3407063]}, "properties": {"category": "Retail"}}, {"type": "Feature", "geometry": {"type": "Point", "coordinates": [123.9111446, 10.3394121]}, "properties": {"category": "Retail"}}, {"type": "Feature", "geometry": {"type": "Point", "coordinates": [123.9397133, 10.3353134]}, "properties": {"category": "Retail"}}, {"type": "Feature", "geometry": {"type": "Point", "coordinates": [123.9337129, 10.3355301]}, "properties": {"category": "Retail"}}, {"type": "Feature", "geometry": {"type": "Point", "coordinates": [123.9197222, 10.3411111]}, "properties": {"category": "Retail"}}, {"type": "Feature", "geometry": {"type": "Point", "coordinates": [123.9414748, 10.3690885]}, "properties": {"category": "Retail"}}, {"type": "Feature", "geometry": {"type": "Point", "coordinates": [123.9450898, 10.3351105]}, "properties": {"category": "Retail"}}, {"type": "Feature", "geometry": {"type": "Point", "coordinates": [123.9479758, 10.3562849]}, "properties": {"category": "Retail"}}, {"type": "Feature", "geometry": {"type": "Point", "coordinates": [123.9149933, 10.3272738]}, "properties": {"category": "Retail"}}, {"type": "Feature", "geometry": {"type": "Point", "coordinates": [123.9188749, 10.3430117]}, "properties": {"category": "Retail"}}, {"type": "Feature", "geometry": {"type": "Point", "coordinates": [123.9147197, 10.341588]}, "properties": {"category": "Retail"}}, {"type": "Feature", "geometry": {"type": "Point", "coordinates": [123.9324956, 10.3684111]}, "properties": {"category": "Retail"}}, {"type": "Feature", "geometry": {"type": "Point", "coordinates": [123.934252, 10.3348401]}, "properties": {"category": "Retail"}}, {"type": "Feature", "geometry": {"type": "Point", "coordinates": [123.910667, 10.3332792]}, "properties": {"category": "Retail"}}, {"type": "Feature", "geometry": {"type": "Point", "coordinates": [123.9341806, 10.3672512]}, "properties": {"category": "Retail"}}, {"type": "Feature", "geometry": {"type": "Point", "coordinates": [123.9293251, 10.3466262]}, "properties": {"category": "Retail"}}, {"type": "Feature", "geometry": {"type": "Point", "coordinates": [123.9184371, 10.369368]}, "properties": {"category": "Retail"}}, {"type": "Feature", "geometry": {"type": "Point", "coordinates": [123.9212882, 10.3275219]}, "properties": {"category": "Retail"}}, {"type": "Feature", "geometry": {"type": "Point", "coordinates": [123.920632, 10.327176]}, "properties": {"category": "Retail"}}, {"type": "Feature", "geometry": {"type": "Point", "coordinates": [123.9165916, 10.3693719]}, "properties": {"category": "Retail"}}, {"type": "Feature", "geometry": {"type": "Point", "coordinates": [123.9141673, 10.3675602]}, "properties": {"category": "Retail"}}, {"type": "Feature", "geometry": {"type": "Point", "coordinates": [123.9351282, 10.3303081]}, "properties": {"category": "Retail"}}, {"type": "Feature", "geometry": {"type": "Point", "coordinates": [123.9278412, 10.3684024]}, "properties": {"category": "Retail"}}, {"type": "Feature", "geometry": {"type": "Point", "coordinates": [123.9143336, 10.3529153]}, "properties": {"category": "Retail"}}, {"type": "Feature", "geometry": {"type": "Point", "coordinates": [123.9252931, 10.3493924]}, "properties": {"category": "Retail"}}, {"type": "Feature", "geometry": {"type": "Point", "coordinates": [123.9326423, 10.3353269]}, "properties": {"category": "Retail"}}, {"type": "Feature", "geometry": {"type": "Point", "coordinates": [123.920134, 10.3414821]}, "properties": {"category": "Retail"}}, {"type": "Feature", "geometry": {"type": "Point", "coordinates": [123.9196829, 10.3260771]}, "properties": {"category": "Retail"}}, {"type": "Feature", "geometry": {"type": "Point", "coordinates": [123.9302526, 10.3447026]}, "properties": {"category": "Retail"}}, {"type": "Feature", "geometry": {"type": "Point", "coordinates": [123.9117506, 10.3434279]}, "properties": {"category": "Retail"}}, {"type": "Feature", "geometry": {"type": "Point", "coordinates": [123.9214086, 10.3415365]}, "properties": {"category": "Retail"}}, {"type": "Feature", "geometry": {"type": "Point", "coordinates": [123.923176, 10.324582]}, "properties": {"category": "Retail"}}, {"type": "Feature", "geometry": {"type": "Point", "coordinates": [123.9130649, 10.343317]}, "properties": {"category": "Retail"}}, {"type": "Feature", "geometry": {"type": "Point", "coordinates": [123.9124819, 10.3387381]}, "properties": {"category": "Retail"}}, {"type": "Feature", "geometry": {"type": "Point", "coordinates": [123.9231917, 10.3344408]}, "properties": {"category": "Retail"}}, {"type": "Feature", "geometry": {"type": "Point", "coordinates": [123.9305301, 10.3413276]}, "properties": {"category": "Retail"}}, {"type": "Feature", "geometry": {"type": "Point", "coordinates": [123.9288437, 10.3453706]}, "properties": {"category": "Retail"}}, {"type": "Feature", "geometry": {"type": "Point", "coordinates": [123.9121013, 10.3432921]}, "properties": {"category": "Retail"}}, {"type": "Feature", "geometry": {"type": "Point", "coordinates": [123.9119898, 10.342926]}, "properties": {"category": "Retail"}}, {"type": "Feature", "geometry": {"type": "Point", "coordinates": [123.9476639, 10.340654]}, "properties": {"category": "Retail"}}, {"type": "Feature", "geometry": {"type": "Point", "coordinates": [123.9131579, 10.3488204]}, "properties": {"category": "Retail"}}, {"type": "Feature", "geometry": {"type": "Point", "coordinates": [123.910463, 10.343695]}, "properties": {"category": "Retail"}}, {"type": "Feature", "geometry": {"type": "Point", "coordinates": [123.9110244, 10.3395105]}, "properties": {"category": "Retail"}}, {"type": "Feature", "geometry": {"type": "Point", "coordinates": [123.9244526, 10.3393684]}, "properties": {"category": "Retail"}}, {"type": "Feature", "geometry": {"type": "Point", "coordinates": [123.9092514, 10.3453607]}, "properties": {"category": "Retail"}}, {"type": "Feature", "geometry": {"type": "Point", "coordinates": [123.9244294, 10.3398357]}, "properties": {"category": "Retail"}}, {"type": "Feature", "geometry": {"type": "Point", "coordinates": [123.9192812, 10.3259862]}, "properties": {"category": "Retail"}}, {"type": "Feature", "geometry": {"type": "Point", "coordinates": [123.9102842, 10.3351581]}, "properties": {"category": "Retail"}}, {"type": "Feature", "geometry": {"type": "Point", "coordinates": [123.9522174, 10.3524161]}, "properties": {"category": "Retail"}}, {"type": "Feature", "geometry": {"type": "Point", "coordinates": [123.9589737, 10.3423252]}, "properties": {"category": "Retail"}}, {"type": "Feature", "geometry": {"type": "Point", "coordinates": [123.9483361, 10.3624594]}, "properties": {"category": "Retail"}}, {"type": "Feature", "geometry": {"type": "Point", "coordinates": [123.909968, 10.3440849]}, "properties": {"category": "Retail"}}, {"type": "Feature", "geometry": {"type": "Point", "coordinates": [123.926206, 10.3489449]}, "properties": {"category": "Retail"}}, {"type": "Feature", "geometry": {"type": "Point", "coordinates": [123.91083, 10.3360752]}, "properties": {"category": "Retail"}}, {"type": "Feature", "geometry": {"type": "Point", "coordinates": [123.947847, 10.3462289]}, "properties": {"category": "Retail"}}, {"type": "Feature", "geometry": {"type": "Point", "coordinates": [123.9214462, 10.3543669]}, "properties": {"category": "Retail"}}, {"type": "Feature", "geometry": {"type": "Point", "coordinates": [123.9323134, 10.3364513]}, "properties": {"category": "Retail"}}, {"type": "Feature", "geometry": {"type": "Point", "coordinates": [123.916209, 10.327322]}, "properties": {"category": "Retail"}}, {"type": "Feature", "geometry": {"type": "Point", "coordinates": [123.9332398, 10.3769416]}, "properties": {"category": "Retail"}}, {"type": "Feature", "geometry": {"type": "Point", "coordinates": [123.9487946, 10.340748]}, "properties": {"category": "Retail"}}, {"type": "Feature", "geometry": {"type": "Point", "coordinates": [123.9134918, 10.3510528]}, "properties": {"category": "Retail"}}, {"type": "Feature", "geometry": {"type": "Point", "coordinates": [123.9504516, 10.3352792]}, "properties": {"category": "Retail"}}, {"type": "Feature", "geometry": {"type": "Point", "coordinates": [123.9198092, 10.3263339]}, "properties": {"category": "Retail"}}, {"type": "Feature", "geometry": {"type": "Point", "coordinates": [123.912185, 10.340861]}, "properties": {"category": "Retail"}}, {"type": "Feature", "geometry": {"type": "Point", "coordinates": [123.9120422, 10.3396531]}, "properties": {"category": "Retail"}}, {"type": "Feature", "geometry": {"type": "Point", "coordinates": [123.911242, 10.34025]}, "properties": {"category": "Retail"}}, {"type": "Feature", "geometry": {"type": "Point", "coordinates": [123.9108715, 10.3358212]}, "properties": {"category": "Retail"}}, {"type": "Feature", "geometry": {"type": "Point", "coordinates": [123.938, 10.3303]}, "properties": {"category": "Retail"}}, {"type": "Feature", "geometry": {"type": "Point", "coordinates": [123.9154813, 10.3534418]}, "properties": {"category": "Retail"}}, {"type": "Feature", "geometry": {"type": "Point", "coordinates": [123.9482744, 10.3407715]}, "properties": {"category": "Retail"}}, {"type": "Feature", "geometry": {"type": "Point", "coordinates": [123.912995, 10.3412161]}, "properties": {"category": "Retail"}}, {"type": "Feature", "geometry": {"type": "Point", "coordinates": [123.9173501, 10.3425539]}, "properties": {"category": "Retail"}}, {"type": "Feature", "geometry": {"type": "Point", "coordinates": [123.943576, 10.3328667]}, "properties": {"category": "Retail"}}, {"type": "Feature", "geometry": {"type": "Point", "coordinates": [123.9124769, 10.3418031]}, "properties": {"category": "Retail"}}, {"type": "Feature", "geometry": {"type": "Point", "coordinates": [123.9116401, 10.3377439]}, "properties": {"category": "Retail"}}, {"type": "Feature", "geometry": {"type": "Point", "coordinates": [123.947999, 10.340852]}, "properties": {"category": "Retail"}}, {"type": "Feature", "geometry": {"type": "Point", "coordinates": [123.9180546, 10.3425352]}, "properties": {"category": "Retail"}}, {"type": "Feature", "geometry": {"type": "Point", "coordinates": [123.9276849, 10.3407431]}, "properties": {"category": "Retail"}}, {"type": "Feature", "geometry": {"type": "Point", "coordinates": [123.9501667, 10.3558484]}, "properties": {"category": "Retail"}}, {"type": "Feature", "geometry": {"type": "Point", "coordinates": [123.9138323, 10.3435924]}, "properties": {"category": "Retail"}}, {"type": "Feature", "geometry": {"type": "Point", "coordinates": [123.9228375, 10.35288]}, "properties": {"category": "Retail"}}, {"type": "Feature", "geometry": {"type": "Point", "coordinates": [123.9501597, 10.3354813]}, "properties": {"category": "Retail"}}, {"type": "Feature", "geometry": {"type": "Point", "coordinates": [123.9113242, 10.3382264]}, "properties": {"category": "Retail"}}, {"type": "Feature", "geometry": {"type": "Point", "coordinates": [123.9110151, 10.339297]}, "properties": {"category": "Retail"}}, {"type": "Feature", "geometry": {"type": "Point", "coordinates": [123.9194579, 10.3416772]}, "properties": {"category": "Retail"}}, {"type": "Feature", "geometry": {"type": "Point", "coordinates": [123.9151558, 10.3630961]}, "properties": {"category": "Retail"}}, {"type": "Feature", "geometry": {"type": "Point", "coordinates": [123.926432, 10.345542]}, "properties": {"category": "Retail"}}, {"type": "Feature", "geometry": {"type": "Point", "coordinates": [123.912194, 10.344617]}, "properties": {"category": "Retail"}}, {"type": "Feature", "geometry": {"type": "Point", "coordinates": [123.925409, 10.3394431]}, "properties": {"category": "Retail"}}, {"type": "Feature", "geometry": {"type": "Point", "coordinates": [123.9112239, 10.3436093]}, "properties": {"category": "Retail"}}, {"type": "Feature", "geometry": {"type": "Point", "coordinates": [123.9309544, 10.3448316]}, "properties": {"category": "Retail"}}, {"type": "Feature", "geometry": {"type": "Point", "coordinates": [123.9130771, 10.3473666]}, "properties": {"category": "Retail"}}, {"type": "Feature", "geometry": {"type": "Point", "coordinates": [123.9341259, 10.3351928]}, "properties": {"category": "Retail"}}, {"type": "Feature", "geometry": {"type": "Point", "coordinates": [123.9180548, 10.3272396]}, "properties": {"category": "Retail"}}, {"type": "Feature", "geometry": {"type": "Point", "coordinates": [123.9283847, 10.369023]}, "properties": {"category": "Retail"}}, {"type": "Feature", "geometry": {"type": "Point", "coordinates": [123.9365606, 10.338967]}, "properties": {"category": "Retail"}}, {"type": "Feature", "geometry": {"type": "Point", "coordinates": [123.9146685, 10.354591]}, "properties": {"category": "Retail"}}, {"type": "Feature", "geometry": {"type": "Point", "coordinates": [123.929578, 10.3464524]}, "properties": {"category": "Retail"}}, {"type": "Feature", "geometry": {"type": "Point", "coordinates": [123.9179341, 10.3423547]}, "properties": {"category": "Retail"}}, {"type": "Feature", "geometry": {"type": "Point", "coordinates": [123.9291452, 10.3431579]}, "properties": {"category": "Retail"}}, {"type": "Feature", "geometry": {"type": "Point", "coordinates": [123.9183797, 10.343142]}, "properties": {"category": "Retail"}}, {"type": "Feature", "geometry": {"type": "Point", "coordinates": [123.9259366, 10.3511011]}, "properties": {"category": "Retail"}}, {"type": "Feature", "geometry": {"type": "Point", "coordinates": [123.9219411, 10.3486025]}, "properties": {"category": "Retail"}}, {"type": "Feature", "geometry": {"type": "Point", "coordinates": [123.9302714, 10.337708]}, "properties": {"category": "Retail"}}, {"type": "Feature", "geometry": {"type": "Point", "coordinates": [123.9195508, 10.341578]}, "properties": {"category": "Retail"}}, {"type": "Feature", "geometry": {"type": "Point", "coordinates": [123.9402009, 10.3378023]}, "properties": {"category": "Retail"}}, {"type": "Feature", "geometry": {"type": "Point", "coordinates": [123.919214, 10.3417389]}, "properties": {"category": "Retail"}}, {"type": "Feature", "geometry": {"type": "Point", "coordinates": [123.9313076, 10.3372169]}, "properties": {"category": "Retail"}}, {"type": "Feature", "geometry": {"type": "Point", "coordinates": [123.9287282, 10.3677449]}, "properties": {"category": "Retail"}}, {"type": "Feature", "geometry": {"type": "Point", "coordinates": [123.9272142, 10.3406399]}, "properties": {"category": "Retail"}}, {"type": "Feature", "geometry": {"type": "Point", "coordinates": [123.9187997, 10.3424987]}, "properties": {"category": "Retail"}}, {"type": "Feature", "geometry": {"type": "Point", "coordinates": [123.9198932, 10.3262593]}, "properties": {"category": "Retail"}}, {"type": "Feature", "geometry": {"type": "Point", "coordinates": [123.9252475, 10.3396899]}, "properties": {"category": "Retail"}}, {"type": "Feature", "geometry": {"type": "Point", "coordinates": [123.9115941, 10.3434938]}, "properties": {"category": "Retail"}}, {"type": "Feature", "geometry": {"type": "Point", "coordinates": [123.9128992, 10.3391175]}, "properties": {"category": "Retail"}}, {"type": "Feature", "geometry": {"type": "Point", "coordinates": [123.9132753, 10.3507454]}, "properties": {"category": "Retail"}}, {"type": "Feature", "geometry": {"type": "Point", "coordinates": [123.947715, 10.3407569]}, "properties": {"category": "Retail"}}, {"type": "Feature", "geometry": {"type": "Point", "coordinates": [123.9174, 10.3261003]}, "properties": {"category": "Retail"}}, {"type": "Feature", "geometry": {"type": "Point", "coordinates": [123.9132238, 10.3494465]}, "properties": {"category": "Retail"}}, {"type": "Feature", "geometry": {"type": "Point", "coordinates": [123.9218612, 10.3362214]}, "properties": {"category": "Retail"}}, {"type": "Feature", "geometry": {"type": "Point", "coordinates": [123.9291138, 10.3280052]}, "properties": {"category": "Retail"}}, {"type": "Feature", "geometry": {"type": "Point", "coordinates": [123.9159806, 10.363558]}, "properties": {"category": "Retail"}}, {"type": "Feature", "geometry": {"type": "Point", "coordinates": [123.9138079, 10.3671608]}, "properties": {"category": "Retail"}}, {"type": "Feature", "geometry": {"type": "Point", "coordinates": [123.9176186, 10.326414]}, "properties": {"category": "Retail"}}, {"type": "Feature", "geometry": {"type": "Point", "coordinates": [123.9311373, 10.3455043]}, "properties": {"category": "Retail"}}, {"type": "Feature", "geometry": {"type": "Point", "coordinates": [123.9223763, 10.3267028]}, "properties": {"category": "Retail"}}, {"type": "Feature", "geometry": {"type": "Point", "coordinates": [123.945765, 10.364305]}, "properties": {"category": "Retail"}}, {"type": "Feature", "geometry": {"type": "Point", "coordinates": [123.925978, 10.3390349]}, "properties": {"category": "Retail"}}, {"type": "Feature", "geometry": {"type": "Point", "coordinates": [123.9219385, 10.3359109]}, "properties": {"category": "Retail"}}, {"type": "Feature", "geometry": {"type": "Point", "coordinates": [123.947939, 10.340667]}, "properties": {"category": "Retail"}}, {"type": "Feature", "geometry": {"type": "Point", "coordinates": [123.9481008, 10.3407714]}, "properties": {"category": "Retail"}}, {"type": "Feature", "geometry": {"type": "Point", "coordinates": [123.9179011, 10.3269369]}, "properties": {"category": "Retail"}}, {"type": "Feature", "geometry": {"type": "Point", "coordinates": [123.9093362, 10.3450355]}, "properties": {"category": "Retail"}}, {"type": "Feature", "geometry": {"type": "Point", "coordinates": [123.9291009, 10.3433467]}, "properties": {"category": "Retail"}}, {"type": "Feature", "geometry": {"type": "Point", "coordinates": [123.9196018, 10.3413297]}, "properties": {"category": "Retail"}}, {"type": "Feature", "geometry": {"type": "Point", "coordinates": [123.925862, 10.3390365]}, "properties": {"category": "Retail"}}, {"type": "Feature", "geometry": {"type": "Point", "coordinates": [123.9301408, 10.3375729]}, "properties": {"category": "Retail"}}, {"type": "Feature", "geometry": {"type": "Point", "coordinates": [123.7850374, 10.2420552]}, "properties": {"category": "Retail"}}, {"type": "Feature", "geometry": {"type": "Point", "coordinates": [123.7831746, 10.2363401]}, "properties": {"category": "Retail"}}, {"type": "Feature", "geometry": {"type": "Point", "coordinates": [123.7793719, 10.2391924]}, "properties": {"category": "Retail"}}, {"type": "Feature", "geometry": {"type": "Point", "coordinates": [123.7922847, 10.2394874]}, "properties": {"category": "Retail"}}, {"type": "Feature", "geometry": {"type": "Point", "coordinates": [123.764179, 10.2592296]}, "properties": {"category": "Retail"}}, {"type": "Feature", "geometry": {"type": "Point", "coordinates": [123.7859184, 10.2430018]}, "properties": {"category": "Retail"}}, {"type": "Feature", "geometry": {"type": "Point", "coordinates": [123.7878344, 10.2359784]}, "properties": {"category": "Retail"}}, {"type": "Feature", "geometry": {"type": "Point", "coordinates": [123.7885715, 10.2432483]}, "properties": {"category": "Retail"}}, {"type": "Feature", "geometry": {"type": "Point", "coordinates": [123.7879596, 10.2426343]}, "properties": {"category": "Retail"}}, {"type": "Feature", "geometry": {"type": "Point", "coordinates": [123.7844629, 10.2320701]}, "properties": {"category": "Retail"}}, {"type": "Feature", "geometry": {"type": "Point", "coordinates": [123.782607, 10.2318703]}, "properties": {"category": "Retail"}}, {"type": "Feature", "geometry": {"type": "Point", "coordinates": [123.7858063, 10.2328543]}, "properties": {"category": "Retail"}}, {"type": "Feature", "geometry": {"type": "Point", "coordinates": [123.7761982, 10.237644]}, "properties": {"category": "Retail"}}, {"type": "Feature", "geometry": {"type": "Point", "coordinates": [123.7809185, 10.2395971]}, "properties": {"category": "Retail"}}, {"type": "Feature", "geometry": {"type": "Point", "coordinates": [123.7830372, 10.2362318]}, "properties": {"category": "Retail"}}, {"type": "Feature", "geometry": {"type": "Point", "coordinates": [123.8576875, 10.2661875]}, "properties": {"category": "Retail"}}, {"type": "Feature", "geometry": {"type": "Point", "coordinates": [123.8591566, 10.269416]}, "properties": {"category": "Retail"}}, {"type": "Feature", "geometry": {"type": "Point", "coordinates": [123.8437372, 10.2670711]}, "properties": {"category": "Retail"}}, {"type": "Feature", "geometry": {"type": "Point", "coordinates": [123.843512, 10.2466035]}, "properties": {"category": "Retail"}}, {"type": "Feature", "geometry": {"type": "Point", "coordinates": [123.8574037, 10.2766723]}, "properties": {"category": "Retail"}}, {"type": "Feature", "geometry": {"type": "Point", "coordinates": [123.8240729, 10.2390984]}, "properties": {"category": "Retail"}}, {"type": "Feature", "geometry": {"type": "Point", "coordinates": [123.8503019, 10.2720227]}, "properties": {"category": "Retail"}}, {"type": "Feature", "geometry": {"type": "Point", "coordinates": [123.8282151, 10.2378771]}, "properties": {"category": "Retail"}}, {"type": "Feature", "geometry": {"type": "Point", "coordinates": [123.8498603, 10.2733278]}, "properties": {"category": "Retail"}}, {"type": "Feature", "geometry": {"type": "Point", "coordinates": [123.8399435, 10.2408447]}, "properties": {"category": "Retail"}}, {"type": "Feature", "geometry": {"type": "Point", "coordinates": [123.8476479, 10.2590276]}, "properties": {"category": "Retail"}}, {"type": "Feature", "geometry": {"type": "Point", "coordinates": [123.854733, 10.278644]}, "properties": {"category": "Retail"}}, {"type": "Feature", "geometry": {"type": "Point", "coordinates": [123.8394225, 10.2537714]}, "properties": {"category": "Retail"}}, {"type": "Feature", "geometry": {"type": "Point", "coordinates": [123.8492724, 10.2731879]}, "properties": {"category": "Retail"}}, {"type": "Feature", "geometry": {"type": "Point", "coordinates": [123.8240887, 10.2391752]}, "properties": {"category": "Retail"}}, {"type": "Feature", "geometry": {"type": "Point", "coordinates": [123.8541213, 10.2517126]}, "properties": {"category": "Retail"}}, {"type": "Feature", "geometry": {"type": "Point", "coordinates": [123.7952073, 10.2452873]}, "properties": {"category": "Retail"}}, {"type": "Feature", "geometry": {"type": "Point", "coordinates": [123.8590026, 10.2698354]}, "properties": {"category": "Retail"}}, {"type": "Feature", "geometry": {"type": "Point", "coordinates": [123.8280836, 10.2459907]}, "properties": {"category": "Retail"}}, {"type": "Feature", "geometry": {"type": "Point", "coordinates": [123.8397472, 10.2446648]}, "properties": {"category": "Retail"}}, {"type": "Feature", "geometry": {"type": "Point", "coordinates": [123.8366476, 10.265438]}, "properties": {"category": "Retail"}}, {"type": "Feature", "geometry": {"type": "Point", "coordinates": [123.8475969, 10.2423601]}, "properties": {"category": "Retail"}}, {"type": "Feature", "geometry": {"type": "Point", "coordinates": [123.797227, 10.241593]}, "properties": {"category": "Retail"}}, {"type": "Feature", "geometry": {"type": "Point", "coordinates": [123.8558711, 10.2628592]}, "properties": {"category": "Retail"}}, {"type": "Feature", "geometry": {"type": "Point", "coordinates": [123.8390084, 10.2492058]}, "properties": {"category": "Retail"}}, {"type": "Feature", "geometry": {"type": "Point", "coordinates": [123.8133692, 10.2447207]}, "properties": {"category": "Retail"}}, {"type": "Feature", "geometry": {"type": "Point", "coordinates": [123.8269892, 10.259035]}, "properties": {"category": "Retail"}}, {"type": "Feature", "geometry": {"type": "Point", "coordinates": [123.860251, 10.2518609]}, "properties": {"category": "Retail"}}, {"type": "Feature", "geometry": {"type": "Point", "coordinates": [123.8459041, 10.2519102]}, "properties": {"category": "Retail"}}, {"type": "Feature", "geometry": {"type": "Point", "coordinates": [123.8537328, 10.2815481]}, "properties": {"category": "Retail"}}, {"type": "Feature", "geometry": {"type": "Point", "coordinates": [123.8454717, 10.2601905]}, "properties": {"category": "Retail"}}, {"type": "Feature", "geometry": {"type": "Point", "coordinates": [123.8413281, 10.2637875]}, "properties": {"category": "Retail"}}, {"type": "Feature", "geometry": {"type": "Point", "coordinates": [123.859764, 10.2746378]}, "properties": {"category": "Retail"}}, {"type": "Feature", "geometry": {"type": "Point", "coordinates": [123.8274637, 10.2461108]}, "properties": {"category": "Retail"}}, {"type": "Feature", "geometry": {"type": "Point", "coordinates": [123.8398037, 10.2557891]}, "properties": {"category": "Retail"}}, {"type": "Feature", "geometry": {"type": "Point", "coordinates": [123.8032606, 10.2491715]}, "properties": {"category": "Retail"}}, {"type": "Feature", "geometry": {"type": "Point", "coordinates": [123.8139225, 10.2435859]}, "properties": {"category": "Retail"}}, {"type": "Feature", "geometry": {"type": "Point", "coordinates": [123.7769358, 10.2559409]}, "properties": {"category": "Retail"}}, {"type": "Feature", "geometry": {"type": "Point", "coordinates": [123.8310879, 10.2431325]}, "properties": {"category": "Retail"}}, {"type": "Feature", "geometry": {"type": "Point", "coordinates": [123.8599016, 10.2747039]}, "properties": {"category": "Retail"}}, {"type": "Feature", "geometry": {"type": "Point", "coordinates": [123.8302653, 10.2394192]}, "properties": {"category": "Retail"}}, {"type": "Feature", "geometry": {"type": "Point", "coordinates": [123.8413013, 10.2446608]}, "properties": {"category": "Retail"}}, {"type": "Feature", "geometry": {"type": "Point", "coordinates": [123.8279382, 10.2378531]}, "properties": {"category": "Retail"}}, {"type": "Feature", "geometry": {"type": "Point", "coordinates": [123.8286037, 10.2460875]}, "properties": {"category": "Retail"}}, {"type": "Feature", "geometry": {"type": "Point", "coordinates": [123.8648034, 10.2662144]}, "properties": {"category": "Retail"}}, {"type": "Feature", "geometry": {"type": "Point", "coordinates": [123.86489, 10.2661786]}, "properties": {"category": "Retail"}}, {"type": "Feature", "geometry": {"type": "Point", "coordinates": [123.829631, 10.259824]}, "properties": {"category": "Retail"}}, {"type": "Feature", "geometry": {"type": "Point", "coordinates": [123.8392287, 10.245819]}, "properties": {"category": "Retail"}}, {"type": "Feature", "geometry": {"type": "Point", "coordinates": [123.838431, 10.2643279]}, "properties": {"category": "Retail"}}, {"type": "Feature", "geometry": {"type": "Point", "coordinates": [123.8218303, 10.2467011]}, "properties": {"category": "Retail"}}, {"type": "Feature", "geometry": {"type": "Point", "coordinates": [123.8413759, 10.2639004]}, "properties": {"category": "Retail"}}, {"type": "Feature", "geometry": {"type": "Point", "coordinates": [123.8244255, 10.2445765]}, "properties": {"category": "Retail"}}, {"type": "Feature", "geometry": {"type": "Point", "coordinates": [123.8297444, 10.2403686]}, "properties": {"category": "Retail"}}, {"type": "Feature", "geometry": {"type": "Point", "coordinates": [123.841119, 10.2621469]}, "properties": {"category": "Retail"}}, {"type": "Feature", "geometry": {"type": "Point", "coordinates": [123.8247184, 10.2458299]}, "properties": {"category": "Retail"}}, {"type": "Feature", "geometry": {"type": "Point", "coordinates": [123.8424736, 10.2473906]}, "properties": {"category": "Retail"}}, {"type": "Feature", "geometry": {"type": "Point", "coordinates": [123.8370451, 10.2518204]}, "properties": {"category": "Retail"}}, {"type": "Feature", "geometry": {"type": "Point", "coordinates": [123.8361572, 10.240177]}, "properties": {"category": "Retail"}}, {"type": "Feature", "geometry": {"type": "Point", "coordinates": [123.8449596, 10.2457712]}, "properties": {"category": "Retail"}}, {"type": "Feature", "geometry": {"type": "Point", "coordinates": [123.8486795, 10.2733271]}, "properties": {"category": "Retail"}}, {"type": "Feature", "geometry": {"type": "Point", "coordinates": [123.8649632, 10.276347]}, "properties": {"category": "Retail"}}, {"type": "Feature", "geometry": {"type": "Point", "coordinates": [123.8371469, 10.2518275]}, "properties": {"category": "Retail"}}, {"type": "Feature", "geometry": {"type": "Point", "coordinates": [123.8252414, 10.2588007]}, "properties": {"category": "Retail"}}, {"type": "Feature", "geometry": {"type": "Point", "coordinates": [123.8279144, 10.2533846]}, "properties": {"category": "Retail"}}, {"type": "Feature", "geometry": {"type": "Point", "coordinates": [123.8282647, 10.2542785]}, "properties": {"category": "Retail"}}, {"type": "Feature", "geometry": {"type": "Point", "coordinates": [123.863217, 10.2588429]}, "properties": {"category": "Retail"}}, {"type": "Feature", "geometry": {"type": "Point", "coordinates": [123.8327895, 10.25128]}, "properties": {"category": "Retail"}}, {"type": "Feature", "geometry": {"type": "Point", "coordinates": [123.824059, 10.2393938]}, "properties": {"category": "Retail"}}, {"type": "Feature", "geometry": {"type": "Point", "coordinates": [123.860009, 10.2744655]}, "properties": {"category": "Retail"}}, {"type": "Feature", "geometry": {"type": "Point", "coordinates": [123.8493785, 10.2734604]}, "properties": {"category": "Retail"}}, {"type": "Feature", "geometry": {"type": "Point", "coordinates": [123.8564357, 10.2705119]}, "properties": {"category": "Retail"}}, {"type": "Feature", "geometry": {"type": "Point", "coordinates": [123.8392961, 10.2449689]}, "properties": {"category": "Retail"}}, {"type": "Feature", "geometry": {"type": "Point", "coordinates": [123.8539274, 10.2774357]}, "properties": {"category": "Retail"}}, {"type": "Feature", "geometry": {"type": "Point", "coordinates": [123.8338196, 10.2670638]}, "properties": {"category": "Retail"}}, {"type": "Feature", "geometry": {"type": "Point", "coordinates": [123.8358476, 10.2403954]}, "properties": {"category": "Retail"}}, {"type": "Feature", "geometry": {"type": "Point", "coordinates": [123.8566548, 10.2701582]}, "properties": {"category": "Retail"}}, {"type": "Feature", "geometry": {"type": "Point", "coordinates": [123.8240591, 10.2394174]}, "properties": {"category": "Retail"}}, {"type": "Feature", "geometry": {"type": "Point", "coordinates": [123.8558021, 10.2709223]}, "properties": {"category": "Retail"}}, {"type": "Feature", "geometry": {"type": "Point", "coordinates": [123.8242778, 10.24237]}, "properties": {"category": "Retail"}}, {"type": "Feature", "geometry": {"type": "Point", "coordinates": [123.8244142, 10.244229]}, "properties": {"category": "Retail"}}, {"type": "Feature", "geometry": {"type": "Point", "coordinates": [123.8357863, 10.240235]}, "properties": {"category": "Retail"}}, {"type": "Feature", "geometry": {"type": "Point", "coordinates": [123.8242689, 10.2382441]}, "properties": {"category": "Retail"}}, {"type": "Feature", "geometry": {"type": "Point", "coordinates": [123.8561146, 10.2676649]}, "properties": {"category": "Retail"}}, {"type": "Feature", "geometry": {"type": "Point", "coordinates": [123.8562207, 10.2683896]}, "properties": {"category": "Retail"}}, {"type": "Feature", "geometry": {"type": "Point", "coordinates": [123.7970845, 10.2421859]}, "properties": {"category": "Retail"}}, {"type": "Feature", "geometry": {"type": "Point", "coordinates": [123.839297, 10.2515155]}, "properties": {"category": "Retail"}}, {"type": "Feature", "geometry": {"type": "Point", "coordinates": [123.7775108, 10.2626715]}, "properties": {"category": "Retail"}}, {"type": "Feature", "geometry": {"type": "Point", "coordinates": [123.8432759, 10.2393307]}, "properties": {"category": "Retail"}}, {"type": "Feature", "geometry": {"type": "Point", "coordinates": [123.8391605, 10.2505012]}, "properties": {"category": "Retail"}}, {"type": "Feature", "geometry": {"type": "Point", "coordinates": [123.8400198, 10.2376272]}, "properties": {"category": "Retail"}}, {"type": "Feature", "geometry": {"type": "Point", "coordinates": [123.8541346, 10.2784798]}, "properties": {"category": "Retail"}}, {"type": "Feature", "geometry": {"type": "Point", "coordinates": [123.85799, 10.2784307]}, "properties": {"category": "Retail"}}, {"type": "Feature", "geometry": {"type": "Point", "coordinates": [123.8425243, 10.2494847]}, "properties": {"category": "Retail"}}, {"type": "Feature", "geometry": {"type": "Point", "coordinates": [123.8244503, 10.2381885]}, "properties": {"category": "Retail"}}, {"type": "Feature", "geometry": {"type": "Point", "coordinates": [123.796698, 10.2432759]}, "properties": {"category": "Retail"}}, {"type": "Feature", "geometry": {"type": "Point", "coordinates": [123.8390034, 10.2497634]}, "properties": {"category": "Retail"}}, {"type": "Feature", "geometry": {"type": "Point", "coordinates": [123.8541484, 10.27842]}, "properties": {"category": "Retail"}}, {"type": "Feature", "geometry": {"type": "Point", "coordinates": [123.8424415, 10.2472483]}, "properties": {"category": "Retail"}}, {"type": "Feature", "geometry": {"type": "Point", "coordinates": [123.8560822, 10.2626567]}, "properties": {"category": "Retail"}}, {"type": "Feature", "geometry": {"type": "Point", "coordinates": [123.7969494, 10.2426369]}, "properties": {"category": "Retail"}}, {"type": "Feature", "geometry": {"type": "Point", "coordinates": [123.8521021, 10.2791823]}, "properties": {"category": "Retail"}}, {"type": "Feature", "geometry": {"type": "Point", "coordinates": [123.842979, 10.266995]}, "properties": {"category": "Retail"}}, {"type": "Feature", "geometry": {"type": "Point", "coordinates": [123.8244499, 10.2453474]}, "properties": {"category": "Retail"}}, {"type": "Feature", "geometry": {"type": "Point", "coordinates": [123.8433395, 10.271415]}, "properties": {"category": "Retail"}}, {"type": "Feature", "geometry": {"type": "Point", "coordinates": [123.8407314, 10.2615811]}, "properties": {"category": "Retail"}}, {"type": "Feature", "geometry": {"type": "Point", "coordinates": [123.8597751, 10.2746286]}, "properties": {"category": "Retail"}}, {"type": "Feature", "geometry": {"type": "Point", "coordinates": [123.7994, 10.2420519]}, "properties": {"category": "Retail"}}, {"type": "Feature", "geometry": {"type": "Point", "coordinates": [123.8520679, 10.2761239]}, "properties": {"category": "Retail"}}, {"type": "Feature", "geometry": {"type": "Point", "coordinates": [123.8396817, 10.2416036]}, "properties": {"category": "Retail"}}, {"type": "Feature", "geometry": {"type": "Point", "coordinates": [123.8112891, 10.243753]}, "properties": {"category": "Retail"}}, {"type": "Feature", "geometry": {"type": "Point", "coordinates": [123.8313319, 10.2594772]}, "properties": {"category": "Retail"}}, {"type": "Feature", "geometry": {"type": "Point", "coordinates": [123.8573923, 10.2663081]}, "properties": {"category": "Retail"}}, {"type": "Feature", "geometry": {"type": "Point", "coordinates": [123.8228456, 10.2382193]}, "properties": {"category": "Retail"}}, {"type": "Feature", "geometry": {"type": "Point", "coordinates": [123.8559037, 10.2806727]}, "properties": {"category": "Retail"}}, {"type": "Feature", "geometry": {"type": "Point", "coordinates": [123.8392335, 10.2524493]}, "properties": {"category": "Retail"}}, {"type": "Feature", "geometry": {"type": "Point", "coordinates": [123.8392074, 10.2491643]}, "properties": {"category": "Retail"}}, {"type": "Feature", "geometry": {"type": "Point", "coordinates": [123.8604587, 10.2553334]}, "properties": {"category": "Retail"}}, {"type": "Feature", "geometry": {"type": "Point", "coordinates": [123.824385, 10.2384845]}, "properties": {"category": "Retail"}}, {"type": "Feature", "geometry": {"type": "Point", "coordinates": [123.843553, 10.2442367]}, "properties": {"category": "Retail"}}, {"type": "Feature", "geometry": {"type": "Point", "coordinates": [123.8592332, 10.2756688]}, "properties": {"category": "Retail"}}, {"type": "Feature", "geometry": {"type": "Point", "coordinates": [123.8480575, 10.2439516]}, "properties": {"category": "Retail"}}, {"type": "Feature", "geometry": {"type": "Point", "coordinates": [123.817834, 10.24526]}, "properties": {"category": "Retail"}}, {"type": "Feature", "geometry": {"type": "Point", "coordinates": [123.8549951, 10.280474]}, "properties": {"category": "Retail"}}, {"type": "Feature", "geometry": {"type": "Point", "coordinates": [123.8426971, 10.2670467]}, "properties": {"category": "Retail"}}, {"type": "Feature", "geometry": {"type": "Point", "coordinates": [123.8243596, 10.2443261]}, "properties": {"category": "Retail"}}, {"type": "Feature", "geometry": {"type": "Point", "coordinates": [123.8391445, 10.2376207]}, "properties": {"category": "Retail"}}, {"type": "Feature", "geometry": {"type": "Point", "coordinates": [123.8572693, 10.2768081]}, "properties": {"category": "Retail"}}, {"type": "Feature", "geometry": {"type": "Point", "coordinates": [123.830131, 10.26023]}, "properties": {"category": "Retail"}}, {"type": "Feature", "geometry": {"type": "Point", "coordinates": [123.8256799, 10.2498106]}, "properties": {"category": "Retail"}}, {"type": "Feature", "geometry": {"type": "Point", "coordinates": [123.8377325, 10.2443643]}, "properties": {"category": "Retail"}}, {"type": "Feature", "geometry": {"type": "Point", "coordinates": [123.8467863, 10.2424595]}, "properties": {"category": "Retail"}}, {"type": "Feature", "geometry": {"type": "Point", "coordinates": [123.8269597, 10.2383941]}, "properties": {"category": "Retail"}}, {"type": "Feature", "geometry": {"type": "Point", "coordinates": [123.8250697, 10.2408052]}, "properties": {"category": "Retail"}}, {"type": "Feature", "geometry": {"type": "Point", "coordinates": [123.8137544, 10.242029]}, "properties": {"category": "Retail"}}, {"type": "Feature", "geometry": {"type": "Point", "coordinates": [123.8398369, 10.240847]}, "properties": {"category": "Retail"}}, {"type": "Feature", "geometry": {"type": "Point", "coordinates": [123.842361, 10.265405]}, "properties": {"category": "Retail"}}, {"type": "Feature", "geometry": {"type": "Point", "coordinates": [123.8463609, 10.2426289]}, "properties": {"category": "Retail"}}, {"type": "Feature", "geometry": {"type": "Point", "coordinates": [123.8255748, 10.2397328]}, "properties": {"category": "Retail"}}, {"type": "Feature", "geometry": {"type": "Point", "coordinates": [123.8547118, 10.274053]}, "properties": {"category": "Retail"}}, {"type": "Feature", "geometry": {"type": "Point", "coordinates": [123.8464556, 10.2709587]}, "properties": {"category": "Retail"}}, {"type": "Feature", "geometry": {"type": "Point", "coordinates": [123.856331, 10.2697016]}, "properties": {"category": "Retail"}}, {"type": "Feature", "geometry": {"type": "Point", "coordinates": [123.7763519, 10.263266]}, "properties": {"category": "Retail"}}, {"type": "Feature", "geometry": {"type": "Point", "coordinates": [123.8226822, 10.2383366]}, "properties": {"category": "Retail"}}, {"type": "Feature", "geometry": {"type": "Point", "coordinates": [123.8308935, 10.2366487]}, "properties": {"category": "Retail"}}, {"type": "Feature", "geometry": {"type": "Point", "coordinates": [123.8487895, 10.2731599]}, "properties": {"category": "Retail"}}, {"type": "Feature", "geometry": {"type": "Point", "coordinates": [123.839001, 10.2493036]}, "properties": {"category": "Retail"}}, {"type": "Feature", "geometry": {"type": "Point", "coordinates": [123.8234935, 10.258824]}, "properties": {"category": "Retail"}}, {"type": "Feature", "geometry": {"type": "Point", "coordinates": [123.8418385, 10.2659046]}, "properties": {"category": "Retail"}}, {"type": "Feature", "geometry": {"type": "Point", "coordinates": [123.86489, 10.2661786]}, "properties": {"category": "Retail"}}, {"type": "Feature", "geometry": {"type": "Point", "coordinates": [123.8116696, 10.2553589]}, "properties": {"category": "Retail"}}, {"type": "Feature", "geometry": {"type": "Point", "coordinates": [123.7930169, 10.2444176]}, "properties": {"category": "Retail"}}, {"type": "Feature", "geometry": {"type": "Point", "coordinates": [123.8448295, 10.258049]}, "properties": {"category": "Retail"}}, {"type": "Feature", "geometry": {"type": "Point", "coordinates": [123.8236716, 10.2590081]}, "properties": {"category": "Retail"}}, {"type": "Feature", "geometry": {"type": "Point", "coordinates": [123.8446929, 10.2460726]}, "properties": {"category": "Retail"}}, {"type": "Feature", "geometry": {"type": "Point", "coordinates": [123.8607284, 10.2757909]}, "properties": {"category": "Retail"}}, {"type": "Feature", "geometry": {"type": "Point", "coordinates": [123.8243357, 10.2443375]}, "properties": {"category": "Retail"}}, {"type": "Feature", "geometry": {"type": "Point", "coordinates": [123.8240942, 10.2387154]}, "properties": {"category": "Retail"}}, {"type": "Feature", "geometry": {"type": "Point", "coordinates": [123.8475059, 10.2518603]}, "properties": {"category": "Retail"}}, {"type": "Feature", "geometry": {"type": "Point", "coordinates": [123.8242255, 10.2378358]}, "properties": {"category": "Retail"}}, {"type": "Feature", "geometry": {"type": "Point", "coordinates": [123.826041, 10.2611868]}, "properties": {"category": "Retail"}}, {"type": "Feature", "geometry": {"type": "Point", "coordinates": [123.8409905, 10.2464699]}, "properties": {"category": "Retail"}}, {"type": "Feature", "geometry": {"type": "Point", "coordinates": [123.8189249, 10.2578394]}, "properties": {"category": "Retail"}}, {"type": "Feature", "geometry": {"type": "Point", "coordinates": [123.856116, 10.2689509]}, "properties": {"category": "Retail"}}, {"type": "Feature", "geometry": {"type": "Point", "coordinates": [123.8363114, 10.245704]}, "properties": {"category": "Retail"}}, {"type": "Feature", "geometry": {"type": "Point", "coordinates": [123.8568461, 10.279786]}, "properties": {"category": "Retail"}}, {"type": "Feature", "geometry": {"type": "Point", "coordinates": [123.8381558, 10.2395042]}, "properties": {"category": "Retail"}}, {"type": "Feature", "geometry": {"type": "Point", "coordinates": [123.8309041, 10.2414169]}, "properties": {"category": "Retail"}}, {"type": "Feature", "geometry": {"type": "Point", "coordinates": [123.8307938, 10.2533454]}, "properties": {"category": "Retail"}}, {"type": "Feature", "geometry": {"type": "Point", "coordinates": [123.8384165, 10.2374998]}, "properties": {"category": "Retail"}}, {"type": "Feature", "geometry": {"type": "Point", "coordinates": [123.7979439, 10.2466215]}, "properties": {"category": "Retail"}}, {"type": "Feature", "geometry": {"type": "Point", "coordinates": [123.8478517, 10.2717882]}, "properties": {"category": "Retail"}}, {"type": "Feature", "geometry": {"type": "Point", "coordinates": [123.8562399, 10.2691284]}, "properties": {"category": "Retail"}}, {"type": "Feature", "geometry": {"type": "Point", "coordinates": [123.8381499, 10.2472251]}, "properties": {"category": "Retail"}}, {"type": "Feature", "geometry": {"type": "Point", "coordinates": [123.8304599, 10.2521598]}, "properties": {"category": "Retail"}}, {"type": "Feature", "geometry": {"type": "Point", "coordinates": [123.8627105, 10.2736231]}, "properties": {"category": "Retail"}}, {"type": "Feature", "geometry": {"type": "Point", "coordinates": [123.8241248, 10.2408331]}, "properties": {"category": "Retail"}}, {"type": "Feature", "geometry": {"type": "Point", "coordinates": [123.8244239, 10.2446868]}, "properties": {"category": "Retail"}}, {"type": "Feature", "geometry": {"type": "Point", "coordinates": [123.8418328, 10.2499432]}, "properties": {"category": "Retail"}}, {"type": "Feature", "geometry": {"type": "Point", "coordinates": [123.8241371, 10.2436503]}, "properties": {"category": "Retail"}}, {"type": "Feature", "geometry": {"type": "Point", "coordinates": [123.8097492, 10.2425967]}, "properties": {"category": "Retail"}}, {"type": "Feature", "geometry": {"type": "Point", "coordinates": [123.8305511, 10.2420403]}, "properties": {"category": "Retail"}}, {"type": "Feature", "geometry": {"type": "Point", "coordinates": [123.8232404, 10.2613281]}, "properties": {"category": "Retail"}}, {"type": "Feature", "geometry": {"type": "Point", "coordinates": [123.8646207, 10.266824]}, "properties": {"category": "Retail"}}, {"type": "Feature", "geometry": {"type": "Point", "coordinates": [123.8089475, 10.2539144]}, "properties": {"category": "Retail"}}, {"type": "Feature", "geometry": {"type": "Point", "coordinates": [123.837076, 10.2377793]}, "properties": {"category": "Retail"}}, {"type": "Feature", "geometry": {"type": "Point", "coordinates": [123.8401078, 10.2577745]}, "properties": {"category": "Retail"}}, {"type": "Feature", "geometry": {"type": "Point", "coordinates": [123.8318638, 10.2452909]}, "properties": {"category": "Retail"}}, {"type": "Feature", "geometry": {"type": "Point", "coordinates": [123.8384525, 10.2442443]}, "properties": {"category": "Retail"}}, {"type": "Feature", "geometry": {"type": "Point", "coordinates": [123.818701, 10.2519071]}, "properties": {"category": "Retail"}}, {"type": "Feature", "geometry": {"type": "Point", "coordinates": [123.8240535, 10.2400474]}, "properties": {"category": "Retail"}}, {"type": "Feature", "geometry": {"type": "Point", "coordinates": [123.8240628, 10.2400202]}, "properties": {"category": "Retail"}}, {"type": "Feature", "geometry": {"type": "Point", "coordinates": [123.8241423, 10.2383195]}, "properties": {"category": "Retail"}}, {"type": "Feature", "geometry": {"type": "Point", "coordinates": [123.8396439, 10.244886]}, "properties": {"category": "Retail"}}, {"type": "Feature", "geometry": {"type": "Point", "coordinates": [123.8562612, 10.270348]}, "properties": {"category": "Retail"}}, {"type": "Feature", "geometry": {"type": "Point", "coordinates": [123.8243342, 10.2443423]}, "properties": {"category": "Retail"}}, {"type": "Feature", "geometry": {"type": "Point", "coordinates": [123.8613888, 10.2763853]}, "properties": {"category": "Retail"}}, {"type": "Feature", "geometry": {"type": "Point", "coordinates": [123.8381309, 10.2399081]}, "properties": {"category": "Retail"}}, {"type": "Feature", "geometry": {"type": "Point", "coordinates": [123.8541722, 10.280262]}, "properties": {"category": "Retail"}}, {"type": "Feature", "geometry": {"type": "Point", "coordinates": [123.844167, 10.2466089]}, "properties": {"category": "Retail"}}, {"type": "Feature", "geometry": {"type": "Point", "coordinates": [123.8557374, 10.2800254]}, "properties": {"category": "Retail"}}, {"type": "Feature", "geometry": {"type": "Point", "coordinates": [123.829842, 10.2598539]}, "properties": {"category": "Retail"}}, {"type": "Feature", "geometry": {"type": "Point", "coordinates": [123.8421149, 10.2658744]}, "properties": {"category": "Retail"}}, {"type": "Feature", "geometry": {"type": "Point", "coordinates": [123.859604, 10.257377]}, "properties": {"category": "Retail"}}, {"type": "Feature", "geometry": {"type": "Point", "coordinates": [123.7974785, 10.2446916]}, "properties": {"category": "Retail"}}, {"type": "Feature", "geometry": {"type": "Point", "coordinates": [123.7972766, 10.2455832]}, "properties": {"category": "Retail"}}, {"type": "Feature", "geometry": {"type": "Point", "coordinates": [123.8206498, 10.2530134]}, "properties": {"category": "Retail"}}, {"type": "Feature", "geometry": {"type": "Point", "coordinates": [123.8240156, 10.239873]}, "properties": {"category": "Retail"}}, {"type": "Feature", "geometry": {"type": "Point", "coordinates": [123.8024916, 10.2558324]}, "properties": {"category": "Retail"}}, {"type": "Feature", "geometry": {"type": "Point", "coordinates": [123.8230654, 10.2388061]}, "properties": {"category": "Retail"}}, {"type": "Feature", "geometry": {"type": "Point", "coordinates": [123.840687, 10.2517928]}, "properties": {"category": "Retail"}}, {"type": "Feature", "geometry": {"type": "Point", "coordinates": [123.8533045, 10.2551576]}, "properties": {"category": "Retail"}}, {"type": "Feature", "geometry": {"type": "Point", "coordinates": [123.8615501, 10.2767829]}, "properties": {"category": "Retail"}}, {"type": "Feature", "geometry": {"type": "Point", "coordinates": [123.8281706, 10.254039]}, "properties": {"category": "Retail"}}, {"type": "Feature", "geometry": {"type": "Point", "coordinates": [123.8173883, 10.2434145]}, "properties": {"category": "Retail"}}, {"type": "Feature", "geometry": {"type": "Point", "coordinates": [123.8391544, 10.2468937]}, "properties": {"category": "Retail"}}, {"type": "Feature", "geometry": {"type": "Point", "coordinates": [123.8278759, 10.2456909]}, "properties": {"category": "Retail"}}, {"type": "Feature", "geometry": {"type": "Point", "coordinates": [123.8262159, 10.2613914]}, "properties": {"category": "Retail"}}, {"type": "Feature", "geometry": {"type": "Point", "coordinates": [123.8408841, 10.245197]}, "properties": {"category": "Retail"}}, {"type": "Feature", "geometry": {"type": "Point", "coordinates": [123.8247327, 10.2459623]}, "properties": {"category": "Retail"}}, {"type": "Feature", "geometry": {"type": "Point", "coordinates": [123.8476821, 10.2424279]}, "properties": {"category": "Retail"}}, {"type": "Feature", "geometry": {"type": "Point", "coordinates": [123.8294673, 10.241252]}, "properties": {"category": "Retail"}}, {"type": "Feature", "geometry": {"type": "Point", "coordinates": [123.8574049, 10.2763582]}, "properties": {"category": "Retail"}}, {"type": "Feature", "geometry": {"type": "Point", "coordinates": [123.8255957, 10.2496578]}, "properties": {"category": "Retail"}}, {"type": "Feature", "geometry": {"type": "Point", "coordinates": [123.855971, 10.2635617]}, "properties": {"category": "Retail"}}, {"type": "Feature", "geometry": {"type": "Point", "coordinates": [123.8425243, 10.2494847]}, "properties": {"category": "Retail"}}, {"type": "Feature", "geometry": {"type": "Point", "coordinates": [123.8472684, 10.2433487]}, "properties": {"category": "Retail"}}, {"type": "Feature", "geometry": {"type": "Point", "coordinates": [123.8474902, 10.2427385]}, "properties": {"category": "Retail"}}, {"type": "Feature", "geometry": {"type": "Point", "coordinates": [123.836288, 10.2399362]}, "properties": {"category": "Retail"}}, {"type": "Feature", "geometry": {"type": "Point", "coordinates": [123.8562788, 10.270294]}, "properties": {"category": "Retail"}}, {"type": "Feature", "geometry": {"type": "Point", "coordinates": [123.8596732, 10.2573661]}, "properties": {"category": "Retail"}}, {"type": "Feature", "geometry": {"type": "Point", "coordinates": [123.8489468, 10.2735021]}, "properties": {"category": "Retail"}}, {"type": "Feature", "geometry": {"type": "Point", "coordinates": [123.842343, 10.265666]}, "properties": {"category": "Retail"}}, {"type": "Feature", "geometry": {"type": "Point", "coordinates": [123.7955188, 10.2447811]}, "properties": {"category": "Retail"}}, {"type": "Feature", "geometry": {"type": "Point", "coordinates": [123.8589325, 10.2663902]}, "properties": {"category": "Retail"}}, {"type": "Feature", "geometry": {"type": "Point", "coordinates": [123.8213319, 10.2554454]}, "properties": {"category": "Retail"}}, {"type": "Feature", "geometry": {"type": "Point", "coordinates": [123.8600946, 10.2747362]}, "properties": {"category": "Retail"}}, {"type": "Feature", "geometry": {"type": "Point", "coordinates": [123.8595689, 10.2741144]}, "properties": {"category": "Retail"}}, {"type": "Feature", "geometry": {"type": "Point", "coordinates": [123.8223643, 10.2583255]}, "properties": {"category": "Retail"}}, {"type": "Feature", "geometry": {"type": "Point", "coordinates": [123.8414909, 10.2388139]}, "properties": {"category": "Retail"}}, {"type": "Feature", "geometry": {"type": "Point", "coordinates": [123.860419, 10.255715]}, "properties": {"category": "Retail"}}, {"type": "Feature", "geometry": {"type": "Point", "coordinates": [123.8618629, 10.2769293]}, "properties": {"category": "Retail"}}, {"type": "Feature", "geometry": {"type": "Point", "coordinates": [123.8415997, 10.2654129]}, "properties": {"category": "Retail"}}, {"type": "Feature", "geometry": {"type": "Point", "coordinates": [123.7768332, 10.2632478]}, "properties": {"category": "Retail"}}, {"type": "Feature", "geometry": {"type": "Point", "coordinates": [123.8382645, 10.2397714]}, "properties": {"category": "Retail"}}, {"type": "Feature", "geometry": {"type": "Point", "coordinates": [123.8430082, 10.2389586]}, "properties": {"category": "Retail"}}, {"type": "Feature", "geometry": {"type": "Point", "coordinates": [123.8145387, 10.2423835]}, "properties": {"category": "Retail"}}, {"type": "Feature", "geometry": {"type": "Point", "coordinates": [123.8252276, 10.2484747]}, "properties": {"category": "Retail"}}, {"type": "Feature", "geometry": {"type": "Point", "coordinates": [123.79939, 10.242854]}, "properties": {"category": "Retail"}}, {"type": "Feature", "geometry": {"type": "Point", "coordinates": [123.8240626, 10.2406539]}, "properties": {"category": "Retail"}}, {"type": "Feature", "geometry": {"type": "Point", "coordinates": [123.8566719, 10.2799589]}, "properties": {"category": "Retail"}}, {"type": "Feature", "geometry": {"type": "Point", "coordinates": [123.8770983, 10.2651374]}, "properties": {"category": "Retail"}}, {"type": "Feature", "geometry": {"type": "Point", "coordinates": [123.8161837, 10.2455513]}, "properties": {"category": "Retail"}}, {"type": "Feature", "geometry": {"type": "Point", "coordinates": [123.8242331, 10.238198]}, "properties": {"category": "Retail"}}, {"type": "Feature", "geometry": {"type": "Point", "coordinates": [123.8310895, 10.2431483]}, "properties": {"category": "Retail"}}, {"type": "Feature", "geometry": {"type": "Point", "coordinates": [123.8556894, 10.2669304]}, "properties": {"category": "Retail"}}, {"type": "Feature", "geometry": {"type": "Point", "coordinates": [123.8565073, 10.2722402]}, "properties": {"category": "Retail"}}, {"type": "Feature", "geometry": {"type": "Point", "coordinates": [123.7923222, 10.2442735]}, "properties": {"category": "Retail"}}, {"type": "Feature", "geometry": {"type": "Point", "coordinates": [123.8465285, 10.2443738]}, "properties": {"category": "Retail"}}, {"type": "Feature", "geometry": {"type": "Point", "coordinates": [123.8193332, 10.2581547]}, "properties": {"category": "Retail"}}, {"type": "Feature", "geometry": {"type": "Point", "coordinates": [123.8351652, 10.2369537]}, "properties": {"category": "Retail"}}, {"type": "Feature", "geometry": {"type": "Point", "coordinates": [123.8420667, 10.247493]}, "properties": {"category": "Retail"}}, {"type": "Feature", "geometry": {"type": "Point", "coordinates": [123.8576337, 10.2782049]}, "properties": {"category": "Retail"}}, {"type": "Feature", "geometry": {"type": "Point", "coordinates": [123.8243146, 10.2380996]}, "properties": {"category": "Retail"}}, {"type": "Feature", "geometry": {"type": "Point", "coordinates": [123.8259396, 10.2503107]}, "properties": {"category": "Retail"}}, {"type": "Feature", "geometry": {"type": "Point", "coordinates": [123.837743, 10.2371383]}, "properties": {"category": "Retail"}}, {"type": "Feature", "geometry": {"type": "Point", "coordinates": [123.807006, 10.2475119]}, "properties": {"category": "Retail"}}, {"type": "Feature", "geometry": {"type": "Point", "coordinates": [123.8579258, 10.2762657]}, "properties": {"category": "Retail"}}, {"type": "Feature", "geometry": {"type": "Point", "coordinates": [123.8384456, 10.2611089]}, "properties": {"category": "Retail"}}, {"type": "Feature", "geometry": {"type": "Point", "coordinates": [123.860321, 10.2559274]}, "properties": {"category": "Retail"}}, {"type": "Feature", "geometry": {"type": "Point", "coordinates": [123.827036, 10.2458983]}, "properties": {"category": "Retail"}}, {"type": "Feature", "geometry": {"type": "Point", "coordinates": [123.8596933, 10.2654565]}, "properties": {"category": "Retail"}}, {"type": "Feature", "geometry": {"type": "Point", "coordinates": [123.8540675, 10.269838]}, "properties": {"category": "Retail"}}, {"type": "Feature", "geometry": {"type": "Point", "coordinates": [123.8526088, 10.2718851]}, "properties": {"category": "Retail"}}, {"type": "Feature", "geometry": {"type": "Point", "coordinates": [123.827192, 10.2511709]}, "properties": {"category": "Retail"}}, {"type": "Feature", "geometry": {"type": "Point", "coordinates": [123.8362012, 10.2373263]}, "properties": {"category": "Retail"}}, {"type": "Feature", "geometry": {"type": "Point", "coordinates": [123.8363079, 10.2366421]}, "properties": {"category": "Retail"}}, {"type": "Feature", "geometry": {"type": "Point", "coordinates": [123.854446, 10.2629563]}, "properties": {"category": "Retail"}}, {"type": "Feature", "geometry": {"type": "Point", "coordinates": [123.859465, 10.2748997]}, "properties": {"category": "Retail"}}, {"type": "Feature", "geometry": {"type": "Point", "coordinates": [123.8392335, 10.2524493]}, "properties": {"category": "Retail"}}, {"type": "Feature", "geometry": {"type": "Point", "coordinates": [123.829333, 10.252602]}, "properties": {"category": "Retail"}}, {"type": "Feature", "geometry": {"type": "Point", "coordinates": [123.8392699, 10.2452571]}, "properties": {"category": "Retail"}}, {"type": "Feature", "geometry": {"type": "Point", "coordinates": [123.8574031, 10.2766723]}, "properties": {"category": "Retail"}}, {"type": "Feature", "geometry": {"type": "Point", "coordinates": [123.841158, 10.2652616]}, "properties": {"category": "Retail"}}, {"type": "Feature", "geometry": {"type": "Point", "coordinates": [123.8612596, 10.2649854]}, "properties": {"category": "Retail"}}, {"type": "Feature", "geometry": {"type": "Point", "coordinates": [123.8242303, 10.2385291]}, "properties": {"category": "Retail"}}, {"type": "Feature", "geometry": {"type": "Point", "coordinates": [123.8646097, 10.2517772]}, "properties": {"category": "Retail"}}, {"type": "Feature", "geometry": {"type": "Point", "coordinates": [123.8485991, 10.2739041]}, "properties": {"category": "Retail"}}, {"type": "Feature", "geometry": {"type": "Point", "coordinates": [123.8241424, 10.2383112]}, "properties": {"category": "Retail"}}, {"type": "Feature", "geometry": {"type": "Point", "coordinates": [123.8372171, 10.2406453]}, "properties": {"category": "Retail"}}, {"type": "Feature", "geometry": {"type": "Point", "coordinates": [123.8219955, 10.2423918]}, "properties": {"category": "Retail"}}, {"type": "Feature", "geometry": {"type": "Point", "coordinates": [123.8256207, 10.249726]}, "properties": {"category": "Retail"}}, {"type": "Feature", "geometry": {"type": "Point", "coordinates": [123.825348, 10.24096]}, "properties": {"category": "Retail"}}, {"type": "Feature", "geometry": {"type": "Point", "coordinates": [123.854138, 10.2632293]}, "properties": {"category": "Retail"}}, {"type": "Feature", "geometry": {"type": "Point", "coordinates": [123.8620128, 10.2761614]}, "properties": {"category": "Retail"}}, {"type": "Feature", "geometry": {"type": "Point", "coordinates": [123.8633062, 10.2635629]}, "properties": {"category": "Retail"}}, {"type": "Feature", "geometry": {"type": "Point", "coordinates": [123.8368866, 10.2497559]}, "properties": {"category": "Retail"}}, {"type": "Feature", "geometry": {"type": "Point", "coordinates": [123.8291137, 10.2526753]}, "properties": {"category": "Retail"}}, {"type": "Feature", "geometry": {"type": "Point", "coordinates": [123.8392728, 10.2516777]}, "properties": {"category": "Retail"}}, {"type": "Feature", "geometry": {"type": "Point", "coordinates": [123.8559436, 10.2689447]}, "properties": {"category": "Retail"}}, {"type": "Feature", "geometry": {"type": "Point", "coordinates": [123.859706, 10.2745154]}, "properties": {"category": "Retail"}}, {"type": "Feature", "geometry": {"type": "Point", "coordinates": [123.7980293, 10.2382402]}, "properties": {"category": "Retail"}}, {"type": "Feature", "geometry": {"type": "Point", "coordinates": [123.8333158, 10.2672367]}, "properties": {"category": "Retail"}}, {"type": "Feature", "geometry": {"type": "Point", "coordinates": [123.8106058, 10.2410171]}, "properties": {"category": "Retail"}}, {"type": "Feature", "geometry": {"type": "Point", "coordinates": [123.8629586, 10.2592503]}, "properties": {"category": "Retail"}}, {"type": "Feature", "geometry": {"type": "Point", "coordinates": [123.830114, 10.259774]}, "properties": {"category": "Retail"}}, {"type": "Feature", "geometry": {"type": "Point", "coordinates": [123.8404186, 10.264754]}, "properties": {"category": "Retail"}}, {"type": "Feature", "geometry": {"type": "Point", "coordinates": [123.8569809, 10.2664423]}, "properties": {"category": "Retail"}}, {"type": "Feature", "geometry": {"type": "Point", "coordinates": [123.8391848, 10.2464263]}, "properties": {"category": "Retail"}}, {"type": "Feature", "geometry": {"type": "Point", "coordinates": [123.8301561, 10.2392524]}, "properties": {"category": "Retail"}}, {"type": "Feature", "geometry": {"type": "Point", "coordinates": [123.798249, 10.2462663]}, "properties": {"category": "Retail"}}, {"type": "Feature", "geometry": {"type": "Point", "coordinates": [123.8569403, 10.2746499]}, "properties": {"category": "Retail"}}, {"type": "Feature", "geometry": {"type": "Point", "coordinates": [123.8797653, 10.2677329]}, "properties": {"category": "Retail"}}, {"type": "Feature", "geometry": {"type": "Point", "coordinates": [123.8505232, 10.2435488]}, "properties": {"category": "Retail"}}, {"type": "Feature", "geometry": {"type": "Point", "coordinates": [123.7968703, 10.2428177]}, "properties": {"category": "Retail"}}, {"type": "Feature", "geometry": {"type": "Point", "coordinates": [123.8420279, 10.2485453]}, "properties": {"category": "Retail"}}, {"type": "Feature", "geometry": {"type": "Point", "coordinates": [123.8442344, 10.2439875]}, "properties": {"category": "Retail"}}, {"type": "Feature", "geometry": {"type": "Point", "coordinates": [123.829684, 10.259832]}, "properties": {"category": "Retail"}}, {"type": "Feature", "geometry": {"type": "Point", "coordinates": [123.7995641, 10.2394043]}, "properties": {"category": "Retail"}}, {"type": "Feature", "geometry": {"type": "Point", "coordinates": [123.8357931, 10.2391526]}, "properties": {"category": "Retail"}}, {"type": "Feature", "geometry": {"type": "Point", "coordinates": [123.8390084, 10.2497638]}, "properties": {"category": "Retail"}}, {"type": "Feature", "geometry": {"type": "Point", "coordinates": [123.83514, 10.2369818]}, "properties": {"category": "Retail"}}, {"type": "Feature", "geometry": {"type": "Point", "coordinates": [123.8262671, 10.2538384]}, "properties": {"category": "Retail"}}, {"type": "Feature", "geometry": {"type": "Point", "coordinates": [123.8053209, 10.2508187]}, "properties": {"category": "Retail"}}, {"type": "Feature", "geometry": {"type": "Point", "coordinates": [123.857952, 10.2695305]}, "properties": {"category": "Retail"}}, {"type": "Feature", "geometry": {"type": "Point", "coordinates": [123.8291454, 10.2461378]}, "properties": {"category": "Retail"}}, {"type": "Feature", "geometry": {"type": "Point", "coordinates": [123.8392647, 10.2470529]}, "properties": {"category": "Retail"}}, {"type": "Feature", "geometry": {"type": "Point", "coordinates": [123.8303685, 10.2522916]}, "properties": {"category": "Retail"}}, {"type": "Feature", "geometry": {"type": "Point", "coordinates": [123.8484943, 10.2737158]}, "properties": {"category": "Retail"}}, {"type": "Feature", "geometry": {"type": "Point", "coordinates": [123.8562893, 10.2694726]}, "properties": {"category": "Retail"}}, {"type": "Feature", "geometry": {"type": "Point", "coordinates": [123.855384, 10.2747227]}, "properties": {"category": "Retail"}}, {"type": "Feature", "geometry": {"type": "Point", "coordinates": [123.8480575, 10.2439516]}, "properties": {"category": "Retail"}}, {"type": "Feature", "geometry": {"type": "Point", "coordinates": [123.8144821, 10.2450103]}, "properties": {"category": "Retail"}}, {"type": "Feature", "geometry": {"type": "Point", "coordinates": [123.8315448, 10.246134]}, "properties": {"category": "Retail"}}, {"type": "Feature", "geometry": {"type": "Point", "coordinates": [123.8323961, 10.2361748]}, "properties": {"category": "Retail"}}, {"type": "Feature", "geometry": {"type": "Point", "coordinates": [123.8646164, 10.2660127]}, "properties": {"category": "Retail"}}, {"type": "Feature", "geometry": {"type": "Point", "coordinates": [123.8240845, 10.2406094]}, "properties": {"category": "Retail"}}, {"type": "Feature", "geometry": {"type": "Point", "coordinates": [123.8507062, 10.2725363]}, "properties": {"category": "Retail"}}, {"type": "Feature", "geometry": {"type": "Point", "coordinates": [123.8256937, 10.2541955]}, "properties": {"category": "Retail"}}, {"type": "Feature", "geometry": {"type": "Point", "coordinates": [123.845637, 10.2538515]}, "properties": {"category": "Retail"}}, {"type": "Feature", "geometry": {"type": "Point", "coordinates": [123.823199, 10.2389555]}, "properties": {"category": "Retail"}}, {"type": "Feature", "geometry": {"type": "Point", "coordinates": [123.8313846, 10.2440471]}, "properties": {"category": "Retail"}}, {"type": "Feature", "geometry": {"type": "Point", "coordinates": [123.8195099, 10.2384218]}, "properties": {"category": "Retail"}}, {"type": "Feature", "geometry": {"type": "Point", "coordinates": [123.8406728, 10.2554657]}, "properties": {"category": "Retail"}}, {"type": "Feature", "geometry": {"type": "Point", "coordinates": [123.8271798, 10.2419463]}, "properties": {"category": "Retail"}}, {"type": "Feature", "geometry": {"type": "Point", "coordinates": [123.848658, 10.243853]}, "properties": {"category": "Retail"}}, {"type": "Feature", "geometry": {"type": "Point", "coordinates": [123.8391295, 10.2630344]}, "properties": {"category": "Retail"}}, {"type": "Feature", "geometry": {"type": "Point", "coordinates": [123.8558753, 10.2823608]}, "properties": {"category": "Retail"}}, {"type": "Feature", "geometry": {"type": "Point", "coordinates": [123.8226506, 10.2581648]}, "properties": {"category": "Retail"}}, {"type": "Feature", "geometry": {"type": "Point", "coordinates": [123.847998, 10.2688317]}, "properties": {"category": "Retail"}}, {"type": "Feature", "geometry": {"type": "Point", "coordinates": [123.8388168, 10.2382336]}, "properties": {"category": "Retail"}}, {"type": "Feature", "geometry": {"type": "Point", "coordinates": [123.8340343, 10.2500517]}, "properties": {"category": "Retail"}}, {"type": "Feature", "geometry": {"type": "Point", "coordinates": [123.7973723, 10.2419898]}, "properties": {"category": "Retail"}}, {"type": "Feature", "geometry": {"type": "Point", "coordinates": [123.8290427, 10.2394565]}, "properties": {"category": "Retail"}}, {"type": "Feature", "geometry": {"type": "Point", "coordinates": [123.8253541, 10.2460299]}, "properties": {"category": "Retail"}}, {"type": "Feature", "geometry": {"type": "Point", "coordinates": [123.8370962, 10.2466698]}, "properties": {"category": "Retail"}}, {"type": "Feature", "geometry": {"type": "Point", "coordinates": [123.8577535, 10.2661833]}, "properties": {"category": "Retail"}}, {"type": "Feature", "geometry": {"type": "Point", "coordinates": [123.8179201, 10.257991]}, "properties": {"category": "Retail"}}, {"type": "Feature", "geometry": {"type": "Point", "coordinates": [123.8436852, 10.267054]}, "properties": {"category": "Retail"}}, {"type": "Feature", "geometry": {"type": "Point", "coordinates": [123.8112013, 10.2558257]}, "properties": {"category": "Retail"}}, {"type": "Feature", "geometry": {"type": "Point", "coordinates": [123.8555372, 10.2810285]}, "properties": {"category": "Retail"}}, {"type": "Feature", "geometry": {"type": "Point", "coordinates": [123.84333, 10.266911]}, "properties": {"category": "Retail"}}, {"type": "Feature", "geometry": {"type": "Point", "coordinates": [123.8444662, 10.2402977]}, "properties": {"category": "Retail"}}, {"type": "Feature", "geometry": {"type": "Point", "coordinates": [123.8200273, 10.2519244]}, "properties": {"category": "Retail"}}, {"type": "Feature", "geometry": {"type": "Point", "coordinates": [123.856474, 10.2721662]}, "properties": {"category": "Retail"}}, {"type": "Feature", "geometry": {"type": "Point", "coordinates": [123.8462243, 10.2428822]}, "properties": {"category": "Retail"}}, {"type": "Feature", "geometry": {"type": "Point", "coordinates": [123.850209, 10.2657097]}, "properties": {"category": "Retail"}}, {"type": "Feature", "geometry": {"type": "Point", "coordinates": [123.8310151, 10.2429732]}, "properties": {"category": "Retail"}}, {"type": "Feature", "geometry": {"type": "Point", "coordinates": [123.8561494, 10.2635698]}, "properties": {"category": "Retail"}}, {"type": "Feature", "geometry": {"type": "Point", "coordinates": [123.8286472, 10.2460949]}, "properties": {"category": "Retail"}}, {"type": "Feature", "geometry": {"type": "Point", "coordinates": [123.8219299, 10.2385177]}, "properties": {"category": "Retail"}}, {"type": "Feature", "geometry": {"type": "Point", "coordinates": [123.8562298, 10.2678904]}, "properties": {"category": "Retail"}}, {"type": "Feature", "geometry": {"type": "Point", "coordinates": [123.8002022, 10.248541]}, "properties": {"category": "Retail"}}, {"type": "Feature", "geometry": {"type": "Point", "coordinates": [123.8440817, 10.2402075]}, "properties": {"category": "Retail"}}, {"type": "Feature", "geometry": {"type": "Point", "coordinates": [123.8473293, 10.2431869]}, "properties": {"category": "Retail"}}, {"type": "Feature", "geometry": {"type": "Point", "coordinates": [123.8460961, 10.2440019]}, "properties": {"category": "Retail"}}, {"type": "Feature", "geometry": {"type": "Point", "coordinates": [123.8413071, 10.2604109]}, "properties": {"category": "Retail"}}, {"type": "Feature", "geometry": {"type": "Point", "coordinates": [123.8257342, 10.2496783]}, "properties": {"category": "Retail"}}, {"type": "Feature", "geometry": {"type": "Point", "coordinates": [123.8400042, 10.2405881]}, "properties": {"category": "Retail"}}, {"type": "Feature", "geometry": {"type": "Point", "coordinates": [123.8572723, 10.2817448]}, "properties": {"category": "Retail"}}, {"type": "Feature", "geometry": {"type": "Point", "coordinates": [123.8560817, 10.2685338]}, "properties": {"category": "Retail"}}, {"type": "Feature", "geometry": {"type": "Point", "coordinates": [123.840916, 10.262927]}, "properties": {"category": "Retail"}}, {"type": "Feature", "geometry": {"type": "Point", "coordinates": [123.8135627, 10.2445633]}, "properties": {"category": "Retail"}}, {"type": "Feature", "geometry": {"type": "Point", "coordinates": [123.8252935, 10.2487012]}, "properties": {"category": "Retail"}}, {"type": "Feature", "geometry": {"type": "Point", "coordinates": [123.8392335, 10.2524493]}, "properties": {"category": "Retail"}}, {"type": "Feature", "geometry": {"type": "Point", "coordinates": [123.8126056, 10.2443758]}, "properties": {"category": "Retail"}}, {"type": "Feature", "geometry": {"type": "Point", "coordinates": [123.8477796, 10.2719199]}, "properties": {"category": "Retail"}}, {"type": "Feature", "geometry": {"type": "Point", "coordinates": [123.8313661, 10.2598926]}, "properties": {"category": "Retail"}}, {"type": "Feature", "geometry": {"type": "Point", "coordinates": [123.8427974, 10.2526433]}, "properties": {"category": "Retail"}}, {"type": "Feature", "geometry": {"type": "Point", "coordinates": [123.8563424, 10.2664879]}, "properties": {"category": "Retail"}}, {"type": "Feature", "geometry": {"type": "Point", "coordinates": [123.8389206, 10.2489544]}, "properties": {"category": "Retail"}}, {"type": "Feature", "geometry": {"type": "Point", "coordinates": [123.8505403, 10.2649948]}, "properties": {"category": "Retail"}}, {"type": "Feature", "geometry": {"type": "Point", "coordinates": [123.8547815, 10.2806663]}, "properties": {"category": "Retail"}}, {"type": "Feature", "geometry": {"type": "Point", "coordinates": [123.8301981, 10.2390851]}, "properties": {"category": "Retail"}}, {"type": "Feature", "geometry": {"type": "Point", "coordinates": [123.8280161, 10.2459686]}, "properties": {"category": "Retail"}}, {"type": "Feature", "geometry": {"type": "Point", "coordinates": [123.8608201, 10.265463]}, "properties": {"category": "Retail"}}, {"type": "Feature", "geometry": {"type": "Point", "coordinates": [123.8114067, 10.2555879]}, "properties": {"category": "Retail"}}, {"type": "Feature", "geometry": {"type": "Point", "coordinates": [123.799085, 10.2415154]}, "properties": {"category": "Retail"}}, {"type": "Feature", "geometry": {"type": "Point", "coordinates": [123.7926079, 10.2443239]}, "properties": {"category": "Retail"}}, {"type": "Feature", "geometry": {"type": "Point", "coordinates": [123.8233755, 10.2590121]}, "properties": {"category": "Retail"}}, {"type": "Feature", "geometry": {"type": "Point", "coordinates": [123.8496753, 10.2426942]}, "properties": {"category": "Retail"}}, {"type": "Feature", "geometry": {"type": "Point", "coordinates": [123.8425533, 10.2659005]}, "properties": {"category": "Retail"}}, {"type": "Feature", "geometry": {"type": "Point", "coordinates": [123.8114185, 10.2555703]}, "properties": {"category": "Retail"}}, {"type": "Feature", "geometry": {"type": "Point", "coordinates": [123.8563387, 10.2664841]}, "properties": {"category": "Retail"}}, {"type": "Feature", "geometry": {"type": "Point", "coordinates": [123.8765409, 10.2651803]}, "properties": {"category": "Retail"}}, {"type": "Feature", "geometry": {"type": "Point", "coordinates": [123.8393033, 10.2452563]}, "properties": {"category": "Retail"}}, {"type": "Feature", "geometry": {"type": "Point", "coordinates": [123.842022, 10.2657879]}, "properties": {"category": "Retail"}}, {"type": "Feature", "geometry": {"type": "Point", "coordinates": [123.7975497, 10.2446609]}, "properties": {"category": "Retail"}}, {"type": "Feature", "geometry": {"type": "Point", "coordinates": [123.8231259, 10.2592424]}, "properties": {"category": "Retail"}}, {"type": "Feature", "geometry": {"type": "Point", "coordinates": [123.8420093, 10.2654713]}, "properties": {"category": "Retail"}}, {"type": "Feature", "geometry": {"type": "Point", "coordinates": [123.8297515, 10.2597628]}, "properties": {"category": "Retail"}}, {"type": "Feature", "geometry": {"type": "Point", "coordinates": [123.8597418, 10.257494]}, "properties": {"category": "Retail"}}, {"type": "Feature", "geometry": {"type": "Point", "coordinates": [123.8590186, 10.2753931]}, "properties": {"category": "Retail"}}, {"type": "Feature", "geometry": {"type": "Point", "coordinates": [123.8472153, 10.2450732]}, "properties": {"category": "Retail"}}, {"type": "Feature", "geometry": {"type": "Point", "coordinates": [123.8221123, 10.2383095]}, "properties": {"category": "Retail"}}, {"type": "Feature", "geometry": {"type": "Point", "coordinates": [123.84185, 10.2656309]}, "properties": {"category": "Retail"}}, {"type": "Feature", "geometry": {"type": "Point", "coordinates": [123.8230469, 10.2387895]}, "properties": {"category": "Retail"}}, {"type": "Feature", "geometry": {"type": "Point", "coordinates": [123.8350626, 10.2375899]}, "properties": {"category": "Retail"}}, {"type": "Feature", "geometry": {"type": "Point", "coordinates": [123.8411407, 10.2640033]}, "properties": {"category": "Retail"}}, {"type": "Feature", "geometry": {"type": "Point", "coordinates": [123.8296411, 10.2395859]}, "properties": {"category": "Retail"}}, {"type": "Feature", "geometry": {"type": "Point", "coordinates": [123.8372748, 10.2382888]}, "properties": {"category": "Retail"}}, {"type": "Feature", "geometry": {"type": "Point", "coordinates": [123.8476681, 10.2427145]}, "properties": {"category": "Retail"}}, {"type": "Feature", "geometry": {"type": "Point", "coordinates": [123.7907798, 10.243793]}, "properties": {"category": "Retail"}}, {"type": "Feature", "geometry": {"type": "Point", "coordinates": [123.8357866, 10.2372234]}, "properties": {"category": "Retail"}}, {"type": "Feature", "geometry": {"type": "Point", "coordinates": [123.8215879, 10.2507046]}, "properties": {"category": "Retail"}}, {"type": "Feature", "geometry": {"type": "Point", "coordinates": [123.8588588, 10.2754828]}, "properties": {"category": "Retail"}}, {"type": "Feature", "geometry": {"type": "Point", "coordinates": [123.7935842, 10.2448956]}, "properties": {"category": "Retail"}}, {"type": "Feature", "geometry": {"type": "Point", "coordinates": [123.8450924, 10.2457662]}, "properties": {"category": "Retail"}}, {"type": "Feature", "geometry": {"type": "Point", "coordinates": [123.85999, 10.2747391]}, "properties": {"category": "Retail"}}, {"type": "Feature", "geometry": {"type": "Point", "coordinates": [123.8318842, 10.251544]}, "properties": {"category": "Retail"}}, {"type": "Feature", "geometry": {"type": "Point", "coordinates": [123.8555225, 10.2689295]}, "properties": {"category": "Retail"}}, {"type": "Feature", "geometry": {"type": "Point", "coordinates": [123.8574698, 10.2548847]}, "properties": {"category": "Retail"}}, {"type": "Feature", "geometry": {"type": "Point", "coordinates": [123.8172875, 10.2464107]}, "properties": {"category": "Retail"}}, {"type": "Feature", "geometry": {"type": "Point", "coordinates": [123.8495699, 10.2732553]}, "properties": {"category": "Retail"}}, {"type": "Feature", "geometry": {"type": "Point", "coordinates": [123.8619291, 10.2647845]}, "properties": {"category": "Retail"}}, {"type": "Feature", "geometry": {"type": "Point", "coordinates": [123.8396297, 10.2429055]}, "properties": {"category": "Retail"}}, {"type": "Feature", "geometry": {"type": "Point", "coordinates": [123.8262486, 10.2731572]}, "properties": {"category": "Retail"}}, {"type": "Feature", "geometry": {"type": "Point", "coordinates": [123.8470496, 10.2420036]}, "properties": {"category": "Retail"}}, {"type": "Feature", "geometry": {"type": "Point", "coordinates": [123.8391653, 10.2513215]}, "properties": {"category": "Retail"}}, {"type": "Feature", "geometry": {"type": "Point", "coordinates": [123.8298168, 10.2486687]}, "properties": {"category": "Retail"}}, {"type": "Feature", "geometry": {"type": "Point", "coordinates": [123.855503, 10.2527713]}, "properties": {"category": "Retail"}}, {"type": "Feature", "geometry": {"type": "Point", "coordinates": [123.8556442, 10.279644]}, "properties": {"category": "Retail"}}, {"type": "Feature", "geometry": {"type": "Point", "coordinates": [123.8476178, 10.2425564]}, "properties": {"category": "Retail"}}, {"type": "Feature", "geometry": {"type": "Point", "coordinates": [123.8570535, 10.2707073]}, "properties": {"category": "Retail"}}, {"type": "Feature", "geometry": {"type": "Point", "coordinates": [123.8476325, 10.2424199]}, "properties": {"category": "Retail"}}, {"type": "Feature", "geometry": {"type": "Point", "coordinates": [123.8561211, 10.2691543]}, "properties": {"category": "Retail"}}, {"type": "Feature", "geometry": {"type": "Point", "coordinates": [123.8337912, 10.2361461]}, "properties": {"category": "Retail"}}, {"type": "Feature", "geometry": {"type": "Point", "coordinates": [123.8331343, 10.2432701]}, "properties": {"category": "Retail"}}, {"type": "Feature", "geometry": {"type": "Point", "coordinates": [123.812523, 10.255713]}, "properties": {"category": "Retail"}}, {"type": "Feature", "geometry": {"type": "Point", "coordinates": [123.8213401, 10.2381493]}, "properties": {"category": "Retail"}}, {"type": "Feature", "geometry": {"type": "Point", "coordinates": [123.7948355, 10.2679662]}, "properties": {"category": "Retail"}}, {"type": "Feature", "geometry": {"type": "Point", "coordinates": [123.8240664, 10.2390288]}, "properties": {"category": "Retail"}}, {"type": "Feature", "geometry": {"type": "Point", "coordinates": [123.8361024, 10.2375388]}, "properties": {"category": "Retail"}}, {"type": "Feature", "geometry": {"type": "Point", "coordinates": [123.8531065, 10.2662183]}, "properties": {"category": "Retail"}}, {"type": "Feature", "geometry": {"type": "Point", "coordinates": [123.8603949, 10.2790213]}, "properties": {"category": "Retail"}}, {"type": "Feature", "geometry": {"type": "Point", "coordinates": [123.8240831, 10.2381476]}, "properties": {"category": "Retail"}}, {"type": "Feature", "geometry": {"type": "Point", "coordinates": [123.8153396, 10.255964]}, "properties": {"category": "Retail"}}, {"type": "Feature", "geometry": {"type": "Point", "coordinates": [123.8778764, 10.266461]}, "properties": {"category": "Retail"}}, {"type": "Feature", "geometry": {"type": "Point", "coordinates": [123.8123458, 10.2444733]}, "properties": {"category": "Retail"}}, {"type": "Feature", "geometry": {"type": "Point", "coordinates": [123.819744, 10.238461]}, "properties": {"category": "Retail"}}, {"type": "Feature", "geometry": {"type": "Point", "coordinates": [123.8024341, 10.2491408]}, "properties": {"category": "Retail"}}, {"type": "Feature", "geometry": {"type": "Point", "coordinates": [123.8399285, 10.25772]}, "properties": {"category": "Retail"}}, {"type": "Feature", "geometry": {"type": "Point", "coordinates": [123.8476689, 10.2454717]}, "properties": {"category": "Retail"}}, {"type": "Feature", "geometry": {"type": "Point", "coordinates": [123.856118, 10.2677802]}, "properties": {"category": "Retail"}}, {"type": "Feature", "geometry": {"type": "Point", "coordinates": [123.8601499, 10.2520194]}, "properties": {"category": "Retail"}}, {"type": "Feature", "geometry": {"type": "Point", "coordinates": [123.8590496, 10.2688489]}, "properties": {"category": "Retail"}}, {"type": "Feature", "geometry": {"type": "Point", "coordinates": [123.8241265, 10.2383837]}, "properties": {"category": "Retail"}}, {"type": "Feature", "geometry": {"type": "Point", "coordinates": [123.8225469, 10.2573125]}, "properties": {"category": "Retail"}}, {"type": "Feature", "geometry": {"type": "Point", "coordinates": [123.8487818, 10.2579525]}, "properties": {"category": "Retail"}}, {"type": "Feature", "geometry": {"type": "Point", "coordinates": [123.838826, 10.2448531]}, "properties": {"category": "Retail"}}, {"type": "Feature", "geometry": {"type": "Point", "coordinates": [123.8506888, 10.2723788]}, "properties": {"category": "Retail"}}, {"type": "Feature", "geometry": {"type": "Point", "coordinates": [123.8573161, 10.2713394]}, "properties": {"category": "Retail"}}, {"type": "Feature", "geometry": {"type": "Point", "coordinates": [123.8246662, 10.2545796]}, "properties": {"category": "Retail"}}, {"type": "Feature", "geometry": {"type": "Point", "coordinates": [123.843498, 10.2441502]}, "properties": {"category": "Retail"}}, {"type": "Feature", "geometry": {"type": "Point", "coordinates": [123.8395078, 10.2554987]}, "properties": {"category": "Retail"}}, {"type": "Feature", "geometry": {"type": "Point", "coordinates": [123.8392197, 10.2453817]}, "properties": {"category": "Retail"}}, {"type": "Feature", "geometry": {"type": "Point", "coordinates": [123.8567162, 10.2724381]}, "properties": {"category": "Retail"}}, {"type": "Feature", "geometry": {"type": "Point", "coordinates": [123.8436081, 10.2444492]}, "properties": {"category": "Retail"}}, {"type": "Feature", "geometry": {"type": "Point", "coordinates": [123.8410893, 10.2434774]}, "properties": {"category": "Retail"}}, {"type": "Feature", "geometry": {"type": "Point", "coordinates": [123.8287017, 10.237514]}, "properties": {"category": "Retail"}}, {"type": "Feature", "geometry": {"type": "Point", "coordinates": [123.8261015, 10.2448926]}, "properties": {"category": "Retail"}}, {"type": "Feature", "geometry": {"type": "Point", "coordinates": [123.8584351, 10.2658738]}, "properties": {"category": "Retail"}}, {"type": "Feature", "geometry": {"type": "Point", "coordinates": [123.8488538, 10.241896]}, "properties": {"category": "Retail"}}, {"type": "Feature", "geometry": {"type": "Point", "coordinates": [123.8264216, 10.2628068]}, "properties": {"category": "Retail"}}, {"type": "Feature", "geometry": {"type": "Point", "coordinates": [123.8286137, 10.2460819]}, "properties": {"category": "Retail"}}, {"type": "Feature", "geometry": {"type": "Point", "coordinates": [123.8574996, 10.2766583]}, "properties": {"category": "Retail"}}, {"type": "Feature", "geometry": {"type": "Point", "coordinates": [123.8420554, 10.2474166]}, "properties": {"category": "Retail"}}, {"type": "Feature", "geometry": {"type": "Point", "coordinates": [123.8402963, 10.2400137]}, "properties": {"category": "Retail"}}, {"type": "Feature", "geometry": {"type": "Point", "coordinates": [123.8392411, 10.2442318]}, "properties": {"category": "Retail"}}, {"type": "Feature", "geometry": {"type": "Point", "coordinates": [123.8103461, 10.2417485]}, "properties": {"category": "Retail"}}, {"type": "Feature", "geometry": {"type": "Point", "coordinates": [123.857601, 10.2782149]}, "properties": {"category": "Retail"}}, {"type": "Feature", "geometry": {"type": "Point", "coordinates": [123.849869, 10.2727707]}, "properties": {"category": "Retail"}}, {"type": "Feature", "geometry": {"type": "Point", "coordinates": [123.8597248, 10.2745372]}, "properties": {"category": "Retail"}}, {"type": "Feature", "geometry": {"type": "Point", "coordinates": [123.8523053, 10.2752052]}, "properties": {"category": "Retail"}}, {"type": "Feature", "geometry": {"type": "Point", "coordinates": [123.8586898, 10.2731315]}, "properties": {"category": "Retail"}}, {"type": "Feature", "geometry": {"type": "Point", "coordinates": [123.7970443, 10.2419649]}, "properties": {"category": "Retail"}}, {"type": "Feature", "geometry": {"type": "Point", "coordinates": [123.8112269, 10.2558561]}, "properties": {"category": "Retail"}}, {"type": "Feature", "geometry": {"type": "Point", "coordinates": [123.8539274, 10.2774357]}, "properties": {"category": "Retail"}}, {"type": "Feature", "geometry": {"type": "Point", "coordinates": [123.8559166, 10.2802442]}, "properties": {"category": "Retail"}}, {"type": "Feature", "geometry": {"type": "Point", "coordinates": [123.846899, 10.2430106]}, "properties": {"category": "Retail"}}, {"type": "Feature", "geometry": {"type": "Point", "coordinates": [123.8495274, 10.2732528]}, "properties": {"category": "Retail"}}, {"type": "Feature", "geometry": {"type": "Point", "coordinates": [123.845449, 10.2703543]}, "properties": {"category": "Retail"}}, {"type": "Feature", "geometry": {"type": "Point", "coordinates": [123.8118181, 10.2530882]}, "properties": {"category": "Retail"}}, {"type": "Feature", "geometry": {"type": "Point", "coordinates": [123.8309515, 10.2519139]}, "properties": {"category": "Retail"}}, {"type": "Feature", "geometry": {"type": "Point", "coordinates": [123.8311177, 10.2520303]}, "properties": {"category": "Retail"}}, {"type": "Feature", "geometry": {"type": "Point", "coordinates": [123.7939185, 10.244665]}, "properties": {"category": "Retail"}}, {"type": "Feature", "geometry": {"type": "Point", "coordinates": [123.8394235, 10.2452322]}, "properties": {"category": "Retail"}}, {"type": "Feature", "geometry": {"type": "Point", "coordinates": [123.8451843, 10.2453825]}, "properties": {"category": "Retail"}}, {"type": "Feature", "geometry": {"type": "Point", "coordinates": [123.8568104, 10.2737912]}, "properties": {"category": "Retail"}}, {"type": "Feature", "geometry": {"type": "Point", "coordinates": [123.7965782, 10.2459349]}, "properties": {"category": "Retail"}}, {"type": "Feature", "geometry": {"type": "Point", "coordinates": [123.8427961, 10.2669243]}, "properties": {"category": "Retail"}}, {"type": "Feature", "geometry": {"type": "Point", "coordinates": [123.8551186, 10.2803652]}, "properties": {"category": "Retail"}}, {"type": "Feature", "geometry": {"type": "Point", "coordinates": [123.8583564, 10.2701063]}, "properties": {"category": "Retail"}}, {"type": "Feature", "geometry": {"type": "Point", "coordinates": [123.8590056, 10.2583017]}, "properties": {"category": "Retail"}}, {"type": "Feature", "geometry": {"type": "Point", "coordinates": [123.8249118, 10.2458603]}, "properties": {"category": "Retail"}}, {"type": "Feature", "geometry": {"type": "Point", "coordinates": [123.853542, 10.2778837]}, "properties": {"category": "Retail"}}, {"type": "Feature", "geometry": {"type": "Point", "coordinates": [123.8329242, 10.2601466]}, "properties": {"category": "Retail"}}, {"type": "Feature", "geometry": {"type": "Point", "coordinates": [123.8601689, 10.2650067]}, "properties": {"category": "Retail"}}, {"type": "Feature", "geometry": {"type": "Point", "coordinates": [123.8405649, 10.2607573]}, "properties": {"category": "Retail"}}, {"type": "Feature", "geometry": {"type": "Point", "coordinates": [123.8563945, 10.2663774]}, "properties": {"category": "Retail"}}, {"type": "Feature", "geometry": {"type": "Point", "coordinates": [123.8113576, 10.2561846]}, "properties": {"category": "Retail"}}, {"type": "Feature", "geometry": {"type": "Point", "coordinates": [123.843669, 10.267168]}, "properties": {"category": "Retail"}}, {"type": "Feature", "geometry": {"type": "Point", "coordinates": [123.859643, 10.257429]}, "properties": {"category": "Retail"}}, {"type": "Feature", "geometry": {"type": "Point", "coordinates": [123.7969209, 10.2424524]}, "properties": {"category": "Retail"}}, {"type": "Feature", "geometry": {"type": "Point", "coordinates": [123.8380448, 10.2381207]}, "properties": {"category": "Retail"}}, {"type": "Feature", "geometry": {"type": "Point", "coordinates": [123.8562331, 10.2686192]}, "properties": {"category": "Retail"}}, {"type": "Feature", "geometry": {"type": "Point", "coordinates": [123.8508532, 10.2726352]}, "properties": {"category": "Retail"}}, {"type": "Feature", "geometry": {"type": "Point", "coordinates": [123.8446297, 10.2459692]}, "properties": {"category": "Retail"}}, {"type": "Feature", "geometry": {"type": "Point", "coordinates": [123.8543838, 10.2810451]}, "properties": {"category": "Retail"}}, {"type": "Feature", "geometry": {"type": "Point", "coordinates": [123.8584313, 10.2804059]}, "properties": {"category": "Retail"}}, {"type": "Feature", "geometry": {"type": "Point", "coordinates": [123.8576757, 10.2795495]}, "properties": {"category": "Retail"}}, {"type": "Feature", "geometry": {"type": "Point", "coordinates": [123.8242671, 10.241514]}, "properties": {"category": "Retail"}}, {"type": "Feature", "geometry": {"type": "Point", "coordinates": [123.8562478, 10.2802927]}, "properties": {"category": "Retail"}}, {"type": "Feature", "geometry": {"type": "Point", "coordinates": [123.8418566, 10.247599]}, "properties": {"category": "Retail"}}, {"type": "Feature", "geometry": {"type": "Point", "coordinates": [123.8401897, 10.2388924]}, "properties": {"category": "Retail"}}, {"type": "Feature", "geometry": {"type": "Point", "coordinates": [123.8512498, 10.2633773]}, "properties": {"category": "Retail"}}, {"type": "Feature", "geometry": {"type": "Point", "coordinates": [123.8395872, 10.2488684]}, "properties": {"category": "Retail"}}, {"type": "Feature", "geometry": {"type": "Point", "coordinates": [123.851685, 10.2757427]}, "properties": {"category": "Retail"}}, {"type": "Feature", "geometry": {"type": "Point", "coordinates": [123.8241382, 10.2436503]}, "properties": {"category": "Retail"}}, {"type": "Feature", "geometry": {"type": "Point", "coordinates": [123.8294623, 10.2519787]}, "properties": {"category": "Retail"}}, {"type": "Feature", "geometry": {"type": "Point", "coordinates": [123.8292255, 10.2528577]}, "properties": {"category": "Retail"}}, {"type": "Feature", "geometry": {"type": "Point", "coordinates": [123.8597751, 10.2746286]}, "properties": {"category": "Retail"}}, {"type": "Feature", "geometry": {"type": "Point", "coordinates": [123.8561064, 10.2804943]}, "properties": {"category": "Retail"}}, {"type": "Feature", "geometry": {"type": "Point", "coordinates": [123.8552233, 10.2786053]}, "properties": {"category": "Retail"}}, {"type": "Feature", "geometry": {"type": "Point", "coordinates": [123.87649, 10.2921362]}, "properties": {"category": "Health"}}, {"type": "Feature", "geometry": {"type": "Point", "coordinates": [123.907792, 10.3090599]}, "properties": {"category": "Health"}}, {"type": "Feature", "geometry": {"type": "Point", "coordinates": [123.8851477, 10.3175148]}, "properties": {"category": "Health"}}, {"type": "Feature", "geometry": {"type": "Point", "coordinates": [123.8972113, 10.2989044]}, "properties": {"category": "Health"}}, {"type": "Feature", "geometry": {"type": "Point", "coordinates": [123.9436116, 10.3300298]}, "properties": {"category": "Health"}}, {"type": "Feature", "geometry": {"type": "Point", "coordinates": [123.9455445, 10.3316948]}, "properties": {"category": "Health"}}, {"type": "Feature", "geometry": {"type": "Point", "coordinates": [123.8818025, 10.2895124]}, "properties": {"category": "Health"}}, {"type": "Feature", "geometry": {"type": "Point", "coordinates": [123.9334485, 10.3265841]}, "properties": {"category": "Health"}}, {"type": "Feature", "geometry": {"type": "Point", "coordinates": [123.9315776, 10.329083]}, "properties": {"category": "Health"}}, {"type": "Feature", "geometry": {"type": "Point", "coordinates": [123.9307507, 10.4090205]}, "properties": {"category": "Health"}}, {"type": "Feature", "geometry": {"type": "Point", "coordinates": [123.9062045, 10.3236716]}, "properties": {"category": "Health"}}, {"type": "Feature", "geometry": {"type": "Point", "coordinates": [123.9454867, 10.2802455]}, "properties": {"category": "Health"}}, {"type": "Feature", "geometry": {"type": "Point", "coordinates": [123.9051556, 10.3181901]}, "properties": {"category": "Health"}}, {"type": "Feature", "geometry": {"type": "Point", "coordinates": [123.8807426, 10.2804974]}, "properties": {"category": "Health"}}, {"type": "Feature", "geometry": {"type": "Point", "coordinates": [123.8843725, 10.3150927]}, "properties": {"category": "Health"}}, {"type": "Feature", "geometry": {"type": "Point", "coordinates": [123.8714657, 10.2854585]}, "properties": {"category": "Health"}}, {"type": "Feature", "geometry": {"type": "Point", "coordinates": [123.8852785, 10.2964483]}, "properties": {"category": "Health"}}, {"type": "Feature", "geometry": {"type": "Point", "coordinates": [123.8803815, 10.3255992]}, "properties": {"category": "Health"}}, {"type": "Feature", "geometry": {"type": "Point", "coordinates": [123.8405344, 10.2603372]}, "properties": {"category": "Health"}}, {"type": "Feature", "geometry": {"type": "Point", "coordinates": [123.9647618, 10.3162743]}, "properties": {"category": "Health"}}, {"type": "Feature", "geometry": {"type": "Point", "coordinates": [123.9089799, 10.3081492]}, "properties": {"category": "Health"}}, {"type": "Feature", "geometry": {"type": "Point", "coordinates": [123.9030522, 10.2945321]}, "properties": {"category": "Health"}}, {"type": "Feature", "geometry": {"type": "Point", "coordinates": [123.9005112, 10.3148458]}, "properties": {"category": "Health"}}, {"type": "Feature", "geometry": {"type": "Point", "coordinates": [123.9005891, 10.3148173]}, "properties": {"category": "Health"}}, {"type": "Feature", "geometry": {"type": "Point", "coordinates": [123.8703078, 10.287983]}, "properties": {"category": "Health"}}, {"type": "Feature", "geometry": {"type": "Point", "coordinates": [123.9025495, 10.297792]}, "properties": {"category": "Health"}}, {"type": "Feature", "geometry": {"type": "Point", "coordinates": [123.8883113, 10.3166661]}, "properties": {"category": "Health"}}, {"type": "Feature", "geometry": {"type": "Point", "coordinates": [123.9470043, 10.3030502]}, "properties": {"category": "Health"}}, {"type": "Feature", "geometry": {"type": "Point", "coordinates": [123.9652602, 10.2962618]}, "properties": {"category": "Health"}}, {"type": "Feature", "geometry": {"type": "Point", "coordinates": [123.9760213, 10.3129263]}, "properties": {"category": "Health"}}, {"type": "Feature", "geometry": {"type": "Point", "coordinates": [123.9692423, 10.2844351]}, "properties": {"category": "Health"}}, {"type": "Feature", "geometry": {"type": "Point", "coordinates": [123.8795033, 10.2975699]}, "properties": {"category": "Health"}}, {"type": "Feature", "geometry": {"type": "Point", "coordinates": [123.878107, 10.3009639]}, "properties": {"category": "Health"}}, {"type": "Feature", "geometry": {"type": "Point", "coordinates": [123.9121982, 10.3441351]}, "properties": {"category": "Health"}}, {"type": "Feature", "geometry": {"type": "Point", "coordinates": [123.8984341, 10.3048701]}, "properties": {"category": "Health"}}, {"type": "Feature", "geometry": {"type": "Point", "coordinates": [123.9140751, 10.3508875]}, "properties": {"category": "Health"}}, {"type": "Feature", "geometry": {"type": "Point", "coordinates": [123.9071123, 10.3193711]}, "properties": {"category": "Health"}}, {"type": "Feature", "geometry": {"type": "Point", "coordinates": [123.8855364, 10.2969858]}, "properties": {"category": "Health"}}, {"type": "Feature", "geometry": {"type": "Point", "coordinates": [123.9612265, 10.3435321]}, "properties": {"category": "Health"}}, {"type": "Feature", "geometry": {"type": "Point", "coordinates": [123.9626693, 10.3782245]}, "properties": {"category": "Health"}}, {"type": "Feature", "geometry": {"type": "Point", "coordinates": [123.8967311, 10.3105314]}, "properties": {"category": "Health"}}, {"type": "Feature", "geometry": {"type": "Point", "coordinates": [123.893554, 10.3114263]}, "properties": {"category": "Health"}}, {"type": "Feature", "geometry": {"type": "Point", "coordinates": [123.9560412, 10.3320249]}, "properties": {"category": "Health"}}, {"type": "Feature", "geometry": {"type": "Point", "coordinates": [123.9418969, 10.3249161]}, "properties": {"category": "Health"}}, {"type": "Feature", "geometry": {"type": "Point", "coordinates": [123.8944538, 10.2970422]}, "properties": {"category": "Health"}}, {"type": "Feature", "geometry": {"type": "Point", "coordinates": [123.9675915, 10.2892108]}, "properties": {"category": "Health"}}, {"type": "Feature", "geometry": {"type": "Point", "coordinates": [123.983024, 10.2601663]}, "properties": {"category": "Health"}}, {"type": "Feature", "geometry": {"type": "Point", "coordinates": [123.8895684, 10.3097759]}, "properties": {"category": "Health"}}, {"type": "Feature", "geometry": {"type": "Point", "coordinates": [123.8561667, 10.2806014]}, "properties": {"category": "Health"}}, {"type": "Feature", "geometry": {"type": "Point", "coordinates": [123.8943086, 10.331567]}, "properties": {"category": "Health"}}, {"type": "Feature", "geometry": {"type": "Point", "coordinates": [123.9056663, 10.2942293]}, "properties": {"category": "Health"}}, {"type": "Feature", "geometry": {"type": "Point", "coordinates": [123.9347944, 10.3244929]}, "properties": {"category": "Health"}}, {"type": "Feature", "geometry": {"type": "Point", "coordinates": [123.8371629, 10.2615866]}, "properties": {"category": "Health"}}, {"type": "Feature", "geometry": {"type": "Point", "coordinates": [123.9543698, 10.3717694]}, "properties": {"category": "Health"}}, {"type": "Feature", "geometry": {"type": "Point", "coordinates": [123.8909237, 10.3103052]}, "properties": {"category": "Health"}}, {"type": "Feature", "geometry": {"type": "Point", "coordinates": [123.9430759, 10.337953]}, "properties": {"category": "Health"}}, {"type": "Feature", "geometry": {"type": "Point", "coordinates": [123.942846, 10.3378398]}, "properties": {"category": "Health"}}, {"type": "Feature", "geometry": {"type": "Point", "coordinates": [123.9578723, 10.3763396]}, "properties": {"category": "Health"}}, {"type": "Feature", "geometry": {"type": "Point", "coordinates": [123.8412167, 10.2632973]}, "properties": {"category": "Health"}}, {"type": "Feature", "geometry": {"type": "Point", "coordinates": [123.814561, 10.2440198]}, "properties": {"category": "Health"}}, {"type": "Feature", "geometry": {"type": "Point", "coordinates": [123.8556026, 10.2792119]}, "properties": {"category": "Health"}}, {"type": "Feature", "geometry": {"type": "Point", "coordinates": [123.8962955, 10.3075643]}, "properties": {"category": "Health"}}, {"type": "Feature", "geometry": {"type": "Point", "coordinates": [123.9662013, 10.2926017]}, "properties": {"category": "Health"}}, {"type": "Feature", "geometry": {"type": "Point", "coordinates": [123.8608827, 10.2534554]}, "properties": {"category": "Health"}}, {"type": "Feature", "geometry": {"type": "Point", "coordinates": [123.9662301, 10.2925307]}, "properties": {"category": "Health"}}, {"type": "Feature", "geometry": {"type": "Point", "coordinates": [123.9022728, 10.3149391]}, "properties": {"category": "Health"}}, {"type": "Feature", "geometry": {"type": "Point", "coordinates": [123.8920051, 10.3082054]}, "properties": {"category": "Health"}}, {"type": "Feature", "geometry": {"type": "Point", "coordinates": [123.9543666, 10.3661441]}, "properties": {"category": "Health"}}, {"type": "Feature", "geometry": {"type": "Point", "coordinates": [123.9418169, 10.3249634]}, "properties": {"category": "Health"}}, {"type": "Feature", "geometry": {"type": "Point", "coordinates": [123.8292123, 10.2535519]}, "properties": {"category": "Health"}}, {"type": "Feature", "geometry": {"type": "Point", "coordinates": [123.9030564, 10.2945733]}, "properties": {"category": "Health"}}, {"type": "Feature", "geometry": {"type": "Point", "coordinates": [123.9317009, 10.3223001]}, "properties": {"category": "Health"}}, {"type": "Feature", "geometry": {"type": "Point", "coordinates": [123.8988881, 10.3192252]}, "properties": {"category": "Health"}}, {"type": "Feature", "geometry": {"type": "Point", "coordinates": [123.9090013, 10.3081782]}, "properties": {"category": "Health"}}, {"type": "Feature", "geometry": {"type": "Point", "coordinates": [123.8931414, 10.3112288]}, "properties": {"category": "Health"}}, {"type": "Feature", "geometry": {"type": "Point", "coordinates": [123.9014509, 10.3000885]}, "properties": {"category": "Health"}}, {"type": "Feature", "geometry": {"type": "Point", "coordinates": [123.9647302, 10.2966389]}, "properties": {"category": "Health"}}, {"type": "Feature", "geometry": {"type": "Point", "coordinates": [123.9178073, 10.3268054]}, "properties": {"category": "Health"}}, {"type": "Feature", "geometry": {"type": "Point", "coordinates": [123.9239637, 10.3511504]}, "properties": {"category": "Health"}}, {"type": "Feature", "geometry": {"type": "Point", "coordinates": [123.8730604, 10.2957144]}, "properties": {"category": "Health"}}, {"type": "Feature", "geometry": {"type": "Point", "coordinates": [123.9031595, 10.2991741]}, "properties": {"category": "Health"}}, {"type": "Feature", "geometry": {"type": "Point", "coordinates": [123.9095448, 10.324343]}, "properties": {"category": "Health"}}, {"type": "Feature", "geometry": {"type": "Point", "coordinates": [123.8928188, 10.2978143]}, "properties": {"category": "Health"}}, {"type": "Feature", "geometry": {"type": "Point", "coordinates": [123.9578098, 10.3764047]}, "properties": {"category": "Health"}}, {"type": "Feature", "geometry": {"type": "Point", "coordinates": [123.7986669, 10.2438933]}, "properties": {"category": "Health"}}, {"type": "Feature", "geometry": {"type": "Point", "coordinates": [123.9671261, 10.2909968]}, "properties": {"category": "Health"}}, {"type": "Feature", "geometry": {"type": "Point", "coordinates": [123.7954767, 10.2457008]}, "properties": {"category": "Health"}}, {"type": "Feature", "geometry": {"type": "Point", "coordinates": [123.8975009, 10.2908808]}, "properties": {"category": "Health"}}, {"type": "Feature", "geometry": {"type": "Point", "coordinates": [123.8278179, 10.2592382]}, "properties": {"category": "Health"}}, {"type": "Feature", "geometry": {"type": "Point", "coordinates": [123.9124513, 10.3406648]}, "properties": {"category": "Health"}}, {"type": "Feature", "geometry": {"type": "Point", "coordinates": [123.898463, 10.3125445]}, "properties": {"category": "Health"}}, {"type": "Feature", "geometry": {"type": "Point", "coordinates": [123.8998248, 10.317229]}, "properties": {"category": "Health"}}, {"type": "Feature", "geometry": {"type": "Point", "coordinates": [123.8995163, 10.3171313]}, "properties": {"category": "Health"}}, {"type": "Feature", "geometry": {"type": "Point", "coordinates": [123.9034854, 10.310538]}, "properties": {"category": "Health"}}, {"type": "Feature", "geometry": {"type": "Point", "coordinates": [123.9025148, 10.3180095]}, "properties": {"category": "Health"}}, {"type": "Feature", "geometry": {"type": "Point", "coordinates": [123.9623393, 10.3012078]}, "properties": {"category": "Health"}}, {"type": "Feature", "geometry": {"type": "Point", "coordinates": [123.9021561, 10.2947276]}, "properties": {"category": "Health"}}, {"type": "Feature", "geometry": {"type": "Point", "coordinates": [123.8940194, 10.3105528]}, "properties": {"category": "Health"}}, {"type": "Feature", "geometry": {"type": "Point", "coordinates": [123.8963731, 10.3134291]}, "properties": {"category": "Health"}}, {"type": "Feature", "geometry": {"type": "Point", "coordinates": [123.8800319, 10.2823093]}, "properties": {"category": "Health"}}, {"type": "Feature", "geometry": {"type": "Point", "coordinates": [123.8603055, 10.2560042]}, "properties": {"category": "Health"}}, {"type": "Feature", "geometry": {"type": "Point", "coordinates": [123.8426767, 10.2669388]}, "properties": {"category": "Health"}}, {"type": "Feature", "geometry": {"type": "Point", "coordinates": [123.8943769, 10.3054958]}, "properties": {"category": "Health"}}, {"type": "Feature", "geometry": {"type": "Point", "coordinates": [123.8895871, 10.3105581]}, "properties": {"category": "Health"}}, {"type": "Feature", "geometry": {"type": "Point", "coordinates": [123.9135591, 10.3500518]}, "properties": {"category": "Health"}}, {"type": "Feature", "geometry": {"type": "Point", "coordinates": [123.8954943, 10.3127927]}, "properties": {"category": "Health"}}, {"type": "Feature", "geometry": {"type": "Point", "coordinates": [124.0099453, 10.3068748]}, "properties": {"category": "Health"}}, {"type": "Feature", "geometry": {"type": "Point", "coordinates": [123.9676858, 10.2897583]}, "properties": {"category": "Health"}}, {"type": "Feature", "geometry": {"type": "Point", "coordinates": [123.8827658, 10.2977035]}, "properties": {"category": "Health"}}, {"type": "Feature", "geometry": {"type": "Point", "coordinates": [123.8586586, 10.2899818]}, "properties": {"category": "Health"}}, {"type": "Feature", "geometry": {"type": "Point", "coordinates": [123.9290453, 10.3278629]}, "properties": {"category": "Health"}}, {"type": "Feature", "geometry": {"type": "Point", "coordinates": [123.9209679, 10.3820128]}, "properties": {"category": "Health"}}, {"type": "Feature", "geometry": {"type": "Point", "coordinates": [123.8929215, 10.3163179]}, "properties": {"category": "Health"}}, {"type": "Feature", "geometry": {"type": "Point", "coordinates": [123.8781933, 10.2974669]}, "properties": {"category": "Health"}}, {"type": "Feature", "geometry": {"type": "Point", "coordinates": [123.8239904, 10.2574357]}, "properties": {"category": "Health"}}, {"type": "Feature", "geometry": {"type": "Point", "coordinates": [123.9647862, 10.2968144]}, "properties": {"category": "Health"}}, {"type": "Feature", "geometry": {"type": "Point", "coordinates": [123.9652031, 10.2966793]}, "properties": {"category": "Health"}}, {"type": "Feature", "geometry": {"type": "Point", "coordinates": [123.8999522, 10.3172186]}, "properties": {"category": "Health"}}, {"type": "Feature", "geometry": {"type": "Point", "coordinates": [123.9638688, 10.2983536]}, "properties": {"category": "Health"}}, {"type": "Feature", "geometry": {"type": "Point", "coordinates": [123.9056316, 10.3234018]}, "properties": {"category": "Health"}}, {"type": "Feature", "geometry": {"type": "Point", "coordinates": [123.954739, 10.3734952]}, "properties": {"category": "Health"}}, {"type": "Feature", "geometry": {"type": "Point", "coordinates": [123.8790733, 10.2988053]}, "properties": {"category": "Health"}}, {"type": "Feature", "geometry": {"type": "Point", "coordinates": [123.9131972, 10.3494338]}, "properties": {"category": "Health"}}, {"type": "Feature", "geometry": {"type": "Point", "coordinates": [123.933355, 10.326651]}, "properties": {"category": "Health"}}, {"type": "Feature", "geometry": {"type": "Point", "coordinates": [123.9484932, 10.3302766]}, "properties": {"category": "Health"}}, {"type": "Feature", "geometry": {"type": "Point", "coordinates": [123.9779311, 10.3264446]}, "properties": {"category": "Health"}}, {"type": "Feature", "geometry": {"type": "Point", "coordinates": [123.9741759, 10.3243406]}, "properties": {"category": "Health"}}, {"type": "Feature", "geometry": {"type": "Point", "coordinates": [123.9178848, 10.3265542]}, "properties": {"category": "Health"}}, {"type": "Feature", "geometry": {"type": "Point", "coordinates": [123.9361909, 10.3391879]}, "properties": {"category": "Health"}}, {"type": "Feature", "geometry": {"type": "Point", "coordinates": [123.9245675, 10.3503598]}, "properties": {"category": "Health"}}, {"type": "Feature", "geometry": {"type": "Point", "coordinates": [123.9494796, 10.3107379]}, "properties": {"category": "Health"}}, {"type": "Feature", "geometry": {"type": "Point", "coordinates": [123.9519354, 10.3121585]}, "properties": {"category": "Health"}}, {"type": "Feature", "geometry": {"type": "Point", "coordinates": [123.9632647, 10.3784006]}, "properties": {"category": "Health"}}, {"type": "Feature", "geometry": {"type": "Point", "coordinates": [123.89885, 10.3049813]}, "properties": {"category": "Health"}}, {"type": "Feature", "geometry": {"type": "Point", "coordinates": [123.9073392, 10.3288312]}, "properties": {"category": "Health"}}, {"type": "Feature", "geometry": {"type": "Point", "coordinates": [123.9095857, 10.3243219]}, "properties": {"category": "Health"}}, {"type": "Feature", "geometry": {"type": "Point", "coordinates": [123.913881, 10.3507632]}, "properties": {"category": "Health"}}, {"type": "Feature", "geometry": {"type": "Point", "coordinates": [123.9297858, 10.3377518]}, "properties": {"category": "Health"}}, {"type": "Feature", "geometry": {"type": "Point", "coordinates": [123.9269963, 10.3390326]}, "properties": {"category": "Health"}}, {"type": "Feature", "geometry": {"type": "Point", "coordinates": [123.9140975, 10.3435061]}, "properties": {"category": "Health"}}, {"type": "Feature", "geometry": {"type": "Point", "coordinates": [123.9128396, 10.3453518]}, "properties": {"category": "Health"}}, {"type": "Feature", "geometry": {"type": "Point", "coordinates": [123.9134528, 10.3491768]}, "properties": {"category": "Health"}}, {"type": "Feature", "geometry": {"type": "Point", "coordinates": [123.9706846, 10.315954]}, "properties": {"category": "Health"}}, {"type": "Feature", "geometry": {"type": "Point", "coordinates": [123.894911, 10.305543]}, "properties": {"category": "Health"}}, {"type": "Feature", "geometry": {"type": "Point", "coordinates": [123.89089, 10.3088719]}, "properties": {"category": "Health"}}, {"type": "Feature", "geometry": {"type": "Point", "coordinates": [123.899197, 10.2969949]}, "properties": {"category": "Health"}}, {"type": "Feature", "geometry": {"type": "Point", "coordinates": [123.8994662, 10.3149776]}, "properties": {"category": "Health"}}, {"type": "Feature", "geometry": {"type": "Point", "coordinates": [123.892862, 10.3128776]}, "properties": {"category": "Health"}}, {"type": "Feature", "geometry": {"type": "Point", "coordinates": [123.8945379, 10.3053681]}, "properties": {"category": "Health"}}, {"type": "Feature", "geometry": {"type": "Point", "coordinates": [123.884613, 10.31874]}, "properties": {"category": "Health"}}, {"type": "Feature", "geometry": {"type": "Point", "coordinates": [123.8956858, 10.3159146]}, "properties": {"category": "Health"}}, {"type": "Feature", "geometry": {"type": "Point", "coordinates": [123.908147, 10.3020149]}, "properties": {"category": "Health"}}, {"type": "Feature", "geometry": {"type": "Point", "coordinates": [123.9150409, 10.3184049]}, "properties": {"category": "Health"}}, {"type": "Feature", "geometry": {"type": "Point", "coordinates": [123.8800774, 10.3303003]}, "properties": {"category": "Health"}}, {"type": "Feature", "geometry": {"type": "Point", "coordinates": [123.9141351, 10.3047226]}, "properties": {"category": "Health"}}, {"type": "Feature", "geometry": {"type": "Point", "coordinates": [123.9009488, 10.297578]}, "properties": {"category": "Health"}}, {"type": "Feature", "geometry": {"type": "Point", "coordinates": [123.8979827, 10.3311633]}, "properties": {"category": "Health"}}, {"type": "Feature", "geometry": {"type": "Point", "coordinates": [123.9054957, 10.3222655]}, "properties": {"category": "Health"}}, {"type": "Feature", "geometry": {"type": "Point", "coordinates": [123.890527, 10.294689]}, "properties": {"category": "Health"}}, {"type": "Feature", "geometry": {"type": "Point", "coordinates": [123.8988727, 10.2961209]}, "properties": {"category": "Health"}}, {"type": "Feature", "geometry": {"type": "Point", "coordinates": [123.8968888, 10.2935011]}, "properties": {"category": "Health"}}, {"type": "Feature", "geometry": {"type": "Point", "coordinates": [123.8699077, 10.2958383]}, "properties": {"category": "Health"}}, {"type": "Feature", "geometry": {"type": "Point", "coordinates": [123.8846963, 10.3003828]}, "properties": {"category": "Health"}}, {"type": "Feature", "geometry": {"type": "Point", "coordinates": [123.8741474, 10.2889591]}, "properties": {"category": "Health"}}, {"type": "Feature", "geometry": {"type": "Point", "coordinates": [123.8873516, 10.3290207]}, "properties": {"category": "Health"}}, {"type": "Feature", "geometry": {"type": "Point", "coordinates": [123.8967291, 10.3069065]}, "properties": {"category": "Health"}}, {"type": "Feature", "geometry": {"type": "Point", "coordinates": [123.8821078, 10.3265485]}, "properties": {"category": "Health"}}, {"type": "Feature", "geometry": {"type": "Point", "coordinates": [123.8946703, 10.3131045]}, "properties": {"category": "Health"}}, {"type": "Feature", "geometry": {"type": "Point", "coordinates": [123.864607, 10.2883769]}, "properties": {"category": "Health"}}, {"type": "Feature", "geometry": {"type": "Point", "coordinates": [123.8853148, 10.2976891]}, "properties": {"category": "Health"}}, {"type": "Feature", "geometry": {"type": "Point", "coordinates": [123.8922138, 10.316833]}, "properties": {"category": "Health"}}, {"type": "Feature", "geometry": {"type": "Point", "coordinates": [123.900018, 10.305584]}, "properties": {"category": "Health"}}, {"type": "Feature", "geometry": {"type": "Point", "coordinates": [123.892571, 10.312992]}, "properties": {"category": "Health"}}, {"type": "Feature", "geometry": {"type": "Point", "coordinates": [123.8921255, 10.3109297]}, "properties": {"category": "Health"}}, {"type": "Feature", "geometry": {"type": "Point", "coordinates": [123.9041061, 10.3190505]}, "properties": {"category": "Health"}}, {"type": "Feature", "geometry": {"type": "Point", "coordinates": [123.9057247, 10.3282608]}, "properties": {"category": "Health"}}, {"type": "Feature", "geometry": {"type": "Point", "coordinates": [123.8610891, 10.2863416]}, "properties": {"category": "Health"}}, {"type": "Feature", "geometry": {"type": "Point", "coordinates": [123.8938962, 10.3464523]}, "properties": {"category": "Health"}}, {"type": "Feature", "geometry": {"type": "Point", "coordinates": [123.897527, 10.2957154]}, "properties": {"category": "Health"}}, {"type": "Feature", "geometry": {"type": "Point", "coordinates": [123.8860701, 10.3161051]}, "properties": {"category": "Health"}}, {"type": "Feature", "geometry": {"type": "Point", "coordinates": [123.9164287, 10.3127681]}, "properties": {"category": "Health"}}, {"type": "Feature", "geometry": {"type": "Point", "coordinates": [123.8915141, 10.3149469]}, "properties": {"category": "Health"}}, {"type": "Feature", "geometry": {"type": "Point", "coordinates": [123.8697273, 10.2966203]}, "properties": {"category": "Health"}}, {"type": "Feature", "geometry": {"type": "Point", "coordinates": [123.8985862, 10.2963171]}, "properties": {"category": "Health"}}, {"type": "Feature", "geometry": {"type": "Point", "coordinates": [123.8939964, 10.3099531]}, "properties": {"category": "Health"}}, {"type": "Feature", "geometry": {"type": "Point", "coordinates": [123.8705277, 10.2904559]}, "properties": {"category": "Health"}}, {"type": "Feature", "geometry": {"type": "Point", "coordinates": [123.8999784, 10.2976918]}, "properties": {"category": "Health"}}, {"type": "Feature", "geometry": {"type": "Point", "coordinates": [123.8959601, 10.3075914]}, "properties": {"category": "Health"}}, {"type": "Feature", "geometry": {"type": "Point", "coordinates": [123.9005143, 10.315423]}, "properties": {"category": "Health"}}, {"type": "Feature", "geometry": {"type": "Point", "coordinates": [123.8896, 10.3134327]}, "properties": {"category": "Health"}}, {"type": "Feature", "geometry": {"type": "Point", "coordinates": [123.886326, 10.319208]}, "properties": {"category": "Health"}}, {"type": "Feature", "geometry": {"type": "Point", "coordinates": [123.9151896, 10.3182169]}, "properties": {"category": "Health"}}, {"type": "Feature", "geometry": {"type": "Point", "coordinates": [123.8901511, 10.3030412]}, "properties": {"category": "Health"}}, {"type": "Feature", "geometry": {"type": "Point", "coordinates": [123.8868881, 10.3063432]}, "properties": {"category": "Health"}}, {"type": "Feature", "geometry": {"type": "Point", "coordinates": [123.8944889, 10.3066137]}, "properties": {"category": "Health"}}, {"type": "Feature", "geometry": {"type": "Point", "coordinates": [123.8963701, 10.3070405]}, "properties": {"category": "Health"}}, {"type": "Feature", "geometry": {"type": "Point", "coordinates": [123.8918428, 10.3150509]}, "properties": {"category": "Health"}}, {"type": "Feature", "geometry": {"type": "Point", "coordinates": [123.8953976, 10.298178]}, "properties": {"category": "Health"}}, {"type": "Feature", "geometry": {"type": "Point", "coordinates": [123.9070437, 10.3307927]}, "properties": {"category": "Health"}}, {"type": "Feature", "geometry": {"type": "Point", "coordinates": [123.9040191, 10.3187234]}, "properties": {"category": "Health"}}, {"type": "Feature", "geometry": {"type": "Point", "coordinates": [123.8994622, 10.2968505]}, "properties": {"category": "Health"}}, {"type": "Feature", "geometry": {"type": "Point", "coordinates": [123.8578774, 10.288006]}, "properties": {"category": "Health"}}, {"type": "Feature", "geometry": {"type": "Point", "coordinates": [123.9060727, 10.3170693]}, "properties": {"category": "Health"}}, {"type": "Feature", "geometry": {"type": "Point", "coordinates": [123.9034646, 10.3286754]}, "properties": {"category": "Health"}}, {"type": "Feature", "geometry": {"type": "Point", "coordinates": [123.8939452, 10.3168072]}, "properties": {"category": "Health"}}, {"type": "Feature", "geometry": {"type": "Point", "coordinates": [123.9062157, 10.301764]}, "properties": {"category": "Health"}}, {"type": "Feature", "geometry": {"type": "Point", "coordinates": [123.9150675, 10.3142857]}, "properties": {"category": "Health"}}, {"type": "Feature", "geometry": {"type": "Point", "coordinates": [123.8933665, 10.3106398]}, "properties": {"category": "Health"}}, {"type": "Feature", "geometry": {"type": "Point", "coordinates": [123.884574, 10.3152739]}, "properties": {"category": "Health"}}, {"type": "Feature", "geometry": {"type": "Point", "coordinates": [123.8963228, 10.296599]}, "properties": {"category": "Health"}}, {"type": "Feature", "geometry": {"type": "Point", "coordinates": [123.8860073, 10.319409]}, "properties": {"category": "Health"}}, {"type": "Feature", "geometry": {"type": "Point", "coordinates": [123.8991177, 10.3006373]}, "properties": {"category": "Health"}}, {"type": "Feature", "geometry": {"type": "Point", "coordinates": [123.8976952, 10.3303341]}, "properties": {"category": "Health"}}, {"type": "Feature", "geometry": {"type": "Point", "coordinates": [123.869631, 10.295091]}, "properties": {"category": "Health"}}, {"type": "Feature", "geometry": {"type": "Point", "coordinates": [123.8771181, 10.304022]}, "properties": {"category": "Health"}}, {"type": "Feature", "geometry": {"type": "Point", "coordinates": [123.8976623, 10.3302647]}, "properties": {"category": "Health"}}, {"type": "Feature", "geometry": {"type": "Point", "coordinates": [123.8711071, 10.2896297]}, "properties": {"category": "Health"}}, {"type": "Feature", "geometry": {"type": "Point", "coordinates": [123.9077693, 10.3315496]}, "properties": {"category": "Health"}}, {"type": "Feature", "geometry": {"type": "Point", "coordinates": [123.906432, 10.3301474]}, "properties": {"category": "Health"}}, {"type": "Feature", "geometry": {"type": "Point", "coordinates": [123.9065579, 10.3274187]}, "properties": {"category": "Health"}}, {"type": "Feature", "geometry": {"type": "Point", "coordinates": [123.8945403, 10.3128984]}, "properties": {"category": "Health"}}, {"type": "Feature", "geometry": {"type": "Point", "coordinates": [123.8918866, 10.3109331]}, "properties": {"category": "Health"}}, {"type": "Feature", "geometry": {"type": "Point", "coordinates": [123.9008548, 10.3285748]}, "properties": {"category": "Health"}}, {"type": "Feature", "geometry": {"type": "Point", "coordinates": [123.9114473, 10.3037455]}, "properties": {"category": "Health"}}, {"type": "Feature", "geometry": {"type": "Point", "coordinates": [123.9005135, 10.3115198]}, "properties": {"category": "Health"}}, {"type": "Feature", "geometry": {"type": "Point", "coordinates": [123.8938408, 10.3104177]}, "properties": {"category": "Health"}}, {"type": "Feature", "geometry": {"type": "Point", "coordinates": [123.8980634, 10.295635]}, "properties": {"category": "Health"}}, {"type": "Feature", "geometry": {"type": "Point", "coordinates": [123.8776129, 10.3000584]}, "properties": {"category": "Health"}}, {"type": "Feature", "geometry": {"type": "Point", "coordinates": [123.884884, 10.318736]}, "properties": {"category": "Health"}}, {"type": "Feature", "geometry": {"type": "Point", "coordinates": [123.881079, 10.3291553]}, "properties": {"category": "Health"}}, {"type": "Feature", "geometry": {"type": "Point", "coordinates": [123.8899829, 10.3084436]}, "properties": {"category": "Health"}}, {"type": "Feature", "geometry": {"type": "Point", "coordinates": [123.8728911, 10.2901176]}, "properties": {"category": "Health"}}, {"type": "Feature", "geometry": {"type": "Point", "coordinates": [123.8698545, 10.2944411]}, "properties": {"category": "Health"}}, {"type": "Feature", "geometry": {"type": "Point", "coordinates": [123.8762854, 10.300273]}, "properties": {"category": "Health"}}, {"type": "Feature", "geometry": {"type": "Point", "coordinates": [123.8938285, 10.2983887]}, "properties": {"category": "Health"}}, {"type": "Feature", "geometry": {"type": "Point", "coordinates": [123.9114615, 10.3120383]}, "properties": {"category": "Health"}}, {"type": "Feature", "geometry": {"type": "Point", "coordinates": [123.905612, 10.3019611]}, "properties": {"category": "Health"}}, {"type": "Feature", "geometry": {"type": "Point", "coordinates": [123.8854217, 10.3165227]}, "properties": {"category": "Health"}}, {"type": "Feature", "geometry": {"type": "Point", "coordinates": [123.8695229, 10.3004964]}, "properties": {"category": "Health"}}, {"type": "Feature", "geometry": {"type": "Point", "coordinates": [123.8917189, 10.3110286]}, "properties": {"category": "Health"}}, {"type": "Feature", "geometry": {"type": "Point", "coordinates": [123.8587324, 10.2836215]}, "properties": {"category": "Health"}}, {"type": "Feature", "geometry": {"type": "Point", "coordinates": [123.892207, 10.3164882]}, "properties": {"category": "Health"}}, {"type": "Feature", "geometry": {"type": "Point", "coordinates": [123.8910214, 10.3085421]}, "properties": {"category": "Health"}}, {"type": "Feature", "geometry": {"type": "Point", "coordinates": [123.8807045, 10.2829133]}, "properties": {"category": "Health"}}, {"type": "Feature", "geometry": {"type": "Point", "coordinates": [123.8962804, 10.3181163]}, "properties": {"category": "Health"}}, {"type": "Feature", "geometry": {"type": "Point", "coordinates": [123.9046058, 10.3176994]}, "properties": {"category": "Health"}}, {"type": "Feature", "geometry": {"type": "Point", "coordinates": [123.9058511, 10.3174033]}, "properties": {"category": "Health"}}, {"type": "Feature", "geometry": {"type": "Point", "coordinates": [123.9006624, 10.2977768]}, "properties": {"category": "Health"}}, {"type": "Feature", "geometry": {"type": "Point", "coordinates": [123.895407, 10.297921]}, "properties": {"category": "Health"}}, {"type": "Feature", "geometry": {"type": "Point", "coordinates": [123.8800922, 10.2915289]}, "properties": {"category": "Health"}}, {"type": "Feature", "geometry": {"type": "Point", "coordinates": [123.8930538, 10.3108563]}, "properties": {"category": "Health"}}, {"type": "Feature", "geometry": {"type": "Point", "coordinates": [123.8917749, 10.310899]}, "properties": {"category": "Health"}}, {"type": "Feature", "geometry": {"type": "Point", "coordinates": [123.9113578, 10.3046812]}, "properties": {"category": "Health"}}, {"type": "Feature", "geometry": {"type": "Point", "coordinates": [123.91711, 10.3125]}, "properties": {"category": "Health"}}, {"type": "Feature", "geometry": {"type": "Point", "coordinates": [123.8813908, 10.2820741]}, "properties": {"category": "Health"}}, {"type": "Feature", "geometry": {"type": "Point", "coordinates": [123.8809244, 10.2818458]}, "properties": {"category": "Health"}}, {"type": "Feature", "geometry": {"type": "Point", "coordinates": [123.88075, 10.282605]}, "properties": {"category": "Health"}}, {"type": "Feature", "geometry": {"type": "Point", "coordinates": [123.898674, 10.2966804]}, "properties": {"category": "Health"}}, {"type": "Feature", "geometry": {"type": "Point", "coordinates": [123.9057395, 10.3283134]}, "properties": {"category": "Health"}}, {"type": "Feature", "geometry": {"type": "Point", "coordinates": [123.9058969, 10.3283717]}, "properties": {"category": "Health"}}, {"type": "Feature", "geometry": {"type": "Point", "coordinates": [123.89892, 10.330471]}, "properties": {"category": "Health"}}, {"type": "Feature", "geometry": {"type": "Point", "coordinates": [123.8962337, 10.3180584]}, "properties": {"category": "Health"}}, {"type": "Feature", "geometry": {"type": "Point", "coordinates": [123.9073986, 10.3300893]}, "properties": {"category": "Health"}}, {"type": "Feature", "geometry": {"type": "Point", "coordinates": [123.9005939, 10.2978375]}, "properties": {"category": "Health"}}, {"type": "Feature", "geometry": {"type": "Point", "coordinates": [123.9601511, 10.3751953]}, "properties": {"category": "Health"}}, {"type": "Feature", "geometry": {"type": "Point", "coordinates": [123.9586019, 10.3757942]}, "properties": {"category": "Health"}}, {"type": "Feature", "geometry": {"type": "Point", "coordinates": [123.974908, 10.3849029]}, "properties": {"category": "Health"}}, {"type": "Feature", "geometry": {"type": "Point", "coordinates": [123.9602757, 10.3754043]}, "properties": {"category": "Health"}}, {"type": "Feature", "geometry": {"type": "Point", "coordinates": [123.956674, 10.3761544]}, "properties": {"category": "Health"}}, {"type": "Feature", "geometry": {"type": "Point", "coordinates": [123.980757, 10.361245]}, "properties": {"category": "Health"}}, {"type": "Feature", "geometry": {"type": "Point", "coordinates": [123.9685237, 10.3806649]}, "properties": {"category": "Health"}}, {"type": "Feature", "geometry": {"type": "Point", "coordinates": [123.9519869, 10.3672354]}, "properties": {"category": "Health"}}, {"type": "Feature", "geometry": {"type": "Point", "coordinates": [123.9547748, 10.3735917]}, "properties": {"category": "Health"}}, {"type": "Feature", "geometry": {"type": "Point", "coordinates": [123.9603253, 10.3751551]}, "properties": {"category": "Health"}}, {"type": "Feature", "geometry": {"type": "Point", "coordinates": [123.9601004, 10.3754403]}, "properties": {"category": "Health"}}, {"type": "Feature", "geometry": {"type": "Point", "coordinates": [123.971382, 10.3824423]}, "properties": {"category": "Health"}}, {"type": "Feature", "geometry": {"type": "Point", "coordinates": [123.9657785, 10.3802612]}, "properties": {"category": "Health"}}, {"type": "Feature", "geometry": {"type": "Point", "coordinates": [123.9589731, 10.3764424]}, "properties": {"category": "Health"}}, {"type": "Feature", "geometry": {"type": "Point", "coordinates": [123.9554907, 10.3796059]}, "properties": {"category": "Health"}}, {"type": "Feature", "geometry": {"type": "Point", "coordinates": [123.9624112, 10.3776793]}, "properties": {"category": "Health"}}, {"type": "Feature", "geometry": {"type": "Point", "coordinates": [123.9640798, 10.3650216]}, "properties": {"category": "Health"}}, {"type": "Feature", "geometry": {"type": "Point", "coordinates": [123.9514566, 10.366568]}, "properties": {"category": "Health"}}, {"type": "Feature", "geometry": {"type": "Point", "coordinates": [123.9536704, 10.3707805]}, "properties": {"category": "Health"}}, {"type": "Feature", "geometry": {"type": "Point", "coordinates": [123.9810802, 10.3613171]}, "properties": {"category": "Health"}}, {"type": "Feature", "geometry": {"type": "Point", "coordinates": [123.9573058, 10.3855872]}, "properties": {"category": "Health"}}, {"type": "Feature", "geometry": {"type": "Point", "coordinates": [123.9602952, 10.3752868]}, "properties": {"category": "Health"}}, {"type": "Feature", "geometry": {"type": "Point", "coordinates": [123.9602321, 10.3767689]}, "properties": {"category": "Health"}}, {"type": "Feature", "geometry": {"type": "Point", "coordinates": [123.9685305, 10.3806706]}, "properties": {"category": "Health"}}, {"type": "Feature", "geometry": {"type": "Point", "coordinates": [123.9515217, 10.3665114]}, "properties": {"category": "Health"}}, {"type": "Feature", "geometry": {"type": "Point", "coordinates": [123.9686755, 10.3809927]}, "properties": {"category": "Health"}}, {"type": "Feature", "geometry": {"type": "Point", "coordinates": [123.9592968, 10.373772]}, "properties": {"category": "Health"}}, {"type": "Feature", "geometry": {"type": "Point", "coordinates": [123.9603509, 10.3749495]}, "properties": {"category": "Health"}}, {"type": "Feature", "geometry": {"type": "Point", "coordinates": [123.9677263, 10.3818277]}, "properties": {"category": "Health"}}, {"type": "Feature", "geometry": {"type": "Point", "coordinates": [123.980403, 10.3601553]}, "properties": {"category": "Health"}}, {"type": "Feature", "geometry": {"type": "Point", "coordinates": [123.9602393, 10.3759535]}, "properties": {"category": "Health"}}, {"type": "Feature", "geometry": {"type": "Point", "coordinates": [123.969382, 10.380892]}, "properties": {"category": "Health"}}, {"type": "Feature", "geometry": {"type": "Point", "coordinates": [123.9562254, 10.375612]}, "properties": {"category": "Health"}}, {"type": "Feature", "geometry": {"type": "Point", "coordinates": [123.9515053, 10.366509]}, "properties": {"category": "Health"}}, {"type": "Feature", "geometry": {"type": "Point", "coordinates": [123.9523132, 10.3677356]}, "properties": {"category": "Health"}}, {"type": "Feature", "geometry": {"type": "Point", "coordinates": [123.9665416, 10.3798725]}, "properties": {"category": "Health"}}, {"type": "Feature", "geometry": {"type": "Point", "coordinates": [123.9556292, 10.3789299]}, "properties": {"category": "Health"}}, {"type": "Feature", "geometry": {"type": "Point", "coordinates": [123.9685048, 10.3806565]}, "properties": {"category": "Health"}}, {"type": "Feature", "geometry": {"type": "Point", "coordinates": [123.955482, 10.3801906]}, "properties": {"category": "Health"}}, {"type": "Feature", "geometry": {"type": "Point", "coordinates": [123.9600644, 10.375464]}, "properties": {"category": "Health"}}, {"type": "Feature", "geometry": {"type": "Point", "coordinates": [123.952212, 10.3674359]}, "properties": {"category": "Health"}}, {"type": "Feature", "geometry": {"type": "Point", "coordinates": [123.965815, 10.38042]}, "properties": {"category": "Health"}}, {"type": "Feature", "geometry": {"type": "Point", "coordinates": [123.9808177, 10.3609872]}, "properties": {"category": "Health"}}, {"type": "Feature", "geometry": {"type": "Point", "coordinates": [123.9551745, 10.3739032]}, "properties": {"category": "Health"}}, {"type": "Feature", "geometry": {"type": "Point", "coordinates": [123.9600371, 10.3756415]}, "properties": {"category": "Health"}}, {"type": "Feature", "geometry": {"type": "Point", "coordinates": [123.9500368, 10.3625257]}, "properties": {"category": "Health"}}, {"type": "Feature", "geometry": {"type": "Point", "coordinates": [123.9578604, 10.3760566]}, "properties": {"category": "Health"}}, {"type": "Feature", "geometry": {"type": "Point", "coordinates": [123.9661793, 10.3800186]}, "properties": {"category": "Health"}}, {"type": "Feature", "geometry": {"type": "Point", "coordinates": [123.962331, 10.381679]}, "properties": {"category": "Health"}}, {"type": "Feature", "geometry": {"type": "Point", "coordinates": [123.9592079, 10.3749519]}, "properties": {"category": "Health"}}, {"type": "Feature", "geometry": {"type": "Point", "coordinates": [123.964149, 10.380639]}, "properties": {"category": "Health"}}, {"type": "Feature", "geometry": {"type": "Point", "coordinates": [123.9569043, 10.3757354]}, "properties": {"category": "Health"}}, {"type": "Feature", "geometry": {"type": "Point", "coordinates": [123.9550629, 10.3319565]}, "properties": {"category": "Health"}}, {"type": "Feature", "geometry": {"type": "Point", "coordinates": [123.956254, 10.303238]}, "properties": {"category": "Health"}}, {"type": "Feature", "geometry": {"type": "Point", "coordinates": [123.9642051, 10.2785318]}, "properties": {"category": "Health"}}, {"type": "Feature", "geometry": {"type": "Point", "coordinates": [123.9686523, 10.2864727]}, "properties": {"category": "Health"}}, {"type": "Feature", "geometry": {"type": "Point", "coordinates": [123.9407943, 10.3268399]}, "properties": {"category": "Health"}}, {"type": "Feature", "geometry": {"type": "Point", "coordinates": [123.9972694, 10.3159562]}, "properties": {"category": "Health"}}, {"type": "Feature", "geometry": {"type": "Point", "coordinates": [123.9744828, 10.276767]}, "properties": {"category": "Health"}}, {"type": "Feature", "geometry": {"type": "Point", "coordinates": [123.9506494, 10.3104978]}, "properties": {"category": "Health"}}, {"type": "Feature", "geometry": {"type": "Point", "coordinates": [123.9418755, 10.3284926]}, "properties": {"category": "Health"}}, {"type": "Feature", "geometry": {"type": "Point", "coordinates": [123.9523458, 10.3129202]}, "properties": {"category": "Health"}}, {"type": "Feature", "geometry": {"type": "Point", "coordinates": [123.943102, 10.3295389]}, "properties": {"category": "Health"}}, {"type": "Feature", "geometry": {"type": "Point", "coordinates": [123.96734, 10.2899719]}, "properties": {"category": "Health"}}, {"type": "Feature", "geometry": {"type": "Point", "coordinates": [123.952057, 10.3109439]}, "properties": {"category": "Health"}}, {"type": "Feature", "geometry": {"type": "Point", "coordinates": [123.9515365, 10.3025446]}, "properties": {"category": "Health"}}, {"type": "Feature", "geometry": {"type": "Point", "coordinates": [124.0099235, 10.3075024]}, "properties": {"category": "Health"}}, {"type": "Feature", "geometry": {"type": "Point", "coordinates": [123.9498672, 10.3118605]}, "properties": {"category": "Health"}}, {"type": "Feature", "geometry": {"type": "Point", "coordinates": [123.940767, 10.3272844]}, "properties": {"category": "Health"}}, {"type": "Feature", "geometry": {"type": "Point", "coordinates": [123.9516643, 10.3128774]}, "properties": {"category": "Health"}}, {"type": "Feature", "geometry": {"type": "Point", "coordinates": [123.947258, 10.3298839]}, "properties": {"category": "Health"}}, {"type": "Feature", "geometry": {"type": "Point", "coordinates": [123.9513816, 10.3022439]}, "properties": {"category": "Health"}}, {"type": "Feature", "geometry": {"type": "Point", "coordinates": [123.9452832, 10.3263948]}, "properties": {"category": "Health"}}, {"type": "Feature", "geometry": {"type": "Point", "coordinates": [123.9638705, 10.2983027]}, "properties": {"category": "Health"}}, {"type": "Feature", "geometry": {"type": "Point", "coordinates": [123.9182793, 10.3143498]}, "properties": {"category": "Health"}}, {"type": "Feature", "geometry": {"type": "Point", "coordinates": [123.9178164, 10.3114191]}, "properties": {"category": "Health"}}, {"type": "Feature", "geometry": {"type": "Point", "coordinates": [123.9560028, 10.3130988]}, "properties": {"category": "Health"}}, {"type": "Feature", "geometry": {"type": "Point", "coordinates": [123.9491175, 10.3111441]}, "properties": {"category": "Health"}}, {"type": "Feature", "geometry": {"type": "Point", "coordinates": [123.962334, 10.301176]}, "properties": {"category": "Health"}}, {"type": "Feature", "geometry": {"type": "Point", "coordinates": [123.9629131, 10.3167793]}, "properties": {"category": "Health"}}, {"type": "Feature", "geometry": {"type": "Point", "coordinates": [123.9703773, 10.28648]}, "properties": {"category": "Health"}}, {"type": "Feature", "geometry": {"type": "Point", "coordinates": [123.9424781, 10.3283989]}, "properties": {"category": "Health"}}, {"type": "Feature", "geometry": {"type": "Point", "coordinates": [123.9652712, 10.2998457]}, "properties": {"category": "Health"}}, {"type": "Feature", "geometry": {"type": "Point", "coordinates": [123.9775545, 10.3262613]}, "properties": {"category": "Health"}}, {"type": "Feature", "geometry": {"type": "Point", "coordinates": [123.9451379, 10.2901171]}, "properties": {"category": "Health"}}, {"type": "Feature", "geometry": {"type": "Point", "coordinates": [123.9757859, 10.3262547]}, "properties": {"category": "Health"}}, {"type": "Feature", "geometry": {"type": "Point", "coordinates": [123.9833355, 10.3232661]}, "properties": {"category": "Health"}}, {"type": "Feature", "geometry": {"type": "Point", "coordinates": [123.9776786, 10.3260327]}, "properties": {"category": "Health"}}, {"type": "Feature", "geometry": {"type": "Point", "coordinates": [123.9411258, 10.3283204]}, "properties": {"category": "Health"}}, {"type": "Feature", "geometry": {"type": "Point", "coordinates": [123.9511573, 10.3125536]}, "properties": {"category": "Health"}}, {"type": "Feature", "geometry": {"type": "Point", "coordinates": [123.9444244, 10.2788823]}, "properties": {"category": "Health"}}, {"type": "Feature", "geometry": {"type": "Point", "coordinates": [123.9628738, 10.2998929]}, "properties": {"category": "Health"}}, {"type": "Feature", "geometry": {"type": "Point", "coordinates": [123.9710372, 10.2859466]}, "properties": {"category": "Health"}}, {"type": "Feature", "geometry": {"type": "Point", "coordinates": [123.9783207, 10.2993824]}, "properties": {"category": "Health"}}, {"type": "Feature", "geometry": {"type": "Point", "coordinates": [123.924148, 10.323048]}, "properties": {"category": "Health"}}, {"type": "Feature", "geometry": {"type": "Point", "coordinates": [123.9574642, 10.3135789]}, "properties": {"category": "Health"}}, {"type": "Feature", "geometry": {"type": "Point", "coordinates": [123.9621826, 10.3012087]}, "properties": {"category": "Health"}}, {"type": "Feature", "geometry": {"type": "Point", "coordinates": [123.9645104, 10.2960452]}, "properties": {"category": "Health"}}, {"type": "Feature", "geometry": {"type": "Point", "coordinates": [123.9511321, 10.3125568]}, "properties": {"category": "Health"}}, {"type": "Feature", "geometry": {"type": "Point", "coordinates": [123.9629098, 10.3165732]}, "properties": {"category": "Health"}}, {"type": "Feature", "geometry": {"type": "Point", "coordinates": [123.9517264, 10.3112342]}, "properties": {"category": "Health"}}, {"type": "Feature", "geometry": {"type": "Point", "coordinates": [123.9758581, 10.3265828]}, "properties": {"category": "Health"}}, {"type": "Feature", "geometry": {"type": "Point", "coordinates": [123.9956883, 10.2846059]}, "properties": {"category": "Health"}}, {"type": "Feature", "geometry": {"type": "Point", "coordinates": [124.0124837, 10.3077692]}, "properties": {"category": "Health"}}, {"type": "Feature", "geometry": {"type": "Point", "coordinates": [123.9788047, 10.3266565]}, "properties": {"category": "Health"}}, {"type": "Feature", "geometry": {"type": "Point", "coordinates": [123.933979, 10.324902]}, "properties": {"category": "Health"}}, {"type": "Feature", "geometry": {"type": "Point", "coordinates": [123.977883, 10.326015]}, "properties": {"category": "Health"}}, {"type": "Feature", "geometry": {"type": "Point", "coordinates": [123.9975025, 10.2864607]}, "properties": {"category": "Health"}}, {"type": "Feature", "geometry": {"type": "Point", "coordinates": [123.9633583, 10.3007463]}, "properties": {"category": "Health"}}, {"type": "Feature", "geometry": {"type": "Point", "coordinates": [123.9183318, 10.3117152]}, "properties": {"category": "Health"}}, {"type": "Feature", "geometry": {"type": "Point", "coordinates": [123.91792, 10.312277]}, "properties": {"category": "Health"}}, {"type": "Feature", "geometry": {"type": "Point", "coordinates": [123.918449, 10.3116907]}, "properties": {"category": "Health"}}, {"type": "Feature", "geometry": {"type": "Point", "coordinates": [123.9239117, 10.3152079]}, "properties": {"category": "Health"}}, {"type": "Feature", "geometry": {"type": "Point", "coordinates": [123.9632058, 10.3006288]}, "properties": {"category": "Health"}}, {"type": "Feature", "geometry": {"type": "Point", "coordinates": [123.9423094, 10.3285454]}, "properties": {"category": "Health"}}, {"type": "Feature", "geometry": {"type": "Point", "coordinates": [123.9956474, 10.2845848]}, "properties": {"category": "Health"}}, {"type": "Feature", "geometry": {"type": "Point", "coordinates": [123.9376353, 10.3203127]}, "properties": {"category": "Health"}}, {"type": "Feature", "geometry": {"type": "Point", "coordinates": [124.0123918, 10.3076726]}, "properties": {"category": "Health"}}, {"type": "Feature", "geometry": {"type": "Point", "coordinates": [123.9837932, 10.2963086]}, "properties": {"category": "Health"}}, {"type": "Feature", "geometry": {"type": "Point", "coordinates": [123.9307303, 10.3154015]}, "properties": {"category": "Health"}}, {"type": "Feature", "geometry": {"type": "Point", "coordinates": [123.9322227, 10.3680756]}, "properties": {"category": "Health"}}, {"type": "Feature", "geometry": {"type": "Point", "coordinates": [123.9151546, 10.3685092]}, "properties": {"category": "Health"}}, {"type": "Feature", "geometry": {"type": "Point", "coordinates": [123.9238366, 10.3242317]}, "properties": {"category": "Health"}}, {"type": "Feature", "geometry": {"type": "Point", "coordinates": [123.9332539, 10.342357]}, "properties": {"category": "Health"}}, {"type": "Feature", "geometry": {"type": "Point", "coordinates": [123.9495503, 10.3613395]}, "properties": {"category": "Health"}}, {"type": "Feature", "geometry": {"type": "Point", "coordinates": [123.9212228, 10.3865064]}, "properties": {"category": "Health"}}, {"type": "Feature", "geometry": {"type": "Point", "coordinates": [123.933224, 10.334868]}, "properties": {"category": "Health"}}, {"type": "Feature", "geometry": {"type": "Point", "coordinates": [123.9333333, 10.3333333]}, "properties": {"category": "Health"}}, {"type": "Feature", "geometry": {"type": "Point", "coordinates": [123.9162269, 10.3687904]}, "properties": {"category": "Health"}}, {"type": "Feature", "geometry": {"type": "Point", "coordinates": [123.950139, 10.354986]}, "properties": {"category": "Health"}}, {"type": "Feature", "geometry": {"type": "Point", "coordinates": [123.939029, 10.334906]}, "properties": {"category": "Health"}}, {"type": "Feature", "geometry": {"type": "Point", "coordinates": [123.9201929, 10.3415248]}, "properties": {"category": "Health"}}, {"type": "Feature", "geometry": {"type": "Point", "coordinates": [123.9192635, 10.3699898]}, "properties": {"category": "Health"}}, {"type": "Feature", "geometry": {"type": "Point", "coordinates": [123.950501, 10.335625]}, "properties": {"category": "Health"}}, {"type": "Feature", "geometry": {"type": "Point", "coordinates": [123.949476, 10.3619428]}, "properties": {"category": "Health"}}, {"type": "Feature", "geometry": {"type": "Point", "coordinates": [123.9290196, 10.3268896]}, "properties": {"category": "Health"}}, {"type": "Feature", "geometry": {"type": "Point", "coordinates": [123.925271, 10.3395591]}, "properties": {"category": "Health"}}, {"type": "Feature", "geometry": {"type": "Point", "coordinates": [123.9198078, 10.3256085]}, "properties": {"category": "Health"}}, {"type": "Feature", "geometry": {"type": "Point", "coordinates": [123.931084, 10.3453604]}, "properties": {"category": "Health"}}, {"type": "Feature", "geometry": {"type": "Point", "coordinates": [123.913619, 10.365944]}, "properties": {"category": "Health"}}, {"type": "Feature", "geometry": {"type": "Point", "coordinates": [123.9365322, 10.3326414]}, "properties": {"category": "Health"}}, {"type": "Feature", "geometry": {"type": "Point", "coordinates": [123.9484509, 10.3501417]}, "properties": {"category": "Health"}}, {"type": "Feature", "geometry": {"type": "Point", "coordinates": [123.9154872, 10.3612189]}, "properties": {"category": "Health"}}, {"type": "Feature", "geometry": {"type": "Point", "coordinates": [123.9176173, 10.3264047]}, "properties": {"category": "Health"}}, {"type": "Feature", "geometry": {"type": "Point", "coordinates": [123.9214414, 10.3281659]}, "properties": {"category": "Health"}}, {"type": "Feature", "geometry": {"type": "Point", "coordinates": [123.9091608, 10.3452138]}, "properties": {"category": "Health"}}, {"type": "Feature", "geometry": {"type": "Point", "coordinates": [123.9118061, 10.3387863]}, "properties": {"category": "Health"}}, {"type": "Feature", "geometry": {"type": "Point", "coordinates": [123.9481693, 10.3459328]}, "properties": {"category": "Health"}}, {"type": "Feature", "geometry": {"type": "Point", "coordinates": [123.934021, 10.3352457]}, "properties": {"category": "Health"}}, {"type": "Feature", "geometry": {"type": "Point", "coordinates": [123.9128691, 10.3454758]}, "properties": {"category": "Health"}}, {"type": "Feature", "geometry": {"type": "Point", "coordinates": [123.9128969, 10.3409428]}, "properties": {"category": "Health"}}, {"type": "Feature", "geometry": {"type": "Point", "coordinates": [123.9213899, 10.3281973]}, "properties": {"category": "Health"}}, {"type": "Feature", "geometry": {"type": "Point", "coordinates": [123.9326829, 10.3666773]}, "properties": {"category": "Health"}}, {"type": "Feature", "geometry": {"type": "Point", "coordinates": [123.9491025, 10.3514483]}, "properties": {"category": "Health"}}, {"type": "Feature", "geometry": {"type": "Point", "coordinates": [123.938855, 10.3360229]}, "properties": {"category": "Health"}}, {"type": "Feature", "geometry": {"type": "Point", "coordinates": [123.948593, 10.343235]}, "properties": {"category": "Health"}}, {"type": "Feature", "geometry": {"type": "Point", "coordinates": [123.9252296, 10.3495252]}, "properties": {"category": "Health"}}, {"type": "Feature", "geometry": {"type": "Point", "coordinates": [123.9358247, 10.3316249]}, "properties": {"category": "Health"}}, {"type": "Feature", "geometry": {"type": "Point", "coordinates": [123.9334453, 10.3676551]}, "properties": {"category": "Health"}}, {"type": "Feature", "geometry": {"type": "Point", "coordinates": [123.9113027, 10.3384748]}, "properties": {"category": "Health"}}, {"type": "Feature", "geometry": {"type": "Point", "coordinates": [123.9190043, 10.3433602]}, "properties": {"category": "Health"}}, {"type": "Feature", "geometry": {"type": "Point", "coordinates": [123.9483897, 10.3404582]}, "properties": {"category": "Health"}}, {"type": "Feature", "geometry": {"type": "Point", "coordinates": [123.9489597, 10.3627011]}, "properties": {"category": "Health"}}, {"type": "Feature", "geometry": {"type": "Point", "coordinates": [123.9489115, 10.3626591]}, "properties": {"category": "Health"}}, {"type": "Feature", "geometry": {"type": "Point", "coordinates": [123.938991, 10.3353672]}, "properties": {"category": "Health"}}, {"type": "Feature", "geometry": {"type": "Point", "coordinates": [123.934111, 10.33546]}, "properties": {"category": "Health"}}, {"type": "Feature", "geometry": {"type": "Point", "coordinates": [123.934111, 10.33546]}, "properties": {"category": "Health"}}, {"type": "Feature", "geometry": {"type": "Point", "coordinates": [123.9138799, 10.3506798]}, "properties": {"category": "Health"}}, {"type": "Feature", "geometry": {"type": "Point", "coordinates": [123.8392525, 10.2542345]}, "properties": {"category": "Health"}}, {"type": "Feature", "geometry": {"type": "Point", "coordinates": [123.8562555, 10.2691559]}, "properties": {"category": "Health"}}, {"type": "Feature", "geometry": {"type": "Point", "coordinates": [123.8381421, 10.2373761]}, "properties": {"category": "Health"}}, {"type": "Feature", "geometry": {"type": "Point", "coordinates": [123.8388554, 10.2489783]}, "properties": {"category": "Health"}}, {"type": "Feature", "geometry": {"type": "Point", "coordinates": [123.8232252, 10.2588966]}, "properties": {"category": "Health"}}, {"type": "Feature", "geometry": {"type": "Point", "coordinates": [123.8534061, 10.2777585]}, "properties": {"category": "Health"}}, {"type": "Feature", "geometry": {"type": "Point", "coordinates": [123.8561, 10.279776]}, "properties": {"category": "Health"}}, {"type": "Feature", "geometry": {"type": "Point", "coordinates": [123.8448932, 10.2457944]}, "properties": {"category": "Health"}}, {"type": "Feature", "geometry": {"type": "Point", "coordinates": [123.8561786, 10.2702128]}, "properties": {"category": "Health"}}, {"type": "Feature", "geometry": {"type": "Point", "coordinates": [123.8394751, 10.2434523]}, "properties": {"category": "Health"}}, {"type": "Feature", "geometry": {"type": "Point", "coordinates": [123.8563306, 10.2695989]}, "properties": {"category": "Health"}}, {"type": "Feature", "geometry": {"type": "Point", "coordinates": [123.8569078, 10.2736778]}, "properties": {"category": "Health"}}, {"type": "Feature", "geometry": {"type": "Point", "coordinates": [123.8294623, 10.2519787]}, "properties": {"category": "Health"}}, {"type": "Feature", "geometry": {"type": "Point", "coordinates": [123.860025, 10.274879]}, "properties": {"category": "Health"}}, {"type": "Feature", "geometry": {"type": "Point", "coordinates": [123.840016, 10.25808]}, "properties": {"category": "Health"}}, {"type": "Feature", "geometry": {"type": "Point", "coordinates": [123.8566507, 10.2800958]}, "properties": {"category": "Health"}}, {"type": "Feature", "geometry": {"type": "Point", "coordinates": [123.8085944, 10.2467746]}, "properties": {"category": "Health"}}, {"type": "Feature", "geometry": {"type": "Point", "coordinates": [123.8387497, 10.2539683]}, "properties": {"category": "Health"}}, {"type": "Feature", "geometry": {"type": "Point", "coordinates": [123.8391747, 10.2541734]}, "properties": {"category": "Health"}}, {"type": "Feature", "geometry": {"type": "Point", "coordinates": [123.837072, 10.2377751]}, "properties": {"category": "Health"}}, {"type": "Feature", "geometry": {"type": "Point", "coordinates": [123.8626953, 10.2788181]}, "properties": {"category": "Health"}}, {"type": "Feature", "geometry": {"type": "Point", "coordinates": [123.8122003, 10.2445739]}, "properties": {"category": "Health"}}, {"type": "Feature", "geometry": {"type": "Point", "coordinates": [123.8262592, 10.2595347]}, "properties": {"category": "Health"}}, {"type": "Feature", "geometry": {"type": "Point", "coordinates": [123.8250992, 10.2616042]}, "properties": {"category": "Health"}}, {"type": "Feature", "geometry": {"type": "Point", "coordinates": [123.8498339, 10.2451132]}, "properties": {"category": "Health"}}, {"type": "Feature", "geometry": {"type": "Point", "coordinates": [123.8248099, 10.2458307]}, "properties": {"category": "Health"}}, {"type": "Feature", "geometry": {"type": "Point", "coordinates": [123.8391061, 10.2542706]}, "properties": {"category": "Health"}}, {"type": "Feature", "geometry": {"type": "Point", "coordinates": [123.8532107, 10.2775407]}, "properties": {"category": "Health"}}, {"type": "Feature", "geometry": {"type": "Point", "coordinates": [123.8392995, 10.2462361]}, "properties": {"category": "Health"}}, {"type": "Feature", "geometry": {"type": "Point", "coordinates": [123.8386941, 10.2538432]}, "properties": {"category": "Health"}}, {"type": "Feature", "geometry": {"type": "Point", "coordinates": [123.8571254, 10.2662561]}, "properties": {"category": "Health"}}, {"type": "Feature", "geometry": {"type": "Point", "coordinates": [123.824042, 10.2395186]}, "properties": {"category": "Health"}}, {"type": "Feature", "geometry": {"type": "Point", "coordinates": [123.8550273, 10.2494648]}, "properties": {"category": "Health"}}, {"type": "Feature", "geometry": {"type": "Point", "coordinates": [123.8561926, 10.2665823]}, "properties": {"category": "Health"}}, {"type": "Feature", "geometry": {"type": "Point", "coordinates": [123.856341, 10.25025]}, "properties": {"category": "Health"}}, {"type": "Feature", "geometry": {"type": "Point", "coordinates": [123.8248229, 10.2458557]}, "properties": {"category": "Health"}}, {"type": "Feature", "geometry": {"type": "Point", "coordinates": [123.8382938, 10.2641212]}, "properties": {"category": "Health"}}, {"type": "Feature", "geometry": {"type": "Point", "coordinates": [123.855695, 10.280121]}, "properties": {"category": "Health"}}, {"type": "Feature", "geometry": {"type": "Point", "coordinates": [123.8574615, 10.2763605]}, "properties": {"category": "Health"}}, {"type": "Feature", "geometry": {"type": "Point", "coordinates": [123.8608476, 10.2532255]}, "properties": {"category": "Health"}}, {"type": "Feature", "geometry": {"type": "Point", "coordinates": [123.8392931, 10.2449308]}, "properties": {"category": "Health"}}, {"type": "Feature", "geometry": {"type": "Point", "coordinates": [123.839283, 10.2541392]}, "properties": {"category": "Health"}}, {"type": "Feature", "geometry": {"type": "Point", "coordinates": [123.8405644, 10.2484323]}, "properties": {"category": "Health"}}, {"type": "Feature", "geometry": {"type": "Point", "coordinates": [123.8402213, 10.2485033]}, "properties": {"category": "Health"}}, {"type": "Feature", "geometry": {"type": "Point", "coordinates": [123.8291447, 10.2526305]}, "properties": {"category": "Health"}}, {"type": "Feature", "geometry": {"type": "Point", "coordinates": [123.8561512, 10.267152]}, "properties": {"category": "Health"}}, {"type": "Feature", "geometry": {"type": "Point", "coordinates": [123.8391975, 10.2538957]}, "properties": {"category": "Health"}}, {"type": "Feature", "geometry": {"type": "Point", "coordinates": [123.8128588, 10.2559655]}, "properties": {"category": "Health"}}, {"type": "Feature", "geometry": {"type": "Point", "coordinates": [123.8256182, 10.2496733]}, "properties": {"category": "Health"}}, {"type": "Feature", "geometry": {"type": "Point", "coordinates": [123.8121866, 10.244572]}, "properties": {"category": "Health"}}, {"type": "Feature", "geometry": {"type": "Point", "coordinates": [123.8387965, 10.2489997]}, "properties": {"category": "Health"}}, {"type": "Feature", "geometry": {"type": "Point", "coordinates": [123.8541782, 10.2785686]}, "properties": {"category": "Health"}}, {"type": "Feature", "geometry": {"type": "Point", "coordinates": [123.855781, 10.2802598]}, "properties": {"category": "Health"}}, {"type": "Feature", "geometry": {"type": "Point", "coordinates": [123.8486865, 10.2727786]}, "properties": {"category": "Health"}}, {"type": "Feature", "geometry": {"type": "Point", "coordinates": [123.809141, 10.2540982]}, "properties": {"category": "Health"}}, {"type": "Feature", "geometry": {"type": "Point", "coordinates": [123.7957287, 10.245186]}, "properties": {"category": "Health"}}, {"type": "Feature", "geometry": {"type": "Point", "coordinates": [123.839151, 10.263014]}, "properties": {"category": "Health"}}, {"type": "Feature", "geometry": {"type": "Point", "coordinates": [123.8401454, 10.2644606]}, "properties": {"category": "Health"}}, {"type": "Feature", "geometry": {"type": "Point", "coordinates": [123.8538102, 10.2694204]}, "properties": {"category": "Health"}}, {"type": "Feature", "geometry": {"type": "Point", "coordinates": [123.8564081, 10.2805337]}, "properties": {"category": "Health"}}, {"type": "Feature", "geometry": {"type": "Point", "coordinates": [123.8246231, 10.2461362]}, "properties": {"category": "Health"}}, {"type": "Feature", "geometry": {"type": "Point", "coordinates": [123.8310996, 10.2432506]}, "properties": {"category": "Health"}}, {"type": "Feature", "geometry": {"type": "Point", "coordinates": [123.8474692, 10.2426578]}, "properties": {"category": "Health"}}, {"type": "Feature", "geometry": {"type": "Point", "coordinates": [123.8565611, 10.2713899]}, "properties": {"category": "Health"}}, {"type": "Feature", "geometry": {"type": "Point", "coordinates": [123.8469076, 10.2440481]}, "properties": {"category": "Health"}}, {"type": "Feature", "geometry": {"type": "Point", "coordinates": [123.8522665, 10.2770913]}, "properties": {"category": "Health"}}, {"type": "Feature", "geometry": {"type": "Point", "coordinates": [123.825869, 10.258967]}, "properties": {"category": "Health"}}, {"type": "Feature", "geometry": {"type": "Point", "coordinates": [123.855959, 10.2806291]}, "properties": {"category": "Health"}}, {"type": "Feature", "geometry": {"type": "Point", "coordinates": [123.8564388, 10.2699146]}, "properties": {"category": "Health"}}, {"type": "Feature", "geometry": {"type": "Point", "coordinates": [123.8550588, 10.2804182]}, "properties": {"category": "Health"}}, {"type": "Feature", "geometry": {"type": "Point", "coordinates": [123.8395016, 10.2434627]}, "properties": {"category": "Health"}}, {"type": "Feature", "geometry": {"type": "Point", "coordinates": [123.8595015, 10.2571044]}, "properties": {"category": "Health"}}, {"type": "Feature", "geometry": {"type": "Point", "coordinates": [123.8596153, 10.2747041]}, "properties": {"category": "Health"}}, {"type": "Feature", "geometry": {"type": "Point", "coordinates": [123.8052483, 10.2510473]}, "properties": {"category": "Health"}}, {"type": "Feature", "geometry": {"type": "Point", "coordinates": [123.8175659, 10.2580586]}, "properties": {"category": "Health"}}, {"type": "Feature", "geometry": {"type": "Point", "coordinates": [123.8393286, 10.2631221]}, "properties": {"category": "Health"}}, {"type": "Feature", "geometry": {"type": "Point", "coordinates": [123.8393085, 10.2447759]}, "properties": {"category": "Health"}}, {"type": "Feature", "geometry": {"type": "Point", "coordinates": [123.841999, 10.265523]}, "properties": {"category": "Health"}}, {"type": "Feature", "geometry": {"type": "Point", "coordinates": [123.8561125, 10.2689535]}, "properties": {"category": "Health"}}, {"type": "Feature", "geometry": {"type": "Point", "coordinates": [123.838831, 10.263724]}, "properties": {"category": "Health"}}, {"type": "Feature", "geometry": {"type": "Point", "coordinates": [123.8115507, 10.255558]}, "properties": {"category": "Health"}}, {"type": "Feature", "geometry": {"type": "Point", "coordinates": [123.8490868, 10.2736325]}, "properties": {"category": "Health"}}, {"type": "Feature", "geometry": {"type": "Point", "coordinates": [123.8410878, 10.2627658]}, "properties": {"category": "Health"}}, {"type": "Feature", "geometry": {"type": "Point", "coordinates": [123.8547995, 10.2787271]}, "properties": {"category": "Health"}}, {"type": "Feature", "geometry": {"type": "Point", "coordinates": [123.8382761, 10.2623226]}, "properties": {"category": "Health"}}, {"type": "Feature", "geometry": {"type": "Point", "coordinates": [123.8000336, 10.2472097]}, "properties": {"category": "Health"}}, {"type": "Feature", "geometry": {"type": "Point", "coordinates": [123.8177583, 10.2576609]}, "properties": {"category": "Health"}}, {"type": "Feature", "geometry": {"type": "Point", "coordinates": [123.8394714, 10.2543238]}, "properties": {"category": "Health"}}, {"type": "Feature", "geometry": {"type": "Point", "coordinates": [123.856693, 10.2739361]}, "properties": {"category": "Health"}}, {"type": "Feature", "geometry": {"type": "Point", "coordinates": [123.829781, 10.2598349]}, "properties": {"category": "Health"}}, {"type": "Feature", "geometry": {"type": "Point", "coordinates": [123.8266022, 10.2513058]}, "properties": {"category": "Health"}}, {"type": "Feature", "geometry": {"type": "Point", "coordinates": [123.8283389, 10.2460727]}, "properties": {"category": "Health"}}, {"type": "Feature", "geometry": {"type": "Point", "coordinates": [123.8567389, 10.2743342]}, "properties": {"category": "Health"}}, {"type": "Feature", "geometry": {"type": "Point", "coordinates": [123.8517094, 10.2760564]}, "properties": {"category": "Health"}}, {"type": "Feature", "geometry": {"type": "Point", "coordinates": [123.8556794, 10.2800171]}, "properties": {"category": "Health"}}, {"type": "Feature", "geometry": {"type": "Point", "coordinates": [123.8240658, 10.2388999]}, "properties": {"category": "Health"}}, {"type": "Feature", "geometry": {"type": "Point", "coordinates": [123.8305548, 10.2521313]}, "properties": {"category": "Health"}}, {"type": "Feature", "geometry": {"type": "Point", "coordinates": [123.8560652, 10.2795]}, "properties": {"category": "Health"}}, {"type": "Feature", "geometry": {"type": "Point", "coordinates": [123.8411197, 10.2604798]}, "properties": {"category": "Health"}}, {"type": "Feature", "geometry": {"type": "Point", "coordinates": [123.838032, 10.264223]}, "properties": {"category": "Health"}}, {"type": "Feature", "geometry": {"type": "Point", "coordinates": [123.8602083, 10.2748463]}, "properties": {"category": "Health"}}, {"type": "Feature", "geometry": {"type": "Point", "coordinates": [123.8388294, 10.2489078]}, "properties": {"category": "Health"}}, {"type": "Feature", "geometry": {"type": "Point", "coordinates": [123.8486836, 10.2439191]}, "properties": {"category": "Health"}}, {"type": "Feature", "geometry": {"type": "Point", "coordinates": [123.8554732, 10.2788724]}, "properties": {"category": "Health"}}, {"type": "Feature", "geometry": {"type": "Point", "coordinates": [123.8260041, 10.2501219]}, "properties": {"category": "Health"}}, {"type": "Feature", "geometry": {"type": "Point", "coordinates": [123.8770962, 10.2651402]}, "properties": {"category": "Health"}}, {"type": "Feature", "geometry": {"type": "Point", "coordinates": [123.8417354, 10.2654724]}, "properties": {"category": "Health"}}, {"type": "Feature", "geometry": {"type": "Point", "coordinates": [123.7927264, 10.2443671]}, "properties": {"category": "Health"}}, {"type": "Feature", "geometry": {"type": "Point", "coordinates": [123.8382735, 10.2623336]}, "properties": {"category": "Health"}}, {"type": "Feature", "geometry": {"type": "Point", "coordinates": [123.8436342, 10.2668904]}, "properties": {"category": "Health"}}, {"type": "Feature", "geometry": {"type": "Point", "coordinates": [123.8570472, 10.2819707]}, "properties": {"category": "Health"}}, {"type": "Feature", "geometry": {"type": "Point", "coordinates": [123.8494601, 10.2448828]}, "properties": {"category": "Health"}}, {"type": "Feature", "geometry": {"type": "Point", "coordinates": [123.8494952, 10.2448921]}, "properties": {"category": "Health"}}, {"type": "Feature", "geometry": {"type": "Point", "coordinates": [123.8242563, 10.2446828]}, "properties": {"category": "Health"}}, {"type": "Feature", "geometry": {"type": "Point", "coordinates": [123.9632473, 10.3778511]}, "properties": {"category": "Hospitals"}}, {"type": "Feature", "geometry": {"type": "Point", "coordinates": [123.9033159, 10.3374922]}, "properties": {"category": "Hospitals"}}, {"type": "Feature", "geometry": {"type": "Point", "coordinates": [123.9271891, 10.3238134]}, "properties": {"category": "Hospitals"}}, {"type": "Feature", "geometry": {"type": "Point", "coordinates": [123.9047573, 10.3100161]}, "properties": {"category": "Hospitals"}}, {"type": "Feature", "geometry": {"type": "Point", "coordinates": [123.8041193, 10.2490162]}, "properties": {"category": "Hospitals"}}, {"type": "Feature", "geometry": {"type": "Point", "coordinates": [123.9544111, 10.3396634]}, "properties": {"category": "Hospitals"}}, {"type": "Feature", "geometry": {"type": "Point", "coordinates": [123.888146, 10.3166507]}, "properties": {"category": "Hospitals"}}, {"type": "Feature", "geometry": {"type": "Point", "coordinates": [123.9292989, 10.3414165]}, "properties": {"category": "Hospitals"}}, {"type": "Feature", "geometry": {"type": "Point", "coordinates": [123.9542194, 10.3383581]}, "properties": {"category": "Hospitals"}}, {"type": "Feature", "geometry": {"type": "Point", "coordinates": [123.915138, 10.3471198]}, "properties": {"category": "Hospitals"}}, {"type": "Feature", "geometry": {"type": "Point", "coordinates": [123.8923279, 10.3087503]}, "properties": {"category": "Hospitals"}}, {"type": "Feature", "geometry": {"type": "Point", "coordinates": [123.8948046, 10.3020176]}, "properties": {"category": "Hospitals"}}, {"type": "Feature", "geometry": {"type": "Point", "coordinates": [123.9427931, 10.323425]}, "properties": {"category": "Hospitals"}}, {"type": "Feature", "geometry": {"type": "Point", "coordinates": [123.9434626, 10.3291225]}, "properties": {"category": "Hospitals"}}, {"type": "Feature", "geometry": {"type": "Point", "coordinates": [123.8876669, 10.2960515]}, "properties": {"category": "Hospitals"}}, {"type": "Feature", "geometry": {"type": "Point", "coordinates": [123.9514822, 10.3346574]}, "properties": {"category": "Hospitals"}}, {"type": "Feature", "geometry": {"type": "Point", "coordinates": [123.9682693, 10.3817943]}, "properties": {"category": "Hospitals"}}, {"type": "Feature", "geometry": {"type": "Point", "coordinates": [123.8385335, 10.2537063]}, "properties": {"category": "Hospitals"}}, {"type": "Feature", "geometry": {"type": "Point", "coordinates": [123.8710002, 10.2863636]}, "properties": {"category": "Hospitals"}}, {"type": "Feature", "geometry": {"type": "Point", "coordinates": [123.9507694, 10.3015221]}, "properties": {"category": "Hospitals"}}, {"type": "Feature", "geometry": {"type": "Point", "coordinates": [123.9316302, 10.3227685]}, "properties": {"category": "Hospitals"}}, {"type": "Feature", "geometry": {"type": "Point", "coordinates": [123.8968479, 10.3076881]}, "properties": {"category": "Hospitals"}}, {"type": "Feature", "geometry": {"type": "Point", "coordinates": [123.8921655, 10.3035907]}, "properties": {"category": "Hospitals"}}, {"type": "Feature", "geometry": {"type": "Point", "coordinates": [123.9898077, 10.2822877]}, "properties": {"category": "Hospitals"}}, {"type": "Feature", "geometry": {"type": "Point", "coordinates": [123.8119266, 10.2557698]}, "properties": {"category": "Hospitals"}}, {"type": "Feature", "geometry": {"type": "Point", "coordinates": [123.9472665, 10.3048146]}, "properties": {"category": "Hospitals"}}, {"type": "Feature", "geometry": {"type": "Point", "coordinates": [123.7984721, 10.2422396]}, "properties": {"category": "Hospitals"}}, {"type": "Feature", "geometry": {"type": "Point", "coordinates": [123.8712612, 10.2864602]}, "properties": {"category": "Hospitals"}}, {"type": "Feature", "geometry": {"type": "Point", "coordinates": [123.95416, 10.3658363]}, "properties": {"category": "Hospitals"}}, {"type": "Feature", "geometry": {"type": "Point", "coordinates": [123.9304492, 10.3207698]}, "properties": {"category": "Hospitals"}}, {"type": "Feature", "geometry": {"type": "Point", "coordinates": [123.8915075, 10.2974162]}, "properties": {"category": "Hospitals"}}, {"type": "Feature", "geometry": {"type": "Point", "coordinates": [123.8631929, 10.2871203]}, "properties": {"category": "Hospitals"}}, {"type": "Feature", "geometry": {"type": "Point", "coordinates": [123.9667336, 10.290173]}, "properties": {"category": "Hospitals"}}, {"type": "Feature", "geometry": {"type": "Point", "coordinates": [124.0604628, 10.2705797]}, "properties": {"category": "Hospitals"}}, {"type": "Feature", "geometry": {"type": "Point", "coordinates": [123.8951101, 10.3064587]}, "properties": {"category": "Hospitals"}}, {"type": "Feature", "geometry": {"type": "Point", "coordinates": [123.954087, 10.3104008]}, "properties": {"category": "Hospitals"}}, {"type": "Feature", "geometry": {"type": "Point", "coordinates": [123.9710291, 10.3163376]}, "properties": {"category": "Hospitals"}}, {"type": "Feature", "geometry": {"type": "Point", "coordinates": [123.8922238, 10.3140477]}, "properties": {"category": "Hospitals"}}, {"type": "Feature", "geometry": {"type": "Point", "coordinates": [123.8916528, 10.307831]}, "properties": {"category": "Hospitals"}}, {"type": "Feature", "geometry": {"type": "Point", "coordinates": [123.8912003, 10.3100482]}, "properties": {"category": "Hospitals"}}, {"type": "Feature", "geometry": {"type": "Point", "coordinates": [123.8995888, 10.3148392]}, "properties": {"category": "Hospitals"}}, {"type": "Feature", "geometry": {"type": "Point", "coordinates": [123.9145561, 10.3732027]}, "properties": {"category": "Hospitals"}}, {"type": "Feature", "geometry": {"type": "Point", "coordinates": [123.9692813, 10.292108]}, "properties": {"category": "Education"}}, {"type": "Feature", "geometry": {"type": "Point", "coordinates": [123.876072, 10.306683]}, "properties": {"category": "Education"}}, {"type": "Feature", "geometry": {"type": "Point", "coordinates": [123.9159152, 10.3375835]}, "properties": {"category": "Education"}}, {"type": "Feature", "geometry": {"type": "Point", "coordinates": [123.9525211, 10.370327]}, "properties": {"category": "Education"}}, {"type": "Feature", "geometry": {"type": "Point", "coordinates": [123.9129611, 10.3486103]}, "properties": {"category": "Education"}}, {"type": "Feature", "geometry": {"type": "Point", "coordinates": [123.9101168, 10.3455079]}, "properties": {"category": "Education"}}, {"type": "Feature", "geometry": {"type": "Point", "coordinates": [123.9002115, 10.3315726]}, "properties": {"category": "Education"}}, {"type": "Feature", "geometry": {"type": "Point", "coordinates": [123.914021, 10.3662476]}, "properties": {"category": "Education"}}, {"type": "Feature", "geometry": {"type": "Point", "coordinates": [123.8995989, 10.3256849]}, "properties": {"category": "Education"}}, {"type": "Feature", "geometry": {"type": "Point", "coordinates": [123.9582129, 10.3864571]}, "properties": {"category": "Education"}}, {"type": "Feature", "geometry": {"type": "Point", "coordinates": [123.9444716, 10.328465]}, "properties": {"category": "Education"}}, {"type": "Feature", "geometry": {"type": "Point", "coordinates": [123.9023228, 10.2976376]}, "properties": {"category": "Education"}}, {"type": "Feature", "geometry": {"type": "Point", "coordinates": [124.0390249, 10.3238747]}, "properties": {"category": "Education"}}, {"type": "Feature", "geometry": {"type": "Point", "coordinates": [123.8159207, 10.2452784]}, "properties": {"category": "Education"}}, {"type": "Feature", "geometry": {"type": "Point", "coordinates": [123.9642381, 10.3141915]}, "properties": {"category": "Education"}}, {"type": "Feature", "geometry": {"type": "Point", "coordinates": [123.9485956, 10.3116239]}, "properties": {"category": "Education"}}, {"type": "Feature", "geometry": {"type": "Point", "coordinates": [123.8856702, 10.3101068]}, "properties": {"category": "Education"}}, {"type": "Feature", "geometry": {"type": "Point", "coordinates": [123.8601219, 10.256625]}, "properties": {"category": "Education"}}, {"type": "Feature", "geometry": {"type": "Point", "coordinates": [123.8978974, 10.3260706]}, "properties": {"category": "Education"}}, {"type": "Feature", "geometry": {"type": "Point", "coordinates": [123.9044058, 10.3101444]}, "properties": {"category": "Education"}}, {"type": "Feature", "geometry": {"type": "Point", "coordinates": [123.9004865, 10.330174]}, "properties": {"category": "Education"}}, {"type": "Feature", "geometry": {"type": "Point", "coordinates": [123.9104971, 10.3261421]}, "properties": {"category": "Education"}}, {"type": "Feature", "geometry": {"type": "Point", "coordinates": [123.9025869, 10.3309107]}, "properties": {"category": "Education"}}, {"type": "Feature", "geometry": {"type": "Point", "coordinates": [123.9586008, 10.3109282]}, "properties": {"category": "Education"}}, {"type": "Feature", "geometry": {"type": "Point", "coordinates": [123.9497027, 10.3447959]}, "properties": {"category": "Education"}}, {"type": "Feature", "geometry": {"type": "Point", "coordinates": [123.8933308, 10.3042771]}, "properties": {"category": "Education"}}, {"type": "Feature", "geometry": {"type": "Point", "coordinates": [123.9529291, 10.3796372]}, "properties": {"category": "Education"}}, {"type": "Feature", "geometry": {"type": "Point", "coordinates": [123.9444975, 10.3284537]}, "properties": {"category": "Education"}}, {"type": "Feature", "geometry": {"type": "Point", "coordinates": [123.8837618, 10.3090353]}, "properties": {"category": "Education"}}, {"type": "Feature", "geometry": {"type": "Point", "coordinates": [123.9089744, 10.3073787]}, "properties": {"category": "Education"}}, {"type": "Feature", "geometry": {"type": "Point", "coordinates": [123.9004214, 10.3303607]}, "properties": {"category": "Education"}}, {"type": "Feature", "geometry": {"type": "Point", "coordinates": [123.9598521, 10.3031838]}, "properties": {"category": "Education"}}, {"type": "Feature", "geometry": {"type": "Point", "coordinates": [123.8782538, 10.3121001]}, "properties": {"category": "Education"}}, {"type": "Feature", "geometry": {"type": "Point", "coordinates": [123.8870819, 10.2982999]}, "properties": {"category": "Education"}}, {"type": "Feature", "geometry": {"type": "Point", "coordinates": [123.9125638, 10.3415836]}, "properties": {"category": "Education"}}, {"type": "Feature", "geometry": {"type": "Point", "coordinates": [123.8660055, 10.2908599]}, "properties": {"category": "Education"}}, {"type": "Feature", "geometry": {"type": "Point", "coordinates": [123.9021452, 10.329536]}, "properties": {"category": "Education"}}, {"type": "Feature", "geometry": {"type": "Point", "coordinates": [123.9914621, 10.3099882]}, "properties": {"category": "Education"}}, {"type": "Feature", "geometry": {"type": "Point", "coordinates": [123.8868903, 10.3175867]}, "properties": {"category": "Education"}}, {"type": "Feature", "geometry": {"type": "Point", "coordinates": [123.9763841, 10.300738]}, "properties": {"category": "Education"}}, {"type": "Feature", "geometry": {"type": "Point", "coordinates": [123.9723683, 10.3161472]}, "properties": {"category": "Education"}}, {"type": "Feature", "geometry": {"type": "Point", "coordinates": [123.8634585, 10.3388629]}, "properties": {"category": "Education"}}, {"type": "Feature", "geometry": {"type": "Point", "coordinates": [123.9502193, 10.3087434]}, "properties": {"category": "Education"}}, {"type": "Feature", "geometry": {"type": "Point", "coordinates": [123.9869533, 10.3055339]}, "properties": {"category": "Education"}}, {"type": "Feature", "geometry": {"type": "Point", "coordinates": [123.9803122, 10.3004173]}, "properties": {"category": "Education"}}, {"type": "Feature", "geometry": {"type": "Point", "coordinates": [123.9502756, 10.3017084]}, "properties": {"category": "Education"}}, {"type": "Feature", "geometry": {"type": "Point", "coordinates": [123.989599, 10.3075898]}, "properties": {"category": "Education"}}, {"type": "Feature", "geometry": {"type": "Point", "coordinates": [123.9632175, 10.2962462]}, "properties": {"category": "Education"}}, {"type": "Feature", "geometry": {"type": "Point", "coordinates": [123.9719807, 10.3185468]}, "properties": {"category": "Education"}}, {"type": "Feature", "geometry": {"type": "Point", "coordinates": [123.9578766, 10.3101548]}, "properties": {"category": "Education"}}, {"type": "Feature", "geometry": {"type": "Point", "coordinates": [123.8378906, 10.3104134]}, "properties": {"category": "Education"}}, {"type": "Feature", "geometry": {"type": "Point", "coordinates": [123.8383439, 10.310606]}, "properties": {"category": "Education"}}, {"type": "Feature", "geometry": {"type": "Point", "coordinates": [123.8551515, 10.2787831]}, "properties": {"category": "Education"}}, {"type": "Feature", "geometry": {"type": "Point", "coordinates": [123.8947615, 10.2904983]}, "properties": {"category": "Education"}}, {"type": "Feature", "geometry": {"type": "Point", "coordinates": [123.8922175, 10.297435]}, "properties": {"category": "Education"}}, {"type": "Feature", "geometry": {"type": "Point", "coordinates": [123.915537, 10.3126993]}, "properties": {"category": "Education"}}, {"type": "Feature", "geometry": {"type": "Point", "coordinates": [123.9067644, 10.3243557]}, "properties": {"category": "Education"}}, {"type": "Feature", "geometry": {"type": "Point", "coordinates": [123.9119303, 10.3470062]}, "properties": {"category": "Education"}}, {"type": "Feature", "geometry": {"type": "Point", "coordinates": [123.9575386, 10.3763936]}, "properties": {"category": "Education"}}, {"type": "Feature", "geometry": {"type": "Point", "coordinates": [123.8515963, 10.4009791]}, "properties": {"category": "Education"}}, {"type": "Feature", "geometry": {"type": "Point", "coordinates": [123.8513679, 10.4008194]}, "properties": {"category": "Education"}}, {"type": "Feature", "geometry": {"type": "Point", "coordinates": [123.7932024, 10.3066935]}, "properties": {"category": "Education"}}, {"type": "Feature", "geometry": {"type": "Point", "coordinates": [123.8291762, 10.2366187]}, "properties": {"category": "Education"}}, {"type": "Feature", "geometry": {"type": "Point", "coordinates": [123.9477564, 10.3121154]}, "properties": {"category": "Education"}}, {"type": "Feature", "geometry": {"type": "Point", "coordinates": [123.9475205, 10.3124065]}, "properties": {"category": "Education"}}, {"type": "Feature", "geometry": {"type": "Point", "coordinates": [123.8562557, 10.2721167]}, "properties": {"category": "Education"}}, {"type": "Feature", "geometry": {"type": "Point", "coordinates": [123.9132594, 10.3798391]}, "properties": {"category": "Education"}}, {"type": "Feature", "geometry": {"type": "Point", "coordinates": [123.8910006, 10.2931862]}, "properties": {"category": "Education"}}, {"type": "Feature", "geometry": {"type": "Point", "coordinates": [123.8705486, 10.29366]}, "properties": {"category": "Education"}}, {"type": "Feature", "geometry": {"type": "Point", "coordinates": [123.9388597, 10.3347378]}, "properties": {"category": "Education"}}, {"type": "Feature", "geometry": {"type": "Point", "coordinates": [123.8716006, 10.2951193]}, "properties": {"category": "Education"}}, {"type": "Feature", "geometry": {"type": "Point", "coordinates": [123.9470734, 10.3301287]}, "properties": {"category": "Education"}}, {"type": "Feature", "geometry": {"type": "Point", "coordinates": [123.915799, 10.3557082]}, "properties": {"category": "Education"}}, {"type": "Feature", "geometry": {"type": "Point", "coordinates": [123.9150829, 10.3555599]}, "properties": {"category": "Education"}}, {"type": "Feature", "geometry": {"type": "Point", "coordinates": [123.8906107, 10.3123642]}, "properties": {"category": "Education"}}, {"type": "Feature", "geometry": {"type": "Point", "coordinates": [123.8740087, 10.2964307]}, "properties": {"category": "Education"}}, {"type": "Feature", "geometry": {"type": "Point", "coordinates": [123.7945488, 10.2438562]}, "properties": {"category": "Education"}}, {"type": "Feature", "geometry": {"type": "Point", "coordinates": [123.8920268, 10.2933971]}, "properties": {"category": "Education"}}, {"type": "Feature", "geometry": {"type": "Point", "coordinates": [123.9008937, 10.3096217]}, "properties": {"category": "Education"}}, {"type": "Feature", "geometry": {"type": "Point", "coordinates": [123.9073022, 10.314249]}, "properties": {"category": "Education"}}, {"type": "Feature", "geometry": {"type": "Point", "coordinates": [123.9120379, 10.3431426]}, "properties": {"category": "Education"}}, {"type": "Feature", "geometry": {"type": "Point", "coordinates": [123.9120895, 10.343228]}, "properties": {"category": "Education"}}, {"type": "Feature", "geometry": {"type": "Point", "coordinates": [123.8560084, 10.2668754]}, "properties": {"category": "Education"}}, {"type": "Feature", "geometry": {"type": "Point", "coordinates": [123.9376822, 10.3374003]}, "properties": {"category": "Education"}}, {"type": "Feature", "geometry": {"type": "Point", "coordinates": [123.9264381, 10.3481846]}, "properties": {"category": "Education"}}, {"type": "Feature", "geometry": {"type": "Point", "coordinates": [123.9346674, 10.333272]}, "properties": {"category": "Education"}}, {"type": "Feature", "geometry": {"type": "Point", "coordinates": [123.9308251, 10.3374003]}, "properties": {"category": "Education"}}, {"type": "Feature", "geometry": {"type": "Point", "coordinates": [123.9268863, 10.3394795]}, "properties": {"category": "Education"}}, {"type": "Feature", "geometry": {"type": "Point", "coordinates": [123.9213496, 10.34082]}, "properties": {"category": "Education"}}, {"type": "Feature", "geometry": {"type": "Point", "coordinates": [123.9140498, 10.347854]}, "properties": {"category": "Education"}}, {"type": "Feature", "geometry": {"type": "Point", "coordinates": [123.8816606, 10.2999895]}, "properties": {"category": "Education"}}, {"type": "Feature", "geometry": {"type": "Point", "coordinates": [123.8796264, 10.3004527]}, "properties": {"category": "Education"}}, {"type": "Feature", "geometry": {"type": "Point", "coordinates": [123.9047191, 10.3093145]}, "properties": {"category": "Education"}}, {"type": "Feature", "geometry": {"type": "Point", "coordinates": [123.9000822, 10.31388]}, "properties": {"category": "Education"}}, {"type": "Feature", "geometry": {"type": "Point", "coordinates": [123.8978612, 10.301758]}, "properties": {"category": "Education"}}, {"type": "Feature", "geometry": {"type": "Point", "coordinates": [123.8718317, 10.2946053]}, "properties": {"category": "Education"}}, {"type": "Feature", "geometry": {"type": "Point", "coordinates": [123.8987571, 10.2992081]}, "properties": {"category": "Education"}}, {"type": "Feature", "geometry": {"type": "Point", "coordinates": [123.836094, 10.2650188]}, "properties": {"category": "Education"}}, {"type": "Feature", "geometry": {"type": "Point", "coordinates": [123.8967066, 10.307375]}, "properties": {"category": "Education"}}, {"type": "Feature", "geometry": {"type": "Point", "coordinates": [123.9121386, 10.3467966]}, "properties": {"category": "Education"}}, {"type": "Feature", "geometry": {"type": "Point", "coordinates": [123.881684, 10.3012822]}, "properties": {"category": "Education"}}, {"type": "Feature", "geometry": {"type": "Point", "coordinates": [123.8994947, 10.3168365]}, "properties": {"category": "Education"}}, {"type": "Feature", "geometry": {"type": "Point", "coordinates": [123.8995657, 10.316583]}, "properties": {"category": "Education"}}, {"type": "Feature", "geometry": {"type": "Point", "coordinates": [123.8857854, 10.2950435]}, "properties": {"category": "Education"}}, {"type": "Feature", "geometry": {"type": "Point", "coordinates": [123.9668426, 10.3054415]}, "properties": {"category": "Education"}}, {"type": "Feature", "geometry": {"type": "Point", "coordinates": [123.8899635, 10.2942824]}, "properties": {"category": "Education"}}, {"type": "Feature", "geometry": {"type": "Point", "coordinates": [123.8397947, 10.2431016]}, "properties": {"category": "Education"}}, {"type": "Feature", "geometry": {"type": "Point", "coordinates": [123.906188, 10.3813967]}, "properties": {"category": "Education"}}, {"type": "Feature", "geometry": {"type": "Point", "coordinates": [123.8988465, 10.332392]}, "properties": {"category": "Education"}}, {"type": "Feature", "geometry": {"type": "Point", "coordinates": [123.9475962, 10.3002163]}, "properties": {"category": "Education"}}, {"type": "Feature", "geometry": {"type": "Point", "coordinates": [123.9475889, 10.3090244]}, "properties": {"category": "Education"}}, {"type": "Feature", "geometry": {"type": "Point", "coordinates": [123.9885743, 10.331006]}, "properties": {"category": "Education"}}, {"type": "Feature", "geometry": {"type": "Point", "coordinates": [123.8548619, 10.2800091]}, "properties": {"category": "Education"}}, {"type": "Feature", "geometry": {"type": "Point", "coordinates": [123.8655471, 10.2908726]}, "properties": {"category": "Education"}}, {"type": "Feature", "geometry": {"type": "Point", "coordinates": [123.9564709, 10.3861757]}, "properties": {"category": "Education"}}, {"type": "Feature", "geometry": {"type": "Point", "coordinates": [124.0713226, 10.2755103]}, "properties": {"category": "Education"}}, {"type": "Feature", "geometry": {"type": "Point", "coordinates": [124.0599073, 10.2655986]}, "properties": {"category": "Education"}}, {"type": "Feature", "geometry": {"type": "Point", "coordinates": [124.0676777, 10.2714967]}, "properties": {"category": "Education"}}, {"type": "Feature", "geometry": {"type": "Point", "coordinates": [124.0708361, 10.2865247]}, "properties": {"category": "Education"}}, {"type": "Feature", "geometry": {"type": "Point", "coordinates": [124.065141, 10.2864652]}, "properties": {"category": "Education"}}, {"type": "Feature", "geometry": {"type": "Point", "coordinates": [124.059878, 10.2759201]}, "properties": {"category": "Education"}}, {"type": "Feature", "geometry": {"type": "Point", "coordinates": [124.0531383, 10.2397792]}, "properties": {"category": "Education"}}, {"type": "Feature", "geometry": {"type": "Point", "coordinates": [124.0057813, 10.3111778]}, "properties": {"category": "Education"}}, {"type": "Feature", "geometry": {"type": "Point", "coordinates": [123.8388406, 10.2564814]}, "properties": {"category": "Education"}}, {"type": "Feature", "geometry": {"type": "Point", "coordinates": [123.8406748, 10.2634477]}, "properties": {"category": "Education"}}, {"type": "Feature", "geometry": {"type": "Point", "coordinates": [123.841007, 10.2579197]}, "properties": {"category": "Education"}}, {"type": "Feature", "geometry": {"type": "Point", "coordinates": [123.8496156, 10.2440226]}, "properties": {"category": "Education"}}, {"type": "Feature", "geometry": {"type": "Point", "coordinates": [123.9087813, 10.3075039]}, "properties": {"category": "Education"}}, {"type": "Feature", "geometry": {"type": "Point", "coordinates": [123.8398376, 10.2555088]}, "properties": {"category": "Education"}}, {"type": "Feature", "geometry": {"type": "Point", "coordinates": [123.8401399, 10.2565488]}, "properties": {"category": "Education"}}, {"type": "Feature", "geometry": {"type": "Point", "coordinates": [123.8457798, 10.2721194]}, "properties": {"category": "Education"}}, {"type": "Feature", "geometry": {"type": "Point", "coordinates": [123.8168806, 10.3025918]}, "properties": {"category": "Education"}}, {"type": "Feature", "geometry": {"type": "Point", "coordinates": [123.7949238, 10.3606537]}, "properties": {"category": "Education"}}, {"type": "Feature", "geometry": {"type": "Point", "coordinates": [123.8849185, 10.3207691]}, "properties": {"category": "Education"}}, {"type": "Feature", "geometry": {"type": "Point", "coordinates": [123.942269, 10.3277365]}, "properties": {"category": "Education"}}, {"type": "Feature", "geometry": {"type": "Point", "coordinates": [123.9747, 10.3255222]}, "properties": {"category": "Education"}}, {"type": "Feature", "geometry": {"type": "Point", "coordinates": [123.8029591, 10.2395179]}, "properties": {"category": "Education"}}, {"type": "Feature", "geometry": {"type": "Point", "coordinates": [123.8094708, 10.2390505]}, "properties": {"category": "Education"}}, {"type": "Feature", "geometry": {"type": "Point", "coordinates": [123.9651429, 10.3855948]}, "properties": {"category": "Education"}}, {"type": "Feature", "geometry": {"type": "Point", "coordinates": [123.9684233, 10.270455]}, "properties": {"category": "Education"}}, {"type": "Feature", "geometry": {"type": "Point", "coordinates": [123.8969344, 10.3189872]}, "properties": {"category": "Education"}}, {"type": "Feature", "geometry": {"type": "Point", "coordinates": [123.9501339, 10.3020345]}, "properties": {"category": "Education"}}, {"type": "Feature", "geometry": {"type": "Point", "coordinates": [123.9629671, 10.2960845]}, "properties": {"category": "Education"}}, {"type": "Feature", "geometry": {"type": "Point", "coordinates": [123.9726618, 10.2779995]}, "properties": {"category": "Education"}}, {"type": "Feature", "geometry": {"type": "Point", "coordinates": [123.8943902, 10.2904714]}, "properties": {"category": "Education"}}, {"type": "Feature", "geometry": {"type": "Point", "coordinates": [123.8909799, 10.2906788]}, "properties": {"category": "Education"}}, {"type": "Feature", "geometry": {"type": "Point", "coordinates": [123.8958681, 10.2897445]}, "properties": {"category": "Education"}}, {"type": "Feature", "geometry": {"type": "Point", "coordinates": [123.8955241, 10.3010824]}, "properties": {"category": "Education"}}, {"type": "Feature", "geometry": {"type": "Point", "coordinates": [123.9578216, 10.3364377]}, "properties": {"category": "Education"}}, {"type": "Feature", "geometry": {"type": "Point", "coordinates": [123.9028002, 10.2963894]}, "properties": {"category": "Education"}}, {"type": "Feature", "geometry": {"type": "Point", "coordinates": [123.869365, 10.4369433]}, "properties": {"category": "Education"}}, {"type": "Feature", "geometry": {"type": "Point", "coordinates": [123.9060868, 10.3365433]}, "properties": {"category": "Education"}}, {"type": "Feature", "geometry": {"type": "Point", "coordinates": [123.9022988, 10.3033704]}, "properties": {"category": "Education"}}, {"type": "Feature", "geometry": {"type": "Point", "coordinates": [123.9152304, 10.3124582]}, "properties": {"category": "Education"}}, {"type": "Feature", "geometry": {"type": "Point", "coordinates": [123.9072312, 10.313729]}, "properties": {"category": "Education"}}, {"type": "Feature", "geometry": {"type": "Point", "coordinates": [123.9087639, 10.3262314]}, "properties": {"category": "Education"}}, {"type": "Feature", "geometry": {"type": "Point", "coordinates": [123.8809977, 10.3213626]}, "properties": {"category": "Education"}}, {"type": "Feature", "geometry": {"type": "Point", "coordinates": [123.8800203, 10.3201765]}, "properties": {"category": "Education"}}, {"type": "Feature", "geometry": {"type": "Point", "coordinates": [123.8776319, 10.3175489]}, "properties": {"category": "Education"}}, {"type": "Feature", "geometry": {"type": "Point", "coordinates": [123.9209953, 10.3930698]}, "properties": {"category": "Education"}}, {"type": "Feature", "geometry": {"type": "Point", "coordinates": [123.9275478, 10.3470907]}, "properties": {"category": "Education"}}, {"type": "Feature", "geometry": {"type": "Point", "coordinates": [123.9338504, 10.3520003]}, "properties": {"category": "Education"}}, {"type": "Feature", "geometry": {"type": "Point", "coordinates": [123.9254319, 10.3445244]}, "properties": {"category": "Education"}}, {"type": "Feature", "geometry": {"type": "Point", "coordinates": [123.9237907, 10.3420106]}, "properties": {"category": "Education"}}, {"type": "Feature", "geometry": {"type": "Point", "coordinates": [123.8921249, 10.3423207]}, "properties": {"category": "Education"}}, {"type": "Feature", "geometry": {"type": "Point", "coordinates": [123.7629591, 10.2623721]}, "properties": {"category": "Education"}}, {"type": "Feature", "geometry": {"type": "Point", "coordinates": [123.8494707, 10.2759655]}, "properties": {"category": "Education"}}, {"type": "Feature", "geometry": {"type": "Point", "coordinates": [123.8696767, 10.2878929]}, "properties": {"category": "Education"}}, {"type": "Feature", "geometry": {"type": "Point", "coordinates": [123.8816146, 10.28823]}, "properties": {"category": "Education"}}, {"type": "Feature", "geometry": {"type": "Point", "coordinates": [123.8659138, 10.289592]}, "properties": {"category": "Education"}}, {"type": "Feature", "geometry": {"type": "Point", "coordinates": [123.9072069, 10.3242835]}, "properties": {"category": "Education"}}, {"type": "Feature", "geometry": {"type": "Point", "coordinates": [123.9229465, 10.3226738]}, "properties": {"category": "Education"}}, {"type": "Feature", "geometry": {"type": "Point", "coordinates": [123.8846791, 10.3216009]}, "properties": {"category": "Education"}}, {"type": "Feature", "geometry": {"type": "Point", "coordinates": [123.9261423, 10.3669702]}, "properties": {"category": "Education"}}, {"type": "Feature", "geometry": {"type": "Point", "coordinates": [123.9147172, 10.3818363]}, "properties": {"category": "Education"}}, {"type": "Feature", "geometry": {"type": "Point", "coordinates": [123.9111867, 10.3763789]}, "properties": {"category": "Education"}}, {"type": "Feature", "geometry": {"type": "Point", "coordinates": [123.9179865, 10.370066]}, "properties": {"category": "Education"}}, {"type": "Feature", "geometry": {"type": "Point", "coordinates": [123.9175593, 10.370126]}, "properties": {"category": "Education"}}, {"type": "Feature", "geometry": {"type": "Point", "coordinates": [123.9144871, 10.313491]}, "properties": {"category": "Education"}}, {"type": "Feature", "geometry": {"type": "Point", "coordinates": [123.8818411, 10.2877547]}, "properties": {"category": "Education"}}, {"type": "Feature", "geometry": {"type": "Point", "coordinates": [123.8772993, 10.2877528]}, "properties": {"category": "Education"}}, {"type": "Feature", "geometry": {"type": "Point", "coordinates": [123.869015, 10.2987169]}, "properties": {"category": "Education"}}, {"type": "Feature", "geometry": {"type": "Point", "coordinates": [123.8692571, 10.3010896]}, "properties": {"category": "Education"}}, {"type": "Feature", "geometry": {"type": "Point", "coordinates": [123.8705581, 10.2938223]}, "properties": {"category": "Education"}}, {"type": "Feature", "geometry": {"type": "Point", "coordinates": [123.8944454, 10.2992913]}, "properties": {"category": "Education"}}, {"type": "Feature", "geometry": {"type": "Point", "coordinates": [123.856072, 10.2719236]}, "properties": {"category": "Education"}}, {"type": "Feature", "geometry": {"type": "Point", "coordinates": [123.8539487, 10.27949]}, "properties": {"category": "Education"}}, {"type": "Feature", "geometry": {"type": "Point", "coordinates": [123.8322922, 10.3662498]}, "properties": {"category": "Education"}}, {"type": "Feature", "geometry": {"type": "Point", "coordinates": [123.9182361, 10.3687961]}, "properties": {"category": "Education"}}, {"type": "Feature", "geometry": {"type": "Point", "coordinates": [124.0399947, 10.220186]}, "properties": {"category": "Education"}}, {"type": "Feature", "geometry": {"type": "Point", "coordinates": [123.9710778, 10.2639969]}, "properties": {"category": "Education"}}, {"type": "Feature", "geometry": {"type": "Point", "coordinates": [123.7860206, 10.3759763]}, "properties": {"category": "Education"}}, {"type": "Feature", "geometry": {"type": "Point", "coordinates": [123.8202297, 10.4392037]}, "properties": {"category": "Education"}}, {"type": "Feature", "geometry": {"type": "Point", "coordinates": [123.8901185, 10.4250543]}, "properties": {"category": "Education"}}, {"type": "Feature", "geometry": {"type": "Point", "coordinates": [123.8877562, 10.4258603]}, "properties": {"category": "Education"}}, {"type": "Feature", "geometry": {"type": "Point", "coordinates": [123.9106179, 10.4347831]}, "properties": {"category": "Education"}}, {"type": "Feature", "geometry": {"type": "Point", "coordinates": [123.9112334, 10.4345916]}, "properties": {"category": "Education"}}, {"type": "Feature", "geometry": {"type": "Point", "coordinates": [123.8318814, 10.3676708]}, "properties": {"category": "Education"}}, {"type": "Feature", "geometry": {"type": "Point", "coordinates": [123.8562459, 10.288047]}, "properties": {"category": "Education"}}, {"type": "Feature", "geometry": {"type": "Point", "coordinates": [123.8203989, 10.3198587]}, "properties": {"category": "Education"}}, {"type": "Feature", "geometry": {"type": "Point", "coordinates": [123.8184078, 10.3018795]}, "properties": {"category": "Education"}}, {"type": "Feature", "geometry": {"type": "Point", "coordinates": [123.8154265, 10.2780366]}, "properties": {"category": "Education"}}, {"type": "Feature", "geometry": {"type": "Point", "coordinates": [123.822434, 10.2722143]}, "properties": {"category": "Education"}}, {"type": "Feature", "geometry": {"type": "Point", "coordinates": [123.835581, 10.2678141]}, "properties": {"category": "Education"}}, {"type": "Feature", "geometry": {"type": "Point", "coordinates": [123.8222537, 10.2587598]}, "properties": {"category": "Education"}}, {"type": "Feature", "geometry": {"type": "Point", "coordinates": [123.8316528, 10.2650816]}, "properties": {"category": "Education"}}, {"type": "Feature", "geometry": {"type": "Point", "coordinates": [123.8286443, 10.2651631]}, "properties": {"category": "Education"}}, {"type": "Feature", "geometry": {"type": "Point", "coordinates": [123.8265191, 10.2490917]}, "properties": {"category": "Education"}}, {"type": "Feature", "geometry": {"type": "Point", "coordinates": [123.8088336, 10.3484811]}, "properties": {"category": "Education"}}, {"type": "Feature", "geometry": {"type": "Point", "coordinates": [123.88044, 10.3240326]}, "properties": {"category": "Education"}}, {"type": "Feature", "geometry": {"type": "Point", "coordinates": [123.8074359, 10.4130135]}, "properties": {"category": "Education"}}, {"type": "Feature", "geometry": {"type": "Point", "coordinates": [123.9504095, 10.354036]}, "properties": {"category": "Education"}}, {"type": "Feature", "geometry": {"type": "Point", "coordinates": [123.9946727, 10.3196569]}, "properties": {"category": "Education"}}, {"type": "Feature", "geometry": {"type": "Point", "coordinates": [124.0513669, 10.2629493]}, "properties": {"category": "Education"}}, {"type": "Feature", "geometry": {"type": "Point", "coordinates": [123.924764, 10.4034464]}, "properties": {"category": "Education"}}, {"type": "Feature", "geometry": {"type": "Point", "coordinates": [123.8561613, 10.3798544]}, "properties": {"category": "Education"}}, {"type": "Feature", "geometry": {"type": "Point", "coordinates": [123.8559844, 10.3802505]}, "properties": {"category": "Education"}}, {"type": "Feature", "geometry": {"type": "Point", "coordinates": [123.8325443, 10.2495852]}, "properties": {"category": "Education"}}, {"type": "Feature", "geometry": {"type": "Point", "coordinates": [123.9666789, 10.3109959]}, "properties": {"category": "Education"}}, {"type": "Feature", "geometry": {"type": "Point", "coordinates": [123.9269724, 10.3783392]}, "properties": {"category": "Education"}}, {"type": "Feature", "geometry": {"type": "Point", "coordinates": [123.9216165, 10.394122]}, "properties": {"category": "Education"}}, {"type": "Feature", "geometry": {"type": "Point", "coordinates": [123.9559823, 10.3645843]}, "properties": {"category": "Education"}}, {"type": "Feature", "geometry": {"type": "Point", "coordinates": [123.9902174, 10.3068207]}, "properties": {"category": "Education"}}, {"type": "Feature", "geometry": {"type": "Point", "coordinates": [123.9891407, 10.3063607]}, "properties": {"category": "Education"}}, {"type": "Feature", "geometry": {"type": "Point", "coordinates": [123.9586508, 10.350972]}, "properties": {"category": "Education"}}, {"type": "Feature", "geometry": {"type": "Point", "coordinates": [123.9385587, 10.3696215]}, "properties": {"category": "Education"}}, {"type": "Feature", "geometry": {"type": "Point", "coordinates": [123.9539477, 10.3728397]}, "properties": {"category": "Education"}}, {"type": "Feature", "geometry": {"type": "Point", "coordinates": [123.9610378, 10.3346502]}, "properties": {"category": "Education"}}, {"type": "Feature", "geometry": {"type": "Point", "coordinates": [124.0093043, 10.3100215]}, "properties": {"category": "Education"}}, {"type": "Feature", "geometry": {"type": "Point", "coordinates": [123.9162273, 10.4244404]}, "properties": {"category": "Education"}}, {"type": "Feature", "geometry": {"type": "Point", "coordinates": [123.8633727, 10.3438493]}, "properties": {"category": "Education"}}, {"type": "Feature", "geometry": {"type": "Point", "coordinates": [123.9967304, 10.3182708]}, "properties": {"category": "Education"}}, {"type": "Feature", "geometry": {"type": "Point", "coordinates": [123.8856121, 10.3789929]}, "properties": {"category": "Education"}}, {"type": "Feature", "geometry": {"type": "Point", "coordinates": [123.9922081, 10.2863153]}, "properties": {"category": "Education"}}, {"type": "Feature", "geometry": {"type": "Point", "coordinates": [123.9923479, 10.2858479]}, "properties": {"category": "Education"}}, {"type": "Feature", "geometry": {"type": "Point", "coordinates": [123.8836491, 10.3603552]}, "properties": {"category": "Education"}}, {"type": "Feature", "geometry": {"type": "Point", "coordinates": [124.0184097, 10.2026418]}, "properties": {"category": "Education"}}, {"type": "Feature", "geometry": {"type": "Point", "coordinates": [123.8543096, 10.4240948]}, "properties": {"category": "Education"}}, {"type": "Feature", "geometry": {"type": "Point", "coordinates": [123.9358085, 10.3288818]}, "properties": {"category": "Education"}}, {"type": "Feature", "geometry": {"type": "Point", "coordinates": [123.9339935, 10.3387848]}, "properties": {"category": "Education"}}, {"type": "Feature", "geometry": {"type": "Point", "coordinates": [123.8860376, 10.3295111]}, "properties": {"category": "Education"}}, {"type": "Feature", "geometry": {"type": "Point", "coordinates": [123.8865422, 10.3289928]}, "properties": {"category": "Education"}}, {"type": "Feature", "geometry": {"type": "Point", "coordinates": [123.8592143, 10.250523]}, "properties": {"category": "Education"}}, {"type": "Feature", "geometry": {"type": "Point", "coordinates": [123.9366617, 10.281443]}, "properties": {"category": "Education"}}, {"type": "Feature", "geometry": {"type": "Point", "coordinates": [123.9519949, 10.3016841]}, "properties": {"category": "Education"}}, {"type": "Feature", "geometry": {"type": "Point", "coordinates": [124.0022806, 10.3097187]}, "properties": {"category": "Education"}}, {"type": "Feature", "geometry": {"type": "Point", "coordinates": [124.0033856, 10.3096053]}, "properties": {"category": "Education"}}, {"type": "Feature", "geometry": {"type": "Point", "coordinates": [123.8272046, 10.2487177]}, "properties": {"category": "Education"}}, {"type": "Feature", "geometry": {"type": "Point", "coordinates": [124.0376896, 10.2579386]}, "properties": {"category": "Education"}}, {"type": "Feature", "geometry": {"type": "Point", "coordinates": [124.0712644, 10.2852105]}, "properties": {"category": "Education"}}, {"type": "Feature", "geometry": {"type": "Point", "coordinates": [124.0562201, 10.2532176]}, "properties": {"category": "Education"}}, {"type": "Feature", "geometry": {"type": "Point", "coordinates": [124.0399709, 10.2198878]}, "properties": {"category": "Education"}}, {"type": "Feature", "geometry": {"type": "Point", "coordinates": [124.0371349, 10.3241486]}, "properties": {"category": "Education"}}, {"type": "Feature", "geometry": {"type": "Point", "coordinates": [124.0369464, 10.3244674]}, "properties": {"category": "Education"}}, {"type": "Feature", "geometry": {"type": "Point", "coordinates": [124.0018368, 10.3018433]}, "properties": {"category": "Education"}}, {"type": "Feature", "geometry": {"type": "Point", "coordinates": [124.0014587, 10.2895383]}, "properties": {"category": "Education"}}, {"type": "Feature", "geometry": {"type": "Point", "coordinates": [123.983608, 10.2936119]}, "properties": {"category": "Education"}}, {"type": "Feature", "geometry": {"type": "Point", "coordinates": [123.981896, 10.2994682]}, "properties": {"category": "Education"}}, {"type": "Feature", "geometry": {"type": "Point", "coordinates": [123.9881127, 10.278286]}, "properties": {"category": "Education"}}, {"type": "Feature", "geometry": {"type": "Point", "coordinates": [123.95592, 10.3117616]}, "properties": {"category": "Education"}}, {"type": "Feature", "geometry": {"type": "Point", "coordinates": [123.9578381, 10.3104265]}, "properties": {"category": "Education"}}, {"type": "Feature", "geometry": {"type": "Point", "coordinates": [123.9447017, 10.3041875]}, "properties": {"category": "Education"}}, {"type": "Feature", "geometry": {"type": "Point", "coordinates": [123.943854, 10.2980802]}, "properties": {"category": "Education"}}, {"type": "Feature", "geometry": {"type": "Point", "coordinates": [123.9654955, 10.2968939]}, "properties": {"category": "Education"}}, {"type": "Feature", "geometry": {"type": "Point", "coordinates": [123.95014, 10.285496]}, "properties": {"category": "Education"}}, {"type": "Feature", "geometry": {"type": "Point", "coordinates": [123.944818, 10.2915676]}, "properties": {"category": "Education"}}, {"type": "Feature", "geometry": {"type": "Point", "coordinates": [123.9449537, 10.2796094]}, "properties": {"category": "Education"}}, {"type": "Feature", "geometry": {"type": "Point", "coordinates": [123.9635999, 10.2759339]}, "properties": {"category": "Education"}}, {"type": "Feature", "geometry": {"type": "Point", "coordinates": [123.756913, 10.2673541]}, "properties": {"category": "Education"}}, {"type": "Feature", "geometry": {"type": "Point", "coordinates": [123.7744642, 10.2735906]}, "properties": {"category": "Education"}}, {"type": "Feature", "geometry": {"type": "Point", "coordinates": [123.7843131, 10.2801299]}, "properties": {"category": "Education"}}, {"type": "Feature", "geometry": {"type": "Point", "coordinates": [123.7862808, 10.3753813]}, "properties": {"category": "Education"}}, {"type": "Feature", "geometry": {"type": "Point", "coordinates": [123.7954196, 10.3607125]}, "properties": {"category": "Education"}}, {"type": "Feature", "geometry": {"type": "Point", "coordinates": [123.7793689, 10.3515007]}, "properties": {"category": "Education"}}, {"type": "Feature", "geometry": {"type": "Point", "coordinates": [123.7837468, 10.3477503]}, "properties": {"category": "Education"}}, {"type": "Feature", "geometry": {"type": "Point", "coordinates": [123.7592925, 10.3223988]}, "properties": {"category": "Education"}}, {"type": "Feature", "geometry": {"type": "Point", "coordinates": [123.7902409, 10.3153208]}, "properties": {"category": "Education"}}, {"type": "Feature", "geometry": {"type": "Point", "coordinates": [123.7865233, 10.3209818]}, "properties": {"category": "Education"}}, {"type": "Feature", "geometry": {"type": "Point", "coordinates": [123.7865309, 10.3198722]}, "properties": {"category": "Education"}}, {"type": "Feature", "geometry": {"type": "Point", "coordinates": [123.8121062, 10.3054391]}, "properties": {"category": "Education"}}, {"type": "Feature", "geometry": {"type": "Point", "coordinates": [123.8381481, 10.3104121]}, "properties": {"category": "Education"}}, {"type": "Feature", "geometry": {"type": "Point", "coordinates": [123.8557828, 10.2882454]}, "properties": {"category": "Education"}}, {"type": "Feature", "geometry": {"type": "Point", "coordinates": [123.8551517, 10.2789559]}, "properties": {"category": "Education"}}, {"type": "Feature", "geometry": {"type": "Point", "coordinates": [123.7963797, 10.2614372]}, "properties": {"category": "Education"}}, {"type": "Feature", "geometry": {"type": "Point", "coordinates": [123.7921946, 10.2544613]}, "properties": {"category": "Education"}}, {"type": "Feature", "geometry": {"type": "Point", "coordinates": [123.7828029, 10.246865]}, "properties": {"category": "Education"}}, {"type": "Feature", "geometry": {"type": "Point", "coordinates": [123.7815814, 10.2408774]}, "properties": {"category": "Education"}}, {"type": "Feature", "geometry": {"type": "Point", "coordinates": [123.7927944, 10.2390448]}, "properties": {"category": "Education"}}, {"type": "Feature", "geometry": {"type": "Point", "coordinates": [123.792056, 10.238859]}, "properties": {"category": "Education"}}, {"type": "Feature", "geometry": {"type": "Point", "coordinates": [123.8122518, 10.2405786]}, "properties": {"category": "Education"}}, {"type": "Feature", "geometry": {"type": "Point", "coordinates": [123.8120661, 10.2407552]}, "properties": {"category": "Education"}}, {"type": "Feature", "geometry": {"type": "Point", "coordinates": [123.8607908, 10.2566691]}, "properties": {"category": "Education"}}, {"type": "Feature", "geometry": {"type": "Point", "coordinates": [123.8332082, 10.3325286]}, "properties": {"category": "Education"}}, {"type": "Feature", "geometry": {"type": "Point", "coordinates": [123.8463043, 10.2789594]}, "properties": {"category": "Education"}}, {"type": "Feature", "geometry": {"type": "Point", "coordinates": [123.8707118, 10.2860335]}, "properties": {"category": "Education"}}, {"type": "Feature", "geometry": {"type": "Point", "coordinates": [123.8525038, 10.3095656]}, "properties": {"category": "Education"}}, {"type": "Feature", "geometry": {"type": "Point", "coordinates": [123.9025783, 10.3040582]}, "properties": {"category": "Education"}}, {"type": "Feature", "geometry": {"type": "Point", "coordinates": [123.9220615, 10.3875459]}, "properties": {"category": "Education"}}, {"type": "Feature", "geometry": {"type": "Point", "coordinates": [123.8799994, 10.3390653]}, "properties": {"category": "Education"}}, {"type": "Feature", "geometry": {"type": "Point", "coordinates": [123.9064474, 10.337017]}, "properties": {"category": "Education"}}, {"type": "Feature", "geometry": {"type": "Point", "coordinates": [123.9275358, 10.3323493]}, "properties": {"category": "Education"}}, {"type": "Feature", "geometry": {"type": "Point", "coordinates": [123.924245, 10.3186732]}, "properties": {"category": "Education"}}, {"type": "Feature", "geometry": {"type": "Point", "coordinates": [123.9552156, 10.3290033]}, "properties": {"category": "Education"}}, {"type": "Feature", "geometry": {"type": "Point", "coordinates": [123.9407394, 10.346707]}, "properties": {"category": "Education"}}, {"type": "Feature", "geometry": {"type": "Point", "coordinates": [123.9413694, 10.3469454]}, "properties": {"category": "Education"}}, {"type": "Feature", "geometry": {"type": "Point", "coordinates": [123.9543669, 10.3321044]}, "properties": {"category": "Education"}}, {"type": "Feature", "geometry": {"type": "Point", "coordinates": [123.9711062, 10.3842516]}, "properties": {"category": "Education"}}, {"type": "Feature", "geometry": {"type": "Point", "coordinates": [123.8977408, 10.3050066]}, "properties": {"category": "Education"}}, {"type": "Feature", "geometry": {"type": "Point", "coordinates": [123.9348267, 10.368643]}, "properties": {"category": "Education"}}, {"type": "Feature", "geometry": {"type": "Point", "coordinates": [123.9342424, 10.369281]}, "properties": {"category": "Education"}}, {"type": "Feature", "geometry": {"type": "Point", "coordinates": [123.9466585, 10.3685204]}, "properties": {"category": "Education"}}, {"type": "Feature", "geometry": {"type": "Point", "coordinates": [123.9590107, 10.3721655]}, "properties": {"category": "Education"}}, {"type": "Feature", "geometry": {"type": "Point", "coordinates": [123.9628824, 10.3788978]}, "properties": {"category": "Education"}}, {"type": "Feature", "geometry": {"type": "Point", "coordinates": [123.9721148, 10.3802516]}, "properties": {"category": "Education"}}, {"type": "Feature", "geometry": {"type": "Point", "coordinates": [123.972627, 10.379972]}, "properties": {"category": "Education"}}, {"type": "Feature", "geometry": {"type": "Point", "coordinates": [123.9557984, 10.3875192]}, "properties": {"category": "Education"}}, {"type": "Feature", "geometry": {"type": "Point", "coordinates": [123.9566103, 10.3909632]}, "properties": {"category": "Education"}}, {"type": "Feature", "geometry": {"type": "Point", "coordinates": [123.9417015, 10.3892868]}, "properties": {"category": "Education"}}, {"type": "Feature", "geometry": {"type": "Point", "coordinates": [123.9422115, 10.3893712]}, "properties": {"category": "Education"}}, {"type": "Feature", "geometry": {"type": "Point", "coordinates": [123.8759851, 10.3703029]}, "properties": {"category": "Education"}}, {"type": "Feature", "geometry": {"type": "Point", "coordinates": [123.8403572, 10.4458499]}, "properties": {"category": "Education"}}, {"type": "Feature", "geometry": {"type": "Point", "coordinates": [123.8416814, 10.4434622]}, "properties": {"category": "Education"}}, {"type": "Feature", "geometry": {"type": "Point", "coordinates": [123.8512904, 10.4320039]}, "properties": {"category": "Education"}}, {"type": "Feature", "geometry": {"type": "Point", "coordinates": [123.8513869, 10.400893]}, "properties": {"category": "Education"}}, {"type": "Feature", "geometry": {"type": "Point", "coordinates": [123.915159, 10.3975931]}, "properties": {"category": "Education"}}, {"type": "Feature", "geometry": {"type": "Point", "coordinates": [123.924562, 10.4031342]}, "properties": {"category": "Education"}}, {"type": "Feature", "geometry": {"type": "Point", "coordinates": [123.9289217, 10.4180258]}, "properties": {"category": "Education"}}, {"type": "Feature", "geometry": {"type": "Point", "coordinates": [123.9433468, 10.4066769]}, "properties": {"category": "Education"}}, {"type": "Feature", "geometry": {"type": "Point", "coordinates": [123.9438282, 10.4195871]}, "properties": {"category": "Education"}}, {"type": "Feature", "geometry": {"type": "Point", "coordinates": [123.9472798, 10.4147538]}, "properties": {"category": "Education"}}, {"type": "Feature", "geometry": {"type": "Point", "coordinates": [123.766971, 10.3008914]}, "properties": {"category": "Education"}}, {"type": "Feature", "geometry": {"type": "Point", "coordinates": [123.9405225, 10.3564721]}, "properties": {"category": "Education"}}, {"type": "Feature", "geometry": {"type": "Point", "coordinates": [123.9400809, 10.3568938]}, "properties": {"category": "Education"}}, {"type": "Feature", "geometry": {"type": "Point", "coordinates": [123.9278302, 10.3848004]}, "properties": {"category": "Education"}}, {"type": "Feature", "geometry": {"type": "Point", "coordinates": [123.9528998, 10.3127397]}, "properties": {"category": "Education"}}, {"type": "Feature", "geometry": {"type": "Point", "coordinates": [123.8861461, 10.3788751]}, "properties": {"category": "Education"}}, {"type": "Feature", "geometry": {"type": "Point", "coordinates": [123.8721726, 10.3337275]}, "properties": {"category": "Education"}}, {"type": "Feature", "geometry": {"type": "Point", "coordinates": [123.7928247, 10.2538702]}, "properties": {"category": "Education"}}, {"type": "Feature", "geometry": {"type": "Point", "coordinates": [123.7785688, 10.2461312]}, "properties": {"category": "Education"}}, {"type": "Feature", "geometry": {"type": "Point", "coordinates": [123.7968198, 10.2617044]}, "properties": {"category": "Education"}}, {"type": "Feature", "geometry": {"type": "Point", "coordinates": [123.9327141, 10.4432594]}, "properties": {"category": "Education"}}, {"type": "Feature", "geometry": {"type": "Point", "coordinates": [123.7952717, 10.246535]}, "properties": {"category": "Education"}}, {"type": "Feature", "geometry": {"type": "Point", "coordinates": [123.9342538, 10.3291415]}, "properties": {"category": "Education"}}, {"type": "Feature", "geometry": {"type": "Point", "coordinates": [123.9337336, 10.3193271]}, "properties": {"category": "Education"}}, {"type": "Feature", "geometry": {"type": "Point", "coordinates": [123.7922321, 10.2853324]}, "properties": {"category": "Education"}}, {"type": "Feature", "geometry": {"type": "Point", "coordinates": [123.8245323, 10.287955]}, "properties": {"category": "Education"}}, {"type": "Feature", "geometry": {"type": "Point", "coordinates": [123.8657333, 10.2547311]}, "properties": {"category": "Education"}}, {"type": "Feature", "geometry": {"type": "Point", "coordinates": [123.9534912, 10.3681676]}, "properties": {"category": "Education"}}, {"type": "Feature", "geometry": {"type": "Point", "coordinates": [123.922678, 10.3392374]}, "properties": {"category": "Education"}}, {"type": "Feature", "geometry": {"type": "Point", "coordinates": [123.8708, 10.4170036]}, "properties": {"category": "Education"}}, {"type": "Feature", "geometry": {"type": "Point", "coordinates": [123.9670048, 10.3125241]}, "properties": {"category": "Education"}}, {"type": "Feature", "geometry": {"type": "Point", "coordinates": [124.0474735, 10.2657817]}, "properties": {"category": "Education"}}, {"type": "Feature", "geometry": {"type": "Point", "coordinates": [123.9365021, 10.3556719]}, "properties": {"category": "Education"}}, {"type": "Feature", "geometry": {"type": "Point", "coordinates": [123.894832, 10.315927]}, "properties": {"category": "Education"}}, {"type": "Feature", "geometry": {"type": "Point", "coordinates": [123.8219303, 10.2590837]}, "properties": {"category": "Education"}}, {"type": "Feature", "geometry": {"type": "Point", "coordinates": [123.8391699, 10.2565184]}, "properties": {"category": "Education"}}, {"type": "Feature", "geometry": {"type": "Point", "coordinates": [123.8407115, 10.2638311]}, "properties": {"category": "Education"}}, {"type": "Feature", "geometry": {"type": "Point", "coordinates": [123.8355311, 10.2682336]}, "properties": {"category": "Education"}}, {"type": "Feature", "geometry": {"type": "Point", "coordinates": [123.965966, 10.2961886]}, "properties": {"category": "Education"}}, {"type": "Feature", "geometry": {"type": "Point", "coordinates": [123.8207563, 10.2589275]}, "properties": {"category": "Education"}}, {"type": "Feature", "geometry": {"type": "Point", "coordinates": [123.7887046, 10.2429684]}, "properties": {"category": "Education"}}, {"type": "Feature", "geometry": {"type": "Point", "coordinates": [124.0012866, 10.290195]}, "properties": {"category": "Education"}}, {"type": "Feature", "geometry": {"type": "Point", "coordinates": [123.8252036, 10.2572758]}, "properties": {"category": "Education"}}, {"type": "Feature", "geometry": {"type": "Point", "coordinates": [123.8258578, 10.2591914]}, "properties": {"category": "Education"}}, {"type": "Feature", "geometry": {"type": "Point", "coordinates": [123.7948554, 10.2440056]}, "properties": {"category": "Education"}}, {"type": "Feature", "geometry": {"type": "Point", "coordinates": [123.9426977, 10.3508361]}, "properties": {"category": "Education"}}, {"type": "Feature", "geometry": {"type": "Point", "coordinates": [123.9297335, 10.399023]}, "properties": {"category": "Education"}}, {"type": "Feature", "geometry": {"type": "Point", "coordinates": [123.9018453, 10.2938906]}, "properties": {"category": "Education"}}, {"type": "Feature", "geometry": {"type": "Point", "coordinates": [123.9331036, 10.3198883]}, "properties": {"category": "Education"}}, {"type": "Feature", "geometry": {"type": "Point", "coordinates": [123.9164241, 10.3269334]}, "properties": {"category": "Education"}}, {"type": "Feature", "geometry": {"type": "Point", "coordinates": [123.8827565, 10.2964939]}, "properties": {"category": "Education"}}, {"type": "Feature", "geometry": {"type": "Point", "coordinates": [123.8878707, 10.2965092]}, "properties": {"category": "Education"}}, {"type": "Feature", "geometry": {"type": "Point", "coordinates": [123.8170947, 10.2545338]}, "properties": {"category": "Education"}}, {"type": "Feature", "geometry": {"type": "Point", "coordinates": [123.9038667, 10.3692952]}, "properties": {"category": "Education"}}, {"type": "Feature", "geometry": {"type": "Point", "coordinates": [123.9576207, 10.3540854]}, "properties": {"category": "Education"}}, {"type": "Feature", "geometry": {"type": "Point", "coordinates": [124.0444428, 10.2643712]}, "properties": {"category": "Education"}}, {"type": "Feature", "geometry": {"type": "Point", "coordinates": [123.8878641, 10.3082494]}, "properties": {"category": "Education"}}, {"type": "Feature", "geometry": {"type": "Point", "coordinates": [123.9398286, 10.3450718]}, "properties": {"category": "Education"}}, {"type": "Feature", "geometry": {"type": "Point", "coordinates": [123.9157018, 10.4241383]}, "properties": {"category": "Education"}}, {"type": "Feature", "geometry": {"type": "Point", "coordinates": [123.8698905, 10.2930535]}, "properties": {"category": "Education"}}, {"type": "Feature", "geometry": {"type": "Point", "coordinates": [123.8237266, 10.2415025]}, "properties": {"category": "Education"}}, {"type": "Feature", "geometry": {"type": "Point", "coordinates": [123.8237321, 10.2411305]}, "properties": {"category": "Education"}}, {"type": "Feature", "geometry": {"type": "Point", "coordinates": [123.9721623, 10.3186487]}, "properties": {"category": "Education"}}, {"type": "Feature", "geometry": {"type": "Point", "coordinates": [123.7983251, 10.2443908]}, "properties": {"category": "Education"}}, {"type": "Feature", "geometry": {"type": "Point", "coordinates": [123.7973159, 10.2441362]}, "properties": {"category": "Education"}}, {"type": "Feature", "geometry": {"type": "Point", "coordinates": [123.8754584, 10.2909159]}, "properties": {"category": "Education"}}, {"type": "Feature", "geometry": {"type": "Point", "coordinates": [123.8750813, 10.2908523]}, "properties": {"category": "Education"}}, {"type": "Feature", "geometry": {"type": "Point", "coordinates": [123.8962176, 10.2997974]}, "properties": {"category": "Education"}}, {"type": "Feature", "geometry": {"type": "Point", "coordinates": [123.8957128, 10.2994694]}, "properties": {"category": "Education"}}, {"type": "Feature", "geometry": {"type": "Point", "coordinates": [123.8616031, 10.2541155]}, "properties": {"category": "Education"}}, {"type": "Feature", "geometry": {"type": "Point", "coordinates": [123.8612715, 10.2539481]}, "properties": {"category": "Education"}}, {"type": "Feature", "geometry": {"type": "Point", "coordinates": [123.9438881, 10.3251254]}, "properties": {"category": "Education"}}, {"type": "Feature", "geometry": {"type": "Point", "coordinates": [123.9435766, 10.3247008]}, "properties": {"category": "Education"}}, {"type": "Feature", "geometry": {"type": "Point", "coordinates": [123.9443481, 10.3259767]}, "properties": {"category": "Education"}}, {"type": "Feature", "geometry": {"type": "Point", "coordinates": [123.8688345, 10.3795047]}, "properties": {"category": "Education"}}, {"type": "Feature", "geometry": {"type": "Point", "coordinates": [123.8685541, 10.3792154]}, "properties": {"category": "Education"}}, {"type": "Feature", "geometry": {"type": "Point", "coordinates": [123.8995331, 10.3218981]}, "properties": {"category": "Education"}}, {"type": "Feature", "geometry": {"type": "Point", "coordinates": [123.9361383, 10.3411683]}, "properties": {"category": "Education"}}, {"type": "Feature", "geometry": {"type": "Point", "coordinates": [123.9362898, 10.3409116]}, "properties": {"category": "Education"}}, {"type": "Feature", "geometry": {"type": "Point", "coordinates": [123.9523888, 10.3226425]}, "properties": {"category": "Education"}}, {"type": "Feature", "geometry": {"type": "Point", "coordinates": [123.8923321, 10.2973495]}, "properties": {"category": "Education"}}, {"type": "Feature", "geometry": {"type": "Point", "coordinates": [123.8805203, 10.2998982]}, "properties": {"category": "Education"}}, {"type": "Feature", "geometry": {"type": "Point", "coordinates": [123.8421952, 10.2714505]}, "properties": {"category": "Education"}}, {"type": "Feature", "geometry": {"type": "Point", "coordinates": [123.8425409, 10.2710952]}, "properties": {"category": "Education"}}, {"type": "Feature", "geometry": {"type": "Point", "coordinates": [123.8431355, 10.2788295]}, "properties": {"category": "Education"}}, {"type": "Feature", "geometry": {"type": "Point", "coordinates": [123.8429829, 10.2787553]}, "properties": {"category": "Education"}}, {"type": "Feature", "geometry": {"type": "Point", "coordinates": [123.8543352, 10.2498096]}, "properties": {"category": "Education"}}, {"type": "Feature", "geometry": {"type": "Point", "coordinates": [123.8542391, 10.2503154]}, "properties": {"category": "Education"}}, {"type": "Feature", "geometry": {"type": "Point", "coordinates": [123.935704, 10.3786313]}, "properties": {"category": "Education"}}, {"type": "Feature", "geometry": {"type": "Point", "coordinates": [123.9353768, 10.3788152]}, "properties": {"category": "Education"}}, {"type": "Feature", "geometry": {"type": "Point", "coordinates": [123.9416645, 10.3055853]}, "properties": {"category": "Education"}}, {"type": "Feature", "geometry": {"type": "Point", "coordinates": [123.8040917, 10.292166]}, "properties": {"category": "Education"}}, {"type": "Feature", "geometry": {"type": "Point", "coordinates": [123.8039017, 10.2925355]}, "properties": {"category": "Education"}}, {"type": "Feature", "geometry": {"type": "Point", "coordinates": [123.8568611, 10.2779321]}, "properties": {"category": "Education"}}, {"type": "Feature", "geometry": {"type": "Point", "coordinates": [123.8564898, 10.2786689]}, "properties": {"category": "Education"}}, {"type": "Feature", "geometry": {"type": "Point", "coordinates": [123.8988088, 10.324523]}, "properties": {"category": "Education"}}, {"type": "Feature", "geometry": {"type": "Point", "coordinates": [123.8986669, 10.3250119]}, "properties": {"category": "Education"}}, {"type": "Feature", "geometry": {"type": "Point", "coordinates": [123.9460165, 10.2880077]}, "properties": {"category": "Education"}}, {"type": "Feature", "geometry": {"type": "Point", "coordinates": [123.9456152, 10.2881603]}, "properties": {"category": "Education"}}, {"type": "Feature", "geometry": {"type": "Point", "coordinates": [123.9456675, 10.2886939]}, "properties": {"category": "Education"}}, {"type": "Feature", "geometry": {"type": "Point", "coordinates": [123.9605768, 10.2807877]}, "properties": {"category": "Education"}}, {"type": "Feature", "geometry": {"type": "Point", "coordinates": [123.9609113, 10.2805197]}, "properties": {"category": "Education"}}, {"type": "Feature", "geometry": {"type": "Point", "coordinates": [123.9073419, 10.3007915]}, "properties": {"category": "Education"}}, {"type": "Feature", "geometry": {"type": "Point", "coordinates": [123.9073057, 10.3005281]}, "properties": {"category": "Education"}}, {"type": "Feature", "geometry": {"type": "Point", "coordinates": [123.8400534, 10.2560801]}, "properties": {"category": "Education"}}, {"type": "Feature", "geometry": {"type": "Point", "coordinates": [123.9742853, 10.2759306]}, "properties": {"category": "Education"}}, {"type": "Feature", "geometry": {"type": "Point", "coordinates": [123.9439938, 10.2850413]}, "properties": {"category": "Education"}}, {"type": "Feature", "geometry": {"type": "Point", "coordinates": [123.9878791, 10.2931826]}, "properties": {"category": "Education"}}, {"type": "Feature", "geometry": {"type": "Point", "coordinates": [123.9875294, 10.2926405]}, "properties": {"category": "Education"}}, {"type": "Feature", "geometry": {"type": "Point", "coordinates": [123.8333906, 10.2481424]}, "properties": {"category": "Education"}}, {"type": "Feature", "geometry": {"type": "Point", "coordinates": [123.9332328, 10.3282984]}, "properties": {"category": "Education"}}, {"type": "Feature", "geometry": {"type": "Point", "coordinates": [123.8445805, 10.2451225]}, "properties": {"category": "Education"}}, {"type": "Feature", "geometry": {"type": "Point", "coordinates": [123.8430235, 10.2457383]}, "properties": {"category": "Education"}}, {"type": "Feature", "geometry": {"type": "Point", "coordinates": [123.843941, 10.2456105]}, "properties": {"category": "Education"}}, {"type": "Feature", "geometry": {"type": "Point", "coordinates": [123.8100093, 10.2550431]}, "properties": {"category": "Education"}}, {"type": "Feature", "geometry": {"type": "Point", "coordinates": [123.7824244, 10.2401286]}, "properties": {"category": "Education"}}, {"type": "Feature", "geometry": {"type": "Point", "coordinates": [123.7826316, 10.2397294]}, "properties": {"category": "Education"}}, {"type": "Feature", "geometry": {"type": "Point", "coordinates": [123.9575391, 10.3765487]}, "properties": {"category": "Education"}}, {"type": "Feature", "geometry": {"type": "Point", "coordinates": [123.9613963, 10.3638204]}, "properties": {"category": "Education"}}, {"type": "Feature", "geometry": {"type": "Point", "coordinates": [123.9614014, 10.3635987]}, "properties": {"category": "Education"}}, {"type": "Feature", "geometry": {"type": "Point", "coordinates": [123.9816931, 10.3624481]}, "properties": {"category": "Education"}}, {"type": "Feature", "geometry": {"type": "Point", "coordinates": [123.9820397, 10.3627667]}, "properties": {"category": "Education"}}, {"type": "Feature", "geometry": {"type": "Point", "coordinates": [123.95865, 10.3450681]}, "properties": {"category": "Education"}}, {"type": "Feature", "geometry": {"type": "Point", "coordinates": [123.9589491, 10.3453533]}, "properties": {"category": "Education"}}, {"type": "Feature", "geometry": {"type": "Point", "coordinates": [123.7724264, 10.3226678]}, "properties": {"category": "Education"}}, {"type": "Feature", "geometry": {"type": "Point", "coordinates": [123.772538, 10.322291]}, "properties": {"category": "Education"}}, {"type": "Feature", "geometry": {"type": "Point", "coordinates": [123.8894674, 10.3109559]}, "properties": {"category": "Education"}}, {"type": "Feature", "geometry": {"type": "Point", "coordinates": [123.9256421, 10.3478692]}, "properties": {"category": "Education"}}, {"type": "Feature", "geometry": {"type": "Point", "coordinates": [123.9253922, 10.3476457]}, "properties": {"category": "Education"}}, {"type": "Feature", "geometry": {"type": "Point", "coordinates": [123.9435522, 10.3351412]}, "properties": {"category": "Education"}}, {"type": "Feature", "geometry": {"type": "Point", "coordinates": [123.9440311, 10.3351029]}, "properties": {"category": "Education"}}, {"type": "Feature", "geometry": {"type": "Point", "coordinates": [124.0082344, 10.3001248]}, "properties": {"category": "Education"}}, {"type": "Feature", "geometry": {"type": "Point", "coordinates": [123.8097806, 10.2559669]}, "properties": {"category": "Education"}}, {"type": "Feature", "geometry": {"type": "Point", "coordinates": [123.9453965, 10.3266519]}, "properties": {"category": "Education"}}, {"type": "Feature", "geometry": {"type": "Point", "coordinates": [123.8966479, 10.3072135]}, "properties": {"category": "Education"}}, {"type": "Feature", "geometry": {"type": "Point", "coordinates": [123.911958, 10.3385463]}, "properties": {"category": "Education"}}, {"type": "Feature", "geometry": {"type": "Point", "coordinates": [123.8612532, 10.2961147]}, "properties": {"category": "Education"}}, {"type": "Feature", "geometry": {"type": "Point", "coordinates": [123.8633034, 10.2926244]}, "properties": {"category": "Education"}}, {"type": "Feature", "geometry": {"type": "Point", "coordinates": [123.9762164, 10.2926258]}, "properties": {"category": "Education"}}, {"type": "Feature", "geometry": {"type": "Point", "coordinates": [123.9330963, 10.3199269]}, "properties": {"category": "Education"}}, {"type": "Feature", "geometry": {"type": "Point", "coordinates": [123.9157254, 10.3464834]}, "properties": {"category": "Education"}}, {"type": "Feature", "geometry": {"type": "Point", "coordinates": [123.9152922, 10.34632]}, "properties": {"category": "Education"}}, {"type": "Feature", "geometry": {"type": "Point", "coordinates": [123.8804693, 10.2957804]}, "properties": {"category": "Education"}}, {"type": "Feature", "geometry": {"type": "Point", "coordinates": [123.9012525, 10.3125528]}, "properties": {"category": "Education"}}, {"type": "Feature", "geometry": {"type": "Point", "coordinates": [123.90101, 10.3285659]}, "properties": {"category": "Education"}}, {"type": "Feature", "geometry": {"type": "Point", "coordinates": [123.8967796, 10.301666]}, "properties": {"category": "Education"}}, {"type": "Feature", "geometry": {"type": "Point", "coordinates": [123.90136, 10.2984463]}, "properties": {"category": "Education"}}, {"type": "Feature", "geometry": {"type": "Point", "coordinates": [123.9066339, 10.2964747]}, "properties": {"category": "Education"}}, {"type": "Feature", "geometry": {"type": "Point", "coordinates": [123.8880124, 10.3005504]}, "properties": {"category": "Education"}}, {"type": "Feature", "geometry": {"type": "Point", "coordinates": [123.90331, 10.2965557]}, "properties": {"category": "Education"}}, {"type": "Feature", "geometry": {"type": "Point", "coordinates": [123.8959576, 10.2987889]}, "properties": {"category": "Education"}}, {"type": "Feature", "geometry": {"type": "Point", "coordinates": [123.9133044, 10.3514487]}, "properties": {"category": "Education"}}, {"type": "Feature", "geometry": {"type": "Point", "coordinates": [123.8615569, 10.2900873]}, "properties": {"category": "Education"}}, {"type": "Feature", "geometry": {"type": "Point", "coordinates": [123.9762803, 10.293054]}, "properties": {"category": "Education"}}, {"type": "Feature", "geometry": {"type": "Point", "coordinates": [123.9089364, 10.3558303]}, "properties": {"category": "Education"}}, {"type": "Feature", "geometry": {"type": "Point", "coordinates": [123.8731296, 10.2660633]}, "properties": {"category": "Education"}}, {"type": "Feature", "geometry": {"type": "Point", "coordinates": [123.8988975, 10.2994803]}, "properties": {"category": "Education"}}, {"type": "Feature", "geometry": {"type": "Point", "coordinates": [123.8777099, 10.2869239]}, "properties": {"category": "Education"}}, {"type": "Feature", "geometry": {"type": "Point", "coordinates": [123.9544835, 10.326384]}, "properties": {"category": "Education"}}, {"type": "Feature", "geometry": {"type": "Point", "coordinates": [123.7990863, 10.245943]}, "properties": {"category": "Education"}}, {"type": "Feature", "geometry": {"type": "Point", "coordinates": [123.8632455, 10.2975869]}, "properties": {"category": "Education"}}, {"type": "Feature", "geometry": {"type": "Point", "coordinates": [123.8455686, 10.3717554]}, "properties": {"category": "Education"}}, {"type": "Feature", "geometry": {"type": "Point", "coordinates": [123.8970221, 10.2968693]}, "properties": {"category": "Education"}}, {"type": "Feature", "geometry": {"type": "Point", "coordinates": [123.8977827, 10.2983891]}, "properties": {"category": "Education"}}, {"type": "Feature", "geometry": {"type": "Point", "coordinates": [123.898783, 10.3226317]}, "properties": {"category": "Education"}}, {"type": "Feature", "geometry": {"type": "Point", "coordinates": [123.89007, 10.3032951]}, "properties": {"category": "Education"}}, {"type": "Feature", "geometry": {"type": "Point", "coordinates": [123.8974752, 10.2940373]}, "properties": {"category": "Education"}}, {"type": "Feature", "geometry": {"type": "Point", "coordinates": [123.9709328, 10.368819]}, "properties": {"category": "Education"}}, {"type": "Feature", "geometry": {"type": "Point", "coordinates": [123.9305101, 10.3371996]}, "properties": {"category": "Education"}}, {"type": "Feature", "geometry": {"type": "Point", "coordinates": [123.9084972, 10.3233136]}, "properties": {"category": "Education"}}, {"type": "Feature", "geometry": {"type": "Point", "coordinates": [123.9073399, 10.3234041]}, "properties": {"category": "Education"}}, {"type": "Feature", "geometry": {"type": "Point", "coordinates": [123.9377542, 10.3339997]}, "properties": {"category": "Education"}}, {"type": "Feature", "geometry": {"type": "Point", "coordinates": [123.9017632, 10.3089105]}, "properties": {"category": "Education"}}, {"type": "Feature", "geometry": {"type": "Point", "coordinates": [123.8972661, 10.3079726]}, "properties": {"category": "Education"}}, {"type": "Feature", "geometry": {"type": "Point", "coordinates": [123.9472303, 10.3629229]}, "properties": {"category": "Education"}}, {"type": "Feature", "geometry": {"type": "Point", "coordinates": [123.9408521, 10.3234417]}, "properties": {"category": "Education"}}, {"type": "Feature", "geometry": {"type": "Point", "coordinates": [123.9715712, 10.314497]}, "properties": {"category": "Education"}}, {"type": "Feature", "geometry": {"type": "Point", "coordinates": [123.9174419, 10.3439044]}, "properties": {"category": "Education"}}, {"type": "Feature", "geometry": {"type": "Point", "coordinates": [123.8935856, 10.2988286]}, "properties": {"category": "Education"}}, {"type": "Feature", "geometry": {"type": "Point", "coordinates": [123.9093178, 10.3220441]}, "properties": {"category": "Education"}}, {"type": "Feature", "geometry": {"type": "Point", "coordinates": [123.8722768, 10.2840821]}, "properties": {"category": "Education"}}, {"type": "Feature", "geometry": {"type": "Point", "coordinates": [123.9020361, 10.3295536]}, "properties": {"category": "Education"}}, {"type": "Feature", "geometry": {"type": "Point", "coordinates": [123.9095978, 10.304998]}, "properties": {"category": "Education"}}, {"type": "Feature", "geometry": {"type": "Point", "coordinates": [123.8984093, 10.2984761]}, "properties": {"category": "Education"}}, {"type": "Feature", "geometry": {"type": "Point", "coordinates": [123.8962566, 10.3119036]}, "properties": {"category": "Education"}}, {"type": "Feature", "geometry": {"type": "Point", "coordinates": [123.8836333, 10.2961703]}, "properties": {"category": "Education"}}, {"type": "Feature", "geometry": {"type": "Point", "coordinates": [123.7943227, 10.2446688]}, "properties": {"category": "Education"}}, {"type": "Feature", "geometry": {"type": "Point", "coordinates": [123.8481671, 10.2720182]}, "properties": {"category": "Education"}}, {"type": "Feature", "geometry": {"type": "Point", "coordinates": [123.8958957, 10.3090542]}, "properties": {"category": "Education"}}, {"type": "Feature", "geometry": {"type": "Point", "coordinates": [123.8835079, 10.3244015]}, "properties": {"category": "Education"}}, {"type": "Feature", "geometry": {"type": "Point", "coordinates": [123.9040749, 10.3116873]}, "properties": {"category": "Education"}}, {"type": "Feature", "geometry": {"type": "Point", "coordinates": [123.8882894, 10.330998]}, "properties": {"category": "Education"}}, {"type": "Feature", "geometry": {"type": "Point", "coordinates": [123.9188173, 10.3702567]}, "properties": {"category": "Education"}}, {"type": "Feature", "geometry": {"type": "Point", "coordinates": [123.9422524, 10.3414107]}, "properties": {"category": "Education"}}, {"type": "Feature", "geometry": {"type": "Point", "coordinates": [123.8905828, 10.2979008]}, "properties": {"category": "Education"}}, {"type": "Feature", "geometry": {"type": "Point", "coordinates": [123.8808143, 10.3134555]}, "properties": {"category": "Education"}}, {"type": "Feature", "geometry": {"type": "Point", "coordinates": [123.8849633, 10.3118226]}, "properties": {"category": "Education"}}, {"type": "Feature", "geometry": {"type": "Point", "coordinates": [123.7949105, 10.2428408]}, "properties": {"category": "Education"}}, {"type": "Feature", "geometry": {"type": "Point", "coordinates": [123.9710166, 10.3672705]}, "properties": {"category": "Education"}}, {"type": "Feature", "geometry": {"type": "Point", "coordinates": [123.8960388, 10.294145]}, "properties": {"category": "Education"}}, {"type": "Feature", "geometry": {"type": "Point", "coordinates": [123.8480311, 10.2429991]}, "properties": {"category": "Education"}}, {"type": "Feature", "geometry": {"type": "Point", "coordinates": [123.9868063, 10.3025345]}, "properties": {"category": "Education"}}, {"type": "Feature", "geometry": {"type": "Point", "coordinates": [123.990743, 10.3587074]}, "properties": {"category": "Education"}}, {"type": "Feature", "geometry": {"type": "Point", "coordinates": [123.8935549, 10.3044756]}, "properties": {"category": "Education"}}, {"type": "Feature", "geometry": {"type": "Point", "coordinates": [123.9142786, 10.3474172]}, "properties": {"category": "Education"}}, {"type": "Feature", "geometry": {"type": "Point", "coordinates": [123.8685642, 10.2822828]}, "properties": {"category": "Education"}}, {"type": "Feature", "geometry": {"type": "Point", "coordinates": [123.8954911, 10.3117585]}, "properties": {"category": "Education"}}, {"type": "Feature", "geometry": {"type": "Point", "coordinates": [123.9555679, 10.376559]}, "properties": {"category": "Education"}}, {"type": "Feature", "geometry": {"type": "Point", "coordinates": [123.8412898, 10.2631283]}, "properties": {"category": "Education"}}, {"type": "Feature", "geometry": {"type": "Point", "coordinates": [123.83959, 10.2561468]}, "properties": {"category": "Education"}}, {"type": "Feature", "geometry": {"type": "Point", "coordinates": [123.9157072, 10.3125796]}, "properties": {"category": "Security"}}, {"type": "Feature", "geometry": {"type": "Point", "coordinates": [123.9499382, 10.3044119]}, "properties": {"category": "Security"}}, {"type": "Feature", "geometry": {"type": "Point", "coordinates": [123.8768133, 10.2923444]}, "properties": {"category": "Security"}}, {"type": "Feature", "geometry": {"type": "Point", "coordinates": [123.9570668, 10.3770785]}, "properties": {"category": "Security"}}, {"type": "Feature", "geometry": {"type": "Point", "coordinates": [123.9057403, 10.4147342]}, "properties": {"category": "Security"}}, {"type": "Feature", "geometry": {"type": "Point", "coordinates": [123.8849442, 10.3192914]}, "properties": {"category": "Security"}}, {"type": "Feature", "geometry": {"type": "Point", "coordinates": [123.950076, 10.3546639]}, "properties": {"category": "Security"}}, {"type": "Feature", "geometry": {"type": "Point", "coordinates": [123.9742539, 10.3244744]}, "properties": {"category": "Security"}}, {"type": "Feature", "geometry": {"type": "Point", "coordinates": [123.9752055, 10.2757425]}, "properties": {"category": "Security"}}, {"type": "Feature", "geometry": {"type": "Point", "coordinates": [123.9980698, 10.286837]}, "properties": {"category": "Security"}}, {"type": "Feature", "geometry": {"type": "Point", "coordinates": [123.880987, 10.2991508]}, "properties": {"category": "Security"}}, {"type": "Feature", "geometry": {"type": "Point", "coordinates": [123.8556593, 10.2797784]}, "properties": {"category": "Security"}}, {"type": "Feature", "geometry": {"type": "Point", "coordinates": [123.9084971, 10.3308715]}, "properties": {"category": "Security"}}, {"type": "Feature", "geometry": {"type": "Point", "coordinates": [123.9061569, 10.3272904]}, "properties": {"category": "Security"}}, {"type": "Feature", "geometry": {"type": "Point", "coordinates": [123.9083259, 10.3138244]}, "properties": {"category": "Security"}}, {"type": "Feature", "geometry": {"type": "Point", "coordinates": [123.8981345, 10.3309735]}, "properties": {"category": "Security"}}, {"type": "Feature", "geometry": {"type": "Point", "coordinates": [123.9313602, 10.3446882]}, "properties": {"category": "Security"}}, {"type": "Feature", "geometry": {"type": "Point", "coordinates": [123.9791108, 10.2992969]}, "properties": {"category": "Security"}}, {"type": "Feature", "geometry": {"type": "Point", "coordinates": [123.9013349, 10.2934758]}, "properties": {"category": "Security"}}, {"type": "Feature", "geometry": {"type": "Point", "coordinates": [123.9651914, 10.3177189]}, "properties": {"category": "Security"}}, {"type": "Feature", "geometry": {"type": "Point", "coordinates": [123.9645168, 10.317091]}, "properties": {"category": "Security"}}, {"type": "Feature", "geometry": {"type": "Point", "coordinates": [123.9571865, 10.3047734]}, "properties": {"category": "Security"}}, {"type": "Feature", "geometry": {"type": "Point", "coordinates": [123.8956047, 10.3021741]}, "properties": {"category": "Security"}}, {"type": "Feature", "geometry": {"type": "Point", "coordinates": [123.8845471, 10.3205346]}, "properties": {"category": "Security"}}, {"type": "Feature", "geometry": {"type": "Point", "coordinates": [123.9421321, 10.3247758]}, "properties": {"category": "Security"}}, {"type": "Feature", "geometry": {"type": "Point", "coordinates": [123.9168374, 10.3697823]}, "properties": {"category": "Security"}}, {"type": "Feature", "geometry": {"type": "Point", "coordinates": [123.9498208, 10.3108406]}, "properties": {"category": "Security"}}, {"type": "Feature", "geometry": {"type": "Point", "coordinates": [123.8484701, 10.2425284]}, "properties": {"category": "Security"}}, {"type": "Feature", "geometry": {"type": "Point", "coordinates": [123.9339416, 10.3259542]}, "properties": {"category": "Security"}}, {"type": "Feature", "geometry": {"type": "Point", "coordinates": [123.9069765, 10.2931228]}, "properties": {"category": "Security"}}, {"type": "Feature", "geometry": {"type": "Point", "coordinates": [123.7962563, 10.2448447]}, "properties": {"category": "Security"}}, {"type": "Feature", "geometry": {"type": "Point", "coordinates": [123.8587062, 10.3932514]}, "properties": {"category": "Security"}}, {"type": "Feature", "geometry": {"type": "Point", "coordinates": [123.8564555, 10.2701151]}, "properties": {"category": "Security"}}, {"type": "Feature", "geometry": {"type": "Point", "coordinates": [123.8810218, 10.2992326]}, "properties": {"category": "Security"}}, {"type": "Feature", "geometry": {"type": "Point", "coordinates": [123.9002767, 10.2911799]}, "properties": {"category": "Security"}}, {"type": "Feature", "geometry": {"type": "Point", "coordinates": [123.8216066, 10.2584685]}, "properties": {"category": "Security"}}, {"type": "Feature", "geometry": {"type": "Point", "coordinates": [123.8913577, 10.292208]}, "properties": {"category": "Security"}}, {"type": "Feature", "geometry": {"type": "Point", "coordinates": [123.9031461, 10.2993449]}, "properties": {"category": "Security"}}, {"type": "Feature", "geometry": {"type": "Point", "coordinates": [123.9037779, 10.312542]}, "properties": {"category": "Security"}}, {"type": "Feature", "geometry": {"type": "Point", "coordinates": [123.9037034, 10.313225]}, "properties": {"category": "Security"}}, {"type": "Feature", "geometry": {"type": "Point", "coordinates": [123.942657, 10.3229837]}, "properties": {"category": "Security"}}, {"type": "Feature", "geometry": {"type": "Point", "coordinates": [123.8935642, 10.3310624]}, "properties": {"category": "Security"}}, {"type": "Feature", "geometry": {"type": "Point", "coordinates": [123.9158122, 10.3123991]}, "properties": {"category": "Security"}}, {"type": "Feature", "geometry": {"type": "Point", "coordinates": [123.8840279, 10.3225897]}, "properties": {"category": "Security"}}, {"type": "Feature", "geometry": {"type": "Point", "coordinates": [123.9275158, 10.3332101]}, "properties": {"category": "Security"}}, {"type": "Feature", "geometry": {"type": "Point", "coordinates": [123.9640452, 10.301045]}, "properties": {"category": "Security"}}, {"type": "Feature", "geometry": {"type": "Point", "coordinates": [123.9805059, 10.3264834]}, "properties": {"category": "Security"}}, {"type": "Feature", "geometry": {"type": "Point", "coordinates": [123.8289847, 10.2533605]}, "properties": {"category": "Security"}}, {"type": "Feature", "geometry": {"type": "Point", "coordinates": [123.9500406, 10.3545172]}, "properties": {"category": "Security"}}, {"type": "Feature", "geometry": {"type": "Point", "coordinates": [123.8704696, 10.2861537]}, "properties": {"category": "Security"}}, {"type": "Feature", "geometry": {"type": "Point", "coordinates": [123.9589605, 10.3052591]}, "properties": {"category": "Security"}}, {"type": "Feature", "geometry": {"type": "Point", "coordinates": [123.7961509, 10.2441111]}, "properties": {"category": "Security"}}, {"type": "Feature", "geometry": {"type": "Point", "coordinates": [123.8811828, 10.2991016]}, "properties": {"category": "Security"}}, {"type": "Feature", "geometry": {"type": "Point", "coordinates": [123.9083223, 10.3139372]}, "properties": {"category": "Security"}}, {"type": "Feature", "geometry": {"type": "Point", "coordinates": [123.985492, 10.3097733]}, "properties": {"category": "Security"}}, {"type": "Feature", "geometry": {"type": "Point", "coordinates": [123.8891794, 10.3105553]}, "properties": {"category": "Security"}}, {"type": "Feature", "geometry": {"type": "Point", "coordinates": [123.8921712, 10.2980275]}, "properties": {"category": "Security"}}, {"type": "Feature", "geometry": {"type": "Point", "coordinates": [123.9442744, 10.2865734]}, "properties": {"category": "Security"}}, {"type": "Feature", "geometry": {"type": "Point", "coordinates": [123.9034689, 10.2993367]}, "properties": {"category": "Security"}}, {"type": "Feature", "geometry": {"type": "Point", "coordinates": [123.9589276, 10.3052247]}, "properties": {"category": "Security"}}, {"type": "Feature", "geometry": {"type": "Point", "coordinates": [123.9641967, 10.3170566]}, "properties": {"category": "Security"}}, {"type": "Feature", "geometry": {"type": "Point", "coordinates": [123.9754617, 10.2759334]}, "properties": {"category": "Security"}}, {"type": "Feature", "geometry": {"type": "Point", "coordinates": [123.8985099, 10.3242633]}, "properties": {"category": "Security"}}, {"type": "Feature", "geometry": {"type": "Point", "coordinates": [124.0111252, 10.3090525]}, "properties": {"category": "Security"}}, {"type": "Feature", "geometry": {"type": "Point", "coordinates": [123.9489555, 10.310381]}, "properties": {"category": "Security"}}, {"type": "Feature", "geometry": {"type": "Point", "coordinates": [123.891465, 10.2922596]}, "properties": {"category": "Security"}}, {"type": "Feature", "geometry": {"type": "Point", "coordinates": [123.9167798, 10.3698667]}, "properties": {"category": "Security"}}, {"type": "Feature", "geometry": {"type": "Point", "coordinates": [123.8919847, 10.2977704]}, "properties": {"category": "Security"}}, {"type": "Feature", "geometry": {"type": "Point", "coordinates": [123.9050058, 10.3371316]}, "properties": {"category": "Security"}}, {"type": "Feature", "geometry": {"type": "Point", "coordinates": [123.8482073, 10.2425498]}, "properties": {"category": "Security"}}, {"type": "Feature", "geometry": {"type": "Point", "coordinates": [123.9073772, 10.3153837]}, "properties": {"category": "Security"}}, {"type": "Feature", "geometry": {"type": "Point", "coordinates": [123.9576201, 10.3759971]}, "properties": {"category": "Security"}}, {"type": "Feature", "geometry": {"type": "Point", "coordinates": [124.0598032, 10.2712379]}, "properties": {"category": "Security"}}, {"type": "Feature", "geometry": {"type": "Point", "coordinates": [123.9423449, 10.3243593]}, "properties": {"category": "Security"}}, {"type": "Feature", "geometry": {"type": "Point", "coordinates": [123.8795628, 10.281912]}, "properties": {"category": "Recreation"}}, {"type": "Feature", "geometry": {"type": "Point", "coordinates": [123.8928605, 10.2903995]}, "properties": {"category": "Recreation"}}, {"type": "Feature", "geometry": {"type": "Point", "coordinates": [123.8775334, 10.2944386]}, "properties": {"category": "Recreation"}}, {"type": "Feature", "geometry": {"type": "Point", "coordinates": [123.9067295, 10.3250523]}, "properties": {"category": "Recreation"}}, {"type": "Feature", "geometry": {"type": "Point", "coordinates": [123.8952547, 10.3008664]}, "properties": {"category": "Recreation"}}, {"type": "Feature", "geometry": {"type": "Point", "coordinates": [123.9106744, 10.3317564]}, "properties": {"category": "Recreation"}}, {"type": "Feature", "geometry": {"type": "Point", "coordinates": [123.90375, 10.3094336]}, "properties": {"category": "Recreation"}}, {"type": "Feature", "geometry": {"type": "Point", "coordinates": [123.8479288, 10.308397]}, "properties": {"category": "Recreation"}}, {"type": "Feature", "geometry": {"type": "Point", "coordinates": [123.8788398, 10.2924972]}, "properties": {"category": "Recreation"}}, {"type": "Feature", "geometry": {"type": "Point", "coordinates": [123.9091749, 10.3172601]}, "properties": {"category": "Recreation"}}, {"type": "Feature", "geometry": {"type": "Point", "coordinates": [123.9075784, 10.3311007]}, "properties": {"category": "Recreation"}}, {"type": "Feature", "geometry": {"type": "Point", "coordinates": [123.8863336, 10.296731]}, "properties": {"category": "Recreation"}}, {"type": "Feature", "geometry": {"type": "Point", "coordinates": [123.8641391, 10.2814563]}, "properties": {"category": "Recreation"}}, {"type": "Feature", "geometry": {"type": "Point", "coordinates": [123.9015876, 10.3296351]}, "properties": {"category": "Recreation"}}, {"type": "Feature", "geometry": {"type": "Point", "coordinates": [123.9062966, 10.3301641]}, "properties": {"category": "Recreation"}}, {"type": "Feature", "geometry": {"type": "Point", "coordinates": [123.9063404, 10.3324209]}, "properties": {"category": "Recreation"}}, {"type": "Feature", "geometry": {"type": "Point", "coordinates": [123.8995914, 10.3198802]}, "properties": {"category": "Recreation"}}, {"type": "Feature", "geometry": {"type": "Point", "coordinates": [123.880813, 10.2933798]}, "properties": {"category": "Recreation"}}, {"type": "Feature", "geometry": {"type": "Point", "coordinates": [123.9015308, 10.3181997]}, "properties": {"category": "Recreation"}}, {"type": "Feature", "geometry": {"type": "Point", "coordinates": [123.891073, 10.294098]}, "properties": {"category": "Recreation"}}, {"type": "Feature", "geometry": {"type": "Point", "coordinates": [123.891482, 10.2896675]}, "properties": {"category": "Recreation"}}, {"type": "Feature", "geometry": {"type": "Point", "coordinates": [123.8887882, 10.2967977]}, "properties": {"category": "Recreation"}}, {"type": "Feature", "geometry": {"type": "Point", "coordinates": [123.9076066, 10.3174183]}, "properties": {"category": "Recreation"}}, {"type": "Feature", "geometry": {"type": "Point", "coordinates": [123.9097234, 10.3197316]}, "properties": {"category": "Recreation"}}, {"type": "Feature", "geometry": {"type": "Point", "coordinates": [123.8809971, 10.3020678]}, "properties": {"category": "Recreation"}}, {"type": "Feature", "geometry": {"type": "Point", "coordinates": [123.8713193, 10.2899885]}, "properties": {"category": "Recreation"}}, {"type": "Feature", "geometry": {"type": "Point", "coordinates": [123.8767281, 10.2905017]}, "properties": {"category": "Recreation"}}, {"type": "Feature", "geometry": {"type": "Point", "coordinates": [123.8974357, 10.2949261]}, "properties": {"category": "Recreation"}}, {"type": "Feature", "geometry": {"type": "Point", "coordinates": [123.894877, 10.3058529]}, "properties": {"category": "Recreation"}}, {"type": "Feature", "geometry": {"type": "Point", "coordinates": [123.9046468, 10.3038332]}, "properties": {"category": "Recreation"}}, {"type": "Feature", "geometry": {"type": "Point", "coordinates": [123.8486112, 10.311976]}, "properties": {"category": "Recreation"}}, {"type": "Feature", "geometry": {"type": "Point", "coordinates": [123.8470158, 10.3103758]}, "properties": {"category": "Recreation"}}, {"type": "Feature", "geometry": {"type": "Point", "coordinates": [123.8832355, 10.3618601]}, "properties": {"category": "Recreation"}}, {"type": "Feature", "geometry": {"type": "Point", "coordinates": [123.907465, 10.3171878]}, "properties": {"category": "Recreation"}}, {"type": "Feature", "geometry": {"type": "Point", "coordinates": [123.8801458, 10.2817588]}, "properties": {"category": "Recreation"}}, {"type": "Feature", "geometry": {"type": "Point", "coordinates": [123.9043212, 10.3242591]}, "properties": {"category": "Recreation"}}, {"type": "Feature", "geometry": {"type": "Point", "coordinates": [123.891636, 10.3168062]}, "properties": {"category": "Recreation"}}, {"type": "Feature", "geometry": {"type": "Point", "coordinates": [123.899131, 10.2914389]}, "properties": {"category": "Recreation"}}, {"type": "Feature", "geometry": {"type": "Point", "coordinates": [123.8994983, 10.2912419]}, "properties": {"category": "Recreation"}}, {"type": "Feature", "geometry": {"type": "Point", "coordinates": [123.9027555, 10.328883]}, "properties": {"category": "Recreation"}}, {"type": "Feature", "geometry": {"type": "Point", "coordinates": [123.8839653, 10.298553]}, "properties": {"category": "Recreation"}}, {"type": "Feature", "geometry": {"type": "Point", "coordinates": [123.9050119, 10.3115465]}, "properties": {"category": "Recreation"}}, {"type": "Feature", "geometry": {"type": "Point", "coordinates": [123.9021934, 10.2926115]}, "properties": {"category": "Recreation"}}, {"type": "Feature", "geometry": {"type": "Point", "coordinates": [123.8850029, 10.3372721]}, "properties": {"category": "Recreation"}}, {"type": "Feature", "geometry": {"type": "Point", "coordinates": [123.8918916, 10.2921912]}, "properties": {"category": "Recreation"}}, {"type": "Feature", "geometry": {"type": "Point", "coordinates": [123.9049514, 10.2930062]}, "properties": {"category": "Recreation"}}, {"type": "Feature", "geometry": {"type": "Point", "coordinates": [123.891482, 10.2896675]}, "properties": {"category": "Recreation"}}, {"type": "Feature", "geometry": {"type": "Point", "coordinates": [123.8954441, 10.3005725]}, "properties": {"category": "Recreation"}}, {"type": "Feature", "geometry": {"type": "Point", "coordinates": [123.89084, 10.2927319]}, "properties": {"category": "Recreation"}}, {"type": "Feature", "geometry": {"type": "Point", "coordinates": [123.8954955, 10.2967879]}, "properties": {"category": "Recreation"}}, {"type": "Feature", "geometry": {"type": "Point", "coordinates": [123.880588, 10.2795021]}, "properties": {"category": "Recreation"}}, {"type": "Feature", "geometry": {"type": "Point", "coordinates": [123.9027816, 10.3113696]}, "properties": {"category": "Recreation"}}, {"type": "Feature", "geometry": {"type": "Point", "coordinates": [123.8472905, 10.3101781]}, "properties": {"category": "Recreation"}}, {"type": "Feature", "geometry": {"type": "Point", "coordinates": [123.9076659, 10.3315987]}, "properties": {"category": "Recreation"}}, {"type": "Feature", "geometry": {"type": "Point", "coordinates": [123.9081332, 10.3298721]}, "properties": {"category": "Recreation"}}, {"type": "Feature", "geometry": {"type": "Point", "coordinates": [123.8785948, 10.2811506]}, "properties": {"category": "Recreation"}}, {"type": "Feature", "geometry": {"type": "Point", "coordinates": [123.89471, 10.3178202]}, "properties": {"category": "Recreation"}}, {"type": "Feature", "geometry": {"type": "Point", "coordinates": [123.895392, 10.3294412]}, "properties": {"category": "Recreation"}}, {"type": "Feature", "geometry": {"type": "Point", "coordinates": [123.9031541, 10.3111549]}, "properties": {"category": "Recreation"}}, {"type": "Feature", "geometry": {"type": "Point", "coordinates": [123.884934, 10.2979401]}, "properties": {"category": "Recreation"}}, {"type": "Feature", "geometry": {"type": "Point", "coordinates": [123.8981365, 10.2980205]}, "properties": {"category": "Recreation"}}, {"type": "Feature", "geometry": {"type": "Point", "coordinates": [123.8673687, 10.3141588]}, "properties": {"category": "Recreation"}}, {"type": "Feature", "geometry": {"type": "Point", "coordinates": [123.9077528, 10.3162997]}, "properties": {"category": "Recreation"}}, {"type": "Feature", "geometry": {"type": "Point", "coordinates": [123.904281, 10.318455]}, "properties": {"category": "Recreation"}}, {"type": "Feature", "geometry": {"type": "Point", "coordinates": [123.8946069, 10.3114841]}, "properties": {"category": "Recreation"}}, {"type": "Feature", "geometry": {"type": "Point", "coordinates": [123.9073391, 10.3287558]}, "properties": {"category": "Recreation"}}, {"type": "Feature", "geometry": {"type": "Point", "coordinates": [123.887758, 10.299971]}, "properties": {"category": "Recreation"}}, {"type": "Feature", "geometry": {"type": "Point", "coordinates": [123.9070653, 10.3168765]}, "properties": {"category": "Recreation"}}, {"type": "Feature", "geometry": {"type": "Point", "coordinates": [123.8994858, 10.3054678]}, "properties": {"category": "Recreation"}}, {"type": "Feature", "geometry": {"type": "Point", "coordinates": [123.9063899, 10.3272504]}, "properties": {"category": "Recreation"}}, {"type": "Feature", "geometry": {"type": "Point", "coordinates": [123.8906051, 10.2978091]}, "properties": {"category": "Recreation"}}, {"type": "Feature", "geometry": {"type": "Point", "coordinates": [123.9032912, 10.3186053]}, "properties": {"category": "Recreation"}}, {"type": "Feature", "geometry": {"type": "Point", "coordinates": [123.9021934, 10.2926115]}, "properties": {"category": "Recreation"}}, {"type": "Feature", "geometry": {"type": "Point", "coordinates": [123.9122656, 10.3242268]}, "properties": {"category": "Recreation"}}, {"type": "Feature", "geometry": {"type": "Point", "coordinates": [123.9068258, 10.3290473]}, "properties": {"category": "Recreation"}}, {"type": "Feature", "geometry": {"type": "Point", "coordinates": [123.8777863, 10.3252465]}, "properties": {"category": "Recreation"}}, {"type": "Feature", "geometry": {"type": "Point", "coordinates": [123.9042661, 10.3108055]}, "properties": {"category": "Recreation"}}, {"type": "Feature", "geometry": {"type": "Point", "coordinates": [123.8827804, 10.2823046]}, "properties": {"category": "Recreation"}}, {"type": "Feature", "geometry": {"type": "Point", "coordinates": [123.9024627, 10.3194346]}, "properties": {"category": "Recreation"}}, {"type": "Feature", "geometry": {"type": "Point", "coordinates": [123.8826072, 10.2952476]}, "properties": {"category": "Recreation"}}, {"type": "Feature", "geometry": {"type": "Point", "coordinates": [123.8911796, 10.2954412]}, "properties": {"category": "Recreation"}}, {"type": "Feature", "geometry": {"type": "Point", "coordinates": [123.875743, 10.290557]}, "properties": {"category": "Recreation"}}, {"type": "Feature", "geometry": {"type": "Point", "coordinates": [123.9071706, 10.3075383]}, "properties": {"category": "Recreation"}}, {"type": "Feature", "geometry": {"type": "Point", "coordinates": [123.8994618, 10.3149823]}, "properties": {"category": "Recreation"}}, {"type": "Feature", "geometry": {"type": "Point", "coordinates": [123.9035352, 10.309044]}, "properties": {"category": "Recreation"}}, {"type": "Feature", "geometry": {"type": "Point", "coordinates": [123.8853718, 10.2942464]}, "properties": {"category": "Recreation"}}, {"type": "Feature", "geometry": {"type": "Point", "coordinates": [123.9083093, 10.3266567]}, "properties": {"category": "Recreation"}}, {"type": "Feature", "geometry": {"type": "Point", "coordinates": [123.9065412, 10.3274456]}, "properties": {"category": "Recreation"}}, {"type": "Feature", "geometry": {"type": "Point", "coordinates": [123.8806967, 10.2956085]}, "properties": {"category": "Recreation"}}, {"type": "Feature", "geometry": {"type": "Point", "coordinates": [123.8982514, 10.3088152]}, "properties": {"category": "Recreation"}}, {"type": "Feature", "geometry": {"type": "Point", "coordinates": [123.8736954, 10.2898607]}, "properties": {"category": "Recreation"}}, {"type": "Feature", "geometry": {"type": "Point", "coordinates": [123.9034702, 10.3189309]}, "properties": {"category": "Recreation"}}, {"type": "Feature", "geometry": {"type": "Point", "coordinates": [123.9097482, 10.3282002]}, "properties": {"category": "Recreation"}}, {"type": "Feature", "geometry": {"type": "Point", "coordinates": [123.9059747, 10.3122085]}, "properties": {"category": "Recreation"}}, {"type": "Feature", "geometry": {"type": "Point", "coordinates": [123.8975946, 10.2933146]}, "properties": {"category": "Recreation"}}, {"type": "Feature", "geometry": {"type": "Point", "coordinates": [123.8931559, 10.3098543]}, "properties": {"category": "Recreation"}}, {"type": "Feature", "geometry": {"type": "Point", "coordinates": [123.9006547, 10.3109372]}, "properties": {"category": "Recreation"}}, {"type": "Feature", "geometry": {"type": "Point", "coordinates": [123.9056848, 10.2944841]}, "properties": {"category": "Recreation"}}, {"type": "Feature", "geometry": {"type": "Point", "coordinates": [123.9057991, 10.3316433]}, "properties": {"category": "Recreation"}}, {"type": "Feature", "geometry": {"type": "Point", "coordinates": [123.874151, 10.289902]}, "properties": {"category": "Recreation"}}, {"type": "Feature", "geometry": {"type": "Point", "coordinates": [123.870527, 10.301553]}, "properties": {"category": "Recreation"}}, {"type": "Feature", "geometry": {"type": "Point", "coordinates": [123.907488, 10.3317245]}, "properties": {"category": "Recreation"}}, {"type": "Feature", "geometry": {"type": "Point", "coordinates": [123.8953638, 10.3296145]}, "properties": {"category": "Recreation"}}, {"type": "Feature", "geometry": {"type": "Point", "coordinates": [123.9025387, 10.3176425]}, "properties": {"category": "Recreation"}}, {"type": "Feature", "geometry": {"type": "Point", "coordinates": [123.909355, 10.326878]}, "properties": {"category": "Recreation"}}, {"type": "Feature", "geometry": {"type": "Point", "coordinates": [123.8842927, 10.3224078]}, "properties": {"category": "Recreation"}}, {"type": "Feature", "geometry": {"type": "Point", "coordinates": [123.8808301, 10.281815]}, "properties": {"category": "Recreation"}}, {"type": "Feature", "geometry": {"type": "Point", "coordinates": [123.8842534, 10.2958665]}, "properties": {"category": "Recreation"}}, {"type": "Feature", "geometry": {"type": "Point", "coordinates": [123.9035745, 10.2988468]}, "properties": {"category": "Recreation"}}, {"type": "Feature", "geometry": {"type": "Point", "coordinates": [123.8842202, 10.2958798]}, "properties": {"category": "Recreation"}}, {"type": "Feature", "geometry": {"type": "Point", "coordinates": [123.9059738, 10.3181437]}, "properties": {"category": "Recreation"}}, {"type": "Feature", "geometry": {"type": "Point", "coordinates": [123.8985022, 10.3259285]}, "properties": {"category": "Recreation"}}, {"type": "Feature", "geometry": {"type": "Point", "coordinates": [123.903921, 10.318133]}, "properties": {"category": "Recreation"}}, {"type": "Feature", "geometry": {"type": "Point", "coordinates": [123.906238, 10.328018]}, "properties": {"category": "Recreation"}}, {"type": "Feature", "geometry": {"type": "Point", "coordinates": [123.9079543, 10.31802]}, "properties": {"category": "Recreation"}}, {"type": "Feature", "geometry": {"type": "Point", "coordinates": [123.8822288, 10.2922223]}, "properties": {"category": "Recreation"}}, {"type": "Feature", "geometry": {"type": "Point", "coordinates": [123.8931727, 10.2893463]}, "properties": {"category": "Recreation"}}, {"type": "Feature", "geometry": {"type": "Point", "coordinates": [123.902612, 10.313642]}, "properties": {"category": "Recreation"}}, {"type": "Feature", "geometry": {"type": "Point", "coordinates": [123.90627, 10.3277718]}, "properties": {"category": "Recreation"}}, {"type": "Feature", "geometry": {"type": "Point", "coordinates": [123.8899201, 10.2963939]}, "properties": {"category": "Recreation"}}, {"type": "Feature", "geometry": {"type": "Point", "coordinates": [123.9053559, 10.294792]}, "properties": {"category": "Recreation"}}, {"type": "Feature", "geometry": {"type": "Point", "coordinates": [123.8644898, 10.290659]}, "properties": {"category": "Recreation"}}, {"type": "Feature", "geometry": {"type": "Point", "coordinates": [123.9070001, 10.327896]}, "properties": {"category": "Recreation"}}, {"type": "Feature", "geometry": {"type": "Point", "coordinates": [123.9042094, 10.3217302]}, "properties": {"category": "Recreation"}}, {"type": "Feature", "geometry": {"type": "Point", "coordinates": [123.9088673, 10.3180206]}, "properties": {"category": "Recreation"}}, {"type": "Feature", "geometry": {"type": "Point", "coordinates": [123.8594918, 10.283354]}, "properties": {"category": "Recreation"}}, {"type": "Feature", "geometry": {"type": "Point", "coordinates": [123.8695696, 10.3000407]}, "properties": {"category": "Recreation"}}, {"type": "Feature", "geometry": {"type": "Point", "coordinates": [123.9047628, 10.3195636]}, "properties": {"category": "Recreation"}}, {"type": "Feature", "geometry": {"type": "Point", "coordinates": [123.8949087, 10.2959148]}, "properties": {"category": "Recreation"}}, {"type": "Feature", "geometry": {"type": "Point", "coordinates": [123.888698, 10.2969339]}, "properties": {"category": "Recreation"}}, {"type": "Feature", "geometry": {"type": "Point", "coordinates": [123.9059044, 10.3188965]}, "properties": {"category": "Recreation"}}, {"type": "Feature", "geometry": {"type": "Point", "coordinates": [123.9041907, 10.306614]}, "properties": {"category": "Recreation"}}, {"type": "Feature", "geometry": {"type": "Point", "coordinates": [123.9052085, 10.3222946]}, "properties": {"category": "Recreation"}}, {"type": "Feature", "geometry": {"type": "Point", "coordinates": [123.8741608, 10.2902239]}, "properties": {"category": "Recreation"}}, {"type": "Feature", "geometry": {"type": "Point", "coordinates": [123.8946854, 10.3237241]}, "properties": {"category": "Recreation"}}, {"type": "Feature", "geometry": {"type": "Point", "coordinates": [123.9144677, 10.3128412]}, "properties": {"category": "Recreation"}}, {"type": "Feature", "geometry": {"type": "Point", "coordinates": [123.9063614, 10.3142919]}, "properties": {"category": "Recreation"}}, {"type": "Feature", "geometry": {"type": "Point", "coordinates": [123.9070199, 10.3341807]}, "properties": {"category": "Recreation"}}, {"type": "Feature", "geometry": {"type": "Point", "coordinates": [123.886406, 10.297296]}, "properties": {"category": "Recreation"}}, {"type": "Feature", "geometry": {"type": "Point", "coordinates": [123.883735, 10.295966]}, "properties": {"category": "Recreation"}}, {"type": "Feature", "geometry": {"type": "Point", "coordinates": [123.8986364, 10.3111317]}, "properties": {"category": "Recreation"}}, {"type": "Feature", "geometry": {"type": "Point", "coordinates": [123.8974558, 10.3417299]}, "properties": {"category": "Recreation"}}, {"type": "Feature", "geometry": {"type": "Point", "coordinates": [123.9041061, 10.3190505]}, "properties": {"category": "Recreation"}}, {"type": "Feature", "geometry": {"type": "Point", "coordinates": [123.9034185, 10.3275326]}, "properties": {"category": "Recreation"}}, {"type": "Feature", "geometry": {"type": "Point", "coordinates": [123.8675877, 10.2818312]}, "properties": {"category": "Recreation"}}, {"type": "Feature", "geometry": {"type": "Point", "coordinates": [123.88115, 10.29166]}, "properties": {"category": "Recreation"}}, {"type": "Feature", "geometry": {"type": "Point", "coordinates": [123.8931675, 10.3098574]}, "properties": {"category": "Recreation"}}, {"type": "Feature", "geometry": {"type": "Point", "coordinates": [123.8830759, 10.2950873]}, "properties": {"category": "Recreation"}}, {"type": "Feature", "geometry": {"type": "Point", "coordinates": [123.8742785, 10.3711179]}, "properties": {"category": "Recreation"}}, {"type": "Feature", "geometry": {"type": "Point", "coordinates": [123.8717528, 10.3726955]}, "properties": {"category": "Recreation"}}, {"type": "Feature", "geometry": {"type": "Point", "coordinates": [123.9053428, 10.3306676]}, "properties": {"category": "Recreation"}}, {"type": "Feature", "geometry": {"type": "Point", "coordinates": [123.9064075, 10.3282858]}, "properties": {"category": "Recreation"}}, {"type": "Feature", "geometry": {"type": "Point", "coordinates": [123.9109979, 10.3191985]}, "properties": {"category": "Recreation"}}, {"type": "Feature", "geometry": {"type": "Point", "coordinates": [123.8788002, 10.288614]}, "properties": {"category": "Recreation"}}, {"type": "Feature", "geometry": {"type": "Point", "coordinates": [123.8991411, 10.3192395]}, "properties": {"category": "Recreation"}}, {"type": "Feature", "geometry": {"type": "Point", "coordinates": [123.8962355, 10.3052424]}, "properties": {"category": "Recreation"}}, {"type": "Feature", "geometry": {"type": "Point", "coordinates": [123.8903585, 10.3273466]}, "properties": {"category": "Recreation"}}, {"type": "Feature", "geometry": {"type": "Point", "coordinates": [123.9090174, 10.3319056]}, "properties": {"category": "Recreation"}}, {"type": "Feature", "geometry": {"type": "Point", "coordinates": [123.8550829, 10.2950296]}, "properties": {"category": "Recreation"}}, {"type": "Feature", "geometry": {"type": "Point", "coordinates": [123.8988069, 10.3314301]}, "properties": {"category": "Recreation"}}, {"type": "Feature", "geometry": {"type": "Point", "coordinates": [123.9048268, 10.3146356]}, "properties": {"category": "Recreation"}}, {"type": "Feature", "geometry": {"type": "Point", "coordinates": [123.8797768, 10.303082]}, "properties": {"category": "Recreation"}}, {"type": "Feature", "geometry": {"type": "Point", "coordinates": [123.9082174, 10.3311923]}, "properties": {"category": "Recreation"}}, {"type": "Feature", "geometry": {"type": "Point", "coordinates": [123.877662, 10.297345]}, "properties": {"category": "Recreation"}}, {"type": "Feature", "geometry": {"type": "Point", "coordinates": [123.9057646, 10.3152057]}, "properties": {"category": "Recreation"}}, {"type": "Feature", "geometry": {"type": "Point", "coordinates": [123.905066, 10.318026]}, "properties": {"category": "Recreation"}}, {"type": "Feature", "geometry": {"type": "Point", "coordinates": [123.9051262, 10.2931907]}, "properties": {"category": "Recreation"}}, {"type": "Feature", "geometry": {"type": "Point", "coordinates": [123.8951244, 10.2934835]}, "properties": {"category": "Recreation"}}, {"type": "Feature", "geometry": {"type": "Point", "coordinates": [123.9011953, 10.3096017]}, "properties": {"category": "Recreation"}}, {"type": "Feature", "geometry": {"type": "Point", "coordinates": [123.9017527, 10.2931939]}, "properties": {"category": "Recreation"}}, {"type": "Feature", "geometry": {"type": "Point", "coordinates": [123.9003122, 10.2901915]}, "properties": {"category": "Recreation"}}, {"type": "Feature", "geometry": {"type": "Point", "coordinates": [123.889083, 10.34824]}, "properties": {"category": "Recreation"}}, {"type": "Feature", "geometry": {"type": "Point", "coordinates": [123.9039541, 10.3241311]}, "properties": {"category": "Recreation"}}, {"type": "Feature", "geometry": {"type": "Point", "coordinates": [123.9084921, 10.3222513]}, "properties": {"category": "Recreation"}}, {"type": "Feature", "geometry": {"type": "Point", "coordinates": [123.897506, 10.330002]}, "properties": {"category": "Recreation"}}, {"type": "Feature", "geometry": {"type": "Point", "coordinates": [123.8947154, 10.3092009]}, "properties": {"category": "Recreation"}}, {"type": "Feature", "geometry": {"type": "Point", "coordinates": [123.9034702, 10.3186294]}, "properties": {"category": "Recreation"}}, {"type": "Feature", "geometry": {"type": "Point", "coordinates": [123.8931173, 10.3098794]}, "properties": {"category": "Recreation"}}, {"type": "Feature", "geometry": {"type": "Point", "coordinates": [123.8852281, 10.2975888]}, "properties": {"category": "Recreation"}}, {"type": "Feature", "geometry": {"type": "Point", "coordinates": [123.9012475, 10.3315177]}, "properties": {"category": "Recreation"}}, {"type": "Feature", "geometry": {"type": "Point", "coordinates": [123.879886, 10.2811615]}, "properties": {"category": "Recreation"}}, {"type": "Feature", "geometry": {"type": "Point", "coordinates": [123.8552821, 10.3712849]}, "properties": {"category": "Recreation"}}, {"type": "Feature", "geometry": {"type": "Point", "coordinates": [123.8993655, 10.3100234]}, "properties": {"category": "Recreation"}}, {"type": "Feature", "geometry": {"type": "Point", "coordinates": [123.9159801, 10.3111534]}, "properties": {"category": "Recreation"}}, {"type": "Feature", "geometry": {"type": "Point", "coordinates": [123.8904244, 10.3017781]}, "properties": {"category": "Recreation"}}, {"type": "Feature", "geometry": {"type": "Point", "coordinates": [123.9029421, 10.2934338]}, "properties": {"category": "Recreation"}}, {"type": "Feature", "geometry": {"type": "Point", "coordinates": [123.9086323, 10.3233689]}, "properties": {"category": "Recreation"}}, {"type": "Feature", "geometry": {"type": "Point", "coordinates": [123.9084703, 10.3346311]}, "properties": {"category": "Recreation"}}, {"type": "Feature", "geometry": {"type": "Point", "coordinates": [123.9055198, 10.3278636]}, "properties": {"category": "Recreation"}}, {"type": "Feature", "geometry": {"type": "Point", "coordinates": [123.9048117, 10.317349]}, "properties": {"category": "Recreation"}}, {"type": "Feature", "geometry": {"type": "Point", "coordinates": [123.9069729, 10.3177013]}, "properties": {"category": "Recreation"}}, {"type": "Feature", "geometry": {"type": "Point", "coordinates": [123.9015069, 10.2922959]}, "properties": {"category": "Recreation"}}, {"type": "Feature", "geometry": {"type": "Point", "coordinates": [123.9026177, 10.3200254]}, "properties": {"category": "Recreation"}}, {"type": "Feature", "geometry": {"type": "Point", "coordinates": [123.9065139, 10.3231765]}, "properties": {"category": "Recreation"}}, {"type": "Feature", "geometry": {"type": "Point", "coordinates": [123.8696926, 10.3035914]}, "properties": {"category": "Recreation"}}, {"type": "Feature", "geometry": {"type": "Point", "coordinates": [123.8803979, 10.280702]}, "properties": {"category": "Recreation"}}, {"type": "Feature", "geometry": {"type": "Point", "coordinates": [123.9039481, 10.3292515]}, "properties": {"category": "Recreation"}}, {"type": "Feature", "geometry": {"type": "Point", "coordinates": [123.8598844, 10.308487]}, "properties": {"category": "Recreation"}}, {"type": "Feature", "geometry": {"type": "Point", "coordinates": [123.8927938, 10.293747]}, "properties": {"category": "Recreation"}}, {"type": "Feature", "geometry": {"type": "Point", "coordinates": [123.9046047, 10.321957]}, "properties": {"category": "Recreation"}}, {"type": "Feature", "geometry": {"type": "Point", "coordinates": [123.8867112, 10.2971946]}, "properties": {"category": "Recreation"}}, {"type": "Feature", "geometry": {"type": "Point", "coordinates": [123.9057056, 10.31754]}, "properties": {"category": "Recreation"}}, {"type": "Feature", "geometry": {"type": "Point", "coordinates": [123.859979, 10.2945707]}, "properties": {"category": "Recreation"}}, {"type": "Feature", "geometry": {"type": "Point", "coordinates": [123.905548, 10.332001]}, "properties": {"category": "Recreation"}}, {"type": "Feature", "geometry": {"type": "Point", "coordinates": [123.9052768, 10.3184834]}, "properties": {"category": "Recreation"}}, {"type": "Feature", "geometry": {"type": "Point", "coordinates": [123.8911419, 10.295522]}, "properties": {"category": "Recreation"}}, {"type": "Feature", "geometry": {"type": "Point", "coordinates": [123.9087665, 10.3018303]}, "properties": {"category": "Recreation"}}, {"type": "Feature", "geometry": {"type": "Point", "coordinates": [123.9042644, 10.3275376]}, "properties": {"category": "Recreation"}}, {"type": "Feature", "geometry": {"type": "Point", "coordinates": [123.9059788, 10.3183343]}, "properties": {"category": "Recreation"}}, {"type": "Feature", "geometry": {"type": "Point", "coordinates": [123.889731, 10.2955758]}, "properties": {"category": "Recreation"}}, {"type": "Feature", "geometry": {"type": "Point", "coordinates": [123.914153, 10.314338]}, "properties": {"category": "Recreation"}}, {"type": "Feature", "geometry": {"type": "Point", "coordinates": [123.9003533, 10.3220512]}, "properties": {"category": "Recreation"}}, {"type": "Feature", "geometry": {"type": "Point", "coordinates": [123.911817, 10.313082]}, "properties": {"category": "Recreation"}}, {"type": "Feature", "geometry": {"type": "Point", "coordinates": [123.9059257, 10.3188399]}, "properties": {"category": "Recreation"}}, {"type": "Feature", "geometry": {"type": "Point", "coordinates": [123.9034702, 10.3189309]}, "properties": {"category": "Recreation"}}, {"type": "Feature", "geometry": {"type": "Point", "coordinates": [123.9085752, 10.297179]}, "properties": {"category": "Recreation"}}, {"type": "Feature", "geometry": {"type": "Point", "coordinates": [123.8434488, 10.3076145]}, "properties": {"category": "Recreation"}}, {"type": "Feature", "geometry": {"type": "Point", "coordinates": [123.8972885, 10.3066514]}, "properties": {"category": "Recreation"}}, {"type": "Feature", "geometry": {"type": "Point", "coordinates": [123.8661408, 10.3076497]}, "properties": {"category": "Recreation"}}, {"type": "Feature", "geometry": {"type": "Point", "coordinates": [123.8985169, 10.3447324]}, "properties": {"category": "Recreation"}}, {"type": "Feature", "geometry": {"type": "Point", "coordinates": [123.8800358, 10.2991486]}, "properties": {"category": "Recreation"}}, {"type": "Feature", "geometry": {"type": "Point", "coordinates": [123.912047, 10.3038243]}, "properties": {"category": "Recreation"}}, {"type": "Feature", "geometry": {"type": "Point", "coordinates": [123.90371, 10.317885]}, "properties": {"category": "Recreation"}}, {"type": "Feature", "geometry": {"type": "Point", "coordinates": [123.890793, 10.294666]}, "properties": {"category": "Recreation"}}, {"type": "Feature", "geometry": {"type": "Point", "coordinates": [123.887862, 10.292256]}, "properties": {"category": "Recreation"}}, {"type": "Feature", "geometry": {"type": "Point", "coordinates": [123.8819127, 10.2969052]}, "properties": {"category": "Recreation"}}, {"type": "Feature", "geometry": {"type": "Point", "coordinates": [123.90543, 10.31898]}, "properties": {"category": "Recreation"}}, {"type": "Feature", "geometry": {"type": "Point", "coordinates": [123.900116, 10.3055209]}, "properties": {"category": "Recreation"}}, {"type": "Feature", "geometry": {"type": "Point", "coordinates": [123.902605, 10.3157397]}, "properties": {"category": "Recreation"}}, {"type": "Feature", "geometry": {"type": "Point", "coordinates": [123.8718252, 10.2882313]}, "properties": {"category": "Recreation"}}, {"type": "Feature", "geometry": {"type": "Point", "coordinates": [123.903122, 10.329269]}, "properties": {"category": "Recreation"}}, {"type": "Feature", "geometry": {"type": "Point", "coordinates": [123.88483, 10.293111]}, "properties": {"category": "Recreation"}}, {"type": "Feature", "geometry": {"type": "Point", "coordinates": [123.8984147, 10.3124452]}, "properties": {"category": "Recreation"}}, {"type": "Feature", "geometry": {"type": "Point", "coordinates": [123.9373483, 10.3816426]}, "properties": {"category": "Recreation"}}, {"type": "Feature", "geometry": {"type": "Point", "coordinates": [123.9680627, 10.3815367]}, "properties": {"category": "Recreation"}}, {"type": "Feature", "geometry": {"type": "Point", "coordinates": [123.9557012, 10.3767823]}, "properties": {"category": "Recreation"}}, {"type": "Feature", "geometry": {"type": "Point", "coordinates": [123.9727358, 10.3785012]}, "properties": {"category": "Recreation"}}, {"type": "Feature", "geometry": {"type": "Point", "coordinates": [123.9623789, 10.3783666]}, "properties": {"category": "Recreation"}}, {"type": "Feature", "geometry": {"type": "Point", "coordinates": [123.964851, 10.3800434]}, "properties": {"category": "Recreation"}}, {"type": "Feature", "geometry": {"type": "Point", "coordinates": [123.9639863, 10.3799781]}, "properties": {"category": "Recreation"}}, {"type": "Feature", "geometry": {"type": "Point", "coordinates": [123.962961, 10.3781248]}, "properties": {"category": "Recreation"}}, {"type": "Feature", "geometry": {"type": "Point", "coordinates": [123.9609499, 10.3752551]}, "properties": {"category": "Recreation"}}, {"type": "Feature", "geometry": {"type": "Point", "coordinates": [123.964861, 10.3796049]}, "properties": {"category": "Recreation"}}, {"type": "Feature", "geometry": {"type": "Point", "coordinates": [123.9698248, 10.3505788]}, "properties": {"category": "Recreation"}}, {"type": "Feature", "geometry": {"type": "Point", "coordinates": [123.9433527, 10.3990296]}, "properties": {"category": "Recreation"}}, {"type": "Feature", "geometry": {"type": "Point", "coordinates": [123.9684959, 10.3767]}, "properties": {"category": "Recreation"}}, {"type": "Feature", "geometry": {"type": "Point", "coordinates": [123.9634368, 10.3787049]}, "properties": {"category": "Recreation"}}, {"type": "Feature", "geometry": {"type": "Point", "coordinates": [123.9629705, 10.3632518]}, "properties": {"category": "Recreation"}}, {"type": "Feature", "geometry": {"type": "Point", "coordinates": [123.9601102, 10.3757035]}, "properties": {"category": "Recreation"}}, {"type": "Feature", "geometry": {"type": "Point", "coordinates": [123.9607469, 10.3768314]}, "properties": {"category": "Recreation"}}, {"type": "Feature", "geometry": {"type": "Point", "coordinates": [123.9600468, 10.3749179]}, "properties": {"category": "Recreation"}}, {"type": "Feature", "geometry": {"type": "Point", "coordinates": [123.9559477, 10.3885585]}, "properties": {"category": "Recreation"}}, {"type": "Feature", "geometry": {"type": "Point", "coordinates": [123.9647688, 10.3797181]}, "properties": {"category": "Recreation"}}, {"type": "Feature", "geometry": {"type": "Point", "coordinates": [123.9536025, 10.3646206]}, "properties": {"category": "Recreation"}}, {"type": "Feature", "geometry": {"type": "Point", "coordinates": [123.964428, 10.379951]}, "properties": {"category": "Recreation"}}, {"type": "Feature", "geometry": {"type": "Point", "coordinates": [123.9631521, 10.3785381]}, "properties": {"category": "Recreation"}}, {"type": "Feature", "geometry": {"type": "Point", "coordinates": [123.964963, 10.3798285]}, "properties": {"category": "Recreation"}}, {"type": "Feature", "geometry": {"type": "Point", "coordinates": [123.96076, 10.3739879]}, "properties": {"category": "Recreation"}}, {"type": "Feature", "geometry": {"type": "Point", "coordinates": [123.9556647, 10.3649283]}, "properties": {"category": "Recreation"}}, {"type": "Feature", "geometry": {"type": "Point", "coordinates": [123.9545117, 10.3665411]}, "properties": {"category": "Recreation"}}, {"type": "Feature", "geometry": {"type": "Point", "coordinates": [123.964862, 10.3796956]}, "properties": {"category": "Recreation"}}, {"type": "Feature", "geometry": {"type": "Point", "coordinates": [123.967316, 10.3802539]}, "properties": {"category": "Recreation"}}, {"type": "Feature", "geometry": {"type": "Point", "coordinates": [123.964428, 10.379951]}, "properties": {"category": "Recreation"}}, {"type": "Feature", "geometry": {"type": "Point", "coordinates": [123.9612729, 10.376556]}, "properties": {"category": "Recreation"}}, {"type": "Feature", "geometry": {"type": "Point", "coordinates": [123.9652795, 10.3441463]}, "properties": {"category": "Recreation"}}, {"type": "Feature", "geometry": {"type": "Point", "coordinates": [123.9673898, 10.3732008]}, "properties": {"category": "Recreation"}}, {"type": "Feature", "geometry": {"type": "Point", "coordinates": [123.960268, 10.376805]}, "properties": {"category": "Recreation"}}, {"type": "Feature", "geometry": {"type": "Point", "coordinates": [123.9317061, 10.4013734]}, "properties": {"category": "Recreation"}}, {"type": "Feature", "geometry": {"type": "Point", "coordinates": [123.9649646, 10.3788308]}, "properties": {"category": "Recreation"}}, {"type": "Feature", "geometry": {"type": "Point", "coordinates": [123.9646723, 10.379635]}, "properties": {"category": "Recreation"}}, {"type": "Feature", "geometry": {"type": "Point", "coordinates": [123.96062, 10.3741417]}, "properties": {"category": "Recreation"}}, {"type": "Feature", "geometry": {"type": "Point", "coordinates": [123.9589019, 10.3764385]}, "properties": {"category": "Recreation"}}, {"type": "Feature", "geometry": {"type": "Point", "coordinates": [123.9608906, 10.3763104]}, "properties": {"category": "Recreation"}}, {"type": "Feature", "geometry": {"type": "Point", "coordinates": [123.9605955, 10.3768946]}, "properties": {"category": "Recreation"}}, {"type": "Feature", "geometry": {"type": "Point", "coordinates": [123.961515, 10.3758463]}, "properties": {"category": "Recreation"}}, {"type": "Feature", "geometry": {"type": "Point", "coordinates": [123.9598708, 10.3763743]}, "properties": {"category": "Recreation"}}, {"type": "Feature", "geometry": {"type": "Point", "coordinates": [123.9615298, 10.3700633]}, "properties": {"category": "Recreation"}}, {"type": "Feature", "geometry": {"type": "Point", "coordinates": [123.9740023, 10.3520696]}, "properties": {"category": "Recreation"}}, {"type": "Feature", "geometry": {"type": "Point", "coordinates": [123.9628924, 10.3785766]}, "properties": {"category": "Recreation"}}, {"type": "Feature", "geometry": {"type": "Point", "coordinates": [123.9657571, 10.3758168]}, "properties": {"category": "Recreation"}}, {"type": "Feature", "geometry": {"type": "Point", "coordinates": [123.974592, 10.364321]}, "properties": {"category": "Recreation"}}, {"type": "Feature", "geometry": {"type": "Point", "coordinates": [123.9582742, 10.374728]}, "properties": {"category": "Recreation"}}, {"type": "Feature", "geometry": {"type": "Point", "coordinates": [123.9717966, 10.3437797]}, "properties": {"category": "Recreation"}}, {"type": "Feature", "geometry": {"type": "Point", "coordinates": [123.9602321, 10.3767689]}, "properties": {"category": "Recreation"}}, {"type": "Feature", "geometry": {"type": "Point", "coordinates": [123.964846, 10.379547]}, "properties": {"category": "Recreation"}}, {"type": "Feature", "geometry": {"type": "Point", "coordinates": [123.9684492, 10.3761807]}, "properties": {"category": "Recreation"}}, {"type": "Feature", "geometry": {"type": "Point", "coordinates": [123.9831518, 10.370397]}, "properties": {"category": "Recreation"}}, {"type": "Feature", "geometry": {"type": "Point", "coordinates": [123.9647829, 10.3799905]}, "properties": {"category": "Recreation"}}, {"type": "Feature", "geometry": {"type": "Point", "coordinates": [123.9629389, 10.3785374]}, "properties": {"category": "Recreation"}}, {"type": "Feature", "geometry": {"type": "Point", "coordinates": [123.964846, 10.379547]}, "properties": {"category": "Recreation"}}, {"type": "Feature", "geometry": {"type": "Point", "coordinates": [123.9370676, 10.3889297]}, "properties": {"category": "Recreation"}}, {"type": "Feature", "geometry": {"type": "Point", "coordinates": [123.9664118, 10.3800781]}, "properties": {"category": "Recreation"}}, {"type": "Feature", "geometry": {"type": "Point", "coordinates": [123.9599553, 10.3759426]}, "properties": {"category": "Recreation"}}, {"type": "Feature", "geometry": {"type": "Point", "coordinates": [123.960345, 10.374343]}, "properties": {"category": "Recreation"}}, {"type": "Feature", "geometry": {"type": "Point", "coordinates": [123.9660332, 10.3800702]}, "properties": {"category": "Recreation"}}, {"type": "Feature", "geometry": {"type": "Point", "coordinates": [123.9713923, 10.3668673]}, "properties": {"category": "Recreation"}}, {"type": "Feature", "geometry": {"type": "Point", "coordinates": [123.960454, 10.376219]}, "properties": {"category": "Recreation"}}, {"type": "Feature", "geometry": {"type": "Point", "coordinates": [123.9674915, 10.3806892]}, "properties": {"category": "Recreation"}}, {"type": "Feature", "geometry": {"type": "Point", "coordinates": [123.9674965, 10.3806538]}, "properties": {"category": "Recreation"}}, {"type": "Feature", "geometry": {"type": "Point", "coordinates": [123.960659, 10.3764789]}, "properties": {"category": "Recreation"}}, {"type": "Feature", "geometry": {"type": "Point", "coordinates": [123.9646347, 10.3799901]}, "properties": {"category": "Recreation"}}, {"type": "Feature", "geometry": {"type": "Point", "coordinates": [123.964846, 10.379547]}, "properties": {"category": "Recreation"}}, {"type": "Feature", "geometry": {"type": "Point", "coordinates": [123.9707492, 10.3859431]}, "properties": {"category": "Recreation"}}, {"type": "Feature", "geometry": {"type": "Point", "coordinates": [123.964428, 10.379951]}, "properties": {"category": "Recreation"}}, {"type": "Feature", "geometry": {"type": "Point", "coordinates": [123.964846, 10.379547]}, "properties": {"category": "Recreation"}}, {"type": "Feature", "geometry": {"type": "Point", "coordinates": [123.9662931, 10.3800252]}, "properties": {"category": "Recreation"}}, {"type": "Feature", "geometry": {"type": "Point", "coordinates": [123.9133837, 10.4061605]}, "properties": {"category": "Recreation"}}, {"type": "Feature", "geometry": {"type": "Point", "coordinates": [123.986504, 10.36336]}, "properties": {"category": "Recreation"}}, {"type": "Feature", "geometry": {"type": "Point", "coordinates": [123.9282415, 10.4371947]}, "properties": {"category": "Recreation"}}, {"type": "Feature", "geometry": {"type": "Point", "coordinates": [123.9683161, 10.380169]}, "properties": {"category": "Recreation"}}, {"type": "Feature", "geometry": {"type": "Point", "coordinates": [123.9455558, 10.3964139]}, "properties": {"category": "Recreation"}}, {"type": "Feature", "geometry": {"type": "Point", "coordinates": [123.9644785, 10.3795485]}, "properties": {"category": "Recreation"}}, {"type": "Feature", "geometry": {"type": "Point", "coordinates": [124.024564, 10.310502]}, "properties": {"category": "Recreation"}}, {"type": "Feature", "geometry": {"type": "Point", "coordinates": [123.953217, 10.3051608]}, "properties": {"category": "Recreation"}}, {"type": "Feature", "geometry": {"type": "Point", "coordinates": [123.9898653, 10.3071035]}, "properties": {"category": "Recreation"}}, {"type": "Feature", "geometry": {"type": "Point", "coordinates": [123.9695462, 10.2846457]}, "properties": {"category": "Recreation"}}, {"type": "Feature", "geometry": {"type": "Point", "coordinates": [123.962255, 10.3175115]}, "properties": {"category": "Recreation"}}, {"type": "Feature", "geometry": {"type": "Point", "coordinates": [123.959874, 10.3108889]}, "properties": {"category": "Recreation"}}, {"type": "Feature", "geometry": {"type": "Point", "coordinates": [123.9618035, 10.2917436]}, "properties": {"category": "Recreation"}}, {"type": "Feature", "geometry": {"type": "Point", "coordinates": [123.9615061, 10.3119547]}, "properties": {"category": "Recreation"}}, {"type": "Feature", "geometry": {"type": "Point", "coordinates": [123.9615448, 10.2800067]}, "properties": {"category": "Recreation"}}, {"type": "Feature", "geometry": {"type": "Point", "coordinates": [123.936436, 10.2872219]}, "properties": {"category": "Recreation"}}, {"type": "Feature", "geometry": {"type": "Point", "coordinates": [123.9992054, 10.2954152]}, "properties": {"category": "Recreation"}}, {"type": "Feature", "geometry": {"type": "Point", "coordinates": [123.9466275, 10.2980236]}, "properties": {"category": "Recreation"}}, {"type": "Feature", "geometry": {"type": "Point", "coordinates": [123.9958151, 10.3102181]}, "properties": {"category": "Recreation"}}, {"type": "Feature", "geometry": {"type": "Point", "coordinates": [123.951312, 10.302559]}, "properties": {"category": "Recreation"}}, {"type": "Feature", "geometry": {"type": "Point", "coordinates": [123.9575578, 10.3108539]}, "properties": {"category": "Recreation"}}, {"type": "Feature", "geometry": {"type": "Point", "coordinates": [123.9596381, 10.3150498]}, "properties": {"category": "Recreation"}}, {"type": "Feature", "geometry": {"type": "Point", "coordinates": [123.9237854, 10.3169271]}, "properties": {"category": "Recreation"}}, {"type": "Feature", "geometry": {"type": "Point", "coordinates": [123.9592639, 10.3148407]}, "properties": {"category": "Recreation"}}, {"type": "Feature", "geometry": {"type": "Point", "coordinates": [123.992406, 10.2925634]}, "properties": {"category": "Recreation"}}, {"type": "Feature", "geometry": {"type": "Point", "coordinates": [123.966582, 10.2914824]}, "properties": {"category": "Recreation"}}, {"type": "Feature", "geometry": {"type": "Point", "coordinates": [123.9953468, 10.3083048]}, "properties": {"category": "Recreation"}}, {"type": "Feature", "geometry": {"type": "Point", "coordinates": [123.941158, 10.2728128]}, "properties": {"category": "Recreation"}}, {"type": "Feature", "geometry": {"type": "Point", "coordinates": [123.94214, 10.2743489]}, "properties": {"category": "Recreation"}}, {"type": "Feature", "geometry": {"type": "Point", "coordinates": [123.9969654, 10.2927924]}, "properties": {"category": "Recreation"}}, {"type": "Feature", "geometry": {"type": "Point", "coordinates": [123.9973986, 10.2929834]}, "properties": {"category": "Recreation"}}, {"type": "Feature", "geometry": {"type": "Point", "coordinates": [123.9989059, 10.3116006]}, "properties": {"category": "Recreation"}}, {"type": "Feature", "geometry": {"type": "Point", "coordinates": [123.9263646, 10.3242455]}, "properties": {"category": "Recreation"}}, {"type": "Feature", "geometry": {"type": "Point", "coordinates": [124.002194, 10.286498]}, "properties": {"category": "Recreation"}}, {"type": "Feature", "geometry": {"type": "Point", "coordinates": [123.9671889, 10.2909255]}, "properties": {"category": "Recreation"}}, {"type": "Feature", "geometry": {"type": "Point", "coordinates": [124.0276308, 10.3205153]}, "properties": {"category": "Recreation"}}, {"type": "Feature", "geometry": {"type": "Point", "coordinates": [124.0011428, 10.2867261]}, "properties": {"category": "Recreation"}}, {"type": "Feature", "geometry": {"type": "Point", "coordinates": [123.949758, 10.309734]}, "properties": {"category": "Recreation"}}, {"type": "Feature", "geometry": {"type": "Point", "coordinates": [123.9359907, 10.3233879]}, "properties": {"category": "Recreation"}}, {"type": "Feature", "geometry": {"type": "Point", "coordinates": [123.9360278, 10.3233333]}, "properties": {"category": "Recreation"}}, {"type": "Feature", "geometry": {"type": "Point", "coordinates": [123.9567484, 10.3179223]}, "properties": {"category": "Recreation"}}, {"type": "Feature", "geometry": {"type": "Point", "coordinates": [123.9595355, 10.3128967]}, "properties": {"category": "Recreation"}}, {"type": "Feature", "geometry": {"type": "Point", "coordinates": [123.9784395, 10.2996676]}, "properties": {"category": "Recreation"}}, {"type": "Feature", "geometry": {"type": "Point", "coordinates": [123.959528, 10.2817332]}, "properties": {"category": "Recreation"}}, {"type": "Feature", "geometry": {"type": "Point", "coordinates": [123.9845815, 10.2988482]}, "properties": {"category": "Recreation"}}, {"type": "Feature", "geometry": {"type": "Point", "coordinates": [123.985557, 10.3004791]}, "properties": {"category": "Recreation"}}, {"type": "Feature", "geometry": {"type": "Point", "coordinates": [124.0137072, 10.307672]}, "properties": {"category": "Recreation"}}, {"type": "Feature", "geometry": {"type": "Point", "coordinates": [123.9499517, 10.3288909]}, "properties": {"category": "Recreation"}}, {"type": "Feature", "geometry": {"type": "Point", "coordinates": [123.960199, 10.2869248]}, "properties": {"category": "Recreation"}}, {"type": "Feature", "geometry": {"type": "Point", "coordinates": [123.9664297, 10.2809916]}, "properties": {"category": "Recreation"}}, {"type": "Feature", "geometry": {"type": "Point", "coordinates": [123.96271, 10.2939262]}, "properties": {"category": "Recreation"}}, {"type": "Feature", "geometry": {"type": "Point", "coordinates": [123.9290491, 10.3215087]}, "properties": {"category": "Recreation"}}, {"type": "Feature", "geometry": {"type": "Point", "coordinates": [123.9436428, 10.3345882]}, "properties": {"category": "Recreation"}}, {"type": "Feature", "geometry": {"type": "Point", "coordinates": [123.9481408, 10.3097359]}, "properties": {"category": "Recreation"}}, {"type": "Feature", "geometry": {"type": "Point", "coordinates": [123.9520682, 10.3244959]}, "properties": {"category": "Recreation"}}, {"type": "Feature", "geometry": {"type": "Point", "coordinates": [123.9637469, 10.2983545]}, "properties": {"category": "Recreation"}}, {"type": "Feature", "geometry": {"type": "Point", "coordinates": [124.0052671, 10.3127506]}, "properties": {"category": "Recreation"}}, {"type": "Feature", "geometry": {"type": "Point", "coordinates": [123.9836824, 10.269808]}, "properties": {"category": "Recreation"}}, {"type": "Feature", "geometry": {"type": "Point", "coordinates": [124.0412646, 10.3285622]}, "properties": {"category": "Recreation"}}, {"type": "Feature", "geometry": {"type": "Point", "coordinates": [123.964659, 10.318282]}, "properties": {"category": "Recreation"}}, {"type": "Feature", "geometry": {"type": "Point", "coordinates": [123.9575737, 10.3141036]}, "properties": {"category": "Recreation"}}, {"type": "Feature", "geometry": {"type": "Point", "coordinates": [124.0147388, 10.2956206]}, "properties": {"category": "Recreation"}}, {"type": "Feature", "geometry": {"type": "Point", "coordinates": [123.9603242, 10.3059942]}, "properties": {"category": "Recreation"}}, {"type": "Feature", "geometry": {"type": "Point", "coordinates": [123.9656643, 10.3165262]}, "properties": {"category": "Recreation"}}, {"type": "Feature", "geometry": {"type": "Point", "coordinates": [124.0276401, 10.3205803]}, "properties": {"category": "Recreation"}}, {"type": "Feature", "geometry": {"type": "Point", "coordinates": [123.9674531, 10.3249471]}, "properties": {"category": "Recreation"}}, {"type": "Feature", "geometry": {"type": "Point", "coordinates": [123.9491584, 10.313228]}, "properties": {"category": "Recreation"}}, {"type": "Feature", "geometry": {"type": "Point", "coordinates": [124.0000941, 10.287466]}, "properties": {"category": "Recreation"}}, {"type": "Feature", "geometry": {"type": "Point", "coordinates": [123.987059, 10.2645922]}, "properties": {"category": "Recreation"}}, {"type": "Feature", "geometry": {"type": "Point", "coordinates": [123.9777003, 10.3241047]}, "properties": {"category": "Recreation"}}, {"type": "Feature", "geometry": {"type": "Point", "coordinates": [123.9628669, 10.3169031]}, "properties": {"category": "Recreation"}}, {"type": "Feature", "geometry": {"type": "Point", "coordinates": [123.9608592, 10.3024964]}, "properties": {"category": "Recreation"}}, {"type": "Feature", "geometry": {"type": "Point", "coordinates": [123.9861638, 10.3045982]}, "properties": {"category": "Recreation"}}, {"type": "Feature", "geometry": {"type": "Point", "coordinates": [123.963815, 10.2831214]}, "properties": {"category": "Recreation"}}, {"type": "Feature", "geometry": {"type": "Point", "coordinates": [123.9225247, 10.3190831]}, "properties": {"category": "Recreation"}}, {"type": "Feature", "geometry": {"type": "Point", "coordinates": [123.9679905, 10.3248777]}, "properties": {"category": "Recreation"}}, {"type": "Feature", "geometry": {"type": "Point", "coordinates": [123.962358, 10.2999167]}, "properties": {"category": "Recreation"}}, {"type": "Feature", "geometry": {"type": "Point", "coordinates": [123.9674318, 10.2903954]}, "properties": {"category": "Recreation"}}, {"type": "Feature", "geometry": {"type": "Point", "coordinates": [123.9845807, 10.2608814]}, "properties": {"category": "Recreation"}}, {"type": "Feature", "geometry": {"type": "Point", "coordinates": [123.9245783, 10.3175291]}, "properties": {"category": "Recreation"}}, {"type": "Feature", "geometry": {"type": "Point", "coordinates": [123.9225723, 10.318048]}, "properties": {"category": "Recreation"}}, {"type": "Feature", "geometry": {"type": "Point", "coordinates": [123.9492918, 10.321627]}, "properties": {"category": "Recreation"}}, {"type": "Feature", "geometry": {"type": "Point", "coordinates": [123.9638589, 10.3107475]}, "properties": {"category": "Recreation"}}, {"type": "Feature", "geometry": {"type": "Point", "coordinates": [123.9624159, 10.317706]}, "properties": {"category": "Recreation"}}, {"type": "Feature", "geometry": {"type": "Point", "coordinates": [123.9626289, 10.3172804]}, "properties": {"category": "Recreation"}}, {"type": "Feature", "geometry": {"type": "Point", "coordinates": [123.9282091, 10.3112017]}, "properties": {"category": "Recreation"}}, {"type": "Feature", "geometry": {"type": "Point", "coordinates": [123.995255, 10.313085]}, "properties": {"category": "Recreation"}}, {"type": "Feature", "geometry": {"type": "Point", "coordinates": [123.9233887, 10.3139789]}, "properties": {"category": "Recreation"}}, {"type": "Feature", "geometry": {"type": "Point", "coordinates": [123.9423794, 10.3255969]}, "properties": {"category": "Recreation"}}, {"type": "Feature", "geometry": {"type": "Point", "coordinates": [123.9749357, 10.2813057]}, "properties": {"category": "Recreation"}}, {"type": "Feature", "geometry": {"type": "Point", "coordinates": [123.9950131, 10.2793316]}, "properties": {"category": "Recreation"}}, {"type": "Feature", "geometry": {"type": "Point", "coordinates": [124.0086583, 10.2900397]}, "properties": {"category": "Recreation"}}, {"type": "Feature", "geometry": {"type": "Point", "coordinates": [123.9982229, 10.300722]}, "properties": {"category": "Recreation"}}, {"type": "Feature", "geometry": {"type": "Point", "coordinates": [123.967625, 10.28934]}, "properties": {"category": "Recreation"}}, {"type": "Feature", "geometry": {"type": "Point", "coordinates": [123.9858524, 10.2901039]}, "properties": {"category": "Recreation"}}, {"type": "Feature", "geometry": {"type": "Point", "coordinates": [123.989915, 10.3078254]}, "properties": {"category": "Recreation"}}, {"type": "Feature", "geometry": {"type": "Point", "coordinates": [123.9576533, 10.3052052]}, "properties": {"category": "Recreation"}}, {"type": "Feature", "geometry": {"type": "Point", "coordinates": [123.94289, 10.2870783]}, "properties": {"category": "Recreation"}}, {"type": "Feature", "geometry": {"type": "Point", "coordinates": [123.9902019, 10.3295135]}, "properties": {"category": "Recreation"}}, {"type": "Feature", "geometry": {"type": "Point", "coordinates": [123.954371, 10.312115]}, "properties": {"category": "Recreation"}}, {"type": "Feature", "geometry": {"type": "Point", "coordinates": [123.95989, 10.315068]}, "properties": {"category": "Recreation"}}, {"type": "Feature", "geometry": {"type": "Point", "coordinates": [124.030494, 10.3223822]}, "properties": {"category": "Recreation"}}, {"type": "Feature", "geometry": {"type": "Point", "coordinates": [123.9594604, 10.2816596]}, "properties": {"category": "Recreation"}}, {"type": "Feature", "geometry": {"type": "Point", "coordinates": [123.961041, 10.2910239]}, "properties": {"category": "Recreation"}}, {"type": "Feature", "geometry": {"type": "Point", "coordinates": [123.9212031, 10.3158125]}, "properties": {"category": "Recreation"}}, {"type": "Feature", "geometry": {"type": "Point", "coordinates": [123.9649095, 10.3168646]}, "properties": {"category": "Recreation"}}, {"type": "Feature", "geometry": {"type": "Point", "coordinates": [124.0298318, 10.3220326]}, "properties": {"category": "Recreation"}}, {"type": "Feature", "geometry": {"type": "Point", "coordinates": [123.9252579, 10.3198157]}, "properties": {"category": "Recreation"}}, {"type": "Feature", "geometry": {"type": "Point", "coordinates": [123.9503345, 10.3096117]}, "properties": {"category": "Recreation"}}, {"type": "Feature", "geometry": {"type": "Point", "coordinates": [124.015789, 10.3010042]}, "properties": {"category": "Recreation"}}, {"type": "Feature", "geometry": {"type": "Point", "coordinates": [123.9529129, 10.3107131]}, "properties": {"category": "Recreation"}}, {"type": "Feature", "geometry": {"type": "Point", "coordinates": [123.9258887, 10.322667]}, "properties": {"category": "Recreation"}}, {"type": "Feature", "geometry": {"type": "Point", "coordinates": [123.9505172, 10.3106538]}, "properties": {"category": "Recreation"}}, {"type": "Feature", "geometry": {"type": "Point", "coordinates": [123.9508142, 10.3091669]}, "properties": {"category": "Recreation"}}, {"type": "Feature", "geometry": {"type": "Point", "coordinates": [123.9639483, 10.3183756]}, "properties": {"category": "Recreation"}}, {"type": "Feature", "geometry": {"type": "Point", "coordinates": [123.9639483, 10.3183756]}, "properties": {"category": "Recreation"}}, {"type": "Feature", "geometry": {"type": "Point", "coordinates": [123.9494018, 10.3122997]}, "properties": {"category": "Recreation"}}, {"type": "Feature", "geometry": {"type": "Point", "coordinates": [123.9495067, 10.3118029]}, "properties": {"category": "Recreation"}}, {"type": "Feature", "geometry": {"type": "Point", "coordinates": [123.9509173, 10.3092027]}, "properties": {"category": "Recreation"}}, {"type": "Feature", "geometry": {"type": "Point", "coordinates": [123.9650923, 10.3166639]}, "properties": {"category": "Recreation"}}, {"type": "Feature", "geometry": {"type": "Point", "coordinates": [123.957092, 10.3175199]}, "properties": {"category": "Recreation"}}, {"type": "Feature", "geometry": {"type": "Point", "coordinates": [123.9574073, 10.3061492]}, "properties": {"category": "Recreation"}}, {"type": "Feature", "geometry": {"type": "Point", "coordinates": [123.9614199, 10.3015218]}, "properties": {"category": "Recreation"}}, {"type": "Feature", "geometry": {"type": "Point", "coordinates": [123.9653599, 10.3174367]}, "properties": {"category": "Recreation"}}, {"type": "Feature", "geometry": {"type": "Point", "coordinates": [123.9722147, 10.2667391]}, "properties": {"category": "Recreation"}}, {"type": "Feature", "geometry": {"type": "Point", "coordinates": [123.950255, 10.310521]}, "properties": {"category": "Recreation"}}, {"type": "Feature", "geometry": {"type": "Point", "coordinates": [124.0152841, 10.3113842]}, "properties": {"category": "Recreation"}}, {"type": "Feature", "geometry": {"type": "Point", "coordinates": [123.966805, 10.290092]}, "properties": {"category": "Recreation"}}, {"type": "Feature", "geometry": {"type": "Point", "coordinates": [123.956261, 10.3034557]}, "properties": {"category": "Recreation"}}, {"type": "Feature", "geometry": {"type": "Point", "coordinates": [123.9257665, 10.31406]}, "properties": {"category": "Recreation"}}, {"type": "Feature", "geometry": {"type": "Point", "coordinates": [123.949763, 10.3108272]}, "properties": {"category": "Recreation"}}, {"type": "Feature", "geometry": {"type": "Point", "coordinates": [123.9640273, 10.3003812]}, "properties": {"category": "Recreation"}}, {"type": "Feature", "geometry": {"type": "Point", "coordinates": [123.9431901, 10.3257377]}, "properties": {"category": "Recreation"}}, {"type": "Feature", "geometry": {"type": "Point", "coordinates": [123.9638531, 10.2990463]}, "properties": {"category": "Recreation"}}, {"type": "Feature", "geometry": {"type": "Point", "coordinates": [123.9751759, 10.3153252]}, "properties": {"category": "Recreation"}}, {"type": "Feature", "geometry": {"type": "Point", "coordinates": [123.9669585, 10.3117473]}, "properties": {"category": "Recreation"}}, {"type": "Feature", "geometry": {"type": "Point", "coordinates": [123.993187, 10.312559]}, "properties": {"category": "Recreation"}}, {"type": "Feature", "geometry": {"type": "Point", "coordinates": [123.9746534, 10.2799993]}, "properties": {"category": "Recreation"}}, {"type": "Feature", "geometry": {"type": "Point", "coordinates": [124.0174755, 10.3082854]}, "properties": {"category": "Recreation"}}, {"type": "Feature", "geometry": {"type": "Point", "coordinates": [124.013578, 10.3080385]}, "properties": {"category": "Recreation"}}, {"type": "Feature", "geometry": {"type": "Point", "coordinates": [123.9620725, 10.3173501]}, "properties": {"category": "Recreation"}}, {"type": "Feature", "geometry": {"type": "Point", "coordinates": [123.9609033, 10.3156706]}, "properties": {"category": "Recreation"}}, {"type": "Feature", "geometry": {"type": "Point", "coordinates": [124.0152507, 10.3108234]}, "properties": {"category": "Recreation"}}, {"type": "Feature", "geometry": {"type": "Point", "coordinates": [123.9649682, 10.2953483]}, "properties": {"category": "Recreation"}}, {"type": "Feature", "geometry": {"type": "Point", "coordinates": [124.0111283, 10.305527]}, "properties": {"category": "Recreation"}}, {"type": "Feature", "geometry": {"type": "Point", "coordinates": [123.9833557, 10.3136169]}, "properties": {"category": "Recreation"}}, {"type": "Feature", "geometry": {"type": "Point", "coordinates": [123.9642532, 10.2818972]}, "properties": {"category": "Recreation"}}, {"type": "Feature", "geometry": {"type": "Point", "coordinates": [124.0152778, 10.3108333]}, "properties": {"category": "Recreation"}}, {"type": "Feature", "geometry": {"type": "Point", "coordinates": [123.9236733, 10.3128635]}, "properties": {"category": "Recreation"}}, {"type": "Feature", "geometry": {"type": "Point", "coordinates": [124.0297478, 10.3170035]}, "properties": {"category": "Recreation"}}, {"type": "Feature", "geometry": {"type": "Point", "coordinates": [123.9384725, 10.3199756]}, "properties": {"category": "Recreation"}}, {"type": "Feature", "geometry": {"type": "Point", "coordinates": [123.9369862, 10.3206842]}, "properties": {"category": "Recreation"}}, {"type": "Feature", "geometry": {"type": "Point", "coordinates": [123.9370113, 10.3285048]}, "properties": {"category": "Recreation"}}, {"type": "Feature", "geometry": {"type": "Point", "coordinates": [123.9427271, 10.3278985]}, "properties": {"category": "Recreation"}}, {"type": "Feature", "geometry": {"type": "Point", "coordinates": [123.9429734, 10.32746]}, "properties": {"category": "Recreation"}}, {"type": "Feature", "geometry": {"type": "Point", "coordinates": [123.940904, 10.324005]}, "properties": {"category": "Recreation"}}, {"type": "Feature", "geometry": {"type": "Point", "coordinates": [123.9415054, 10.3239579]}, "properties": {"category": "Recreation"}}, {"type": "Feature", "geometry": {"type": "Point", "coordinates": [123.9428, 10.3277785]}, "properties": {"category": "Recreation"}}, {"type": "Feature", "geometry": {"type": "Point", "coordinates": [123.9681524, 10.3396217]}, "properties": {"category": "Recreation"}}, {"type": "Feature", "geometry": {"type": "Point", "coordinates": [123.9427271, 10.3278985]}, "properties": {"category": "Recreation"}}, {"type": "Feature", "geometry": {"type": "Point", "coordinates": [123.957233, 10.3242344]}, "properties": {"category": "Recreation"}}, {"type": "Feature", "geometry": {"type": "Point", "coordinates": [123.9913691, 10.3126554]}, "properties": {"category": "Recreation"}}, {"type": "Feature", "geometry": {"type": "Point", "coordinates": [124.0078186, 10.3047113]}, "properties": {"category": "Recreation"}}, {"type": "Feature", "geometry": {"type": "Point", "coordinates": [123.952057, 10.3109439]}, "properties": {"category": "Recreation"}}, {"type": "Feature", "geometry": {"type": "Point", "coordinates": [123.9501787, 10.3108053]}, "properties": {"category": "Recreation"}}, {"type": "Feature", "geometry": {"type": "Point", "coordinates": [123.9680938, 10.3248934]}, "properties": {"category": "Recreation"}}, {"type": "Feature", "geometry": {"type": "Point", "coordinates": [123.9619804, 10.2832678]}, "properties": {"category": "Recreation"}}, {"type": "Feature", "geometry": {"type": "Point", "coordinates": [123.9479973, 10.3135342]}, "properties": {"category": "Recreation"}}, {"type": "Feature", "geometry": {"type": "Point", "coordinates": [124.0025596, 10.2907942]}, "properties": {"category": "Recreation"}}, {"type": "Feature", "geometry": {"type": "Point", "coordinates": [124.0234039, 10.3105249]}, "properties": {"category": "Recreation"}}, {"type": "Feature", "geometry": {"type": "Point", "coordinates": [123.9483908, 10.3121385]}, "properties": {"category": "Recreation"}}, {"type": "Feature", "geometry": {"type": "Point", "coordinates": [123.944267, 10.324202]}, "properties": {"category": "Recreation"}}, {"type": "Feature", "geometry": {"type": "Point", "coordinates": [124.0174755, 10.3082854]}, "properties": {"category": "Recreation"}}, {"type": "Feature", "geometry": {"type": "Point", "coordinates": [123.9790727, 10.2823276]}, "properties": {"category": "Recreation"}}, {"type": "Feature", "geometry": {"type": "Point", "coordinates": [123.9703044, 10.2864632]}, "properties": {"category": "Recreation"}}, {"type": "Feature", "geometry": {"type": "Point", "coordinates": [123.9633829, 10.3140523]}, "properties": {"category": "Recreation"}}, {"type": "Feature", "geometry": {"type": "Point", "coordinates": [124.0085437, 10.2897676]}, "properties": {"category": "Recreation"}}, {"type": "Feature", "geometry": {"type": "Point", "coordinates": [123.948828, 10.312909]}, "properties": {"category": "Recreation"}}, {"type": "Feature", "geometry": {"type": "Point", "coordinates": [123.9717875, 10.2775247]}, "properties": {"category": "Recreation"}}, {"type": "Feature", "geometry": {"type": "Point", "coordinates": [123.9526813, 10.3064515]}, "properties": {"category": "Recreation"}}, {"type": "Feature", "geometry": {"type": "Point", "coordinates": [123.9604066, 10.3017089]}, "properties": {"category": "Recreation"}}, {"type": "Feature", "geometry": {"type": "Point", "coordinates": [123.9857319, 10.2992891]}, "properties": {"category": "Recreation"}}, {"type": "Feature", "geometry": {"type": "Point", "coordinates": [123.9853653, 10.2989811]}, "properties": {"category": "Recreation"}}, {"type": "Feature", "geometry": {"type": "Point", "coordinates": [123.9511514, 10.310735]}, "properties": {"category": "Recreation"}}, {"type": "Feature", "geometry": {"type": "Point", "coordinates": [123.949346, 10.3113816]}, "properties": {"category": "Recreation"}}, {"type": "Feature", "geometry": {"type": "Point", "coordinates": [124.0413239, 10.2192317]}, "properties": {"category": "Recreation"}}, {"type": "Feature", "geometry": {"type": "Point", "coordinates": [123.9423737, 10.2722241]}, "properties": {"category": "Recreation"}}, {"type": "Feature", "geometry": {"type": "Point", "coordinates": [123.993223, 10.2968756]}, "properties": {"category": "Recreation"}}, {"type": "Feature", "geometry": {"type": "Point", "coordinates": [123.9890666, 10.2801016]}, "properties": {"category": "Recreation"}}, {"type": "Feature", "geometry": {"type": "Point", "coordinates": [123.9841627, 10.2600645]}, "properties": {"category": "Recreation"}}, {"type": "Feature", "geometry": {"type": "Point", "coordinates": [123.9801927, 10.2574836]}, "properties": {"category": "Recreation"}}, {"type": "Feature", "geometry": {"type": "Point", "coordinates": [123.9522307, 10.3267278]}, "properties": {"category": "Recreation"}}, {"type": "Feature", "geometry": {"type": "Point", "coordinates": [124.014848, 10.3105856]}, "properties": {"category": "Recreation"}}, {"type": "Feature", "geometry": {"type": "Point", "coordinates": [123.9769196, 10.3128778]}, "properties": {"category": "Recreation"}}, {"type": "Feature", "geometry": {"type": "Point", "coordinates": [123.9790242, 10.3157313]}, "properties": {"category": "Recreation"}}, {"type": "Feature", "geometry": {"type": "Point", "coordinates": [123.9490241, 10.3126637]}, "properties": {"category": "Recreation"}}, {"type": "Feature", "geometry": {"type": "Point", "coordinates": [123.977276, 10.2947653]}, "properties": {"category": "Recreation"}}, {"type": "Feature", "geometry": {"type": "Point", "coordinates": [123.9954935, 10.2825932]}, "properties": {"category": "Recreation"}}, {"type": "Feature", "geometry": {"type": "Point", "coordinates": [123.9841478, 10.2967077]}, "properties": {"category": "Recreation"}}, {"type": "Feature", "geometry": {"type": "Point", "coordinates": [123.9420763, 10.2722332]}, "properties": {"category": "Recreation"}}, {"type": "Feature", "geometry": {"type": "Point", "coordinates": [123.9722147, 10.3197437]}, "properties": {"category": "Recreation"}}, {"type": "Feature", "geometry": {"type": "Point", "coordinates": [123.9510738, 10.3107057]}, "properties": {"category": "Recreation"}}, {"type": "Feature", "geometry": {"type": "Point", "coordinates": [123.9840579, 10.2817213]}, "properties": {"category": "Recreation"}}, {"type": "Feature", "geometry": {"type": "Point", "coordinates": [123.9499047, 10.310074]}, "properties": {"category": "Recreation"}}, {"type": "Feature", "geometry": {"type": "Point", "coordinates": [123.9592804, 10.3095755]}, "properties": {"category": "Recreation"}}, {"type": "Feature", "geometry": {"type": "Point", "coordinates": [123.9656888, 10.28456]}, "properties": {"category": "Recreation"}}, {"type": "Feature", "geometry": {"type": "Point", "coordinates": [123.9404358, 10.3336781]}, "properties": {"category": "Recreation"}}, {"type": "Feature", "geometry": {"type": "Point", "coordinates": [123.9426436, 10.3314163]}, "properties": {"category": "Recreation"}}, {"type": "Feature", "geometry": {"type": "Point", "coordinates": [123.9364424, 10.2825892]}, "properties": {"category": "Recreation"}}, {"type": "Feature", "geometry": {"type": "Point", "coordinates": [123.942532, 10.3268039]}, "properties": {"category": "Recreation"}}, {"type": "Feature", "geometry": {"type": "Point", "coordinates": [123.9428629, 10.3049815]}, "properties": {"category": "Recreation"}}, {"type": "Feature", "geometry": {"type": "Point", "coordinates": [124.0343142, 10.2577564]}, "properties": {"category": "Recreation"}}, {"type": "Feature", "geometry": {"type": "Point", "coordinates": [124.0473684, 10.2661899]}, "properties": {"category": "Recreation"}}, {"type": "Feature", "geometry": {"type": "Point", "coordinates": [124.0290369, 10.3217281]}, "properties": {"category": "Recreation"}}, {"type": "Feature", "geometry": {"type": "Point", "coordinates": [123.9826803, 10.2630113]}, "properties": {"category": "Recreation"}}, {"type": "Feature", "geometry": {"type": "Point", "coordinates": [124.0200301, 10.3081301]}, "properties": {"category": "Recreation"}}, {"type": "Feature", "geometry": {"type": "Point", "coordinates": [124.0218382, 10.3069578]}, "properties": {"category": "Recreation"}}, {"type": "Feature", "geometry": {"type": "Point", "coordinates": [123.952517, 10.310591]}, "properties": {"category": "Recreation"}}, {"type": "Feature", "geometry": {"type": "Point", "coordinates": [124.0262121, 10.3146431]}, "properties": {"category": "Recreation"}}, {"type": "Feature", "geometry": {"type": "Point", "coordinates": [123.9537227, 10.3015581]}, "properties": {"category": "Recreation"}}, {"type": "Feature", "geometry": {"type": "Point", "coordinates": [123.9720313, 10.2796974]}, "properties": {"category": "Recreation"}}, {"type": "Feature", "geometry": {"type": "Point", "coordinates": [123.950929, 10.312242]}, "properties": {"category": "Recreation"}}, {"type": "Feature", "geometry": {"type": "Point", "coordinates": [123.9703703, 10.2551012]}, "properties": {"category": "Recreation"}}, {"type": "Feature", "geometry": {"type": "Point", "coordinates": [123.9685781, 10.2864791]}, "properties": {"category": "Recreation"}}, {"type": "Feature", "geometry": {"type": "Point", "coordinates": [124.0248225, 10.3133864]}, "properties": {"category": "Recreation"}}, {"type": "Feature", "geometry": {"type": "Point", "coordinates": [123.954459, 10.3116919]}, "properties": {"category": "Recreation"}}, {"type": "Feature", "geometry": {"type": "Point", "coordinates": [123.9827296, 10.3276921]}, "properties": {"category": "Recreation"}}, {"type": "Feature", "geometry": {"type": "Point", "coordinates": [124.0038135, 10.3163835]}, "properties": {"category": "Recreation"}}, {"type": "Feature", "geometry": {"type": "Point", "coordinates": [123.9631936, 10.288572]}, "properties": {"category": "Recreation"}}, {"type": "Feature", "geometry": {"type": "Point", "coordinates": [123.9955291, 10.2793503]}, "properties": {"category": "Recreation"}}, {"type": "Feature", "geometry": {"type": "Point", "coordinates": [123.9948348, 10.2788644]}, "properties": {"category": "Recreation"}}, {"type": "Feature", "geometry": {"type": "Point", "coordinates": [124.0132362, 10.3078943]}, "properties": {"category": "Recreation"}}, {"type": "Feature", "geometry": {"type": "Point", "coordinates": [124.0193458, 10.3035254]}, "properties": {"category": "Recreation"}}, {"type": "Feature", "geometry": {"type": "Point", "coordinates": [123.9951407, 10.2833833]}, "properties": {"category": "Recreation"}}, {"type": "Feature", "geometry": {"type": "Point", "coordinates": [123.9387038, 10.3221925]}, "properties": {"category": "Recreation"}}, {"type": "Feature", "geometry": {"type": "Point", "coordinates": [123.9601139, 10.3158836]}, "properties": {"category": "Recreation"}}, {"type": "Feature", "geometry": {"type": "Point", "coordinates": [123.9861095, 10.2632145]}, "properties": {"category": "Recreation"}}, {"type": "Feature", "geometry": {"type": "Point", "coordinates": [123.986118, 10.263534]}, "properties": {"category": "Recreation"}}, {"type": "Feature", "geometry": {"type": "Point", "coordinates": [124.0150951, 10.3078837]}, "properties": {"category": "Recreation"}}, {"type": "Feature", "geometry": {"type": "Point", "coordinates": [123.9354299, 10.3310823]}, "properties": {"category": "Recreation"}}, {"type": "Feature", "geometry": {"type": "Point", "coordinates": [123.9652046, 10.3286976]}, "properties": {"category": "Recreation"}}, {"type": "Feature", "geometry": {"type": "Point", "coordinates": [123.9841978, 10.260274]}, "properties": {"category": "Recreation"}}, {"type": "Feature", "geometry": {"type": "Point", "coordinates": [123.9514125, 10.3111409]}, "properties": {"category": "Recreation"}}, {"type": "Feature", "geometry": {"type": "Point", "coordinates": [123.9520062, 10.3131034]}, "properties": {"category": "Recreation"}}, {"type": "Feature", "geometry": {"type": "Point", "coordinates": [124.0188378, 10.3102359]}, "properties": {"category": "Recreation"}}, {"type": "Feature", "geometry": {"type": "Point", "coordinates": [124.0180972, 10.3062607]}, "properties": {"category": "Recreation"}}, {"type": "Feature", "geometry": {"type": "Point", "coordinates": [123.9737819, 10.2829916]}, "properties": {"category": "Recreation"}}, {"type": "Feature", "geometry": {"type": "Point", "coordinates": [123.9486111, 10.3125]}, "properties": {"category": "Recreation"}}, {"type": "Feature", "geometry": {"type": "Point", "coordinates": [123.9434159, 10.3288241]}, "properties": {"category": "Recreation"}}, {"type": "Feature", "geometry": {"type": "Point", "coordinates": [124.0325479, 10.3210925]}, "properties": {"category": "Recreation"}}, {"type": "Feature", "geometry": {"type": "Point", "coordinates": [123.9649371, 10.2969274]}, "properties": {"category": "Recreation"}}, {"type": "Feature", "geometry": {"type": "Point", "coordinates": [123.9628968, 10.316721]}, "properties": {"category": "Recreation"}}, {"type": "Feature", "geometry": {"type": "Point", "coordinates": [123.950463, 10.311684]}, "properties": {"category": "Recreation"}}, {"type": "Feature", "geometry": {"type": "Point", "coordinates": [123.9703044, 10.2864632]}, "properties": {"category": "Recreation"}}, {"type": "Feature", "geometry": {"type": "Point", "coordinates": [123.9528991, 10.3106813]}, "properties": {"category": "Recreation"}}, {"type": "Feature", "geometry": {"type": "Point", "coordinates": [123.9431475, 10.3275549]}, "properties": {"category": "Recreation"}}, {"type": "Feature", "geometry": {"type": "Point", "coordinates": [123.9496635, 10.3102125]}, "properties": {"category": "Recreation"}}, {"type": "Feature", "geometry": {"type": "Point", "coordinates": [123.9495509, 10.3110848]}, "properties": {"category": "Recreation"}}, {"type": "Feature", "geometry": {"type": "Point", "coordinates": [123.950259, 10.310014]}, "properties": {"category": "Recreation"}}, {"type": "Feature", "geometry": {"type": "Point", "coordinates": [123.94066, 10.284856]}, "properties": {"category": "Recreation"}}, {"type": "Feature", "geometry": {"type": "Point", "coordinates": [123.9389958, 10.3235035]}, "properties": {"category": "Recreation"}}, {"type": "Feature", "geometry": {"type": "Point", "coordinates": [124.0123147, 10.3134732]}, "properties": {"category": "Recreation"}}, {"type": "Feature", "geometry": {"type": "Point", "coordinates": [123.9777887, 10.2757142]}, "properties": {"category": "Recreation"}}, {"type": "Feature", "geometry": {"type": "Point", "coordinates": [124.0059005, 10.2881416]}, "properties": {"category": "Recreation"}}, {"type": "Feature", "geometry": {"type": "Point", "coordinates": [123.9151604, 10.3418219]}, "properties": {"category": "Recreation"}}, {"type": "Feature", "geometry": {"type": "Point", "coordinates": [123.9266295, 10.3866096]}, "properties": {"category": "Recreation"}}, {"type": "Feature", "geometry": {"type": "Point", "coordinates": [123.9205004, 10.3408664]}, "properties": {"category": "Recreation"}}, {"type": "Feature", "geometry": {"type": "Point", "coordinates": [123.9262776, 10.324672]}, "properties": {"category": "Recreation"}}, {"type": "Feature", "geometry": {"type": "Point", "coordinates": [123.9219854, 10.3276021]}, "properties": {"category": "Recreation"}}, {"type": "Feature", "geometry": {"type": "Point", "coordinates": [123.9570442, 10.3516371]}, "properties": {"category": "Recreation"}}, {"type": "Feature", "geometry": {"type": "Point", "coordinates": [123.913, 10.3376]}, "properties": {"category": "Recreation"}}, {"type": "Feature", "geometry": {"type": "Point", "coordinates": [123.9280191, 10.3643521]}, "properties": {"category": "Recreation"}}, {"type": "Feature", "geometry": {"type": "Point", "coordinates": [123.9224259, 10.3401009]}, "properties": {"category": "Recreation"}}, {"type": "Feature", "geometry": {"type": "Point", "coordinates": [123.9192138, 10.3414155]}, "properties": {"category": "Recreation"}}, {"type": "Feature", "geometry": {"type": "Point", "coordinates": [123.9410403, 10.3671665]}, "properties": {"category": "Recreation"}}, {"type": "Feature", "geometry": {"type": "Point", "coordinates": [123.9201486, 10.3412435]}, "properties": {"category": "Recreation"}}, {"type": "Feature", "geometry": {"type": "Point", "coordinates": [123.9442798, 10.3350977]}, "properties": {"category": "Recreation"}}, {"type": "Feature", "geometry": {"type": "Point", "coordinates": [123.923538, 10.340199]}, "properties": {"category": "Recreation"}}, {"type": "Feature", "geometry": {"type": "Point", "coordinates": [123.916974, 10.326377]}, "properties": {"category": "Recreation"}}, {"type": "Feature", "geometry": {"type": "Point", "coordinates": [123.9159676, 10.3433182]}, "properties": {"category": "Recreation"}}, {"type": "Feature", "geometry": {"type": "Point", "coordinates": [123.9165082, 10.3389405]}, "properties": {"category": "Recreation"}}, {"type": "Feature", "geometry": {"type": "Point", "coordinates": [123.9330001, 10.346599]}, "properties": {"category": "Recreation"}}, {"type": "Feature", "geometry": {"type": "Point", "coordinates": [123.9163972, 10.3375629]}, "properties": {"category": "Recreation"}}, {"type": "Feature", "geometry": {"type": "Point", "coordinates": [123.9569917, 10.3483217]}, "properties": {"category": "Recreation"}}, {"type": "Feature", "geometry": {"type": "Point", "coordinates": [123.923278, 10.340032]}, "properties": {"category": "Recreation"}}, {"type": "Feature", "geometry": {"type": "Point", "coordinates": [123.9159474, 10.3636515]}, "properties": {"category": "Recreation"}}, {"type": "Feature", "geometry": {"type": "Point", "coordinates": [123.9107686, 10.3585053]}, "properties": {"category": "Recreation"}}, {"type": "Feature", "geometry": {"type": "Point", "coordinates": [123.9194278, 10.3412832]}, "properties": {"category": "Recreation"}}, {"type": "Feature", "geometry": {"type": "Point", "coordinates": [123.9504265, 10.3566146]}, "properties": {"category": "Recreation"}}, {"type": "Feature", "geometry": {"type": "Point", "coordinates": [123.9401578, 10.3416337]}, "properties": {"category": "Recreation"}}, {"type": "Feature", "geometry": {"type": "Point", "coordinates": [123.9196236, 10.3417828]}, "properties": {"category": "Recreation"}}, {"type": "Feature", "geometry": {"type": "Point", "coordinates": [123.9432364, 10.337832]}, "properties": {"category": "Recreation"}}, {"type": "Feature", "geometry": {"type": "Point", "coordinates": [123.8978917, 10.3572859]}, "properties": {"category": "Recreation"}}, {"type": "Feature", "geometry": {"type": "Point", "coordinates": [123.9243476, 10.3395837]}, "properties": {"category": "Recreation"}}, {"type": "Feature", "geometry": {"type": "Point", "coordinates": [123.9315108, 10.3442446]}, "properties": {"category": "Recreation"}}, {"type": "Feature", "geometry": {"type": "Point", "coordinates": [123.9248658, 10.3392676]}, "properties": {"category": "Recreation"}}, {"type": "Feature", "geometry": {"type": "Point", "coordinates": [123.9109889, 10.3592925]}, "properties": {"category": "Recreation"}}, {"type": "Feature", "geometry": {"type": "Point", "coordinates": [123.9145938, 10.3549443]}, "properties": {"category": "Recreation"}}, {"type": "Feature", "geometry": {"type": "Point", "coordinates": [123.9181376, 10.3368874]}, "properties": {"category": "Recreation"}}, {"type": "Feature", "geometry": {"type": "Point", "coordinates": [123.9117034, 10.3380569]}, "properties": {"category": "Recreation"}}, {"type": "Feature", "geometry": {"type": "Point", "coordinates": [123.9240527, 10.3423817]}, "properties": {"category": "Recreation"}}, {"type": "Feature", "geometry": {"type": "Point", "coordinates": [123.9191845, 10.3434926]}, "properties": {"category": "Recreation"}}, {"type": "Feature", "geometry": {"type": "Point", "coordinates": [123.9179998, 10.3248149]}, "properties": {"category": "Recreation"}}, {"type": "Feature", "geometry": {"type": "Point", "coordinates": [123.9482655, 10.352733]}, "properties": {"category": "Recreation"}}, {"type": "Feature", "geometry": {"type": "Point", "coordinates": [123.9175937, 10.3421166]}, "properties": {"category": "Recreation"}}, {"type": "Feature", "geometry": {"type": "Point", "coordinates": [123.9420613, 10.33381]}, "properties": {"category": "Recreation"}}, {"type": "Feature", "geometry": {"type": "Point", "coordinates": [123.9243476, 10.3395837]}, "properties": {"category": "Recreation"}}, {"type": "Feature", "geometry": {"type": "Point", "coordinates": [123.9203113, 10.3408937]}, "properties": {"category": "Recreation"}}, {"type": "Feature", "geometry": {"type": "Point", "coordinates": [123.9185483, 10.3244705]}, "properties": {"category": "Recreation"}}, {"type": "Feature", "geometry": {"type": "Point", "coordinates": [123.9247868, 10.3289693]}, "properties": {"category": "Recreation"}}, {"type": "Feature", "geometry": {"type": "Point", "coordinates": [123.9186842, 10.3430668]}, "properties": {"category": "Recreation"}}, {"type": "Feature", "geometry": {"type": "Point", "coordinates": [123.9420076, 10.332363]}, "properties": {"category": "Recreation"}}, {"type": "Feature", "geometry": {"type": "Point", "coordinates": [123.9236087, 10.3343047]}, "properties": {"category": "Recreation"}}, {"type": "Feature", "geometry": {"type": "Point", "coordinates": [123.9203473, 10.3423594]}, "properties": {"category": "Recreation"}}, {"type": "Feature", "geometry": {"type": "Point", "coordinates": [123.8966728, 10.3565349]}, "properties": {"category": "Recreation"}}, {"type": "Feature", "geometry": {"type": "Point", "coordinates": [123.9154018, 10.3444658]}, "properties": {"category": "Recreation"}}, {"type": "Feature", "geometry": {"type": "Point", "coordinates": [123.916587, 10.3449242]}, "properties": {"category": "Recreation"}}, {"type": "Feature", "geometry": {"type": "Point", "coordinates": [123.8715738, 10.3995411]}, "properties": {"category": "Recreation"}}, {"type": "Feature", "geometry": {"type": "Point", "coordinates": [123.9267393, 10.3382537]}, "properties": {"category": "Recreation"}}, {"type": "Feature", "geometry": {"type": "Point", "coordinates": [123.91487, 10.3564522]}, "properties": {"category": "Recreation"}}, {"type": "Feature", "geometry": {"type": "Point", "coordinates": [123.9238918, 10.3367567]}, "properties": {"category": "Recreation"}}, {"type": "Feature", "geometry": {"type": "Point", "coordinates": [123.94861, 10.3477112]}, "properties": {"category": "Recreation"}}, {"type": "Feature", "geometry": {"type": "Point", "coordinates": [123.9190946, 10.3428639]}, "properties": {"category": "Recreation"}}, {"type": "Feature", "geometry": {"type": "Point", "coordinates": [123.9196372, 10.3410945]}, "properties": {"category": "Recreation"}}, {"type": "Feature", "geometry": {"type": "Point", "coordinates": [123.9274203, 10.3477018]}, "properties": {"category": "Recreation"}}, {"type": "Feature", "geometry": {"type": "Point", "coordinates": [123.945003, 10.344684]}, "properties": {"category": "Recreation"}}, {"type": "Feature", "geometry": {"type": "Point", "coordinates": [123.9302596, 10.3745627]}, "properties": {"category": "Recreation"}}, {"type": "Feature", "geometry": {"type": "Point", "coordinates": [123.9661117, 10.340685]}, "properties": {"category": "Recreation"}}, {"type": "Feature", "geometry": {"type": "Point", "coordinates": [123.9246598, 10.3450183]}, "properties": {"category": "Recreation"}}, {"type": "Feature", "geometry": {"type": "Point", "coordinates": [123.9247479, 10.3622552]}, "properties": {"category": "Recreation"}}, {"type": "Feature", "geometry": {"type": "Point", "coordinates": [123.9221555, 10.3287303]}, "properties": {"category": "Recreation"}}, {"type": "Feature", "geometry": {"type": "Point", "coordinates": [123.926175, 10.3488963]}, "properties": {"category": "Recreation"}}, {"type": "Feature", "geometry": {"type": "Point", "coordinates": [123.9248039, 10.3258321]}, "properties": {"category": "Recreation"}}, {"type": "Feature", "geometry": {"type": "Point", "coordinates": [123.924847, 10.339267]}, "properties": {"category": "Recreation"}}, {"type": "Feature", "geometry": {"type": "Point", "coordinates": [123.9255771, 10.3393624]}, "properties": {"category": "Recreation"}}, {"type": "Feature", "geometry": {"type": "Point", "coordinates": [123.8658416, 10.4061578]}, "properties": {"category": "Recreation"}}, {"type": "Feature", "geometry": {"type": "Point", "coordinates": [123.9487281, 10.3381118]}, "properties": {"category": "Recreation"}}, {"type": "Feature", "geometry": {"type": "Point", "coordinates": [123.9457031, 10.3347875]}, "properties": {"category": "Recreation"}}, {"type": "Feature", "geometry": {"type": "Point", "coordinates": [123.9313767, 10.3370751]}, "properties": {"category": "Recreation"}}, {"type": "Feature", "geometry": {"type": "Point", "coordinates": [123.9164042, 10.3386309]}, "properties": {"category": "Recreation"}}, {"type": "Feature", "geometry": {"type": "Point", "coordinates": [123.9212631, 10.3408506]}, "properties": {"category": "Recreation"}}, {"type": "Feature", "geometry": {"type": "Point", "coordinates": [123.9401578, 10.3705783]}, "properties": {"category": "Recreation"}}, {"type": "Feature", "geometry": {"type": "Point", "coordinates": [123.9238972, 10.3399183]}, "properties": {"category": "Recreation"}}, {"type": "Feature", "geometry": {"type": "Point", "coordinates": [123.9185753, 10.3437264]}, "properties": {"category": "Recreation"}}, {"type": "Feature", "geometry": {"type": "Point", "coordinates": [123.91815, 10.3215523]}, "properties": {"category": "Recreation"}}, {"type": "Feature", "geometry": {"type": "Point", "coordinates": [123.915341, 10.34344]}, "properties": {"category": "Recreation"}}, {"type": "Feature", "geometry": {"type": "Point", "coordinates": [123.9218169, 10.3731727]}, "properties": {"category": "Recreation"}}, {"type": "Feature", "geometry": {"type": "Point", "coordinates": [123.923442, 10.340145]}, "properties": {"category": "Recreation"}}, {"type": "Feature", "geometry": {"type": "Point", "coordinates": [123.9198793, 10.3247336]}, "properties": {"category": "Recreation"}}, {"type": "Feature", "geometry": {"type": "Point", "coordinates": [123.9331874, 10.3677899]}, "properties": {"category": "Recreation"}}, {"type": "Feature", "geometry": {"type": "Point", "coordinates": [123.7866681, 10.2444207]}, "properties": {"category": "Recreation"}}, {"type": "Feature", "geometry": {"type": "Point", "coordinates": [123.8625113, 10.2783505]}, "properties": {"category": "Recreation"}}, {"type": "Feature", "geometry": {"type": "Point", "coordinates": [123.8579089, 10.2816173]}, "properties": {"category": "Recreation"}}, {"type": "Feature", "geometry": {"type": "Point", "coordinates": [123.7998492, 10.2490092]}, "properties": {"category": "Recreation"}}, {"type": "Feature", "geometry": {"type": "Point", "coordinates": [123.8101643, 10.2549348]}, "properties": {"category": "Recreation"}}, {"type": "Feature", "geometry": {"type": "Point", "coordinates": [123.8541346, 10.2784798]}, "properties": {"category": "Recreation"}}, {"type": "Feature", "geometry": {"type": "Point", "coordinates": [123.8624095, 10.2642211]}, "properties": {"category": "Recreation"}}, {"type": "Feature", "geometry": {"type": "Point", "coordinates": [123.8563347, 10.2697423]}, "properties": {"category": "Recreation"}}, {"type": "Feature", "geometry": {"type": "Point", "coordinates": [123.8593167, 10.2751341]}, "properties": {"category": "Recreation"}}, {"type": "Feature", "geometry": {"type": "Point", "coordinates": [123.85863, 10.276326]}, "properties": {"category": "Recreation"}}, {"type": "Feature", "geometry": {"type": "Point", "coordinates": [123.860025, 10.274879]}, "properties": {"category": "Recreation"}}, {"type": "Feature", "geometry": {"type": "Point", "coordinates": [123.8277561, 10.2975859]}, "properties": {"category": "Recreation"}}, {"type": "Feature", "geometry": {"type": "Point", "coordinates": [123.7975448, 10.2503878]}, "properties": {"category": "Recreation"}}, {"type": "Feature", "geometry": {"type": "Point", "coordinates": [123.8432213, 10.2722465]}, "properties": {"category": "Recreation"}}, {"type": "Feature", "geometry": {"type": "Point", "coordinates": [123.8588789, 10.275497]}, "properties": {"category": "Recreation"}}, {"type": "Feature", "geometry": {"type": "Point", "coordinates": [123.874082, 10.2686316]}, "properties": {"category": "Recreation"}}, {"type": "Feature", "geometry": {"type": "Point", "coordinates": [123.8569072, 10.2740873]}, "properties": {"category": "Recreation"}}, {"type": "Feature", "geometry": {"type": "Point", "coordinates": [123.8665367, 10.2661007]}, "properties": {"category": "Recreation"}}, {"type": "Feature", "geometry": {"type": "Point", "coordinates": [123.8665977, 10.2600597]}, "properties": {"category": "Recreation"}}, {"type": "Feature", "geometry": {"type": "Point", "coordinates": [123.8583295, 10.2727937]}, "properties": {"category": "Recreation"}}, {"type": "Feature", "geometry": {"type": "Point", "coordinates": [123.8499643, 10.2702903]}, "properties": {"category": "Recreation"}}, {"type": "Feature", "geometry": {"type": "Point", "coordinates": [123.8539274, 10.2774357]}, "properties": {"category": "Recreation"}}, {"type": "Feature", "geometry": {"type": "Point", "coordinates": [123.8531514, 10.2771758]}, "properties": {"category": "Recreation"}}, {"type": "Feature", "geometry": {"type": "Point", "coordinates": [123.7962867, 10.2490307]}, "properties": {"category": "Recreation"}}, {"type": "Feature", "geometry": {"type": "Point", "coordinates": [123.8770363, 10.2650539]}, "properties": {"category": "Recreation"}}, {"type": "Feature", "geometry": {"type": "Point", "coordinates": [123.8772075, 10.2672358]}, "properties": {"category": "Recreation"}}, {"type": "Feature", "geometry": {"type": "Point", "coordinates": [123.8484894, 10.2432883]}, "properties": {"category": "Recreation"}}, {"type": "Feature", "geometry": {"type": "Point", "coordinates": [123.86096, 10.2703065]}, "properties": {"category": "Recreation"}}, {"type": "Feature", "geometry": {"type": "Point", "coordinates": [123.8599092, 10.274617]}, "properties": {"category": "Recreation"}}, {"type": "Feature", "geometry": {"type": "Point", "coordinates": [123.855956, 10.279114]}, "properties": {"category": "Recreation"}}, {"type": "Feature", "geometry": {"type": "Point", "coordinates": [123.833955, 10.2464979]}, "properties": {"category": "Recreation"}}, {"type": "Feature", "geometry": {"type": "Point", "coordinates": [123.8556626, 10.2799029]}, "properties": {"category": "Recreation"}}, {"type": "Feature", "geometry": {"type": "Point", "coordinates": [123.8144162, 10.2608879]}, "properties": {"category": "Recreation"}}, {"type": "Feature", "geometry": {"type": "Point", "coordinates": [123.8394961, 10.2415428]}, "properties": {"category": "Recreation"}}, {"type": "Feature", "geometry": {"type": "Point", "coordinates": [123.8615769, 10.2598076]}, "properties": {"category": "Recreation"}}, {"type": "Feature", "geometry": {"type": "Point", "coordinates": [123.8591129, 10.2658333]}, "properties": {"category": "Recreation"}}, {"type": "Feature", "geometry": {"type": "Point", "coordinates": [123.8561741, 10.2802294]}, "properties": {"category": "Recreation"}}, {"type": "Feature", "geometry": {"type": "Point", "coordinates": [123.8571254, 10.2662561]}, "properties": {"category": "Recreation"}}, {"type": "Feature", "geometry": {"type": "Point", "coordinates": [123.7974774, 10.2480772]}, "properties": {"category": "Recreation"}}, {"type": "Feature", "geometry": {"type": "Point", "coordinates": [123.8574049, 10.2763582]}, "properties": {"category": "Recreation"}}, {"type": "Feature", "geometry": {"type": "Point", "coordinates": [123.8458293, 10.2724483]}, "properties": {"category": "Recreation"}}, {"type": "Feature", "geometry": {"type": "Point", "coordinates": [123.855695, 10.280121]}, "properties": {"category": "Recreation"}}, {"type": "Feature", "geometry": {"type": "Point", "coordinates": [123.8547751, 10.2789654]}, "properties": {"category": "Recreation"}}, {"type": "Feature", "geometry": {"type": "Point", "coordinates": [123.8489124, 10.2732642]}, "properties": {"category": "Recreation"}}, {"type": "Feature", "geometry": {"type": "Point", "coordinates": [123.855726, 10.2791129]}, "properties": {"category": "Recreation"}}, {"type": "Feature", "geometry": {"type": "Point", "coordinates": [123.8397332, 10.2570453]}, "properties": {"category": "Recreation"}}, {"type": "Feature", "geometry": {"type": "Point", "coordinates": [123.8451191, 10.2457021]}, "properties": {"category": "Recreation"}}, {"type": "Feature", "geometry": {"type": "Point", "coordinates": [123.79939, 10.242854]}, "properties": {"category": "Recreation"}}, {"type": "Feature", "geometry": {"type": "Point", "coordinates": [123.8808874, 10.2689073]}, "properties": {"category": "Recreation"}}, {"type": "Feature", "geometry": {"type": "Point", "coordinates": [123.8556714, 10.2691659]}, "properties": {"category": "Recreation"}}, {"type": "Feature", "geometry": {"type": "Point", "coordinates": [123.8538628, 10.263747]}, "properties": {"category": "Recreation"}}, {"type": "Feature", "geometry": {"type": "Point", "coordinates": [123.857327, 10.2756441]}, "properties": {"category": "Recreation"}}, {"type": "Feature", "geometry": {"type": "Point", "coordinates": [123.854627, 10.275734]}, "properties": {"category": "Recreation"}}, {"type": "Feature", "geometry": {"type": "Point", "coordinates": [123.8483757, 10.2419823]}, "properties": {"category": "Recreation"}}, {"type": "Feature", "geometry": {"type": "Point", "coordinates": [123.8557981, 10.2790703]}, "properties": {"category": "Recreation"}}, {"type": "Feature", "geometry": {"type": "Point", "coordinates": [123.8558805, 10.2799357]}, "properties": {"category": "Recreation"}}, {"type": "Feature", "geometry": {"type": "Point", "coordinates": [123.7932303, 10.2451189]}, "properties": {"category": "Recreation"}}, {"type": "Feature", "geometry": {"type": "Point", "coordinates": [123.8192369, 10.2381755]}, "properties": {"category": "Recreation"}}, {"type": "Feature", "geometry": {"type": "Point", "coordinates": [123.830312, 10.2405887]}, "properties": {"category": "Recreation"}}, {"type": "Feature", "geometry": {"type": "Point", "coordinates": [123.829212, 10.2401812]}, "properties": {"category": "Recreation"}}, {"type": "Feature", "geometry": {"type": "Point", "coordinates": [123.8396545, 10.2559642]}, "properties": {"category": "Recreation"}}, {"type": "Feature", "geometry": {"type": "Point", "coordinates": [123.8541782, 10.2785686]}, "properties": {"category": "Recreation"}}, {"type": "Feature", "geometry": {"type": "Point", "coordinates": [123.8555341, 10.2689166]}, "properties": {"category": "Recreation"}}, {"type": "Feature", "geometry": {"type": "Point", "coordinates": [123.8565159, 10.2710399]}, "properties": {"category": "Recreation"}}, {"type": "Feature", "geometry": {"type": "Point", "coordinates": [123.8583337, 10.272673]}, "properties": {"category": "Recreation"}}, {"type": "Feature", "geometry": {"type": "Point", "coordinates": [123.8491764, 10.2806393]}, "properties": {"category": "Recreation"}}, {"type": "Feature", "geometry": {"type": "Point", "coordinates": [123.8581565, 10.281936]}, "properties": {"category": "Recreation"}}, {"type": "Feature", "geometry": {"type": "Point", "coordinates": [123.8565, 10.270858]}, "properties": {"category": "Recreation"}}, {"type": "Feature", "geometry": {"type": "Point", "coordinates": [123.8563387, 10.2664841]}, "properties": {"category": "Recreation"}}, {"type": "Feature", "geometry": {"type": "Point", "coordinates": [123.856105, 10.278492]}, "properties": {"category": "Recreation"}}, {"type": "Feature", "geometry": {"type": "Point", "coordinates": [123.829803, 10.254159]}, "properties": {"category": "Recreation"}}, {"type": "Feature", "geometry": {"type": "Point", "coordinates": [123.8540406, 10.2777952]}, "properties": {"category": "Recreation"}}, {"type": "Feature", "geometry": {"type": "Point", "coordinates": [123.8475633, 10.2427499]}, "properties": {"category": "Recreation"}}, {"type": "Feature", "geometry": {"type": "Point", "coordinates": [123.8489846, 10.2628117]}, "properties": {"category": "Recreation"}}, {"type": "Feature", "geometry": {"type": "Point", "coordinates": [123.854603, 10.278582]}, "properties": {"category": "Recreation"}}, {"type": "Feature", "geometry": {"type": "Point", "coordinates": [123.791157, 10.250352]}, "properties": {"category": "Recreation"}}, {"type": "Feature", "geometry": {"type": "Point", "coordinates": [123.7976724, 10.2513239]}, "properties": {"category": "Recreation"}}, {"type": "Feature", "geometry": {"type": "Point", "coordinates": [123.8546017, 10.2795084]}, "properties": {"category": "Recreation"}}, {"type": "Feature", "geometry": {"type": "Point", "coordinates": [123.8228084, 10.2627669]}, "properties": {"category": "Recreation"}}, {"type": "Feature", "geometry": {"type": "Point", "coordinates": [123.8339723, 10.2608889]}, "properties": {"category": "Recreation"}}, {"type": "Feature", "geometry": {"type": "Point", "coordinates": [123.8000125, 10.2498139]}, "properties": {"category": "Recreation"}}, {"type": "Feature", "geometry": {"type": "Point", "coordinates": [123.8772987, 10.264848]}, "properties": {"category": "Recreation"}}, {"type": "Feature", "geometry": {"type": "Point", "coordinates": [123.8241275, 10.2585936]}, "properties": {"category": "Recreation"}}, {"type": "Feature", "geometry": {"type": "Point", "coordinates": [123.8486423, 10.242142]}, "properties": {"category": "Recreation"}}, {"type": "Feature", "geometry": {"type": "Point", "coordinates": [123.8295996, 10.2543863]}, "properties": {"category": "Recreation"}}, {"type": "Feature", "geometry": {"type": "Point", "coordinates": [123.8488538, 10.241896]}, "properties": {"category": "Recreation"}}, {"type": "Feature", "geometry": {"type": "Point", "coordinates": [123.830665, 10.2539133]}, "properties": {"category": "Recreation"}}, {"type": "Feature", "geometry": {"type": "Point", "coordinates": [123.8742644, 10.2700647]}, "properties": {"category": "Recreation"}}, {"type": "Feature", "geometry": {"type": "Point", "coordinates": [123.8602738, 10.2751389]}, "properties": {"category": "Recreation"}}, {"type": "Feature", "geometry": {"type": "Point", "coordinates": [123.8511963, 10.2724587]}, "properties": {"category": "Recreation"}}, {"type": "Feature", "geometry": {"type": "Point", "coordinates": [123.8569352, 10.2743764]}, "properties": {"category": "Recreation"}}, {"type": "Feature", "geometry": {"type": "Point", "coordinates": [123.8623772, 10.2600701]}, "properties": {"category": "Recreation"}}, {"type": "Feature", "geometry": {"type": "Point", "coordinates": [123.805633, 10.2613914]}, "properties": {"category": "Recreation"}}, {"type": "Feature", "geometry": {"type": "Point", "coordinates": [123.8271725, 10.2645497]}, "properties": {"category": "Recreation"}}, {"type": "Feature", "geometry": {"type": "Point", "coordinates": [123.860664, 10.2606126]}, "properties": {"category": "Recreation"}}, {"type": "Feature", "geometry": {"type": "Point", "coordinates": [123.8545959, 10.2782502]}, "properties": {"category": "Recreation"}}, {"type": "Feature", "geometry": {"type": "Point", "coordinates": [123.8564847, 10.2708652]}, "properties": {"category": "Recreation"}}, {"type": "Feature", "geometry": {"type": "Point", "coordinates": [123.8782874, 10.2658843]}, "properties": {"category": "Recreation"}}, {"type": "Feature", "geometry": {"type": "Point", "coordinates": [123.853926, 10.272632]}, "properties": {"category": "Recreation"}}, {"type": "Feature", "geometry": {"type": "Point", "coordinates": [123.9040433, 10.2986579]}, "properties": {"category": "Tourism"}}, {"type": "Feature", "geometry": {"type": "Point", "coordinates": [123.9012257, 10.3340267]}, "properties": {"category": "Tourism"}}, {"type": "Feature", "geometry": {"type": "Point", "coordinates": [123.9074031, 10.3331525]}, "properties": {"category": "Tourism"}}, {"type": "Feature", "geometry": {"type": "Point", "coordinates": [123.90375, 10.3094336]}, "properties": {"category": "Tourism"}}, {"type": "Feature", "geometry": {"type": "Point", "coordinates": [123.9035807, 10.3092536]}, "properties": {"category": "Tourism"}}, {"type": "Feature", "geometry": {"type": "Point", "coordinates": [123.899447, 10.309881]}, "properties": {"category": "Tourism"}}, {"type": "Feature", "geometry": {"type": "Point", "coordinates": [123.8894362, 10.317351]}, "properties": {"category": "Tourism"}}, {"type": "Feature", "geometry": {"type": "Point", "coordinates": [123.8981022, 10.2992366]}, "properties": {"category": "Tourism"}}, {"type": "Feature", "geometry": {"type": "Point", "coordinates": [123.9076554, 10.3334235]}, "properties": {"category": "Tourism"}}, {"type": "Feature", "geometry": {"type": "Point", "coordinates": [123.9035625, 10.2961373]}, "properties": {"category": "Tourism"}}, {"type": "Feature", "geometry": {"type": "Point", "coordinates": [123.9040602, 10.3064718]}, "properties": {"category": "Tourism"}}, {"type": "Feature", "geometry": {"type": "Point", "coordinates": [123.91004, 10.3128033]}, "properties": {"category": "Tourism"}}, {"type": "Feature", "geometry": {"type": "Point", "coordinates": [123.8774881, 10.3038213]}, "properties": {"category": "Tourism"}}, {"type": "Feature", "geometry": {"type": "Point", "coordinates": [123.884083, 10.298521]}, "properties": {"category": "Tourism"}}, {"type": "Feature", "geometry": {"type": "Point", "coordinates": [123.8960731, 10.3183828]}, "properties": {"category": "Tourism"}}, {"type": "Feature", "geometry": {"type": "Point", "coordinates": [123.8929645, 10.313421]}, "properties": {"category": "Tourism"}}, {"type": "Feature", "geometry": {"type": "Point", "coordinates": [123.8896094, 10.3331125]}, "properties": {"category": "Tourism"}}, {"type": "Feature", "geometry": {"type": "Point", "coordinates": [123.88544, 10.315699]}, "properties": {"category": "Tourism"}}, {"type": "Feature", "geometry": {"type": "Point", "coordinates": [123.8925778, 10.2994328]}, "properties": {"category": "Tourism"}}, {"type": "Feature", "geometry": {"type": "Point", "coordinates": [123.9039259, 10.328264]}, "properties": {"category": "Tourism"}}, {"type": "Feature", "geometry": {"type": "Point", "coordinates": [123.899131, 10.2914389]}, "properties": {"category": "Tourism"}}, {"type": "Feature", "geometry": {"type": "Point", "coordinates": [123.911479, 10.3187219]}, "properties": {"category": "Tourism"}}, {"type": "Feature", "geometry": {"type": "Point", "coordinates": [123.9163928, 10.3223248]}, "properties": {"category": "Tourism"}}, {"type": "Feature", "geometry": {"type": "Point", "coordinates": [123.9048616, 10.299913]}, "properties": {"category": "Tourism"}}, {"type": "Feature", "geometry": {"type": "Point", "coordinates": [123.9119862, 10.3238403]}, "properties": {"category": "Tourism"}}, {"type": "Feature", "geometry": {"type": "Point", "coordinates": [123.8959931, 10.313101]}, "properties": {"category": "Tourism"}}, {"type": "Feature", "geometry": {"type": "Point", "coordinates": [123.8981974, 10.3076235]}, "properties": {"category": "Tourism"}}, {"type": "Feature", "geometry": {"type": "Point", "coordinates": [123.9138739, 10.3226077]}, "properties": {"category": "Tourism"}}, {"type": "Feature", "geometry": {"type": "Point", "coordinates": [123.8998914, 10.2982908]}, "properties": {"category": "Tourism"}}, {"type": "Feature", "geometry": {"type": "Point", "coordinates": [123.9007358, 10.2977752]}, "properties": {"category": "Tourism"}}, {"type": "Feature", "geometry": {"type": "Point", "coordinates": [123.8918445, 10.3163258]}, "properties": {"category": "Tourism"}}, {"type": "Feature", "geometry": {"type": "Point", "coordinates": [123.8989615, 10.2970616]}, "properties": {"category": "Tourism"}}, {"type": "Feature", "geometry": {"type": "Point", "coordinates": [123.894274, 10.311692]}, "properties": {"category": "Tourism"}}, {"type": "Feature", "geometry": {"type": "Point", "coordinates": [123.8954441, 10.3005725]}, "properties": {"category": "Tourism"}}, {"type": "Feature", "geometry": {"type": "Point", "coordinates": [123.913479, 10.3206788]}, "properties": {"category": "Tourism"}}, {"type": "Feature", "geometry": {"type": "Point", "coordinates": [123.8955108, 10.3183864]}, "properties": {"category": "Tourism"}}, {"type": "Feature", "geometry": {"type": "Point", "coordinates": [123.8923123, 10.3416833]}, "properties": {"category": "Tourism"}}, {"type": "Feature", "geometry": {"type": "Point", "coordinates": [123.8938474, 10.3464845]}, "properties": {"category": "Tourism"}}, {"type": "Feature", "geometry": {"type": "Point", "coordinates": [123.8905612, 10.3130777]}, "properties": {"category": "Tourism"}}, {"type": "Feature", "geometry": {"type": "Point", "coordinates": [123.8908334, 10.3163291]}, "properties": {"category": "Tourism"}}, {"type": "Feature", "geometry": {"type": "Point", "coordinates": [123.8872791, 10.3122628]}, "properties": {"category": "Tourism"}}, {"type": "Feature", "geometry": {"type": "Point", "coordinates": [123.9029952, 10.2955765]}, "properties": {"category": "Tourism"}}, {"type": "Feature", "geometry": {"type": "Point", "coordinates": [123.8973106, 10.3185465]}, "properties": {"category": "Tourism"}}, {"type": "Feature", "geometry": {"type": "Point", "coordinates": [123.896342, 10.3013452]}, "properties": {"category": "Tourism"}}, {"type": "Feature", "geometry": {"type": "Point", "coordinates": [123.902264, 10.3288533]}, "properties": {"category": "Tourism"}}, {"type": "Feature", "geometry": {"type": "Point", "coordinates": [123.903079, 10.3202607]}, "properties": {"category": "Tourism"}}, {"type": "Feature", "geometry": {"type": "Point", "coordinates": [123.8906336, 10.3168489]}, "properties": {"category": "Tourism"}}, {"type": "Feature", "geometry": {"type": "Point", "coordinates": [123.9093043, 10.3200506]}, "properties": {"category": "Tourism"}}, {"type": "Feature", "geometry": {"type": "Point", "coordinates": [123.8900955, 10.3154083]}, "properties": {"category": "Tourism"}}, {"type": "Feature", "geometry": {"type": "Point", "coordinates": [123.8854366, 10.3156992]}, "properties": {"category": "Tourism"}}, {"type": "Feature", "geometry": {"type": "Point", "coordinates": [123.8646969, 10.288078]}, "properties": {"category": "Tourism"}}, {"type": "Feature", "geometry": {"type": "Point", "coordinates": [123.8589648, 10.2888034]}, "properties": {"category": "Tourism"}}, {"type": "Feature", "geometry": {"type": "Point", "coordinates": [123.8969974, 10.3307323]}, "properties": {"category": "Tourism"}}, {"type": "Feature", "geometry": {"type": "Point", "coordinates": [123.866337, 10.2814184]}, "properties": {"category": "Tourism"}}, {"type": "Feature", "geometry": {"type": "Point", "coordinates": [123.8953638, 10.2979608]}, "properties": {"category": "Tourism"}}, {"type": "Feature", "geometry": {"type": "Point", "coordinates": [123.8982163, 10.2963199]}, "properties": {"category": "Tourism"}}, {"type": "Feature", "geometry": {"type": "Point", "coordinates": [123.8982511, 10.2962749]}, "properties": {"category": "Tourism"}}, {"type": "Feature", "geometry": {"type": "Point", "coordinates": [123.8981365, 10.2980205]}, "properties": {"category": "Tourism"}}, {"type": "Feature", "geometry": {"type": "Point", "coordinates": [123.8778229, 10.2817974]}, "properties": {"category": "Tourism"}}, {"type": "Feature", "geometry": {"type": "Point", "coordinates": [123.9003122, 10.2989144]}, "properties": {"category": "Tourism"}}, {"type": "Feature", "geometry": {"type": "Point", "coordinates": [123.9111991, 10.3042607]}, "properties": {"category": "Tourism"}}, {"type": "Feature", "geometry": {"type": "Point", "coordinates": [123.901803, 10.316145]}, "properties": {"category": "Tourism"}}, {"type": "Feature", "geometry": {"type": "Point", "coordinates": [123.8973022, 10.3056885]}, "properties": {"category": "Tourism"}}, {"type": "Feature", "geometry": {"type": "Point", "coordinates": [123.9036644, 10.2979797]}, "properties": {"category": "Tourism"}}, {"type": "Feature", "geometry": {"type": "Point", "coordinates": [123.894077, 10.3080134]}, "properties": {"category": "Tourism"}}, {"type": "Feature", "geometry": {"type": "Point", "coordinates": [123.9016647, 10.32975]}, "properties": {"category": "Tourism"}}, {"type": "Feature", "geometry": {"type": "Point", "coordinates": [123.8920517, 10.3112987]}, "properties": {"category": "Tourism"}}, {"type": "Feature", "geometry": {"type": "Point", "coordinates": [123.8977827, 10.3025163]}, "properties": {"category": "Tourism"}}, {"type": "Feature", "geometry": {"type": "Point", "coordinates": [123.8969354, 10.3061156]}, "properties": {"category": "Tourism"}}, {"type": "Feature", "geometry": {"type": "Point", "coordinates": [123.8968613, 10.3338276]}, "properties": {"category": "Tourism"}}, {"type": "Feature", "geometry": {"type": "Point", "coordinates": [123.9019721, 10.3115413]}, "properties": {"category": "Tourism"}}, {"type": "Feature", "geometry": {"type": "Point", "coordinates": [123.8982283, 10.2962772]}, "properties": {"category": "Tourism"}}, {"type": "Feature", "geometry": {"type": "Point", "coordinates": [123.9035352, 10.309044]}, "properties": {"category": "Tourism"}}, {"type": "Feature", "geometry": {"type": "Point", "coordinates": [123.8897222, 10.3122222]}, "properties": {"category": "Tourism"}}, {"type": "Feature", "geometry": {"type": "Point", "coordinates": [123.9025934, 10.3108839]}, "properties": {"category": "Tourism"}}, {"type": "Feature", "geometry": {"type": "Point", "coordinates": [123.8935012, 10.3106572]}, "properties": {"category": "Tourism"}}, {"type": "Feature", "geometry": {"type": "Point", "coordinates": [123.8935274, 10.3179038]}, "properties": {"category": "Tourism"}}, {"type": "Feature", "geometry": {"type": "Point", "coordinates": [123.8930644, 10.3115672]}, "properties": {"category": "Tourism"}}, {"type": "Feature", "geometry": {"type": "Point", "coordinates": [123.8971555, 10.2990792]}, "properties": {"category": "Tourism"}}, {"type": "Feature", "geometry": {"type": "Point", "coordinates": [123.8941189, 10.3038074]}, "properties": {"category": "Tourism"}}, {"type": "Feature", "geometry": {"type": "Point", "coordinates": [123.9090124, 10.3335821]}, "properties": {"category": "Tourism"}}, {"type": "Feature", "geometry": {"type": "Point", "coordinates": [123.8817315, 10.2713631]}, "properties": {"category": "Tourism"}}, {"type": "Feature", "geometry": {"type": "Point", "coordinates": [123.905636, 10.292457]}, "properties": {"category": "Tourism"}}, {"type": "Feature", "geometry": {"type": "Point", "coordinates": [123.8804684, 10.2829604]}, "properties": {"category": "Tourism"}}, {"type": "Feature", "geometry": {"type": "Point", "coordinates": [123.8941215, 10.3110233]}, "properties": {"category": "Tourism"}}, {"type": "Feature", "geometry": {"type": "Point", "coordinates": [123.8927511, 10.312439]}, "properties": {"category": "Tourism"}}, {"type": "Feature", "geometry": {"type": "Point", "coordinates": [123.8936769, 10.3102031]}, "properties": {"category": "Tourism"}}, {"type": "Feature", "geometry": {"type": "Point", "coordinates": [123.894217, 10.294464]}, "properties": {"category": "Tourism"}}, {"type": "Feature", "geometry": {"type": "Point", "coordinates": [123.8933777, 10.296878]}, "properties": {"category": "Tourism"}}, {"type": "Feature", "geometry": {"type": "Point", "coordinates": [123.8981706, 10.340663]}, "properties": {"category": "Tourism"}}, {"type": "Feature", "geometry": {"type": "Point", "coordinates": [123.8941821, 10.3018931]}, "properties": {"category": "Tourism"}}, {"type": "Feature", "geometry": {"type": "Point", "coordinates": [123.890929, 10.3138406]}, "properties": {"category": "Tourism"}}, {"type": "Feature", "geometry": {"type": "Point", "coordinates": [123.8905223, 10.3142694]}, "properties": {"category": "Tourism"}}, {"type": "Feature", "geometry": {"type": "Point", "coordinates": [123.906814, 10.3058929]}, "properties": {"category": "Tourism"}}, {"type": "Feature", "geometry": {"type": "Point", "coordinates": [123.7824685, 10.390784]}, "properties": {"category": "Tourism"}}, {"type": "Feature", "geometry": {"type": "Point", "coordinates": [123.8908134, 10.3134494]}, "properties": {"category": "Tourism"}}, {"type": "Feature", "geometry": {"type": "Point", "coordinates": [123.9045862, 10.2956808]}, "properties": {"category": "Tourism"}}, {"type": "Feature", "geometry": {"type": "Point", "coordinates": [123.8991125, 10.3196171]}, "properties": {"category": "Tourism"}}, {"type": "Feature", "geometry": {"type": "Point", "coordinates": [123.9030021, 10.2988637]}, "properties": {"category": "Tourism"}}, {"type": "Feature", "geometry": {"type": "Point", "coordinates": [123.9035745, 10.2988468]}, "properties": {"category": "Tourism"}}, {"type": "Feature", "geometry": {"type": "Point", "coordinates": [123.8929228, 10.3183234]}, "properties": {"category": "Tourism"}}, {"type": "Feature", "geometry": {"type": "Point", "coordinates": [123.909306, 10.316972]}, "properties": {"category": "Tourism"}}, {"type": "Feature", "geometry": {"type": "Point", "coordinates": [123.9110502, 10.3296134]}, "properties": {"category": "Tourism"}}, {"type": "Feature", "geometry": {"type": "Point", "coordinates": [123.9092805, 10.3170212]}, "properties": {"category": "Tourism"}}, {"type": "Feature", "geometry": {"type": "Point", "coordinates": [123.8948654, 10.2969068]}, "properties": {"category": "Tourism"}}, {"type": "Feature", "geometry": {"type": "Point", "coordinates": [123.8958341, 10.3131638]}, "properties": {"category": "Tourism"}}, {"type": "Feature", "geometry": {"type": "Point", "coordinates": [123.9022355, 10.3166293]}, "properties": {"category": "Tourism"}}, {"type": "Feature", "geometry": {"type": "Point", "coordinates": [123.8941161, 10.3145681]}, "properties": {"category": "Tourism"}}, {"type": "Feature", "geometry": {"type": "Point", "coordinates": [123.9125, 10.305]}, "properties": {"category": "Tourism"}}, {"type": "Feature", "geometry": {"type": "Point", "coordinates": [123.897782, 10.2978171]}, "properties": {"category": "Tourism"}}, {"type": "Feature", "geometry": {"type": "Point", "coordinates": [123.8959999, 10.321902]}, "properties": {"category": "Tourism"}}, {"type": "Feature", "geometry": {"type": "Point", "coordinates": [123.8854366, 10.3156992]}, "properties": {"category": "Tourism"}}, {"type": "Feature", "geometry": {"type": "Point", "coordinates": [123.8931727, 10.2893463]}, "properties": {"category": "Tourism"}}, {"type": "Feature", "geometry": {"type": "Point", "coordinates": [123.893664, 10.3067146]}, "properties": {"category": "Tourism"}}, {"type": "Feature", "geometry": {"type": "Point", "coordinates": [123.891297, 10.312583]}, "properties": {"category": "Tourism"}}, {"type": "Feature", "geometry": {"type": "Point", "coordinates": [123.8854366, 10.3156992]}, "properties": {"category": "Tourism"}}, {"type": "Feature", "geometry": {"type": "Point", "coordinates": [123.8796533, 10.3211434]}, "properties": {"category": "Tourism"}}, {"type": "Feature", "geometry": {"type": "Point", "coordinates": [123.8644898, 10.290659]}, "properties": {"category": "Tourism"}}, {"type": "Feature", "geometry": {"type": "Point", "coordinates": [123.8688062, 10.2897096]}, "properties": {"category": "Tourism"}}, {"type": "Feature", "geometry": {"type": "Point", "coordinates": [123.8619996, 10.2870649]}, "properties": {"category": "Tourism"}}, {"type": "Feature", "geometry": {"type": "Point", "coordinates": [123.9007609, 10.3439804]}, "properties": {"category": "Tourism"}}, {"type": "Feature", "geometry": {"type": "Point", "coordinates": [123.9119254, 10.3237159]}, "properties": {"category": "Tourism"}}, {"type": "Feature", "geometry": {"type": "Point", "coordinates": [123.8815228, 10.2713121]}, "properties": {"category": "Tourism"}}, {"type": "Feature", "geometry": {"type": "Point", "coordinates": [123.9022302, 10.3120982]}, "properties": {"category": "Tourism"}}, {"type": "Feature", "geometry": {"type": "Point", "coordinates": [123.898379, 10.3314518]}, "properties": {"category": "Tourism"}}, {"type": "Feature", "geometry": {"type": "Point", "coordinates": [123.8245387, 10.3754768]}, "properties": {"category": "Tourism"}}, {"type": "Feature", "geometry": {"type": "Point", "coordinates": [123.880759, 10.3209978]}, "properties": {"category": "Tourism"}}, {"type": "Feature", "geometry": {"type": "Point", "coordinates": [123.8927557, 10.296514]}, "properties": {"category": "Tourism"}}, {"type": "Feature", "geometry": {"type": "Point", "coordinates": [123.8934224, 10.3173187]}, "properties": {"category": "Tourism"}}, {"type": "Feature", "geometry": {"type": "Point", "coordinates": [123.8539933, 10.2989125]}, "properties": {"category": "Tourism"}}, {"type": "Feature", "geometry": {"type": "Point", "coordinates": [123.8499629, 10.3001404]}, "properties": {"category": "Tourism"}}, {"type": "Feature", "geometry": {"type": "Point", "coordinates": [123.89231, 10.3108396]}, "properties": {"category": "Tourism"}}, {"type": "Feature", "geometry": {"type": "Point", "coordinates": [123.894165, 10.3105425]}, "properties": {"category": "Tourism"}}, {"type": "Feature", "geometry": {"type": "Point", "coordinates": [123.8981971, 10.3027701]}, "properties": {"category": "Tourism"}}, {"type": "Feature", "geometry": {"type": "Point", "coordinates": [123.8945865, 10.3155211]}, "properties": {"category": "Tourism"}}, {"type": "Feature", "geometry": {"type": "Point", "coordinates": [123.9019709, 10.3204998]}, "properties": {"category": "Tourism"}}, {"type": "Feature", "geometry": {"type": "Point", "coordinates": [123.9063614, 10.3142919]}, "properties": {"category": "Tourism"}}, {"type": "Feature", "geometry": {"type": "Point", "coordinates": [123.9019549, 10.2935626]}, "properties": {"category": "Tourism"}}, {"type": "Feature", "geometry": {"type": "Point", "coordinates": [123.8948755, 10.3070174]}, "properties": {"category": "Tourism"}}, {"type": "Feature", "geometry": {"type": "Point", "coordinates": [123.8732763, 10.2909084]}, "properties": {"category": "Tourism"}}, {"type": "Feature", "geometry": {"type": "Point", "coordinates": [123.8726899, 10.2909522]}, "properties": {"category": "Tourism"}}, {"type": "Feature", "geometry": {"type": "Point", "coordinates": [123.9032783, 10.3198424]}, "properties": {"category": "Tourism"}}, {"type": "Feature", "geometry": {"type": "Point", "coordinates": [123.9025547, 10.3107861]}, "properties": {"category": "Tourism"}}, {"type": "Feature", "geometry": {"type": "Point", "coordinates": [123.9004195, 10.2999252]}, "properties": {"category": "Tourism"}}, {"type": "Feature", "geometry": {"type": "Point", "coordinates": [123.8974558, 10.3417299]}, "properties": {"category": "Tourism"}}, {"type": "Feature", "geometry": {"type": "Point", "coordinates": [123.8844648, 10.2904373]}, "properties": {"category": "Tourism"}}, {"type": "Feature", "geometry": {"type": "Point", "coordinates": [123.8646178, 10.2851525]}, "properties": {"category": "Tourism"}}, {"type": "Feature", "geometry": {"type": "Point", "coordinates": [123.8902688, 10.3246767]}, "properties": {"category": "Tourism"}}, {"type": "Feature", "geometry": {"type": "Point", "coordinates": [123.9026801, 10.3313256]}, "properties": {"category": "Tourism"}}, {"type": "Feature", "geometry": {"type": "Point", "coordinates": [123.9140641, 10.3219068]}, "properties": {"category": "Tourism"}}, {"type": "Feature", "geometry": {"type": "Point", "coordinates": [123.8826533, 10.2975534]}, "properties": {"category": "Tourism"}}, {"type": "Feature", "geometry": {"type": "Point", "coordinates": [123.9021057, 10.2941085]}, "properties": {"category": "Tourism"}}, {"type": "Feature", "geometry": {"type": "Point", "coordinates": [123.8815066, 10.298376]}, "properties": {"category": "Tourism"}}, {"type": "Feature", "geometry": {"type": "Point", "coordinates": [123.9064311, 10.303791]}, "properties": {"category": "Tourism"}}, {"type": "Feature", "geometry": {"type": "Point", "coordinates": [123.895262, 10.3121741]}, "properties": {"category": "Tourism"}}, {"type": "Feature", "geometry": {"type": "Point", "coordinates": [123.880803, 10.2721471]}, "properties": {"category": "Tourism"}}, {"type": "Feature", "geometry": {"type": "Point", "coordinates": [123.9109979, 10.3191985]}, "properties": {"category": "Tourism"}}, {"type": "Feature", "geometry": {"type": "Point", "coordinates": [123.8991772, 10.3019111]}, "properties": {"category": "Tourism"}}, {"type": "Feature", "geometry": {"type": "Point", "coordinates": [123.8852063, 10.3154415]}, "properties": {"category": "Tourism"}}, {"type": "Feature", "geometry": {"type": "Point", "coordinates": [123.8958342, 10.2973943]}, "properties": {"category": "Tourism"}}, {"type": "Feature", "geometry": {"type": "Point", "coordinates": [123.8961329, 10.3172892]}, "properties": {"category": "Tourism"}}, {"type": "Feature", "geometry": {"type": "Point", "coordinates": [123.8972112, 10.3128236]}, "properties": {"category": "Tourism"}}, {"type": "Feature", "geometry": {"type": "Point", "coordinates": [123.8794743, 10.3071268]}, "properties": {"category": "Tourism"}}, {"type": "Feature", "geometry": {"type": "Point", "coordinates": [123.8954428, 10.3054951]}, "properties": {"category": "Tourism"}}, {"type": "Feature", "geometry": {"type": "Point", "coordinates": [123.8991687, 10.2950404]}, "properties": {"category": "Tourism"}}, {"type": "Feature", "geometry": {"type": "Point", "coordinates": [123.902118, 10.3063091]}, "properties": {"category": "Tourism"}}, {"type": "Feature", "geometry": {"type": "Point", "coordinates": [123.899969, 10.2985051]}, "properties": {"category": "Tourism"}}, {"type": "Feature", "geometry": {"type": "Point", "coordinates": [123.8941876, 10.3149443]}, "properties": {"category": "Tourism"}}, {"type": "Feature", "geometry": {"type": "Point", "coordinates": [123.889345, 10.313991]}, "properties": {"category": "Tourism"}}, {"type": "Feature", "geometry": {"type": "Point", "coordinates": [123.879426, 10.3209856]}, "properties": {"category": "Tourism"}}, {"type": "Feature", "geometry": {"type": "Point", "coordinates": [123.9051262, 10.2931907]}, "properties": {"category": "Tourism"}}, {"type": "Feature", "geometry": {"type": "Point", "coordinates": [123.8892618, 10.2903933]}, "properties": {"category": "Tourism"}}, {"type": "Feature", "geometry": {"type": "Point", "coordinates": [123.897506, 10.330002]}, "properties": {"category": "Tourism"}}, {"type": "Feature", "geometry": {"type": "Point", "coordinates": [123.8948841, 10.3089706]}, "properties": {"category": "Tourism"}}, {"type": "Feature", "geometry": {"type": "Point", "coordinates": [123.909507, 10.328227]}, "properties": {"category": "Tourism"}}, {"type": "Feature", "geometry": {"type": "Point", "coordinates": [123.903053, 10.3193763]}, "properties": {"category": "Tourism"}}, {"type": "Feature", "geometry": {"type": "Point", "coordinates": [123.8989881, 10.3425943]}, "properties": {"category": "Tourism"}}, {"type": "Feature", "geometry": {"type": "Point", "coordinates": [123.9037752, 10.296025]}, "properties": {"category": "Tourism"}}, {"type": "Feature", "geometry": {"type": "Point", "coordinates": [123.8937906, 10.3103677]}, "properties": {"category": "Tourism"}}, {"type": "Feature", "geometry": {"type": "Point", "coordinates": [123.8688125, 10.2896875]}, "properties": {"category": "Tourism"}}, {"type": "Feature", "geometry": {"type": "Point", "coordinates": [123.8867128, 10.3233164]}, "properties": {"category": "Tourism"}}, {"type": "Feature", "geometry": {"type": "Point", "coordinates": [123.8619225, 10.3067361]}, "properties": {"category": "Tourism"}}, {"type": "Feature", "geometry": {"type": "Point", "coordinates": [123.8986903, 10.3031712]}, "properties": {"category": "Tourism"}}, {"type": "Feature", "geometry": {"type": "Point", "coordinates": [123.8983275, 10.3176557]}, "properties": {"category": "Tourism"}}, {"type": "Feature", "geometry": {"type": "Point", "coordinates": [123.8938567, 10.3051685]}, "properties": {"category": "Tourism"}}, {"type": "Feature", "geometry": {"type": "Point", "coordinates": [123.8918922, 10.3158776]}, "properties": {"category": "Tourism"}}, {"type": "Feature", "geometry": {"type": "Point", "coordinates": [123.9139748, 10.314437]}, "properties": {"category": "Tourism"}}, {"type": "Feature", "geometry": {"type": "Point", "coordinates": [123.9029421, 10.2934338]}, "properties": {"category": "Tourism"}}, {"type": "Feature", "geometry": {"type": "Point", "coordinates": [123.9152907, 10.3247558]}, "properties": {"category": "Tourism"}}, {"type": "Feature", "geometry": {"type": "Point", "coordinates": [123.9069729, 10.3177013]}, "properties": {"category": "Tourism"}}, {"type": "Feature", "geometry": {"type": "Point", "coordinates": [123.8626812, 10.3771034]}, "properties": {"category": "Tourism"}}, {"type": "Feature", "geometry": {"type": "Point", "coordinates": [123.8690934, 10.3086242]}, "properties": {"category": "Tourism"}}, {"type": "Feature", "geometry": {"type": "Point", "coordinates": [123.899708, 10.3058411]}, "properties": {"category": "Tourism"}}, {"type": "Feature", "geometry": {"type": "Point", "coordinates": [123.8959376, 10.3185396]}, "properties": {"category": "Tourism"}}, {"type": "Feature", "geometry": {"type": "Point", "coordinates": [123.8941119, 10.3078635]}, "properties": {"category": "Tourism"}}, {"type": "Feature", "geometry": {"type": "Point", "coordinates": [123.8600563, 10.3686442]}, "properties": {"category": "Tourism"}}, {"type": "Feature", "geometry": {"type": "Point", "coordinates": [123.8976274, 10.2999013]}, "properties": {"category": "Tourism"}}, {"type": "Feature", "geometry": {"type": "Point", "coordinates": [123.9019282, 10.2923284]}, "properties": {"category": "Tourism"}}, {"type": "Feature", "geometry": {"type": "Point", "coordinates": [123.9168406, 10.3071817]}, "properties": {"category": "Tourism"}}, {"type": "Feature", "geometry": {"type": "Point", "coordinates": [123.867985, 10.307409]}, "properties": {"category": "Tourism"}}, {"type": "Feature", "geometry": {"type": "Point", "coordinates": [123.8911419, 10.295522]}, "properties": {"category": "Tourism"}}, {"type": "Feature", "geometry": {"type": "Point", "coordinates": [123.8990527, 10.3088973]}, "properties": {"category": "Tourism"}}, {"type": "Feature", "geometry": {"type": "Point", "coordinates": [123.8830231, 10.2818699]}, "properties": {"category": "Tourism"}}, {"type": "Feature", "geometry": {"type": "Point", "coordinates": [123.914153, 10.314338]}, "properties": {"category": "Tourism"}}, {"type": "Feature", "geometry": {"type": "Point", "coordinates": [123.8643691, 10.3000947]}, "properties": {"category": "Tourism"}}, {"type": "Feature", "geometry": {"type": "Point", "coordinates": [123.9086056, 10.3272392]}, "properties": {"category": "Tourism"}}, {"type": "Feature", "geometry": {"type": "Point", "coordinates": [123.9020735, 10.3183181]}, "properties": {"category": "Tourism"}}, {"type": "Feature", "geometry": {"type": "Point", "coordinates": [123.911817, 10.313082]}, "properties": {"category": "Tourism"}}, {"type": "Feature", "geometry": {"type": "Point", "coordinates": [123.8865494, 10.3614287]}, "properties": {"category": "Tourism"}}, {"type": "Feature", "geometry": {"type": "Point", "coordinates": [123.9023268, 10.3121191]}, "properties": {"category": "Tourism"}}, {"type": "Feature", "geometry": {"type": "Point", "coordinates": [123.898498, 10.2922348]}, "properties": {"category": "Tourism"}}, {"type": "Feature", "geometry": {"type": "Point", "coordinates": [123.8986396, 10.3172701]}, "properties": {"category": "Tourism"}}, {"type": "Feature", "geometry": {"type": "Point", "coordinates": [123.8895457, 10.3015723]}, "properties": {"category": "Tourism"}}, {"type": "Feature", "geometry": {"type": "Point", "coordinates": [123.8983322, 10.300141]}, "properties": {"category": "Tourism"}}, {"type": "Feature", "geometry": {"type": "Point", "coordinates": [123.894134, 10.315607]}, "properties": {"category": "Tourism"}}, {"type": "Feature", "geometry": {"type": "Point", "coordinates": [123.9045043, 10.3247918]}, "properties": {"category": "Tourism"}}, {"type": "Feature", "geometry": {"type": "Point", "coordinates": [123.9014872, 10.320089]}, "properties": {"category": "Tourism"}}, {"type": "Feature", "geometry": {"type": "Point", "coordinates": [123.8654552, 10.2925591]}, "properties": {"category": "Tourism"}}, {"type": "Feature", "geometry": {"type": "Point", "coordinates": [123.8820366, 10.3144365]}, "properties": {"category": "Tourism"}}, {"type": "Feature", "geometry": {"type": "Point", "coordinates": [123.9014366, 10.3083273]}, "properties": {"category": "Tourism"}}, {"type": "Feature", "geometry": {"type": "Point", "coordinates": [123.8964992, 10.3310314]}, "properties": {"category": "Tourism"}}, {"type": "Feature", "geometry": {"type": "Point", "coordinates": [123.9039535, 10.2992716]}, "properties": {"category": "Tourism"}}, {"type": "Feature", "geometry": {"type": "Point", "coordinates": [123.860049, 10.2872608]}, "properties": {"category": "Tourism"}}, {"type": "Feature", "geometry": {"type": "Point", "coordinates": [123.9071744, 10.3333023]}, "properties": {"category": "Tourism"}}, {"type": "Feature", "geometry": {"type": "Point", "coordinates": [123.8980801, 10.320637]}, "properties": {"category": "Tourism"}}, {"type": "Feature", "geometry": {"type": "Point", "coordinates": [123.858378, 10.2998637]}, "properties": {"category": "Tourism"}}, {"type": "Feature", "geometry": {"type": "Point", "coordinates": [123.8935974, 10.3128524]}, "properties": {"category": "Tourism"}}, {"type": "Feature", "geometry": {"type": "Point", "coordinates": [123.8933989, 10.3084012]}, "properties": {"category": "Tourism"}}, {"type": "Feature", "geometry": {"type": "Point", "coordinates": [123.9616286, 10.3785642]}, "properties": {"category": "Tourism"}}, {"type": "Feature", "geometry": {"type": "Point", "coordinates": [123.961862, 10.374941]}, "properties": {"category": "Tourism"}}, {"type": "Feature", "geometry": {"type": "Point", "coordinates": [123.965146, 10.373822]}, "properties": {"category": "Tourism"}}, {"type": "Feature", "geometry": {"type": "Point", "coordinates": [123.9445467, 10.3785826]}, "properties": {"category": "Tourism"}}, {"type": "Feature", "geometry": {"type": "Point", "coordinates": [123.9631223, 10.3659943]}, "properties": {"category": "Tourism"}}, {"type": "Feature", "geometry": {"type": "Point", "coordinates": [123.974392, 10.376936]}, "properties": {"category": "Tourism"}}, {"type": "Feature", "geometry": {"type": "Point", "coordinates": [123.942134, 10.3910892]}, "properties": {"category": "Tourism"}}, {"type": "Feature", "geometry": {"type": "Point", "coordinates": [123.9640421, 10.3818902]}, "properties": {"category": "Tourism"}}, {"type": "Feature", "geometry": {"type": "Point", "coordinates": [123.9728089, 10.37008]}, "properties": {"category": "Tourism"}}, {"type": "Feature", "geometry": {"type": "Point", "coordinates": [124.0413367, 10.3284012]}, "properties": {"category": "Tourism"}}, {"type": "Feature", "geometry": {"type": "Point", "coordinates": [123.9598079, 10.3790879]}, "properties": {"category": "Tourism"}}, {"type": "Feature", "geometry": {"type": "Point", "coordinates": [123.9596328, 10.3761912]}, "properties": {"category": "Tourism"}}, {"type": "Feature", "geometry": {"type": "Point", "coordinates": [123.9616684, 10.3779508]}, "properties": {"category": "Tourism"}}, {"type": "Feature", "geometry": {"type": "Point", "coordinates": [123.9692983, 10.3695742]}, "properties": {"category": "Tourism"}}, {"type": "Feature", "geometry": {"type": "Point", "coordinates": [123.9712197, 10.3792966]}, "properties": {"category": "Tourism"}}, {"type": "Feature", "geometry": {"type": "Point", "coordinates": [123.9669639, 10.3710787]}, "properties": {"category": "Tourism"}}, {"type": "Feature", "geometry": {"type": "Point", "coordinates": [123.9815798, 10.3656137]}, "properties": {"category": "Tourism"}}, {"type": "Feature", "geometry": {"type": "Point", "coordinates": [123.941793, 10.3731798]}, "properties": {"category": "Tourism"}}, {"type": "Feature", "geometry": {"type": "Point", "coordinates": [123.9590284, 10.3713184]}, "properties": {"category": "Tourism"}}, {"type": "Feature", "geometry": {"type": "Point", "coordinates": [123.9654119, 10.3971133]}, "properties": {"category": "Tourism"}}, {"type": "Feature", "geometry": {"type": "Point", "coordinates": [123.9745416, 10.376958]}, "properties": {"category": "Tourism"}}, {"type": "Feature", "geometry": {"type": "Point", "coordinates": [123.9651141, 10.3801937]}, "properties": {"category": "Tourism"}}, {"type": "Feature", "geometry": {"type": "Point", "coordinates": [123.9741833, 10.3724037]}, "properties": {"category": "Tourism"}}, {"type": "Feature", "geometry": {"type": "Point", "coordinates": [123.9597767, 10.3755477]}, "properties": {"category": "Tourism"}}, {"type": "Feature", "geometry": {"type": "Point", "coordinates": [123.9612781, 10.3800027]}, "properties": {"category": "Tourism"}}, {"type": "Feature", "geometry": {"type": "Point", "coordinates": [123.9708469, 10.3692944]}, "properties": {"category": "Tourism"}}, {"type": "Feature", "geometry": {"type": "Point", "coordinates": [123.9680229, 10.3772552]}, "properties": {"category": "Tourism"}}, {"type": "Feature", "geometry": {"type": "Point", "coordinates": [123.9628151, 10.3732741]}, "properties": {"category": "Tourism"}}, {"type": "Feature", "geometry": {"type": "Point", "coordinates": [123.9593978, 10.3757014]}, "properties": {"category": "Tourism"}}, {"type": "Feature", "geometry": {"type": "Point", "coordinates": [123.9617053, 10.3733965]}, "properties": {"category": "Tourism"}}, {"type": "Feature", "geometry": {"type": "Point", "coordinates": [123.9626378, 10.3730678]}, "properties": {"category": "Tourism"}}, {"type": "Feature", "geometry": {"type": "Point", "coordinates": [123.9662108, 10.3684258]}, "properties": {"category": "Tourism"}}, {"type": "Feature", "geometry": {"type": "Point", "coordinates": [123.964428, 10.379951]}, "properties": {"category": "Tourism"}}, {"type": "Feature", "geometry": {"type": "Point", "coordinates": [123.9239853, 10.4032007]}, "properties": {"category": "Tourism"}}, {"type": "Feature", "geometry": {"type": "Point", "coordinates": [123.9699485, 10.3501342]}, "properties": {"category": "Tourism"}}, {"type": "Feature", "geometry": {"type": "Point", "coordinates": [123.9631884, 10.3685073]}, "properties": {"category": "Tourism"}}, {"type": "Feature", "geometry": {"type": "Point", "coordinates": [123.9736543, 10.3398859]}, "properties": {"category": "Tourism"}}, {"type": "Feature", "geometry": {"type": "Point", "coordinates": [123.9591566, 10.3734895]}, "properties": {"category": "Tourism"}}, {"type": "Feature", "geometry": {"type": "Point", "coordinates": [123.9406487, 10.4266815]}, "properties": {"category": "Tourism"}}, {"type": "Feature", "geometry": {"type": "Point", "coordinates": [123.947306, 10.370814]}, "properties": {"category": "Tourism"}}, {"type": "Feature", "geometry": {"type": "Point", "coordinates": [123.9691026, 10.3793894]}, "properties": {"category": "Tourism"}}, {"type": "Feature", "geometry": {"type": "Point", "coordinates": [123.9625834, 10.3749558]}, "properties": {"category": "Tourism"}}, {"type": "Feature", "geometry": {"type": "Point", "coordinates": [124.0011993, 10.2864043]}, "properties": {"category": "Tourism"}}, {"type": "Feature", "geometry": {"type": "Point", "coordinates": [123.9959018, 10.3157252]}, "properties": {"category": "Tourism"}}, {"type": "Feature", "geometry": {"type": "Point", "coordinates": [123.962255, 10.3175115]}, "properties": {"category": "Tourism"}}, {"type": "Feature", "geometry": {"type": "Point", "coordinates": [123.9843852, 10.2752649]}, "properties": {"category": "Tourism"}}, {"type": "Feature", "geometry": {"type": "Point", "coordinates": [123.9864092, 10.2787703]}, "properties": {"category": "Tourism"}}, {"type": "Feature", "geometry": {"type": "Point", "coordinates": [123.936436, 10.2872219]}, "properties": {"category": "Tourism"}}, {"type": "Feature", "geometry": {"type": "Point", "coordinates": [123.9931215, 10.2782061]}, "properties": {"category": "Tourism"}}, {"type": "Feature", "geometry": {"type": "Point", "coordinates": [123.9466275, 10.2980236]}, "properties": {"category": "Tourism"}}, {"type": "Feature", "geometry": {"type": "Point", "coordinates": [124.025533, 10.313828]}, "properties": {"category": "Tourism"}}, {"type": "Feature", "geometry": {"type": "Point", "coordinates": [123.9544579, 10.3101507]}, "properties": {"category": "Tourism"}}, {"type": "Feature", "geometry": {"type": "Point", "coordinates": [123.9602237, 10.3061675]}, "properties": {"category": "Tourism"}}, {"type": "Feature", "geometry": {"type": "Point", "coordinates": [123.9647601, 10.3146972]}, "properties": {"category": "Tourism"}}, {"type": "Feature", "geometry": {"type": "Point", "coordinates": [123.9328515, 10.3255397]}, "properties": {"category": "Tourism"}}, {"type": "Feature", "geometry": {"type": "Point", "coordinates": [123.9630929, 10.3140462]}, "properties": {"category": "Tourism"}}, {"type": "Feature", "geometry": {"type": "Point", "coordinates": [124.0014995, 10.3023035]}, "properties": {"category": "Tourism"}}, {"type": "Feature", "geometry": {"type": "Point", "coordinates": [123.9212061, 10.3118418]}, "properties": {"category": "Tourism"}}, {"type": "Feature", "geometry": {"type": "Point", "coordinates": [124.026354, 10.3141]}, "properties": {"category": "Tourism"}}, {"type": "Feature", "geometry": {"type": "Point", "coordinates": [124.0003102, 10.2875282]}, "properties": {"category": "Tourism"}}, {"type": "Feature", "geometry": {"type": "Point", "coordinates": [123.9658681, 10.2931535]}, "properties": {"category": "Tourism"}}, {"type": "Feature", "geometry": {"type": "Point", "coordinates": [123.9588234, 10.313682]}, "properties": {"category": "Tourism"}}, {"type": "Feature", "geometry": {"type": "Point", "coordinates": [123.9595355, 10.3128967]}, "properties": {"category": "Tourism"}}, {"type": "Feature", "geometry": {"type": "Point", "coordinates": [123.9181856, 10.3120113]}, "properties": {"category": "Tourism"}}, {"type": "Feature", "geometry": {"type": "Point", "coordinates": [123.9597855, 10.2805815]}, "properties": {"category": "Tourism"}}, {"type": "Feature", "geometry": {"type": "Point", "coordinates": [123.9543731, 10.312582]}, "properties": {"category": "Tourism"}}, {"type": "Feature", "geometry": {"type": "Point", "coordinates": [123.9529094, 10.3131603]}, "properties": {"category": "Tourism"}}, {"type": "Feature", "geometry": {"type": "Point", "coordinates": [123.9768311, 10.3257295]}, "properties": {"category": "Tourism"}}, {"type": "Feature", "geometry": {"type": "Point", "coordinates": [123.9629442, 10.3181916]}, "properties": {"category": "Tourism"}}, {"type": "Feature", "geometry": {"type": "Point", "coordinates": [123.9754802, 10.3283793]}, "properties": {"category": "Tourism"}}, {"type": "Feature", "geometry": {"type": "Point", "coordinates": [123.9290491, 10.3215087]}, "properties": {"category": "Tourism"}}, {"type": "Feature", "geometry": {"type": "Point", "coordinates": [123.9993767, 10.2865516]}, "properties": {"category": "Tourism"}}, {"type": "Feature", "geometry": {"type": "Point", "coordinates": [123.9579762, 10.312912]}, "properties": {"category": "Tourism"}}, {"type": "Feature", "geometry": {"type": "Point", "coordinates": [123.9760131, 10.3217538]}, "properties": {"category": "Tourism"}}, {"type": "Feature", "geometry": {"type": "Point", "coordinates": [123.9986569, 10.2903964]}, "properties": {"category": "Tourism"}}, {"type": "Feature", "geometry": {"type": "Point", "coordinates": [123.9601312, 10.3159286]}, "properties": {"category": "Tourism"}}, {"type": "Feature", "geometry": {"type": "Point", "coordinates": [124.0061286, 10.2883261]}, "properties": {"category": "Tourism"}}, {"type": "Feature", "geometry": {"type": "Point", "coordinates": [123.9716685, 10.2927247]}, "properties": {"category": "Tourism"}}, {"type": "Feature", "geometry": {"type": "Point", "coordinates": [124.0137914, 10.3106135]}, "properties": {"category": "Tourism"}}, {"type": "Feature", "geometry": {"type": "Point", "coordinates": [123.9918752, 10.2786101]}, "properties": {"category": "Tourism"}}, {"type": "Feature", "geometry": {"type": "Point", "coordinates": [123.9674531, 10.3249471]}, "properties": {"category": "Tourism"}}, {"type": "Feature", "geometry": {"type": "Point", "coordinates": [123.9363932, 10.2821621]}, "properties": {"category": "Tourism"}}, {"type": "Feature", "geometry": {"type": "Point", "coordinates": [123.9608592, 10.3024964]}, "properties": {"category": "Tourism"}}, {"type": "Feature", "geometry": {"type": "Point", "coordinates": [123.9861638, 10.3045982]}, "properties": {"category": "Tourism"}}, {"type": "Feature", "geometry": {"type": "Point", "coordinates": [123.9592859, 10.3094675]}, "properties": {"category": "Tourism"}}, {"type": "Feature", "geometry": {"type": "Point", "coordinates": [123.9836411, 10.2594543]}, "properties": {"category": "Tourism"}}, {"type": "Feature", "geometry": {"type": "Point", "coordinates": [123.9683949, 10.3166769]}, "properties": {"category": "Tourism"}}, {"type": "Feature", "geometry": {"type": "Point", "coordinates": [123.9660223, 10.2696237]}, "properties": {"category": "Tourism"}}, {"type": "Feature", "geometry": {"type": "Point", "coordinates": [123.9492918, 10.321627]}, "properties": {"category": "Tourism"}}, {"type": "Feature", "geometry": {"type": "Point", "coordinates": [123.9679031, 10.3211145]}, "properties": {"category": "Tourism"}}, {"type": "Feature", "geometry": {"type": "Point", "coordinates": [123.9282091, 10.3112017]}, "properties": {"category": "Tourism"}}, {"type": "Feature", "geometry": {"type": "Point", "coordinates": [123.9749357, 10.2813057]}, "properties": {"category": "Tourism"}}, {"type": "Feature", "geometry": {"type": "Point", "coordinates": [123.9668838, 10.3165141]}, "properties": {"category": "Tourism"}}, {"type": "Feature", "geometry": {"type": "Point", "coordinates": [124.0086583, 10.2900397]}, "properties": {"category": "Tourism"}}, {"type": "Feature", "geometry": {"type": "Point", "coordinates": [123.9621443, 10.3113284]}, "properties": {"category": "Tourism"}}, {"type": "Feature", "geometry": {"type": "Point", "coordinates": [123.975611, 10.3222111]}, "properties": {"category": "Tourism"}}, {"type": "Feature", "geometry": {"type": "Point", "coordinates": [123.9955854, 10.282778]}, "properties": {"category": "Tourism"}}, {"type": "Feature", "geometry": {"type": "Point", "coordinates": [123.96709, 10.3163392]}, "properties": {"category": "Tourism"}}, {"type": "Feature", "geometry": {"type": "Point", "coordinates": [123.9649095, 10.3168646]}, "properties": {"category": "Tourism"}}, {"type": "Feature", "geometry": {"type": "Point", "coordinates": [123.9981474, 10.286228]}, "properties": {"category": "Tourism"}}, {"type": "Feature", "geometry": {"type": "Point", "coordinates": [123.9504601, 10.3078042]}, "properties": {"category": "Tourism"}}, {"type": "Feature", "geometry": {"type": "Point", "coordinates": [123.9659656, 10.2864714]}, "properties": {"category": "Tourism"}}, {"type": "Feature", "geometry": {"type": "Point", "coordinates": [123.9614199, 10.3015218]}, "properties": {"category": "Tourism"}}, {"type": "Feature", "geometry": {"type": "Point", "coordinates": [123.9959226, 10.3157159]}, "properties": {"category": "Tourism"}}, {"type": "Feature", "geometry": {"type": "Point", "coordinates": [123.9673679, 10.3153926]}, "properties": {"category": "Tourism"}}, {"type": "Feature", "geometry": {"type": "Point", "coordinates": [123.9448435, 10.3310997]}, "properties": {"category": "Tourism"}}, {"type": "Feature", "geometry": {"type": "Point", "coordinates": [123.9738525, 10.3198121]}, "properties": {"category": "Tourism"}}, {"type": "Feature", "geometry": {"type": "Point", "coordinates": [123.9715689, 10.3179084]}, "properties": {"category": "Tourism"}}, {"type": "Feature", "geometry": {"type": "Point", "coordinates": [124.0005007, 10.3080177]}, "properties": {"category": "Tourism"}}, {"type": "Feature", "geometry": {"type": "Point", "coordinates": [123.960184, 10.3159324]}, "properties": {"category": "Tourism"}}, {"type": "Feature", "geometry": {"type": "Point", "coordinates": [123.9642532, 10.2818972]}, "properties": {"category": "Tourism"}}, {"type": "Feature", "geometry": {"type": "Point", "coordinates": [123.9384725, 10.3199756]}, "properties": {"category": "Tourism"}}, {"type": "Feature", "geometry": {"type": "Point", "coordinates": [123.9370113, 10.3285048]}, "properties": {"category": "Tourism"}}, {"type": "Feature", "geometry": {"type": "Point", "coordinates": [123.9713853, 10.2626463]}, "properties": {"category": "Tourism"}}, {"type": "Feature", "geometry": {"type": "Point", "coordinates": [123.990573, 10.29132]}, "properties": {"category": "Tourism"}}, {"type": "Feature", "geometry": {"type": "Point", "coordinates": [123.9486111, 10.3125]}, "properties": {"category": "Tourism"}}, {"type": "Feature", "geometry": {"type": "Point", "coordinates": [123.9524188, 10.3057261]}, "properties": {"category": "Tourism"}}, {"type": "Feature", "geometry": {"type": "Point", "coordinates": [123.9448306, 10.3254348]}, "properties": {"category": "Tourism"}}, {"type": "Feature", "geometry": {"type": "Point", "coordinates": [123.9729694, 10.2556673]}, "properties": {"category": "Tourism"}}, {"type": "Feature", "geometry": {"type": "Point", "coordinates": [124.028205, 10.3159485]}, "properties": {"category": "Tourism"}}, {"type": "Feature", "geometry": {"type": "Point", "coordinates": [123.9828074, 10.2605254]}, "properties": {"category": "Tourism"}}, {"type": "Feature", "geometry": {"type": "Point", "coordinates": [123.9722147, 10.3197437]}, "properties": {"category": "Tourism"}}, {"type": "Feature", "geometry": {"type": "Point", "coordinates": [123.9510738, 10.3107057]}, "properties": {"category": "Tourism"}}, {"type": "Feature", "geometry": {"type": "Point", "coordinates": [123.9474376, 10.30528]}, "properties": {"category": "Tourism"}}, {"type": "Feature", "geometry": {"type": "Point", "coordinates": [123.9194217, 10.3098183]}, "properties": {"category": "Tourism"}}, {"type": "Feature", "geometry": {"type": "Point", "coordinates": [123.9932226, 10.3125281]}, "properties": {"category": "Tourism"}}, {"type": "Feature", "geometry": {"type": "Point", "coordinates": [123.9485625, 10.2974375]}, "properties": {"category": "Tourism"}}, {"type": "Feature", "geometry": {"type": "Point", "coordinates": [123.9466333, 10.3275475]}, "properties": {"category": "Tourism"}}, {"type": "Feature", "geometry": {"type": "Point", "coordinates": [123.9750581, 10.2631813]}, "properties": {"category": "Tourism"}}, {"type": "Feature", "geometry": {"type": "Point", "coordinates": [123.9656888, 10.28456]}, "properties": {"category": "Tourism"}}, {"type": "Feature", "geometry": {"type": "Point", "coordinates": [123.9515012, 10.3338654]}, "properties": {"category": "Tourism"}}, {"type": "Feature", "geometry": {"type": "Point", "coordinates": [124.0290799, 10.2530581]}, "properties": {"category": "Tourism"}}, {"type": "Feature", "geometry": {"type": "Point", "coordinates": [124.0200301, 10.3081301]}, "properties": {"category": "Tourism"}}, {"type": "Feature", "geometry": {"type": "Point", "coordinates": [124.0231906, 10.3102726]}, "properties": {"category": "Tourism"}}, {"type": "Feature", "geometry": {"type": "Point", "coordinates": [124.0068711, 10.2899858]}, "properties": {"category": "Tourism"}}, {"type": "Feature", "geometry": {"type": "Point", "coordinates": [123.9948348, 10.2788644]}, "properties": {"category": "Tourism"}}, {"type": "Feature", "geometry": {"type": "Point", "coordinates": [123.9677576, 10.3214794]}, "properties": {"category": "Tourism"}}, {"type": "Feature", "geometry": {"type": "Point", "coordinates": [124.0193458, 10.3035254]}, "properties": {"category": "Tourism"}}, {"type": "Feature", "geometry": {"type": "Point", "coordinates": [123.9589662, 10.3125819]}, "properties": {"category": "Tourism"}}, {"type": "Feature", "geometry": {"type": "Point", "coordinates": [123.9651724, 10.3189757]}, "properties": {"category": "Tourism"}}, {"type": "Feature", "geometry": {"type": "Point", "coordinates": [124.0157325, 10.2987618]}, "properties": {"category": "Tourism"}}, {"type": "Feature", "geometry": {"type": "Point", "coordinates": [123.9615481, 10.316059]}, "properties": {"category": "Tourism"}}, {"type": "Feature", "geometry": {"type": "Point", "coordinates": [123.977083, 10.3253814]}, "properties": {"category": "Tourism"}}, {"type": "Feature", "geometry": {"type": "Point", "coordinates": [123.9520062, 10.3131034]}, "properties": {"category": "Tourism"}}, {"type": "Feature", "geometry": {"type": "Point", "coordinates": [124.0090272, 10.3063003]}, "properties": {"category": "Tourism"}}, {"type": "Feature", "geometry": {"type": "Point", "coordinates": [123.9523135, 10.3036407]}, "properties": {"category": "Tourism"}}, {"type": "Feature", "geometry": {"type": "Point", "coordinates": [124.0161361, 10.2998733]}, "properties": {"category": "Tourism"}}, {"type": "Feature", "geometry": {"type": "Point", "coordinates": [123.9657188, 10.3200177]}, "properties": {"category": "Tourism"}}, {"type": "Feature", "geometry": {"type": "Point", "coordinates": [123.9827708, 10.3061957]}, "properties": {"category": "Tourism"}}, {"type": "Feature", "geometry": {"type": "Point", "coordinates": [123.9632321, 10.3302073]}, "properties": {"category": "Tourism"}}, {"type": "Feature", "geometry": {"type": "Point", "coordinates": [123.9779633, 10.3168295]}, "properties": {"category": "Tourism"}}, {"type": "Feature", "geometry": {"type": "Point", "coordinates": [123.9649371, 10.2969274]}, "properties": {"category": "Tourism"}}, {"type": "Feature", "geometry": {"type": "Point", "coordinates": [123.9408865, 10.3276176]}, "properties": {"category": "Tourism"}}, {"type": "Feature", "geometry": {"type": "Point", "coordinates": [123.9521031, 10.3117282]}, "properties": {"category": "Tourism"}}, {"type": "Feature", "geometry": {"type": "Point", "coordinates": [123.9367827, 10.3248348]}, "properties": {"category": "Tourism"}}, {"type": "Feature", "geometry": {"type": "Point", "coordinates": [123.975157, 10.326076]}, "properties": {"category": "Tourism"}}, {"type": "Feature", "geometry": {"type": "Point", "coordinates": [123.929307, 10.338882]}, "properties": {"category": "Tourism"}}, {"type": "Feature", "geometry": {"type": "Point", "coordinates": [123.9219854, 10.3276021]}, "properties": {"category": "Tourism"}}, {"type": "Feature", "geometry": {"type": "Point", "coordinates": [123.9361803, 10.3306681]}, "properties": {"category": "Tourism"}}, {"type": "Feature", "geometry": {"type": "Point", "coordinates": [123.9235997, 10.3743154]}, "properties": {"category": "Tourism"}}, {"type": "Feature", "geometry": {"type": "Point", "coordinates": [123.9108125, 10.3448125]}, "properties": {"category": "Tourism"}}, {"type": "Feature", "geometry": {"type": "Point", "coordinates": [123.9289577, 10.3284228]}, "properties": {"category": "Tourism"}}, {"type": "Feature", "geometry": {"type": "Point", "coordinates": [123.9436428, 10.3345882]}, "properties": {"category": "Tourism"}}, {"type": "Feature", "geometry": {"type": "Point", "coordinates": [123.9170895, 10.3256491]}, "properties": {"category": "Tourism"}}, {"type": "Feature", "geometry": {"type": "Point", "coordinates": [123.9209895, 10.3274363]}, "properties": {"category": "Tourism"}}, {"type": "Feature", "geometry": {"type": "Point", "coordinates": [123.9300831, 10.3681902]}, "properties": {"category": "Tourism"}}, {"type": "Feature", "geometry": {"type": "Point", "coordinates": [123.9107686, 10.3585053]}, "properties": {"category": "Tourism"}}, {"type": "Feature", "geometry": {"type": "Point", "coordinates": [123.942128, 10.3352101]}, "properties": {"category": "Tourism"}}, {"type": "Feature", "geometry": {"type": "Point", "coordinates": [123.9130027, 10.3415278]}, "properties": {"category": "Tourism"}}, {"type": "Feature", "geometry": {"type": "Point", "coordinates": [123.9274764, 10.3478716]}, "properties": {"category": "Tourism"}}, {"type": "Feature", "geometry": {"type": "Point", "coordinates": [123.939241, 10.3356453]}, "properties": {"category": "Tourism"}}, {"type": "Feature", "geometry": {"type": "Point", "coordinates": [123.92244, 10.329685]}, "properties": {"category": "Tourism"}}, {"type": "Feature", "geometry": {"type": "Point", "coordinates": [123.9092505, 10.3519898]}, "properties": {"category": "Tourism"}}, {"type": "Feature", "geometry": {"type": "Point", "coordinates": [123.9476734, 10.3497199]}, "properties": {"category": "Tourism"}}, {"type": "Feature", "geometry": {"type": "Point", "coordinates": [123.9343325, 10.3350934]}, "properties": {"category": "Tourism"}}, {"type": "Feature", "geometry": {"type": "Point", "coordinates": [123.9386595, 10.3610739]}, "properties": {"category": "Tourism"}}, {"type": "Feature", "geometry": {"type": "Point", "coordinates": [123.9170128, 10.3778976]}, "properties": {"category": "Tourism"}}, {"type": "Feature", "geometry": {"type": "Point", "coordinates": [123.9262268, 10.366731]}, "properties": {"category": "Tourism"}}, {"type": "Feature", "geometry": {"type": "Point", "coordinates": [123.9129771, 10.3648579]}, "properties": {"category": "Tourism"}}, {"type": "Feature", "geometry": {"type": "Point", "coordinates": [123.927645, 10.3256496]}, "properties": {"category": "Tourism"}}, {"type": "Feature", "geometry": {"type": "Point", "coordinates": [123.9209189, 10.3244305]}, "properties": {"category": "Tourism"}}, {"type": "Feature", "geometry": {"type": "Point", "coordinates": [123.9245077, 10.3382832]}, "properties": {"category": "Tourism"}}, {"type": "Feature", "geometry": {"type": "Point", "coordinates": [123.9540299, 10.3381384]}, "properties": {"category": "Tourism"}}, {"type": "Feature", "geometry": {"type": "Point", "coordinates": [123.9117275, 10.3356327]}, "properties": {"category": "Tourism"}}, {"type": "Feature", "geometry": {"type": "Point", "coordinates": [123.9224701, 10.3429604]}, "properties": {"category": "Tourism"}}, {"type": "Feature", "geometry": {"type": "Point", "coordinates": [123.9225196, 10.3429686]}, "properties": {"category": "Tourism"}}, {"type": "Feature", "geometry": {"type": "Point", "coordinates": [123.9161035, 10.342047]}, "properties": {"category": "Tourism"}}, {"type": "Feature", "geometry": {"type": "Point", "coordinates": [123.9376003, 10.3338597]}, "properties": {"category": "Tourism"}}, {"type": "Feature", "geometry": {"type": "Point", "coordinates": [123.9094445, 10.3393117]}, "properties": {"category": "Tourism"}}, {"type": "Feature", "geometry": {"type": "Point", "coordinates": [123.9524525, 10.3364916]}, "properties": {"category": "Tourism"}}, {"type": "Feature", "geometry": {"type": "Point", "coordinates": [123.9361361, 10.3398552]}, "properties": {"category": "Tourism"}}, {"type": "Feature", "geometry": {"type": "Point", "coordinates": [123.9266805, 10.3574954]}, "properties": {"category": "Tourism"}}, {"type": "Feature", "geometry": {"type": "Point", "coordinates": [123.9580888, 10.3453346]}, "properties": {"category": "Tourism"}}, {"type": "Feature", "geometry": {"type": "Point", "coordinates": [123.9223438, 10.3658227]}, "properties": {"category": "Tourism"}}, {"type": "Feature", "geometry": {"type": "Point", "coordinates": [123.922925, 10.3381193]}, "properties": {"category": "Tourism"}}, {"type": "Feature", "geometry": {"type": "Point", "coordinates": [123.9500968, 10.3582727]}, "properties": {"category": "Tourism"}}, {"type": "Feature", "geometry": {"type": "Point", "coordinates": [123.9242304, 10.3499846]}, "properties": {"category": "Tourism"}}, {"type": "Feature", "geometry": {"type": "Point", "coordinates": [123.9214959, 10.3289414]}, "properties": {"category": "Tourism"}}, {"type": "Feature", "geometry": {"type": "Point", "coordinates": [123.9510272, 10.3553339]}, "properties": {"category": "Tourism"}}, {"type": "Feature", "geometry": {"type": "Point", "coordinates": [123.937435, 10.3338749]}, "properties": {"category": "Tourism"}}, {"type": "Feature", "geometry": {"type": "Point", "coordinates": [123.9361363, 10.3398697]}, "properties": {"category": "Tourism"}}, {"type": "Feature", "geometry": {"type": "Point", "coordinates": [123.9491875, 10.3473125]}, "properties": {"category": "Tourism"}}, {"type": "Feature", "geometry": {"type": "Point", "coordinates": [123.9392533, 10.3312763]}, "properties": {"category": "Tourism"}}, {"type": "Feature", "geometry": {"type": "Point", "coordinates": [123.9358561, 10.3374181]}, "properties": {"category": "Tourism"}}, {"type": "Feature", "geometry": {"type": "Point", "coordinates": [123.932198, 10.351631]}, "properties": {"category": "Tourism"}}, {"type": "Feature", "geometry": {"type": "Point", "coordinates": [123.9404358, 10.3336781]}, "properties": {"category": "Tourism"}}, {"type": "Feature", "geometry": {"type": "Point", "coordinates": [123.9426436, 10.3314163]}, "properties": {"category": "Tourism"}}, {"type": "Feature", "geometry": {"type": "Point", "coordinates": [123.9110767, 10.332565]}, "properties": {"category": "Tourism"}}, {"type": "Feature", "geometry": {"type": "Point", "coordinates": [123.9239591, 10.3240338]}, "properties": {"category": "Tourism"}}, {"type": "Feature", "geometry": {"type": "Point", "coordinates": [123.926175, 10.3488963]}, "properties": {"category": "Tourism"}}, {"type": "Feature", "geometry": {"type": "Point", "coordinates": [123.923319, 10.3344258]}, "properties": {"category": "Tourism"}}, {"type": "Feature", "geometry": {"type": "Point", "coordinates": [123.9437517, 10.3332377]}, "properties": {"category": "Tourism"}}, {"type": "Feature", "geometry": {"type": "Point", "coordinates": [123.9086196, 10.3406997]}, "properties": {"category": "Tourism"}}, {"type": "Feature", "geometry": {"type": "Point", "coordinates": [123.9313767, 10.3370751]}, "properties": {"category": "Tourism"}}, {"type": "Feature", "geometry": {"type": "Point", "coordinates": [123.9305133, 10.3285698]}, "properties": {"category": "Tourism"}}, {"type": "Feature", "geometry": {"type": "Point", "coordinates": [123.9343921, 10.3348759]}, "properties": {"category": "Tourism"}}, {"type": "Feature", "geometry": {"type": "Point", "coordinates": [123.9354299, 10.3310823]}, "properties": {"category": "Tourism"}}, {"type": "Feature", "geometry": {"type": "Point", "coordinates": [123.9362207, 10.366386]}, "properties": {"category": "Tourism"}}, {"type": "Feature", "geometry": {"type": "Point", "coordinates": [123.9501554, 10.3570581]}, "properties": {"category": "Tourism"}}, {"type": "Feature", "geometry": {"type": "Point", "coordinates": [123.9250548, 10.3483965]}, "properties": {"category": "Tourism"}}, {"type": "Feature", "geometry": {"type": "Point", "coordinates": [123.9339162, 10.3416775]}, "properties": {"category": "Tourism"}}, {"type": "Feature", "geometry": {"type": "Point", "coordinates": [123.9301043, 10.3613436]}, "properties": {"category": "Tourism"}}, {"type": "Feature", "geometry": {"type": "Point", "coordinates": [123.9141252, 10.356777]}, "properties": {"category": "Tourism"}}, {"type": "Feature", "geometry": {"type": "Point", "coordinates": [123.787914, 10.2426564]}, "properties": {"category": "Tourism"}}, {"type": "Feature", "geometry": {"type": "Point", "coordinates": [123.82243, 10.2433719]}, "properties": {"category": "Tourism"}}, {"type": "Feature", "geometry": {"type": "Point", "coordinates": [123.8327426, 10.2361087]}, "properties": {"category": "Tourism"}}, {"type": "Feature", "geometry": {"type": "Point", "coordinates": [123.8607987, 10.2711702]}, "properties": {"category": "Tourism"}}, {"type": "Feature", "geometry": {"type": "Point", "coordinates": [123.8606572, 10.2742422]}, "properties": {"category": "Tourism"}}, {"type": "Feature", "geometry": {"type": "Point", "coordinates": [123.8223954, 10.243495]}, "properties": {"category": "Tourism"}}, {"type": "Feature", "geometry": {"type": "Point", "coordinates": [123.837395, 10.2401897]}, "properties": {"category": "Tourism"}}, {"type": "Feature", "geometry": {"type": "Point", "coordinates": [123.8497376, 10.2431722]}, "properties": {"category": "Tourism"}}, {"type": "Feature", "geometry": {"type": "Point", "coordinates": [123.8481061, 10.2440081]}, "properties": {"category": "Tourism"}}, {"type": "Feature", "geometry": {"type": "Point", "coordinates": [123.8241423, 10.2383194]}, "properties": {"category": "Tourism"}}, {"type": "Feature", "geometry": {"type": "Point", "coordinates": [123.8577324, 10.2664629]}, "properties": {"category": "Tourism"}}, {"type": "Feature", "geometry": {"type": "Point", "coordinates": [123.8357621, 10.2363243]}, "properties": {"category": "Tourism"}}, {"type": "Feature", "geometry": {"type": "Point", "coordinates": [123.8271812, 10.2369854]}, "properties": {"category": "Tourism"}}, {"type": "Feature", "geometry": {"type": "Point", "coordinates": [123.8292033, 10.2402627]}, "properties": {"category": "Tourism"}}, {"type": "Feature", "geometry": {"type": "Point", "coordinates": [123.8589354, 10.2800525]}, "properties": {"category": "Tourism"}}, {"type": "Feature", "geometry": {"type": "Point", "coordinates": [123.8417969, 10.2375691]}, "properties": {"category": "Tourism"}}, {"type": "Feature", "geometry": {"type": "Point", "coordinates": [123.841814, 10.2375856]}, "properties": {"category": "Tourism"}}, {"type": "Feature", "geometry": {"type": "Point", "coordinates": [123.8637377, 10.2672214]}, "properties": {"category": "Tourism"}}, {"type": "Feature", "geometry": {"type": "Point", "coordinates": [123.82099, 10.2777464]}, "properties": {"category": "Tourism"}}, {"type": "Feature", "geometry": {"type": "Point", "coordinates": [123.8621425, 10.2647126]}, "properties": {"category": "Tourism"}}, {"type": "Feature", "geometry": {"type": "Point", "coordinates": [123.8220978, 10.24226]}, "properties": {"category": "Tourism"}}, {"type": "Feature", "geometry": {"type": "Point", "coordinates": [123.8169485, 10.2755464]}, "properties": {"category": "Tourism"}}, {"type": "Feature", "geometry": {"type": "Point", "coordinates": [123.8299866, 10.2434664]}, "properties": {"category": "Tourism"}}, {"type": "Feature", "geometry": {"type": "Point", "coordinates": [123.8237915, 10.24543]}, "properties": {"category": "Tourism"}}, {"type": "Feature", "geometry": {"type": "Point", "coordinates": [123.8390884, 10.2520849]}, "properties": {"category": "Tourism"}}, {"type": "Feature", "geometry": {"type": "Point", "coordinates": [123.8582651, 10.2826235]}, "properties": {"category": "Tourism"}}, {"type": "Feature", "geometry": {"type": "Point", "coordinates": [123.8309178, 10.2418916]}, "properties": {"category": "Tourism"}}, {"type": "Feature", "geometry": {"type": "Point", "coordinates": [123.8358585, 10.2385796]}, "properties": {"category": "Tourism"}}, {"type": "Feature", "geometry": {"type": "Point", "coordinates": [123.833955, 10.2464979]}, "properties": {"category": "Tourism"}}, {"type": "Feature", "geometry": {"type": "Point", "coordinates": [123.826946, 10.239253]}, "properties": {"category": "Tourism"}}, {"type": "Feature", "geometry": {"type": "Point", "coordinates": [123.8242301, 10.2376024]}, "properties": {"category": "Tourism"}}, {"type": "Feature", "geometry": {"type": "Point", "coordinates": [123.8175929, 10.2578374]}, "properties": {"category": "Tourism"}}, {"type": "Feature", "geometry": {"type": "Point", "coordinates": [123.839957, 10.275196]}, "properties": {"category": "Tourism"}}, {"type": "Feature", "geometry": {"type": "Point", "coordinates": [123.8539274, 10.2774357]}, "properties": {"category": "Tourism"}}, {"type": "Feature", "geometry": {"type": "Point", "coordinates": [123.8574255, 10.2709182]}, "properties": {"category": "Tourism"}}, {"type": "Feature", "geometry": {"type": "Point", "coordinates": [123.842235, 10.2668523]}, "properties": {"category": "Tourism"}}, {"type": "Feature", "geometry": {"type": "Point", "coordinates": [123.8339569, 10.2347829]}, "properties": {"category": "Tourism"}}, {"type": "Feature", "geometry": {"type": "Point", "coordinates": [123.8380051, 10.2403082]}, "properties": {"category": "Tourism"}}, {"type": "Feature", "geometry": {"type": "Point", "coordinates": [123.8436586, 10.2663263]}, "properties": {"category": "Tourism"}}, {"type": "Feature", "geometry": {"type": "Point", "coordinates": [123.8317162, 10.245479]}, "properties": {"category": "Tourism"}}, {"type": "Feature", "geometry": {"type": "Point", "coordinates": [123.8206253, 10.2411509]}, "properties": {"category": "Tourism"}}, {"type": "Feature", "geometry": {"type": "Point", "coordinates": [123.8206177, 10.2410774]}, "properties": {"category": "Tourism"}}, {"type": "Feature", "geometry": {"type": "Point", "coordinates": [123.8648496, 10.2685582]}, "properties": {"category": "Tourism"}}, {"type": "Feature", "geometry": {"type": "Point", "coordinates": [123.8589348, 10.2663772]}, "properties": {"category": "Tourism"}}, {"type": "Feature", "geometry": {"type": "Point", "coordinates": [123.8583827, 10.2673542]}, "properties": {"category": "Tourism"}}, {"type": "Feature", "geometry": {"type": "Point", "coordinates": [123.8376663, 10.23683]}, "properties": {"category": "Tourism"}}, {"type": "Feature", "geometry": {"type": "Point", "coordinates": [123.8258928, 10.2547551]}, "properties": {"category": "Tourism"}}, {"type": "Feature", "geometry": {"type": "Point", "coordinates": [123.8589798, 10.2681796]}, "properties": {"category": "Tourism"}}, {"type": "Feature", "geometry": {"type": "Point", "coordinates": [123.8568387, 10.2741279]}, "properties": {"category": "Tourism"}}, {"type": "Feature", "geometry": {"type": "Point", "coordinates": [123.8425032, 10.2638895]}, "properties": {"category": "Tourism"}}, {"type": "Feature", "geometry": {"type": "Point", "coordinates": [123.8319083, 10.2447013]}, "properties": {"category": "Tourism"}}, {"type": "Feature", "geometry": {"type": "Point", "coordinates": [123.8614014, 10.2681136]}, "properties": {"category": "Tourism"}}, {"type": "Feature", "geometry": {"type": "Point", "coordinates": [123.8054905, 10.2512853]}, "properties": {"category": "Tourism"}}, {"type": "Feature", "geometry": {"type": "Point", "coordinates": [123.8580613, 10.265669]}, "properties": {"category": "Tourism"}}, {"type": "Feature", "geometry": {"type": "Point", "coordinates": [123.8309182, 10.2418926]}, "properties": {"category": "Tourism"}}, {"type": "Feature", "geometry": {"type": "Point", "coordinates": [123.8648152, 10.2661677]}, "properties": {"category": "Tourism"}}, {"type": "Feature", "geometry": {"type": "Point", "coordinates": [123.8600929, 10.2743844]}, "properties": {"category": "Tourism"}}, {"type": "Feature", "geometry": {"type": "Point", "coordinates": [123.8335307, 10.2470412]}, "properties": {"category": "Tourism"}}, {"type": "Feature", "geometry": {"type": "Point", "coordinates": [123.8308733, 10.2482395]}, "properties": {"category": "Tourism"}}, {"type": "Feature", "geometry": {"type": "Point", "coordinates": [123.8318114, 10.2599177]}, "properties": {"category": "Tourism"}}, {"type": "Feature", "geometry": {"type": "Point", "coordinates": [123.838792, 10.257916]}, "properties": {"category": "Tourism"}}, {"type": "Feature", "geometry": {"type": "Point", "coordinates": [123.8221, 10.24226]}, "properties": {"category": "Tourism"}}, {"type": "Feature", "geometry": {"type": "Point", "coordinates": [123.8458642, 10.2542579]}, "properties": {"category": "Tourism"}}, {"type": "Feature", "geometry": {"type": "Point", "coordinates": [123.8242949, 10.2390173]}, "properties": {"category": "Tourism"}}, {"type": "Feature", "geometry": {"type": "Point", "coordinates": [123.7941903, 10.2437431]}, "properties": {"category": "Tourism"}}, {"type": "Feature", "geometry": {"type": "Point", "coordinates": [123.8432186, 10.2678501]}, "properties": {"category": "Tourism"}}, {"type": "Feature", "geometry": {"type": "Point", "coordinates": [123.8225555, 10.2443476]}, "properties": {"category": "Tourism"}}, {"type": "Feature", "geometry": {"type": "Point", "coordinates": [123.8121458, 10.2382986]}, "properties": {"category": "Tourism"}}, {"type": "Feature", "geometry": {"type": "Point", "coordinates": [123.8522797, 10.2865981]}, "properties": {"category": "Tourism"}}, {"type": "Feature", "geometry": {"type": "Point", "coordinates": [123.8277116, 10.2481606]}, "properties": {"category": "Tourism"}}, {"type": "Feature", "geometry": {"type": "Point", "coordinates": [123.86114, 10.2714353]}, "properties": {"category": "Tourism"}}, {"type": "Feature", "geometry": {"type": "Point", "coordinates": [123.8358458, 10.2366938]}, "properties": {"category": "Tourism"}}, {"type": "Feature", "geometry": {"type": "Point", "coordinates": [123.8250728, 10.237507]}, "properties": {"category": "Tourism"}}, {"type": "Feature", "geometry": {"type": "Point", "coordinates": [123.8390859, 10.2520835]}, "properties": {"category": "Tourism"}}, {"type": "Feature", "geometry": {"type": "Point", "coordinates": [123.8648496, 10.2685582]}, "properties": {"category": "Tourism"}}, {"type": "Feature", "geometry": {"type": "Point", "coordinates": [123.846986, 10.272159]}, "properties": {"category": "Tourism"}}, {"type": "Feature", "geometry": {"type": "Point", "coordinates": [123.8363112, 10.2394951]}, "properties": {"category": "Tourism"}}, {"type": "Feature", "geometry": {"type": "Point", "coordinates": [123.871756, 10.270077]}, "properties": {"category": "Tourism"}}, {"type": "Feature", "geometry": {"type": "Point", "coordinates": [123.8266167, 10.2396468]}, "properties": {"category": "Tourism"}}, {"type": "Feature", "geometry": {"type": "Point", "coordinates": [123.8241423, 10.2383194]}, "properties": {"category": "Tourism"}}, {"type": "Feature", "geometry": {"type": "Point", "coordinates": [123.8613162, 10.2585214]}, "properties": {"category": "Tourism"}}, {"type": "Feature", "geometry": {"type": "Point", "coordinates": [123.8778304, 10.2654199]}, "properties": {"category": "Tourism"}}, {"type": "Feature", "geometry": {"type": "Point", "coordinates": [123.8602319, 10.279746]}, "properties": {"category": "Tourism"}}, {"type": "Feature", "geometry": {"type": "Point", "coordinates": [123.8546017, 10.2795084]}, "properties": {"category": "Tourism"}}, {"type": "Feature", "geometry": {"type": "Point", "coordinates": [123.8477871, 10.2439448]}, "properties": {"category": "Tourism"}}, {"type": "Feature", "geometry": {"type": "Point", "coordinates": [123.8597751, 10.2746286]}, "properties": {"category": "Tourism"}}, {"type": "Feature", "geometry": {"type": "Point", "coordinates": [123.8606234, 10.2657129]}, "properties": {"category": "Tourism"}}, {"type": "Feature", "geometry": {"type": "Point", "coordinates": [123.8179666, 10.2576304]}, "properties": {"category": "Tourism"}}, {"type": "Feature", "geometry": {"type": "Point", "coordinates": [123.8341936, 10.2668841]}, "properties": {"category": "Tourism"}}, {"type": "Feature", "geometry": {"type": "Point", "coordinates": [123.8610217, 10.2703039]}, "properties": {"category": "Tourism"}}, {"type": "Feature", "geometry": {"type": "Point", "coordinates": [123.8276432, 10.2581562]}, "properties": {"category": "Tourism"}}, {"type": "Feature", "geometry": {"type": "Point", "coordinates": [123.8562986, 10.270893]}, "properties": {"category": "Tourism"}}, {"type": "Feature", "geometry": {"type": "Point", "coordinates": [123.8085784, 10.2532882]}, "properties": {"category": "Tourism"}}, {"type": "Feature", "geometry": {"type": "Point", "coordinates": [123.8001211, 10.2480095]}, "properties": {"category": "Tourism"}}, {"type": "Feature", "geometry": {"type": "Point", "coordinates": [123.7986719, 10.2621497]}, "properties": {"category": "Tourism"}}, {"type": "Feature", "geometry": {"type": "Point", "coordinates": [123.8263746, 10.2375252]}, "properties": {"category": "Tourism"}}, {"type": "Feature", "geometry": {"type": "Point", "coordinates": [123.8751767, 10.2687969]}, "properties": {"category": "Tourism"}}, {"type": "Feature", "geometry": {"type": "Point", "coordinates": [123.8360049, 10.2364843]}, "properties": {"category": "Tourism"}}, {"type": "Feature", "geometry": {"type": "Point", "coordinates": [123.8319074, 10.2362511]}, "properties": {"category": "Tourism"}}, {"type": "Feature", "geometry": {"type": "Point", "coordinates": [123.8409869, 10.2654265]}, "properties": {"category": "Tourism"}}, {"type": "Feature", "geometry": {"type": "Point", "coordinates": [123.8314174, 10.2374853]}, "properties": {"category": "Tourism"}}, {"type": "Feature", "geometry": {"type": "Point", "coordinates": [123.8280868, 10.2478599]}, "properties": {"category": "Tourism"}}, {"type": "Feature", "geometry": {"type": "Point", "coordinates": [123.8659921, 10.2564103]}, "properties": {"category": "Tourism"}}, {"type": "Feature", "geometry": {"type": "Point", "coordinates": [123.8382578, 10.2578827]}, "properties": {"category": "Tourism"}}, {"type": "Feature", "geometry": {"type": "Point", "coordinates": [123.8309457, 10.2481273]}, "properties": {"category": "Tourism"}}]}