{"type": "FeatureCollection", "crs": {"type": "name", "properties": {"name": "EPSG:4326"}}, "features": [{"type": "Feature", "geometry": {"type": "Point", "coordinates": [124.0370339, 10.32137474]}, "properties": {"stratum": "Condominium"}}, {"type": "Feature", "geometry": {"type": "Point", "coordinates": [123.905843, 10.328947]}, "properties": {"stratum": "Condominium"}}, {"type": "Feature", "geometry": {"type": "Point", "coordinates": [124.0157325, 10.2987618]}, "properties": {"stratum": "Condominium"}}, {"type": "Feature", "geometry": {"type": "Point", "coordinates": [123.97552209, 10.28410958]}, "properties": {"stratum": "Condominium"}}, {"type": "Feature", "geometry": {"type": "Point", "coordinates": [124.0351931, 10.3232073]}, "properties": {"stratum": "Condominium"}}, {"type": "Feature", "geometry": {"type": "Point", "coordinates": [124.0148829, 10.305224]}, "properties": {"stratum": "Condominium"}}, {"type": "Feature", "geometry": {"type": "Point", "coordinates": [124.015483, 10.3074459]}, "properties": {"stratum": "Condominium"}}, {"type": "Feature", "geometry": {"type": "Point", "coordinates": [123.90970479, 10.32962093]}, "properties": {"stratum": "Condominium"}}, {"type": "Feature", "geometry": {"type": "Point", "coordinates": [123.97552209, 10.28410958]}, "properties": {"stratum": "Condominium"}}, {"type": "Feature", "geometry": {"type": "Point", "coordinates": [123.9063138, 10.3173365]}, "properties": {"stratum": "Condominium"}}, {"type": "Feature", "geometry": {"type": "Point", "coordinates": [124.0068711, 10.2899858]}, "properties": {"stratum": "Condominium"}}, {"type": "Feature", "geometry": {"type": "Point", "coordinates": [124.0112255, 10.3054728]}, "properties": {"stratum": "Condominium"}}, {"type": "Feature", "geometry": {"type": "Point", "coordinates": [123.9367941, 10.3222542]}, "properties": {"stratum": "Condominium"}}, {"type": "Feature", "geometry": {"type": "Point", "coordinates": [123.97552209, 10.28410958]}, "properties": {"stratum": "Condominium"}}, {"type": "Feature", "geometry": {"type": "Point", "coordinates": [123.97552209, 10.28410958]}, "properties": {"stratum": "Condominium"}}, {"type": "Feature", "geometry": {"type": "Point", "coordinates": [124.0068711, 10.2899858]}, "properties": {"stratum": "Condominium"}}, {"type": "Feature", "geometry": {"type": "Point", "coordinates": [123.97552209, 10.28410958]}, "properties": {"stratum": "Condominium"}}, {"type": "Feature", "geometry": {"type": "Point", "coordinates": [123.87247402, 10.27000631]}, "properties": {"stratum": "Condominium"}}, {"type": "Feature", "geometry": {"type": "Point", "coordinates": [123.97552209, 10.28410958]}, "properties": {"stratum": "Condominium"}}, {"type": "Feature", "geometry": {"type": "Point", "coordinates": [124.0070746, 10.2909978]}, "properties": {"stratum": "Condominium"}}, {"type": "Feature", "geometry": {"type": "Point", "coordinates": [123.9053366, 10.31557373]}, "properties": {"stratum": "Condominium"}}, {"type": "Feature", "geometry": {"type": "Point", "coordinates": [123.97552209, 10.28410958]}, "properties": {"stratum": "Condominium"}}, {"type": "Feature", "geometry": {"type": "Point", "coordinates": [124.00575829, 10.28986648]}, "properties": {"stratum": "Condominium"}}, {"type": "Feature", "geometry": {"type": "Point", "coordinates": [124.0144034475088, 10.29519186758621]}, "properties": {"stratum": "Condominium"}}, {"type": "Feature", "geometry": {"type": "Point", "coordinates": [123.9059978, 10.3173504]}, "properties": {"stratum": "Condominium"}}, {"type": "Feature", "geometry": {"type": "Point", "coordinates": [124.00575829, 10.28986648]}, "properties": {"stratum": "Condominium"}}, {"type": "Feature", "geometry": {"type": "Point", "coordinates": [123.9059978, 10.3173504]}, "properties": {"stratum": "Condominium"}}, {"type": "Feature", "geometry": {"type": "Point", "coordinates": [123.97552209, 10.28410958]}, "properties": {"stratum": "Condominium"}}, {"type": "Feature", "geometry": {"type": "Point", "coordinates": [123.8941434, 10.3338299]}, "properties": {"stratum": "Condominium"}}, {"type": "Feature", "geometry": {"type": "Point", "coordinates": [124.007026, 10.30416]}, "properties": {"stratum": "Condominium"}}, {"type": "Feature", "geometry": {"type": "Point", "coordinates": [124.0349024, 10.3231321]}, "properties": {"stratum": "Condominium"}}, {"type": "Feature", "geometry": {"type": "Point", "coordinates": [123.9052295, 10.318237]}, "properties": {"stratum": "Condominium"}}, {"type": "Feature", "geometry": {"type": "Point", "coordinates": [123.97552209, 10.28410958]}, "properties": {"stratum": "Condominium"}}, {"type": "Feature", "geometry": {"type": "Point", "coordinates": [123.90906928, 10.33280355]}, "properties": {"stratum": "Condominium"}}, {"type": "Feature", "geometry": {"type": "Point", "coordinates": [123.90970479, 10.32962093]}, "properties": {"stratum": "Condominium"}}, {"type": "Feature", "geometry": {"type": "Point", "coordinates": [124.04013073, 10.33005475]}, "properties": {"stratum": "Condominium"}}, {"type": "Feature", "geometry": {"type": "Point", "coordinates": [123.900217, 10.33194]}, "properties": {"stratum": "Condominium"}}, {"type": "Feature", "geometry": {"type": "Point", "coordinates": [123.90308661, 10.33099833]}, "properties": {"stratum": "Condominium"}}, {"type": "Feature", "geometry": {"type": "Point", "coordinates": [124.04013073, 10.33005475]}, "properties": {"stratum": "Condominium"}}, {"type": "Feature", "geometry": {"type": "Point", "coordinates": [123.908492, 10.315373]}, "properties": {"stratum": "Condominium"}}, {"type": "Feature", "geometry": {"type": "Point", "coordinates": [123.91120627, 10.32316469]}, "properties": {"stratum": "Condominium"}}, {"type": "Feature", "geometry": {"type": "Point", "coordinates": [123.9069196, 10.3293875]}, "properties": {"stratum": "Condominium"}}, {"type": "Feature", "geometry": {"type": "Point", "coordinates": [124.04013073, 10.33005475]}, "properties": {"stratum": "Condominium"}}, {"type": "Feature", "geometry": {"type": "Point", "coordinates": [124.0412664, 10.32856283]}, "properties": {"stratum": "Condominium"}}, {"type": "Feature", "geometry": {"type": "Point", "coordinates": [123.907781, 10.315001]}, "properties": {"stratum": "Condominium"}}, {"type": "Feature", "geometry": {"type": "Point", "coordinates": [123.896352, 10.342605]}, "properties": {"stratum": "Condominium"}}, {"type": "Feature", "geometry": {"type": "Point", "coordinates": [123.9015784, 10.3157184]}, "properties": {"stratum": "Condominium"}}, {"type": "Feature", "geometry": {"type": "Point", "coordinates": [123.8948853, 10.3329596]}, "properties": {"stratum": "Condominium"}}, {"type": "Feature", "geometry": {"type": "Point", "coordinates": [123.8882994, 10.2972856]}, "properties": {"stratum": "Condominium"}}, {"type": "Feature", "geometry": {"type": "Point", "coordinates": [123.87423, 10.3149656]}, "properties": {"stratum": "Condominium"}}, {"type": "Feature", "geometry": {"type": "Point", "coordinates": [123.9069196, 10.3293875]}, "properties": {"stratum": "Condominium"}}, {"type": "Feature", "geometry": {"type": "Point", "coordinates": [123.97552209, 10.28410958]}, "properties": {"stratum": "Condominium"}}, {"type": "Feature", "geometry": {"type": "Point", "coordinates": [123.9059978, 10.3173504]}, "properties": {"stratum": "Condominium"}}, {"type": "Feature", "geometry": {"type": "Point", "coordinates": [124.0349024, 10.3231321]}, "properties": {"stratum": "Condominium"}}, {"type": "Feature", "geometry": {"type": "Point", "coordinates": [123.9135389, 10.3506292]}, "properties": {"stratum": "Condominium"}}, {"type": "Feature", "geometry": {"type": "Point", "coordinates": [123.90449353, 10.31700135]}, "properties": {"stratum": "Condominium"}}, {"type": "Feature", "geometry": {"type": "Point", "coordinates": [123.9064672, 10.319731]}, "properties": {"stratum": "Condominium"}}, {"type": "Feature", "geometry": {"type": "Point", "coordinates": [123.8854366, 10.3156992]}, "properties": {"stratum": "Condominium"}}, {"type": "Feature", "geometry": {"type": "Point", "coordinates": [123.9113617, 10.3196098]}, "properties": {"stratum": "Condominium"}}, {"type": "Feature", "geometry": {"type": "Point", "coordinates": [124.0373611, 10.3234104]}, "properties": {"stratum": "Condominium"}}, {"type": "Feature", "geometry": {"type": "Point", "coordinates": [123.9085533, 10.3317837]}, "properties": {"stratum": "Condominium"}}, {"type": "Feature", "geometry": {"type": "Point", "coordinates": [123.783387, 10.24622]}, "properties": {"stratum": "Condominium"}}, {"type": "Feature", "geometry": {"type": "Point", "coordinates": [124.0233764, 10.3100786]}, "properties": {"stratum": "Condominium"}}, {"type": "Feature", "geometry": {"type": "Point", "coordinates": [124.0135564, 10.3077641]}, "properties": {"stratum": "Condominium"}}, {"type": "Feature", "geometry": {"type": "Point", "coordinates": [123.97552209, 10.28410958]}, "properties": {"stratum": "Condominium"}}, {"type": "Feature", "geometry": {"type": "Point", "coordinates": [123.9090696, 10.3328036]}, "properties": {"stratum": "Condominium"}}, {"type": "Feature", "geometry": {"type": "Point", "coordinates": [124.0367989, 10.323479]}, "properties": {"stratum": "Condominium"}}, {"type": "Feature", "geometry": {"type": "Point", "coordinates": [123.885437, 10.315699]}, "properties": {"stratum": "Condominium"}}, {"type": "Feature", "geometry": {"type": "Point", "coordinates": [123.97552209, 10.28410958]}, "properties": {"stratum": "Condominium"}}, {"type": "Feature", "geometry": {"type": "Point", "coordinates": [123.97552209, 10.28410958]}, "properties": {"stratum": "Condominium"}}, {"type": "Feature", "geometry": {"type": "Point", "coordinates": [123.97552209, 10.28410958]}, "properties": {"stratum": "Condominium"}}, {"type": "Feature", "geometry": {"type": "Point", "coordinates": [123.97552209, 10.28410958]}, "properties": {"stratum": "Condominium"}}, {"type": "Feature", "geometry": {"type": "Point", "coordinates": [124.04013073, 10.33005475]}, "properties": {"stratum": "Condominium"}}, {"type": "Feature", "geometry": {"type": "Point", "coordinates": [123.97552209, 10.28410958]}, "properties": {"stratum": "Condominium"}}, {"type": "Feature", "geometry": {"type": "Point", "coordinates": [124.04013199, 10.33004573]}, "properties": {"stratum": "Condominium"}}, {"type": "Feature", "geometry": {"type": "Point", "coordinates": [123.90530057, 10.33733132]}, "properties": {"stratum": "Condominium"}}, {"type": "Feature", "geometry": {"type": "Point", "coordinates": [123.9178164, 10.3114191]}, "properties": {"stratum": "Condominium"}}, {"type": "Feature", "geometry": {"type": "Point", "coordinates": [123.9082222, 10.3250801]}, "properties": {"stratum": "Condominium"}}, {"type": "Feature", "geometry": {"type": "Point", "coordinates": [124.00575829, 10.28986648]}, "properties": {"stratum": "Condominium"}}, {"type": "Feature", "geometry": {"type": "Point", "coordinates": [124.00575829, 10.28986648]}, "properties": {"stratum": "Condominium"}}, {"type": "Feature", "geometry": {"type": "Point", "coordinates": [124.0367989, 10.323479]}, "properties": {"stratum": "Condominium"}}, {"type": "Feature", "geometry": {"type": "Point", "coordinates": [124.007026, 10.30416]}, "properties": {"stratum": "Condominium"}}, {"type": "Feature", "geometry": {"type": "Point", "coordinates": [123.9278908, 10.36827374]}, "properties": {"stratum": "Condominium"}}, {"type": "Feature", "geometry": {"type": "Point", "coordinates": [123.896352, 10.342605]}, "properties": {"stratum": "Condominium"}}, {"type": "Feature", "geometry": {"type": "Point", "coordinates": [124.00575829, 10.28986648]}, "properties": {"stratum": "Condominium"}}, {"type": "Feature", "geometry": {"type": "Point", "coordinates": [124.0349024, 10.3231321]}, "properties": {"stratum": "Condominium"}}, {"type": "Feature", "geometry": {"type": "Point", "coordinates": [123.9053366, 10.31557373]}, "properties": {"stratum": "Condominium"}}, {"type": "Feature", "geometry": {"type": "Point", "coordinates": [123.9053107, 10.3284975]}, "properties": {"stratum": "Condominium"}}, {"type": "Feature", "geometry": {"type": "Point", "coordinates": [124.04013073, 10.33005475]}, "properties": {"stratum": "Condominium"}}, {"type": "Feature", "geometry": {"type": "Point", "coordinates": [124.007026, 10.30416]}, "properties": {"stratum": "Condominium"}}, {"type": "Feature", "geometry": {"type": "Point", "coordinates": [123.97552209, 10.28410958]}, "properties": {"stratum": "Condominium"}}, {"type": "Feature", "geometry": {"type": "Point", "coordinates": [124.04013073, 10.33005475]}, "properties": {"stratum": "Condominium"}}, {"type": "Feature", "geometry": {"type": "Point", "coordinates": [124.0296471, 10.3185134]}, "properties": {"stratum": "Condominium"}}, {"type": "Feature", "geometry": {"type": "Point", "coordinates": [123.9294311, 10.3207231]}, "properties": {"stratum": "Condominium"}}, {"type": "Feature", "geometry": {"type": "Point", "coordinates": [124.0367989, 10.323479]}, "properties": {"stratum": "Condominium"}}, {"type": "Feature", "geometry": {"type": "Point", "coordinates": [123.896352, 10.342605]}, "properties": {"stratum": "Condominium"}}, {"type": "Feature", "geometry": {"type": "Point", "coordinates": [123.905247, 10.3160059]}, "properties": {"stratum": "Condominium"}}, {"type": "Feature", "geometry": {"type": "Point", "coordinates": [124.01492178, 10.30776262]}, "properties": {"stratum": "Condominium"}}, {"type": "Feature", "geometry": {"type": "Point", "coordinates": [123.9280661, 10.3322671]}, "properties": {"stratum": "Condominium"}}, {"type": "Feature", "geometry": {"type": "Point", "coordinates": [123.92724037, 10.31183708]}, "properties": {"stratum": "Condominium"}}, {"type": "Feature", "geometry": {"type": "Point", "coordinates": [123.9058765, 10.3208037]}, "properties": {"stratum": "Condominium"}}, {"type": "Feature", "geometry": {"type": "Point", "coordinates": [123.89237, 10.31121]}, "properties": {"stratum": "Condominium"}}, {"type": "Feature", "geometry": {"type": "Point", "coordinates": [123.896352, 10.342605]}, "properties": {"stratum": "Condominium"}}, {"type": "Feature", "geometry": {"type": "Point", "coordinates": [123.90449353, 10.31700135]}, "properties": {"stratum": "Condominium"}}, {"type": "Feature", "geometry": {"type": "Point", "coordinates": [123.9059978, 10.3173504]}, "properties": {"stratum": "Condominium"}}, {"type": "Feature", "geometry": {"type": "Point", "coordinates": [124.04013199, 10.33004573]}, "properties": {"stratum": "Condominium"}}, {"type": "Feature", "geometry": {"type": "Point", "coordinates": [123.905843, 10.328947]}, "properties": {"stratum": "Condominium"}}, {"type": "Feature", "geometry": {"type": "Point", "coordinates": [123.915987, 10.327819]}, "properties": {"stratum": "Condominium"}}, {"type": "Feature", "geometry": {"type": "Point", "coordinates": [124.041029, 10.328166]}, "properties": {"stratum": "Condominium"}}, {"type": "Feature", "geometry": {"type": "Point", "coordinates": [123.97552209, 10.28410958]}, "properties": {"stratum": "Condominium"}}, {"type": "Feature", "geometry": {"type": "Point", "coordinates": [123.97552209, 10.28410958]}, "properties": {"stratum": "Condominium"}}, {"type": "Feature", "geometry": {"type": "Point", "coordinates": [123.9053366, 10.31557373]}, "properties": {"stratum": "Condominium"}}, {"type": "Feature", "geometry": {"type": "Point", "coordinates": [124.00575829, 10.28986648]}, "properties": {"stratum": "Condominium"}}, {"type": "Feature", "geometry": {"type": "Point", "coordinates": [123.8973152, 10.3057022]}, "properties": {"stratum": "Condominium"}}, {"type": "Feature", "geometry": {"type": "Point", "coordinates": [124.0349024, 10.3231321]}, "properties": {"stratum": "Condominium"}}, {"type": "Feature", "geometry": {"type": "Point", "coordinates": [123.90537, 10.328642]}, "properties": {"stratum": "Condominium"}}, {"type": "Feature", "geometry": {"type": "Point", "coordinates": [123.9090696, 10.3328036]}, "properties": {"stratum": "Condominium"}}, {"type": "Feature", "geometry": {"type": "Point", "coordinates": [123.905622, 10.330279]}, "properties": {"stratum": "Condominium"}}, {"type": "Feature", "geometry": {"type": "Point", "coordinates": [123.9059978, 10.3173504]}, "properties": {"stratum": "Condominium"}}, {"type": "Feature", "geometry": {"type": "Point", "coordinates": [123.9633561, 10.2805548]}, "properties": {"stratum": "Condominium"}}, {"type": "Feature", "geometry": {"type": "Point", "coordinates": [123.92724037, 10.31183708]}, "properties": {"stratum": "Condominium"}}, {"type": "Feature", "geometry": {"type": "Point", "coordinates": [123.9053366, 10.31557373]}, "properties": {"stratum": "Condominium"}}, {"type": "Feature", "geometry": {"type": "Point", "coordinates": [123.90537, 10.328642]}, "properties": {"stratum": "Condominium"}}, {"type": "Feature", "geometry": {"type": "Point", "coordinates": [124.01573116, 10.29875784]}, "properties": {"stratum": "Condominium"}}, {"type": "Feature", "geometry": {"type": "Point", "coordinates": [123.9053366, 10.31557373]}, "properties": {"stratum": "Condominium"}}, {"type": "Feature", "geometry": {"type": "Point", "coordinates": [123.9073923, 10.3304499]}, "properties": {"stratum": "Condominium"}}, {"type": "Feature", "geometry": {"type": "Point", "coordinates": [124.0373611, 10.3234104]}, "properties": {"stratum": "Condominium"}}, {"type": "Feature", "geometry": {"type": "Point", "coordinates": [124.0233764, 10.3100786]}, "properties": {"stratum": "Condominium"}}, {"type": "Feature", "geometry": {"type": "Point", "coordinates": [123.9294311, 10.3207231]}, "properties": {"stratum": "Condominium"}}, {"type": "Feature", "geometry": {"type": "Point", "coordinates": [123.9249881, 10.3353666]}, "properties": {"stratum": "Condominium"}}, {"type": "Feature", "geometry": {"type": "Point", "coordinates": [123.8829967, 10.3171314]}, "properties": {"stratum": "Condominium"}}, {"type": "Feature", "geometry": {"type": "Point", "coordinates": [123.96405, 10.2821291]}, "properties": {"stratum": "Condominium"}}, {"type": "Feature", "geometry": {"type": "Point", "coordinates": [123.872523, 10.269927]}, "properties": {"stratum": "Condominium"}}, {"type": "Feature", "geometry": {"type": "Point", "coordinates": [123.8974558, 10.3417299]}, "properties": {"stratum": "Condominium"}}, {"type": "Feature", "geometry": {"type": "Point", "coordinates": [123.903733, 10.3182439]}, "properties": {"stratum": "Condominium"}}, {"type": "Feature", "geometry": {"type": "Point", "coordinates": [124.002551, 10.2907917]}, "properties": {"stratum": "Condominium"}}, {"type": "Feature", "geometry": {"type": "Point", "coordinates": [123.9090696, 10.3328036]}, "properties": {"stratum": "Condominium"}}, {"type": "Feature", "geometry": {"type": "Point", "coordinates": [124.0157874, 10.3010123]}, "properties": {"stratum": "Condominium"}}, {"type": "Feature", "geometry": {"type": "Point", "coordinates": [124.0157325, 10.2987618]}, "properties": {"stratum": "Condominium"}}, {"type": "Feature", "geometry": {"type": "Point", "coordinates": [123.9079235, 10.3376616]}, "properties": {"stratum": "Condominium"}}, {"type": "Feature", "geometry": {"type": "Point", "coordinates": [123.8948853, 10.3329596]}, "properties": {"stratum": "Condominium"}}, {"type": "Feature", "geometry": {"type": "Point", "coordinates": [123.97552209, 10.28410958]}, "properties": {"stratum": "Condominium"}}, {"type": "Feature", "geometry": {"type": "Point", "coordinates": [123.899028, 10.330683]}, "properties": {"stratum": "Condominium"}}, {"type": "Feature", "geometry": {"type": "Point", "coordinates": [123.9059978, 10.3173504]}, "properties": {"stratum": "Condominium"}}, {"type": "Feature", "geometry": {"type": "Point", "coordinates": [123.9978258, 10.2849182]}, "properties": {"stratum": "Condominium"}}, {"type": "Feature", "geometry": {"type": "Point", "coordinates": [123.9113617, 10.3196098]}, "properties": {"stratum": "Condominium"}}, {"type": "Feature", "geometry": {"type": "Point", "coordinates": [124.00575829, 10.28986648]}, "properties": {"stratum": "Condominium"}}, {"type": "Feature", "geometry": {"type": "Point", "coordinates": [123.9059978, 10.3173504]}, "properties": {"stratum": "Condominium"}}, {"type": "Feature", "geometry": {"type": "Point", "coordinates": [123.910597, 10.336205]}, "properties": {"stratum": "Condominium"}}, {"type": "Feature", "geometry": {"type": "Point", "coordinates": [123.8948853, 10.3329596]}, "properties": {"stratum": "Condominium"}}, {"type": "Feature", "geometry": {"type": "Point", "coordinates": [124.0157325, 10.2987618]}, "properties": {"stratum": "Condominium"}}, {"type": "Feature", "geometry": {"type": "Point", "coordinates": [123.9059978, 10.3173504]}, "properties": {"stratum": "Condominium"}}, {"type": "Feature", "geometry": {"type": "Point", "coordinates": [123.8949, 10.33293]}, "properties": {"stratum": "Condominium"}}, {"type": "Feature", "geometry": {"type": "Point", "coordinates": [124.0349024, 10.3231321]}, "properties": {"stratum": "Condominium"}}, {"type": "Feature", "geometry": {"type": "Point", "coordinates": [124.0068697, 10.28998447]}, "properties": {"stratum": "Condominium"}}, {"type": "Feature", "geometry": {"type": "Point", "coordinates": [123.9063138, 10.3173365]}, "properties": {"stratum": "Condominium"}}, {"type": "Feature", "geometry": {"type": "Point", "coordinates": [123.913047, 10.3194109]}, "properties": {"stratum": "Condominium"}}, {"type": "Feature", "geometry": {"type": "Point", "coordinates": [123.9018707, 10.3194766]}, "properties": {"stratum": "Condominium"}}, {"type": "Feature", "geometry": {"type": "Point", "coordinates": [124.04013073, 10.33005475]}, "properties": {"stratum": "Condominium"}}, {"type": "Feature", "geometry": {"type": "Point", "coordinates": [124.00575829, 10.28986648]}, "properties": {"stratum": "Condominium"}}, {"type": "Feature", "geometry": {"type": "Point", "coordinates": [123.97552209, 10.28410958]}, "properties": {"stratum": "Condominium"}}, {"type": "Feature", "geometry": {"type": "Point", "coordinates": [123.900217, 10.33194]}, "properties": {"stratum": "Condominium"}}, {"type": "Feature", "geometry": {"type": "Point", "coordinates": [123.905961, 10.31575942]}, "properties": {"stratum": "Condominium"}}, {"type": "Feature", "geometry": {"type": "Point", "coordinates": [123.9113617, 10.3196098]}, "properties": {"stratum": "Condominium"}}, {"type": "Feature", "geometry": {"type": "Point", "coordinates": [123.896352, 10.342605]}, "properties": {"stratum": "Condominium"}}, {"type": "Feature", "geometry": {"type": "Point", "coordinates": [123.9090696, 10.3328036]}, "properties": {"stratum": "Condominium"}}, {"type": "Feature", "geometry": {"type": "Point", "coordinates": [123.97552209, 10.28410958]}, "properties": {"stratum": "Condominium"}}, {"type": "Feature", "geometry": {"type": "Point", "coordinates": [123.8977974, 10.3418886]}, "properties": {"stratum": "Condominium"}}, {"type": "Feature", "geometry": {"type": "Point", "coordinates": [123.906315, 10.3280132]}, "properties": {"stratum": "Condominium"}}, {"type": "Feature", "geometry": {"type": "Point", "coordinates": [124.0143028, 10.30909786]}, "properties": {"stratum": "Condominium"}}, {"type": "Feature", "geometry": {"type": "Point", "coordinates": [124.0367989, 10.323479]}, "properties": {"stratum": "Condominium"}}, {"type": "Feature", "geometry": {"type": "Point", "coordinates": [123.9069196, 10.3293875]}, "properties": {"stratum": "Condominium"}}, {"type": "Feature", "geometry": {"type": "Point", "coordinates": [123.783387, 10.24622]}, "properties": {"stratum": "Condominium"}}, {"type": "Feature", "geometry": {"type": "Point", "coordinates": [123.9164914, 10.34135818]}, "properties": {"stratum": "Condominium"}}, {"type": "Feature", "geometry": {"type": "Point", "coordinates": [123.9136387, 10.3159922]}, "properties": {"stratum": "Condominium"}}, {"type": "Feature", "geometry": {"type": "Point", "coordinates": [123.97552209, 10.28410958]}, "properties": {"stratum": "Condominium"}}, {"type": "Feature", "geometry": {"type": "Point", "coordinates": [123.90308661, 10.33099833]}, "properties": {"stratum": "Condominium"}}, {"type": "Feature", "geometry": {"type": "Point", "coordinates": [123.8948853, 10.3329596]}, "properties": {"stratum": "Condominium"}}, {"type": "Feature", "geometry": {"type": "Point", "coordinates": [123.9093657, 10.32436564]}, "properties": {"stratum": "Condominium"}}, {"type": "Feature", "geometry": {"type": "Point", "coordinates": [124.01492178, 10.30776262]}, "properties": {"stratum": "Condominium"}}, {"type": "Feature", "geometry": {"type": "Point", "coordinates": [124.00575829, 10.28986648]}, "properties": {"stratum": "Condominium"}}, {"type": "Feature", "geometry": {"type": "Point", "coordinates": [124.007026, 10.30416]}, "properties": {"stratum": "Condominium"}}, {"type": "Feature", "geometry": {"type": "Point", "coordinates": [123.9088843, 10.3148253]}, "properties": {"stratum": "Condominium"}}, {"type": "Feature", "geometry": {"type": "Point", "coordinates": [123.97552209, 10.28410958]}, "properties": {"stratum": "Condominium"}}, {"type": "Feature", "geometry": {"type": "Point", "coordinates": [123.9093657, 10.32436564]}, "properties": {"stratum": "Condominium"}}, {"type": "Feature", "geometry": {"type": "Point", "coordinates": [123.90308661, 10.33099833]}, "properties": {"stratum": "Condominium"}}, {"type": "Feature", "geometry": {"type": "Point", "coordinates": [123.90970479, 10.32962093]}, "properties": {"stratum": "Condominium"}}, {"type": "Feature", "geometry": {"type": "Point", "coordinates": [123.8945775, 10.3086544]}, "properties": {"stratum": "Condominium"}}, {"type": "Feature", "geometry": {"type": "Point", "coordinates": [123.976384, 10.2623065]}, "properties": {"stratum": "Condominium"}}, {"type": "Feature", "geometry": {"type": "Point", "coordinates": [123.903733, 10.3182439]}, "properties": {"stratum": "Condominium"}}, {"type": "Feature", "geometry": {"type": "Point", "coordinates": [123.97552209, 10.28410958]}, "properties": {"stratum": "Condominium"}}, {"type": "Feature", "geometry": {"type": "Point", "coordinates": [123.97552209, 10.28410958]}, "properties": {"stratum": "Condominium"}}, {"type": "Feature", "geometry": {"type": "Point", "coordinates": [123.872523, 10.269927]}, "properties": {"stratum": "Condominium"}}, {"type": "Feature", "geometry": {"type": "Point", "coordinates": [123.910597, 10.336205]}, "properties": {"stratum": "Condominium"}}, {"type": "Feature", "geometry": {"type": "Point", "coordinates": [124.0372, 10.32372]}, "properties": {"stratum": "Condominium"}}, {"type": "Feature", "geometry": {"type": "Point", "coordinates": [123.899376, 10.321253]}, "properties": {"stratum": "Condominium"}}, {"type": "Feature", "geometry": {"type": "Point", "coordinates": [124.0367989, 10.323479]}, "properties": {"stratum": "Condominium"}}, {"type": "Feature", "geometry": {"type": "Point", "coordinates": [123.90827, 10.3319843]}, "properties": {"stratum": "Condominium"}}, {"type": "Feature", "geometry": {"type": "Point", "coordinates": [124.00575829, 10.28986648]}, "properties": {"stratum": "Condominium"}}, {"type": "Feature", "geometry": {"type": "Point", "coordinates": [123.8854366, 10.3156992]}, "properties": {"stratum": "Condominium"}}, {"type": "Feature", "geometry": {"type": "Point", "coordinates": [123.896352, 10.342605]}, "properties": {"stratum": "Condominium"}}, {"type": "Feature", "geometry": {"type": "Point", "coordinates": [124.0233764, 10.3100786]}, "properties": {"stratum": "Condominium"}}, {"type": "Feature", "geometry": {"type": "Point", "coordinates": [123.8978353, 10.3464116]}, "properties": {"stratum": "Condominium"}}, {"type": "Feature", "geometry": {"type": "Point", "coordinates": [123.9026736, 10.32993482]}, "properties": {"stratum": "Condominium"}}, {"type": "Feature", "geometry": {"type": "Point", "coordinates": [124.00575829, 10.28986648]}, "properties": {"stratum": "Condominium"}}, {"type": "Feature", "geometry": {"type": "Point", "coordinates": [124.002551, 10.2907917]}, "properties": {"stratum": "Condominium"}}, {"type": "Feature", "geometry": {"type": "Point", "coordinates": [123.92724037, 10.31183708]}, "properties": {"stratum": "Condominium"}}, {"type": "Feature", "geometry": {"type": "Point", "coordinates": [123.9059978, 10.3173504]}, "properties": {"stratum": "Condominium"}}, {"type": "Feature", "geometry": {"type": "Point", "coordinates": [124.0349024, 10.3231321]}, "properties": {"stratum": "Condominium"}}, {"type": "Feature", "geometry": {"type": "Point", "coordinates": [123.872523, 10.269927]}, "properties": {"stratum": "Condominium"}}, {"type": "Feature", "geometry": {"type": "Point", "coordinates": [124.0156887, 10.29851722]}, "properties": {"stratum": "Condominium"}}, {"type": "Feature", "geometry": {"type": "Point", "coordinates": [123.8965845, 10.3460355]}, "properties": {"stratum": "Condominium"}}, {"type": "Feature", "geometry": {"type": "Point", "coordinates": [123.9082723, 10.3320181]}, "properties": {"stratum": "Condominium"}}, {"type": "Feature", "geometry": {"type": "Point", "coordinates": [123.8854377, 10.3156173]}, "properties": {"stratum": "Condominium"}}, {"type": "Feature", "geometry": {"type": "Point", "coordinates": [123.9109581, 10.3032921]}, "properties": {"stratum": "Condominium"}}, {"type": "Feature", "geometry": {"type": "Point", "coordinates": [124.04013073, 10.33005475]}, "properties": {"stratum": "Condominium"}}, {"type": "Feature", "geometry": {"type": "Point", "coordinates": [124.01060242, 10.29176178]}, "properties": {"stratum": "Condominium"}}, {"type": "Feature", "geometry": {"type": "Point", "coordinates": [123.97552209, 10.28410958]}, "properties": {"stratum": "Condominium"}}, {"type": "Feature", "geometry": {"type": "Point", "coordinates": [123.9093657, 10.32436564]}, "properties": {"stratum": "Condominium"}}, {"type": "Feature", "geometry": {"type": "Point", "coordinates": [123.8611512, 10.2508661]}, "properties": {"stratum": "Condominium"}}, {"type": "Feature", "geometry": {"type": "Point", "coordinates": [123.90970479, 10.32962093]}, "properties": {"stratum": "Condominium"}}, {"type": "Feature", "geometry": {"type": "Point", "coordinates": [124.0157325, 10.2987618]}, "properties": {"stratum": "Condominium"}}, {"type": "Feature", "geometry": {"type": "Point", "coordinates": [124.00498185, 10.28979303]}, "properties": {"stratum": "Condominium"}}, {"type": "Feature", "geometry": {"type": "Point", "coordinates": [124.04013073, 10.33005475]}, "properties": {"stratum": "Condominium"}}, {"type": "Feature", "geometry": {"type": "Point", "coordinates": [123.9015679, 10.320252]}, "properties": {"stratum": "Condominium"}}, {"type": "Feature", "geometry": {"type": "Point", "coordinates": [123.8835775, 10.32288701]}, "properties": {"stratum": "Condominium"}}, {"type": "Feature", "geometry": {"type": "Point", "coordinates": [123.9059978, 10.3173504]}, "properties": {"stratum": "Condominium"}}, {"type": "Feature", "geometry": {"type": "Point", "coordinates": [123.9041927, 10.3208657]}, "properties": {"stratum": "Condominium"}}, {"type": "Feature", "geometry": {"type": "Point", "coordinates": [123.9113617, 10.3196098]}, "properties": {"stratum": "Condominium"}}, {"type": "Feature", "geometry": {"type": "Point", "coordinates": [124.0174755, 10.3082854]}, "properties": {"stratum": "Condominium"}}, {"type": "Feature", "geometry": {"type": "Point", "coordinates": [124.04013073, 10.33005475]}, "properties": {"stratum": "Condominium"}}, {"type": "Feature", "geometry": {"type": "Point", "coordinates": [123.97552209, 10.28410958]}, "properties": {"stratum": "Condominium"}}, {"type": "Feature", "geometry": {"type": "Point", "coordinates": [123.9331874, 10.3677899]}, "properties": {"stratum": "Condominium"}}, {"type": "Feature", "geometry": {"type": "Point", "coordinates": [123.9073923, 10.3304499]}, "properties": {"stratum": "Condominium"}}, {"type": "Feature", "geometry": {"type": "Point", "coordinates": [124.0157325, 10.2987618]}, "properties": {"stratum": "Condominium"}}, {"type": "Feature", "geometry": {"type": "Point", "coordinates": [123.913047, 10.319411]}, "properties": {"stratum": "Condominium"}}, {"type": "Feature", "geometry": {"type": "Point", "coordinates": [124.0135564, 10.3077641]}, "properties": {"stratum": "Condominium"}}, {"type": "Feature", "geometry": {"type": "Point", "coordinates": [124.0351927, 10.3232174]}, "properties": {"stratum": "Condominium"}}, {"type": "Feature", "geometry": {"type": "Point", "coordinates": [123.97552209, 10.28410958]}, "properties": {"stratum": "Condominium"}}, {"type": "Feature", "geometry": {"type": "Point", "coordinates": [123.97552209, 10.28410958]}, "properties": {"stratum": "Condominium"}}, {"type": "Feature", "geometry": {"type": "Point", "coordinates": [124.0068711, 10.2899858]}, "properties": {"stratum": "Condominium"}}, {"type": "Feature", "geometry": {"type": "Point", "coordinates": [124.0296471, 10.3185134]}, "properties": {"stratum": "Condominium"}}, {"type": "Feature", "geometry": {"type": "Point", "coordinates": [124.0367989, 10.323479]}, "properties": {"stratum": "Condominium"}}, {"type": "Feature", "geometry": {"type": "Point", "coordinates": [124.04013073, 10.33005475]}, "properties": {"stratum": "Condominium"}}, {"type": "Feature", "geometry": {"type": "Point", "coordinates": [123.90970479, 10.32962093]}, "properties": {"stratum": "Condominium"}}, {"type": "Feature", "geometry": {"type": "Point", "coordinates": [123.9059978, 10.3173504]}, "properties": {"stratum": "Condominium"}}, {"type": "Feature", "geometry": {"type": "Point", "coordinates": [124.0372, 10.32372]}, "properties": {"stratum": "Condominium"}}, {"type": "Feature", "geometry": {"type": "Point", "coordinates": [123.8941434, 10.3338299]}, "properties": {"stratum": "Condominium"}}, {"type": "Feature", "geometry": {"type": "Point", "coordinates": [124.04013073, 10.33005475]}, "properties": {"stratum": "Condominium"}}, {"type": "Feature", "geometry": {"type": "Point", "coordinates": [123.961041, 10.2910239]}, "properties": {"stratum": "Condominium"}}, {"type": "Feature", "geometry": {"type": "Point", "coordinates": [123.899376, 10.321253]}, "properties": {"stratum": "Condominium"}}, {"type": "Feature", "geometry": {"type": "Point", "coordinates": [123.90481777, 10.31263666]}, "properties": {"stratum": "Condominium"}}, {"type": "Feature", "geometry": {"type": "Point", "coordinates": [123.9294311, 10.3207231]}, "properties": {"stratum": "Condominium"}}, {"type": "Feature", "geometry": {"type": "Point", "coordinates": [124.0372, 10.32372]}, "properties": {"stratum": "Condominium"}}, {"type": "Feature", "geometry": {"type": "Point", "coordinates": [123.96330904, 10.28052052]}, "properties": {"stratum": "Condominium"}}, {"type": "Feature", "geometry": {"type": "Point", "coordinates": [124.00575829, 10.28986648]}, "properties": {"stratum": "Condominium"}}, {"type": "Feature", "geometry": {"type": "Point", "coordinates": [123.908492, 10.315373]}, "properties": {"stratum": "Condominium"}}, {"type": "Feature", "geometry": {"type": "Point", "coordinates": [123.9053366, 10.31557373]}, "properties": {"stratum": "Condominium"}}, {"type": "Feature", "geometry": {"type": "Point", "coordinates": [123.8928075, 10.3193622]}, "properties": {"stratum": "Condominium"}}, {"type": "Feature", "geometry": {"type": "Point", "coordinates": [123.8931587, 10.31855454]}, "properties": {"stratum": "Condominium"}}, {"type": "Feature", "geometry": {"type": "Point", "coordinates": [123.97552209, 10.28410958]}, "properties": {"stratum": "Condominium"}}, {"type": "Feature", "geometry": {"type": "Point", "coordinates": [123.8967152, 10.3314565]}, "properties": {"stratum": "Condominium"}}, {"type": "Feature", "geometry": {"type": "Point", "coordinates": [123.9063138, 10.3173365]}, "properties": {"stratum": "Condominium"}}, {"type": "Feature", "geometry": {"type": "Point", "coordinates": [123.913047, 10.319411]}, "properties": {"stratum": "Condominium"}}, {"type": "Feature", "geometry": {"type": "Point", "coordinates": [124.04013073, 10.33005475]}, "properties": {"stratum": "Condominium"}}, {"type": "Feature", "geometry": {"type": "Point", "coordinates": [123.9053366, 10.31557373]}, "properties": {"stratum": "Condominium"}}, {"type": "Feature", "geometry": {"type": "Point", "coordinates": [123.90906928, 10.33280355]}, "properties": {"stratum": "Condominium"}}, {"type": "Feature", "geometry": {"type": "Point", "coordinates": [123.9234692, 10.3347906]}, "properties": {"stratum": "Condominium"}}, {"type": "Feature", "geometry": {"type": "Point", "coordinates": [124.017372, 10.3037982]}, "properties": {"stratum": "Condominium"}}, {"type": "Feature", "geometry": {"type": "Point", "coordinates": [123.9064672, 10.319731]}, "properties": {"stratum": "Condominium"}}, {"type": "Feature", "geometry": {"type": "Point", "coordinates": [123.9085363, 10.3193765]}, "properties": {"stratum": "Condominium"}}, {"type": "Feature", "geometry": {"type": "Point", "coordinates": [124.04013199, 10.33004573]}, "properties": {"stratum": "Condominium"}}, {"type": "Feature", "geometry": {"type": "Point", "coordinates": [123.8837966, 10.3231788]}, "properties": {"stratum": "Condominium"}}, {"type": "Feature", "geometry": {"type": "Point", "coordinates": [123.9357136, 10.3321417]}, "properties": {"stratum": "Condominium"}}, {"type": "Feature", "geometry": {"type": "Point", "coordinates": [123.896352, 10.342605]}, "properties": {"stratum": "Condominium"}}, {"type": "Feature", "geometry": {"type": "Point", "coordinates": [124.00575829, 10.28986648]}, "properties": {"stratum": "Condominium"}}, {"type": "Feature", "geometry": {"type": "Point", "coordinates": [124.0234039, 10.3105249]}, "properties": {"stratum": "Condominium"}}, {"type": "Feature", "geometry": {"type": "Point", "coordinates": [123.905961, 10.31575942]}, "properties": {"stratum": "Condominium"}}, {"type": "Feature", "geometry": {"type": "Point", "coordinates": [124.0051262, 10.2899738]}, "properties": {"stratum": "Condominium"}}, {"type": "Feature", "geometry": {"type": "Point", "coordinates": [123.8948853, 10.3329596]}, "properties": {"stratum": "Condominium"}}, {"type": "Feature", "geometry": {"type": "Point", "coordinates": [123.9059978, 10.3173504]}, "properties": {"stratum": "Condominium"}}, {"type": "Feature", "geometry": {"type": "Point", "coordinates": [124.0367989, 10.323479]}, "properties": {"stratum": "Condominium"}}, {"type": "Feature", "geometry": {"type": "Point", "coordinates": [123.8941434, 10.3338299]}, "properties": {"stratum": "Condominium"}}, {"type": "Feature", "geometry": {"type": "Point", "coordinates": [123.896352, 10.342605]}, "properties": {"stratum": "Condominium"}}, {"type": "Feature", "geometry": {"type": "Point", "coordinates": [123.97552209, 10.28410958]}, "properties": {"stratum": "Condominium"}}, {"type": "Feature", "geometry": {"type": "Point", "coordinates": [124.007026, 10.30416]}, "properties": {"stratum": "Condominium"}}, {"type": "Feature", "geometry": {"type": "Point", "coordinates": [123.9063138, 10.3173365]}, "properties": {"stratum": "Condominium"}}, {"type": "Feature", "geometry": {"type": "Point", "coordinates": [123.915987, 10.327819]}, "properties": {"stratum": "Condominium"}}, {"type": "Feature", "geometry": {"type": "Point", "coordinates": [123.9064672, 10.319731]}, "properties": {"stratum": "Condominium"}}, {"type": "Feature", "geometry": {"type": "Point", "coordinates": [123.9059978, 10.3173504]}, "properties": {"stratum": "Condominium"}}, {"type": "Feature", "geometry": {"type": "Point", "coordinates": [123.8320021, 10.2646194]}, "properties": {"stratum": "Condominium"}}, {"type": "Feature", "geometry": {"type": "Point", "coordinates": [123.90970479, 10.32962093]}, "properties": {"stratum": "Condominium"}}, {"type": "Feature", "geometry": {"type": "Point", "coordinates": [123.9680076, 10.2830112]}, "properties": {"stratum": "Condominium"}}, {"type": "Feature", "geometry": {"type": "Point", "coordinates": [123.908492, 10.315373]}, "properties": {"stratum": "Condominium"}}, {"type": "Feature", "geometry": {"type": "Point", "coordinates": [123.8854377, 10.3156173]}, "properties": {"stratum": "Condominium"}}, {"type": "Feature", "geometry": {"type": "Point", "coordinates": [123.9294311, 10.3207231]}, "properties": {"stratum": "Condominium"}}, {"type": "Feature", "geometry": {"type": "Point", "coordinates": [123.876208, 10.266862]}, "properties": {"stratum": "Condominium"}}, {"type": "Feature", "geometry": {"type": "Point", "coordinates": [123.90608495, 10.33264051]}, "properties": {"stratum": "Condominium"}}, {"type": "Feature", "geometry": {"type": "Point", "coordinates": [123.8854366, 10.3156992]}, "properties": {"stratum": "Condominium"}}, {"type": "Feature", "geometry": {"type": "Point", "coordinates": [123.9018707, 10.3194766]}, "properties": {"stratum": "Condominium"}}, {"type": "Feature", "geometry": {"type": "Point", "coordinates": [124.0372, 10.32372]}, "properties": {"stratum": "Condominium"}}, {"type": "Feature", "geometry": {"type": "Point", "coordinates": [123.9017638, 10.3270711]}, "properties": {"stratum": "Condominium"}}, {"type": "Feature", "geometry": {"type": "Point", "coordinates": [123.8027439, 10.2402855]}, "properties": {"stratum": "Condominium"}}, {"type": "Feature", "geometry": {"type": "Point", "coordinates": [123.8585712, 10.2494081]}, "properties": {"stratum": "Condominium"}}, {"type": "Feature", "geometry": {"type": "Point", "coordinates": [123.807977, 10.2547938]}, "properties": {"stratum": "Condominium"}}, {"type": "Feature", "geometry": {"type": "Point", "coordinates": [123.9728574, 10.2551102]}, "properties": {"stratum": "Condominium"}}, {"type": "Feature", "geometry": {"type": "Point", "coordinates": [123.9728574, 10.2551102]}, "properties": {"stratum": "Condominium"}}, {"type": "Feature", "geometry": {"type": "Point", "coordinates": [123.9722415, 10.2557023]}, "properties": {"stratum": "Condominium"}}, {"type": "Feature", "geometry": {"type": "Point", "coordinates": [123.97366883, 10.25721823]}, "properties": {"stratum": "Condominium"}}, {"type": "Feature", "geometry": {"type": "Point", "coordinates": [123.9715452, 10.2585789]}, "properties": {"stratum": "Condominium"}}, {"type": "Feature", "geometry": {"type": "Point", "coordinates": [123.9713763, 10.2592087]}, "properties": {"stratum": "Condominium"}}, {"type": "Feature", "geometry": {"type": "Point", "coordinates": [123.8264821, 10.26193657]}, "properties": {"stratum": "Condominium"}}, {"type": "Feature", "geometry": {"type": "Point", "coordinates": [123.9722147, 10.2667391]}, "properties": {"stratum": "Condominium"}}, {"type": "Feature", "geometry": {"type": "Point", "coordinates": [123.9722147, 10.2667391]}, "properties": {"stratum": "Condominium"}}, {"type": "Feature", "geometry": {"type": "Point", "coordinates": [123.96986, 10.26687]}, "properties": {"stratum": "Condominium"}}, {"type": "Feature", "geometry": {"type": "Point", "coordinates": [123.9722887, 10.2674631]}, "properties": {"stratum": "Condominium"}}, {"type": "Feature", "geometry": {"type": "Point", "coordinates": [123.9724978, 10.2690844]}, "properties": {"stratum": "Condominium"}}, {"type": "Feature", "geometry": {"type": "Point", "coordinates": [123.97647768, 10.2697127]}, "properties": {"stratum": "Condominium"}}, {"type": "Feature", "geometry": {"type": "Point", "coordinates": [123.9799822, 10.2716521]}, "properties": {"stratum": "Condominium"}}, {"type": "Feature", "geometry": {"type": "Point", "coordinates": [123.9799822, 10.2716521]}, "properties": {"stratum": "Condominium"}}, {"type": "Feature", "geometry": {"type": "Point", "coordinates": [123.978843, 10.272058]}, "properties": {"stratum": "Condominium"}}, {"type": "Feature", "geometry": {"type": "Point", "coordinates": [123.97701174, 10.27222633]}, "properties": {"stratum": "Condominium"}}, {"type": "Feature", "geometry": {"type": "Point", "coordinates": [123.9789125, 10.2721652]}, "properties": {"stratum": "Condominium"}}, {"type": "Feature", "geometry": {"type": "Point", "coordinates": [123.9789125, 10.2721652]}, "properties": {"stratum": "Condominium"}}, {"type": "Feature", "geometry": {"type": "Point", "coordinates": [123.974785, 10.275722]}, "properties": {"stratum": "Condominium"}}, {"type": "Feature", "geometry": {"type": "Point", "coordinates": [123.9777887, 10.2757142]}, "properties": {"stratum": "Condominium"}}, {"type": "Feature", "geometry": {"type": "Point", "coordinates": [123.9777887, 10.2757142]}, "properties": {"stratum": "Condominium"}}, {"type": "Feature", "geometry": {"type": "Point", "coordinates": [123.9777887, 10.2757142]}, "properties": {"stratum": "Condominium"}}, {"type": "Feature", "geometry": {"type": "Point", "coordinates": [123.771103, 10.275756]}, "properties": {"stratum": "Condominium"}}, {"type": "Feature", "geometry": {"type": "Point", "coordinates": [123.9633828, 10.27606231]}, "properties": {"stratum": "Condominium"}}, {"type": "Feature", "geometry": {"type": "Point", "coordinates": [123.9587247, 10.2785603]}, "properties": {"stratum": "Condominium"}}, {"type": "Feature", "geometry": {"type": "Point", "coordinates": [123.944327, 10.279515]}, "properties": {"stratum": "Condominium"}}, {"type": "Feature", "geometry": {"type": "Point", "coordinates": [123.9720313, 10.2796974]}, "properties": {"stratum": "Condominium"}}, {"type": "Feature", "geometry": {"type": "Point", "coordinates": [123.972031, 10.279697]}, "properties": {"stratum": "Condominium"}}, {"type": "Feature", "geometry": {"type": "Point", "coordinates": [123.9720313, 10.2796974]}, "properties": {"stratum": "Condominium"}}, {"type": "Feature", "geometry": {"type": "Point", "coordinates": [123.96510948, 10.28217133]}, "properties": {"stratum": "Condominium"}}, {"type": "Feature", "geometry": {"type": "Point", "coordinates": [123.9785924, 10.2827676]}, "properties": {"stratum": "Condominium"}}, {"type": "Feature", "geometry": {"type": "Point", "coordinates": [123.9680073, 10.2830115]}, "properties": {"stratum": "Condominium"}}, {"type": "Feature", "geometry": {"type": "Point", "coordinates": [123.9680073, 10.2830115]}, "properties": {"stratum": "Condominium"}}, {"type": "Feature", "geometry": {"type": "Point", "coordinates": [123.97634391, 10.28398208]}, "properties": {"stratum": "Condominium"}}, {"type": "Feature", "geometry": {"type": "Point", "coordinates": [123.983302, 10.284075]}, "properties": {"stratum": "Condominium"}}, {"type": "Feature", "geometry": {"type": "Point", "coordinates": [123.9833623, 10.2846893]}, "properties": {"stratum": "Condominium"}}, {"type": "Feature", "geometry": {"type": "Point", "coordinates": [123.9966391, 10.2853159]}, "properties": {"stratum": "Condominium"}}, {"type": "Feature", "geometry": {"type": "Point", "coordinates": [123.9766333, 10.2861422]}, "properties": {"stratum": "Condominium"}}, {"type": "Feature", "geometry": {"type": "Point", "coordinates": [123.9685781, 10.2864791]}, "properties": {"stratum": "Condominium"}}, {"type": "Feature", "geometry": {"type": "Point", "coordinates": [124.0048927, 10.2897658]}, "properties": {"stratum": "Condominium"}}, {"type": "Feature", "geometry": {"type": "Point", "coordinates": [124.0048927, 10.2897658]}, "properties": {"stratum": "Condominium"}}, {"type": "Feature", "geometry": {"type": "Point", "coordinates": [124.0051262, 10.2899738]}, "properties": {"stratum": "Condominium"}}, {"type": "Feature", "geometry": {"type": "Point", "coordinates": [124.0051262, 10.2899738]}, "properties": {"stratum": "Condominium"}}, {"type": "Feature", "geometry": {"type": "Point", "coordinates": [124.0068697, 10.28998447]}, "properties": {"stratum": "Condominium"}}, {"type": "Feature", "geometry": {"type": "Point", "coordinates": [124.0025293, 10.2908456]}, "properties": {"stratum": "Condominium"}}, {"type": "Feature", "geometry": {"type": "Point", "coordinates": [124.002551, 10.2907917]}, "properties": {"stratum": "Condominium"}}, {"type": "Feature", "geometry": {"type": "Point", "coordinates": [124.00429755, 10.29197559]}, "properties": {"stratum": "Condominium"}}, {"type": "Feature", "geometry": {"type": "Point", "coordinates": [123.9891401, 10.2920651]}, "properties": {"stratum": "Condominium"}}, {"type": "Feature", "geometry": {"type": "Point", "coordinates": [124.0000812, 10.292343]}, "properties": {"stratum": "Condominium"}}, {"type": "Feature", "geometry": {"type": "Point", "coordinates": [124.0000812, 10.292343]}, "properties": {"stratum": "Condominium"}}, {"type": "Feature", "geometry": {"type": "Point", "coordinates": [123.9666404, 10.2963065]}, "properties": {"stratum": "Condominium"}}, {"type": "Feature", "geometry": {"type": "Point", "coordinates": [123.9666404, 10.2963065]}, "properties": {"stratum": "Condominium"}}, {"type": "Feature", "geometry": {"type": "Point", "coordinates": [123.9757606, 10.29630654]}, "properties": {"stratum": "Condominium"}}, {"type": "Feature", "geometry": {"type": "Point", "coordinates": [123.9757606, 10.29630654]}, "properties": {"stratum": "Condominium"}}, {"type": "Feature", "geometry": {"type": "Point", "coordinates": [123.9757606, 10.29630654]}, "properties": {"stratum": "Condominium"}}, {"type": "Feature", "geometry": {"type": "Point", "coordinates": [124.00247097, 10.29677198]}, "properties": {"stratum": "Condominium"}}, {"type": "Feature", "geometry": {"type": "Point", "coordinates": [124.0024671, 10.29677697]}, "properties": {"stratum": "Condominium"}}, {"type": "Feature", "geometry": {"type": "Point", "coordinates": [124.0024785, 10.2967846]}, "properties": {"stratum": "Condominium"}}, {"type": "Feature", "geometry": {"type": "Point", "coordinates": [123.9646371, 10.2972215]}, "properties": {"stratum": "Condominium"}}, {"type": "Feature", "geometry": {"type": "Point", "coordinates": [124.002443, 10.298094]}, "properties": {"stratum": "Condominium"}}, {"type": "Feature", "geometry": {"type": "Point", "coordinates": [123.89655322, 10.29883634]}, "properties": {"stratum": "Condominium"}}, {"type": "Feature", "geometry": {"type": "Point", "coordinates": [124.01572343, 10.29889638]}, "properties": {"stratum": "Condominium"}}, {"type": "Feature", "geometry": {"type": "Point", "coordinates": [123.9638531, 10.2990463]}, "properties": {"stratum": "Condominium"}}, {"type": "Feature", "geometry": {"type": "Point", "coordinates": [124.015939, 10.29942]}, "properties": {"stratum": "Condominium"}}, {"type": "Feature", "geometry": {"type": "Point", "coordinates": [124.0161361, 10.2998733]}, "properties": {"stratum": "Condominium"}}, {"type": "Feature", "geometry": {"type": "Point", "coordinates": [124.0157008, 10.300465]}, "properties": {"stratum": "Condominium"}}, {"type": "Feature", "geometry": {"type": "Point", "coordinates": [124.0152259, 10.3008615]}, "properties": {"stratum": "Condominium"}}, {"type": "Feature", "geometry": {"type": "Point", "coordinates": [124.015789, 10.3010042]}, "properties": {"stratum": "Condominium"}}, {"type": "Feature", "geometry": {"type": "Point", "coordinates": [124.015789, 10.3010042]}, "properties": {"stratum": "Condominium"}}, {"type": "Feature", "geometry": {"type": "Point", "coordinates": [123.9019284, 10.3026114]}, "properties": {"stratum": "Condominium"}}, {"type": "Feature", "geometry": {"type": "Point", "coordinates": [123.91121364322544, 10.302947497827208]}, "properties": {"stratum": "Condominium"}}, {"type": "Feature", "geometry": {"type": "Point", "coordinates": [124.0193458, 10.3035254]}, "properties": {"stratum": "Condominium"}}, {"type": "Feature", "geometry": {"type": "Point", "coordinates": [123.91106969, 10.30360853]}, "properties": {"stratum": "Condominium"}}, {"type": "Feature", "geometry": {"type": "Point", "coordinates": [123.91106969, 10.30360853]}, "properties": {"stratum": "Condominium"}}, {"type": "Feature", "geometry": {"type": "Point", "coordinates": [124.0115953, 10.304693]}, "properties": {"stratum": "Condominium"}}, {"type": "Feature", "geometry": {"type": "Point", "coordinates": [124.0115953, 10.304693]}, "properties": {"stratum": "Condominium"}}, {"type": "Feature", "geometry": {"type": "Point", "coordinates": [124.011204, 10.305113]}, "properties": {"stratum": "Condominium"}}, {"type": "Feature", "geometry": {"type": "Point", "coordinates": [124.0149484, 10.3050836]}, "properties": {"stratum": "Condominium"}}, {"type": "Feature", "geometry": {"type": "Point", "coordinates": [123.9435025, 10.3059229]}, "properties": {"stratum": "Condominium"}}, {"type": "Feature", "geometry": {"type": "Point", "coordinates": [123.9436106, 10.30590598]}, "properties": {"stratum": "Condominium"}}, {"type": "Feature", "geometry": {"type": "Point", "coordinates": [123.9628447, 10.3061854]}, "properties": {"stratum": "Condominium"}}, {"type": "Feature", "geometry": {"type": "Point", "coordinates": [123.9624438, 10.30640174]}, "properties": {"stratum": "Condominium"}}, {"type": "Feature", "geometry": {"type": "Point", "coordinates": [123.9624438, 10.30640174]}, "properties": {"stratum": "Condominium"}}, {"type": "Feature", "geometry": {"type": "Point", "coordinates": [124.014881, 10.306954]}, "properties": {"stratum": "Condominium"}}, {"type": "Feature", "geometry": {"type": "Point", "coordinates": [124.0148808, 10.3069542]}, "properties": {"stratum": "Condominium"}}, {"type": "Feature", "geometry": {"type": "Point", "coordinates": [124.0148808, 10.3069542]}, "properties": {"stratum": "Condominium"}}, {"type": "Feature", "geometry": {"type": "Point", "coordinates": [124.0149091, 10.3074306]}, "properties": {"stratum": "Condominium"}}, {"type": "Feature", "geometry": {"type": "Point", "coordinates": [124.0135096, 10.3074825]}, "properties": {"stratum": "Condominium"}}, {"type": "Feature", "geometry": {"type": "Point", "coordinates": [124.0135096, 10.3074825]}, "properties": {"stratum": "Condominium"}}, {"type": "Feature", "geometry": {"type": "Point", "coordinates": [124.013489, 10.3074622]}, "properties": {"stratum": "Condominium"}}, {"type": "Feature", "geometry": {"type": "Point", "coordinates": [123.915058, 10.3078656]}, "properties": {"stratum": "Condominium"}}, {"type": "Feature", "geometry": {"type": "Point", "coordinates": [124.0174659, 10.3083245]}, "properties": {"stratum": "Condominium"}}, {"type": "Feature", "geometry": {"type": "Point", "coordinates": [124.0174659, 10.3083245]}, "properties": {"stratum": "Condominium"}}, {"type": "Feature", "geometry": {"type": "Point", "coordinates": [124.0174659, 10.3083245]}, "properties": {"stratum": "Condominium"}}, {"type": "Feature", "geometry": {"type": "Point", "coordinates": [123.9573763, 10.3087469]}, "properties": {"stratum": "Condominium"}}, {"type": "Feature", "geometry": {"type": "Point", "coordinates": [123.9015422, 10.30936594]}, "properties": {"stratum": "Condominium"}}, {"type": "Feature", "geometry": {"type": "Point", "coordinates": [124.0233764, 10.3100786]}, "properties": {"stratum": "Condominium"}}, {"type": "Feature", "geometry": {"type": "Point", "coordinates": [123.89742991, 10.31053181]}, "properties": {"stratum": "Condominium"}}, {"type": "Feature", "geometry": {"type": "Point", "coordinates": [123.8974315, 10.3105301]}, "properties": {"stratum": "Condominium"}}, {"type": "Feature", "geometry": {"type": "Point", "coordinates": [123.89742991, 10.31053181]}, "properties": {"stratum": "Condominium"}}, {"type": "Feature", "geometry": {"type": "Point", "coordinates": [124.0234039, 10.3105249]}, "properties": {"stratum": "Condominium"}}, {"type": "Feature", "geometry": {"type": "Point", "coordinates": [124.0234039, 10.3105249]}, "properties": {"stratum": "Condominium"}}, {"type": "Feature", "geometry": {"type": "Point", "coordinates": [124.0231102, 10.3106854]}, "properties": {"stratum": "Condominium"}}, {"type": "Feature", "geometry": {"type": "Point", "coordinates": [124.0231102, 10.3106854]}, "properties": {"stratum": "Condominium"}}, {"type": "Feature", "geometry": {"type": "Point", "coordinates": [124.0221048, 10.31098189]}, "properties": {"stratum": "Condominium"}}, {"type": "Feature", "geometry": {"type": "Point", "coordinates": [124.0227066, 10.3110232]}, "properties": {"stratum": "Condominium"}}, {"type": "Feature", "geometry": {"type": "Point", "coordinates": [124.0184974, 10.3111503]}, "properties": {"stratum": "Condominium"}}, {"type": "Feature", "geometry": {"type": "Point", "coordinates": [123.9166367, 10.3115124]}, "properties": {"stratum": "Condominium"}}, {"type": "Feature", "geometry": {"type": "Point", "coordinates": [123.893697, 10.31223061]}, "properties": {"stratum": "Condominium"}}, {"type": "Feature", "geometry": {"type": "Point", "coordinates": [123.894721, 10.3125678]}, "properties": {"stratum": "Condominium"}}, {"type": "Feature", "geometry": {"type": "Point", "coordinates": [124.023252, 10.31285526]}, "properties": {"stratum": "Condominium"}}, {"type": "Feature", "geometry": {"type": "Point", "coordinates": [124.0232522, 10.3128602]}, "properties": {"stratum": "Condominium"}}, {"type": "Feature", "geometry": {"type": "Point", "coordinates": [123.9761977, 10.3133165]}, "properties": {"stratum": "Condominium"}}, {"type": "Feature", "geometry": {"type": "Point", "coordinates": [123.894275, 10.313874]}, "properties": {"stratum": "Condominium"}}, {"type": "Feature", "geometry": {"type": "Point", "coordinates": [123.894275, 10.313874]}, "properties": {"stratum": "Condominium"}}, {"type": "Feature", "geometry": {"type": "Point", "coordinates": [123.87131406363, 10.314163111278]}, "properties": {"stratum": "Condominium"}}, {"type": "Feature", "geometry": {"type": "Point", "coordinates": [123.87131406363, 10.314163111278]}, "properties": {"stratum": "Condominium"}}, {"type": "Feature", "geometry": {"type": "Point", "coordinates": [123.87131406363, 10.314163111278]}, "properties": {"stratum": "Condominium"}}, {"type": "Feature", "geometry": {"type": "Point", "coordinates": [123.9643759, 10.3142593]}, "properties": {"stratum": "Condominium"}}, {"type": "Feature", "geometry": {"type": "Point", "coordinates": [123.90846468711634, 10.314406015177289]}, "properties": {"stratum": "Condominium"}}, {"type": "Feature", "geometry": {"type": "Point", "coordinates": [123.8833416, 10.3151542]}, "properties": {"stratum": "Condominium"}}, {"type": "Feature", "geometry": {"type": "Point", "coordinates": [123.9088967, 10.3156958]}, "properties": {"stratum": "Condominium"}}, {"type": "Feature", "geometry": {"type": "Point", "coordinates": [123.9088967, 10.3156958]}, "properties": {"stratum": "Condominium"}}, {"type": "Feature", "geometry": {"type": "Point", "coordinates": [123.905247, 10.3160059]}, "properties": {"stratum": "Condominium"}}, {"type": "Feature", "geometry": {"type": "Point", "coordinates": [123.907529, 10.316089]}, "properties": {"stratum": "Condominium"}}, {"type": "Feature", "geometry": {"type": "Point", "coordinates": [123.907529, 10.316089]}, "properties": {"stratum": "Condominium"}}, {"type": "Feature", "geometry": {"type": "Point", "coordinates": [123.907529, 10.316089]}, "properties": {"stratum": "Condominium"}}, {"type": "Feature", "geometry": {"type": "Point", "coordinates": [123.9047197, 10.3161902]}, "properties": {"stratum": "Condominium"}}, {"type": "Feature", "geometry": {"type": "Point", "coordinates": [123.9310492, 10.3162592]}, "properties": {"stratum": "Condominium"}}, {"type": "Feature", "geometry": {"type": "Point", "coordinates": [123.90552502, 10.31649684]}, "properties": {"stratum": "Condominium"}}, {"type": "Feature", "geometry": {"type": "Point", "coordinates": [123.9649926, 10.3168343]}, "properties": {"stratum": "Condominium"}}, {"type": "Feature", "geometry": {"type": "Point", "coordinates": [123.96181591, 10.31689704]}, "properties": {"stratum": "Condominium"}}, {"type": "Feature", "geometry": {"type": "Point", "coordinates": [123.9649095, 10.3168646]}, "properties": {"stratum": "Condominium"}}, {"type": "Feature", "geometry": {"type": "Point", "coordinates": [123.96490965, 10.31686445]}, "properties": {"stratum": "Condominium"}}, {"type": "Feature", "geometry": {"type": "Point", "coordinates": [123.96490965, 10.31686445]}, "properties": {"stratum": "Condominium"}}, {"type": "Feature", "geometry": {"type": "Point", "coordinates": [123.9091856, 10.3172382]}, "properties": {"stratum": "Condominium"}}, {"type": "Feature", "geometry": {"type": "Point", "coordinates": [123.96473, 10.3172]}, "properties": {"stratum": "Condominium"}}, {"type": "Feature", "geometry": {"type": "Point", "coordinates": [123.9320764, 10.3177244]}, "properties": {"stratum": "Condominium"}}, {"type": "Feature", "geometry": {"type": "Point", "coordinates": [123.9320764, 10.3177244]}, "properties": {"stratum": "Condominium"}}, {"type": "Feature", "geometry": {"type": "Point", "coordinates": [123.9320764, 10.3177244]}, "properties": {"stratum": "Condominium"}}, {"type": "Feature", "geometry": {"type": "Point", "coordinates": [123.9639483, 10.3183756]}, "properties": {"stratum": "Condominium"}}, {"type": "Feature", "geometry": {"type": "Point", "coordinates": [123.9639483, 10.3183756]}, "properties": {"stratum": "Condominium"}}, {"type": "Feature", "geometry": {"type": "Point", "coordinates": [124.0296471, 10.3185134]}, "properties": {"stratum": "Condominium"}}, {"type": "Feature", "geometry": {"type": "Point", "coordinates": [124.0296471, 10.3185134]}, "properties": {"stratum": "Condominium"}}, {"type": "Feature", "geometry": {"type": "Point", "coordinates": [124.0296471, 10.3185134]}, "properties": {"stratum": "Condominium"}}, {"type": "Feature", "geometry": {"type": "Point", "coordinates": [123.9031398, 10.31919569]}, "properties": {"stratum": "Condominium"}}, {"type": "Feature", "geometry": {"type": "Point", "coordinates": [123.90963323, 10.31920526]}, "properties": {"stratum": "Condominium"}}, {"type": "Feature", "geometry": {"type": "Point", "coordinates": [123.90963323, 10.31920526]}, "properties": {"stratum": "Condominium"}}, {"type": "Feature", "geometry": {"type": "Point", "coordinates": [123.90963323, 10.31920526]}, "properties": {"stratum": "Condominium"}}, {"type": "Feature", "geometry": {"type": "Point", "coordinates": [123.9722147, 10.3197437]}, "properties": {"stratum": "Condominium"}}, {"type": "Feature", "geometry": {"type": "Point", "coordinates": [123.9737756, 10.3197316]}, "properties": {"stratum": "Condominium"}}, {"type": "Feature", "geometry": {"type": "Point", "coordinates": [123.9738525, 10.3198121]}, "properties": {"stratum": "Condominium"}}, {"type": "Feature", "geometry": {"type": "Point", "coordinates": [124.0309943, 10.31980145]}, "properties": {"stratum": "Condominium"}}, {"type": "Feature", "geometry": {"type": "Point", "coordinates": [123.93847245723008, 10.319975631487145]}, "properties": {"stratum": "Condominium"}}, {"type": "Feature", "geometry": {"type": "Point", "coordinates": [123.901563, 10.320272]}, "properties": {"stratum": "Condominium"}}, {"type": "Feature", "geometry": {"type": "Point", "coordinates": [123.9097051, 10.3203731]}, "properties": {"stratum": "Condominium"}}, {"type": "Feature", "geometry": {"type": "Point", "coordinates": [123.93169482, 10.32058604]}, "properties": {"stratum": "Condominium"}}, {"type": "Feature", "geometry": {"type": "Point", "coordinates": [123.9381858, 10.3207231]}, "properties": {"stratum": "Condominium"}}, {"type": "Feature", "geometry": {"type": "Point", "coordinates": [123.9383224, 10.3208497]}, "properties": {"stratum": "Condominium"}}, {"type": "Feature", "geometry": {"type": "Point", "coordinates": [123.9383224, 10.3208497]}, "properties": {"stratum": "Condominium"}}, {"type": "Feature", "geometry": {"type": "Point", "coordinates": [123.9383224, 10.3208497]}, "properties": {"stratum": "Condominium"}}, {"type": "Feature", "geometry": {"type": "Point", "coordinates": [123.9041927, 10.3208657]}, "properties": {"stratum": "Condominium"}}, {"type": "Feature", "geometry": {"type": "Point", "coordinates": [123.9041927, 10.3208657]}, "properties": {"stratum": "Condominium"}}, {"type": "Feature", "geometry": {"type": "Point", "coordinates": [123.93831206385768, 10.320856297026372]}, "properties": {"stratum": "Condominium"}}, {"type": "Feature", "geometry": {"type": "Point", "coordinates": [123.93831206, 10.3208563]}, "properties": {"stratum": "Condominium"}}, {"type": "Feature", "geometry": {"type": "Point", "coordinates": [123.93759236, 10.32096717]}, "properties": {"stratum": "Condominium"}}, {"type": "Feature", "geometry": {"type": "Point", "coordinates": [124.0360499, 10.3209731]}, "properties": {"stratum": "Condominium"}}, {"type": "Feature", "geometry": {"type": "Point", "coordinates": [123.9381858, 10.32105656]}, "properties": {"stratum": "Condominium"}}, {"type": "Feature", "geometry": {"type": "Point", "coordinates": [124.0321172, 10.3210549]}, "properties": {"stratum": "Condominium"}}, {"type": "Feature", "geometry": {"type": "Point", "coordinates": [124.0321172, 10.3210549]}, "properties": {"stratum": "Condominium"}}, {"type": "Feature", "geometry": {"type": "Point", "coordinates": [123.881061, 10.321231]}, "properties": {"stratum": "Condominium"}}, {"type": "Feature", "geometry": {"type": "Point", "coordinates": [123.9322521, 10.3211997]}, "properties": {"stratum": "Condominium"}}, {"type": "Feature", "geometry": {"type": "Point", "coordinates": [124.03386253863574, 10.321253806338026]}, "properties": {"stratum": "Condominium"}}, {"type": "Feature", "geometry": {"type": "Point", "coordinates": [124.0370339, 10.32137474]}, "properties": {"stratum": "Condominium"}}, {"type": "Feature", "geometry": {"type": "Point", "coordinates": [124.0370339, 10.32137474]}, "properties": {"stratum": "Condominium"}}, {"type": "Feature", "geometry": {"type": "Point", "coordinates": [123.9350805, 10.3215032]}, "properties": {"stratum": "Condominium"}}, {"type": "Feature", "geometry": {"type": "Point", "coordinates": [123.9373938, 10.32178828]}, "properties": {"stratum": "Condominium"}}, {"type": "Feature", "geometry": {"type": "Point", "coordinates": [123.9373938, 10.32178828]}, "properties": {"stratum": "Condominium"}}, {"type": "Feature", "geometry": {"type": "Point", "coordinates": [123.9373938, 10.32178828]}, "properties": {"stratum": "Condominium"}}, {"type": "Feature", "geometry": {"type": "Point", "coordinates": [123.8808801, 10.32190387]}, "properties": {"stratum": "Condominium"}}, {"type": "Feature", "geometry": {"type": "Point", "coordinates": [123.938847, 10.322295]}, "properties": {"stratum": "Condominium"}}, {"type": "Feature", "geometry": {"type": "Point", "coordinates": [124.03756315, 10.32228769]}, "properties": {"stratum": "Condominium"}}, {"type": "Feature", "geometry": {"type": "Point", "coordinates": [123.9694938, 10.3224282]}, "properties": {"stratum": "Condominium"}}, {"type": "Feature", "geometry": {"type": "Point", "coordinates": [123.9761, 10.32246]}, "properties": {"stratum": "Condominium"}}, {"type": "Feature", "geometry": {"type": "Point", "coordinates": [123.9761, 10.32246]}, "properties": {"stratum": "Condominium"}}, {"type": "Feature", "geometry": {"type": "Point", "coordinates": [123.9761, 10.32246]}, "properties": {"stratum": "Condominium"}}, {"type": "Feature", "geometry": {"type": "Point", "coordinates": [123.8837306, 10.3228186]}, "properties": {"stratum": "Condominium"}}, {"type": "Feature", "geometry": {"type": "Point", "coordinates": [123.9758723, 10.3228536]}, "properties": {"stratum": "Condominium"}}, {"type": "Feature", "geometry": {"type": "Point", "coordinates": [123.9381077, 10.3229577]}, "properties": {"stratum": "Condominium"}}, {"type": "Feature", "geometry": {"type": "Point", "coordinates": [123.9381077, 10.3229577]}, "properties": {"stratum": "Condominium"}}, {"type": "Feature", "geometry": {"type": "Point", "coordinates": [123.9381077, 10.3229577]}, "properties": {"stratum": "Condominium"}}, {"type": "Feature", "geometry": {"type": "Point", "coordinates": [123.899381, 10.323136]}, "properties": {"stratum": "Condominium"}}, {"type": "Feature", "geometry": {"type": "Point", "coordinates": [124.0349024, 10.3231321]}, "properties": {"stratum": "Condominium"}}, {"type": "Feature", "geometry": {"type": "Point", "coordinates": [124.0349024, 10.3231321]}, "properties": {"stratum": "Condominium"}}, {"type": "Feature", "geometry": {"type": "Point", "coordinates": [123.9729562, 10.32333162]}, "properties": {"stratum": "Condominium"}}, {"type": "Feature", "geometry": {"type": "Point", "coordinates": [124.03514896, 10.3232742]}, "properties": {"stratum": "Condominium"}}, {"type": "Feature", "geometry": {"type": "Point", "coordinates": [123.8801952, 10.3234205]}, "properties": {"stratum": "Condominium"}}, {"type": "Feature", "geometry": {"type": "Point", "coordinates": [124.0373611, 10.3234104]}, "properties": {"stratum": "Condominium"}}, {"type": "Feature", "geometry": {"type": "Point", "coordinates": [124.0373611, 10.3234104]}, "properties": {"stratum": "Condominium"}}, {"type": "Feature", "geometry": {"type": "Point", "coordinates": [124.0373611, 10.3234104]}, "properties": {"stratum": "Condominium"}}, {"type": "Feature", "geometry": {"type": "Point", "coordinates": [124.0367989, 10.323479]}, "properties": {"stratum": "Condominium"}}, {"type": "Feature", "geometry": {"type": "Point", "coordinates": [124.0367989, 10.323479]}, "properties": {"stratum": "Condominium"}}, {"type": "Feature", "geometry": {"type": "Point", "coordinates": [124.0373689652512, 10.32347203966987]}, "properties": {"stratum": "Condominium"}}, {"type": "Feature", "geometry": {"type": "Point", "coordinates": [124.0372, 10.32372]}, "properties": {"stratum": "Condominium"}}, {"type": "Feature", "geometry": {"type": "Point", "coordinates": [124.0372, 10.32372]}, "properties": {"stratum": "Condominium"}}, {"type": "Feature", "geometry": {"type": "Point", "coordinates": [123.9782465, 10.32384408]}, "properties": {"stratum": "Condominium"}}, {"type": "Feature", "geometry": {"type": "Point", "coordinates": [124.03739578734134, 10.32379924928955]}, "properties": {"stratum": "Condominium"}}, {"type": "Feature", "geometry": {"type": "Point", "coordinates": [123.9059926, 10.32401247]}, "properties": {"stratum": "Condominium"}}, {"type": "Feature", "geometry": {"type": "Point", "coordinates": [123.9059926, 10.32401247]}, "properties": {"stratum": "Condominium"}}, {"type": "Feature", "geometry": {"type": "Point", "coordinates": [123.9101043, 10.32395056]}, "properties": {"stratum": "Condominium"}}, {"type": "Feature", "geometry": {"type": "Point", "coordinates": [123.9331874, 10.324376]}, "properties": {"stratum": "Condominium"}}, {"type": "Feature", "geometry": {"type": "Point", "coordinates": [123.9331874, 10.324376]}, "properties": {"stratum": "Condominium"}}, {"type": "Feature", "geometry": {"type": "Point", "coordinates": [124.0333428, 10.32441641]}, "properties": {"stratum": "Condominium"}}, {"type": "Feature", "geometry": {"type": "Point", "coordinates": [124.0333428, 10.32441641]}, "properties": {"stratum": "Condominium"}}, {"type": "Feature", "geometry": {"type": "Point", "coordinates": [124.0368638, 10.3244503]}, "properties": {"stratum": "Condominium"}}, {"type": "Feature", "geometry": {"type": "Point", "coordinates": [124.03697471, 10.3257392]}, "properties": {"stratum": "Condominium"}}, {"type": "Feature", "geometry": {"type": "Point", "coordinates": [123.92086, 10.327319]}, "properties": {"stratum": "Condominium"}}, {"type": "Feature", "geometry": {"type": "Point", "coordinates": [123.92086, 10.327319]}, "properties": {"stratum": "Condominium"}}, {"type": "Feature", "geometry": {"type": "Point", "coordinates": [123.92086, 10.327319]}, "properties": {"stratum": "Condominium"}}, {"type": "Feature", "geometry": {"type": "Point", "coordinates": [123.9214465, 10.327406]}, "properties": {"stratum": "Condominium"}}, {"type": "Feature", "geometry": {"type": "Point", "coordinates": [123.9219854, 10.3276021]}, "properties": {"stratum": "Condominium"}}, {"type": "Feature", "geometry": {"type": "Point", "coordinates": [123.9429876, 10.3275809]}, "properties": {"stratum": "Condominium"}}, {"type": "Feature", "geometry": {"type": "Point", "coordinates": [123.920699, 10.32786985]}, "properties": {"stratum": "Condominium"}}, {"type": "Feature", "geometry": {"type": "Point", "coordinates": [123.920699, 10.32786985]}, "properties": {"stratum": "Condominium"}}, {"type": "Feature", "geometry": {"type": "Point", "coordinates": [123.920699, 10.32786985]}, "properties": {"stratum": "Condominium"}}, {"type": "Feature", "geometry": {"type": "Point", "coordinates": [123.9427271, 10.3278985]}, "properties": {"stratum": "Condominium"}}, {"type": "Feature", "geometry": {"type": "Point", "coordinates": [123.9427271, 10.3278985]}, "properties": {"stratum": "Condominium"}}, {"type": "Feature", "geometry": {"type": "Point", "coordinates": [123.920649, 10.327963]}, "properties": {"stratum": "Condominium"}}, {"type": "Feature", "geometry": {"type": "Point", "coordinates": [123.9206494, 10.3279634]}, "properties": {"stratum": "Condominium"}}, {"type": "Feature", "geometry": {"type": "Point", "coordinates": [123.9206594, 10.3279532]}, "properties": {"stratum": "Condominium"}}, {"type": "Feature", "geometry": {"type": "Point", "coordinates": [123.9206594, 10.3279532]}, "properties": {"stratum": "Condominium"}}, {"type": "Feature", "geometry": {"type": "Point", "coordinates": [123.9305153, 10.3283877]}, "properties": {"stratum": "Condominium"}}, {"type": "Feature", "geometry": {"type": "Point", "coordinates": [123.9305153, 10.3283877]}, "properties": {"stratum": "Condominium"}}, {"type": "Feature", "geometry": {"type": "Point", "coordinates": [123.9305153, 10.3283877]}, "properties": {"stratum": "Condominium"}}, {"type": "Feature", "geometry": {"type": "Point", "coordinates": [123.90531063, 10.32849758]}, "properties": {"stratum": "Condominium"}}, {"type": "Feature", "geometry": {"type": "Point", "coordinates": [123.90530865770803, 10.328498959889275]}, "properties": {"stratum": "Condominium"}}, {"type": "Feature", "geometry": {"type": "Point", "coordinates": [123.8830722, 10.3285832]}, "properties": {"stratum": "Condominium"}}, {"type": "Feature", "geometry": {"type": "Point", "coordinates": [123.9306138, 10.3286455]}, "properties": {"stratum": "Condominium"}}, {"type": "Feature", "geometry": {"type": "Point", "coordinates": [124.0412664, 10.32856283]}, "properties": {"stratum": "Condominium"}}, {"type": "Feature", "geometry": {"type": "Point", "coordinates": [124.0412664, 10.32856283]}, "properties": {"stratum": "Condominium"}}, {"type": "Feature", "geometry": {"type": "Point", "coordinates": [124.04019456, 10.32929085]}, "properties": {"stratum": "Condominium"}}, {"type": "Feature", "geometry": {"type": "Point", "coordinates": [123.9034608, 10.32943791]}, "properties": {"stratum": "Condominium"}}, {"type": "Feature", "geometry": {"type": "Point", "coordinates": [124.04015265, 10.32938486]}, "properties": {"stratum": "Condominium"}}, {"type": "Feature", "geometry": {"type": "Point", "coordinates": [123.9051051, 10.3295356]}, "properties": {"stratum": "Condominium"}}, {"type": "Feature", "geometry": {"type": "Point", "coordinates": [124.04008694, 10.32947325]}, "properties": {"stratum": "Condominium"}}, {"type": "Feature", "geometry": {"type": "Point", "coordinates": [124.04013656, 10.32945148]}, "properties": {"stratum": "Condominium"}}, {"type": "Feature", "geometry": {"type": "Point", "coordinates": [123.90970479, 10.32962093]}, "properties": {"stratum": "Condominium"}}, {"type": "Feature", "geometry": {"type": "Point", "coordinates": [124.03988946, 10.32965533]}, "properties": {"stratum": "Condominium"}}, {"type": "Feature", "geometry": {"type": "Point", "coordinates": [123.9026736, 10.32993482]}, "properties": {"stratum": "Condominium"}}, {"type": "Feature", "geometry": {"type": "Point", "coordinates": [123.9081332, 10.3298721]}, "properties": {"stratum": "Condominium"}}, {"type": "Feature", "geometry": {"type": "Point", "coordinates": [124.04013199, 10.33004573]}, "properties": {"stratum": "Condominium"}}, {"type": "Feature", "geometry": {"type": "Point", "coordinates": [124.040161, 10.33003]}, "properties": {"stratum": "Condominium"}}, {"type": "Feature", "geometry": {"type": "Point", "coordinates": [124.040161, 10.33003]}, "properties": {"stratum": "Condominium"}}, {"type": "Feature", "geometry": {"type": "Point", "coordinates": [123.9327952, 10.3301465]}, "properties": {"stratum": "Condominium"}}, {"type": "Feature", "geometry": {"type": "Point", "coordinates": [124.04013073, 10.33005475]}, "properties": {"stratum": "Condominium"}}, {"type": "Feature", "geometry": {"type": "Point", "coordinates": [123.943332, 10.331291]}, "properties": {"stratum": "Condominium"}}, {"type": "Feature", "geometry": {"type": "Point", "coordinates": [123.9018774, 10.3314909]}, "properties": {"stratum": "Condominium"}}, {"type": "Feature", "geometry": {"type": "Point", "coordinates": [123.90851521, 10.33173537]}, "properties": {"stratum": "Condominium"}}, {"type": "Feature", "geometry": {"type": "Point", "coordinates": [123.90851254, 10.33171088]}, "properties": {"stratum": "Condominium"}}, {"type": "Feature", "geometry": {"type": "Point", "coordinates": [123.9082723, 10.3320181]}, "properties": {"stratum": "Condominium"}}, {"type": "Feature", "geometry": {"type": "Point", "coordinates": [123.9089249, 10.3320938]}, "properties": {"stratum": "Condominium"}}, {"type": "Feature", "geometry": {"type": "Point", "coordinates": [123.9076826, 10.332152]}, "properties": {"stratum": "Condominium"}}, {"type": "Feature", "geometry": {"type": "Point", "coordinates": [123.9354764, 10.3321788]}, "properties": {"stratum": "Condominium"}}, {"type": "Feature", "geometry": {"type": "Point", "coordinates": [123.928017, 10.3323517]}, "properties": {"stratum": "Condominium"}}, {"type": "Feature", "geometry": {"type": "Point", "coordinates": [123.928017, 10.3323517]}, "properties": {"stratum": "Condominium"}}, {"type": "Feature", "geometry": {"type": "Point", "coordinates": [123.950754, 10.332355]}, "properties": {"stratum": "Condominium"}}, {"type": "Feature", "geometry": {"type": "Point", "coordinates": [123.92748948, 10.3330761]}, "properties": {"stratum": "Condominium"}}, {"type": "Feature", "geometry": {"type": "Point", "coordinates": [123.93670644, 10.33307299]}, "properties": {"stratum": "Condominium"}}, {"type": "Feature", "geometry": {"type": "Point", "coordinates": [123.93679071, 10.33338681]}, "properties": {"stratum": "Condominium"}}, {"type": "Feature", "geometry": {"type": "Point", "coordinates": [124.0448863, 10.3333824]}, "properties": {"stratum": "Condominium"}}, {"type": "Feature", "geometry": {"type": "Point", "coordinates": [123.9367557, 10.3334566]}, "properties": {"stratum": "Condominium"}}, {"type": "Feature", "geometry": {"type": "Point", "coordinates": [123.8952695, 10.3338446]}, "properties": {"stratum": "Condominium"}}, {"type": "Feature", "geometry": {"type": "Point", "coordinates": [123.9436428, 10.3345882]}, "properties": {"stratum": "Condominium"}}, {"type": "Feature", "geometry": {"type": "Point", "coordinates": [123.9436428, 10.3345882]}, "properties": {"stratum": "Condominium"}}, {"type": "Feature", "geometry": {"type": "Point", "coordinates": [123.92453106, 10.33498726]}, "properties": {"stratum": "Condominium"}}, {"type": "Feature", "geometry": {"type": "Point", "coordinates": [123.9345815, 10.3350615]}, "properties": {"stratum": "Condominium"}}, {"type": "Feature", "geometry": {"type": "Point", "coordinates": [123.9345815, 10.3350615]}, "properties": {"stratum": "Condominium"}}, {"type": "Feature", "geometry": {"type": "Point", "coordinates": [123.9339875, 10.3351722]}, "properties": {"stratum": "Condominium"}}, {"type": "Feature", "geometry": {"type": "Point", "coordinates": [123.9339875, 10.3351722]}, "properties": {"stratum": "Condominium"}}, {"type": "Feature", "geometry": {"type": "Point", "coordinates": [123.9341259, 10.3351928]}, "properties": {"stratum": "Condominium"}}, {"type": "Feature", "geometry": {"type": "Point", "coordinates": [123.9346695, 10.33564642]}, "properties": {"stratum": "Condominium"}}, {"type": "Feature", "geometry": {"type": "Point", "coordinates": [123.9346695, 10.33564642]}, "properties": {"stratum": "Condominium"}}, {"type": "Feature", "geometry": {"type": "Point", "coordinates": [123.9358333, 10.3355644]}, "properties": {"stratum": "Condominium"}}, {"type": "Feature", "geometry": {"type": "Point", "coordinates": [123.9252178, 10.3356574]}, "properties": {"stratum": "Condominium"}}, {"type": "Feature", "geometry": {"type": "Point", "coordinates": [123.9252178, 10.3356574]}, "properties": {"stratum": "Condominium"}}, {"type": "Feature", "geometry": {"type": "Point", "coordinates": [123.9356494, 10.3360018]}, "properties": {"stratum": "Condominium"}}, {"type": "Feature", "geometry": {"type": "Point", "coordinates": [123.9359076, 10.3363078]}, "properties": {"stratum": "Condominium"}}, {"type": "Feature", "geometry": {"type": "Point", "coordinates": [123.9360548, 10.3363468]}, "properties": {"stratum": "Condominium"}}, {"type": "Feature", "geometry": {"type": "Point", "coordinates": [123.9360548, 10.3363468]}, "properties": {"stratum": "Condominium"}}, {"type": "Feature", "geometry": {"type": "Point", "coordinates": [123.9360548, 10.3363468]}, "properties": {"stratum": "Condominium"}}, {"type": "Feature", "geometry": {"type": "Point", "coordinates": [123.9360257, 10.3364947]}, "properties": {"stratum": "Condominium"}}, {"type": "Feature", "geometry": {"type": "Point", "coordinates": [123.93157583, 10.33671783]}, "properties": {"stratum": "Condominium"}}, {"type": "Feature", "geometry": {"type": "Point", "coordinates": [123.8971286, 10.3370414]}, "properties": {"stratum": "Condominium"}}, {"type": "Feature", "geometry": {"type": "Point", "coordinates": [123.9299843, 10.3378066]}, "properties": {"stratum": "Condominium"}}, {"type": "Feature", "geometry": {"type": "Point", "coordinates": [123.9317932, 10.3378043]}, "properties": {"stratum": "Condominium"}}, {"type": "Feature", "geometry": {"type": "Point", "coordinates": [123.9317932, 10.3378043]}, "properties": {"stratum": "Condominium"}}, {"type": "Feature", "geometry": {"type": "Point", "coordinates": [123.9317932, 10.3378043]}, "properties": {"stratum": "Condominium"}}, {"type": "Feature", "geometry": {"type": "Point", "coordinates": [123.9309151, 10.3385727]}, "properties": {"stratum": "Condominium"}}, {"type": "Feature", "geometry": {"type": "Point", "coordinates": [123.9262359, 10.3390982]}, "properties": {"stratum": "Condominium"}}, {"type": "Feature", "geometry": {"type": "Point", "coordinates": [123.9262359, 10.3390982]}, "properties": {"stratum": "Condominium"}}, {"type": "Feature", "geometry": {"type": "Point", "coordinates": [123.9315865, 10.3390961]}, "properties": {"stratum": "Condominium"}}, {"type": "Feature", "geometry": {"type": "Point", "coordinates": [123.9316004, 10.33910699]}, "properties": {"stratum": "Condominium"}}, {"type": "Feature", "geometry": {"type": "Point", "coordinates": [123.9315974, 10.3391226]}, "properties": {"stratum": "Condominium"}}, {"type": "Feature", "geometry": {"type": "Point", "coordinates": [123.9256166, 10.3392349]}, "properties": {"stratum": "Condominium"}}, {"type": "Feature", "geometry": {"type": "Point", "coordinates": [123.9256166, 10.3392349]}, "properties": {"stratum": "Condominium"}}, {"type": "Feature", "geometry": {"type": "Point", "coordinates": [123.9083248, 10.34065314]}, "properties": {"stratum": "Condominium"}}, {"type": "Feature", "geometry": {"type": "Point", "coordinates": [123.9083248, 10.34065314]}, "properties": {"stratum": "Condominium"}}, {"type": "Feature", "geometry": {"type": "Point", "coordinates": [123.9409369, 10.3407502]}, "properties": {"stratum": "Condominium"}}, {"type": "Feature", "geometry": {"type": "Point", "coordinates": [123.9164914, 10.34135818]}, "properties": {"stratum": "Condominium"}}, {"type": "Feature", "geometry": {"type": "Point", "coordinates": [123.9164914, 10.34135818]}, "properties": {"stratum": "Condominium"}}, {"type": "Feature", "geometry": {"type": "Point", "coordinates": [123.9165702, 10.341693]}, "properties": {"stratum": "Condominium"}}, {"type": "Feature", "geometry": {"type": "Point", "coordinates": [123.9182365, 10.3418325]}, "properties": {"stratum": "Condominium"}}, {"type": "Feature", "geometry": {"type": "Point", "coordinates": [123.9182365, 10.3418325]}, "properties": {"stratum": "Condominium"}}, {"type": "Feature", "geometry": {"type": "Point", "coordinates": [123.9182365, 10.3418325]}, "properties": {"stratum": "Condominium"}}, {"type": "Feature", "geometry": {"type": "Point", "coordinates": [123.941811, 10.342203]}, "properties": {"stratum": "Condominium"}}, {"type": "Feature", "geometry": {"type": "Point", "coordinates": [123.9169849, 10.3425654]}, "properties": {"stratum": "Condominium"}}, {"type": "Feature", "geometry": {"type": "Point", "coordinates": [123.917409, 10.342835]}, "properties": {"stratum": "Condominium"}}, {"type": "Feature", "geometry": {"type": "Point", "coordinates": [123.914692, 10.343585]}, "properties": {"stratum": "Condominium"}}, {"type": "Feature", "geometry": {"type": "Point", "coordinates": [123.91524516939636, 10.344443022395716]}, "properties": {"stratum": "Condominium"}}, {"type": "Feature", "geometry": {"type": "Point", "coordinates": [123.91524516939636, 10.344443022395716]}, "properties": {"stratum": "Condominium"}}, {"type": "Feature", "geometry": {"type": "Point", "coordinates": [123.9154195, 10.3443983]}, "properties": {"stratum": "Condominium"}}, {"type": "Feature", "geometry": {"type": "Point", "coordinates": [123.9154195, 10.3443983]}, "properties": {"stratum": "Condominium"}}, {"type": "Feature", "geometry": {"type": "Point", "coordinates": [123.9154018, 10.3444658]}, "properties": {"stratum": "Condominium"}}, {"type": "Feature", "geometry": {"type": "Point", "coordinates": [123.915402, 10.344466]}, "properties": {"stratum": "Condominium"}}, {"type": "Feature", "geometry": {"type": "Point", "coordinates": [123.92635, 10.34507]}, "properties": {"stratum": "Condominium"}}, {"type": "Feature", "geometry": {"type": "Point", "coordinates": [123.92635, 10.34507]}, "properties": {"stratum": "Condominium"}}, {"type": "Feature", "geometry": {"type": "Point", "coordinates": [123.92635, 10.34507]}, "properties": {"stratum": "Condominium"}}, {"type": "Feature", "geometry": {"type": "Point", "coordinates": [123.8984742, 10.34530064]}, "properties": {"stratum": "Condominium"}}, {"type": "Feature", "geometry": {"type": "Point", "coordinates": [123.91546883, 10.34561829]}, "properties": {"stratum": "Condominium"}}, {"type": "Feature", "geometry": {"type": "Point", "coordinates": [123.8965845, 10.3460355]}, "properties": {"stratum": "Condominium"}}, {"type": "Feature", "geometry": {"type": "Point", "coordinates": [123.8978353, 10.3464116]}, "properties": {"stratum": "Condominium"}}, {"type": "Feature", "geometry": {"type": "Point", "coordinates": [123.889083, 10.34824]}, "properties": {"stratum": "Condominium"}}, {"type": "Feature", "geometry": {"type": "Point", "coordinates": [123.94654964, 10.35318163]}, "properties": {"stratum": "Condominium"}}, {"type": "Feature", "geometry": {"type": "Point", "coordinates": [123.92733113, 10.36101702]}, "properties": {"stratum": "Condominium"}}, {"type": "Feature", "geometry": {"type": "Point", "coordinates": [123.9776756, 10.3621312]}, "properties": {"stratum": "Condominium"}}, {"type": "Feature", "geometry": {"type": "Point", "coordinates": [123.882985, 10.3641103]}, "properties": {"stratum": "Condominium"}}, {"type": "Feature", "geometry": {"type": "Point", "coordinates": [123.9264698, 10.3675714]}, "properties": {"stratum": "Condominium"}}, {"type": "Feature", "geometry": {"type": "Point", "coordinates": [123.9265578, 10.3679414]}, "properties": {"stratum": "Condominium"}}, {"type": "Feature", "geometry": {"type": "Point", "coordinates": [123.9265578, 10.3679414]}, "properties": {"stratum": "Condominium"}}, {"type": "Feature", "geometry": {"type": "Point", "coordinates": [123.9265578, 10.3679414]}, "properties": {"stratum": "Condominium"}}, {"type": "Feature", "geometry": {"type": "Point", "coordinates": [123.9274053, 10.3688559]}, "properties": {"stratum": "Condominium"}}, {"type": "Feature", "geometry": {"type": "Point", "coordinates": [123.9274053, 10.3688559]}, "properties": {"stratum": "Condominium"}}, {"type": "Feature", "geometry": {"type": "Point", "coordinates": [123.9274053, 10.3688559]}, "properties": {"stratum": "Condominium"}}, {"type": "Feature", "geometry": {"type": "Point", "coordinates": [123.9272152, 10.3690452]}, "properties": {"stratum": "Condominium"}}, {"type": "Feature", "geometry": {"type": "Point", "coordinates": [123.9617626, 10.37343]}, "properties": {"stratum": "Condominium"}}, {"type": "Feature", "geometry": {"type": "Point", "coordinates": [123.926637, 10.373884]}, "properties": {"stratum": "Condominium"}}, {"type": "Feature", "geometry": {"type": "Point", "coordinates": [123.9215229, 10.38147984]}, "properties": {"stratum": "Condominium"}}, {"type": "Feature", "geometry": {"type": "Point", "coordinates": [124.0068711, 10.2899858]}, "properties": {"stratum": "Condominium"}}, {"type": "Feature", "geometry": {"type": "Point", "coordinates": [124.0068711, 10.2899858]}, "properties": {"stratum": "Condominium"}}, {"type": "Feature", "geometry": {"type": "Point", "coordinates": [123.9021934, 10.2926115]}, "properties": {"stratum": "Condominium"}}, {"type": "Feature", "geometry": {"type": "Point", "coordinates": [124.0174755, 10.3082854]}, "properties": {"stratum": "Condominium"}}, {"type": "Feature", "geometry": {"type": "Point", "coordinates": [123.90032112, 10.30870415]}, "properties": {"stratum": "Condominium"}}, {"type": "Feature", "geometry": {"type": "Point", "coordinates": [123.9252604, 10.3127605]}, "properties": {"stratum": "Condominium"}}, {"type": "Feature", "geometry": {"type": "Point", "coordinates": [123.928055, 10.3137952]}, "properties": {"stratum": "Condominium"}}, {"type": "Feature", "geometry": {"type": "Point", "coordinates": [123.9040165, 10.3165409]}, "properties": {"stratum": "Condominium"}}, {"type": "Feature", "geometry": {"type": "Point", "coordinates": [123.9041725, 10.3168235]}, "properties": {"stratum": "Condominium"}}, {"type": "Feature", "geometry": {"type": "Point", "coordinates": [124.0296471, 10.3185134]}, "properties": {"stratum": "Condominium"}}, {"type": "Feature", "geometry": {"type": "Point", "coordinates": [123.9381077, 10.3229577]}, "properties": {"stratum": "Condominium"}}, {"type": "Feature", "geometry": {"type": "Point", "coordinates": [123.9017721, 10.327069]}, "properties": {"stratum": "Condominium"}}, {"type": "Feature", "geometry": {"type": "Point", "coordinates": [123.9371818, 10.3289759]}, "properties": {"stratum": "Condominium"}}, {"type": "Feature", "geometry": {"type": "Point", "coordinates": [123.90970479, 10.32962093]}, "properties": {"stratum": "Condominium"}}, {"type": "Feature", "geometry": {"type": "Point", "coordinates": [123.9073198, 10.3306811]}, "properties": {"stratum": "Condominium"}}, {"type": "Feature", "geometry": {"type": "Point", "coordinates": [123.9090696, 10.3328036]}, "properties": {"stratum": "Condominium"}}, {"type": "Feature", "geometry": {"type": "Point", "coordinates": [123.90906928, 10.33280355]}, "properties": {"stratum": "Condominium"}}, {"type": "Feature", "geometry": {"type": "Point", "coordinates": [123.90906928, 10.33280355]}, "properties": {"stratum": "Condominium"}}, {"type": "Feature", "geometry": {"type": "Point", "coordinates": [123.9367557, 10.3334566]}, "properties": {"stratum": "Condominium"}}, {"type": "Feature", "geometry": {"type": "Point", "coordinates": [123.9367557, 10.3334566]}, "properties": {"stratum": "Condominium"}}, {"type": "Feature", "geometry": {"type": "Point", "coordinates": [123.9407719, 10.3358463]}, "properties": {"stratum": "Condominium"}}, {"type": "Feature", "geometry": {"type": "Point", "coordinates": [123.935538, 10.3362256]}, "properties": {"stratum": "Condominium"}}, {"type": "Feature", "geometry": {"type": "Point", "coordinates": [123.935538, 10.3362256]}, "properties": {"stratum": "Condominium"}}, {"type": "Feature", "geometry": {"type": "Point", "coordinates": [123.9315974, 10.3391226]}, "properties": {"stratum": "Condominium"}}, {"type": "Feature", "geometry": {"type": "Point", "coordinates": [123.9315974, 10.3391226]}, "properties": {"stratum": "Condominium"}}, {"type": "Feature", "geometry": {"type": "Point", "coordinates": [123.9182519, 10.3418403]}, "properties": {"stratum": "Condominium"}}, {"type": "Feature", "geometry": {"type": "Point", "coordinates": [123.896352, 10.342605]}, "properties": {"stratum": "Condominium"}}, {"type": "Feature", "geometry": {"type": "Point", "coordinates": [123.9464101, 10.3642001]}, "properties": {"stratum": "Condominium"}}, {"type": "Feature", "geometry": {"type": "Point", "coordinates": [123.9331874, 10.3677899]}, "properties": {"stratum": "Condominium"}}, {"type": "Feature", "geometry": {"type": "Point", "coordinates": [123.9272152, 10.3690452]}, "properties": {"stratum": "Condominium"}}, {"type": "Feature", "geometry": {"type": "Point", "coordinates": [123.9272152, 10.3690452]}, "properties": {"stratum": "Condominium"}}, {"type": "Feature", "geometry": {"type": "Point", "coordinates": [123.9652468, 10.3699993]}, "properties": {"stratum": "Condominium"}}, {"type": "Feature", "geometry": {"type": "Point", "coordinates": [123.9701244, 10.3808744]}, "properties": {"stratum": "Condominium"}}, {"type": "Feature", "geometry": {"type": "Point", "coordinates": [123.8104222, 10.2424002]}, "properties": {"stratum": "Condominium"}}, {"type": "Feature", "geometry": {"type": "Point", "coordinates": [123.8324435, 10.2442836]}, "properties": {"stratum": "Condominium"}}, {"type": "Feature", "geometry": {"type": "Point", "coordinates": [123.8015248, 10.2481998]}, "properties": {"stratum": "Condominium"}}, {"type": "Feature", "geometry": {"type": "Point", "coordinates": [123.8328258, 10.2504987]}, "properties": {"stratum": "Condominium"}}, {"type": "Feature", "geometry": {"type": "Point", "coordinates": [123.7810708, 10.2511369]}, "properties": {"stratum": "Condominium"}}, {"type": "Feature", "geometry": {"type": "Point", "coordinates": [123.8530821, 10.2511149]}, "properties": {"stratum": "Condominium"}}, {"type": "Feature", "geometry": {"type": "Point", "coordinates": [123.8491546, 10.2515512]}, "properties": {"stratum": "Condominium"}}, {"type": "Feature", "geometry": {"type": "Point", "coordinates": [123.8491546, 10.2515512]}, "properties": {"stratum": "Condominium"}}, {"type": "Feature", "geometry": {"type": "Point", "coordinates": [123.8107986, 10.2526965]}, "properties": {"stratum": "Condominium"}}, {"type": "Feature", "geometry": {"type": "Point", "coordinates": [123.833802, 10.2580436]}, "properties": {"stratum": "Condominium"}}, {"type": "Feature", "geometry": {"type": "Point", "coordinates": [123.8488255, 10.2579717]}, "properties": {"stratum": "Condominium"}}, {"type": "Feature", "geometry": {"type": "Point", "coordinates": [123.9715452, 10.2585789]}, "properties": {"stratum": "Condominium"}}, {"type": "Feature", "geometry": {"type": "Point", "coordinates": [123.8633722, 10.2594932]}, "properties": {"stratum": "Condominium"}}, {"type": "Feature", "geometry": {"type": "Point", "coordinates": [123.8232518, 10.2596112]}, "properties": {"stratum": "Condominium"}}, {"type": "Feature", "geometry": {"type": "Point", "coordinates": [123.8264846, 10.2619295]}, "properties": {"stratum": "Condominium"}}, {"type": "Feature", "geometry": {"type": "Point", "coordinates": [123.8264846, 10.2619295]}, "properties": {"stratum": "Condominium"}}, {"type": "Feature", "geometry": {"type": "Point", "coordinates": [123.9722147, 10.2667391]}, "properties": {"stratum": "Condominium"}}, {"type": "Feature", "geometry": {"type": "Point", "coordinates": [123.8762944, 10.2668443]}, "properties": {"stratum": "Condominium"}}, {"type": "Feature", "geometry": {"type": "Point", "coordinates": [123.8762944, 10.2668443]}, "properties": {"stratum": "Condominium"}}, {"type": "Feature", "geometry": {"type": "Point", "coordinates": [123.8762944, 10.2668443]}, "properties": {"stratum": "Condominium"}}, {"type": "Feature", "geometry": {"type": "Point", "coordinates": [123.8763809, 10.2668667]}, "properties": {"stratum": "Condominium"}}, {"type": "Feature", "geometry": {"type": "Point", "coordinates": [123.8763809, 10.2668667]}, "properties": {"stratum": "Condominium"}}, {"type": "Feature", "geometry": {"type": "Point", "coordinates": [123.9722887, 10.2674631]}, "properties": {"stratum": "Condominium"}}, {"type": "Feature", "geometry": {"type": "Point", "coordinates": [123.8759537, 10.2676897]}, "properties": {"stratum": "Condominium"}}, {"type": "Feature", "geometry": {"type": "Point", "coordinates": [123.8443886, 10.268683]}, "properties": {"stratum": "Condominium"}}, {"type": "Feature", "geometry": {"type": "Point", "coordinates": [123.8725229, 10.2699271]}, "properties": {"stratum": "Condominium"}}, {"type": "Feature", "geometry": {"type": "Point", "coordinates": [123.8725229, 10.2699271]}, "properties": {"stratum": "Condominium"}}, {"type": "Feature", "geometry": {"type": "Point", "coordinates": [123.8725229, 10.2699271]}, "properties": {"stratum": "Condominium"}}, {"type": "Feature", "geometry": {"type": "Point", "coordinates": [123.9800209, 10.2716221]}, "properties": {"stratum": "Condominium"}}, {"type": "Feature", "geometry": {"type": "Point", "coordinates": [123.9783281, 10.2718663]}, "properties": {"stratum": "Condominium"}}, {"type": "Feature", "geometry": {"type": "Point", "coordinates": [123.9777887, 10.2757142]}, "properties": {"stratum": "Condominium"}}, {"type": "Feature", "geometry": {"type": "Point", "coordinates": [123.9777887, 10.2757142]}, "properties": {"stratum": "Condominium"}}, {"type": "Feature", "geometry": {"type": "Point", "coordinates": [123.8620592, 10.27612]}, "properties": {"stratum": "Condominium"}}, {"type": "Feature", "geometry": {"type": "Point", "coordinates": [123.8620592, 10.27612]}, "properties": {"stratum": "Condominium"}}, {"type": "Feature", "geometry": {"type": "Point", "coordinates": [123.87367613220216, 10.276274228287846]}, "properties": {"stratum": "Condominium"}}, {"type": "Feature", "geometry": {"type": "Point", "coordinates": [123.87367613220216, 10.276274228287846]}, "properties": {"stratum": "Condominium"}}, {"type": "Feature", "geometry": {"type": "Point", "coordinates": [123.87367613220216, 10.276274228287846]}, "properties": {"stratum": "Condominium"}}, {"type": "Feature", "geometry": {"type": "Point", "coordinates": [123.9347398, 10.2763993]}, "properties": {"stratum": "Condominium"}}, {"type": "Feature", "geometry": {"type": "Point", "coordinates": [123.8774052, 10.2779285]}, "properties": {"stratum": "Condominium"}}, {"type": "Feature", "geometry": {"type": "Point", "coordinates": [123.8774052, 10.2779285]}, "properties": {"stratum": "Condominium"}}, {"type": "Feature", "geometry": {"type": "Point", "coordinates": [123.971679, 10.279208]}, "properties": {"stratum": "Condominium"}}, {"type": "Feature", "geometry": {"type": "Point", "coordinates": [123.971679, 10.279208]}, "properties": {"stratum": "Condominium"}}, {"type": "Feature", "geometry": {"type": "Point", "coordinates": [123.971679, 10.279208]}, "properties": {"stratum": "Condominium"}}, {"type": "Feature", "geometry": {"type": "Point", "coordinates": [123.9633561, 10.2805548]}, "properties": {"stratum": "Condominium"}}, {"type": "Feature", "geometry": {"type": "Point", "coordinates": [123.9633561, 10.2805548]}, "properties": {"stratum": "Condominium"}}, {"type": "Feature", "geometry": {"type": "Point", "coordinates": [123.9631549, 10.28185]}, "properties": {"stratum": "Condominium"}}, {"type": "Feature", "geometry": {"type": "Point", "coordinates": [123.9631549, 10.28185]}, "properties": {"stratum": "Condominium"}}, {"type": "Feature", "geometry": {"type": "Point", "coordinates": [123.9631549, 10.28185]}, "properties": {"stratum": "Condominium"}}, {"type": "Feature", "geometry": {"type": "Point", "coordinates": [123.8812841, 10.2818856]}, "properties": {"stratum": "Condominium"}}, {"type": "Feature", "geometry": {"type": "Point", "coordinates": [123.9785924, 10.2827676]}, "properties": {"stratum": "Condominium"}}, {"type": "Feature", "geometry": {"type": "Point", "coordinates": [123.9780057, 10.2829833]}, "properties": {"stratum": "Condominium"}}, {"type": "Feature", "geometry": {"type": "Point", "coordinates": [123.8648496, 10.2854367]}, "properties": {"stratum": "Condominium"}}, {"type": "Feature", "geometry": {"type": "Point", "coordinates": [123.8648496, 10.2854367]}, "properties": {"stratum": "Condominium"}}, {"type": "Feature", "geometry": {"type": "Point", "coordinates": [123.969343, 10.2860172]}, "properties": {"stratum": "Condominium"}}, {"type": "Feature", "geometry": {"type": "Point", "coordinates": [123.9542867, 10.2876372]}, "properties": {"stratum": "Condominium"}}, {"type": "Feature", "geometry": {"type": "Point", "coordinates": [123.8788002, 10.288614]}, "properties": {"stratum": "Condominium"}}, {"type": "Feature", "geometry": {"type": "Point", "coordinates": [123.8788002, 10.288614]}, "properties": {"stratum": "Condominium"}}, {"type": "Feature", "geometry": {"type": "Point", "coordinates": [124.0087874, 10.2898061]}, "properties": {"stratum": "Condominium"}}, {"type": "Feature", "geometry": {"type": "Point", "coordinates": [124.00878740000007, 10.2898061]}, "properties": {"stratum": "Condominium"}}, {"type": "Feature", "geometry": {"type": "Point", "coordinates": [124.0051262, 10.2899738]}, "properties": {"stratum": "Condominium"}}, {"type": "Feature", "geometry": {"type": "Point", "coordinates": [124.0051262, 10.2899738]}, "properties": {"stratum": "Condominium"}}, {"type": "Feature", "geometry": {"type": "Point", "coordinates": [124.0051262, 10.2899738]}, "properties": {"stratum": "Condominium"}}, {"type": "Feature", "geometry": {"type": "Point", "coordinates": [124.0068711, 10.2899858]}, "properties": {"stratum": "Condominium"}}, {"type": "Feature", "geometry": {"type": "Point", "coordinates": [124.0068711, 10.2899858]}, "properties": {"stratum": "Condominium"}}, {"type": "Feature", "geometry": {"type": "Point", "coordinates": [124.0068711, 10.2899858]}, "properties": {"stratum": "Condominium"}}, {"type": "Feature", "geometry": {"type": "Point", "coordinates": [123.8771337, 10.290279]}, "properties": {"stratum": "Condominium"}}, {"type": "Feature", "geometry": {"type": "Point", "coordinates": [124.002551, 10.2907917]}, "properties": {"stratum": "Condominium"}}, {"type": "Feature", "geometry": {"type": "Point", "coordinates": [124.002551, 10.2907917]}, "properties": {"stratum": "Condominium"}}, {"type": "Feature", "geometry": {"type": "Point", "coordinates": [123.96104100000002, 10.2910239]}, "properties": {"stratum": "Condominium"}}, {"type": "Feature", "geometry": {"type": "Point", "coordinates": [123.9021934, 10.2926115]}, "properties": {"stratum": "Condominium"}}, {"type": "Feature", "geometry": {"type": "Point", "coordinates": [123.867479, 10.2936396]}, "properties": {"stratum": "Condominium"}}, {"type": "Feature", "geometry": {"type": "Point", "coordinates": [123.8893411, 10.2947462]}, "properties": {"stratum": "Condominium"}}, {"type": "Feature", "geometry": {"type": "Point", "coordinates": [123.9648946, 10.2953159]}, "properties": {"stratum": "Condominium"}}, {"type": "Feature", "geometry": {"type": "Point", "coordinates": [123.9648946, 10.2953159]}, "properties": {"stratum": "Condominium"}}, {"type": "Feature", "geometry": {"type": "Point", "coordinates": [123.8995079, 10.2957375]}, "properties": {"stratum": "Condominium"}}, {"type": "Feature", "geometry": {"type": "Point", "coordinates": [123.9757611, 10.2963079]}, "properties": {"stratum": "Condominium"}}, {"type": "Feature", "geometry": {"type": "Point", "coordinates": [123.8840873, 10.2967578]}, "properties": {"stratum": "Condominium"}}, {"type": "Feature", "geometry": {"type": "Point", "coordinates": [124.0024785, 10.2967846]}, "properties": {"stratum": "Condominium"}}, {"type": "Feature", "geometry": {"type": "Point", "coordinates": [124.002471, 10.296772]}, "properties": {"stratum": "Condominium"}}, {"type": "Feature", "geometry": {"type": "Point", "coordinates": [124.0157209, 10.2985489]}, "properties": {"stratum": "Condominium"}}, {"type": "Feature", "geometry": {"type": "Point", "coordinates": [124.0157295, 10.2985467]}, "properties": {"stratum": "Condominium"}}, {"type": "Feature", "geometry": {"type": "Point", "coordinates": [124.01567449999992, 10.2986903]}, "properties": {"stratum": "Condominium"}}, {"type": "Feature", "geometry": {"type": "Point", "coordinates": [124.0157325, 10.2987618]}, "properties": {"stratum": "Condominium"}}, {"type": "Feature", "geometry": {"type": "Point", "coordinates": [124.0157325, 10.2987618]}, "properties": {"stratum": "Condominium"}}, {"type": "Feature", "geometry": {"type": "Point", "coordinates": [124.0157325, 10.2987618]}, "properties": {"stratum": "Condominium"}}, {"type": "Feature", "geometry": {"type": "Point", "coordinates": [123.9638531, 10.2990463]}, "properties": {"stratum": "Condominium"}}, {"type": "Feature", "geometry": {"type": "Point", "coordinates": [123.8981011, 10.2995981]}, "properties": {"stratum": "Condominium"}}, {"type": "Feature", "geometry": {"type": "Point", "coordinates": [123.8815901, 10.3003418]}, "properties": {"stratum": "Condominium"}}, {"type": "Feature", "geometry": {"type": "Point", "coordinates": [123.9015735, 10.3004456]}, "properties": {"stratum": "Condominium"}}, {"type": "Feature", "geometry": {"type": "Point", "coordinates": [124.0156943, 10.3004549]}, "properties": {"stratum": "Condominium"}}, {"type": "Feature", "geometry": {"type": "Point", "coordinates": [123.87771874666215, 10.301087395569205]}, "properties": {"stratum": "Condominium"}}, {"type": "Feature", "geometry": {"type": "Point", "coordinates": [123.87832460000004, 10.3011293]}, "properties": {"stratum": "Condominium"}}, {"type": "Feature", "geometry": {"type": "Point", "coordinates": [123.8927487, 10.3014347]}, "properties": {"stratum": "Condominium"}}, {"type": "Feature", "geometry": {"type": "Point", "coordinates": [123.96012018206176, 10.301376400640509]}, "properties": {"stratum": "Condominium"}}, {"type": "Feature", "geometry": {"type": "Point", "coordinates": [123.8845411, 10.3015759]}, "properties": {"stratum": "Condominium"}}, {"type": "Feature", "geometry": {"type": "Point", "coordinates": [123.9605242, 10.3017096]}, "properties": {"stratum": "Condominium"}}, {"type": "Feature", "geometry": {"type": "Point", "coordinates": [123.872627, 10.3019426]}, "properties": {"stratum": "Condominium"}}, {"type": "Feature", "geometry": {"type": "Point", "coordinates": [123.8609068, 10.3021643]}, "properties": {"stratum": "Condominium"}}, {"type": "Feature", "geometry": {"type": "Point", "coordinates": [123.9005693, 10.3023118]}, "properties": {"stratum": "Condominium"}}, {"type": "Feature", "geometry": {"type": "Point", "coordinates": [123.9019284, 10.3026114]}, "properties": {"stratum": "Condominium"}}, {"type": "Feature", "geometry": {"type": "Point", "coordinates": [123.8864721, 10.3027794]}, "properties": {"stratum": "Condominium"}}, {"type": "Feature", "geometry": {"type": "Point", "coordinates": [123.9112593, 10.3029824]}, "properties": {"stratum": "Condominium"}}, {"type": "Feature", "geometry": {"type": "Point", "coordinates": [123.8953958, 10.3037]}, "properties": {"stratum": "Condominium"}}, {"type": "Feature", "geometry": {"type": "Point", "coordinates": [123.91135989999998, 10.303804]}, "properties": {"stratum": "Condominium"}}, {"type": "Feature", "geometry": {"type": "Point", "coordinates": [123.8944341, 10.3038913]}, "properties": {"stratum": "Condominium"}}, {"type": "Feature", "geometry": {"type": "Point", "coordinates": [123.9073923, 10.3039229]}, "properties": {"stratum": "Condominium"}}, {"type": "Feature", "geometry": {"type": "Point", "coordinates": [123.9073923, 10.3039229]}, "properties": {"stratum": "Condominium"}}, {"type": "Feature", "geometry": {"type": "Point", "coordinates": [123.9073923, 10.3039229]}, "properties": {"stratum": "Condominium"}}, {"type": "Feature", "geometry": {"type": "Point", "coordinates": [123.9111991, 10.3042607]}, "properties": {"stratum": "Condominium"}}, {"type": "Feature", "geometry": {"type": "Point", "coordinates": [123.8792144, 10.3046861]}, "properties": {"stratum": "Condominium"}}, {"type": "Feature", "geometry": {"type": "Point", "coordinates": [123.8962355, 10.3052424]}, "properties": {"stratum": "Condominium"}}, {"type": "Feature", "geometry": {"type": "Point", "coordinates": [123.8962355, 10.3052424]}, "properties": {"stratum": "Condominium"}}, {"type": "Feature", "geometry": {"type": "Point", "coordinates": [123.89726670000005, 10.3055307]}, "properties": {"stratum": "Condominium"}}, {"type": "Feature", "geometry": {"type": "Point", "coordinates": [123.89726670000005, 10.3055307]}, "properties": {"stratum": "Condominium"}}, {"type": "Feature", "geometry": {"type": "Point", "coordinates": [124.0112255, 10.3054728]}, "properties": {"stratum": "Condominium"}}, {"type": "Feature", "geometry": {"type": "Point", "coordinates": [124.0112255, 10.3054728]}, "properties": {"stratum": "Condominium"}}, {"type": "Feature", "geometry": {"type": "Point", "coordinates": [123.8972533, 10.305572]}, "properties": {"stratum": "Condominium"}}, {"type": "Feature", "geometry": {"type": "Point", "coordinates": [123.8972533, 10.305572]}, "properties": {"stratum": "Condominium"}}, {"type": "Feature", "geometry": {"type": "Point", "coordinates": [123.8972533, 10.305572]}, "properties": {"stratum": "Condominium"}}, {"type": "Feature", "geometry": {"type": "Point", "coordinates": [123.8972479104996, 10.305664006845788]}, "properties": {"stratum": "Condominium"}}, {"type": "Feature", "geometry": {"type": "Point", "coordinates": [123.8906566, 10.3059021]}, "properties": {"stratum": "Condominium"}}, {"type": "Feature", "geometry": {"type": "Point", "coordinates": [123.9130676, 10.3058675]}, "properties": {"stratum": "Condominium"}}, {"type": "Feature", "geometry": {"type": "Point", "coordinates": [123.988926, 10.3065978]}, "properties": {"stratum": "Condominium"}}, {"type": "Feature", "geometry": {"type": "Point", "coordinates": [123.8965369, 10.3069957]}, "properties": {"stratum": "Condominium"}}, {"type": "Feature", "geometry": {"type": "Point", "coordinates": [123.8965369, 10.3069957]}, "properties": {"stratum": "Condominium"}}, {"type": "Feature", "geometry": {"type": "Point", "coordinates": [123.89127142333984, 10.30709838887802]}, "properties": {"stratum": "Condominium"}}, {"type": "Feature", "geometry": {"type": "Point", "coordinates": [123.89127142333984, 10.30709838887802]}, "properties": {"stratum": "Condominium"}}, {"type": "Feature", "geometry": {"type": "Point", "coordinates": [124.0148771, 10.3072505]}, "properties": {"stratum": "Condominium"}}, {"type": "Feature", "geometry": {"type": "Point", "coordinates": [124.015555, 10.3072542]}, "properties": {"stratum": "Condominium"}}, {"type": "Feature", "geometry": {"type": "Point", "coordinates": [124.015555, 10.3072542]}, "properties": {"stratum": "Condominium"}}, {"type": "Feature", "geometry": {"type": "Point", "coordinates": [123.86798499999998, 10.307409]}, "properties": {"stratum": "Condominium"}}, {"type": "Feature", "geometry": {"type": "Point", "coordinates": [123.86798499999998, 10.307409]}, "properties": {"stratum": "Condominium"}}, {"type": "Feature", "geometry": {"type": "Point", "coordinates": [124.015483, 10.3074459]}, "properties": {"stratum": "Condominium"}}, {"type": "Feature", "geometry": {"type": "Point", "coordinates": [124.01516075362017, 10.307628309245858]}, "properties": {"stratum": "Condominium"}}, {"type": "Feature", "geometry": {"type": "Point", "coordinates": [124.0137072, 10.307672]}, "properties": {"stratum": "Condominium"}}, {"type": "Feature", "geometry": {"type": "Point", "coordinates": [124.0137072, 10.307672]}, "properties": {"stratum": "Condominium"}}, {"type": "Feature", "geometry": {"type": "Point", "coordinates": [124.0137072, 10.307672]}, "properties": {"stratum": "Condominium"}}, {"type": "Feature", "geometry": {"type": "Point", "coordinates": [124.0135564, 10.3077641]}, "properties": {"stratum": "Condominium"}}, {"type": "Feature", "geometry": {"type": "Point", "coordinates": [124.0135564, 10.3077641]}, "properties": {"stratum": "Condominium"}}, {"type": "Feature", "geometry": {"type": "Point", "coordinates": [124.0135564, 10.3077641]}, "properties": {"stratum": "Condominium"}}, {"type": "Feature", "geometry": {"type": "Point", "coordinates": [124.0132513, 10.3078818]}, "properties": {"stratum": "Condominium"}}, {"type": "Feature", "geometry": {"type": "Point", "coordinates": [123.894077, 10.3080134]}, "properties": {"stratum": "Condominium"}}, {"type": "Feature", "geometry": {"type": "Point", "coordinates": [123.894077, 10.3080134]}, "properties": {"stratum": "Condominium"}}, {"type": "Feature", "geometry": {"type": "Point", "coordinates": [123.8945793, 10.3082266]}, "properties": {"stratum": "Condominium"}}, {"type": "Feature", "geometry": {"type": "Point", "coordinates": [123.894267, 10.308334]}, "properties": {"stratum": "Condominium"}}, {"type": "Feature", "geometry": {"type": "Point", "coordinates": [123.894267, 10.308334]}, "properties": {"stratum": "Condominium"}}, {"type": "Feature", "geometry": {"type": "Point", "coordinates": [123.894267, 10.308334]}, "properties": {"stratum": "Condominium"}}, {"type": "Feature", "geometry": {"type": "Point", "coordinates": [124.0174755, 10.3082854]}, "properties": {"stratum": "Condominium"}}, {"type": "Feature", "geometry": {"type": "Point", "coordinates": [124.0174755, 10.3082854]}, "properties": {"stratum": "Condominium"}}, {"type": "Feature", "geometry": {"type": "Point", "coordinates": [124.0174667, 10.3083197]}, "properties": {"stratum": "Condominium"}}, {"type": "Feature", "geometry": {"type": "Point", "coordinates": [123.889676, 10.3084012]}, "properties": {"stratum": "Condominium"}}, {"type": "Feature", "geometry": {"type": "Point", "coordinates": [123.8900548, 10.3085528]}, "properties": {"stratum": "Condominium"}}, {"type": "Feature", "geometry": {"type": "Point", "coordinates": [124.0139063, 10.3085676]}, "properties": {"stratum": "Condominium"}}, {"type": "Feature", "geometry": {"type": "Point", "coordinates": [123.8976302, 10.3086946]}, "properties": {"stratum": "Condominium"}}, {"type": "Feature", "geometry": {"type": "Point", "coordinates": [123.8976302, 10.3086946]}, "properties": {"stratum": "Condominium"}}, {"type": "Feature", "geometry": {"type": "Point", "coordinates": [123.8976302, 10.3086946]}, "properties": {"stratum": "Condominium"}}, {"type": "Feature", "geometry": {"type": "Point", "coordinates": [123.9573763, 10.3087469]}, "properties": {"stratum": "Condominium"}}, {"type": "Feature", "geometry": {"type": "Point", "coordinates": [123.9015917, 10.3090464]}, "properties": {"stratum": "Condominium"}}, {"type": "Feature", "geometry": {"type": "Point", "coordinates": [123.9018141, 10.3094054]}, "properties": {"stratum": "Condominium"}}, {"type": "Feature", "geometry": {"type": "Point", "coordinates": [123.9018141, 10.3094054]}, "properties": {"stratum": "Condominium"}}, {"type": "Feature", "geometry": {"type": "Point", "coordinates": [123.9018141, 10.3094054]}, "properties": {"stratum": "Condominium"}}, {"type": "Feature", "geometry": {"type": "Point", "coordinates": [123.9087868, 10.3097859]}, "properties": {"stratum": "Condominium"}}, {"type": "Feature", "geometry": {"type": "Point", "coordinates": [123.91553420000002, 10.3098173]}, "properties": {"stratum": "Condominium"}}, {"type": "Feature", "geometry": {"type": "Point", "coordinates": [123.90206999999998, 10.309854]}, "properties": {"stratum": "Condominium"}}, {"type": "Feature", "geometry": {"type": "Point", "coordinates": [123.90206999999998, 10.309854]}, "properties": {"stratum": "Condominium"}}, {"type": "Feature", "geometry": {"type": "Point", "coordinates": [123.8974315, 10.3105301]}, "properties": {"stratum": "Condominium"}}, {"type": "Feature", "geometry": {"type": "Point", "coordinates": [123.8974315, 10.3105301]}, "properties": {"stratum": "Condominium"}}, {"type": "Feature", "geometry": {"type": "Point", "coordinates": [123.896144, 10.3106145]}, "properties": {"stratum": "Condominium"}}, {"type": "Feature", "geometry": {"type": "Point", "coordinates": [123.8972523, 10.3106239]}, "properties": {"stratum": "Condominium"}}, {"type": "Feature", "geometry": {"type": "Point", "coordinates": [123.8975385, 10.3106462]}, "properties": {"stratum": "Condominium"}}, {"type": "Feature", "geometry": {"type": "Point", "coordinates": [124.0212822, 10.3106193]}, "properties": {"stratum": "Condominium"}}, {"type": "Feature", "geometry": {"type": "Point", "coordinates": [123.8976315, 10.3108924]}, "properties": {"stratum": "Condominium"}}, {"type": "Feature", "geometry": {"type": "Point", "coordinates": [123.8976315, 10.3108924]}, "properties": {"stratum": "Condominium"}}, {"type": "Feature", "geometry": {"type": "Point", "coordinates": [123.8976315, 10.3108924]}, "properties": {"stratum": "Condominium"}}, {"type": "Feature", "geometry": {"type": "Point", "coordinates": [124.0229668, 10.310924]}, "properties": {"stratum": "Condominium"}}, {"type": "Feature", "geometry": {"type": "Point", "coordinates": [124.0185163, 10.3111367]}, "properties": {"stratum": "Condominium"}}, {"type": "Feature", "geometry": {"type": "Point", "coordinates": [123.9158774, 10.3112935]}, "properties": {"stratum": "Condominium"}}, {"type": "Feature", "geometry": {"type": "Point", "coordinates": [123.9158774, 10.3112935]}, "properties": {"stratum": "Condominium"}}, {"type": "Feature", "geometry": {"type": "Point", "coordinates": [123.9178164, 10.3114191]}, "properties": {"stratum": "Condominium"}}, {"type": "Feature", "geometry": {"type": "Point", "coordinates": [123.9001293, 10.3114887]}, "properties": {"stratum": "Condominium"}}, {"type": "Feature", "geometry": {"type": "Point", "coordinates": [123.9005135, 10.3115198]}, "properties": {"stratum": "Condominium"}}, {"type": "Feature", "geometry": {"type": "Point", "coordinates": [123.9005135, 10.3115198]}, "properties": {"stratum": "Condominium"}}, {"type": "Feature", "geometry": {"type": "Point", "coordinates": [123.9127491, 10.3116949]}, "properties": {"stratum": "Condominium"}}, {"type": "Feature", "geometry": {"type": "Point", "coordinates": [123.91278060000002, 10.3116603]}, "properties": {"stratum": "Condominium"}}, {"type": "Feature", "geometry": {"type": "Point", "coordinates": [123.91278060000002, 10.3116603]}, "properties": {"stratum": "Condominium"}}, {"type": "Feature", "geometry": {"type": "Point", "coordinates": [123.91278060000002, 10.3116603]}, "properties": {"stratum": "Condominium"}}, {"type": "Feature", "geometry": {"type": "Point", "coordinates": [123.916351097345, 10.311879378916712]}, "properties": {"stratum": "Condominium"}}, {"type": "Feature", "geometry": {"type": "Point", "coordinates": [123.916351097345, 10.311879378916712]}, "properties": {"stratum": "Condominium"}}, {"type": "Feature", "geometry": {"type": "Point", "coordinates": [123.916351097345, 10.311879378916712]}, "properties": {"stratum": "Condominium"}}, {"type": "Feature", "geometry": {"type": "Point", "coordinates": [123.9122238, 10.3120445]}, "properties": {"stratum": "Condominium"}}, {"type": "Feature", "geometry": {"type": "Point", "coordinates": [123.9122238, 10.3120445]}, "properties": {"stratum": "Condominium"}}, {"type": "Feature", "geometry": {"type": "Point", "coordinates": [123.91166210000006, 10.3120587]}, "properties": {"stratum": "Condominium"}}, {"type": "Feature", "geometry": {"type": "Point", "coordinates": [123.91166210000006, 10.3120587]}, "properties": {"stratum": "Condominium"}}, {"type": "Feature", "geometry": {"type": "Point", "coordinates": [123.91166210000006, 10.3120587]}, "properties": {"stratum": "Condominium"}}, {"type": "Feature", "geometry": {"type": "Point", "coordinates": [123.911094, 10.3123922]}, "properties": {"stratum": "Condominium"}}, {"type": "Feature", "geometry": {"type": "Point", "coordinates": [123.894721, 10.3125678]}, "properties": {"stratum": "Condominium"}}, {"type": "Feature", "geometry": {"type": "Point", "coordinates": [123.8935521265389, 10.31284810141903]}, "properties": {"stratum": "Condominium"}}, {"type": "Feature", "geometry": {"type": "Point", "coordinates": [123.9252604, 10.3127605]}, "properties": {"stratum": "Condominium"}}, {"type": "Feature", "geometry": {"type": "Point", "coordinates": [123.959672, 10.3127967]}, "properties": {"stratum": "Condominium"}}, {"type": "Feature", "geometry": {"type": "Point", "coordinates": [123.959672, 10.3127967]}, "properties": {"stratum": "Condominium"}}, {"type": "Feature", "geometry": {"type": "Point", "coordinates": [123.894737, 10.3129206]}, "properties": {"stratum": "Condominium"}}, {"type": "Feature", "geometry": {"type": "Point", "coordinates": [123.976449, 10.3131063]}, "properties": {"stratum": "Condominium"}}, {"type": "Feature", "geometry": {"type": "Point", "coordinates": [123.8941635, 10.3132198]}, "properties": {"stratum": "Condominium"}}, {"type": "Feature", "geometry": {"type": "Point", "coordinates": [123.8935237, 10.3135579]}, "properties": {"stratum": "Condominium"}}, {"type": "Feature", "geometry": {"type": "Point", "coordinates": [123.8935237, 10.3135579]}, "properties": {"stratum": "Condominium"}}, {"type": "Feature", "geometry": {"type": "Point", "coordinates": [123.89448519999996, 10.3137186]}, "properties": {"stratum": "Condominium"}}, {"type": "Feature", "geometry": {"type": "Point", "coordinates": [123.89448519999996, 10.3137186]}, "properties": {"stratum": "Condominium"}}, {"type": "Feature", "geometry": {"type": "Point", "coordinates": [123.89448519999996, 10.3137186]}, "properties": {"stratum": "Condominium"}}, {"type": "Feature", "geometry": {"type": "Point", "coordinates": [123.8712828, 10.313807]}, "properties": {"stratum": "Condominium"}}, {"type": "Feature", "geometry": {"type": "Point", "coordinates": [123.8712828, 10.313807]}, "properties": {"stratum": "Condominium"}}, {"type": "Feature", "geometry": {"type": "Point", "coordinates": [123.89427419999993, 10.3138773]}, "properties": {"stratum": "Condominium"}}, {"type": "Feature", "geometry": {"type": "Point", "coordinates": [123.89427419999993, 10.3138773]}, "properties": {"stratum": "Condominium"}}, {"type": "Feature", "geometry": {"type": "Point", "coordinates": [123.89427419999993, 10.3138773]}, "properties": {"stratum": "Condominium"}}, {"type": "Feature", "geometry": {"type": "Point", "coordinates": [123.88263499999994, 10.31399]}, "properties": {"stratum": "Condominium"}}, {"type": "Feature", "geometry": {"type": "Point", "coordinates": [123.88263499999994, 10.31399]}, "properties": {"stratum": "Condominium"}}, {"type": "Feature", "geometry": {"type": "Point", "coordinates": [123.88263499999994, 10.31399]}, "properties": {"stratum": "Condominium"}}, {"type": "Feature", "geometry": {"type": "Point", "coordinates": [123.8906566, 10.3143431]}, "properties": {"stratum": "Condominium"}}, {"type": "Feature", "geometry": {"type": "Point", "coordinates": [123.8906566, 10.3143431]}, "properties": {"stratum": "Condominium"}}, {"type": "Feature", "geometry": {"type": "Point", "coordinates": [123.9066951, 10.3142534]}, "properties": {"stratum": "Condominium"}}, {"type": "Feature", "geometry": {"type": "Point", "coordinates": [123.9066951, 10.3142534]}, "properties": {"stratum": "Condominium"}}, {"type": "Feature", "geometry": {"type": "Point", "coordinates": [123.9066951, 10.3142534]}, "properties": {"stratum": "Condominium"}}, {"type": "Feature", "geometry": {"type": "Point", "coordinates": [123.90843399999994, 10.3143159]}, "properties": {"stratum": "Condominium"}}, {"type": "Feature", "geometry": {"type": "Point", "coordinates": [123.90843399999994, 10.3143159]}, "properties": {"stratum": "Condominium"}}, {"type": "Feature", "geometry": {"type": "Point", "coordinates": [123.90843399999994, 10.3143159]}, "properties": {"stratum": "Condominium"}}, {"type": "Feature", "geometry": {"type": "Point", "coordinates": [123.9084439, 10.3143948]}, "properties": {"stratum": "Condominium"}}, {"type": "Feature", "geometry": {"type": "Point", "coordinates": [123.8738159, 10.3145789]}, "properties": {"stratum": "Condominium"}}, {"type": "Feature", "geometry": {"type": "Point", "coordinates": [123.9088843, 10.3148253]}, "properties": {"stratum": "Condominium"}}, {"type": "Feature", "geometry": {"type": "Point", "coordinates": [123.90888429999995, 10.3148253]}, "properties": {"stratum": "Condominium"}}, {"type": "Feature", "geometry": {"type": "Point", "coordinates": [123.90888429999995, 10.3148253]}, "properties": {"stratum": "Condominium"}}, {"type": "Feature", "geometry": {"type": "Point", "coordinates": [123.874239, 10.315024]}, "properties": {"stratum": "Condominium"}}, {"type": "Feature", "geometry": {"type": "Point", "coordinates": [123.874239, 10.315024]}, "properties": {"stratum": "Condominium"}}, {"type": "Feature", "geometry": {"type": "Point", "coordinates": [123.874239, 10.315024]}, "properties": {"stratum": "Condominium"}}, {"type": "Feature", "geometry": {"type": "Point", "coordinates": [123.9077644, 10.3150566]}, "properties": {"stratum": "Condominium"}}, {"type": "Feature", "geometry": {"type": "Point", "coordinates": [123.8733632, 10.3152062]}, "properties": {"stratum": "Condominium"}}, {"type": "Feature", "geometry": {"type": "Point", "coordinates": [123.8833416, 10.3151542]}, "properties": {"stratum": "Condominium"}}, {"type": "Feature", "geometry": {"type": "Point", "coordinates": [123.883353, 10.3152705]}, "properties": {"stratum": "Condominium"}}, {"type": "Feature", "geometry": {"type": "Point", "coordinates": [123.88478639999994, 10.3153098]}, "properties": {"stratum": "Condominium"}}, {"type": "Feature", "geometry": {"type": "Point", "coordinates": [123.88478639999994, 10.3153098]}, "properties": {"stratum": "Condominium"}}, {"type": "Feature", "geometry": {"type": "Point", "coordinates": [123.88478639999994, 10.3153098]}, "properties": {"stratum": "Condominium"}}, {"type": "Feature", "geometry": {"type": "Point", "coordinates": [123.904991, 10.3153285]}, "properties": {"stratum": "Condominium"}}, {"type": "Feature", "geometry": {"type": "Point", "coordinates": [123.904991, 10.3153285]}, "properties": {"stratum": "Condominium"}}, {"type": "Feature", "geometry": {"type": "Point", "coordinates": [123.904991, 10.3153285]}, "properties": {"stratum": "Condominium"}}, {"type": "Feature", "geometry": {"type": "Point", "coordinates": [123.9085618, 10.3152604]}, "properties": {"stratum": "Condominium"}}, {"type": "Feature", "geometry": {"type": "Point", "coordinates": [123.9085618, 10.3152604]}, "properties": {"stratum": "Condominium"}}, {"type": "Feature", "geometry": {"type": "Point", "coordinates": [123.9085618, 10.3152604]}, "properties": {"stratum": "Condominium"}}, {"type": "Feature", "geometry": {"type": "Point", "coordinates": [123.8840126, 10.3154405]}, "properties": {"stratum": "Condominium"}}, {"type": "Feature", "geometry": {"type": "Point", "coordinates": [123.8840126, 10.3154405]}, "properties": {"stratum": "Condominium"}}, {"type": "Feature", "geometry": {"type": "Point", "coordinates": [123.8840126, 10.3154405]}, "properties": {"stratum": "Condominium"}}, {"type": "Feature", "geometry": {"type": "Point", "coordinates": [123.9037617, 10.3154982]}, "properties": {"stratum": "Condominium"}}, {"type": "Feature", "geometry": {"type": "Point", "coordinates": [123.9052882, 10.3155018]}, "properties": {"stratum": "Condominium"}}, {"type": "Feature", "geometry": {"type": "Point", "coordinates": [123.8843145, 10.3156399]}, "properties": {"stratum": "Condominium"}}, {"type": "Feature", "geometry": {"type": "Point", "coordinates": [123.8854377, 10.3156173]}, "properties": {"stratum": "Condominium"}}, {"type": "Feature", "geometry": {"type": "Point", "coordinates": [123.8854377, 10.3156173]}, "properties": {"stratum": "Condominium"}}, {"type": "Feature", "geometry": {"type": "Point", "coordinates": [123.8854377, 10.3156173]}, "properties": {"stratum": "Condominium"}}, {"type": "Feature", "geometry": {"type": "Point", "coordinates": [123.8854366, 10.3156992]}, "properties": {"stratum": "Condominium"}}, {"type": "Feature", "geometry": {"type": "Point", "coordinates": [123.8854366, 10.3156992]}, "properties": {"stratum": "Condominium"}}, {"type": "Feature", "geometry": {"type": "Point", "coordinates": [123.90515099999992, 10.315699]}, "properties": {"stratum": "Condominium"}}, {"type": "Feature", "geometry": {"type": "Point", "coordinates": [123.90515099999992, 10.315699]}, "properties": {"stratum": "Condominium"}}, {"type": "Feature", "geometry": {"type": "Point", "coordinates": [123.90515099999992, 10.315699]}, "properties": {"stratum": "Condominium"}}, {"type": "Feature", "geometry": {"type": "Point", "coordinates": [123.9088967, 10.3156958]}, "properties": {"stratum": "Condominium"}}, {"type": "Feature", "geometry": {"type": "Point", "coordinates": [123.908874, 10.3157286]}, "properties": {"stratum": "Condominium"}}, {"type": "Feature", "geometry": {"type": "Point", "coordinates": [123.9150619, 10.3156739]}, "properties": {"stratum": "Condominium"}}, {"type": "Feature", "geometry": {"type": "Point", "coordinates": [123.9150619, 10.3156739]}, "properties": {"stratum": "Condominium"}}, {"type": "Feature", "geometry": {"type": "Point", "coordinates": [123.9150619, 10.3156739]}, "properties": {"stratum": "Condominium"}}, {"type": "Feature", "geometry": {"type": "Point", "coordinates": [123.8852299, 10.3158708]}, "properties": {"stratum": "Condominium"}}, {"type": "Feature", "geometry": {"type": "Point", "coordinates": [123.9054356, 10.3158598]}, "properties": {"stratum": "Condominium"}}, {"type": "Feature", "geometry": {"type": "Point", "coordinates": [123.9136387, 10.3159922]}, "properties": {"stratum": "Condominium"}}, {"type": "Feature", "geometry": {"type": "Point", "coordinates": [123.91363869999998, 10.3159922]}, "properties": {"stratum": "Condominium"}}, {"type": "Feature", "geometry": {"type": "Point", "coordinates": [123.90447300000004, 10.316122]}, "properties": {"stratum": "Condominium"}}, {"type": "Feature", "geometry": {"type": "Point", "coordinates": [123.90447300000004, 10.316122]}, "properties": {"stratum": "Condominium"}}, {"type": "Feature", "geometry": {"type": "Point", "coordinates": [123.904473, 10.316122]}, "properties": {"stratum": "Condominium"}}, {"type": "Feature", "geometry": {"type": "Point", "coordinates": [123.9073334, 10.3161386]}, "properties": {"stratum": "Condominium"}}, {"type": "Feature", "geometry": {"type": "Point", "coordinates": [123.9073334, 10.3161386]}, "properties": {"stratum": "Condominium"}}, {"type": "Feature", "geometry": {"type": "Point", "coordinates": [123.9073334, 10.3161386]}, "properties": {"stratum": "Condominium"}}, {"type": "Feature", "geometry": {"type": "Point", "coordinates": [123.90769999999998, 10.316193]}, "properties": {"stratum": "Condominium"}}, {"type": "Feature", "geometry": {"type": "Point", "coordinates": [123.90769999999998, 10.316193]}, "properties": {"stratum": "Condominium"}}, {"type": "Feature", "geometry": {"type": "Point", "coordinates": [123.90769999999998, 10.316193]}, "properties": {"stratum": "Condominium"}}, {"type": "Feature", "geometry": {"type": "Point", "coordinates": [123.9043302834034, 10.316293469340785]}, "properties": {"stratum": "Condominium"}}, {"type": "Feature", "geometry": {"type": "Point", "coordinates": [123.9047569, 10.316255]}, "properties": {"stratum": "Condominium"}}, {"type": "Feature", "geometry": {"type": "Point", "coordinates": [123.90439197421074, 10.316536243339504]}, "properties": {"stratum": "Condominium"}}, {"type": "Feature", "geometry": {"type": "Point", "coordinates": [123.90544019999992, 10.3167182]}, "properties": {"stratum": "Condominium"}}, {"type": "Feature", "geometry": {"type": "Point", "coordinates": [123.90544019999992, 10.3167182]}, "properties": {"stratum": "Condominium"}}, {"type": "Feature", "geometry": {"type": "Point", "coordinates": [123.90544019999992, 10.3167182]}, "properties": {"stratum": "Condominium"}}, {"type": "Feature", "geometry": {"type": "Point", "coordinates": [123.905615, 10.31666]}, "properties": {"stratum": "Condominium"}}, {"type": "Feature", "geometry": {"type": "Point", "coordinates": [123.9041725, 10.3168235]}, "properties": {"stratum": "Condominium"}}, {"type": "Feature", "geometry": {"type": "Point", "coordinates": [123.9041725, 10.3168235]}, "properties": {"stratum": "Condominium"}}, {"type": "Feature", "geometry": {"type": "Point", "coordinates": [123.9044778, 10.317035]}, "properties": {"stratum": "Condominium"}}, {"type": "Feature", "geometry": {"type": "Point", "coordinates": [123.9044778, 10.317035]}, "properties": {"stratum": "Condominium"}}, {"type": "Feature", "geometry": {"type": "Point", "coordinates": [123.9044778, 10.317035]}, "properties": {"stratum": "Condominium"}}, {"type": "Feature", "geometry": {"type": "Point", "coordinates": [123.8829464, 10.3171102]}, "properties": {"stratum": "Condominium"}}, {"type": "Feature", "geometry": {"type": "Point", "coordinates": [123.9046863, 10.3172108]}, "properties": {"stratum": "Condominium"}}, {"type": "Feature", "geometry": {"type": "Point", "coordinates": [123.9052885, 10.317219]}, "properties": {"stratum": "Condominium"}}, {"type": "Feature", "geometry": {"type": "Point", "coordinates": [123.9052885, 10.317219]}, "properties": {"stratum": "Condominium"}}, {"type": "Feature", "geometry": {"type": "Point", "coordinates": [123.9052885, 10.317219]}, "properties": {"stratum": "Condominium"}}, {"type": "Feature", "geometry": {"type": "Point", "coordinates": [123.9027872, 10.3173505]}, "properties": {"stratum": "Condominium"}}, {"type": "Feature", "geometry": {"type": "Point", "coordinates": [123.9027872, 10.3173505]}, "properties": {"stratum": "Condominium"}}, {"type": "Feature", "geometry": {"type": "Point", "coordinates": [123.9059978, 10.3173504]}, "properties": {"stratum": "Condominium"}}, {"type": "Feature", "geometry": {"type": "Point", "coordinates": [123.9063384, 10.3174159]}, "properties": {"stratum": "Condominium"}}, {"type": "Feature", "geometry": {"type": "Point", "coordinates": [123.9049623, 10.317492]}, "properties": {"stratum": "Condominium"}}, {"type": "Feature", "geometry": {"type": "Point", "coordinates": [123.9073363, 10.31752]}, "properties": {"stratum": "Condominium"}}, {"type": "Feature", "geometry": {"type": "Point", "coordinates": [123.907341, 10.3175201]}, "properties": {"stratum": "Condominium"}}, {"type": "Feature", "geometry": {"type": "Point", "coordinates": [123.9073363, 10.31752]}, "properties": {"stratum": "Condominium"}}, {"type": "Feature", "geometry": {"type": "Point", "coordinates": [123.8692834, 10.3175937]}, "properties": {"stratum": "Condominium"}}, {"type": "Feature", "geometry": {"type": "Point", "coordinates": [123.8983275, 10.3176557]}, "properties": {"stratum": "Condominium"}}, {"type": "Feature", "geometry": {"type": "Point", "coordinates": [123.8983275, 10.3176557]}, "properties": {"stratum": "Condominium"}}, {"type": "Feature", "geometry": {"type": "Point", "coordinates": [123.8983275, 10.3176557]}, "properties": {"stratum": "Condominium"}}, {"type": "Feature", "geometry": {"type": "Point", "coordinates": [123.9320764, 10.3177244]}, "properties": {"stratum": "Condominium"}}, {"type": "Feature", "geometry": {"type": "Point", "coordinates": [123.9049519, 10.3177757]}, "properties": {"stratum": "Condominium"}}, {"type": "Feature", "geometry": {"type": "Point", "coordinates": [123.903733, 10.3182439]}, "properties": {"stratum": "Condominium"}}, {"type": "Feature", "geometry": {"type": "Point", "coordinates": [123.8934254, 10.3187123]}, "properties": {"stratum": "Condominium"}}, {"type": "Feature", "geometry": {"type": "Point", "coordinates": [123.9069565, 10.3186687]}, "properties": {"stratum": "Condominium"}}, {"type": "Feature", "geometry": {"type": "Point", "coordinates": [123.9031412, 10.3191917]}, "properties": {"stratum": "Condominium"}}, {"type": "Feature", "geometry": {"type": "Point", "coordinates": [123.9024658, 10.319313]}, "properties": {"stratum": "Condominium"}}, {"type": "Feature", "geometry": {"type": "Point", "coordinates": [123.91297899999996, 10.319357]}, "properties": {"stratum": "Condominium"}}, {"type": "Feature", "geometry": {"type": "Point", "coordinates": [123.91297899999996, 10.319357]}, "properties": {"stratum": "Condominium"}}, {"type": "Feature", "geometry": {"type": "Point", "coordinates": [123.9018707, 10.3194766]}, "properties": {"stratum": "Condominium"}}, {"type": "Feature", "geometry": {"type": "Point", "coordinates": [123.9018707, 10.3194766]}, "properties": {"stratum": "Condominium"}}, {"type": "Feature", "geometry": {"type": "Point", "coordinates": [123.9018707, 10.3194766]}, "properties": {"stratum": "Condominium"}}, {"type": "Feature", "geometry": {"type": "Point", "coordinates": [123.9722147, 10.3197437]}, "properties": {"stratum": "Condominium"}}, {"type": "Feature", "geometry": {"type": "Point", "coordinates": [123.9722147, 10.3197437]}, "properties": {"stratum": "Condominium"}}, {"type": "Feature", "geometry": {"type": "Point", "coordinates": [123.9722147, 10.3197437]}, "properties": {"stratum": "Condominium"}}, {"type": "Feature", "geometry": {"type": "Point", "coordinates": [123.9738525, 10.3198121]}, "properties": {"stratum": "Condominium"}}, {"type": "Feature", "geometry": {"type": "Point", "coordinates": [123.899341, 10.319994]}, "properties": {"stratum": "Condominium"}}, {"type": "Feature", "geometry": {"type": "Point", "coordinates": [123.91060400000003, 10.3200321]}, "properties": {"stratum": "Condominium"}}, {"type": "Feature", "geometry": {"type": "Point", "coordinates": [123.91060400000003, 10.3200321]}, "properties": {"stratum": "Condominium"}}, {"type": "Feature", "geometry": {"type": "Point", "coordinates": [123.91060400000003, 10.3200321]}, "properties": {"stratum": "Condominium"}}, {"type": "Feature", "geometry": {"type": "Point", "coordinates": [123.88633270000004, 10.3202656]}, "properties": {"stratum": "Condominium"}}, {"type": "Feature", "geometry": {"type": "Point", "coordinates": [123.88633270000004, 10.3202656]}, "properties": {"stratum": "Condominium"}}, {"type": "Feature", "geometry": {"type": "Point", "coordinates": [123.88633270000004, 10.3202656]}, "properties": {"stratum": "Condominium"}}, {"type": "Feature", "geometry": {"type": "Point", "coordinates": [123.9015679, 10.320252]}, "properties": {"stratum": "Condominium"}}, {"type": "Feature", "geometry": {"type": "Point", "coordinates": [123.9015679, 10.320252]}, "properties": {"stratum": "Condominium"}}, {"type": "Feature", "geometry": {"type": "Point", "coordinates": [123.9016274, 10.3202582]}, "properties": {"stratum": "Condominium"}}, {"type": "Feature", "geometry": {"type": "Point", "coordinates": [123.93663879999995, 10.3204081]}, "properties": {"stratum": "Condominium"}}, {"type": "Feature", "geometry": {"type": "Point", "coordinates": [123.93663879999995, 10.3204081]}, "properties": {"stratum": "Condominium"}}, {"type": "Feature", "geometry": {"type": "Point", "coordinates": [123.88631, 10.3205315]}, "properties": {"stratum": "Condominium"}}, {"type": "Feature", "geometry": {"type": "Point", "coordinates": [123.8862927, 10.3205854]}, "properties": {"stratum": "Condominium"}}, {"type": "Feature", "geometry": {"type": "Point", "coordinates": [123.8866016, 10.3206142]}, "properties": {"stratum": "Condominium"}}, {"type": "Feature", "geometry": {"type": "Point", "coordinates": [123.8991322, 10.3205967]}, "properties": {"stratum": "Condominium"}}, {"type": "Feature", "geometry": {"type": "Point", "coordinates": [123.9383224, 10.3208497]}, "properties": {"stratum": "Condominium"}}, {"type": "Feature", "geometry": {"type": "Point", "coordinates": [123.9383224, 10.3208497]}, "properties": {"stratum": "Condominium"}}, {"type": "Feature", "geometry": {"type": "Point", "coordinates": [123.9383224, 10.3208497]}, "properties": {"stratum": "Condominium"}}, {"type": "Feature", "geometry": {"type": "Point", "coordinates": [123.9041927, 10.3208657]}, "properties": {"stratum": "Condominium"}}, {"type": "Feature", "geometry": {"type": "Point", "coordinates": [123.9041927, 10.3208657]}, "properties": {"stratum": "Condominium"}}, {"type": "Feature", "geometry": {"type": "Point", "coordinates": [123.9041927, 10.3208657]}, "properties": {"stratum": "Condominium"}}, {"type": "Feature", "geometry": {"type": "Point", "coordinates": [124.0321172, 10.3210549]}, "properties": {"stratum": "Condominium"}}, {"type": "Feature", "geometry": {"type": "Point", "coordinates": [124.0321172, 10.3210549]}, "properties": {"stratum": "Condominium"}}, {"type": "Feature", "geometry": {"type": "Point", "coordinates": [123.89916570000004, 10.3211522]}, "properties": {"stratum": "Condominium"}}, {"type": "Feature", "geometry": {"type": "Point", "coordinates": [123.89916570000004, 10.3211522]}, "properties": {"stratum": "Condominium"}}, {"type": "Feature", "geometry": {"type": "Point", "coordinates": [123.89916570000004, 10.3211522]}, "properties": {"stratum": "Condominium"}}, {"type": "Feature", "geometry": {"type": "Point", "coordinates": [123.89896450000003, 10.3213699]}, "properties": {"stratum": "Condominium"}}, {"type": "Feature", "geometry": {"type": "Point", "coordinates": [123.8803252, 10.3216928]}, "properties": {"stratum": "Condominium"}}, {"type": "Feature", "geometry": {"type": "Point", "coordinates": [123.88043849999995, 10.3217222]}, "properties": {"stratum": "Condominium"}}, {"type": "Feature", "geometry": {"type": "Point", "coordinates": [123.88043849999995, 10.3217222]}, "properties": {"stratum": "Condominium"}}, {"type": "Feature", "geometry": {"type": "Point", "coordinates": [123.88043849999995, 10.3217222]}, "properties": {"stratum": "Condominium"}}, {"type": "Feature", "geometry": {"type": "Point", "coordinates": [123.93474500000002, 10.321928]}, "properties": {"stratum": "Condominium"}}, {"type": "Feature", "geometry": {"type": "Point", "coordinates": [123.9003325, 10.3219729]}, "properties": {"stratum": "Condominium"}}, {"type": "Feature", "geometry": {"type": "Point", "coordinates": [123.9003323, 10.3220158]}, "properties": {"stratum": "Condominium"}}, {"type": "Feature", "geometry": {"type": "Point", "coordinates": [123.9073923, 10.3220084]}, "properties": {"stratum": "Condominium"}}, {"type": "Feature", "geometry": {"type": "Point", "coordinates": [123.9073923, 10.3220084]}, "properties": {"stratum": "Condominium"}}, {"type": "Feature", "geometry": {"type": "Point", "coordinates": [123.9073923, 10.3220084]}, "properties": {"stratum": "Condominium"}}, {"type": "Feature", "geometry": {"type": "Point", "coordinates": [124.0350769, 10.3219989]}, "properties": {"stratum": "Condominium"}}, {"type": "Feature", "geometry": {"type": "Point", "coordinates": [124.0350769, 10.3219989]}, "properties": {"stratum": "Condominium"}}, {"type": "Feature", "geometry": {"type": "Point", "coordinates": [124.0350769, 10.3219989]}, "properties": {"stratum": "Condominium"}}, {"type": "Feature", "geometry": {"type": "Point", "coordinates": [123.9140347, 10.3221308]}, "properties": {"stratum": "Condominium"}}, {"type": "Feature", "geometry": {"type": "Point", "coordinates": [123.9141321, 10.3222044]}, "properties": {"stratum": "Condominium"}}, {"type": "Feature", "geometry": {"type": "Point", "coordinates": [123.9694938, 10.3224282]}, "properties": {"stratum": "Condominium"}}, {"type": "Feature", "geometry": {"type": "Point", "coordinates": [123.9384667, 10.3226207]}, "properties": {"stratum": "Condominium"}}, {"type": "Feature", "geometry": {"type": "Point", "coordinates": [123.9384667, 10.3226207]}, "properties": {"stratum": "Condominium"}}, {"type": "Feature", "geometry": {"type": "Point", "coordinates": [123.9384667, 10.3226207]}, "properties": {"stratum": "Condominium"}}, {"type": "Feature", "geometry": {"type": "Point", "coordinates": [123.8834987, 10.3227815]}, "properties": {"stratum": "Condominium"}}, {"type": "Feature", "geometry": {"type": "Point", "coordinates": [123.8835812, 10.3228663]}, "properties": {"stratum": "Condominium"}}, {"type": "Feature", "geometry": {"type": "Point", "coordinates": [123.9758723, 10.3228536]}, "properties": {"stratum": "Condominium"}}, {"type": "Feature", "geometry": {"type": "Point", "coordinates": [123.9758723, 10.3228536]}, "properties": {"stratum": "Condominium"}}, {"type": "Feature", "geometry": {"type": "Point", "coordinates": [123.9758723, 10.3228536]}, "properties": {"stratum": "Condominium"}}, {"type": "Feature", "geometry": {"type": "Point", "coordinates": [124.0349024, 10.3231321]}, "properties": {"stratum": "Condominium"}}, {"type": "Feature", "geometry": {"type": "Point", "coordinates": [124.0349024, 10.3231321]}, "properties": {"stratum": "Condominium"}}, {"type": "Feature", "geometry": {"type": "Point", "coordinates": [123.91137490000006, 10.3232144]}, "properties": {"stratum": "Condominium"}}, {"type": "Feature", "geometry": {"type": "Point", "coordinates": [123.91137490000006, 10.3232144]}, "properties": {"stratum": "Condominium"}}, {"type": "Feature", "geometry": {"type": "Point", "coordinates": [123.8801952, 10.3234205]}, "properties": {"stratum": "Condominium"}}, {"type": "Feature", "geometry": {"type": "Point", "coordinates": [123.8801952, 10.3234205]}, "properties": {"stratum": "Condominium"}}, {"type": "Feature", "geometry": {"type": "Point", "coordinates": [123.8801952, 10.3234205]}, "properties": {"stratum": "Condominium"}}, {"type": "Feature", "geometry": {"type": "Point", "coordinates": [124.0373611, 10.3234104]}, "properties": {"stratum": "Condominium"}}, {"type": "Feature", "geometry": {"type": "Point", "coordinates": [124.0373611, 10.3234104]}, "properties": {"stratum": "Condominium"}}, {"type": "Feature", "geometry": {"type": "Point", "coordinates": [124.0373611, 10.3234104]}, "properties": {"stratum": "Condominium"}}, {"type": "Feature", "geometry": {"type": "Point", "coordinates": [123.9485215, 10.3237619]}, "properties": {"stratum": "Condominium"}}, {"type": "Feature", "geometry": {"type": "Point", "coordinates": [123.9059476, 10.3239653]}, "properties": {"stratum": "Condominium"}}, {"type": "Feature", "geometry": {"type": "Point", "coordinates": [123.9059476, 10.3239653]}, "properties": {"stratum": "Condominium"}}, {"type": "Feature", "geometry": {"type": "Point", "coordinates": [123.9098848, 10.3241324]}, "properties": {"stratum": "Condominium"}}, {"type": "Feature", "geometry": {"type": "Point", "coordinates": [123.9098848, 10.3241324]}, "properties": {"stratum": "Condominium"}}, {"type": "Feature", "geometry": {"type": "Point", "coordinates": [123.9098848, 10.3241324]}, "properties": {"stratum": "Condominium"}}, {"type": "Feature", "geometry": {"type": "Point", "coordinates": [123.9150873, 10.3241604]}, "properties": {"stratum": "Condominium"}}, {"type": "Feature", "geometry": {"type": "Point", "coordinates": [123.92253074795008, 10.324237623468605]}, "properties": {"stratum": "Condominium"}}, {"type": "Feature", "geometry": {"type": "Point", "coordinates": [123.9331874, 10.324376]}, "properties": {"stratum": "Condominium"}}, {"type": "Feature", "geometry": {"type": "Point", "coordinates": [123.9331874, 10.324376]}, "properties": {"stratum": "Condominium"}}, {"type": "Feature", "geometry": {"type": "Point", "coordinates": [123.9331874, 10.324376]}, "properties": {"stratum": "Condominium"}}, {"type": "Feature", "geometry": {"type": "Point", "coordinates": [123.9019298, 10.3246196]}, "properties": {"stratum": "Condominium"}}, {"type": "Feature", "geometry": {"type": "Point", "coordinates": [123.9087066, 10.3246603]}, "properties": {"stratum": "Condominium"}}, {"type": "Feature", "geometry": {"type": "Point", "coordinates": [123.9087066, 10.3246603]}, "properties": {"stratum": "Condominium"}}, {"type": "Feature", "geometry": {"type": "Point", "coordinates": [123.9098453, 10.3249188]}, "properties": {"stratum": "Condominium"}}, {"type": "Feature", "geometry": {"type": "Point", "coordinates": [123.90661420000004, 10.3251157]}, "properties": {"stratum": "Condominium"}}, {"type": "Feature", "geometry": {"type": "Point", "coordinates": [123.90661420000004, 10.3251157]}, "properties": {"stratum": "Condominium"}}, {"type": "Feature", "geometry": {"type": "Point", "coordinates": [123.90661420000004, 10.3251157]}, "properties": {"stratum": "Condominium"}}, {"type": "Feature", "geometry": {"type": "Point", "coordinates": [123.9082222, 10.3250801]}, "properties": {"stratum": "Condominium"}}, {"type": "Feature", "geometry": {"type": "Point", "coordinates": [123.9082222, 10.3250801]}, "properties": {"stratum": "Condominium"}}, {"type": "Feature", "geometry": {"type": "Point", "coordinates": [123.9082222, 10.3250801]}, "properties": {"stratum": "Condominium"}}, {"type": "Feature", "geometry": {"type": "Point", "coordinates": [123.91088119999996, 10.3252971]}, "properties": {"stratum": "Condominium"}}, {"type": "Feature", "geometry": {"type": "Point", "coordinates": [123.91088119999996, 10.3252971]}, "properties": {"stratum": "Condominium"}}, {"type": "Feature", "geometry": {"type": "Point", "coordinates": [123.91088119999996, 10.3252971]}, "properties": {"stratum": "Condominium"}}, {"type": "Feature", "geometry": {"type": "Point", "coordinates": [123.9107848, 10.3253852]}, "properties": {"stratum": "Condominium"}}, {"type": "Feature", "geometry": {"type": "Point", "coordinates": [123.9220336, 10.3256989]}, "properties": {"stratum": "Condominium"}}, {"type": "Feature", "geometry": {"type": "Point", "coordinates": [123.9220336, 10.3256989]}, "properties": {"stratum": "Condominium"}}, {"type": "Feature", "geometry": {"type": "Point", "coordinates": [123.9220336, 10.3256989]}, "properties": {"stratum": "Condominium"}}, {"type": "Feature", "geometry": {"type": "Point", "coordinates": [123.8980618, 10.325893]}, "properties": {"stratum": "Condominium"}}, {"type": "Feature", "geometry": {"type": "Point", "coordinates": [123.9109471, 10.3258903]}, "properties": {"stratum": "Condominium"}}, {"type": "Feature", "geometry": {"type": "Point", "coordinates": [123.9333438, 10.3262298]}, "properties": {"stratum": "Condominium"}}, {"type": "Feature", "geometry": {"type": "Point", "coordinates": [123.9333438, 10.3262298]}, "properties": {"stratum": "Condominium"}}, {"type": "Feature", "geometry": {"type": "Point", "coordinates": [124.0354299545288, 10.326183059632363]}, "properties": {"stratum": "Condominium"}}, {"type": "Feature", "geometry": {"type": "Point", "coordinates": [123.919933, 10.326324]}, "properties": {"stratum": "Condominium"}}, {"type": "Feature", "geometry": {"type": "Point", "coordinates": [123.9422488, 10.3263146]}, "properties": {"stratum": "Condominium"}}, {"type": "Feature", "geometry": {"type": "Point", "coordinates": [123.9422488, 10.3263146]}, "properties": {"stratum": "Condominium"}}, {"type": "Feature", "geometry": {"type": "Point", "coordinates": [123.9422488, 10.3263146]}, "properties": {"stratum": "Condominium"}}, {"type": "Feature", "geometry": {"type": "Point", "coordinates": [123.9017721, 10.327069]}, "properties": {"stratum": "Condominium"}}, {"type": "Feature", "geometry": {"type": "Point", "coordinates": [123.91499072313307, 10.3272741874314]}, "properties": {"stratum": "Condominium"}}, {"type": "Feature", "geometry": {"type": "Point", "coordinates": [123.9050662, 10.3274883]}, "properties": {"stratum": "Condominium"}}, {"type": "Feature", "geometry": {"type": "Point", "coordinates": [123.90691581481931, 10.32750655949138]}, "properties": {"stratum": "Condominium"}}, {"type": "Feature", "geometry": {"type": "Point", "coordinates": [123.9088143, 10.3274521]}, "properties": {"stratum": "Condominium"}}, {"type": "Feature", "geometry": {"type": "Point", "coordinates": [123.9085601, 10.327617]}, "properties": {"stratum": "Condominium"}}, {"type": "Feature", "geometry": {"type": "Point", "coordinates": [123.915987, 10.3278187]}, "properties": {"stratum": "Condominium"}}, {"type": "Feature", "geometry": {"type": "Point", "coordinates": [123.915987, 10.3278187]}, "properties": {"stratum": "Condominium"}}, {"type": "Feature", "geometry": {"type": "Point", "coordinates": [123.915987, 10.3278187]}, "properties": {"stratum": "Condominium"}}, {"type": "Feature", "geometry": {"type": "Point", "coordinates": [123.91555140000004, 10.3279162]}, "properties": {"stratum": "Condominium"}}, {"type": "Feature", "geometry": {"type": "Point", "coordinates": [123.91555140000004, 10.3279162]}, "properties": {"stratum": "Condominium"}}, {"type": "Feature", "geometry": {"type": "Point", "coordinates": [123.91555140000004, 10.3279162]}, "properties": {"stratum": "Condominium"}}, {"type": "Feature", "geometry": {"type": "Point", "coordinates": [123.9206938, 10.3278715]}, "properties": {"stratum": "Condominium"}}, {"type": "Feature", "geometry": {"type": "Point", "coordinates": [123.906315, 10.3280132]}, "properties": {"stratum": "Condominium"}}, {"type": "Feature", "geometry": {"type": "Point", "coordinates": [123.9206594, 10.3279532]}, "properties": {"stratum": "Condominium"}}, {"type": "Feature", "geometry": {"type": "Point", "coordinates": [123.929144, 10.3280471]}, "properties": {"stratum": "Condominium"}}, {"type": "Feature", "geometry": {"type": "Point", "coordinates": [123.9090325, 10.3280898]}, "properties": {"stratum": "Condominium"}}, {"type": "Feature", "geometry": {"type": "Point", "coordinates": [123.929772, 10.3281109]}, "properties": {"stratum": "Condominium"}}, {"type": "Feature", "geometry": {"type": "Point", "coordinates": [123.9292413, 10.3283848]}, "properties": {"stratum": "Condominium"}}, {"type": "Feature", "geometry": {"type": "Point", "coordinates": [123.9305153, 10.3283877]}, "properties": {"stratum": "Condominium"}}, {"type": "Feature", "geometry": {"type": "Point", "coordinates": [123.9055346, 10.3285217]}, "properties": {"stratum": "Condominium"}}, {"type": "Feature", "geometry": {"type": "Point", "coordinates": [123.9055346, 10.3285217]}, "properties": {"stratum": "Condominium"}}, {"type": "Feature", "geometry": {"type": "Point", "coordinates": [123.9055346, 10.3285217]}, "properties": {"stratum": "Condominium"}}, {"type": "Feature", "geometry": {"type": "Point", "coordinates": [123.91665268689393, 10.328516709549271]}, "properties": {"stratum": "Condominium"}}, {"type": "Feature", "geometry": {"type": "Point", "coordinates": [123.8830722, 10.3285832]}, "properties": {"stratum": "Condominium"}}, {"type": "Feature", "geometry": {"type": "Point", "coordinates": [123.90536980000002, 10.3286423]}, "properties": {"stratum": "Condominium"}}, {"type": "Feature", "geometry": {"type": "Point", "coordinates": [123.90536980000002, 10.3286423]}, "properties": {"stratum": "Condominium"}}, {"type": "Feature", "geometry": {"type": "Point", "coordinates": [123.90536980000002, 10.3286423]}, "properties": {"stratum": "Condominium"}}, {"type": "Feature", "geometry": {"type": "Point", "coordinates": [123.9306138, 10.3286455]}, "properties": {"stratum": "Condominium"}}, {"type": "Feature", "geometry": {"type": "Point", "coordinates": [123.9039851, 10.3291959]}, "properties": {"stratum": "Condominium"}}, {"type": "Feature", "geometry": {"type": "Point", "coordinates": [123.9039851, 10.3291959]}, "properties": {"stratum": "Condominium"}}, {"type": "Feature", "geometry": {"type": "Point", "coordinates": [123.9039851, 10.3291959]}, "properties": {"stratum": "Condominium"}}, {"type": "Feature", "geometry": {"type": "Point", "coordinates": [123.909183, 10.3292277]}, "properties": {"stratum": "Condominium"}}, {"type": "Feature", "geometry": {"type": "Point", "coordinates": [123.9096029, 10.3292112]}, "properties": {"stratum": "Condominium"}}, {"type": "Feature", "geometry": {"type": "Point", "coordinates": [123.9096029, 10.3292112]}, "properties": {"stratum": "Condominium"}}, {"type": "Feature", "geometry": {"type": "Point", "coordinates": [123.9096029, 10.3292112]}, "properties": {"stratum": "Condominium"}}, {"type": "Feature", "geometry": {"type": "Point", "coordinates": [123.9150238, 10.3293801]}, "properties": {"stratum": "Condominium"}}, {"type": "Feature", "geometry": {"type": "Point", "coordinates": [123.9008716, 10.3298259]}, "properties": {"stratum": "Condominium"}}, {"type": "Feature", "geometry": {"type": "Point", "coordinates": [123.9081332, 10.3298721]}, "properties": {"stratum": "Condominium"}}, {"type": "Feature", "geometry": {"type": "Point", "coordinates": [123.9081332, 10.3298721]}, "properties": {"stratum": "Condominium"}}, {"type": "Feature", "geometry": {"type": "Point", "coordinates": [123.9081332, 10.3298721]}, "properties": {"stratum": "Condominium"}}, {"type": "Feature", "geometry": {"type": "Point", "coordinates": [123.9285001, 10.3300164]}, "properties": {"stratum": "Condominium"}}, {"type": "Feature", "geometry": {"type": "Point", "coordinates": [124.0401611, 10.3300305]}, "properties": {"stratum": "Condominium"}}, {"type": "Feature", "geometry": {"type": "Point", "coordinates": [124.0401611, 10.3300305]}, "properties": {"stratum": "Condominium"}}, {"type": "Feature", "geometry": {"type": "Point", "coordinates": [124.0401611, 10.3300305]}, "properties": {"stratum": "Condominium"}}, {"type": "Feature", "geometry": {"type": "Point", "coordinates": [124.040132, 10.3300563]}, "properties": {"stratum": "Condominium"}}, {"type": "Feature", "geometry": {"type": "Point", "coordinates": [123.9073923, 10.3304499]}, "properties": {"stratum": "Condominium"}}, {"type": "Feature", "geometry": {"type": "Point", "coordinates": [123.9073923, 10.3304499]}, "properties": {"stratum": "Condominium"}}, {"type": "Feature", "geometry": {"type": "Point", "coordinates": [123.9084705, 10.3305279]}, "properties": {"stratum": "Condominium"}}, {"type": "Feature", "geometry": {"type": "Point", "coordinates": [123.912273, 10.330474]}, "properties": {"stratum": "Condominium"}}, {"type": "Feature", "geometry": {"type": "Point", "coordinates": [123.912273, 10.330474]}, "properties": {"stratum": "Condominium"}}, {"type": "Feature", "geometry": {"type": "Point", "coordinates": [123.912273, 10.330474]}, "properties": {"stratum": "Condominium"}}, {"type": "Feature", "geometry": {"type": "Point", "coordinates": [123.90942308936664, 10.330560217721366]}, "properties": {"stratum": "Condominium"}}, {"type": "Feature", "geometry": {"type": "Point", "coordinates": [123.9073198, 10.3306811]}, "properties": {"stratum": "Condominium"}}, {"type": "Feature", "geometry": {"type": "Point", "coordinates": [123.9032266, 10.3309437]}, "properties": {"stratum": "Condominium"}}, {"type": "Feature", "geometry": {"type": "Point", "coordinates": [123.9032266, 10.3309437]}, "properties": {"stratum": "Condominium"}}, {"type": "Feature", "geometry": {"type": "Point", "coordinates": [123.9038555, 10.330884]}, "properties": {"stratum": "Condominium"}}, {"type": "Feature", "geometry": {"type": "Point", "coordinates": [123.9366687, 10.331012]}, "properties": {"stratum": "Condominium"}}, {"type": "Feature", "geometry": {"type": "Point", "coordinates": [123.9366687, 10.331012]}, "properties": {"stratum": "Condominium"}}, {"type": "Feature", "geometry": {"type": "Point", "coordinates": [123.9030272, 10.3310859]}, "properties": {"stratum": "Condominium"}}, {"type": "Feature", "geometry": {"type": "Point", "coordinates": [123.8895588, 10.3311683]}, "properties": {"stratum": "Condominium"}}, {"type": "Feature", "geometry": {"type": "Point", "coordinates": [123.9023983, 10.3312228]}, "properties": {"stratum": "Condominium"}}, {"type": "Feature", "geometry": {"type": "Point", "coordinates": [123.9023983, 10.3312228]}, "properties": {"stratum": "Condominium"}}, {"type": "Feature", "geometry": {"type": "Point", "coordinates": [123.9023972, 10.3312225]}, "properties": {"stratum": "Condominium"}}, {"type": "Feature", "geometry": {"type": "Point", "coordinates": [123.9084931, 10.331172]}, "properties": {"stratum": "Condominium"}}, {"type": "Feature", "geometry": {"type": "Point", "coordinates": [123.907662, 10.331256]}, "properties": {"stratum": "Condominium"}}, {"type": "Feature", "geometry": {"type": "Point", "coordinates": [123.89671520000002, 10.3314565]}, "properties": {"stratum": "Condominium"}}, {"type": "Feature", "geometry": {"type": "Point", "coordinates": [123.89671520000002, 10.3314565]}, "properties": {"stratum": "Condominium"}}, {"type": "Feature", "geometry": {"type": "Point", "coordinates": [123.89671520000002, 10.3314565]}, "properties": {"stratum": "Condominium"}}, {"type": "Feature", "geometry": {"type": "Point", "coordinates": [123.9085141, 10.3317087]}, "properties": {"stratum": "Condominium"}}, {"type": "Feature", "geometry": {"type": "Point", "coordinates": [123.9085141, 10.3317087]}, "properties": {"stratum": "Condominium"}}, {"type": "Feature", "geometry": {"type": "Point", "coordinates": [123.9085141, 10.3317087]}, "properties": {"stratum": "Condominium"}}, {"type": "Feature", "geometry": {"type": "Point", "coordinates": [123.9034343, 10.3317776]}, "properties": {"stratum": "Condominium"}}, {"type": "Feature", "geometry": {"type": "Point", "coordinates": [123.9357136, 10.3321417]}, "properties": {"stratum": "Condominium"}}, {"type": "Feature", "geometry": {"type": "Point", "coordinates": [123.9063404, 10.3324209]}, "properties": {"stratum": "Condominium"}}, {"type": "Feature", "geometry": {"type": "Point", "coordinates": [123.9063404, 10.3324209]}, "properties": {"stratum": "Condominium"}}, {"type": "Feature", "geometry": {"type": "Point", "coordinates": [123.9064686, 10.3323642]}, "properties": {"stratum": "Condominium"}}, {"type": "Feature", "geometry": {"type": "Point", "coordinates": [123.928017, 10.3323517]}, "properties": {"stratum": "Condominium"}}, {"type": "Feature", "geometry": {"type": "Point", "coordinates": [123.90598520000005, 10.3326229]}, "properties": {"stratum": "Condominium"}}, {"type": "Feature", "geometry": {"type": "Point", "coordinates": [123.90598520000005, 10.3326229]}, "properties": {"stratum": "Condominium"}}, {"type": "Feature", "geometry": {"type": "Point", "coordinates": [123.90598520000005, 10.3326229]}, "properties": {"stratum": "Condominium"}}, {"type": "Feature", "geometry": {"type": "Point", "coordinates": [123.90747420000002, 10.3325896]}, "properties": {"stratum": "Condominium"}}, {"type": "Feature", "geometry": {"type": "Point", "coordinates": [123.90747420000002, 10.3325896]}, "properties": {"stratum": "Condominium"}}, {"type": "Feature", "geometry": {"type": "Point", "coordinates": [123.90747420000002, 10.3325896]}, "properties": {"stratum": "Condominium"}}, {"type": "Feature", "geometry": {"type": "Point", "coordinates": [123.9085399, 10.3327403]}, "properties": {"stratum": "Condominium"}}, {"type": "Feature", "geometry": {"type": "Point", "coordinates": [123.9090696, 10.3328036]}, "properties": {"stratum": "Condominium"}}, {"type": "Feature", "geometry": {"type": "Point", "coordinates": [123.9090696, 10.3328036]}, "properties": {"stratum": "Condominium"}}, {"type": "Feature", "geometry": {"type": "Point", "coordinates": [123.9090696, 10.3328036]}, "properties": {"stratum": "Condominium"}}, {"type": "Feature", "geometry": {"type": "Point", "coordinates": [123.8948853, 10.3329596]}, "properties": {"stratum": "Condominium"}}, {"type": "Feature", "geometry": {"type": "Point", "coordinates": [123.8948853, 10.3329596]}, "properties": {"stratum": "Condominium"}}, {"type": "Feature", "geometry": {"type": "Point", "coordinates": [123.8948853, 10.3329596]}, "properties": {"stratum": "Condominium"}}, {"type": "Feature", "geometry": {"type": "Point", "coordinates": [123.9090382, 10.3329745]}, "properties": {"stratum": "Condominium"}}, {"type": "Feature", "geometry": {"type": "Point", "coordinates": [123.9015521, 10.333176]}, "properties": {"stratum": "Condominium"}}, {"type": "Feature", "geometry": {"type": "Point", "coordinates": [124.044892, 10.333496]}, "properties": {"stratum": "Condominium"}}, {"type": "Feature", "geometry": {"type": "Point", "coordinates": [123.9090124, 10.3335821]}, "properties": {"stratum": "Condominium"}}, {"type": "Feature", "geometry": {"type": "Point", "coordinates": [123.9089162, 10.3336889]}, "properties": {"stratum": "Condominium"}}, {"type": "Feature", "geometry": {"type": "Point", "coordinates": [123.8941434, 10.3338299]}, "properties": {"stratum": "Condominium"}}, {"type": "Feature", "geometry": {"type": "Point", "coordinates": [123.8941434, 10.3338299]}, "properties": {"stratum": "Condominium"}}, {"type": "Feature", "geometry": {"type": "Point", "coordinates": [123.8941434, 10.3338299]}, "properties": {"stratum": "Condominium"}}, {"type": "Feature", "geometry": {"type": "Point", "coordinates": [123.8952273, 10.3338025]}, "properties": {"stratum": "Condominium"}}, {"type": "Feature", "geometry": {"type": "Point", "coordinates": [123.8952273, 10.3338025]}, "properties": {"stratum": "Condominium"}}, {"type": "Feature", "geometry": {"type": "Point", "coordinates": [123.8952695, 10.3338446]}, "properties": {"stratum": "Condominium"}}, {"type": "Feature", "geometry": {"type": "Point", "coordinates": [123.8952695, 10.3338446]}, "properties": {"stratum": "Condominium"}}, {"type": "Feature", "geometry": {"type": "Point", "coordinates": [123.8952695, 10.3338446]}, "properties": {"stratum": "Condominium"}}, {"type": "Feature", "geometry": {"type": "Point", "coordinates": [123.89546700000004, 10.33386]}, "properties": {"stratum": "Condominium"}}, {"type": "Feature", "geometry": {"type": "Point", "coordinates": [123.89546700000004, 10.33386]}, "properties": {"stratum": "Condominium"}}, {"type": "Feature", "geometry": {"type": "Point", "coordinates": [123.89546700000004, 10.33386]}, "properties": {"stratum": "Condominium"}}, {"type": "Feature", "geometry": {"type": "Point", "coordinates": [123.8815901, 10.3341116]}, "properties": {"stratum": "Condominium"}}, {"type": "Feature", "geometry": {"type": "Point", "coordinates": [123.9234692, 10.3347906]}, "properties": {"stratum": "Condominium"}}, {"type": "Feature", "geometry": {"type": "Point", "coordinates": [123.9345815, 10.3350615]}, "properties": {"stratum": "Condominium"}}, {"type": "Feature", "geometry": {"type": "Point", "coordinates": [123.9345815, 10.3350615]}, "properties": {"stratum": "Condominium"}}, {"type": "Feature", "geometry": {"type": "Point", "coordinates": [123.9345815, 10.3350615]}, "properties": {"stratum": "Condominium"}}, {"type": "Feature", "geometry": {"type": "Point", "coordinates": [123.9249834, 10.3353572]}, "properties": {"stratum": "Condominium"}}, {"type": "Feature", "geometry": {"type": "Point", "coordinates": [123.9485215, 10.335817]}, "properties": {"stratum": "Condominium"}}, {"type": "Feature", "geometry": {"type": "Point", "coordinates": [123.9485215, 10.335817]}, "properties": {"stratum": "Condominium"}}, {"type": "Feature", "geometry": {"type": "Point", "coordinates": [123.9475468, 10.3361753]}, "properties": {"stratum": "Condominium"}}, {"type": "Feature", "geometry": {"type": "Point", "coordinates": [123.9360581, 10.3363476]}, "properties": {"stratum": "Condominium"}}, {"type": "Feature", "geometry": {"type": "Point", "coordinates": [123.9053005, 10.3373313]}, "properties": {"stratum": "Condominium"}}, {"type": "Feature", "geometry": {"type": "Point", "coordinates": [123.9053005, 10.3373313]}, "properties": {"stratum": "Condominium"}}, {"type": "Feature", "geometry": {"type": "Point", "coordinates": [123.9053005, 10.3373313]}, "properties": {"stratum": "Condominium"}}, {"type": "Feature", "geometry": {"type": "Point", "coordinates": [123.9079235, 10.3376616]}, "properties": {"stratum": "Condominium"}}, {"type": "Feature", "geometry": {"type": "Point", "coordinates": [123.9079235, 10.3376616]}, "properties": {"stratum": "Condominium"}}, {"type": "Feature", "geometry": {"type": "Point", "coordinates": [123.8927696, 10.337916]}, "properties": {"stratum": "Condominium"}}, {"type": "Feature", "geometry": {"type": "Point", "coordinates": [123.9256166, 10.3392349]}, "properties": {"stratum": "Condominium"}}, {"type": "Feature", "geometry": {"type": "Point", "coordinates": [123.9553779, 10.3391714]}, "properties": {"stratum": "Condominium"}}, {"type": "Feature", "geometry": {"type": "Point", "coordinates": [123.9254463, 10.3392775]}, "properties": {"stratum": "Condominium"}}, {"type": "Feature", "geometry": {"type": "Point", "coordinates": [123.9083127, 10.3401032]}, "properties": {"stratum": "Condominium"}}, {"type": "Feature", "geometry": {"type": "Point", "coordinates": [123.9083127, 10.3401032]}, "properties": {"stratum": "Condominium"}}, {"type": "Feature", "geometry": {"type": "Point", "coordinates": [123.9083127, 10.3401032]}, "properties": {"stratum": "Condominium"}}, {"type": "Feature", "geometry": {"type": "Point", "coordinates": [123.9083236, 10.3406489]}, "properties": {"stratum": "Condominium"}}, {"type": "Feature", "geometry": {"type": "Point", "coordinates": [123.8996613, 10.3406617]}, "properties": {"stratum": "Condominium"}}, {"type": "Feature", "geometry": {"type": "Point", "coordinates": [123.9083576, 10.3406896]}, "properties": {"stratum": "Condominium"}}, {"type": "Feature", "geometry": {"type": "Point", "coordinates": [123.9210753, 10.3407866]}, "properties": {"stratum": "Condominium"}}, {"type": "Feature", "geometry": {"type": "Point", "coordinates": [123.8989149, 10.3409418]}, "properties": {"stratum": "Condominium"}}, {"type": "Feature", "geometry": {"type": "Point", "coordinates": [123.8989149, 10.3409418]}, "properties": {"stratum": "Condominium"}}, {"type": "Feature", "geometry": {"type": "Point", "coordinates": [123.8989149, 10.3409418]}, "properties": {"stratum": "Condominium"}}, {"type": "Feature", "geometry": {"type": "Point", "coordinates": [123.8984871, 10.3411801]}, "properties": {"stratum": "Condominium"}}, {"type": "Feature", "geometry": {"type": "Point", "coordinates": [123.8984871, 10.3411801]}, "properties": {"stratum": "Condominium"}}, {"type": "Feature", "geometry": {"type": "Point", "coordinates": [123.8984871, 10.3411801]}, "properties": {"stratum": "Condominium"}}, {"type": "Feature", "geometry": {"type": "Point", "coordinates": [123.9165343, 10.3412632]}, "properties": {"stratum": "Condominium"}}, {"type": "Feature", "geometry": {"type": "Point", "coordinates": [123.91829386353491, 10.341398145274098]}, "properties": {"stratum": "Condominium"}}, {"type": "Feature", "geometry": {"type": "Point", "coordinates": [123.9165702, 10.341693]}, "properties": {"stratum": "Condominium"}}, {"type": "Feature", "geometry": {"type": "Point", "coordinates": [123.9166075, 10.3417976]}, "properties": {"stratum": "Condominium"}}, {"type": "Feature", "geometry": {"type": "Point", "coordinates": [123.9166075, 10.3417976]}, "properties": {"stratum": "Condominium"}}, {"type": "Feature", "geometry": {"type": "Point", "coordinates": [123.9166075, 10.3417976]}, "properties": {"stratum": "Condominium"}}, {"type": "Feature", "geometry": {"type": "Point", "coordinates": [123.9182075, 10.3418299]}, "properties": {"stratum": "Condominium"}}, {"type": "Feature", "geometry": {"type": "Point", "coordinates": [123.9182075, 10.3418299]}, "properties": {"stratum": "Condominium"}}, {"type": "Feature", "geometry": {"type": "Point", "coordinates": [123.9182075, 10.3418299]}, "properties": {"stratum": "Condominium"}}, {"type": "Feature", "geometry": {"type": "Point", "coordinates": [123.9178507, 10.341872]}, "properties": {"stratum": "Condominium"}}, {"type": "Feature", "geometry": {"type": "Point", "coordinates": [123.9167759, 10.3419994]}, "properties": {"stratum": "Condominium"}}, {"type": "Feature", "geometry": {"type": "Point", "coordinates": [123.9167759, 10.3419994]}, "properties": {"stratum": "Condominium"}}, {"type": "Feature", "geometry": {"type": "Point", "coordinates": [123.8949737, 10.3430592]}, "properties": {"stratum": "Condominium"}}, {"type": "Feature", "geometry": {"type": "Point", "coordinates": [123.8949737, 10.3430592]}, "properties": {"stratum": "Condominium"}}, {"type": "Feature", "geometry": {"type": "Point", "coordinates": [123.8949737, 10.3430592]}, "properties": {"stratum": "Condominium"}}, {"type": "Feature", "geometry": {"type": "Point", "coordinates": [123.9128035, 10.3436324]}, "properties": {"stratum": "Condominium"}}, {"type": "Feature", "geometry": {"type": "Point", "coordinates": [123.8982849, 10.3452739]}, "properties": {"stratum": "Condominium"}}, {"type": "Feature", "geometry": {"type": "Point", "coordinates": [123.8955494, 10.346446]}, "properties": {"stratum": "Condominium"}}, {"type": "Feature", "geometry": {"type": "Point", "coordinates": [123.8955494, 10.346446]}, "properties": {"stratum": "Condominium"}}, {"type": "Feature", "geometry": {"type": "Point", "coordinates": [123.8971507, 10.3465537]}, "properties": {"stratum": "Condominium"}}, {"type": "Feature", "geometry": {"type": "Point", "coordinates": [123.9506123, 10.3470224]}, "properties": {"stratum": "Condominium"}}, {"type": "Feature", "geometry": {"type": "Point", "coordinates": [123.9443397, 10.3471656]}, "properties": {"stratum": "Condominium"}}, {"type": "Feature", "geometry": {"type": "Point", "coordinates": [123.9292168, 10.3501363]}, "properties": {"stratum": "Condominium"}}, {"type": "Feature", "geometry": {"type": "Point", "coordinates": [123.9291705, 10.3501053]}, "properties": {"stratum": "Condominium"}}, {"type": "Feature", "geometry": {"type": "Point", "coordinates": [123.9135389, 10.3506292]}, "properties": {"stratum": "Condominium"}}, {"type": "Feature", "geometry": {"type": "Point", "coordinates": [123.9053005, 10.3518061]}, "properties": {"stratum": "Condominium"}}, {"type": "Feature", "geometry": {"type": "Point", "coordinates": [123.9053005, 10.3518061]}, "properties": {"stratum": "Condominium"}}, {"type": "Feature", "geometry": {"type": "Point", "coordinates": [123.9053005, 10.3518061]}, "properties": {"stratum": "Condominium"}}, {"type": "Feature", "geometry": {"type": "Point", "coordinates": [123.85463666170835, 10.35736809610507]}, "properties": {"stratum": "Condominium"}}, {"type": "Feature", "geometry": {"type": "Point", "coordinates": [123.9485215, 10.3599329]}, "properties": {"stratum": "Condominium"}}, {"type": "Feature", "geometry": {"type": "Point", "coordinates": [123.9159334, 10.3639629]}, "properties": {"stratum": "Condominium"}}, {"type": "Feature", "geometry": {"type": "Point", "coordinates": [123.882985, 10.3641103]}, "properties": {"stratum": "Condominium"}}, {"type": "Feature", "geometry": {"type": "Point", "coordinates": [123.882985, 10.3641103]}, "properties": {"stratum": "Condominium"}}, {"type": "Feature", "geometry": {"type": "Point", "coordinates": [123.9464101, 10.3642001]}, "properties": {"stratum": "Condominium"}}, {"type": "Feature", "geometry": {"type": "Point", "coordinates": [123.9432949, 10.3649851]}, "properties": {"stratum": "Condominium"}}, {"type": "Feature", "geometry": {"type": "Point", "coordinates": [123.9335878, 10.3677092]}, "properties": {"stratum": "Condominium"}}, {"type": "Feature", "geometry": {"type": "Point", "coordinates": [123.9331874, 10.3677899]}, "properties": {"stratum": "Condominium"}}, {"type": "Feature", "geometry": {"type": "Point", "coordinates": [123.9331874, 10.3677899]}, "properties": {"stratum": "Condominium"}}, {"type": "Feature", "geometry": {"type": "Point", "coordinates": [123.9331874, 10.3677899]}, "properties": {"stratum": "Condominium"}}, {"type": "Feature", "geometry": {"type": "Point", "coordinates": [123.9278948, 10.368262]}, "properties": {"stratum": "Condominium"}}, {"type": "Feature", "geometry": {"type": "Point", "coordinates": [123.9278948, 10.368262]}, "properties": {"stratum": "Condominium"}}, {"type": "Feature", "geometry": {"type": "Point", "coordinates": [123.9274053, 10.3688559]}, "properties": {"stratum": "Condominium"}}, {"type": "Feature", "geometry": {"type": "Point", "coordinates": [123.9274053, 10.3688559]}, "properties": {"stratum": "Condominium"}}, {"type": "Feature", "geometry": {"type": "Point", "coordinates": [123.9274053, 10.3688559]}, "properties": {"stratum": "Condominium"}}, {"type": "Feature", "geometry": {"type": "Point", "coordinates": [123.9169018, 10.3693292]}, "properties": {"stratum": "Condominium"}}, {"type": "Feature", "geometry": {"type": "Point", "coordinates": [123.9169018, 10.3693292]}, "properties": {"stratum": "Condominium"}}, {"type": "Feature", "geometry": {"type": "Point", "coordinates": [123.9212013, 10.3807068]}, "properties": {"stratum": "Condominium"}}, {"type": "Feature", "geometry": {"type": "Point", "coordinates": [123.9701244, 10.3808744]}, "properties": {"stratum": "Condominium"}}, {"type": "Feature", "geometry": {"type": "Point", "coordinates": [123.9701244, 10.3808744]}, "properties": {"stratum": "Condominium"}}, {"type": "Feature", "geometry": {"type": "Point", "coordinates": [123.9206393, 10.3849697]}, "properties": {"stratum": "Condominium"}}, {"type": "Feature", "geometry": {"type": "Point", "coordinates": [123.9206393, 10.3849697]}, "properties": {"stratum": "Condominium"}}, {"type": "Feature", "geometry": {"type": "Point", "coordinates": [123.9211622, 10.3974279]}, "properties": {"stratum": "Condominium"}}, {"type": "Feature", "geometry": {"type": "Point", "coordinates": [123.8634544, 10.3978208]}, "properties": {"stratum": "Condominium"}}, {"type": "Feature", "geometry": {"type": "Point", "coordinates": [123.86428296, 10.474516]}, "properties": {"stratum": "Condominium"}}, {"type": "Feature", "geometry": {"type": "Point", "coordinates": [123.95406452, 10.3747458]}, "properties": {"stratum": "Houses"}}, {"type": "Feature", "geometry": {"type": "Point", "coordinates": [123.887867, 10.36172]}, "properties": {"stratum": "Houses"}}, {"type": "Feature", "geometry": {"type": "Point", "coordinates": [123.8854366, 10.3156992]}, "properties": {"stratum": "Houses"}}, {"type": "Feature", "geometry": {"type": "Point", "coordinates": [123.9206393, 10.3994516]}, "properties": {"stratum": "Houses"}}, {"type": "Feature", "geometry": {"type": "Point", "coordinates": [123.9984363, 10.2902065]}, "properties": {"stratum": "Houses"}}, {"type": "Feature", "geometry": {"type": "Point", "coordinates": [123.84291, 10.27291]}, "properties": {"stratum": "Houses"}}, {"type": "Feature", "geometry": {"type": "Point", "coordinates": [123.998707, 10.290415]}, "properties": {"stratum": "Houses"}}, {"type": "Feature", "geometry": {"type": "Point", "coordinates": [123.8453152, 10.2925633]}, "properties": {"stratum": "Houses"}}, {"type": "Feature", "geometry": {"type": "Point", "coordinates": [123.86984, 10.304145]}, "properties": {"stratum": "Houses"}}, {"type": "Feature", "geometry": {"type": "Point", "coordinates": [123.8969813, 10.358121]}, "properties": {"stratum": "Houses"}}, {"type": "Feature", "geometry": {"type": "Point", "coordinates": [123.8387583, 10.27478922]}, "properties": {"stratum": "Houses"}}, {"type": "Feature", "geometry": {"type": "Point", "coordinates": [123.885437, 10.315699]}, "properties": {"stratum": "Houses"}}, {"type": "Feature", "geometry": {"type": "Point", "coordinates": [123.9727957, 10.26749779]}, "properties": {"stratum": "Houses"}}, {"type": "Feature", "geometry": {"type": "Point", "coordinates": [123.933541, 10.339145]}, "properties": {"stratum": "Houses"}}, {"type": "Feature", "geometry": {"type": "Point", "coordinates": [124.0321172, 10.3210549]}, "properties": {"stratum": "Houses"}}, {"type": "Feature", "geometry": {"type": "Point", "coordinates": [123.8464418, 10.2532518]}, "properties": {"stratum": "Houses"}}, {"type": "Feature", "geometry": {"type": "Point", "coordinates": [123.9254755, 10.353442]}, "properties": {"stratum": "Houses"}}, {"type": "Feature", "geometry": {"type": "Point", "coordinates": [123.885437, 10.315699]}, "properties": {"stratum": "Houses"}}, {"type": "Feature", "geometry": {"type": "Point", "coordinates": [123.9722147, 10.2667391]}, "properties": {"stratum": "Houses"}}, {"type": "Feature", "geometry": {"type": "Point", "coordinates": [123.8697277, 10.30926645]}, "properties": {"stratum": "Houses"}}, {"type": "Feature", "geometry": {"type": "Point", "coordinates": [123.911374, 10.36171]}, "properties": {"stratum": "Houses"}}, {"type": "Feature", "geometry": {"type": "Point", "coordinates": [123.7803807, 10.24139186]}, "properties": {"stratum": "Houses"}}, {"type": "Feature", "geometry": {"type": "Point", "coordinates": [123.992887, 10.298911]}, "properties": {"stratum": "Houses"}}, {"type": "Feature", "geometry": {"type": "Point", "coordinates": [123.8801951, 10.32342059]}, "properties": {"stratum": "Houses"}}, {"type": "Feature", "geometry": {"type": "Point", "coordinates": [123.81665825, 10.2383768]}, "properties": {"stratum": "Houses"}}, {"type": "Feature", "geometry": {"type": "Point", "coordinates": [123.97552209, 10.28410958]}, "properties": {"stratum": "Houses"}}, {"type": "Feature", "geometry": {"type": "Point", "coordinates": [123.911374, 10.36171]}, "properties": {"stratum": "Houses"}}, {"type": "Feature", "geometry": {"type": "Point", "coordinates": [123.8941434, 10.3338299]}, "properties": {"stratum": "Houses"}}, {"type": "Feature", "geometry": {"type": "Point", "coordinates": [123.9063529, 10.3358823]}, "properties": {"stratum": "Houses"}}, {"type": "Feature", "geometry": {"type": "Point", "coordinates": [123.8233812, 10.2396507]}, "properties": {"stratum": "Houses"}}, {"type": "Feature", "geometry": {"type": "Point", "coordinates": [123.9173923, 10.3670682]}, "properties": {"stratum": "Houses"}}, {"type": "Feature", "geometry": {"type": "Point", "coordinates": [123.9387637, 10.4009072]}, "properties": {"stratum": "Houses"}}, {"type": "Feature", "geometry": {"type": "Point", "coordinates": [123.97552209, 10.28410958]}, "properties": {"stratum": "Houses"}}, {"type": "Feature", "geometry": {"type": "Point", "coordinates": [123.9431394, 10.3903051]}, "properties": {"stratum": "Houses"}}, {"type": "Feature", "geometry": {"type": "Point", "coordinates": [123.8726036, 10.3093624]}, "properties": {"stratum": "Houses"}}, {"type": "Feature", "geometry": {"type": "Point", "coordinates": [123.8854366, 10.3156992]}, "properties": {"stratum": "Houses"}}, {"type": "Feature", "geometry": {"type": "Point", "coordinates": [123.90517959, 10.33856162]}, "properties": {"stratum": "Houses"}}, {"type": "Feature", "geometry": {"type": "Point", "coordinates": [123.8606478, 10.3087756]}, "properties": {"stratum": "Houses"}}, {"type": "Feature", "geometry": {"type": "Point", "coordinates": [123.83205749094488, 10.275431545210855]}, "properties": {"stratum": "Houses"}}, {"type": "Feature", "geometry": {"type": "Point", "coordinates": [123.9193329, 10.357217]}, "properties": {"stratum": "Houses"}}, {"type": "Feature", "geometry": {"type": "Point", "coordinates": [123.8926175, 10.3419969]}, "properties": {"stratum": "Houses"}}, {"type": "Feature", "geometry": {"type": "Point", "coordinates": [123.8854377, 10.3156173]}, "properties": {"stratum": "Houses"}}, {"type": "Feature", "geometry": {"type": "Point", "coordinates": [123.882841, 10.363923]}, "properties": {"stratum": "Houses"}}, {"type": "Feature", "geometry": {"type": "Point", "coordinates": [123.869744, 10.31050283]}, "properties": {"stratum": "Houses"}}, {"type": "Feature", "geometry": {"type": "Point", "coordinates": [123.9205558, 10.3805837]}, "properties": {"stratum": "Houses"}}, {"type": "Feature", "geometry": {"type": "Point", "coordinates": [124.002551, 10.2907917]}, "properties": {"stratum": "Houses"}}, {"type": "Feature", "geometry": {"type": "Point", "coordinates": [123.8726341, 10.3093722]}, "properties": {"stratum": "Houses"}}, {"type": "Feature", "geometry": {"type": "Point", "coordinates": [123.9665751, 10.2793553]}, "properties": {"stratum": "Houses"}}, {"type": "Feature", "geometry": {"type": "Point", "coordinates": [123.9093657, 10.32436564]}, "properties": {"stratum": "Houses"}}, {"type": "Feature", "geometry": {"type": "Point", "coordinates": [123.9306138, 10.3286455]}, "properties": {"stratum": "Houses"}}, {"type": "Feature", "geometry": {"type": "Point", "coordinates": [123.933541, 10.339145]}, "properties": {"stratum": "Houses"}}, {"type": "Feature", "geometry": {"type": "Point", "coordinates": [123.812865, 10.252219]}, "properties": {"stratum": "Houses"}}, {"type": "Feature", "geometry": {"type": "Point", "coordinates": [123.961041, 10.2910239]}, "properties": {"stratum": "Houses"}}, {"type": "Feature", "geometry": {"type": "Point", "coordinates": [123.8491234, 10.2736376]}, "properties": {"stratum": "Houses"}}, {"type": "Feature", "geometry": {"type": "Point", "coordinates": [123.949434, 10.367855]}, "properties": {"stratum": "Houses"}}, {"type": "Feature", "geometry": {"type": "Point", "coordinates": [123.870527, 10.301553]}, "properties": {"stratum": "Houses"}}, {"type": "Feature", "geometry": {"type": "Point", "coordinates": [123.9107733, 10.3439001]}, "properties": {"stratum": "Houses"}}, {"type": "Feature", "geometry": {"type": "Point", "coordinates": [123.93571347, 10.33214167]}, "properties": {"stratum": "Houses"}}, {"type": "Feature", "geometry": {"type": "Point", "coordinates": [123.8854366, 10.3156992]}, "properties": {"stratum": "Houses"}}, {"type": "Feature", "geometry": {"type": "Point", "coordinates": [123.889014, 10.34836347]}, "properties": {"stratum": "Houses"}}, {"type": "Feature", "geometry": {"type": "Point", "coordinates": [123.86984, 10.304145]}, "properties": {"stratum": "Houses"}}, {"type": "Feature", "geometry": {"type": "Point", "coordinates": [123.8257767, 10.2514505]}, "properties": {"stratum": "Houses"}}, {"type": "Feature", "geometry": {"type": "Point", "coordinates": [123.97552209, 10.28410958]}, "properties": {"stratum": "Houses"}}, {"type": "Feature", "geometry": {"type": "Point", "coordinates": [123.89979383, 10.37062043]}, "properties": {"stratum": "Houses"}}, {"type": "Feature", "geometry": {"type": "Point", "coordinates": [123.819307, 10.241117]}, "properties": {"stratum": "Houses"}}, {"type": "Feature", "geometry": {"type": "Point", "coordinates": [123.9107733, 10.3439001]}, "properties": {"stratum": "Houses"}}, {"type": "Feature", "geometry": {"type": "Point", "coordinates": [123.819307, 10.241117]}, "properties": {"stratum": "Houses"}}, {"type": "Feature", "geometry": {"type": "Point", "coordinates": [123.9173923, 10.3670682]}, "properties": {"stratum": "Houses"}}, {"type": "Feature", "geometry": {"type": "Point", "coordinates": [123.7998166, 10.26057959]}, "properties": {"stratum": "Houses"}}, {"type": "Feature", "geometry": {"type": "Point", "coordinates": [123.869939, 10.443525]}, "properties": {"stratum": "Houses"}}, {"type": "Feature", "geometry": {"type": "Point", "coordinates": [123.9173923, 10.3670682]}, "properties": {"stratum": "Houses"}}, {"type": "Feature", "geometry": {"type": "Point", "coordinates": [123.92194737, 10.32629422]}, "properties": {"stratum": "Houses"}}, {"type": "Feature", "geometry": {"type": "Point", "coordinates": [123.9173923, 10.3670682]}, "properties": {"stratum": "Houses"}}, {"type": "Feature", "geometry": {"type": "Point", "coordinates": [123.9634791, 10.37047852]}, "properties": {"stratum": "Houses"}}, {"type": "Feature", "geometry": {"type": "Point", "coordinates": [124.0013992, 10.3105889]}, "properties": {"stratum": "Houses"}}, {"type": "Feature", "geometry": {"type": "Point", "coordinates": [123.9912149, 10.28912467]}, "properties": {"stratum": "Houses"}}, {"type": "Feature", "geometry": {"type": "Point", "coordinates": [123.8948853, 10.3329596]}, "properties": {"stratum": "Houses"}}, {"type": "Feature", "geometry": {"type": "Point", "coordinates": [123.9137891, 10.3741208]}, "properties": {"stratum": "Houses"}}, {"type": "Feature", "geometry": {"type": "Point", "coordinates": [123.921582, 10.35943]}, "properties": {"stratum": "Houses"}}, {"type": "Feature", "geometry": {"type": "Point", "coordinates": [123.97552209, 10.28410958]}, "properties": {"stratum": "Houses"}}, {"type": "Feature", "geometry": {"type": "Point", "coordinates": [123.95648, 10.37555]}, "properties": {"stratum": "Houses"}}, {"type": "Feature", "geometry": {"type": "Point", "coordinates": [123.869939, 10.443525]}, "properties": {"stratum": "Houses"}}, {"type": "Feature", "geometry": {"type": "Point", "coordinates": [123.90530057, 10.35180608]}, "properties": {"stratum": "Houses"}}, {"type": "Feature", "geometry": {"type": "Point", "coordinates": [124.03291, 10.32133]}, "properties": {"stratum": "Houses"}}, {"type": "Feature", "geometry": {"type": "Point", "coordinates": [123.9338062, 10.399723]}, "properties": {"stratum": "Houses"}}, {"type": "Feature", "geometry": {"type": "Point", "coordinates": [123.8451509, 10.2701383]}, "properties": {"stratum": "Houses"}}, {"type": "Feature", "geometry": {"type": "Point", "coordinates": [123.9254435, 10.34275841]}, "properties": {"stratum": "Houses"}}, {"type": "Feature", "geometry": {"type": "Point", "coordinates": [123.885437, 10.315699]}, "properties": {"stratum": "Houses"}}, {"type": "Feature", "geometry": {"type": "Point", "coordinates": [123.913015, 10.346351]}, "properties": {"stratum": "Houses"}}, {"type": "Feature", "geometry": {"type": "Point", "coordinates": [123.9828947, 10.3644957]}, "properties": {"stratum": "Houses"}}, {"type": "Feature", "geometry": {"type": "Point", "coordinates": [123.829964, 10.256987]}, "properties": {"stratum": "Houses"}}, {"type": "Feature", "geometry": {"type": "Point", "coordinates": [123.8854377, 10.3156173]}, "properties": {"stratum": "Houses"}}, {"type": "Feature", "geometry": {"type": "Point", "coordinates": [123.8425243, 10.2494847]}, "properties": {"stratum": "Houses"}}, {"type": "Feature", "geometry": {"type": "Point", "coordinates": [123.93179309, 10.34503944]}, "properties": {"stratum": "Houses"}}, {"type": "Feature", "geometry": {"type": "Point", "coordinates": [123.8453152, 10.270857]}, "properties": {"stratum": "Houses"}}, {"type": "Feature", "geometry": {"type": "Point", "coordinates": [124.0000812, 10.292343]}, "properties": {"stratum": "Houses"}}, {"type": "Feature", "geometry": {"type": "Point", "coordinates": [123.8167307, 10.2383121]}, "properties": {"stratum": "Houses"}}, {"type": "Feature", "geometry": {"type": "Point", "coordinates": [123.9565621, 10.3762861]}, "properties": {"stratum": "Houses"}}, {"type": "Feature", "geometry": {"type": "Point", "coordinates": [123.8949881, 10.3124928]}, "properties": {"stratum": "Houses"}}, {"type": "Feature", "geometry": {"type": "Point", "coordinates": [123.91960043, 10.39203546]}, "properties": {"stratum": "Houses"}}, {"type": "Feature", "geometry": {"type": "Point", "coordinates": [123.8931374, 10.3358744]}, "properties": {"stratum": "Houses"}}, {"type": "Feature", "geometry": {"type": "Point", "coordinates": [123.96853097, 10.27916235]}, "properties": {"stratum": "Houses"}}, {"type": "Feature", "geometry": {"type": "Point", "coordinates": [123.908492, 10.315373]}, "properties": {"stratum": "Houses"}}, {"type": "Feature", "geometry": {"type": "Point", "coordinates": [123.8167307, 10.2383121]}, "properties": {"stratum": "Houses"}}, {"type": "Feature", "geometry": {"type": "Point", "coordinates": [123.7803807, 10.24139186]}, "properties": {"stratum": "Houses"}}, {"type": "Feature", "geometry": {"type": "Point", "coordinates": [123.8451509, 10.2701383]}, "properties": {"stratum": "Houses"}}, {"type": "Feature", "geometry": {"type": "Point", "coordinates": [123.8648982, 10.31055729]}, "properties": {"stratum": "Houses"}}, {"type": "Feature", "geometry": {"type": "Point", "coordinates": [123.8200271, 10.2425683]}, "properties": {"stratum": "Houses"}}, {"type": "Feature", "geometry": {"type": "Point", "coordinates": [123.8801951, 10.32342059]}, "properties": {"stratum": "Houses"}}, {"type": "Feature", "geometry": {"type": "Point", "coordinates": [123.9190865, 10.34466059]}, "properties": {"stratum": "Houses"}}, {"type": "Feature", "geometry": {"type": "Point", "coordinates": [123.8854377, 10.3156173]}, "properties": {"stratum": "Houses"}}, {"type": "Feature", "geometry": {"type": "Point", "coordinates": [123.8425243, 10.2494847]}, "properties": {"stratum": "Houses"}}, {"type": "Feature", "geometry": {"type": "Point", "coordinates": [123.8399313, 10.2744342]}, "properties": {"stratum": "Houses"}}, {"type": "Feature", "geometry": {"type": "Point", "coordinates": [123.7959226, 10.2454075]}, "properties": {"stratum": "Houses"}}, {"type": "Feature", "geometry": {"type": "Point", "coordinates": [123.8801952, 10.3234205]}, "properties": {"stratum": "Houses"}}, {"type": "Feature", "geometry": {"type": "Point", "coordinates": [123.8451509, 10.2701383]}, "properties": {"stratum": "Houses"}}, {"type": "Feature", "geometry": {"type": "Point", "coordinates": [123.9214588, 10.3912313]}, "properties": {"stratum": "Houses"}}, {"type": "Feature", "geometry": {"type": "Point", "coordinates": [123.8239877, 10.2453328]}, "properties": {"stratum": "Houses"}}, {"type": "Feature", "geometry": {"type": "Point", "coordinates": [123.8840001, 10.3269478]}, "properties": {"stratum": "Houses"}}, {"type": "Feature", "geometry": {"type": "Point", "coordinates": [123.998707, 10.290415]}, "properties": {"stratum": "Houses"}}, {"type": "Feature", "geometry": {"type": "Point", "coordinates": [123.9173923, 10.3670682]}, "properties": {"stratum": "Houses"}}, {"type": "Feature", "geometry": {"type": "Point", "coordinates": [123.9240851, 10.3775706]}, "properties": {"stratum": "Houses"}}, {"type": "Feature", "geometry": {"type": "Point", "coordinates": [123.90219323, 10.29261155]}, "properties": {"stratum": "Houses"}}, {"type": "Feature", "geometry": {"type": "Point", "coordinates": [123.9088391, 10.3497665]}, "properties": {"stratum": "Houses"}}, {"type": "Feature", "geometry": {"type": "Point", "coordinates": [123.946092, 10.3715181]}, "properties": {"stratum": "Houses"}}, {"type": "Feature", "geometry": {"type": "Point", "coordinates": [123.8166797, 10.23872522]}, "properties": {"stratum": "Houses"}}, {"type": "Feature", "geometry": {"type": "Point", "coordinates": [123.84466153, 10.27057969]}, "properties": {"stratum": "Houses"}}, {"type": "Feature", "geometry": {"type": "Point", "coordinates": [123.8647932, 10.3232233]}, "properties": {"stratum": "Houses"}}, {"type": "Feature", "geometry": {"type": "Point", "coordinates": [123.876054, 10.309521]}, "properties": {"stratum": "Houses"}}, {"type": "Feature", "geometry": {"type": "Point", "coordinates": [123.90449353, 10.31700135]}, "properties": {"stratum": "Houses"}}, {"type": "Feature", "geometry": {"type": "Point", "coordinates": [123.9064672, 10.319731]}, "properties": {"stratum": "Houses"}}, {"type": "Feature", "geometry": {"type": "Point", "coordinates": [123.83151904, 10.27005547]}, "properties": {"stratum": "Houses"}}, {"type": "Feature", "geometry": {"type": "Point", "coordinates": [123.9173923, 10.3670682]}, "properties": {"stratum": "Houses"}}, {"type": "Feature", "geometry": {"type": "Point", "coordinates": [123.9152302, 10.3757455]}, "properties": {"stratum": "Houses"}}, {"type": "Feature", "geometry": {"type": "Point", "coordinates": [123.8320574, 10.2754314]}, "properties": {"stratum": "Houses"}}, {"type": "Feature", "geometry": {"type": "Point", "coordinates": [123.95905606, 10.30901214]}, "properties": {"stratum": "Houses"}}, {"type": "Feature", "geometry": {"type": "Point", "coordinates": [123.8167307, 10.2383121]}, "properties": {"stratum": "Houses"}}, {"type": "Feature", "geometry": {"type": "Point", "coordinates": [123.874393, 10.3097523]}, "properties": {"stratum": "Houses"}}, {"type": "Feature", "geometry": {"type": "Point", "coordinates": [123.9250001, 10.39946697]}, "properties": {"stratum": "Houses"}}, {"type": "Feature", "geometry": {"type": "Point", "coordinates": [123.927355, 10.26931]}, "properties": {"stratum": "Houses"}}, {"type": "Feature", "geometry": {"type": "Point", "coordinates": [123.9169018, 10.3693292]}, "properties": {"stratum": "Houses"}}, {"type": "Feature", "geometry": {"type": "Point", "coordinates": [123.9067979, 10.3325804]}, "properties": {"stratum": "Houses"}}, {"type": "Feature", "geometry": {"type": "Point", "coordinates": [123.9047197, 10.3161902]}, "properties": {"stratum": "Houses"}}, {"type": "Feature", "geometry": {"type": "Point", "coordinates": [123.88567485, 10.31795066]}, "properties": {"stratum": "Houses"}}, {"type": "Feature", "geometry": {"type": "Point", "coordinates": [123.8458525, 10.2548959]}, "properties": {"stratum": "Houses"}}, {"type": "Feature", "geometry": {"type": "Point", "coordinates": [123.819307, 10.241117]}, "properties": {"stratum": "Houses"}}, {"type": "Feature", "geometry": {"type": "Point", "coordinates": [123.83005686, 10.2848599]}, "properties": {"stratum": "Houses"}}, {"type": "Feature", "geometry": {"type": "Point", "coordinates": [123.80936426, 10.25451388]}, "properties": {"stratum": "Houses"}}, {"type": "Feature", "geometry": {"type": "Point", "coordinates": [123.8972819, 10.3551008]}, "properties": {"stratum": "Houses"}}, {"type": "Feature", "geometry": {"type": "Point", "coordinates": [123.9502519, 10.28968101]}, "properties": {"stratum": "Houses"}}, {"type": "Feature", "geometry": {"type": "Point", "coordinates": [123.998707, 10.290415]}, "properties": {"stratum": "Houses"}}, {"type": "Feature", "geometry": {"type": "Point", "coordinates": [123.9444159, 10.3567803]}, "properties": {"stratum": "Houses"}}, {"type": "Feature", "geometry": {"type": "Point", "coordinates": [123.998707, 10.290415]}, "properties": {"stratum": "Houses"}}, {"type": "Feature", "geometry": {"type": "Point", "coordinates": [123.9190804, 10.3446568]}, "properties": {"stratum": "Houses"}}, {"type": "Feature", "geometry": {"type": "Point", "coordinates": [123.8648982, 10.31055729]}, "properties": {"stratum": "Houses"}}, {"type": "Feature", "geometry": {"type": "Point", "coordinates": [123.819307, 10.241117]}, "properties": {"stratum": "Houses"}}, {"type": "Feature", "geometry": {"type": "Point", "coordinates": [123.9053005, 10.3518061]}, "properties": {"stratum": "Houses"}}, {"type": "Feature", "geometry": {"type": "Point", "coordinates": [123.86984, 10.304145]}, "properties": {"stratum": "Houses"}}, {"type": "Feature", "geometry": {"type": "Point", "coordinates": [123.8200271, 10.2425683]}, "properties": {"stratum": "Houses"}}, {"type": "Feature", "geometry": {"type": "Point", "coordinates": [123.9984363, 10.2902065]}, "properties": {"stratum": "Houses"}}, {"type": "Feature", "geometry": {"type": "Point", "coordinates": [123.8431262, 10.2703957]}, "properties": {"stratum": "Houses"}}, {"type": "Feature", "geometry": {"type": "Point", "coordinates": [123.9064672, 10.319731]}, "properties": {"stratum": "Houses"}}, {"type": "Feature", "geometry": {"type": "Point", "coordinates": [123.8916918, 10.3354758]}, "properties": {"stratum": "Houses"}}, {"type": "Feature", "geometry": {"type": "Point", "coordinates": [123.9373697, 10.3395534]}, "properties": {"stratum": "Houses"}}, {"type": "Feature", "geometry": {"type": "Point", "coordinates": [123.9294311, 10.3207231]}, "properties": {"stratum": "Houses"}}, {"type": "Feature", "geometry": {"type": "Point", "coordinates": [123.91417399, 10.3231831]}, "properties": {"stratum": "Houses"}}, {"type": "Feature", "geometry": {"type": "Point", "coordinates": [123.908492, 10.315373]}, "properties": {"stratum": "Houses"}}, {"type": "Feature", "geometry": {"type": "Point", "coordinates": [123.9190804, 10.3446568]}, "properties": {"stratum": "Houses"}}, {"type": "Feature", "geometry": {"type": "Point", "coordinates": [123.9015357, 10.32026255]}, "properties": {"stratum": "Houses"}}, {"type": "Feature", "geometry": {"type": "Point", "coordinates": [123.942074, 10.336955]}, "properties": {"stratum": "Houses"}}, {"type": "Feature", "geometry": {"type": "Point", "coordinates": [123.9078808, 10.3473466]}, "properties": {"stratum": "Houses"}}, {"type": "Feature", "geometry": {"type": "Point", "coordinates": [123.8194335, 10.2720825]}, "properties": {"stratum": "Houses"}}, {"type": "Feature", "geometry": {"type": "Point", "coordinates": [123.911374, 10.36171]}, "properties": {"stratum": "Houses"}}, {"type": "Feature", "geometry": {"type": "Point", "coordinates": [123.9173923, 10.3670682]}, "properties": {"stratum": "Houses"}}, {"type": "Feature", "geometry": {"type": "Point", "coordinates": [123.9983585, 10.2882521]}, "properties": {"stratum": "Houses"}}, {"type": "Feature", "geometry": {"type": "Point", "coordinates": [123.9099079, 10.3442423]}, "properties": {"stratum": "Houses"}}, {"type": "Feature", "geometry": {"type": "Point", "coordinates": [123.9294311, 10.3207231]}, "properties": {"stratum": "Houses"}}, {"type": "Feature", "geometry": {"type": "Point", "coordinates": [123.7998166, 10.26057959]}, "properties": {"stratum": "Houses"}}, {"type": "Feature", "geometry": {"type": "Point", "coordinates": [123.96509335, 10.27115237]}, "properties": {"stratum": "Houses"}}, {"type": "Feature", "geometry": {"type": "Point", "coordinates": [123.84478625, 10.27042595]}, "properties": {"stratum": "Houses"}}, {"type": "Feature", "geometry": {"type": "Point", "coordinates": [123.921582, 10.3594296]}, "properties": {"stratum": "Houses"}}, {"type": "Feature", "geometry": {"type": "Point", "coordinates": [124.011241, 10.305155]}, "properties": {"stratum": "Houses"}}, {"type": "Feature", "geometry": {"type": "Point", "coordinates": [123.9169018, 10.3693292]}, "properties": {"stratum": "Houses"}}, {"type": "Feature", "geometry": {"type": "Point", "coordinates": [123.878669, 10.317175]}, "properties": {"stratum": "Houses"}}, {"type": "Feature", "geometry": {"type": "Point", "coordinates": [123.92724037, 10.31183708]}, "properties": {"stratum": "Houses"}}, {"type": "Feature", "geometry": {"type": "Point", "coordinates": [123.9256166, 10.3392349]}, "properties": {"stratum": "Houses"}}, {"type": "Feature", "geometry": {"type": "Point", "coordinates": [123.9294311, 10.3207231]}, "properties": {"stratum": "Houses"}}, {"type": "Feature", "geometry": {"type": "Point", "coordinates": [123.9169018, 10.3693292]}, "properties": {"stratum": "Houses"}}, {"type": "Feature", "geometry": {"type": "Point", "coordinates": [123.983302, 10.284075]}, "properties": {"stratum": "Houses"}}, {"type": "Feature", "geometry": {"type": "Point", "coordinates": [123.876054, 10.309521]}, "properties": {"stratum": "Houses"}}, {"type": "Feature", "geometry": {"type": "Point", "coordinates": [123.91437415, 10.36468161]}, "properties": {"stratum": "Houses"}}, {"type": "Feature", "geometry": {"type": "Point", "coordinates": [123.878669, 10.317175]}, "properties": {"stratum": "Houses"}}, {"type": "Feature", "geometry": {"type": "Point", "coordinates": [123.9307192, 10.32144017]}, "properties": {"stratum": "Houses"}}, {"type": "Feature", "geometry": {"type": "Point", "coordinates": [123.8854366, 10.3156992]}, "properties": {"stratum": "Houses"}}, {"type": "Feature", "geometry": {"type": "Point", "coordinates": [123.8399313, 10.2744342]}, "properties": {"stratum": "Houses"}}, {"type": "Feature", "geometry": {"type": "Point", "coordinates": [123.956922, 10.371905]}, "properties": {"stratum": "Houses"}}, {"type": "Feature", "geometry": {"type": "Point", "coordinates": [123.824186, 10.245251]}, "properties": {"stratum": "Houses"}}, {"type": "Feature", "geometry": {"type": "Point", "coordinates": [123.8726341, 10.3093722]}, "properties": {"stratum": "Houses"}}, {"type": "Feature", "geometry": {"type": "Point", "coordinates": [123.819307, 10.241117]}, "properties": {"stratum": "Houses"}}, {"type": "Feature", "geometry": {"type": "Point", "coordinates": [123.870527, 10.301553]}, "properties": {"stratum": "Houses"}}, {"type": "Feature", "geometry": {"type": "Point", "coordinates": [123.8387583, 10.27478922]}, "properties": {"stratum": "Houses"}}, {"type": "Feature", "geometry": {"type": "Point", "coordinates": [123.9169018, 10.3693292]}, "properties": {"stratum": "Houses"}}, {"type": "Feature", "geometry": {"type": "Point", "coordinates": [123.8530046, 10.2522686]}, "properties": {"stratum": "Houses"}}, {"type": "Feature", "geometry": {"type": "Point", "coordinates": [123.7858147, 10.234279]}, "properties": {"stratum": "Houses"}}, {"type": "Feature", "geometry": {"type": "Point", "coordinates": [123.7886455, 10.23434111]}, "properties": {"stratum": "Houses"}}, {"type": "Feature", "geometry": {"type": "Point", "coordinates": [123.8011769, 10.2382441]}, "properties": {"stratum": "Houses"}}, {"type": "Feature", "geometry": {"type": "Point", "coordinates": [123.8241794, 10.2383273]}, "properties": {"stratum": "Houses"}}, {"type": "Feature", "geometry": {"type": "Point", "coordinates": [123.8241794, 10.2383273]}, "properties": {"stratum": "Houses"}}, {"type": "Feature", "geometry": {"type": "Point", "coordinates": [123.800094, 10.239385]}, "properties": {"stratum": "Houses"}}, {"type": "Feature", "geometry": {"type": "Point", "coordinates": [123.8233812, 10.2396507]}, "properties": {"stratum": "Houses"}}, {"type": "Feature", "geometry": {"type": "Point", "coordinates": [123.8027439, 10.2402855]}, "properties": {"stratum": "Houses"}}, {"type": "Feature", "geometry": {"type": "Point", "coordinates": [123.8123662, 10.2403569]}, "properties": {"stratum": "Houses"}}, {"type": "Feature", "geometry": {"type": "Point", "coordinates": [123.8241248, 10.2408331]}, "properties": {"stratum": "Houses"}}, {"type": "Feature", "geometry": {"type": "Point", "coordinates": [123.8192378, 10.24121981]}, "properties": {"stratum": "Houses"}}, {"type": "Feature", "geometry": {"type": "Point", "coordinates": [123.8192378, 10.24121981]}, "properties": {"stratum": "Houses"}}, {"type": "Feature", "geometry": {"type": "Point", "coordinates": [123.8200271, 10.2425683]}, "properties": {"stratum": "Houses"}}, {"type": "Feature", "geometry": {"type": "Point", "coordinates": [123.8200271, 10.2425683]}, "properties": {"stratum": "Houses"}}, {"type": "Feature", "geometry": {"type": "Point", "coordinates": [123.7889922, 10.2433023]}, "properties": {"stratum": "Houses"}}, {"type": "Feature", "geometry": {"type": "Point", "coordinates": [123.811881, 10.243635]}, "properties": {"stratum": "Houses"}}, {"type": "Feature", "geometry": {"type": "Point", "coordinates": [123.811881, 10.243635]}, "properties": {"stratum": "Houses"}}, {"type": "Feature", "geometry": {"type": "Point", "coordinates": [123.7909887, 10.2439692]}, "properties": {"stratum": "Houses"}}, {"type": "Feature", "geometry": {"type": "Point", "coordinates": [123.787504, 10.245125]}, "properties": {"stratum": "Houses"}}, {"type": "Feature", "geometry": {"type": "Point", "coordinates": [123.7875039, 10.2451253]}, "properties": {"stratum": "Houses"}}, {"type": "Feature", "geometry": {"type": "Point", "coordinates": [123.79586007, 10.24537996]}, "properties": {"stratum": "Houses"}}, {"type": "Feature", "geometry": {"type": "Point", "coordinates": [123.7959894, 10.2454293]}, "properties": {"stratum": "Houses"}}, {"type": "Feature", "geometry": {"type": "Point", "coordinates": [123.7959894, 10.2454293]}, "properties": {"stratum": "Houses"}}, {"type": "Feature", "geometry": {"type": "Point", "coordinates": [123.7959894, 10.2454293]}, "properties": {"stratum": "Houses"}}, {"type": "Feature", "geometry": {"type": "Point", "coordinates": [123.79496053, 10.24585704]}, "properties": {"stratum": "Houses"}}, {"type": "Feature", "geometry": {"type": "Point", "coordinates": [123.80344201, 10.24683561]}, "properties": {"stratum": "Houses"}}, {"type": "Feature", "geometry": {"type": "Point", "coordinates": [123.8227661, 10.24722469]}, "properties": {"stratum": "Houses"}}, {"type": "Feature", "geometry": {"type": "Point", "coordinates": [123.81138369, 10.24729751]}, "properties": {"stratum": "Houses"}}, {"type": "Feature", "geometry": {"type": "Point", "coordinates": [123.82029265, 10.24727772]}, "properties": {"stratum": "Houses"}}, {"type": "Feature", "geometry": {"type": "Point", "coordinates": [123.7832969, 10.2474493]}, "properties": {"stratum": "Houses"}}, {"type": "Feature", "geometry": {"type": "Point", "coordinates": [123.8023601, 10.2474951]}, "properties": {"stratum": "Houses"}}, {"type": "Feature", "geometry": {"type": "Point", "coordinates": [123.806844, 10.247518]}, "properties": {"stratum": "Houses"}}, {"type": "Feature", "geometry": {"type": "Point", "coordinates": [123.8117142, 10.2481]}, "properties": {"stratum": "Houses"}}, {"type": "Feature", "geometry": {"type": "Point", "coordinates": [123.7922101, 10.24841673]}, "properties": {"stratum": "Houses"}}, {"type": "Feature", "geometry": {"type": "Point", "coordinates": [123.78948, 10.2484715]}, "properties": {"stratum": "Houses"}}, {"type": "Feature", "geometry": {"type": "Point", "coordinates": [123.8190409, 10.24958976]}, "properties": {"stratum": "Houses"}}, {"type": "Feature", "geometry": {"type": "Point", "coordinates": [123.8406295, 10.25048031]}, "properties": {"stratum": "Houses"}}, {"type": "Feature", "geometry": {"type": "Point", "coordinates": [123.8215894, 10.2507362]}, "properties": {"stratum": "Houses"}}, {"type": "Feature", "geometry": {"type": "Point", "coordinates": [123.7810708, 10.2511369]}, "properties": {"stratum": "Houses"}}, {"type": "Feature", "geometry": {"type": "Point", "coordinates": [123.852961, 10.25119]}, "properties": {"stratum": "Houses"}}, {"type": "Feature", "geometry": {"type": "Point", "coordinates": [123.8340754, 10.2519208]}, "properties": {"stratum": "Houses"}}, {"type": "Feature", "geometry": {"type": "Point", "coordinates": [123.8118181, 10.2530882]}, "properties": {"stratum": "Houses"}}, {"type": "Feature", "geometry": {"type": "Point", "coordinates": [123.8118181, 10.2530882]}, "properties": {"stratum": "Houses"}}, {"type": "Feature", "geometry": {"type": "Point", "coordinates": [123.8084735, 10.2534424]}, "properties": {"stratum": "Houses"}}, {"type": "Feature", "geometry": {"type": "Point", "coordinates": [123.8084735, 10.25344236]}, "properties": {"stratum": "Houses"}}, {"type": "Feature", "geometry": {"type": "Point", "coordinates": [123.81243539, 10.25406387]}, "properties": {"stratum": "Houses"}}, {"type": "Feature", "geometry": {"type": "Point", "coordinates": [123.80562, 10.254595]}, "properties": {"stratum": "Houses"}}, {"type": "Feature", "geometry": {"type": "Point", "coordinates": [123.7984971, 10.2554128]}, "properties": {"stratum": "Houses"}}, {"type": "Feature", "geometry": {"type": "Point", "coordinates": [123.7984869, 10.25546455]}, "properties": {"stratum": "Houses"}}, {"type": "Feature", "geometry": {"type": "Point", "coordinates": [123.98008324, 10.25722852]}, "properties": {"stratum": "Houses"}}, {"type": "Feature", "geometry": {"type": "Point", "coordinates": [123.8241275, 10.2585936]}, "properties": {"stratum": "Houses"}}, {"type": "Feature", "geometry": {"type": "Point", "coordinates": [123.8241275, 10.2585936]}, "properties": {"stratum": "Houses"}}, {"type": "Feature", "geometry": {"type": "Point", "coordinates": [123.8241275, 10.2585936]}, "properties": {"stratum": "Houses"}}, {"type": "Feature", "geometry": {"type": "Point", "coordinates": [123.9713763, 10.2592087]}, "properties": {"stratum": "Houses"}}, {"type": "Feature", "geometry": {"type": "Point", "coordinates": [123.9713763, 10.2592087]}, "properties": {"stratum": "Houses"}}, {"type": "Feature", "geometry": {"type": "Point", "coordinates": [123.7859862, 10.2617529]}, "properties": {"stratum": "Houses"}}, {"type": "Feature", "geometry": {"type": "Point", "coordinates": [123.87065179646017, 10.262509143573606]}, "properties": {"stratum": "Houses"}}, {"type": "Feature", "geometry": {"type": "Point", "coordinates": [123.826378, 10.264092]}, "properties": {"stratum": "Houses"}}, {"type": "Feature", "geometry": {"type": "Point", "coordinates": [123.96979529, 10.26426526]}, "properties": {"stratum": "Houses"}}, {"type": "Feature", "geometry": {"type": "Point", "coordinates": [123.8174018, 10.2644916]}, "properties": {"stratum": "Houses"}}, {"type": "Feature", "geometry": {"type": "Point", "coordinates": [123.8174018, 10.2644916]}, "properties": {"stratum": "Houses"}}, {"type": "Feature", "geometry": {"type": "Point", "coordinates": [123.8174018, 10.2644916]}, "properties": {"stratum": "Houses"}}, {"type": "Feature", "geometry": {"type": "Point", "coordinates": [123.9728198, 10.2667234]}, "properties": {"stratum": "Houses"}}, {"type": "Feature", "geometry": {"type": "Point", "coordinates": [123.96986, 10.26687]}, "properties": {"stratum": "Houses"}}, {"type": "Feature", "geometry": {"type": "Point", "coordinates": [123.96986, 10.26687]}, "properties": {"stratum": "Houses"}}, {"type": "Feature", "geometry": {"type": "Point", "coordinates": [123.97309, 10.267427]}, "properties": {"stratum": "Houses"}}, {"type": "Feature", "geometry": {"type": "Point", "coordinates": [123.9727957, 10.26749779]}, "properties": {"stratum": "Houses"}}, {"type": "Feature", "geometry": {"type": "Point", "coordinates": [123.8231948, 10.2676689]}, "properties": {"stratum": "Houses"}}, {"type": "Feature", "geometry": {"type": "Point", "coordinates": [123.9706418, 10.2689406]}, "properties": {"stratum": "Houses"}}, {"type": "Feature", "geometry": {"type": "Point", "coordinates": [123.9706418, 10.2689406]}, "properties": {"stratum": "Houses"}}, {"type": "Feature", "geometry": {"type": "Point", "coordinates": [123.94043, 10.2703711]}, "properties": {"stratum": "Houses"}}, {"type": "Feature", "geometry": {"type": "Point", "coordinates": [123.968312, 10.270899]}, "properties": {"stratum": "Houses"}}, {"type": "Feature", "geometry": {"type": "Point", "coordinates": [123.968312, 10.270899]}, "properties": {"stratum": "Houses"}}, {"type": "Feature", "geometry": {"type": "Point", "coordinates": [123.9427672, 10.2718517]}, "properties": {"stratum": "Houses"}}, {"type": "Feature", "geometry": {"type": "Point", "coordinates": [123.8194296, 10.27209097]}, "properties": {"stratum": "Houses"}}, {"type": "Feature", "geometry": {"type": "Point", "coordinates": [123.9437453, 10.2720704]}, "properties": {"stratum": "Houses"}}, {"type": "Feature", "geometry": {"type": "Point", "coordinates": [123.97013225, 10.2733512]}, "properties": {"stratum": "Houses"}}, {"type": "Feature", "geometry": {"type": "Point", "coordinates": [123.9586124, 10.2742187]}, "properties": {"stratum": "Houses"}}, {"type": "Feature", "geometry": {"type": "Point", "coordinates": [123.9625186, 10.2745487]}, "properties": {"stratum": "Houses"}}, {"type": "Feature", "geometry": {"type": "Point", "coordinates": [123.97549, 10.27453]}, "properties": {"stratum": "Houses"}}, {"type": "Feature", "geometry": {"type": "Point", "coordinates": [123.8382477, 10.2748408]}, "properties": {"stratum": "Houses"}}, {"type": "Feature", "geometry": {"type": "Point", "coordinates": [123.8387583, 10.27478922]}, "properties": {"stratum": "Houses"}}, {"type": "Feature", "geometry": {"type": "Point", "coordinates": [123.83548733, 10.27528932]}, "properties": {"stratum": "Houses"}}, {"type": "Feature", "geometry": {"type": "Point", "coordinates": [123.8320574, 10.2754314]}, "properties": {"stratum": "Houses"}}, {"type": "Feature", "geometry": {"type": "Point", "coordinates": [123.9669542, 10.276958]}, "properties": {"stratum": "Houses"}}, {"type": "Feature", "geometry": {"type": "Point", "coordinates": [123.9685368, 10.2771651]}, "properties": {"stratum": "Houses"}}, {"type": "Feature", "geometry": {"type": "Point", "coordinates": [123.97603009, 10.27721926]}, "properties": {"stratum": "Houses"}}, {"type": "Feature", "geometry": {"type": "Point", "coordinates": [123.8383377, 10.2777072]}, "properties": {"stratum": "Houses"}}, {"type": "Feature", "geometry": {"type": "Point", "coordinates": [123.9639947, 10.2779963]}, "properties": {"stratum": "Houses"}}, {"type": "Feature", "geometry": {"type": "Point", "coordinates": [123.9455156, 10.27878459]}, "properties": {"stratum": "Houses"}}, {"type": "Feature", "geometry": {"type": "Point", "coordinates": [123.8522041, 10.27906498]}, "properties": {"stratum": "Houses"}}, {"type": "Feature", "geometry": {"type": "Point", "coordinates": [123.9891524, 10.2792139]}, "properties": {"stratum": "Houses"}}, {"type": "Feature", "geometry": {"type": "Point", "coordinates": [123.963309, 10.2805205]}, "properties": {"stratum": "Houses"}}, {"type": "Feature", "geometry": {"type": "Point", "coordinates": [123.8491764, 10.2806393]}, "properties": {"stratum": "Houses"}}, {"type": "Feature", "geometry": {"type": "Point", "coordinates": [123.9633063, 10.2805503]}, "properties": {"stratum": "Houses"}}, {"type": "Feature", "geometry": {"type": "Point", "coordinates": [123.9659507, 10.2825543]}, "properties": {"stratum": "Houses"}}, {"type": "Feature", "geometry": {"type": "Point", "coordinates": [123.97929966, 10.28257376]}, "properties": {"stratum": "Houses"}}, {"type": "Feature", "geometry": {"type": "Point", "coordinates": [123.9622318, 10.28320587]}, "properties": {"stratum": "Houses"}}, {"type": "Feature", "geometry": {"type": "Point", "coordinates": [123.9970338, 10.2832585]}, "properties": {"stratum": "Houses"}}, {"type": "Feature", "geometry": {"type": "Point", "coordinates": [123.849249, 10.2836489]}, "properties": {"stratum": "Houses"}}, {"type": "Feature", "geometry": {"type": "Point", "coordinates": [123.986253, 10.283592]}, "properties": {"stratum": "Houses"}}, {"type": "Feature", "geometry": {"type": "Point", "coordinates": [123.949863, 10.283663]}, "properties": {"stratum": "Houses"}}, {"type": "Feature", "geometry": {"type": "Point", "coordinates": [123.9499154, 10.283829]}, "properties": {"stratum": "Houses"}}, {"type": "Feature", "geometry": {"type": "Point", "coordinates": [123.9499154, 10.283829]}, "properties": {"stratum": "Houses"}}, {"type": "Feature", "geometry": {"type": "Point", "coordinates": [123.9833623, 10.2846893]}, "properties": {"stratum": "Houses"}}, {"type": "Feature", "geometry": {"type": "Point", "coordinates": [123.9734207, 10.28505991]}, "properties": {"stratum": "Houses"}}, {"type": "Feature", "geometry": {"type": "Point", "coordinates": [123.9504723, 10.285422]}, "properties": {"stratum": "Houses"}}, {"type": "Feature", "geometry": {"type": "Point", "coordinates": [123.962444, 10.2865227]}, "properties": {"stratum": "Houses"}}, {"type": "Feature", "geometry": {"type": "Point", "coordinates": [123.99170727, 10.28804662]}, "properties": {"stratum": "Houses"}}, {"type": "Feature", "geometry": {"type": "Point", "coordinates": [123.9767436, 10.2881831]}, "properties": {"stratum": "Houses"}}, {"type": "Feature", "geometry": {"type": "Point", "coordinates": [123.9983554, 10.28826279]}, "properties": {"stratum": "Houses"}}, {"type": "Feature", "geometry": {"type": "Point", "coordinates": [123.8788002, 10.288614]}, "properties": {"stratum": "Houses"}}, {"type": "Feature", "geometry": {"type": "Point", "coordinates": [124.003896, 10.28869274]}, "properties": {"stratum": "Houses"}}, {"type": "Feature", "geometry": {"type": "Point", "coordinates": [123.9534757, 10.2890902]}, "properties": {"stratum": "Houses"}}, {"type": "Feature", "geometry": {"type": "Point", "coordinates": [123.9534757, 10.2890902]}, "properties": {"stratum": "Houses"}}, {"type": "Feature", "geometry": {"type": "Point", "coordinates": [123.9727774, 10.2893639]}, "properties": {"stratum": "Houses"}}, {"type": "Feature", "geometry": {"type": "Point", "coordinates": [123.9502247, 10.2895101]}, "properties": {"stratum": "Houses"}}, {"type": "Feature", "geometry": {"type": "Point", "coordinates": [124.0018518, 10.2894868]}, "properties": {"stratum": "Houses"}}, {"type": "Feature", "geometry": {"type": "Point", "coordinates": [123.99852108, 10.29010906]}, "properties": {"stratum": "Houses"}}, {"type": "Feature", "geometry": {"type": "Point", "coordinates": [123.9984363, 10.2902065]}, "properties": {"stratum": "Houses"}}, {"type": "Feature", "geometry": {"type": "Point", "coordinates": [123.9912334, 10.2913139]}, "properties": {"stratum": "Houses"}}, {"type": "Feature", "geometry": {"type": "Point", "coordinates": [123.8775551, 10.291426]}, "properties": {"stratum": "Houses"}}, {"type": "Feature", "geometry": {"type": "Point", "coordinates": [124.0046288, 10.2913526]}, "properties": {"stratum": "Houses"}}, {"type": "Feature", "geometry": {"type": "Point", "coordinates": [123.964519, 10.291595]}, "properties": {"stratum": "Houses"}}, {"type": "Feature", "geometry": {"type": "Point", "coordinates": [123.964519, 10.291595]}, "properties": {"stratum": "Houses"}}, {"type": "Feature", "geometry": {"type": "Point", "coordinates": [123.964519, 10.291595]}, "properties": {"stratum": "Houses"}}, {"type": "Feature", "geometry": {"type": "Point", "coordinates": [123.99165568, 10.29176882]}, "properties": {"stratum": "Houses"}}, {"type": "Feature", "geometry": {"type": "Point", "coordinates": [123.969612, 10.292395]}, "properties": {"stratum": "Houses"}}, {"type": "Feature", "geometry": {"type": "Point", "coordinates": [123.969612, 10.292395]}, "properties": {"stratum": "Houses"}}, {"type": "Feature", "geometry": {"type": "Point", "coordinates": [123.959009, 10.292462]}, "properties": {"stratum": "Houses"}}, {"type": "Feature", "geometry": {"type": "Point", "coordinates": [123.9857732, 10.2925768]}, "properties": {"stratum": "Houses"}}, {"type": "Feature", "geometry": {"type": "Point", "coordinates": [123.9648946, 10.2953159]}, "properties": {"stratum": "Houses"}}, {"type": "Feature", "geometry": {"type": "Point", "coordinates": [123.8581477, 10.2956307]}, "properties": {"stratum": "Houses"}}, {"type": "Feature", "geometry": {"type": "Point", "coordinates": [123.985914, 10.295947]}, "properties": {"stratum": "Houses"}}, {"type": "Feature", "geometry": {"type": "Point", "coordinates": [123.96399, 10.29621]}, "properties": {"stratum": "Houses"}}, {"type": "Feature", "geometry": {"type": "Point", "coordinates": [124.00635, 10.2982232]}, "properties": {"stratum": "Houses"}}, {"type": "Feature", "geometry": {"type": "Point", "coordinates": [123.998783, 10.298255]}, "properties": {"stratum": "Houses"}}, {"type": "Feature", "geometry": {"type": "Point", "coordinates": [123.984898, 10.29842]}, "properties": {"stratum": "Houses"}}, {"type": "Feature", "geometry": {"type": "Point", "coordinates": [123.992815, 10.2989483]}, "properties": {"stratum": "Houses"}}, {"type": "Feature", "geometry": {"type": "Point", "coordinates": [123.9423717, 10.2994172]}, "properties": {"stratum": "Houses"}}, {"type": "Feature", "geometry": {"type": "Point", "coordinates": [123.9424289, 10.29942245]}, "properties": {"stratum": "Houses"}}, {"type": "Feature", "geometry": {"type": "Point", "coordinates": [123.9423717, 10.2994172]}, "properties": {"stratum": "Houses"}}, {"type": "Feature", "geometry": {"type": "Point", "coordinates": [123.866405, 10.29952702]}, "properties": {"stratum": "Houses"}}, {"type": "Feature", "geometry": {"type": "Point", "coordinates": [123.9387637, 10.2996078]}, "properties": {"stratum": "Houses"}}, {"type": "Feature", "geometry": {"type": "Point", "coordinates": [123.984897, 10.299843]}, "properties": {"stratum": "Houses"}}, {"type": "Feature", "geometry": {"type": "Point", "coordinates": [123.9875424, 10.2998522]}, "properties": {"stratum": "Houses"}}, {"type": "Feature", "geometry": {"type": "Point", "coordinates": [124.0161361, 10.2998733]}, "properties": {"stratum": "Houses"}}, {"type": "Feature", "geometry": {"type": "Point", "coordinates": [124.00176009, 10.30012279]}, "properties": {"stratum": "Houses"}}, {"type": "Feature", "geometry": {"type": "Point", "coordinates": [123.8815901, 10.3003418]}, "properties": {"stratum": "Houses"}}, {"type": "Feature", "geometry": {"type": "Point", "coordinates": [123.8815901, 10.3003418]}, "properties": {"stratum": "Houses"}}, {"type": "Feature", "geometry": {"type": "Point", "coordinates": [123.96046154, 10.30141331]}, "properties": {"stratum": "Houses"}}, {"type": "Feature", "geometry": {"type": "Point", "coordinates": [123.8797965, 10.3019629]}, "properties": {"stratum": "Houses"}}, {"type": "Feature", "geometry": {"type": "Point", "coordinates": [123.9777887, 10.3046231]}, "properties": {"stratum": "Houses"}}, {"type": "Feature", "geometry": {"type": "Point", "coordinates": [123.89012799, 10.30553239]}, "properties": {"stratum": "Houses"}}, {"type": "Feature", "geometry": {"type": "Point", "coordinates": [124.0111283, 10.305527]}, "properties": {"stratum": "Houses"}}, {"type": "Feature", "geometry": {"type": "Point", "coordinates": [124.0112255, 10.3054728]}, "properties": {"stratum": "Houses"}}, {"type": "Feature", "geometry": {"type": "Point", "coordinates": [124.0112255, 10.3054728]}, "properties": {"stratum": "Houses"}}, {"type": "Feature", "geometry": {"type": "Point", "coordinates": [123.9464397, 10.3057985]}, "properties": {"stratum": "Houses"}}, {"type": "Feature", "geometry": {"type": "Point", "coordinates": [124.00267381, 10.30660578]}, "properties": {"stratum": "Houses"}}, {"type": "Feature", "geometry": {"type": "Point", "coordinates": [123.8807738, 10.308402]}, "properties": {"stratum": "Houses"}}, {"type": "Feature", "geometry": {"type": "Point", "coordinates": [123.8701699, 10.30872736]}, "properties": {"stratum": "Houses"}}, {"type": "Feature", "geometry": {"type": "Point", "coordinates": [123.8606478, 10.3087756]}, "properties": {"stratum": "Houses"}}, {"type": "Feature", "geometry": {"type": "Point", "coordinates": [123.8705087, 10.3090884]}, "properties": {"stratum": "Houses"}}, {"type": "Feature", "geometry": {"type": "Point", "coordinates": [123.8713482, 10.3091166]}, "properties": {"stratum": "Houses"}}, {"type": "Feature", "geometry": {"type": "Point", "coordinates": [123.8697277, 10.30926645]}, "properties": {"stratum": "Houses"}}, {"type": "Feature", "geometry": {"type": "Point", "coordinates": [123.8749453, 10.3096481]}, "properties": {"stratum": "Houses"}}, {"type": "Feature", "geometry": {"type": "Point", "coordinates": [123.8749423, 10.3096918]}, "properties": {"stratum": "Houses"}}, {"type": "Feature", "geometry": {"type": "Point", "coordinates": [124.0017886, 10.3104871]}, "properties": {"stratum": "Houses"}}, {"type": "Feature", "geometry": {"type": "Point", "coordinates": [124.0013992, 10.3105889]}, "properties": {"stratum": "Houses"}}, {"type": "Feature", "geometry": {"type": "Point", "coordinates": [124.0147382, 10.3107043]}, "properties": {"stratum": "Houses"}}, {"type": "Feature", "geometry": {"type": "Point", "coordinates": [123.9744763, 10.3121971]}, "properties": {"stratum": "Houses"}}, {"type": "Feature", "geometry": {"type": "Point", "coordinates": [123.9744763, 10.3121971]}, "properties": {"stratum": "Houses"}}, {"type": "Feature", "geometry": {"type": "Point", "coordinates": [123.880686, 10.313694]}, "properties": {"stratum": "Houses"}}, {"type": "Feature", "geometry": {"type": "Point", "coordinates": [123.880686, 10.313694]}, "properties": {"stratum": "Houses"}}, {"type": "Feature", "geometry": {"type": "Point", "coordinates": [123.995723, 10.314572]}, "properties": {"stratum": "Houses"}}, {"type": "Feature", "geometry": {"type": "Point", "coordinates": [123.995723, 10.314572]}, "properties": {"stratum": "Houses"}}, {"type": "Feature", "geometry": {"type": "Point", "coordinates": [123.8954226, 10.3149181]}, "properties": {"stratum": "Houses"}}, {"type": "Feature", "geometry": {"type": "Point", "coordinates": [123.88433508574964, 10.315626499592437]}, "properties": {"stratum": "Houses"}}, {"type": "Feature", "geometry": {"type": "Point", "coordinates": [123.8854377, 10.3156173]}, "properties": {"stratum": "Houses"}}, {"type": "Feature", "geometry": {"type": "Point", "coordinates": [123.9150619, 10.3156739]}, "properties": {"stratum": "Houses"}}, {"type": "Feature", "geometry": {"type": "Point", "coordinates": [123.8852299, 10.3158708]}, "properties": {"stratum": "Houses"}}, {"type": "Feature", "geometry": {"type": "Point", "coordinates": [123.96473, 10.3172]}, "properties": {"stratum": "Houses"}}, {"type": "Feature", "geometry": {"type": "Point", "coordinates": [123.96473, 10.3172]}, "properties": {"stratum": "Houses"}}, {"type": "Feature", "geometry": {"type": "Point", "coordinates": [123.9639483, 10.3183756]}, "properties": {"stratum": "Houses"}}, {"type": "Feature", "geometry": {"type": "Point", "coordinates": [123.9722147, 10.3197437]}, "properties": {"stratum": "Houses"}}, {"type": "Feature", "geometry": {"type": "Point", "coordinates": [123.9150336, 10.3200307]}, "properties": {"stratum": "Houses"}}, {"type": "Feature", "geometry": {"type": "Point", "coordinates": [123.9720507, 10.3230101]}, "properties": {"stratum": "Houses"}}, {"type": "Feature", "geometry": {"type": "Point", "coordinates": [123.8647932, 10.3232233]}, "properties": {"stratum": "Houses"}}, {"type": "Feature", "geometry": {"type": "Point", "coordinates": [123.88019509613513, 10.32342058946714]}, "properties": {"stratum": "Houses"}}, {"type": "Feature", "geometry": {"type": "Point", "coordinates": [123.7906581, 10.3236604]}, "properties": {"stratum": "Houses"}}, {"type": "Feature", "geometry": {"type": "Point", "coordinates": [123.9036274, 10.3243085]}, "properties": {"stratum": "Houses"}}, {"type": "Feature", "geometry": {"type": "Point", "coordinates": [123.90362754464148, 10.324308540732366]}, "properties": {"stratum": "Houses"}}, {"type": "Feature", "geometry": {"type": "Point", "coordinates": [123.9695549, 10.32434515]}, "properties": {"stratum": "Houses"}}, {"type": "Feature", "geometry": {"type": "Point", "coordinates": [123.8712258, 10.3245464]}, "properties": {"stratum": "Houses"}}, {"type": "Feature", "geometry": {"type": "Point", "coordinates": [123.9774298, 10.3246454]}, "properties": {"stratum": "Houses"}}, {"type": "Feature", "geometry": {"type": "Point", "coordinates": [123.8777913, 10.325282]}, "properties": {"stratum": "Houses"}}, {"type": "Feature", "geometry": {"type": "Point", "coordinates": [123.9220336, 10.3256989]}, "properties": {"stratum": "Houses"}}, {"type": "Feature", "geometry": {"type": "Point", "coordinates": [123.8722479, 10.3263978]}, "properties": {"stratum": "Houses"}}, {"type": "Feature", "geometry": {"type": "Point", "coordinates": [123.8722479, 10.3263978]}, "properties": {"stratum": "Houses"}}, {"type": "Feature", "geometry": {"type": "Point", "coordinates": [123.959672, 10.3272594]}, "properties": {"stratum": "Houses"}}, {"type": "Feature", "geometry": {"type": "Point", "coordinates": [123.9429876, 10.3275809]}, "properties": {"stratum": "Houses"}}, {"type": "Feature", "geometry": {"type": "Point", "coordinates": [123.922099, 10.3312917]}, "properties": {"stratum": "Houses"}}, {"type": "Feature", "geometry": {"type": "Point", "coordinates": [123.922099, 10.3312917]}, "properties": {"stratum": "Houses"}}, {"type": "Feature", "geometry": {"type": "Point", "coordinates": [123.935769, 10.3320644]}, "properties": {"stratum": "Houses"}}, {"type": "Feature", "geometry": {"type": "Point", "coordinates": [123.9234692, 10.3347906]}, "properties": {"stratum": "Houses"}}, {"type": "Feature", "geometry": {"type": "Point", "coordinates": [123.9060645, 10.3350809]}, "properties": {"stratum": "Houses"}}, {"type": "Feature", "geometry": {"type": "Point", "coordinates": [123.9063529, 10.3358823]}, "properties": {"stratum": "Houses"}}, {"type": "Feature", "geometry": {"type": "Point", "coordinates": [123.9053005, 10.3373313]}, "properties": {"stratum": "Houses"}}, {"type": "Feature", "geometry": {"type": "Point", "coordinates": [123.924181, 10.339525]}, "properties": {"stratum": "Houses"}}, {"type": "Feature", "geometry": {"type": "Point", "coordinates": [123.9415689, 10.3402916]}, "properties": {"stratum": "Houses"}}, {"type": "Feature", "geometry": {"type": "Point", "coordinates": [123.9063567, 10.3405627]}, "properties": {"stratum": "Houses"}}, {"type": "Feature", "geometry": {"type": "Point", "coordinates": [123.94369, 10.341323]}, "properties": {"stratum": "Houses"}}, {"type": "Feature", "geometry": {"type": "Point", "coordinates": [123.9151208, 10.3415278]}, "properties": {"stratum": "Houses"}}, {"type": "Feature", "geometry": {"type": "Point", "coordinates": [123.9151208, 10.3415278]}, "properties": {"stratum": "Houses"}}, {"type": "Feature", "geometry": {"type": "Point", "coordinates": [123.9401578, 10.3416337]}, "properties": {"stratum": "Houses"}}, {"type": "Feature", "geometry": {"type": "Point", "coordinates": [123.90626516193151, 10.341939395450552]}, "properties": {"stratum": "Houses"}}, {"type": "Feature", "geometry": {"type": "Point", "coordinates": [123.941811, 10.342203]}, "properties": {"stratum": "Houses"}}, {"type": "Feature", "geometry": {"type": "Point", "coordinates": [123.9405549, 10.3428664]}, "properties": {"stratum": "Houses"}}, {"type": "Feature", "geometry": {"type": "Point", "coordinates": [123.9206393, 10.3439529]}, "properties": {"stratum": "Houses"}}, {"type": "Feature", "geometry": {"type": "Point", "coordinates": [123.9206393, 10.3439529]}, "properties": {"stratum": "Houses"}}, {"type": "Feature", "geometry": {"type": "Point", "coordinates": [123.959672, 10.3441361]}, "properties": {"stratum": "Houses"}}, {"type": "Feature", "geometry": {"type": "Point", "coordinates": [123.9099079, 10.3442423]}, "properties": {"stratum": "Houses"}}, {"type": "Feature", "geometry": {"type": "Point", "coordinates": [123.944584, 10.34494]}, "properties": {"stratum": "Houses"}}, {"type": "Feature", "geometry": {"type": "Point", "coordinates": [123.9251155, 10.34502469]}, "properties": {"stratum": "Houses"}}, {"type": "Feature", "geometry": {"type": "Point", "coordinates": [123.9317932, 10.3450396]}, "properties": {"stratum": "Houses"}}, {"type": "Feature", "geometry": {"type": "Point", "coordinates": [123.9063737, 10.3450965]}, "properties": {"stratum": "Houses"}}, {"type": "Feature", "geometry": {"type": "Point", "coordinates": [123.8578735, 10.3453683]}, "properties": {"stratum": "Houses"}}, {"type": "Feature", "geometry": {"type": "Point", "coordinates": [123.91229, 10.345495]}, "properties": {"stratum": "Houses"}}, {"type": "Feature", "geometry": {"type": "Point", "coordinates": [123.91229, 10.345495]}, "properties": {"stratum": "Houses"}}, {"type": "Feature", "geometry": {"type": "Point", "coordinates": [123.91229, 10.345495]}, "properties": {"stratum": "Houses"}}, {"type": "Feature", "geometry": {"type": "Point", "coordinates": [123.9506123, 10.3470224]}, "properties": {"stratum": "Houses"}}, {"type": "Feature", "geometry": {"type": "Point", "coordinates": [123.9317932, 10.3474515]}, "properties": {"stratum": "Houses"}}, {"type": "Feature", "geometry": {"type": "Point", "coordinates": [123.9310515, 10.34834823]}, "properties": {"stratum": "Houses"}}, {"type": "Feature", "geometry": {"type": "Point", "coordinates": [123.9310515, 10.34834823]}, "properties": {"stratum": "Houses"}}, {"type": "Feature", "geometry": {"type": "Point", "coordinates": [123.9310749, 10.3483768]}, "properties": {"stratum": "Houses"}}, {"type": "Feature", "geometry": {"type": "Point", "coordinates": [123.9295527, 10.3489252]}, "properties": {"stratum": "Houses"}}, {"type": "Feature", "geometry": {"type": "Point", "coordinates": [123.9276107, 10.3491547]}, "properties": {"stratum": "Houses"}}, {"type": "Feature", "geometry": {"type": "Point", "coordinates": [123.95078681, 10.34997393]}, "properties": {"stratum": "Houses"}}, {"type": "Feature", "geometry": {"type": "Point", "coordinates": [123.9134073, 10.35063177]}, "properties": {"stratum": "Houses"}}, {"type": "Feature", "geometry": {"type": "Point", "coordinates": [123.9134073, 10.35063177]}, "properties": {"stratum": "Houses"}}, {"type": "Feature", "geometry": {"type": "Point", "coordinates": [123.9135389, 10.3506292]}, "properties": {"stratum": "Houses"}}, {"type": "Feature", "geometry": {"type": "Point", "coordinates": [123.9568845, 10.3517019]}, "properties": {"stratum": "Houses"}}, {"type": "Feature", "geometry": {"type": "Point", "coordinates": [123.9053005, 10.3518061]}, "properties": {"stratum": "Houses"}}, {"type": "Feature", "geometry": {"type": "Point", "coordinates": [123.9460678, 10.3520736]}, "properties": {"stratum": "Houses"}}, {"type": "Feature", "geometry": {"type": "Point", "coordinates": [123.9413405, 10.35362574]}, "properties": {"stratum": "Houses"}}, {"type": "Feature", "geometry": {"type": "Point", "coordinates": [123.941661, 10.3554819]}, "properties": {"stratum": "Houses"}}, {"type": "Feature", "geometry": {"type": "Point", "coordinates": [123.944023, 10.355647]}, "properties": {"stratum": "Houses"}}, {"type": "Feature", "geometry": {"type": "Point", "coordinates": [123.9443397, 10.3568128]}, "properties": {"stratum": "Houses"}}, {"type": "Feature", "geometry": {"type": "Point", "coordinates": [123.9443397, 10.3568128]}, "properties": {"stratum": "Houses"}}, {"type": "Feature", "geometry": {"type": "Point", "coordinates": [123.9192832, 10.3571568]}, "properties": {"stratum": "Houses"}}, {"type": "Feature", "geometry": {"type": "Point", "coordinates": [123.9192832, 10.3571568]}, "properties": {"stratum": "Houses"}}, {"type": "Feature", "geometry": {"type": "Point", "coordinates": [123.9513093, 10.357189]}, "properties": {"stratum": "Houses"}}, {"type": "Feature", "geometry": {"type": "Point", "coordinates": [123.9513093, 10.357189]}, "properties": {"stratum": "Houses"}}, {"type": "Feature", "geometry": {"type": "Point", "coordinates": [123.9156019, 10.3588475]}, "properties": {"stratum": "Houses"}}, {"type": "Feature", "geometry": {"type": "Point", "coordinates": [123.94308351, 10.35989841]}, "properties": {"stratum": "Houses"}}, {"type": "Feature", "geometry": {"type": "Point", "coordinates": [123.9530498, 10.3605636]}, "properties": {"stratum": "Houses"}}, {"type": "Feature", "geometry": {"type": "Point", "coordinates": [123.94737745, 10.36093765]}, "properties": {"stratum": "Houses"}}, {"type": "Feature", "geometry": {"type": "Point", "coordinates": [123.92733123, 10.36101713]}, "properties": {"stratum": "Houses"}}, {"type": "Feature", "geometry": {"type": "Point", "coordinates": [123.9151338, 10.3615244]}, "properties": {"stratum": "Houses"}}, {"type": "Feature", "geometry": {"type": "Point", "coordinates": [123.9450567, 10.3615142]}, "properties": {"stratum": "Houses"}}, {"type": "Feature", "geometry": {"type": "Point", "coordinates": [123.911374, 10.36171]}, "properties": {"stratum": "Houses"}}, {"type": "Feature", "geometry": {"type": "Point", "coordinates": [123.9833623, 10.3618097]}, "properties": {"stratum": "Houses"}}, {"type": "Feature", "geometry": {"type": "Point", "coordinates": [123.9833623, 10.3618097]}, "properties": {"stratum": "Houses"}}, {"type": "Feature", "geometry": {"type": "Point", "coordinates": [123.9436985, 10.3620398]}, "properties": {"stratum": "Houses"}}, {"type": "Feature", "geometry": {"type": "Point", "coordinates": [123.9436985, 10.3620398]}, "properties": {"stratum": "Houses"}}, {"type": "Feature", "geometry": {"type": "Point", "coordinates": [123.947956, 10.362012]}, "properties": {"stratum": "Houses"}}, {"type": "Feature", "geometry": {"type": "Point", "coordinates": [123.9329916, 10.362082]}, "properties": {"stratum": "Houses"}}, {"type": "Feature", "geometry": {"type": "Point", "coordinates": [123.9472397, 10.362064]}, "properties": {"stratum": "Houses"}}, {"type": "Feature", "geometry": {"type": "Point", "coordinates": [123.9472397, 10.362064]}, "properties": {"stratum": "Houses"}}, {"type": "Feature", "geometry": {"type": "Point", "coordinates": [123.9545761, 10.3630844]}, "properties": {"stratum": "Houses"}}, {"type": "Feature", "geometry": {"type": "Point", "coordinates": [123.930027, 10.36356]}, "properties": {"stratum": "Houses"}}, {"type": "Feature", "geometry": {"type": "Point", "coordinates": [123.930027, 10.36356]}, "properties": {"stratum": "Houses"}}, {"type": "Feature", "geometry": {"type": "Point", "coordinates": [123.930027, 10.36356]}, "properties": {"stratum": "Houses"}}, {"type": "Feature", "geometry": {"type": "Point", "coordinates": [123.935119, 10.363896]}, "properties": {"stratum": "Houses"}}, {"type": "Feature", "geometry": {"type": "Point", "coordinates": [123.951309, 10.364425]}, "properties": {"stratum": "Houses"}}, {"type": "Feature", "geometry": {"type": "Point", "coordinates": [123.9829925, 10.36515624]}, "properties": {"stratum": "Houses"}}, {"type": "Feature", "geometry": {"type": "Point", "coordinates": [123.9213677, 10.3666604]}, "properties": {"stratum": "Houses"}}, {"type": "Feature", "geometry": {"type": "Point", "coordinates": [123.9798693, 10.3667623]}, "properties": {"stratum": "Houses"}}, {"type": "Feature", "geometry": {"type": "Point", "coordinates": [123.9572067, 10.3668962]}, "properties": {"stratum": "Houses"}}, {"type": "Feature", "geometry": {"type": "Point", "coordinates": [123.9612275, 10.36695734]}, "properties": {"stratum": "Houses"}}, {"type": "Feature", "geometry": {"type": "Point", "coordinates": [123.9345239, 10.3674055]}, "properties": {"stratum": "Houses"}}, {"type": "Feature", "geometry": {"type": "Point", "coordinates": [123.9138928, 10.3676681]}, "properties": {"stratum": "Houses"}}, {"type": "Feature", "geometry": {"type": "Point", "coordinates": [123.9331874, 10.3677899]}, "properties": {"stratum": "Houses"}}, {"type": "Feature", "geometry": {"type": "Point", "coordinates": [123.9200293, 10.3679242]}, "properties": {"stratum": "Houses"}}, {"type": "Feature", "geometry": {"type": "Point", "coordinates": [123.9200291, 10.36792391]}, "properties": {"stratum": "Houses"}}, {"type": "Feature", "geometry": {"type": "Point", "coordinates": [123.8993475, 10.3704613]}, "properties": {"stratum": "Houses"}}, {"type": "Feature", "geometry": {"type": "Point", "coordinates": [123.9634791, 10.37047852]}, "properties": {"stratum": "Houses"}}, {"type": "Feature", "geometry": {"type": "Point", "coordinates": [123.9401578, 10.3705783]}, "properties": {"stratum": "Houses"}}, {"type": "Feature", "geometry": {"type": "Point", "coordinates": [123.958914, 10.3708949]}, "properties": {"stratum": "Houses"}}, {"type": "Feature", "geometry": {"type": "Point", "coordinates": [123.94454705, 10.37113817]}, "properties": {"stratum": "Houses"}}, {"type": "Feature", "geometry": {"type": "Point", "coordinates": [123.9540453, 10.3714387]}, "properties": {"stratum": "Houses"}}, {"type": "Feature", "geometry": {"type": "Point", "coordinates": [123.9442735, 10.3716912]}, "properties": {"stratum": "Houses"}}, {"type": "Feature", "geometry": {"type": "Point", "coordinates": [123.9442735, 10.3716912]}, "properties": {"stratum": "Houses"}}, {"type": "Feature", "geometry": {"type": "Point", "coordinates": [123.944705, 10.37175982]}, "properties": {"stratum": "Houses"}}, {"type": "Feature", "geometry": {"type": "Point", "coordinates": [123.944705, 10.37175982]}, "properties": {"stratum": "Houses"}}, {"type": "Feature", "geometry": {"type": "Point", "coordinates": [123.9402004, 10.37203742]}, "properties": {"stratum": "Houses"}}, {"type": "Feature", "geometry": {"type": "Point", "coordinates": [123.9356946, 10.37281565]}, "properties": {"stratum": "Houses"}}, {"type": "Feature", "geometry": {"type": "Point", "coordinates": [123.9430131, 10.3728792]}, "properties": {"stratum": "Houses"}}, {"type": "Feature", "geometry": {"type": "Point", "coordinates": [123.95454, 10.372964]}, "properties": {"stratum": "Houses"}}, {"type": "Feature", "geometry": {"type": "Point", "coordinates": [123.9617626, 10.37343]}, "properties": {"stratum": "Houses"}}, {"type": "Feature", "geometry": {"type": "Point", "coordinates": [123.92709572, 10.37363096]}, "properties": {"stratum": "Houses"}}, {"type": "Feature", "geometry": {"type": "Point", "coordinates": [123.9271498, 10.3738253]}, "properties": {"stratum": "Houses"}}, {"type": "Feature", "geometry": {"type": "Point", "coordinates": [123.9271681, 10.37380024]}, "properties": {"stratum": "Houses"}}, {"type": "Feature", "geometry": {"type": "Point", "coordinates": [123.926637, 10.373884]}, "properties": {"stratum": "Houses"}}, {"type": "Feature", "geometry": {"type": "Point", "coordinates": [123.9645524, 10.3740135]}, "properties": {"stratum": "Houses"}}, {"type": "Feature", "geometry": {"type": "Point", "coordinates": [123.9179152, 10.3744849]}, "properties": {"stratum": "Houses"}}, {"type": "Feature", "geometry": {"type": "Point", "coordinates": [123.9179152, 10.3744849]}, "properties": {"stratum": "Houses"}}, {"type": "Feature", "geometry": {"type": "Point", "coordinates": [123.930984, 10.37503571]}, "properties": {"stratum": "Houses"}}, {"type": "Feature", "geometry": {"type": "Point", "coordinates": [123.9533135, 10.3750413]}, "properties": {"stratum": "Houses"}}, {"type": "Feature", "geometry": {"type": "Point", "coordinates": [123.952895, 10.375297]}, "properties": {"stratum": "Houses"}}, {"type": "Feature", "geometry": {"type": "Point", "coordinates": [123.952895, 10.375297]}, "properties": {"stratum": "Houses"}}, {"type": "Feature", "geometry": {"type": "Point", "coordinates": [123.9537771, 10.375353]}, "properties": {"stratum": "Houses"}}, {"type": "Feature", "geometry": {"type": "Point", "coordinates": [123.95647075, 10.37555939]}, "properties": {"stratum": "Houses"}}, {"type": "Feature", "geometry": {"type": "Point", "coordinates": [123.9569043, 10.3757354]}, "properties": {"stratum": "Houses"}}, {"type": "Feature", "geometry": {"type": "Point", "coordinates": [123.9572218, 10.3758077]}, "properties": {"stratum": "Houses"}}, {"type": "Feature", "geometry": {"type": "Point", "coordinates": [123.960106, 10.376542]}, "properties": {"stratum": "Houses"}}, {"type": "Feature", "geometry": {"type": "Point", "coordinates": [123.9328532, 10.3770867]}, "properties": {"stratum": "Houses"}}, {"type": "Feature", "geometry": {"type": "Point", "coordinates": [123.9329548, 10.3774132]}, "properties": {"stratum": "Houses"}}, {"type": "Feature", "geometry": {"type": "Point", "coordinates": [123.9276107, 10.3781056]}, "properties": {"stratum": "Houses"}}, {"type": "Feature", "geometry": {"type": "Point", "coordinates": [123.9276107, 10.3781056]}, "properties": {"stratum": "Houses"}}, {"type": "Feature", "geometry": {"type": "Point", "coordinates": [123.9272038, 10.3783801]}, "properties": {"stratum": "Houses"}}, {"type": "Feature", "geometry": {"type": "Point", "coordinates": [123.9636166, 10.3784014]}, "properties": {"stratum": "Houses"}}, {"type": "Feature", "geometry": {"type": "Point", "coordinates": [123.94015051424503, 10.37877717385626]}, "properties": {"stratum": "Houses"}}, {"type": "Feature", "geometry": {"type": "Point", "coordinates": [123.9156796, 10.379632]}, "properties": {"stratum": "Houses"}}, {"type": "Feature", "geometry": {"type": "Point", "coordinates": [123.9235638, 10.3797793]}, "properties": {"stratum": "Houses"}}, {"type": "Feature", "geometry": {"type": "Point", "coordinates": [123.9235638, 10.3797793]}, "properties": {"stratum": "Houses"}}, {"type": "Feature", "geometry": {"type": "Point", "coordinates": [123.9205558, 10.3805837]}, "properties": {"stratum": "Houses"}}, {"type": "Feature", "geometry": {"type": "Point", "coordinates": [123.92654855, 10.38059617]}, "properties": {"stratum": "Houses"}}, {"type": "Feature", "geometry": {"type": "Point", "coordinates": [123.944039, 10.380845]}, "properties": {"stratum": "Houses"}}, {"type": "Feature", "geometry": {"type": "Point", "coordinates": [123.944039, 10.380845]}, "properties": {"stratum": "Houses"}}, {"type": "Feature", "geometry": {"type": "Point", "coordinates": [123.944039, 10.380845]}, "properties": {"stratum": "Houses"}}, {"type": "Feature", "geometry": {"type": "Point", "coordinates": [123.9443397, 10.3809365]}, "properties": {"stratum": "Houses"}}, {"type": "Feature", "geometry": {"type": "Point", "coordinates": [123.94061, 10.3811573]}, "properties": {"stratum": "Houses"}}, {"type": "Feature", "geometry": {"type": "Point", "coordinates": [123.94061, 10.3811573]}, "properties": {"stratum": "Houses"}}, {"type": "Feature", "geometry": {"type": "Point", "coordinates": [123.9154629, 10.38139404]}, "properties": {"stratum": "Houses"}}, {"type": "Feature", "geometry": {"type": "Point", "coordinates": [123.9708212, 10.3862187]}, "properties": {"stratum": "Houses"}}, {"type": "Feature", "geometry": {"type": "Point", "coordinates": [123.9708212, 10.3862187]}, "properties": {"stratum": "Houses"}}, {"type": "Feature", "geometry": {"type": "Point", "coordinates": [123.9659443, 10.3872769]}, "properties": {"stratum": "Houses"}}, {"type": "Feature", "geometry": {"type": "Point", "coordinates": [123.9687305, 10.387253]}, "properties": {"stratum": "Houses"}}, {"type": "Feature", "geometry": {"type": "Point", "coordinates": [123.9687304571271, 10.38725300282033]}, "properties": {"stratum": "Houses"}}, {"type": "Feature", "geometry": {"type": "Point", "coordinates": [123.9491859, 10.3882832]}, "properties": {"stratum": "Houses"}}, {"type": "Feature", "geometry": {"type": "Point", "coordinates": [123.9491859, 10.3882832]}, "properties": {"stratum": "Houses"}}, {"type": "Feature", "geometry": {"type": "Point", "coordinates": [123.962608, 10.389395]}, "properties": {"stratum": "Houses"}}, {"type": "Feature", "geometry": {"type": "Point", "coordinates": [123.9684369, 10.3898866]}, "properties": {"stratum": "Houses"}}, {"type": "Feature", "geometry": {"type": "Point", "coordinates": [123.9631138, 10.39013743]}, "properties": {"stratum": "Houses"}}, {"type": "Feature", "geometry": {"type": "Point", "coordinates": [123.96309, 10.3902174]}, "properties": {"stratum": "Houses"}}, {"type": "Feature", "geometry": {"type": "Point", "coordinates": [123.9431394, 10.3903051]}, "properties": {"stratum": "Houses"}}, {"type": "Feature", "geometry": {"type": "Point", "coordinates": [123.9419392, 10.390512]}, "properties": {"stratum": "Houses"}}, {"type": "Feature", "geometry": {"type": "Point", "coordinates": [123.9157591, 10.39219437]}, "properties": {"stratum": "Houses"}}, {"type": "Feature", "geometry": {"type": "Point", "coordinates": [123.9157591, 10.39219437]}, "properties": {"stratum": "Houses"}}, {"type": "Feature", "geometry": {"type": "Point", "coordinates": [123.9160177, 10.392418]}, "properties": {"stratum": "Houses"}}, {"type": "Feature", "geometry": {"type": "Point", "coordinates": [123.9158829, 10.39802129]}, "properties": {"stratum": "Houses"}}, {"type": "Feature", "geometry": {"type": "Point", "coordinates": [123.9024773, 10.39832672]}, "properties": {"stratum": "Houses"}}, {"type": "Feature", "geometry": {"type": "Point", "coordinates": [123.91158463488772, 10.40064613937744]}, "properties": {"stratum": "Houses"}}, {"type": "Feature", "geometry": {"type": "Point", "coordinates": [123.9290049, 10.4008663]}, "properties": {"stratum": "Houses"}}, {"type": "Feature", "geometry": {"type": "Point", "coordinates": [123.8167307, 10.2383121]}, "properties": {"stratum": "Houses"}}, {"type": "Feature", "geometry": {"type": "Point", "coordinates": [123.78207452595234, 10.238386685623194]}, "properties": {"stratum": "Houses"}}, {"type": "Feature", "geometry": {"type": "Point", "coordinates": [123.842875, 10.239144]}, "properties": {"stratum": "Houses"}}, {"type": "Feature", "geometry": {"type": "Point", "coordinates": [123.8137098, 10.23968]}, "properties": {"stratum": "Houses"}}, {"type": "Feature", "geometry": {"type": "Point", "coordinates": [123.8137098, 10.23968]}, "properties": {"stratum": "Houses"}}, {"type": "Feature", "geometry": {"type": "Point", "coordinates": [123.8174931, 10.24038544]}, "properties": {"stratum": "Houses"}}, {"type": "Feature", "geometry": {"type": "Point", "coordinates": [123.8241248, 10.2408331]}, "properties": {"stratum": "Houses"}}, {"type": "Feature", "geometry": {"type": "Point", "coordinates": [123.8241248, 10.2408331]}, "properties": {"stratum": "Houses"}}, {"type": "Feature", "geometry": {"type": "Point", "coordinates": [123.7796299, 10.2411092]}, "properties": {"stratum": "Houses"}}, {"type": "Feature", "geometry": {"type": "Point", "coordinates": [123.839223, 10.24138]}, "properties": {"stratum": "Houses"}}, {"type": "Feature", "geometry": {"type": "Point", "coordinates": [123.839223, 10.24138]}, "properties": {"stratum": "Houses"}}, {"type": "Feature", "geometry": {"type": "Point", "coordinates": [123.7777702, 10.24255739]}, "properties": {"stratum": "Houses"}}, {"type": "Feature", "geometry": {"type": "Point", "coordinates": [123.7786665, 10.24276832]}, "properties": {"stratum": "Houses"}}, {"type": "Feature", "geometry": {"type": "Point", "coordinates": [123.81461, 10.243115]}, "properties": {"stratum": "Houses"}}, {"type": "Feature", "geometry": {"type": "Point", "coordinates": [123.81461, 10.243115]}, "properties": {"stratum": "Houses"}}, {"type": "Feature", "geometry": {"type": "Point", "coordinates": [123.81461, 10.243115]}, "properties": {"stratum": "Houses"}}, {"type": "Feature", "geometry": {"type": "Point", "coordinates": [123.8239291, 10.2453334]}, "properties": {"stratum": "Houses"}}, {"type": "Feature", "geometry": {"type": "Point", "coordinates": [123.8239291, 10.2453334]}, "properties": {"stratum": "Houses"}}, {"type": "Feature", "geometry": {"type": "Point", "coordinates": [123.8239291, 10.2453334]}, "properties": {"stratum": "Houses"}}, {"type": "Feature", "geometry": {"type": "Point", "coordinates": [123.832816, 10.246409]}, "properties": {"stratum": "Houses"}}, {"type": "Feature", "geometry": {"type": "Point", "coordinates": [123.8227661, 10.24722469]}, "properties": {"stratum": "Houses"}}, {"type": "Feature", "geometry": {"type": "Point", "coordinates": [123.8248235, 10.2474462]}, "properties": {"stratum": "Houses"}}, {"type": "Feature", "geometry": {"type": "Point", "coordinates": [123.8455483, 10.248219]}, "properties": {"stratum": "Houses"}}, {"type": "Feature", "geometry": {"type": "Point", "coordinates": [123.822095, 10.249754]}, "properties": {"stratum": "Houses"}}, {"type": "Feature", "geometry": {"type": "Point", "coordinates": [123.8244493, 10.2513765]}, "properties": {"stratum": "Houses"}}, {"type": "Feature", "geometry": {"type": "Point", "coordinates": [123.8491546, 10.2515512]}, "properties": {"stratum": "Houses"}}, {"type": "Feature", "geometry": {"type": "Point", "coordinates": [123.8491546, 10.2515512]}, "properties": {"stratum": "Houses"}}, {"type": "Feature", "geometry": {"type": "Point", "coordinates": [123.8541855, 10.2518079]}, "properties": {"stratum": "Houses"}}, {"type": "Feature", "geometry": {"type": "Point", "coordinates": [123.8543297, 10.2518198]}, "properties": {"stratum": "Houses"}}, {"type": "Feature", "geometry": {"type": "Point", "coordinates": [123.8528185, 10.2523939]}, "properties": {"stratum": "Houses"}}, {"type": "Feature", "geometry": {"type": "Point", "coordinates": [123.85276929, 10.25239912]}, "properties": {"stratum": "Houses"}}, {"type": "Feature", "geometry": {"type": "Point", "coordinates": [123.84617, 10.252595]}, "properties": {"stratum": "Houses"}}, {"type": "Feature", "geometry": {"type": "Point", "coordinates": [123.84617, 10.252595]}, "properties": {"stratum": "Houses"}}, {"type": "Feature", "geometry": {"type": "Point", "coordinates": [123.7930428, 10.2542922]}, "properties": {"stratum": "Houses"}}, {"type": "Feature", "geometry": {"type": "Point", "coordinates": [123.8501813, 10.2543524]}, "properties": {"stratum": "Houses"}}, {"type": "Feature", "geometry": {"type": "Point", "coordinates": [123.84689, 10.2547218]}, "properties": {"stratum": "Houses"}}, {"type": "Feature", "geometry": {"type": "Point", "coordinates": [123.8456929, 10.2552847]}, "properties": {"stratum": "Houses"}}, {"type": "Feature", "geometry": {"type": "Point", "coordinates": [123.8229852, 10.2566009]}, "properties": {"stratum": "Houses"}}, {"type": "Feature", "geometry": {"type": "Point", "coordinates": [123.8396833, 10.257029]}, "properties": {"stratum": "Houses"}}, {"type": "Feature", "geometry": {"type": "Point", "coordinates": [123.8338038, 10.2580826]}, "properties": {"stratum": "Houses"}}, {"type": "Feature", "geometry": {"type": "Point", "coordinates": [123.8241275, 10.2585936]}, "properties": {"stratum": "Houses"}}, {"type": "Feature", "geometry": {"type": "Point", "coordinates": [123.83390050381422, 10.259911073385208]}, "properties": {"stratum": "Houses"}}, {"type": "Feature", "geometry": {"type": "Point", "coordinates": [123.8338888, 10.2606794]}, "properties": {"stratum": "Houses"}}, {"type": "Feature", "geometry": {"type": "Point", "coordinates": [123.8448889, 10.2612499]}, "properties": {"stratum": "Houses"}}, {"type": "Feature", "geometry": {"type": "Point", "coordinates": [123.8176026, 10.2618226]}, "properties": {"stratum": "Houses"}}, {"type": "Feature", "geometry": {"type": "Point", "coordinates": [123.8395261, 10.2636249]}, "properties": {"stratum": "Houses"}}, {"type": "Feature", "geometry": {"type": "Point", "coordinates": [123.8016644, 10.2639449]}, "properties": {"stratum": "Houses"}}, {"type": "Feature", "geometry": {"type": "Point", "coordinates": [123.8397332, 10.2642792]}, "properties": {"stratum": "Houses"}}, {"type": "Feature", "geometry": {"type": "Point", "coordinates": [123.8174018, 10.2644916]}, "properties": {"stratum": "Houses"}}, {"type": "Feature", "geometry": {"type": "Point", "coordinates": [123.8174018, 10.2644916]}, "properties": {"stratum": "Houses"}}, {"type": "Feature", "geometry": {"type": "Point", "coordinates": [123.8271725, 10.2645497]}, "properties": {"stratum": "Houses"}}, {"type": "Feature", "geometry": {"type": "Point", "coordinates": [123.832558, 10.265022]}, "properties": {"stratum": "Houses"}}, {"type": "Feature", "geometry": {"type": "Point", "coordinates": [123.8425912, 10.2669332]}, "properties": {"stratum": "Houses"}}, {"type": "Feature", "geometry": {"type": "Point", "coordinates": [123.842788, 10.2669142]}, "properties": {"stratum": "Houses"}}, {"type": "Feature", "geometry": {"type": "Point", "coordinates": [123.84209942, 10.26748025]}, "properties": {"stratum": "Houses"}}, {"type": "Feature", "geometry": {"type": "Point", "coordinates": [123.81391335, 10.26772633]}, "properties": {"stratum": "Houses"}}, {"type": "Feature", "geometry": {"type": "Point", "coordinates": [123.8199202, 10.2698885]}, "properties": {"stratum": "Houses"}}, {"type": "Feature", "geometry": {"type": "Point", "coordinates": [123.8315189, 10.2700556]}, "properties": {"stratum": "Houses"}}, {"type": "Feature", "geometry": {"type": "Point", "coordinates": [123.8431986, 10.2703442]}, "properties": {"stratum": "Houses"}}, {"type": "Feature", "geometry": {"type": "Point", "coordinates": [123.8453152, 10.270857]}, "properties": {"stratum": "Houses"}}, {"type": "Feature", "geometry": {"type": "Point", "coordinates": [123.8453152, 10.270857]}, "properties": {"stratum": "Houses"}}, {"type": "Feature", "geometry": {"type": "Point", "coordinates": [123.8502316, 10.2709462]}, "properties": {"stratum": "Houses"}}, {"type": "Feature", "geometry": {"type": "Point", "coordinates": [123.8502316, 10.2709462]}, "properties": {"stratum": "Houses"}}, {"type": "Feature", "geometry": {"type": "Point", "coordinates": [123.9427829, 10.2718242]}, "properties": {"stratum": "Houses"}}, {"type": "Feature", "geometry": {"type": "Point", "coordinates": [123.8276661, 10.27329282]}, "properties": {"stratum": "Houses"}}, {"type": "Feature", "geometry": {"type": "Point", "coordinates": [123.8276661, 10.27329282]}, "properties": {"stratum": "Houses"}}, {"type": "Feature", "geometry": {"type": "Point", "coordinates": [123.817974, 10.274]}, "properties": {"stratum": "Houses"}}, {"type": "Feature", "geometry": {"type": "Point", "coordinates": [123.8381511, 10.2742545]}, "properties": {"stratum": "Houses"}}, {"type": "Feature", "geometry": {"type": "Point", "coordinates": [123.8380713, 10.2744194]}, "properties": {"stratum": "Houses"}}, {"type": "Feature", "geometry": {"type": "Point", "coordinates": [123.8387798, 10.274747]}, "properties": {"stratum": "Houses"}}, {"type": "Feature", "geometry": {"type": "Point", "coordinates": [123.9637821, 10.2753435]}, "properties": {"stratum": "Houses"}}, {"type": "Feature", "geometry": {"type": "Point", "coordinates": [123.9777887, 10.2757142]}, "properties": {"stratum": "Houses"}}, {"type": "Feature", "geometry": {"type": "Point", "coordinates": [123.8358946, 10.2778821]}, "properties": {"stratum": "Houses"}}, {"type": "Feature", "geometry": {"type": "Point", "coordinates": [123.8356413, 10.2783347]}, "properties": {"stratum": "Houses"}}, {"type": "Feature", "geometry": {"type": "Point", "coordinates": [123.9502519, 10.28968101]}, "properties": {"stratum": "Houses"}}, {"type": "Feature", "geometry": {"type": "Point", "coordinates": [123.8775551, 10.291426]}, "properties": {"stratum": "Houses"}}, {"type": "Feature", "geometry": {"type": "Point", "coordinates": [123.8769143, 10.2923097]}, "properties": {"stratum": "Houses"}}, {"type": "Feature", "geometry": {"type": "Point", "coordinates": [123.8648496, 10.2950833]}, "properties": {"stratum": "Houses"}}, {"type": "Feature", "geometry": {"type": "Point", "coordinates": [123.8686863, 10.2997589]}, "properties": {"stratum": "Houses"}}, {"type": "Feature", "geometry": {"type": "Point", "coordinates": [123.8815901, 10.3003418]}, "properties": {"stratum": "Houses"}}, {"type": "Feature", "geometry": {"type": "Point", "coordinates": [123.9595688, 10.3003909]}, "properties": {"stratum": "Houses"}}, {"type": "Feature", "geometry": {"type": "Point", "coordinates": [123.9902896, 10.3054434]}, "properties": {"stratum": "Houses"}}, {"type": "Feature", "geometry": {"type": "Point", "coordinates": [123.8815427, 10.3098059]}, "properties": {"stratum": "Houses"}}, {"type": "Feature", "geometry": {"type": "Point", "coordinates": [123.9639483, 10.3183756]}, "properties": {"stratum": "Houses"}}, {"type": "Feature", "geometry": {"type": "Point", "coordinates": [123.9639483, 10.3183756]}, "properties": {"stratum": "Houses"}}, {"type": "Feature", "geometry": {"type": "Point", "coordinates": [123.8848253, 10.3245879]}, "properties": {"stratum": "Houses"}}, {"type": "Feature", "geometry": {"type": "Point", "coordinates": [123.8967152, 10.3314565]}, "properties": {"stratum": "Houses"}}, {"type": "Feature", "geometry": {"type": "Point", "coordinates": [123.9250432, 10.3450187]}, "properties": {"stratum": "Houses"}}, {"type": "Feature", "geometry": {"type": "Point", "coordinates": [123.9310749, 10.3483768]}, "properties": {"stratum": "Houses"}}, {"type": "Feature", "geometry": {"type": "Point", "coordinates": [123.9442258, 10.3506046]}, "properties": {"stratum": "Houses"}}, {"type": "Feature", "geometry": {"type": "Point", "coordinates": [123.9307343, 10.3507566]}, "properties": {"stratum": "Houses"}}, {"type": "Feature", "geometry": {"type": "Point", "coordinates": [123.9513093, 10.357189]}, "properties": {"stratum": "Houses"}}, {"type": "Feature", "geometry": {"type": "Point", "coordinates": [123.9283153, 10.3626589]}, "properties": {"stratum": "Houses"}}, {"type": "Feature", "geometry": {"type": "Point", "coordinates": [123.9830686, 10.3637362]}, "properties": {"stratum": "Houses"}}, {"type": "Feature", "geometry": {"type": "Point", "coordinates": [123.935119, 10.363896]}, "properties": {"stratum": "Houses"}}, {"type": "Feature", "geometry": {"type": "Point", "coordinates": [123.9828947, 10.3644957]}, "properties": {"stratum": "Houses"}}, {"type": "Feature", "geometry": {"type": "Point", "coordinates": [123.9213677, 10.3666604]}, "properties": {"stratum": "Houses"}}, {"type": "Feature", "geometry": {"type": "Point", "coordinates": [123.9572067, 10.3668962]}, "properties": {"stratum": "Houses"}}, {"type": "Feature", "geometry": {"type": "Point", "coordinates": [123.9560385, 10.3678649]}, "properties": {"stratum": "Houses"}}, {"type": "Feature", "geometry": {"type": "Point", "coordinates": [123.9169018, 10.3693292]}, "properties": {"stratum": "Houses"}}, {"type": "Feature", "geometry": {"type": "Point", "coordinates": [123.9561726897955, 10.369958123720195]}, "properties": {"stratum": "Houses"}}, {"type": "Feature", "geometry": {"type": "Point", "coordinates": [123.9275669, 10.3740625]}, "properties": {"stratum": "Houses"}}, {"type": "Feature", "geometry": {"type": "Point", "coordinates": [123.974966, 10.37408]}, "properties": {"stratum": "Houses"}}, {"type": "Feature", "geometry": {"type": "Point", "coordinates": [123.9540553, 10.37462794]}, "properties": {"stratum": "Houses"}}, {"type": "Feature", "geometry": {"type": "Point", "coordinates": [123.9533135, 10.3750413]}, "properties": {"stratum": "Houses"}}, {"type": "Feature", "geometry": {"type": "Point", "coordinates": [123.9569388, 10.3758139]}, "properties": {"stratum": "Houses"}}, {"type": "Feature", "geometry": {"type": "Point", "coordinates": [123.9569388, 10.3758139]}, "properties": {"stratum": "Houses"}}, {"type": "Feature", "geometry": {"type": "Point", "coordinates": [123.9569388, 10.3758139]}, "properties": {"stratum": "Houses"}}, {"type": "Feature", "geometry": {"type": "Point", "coordinates": [123.9108786, 10.3800995]}, "properties": {"stratum": "Houses"}}, {"type": "Feature", "geometry": {"type": "Point", "coordinates": [123.944039, 10.380845]}, "properties": {"stratum": "Houses"}}, {"type": "Feature", "geometry": {"type": "Point", "coordinates": [123.944039, 10.380845]}, "properties": {"stratum": "Houses"}}, {"type": "Feature", "geometry": {"type": "Point", "coordinates": [123.969776, 10.3854389]}, "properties": {"stratum": "Houses"}}, {"type": "Feature", "geometry": {"type": "Point", "coordinates": [123.9192051, 10.3881778]}, "properties": {"stratum": "Houses"}}, {"type": "Feature", "geometry": {"type": "Point", "coordinates": [123.9419374, 10.39051125]}, "properties": {"stratum": "Houses"}}, {"type": "Feature", "geometry": {"type": "Point", "coordinates": [123.9419374, 10.39051125]}, "properties": {"stratum": "Houses"}}, {"type": "Feature", "geometry": {"type": "Point", "coordinates": [123.9398786, 10.3923114]}, "properties": {"stratum": "Houses"}}, {"type": "Feature", "geometry": {"type": "Point", "coordinates": [123.7858147, 10.234279]}, "properties": {"stratum": "Houses"}}, {"type": "Feature", "geometry": {"type": "Point", "coordinates": [123.7812764, 10.2360158]}, "properties": {"stratum": "Houses"}}, {"type": "Feature", "geometry": {"type": "Point", "coordinates": [123.7812764, 10.2360158]}, "properties": {"stratum": "Houses"}}, {"type": "Feature", "geometry": {"type": "Point", "coordinates": [123.7824983, 10.2360236]}, "properties": {"stratum": "Houses"}}, {"type": "Feature", "geometry": {"type": "Point", "coordinates": [123.7824983, 10.2360236]}, "properties": {"stratum": "Houses"}}, {"type": "Feature", "geometry": {"type": "Point", "coordinates": [123.7824983, 10.2360236]}, "properties": {"stratum": "Houses"}}, {"type": "Feature", "geometry": {"type": "Point", "coordinates": [123.831036, 10.23681]}, "properties": {"stratum": "Houses"}}, {"type": "Feature", "geometry": {"type": "Point", "coordinates": [123.7821624, 10.2375793]}, "properties": {"stratum": "Houses"}}, {"type": "Feature", "geometry": {"type": "Point", "coordinates": [123.7821624, 10.2375793]}, "properties": {"stratum": "Houses"}}, {"type": "Feature", "geometry": {"type": "Point", "coordinates": [123.8390748, 10.23784]}, "properties": {"stratum": "Houses"}}, {"type": "Feature", "geometry": {"type": "Point", "coordinates": [123.8386525, 10.2380426]}, "properties": {"stratum": "Houses"}}, {"type": "Feature", "geometry": {"type": "Point", "coordinates": [123.7978362, 10.238299]}, "properties": {"stratum": "Houses"}}, {"type": "Feature", "geometry": {"type": "Point", "coordinates": [123.7820744, 10.2383866]}, "properties": {"stratum": "Houses"}}, {"type": "Feature", "geometry": {"type": "Point", "coordinates": [123.826626, 10.2396444]}, "properties": {"stratum": "Houses"}}, {"type": "Feature", "geometry": {"type": "Point", "coordinates": [123.7880837, 10.2401934]}, "properties": {"stratum": "Houses"}}, {"type": "Feature", "geometry": {"type": "Point", "coordinates": [123.8027439, 10.2402855]}, "properties": {"stratum": "Houses"}}, {"type": "Feature", "geometry": {"type": "Point", "coordinates": [123.8292033, 10.2402627]}, "properties": {"stratum": "Houses"}}, {"type": "Feature", "geometry": {"type": "Point", "coordinates": [123.8292033, 10.2402627]}, "properties": {"stratum": "Houses"}}, {"type": "Feature", "geometry": {"type": "Point", "coordinates": [123.8271725, 10.2404369]}, "properties": {"stratum": "Houses"}}, {"type": "Feature", "geometry": {"type": "Point", "coordinates": [123.8271725, 10.2404369]}, "properties": {"stratum": "Houses"}}, {"type": "Feature", "geometry": {"type": "Point", "coordinates": [123.8271725, 10.2404369]}, "properties": {"stratum": "Houses"}}, {"type": "Feature", "geometry": {"type": "Point", "coordinates": [123.8241248, 10.2408331]}, "properties": {"stratum": "Houses"}}, {"type": "Feature", "geometry": {"type": "Point", "coordinates": [123.7766913, 10.2409632]}, "properties": {"stratum": "Houses"}}, {"type": "Feature", "geometry": {"type": "Point", "coordinates": [123.8053219, 10.2412568]}, "properties": {"stratum": "Houses"}}, {"type": "Feature", "geometry": {"type": "Point", "coordinates": [123.8200271, 10.2425683]}, "properties": {"stratum": "Houses"}}, {"type": "Feature", "geometry": {"type": "Point", "coordinates": [123.8200271, 10.2425683]}, "properties": {"stratum": "Houses"}}, {"type": "Feature", "geometry": {"type": "Point", "coordinates": [123.8200271, 10.2425683]}, "properties": {"stratum": "Houses"}}, {"type": "Feature", "geometry": {"type": "Point", "coordinates": [123.8220666, 10.2427237]}, "properties": {"stratum": "Houses"}}, {"type": "Feature", "geometry": {"type": "Point", "coordinates": [123.8228107, 10.2429072]}, "properties": {"stratum": "Houses"}}, {"type": "Feature", "geometry": {"type": "Point", "coordinates": [123.81461, 10.243115]}, "properties": {"stratum": "Houses"}}, {"type": "Feature", "geometry": {"type": "Point", "coordinates": [123.81461, 10.243115]}, "properties": {"stratum": "Houses"}}, {"type": "Feature", "geometry": {"type": "Point", "coordinates": [123.81461, 10.243115]}, "properties": {"stratum": "Houses"}}, {"type": "Feature", "geometry": {"type": "Point", "coordinates": [123.7889922, 10.2433023]}, "properties": {"stratum": "Houses"}}, {"type": "Feature", "geometry": {"type": "Point", "coordinates": [123.8242848, 10.2433284]}, "properties": {"stratum": "Houses"}}, {"type": "Feature", "geometry": {"type": "Point", "coordinates": [123.8242848, 10.2433284]}, "properties": {"stratum": "Houses"}}, {"type": "Feature", "geometry": {"type": "Point", "coordinates": [123.78915540684828, 10.244000569874435]}, "properties": {"stratum": "Houses"}}, {"type": "Feature", "geometry": {"type": "Point", "coordinates": [123.787809, 10.2446867]}, "properties": {"stratum": "Houses"}}, {"type": "Feature", "geometry": {"type": "Point", "coordinates": [123.8397332, 10.2449907]}, "properties": {"stratum": "Houses"}}, {"type": "Feature", "geometry": {"type": "Point", "coordinates": [123.8397332, 10.2449907]}, "properties": {"stratum": "Houses"}}, {"type": "Feature", "geometry": {"type": "Point", "coordinates": [123.7875509, 10.2451216]}, "properties": {"stratum": "Houses"}}, {"type": "Feature", "geometry": {"type": "Point", "coordinates": [123.8239291, 10.2453334]}, "properties": {"stratum": "Houses"}}, {"type": "Feature", "geometry": {"type": "Point", "coordinates": [123.7959894, 10.2454293]}, "properties": {"stratum": "Houses"}}, {"type": "Feature", "geometry": {"type": "Point", "coordinates": [123.7959894, 10.2454293]}, "properties": {"stratum": "Houses"}}, {"type": "Feature", "geometry": {"type": "Point", "coordinates": [123.8279094, 10.2457798]}, "properties": {"stratum": "Houses"}}, {"type": "Feature", "geometry": {"type": "Point", "coordinates": [123.8279094, 10.2457798]}, "properties": {"stratum": "Houses"}}, {"type": "Feature", "geometry": {"type": "Point", "coordinates": [123.803442, 10.2468355]}, "properties": {"stratum": "Houses"}}, {"type": "Feature", "geometry": {"type": "Point", "coordinates": [123.7832969, 10.2474493]}, "properties": {"stratum": "Houses"}}, {"type": "Feature", "geometry": {"type": "Point", "coordinates": [123.7832969, 10.2474493]}, "properties": {"stratum": "Houses"}}, {"type": "Feature", "geometry": {"type": "Point", "coordinates": [123.806739, 10.247472]}, "properties": {"stratum": "Houses"}}, {"type": "Feature", "geometry": {"type": "Point", "coordinates": [123.806739, 10.247472]}, "properties": {"stratum": "Houses"}}, {"type": "Feature", "geometry": {"type": "Point", "coordinates": [123.847026, 10.2477346]}, "properties": {"stratum": "Houses"}}, {"type": "Feature", "geometry": {"type": "Point", "coordinates": [123.7929707, 10.2486655]}, "properties": {"stratum": "Houses"}}, {"type": "Feature", "geometry": {"type": "Point", "coordinates": [123.8425243, 10.2494847]}, "properties": {"stratum": "Houses"}}, {"type": "Feature", "geometry": {"type": "Point", "coordinates": [123.8425243, 10.2494847]}, "properties": {"stratum": "Houses"}}, {"type": "Feature", "geometry": {"type": "Point", "coordinates": [123.8190818, 10.2495593]}, "properties": {"stratum": "Houses"}}, {"type": "Feature", "geometry": {"type": "Point", "coordinates": [123.8200092, 10.2500622]}, "properties": {"stratum": "Houses"}}, {"type": "Feature", "geometry": {"type": "Point", "coordinates": [123.8200092, 10.2500622]}, "properties": {"stratum": "Houses"}}, {"type": "Feature", "geometry": {"type": "Point", "coordinates": [123.7950651, 10.250229]}, "properties": {"stratum": "Houses"}}, {"type": "Feature", "geometry": {"type": "Point", "coordinates": [123.7950651, 10.250229]}, "properties": {"stratum": "Houses"}}, {"type": "Feature", "geometry": {"type": "Point", "coordinates": [123.7950651, 10.250229]}, "properties": {"stratum": "Houses"}}, {"type": "Feature", "geometry": {"type": "Point", "coordinates": [123.791157, 10.250352]}, "properties": {"stratum": "Houses"}}, {"type": "Feature", "geometry": {"type": "Point", "coordinates": [123.8407718, 10.2504151]}, "properties": {"stratum": "Houses"}}, {"type": "Feature", "geometry": {"type": "Point", "coordinates": [123.8215894, 10.2507362]}, "properties": {"stratum": "Houses"}}, {"type": "Feature", "geometry": {"type": "Point", "coordinates": [123.7769125, 10.2511498]}, "properties": {"stratum": "Houses"}}, {"type": "Feature", "geometry": {"type": "Point", "coordinates": [123.7769125, 10.2511498]}, "properties": {"stratum": "Houses"}}, {"type": "Feature", "geometry": {"type": "Point", "coordinates": [123.7810708, 10.2511369]}, "properties": {"stratum": "Houses"}}, {"type": "Feature", "geometry": {"type": "Point", "coordinates": [123.8327235, 10.2510981]}, "properties": {"stratum": "Houses"}}, {"type": "Feature", "geometry": {"type": "Point", "coordinates": [123.8399277627468, 10.251225281289011]}, "properties": {"stratum": "Houses"}}, {"type": "Feature", "geometry": {"type": "Point", "coordinates": [123.8257767, 10.2514505]}, "properties": {"stratum": "Houses"}}, {"type": "Feature", "geometry": {"type": "Point", "coordinates": [123.8257767, 10.2514505]}, "properties": {"stratum": "Houses"}}, {"type": "Feature", "geometry": {"type": "Point", "coordinates": [123.8257767, 10.2514505]}, "properties": {"stratum": "Houses"}}, {"type": "Feature", "geometry": {"type": "Point", "coordinates": [123.8516329, 10.2514747]}, "properties": {"stratum": "Houses"}}, {"type": "Feature", "geometry": {"type": "Point", "coordinates": [123.8541855, 10.2518079]}, "properties": {"stratum": "Houses"}}, {"type": "Feature", "geometry": {"type": "Point", "coordinates": [123.8541855, 10.2518079]}, "properties": {"stratum": "Houses"}}, {"type": "Feature", "geometry": {"type": "Point", "coordinates": [123.8541855, 10.2518079]}, "properties": {"stratum": "Houses"}}, {"type": "Feature", "geometry": {"type": "Point", "coordinates": [123.8392335, 10.2524493]}, "properties": {"stratum": "Houses"}}, {"type": "Feature", "geometry": {"type": "Point", "coordinates": [123.8392335, 10.2524493]}, "properties": {"stratum": "Houses"}}, {"type": "Feature", "geometry": {"type": "Point", "coordinates": [123.8521094, 10.2528625]}, "properties": {"stratum": "Houses"}}, {"type": "Feature", "geometry": {"type": "Point", "coordinates": [123.8501836, 10.2538924]}, "properties": {"stratum": "Houses"}}, {"type": "Feature", "geometry": {"type": "Point", "coordinates": [123.8501836, 10.2538924]}, "properties": {"stratum": "Houses"}}, {"type": "Feature", "geometry": {"type": "Point", "coordinates": [123.8501836, 10.2538924]}, "properties": {"stratum": "Houses"}}, {"type": "Feature", "geometry": {"type": "Point", "coordinates": [123.8458525, 10.2548959]}, "properties": {"stratum": "Houses"}}, {"type": "Feature", "geometry": {"type": "Point", "coordinates": [123.802293, 10.2554507]}, "properties": {"stratum": "Houses"}}, {"type": "Feature", "geometry": {"type": "Point", "coordinates": [123.802293, 10.2554507]}, "properties": {"stratum": "Houses"}}, {"type": "Feature", "geometry": {"type": "Point", "coordinates": [123.8313596, 10.2556177]}, "properties": {"stratum": "Houses"}}, {"type": "Feature", "geometry": {"type": "Point", "coordinates": [123.8313596, 10.2556177]}, "properties": {"stratum": "Houses"}}, {"type": "Feature", "geometry": {"type": "Point", "coordinates": [123.8229852, 10.2566009]}, "properties": {"stratum": "Houses"}}, {"type": "Feature", "geometry": {"type": "Point", "coordinates": [123.7838927, 10.2575821]}, "properties": {"stratum": "Houses"}}, {"type": "Feature", "geometry": {"type": "Point", "coordinates": [123.84592585265636, 10.25784051989312]}, "properties": {"stratum": "Houses"}}, {"type": "Feature", "geometry": {"type": "Point", "coordinates": [123.8118181, 10.2579117]}, "properties": {"stratum": "Houses"}}, {"type": "Feature", "geometry": {"type": "Point", "coordinates": [123.7938467, 10.2580104]}, "properties": {"stratum": "Houses"}}, {"type": "Feature", "geometry": {"type": "Point", "coordinates": [123.8216119, 10.258605]}, "properties": {"stratum": "Houses"}}, {"type": "Feature", "geometry": {"type": "Point", "coordinates": [123.8142549, 10.2588972]}, "properties": {"stratum": "Houses"}}, {"type": "Feature", "geometry": {"type": "Point", "coordinates": [123.8142549, 10.2588972]}, "properties": {"stratum": "Houses"}}, {"type": "Feature", "geometry": {"type": "Point", "coordinates": [123.81594708354493, 10.259134663774812]}, "properties": {"stratum": "Houses"}}, {"type": "Feature", "geometry": {"type": "Point", "coordinates": [123.799817, 10.2604439]}, "properties": {"stratum": "Houses"}}, {"type": "Feature", "geometry": {"type": "Point", "coordinates": [123.799817, 10.2604439]}, "properties": {"stratum": "Houses"}}, {"type": "Feature", "geometry": {"type": "Point", "coordinates": [123.7998066, 10.2605828]}, "properties": {"stratum": "Houses"}}, {"type": "Feature", "geometry": {"type": "Point", "coordinates": [123.7998066, 10.2605828]}, "properties": {"stratum": "Houses"}}, {"type": "Feature", "geometry": {"type": "Point", "coordinates": [123.7998066, 10.2605828]}, "properties": {"stratum": "Houses"}}, {"type": "Feature", "geometry": {"type": "Point", "coordinates": [123.81292, 10.2607477]}, "properties": {"stratum": "Houses"}}, {"type": "Feature", "geometry": {"type": "Point", "coordinates": [123.81292, 10.2607477]}, "properties": {"stratum": "Houses"}}, {"type": "Feature", "geometry": {"type": "Point", "coordinates": [123.8225075, 10.2607378]}, "properties": {"stratum": "Houses"}}, {"type": "Feature", "geometry": {"type": "Point", "coordinates": [123.8487468, 10.2606674]}, "properties": {"stratum": "Houses"}}, {"type": "Feature", "geometry": {"type": "Point", "coordinates": [123.8487861, 10.2607114]}, "properties": {"stratum": "Houses"}}, {"type": "Feature", "geometry": {"type": "Point", "coordinates": [123.8062341, 10.260979]}, "properties": {"stratum": "Houses"}}, {"type": "Feature", "geometry": {"type": "Point", "coordinates": [123.8368658, 10.2618752]}, "properties": {"stratum": "Houses"}}, {"type": "Feature", "geometry": {"type": "Point", "coordinates": [123.8256023, 10.2621718]}, "properties": {"stratum": "Houses"}}, {"type": "Feature", "geometry": {"type": "Point", "coordinates": [123.829615, 10.2621526]}, "properties": {"stratum": "Houses"}}, {"type": "Feature", "geometry": {"type": "Point", "coordinates": [123.8425243, 10.2639511]}, "properties": {"stratum": "Houses"}}, {"type": "Feature", "geometry": {"type": "Point", "coordinates": [123.8397332, 10.2642792]}, "properties": {"stratum": "Houses"}}, {"type": "Feature", "geometry": {"type": "Point", "coordinates": [123.8397332, 10.2642792]}, "properties": {"stratum": "Houses"}}, {"type": "Feature", "geometry": {"type": "Point", "coordinates": [123.8174018, 10.2644916]}, "properties": {"stratum": "Houses"}}, {"type": "Feature", "geometry": {"type": "Point", "coordinates": [123.8271725, 10.2645497]}, "properties": {"stratum": "Houses"}}, {"type": "Feature", "geometry": {"type": "Point", "coordinates": [123.8271725, 10.2645497]}, "properties": {"stratum": "Houses"}}, {"type": "Feature", "geometry": {"type": "Point", "coordinates": [123.9729988, 10.264843]}, "properties": {"stratum": "Houses"}}, {"type": "Feature", "geometry": {"type": "Point", "coordinates": [123.7769125, 10.2656255]}, "properties": {"stratum": "Houses"}}, {"type": "Feature", "geometry": {"type": "Point", "coordinates": [123.8354125, 10.2661608]}, "properties": {"stratum": "Houses"}}, {"type": "Feature", "geometry": {"type": "Point", "coordinates": [123.8077069, 10.2664797]}, "properties": {"stratum": "Houses"}}, {"type": "Feature", "geometry": {"type": "Point", "coordinates": [123.8077558, 10.2664876]}, "properties": {"stratum": "Houses"}}, {"type": "Feature", "geometry": {"type": "Point", "coordinates": [123.9386382, 10.2677189]}, "properties": {"stratum": "Houses"}}, {"type": "Feature", "geometry": {"type": "Point", "coordinates": [123.7992536, 10.267829]}, "properties": {"stratum": "Houses"}}, {"type": "Feature", "geometry": {"type": "Point", "coordinates": [123.7992536, 10.267829]}, "properties": {"stratum": "Houses"}}, {"type": "Feature", "geometry": {"type": "Point", "coordinates": [123.8183875, 10.2678766]}, "properties": {"stratum": "Houses"}}, {"type": "Feature", "geometry": {"type": "Point", "coordinates": [123.8108302, 10.2680252]}, "properties": {"stratum": "Houses"}}, {"type": "Feature", "geometry": {"type": "Point", "coordinates": [123.8108302, 10.2680252]}, "properties": {"stratum": "Houses"}}, {"type": "Feature", "geometry": {"type": "Point", "coordinates": [123.8108302, 10.2680252]}, "properties": {"stratum": "Houses"}}, {"type": "Feature", "geometry": {"type": "Point", "coordinates": [123.8648496, 10.2685582]}, "properties": {"stratum": "Houses"}}, {"type": "Feature", "geometry": {"type": "Point", "coordinates": [123.8109104291953, 10.268881973950409]}, "properties": {"stratum": "Houses"}}, {"type": "Feature", "geometry": {"type": "Point", "coordinates": [123.9706418, 10.2689406]}, "properties": {"stratum": "Houses"}}, {"type": "Feature", "geometry": {"type": "Point", "coordinates": [123.8220673, 10.2689589]}, "properties": {"stratum": "Houses"}}, {"type": "Feature", "geometry": {"type": "Point", "coordinates": [123.8192873, 10.2691303]}, "properties": {"stratum": "Houses"}}, {"type": "Feature", "geometry": {"type": "Point", "coordinates": [123.8104228, 10.2695418]}, "properties": {"stratum": "Houses"}}, {"type": "Feature", "geometry": {"type": "Point", "coordinates": [123.9384302, 10.2694927]}, "properties": {"stratum": "Houses"}}, {"type": "Feature", "geometry": {"type": "Point", "coordinates": [123.8117163, 10.2697974]}, "properties": {"stratum": "Houses"}}, {"type": "Feature", "geometry": {"type": "Point", "coordinates": [123.8199202, 10.2698885]}, "properties": {"stratum": "Houses"}}, {"type": "Feature", "geometry": {"type": "Point", "coordinates": [123.81825438564604, 10.269997969007354]}, "properties": {"stratum": "Houses"}}, {"type": "Feature", "geometry": {"type": "Point", "coordinates": [123.8183395, 10.2703656]}, "properties": {"stratum": "Houses"}}, {"type": "Feature", "geometry": {"type": "Point", "coordinates": [123.84561404585835, 10.270446404526474]}, "properties": {"stratum": "Houses"}}, {"type": "Feature", "geometry": {"type": "Point", "coordinates": [123.8453152, 10.270857]}, "properties": {"stratum": "Houses"}}, {"type": "Feature", "geometry": {"type": "Point", "coordinates": [123.968312, 10.270899]}, "properties": {"stratum": "Houses"}}, {"type": "Feature", "geometry": {"type": "Point", "coordinates": [123.8464563, 10.2709578]}, "properties": {"stratum": "Houses"}}, {"type": "Feature", "geometry": {"type": "Point", "coordinates": [123.8048381, 10.2719979]}, "properties": {"stratum": "Houses"}}, {"type": "Feature", "geometry": {"type": "Point", "coordinates": [123.8048381, 10.2719979]}, "properties": {"stratum": "Houses"}}, {"type": "Feature", "geometry": {"type": "Point", "coordinates": [123.8414672, 10.2720363]}, "properties": {"stratum": "Houses"}}, {"type": "Feature", "geometry": {"type": "Point", "coordinates": [123.8414672, 10.2720363]}, "properties": {"stratum": "Houses"}}, {"type": "Feature", "geometry": {"type": "Point", "coordinates": [123.8414672, 10.2720363]}, "properties": {"stratum": "Houses"}}, {"type": "Feature", "geometry": {"type": "Point", "coordinates": [123.9412764, 10.2722803]}, "properties": {"stratum": "Houses"}}, {"type": "Feature", "geometry": {"type": "Point", "coordinates": [123.8301375, 10.2725718]}, "properties": {"stratum": "Houses"}}, {"type": "Feature", "geometry": {"type": "Point", "coordinates": [123.9643533, 10.2726164]}, "properties": {"stratum": "Houses"}}, {"type": "Feature", "geometry": {"type": "Point", "coordinates": [123.9643533, 10.2726164]}, "properties": {"stratum": "Houses"}}, {"type": "Feature", "geometry": {"type": "Point", "coordinates": [123.962237, 10.2735591]}, "properties": {"stratum": "Houses"}}, {"type": "Feature", "geometry": {"type": "Point", "coordinates": [123.9457074, 10.274046]}, "properties": {"stratum": "Houses"}}, {"type": "Feature", "geometry": {"type": "Point", "coordinates": [123.8210034, 10.2740988]}, "properties": {"stratum": "Houses"}}, {"type": "Feature", "geometry": {"type": "Point", "coordinates": [123.9586124, 10.2742187]}, "properties": {"stratum": "Houses"}}, {"type": "Feature", "geometry": {"type": "Point", "coordinates": [123.9586124, 10.2742187]}, "properties": {"stratum": "Houses"}}, {"type": "Feature", "geometry": {"type": "Point", "coordinates": [123.8119521463366, 10.274280478476197]}, "properties": {"stratum": "Houses"}}, {"type": "Feature", "geometry": {"type": "Point", "coordinates": [123.8399313, 10.2744342]}, "properties": {"stratum": "Houses"}}, {"type": "Feature", "geometry": {"type": "Point", "coordinates": [123.840023, 10.2744294]}, "properties": {"stratum": "Houses"}}, {"type": "Feature", "geometry": {"type": "Point", "coordinates": [123.83935812860727, 10.275096367811438]}, "properties": {"stratum": "Houses"}}, {"type": "Feature", "geometry": {"type": "Point", "coordinates": [123.9637821, 10.2753435]}, "properties": {"stratum": "Houses"}}, {"type": "Feature", "geometry": {"type": "Point", "coordinates": [123.9637821, 10.2753435]}, "properties": {"stratum": "Houses"}}, {"type": "Feature", "geometry": {"type": "Point", "coordinates": [123.9637821, 10.2753435]}, "properties": {"stratum": "Houses"}}, {"type": "Feature", "geometry": {"type": "Point", "coordinates": [123.84079813957214, 10.2757056910282]}, "properties": {"stratum": "Houses"}}, {"type": "Feature", "geometry": {"type": "Point", "coordinates": [123.8368977, 10.2757907]}, "properties": {"stratum": "Houses"}}, {"type": "Feature", "geometry": {"type": "Point", "coordinates": [123.9331874, 10.2761676]}, "properties": {"stratum": "Houses"}}, {"type": "Feature", "geometry": {"type": "Point", "coordinates": [123.9331874, 10.2761676]}, "properties": {"stratum": "Houses"}}, {"type": "Feature", "geometry": {"type": "Point", "coordinates": [123.9331874, 10.2761676]}, "properties": {"stratum": "Houses"}}, {"type": "Feature", "geometry": {"type": "Point", "coordinates": [123.9451004, 10.2761545]}, "properties": {"stratum": "Houses"}}, {"type": "Feature", "geometry": {"type": "Point", "coordinates": [123.9341008, 10.2770906]}, "properties": {"stratum": "Houses"}}, {"type": "Feature", "geometry": {"type": "Point", "coordinates": [123.8438515, 10.2771748]}, "properties": {"stratum": "Houses"}}, {"type": "Feature", "geometry": {"type": "Point", "coordinates": [123.8531778, 10.2774525]}, "properties": {"stratum": "Houses"}}, {"type": "Feature", "geometry": {"type": "Point", "coordinates": [123.8531778, 10.2774525]}, "properties": {"stratum": "Houses"}}, {"type": "Feature", "geometry": {"type": "Point", "coordinates": [123.9639947, 10.2779963]}, "properties": {"stratum": "Houses"}}, {"type": "Feature", "geometry": {"type": "Point", "coordinates": [123.9455692, 10.2787107]}, "properties": {"stratum": "Houses"}}, {"type": "Feature", "geometry": {"type": "Point", "coordinates": [123.9455692, 10.2787107]}, "properties": {"stratum": "Houses"}}, {"type": "Feature", "geometry": {"type": "Point", "coordinates": [123.8522108, 10.2790564]}, "properties": {"stratum": "Houses"}}, {"type": "Feature", "geometry": {"type": "Point", "coordinates": [123.8522108, 10.2790564]}, "properties": {"stratum": "Houses"}}, {"type": "Feature", "geometry": {"type": "Point", "coordinates": [123.8395157, 10.2793234]}, "properties": {"stratum": "Houses"}}, {"type": "Feature", "geometry": {"type": "Point", "coordinates": [123.9596178, 10.2798595]}, "properties": {"stratum": "Houses"}}, {"type": "Feature", "geometry": {"type": "Point", "coordinates": [123.9644775, 10.2801648]}, "properties": {"stratum": "Houses"}}, {"type": "Feature", "geometry": {"type": "Point", "coordinates": [123.8160059, 10.2803348]}, "properties": {"stratum": "Houses"}}, {"type": "Feature", "geometry": {"type": "Point", "coordinates": [123.8160059, 10.2803348]}, "properties": {"stratum": "Houses"}}, {"type": "Feature", "geometry": {"type": "Point", "coordinates": [123.8160059, 10.2803348]}, "properties": {"stratum": "Houses"}}, {"type": "Feature", "geometry": {"type": "Point", "coordinates": [123.963309, 10.2805205]}, "properties": {"stratum": "Houses"}}, {"type": "Feature", "geometry": {"type": "Point", "coordinates": [123.9633561, 10.2805548]}, "properties": {"stratum": "Houses"}}, {"type": "Feature", "geometry": {"type": "Point", "coordinates": [123.9781371, 10.2807914]}, "properties": {"stratum": "Houses"}}, {"type": "Feature", "geometry": {"type": "Point", "coordinates": [123.9456699, 10.2819431]}, "properties": {"stratum": "Houses"}}, {"type": "Feature", "geometry": {"type": "Point", "coordinates": [123.9665882, 10.2822844]}, "properties": {"stratum": "Houses"}}, {"type": "Feature", "geometry": {"type": "Point", "coordinates": [123.9670501, 10.2822518]}, "properties": {"stratum": "Houses"}}, {"type": "Feature", "geometry": {"type": "Point", "coordinates": [123.9670501, 10.2822518]}, "properties": {"stratum": "Houses"}}, {"type": "Feature", "geometry": {"type": "Point", "coordinates": [123.9670501, 10.2822518]}, "properties": {"stratum": "Houses"}}, {"type": "Feature", "geometry": {"type": "Point", "coordinates": [123.945782, 10.2825689]}, "properties": {"stratum": "Houses"}}, {"type": "Feature", "geometry": {"type": "Point", "coordinates": [123.9788894, 10.2826417]}, "properties": {"stratum": "Houses"}}, {"type": "Feature", "geometry": {"type": "Point", "coordinates": [123.9649391, 10.2827026]}, "properties": {"stratum": "Houses"}}, {"type": "Feature", "geometry": {"type": "Point", "coordinates": [123.9659881, 10.2831102]}, "properties": {"stratum": "Houses"}}, {"type": "Feature", "geometry": {"type": "Point", "coordinates": [123.9622417, 10.2831616]}, "properties": {"stratum": "Houses"}}, {"type": "Feature", "geometry": {"type": "Point", "coordinates": [123.849249, 10.2836489]}, "properties": {"stratum": "Houses"}}, {"type": "Feature", "geometry": {"type": "Point", "coordinates": [123.8271725, 10.2838455]}, "properties": {"stratum": "Houses"}}, {"type": "Feature", "geometry": {"type": "Point", "coordinates": [123.9499154, 10.283829]}, "properties": {"stratum": "Houses"}}, {"type": "Feature", "geometry": {"type": "Point", "coordinates": [123.830815, 10.2846373]}, "properties": {"stratum": "Houses"}}, {"type": "Feature", "geometry": {"type": "Point", "coordinates": [123.9833623, 10.2846893]}, "properties": {"stratum": "Houses"}}, {"type": "Feature", "geometry": {"type": "Point", "coordinates": [123.9833623, 10.2846893]}, "properties": {"stratum": "Houses"}}, {"type": "Feature", "geometry": {"type": "Point", "coordinates": [123.9833623, 10.2846893]}, "properties": {"stratum": "Houses"}}, {"type": "Feature", "geometry": {"type": "Point", "coordinates": [123.980628, 10.2850126]}, "properties": {"stratum": "Houses"}}, {"type": "Feature", "geometry": {"type": "Point", "coordinates": [123.9504723, 10.285422]}, "properties": {"stratum": "Houses"}}, {"type": "Feature", "geometry": {"type": "Point", "coordinates": [123.9504723, 10.285422]}, "properties": {"stratum": "Houses"}}, {"type": "Feature", "geometry": {"type": "Point", "coordinates": [123.9624486, 10.2865346]}, "properties": {"stratum": "Houses"}}, {"type": "Feature", "geometry": {"type": "Point", "coordinates": [123.9917073, 10.2880466]}, "properties": {"stratum": "Houses"}}, {"type": "Feature", "geometry": {"type": "Point", "coordinates": [123.9917073, 10.2880466]}, "properties": {"stratum": "Houses"}}, {"type": "Feature", "geometry": {"type": "Point", "coordinates": [123.9767436, 10.2881831]}, "properties": {"stratum": "Houses"}}, {"type": "Feature", "geometry": {"type": "Point", "coordinates": [123.8788002, 10.288614]}, "properties": {"stratum": "Houses"}}, {"type": "Feature", "geometry": {"type": "Point", "coordinates": [123.8585634, 10.2887262]}, "properties": {"stratum": "Houses"}}, {"type": "Feature", "geometry": {"type": "Point", "coordinates": [123.8586422, 10.2888633]}, "properties": {"stratum": "Houses"}}, {"type": "Feature", "geometry": {"type": "Point", "coordinates": [123.945039, 10.288881]}, "properties": {"stratum": "Houses"}}, {"type": "Feature", "geometry": {"type": "Point", "coordinates": [123.9836771, 10.2891889]}, "properties": {"stratum": "Houses"}}, {"type": "Feature", "geometry": {"type": "Point", "coordinates": [123.9836771, 10.2891889]}, "properties": {"stratum": "Houses"}}, {"type": "Feature", "geometry": {"type": "Point", "coordinates": [123.9836771, 10.2891889]}, "properties": {"stratum": "Houses"}}, {"type": "Feature", "geometry": {"type": "Point", "coordinates": [123.952665, 10.289389]}, "properties": {"stratum": "Houses"}}, {"type": "Feature", "geometry": {"type": "Point", "coordinates": [123.952665, 10.289389]}, "properties": {"stratum": "Houses"}}, {"type": "Feature", "geometry": {"type": "Point", "coordinates": [123.8589074, 10.2897534]}, "properties": {"stratum": "Houses"}}, {"type": "Feature", "geometry": {"type": "Point", "coordinates": [123.9945004, 10.2898149]}, "properties": {"stratum": "Houses"}}, {"type": "Feature", "geometry": {"type": "Point", "coordinates": [123.9984363, 10.2902065]}, "properties": {"stratum": "Houses"}}, {"type": "Feature", "geometry": {"type": "Point", "coordinates": [123.9984363, 10.2902065]}, "properties": {"stratum": "Houses"}}, {"type": "Feature", "geometry": {"type": "Point", "coordinates": [123.8858323, 10.2903524]}, "properties": {"stratum": "Houses"}}, {"type": "Feature", "geometry": {"type": "Point", "coordinates": [123.8564782, 10.2912471]}, "properties": {"stratum": "Houses"}}, {"type": "Feature", "geometry": {"type": "Point", "coordinates": [123.99040572345258, 10.291516013451009]}, "properties": {"stratum": "Houses"}}, {"type": "Feature", "geometry": {"type": "Point", "coordinates": [123.9590242, 10.2924818]}, "properties": {"stratum": "Houses"}}, {"type": "Feature", "geometry": {"type": "Point", "coordinates": [123.8453152, 10.2925633]}, "properties": {"stratum": "Houses"}}, {"type": "Feature", "geometry": {"type": "Point", "coordinates": [123.8453152, 10.2925633]}, "properties": {"stratum": "Houses"}}, {"type": "Feature", "geometry": {"type": "Point", "coordinates": [123.983541, 10.292727]}, "properties": {"stratum": "Houses"}}, {"type": "Feature", "geometry": {"type": "Point", "coordinates": [123.9875153, 10.2927468]}, "properties": {"stratum": "Houses"}}, {"type": "Feature", "geometry": {"type": "Point", "coordinates": [123.9841719, 10.2931539]}, "properties": {"stratum": "Houses"}}, {"type": "Feature", "geometry": {"type": "Point", "coordinates": [124.007135, 10.2940307]}, "properties": {"stratum": "Houses"}}, {"type": "Feature", "geometry": {"type": "Point", "coordinates": [124.007135, 10.2940307]}, "properties": {"stratum": "Houses"}}, {"type": "Feature", "geometry": {"type": "Point", "coordinates": [123.8772252, 10.2941864]}, "properties": {"stratum": "Houses"}}, {"type": "Feature", "geometry": {"type": "Point", "coordinates": [123.9595164, 10.2947384]}, "properties": {"stratum": "Houses"}}, {"type": "Feature", "geometry": {"type": "Point", "coordinates": [123.8676399, 10.294754]}, "properties": {"stratum": "Houses"}}, {"type": "Feature", "geometry": {"type": "Point", "coordinates": [123.9406665, 10.2950023]}, "properties": {"stratum": "Houses"}}, {"type": "Feature", "geometry": {"type": "Point", "coordinates": [123.8648496, 10.2950833]}, "properties": {"stratum": "Houses"}}, {"type": "Feature", "geometry": {"type": "Point", "coordinates": [123.8648496, 10.2950833]}, "properties": {"stratum": "Houses"}}, {"type": "Feature", "geometry": {"type": "Point", "coordinates": [123.961744977771, 10.295186283152535]}, "properties": {"stratum": "Houses"}}, {"type": "Feature", "geometry": {"type": "Point", "coordinates": [123.8774653, 10.2953471]}, "properties": {"stratum": "Houses"}}, {"type": "Feature", "geometry": {"type": "Point", "coordinates": [123.8834969, 10.2957372]}, "properties": {"stratum": "Houses"}}, {"type": "Feature", "geometry": {"type": "Point", "coordinates": [123.8995079, 10.2957375]}, "properties": {"stratum": "Houses"}}, {"type": "Feature", "geometry": {"type": "Point", "coordinates": [123.8995079, 10.2957375]}, "properties": {"stratum": "Houses"}}, {"type": "Feature", "geometry": {"type": "Point", "coordinates": [123.99761, 10.296014]}, "properties": {"stratum": "Houses"}}, {"type": "Feature", "geometry": {"type": "Point", "coordinates": [123.99761, 10.296014]}, "properties": {"stratum": "Houses"}}, {"type": "Feature", "geometry": {"type": "Point", "coordinates": [123.9666404, 10.2963065]}, "properties": {"stratum": "Houses"}}, {"type": "Feature", "geometry": {"type": "Point", "coordinates": [123.9940384, 10.2963217]}, "properties": {"stratum": "Houses"}}, {"type": "Feature", "geometry": {"type": "Point", "coordinates": [123.9793115, 10.2966049]}, "properties": {"stratum": "Houses"}}, {"type": "Feature", "geometry": {"type": "Point", "coordinates": [123.9795123, 10.2966496]}, "properties": {"stratum": "Houses"}}, {"type": "Feature", "geometry": {"type": "Point", "coordinates": [123.9795123, 10.2966496]}, "properties": {"stratum": "Houses"}}, {"type": "Feature", "geometry": {"type": "Point", "coordinates": [123.9506194, 10.2976835]}, "properties": {"stratum": "Houses"}}, {"type": "Feature", "geometry": {"type": "Point", "coordinates": [123.9068476, 10.2982423]}, "properties": {"stratum": "Houses"}}, {"type": "Feature", "geometry": {"type": "Point", "coordinates": [123.9068476, 10.2982423]}, "properties": {"stratum": "Houses"}}, {"type": "Feature", "geometry": {"type": "Point", "coordinates": [124.00635, 10.2982232]}, "properties": {"stratum": "Houses"}}, {"type": "Feature", "geometry": {"type": "Point", "coordinates": [123.9987826, 10.2982546]}, "properties": {"stratum": "Houses"}}, {"type": "Feature", "geometry": {"type": "Point", "coordinates": [123.9982928, 10.2983595]}, "properties": {"stratum": "Houses"}}, {"type": "Feature", "geometry": {"type": "Point", "coordinates": [123.9982928, 10.2983595]}, "properties": {"stratum": "Houses"}}, {"type": "Feature", "geometry": {"type": "Point", "coordinates": [123.9889356, 10.2984824]}, "properties": {"stratum": "Houses"}}, {"type": "Feature", "geometry": {"type": "Point", "coordinates": [123.9889356, 10.2984824]}, "properties": {"stratum": "Houses"}}, {"type": "Feature", "geometry": {"type": "Point", "coordinates": [123.9859888, 10.2986437]}, "properties": {"stratum": "Houses"}}, {"type": "Feature", "geometry": {"type": "Point", "coordinates": [123.9859888, 10.2986437]}, "properties": {"stratum": "Houses"}}, {"type": "Feature", "geometry": {"type": "Point", "coordinates": [123.8751383, 10.2988429]}, "properties": {"stratum": "Houses"}}, {"type": "Feature", "geometry": {"type": "Point", "coordinates": [123.9928265, 10.2989382]}, "properties": {"stratum": "Houses"}}, {"type": "Feature", "geometry": {"type": "Point", "coordinates": [123.8813181, 10.2989677]}, "properties": {"stratum": "Houses"}}, {"type": "Feature", "geometry": {"type": "Point", "coordinates": [123.9638531, 10.2990463]}, "properties": {"stratum": "Houses"}}, {"type": "Feature", "geometry": {"type": "Point", "coordinates": [123.8769615, 10.2992292]}, "properties": {"stratum": "Houses"}}, {"type": "Feature", "geometry": {"type": "Point", "coordinates": [123.9423717, 10.2994172]}, "properties": {"stratum": "Houses"}}, {"type": "Feature", "geometry": {"type": "Point", "coordinates": [123.984059, 10.299663]}, "properties": {"stratum": "Houses"}}, {"type": "Feature", "geometry": {"type": "Point", "coordinates": [123.9516825, 10.2998204]}, "properties": {"stratum": "Houses"}}, {"type": "Feature", "geometry": {"type": "Point", "coordinates": [123.9516825, 10.2998204]}, "properties": {"stratum": "Houses"}}, {"type": "Feature", "geometry": {"type": "Point", "coordinates": [123.8917098, 10.2998615]}, "properties": {"stratum": "Houses"}}, {"type": "Feature", "geometry": {"type": "Point", "coordinates": [123.9815812442364, 10.299945296408366]}, "properties": {"stratum": "Houses"}}, {"type": "Feature", "geometry": {"type": "Point", "coordinates": [123.86880710721016, 10.300144949779344]}, "properties": {"stratum": "Houses"}}, {"type": "Feature", "geometry": {"type": "Point", "coordinates": [124.0017601, 10.3001228]}, "properties": {"stratum": "Houses"}}, {"type": "Feature", "geometry": {"type": "Point", "coordinates": [124.0017601, 10.3001228]}, "properties": {"stratum": "Houses"}}, {"type": "Feature", "geometry": {"type": "Point", "coordinates": [124.0017601, 10.3001228]}, "properties": {"stratum": "Houses"}}, {"type": "Feature", "geometry": {"type": "Point", "coordinates": [123.8815901, 10.3003418]}, "properties": {"stratum": "Houses"}}, {"type": "Feature", "geometry": {"type": "Point", "coordinates": [123.8640889, 10.3005097]}, "properties": {"stratum": "Houses"}}, {"type": "Feature", "geometry": {"type": "Point", "coordinates": [123.985557, 10.3004791]}, "properties": {"stratum": "Houses"}}, {"type": "Feature", "geometry": {"type": "Point", "coordinates": [124.0144155, 10.3008261]}, "properties": {"stratum": "Houses"}}, {"type": "Feature", "geometry": {"type": "Point", "coordinates": [124.0144155, 10.3008261]}, "properties": {"stratum": "Houses"}}, {"type": "Feature", "geometry": {"type": "Point", "coordinates": [124.0144155, 10.3008261]}, "properties": {"stratum": "Houses"}}, {"type": "Feature", "geometry": {"type": "Point", "coordinates": [123.8891903, 10.3009925]}, "properties": {"stratum": "Houses"}}, {"type": "Feature", "geometry": {"type": "Point", "coordinates": [123.870527, 10.301553]}, "properties": {"stratum": "Houses"}}, {"type": "Feature", "geometry": {"type": "Point", "coordinates": [123.870527, 10.301553]}, "properties": {"stratum": "Houses"}}, {"type": "Feature", "geometry": {"type": "Point", "coordinates": [123.8705777, 10.3016287]}, "properties": {"stratum": "Houses"}}, {"type": "Feature", "geometry": {"type": "Point", "coordinates": [123.8705777, 10.3016287]}, "properties": {"stratum": "Houses"}}, {"type": "Feature", "geometry": {"type": "Point", "coordinates": [123.8705777, 10.3016287]}, "properties": {"stratum": "Houses"}}, {"type": "Feature", "geometry": {"type": "Point", "coordinates": [123.8930922, 10.3020452]}, "properties": {"stratum": "Houses"}}, {"type": "Feature", "geometry": {"type": "Point", "coordinates": [123.9554907, 10.302447]}, "properties": {"stratum": "Houses"}}, {"type": "Feature", "geometry": {"type": "Point", "coordinates": [123.8848248, 10.3027757]}, "properties": {"stratum": "Houses"}}, {"type": "Feature", "geometry": {"type": "Point", "coordinates": [123.8662448, 10.3033603]}, "properties": {"stratum": "Houses"}}, {"type": "Feature", "geometry": {"type": "Point", "coordinates": [123.8662448, 10.3033603]}, "properties": {"stratum": "Houses"}}, {"type": "Feature", "geometry": {"type": "Point", "coordinates": [123.8662448, 10.3033603]}, "properties": {"stratum": "Houses"}}, {"type": "Feature", "geometry": {"type": "Point", "coordinates": [123.8641227, 10.305236]}, "properties": {"stratum": "Houses"}}, {"type": "Feature", "geometry": {"type": "Point", "coordinates": [123.8962355, 10.3052424]}, "properties": {"stratum": "Houses"}}, {"type": "Feature", "geometry": {"type": "Point", "coordinates": [123.8749949, 10.3054027]}, "properties": {"stratum": "Houses"}}, {"type": "Feature", "geometry": {"type": "Point", "coordinates": [123.9536248, 10.305511]}, "properties": {"stratum": "Houses"}}, {"type": "Feature", "geometry": {"type": "Point", "coordinates": [123.8915406, 10.3056099]}, "properties": {"stratum": "Houses"}}, {"type": "Feature", "geometry": {"type": "Point", "coordinates": [123.8915406, 10.3056099]}, "properties": {"stratum": "Houses"}}, {"type": "Feature", "geometry": {"type": "Point", "coordinates": [123.8790639, 10.3056739]}, "properties": {"stratum": "Houses"}}, {"type": "Feature", "geometry": {"type": "Point", "coordinates": [123.881492, 10.3072483]}, "properties": {"stratum": "Houses"}}, {"type": "Feature", "geometry": {"type": "Point", "coordinates": [123.9889356, 10.3081194]}, "properties": {"stratum": "Houses"}}, {"type": "Feature", "geometry": {"type": "Point", "coordinates": [123.9889356, 10.3081194]}, "properties": {"stratum": "Houses"}}, {"type": "Feature", "geometry": {"type": "Point", "coordinates": [123.9889356, 10.3081194]}, "properties": {"stratum": "Houses"}}, {"type": "Feature", "geometry": {"type": "Point", "coordinates": [123.8815427, 10.3098059]}, "properties": {"stratum": "Houses"}}, {"type": "Feature", "geometry": {"type": "Point", "coordinates": [123.8815427, 10.3098059]}, "properties": {"stratum": "Houses"}}, {"type": "Feature", "geometry": {"type": "Point", "coordinates": [123.8815427, 10.3098059]}, "properties": {"stratum": "Houses"}}, {"type": "Feature", "geometry": {"type": "Point", "coordinates": [123.9087868, 10.3097859]}, "properties": {"stratum": "Houses"}}, {"type": "Feature", "geometry": {"type": "Point", "coordinates": [123.9087868, 10.3097859]}, "properties": {"stratum": "Houses"}}, {"type": "Feature", "geometry": {"type": "Point", "coordinates": [123.8935641, 10.3103473]}, "properties": {"stratum": "Houses"}}, {"type": "Feature", "geometry": {"type": "Point", "coordinates": [123.8698084, 10.3104395]}, "properties": {"stratum": "Houses"}}, {"type": "Feature", "geometry": {"type": "Point", "coordinates": [123.881802, 10.310929]}, "properties": {"stratum": "Houses"}}, {"type": "Feature", "geometry": {"type": "Point", "coordinates": [123.9158774, 10.3112935]}, "properties": {"stratum": "Houses"}}, {"type": "Feature", "geometry": {"type": "Point", "coordinates": [123.9896071, 10.3115468]}, "properties": {"stratum": "Houses"}}, {"type": "Feature", "geometry": {"type": "Point", "coordinates": [123.9896071, 10.3115468]}, "properties": {"stratum": "Houses"}}, {"type": "Feature", "geometry": {"type": "Point", "coordinates": [123.9744763, 10.3121971]}, "properties": {"stratum": "Houses"}}, {"type": "Feature", "geometry": {"type": "Point", "coordinates": [123.9744763, 10.3121971]}, "properties": {"stratum": "Houses"}}, {"type": "Feature", "geometry": {"type": "Point", "coordinates": [123.9901657, 10.3124523]}, "properties": {"stratum": "Houses"}}, {"type": "Feature", "geometry": {"type": "Point", "coordinates": [123.959672, 10.3127967]}, "properties": {"stratum": "Houses"}}, {"type": "Feature", "geometry": {"type": "Point", "coordinates": [124.002209, 10.3130494]}, "properties": {"stratum": "Houses"}}, {"type": "Feature", "geometry": {"type": "Point", "coordinates": [123.8877041, 10.313448]}, "properties": {"stratum": "Houses"}}, {"type": "Feature", "geometry": {"type": "Point", "coordinates": [123.8877041, 10.313448]}, "properties": {"stratum": "Houses"}}, {"type": "Feature", "geometry": {"type": "Point", "coordinates": [123.8771421, 10.3150341]}, "properties": {"stratum": "Houses"}}, {"type": "Feature", "geometry": {"type": "Point", "coordinates": [123.910663, 10.3149661]}, "properties": {"stratum": "Houses"}}, {"type": "Feature", "geometry": {"type": "Point", "coordinates": [123.8843145, 10.3156399]}, "properties": {"stratum": "Houses"}}, {"type": "Feature", "geometry": {"type": "Point", "coordinates": [123.8955381, 10.3155742]}, "properties": {"stratum": "Houses"}}, {"type": "Feature", "geometry": {"type": "Point", "coordinates": [123.9959018, 10.3157252]}, "properties": {"stratum": "Houses"}}, {"type": "Feature", "geometry": {"type": "Point", "coordinates": [123.9959018, 10.3157252]}, "properties": {"stratum": "Houses"}}, {"type": "Feature", "geometry": {"type": "Point", "coordinates": [123.9959018, 10.3157252]}, "properties": {"stratum": "Houses"}}, {"type": "Feature", "geometry": {"type": "Point", "coordinates": [123.8852299, 10.3158708]}, "properties": {"stratum": "Houses"}}, {"type": "Feature", "geometry": {"type": "Point", "coordinates": [123.885179, 10.3164627]}, "properties": {"stratum": "Houses"}}, {"type": "Feature", "geometry": {"type": "Point", "coordinates": [123.8746632, 10.3165756]}, "properties": {"stratum": "Houses"}}, {"type": "Feature", "geometry": {"type": "Point", "coordinates": [123.9649926, 10.3168343]}, "properties": {"stratum": "Houses"}}, {"type": "Feature", "geometry": {"type": "Point", "coordinates": [123.8849191, 10.3176498]}, "properties": {"stratum": "Houses"}}, {"type": "Feature", "geometry": {"type": "Point", "coordinates": [123.8467107, 10.3177304]}, "properties": {"stratum": "Houses"}}, {"type": "Feature", "geometry": {"type": "Point", "coordinates": [123.8738432, 10.3179242]}, "properties": {"stratum": "Houses"}}, {"type": "Feature", "geometry": {"type": "Point", "coordinates": [123.8999401, 10.3179547]}, "properties": {"stratum": "Houses"}}, {"type": "Feature", "geometry": {"type": "Point", "coordinates": [123.9718861, 10.3179761]}, "properties": {"stratum": "Houses"}}, {"type": "Feature", "geometry": {"type": "Point", "coordinates": [123.8708144, 10.3189248]}, "properties": {"stratum": "Houses"}}, {"type": "Feature", "geometry": {"type": "Point", "coordinates": [123.8802913, 10.3207214]}, "properties": {"stratum": "Houses"}}, {"type": "Feature", "geometry": {"type": "Point", "coordinates": [123.8766053, 10.321235]}, "properties": {"stratum": "Houses"}}, {"type": "Feature", "geometry": {"type": "Point", "coordinates": [123.87648985072632, 10.321253842735532]}, "properties": {"stratum": "Houses"}}, {"type": "Feature", "geometry": {"type": "Point", "coordinates": [123.8874713, 10.3213686]}, "properties": {"stratum": "Houses"}}, {"type": "Feature", "geometry": {"type": "Point", "coordinates": [123.8803252, 10.3216928]}, "properties": {"stratum": "Houses"}}, {"type": "Feature", "geometry": {"type": "Point", "coordinates": [123.8803252, 10.3216928]}, "properties": {"stratum": "Houses"}}, {"type": "Feature", "geometry": {"type": "Point", "coordinates": [123.9720046, 10.3230127]}, "properties": {"stratum": "Houses"}}, {"type": "Feature", "geometry": {"type": "Point", "coordinates": [123.8647932, 10.3232233]}, "properties": {"stratum": "Houses"}}, {"type": "Feature", "geometry": {"type": "Point", "coordinates": [123.8647932, 10.3232233]}, "properties": {"stratum": "Houses"}}, {"type": "Feature", "geometry": {"type": "Point", "coordinates": [123.8927384, 10.3234153]}, "properties": {"stratum": "Houses"}}, {"type": "Feature", "geometry": {"type": "Point", "coordinates": [123.9054095, 10.323845]}, "properties": {"stratum": "Houses"}}, {"type": "Feature", "geometry": {"type": "Point", "coordinates": [123.9485215, 10.3237619]}, "properties": {"stratum": "Houses"}}, {"type": "Feature", "geometry": {"type": "Point", "coordinates": [123.9485215, 10.3237619]}, "properties": {"stratum": "Houses"}}, {"type": "Feature", "geometry": {"type": "Point", "coordinates": [123.7908763, 10.3243234]}, "properties": {"stratum": "Houses"}}, {"type": "Feature", "geometry": {"type": "Point", "coordinates": [123.8850199, 10.3246388]}, "properties": {"stratum": "Houses"}}, {"type": "Feature", "geometry": {"type": "Point", "coordinates": [123.8767598, 10.3252687]}, "properties": {"stratum": "Houses"}}, {"type": "Feature", "geometry": {"type": "Point", "coordinates": [123.9493489, 10.3252885]}, "properties": {"stratum": "Houses"}}, {"type": "Feature", "geometry": {"type": "Point", "coordinates": [123.879565, 10.3257369]}, "properties": {"stratum": "Houses"}}, {"type": "Feature", "geometry": {"type": "Point", "coordinates": [123.8776497, 10.325933]}, "properties": {"stratum": "Houses"}}, {"type": "Feature", "geometry": {"type": "Point", "coordinates": [123.8776497, 10.325933]}, "properties": {"stratum": "Houses"}}, {"type": "Feature", "geometry": {"type": "Point", "coordinates": [123.9333438, 10.3262298]}, "properties": {"stratum": "Houses"}}, {"type": "Feature", "geometry": {"type": "Point", "coordinates": [123.8868591, 10.3264285]}, "properties": {"stratum": "Houses"}}, {"type": "Feature", "geometry": {"type": "Point", "coordinates": [123.8873108, 10.3265593]}, "properties": {"stratum": "Houses"}}, {"type": "Feature", "geometry": {"type": "Point", "coordinates": [123.8821396, 10.3281957]}, "properties": {"stratum": "Houses"}}, {"type": "Feature", "geometry": {"type": "Point", "coordinates": [123.8821396, 10.3281957]}, "properties": {"stratum": "Houses"}}, {"type": "Feature", "geometry": {"type": "Point", "coordinates": [123.8829208, 10.3291337]}, "properties": {"stratum": "Houses"}}, {"type": "Feature", "geometry": {"type": "Point", "coordinates": [123.883214, 10.3290777]}, "properties": {"stratum": "Houses"}}, {"type": "Feature", "geometry": {"type": "Point", "coordinates": [123.9357136, 10.3321417]}, "properties": {"stratum": "Houses"}}, {"type": "Feature", "geometry": {"type": "Point", "coordinates": [123.9354764, 10.3321788]}, "properties": {"stratum": "Houses"}}, {"type": "Feature", "geometry": {"type": "Point", "coordinates": [123.8740283, 10.3329908]}, "properties": {"stratum": "Houses"}}, {"type": "Feature", "geometry": {"type": "Point", "coordinates": [123.8895964, 10.333106]}, "properties": {"stratum": "Houses"}}, {"type": "Feature", "geometry": {"type": "Point", "coordinates": [123.9336918, 10.3335131]}, "properties": {"stratum": "Houses"}}, {"type": "Feature", "geometry": {"type": "Point", "coordinates": [123.8815901, 10.3341116]}, "properties": {"stratum": "Houses"}}, {"type": "Feature", "geometry": {"type": "Point", "coordinates": [123.90796534717084, 10.33421470068924]}, "properties": {"stratum": "Houses"}}, {"type": "Feature", "geometry": {"type": "Point", "coordinates": [123.9356289803982, 10.334588076299386]}, "properties": {"stratum": "Houses"}}, {"type": "Feature", "geometry": {"type": "Point", "coordinates": [123.8704313, 10.3358405]}, "properties": {"stratum": "Houses"}}, {"type": "Feature", "geometry": {"type": "Point", "coordinates": [123.8931374, 10.3358744]}, "properties": {"stratum": "Houses"}}, {"type": "Feature", "geometry": {"type": "Point", "coordinates": [123.9212353, 10.3408532]}, "properties": {"stratum": "Houses"}}, {"type": "Feature", "geometry": {"type": "Point", "coordinates": [123.8888992, 10.3413845]}, "properties": {"stratum": "Houses"}}, {"type": "Feature", "geometry": {"type": "Point", "coordinates": [123.9401578, 10.3416337]}, "properties": {"stratum": "Houses"}}, {"type": "Feature", "geometry": {"type": "Point", "coordinates": [123.9401578, 10.3416337]}, "properties": {"stratum": "Houses"}}, {"type": "Feature", "geometry": {"type": "Point", "coordinates": [123.8947705, 10.3423442]}, "properties": {"stratum": "Houses"}}, {"type": "Feature", "geometry": {"type": "Point", "coordinates": [123.9107733, 10.3439001]}, "properties": {"stratum": "Houses"}}, {"type": "Feature", "geometry": {"type": "Point", "coordinates": [123.9107733, 10.3439001]}, "properties": {"stratum": "Houses"}}, {"type": "Feature", "geometry": {"type": "Point", "coordinates": [123.9131526, 10.3441256]}, "properties": {"stratum": "Houses"}}, {"type": "Feature", "geometry": {"type": "Point", "coordinates": [123.959672, 10.3441361]}, "properties": {"stratum": "Houses"}}, {"type": "Feature", "geometry": {"type": "Point", "coordinates": [123.8881877, 10.344349]}, "properties": {"stratum": "Houses"}}, {"type": "Feature", "geometry": {"type": "Point", "coordinates": [123.9190804, 10.3446568]}, "properties": {"stratum": "Houses"}}, {"type": "Feature", "geometry": {"type": "Point", "coordinates": [123.9496679, 10.3446833]}, "properties": {"stratum": "Houses"}}, {"type": "Feature", "geometry": {"type": "Point", "coordinates": [123.9317932, 10.3450396]}, "properties": {"stratum": "Houses"}}, {"type": "Feature", "geometry": {"type": "Point", "coordinates": [123.9317932, 10.3450396]}, "properties": {"stratum": "Houses"}}, {"type": "Feature", "geometry": {"type": "Point", "coordinates": [123.9317932, 10.3450396]}, "properties": {"stratum": "Houses"}}, {"type": "Feature", "geometry": {"type": "Point", "coordinates": [123.9610657, 10.3451759]}, "properties": {"stratum": "Houses"}}, {"type": "Feature", "geometry": {"type": "Point", "coordinates": [123.9610657, 10.3451759]}, "properties": {"stratum": "Houses"}}, {"type": "Feature", "geometry": {"type": "Point", "coordinates": [123.8578735, 10.3453683]}, "properties": {"stratum": "Houses"}}, {"type": "Feature", "geometry": {"type": "Point", "coordinates": [123.8578735, 10.3453683]}, "properties": {"stratum": "Houses"}}, {"type": "Feature", "geometry": {"type": "Point", "coordinates": [123.913015, 10.346351]}, "properties": {"stratum": "Houses"}}, {"type": "Feature", "geometry": {"type": "Point", "coordinates": [123.9412951, 10.3468584]}, "properties": {"stratum": "Houses"}}, {"type": "Feature", "geometry": {"type": "Point", "coordinates": [123.9506123, 10.3470224]}, "properties": {"stratum": "Houses"}}, {"type": "Feature", "geometry": {"type": "Point", "coordinates": [123.9078808, 10.3473466]}, "properties": {"stratum": "Houses"}}, {"type": "Feature", "geometry": {"type": "Point", "coordinates": [123.9078808, 10.3473466]}, "properties": {"stratum": "Houses"}}, {"type": "Feature", "geometry": {"type": "Point", "coordinates": [123.9317932, 10.3474515]}, "properties": {"stratum": "Houses"}}, {"type": "Feature", "geometry": {"type": "Point", "coordinates": [123.9128134, 10.3479621]}, "properties": {"stratum": "Houses"}}, {"type": "Feature", "geometry": {"type": "Point", "coordinates": [123.9167391, 10.3483155]}, "properties": {"stratum": "Houses"}}, {"type": "Feature", "geometry": {"type": "Point", "coordinates": [123.9276107, 10.3491547]}, "properties": {"stratum": "Houses"}}, {"type": "Feature", "geometry": {"type": "Point", "coordinates": [123.9276107, 10.3491547]}, "properties": {"stratum": "Houses"}}, {"type": "Feature", "geometry": {"type": "Point", "coordinates": [123.9088391, 10.3497665]}, "properties": {"stratum": "Houses"}}, {"type": "Feature", "geometry": {"type": "Point", "coordinates": [123.8774052, 10.3502923]}, "properties": {"stratum": "Houses"}}, {"type": "Feature", "geometry": {"type": "Point", "coordinates": [123.9134092, 10.3506191]}, "properties": {"stratum": "Houses"}}, {"type": "Feature", "geometry": {"type": "Point", "coordinates": [123.9135389, 10.3506292]}, "properties": {"stratum": "Houses"}}, {"type": "Feature", "geometry": {"type": "Point", "coordinates": [123.9305733, 10.3516668]}, "properties": {"stratum": "Houses"}}, {"type": "Feature", "geometry": {"type": "Point", "coordinates": [123.9568845, 10.3517019]}, "properties": {"stratum": "Houses"}}, {"type": "Feature", "geometry": {"type": "Point", "coordinates": [123.9568845, 10.3517019]}, "properties": {"stratum": "Houses"}}, {"type": "Feature", "geometry": {"type": "Point", "coordinates": [123.952677, 10.3519008]}, "properties": {"stratum": "Houses"}}, {"type": "Feature", "geometry": {"type": "Point", "coordinates": [123.9132676, 10.3521222]}, "properties": {"stratum": "Houses"}}, {"type": "Feature", "geometry": {"type": "Point", "coordinates": [123.9132676, 10.3521222]}, "properties": {"stratum": "Houses"}}, {"type": "Feature", "geometry": {"type": "Point", "coordinates": [123.9295722, 10.3534895]}, "properties": {"stratum": "Houses"}}, {"type": "Feature", "geometry": {"type": "Point", "coordinates": [123.9402391, 10.3555496]}, "properties": {"stratum": "Houses"}}, {"type": "Feature", "geometry": {"type": "Point", "coordinates": [123.9234279, 10.3556827]}, "properties": {"stratum": "Houses"}}, {"type": "Feature", "geometry": {"type": "Point", "coordinates": [123.9234279, 10.3556827]}, "properties": {"stratum": "Houses"}}, {"type": "Feature", "geometry": {"type": "Point", "coordinates": [123.9234279, 10.3556827]}, "properties": {"stratum": "Houses"}}, {"type": "Feature", "geometry": {"type": "Point", "coordinates": [123.9405361, 10.3564895]}, "properties": {"stratum": "Houses"}}, {"type": "Feature", "geometry": {"type": "Point", "coordinates": [123.9443397, 10.3568128]}, "properties": {"stratum": "Houses"}}, {"type": "Feature", "geometry": {"type": "Point", "coordinates": [123.9443397, 10.3568128]}, "properties": {"stratum": "Houses"}}, {"type": "Feature", "geometry": {"type": "Point", "coordinates": [123.9444159, 10.3567803]}, "properties": {"stratum": "Houses"}}, {"type": "Feature", "geometry": {"type": "Point", "coordinates": [123.9038188, 10.3583912]}, "properties": {"stratum": "Houses"}}, {"type": "Feature", "geometry": {"type": "Point", "coordinates": [123.9038188, 10.3583912]}, "properties": {"stratum": "Houses"}}, {"type": "Feature", "geometry": {"type": "Point", "coordinates": [123.9143282, 10.3587001]}, "properties": {"stratum": "Houses"}}, {"type": "Feature", "geometry": {"type": "Point", "coordinates": [123.9485215, 10.3599329]}, "properties": {"stratum": "Houses"}}, {"type": "Feature", "geometry": {"type": "Point", "coordinates": [123.9340697, 10.3605399]}, "properties": {"stratum": "Houses"}}, {"type": "Feature", "geometry": {"type": "Point", "coordinates": [123.9155878, 10.3609557]}, "properties": {"stratum": "Houses"}}, {"type": "Feature", "geometry": {"type": "Point", "coordinates": [123.9155878, 10.3609557]}, "properties": {"stratum": "Houses"}}, {"type": "Feature", "geometry": {"type": "Point", "coordinates": [123.9512627, 10.3611852]}, "properties": {"stratum": "Houses"}}, {"type": "Feature", "geometry": {"type": "Point", "coordinates": [123.95413, 10.3613109]}, "properties": {"stratum": "Houses"}}, {"type": "Feature", "geometry": {"type": "Point", "coordinates": [123.95413, 10.3613109]}, "properties": {"stratum": "Houses"}}, {"type": "Feature", "geometry": {"type": "Point", "coordinates": [123.9833623, 10.3618097]}, "properties": {"stratum": "Houses"}}, {"type": "Feature", "geometry": {"type": "Point", "coordinates": [123.9833623, 10.3618097]}, "properties": {"stratum": "Houses"}}, {"type": "Feature", "geometry": {"type": "Point", "coordinates": [123.9472369, 10.362048]}, "properties": {"stratum": "Houses"}}, {"type": "Feature", "geometry": {"type": "Point", "coordinates": [123.9329916, 10.362082]}, "properties": {"stratum": "Houses"}}, {"type": "Feature", "geometry": {"type": "Point", "coordinates": [123.9330023, 10.3621783]}, "properties": {"stratum": "Houses"}}, {"type": "Feature", "geometry": {"type": "Point", "coordinates": [123.9513093, 10.3644249]}, "properties": {"stratum": "Houses"}}, {"type": "Feature", "geometry": {"type": "Point", "coordinates": [123.9513093, 10.3644249]}, "properties": {"stratum": "Houses"}}, {"type": "Feature", "geometry": {"type": "Point", "coordinates": [123.983014, 10.3651668]}, "properties": {"stratum": "Houses"}}, {"type": "Feature", "geometry": {"type": "Point", "coordinates": [123.983014, 10.3651668]}, "properties": {"stratum": "Houses"}}, {"type": "Feature", "geometry": {"type": "Point", "coordinates": [123.9137339, 10.3660147]}, "properties": {"stratum": "Houses"}}, {"type": "Feature", "geometry": {"type": "Point", "coordinates": [123.9171901, 10.3663583]}, "properties": {"stratum": "Houses"}}, {"type": "Feature", "geometry": {"type": "Point", "coordinates": [123.9316875, 10.3665938]}, "properties": {"stratum": "Houses"}}, {"type": "Feature", "geometry": {"type": "Point", "coordinates": [123.9173923, 10.3670682]}, "properties": {"stratum": "Houses"}}, {"type": "Feature", "geometry": {"type": "Point", "coordinates": [123.9173923, 10.3670682]}, "properties": {"stratum": "Houses"}}, {"type": "Feature", "geometry": {"type": "Point", "coordinates": [123.9138928, 10.3676681]}, "properties": {"stratum": "Houses"}}, {"type": "Feature", "geometry": {"type": "Point", "coordinates": [123.9336137, 10.3676668]}, "properties": {"stratum": "Houses"}}, {"type": "Feature", "geometry": {"type": "Point", "coordinates": [123.9861692, 10.3687028]}, "properties": {"stratum": "Houses"}}, {"type": "Feature", "geometry": {"type": "Point", "coordinates": [123.9092527, 10.3698019]}, "properties": {"stratum": "Houses"}}, {"type": "Feature", "geometry": {"type": "Point", "coordinates": [123.9652468, 10.3699993]}, "properties": {"stratum": "Houses"}}, {"type": "Feature", "geometry": {"type": "Point", "coordinates": [123.9652468, 10.3699993]}, "properties": {"stratum": "Houses"}}, {"type": "Feature", "geometry": {"type": "Point", "coordinates": [123.9652468, 10.3699993]}, "properties": {"stratum": "Houses"}}, {"type": "Feature", "geometry": {"type": "Point", "coordinates": [123.9629427, 10.3703941]}, "properties": {"stratum": "Houses"}}, {"type": "Feature", "geometry": {"type": "Point", "coordinates": [123.8993475, 10.3704613]}, "properties": {"stratum": "Houses"}}, {"type": "Feature", "geometry": {"type": "Point", "coordinates": [123.8993212, 10.3705306]}, "properties": {"stratum": "Houses"}}, {"type": "Feature", "geometry": {"type": "Point", "coordinates": [123.8993475, 10.3704613]}, "properties": {"stratum": "Houses"}}, {"type": "Feature", "geometry": {"type": "Point", "coordinates": [123.9401578, 10.3705783]}, "properties": {"stratum": "Houses"}}, {"type": "Feature", "geometry": {"type": "Point", "coordinates": [123.9401578, 10.3705783]}, "properties": {"stratum": "Houses"}}, {"type": "Feature", "geometry": {"type": "Point", "coordinates": [123.9401578, 10.3705783]}, "properties": {"stratum": "Houses"}}, {"type": "Feature", "geometry": {"type": "Point", "coordinates": [123.9394351, 10.3709459]}, "properties": {"stratum": "Houses"}}, {"type": "Feature", "geometry": {"type": "Point", "coordinates": [123.9392849, 10.3710246]}, "properties": {"stratum": "Houses"}}, {"type": "Feature", "geometry": {"type": "Point", "coordinates": [123.9763952, 10.3710811]}, "properties": {"stratum": "Houses"}}, {"type": "Feature", "geometry": {"type": "Point", "coordinates": [123.93579594790936, 10.371853147189457]}, "properties": {"stratum": "Houses"}}, {"type": "Feature", "geometry": {"type": "Point", "coordinates": [123.9685853, 10.3719438]}, "properties": {"stratum": "Houses"}}, {"type": "Feature", "geometry": {"type": "Point", "coordinates": [123.9561876, 10.3728889]}, "properties": {"stratum": "Houses"}}, {"type": "Feature", "geometry": {"type": "Point", "coordinates": [123.9561876, 10.3728889]}, "properties": {"stratum": "Houses"}}, {"type": "Feature", "geometry": {"type": "Point", "coordinates": [123.9561876, 10.3728889]}, "properties": {"stratum": "Houses"}}, {"type": "Feature", "geometry": {"type": "Point", "coordinates": [123.9217431, 10.3732232]}, "properties": {"stratum": "Houses"}}, {"type": "Feature", "geometry": {"type": "Point", "coordinates": [123.9535582, 10.3733781]}, "properties": {"stratum": "Houses"}}, {"type": "Feature", "geometry": {"type": "Point", "coordinates": [123.9271727, 10.3738071]}, "properties": {"stratum": "Houses"}}, {"type": "Feature", "geometry": {"type": "Point", "coordinates": [123.9271727, 10.3738071]}, "properties": {"stratum": "Houses"}}, {"type": "Feature", "geometry": {"type": "Point", "coordinates": [123.919199, 10.3746321]}, "properties": {"stratum": "Houses"}}, {"type": "Feature", "geometry": {"type": "Point", "coordinates": [123.9540625, 10.3746152]}, "properties": {"stratum": "Houses"}}, {"type": "Feature", "geometry": {"type": "Point", "coordinates": [123.9314368, 10.3747788]}, "properties": {"stratum": "Houses"}}, {"type": "Feature", "geometry": {"type": "Point", "coordinates": [123.9569388, 10.3758139]}, "properties": {"stratum": "Houses"}}, {"type": "Feature", "geometry": {"type": "Point", "coordinates": [123.9426441, 10.3759708]}, "properties": {"stratum": "Houses"}}, {"type": "Feature", "geometry": {"type": "Point", "coordinates": [123.9425359, 10.3761017]}, "properties": {"stratum": "Houses"}}, {"type": "Feature", "geometry": {"type": "Point", "coordinates": [123.9770806, 10.376209]}, "properties": {"stratum": "Houses"}}, {"type": "Feature", "geometry": {"type": "Point", "coordinates": [123.96114838462525, 10.37673241783258]}, "properties": {"stratum": "Houses"}}, {"type": "Feature", "geometry": {"type": "Point", "coordinates": [123.9769298, 10.3770948]}, "properties": {"stratum": "Houses"}}, {"type": "Feature", "geometry": {"type": "Point", "coordinates": [123.9187572, 10.3772447]}, "properties": {"stratum": "Houses"}}, {"type": "Feature", "geometry": {"type": "Point", "coordinates": [123.9329548, 10.3774132]}, "properties": {"stratum": "Houses"}}, {"type": "Feature", "geometry": {"type": "Point", "coordinates": [123.9240851, 10.3775706]}, "properties": {"stratum": "Houses"}}, {"type": "Feature", "geometry": {"type": "Point", "coordinates": [123.9276107, 10.3781056]}, "properties": {"stratum": "Houses"}}, {"type": "Feature", "geometry": {"type": "Point", "coordinates": [123.9345815, 10.3784811]}, "properties": {"stratum": "Houses"}}, {"type": "Feature", "geometry": {"type": "Point", "coordinates": [123.9345815, 10.3784811]}, "properties": {"stratum": "Houses"}}, {"type": "Feature", "geometry": {"type": "Point", "coordinates": [123.9235638, 10.3797793]}, "properties": {"stratum": "Houses"}}, {"type": "Feature", "geometry": {"type": "Point", "coordinates": [123.8913539, 10.3800111]}, "properties": {"stratum": "Houses"}}, {"type": "Feature", "geometry": {"type": "Point", "coordinates": [123.8913539, 10.3800111]}, "properties": {"stratum": "Houses"}}, {"type": "Feature", "geometry": {"type": "Point", "coordinates": [123.8913539, 10.3800111]}, "properties": {"stratum": "Houses"}}, {"type": "Feature", "geometry": {"type": "Point", "coordinates": [123.9108786, 10.3800995]}, "properties": {"stratum": "Houses"}}, {"type": "Feature", "geometry": {"type": "Point", "coordinates": [123.9108786, 10.3800995]}, "properties": {"stratum": "Houses"}}, {"type": "Feature", "geometry": {"type": "Point", "coordinates": [123.9108786, 10.3800995]}, "properties": {"stratum": "Houses"}}, {"type": "Feature", "geometry": {"type": "Point", "coordinates": [123.9212013, 10.3807068]}, "properties": {"stratum": "Houses"}}, {"type": "Feature", "geometry": {"type": "Point", "coordinates": [123.9443397, 10.3809365]}, "properties": {"stratum": "Houses"}}, {"type": "Feature", "geometry": {"type": "Point", "coordinates": [123.9701244, 10.3808744]}, "properties": {"stratum": "Houses"}}, {"type": "Feature", "geometry": {"type": "Point", "coordinates": [123.94061, 10.3811573]}, "properties": {"stratum": "Houses"}}, {"type": "Feature", "geometry": {"type": "Point", "coordinates": [123.94061, 10.3811573]}, "properties": {"stratum": "Houses"}}, {"type": "Feature", "geometry": {"type": "Point", "coordinates": [123.9175021, 10.381422]}, "properties": {"stratum": "Houses"}}, {"type": "Feature", "geometry": {"type": "Point", "coordinates": [123.9474502, 10.3872521]}, "properties": {"stratum": "Houses"}}, {"type": "Feature", "geometry": {"type": "Point", "coordinates": [123.9682272, 10.3874848]}, "properties": {"stratum": "Houses"}}, {"type": "Feature", "geometry": {"type": "Point", "coordinates": [123.9540969, 10.3882164]}, "properties": {"stratum": "Houses"}}, {"type": "Feature", "geometry": {"type": "Point", "coordinates": [123.9561858, 10.3895854]}, "properties": {"stratum": "Houses"}}, {"type": "Feature", "geometry": {"type": "Point", "coordinates": [123.9343435317278, 10.38970392924574]}, "properties": {"stratum": "Houses"}}, {"type": "Feature", "geometry": {"type": "Point", "coordinates": [123.9683879, 10.3898312]}, "properties": {"stratum": "Houses"}}, {"type": "Feature", "geometry": {"type": "Point", "coordinates": [123.9683879, 10.3898312]}, "properties": {"stratum": "Houses"}}, {"type": "Feature", "geometry": {"type": "Point", "coordinates": [123.967751, 10.38998]}, "properties": {"stratum": "Houses"}}, {"type": "Feature", "geometry": {"type": "Point", "coordinates": [123.9373697, 10.3902136]}, "properties": {"stratum": "Houses"}}, {"type": "Feature", "geometry": {"type": "Point", "coordinates": [123.96309, 10.3902174]}, "properties": {"stratum": "Houses"}}, {"type": "Feature", "geometry": {"type": "Point", "coordinates": [123.9217397, 10.3903321]}, "properties": {"stratum": "Houses"}}, {"type": "Feature", "geometry": {"type": "Point", "coordinates": [123.9431394, 10.3903051]}, "properties": {"stratum": "Houses"}}, {"type": "Feature", "geometry": {"type": "Point", "coordinates": [123.9419603, 10.3905062]}, "properties": {"stratum": "Houses"}}, {"type": "Feature", "geometry": {"type": "Point", "coordinates": [123.950307, 10.390459]}, "properties": {"stratum": "Houses"}}, {"type": "Feature", "geometry": {"type": "Point", "coordinates": [123.913056, 10.3911675]}, "properties": {"stratum": "Houses"}}, {"type": "Feature", "geometry": {"type": "Point", "coordinates": [123.913056, 10.3911675]}, "properties": {"stratum": "Houses"}}, {"type": "Feature", "geometry": {"type": "Point", "coordinates": [123.9215172, 10.3911507]}, "properties": {"stratum": "Houses"}}, {"type": "Feature", "geometry": {"type": "Point", "coordinates": [123.9150521, 10.3922386]}, "properties": {"stratum": "Houses"}}, {"type": "Feature", "geometry": {"type": "Point", "coordinates": [123.9150521, 10.3922386]}, "properties": {"stratum": "Houses"}}, {"type": "Feature", "geometry": {"type": "Point", "coordinates": [123.9524587, 10.3925706]}, "properties": {"stratum": "Houses"}}, {"type": "Feature", "geometry": {"type": "Point", "coordinates": [123.9499154, 10.3947482]}, "properties": {"stratum": "Houses"}}, {"type": "Feature", "geometry": {"type": "Point", "coordinates": [123.9152966, 10.3953507]}, "properties": {"stratum": "Houses"}}, {"type": "Feature", "geometry": {"type": "Point", "coordinates": [123.8634544, 10.3978208]}, "properties": {"stratum": "Houses"}}, {"type": "Feature", "geometry": {"type": "Point", "coordinates": [123.8634544, 10.3978208]}, "properties": {"stratum": "Houses"}}, {"type": "Feature", "geometry": {"type": "Point", "coordinates": [123.9025114, 10.3979941]}, "properties": {"stratum": "Houses"}}, {"type": "Feature", "geometry": {"type": "Point", "coordinates": [123.9025114, 10.3979941]}, "properties": {"stratum": "Houses"}}, {"type": "Feature", "geometry": {"type": "Point", "coordinates": [123.9197345, 10.3987593]}, "properties": {"stratum": "Houses"}}, {"type": "Feature", "geometry": {"type": "Point", "coordinates": [123.9197345, 10.3987593]}, "properties": {"stratum": "Houses"}}, {"type": "Feature", "geometry": {"type": "Point", "coordinates": [123.9197345, 10.3987593]}, "properties": {"stratum": "Houses"}}, {"type": "Feature", "geometry": {"type": "Point", "coordinates": [123.9206393, 10.3994516]}, "properties": {"stratum": "Houses"}}, {"type": "Feature", "geometry": {"type": "Point", "coordinates": [123.9206393, 10.3994516]}, "properties": {"stratum": "Houses"}}, {"type": "Feature", "geometry": {"type": "Point", "coordinates": [123.9290049, 10.4008663]}, "properties": {"stratum": "Houses"}}, {"type": "Feature", "geometry": {"type": "Point", "coordinates": [123.9290049, 10.4008663]}, "properties": {"stratum": "Houses"}}, {"type": "Feature", "geometry": {"type": "Point", "coordinates": [123.9290049, 10.4008663]}, "properties": {"stratum": "Houses"}}, {"type": "Feature", "geometry": {"type": "Point", "coordinates": [123.9198407, 10.4016432]}, "properties": {"stratum": "Houses"}}, {"type": "Feature", "geometry": {"type": "Point", "coordinates": [123.9198407, 10.4016432]}, "properties": {"stratum": "Houses"}}, {"type": "Feature", "geometry": {"type": "Point", "coordinates": [123.9167297, 10.4022975]}, "properties": {"stratum": "Houses"}}, {"type": "Feature", "geometry": {"type": "Point", "coordinates": [123.9137708, 10.4026654]}, "properties": {"stratum": "Houses"}}, {"type": "Feature", "geometry": {"type": "Point", "coordinates": [123.9178741, 10.4042689]}, "properties": {"stratum": "Houses"}}, {"type": "Feature", "geometry": {"type": "Point", "coordinates": [123.8801952, 10.4103155]}, "properties": {"stratum": "Houses"}}, {"type": "Feature", "geometry": {"type": "Point", "coordinates": [123.8801952, 10.4103155]}, "properties": {"stratum": "Houses"}}, {"type": "Feature", "geometry": {"type": "Point", "coordinates": [123.8801952, 10.4489676]}, "properties": {"stratum": "Houses"}}, {"type": "Feature", "geometry": {"type": "Point", "coordinates": [123.8801952, 10.4489676]}, "properties": {"stratum": "Houses"}}, {"type": "Feature", "geometry": {"type": "Point", "coordinates": [123.9135389, 10.3506292]}, "properties": {"stratum": "Vacant Lot"}}, {"type": "Feature", "geometry": {"type": "Point", "coordinates": [123.9205558, 10.3805837]}, "properties": {"stratum": "Vacant Lot"}}, {"type": "Feature", "geometry": {"type": "Point", "coordinates": [123.911374, 10.36171]}, "properties": {"stratum": "Vacant Lot"}}, {"type": "Feature", "geometry": {"type": "Point", "coordinates": [123.9220336, 10.3835968]}, "properties": {"stratum": "Vacant Lot"}}, {"type": "Feature", "geometry": {"type": "Point", "coordinates": [123.96416, 10.3893733]}, "properties": {"stratum": "Vacant Lot"}}, {"type": "Feature", "geometry": {"type": "Point", "coordinates": [123.86984, 10.304145]}, "properties": {"stratum": "Vacant Lot"}}, {"type": "Feature", "geometry": {"type": "Point", "coordinates": [123.911374, 10.36171]}, "properties": {"stratum": "Vacant Lot"}}, {"type": "Feature", "geometry": {"type": "Point", "coordinates": [123.9173923, 10.3670682]}, "properties": {"stratum": "Vacant Lot"}}, {"type": "Feature", "geometry": {"type": "Point", "coordinates": [123.9242484, 10.3926015]}, "properties": {"stratum": "Vacant Lot"}}, {"type": "Feature", "geometry": {"type": "Point", "coordinates": [123.9173923, 10.3670682]}, "properties": {"stratum": "Vacant Lot"}}, {"type": "Feature", "geometry": {"type": "Point", "coordinates": [123.9242484, 10.3926015]}, "properties": {"stratum": "Vacant Lot"}}, {"type": "Feature", "geometry": {"type": "Point", "coordinates": [124.043602, 10.33247668]}, "properties": {"stratum": "Vacant Lot"}}, {"type": "Feature", "geometry": {"type": "Point", "coordinates": [123.8257767, 10.2514505]}, "properties": {"stratum": "Vacant Lot"}}, {"type": "Feature", "geometry": {"type": "Point", "coordinates": [123.8991322, 10.3205967]}, "properties": {"stratum": "Vacant Lot"}}, {"type": "Feature", "geometry": {"type": "Point", "coordinates": [123.96010505, 10.38804755]}, "properties": {"stratum": "Vacant Lot"}}, {"type": "Feature", "geometry": {"type": "Point", "coordinates": [123.9132795, 10.3490999]}, "properties": {"stratum": "Vacant Lot"}}, {"type": "Feature", "geometry": {"type": "Point", "coordinates": [123.961041, 10.2910239]}, "properties": {"stratum": "Vacant Lot"}}, {"type": "Feature", "geometry": {"type": "Point", "coordinates": [123.8892686, 10.3262412]}, "properties": {"stratum": "Vacant Lot"}}, {"type": "Feature", "geometry": {"type": "Point", "coordinates": [123.9833623, 10.2846893]}, "properties": {"stratum": "Vacant Lot"}}, {"type": "Feature", "geometry": {"type": "Point", "coordinates": [123.921978, 10.380526]}, "properties": {"stratum": "Vacant Lot"}}, {"type": "Feature", "geometry": {"type": "Point", "coordinates": [123.9099079, 10.3442423]}, "properties": {"stratum": "Vacant Lot"}}, {"type": "Feature", "geometry": {"type": "Point", "coordinates": [123.9192051, 10.3881778]}, "properties": {"stratum": "Vacant Lot"}}, {"type": "Feature", "geometry": {"type": "Point", "coordinates": [123.9082282, 10.3047589]}, "properties": {"stratum": "Vacant Lot"}}, {"type": "Feature", "geometry": {"type": "Point", "coordinates": [123.819307, 10.241117]}, "properties": {"stratum": "Vacant Lot"}}, {"type": "Feature", "geometry": {"type": "Point", "coordinates": [123.8896094, 10.3331125]}, "properties": {"stratum": "Vacant Lot"}}, {"type": "Feature", "geometry": {"type": "Point", "coordinates": [123.911374, 10.36171]}, "properties": {"stratum": "Vacant Lot"}}, {"type": "Feature", "geometry": {"type": "Point", "coordinates": [123.9053005, 10.3518061]}, "properties": {"stratum": "Vacant Lot"}}, {"type": "Feature", "geometry": {"type": "Point", "coordinates": [123.8939863, 10.3110072]}, "properties": {"stratum": "Vacant Lot"}}, {"type": "Feature", "geometry": {"type": "Point", "coordinates": [123.9173923, 10.3670682]}, "properties": {"stratum": "Vacant Lot"}}, {"type": "Feature", "geometry": {"type": "Point", "coordinates": [124.00380072, 10.28881307]}, "properties": {"stratum": "Vacant Lot"}}, {"type": "Feature", "geometry": {"type": "Point", "coordinates": [123.9135389, 10.3506292]}, "properties": {"stratum": "Vacant Lot"}}, {"type": "Feature", "geometry": {"type": "Point", "coordinates": [123.9169018, 10.3693292]}, "properties": {"stratum": "Vacant Lot"}}, {"type": "Feature", "geometry": {"type": "Point", "coordinates": [123.92449144, 10.39255749]}, "properties": {"stratum": "Vacant Lot"}}, {"type": "Feature", "geometry": {"type": "Point", "coordinates": [123.9135389, 10.3506292]}, "properties": {"stratum": "Vacant Lot"}}, {"type": "Feature", "geometry": {"type": "Point", "coordinates": [123.87058277, 10.29426164]}, "properties": {"stratum": "Vacant Lot"}}, {"type": "Feature", "geometry": {"type": "Point", "coordinates": [123.9173923, 10.3670682]}, "properties": {"stratum": "Vacant Lot"}}, {"type": "Feature", "geometry": {"type": "Point", "coordinates": [123.819307, 10.241117]}, "properties": {"stratum": "Vacant Lot"}}, {"type": "Feature", "geometry": {"type": "Point", "coordinates": [123.83939, 10.24471]}, "properties": {"stratum": "Vacant Lot"}}, {"type": "Feature", "geometry": {"type": "Point", "coordinates": [123.8069463, 10.246444]}, "properties": {"stratum": "Vacant Lot"}}, {"type": "Feature", "geometry": {"type": "Point", "coordinates": [123.806963, 10.246573]}, "properties": {"stratum": "Vacant Lot"}}, {"type": "Feature", "geometry": {"type": "Point", "coordinates": [123.8425243, 10.2494847]}, "properties": {"stratum": "Vacant Lot"}}, {"type": "Feature", "geometry": {"type": "Point", "coordinates": [123.8215894, 10.2507362]}, "properties": {"stratum": "Vacant Lot"}}, {"type": "Feature", "geometry": {"type": "Point", "coordinates": [123.8541855, 10.2518079]}, "properties": {"stratum": "Vacant Lot"}}, {"type": "Feature", "geometry": {"type": "Point", "coordinates": [123.83923341, 10.2524493]}, "properties": {"stratum": "Vacant Lot"}}, {"type": "Feature", "geometry": {"type": "Point", "coordinates": [123.98058856, 10.26489878]}, "properties": {"stratum": "Vacant Lot"}}, {"type": "Feature", "geometry": {"type": "Point", "coordinates": [123.973581, 10.26793]}, "properties": {"stratum": "Vacant Lot"}}, {"type": "Feature", "geometry": {"type": "Point", "coordinates": [123.83152154, 10.27004845]}, "properties": {"stratum": "Vacant Lot"}}, {"type": "Feature", "geometry": {"type": "Point", "coordinates": [123.8451862, 10.2701798]}, "properties": {"stratum": "Vacant Lot"}}, {"type": "Feature", "geometry": {"type": "Point", "coordinates": [123.968312, 10.270899]}, "properties": {"stratum": "Vacant Lot"}}, {"type": "Feature", "geometry": {"type": "Point", "coordinates": [123.8013941, 10.27173355]}, "properties": {"stratum": "Vacant Lot"}}, {"type": "Feature", "geometry": {"type": "Point", "coordinates": [123.8387583, 10.27478922]}, "properties": {"stratum": "Vacant Lot"}}, {"type": "Feature", "geometry": {"type": "Point", "coordinates": [123.9891524, 10.2792139]}, "properties": {"stratum": "Vacant Lot"}}, {"type": "Feature", "geometry": {"type": "Point", "coordinates": [123.83982705, 10.27996735]}, "properties": {"stratum": "Vacant Lot"}}, {"type": "Feature", "geometry": {"type": "Point", "coordinates": [123.9780057, 10.2829833]}, "properties": {"stratum": "Vacant Lot"}}, {"type": "Feature", "geometry": {"type": "Point", "coordinates": [123.9971669, 10.2832342]}, "properties": {"stratum": "Vacant Lot"}}, {"type": "Feature", "geometry": {"type": "Point", "coordinates": [123.96952704, 10.2851423]}, "properties": {"stratum": "Vacant Lot"}}, {"type": "Feature", "geometry": {"type": "Point", "coordinates": [123.870533, 10.28737]}, "properties": {"stratum": "Vacant Lot"}}, {"type": "Feature", "geometry": {"type": "Point", "coordinates": [123.9767007, 10.28820421]}, "properties": {"stratum": "Vacant Lot"}}, {"type": "Feature", "geometry": {"type": "Point", "coordinates": [123.9983585, 10.2882521]}, "properties": {"stratum": "Vacant Lot"}}, {"type": "Feature", "geometry": {"type": "Point", "coordinates": [123.97942, 10.29011]}, "properties": {"stratum": "Vacant Lot"}}, {"type": "Feature", "geometry": {"type": "Point", "coordinates": [123.99853, 10.2901]}, "properties": {"stratum": "Vacant Lot"}}, {"type": "Feature", "geometry": {"type": "Point", "coordinates": [123.9712822, 10.2905128]}, "properties": {"stratum": "Vacant Lot"}}, {"type": "Feature", "geometry": {"type": "Point", "coordinates": [123.9021934, 10.2926115]}, "properties": {"stratum": "Vacant Lot"}}, {"type": "Feature", "geometry": {"type": "Point", "coordinates": [123.87047133, 10.29442786]}, "properties": {"stratum": "Vacant Lot"}}, {"type": "Feature", "geometry": {"type": "Point", "coordinates": [123.8823523, 10.2976607]}, "properties": {"stratum": "Vacant Lot"}}, {"type": "Feature", "geometry": {"type": "Point", "coordinates": [124.00635, 10.2982232]}, "properties": {"stratum": "Vacant Lot"}}, {"type": "Feature", "geometry": {"type": "Point", "coordinates": [123.992887, 10.298911]}, "properties": {"stratum": "Vacant Lot"}}, {"type": "Feature", "geometry": {"type": "Point", "coordinates": [123.992887, 10.298911]}, "properties": {"stratum": "Vacant Lot"}}, {"type": "Feature", "geometry": {"type": "Point", "coordinates": [124.015939, 10.29942]}, "properties": {"stratum": "Vacant Lot"}}, {"type": "Feature", "geometry": {"type": "Point", "coordinates": [124.0161039, 10.29988385]}, "properties": {"stratum": "Vacant Lot"}}, {"type": "Feature", "geometry": {"type": "Point", "coordinates": [124.0043461, 10.3007871]}, "properties": {"stratum": "Vacant Lot"}}, {"type": "Feature", "geometry": {"type": "Point", "coordinates": [124.0043461, 10.3007871]}, "properties": {"stratum": "Vacant Lot"}}, {"type": "Feature", "geometry": {"type": "Point", "coordinates": [124.0043461, 10.3007871]}, "properties": {"stratum": "Vacant Lot"}}, {"type": "Feature", "geometry": {"type": "Point", "coordinates": [123.9933831, 10.3016315]}, "properties": {"stratum": "Vacant Lot"}}, {"type": "Feature", "geometry": {"type": "Point", "coordinates": [123.9554907, 10.302447]}, "properties": {"stratum": "Vacant Lot"}}, {"type": "Feature", "geometry": {"type": "Point", "coordinates": [123.9554907, 10.302447]}, "properties": {"stratum": "Vacant Lot"}}, {"type": "Feature", "geometry": {"type": "Point", "coordinates": [123.9777887, 10.3046231]}, "properties": {"stratum": "Vacant Lot"}}, {"type": "Feature", "geometry": {"type": "Point", "coordinates": [123.9827046, 10.3047237]}, "properties": {"stratum": "Vacant Lot"}}, {"type": "Feature", "geometry": {"type": "Point", "coordinates": [123.9827046, 10.3047237]}, "properties": {"stratum": "Vacant Lot"}}, {"type": "Feature", "geometry": {"type": "Point", "coordinates": [123.9827046, 10.3047237]}, "properties": {"stratum": "Vacant Lot"}}, {"type": "Feature", "geometry": {"type": "Point", "coordinates": [124.00114166, 10.30626534]}, "properties": {"stratum": "Vacant Lot"}}, {"type": "Feature", "geometry": {"type": "Point", "coordinates": [123.9914783, 10.3104477]}, "properties": {"stratum": "Vacant Lot"}}, {"type": "Feature", "geometry": {"type": "Point", "coordinates": [123.9024031, 10.3106192]}, "properties": {"stratum": "Vacant Lot"}}, {"type": "Feature", "geometry": {"type": "Point", "coordinates": [123.8861825, 10.3122817]}, "properties": {"stratum": "Vacant Lot"}}, {"type": "Feature", "geometry": {"type": "Point", "coordinates": [123.959672, 10.3127967]}, "properties": {"stratum": "Vacant Lot"}}, {"type": "Feature", "geometry": {"type": "Point", "coordinates": [123.9637775, 10.3152867]}, "properties": {"stratum": "Vacant Lot"}}, {"type": "Feature", "geometry": {"type": "Point", "coordinates": [123.9150619, 10.3156739]}, "properties": {"stratum": "Vacant Lot"}}, {"type": "Feature", "geometry": {"type": "Point", "coordinates": [123.9649926, 10.3168343]}, "properties": {"stratum": "Vacant Lot"}}, {"type": "Feature", "geometry": {"type": "Point", "coordinates": [123.9257719, 10.3172288]}, "properties": {"stratum": "Vacant Lot"}}, {"type": "Feature", "geometry": {"type": "Point", "coordinates": [123.9257719, 10.3172288]}, "properties": {"stratum": "Vacant Lot"}}, {"type": "Feature", "geometry": {"type": "Point", "coordinates": [123.9225723, 10.318048]}, "properties": {"stratum": "Vacant Lot"}}, {"type": "Feature", "geometry": {"type": "Point", "coordinates": [123.9216255, 10.3182861]}, "properties": {"stratum": "Vacant Lot"}}, {"type": "Feature", "geometry": {"type": "Point", "coordinates": [123.9722147, 10.3197437]}, "properties": {"stratum": "Vacant Lot"}}, {"type": "Feature", "geometry": {"type": "Point", "coordinates": [124.03099425, 10.31980147]}, "properties": {"stratum": "Vacant Lot"}}, {"type": "Feature", "geometry": {"type": "Point", "coordinates": [123.9691151, 10.3232575]}, "properties": {"stratum": "Vacant Lot"}}, {"type": "Feature", "geometry": {"type": "Point", "coordinates": [123.7906581, 10.3236604]}, "properties": {"stratum": "Vacant Lot"}}, {"type": "Feature", "geometry": {"type": "Point", "coordinates": [123.8712064, 10.32442843]}, "properties": {"stratum": "Vacant Lot"}}, {"type": "Feature", "geometry": {"type": "Point", "coordinates": [123.8712144, 10.324419]}, "properties": {"stratum": "Vacant Lot"}}, {"type": "Feature", "geometry": {"type": "Point", "coordinates": [123.8712144, 10.324419]}, "properties": {"stratum": "Vacant Lot"}}, {"type": "Feature", "geometry": {"type": "Point", "coordinates": [123.89146192432858, 10.32597659409605]}, "properties": {"stratum": "Vacant Lot"}}, {"type": "Feature", "geometry": {"type": "Point", "coordinates": [123.92007753, 10.32739854]}, "properties": {"stratum": "Vacant Lot"}}, {"type": "Feature", "geometry": {"type": "Point", "coordinates": [123.9371818, 10.3289759]}, "properties": {"stratum": "Vacant Lot"}}, {"type": "Feature", "geometry": {"type": "Point", "coordinates": [123.9371818, 10.3289759]}, "properties": {"stratum": "Vacant Lot"}}, {"type": "Feature", "geometry": {"type": "Point", "coordinates": [123.9354791, 10.3321711]}, "properties": {"stratum": "Vacant Lot"}}, {"type": "Feature", "geometry": {"type": "Point", "coordinates": [123.950754, 10.332355]}, "properties": {"stratum": "Vacant Lot"}}, {"type": "Feature", "geometry": {"type": "Point", "coordinates": [123.88960931, 10.33311238]}, "properties": {"stratum": "Vacant Lot"}}, {"type": "Feature", "geometry": {"type": "Point", "coordinates": [123.9234692, 10.3347906]}, "properties": {"stratum": "Vacant Lot"}}, {"type": "Feature", "geometry": {"type": "Point", "coordinates": [123.908614, 10.33695755]}, "properties": {"stratum": "Vacant Lot"}}, {"type": "Feature", "geometry": {"type": "Point", "coordinates": [123.937486, 10.339572]}, "properties": {"stratum": "Vacant Lot"}}, {"type": "Feature", "geometry": {"type": "Point", "coordinates": [123.917409, 10.342835]}, "properties": {"stratum": "Vacant Lot"}}, {"type": "Feature", "geometry": {"type": "Point", "coordinates": [123.9107733, 10.3439001]}, "properties": {"stratum": "Vacant Lot"}}, {"type": "Feature", "geometry": {"type": "Point", "coordinates": [123.94756611, 10.3453013]}, "properties": {"stratum": "Vacant Lot"}}, {"type": "Feature", "geometry": {"type": "Point", "coordinates": [123.929731, 10.346219]}, "properties": {"stratum": "Vacant Lot"}}, {"type": "Feature", "geometry": {"type": "Point", "coordinates": [123.9274764, 10.3478716]}, "properties": {"stratum": "Vacant Lot"}}, {"type": "Feature", "geometry": {"type": "Point", "coordinates": [123.9274764, 10.3478716]}, "properties": {"stratum": "Vacant Lot"}}, {"type": "Feature", "geometry": {"type": "Point", "coordinates": [123.9298327, 10.3532734]}, "properties": {"stratum": "Vacant Lot"}}, {"type": "Feature", "geometry": {"type": "Point", "coordinates": [123.89517413271024, 10.355134664526634]}, "properties": {"stratum": "Vacant Lot"}}, {"type": "Feature", "geometry": {"type": "Point", "coordinates": [123.9192832, 10.3571568]}, "properties": {"stratum": "Vacant Lot"}}, {"type": "Feature", "geometry": {"type": "Point", "coordinates": [123.9513093, 10.357189]}, "properties": {"stratum": "Vacant Lot"}}, {"type": "Feature", "geometry": {"type": "Point", "coordinates": [123.89524046197128, 10.358046107551488]}, "properties": {"stratum": "Vacant Lot"}}, {"type": "Feature", "geometry": {"type": "Point", "coordinates": [123.89523582, 10.35803966]}, "properties": {"stratum": "Vacant Lot"}}, {"type": "Feature", "geometry": {"type": "Point", "coordinates": [123.9235386, 10.357998]}, "properties": {"stratum": "Vacant Lot"}}, {"type": "Feature", "geometry": {"type": "Point", "coordinates": [123.9038188, 10.3583912]}, "properties": {"stratum": "Vacant Lot"}}, {"type": "Feature", "geometry": {"type": "Point", "coordinates": [123.921582, 10.3594296]}, "properties": {"stratum": "Vacant Lot"}}, {"type": "Feature", "geometry": {"type": "Point", "coordinates": [123.911374, 10.36171]}, "properties": {"stratum": "Vacant Lot"}}, {"type": "Feature", "geometry": {"type": "Point", "coordinates": [123.9513093, 10.3644249]}, "properties": {"stratum": "Vacant Lot"}}, {"type": "Feature", "geometry": {"type": "Point", "coordinates": [123.9602637, 10.3666156]}, "properties": {"stratum": "Vacant Lot"}}, {"type": "Feature", "geometry": {"type": "Point", "coordinates": [123.95959196, 10.36759102]}, "properties": {"stratum": "Vacant Lot"}}, {"type": "Feature", "geometry": {"type": "Point", "coordinates": [123.9331874, 10.3677899]}, "properties": {"stratum": "Vacant Lot"}}, {"type": "Feature", "geometry": {"type": "Point", "coordinates": [123.967246, 10.368015]}, "properties": {"stratum": "Vacant Lot"}}, {"type": "Feature", "geometry": {"type": "Point", "coordinates": [123.9169018, 10.3693292]}, "properties": {"stratum": "Vacant Lot"}}, {"type": "Feature", "geometry": {"type": "Point", "coordinates": [123.9401578, 10.3705783]}, "properties": {"stratum": "Vacant Lot"}}, {"type": "Feature", "geometry": {"type": "Point", "coordinates": [123.9394351, 10.3709459]}, "properties": {"stratum": "Vacant Lot"}}, {"type": "Feature", "geometry": {"type": "Point", "coordinates": [123.958914, 10.3708949]}, "properties": {"stratum": "Vacant Lot"}}, {"type": "Feature", "geometry": {"type": "Point", "coordinates": [123.9621427, 10.3712509]}, "properties": {"stratum": "Vacant Lot"}}, {"type": "Feature", "geometry": {"type": "Point", "coordinates": [123.95668432, 10.37264004]}, "properties": {"stratum": "Vacant Lot"}}, {"type": "Feature", "geometry": {"type": "Point", "coordinates": [123.9430131, 10.3728792]}, "properties": {"stratum": "Vacant Lot"}}, {"type": "Feature", "geometry": {"type": "Point", "coordinates": [123.9617626, 10.37343]}, "properties": {"stratum": "Vacant Lot"}}, {"type": "Feature", "geometry": {"type": "Point", "coordinates": [123.9540553, 10.37462794]}, "properties": {"stratum": "Vacant Lot"}}, {"type": "Feature", "geometry": {"type": "Point", "coordinates": [123.9540625, 10.3746152]}, "properties": {"stratum": "Vacant Lot"}}, {"type": "Feature", "geometry": {"type": "Point", "coordinates": [123.9540625, 10.3746152]}, "properties": {"stratum": "Vacant Lot"}}, {"type": "Feature", "geometry": {"type": "Point", "coordinates": [123.9533135, 10.3750413]}, "properties": {"stratum": "Vacant Lot"}}, {"type": "Feature", "geometry": {"type": "Point", "coordinates": [123.9285627, 10.3754011]}, "properties": {"stratum": "Vacant Lot"}}, {"type": "Feature", "geometry": {"type": "Point", "coordinates": [123.9363872, 10.3753649]}, "properties": {"stratum": "Vacant Lot"}}, {"type": "Feature", "geometry": {"type": "Point", "coordinates": [123.93614966, 10.37565371]}, "properties": {"stratum": "Vacant Lot"}}, {"type": "Feature", "geometry": {"type": "Point", "coordinates": [123.8740508, 10.3766494]}, "properties": {"stratum": "Vacant Lot"}}, {"type": "Feature", "geometry": {"type": "Point", "coordinates": [123.9242946, 10.377766]}, "properties": {"stratum": "Vacant Lot"}}, {"type": "Feature", "geometry": {"type": "Point", "coordinates": [123.93458158, 10.37848102]}, "properties": {"stratum": "Vacant Lot"}}, {"type": "Feature", "geometry": {"type": "Point", "coordinates": [123.92166264, 10.3808651]}, "properties": {"stratum": "Vacant Lot"}}, {"type": "Feature", "geometry": {"type": "Point", "coordinates": [123.94061, 10.3811573]}, "properties": {"stratum": "Vacant Lot"}}, {"type": "Feature", "geometry": {"type": "Point", "coordinates": [123.9349901, 10.3823235]}, "properties": {"stratum": "Vacant Lot"}}, {"type": "Feature", "geometry": {"type": "Point", "coordinates": [123.925415, 10.38246]}, "properties": {"stratum": "Vacant Lot"}}, {"type": "Feature", "geometry": {"type": "Point", "coordinates": [123.925415, 10.38246]}, "properties": {"stratum": "Vacant Lot"}}, {"type": "Feature", "geometry": {"type": "Point", "coordinates": [123.9300254, 10.38282557]}, "properties": {"stratum": "Vacant Lot"}}, {"type": "Feature", "geometry": {"type": "Point", "coordinates": [123.9300245, 10.3828441]}, "properties": {"stratum": "Vacant Lot"}}, {"type": "Feature", "geometry": {"type": "Point", "coordinates": [123.9657361, 10.3850574]}, "properties": {"stratum": "Vacant Lot"}}, {"type": "Feature", "geometry": {"type": "Point", "coordinates": [123.9659443, 10.3872769]}, "properties": {"stratum": "Vacant Lot"}}, {"type": "Feature", "geometry": {"type": "Point", "coordinates": [123.9656282, 10.3878643]}, "properties": {"stratum": "Vacant Lot"}}, {"type": "Feature", "geometry": {"type": "Point", "coordinates": [123.9642126, 10.389355]}, "properties": {"stratum": "Vacant Lot"}}, {"type": "Feature", "geometry": {"type": "Point", "coordinates": [123.9642126, 10.389355]}, "properties": {"stratum": "Vacant Lot"}}, {"type": "Feature", "geometry": {"type": "Point", "coordinates": [123.9631138, 10.39013743]}, "properties": {"stratum": "Vacant Lot"}}, {"type": "Feature", "geometry": {"type": "Point", "coordinates": [123.9631138, 10.39013743]}, "properties": {"stratum": "Vacant Lot"}}, {"type": "Feature", "geometry": {"type": "Point", "coordinates": [123.96547497880522, 10.390159828167455]}, "properties": {"stratum": "Vacant Lot"}}, {"type": "Feature", "geometry": {"type": "Point", "coordinates": [123.9157591, 10.39219437]}, "properties": {"stratum": "Vacant Lot"}}, {"type": "Feature", "geometry": {"type": "Point", "coordinates": [123.9160177, 10.392418]}, "properties": {"stratum": "Vacant Lot"}}, {"type": "Feature", "geometry": {"type": "Point", "coordinates": [123.9244914, 10.3925575]}, "properties": {"stratum": "Vacant Lot"}}, {"type": "Feature", "geometry": {"type": "Point", "coordinates": [123.9244914, 10.3925575]}, "properties": {"stratum": "Vacant Lot"}}, {"type": "Feature", "geometry": {"type": "Point", "coordinates": [123.9158829, 10.39802129]}, "properties": {"stratum": "Vacant Lot"}}, {"type": "Feature", "geometry": {"type": "Point", "coordinates": [123.9415518, 10.3981607]}, "properties": {"stratum": "Vacant Lot"}}, {"type": "Feature", "geometry": {"type": "Point", "coordinates": [123.9387637, 10.4153897]}, "properties": {"stratum": "Vacant Lot"}}, {"type": "Feature", "geometry": {"type": "Point", "coordinates": [123.78456185, 10.24137139]}, "properties": {"stratum": "Vacant Lot"}}, {"type": "Feature", "geometry": {"type": "Point", "coordinates": [123.832267, 10.24146]}, "properties": {"stratum": "Vacant Lot"}}, {"type": "Feature", "geometry": {"type": "Point", "coordinates": [123.832267, 10.24146]}, "properties": {"stratum": "Vacant Lot"}}, {"type": "Feature", "geometry": {"type": "Point", "coordinates": [123.83065585, 10.24224929]}, "properties": {"stratum": "Vacant Lot"}}, {"type": "Feature", "geometry": {"type": "Point", "coordinates": [123.8200271, 10.2425683]}, "properties": {"stratum": "Vacant Lot"}}, {"type": "Feature", "geometry": {"type": "Point", "coordinates": [123.8069463, 10.246444]}, "properties": {"stratum": "Vacant Lot"}}, {"type": "Feature", "geometry": {"type": "Point", "coordinates": [123.8538713, 10.2560997]}, "properties": {"stratum": "Vacant Lot"}}, {"type": "Feature", "geometry": {"type": "Point", "coordinates": [123.8229852, 10.2566009]}, "properties": {"stratum": "Vacant Lot"}}, {"type": "Feature", "geometry": {"type": "Point", "coordinates": [123.80023775, 10.2584831]}, "properties": {"stratum": "Vacant Lot"}}, {"type": "Feature", "geometry": {"type": "Point", "coordinates": [123.8062341, 10.258567]}, "properties": {"stratum": "Vacant Lot"}}, {"type": "Feature", "geometry": {"type": "Point", "coordinates": [123.8241275, 10.2585936]}, "properties": {"stratum": "Vacant Lot"}}, {"type": "Feature", "geometry": {"type": "Point", "coordinates": [123.829615, 10.2621526]}, "properties": {"stratum": "Vacant Lot"}}, {"type": "Feature", "geometry": {"type": "Point", "coordinates": [123.829615, 10.2621526]}, "properties": {"stratum": "Vacant Lot"}}, {"type": "Feature", "geometry": {"type": "Point", "coordinates": [123.832558, 10.265022]}, "properties": {"stratum": "Vacant Lot"}}, {"type": "Feature", "geometry": {"type": "Point", "coordinates": [123.84357121, 10.26877511]}, "properties": {"stratum": "Vacant Lot"}}, {"type": "Feature", "geometry": {"type": "Point", "coordinates": [123.84457459, 10.26905496]}, "properties": {"stratum": "Vacant Lot"}}, {"type": "Feature", "geometry": {"type": "Point", "coordinates": [123.83152154, 10.27004845]}, "properties": {"stratum": "Vacant Lot"}}, {"type": "Feature", "geometry": {"type": "Point", "coordinates": [123.8315215386654, 10.2700484490046]}, "properties": {"stratum": "Vacant Lot"}}, {"type": "Feature", "geometry": {"type": "Point", "coordinates": [123.8453152, 10.270857]}, "properties": {"stratum": "Vacant Lot"}}, {"type": "Feature", "geometry": {"type": "Point", "coordinates": [123.84459782, 10.27226747]}, "properties": {"stratum": "Vacant Lot"}}, {"type": "Feature", "geometry": {"type": "Point", "coordinates": [123.9637821, 10.2753435]}, "properties": {"stratum": "Vacant Lot"}}, {"type": "Feature", "geometry": {"type": "Point", "coordinates": [123.8320574, 10.2754314]}, "properties": {"stratum": "Vacant Lot"}}, {"type": "Feature", "geometry": {"type": "Point", "coordinates": [123.8320574, 10.2754314]}, "properties": {"stratum": "Vacant Lot"}}, {"type": "Feature", "geometry": {"type": "Point", "coordinates": [123.9970338, 10.2832585]}, "properties": {"stratum": "Vacant Lot"}}, {"type": "Feature", "geometry": {"type": "Point", "coordinates": [123.9504723, 10.285422]}, "properties": {"stratum": "Vacant Lot"}}, {"type": "Feature", "geometry": {"type": "Point", "coordinates": [123.8261834, 10.287087]}, "properties": {"stratum": "Vacant Lot"}}, {"type": "Feature", "geometry": {"type": "Point", "coordinates": [123.88248537, 10.28788003]}, "properties": {"stratum": "Vacant Lot"}}, {"type": "Feature", "geometry": {"type": "Point", "coordinates": [124.00993343, 10.29527806]}, "properties": {"stratum": "Vacant Lot"}}, {"type": "Feature", "geometry": {"type": "Point", "coordinates": [123.9638531, 10.2990463]}, "properties": {"stratum": "Vacant Lot"}}, {"type": "Feature", "geometry": {"type": "Point", "coordinates": [124.0161361, 10.2998733]}, "properties": {"stratum": "Vacant Lot"}}, {"type": "Feature", "geometry": {"type": "Point", "coordinates": [123.9823193, 10.3025802]}, "properties": {"stratum": "Vacant Lot"}}, {"type": "Feature", "geometry": {"type": "Point", "coordinates": [123.9823193, 10.3025802]}, "properties": {"stratum": "Vacant Lot"}}, {"type": "Feature", "geometry": {"type": "Point", "coordinates": [123.9823193, 10.3025802]}, "properties": {"stratum": "Vacant Lot"}}, {"type": "Feature", "geometry": {"type": "Point", "coordinates": [123.8662448, 10.3033603]}, "properties": {"stratum": "Vacant Lot"}}, {"type": "Feature", "geometry": {"type": "Point", "coordinates": [123.9154371, 10.3179247]}, "properties": {"stratum": "Vacant Lot"}}, {"type": "Feature", "geometry": {"type": "Point", "coordinates": [123.9639483, 10.3183756]}, "properties": {"stratum": "Vacant Lot"}}, {"type": "Feature", "geometry": {"type": "Point", "coordinates": [123.9722308, 10.3186156]}, "properties": {"stratum": "Vacant Lot"}}, {"type": "Feature", "geometry": {"type": "Point", "coordinates": [123.8791859, 10.3200261]}, "properties": {"stratum": "Vacant Lot"}}, {"type": "Feature", "geometry": {"type": "Point", "coordinates": [123.8647932, 10.3232233]}, "properties": {"stratum": "Vacant Lot"}}, {"type": "Feature", "geometry": {"type": "Point", "coordinates": [123.8801952, 10.3234205]}, "properties": {"stratum": "Vacant Lot"}}, {"type": "Feature", "geometry": {"type": "Point", "coordinates": [123.9485215, 10.3237619]}, "properties": {"stratum": "Vacant Lot"}}, {"type": "Feature", "geometry": {"type": "Point", "coordinates": [123.898534, 10.32423]}, "properties": {"stratum": "Vacant Lot"}}, {"type": "Feature", "geometry": {"type": "Point", "coordinates": [123.8712144, 10.324419]}, "properties": {"stratum": "Vacant Lot"}}, {"type": "Feature", "geometry": {"type": "Point", "coordinates": [123.906315, 10.3280132]}, "properties": {"stratum": "Vacant Lot"}}, {"type": "Feature", "geometry": {"type": "Point", "coordinates": [123.91165975, 10.33213111]}, "properties": {"stratum": "Vacant Lot"}}, {"type": "Feature", "geometry": {"type": "Point", "coordinates": [123.950754, 10.332355]}, "properties": {"stratum": "Vacant Lot"}}, {"type": "Feature", "geometry": {"type": "Point", "coordinates": [123.9262359, 10.3390982]}, "properties": {"stratum": "Vacant Lot"}}, {"type": "Feature", "geometry": {"type": "Point", "coordinates": [123.9099079, 10.3442423]}, "properties": {"stratum": "Vacant Lot"}}, {"type": "Feature", "geometry": {"type": "Point", "coordinates": [123.9099079, 10.3442423]}, "properties": {"stratum": "Vacant Lot"}}, {"type": "Feature", "geometry": {"type": "Point", "coordinates": [123.9276107, 10.3491547]}, "properties": {"stratum": "Vacant Lot"}}, {"type": "Feature", "geometry": {"type": "Point", "coordinates": [123.9134073, 10.35063177]}, "properties": {"stratum": "Vacant Lot"}}, {"type": "Feature", "geometry": {"type": "Point", "coordinates": [123.9112326, 10.3510732]}, "properties": {"stratum": "Vacant Lot"}}, {"type": "Feature", "geometry": {"type": "Point", "coordinates": [123.9053005, 10.3518061]}, "properties": {"stratum": "Vacant Lot"}}, {"type": "Feature", "geometry": {"type": "Point", "coordinates": [123.9053005, 10.3518061]}, "properties": {"stratum": "Vacant Lot"}}, {"type": "Feature", "geometry": {"type": "Point", "coordinates": [123.9234279, 10.3556827]}, "properties": {"stratum": "Vacant Lot"}}, {"type": "Feature", "geometry": {"type": "Point", "coordinates": [123.9234279, 10.3556827]}, "properties": {"stratum": "Vacant Lot"}}, {"type": "Feature", "geometry": {"type": "Point", "coordinates": [123.9513093, 10.357189]}, "properties": {"stratum": "Vacant Lot"}}, {"type": "Feature", "geometry": {"type": "Point", "coordinates": [123.9156019, 10.3588475]}, "properties": {"stratum": "Vacant Lot"}}, {"type": "Feature", "geometry": {"type": "Point", "coordinates": [123.9513093, 10.3644249]}, "properties": {"stratum": "Vacant Lot"}}, {"type": "Feature", "geometry": {"type": "Point", "coordinates": [123.9088286, 10.3672928]}, "properties": {"stratum": "Vacant Lot"}}, {"type": "Feature", "geometry": {"type": "Point", "coordinates": [123.9138992, 10.36768176]}, "properties": {"stratum": "Vacant Lot"}}, {"type": "Feature", "geometry": {"type": "Point", "coordinates": [123.9179152, 10.3744849]}, "properties": {"stratum": "Vacant Lot"}}, {"type": "Feature", "geometry": {"type": "Point", "coordinates": [123.9179152, 10.3744849]}, "properties": {"stratum": "Vacant Lot"}}, {"type": "Feature", "geometry": {"type": "Point", "coordinates": [123.9540625, 10.3746152]}, "properties": {"stratum": "Vacant Lot"}}, {"type": "Feature", "geometry": {"type": "Point", "coordinates": [123.9158098, 10.374882]}, "properties": {"stratum": "Vacant Lot"}}, {"type": "Feature", "geometry": {"type": "Point", "coordinates": [123.9533135, 10.3750413]}, "properties": {"stratum": "Vacant Lot"}}, {"type": "Feature", "geometry": {"type": "Point", "coordinates": [123.9533135, 10.3750413]}, "properties": {"stratum": "Vacant Lot"}}, {"type": "Feature", "geometry": {"type": "Point", "coordinates": [123.9276107, 10.3781056]}, "properties": {"stratum": "Vacant Lot"}}, {"type": "Feature", "geometry": {"type": "Point", "coordinates": [123.9235638, 10.3797793]}, "properties": {"stratum": "Vacant Lot"}}, {"type": "Feature", "geometry": {"type": "Point", "coordinates": [123.9212013, 10.3807068]}, "properties": {"stratum": "Vacant Lot"}}, {"type": "Feature", "geometry": {"type": "Point", "coordinates": [123.9313357, 10.3810368]}, "properties": {"stratum": "Vacant Lot"}}, {"type": "Feature", "geometry": {"type": "Point", "coordinates": [123.94061, 10.3811573]}, "properties": {"stratum": "Vacant Lot"}}, {"type": "Feature", "geometry": {"type": "Point", "coordinates": [123.9300245, 10.3828441]}, "properties": {"stratum": "Vacant Lot"}}, {"type": "Feature", "geometry": {"type": "Point", "coordinates": [123.9300245, 10.3828441]}, "properties": {"stratum": "Vacant Lot"}}, {"type": "Feature", "geometry": {"type": "Point", "coordinates": [123.9206393, 10.3849697]}, "properties": {"stratum": "Vacant Lot"}}, {"type": "Feature", "geometry": {"type": "Point", "coordinates": [123.9659443, 10.3872769]}, "properties": {"stratum": "Vacant Lot"}}, {"type": "Feature", "geometry": {"type": "Point", "coordinates": [123.9336616, 10.3887881]}, "properties": {"stratum": "Vacant Lot"}}, {"type": "Feature", "geometry": {"type": "Point", "coordinates": [123.9639994, 10.3894044]}, "properties": {"stratum": "Vacant Lot"}}, {"type": "Feature", "geometry": {"type": "Point", "coordinates": [123.9642126, 10.389355]}, "properties": {"stratum": "Vacant Lot"}}, {"type": "Feature", "geometry": {"type": "Point", "coordinates": [123.9631138, 10.39013743]}, "properties": {"stratum": "Vacant Lot"}}, {"type": "Feature", "geometry": {"type": "Point", "coordinates": [123.9175274, 10.3917337]}, "properties": {"stratum": "Vacant Lot"}}, {"type": "Feature", "geometry": {"type": "Point", "coordinates": [123.9025114, 10.3979941]}, "properties": {"stratum": "Vacant Lot"}}, {"type": "Feature", "geometry": {"type": "Point", "coordinates": [123.9206393, 10.3994516]}, "properties": {"stratum": "Vacant Lot"}}, {"type": "Feature", "geometry": {"type": "Point", "coordinates": [123.913973, 10.40667384]}, "properties": {"stratum": "Vacant Lot"}}, {"type": "Feature", "geometry": {"type": "Point", "coordinates": [123.869939, 10.443525]}, "properties": {"stratum": "Vacant Lot"}}, {"type": "Feature", "geometry": {"type": "Point", "coordinates": [123.7812764, 10.2360158]}, "properties": {"stratum": "Vacant Lot"}}, {"type": "Feature", "geometry": {"type": "Point", "coordinates": [123.7842879, 10.2359723]}, "properties": {"stratum": "Vacant Lot"}}, {"type": "Feature", "geometry": {"type": "Point", "coordinates": [123.83874490857124, 10.236779556284151]}, "properties": {"stratum": "Vacant Lot"}}, {"type": "Feature", "geometry": {"type": "Point", "coordinates": [123.7821624, 10.2375793]}, "properties": {"stratum": "Vacant Lot"}}, {"type": "Feature", "geometry": {"type": "Point", "coordinates": [123.7770798, 10.2380849]}, "properties": {"stratum": "Vacant Lot"}}, {"type": "Feature", "geometry": {"type": "Point", "coordinates": [123.7770798, 10.2380849]}, "properties": {"stratum": "Vacant Lot"}}, {"type": "Feature", "geometry": {"type": "Point", "coordinates": [123.7978362, 10.238299]}, "properties": {"stratum": "Vacant Lot"}}, {"type": "Feature", "geometry": {"type": "Point", "coordinates": [123.8167307, 10.2383121]}, "properties": {"stratum": "Vacant Lot"}}, {"type": "Feature", "geometry": {"type": "Point", "coordinates": [123.8167307, 10.2383121]}, "properties": {"stratum": "Vacant Lot"}}, {"type": "Feature", "geometry": {"type": "Point", "coordinates": [123.8167307, 10.2383121]}, "properties": {"stratum": "Vacant Lot"}}, {"type": "Feature", "geometry": {"type": "Point", "coordinates": [123.8241794, 10.2383273]}, "properties": {"stratum": "Vacant Lot"}}, {"type": "Feature", "geometry": {"type": "Point", "coordinates": [123.8241794, 10.2383273]}, "properties": {"stratum": "Vacant Lot"}}, {"type": "Feature", "geometry": {"type": "Point", "coordinates": [123.8241794, 10.2383273]}, "properties": {"stratum": "Vacant Lot"}}, {"type": "Feature", "geometry": {"type": "Point", "coordinates": [123.7922726, 10.2384972]}, "properties": {"stratum": "Vacant Lot"}}, {"type": "Feature", "geometry": {"type": "Point", "coordinates": [123.7943669, 10.238855]}, "properties": {"stratum": "Vacant Lot"}}, {"type": "Feature", "geometry": {"type": "Point", "coordinates": [123.7943669, 10.238855]}, "properties": {"stratum": "Vacant Lot"}}, {"type": "Feature", "geometry": {"type": "Point", "coordinates": [123.81690236137692, 10.240085839132934]}, "properties": {"stratum": "Vacant Lot"}}, {"type": "Feature", "geometry": {"type": "Point", "coordinates": [123.8027439, 10.2402855]}, "properties": {"stratum": "Vacant Lot"}}, {"type": "Feature", "geometry": {"type": "Point", "coordinates": [123.8027439, 10.2402855]}, "properties": {"stratum": "Vacant Lot"}}, {"type": "Feature", "geometry": {"type": "Point", "coordinates": [123.8121938, 10.2403917]}, "properties": {"stratum": "Vacant Lot"}}, {"type": "Feature", "geometry": {"type": "Point", "coordinates": [123.8117277, 10.2404857]}, "properties": {"stratum": "Vacant Lot"}}, {"type": "Feature", "geometry": {"type": "Point", "coordinates": [123.8241248, 10.2408331]}, "properties": {"stratum": "Vacant Lot"}}, {"type": "Feature", "geometry": {"type": "Point", "coordinates": [123.8241248, 10.2408331]}, "properties": {"stratum": "Vacant Lot"}}, {"type": "Feature", "geometry": {"type": "Point", "coordinates": [123.81663911610138, 10.240939400312104]}, "properties": {"stratum": "Vacant Lot"}}, {"type": "Feature", "geometry": {"type": "Point", "coordinates": [123.791668, 10.241131]}, "properties": {"stratum": "Vacant Lot"}}, {"type": "Feature", "geometry": {"type": "Point", "coordinates": [123.8313596, 10.2411514]}, "properties": {"stratum": "Vacant Lot"}}, {"type": "Feature", "geometry": {"type": "Point", "coordinates": [123.8292058, 10.2421013]}, "properties": {"stratum": "Vacant Lot"}}, {"type": "Feature", "geometry": {"type": "Point", "coordinates": [123.8104222, 10.2424002]}, "properties": {"stratum": "Vacant Lot"}}, {"type": "Feature", "geometry": {"type": "Point", "coordinates": [123.8104222, 10.2424002]}, "properties": {"stratum": "Vacant Lot"}}, {"type": "Feature", "geometry": {"type": "Point", "coordinates": [123.8059912, 10.2430693]}, "properties": {"stratum": "Vacant Lot"}}, {"type": "Feature", "geometry": {"type": "Point", "coordinates": [123.80652051419018, 10.243114983824972]}, "properties": {"stratum": "Vacant Lot"}}, {"type": "Feature", "geometry": {"type": "Point", "coordinates": [123.7889922, 10.2433023]}, "properties": {"stratum": "Vacant Lot"}}, {"type": "Feature", "geometry": {"type": "Point", "coordinates": [123.7889922, 10.2433023]}, "properties": {"stratum": "Vacant Lot"}}, {"type": "Feature", "geometry": {"type": "Point", "coordinates": [123.84121914379426, 10.243334515252467]}, "properties": {"stratum": "Vacant Lot"}}, {"type": "Feature", "geometry": {"type": "Point", "coordinates": [123.7863925, 10.2444137]}, "properties": {"stratum": "Vacant Lot"}}, {"type": "Feature", "geometry": {"type": "Point", "coordinates": [123.82197585977173, 10.244533070859422]}, "properties": {"stratum": "Vacant Lot"}}, {"type": "Feature", "geometry": {"type": "Point", "coordinates": [123.82156816400146, 10.244575302030343]}, "properties": {"stratum": "Vacant Lot"}}, {"type": "Feature", "geometry": {"type": "Point", "coordinates": [123.787809, 10.2446867]}, "properties": {"stratum": "Vacant Lot"}}, {"type": "Feature", "geometry": {"type": "Point", "coordinates": [123.8136823, 10.244694]}, "properties": {"stratum": "Vacant Lot"}}, {"type": "Feature", "geometry": {"type": "Point", "coordinates": [123.8393873, 10.2448601]}, "properties": {"stratum": "Vacant Lot"}}, {"type": "Feature", "geometry": {"type": "Point", "coordinates": [123.8397332, 10.2449907]}, "properties": {"stratum": "Vacant Lot"}}, {"type": "Feature", "geometry": {"type": "Point", "coordinates": [123.82434681057929, 10.24519289203004]}, "properties": {"stratum": "Vacant Lot"}}, {"type": "Feature", "geometry": {"type": "Point", "coordinates": [123.8239291, 10.2453334]}, "properties": {"stratum": "Vacant Lot"}}, {"type": "Feature", "geometry": {"type": "Point", "coordinates": [123.824186, 10.245251]}, "properties": {"stratum": "Vacant Lot"}}, {"type": "Feature", "geometry": {"type": "Point", "coordinates": [123.824186, 10.245251]}, "properties": {"stratum": "Vacant Lot"}}, {"type": "Feature", "geometry": {"type": "Point", "coordinates": [123.824186, 10.245251]}, "properties": {"stratum": "Vacant Lot"}}, {"type": "Feature", "geometry": {"type": "Point", "coordinates": [123.7959894, 10.2454293]}, "properties": {"stratum": "Vacant Lot"}}, {"type": "Feature", "geometry": {"type": "Point", "coordinates": [123.8279094, 10.2457798]}, "properties": {"stratum": "Vacant Lot"}}, {"type": "Feature", "geometry": {"type": "Point", "coordinates": [123.844133, 10.2463249]}, "properties": {"stratum": "Vacant Lot"}}, {"type": "Feature", "geometry": {"type": "Point", "coordinates": [123.84560868144035, 10.247071509922195]}, "properties": {"stratum": "Vacant Lot"}}, {"type": "Feature", "geometry": {"type": "Point", "coordinates": [123.7846105, 10.2473338]}, "properties": {"stratum": "Vacant Lot"}}, {"type": "Feature", "geometry": {"type": "Point", "coordinates": [123.7846105, 10.2473338]}, "properties": {"stratum": "Vacant Lot"}}, {"type": "Feature", "geometry": {"type": "Point", "coordinates": [123.8519169, 10.2485693]}, "properties": {"stratum": "Vacant Lot"}}, {"type": "Feature", "geometry": {"type": "Point", "coordinates": [123.8425243, 10.2494847]}, "properties": {"stratum": "Vacant Lot"}}, {"type": "Feature", "geometry": {"type": "Point", "coordinates": [123.7833328, 10.25]}, "properties": {"stratum": "Vacant Lot"}}, {"type": "Feature", "geometry": {"type": "Point", "coordinates": [123.8200092, 10.2500622]}, "properties": {"stratum": "Vacant Lot"}}, {"type": "Feature", "geometry": {"type": "Point", "coordinates": [123.791157, 10.250352]}, "properties": {"stratum": "Vacant Lot"}}, {"type": "Feature", "geometry": {"type": "Point", "coordinates": [123.8391962, 10.2507838]}, "properties": {"stratum": "Vacant Lot"}}, {"type": "Feature", "geometry": {"type": "Point", "coordinates": [123.7769125, 10.2511498]}, "properties": {"stratum": "Vacant Lot"}}, {"type": "Feature", "geometry": {"type": "Point", "coordinates": [123.8131067, 10.2512705]}, "properties": {"stratum": "Vacant Lot"}}, {"type": "Feature", "geometry": {"type": "Point", "coordinates": [123.8391653, 10.2513215]}, "properties": {"stratum": "Vacant Lot"}}, {"type": "Feature", "geometry": {"type": "Point", "coordinates": [123.8460348, 10.2518412]}, "properties": {"stratum": "Vacant Lot"}}, {"type": "Feature", "geometry": {"type": "Point", "coordinates": [123.8392335, 10.2524493]}, "properties": {"stratum": "Vacant Lot"}}, {"type": "Feature", "geometry": {"type": "Point", "coordinates": [123.8118181, 10.2530882]}, "properties": {"stratum": "Vacant Lot"}}, {"type": "Feature", "geometry": {"type": "Point", "coordinates": [123.83899363862308, 10.253348546433434]}, "properties": {"stratum": "Vacant Lot"}}, {"type": "Feature", "geometry": {"type": "Point", "coordinates": [123.8608118, 10.2545466]}, "properties": {"stratum": "Vacant Lot"}}, {"type": "Feature", "geometry": {"type": "Point", "coordinates": [123.8458525, 10.2548959]}, "properties": {"stratum": "Vacant Lot"}}, {"type": "Feature", "geometry": {"type": "Point", "coordinates": [123.8458525, 10.2548959]}, "properties": {"stratum": "Vacant Lot"}}, {"type": "Feature", "geometry": {"type": "Point", "coordinates": [123.8588691, 10.2557337]}, "properties": {"stratum": "Vacant Lot"}}, {"type": "Feature", "geometry": {"type": "Point", "coordinates": [123.8538606, 10.256185]}, "properties": {"stratum": "Vacant Lot"}}, {"type": "Feature", "geometry": {"type": "Point", "coordinates": [123.7845012, 10.2563626]}, "properties": {"stratum": "Vacant Lot"}}, {"type": "Feature", "geometry": {"type": "Point", "coordinates": [123.8229852, 10.2566009]}, "properties": {"stratum": "Vacant Lot"}}, {"type": "Feature", "geometry": {"type": "Point", "coordinates": [123.8229852, 10.2566009]}, "properties": {"stratum": "Vacant Lot"}}, {"type": "Feature", "geometry": {"type": "Point", "coordinates": [123.8397332, 10.2570454]}, "properties": {"stratum": "Vacant Lot"}}, {"type": "Feature", "geometry": {"type": "Point", "coordinates": [123.8397332, 10.2570454]}, "properties": {"stratum": "Vacant Lot"}}, {"type": "Feature", "geometry": {"type": "Point", "coordinates": [123.8444431, 10.2578483]}, "properties": {"stratum": "Vacant Lot"}}, {"type": "Feature", "geometry": {"type": "Point", "coordinates": [123.8490675, 10.2578169]}, "properties": {"stratum": "Vacant Lot"}}, {"type": "Feature", "geometry": {"type": "Point", "coordinates": [123.7938467, 10.2580104]}, "properties": {"stratum": "Vacant Lot"}}, {"type": "Feature", "geometry": {"type": "Point", "coordinates": [123.8018714, 10.2580236]}, "properties": {"stratum": "Vacant Lot"}}, {"type": "Feature", "geometry": {"type": "Point", "coordinates": [123.7928179, 10.2580911]}, "properties": {"stratum": "Vacant Lot"}}, {"type": "Feature", "geometry": {"type": "Point", "coordinates": [123.8241275, 10.2585936]}, "properties": {"stratum": "Vacant Lot"}}, {"type": "Feature", "geometry": {"type": "Point", "coordinates": [123.8241275, 10.2585936]}, "properties": {"stratum": "Vacant Lot"}}, {"type": "Feature", "geometry": {"type": "Point", "coordinates": [123.8235931, 10.2587919]}, "properties": {"stratum": "Vacant Lot"}}, {"type": "Feature", "geometry": {"type": "Point", "coordinates": [123.8142549, 10.2588972]}, "properties": {"stratum": "Vacant Lot"}}, {"type": "Feature", "geometry": {"type": "Point", "coordinates": [123.9713763, 10.2592087]}, "properties": {"stratum": "Vacant Lot"}}, {"type": "Feature", "geometry": {"type": "Point", "coordinates": [123.8232149, 10.2595904]}, "properties": {"stratum": "Vacant Lot"}}, {"type": "Feature", "geometry": {"type": "Point", "coordinates": [123.8232782, 10.2597025]}, "properties": {"stratum": "Vacant Lot"}}, {"type": "Feature", "geometry": {"type": "Point", "coordinates": [123.860664, 10.2606126]}, "properties": {"stratum": "Vacant Lot"}}, {"type": "Feature", "geometry": {"type": "Point", "coordinates": [123.81292, 10.2607477]}, "properties": {"stratum": "Vacant Lot"}}, {"type": "Feature", "geometry": {"type": "Point", "coordinates": [123.8492889, 10.2618103]}, "properties": {"stratum": "Vacant Lot"}}, {"type": "Feature", "geometry": {"type": "Point", "coordinates": [123.7986719, 10.2621497]}, "properties": {"stratum": "Vacant Lot"}}, {"type": "Feature", "geometry": {"type": "Point", "coordinates": [123.7986719, 10.2621497]}, "properties": {"stratum": "Vacant Lot"}}, {"type": "Feature", "geometry": {"type": "Point", "coordinates": [123.825226, 10.263785]}, "properties": {"stratum": "Vacant Lot"}}, {"type": "Feature", "geometry": {"type": "Point", "coordinates": [123.8016644, 10.2639449]}, "properties": {"stratum": "Vacant Lot"}}, {"type": "Feature", "geometry": {"type": "Point", "coordinates": [123.8425243, 10.2639511]}, "properties": {"stratum": "Vacant Lot"}}, {"type": "Feature", "geometry": {"type": "Point", "coordinates": [123.8397332, 10.2642792]}, "properties": {"stratum": "Vacant Lot"}}, {"type": "Feature", "geometry": {"type": "Point", "coordinates": [123.8174018, 10.2644916]}, "properties": {"stratum": "Vacant Lot"}}, {"type": "Feature", "geometry": {"type": "Point", "coordinates": [123.8174018, 10.2644916]}, "properties": {"stratum": "Vacant Lot"}}, {"type": "Feature", "geometry": {"type": "Point", "coordinates": [123.8320084, 10.2646273]}, "properties": {"stratum": "Vacant Lot"}}, {"type": "Feature", "geometry": {"type": "Point", "coordinates": [123.8090268, 10.264677]}, "properties": {"stratum": "Vacant Lot"}}, {"type": "Feature", "geometry": {"type": "Point", "coordinates": [123.8225435, 10.2647047]}, "properties": {"stratum": "Vacant Lot"}}, {"type": "Feature", "geometry": {"type": "Point", "coordinates": [123.8225435, 10.2647047]}, "properties": {"stratum": "Vacant Lot"}}, {"type": "Feature", "geometry": {"type": "Point", "coordinates": [123.8455276, 10.2649097]}, "properties": {"stratum": "Vacant Lot"}}, {"type": "Feature", "geometry": {"type": "Point", "coordinates": [123.8089807, 10.2650329]}, "properties": {"stratum": "Vacant Lot"}}, {"type": "Feature", "geometry": {"type": "Point", "coordinates": [123.8089807, 10.2650329]}, "properties": {"stratum": "Vacant Lot"}}, {"type": "Feature", "geometry": {"type": "Point", "coordinates": [123.834708, 10.264972]}, "properties": {"stratum": "Vacant Lot"}}, {"type": "Feature", "geometry": {"type": "Point", "coordinates": [123.834708, 10.264972]}, "properties": {"stratum": "Vacant Lot"}}, {"type": "Feature", "geometry": {"type": "Point", "coordinates": [123.7769125, 10.2656255]}, "properties": {"stratum": "Vacant Lot"}}, {"type": "Feature", "geometry": {"type": "Point", "coordinates": [123.7769125, 10.2656255]}, "properties": {"stratum": "Vacant Lot"}}, {"type": "Feature", "geometry": {"type": "Point", "coordinates": [123.8249044, 10.2655699]}, "properties": {"stratum": "Vacant Lot"}}, {"type": "Feature", "geometry": {"type": "Point", "coordinates": [123.8222873, 10.2657266]}, "properties": {"stratum": "Vacant Lot"}}, {"type": "Feature", "geometry": {"type": "Point", "coordinates": [123.82987685501574, 10.2657745988727]}, "properties": {"stratum": "Vacant Lot"}}, {"type": "Feature", "geometry": {"type": "Point", "coordinates": [123.8240975, 10.2658719]}, "properties": {"stratum": "Vacant Lot"}}, {"type": "Feature", "geometry": {"type": "Point", "coordinates": [123.8648496, 10.2661473]}, "properties": {"stratum": "Vacant Lot"}}, {"type": "Feature", "geometry": {"type": "Point", "coordinates": [123.8354125, 10.2661608]}, "properties": {"stratum": "Vacant Lot"}}, {"type": "Feature", "geometry": {"type": "Point", "coordinates": [123.8334028, 10.2665924]}, "properties": {"stratum": "Vacant Lot"}}, {"type": "Feature", "geometry": {"type": "Point", "coordinates": [123.9722147, 10.2667391]}, "properties": {"stratum": "Vacant Lot"}}, {"type": "Feature", "geometry": {"type": "Point", "coordinates": [123.9722147, 10.2667391]}, "properties": {"stratum": "Vacant Lot"}}, {"type": "Feature", "geometry": {"type": "Point", "coordinates": [123.8151414, 10.266792]}, "properties": {"stratum": "Vacant Lot"}}, {"type": "Feature", "geometry": {"type": "Point", "coordinates": [123.7992536, 10.267829]}, "properties": {"stratum": "Vacant Lot"}}, {"type": "Feature", "geometry": {"type": "Point", "coordinates": [123.8503844, 10.2684244]}, "properties": {"stratum": "Vacant Lot"}}, {"type": "Feature", "geometry": {"type": "Point", "coordinates": [123.8648496, 10.2685582]}, "properties": {"stratum": "Vacant Lot"}}, {"type": "Feature", "geometry": {"type": "Point", "coordinates": [123.7880837, 10.2691403]}, "properties": {"stratum": "Vacant Lot"}}, {"type": "Feature", "geometry": {"type": "Point", "coordinates": [123.7880837, 10.2691403]}, "properties": {"stratum": "Vacant Lot"}}, {"type": "Feature", "geometry": {"type": "Point", "coordinates": [123.8388092815876, 10.26983509174462]}, "properties": {"stratum": "Vacant Lot"}}, {"type": "Feature", "geometry": {"type": "Point", "coordinates": [123.8313596, 10.2700868]}, "properties": {"stratum": "Vacant Lot"}}, {"type": "Feature", "geometry": {"type": "Point", "coordinates": [123.8313596, 10.2700868]}, "properties": {"stratum": "Vacant Lot"}}, {"type": "Feature", "geometry": {"type": "Point", "coordinates": [123.8313596, 10.2700868]}, "properties": {"stratum": "Vacant Lot"}}, {"type": "Feature", "geometry": {"type": "Point", "coordinates": [123.8315189, 10.2700556]}, "properties": {"stratum": "Vacant Lot"}}, {"type": "Feature", "geometry": {"type": "Point", "coordinates": [123.8315189, 10.2700556]}, "properties": {"stratum": "Vacant Lot"}}, {"type": "Feature", "geometry": {"type": "Point", "coordinates": [123.8315189, 10.2700556]}, "properties": {"stratum": "Vacant Lot"}}, {"type": "Feature", "geometry": {"type": "Point", "coordinates": [123.8451509, 10.2701383]}, "properties": {"stratum": "Vacant Lot"}}, {"type": "Feature", "geometry": {"type": "Point", "coordinates": [123.8451509, 10.2701383]}, "properties": {"stratum": "Vacant Lot"}}, {"type": "Feature", "geometry": {"type": "Point", "coordinates": [123.8452124, 10.2700885]}, "properties": {"stratum": "Vacant Lot"}}, {"type": "Feature", "geometry": {"type": "Point", "coordinates": [123.83991200476883, 10.270673048522516]}, "properties": {"stratum": "Vacant Lot"}}, {"type": "Feature", "geometry": {"type": "Point", "coordinates": [123.9629784, 10.2707481]}, "properties": {"stratum": "Vacant Lot"}}, {"type": "Feature", "geometry": {"type": "Point", "coordinates": [123.8453152, 10.270857]}, "properties": {"stratum": "Vacant Lot"}}, {"type": "Feature", "geometry": {"type": "Point", "coordinates": [123.968312, 10.270899]}, "properties": {"stratum": "Vacant Lot"}}, {"type": "Feature", "geometry": {"type": "Point", "coordinates": [123.8464563, 10.2709578]}, "properties": {"stratum": "Vacant Lot"}}, {"type": "Feature", "geometry": {"type": "Point", "coordinates": [123.9436029, 10.2710218]}, "properties": {"stratum": "Vacant Lot"}}, {"type": "Feature", "geometry": {"type": "Point", "coordinates": [123.85334427724612, 10.27152310458786]}, "properties": {"stratum": "Vacant Lot"}}, {"type": "Feature", "geometry": {"type": "Point", "coordinates": [123.8048381, 10.2719979]}, "properties": {"stratum": "Vacant Lot"}}, {"type": "Feature", "geometry": {"type": "Point", "coordinates": [123.8413362, 10.2720198]}, "properties": {"stratum": "Vacant Lot"}}, {"type": "Feature", "geometry": {"type": "Point", "coordinates": [123.8194335, 10.2720825]}, "properties": {"stratum": "Vacant Lot"}}, {"type": "Feature", "geometry": {"type": "Point", "coordinates": [123.8194335, 10.2720825]}, "properties": {"stratum": "Vacant Lot"}}, {"type": "Feature", "geometry": {"type": "Point", "coordinates": [123.8194335, 10.2720825]}, "properties": {"stratum": "Vacant Lot"}}, {"type": "Feature", "geometry": {"type": "Point", "coordinates": [123.84271524846554, 10.272061280691156]}, "properties": {"stratum": "Vacant Lot"}}, {"type": "Feature", "geometry": {"type": "Point", "coordinates": [123.8414553, 10.2722381]}, "properties": {"stratum": "Vacant Lot"}}, {"type": "Feature", "geometry": {"type": "Point", "coordinates": [123.942071, 10.2722361]}, "properties": {"stratum": "Vacant Lot"}}, {"type": "Feature", "geometry": {"type": "Point", "coordinates": [123.8536876, 10.2722832]}, "properties": {"stratum": "Vacant Lot"}}, {"type": "Feature", "geometry": {"type": "Point", "coordinates": [123.8536876, 10.2722832]}, "properties": {"stratum": "Vacant Lot"}}, {"type": "Feature", "geometry": {"type": "Point", "coordinates": [123.8536876, 10.2722832]}, "properties": {"stratum": "Vacant Lot"}}, {"type": "Feature", "geometry": {"type": "Point", "coordinates": [123.8508969, 10.2726116]}, "properties": {"stratum": "Vacant Lot"}}, {"type": "Feature", "geometry": {"type": "Point", "coordinates": [123.8508969, 10.2726116]}, "properties": {"stratum": "Vacant Lot"}}, {"type": "Feature", "geometry": {"type": "Point", "coordinates": [123.849378, 10.2735782]}, "properties": {"stratum": "Vacant Lot"}}, {"type": "Feature", "geometry": {"type": "Point", "coordinates": [123.962237, 10.2735591]}, "properties": {"stratum": "Vacant Lot"}}, {"type": "Feature", "geometry": {"type": "Point", "coordinates": [123.9429422, 10.2739302]}, "properties": {"stratum": "Vacant Lot"}}, {"type": "Feature", "geometry": {"type": "Point", "coordinates": [123.8191338, 10.2740192]}, "properties": {"stratum": "Vacant Lot"}}, {"type": "Feature", "geometry": {"type": "Point", "coordinates": [123.8210034, 10.2740988]}, "properties": {"stratum": "Vacant Lot"}}, {"type": "Feature", "geometry": {"type": "Point", "coordinates": [123.9659809, 10.2741697]}, "properties": {"stratum": "Vacant Lot"}}, {"type": "Feature", "geometry": {"type": "Point", "coordinates": [123.9659809, 10.2741697]}, "properties": {"stratum": "Vacant Lot"}}, {"type": "Feature", "geometry": {"type": "Point", "coordinates": [123.9659809, 10.2741697]}, "properties": {"stratum": "Vacant Lot"}}, {"type": "Feature", "geometry": {"type": "Point", "coordinates": [123.8387798, 10.274747]}, "properties": {"stratum": "Vacant Lot"}}, {"type": "Feature", "geometry": {"type": "Point", "coordinates": [123.8387798, 10.274747]}, "properties": {"stratum": "Vacant Lot"}}, {"type": "Feature", "geometry": {"type": "Point", "coordinates": [123.8387798, 10.274747]}, "properties": {"stratum": "Vacant Lot"}}, {"type": "Feature", "geometry": {"type": "Point", "coordinates": [123.8320574, 10.2754314]}, "properties": {"stratum": "Vacant Lot"}}, {"type": "Feature", "geometry": {"type": "Point", "coordinates": [123.8320574, 10.2754314]}, "properties": {"stratum": "Vacant Lot"}}, {"type": "Feature", "geometry": {"type": "Point", "coordinates": [123.8320574, 10.2754314]}, "properties": {"stratum": "Vacant Lot"}}, {"type": "Feature", "geometry": {"type": "Point", "coordinates": [123.83164970422976, 10.2755369676113]}, "properties": {"stratum": "Vacant Lot"}}, {"type": "Feature", "geometry": {"type": "Point", "coordinates": [123.9777887, 10.2757142]}, "properties": {"stratum": "Vacant Lot"}}, {"type": "Feature", "geometry": {"type": "Point", "coordinates": [123.9779174460327, 10.275706282434824]}, "properties": {"stratum": "Vacant Lot"}}, {"type": "Feature", "geometry": {"type": "Point", "coordinates": [123.84017716078696, 10.27587754300846]}, "properties": {"stratum": "Vacant Lot"}}, {"type": "Feature", "geometry": {"type": "Point", "coordinates": [123.85, 10.276]}, "properties": {"stratum": "Vacant Lot"}}, {"type": "Feature", "geometry": {"type": "Point", "coordinates": [123.857859, 10.276382]}, "properties": {"stratum": "Vacant Lot"}}, {"type": "Feature", "geometry": {"type": "Point", "coordinates": [123.9784491, 10.2766192]}, "properties": {"stratum": "Vacant Lot"}}, {"type": "Feature", "geometry": {"type": "Point", "coordinates": [123.9687483, 10.2770593]}, "properties": {"stratum": "Vacant Lot"}}, {"type": "Feature", "geometry": {"type": "Point", "coordinates": [123.8531778, 10.2774525]}, "properties": {"stratum": "Vacant Lot"}}, {"type": "Feature", "geometry": {"type": "Point", "coordinates": [123.8543127, 10.2785117]}, "properties": {"stratum": "Vacant Lot"}}, {"type": "Feature", "geometry": {"type": "Point", "coordinates": [123.7857029, 10.2786352]}, "properties": {"stratum": "Vacant Lot"}}, {"type": "Feature", "geometry": {"type": "Point", "coordinates": [123.8549019, 10.2788816]}, "properties": {"stratum": "Vacant Lot"}}, {"type": "Feature", "geometry": {"type": "Point", "coordinates": [123.8522108, 10.2790564]}, "properties": {"stratum": "Vacant Lot"}}, {"type": "Feature", "geometry": {"type": "Point", "coordinates": [123.8395157, 10.2793234]}, "properties": {"stratum": "Vacant Lot"}}, {"type": "Feature", "geometry": {"type": "Point", "coordinates": [123.83391972821896, 10.279392591404536]}, "properties": {"stratum": "Vacant Lot"}}, {"type": "Feature", "geometry": {"type": "Point", "coordinates": [123.9637408, 10.280873]}, "properties": {"stratum": "Vacant Lot"}}, {"type": "Feature", "geometry": {"type": "Point", "coordinates": [123.83228480815887, 10.281217587995606]}, "properties": {"stratum": "Vacant Lot"}}, {"type": "Feature", "geometry": {"type": "Point", "coordinates": [123.982765, 10.2816099]}, "properties": {"stratum": "Vacant Lot"}}, {"type": "Feature", "geometry": {"type": "Point", "coordinates": [123.8496655, 10.2817629]}, "properties": {"stratum": "Vacant Lot"}}, {"type": "Feature", "geometry": {"type": "Point", "coordinates": [123.8496655, 10.2817629]}, "properties": {"stratum": "Vacant Lot"}}, {"type": "Feature", "geometry": {"type": "Point", "coordinates": [123.8496655, 10.2817629]}, "properties": {"stratum": "Vacant Lot"}}, {"type": "Feature", "geometry": {"type": "Point", "coordinates": [123.86967111378908, 10.28219274960398]}, "properties": {"stratum": "Vacant Lot"}}, {"type": "Feature", "geometry": {"type": "Point", "coordinates": [123.8508969, 10.2822578]}, "properties": {"stratum": "Vacant Lot"}}, {"type": "Feature", "geometry": {"type": "Point", "coordinates": [123.8173557, 10.282449]}, "properties": {"stratum": "Vacant Lot"}}, {"type": "Feature", "geometry": {"type": "Point", "coordinates": [123.9788327, 10.2826793]}, "properties": {"stratum": "Vacant Lot"}}, {"type": "Feature", "geometry": {"type": "Point", "coordinates": [123.86049019908012, 10.282763731536209]}, "properties": {"stratum": "Vacant Lot"}}, {"type": "Feature", "geometry": {"type": "Point", "coordinates": [123.849249, 10.2836489]}, "properties": {"stratum": "Vacant Lot"}}, {"type": "Feature", "geometry": {"type": "Point", "coordinates": [123.8271725, 10.2838455]}, "properties": {"stratum": "Vacant Lot"}}, {"type": "Feature", "geometry": {"type": "Point", "coordinates": [123.8271725, 10.2838455]}, "properties": {"stratum": "Vacant Lot"}}, {"type": "Feature", "geometry": {"type": "Point", "coordinates": [123.9381974, 10.2838214]}, "properties": {"stratum": "Vacant Lot"}}, {"type": "Feature", "geometry": {"type": "Point", "coordinates": [123.9499154, 10.283829]}, "properties": {"stratum": "Vacant Lot"}}, {"type": "Feature", "geometry": {"type": "Point", "coordinates": [123.9499154, 10.283829]}, "properties": {"stratum": "Vacant Lot"}}, {"type": "Feature", "geometry": {"type": "Point", "coordinates": [123.8300599, 10.2847237]}, "properties": {"stratum": "Vacant Lot"}}, {"type": "Feature", "geometry": {"type": "Point", "coordinates": [123.8647298, 10.2846597]}, "properties": {"stratum": "Vacant Lot"}}, {"type": "Feature", "geometry": {"type": "Point", "coordinates": [123.8648496, 10.2854367]}, "properties": {"stratum": "Vacant Lot"}}, {"type": "Feature", "geometry": {"type": "Point", "coordinates": [123.8746534, 10.2874282]}, "properties": {"stratum": "Vacant Lot"}}, {"type": "Feature", "geometry": {"type": "Point", "coordinates": [123.8746534, 10.2874282]}, "properties": {"stratum": "Vacant Lot"}}, {"type": "Feature", "geometry": {"type": "Point", "coordinates": [123.9543963, 10.2874026]}, "properties": {"stratum": "Vacant Lot"}}, {"type": "Feature", "geometry": {"type": "Point", "coordinates": [123.8718252, 10.2882313]}, "properties": {"stratum": "Vacant Lot"}}, {"type": "Feature", "geometry": {"type": "Point", "coordinates": [123.8718252, 10.2882313]}, "properties": {"stratum": "Vacant Lot"}}, {"type": "Feature", "geometry": {"type": "Point", "coordinates": [123.9767436, 10.2881831]}, "properties": {"stratum": "Vacant Lot"}}, {"type": "Feature", "geometry": {"type": "Point", "coordinates": [123.9767436, 10.2881831]}, "properties": {"stratum": "Vacant Lot"}}, {"type": "Feature", "geometry": {"type": "Point", "coordinates": [123.9983585, 10.2882521]}, "properties": {"stratum": "Vacant Lot"}}, {"type": "Feature", "geometry": {"type": "Point", "coordinates": [123.9983585, 10.2882521]}, "properties": {"stratum": "Vacant Lot"}}, {"type": "Feature", "geometry": {"type": "Point", "coordinates": [123.8585634, 10.2887262]}, "properties": {"stratum": "Vacant Lot"}}, {"type": "Feature", "geometry": {"type": "Point", "coordinates": [123.8673892, 10.2891956]}, "properties": {"stratum": "Vacant Lot"}}, {"type": "Feature", "geometry": {"type": "Point", "coordinates": [123.8673892, 10.2891956]}, "properties": {"stratum": "Vacant Lot"}}, {"type": "Feature", "geometry": {"type": "Point", "coordinates": [123.8775987, 10.2892405]}, "properties": {"stratum": "Vacant Lot"}}, {"type": "Feature", "geometry": {"type": "Point", "coordinates": [123.9824073, 10.2892316]}, "properties": {"stratum": "Vacant Lot"}}, {"type": "Feature", "geometry": {"type": "Point", "coordinates": [123.9959572, 10.2896115]}, "properties": {"stratum": "Vacant Lot"}}, {"type": "Feature", "geometry": {"type": "Point", "coordinates": [123.8589074, 10.2897534]}, "properties": {"stratum": "Vacant Lot"}}, {"type": "Feature", "geometry": {"type": "Point", "coordinates": [123.9944964, 10.2897749]}, "properties": {"stratum": "Vacant Lot"}}, {"type": "Feature", "geometry": {"type": "Point", "coordinates": [123.9984363, 10.2902065]}, "properties": {"stratum": "Vacant Lot"}}, {"type": "Feature", "geometry": {"type": "Point", "coordinates": [123.8673745, 10.2902881]}, "properties": {"stratum": "Vacant Lot"}}, {"type": "Feature", "geometry": {"type": "Point", "coordinates": [123.8769627, 10.2908823]}, "properties": {"stratum": "Vacant Lot"}}, {"type": "Feature", "geometry": {"type": "Point", "coordinates": [123.961041, 10.2910239]}, "properties": {"stratum": "Vacant Lot"}}, {"type": "Feature", "geometry": {"type": "Point", "coordinates": [123.961041, 10.2910239]}, "properties": {"stratum": "Vacant Lot"}}, {"type": "Feature", "geometry": {"type": "Point", "coordinates": [124.0027689, 10.2910103]}, "properties": {"stratum": "Vacant Lot"}}, {"type": "Feature", "geometry": {"type": "Point", "coordinates": [123.8564782, 10.2912471]}, "properties": {"stratum": "Vacant Lot"}}, {"type": "Feature", "geometry": {"type": "Point", "coordinates": [123.8564782, 10.2912471]}, "properties": {"stratum": "Vacant Lot"}}, {"type": "Feature", "geometry": {"type": "Point", "coordinates": [123.8595293, 10.2912274]}, "properties": {"stratum": "Vacant Lot"}}, {"type": "Feature", "geometry": {"type": "Point", "coordinates": [123.8611436, 10.2914129]}, "properties": {"stratum": "Vacant Lot"}}, {"type": "Feature", "geometry": {"type": "Point", "coordinates": [123.8723603, 10.2921449]}, "properties": {"stratum": "Vacant Lot"}}, {"type": "Feature", "geometry": {"type": "Point", "coordinates": [124.0000812, 10.292343]}, "properties": {"stratum": "Vacant Lot"}}, {"type": "Feature", "geometry": {"type": "Point", "coordinates": [124.0000812, 10.292343]}, "properties": {"stratum": "Vacant Lot"}}, {"type": "Feature", "geometry": {"type": "Point", "coordinates": [124.0000812, 10.292343]}, "properties": {"stratum": "Vacant Lot"}}, {"type": "Feature", "geometry": {"type": "Point", "coordinates": [123.8453152, 10.2925633]}, "properties": {"stratum": "Vacant Lot"}}, {"type": "Feature", "geometry": {"type": "Point", "coordinates": [123.9021934, 10.2926115]}, "properties": {"stratum": "Vacant Lot"}}, {"type": "Feature", "geometry": {"type": "Point", "coordinates": [123.8843799, 10.292778]}, "properties": {"stratum": "Vacant Lot"}}, {"type": "Feature", "geometry": {"type": "Point", "coordinates": [124.007135, 10.2940307]}, "properties": {"stratum": "Vacant Lot"}}, {"type": "Feature", "geometry": {"type": "Point", "coordinates": [123.8527283, 10.2940894]}, "properties": {"stratum": "Vacant Lot"}}, {"type": "Feature", "geometry": {"type": "Point", "coordinates": [123.8704368, 10.2944968]}, "properties": {"stratum": "Vacant Lot"}}, {"type": "Feature", "geometry": {"type": "Point", "coordinates": [123.9406665, 10.2950023]}, "properties": {"stratum": "Vacant Lot"}}, {"type": "Feature", "geometry": {"type": "Point", "coordinates": [123.9406665, 10.2950023]}, "properties": {"stratum": "Vacant Lot"}}, {"type": "Feature", "geometry": {"type": "Point", "coordinates": [123.9650153, 10.2950111]}, "properties": {"stratum": "Vacant Lot"}}, {"type": "Feature", "geometry": {"type": "Point", "coordinates": [124.005413, 10.2954957]}, "properties": {"stratum": "Vacant Lot"}}, {"type": "Feature", "geometry": {"type": "Point", "coordinates": [123.8709327, 10.2963438]}, "properties": {"stratum": "Vacant Lot"}}, {"type": "Feature", "geometry": {"type": "Point", "coordinates": [123.9666404, 10.2963065]}, "properties": {"stratum": "Vacant Lot"}}, {"type": "Feature", "geometry": {"type": "Point", "coordinates": [123.9666404, 10.2963065]}, "properties": {"stratum": "Vacant Lot"}}, {"type": "Feature", "geometry": {"type": "Point", "coordinates": [123.9940384, 10.2963217]}, "properties": {"stratum": "Vacant Lot"}}, {"type": "Feature", "geometry": {"type": "Point", "coordinates": [123.9940384, 10.2963217]}, "properties": {"stratum": "Vacant Lot"}}, {"type": "Feature", "geometry": {"type": "Point", "coordinates": [123.9453503, 10.296388]}, "properties": {"stratum": "Vacant Lot"}}, {"type": "Feature", "geometry": {"type": "Point", "coordinates": [123.8740687, 10.2965762]}, "properties": {"stratum": "Vacant Lot"}}, {"type": "Feature", "geometry": {"type": "Point", "coordinates": [123.9761947, 10.2966143]}, "properties": {"stratum": "Vacant Lot"}}, {"type": "Feature", "geometry": {"type": "Point", "coordinates": [123.8767155, 10.2968853]}, "properties": {"stratum": "Vacant Lot"}}, {"type": "Feature", "geometry": {"type": "Point", "coordinates": [123.8979788, 10.2968983]}, "properties": {"stratum": "Vacant Lot"}}, {"type": "Feature", "geometry": {"type": "Point", "coordinates": [123.863574, 10.297446]}, "properties": {"stratum": "Vacant Lot"}}, {"type": "Feature", "geometry": {"type": "Point", "coordinates": [123.98049093782902, 10.298023199419829]}, "properties": {"stratum": "Vacant Lot"}}, {"type": "Feature", "geometry": {"type": "Point", "coordinates": [123.9823175, 10.2981561]}, "properties": {"stratum": "Vacant Lot"}}, {"type": "Feature", "geometry": {"type": "Point", "coordinates": [124.00635, 10.2982232]}, "properties": {"stratum": "Vacant Lot"}}, {"type": "Feature", "geometry": {"type": "Point", "coordinates": [124.00635, 10.2982232]}, "properties": {"stratum": "Vacant Lot"}}, {"type": "Feature", "geometry": {"type": "Point", "coordinates": [123.9889356, 10.2984824]}, "properties": {"stratum": "Vacant Lot"}}, {"type": "Feature", "geometry": {"type": "Point", "coordinates": [123.9859888, 10.2986437]}, "properties": {"stratum": "Vacant Lot"}}, {"type": "Feature", "geometry": {"type": "Point", "coordinates": [123.9021627, 10.2988149]}, "properties": {"stratum": "Vacant Lot"}}, {"type": "Feature", "geometry": {"type": "Point", "coordinates": [123.8751091, 10.2989936]}, "properties": {"stratum": "Vacant Lot"}}, {"type": "Feature", "geometry": {"type": "Point", "coordinates": [123.8813181, 10.2989677]}, "properties": {"stratum": "Vacant Lot"}}, {"type": "Feature", "geometry": {"type": "Point", "coordinates": [123.8813181, 10.2989677]}, "properties": {"stratum": "Vacant Lot"}}, {"type": "Feature", "geometry": {"type": "Point", "coordinates": [123.9638531, 10.2990463]}, "properties": {"stratum": "Vacant Lot"}}, {"type": "Feature", "geometry": {"type": "Point", "coordinates": [123.87042816728352, 10.299448257205835]}, "properties": {"stratum": "Vacant Lot"}}, {"type": "Feature", "geometry": {"type": "Point", "coordinates": [123.8831593, 10.2994028]}, "properties": {"stratum": "Vacant Lot"}}, {"type": "Feature", "geometry": {"type": "Point", "coordinates": [124.015939, 10.29942]}, "properties": {"stratum": "Vacant Lot"}}, {"type": "Feature", "geometry": {"type": "Point", "coordinates": [123.984059, 10.299663]}, "properties": {"stratum": "Vacant Lot"}}, {"type": "Feature", "geometry": {"type": "Point", "coordinates": [123.8653794, 10.2997512]}, "properties": {"stratum": "Vacant Lot"}}, {"type": "Feature", "geometry": {"type": "Point", "coordinates": [123.8718332, 10.2997734]}, "properties": {"stratum": "Vacant Lot"}}, {"type": "Feature", "geometry": {"type": "Point", "coordinates": [123.88123226931152, 10.299812176935877]}, "properties": {"stratum": "Vacant Lot"}}, {"type": "Feature", "geometry": {"type": "Point", "coordinates": [123.9516825, 10.2998204]}, "properties": {"stratum": "Vacant Lot"}}, {"type": "Feature", "geometry": {"type": "Point", "coordinates": [123.8719691, 10.2998511]}, "properties": {"stratum": "Vacant Lot"}}, {"type": "Feature", "geometry": {"type": "Point", "coordinates": [123.8815901, 10.3003418]}, "properties": {"stratum": "Vacant Lot"}}, {"type": "Feature", "geometry": {"type": "Point", "coordinates": [123.9037576, 10.3003076]}, "properties": {"stratum": "Vacant Lot"}}, {"type": "Feature", "geometry": {"type": "Point", "coordinates": [123.866149, 10.3007404]}, "properties": {"stratum": "Vacant Lot"}}, {"type": "Feature", "geometry": {"type": "Point", "coordinates": [123.866149, 10.3007404]}, "properties": {"stratum": "Vacant Lot"}}, {"type": "Feature", "geometry": {"type": "Point", "coordinates": [123.866149, 10.3007404]}, "properties": {"stratum": "Vacant Lot"}}, {"type": "Feature", "geometry": {"type": "Point", "coordinates": [123.9433695, 10.3006674]}, "properties": {"stratum": "Vacant Lot"}}, {"type": "Feature", "geometry": {"type": "Point", "coordinates": [123.8657105, 10.300838]}, "properties": {"stratum": "Vacant Lot"}}, {"type": "Feature", "geometry": {"type": "Point", "coordinates": [123.8657105, 10.300838]}, "properties": {"stratum": "Vacant Lot"}}, {"type": "Feature", "geometry": {"type": "Point", "coordinates": [123.86621374636889, 10.300751585666855]}, "properties": {"stratum": "Vacant Lot"}}, {"type": "Feature", "geometry": {"type": "Point", "coordinates": [123.8772455, 10.3009688]}, "properties": {"stratum": "Vacant Lot"}}, {"type": "Feature", "geometry": {"type": "Point", "coordinates": [123.9604142, 10.3012533]}, "properties": {"stratum": "Vacant Lot"}}, {"type": "Feature", "geometry": {"type": "Point", "coordinates": [123.8927487, 10.3014347]}, "properties": {"stratum": "Vacant Lot"}}, {"type": "Feature", "geometry": {"type": "Point", "coordinates": [123.8927487, 10.3014347]}, "properties": {"stratum": "Vacant Lot"}}, {"type": "Feature", "geometry": {"type": "Point", "coordinates": [123.8976302, 10.3014605]}, "properties": {"stratum": "Vacant Lot"}}, {"type": "Feature", "geometry": {"type": "Point", "coordinates": [123.8976302, 10.3014605]}, "properties": {"stratum": "Vacant Lot"}}, {"type": "Feature", "geometry": {"type": "Point", "coordinates": [123.870527, 10.301553]}, "properties": {"stratum": "Vacant Lot"}}, {"type": "Feature", "geometry": {"type": "Point", "coordinates": [123.9932923, 10.301622]}, "properties": {"stratum": "Vacant Lot"}}, {"type": "Feature", "geometry": {"type": "Point", "coordinates": [123.9932923, 10.301622]}, "properties": {"stratum": "Vacant Lot"}}, {"type": "Feature", "geometry": {"type": "Point", "coordinates": [123.8930922, 10.3020452]}, "properties": {"stratum": "Vacant Lot"}}, {"type": "Feature", "geometry": {"type": "Point", "coordinates": [123.8930922, 10.3020452]}, "properties": {"stratum": "Vacant Lot"}}, {"type": "Feature", "geometry": {"type": "Point", "coordinates": [123.8864721, 10.3027794]}, "properties": {"stratum": "Vacant Lot"}}, {"type": "Feature", "geometry": {"type": "Point", "coordinates": [123.8955926, 10.3028164]}, "properties": {"stratum": "Vacant Lot"}}, {"type": "Feature", "geometry": {"type": "Point", "coordinates": [123.8867241, 10.3029227]}, "properties": {"stratum": "Vacant Lot"}}, {"type": "Feature", "geometry": {"type": "Point", "coordinates": [123.9046033, 10.3030472]}, "properties": {"stratum": "Vacant Lot"}}, {"type": "Feature", "geometry": {"type": "Point", "coordinates": [123.9992139, 10.3042383]}, "properties": {"stratum": "Vacant Lot"}}, {"type": "Feature", "geometry": {"type": "Point", "coordinates": [123.905106, 10.3045407]}, "properties": {"stratum": "Vacant Lot"}}, {"type": "Feature", "geometry": {"type": "Point", "coordinates": [123.9777887, 10.3046231]}, "properties": {"stratum": "Vacant Lot"}}, {"type": "Feature", "geometry": {"type": "Point", "coordinates": [123.8933513, 10.3049664]}, "properties": {"stratum": "Vacant Lot"}}, {"type": "Feature", "geometry": {"type": "Point", "coordinates": [124.0149484, 10.3050836]}, "properties": {"stratum": "Vacant Lot"}}, {"type": "Feature", "geometry": {"type": "Point", "coordinates": [123.9930955, 10.3054777]}, "properties": {"stratum": "Vacant Lot"}}, {"type": "Feature", "geometry": {"type": "Point", "coordinates": [124.0112255, 10.3054728]}, "properties": {"stratum": "Vacant Lot"}}, {"type": "Feature", "geometry": {"type": "Point", "coordinates": [123.8915406, 10.3056099]}, "properties": {"stratum": "Vacant Lot"}}, {"type": "Feature", "geometry": {"type": "Point", "coordinates": [123.8906566, 10.3059021]}, "properties": {"stratum": "Vacant Lot"}}, {"type": "Feature", "geometry": {"type": "Point", "coordinates": [124.0044707, 10.3062037]}, "properties": {"stratum": "Vacant Lot"}}, {"type": "Feature", "geometry": {"type": "Point", "coordinates": [124.0041054, 10.3063745]}, "properties": {"stratum": "Vacant Lot"}}, {"type": "Feature", "geometry": {"type": "Point", "coordinates": [124.0041054, 10.3063745]}, "properties": {"stratum": "Vacant Lot"}}, {"type": "Feature", "geometry": {"type": "Point", "coordinates": [124.0200301, 10.3081301]}, "properties": {"stratum": "Vacant Lot"}}, {"type": "Feature", "geometry": {"type": "Point", "coordinates": [123.87947719629516, 10.308242590688344]}, "properties": {"stratum": "Vacant Lot"}}, {"type": "Feature", "geometry": {"type": "Point", "coordinates": [123.8605945, 10.3088043]}, "properties": {"stratum": "Vacant Lot"}}, {"type": "Feature", "geometry": {"type": "Point", "coordinates": [123.8605945, 10.3088043]}, "properties": {"stratum": "Vacant Lot"}}, {"type": "Feature", "geometry": {"type": "Point", "coordinates": [123.8605945, 10.3088043]}, "properties": {"stratum": "Vacant Lot"}}, {"type": "Feature", "geometry": {"type": "Point", "coordinates": [123.869712, 10.3092543]}, "properties": {"stratum": "Vacant Lot"}}, {"type": "Feature", "geometry": {"type": "Point", "coordinates": [123.8686862, 10.3100067]}, "properties": {"stratum": "Vacant Lot"}}, {"type": "Feature", "geometry": {"type": "Point", "coordinates": [124.0017814, 10.3104996]}, "properties": {"stratum": "Vacant Lot"}}, {"type": "Feature", "geometry": {"type": "Point", "coordinates": [123.8761883, 10.3109985]}, "properties": {"stratum": "Vacant Lot"}}, {"type": "Feature", "geometry": {"type": "Point", "coordinates": [124.0033986, 10.3113139]}, "properties": {"stratum": "Vacant Lot"}}, {"type": "Feature", "geometry": {"type": "Point", "coordinates": [123.9160725, 10.3115933]}, "properties": {"stratum": "Vacant Lot"}}, {"type": "Feature", "geometry": {"type": "Point", "coordinates": [123.901127, 10.3118001]}, "properties": {"stratum": "Vacant Lot"}}, {"type": "Feature", "geometry": {"type": "Point", "coordinates": [123.9173382, 10.3121023]}, "properties": {"stratum": "Vacant Lot"}}, {"type": "Feature", "geometry": {"type": "Point", "coordinates": [124.023809, 10.312113]}, "properties": {"stratum": "Vacant Lot"}}, {"type": "Feature", "geometry": {"type": "Point", "coordinates": [123.9020142, 10.3122026]}, "properties": {"stratum": "Vacant Lot"}}, {"type": "Feature", "geometry": {"type": "Point", "coordinates": [123.9744763, 10.3121971]}, "properties": {"stratum": "Vacant Lot"}}, {"type": "Feature", "geometry": {"type": "Point", "coordinates": [123.8861825, 10.3122817]}, "properties": {"stratum": "Vacant Lot"}}, {"type": "Feature", "geometry": {"type": "Point", "coordinates": [123.8909273, 10.312576]}, "properties": {"stratum": "Vacant Lot"}}, {"type": "Feature", "geometry": {"type": "Point", "coordinates": [123.8877041, 10.313448]}, "properties": {"stratum": "Vacant Lot"}}, {"type": "Feature", "geometry": {"type": "Point", "coordinates": [123.8935237, 10.3135579]}, "properties": {"stratum": "Vacant Lot"}}, {"type": "Feature", "geometry": {"type": "Point", "coordinates": [123.9833557, 10.3136169]}, "properties": {"stratum": "Vacant Lot"}}, {"type": "Feature", "geometry": {"type": "Point", "coordinates": [123.9116514, 10.3138334]}, "properties": {"stratum": "Vacant Lot"}}, {"type": "Feature", "geometry": {"type": "Point", "coordinates": [124.0226725, 10.3141068]}, "properties": {"stratum": "Vacant Lot"}}, {"type": "Feature", "geometry": {"type": "Point", "coordinates": [124.0226725, 10.3141068]}, "properties": {"stratum": "Vacant Lot"}}, {"type": "Feature", "geometry": {"type": "Point", "coordinates": [124.0226725, 10.3141068]}, "properties": {"stratum": "Vacant Lot"}}, {"type": "Feature", "geometry": {"type": "Point", "coordinates": [123.8906566, 10.3143431]}, "properties": {"stratum": "Vacant Lot"}}, {"type": "Feature", "geometry": {"type": "Point", "coordinates": [123.8843145, 10.3156399]}, "properties": {"stratum": "Vacant Lot"}}, {"type": "Feature", "geometry": {"type": "Point", "coordinates": [123.8854366, 10.3156992]}, "properties": {"stratum": "Vacant Lot"}}, {"type": "Feature", "geometry": {"type": "Point", "coordinates": [123.8853178, 10.3157848]}, "properties": {"stratum": "Vacant Lot"}}, {"type": "Feature", "geometry": {"type": "Point", "coordinates": [123.8852299, 10.3158708]}, "properties": {"stratum": "Vacant Lot"}}, {"type": "Feature", "geometry": {"type": "Point", "coordinates": [123.9136387, 10.3159922]}, "properties": {"stratum": "Vacant Lot"}}, {"type": "Feature", "geometry": {"type": "Point", "coordinates": [123.9649926, 10.3168343]}, "properties": {"stratum": "Vacant Lot"}}, {"type": "Feature", "geometry": {"type": "Point", "coordinates": [123.9649926, 10.3168343]}, "properties": {"stratum": "Vacant Lot"}}, {"type": "Feature", "geometry": {"type": "Point", "coordinates": [123.8824029, 10.317235]}, "properties": {"stratum": "Vacant Lot"}}, {"type": "Feature", "geometry": {"type": "Point", "coordinates": [123.8833272, 10.3173615]}, "properties": {"stratum": "Vacant Lot"}}, {"type": "Feature", "geometry": {"type": "Point", "coordinates": [123.9027872, 10.3173505]}, "properties": {"stratum": "Vacant Lot"}}, {"type": "Feature", "geometry": {"type": "Point", "coordinates": [123.8807409, 10.317632]}, "properties": {"stratum": "Vacant Lot"}}, {"type": "Feature", "geometry": {"type": "Point", "coordinates": [123.8807409, 10.317632]}, "properties": {"stratum": "Vacant Lot"}}, {"type": "Feature", "geometry": {"type": "Point", "coordinates": [123.8849171, 10.3176495]}, "properties": {"stratum": "Vacant Lot"}}, {"type": "Feature", "geometry": {"type": "Point", "coordinates": [123.8738432, 10.3179242]}, "properties": {"stratum": "Vacant Lot"}}, {"type": "Feature", "geometry": {"type": "Point", "coordinates": [123.9639483, 10.3183756]}, "properties": {"stratum": "Vacant Lot"}}, {"type": "Feature", "geometry": {"type": "Point", "coordinates": [124.0296471, 10.3185134]}, "properties": {"stratum": "Vacant Lot"}}, {"type": "Feature", "geometry": {"type": "Point", "coordinates": [123.883206, 10.3201492]}, "properties": {"stratum": "Vacant Lot"}}, {"type": "Feature", "geometry": {"type": "Point", "coordinates": [123.9139663, 10.3201752]}, "properties": {"stratum": "Vacant Lot"}}, {"type": "Feature", "geometry": {"type": "Point", "coordinates": [123.8838574, 10.3202918]}, "properties": {"stratum": "Vacant Lot"}}, {"type": "Feature", "geometry": {"type": "Point", "coordinates": [123.900032, 10.3202669]}, "properties": {"stratum": "Vacant Lot"}}, {"type": "Feature", "geometry": {"type": "Point", "coordinates": [124.0321172, 10.3210549]}, "properties": {"stratum": "Vacant Lot"}}, {"type": "Feature", "geometry": {"type": "Point", "coordinates": [123.9174946, 10.3216037]}, "properties": {"stratum": "Vacant Lot"}}, {"type": "Feature", "geometry": {"type": "Point", "coordinates": [123.8861632, 10.3222729]}, "properties": {"stratum": "Vacant Lot"}}, {"type": "Feature", "geometry": {"type": "Point", "coordinates": [123.9694938, 10.3224282]}, "properties": {"stratum": "Vacant Lot"}}, {"type": "Feature", "geometry": {"type": "Point", "coordinates": [124.0349024, 10.3231321]}, "properties": {"stratum": "Vacant Lot"}}, {"type": "Feature", "geometry": {"type": "Point", "coordinates": [123.96738072470342, 10.323280559501464]}, "properties": {"stratum": "Vacant Lot"}}, {"type": "Feature", "geometry": {"type": "Point", "coordinates": [123.9461965, 10.3235745]}, "properties": {"stratum": "Vacant Lot"}}, {"type": "Feature", "geometry": {"type": "Point", "coordinates": [123.8712144, 10.324419]}, "properties": {"stratum": "Vacant Lot"}}, {"type": "Feature", "geometry": {"type": "Point", "coordinates": [123.8712144, 10.324419]}, "properties": {"stratum": "Vacant Lot"}}, {"type": "Feature", "geometry": {"type": "Point", "coordinates": [123.8712144, 10.324419]}, "properties": {"stratum": "Vacant Lot"}}, {"type": "Feature", "geometry": {"type": "Point", "coordinates": [123.8712258, 10.3245464]}, "properties": {"stratum": "Vacant Lot"}}, {"type": "Feature", "geometry": {"type": "Point", "coordinates": [123.8712258, 10.3245464]}, "properties": {"stratum": "Vacant Lot"}}, {"type": "Feature", "geometry": {"type": "Point", "coordinates": [123.9018359, 10.3249468]}, "properties": {"stratum": "Vacant Lot"}}, {"type": "Feature", "geometry": {"type": "Point", "coordinates": [123.8777863, 10.3252465]}, "properties": {"stratum": "Vacant Lot"}}, {"type": "Feature", "geometry": {"type": "Point", "coordinates": [123.8795319, 10.3257267]}, "properties": {"stratum": "Vacant Lot"}}, {"type": "Feature", "geometry": {"type": "Point", "coordinates": [123.8996002, 10.3257529]}, "properties": {"stratum": "Vacant Lot"}}, {"type": "Feature", "geometry": {"type": "Point", "coordinates": [123.8893868, 10.3259578]}, "properties": {"stratum": "Vacant Lot"}}, {"type": "Feature", "geometry": {"type": "Point", "coordinates": [123.88391165871424, 10.326868076948688]}, "properties": {"stratum": "Vacant Lot"}}, {"type": "Feature", "geometry": {"type": "Point", "coordinates": [123.8927923, 10.3272432]}, "properties": {"stratum": "Vacant Lot"}}, {"type": "Feature", "geometry": {"type": "Point", "coordinates": [123.9427271, 10.3278985]}, "properties": {"stratum": "Vacant Lot"}}, {"type": "Feature", "geometry": {"type": "Point", "coordinates": [123.9427271, 10.3278985]}, "properties": {"stratum": "Vacant Lot"}}, {"type": "Feature", "geometry": {"type": "Point", "coordinates": [123.906315, 10.3280132]}, "properties": {"stratum": "Vacant Lot"}}, {"type": "Feature", "geometry": {"type": "Point", "coordinates": [123.8723691, 10.3290458]}, "properties": {"stratum": "Vacant Lot"}}, {"type": "Feature", "geometry": {"type": "Point", "coordinates": [123.8723691, 10.3290458]}, "properties": {"stratum": "Vacant Lot"}}, {"type": "Feature", "geometry": {"type": "Point", "coordinates": [123.8872289, 10.3292081]}, "properties": {"stratum": "Vacant Lot"}}, {"type": "Feature", "geometry": {"type": "Point", "coordinates": [123.9102358, 10.3301414]}, "properties": {"stratum": "Vacant Lot"}}, {"type": "Feature", "geometry": {"type": "Point", "coordinates": [123.9478468, 10.3303692]}, "properties": {"stratum": "Vacant Lot"}}, {"type": "Feature", "geometry": {"type": "Point", "coordinates": [123.9366687, 10.331012]}, "properties": {"stratum": "Vacant Lot"}}, {"type": "Feature", "geometry": {"type": "Point", "coordinates": [123.90064425766468, 10.331849428456024]}, "properties": {"stratum": "Vacant Lot"}}, {"type": "Feature", "geometry": {"type": "Point", "coordinates": [123.9357136, 10.3321417]}, "properties": {"stratum": "Vacant Lot"}}, {"type": "Feature", "geometry": {"type": "Point", "coordinates": [123.8895964, 10.333106]}, "properties": {"stratum": "Vacant Lot"}}, {"type": "Feature", "geometry": {"type": "Point", "coordinates": [124.0447385, 10.333383]}, "properties": {"stratum": "Vacant Lot"}}, {"type": "Feature", "geometry": {"type": "Point", "coordinates": [123.8815901, 10.3341116]}, "properties": {"stratum": "Vacant Lot"}}, {"type": "Feature", "geometry": {"type": "Point", "coordinates": [123.9564667, 10.3350596]}, "properties": {"stratum": "Vacant Lot"}}, {"type": "Feature", "geometry": {"type": "Point", "coordinates": [123.93227823078632, 10.335331197991124]}, "properties": {"stratum": "Vacant Lot"}}, {"type": "Feature", "geometry": {"type": "Point", "coordinates": [123.9624594, 10.3365714]}, "properties": {"stratum": "Vacant Lot"}}, {"type": "Feature", "geometry": {"type": "Point", "coordinates": [123.9624594, 10.3365714]}, "properties": {"stratum": "Vacant Lot"}}, {"type": "Feature", "geometry": {"type": "Point", "coordinates": [123.9624594, 10.3365714]}, "properties": {"stratum": "Vacant Lot"}}, {"type": "Feature", "geometry": {"type": "Point", "coordinates": [123.9257753, 10.3373947]}, "properties": {"stratum": "Vacant Lot"}}, {"type": "Feature", "geometry": {"type": "Point", "coordinates": [123.929307, 10.338882]}, "properties": {"stratum": "Vacant Lot"}}, {"type": "Feature", "geometry": {"type": "Point", "coordinates": [123.8795909, 10.3391579]}, "properties": {"stratum": "Vacant Lot"}}, {"type": "Feature", "geometry": {"type": "Point", "coordinates": [123.9256166, 10.3392349]}, "properties": {"stratum": "Vacant Lot"}}, {"type": "Feature", "geometry": {"type": "Point", "coordinates": [123.9415518, 10.3402623]}, "properties": {"stratum": "Vacant Lot"}}, {"type": "Feature", "geometry": {"type": "Point", "coordinates": [123.9415518, 10.3402623]}, "properties": {"stratum": "Vacant Lot"}}, {"type": "Feature", "geometry": {"type": "Point", "coordinates": [123.9415518, 10.3402623]}, "properties": {"stratum": "Vacant Lot"}}, {"type": "Feature", "geometry": {"type": "Point", "coordinates": [123.8888992, 10.3413845]}, "properties": {"stratum": "Vacant Lot"}}, {"type": "Feature", "geometry": {"type": "Point", "coordinates": [123.9401578, 10.3416337]}, "properties": {"stratum": "Vacant Lot"}}, {"type": "Feature", "geometry": {"type": "Point", "coordinates": [123.9473606, 10.342209]}, "properties": {"stratum": "Vacant Lot"}}, {"type": "Feature", "geometry": {"type": "Point", "coordinates": [123.9104362, 10.3429749]}, "properties": {"stratum": "Vacant Lot"}}, {"type": "Feature", "geometry": {"type": "Point", "coordinates": [123.9338051, 10.3431007]}, "properties": {"stratum": "Vacant Lot"}}, {"type": "Feature", "geometry": {"type": "Point", "coordinates": [123.9128035, 10.3436324]}, "properties": {"stratum": "Vacant Lot"}}, {"type": "Feature", "geometry": {"type": "Point", "coordinates": [123.9107733, 10.3439001]}, "properties": {"stratum": "Vacant Lot"}}, {"type": "Feature", "geometry": {"type": "Point", "coordinates": [123.9206393, 10.3439529]}, "properties": {"stratum": "Vacant Lot"}}, {"type": "Feature", "geometry": {"type": "Point", "coordinates": [123.9206393, 10.3439529]}, "properties": {"stratum": "Vacant Lot"}}, {"type": "Feature", "geometry": {"type": "Point", "coordinates": [123.959672, 10.3441361]}, "properties": {"stratum": "Vacant Lot"}}, {"type": "Feature", "geometry": {"type": "Point", "coordinates": [123.9094258, 10.3441926]}, "properties": {"stratum": "Vacant Lot"}}, {"type": "Feature", "geometry": {"type": "Point", "coordinates": [123.9099079, 10.3442423]}, "properties": {"stratum": "Vacant Lot"}}, {"type": "Feature", "geometry": {"type": "Point", "coordinates": [123.9520396, 10.3444668]}, "properties": {"stratum": "Vacant Lot"}}, {"type": "Feature", "geometry": {"type": "Point", "coordinates": [123.958507, 10.345025]}, "properties": {"stratum": "Vacant Lot"}}, {"type": "Feature", "geometry": {"type": "Point", "coordinates": [123.8955494, 10.346446]}, "properties": {"stratum": "Vacant Lot"}}, {"type": "Feature", "geometry": {"type": "Point", "coordinates": [123.9099871, 10.3468921]}, "properties": {"stratum": "Vacant Lot"}}, {"type": "Feature", "geometry": {"type": "Point", "coordinates": [123.9099871, 10.3468921]}, "properties": {"stratum": "Vacant Lot"}}, {"type": "Feature", "geometry": {"type": "Point", "coordinates": [123.9099871, 10.3468921]}, "properties": {"stratum": "Vacant Lot"}}, {"type": "Feature", "geometry": {"type": "Point", "coordinates": [123.9443397, 10.3471656]}, "properties": {"stratum": "Vacant Lot"}}, {"type": "Feature", "geometry": {"type": "Point", "coordinates": [123.9276107, 10.3491547]}, "properties": {"stratum": "Vacant Lot"}}, {"type": "Feature", "geometry": {"type": "Point", "coordinates": [123.9088391, 10.3497665]}, "properties": {"stratum": "Vacant Lot"}}, {"type": "Feature", "geometry": {"type": "Point", "coordinates": [123.9088391, 10.3497665]}, "properties": {"stratum": "Vacant Lot"}}, {"type": "Feature", "geometry": {"type": "Point", "coordinates": [123.8774052, 10.3502923]}, "properties": {"stratum": "Vacant Lot"}}, {"type": "Feature", "geometry": {"type": "Point", "coordinates": [123.9134092, 10.3506191]}, "properties": {"stratum": "Vacant Lot"}}, {"type": "Feature", "geometry": {"type": "Point", "coordinates": [123.9135389, 10.3506292]}, "properties": {"stratum": "Vacant Lot"}}, {"type": "Feature", "geometry": {"type": "Point", "coordinates": [123.91590770334004, 10.351157986089923]}, "properties": {"stratum": "Vacant Lot"}}, {"type": "Feature", "geometry": {"type": "Point", "coordinates": [123.91489449888466, 10.352614135833944]}, "properties": {"stratum": "Vacant Lot"}}, {"type": "Feature", "geometry": {"type": "Point", "coordinates": [123.946061, 10.3527376]}, "properties": {"stratum": "Vacant Lot"}}, {"type": "Feature", "geometry": {"type": "Point", "coordinates": [123.9414017, 10.3535757]}, "properties": {"stratum": "Vacant Lot"}}, {"type": "Feature", "geometry": {"type": "Point", "coordinates": [123.9279665, 10.3538553]}, "properties": {"stratum": "Vacant Lot"}}, {"type": "Feature", "geometry": {"type": "Point", "coordinates": [123.9443397, 10.3568128]}, "properties": {"stratum": "Vacant Lot"}}, {"type": "Feature", "geometry": {"type": "Point", "coordinates": [123.9192807, 10.3571548]}, "properties": {"stratum": "Vacant Lot"}}, {"type": "Feature", "geometry": {"type": "Point", "coordinates": [123.9193329, 10.357217]}, "properties": {"stratum": "Vacant Lot"}}, {"type": "Feature", "geometry": {"type": "Point", "coordinates": [123.8933802, 10.3583044]}, "properties": {"stratum": "Vacant Lot"}}, {"type": "Feature", "geometry": {"type": "Point", "coordinates": [123.9012925, 10.3587811]}, "properties": {"stratum": "Vacant Lot"}}, {"type": "Feature", "geometry": {"type": "Point", "coordinates": [123.9155036, 10.3604167]}, "properties": {"stratum": "Vacant Lot"}}, {"type": "Feature", "geometry": {"type": "Point", "coordinates": [123.8956976, 10.3608532]}, "properties": {"stratum": "Vacant Lot"}}, {"type": "Feature", "geometry": {"type": "Point", "coordinates": [123.8956976, 10.3608532]}, "properties": {"stratum": "Vacant Lot"}}, {"type": "Feature", "geometry": {"type": "Point", "coordinates": [123.8956976, 10.3608532]}, "properties": {"stratum": "Vacant Lot"}}, {"type": "Feature", "geometry": {"type": "Point", "coordinates": [123.9151338, 10.3615244]}, "properties": {"stratum": "Vacant Lot"}}, {"type": "Feature", "geometry": {"type": "Point", "coordinates": [123.9151338, 10.3615244]}, "properties": {"stratum": "Vacant Lot"}}, {"type": "Feature", "geometry": {"type": "Point", "coordinates": [123.9041804, 10.3616181]}, "properties": {"stratum": "Vacant Lot"}}, {"type": "Feature", "geometry": {"type": "Point", "coordinates": [123.887867, 10.36172]}, "properties": {"stratum": "Vacant Lot"}}, {"type": "Feature", "geometry": {"type": "Point", "coordinates": [123.9833623, 10.3618097]}, "properties": {"stratum": "Vacant Lot"}}, {"type": "Feature", "geometry": {"type": "Point", "coordinates": [123.882985, 10.3641103]}, "properties": {"stratum": "Vacant Lot"}}, {"type": "Feature", "geometry": {"type": "Point", "coordinates": [123.9464435, 10.3641772]}, "properties": {"stratum": "Vacant Lot"}}, {"type": "Feature", "geometry": {"type": "Point", "coordinates": [123.9513093, 10.3644249]}, "properties": {"stratum": "Vacant Lot"}}, {"type": "Feature", "geometry": {"type": "Point", "coordinates": [123.9304995, 10.3650753]}, "properties": {"stratum": "Vacant Lot"}}, {"type": "Feature", "geometry": {"type": "Point", "coordinates": [123.9426349, 10.3650576]}, "properties": {"stratum": "Vacant Lot"}}, {"type": "Feature", "geometry": {"type": "Point", "coordinates": [123.9631563, 10.3660278]}, "properties": {"stratum": "Vacant Lot"}}, {"type": "Feature", "geometry": {"type": "Point", "coordinates": [123.9604354, 10.3663412]}, "properties": {"stratum": "Vacant Lot"}}, {"type": "Feature", "geometry": {"type": "Point", "coordinates": [123.9171724, 10.3663682]}, "properties": {"stratum": "Vacant Lot"}}, {"type": "Feature", "geometry": {"type": "Point", "coordinates": [123.912147, 10.366885]}, "properties": {"stratum": "Vacant Lot"}}, {"type": "Feature", "geometry": {"type": "Point", "coordinates": [123.952101, 10.3668859]}, "properties": {"stratum": "Vacant Lot"}}, {"type": "Feature", "geometry": {"type": "Point", "coordinates": [123.9088286, 10.3672928]}, "properties": {"stratum": "Vacant Lot"}}, {"type": "Feature", "geometry": {"type": "Point", "coordinates": [123.9264698, 10.3675714]}, "properties": {"stratum": "Vacant Lot"}}, {"type": "Feature", "geometry": {"type": "Point", "coordinates": [123.9138928, 10.3676681]}, "properties": {"stratum": "Vacant Lot"}}, {"type": "Feature", "geometry": {"type": "Point", "coordinates": [123.9138928, 10.3676681]}, "properties": {"stratum": "Vacant Lot"}}, {"type": "Feature", "geometry": {"type": "Point", "coordinates": [123.9335878, 10.3677092]}, "properties": {"stratum": "Vacant Lot"}}, {"type": "Feature", "geometry": {"type": "Point", "coordinates": [123.9464799, 10.3686063]}, "properties": {"stratum": "Vacant Lot"}}, {"type": "Feature", "geometry": {"type": "Point", "coordinates": [123.9169018, 10.3693292]}, "properties": {"stratum": "Vacant Lot"}}, {"type": "Feature", "geometry": {"type": "Point", "coordinates": [123.9237186, 10.3698497]}, "properties": {"stratum": "Vacant Lot"}}, {"type": "Feature", "geometry": {"type": "Point", "coordinates": [123.9219561, 10.3699509]}, "properties": {"stratum": "Vacant Lot"}}, {"type": "Feature", "geometry": {"type": "Point", "coordinates": [123.9219561, 10.3699509]}, "properties": {"stratum": "Vacant Lot"}}, {"type": "Feature", "geometry": {"type": "Point", "coordinates": [123.9402787, 10.370078]}, "properties": {"stratum": "Vacant Lot"}}, {"type": "Feature", "geometry": {"type": "Point", "coordinates": [123.9664662, 10.3703061]}, "properties": {"stratum": "Vacant Lot"}}, {"type": "Feature", "geometry": {"type": "Point", "coordinates": [123.9392849, 10.3710246]}, "properties": {"stratum": "Vacant Lot"}}, {"type": "Feature", "geometry": {"type": "Point", "coordinates": [123.9392849, 10.3710246]}, "properties": {"stratum": "Vacant Lot"}}, {"type": "Feature", "geometry": {"type": "Point", "coordinates": [123.9763952, 10.3710811]}, "properties": {"stratum": "Vacant Lot"}}, {"type": "Feature", "geometry": {"type": "Point", "coordinates": [123.9685853, 10.3719438]}, "properties": {"stratum": "Vacant Lot"}}, {"type": "Feature", "geometry": {"type": "Point", "coordinates": [123.9198119, 10.372836]}, "properties": {"stratum": "Vacant Lot"}}, {"type": "Feature", "geometry": {"type": "Point", "coordinates": [123.91850809895016, 10.372893781866514]}, "properties": {"stratum": "Vacant Lot"}}, {"type": "Feature", "geometry": {"type": "Point", "coordinates": [123.9217431, 10.3732232]}, "properties": {"stratum": "Vacant Lot"}}, {"type": "Feature", "geometry": {"type": "Point", "coordinates": [123.9271727, 10.3738071]}, "properties": {"stratum": "Vacant Lot"}}, {"type": "Feature", "geometry": {"type": "Point", "coordinates": [123.9480567, 10.3740084]}, "properties": {"stratum": "Vacant Lot"}}, {"type": "Feature", "geometry": {"type": "Point", "coordinates": [123.9480567, 10.3740084]}, "properties": {"stratum": "Vacant Lot"}}, {"type": "Feature", "geometry": {"type": "Point", "coordinates": [123.9480567, 10.3740084]}, "properties": {"stratum": "Vacant Lot"}}, {"type": "Feature", "geometry": {"type": "Point", "coordinates": [123.9190428, 10.3742278]}, "properties": {"stratum": "Vacant Lot"}}, {"type": "Feature", "geometry": {"type": "Point", "coordinates": [123.9534, 10.3744275]}, "properties": {"stratum": "Vacant Lot"}}, {"type": "Feature", "geometry": {"type": "Point", "coordinates": [123.9534, 10.3744275]}, "properties": {"stratum": "Vacant Lot"}}, {"type": "Feature", "geometry": {"type": "Point", "coordinates": [123.9534, 10.3744275]}, "properties": {"stratum": "Vacant Lot"}}, {"type": "Feature", "geometry": {"type": "Point", "coordinates": [123.9179152, 10.3744849]}, "properties": {"stratum": "Vacant Lot"}}, {"type": "Feature", "geometry": {"type": "Point", "coordinates": [123.9179152, 10.3744849]}, "properties": {"stratum": "Vacant Lot"}}, {"type": "Feature", "geometry": {"type": "Point", "coordinates": [123.9179152, 10.3744849]}, "properties": {"stratum": "Vacant Lot"}}, {"type": "Feature", "geometry": {"type": "Point", "coordinates": [123.9540625, 10.3746152]}, "properties": {"stratum": "Vacant Lot"}}, {"type": "Feature", "geometry": {"type": "Point", "coordinates": [123.9540625, 10.3746152]}, "properties": {"stratum": "Vacant Lot"}}, {"type": "Feature", "geometry": {"type": "Point", "coordinates": [123.9314827, 10.3748457]}, "properties": {"stratum": "Vacant Lot"}}, {"type": "Feature", "geometry": {"type": "Point", "coordinates": [123.9364108, 10.3753096]}, "properties": {"stratum": "Vacant Lot"}}, {"type": "Feature", "geometry": {"type": "Point", "coordinates": [123.9285627, 10.3754011]}, "properties": {"stratum": "Vacant Lot"}}, {"type": "Feature", "geometry": {"type": "Point", "coordinates": [123.9285627, 10.3754011]}, "properties": {"stratum": "Vacant Lot"}}, {"type": "Feature", "geometry": {"type": "Point", "coordinates": [123.9285627, 10.3754011]}, "properties": {"stratum": "Vacant Lot"}}, {"type": "Feature", "geometry": {"type": "Point", "coordinates": [123.9151626, 10.3756359]}, "properties": {"stratum": "Vacant Lot"}}, {"type": "Feature", "geometry": {"type": "Point", "coordinates": [123.9569388, 10.3758139]}, "properties": {"stratum": "Vacant Lot"}}, {"type": "Feature", "geometry": {"type": "Point", "coordinates": [123.9569388, 10.3758139]}, "properties": {"stratum": "Vacant Lot"}}, {"type": "Feature", "geometry": {"type": "Point", "coordinates": [123.9427293, 10.3758749]}, "properties": {"stratum": "Vacant Lot"}}, {"type": "Feature", "geometry": {"type": "Point", "coordinates": [123.9427293, 10.3758749]}, "properties": {"stratum": "Vacant Lot"}}, {"type": "Feature", "geometry": {"type": "Point", "coordinates": [123.9192973, 10.3766576]}, "properties": {"stratum": "Vacant Lot"}}, {"type": "Feature", "geometry": {"type": "Point", "coordinates": [123.9192973, 10.3766576]}, "properties": {"stratum": "Vacant Lot"}}, {"type": "Feature", "geometry": {"type": "Point", "coordinates": [123.8738927, 10.3769235]}, "properties": {"stratum": "Vacant Lot"}}, {"type": "Feature", "geometry": {"type": "Point", "coordinates": [123.8550829, 10.3770829]}, "properties": {"stratum": "Vacant Lot"}}, {"type": "Feature", "geometry": {"type": "Point", "coordinates": [123.8550829, 10.3770829]}, "properties": {"stratum": "Vacant Lot"}}, {"type": "Feature", "geometry": {"type": "Point", "coordinates": [123.9363061, 10.3772302]}, "properties": {"stratum": "Vacant Lot"}}, {"type": "Feature", "geometry": {"type": "Point", "coordinates": [123.8841344, 10.3773911]}, "properties": {"stratum": "Vacant Lot"}}, {"type": "Feature", "geometry": {"type": "Point", "coordinates": [123.9329548, 10.3774132]}, "properties": {"stratum": "Vacant Lot"}}, {"type": "Feature", "geometry": {"type": "Point", "coordinates": [123.9240941, 10.3775398]}, "properties": {"stratum": "Vacant Lot"}}, {"type": "Feature", "geometry": {"type": "Point", "coordinates": [123.8550024, 10.3776483]}, "properties": {"stratum": "Vacant Lot"}}, {"type": "Feature", "geometry": {"type": "Point", "coordinates": [123.963996, 10.3776889]}, "properties": {"stratum": "Vacant Lot"}}, {"type": "Feature", "geometry": {"type": "Point", "coordinates": [123.9276107, 10.3781056]}, "properties": {"stratum": "Vacant Lot"}}, {"type": "Feature", "geometry": {"type": "Point", "coordinates": [123.9276107, 10.3781056]}, "properties": {"stratum": "Vacant Lot"}}, {"type": "Feature", "geometry": {"type": "Point", "coordinates": [123.9121457, 10.3782371]}, "properties": {"stratum": "Vacant Lot"}}, {"type": "Feature", "geometry": {"type": "Point", "coordinates": [123.9345815, 10.3784811]}, "properties": {"stratum": "Vacant Lot"}}, {"type": "Feature", "geometry": {"type": "Point", "coordinates": [123.9736083, 10.3786493]}, "properties": {"stratum": "Vacant Lot"}}, {"type": "Feature", "geometry": {"type": "Point", "coordinates": [123.9235638, 10.3797793]}, "properties": {"stratum": "Vacant Lot"}}, {"type": "Feature", "geometry": {"type": "Point", "coordinates": [123.9235638, 10.3797793]}, "properties": {"stratum": "Vacant Lot"}}, {"type": "Feature", "geometry": {"type": "Point", "coordinates": [123.964057, 10.3798371]}, "properties": {"stratum": "Vacant Lot"}}, {"type": "Feature", "geometry": {"type": "Point", "coordinates": [123.9212013, 10.3807068]}, "properties": {"stratum": "Vacant Lot"}}, {"type": "Feature", "geometry": {"type": "Point", "coordinates": [123.94061, 10.3811573]}, "properties": {"stratum": "Vacant Lot"}}, {"type": "Feature", "geometry": {"type": "Point", "coordinates": [123.928914, 10.3813404]}, "properties": {"stratum": "Vacant Lot"}}, {"type": "Feature", "geometry": {"type": "Point", "coordinates": [123.9220336, 10.3835968]}, "properties": {"stratum": "Vacant Lot"}}, {"type": "Feature", "geometry": {"type": "Point", "coordinates": [123.9220336, 10.3835968]}, "properties": {"stratum": "Vacant Lot"}}, {"type": "Feature", "geometry": {"type": "Point", "coordinates": [123.9220336, 10.3835968]}, "properties": {"stratum": "Vacant Lot"}}, {"type": "Feature", "geometry": {"type": "Point", "coordinates": [123.922005, 10.3836653]}, "properties": {"stratum": "Vacant Lot"}}, {"type": "Feature", "geometry": {"type": "Point", "coordinates": [123.922005, 10.3836653]}, "properties": {"stratum": "Vacant Lot"}}, {"type": "Feature", "geometry": {"type": "Point", "coordinates": [123.922005, 10.3836653]}, "properties": {"stratum": "Vacant Lot"}}, {"type": "Feature", "geometry": {"type": "Point", "coordinates": [123.9179126, 10.3840243]}, "properties": {"stratum": "Vacant Lot"}}, {"type": "Feature", "geometry": {"type": "Point", "coordinates": [123.9310962, 10.384326]}, "properties": {"stratum": "Vacant Lot"}}, {"type": "Feature", "geometry": {"type": "Point", "coordinates": [123.970099, 10.3846376]}, "properties": {"stratum": "Vacant Lot"}}, {"type": "Feature", "geometry": {"type": "Point", "coordinates": [123.9206393, 10.3849697]}, "properties": {"stratum": "Vacant Lot"}}, {"type": "Feature", "geometry": {"type": "Point", "coordinates": [123.9708212, 10.3862187]}, "properties": {"stratum": "Vacant Lot"}}, {"type": "Feature", "geometry": {"type": "Point", "coordinates": [123.9708212, 10.3862187]}, "properties": {"stratum": "Vacant Lot"}}, {"type": "Feature", "geometry": {"type": "Point", "coordinates": [123.9708212, 10.3862187]}, "properties": {"stratum": "Vacant Lot"}}, {"type": "Feature", "geometry": {"type": "Point", "coordinates": [123.9659852, 10.3869329]}, "properties": {"stratum": "Vacant Lot"}}, {"type": "Feature", "geometry": {"type": "Point", "coordinates": [123.9659852, 10.3869329]}, "properties": {"stratum": "Vacant Lot"}}, {"type": "Feature", "geometry": {"type": "Point", "coordinates": [123.9659852, 10.3869329]}, "properties": {"stratum": "Vacant Lot"}}, {"type": "Feature", "geometry": {"type": "Point", "coordinates": [123.9660278, 10.3873249]}, "properties": {"stratum": "Vacant Lot"}}, {"type": "Feature", "geometry": {"type": "Point", "coordinates": [123.9687305, 10.387253]}, "properties": {"stratum": "Vacant Lot"}}, {"type": "Feature", "geometry": {"type": "Point", "coordinates": [123.9471517, 10.3874771]}, "properties": {"stratum": "Vacant Lot"}}, {"type": "Feature", "geometry": {"type": "Point", "coordinates": [123.9682272, 10.3874848]}, "properties": {"stratum": "Vacant Lot"}}, {"type": "Feature", "geometry": {"type": "Point", "coordinates": [123.9213432, 10.3882222]}, "properties": {"stratum": "Vacant Lot"}}, {"type": "Feature", "geometry": {"type": "Point", "coordinates": [123.9540969, 10.3882164]}, "properties": {"stratum": "Vacant Lot"}}, {"type": "Feature", "geometry": {"type": "Point", "coordinates": [123.9491859, 10.3882832]}, "properties": {"stratum": "Vacant Lot"}}, {"type": "Feature", "geometry": {"type": "Point", "coordinates": [123.9491859, 10.3882832]}, "properties": {"stratum": "Vacant Lot"}}, {"type": "Feature", "geometry": {"type": "Point", "coordinates": [123.9491859, 10.3882832]}, "properties": {"stratum": "Vacant Lot"}}, {"type": "Feature", "geometry": {"type": "Point", "coordinates": [123.9336616, 10.3887881]}, "properties": {"stratum": "Vacant Lot"}}, {"type": "Feature", "geometry": {"type": "Point", "coordinates": [123.9642126, 10.389355]}, "properties": {"stratum": "Vacant Lot"}}, {"type": "Feature", "geometry": {"type": "Point", "coordinates": [123.96673321723938, 10.389737896471008]}, "properties": {"stratum": "Vacant Lot"}}, {"type": "Feature", "geometry": {"type": "Point", "coordinates": [123.9489470518233, 10.390045423318435]}, "properties": {"stratum": "Vacant Lot"}}, {"type": "Feature", "geometry": {"type": "Point", "coordinates": [123.9373697, 10.3902136]}, "properties": {"stratum": "Vacant Lot"}}, {"type": "Feature", "geometry": {"type": "Point", "coordinates": [123.9373697, 10.3902136]}, "properties": {"stratum": "Vacant Lot"}}, {"type": "Feature", "geometry": {"type": "Point", "coordinates": [123.9431394, 10.3903051]}, "properties": {"stratum": "Vacant Lot"}}, {"type": "Feature", "geometry": {"type": "Point", "coordinates": [123.9431394, 10.3903051]}, "properties": {"stratum": "Vacant Lot"}}, {"type": "Feature", "geometry": {"type": "Point", "coordinates": [123.9419392, 10.390512]}, "properties": {"stratum": "Vacant Lot"}}, {"type": "Feature", "geometry": {"type": "Point", "coordinates": [123.9205637, 10.3908991]}, "properties": {"stratum": "Vacant Lot"}}, {"type": "Feature", "geometry": {"type": "Point", "coordinates": [123.9205637, 10.3908991]}, "properties": {"stratum": "Vacant Lot"}}, {"type": "Feature", "geometry": {"type": "Point", "coordinates": [123.9205637, 10.3908991]}, "properties": {"stratum": "Vacant Lot"}}, {"type": "Feature", "geometry": {"type": "Point", "coordinates": [123.9214588, 10.3912313]}, "properties": {"stratum": "Vacant Lot"}}, {"type": "Feature", "geometry": {"type": "Point", "coordinates": [123.9645499, 10.3911899]}, "properties": {"stratum": "Vacant Lot"}}, {"type": "Feature", "geometry": {"type": "Point", "coordinates": [123.9645499, 10.3911899]}, "properties": {"stratum": "Vacant Lot"}}, {"type": "Feature", "geometry": {"type": "Point", "coordinates": [123.9488125, 10.3913125]}, "properties": {"stratum": "Vacant Lot"}}, {"type": "Feature", "geometry": {"type": "Point", "coordinates": [123.9193327, 10.3913896]}, "properties": {"stratum": "Vacant Lot"}}, {"type": "Feature", "geometry": {"type": "Point", "coordinates": [123.9150274, 10.3916467]}, "properties": {"stratum": "Vacant Lot"}}, {"type": "Feature", "geometry": {"type": "Point", "coordinates": [123.9150274, 10.3916467]}, "properties": {"stratum": "Vacant Lot"}}, {"type": "Feature", "geometry": {"type": "Point", "coordinates": [123.9150274, 10.3916467]}, "properties": {"stratum": "Vacant Lot"}}, {"type": "Feature", "geometry": {"type": "Point", "coordinates": [123.9196005, 10.3920355]}, "properties": {"stratum": "Vacant Lot"}}, {"type": "Feature", "geometry": {"type": "Point", "coordinates": [123.9157591, 10.3921891]}, "properties": {"stratum": "Vacant Lot"}}, {"type": "Feature", "geometry": {"type": "Point", "coordinates": [123.9157591, 10.3921891]}, "properties": {"stratum": "Vacant Lot"}}, {"type": "Feature", "geometry": {"type": "Point", "coordinates": [123.9524587, 10.3925706]}, "properties": {"stratum": "Vacant Lot"}}, {"type": "Feature", "geometry": {"type": "Point", "coordinates": [123.91743735324364, 10.393241997587497]}, "properties": {"stratum": "Vacant Lot"}}, {"type": "Feature", "geometry": {"type": "Point", "coordinates": [123.914363, 10.394084]}, "properties": {"stratum": "Vacant Lot"}}, {"type": "Feature", "geometry": {"type": "Point", "coordinates": [123.914363, 10.394084]}, "properties": {"stratum": "Vacant Lot"}}, {"type": "Feature", "geometry": {"type": "Point", "coordinates": [123.9498365, 10.3947239]}, "properties": {"stratum": "Vacant Lot"}}, {"type": "Feature", "geometry": {"type": "Point", "coordinates": [123.9143775, 10.3955967]}, "properties": {"stratum": "Vacant Lot"}}, {"type": "Feature", "geometry": {"type": "Point", "coordinates": [123.9597598, 10.3959156]}, "properties": {"stratum": "Vacant Lot"}}, {"type": "Feature", "geometry": {"type": "Point", "coordinates": [123.9217178, 10.3964976]}, "properties": {"stratum": "Vacant Lot"}}, {"type": "Feature", "geometry": {"type": "Point", "coordinates": [123.9656589, 10.3965887]}, "properties": {"stratum": "Vacant Lot"}}, {"type": "Feature", "geometry": {"type": "Point", "coordinates": [123.95742427557708, 10.396658229375388]}, "properties": {"stratum": "Vacant Lot"}}, {"type": "Feature", "geometry": {"type": "Point", "coordinates": [123.9199334, 10.3971671]}, "properties": {"stratum": "Vacant Lot"}}, {"type": "Feature", "geometry": {"type": "Point", "coordinates": [123.9025114, 10.3979941]}, "properties": {"stratum": "Vacant Lot"}}, {"type": "Feature", "geometry": {"type": "Point", "coordinates": [123.9158786, 10.3980215]}, "properties": {"stratum": "Vacant Lot"}}, {"type": "Feature", "geometry": {"type": "Point", "coordinates": [123.9158786, 10.3980215]}, "properties": {"stratum": "Vacant Lot"}}, {"type": "Feature", "geometry": {"type": "Point", "coordinates": [123.9158786, 10.3980215]}, "properties": {"stratum": "Vacant Lot"}}, {"type": "Feature", "geometry": {"type": "Point", "coordinates": [123.904755, 10.3980862]}, "properties": {"stratum": "Vacant Lot"}}, {"type": "Feature", "geometry": {"type": "Point", "coordinates": [123.9206393, 10.3994516]}, "properties": {"stratum": "Vacant Lot"}}, {"type": "Feature", "geometry": {"type": "Point", "coordinates": [123.9387637, 10.4009072]}, "properties": {"stratum": "Vacant Lot"}}, {"type": "Feature", "geometry": {"type": "Point", "coordinates": [123.9387637, 10.4009072]}, "properties": {"stratum": "Vacant Lot"}}, {"type": "Feature", "geometry": {"type": "Point", "coordinates": [123.9387637, 10.4009072]}, "properties": {"stratum": "Vacant Lot"}}, {"type": "Feature", "geometry": {"type": "Point", "coordinates": [123.9452293, 10.4028186]}, "properties": {"stratum": "Vacant Lot"}}, {"type": "Feature", "geometry": {"type": "Point", "coordinates": [123.9126991, 10.4062053]}, "properties": {"stratum": "Vacant Lot"}}, {"type": "Feature", "geometry": {"type": "Point", "coordinates": [123.916979, 10.406682]}, "properties": {"stratum": "Vacant Lot"}}, {"type": "Feature", "geometry": {"type": "Point", "coordinates": [123.8801952, 10.4103155]}, "properties": {"stratum": "Vacant Lot"}}, {"type": "Feature", "geometry": {"type": "Point", "coordinates": [123.9387637, 10.4153897]}, "properties": {"stratum": "Vacant Lot"}}, {"type": "Feature", "geometry": {"type": "Point", "coordinates": [123.8801952, 10.4489676]}, "properties": {"stratum": "Vacant Lot"}}]}