_raw_row_index,barangay,classification,zonal_value_raw,zonal_value,workbook,sheet
0,"IN THE  CITY  OF MANDAUE, UNDER  THE   JURISDICTION  OF  REVENUE  DISTRICT  OFFICE",,"IN THE  CITY  OF MANDAUE, UNDER  THE   JURISDICTION  OF  REVENUE  DISTRICT  OFFICE",,"RDO No. 80 - Mandaue City, Cebu.xls", Sheet 11 (DO 23-2022)
1,"NO. 80 - MANDAUE CITY, FOR INTERNAL REVENUE TAX PURPOSES.",,"NO. 80 - MANDAUE CITY, FOR INTERNAL REVENUE TAX PURPOSES.",,"RDO No. 80 - Mandaue City, Cebu.xls", Sheet 11 (DO 23-2022)
2,,,,,"RDO No. 80 - Mandaue City, Cebu.xls", Sheet 11 (DO 23-2022)
3,TO         :      All Internal Revenue Officers and Others Concerned.,,TO         :      All Internal Revenue Officers and Others Concerned.,,"RDO No. 80 - Mandaue City, Cebu.xls", Sheet 11 (DO 23-2022)
4,,,,,"RDO No. 80 - Mandaue City, Cebu.xls", Sheet 11 (DO 23-2022)
5,"Section  4 of Republic Act 10963, otherwise known as the ""Tax Reform for Acceleration and",,"Section  4 of Republic Act 10963, otherwise known as the ""Tax Reform for Acceleration and",410963.0,"RDO No. 80 - Mandaue City, Cebu.xls", Sheet 11 (DO 23-2022)
6,"Inclusion (TRAIN)"" Law, amending Section 6 (E)  of National Internal Revenue Code (NIRC) of 1997, authorizes",,"Inclusion (TRAIN)"" Law, amending Section 6 (E)  of National Internal Revenue Code (NIRC) of 1997, authorizes",61997.0,"RDO No. 80 - Mandaue City, Cebu.xls", Sheet 11 (DO 23-2022)
7,the  Commissioner  to  divide   the  Philippines  into  different   zones  or areas and shall determine the fair,,the  Commissioner  to  divide   the  Philippines  into  different   zones  or areas and shall determine the fair,,"RDO No. 80 - Mandaue City, Cebu.xls", Sheet 11 (DO 23-2022)
8,"market value of real properties located in each zone or areas, subject to automatic adjustment once every",,"market value of real properties located in each zone or areas, subject to automatic adjustment once every",,"RDO No. 80 - Mandaue City, Cebu.xls", Sheet 11 (DO 23-2022)
9,three (3) years.,,three (3) years.,3.0,"RDO No. 80 - Mandaue City, Cebu.xls", Sheet 11 (DO 23-2022)
10,,,,,"RDO No. 80 - Mandaue City, Cebu.xls", Sheet 11 (DO 23-2022)
11,"By  virtue  of  said authority,  the  Commissioner of Internal Revenue has determined  the zonal",,"By  virtue  of  said authority,  the  Commissioner of Internal Revenue has determined  the zonal",,"RDO No. 80 - Mandaue City, Cebu.xls", Sheet 11 (DO 23-2022)
12,"values of real properties in the City of Mandaue, under the jurisdiction of Revenue District No. 80 - Mandaue",,"values of real properties in the City of Mandaue, under the jurisdiction of Revenue District No. 80 - Mandaue",,"RDO No. 80 - Mandaue City, Cebu.xls", Sheet 11 (DO 23-2022)
13,"City,  Revenue  Region  No. 13 – Cebu City,  after  public  hearings  on 15 February 2022 was conducted for the purpose.",,"City,  Revenue  Region  No. 13 – Cebu City,  after  public  hearings  on 15 February 2022 was conducted for the purpose.",,"RDO No. 80 - Mandaue City, Cebu.xls", Sheet 11 (DO 23-2022)
14,This  Order  is  issued  to  implement  the Revised Schedule of Zonal Values of Real  Properties  for purposes of computing,,This  Order  is  issued  to  implement  the Revised Schedule of Zonal Values of Real  Properties  for purposes of computing,,"RDO No. 80 - Mandaue City, Cebu.xls", Sheet 11 (DO 23-2022)
15,any internal  revenue  tax due  on  sale/transfer  or any other disposition of real properties.,,any internal  revenue  tax due  on  sale/transfer  or any other disposition of real properties.,,"RDO No. 80 - Mandaue City, Cebu.xls", Sheet 11 (DO 23-2022)
16,,,,,"RDO No. 80 - Mandaue City, Cebu.xls", Sheet 11 (DO 23-2022)
17,The zonal values established herein  shall  apply  provided   the  same  is  higher  than (1)  the,,The zonal values established herein  shall  apply  provided   the  same  is  higher  than (1)  the,1.0,"RDO No. 80 - Mandaue City, Cebu.xls", Sheet 11 (DO 23-2022)
18,fair  market  value  as shown in the schedule of values of  the  provincial or city  assessor  and  (2) the gross,,fair  market  value  as shown in the schedule of values of  the  provincial or city  assessor  and  (2) the gross,2.0,"RDO No. 80 - Mandaue City, Cebu.xls", Sheet 11 (DO 23-2022)
19,selling price/consideration as shown in the duly notarized document of sale or transfer of real property.,,selling price/consideration as shown in the duly notarized document of sale or transfer of real property.,,"RDO No. 80 - Mandaue City, Cebu.xls", Sheet 11 (DO 23-2022)
20,,,,,"RDO No. 80 - Mandaue City, Cebu.xls", Sheet 11 (DO 23-2022)
21,This Order shall take effect immediately.,,This Order shall take effect immediately.,,"RDO No. 80 - Mandaue City, Cebu.xls", Sheet 11 (DO 23-2022)
22,,,,,"RDO No. 80 - Mandaue City, Cebu.xls", Sheet 11 (DO 23-2022)
23,,,,,"RDO No. 80 - Mandaue City, Cebu.xls", Sheet 11 (DO 23-2022)
24,,,,,"RDO No. 80 - Mandaue City, Cebu.xls", Sheet 11 (DO 23-2022)
25,,,,,"RDO No. 80 - Mandaue City, Cebu.xls", Sheet 11 (DO 23-2022)
26,RECOMMENDED BY:,,RECOMMENDED BY:,,"RDO No. 80 - Mandaue City, Cebu.xls", Sheet 11 (DO 23-2022)
27,,,,,"RDO No. 80 - Mandaue City, Cebu.xls", Sheet 11 (DO 23-2022)
28,(original signed),,(original signed),,"RDO No. 80 - Mandaue City, Cebu.xls", Sheet 11 (DO 23-2022)
29,CAESAR R. DULAY,,CAESAR R. DULAY,,"RDO No. 80 - Mandaue City, Cebu.xls", Sheet 11 (DO 23-2022)
30,Commissioner of Internal Revenue,,Commissioner of Internal Revenue,,"RDO No. 80 - Mandaue City, Cebu.xls", Sheet 11 (DO 23-2022)
31,,,,,"RDO No. 80 - Mandaue City, Cebu.xls", Sheet 11 (DO 23-2022)
32,By:,,By:,,"RDO No. 80 - Mandaue City, Cebu.xls", Sheet 11 (DO 23-2022)
33,(original signed),,(original signed),,"RDO No. 80 - Mandaue City, Cebu.xls", Sheet 11 (DO 23-2022)
34,MARISSA O. CAREROS,,MARISSA O. CAREROS,,"RDO No. 80 - Mandaue City, Cebu.xls", Sheet 11 (DO 23-2022)
35,"Deputy Commissioner, Legal Group, Officer-in-Charge",,"Deputy Commissioner, Legal Group, Officer-in-Charge",,"RDO No. 80 - Mandaue City, Cebu.xls", Sheet 11 (DO 23-2022)
36,,,,,"RDO No. 80 - Mandaue City, Cebu.xls", Sheet 11 (DO 23-2022)
37,,,,,"RDO No. 80 - Mandaue City, Cebu.xls", Sheet 11 (DO 23-2022)
38,DEFINITION OF TERMS,,DEFINITION OF TERMS,,"RDO No. 80 - Mandaue City, Cebu.xls", Sheet 11 (DO 23-2022)
39,RESIDENTIAL,,RESIDENTIAL,,"RDO No. 80 - Mandaue City, Cebu.xls", Sheet 11 (DO 23-2022)
40,COMMERCIAL,,COMMERCIAL,,"RDO No. 80 - Mandaue City, Cebu.xls", Sheet 11 (DO 23-2022)
41,,,,,"RDO No. 80 - Mandaue City, Cebu.xls", Sheet 11 (DO 23-2022)
42,INDUSTRIAL,,INDUSTRIAL,,"RDO No. 80 - Mandaue City, Cebu.xls", Sheet 11 (DO 23-2022)
43,AGRICULTURAL,,AGRICULTURAL,,"RDO No. 80 - Mandaue City, Cebu.xls", Sheet 11 (DO 23-2022)
44,,,,,"RDO No. 80 - Mandaue City, Cebu.xls", Sheet 11 (DO 23-2022)
45,,,,,"RDO No. 80 - Mandaue City, Cebu.xls", Sheet 11 (DO 23-2022)
46,,,,,"RDO No. 80 - Mandaue City, Cebu.xls", Sheet 11 (DO 23-2022)
47,GENERAL PURPOSE,,GENERAL PURPOSE,,"RDO No. 80 - Mandaue City, Cebu.xls", Sheet 11 (DO 23-2022)
48,,,,,"RDO No. 80 - Mandaue City, Cebu.xls", Sheet 11 (DO 23-2022)
49,,,,,"RDO No. 80 - Mandaue City, Cebu.xls", Sheet 11 (DO 23-2022)
50,,,,,"RDO No. 80 - Mandaue City, Cebu.xls", Sheet 11 (DO 23-2022)
51,CONDOMINIUM,,CONDOMINIUM,,"RDO No. 80 - Mandaue City, Cebu.xls", Sheet 11 (DO 23-2022)
52,,,,,"RDO No. 80 - Mandaue City, Cebu.xls", Sheet 11 (DO 23-2022)
53,,,,,"RDO No. 80 - Mandaue City, Cebu.xls", Sheet 11 (DO 23-2022)
54,,,,,"RDO No. 80 - Mandaue City, Cebu.xls", Sheet 11 (DO 23-2022)
55,,,,,"RDO No. 80 - Mandaue City, Cebu.xls", Sheet 11 (DO 23-2022)
56,,,,,"RDO No. 80 - Mandaue City, Cebu.xls", Sheet 11 (DO 23-2022)
57,VICINITY,,VICINITY,,"RDO No. 80 - Mandaue City, Cebu.xls", Sheet 11 (DO 23-2022)
58,,,,,"RDO No. 80 - Mandaue City, Cebu.xls", Sheet 11 (DO 23-2022)
59,,,,,"RDO No. 80 - Mandaue City, Cebu.xls", Sheet 11 (DO 23-2022)
60,,,,,"RDO No. 80 - Mandaue City, Cebu.xls", Sheet 11 (DO 23-2022)
61,CLASSIFICATION LEGEND:,,CLASSIFICATION LEGEND:,,"RDO No. 80 - Mandaue City, Cebu.xls", Sheet 11 (DO 23-2022)
62,CODE              CLASSIFICATION,,CODE              CLASSIFICATION,,"RDO No. 80 - Mandaue City, Cebu.xls", Sheet 11 (DO 23-2022)
63,RR                     Residential Regular,,RR                     Residential Regular,,"RDO No. 80 - Mandaue City, Cebu.xls", Sheet 11 (DO 23-2022)
64,CR                     Comemrcial Regular,,CR                     Comemrcial Regular,,"RDO No. 80 - Mandaue City, Cebu.xls", Sheet 11 (DO 23-2022)
65,RC                     Residential Condominium,,RC                     Residential Condominium,,"RDO No. 80 - Mandaue City, Cebu.xls", Sheet 11 (DO 23-2022)
66,CC                     Commercial Condominium,,CC                     Commercial Condominium,,"RDO No. 80 - Mandaue City, Cebu.xls", Sheet 11 (DO 23-2022)
67,CL                     Cemetery Lot,,CL                     Cemetery Lot,,"RDO No. 80 - Mandaue City, Cebu.xls", Sheet 11 (DO 23-2022)
68,A                       Agricultural,,A                       Agricultural,,"RDO No. 80 - Mandaue City, Cebu.xls", Sheet 11 (DO 23-2022)
69,AGRICULTURAL LANDS,,AGRICULTURAL LANDS,,"RDO No. 80 - Mandaue City, Cebu.xls", Sheet 11 (DO 23-2022)
70,A1    Riceland Irrigated,,A1    Riceland Irrigated,1.0,"RDO No. 80 - Mandaue City, Cebu.xls", Sheet 11 (DO 23-2022)
71,A2    Riceland Unirrigated,,A2    Riceland Unirrigated,2.0,"RDO No. 80 - Mandaue City, Cebu.xls", Sheet 11 (DO 23-2022)
72,A3    Upland,,A3    Upland,3.0,"RDO No. 80 - Mandaue City, Cebu.xls", Sheet 11 (DO 23-2022)
73,A4    Coco Land,,A4    Coco Land,4.0,"RDO No. 80 - Mandaue City, Cebu.xls", Sheet 11 (DO 23-2022)
74,A5    Citrus Land,,A5    Citrus Land,5.0,"RDO No. 80 - Mandaue City, Cebu.xls", Sheet 11 (DO 23-2022)
75,A6    Fishpond,,A6    Fishpond,6.0,"RDO No. 80 - Mandaue City, Cebu.xls", Sheet 11 (DO 23-2022)
76,A7    Swamp,,A7    Swamp,7.0,"RDO No. 80 - Mandaue City, Cebu.xls", Sheet 11 (DO 23-2022)
77,A8    Nipa Land,,A8    Nipa Land,8.0,"RDO No. 80 - Mandaue City, Cebu.xls", Sheet 11 (DO 23-2022)
78,A9    Cotton Land,,A9    Cotton Land,9.0,"RDO No. 80 - Mandaue City, Cebu.xls", Sheet 11 (DO 23-2022)
79,A10  Cogon,,A10  Cogon,10.0,"RDO No. 80 - Mandaue City, Cebu.xls", Sheet 11 (DO 23-2022)
80,A11  Abaca Land,,A11  Abaca Land,11.0,"RDO No. 80 - Mandaue City, Cebu.xls", Sheet 11 (DO 23-2022)
81,A12  Orchard,,A12  Orchard,12.0,"RDO No. 80 - Mandaue City, Cebu.xls", Sheet 11 (DO 23-2022)
82,A13  Pineapple Land,,A13  Pineapple Land,13.0,"RDO No. 80 - Mandaue City, Cebu.xls", Sheet 11 (DO 23-2022)
83,A14  Banana Land,,A14  Banana Land,14.0,"RDO No. 80 - Mandaue City, Cebu.xls", Sheet 11 (DO 23-2022)
84,A15  Pasture Land,,A15  Pasture Land,15.0,"RDO No. 80 - Mandaue City, Cebu.xls", Sheet 11 (DO 23-2022)
85,A16  Corn Land,,A16  Corn Land,16.0,"RDO No. 80 - Mandaue City, Cebu.xls", Sheet 11 (DO 23-2022)
86,A17  Sugar Land,,A17  Sugar Land,17.0,"RDO No. 80 - Mandaue City, Cebu.xls", Sheet 11 (DO 23-2022)
87,A18  Tobacco Land,,A18  Tobacco Land,18.0,"RDO No. 80 - Mandaue City, Cebu.xls", Sheet 11 (DO 23-2022)
88,A19  Cacao,,A19  Cacao,19.0,"RDO No. 80 - Mandaue City, Cebu.xls", Sheet 11 (DO 23-2022)
89,A20  Lanzones,,A20  Lanzones,20.0,"RDO No. 80 - Mandaue City, Cebu.xls", Sheet 11 (DO 23-2022)
90,A21  Durian,,A21  Durian,21.0,"RDO No. 80 - Mandaue City, Cebu.xls", Sheet 11 (DO 23-2022)
91,A22  Rambutan,,A22  Rambutan,22.0,"RDO No. 80 - Mandaue City, Cebu.xls", Sheet 11 (DO 23-2022)
92,A23  Mango,,A23  Mango,23.0,"RDO No. 80 - Mandaue City, Cebu.xls", Sheet 11 (DO 23-2022)
93,A24  Mangrove,,A24  Mangrove,24.0,"RDO No. 80 - Mandaue City, Cebu.xls", Sheet 11 (DO 23-2022)
94,A25  Camote/Cassava,,A25  Camote/Cassava,25.0,"RDO No. 80 - Mandaue City, Cebu.xls", Sheet 11 (DO 23-2022)
95,,,,,"RDO No. 80 - Mandaue City, Cebu.xls", Sheet 11 (DO 23-2022)
96,SCHEDULE OF RECOMMENDED ZONAL VALUES OF REAL PROPERTIES,,SCHEDULE OF RECOMMENDED ZONAL VALUES OF REAL PROPERTIES,,"RDO No. 80 - Mandaue City, Cebu.xls", Sheet 11 (DO 23-2022)
97,Revenue Region No. 13 - Cebu City,,Revenue Region No. 13 - Cebu City,,"RDO No. 80 - Mandaue City, Cebu.xls", Sheet 11 (DO 23-2022)
98,"Revenue District Office No. 080 - Mandaue City, Cebu",,"Revenue District Office No. 080 - Mandaue City, Cebu",,"RDO No. 80 - Mandaue City, Cebu.xls", Sheet 11 (DO 23-2022)
99,,,,,"RDO No. 80 - Mandaue City, Cebu.xls", Sheet 11 (DO 23-2022)
100,Province,,Province,,"RDO No. 80 - Mandaue City, Cebu.xls", Sheet 11 (DO 23-2022)
101,City/Municipality,,City/Municipality,,"RDO No. 80 - Mandaue City, Cebu.xls", Sheet 11 (DO 23-2022)
102,Zone/Barangay,,Zone/Barangay,,"RDO No. 80 - Mandaue City, Cebu.xls", Sheet 11 (DO 23-2022)
103,,,,,"RDO No. 80 - Mandaue City, Cebu.xls", Sheet 11 (DO 23-2022)
104,STREET NAME / SUBDIVISION / CONDOMINIUM,,STREET NAME / SUBDIVISION / CONDOMINIUM,,"RDO No. 80 - Mandaue City, Cebu.xls", Sheet 11 (DO 23-2022)
105,A C CORTES AVE,,A C CORTES AVE,,"RDO No. 80 - Mandaue City, Cebu.xls", Sheet 11 (DO 23-2022)
106,,,,,"RDO No. 80 - Mandaue City, Cebu.xls", Sheet 11 (DO 23-2022)
107,,,,,"RDO No. 80 - Mandaue City, Cebu.xls", Sheet 11 (DO 23-2022)
108,,,,,"RDO No. 80 - Mandaue City, Cebu.xls", Sheet 11 (DO 23-2022)
109,P. BURGOS STREET,,P. BURGOS STREET,,"RDO No. 80 - Mandaue City, Cebu.xls", Sheet 11 (DO 23-2022)
110,,,,,"RDO No. 80 - Mandaue City, Cebu.xls", Sheet 11 (DO 23-2022)
111,,,,,"RDO No. 80 - Mandaue City, Cebu.xls", Sheet 11 (DO 23-2022)
112,,,,,"RDO No. 80 - Mandaue City, Cebu.xls", Sheet 11 (DO 23-2022)
113,F. MENDOZA ST.,,F. MENDOZA ST.,,"RDO No. 80 - Mandaue City, Cebu.xls", Sheet 11 (DO 23-2022)
114,,,,,"RDO No. 80 - Mandaue City, Cebu.xls", Sheet 11 (DO 23-2022)
115,,,,,"RDO No. 80 - Mandaue City, Cebu.xls", Sheet 11 (DO 23-2022)
116,,,,,"RDO No. 80 - Mandaue City, Cebu.xls", Sheet 11 (DO 23-2022)
117,J. BRIONES ST. (formerly Plaridel St.),,J. BRIONES ST. (formerly Plaridel St.),,"RDO No. 80 - Mandaue City, Cebu.xls", Sheet 11 (DO 23-2022)
118,,,,,"RDO No. 80 - Mandaue City, Cebu.xls", Sheet 11 (DO 23-2022)
119,,,,,"RDO No. 80 - Mandaue City, Cebu.xls", Sheet 11 (DO 23-2022)
120,,,,,"RDO No. 80 - Mandaue City, Cebu.xls", Sheet 11 (DO 23-2022)
121,S. OUANO ST (formerly G.  OUANO STREET),,S. OUANO ST (formerly G.  OUANO STREET),,"RDO No. 80 - Mandaue City, Cebu.xls", Sheet 11 (DO 23-2022)
122,,,,,"RDO No. 80 - Mandaue City, Cebu.xls", Sheet 11 (DO 23-2022)
123,,,,,"RDO No. 80 - Mandaue City, Cebu.xls", Sheet 11 (DO 23-2022)
124,,,,,"RDO No. 80 - Mandaue City, Cebu.xls", Sheet 11 (DO 23-2022)
125,R. COLINA ST (formerly LIBERTAD STREET),,R. COLINA ST (formerly LIBERTAD STREET),,"RDO No. 80 - Mandaue City, Cebu.xls", Sheet 11 (DO 23-2022)
126,,,,,"RDO No. 80 - Mandaue City, Cebu.xls", Sheet 11 (DO 23-2022)
127,,,,,"RDO No. 80 - Mandaue City, Cebu.xls", Sheet 11 (DO 23-2022)
128,,,,,"RDO No. 80 - Mandaue City, Cebu.xls", Sheet 11 (DO 23-2022)
129,PLARIDEL STREET,,PLARIDEL STREET,,"RDO No. 80 - Mandaue City, Cebu.xls", Sheet 11 (DO 23-2022)
130,,,,,"RDO No. 80 - Mandaue City, Cebu.xls", Sheet 11 (DO 23-2022)
131,,,,,"RDO No. 80 - Mandaue City, Cebu.xls", Sheet 11 (DO 23-2022)
132,,,,,"RDO No. 80 - Mandaue City, Cebu.xls", Sheet 11 (DO 23-2022)
133,M. FERNAN ST. (U.N. AVENUE),,M. FERNAN ST. (U.N. AVENUE),,"RDO No. 80 - Mandaue City, Cebu.xls", Sheet 11 (DO 23-2022)
134,,,,,"RDO No. 80 - Mandaue City, Cebu.xls", Sheet 11 (DO 23-2022)
135,,,,,"RDO No. 80 - Mandaue City, Cebu.xls", Sheet 11 (DO 23-2022)
136,SANCHEZ STREET,,SANCHEZ STREET,,"RDO No. 80 - Mandaue City, Cebu.xls", Sheet 11 (DO 23-2022)
137,,,,,"RDO No. 80 - Mandaue City, Cebu.xls", Sheet 11 (DO 23-2022)
138,,,,,"RDO No. 80 - Mandaue City, Cebu.xls", Sheet 11 (DO 23-2022)
139,,,,,"RDO No. 80 - Mandaue City, Cebu.xls", Sheet 11 (DO 23-2022)
140,SITIO LIONG,,SITIO LIONG,,"RDO No. 80 - Mandaue City, Cebu.xls", Sheet 11 (DO 23-2022)
141,,,,,"RDO No. 80 - Mandaue City, Cebu.xls", Sheet 11 (DO 23-2022)
142,,,,,"RDO No. 80 - Mandaue City, Cebu.xls", Sheet 11 (DO 23-2022)
143,,,,,"RDO No. 80 - Mandaue City, Cebu.xls", Sheet 11 (DO 23-2022)
144,MARCIANO QUEZON (formerly P. BURGOS STREET),,MARCIANO QUEZON (formerly P. BURGOS STREET),,"RDO No. 80 - Mandaue City, Cebu.xls", Sheet 11 (DO 23-2022)
145,,,,,"RDO No. 80 - Mandaue City, Cebu.xls", Sheet 11 (DO 23-2022)
146,,,,,"RDO No. 80 - Mandaue City, Cebu.xls", Sheet 11 (DO 23-2022)
147,,,,,"RDO No. 80 - Mandaue City, Cebu.xls", Sheet 11 (DO 23-2022)
148,ALL OTHERS STREETS,,ALL OTHERS STREETS,,"RDO No. 80 - Mandaue City, Cebu.xls", Sheet 11 (DO 23-2022)
149,,,,,"RDO No. 80 - Mandaue City, Cebu.xls", Sheet 11 (DO 23-2022)
150,,,,,"RDO No. 80 - Mandaue City, Cebu.xls", Sheet 11 (DO 23-2022)
151,,,,,"RDO No. 80 - Mandaue City, Cebu.xls", Sheet 11 (DO 23-2022)
152,SILVER SEA SUBDIVISION,,SILVER SEA SUBDIVISION,,"RDO No. 80 - Mandaue City, Cebu.xls", Sheet 11 (DO 23-2022)
153,ALL OTHER SUBDIVISIONS,,ALL OTHER SUBDIVISIONS,,"RDO No. 80 - Mandaue City, Cebu.xls", Sheet 11 (DO 23-2022)
154,AMAIA STEPS,,AMAIA STEPS,,"RDO No. 80 - Mandaue City, Cebu.xls", Sheet 11 (DO 23-2022)
155,,,,,"RDO No. 80 - Mandaue City, Cebu.xls", Sheet 11 (DO 23-2022)
156,,,,,"RDO No. 80 - Mandaue City, Cebu.xls", Sheet 11 (DO 23-2022)
157,CASA MIRA TOWERS,,CASA MIRA TOWERS,,"RDO No. 80 - Mandaue City, Cebu.xls", Sheet 11 (DO 23-2022)
158,ALL OTHER CONDOMINIUMS,,ALL OTHER CONDOMINIUMS,,"RDO No. 80 - Mandaue City, Cebu.xls", Sheet 11 (DO 23-2022)
159,,,,,"RDO No. 80 - Mandaue City, Cebu.xls", Sheet 11 (DO 23-2022)
160,,,,,"RDO No. 80 - Mandaue City, Cebu.xls", Sheet 11 (DO 23-2022)
161,NOTE: *Residential Zonal Valuation on roads along the National Road and Highly Commercialized Roads are recommended,,NOTE: *Residential Zonal Valuation on roads along the National Road and Highly Commercialized Roads are recommended,,"RDO No. 80 - Mandaue City, Cebu.xls", Sheet 11 (DO 23-2022)
162,for deletion since these lots' intended purpose/zoning are for commercial uses.,,for deletion since these lots' intended purpose/zoning are for commercial uses.,,"RDO No. 80 - Mandaue City, Cebu.xls", Sheet 11 (DO 23-2022)
163,** New Condominium,,** New Condominium,,"RDO No. 80 - Mandaue City, Cebu.xls", Sheet 11 (DO 23-2022)
164,,,,,"RDO No. 80 - Mandaue City, Cebu.xls", Sheet 11 (DO 23-2022)
165,Province,,Province,,"RDO No. 80 - Mandaue City, Cebu.xls", Sheet 11 (DO 23-2022)
166,City/Municipality,,City/Municipality,,"RDO No. 80 - Mandaue City, Cebu.xls", Sheet 11 (DO 23-2022)
167,Zone/Barangay,,Zone/Barangay,,"RDO No. 80 - Mandaue City, Cebu.xls", Sheet 11 (DO 23-2022)
168,,,,,"RDO No. 80 - Mandaue City, Cebu.xls", Sheet 11 (DO 23-2022)
169,STREET NAME / SUBDIVISION / CONDOMINIUM,,STREET NAME / SUBDIVISION / CONDOMINIUM,,"RDO No. 80 - Mandaue City, Cebu.xls", Sheet 11 (DO 23-2022)
170,A.S. FORTUNA ST (formerly BAKILID-BANILAD ROAD),,A.S. FORTUNA ST (formerly BAKILID-BANILAD ROAD),,"RDO No. 80 - Mandaue City, Cebu.xls", Sheet 11 (DO 23-2022)
171,,,,,"RDO No. 80 - Mandaue City, Cebu.xls", Sheet 11 (DO 23-2022)
172,,,,,"RDO No. 80 - Mandaue City, Cebu.xls", Sheet 11 (DO 23-2022)
173,,,,,"RDO No. 80 - Mandaue City, Cebu.xls", Sheet 11 (DO 23-2022)
174,BAKILID BARRIO ROAD,,BAKILID BARRIO ROAD,,"RDO No. 80 - Mandaue City, Cebu.xls", Sheet 11 (DO 23-2022)
175,,,,,"RDO No. 80 - Mandaue City, Cebu.xls", Sheet 11 (DO 23-2022)
176,,,,,"RDO No. 80 - Mandaue City, Cebu.xls", Sheet 11 (DO 23-2022)
177,,,,,"RDO No. 80 - Mandaue City, Cebu.xls", Sheet 11 (DO 23-2022)
178,ALL OTHER STREETS,,ALL OTHER STREETS,,"RDO No. 80 - Mandaue City, Cebu.xls", Sheet 11 (DO 23-2022)
179,,,,,"RDO No. 80 - Mandaue City, Cebu.xls", Sheet 11 (DO 23-2022)
180,,,,,"RDO No. 80 - Mandaue City, Cebu.xls", Sheet 11 (DO 23-2022)
181,,,,,"RDO No. 80 - Mandaue City, Cebu.xls", Sheet 11 (DO 23-2022)
182,M.C BRIONES (CEBU NORTH ROAD-HIGHWAY),,M.C BRIONES (CEBU NORTH ROAD-HIGHWAY),,"RDO No. 80 - Mandaue City, Cebu.xls", Sheet 11 (DO 23-2022)
183,,,,,"RDO No. 80 - Mandaue City, Cebu.xls", Sheet 11 (DO 23-2022)
184,,,,,"RDO No. 80 - Mandaue City, Cebu.xls", Sheet 11 (DO 23-2022)
185,,,,,"RDO No. 80 - Mandaue City, Cebu.xls", Sheet 11 (DO 23-2022)
186,L. JAYME ST.,,L. JAYME ST.,,"RDO No. 80 - Mandaue City, Cebu.xls", Sheet 11 (DO 23-2022)
187,,,,,"RDO No. 80 - Mandaue City, Cebu.xls", Sheet 11 (DO 23-2022)
188,,,,,"RDO No. 80 - Mandaue City, Cebu.xls", Sheet 11 (DO 23-2022)
189,,,,,"RDO No. 80 - Mandaue City, Cebu.xls", Sheet 11 (DO 23-2022)
190,L. JAYME ST.,,L. JAYME ST.,,"RDO No. 80 - Mandaue City, Cebu.xls", Sheet 11 (DO 23-2022)
191,,,,,"RDO No. 80 - Mandaue City, Cebu.xls", Sheet 11 (DO 23-2022)
192,,,,,"RDO No. 80 - Mandaue City, Cebu.xls", Sheet 11 (DO 23-2022)
193,,,,,"RDO No. 80 - Mandaue City, Cebu.xls", Sheet 11 (DO 23-2022)
194,V. ALBAÑO ST.,,V. ALBAÑO ST.,,"RDO No. 80 - Mandaue City, Cebu.xls", Sheet 11 (DO 23-2022)
195,,,,,"RDO No. 80 - Mandaue City, Cebu.xls", Sheet 11 (DO 23-2022)
196,,,,,"RDO No. 80 - Mandaue City, Cebu.xls", Sheet 11 (DO 23-2022)
197,,,,,"RDO No. 80 - Mandaue City, Cebu.xls", Sheet 11 (DO 23-2022)
198,ANCIETO SENO ST.,,ANCIETO SENO ST.,,"RDO No. 80 - Mandaue City, Cebu.xls", Sheet 11 (DO 23-2022)
199,,,,,"RDO No. 80 - Mandaue City, Cebu.xls", Sheet 11 (DO 23-2022)
200,,,,,"RDO No. 80 - Mandaue City, Cebu.xls", Sheet 11 (DO 23-2022)
201,,,,,"RDO No. 80 - Mandaue City, Cebu.xls", Sheet 11 (DO 23-2022)
202,BAKILID-CASUNTINGAN ROAD,,BAKILID-CASUNTINGAN ROAD,,"RDO No. 80 - Mandaue City, Cebu.xls", Sheet 11 (DO 23-2022)
203,,,,,"RDO No. 80 - Mandaue City, Cebu.xls", Sheet 11 (DO 23-2022)
204,,,,,"RDO No. 80 - Mandaue City, Cebu.xls", Sheet 11 (DO 23-2022)
205,,,,,"RDO No. 80 - Mandaue City, Cebu.xls", Sheet 11 (DO 23-2022)
206,E.V. ESPINA ST. / SACRIS ROAD,,E.V. ESPINA ST. / SACRIS ROAD,,"RDO No. 80 - Mandaue City, Cebu.xls", Sheet 11 (DO 23-2022)
207,,,,,"RDO No. 80 - Mandaue City, Cebu.xls", Sheet 11 (DO 23-2022)
208,,,,,"RDO No. 80 - Mandaue City, Cebu.xls", Sheet 11 (DO 23-2022)
209,,,,,"RDO No. 80 - Mandaue City, Cebu.xls", Sheet 11 (DO 23-2022)
210,ALBAÑO SUBDIVISION,,ALBAÑO SUBDIVISION,,"RDO No. 80 - Mandaue City, Cebu.xls", Sheet 11 (DO 23-2022)
211,TYKA HOMES,,TYKA HOMES,,"RDO No. 80 - Mandaue City, Cebu.xls", Sheet 11 (DO 23-2022)
212,RAINBOW HOUSING,,RAINBOW HOUSING,,"RDO No. 80 - Mandaue City, Cebu.xls", Sheet 11 (DO 23-2022)
213,ALL OTHER SUBDIVISIONS,,ALL OTHER SUBDIVISIONS,,"RDO No. 80 - Mandaue City, Cebu.xls", Sheet 11 (DO 23-2022)
214,J TOWER RESIDENCES,,J TOWER RESIDENCES,,"RDO No. 80 - Mandaue City, Cebu.xls", Sheet 11 (DO 23-2022)
215,,,,,"RDO No. 80 - Mandaue City, Cebu.xls", Sheet 11 (DO 23-2022)
216,,,,,"RDO No. 80 - Mandaue City, Cebu.xls", Sheet 11 (DO 23-2022)
217,NOTE:  * Reconstituted road / street,,NOTE:  * Reconstituted road / street,,"RDO No. 80 - Mandaue City, Cebu.xls", Sheet 11 (DO 23-2022)
218,** New Condominium,,** New Condominium,,"RDO No. 80 - Mandaue City, Cebu.xls", Sheet 11 (DO 23-2022)
219,,,,,"RDO No. 80 - Mandaue City, Cebu.xls", Sheet 11 (DO 23-2022)
220,Province,,Province,,"RDO No. 80 - Mandaue City, Cebu.xls", Sheet 11 (DO 23-2022)
221,City/Municipality,,City/Municipality,,"RDO No. 80 - Mandaue City, Cebu.xls", Sheet 11 (DO 23-2022)
222,Zone/Barangay,,Zone/Barangay,,"RDO No. 80 - Mandaue City, Cebu.xls", Sheet 11 (DO 23-2022)
223,,,,,"RDO No. 80 - Mandaue City, Cebu.xls", Sheet 11 (DO 23-2022)
224,STREET NAME / SUBDIVISION / CONDOMINIUM,,STREET NAME / SUBDIVISION / CONDOMINIUM,,"RDO No. 80 - Mandaue City, Cebu.xls", Sheet 11 (DO 23-2022)
225,ANACLETO SENO STREET,,ANACLETO SENO STREET,,"RDO No. 80 - Mandaue City, Cebu.xls", Sheet 11 (DO 23-2022)
226,,,,,"RDO No. 80 - Mandaue City, Cebu.xls", Sheet 11 (DO 23-2022)
227,,,,,"RDO No. 80 - Mandaue City, Cebu.xls", Sheet 11 (DO 23-2022)
228,,,,,"RDO No. 80 - Mandaue City, Cebu.xls", Sheet 11 (DO 23-2022)
229,A S FORTUNA STREET,,A S FORTUNA STREET,,"RDO No. 80 - Mandaue City, Cebu.xls", Sheet 11 (DO 23-2022)
230,,,,,"RDO No. 80 - Mandaue City, Cebu.xls", Sheet 11 (DO 23-2022)
231,,,,,"RDO No. 80 - Mandaue City, Cebu.xls", Sheet 11 (DO 23-2022)
232,,,,,"RDO No. 80 - Mandaue City, Cebu.xls", Sheet 11 (DO 23-2022)
233,ELIAS ESPINA STREET,,ELIAS ESPINA STREET,,"RDO No. 80 - Mandaue City, Cebu.xls", Sheet 11 (DO 23-2022)
234,,,,,"RDO No. 80 - Mandaue City, Cebu.xls", Sheet 11 (DO 23-2022)
235,,,,,"RDO No. 80 - Mandaue City, Cebu.xls", Sheet 11 (DO 23-2022)
236,,,,,"RDO No. 80 - Mandaue City, Cebu.xls", Sheet 11 (DO 23-2022)
237,H. CORTES STREET,,H. CORTES STREET,,"RDO No. 80 - Mandaue City, Cebu.xls", Sheet 11 (DO 23-2022)
238,,,,,"RDO No. 80 - Mandaue City, Cebu.xls", Sheet 11 (DO 23-2022)
239,,,,,"RDO No. 80 - Mandaue City, Cebu.xls", Sheet 11 (DO 23-2022)
240,,,,,"RDO No. 80 - Mandaue City, Cebu.xls", Sheet 11 (DO 23-2022)
241,M L QUEZON STREET,,M L QUEZON STREET,,"RDO No. 80 - Mandaue City, Cebu.xls", Sheet 11 (DO 23-2022)
242,,,,,"RDO No. 80 - Mandaue City, Cebu.xls", Sheet 11 (DO 23-2022)
243,,,,,"RDO No. 80 - Mandaue City, Cebu.xls", Sheet 11 (DO 23-2022)
244,,,,,"RDO No. 80 - Mandaue City, Cebu.xls", Sheet 11 (DO 23-2022)
245,P. REMEDIO STREET,,P. REMEDIO STREET,,"RDO No. 80 - Mandaue City, Cebu.xls", Sheet 11 (DO 23-2022)
246,,,,,"RDO No. 80 - Mandaue City, Cebu.xls", Sheet 11 (DO 23-2022)
247,,,,,"RDO No. 80 - Mandaue City, Cebu.xls", Sheet 11 (DO 23-2022)
248,,,,,"RDO No. 80 - Mandaue City, Cebu.xls", Sheet 11 (DO 23-2022)
249,"TALAMBAN ACCESS, ADJACENT TO STO. NIÑO VILLAGE",,"TALAMBAN ACCESS, ADJACENT TO STO. NIÑO VILLAGE",,"RDO No. 80 - Mandaue City, Cebu.xls", Sheet 11 (DO 23-2022)
250,,,,,"RDO No. 80 - Mandaue City, Cebu.xls", Sheet 11 (DO 23-2022)
251,STO NINO VILLAGE,,STO NINO VILLAGE,,"RDO No. 80 - Mandaue City, Cebu.xls", Sheet 11 (DO 23-2022)
252,HOLY FAMILY VILLAGE,,HOLY FAMILY VILLAGE,,"RDO No. 80 - Mandaue City, Cebu.xls", Sheet 11 (DO 23-2022)
253,EL DORADO SUBD.,,EL DORADO SUBD.,,"RDO No. 80 - Mandaue City, Cebu.xls", Sheet 11 (DO 23-2022)
254,LORD OF MERCY SUBD.,,LORD OF MERCY SUBD.,,"RDO No. 80 - Mandaue City, Cebu.xls", Sheet 11 (DO 23-2022)
255,GREEN PLAINS SUBD,,GREEN PLAINS SUBD,,"RDO No. 80 - Mandaue City, Cebu.xls", Sheet 11 (DO 23-2022)
256,MANGO GREEN SUBD.,,MANGO GREEN SUBD.,,"RDO No. 80 - Mandaue City, Cebu.xls", Sheet 11 (DO 23-2022)
257,ST. MARTIN SUBD.,,ST. MARTIN SUBD.,,"RDO No. 80 - Mandaue City, Cebu.xls", Sheet 11 (DO 23-2022)
258,ALBANO SUBD.,,ALBANO SUBD.,,"RDO No. 80 - Mandaue City, Cebu.xls", Sheet 11 (DO 23-2022)
259,FLORIMER SUBD.,,FLORIMER SUBD.,,"RDO No. 80 - Mandaue City, Cebu.xls", Sheet 11 (DO 23-2022)
260,HIDDEN HOMES,,HIDDEN HOMES,,"RDO No. 80 - Mandaue City, Cebu.xls", Sheet 11 (DO 23-2022)
261,SOLI GRANDE CONDOMIMIUM,,SOLI GRANDE CONDOMIMIUM,,"RDO No. 80 - Mandaue City, Cebu.xls", Sheet 11 (DO 23-2022)
262,,,,,"RDO No. 80 - Mandaue City, Cebu.xls", Sheet 11 (DO 23-2022)
263,MIDPOINT RESIDENCES,,MIDPOINT RESIDENCES,,"RDO No. 80 - Mandaue City, Cebu.xls", Sheet 11 (DO 23-2022)
264,,,,,"RDO No. 80 - Mandaue City, Cebu.xls", Sheet 11 (DO 23-2022)
265,MIDORI RESIDENCES,,MIDORI RESIDENCES,,"RDO No. 80 - Mandaue City, Cebu.xls", Sheet 11 (DO 23-2022)
266,,,,,"RDO No. 80 - Mandaue City, Cebu.xls", Sheet 11 (DO 23-2022)
267,ALL OTHER CONDOMINIUMS,,ALL OTHER CONDOMINIUMS,,"RDO No. 80 - Mandaue City, Cebu.xls", Sheet 11 (DO 23-2022)
268,CHATSWOOD RESIDENCES,,CHATSWOOD RESIDENCES,,"RDO No. 80 - Mandaue City, Cebu.xls", Sheet 11 (DO 23-2022)
269,NOTES: *** M L Quezon Street does not exist in Barangay Banilad as per Representative DHSUD.  This street is located in the,,NOTES: *** M L Quezon Street does not exist in Barangay Banilad as per Representative DHSUD.  This street is located in the,,"RDO No. 80 - Mandaue City, Cebu.xls", Sheet 11 (DO 23-2022)
270,"Barangays of Cabancalan, Casuntingan and Maguikay only.",,"Barangays of Cabancalan, Casuntingan and Maguikay only.",,"RDO No. 80 - Mandaue City, Cebu.xls", Sheet 11 (DO 23-2022)
271,*  New Condominium,,*  New Condominium,,"RDO No. 80 - Mandaue City, Cebu.xls", Sheet 11 (DO 23-2022)
272,,,,,"RDO No. 80 - Mandaue City, Cebu.xls", Sheet 11 (DO 23-2022)
273,Province,,Province,,"RDO No. 80 - Mandaue City, Cebu.xls", Sheet 11 (DO 23-2022)
274,City/Municipality,,City/Municipality,,"RDO No. 80 - Mandaue City, Cebu.xls", Sheet 11 (DO 23-2022)
275,Zone/Barangay,,Zone/Barangay,,"RDO No. 80 - Mandaue City, Cebu.xls", Sheet 11 (DO 23-2022)
276,,,,,"RDO No. 80 - Mandaue City, Cebu.xls", Sheet 11 (DO 23-2022)
277,STREET NAME / SUBDIVISION / CONDOMINIUM,,STREET NAME / SUBDIVISION / CONDOMINIUM,,"RDO No. 80 - Mandaue City, Cebu.xls", Sheet 11 (DO 23-2022)
278,BASAK-DUNGOAN ROAD,,BASAK-DUNGOAN ROAD,,"RDO No. 80 - Mandaue City, Cebu.xls", Sheet 11 (DO 23-2022)
279,,,,,"RDO No. 80 - Mandaue City, Cebu.xls", Sheet 11 (DO 23-2022)
280,,,,,"RDO No. 80 - Mandaue City, Cebu.xls", Sheet 11 (DO 23-2022)
281,,,,,"RDO No. 80 - Mandaue City, Cebu.xls", Sheet 11 (DO 23-2022)
282,BASAK-PAGSABUNGAN ROAD,,BASAK-PAGSABUNGAN ROAD,,"RDO No. 80 - Mandaue City, Cebu.xls", Sheet 11 (DO 23-2022)
283,,,,,"RDO No. 80 - Mandaue City, Cebu.xls", Sheet 11 (DO 23-2022)
284,,,,,"RDO No. 80 - Mandaue City, Cebu.xls", Sheet 11 (DO 23-2022)
285,,,,,"RDO No. 80 - Mandaue City, Cebu.xls", Sheet 11 (DO 23-2022)
286,H ABELLANA STREET,,H ABELLANA STREET,,"RDO No. 80 - Mandaue City, Cebu.xls", Sheet 11 (DO 23-2022)
287,,,,,"RDO No. 80 - Mandaue City, Cebu.xls", Sheet 11 (DO 23-2022)
288,,,,,"RDO No. 80 - Mandaue City, Cebu.xls", Sheet 11 (DO 23-2022)
289,,,,,"RDO No. 80 - Mandaue City, Cebu.xls", Sheet 11 (DO 23-2022)
290,H ABELLANA STREET EXTENSION,,H ABELLANA STREET EXTENSION,,"RDO No. 80 - Mandaue City, Cebu.xls", Sheet 11 (DO 23-2022)
291,,,,,"RDO No. 80 - Mandaue City, Cebu.xls", Sheet 11 (DO 23-2022)
292,,,,,"RDO No. 80 - Mandaue City, Cebu.xls", Sheet 11 (DO 23-2022)
293,,,,,"RDO No. 80 - Mandaue City, Cebu.xls", Sheet 11 (DO 23-2022)
294,JOSE RIZAL ST. (NATIONAL HIGHWAY),,JOSE RIZAL ST. (NATIONAL HIGHWAY),,"RDO No. 80 - Mandaue City, Cebu.xls", Sheet 11 (DO 23-2022)
295,,,,,"RDO No. 80 - Mandaue City, Cebu.xls", Sheet 11 (DO 23-2022)
296,,,,,"RDO No. 80 - Mandaue City, Cebu.xls", Sheet 11 (DO 23-2022)
297,,,,,"RDO No. 80 - Mandaue City, Cebu.xls", Sheet 11 (DO 23-2022)
298,FATIMA ROAD,,FATIMA ROAD,,"RDO No. 80 - Mandaue City, Cebu.xls", Sheet 11 (DO 23-2022)
299,,,,,"RDO No. 80 - Mandaue City, Cebu.xls", Sheet 11 (DO 23-2022)
300,,,,,"RDO No. 80 - Mandaue City, Cebu.xls", Sheet 11 (DO 23-2022)
301,,,,,"RDO No. 80 - Mandaue City, Cebu.xls", Sheet 11 (DO 23-2022)
302,P. SANCHEZ ST. (PAGSABUNGAN ROAD),,P. SANCHEZ ST. (PAGSABUNGAN ROAD),,"RDO No. 80 - Mandaue City, Cebu.xls", Sheet 11 (DO 23-2022)
303,,,,,"RDO No. 80 - Mandaue City, Cebu.xls", Sheet 11 (DO 23-2022)
304,,,,,"RDO No. 80 - Mandaue City, Cebu.xls", Sheet 11 (DO 23-2022)
305,,,,,"RDO No. 80 - Mandaue City, Cebu.xls", Sheet 11 (DO 23-2022)
306,PALM HILLS ROAD,,PALM HILLS ROAD,,"RDO No. 80 - Mandaue City, Cebu.xls", Sheet 11 (DO 23-2022)
307,,,,,"RDO No. 80 - Mandaue City, Cebu.xls", Sheet 11 (DO 23-2022)
308,,,,,"RDO No. 80 - Mandaue City, Cebu.xls", Sheet 11 (DO 23-2022)
309,,,,,"RDO No. 80 - Mandaue City, Cebu.xls", Sheet 11 (DO 23-2022)
310,J. ALINSUG ST. (FORMERLY BASAK - DUNGOAN),,J. ALINSUG ST. (FORMERLY BASAK - DUNGOAN),,"RDO No. 80 - Mandaue City, Cebu.xls", Sheet 11 (DO 23-2022)
311,,,,,"RDO No. 80 - Mandaue City, Cebu.xls", Sheet 11 (DO 23-2022)
312,,,,,"RDO No. 80 - Mandaue City, Cebu.xls", Sheet 11 (DO 23-2022)
313,,,,,"RDO No. 80 - Mandaue City, Cebu.xls", Sheet 11 (DO 23-2022)
314,E. LLENES ST.,,E. LLENES ST.,,"RDO No. 80 - Mandaue City, Cebu.xls", Sheet 11 (DO 23-2022)
315,,,,,"RDO No. 80 - Mandaue City, Cebu.xls", Sheet 11 (DO 23-2022)
316,,,,,"RDO No. 80 - Mandaue City, Cebu.xls", Sheet 11 (DO 23-2022)
317,,,,,"RDO No. 80 - Mandaue City, Cebu.xls", Sheet 11 (DO 23-2022)
318,ALL OTHER STREETS,,ALL OTHER STREETS,,"RDO No. 80 - Mandaue City, Cebu.xls", Sheet 11 (DO 23-2022)
319,,,,,"RDO No. 80 - Mandaue City, Cebu.xls", Sheet 11 (DO 23-2022)
320,,,,,"RDO No. 80 - Mandaue City, Cebu.xls", Sheet 11 (DO 23-2022)
321,,,,,"RDO No. 80 - Mandaue City, Cebu.xls", Sheet 11 (DO 23-2022)
322,"PENTAGON LAND, INC.",,"PENTAGON LAND, INC.",,"RDO No. 80 - Mandaue City, Cebu.xls", Sheet 11 (DO 23-2022)
323,COACO SUBDIVISIONS,,COACO SUBDIVISIONS,,"RDO No. 80 - Mandaue City, Cebu.xls", Sheet 11 (DO 23-2022)
324,CONSUELO VILLAGE,,CONSUELO VILLAGE,,"RDO No. 80 - Mandaue City, Cebu.xls", Sheet 11 (DO 23-2022)
325,CORTES SUBDIVISIONS,,CORTES SUBDIVISIONS,,"RDO No. 80 - Mandaue City, Cebu.xls", Sheet 11 (DO 23-2022)
326,RAJAH TOWN HOMES,,RAJAH TOWN HOMES,,"RDO No. 80 - Mandaue City, Cebu.xls", Sheet 11 (DO 23-2022)
327,SMC VILLAGE,,SMC VILLAGE,,"RDO No. 80 - Mandaue City, Cebu.xls", Sheet 11 (DO 23-2022)
328,PALM HILLS SUBDIVISION,,PALM HILLS SUBDIVISION,,"RDO No. 80 - Mandaue City, Cebu.xls", Sheet 11 (DO 23-2022)
329,Notes:,,Notes:,,"RDO No. 80 - Mandaue City, Cebu.xls", Sheet 11 (DO 23-2022)
330,*Per Ocular Inspection and confirmation with City Assessors along with City Planning Office; The City of Mandaue has no more,,*Per Ocular Inspection and confirmation with City Assessors along with City Planning Office; The City of Mandaue has no more,,"RDO No. 80 - Mandaue City, Cebu.xls", Sheet 11 (DO 23-2022)
331,agricultural land,,agricultural land,,"RDO No. 80 - Mandaue City, Cebu.xls", Sheet 11 (DO 23-2022)
332,**These streets have either been identified to be duplicates of current streets and/or were replaced with new names per city,,**These streets have either been identified to be duplicates of current streets and/or were replaced with new names per city,,"RDO No. 80 - Mandaue City, Cebu.xls", Sheet 11 (DO 23-2022)
333,ordinance on the 4th revision. Reconstituted road / street on the 5th revision.,,ordinance on the 4th revision. Reconstituted road / street on the 5th revision.,,"RDO No. 80 - Mandaue City, Cebu.xls", Sheet 11 (DO 23-2022)
334,*** New Subdivision,,*** New Subdivision,,"RDO No. 80 - Mandaue City, Cebu.xls", Sheet 11 (DO 23-2022)
335,,,,,"RDO No. 80 - Mandaue City, Cebu.xls", Sheet 11 (DO 23-2022)
336,Province,,Province,,"RDO No. 80 - Mandaue City, Cebu.xls", Sheet 11 (DO 23-2022)
337,City/Municipality,,City/Municipality,,"RDO No. 80 - Mandaue City, Cebu.xls", Sheet 11 (DO 23-2022)
338,Zone/Barangay,,Zone/Barangay,,"RDO No. 80 - Mandaue City, Cebu.xls", Sheet 11 (DO 23-2022)
339,,,,,"RDO No. 80 - Mandaue City, Cebu.xls", Sheet 11 (DO 23-2022)
340,STREET NAME / SUBDIVISION / CONDOMINIUM,,STREET NAME / SUBDIVISION / CONDOMINIUM,,"RDO No. 80 - Mandaue City, Cebu.xls", Sheet 11 (DO 23-2022)
341,ELIAS CORTES,,ELIAS CORTES,,"RDO No. 80 - Mandaue City, Cebu.xls", Sheet 11 (DO 23-2022)
342,,,,,"RDO No. 80 - Mandaue City, Cebu.xls", Sheet 11 (DO 23-2022)
343,,,,,"RDO No. 80 - Mandaue City, Cebu.xls", Sheet 11 (DO 23-2022)
344,,,,,"RDO No. 80 - Mandaue City, Cebu.xls", Sheet 11 (DO 23-2022)
345,ML QUEZON,,ML QUEZON,,"RDO No. 80 - Mandaue City, Cebu.xls", Sheet 11 (DO 23-2022)
346,,,,,"RDO No. 80 - Mandaue City, Cebu.xls", Sheet 11 (DO 23-2022)
347,,,,,"RDO No. 80 - Mandaue City, Cebu.xls", Sheet 11 (DO 23-2022)
348,,,,,"RDO No. 80 - Mandaue City, Cebu.xls", Sheet 11 (DO 23-2022)
349,SITIO PILIT,,SITIO PILIT,,"RDO No. 80 - Mandaue City, Cebu.xls", Sheet 11 (DO 23-2022)
350,,,,,"RDO No. 80 - Mandaue City, Cebu.xls", Sheet 11 (DO 23-2022)
351,,,,,"RDO No. 80 - Mandaue City, Cebu.xls", Sheet 11 (DO 23-2022)
352,,,,,"RDO No. 80 - Mandaue City, Cebu.xls", Sheet 11 (DO 23-2022)
353,ALL OTHERS STREETS,,ALL OTHERS STREETS,,"RDO No. 80 - Mandaue City, Cebu.xls", Sheet 11 (DO 23-2022)
354,,,,,"RDO No. 80 - Mandaue City, Cebu.xls", Sheet 11 (DO 23-2022)
355,,,,,"RDO No. 80 - Mandaue City, Cebu.xls", Sheet 11 (DO 23-2022)
356,,,,,"RDO No. 80 - Mandaue City, Cebu.xls", Sheet 11 (DO 23-2022)
357,AGRO-MACRO SUBD PH I,,AGRO-MACRO SUBD PH I,,"RDO No. 80 - Mandaue City, Cebu.xls", Sheet 11 (DO 23-2022)
358,AGRO-MACRO SUBD PH II,,AGRO-MACRO SUBD PH II,,"RDO No. 80 - Mandaue City, Cebu.xls", Sheet 11 (DO 23-2022)
359,CEBU GREENWAY BUSINESS PARK,,CEBU GREENWAY BUSINESS PARK,,"RDO No. 80 - Mandaue City, Cebu.xls", Sheet 11 (DO 23-2022)
360,GARDEN RIDGE SUBD,,GARDEN RIDGE SUBD,,"RDO No. 80 - Mandaue City, Cebu.xls", Sheet 11 (DO 23-2022)
361,GREENHILLS SUBD,,GREENHILLS SUBD,,"RDO No. 80 - Mandaue City, Cebu.xls", Sheet 11 (DO 23-2022)
362,,,,,"RDO No. 80 - Mandaue City, Cebu.xls", Sheet 11 (DO 23-2022)
363,,,,,"RDO No. 80 - Mandaue City, Cebu.xls", Sheet 11 (DO 23-2022)
364,,,,,"RDO No. 80 - Mandaue City, Cebu.xls", Sheet 11 (DO 23-2022)
365,HIDDEN HOMES SUBD,,HIDDEN HOMES SUBD,,"RDO No. 80 - Mandaue City, Cebu.xls", Sheet 11 (DO 23-2022)
366,NORTH TOWN WOODS SUBD,,NORTH TOWN WOODS SUBD,,"RDO No. 80 - Mandaue City, Cebu.xls", Sheet 11 (DO 23-2022)
367,NORTH TOWN HOMES (PHASE IV A),,NORTH TOWN HOMES (PHASE IV A),,"RDO No. 80 - Mandaue City, Cebu.xls", Sheet 11 (DO 23-2022)
368,NORTH TOWN HOMES (PHASEIV B),,NORTH TOWN HOMES (PHASEIV B),,"RDO No. 80 - Mandaue City, Cebu.xls", Sheet 11 (DO 23-2022)
369,BF NORTHVILLE SUBDIVISION,,BF NORTHVILLE SUBDIVISION,,"RDO No. 80 - Mandaue City, Cebu.xls", Sheet 11 (DO 23-2022)
370,EMERALD ESTATE,,EMERALD ESTATE,,"RDO No. 80 - Mandaue City, Cebu.xls", Sheet 11 (DO 23-2022)
371,ST. THERESE HOMES I,,ST. THERESE HOMES I,,"RDO No. 80 - Mandaue City, Cebu.xls", Sheet 11 (DO 23-2022)
372,ST. THERESE HOMES II,,ST. THERESE HOMES II,,"RDO No. 80 - Mandaue City, Cebu.xls", Sheet 11 (DO 23-2022)
373,ALL OTHER SUBDIVISIONS,,ALL OTHER SUBDIVISIONS,,"RDO No. 80 - Mandaue City, Cebu.xls", Sheet 11 (DO 23-2022)
374,,,,,"RDO No. 80 - Mandaue City, Cebu.xls", Sheet 11 (DO 23-2022)
375,,,,,"RDO No. 80 - Mandaue City, Cebu.xls", Sheet 11 (DO 23-2022)
376,,,,,"RDO No. 80 - Mandaue City, Cebu.xls", Sheet 11 (DO 23-2022)
377,* New Subdivision,,* New Subdivision,,"RDO No. 80 - Mandaue City, Cebu.xls", Sheet 11 (DO 23-2022)
378,,,,,"RDO No. 80 - Mandaue City, Cebu.xls", Sheet 11 (DO 23-2022)
379,Province,,Province,,"RDO No. 80 - Mandaue City, Cebu.xls", Sheet 11 (DO 23-2022)
380,City/Municipality,,City/Municipality,,"RDO No. 80 - Mandaue City, Cebu.xls", Sheet 11 (DO 23-2022)
381,Zone/Barangay,,Zone/Barangay,,"RDO No. 80 - Mandaue City, Cebu.xls", Sheet 11 (DO 23-2022)
382,,,,,"RDO No. 80 - Mandaue City, Cebu.xls", Sheet 11 (DO 23-2022)
383,STREET NAME / SUBDIVISION / CONDOMINIUM,,STREET NAME / SUBDIVISION / CONDOMINIUM,,"RDO No. 80 - Mandaue City, Cebu.xls", Sheet 11 (DO 23-2022)
384,A. C. CORTES AVENUE (MACTAN ROAD),,A. C. CORTES AVENUE (MACTAN ROAD),,"RDO No. 80 - Mandaue City, Cebu.xls", Sheet 11 (DO 23-2022)
385,,,,,"RDO No. 80 - Mandaue City, Cebu.xls", Sheet 11 (DO 23-2022)
386,,,,,"RDO No. 80 - Mandaue City, Cebu.xls", Sheet 11 (DO 23-2022)
387,GERARDO OUANO ST.,,GERARDO OUANO ST.,,"RDO No. 80 - Mandaue City, Cebu.xls", Sheet 11 (DO 23-2022)
388,,,,,"RDO No. 80 - Mandaue City, Cebu.xls", Sheet 11 (DO 23-2022)
389,,,,,"RDO No. 80 - Mandaue City, Cebu.xls", Sheet 11 (DO 23-2022)
390,,,,,"RDO No. 80 - Mandaue City, Cebu.xls", Sheet 11 (DO 23-2022)
391,PLARIDEL STREET,,PLARIDEL STREET,,"RDO No. 80 - Mandaue City, Cebu.xls", Sheet 11 (DO 23-2022)
392,,,,,"RDO No. 80 - Mandaue City, Cebu.xls", Sheet 11 (DO 23-2022)
393,,,,,"RDO No. 80 - Mandaue City, Cebu.xls", Sheet 11 (DO 23-2022)
394,,,,,"RDO No. 80 - Mandaue City, Cebu.xls", Sheet 11 (DO 23-2022)
395,F. MENDOZA STREET (formerly J. BRIONES ST.) (formerly part of Plaridel St.),,F. MENDOZA STREET (formerly J. BRIONES ST.) (formerly part of Plaridel St.),,"RDO No. 80 - Mandaue City, Cebu.xls", Sheet 11 (DO 23-2022)
396,,,,,"RDO No. 80 - Mandaue City, Cebu.xls", Sheet 11 (DO 23-2022)
397,,,,,"RDO No. 80 - Mandaue City, Cebu.xls", Sheet 11 (DO 23-2022)
398,,,,,"RDO No. 80 - Mandaue City, Cebu.xls", Sheet 11 (DO 23-2022)
399,,,,,"RDO No. 80 - Mandaue City, Cebu.xls", Sheet 11 (DO 23-2022)
400,SAN ANTONIO STREET),,SAN ANTONIO STREET),,"RDO No. 80 - Mandaue City, Cebu.xls", Sheet 11 (DO 23-2022)
401,,,,,"RDO No. 80 - Mandaue City, Cebu.xls", Sheet 11 (DO 23-2022)
402,,,,,"RDO No. 80 - Mandaue City, Cebu.xls", Sheet 11 (DO 23-2022)
403,C.M. CABAHUG STREET,,C.M. CABAHUG STREET,,"RDO No. 80 - Mandaue City, Cebu.xls", Sheet 11 (DO 23-2022)
404,,,,,"RDO No. 80 - Mandaue City, Cebu.xls", Sheet 11 (DO 23-2022)
405,,,,,"RDO No. 80 - Mandaue City, Cebu.xls", Sheet 11 (DO 23-2022)
406,,,,,"RDO No. 80 - Mandaue City, Cebu.xls", Sheet 11 (DO 23-2022)
407,ALL OTHERS STREET,,ALL OTHERS STREET,,"RDO No. 80 - Mandaue City, Cebu.xls", Sheet 11 (DO 23-2022)
408,,,,,"RDO No. 80 - Mandaue City, Cebu.xls", Sheet 11 (DO 23-2022)
409,,,,,"RDO No. 80 - Mandaue City, Cebu.xls", Sheet 11 (DO 23-2022)
410,,,,,"RDO No. 80 - Mandaue City, Cebu.xls", Sheet 11 (DO 23-2022)
411,MHT RESIDENCES,,MHT RESIDENCES,,"RDO No. 80 - Mandaue City, Cebu.xls", Sheet 11 (DO 23-2022)
412,,,,,"RDO No. 80 - Mandaue City, Cebu.xls", Sheet 11 (DO 23-2022)
413,,,,,"RDO No. 80 - Mandaue City, Cebu.xls", Sheet 11 (DO 23-2022)
414,CONDOMINIUMS-MID-HIGH END,,CONDOMINIUMS-MID-HIGH END,,"RDO No. 80 - Mandaue City, Cebu.xls", Sheet 11 (DO 23-2022)
415,,,,,"RDO No. 80 - Mandaue City, Cebu.xls", Sheet 11 (DO 23-2022)
416,,,,,"RDO No. 80 - Mandaue City, Cebu.xls", Sheet 11 (DO 23-2022)
417,ALL OTHER CONDOMINIUMS,,ALL OTHER CONDOMINIUMS,,"RDO No. 80 - Mandaue City, Cebu.xls", Sheet 11 (DO 23-2022)
418,,,,,"RDO No. 80 - Mandaue City, Cebu.xls", Sheet 11 (DO 23-2022)
419,,,,,"RDO No. 80 - Mandaue City, Cebu.xls", Sheet 11 (DO 23-2022)
420,,,,,"RDO No. 80 - Mandaue City, Cebu.xls", Sheet 11 (DO 23-2022)
421,,,,,"RDO No. 80 - Mandaue City, Cebu.xls", Sheet 11 (DO 23-2022)
422,Province,,Province,,"RDO No. 80 - Mandaue City, Cebu.xls", Sheet 11 (DO 23-2022)
423,City/Municipality,,City/Municipality,,"RDO No. 80 - Mandaue City, Cebu.xls", Sheet 11 (DO 23-2022)
424,Zone/Barangay,,Zone/Barangay,,"RDO No. 80 - Mandaue City, Cebu.xls", Sheet 11 (DO 23-2022)
425,,,,,"RDO No. 80 - Mandaue City, Cebu.xls", Sheet 11 (DO 23-2022)
426,STREET NAME / SUBDIVISION / CONDOMINIUM,,STREET NAME / SUBDIVISION / CONDOMINIUM,,"RDO No. 80 - Mandaue City, Cebu.xls", Sheet 11 (DO 23-2022)
427,H. ABELLANA ST.,,H. ABELLANA ST.,,"RDO No. 80 - Mandaue City, Cebu.xls", Sheet 11 (DO 23-2022)
428,,,,,"RDO No. 80 - Mandaue City, Cebu.xls", Sheet 11 (DO 23-2022)
429,,,,,"RDO No. 80 - Mandaue City, Cebu.xls", Sheet 11 (DO 23-2022)
430,,,,,"RDO No. 80 - Mandaue City, Cebu.xls", Sheet 11 (DO 23-2022)
431,,,,,"RDO No. 80 - Mandaue City, Cebu.xls", Sheet 11 (DO 23-2022)
432,B. SUICO ST.,,B. SUICO ST.,,"RDO No. 80 - Mandaue City, Cebu.xls", Sheet 11 (DO 23-2022)
433,,,,,"RDO No. 80 - Mandaue City, Cebu.xls", Sheet 11 (DO 23-2022)
434,,,,,"RDO No. 80 - Mandaue City, Cebu.xls", Sheet 11 (DO 23-2022)
435,,,,,"RDO No. 80 - Mandaue City, Cebu.xls", Sheet 11 (DO 23-2022)
436,ARCADIO BORBAJO ST.,,ARCADIO BORBAJO ST.,,"RDO No. 80 - Mandaue City, Cebu.xls", Sheet 11 (DO 23-2022)
437,,,,,"RDO No. 80 - Mandaue City, Cebu.xls", Sheet 11 (DO 23-2022)
438,,,,,"RDO No. 80 - Mandaue City, Cebu.xls", Sheet 11 (DO 23-2022)
439,,,,,"RDO No. 80 - Mandaue City, Cebu.xls", Sheet 11 (DO 23-2022)
440,,,,,"RDO No. 80 - Mandaue City, Cebu.xls", Sheet 11 (DO 23-2022)
441,ARCADIO BORBAJO EXT.,,ARCADIO BORBAJO EXT.,,"RDO No. 80 - Mandaue City, Cebu.xls", Sheet 11 (DO 23-2022)
442,,,,,"RDO No. 80 - Mandaue City, Cebu.xls", Sheet 11 (DO 23-2022)
443,,,,,"RDO No. 80 - Mandaue City, Cebu.xls", Sheet 11 (DO 23-2022)
444,,,,,"RDO No. 80 - Mandaue City, Cebu.xls", Sheet 11 (DO 23-2022)
445,,,,,"RDO No. 80 - Mandaue City, Cebu.xls", Sheet 11 (DO 23-2022)
446,GERVACIO SENO ST.,,GERVACIO SENO ST.,,"RDO No. 80 - Mandaue City, Cebu.xls", Sheet 11 (DO 23-2022)
447,,,,,"RDO No. 80 - Mandaue City, Cebu.xls", Sheet 11 (DO 23-2022)
448,,,,,"RDO No. 80 - Mandaue City, Cebu.xls", Sheet 11 (DO 23-2022)
449,,,,,"RDO No. 80 - Mandaue City, Cebu.xls", Sheet 11 (DO 23-2022)
450,JACINTO MAYOL ST.,,JACINTO MAYOL ST.,,"RDO No. 80 - Mandaue City, Cebu.xls", Sheet 11 (DO 23-2022)
451,,,,,"RDO No. 80 - Mandaue City, Cebu.xls", Sheet 11 (DO 23-2022)
452,,,,,"RDO No. 80 - Mandaue City, Cebu.xls", Sheet 11 (DO 23-2022)
453,,,,,"RDO No. 80 - Mandaue City, Cebu.xls", Sheet 11 (DO 23-2022)
454,,,,,"RDO No. 80 - Mandaue City, Cebu.xls", Sheet 11 (DO 23-2022)
455,JACINTO MAYOL EXTENSION,,JACINTO MAYOL EXTENSION,,"RDO No. 80 - Mandaue City, Cebu.xls", Sheet 11 (DO 23-2022)
456,,,,,"RDO No. 80 - Mandaue City, Cebu.xls", Sheet 11 (DO 23-2022)
457,,,,,"RDO No. 80 - Mandaue City, Cebu.xls", Sheet 11 (DO 23-2022)
458,,,,,"RDO No. 80 - Mandaue City, Cebu.xls", Sheet 11 (DO 23-2022)
459,,,,,"RDO No. 80 - Mandaue City, Cebu.xls", Sheet 11 (DO 23-2022)
460,PEDRO SANCHEZ ST.,,PEDRO SANCHEZ ST.,,"RDO No. 80 - Mandaue City, Cebu.xls", Sheet 11 (DO 23-2022)
461,,,,,"RDO No. 80 - Mandaue City, Cebu.xls", Sheet 11 (DO 23-2022)
462,,,,,"RDO No. 80 - Mandaue City, Cebu.xls", Sheet 11 (DO 23-2022)
463,,,,,"RDO No. 80 - Mandaue City, Cebu.xls", Sheet 11 (DO 23-2022)
464,,,,,"RDO No. 80 - Mandaue City, Cebu.xls", Sheet 11 (DO 23-2022)
465,DON SERGIO SUICO ST.,,DON SERGIO SUICO ST.,,"RDO No. 80 - Mandaue City, Cebu.xls", Sheet 11 (DO 23-2022)
466,,,,,"RDO No. 80 - Mandaue City, Cebu.xls", Sheet 11 (DO 23-2022)
467,,,,,"RDO No. 80 - Mandaue City, Cebu.xls", Sheet 11 (DO 23-2022)
468,,,,,"RDO No. 80 - Mandaue City, Cebu.xls", Sheet 11 (DO 23-2022)
469,V. VEGA ST.,,V. VEGA ST.,,"RDO No. 80 - Mandaue City, Cebu.xls", Sheet 11 (DO 23-2022)
470,,,,,"RDO No. 80 - Mandaue City, Cebu.xls", Sheet 11 (DO 23-2022)
471,,,,,"RDO No. 80 - Mandaue City, Cebu.xls", Sheet 11 (DO 23-2022)
472,,,,,"RDO No. 80 - Mandaue City, Cebu.xls", Sheet 11 (DO 23-2022)
473,ALIVIO ST.,,ALIVIO ST.,,"RDO No. 80 - Mandaue City, Cebu.xls", Sheet 11 (DO 23-2022)
474,,,,,"RDO No. 80 - Mandaue City, Cebu.xls", Sheet 11 (DO 23-2022)
475,,,,,"RDO No. 80 - Mandaue City, Cebu.xls", Sheet 11 (DO 23-2022)
476,,,,,"RDO No. 80 - Mandaue City, Cebu.xls", Sheet 11 (DO 23-2022)
477,CANDUMAN RESETTLEMENT,,CANDUMAN RESETTLEMENT,,"RDO No. 80 - Mandaue City, Cebu.xls", Sheet 11 (DO 23-2022)
478,CHARLES PEAK SUBDIVISION,,CHARLES PEAK SUBDIVISION,,"RDO No. 80 - Mandaue City, Cebu.xls", Sheet 11 (DO 23-2022)
479,CODINERA SUBDIVISION,,CODINERA SUBDIVISION,,"RDO No. 80 - Mandaue City, Cebu.xls", Sheet 11 (DO 23-2022)
480,COUNTRY VILLE SUBDIVISION,,COUNTRY VILLE SUBDIVISION,,"RDO No. 80 - Mandaue City, Cebu.xls", Sheet 11 (DO 23-2022)
481,MAHOGANY GROOVE SUBDIVISION,,MAHOGANY GROOVE SUBDIVISION,,"RDO No. 80 - Mandaue City, Cebu.xls", Sheet 11 (DO 23-2022)
482,FLORENTINA TOWNHOUSES,,FLORENTINA TOWNHOUSES,,"RDO No. 80 - Mandaue City, Cebu.xls", Sheet 11 (DO 23-2022)
483,NORTHWOODS RESIDENCES,,NORTHWOODS RESIDENCES,,"RDO No. 80 - Mandaue City, Cebu.xls", Sheet 11 (DO 23-2022)
484,UNA SPAZIO APARTMENT,,UNA SPAZIO APARTMENT,,"RDO No. 80 - Mandaue City, Cebu.xls", Sheet 11 (DO 23-2022)
485,88 CANDUMAN PLACE SUBDIVISION,,88 CANDUMAN PLACE SUBDIVISION,88.0,"RDO No. 80 - Mandaue City, Cebu.xls", Sheet 11 (DO 23-2022)
486,NORTHFIELD RESIDENCES,,NORTHFIELD RESIDENCES,,"RDO No. 80 - Mandaue City, Cebu.xls", Sheet 11 (DO 23-2022)
487,"77 LIVING SPACE, INC.",,"77 LIVING SPACE, INC.",77.0,"RDO No. 80 - Mandaue City, Cebu.xls", Sheet 11 (DO 23-2022)
488,ALMIYA SUBDIVISION,,ALMIYA SUBDIVISION,,"RDO No. 80 - Mandaue City, Cebu.xls", Sheet 11 (DO 23-2022)
489,J. NITTON SUBDIVISION,,J. NITTON SUBDIVISION,,"RDO No. 80 - Mandaue City, Cebu.xls", Sheet 11 (DO 23-2022)
490,Province,,Province,,"RDO No. 80 - Mandaue City, Cebu.xls", Sheet 11 (DO 23-2022)
491,City/Municipality,,City/Municipality,,"RDO No. 80 - Mandaue City, Cebu.xls", Sheet 11 (DO 23-2022)
492,Zone/Barangay,,Zone/Barangay,,"RDO No. 80 - Mandaue City, Cebu.xls", Sheet 11 (DO 23-2022)
493,,,,,"RDO No. 80 - Mandaue City, Cebu.xls", Sheet 11 (DO 23-2022)
494,STREET NAME / SUBDIVISION / CONDOMINIUM,,STREET NAME / SUBDIVISION / CONDOMINIUM,,"RDO No. 80 - Mandaue City, Cebu.xls", Sheet 11 (DO 23-2022)
495,EAGLE'S NEST CONDOMINIUM,,EAGLE'S NEST CONDOMINIUM,,"RDO No. 80 - Mandaue City, Cebu.xls", Sheet 11 (DO 23-2022)
496,,,,,"RDO No. 80 - Mandaue City, Cebu.xls", Sheet 11 (DO 23-2022)
497,,,,,"RDO No. 80 - Mandaue City, Cebu.xls", Sheet 11 (DO 23-2022)
498,ALL OTHER CONDOMINIUMS,,ALL OTHER CONDOMINIUMS,,"RDO No. 80 - Mandaue City, Cebu.xls", Sheet 11 (DO 23-2022)
499,,,,,"RDO No. 80 - Mandaue City, Cebu.xls", Sheet 11 (DO 23-2022)
500,,,,,"RDO No. 80 - Mandaue City, Cebu.xls", Sheet 11 (DO 23-2022)
501,NOTE:,,NOTE:,,"RDO No. 80 - Mandaue City, Cebu.xls", Sheet 11 (DO 23-2022)
502,***This subdivision belongs to this baranggay as per Representative DHSUD,,***This subdivision belongs to this baranggay as per Representative DHSUD,,"RDO No. 80 - Mandaue City, Cebu.xls", Sheet 11 (DO 23-2022)
503,* New Subdivision,,* New Subdivision,,"RDO No. 80 - Mandaue City, Cebu.xls", Sheet 11 (DO 23-2022)
504,,,,,"RDO No. 80 - Mandaue City, Cebu.xls", Sheet 11 (DO 23-2022)
505,Province,,Province,,"RDO No. 80 - Mandaue City, Cebu.xls", Sheet 11 (DO 23-2022)
506,City/Municipality,,City/Municipality,,"RDO No. 80 - Mandaue City, Cebu.xls", Sheet 11 (DO 23-2022)
507,Zone/Barangay,,Zone/Barangay,,"RDO No. 80 - Mandaue City, Cebu.xls", Sheet 11 (DO 23-2022)
508,,,,,"RDO No. 80 - Mandaue City, Cebu.xls", Sheet 11 (DO 23-2022)
509,STREET NAME / SUBDIVISION / CONDOMINIUM,,STREET NAME / SUBDIVISION / CONDOMINIUM,,"RDO No. 80 - Mandaue City, Cebu.xls", Sheet 11 (DO 23-2022)
510,V. VEGA ST.,,V. VEGA ST.,,"RDO No. 80 - Mandaue City, Cebu.xls", Sheet 11 (DO 23-2022)
511,,,,,"RDO No. 80 - Mandaue City, Cebu.xls", Sheet 11 (DO 23-2022)
512,,,,,"RDO No. 80 - Mandaue City, Cebu.xls", Sheet 11 (DO 23-2022)
513,,,,,"RDO No. 80 - Mandaue City, Cebu.xls", Sheet 11 (DO 23-2022)
514,,,,,"RDO No. 80 - Mandaue City, Cebu.xls", Sheet 11 (DO 23-2022)
515,,,,,"RDO No. 80 - Mandaue City, Cebu.xls", Sheet 11 (DO 23-2022)
516,,,,,"RDO No. 80 - Mandaue City, Cebu.xls", Sheet 11 (DO 23-2022)
517,,,,,"RDO No. 80 - Mandaue City, Cebu.xls", Sheet 11 (DO 23-2022)
518,D. L. BIHAG ST. (SITIO CASILI),,D. L. BIHAG ST. (SITIO CASILI),,"RDO No. 80 - Mandaue City, Cebu.xls", Sheet 11 (DO 23-2022)
519,,,,,"RDO No. 80 - Mandaue City, Cebu.xls", Sheet 11 (DO 23-2022)
520,,,,,"RDO No. 80 - Mandaue City, Cebu.xls", Sheet 11 (DO 23-2022)
521,,,,,"RDO No. 80 - Mandaue City, Cebu.xls", Sheet 11 (DO 23-2022)
522,,,,,"RDO No. 80 - Mandaue City, Cebu.xls", Sheet 11 (DO 23-2022)
523,TAWASON-CASILI ROAD,,TAWASON-CASILI ROAD,,"RDO No. 80 - Mandaue City, Cebu.xls", Sheet 11 (DO 23-2022)
524,,,,,"RDO No. 80 - Mandaue City, Cebu.xls", Sheet 11 (DO 23-2022)
525,,,,,"RDO No. 80 - Mandaue City, Cebu.xls", Sheet 11 (DO 23-2022)
526,,,,,"RDO No. 80 - Mandaue City, Cebu.xls", Sheet 11 (DO 23-2022)
527,,,,,"RDO No. 80 - Mandaue City, Cebu.xls", Sheet 11 (DO 23-2022)
528,,,,,"RDO No. 80 - Mandaue City, Cebu.xls", Sheet 11 (DO 23-2022)
529,,,,,"RDO No. 80 - Mandaue City, Cebu.xls", Sheet 11 (DO 23-2022)
530,,,,,"RDO No. 80 - Mandaue City, Cebu.xls", Sheet 11 (DO 23-2022)
531,,,,,"RDO No. 80 - Mandaue City, Cebu.xls", Sheet 11 (DO 23-2022)
532,,,,,"RDO No. 80 - Mandaue City, Cebu.xls", Sheet 11 (DO 23-2022)
533,ALL OTHER STREETS,,ALL OTHER STREETS,,"RDO No. 80 - Mandaue City, Cebu.xls", Sheet 11 (DO 23-2022)
534,,,,,"RDO No. 80 - Mandaue City, Cebu.xls", Sheet 11 (DO 23-2022)
535,,,,,"RDO No. 80 - Mandaue City, Cebu.xls", Sheet 11 (DO 23-2022)
536,,,,,"RDO No. 80 - Mandaue City, Cebu.xls", Sheet 11 (DO 23-2022)
537,CASILI SUBDIVISION,,CASILI SUBDIVISION,,"RDO No. 80 - Mandaue City, Cebu.xls", Sheet 11 (DO 23-2022)
538,VISTA MONTANA (STA. LUCIA),,VISTA MONTANA (STA. LUCIA),,"RDO No. 80 - Mandaue City, Cebu.xls", Sheet 11 (DO 23-2022)
539,,,,,"RDO No. 80 - Mandaue City, Cebu.xls", Sheet 11 (DO 23-2022)
540,,,,,"RDO No. 80 - Mandaue City, Cebu.xls", Sheet 11 (DO 23-2022)
541,,,,,"RDO No. 80 - Mandaue City, Cebu.xls", Sheet 11 (DO 23-2022)
542,,,,,"RDO No. 80 - Mandaue City, Cebu.xls", Sheet 11 (DO 23-2022)
543,VILLA VANESSA,,VILLA VANESSA,,"RDO No. 80 - Mandaue City, Cebu.xls", Sheet 11 (DO 23-2022)
544,GRAND TERRACE,,GRAND TERRACE,,"RDO No. 80 - Mandaue City, Cebu.xls", Sheet 11 (DO 23-2022)
545,CASILI HILLS,,CASILI HILLS,,"RDO No. 80 - Mandaue City, Cebu.xls", Sheet 11 (DO 23-2022)
546,ANANDA,,ANANDA,,"RDO No. 80 - Mandaue City, Cebu.xls", Sheet 11 (DO 23-2022)
547,PRIVEYA HILLS,,PRIVEYA HILLS,,"RDO No. 80 - Mandaue City, Cebu.xls", Sheet 11 (DO 23-2022)
548,DECA HOMES (URBAN BASIC),,DECA HOMES (URBAN BASIC),,"RDO No. 80 - Mandaue City, Cebu.xls", Sheet 11 (DO 23-2022)
549,ALL OTHER SUBDIVISIONS,,ALL OTHER SUBDIVISIONS,,"RDO No. 80 - Mandaue City, Cebu.xls", Sheet 11 (DO 23-2022)
550,,,,,"RDO No. 80 - Mandaue City, Cebu.xls", Sheet 11 (DO 23-2022)
551,* Reconstituted road / street,,* Reconstituted road / street,,"RDO No. 80 - Mandaue City, Cebu.xls", Sheet 11 (DO 23-2022)
552,,,,,"RDO No. 80 - Mandaue City, Cebu.xls", Sheet 11 (DO 23-2022)
553,,,,,"RDO No. 80 - Mandaue City, Cebu.xls", Sheet 11 (DO 23-2022)
554,Province,,Province,,"RDO No. 80 - Mandaue City, Cebu.xls", Sheet 11 (DO 23-2022)
555,City/Municipality,,City/Municipality,,"RDO No. 80 - Mandaue City, Cebu.xls", Sheet 11 (DO 23-2022)
556,Zone/Barangay,,Zone/Barangay,,"RDO No. 80 - Mandaue City, Cebu.xls", Sheet 11 (DO 23-2022)
557,,,,,"RDO No. 80 - Mandaue City, Cebu.xls", Sheet 11 (DO 23-2022)
558,STREET NAME / SUBDIVISION / CONDOMINIUM,,STREET NAME / SUBDIVISION / CONDOMINIUM,,"RDO No. 80 - Mandaue City, Cebu.xls", Sheet 11 (DO 23-2022)
559,M L QUEZON STREET,,M L QUEZON STREET,,"RDO No. 80 - Mandaue City, Cebu.xls", Sheet 11 (DO 23-2022)
560,,,,,"RDO No. 80 - Mandaue City, Cebu.xls", Sheet 11 (DO 23-2022)
561,,,,,"RDO No. 80 - Mandaue City, Cebu.xls", Sheet 11 (DO 23-2022)
562,,,,,"RDO No. 80 - Mandaue City, Cebu.xls", Sheet 11 (DO 23-2022)
563,M CENIZA STREET,,M CENIZA STREET,,"RDO No. 80 - Mandaue City, Cebu.xls", Sheet 11 (DO 23-2022)
564,,,,,"RDO No. 80 - Mandaue City, Cebu.xls", Sheet 11 (DO 23-2022)
565,,,,,"RDO No. 80 - Mandaue City, Cebu.xls", Sheet 11 (DO 23-2022)
566,,,,,"RDO No. 80 - Mandaue City, Cebu.xls", Sheet 11 (DO 23-2022)
567,"TINGUB-MAGUIKAY (Asahi Road, back of Gaisano)",,"TINGUB-MAGUIKAY (Asahi Road, back of Gaisano)",,"RDO No. 80 - Mandaue City, Cebu.xls", Sheet 11 (DO 23-2022)
568,,,,,"RDO No. 80 - Mandaue City, Cebu.xls", Sheet 11 (DO 23-2022)
569,,,,,"RDO No. 80 - Mandaue City, Cebu.xls", Sheet 11 (DO 23-2022)
570,,,,,"RDO No. 80 - Mandaue City, Cebu.xls", Sheet 11 (DO 23-2022)
571,ALL OTHER STREETS,,ALL OTHER STREETS,,"RDO No. 80 - Mandaue City, Cebu.xls", Sheet 11 (DO 23-2022)
572,,,,,"RDO No. 80 - Mandaue City, Cebu.xls", Sheet 11 (DO 23-2022)
573,,,,,"RDO No. 80 - Mandaue City, Cebu.xls", Sheet 11 (DO 23-2022)
574,,,,,"RDO No. 80 - Mandaue City, Cebu.xls", Sheet 11 (DO 23-2022)
575,FELIZA VILLAGE,,FELIZA VILLAGE,,"RDO No. 80 - Mandaue City, Cebu.xls", Sheet 11 (DO 23-2022)
576,GREENHILLS SUBD,,GREENHILLS SUBD,,"RDO No. 80 - Mandaue City, Cebu.xls", Sheet 11 (DO 23-2022)
577,HOLY TRINITY VILLAGE,,HOLY TRINITY VILLAGE,,"RDO No. 80 - Mandaue City, Cebu.xls", Sheet 11 (DO 23-2022)
578,INOCENCIA VILLAGE,,INOCENCIA VILLAGE,,"RDO No. 80 - Mandaue City, Cebu.xls", Sheet 11 (DO 23-2022)
579,OSMEÑA VILLA,,OSMEÑA VILLA,,"RDO No. 80 - Mandaue City, Cebu.xls", Sheet 11 (DO 23-2022)
580,VILLA TERRACE SUBD,,VILLA TERRACE SUBD,,"RDO No. 80 - Mandaue City, Cebu.xls", Sheet 11 (DO 23-2022)
581,AGRO-MACRO SUBD.,,AGRO-MACRO SUBD.,,"RDO No. 80 - Mandaue City, Cebu.xls", Sheet 11 (DO 23-2022)
582,KENRICH SUBD.,,KENRICH SUBD.,,"RDO No. 80 - Mandaue City, Cebu.xls", Sheet 11 (DO 23-2022)
583,MARIA CRISTINA TOWNHOUSE,,MARIA CRISTINA TOWNHOUSE,,"RDO No. 80 - Mandaue City, Cebu.xls", Sheet 11 (DO 23-2022)
584,LYNNVILLE TOWNHOMES,,LYNNVILLE TOWNHOMES,,"RDO No. 80 - Mandaue City, Cebu.xls", Sheet 11 (DO 23-2022)
585,ZEN RESIDENCES,,ZEN RESIDENCES,,"RDO No. 80 - Mandaue City, Cebu.xls", Sheet 11 (DO 23-2022)
586,CHURCHVIEW RESIDENCES,,CHURCHVIEW RESIDENCES,,"RDO No. 80 - Mandaue City, Cebu.xls", Sheet 11 (DO 23-2022)
587,BLESSED HOMES,,BLESSED HOMES,,"RDO No. 80 - Mandaue City, Cebu.xls", Sheet 11 (DO 23-2022)
588,VILLA LINA GETHSEMANE,,VILLA LINA GETHSEMANE,,"RDO No. 80 - Mandaue City, Cebu.xls", Sheet 11 (DO 23-2022)
589,CRESCENT SUBDIVISION,,CRESCENT SUBDIVISION,,"RDO No. 80 - Mandaue City, Cebu.xls", Sheet 11 (DO 23-2022)
590,ALL OTHER SUBDIVISIONS,,ALL OTHER SUBDIVISIONS,,"RDO No. 80 - Mandaue City, Cebu.xls", Sheet 11 (DO 23-2022)
591,* New Subdivision,,* New Subdivision,,"RDO No. 80 - Mandaue City, Cebu.xls", Sheet 11 (DO 23-2022)
592,,,,,"RDO No. 80 - Mandaue City, Cebu.xls", Sheet 11 (DO 23-2022)
593,Province,,Province,,"RDO No. 80 - Mandaue City, Cebu.xls", Sheet 11 (DO 23-2022)
594,City/Municipality,,City/Municipality,,"RDO No. 80 - Mandaue City, Cebu.xls", Sheet 11 (DO 23-2022)
595,Zone/Barangay,,Zone/Barangay,,"RDO No. 80 - Mandaue City, Cebu.xls", Sheet 11 (DO 23-2022)
596,,,,,"RDO No. 80 - Mandaue City, Cebu.xls", Sheet 11 (DO 23-2022)
597,STREET NAME / SUBDIVISION / CONDOMINIUM,,STREET NAME / SUBDIVISION / CONDOMINIUM,,"RDO No. 80 - Mandaue City, Cebu.xls", Sheet 11 (DO 23-2022)
598,A DEL ROSARIO AVENUE,,A DEL ROSARIO AVENUE,,"RDO No. 80 - Mandaue City, Cebu.xls", Sheet 11 (DO 23-2022)
599,,,,,"RDO No. 80 - Mandaue City, Cebu.xls", Sheet 11 (DO 23-2022)
600,,,,,"RDO No. 80 - Mandaue City, Cebu.xls", Sheet 11 (DO 23-2022)
601,,,,,"RDO No. 80 - Mandaue City, Cebu.xls", Sheet 11 (DO 23-2022)
602,A SORIANO AVENUE ***,,A SORIANO AVENUE ***,,"RDO No. 80 - Mandaue City, Cebu.xls", Sheet 11 (DO 23-2022)
603,,,,,"RDO No. 80 - Mandaue City, Cebu.xls", Sheet 11 (DO 23-2022)
604,,,,,"RDO No. 80 - Mandaue City, Cebu.xls", Sheet 11 (DO 23-2022)
605,,,,,"RDO No. 80 - Mandaue City, Cebu.xls", Sheet 11 (DO 23-2022)
606,A SUSON STREET,,A SUSON STREET,,"RDO No. 80 - Mandaue City, Cebu.xls", Sheet 11 (DO 23-2022)
607,,,,,"RDO No. 80 - Mandaue City, Cebu.xls", Sheet 11 (DO 23-2022)
608,,,,,"RDO No. 80 - Mandaue City, Cebu.xls", Sheet 11 (DO 23-2022)
609,,,,,"RDO No. 80 - Mandaue City, Cebu.xls", Sheet 11 (DO 23-2022)
610,"AVACINA ST.,",,"AVACINA ST.,",,"RDO No. 80 - Mandaue City, Cebu.xls", Sheet 11 (DO 23-2022)
611,,,,,"RDO No. 80 - Mandaue City, Cebu.xls", Sheet 11 (DO 23-2022)
612,,,,,"RDO No. 80 - Mandaue City, Cebu.xls", Sheet 11 (DO 23-2022)
613,,,,,"RDO No. 80 - Mandaue City, Cebu.xls", Sheet 11 (DO 23-2022)
614,B CENIZA STREET (Public Market),,B CENIZA STREET (Public Market),,"RDO No. 80 - Mandaue City, Cebu.xls", Sheet 11 (DO 23-2022)
615,,,,,"RDO No. 80 - Mandaue City, Cebu.xls", Sheet 11 (DO 23-2022)
616,,,,,"RDO No. 80 - Mandaue City, Cebu.xls", Sheet 11 (DO 23-2022)
617,,,,,"RDO No. 80 - Mandaue City, Cebu.xls", Sheet 11 (DO 23-2022)
618,P. BURGOS STREET,,P. BURGOS STREET,,"RDO No. 80 - Mandaue City, Cebu.xls", Sheet 11 (DO 23-2022)
619,,,,,"RDO No. 80 - Mandaue City, Cebu.xls", Sheet 11 (DO 23-2022)
620,,,,,"RDO No. 80 - Mandaue City, Cebu.xls", Sheet 11 (DO 23-2022)
621,,,,,"RDO No. 80 - Mandaue City, Cebu.xls", Sheet 11 (DO 23-2022)
622,F. CABAHUG ST. (formerly Gen. Luna St.),,F. CABAHUG ST. (formerly Gen. Luna St.),,"RDO No. 80 - Mandaue City, Cebu.xls", Sheet 11 (DO 23-2022)
623,,,,,"RDO No. 80 - Mandaue City, Cebu.xls", Sheet 11 (DO 23-2022)
624,,,,,"RDO No. 80 - Mandaue City, Cebu.xls", Sheet 11 (DO 23-2022)
625,,,,,"RDO No. 80 - Mandaue City, Cebu.xls", Sheet 11 (DO 23-2022)
626,F.E. ZUELIG ST. (RECLAMATION AREA),,F.E. ZUELIG ST. (RECLAMATION AREA),,"RDO No. 80 - Mandaue City, Cebu.xls", Sheet 11 (DO 23-2022)
627,,,,,"RDO No. 80 - Mandaue City, Cebu.xls", Sheet 11 (DO 23-2022)
628,"F. MENDOZA ST., (EXT)",,"F. MENDOZA ST., (EXT)",,"RDO No. 80 - Mandaue City, Cebu.xls", Sheet 11 (DO 23-2022)
629,,,,,"RDO No. 80 - Mandaue City, Cebu.xls", Sheet 11 (DO 23-2022)
630,,,,,"RDO No. 80 - Mandaue City, Cebu.xls", Sheet 11 (DO 23-2022)
631,,,,,"RDO No. 80 - Mandaue City, Cebu.xls", Sheet 11 (DO 23-2022)
632,GOMEZ STREET,,GOMEZ STREET,,"RDO No. 80 - Mandaue City, Cebu.xls", Sheet 11 (DO 23-2022)
633,,,,,"RDO No. 80 - Mandaue City, Cebu.xls", Sheet 11 (DO 23-2022)
634,,,,,"RDO No. 80 - Mandaue City, Cebu.xls", Sheet 11 (DO 23-2022)
635,,,,,"RDO No. 80 - Mandaue City, Cebu.xls", Sheet 11 (DO 23-2022)
636,J. BRIONES ST.,,J. BRIONES ST.,,"RDO No. 80 - Mandaue City, Cebu.xls", Sheet 11 (DO 23-2022)
637,,,,,"RDO No. 80 - Mandaue City, Cebu.xls", Sheet 11 (DO 23-2022)
638,,,,,"RDO No. 80 - Mandaue City, Cebu.xls", Sheet 11 (DO 23-2022)
639,,,,,"RDO No. 80 - Mandaue City, Cebu.xls", Sheet 11 (DO 23-2022)
640,MABINI STREET,,MABINI STREET,,"RDO No. 80 - Mandaue City, Cebu.xls", Sheet 11 (DO 23-2022)
641,,,,,"RDO No. 80 - Mandaue City, Cebu.xls", Sheet 11 (DO 23-2022)
642,,,,,"RDO No. 80 - Mandaue City, Cebu.xls", Sheet 11 (DO 23-2022)
643,,,,,"RDO No. 80 - Mandaue City, Cebu.xls", Sheet 11 (DO 23-2022)
644,PESON ST.,,PESON ST.,,"RDO No. 80 - Mandaue City, Cebu.xls", Sheet 11 (DO 23-2022)
645,,,,,"RDO No. 80 - Mandaue City, Cebu.xls", Sheet 11 (DO 23-2022)
646,,,,,"RDO No. 80 - Mandaue City, Cebu.xls", Sheet 11 (DO 23-2022)
647,,,,,"RDO No. 80 - Mandaue City, Cebu.xls", Sheet 11 (DO 23-2022)
648,PLARIDEL STREET,,PLARIDEL STREET,,"RDO No. 80 - Mandaue City, Cebu.xls", Sheet 11 (DO 23-2022)
649,,,,,"RDO No. 80 - Mandaue City, Cebu.xls", Sheet 11 (DO 23-2022)
650,,,,,"RDO No. 80 - Mandaue City, Cebu.xls", Sheet 11 (DO 23-2022)
651,RIZAL STREET,,RIZAL STREET,,"RDO No. 80 - Mandaue City, Cebu.xls", Sheet 11 (DO 23-2022)
652,S.B CABAHUG ST.,,S.B CABAHUG ST.,,"RDO No. 80 - Mandaue City, Cebu.xls", Sheet 11 (DO 23-2022)
653,,,,,"RDO No. 80 - Mandaue City, Cebu.xls", Sheet 11 (DO 23-2022)
654,,,,,"RDO No. 80 - Mandaue City, Cebu.xls", Sheet 11 (DO 23-2022)
655,,,,,"RDO No. 80 - Mandaue City, Cebu.xls", Sheet 11 (DO 23-2022)
656,U.M. SENO STREET,,U.M. SENO STREET,,"RDO No. 80 - Mandaue City, Cebu.xls", Sheet 11 (DO 23-2022)
657,,,,,"RDO No. 80 - Mandaue City, Cebu.xls", Sheet 11 (DO 23-2022)
658,,,,,"RDO No. 80 - Mandaue City, Cebu.xls", Sheet 11 (DO 23-2022)
659,,,,,"RDO No. 80 - Mandaue City, Cebu.xls", Sheet 11 (DO 23-2022)
660,Province,,Province,,"RDO No. 80 - Mandaue City, Cebu.xls", Sheet 11 (DO 23-2022)
661,City/Municipality,,City/Municipality,,"RDO No. 80 - Mandaue City, Cebu.xls", Sheet 11 (DO 23-2022)
662,Zone/Barangay,,Zone/Barangay,,"RDO No. 80 - Mandaue City, Cebu.xls", Sheet 11 (DO 23-2022)
663,,,,,"RDO No. 80 - Mandaue City, Cebu.xls", Sheet 11 (DO 23-2022)
664,STREET NAME / SUBDIVISION / CONDOMINIUM,,STREET NAME / SUBDIVISION / CONDOMINIUM,,"RDO No. 80 - Mandaue City, Cebu.xls", Sheet 11 (DO 23-2022)
665,ZAMORA STREET,,ZAMORA STREET,,"RDO No. 80 - Mandaue City, Cebu.xls", Sheet 11 (DO 23-2022)
666,,,,,"RDO No. 80 - Mandaue City, Cebu.xls", Sheet 11 (DO 23-2022)
667,,,,,"RDO No. 80 - Mandaue City, Cebu.xls", Sheet 11 (DO 23-2022)
668,,,,,"RDO No. 80 - Mandaue City, Cebu.xls", Sheet 11 (DO 23-2022)
669,ALL OTHER CONDOMINIUM,,ALL OTHER CONDOMINIUM,,"RDO No. 80 - Mandaue City, Cebu.xls", Sheet 11 (DO 23-2022)
670,,,,,"RDO No. 80 - Mandaue City, Cebu.xls", Sheet 11 (DO 23-2022)
671,,,,,"RDO No. 80 - Mandaue City, Cebu.xls", Sheet 11 (DO 23-2022)
672,*** Per Representative DHSUD there are no  Residential and Industrial lands in A. Soriano Avenue,,*** Per Representative DHSUD there are no  Residential and Industrial lands in A. Soriano Avenue,,"RDO No. 80 - Mandaue City, Cebu.xls", Sheet 11 (DO 23-2022)
673,* Reconstituted road / street,,* Reconstituted road / street,,"RDO No. 80 - Mandaue City, Cebu.xls", Sheet 11 (DO 23-2022)
674,,,,,"RDO No. 80 - Mandaue City, Cebu.xls", Sheet 11 (DO 23-2022)
675,Province,,Province,,"RDO No. 80 - Mandaue City, Cebu.xls", Sheet 11 (DO 23-2022)
676,City/Municipality,,City/Municipality,,"RDO No. 80 - Mandaue City, Cebu.xls", Sheet 11 (DO 23-2022)
677,Zone/Barangay,,Zone/Barangay,,"RDO No. 80 - Mandaue City, Cebu.xls", Sheet 11 (DO 23-2022)
678,,,,,"RDO No. 80 - Mandaue City, Cebu.xls", Sheet 11 (DO 23-2022)
679,STREET NAME / SUBDIVISION / CONDOMINIUM,,STREET NAME / SUBDIVISION / CONDOMINIUM,,"RDO No. 80 - Mandaue City, Cebu.xls", Sheet 11 (DO 23-2022)
680,A. ALIVIO STREET,,A. ALIVIO STREET,,"RDO No. 80 - Mandaue City, Cebu.xls", Sheet 11 (DO 23-2022)
681,,,,,"RDO No. 80 - Mandaue City, Cebu.xls", Sheet 11 (DO 23-2022)
682,,,,,"RDO No. 80 - Mandaue City, Cebu.xls", Sheet 11 (DO 23-2022)
683,,,,,"RDO No. 80 - Mandaue City, Cebu.xls", Sheet 11 (DO 23-2022)
684,BAAS JAGOBIAO ROAD (C. CONGSON ST.),,BAAS JAGOBIAO ROAD (C. CONGSON ST.),,"RDO No. 80 - Mandaue City, Cebu.xls", Sheet 11 (DO 23-2022)
685,,,,,"RDO No. 80 - Mandaue City, Cebu.xls", Sheet 11 (DO 23-2022)
686,,,,,"RDO No. 80 - Mandaue City, Cebu.xls", Sheet 11 (DO 23-2022)
687,,,,,"RDO No. 80 - Mandaue City, Cebu.xls", Sheet 11 (DO 23-2022)
688,H. ABELLANA STREET,,H. ABELLANA STREET,,"RDO No. 80 - Mandaue City, Cebu.xls", Sheet 11 (DO 23-2022)
689,,,,,"RDO No. 80 - Mandaue City, Cebu.xls", Sheet 11 (DO 23-2022)
690,,,,,"RDO No. 80 - Mandaue City, Cebu.xls", Sheet 11 (DO 23-2022)
691,,,,,"RDO No. 80 - Mandaue City, Cebu.xls", Sheet 11 (DO 23-2022)
692,P OUANO STREET,,P OUANO STREET,,"RDO No. 80 - Mandaue City, Cebu.xls", Sheet 11 (DO 23-2022)
693,,,,,"RDO No. 80 - Mandaue City, Cebu.xls", Sheet 11 (DO 23-2022)
694,,,,,"RDO No. 80 - Mandaue City, Cebu.xls", Sheet 11 (DO 23-2022)
695,,,,,"RDO No. 80 - Mandaue City, Cebu.xls", Sheet 11 (DO 23-2022)
696,V. SENO STREET,,V. SENO STREET,,"RDO No. 80 - Mandaue City, Cebu.xls", Sheet 11 (DO 23-2022)
697,,,,,"RDO No. 80 - Mandaue City, Cebu.xls", Sheet 11 (DO 23-2022)
698,,,,,"RDO No. 80 - Mandaue City, Cebu.xls", Sheet 11 (DO 23-2022)
699,,,,,"RDO No. 80 - Mandaue City, Cebu.xls", Sheet 11 (DO 23-2022)
700,VICTOR VEGA STREET (formerly CUBACUB-CASILI ROAD),,VICTOR VEGA STREET (formerly CUBACUB-CASILI ROAD),,"RDO No. 80 - Mandaue City, Cebu.xls", Sheet 11 (DO 23-2022)
701,,,,,"RDO No. 80 - Mandaue City, Cebu.xls", Sheet 11 (DO 23-2022)
702,,,,,"RDO No. 80 - Mandaue City, Cebu.xls", Sheet 11 (DO 23-2022)
703,,,,,"RDO No. 80 - Mandaue City, Cebu.xls", Sheet 11 (DO 23-2022)
704,BAAS JAGOBIAO ROAD,,BAAS JAGOBIAO ROAD,,"RDO No. 80 - Mandaue City, Cebu.xls", Sheet 11 (DO 23-2022)
705,,,,,"RDO No. 80 - Mandaue City, Cebu.xls", Sheet 11 (DO 23-2022)
706,,,,,"RDO No. 80 - Mandaue City, Cebu.xls", Sheet 11 (DO 23-2022)
707,ALL OTHER STREETS,,ALL OTHER STREETS,,"RDO No. 80 - Mandaue City, Cebu.xls", Sheet 11 (DO 23-2022)
708,,,,,"RDO No. 80 - Mandaue City, Cebu.xls", Sheet 11 (DO 23-2022)
709,,,,,"RDO No. 80 - Mandaue City, Cebu.xls", Sheet 11 (DO 23-2022)
710,,,,,"RDO No. 80 - Mandaue City, Cebu.xls", Sheet 11 (DO 23-2022)
711,,,,,"RDO No. 80 - Mandaue City, Cebu.xls", Sheet 11 (DO 23-2022)
712,BAMBOO GREEN SUBD,,BAMBOO GREEN SUBD,,"RDO No. 80 - Mandaue City, Cebu.xls", Sheet 11 (DO 23-2022)
713,DECA HOMES SUBD,,DECA HOMES SUBD,,"RDO No. 80 - Mandaue City, Cebu.xls", Sheet 11 (DO 23-2022)
714,SAN MIGUEL VILLAGE PHASE I,,SAN MIGUEL VILLAGE PHASE I,,"RDO No. 80 - Mandaue City, Cebu.xls", Sheet 11 (DO 23-2022)
715,SAN MIGUEL VILLAGE PHASE II,,SAN MIGUEL VILLAGE PHASE II,,"RDO No. 80 - Mandaue City, Cebu.xls", Sheet 11 (DO 23-2022)
716,SAN MIGUEL VILLAGE PHASE III,,SAN MIGUEL VILLAGE PHASE III,,"RDO No. 80 - Mandaue City, Cebu.xls", Sheet 11 (DO 23-2022)
717,ALL OTHER SUBDIVISIONS,,ALL OTHER SUBDIVISIONS,,"RDO No. 80 - Mandaue City, Cebu.xls", Sheet 11 (DO 23-2022)
718,* New Subdivision,,* New Subdivision,,"RDO No. 80 - Mandaue City, Cebu.xls", Sheet 11 (DO 23-2022)
719,,,,,"RDO No. 80 - Mandaue City, Cebu.xls", Sheet 11 (DO 23-2022)
720,Province,,Province,,"RDO No. 80 - Mandaue City, Cebu.xls", Sheet 11 (DO 23-2022)
721,City/Municipality,,City/Municipality,,"RDO No. 80 - Mandaue City, Cebu.xls", Sheet 11 (DO 23-2022)
722,Zone/Barangay,,Zone/Barangay,,"RDO No. 80 - Mandaue City, Cebu.xls", Sheet 11 (DO 23-2022)
723,,,,,"RDO No. 80 - Mandaue City, Cebu.xls", Sheet 11 (DO 23-2022)
724,STREET NAME / SUBDIVISION / CONDOMINIUM,,STREET NAME / SUBDIVISION / CONDOMINIUM,,"RDO No. 80 - Mandaue City, Cebu.xls", Sheet 11 (DO 23-2022)
725,A CORTES AVENUE,,A CORTES AVENUE,,"RDO No. 80 - Mandaue City, Cebu.xls", Sheet 11 (DO 23-2022)
726,,,,,"RDO No. 80 - Mandaue City, Cebu.xls", Sheet 11 (DO 23-2022)
727,,,,,"RDO No. 80 - Mandaue City, Cebu.xls", Sheet 11 (DO 23-2022)
728,,,,,"RDO No. 80 - Mandaue City, Cebu.xls", Sheet 11 (DO 23-2022)
729,A DEL ROSARIO AVENUE,,A DEL ROSARIO AVENUE,,"RDO No. 80 - Mandaue City, Cebu.xls", Sheet 11 (DO 23-2022)
730,,,,,"RDO No. 80 - Mandaue City, Cebu.xls", Sheet 11 (DO 23-2022)
731,,,,,"RDO No. 80 - Mandaue City, Cebu.xls", Sheet 11 (DO 23-2022)
732,,,,,"RDO No. 80 - Mandaue City, Cebu.xls", Sheet 11 (DO 23-2022)
733,A S FORTUNA STREET,,A S FORTUNA STREET,,"RDO No. 80 - Mandaue City, Cebu.xls", Sheet 11 (DO 23-2022)
734,,,,,"RDO No. 80 - Mandaue City, Cebu.xls", Sheet 11 (DO 23-2022)
735,,,,,"RDO No. 80 - Mandaue City, Cebu.xls", Sheet 11 (DO 23-2022)
736,,,,,"RDO No. 80 - Mandaue City, Cebu.xls", Sheet 11 (DO 23-2022)
737,A S FORTUNA EXTENSION,,A S FORTUNA EXTENSION,,"RDO No. 80 - Mandaue City, Cebu.xls", Sheet 11 (DO 23-2022)
738,,,,,"RDO No. 80 - Mandaue City, Cebu.xls", Sheet 11 (DO 23-2022)
739,,,,,"RDO No. 80 - Mandaue City, Cebu.xls", Sheet 11 (DO 23-2022)
740,,,,,"RDO No. 80 - Mandaue City, Cebu.xls", Sheet 11 (DO 23-2022)
741,B.B. CABAHUG STREET,,B.B. CABAHUG STREET,,"RDO No. 80 - Mandaue City, Cebu.xls", Sheet 11 (DO 23-2022)
742,,,,,"RDO No. 80 - Mandaue City, Cebu.xls", Sheet 11 (DO 23-2022)
743,,,,,"RDO No. 80 - Mandaue City, Cebu.xls", Sheet 11 (DO 23-2022)
744,,,,,"RDO No. 80 - Mandaue City, Cebu.xls", Sheet 11 (DO 23-2022)
745,BALINTAWAK (G.O. Batiller St.),,BALINTAWAK (G.O. Batiller St.),,"RDO No. 80 - Mandaue City, Cebu.xls", Sheet 11 (DO 23-2022)
746,,,,,"RDO No. 80 - Mandaue City, Cebu.xls", Sheet 11 (DO 23-2022)
747,,,,,"RDO No. 80 - Mandaue City, Cebu.xls", Sheet 11 (DO 23-2022)
748,,,,,"RDO No. 80 - Mandaue City, Cebu.xls", Sheet 11 (DO 23-2022)
749,CEBU NORTH ROAD (M.C. BRIONES ST.),,CEBU NORTH ROAD (M.C. BRIONES ST.),,"RDO No. 80 - Mandaue City, Cebu.xls", Sheet 11 (DO 23-2022)
750,,,,,"RDO No. 80 - Mandaue City, Cebu.xls", Sheet 11 (DO 23-2022)
751,,,,,"RDO No. 80 - Mandaue City, Cebu.xls", Sheet 11 (DO 23-2022)
752,,,,,"RDO No. 80 - Mandaue City, Cebu.xls", Sheet 11 (DO 23-2022)
753,D.B. NERI ST,,D.B. NERI ST,,"RDO No. 80 - Mandaue City, Cebu.xls", Sheet 11 (DO 23-2022)
754,,,,,"RDO No. 80 - Mandaue City, Cebu.xls", Sheet 11 (DO 23-2022)
755,,,,,"RDO No. 80 - Mandaue City, Cebu.xls", Sheet 11 (DO 23-2022)
756,,,,,"RDO No. 80 - Mandaue City, Cebu.xls", Sheet 11 (DO 23-2022)
757,F. ROSAL ST. (formerly Urdaneta St.),,F. ROSAL ST. (formerly Urdaneta St.),,"RDO No. 80 - Mandaue City, Cebu.xls", Sheet 11 (DO 23-2022)
758,,,,,"RDO No. 80 - Mandaue City, Cebu.xls", Sheet 11 (DO 23-2022)
759,,,,,"RDO No. 80 - Mandaue City, Cebu.xls", Sheet 11 (DO 23-2022)
760,,,,,"RDO No. 80 - Mandaue City, Cebu.xls", Sheet 11 (DO 23-2022)
761,F CABAHUG STREET,,F CABAHUG STREET,,"RDO No. 80 - Mandaue City, Cebu.xls", Sheet 11 (DO 23-2022)
762,,,,,"RDO No. 80 - Mandaue City, Cebu.xls", Sheet 11 (DO 23-2022)
763,,,,,"RDO No. 80 - Mandaue City, Cebu.xls", Sheet 11 (DO 23-2022)
764,,,,,"RDO No. 80 - Mandaue City, Cebu.xls", Sheet 11 (DO 23-2022)
765,L. JAYME STREET,,L. JAYME STREET,,"RDO No. 80 - Mandaue City, Cebu.xls", Sheet 11 (DO 23-2022)
766,,,,,"RDO No. 80 - Mandaue City, Cebu.xls", Sheet 11 (DO 23-2022)
767,,,,,"RDO No. 80 - Mandaue City, Cebu.xls", Sheet 11 (DO 23-2022)
768,,,,,"RDO No. 80 - Mandaue City, Cebu.xls", Sheet 11 (DO 23-2022)
769,LUIS ESPINA STREET,,LUIS ESPINA STREET,,"RDO No. 80 - Mandaue City, Cebu.xls", Sheet 11 (DO 23-2022)
770,,,,,"RDO No. 80 - Mandaue City, Cebu.xls", Sheet 11 (DO 23-2022)
771,,,,,"RDO No. 80 - Mandaue City, Cebu.xls", Sheet 11 (DO 23-2022)
772,,,,,"RDO No. 80 - Mandaue City, Cebu.xls", Sheet 11 (DO 23-2022)
773,M.C. BRIONES ST. (National Highway),,M.C. BRIONES ST. (National Highway),,"RDO No. 80 - Mandaue City, Cebu.xls", Sheet 11 (DO 23-2022)
774,,,,,"RDO No. 80 - Mandaue City, Cebu.xls", Sheet 11 (DO 23-2022)
775,,,,,"RDO No. 80 - Mandaue City, Cebu.xls", Sheet 11 (DO 23-2022)
776,,,,,"RDO No. 80 - Mandaue City, Cebu.xls", Sheet 11 (DO 23-2022)
777,MAGALLANES (E. ROSAL ST.),,MAGALLANES (E. ROSAL ST.),,"RDO No. 80 - Mandaue City, Cebu.xls", Sheet 11 (DO 23-2022)
778,,,,,"RDO No. 80 - Mandaue City, Cebu.xls", Sheet 11 (DO 23-2022)
779,,,,,"RDO No. 80 - Mandaue City, Cebu.xls", Sheet 11 (DO 23-2022)
780,,,,,"RDO No. 80 - Mandaue City, Cebu.xls", Sheet 11 (DO 23-2022)
781,C.D. SENO BOULEVARD,,C.D. SENO BOULEVARD,,"RDO No. 80 - Mandaue City, Cebu.xls", Sheet 11 (DO 23-2022)
782,,,,,"RDO No. 80 - Mandaue City, Cebu.xls", Sheet 11 (DO 23-2022)
783,A. OUANO AVENUE,,A. OUANO AVENUE,,"RDO No. 80 - Mandaue City, Cebu.xls", Sheet 11 (DO 23-2022)
784,,,,,"RDO No. 80 - Mandaue City, Cebu.xls", Sheet 11 (DO 23-2022)
785,W.O. SENO ST.,,W.O. SENO ST.,,"RDO No. 80 - Mandaue City, Cebu.xls", Sheet 11 (DO 23-2022)
786,,,,,"RDO No. 80 - Mandaue City, Cebu.xls", Sheet 11 (DO 23-2022)
787,* Reconstituted road / street,,* Reconstituted road / street,,"RDO No. 80 - Mandaue City, Cebu.xls", Sheet 11 (DO 23-2022)
788,,,,,"RDO No. 80 - Mandaue City, Cebu.xls", Sheet 11 (DO 23-2022)
789,Province,,Province,,"RDO No. 80 - Mandaue City, Cebu.xls", Sheet 11 (DO 23-2022)
790,City/Municipality,,City/Municipality,,"RDO No. 80 - Mandaue City, Cebu.xls", Sheet 11 (DO 23-2022)
791,Zone/Barangay,,Zone/Barangay,,"RDO No. 80 - Mandaue City, Cebu.xls", Sheet 11 (DO 23-2022)
792,,,,,"RDO No. 80 - Mandaue City, Cebu.xls", Sheet 11 (DO 23-2022)
793,STREET NAME / SUBDIVISION / CONDOMINIUM,,STREET NAME / SUBDIVISION / CONDOMINIUM,,"RDO No. 80 - Mandaue City, Cebu.xls", Sheet 11 (DO 23-2022)
794,A CORTES AVENUE,,A CORTES AVENUE,,"RDO No. 80 - Mandaue City, Cebu.xls", Sheet 11 (DO 23-2022)
795,,,,,"RDO No. 80 - Mandaue City, Cebu.xls", Sheet 11 (DO 23-2022)
796,,,,,"RDO No. 80 - Mandaue City, Cebu.xls", Sheet 11 (DO 23-2022)
797,,,,,"RDO No. 80 - Mandaue City, Cebu.xls", Sheet 11 (DO 23-2022)
798,,,,,"RDO No. 80 - Mandaue City, Cebu.xls", Sheet 11 (DO 23-2022)
799,,,,,"RDO No. 80 - Mandaue City, Cebu.xls", Sheet 11 (DO 23-2022)
800,,,,,"RDO No. 80 - Mandaue City, Cebu.xls", Sheet 11 (DO 23-2022)
801,,,,,"RDO No. 80 - Mandaue City, Cebu.xls", Sheet 11 (DO 23-2022)
802,CEBU NORTH ROAD,,CEBU NORTH ROAD,,"RDO No. 80 - Mandaue City, Cebu.xls", Sheet 11 (DO 23-2022)
803,,,,,"RDO No. 80 - Mandaue City, Cebu.xls", Sheet 11 (DO 23-2022)
804,,,,,"RDO No. 80 - Mandaue City, Cebu.xls", Sheet 11 (DO 23-2022)
805,,,,,"RDO No. 80 - Mandaue City, Cebu.xls", Sheet 11 (DO 23-2022)
806,F. CABAHUG ST.,,F. CABAHUG ST.,,"RDO No. 80 - Mandaue City, Cebu.xls", Sheet 11 (DO 23-2022)
807,,,,,"RDO No. 80 - Mandaue City, Cebu.xls", Sheet 11 (DO 23-2022)
808,,,,,"RDO No. 80 - Mandaue City, Cebu.xls", Sheet 11 (DO 23-2022)
809,,,,,"RDO No. 80 - Mandaue City, Cebu.xls", Sheet 11 (DO 23-2022)
810,GERARDO OUANO ST.,,GERARDO OUANO ST.,,"RDO No. 80 - Mandaue City, Cebu.xls", Sheet 11 (DO 23-2022)
811,,,,,"RDO No. 80 - Mandaue City, Cebu.xls", Sheet 11 (DO 23-2022)
812,,,,,"RDO No. 80 - Mandaue City, Cebu.xls", Sheet 11 (DO 23-2022)
813,,,,,"RDO No. 80 - Mandaue City, Cebu.xls", Sheet 11 (DO 23-2022)
814,LIBERTAD,,LIBERTAD,,"RDO No. 80 - Mandaue City, Cebu.xls", Sheet 11 (DO 23-2022)
815,,,,,"RDO No. 80 - Mandaue City, Cebu.xls", Sheet 11 (DO 23-2022)
816,,,,,"RDO No. 80 - Mandaue City, Cebu.xls", Sheet 11 (DO 23-2022)
817,,,,,"RDO No. 80 - Mandaue City, Cebu.xls", Sheet 11 (DO 23-2022)
818,M. SANCHEZ ST.,,M. SANCHEZ ST.,,"RDO No. 80 - Mandaue City, Cebu.xls", Sheet 11 (DO 23-2022)
819,,,,,"RDO No. 80 - Mandaue City, Cebu.xls", Sheet 11 (DO 23-2022)
820,,,,,"RDO No. 80 - Mandaue City, Cebu.xls", Sheet 11 (DO 23-2022)
821,,,,,"RDO No. 80 - Mandaue City, Cebu.xls", Sheet 11 (DO 23-2022)
822,M.C BRIONES ST. (National Highway),,M.C BRIONES ST. (National Highway),,"RDO No. 80 - Mandaue City, Cebu.xls", Sheet 11 (DO 23-2022)
823,,,,,"RDO No. 80 - Mandaue City, Cebu.xls", Sheet 11 (DO 23-2022)
824,,,,,"RDO No. 80 - Mandaue City, Cebu.xls", Sheet 11 (DO 23-2022)
825,,,,,"RDO No. 80 - Mandaue City, Cebu.xls", Sheet 11 (DO 23-2022)
826,R. COLINA STREET (New name of Libertad St.),,R. COLINA STREET (New name of Libertad St.),,"RDO No. 80 - Mandaue City, Cebu.xls", Sheet 11 (DO 23-2022)
827,,,,,"RDO No. 80 - Mandaue City, Cebu.xls", Sheet 11 (DO 23-2022)
828,,,,,"RDO No. 80 - Mandaue City, Cebu.xls", Sheet 11 (DO 23-2022)
829,,,,,"RDO No. 80 - Mandaue City, Cebu.xls", Sheet 11 (DO 23-2022)
830,,,,,"RDO No. 80 - Mandaue City, Cebu.xls", Sheet 11 (DO 23-2022)
831,,,,,"RDO No. 80 - Mandaue City, Cebu.xls", Sheet 11 (DO 23-2022)
832,,,,,"RDO No. 80 - Mandaue City, Cebu.xls", Sheet 11 (DO 23-2022)
833,,,,,"RDO No. 80 - Mandaue City, Cebu.xls", Sheet 11 (DO 23-2022)
834,RIZAL STREET or SB CABAHUG ST.,,RIZAL STREET or SB CABAHUG ST.,,"RDO No. 80 - Mandaue City, Cebu.xls", Sheet 11 (DO 23-2022)
835,,,,,"RDO No. 80 - Mandaue City, Cebu.xls", Sheet 11 (DO 23-2022)
836,,,,,"RDO No. 80 - Mandaue City, Cebu.xls", Sheet 11 (DO 23-2022)
837,,,,,"RDO No. 80 - Mandaue City, Cebu.xls", Sheet 11 (DO 23-2022)
838,S. B. CABAHUG ST.,,S. B. CABAHUG ST.,,"RDO No. 80 - Mandaue City, Cebu.xls", Sheet 11 (DO 23-2022)
839,,,,,"RDO No. 80 - Mandaue City, Cebu.xls", Sheet 11 (DO 23-2022)
840,,,,,"RDO No. 80 - Mandaue City, Cebu.xls", Sheet 11 (DO 23-2022)
841,,,,,"RDO No. 80 - Mandaue City, Cebu.xls", Sheet 11 (DO 23-2022)
842,SANCHEZ STREET,,SANCHEZ STREET,,"RDO No. 80 - Mandaue City, Cebu.xls", Sheet 11 (DO 23-2022)
843,,,,,"RDO No. 80 - Mandaue City, Cebu.xls", Sheet 11 (DO 23-2022)
844,,,,,"RDO No. 80 - Mandaue City, Cebu.xls", Sheet 11 (DO 23-2022)
845,,,,,"RDO No. 80 - Mandaue City, Cebu.xls", Sheet 11 (DO 23-2022)
846,SITIO ESTANCIA,,SITIO ESTANCIA,,"RDO No. 80 - Mandaue City, Cebu.xls", Sheet 11 (DO 23-2022)
847,,,,,"RDO No. 80 - Mandaue City, Cebu.xls", Sheet 11 (DO 23-2022)
848,,,,,"RDO No. 80 - Mandaue City, Cebu.xls", Sheet 11 (DO 23-2022)
849,,,,,"RDO No. 80 - Mandaue City, Cebu.xls", Sheet 11 (DO 23-2022)
850,ALL OTHER STREETS,,ALL OTHER STREETS,,"RDO No. 80 - Mandaue City, Cebu.xls", Sheet 11 (DO 23-2022)
851,,,,,"RDO No. 80 - Mandaue City, Cebu.xls", Sheet 11 (DO 23-2022)
852,,,,,"RDO No. 80 - Mandaue City, Cebu.xls", Sheet 11 (DO 23-2022)
853,,,,,"RDO No. 80 - Mandaue City, Cebu.xls", Sheet 11 (DO 23-2022)
854,BARANGAY ROAD,,BARANGAY ROAD,,"RDO No. 80 - Mandaue City, Cebu.xls", Sheet 11 (DO 23-2022)
855,,,,,"RDO No. 80 - Mandaue City, Cebu.xls", Sheet 11 (DO 23-2022)
856,,,,,"RDO No. 80 - Mandaue City, Cebu.xls", Sheet 11 (DO 23-2022)
857,,,,,"RDO No. 80 - Mandaue City, Cebu.xls", Sheet 11 (DO 23-2022)
858,,,,,"RDO No. 80 - Mandaue City, Cebu.xls", Sheet 11 (DO 23-2022)
859,,,,,"RDO No. 80 - Mandaue City, Cebu.xls", Sheet 11 (DO 23-2022)
860,,,,,"RDO No. 80 - Mandaue City, Cebu.xls", Sheet 11 (DO 23-2022)
861,Province,,Province,,"RDO No. 80 - Mandaue City, Cebu.xls", Sheet 11 (DO 23-2022)
862,City/Municipality,,City/Municipality,,"RDO No. 80 - Mandaue City, Cebu.xls", Sheet 11 (DO 23-2022)
863,Zone/Barangay,,Zone/Barangay,,"RDO No. 80 - Mandaue City, Cebu.xls", Sheet 11 (DO 23-2022)
864,,,,,"RDO No. 80 - Mandaue City, Cebu.xls", Sheet 11 (DO 23-2022)
865,STREET NAME / SUBDIVISION / CONDOMINIUM,,STREET NAME / SUBDIVISION / CONDOMINIUM,,"RDO No. 80 - Mandaue City, Cebu.xls", Sheet 11 (DO 23-2022)
866,BB CABAHUG,,BB CABAHUG,,"RDO No. 80 - Mandaue City, Cebu.xls", Sheet 11 (DO 23-2022)
867,,,,,"RDO No. 80 - Mandaue City, Cebu.xls", Sheet 11 (DO 23-2022)
868,,,,,"RDO No. 80 - Mandaue City, Cebu.xls", Sheet 11 (DO 23-2022)
869,,,,,"RDO No. 80 - Mandaue City, Cebu.xls", Sheet 11 (DO 23-2022)
870,BAAS-JAGOBIAO ROAD (NEW NAME: C. CONGSON ST.),,BAAS-JAGOBIAO ROAD (NEW NAME: C. CONGSON ST.),,"RDO No. 80 - Mandaue City, Cebu.xls", Sheet 11 (DO 23-2022)
871,,,,,"RDO No. 80 - Mandaue City, Cebu.xls", Sheet 11 (DO 23-2022)
872,,,,,"RDO No. 80 - Mandaue City, Cebu.xls", Sheet 11 (DO 23-2022)
873,,,,,"RDO No. 80 - Mandaue City, Cebu.xls", Sheet 11 (DO 23-2022)
874,CEBU NORTH ROAD END,,CEBU NORTH ROAD END,,"RDO No. 80 - Mandaue City, Cebu.xls", Sheet 11 (DO 23-2022)
875,,,,,"RDO No. 80 - Mandaue City, Cebu.xls", Sheet 11 (DO 23-2022)
876,,,,,"RDO No. 80 - Mandaue City, Cebu.xls", Sheet 11 (DO 23-2022)
877,,,,,"RDO No. 80 - Mandaue City, Cebu.xls", Sheet 11 (DO 23-2022)
878,EVERSLEY SANITARIUM,,EVERSLEY SANITARIUM,,"RDO No. 80 - Mandaue City, Cebu.xls", Sheet 11 (DO 23-2022)
879,,,,,"RDO No. 80 - Mandaue City, Cebu.xls", Sheet 11 (DO 23-2022)
880,,,,,"RDO No. 80 - Mandaue City, Cebu.xls", Sheet 11 (DO 23-2022)
881,,,,,"RDO No. 80 - Mandaue City, Cebu.xls", Sheet 11 (DO 23-2022)
882,H. ABELLANA (H. ABELLA),,H. ABELLANA (H. ABELLA),,"RDO No. 80 - Mandaue City, Cebu.xls", Sheet 11 (DO 23-2022)
883,,,,,"RDO No. 80 - Mandaue City, Cebu.xls", Sheet 11 (DO 23-2022)
884,,,,,"RDO No. 80 - Mandaue City, Cebu.xls", Sheet 11 (DO 23-2022)
885,,,,,"RDO No. 80 - Mandaue City, Cebu.xls", Sheet 11 (DO 23-2022)
886,J. ALINSUG,,J. ALINSUG,,"RDO No. 80 - Mandaue City, Cebu.xls", Sheet 11 (DO 23-2022)
887,,,,,"RDO No. 80 - Mandaue City, Cebu.xls", Sheet 11 (DO 23-2022)
888,,,,,"RDO No. 80 - Mandaue City, Cebu.xls", Sheet 11 (DO 23-2022)
889,,,,,"RDO No. 80 - Mandaue City, Cebu.xls", Sheet 11 (DO 23-2022)
890,SITIO TUNGASAN,,SITIO TUNGASAN,,"RDO No. 80 - Mandaue City, Cebu.xls", Sheet 11 (DO 23-2022)
891,,,,,"RDO No. 80 - Mandaue City, Cebu.xls", Sheet 11 (DO 23-2022)
892,T. GO STREET,,T. GO STREET,,"RDO No. 80 - Mandaue City, Cebu.xls", Sheet 11 (DO 23-2022)
893,,,,,"RDO No. 80 - Mandaue City, Cebu.xls", Sheet 11 (DO 23-2022)
894,,,,,"RDO No. 80 - Mandaue City, Cebu.xls", Sheet 11 (DO 23-2022)
895,,,,,"RDO No. 80 - Mandaue City, Cebu.xls", Sheet 11 (DO 23-2022)
896,UNION CARBIDE HILLS,,UNION CARBIDE HILLS,,"RDO No. 80 - Mandaue City, Cebu.xls", Sheet 11 (DO 23-2022)
897,,,,,"RDO No. 80 - Mandaue City, Cebu.xls", Sheet 11 (DO 23-2022)
898,,,,,"RDO No. 80 - Mandaue City, Cebu.xls", Sheet 11 (DO 23-2022)
899,,,,,"RDO No. 80 - Mandaue City, Cebu.xls", Sheet 11 (DO 23-2022)
900,ALL OTHERS STREET,,ALL OTHERS STREET,,"RDO No. 80 - Mandaue City, Cebu.xls", Sheet 11 (DO 23-2022)
901,,,,,"RDO No. 80 - Mandaue City, Cebu.xls", Sheet 11 (DO 23-2022)
902,,,,,"RDO No. 80 - Mandaue City, Cebu.xls", Sheet 11 (DO 23-2022)
903,,,,,"RDO No. 80 - Mandaue City, Cebu.xls", Sheet 11 (DO 23-2022)
904,THE HERITAGE,,THE HERITAGE,,"RDO No. 80 - Mandaue City, Cebu.xls", Sheet 11 (DO 23-2022)
905,CITYHOMES PREMIERE,,CITYHOMES PREMIERE,,"RDO No. 80 - Mandaue City, Cebu.xls", Sheet 11 (DO 23-2022)
906,DECA HOMES PRIME,,DECA HOMES PRIME,,"RDO No. 80 - Mandaue City, Cebu.xls", Sheet 11 (DO 23-2022)
907,ALL OTHER SUBDIVISIONS,,ALL OTHER SUBDIVISIONS,,"RDO No. 80 - Mandaue City, Cebu.xls", Sheet 11 (DO 23-2022)
908,NOTE : * B.B. CABAHUG IS LOCATED IN BARANGAY GUIZO.,,NOTE : * B.B. CABAHUG IS LOCATED IN BARANGAY GUIZO.,,"RDO No. 80 - Mandaue City, Cebu.xls", Sheet 11 (DO 23-2022)
909,** New Subdivision,,** New Subdivision,,"RDO No. 80 - Mandaue City, Cebu.xls", Sheet 11 (DO 23-2022)
910,,,,,"RDO No. 80 - Mandaue City, Cebu.xls", Sheet 11 (DO 23-2022)
911,Province,,Province,,"RDO No. 80 - Mandaue City, Cebu.xls", Sheet 11 (DO 23-2022)
912,City/Municipality,,City/Municipality,,"RDO No. 80 - Mandaue City, Cebu.xls", Sheet 11 (DO 23-2022)
913,Zone/Barangay,,Zone/Barangay,,"RDO No. 80 - Mandaue City, Cebu.xls", Sheet 11 (DO 23-2022)
914,,,,,"RDO No. 80 - Mandaue City, Cebu.xls", Sheet 11 (DO 23-2022)
915,STREET NAME / SUBDIVISION / CONDOMINIUM,,STREET NAME / SUBDIVISION / CONDOMINIUM,,"RDO No. 80 - Mandaue City, Cebu.xls", Sheet 11 (DO 23-2022)
916,CEBU NORTH ROAD,,CEBU NORTH ROAD,,"RDO No. 80 - Mandaue City, Cebu.xls", Sheet 11 (DO 23-2022)
917,,,,,"RDO No. 80 - Mandaue City, Cebu.xls", Sheet 11 (DO 23-2022)
918,,,,,"RDO No. 80 - Mandaue City, Cebu.xls", Sheet 11 (DO 23-2022)
919,,,,,"RDO No. 80 - Mandaue City, Cebu.xls", Sheet 11 (DO 23-2022)
920,FATIMA ROAD,,FATIMA ROAD,,"RDO No. 80 - Mandaue City, Cebu.xls", Sheet 11 (DO 23-2022)
921,,,,,"RDO No. 80 - Mandaue City, Cebu.xls", Sheet 11 (DO 23-2022)
922,,,,,"RDO No. 80 - Mandaue City, Cebu.xls", Sheet 11 (DO 23-2022)
923,,,,,"RDO No. 80 - Mandaue City, Cebu.xls", Sheet 11 (DO 23-2022)
924,LABOGON CIRCUMFERENTIAL ROAD,,LABOGON CIRCUMFERENTIAL ROAD,,"RDO No. 80 - Mandaue City, Cebu.xls", Sheet 11 (DO 23-2022)
925,,,,,"RDO No. 80 - Mandaue City, Cebu.xls", Sheet 11 (DO 23-2022)
926,,,,,"RDO No. 80 - Mandaue City, Cebu.xls", Sheet 11 (DO 23-2022)
927,,,,,"RDO No. 80 - Mandaue City, Cebu.xls", Sheet 11 (DO 23-2022)
928,PACIFICA ROAD- UPPER ROAD,,PACIFICA ROAD- UPPER ROAD,,"RDO No. 80 - Mandaue City, Cebu.xls", Sheet 11 (DO 23-2022)
929,LABOGON ROAD,,LABOGON ROAD,,"RDO No. 80 - Mandaue City, Cebu.xls", Sheet 11 (DO 23-2022)
930,,,,,"RDO No. 80 - Mandaue City, Cebu.xls", Sheet 11 (DO 23-2022)
931,,,,,"RDO No. 80 - Mandaue City, Cebu.xls", Sheet 11 (DO 23-2022)
932,,,,,"RDO No. 80 - Mandaue City, Cebu.xls", Sheet 11 (DO 23-2022)
933,LABOGON-PAKNAAN,,LABOGON-PAKNAAN,,"RDO No. 80 - Mandaue City, Cebu.xls", Sheet 11 (DO 23-2022)
934,,,,,"RDO No. 80 - Mandaue City, Cebu.xls", Sheet 11 (DO 23-2022)
935,,,,,"RDO No. 80 - Mandaue City, Cebu.xls", Sheet 11 (DO 23-2022)
936,,,,,"RDO No. 80 - Mandaue City, Cebu.xls", Sheet 11 (DO 23-2022)
937,S. JAYME STREET,,S. JAYME STREET,,"RDO No. 80 - Mandaue City, Cebu.xls", Sheet 11 (DO 23-2022)
938,,,,,"RDO No. 80 - Mandaue City, Cebu.xls", Sheet 11 (DO 23-2022)
939,,,,,"RDO No. 80 - Mandaue City, Cebu.xls", Sheet 11 (DO 23-2022)
940,,,,,"RDO No. 80 - Mandaue City, Cebu.xls", Sheet 11 (DO 23-2022)
941,S.E. LLENES,,S.E. LLENES,,"RDO No. 80 - Mandaue City, Cebu.xls", Sheet 11 (DO 23-2022)
942,,,,,"RDO No. 80 - Mandaue City, Cebu.xls", Sheet 11 (DO 23-2022)
943,LATASAN,,LATASAN,,"RDO No. 80 - Mandaue City, Cebu.xls", Sheet 11 (DO 23-2022)
944,GOLDEN BRIDGE,,GOLDEN BRIDGE,,"RDO No. 80 - Mandaue City, Cebu.xls", Sheet 11 (DO 23-2022)
945,ALL OTHERS STREETS,,ALL OTHERS STREETS,,"RDO No. 80 - Mandaue City, Cebu.xls", Sheet 11 (DO 23-2022)
946,,,,,"RDO No. 80 - Mandaue City, Cebu.xls", Sheet 11 (DO 23-2022)
947,,,,,"RDO No. 80 - Mandaue City, Cebu.xls", Sheet 11 (DO 23-2022)
948,,,,,"RDO No. 80 - Mandaue City, Cebu.xls", Sheet 11 (DO 23-2022)
949,DONA ROSARIO VILLAGE,,DONA ROSARIO VILLAGE,,"RDO No. 80 - Mandaue City, Cebu.xls", Sheet 11 (DO 23-2022)
950,MA. ANTONIA SUBD.,,MA. ANTONIA SUBD.,,"RDO No. 80 - Mandaue City, Cebu.xls", Sheet 11 (DO 23-2022)
951,SLIDING HILLS,,SLIDING HILLS,,"RDO No. 80 - Mandaue City, Cebu.xls", Sheet 11 (DO 23-2022)
952,YY COMPOUND,,YY COMPOUND,,"RDO No. 80 - Mandaue City, Cebu.xls", Sheet 11 (DO 23-2022)
953,VILLA LOLITA,,VILLA LOLITA,,"RDO No. 80 - Mandaue City, Cebu.xls", Sheet 11 (DO 23-2022)
954,SACRED HEART SUBDIVISION,,SACRED HEART SUBDIVISION,,"RDO No. 80 - Mandaue City, Cebu.xls", Sheet 11 (DO 23-2022)
955,ALL OTHER SUBDIVISION,,ALL OTHER SUBDIVISION,,"RDO No. 80 - Mandaue City, Cebu.xls", Sheet 11 (DO 23-2022)
956,,,,,"RDO No. 80 - Mandaue City, Cebu.xls", Sheet 11 (DO 23-2022)
957,,,,,"RDO No. 80 - Mandaue City, Cebu.xls", Sheet 11 (DO 23-2022)
958,Province,,Province,,"RDO No. 80 - Mandaue City, Cebu.xls", Sheet 11 (DO 23-2022)
959,City/Municipality,,City/Municipality,,"RDO No. 80 - Mandaue City, Cebu.xls", Sheet 11 (DO 23-2022)
960,Zone/Barangay,,Zone/Barangay,,"RDO No. 80 - Mandaue City, Cebu.xls", Sheet 11 (DO 23-2022)
961,,,,,"RDO No. 80 - Mandaue City, Cebu.xls", Sheet 11 (DO 23-2022)
962,STREET NAME / SUBDIVISION / CONDOMINIUM,,STREET NAME / SUBDIVISION / CONDOMINIUM,,"RDO No. 80 - Mandaue City, Cebu.xls", Sheet 11 (DO 23-2022)
963,JUAN M CENIZA STREET,,JUAN M CENIZA STREET,,"RDO No. 80 - Mandaue City, Cebu.xls", Sheet 11 (DO 23-2022)
964,,,,,"RDO No. 80 - Mandaue City, Cebu.xls", Sheet 11 (DO 23-2022)
965,,,,,"RDO No. 80 - Mandaue City, Cebu.xls", Sheet 11 (DO 23-2022)
966,,,,,"RDO No. 80 - Mandaue City, Cebu.xls", Sheet 11 (DO 23-2022)
967,MABINI STREET,,MABINI STREET,,"RDO No. 80 - Mandaue City, Cebu.xls", Sheet 11 (DO 23-2022)
968,,,,,"RDO No. 80 - Mandaue City, Cebu.xls", Sheet 11 (DO 23-2022)
969,,,,,"RDO No. 80 - Mandaue City, Cebu.xls", Sheet 11 (DO 23-2022)
970,,,,,"RDO No. 80 - Mandaue City, Cebu.xls", Sheet 11 (DO 23-2022)
971,,,,,"RDO No. 80 - Mandaue City, Cebu.xls", Sheet 11 (DO 23-2022)
972,,,,,"RDO No. 80 - Mandaue City, Cebu.xls", Sheet 11 (DO 23-2022)
973,,,,,"RDO No. 80 - Mandaue City, Cebu.xls", Sheet 11 (DO 23-2022)
974,OUANO STREET,,OUANO STREET,,"RDO No. 80 - Mandaue City, Cebu.xls", Sheet 11 (DO 23-2022)
975,,,,,"RDO No. 80 - Mandaue City, Cebu.xls", Sheet 11 (DO 23-2022)
976,,,,,"RDO No. 80 - Mandaue City, Cebu.xls", Sheet 11 (DO 23-2022)
977,,,,,"RDO No. 80 - Mandaue City, Cebu.xls", Sheet 11 (DO 23-2022)
978,PLARIDEL STREET (now J. BRIONES ST.),,PLARIDEL STREET (now J. BRIONES ST.),,"RDO No. 80 - Mandaue City, Cebu.xls", Sheet 11 (DO 23-2022)
979,,,,,"RDO No. 80 - Mandaue City, Cebu.xls", Sheet 11 (DO 23-2022)
980,,,,,"RDO No. 80 - Mandaue City, Cebu.xls", Sheet 11 (DO 23-2022)
981,,,,,"RDO No. 80 - Mandaue City, Cebu.xls", Sheet 11 (DO 23-2022)
982,,,,,"RDO No. 80 - Mandaue City, Cebu.xls", Sheet 11 (DO 23-2022)
983,A.C. CORTES AVENUE,,A.C. CORTES AVENUE,,"RDO No. 80 - Mandaue City, Cebu.xls", Sheet 11 (DO 23-2022)
984,,,,,"RDO No. 80 - Mandaue City, Cebu.xls", Sheet 11 (DO 23-2022)
985,,,,,"RDO No. 80 - Mandaue City, Cebu.xls", Sheet 11 (DO 23-2022)
986,SAN ANTONIO STREET (now F. MENDOZA ST.),,SAN ANTONIO STREET (now F. MENDOZA ST.),,"RDO No. 80 - Mandaue City, Cebu.xls", Sheet 11 (DO 23-2022)
987,,,,,"RDO No. 80 - Mandaue City, Cebu.xls", Sheet 11 (DO 23-2022)
988,,,,,"RDO No. 80 - Mandaue City, Cebu.xls", Sheet 11 (DO 23-2022)
989,,,,,"RDO No. 80 - Mandaue City, Cebu.xls", Sheet 11 (DO 23-2022)
990,ALL OTHER STREET,,ALL OTHER STREET,,"RDO No. 80 - Mandaue City, Cebu.xls", Sheet 11 (DO 23-2022)
991,,,,,"RDO No. 80 - Mandaue City, Cebu.xls", Sheet 11 (DO 23-2022)
992,,,,,"RDO No. 80 - Mandaue City, Cebu.xls", Sheet 11 (DO 23-2022)
993,,,,,"RDO No. 80 - Mandaue City, Cebu.xls", Sheet 11 (DO 23-2022)
994,FELICITAS VILLAGE,,FELICITAS VILLAGE,,"RDO No. 80 - Mandaue City, Cebu.xls", Sheet 11 (DO 23-2022)
995,,,,,"RDO No. 80 - Mandaue City, Cebu.xls", Sheet 11 (DO 23-2022)
996,,,,,"RDO No. 80 - Mandaue City, Cebu.xls", Sheet 11 (DO 23-2022)
997,Province,,Province,,"RDO No. 80 - Mandaue City, Cebu.xls", Sheet 11 (DO 23-2022)
998,City/Municipality,,City/Municipality,,"RDO No. 80 - Mandaue City, Cebu.xls", Sheet 11 (DO 23-2022)
999,Zone/Barangay,,Zone/Barangay,,"RDO No. 80 - Mandaue City, Cebu.xls", Sheet 11 (DO 23-2022)
1000,,,,,"RDO No. 80 - Mandaue City, Cebu.xls", Sheet 11 (DO 23-2022)
1001,STREET NAME / SUBDIVISION / CONDOMINIUM,,STREET NAME / SUBDIVISION / CONDOMINIUM,,"RDO No. 80 - Mandaue City, Cebu.xls", Sheet 11 (DO 23-2022)
1002,V. ALABANO STREET,,V. ALABANO STREET,,"RDO No. 80 - Mandaue City, Cebu.xls", Sheet 11 (DO 23-2022)
1003,,,,,"RDO No. 80 - Mandaue City, Cebu.xls", Sheet 11 (DO 23-2022)
1004,,,,,"RDO No. 80 - Mandaue City, Cebu.xls", Sheet 11 (DO 23-2022)
1005,,,,,"RDO No. 80 - Mandaue City, Cebu.xls", Sheet 11 (DO 23-2022)
1006,CEBU NORTH ROAD/M.C. BRIONEL (National Highway),,CEBU NORTH ROAD/M.C. BRIONEL (National Highway),,"RDO No. 80 - Mandaue City, Cebu.xls", Sheet 11 (DO 23-2022)
1007,,,,,"RDO No. 80 - Mandaue City, Cebu.xls", Sheet 11 (DO 23-2022)
1008,,,,,"RDO No. 80 - Mandaue City, Cebu.xls", Sheet 11 (DO 23-2022)
1009,,,,,"RDO No. 80 - Mandaue City, Cebu.xls", Sheet 11 (DO 23-2022)
1010,M L QUEZON AVENUE,,M L QUEZON AVENUE,,"RDO No. 80 - Mandaue City, Cebu.xls", Sheet 11 (DO 23-2022)
1011,,,,,"RDO No. 80 - Mandaue City, Cebu.xls", Sheet 11 (DO 23-2022)
1012,,,,,"RDO No. 80 - Mandaue City, Cebu.xls", Sheet 11 (DO 23-2022)
1013,,,,,"RDO No. 80 - Mandaue City, Cebu.xls", Sheet 11 (DO 23-2022)
1014,M.D. ECHAVEZ ST (Sudlon to Maguikay Elem School),,M.D. ECHAVEZ ST (Sudlon to Maguikay Elem School),,"RDO No. 80 - Mandaue City, Cebu.xls", Sheet 11 (DO 23-2022)
1015,,,,,"RDO No. 80 - Mandaue City, Cebu.xls", Sheet 11 (DO 23-2022)
1016,,,,,"RDO No. 80 - Mandaue City, Cebu.xls", Sheet 11 (DO 23-2022)
1017,,,,,"RDO No. 80 - Mandaue City, Cebu.xls", Sheet 11 (DO 23-2022)
1018,N. CABAHUG ST.,,N. CABAHUG ST.,,"RDO No. 80 - Mandaue City, Cebu.xls", Sheet 11 (DO 23-2022)
1019,,,,,"RDO No. 80 - Mandaue City, Cebu.xls", Sheet 11 (DO 23-2022)
1020,,,,,"RDO No. 80 - Mandaue City, Cebu.xls", Sheet 11 (DO 23-2022)
1021,,,,,"RDO No. 80 - Mandaue City, Cebu.xls", Sheet 11 (DO 23-2022)
1022,L. JAYME ST.,,L. JAYME ST.,,"RDO No. 80 - Mandaue City, Cebu.xls", Sheet 11 (DO 23-2022)
1023,,,,,"RDO No. 80 - Mandaue City, Cebu.xls", Sheet 11 (DO 23-2022)
1024,,,,,"RDO No. 80 - Mandaue City, Cebu.xls", Sheet 11 (DO 23-2022)
1025,,,,,"RDO No. 80 - Mandaue City, Cebu.xls", Sheet 11 (DO 23-2022)
1026,,,,,"RDO No. 80 - Mandaue City, Cebu.xls", Sheet 11 (DO 23-2022)
1027,,,,,"RDO No. 80 - Mandaue City, Cebu.xls", Sheet 11 (DO 23-2022)
1028,,,,,"RDO No. 80 - Mandaue City, Cebu.xls", Sheet 11 (DO 23-2022)
1029,,,,,"RDO No. 80 - Mandaue City, Cebu.xls", Sheet 11 (DO 23-2022)
1030,MAGUIKAY-CANSUNTINGAN (Asahi Road),,MAGUIKAY-CANSUNTINGAN (Asahi Road),,"RDO No. 80 - Mandaue City, Cebu.xls", Sheet 11 (DO 23-2022)
1031,,,,,"RDO No. 80 - Mandaue City, Cebu.xls", Sheet 11 (DO 23-2022)
1032,,,,,"RDO No. 80 - Mandaue City, Cebu.xls", Sheet 11 (DO 23-2022)
1033,,,,,"RDO No. 80 - Mandaue City, Cebu.xls", Sheet 11 (DO 23-2022)
1034,MAGUIKAY FEEDER ROAD,,MAGUIKAY FEEDER ROAD,,"RDO No. 80 - Mandaue City, Cebu.xls", Sheet 11 (DO 23-2022)
1035,,,,,"RDO No. 80 - Mandaue City, Cebu.xls", Sheet 11 (DO 23-2022)
1036,,,,,"RDO No. 80 - Mandaue City, Cebu.xls", Sheet 11 (DO 23-2022)
1037,,,,,"RDO No. 80 - Mandaue City, Cebu.xls", Sheet 11 (DO 23-2022)
1038,M. CENIZA STREET,,M. CENIZA STREET,,"RDO No. 80 - Mandaue City, Cebu.xls", Sheet 11 (DO 23-2022)
1039,,,,,"RDO No. 80 - Mandaue City, Cebu.xls", Sheet 11 (DO 23-2022)
1040,,,,,"RDO No. 80 - Mandaue City, Cebu.xls", Sheet 11 (DO 23-2022)
1041,,,,,"RDO No. 80 - Mandaue City, Cebu.xls", Sheet 11 (DO 23-2022)
1042,I. FMI (Brgy. Road) (Road going to Profood Intl.),,I. FMI (Brgy. Road) (Road going to Profood Intl.),,"RDO No. 80 - Mandaue City, Cebu.xls", Sheet 11 (DO 23-2022)
1043,,,,,"RDO No. 80 - Mandaue City, Cebu.xls", Sheet 11 (DO 23-2022)
1044,,,,,"RDO No. 80 - Mandaue City, Cebu.xls", Sheet 11 (DO 23-2022)
1045,,,,,"RDO No. 80 - Mandaue City, Cebu.xls", Sheet 11 (DO 23-2022)
1046,RED SEA ROAD (Brgy. Road),,RED SEA ROAD (Brgy. Road),,"RDO No. 80 - Mandaue City, Cebu.xls", Sheet 11 (DO 23-2022)
1047,,,,,"RDO No. 80 - Mandaue City, Cebu.xls", Sheet 11 (DO 23-2022)
1048,,,,,"RDO No. 80 - Mandaue City, Cebu.xls", Sheet 11 (DO 23-2022)
1049,,,,,"RDO No. 80 - Mandaue City, Cebu.xls", Sheet 11 (DO 23-2022)
1050,NURSERY ROAD(Part of M.D. Echavez Rd.),,NURSERY ROAD(Part of M.D. Echavez Rd.),,"RDO No. 80 - Mandaue City, Cebu.xls", Sheet 11 (DO 23-2022)
1051,,,,,"RDO No. 80 - Mandaue City, Cebu.xls", Sheet 11 (DO 23-2022)
1052,,,,,"RDO No. 80 - Mandaue City, Cebu.xls", Sheet 11 (DO 23-2022)
1053,,,,,"RDO No. 80 - Mandaue City, Cebu.xls", Sheet 11 (DO 23-2022)
1054,N.S.CABAHUG STREET,,N.S.CABAHUG STREET,,"RDO No. 80 - Mandaue City, Cebu.xls", Sheet 11 (DO 23-2022)
1055,,,,,"RDO No. 80 - Mandaue City, Cebu.xls", Sheet 11 (DO 23-2022)
1056,,,,,"RDO No. 80 - Mandaue City, Cebu.xls", Sheet 11 (DO 23-2022)
1057,,,,,"RDO No. 80 - Mandaue City, Cebu.xls", Sheet 11 (DO 23-2022)
1058,,,,,"RDO No. 80 - Mandaue City, Cebu.xls", Sheet 11 (DO 23-2022)
1059,,,,,"RDO No. 80 - Mandaue City, Cebu.xls", Sheet 11 (DO 23-2022)
1060,,,,,"RDO No. 80 - Mandaue City, Cebu.xls", Sheet 11 (DO 23-2022)
1061,,,,,"RDO No. 80 - Mandaue City, Cebu.xls", Sheet 11 (DO 23-2022)
1062,TINGUB-MAGUIKAY ROAD (M. Ceniza St.),,TINGUB-MAGUIKAY ROAD (M. Ceniza St.),,"RDO No. 80 - Mandaue City, Cebu.xls", Sheet 11 (DO 23-2022)
1063,,,,,"RDO No. 80 - Mandaue City, Cebu.xls", Sheet 11 (DO 23-2022)
1064,,,,,"RDO No. 80 - Mandaue City, Cebu.xls", Sheet 11 (DO 23-2022)
1065,,,,,"RDO No. 80 - Mandaue City, Cebu.xls", Sheet 11 (DO 23-2022)
1066,Province,,Province,,"RDO No. 80 - Mandaue City, Cebu.xls", Sheet 11 (DO 23-2022)
1067,City/Municipality,,City/Municipality,,"RDO No. 80 - Mandaue City, Cebu.xls", Sheet 11 (DO 23-2022)
1068,Zone/Barangay,,Zone/Barangay,,"RDO No. 80 - Mandaue City, Cebu.xls", Sheet 11 (DO 23-2022)
1069,,,,,"RDO No. 80 - Mandaue City, Cebu.xls", Sheet 11 (DO 23-2022)
1070,STREET NAME / SUBDIVISION / CONDOMINIUM,,STREET NAME / SUBDIVISION / CONDOMINIUM,,"RDO No. 80 - Mandaue City, Cebu.xls", Sheet 11 (DO 23-2022)
1071,ALL OTHERS STREETS,,ALL OTHERS STREETS,,"RDO No. 80 - Mandaue City, Cebu.xls", Sheet 11 (DO 23-2022)
1072,,,,,"RDO No. 80 - Mandaue City, Cebu.xls", Sheet 11 (DO 23-2022)
1073,,,,,"RDO No. 80 - Mandaue City, Cebu.xls", Sheet 11 (DO 23-2022)
1074,,,,,"RDO No. 80 - Mandaue City, Cebu.xls", Sheet 11 (DO 23-2022)
1075,UNNAMED ST(B.C. Albaño St.),,UNNAMED ST(B.C. Albaño St.),,"RDO No. 80 - Mandaue City, Cebu.xls", Sheet 11 (DO 23-2022)
1076,,,,,"RDO No. 80 - Mandaue City, Cebu.xls", Sheet 11 (DO 23-2022)
1077,,,,,"RDO No. 80 - Mandaue City, Cebu.xls", Sheet 11 (DO 23-2022)
1078,,,,,"RDO No. 80 - Mandaue City, Cebu.xls", Sheet 11 (DO 23-2022)
1079,NORTH CALDEROHAN,,NORTH CALDEROHAN,,"RDO No. 80 - Mandaue City, Cebu.xls", Sheet 11 (DO 23-2022)
1080,NAZARETH VALLEY,,NAZARETH VALLEY,,"RDO No. 80 - Mandaue City, Cebu.xls", Sheet 11 (DO 23-2022)
1081,SUGAR VALLEY,,SUGAR VALLEY,,"RDO No. 80 - Mandaue City, Cebu.xls", Sheet 11 (DO 23-2022)
1082,,,,,"RDO No. 80 - Mandaue City, Cebu.xls", Sheet 11 (DO 23-2022)
1083,LITTLE TOKYO,,LITTLE TOKYO,,"RDO No. 80 - Mandaue City, Cebu.xls", Sheet 11 (DO 23-2022)
1084,SITIO YAMOG,,SITIO YAMOG,,"RDO No. 80 - Mandaue City, Cebu.xls", Sheet 11 (DO 23-2022)
1085,SITIO SALVACION,,SITIO SALVACION,,"RDO No. 80 - Mandaue City, Cebu.xls", Sheet 11 (DO 23-2022)
1086,SITIO LUPA,,SITIO LUPA,,"RDO No. 80 - Mandaue City, Cebu.xls", Sheet 11 (DO 23-2022)
1087,MARFA,,MARFA,,"RDO No. 80 - Mandaue City, Cebu.xls", Sheet 11 (DO 23-2022)
1088,VILLLA FATIMA,,VILLLA FATIMA,,"RDO No. 80 - Mandaue City, Cebu.xls", Sheet 11 (DO 23-2022)
1089,R.L TOWNHOUSE,,R.L TOWNHOUSE,,"RDO No. 80 - Mandaue City, Cebu.xls", Sheet 11 (DO 23-2022)
1090,KARL'S TOWN PHASE I,,KARL'S TOWN PHASE I,,"RDO No. 80 - Mandaue City, Cebu.xls", Sheet 11 (DO 23-2022)
1091,KARL'S TOWN PHASE II,,KARL'S TOWN PHASE II,,"RDO No. 80 - Mandaue City, Cebu.xls", Sheet 11 (DO 23-2022)
1092,GK VILLAGE - MAGUIKAY,,GK VILLAGE - MAGUIKAY,,"RDO No. 80 - Mandaue City, Cebu.xls", Sheet 11 (DO 23-2022)
1093,ALL OTHER SUBDIVISION,,ALL OTHER SUBDIVISION,,"RDO No. 80 - Mandaue City, Cebu.xls", Sheet 11 (DO 23-2022)
1094,* New Subdivision,,* New Subdivision,,"RDO No. 80 - Mandaue City, Cebu.xls", Sheet 11 (DO 23-2022)
1095,,,,,"RDO No. 80 - Mandaue City, Cebu.xls", Sheet 11 (DO 23-2022)
1096,,,,,"RDO No. 80 - Mandaue City, Cebu.xls", Sheet 11 (DO 23-2022)
1097,Province,,Province,,"RDO No. 80 - Mandaue City, Cebu.xls", Sheet 11 (DO 23-2022)
1098,City/Municipality,,City/Municipality,,"RDO No. 80 - Mandaue City, Cebu.xls", Sheet 11 (DO 23-2022)
1099,Zone/Barangay,,Zone/Barangay,,"RDO No. 80 - Mandaue City, Cebu.xls", Sheet 11 (DO 23-2022)
1100,,,,,"RDO No. 80 - Mandaue City, Cebu.xls", Sheet 11 (DO 23-2022)
1101,STREET NAME / SUBDIVISION / CONDOMINIUM,,STREET NAME / SUBDIVISION / CONDOMINIUM,,"RDO No. 80 - Mandaue City, Cebu.xls", Sheet 11 (DO 23-2022)
1102,A DEL ROSARIO AVENUE,,A DEL ROSARIO AVENUE,,"RDO No. 80 - Mandaue City, Cebu.xls", Sheet 11 (DO 23-2022)
1103,,,,,"RDO No. 80 - Mandaue City, Cebu.xls", Sheet 11 (DO 23-2022)
1104,,,,,"RDO No. 80 - Mandaue City, Cebu.xls", Sheet 11 (DO 23-2022)
1105,,,,,"RDO No. 80 - Mandaue City, Cebu.xls", Sheet 11 (DO 23-2022)
1106,SUSON STREET,,SUSON STREET,,"RDO No. 80 - Mandaue City, Cebu.xls", Sheet 11 (DO 23-2022)
1107,,,,,"RDO No. 80 - Mandaue City, Cebu.xls", Sheet 11 (DO 23-2022)
1108,,,,,"RDO No. 80 - Mandaue City, Cebu.xls", Sheet 11 (DO 23-2022)
1109,,,,,"RDO No. 80 - Mandaue City, Cebu.xls", Sheet 11 (DO 23-2022)
1110,A. S FORTUNA EXTENSION,,A. S FORTUNA EXTENSION,,"RDO No. 80 - Mandaue City, Cebu.xls", Sheet 11 (DO 23-2022)
1111,,,,,"RDO No. 80 - Mandaue City, Cebu.xls", Sheet 11 (DO 23-2022)
1112,,,,,"RDO No. 80 - Mandaue City, Cebu.xls", Sheet 11 (DO 23-2022)
1113,,,,,"RDO No. 80 - Mandaue City, Cebu.xls", Sheet 11 (DO 23-2022)
1114,A. SORIANO AVENUE,,A. SORIANO AVENUE,,"RDO No. 80 - Mandaue City, Cebu.xls", Sheet 11 (DO 23-2022)
1115,,,,,"RDO No. 80 - Mandaue City, Cebu.xls", Sheet 11 (DO 23-2022)
1116,B. CENIZA ST.,,B. CENIZA ST.,,"RDO No. 80 - Mandaue City, Cebu.xls", Sheet 11 (DO 23-2022)
1117,,,,,"RDO No. 80 - Mandaue City, Cebu.xls", Sheet 11 (DO 23-2022)
1118,,,,,"RDO No. 80 - Mandaue City, Cebu.xls", Sheet 11 (DO 23-2022)
1119,,,,,"RDO No. 80 - Mandaue City, Cebu.xls", Sheet 11 (DO 23-2022)
1120,C.D. SENO BLVD.,,C.D. SENO BLVD.,,"RDO No. 80 - Mandaue City, Cebu.xls", Sheet 11 (DO 23-2022)
1121,,,,,"RDO No. 80 - Mandaue City, Cebu.xls", Sheet 11 (DO 23-2022)
1122,ECHIVARRE,,ECHIVARRE,,"RDO No. 80 - Mandaue City, Cebu.xls", Sheet 11 (DO 23-2022)
1123,,,,,"RDO No. 80 - Mandaue City, Cebu.xls", Sheet 11 (DO 23-2022)
1124,,,,,"RDO No. 80 - Mandaue City, Cebu.xls", Sheet 11 (DO 23-2022)
1125,,,,,"RDO No. 80 - Mandaue City, Cebu.xls", Sheet 11 (DO 23-2022)
1126,F. CABAHUG ST.,,F. CABAHUG ST.,,"RDO No. 80 - Mandaue City, Cebu.xls", Sheet 11 (DO 23-2022)
1127,,,,,"RDO No. 80 - Mandaue City, Cebu.xls", Sheet 11 (DO 23-2022)
1128,,,,,"RDO No. 80 - Mandaue City, Cebu.xls", Sheet 11 (DO 23-2022)
1129,,,,,"RDO No. 80 - Mandaue City, Cebu.xls", Sheet 11 (DO 23-2022)
1130,F. ROSAL ST.,,F. ROSAL ST.,,"RDO No. 80 - Mandaue City, Cebu.xls", Sheet 11 (DO 23-2022)
1131,,,,,"RDO No. 80 - Mandaue City, Cebu.xls", Sheet 11 (DO 23-2022)
1132,,,,,"RDO No. 80 - Mandaue City, Cebu.xls", Sheet 11 (DO 23-2022)
1133,,,,,"RDO No. 80 - Mandaue City, Cebu.xls", Sheet 11 (DO 23-2022)
1134,F.E. ZUELIG ST.,,F.E. ZUELIG ST.,,"RDO No. 80 - Mandaue City, Cebu.xls", Sheet 11 (DO 23-2022)
1135,,,,,"RDO No. 80 - Mandaue City, Cebu.xls", Sheet 11 (DO 23-2022)
1136,GEN LUNA,,GEN LUNA,,"RDO No. 80 - Mandaue City, Cebu.xls", Sheet 11 (DO 23-2022)
1137,,,,,"RDO No. 80 - Mandaue City, Cebu.xls", Sheet 11 (DO 23-2022)
1138,,,,,"RDO No. 80 - Mandaue City, Cebu.xls", Sheet 11 (DO 23-2022)
1139,,,,,"RDO No. 80 - Mandaue City, Cebu.xls", Sheet 11 (DO 23-2022)
1140,A. OUANO AVENUE,,A. OUANO AVENUE,,"RDO No. 80 - Mandaue City, Cebu.xls", Sheet 11 (DO 23-2022)
1141,,,,,"RDO No. 80 - Mandaue City, Cebu.xls", Sheet 11 (DO 23-2022)
1142,SUSON ST.,,SUSON ST.,,"RDO No. 80 - Mandaue City, Cebu.xls", Sheet 11 (DO 23-2022)
1143,,,,,"RDO No. 80 - Mandaue City, Cebu.xls", Sheet 11 (DO 23-2022)
1144,,,,,"RDO No. 80 - Mandaue City, Cebu.xls", Sheet 11 (DO 23-2022)
1145,,,,,"RDO No. 80 - Mandaue City, Cebu.xls", Sheet 11 (DO 23-2022)
1146,URDANETA (ROSAL STREET),,URDANETA (ROSAL STREET),,"RDO No. 80 - Mandaue City, Cebu.xls", Sheet 11 (DO 23-2022)
1147,,,,,"RDO No. 80 - Mandaue City, Cebu.xls", Sheet 11 (DO 23-2022)
1148,,,,,"RDO No. 80 - Mandaue City, Cebu.xls", Sheet 11 (DO 23-2022)
1149,,,,,"RDO No. 80 - Mandaue City, Cebu.xls", Sheet 11 (DO 23-2022)
1150,ALL OTHER STREETS,,ALL OTHER STREETS,,"RDO No. 80 - Mandaue City, Cebu.xls", Sheet 11 (DO 23-2022)
1151,,,,,"RDO No. 80 - Mandaue City, Cebu.xls", Sheet 11 (DO 23-2022)
1152,,,,,"RDO No. 80 - Mandaue City, Cebu.xls", Sheet 11 (DO 23-2022)
1153,,,,,"RDO No. 80 - Mandaue City, Cebu.xls", Sheet 11 (DO 23-2022)
1154,,,,,"RDO No. 80 - Mandaue City, Cebu.xls", Sheet 11 (DO 23-2022)
1155,,,,,"RDO No. 80 - Mandaue City, Cebu.xls", Sheet 11 (DO 23-2022)
1156,Province,,Province,,"RDO No. 80 - Mandaue City, Cebu.xls", Sheet 11 (DO 23-2022)
1157,City/Municipality,,City/Municipality,,"RDO No. 80 - Mandaue City, Cebu.xls", Sheet 11 (DO 23-2022)
1158,Zone/Barangay,,Zone/Barangay,,"RDO No. 80 - Mandaue City, Cebu.xls", Sheet 11 (DO 23-2022)
1159,,,,,"RDO No. 80 - Mandaue City, Cebu.xls", Sheet 11 (DO 23-2022)
1160,STREET NAME / SUBDIVISION / CONDOMINIUM,,STREET NAME / SUBDIVISION / CONDOMINIUM,,"RDO No. 80 - Mandaue City, Cebu.xls", Sheet 11 (DO 23-2022)
1161,ALANG ALANG-OPAO ROAD,,ALANG ALANG-OPAO ROAD,,"RDO No. 80 - Mandaue City, Cebu.xls", Sheet 11 (DO 23-2022)
1162,,,,,"RDO No. 80 - Mandaue City, Cebu.xls", Sheet 11 (DO 23-2022)
1163,,,,,"RDO No. 80 - Mandaue City, Cebu.xls", Sheet 11 (DO 23-2022)
1164,,,,,"RDO No. 80 - Mandaue City, Cebu.xls", Sheet 11 (DO 23-2022)
1165,R.A. OUANO ST. (formerly ALANG ALANG-UMAPAD),,R.A. OUANO ST. (formerly ALANG ALANG-UMAPAD),,"RDO No. 80 - Mandaue City, Cebu.xls", Sheet 11 (DO 23-2022)
1166,,,,,"RDO No. 80 - Mandaue City, Cebu.xls", Sheet 11 (DO 23-2022)
1167,,,,,"RDO No. 80 - Mandaue City, Cebu.xls", Sheet 11 (DO 23-2022)
1168,,,,,"RDO No. 80 - Mandaue City, Cebu.xls", Sheet 11 (DO 23-2022)
1169,CABAHUG PRIVATE ROAD (now V.B. Cabahug St.),,CABAHUG PRIVATE ROAD (now V.B. Cabahug St.),,"RDO No. 80 - Mandaue City, Cebu.xls", Sheet 11 (DO 23-2022)
1170,,,,,"RDO No. 80 - Mandaue City, Cebu.xls", Sheet 11 (DO 23-2022)
1171,,,,,"RDO No. 80 - Mandaue City, Cebu.xls", Sheet 11 (DO 23-2022)
1172,,,,,"RDO No. 80 - Mandaue City, Cebu.xls", Sheet 11 (DO 23-2022)
1173,G OUANO STREET,,G OUANO STREET,,"RDO No. 80 - Mandaue City, Cebu.xls", Sheet 11 (DO 23-2022)
1174,,,,,"RDO No. 80 - Mandaue City, Cebu.xls", Sheet 11 (DO 23-2022)
1175,,,,,"RDO No. 80 - Mandaue City, Cebu.xls", Sheet 11 (DO 23-2022)
1176,,,,,"RDO No. 80 - Mandaue City, Cebu.xls", Sheet 11 (DO 23-2022)
1177,,,,,"RDO No. 80 - Mandaue City, Cebu.xls", Sheet 11 (DO 23-2022)
1178,,,,,"RDO No. 80 - Mandaue City, Cebu.xls", Sheet 11 (DO 23-2022)
1179,,,,,"RDO No. 80 - Mandaue City, Cebu.xls", Sheet 11 (DO 23-2022)
1180,,,,,"RDO No. 80 - Mandaue City, Cebu.xls", Sheet 11 (DO 23-2022)
1181,GRACENA,,GRACENA,,"RDO No. 80 - Mandaue City, Cebu.xls", Sheet 11 (DO 23-2022)
1182,,,,,"RDO No. 80 - Mandaue City, Cebu.xls", Sheet 11 (DO 23-2022)
1183,,,,,"RDO No. 80 - Mandaue City, Cebu.xls", Sheet 11 (DO 23-2022)
1184,,,,,"RDO No. 80 - Mandaue City, Cebu.xls", Sheet 11 (DO 23-2022)
1185,,,,,"RDO No. 80 - Mandaue City, Cebu.xls", Sheet 11 (DO 23-2022)
1186,ACCESS ROAD BESIDE UC,,ACCESS ROAD BESIDE UC,,"RDO No. 80 - Mandaue City, Cebu.xls", Sheet 11 (DO 23-2022)
1187,,,,,"RDO No. 80 - Mandaue City, Cebu.xls", Sheet 11 (DO 23-2022)
1188,ALL OTHERS STREET,,ALL OTHERS STREET,,"RDO No. 80 - Mandaue City, Cebu.xls", Sheet 11 (DO 23-2022)
1189,,,,,"RDO No. 80 - Mandaue City, Cebu.xls", Sheet 11 (DO 23-2022)
1190,,,,,"RDO No. 80 - Mandaue City, Cebu.xls", Sheet 11 (DO 23-2022)
1191,,,,,"RDO No. 80 - Mandaue City, Cebu.xls", Sheet 11 (DO 23-2022)
1192,FISH POND,,FISH POND,,"RDO No. 80 - Mandaue City, Cebu.xls", Sheet 11 (DO 23-2022)
1193,ALL SUBDIVISIONS,,ALL SUBDIVISIONS,,"RDO No. 80 - Mandaue City, Cebu.xls", Sheet 11 (DO 23-2022)
1194,,,,,"RDO No. 80 - Mandaue City, Cebu.xls", Sheet 11 (DO 23-2022)
1195,,,,,"RDO No. 80 - Mandaue City, Cebu.xls", Sheet 11 (DO 23-2022)
1196,Province,,Province,,"RDO No. 80 - Mandaue City, Cebu.xls", Sheet 11 (DO 23-2022)
1197,City/Municipality,,City/Municipality,,"RDO No. 80 - Mandaue City, Cebu.xls", Sheet 11 (DO 23-2022)
1198,Zone/Barangay,,Zone/Barangay,,"RDO No. 80 - Mandaue City, Cebu.xls", Sheet 11 (DO 23-2022)
1199,,,,,"RDO No. 80 - Mandaue City, Cebu.xls", Sheet 11 (DO 23-2022)
1200,STREET NAME / SUBDIVISION / CONDOMINIUM,,STREET NAME / SUBDIVISION / CONDOMINIUM,,"RDO No. 80 - Mandaue City, Cebu.xls", Sheet 11 (DO 23-2022)
1201,H. ABELLANA STREET,,H. ABELLANA STREET,,"RDO No. 80 - Mandaue City, Cebu.xls", Sheet 11 (DO 23-2022)
1202,,,,,"RDO No. 80 - Mandaue City, Cebu.xls", Sheet 11 (DO 23-2022)
1203,,,,,"RDO No. 80 - Mandaue City, Cebu.xls", Sheet 11 (DO 23-2022)
1204,,,,,"RDO No. 80 - Mandaue City, Cebu.xls", Sheet 11 (DO 23-2022)
1205,H. ABELLANA  EXTENSION,,H. ABELLANA  EXTENSION,,"RDO No. 80 - Mandaue City, Cebu.xls", Sheet 11 (DO 23-2022)
1206,,,,,"RDO No. 80 - Mandaue City, Cebu.xls", Sheet 11 (DO 23-2022)
1207,,,,,"RDO No. 80 - Mandaue City, Cebu.xls", Sheet 11 (DO 23-2022)
1208,,,,,"RDO No. 80 - Mandaue City, Cebu.xls", Sheet 11 (DO 23-2022)
1209,B. SUICO STREET,,B. SUICO STREET,,"RDO No. 80 - Mandaue City, Cebu.xls", Sheet 11 (DO 23-2022)
1210,,,,,"RDO No. 80 - Mandaue City, Cebu.xls", Sheet 11 (DO 23-2022)
1211,,,,,"RDO No. 80 - Mandaue City, Cebu.xls", Sheet 11 (DO 23-2022)
1212,,,,,"RDO No. 80 - Mandaue City, Cebu.xls", Sheet 11 (DO 23-2022)
1213,P. SANCHEZ (formerly  PAGSABUNGAN ROAD),,P. SANCHEZ (formerly  PAGSABUNGAN ROAD),,"RDO No. 80 - Mandaue City, Cebu.xls", Sheet 11 (DO 23-2022)
1214,,,,,"RDO No. 80 - Mandaue City, Cebu.xls", Sheet 11 (DO 23-2022)
1215,,,,,"RDO No. 80 - Mandaue City, Cebu.xls", Sheet 11 (DO 23-2022)
1216,,,,,"RDO No. 80 - Mandaue City, Cebu.xls", Sheet 11 (DO 23-2022)
1217,JA CABAHUG STREET,,JA CABAHUG STREET,,"RDO No. 80 - Mandaue City, Cebu.xls", Sheet 11 (DO 23-2022)
1218,,,,,"RDO No. 80 - Mandaue City, Cebu.xls", Sheet 11 (DO 23-2022)
1219,,,,,"RDO No. 80 - Mandaue City, Cebu.xls", Sheet 11 (DO 23-2022)
1220,,,,,"RDO No. 80 - Mandaue City, Cebu.xls", Sheet 11 (DO 23-2022)
1221,S TOLING STREET,,S TOLING STREET,,"RDO No. 80 - Mandaue City, Cebu.xls", Sheet 11 (DO 23-2022)
1222,,,,,"RDO No. 80 - Mandaue City, Cebu.xls", Sheet 11 (DO 23-2022)
1223,,,,,"RDO No. 80 - Mandaue City, Cebu.xls", Sheet 11 (DO 23-2022)
1224,,,,,"RDO No. 80 - Mandaue City, Cebu.xls", Sheet 11 (DO 23-2022)
1225,TINGUB-PAGSABUNGAN,,TINGUB-PAGSABUNGAN,,"RDO No. 80 - Mandaue City, Cebu.xls", Sheet 11 (DO 23-2022)
1226,,,,,"RDO No. 80 - Mandaue City, Cebu.xls", Sheet 11 (DO 23-2022)
1227,,,,,"RDO No. 80 - Mandaue City, Cebu.xls", Sheet 11 (DO 23-2022)
1228,,,,,"RDO No. 80 - Mandaue City, Cebu.xls", Sheet 11 (DO 23-2022)
1229,Z. ESTRERAS ST.,,Z. ESTRERAS ST.,,"RDO No. 80 - Mandaue City, Cebu.xls", Sheet 11 (DO 23-2022)
1230,,,,,"RDO No. 80 - Mandaue City, Cebu.xls", Sheet 11 (DO 23-2022)
1231,,,,,"RDO No. 80 - Mandaue City, Cebu.xls", Sheet 11 (DO 23-2022)
1232,,,,,"RDO No. 80 - Mandaue City, Cebu.xls", Sheet 11 (DO 23-2022)
1233,C. CONGSON ST,,C. CONGSON ST,,"RDO No. 80 - Mandaue City, Cebu.xls", Sheet 11 (DO 23-2022)
1234,,,,,"RDO No. 80 - Mandaue City, Cebu.xls", Sheet 11 (DO 23-2022)
1235,,,,,"RDO No. 80 - Mandaue City, Cebu.xls", Sheet 11 (DO 23-2022)
1236,GREEN VIEW SUBD,,GREEN VIEW SUBD,,"RDO No. 80 - Mandaue City, Cebu.xls", Sheet 11 (DO 23-2022)
1237,DCP TOWNHOMES (TCT),,DCP TOWNHOMES (TCT),,"RDO No. 80 - Mandaue City, Cebu.xls", Sheet 11 (DO 23-2022)
1238,FATIMA VALLEY SUBD,,FATIMA VALLEY SUBD,,"RDO No. 80 - Mandaue City, Cebu.xls", Sheet 11 (DO 23-2022)
1239,HERMAG VILLAGE SUBD,,HERMAG VILLAGE SUBD,,"RDO No. 80 - Mandaue City, Cebu.xls", Sheet 11 (DO 23-2022)
1240,HILLSIDE SUBDIVISION,,HILLSIDE SUBDIVISION,,"RDO No. 80 - Mandaue City, Cebu.xls", Sheet 11 (DO 23-2022)
1241,HOLY SPIRIT VILLAGE SUBD,,HOLY SPIRIT VILLAGE SUBD,,"RDO No. 80 - Mandaue City, Cebu.xls", Sheet 11 (DO 23-2022)
1242,RAJAH TOWNHOMES (TCT),,RAJAH TOWNHOMES (TCT),,"RDO No. 80 - Mandaue City, Cebu.xls", Sheet 11 (DO 23-2022)
1243,RAYMONDVILLE SUBD,,RAYMONDVILLE SUBD,,"RDO No. 80 - Mandaue City, Cebu.xls", Sheet 11 (DO 23-2022)
1244,SAN ROQUE VILLAGE SUBD,,SAN ROQUE VILLAGE SUBD,,"RDO No. 80 - Mandaue City, Cebu.xls", Sheet 11 (DO 23-2022)
1245,SAN MIGUEL VILLAGE (Ph 2),,SAN MIGUEL VILLAGE (Ph 2),2.0,"RDO No. 80 - Mandaue City, Cebu.xls", Sheet 11 (DO 23-2022)
1246,SOCORRO VILLAGE,,SOCORRO VILLAGE,,"RDO No. 80 - Mandaue City, Cebu.xls", Sheet 11 (DO 23-2022)
1247,STERO TOWNHOUSE (TCT),,STERO TOWNHOUSE (TCT),,"RDO No. 80 - Mandaue City, Cebu.xls", Sheet 11 (DO 23-2022)
1248,SAMANTHA'S PLACE,,SAMANTHA'S PLACE,,"RDO No. 80 - Mandaue City, Cebu.xls", Sheet 11 (DO 23-2022)
1249,PEREVILLE SUBDIVISION,,PEREVILLE SUBDIVISION,,"RDO No. 80 - Mandaue City, Cebu.xls", Sheet 11 (DO 23-2022)
1250,GRANDLAND SUBDIVISION,,GRANDLAND SUBDIVISION,,"RDO No. 80 - Mandaue City, Cebu.xls", Sheet 11 (DO 23-2022)
1251,BLOQ SOHO LOFT CONDOMINIUM / RFK HOLDINGS INC.,,BLOQ SOHO LOFT CONDOMINIUM / RFK HOLDINGS INC.,,"RDO No. 80 - Mandaue City, Cebu.xls", Sheet 11 (DO 23-2022)
1252,CLS SUBD.,,CLS SUBD.,,"RDO No. 80 - Mandaue City, Cebu.xls", Sheet 11 (DO 23-2022)
1253,ALL OTHER SUBDIVISIONS,,ALL OTHER SUBDIVISIONS,,"RDO No. 80 - Mandaue City, Cebu.xls", Sheet 11 (DO 23-2022)
1254,* New Condominium,,* New Condominium,,"RDO No. 80 - Mandaue City, Cebu.xls", Sheet 11 (DO 23-2022)
1255,,,,,"RDO No. 80 - Mandaue City, Cebu.xls", Sheet 11 (DO 23-2022)
1256,,,,,"RDO No. 80 - Mandaue City, Cebu.xls", Sheet 11 (DO 23-2022)
1257,Province,,Province,,"RDO No. 80 - Mandaue City, Cebu.xls", Sheet 11 (DO 23-2022)
1258,City/Municipality,,City/Municipality,,"RDO No. 80 - Mandaue City, Cebu.xls", Sheet 11 (DO 23-2022)
1259,Zone/Barangay,,Zone/Barangay,,"RDO No. 80 - Mandaue City, Cebu.xls", Sheet 11 (DO 23-2022)
1260,,,,,"RDO No. 80 - Mandaue City, Cebu.xls", Sheet 11 (DO 23-2022)
1261,STREET NAME / SUBDIVISION / CONDOMINIUM,,STREET NAME / SUBDIVISION / CONDOMINIUM,,"RDO No. 80 - Mandaue City, Cebu.xls", Sheet 11 (DO 23-2022)
1262,"CEBU NORTH ROAD, HI-WAY",,"CEBU NORTH ROAD, HI-WAY",,"RDO No. 80 - Mandaue City, Cebu.xls", Sheet 11 (DO 23-2022)
1263,,,,,"RDO No. 80 - Mandaue City, Cebu.xls", Sheet 11 (DO 23-2022)
1264,,,,,"RDO No. 80 - Mandaue City, Cebu.xls", Sheet 11 (DO 23-2022)
1265,,,,,"RDO No. 80 - Mandaue City, Cebu.xls", Sheet 11 (DO 23-2022)
1266,ZONE OKRA,,ZONE OKRA,,"RDO No. 80 - Mandaue City, Cebu.xls", Sheet 11 (DO 23-2022)
1267,ZONE SIKWA,,ZONE SIKWA,,"RDO No. 80 - Mandaue City, Cebu.xls", Sheet 11 (DO 23-2022)
1268,S. E. JAYME STREET,,S. E. JAYME STREET,,"RDO No. 80 - Mandaue City, Cebu.xls", Sheet 11 (DO 23-2022)
1269,,,,,"RDO No. 80 - Mandaue City, Cebu.xls", Sheet 11 (DO 23-2022)
1270,,,,,"RDO No. 80 - Mandaue City, Cebu.xls", Sheet 11 (DO 23-2022)
1271,,,,,"RDO No. 80 - Mandaue City, Cebu.xls", Sheet 11 (DO 23-2022)
1272,ZONE PALIYA,,ZONE PALIYA,,"RDO No. 80 - Mandaue City, Cebu.xls", Sheet 11 (DO 23-2022)
1273,ZONE MONGGO,,ZONE MONGGO,,"RDO No. 80 - Mandaue City, Cebu.xls", Sheet 11 (DO 23-2022)
1274,ZONE SAYOTE,,ZONE SAYOTE,,"RDO No. 80 - Mandaue City, Cebu.xls", Sheet 11 (DO 23-2022)
1275,ZONE KALABASA,,ZONE KALABASA,,"RDO No. 80 - Mandaue City, Cebu.xls", Sheet 11 (DO 23-2022)
1276,ZONE PECHAY,,ZONE PECHAY,,"RDO No. 80 - Mandaue City, Cebu.xls", Sheet 11 (DO 23-2022)
1277,,,,,"RDO No. 80 - Mandaue City, Cebu.xls", Sheet 11 (DO 23-2022)
1278,ZONE GABI,,ZONE GABI,,"RDO No. 80 - Mandaue City, Cebu.xls", Sheet 11 (DO 23-2022)
1279,ZONE KAMUNGGAY,,ZONE KAMUNGGAY,,"RDO No. 80 - Mandaue City, Cebu.xls", Sheet 11 (DO 23-2022)
1280,ZONE REPOLYO,,ZONE REPOLYO,,"RDO No. 80 - Mandaue City, Cebu.xls", Sheet 11 (DO 23-2022)
1281,ZONE UBI,,ZONE UBI,,"RDO No. 80 - Mandaue City, Cebu.xls", Sheet 11 (DO 23-2022)
1282,ZONE TAMATE,,ZONE TAMATE,,"RDO No. 80 - Mandaue City, Cebu.xls", Sheet 11 (DO 23-2022)
1283,ZONE KAMOTE,,ZONE KAMOTE,,"RDO No. 80 - Mandaue City, Cebu.xls", Sheet 11 (DO 23-2022)
1284,ARTEMIO SANCHEZ STREET,,ARTEMIO SANCHEZ STREET,,"RDO No. 80 - Mandaue City, Cebu.xls", Sheet 11 (DO 23-2022)
1285,ZONE CARROTS,,ZONE CARROTS,,"RDO No. 80 - Mandaue City, Cebu.xls", Sheet 11 (DO 23-2022)
1286,PLARIDEL STREET,,PLARIDEL STREET,,"RDO No. 80 - Mandaue City, Cebu.xls", Sheet 11 (DO 23-2022)
1287,,,,,"RDO No. 80 - Mandaue City, Cebu.xls", Sheet 11 (DO 23-2022)
1288,ZONE AGBATI,,ZONE AGBATI,,"RDO No. 80 - Mandaue City, Cebu.xls", Sheet 11 (DO 23-2022)
1289,ZONE TANGKONG,,ZONE TANGKONG,,"RDO No. 80 - Mandaue City, Cebu.xls", Sheet 11 (DO 23-2022)
1290,ZONE CAMANSI,,ZONE CAMANSI,,"RDO No. 80 - Mandaue City, Cebu.xls", Sheet 11 (DO 23-2022)
1291,ZONE SIBUYAS,,ZONE SIBUYAS,,"RDO No. 80 - Mandaue City, Cebu.xls", Sheet 11 (DO 23-2022)
1292,KAGAPE ROAD,,KAGAPE ROAD,,"RDO No. 80 - Mandaue City, Cebu.xls", Sheet 11 (DO 23-2022)
1293,,,,,"RDO No. 80 - Mandaue City, Cebu.xls", Sheet 11 (DO 23-2022)
1294,,,,,"RDO No. 80 - Mandaue City, Cebu.xls", Sheet 11 (DO 23-2022)
1295,,,,,"RDO No. 80 - Mandaue City, Cebu.xls", Sheet 11 (DO 23-2022)
1296,SITIO CAMBOGAONG,,SITIO CAMBOGAONG,,"RDO No. 80 - Mandaue City, Cebu.xls", Sheet 11 (DO 23-2022)
1297,,,,,"RDO No. 80 - Mandaue City, Cebu.xls", Sheet 11 (DO 23-2022)
1298,,,,,"RDO No. 80 - Mandaue City, Cebu.xls", Sheet 11 (DO 23-2022)
1299,,,,,"RDO No. 80 - Mandaue City, Cebu.xls", Sheet 11 (DO 23-2022)
1300,ALL OTHERS STREETS,,ALL OTHERS STREETS,,"RDO No. 80 - Mandaue City, Cebu.xls", Sheet 11 (DO 23-2022)
1301,,,,,"RDO No. 80 - Mandaue City, Cebu.xls", Sheet 11 (DO 23-2022)
1302,,,,,"RDO No. 80 - Mandaue City, Cebu.xls", Sheet 11 (DO 23-2022)
1303,,,,,"RDO No. 80 - Mandaue City, Cebu.xls", Sheet 11 (DO 23-2022)
1304,ROAD TO SUNPRIDE (NEW BLDG.),,ROAD TO SUNPRIDE (NEW BLDG.),,"RDO No. 80 - Mandaue City, Cebu.xls", Sheet 11 (DO 23-2022)
1305,FISH POND,,FISH POND,,"RDO No. 80 - Mandaue City, Cebu.xls", Sheet 11 (DO 23-2022)
1306,STO NINO SUBDIVISION,,STO NINO SUBDIVISION,,"RDO No. 80 - Mandaue City, Cebu.xls", Sheet 11 (DO 23-2022)
1307,EAST COVINA SUBDIVISION,,EAST COVINA SUBDIVISION,,"RDO No. 80 - Mandaue City, Cebu.xls", Sheet 11 (DO 23-2022)
1308,BREANNA HOMES,,BREANNA HOMES,,"RDO No. 80 - Mandaue City, Cebu.xls", Sheet 11 (DO 23-2022)
1309,ALL OTHER SUBDIVISION,,ALL OTHER SUBDIVISION,,"RDO No. 80 - Mandaue City, Cebu.xls", Sheet 11 (DO 23-2022)
1310,,,,,"RDO No. 80 - Mandaue City, Cebu.xls", Sheet 11 (DO 23-2022)
1311,,,,,"RDO No. 80 - Mandaue City, Cebu.xls", Sheet 11 (DO 23-2022)
1312,Province,,Province,,"RDO No. 80 - Mandaue City, Cebu.xls", Sheet 11 (DO 23-2022)
1313,City/Municipality,,City/Municipality,,"RDO No. 80 - Mandaue City, Cebu.xls", Sheet 11 (DO 23-2022)
1314,Zone/Barangay,,Zone/Barangay,,"RDO No. 80 - Mandaue City, Cebu.xls", Sheet 11 (DO 23-2022)
1315,,,,,"RDO No. 80 - Mandaue City, Cebu.xls", Sheet 11 (DO 23-2022)
1316,STREET NAME / SUBDIVISION / CONDOMINIUM,,STREET NAME / SUBDIVISION / CONDOMINIUM,,"RDO No. 80 - Mandaue City, Cebu.xls", Sheet 11 (DO 23-2022)
1317,A. OUANO AVENUE (RECLAMATION AREA),,A. OUANO AVENUE (RECLAMATION AREA),,"RDO No. 80 - Mandaue City, Cebu.xls", Sheet 11 (DO 23-2022)
1318,,,,,"RDO No. 80 - Mandaue City, Cebu.xls", Sheet 11 (DO 23-2022)
1319,F.E. ZUELIG ST. (RECLAMATION AREA),,F.E. ZUELIG ST. (RECLAMATION AREA),,"RDO No. 80 - Mandaue City, Cebu.xls", Sheet 11 (DO 23-2022)
1320,,,,,"RDO No. 80 - Mandaue City, Cebu.xls", Sheet 11 (DO 23-2022)
1321,,,,,"RDO No. 80 - Mandaue City, Cebu.xls", Sheet 11 (DO 23-2022)
1322,,,,,"RDO No. 80 - Mandaue City, Cebu.xls", Sheet 11 (DO 23-2022)
1323,E.O. PEREZ ST. (RECLAMATION AREA),,E.O. PEREZ ST. (RECLAMATION AREA),,"RDO No. 80 - Mandaue City, Cebu.xls", Sheet 11 (DO 23-2022)
1324,,,,,"RDO No. 80 - Mandaue City, Cebu.xls", Sheet 11 (DO 23-2022)
1325,W.O. SENO ST. (MOONLIGHT RD.) (RECLAMATION AREA),,W.O. SENO ST. (MOONLIGHT RD.) (RECLAMATION AREA),,"RDO No. 80 - Mandaue City, Cebu.xls", Sheet 11 (DO 23-2022)
1326,,,,,"RDO No. 80 - Mandaue City, Cebu.xls", Sheet 11 (DO 23-2022)
1327,M. LOGARTA ST. (RECLAMATION AREA),,M. LOGARTA ST. (RECLAMATION AREA),,"RDO No. 80 - Mandaue City, Cebu.xls", Sheet 11 (DO 23-2022)
1328,,,,,"RDO No. 80 - Mandaue City, Cebu.xls", Sheet 11 (DO 23-2022)
1329,G. LOPEZ JAENA ST. (NATIONAL HIGHWAY) (Also Known:  CEBU NORTH ROAD),,G. LOPEZ JAENA ST. (NATIONAL HIGHWAY) (Also Known:  CEBU NORTH ROAD),,"RDO No. 80 - Mandaue City, Cebu.xls", Sheet 11 (DO 23-2022)
1330,,,,,"RDO No. 80 - Mandaue City, Cebu.xls", Sheet 11 (DO 23-2022)
1331,,,,,"RDO No. 80 - Mandaue City, Cebu.xls", Sheet 11 (DO 23-2022)
1332,,,,,"RDO No. 80 - Mandaue City, Cebu.xls", Sheet 11 (DO 23-2022)
1333,HERNAN CORTES ST.,,HERNAN CORTES ST.,,"RDO No. 80 - Mandaue City, Cebu.xls", Sheet 11 (DO 23-2022)
1334,,,,,"RDO No. 80 - Mandaue City, Cebu.xls", Sheet 11 (DO 23-2022)
1335,,,,,"RDO No. 80 - Mandaue City, Cebu.xls", Sheet 11 (DO 23-2022)
1336,,,,,"RDO No. 80 - Mandaue City, Cebu.xls", Sheet 11 (DO 23-2022)
1337,S.O. ALBANO ST.,,S.O. ALBANO ST.,,"RDO No. 80 - Mandaue City, Cebu.xls", Sheet 11 (DO 23-2022)
1338,,,,,"RDO No. 80 - Mandaue City, Cebu.xls", Sheet 11 (DO 23-2022)
1339,,,,,"RDO No. 80 - Mandaue City, Cebu.xls", Sheet 11 (DO 23-2022)
1340,,,,,"RDO No. 80 - Mandaue City, Cebu.xls", Sheet 11 (DO 23-2022)
1341,SINGSON ROAD,,SINGSON ROAD,,"RDO No. 80 - Mandaue City, Cebu.xls", Sheet 11 (DO 23-2022)
1342,,,,,"RDO No. 80 - Mandaue City, Cebu.xls", Sheet 11 (DO 23-2022)
1343,,,,,"RDO No. 80 - Mandaue City, Cebu.xls", Sheet 11 (DO 23-2022)
1344,,,,,"RDO No. 80 - Mandaue City, Cebu.xls", Sheet 11 (DO 23-2022)
1345,F. CABAHUG ST.,,F. CABAHUG ST.,,"RDO No. 80 - Mandaue City, Cebu.xls", Sheet 11 (DO 23-2022)
1346,,,,,"RDO No. 80 - Mandaue City, Cebu.xls", Sheet 11 (DO 23-2022)
1347,,,,,"RDO No. 80 - Mandaue City, Cebu.xls", Sheet 11 (DO 23-2022)
1348,,,,,"RDO No. 80 - Mandaue City, Cebu.xls", Sheet 11 (DO 23-2022)
1349,GOTHONG ROAD,,GOTHONG ROAD,,"RDO No. 80 - Mandaue City, Cebu.xls", Sheet 11 (DO 23-2022)
1350,,,,,"RDO No. 80 - Mandaue City, Cebu.xls", Sheet 11 (DO 23-2022)
1351,,,,,"RDO No. 80 - Mandaue City, Cebu.xls", Sheet 11 (DO 23-2022)
1352,,,,,"RDO No. 80 - Mandaue City, Cebu.xls", Sheet 11 (DO 23-2022)
1353,SAN VICENTE VILLAGE,,SAN VICENTE VILLAGE,,"RDO No. 80 - Mandaue City, Cebu.xls", Sheet 11 (DO 23-2022)
1354,SINGSON VILLAGE,,SINGSON VILLAGE,,"RDO No. 80 - Mandaue City, Cebu.xls", Sheet 11 (DO 23-2022)
1355,GENTLE BREEZE SUBDIVISION,,GENTLE BREEZE SUBDIVISION,,"RDO No. 80 - Mandaue City, Cebu.xls", Sheet 11 (DO 23-2022)
1356,ALL OTHER SUBDIVISIONS,,ALL OTHER SUBDIVISIONS,,"RDO No. 80 - Mandaue City, Cebu.xls", Sheet 11 (DO 23-2022)
1357,MY VAN CITY SCAPE TOWER,,MY VAN CITY SCAPE TOWER,,"RDO No. 80 - Mandaue City, Cebu.xls", Sheet 11 (DO 23-2022)
1358,,,,,"RDO No. 80 - Mandaue City, Cebu.xls", Sheet 11 (DO 23-2022)
1359,"BAMBOO BAY COMMUNITY TOWER 1 (CONTEMPO PROPERTY HOLDINGS, INC.)",,"BAMBOO BAY COMMUNITY TOWER 1 (CONTEMPO PROPERTY HOLDINGS, INC.)",1.0,"RDO No. 80 - Mandaue City, Cebu.xls", Sheet 11 (DO 23-2022)
1360,,,,,"RDO No. 80 - Mandaue City, Cebu.xls", Sheet 11 (DO 23-2022)
1361,,,,,"RDO No. 80 - Mandaue City, Cebu.xls", Sheet 11 (DO 23-2022)
1362,BAMBOO BAY COMMUNITY TOWER 2,,BAMBOO BAY COMMUNITY TOWER 2,2.0,"RDO No. 80 - Mandaue City, Cebu.xls", Sheet 11 (DO 23-2022)
1363,,,,,"RDO No. 80 - Mandaue City, Cebu.xls", Sheet 11 (DO 23-2022)
1364,,,,,"RDO No. 80 - Mandaue City, Cebu.xls", Sheet 11 (DO 23-2022)
1365,BAMBOO BAY COMMUNITY TOWER 3,,BAMBOO BAY COMMUNITY TOWER 3,3.0,"RDO No. 80 - Mandaue City, Cebu.xls", Sheet 11 (DO 23-2022)
1366,,,,,"RDO No. 80 - Mandaue City, Cebu.xls", Sheet 11 (DO 23-2022)
1367,,,,,"RDO No. 80 - Mandaue City, Cebu.xls", Sheet 11 (DO 23-2022)
1368,MANDANI BAY TOWER (CONDOMINIUM),,MANDANI BAY TOWER (CONDOMINIUM),,"RDO No. 80 - Mandaue City, Cebu.xls", Sheet 11 (DO 23-2022)
1369,,,,,"RDO No. 80 - Mandaue City, Cebu.xls", Sheet 11 (DO 23-2022)
1370,,,,,"RDO No. 80 - Mandaue City, Cebu.xls", Sheet 11 (DO 23-2022)
1371,IRON WOOD PROPERTY VENTURES CORP. (CONDOMINIUM),,IRON WOOD PROPERTY VENTURES CORP. (CONDOMINIUM),,"RDO No. 80 - Mandaue City, Cebu.xls", Sheet 11 (DO 23-2022)
1372,,,,,"RDO No. 80 - Mandaue City, Cebu.xls", Sheet 11 (DO 23-2022)
1373,,,,,"RDO No. 80 - Mandaue City, Cebu.xls", Sheet 11 (DO 23-2022)
1374,ALL OTHER CONDOMINIUM,,ALL OTHER CONDOMINIUM,,"RDO No. 80 - Mandaue City, Cebu.xls", Sheet 11 (DO 23-2022)
1375,,,,,"RDO No. 80 - Mandaue City, Cebu.xls", Sheet 11 (DO 23-2022)
1376,,,,,"RDO No. 80 - Mandaue City, Cebu.xls", Sheet 11 (DO 23-2022)
1377,* New Condominium,,* New Condominium,,"RDO No. 80 - Mandaue City, Cebu.xls", Sheet 11 (DO 23-2022)
1378,,,,,"RDO No. 80 - Mandaue City, Cebu.xls", Sheet 11 (DO 23-2022)
1379,Province,,Province,,"RDO No. 80 - Mandaue City, Cebu.xls", Sheet 11 (DO 23-2022)
1380,City/Municipality,,City/Municipality,,"RDO No. 80 - Mandaue City, Cebu.xls", Sheet 11 (DO 23-2022)
1381,Zone/Barangay,,Zone/Barangay,,"RDO No. 80 - Mandaue City, Cebu.xls", Sheet 11 (DO 23-2022)
1382,,,,,"RDO No. 80 - Mandaue City, Cebu.xls", Sheet 11 (DO 23-2022)
1383,STREET NAME / SUBDIVISION / CONDOMINIUM,,STREET NAME / SUBDIVISION / CONDOMINIUM,,"RDO No. 80 - Mandaue City, Cebu.xls", Sheet 11 (DO 23-2022)
1384,CEBU NORTH ROAD (JOSE RIZAL ST.) -National Highway,,CEBU NORTH ROAD (JOSE RIZAL ST.) -National Highway,,"RDO No. 80 - Mandaue City, Cebu.xls", Sheet 11 (DO 23-2022)
1385,,,,,"RDO No. 80 - Mandaue City, Cebu.xls", Sheet 11 (DO 23-2022)
1386,,,,,"RDO No. 80 - Mandaue City, Cebu.xls", Sheet 11 (DO 23-2022)
1387,,,,,"RDO No. 80 - Mandaue City, Cebu.xls", Sheet 11 (DO 23-2022)
1388,P.S. SUICO STREET,,P.S. SUICO STREET,,"RDO No. 80 - Mandaue City, Cebu.xls", Sheet 11 (DO 23-2022)
1389,,,,,"RDO No. 80 - Mandaue City, Cebu.xls", Sheet 11 (DO 23-2022)
1390,,,,,"RDO No. 80 - Mandaue City, Cebu.xls", Sheet 11 (DO 23-2022)
1391,,,,,"RDO No. 80 - Mandaue City, Cebu.xls", Sheet 11 (DO 23-2022)
1392,B. SUICO STREET,,B. SUICO STREET,,"RDO No. 80 - Mandaue City, Cebu.xls", Sheet 11 (DO 23-2022)
1393,,,,,"RDO No. 80 - Mandaue City, Cebu.xls", Sheet 11 (DO 23-2022)
1394,,,,,"RDO No. 80 - Mandaue City, Cebu.xls", Sheet 11 (DO 23-2022)
1395,,,,,"RDO No. 80 - Mandaue City, Cebu.xls", Sheet 11 (DO 23-2022)
1396,Z. ESTRERA STREET (formerly Mabugat Road),,Z. ESTRERA STREET (formerly Mabugat Road),,"RDO No. 80 - Mandaue City, Cebu.xls", Sheet 11 (DO 23-2022)
1397,,,,,"RDO No. 80 - Mandaue City, Cebu.xls", Sheet 11 (DO 23-2022)
1398,,,,,"RDO No. 80 - Mandaue City, Cebu.xls", Sheet 11 (DO 23-2022)
1399,,,,,"RDO No. 80 - Mandaue City, Cebu.xls", Sheet 11 (DO 23-2022)
1400,P.C. SUICO STREET,,P.C. SUICO STREET,,"RDO No. 80 - Mandaue City, Cebu.xls", Sheet 11 (DO 23-2022)
1401,,,,,"RDO No. 80 - Mandaue City, Cebu.xls", Sheet 11 (DO 23-2022)
1402,,,,,"RDO No. 80 - Mandaue City, Cebu.xls", Sheet 11 (DO 23-2022)
1403,,,,,"RDO No. 80 - Mandaue City, Cebu.xls", Sheet 11 (DO 23-2022)
1404,E.J. DIMPAS STREET,,E.J. DIMPAS STREET,,"RDO No. 80 - Mandaue City, Cebu.xls", Sheet 11 (DO 23-2022)
1405,,,,,"RDO No. 80 - Mandaue City, Cebu.xls", Sheet 11 (DO 23-2022)
1406,,,,,"RDO No. 80 - Mandaue City, Cebu.xls", Sheet 11 (DO 23-2022)
1407,,,,,"RDO No. 80 - Mandaue City, Cebu.xls", Sheet 11 (DO 23-2022)
1408,ALL OTHER STREETS,,ALL OTHER STREETS,,"RDO No. 80 - Mandaue City, Cebu.xls", Sheet 11 (DO 23-2022)
1409,,,,,"RDO No. 80 - Mandaue City, Cebu.xls", Sheet 11 (DO 23-2022)
1410,,,,,"RDO No. 80 - Mandaue City, Cebu.xls", Sheet 11 (DO 23-2022)
1411,,,,,"RDO No. 80 - Mandaue City, Cebu.xls", Sheet 11 (DO 23-2022)
1412,HERMAG VILLAGE,,HERMAG VILLAGE,,"RDO No. 80 - Mandaue City, Cebu.xls", Sheet 11 (DO 23-2022)
1413,RICHMOND SUBDIVISION,,RICHMOND SUBDIVISION,,"RDO No. 80 - Mandaue City, Cebu.xls", Sheet 11 (DO 23-2022)
1414,PALMAS VERDES,,PALMAS VERDES,,"RDO No. 80 - Mandaue City, Cebu.xls", Sheet 11 (DO 23-2022)
1415,PALMERA HOMES,,PALMERA HOMES,,"RDO No. 80 - Mandaue City, Cebu.xls", Sheet 11 (DO 23-2022)
1416,PALM HEIGHTS,,PALM HEIGHTS,,"RDO No. 80 - Mandaue City, Cebu.xls", Sheet 11 (DO 23-2022)
1417,QUEENLY HOMES,,QUEENLY HOMES,,"RDO No. 80 - Mandaue City, Cebu.xls", Sheet 11 (DO 23-2022)
1418,ALL OTHER SUBDIVISIONS,,ALL OTHER SUBDIVISIONS,,"RDO No. 80 - Mandaue City, Cebu.xls", Sheet 11 (DO 23-2022)
1419,,,,,"RDO No. 80 - Mandaue City, Cebu.xls", Sheet 11 (DO 23-2022)
1420,,,,,"RDO No. 80 - Mandaue City, Cebu.xls", Sheet 11 (DO 23-2022)
1421,Province,,Province,,"RDO No. 80 - Mandaue City, Cebu.xls", Sheet 11 (DO 23-2022)
1422,City/Municipality,,City/Municipality,,"RDO No. 80 - Mandaue City, Cebu.xls", Sheet 11 (DO 23-2022)
1423,Zone/Barangay,,Zone/Barangay,,"RDO No. 80 - Mandaue City, Cebu.xls", Sheet 11 (DO 23-2022)
1424,,,,,"RDO No. 80 - Mandaue City, Cebu.xls", Sheet 11 (DO 23-2022)
1425,STREET NAME / SUBDIVISION / CONDOMINIUM,,STREET NAME / SUBDIVISION / CONDOMINIUM,,"RDO No. 80 - Mandaue City, Cebu.xls", Sheet 11 (DO 23-2022)
1426,TAWASON - TALAMBAN ROAD,,TAWASON - TALAMBAN ROAD,,"RDO No. 80 - Mandaue City, Cebu.xls", Sheet 11 (DO 23-2022)
1427,,,,,"RDO No. 80 - Mandaue City, Cebu.xls", Sheet 11 (DO 23-2022)
1428,,,,,"RDO No. 80 - Mandaue City, Cebu.xls", Sheet 11 (DO 23-2022)
1429,,,,,"RDO No. 80 - Mandaue City, Cebu.xls", Sheet 11 (DO 23-2022)
1430,TAWASON - CANDUMAN ROAD,,TAWASON - CANDUMAN ROAD,,"RDO No. 80 - Mandaue City, Cebu.xls", Sheet 11 (DO 23-2022)
1431,,,,,"RDO No. 80 - Mandaue City, Cebu.xls", Sheet 11 (DO 23-2022)
1432,,,,,"RDO No. 80 - Mandaue City, Cebu.xls", Sheet 11 (DO 23-2022)
1433,TAWASON ROAD,,TAWASON ROAD,,"RDO No. 80 - Mandaue City, Cebu.xls", Sheet 11 (DO 23-2022)
1434,,,,,"RDO No. 80 - Mandaue City, Cebu.xls", Sheet 11 (DO 23-2022)
1435,,,,,"RDO No. 80 - Mandaue City, Cebu.xls", Sheet 11 (DO 23-2022)
1436,,,,,"RDO No. 80 - Mandaue City, Cebu.xls", Sheet 11 (DO 23-2022)
1437,,,,,"RDO No. 80 - Mandaue City, Cebu.xls", Sheet 11 (DO 23-2022)
1438,TAWASON CASILI ROAD,,TAWASON CASILI ROAD,,"RDO No. 80 - Mandaue City, Cebu.xls", Sheet 11 (DO 23-2022)
1439,,,,,"RDO No. 80 - Mandaue City, Cebu.xls", Sheet 11 (DO 23-2022)
1440,,,,,"RDO No. 80 - Mandaue City, Cebu.xls", Sheet 11 (DO 23-2022)
1441,,,,,"RDO No. 80 - Mandaue City, Cebu.xls", Sheet 11 (DO 23-2022)
1442,,,,,"RDO No. 80 - Mandaue City, Cebu.xls", Sheet 11 (DO 23-2022)
1443,CASILI - KAPASANAN ROAD,,CASILI - KAPASANAN ROAD,,"RDO No. 80 - Mandaue City, Cebu.xls", Sheet 11 (DO 23-2022)
1444,,,,,"RDO No. 80 - Mandaue City, Cebu.xls", Sheet 11 (DO 23-2022)
1445,,,,,"RDO No. 80 - Mandaue City, Cebu.xls", Sheet 11 (DO 23-2022)
1446,,,,,"RDO No. 80 - Mandaue City, Cebu.xls", Sheet 11 (DO 23-2022)
1447,ALL OTHER STREETS,,ALL OTHER STREETS,,"RDO No. 80 - Mandaue City, Cebu.xls", Sheet 11 (DO 23-2022)
1448,,,,,"RDO No. 80 - Mandaue City, Cebu.xls", Sheet 11 (DO 23-2022)
1449,,,,,"RDO No. 80 - Mandaue City, Cebu.xls", Sheet 11 (DO 23-2022)
1450,,,,,"RDO No. 80 - Mandaue City, Cebu.xls", Sheet 11 (DO 23-2022)
1451,,,,,"RDO No. 80 - Mandaue City, Cebu.xls", Sheet 11 (DO 23-2022)
1452,MAHOGANY GROOVE SUBD,,MAHOGANY GROOVE SUBD,,"RDO No. 80 - Mandaue City, Cebu.xls", Sheet 11 (DO 23-2022)
1453,PRISTINA NORTH,,PRISTINA NORTH,,"RDO No. 80 - Mandaue City, Cebu.xls", Sheet 11 (DO 23-2022)
1454,PREVIA HILLS,,PREVIA HILLS,,"RDO No. 80 - Mandaue City, Cebu.xls", Sheet 11 (DO 23-2022)
1455,VERA ESTATES,,VERA ESTATES,,"RDO No. 80 - Mandaue City, Cebu.xls", Sheet 11 (DO 23-2022)
1456,LE GRAND,,LE GRAND,,"RDO No. 80 - Mandaue City, Cebu.xls", Sheet 11 (DO 23-2022)
1457,VILLA SEBASTIANA,,VILLA SEBASTIANA,,"RDO No. 80 - Mandaue City, Cebu.xls", Sheet 11 (DO 23-2022)
1458,ALL OTHER SUBDIVISIONS,,ALL OTHER SUBDIVISIONS,,"RDO No. 80 - Mandaue City, Cebu.xls", Sheet 11 (DO 23-2022)
1459,* New Subdivision,,* New Subdivision,,"RDO No. 80 - Mandaue City, Cebu.xls", Sheet 11 (DO 23-2022)
1460,,,,,"RDO No. 80 - Mandaue City, Cebu.xls", Sheet 11 (DO 23-2022)
1461,,,,,"RDO No. 80 - Mandaue City, Cebu.xls", Sheet 11 (DO 23-2022)
1462,Province,,Province,,"RDO No. 80 - Mandaue City, Cebu.xls", Sheet 11 (DO 23-2022)
1463,City/Municipality,,City/Municipality,,"RDO No. 80 - Mandaue City, Cebu.xls", Sheet 11 (DO 23-2022)
1464,Zone/Barangay,,Zone/Barangay,,"RDO No. 80 - Mandaue City, Cebu.xls", Sheet 11 (DO 23-2022)
1465,,,,,"RDO No. 80 - Mandaue City, Cebu.xls", Sheet 11 (DO 23-2022)
1466,STREET NAME / SUBDIVISION / CONDOMINIUM,,STREET NAME / SUBDIVISION / CONDOMINIUM,,"RDO No. 80 - Mandaue City, Cebu.xls", Sheet 11 (DO 23-2022)
1467,CANDUMAN-PAGSABUNGAN,,CANDUMAN-PAGSABUNGAN,,"RDO No. 80 - Mandaue City, Cebu.xls", Sheet 11 (DO 23-2022)
1468,,,,,"RDO No. 80 - Mandaue City, Cebu.xls", Sheet 11 (DO 23-2022)
1469,,,,,"RDO No. 80 - Mandaue City, Cebu.xls", Sheet 11 (DO 23-2022)
1470,,,,,"RDO No. 80 - Mandaue City, Cebu.xls", Sheet 11 (DO 23-2022)
1471,,,,,"RDO No. 80 - Mandaue City, Cebu.xls", Sheet 11 (DO 23-2022)
1472,TINGUB-PAGSABUNGAN ROAD,,TINGUB-PAGSABUNGAN ROAD,,"RDO No. 80 - Mandaue City, Cebu.xls", Sheet 11 (DO 23-2022)
1473,,,,,"RDO No. 80 - Mandaue City, Cebu.xls", Sheet 11 (DO 23-2022)
1474,,,,,"RDO No. 80 - Mandaue City, Cebu.xls", Sheet 11 (DO 23-2022)
1475,,,,,"RDO No. 80 - Mandaue City, Cebu.xls", Sheet 11 (DO 23-2022)
1476,,,,,"RDO No. 80 - Mandaue City, Cebu.xls", Sheet 11 (DO 23-2022)
1477,BENIGNO SUICO STREET,,BENIGNO SUICO STREET,,"RDO No. 80 - Mandaue City, Cebu.xls", Sheet 11 (DO 23-2022)
1478,,,,,"RDO No. 80 - Mandaue City, Cebu.xls", Sheet 11 (DO 23-2022)
1479,ALL OTHER STREETS,,ALL OTHER STREETS,,"RDO No. 80 - Mandaue City, Cebu.xls", Sheet 11 (DO 23-2022)
1480,,,,,"RDO No. 80 - Mandaue City, Cebu.xls", Sheet 11 (DO 23-2022)
1481,,,,,"RDO No. 80 - Mandaue City, Cebu.xls", Sheet 11 (DO 23-2022)
1482,,,,,"RDO No. 80 - Mandaue City, Cebu.xls", Sheet 11 (DO 23-2022)
1483,DCP TOWNHOMES,,DCP TOWNHOMES,,"RDO No. 80 - Mandaue City, Cebu.xls", Sheet 11 (DO 23-2022)
1484,GREENHILLS SUBD,,GREENHILLS SUBD,,"RDO No. 80 - Mandaue City, Cebu.xls", Sheet 11 (DO 23-2022)
1485,PALMAS VERDE SUBDIVISION,,PALMAS VERDE SUBDIVISION,,"RDO No. 80 - Mandaue City, Cebu.xls", Sheet 11 (DO 23-2022)
1486,CAMINO VICINAL (MAGNOLIA SMC),,CAMINO VICINAL (MAGNOLIA SMC),,"RDO No. 80 - Mandaue City, Cebu.xls", Sheet 11 (DO 23-2022)
1487,,,,,"RDO No. 80 - Mandaue City, Cebu.xls", Sheet 11 (DO 23-2022)
1488,,,,,"RDO No. 80 - Mandaue City, Cebu.xls", Sheet 11 (DO 23-2022)
1489,ALL OTHER SUBDIVISIONS,,ALL OTHER SUBDIVISIONS,,"RDO No. 80 - Mandaue City, Cebu.xls", Sheet 11 (DO 23-2022)
1490,* New Subdivision,,* New Subdivision,,"RDO No. 80 - Mandaue City, Cebu.xls", Sheet 11 (DO 23-2022)
1491,,,,,"RDO No. 80 - Mandaue City, Cebu.xls", Sheet 11 (DO 23-2022)
1492,,,,,"RDO No. 80 - Mandaue City, Cebu.xls", Sheet 11 (DO 23-2022)
1493,Province,,Province,,"RDO No. 80 - Mandaue City, Cebu.xls", Sheet 11 (DO 23-2022)
1494,City/Municipality,,City/Municipality,,"RDO No. 80 - Mandaue City, Cebu.xls", Sheet 11 (DO 23-2022)
1495,Zone/Barangay,,Zone/Barangay,,"RDO No. 80 - Mandaue City, Cebu.xls", Sheet 11 (DO 23-2022)
1496,,,,,"RDO No. 80 - Mandaue City, Cebu.xls", Sheet 11 (DO 23-2022)
1497,STREET NAME / SUBDIVISION / CONDOMINIUM,,STREET NAME / SUBDIVISION / CONDOMINIUM,,"RDO No. 80 - Mandaue City, Cebu.xls", Sheet 11 (DO 23-2022)
1498,A DEL ROSARIO AVENUE,,A DEL ROSARIO AVENUE,,"RDO No. 80 - Mandaue City, Cebu.xls", Sheet 11 (DO 23-2022)
1499,,,,,"RDO No. 80 - Mandaue City, Cebu.xls", Sheet 11 (DO 23-2022)
1500,,,,,"RDO No. 80 - Mandaue City, Cebu.xls", Sheet 11 (DO 23-2022)
1501,,,,,"RDO No. 80 - Mandaue City, Cebu.xls", Sheet 11 (DO 23-2022)
1502,A S FORTUNA ST.,,A S FORTUNA ST.,,"RDO No. 80 - Mandaue City, Cebu.xls", Sheet 11 (DO 23-2022)
1503,,,,,"RDO No. 80 - Mandaue City, Cebu.xls", Sheet 11 (DO 23-2022)
1504,,,,,"RDO No. 80 - Mandaue City, Cebu.xls", Sheet 11 (DO 23-2022)
1505,,,,,"RDO No. 80 - Mandaue City, Cebu.xls", Sheet 11 (DO 23-2022)
1506,CEBU NORTH ROAD (MC BRIONES ST),,CEBU NORTH ROAD (MC BRIONES ST),,"RDO No. 80 - Mandaue City, Cebu.xls", Sheet 11 (DO 23-2022)
1507,,,,,"RDO No. 80 - Mandaue City, Cebu.xls", Sheet 11 (DO 23-2022)
1508,,,,,"RDO No. 80 - Mandaue City, Cebu.xls", Sheet 11 (DO 23-2022)
1509,,,,,"RDO No. 80 - Mandaue City, Cebu.xls", Sheet 11 (DO 23-2022)
1510,C. ROSARIO STREET,,C. ROSARIO STREET,,"RDO No. 80 - Mandaue City, Cebu.xls", Sheet 11 (DO 23-2022)
1511,,,,,"RDO No. 80 - Mandaue City, Cebu.xls", Sheet 11 (DO 23-2022)
1512,,,,,"RDO No. 80 - Mandaue City, Cebu.xls", Sheet 11 (DO 23-2022)
1513,ALFREDO OUANO AVENUE,,ALFREDO OUANO AVENUE,,"RDO No. 80 - Mandaue City, Cebu.xls", Sheet 11 (DO 23-2022)
1514,,,,,"RDO No. 80 - Mandaue City, Cebu.xls", Sheet 11 (DO 23-2022)
1515,HERNAN CORTES STREET,,HERNAN CORTES STREET,,"RDO No. 80 - Mandaue City, Cebu.xls", Sheet 11 (DO 23-2022)
1516,,,,,"RDO No. 80 - Mandaue City, Cebu.xls", Sheet 11 (DO 23-2022)
1517,,,,,"RDO No. 80 - Mandaue City, Cebu.xls", Sheet 11 (DO 23-2022)
1518,,,,,"RDO No. 80 - Mandaue City, Cebu.xls", Sheet 11 (DO 23-2022)
1519,HERNAN CORTES EXTENSION,,HERNAN CORTES EXTENSION,,"RDO No. 80 - Mandaue City, Cebu.xls", Sheet 11 (DO 23-2022)
1520,,,,,"RDO No. 80 - Mandaue City, Cebu.xls", Sheet 11 (DO 23-2022)
1521,,,,,"RDO No. 80 - Mandaue City, Cebu.xls", Sheet 11 (DO 23-2022)
1522,,,,,"RDO No. 80 - Mandaue City, Cebu.xls", Sheet 11 (DO 23-2022)
1523,LOPEZ JAENA ST,,LOPEZ JAENA ST,,"RDO No. 80 - Mandaue City, Cebu.xls", Sheet 11 (DO 23-2022)
1524,,,,,"RDO No. 80 - Mandaue City, Cebu.xls", Sheet 11 (DO 23-2022)
1525,,,,,"RDO No. 80 - Mandaue City, Cebu.xls", Sheet 11 (DO 23-2022)
1526,,,,,"RDO No. 80 - Mandaue City, Cebu.xls", Sheet 11 (DO 23-2022)
1527,MAGUIKAY-BANILAD STREET,,MAGUIKAY-BANILAD STREET,,"RDO No. 80 - Mandaue City, Cebu.xls", Sheet 11 (DO 23-2022)
1528,,,,,"RDO No. 80 - Mandaue City, Cebu.xls", Sheet 11 (DO 23-2022)
1529,,,,,"RDO No. 80 - Mandaue City, Cebu.xls", Sheet 11 (DO 23-2022)
1530,,,,,"RDO No. 80 - Mandaue City, Cebu.xls", Sheet 11 (DO 23-2022)
1531,C. D. SENO BOULEVARD,,C. D. SENO BOULEVARD,,"RDO No. 80 - Mandaue City, Cebu.xls", Sheet 11 (DO 23-2022)
1532,,,,,"RDO No. 80 - Mandaue City, Cebu.xls", Sheet 11 (DO 23-2022)
1533,,,,,"RDO No. 80 - Mandaue City, Cebu.xls", Sheet 11 (DO 23-2022)
1534,,,,,"RDO No. 80 - Mandaue City, Cebu.xls", Sheet 11 (DO 23-2022)
1535,W. O. SENO ST. (MOONLIGHT RD) (RECLAMATION AREA),,W. O. SENO ST. (MOONLIGHT RD) (RECLAMATION AREA),,"RDO No. 80 - Mandaue City, Cebu.xls", Sheet 11 (DO 23-2022)
1536,,,,,"RDO No. 80 - Mandaue City, Cebu.xls", Sheet 11 (DO 23-2022)
1537,PEDRO BASUBAS ROAD,,PEDRO BASUBAS ROAD,,"RDO No. 80 - Mandaue City, Cebu.xls", Sheet 11 (DO 23-2022)
1538,,,,,"RDO No. 80 - Mandaue City, Cebu.xls", Sheet 11 (DO 23-2022)
1539,,,,,"RDO No. 80 - Mandaue City, Cebu.xls", Sheet 11 (DO 23-2022)
1540,,,,,"RDO No. 80 - Mandaue City, Cebu.xls", Sheet 11 (DO 23-2022)
1541,PO-O ROAD,,PO-O ROAD,,"RDO No. 80 - Mandaue City, Cebu.xls", Sheet 11 (DO 23-2022)
1542,,,,,"RDO No. 80 - Mandaue City, Cebu.xls", Sheet 11 (DO 23-2022)
1543,,,,,"RDO No. 80 - Mandaue City, Cebu.xls", Sheet 11 (DO 23-2022)
1544,,,,,"RDO No. 80 - Mandaue City, Cebu.xls", Sheet 11 (DO 23-2022)
1545,A. P. CORTES ST.,,A. P. CORTES ST.,,"RDO No. 80 - Mandaue City, Cebu.xls", Sheet 11 (DO 23-2022)
1546,,,,,"RDO No. 80 - Mandaue City, Cebu.xls", Sheet 11 (DO 23-2022)
1547,,,,,"RDO No. 80 - Mandaue City, Cebu.xls", Sheet 11 (DO 23-2022)
1548,,,,,"RDO No. 80 - Mandaue City, Cebu.xls", Sheet 11 (DO 23-2022)
1549,SACRIS ROAD EXT. (ELIAS V. ESPINA ST.),,SACRIS ROAD EXT. (ELIAS V. ESPINA ST.),,"RDO No. 80 - Mandaue City, Cebu.xls", Sheet 11 (DO 23-2022)
1550,,,,,"RDO No. 80 - Mandaue City, Cebu.xls", Sheet 11 (DO 23-2022)
1551,,,,,"RDO No. 80 - Mandaue City, Cebu.xls", Sheet 11 (DO 23-2022)
1552,,,,,"RDO No. 80 - Mandaue City, Cebu.xls", Sheet 11 (DO 23-2022)
1553,SINGSON ROAD,,SINGSON ROAD,,"RDO No. 80 - Mandaue City, Cebu.xls", Sheet 11 (DO 23-2022)
1554,,,,,"RDO No. 80 - Mandaue City, Cebu.xls", Sheet 11 (DO 23-2022)
1555,,,,,"RDO No. 80 - Mandaue City, Cebu.xls", Sheet 11 (DO 23-2022)
1556,,,,,"RDO No. 80 - Mandaue City, Cebu.xls", Sheet 11 (DO 23-2022)
1557,TIPOLO BARRIO ROAD,,TIPOLO BARRIO ROAD,,"RDO No. 80 - Mandaue City, Cebu.xls", Sheet 11 (DO 23-2022)
1558,,,,,"RDO No. 80 - Mandaue City, Cebu.xls", Sheet 11 (DO 23-2022)
1559,,,,,"RDO No. 80 - Mandaue City, Cebu.xls", Sheet 11 (DO 23-2022)
1560,,,,,"RDO No. 80 - Mandaue City, Cebu.xls", Sheet 11 (DO 23-2022)
1561,Province,,Province,,"RDO No. 80 - Mandaue City, Cebu.xls", Sheet 11 (DO 23-2022)
1562,City/Municipality,,City/Municipality,,"RDO No. 80 - Mandaue City, Cebu.xls", Sheet 11 (DO 23-2022)
1563,Zone/Barangay,,Zone/Barangay,,"RDO No. 80 - Mandaue City, Cebu.xls", Sheet 11 (DO 23-2022)
1564,,,,,"RDO No. 80 - Mandaue City, Cebu.xls", Sheet 11 (DO 23-2022)
1565,STREET NAME / SUBDIVISION / CONDOMINIUM,,STREET NAME / SUBDIVISION / CONDOMINIUM,,"RDO No. 80 - Mandaue City, Cebu.xls", Sheet 11 (DO 23-2022)
1566,ALL OTHER STREETS,,ALL OTHER STREETS,,"RDO No. 80 - Mandaue City, Cebu.xls", Sheet 11 (DO 23-2022)
1567,,,,,"RDO No. 80 - Mandaue City, Cebu.xls", Sheet 11 (DO 23-2022)
1568,,,,,"RDO No. 80 - Mandaue City, Cebu.xls", Sheet 11 (DO 23-2022)
1569,,,,,"RDO No. 80 - Mandaue City, Cebu.xls", Sheet 11 (DO 23-2022)
1570,SINGSON VILLAGE,,SINGSON VILLAGE,,"RDO No. 80 - Mandaue City, Cebu.xls", Sheet 11 (DO 23-2022)
1571,URBAN DECA HOMES,,URBAN DECA HOMES,,"RDO No. 80 - Mandaue City, Cebu.xls", Sheet 11 (DO 23-2022)
1572,,,,,"RDO No. 80 - Mandaue City, Cebu.xls", Sheet 11 (DO 23-2022)
1573,,,,,"RDO No. 80 - Mandaue City, Cebu.xls", Sheet 11 (DO 23-2022)
1574,,,,,"RDO No. 80 - Mandaue City, Cebu.xls", Sheet 11 (DO 23-2022)
1575,,,,,"RDO No. 80 - Mandaue City, Cebu.xls", Sheet 11 (DO 23-2022)
1576,Province,,Province,,"RDO No. 80 - Mandaue City, Cebu.xls", Sheet 11 (DO 23-2022)
1577,City/Municipality,,City/Municipality,,"RDO No. 80 - Mandaue City, Cebu.xls", Sheet 11 (DO 23-2022)
1578,Zone/Barangay,,Zone/Barangay,,"RDO No. 80 - Mandaue City, Cebu.xls", Sheet 11 (DO 23-2022)
1579,,,,,"RDO No. 80 - Mandaue City, Cebu.xls", Sheet 11 (DO 23-2022)
1580,STREET NAME / SUBDIVISION / CONDOMINIUM,,STREET NAME / SUBDIVISION / CONDOMINIUM,,"RDO No. 80 - Mandaue City, Cebu.xls", Sheet 11 (DO 23-2022)
1581,PLARIDEL STREET,,PLARIDEL STREET,,"RDO No. 80 - Mandaue City, Cebu.xls", Sheet 11 (DO 23-2022)
1582,,,,,"RDO No. 80 - Mandaue City, Cebu.xls", Sheet 11 (DO 23-2022)
1583,,,,,"RDO No. 80 - Mandaue City, Cebu.xls", Sheet 11 (DO 23-2022)
1584,,,,,"RDO No. 80 - Mandaue City, Cebu.xls", Sheet 11 (DO 23-2022)
1585,,,,,"RDO No. 80 - Mandaue City, Cebu.xls", Sheet 11 (DO 23-2022)
1586,,,,,"RDO No. 80 - Mandaue City, Cebu.xls", Sheet 11 (DO 23-2022)
1587,,,,,"RDO No. 80 - Mandaue City, Cebu.xls", Sheet 11 (DO 23-2022)
1588,,,,,"RDO No. 80 - Mandaue City, Cebu.xls", Sheet 11 (DO 23-2022)
1589,C. BATTILLER STREET,,C. BATTILLER STREET,,"RDO No. 80 - Mandaue City, Cebu.xls", Sheet 11 (DO 23-2022)
1590,,,,,"RDO No. 80 - Mandaue City, Cebu.xls", Sheet 11 (DO 23-2022)
1591,,,,,"RDO No. 80 - Mandaue City, Cebu.xls", Sheet 11 (DO 23-2022)
1592,R.A. OUANO STREET,,R.A. OUANO STREET,,"RDO No. 80 - Mandaue City, Cebu.xls", Sheet 11 (DO 23-2022)
1593,,,,,"RDO No. 80 - Mandaue City, Cebu.xls", Sheet 11 (DO 23-2022)
1594,,,,,"RDO No. 80 - Mandaue City, Cebu.xls", Sheet 11 (DO 23-2022)
1595,U.N. AVENUE,,U.N. AVENUE,,"RDO No. 80 - Mandaue City, Cebu.xls", Sheet 11 (DO 23-2022)
1596,,,,,"RDO No. 80 - Mandaue City, Cebu.xls", Sheet 11 (DO 23-2022)
1597,,,,,"RDO No. 80 - Mandaue City, Cebu.xls", Sheet 11 (DO 23-2022)
1598,V.B. CABAHUG ST.,,V.B. CABAHUG ST.,,"RDO No. 80 - Mandaue City, Cebu.xls", Sheet 11 (DO 23-2022)
1599,,,,,"RDO No. 80 - Mandaue City, Cebu.xls", Sheet 11 (DO 23-2022)
1600,,,,,"RDO No. 80 - Mandaue City, Cebu.xls", Sheet 11 (DO 23-2022)
1601,CAMINO VICINAL STREET,,CAMINO VICINAL STREET,,"RDO No. 80 - Mandaue City, Cebu.xls", Sheet 11 (DO 23-2022)
1602,,,,,"RDO No. 80 - Mandaue City, Cebu.xls", Sheet 11 (DO 23-2022)
1603,,,,,"RDO No. 80 - Mandaue City, Cebu.xls", Sheet 11 (DO 23-2022)
1604,R. MAYOL ST.,,R. MAYOL ST.,,"RDO No. 80 - Mandaue City, Cebu.xls", Sheet 11 (DO 23-2022)
1605,,,,,"RDO No. 80 - Mandaue City, Cebu.xls", Sheet 11 (DO 23-2022)
1606,,,,,"RDO No. 80 - Mandaue City, Cebu.xls", Sheet 11 (DO 23-2022)
1607,,,,,"RDO No. 80 - Mandaue City, Cebu.xls", Sheet 11 (DO 23-2022)
1608,ROAD TO DUMPSITE,,ROAD TO DUMPSITE,,"RDO No. 80 - Mandaue City, Cebu.xls", Sheet 11 (DO 23-2022)
1609,,,,,"RDO No. 80 - Mandaue City, Cebu.xls", Sheet 11 (DO 23-2022)
1610,,,,,"RDO No. 80 - Mandaue City, Cebu.xls", Sheet 11 (DO 23-2022)
1611,,,,,"RDO No. 80 - Mandaue City, Cebu.xls", Sheet 11 (DO 23-2022)
1612,SAN JOSE VILLAGE,,SAN JOSE VILLAGE,,"RDO No. 80 - Mandaue City, Cebu.xls", Sheet 11 (DO 23-2022)
1613,* Reconstituted road / street,,* Reconstituted road / street,,"RDO No. 80 - Mandaue City, Cebu.xls", Sheet 11 (DO 23-2022)
1614,,,,,"RDO No. 80 - Mandaue City, Cebu.xls", Sheet 11 (DO 23-2022)
1615,CERTAIN GUIDELINES IN THE IMPLEMENTATION,,CERTAIN GUIDELINES IN THE IMPLEMENTATION,,"RDO No. 80 - Mandaue City, Cebu.xls", Sheet 11 (DO 23-2022)
1616,OF ZONAL VALUATION OF REAL PROPERTIES FOR,,OF ZONAL VALUATION OF REAL PROPERTIES FOR,,"RDO No. 80 - Mandaue City, Cebu.xls", Sheet 11 (DO 23-2022)
1617,"RDO No. 80  - MANDAUE CITY, BOHOL",,"RDO No. 80  - MANDAUE CITY, BOHOL",,"RDO No. 80 - Mandaue City, Cebu.xls", Sheet 11 (DO 23-2022)
1618,,,,,"RDO No. 80 - Mandaue City, Cebu.xls", Sheet 11 (DO 23-2022)
1619,1.    NO ZONAL VALUE HAS BEEN PRESCRIBED FOR A PARTICULAR CLASSIFICATION OF REAL PROPERTY.,,1.    NO ZONAL VALUE HAS BEEN PRESCRIBED FOR A PARTICULAR CLASSIFICATION OF REAL PROPERTY.,,"RDO No. 80 - Mandaue City, Cebu.xls", Sheet 11 (DO 23-2022)
1620,WHEREIN THE APPROVED SCHEDULE OF ZONAL VALUES FOR A PARTICULAR BARANGAY -,,WHEREIN THE APPROVED SCHEDULE OF ZONAL VALUES FOR A PARTICULAR BARANGAY -,,"RDO No. 80 - Mandaue City, Cebu.xls", Sheet 11 (DO 23-2022)
1621,,,,,"RDO No. 80 - Mandaue City, Cebu.xls", Sheet 11 (DO 23-2022)
1622,a.)  NO  ZONAL  VALUE  HAS  BEEN  PRESCRIBED  FOR  A  PARTICULAR  CLASSIFICATION  IN  A  PARTICULAR STREET/,,a.)  NO  ZONAL  VALUE  HAS  BEEN  PRESCRIBED  FOR  A  PARTICULAR  CLASSIFICATION  IN  A  PARTICULAR STREET/,,"RDO No. 80 - Mandaue City, Cebu.xls", Sheet 11 (DO 23-2022)
1623,"SUBDIVISION  IN  A  BARANGAY,  THE   ZONAL  VALUE   PRESCRIBED  FOR  THE   SAME  CLASSIFICATION   OF   REAL",,"SUBDIVISION  IN  A  BARANGAY,  THE   ZONAL  VALUE   PRESCRIBED  FOR  THE   SAME  CLASSIFICATION   OF   REAL",,"RDO No. 80 - Mandaue City, Cebu.xls", Sheet 11 (DO 23-2022)
1624,PROPERTY  LOCATED   IN   THE   OTHER    STREET/SUBDIVISION  WITHIN  THE   SAME   BARANGAY  OF   SIMILAR,,PROPERTY  LOCATED   IN   THE   OTHER    STREET/SUBDIVISION  WITHIN  THE   SAME   BARANGAY  OF   SIMILAR,,"RDO No. 80 - Mandaue City, Cebu.xls", Sheet 11 (DO 23-2022)
1625,CONDITIONS  SHALL  BE  USED;  AND,,CONDITIONS  SHALL  BE  USED;  AND,,"RDO No. 80 - Mandaue City, Cebu.xls", Sheet 11 (DO 23-2022)
1626,,,,,"RDO No. 80 - Mandaue City, Cebu.xls", Sheet 11 (DO 23-2022)
1627,b.)  NO  ZONAL  VALUE  HAS  BEEN  PRESCRIBED  FOR  A   PARTICULAR  CLASSIFICATION  OF  REAL   PROPERTY   IN,,b.)  NO  ZONAL  VALUE  HAS  BEEN  PRESCRIBED  FOR  A   PARTICULAR  CLASSIFICATION  OF  REAL   PROPERTY   IN,,"RDO No. 80 - Mandaue City, Cebu.xls", Sheet 11 (DO 23-2022)
1628,"ONE   BARANGAY,   THE   ZONAL  VALUE  PRESCRIBED   FOR   THE   SAME   CLASSIFICATION  OF   REAL   PROPERTY",,"ONE   BARANGAY,   THE   ZONAL  VALUE  PRESCRIBED   FOR   THE   SAME   CLASSIFICATION  OF   REAL   PROPERTY",,"RDO No. 80 - Mandaue City, Cebu.xls", Sheet 11 (DO 23-2022)
1629,LOCATED IN AN ADJACENT BARANGAY OF SIMILAR CONDITIONS SHALL BE USED.,,LOCATED IN AN ADJACENT BARANGAY OF SIMILAR CONDITIONS SHALL BE USED.,,"RDO No. 80 - Mandaue City, Cebu.xls", Sheet 11 (DO 23-2022)
1630,,,,,"RDO No. 80 - Mandaue City, Cebu.xls", Sheet 11 (DO 23-2022)
1631,2.   PREDOMINANT USE OF PROPERTY.,,2.   PREDOMINANT USE OF PROPERTY.,,"RDO No. 80 - Mandaue City, Cebu.xls", Sheet 11 (DO 23-2022)
1632,,,,,"RDO No. 80 - Mandaue City, Cebu.xls", Sheet 11 (DO 23-2022)
1633,"a.)  ALL REAL PROPERTIES REGARDLESS OF ACTUAL USE, LOCATED IN A STREET/BARANGAY/ZONE, THE  USE  OF",,"a.)  ALL REAL PROPERTIES REGARDLESS OF ACTUAL USE, LOCATED IN A STREET/BARANGAY/ZONE, THE  USE  OF",,"RDO No. 80 - Mandaue City, Cebu.xls", Sheet 11 (DO 23-2022)
1634,"WHICH ARE PREDOMINANTLY COMMERCIAL  SHALL  BE   CLASSIFIED  AS    ""COMMERCIAL""    FOR    PURPOSES  OF",,"WHICH ARE PREDOMINANTLY COMMERCIAL  SHALL  BE   CLASSIFIED  AS    ""COMMERCIAL""    FOR    PURPOSES  OF",,"RDO No. 80 - Mandaue City, Cebu.xls", Sheet 11 (DO 23-2022)
1635,ZONAL VALUATION.,,ZONAL VALUATION.,,"RDO No. 80 - Mandaue City, Cebu.xls", Sheet 11 (DO 23-2022)
1636,,,,,"RDO No. 80 - Mandaue City, Cebu.xls", Sheet 11 (DO 23-2022)
1637,"b.) THE PREDOMINANT USE OF OTHER CLASSIFICATION OF PROPERTIES LOCATED IN A STREET/BARANGAY/ZONE,",,"b.) THE PREDOMINANT USE OF OTHER CLASSIFICATION OF PROPERTIES LOCATED IN A STREET/BARANGAY/ZONE,",,"RDO No. 80 - Mandaue City, Cebu.xls", Sheet 11 (DO 23-2022)
1638,REGARDLESS OF ACTUAL USE SHALL BE CONSIDERED FOR PURPOSES OF ZONAL VALUATION.,,REGARDLESS OF ACTUAL USE SHALL BE CONSIDERED FOR PURPOSES OF ZONAL VALUATION.,,"RDO No. 80 - Mandaue City, Cebu.xls", Sheet 11 (DO 23-2022)
1639,,,,,"RDO No. 80 - Mandaue City, Cebu.xls", Sheet 11 (DO 23-2022)
1640,3.    ZONAL VALUES OF CONDOMINIUM UNIT/TOWNHOUSE:,,3.    ZONAL VALUES OF CONDOMINIUM UNIT/TOWNHOUSE:,3.0,"RDO No. 80 - Mandaue City, Cebu.xls", Sheet 11 (DO 23-2022)
1641,,,,,"RDO No. 80 - Mandaue City, Cebu.xls", Sheet 11 (DO 23-2022)
1642,IF THE TITLE OF A PARTICULAR CONDOMINIUM UNIT/TOWNHOUE IS -,,IF THE TITLE OF A PARTICULAR CONDOMINIUM UNIT/TOWNHOUE IS -,,"RDO No. 80 - Mandaue City, Cebu.xls", Sheet 11 (DO 23-2022)
1643,,,,,"RDO No. 80 - Mandaue City, Cebu.xls", Sheet 11 (DO 23-2022)
1644,"a).   A CONDOMINIUM CERTIFICATE OF TITLE (CCT), THE ZONAL VALUE OF THE LAND  AND THE IMPROVEMENTS",,"a).   A CONDOMINIUM CERTIFICATE OF TITLE (CCT), THE ZONAL VALUE OF THE LAND  AND THE IMPROVEMENTS",,"RDO No. 80 - Mandaue City, Cebu.xls", Sheet 11 (DO 23-2022)
1645,SHALLL BE TREATED AS ONE: OR,,SHALLL BE TREATED AS ONE: OR,,"RDO No. 80 - Mandaue City, Cebu.xls", Sheet 11 (DO 23-2022)
1646,,,,,"RDO No. 80 - Mandaue City, Cebu.xls", Sheet 11 (DO 23-2022)
1647,"b).   A TRANSFER CERTIFICATE OF TITLE (TCT), THE LAND AND IMPROVEMENT SHALL BE GIVEN SEPARATE VALUES",,"b).   A TRANSFER CERTIFICATE OF TITLE (TCT), THE LAND AND IMPROVEMENT SHALL BE GIVEN SEPARATE VALUES",,"RDO No. 80 - Mandaue City, Cebu.xls", Sheet 11 (DO 23-2022)
1648,i.e. ZONAL VALUE/GROSS SELLING PRICE/FAIR MARKET VALUE PER  LATEST  TAX  DECLARATION  WHICHEVER  IS,,i.e. ZONAL VALUE/GROSS SELLING PRICE/FAIR MARKET VALUE PER  LATEST  TAX  DECLARATION  WHICHEVER  IS,,"RDO No. 80 - Mandaue City, Cebu.xls", Sheet 11 (DO 23-2022)
1649,"HIGHER AND, IN THE ABSENCE OF ZONAL VALUATION, PROPERTY SHALL BE VALUED PURSUANT TO RAMO 2-91.",,"HIGHER AND, IN THE ABSENCE OF ZONAL VALUATION, PROPERTY SHALL BE VALUED PURSUANT TO RAMO 2-91.",,"RDO No. 80 - Mandaue City, Cebu.xls", Sheet 11 (DO 23-2022)
1650,,,,,"RDO No. 80 - Mandaue City, Cebu.xls", Sheet 11 (DO 23-2022)
1651,THE GROUND FLOOR OF THE RESIDENTIAL  CONDOMINIUM  SHALL  BE  CLASSIFIED  AS  COMMERCIAL  AND,,THE GROUND FLOOR OF THE RESIDENTIAL  CONDOMINIUM  SHALL  BE  CLASSIFIED  AS  COMMERCIAL  AND,,"RDO No. 80 - Mandaue City, Cebu.xls", Sheet 11 (DO 23-2022)
1652,TWENTY PERCENT (20%) OF THE ESTABLISHED VALUE SHALL BE ADDED THERETO.,,TWENTY PERCENT (20%) OF THE ESTABLISHED VALUE SHALL BE ADDED THERETO.,20.0,"RDO No. 80 - Mandaue City, Cebu.xls", Sheet 11 (DO 23-2022)
1653,,,,,"RDO No. 80 - Mandaue City, Cebu.xls", Sheet 11 (DO 23-2022)
1654,4.   AREAS FOR PRIORITY DEVELOPMENT (APD).,,4.   AREAS FOR PRIORITY DEVELOPMENT (APD).,,"RDO No. 80 - Mandaue City, Cebu.xls", Sheet 11 (DO 23-2022)
1655,,,,,"RDO No. 80 - Mandaue City, Cebu.xls", Sheet 11 (DO 23-2022)
1656,THESE ARE  AREAS IDENTIFIED AS AREAS FOR PRIORITY DEVELOPMENT CERTIFIED TO AS SUCH BY THE,,THESE ARE  AREAS IDENTIFIED AS AREAS FOR PRIORITY DEVELOPMENT CERTIFIED TO AS SUCH BY THE,,"RDO No. 80 - Mandaue City, Cebu.xls", Sheet 11 (DO 23-2022)
1657,HOUSING AND LAND USE REGULATORY BOARD (HLURB).  IF IT IS UTILIZED FOR SOCIAL HOUSING.  IT SHALL,,HOUSING AND LAND USE REGULATORY BOARD (HLURB).  IF IT IS UTILIZED FOR SOCIAL HOUSING.  IT SHALL,,"RDO No. 80 - Mandaue City, Cebu.xls", Sheet 11 (DO 23-2022)
1658,"BE CERTIFIED TO AS SUCH BY THE PROPER GOVERNMENT AGENCY, SUCH AS PRESIDENTIAL COMMISSION",,"BE CERTIFIED TO AS SUCH BY THE PROPER GOVERNMENT AGENCY, SUCH AS PRESIDENTIAL COMMISSION",,"RDO No. 80 - Mandaue City, Cebu.xls", Sheet 11 (DO 23-2022)
1659,"ON URBAN POOR (PCUP, NATIONAL HOUSING AUTHORITY (NHA)). ETC.",,"ON URBAN POOR (PCUP, NATIONAL HOUSING AUTHORITY (NHA)). ETC.",,"RDO No. 80 - Mandaue City, Cebu.xls", Sheet 11 (DO 23-2022)
1660,SECOND SALE OF LOT IDENTIFIED AS LOCATED IN THE APD SHALL NO LONGER BE VALUED AS AN APD AND,,SECOND SALE OF LOT IDENTIFIED AS LOCATED IN THE APD SHALL NO LONGER BE VALUED AS AN APD AND,,"RDO No. 80 - Mandaue City, Cebu.xls", Sheet 11 (DO 23-2022)
1661,SHALL BE TREATED AS AN ORDINARY REAL PROPERTY.,,SHALL BE TREATED AS AN ORDINARY REAL PROPERTY.,,"RDO No. 80 - Mandaue City, Cebu.xls", Sheet 11 (DO 23-2022)
1662,,,,,"RDO No. 80 - Mandaue City, Cebu.xls", Sheet 11 (DO 23-2022)
1663,5.    DIVISION OF A BARANGAY,,5.    DIVISION OF A BARANGAY,5.0,"RDO No. 80 - Mandaue City, Cebu.xls", Sheet 11 (DO 23-2022)
1664,,,,,"RDO No. 80 - Mandaue City, Cebu.xls", Sheet 11 (DO 23-2022)
1665,"IN THE EVENT THAT AN EXISTING BARANGAY IS DIVIDED INTO TWO OR MORE BARANGAYS, THE ZONAL VALUE",,"IN THE EVENT THAT AN EXISTING BARANGAY IS DIVIDED INTO TWO OR MORE BARANGAYS, THE ZONAL VALUE",,"RDO No. 80 - Mandaue City, Cebu.xls", Sheet 11 (DO 23-2022)
1666,PRESCRIBED FOR THE EXISTING BARANGAY SHALL BE USED FOR THE NEWLY CREATED BARANGAY,,PRESCRIBED FOR THE EXISTING BARANGAY SHALL BE USED FOR THE NEWLY CREATED BARANGAY,,"RDO No. 80 - Mandaue City, Cebu.xls", Sheet 11 (DO 23-2022)
1667,,,,,"RDO No. 80 - Mandaue City, Cebu.xls", Sheet 11 (DO 23-2022)
1668,6.     PARKING SLOT (PS),,6.     PARKING SLOT (PS),6.0,"RDO No. 80 - Mandaue City, Cebu.xls", Sheet 11 (DO 23-2022)
1669,,,,,"RDO No. 80 - Mandaue City, Cebu.xls", Sheet 11 (DO 23-2022)
1670,"IF NO ZONAL VALUE HAS BEEN PRESCRIBED FOR PARKING SLOTS, THE VALUE SHOULD BE 60% OF THE AMOUNT",,"IF NO ZONAL VALUE HAS BEEN PRESCRIBED FOR PARKING SLOTS, THE VALUE SHOULD BE 60% OF THE AMOUNT",60.0,"RDO No. 80 - Mandaue City, Cebu.xls", Sheet 11 (DO 23-2022)
1671,OF THE UNIT SOLD,,OF THE UNIT SOLD,,"RDO No. 80 - Mandaue City, Cebu.xls", Sheet 11 (DO 23-2022)
1672,,,,,"RDO No. 80 - Mandaue City, Cebu.xls", Sheet 11 (DO 23-2022)
1673,7.      INSTITUTION (X),,7.      INSTITUTION (X),7.0,"RDO No. 80 - Mandaue City, Cebu.xls", Sheet 11 (DO 23-2022)
1674,,,,,"RDO No. 80 - Mandaue City, Cebu.xls", Sheet 11 (DO 23-2022)
1675,"THESE  ARE  AREAS  FOR  SCHOOL, HOSPITAL  AND  CHURCHES,  IF  NO  ZONAL  VALUE  HAS  BEEN PRESCRIBED, THE",,"THESE  ARE  AREAS  FOR  SCHOOL, HOSPITAL  AND  CHURCHES,  IF  NO  ZONAL  VALUE  HAS  BEEN PRESCRIBED, THE",,"RDO No. 80 - Mandaue City, Cebu.xls", Sheet 11 (DO 23-2022)
1676,COMMERCIAL VALUE OF THE PROPERTY NEAREST TO THE INSTITUTION.  WITHIN THE SAME BARANGAY AND STREET,,COMMERCIAL VALUE OF THE PROPERTY NEAREST TO THE INSTITUTION.  WITHIN THE SAME BARANGAY AND STREET,,"RDO No. 80 - Mandaue City, Cebu.xls", Sheet 11 (DO 23-2022)
1677,SHALL BE USED,,SHALL BE USED,,"RDO No. 80 - Mandaue City, Cebu.xls", Sheet 11 (DO 23-2022)
1678,8.    ZONAL VALUE OR FMV ESTABLISHED IN THE SCHEDULE OF VALUES OF ASSESSORS.,,8.    ZONAL VALUE OR FMV ESTABLISHED IN THE SCHEDULE OF VALUES OF ASSESSORS.,,"RDO No. 80 - Mandaue City, Cebu.xls", Sheet 11 (DO 23-2022)
1679,,,,,"RDO No. 80 - Mandaue City, Cebu.xls", Sheet 11 (DO 23-2022)
1680,THE ZONAL VALUES ESTABLISHED HEREIN SHALL APPLY  IN  COMPUTING  ALL  INTERNAL  REVENUE TAXES,,THE ZONAL VALUES ESTABLISHED HEREIN SHALL APPLY  IN  COMPUTING  ALL  INTERNAL  REVENUE TAXES,,"RDO No. 80 - Mandaue City, Cebu.xls", Sheet 11 (DO 23-2022)
1681,"(i.e. CAPITAL GAINS, CREDITABLE WITHOLDING, ESTATE,  DONOR'S  AND  DOCUMENTARY STAMP TAXES)  DUE",,"(i.e. CAPITAL GAINS, CREDITABLE WITHOLDING, ESTATE,  DONOR'S  AND  DOCUMENTARY STAMP TAXES)  DUE",,"RDO No. 80 - Mandaue City, Cebu.xls", Sheet 11 (DO 23-2022)
1682,"ON SALES, EXCHANGES, OR OTHER DISPOSITIONS OF REAL PROPERTY,  PROVIDED,  THAT  THE  SAME  IS  HIGHER",,"ON SALES, EXCHANGES, OR OTHER DISPOSITIONS OF REAL PROPERTY,  PROVIDED,  THAT  THE  SAME  IS  HIGHER",,"RDO No. 80 - Mandaue City, Cebu.xls", Sheet 11 (DO 23-2022)
1683,THAN (1) THE FAIR MARKET VALUE AS SHOWN IN  THE  SCHEDULE  OF  VALUES  OF  THE  PROVINCIAL  AND  CITY,,THAN (1) THE FAIR MARKET VALUE AS SHOWN IN  THE  SCHEDULE  OF  VALUES  OF  THE  PROVINCIAL  AND  CITY,1.0,"RDO No. 80 - Mandaue City, Cebu.xls", Sheet 11 (DO 23-2022)
1684,ASSESSRS   (i.e.   LATEST  TAX  DECLARATION)   AND   (2)  THE  GROSS  SELLING  PRICE  AS  SHOWN  IN  THE  DULY,,ASSESSRS   (i.e.   LATEST  TAX  DECLARATION)   AND   (2)  THE  GROSS  SELLING  PRICE  AS  SHOWN  IN  THE  DULY,,"RDO No. 80 - Mandaue City, Cebu.xls", Sheet 11 (DO 23-2022)
1685,NOTARIZED DOCUMENT OF SALE OR EXCHANGE AT THE TIME OF SALE OR EXCHANGE.,,NOTARIZED DOCUMENT OF SALE OR EXCHANGE AT THE TIME OF SALE OR EXCHANGE.,,"RDO No. 80 - Mandaue City, Cebu.xls", Sheet 11 (DO 23-2022)
1686,,,,,"RDO No. 80 - Mandaue City, Cebu.xls", Sheet 11 (DO 23-2022)
1687,"PROVIDED, HOWEVER, THAT THE VALUE OF PROPERTY TO BE USED IN COMPUTING ESTATE AND DONOR'S",,"PROVIDED, HOWEVER, THAT THE VALUE OF PROPERTY TO BE USED IN COMPUTING ESTATE AND DONOR'S",,"RDO No. 80 - Mandaue City, Cebu.xls", Sheet 11 (DO 23-2022)
1688,TAXES SHALL BE (1)  THE FAIR MARKET VALUE AS DETERMINED BY THE COMMISSIONER OF INTERNAL REVENUE,,TAXES SHALL BE (1)  THE FAIR MARKET VALUE AS DETERMINED BY THE COMMISSIONER OF INTERNAL REVENUE,1.0,"RDO No. 80 - Mandaue City, Cebu.xls", Sheet 11 (DO 23-2022)
1689,(i.e. ZONAL  VALUES) OR  (2)  THE  FAIR   MARKET  VALUE  AS  SHOWN IN  THE  SCHEDULE  OF  VALUES   OF   THE,,(i.e. ZONAL  VALUES) OR  (2)  THE  FAIR   MARKET  VALUE  AS  SHOWN IN  THE  SCHEDULE  OF  VALUES   OF   THE,,"RDO No. 80 - Mandaue City, Cebu.xls", Sheet 11 (DO 23-2022)
1690,"PROVINCIAL/CITY/MUNICIPAL ASSESSOR, WHICHEVER IS HIGHER.",,"PROVINCIAL/CITY/MUNICIPAL ASSESSOR, WHICHEVER IS HIGHER.",,"RDO No. 80 - Mandaue City, Cebu.xls", Sheet 11 (DO 23-2022)
1691,,,,,"RDO No. 80 - Mandaue City, Cebu.xls", Sheet 11 (DO 23-2022)
1692,I-3/apmd/wpc 5/30/2022,,I-3/apmd/wpc 5/30/2022,-35302022.0,"RDO No. 80 - Mandaue City, Cebu.xls", Sheet 11 (DO 23-2022)
0,"THE JURISDICTION OF REVENUE DISTRICT OFFICE NO. 81 - CEBU CITY NORTH, REVENUE REGION NO. 13 -",,"THE JURISDICTION OF REVENUE DISTRICT OFFICE NO. 81 - CEBU CITY NORTH, REVENUE REGION NO. 13 -",,RDO No. 81 - Cebu City North.xlsx,Sheet 6 (DO 054-2023)
1,CEBU CITY FOR INTERNAL REVENUE TAX PURPOSES,,CEBU CITY FOR INTERNAL REVENUE TAX PURPOSES,,RDO No. 81 - Cebu City North.xlsx,Sheet 6 (DO 054-2023)
2,,,,,RDO No. 81 - Cebu City North.xlsx,Sheet 6 (DO 054-2023)
3,TO         :       All Internal Revenue Officers and Others Concerned,,TO         :       All Internal Revenue Officers and Others Concerned,,RDO No. 81 - Cebu City North.xlsx,Sheet 6 (DO 054-2023)
4,,,,,RDO No. 81 - Cebu City North.xlsx,Sheet 6 (DO 054-2023)
5,"Under Section   4  of  Republic  Act No.  10963, otherwise   known  as   the  ""Tax Reform for Acceleration",,"Under Section   4  of  Republic  Act No.  10963, otherwise   known  as   the  ""Tax Reform for Acceleration",4.10963,RDO No. 81 - Cebu City North.xlsx,Sheet 6 (DO 054-2023)
6,"and   Inclusion  (TRAIN)""  Law,   amending   Section 6 (E) of   National   Internal  Revenue  Code  (NIRC) of 1997, the",,"and   Inclusion  (TRAIN)""  Law,   amending   Section 6 (E) of   National   Internal  Revenue  Code  (NIRC) of 1997, the",61997.0,RDO No. 81 - Cebu City North.xlsx,Sheet 6 (DO 054-2023)
7,Commissioner is hereby  authorized  to  divide  the Philippines into different zones or areas and shall determine,,Commissioner is hereby  authorized  to  divide  the Philippines into different zones or areas and shall determine,,RDO No. 81 - Cebu City North.xlsx,Sheet 6 (DO 054-2023)
8,"the  fair  market  value  of  real  properties  located  in  each  zone or areas, subject to automatic adjustment once",,"the  fair  market  value  of  real  properties  located  in  each  zone or areas, subject to automatic adjustment once",,RDO No. 81 - Cebu City North.xlsx,Sheet 6 (DO 054-2023)
9,"areas, subject to automatic adjustment once every three (3) years.",,"areas, subject to automatic adjustment once every three (3) years.",3.0,RDO No. 81 - Cebu City North.xlsx,Sheet 6 (DO 054-2023)
10,,,,,RDO No. 81 - Cebu City North.xlsx,Sheet 6 (DO 054-2023)
11,"By     virtue    of    said   authority   and   after   the   conduct   of  public  hearing  on   June 22, 2023,    the",,"By     virtue    of    said   authority   and   after   the   conduct   of  public  hearing  on   June 22, 2023,    the",222023.0,RDO No. 81 - Cebu City North.xlsx,Sheet 6 (DO 054-2023)
12,Commissioner  of  Internal  Revenue  has  determined   the zonal  values of real properties under the jurisdiction,,Commissioner  of  Internal  Revenue  has  determined   the zonal  values of real properties under the jurisdiction,,RDO No. 81 - Cebu City North.xlsx,Sheet 6 (DO 054-2023)
13,"of Revenue District Office No. 81 - Cebu City North, Revenue Region No. 13 - Cebu City.",,"of Revenue District Office No. 81 - Cebu City North, Revenue Region No. 13 - Cebu City.",,RDO No. 81 - Cebu City North.xlsx,Sheet 6 (DO 054-2023)
14,,,,,RDO No. 81 - Cebu City North.xlsx,Sheet 6 (DO 054-2023)
15,This Order is therefore issued to implement the revised schedule of zonal values of real properties for,,This Order is therefore issued to implement the revised schedule of zonal values of real properties for,,RDO No. 81 - Cebu City North.xlsx,Sheet 6 (DO 054-2023)
16,purposes  of  computation  of  any  internal  revenue  tax  due  on  sale/transfer  or  any  other  disposition of real,,purposes  of  computation  of  any  internal  revenue  tax  due  on  sale/transfer  or  any  other  disposition of real,,RDO No. 81 - Cebu City North.xlsx,Sheet 6 (DO 054-2023)
17,properties. The   zonal  values  established  herein  shall  apply  provided   the same  is   higher  than  (1)  the  fair,,properties. The   zonal  values  established  herein  shall  apply  provided   the same  is   higher  than  (1)  the  fair,0.1,RDO No. 81 - Cebu City North.xlsx,Sheet 6 (DO 054-2023)
18,market    value   as  shown  in  the  schedule  of  values  of  the   City   Assessor   and   (2)  the  gross  selling  price/,,market    value   as  shown  in  the  schedule  of  values  of  the   City   Assessor   and   (2)  the  gross  selling  price/,2.0,RDO No. 81 - Cebu City North.xlsx,Sheet 6 (DO 054-2023)
19,consideration as shown in the duly notarized document of sale or transfer of real property.,,consideration as shown in the duly notarized document of sale or transfer of real property.,,RDO No. 81 - Cebu City North.xlsx,Sheet 6 (DO 054-2023)
20,,,,,RDO No. 81 - Cebu City North.xlsx,Sheet 6 (DO 054-2023)
21,This Order shall take effect immediately.,,This Order shall take effect immediately.,,RDO No. 81 - Cebu City North.xlsx,Sheet 6 (DO 054-2023)
22,,,,,RDO No. 81 - Cebu City North.xlsx,Sheet 6 (DO 054-2023)
23,,,,,RDO No. 81 - Cebu City North.xlsx,Sheet 6 (DO 054-2023)
24,,,,,RDO No. 81 - Cebu City North.xlsx,Sheet 6 (DO 054-2023)
25,,,,,RDO No. 81 - Cebu City North.xlsx,Sheet 6 (DO 054-2023)
26,,,,,RDO No. 81 - Cebu City North.xlsx,Sheet 6 (DO 054-2023)
27,,,,,RDO No. 81 - Cebu City North.xlsx,Sheet 6 (DO 054-2023)
28,,,,,RDO No. 81 - Cebu City North.xlsx,Sheet 6 (DO 054-2023)
29,RECOMMENDED BY:,,RECOMMENDED BY:,,RDO No. 81 - Cebu City North.xlsx,Sheet 6 (DO 054-2023)
30,,,,,RDO No. 81 - Cebu City North.xlsx,Sheet 6 (DO 054-2023)
31,,,,,RDO No. 81 - Cebu City North.xlsx,Sheet 6 (DO 054-2023)
32,(original signed),,(original signed),,RDO No. 81 - Cebu City North.xlsx,Sheet 6 (DO 054-2023)
33,"ROMEO D. LUMAGUI, JR.",,"ROMEO D. LUMAGUI, JR.",,RDO No. 81 - Cebu City North.xlsx,Sheet 6 (DO 054-2023)
34,Commissioner of Internal Revenue,,Commissioner of Internal Revenue,,RDO No. 81 - Cebu City North.xlsx,Sheet 6 (DO 054-2023)
35,,,,,RDO No. 81 - Cebu City North.xlsx,Sheet 6 (DO 054-2023)
36,,,,,RDO No. 81 - Cebu City North.xlsx,Sheet 6 (DO 054-2023)
37,DEFINITION OF TERMS,,DEFINITION OF TERMS,,RDO No. 81 - Cebu City North.xlsx,Sheet 6 (DO 054-2023)
38,,,,,RDO No. 81 - Cebu City North.xlsx,Sheet 6 (DO 054-2023)
39,RESIDENTIAL,,RESIDENTIAL,,RDO No. 81 - Cebu City North.xlsx,Sheet 6 (DO 054-2023)
40,COMMERCIAL,,COMMERCIAL,,RDO No. 81 - Cebu City North.xlsx,Sheet 6 (DO 054-2023)
41,,,,,RDO No. 81 - Cebu City North.xlsx,Sheet 6 (DO 054-2023)
42,INDUSTRIAL,,INDUSTRIAL,,RDO No. 81 - Cebu City North.xlsx,Sheet 6 (DO 054-2023)
43,AGRICULTURAL,,AGRICULTURAL,,RDO No. 81 - Cebu City North.xlsx,Sheet 6 (DO 054-2023)
44,,,,,RDO No. 81 - Cebu City North.xlsx,Sheet 6 (DO 054-2023)
45,,,,,RDO No. 81 - Cebu City North.xlsx,Sheet 6 (DO 054-2023)
46,,,,,RDO No. 81 - Cebu City North.xlsx,Sheet 6 (DO 054-2023)
47,GENERAL PURPOSE,,GENERAL PURPOSE,,RDO No. 81 - Cebu City North.xlsx,Sheet 6 (DO 054-2023)
48,,,,,RDO No. 81 - Cebu City North.xlsx,Sheet 6 (DO 054-2023)
49,,,,,RDO No. 81 - Cebu City North.xlsx,Sheet 6 (DO 054-2023)
50,,,,,RDO No. 81 - Cebu City North.xlsx,Sheet 6 (DO 054-2023)
51,VICINITY,,VICINITY,,RDO No. 81 - Cebu City North.xlsx,Sheet 6 (DO 054-2023)
52,,,,,RDO No. 81 - Cebu City North.xlsx,Sheet 6 (DO 054-2023)
53,,,,,RDO No. 81 - Cebu City North.xlsx,Sheet 6 (DO 054-2023)
54,,,,,RDO No. 81 - Cebu City North.xlsx,Sheet 6 (DO 054-2023)
55,CLASSIFICATION LEGEND:,,CLASSIFICATION LEGEND:,,RDO No. 81 - Cebu City North.xlsx,Sheet 6 (DO 054-2023)
56,CODE              CLASSIFICATION,,CODE              CLASSIFICATION,,RDO No. 81 - Cebu City North.xlsx,Sheet 6 (DO 054-2023)
57,RR                     Residential Regular,,RR                     Residential Regular,,RDO No. 81 - Cebu City North.xlsx,Sheet 6 (DO 054-2023)
58,CR                     Commercial Regular,,CR                     Commercial Regular,,RDO No. 81 - Cebu City North.xlsx,Sheet 6 (DO 054-2023)
59,RC                     Residential Condominium,,RC                     Residential Condominium,,RDO No. 81 - Cebu City North.xlsx,Sheet 6 (DO 054-2023)
60,CC                     Commercial Condominium,,CC                     Commercial Condominium,,RDO No. 81 - Cebu City North.xlsx,Sheet 6 (DO 054-2023)
61,CL                     Cemetery Lot,,CL                     Cemetery Lot,,RDO No. 81 - Cebu City North.xlsx,Sheet 6 (DO 054-2023)
62,A                       Agricultural,,A                       Agricultural,,RDO No. 81 - Cebu City North.xlsx,Sheet 6 (DO 054-2023)
63,,,,,RDO No. 81 - Cebu City North.xlsx,Sheet 6 (DO 054-2023)
64,AGRICULTURAL LANDS,,AGRICULTURAL LANDS,,RDO No. 81 - Cebu City North.xlsx,Sheet 6 (DO 054-2023)
65,A1    Riceland Irrigated,,A1    Riceland Irrigated,1.0,RDO No. 81 - Cebu City North.xlsx,Sheet 6 (DO 054-2023)
66,A2    Riceland Unirrigated,,A2    Riceland Unirrigated,2.0,RDO No. 81 - Cebu City North.xlsx,Sheet 6 (DO 054-2023)
67,A3    Upland,,A3    Upland,3.0,RDO No. 81 - Cebu City North.xlsx,Sheet 6 (DO 054-2023)
68,A4    Coco Land,,A4    Coco Land,4.0,RDO No. 81 - Cebu City North.xlsx,Sheet 6 (DO 054-2023)
69,A5    Citrus Land,,A5    Citrus Land,5.0,RDO No. 81 - Cebu City North.xlsx,Sheet 6 (DO 054-2023)
70,A6    Fishpond,,A6    Fishpond,6.0,RDO No. 81 - Cebu City North.xlsx,Sheet 6 (DO 054-2023)
71,A7    Swamp,,A7    Swamp,7.0,RDO No. 81 - Cebu City North.xlsx,Sheet 6 (DO 054-2023)
72,A8    Nipa Land,,A8    Nipa Land,8.0,RDO No. 81 - Cebu City North.xlsx,Sheet 6 (DO 054-2023)
73,A9    Cotton Land,,A9    Cotton Land,9.0,RDO No. 81 - Cebu City North.xlsx,Sheet 6 (DO 054-2023)
74,A10  Cogon,,A10  Cogon,10.0,RDO No. 81 - Cebu City North.xlsx,Sheet 6 (DO 054-2023)
75,A11  Abaca Land,,A11  Abaca Land,11.0,RDO No. 81 - Cebu City North.xlsx,Sheet 6 (DO 054-2023)
76,A12  Orchard,,A12  Orchard,12.0,RDO No. 81 - Cebu City North.xlsx,Sheet 6 (DO 054-2023)
77,A13  Pineapple Land,,A13  Pineapple Land,13.0,RDO No. 81 - Cebu City North.xlsx,Sheet 6 (DO 054-2023)
78,A14  Banana Land,,A14  Banana Land,14.0,RDO No. 81 - Cebu City North.xlsx,Sheet 6 (DO 054-2023)
79,A15  Pasture Land,,A15  Pasture Land,15.0,RDO No. 81 - Cebu City North.xlsx,Sheet 6 (DO 054-2023)
80,A16  Corn Land,,A16  Corn Land,16.0,RDO No. 81 - Cebu City North.xlsx,Sheet 6 (DO 054-2023)
81,A17  Sugar Land,,A17  Sugar Land,17.0,RDO No. 81 - Cebu City North.xlsx,Sheet 6 (DO 054-2023)
82,A18  Tobacco Land,,A18  Tobacco Land,18.0,RDO No. 81 - Cebu City North.xlsx,Sheet 6 (DO 054-2023)
83,A19  Cacao,,A19  Cacao,19.0,RDO No. 81 - Cebu City North.xlsx,Sheet 6 (DO 054-2023)
84,A20  Lanzones,,A20  Lanzones,20.0,RDO No. 81 - Cebu City North.xlsx,Sheet 6 (DO 054-2023)
85,A21  Durian,,A21  Durian,21.0,RDO No. 81 - Cebu City North.xlsx,Sheet 6 (DO 054-2023)
86,A22  Rambutan,,A22  Rambutan,22.0,RDO No. 81 - Cebu City North.xlsx,Sheet 6 (DO 054-2023)
87,A23  Mango,,A23  Mango,23.0,RDO No. 81 - Cebu City North.xlsx,Sheet 6 (DO 054-2023)
88,A24  Mangrove,,A24  Mangrove,24.0,RDO No. 81 - Cebu City North.xlsx,Sheet 6 (DO 054-2023)
89,A25  Camote/Cassava,,A25  Camote/Cassava,25.0,RDO No. 81 - Cebu City North.xlsx,Sheet 6 (DO 054-2023)
90,,,,,RDO No. 81 - Cebu City North.xlsx,Sheet 6 (DO 054-2023)
91,REVENUE REGION NO. 13 - CEBU CITY,,REVENUE REGION NO. 13 - CEBU CITY,,RDO No. 81 - Cebu City North.xlsx,Sheet 6 (DO 054-2023)
92,REVENUE DISTRICT OFFICE NO. 81 - CEBU CITY NORTH,,REVENUE DISTRICT OFFICE NO. 81 - CEBU CITY NORTH,,RDO No. 81 - Cebu City North.xlsx,Sheet 6 (DO 054-2023)
93,,,,,RDO No. 81 - Cebu City North.xlsx,Sheet 6 (DO 054-2023)
94,,,,,RDO No. 81 - Cebu City North.xlsx,Sheet 6 (DO 054-2023)
95,Province,,Province,,RDO No. 81 - Cebu City North.xlsx,Sheet 6 (DO 054-2023)
96,City/Municipality,,City/Municipality,,RDO No. 81 - Cebu City North.xlsx,Sheet 6 (DO 054-2023)
97,Barangay,,Barangay,,RDO No. 81 - Cebu City North.xlsx,Sheet 6 (DO 054-2023)
98,,,,,RDO No. 81 - Cebu City North.xlsx,Sheet 6 (DO 054-2023)
99,STREET NAME / SUBDIVISION/CONDOMINIUM,,STREET NAME / SUBDIVISION/CONDOMINIUM,,RDO No. 81 - Cebu City North.xlsx,Sheet 6 (DO 054-2023)
100,,,,,RDO No. 81 - Cebu City North.xlsx,Sheet 6 (DO 054-2023)
101,,,,,RDO No. 81 - Cebu City North.xlsx,Sheet 6 (DO 054-2023)
102,,,,,RDO No. 81 - Cebu City North.xlsx,Sheet 6 (DO 054-2023)
103,STREETS,,STREETS,,RDO No. 81 - Cebu City North.xlsx,Sheet 6 (DO 054-2023)
104,ALL AREAS,,ALL AREAS,,RDO No. 81 - Cebu City North.xlsx,Sheet 6 (DO 054-2023)
105,,,,,RDO No. 81 - Cebu City North.xlsx,Sheet 6 (DO 054-2023)
106,,,,,RDO No. 81 - Cebu City North.xlsx,Sheet 6 (DO 054-2023)
107,,,,,RDO No. 81 - Cebu City North.xlsx,Sheet 6 (DO 054-2023)
108,,,,,RDO No. 81 - Cebu City North.xlsx,Sheet 6 (DO 054-2023)
109,,,,,RDO No. 81 - Cebu City North.xlsx,Sheet 6 (DO 054-2023)
110,* New,,* New,,RDO No. 81 - Cebu City North.xlsx,Sheet 6 (DO 054-2023)
111,,,,,RDO No. 81 - Cebu City North.xlsx,Sheet 6 (DO 054-2023)
112,,,,,RDO No. 81 - Cebu City North.xlsx,Sheet 6 (DO 054-2023)
113,Province,,Province,,RDO No. 81 - Cebu City North.xlsx,Sheet 6 (DO 054-2023)
114,City/Municipality,,City/Municipality,,RDO No. 81 - Cebu City North.xlsx,Sheet 6 (DO 054-2023)
115,Barangay,,Barangay,,RDO No. 81 - Cebu City North.xlsx,Sheet 6 (DO 054-2023)
116,,,,,RDO No. 81 - Cebu City North.xlsx,Sheet 6 (DO 054-2023)
117,STREET NAME / SUBDIVISION/CONDOMINIUM,,STREET NAME / SUBDIVISION/CONDOMINIUM,,RDO No. 81 - Cebu City North.xlsx,Sheet 6 (DO 054-2023)
118,,,,,RDO No. 81 - Cebu City North.xlsx,Sheet 6 (DO 054-2023)
119,,,,,RDO No. 81 - Cebu City North.xlsx,Sheet 6 (DO 054-2023)
120,,,,,RDO No. 81 - Cebu City North.xlsx,Sheet 6 (DO 054-2023)
121,STREETS,,STREETS,,RDO No. 81 - Cebu City North.xlsx,Sheet 6 (DO 054-2023)
122,ALL AREAS,,ALL AREAS,,RDO No. 81 - Cebu City North.xlsx,Sheet 6 (DO 054-2023)
123,,,,,RDO No. 81 - Cebu City North.xlsx,Sheet 6 (DO 054-2023)
124,,,,,RDO No. 81 - Cebu City North.xlsx,Sheet 6 (DO 054-2023)
125,,,,,RDO No. 81 - Cebu City North.xlsx,Sheet 6 (DO 054-2023)
126,,,,,RDO No. 81 - Cebu City North.xlsx,Sheet 6 (DO 054-2023)
127,,,,,RDO No. 81 - Cebu City North.xlsx,Sheet 6 (DO 054-2023)
128,,,,,RDO No. 81 - Cebu City North.xlsx,Sheet 6 (DO 054-2023)
129,* New,,* New,,RDO No. 81 - Cebu City North.xlsx,Sheet 6 (DO 054-2023)
130,,,,,RDO No. 81 - Cebu City North.xlsx,Sheet 6 (DO 054-2023)
131,,,,,RDO No. 81 - Cebu City North.xlsx,Sheet 6 (DO 054-2023)
132,Province,,Province,,RDO No. 81 - Cebu City North.xlsx,Sheet 6 (DO 054-2023)
133,City/Municipality,,City/Municipality,,RDO No. 81 - Cebu City North.xlsx,Sheet 6 (DO 054-2023)
134,Barangay,,Barangay,,RDO No. 81 - Cebu City North.xlsx,Sheet 6 (DO 054-2023)
135,,,,,RDO No. 81 - Cebu City North.xlsx,Sheet 6 (DO 054-2023)
136,STREET NAME / SUBDIVISION/CONDOMINIUM,,STREET NAME / SUBDIVISION/CONDOMINIUM,,RDO No. 81 - Cebu City North.xlsx,Sheet 6 (DO 054-2023)
137,,,,,RDO No. 81 - Cebu City North.xlsx,Sheet 6 (DO 054-2023)
138,,,,,RDO No. 81 - Cebu City North.xlsx,Sheet 6 (DO 054-2023)
139,STREETS,,STREETS,,RDO No. 81 - Cebu City North.xlsx,Sheet 6 (DO 054-2023)
140,FIRST LAPU-LAPU ST,,FIRST LAPU-LAPU ST,,RDO No. 81 - Cebu City North.xlsx,Sheet 6 (DO 054-2023)
141,GOV. CUENCO AVE,,GOV. CUENCO AVE,,RDO No. 81 - Cebu City North.xlsx,Sheet 6 (DO 054-2023)
142,,,,,RDO No. 81 - Cebu City North.xlsx,Sheet 6 (DO 054-2023)
143,ROAD TO CAMP LAPULAPU,,ROAD TO CAMP LAPULAPU,,RDO No. 81 - Cebu City North.xlsx,Sheet 6 (DO 054-2023)
144,,,,,RDO No. 81 - Cebu City North.xlsx,Sheet 6 (DO 054-2023)
145,SAN ANTONIO VILL I,,SAN ANTONIO VILL I,,RDO No. 81 - Cebu City North.xlsx,Sheet 6 (DO 054-2023)
146,SAN ANTONIO VILL II,,SAN ANTONIO VILL II,,RDO No. 81 - Cebu City North.xlsx,Sheet 6 (DO 054-2023)
147,SAN MIGUEL ST,,SAN MIGUEL ST,,RDO No. 81 - Cebu City North.xlsx,Sheet 6 (DO 054-2023)
148,,,,,RDO No. 81 - Cebu City North.xlsx,Sheet 6 (DO 054-2023)
149,ST. JAMES ST,,ST. JAMES ST,,RDO No. 81 - Cebu City North.xlsx,Sheet 6 (DO 054-2023)
150,,,,,RDO No. 81 - Cebu City North.xlsx,Sheet 6 (DO 054-2023)
151,ST LAURENCE ST,,ST LAURENCE ST,,RDO No. 81 - Cebu City North.xlsx,Sheet 6 (DO 054-2023)
152,,,,,RDO No. 81 - Cebu City North.xlsx,Sheet 6 (DO 054-2023)
153,ST. LAURENCE EXT,,ST. LAURENCE EXT,,RDO No. 81 - Cebu City North.xlsx,Sheet 6 (DO 054-2023)
154,STEPHENSON,,STEPHENSON,,RDO No. 81 - Cebu City North.xlsx,Sheet 6 (DO 054-2023)
155,,,,,RDO No. 81 - Cebu City North.xlsx,Sheet 6 (DO 054-2023)
156,IST ST,,IST ST,,RDO No. 81 - Cebu City North.xlsx,Sheet 6 (DO 054-2023)
157,,,,,RDO No. 81 - Cebu City North.xlsx,Sheet 6 (DO 054-2023)
158,2ND ST,,2ND ST,2.0,RDO No. 81 - Cebu City North.xlsx,Sheet 6 (DO 054-2023)
159,3RD ST,,3RD ST,3.0,RDO No. 81 - Cebu City North.xlsx,Sheet 6 (DO 054-2023)
160,4TH ST,,4TH ST,4.0,RDO No. 81 - Cebu City North.xlsx,Sheet 6 (DO 054-2023)
161,SITIO PANABANG,,SITIO PANABANG,,RDO No. 81 - Cebu City North.xlsx,Sheet 6 (DO 054-2023)
162,SITIO MAHAYAHAY,,SITIO MAHAYAHAY,,RDO No. 81 - Cebu City North.xlsx,Sheet 6 (DO 054-2023)
163,SITIO CALBARYO,,SITIO CALBARYO,,RDO No. 81 - Cebu City North.xlsx,Sheet 6 (DO 054-2023)
164,SITIO PLAZA,,SITIO PLAZA,,RDO No. 81 - Cebu City North.xlsx,Sheet 6 (DO 054-2023)
165,SITIO BACA,,SITIO BACA,,RDO No. 81 - Cebu City North.xlsx,Sheet 6 (DO 054-2023)
166,ALL OTHER STREETS,,ALL OTHER STREETS,,RDO No. 81 - Cebu City North.xlsx,Sheet 6 (DO 054-2023)
167,,,,,RDO No. 81 - Cebu City North.xlsx,Sheet 6 (DO 054-2023)
168,SUBDIVISIONS,,SUBDIVISIONS,,RDO No. 81 - Cebu City North.xlsx,Sheet 6 (DO 054-2023)
169,AMORES SUBDIVISION,,AMORES SUBDIVISION,,RDO No. 81 - Cebu City North.xlsx,Sheet 6 (DO 054-2023)
170,PASTRANO SUBD,,PASTRANO SUBD,,RDO No. 81 - Cebu City North.xlsx,Sheet 6 (DO 054-2023)
171,ALL OTHER SUBDIVISIONS,,ALL OTHER SUBDIVISIONS,,RDO No. 81 - Cebu City North.xlsx,Sheet 6 (DO 054-2023)
172,CONDOMINIUMS,,CONDOMINIUMS,,RDO No. 81 - Cebu City North.xlsx,Sheet 6 (DO 054-2023)
173,AVIDA TOWERS  1 & 2 IT PARK,,AVIDA TOWERS  1 & 2 IT PARK,12.0,RDO No. 81 - Cebu City North.xlsx,Sheet 6 (DO 054-2023)
174,,,,,RDO No. 81 - Cebu City North.xlsx,Sheet 6 (DO 054-2023)
175,ASIA PRIMIER IT PARK,,ASIA PRIMIER IT PARK,,RDO No. 81 - Cebu City North.xlsx,Sheet 6 (DO 054-2023)
176,,,,,RDO No. 81 - Cebu City North.xlsx,Sheet 6 (DO 054-2023)
177,,,,,RDO No. 81 - Cebu City North.xlsx,Sheet 6 (DO 054-2023)
178,PARK CENTRALE,,PARK CENTRALE,,RDO No. 81 - Cebu City North.xlsx,Sheet 6 (DO 054-2023)
179,38 PARK AVENUE,,38 PARK AVENUE,38.0,RDO No. 81 - Cebu City North.xlsx,Sheet 6 (DO 054-2023)
180,,,,,RDO No. 81 - Cebu City North.xlsx,Sheet 6 (DO 054-2023)
181,,,,,RDO No. 81 - Cebu City North.xlsx,Sheet 6 (DO 054-2023)
182,AVIDA RIALA,,AVIDA RIALA,,RDO No. 81 - Cebu City North.xlsx,Sheet 6 (DO 054-2023)
183,,,,,RDO No. 81 - Cebu City North.xlsx,Sheet 6 (DO 054-2023)
184,,,,,RDO No. 81 - Cebu City North.xlsx,Sheet 6 (DO 054-2023)
185,Province,,Province,,RDO No. 81 - Cebu City North.xlsx,Sheet 6 (DO 054-2023)
186,City/Municipality,,City/Municipality,,RDO No. 81 - Cebu City North.xlsx,Sheet 6 (DO 054-2023)
187,Barangay,,Barangay,,RDO No. 81 - Cebu City North.xlsx,Sheet 6 (DO 054-2023)
188,,,,,RDO No. 81 - Cebu City North.xlsx,Sheet 6 (DO 054-2023)
189,STREET NAME / SUBDIVISION/CONDOMINIUM,,STREET NAME / SUBDIVISION/CONDOMINIUM,,RDO No. 81 - Cebu City North.xlsx,Sheet 6 (DO 054-2023)
190,,,,,RDO No. 81 - Cebu City North.xlsx,Sheet 6 (DO 054-2023)
191,,,,,RDO No. 81 - Cebu City North.xlsx,Sheet 6 (DO 054-2023)
192,BE RESIDENCES,,BE RESIDENCES,,RDO No. 81 - Cebu City North.xlsx,Sheet 6 (DO 054-2023)
193,,,,,RDO No. 81 - Cebu City North.xlsx,Sheet 6 (DO 054-2023)
194,,,,,RDO No. 81 - Cebu City North.xlsx,Sheet 6 (DO 054-2023)
195,BLOQ RESIDENCES LAHUG,,BLOQ RESIDENCES LAHUG,,RDO No. 81 - Cebu City North.xlsx,Sheet 6 (DO 054-2023)
196,,,,,RDO No. 81 - Cebu City North.xlsx,Sheet 6 (DO 054-2023)
197,CALYX CENTRE,,CALYX CENTRE,,RDO No. 81 - Cebu City North.xlsx,Sheet 6 (DO 054-2023)
198,,,,,RDO No. 81 - Cebu City North.xlsx,Sheet 6 (DO 054-2023)
199,,,,,RDO No. 81 - Cebu City North.xlsx,Sheet 6 (DO 054-2023)
200,"CITY LIGHTS 1,2,3,&4",,"CITY LIGHTS 1,2,3,&4",1234.0,RDO No. 81 - Cebu City North.xlsx,Sheet 6 (DO 054-2023)
201,,,,,RDO No. 81 - Cebu City North.xlsx,Sheet 6 (DO 054-2023)
202,LA GUARDIA FLATS,,LA GUARDIA FLATS,,RDO No. 81 - Cebu City North.xlsx,Sheet 6 (DO 054-2023)
203,,,,,RDO No. 81 - Cebu City North.xlsx,Sheet 6 (DO 054-2023)
204,LE MENDA RESIDENCES NIVEL HILLS,,LE MENDA RESIDENCES NIVEL HILLS,,RDO No. 81 - Cebu City North.xlsx,Sheet 6 (DO 054-2023)
205,,,,,RDO No. 81 - Cebu City North.xlsx,Sheet 6 (DO 054-2023)
206,,,,,RDO No. 81 - Cebu City North.xlsx,Sheet 6 (DO 054-2023)
207,MARCO POLO RESIDENCES,,MARCO POLO RESIDENCES,,RDO No. 81 - Cebu City North.xlsx,Sheet 6 (DO 054-2023)
208,,,,,RDO No. 81 - Cebu City North.xlsx,Sheet 6 (DO 054-2023)
209,MIVELA GARDEN RESIDENCES,,MIVELA GARDEN RESIDENCES,,RDO No. 81 - Cebu City North.xlsx,Sheet 6 (DO 054-2023)
210,,,,,RDO No. 81 - Cebu City North.xlsx,Sheet 6 (DO 054-2023)
211,,,,,RDO No. 81 - Cebu City North.xlsx,Sheet 6 (DO 054-2023)
212,PRIMEWORLD POINTE,,PRIMEWORLD POINTE,,RDO No. 81 - Cebu City North.xlsx,Sheet 6 (DO 054-2023)
213,,,,,RDO No. 81 - Cebu City North.xlsx,Sheet 6 (DO 054-2023)
214,,,,,RDO No. 81 - Cebu City North.xlsx,Sheet 6 (DO 054-2023)
215,RESIDENCIA EDADES,,RESIDENCIA EDADES,,RDO No. 81 - Cebu City North.xlsx,Sheet 6 (DO 054-2023)
216,,,,,RDO No. 81 - Cebu City North.xlsx,Sheet 6 (DO 054-2023)
217,ALL OTHER CONDOMINIUMS,,ALL OTHER CONDOMINIUMS,,RDO No. 81 - Cebu City North.xlsx,Sheet 6 (DO 054-2023)
218,,,,,RDO No. 81 - Cebu City North.xlsx,Sheet 6 (DO 054-2023)
219,,,,,RDO No. 81 - Cebu City North.xlsx,Sheet 6 (DO 054-2023)
220,*      New Condo,,*      New Condo,,RDO No. 81 - Cebu City North.xlsx,Sheet 6 (DO 054-2023)
221,**    For Deletion,,**    For Deletion,,RDO No. 81 - Cebu City North.xlsx,Sheet 6 (DO 054-2023)
222,***  Values transferred to (Name of barangay),,***  Values transferred to (Name of barangay),,RDO No. 81 - Cebu City North.xlsx,Sheet 6 (DO 054-2023)
223,**** Values transferred from Brgy. Lahug,,**** Values transferred from Brgy. Lahug,,RDO No. 81 - Cebu City North.xlsx,Sheet 6 (DO 054-2023)
224,***** V alues transferred from Brgy. Busay,,***** V alues transferred from Brgy. Busay,,RDO No. 81 - Cebu City North.xlsx,Sheet 6 (DO 054-2023)
225,,,,,RDO No. 81 - Cebu City North.xlsx,Sheet 6 (DO 054-2023)
226,,,,,RDO No. 81 - Cebu City North.xlsx,Sheet 6 (DO 054-2023)
227,Province,,Province,,RDO No. 81 - Cebu City North.xlsx,Sheet 6 (DO 054-2023)
228,City/Municipality,,City/Municipality,,RDO No. 81 - Cebu City North.xlsx,Sheet 6 (DO 054-2023)
229,Barangay,,Barangay,,RDO No. 81 - Cebu City North.xlsx,Sheet 6 (DO 054-2023)
230,,,,,RDO No. 81 - Cebu City North.xlsx,Sheet 6 (DO 054-2023)
231,STREET NAME / SUBDIVISION/CONDOMINIUM,,STREET NAME / SUBDIVISION/CONDOMINIUM,,RDO No. 81 - Cebu City North.xlsx,Sheet 6 (DO 054-2023)
232,,,,,RDO No. 81 - Cebu City North.xlsx,Sheet 6 (DO 054-2023)
233,,,,,RDO No. 81 - Cebu City North.xlsx,Sheet 6 (DO 054-2023)
234,STREETS,,STREETS,,RDO No. 81 - Cebu City North.xlsx,Sheet 6 (DO 054-2023)
235,,,,,RDO No. 81 - Cebu City North.xlsx,Sheet 6 (DO 054-2023)
236,LAHUG TAWAGAN ROAD,,LAHUG TAWAGAN ROAD,,RDO No. 81 - Cebu City North.xlsx,Sheet 6 (DO 054-2023)
237,,,,,RDO No. 81 - Cebu City North.xlsx,Sheet 6 (DO 054-2023)
238,,,,,RDO No. 81 - Cebu City North.xlsx,Sheet 6 (DO 054-2023)
239,,,,,RDO No. 81 - Cebu City North.xlsx,Sheet 6 (DO 054-2023)
240,MALUBOG HIGHWAY,,MALUBOG HIGHWAY,,RDO No. 81 - Cebu City North.xlsx,Sheet 6 (DO 054-2023)
241,,,,,RDO No. 81 - Cebu City North.xlsx,Sheet 6 (DO 054-2023)
242,,,,,RDO No. 81 - Cebu City North.xlsx,Sheet 6 (DO 054-2023)
243,,,,,RDO No. 81 - Cebu City North.xlsx,Sheet 6 (DO 054-2023)
244,BABAG I,,BABAG I,,RDO No. 81 - Cebu City North.xlsx,Sheet 6 (DO 054-2023)
245,,,,,RDO No. 81 - Cebu City North.xlsx,Sheet 6 (DO 054-2023)
246,,,,,RDO No. 81 - Cebu City North.xlsx,Sheet 6 (DO 054-2023)
247,,,,,RDO No. 81 - Cebu City North.xlsx,Sheet 6 (DO 054-2023)
248,BABAG II,,BABAG II,,RDO No. 81 - Cebu City North.xlsx,Sheet 6 (DO 054-2023)
249,,,,,RDO No. 81 - Cebu City North.xlsx,Sheet 6 (DO 054-2023)
250,,,,,RDO No. 81 - Cebu City North.xlsx,Sheet 6 (DO 054-2023)
251,,,,,RDO No. 81 - Cebu City North.xlsx,Sheet 6 (DO 054-2023)
252,BONBON ROAD,,BONBON ROAD,,RDO No. 81 - Cebu City North.xlsx,Sheet 6 (DO 054-2023)
253,,,,,RDO No. 81 - Cebu City North.xlsx,Sheet 6 (DO 054-2023)
254,,,,,RDO No. 81 - Cebu City North.xlsx,Sheet 6 (DO 054-2023)
255,,,,,RDO No. 81 - Cebu City North.xlsx,Sheet 6 (DO 054-2023)
256,MALUBOG HIGHWAY,,MALUBOG HIGHWAY,,RDO No. 81 - Cebu City North.xlsx,Sheet 6 (DO 054-2023)
257,,,,,RDO No. 81 - Cebu City North.xlsx,Sheet 6 (DO 054-2023)
258,,,,,RDO No. 81 - Cebu City North.xlsx,Sheet 6 (DO 054-2023)
259,,,,,RDO No. 81 - Cebu City North.xlsx,Sheet 6 (DO 054-2023)
260,TRANSCENTRAL HIGHWAY,,TRANSCENTRAL HIGHWAY,,RDO No. 81 - Cebu City North.xlsx,Sheet 6 (DO 054-2023)
261,,,,,RDO No. 81 - Cebu City North.xlsx,Sheet 6 (DO 054-2023)
262,,,,,RDO No. 81 - Cebu City North.xlsx,Sheet 6 (DO 054-2023)
263,,,,,RDO No. 81 - Cebu City North.xlsx,Sheet 6 (DO 054-2023)
264,ALL OTHER AREAS,,ALL OTHER AREAS,,RDO No. 81 - Cebu City North.xlsx,Sheet 6 (DO 054-2023)
265,,,,,RDO No. 81 - Cebu City North.xlsx,Sheet 6 (DO 054-2023)
266,,,,,RDO No. 81 - Cebu City North.xlsx,Sheet 6 (DO 054-2023)
267,,,,,RDO No. 81 - Cebu City North.xlsx,Sheet 6 (DO 054-2023)
268,WATER SHED,,WATER SHED,,RDO No. 81 - Cebu City North.xlsx,Sheet 6 (DO 054-2023)
269,,,,,RDO No. 81 - Cebu City North.xlsx,Sheet 6 (DO 054-2023)
270,SUBDIVISIONS,,SUBDIVISIONS,,RDO No. 81 - Cebu City North.xlsx,Sheet 6 (DO 054-2023)
271,ALL SOCIALIZED HOUSING SUBD.,,ALL SOCIALIZED HOUSING SUBD.,,RDO No. 81 - Cebu City North.xlsx,Sheet 6 (DO 054-2023)
272,ALL OTHER SUBDIVISION,,ALL OTHER SUBDIVISION,,RDO No. 81 - Cebu City North.xlsx,Sheet 6 (DO 054-2023)
273,,,,,RDO No. 81 - Cebu City North.xlsx,Sheet 6 (DO 054-2023)
274,*      New,,*      New,,RDO No. 81 - Cebu City North.xlsx,Sheet 6 (DO 054-2023)
275,,,,,RDO No. 81 - Cebu City North.xlsx,Sheet 6 (DO 054-2023)
276,,,,,RDO No. 81 - Cebu City North.xlsx,Sheet 6 (DO 054-2023)
277,Province,,Province,,RDO No. 81 - Cebu City North.xlsx,Sheet 6 (DO 054-2023)
278,City/Municipality,,City/Municipality,,RDO No. 81 - Cebu City North.xlsx,Sheet 6 (DO 054-2023)
279,Barangay,,Barangay,,RDO No. 81 - Cebu City North.xlsx,Sheet 6 (DO 054-2023)
280,,,,,RDO No. 81 - Cebu City North.xlsx,Sheet 6 (DO 054-2023)
281,STREET NAME / SUBDIVISION/CONDOMINIUM,,STREET NAME / SUBDIVISION/CONDOMINIUM,,RDO No. 81 - Cebu City North.xlsx,Sheet 6 (DO 054-2023)
282,,,,,RDO No. 81 - Cebu City North.xlsx,Sheet 6 (DO 054-2023)
283,,,,,RDO No. 81 - Cebu City North.xlsx,Sheet 6 (DO 054-2023)
284,,,,,RDO No. 81 - Cebu City North.xlsx,Sheet 6 (DO 054-2023)
285,STREETS,,STREETS,,RDO No. 81 - Cebu City North.xlsx,Sheet 6 (DO 054-2023)
286,ALONG THE ROAD ( ALL STREETS),,ALONG THE ROAD ( ALL STREETS),,RDO No. 81 - Cebu City North.xlsx,Sheet 6 (DO 054-2023)
287,ALL OTHER AREAS,,ALL OTHER AREAS,,RDO No. 81 - Cebu City North.xlsx,Sheet 6 (DO 054-2023)
288,,,,,RDO No. 81 - Cebu City North.xlsx,Sheet 6 (DO 054-2023)
289,,,,,RDO No. 81 - Cebu City North.xlsx,Sheet 6 (DO 054-2023)
290,SUBDIVISIONS,,SUBDIVISIONS,,RDO No. 81 - Cebu City North.xlsx,Sheet 6 (DO 054-2023)
291,HIDDEN VIEW SUBD. I,,HIDDEN VIEW SUBD. I,,RDO No. 81 - Cebu City North.xlsx,Sheet 6 (DO 054-2023)
292,HIDDEN VIEW SUBD. II,,HIDDEN VIEW SUBD. II,,RDO No. 81 - Cebu City North.xlsx,Sheet 6 (DO 054-2023)
293,RD-HIDDEN VIEW & JOYVILLE SUBD.,,RD-HIDDEN VIEW & JOYVILLE SUBD.,,RDO No. 81 - Cebu City North.xlsx,Sheet 6 (DO 054-2023)
294,JOYVILLE SUBD.,,JOYVILLE SUBD.,,RDO No. 81 - Cebu City North.xlsx,Sheet 6 (DO 054-2023)
295,LIGAYA HOMES SUBDIVISION,,LIGAYA HOMES SUBDIVISION,,RDO No. 81 - Cebu City North.xlsx,Sheet 6 (DO 054-2023)
296,PRISTINA NORTH SUBDIVISION,,PRISTINA NORTH SUBDIVISION,,RDO No. 81 - Cebu City North.xlsx,Sheet 6 (DO 054-2023)
297,VILLA LEYSON SUBD.,,VILLA LEYSON SUBD.,,RDO No. 81 - Cebu City North.xlsx,Sheet 6 (DO 054-2023)
298,VILLA DEL RIO SUBD.,,VILLA DEL RIO SUBD.,,RDO No. 81 - Cebu City North.xlsx,Sheet 6 (DO 054-2023)
299,PRIVEYA HILLS,,PRIVEYA HILLS,,RDO No. 81 - Cebu City North.xlsx,Sheet 6 (DO 054-2023)
300,ASGROW COUNTRY ESTATE,,ASGROW COUNTRY ESTATE,,RDO No. 81 - Cebu City North.xlsx,Sheet 6 (DO 054-2023)
301,ADERAN VILLAGE (ANDREWS),,ADERAN VILLAGE (ANDREWS),,RDO No. 81 - Cebu City North.xlsx,Sheet 6 (DO 054-2023)
302,DECA HOMES,,DECA HOMES,,RDO No. 81 - Cebu City North.xlsx,Sheet 6 (DO 054-2023)
303,ALL OTHER SUBDIVISIONS,,ALL OTHER SUBDIVISIONS,,RDO No. 81 - Cebu City North.xlsx,Sheet 6 (DO 054-2023)
304,ALL SOCIALIZED HOUSING SUBDIVISIONS,,ALL SOCIALIZED HOUSING SUBDIVISIONS,,RDO No. 81 - Cebu City North.xlsx,Sheet 6 (DO 054-2023)
305,CONDOMINIUMS,,CONDOMINIUMS,,RDO No. 81 - Cebu City North.xlsx,Sheet 6 (DO 054-2023)
306,RESOURCES RESIDENTIAL CONDO,,RESOURCES RESIDENTIAL CONDO,,RDO No. 81 - Cebu City North.xlsx,Sheet 6 (DO 054-2023)
307,PARKING SLOT,,PARKING SLOT,,RDO No. 81 - Cebu City North.xlsx,Sheet 6 (DO 054-2023)
308,ALL OTHER CONDOMINIUMS,,ALL OTHER CONDOMINIUMS,,RDO No. 81 - Cebu City North.xlsx,Sheet 6 (DO 054-2023)
309,,,,,RDO No. 81 - Cebu City North.xlsx,Sheet 6 (DO 054-2023)
310,,,,,RDO No. 81 - Cebu City North.xlsx,Sheet 6 (DO 054-2023)
311,,,,,RDO No. 81 - Cebu City North.xlsx,Sheet 6 (DO 054-2023)
312,,,,,RDO No. 81 - Cebu City North.xlsx,Sheet 6 (DO 054-2023)
313,Province,,Province,,RDO No. 81 - Cebu City North.xlsx,Sheet 6 (DO 054-2023)
314,City/Municipality,,City/Municipality,,RDO No. 81 - Cebu City North.xlsx,Sheet 6 (DO 054-2023)
315,Barangay,,Barangay,,RDO No. 81 - Cebu City North.xlsx,Sheet 6 (DO 054-2023)
316,,,,,RDO No. 81 - Cebu City North.xlsx,Sheet 6 (DO 054-2023)
317,STREET NAME / SUBDIVISION/CONDOMINIUM,,STREET NAME / SUBDIVISION/CONDOMINIUM,,RDO No. 81 - Cebu City North.xlsx,Sheet 6 (DO 054-2023)
318,,,,,RDO No. 81 - Cebu City North.xlsx,Sheet 6 (DO 054-2023)
319,,,,,RDO No. 81 - Cebu City North.xlsx,Sheet 6 (DO 054-2023)
320,STREETS,,STREETS,,RDO No. 81 - Cebu City North.xlsx,Sheet 6 (DO 054-2023)
321,A.S. FORTUNA formerly  A. Bonifacio St.,,A.S. FORTUNA formerly  A. Bonifacio St.,,RDO No. 81 - Cebu City North.xlsx,Sheet 6 (DO 054-2023)
322,,,,,RDO No. 81 - Cebu City North.xlsx,Sheet 6 (DO 054-2023)
323,GOV. M. CUENCO AVE,,GOV. M. CUENCO AVE,,RDO No. 81 - Cebu City North.xlsx,Sheet 6 (DO 054-2023)
324,ALL OTHER AREAS,,ALL OTHER AREAS,,RDO No. 81 - Cebu City North.xlsx,Sheet 6 (DO 054-2023)
325,,,,,RDO No. 81 - Cebu City North.xlsx,Sheet 6 (DO 054-2023)
326,SUBDIVISIONS,,SUBDIVISIONS,,RDO No. 81 - Cebu City North.xlsx,Sheet 6 (DO 054-2023)
327,DONA RITA,,DONA RITA,,RDO No. 81 - Cebu City North.xlsx,Sheet 6 (DO 054-2023)
328,EL DORADO VILL/DORADO I VILL,,EL DORADO VILL/DORADO I VILL,,RDO No. 81 - Cebu City North.xlsx,Sheet 6 (DO 054-2023)
329,HOLY FAMILY,,HOLY FAMILY,,RDO No. 81 - Cebu City North.xlsx,Sheet 6 (DO 054-2023)
330,HOLY FAMILY,,HOLY FAMILY,,RDO No. 81 - Cebu City North.xlsx,Sheet 6 (DO 054-2023)
331,M LUISA P1 EULALIA,,M LUISA P1 EULALIA,1.0,RDO No. 81 - Cebu City North.xlsx,Sheet 6 (DO 054-2023)
332,M LUISA P1 LUIS,,M LUISA P1 LUIS,1.0,RDO No. 81 - Cebu City North.xlsx,Sheet 6 (DO 054-2023)
333,M LUISA P1 MELISSA,,M LUISA P1 MELISSA,1.0,RDO No. 81 - Cebu City North.xlsx,Sheet 6 (DO 054-2023)
334,M LUISA P1 P ANANIAL,,M LUISA P1 P ANANIAL,1.0,RDO No. 81 - Cebu City North.xlsx,Sheet 6 (DO 054-2023)
335,M LUISA P1 P EMILIO,,M LUISA P1 P EMILIO,1.0,RDO No. 81 - Cebu City North.xlsx,Sheet 6 (DO 054-2023)
336,M LUISA P1 P JOHN,,M LUISA P1 P JOHN,1.0,RDO No. 81 - Cebu City North.xlsx,Sheet 6 (DO 054-2023)
337,M LUISA P1 P LUCY,,M LUISA P1 P LUCY,1.0,RDO No. 81 - Cebu City North.xlsx,Sheet 6 (DO 054-2023)
338,M LUISA P1 P MARIA,,M LUISA P1 P MARIA,1.0,RDO No. 81 - Cebu City North.xlsx,Sheet 6 (DO 054-2023)
339,M LUISA P1 MIGUEL,,M LUISA P1 MIGUEL,1.0,RDO No. 81 - Cebu City North.xlsx,Sheet 6 (DO 054-2023)
340,M LUISA P1 ROSEBUD,,M LUISA P1 ROSEBUD,1.0,RDO No. 81 - Cebu City North.xlsx,Sheet 6 (DO 054-2023)
341,M LUISA P2 MARIANO,,M LUISA P2 MARIANO,2.0,RDO No. 81 - Cebu City North.xlsx,Sheet 6 (DO 054-2023)
342,M LUISA P2 DON SERGIO,,M LUISA P2 DON SERGIO,2.0,RDO No. 81 - Cebu City North.xlsx,Sheet 6 (DO 054-2023)
343,M LUISA P1 ANNABELLE,,M LUISA P1 ANNABELLE,1.0,RDO No. 81 - Cebu City North.xlsx,Sheet 6 (DO 054-2023)
344,M LUISA P2 P STEPHANY,,M LUISA P2 P STEPHANY,2.0,RDO No. 81 - Cebu City North.xlsx,Sheet 6 (DO 054-2023)
345,M LUISA ESTATE PARK PH II,,M LUISA ESTATE PARK PH II,,RDO No. 81 - Cebu City North.xlsx,Sheet 6 (DO 054-2023)
346,M LUISA ESTATE PARK PH III,,M LUISA ESTATE PARK PH III,,RDO No. 81 - Cebu City North.xlsx,Sheet 6 (DO 054-2023)
347,M LUISA ESTATE PARK PH IV,,M LUISA ESTATE PARK PH IV,,RDO No. 81 - Cebu City North.xlsx,Sheet 6 (DO 054-2023)
348,M LUISA ESTATE PARK PH V,,M LUISA ESTATE PARK PH V,,RDO No. 81 - Cebu City North.xlsx,Sheet 6 (DO 054-2023)
349,M LUISA ESTATE PARK PH VI,,M LUISA ESTATE PARK PH VI,,RDO No. 81 - Cebu City North.xlsx,Sheet 6 (DO 054-2023)
350,M LUISA ESTATE PARK PH VII,,M LUISA ESTATE PARK PH VII,,RDO No. 81 - Cebu City North.xlsx,Sheet 6 (DO 054-2023)
351,M LUISA ESTATE PARK PH VIII,,M LUISA ESTATE PARK PH VIII,,RDO No. 81 - Cebu City North.xlsx,Sheet 6 (DO 054-2023)
352,,,,,RDO No. 81 - Cebu City North.xlsx,Sheet 6 (DO 054-2023)
353,,,,,RDO No. 81 - Cebu City North.xlsx,Sheet 6 (DO 054-2023)
354,M LUISA ESTATE PARK PH IX,,M LUISA ESTATE PARK PH IX,,RDO No. 81 - Cebu City North.xlsx,Sheet 6 (DO 054-2023)
355,,,,,RDO No. 81 - Cebu City North.xlsx,Sheet 6 (DO 054-2023)
356,M LUISA ESTATE PARK PH X,,M LUISA ESTATE PARK PH X,,RDO No. 81 - Cebu City North.xlsx,Sheet 6 (DO 054-2023)
357,,,,,RDO No. 81 - Cebu City North.xlsx,Sheet 6 (DO 054-2023)
358,M LUISA ESTATE PARK PH XI,,M LUISA ESTATE PARK PH XI,,RDO No. 81 - Cebu City North.xlsx,Sheet 6 (DO 054-2023)
359,,,,,RDO No. 81 - Cebu City North.xlsx,Sheet 6 (DO 054-2023)
360,ROAD M LUISA EST PARK,,ROAD M LUISA EST PARK,,RDO No. 81 - Cebu City North.xlsx,Sheet 6 (DO 054-2023)
361,,,,,RDO No. 81 - Cebu City North.xlsx,Sheet 6 (DO 054-2023)
362,STO NINO VILLAGE,,STO NINO VILLAGE,,RDO No. 81 - Cebu City North.xlsx,Sheet 6 (DO 054-2023)
363,ALL OTHER SUBDIVISIONS,,ALL OTHER SUBDIVISIONS,,RDO No. 81 - Cebu City North.xlsx,Sheet 6 (DO 054-2023)
364,,,,,RDO No. 81 - Cebu City North.xlsx,Sheet 6 (DO 054-2023)
365,CONDOMINIUMS,,CONDOMINIUMS,,RDO No. 81 - Cebu City North.xlsx,Sheet 6 (DO 054-2023)
366,THE REGENCY CREST,,THE REGENCY CREST,,RDO No. 81 - Cebu City North.xlsx,Sheet 6 (DO 054-2023)
367,,,,,RDO No. 81 - Cebu City North.xlsx,Sheet 6 (DO 054-2023)
368,ALL OTHER CONDOMINIUMS,,ALL OTHER CONDOMINIUMS,,RDO No. 81 - Cebu City North.xlsx,Sheet 6 (DO 054-2023)
369,,,,,RDO No. 81 - Cebu City North.xlsx,Sheet 6 (DO 054-2023)
370,,,,,RDO No. 81 - Cebu City North.xlsx,Sheet 6 (DO 054-2023)
371,*New,,*New,,RDO No. 81 - Cebu City North.xlsx,Sheet 6 (DO 054-2023)
372,,,,,RDO No. 81 - Cebu City North.xlsx,Sheet 6 (DO 054-2023)
373,Province,,Province,,RDO No. 81 - Cebu City North.xlsx,Sheet 6 (DO 054-2023)
374,City/Municipality,,City/Municipality,,RDO No. 81 - Cebu City North.xlsx,Sheet 6 (DO 054-2023)
375,Barangay,,Barangay,,RDO No. 81 - Cebu City North.xlsx,Sheet 6 (DO 054-2023)
376,,,,,RDO No. 81 - Cebu City North.xlsx,Sheet 6 (DO 054-2023)
377,STREET NAME / SUBDIVISION/CONDOMINIUM,,STREET NAME / SUBDIVISION/CONDOMINIUM,,RDO No. 81 - Cebu City North.xlsx,Sheet 6 (DO 054-2023)
378,,,,,RDO No. 81 - Cebu City North.xlsx,Sheet 6 (DO 054-2023)
379,,,,,RDO No. 81 - Cebu City North.xlsx,Sheet 6 (DO 054-2023)
380,,,,,RDO No. 81 - Cebu City North.xlsx,Sheet 6 (DO 054-2023)
381,ALONG THE ROAD ( ALL STREETS),,ALONG THE ROAD ( ALL STREETS),,RDO No. 81 - Cebu City North.xlsx,Sheet 6 (DO 054-2023)
382,,,,,RDO No. 81 - Cebu City North.xlsx,Sheet 6 (DO 054-2023)
383,ALL OTHER AREAS,,ALL OTHER AREAS,,RDO No. 81 - Cebu City North.xlsx,Sheet 6 (DO 054-2023)
384,,,,,RDO No. 81 - Cebu City North.xlsx,Sheet 6 (DO 054-2023)
385,,,,,RDO No. 81 - Cebu City North.xlsx,Sheet 6 (DO 054-2023)
386,SUBDIVISIONS,,SUBDIVISIONS,,RDO No. 81 - Cebu City North.xlsx,Sheet 6 (DO 054-2023)
387,,,,,RDO No. 81 - Cebu City North.xlsx,Sheet 6 (DO 054-2023)
388,MAC-V SUBD.,,MAC-V SUBD.,,RDO No. 81 - Cebu City North.xlsx,Sheet 6 (DO 054-2023)
389,ARMVILLE SUBD,,ARMVILLE SUBD,,RDO No. 81 - Cebu City North.xlsx,Sheet 6 (DO 054-2023)
390,SAN LORENZO SUBD.,,SAN LORENZO SUBD.,,RDO No. 81 - Cebu City North.xlsx,Sheet 6 (DO 054-2023)
391,WOODLANDS SUBD.,,WOODLANDS SUBD.,,RDO No. 81 - Cebu City North.xlsx,Sheet 6 (DO 054-2023)
392,PARADISE HILL SUBD.,,PARADISE HILL SUBD.,,RDO No. 81 - Cebu City North.xlsx,Sheet 6 (DO 054-2023)
393,ALL OTHER SUBDIVISIONS,,ALL OTHER SUBDIVISIONS,,RDO No. 81 - Cebu City North.xlsx,Sheet 6 (DO 054-2023)
394,ANNVILLE SOCIALIZED HOUSING,,ANNVILLE SOCIALIZED HOUSING,,RDO No. 81 - Cebu City North.xlsx,Sheet 6 (DO 054-2023)
395,STA. ANA/SPRING VALLEY SOCIALIZED HOUSING,,STA. ANA/SPRING VALLEY SOCIALIZED HOUSING,,RDO No. 81 - Cebu City North.xlsx,Sheet 6 (DO 054-2023)
396,ALAZON SOCIALIZED HOUSING,,ALAZON SOCIALIZED HOUSING,,RDO No. 81 - Cebu City North.xlsx,Sheet 6 (DO 054-2023)
397,ALL SOCIALIZED HOUSING SUBDIVISIONS,,ALL SOCIALIZED HOUSING SUBDIVISIONS,,RDO No. 81 - Cebu City North.xlsx,Sheet 6 (DO 054-2023)
398,,,,,RDO No. 81 - Cebu City North.xlsx,Sheet 6 (DO 054-2023)
399,CONDOMINIUMS,,CONDOMINIUMS,,RDO No. 81 - Cebu City North.xlsx,Sheet 6 (DO 054-2023)
400,CEBU CITY GRAND RESIDENCE,,CEBU CITY GRAND RESIDENCE,,RDO No. 81 - Cebu City North.xlsx,Sheet 6 (DO 054-2023)
401,BAYANIHAN FLATS,,BAYANIHAN FLATS,,RDO No. 81 - Cebu City North.xlsx,Sheet 6 (DO 054-2023)
402,ALL OTHER CONDOMINIUMS,,ALL OTHER CONDOMINIUMS,,RDO No. 81 - Cebu City North.xlsx,Sheet 6 (DO 054-2023)
403,,,,,RDO No. 81 - Cebu City North.xlsx,Sheet 6 (DO 054-2023)
404,,,,,RDO No. 81 - Cebu City North.xlsx,Sheet 6 (DO 054-2023)
405,* New,,* New,,RDO No. 81 - Cebu City North.xlsx,Sheet 6 (DO 054-2023)
406,,,,,RDO No. 81 - Cebu City North.xlsx,Sheet 6 (DO 054-2023)
407,,,,,RDO No. 81 - Cebu City North.xlsx,Sheet 6 (DO 054-2023)
408,Province,,Province,,RDO No. 81 - Cebu City North.xlsx,Sheet 6 (DO 054-2023)
409,City/Municipality,,City/Municipality,,RDO No. 81 - Cebu City North.xlsx,Sheet 6 (DO 054-2023)
410,Barangay,,Barangay,,RDO No. 81 - Cebu City North.xlsx,Sheet 6 (DO 054-2023)
411,,,,,RDO No. 81 - Cebu City North.xlsx,Sheet 6 (DO 054-2023)
412,STREET NAME / SUBDIVISION/CONDOMINIUM,,STREET NAME / SUBDIVISION/CONDOMINIUM,,RDO No. 81 - Cebu City North.xlsx,Sheet 6 (DO 054-2023)
413,,,,,RDO No. 81 - Cebu City North.xlsx,Sheet 6 (DO 054-2023)
414,,,,,RDO No. 81 - Cebu City North.xlsx,Sheet 6 (DO 054-2023)
415,STREETS,,STREETS,,RDO No. 81 - Cebu City North.xlsx,Sheet 6 (DO 054-2023)
416,ROAD TO BUDLAAN,,ROAD TO BUDLAAN,,RDO No. 81 - Cebu City North.xlsx,Sheet 6 (DO 054-2023)
417,SITIO KANGMAYA,,SITIO KANGMAYA,,RDO No. 81 - Cebu City North.xlsx,Sheet 6 (DO 054-2023)
418,,,,,RDO No. 81 - Cebu City North.xlsx,Sheet 6 (DO 054-2023)
419,SITIO TAC-AN,,SITIO TAC-AN,,RDO No. 81 - Cebu City North.xlsx,Sheet 6 (DO 054-2023)
420,ALL OTHER AREAS (ALL OTHER STREETS),,ALL OTHER AREAS (ALL OTHER STREETS),,RDO No. 81 - Cebu City North.xlsx,Sheet 6 (DO 054-2023)
421,,,,,RDO No. 81 - Cebu City North.xlsx,Sheet 6 (DO 054-2023)
422,SUBDIVISIONS,,SUBDIVISIONS,,RDO No. 81 - Cebu City North.xlsx,Sheet 6 (DO 054-2023)
423,MA. LUISA PARK PHASE V,,MA. LUISA PARK PHASE V,,RDO No. 81 - Cebu City North.xlsx,Sheet 6 (DO 054-2023)
424,,,,,RDO No. 81 - Cebu City North.xlsx,Sheet 6 (DO 054-2023)
425,,,,,RDO No. 81 - Cebu City North.xlsx,Sheet 6 (DO 054-2023)
426,ESTELLE WOOD SUBDIVISION,,ESTELLE WOOD SUBDIVISION,,RDO No. 81 - Cebu City North.xlsx,Sheet 6 (DO 054-2023)
427,ALL SOCIALIZED HOUSING SUBD.,,ALL SOCIALIZED HOUSING SUBD.,,RDO No. 81 - Cebu City North.xlsx,Sheet 6 (DO 054-2023)
428,ALL OTHER SUBDIVISIONS,,ALL OTHER SUBDIVISIONS,,RDO No. 81 - Cebu City North.xlsx,Sheet 6 (DO 054-2023)
429,,,,,RDO No. 81 - Cebu City North.xlsx,Sheet 6 (DO 054-2023)
430,* New,,* New,,RDO No. 81 - Cebu City North.xlsx,Sheet 6 (DO 054-2023)
431,,,,,RDO No. 81 - Cebu City North.xlsx,Sheet 6 (DO 054-2023)
432,,,,,RDO No. 81 - Cebu City North.xlsx,Sheet 6 (DO 054-2023)
433,Province,,Province,,RDO No. 81 - Cebu City North.xlsx,Sheet 6 (DO 054-2023)
434,City/Municipality,,City/Municipality,,RDO No. 81 - Cebu City North.xlsx,Sheet 6 (DO 054-2023)
435,Barangay,,Barangay,,RDO No. 81 - Cebu City North.xlsx,Sheet 6 (DO 054-2023)
436,,,,,RDO No. 81 - Cebu City North.xlsx,Sheet 6 (DO 054-2023)
437,STREET NAME / SUBDIVISION/CONDOMINIUM,,STREET NAME / SUBDIVISION/CONDOMINIUM,,RDO No. 81 - Cebu City North.xlsx,Sheet 6 (DO 054-2023)
438,,,,,RDO No. 81 - Cebu City North.xlsx,Sheet 6 (DO 054-2023)
439,,,,,RDO No. 81 - Cebu City North.xlsx,Sheet 6 (DO 054-2023)
440,,,,,RDO No. 81 - Cebu City North.xlsx,Sheet 6 (DO 054-2023)
441,STREETS,,STREETS,,RDO No. 81 - Cebu City North.xlsx,Sheet 6 (DO 054-2023)
442,TRANSCENTRAL HIGHWAY,,TRANSCENTRAL HIGHWAY,,RDO No. 81 - Cebu City North.xlsx,Sheet 6 (DO 054-2023)
443,,,,,RDO No. 81 - Cebu City North.xlsx,Sheet 6 (DO 054-2023)
444,,,,,RDO No. 81 - Cebu City North.xlsx,Sheet 6 (DO 054-2023)
445,ALL OTHER AREAS,,ALL OTHER AREAS,,RDO No. 81 - Cebu City North.xlsx,Sheet 6 (DO 054-2023)
446,,,,,RDO No. 81 - Cebu City North.xlsx,Sheet 6 (DO 054-2023)
447,,,,,RDO No. 81 - Cebu City North.xlsx,Sheet 6 (DO 054-2023)
448,,,,,RDO No. 81 - Cebu City North.xlsx,Sheet 6 (DO 054-2023)
449,,,,,RDO No. 81 - Cebu City North.xlsx,Sheet 6 (DO 054-2023)
450,SUBDIVISIONS,,SUBDIVISIONS,,RDO No. 81 - Cebu City North.xlsx,Sheet 6 (DO 054-2023)
451,EGGLING'S SUBD,,EGGLING'S SUBD,,RDO No. 81 - Cebu City North.xlsx,Sheet 6 (DO 054-2023)
452,GARDEN VILLE SUBD (GARDEN VILLE SUBDIVISION),,GARDEN VILLE SUBD (GARDEN VILLE SUBDIVISION),,RDO No. 81 - Cebu City North.xlsx,Sheet 6 (DO 054-2023)
453,HILLTOP SUBD,,HILLTOP SUBD,,RDO No. 81 - Cebu City North.xlsx,Sheet 6 (DO 054-2023)
454,MARIA LUISA ESTATE PARK,,MARIA LUISA ESTATE PARK,,RDO No. 81 - Cebu City North.xlsx,Sheet 6 (DO 054-2023)
455,,,,,RDO No. 81 - Cebu City North.xlsx,Sheet 6 (DO 054-2023)
456,,,,,RDO No. 81 - Cebu City North.xlsx,Sheet 6 (DO 054-2023)
457,,,,,RDO No. 81 - Cebu City North.xlsx,Sheet 6 (DO 054-2023)
458,MARIA LUISA ESTATE PARK - THE HIGHLANDS,,MARIA LUISA ESTATE PARK - THE HIGHLANDS,,RDO No. 81 - Cebu City North.xlsx,Sheet 6 (DO 054-2023)
459,,,,,RDO No. 81 - Cebu City North.xlsx,Sheet 6 (DO 054-2023)
460,,,,,RDO No. 81 - Cebu City North.xlsx,Sheet 6 (DO 054-2023)
461,PLAZAVILLE,,PLAZAVILLE,,RDO No. 81 - Cebu City North.xlsx,Sheet 6 (DO 054-2023)
462,PROV. GOVERNMENT SUBD.,,PROV. GOVERNMENT SUBD.,,RDO No. 81 - Cebu City North.xlsx,Sheet 6 (DO 054-2023)
463,DON EMILIO OSMENA HW,,DON EMILIO OSMENA HW,,RDO No. 81 - Cebu City North.xlsx,Sheet 6 (DO 054-2023)
464,,,,,RDO No. 81 - Cebu City North.xlsx,Sheet 6 (DO 054-2023)
465,,,,,RDO No. 81 - Cebu City North.xlsx,Sheet 6 (DO 054-2023)
466,STO. NINO PBN VILLAGE,,STO. NINO PBN VILLAGE,,RDO No. 81 - Cebu City North.xlsx,Sheet 6 (DO 054-2023)
467,,,,,RDO No. 81 - Cebu City North.xlsx,Sheet 6 (DO 054-2023)
468,ALL SOCIALIZED HOUSING SUBDIVISIONS,,ALL SOCIALIZED HOUSING SUBDIVISIONS,,RDO No. 81 - Cebu City North.xlsx,Sheet 6 (DO 054-2023)
469,,,,,RDO No. 81 - Cebu City North.xlsx,Sheet 6 (DO 054-2023)
470,ALL OTHER SUBDIVISIONS,,ALL OTHER SUBDIVISIONS,,RDO No. 81 - Cebu City North.xlsx,Sheet 6 (DO 054-2023)
471,,,,,RDO No. 81 - Cebu City North.xlsx,Sheet 6 (DO 054-2023)
472,CONDOMINIUMS / TOWNHOUSES,,CONDOMINIUMS / TOWNHOUSES,,RDO No. 81 - Cebu City North.xlsx,Sheet 6 (DO 054-2023)
473,CITY LIGHTS,,CITY LIGHTS,,RDO No. 81 - Cebu City North.xlsx,Sheet 6 (DO 054-2023)
474,,,,,RDO No. 81 - Cebu City North.xlsx,Sheet 6 (DO 054-2023)
475,MARCO POLO CONDO,,MARCO POLO CONDO,,RDO No. 81 - Cebu City North.xlsx,Sheet 6 (DO 054-2023)
476,,,,,RDO No. 81 - Cebu City North.xlsx,Sheet 6 (DO 054-2023)
477,LA NIVEA CONDOMINIUM @ NIVEL HILLS,,LA NIVEA CONDOMINIUM @ NIVEL HILLS,,RDO No. 81 - Cebu City North.xlsx,Sheet 6 (DO 054-2023)
478,,,,,RDO No. 81 - Cebu City North.xlsx,Sheet 6 (DO 054-2023)
479,NIVEL HILLS TOWER,,NIVEL HILLS TOWER,,RDO No. 81 - Cebu City North.xlsx,Sheet 6 (DO 054-2023)
480,,,,,RDO No. 81 - Cebu City North.xlsx,Sheet 6 (DO 054-2023)
481,,,,,RDO No. 81 - Cebu City North.xlsx,Sheet 6 (DO 054-2023)
482,RUMAH HIGHLANDS CONDO,,RUMAH HIGHLANDS CONDO,,RDO No. 81 - Cebu City North.xlsx,Sheet 6 (DO 054-2023)
483,,,,,RDO No. 81 - Cebu City North.xlsx,Sheet 6 (DO 054-2023)
484,LE MENDA RESIDENCES,,LE MENDA RESIDENCES,,RDO No. 81 - Cebu City North.xlsx,Sheet 6 (DO 054-2023)
485,,,,,RDO No. 81 - Cebu City North.xlsx,Sheet 6 (DO 054-2023)
486,ALL OTHER CONDOMINIUMS,,ALL OTHER CONDOMINIUMS,,RDO No. 81 - Cebu City North.xlsx,Sheet 6 (DO 054-2023)
487,,,,,RDO No. 81 - Cebu City North.xlsx,Sheet 6 (DO 054-2023)
488,,,,,RDO No. 81 - Cebu City North.xlsx,Sheet 6 (DO 054-2023)
489,*   New,,*   New,,RDO No. 81 - Cebu City North.xlsx,Sheet 6 (DO 054-2023)
490,** For deletion,,** For deletion,,RDO No. 81 - Cebu City North.xlsx,Sheet 6 (DO 054-2023)
491,*** Transferred to Brgy. Apas,,*** Transferred to Brgy. Apas,,RDO No. 81 - Cebu City North.xlsx,Sheet 6 (DO 054-2023)
492,,,,,RDO No. 81 - Cebu City North.xlsx,Sheet 6 (DO 054-2023)
493,,,,,RDO No. 81 - Cebu City North.xlsx,Sheet 6 (DO 054-2023)
494,Province,,Province,,RDO No. 81 - Cebu City North.xlsx,Sheet 6 (DO 054-2023)
495,City/Municipality,,City/Municipality,,RDO No. 81 - Cebu City North.xlsx,Sheet 6 (DO 054-2023)
496,Barangay,,Barangay,,RDO No. 81 - Cebu City North.xlsx,Sheet 6 (DO 054-2023)
497,,,,,RDO No. 81 - Cebu City North.xlsx,Sheet 6 (DO 054-2023)
498,STREET NAME / SUBDIVISION/CONDOMINIUM,,STREET NAME / SUBDIVISION/CONDOMINIUM,,RDO No. 81 - Cebu City North.xlsx,Sheet 6 (DO 054-2023)
499,,,,,RDO No. 81 - Cebu City North.xlsx,Sheet 6 (DO 054-2023)
500,,,,,RDO No. 81 - Cebu City North.xlsx,Sheet 6 (DO 054-2023)
501,,,,,RDO No. 81 - Cebu City North.xlsx,Sheet 6 (DO 054-2023)
502,STREETS,,STREETS,,RDO No. 81 - Cebu City North.xlsx,Sheet 6 (DO 054-2023)
503,ALL AREAS,,ALL AREAS,,RDO No. 81 - Cebu City North.xlsx,Sheet 6 (DO 054-2023)
504,,,,,RDO No. 81 - Cebu City North.xlsx,Sheet 6 (DO 054-2023)
505,,,,,RDO No. 81 - Cebu City North.xlsx,Sheet 6 (DO 054-2023)
506,,,,,RDO No. 81 - Cebu City North.xlsx,Sheet 6 (DO 054-2023)
507,,,,,RDO No. 81 - Cebu City North.xlsx,Sheet 6 (DO 054-2023)
508,,,,,RDO No. 81 - Cebu City North.xlsx,Sheet 6 (DO 054-2023)
509,,,,,RDO No. 81 - Cebu City North.xlsx,Sheet 6 (DO 054-2023)
510,,,,,RDO No. 81 - Cebu City North.xlsx,Sheet 6 (DO 054-2023)
511,,,,,RDO No. 81 - Cebu City North.xlsx,Sheet 6 (DO 054-2023)
512,* New,,* New,,RDO No. 81 - Cebu City North.xlsx,Sheet 6 (DO 054-2023)
513,,,,,RDO No. 81 - Cebu City North.xlsx,Sheet 6 (DO 054-2023)
514,,,,,RDO No. 81 - Cebu City North.xlsx,Sheet 6 (DO 054-2023)
515,Province,,Province,,RDO No. 81 - Cebu City North.xlsx,Sheet 6 (DO 054-2023)
516,City/Municipality,,City/Municipality,,RDO No. 81 - Cebu City North.xlsx,Sheet 6 (DO 054-2023)
517,Barangay,,Barangay,,RDO No. 81 - Cebu City North.xlsx,Sheet 6 (DO 054-2023)
518,,,,,RDO No. 81 - Cebu City North.xlsx,Sheet 6 (DO 054-2023)
519,STREET NAME / SUBDIVISION/CONDOMINIUM,,STREET NAME / SUBDIVISION/CONDOMINIUM,,RDO No. 81 - Cebu City North.xlsx,Sheet 6 (DO 054-2023)
520,,,,,RDO No. 81 - Cebu City North.xlsx,Sheet 6 (DO 054-2023)
521,,,,,RDO No. 81 - Cebu City North.xlsx,Sheet 6 (DO 054-2023)
522,,,,,RDO No. 81 - Cebu City North.xlsx,Sheet 6 (DO 054-2023)
523,STREETS,,STREETS,,RDO No. 81 - Cebu City North.xlsx,Sheet 6 (DO 054-2023)
524,CAPITOL CEBU CY ZOO,,CAPITOL CEBU CY ZOO,,RDO No. 81 - Cebu City North.xlsx,Sheet 6 (DO 054-2023)
525,,,,,RDO No. 81 - Cebu City North.xlsx,Sheet 6 (DO 054-2023)
526,CLAVANO ST,,CLAVANO ST,,RDO No. 81 - Cebu City North.xlsx,Sheet 6 (DO 054-2023)
527,,,,,RDO No. 81 - Cebu City North.xlsx,Sheet 6 (DO 054-2023)
528,DON GIL GARCIA EXT,,DON GIL GARCIA EXT,,RDO No. 81 - Cebu City North.xlsx,Sheet 6 (DO 054-2023)
529,"DON GIL GARCIA ST. EXT. 1& 2 
(BACK OF CAPITOL)",,"DON GIL GARCIA ST. EXT. 1& 2 
(BACK OF CAPITOL)",,RDO No. 81 - Cebu City North.xlsx,Sheet 6 (DO 054-2023)
530,DON J AVILA ST,,DON J AVILA ST,,RDO No. 81 - Cebu City North.xlsx,Sheet 6 (DO 054-2023)
531,EAST CAPITOL SITE,,EAST CAPITOL SITE,,RDO No. 81 - Cebu City North.xlsx,Sheet 6 (DO 054-2023)
532,F. RAMOS EXT,,F. RAMOS EXT,,RDO No. 81 - Cebu City North.xlsx,Sheet 6 (DO 054-2023)
533,GEN MAXILOM ST,,GEN MAXILOM ST,,RDO No. 81 - Cebu City North.xlsx,Sheet 6 (DO 054-2023)
534,JUANA OSMENA ST,,JUANA OSMENA ST,,RDO No. 81 - Cebu City North.xlsx,Sheet 6 (DO 054-2023)
535,,,,,RDO No. 81 - Cebu City North.xlsx,Sheet 6 (DO 054-2023)
536,,,,,RDO No. 81 - Cebu City North.xlsx,Sheet 6 (DO 054-2023)
537,,,,,RDO No. 81 - Cebu City North.xlsx,Sheet 6 (DO 054-2023)
538,J LLORENTE ST,,J LLORENTE ST,,RDO No. 81 - Cebu City North.xlsx,Sheet 6 (DO 054-2023)
539,M VELEZ EXT (MVELEZ ST),,M VELEZ EXT (MVELEZ ST),,RDO No. 81 - Cebu City North.xlsx,Sheet 6 (DO 054-2023)
540,MA CRISTINA ST (MP YAP),,MA CRISTINA ST (MP YAP),,RDO No. 81 - Cebu City North.xlsx,Sheet 6 (DO 054-2023)
541,MA CRISTINA EXT,,MA CRISTINA EXT,,RDO No. 81 - Cebu City North.xlsx,Sheet 6 (DO 054-2023)
542,MANUEL ZOSA ST (GOV ROSAS),,MANUEL ZOSA ST (GOV ROSAS),,RDO No. 81 - Cebu City North.xlsx,Sheet 6 (DO 054-2023)
543,N ESCARIO ST.,,N ESCARIO ST.,,RDO No. 81 - Cebu City North.xlsx,Sheet 6 (DO 054-2023)
544,N RAFOLS ST,,N RAFOLS ST,,RDO No. 81 - Cebu City North.xlsx,Sheet 6 (DO 054-2023)
545,PRES OSMENA BLVD,,PRES OSMENA BLVD,,RDO No. 81 - Cebu City North.xlsx,Sheet 6 (DO 054-2023)
546,ALL OTHER STREETS,,ALL OTHER STREETS,,RDO No. 81 - Cebu City North.xlsx,Sheet 6 (DO 054-2023)
547,,,,,RDO No. 81 - Cebu City North.xlsx,Sheet 6 (DO 054-2023)
548,SUBDIVISIONS,,SUBDIVISIONS,,RDO No. 81 - Cebu City North.xlsx,Sheet 6 (DO 054-2023)
549,CAPITOL RESIDENCES,,CAPITOL RESIDENCES,,RDO No. 81 - Cebu City North.xlsx,Sheet 6 (DO 054-2023)
550,,,,,RDO No. 81 - Cebu City North.xlsx,Sheet 6 (DO 054-2023)
551,,,,,RDO No. 81 - Cebu City North.xlsx,Sheet 6 (DO 054-2023)
552,CONDOMINIUMS,,CONDOMINIUMS,,RDO No. 81 - Cebu City North.xlsx,Sheet 6 (DO 054-2023)
553,BASELINE RESIDENCES/BASELINE CENTER,,BASELINE RESIDENCES/BASELINE CENTER,,RDO No. 81 - Cebu City North.xlsx,Sheet 6 (DO 054-2023)
554,,,,,RDO No. 81 - Cebu City North.xlsx,Sheet 6 (DO 054-2023)
555,,,,,RDO No. 81 - Cebu City North.xlsx,Sheet 6 (DO 054-2023)
556,BE RESIDENCES UPTOWN,,BE RESIDENCES UPTOWN,,RDO No. 81 - Cebu City North.xlsx,Sheet 6 (DO 054-2023)
557,,,,,RDO No. 81 - Cebu City North.xlsx,Sheet 6 (DO 054-2023)
558,,,,,RDO No. 81 - Cebu City North.xlsx,Sheet 6 (DO 054-2023)
559,ALL OTHER CONDOMINIUMS,,ALL OTHER CONDOMINIUMS,,RDO No. 81 - Cebu City North.xlsx,Sheet 6 (DO 054-2023)
560,"(small and medium, 7 storeys and below)",,"(small and medium, 7 storeys and below)",7.0,RDO No. 81 - Cebu City North.xlsx,Sheet 6 (DO 054-2023)
561,,,,,RDO No. 81 - Cebu City North.xlsx,Sheet 6 (DO 054-2023)
562,ALL OTHER CONDOMINIUMS,,ALL OTHER CONDOMINIUMS,,RDO No. 81 - Cebu City North.xlsx,Sheet 6 (DO 054-2023)
563,(8 storeys and above),,(8 storeys and above),8.0,RDO No. 81 - Cebu City North.xlsx,Sheet 6 (DO 054-2023)
564,,,,,RDO No. 81 - Cebu City North.xlsx,Sheet 6 (DO 054-2023)
565,* New,,* New,,RDO No. 81 - Cebu City North.xlsx,Sheet 6 (DO 054-2023)
566,** For deletion,,** For deletion,,RDO No. 81 - Cebu City North.xlsx,Sheet 6 (DO 054-2023)
567,*** Transferred to (Name of barangay),,*** Transferred to (Name of barangay),,RDO No. 81 - Cebu City North.xlsx,Sheet 6 (DO 054-2023)
568,**** Transferred from (Name of barangay),,**** Transferred from (Name of barangay),,RDO No. 81 - Cebu City North.xlsx,Sheet 6 (DO 054-2023)
569,***** Can be found in Brgy. Kamputhaw,,***** Can be found in Brgy. Kamputhaw,,RDO No. 81 - Cebu City North.xlsx,Sheet 6 (DO 054-2023)
570,,,,,RDO No. 81 - Cebu City North.xlsx,Sheet 6 (DO 054-2023)
571,,,,,RDO No. 81 - Cebu City North.xlsx,Sheet 6 (DO 054-2023)
572,Province,,Province,,RDO No. 81 - Cebu City North.xlsx,Sheet 6 (DO 054-2023)
573,City/Municipality,,City/Municipality,,RDO No. 81 - Cebu City North.xlsx,Sheet 6 (DO 054-2023)
574,Barangay,,Barangay,,RDO No. 81 - Cebu City North.xlsx,Sheet 6 (DO 054-2023)
575,,,,,RDO No. 81 - Cebu City North.xlsx,Sheet 6 (DO 054-2023)
576,STREET NAME / SUBDIVISION/CONDOMINIUM,,STREET NAME / SUBDIVISION/CONDOMINIUM,,RDO No. 81 - Cebu City North.xlsx,Sheet 6 (DO 054-2023)
577,,,,,RDO No. 81 - Cebu City North.xlsx,Sheet 6 (DO 054-2023)
578,,,,,RDO No. 81 - Cebu City North.xlsx,Sheet 6 (DO 054-2023)
579,,,,,RDO No. 81 - Cebu City North.xlsx,Sheet 6 (DO 054-2023)
580,STREETS,,STREETS,,RDO No. 81 - Cebu City North.xlsx,Sheet 6 (DO 054-2023)
581,3RD AVENUE,,3RD AVENUE,3.0,RDO No. 81 - Cebu City North.xlsx,Sheet 6 (DO 054-2023)
582,ANDRES SORIANO JR. AVE.,,ANDRES SORIANO JR. AVE.,,RDO No. 81 - Cebu City North.xlsx,Sheet 6 (DO 054-2023)
583,BERNARDO BENEDICTO  ST.,,BERNARDO BENEDICTO  ST.,,RDO No. 81 - Cebu City North.xlsx,Sheet 6 (DO 054-2023)
584,"DON CUENCO  MARIO J, AVENUE",,"DON CUENCO  MARIO J, AVENUE",,RDO No. 81 - Cebu City North.xlsx,Sheet 6 (DO 054-2023)
585,EAST  ROAD,,EAST  ROAD,,RDO No. 81 - Cebu City North.xlsx,Sheet 6 (DO 054-2023)
586,GENERAL MAXILOM AVENUE,,GENERAL MAXILOM AVENUE,,RDO No. 81 - Cebu City North.xlsx,Sheet 6 (DO 054-2023)
587,GENERAL MAXILOM AVENUE,,GENERAL MAXILOM AVENUE,,RDO No. 81 - Cebu City North.xlsx,Sheet 6 (DO 054-2023)
588,JAYME C. DE VEYRA ST,,JAYME C. DE VEYRA ST,,RDO No. 81 - Cebu City North.xlsx,Sheet 6 (DO 054-2023)
589,JOSE L. BRIONES ST.,,JOSE L. BRIONES ST.,,RDO No. 81 - Cebu City North.xlsx,Sheet 6 (DO 054-2023)
590,MC ARTHUR BLVD.,,MC ARTHUR BLVD.,,RDO No. 81 - Cebu City North.xlsx,Sheet 6 (DO 054-2023)
591,MJ CUENCO AVENUE,,MJ CUENCO AVENUE,,RDO No. 81 - Cebu City North.xlsx,Sheet 6 (DO 054-2023)
592,NEW IMUS ROAD,,NEW IMUS ROAD,,RDO No. 81 - Cebu City North.xlsx,Sheet 6 (DO 054-2023)
593,NORTH 6TH ROAD,,NORTH 6TH ROAD,6.0,RDO No. 81 - Cebu City North.xlsx,Sheet 6 (DO 054-2023)
594,SERGING OSMENA BLVD.,,SERGING OSMENA BLVD.,,RDO No. 81 - Cebu City North.xlsx,Sheet 6 (DO 054-2023)
595,SITIO CROSSING ROAD,,SITIO CROSSING ROAD,,RDO No. 81 - Cebu City North.xlsx,Sheet 6 (DO 054-2023)
596,SITIO IPIL-IPIL ROAD,,SITIO IPIL-IPIL ROAD,,RDO No. 81 - Cebu City North.xlsx,Sheet 6 (DO 054-2023)
597,WEST STREET,,WEST STREET,,RDO No. 81 - Cebu City North.xlsx,Sheet 6 (DO 054-2023)
598,ALL OTHER STREETS,,ALL OTHER STREETS,,RDO No. 81 - Cebu City North.xlsx,Sheet 6 (DO 054-2023)
599,,,,,RDO No. 81 - Cebu City North.xlsx,Sheet 6 (DO 054-2023)
600,,,,,RDO No. 81 - Cebu City North.xlsx,Sheet 6 (DO 054-2023)
601,,,,,RDO No. 81 - Cebu City North.xlsx,Sheet 6 (DO 054-2023)
602,,,,,RDO No. 81 - Cebu City North.xlsx,Sheet 6 (DO 054-2023)
603,SUBDIVISIONS,,SUBDIVISIONS,,RDO No. 81 - Cebu City North.xlsx,Sheet 6 (DO 054-2023)
604,CONDOMINIUMS / TOWNHOUSES,,CONDOMINIUMS / TOWNHOUSES,,RDO No. 81 - Cebu City North.xlsx,Sheet 6 (DO 054-2023)
605,PARTHENON RESIDENCES,,PARTHENON RESIDENCES,,RDO No. 81 - Cebu City North.xlsx,Sheet 6 (DO 054-2023)
606,,,,,RDO No. 81 - Cebu City North.xlsx,Sheet 6 (DO 054-2023)
607,,,,,RDO No. 81 - Cebu City North.xlsx,Sheet 6 (DO 054-2023)
608,SAN MARINO RESIDENCES,,SAN MARINO RESIDENCES,,RDO No. 81 - Cebu City North.xlsx,Sheet 6 (DO 054-2023)
609,,,,,RDO No. 81 - Cebu City North.xlsx,Sheet 6 (DO 054-2023)
610,,,,,RDO No. 81 - Cebu City North.xlsx,Sheet 6 (DO 054-2023)
611,SUNVIDA TOWER,,SUNVIDA TOWER,,RDO No. 81 - Cebu City North.xlsx,Sheet 6 (DO 054-2023)
612,,,,,RDO No. 81 - Cebu City North.xlsx,Sheet 6 (DO 054-2023)
613,,,,,RDO No. 81 - Cebu City North.xlsx,Sheet 6 (DO 054-2023)
614,ALL OTHER CONDOMINIUMS,,ALL OTHER CONDOMINIUMS,,RDO No. 81 - Cebu City North.xlsx,Sheet 6 (DO 054-2023)
615,,,,,RDO No. 81 - Cebu City North.xlsx,Sheet 6 (DO 054-2023)
616,,,,,RDO No. 81 - Cebu City North.xlsx,Sheet 6 (DO 054-2023)
617,*     New,,*     New,,RDO No. 81 - Cebu City North.xlsx,Sheet 6 (DO 054-2023)
618,**   For deletion,,**   For deletion,,RDO No. 81 - Cebu City North.xlsx,Sheet 6 (DO 054-2023)
619,*** Transferred to (Name of barangay),,*** Transferred to (Name of barangay),,RDO No. 81 - Cebu City North.xlsx,Sheet 6 (DO 054-2023)
620,**** Transferred from (Name of barangay),,**** Transferred from (Name of barangay),,RDO No. 81 - Cebu City North.xlsx,Sheet 6 (DO 054-2023)
621,***** Can be found in Brgy. Cebu Port Area,,***** Can be found in Brgy. Cebu Port Area,,RDO No. 81 - Cebu City North.xlsx,Sheet 6 (DO 054-2023)
622,,,,,RDO No. 81 - Cebu City North.xlsx,Sheet 6 (DO 054-2023)
623,,,,,RDO No. 81 - Cebu City North.xlsx,Sheet 6 (DO 054-2023)
624,Province,,Province,,RDO No. 81 - Cebu City North.xlsx,Sheet 6 (DO 054-2023)
625,City/Municipality,,City/Municipality,,RDO No. 81 - Cebu City North.xlsx,Sheet 6 (DO 054-2023)
626,Barangay,,Barangay,,RDO No. 81 - Cebu City North.xlsx,Sheet 6 (DO 054-2023)
627,,,,,RDO No. 81 - Cebu City North.xlsx,Sheet 6 (DO 054-2023)
628,STREET NAME / SUBDIVISION/CONDOMINIUM,,STREET NAME / SUBDIVISION/CONDOMINIUM,,RDO No. 81 - Cebu City North.xlsx,Sheet 6 (DO 054-2023)
629,,,,,RDO No. 81 - Cebu City North.xlsx,Sheet 6 (DO 054-2023)
630,,,,,RDO No. 81 - Cebu City North.xlsx,Sheet 6 (DO 054-2023)
631,STREETS,,STREETS,,RDO No. 81 - Cebu City North.xlsx,Sheet 6 (DO 054-2023)
632,1ST ST (3RD AVE EXT),,1ST ST (3RD AVE EXT),13.0,RDO No. 81 - Cebu City North.xlsx,Sheet 6 (DO 054-2023)
633,2ND ST (6TH AVE EXT),,2ND ST (6TH AVE EXT),26.0,RDO No. 81 - Cebu City North.xlsx,Sheet 6 (DO 054-2023)
634,3RD ST EAST (ROAD WEST 1),,3RD ST EAST (ROAD WEST 1),31.0,RDO No. 81 - Cebu City North.xlsx,Sheet 6 (DO 054-2023)
635,3RD ST WEST (ROAD EAST 1),,3RD ST WEST (ROAD EAST 1),31.0,RDO No. 81 - Cebu City North.xlsx,Sheet 6 (DO 054-2023)
636,4TH ST (ROAD 5),,4TH ST (ROAD 5),45.0,RDO No. 81 - Cebu City North.xlsx,Sheet 6 (DO 054-2023)
637,5TH ST EAST (AD EAST 3),,5TH ST EAST (AD EAST 3),53.0,RDO No. 81 - Cebu City North.xlsx,Sheet 6 (DO 054-2023)
638,5TH ST WEST (AD WEST 3),,5TH ST WEST (AD WEST 3),53.0,RDO No. 81 - Cebu City North.xlsx,Sheet 6 (DO 054-2023)
639,6TH ST (3RD AVE),,6TH ST (3RD AVE),63.0,RDO No. 81 - Cebu City North.xlsx,Sheet 6 (DO 054-2023)
640,BARANGAY ST (1ST ST),,BARANGAY ST (1ST ST),1.0,RDO No. 81 - Cebu City North.xlsx,Sheet 6 (DO 054-2023)
641,CABAHUG ST (2ND ST),,CABAHUG ST (2ND ST),2.0,RDO No. 81 - Cebu City North.xlsx,Sheet 6 (DO 054-2023)
642,CITY HALL CIVIC CENTER,,CITY HALL CIVIC CENTER,,RDO No. 81 - Cebu City North.xlsx,Sheet 6 (DO 054-2023)
643,,,,,RDO No. 81 - Cebu City North.xlsx,Sheet 6 (DO 054-2023)
644,,,,,RDO No. 81 - Cebu City North.xlsx,Sheet 6 (DO 054-2023)
645,,,,,RDO No. 81 - Cebu City North.xlsx,Sheet 6 (DO 054-2023)
646,,,,,RDO No. 81 - Cebu City North.xlsx,Sheet 6 (DO 054-2023)
647,,,,,RDO No. 81 - Cebu City North.xlsx,Sheet 6 (DO 054-2023)
648,,,,,RDO No. 81 - Cebu City North.xlsx,Sheet 6 (DO 054-2023)
649,,,,,RDO No. 81 - Cebu City North.xlsx,Sheet 6 (DO 054-2023)
650,,,,,RDO No. 81 - Cebu City North.xlsx,Sheet 6 (DO 054-2023)
651,,,,,RDO No. 81 - Cebu City North.xlsx,Sheet 6 (DO 054-2023)
652,,,,,RDO No. 81 - Cebu City North.xlsx,Sheet 6 (DO 054-2023)
653,HUMABON AVENUE (4TH AVE),,HUMABON AVENUE (4TH AVE),4.0,RDO No. 81 - Cebu City North.xlsx,Sheet 6 (DO 054-2023)
654,INDEPENDENCIA ST (3RD ST),,INDEPENDENCIA ST (3RD ST),3.0,RDO No. 81 - Cebu City North.xlsx,Sheet 6 (DO 054-2023)
655,KALIPAYAN ST (8TH ST),,KALIPAYAN ST (8TH ST),8.0,RDO No. 81 - Cebu City North.xlsx,Sheet 6 (DO 054-2023)
656,LAPU LAPU AVE (7TH AVE),,LAPU LAPU AVE (7TH AVE),7.0,RDO No. 81 - Cebu City North.xlsx,Sheet 6 (DO 054-2023)
657,,,,,RDO No. 81 - Cebu City North.xlsx,Sheet 6 (DO 054-2023)
658,LAPU LAPU LOOP (6TH AVE),,LAPU LAPU LOOP (6TH AVE),6.0,RDO No. 81 - Cebu City North.xlsx,Sheet 6 (DO 054-2023)
659,PEPSI ST (8TH AVE),,PEPSI ST (8TH AVE),8.0,RDO No. 81 - Cebu City North.xlsx,Sheet 6 (DO 054-2023)
660,PORT AREAS,,PORT AREAS,,RDO No. 81 - Cebu City North.xlsx,Sheet 6 (DO 054-2023)
661,,,,,RDO No. 81 - Cebu City North.xlsx,Sheet 6 (DO 054-2023)
662,,,,,RDO No. 81 - Cebu City North.xlsx,Sheet 6 (DO 054-2023)
663,,,,,RDO No. 81 - Cebu City North.xlsx,Sheet 6 (DO 054-2023)
664,,,,,RDO No. 81 - Cebu City North.xlsx,Sheet 6 (DO 054-2023)
665,PORT CENTER AVE (5TH AVE),,PORT CENTER AVE (5TH AVE),5.0,RDO No. 81 - Cebu City North.xlsx,Sheet 6 (DO 054-2023)
666,PORT CENTER AVE (10TH AVE),,PORT CENTER AVE (10TH AVE),10.0,RDO No. 81 - Cebu City North.xlsx,Sheet 6 (DO 054-2023)
667,S. OSMENA JR AVE (2ND AVE),,S. OSMENA JR AVE (2ND AVE),0.2,RDO No. 81 - Cebu City North.xlsx,Sheet 6 (DO 054-2023)
668,,,,,RDO No. 81 - Cebu City North.xlsx,Sheet 6 (DO 054-2023)
669,SAN JOSE DELA MONTANA AVE,,SAN JOSE DELA MONTANA AVE,,RDO No. 81 - Cebu City North.xlsx,Sheet 6 (DO 054-2023)
670,STP COURT (6TH AVE),,STP COURT (6TH AVE),6.0,RDO No. 81 - Cebu City North.xlsx,Sheet 6 (DO 054-2023)
671,ALL OTHER STREETS,,ALL OTHER STREETS,,RDO No. 81 - Cebu City North.xlsx,Sheet 6 (DO 054-2023)
672,CONDOMINIUMS / TOWNHOUSES,,CONDOMINIUMS / TOWNHOUSES,,RDO No. 81 - Cebu City North.xlsx,Sheet 6 (DO 054-2023)
673,CIFC CONDO,,CIFC CONDO,,RDO No. 81 - Cebu City North.xlsx,Sheet 6 (DO 054-2023)
674,PARKING SLOT,,PARKING SLOT,,RDO No. 81 - Cebu City North.xlsx,Sheet 6 (DO 054-2023)
675,GALLERIA RESIDENCES,,GALLERIA RESIDENCES,,RDO No. 81 - Cebu City North.xlsx,Sheet 6 (DO 054-2023)
676,,,,,RDO No. 81 - Cebu City North.xlsx,Sheet 6 (DO 054-2023)
677,,,,,RDO No. 81 - Cebu City North.xlsx,Sheet 6 (DO 054-2023)
678,Province,,Province,,RDO No. 81 - Cebu City North.xlsx,Sheet 6 (DO 054-2023)
679,City/Municipality,,City/Municipality,,RDO No. 81 - Cebu City North.xlsx,Sheet 6 (DO 054-2023)
680,Barangay,,Barangay,,RDO No. 81 - Cebu City North.xlsx,Sheet 6 (DO 054-2023)
681,,,,,RDO No. 81 - Cebu City North.xlsx,Sheet 6 (DO 054-2023)
682,STREET NAME / SUBDIVISION/CONDOMINIUM,,STREET NAME / SUBDIVISION/CONDOMINIUM,,RDO No. 81 - Cebu City North.xlsx,Sheet 6 (DO 054-2023)
683,,,,,RDO No. 81 - Cebu City North.xlsx,Sheet 6 (DO 054-2023)
684,,,,,RDO No. 81 - Cebu City North.xlsx,Sheet 6 (DO 054-2023)
685,PARTHENON RESIDENCES,,PARTHENON RESIDENCES,,RDO No. 81 - Cebu City North.xlsx,Sheet 6 (DO 054-2023)
686,,,,,RDO No. 81 - Cebu City North.xlsx,Sheet 6 (DO 054-2023)
687,,,,,RDO No. 81 - Cebu City North.xlsx,Sheet 6 (DO 054-2023)
688,SAN MARINO,,SAN MARINO,,RDO No. 81 - Cebu City North.xlsx,Sheet 6 (DO 054-2023)
689,,,,,RDO No. 81 - Cebu City North.xlsx,Sheet 6 (DO 054-2023)
690,,,,,RDO No. 81 - Cebu City North.xlsx,Sheet 6 (DO 054-2023)
691,SUN VIDA TOWER,,SUN VIDA TOWER,,RDO No. 81 - Cebu City North.xlsx,Sheet 6 (DO 054-2023)
692,,,,,RDO No. 81 - Cebu City North.xlsx,Sheet 6 (DO 054-2023)
693,,,,,RDO No. 81 - Cebu City North.xlsx,Sheet 6 (DO 054-2023)
694,ALL OTHER CONDOMINIUMS,,ALL OTHER CONDOMINIUMS,,RDO No. 81 - Cebu City North.xlsx,Sheet 6 (DO 054-2023)
695,,,,,RDO No. 81 - Cebu City North.xlsx,Sheet 6 (DO 054-2023)
696,,,,,RDO No. 81 - Cebu City North.xlsx,Sheet 6 (DO 054-2023)
697,*     New,,*     New,,RDO No. 81 - Cebu City North.xlsx,Sheet 6 (DO 054-2023)
698,**   For deletion,,**   For deletion,,RDO No. 81 - Cebu City North.xlsx,Sheet 6 (DO 054-2023)
699,*** Transferred to (Name of Barangay),,*** Transferred to (Name of Barangay),,RDO No. 81 - Cebu City North.xlsx,Sheet 6 (DO 054-2023)
700,**** Transferred from Brgy. Mabolo,,**** Transferred from Brgy. Mabolo,,RDO No. 81 - Cebu City North.xlsx,Sheet 6 (DO 054-2023)
701,***** New and can also be found in Brgy. Carreta,,***** New and can also be found in Brgy. Carreta,,RDO No. 81 - Cebu City North.xlsx,Sheet 6 (DO 054-2023)
702,,,,,RDO No. 81 - Cebu City North.xlsx,Sheet 6 (DO 054-2023)
703,,,,,RDO No. 81 - Cebu City North.xlsx,Sheet 6 (DO 054-2023)
704,Province,,Province,,RDO No. 81 - Cebu City North.xlsx,Sheet 6 (DO 054-2023)
705,,,,,RDO No. 81 - Cebu City North.xlsx,Sheet 6 (DO 054-2023)
706,City/Municipality,,City/Municipality,,RDO No. 81 - Cebu City North.xlsx,Sheet 6 (DO 054-2023)
707,,,,,RDO No. 81 - Cebu City North.xlsx,Sheet 6 (DO 054-2023)
708,Barangay,,Barangay,,RDO No. 81 - Cebu City North.xlsx,Sheet 6 (DO 054-2023)
709,,,,,RDO No. 81 - Cebu City North.xlsx,Sheet 6 (DO 054-2023)
710,STREET NAME / SUBDIVISION/CONDOMINIUM,,STREET NAME / SUBDIVISION/CONDOMINIUM,,RDO No. 81 - Cebu City North.xlsx,Sheet 6 (DO 054-2023)
711,,,,,RDO No. 81 - Cebu City North.xlsx,Sheet 6 (DO 054-2023)
712,,,,,RDO No. 81 - Cebu City North.xlsx,Sheet 6 (DO 054-2023)
713,STREETS,,STREETS,,RDO No. 81 - Cebu City North.xlsx,Sheet 6 (DO 054-2023)
714,COLON ST,,COLON ST,,RDO No. 81 - Cebu City North.xlsx,Sheet 6 (DO 054-2023)
715,D JAKOSALEM ST.,,D JAKOSALEM ST.,,RDO No. 81 - Cebu City North.xlsx,Sheet 6 (DO 054-2023)
716,,,,,RDO No. 81 - Cebu City North.xlsx,Sheet 6 (DO 054-2023)
717,LEGASPI ST,,LEGASPI ST,,RDO No. 81 - Cebu City North.xlsx,Sheet 6 (DO 054-2023)
718,,,,,RDO No. 81 - Cebu City North.xlsx,Sheet 6 (DO 054-2023)
719,,,,,RDO No. 81 - Cebu City North.xlsx,Sheet 6 (DO 054-2023)
720,MABINI,,MABINI,,RDO No. 81 - Cebu City North.xlsx,Sheet 6 (DO 054-2023)
721,P BURGOS ST,,P BURGOS ST,,RDO No. 81 - Cebu City North.xlsx,Sheet 6 (DO 054-2023)
722,,,,,RDO No. 81 - Cebu City North.xlsx,Sheet 6 (DO 054-2023)
723,P GOMES ST,,P GOMES ST,,RDO No. 81 - Cebu City North.xlsx,Sheet 6 (DO 054-2023)
724,PLARIDEL EXT,,PLARIDEL EXT,,RDO No. 81 - Cebu City North.xlsx,Sheet 6 (DO 054-2023)
725,PRES OSMENA BLVD,,PRES OSMENA BLVD,,RDO No. 81 - Cebu City North.xlsx,Sheet 6 (DO 054-2023)
726,,,,,RDO No. 81 - Cebu City North.xlsx,Sheet 6 (DO 054-2023)
727,,,,,RDO No. 81 - Cebu City North.xlsx,Sheet 6 (DO 054-2023)
728,V GULLAS ST,,V GULLAS ST,,RDO No. 81 - Cebu City North.xlsx,Sheet 6 (DO 054-2023)
729,,,,,RDO No. 81 - Cebu City North.xlsx,Sheet 6 (DO 054-2023)
730,ALL OTHER STREETS,,ALL OTHER STREETS,,RDO No. 81 - Cebu City North.xlsx,Sheet 6 (DO 054-2023)
731,,,,,RDO No. 81 - Cebu City North.xlsx,Sheet 6 (DO 054-2023)
732,CONDOMINIUMS / TOWNHOUSES,,CONDOMINIUMS / TOWNHOUSES,,RDO No. 81 - Cebu City North.xlsx,Sheet 6 (DO 054-2023)
733,CITY SAVINGS FINANCIAL PLAZA,,CITY SAVINGS FINANCIAL PLAZA,,RDO No. 81 - Cebu City North.xlsx,Sheet 6 (DO 054-2023)
734,PARKING SLOT,,PARKING SLOT,,RDO No. 81 - Cebu City North.xlsx,Sheet 6 (DO 054-2023)
735,ALL OTHER CONDOMINIUMS,,ALL OTHER CONDOMINIUMS,,RDO No. 81 - Cebu City North.xlsx,Sheet 6 (DO 054-2023)
736,,,,,RDO No. 81 - Cebu City North.xlsx,Sheet 6 (DO 054-2023)
737,,,,,RDO No. 81 - Cebu City North.xlsx,Sheet 6 (DO 054-2023)
738,,,,,RDO No. 81 - Cebu City North.xlsx,Sheet 6 (DO 054-2023)
739,,,,,RDO No. 81 - Cebu City North.xlsx,Sheet 6 (DO 054-2023)
740,Province,,Province,,RDO No. 81 - Cebu City North.xlsx,Sheet 6 (DO 054-2023)
741,City/Municipality,,City/Municipality,,RDO No. 81 - Cebu City North.xlsx,Sheet 6 (DO 054-2023)
742,Barangay,,Barangay,,RDO No. 81 - Cebu City North.xlsx,Sheet 6 (DO 054-2023)
743,,,,,RDO No. 81 - Cebu City North.xlsx,Sheet 6 (DO 054-2023)
744,STREET NAME / SUBDIVISION/CONDOMINIUM,,STREET NAME / SUBDIVISION/CONDOMINIUM,,RDO No. 81 - Cebu City North.xlsx,Sheet 6 (DO 054-2023)
745,,,,,RDO No. 81 - Cebu City North.xlsx,Sheet 6 (DO 054-2023)
746,,,,,RDO No. 81 - Cebu City North.xlsx,Sheet 6 (DO 054-2023)
747,,,,,RDO No. 81 - Cebu City North.xlsx,Sheet 6 (DO 054-2023)
748,STREETS,,STREETS,,RDO No. 81 - Cebu City North.xlsx,Sheet 6 (DO 054-2023)
749,D JAKOSALEM ST,,D JAKOSALEM ST,,RDO No. 81 - Cebu City North.xlsx,Sheet 6 (DO 054-2023)
750,R RAMOS ST,,R RAMOS ST,,RDO No. 81 - Cebu City North.xlsx,Sheet 6 (DO 054-2023)
751,F RAMOS ST,,F RAMOS ST,,RDO No. 81 - Cebu City North.xlsx,Sheet 6 (DO 054-2023)
752,GEN ECHAVEZ EXT,,GEN ECHAVEZ EXT,,RDO No. 81 - Cebu City North.xlsx,Sheet 6 (DO 054-2023)
753,GEN MAXILOM AVE,,GEN MAXILOM AVE,,RDO No. 81 - Cebu City North.xlsx,Sheet 6 (DO 054-2023)
754,GEN. JUNQUERA EXT,,GEN. JUNQUERA EXT,,RDO No. 81 - Cebu City North.xlsx,Sheet 6 (DO 054-2023)
755,RR LANDON ST,,RR LANDON ST,,RDO No. 81 - Cebu City North.xlsx,Sheet 6 (DO 054-2023)
756,V RANUDO ST,,V RANUDO ST,,RDO No. 81 - Cebu City North.xlsx,Sheet 6 (DO 054-2023)
757,,,,,RDO No. 81 - Cebu City North.xlsx,Sheet 6 (DO 054-2023)
758,ALL OTHER STREETS,,ALL OTHER STREETS,,RDO No. 81 - Cebu City North.xlsx,Sheet 6 (DO 054-2023)
759,,,,,RDO No. 81 - Cebu City North.xlsx,Sheet 6 (DO 054-2023)
760,CONDOMINIUMS / TOWNHOUSES,,CONDOMINIUMS / TOWNHOUSES,,RDO No. 81 - Cebu City North.xlsx,Sheet 6 (DO 054-2023)
761,HORIZONS 101,,HORIZONS 101,101.0,RDO No. 81 - Cebu City North.xlsx,Sheet 6 (DO 054-2023)
762,,,,,RDO No. 81 - Cebu City North.xlsx,Sheet 6 (DO 054-2023)
763,,,,,RDO No. 81 - Cebu City North.xlsx,Sheet 6 (DO 054-2023)
764,RAMOS TOWER,,RAMOS TOWER,,RDO No. 81 - Cebu City North.xlsx,Sheet 6 (DO 054-2023)
765,PARKING SLOT,,PARKING SLOT,,RDO No. 81 - Cebu City North.xlsx,Sheet 6 (DO 054-2023)
766,ALL OTHER CONDOMINIUMS,,ALL OTHER CONDOMINIUMS,,RDO No. 81 - Cebu City North.xlsx,Sheet 6 (DO 054-2023)
767,,,,,RDO No. 81 - Cebu City North.xlsx,Sheet 6 (DO 054-2023)
768,,,,,RDO No. 81 - Cebu City North.xlsx,Sheet 6 (DO 054-2023)
769,,,,,RDO No. 81 - Cebu City North.xlsx,Sheet 6 (DO 054-2023)
770,*     New,,*     New,,RDO No. 81 - Cebu City North.xlsx,Sheet 6 (DO 054-2023)
771,**   For deletion,,**   For deletion,,RDO No. 81 - Cebu City North.xlsx,Sheet 6 (DO 054-2023)
772,*** Transferred to Brgy. Sta. Cruz,,*** Transferred to Brgy. Sta. Cruz,,RDO No. 81 - Cebu City North.xlsx,Sheet 6 (DO 054-2023)
773,,,,,RDO No. 81 - Cebu City North.xlsx,Sheet 6 (DO 054-2023)
774,,,,,RDO No. 81 - Cebu City North.xlsx,Sheet 6 (DO 054-2023)
775,Province,,Province,,RDO No. 81 - Cebu City North.xlsx,Sheet 6 (DO 054-2023)
776,City/Municipality,,City/Municipality,,RDO No. 81 - Cebu City North.xlsx,Sheet 6 (DO 054-2023)
777,Barangay,,Barangay,,RDO No. 81 - Cebu City North.xlsx,Sheet 6 (DO 054-2023)
778,,,,,RDO No. 81 - Cebu City North.xlsx,Sheet 6 (DO 054-2023)
779,STREET NAME / SUBDIVISION/CONDOMINIUM,,STREET NAME / SUBDIVISION/CONDOMINIUM,,RDO No. 81 - Cebu City North.xlsx,Sheet 6 (DO 054-2023)
780,,,,,RDO No. 81 - Cebu City North.xlsx,Sheet 6 (DO 054-2023)
781,,,,,RDO No. 81 - Cebu City North.xlsx,Sheet 6 (DO 054-2023)
782,STREETS,,STREETS,,RDO No. 81 - Cebu City North.xlsx,Sheet 6 (DO 054-2023)
783,BONIFACIO ST,,BONIFACIO ST,,RDO No. 81 - Cebu City North.xlsx,Sheet 6 (DO 054-2023)
784,D JAKOSALEM,,D JAKOSALEM,,RDO No. 81 - Cebu City North.xlsx,Sheet 6 (DO 054-2023)
785,,,,,RDO No. 81 - Cebu City North.xlsx,Sheet 6 (DO 054-2023)
786,IMUS ST,,IMUS ST,,RDO No. 81 - Cebu City North.xlsx,Sheet 6 (DO 054-2023)
787,SIKATUNA,,SIKATUNA,,RDO No. 81 - Cebu City North.xlsx,Sheet 6 (DO 054-2023)
788,T. PADILLA ST,,T. PADILLA ST,,RDO No. 81 - Cebu City North.xlsx,Sheet 6 (DO 054-2023)
789,ALL OTHER STREETS,,ALL OTHER STREETS,,RDO No. 81 - Cebu City North.xlsx,Sheet 6 (DO 054-2023)
790,INTERIOR AREAS,,INTERIOR AREAS,,RDO No. 81 - Cebu City North.xlsx,Sheet 6 (DO 054-2023)
791,,,,,RDO No. 81 - Cebu City North.xlsx,Sheet 6 (DO 054-2023)
792,,,,,RDO No. 81 - Cebu City North.xlsx,Sheet 6 (DO 054-2023)
793,SUBDIVISIONS,,SUBDIVISIONS,,RDO No. 81 - Cebu City North.xlsx,Sheet 6 (DO 054-2023)
794,,,,,RDO No. 81 - Cebu City North.xlsx,Sheet 6 (DO 054-2023)
795,CONDOMINIUMS / TOWNHOUSES,,CONDOMINIUMS / TOWNHOUSES,,RDO No. 81 - Cebu City North.xlsx,Sheet 6 (DO 054-2023)
796,,,,,RDO No. 81 - Cebu City North.xlsx,Sheet 6 (DO 054-2023)
797,BLOQ RESIDENCES,,BLOQ RESIDENCES,,RDO No. 81 - Cebu City North.xlsx,Sheet 6 (DO 054-2023)
798,,,,,RDO No. 81 - Cebu City North.xlsx,Sheet 6 (DO 054-2023)
799,,,,,RDO No. 81 - Cebu City North.xlsx,Sheet 6 (DO 054-2023)
800,VISTANA PEARL RESIDENCES,,VISTANA PEARL RESIDENCES,,RDO No. 81 - Cebu City North.xlsx,Sheet 6 (DO 054-2023)
801,,,,,RDO No. 81 - Cebu City North.xlsx,Sheet 6 (DO 054-2023)
802,,,,,RDO No. 81 - Cebu City North.xlsx,Sheet 6 (DO 054-2023)
803,ALL OTHER  CONDOMINIUMS,,ALL OTHER  CONDOMINIUMS,,RDO No. 81 - Cebu City North.xlsx,Sheet 6 (DO 054-2023)
804,,,,,RDO No. 81 - Cebu City North.xlsx,Sheet 6 (DO 054-2023)
805,,,,,RDO No. 81 - Cebu City North.xlsx,Sheet 6 (DO 054-2023)
806,* New,,* New,,RDO No. 81 - Cebu City North.xlsx,Sheet 6 (DO 054-2023)
807,,,,,RDO No. 81 - Cebu City North.xlsx,Sheet 6 (DO 054-2023)
808,,,,,RDO No. 81 - Cebu City North.xlsx,Sheet 6 (DO 054-2023)
809,Province,,Province,,RDO No. 81 - Cebu City North.xlsx,Sheet 6 (DO 054-2023)
810,,,,,RDO No. 81 - Cebu City North.xlsx,Sheet 6 (DO 054-2023)
811,City/Municipality,,City/Municipality,,RDO No. 81 - Cebu City North.xlsx,Sheet 6 (DO 054-2023)
812,,,,,RDO No. 81 - Cebu City North.xlsx,Sheet 6 (DO 054-2023)
813,Barangay,,Barangay,,RDO No. 81 - Cebu City North.xlsx,Sheet 6 (DO 054-2023)
814,,,,,RDO No. 81 - Cebu City North.xlsx,Sheet 6 (DO 054-2023)
815,STREET NAME / SUBDIVISION/CONDOMINIUM,,STREET NAME / SUBDIVISION/CONDOMINIUM,,RDO No. 81 - Cebu City North.xlsx,Sheet 6 (DO 054-2023)
816,,,,,RDO No. 81 - Cebu City North.xlsx,Sheet 6 (DO 054-2023)
817,,,,,RDO No. 81 - Cebu City North.xlsx,Sheet 6 (DO 054-2023)
818,STREETS,,STREETS,,RDO No. 81 - Cebu City North.xlsx,Sheet 6 (DO 054-2023)
819,ALL AREAS,,ALL AREAS,,RDO No. 81 - Cebu City North.xlsx,Sheet 6 (DO 054-2023)
820,,,,,RDO No. 81 - Cebu City North.xlsx,Sheet 6 (DO 054-2023)
821,,,,,RDO No. 81 - Cebu City North.xlsx,Sheet 6 (DO 054-2023)
822,,,,,RDO No. 81 - Cebu City North.xlsx,Sheet 6 (DO 054-2023)
823,,,,,RDO No. 81 - Cebu City North.xlsx,Sheet 6 (DO 054-2023)
824,* New,,* New,,RDO No. 81 - Cebu City North.xlsx,Sheet 6 (DO 054-2023)
825,,,,,RDO No. 81 - Cebu City North.xlsx,Sheet 6 (DO 054-2023)
826,,,,,RDO No. 81 - Cebu City North.xlsx,Sheet 6 (DO 054-2023)
827,Province,,Province,,RDO No. 81 - Cebu City North.xlsx,Sheet 6 (DO 054-2023)
828,City/Municipality,,City/Municipality,,RDO No. 81 - Cebu City North.xlsx,Sheet 6 (DO 054-2023)
829,Barangay,,Barangay,,RDO No. 81 - Cebu City North.xlsx,Sheet 6 (DO 054-2023)
830,,,,,RDO No. 81 - Cebu City North.xlsx,Sheet 6 (DO 054-2023)
831,STREET NAME / SUBDIVISION/CONDOMINIUM,,STREET NAME / SUBDIVISION/CONDOMINIUM,,RDO No. 81 - Cebu City North.xlsx,Sheet 6 (DO 054-2023)
832,,,,,RDO No. 81 - Cebu City North.xlsx,Sheet 6 (DO 054-2023)
833,,,,,RDO No. 81 - Cebu City North.xlsx,Sheet 6 (DO 054-2023)
834,STREETS,,STREETS,,RDO No. 81 - Cebu City North.xlsx,Sheet 6 (DO 054-2023)
835,CEBU BUSINESS PARK :,,CEBU BUSINESS PARK :,,RDO No. 81 - Cebu City North.xlsx,Sheet 6 (DO 054-2023)
836,Streets within CBP under this Brgy:,,Streets within CBP under this Brgy:,,RDO No. 81 - Cebu City North.xlsx,Sheet 6 (DO 054-2023)
837,"(Apo St, Ayala Road, Pescadores St,",,"(Apo St, Ayala Road, Pescadores St,",,RDO No. 81 - Cebu City North.xlsx,Sheet 6 (DO 054-2023)
838,"Boracay Road, Sumilon Road,",,"Boracay Road, Sumilon Road,",,RDO No. 81 - Cebu City North.xlsx,Sheet 6 (DO 054-2023)
839,"Panglao Road, Panay Road,",,"Panglao Road, Panay Road,",,RDO No. 81 - Cebu City North.xlsx,Sheet 6 (DO 054-2023)
840,"Samar Loop, Leyte Loop,",,"Samar Loop, Leyte Loop,",,RDO No. 81 - Cebu City North.xlsx,Sheet 6 (DO 054-2023)
841,"Camotes Loop, Negros, Mc Crewville,",,"Camotes Loop, Negros, Mc Crewville,",,RDO No. 81 - Cebu City North.xlsx,Sheet 6 (DO 054-2023)
842,"Bantayan Rd. Mindanao, Bohol,",,"Bantayan Rd. Mindanao, Bohol,",,RDO No. 81 - Cebu City North.xlsx,Sheet 6 (DO 054-2023)
843,"Biliran St.,  Mactan St.,Ayala Rd.)",,"Biliran St.,  Mactan St.,Ayala Rd.)",,RDO No. 81 - Cebu City North.xlsx,Sheet 6 (DO 054-2023)
844,,,,,RDO No. 81 - Cebu City North.xlsx,Sheet 6 (DO 054-2023)
845,,,,,RDO No. 81 - Cebu City North.xlsx,Sheet 6 (DO 054-2023)
846,,,,,RDO No. 81 - Cebu City North.xlsx,Sheet 6 (DO 054-2023)
847,ALL STREETS,,ALL STREETS,,RDO No. 81 - Cebu City North.xlsx,Sheet 6 (DO 054-2023)
848,GEN. MAXILOM AVENUE,,GEN. MAXILOM AVENUE,,RDO No. 81 - Cebu City North.xlsx,Sheet 6 (DO 054-2023)
849,ACCESS ROAD TO AYALA,,ACCESS ROAD TO AYALA,,RDO No. 81 - Cebu City North.xlsx,Sheet 6 (DO 054-2023)
850,ROAD TO HIPODROMO,,ROAD TO HIPODROMO,,RDO No. 81 - Cebu City North.xlsx,Sheet 6 (DO 054-2023)
851,,,,,RDO No. 81 - Cebu City North.xlsx,Sheet 6 (DO 054-2023)
852,ALL OTHER STREETS,,ALL OTHER STREETS,,RDO No. 81 - Cebu City North.xlsx,Sheet 6 (DO 054-2023)
853,,,,,RDO No. 81 - Cebu City North.xlsx,Sheet 6 (DO 054-2023)
854,,,,,RDO No. 81 - Cebu City North.xlsx,Sheet 6 (DO 054-2023)
855,SUBDIVISIONS,,SUBDIVISIONS,,RDO No. 81 - Cebu City North.xlsx,Sheet 6 (DO 054-2023)
856,HIPODROMO VILLAGE,,HIPODROMO VILLAGE,,RDO No. 81 - Cebu City North.xlsx,Sheet 6 (DO 054-2023)
857,,,,,RDO No. 81 - Cebu City North.xlsx,Sheet 6 (DO 054-2023)
858,,,,,RDO No. 81 - Cebu City North.xlsx,Sheet 6 (DO 054-2023)
859,CONDOMINIUMS,,CONDOMINIUMS,,RDO No. 81 - Cebu City North.xlsx,Sheet 6 (DO 054-2023)
860,1016 RESIDENCES,,1016 RESIDENCES,1016.0,RDO No. 81 - Cebu City North.xlsx,Sheet 6 (DO 054-2023)
861,1016 RESIDENCES,,1016 RESIDENCES,1016.0,RDO No. 81 - Cebu City North.xlsx,Sheet 6 (DO 054-2023)
862,1016 RESIDENCES,,1016 RESIDENCES,1016.0,RDO No. 81 - Cebu City North.xlsx,Sheet 6 (DO 054-2023)
863,ALL ASIA PROPERTIES CONDO,,ALL ASIA PROPERTIES CONDO,,RDO No. 81 - Cebu City North.xlsx,Sheet 6 (DO 054-2023)
864,AVALON CONDO,,AVALON CONDO,,RDO No. 81 - Cebu City North.xlsx,Sheet 6 (DO 054-2023)
865,AVALON CONDO,,AVALON CONDO,,RDO No. 81 - Cebu City North.xlsx,Sheet 6 (DO 054-2023)
866,AYALA FGU,,AYALA FGU,,RDO No. 81 - Cebu City North.xlsx,Sheet 6 (DO 054-2023)
867,AYALA FGU,,AYALA FGU,,RDO No. 81 - Cebu City North.xlsx,Sheet 6 (DO 054-2023)
868,CALYX RESIDENCES,,CALYX RESIDENCES,,RDO No. 81 - Cebu City North.xlsx,Sheet 6 (DO 054-2023)
869,CALYX RESIDENCES,,CALYX RESIDENCES,,RDO No. 81 - Cebu City North.xlsx,Sheet 6 (DO 054-2023)
870,CEBU BUSINESS CENTER,,CEBU BUSINESS CENTER,,RDO No. 81 - Cebu City North.xlsx,Sheet 6 (DO 054-2023)
871,CEBU FINANCIAL TOWER,,CEBU FINANCIAL TOWER,,RDO No. 81 - Cebu City North.xlsx,Sheet 6 (DO 054-2023)
872,CEBU HOLDING CENTER,,CEBU HOLDING CENTER,,RDO No. 81 - Cebu City North.xlsx,Sheet 6 (DO 054-2023)
873,FIRST ABACUS FINANCIAL TOWER CONDO,,FIRST ABACUS FINANCIAL TOWER CONDO,,RDO No. 81 - Cebu City North.xlsx,Sheet 6 (DO 054-2023)
874,KEPPEL CENTER CONDOMINIUM(MONTE DE PEIDAD CONDO),,KEPPEL CENTER CONDOMINIUM(MONTE DE PEIDAD CONDO),,RDO No. 81 - Cebu City North.xlsx,Sheet 6 (DO 054-2023)
875,KEPPEL CENTER CONDOMINIUM(MONTE DE PEIDAD CONDO),,KEPPEL CENTER CONDOMINIUM(MONTE DE PEIDAD CONDO),,RDO No. 81 - Cebu City North.xlsx,Sheet 6 (DO 054-2023)
876,Province,,Province,,RDO No. 81 - Cebu City North.xlsx,Sheet 6 (DO 054-2023)
877,City/Municipality,,City/Municipality,,RDO No. 81 - Cebu City North.xlsx,Sheet 6 (DO 054-2023)
878,Barangay,,Barangay,,RDO No. 81 - Cebu City North.xlsx,Sheet 6 (DO 054-2023)
879,,,,,RDO No. 81 - Cebu City North.xlsx,Sheet 6 (DO 054-2023)
880,STREET NAME / SUBDIVISION/CONDOMINIUM,,STREET NAME / SUBDIVISION/CONDOMINIUM,,RDO No. 81 - Cebu City North.xlsx,Sheet 6 (DO 054-2023)
881,,,,,RDO No. 81 - Cebu City North.xlsx,Sheet 6 (DO 054-2023)
882,,,,,RDO No. 81 - Cebu City North.xlsx,Sheet 6 (DO 054-2023)
883,LUCIMA RESIDENCES,,LUCIMA RESIDENCES,,RDO No. 81 - Cebu City North.xlsx,Sheet 6 (DO 054-2023)
884,LUCIMA RESIDENCES,,LUCIMA RESIDENCES,,RDO No. 81 - Cebu City North.xlsx,Sheet 6 (DO 054-2023)
885,LUCIMA RESIDENCES,,LUCIMA RESIDENCES,,RDO No. 81 - Cebu City North.xlsx,Sheet 6 (DO 054-2023)
886,PARK POINT RESIDENCES CONDO,,PARK POINT RESIDENCES CONDO,,RDO No. 81 - Cebu City North.xlsx,Sheet 6 (DO 054-2023)
887,PARK POINT RESIDENCES CONDO,,PARK POINT RESIDENCES CONDO,,RDO No. 81 - Cebu City North.xlsx,Sheet 6 (DO 054-2023)
888,PARK TOWER CONDOMINIUM I & II,,PARK TOWER CONDOMINIUM I & II,,RDO No. 81 - Cebu City North.xlsx,Sheet 6 (DO 054-2023)
889,SEDONA PARC BY ALVEO,,SEDONA PARC BY ALVEO,,RDO No. 81 - Cebu City North.xlsx,Sheet 6 (DO 054-2023)
890,SEDONA PARC BY ALVEO,,SEDONA PARC BY ALVEO,,RDO No. 81 - Cebu City North.xlsx,Sheet 6 (DO 054-2023)
891,SEDONA PARC BY ALVEO,,SEDONA PARC BY ALVEO,,RDO No. 81 - Cebu City North.xlsx,Sheet 6 (DO 054-2023)
892,SOLINEA TOWERS 1 TO 5,,SOLINEA TOWERS 1 TO 5,15.0,RDO No. 81 - Cebu City North.xlsx,Sheet 6 (DO 054-2023)
893,SOLINEA TOWERS 1 TO 5,,SOLINEA TOWERS 1 TO 5,15.0,RDO No. 81 - Cebu City North.xlsx,Sheet 6 (DO 054-2023)
894,SOLINEA TOWERS 1 TO 5,,SOLINEA TOWERS 1 TO 5,15.0,RDO No. 81 - Cebu City North.xlsx,Sheet 6 (DO 054-2023)
895,THE ALCOVES AYALA PREMIER,,THE ALCOVES AYALA PREMIER,,RDO No. 81 - Cebu City North.xlsx,Sheet 6 (DO 054-2023)
896,THE ALCOVES AYALA PREMIER,,THE ALCOVES AYALA PREMIER,,RDO No. 81 - Cebu City North.xlsx,Sheet 6 (DO 054-2023)
897,THE ALCOVES AYALA PREMIER,,THE ALCOVES AYALA PREMIER,,RDO No. 81 - Cebu City North.xlsx,Sheet 6 (DO 054-2023)
898,ALL OTHER CONDOMINIUMS,,ALL OTHER CONDOMINIUMS,,RDO No. 81 - Cebu City North.xlsx,Sheet 6 (DO 054-2023)
899,ALL OTHER CONDOMINIUMS,,ALL OTHER CONDOMINIUMS,,RDO No. 81 - Cebu City North.xlsx,Sheet 6 (DO 054-2023)
900,ALL OTHER CONDOMINIUMS,,ALL OTHER CONDOMINIUMS,,RDO No. 81 - Cebu City North.xlsx,Sheet 6 (DO 054-2023)
901,INDUSTRIAL AREAS,,INDUSTRIAL AREAS,,RDO No. 81 - Cebu City North.xlsx,Sheet 6 (DO 054-2023)
902,AGRICULTURAL AREAS,,AGRICULTURAL AREAS,,RDO No. 81 - Cebu City North.xlsx,Sheet 6 (DO 054-2023)
903,*          New,,*          New,,RDO No. 81 - Cebu City North.xlsx,Sheet 6 (DO 054-2023)
904,**       For deletion,,**       For deletion,,RDO No. 81 - Cebu City North.xlsx,Sheet 6 (DO 054-2023)
905,***   Transferred to (Name of barangay),,***   Transferred to (Name of barangay),,RDO No. 81 - Cebu City North.xlsx,Sheet 6 (DO 054-2023)
906,****  Transferred from Brgy. Kamputhaw,,****  Transferred from Brgy. Kamputhaw,,RDO No. 81 - Cebu City North.xlsx,Sheet 6 (DO 054-2023)
907,*****  Transferred from Brgy. Mabolo,,*****  Transferred from Brgy. Mabolo,,RDO No. 81 - Cebu City North.xlsx,Sheet 6 (DO 054-2023)
908,******  Transferred from Brgy. Luz and Brgy. Mabolo,,******  Transferred from Brgy. Luz and Brgy. Mabolo,,RDO No. 81 - Cebu City North.xlsx,Sheet 6 (DO 054-2023)
909,*******  Transferred from Brgy. Luz,,*******  Transferred from Brgy. Luz,,RDO No. 81 - Cebu City North.xlsx,Sheet 6 (DO 054-2023)
910,,,,,RDO No. 81 - Cebu City North.xlsx,Sheet 6 (DO 054-2023)
911,Province,,Province,,RDO No. 81 - Cebu City North.xlsx,Sheet 6 (DO 054-2023)
912,,,,,RDO No. 81 - Cebu City North.xlsx,Sheet 6 (DO 054-2023)
913,City/Municipality,,City/Municipality,,RDO No. 81 - Cebu City North.xlsx,Sheet 6 (DO 054-2023)
914,,,,,RDO No. 81 - Cebu City North.xlsx,Sheet 6 (DO 054-2023)
915,Barangay,,Barangay,,RDO No. 81 - Cebu City North.xlsx,Sheet 6 (DO 054-2023)
916,,,,,RDO No. 81 - Cebu City North.xlsx,Sheet 6 (DO 054-2023)
917,STREET NAME / SUBDIVISION/CONDOMINIUM,,STREET NAME / SUBDIVISION/CONDOMINIUM,,RDO No. 81 - Cebu City North.xlsx,Sheet 6 (DO 054-2023)
918,,,,,RDO No. 81 - Cebu City North.xlsx,Sheet 6 (DO 054-2023)
919,,,,,RDO No. 81 - Cebu City North.xlsx,Sheet 6 (DO 054-2023)
920,STREETS,,STREETS,,RDO No. 81 - Cebu City North.xlsx,Sheet 6 (DO 054-2023)
921,SANCIANGKO ST,,SANCIANGKO ST,,RDO No. 81 - Cebu City North.xlsx,Sheet 6 (DO 054-2023)
922,COLON ST,,COLON ST,,RDO No. 81 - Cebu City North.xlsx,Sheet 6 (DO 054-2023)
923,PRES. OSMENA BLVD,,PRES. OSMENA BLVD,,RDO No. 81 - Cebu City North.xlsx,Sheet 6 (DO 054-2023)
924,PELAEZ ST,,PELAEZ ST,,RDO No. 81 - Cebu City North.xlsx,Sheet 6 (DO 054-2023)
925,GEN JUNQUERA ST,,GEN JUNQUERA ST,,RDO No. 81 - Cebu City North.xlsx,Sheet 6 (DO 054-2023)
926,ALL OTHER STREETS,,ALL OTHER STREETS,,RDO No. 81 - Cebu City North.xlsx,Sheet 6 (DO 054-2023)
927,INTERIOR AREAS,,INTERIOR AREAS,,RDO No. 81 - Cebu City North.xlsx,Sheet 6 (DO 054-2023)
928,,,,,RDO No. 81 - Cebu City North.xlsx,Sheet 6 (DO 054-2023)
929,CONDOMINIUMS / TOWNHOUSES,,CONDOMINIUMS / TOWNHOUSES,,RDO No. 81 - Cebu City North.xlsx,Sheet 6 (DO 054-2023)
930,148 RESIDENCES (JOHNDORF),,148 RESIDENCES (JOHNDORF),148.0,RDO No. 81 - Cebu City North.xlsx,Sheet 6 (DO 054-2023)
931,,,,,RDO No. 81 - Cebu City North.xlsx,Sheet 6 (DO 054-2023)
932,,,,,RDO No. 81 - Cebu City North.xlsx,Sheet 6 (DO 054-2023)
933,ALL OTHER CONDOMINIUMS,,ALL OTHER CONDOMINIUMS,,RDO No. 81 - Cebu City North.xlsx,Sheet 6 (DO 054-2023)
934,,,,,RDO No. 81 - Cebu City North.xlsx,Sheet 6 (DO 054-2023)
935,,,,,RDO No. 81 - Cebu City North.xlsx,Sheet 6 (DO 054-2023)
936,*   New,,*   New,,RDO No. 81 - Cebu City North.xlsx,Sheet 6 (DO 054-2023)
937,,,,,RDO No. 81 - Cebu City North.xlsx,Sheet 6 (DO 054-2023)
938,Province,,Province,,RDO No. 81 - Cebu City North.xlsx,Sheet 6 (DO 054-2023)
939,City/Municipality,,City/Municipality,,RDO No. 81 - Cebu City North.xlsx,Sheet 6 (DO 054-2023)
940,Barangay,,Barangay,,RDO No. 81 - Cebu City North.xlsx,Sheet 6 (DO 054-2023)
941,,,,,RDO No. 81 - Cebu City North.xlsx,Sheet 6 (DO 054-2023)
942,STREET NAME / SUBDIVISION/CONDOMINIUM,,STREET NAME / SUBDIVISION/CONDOMINIUM,,RDO No. 81 - Cebu City North.xlsx,Sheet 6 (DO 054-2023)
943,,,,,RDO No. 81 - Cebu City North.xlsx,Sheet 6 (DO 054-2023)
944,,,,,RDO No. 81 - Cebu City North.xlsx,Sheet 6 (DO 054-2023)
945,,,,,RDO No. 81 - Cebu City North.xlsx,Sheet 6 (DO 054-2023)
946,STREETS,,STREETS,,RDO No. 81 - Cebu City North.xlsx,Sheet 6 (DO 054-2023)
947,D JAKOSALEM ST,,D JAKOSALEM ST,,RDO No. 81 - Cebu City North.xlsx,Sheet 6 (DO 054-2023)
948,,,,,RDO No. 81 - Cebu City North.xlsx,Sheet 6 (DO 054-2023)
949,,,,,RDO No. 81 - Cebu City North.xlsx,Sheet 6 (DO 054-2023)
950,DON PEDRO CUI EXT,,DON PEDRO CUI EXT,,RDO No. 81 - Cebu City North.xlsx,Sheet 6 (DO 054-2023)
951,JUNQUERA ST,,JUNQUERA ST,,RDO No. 81 - Cebu City North.xlsx,Sheet 6 (DO 054-2023)
952,P DEL ROSARIO ST,,P DEL ROSARIO ST,,RDO No. 81 - Cebu City North.xlsx,Sheet 6 (DO 054-2023)
953,,,,,RDO No. 81 - Cebu City North.xlsx,Sheet 6 (DO 054-2023)
954,PELAEZ ST,,PELAEZ ST,,RDO No. 81 - Cebu City North.xlsx,Sheet 6 (DO 054-2023)
955,,,,,RDO No. 81 - Cebu City North.xlsx,Sheet 6 (DO 054-2023)
956,,,,,RDO No. 81 - Cebu City North.xlsx,Sheet 6 (DO 054-2023)
957,PRES OSMENA BLVD,,PRES OSMENA BLVD,,RDO No. 81 - Cebu City North.xlsx,Sheet 6 (DO 054-2023)
958,SANCIANGKO ST,,SANCIANGKO ST,,RDO No. 81 - Cebu City North.xlsx,Sheet 6 (DO 054-2023)
959,,,,,RDO No. 81 - Cebu City North.xlsx,Sheet 6 (DO 054-2023)
960,ALL OTHER STREETS,,ALL OTHER STREETS,,RDO No. 81 - Cebu City North.xlsx,Sheet 6 (DO 054-2023)
961,INTERIOR AREAS,,INTERIOR AREAS,,RDO No. 81 - Cebu City North.xlsx,Sheet 6 (DO 054-2023)
962,,,,,RDO No. 81 - Cebu City North.xlsx,Sheet 6 (DO 054-2023)
963,,,,,RDO No. 81 - Cebu City North.xlsx,Sheet 6 (DO 054-2023)
964,*   New,,*   New,,RDO No. 81 - Cebu City North.xlsx,Sheet 6 (DO 054-2023)
965,** For deletion,,** For deletion,,RDO No. 81 - Cebu City North.xlsx,Sheet 6 (DO 054-2023)
966,,,,,RDO No. 81 - Cebu City North.xlsx,Sheet 6 (DO 054-2023)
967,,,,,RDO No. 81 - Cebu City North.xlsx,Sheet 6 (DO 054-2023)
968,Province,,Province,,RDO No. 81 - Cebu City North.xlsx,Sheet 6 (DO 054-2023)
969,City/Municipality,,City/Municipality,,RDO No. 81 - Cebu City North.xlsx,Sheet 6 (DO 054-2023)
970,Barangay,,Barangay,,RDO No. 81 - Cebu City North.xlsx,Sheet 6 (DO 054-2023)
971,,,,,RDO No. 81 - Cebu City North.xlsx,Sheet 6 (DO 054-2023)
972,STREET NAME / SUBDIVISION/CONDOMINIUM,,STREET NAME / SUBDIVISION/CONDOMINIUM,,RDO No. 81 - Cebu City North.xlsx,Sheet 6 (DO 054-2023)
973,,,,,RDO No. 81 - Cebu City North.xlsx,Sheet 6 (DO 054-2023)
974,,,,,RDO No. 81 - Cebu City North.xlsx,Sheet 6 (DO 054-2023)
975,STREETS,,STREETS,,RDO No. 81 - Cebu City North.xlsx,Sheet 6 (DO 054-2023)
976,A MORALES,,A MORALES,,RDO No. 81 - Cebu City North.xlsx,Sheet 6 (DO 054-2023)
977,A TOJONG,,A TOJONG,,RDO No. 81 - Cebu City North.xlsx,Sheet 6 (DO 054-2023)
978,ABANDONED ROAD,,ABANDONED ROAD,,RDO No. 81 - Cebu City North.xlsx,Sheet 6 (DO 054-2023)
979,,,,,RDO No. 81 - Cebu City North.xlsx,Sheet 6 (DO 054-2023)
980,ACACIA ST,,ACACIA ST,,RDO No. 81 - Cebu City North.xlsx,Sheet 6 (DO 054-2023)
981,,,,,RDO No. 81 - Cebu City North.xlsx,Sheet 6 (DO 054-2023)
982,ALONG MAGELLAN HOTEL,,ALONG MAGELLAN HOTEL,,RDO No. 81 - Cebu City North.xlsx,Sheet 6 (DO 054-2023)
983,,,,,RDO No. 81 - Cebu City North.xlsx,Sheet 6 (DO 054-2023)
984,,,,,RDO No. 81 - Cebu City North.xlsx,Sheet 6 (DO 054-2023)
985,,,,,RDO No. 81 - Cebu City North.xlsx,Sheet 6 (DO 054-2023)
986,,,,,RDO No. 81 - Cebu City North.xlsx,Sheet 6 (DO 054-2023)
987,,,,,RDO No. 81 - Cebu City North.xlsx,Sheet 6 (DO 054-2023)
988,ACCESS RD CEBU BUS. PARK,,ACCESS RD CEBU BUS. PARK,,RDO No. 81 - Cebu City North.xlsx,Sheet 6 (DO 054-2023)
989,ACCESS RD TO AYALA,,ACCESS RD TO AYALA,,RDO No. 81 - Cebu City North.xlsx,Sheet 6 (DO 054-2023)
990,APITONG ST,,APITONG ST,,RDO No. 81 - Cebu City North.xlsx,Sheet 6 (DO 054-2023)
991,ACCESS RD CEBU BUS. PARK,,ACCESS RD CEBU BUS. PARK,,RDO No. 81 - Cebu City North.xlsx,Sheet 6 (DO 054-2023)
992,ARCH REYES,,ARCH REYES,,RDO No. 81 - Cebu City North.xlsx,Sheet 6 (DO 054-2023)
993,CS ROSAL ST,,CS ROSAL ST,,RDO No. 81 - Cebu City North.xlsx,Sheet 6 (DO 054-2023)
994,CEBU BUSINESS PARK,,CEBU BUSINESS PARK,,RDO No. 81 - Cebu City North.xlsx,Sheet 6 (DO 054-2023)
995,D JAKOSALEM ST,,D JAKOSALEM ST,,RDO No. 81 - Cebu City North.xlsx,Sheet 6 (DO 054-2023)
996,DON JOSE AVILA ST,,DON JOSE AVILA ST,,RDO No. 81 - Cebu City North.xlsx,Sheet 6 (DO 054-2023)
997,,,,,RDO No. 81 - Cebu City North.xlsx,Sheet 6 (DO 054-2023)
998,,,,,RDO No. 81 - Cebu City North.xlsx,Sheet 6 (DO 054-2023)
999,,,,,RDO No. 81 - Cebu City North.xlsx,Sheet 6 (DO 054-2023)
1000,DORIA SOLON PVT ROAD,,DORIA SOLON PVT ROAD,,RDO No. 81 - Cebu City North.xlsx,Sheet 6 (DO 054-2023)
1001,,,,,RDO No. 81 - Cebu City North.xlsx,Sheet 6 (DO 054-2023)
1002,DR. L. TOJONG ST (TINDALO ST),,DR. L. TOJONG ST (TINDALO ST),,RDO No. 81 - Cebu City North.xlsx,Sheet 6 (DO 054-2023)
1003,,,,,RDO No. 81 - Cebu City North.xlsx,Sheet 6 (DO 054-2023)
1004,ELIZABETH POND ST,,ELIZABETH POND ST,,RDO No. 81 - Cebu City North.xlsx,Sheet 6 (DO 054-2023)
1005,ELIZABETH POND EXT,,ELIZABETH POND EXT,,RDO No. 81 - Cebu City North.xlsx,Sheet 6 (DO 054-2023)
1006,,,,,RDO No. 81 - Cebu City North.xlsx,Sheet 6 (DO 054-2023)
1007,FATHER R. RHAMAN ST,,FATHER R. RHAMAN ST,,RDO No. 81 - Cebu City North.xlsx,Sheet 6 (DO 054-2023)
1008,GEN MAXILOM ST,,GEN MAXILOM ST,,RDO No. 81 - Cebu City North.xlsx,Sheet 6 (DO 054-2023)
1009,,,,,RDO No. 81 - Cebu City North.xlsx,Sheet 6 (DO 054-2023)
1010,,,,,RDO No. 81 - Cebu City North.xlsx,Sheet 6 (DO 054-2023)
1011,GONZALES PVT ROAD,,GONZALES PVT ROAD,,RDO No. 81 - Cebu City North.xlsx,Sheet 6 (DO 054-2023)
1012,GORORDO AVE,,GORORDO AVE,,RDO No. 81 - Cebu City North.xlsx,Sheet 6 (DO 054-2023)
1013,,,,,RDO No. 81 - Cebu City North.xlsx,Sheet 6 (DO 054-2023)
1014,JOSE R. REYES ST,,JOSE R. REYES ST,,RDO No. 81 - Cebu City North.xlsx,Sheet 6 (DO 054-2023)
1015,Province,,Province,,RDO No. 81 - Cebu City North.xlsx,Sheet 6 (DO 054-2023)
1016,City/Municipality,,City/Municipality,,RDO No. 81 - Cebu City North.xlsx,Sheet 6 (DO 054-2023)
1017,Barangay,,Barangay,,RDO No. 81 - Cebu City North.xlsx,Sheet 6 (DO 054-2023)
1018,,,,,RDO No. 81 - Cebu City North.xlsx,Sheet 6 (DO 054-2023)
1019,STREET NAME / SUBDIVISION/CONDOMINIUM,,STREET NAME / SUBDIVISION/CONDOMINIUM,,RDO No. 81 - Cebu City North.xlsx,Sheet 6 (DO 054-2023)
1020,,,,,RDO No. 81 - Cebu City North.xlsx,Sheet 6 (DO 054-2023)
1021,,,,,RDO No. 81 - Cebu City North.xlsx,Sheet 6 (DO 054-2023)
1022,JUANA OSMENA ST,,JUANA OSMENA ST,,RDO No. 81 - Cebu City North.xlsx,Sheet 6 (DO 054-2023)
1023,,,,,RDO No. 81 - Cebu City North.xlsx,Sheet 6 (DO 054-2023)
1024,,,,,RDO No. 81 - Cebu City North.xlsx,Sheet 6 (DO 054-2023)
1025,,,,,RDO No. 81 - Cebu City North.xlsx,Sheet 6 (DO 054-2023)
1026,,,,,RDO No. 81 - Cebu City North.xlsx,Sheet 6 (DO 054-2023)
1027,,,,,RDO No. 81 - Cebu City North.xlsx,Sheet 6 (DO 054-2023)
1028,,,,,RDO No. 81 - Cebu City North.xlsx,Sheet 6 (DO 054-2023)
1029,JUANA OSMENA EXT 1-4,,JUANA OSMENA EXT 1-4,,RDO No. 81 - Cebu City North.xlsx,Sheet 6 (DO 054-2023)
1030,,,,,RDO No. 81 - Cebu City North.xlsx,Sheet 6 (DO 054-2023)
1031,KAMAGONG ST,,KAMAGONG ST,,RDO No. 81 - Cebu City North.xlsx,Sheet 6 (DO 054-2023)
1032,,,,,RDO No. 81 - Cebu City North.xlsx,Sheet 6 (DO 054-2023)
1033,GUTIANUY ST,,GUTIANUY ST,,RDO No. 81 - Cebu City North.xlsx,Sheet 6 (DO 054-2023)
1034,MA CRISTINA ST,,MA CRISTINA ST,,RDO No. 81 - Cebu City North.xlsx,Sheet 6 (DO 054-2023)
1035,MANALO ST,,MANALO ST,,RDO No. 81 - Cebu City North.xlsx,Sheet 6 (DO 054-2023)
1036,MARIPOSA ST,,MARIPOSA ST,,RDO No. 81 - Cebu City North.xlsx,Sheet 6 (DO 054-2023)
1037,,,,,RDO No. 81 - Cebu City North.xlsx,Sheet 6 (DO 054-2023)
1038,MIDDLE (MEDDLE)ROAD,,MIDDLE (MEDDLE)ROAD,,RDO No. 81 - Cebu City North.xlsx,Sheet 6 (DO 054-2023)
1039,MOLAVE ST,,MOLAVE ST,,RDO No. 81 - Cebu City North.xlsx,Sheet 6 (DO 054-2023)
1040,,,,,RDO No. 81 - Cebu City North.xlsx,Sheet 6 (DO 054-2023)
1041,MONTALBAN SUBD,,MONTALBAN SUBD,,RDO No. 81 - Cebu City North.xlsx,Sheet 6 (DO 054-2023)
1042,,,,,RDO No. 81 - Cebu City North.xlsx,Sheet 6 (DO 054-2023)
1043,NC ESCARIO ST,,NC ESCARIO ST,,RDO No. 81 - Cebu City North.xlsx,Sheet 6 (DO 054-2023)
1044,,,,,RDO No. 81 - Cebu City North.xlsx,Sheet 6 (DO 054-2023)
1045,,,,,RDO No. 81 - Cebu City North.xlsx,Sheet 6 (DO 054-2023)
1046,NC ESCARIO EXT 1-3,,NC ESCARIO EXT 1-3,,RDO No. 81 - Cebu City North.xlsx,Sheet 6 (DO 054-2023)
1047,,,,,RDO No. 81 - Cebu City North.xlsx,Sheet 6 (DO 054-2023)
1048,QUEENS ROAD,,QUEENS ROAD,,RDO No. 81 - Cebu City North.xlsx,Sheet 6 (DO 054-2023)
1049,,,,,RDO No. 81 - Cebu City North.xlsx,Sheet 6 (DO 054-2023)
1050,QUEENS ROAD EXT,,QUEENS ROAD EXT,,RDO No. 81 - Cebu City North.xlsx,Sheet 6 (DO 054-2023)
1051,R ABOITIZ,,R ABOITIZ,,RDO No. 81 - Cebu City North.xlsx,Sheet 6 (DO 054-2023)
1052,,,,,RDO No. 81 - Cebu City North.xlsx,Sheet 6 (DO 054-2023)
1053,RD TO MAGELLAN HOTEL,,RD TO MAGELLAN HOTEL,,RDO No. 81 - Cebu City North.xlsx,Sheet 6 (DO 054-2023)
1054,RD TO PERPETUAL SUC HOSP,,RD TO PERPETUAL SUC HOSP,,RDO No. 81 - Cebu City North.xlsx,Sheet 6 (DO 054-2023)
1055,ROAD TO PUROK,,ROAD TO PUROK,,RDO No. 81 - Cebu City North.xlsx,Sheet 6 (DO 054-2023)
1056,,,,,RDO No. 81 - Cebu City North.xlsx,Sheet 6 (DO 054-2023)
1057,SANCIANGKO ST,,SANCIANGKO ST,,RDO No. 81 - Cebu City North.xlsx,Sheet 6 (DO 054-2023)
1058,SUNRISE ST,,SUNRISE ST,,RDO No. 81 - Cebu City North.xlsx,Sheet 6 (DO 054-2023)
1059,,,,,RDO No. 81 - Cebu City North.xlsx,Sheet 6 (DO 054-2023)
1060,UNCHUAN ST,,UNCHUAN ST,,RDO No. 81 - Cebu City North.xlsx,Sheet 6 (DO 054-2023)
1061,,,,,RDO No. 81 - Cebu City North.xlsx,Sheet 6 (DO 054-2023)
1062,WALING-WALING,,WALING-WALING,,RDO No. 81 - Cebu City North.xlsx,Sheet 6 (DO 054-2023)
1063,ALL OTHER STREETS,,ALL OTHER STREETS,,RDO No. 81 - Cebu City North.xlsx,Sheet 6 (DO 054-2023)
1064,,,,,RDO No. 81 - Cebu City North.xlsx,Sheet 6 (DO 054-2023)
1065,Province,,Province,,RDO No. 81 - Cebu City North.xlsx,Sheet 6 (DO 054-2023)
1066,City/Municipality,,City/Municipality,,RDO No. 81 - Cebu City North.xlsx,Sheet 6 (DO 054-2023)
1067,Barangay,,Barangay,,RDO No. 81 - Cebu City North.xlsx,Sheet 6 (DO 054-2023)
1068,,,,,RDO No. 81 - Cebu City North.xlsx,Sheet 6 (DO 054-2023)
1069,STREET NAME / SUBDIVISION/CONDOMINIUM,,STREET NAME / SUBDIVISION/CONDOMINIUM,,RDO No. 81 - Cebu City North.xlsx,Sheet 6 (DO 054-2023)
1070,,,,,RDO No. 81 - Cebu City North.xlsx,Sheet 6 (DO 054-2023)
1071,,,,,RDO No. 81 - Cebu City North.xlsx,Sheet 6 (DO 054-2023)
1072,,,,,RDO No. 81 - Cebu City North.xlsx,Sheet 6 (DO 054-2023)
1073,SUBDIVISIONS / COMPOUNDS,,SUBDIVISIONS / COMPOUNDS,,RDO No. 81 - Cebu City North.xlsx,Sheet 6 (DO 054-2023)
1074,ALU COMPOUND,,ALU COMPOUND,,RDO No. 81 - Cebu City North.xlsx,Sheet 6 (DO 054-2023)
1075,CASING COMPOUND,,CASING COMPOUND,,RDO No. 81 - Cebu City North.xlsx,Sheet 6 (DO 054-2023)
1076,DIGNOS COMPOUND,,DIGNOS COMPOUND,,RDO No. 81 - Cebu City North.xlsx,Sheet 6 (DO 054-2023)
1077,GONZALES COMPOUND,,GONZALES COMPOUND,,RDO No. 81 - Cebu City North.xlsx,Sheet 6 (DO 054-2023)
1078,GONZALES SUBD,,GONZALES SUBD,,RDO No. 81 - Cebu City North.xlsx,Sheet 6 (DO 054-2023)
1079,MARTINEZ COMPOUND,,MARTINEZ COMPOUND,,RDO No. 81 - Cebu City North.xlsx,Sheet 6 (DO 054-2023)
1080,CAPITOL RESIDENCES,,CAPITOL RESIDENCES,,RDO No. 81 - Cebu City North.xlsx,Sheet 6 (DO 054-2023)
1081,ALL OTHER SUBDIVISION,,ALL OTHER SUBDIVISION,,RDO No. 81 - Cebu City North.xlsx,Sheet 6 (DO 054-2023)
1082,,,,,RDO No. 81 - Cebu City North.xlsx,Sheet 6 (DO 054-2023)
1083,TOWNHOUSE/CONDOMINIUMS,,TOWNHOUSE/CONDOMINIUMS,,RDO No. 81 - Cebu City North.xlsx,Sheet 6 (DO 054-2023)
1084,GOLDEN PEAK CONDO,,GOLDEN PEAK CONDO,,RDO No. 81 - Cebu City North.xlsx,Sheet 6 (DO 054-2023)
1085,PARKING SLOT,,PARKING SLOT,,RDO No. 81 - Cebu City North.xlsx,Sheet 6 (DO 054-2023)
1086,RICHMOND PLAZA CENTER CONDOTEL,,RICHMOND PLAZA CENTER CONDOTEL,,RDO No. 81 - Cebu City North.xlsx,Sheet 6 (DO 054-2023)
1087,PARKING SLOT,,PARKING SLOT,,RDO No. 81 - Cebu City North.xlsx,Sheet 6 (DO 054-2023)
1088,TRINITY PLAZA TOWER CONDO,,TRINITY PLAZA TOWER CONDO,,RDO No. 81 - Cebu City North.xlsx,Sheet 6 (DO 054-2023)
1089,PARKING SLOT,,PARKING SLOT,,RDO No. 81 - Cebu City North.xlsx,Sheet 6 (DO 054-2023)
1090,SACRIS CONDOMINIUM,,SACRIS CONDOMINIUM,,RDO No. 81 - Cebu City North.xlsx,Sheet 6 (DO 054-2023)
1091,PARKING SLOT,,PARKING SLOT,,RDO No. 81 - Cebu City North.xlsx,Sheet 6 (DO 054-2023)
1092,"WINDLAND TOWER I,II,III",,"WINDLAND TOWER I,II,III",,RDO No. 81 - Cebu City North.xlsx,Sheet 6 (DO 054-2023)
1093,PARKING SLOT,,PARKING SLOT,,RDO No. 81 - Cebu City North.xlsx,Sheet 6 (DO 054-2023)
1094,YALI CONDOMINIUM,,YALI CONDOMINIUM,,RDO No. 81 - Cebu City North.xlsx,Sheet 6 (DO 054-2023)
1095,PARKING SLOT,,PARKING SLOT,,RDO No. 81 - Cebu City North.xlsx,Sheet 6 (DO 054-2023)
1096,BASELINE RESIDENCES/BASELINE CENTER,,BASELINE RESIDENCES/BASELINE CENTER,,RDO No. 81 - Cebu City North.xlsx,Sheet 6 (DO 054-2023)
1097,,,,,RDO No. 81 - Cebu City North.xlsx,Sheet 6 (DO 054-2023)
1098,PARKING SLOT,,PARKING SLOT,,RDO No. 81 - Cebu City North.xlsx,Sheet 6 (DO 054-2023)
1099,VISTA SUAREZ CONDO,,VISTA SUAREZ CONDO,,RDO No. 81 - Cebu City North.xlsx,Sheet 6 (DO 054-2023)
1100,PARKING SLOT,,PARKING SLOT,,RDO No. 81 - Cebu City North.xlsx,Sheet 6 (DO 054-2023)
1101,ST MARK CONDOTEL,,ST MARK CONDOTEL,,RDO No. 81 - Cebu City North.xlsx,Sheet 6 (DO 054-2023)
1102,PARKING SLOT,,PARKING SLOT,,RDO No. 81 - Cebu City North.xlsx,Sheet 6 (DO 054-2023)
1103,AVALON CONDO,,AVALON CONDO,,RDO No. 81 - Cebu City North.xlsx,Sheet 6 (DO 054-2023)
1104,PARKING,,PARKING,,RDO No. 81 - Cebu City North.xlsx,Sheet 6 (DO 054-2023)
1105,SOLINEA LAZULI TOWER 3,,SOLINEA LAZULI TOWER 3,3.0,RDO No. 81 - Cebu City North.xlsx,Sheet 6 (DO 054-2023)
1106,PARKING SPACE,,PARKING SPACE,,RDO No. 81 - Cebu City North.xlsx,Sheet 6 (DO 054-2023)
1107,GRAND CENIA TOWER,,GRAND CENIA TOWER,,RDO No. 81 - Cebu City North.xlsx,Sheet 6 (DO 054-2023)
1108,,,,,RDO No. 81 - Cebu City North.xlsx,Sheet 6 (DO 054-2023)
1109,ATIELER RESIDENCES,,ATIELER RESIDENCES,,RDO No. 81 - Cebu City North.xlsx,Sheet 6 (DO 054-2023)
1110,,,,,RDO No. 81 - Cebu City North.xlsx,Sheet 6 (DO 054-2023)
1111,,,,,RDO No. 81 - Cebu City North.xlsx,Sheet 6 (DO 054-2023)
1112,PARKING SPACE,,PARKING SPACE,,RDO No. 81 - Cebu City North.xlsx,Sheet 6 (DO 054-2023)
1113,AZALEA,,AZALEA,,RDO No. 81 - Cebu City North.xlsx,Sheet 6 (DO 054-2023)
1114,,,,,RDO No. 81 - Cebu City North.xlsx,Sheet 6 (DO 054-2023)
1115,,,,,RDO No. 81 - Cebu City North.xlsx,Sheet 6 (DO 054-2023)
1116,BPI CEBU CORPORATE CENTER,,BPI CEBU CORPORATE CENTER,,RDO No. 81 - Cebu City North.xlsx,Sheet 6 (DO 054-2023)
1117,,,,,RDO No. 81 - Cebu City North.xlsx,Sheet 6 (DO 054-2023)
1118,CITYSCAPE GRAND TOWER,,CITYSCAPE GRAND TOWER,,RDO No. 81 - Cebu City North.xlsx,Sheet 6 (DO 054-2023)
1119,,,,,RDO No. 81 - Cebu City North.xlsx,Sheet 6 (DO 054-2023)
1120,,,,,RDO No. 81 - Cebu City North.xlsx,Sheet 6 (DO 054-2023)
1121,Province,,Province,,RDO No. 81 - Cebu City North.xlsx,Sheet 6 (DO 054-2023)
1122,City/Municipality,,City/Municipality,,RDO No. 81 - Cebu City North.xlsx,Sheet 6 (DO 054-2023)
1123,Barangay,,Barangay,,RDO No. 81 - Cebu City North.xlsx,Sheet 6 (DO 054-2023)
1124,,,,,RDO No. 81 - Cebu City North.xlsx,Sheet 6 (DO 054-2023)
1125,STREET NAME / SUBDIVISION/CONDOMINIUM,,STREET NAME / SUBDIVISION/CONDOMINIUM,,RDO No. 81 - Cebu City North.xlsx,Sheet 6 (DO 054-2023)
1126,,,,,RDO No. 81 - Cebu City North.xlsx,Sheet 6 (DO 054-2023)
1127,,,,,RDO No. 81 - Cebu City North.xlsx,Sheet 6 (DO 054-2023)
1128,CITYSCAPE TOWER 2-JUANA UPTOWN,,CITYSCAPE TOWER 2-JUANA UPTOWN,,RDO No. 81 - Cebu City North.xlsx,Sheet 6 (DO 054-2023)
1129,,,,,RDO No. 81 - Cebu City North.xlsx,Sheet 6 (DO 054-2023)
1130,,,,,RDO No. 81 - Cebu City North.xlsx,Sheet 6 (DO 054-2023)
1131,DIAMOND SUITES AND RESIDENCES (CONDOTEL),,DIAMOND SUITES AND RESIDENCES (CONDOTEL),,RDO No. 81 - Cebu City North.xlsx,Sheet 6 (DO 054-2023)
1132,,,,,RDO No. 81 - Cebu City North.xlsx,Sheet 6 (DO 054-2023)
1133,,,,,RDO No. 81 - Cebu City North.xlsx,Sheet 6 (DO 054-2023)
1134,MARYVILLE CONDOMINIUM,,MARYVILLE CONDOMINIUM,,RDO No. 81 - Cebu City North.xlsx,Sheet 6 (DO 054-2023)
1135,,,,,RDO No. 81 - Cebu City North.xlsx,Sheet 6 (DO 054-2023)
1136,,,,,RDO No. 81 - Cebu City North.xlsx,Sheet 6 (DO 054-2023)
1137,PALACIEGO UNO,,PALACIEGO UNO,,RDO No. 81 - Cebu City North.xlsx,Sheet 6 (DO 054-2023)
1138,,,,,RDO No. 81 - Cebu City North.xlsx,Sheet 6 (DO 054-2023)
1139,,,,,RDO No. 81 - Cebu City North.xlsx,Sheet 6 (DO 054-2023)
1140,THE SUITES AT GORORDO,,THE SUITES AT GORORDO,,RDO No. 81 - Cebu City North.xlsx,Sheet 6 (DO 054-2023)
1141,,,,,RDO No. 81 - Cebu City North.xlsx,Sheet 6 (DO 054-2023)
1142,,,,,RDO No. 81 - Cebu City North.xlsx,Sheet 6 (DO 054-2023)
1143,THE TRILLIUM RESIDENCES,,THE TRILLIUM RESIDENCES,,RDO No. 81 - Cebu City North.xlsx,Sheet 6 (DO 054-2023)
1144,,,,,RDO No. 81 - Cebu City North.xlsx,Sheet 6 (DO 054-2023)
1145,,,,,RDO No. 81 - Cebu City North.xlsx,Sheet 6 (DO 054-2023)
1146,ALL OTHER CONDOMINIUM,,ALL OTHER CONDOMINIUM,,RDO No. 81 - Cebu City North.xlsx,Sheet 6 (DO 054-2023)
1147,"(small and medium, 7 storeys and below)",,"(small and medium, 7 storeys and below)",7.0,RDO No. 81 - Cebu City North.xlsx,Sheet 6 (DO 054-2023)
1148,,,,,RDO No. 81 - Cebu City North.xlsx,Sheet 6 (DO 054-2023)
1149,ALL OTHER CONDOMINIUM,,ALL OTHER CONDOMINIUM,,RDO No. 81 - Cebu City North.xlsx,Sheet 6 (DO 054-2023)
1150,(8 storeys and above),,(8 storeys and above),8.0,RDO No. 81 - Cebu City North.xlsx,Sheet 6 (DO 054-2023)
1151,,,,,RDO No. 81 - Cebu City North.xlsx,Sheet 6 (DO 054-2023)
1152,INDUSTRIAL AREAS,,INDUSTRIAL AREAS,,RDO No. 81 - Cebu City North.xlsx,Sheet 6 (DO 054-2023)
1153,AGRICULTURAL AREAS,,AGRICULTURAL AREAS,,RDO No. 81 - Cebu City North.xlsx,Sheet 6 (DO 054-2023)
1154,*          New,,*          New,,RDO No. 81 - Cebu City North.xlsx,Sheet 6 (DO 054-2023)
1155,**       For deletion,,**       For deletion,,RDO No. 81 - Cebu City North.xlsx,Sheet 6 (DO 054-2023)
1156,***   Transferred to Brgy. Hipodromo,,***   Transferred to Brgy. Hipodromo,,RDO No. 81 - Cebu City North.xlsx,Sheet 6 (DO 054-2023)
1157,****  Transferred from (Name of barangay),,****  Transferred from (Name of barangay),,RDO No. 81 - Cebu City North.xlsx,Sheet 6 (DO 054-2023)
1158,*****  Can also be found in Brgy. Capitol Site,,*****  Can also be found in Brgy. Capitol Site,,RDO No. 81 - Cebu City North.xlsx,Sheet 6 (DO 054-2023)
1159,,,,,RDO No. 81 - Cebu City North.xlsx,Sheet 6 (DO 054-2023)
1160,,,,,RDO No. 81 - Cebu City North.xlsx,Sheet 6 (DO 054-2023)
1161,Province,,Province,,RDO No. 81 - Cebu City North.xlsx,Sheet 6 (DO 054-2023)
1162,City/Municipality,,City/Municipality,,RDO No. 81 - Cebu City North.xlsx,Sheet 6 (DO 054-2023)
1163,Barangay,,Barangay,,RDO No. 81 - Cebu City North.xlsx,Sheet 6 (DO 054-2023)
1164,,,,,RDO No. 81 - Cebu City North.xlsx,Sheet 6 (DO 054-2023)
1165,STREET NAME / SUBDIVISION/CONDOMINIUM,,STREET NAME / SUBDIVISION/CONDOMINIUM,,RDO No. 81 - Cebu City North.xlsx,Sheet 6 (DO 054-2023)
1166,,,,,RDO No. 81 - Cebu City North.xlsx,Sheet 6 (DO 054-2023)
1167,,,,,RDO No. 81 - Cebu City North.xlsx,Sheet 6 (DO 054-2023)
1168,STREETS,,STREETS,,RDO No. 81 - Cebu City North.xlsx,Sheet 6 (DO 054-2023)
1169,ALMENDRAS ST,,ALMENDRAS ST,,RDO No. 81 - Cebu City North.xlsx,Sheet 6 (DO 054-2023)
1170,DIEGO SILANG ST,,DIEGO SILANG ST,,RDO No. 81 - Cebu City North.xlsx,Sheet 6 (DO 054-2023)
1171,EDROS ST,,EDROS ST,,RDO No. 81 - Cebu City North.xlsx,Sheet 6 (DO 054-2023)
1172,F CABAHUG ST,,F CABAHUG ST,,RDO No. 81 - Cebu City North.xlsx,Sheet 6 (DO 054-2023)
1173,,,,,RDO No. 81 - Cebu City North.xlsx,Sheet 6 (DO 054-2023)
1174,,,,,RDO No. 81 - Cebu City North.xlsx,Sheet 6 (DO 054-2023)
1175,FIRST ST,,FIRST ST,,RDO No. 81 - Cebu City North.xlsx,Sheet 6 (DO 054-2023)
1176,SECOND ST,,SECOND ST,,RDO No. 81 - Cebu City North.xlsx,Sheet 6 (DO 054-2023)
1177,,,,,RDO No. 81 - Cebu City North.xlsx,Sheet 6 (DO 054-2023)
1178,THIRD ST,,THIRD ST,,RDO No. 81 - Cebu City North.xlsx,Sheet 6 (DO 054-2023)
1179,FOURTH ST,,FOURTH ST,,RDO No. 81 - Cebu City North.xlsx,Sheet 6 (DO 054-2023)
1180,GO LAM DRIVE ST,,GO LAM DRIVE ST,,RDO No. 81 - Cebu City North.xlsx,Sheet 6 (DO 054-2023)
1181,,,,,RDO No. 81 - Cebu City North.xlsx,Sheet 6 (DO 054-2023)
1182,JUAN LUNA AVE,,JUAN LUNA AVE,,RDO No. 81 - Cebu City North.xlsx,Sheet 6 (DO 054-2023)
1183,GOLDEN SUN DRIVE,,GOLDEN SUN DRIVE,,RDO No. 81 - Cebu City North.xlsx,Sheet 6 (DO 054-2023)
1184,NEW HOME DRIVE,,NEW HOME DRIVE,,RDO No. 81 - Cebu City North.xlsx,Sheet 6 (DO 054-2023)
1185,,,,,RDO No. 81 - Cebu City North.xlsx,Sheet 6 (DO 054-2023)
1186,NEW FRONTIER ST,,NEW FRONTIER ST,,RDO No. 81 - Cebu City North.xlsx,Sheet 6 (DO 054-2023)
1187,OLD ROAD TO TALAMBAN,,OLD ROAD TO TALAMBAN,,RDO No. 81 - Cebu City North.xlsx,Sheet 6 (DO 054-2023)
1188,,,,,RDO No. 81 - Cebu City North.xlsx,Sheet 6 (DO 054-2023)
1189,PRES LAUREL ST,,PRES LAUREL ST,,RDO No. 81 - Cebu City North.xlsx,Sheet 6 (DO 054-2023)
1190,PRES OSMENA ST,,PRES OSMENA ST,,RDO No. 81 - Cebu City North.xlsx,Sheet 6 (DO 054-2023)
1191,PRES QUEZON ST,,PRES QUEZON ST,,RDO No. 81 - Cebu City North.xlsx,Sheet 6 (DO 054-2023)
1192,PRES ROXAS,,PRES ROXAS,,RDO No. 81 - Cebu City North.xlsx,Sheet 6 (DO 054-2023)
1193,PRES AGUINALDO ST,,PRES AGUINALDO ST,,RDO No. 81 - Cebu City North.xlsx,Sheet 6 (DO 054-2023)
1194,PRES QUIRINO ST,,PRES QUIRINO ST,,RDO No. 81 - Cebu City North.xlsx,Sheet 6 (DO 054-2023)
1195,PRES MAGSAYSAY ST,,PRES MAGSAYSAY ST,,RDO No. 81 - Cebu City North.xlsx,Sheet 6 (DO 054-2023)
1196,TANDANG SORA ST.,,TANDANG SORA ST.,,RDO No. 81 - Cebu City North.xlsx,Sheet 6 (DO 054-2023)
1197,T. BERLIN ST,,T. BERLIN ST,,RDO No. 81 - Cebu City North.xlsx,Sheet 6 (DO 054-2023)
1198,TRES BORCES PADRES EXT,,TRES BORCES PADRES EXT,,RDO No. 81 - Cebu City North.xlsx,Sheet 6 (DO 054-2023)
1199,TRES BORCES EXT,,TRES BORCES EXT,,RDO No. 81 - Cebu City North.xlsx,Sheet 6 (DO 054-2023)
1200,ALL OTHER STREETS,,ALL OTHER STREETS,,RDO No. 81 - Cebu City North.xlsx,Sheet 6 (DO 054-2023)
1201,,,,,RDO No. 81 - Cebu City North.xlsx,Sheet 6 (DO 054-2023)
1202,SUBDIVISIONS,,SUBDIVISIONS,,RDO No. 81 - Cebu City North.xlsx,Sheet 6 (DO 054-2023)
1203,AGUSTINE COMPOUND,,AGUSTINE COMPOUND,,RDO No. 81 - Cebu City North.xlsx,Sheet 6 (DO 054-2023)
1204,BAUHINIA SUBD,,BAUHINIA SUBD,,RDO No. 81 - Cebu City North.xlsx,Sheet 6 (DO 054-2023)
1205,ESCANO SUBD,,ESCANO SUBD,,RDO No. 81 - Cebu City North.xlsx,Sheet 6 (DO 054-2023)
1206,GARCIA SUBD,,GARCIA SUBD,,RDO No. 81 - Cebu City North.xlsx,Sheet 6 (DO 054-2023)
1207,GEN LIM,,GEN LIM,,RDO No. 81 - Cebu City North.xlsx,Sheet 6 (DO 054-2023)
1208,GENTLE BREEZE SUBD,,GENTLE BREEZE SUBD,,RDO No. 81 - Cebu City North.xlsx,Sheet 6 (DO 054-2023)
1209,GOV M CUENCO,,GOV M CUENCO,,RDO No. 81 - Cebu City North.xlsx,Sheet 6 (DO 054-2023)
1210,GOLF COUNTRY CLUB,,GOLF COUNTRY CLUB,,RDO No. 81 - Cebu City North.xlsx,Sheet 6 (DO 054-2023)
1211,IPI COMPOUND,,IPI COMPOUND,,RDO No. 81 - Cebu City North.xlsx,Sheet 6 (DO 054-2023)
1212,JARUCHEMIC COMPOUND,,JARUCHEMIC COMPOUND,,RDO No. 81 - Cebu City North.xlsx,Sheet 6 (DO 054-2023)
1213,Province,,Province,,RDO No. 81 - Cebu City North.xlsx,Sheet 6 (DO 054-2023)
1214,City/Municipality,,City/Municipality,,RDO No. 81 - Cebu City North.xlsx,Sheet 6 (DO 054-2023)
1215,Barangay,,Barangay,,RDO No. 81 - Cebu City North.xlsx,Sheet 6 (DO 054-2023)
1216,,,,,RDO No. 81 - Cebu City North.xlsx,Sheet 6 (DO 054-2023)
1217,STREET NAME / SUBDIVISION/CONDOMINIUM,,STREET NAME / SUBDIVISION/CONDOMINIUM,,RDO No. 81 - Cebu City North.xlsx,Sheet 6 (DO 054-2023)
1218,,,,,RDO No. 81 - Cebu City North.xlsx,Sheet 6 (DO 054-2023)
1219,,,,,RDO No. 81 - Cebu City North.xlsx,Sheet 6 (DO 054-2023)
1220,KATIPUNAN LBR CORP SUBD,,KATIPUNAN LBR CORP SUBD,,RDO No. 81 - Cebu City North.xlsx,Sheet 6 (DO 054-2023)
1221,,,,,RDO No. 81 - Cebu City North.xlsx,Sheet 6 (DO 054-2023)
1222,MARTINEZ SUBD,,MARTINEZ SUBD,,RDO No. 81 - Cebu City North.xlsx,Sheet 6 (DO 054-2023)
1223,OUANO SUBD,,OUANO SUBD,,RDO No. 81 - Cebu City North.xlsx,Sheet 6 (DO 054-2023)
1224,,,,,RDO No. 81 - Cebu City North.xlsx,Sheet 6 (DO 054-2023)
1225,PANAGDAIT SUBD,,PANAGDAIT SUBD,,RDO No. 81 - Cebu City North.xlsx,Sheet 6 (DO 054-2023)
1226,,,,,RDO No. 81 - Cebu City North.xlsx,Sheet 6 (DO 054-2023)
1227,PARADISE VILLAGE,,PARADISE VILLAGE,,RDO No. 81 - Cebu City North.xlsx,Sheet 6 (DO 054-2023)
1228,,,,,RDO No. 81 - Cebu City North.xlsx,Sheet 6 (DO 054-2023)
1229,PARAY SUBD,,PARAY SUBD,,RDO No. 81 - Cebu City North.xlsx,Sheet 6 (DO 054-2023)
1230,,,,,RDO No. 81 - Cebu City North.xlsx,Sheet 6 (DO 054-2023)
1231,POTVILLE SUBD,,POTVILLE SUBD,,RDO No. 81 - Cebu City North.xlsx,Sheet 6 (DO 054-2023)
1232,ROAD TO ST MICHAEL SUBD,,ROAD TO ST MICHAEL SUBD,,RDO No. 81 - Cebu City North.xlsx,Sheet 6 (DO 054-2023)
1233,ROAD TO VECO COMPOUND,,ROAD TO VECO COMPOUND,,RDO No. 81 - Cebu City North.xlsx,Sheet 6 (DO 054-2023)
1234,,,,,RDO No. 81 - Cebu City North.xlsx,Sheet 6 (DO 054-2023)
1235,SAN MIGUEL CORP CMPD,,SAN MIGUEL CORP CMPD,,RDO No. 81 - Cebu City North.xlsx,Sheet 6 (DO 054-2023)
1236,,,,,RDO No. 81 - Cebu City North.xlsx,Sheet 6 (DO 054-2023)
1237,ST MICHAEL SUBD,,ST MICHAEL SUBD,,RDO No. 81 - Cebu City North.xlsx,Sheet 6 (DO 054-2023)
1238,,,,,RDO No. 81 - Cebu City North.xlsx,Sheet 6 (DO 054-2023)
1239,STA LUCIA SUBD,,STA LUCIA SUBD,,RDO No. 81 - Cebu City North.xlsx,Sheet 6 (DO 054-2023)
1240,SY LIANCO COMPOUND,,SY LIANCO COMPOUND,,RDO No. 81 - Cebu City North.xlsx,Sheet 6 (DO 054-2023)
1241,,,,,RDO No. 81 - Cebu City North.xlsx,Sheet 6 (DO 054-2023)
1242,VILLA AURORA SUBD,,VILLA AURORA SUBD,,RDO No. 81 - Cebu City North.xlsx,Sheet 6 (DO 054-2023)
1243,,,,,RDO No. 81 - Cebu City North.xlsx,Sheet 6 (DO 054-2023)
1244,YAP COMPOUND,,YAP COMPOUND,,RDO No. 81 - Cebu City North.xlsx,Sheet 6 (DO 054-2023)
1245,ST. JOSEPH VILLAGE,,ST. JOSEPH VILLAGE,,RDO No. 81 - Cebu City North.xlsx,Sheet 6 (DO 054-2023)
1246,ROGA SUBD,,ROGA SUBD,,RDO No. 81 - Cebu City North.xlsx,Sheet 6 (DO 054-2023)
1247,FAIRVIEW VILLAGE,,FAIRVIEW VILLAGE,,RDO No. 81 - Cebu City North.xlsx,Sheet 6 (DO 054-2023)
1248,ALL OTHER  SUBDIVISION,,ALL OTHER  SUBDIVISION,,RDO No. 81 - Cebu City North.xlsx,Sheet 6 (DO 054-2023)
1249,CONDOMINIUMS,,CONDOMINIUMS,,RDO No. 81 - Cebu City North.xlsx,Sheet 6 (DO 054-2023)
1250,EAST AURORA TOWER CONDO,,EAST AURORA TOWER CONDO,,RDO No. 81 - Cebu City North.xlsx,Sheet 6 (DO 054-2023)
1251,,,,,RDO No. 81 - Cebu City North.xlsx,Sheet 6 (DO 054-2023)
1252,GRAND RESIDENCES,,GRAND RESIDENCES,,RDO No. 81 - Cebu City North.xlsx,Sheet 6 (DO 054-2023)
1253,,,,,RDO No. 81 - Cebu City North.xlsx,Sheet 6 (DO 054-2023)
1254,,,,,RDO No. 81 - Cebu City North.xlsx,Sheet 6 (DO 054-2023)
1255,LOT 8 CONDOMINIUM,,LOT 8 CONDOMINIUM,8.0,RDO No. 81 - Cebu City North.xlsx,Sheet 6 (DO 054-2023)
1256,,,,,RDO No. 81 - Cebu City North.xlsx,Sheet 6 (DO 054-2023)
1257,,,,,RDO No. 81 - Cebu City North.xlsx,Sheet 6 (DO 054-2023)
1258,MERIDIAN/AVENIR,,MERIDIAN/AVENIR,,RDO No. 81 - Cebu City North.xlsx,Sheet 6 (DO 054-2023)
1259,,,,,RDO No. 81 - Cebu City North.xlsx,Sheet 6 (DO 054-2023)
1260,,,,,RDO No. 81 - Cebu City North.xlsx,Sheet 6 (DO 054-2023)
1261,ONE OASIS-CEBU INC.,,ONE OASIS-CEBU INC.,,RDO No. 81 - Cebu City North.xlsx,Sheet 6 (DO 054-2023)
1262,,,,,RDO No. 81 - Cebu City North.xlsx,Sheet 6 (DO 054-2023)
1263,PDI CONDOMINIUM,,PDI CONDOMINIUM,,RDO No. 81 - Cebu City North.xlsx,Sheet 6 (DO 054-2023)
1264,,,,,RDO No. 81 - Cebu City North.xlsx,Sheet 6 (DO 054-2023)
1265,ROYAL GARDEN RESIDENCES,,ROYAL GARDEN RESIDENCES,,RDO No. 81 - Cebu City North.xlsx,Sheet 6 (DO 054-2023)
1266,,,,,RDO No. 81 - Cebu City North.xlsx,Sheet 6 (DO 054-2023)
1267,Province,,Province,,RDO No. 81 - Cebu City North.xlsx,Sheet 6 (DO 054-2023)
1268,City/Municipality,,City/Municipality,,RDO No. 81 - Cebu City North.xlsx,Sheet 6 (DO 054-2023)
1269,Barangay,,Barangay,,RDO No. 81 - Cebu City North.xlsx,Sheet 6 (DO 054-2023)
1270,,,,,RDO No. 81 - Cebu City North.xlsx,Sheet 6 (DO 054-2023)
1271,STREET NAME / SUBDIVISION/CONDOMINIUM,,STREET NAME / SUBDIVISION/CONDOMINIUM,,RDO No. 81 - Cebu City North.xlsx,Sheet 6 (DO 054-2023)
1272,,,,,RDO No. 81 - Cebu City North.xlsx,Sheet 6 (DO 054-2023)
1273,,,,,RDO No. 81 - Cebu City North.xlsx,Sheet 6 (DO 054-2023)
1274,SAS CONDOMINIUM,,SAS CONDOMINIUM,,RDO No. 81 - Cebu City North.xlsx,Sheet 6 (DO 054-2023)
1275,,,,,RDO No. 81 - Cebu City North.xlsx,Sheet 6 (DO 054-2023)
1276,TWIN TOWER CONDOMINIUM,,TWIN TOWER CONDOMINIUM,,RDO No. 81 - Cebu City North.xlsx,Sheet 6 (DO 054-2023)
1277,,,,,RDO No. 81 - Cebu City North.xlsx,Sheet 6 (DO 054-2023)
1278,ALL OTHER CONDOMINIUMS,,ALL OTHER CONDOMINIUMS,,RDO No. 81 - Cebu City North.xlsx,Sheet 6 (DO 054-2023)
1279,(7 Storeys and below),,(7 Storeys and below),7.0,RDO No. 81 - Cebu City North.xlsx,Sheet 6 (DO 054-2023)
1280,,,,,RDO No. 81 - Cebu City North.xlsx,Sheet 6 (DO 054-2023)
1281,ALL OTHER CONDOMINIUMS,,ALL OTHER CONDOMINIUMS,,RDO No. 81 - Cebu City North.xlsx,Sheet 6 (DO 054-2023)
1282,(8 storeys and above),,(8 storeys and above),8.0,RDO No. 81 - Cebu City North.xlsx,Sheet 6 (DO 054-2023)
1283,,,,,RDO No. 81 - Cebu City North.xlsx,Sheet 6 (DO 054-2023)
1284,*      New,,*      New,,RDO No. 81 - Cebu City North.xlsx,Sheet 6 (DO 054-2023)
1285,**   For deletion,,**   For deletion,,RDO No. 81 - Cebu City North.xlsx,Sheet 6 (DO 054-2023)
1286,*** Transferred to Brgy. Mabolo,,*** Transferred to Brgy. Mabolo,,RDO No. 81 - Cebu City North.xlsx,Sheet 6 (DO 054-2023)
1287,**** Transferred from Brgy. Mabolo,,**** Transferred from Brgy. Mabolo,,RDO No. 81 - Cebu City North.xlsx,Sheet 6 (DO 054-2023)
1288,,,,,RDO No. 81 - Cebu City North.xlsx,Sheet 6 (DO 054-2023)
1289,,,,,RDO No. 81 - Cebu City North.xlsx,Sheet 6 (DO 054-2023)
1290,Province,,Province,,RDO No. 81 - Cebu City North.xlsx,Sheet 6 (DO 054-2023)
1291,City/Municipality,,City/Municipality,,RDO No. 81 - Cebu City North.xlsx,Sheet 6 (DO 054-2023)
1292,Barangay,,Barangay,,RDO No. 81 - Cebu City North.xlsx,Sheet 6 (DO 054-2023)
1293,,,,,RDO No. 81 - Cebu City North.xlsx,Sheet 6 (DO 054-2023)
1294,STREET NAME / SUBDIVISION/CONDOMINIUM,,STREET NAME / SUBDIVISION/CONDOMINIUM,,RDO No. 81 - Cebu City North.xlsx,Sheet 6 (DO 054-2023)
1295,,,,,RDO No. 81 - Cebu City North.xlsx,Sheet 6 (DO 054-2023)
1296,,,,,RDO No. 81 - Cebu City North.xlsx,Sheet 6 (DO 054-2023)
1297,STREETS,,STREETS,,RDO No. 81 - Cebu City North.xlsx,Sheet 6 (DO 054-2023)
1298,AMON TRADING PORT,,AMON TRADING PORT,,RDO No. 81 - Cebu City North.xlsx,Sheet 6 (DO 054-2023)
1299,ARCH REYES AVE,,ARCH REYES AVE,,RDO No. 81 - Cebu City North.xlsx,Sheet 6 (DO 054-2023)
1300,BUFFALO GOLF COURSE,,BUFFALO GOLF COURSE,,RDO No. 81 - Cebu City North.xlsx,Sheet 6 (DO 054-2023)
1301,CAPITOL CEBU CY ZOO,,CAPITOL CEBU CY ZOO,,RDO No. 81 - Cebu City North.xlsx,Sheet 6 (DO 054-2023)
1302,,,,,RDO No. 81 - Cebu City North.xlsx,Sheet 6 (DO 054-2023)
1303,,,,,RDO No. 81 - Cebu City North.xlsx,Sheet 6 (DO 054-2023)
1304,DON MARCELO REGNER ST,,DON MARCELO REGNER ST,,RDO No. 81 - Cebu City North.xlsx,Sheet 6 (DO 054-2023)
1305,DON MODESTA SINGSON GAISANO ST,,DON MODESTA SINGSON GAISANO ST,,RDO No. 81 - Cebu City North.xlsx,Sheet 6 (DO 054-2023)
1306,EDISON ST,,EDISON ST,,RDO No. 81 - Cebu City North.xlsx,Sheet 6 (DO 054-2023)
1307,,,,,RDO No. 81 - Cebu City North.xlsx,Sheet 6 (DO 054-2023)
1308,FULTON ST,,FULTON ST,,RDO No. 81 - Cebu City North.xlsx,Sheet 6 (DO 054-2023)
1309,,,,,RDO No. 81 - Cebu City North.xlsx,Sheet 6 (DO 054-2023)
1310,GORORDO AVE,,GORORDO AVE,,RDO No. 81 - Cebu City North.xlsx,Sheet 6 (DO 054-2023)
1311,,,,,RDO No. 81 - Cebu City North.xlsx,Sheet 6 (DO 054-2023)
1312,JUANA ST,,JUANA ST,,RDO No. 81 - Cebu City North.xlsx,Sheet 6 (DO 054-2023)
1313,KAMAGONG ST,,KAMAGONG ST,,RDO No. 81 - Cebu City North.xlsx,Sheet 6 (DO 054-2023)
1314,,,,,RDO No. 81 - Cebu City North.xlsx,Sheet 6 (DO 054-2023)
1315,LA GUARDIA,,LA GUARDIA,,RDO No. 81 - Cebu City North.xlsx,Sheet 6 (DO 054-2023)
1316,,,,,RDO No. 81 - Cebu City North.xlsx,Sheet 6 (DO 054-2023)
1317,LA GUARDIA EXT,,LA GUARDIA EXT,,RDO No. 81 - Cebu City North.xlsx,Sheet 6 (DO 054-2023)
1318,,,,,RDO No. 81 - Cebu City North.xlsx,Sheet 6 (DO 054-2023)
1319,MARCONI ST,,MARCONI ST,,RDO No. 81 - Cebu City North.xlsx,Sheet 6 (DO 054-2023)
1320,,,,,RDO No. 81 - Cebu City North.xlsx,Sheet 6 (DO 054-2023)
1321,MOLAVE ST,,MOLAVE ST,,RDO No. 81 - Cebu City North.xlsx,Sheet 6 (DO 054-2023)
1322,,,,,RDO No. 81 - Cebu City North.xlsx,Sheet 6 (DO 054-2023)
1323,PC HILLS,,PC HILLS,,RDO No. 81 - Cebu City North.xlsx,Sheet 6 (DO 054-2023)
1324,PEACE VALLEY,,PEACE VALLEY,,RDO No. 81 - Cebu City North.xlsx,Sheet 6 (DO 054-2023)
1325,RD TO BOY SCOUT CAMP,,RD TO BOY SCOUT CAMP,,RDO No. 81 - Cebu City North.xlsx,Sheet 6 (DO 054-2023)
1326,RD TO HOLY FAMILY,,RD TO HOLY FAMILY,,RDO No. 81 - Cebu City North.xlsx,Sheet 6 (DO 054-2023)
1327,RD TO VILLAR RECORDING,,RD TO VILLAR RECORDING,,RDO No. 81 - Cebu City North.xlsx,Sheet 6 (DO 054-2023)
1328,ROAD TO  BUSAY,,ROAD TO  BUSAY,,RDO No. 81 - Cebu City North.xlsx,Sheet 6 (DO 054-2023)
1329,,,,,RDO No. 81 - Cebu City North.xlsx,Sheet 6 (DO 054-2023)
1330,,,,,RDO No. 81 - Cebu City North.xlsx,Sheet 6 (DO 054-2023)
1331,,,,,RDO No. 81 - Cebu City North.xlsx,Sheet 6 (DO 054-2023)
1332,RD TO GREEN VALLEY,,RD TO GREEN VALLEY,,RDO No. 81 - Cebu City North.xlsx,Sheet 6 (DO 054-2023)
1333,ROSAL ST,,ROSAL ST,,RDO No. 81 - Cebu City North.xlsx,Sheet 6 (DO 054-2023)
1334,SALINAS DRIVE,,SALINAS DRIVE,,RDO No. 81 - Cebu City North.xlsx,Sheet 6 (DO 054-2023)
1335,,,,,RDO No. 81 - Cebu City North.xlsx,Sheet 6 (DO 054-2023)
1336,,,,,RDO No. 81 - Cebu City North.xlsx,Sheet 6 (DO 054-2023)
1337,,,,,RDO No. 81 - Cebu City North.xlsx,Sheet 6 (DO 054-2023)
1338,,,,,RDO No. 81 - Cebu City North.xlsx,Sheet 6 (DO 054-2023)
1339,SALINAS DRIVE EXT,,SALINAS DRIVE EXT,,RDO No. 81 - Cebu City North.xlsx,Sheet 6 (DO 054-2023)
1340,,,,,RDO No. 81 - Cebu City North.xlsx,Sheet 6 (DO 054-2023)
1341,Province,,Province,,RDO No. 81 - Cebu City North.xlsx,Sheet 6 (DO 054-2023)
1342,City/Municipality,,City/Municipality,,RDO No. 81 - Cebu City North.xlsx,Sheet 6 (DO 054-2023)
1343,Barangay,,Barangay,,RDO No. 81 - Cebu City North.xlsx,Sheet 6 (DO 054-2023)
1344,,,,,RDO No. 81 - Cebu City North.xlsx,Sheet 6 (DO 054-2023)
1345,STREET NAME / SUBDIVISION/CONDOMINIUM,,STREET NAME / SUBDIVISION/CONDOMINIUM,,RDO No. 81 - Cebu City North.xlsx,Sheet 6 (DO 054-2023)
1346,,,,,RDO No. 81 - Cebu City North.xlsx,Sheet 6 (DO 054-2023)
1347,,,,,RDO No. 81 - Cebu City North.xlsx,Sheet 6 (DO 054-2023)
1348,SUBDIVISIONS,,SUBDIVISIONS,,RDO No. 81 - Cebu City North.xlsx,Sheet 6 (DO 054-2023)
1349,BEVERLY GLEN SUBD,,BEVERLY GLEN SUBD,,RDO No. 81 - Cebu City North.xlsx,Sheet 6 (DO 054-2023)
1350,BEVERLY HILLS SUBD,,BEVERLY HILLS SUBD,,RDO No. 81 - Cebu City North.xlsx,Sheet 6 (DO 054-2023)
1351,ELISA VALLEY SUBD,,ELISA VALLEY SUBD,,RDO No. 81 - Cebu City North.xlsx,Sheet 6 (DO 054-2023)
1352,GEMSVILLE SUBD,,GEMSVILLE SUBD,,RDO No. 81 - Cebu City North.xlsx,Sheet 6 (DO 054-2023)
1353,GOLDEN VALLEY SUBD/GOLDEN SUN VALLEY,,GOLDEN VALLEY SUBD/GOLDEN SUN VALLEY,,RDO No. 81 - Cebu City North.xlsx,Sheet 6 (DO 054-2023)
1354,GOTIANUY SUBD,,GOTIANUY SUBD,,RDO No. 81 - Cebu City North.xlsx,Sheet 6 (DO 054-2023)
1355,GRENVALLEY SUBD,,GRENVALLEY SUBD,,RDO No. 81 - Cebu City North.xlsx,Sheet 6 (DO 054-2023)
1356,MANUEL DY SUBD,,MANUEL DY SUBD,,RDO No. 81 - Cebu City North.xlsx,Sheet 6 (DO 054-2023)
1357,OPRA VILLAGE,,OPRA VILLAGE,,RDO No. 81 - Cebu City North.xlsx,Sheet 6 (DO 054-2023)
1358,BC HOMES (PC HOMES),,BC HOMES (PC HOMES),,RDO No. 81 - Cebu City North.xlsx,Sheet 6 (DO 054-2023)
1359,HACIENDA SALINAS,,HACIENDA SALINAS,,RDO No. 81 - Cebu City North.xlsx,Sheet 6 (DO 054-2023)
1360,PADGET COMPOUND ROAD,,PADGET COMPOUND ROAD,,RDO No. 81 - Cebu City North.xlsx,Sheet 6 (DO 054-2023)
1361,SANJER CASVILLE SUBD,,SANJER CASVILLE SUBD,,RDO No. 81 - Cebu City North.xlsx,Sheet 6 (DO 054-2023)
1362,SANSON SUBD,,SANSON SUBD,,RDO No. 81 - Cebu City North.xlsx,Sheet 6 (DO 054-2023)
1363,SENO SUBD,,SENO SUBD,,RDO No. 81 - Cebu City North.xlsx,Sheet 6 (DO 054-2023)
1364,SUNSET SUBD,,SUNSET SUBD,,RDO No. 81 - Cebu City North.xlsx,Sheet 6 (DO 054-2023)
1365,UNCHUAN SUBD,,UNCHUAN SUBD,,RDO No. 81 - Cebu City North.xlsx,Sheet 6 (DO 054-2023)
1366,VILLALON SUBD,,VILLALON SUBD,,RDO No. 81 - Cebu City North.xlsx,Sheet 6 (DO 054-2023)
1367,ALL OTHER SUBDIVISION,,ALL OTHER SUBDIVISION,,RDO No. 81 - Cebu City North.xlsx,Sheet 6 (DO 054-2023)
1368,CONDOMINIUMS,,CONDOMINIUMS,,RDO No. 81 - Cebu City North.xlsx,Sheet 6 (DO 054-2023)
1369,"CITY LIGHTS GARDEN TOWERS CONDO 1,2,3,4",,"CITY LIGHTS GARDEN TOWERS CONDO 1,2,3,4",1234.0,RDO No. 81 - Cebu City North.xlsx,Sheet 6 (DO 054-2023)
1370,PARKING SLOT,,PARKING SLOT,,RDO No. 81 - Cebu City North.xlsx,Sheet 6 (DO 054-2023)
1371,PARKING CITY CENTRAL CONDO,,PARKING CITY CENTRAL CONDO,,RDO No. 81 - Cebu City North.xlsx,Sheet 6 (DO 054-2023)
1372,PARKING SLOT,,PARKING SLOT,,RDO No. 81 - Cebu City North.xlsx,Sheet 6 (DO 054-2023)
1373,PILAPIL TOWNHOMES CONDO,,PILAPIL TOWNHOMES CONDO,,RDO No. 81 - Cebu City North.xlsx,Sheet 6 (DO 054-2023)
1374,PARKINGSLOT,,PARKINGSLOT,,RDO No. 81 - Cebu City North.xlsx,Sheet 6 (DO 054-2023)
1375,LA GUARDIA FLATS CONDO,,LA GUARDIA FLATS CONDO,,RDO No. 81 - Cebu City North.xlsx,Sheet 6 (DO 054-2023)
1376,PARKING,,PARKING,,RDO No. 81 - Cebu City North.xlsx,Sheet 6 (DO 054-2023)
1377,CALYX CENTER CEBU CONDO,,CALYX CENTER CEBU CONDO,,RDO No. 81 - Cebu City North.xlsx,Sheet 6 (DO 054-2023)
1378,,,,,RDO No. 81 - Cebu City North.xlsx,Sheet 6 (DO 054-2023)
1379,PARKING,,PARKING,,RDO No. 81 - Cebu City North.xlsx,Sheet 6 (DO 054-2023)
1380,EDADES RESIDENCES,,EDADES RESIDENCES,,RDO No. 81 - Cebu City North.xlsx,Sheet 6 (DO 054-2023)
1381,PARKING,,PARKING,,RDO No. 81 - Cebu City North.xlsx,Sheet 6 (DO 054-2023)
1382,PADGETT PLACE,,PADGETT PLACE,,RDO No. 81 - Cebu City North.xlsx,Sheet 6 (DO 054-2023)
1383,PARKING,,PARKING,,RDO No. 81 - Cebu City North.xlsx,Sheet 6 (DO 054-2023)
1384,MIVESA GARDEN RESIDENCES,,MIVESA GARDEN RESIDENCES,,RDO No. 81 - Cebu City North.xlsx,Sheet 6 (DO 054-2023)
1385,PARKING,,PARKING,,RDO No. 81 - Cebu City North.xlsx,Sheet 6 (DO 054-2023)
1386,32 SANSON  BY ROCKWELL,,32 SANSON  BY ROCKWELL,32.0,RDO No. 81 - Cebu City North.xlsx,Sheet 6 (DO 054-2023)
1387,PARKING,,PARKING,,RDO No. 81 - Cebu City North.xlsx,Sheet 6 (DO 054-2023)
1388,AVENIR CONDO,,AVENIR CONDO,,RDO No. 81 - Cebu City North.xlsx,Sheet 6 (DO 054-2023)
1389,,,,,RDO No. 81 - Cebu City North.xlsx,Sheet 6 (DO 054-2023)
1390,,,,,RDO No. 81 - Cebu City North.xlsx,Sheet 6 (DO 054-2023)
1391,128 NIVEL HILLS TOWER 1 & 2,,128 NIVEL HILLS TOWER 1 & 2,12812.0,RDO No. 81 - Cebu City North.xlsx,Sheet 6 (DO 054-2023)
1392,,,,,RDO No. 81 - Cebu City North.xlsx,Sheet 6 (DO 054-2023)
1393,,,,,RDO No. 81 - Cebu City North.xlsx,Sheet 6 (DO 054-2023)
1394,Province,,Province,,RDO No. 81 - Cebu City North.xlsx,Sheet 6 (DO 054-2023)
1395,City/Municipality,,City/Municipality,,RDO No. 81 - Cebu City North.xlsx,Sheet 6 (DO 054-2023)
1396,Barangay,,Barangay,,RDO No. 81 - Cebu City North.xlsx,Sheet 6 (DO 054-2023)
1397,,,,,RDO No. 81 - Cebu City North.xlsx,Sheet 6 (DO 054-2023)
1398,STREET NAME / SUBDIVISION/CONDOMINIUM,,STREET NAME / SUBDIVISION/CONDOMINIUM,,RDO No. 81 - Cebu City North.xlsx,Sheet 6 (DO 054-2023)
1399,,,,,RDO No. 81 - Cebu City North.xlsx,Sheet 6 (DO 054-2023)
1400,,,,,RDO No. 81 - Cebu City North.xlsx,Sheet 6 (DO 054-2023)
1401,CEBU EXCHANGE TOWER,,CEBU EXCHANGE TOWER,,RDO No. 81 - Cebu City North.xlsx,Sheet 6 (DO 054-2023)
1402,,,,,RDO No. 81 - Cebu City North.xlsx,Sheet 6 (DO 054-2023)
1403,THE MEDIAN,,THE MEDIAN,,RDO No. 81 - Cebu City North.xlsx,Sheet 6 (DO 054-2023)
1404,,,,,RDO No. 81 - Cebu City North.xlsx,Sheet 6 (DO 054-2023)
1405,,,,,RDO No. 81 - Cebu City North.xlsx,Sheet 6 (DO 054-2023)
1406,CORABES TOWER,,CORABES TOWER,,RDO No. 81 - Cebu City North.xlsx,Sheet 6 (DO 054-2023)
1407,,,,,RDO No. 81 - Cebu City North.xlsx,Sheet 6 (DO 054-2023)
1408,LAHUG PRIME RESIDENCES,,LAHUG PRIME RESIDENCES,,RDO No. 81 - Cebu City North.xlsx,Sheet 6 (DO 054-2023)
1409,,,,,RDO No. 81 - Cebu City North.xlsx,Sheet 6 (DO 054-2023)
1410,VERTU RESIDENCES,,VERTU RESIDENCES,,RDO No. 81 - Cebu City North.xlsx,Sheet 6 (DO 054-2023)
1411,VERTEX CENTRAL,,VERTEX CENTRAL,,RDO No. 81 - Cebu City North.xlsx,Sheet 6 (DO 054-2023)
1412,,,,,RDO No. 81 - Cebu City North.xlsx,Sheet 6 (DO 054-2023)
1413,,,,,RDO No. 81 - Cebu City North.xlsx,Sheet 6 (DO 054-2023)
1414,ALL OTHER CONDOMINIUMS,,ALL OTHER CONDOMINIUMS,,RDO No. 81 - Cebu City North.xlsx,Sheet 6 (DO 054-2023)
1415,,,,,RDO No. 81 - Cebu City North.xlsx,Sheet 6 (DO 054-2023)
1416,,,,,RDO No. 81 - Cebu City North.xlsx,Sheet 6 (DO 054-2023)
1417,* New,,* New,,RDO No. 81 - Cebu City North.xlsx,Sheet 6 (DO 054-2023)
1418,** For deletion,,** For deletion,,RDO No. 81 - Cebu City North.xlsx,Sheet 6 (DO 054-2023)
1419,*** Transferred to Brgy. Apas,,*** Transferred to Brgy. Apas,,RDO No. 81 - Cebu City North.xlsx,Sheet 6 (DO 054-2023)
1420,,,,,RDO No. 81 - Cebu City North.xlsx,Sheet 6 (DO 054-2023)
1421,,,,,RDO No. 81 - Cebu City North.xlsx,Sheet 6 (DO 054-2023)
1422,Province,,Province,,RDO No. 81 - Cebu City North.xlsx,Sheet 6 (DO 054-2023)
1423,,,,,RDO No. 81 - Cebu City North.xlsx,Sheet 6 (DO 054-2023)
1424,City/Municipality,,City/Municipality,,RDO No. 81 - Cebu City North.xlsx,Sheet 6 (DO 054-2023)
1425,,,,,RDO No. 81 - Cebu City North.xlsx,Sheet 6 (DO 054-2023)
1426,Barangay,,Barangay,,RDO No. 81 - Cebu City North.xlsx,Sheet 6 (DO 054-2023)
1427,,,,,RDO No. 81 - Cebu City North.xlsx,Sheet 6 (DO 054-2023)
1428,STREET NAME / SUBDIVISION/CONDOMINIUM,,STREET NAME / SUBDIVISION/CONDOMINIUM,,RDO No. 81 - Cebu City North.xlsx,Sheet 6 (DO 054-2023)
1429,,,,,RDO No. 81 - Cebu City North.xlsx,Sheet 6 (DO 054-2023)
1430,,,,,RDO No. 81 - Cebu City North.xlsx,Sheet 6 (DO 054-2023)
1431,STREETS,,STREETS,,RDO No. 81 - Cebu City North.xlsx,Sheet 6 (DO 054-2023)
1432,GEN ECHAVEZ ST,,GEN ECHAVEZ ST,,RDO No. 81 - Cebu City North.xlsx,Sheet 6 (DO 054-2023)
1433,,,,,RDO No. 81 - Cebu City North.xlsx,Sheet 6 (DO 054-2023)
1434,GEN ECHAVEZ ST,,GEN ECHAVEZ ST,,RDO No. 81 - Cebu City North.xlsx,Sheet 6 (DO 054-2023)
1435,GEN MAXILOM AVE,,GEN MAXILOM AVE,,RDO No. 81 - Cebu City North.xlsx,Sheet 6 (DO 054-2023)
1436,GEN LOREGA,,GEN LOREGA,,RDO No. 81 - Cebu City North.xlsx,Sheet 6 (DO 054-2023)
1437,M.J. CUENCO AVENUE,,M.J. CUENCO AVENUE,,RDO No. 81 - Cebu City North.xlsx,Sheet 6 (DO 054-2023)
1438,SAN MIGUEL ST,,SAN MIGUEL ST,,RDO No. 81 - Cebu City North.xlsx,Sheet 6 (DO 054-2023)
1439,ALL OTHER STREETS,,ALL OTHER STREETS,,RDO No. 81 - Cebu City North.xlsx,Sheet 6 (DO 054-2023)
1440,,,,,RDO No. 81 - Cebu City North.xlsx,Sheet 6 (DO 054-2023)
1441,SUDIVISIONS,,SUDIVISIONS,,RDO No. 81 - Cebu City North.xlsx,Sheet 6 (DO 054-2023)
1442,VILLA SUBDIVISION,,VILLA SUBDIVISION,,RDO No. 81 - Cebu City North.xlsx,Sheet 6 (DO 054-2023)
1443,CORTES SUBD,,CORTES SUBD,,RDO No. 81 - Cebu City North.xlsx,Sheet 6 (DO 054-2023)
1444,ALL OTHER SUBDIVISIONS,,ALL OTHER SUBDIVISIONS,,RDO No. 81 - Cebu City North.xlsx,Sheet 6 (DO 054-2023)
1445,CONDOMINIUMS,,CONDOMINIUMS,,RDO No. 81 - Cebu City North.xlsx,Sheet 6 (DO 054-2023)
1446,CITY LOFT ONE RESIDENCES,,CITY LOFT ONE RESIDENCES,,RDO No. 81 - Cebu City North.xlsx,Sheet 6 (DO 054-2023)
1447,,,,,RDO No. 81 - Cebu City North.xlsx,Sheet 6 (DO 054-2023)
1448,,,,,RDO No. 81 - Cebu City North.xlsx,Sheet 6 (DO 054-2023)
1449,XAVIERVILLE CITY CONDO,,XAVIERVILLE CITY CONDO,,RDO No. 81 - Cebu City North.xlsx,Sheet 6 (DO 054-2023)
1450,,,,,RDO No. 81 - Cebu City North.xlsx,Sheet 6 (DO 054-2023)
1451,,,,,RDO No. 81 - Cebu City North.xlsx,Sheet 6 (DO 054-2023)
1452,ALL OTHER CONDOMINIUMS,,ALL OTHER CONDOMINIUMS,,RDO No. 81 - Cebu City North.xlsx,Sheet 6 (DO 054-2023)
1453,,,,,RDO No. 81 - Cebu City North.xlsx,Sheet 6 (DO 054-2023)
1454,,,,,RDO No. 81 - Cebu City North.xlsx,Sheet 6 (DO 054-2023)
1455,* New,,* New,,RDO No. 81 - Cebu City North.xlsx,Sheet 6 (DO 054-2023)
1456,,,,,RDO No. 81 - Cebu City North.xlsx,Sheet 6 (DO 054-2023)
1457,Province,,Province,,RDO No. 81 - Cebu City North.xlsx,Sheet 6 (DO 054-2023)
1458,City/Municipality,,City/Municipality,,RDO No. 81 - Cebu City North.xlsx,Sheet 6 (DO 054-2023)
1459,Barangay,,Barangay,,RDO No. 81 - Cebu City North.xlsx,Sheet 6 (DO 054-2023)
1460,,,,,RDO No. 81 - Cebu City North.xlsx,Sheet 6 (DO 054-2023)
1461,STREET NAME / SUBDIVISION/CONDOMINIUM,,STREET NAME / SUBDIVISION/CONDOMINIUM,,RDO No. 81 - Cebu City North.xlsx,Sheet 6 (DO 054-2023)
1462,,,,,RDO No. 81 - Cebu City North.xlsx,Sheet 6 (DO 054-2023)
1463,,,,,RDO No. 81 - Cebu City North.xlsx,Sheet 6 (DO 054-2023)
1464,,,,,RDO No. 81 - Cebu City North.xlsx,Sheet 6 (DO 054-2023)
1465,ALL AREAS,,ALL AREAS,,RDO No. 81 - Cebu City North.xlsx,Sheet 6 (DO 054-2023)
1466,,,,,RDO No. 81 - Cebu City North.xlsx,Sheet 6 (DO 054-2023)
1467,,,,,RDO No. 81 - Cebu City North.xlsx,Sheet 6 (DO 054-2023)
1468,,,,,RDO No. 81 - Cebu City North.xlsx,Sheet 6 (DO 054-2023)
1469,,,,,RDO No. 81 - Cebu City North.xlsx,Sheet 6 (DO 054-2023)
1470,,,,,RDO No. 81 - Cebu City North.xlsx,Sheet 6 (DO 054-2023)
1471,,,,,RDO No. 81 - Cebu City North.xlsx,Sheet 6 (DO 054-2023)
1472,,,,,RDO No. 81 - Cebu City North.xlsx,Sheet 6 (DO 054-2023)
1473,* New,,* New,,RDO No. 81 - Cebu City North.xlsx,Sheet 6 (DO 054-2023)
1474,,,,,RDO No. 81 - Cebu City North.xlsx,Sheet 6 (DO 054-2023)
1475,,,,,RDO No. 81 - Cebu City North.xlsx,Sheet 6 (DO 054-2023)
1476,Province,,Province,,RDO No. 81 - Cebu City North.xlsx,Sheet 6 (DO 054-2023)
1477,City/Municipality,,City/Municipality,,RDO No. 81 - Cebu City North.xlsx,Sheet 6 (DO 054-2023)
1478,Barangay,,Barangay,,RDO No. 81 - Cebu City North.xlsx,Sheet 6 (DO 054-2023)
1479,,,,,RDO No. 81 - Cebu City North.xlsx,Sheet 6 (DO 054-2023)
1480,STREET NAME / SUBDIVISION/CONDOMINIUM,,STREET NAME / SUBDIVISION/CONDOMINIUM,,RDO No. 81 - Cebu City North.xlsx,Sheet 6 (DO 054-2023)
1481,,,,,RDO No. 81 - Cebu City North.xlsx,Sheet 6 (DO 054-2023)
1482,,,,,RDO No. 81 - Cebu City North.xlsx,Sheet 6 (DO 054-2023)
1483,STREETS,,STREETS,,RDO No. 81 - Cebu City North.xlsx,Sheet 6 (DO 054-2023)
1484,ACCESS ROAD TO AYALA,,ACCESS ROAD TO AYALA,,RDO No. 81 - Cebu City North.xlsx,Sheet 6 (DO 054-2023)
1485,,,,,RDO No. 81 - Cebu City North.xlsx,Sheet 6 (DO 054-2023)
1486,ARCH REYES AVE,,ARCH REYES AVE,,RDO No. 81 - Cebu City North.xlsx,Sheet 6 (DO 054-2023)
1487,CABANTAN ST,,CABANTAN ST,,RDO No. 81 - Cebu City North.xlsx,Sheet 6 (DO 054-2023)
1488,,,,,RDO No. 81 - Cebu City North.xlsx,Sheet 6 (DO 054-2023)
1489,CEBU BUSINESS PARK,,CEBU BUSINESS PARK,,RDO No. 81 - Cebu City North.xlsx,Sheet 6 (DO 054-2023)
1490,,,,,RDO No. 81 - Cebu City North.xlsx,Sheet 6 (DO 054-2023)
1491,Mindanao Avenue,,Mindanao Avenue,,RDO No. 81 - Cebu City North.xlsx,Sheet 6 (DO 054-2023)
1492,Bohol St.,,Bohol St.,,RDO No. 81 - Cebu City North.xlsx,Sheet 6 (DO 054-2023)
1493,Siquijor St.,,Siquijor St.,,RDO No. 81 - Cebu City North.xlsx,Sheet 6 (DO 054-2023)
1494,Camotes Road,,Camotes Road,,RDO No. 81 - Cebu City North.xlsx,Sheet 6 (DO 054-2023)
1495,,,,,RDO No. 81 - Cebu City North.xlsx,Sheet 6 (DO 054-2023)
1496,,,,,RDO No. 81 - Cebu City North.xlsx,Sheet 6 (DO 054-2023)
1497,JUAN LUNA AVE,,JUAN LUNA AVE,,RDO No. 81 - Cebu City North.xlsx,Sheet 6 (DO 054-2023)
1498,NEW ERA ST,,NEW ERA ST,,RDO No. 81 - Cebu City North.xlsx,Sheet 6 (DO 054-2023)
1499,,,,,RDO No. 81 - Cebu City North.xlsx,Sheet 6 (DO 054-2023)
1500,ALL OTHER STREETS /UNNAMED STREETS,,ALL OTHER STREETS /UNNAMED STREETS,,RDO No. 81 - Cebu City North.xlsx,Sheet 6 (DO 054-2023)
1501,,,,,RDO No. 81 - Cebu City North.xlsx,Sheet 6 (DO 054-2023)
1502,ALL OTHER AREAS UNDER CMP/PROVINCIAL LOT /CITY LOT:,,ALL OTHER AREAS UNDER CMP/PROVINCIAL LOT /CITY LOT:,,RDO No. 81 - Cebu City North.xlsx,Sheet 6 (DO 054-2023)
1503,SITIO ZAPATERA,,SITIO ZAPATERA,,RDO No. 81 - Cebu City North.xlsx,Sheet 6 (DO 054-2023)
1504,SITIO ABELLANA,,SITIO ABELLANA,,RDO No. 81 - Cebu City North.xlsx,Sheet 6 (DO 054-2023)
1505,SITIO CITY CENTRAL,,SITIO CITY CENTRAL,,RDO No. 81 - Cebu City North.xlsx,Sheet 6 (DO 054-2023)
1506,SITIO STO. NINO I,,SITIO STO. NINO I,,RDO No. 81 - Cebu City North.xlsx,Sheet 6 (DO 054-2023)
1507,SITIO LUBI,,SITIO LUBI,,RDO No. 81 - Cebu City North.xlsx,Sheet 6 (DO 054-2023)
1508,SITIO STA.CRUZ,,SITIO STA.CRUZ,,RDO No. 81 - Cebu City North.xlsx,Sheet 6 (DO 054-2023)
1509,SITIO SAN VICENTE,,SITIO SAN VICENTE,,RDO No. 81 - Cebu City North.xlsx,Sheet 6 (DO 054-2023)
1510,SITIO STO. NINO III,,SITIO STO. NINO III,,RDO No. 81 - Cebu City North.xlsx,Sheet 6 (DO 054-2023)
1511,SITIO SAMBAG,,SITIO SAMBAG,,RDO No. 81 - Cebu City North.xlsx,Sheet 6 (DO 054-2023)
1512,SITIO NANGKA,,SITIO NANGKA,,RDO No. 81 - Cebu City North.xlsx,Sheet 6 (DO 054-2023)
1513,SITIO SAN ROQUE,,SITIO SAN ROQUE,,RDO No. 81 - Cebu City North.xlsx,Sheet 6 (DO 054-2023)
1514,SITIO SAN ANTONIO,,SITIO SAN ANTONIO,,RDO No. 81 - Cebu City North.xlsx,Sheet 6 (DO 054-2023)
1515,SITIO STO. NINO II,,SITIO STO. NINO II,,RDO No. 81 - Cebu City North.xlsx,Sheet 6 (DO 054-2023)
1516,SITIO KALINAW,,SITIO KALINAW,,RDO No. 81 - Cebu City North.xlsx,Sheet 6 (DO 054-2023)
1517,SITIO MABUHAY,,SITIO MABUHAY,,RDO No. 81 - Cebu City North.xlsx,Sheet 6 (DO 054-2023)
1518,SITIO NEW ERA,,SITIO NEW ERA,,RDO No. 81 - Cebu City North.xlsx,Sheet 6 (DO 054-2023)
1519,,,,,RDO No. 81 - Cebu City North.xlsx,Sheet 6 (DO 054-2023)
1520,CONDOMINIUMS,,CONDOMINIUMS,,RDO No. 81 - Cebu City North.xlsx,Sheet 6 (DO 054-2023)
1521,PAG-IBIG WTC TOWER,,PAG-IBIG WTC TOWER,,RDO No. 81 - Cebu City North.xlsx,Sheet 6 (DO 054-2023)
1522,PARKING SLOT,,PARKING SLOT,,RDO No. 81 - Cebu City North.xlsx,Sheet 6 (DO 054-2023)
1523,AYALA LIFE FGU CENTER-CONDOMINIUM,,AYALA LIFE FGU CENTER-CONDOMINIUM,,RDO No. 81 - Cebu City North.xlsx,Sheet 6 (DO 054-2023)
1524,PARKING SLOT,,PARKING SLOT,,RDO No. 81 - Cebu City North.xlsx,Sheet 6 (DO 054-2023)
1525,KEPPEL CENTER CONDOMINIUM(MONTE DE PEIDAD CONDO),,KEPPEL CENTER CONDOMINIUM(MONTE DE PEIDAD CONDO),,RDO No. 81 - Cebu City North.xlsx,Sheet 6 (DO 054-2023)
1526,KEPPEL CENTER CONDOMINIUM(MONTE DE PEIDAD CONDO),,KEPPEL CENTER CONDOMINIUM(MONTE DE PEIDAD CONDO),,RDO No. 81 - Cebu City North.xlsx,Sheet 6 (DO 054-2023)
1527,Province,,Province,,RDO No. 81 - Cebu City North.xlsx,Sheet 6 (DO 054-2023)
1528,City/Municipality,,City/Municipality,,RDO No. 81 - Cebu City North.xlsx,Sheet 6 (DO 054-2023)
1529,Barangay,,Barangay,,RDO No. 81 - Cebu City North.xlsx,Sheet 6 (DO 054-2023)
1530,,,,,RDO No. 81 - Cebu City North.xlsx,Sheet 6 (DO 054-2023)
1531,STREET NAME / SUBDIVISION/CONDOMINIUM,,STREET NAME / SUBDIVISION/CONDOMINIUM,,RDO No. 81 - Cebu City North.xlsx,Sheet 6 (DO 054-2023)
1532,,,,,RDO No. 81 - Cebu City North.xlsx,Sheet 6 (DO 054-2023)
1533,,,,,RDO No. 81 - Cebu City North.xlsx,Sheet 6 (DO 054-2023)
1534,PARK POINT RESIDENCES,,PARK POINT RESIDENCES,,RDO No. 81 - Cebu City North.xlsx,Sheet 6 (DO 054-2023)
1535,,,,,RDO No. 81 - Cebu City North.xlsx,Sheet 6 (DO 054-2023)
1536,APPLE ONE EQUICOM TOWER,,APPLE ONE EQUICOM TOWER,,RDO No. 81 - Cebu City North.xlsx,Sheet 6 (DO 054-2023)
1537,,,,,RDO No. 81 - Cebu City North.xlsx,Sheet 6 (DO 054-2023)
1538,,,,,RDO No. 81 - Cebu City North.xlsx,Sheet 6 (DO 054-2023)
1539,THE ALCOVES,,THE ALCOVES,,RDO No. 81 - Cebu City North.xlsx,Sheet 6 (DO 054-2023)
1540,,,,,RDO No. 81 - Cebu City North.xlsx,Sheet 6 (DO 054-2023)
1541,,,,,RDO No. 81 - Cebu City North.xlsx,Sheet 6 (DO 054-2023)
1542,LATITUDE CORPORATE CENTER,,LATITUDE CORPORATE CENTER,,RDO No. 81 - Cebu City North.xlsx,Sheet 6 (DO 054-2023)
1543,,,,,RDO No. 81 - Cebu City North.xlsx,Sheet 6 (DO 054-2023)
1544,TAFT EASTGATE CONDOMINIUM,,TAFT EASTGATE CONDOMINIUM,,RDO No. 81 - Cebu City North.xlsx,Sheet 6 (DO 054-2023)
1545,,,,,RDO No. 81 - Cebu City North.xlsx,Sheet 6 (DO 054-2023)
1546,,,,,RDO No. 81 - Cebu City North.xlsx,Sheet 6 (DO 054-2023)
1547,ALL OTHER CONDOMINIUMS,,ALL OTHER CONDOMINIUMS,,RDO No. 81 - Cebu City North.xlsx,Sheet 6 (DO 054-2023)
1548,,,,,RDO No. 81 - Cebu City North.xlsx,Sheet 6 (DO 054-2023)
1549,,,,,RDO No. 81 - Cebu City North.xlsx,Sheet 6 (DO 054-2023)
1550,* New Street,,* New Street,,RDO No. 81 - Cebu City North.xlsx,Sheet 6 (DO 054-2023)
1551,** For deletion,,** For deletion,,RDO No. 81 - Cebu City North.xlsx,Sheet 6 (DO 054-2023)
1552,*** Transferred to Brgy. Hipodromo,,*** Transferred to Brgy. Hipodromo,,RDO No. 81 - Cebu City North.xlsx,Sheet 6 (DO 054-2023)
1553,**** Transferred to Brgy. Hipodromo(Named Ayala FGU),,**** Transferred to Brgy. Hipodromo(Named Ayala FGU),,RDO No. 81 - Cebu City North.xlsx,Sheet 6 (DO 054-2023)
1554,,,,,RDO No. 81 - Cebu City North.xlsx,Sheet 6 (DO 054-2023)
1555,,,,,RDO No. 81 - Cebu City North.xlsx,Sheet 6 (DO 054-2023)
1556,Province,,Province,,RDO No. 81 - Cebu City North.xlsx,Sheet 6 (DO 054-2023)
1557,,,,,RDO No. 81 - Cebu City North.xlsx,Sheet 6 (DO 054-2023)
1558,City/Municipality,,City/Municipality,,RDO No. 81 - Cebu City North.xlsx,Sheet 6 (DO 054-2023)
1559,,,,,RDO No. 81 - Cebu City North.xlsx,Sheet 6 (DO 054-2023)
1560,Barangay,,Barangay,,RDO No. 81 - Cebu City North.xlsx,Sheet 6 (DO 054-2023)
1561,,,,,RDO No. 81 - Cebu City North.xlsx,Sheet 6 (DO 054-2023)
1562,STREET NAME / SUBDIVISION/CONDOMINIUM,,STREET NAME / SUBDIVISION/CONDOMINIUM,,RDO No. 81 - Cebu City North.xlsx,Sheet 6 (DO 054-2023)
1563,,,,,RDO No. 81 - Cebu City North.xlsx,Sheet 6 (DO 054-2023)
1564,,,,,RDO No. 81 - Cebu City North.xlsx,Sheet 6 (DO 054-2023)
1565,STREETS,,STREETS,,RDO No. 81 - Cebu City North.xlsx,Sheet 6 (DO 054-2023)
1566,ALL AREAS,,ALL AREAS,,RDO No. 81 - Cebu City North.xlsx,Sheet 6 (DO 054-2023)
1567,,,,,RDO No. 81 - Cebu City North.xlsx,Sheet 6 (DO 054-2023)
1568,,,,,RDO No. 81 - Cebu City North.xlsx,Sheet 6 (DO 054-2023)
1569,,,,,RDO No. 81 - Cebu City North.xlsx,Sheet 6 (DO 054-2023)
1570,,,,,RDO No. 81 - Cebu City North.xlsx,Sheet 6 (DO 054-2023)
1571,,,,,RDO No. 81 - Cebu City North.xlsx,Sheet 6 (DO 054-2023)
1572,* New,,* New,,RDO No. 81 - Cebu City North.xlsx,Sheet 6 (DO 054-2023)
1573,,,,,RDO No. 81 - Cebu City North.xlsx,Sheet 6 (DO 054-2023)
1574,,,,,RDO No. 81 - Cebu City North.xlsx,Sheet 6 (DO 054-2023)
1575,Province,,Province,,RDO No. 81 - Cebu City North.xlsx,Sheet 6 (DO 054-2023)
1576,City/Municipality,,City/Municipality,,RDO No. 81 - Cebu City North.xlsx,Sheet 6 (DO 054-2023)
1577,Barangay,,Barangay,,RDO No. 81 - Cebu City North.xlsx,Sheet 6 (DO 054-2023)
1578,,,,,RDO No. 81 - Cebu City North.xlsx,Sheet 6 (DO 054-2023)
1579,STREET NAME / SUBDIVISION/CONDOMINIUM,,STREET NAME / SUBDIVISION/CONDOMINIUM,,RDO No. 81 - Cebu City North.xlsx,Sheet 6 (DO 054-2023)
1580,,,,,RDO No. 81 - Cebu City North.xlsx,Sheet 6 (DO 054-2023)
1581,,,,,RDO No. 81 - Cebu City North.xlsx,Sheet 6 (DO 054-2023)
1582,STREETS,,STREETS,,RDO No. 81 - Cebu City North.xlsx,Sheet 6 (DO 054-2023)
1583,ALMENDRAS ST,,ALMENDRAS ST,,RDO No. 81 - Cebu City North.xlsx,Sheet 6 (DO 054-2023)
1584,C CIMA ST,,C CIMA ST,,RDO No. 81 - Cebu City North.xlsx,Sheet 6 (DO 054-2023)
1585,C BORCES ST,,C BORCES ST,,RDO No. 81 - Cebu City North.xlsx,Sheet 6 (DO 054-2023)
1586,E LABUCAY ST,,E LABUCAY ST,,RDO No. 81 - Cebu City North.xlsx,Sheet 6 (DO 054-2023)
1587,F CABAHUG,,F CABAHUG,,RDO No. 81 - Cebu City North.xlsx,Sheet 6 (DO 054-2023)
1588,F MINA ST,,F MINA ST,,RDO No. 81 - Cebu City North.xlsx,Sheet 6 (DO 054-2023)
1589,J SENO,,J SENO,,RDO No. 81 - Cebu City North.xlsx,Sheet 6 (DO 054-2023)
1590,FLORES DE MAYO ST,,FLORES DE MAYO ST,,RDO No. 81 - Cebu City North.xlsx,Sheet 6 (DO 054-2023)
1591,FRANCSICO ARCILLA,,FRANCSICO ARCILLA,,RDO No. 81 - Cebu City North.xlsx,Sheet 6 (DO 054-2023)
1592,FROILAN ARCILLA,,FROILAN ARCILLA,,RDO No. 81 - Cebu City North.xlsx,Sheet 6 (DO 054-2023)
1593,GIL TUDTUD ST,,GIL TUDTUD ST,,RDO No. 81 - Cebu City North.xlsx,Sheet 6 (DO 054-2023)
1594,GO SOTTO COMPLEX,,GO SOTTO COMPLEX,,RDO No. 81 - Cebu City North.xlsx,Sheet 6 (DO 054-2023)
1595,GOCHAN ST/F GOCHAN ST,,GOCHAN ST/F GOCHAN ST,,RDO No. 81 - Cebu City North.xlsx,Sheet 6 (DO 054-2023)
1596,GUIBILONDO ST,,GUIBILONDO ST,,RDO No. 81 - Cebu City North.xlsx,Sheet 6 (DO 054-2023)
1597,H BORGONIA,,H BORGONIA,,RDO No. 81 - Cebu City North.xlsx,Sheet 6 (DO 054-2023)
1598,H JOAQUINO ST,,H JOAQUINO ST,,RDO No. 81 - Cebu City North.xlsx,Sheet 6 (DO 054-2023)
1599,HOLY NAME ST,,HOLY NAME ST,,RDO No. 81 - Cebu City North.xlsx,Sheet 6 (DO 054-2023)
1600,J JOAQUINO ST,,J JOAQUINO ST,,RDO No. 81 - Cebu City North.xlsx,Sheet 6 (DO 054-2023)
1601,POPE JOHN PAUL AVE. (JUAN LUNA AVE) SAN JOSE DELA MONTAÑA,,POPE JOHN PAUL AVE. (JUAN LUNA AVE) SAN JOSE DELA MONTAÑA,,RDO No. 81 - Cebu City North.xlsx,Sheet 6 (DO 054-2023)
1602,L LIMBONG ST,,L LIMBONG ST,,RDO No. 81 - Cebu City North.xlsx,Sheet 6 (DO 054-2023)
1603,L TUDTUD,,L TUDTUD,,RDO No. 81 - Cebu City North.xlsx,Sheet 6 (DO 054-2023)
1604,M BORCES ST,,M BORCES ST,,RDO No. 81 - Cebu City North.xlsx,Sheet 6 (DO 054-2023)
1605,M BORGONI ST,,M BORGONI ST,,RDO No. 81 - Cebu City North.xlsx,Sheet 6 (DO 054-2023)
1606,MJ CUENCO AVE,,MJ CUENCO AVE,,RDO No. 81 - Cebu City North.xlsx,Sheet 6 (DO 054-2023)
1607,(MJ CUENCO ACCESS TO AYALA),,(MJ CUENCO ACCESS TO AYALA),,RDO No. 81 - Cebu City North.xlsx,Sheet 6 (DO 054-2023)
1608,,,,,RDO No. 81 - Cebu City North.xlsx,Sheet 6 (DO 054-2023)
1609,MABONITES,,MABONITES,,RDO No. 81 - Cebu City North.xlsx,Sheet 6 (DO 054-2023)
1610,NEW ERA ST,,NEW ERA ST,,RDO No. 81 - Cebu City North.xlsx,Sheet 6 (DO 054-2023)
1611,NEW FRONTIER,,NEW FRONTIER,,RDO No. 81 - Cebu City North.xlsx,Sheet 6 (DO 054-2023)
1612,OLD PHIL RAILWAY,,OLD PHIL RAILWAY,,RDO No. 81 - Cebu City North.xlsx,Sheet 6 (DO 054-2023)
1613,S BORCES EXT,,S BORCES EXT,,RDO No. 81 - Cebu City North.xlsx,Sheet 6 (DO 054-2023)
1614,S BORCES ST,,S BORCES ST,,RDO No. 81 - Cebu City North.xlsx,Sheet 6 (DO 054-2023)
1615,S CABAHUG ST,,S CABAHUG ST,,RDO No. 81 - Cebu City North.xlsx,Sheet 6 (DO 054-2023)
1616,S OSMENA BLVD,,S OSMENA BLVD,,RDO No. 81 - Cebu City North.xlsx,Sheet 6 (DO 054-2023)
1617,SAN ROQUE,,SAN ROQUE,,RDO No. 81 - Cebu City North.xlsx,Sheet 6 (DO 054-2023)
1618,SINDULAN ST,,SINDULAN ST,,RDO No. 81 - Cebu City North.xlsx,Sheet 6 (DO 054-2023)
1619,TRES PADRES BORCES,,TRES PADRES BORCES,,RDO No. 81 - Cebu City North.xlsx,Sheet 6 (DO 054-2023)
1620,V COLINA ST,,V COLINA ST,,RDO No. 81 - Cebu City North.xlsx,Sheet 6 (DO 054-2023)
1621,ALL OTHER STREETS,,ALL OTHER STREETS,,RDO No. 81 - Cebu City North.xlsx,Sheet 6 (DO 054-2023)
1622,,,,,RDO No. 81 - Cebu City North.xlsx,Sheet 6 (DO 054-2023)
1623,SUBDIVISIONS,,SUBDIVISIONS,,RDO No. 81 - Cebu City North.xlsx,Sheet 6 (DO 054-2023)
1624,CASALS VILLAGES,,CASALS VILLAGES,,RDO No. 81 - Cebu City North.xlsx,Sheet 6 (DO 054-2023)
1625,COROMINA SUBD,,COROMINA SUBD,,RDO No. 81 - Cebu City North.xlsx,Sheet 6 (DO 054-2023)
1626,GETTY OIL COMPOUND,,GETTY OIL COMPOUND,,RDO No. 81 - Cebu City North.xlsx,Sheet 6 (DO 054-2023)
1627,GOCHAN SUBD,,GOCHAN SUBD,,RDO No. 81 - Cebu City North.xlsx,Sheet 6 (DO 054-2023)
1628,GOCHAN COMPOUND ROAD,,GOCHAN COMPOUND ROAD,,RDO No. 81 - Cebu City North.xlsx,Sheet 6 (DO 054-2023)
1629,,,,,RDO No. 81 - Cebu City North.xlsx,Sheet 6 (DO 054-2023)
1630,TENASAS SUBD,,TENASAS SUBD,,RDO No. 81 - Cebu City North.xlsx,Sheet 6 (DO 054-2023)
1631,ALL OTHER SUBDIVISION,,ALL OTHER SUBDIVISION,,RDO No. 81 - Cebu City North.xlsx,Sheet 6 (DO 054-2023)
1632,Province,,Province,,RDO No. 81 - Cebu City North.xlsx,Sheet 6 (DO 054-2023)
1633,City/Municipality,,City/Municipality,,RDO No. 81 - Cebu City North.xlsx,Sheet 6 (DO 054-2023)
1634,Barangay,,Barangay,,RDO No. 81 - Cebu City North.xlsx,Sheet 6 (DO 054-2023)
1635,,,,,RDO No. 81 - Cebu City North.xlsx,Sheet 6 (DO 054-2023)
1636,STREET NAME / SUBDIVISION/CONDOMINIUM,,STREET NAME / SUBDIVISION/CONDOMINIUM,,RDO No. 81 - Cebu City North.xlsx,Sheet 6 (DO 054-2023)
1637,,,,,RDO No. 81 - Cebu City North.xlsx,Sheet 6 (DO 054-2023)
1638,,,,,RDO No. 81 - Cebu City North.xlsx,Sheet 6 (DO 054-2023)
1639,CONDOMINIUMS,,CONDOMINIUMS,,RDO No. 81 - Cebu City North.xlsx,Sheet 6 (DO 054-2023)
1640,CEBU HOLDING CENTER,,CEBU HOLDING CENTER,,RDO No. 81 - Cebu City North.xlsx,Sheet 6 (DO 054-2023)
1641,ALL ASIA PROPERTIES CONDO,,ALL ASIA PROPERTIES CONDO,,RDO No. 81 - Cebu City North.xlsx,Sheet 6 (DO 054-2023)
1642,PARK TOWER CONDOMINIUM I & II,,PARK TOWER CONDOMINIUM I & II,,RDO No. 81 - Cebu City North.xlsx,Sheet 6 (DO 054-2023)
1643,FIRST ABACUS FINANCIAL TOWER CONDO,,FIRST ABACUS FINANCIAL TOWER CONDO,,RDO No. 81 - Cebu City North.xlsx,Sheet 6 (DO 054-2023)
1644,CEBU FINANCIAL TOWER,,CEBU FINANCIAL TOWER,,RDO No. 81 - Cebu City North.xlsx,Sheet 6 (DO 054-2023)
1645,KEPPEL CENTER CONDOMINIUM(MONTE DE PEIDAD CONDO),,KEPPEL CENTER CONDOMINIUM(MONTE DE PEIDAD CONDO),,RDO No. 81 - Cebu City North.xlsx,Sheet 6 (DO 054-2023)
1646,KEPPEL CENTER CONDOMINIUM(MONTE DE PEIDAD CONDO),,KEPPEL CENTER CONDOMINIUM(MONTE DE PEIDAD CONDO),,RDO No. 81 - Cebu City North.xlsx,Sheet 6 (DO 054-2023)
1647,CEBU BUSINESS CENTER,,CEBU BUSINESS CENTER,,RDO No. 81 - Cebu City North.xlsx,Sheet 6 (DO 054-2023)
1648,,,,,RDO No. 81 - Cebu City North.xlsx,Sheet 6 (DO 054-2023)
1649,CALYX RESIDENCES,,CALYX RESIDENCES,,RDO No. 81 - Cebu City North.xlsx,Sheet 6 (DO 054-2023)
1650,,,,,RDO No. 81 - Cebu City North.xlsx,Sheet 6 (DO 054-2023)
1651,SUN VIDA TOWER,,SUN VIDA TOWER,,RDO No. 81 - Cebu City North.xlsx,Sheet 6 (DO 054-2023)
1652,,,,,RDO No. 81 - Cebu City North.xlsx,Sheet 6 (DO 054-2023)
1653,PARKING SPACE,,PARKING SPACE,,RDO No. 81 - Cebu City North.xlsx,Sheet 6 (DO 054-2023)
1654,NIVIERA FRENCH CONDO,,NIVIERA FRENCH CONDO,,RDO No. 81 - Cebu City North.xlsx,Sheet 6 (DO 054-2023)
1655,,,,,RDO No. 81 - Cebu City North.xlsx,Sheet 6 (DO 054-2023)
1656,PARKING SPACE,,PARKING SPACE,,RDO No. 81 - Cebu City North.xlsx,Sheet 6 (DO 054-2023)
1657,ONE OASIS CONDO PHASE 2 BLDG. 4,,ONE OASIS CONDO PHASE 2 BLDG. 4,2.4,RDO No. 81 - Cebu City North.xlsx,Sheet 6 (DO 054-2023)
1658,,,,,RDO No. 81 - Cebu City North.xlsx,Sheet 6 (DO 054-2023)
1659,GRAND RESIDENCES MABOLO,,GRAND RESIDENCES MABOLO,,RDO No. 81 - Cebu City North.xlsx,Sheet 6 (DO 054-2023)
1660,,,,,RDO No. 81 - Cebu City North.xlsx,Sheet 6 (DO 054-2023)
1661,,,,,RDO No. 81 - Cebu City North.xlsx,Sheet 6 (DO 054-2023)
1662,PERSIMON RESIDENCES,,PERSIMON RESIDENCES,,RDO No. 81 - Cebu City North.xlsx,Sheet 6 (DO 054-2023)
1663,,,,,RDO No. 81 - Cebu City North.xlsx,Sheet 6 (DO 054-2023)
1664,,,,,RDO No. 81 - Cebu City North.xlsx,Sheet 6 (DO 054-2023)
1665,MABOLO GARDEN FLATS,,MABOLO GARDEN FLATS,,RDO No. 81 - Cebu City North.xlsx,Sheet 6 (DO 054-2023)
1666,,,,,RDO No. 81 - Cebu City North.xlsx,Sheet 6 (DO 054-2023)
1667,EAST AURORA TOWERS,,EAST AURORA TOWERS,,RDO No. 81 - Cebu City North.xlsx,Sheet 6 (DO 054-2023)
1668,,,,,RDO No. 81 - Cebu City North.xlsx,Sheet 6 (DO 054-2023)
1669,ALL OTHER CONDOMINIUMS,,ALL OTHER CONDOMINIUMS,,RDO No. 81 - Cebu City North.xlsx,Sheet 6 (DO 054-2023)
1670,,,,,RDO No. 81 - Cebu City North.xlsx,Sheet 6 (DO 054-2023)
1671,,,,,RDO No. 81 - Cebu City North.xlsx,Sheet 6 (DO 054-2023)
1672,INDUSTRIAL AREAS,,INDUSTRIAL AREAS,,RDO No. 81 - Cebu City North.xlsx,Sheet 6 (DO 054-2023)
1673,*        New,,*        New,,RDO No. 81 - Cebu City North.xlsx,Sheet 6 (DO 054-2023)
1674,** For deletion,,** For deletion,,RDO No. 81 - Cebu City North.xlsx,Sheet 6 (DO 054-2023)
1675,***    Transferred to Brgy. Hipodromo,,***    Transferred to Brgy. Hipodromo,,RDO No. 81 - Cebu City North.xlsx,Sheet 6 (DO 054-2023)
1676,****    Transferred to Brgy. Cebu Port Area,,****    Transferred to Brgy. Cebu Port Area,,RDO No. 81 - Cebu City North.xlsx,Sheet 6 (DO 054-2023)
1677,*****    Transferred to Brgy. Kasambagan,,*****    Transferred to Brgy. Kasambagan,,RDO No. 81 - Cebu City North.xlsx,Sheet 6 (DO 054-2023)
1678,******    Transferred from Brgy. Kasambagan,,******    Transferred from Brgy. Kasambagan,,RDO No. 81 - Cebu City North.xlsx,Sheet 6 (DO 054-2023)
1679,,,,,RDO No. 81 - Cebu City North.xlsx,Sheet 6 (DO 054-2023)
1680,,,,,RDO No. 81 - Cebu City North.xlsx,Sheet 6 (DO 054-2023)
1681,Province,,Province,,RDO No. 81 - Cebu City North.xlsx,Sheet 6 (DO 054-2023)
1682,City/Municipality,,City/Municipality,,RDO No. 81 - Cebu City North.xlsx,Sheet 6 (DO 054-2023)
1683,Barangay,,Barangay,,RDO No. 81 - Cebu City North.xlsx,Sheet 6 (DO 054-2023)
1684,,,,,RDO No. 81 - Cebu City North.xlsx,Sheet 6 (DO 054-2023)
1685,STREET NAME / SUBDIVISION/CONDOMINIUM,,STREET NAME / SUBDIVISION/CONDOMINIUM,,RDO No. 81 - Cebu City North.xlsx,Sheet 6 (DO 054-2023)
1686,,,,,RDO No. 81 - Cebu City North.xlsx,Sheet 6 (DO 054-2023)
1687,,,,,RDO No. 81 - Cebu City North.xlsx,Sheet 6 (DO 054-2023)
1688,STREETS,,STREETS,,RDO No. 81 - Cebu City North.xlsx,Sheet 6 (DO 054-2023)
1689,ALMENDRAS ST,,ALMENDRAS ST,,RDO No. 81 - Cebu City North.xlsx,Sheet 6 (DO 054-2023)
1690,,,,,RDO No. 81 - Cebu City North.xlsx,Sheet 6 (DO 054-2023)
1691,,,,,RDO No. 81 - Cebu City North.xlsx,Sheet 6 (DO 054-2023)
1692,,,,,RDO No. 81 - Cebu City North.xlsx,Sheet 6 (DO 054-2023)
1693,,,,,RDO No. 81 - Cebu City North.xlsx,Sheet 6 (DO 054-2023)
1694,E. OSMENA SR. AVE (TRANSCENTRAL HI-WAY),,E. OSMENA SR. AVE (TRANSCENTRAL HI-WAY),,RDO No. 81 - Cebu City North.xlsx,Sheet 6 (DO 054-2023)
1695,,,,,RDO No. 81 - Cebu City North.xlsx,Sheet 6 (DO 054-2023)
1696,,,,,RDO No. 81 - Cebu City North.xlsx,Sheet 6 (DO 054-2023)
1697,,,,,RDO No. 81 - Cebu City North.xlsx,Sheet 6 (DO 054-2023)
1698,,,,,RDO No. 81 - Cebu City North.xlsx,Sheet 6 (DO 054-2023)
1699,KAN-IRAG SPORTS COMPLEX,,KAN-IRAG SPORTS COMPLEX,,RDO No. 81 - Cebu City North.xlsx,Sheet 6 (DO 054-2023)
1700,,,,,RDO No. 81 - Cebu City North.xlsx,Sheet 6 (DO 054-2023)
1701,TOPS,,TOPS,,RDO No. 81 - Cebu City North.xlsx,Sheet 6 (DO 054-2023)
1702,,,,,RDO No. 81 - Cebu City North.xlsx,Sheet 6 (DO 054-2023)
1703,,,,,RDO No. 81 - Cebu City North.xlsx,Sheet 6 (DO 054-2023)
1704,,,,,RDO No. 81 - Cebu City North.xlsx,Sheet 6 (DO 054-2023)
1705,,,,,RDO No. 81 - Cebu City North.xlsx,Sheet 6 (DO 054-2023)
1706,ALL OTHER AREAS,,ALL OTHER AREAS,,RDO No. 81 - Cebu City North.xlsx,Sheet 6 (DO 054-2023)
1707,,,,,RDO No. 81 - Cebu City North.xlsx,Sheet 6 (DO 054-2023)
1708,,,,,RDO No. 81 - Cebu City North.xlsx,Sheet 6 (DO 054-2023)
1709,,,,,RDO No. 81 - Cebu City North.xlsx,Sheet 6 (DO 054-2023)
1710,,,,,RDO No. 81 - Cebu City North.xlsx,Sheet 6 (DO 054-2023)
1711,WATERSHED,,WATERSHED,,RDO No. 81 - Cebu City North.xlsx,Sheet 6 (DO 054-2023)
1712,SUBDIVISIONS,,SUBDIVISIONS,,RDO No. 81 - Cebu City North.xlsx,Sheet 6 (DO 054-2023)
1713,ALL EXISTING SUBDIVISIONS,,ALL EXISTING SUBDIVISIONS,,RDO No. 81 - Cebu City North.xlsx,Sheet 6 (DO 054-2023)
1714,* New,,* New,,RDO No. 81 - Cebu City North.xlsx,Sheet 6 (DO 054-2023)
1715,,,,,RDO No. 81 - Cebu City North.xlsx,Sheet 6 (DO 054-2023)
1716,,,,,RDO No. 81 - Cebu City North.xlsx,Sheet 6 (DO 054-2023)
1717,Province,,Province,,RDO No. 81 - Cebu City North.xlsx,Sheet 6 (DO 054-2023)
1718,City/Municipality,,City/Municipality,,RDO No. 81 - Cebu City North.xlsx,Sheet 6 (DO 054-2023)
1719,Barangay,,Barangay,,RDO No. 81 - Cebu City North.xlsx,Sheet 6 (DO 054-2023)
1720,,,,,RDO No. 81 - Cebu City North.xlsx,Sheet 6 (DO 054-2023)
1721,STREET NAME / SUBDIVISION/CONDOMINIUM,,STREET NAME / SUBDIVISION/CONDOMINIUM,,RDO No. 81 - Cebu City North.xlsx,Sheet 6 (DO 054-2023)
1722,,,,,RDO No. 81 - Cebu City North.xlsx,Sheet 6 (DO 054-2023)
1723,,,,,RDO No. 81 - Cebu City North.xlsx,Sheet 6 (DO 054-2023)
1724,A BONIFACIO,,A BONIFACIO,,RDO No. 81 - Cebu City North.xlsx,Sheet 6 (DO 054-2023)
1725,A MABINI ST,,A MABINI ST,,RDO No. 81 - Cebu City North.xlsx,Sheet 6 (DO 054-2023)
1726,,,,,RDO No. 81 - Cebu City North.xlsx,Sheet 6 (DO 054-2023)
1727,,,,,RDO No. 81 - Cebu City North.xlsx,Sheet 6 (DO 054-2023)
1728,COLON ST,,COLON ST,,RDO No. 81 - Cebu City North.xlsx,Sheet 6 (DO 054-2023)
1729,,,,,RDO No. 81 - Cebu City North.xlsx,Sheet 6 (DO 054-2023)
1730,D JAKOSALEM ST,,D JAKOSALEM ST,,RDO No. 81 - Cebu City North.xlsx,Sheet 6 (DO 054-2023)
1731,,,,,RDO No. 81 - Cebu City North.xlsx,Sheet 6 (DO 054-2023)
1732,ESPANA ST,,ESPANA ST,,RDO No. 81 - Cebu City North.xlsx,Sheet 6 (DO 054-2023)
1733,GEN JUNQUERA ST,,GEN JUNQUERA ST,,RDO No. 81 - Cebu City North.xlsx,Sheet 6 (DO 054-2023)
1734,IBARRA ST,,IBARRA ST,,RDO No. 81 - Cebu City North.xlsx,Sheet 6 (DO 054-2023)
1735,ISAGANI ST,,ISAGANI ST,,RDO No. 81 - Cebu City North.xlsx,Sheet 6 (DO 054-2023)
1736,SANCIANGKO ST,,SANCIANGKO ST,,RDO No. 81 - Cebu City North.xlsx,Sheet 6 (DO 054-2023)
1737,,,,,RDO No. 81 - Cebu City North.xlsx,Sheet 6 (DO 054-2023)
1738,SIKATUNA,,SIKATUNA,,RDO No. 81 - Cebu City North.xlsx,Sheet 6 (DO 054-2023)
1739,SIMOUN ST,,SIMOUN ST,,RDO No. 81 - Cebu City North.xlsx,Sheet 6 (DO 054-2023)
1740,SUDLON ST,,SUDLON ST,,RDO No. 81 - Cebu City North.xlsx,Sheet 6 (DO 054-2023)
1741,V GULLAS,,V GULLAS,,RDO No. 81 - Cebu City North.xlsx,Sheet 6 (DO 054-2023)
1742,ALL OTHER STREETS,,ALL OTHER STREETS,,RDO No. 81 - Cebu City North.xlsx,Sheet 6 (DO 054-2023)
1743,INTERIOR AREAS,,INTERIOR AREAS,,RDO No. 81 - Cebu City North.xlsx,Sheet 6 (DO 054-2023)
1744,,,,,RDO No. 81 - Cebu City North.xlsx,Sheet 6 (DO 054-2023)
1745,,,,,RDO No. 81 - Cebu City North.xlsx,Sheet 6 (DO 054-2023)
1746,Province,,Province,,RDO No. 81 - Cebu City North.xlsx,Sheet 6 (DO 054-2023)
1747,City/Municipality,,City/Municipality,,RDO No. 81 - Cebu City North.xlsx,Sheet 6 (DO 054-2023)
1748,Barangay,,Barangay,,RDO No. 81 - Cebu City North.xlsx,Sheet 6 (DO 054-2023)
1749,,,,,RDO No. 81 - Cebu City North.xlsx,Sheet 6 (DO 054-2023)
1750,STREET NAME / SUBDIVISION/CONDOMINIUM,,STREET NAME / SUBDIVISION/CONDOMINIUM,,RDO No. 81 - Cebu City North.xlsx,Sheet 6 (DO 054-2023)
1751,,,,,RDO No. 81 - Cebu City North.xlsx,Sheet 6 (DO 054-2023)
1752,,,,,RDO No. 81 - Cebu City North.xlsx,Sheet 6 (DO 054-2023)
1753,,,,,RDO No. 81 - Cebu City North.xlsx,Sheet 6 (DO 054-2023)
1754,ALL AREAS,,ALL AREAS,,RDO No. 81 - Cebu City North.xlsx,Sheet 6 (DO 054-2023)
1755,,,,,RDO No. 81 - Cebu City North.xlsx,Sheet 6 (DO 054-2023)
1756,,,,,RDO No. 81 - Cebu City North.xlsx,Sheet 6 (DO 054-2023)
1757,,,,,RDO No. 81 - Cebu City North.xlsx,Sheet 6 (DO 054-2023)
1758,,,,,RDO No. 81 - Cebu City North.xlsx,Sheet 6 (DO 054-2023)
1759,,,,,RDO No. 81 - Cebu City North.xlsx,Sheet 6 (DO 054-2023)
1760,* New,,* New,,RDO No. 81 - Cebu City North.xlsx,Sheet 6 (DO 054-2023)
1761,,,,,RDO No. 81 - Cebu City North.xlsx,Sheet 6 (DO 054-2023)
1762,,,,,RDO No. 81 - Cebu City North.xlsx,Sheet 6 (DO 054-2023)
1763,Province,,Province,,RDO No. 81 - Cebu City North.xlsx,Sheet 6 (DO 054-2023)
1764,,,,,RDO No. 81 - Cebu City North.xlsx,Sheet 6 (DO 054-2023)
1765,City/Municipality,,City/Municipality,,RDO No. 81 - Cebu City North.xlsx,Sheet 6 (DO 054-2023)
1766,,,,,RDO No. 81 - Cebu City North.xlsx,Sheet 6 (DO 054-2023)
1767,Barangay,,Barangay,,RDO No. 81 - Cebu City North.xlsx,Sheet 6 (DO 054-2023)
1768,,,,,RDO No. 81 - Cebu City North.xlsx,Sheet 6 (DO 054-2023)
1769,STREET NAME / SUBDIVISION/CONDOMINIUM,,STREET NAME / SUBDIVISION/CONDOMINIUM,,RDO No. 81 - Cebu City North.xlsx,Sheet 6 (DO 054-2023)
1770,,,,,RDO No. 81 - Cebu City North.xlsx,Sheet 6 (DO 054-2023)
1771,,,,,RDO No. 81 - Cebu City North.xlsx,Sheet 6 (DO 054-2023)
1772,STREETS,,STREETS,,RDO No. 81 - Cebu City North.xlsx,Sheet 6 (DO 054-2023)
1773,PIT-OS PROPER,,PIT-OS PROPER,,RDO No. 81 - Cebu City North.xlsx,Sheet 6 (DO 054-2023)
1774,,,,,RDO No. 81 - Cebu City North.xlsx,Sheet 6 (DO 054-2023)
1775,,,,,RDO No. 81 - Cebu City North.xlsx,Sheet 6 (DO 054-2023)
1776,,,,,RDO No. 81 - Cebu City North.xlsx,Sheet 6 (DO 054-2023)
1777,SITIO KABANGHAN,,SITIO KABANGHAN,,RDO No. 81 - Cebu City North.xlsx,Sheet 6 (DO 054-2023)
1778,ALL OTHER AREAS,,ALL OTHER AREAS,,RDO No. 81 - Cebu City North.xlsx,Sheet 6 (DO 054-2023)
1779,SUBDIVISIONS,,SUBDIVISIONS,,RDO No. 81 - Cebu City North.xlsx,Sheet 6 (DO 054-2023)
1780,MIRAMONTE SUBDIVISION,,MIRAMONTE SUBDIVISION,,RDO No. 81 - Cebu City North.xlsx,Sheet 6 (DO 054-2023)
1781,RIVERDALE SUBD. (FORMERLY BELFONT SUB. / BETTANY SUBD),,RIVERDALE SUBD. (FORMERLY BELFONT SUB. / BETTANY SUBD),,RDO No. 81 - Cebu City North.xlsx,Sheet 6 (DO 054-2023)
1782,VILLA DEL RIO II SUBD,,VILLA DEL RIO II SUBD,,RDO No. 81 - Cebu City North.xlsx,Sheet 6 (DO 054-2023)
1783,LESSANDRA TALAMBAN SUBD. (CAMELLA),,LESSANDRA TALAMBAN SUBD. (CAMELLA),,RDO No. 81 - Cebu City North.xlsx,Sheet 6 (DO 054-2023)
1784,METROPOLIS SUBDIVISION,,METROPOLIS SUBDIVISION,,RDO No. 81 - Cebu City North.xlsx,Sheet 6 (DO 054-2023)
1785,SUNNYMEDE SUBDIVISION,,SUNNYMEDE SUBDIVISION,,RDO No. 81 - Cebu City North.xlsx,Sheet 6 (DO 054-2023)
1786,PRIVEYA HILLS BACAYAN,,PRIVEYA HILLS BACAYAN,,RDO No. 81 - Cebu City North.xlsx,Sheet 6 (DO 054-2023)
1787,88 SUMMERBRIDGE SUBDIVISION,,88 SUMMERBRIDGE SUBDIVISION,88.0,RDO No. 81 - Cebu City North.xlsx,Sheet 6 (DO 054-2023)
1788,STA. LUISA HOMES,,STA. LUISA HOMES,,RDO No. 81 - Cebu City North.xlsx,Sheet 6 (DO 054-2023)
1789,RIVERSIDE VILLAGE,,RIVERSIDE VILLAGE,,RDO No. 81 - Cebu City North.xlsx,Sheet 6 (DO 054-2023)
1790,UPPER SITE HOMEOWNERS ASSOCIATION,,UPPER SITE HOMEOWNERS ASSOCIATION,,RDO No. 81 - Cebu City North.xlsx,Sheet 6 (DO 054-2023)
1791,URBANVILLE HOMEOWNERS ASSOCIATION,,URBANVILLE HOMEOWNERS ASSOCIATION,,RDO No. 81 - Cebu City North.xlsx,Sheet 6 (DO 054-2023)
1792,ALL OTHER SUBDIVISION,,ALL OTHER SUBDIVISION,,RDO No. 81 - Cebu City North.xlsx,Sheet 6 (DO 054-2023)
1793,,,,,RDO No. 81 - Cebu City North.xlsx,Sheet 6 (DO 054-2023)
1794,CONDOMINIUMS,,CONDOMINIUMS,,RDO No. 81 - Cebu City North.xlsx,Sheet 6 (DO 054-2023)
1795,VILLA DEL RIO COMM-RES CONDO,,VILLA DEL RIO COMM-RES CONDO,,RDO No. 81 - Cebu City North.xlsx,Sheet 6 (DO 054-2023)
1796,PARKING SLOT,,PARKING SLOT,,RDO No. 81 - Cebu City North.xlsx,Sheet 6 (DO 054-2023)
1797,ALL OTHER CONDOMINIUMS,,ALL OTHER CONDOMINIUMS,,RDO No. 81 - Cebu City North.xlsx,Sheet 6 (DO 054-2023)
1798,,,,,RDO No. 81 - Cebu City North.xlsx,Sheet 6 (DO 054-2023)
1799,PARKING SLOT,,PARKING SLOT,,RDO No. 81 - Cebu City North.xlsx,Sheet 6 (DO 054-2023)
1800,,,,,RDO No. 81 - Cebu City North.xlsx,Sheet 6 (DO 054-2023)
1801,,,,,RDO No. 81 - Cebu City North.xlsx,Sheet 6 (DO 054-2023)
1802,,,,,RDO No. 81 - Cebu City North.xlsx,Sheet 6 (DO 054-2023)
1803,Province,,Province,,RDO No. 81 - Cebu City North.xlsx,Sheet 6 (DO 054-2023)
1804,City/Municipality,,City/Municipality,,RDO No. 81 - Cebu City North.xlsx,Sheet 6 (DO 054-2023)
1805,Barangay,,Barangay,,RDO No. 81 - Cebu City North.xlsx,Sheet 6 (DO 054-2023)
1806,,,,,RDO No. 81 - Cebu City North.xlsx,Sheet 6 (DO 054-2023)
1807,STREET NAME / SUBDIVISION/CONDOMINIUM,,STREET NAME / SUBDIVISION/CONDOMINIUM,,RDO No. 81 - Cebu City North.xlsx,Sheet 6 (DO 054-2023)
1808,,,,,RDO No. 81 - Cebu City North.xlsx,Sheet 6 (DO 054-2023)
1809,,,,,RDO No. 81 - Cebu City North.xlsx,Sheet 6 (DO 054-2023)
1810,,,,,RDO No. 81 - Cebu City North.xlsx,Sheet 6 (DO 054-2023)
1811,STREETS,,STREETS,,RDO No. 81 - Cebu City North.xlsx,Sheet 6 (DO 054-2023)
1812,CEBU GOLF POLO CLUB,,CEBU GOLF POLO CLUB,,RDO No. 81 - Cebu City North.xlsx,Sheet 6 (DO 054-2023)
1813,RURAL BARANGAY,,RURAL BARANGAY,,RDO No. 81 - Cebu City North.xlsx,Sheet 6 (DO 054-2023)
1814,,,,,RDO No. 81 - Cebu City North.xlsx,Sheet 6 (DO 054-2023)
1815,SUBURBAN AREAS WITH ROAD,,SUBURBAN AREAS WITH ROAD,,RDO No. 81 - Cebu City North.xlsx,Sheet 6 (DO 054-2023)
1816,,,,,RDO No. 81 - Cebu City North.xlsx,Sheet 6 (DO 054-2023)
1817,,,,,RDO No. 81 - Cebu City North.xlsx,Sheet 6 (DO 054-2023)
1818,SUBURBAN AREAS WITHOUT ROAD,,SUBURBAN AREAS WITHOUT ROAD,,RDO No. 81 - Cebu City North.xlsx,Sheet 6 (DO 054-2023)
1819,,,,,RDO No. 81 - Cebu City North.xlsx,Sheet 6 (DO 054-2023)
1820,TRANSCENTRAL HIGHWAY,,TRANSCENTRAL HIGHWAY,,RDO No. 81 - Cebu City North.xlsx,Sheet 6 (DO 054-2023)
1821,,,,,RDO No. 81 - Cebu City North.xlsx,Sheet 6 (DO 054-2023)
1822,,,,,RDO No. 81 - Cebu City North.xlsx,Sheet 6 (DO 054-2023)
1823,ALL OTHER AREAS (ALL OTHER STREETS),,ALL OTHER AREAS (ALL OTHER STREETS),,RDO No. 81 - Cebu City North.xlsx,Sheet 6 (DO 054-2023)
1824,,,,,RDO No. 81 - Cebu City North.xlsx,Sheet 6 (DO 054-2023)
1825,,,,,RDO No. 81 - Cebu City North.xlsx,Sheet 6 (DO 054-2023)
1826,,,,,RDO No. 81 - Cebu City North.xlsx,Sheet 6 (DO 054-2023)
1827,SUBDIVISIONS,,SUBDIVISIONS,,RDO No. 81 - Cebu City North.xlsx,Sheet 6 (DO 054-2023)
1828,ALL SOCIALIZED HOUSING,,ALL SOCIALIZED HOUSING,,RDO No. 81 - Cebu City North.xlsx,Sheet 6 (DO 054-2023)
1829,* New,,* New,,RDO No. 81 - Cebu City North.xlsx,Sheet 6 (DO 054-2023)
1830,** For deletion,,** For deletion,,RDO No. 81 - Cebu City North.xlsx,Sheet 6 (DO 054-2023)
1831,,,,,RDO No. 81 - Cebu City North.xlsx,Sheet 6 (DO 054-2023)
1832,,,,,RDO No. 81 - Cebu City North.xlsx,Sheet 6 (DO 054-2023)
1833,Province,,Province,,RDO No. 81 - Cebu City North.xlsx,Sheet 6 (DO 054-2023)
1834,,,,,RDO No. 81 - Cebu City North.xlsx,Sheet 6 (DO 054-2023)
1835,City/Municipality,,City/Municipality,,RDO No. 81 - Cebu City North.xlsx,Sheet 6 (DO 054-2023)
1836,,,,,RDO No. 81 - Cebu City North.xlsx,Sheet 6 (DO 054-2023)
1837,Barangay,,Barangay,,RDO No. 81 - Cebu City North.xlsx,Sheet 6 (DO 054-2023)
1838,,,,,RDO No. 81 - Cebu City North.xlsx,Sheet 6 (DO 054-2023)
1839,STREET NAME / SUBDIVISION/CONDOMINIUM,,STREET NAME / SUBDIVISION/CONDOMINIUM,,RDO No. 81 - Cebu City North.xlsx,Sheet 6 (DO 054-2023)
1840,,,,,RDO No. 81 - Cebu City North.xlsx,Sheet 6 (DO 054-2023)
1841,,,,,RDO No. 81 - Cebu City North.xlsx,Sheet 6 (DO 054-2023)
1842,STREETS,,STREETS,,RDO No. 81 - Cebu City North.xlsx,Sheet 6 (DO 054-2023)
1843,ALL AREAS,,ALL AREAS,,RDO No. 81 - Cebu City North.xlsx,Sheet 6 (DO 054-2023)
1844,,,,,RDO No. 81 - Cebu City North.xlsx,Sheet 6 (DO 054-2023)
1845,,,,,RDO No. 81 - Cebu City North.xlsx,Sheet 6 (DO 054-2023)
1846,,,,,RDO No. 81 - Cebu City North.xlsx,Sheet 6 (DO 054-2023)
1847,SUBDIVISIONS,,SUBDIVISIONS,,RDO No. 81 - Cebu City North.xlsx,Sheet 6 (DO 054-2023)
1848,GREENWOOD SUBDIVISION,,GREENWOOD SUBDIVISION,,RDO No. 81 - Cebu City North.xlsx,Sheet 6 (DO 054-2023)
1849,METROPOLIS SUBD.,,METROPOLIS SUBD.,,RDO No. 81 - Cebu City North.xlsx,Sheet 6 (DO 054-2023)
1850,LESSANDRA TALAMBAN SUBD.,,LESSANDRA TALAMBAN SUBD.,,RDO No. 81 - Cebu City North.xlsx,Sheet 6 (DO 054-2023)
1851,RIVERDALE SUBD.,,RIVERDALE SUBD.,,RDO No. 81 - Cebu City North.xlsx,Sheet 6 (DO 054-2023)
1852,RED BARK TREASURES DEV. CORP.(DEVELOPER OF CLEAR WATER RESIDENCES),,RED BARK TREASURES DEV. CORP.(DEVELOPER OF CLEAR WATER RESIDENCES),,RDO No. 81 - Cebu City North.xlsx,Sheet 6 (DO 054-2023)
1853,CLEAR WATER RESIDENCES,,CLEAR WATER RESIDENCES,,RDO No. 81 - Cebu City North.xlsx,Sheet 6 (DO 054-2023)
1854,AGRO MACRO DEV. CORP (DEVELOPER OF REDSTONE VILLAGE),,AGRO MACRO DEV. CORP (DEVELOPER OF REDSTONE VILLAGE),,RDO No. 81 - Cebu City North.xlsx,Sheet 6 (DO 054-2023)
1855,REDSTONE VILLAGE,,REDSTONE VILLAGE,,RDO No. 81 - Cebu City North.xlsx,Sheet 6 (DO 054-2023)
1856,ALL OTHER SUBDIVISION,,ALL OTHER SUBDIVISION,,RDO No. 81 - Cebu City North.xlsx,Sheet 6 (DO 054-2023)
1857,,,,,RDO No. 81 - Cebu City North.xlsx,Sheet 6 (DO 054-2023)
1858,* New,,* New,,RDO No. 81 - Cebu City North.xlsx,Sheet 6 (DO 054-2023)
1859,** For deletion,,** For deletion,,RDO No. 81 - Cebu City North.xlsx,Sheet 6 (DO 054-2023)
1860,,,,,RDO No. 81 - Cebu City North.xlsx,Sheet 6 (DO 054-2023)
1861,,,,,RDO No. 81 - Cebu City North.xlsx,Sheet 6 (DO 054-2023)
1862,Province,,Province,,RDO No. 81 - Cebu City North.xlsx,Sheet 6 (DO 054-2023)
1863,City/Municipality,,City/Municipality,,RDO No. 81 - Cebu City North.xlsx,Sheet 6 (DO 054-2023)
1864,Barangay,,Barangay,,RDO No. 81 - Cebu City North.xlsx,Sheet 6 (DO 054-2023)
1865,,,,,RDO No. 81 - Cebu City North.xlsx,Sheet 6 (DO 054-2023)
1866,STREET NAME / SUBDIVISION/CONDOMINIUM,,STREET NAME / SUBDIVISION/CONDOMINIUM,,RDO No. 81 - Cebu City North.xlsx,Sheet 6 (DO 054-2023)
1867,,,,,RDO No. 81 - Cebu City North.xlsx,Sheet 6 (DO 054-2023)
1868,,,,,RDO No. 81 - Cebu City North.xlsx,Sheet 6 (DO 054-2023)
1869,STREETS,,STREETS,,RDO No. 81 - Cebu City North.xlsx,Sheet 6 (DO 054-2023)
1870,D JAKOSALEM,,D JAKOSALEM,,RDO No. 81 - Cebu City North.xlsx,Sheet 6 (DO 054-2023)
1871,DON PEDRO CUI ST,,DON PEDRO CUI ST,,RDO No. 81 - Cebu City North.xlsx,Sheet 6 (DO 054-2023)
1872,JUNQUERA ST,,JUNQUERA ST,,RDO No. 81 - Cebu City North.xlsx,Sheet 6 (DO 054-2023)
1873,JUNQUERA EXT,,JUNQUERA EXT,,RDO No. 81 - Cebu City North.xlsx,Sheet 6 (DO 054-2023)
1874,P DEL ROSARIO ST,,P DEL ROSARIO ST,,RDO No. 81 - Cebu City North.xlsx,Sheet 6 (DO 054-2023)
1875,,,,,RDO No. 81 - Cebu City North.xlsx,Sheet 6 (DO 054-2023)
1876,PELAEZ ST,,PELAEZ ST,,RDO No. 81 - Cebu City North.xlsx,Sheet 6 (DO 054-2023)
1877,PRES OSMENA BLVD,,PRES OSMENA BLVD,,RDO No. 81 - Cebu City North.xlsx,Sheet 6 (DO 054-2023)
1878,RR LANDON,,RR LANDON,,RDO No. 81 - Cebu City North.xlsx,Sheet 6 (DO 054-2023)
1879,SPL QUALIFICATION,,SPL QUALIFICATION,,RDO No. 81 - Cebu City North.xlsx,Sheet 6 (DO 054-2023)
1880,ALL OTHER STREETS,,ALL OTHER STREETS,,RDO No. 81 - Cebu City North.xlsx,Sheet 6 (DO 054-2023)
1881,,,,,RDO No. 81 - Cebu City North.xlsx,Sheet 6 (DO 054-2023)
1882,INTERIOR AREAS,,INTERIOR AREAS,,RDO No. 81 - Cebu City North.xlsx,Sheet 6 (DO 054-2023)
1883,,,,,RDO No. 81 - Cebu City North.xlsx,Sheet 6 (DO 054-2023)
1884,,,,,RDO No. 81 - Cebu City North.xlsx,Sheet 6 (DO 054-2023)
1885,,,,,RDO No. 81 - Cebu City North.xlsx,Sheet 6 (DO 054-2023)
1886,Province,,Province,,RDO No. 81 - Cebu City North.xlsx,Sheet 6 (DO 054-2023)
1887,City/Municipality,,City/Municipality,,RDO No. 81 - Cebu City North.xlsx,Sheet 6 (DO 054-2023)
1888,Barangay,,Barangay,,RDO No. 81 - Cebu City North.xlsx,Sheet 6 (DO 054-2023)
1889,,,,,RDO No. 81 - Cebu City North.xlsx,Sheet 6 (DO 054-2023)
1890,STREET NAME / SUBDIVISION/CONDOMINIUM,,STREET NAME / SUBDIVISION/CONDOMINIUM,,RDO No. 81 - Cebu City North.xlsx,Sheet 6 (DO 054-2023)
1891,,,,,RDO No. 81 - Cebu City North.xlsx,Sheet 6 (DO 054-2023)
1892,,,,,RDO No. 81 - Cebu City North.xlsx,Sheet 6 (DO 054-2023)
1893,STREETS,,STREETS,,RDO No. 81 - Cebu City North.xlsx,Sheet 6 (DO 054-2023)
1894,ROAD TO LORENZA (LOREGA) BORCES,,ROAD TO LORENZA (LOREGA) BORCES,,RDO No. 81 - Cebu City North.xlsx,Sheet 6 (DO 054-2023)
1895,ROAD TO LORENZA (LOREGA) BORCES,,ROAD TO LORENZA (LOREGA) BORCES,,RDO No. 81 - Cebu City North.xlsx,Sheet 6 (DO 054-2023)
1896,ROAD TO CITE,,ROAD TO CITE,,RDO No. 81 - Cebu City North.xlsx,Sheet 6 (DO 054-2023)
1897,ROAD TO BUTUANON RIVER,,ROAD TO BUTUANON RIVER,,RDO No. 81 - Cebu City North.xlsx,Sheet 6 (DO 054-2023)
1898,ROAD TO BUTUANON RIVER,,ROAD TO BUTUANON RIVER,,RDO No. 81 - Cebu City North.xlsx,Sheet 6 (DO 054-2023)
1899,,,,,RDO No. 81 - Cebu City North.xlsx,Sheet 6 (DO 054-2023)
1900,ALL OTHER STREETS,,ALL OTHER STREETS,,RDO No. 81 - Cebu City North.xlsx,Sheet 6 (DO 054-2023)
1901,,,,,RDO No. 81 - Cebu City North.xlsx,Sheet 6 (DO 054-2023)
1902,SUBDIVISIONS,,SUBDIVISIONS,,RDO No. 81 - Cebu City North.xlsx,Sheet 6 (DO 054-2023)
1903,MARYVILLE HEIGHTS,,MARYVILLE HEIGHTS,,RDO No. 81 - Cebu City North.xlsx,Sheet 6 (DO 054-2023)
1904,KAHAYAHAY 1 SUBD.,,KAHAYAHAY 1 SUBD.,1.0,RDO No. 81 - Cebu City North.xlsx,Sheet 6 (DO 054-2023)
1905,MARYVILLE SUBD.,,MARYVILLE SUBD.,,RDO No. 81 - Cebu City North.xlsx,Sheet 6 (DO 054-2023)
1906,RIDGEDALE SUBD.,,RIDGEDALE SUBD.,,RDO No. 81 - Cebu City North.xlsx,Sheet 6 (DO 054-2023)
1907,VILLA SAN JOSE SUBD.,,VILLA SAN JOSE SUBD.,,RDO No. 81 - Cebu City North.xlsx,Sheet 6 (DO 054-2023)
1908,KAHAYAHAY 2 SUBD.,,KAHAYAHAY 2 SUBD.,2.0,RDO No. 81 - Cebu City North.xlsx,Sheet 6 (DO 054-2023)
1909,NORTH BELLEZAS SUBDIVISION,,NORTH BELLEZAS SUBDIVISION,,RDO No. 81 - Cebu City North.xlsx,Sheet 6 (DO 054-2023)
1910,RED STONE VILLAGE,,RED STONE VILLAGE,,RDO No. 81 - Cebu City North.xlsx,Sheet 6 (DO 054-2023)
1911,BOTANIKA VILLAGE,,BOTANIKA VILLAGE,,RDO No. 81 - Cebu City North.xlsx,Sheet 6 (DO 054-2023)
1912,PRISTINE GROOVE RESIDENCES,,PRISTINE GROOVE RESIDENCES,,RDO No. 81 - Cebu City North.xlsx,Sheet 6 (DO 054-2023)
1913,ROSE CREST RESIDENCES,,ROSE CREST RESIDENCES,,RDO No. 81 - Cebu City North.xlsx,Sheet 6 (DO 054-2023)
1914,ST. MICHAEL HOMEOWNERS ASSOC.,,ST. MICHAEL HOMEOWNERS ASSOC.,,RDO No. 81 - Cebu City North.xlsx,Sheet 6 (DO 054-2023)
1915,M. LHUILLER RELOCATION  SITE,,M. LHUILLER RELOCATION  SITE,,RDO No. 81 - Cebu City North.xlsx,Sheet 6 (DO 054-2023)
1916,PACIFIC GLORYWELL SUBDIVISION,,PACIFIC GLORYWELL SUBDIVISION,,RDO No. 81 - Cebu City North.xlsx,Sheet 6 (DO 054-2023)
1917,M. LHUILLIER GROUP OF COMP. LAND DEVT.,,M. LHUILLIER GROUP OF COMP. LAND DEVT.,,RDO No. 81 - Cebu City North.xlsx,Sheet 6 (DO 054-2023)
1918,ALL SOCIALIZED HOUSING SUBD.,,ALL SOCIALIZED HOUSING SUBD.,,RDO No. 81 - Cebu City North.xlsx,Sheet 6 (DO 054-2023)
1919,ALL OTHER SUBD.,,ALL OTHER SUBD.,,RDO No. 81 - Cebu City North.xlsx,Sheet 6 (DO 054-2023)
1920,* New,,* New,,RDO No. 81 - Cebu City North.xlsx,Sheet 6 (DO 054-2023)
1921,** For deletion,,** For deletion,,RDO No. 81 - Cebu City North.xlsx,Sheet 6 (DO 054-2023)
1922,,,,,RDO No. 81 - Cebu City North.xlsx,Sheet 6 (DO 054-2023)
1923,,,,,RDO No. 81 - Cebu City North.xlsx,Sheet 6 (DO 054-2023)
1924,Province,,Province,,RDO No. 81 - Cebu City North.xlsx,Sheet 6 (DO 054-2023)
1925,City/Municipality,,City/Municipality,,RDO No. 81 - Cebu City North.xlsx,Sheet 6 (DO 054-2023)
1926,Barangay,,Barangay,,RDO No. 81 - Cebu City North.xlsx,Sheet 6 (DO 054-2023)
1927,,,,,RDO No. 81 - Cebu City North.xlsx,Sheet 6 (DO 054-2023)
1928,STREET NAME / SUBDIVISION/CONDOMINIUM,,STREET NAME / SUBDIVISION/CONDOMINIUM,,RDO No. 81 - Cebu City North.xlsx,Sheet 6 (DO 054-2023)
1929,,,,,RDO No. 81 - Cebu City North.xlsx,Sheet 6 (DO 054-2023)
1930,,,,,RDO No. 81 - Cebu City North.xlsx,Sheet 6 (DO 054-2023)
1931,,,,,RDO No. 81 - Cebu City North.xlsx,Sheet 6 (DO 054-2023)
1932,STREETS,,STREETS,,RDO No. 81 - Cebu City North.xlsx,Sheet 6 (DO 054-2023)
1933,A MABINI ST,,A MABINI ST,,RDO No. 81 - Cebu City North.xlsx,Sheet 6 (DO 054-2023)
1934,ARELLANO BLVD,,ARELLANO BLVD,,RDO No. 81 - Cebu City North.xlsx,Sheet 6 (DO 054-2023)
1935,GOMEZ ST,,GOMEZ ST,,RDO No. 81 - Cebu City North.xlsx,Sheet 6 (DO 054-2023)
1936,OSMENA BLVD (J LUNA ST),,OSMENA BLVD (J LUNA ST),,RDO No. 81 - Cebu City North.xlsx,Sheet 6 (DO 054-2023)
1937,JEREZA (LA SOLIDARIDAD),,JEREZA (LA SOLIDARIDAD),,RDO No. 81 - Cebu City North.xlsx,Sheet 6 (DO 054-2023)
1938,LAPULAPU STREET,,LAPULAPU STREET,,RDO No. 81 - Cebu City North.xlsx,Sheet 6 (DO 054-2023)
1939,,,,,RDO No. 81 - Cebu City North.xlsx,Sheet 6 (DO 054-2023)
1940,,,,,RDO No. 81 - Cebu City North.xlsx,Sheet 6 (DO 054-2023)
1941,LEGASPI ST,,LEGASPI ST,,RDO No. 81 - Cebu City North.xlsx,Sheet 6 (DO 054-2023)
1942,LEGASPI EXT,,LEGASPI EXT,,RDO No. 81 - Cebu City North.xlsx,Sheet 6 (DO 054-2023)
1943,LOGARTA EXT,,LOGARTA EXT,,RDO No. 81 - Cebu City North.xlsx,Sheet 6 (DO 054-2023)
1944,M C BRIONES ST,,M C BRIONES ST,,RDO No. 81 - Cebu City North.xlsx,Sheet 6 (DO 054-2023)
1945,M J CUENCO,,M J CUENCO,,RDO No. 81 - Cebu City North.xlsx,Sheet 6 (DO 054-2023)
1946,ML QUEZON BLVD,,ML QUEZON BLVD,,RDO No. 81 - Cebu City North.xlsx,Sheet 6 (DO 054-2023)
1947,P BURGOS ST,,P BURGOS ST,,RDO No. 81 - Cebu City North.xlsx,Sheet 6 (DO 054-2023)
1948,,,,,RDO No. 81 - Cebu City North.xlsx,Sheet 6 (DO 054-2023)
1949,,,,,RDO No. 81 - Cebu City North.xlsx,Sheet 6 (DO 054-2023)
1950,PEIR 2 ROAD,,PEIR 2 ROAD,2.0,RDO No. 81 - Cebu City North.xlsx,Sheet 6 (DO 054-2023)
1951,R PALMA ST,,R PALMA ST,,RDO No. 81 - Cebu City North.xlsx,Sheet 6 (DO 054-2023)
1952,S OSMENA JR BLVD,,S OSMENA JR BLVD,,RDO No. 81 - Cebu City North.xlsx,Sheet 6 (DO 054-2023)
1953,URDANETA ST,,URDANETA ST,,RDO No. 81 - Cebu City North.xlsx,Sheet 6 (DO 054-2023)
1954,V GULLAS ST,,V GULLAS ST,,RDO No. 81 - Cebu City North.xlsx,Sheet 6 (DO 054-2023)
1955,ZULUETA ST,,ZULUETA ST,,RDO No. 81 - Cebu City North.xlsx,Sheet 6 (DO 054-2023)
1956,ALL OTHER ST.,,ALL OTHER ST.,,RDO No. 81 - Cebu City North.xlsx,Sheet 6 (DO 054-2023)
1957,INTERIOR AREAS,,INTERIOR AREAS,,RDO No. 81 - Cebu City North.xlsx,Sheet 6 (DO 054-2023)
1958,,,,,RDO No. 81 - Cebu City North.xlsx,Sheet 6 (DO 054-2023)
1959,,,,,RDO No. 81 - Cebu City North.xlsx,Sheet 6 (DO 054-2023)
1960,,,,,RDO No. 81 - Cebu City North.xlsx,Sheet 6 (DO 054-2023)
1961,,,,,RDO No. 81 - Cebu City North.xlsx,Sheet 6 (DO 054-2023)
1962,Province,,Province,,RDO No. 81 - Cebu City North.xlsx,Sheet 6 (DO 054-2023)
1963,City/Municipality,,City/Municipality,,RDO No. 81 - Cebu City North.xlsx,Sheet 6 (DO 054-2023)
1964,Barangay,,Barangay,,RDO No. 81 - Cebu City North.xlsx,Sheet 6 (DO 054-2023)
1965,,,,,RDO No. 81 - Cebu City North.xlsx,Sheet 6 (DO 054-2023)
1966,STREET NAME / SUBDIVISION/CONDOMINIUM,,STREET NAME / SUBDIVISION/CONDOMINIUM,,RDO No. 81 - Cebu City North.xlsx,Sheet 6 (DO 054-2023)
1967,,,,,RDO No. 81 - Cebu City North.xlsx,Sheet 6 (DO 054-2023)
1968,,,,,RDO No. 81 - Cebu City North.xlsx,Sheet 6 (DO 054-2023)
1969,,,,,RDO No. 81 - Cebu City North.xlsx,Sheet 6 (DO 054-2023)
1970,STREETS,,STREETS,,RDO No. 81 - Cebu City North.xlsx,Sheet 6 (DO 054-2023)
1971,CEBU GOLF & POLO CLUB,,CEBU GOLF & POLO CLUB,,RDO No. 81 - Cebu City North.xlsx,Sheet 6 (DO 054-2023)
1972,,,,,RDO No. 81 - Cebu City North.xlsx,Sheet 6 (DO 054-2023)
1973,,,,,RDO No. 81 - Cebu City North.xlsx,Sheet 6 (DO 054-2023)
1974,,,,,RDO No. 81 - Cebu City North.xlsx,Sheet 6 (DO 054-2023)
1975,KAN-IRAG PARK (KANG IRAG PARK),,KAN-IRAG PARK (KANG IRAG PARK),,RDO No. 81 - Cebu City North.xlsx,Sheet 6 (DO 054-2023)
1976,,,,,RDO No. 81 - Cebu City North.xlsx,Sheet 6 (DO 054-2023)
1977,,,,,RDO No. 81 - Cebu City North.xlsx,Sheet 6 (DO 054-2023)
1978,,,,,RDO No. 81 - Cebu City North.xlsx,Sheet 6 (DO 054-2023)
1979,ALL RECREATIONAL AREAS,,ALL RECREATIONAL AREAS,,RDO No. 81 - Cebu City North.xlsx,Sheet 6 (DO 054-2023)
1980,,,,,RDO No. 81 - Cebu City North.xlsx,Sheet 6 (DO 054-2023)
1981,ALL OTHER AREAS (ALL OTHER STREETS),,ALL OTHER AREAS (ALL OTHER STREETS),,RDO No. 81 - Cebu City North.xlsx,Sheet 6 (DO 054-2023)
1982,,,,,RDO No. 81 - Cebu City North.xlsx,Sheet 6 (DO 054-2023)
1983,,,,,RDO No. 81 - Cebu City North.xlsx,Sheet 6 (DO 054-2023)
1984,,,,,RDO No. 81 - Cebu City North.xlsx,Sheet 6 (DO 054-2023)
1985,,,,,RDO No. 81 - Cebu City North.xlsx,Sheet 6 (DO 054-2023)
1986,SUBDIVISIONS,,SUBDIVISIONS,,RDO No. 81 - Cebu City North.xlsx,Sheet 6 (DO 054-2023)
1987,ALL SOCIALIZED AND ALL SUBDIVISION,,ALL SOCIALIZED AND ALL SUBDIVISION,,RDO No. 81 - Cebu City North.xlsx,Sheet 6 (DO 054-2023)
1988,,,,,RDO No. 81 - Cebu City North.xlsx,Sheet 6 (DO 054-2023)
1989,* New,,* New,,RDO No. 81 - Cebu City North.xlsx,Sheet 6 (DO 054-2023)
1990,,,,,RDO No. 81 - Cebu City North.xlsx,Sheet 6 (DO 054-2023)
1991,,,,,RDO No. 81 - Cebu City North.xlsx,Sheet 6 (DO 054-2023)
1992,Province,,Province,,RDO No. 81 - Cebu City North.xlsx,Sheet 6 (DO 054-2023)
1993,City/Municipality,,City/Municipality,,RDO No. 81 - Cebu City North.xlsx,Sheet 6 (DO 054-2023)
1994,Barangay,,Barangay,,RDO No. 81 - Cebu City North.xlsx,Sheet 6 (DO 054-2023)
1995,,,,,RDO No. 81 - Cebu City North.xlsx,Sheet 6 (DO 054-2023)
1996,STREET NAME / SUBDIVISION/CONDOMINIUM,,STREET NAME / SUBDIVISION/CONDOMINIUM,,RDO No. 81 - Cebu City North.xlsx,Sheet 6 (DO 054-2023)
1997,,,,,RDO No. 81 - Cebu City North.xlsx,Sheet 6 (DO 054-2023)
1998,,,,,RDO No. 81 - Cebu City North.xlsx,Sheet 6 (DO 054-2023)
1999,,,,,RDO No. 81 - Cebu City North.xlsx,Sheet 6 (DO 054-2023)
2000,STREETS,,STREETS,,RDO No. 81 - Cebu City North.xlsx,Sheet 6 (DO 054-2023)
2001,ARLINGTON POND,,ARLINGTON POND,,RDO No. 81 - Cebu City North.xlsx,Sheet 6 (DO 054-2023)
2002,,,,,RDO No. 81 - Cebu City North.xlsx,Sheet 6 (DO 054-2023)
2003,A VILLANUEVA  ST,,A VILLANUEVA  ST,,RDO No. 81 - Cebu City North.xlsx,Sheet 6 (DO 054-2023)
2004,GEN. MAXILOM AVE,,GEN. MAXILOM AVE,,RDO No. 81 - Cebu City North.xlsx,Sheet 6 (DO 054-2023)
2005,F RAMOS ST,,F RAMOS ST,,RDO No. 81 - Cebu City North.xlsx,Sheet 6 (DO 054-2023)
2006,,,,,RDO No. 81 - Cebu City North.xlsx,Sheet 6 (DO 054-2023)
2007,JUNQUERA ST,,JUNQUERA ST,,RDO No. 81 - Cebu City North.xlsx,Sheet 6 (DO 054-2023)
2008,PELAEZ EXT,,PELAEZ EXT,,RDO No. 81 - Cebu City North.xlsx,Sheet 6 (DO 054-2023)
2009,PRES OSMENA BLVD,,PRES OSMENA BLVD,,RDO No. 81 - Cebu City North.xlsx,Sheet 6 (DO 054-2023)
2010,,,,,RDO No. 81 - Cebu City North.xlsx,Sheet 6 (DO 054-2023)
2011,RR LANDON ST,,RR LANDON ST,,RDO No. 81 - Cebu City North.xlsx,Sheet 6 (DO 054-2023)
2012,V RANUDO ST,,V RANUDO ST,,RDO No. 81 - Cebu City North.xlsx,Sheet 6 (DO 054-2023)
2013,ALL OTHER STREETS,,ALL OTHER STREETS,,RDO No. 81 - Cebu City North.xlsx,Sheet 6 (DO 054-2023)
2014,,,,,RDO No. 81 - Cebu City North.xlsx,Sheet 6 (DO 054-2023)
2015,,,,,RDO No. 81 - Cebu City North.xlsx,Sheet 6 (DO 054-2023)
2016,CONDOMINIUMS / TOWNHOUSES,,CONDOMINIUMS / TOWNHOUSES,,RDO No. 81 - Cebu City North.xlsx,Sheet 6 (DO 054-2023)
2017,ONE CKS TOWER CONDOMINIUM***,,ONE CKS TOWER CONDOMINIUM***,,RDO No. 81 - Cebu City North.xlsx,Sheet 6 (DO 054-2023)
2018,PARKING SLOT,,PARKING SLOT,,RDO No. 81 - Cebu City North.xlsx,Sheet 6 (DO 054-2023)
2019,OSMENA TOWER CONDOMINIUM,,OSMENA TOWER CONDOMINIUM,,RDO No. 81 - Cebu City North.xlsx,Sheet 6 (DO 054-2023)
2020,PARKING SLOT,,PARKING SLOT,,RDO No. 81 - Cebu City North.xlsx,Sheet 6 (DO 054-2023)
2021,FUENTE TOWER 3,,FUENTE TOWER 3,3.0,RDO No. 81 - Cebu City North.xlsx,Sheet 6 (DO 054-2023)
2022,,,,,RDO No. 81 - Cebu City North.xlsx,Sheet 6 (DO 054-2023)
2023,ULTIMA RESIDENCES-FUENTE((FORMERLY FUENTE TOWER 3),,ULTIMA RESIDENCES-FUENTE((FORMERLY FUENTE TOWER 3),-3.0,RDO No. 81 - Cebu City North.xlsx,Sheet 6 (DO 054-2023)
2024,,,,,RDO No. 81 - Cebu City North.xlsx,Sheet 6 (DO 054-2023)
2025,,,,,RDO No. 81 - Cebu City North.xlsx,Sheet 6 (DO 054-2023)
2026,ULTIMA RESIDENCES-RAMOS(FORMERLY OSMENA TOWER CONDOMINIUM),,ULTIMA RESIDENCES-RAMOS(FORMERLY OSMENA TOWER CONDOMINIUM),,RDO No. 81 - Cebu City North.xlsx,Sheet 6 (DO 054-2023)
2027,,,,,RDO No. 81 - Cebu City North.xlsx,Sheet 6 (DO 054-2023)
2028,,,,,RDO No. 81 - Cebu City North.xlsx,Sheet 6 (DO 054-2023)
2029,ULTIMA PRIME,,ULTIMA PRIME,,RDO No. 81 - Cebu City North.xlsx,Sheet 6 (DO 054-2023)
2030,,,,,RDO No. 81 - Cebu City North.xlsx,Sheet 6 (DO 054-2023)
2031,,,,,RDO No. 81 - Cebu City North.xlsx,Sheet 6 (DO 054-2023)
2032,RAMOS TOWER,,RAMOS TOWER,,RDO No. 81 - Cebu City North.xlsx,Sheet 6 (DO 054-2023)
2033,PARKING SLOT,,PARKING SLOT,,RDO No. 81 - Cebu City North.xlsx,Sheet 6 (DO 054-2023)
2034,ALL OTHER CONDOMINIUMS,,ALL OTHER CONDOMINIUMS,,RDO No. 81 - Cebu City North.xlsx,Sheet 6 (DO 054-2023)
2035,,,,,RDO No. 81 - Cebu City North.xlsx,Sheet 6 (DO 054-2023)
2036,,,,,RDO No. 81 - Cebu City North.xlsx,Sheet 6 (DO 054-2023)
2037,* New,,* New,,RDO No. 81 - Cebu City North.xlsx,Sheet 6 (DO 054-2023)
2038,** For deletion,,** For deletion,,RDO No. 81 - Cebu City North.xlsx,Sheet 6 (DO 054-2023)
2039,*** Transferred to (Name of barangay),,*** Transferred to (Name of barangay),,RDO No. 81 - Cebu City North.xlsx,Sheet 6 (DO 054-2023)
2040,**** Transferred from Brgy. Cogon Central,,**** Transferred from Brgy. Cogon Central,,RDO No. 81 - Cebu City North.xlsx,Sheet 6 (DO 054-2023)
2041,,,,,RDO No. 81 - Cebu City North.xlsx,Sheet 6 (DO 054-2023)
2042,,,,,RDO No. 81 - Cebu City North.xlsx,Sheet 6 (DO 054-2023)
2043,Province,,Province,,RDO No. 81 - Cebu City North.xlsx,Sheet 6 (DO 054-2023)
2044,City/Municipality,,City/Municipality,,RDO No. 81 - Cebu City North.xlsx,Sheet 6 (DO 054-2023)
2045,Barangay,,Barangay,,RDO No. 81 - Cebu City North.xlsx,Sheet 6 (DO 054-2023)
2046,,,,,RDO No. 81 - Cebu City North.xlsx,Sheet 6 (DO 054-2023)
2047,STREET NAME / SUBDIVISION/CONDOMINIUM,,STREET NAME / SUBDIVISION/CONDOMINIUM,,RDO No. 81 - Cebu City North.xlsx,Sheet 6 (DO 054-2023)
2048,,,,,RDO No. 81 - Cebu City North.xlsx,Sheet 6 (DO 054-2023)
2049,,,,,RDO No. 81 - Cebu City North.xlsx,Sheet 6 (DO 054-2023)
2050,,,,,RDO No. 81 - Cebu City North.xlsx,Sheet 6 (DO 054-2023)
2051,STREETS,,STREETS,,RDO No. 81 - Cebu City North.xlsx,Sheet 6 (DO 054-2023)
2052,A. VILLE ST.,,A. VILLE ST.,,RDO No. 81 - Cebu City North.xlsx,Sheet 6 (DO 054-2023)
2053,BONIFACIO,,BONIFACIO,,RDO No. 81 - Cebu City North.xlsx,Sheet 6 (DO 054-2023)
2054,"DON CUENCO, MARIANO J. AVE.",,"DON CUENCO, MARIANO J. AVE.",,RDO No. 81 - Cebu City North.xlsx,Sheet 6 (DO 054-2023)
2055,F. VILLA,,F. VILLA,,RDO No. 81 - Cebu City North.xlsx,Sheet 6 (DO 054-2023)
2056,GEN LOREGA,,GEN LOREGA,,RDO No. 81 - Cebu City North.xlsx,Sheet 6 (DO 054-2023)
2057,MARCOS MORELES STREET,,MARCOS MORELES STREET,,RDO No. 81 - Cebu City North.xlsx,Sheet 6 (DO 054-2023)
2058,MJ CUENCO AVE,,MJ CUENCO AVE,,RDO No. 81 - Cebu City North.xlsx,Sheet 6 (DO 054-2023)
2059,,,,,RDO No. 81 - Cebu City North.xlsx,Sheet 6 (DO 054-2023)
2060,OLD PHIL RAILWAY (IMUS ST),,OLD PHIL RAILWAY (IMUS ST),,RDO No. 81 - Cebu City North.xlsx,Sheet 6 (DO 054-2023)
2061,SIKATUNA,,SIKATUNA,,RDO No. 81 - Cebu City North.xlsx,Sheet 6 (DO 054-2023)
2062,SITIO EAGLE STREET,,SITIO EAGLE STREET,,RDO No. 81 - Cebu City North.xlsx,Sheet 6 (DO 054-2023)
2063,T VILLA PRIVATE ROAD,,T VILLA PRIVATE ROAD,,RDO No. 81 - Cebu City North.xlsx,Sheet 6 (DO 054-2023)
2064,T PADILLA,,T PADILLA,,RDO No. 81 - Cebu City North.xlsx,Sheet 6 (DO 054-2023)
2065,,,,,RDO No. 81 - Cebu City North.xlsx,Sheet 6 (DO 054-2023)
2066,ALL OTHER STREETS,,ALL OTHER STREETS,,RDO No. 81 - Cebu City North.xlsx,Sheet 6 (DO 054-2023)
2067,,,,,RDO No. 81 - Cebu City North.xlsx,Sheet 6 (DO 054-2023)
2068,,,,,RDO No. 81 - Cebu City North.xlsx,Sheet 6 (DO 054-2023)
2069,* New,,* New,,RDO No. 81 - Cebu City North.xlsx,Sheet 6 (DO 054-2023)
2070,,,,,RDO No. 81 - Cebu City North.xlsx,Sheet 6 (DO 054-2023)
2071,,,,,RDO No. 81 - Cebu City North.xlsx,Sheet 6 (DO 054-2023)
2072,Province,,Province,,RDO No. 81 - Cebu City North.xlsx,Sheet 6 (DO 054-2023)
2073,City/Municipality,,City/Municipality,,RDO No. 81 - Cebu City North.xlsx,Sheet 6 (DO 054-2023)
2074,Barangay,,Barangay,,RDO No. 81 - Cebu City North.xlsx,Sheet 6 (DO 054-2023)
2075,,,,,RDO No. 81 - Cebu City North.xlsx,Sheet 6 (DO 054-2023)
2076,STREET NAME / SUBDIVISION/CONDOMINIUM,,STREET NAME / SUBDIVISION/CONDOMINIUM,,RDO No. 81 - Cebu City North.xlsx,Sheet 6 (DO 054-2023)
2077,,,,,RDO No. 81 - Cebu City North.xlsx,Sheet 6 (DO 054-2023)
2078,,,,,RDO No. 81 - Cebu City North.xlsx,Sheet 6 (DO 054-2023)
2079,STREETS,,STREETS,,RDO No. 81 - Cebu City North.xlsx,Sheet 6 (DO 054-2023)
2080,A BORBAJO ST,,A BORBAJO ST,,RDO No. 81 - Cebu City North.xlsx,Sheet 6 (DO 054-2023)
2081,EL DORADO II,,EL DORADO II,,RDO No. 81 - Cebu City North.xlsx,Sheet 6 (DO 054-2023)
2082,HIGHWAY II,,HIGHWAY II,,RDO No. 81 - Cebu City North.xlsx,Sheet 6 (DO 054-2023)
2083,HIGHWAY 77,,HIGHWAY 77,77.0,RDO No. 81 - Cebu City North.xlsx,Sheet 6 (DO 054-2023)
2084,ROAD TO TALAMBAN,,ROAD TO TALAMBAN,,RDO No. 81 - Cebu City North.xlsx,Sheet 6 (DO 054-2023)
2085,,,,,RDO No. 81 - Cebu City North.xlsx,Sheet 6 (DO 054-2023)
2086,,,,,RDO No. 81 - Cebu City North.xlsx,Sheet 6 (DO 054-2023)
2087,,,,,RDO No. 81 - Cebu City North.xlsx,Sheet 6 (DO 054-2023)
2088,,,,,RDO No. 81 - Cebu City North.xlsx,Sheet 6 (DO 054-2023)
2089,,,,,RDO No. 81 - Cebu City North.xlsx,Sheet 6 (DO 054-2023)
2090,,,,,RDO No. 81 - Cebu City North.xlsx,Sheet 6 (DO 054-2023)
2091,,,,,RDO No. 81 - Cebu City North.xlsx,Sheet 6 (DO 054-2023)
2092,,,,,RDO No. 81 - Cebu City North.xlsx,Sheet 6 (DO 054-2023)
2093,,,,,RDO No. 81 - Cebu City North.xlsx,Sheet 6 (DO 054-2023)
2094,,,,,RDO No. 81 - Cebu City North.xlsx,Sheet 6 (DO 054-2023)
2095,,,,,RDO No. 81 - Cebu City North.xlsx,Sheet 6 (DO 054-2023)
2096,MAHOGANY GROVE,,MAHOGANY GROVE,,RDO No. 81 - Cebu City North.xlsx,Sheet 6 (DO 054-2023)
2097,ROAD TO KAUSWAGAN,,ROAD TO KAUSWAGAN,,RDO No. 81 - Cebu City North.xlsx,Sheet 6 (DO 054-2023)
2098,,,,,RDO No. 81 - Cebu City North.xlsx,Sheet 6 (DO 054-2023)
2099,TAC-AN ST,,TAC-AN ST,,RDO No. 81 - Cebu City North.xlsx,Sheet 6 (DO 054-2023)
2100,,,,,RDO No. 81 - Cebu City North.xlsx,Sheet 6 (DO 054-2023)
2101,ALL OTHER STREETS,,ALL OTHER STREETS,,RDO No. 81 - Cebu City North.xlsx,Sheet 6 (DO 054-2023)
2102,,,,,RDO No. 81 - Cebu City North.xlsx,Sheet 6 (DO 054-2023)
2103,SUBDIVISIONS,,SUBDIVISIONS,,RDO No. 81 - Cebu City North.xlsx,Sheet 6 (DO 054-2023)
2104,MARYVILLE SUBD,,MARYVILLE SUBD,,RDO No. 81 - Cebu City North.xlsx,Sheet 6 (DO 054-2023)
2105,NASHVILLE SUBD,,NASHVILLE SUBD,,RDO No. 81 - Cebu City North.xlsx,Sheet 6 (DO 054-2023)
2106,NORTH TOWN HOMES SUBD,,NORTH TOWN HOMES SUBD,,RDO No. 81 - Cebu City North.xlsx,Sheet 6 (DO 054-2023)
2107,SILVER HILLS SUBD,,SILVER HILLS SUBD,,RDO No. 81 - Cebu City North.xlsx,Sheet 6 (DO 054-2023)
2108,ST ANTHONY SUBD,,ST ANTHONY SUBD,,RDO No. 81 - Cebu City North.xlsx,Sheet 6 (DO 054-2023)
2109,SUNNY HILLS PHASE 1,,SUNNY HILLS PHASE 1,1.0,RDO No. 81 - Cebu City North.xlsx,Sheet 6 (DO 054-2023)
2110,SUNNY HILLS SUBD PHASE II,,SUNNY HILLS SUBD PHASE II,,RDO No. 81 - Cebu City North.xlsx,Sheet 6 (DO 054-2023)
2111,SUNNY HILLS SUBD PHASE IICARMEL DRIVE SUBDIPI SUBDALL OTHER SUBDIVISIONALL OTHER STREETS,,SUNNY HILLS SUBD PHASE IICARMEL DRIVE SUBDIPI SUBDALL OTHER SUBDIVISIONALL OTHER STREETS,,RDO No. 81 - Cebu City North.xlsx,Sheet 6 (DO 054-2023)
2112,IPI,,IPI,,RDO No. 81 - Cebu City North.xlsx,Sheet 6 (DO 054-2023)
2113,RIVERFRONT,,RIVERFRONT,,RDO No. 81 - Cebu City North.xlsx,Sheet 6 (DO 054-2023)
2114,SUNHERA RESIDENCES,,SUNHERA RESIDENCES,,RDO No. 81 - Cebu City North.xlsx,Sheet 6 (DO 054-2023)
2115,SOLA PLAINS I,,SOLA PLAINS I,,RDO No. 81 - Cebu City North.xlsx,Sheet 6 (DO 054-2023)
2116,SOLA PLAINS DOS,,SOLA PLAINS DOS,,RDO No. 81 - Cebu City North.xlsx,Sheet 6 (DO 054-2023)
2117,VILLA ALLESANDRA,,VILLA ALLESANDRA,,RDO No. 81 - Cebu City North.xlsx,Sheet 6 (DO 054-2023)
2118,SWEET HOMES RESIDENCES,,SWEET HOMES RESIDENCES,,RDO No. 81 - Cebu City North.xlsx,Sheet 6 (DO 054-2023)
2119,SANTORINI RESIDENCES,,SANTORINI RESIDENCES,,RDO No. 81 - Cebu City North.xlsx,Sheet 6 (DO 054-2023)
2120,LA CITADELLA TOWNHOMES,,LA CITADELLA TOWNHOMES,,RDO No. 81 - Cebu City North.xlsx,Sheet 6 (DO 054-2023)
2121,LA GRACIETA TOWNHOMES,,LA GRACIETA TOWNHOMES,,RDO No. 81 - Cebu City North.xlsx,Sheet 6 (DO 054-2023)
2122,GARNETVILLE SUBDIVISION,,GARNETVILLE SUBDIVISION,,RDO No. 81 - Cebu City North.xlsx,Sheet 6 (DO 054-2023)
2123,LIGAYA TOWNHOMES,,LIGAYA TOWNHOMES,,RDO No. 81 - Cebu City North.xlsx,Sheet 6 (DO 054-2023)
2124,LA CITTADELA SUBDIVISION,,LA CITTADELA SUBDIVISION,,RDO No. 81 - Cebu City North.xlsx,Sheet 6 (DO 054-2023)
2125,ALL OTHER SUBDIVISIONS,,ALL OTHER SUBDIVISIONS,,RDO No. 81 - Cebu City North.xlsx,Sheet 6 (DO 054-2023)
2126,ALL OTHER TOWNHOUSES,,ALL OTHER TOWNHOUSES,,RDO No. 81 - Cebu City North.xlsx,Sheet 6 (DO 054-2023)
2127,Province,,Province,,RDO No. 81 - Cebu City North.xlsx,Sheet 6 (DO 054-2023)
2128,City/Municipality,,City/Municipality,,RDO No. 81 - Cebu City North.xlsx,Sheet 6 (DO 054-2023)
2129,Barangay,,Barangay,,RDO No. 81 - Cebu City North.xlsx,Sheet 6 (DO 054-2023)
2130,,,,,RDO No. 81 - Cebu City North.xlsx,Sheet 6 (DO 054-2023)
2131,STREET NAME / SUBDIVISION/CONDOMINIUM,,STREET NAME / SUBDIVISION/CONDOMINIUM,,RDO No. 81 - Cebu City North.xlsx,Sheet 6 (DO 054-2023)
2132,,,,,RDO No. 81 - Cebu City North.xlsx,Sheet 6 (DO 054-2023)
2133,,,,,RDO No. 81 - Cebu City North.xlsx,Sheet 6 (DO 054-2023)
2134,,,,,RDO No. 81 - Cebu City North.xlsx,Sheet 6 (DO 054-2023)
2135,CONDOMINIUMS,,CONDOMINIUMS,,RDO No. 81 - Cebu City North.xlsx,Sheet 6 (DO 054-2023)
2136,LA CITTADELA CONDOMINIUM,,LA CITTADELA CONDOMINIUM,,RDO No. 81 - Cebu City North.xlsx,Sheet 6 (DO 054-2023)
2137,,,,,RDO No. 81 - Cebu City North.xlsx,Sheet 6 (DO 054-2023)
2138,TIVOLI CONDOMINIUM,,TIVOLI CONDOMINIUM,,RDO No. 81 - Cebu City North.xlsx,Sheet 6 (DO 054-2023)
2139,,,,,RDO No. 81 - Cebu City North.xlsx,Sheet 6 (DO 054-2023)
2140,BLOQ RESIDENCES,,BLOQ RESIDENCES,,RDO No. 81 - Cebu City North.xlsx,Sheet 6 (DO 054-2023)
2141,,,,,RDO No. 81 - Cebu City North.xlsx,Sheet 6 (DO 054-2023)
2142,ALL OTHER CONDOMINIUMS,,ALL OTHER CONDOMINIUMS,,RDO No. 81 - Cebu City North.xlsx,Sheet 6 (DO 054-2023)
2143,,,,,RDO No. 81 - Cebu City North.xlsx,Sheet 6 (DO 054-2023)
2144,,,,,RDO No. 81 - Cebu City North.xlsx,Sheet 6 (DO 054-2023)
2145,* New,,* New,,RDO No. 81 - Cebu City North.xlsx,Sheet 6 (DO 054-2023)
2146,** For deletion,,** For deletion,,RDO No. 81 - Cebu City North.xlsx,Sheet 6 (DO 054-2023)
2147,*** Transferred to (Name of barangay),,*** Transferred to (Name of barangay),,RDO No. 81 - Cebu City North.xlsx,Sheet 6 (DO 054-2023)
2148,**** Transferred from (Name of barangay),,**** Transferred from (Name of barangay),,RDO No. 81 - Cebu City North.xlsx,Sheet 6 (DO 054-2023)
2149,"***** 4th Revision was overvalued.
              As per RMO 31-2019 IV.3.f (All Other Subdivision must be lower than the values for identified Subdivisions)",,"***** 4th Revision was overvalued.
              As per RMO 31-2019 IV.3.f (All Other Subdivision must be lower than the values for identified Subdivisions)",,RDO No. 81 - Cebu City North.xlsx,Sheet 6 (DO 054-2023)
2150,,,,,RDO No. 81 - Cebu City North.xlsx,Sheet 6 (DO 054-2023)
2151,,,,,RDO No. 81 - Cebu City North.xlsx,Sheet 6 (DO 054-2023)
2152,Province,,Province,,RDO No. 81 - Cebu City North.xlsx,Sheet 6 (DO 054-2023)
2153,City/Municipality,,City/Municipality,,RDO No. 81 - Cebu City North.xlsx,Sheet 6 (DO 054-2023)
2154,Zone/Barangay,,Zone/Barangay,,RDO No. 81 - Cebu City North.xlsx,Sheet 6 (DO 054-2023)
2155,,,,,RDO No. 81 - Cebu City North.xlsx,Sheet 6 (DO 054-2023)
2156,STREET NAME /                                        SUBDIVISION/CONDOMINIUM,,STREET NAME /                                        SUBDIVISION/CONDOMINIUM,,RDO No. 81 - Cebu City North.xlsx,Sheet 6 (DO 054-2023)
2157,,,,,RDO No. 81 - Cebu City North.xlsx,Sheet 6 (DO 054-2023)
2158,,,,,RDO No. 81 - Cebu City North.xlsx,Sheet 6 (DO 054-2023)
2159,STREETS,,STREETS,,RDO No. 81 - Cebu City North.xlsx,Sheet 6 (DO 054-2023)
2160,ALL AREAS,,ALL AREAS,,RDO No. 81 - Cebu City North.xlsx,Sheet 6 (DO 054-2023)
2161,,,,,RDO No. 81 - Cebu City North.xlsx,Sheet 6 (DO 054-2023)
2162,,,,,RDO No. 81 - Cebu City North.xlsx,Sheet 6 (DO 054-2023)
2163,,,,,RDO No. 81 - Cebu City North.xlsx,Sheet 6 (DO 054-2023)
2164,,,,,RDO No. 81 - Cebu City North.xlsx,Sheet 6 (DO 054-2023)
2165,,,,,RDO No. 81 - Cebu City North.xlsx,Sheet 6 (DO 054-2023)
2166,* New,,* New,,RDO No. 81 - Cebu City North.xlsx,Sheet 6 (DO 054-2023)
2167,,,,,RDO No. 81 - Cebu City North.xlsx,Sheet 6 (DO 054-2023)
2168,,,,,RDO No. 81 - Cebu City North.xlsx,Sheet 6 (DO 054-2023)
2169,Province,,Province,,RDO No. 81 - Cebu City North.xlsx,Sheet 6 (DO 054-2023)
2170,City/Municipality,,City/Municipality,,RDO No. 81 - Cebu City North.xlsx,Sheet 6 (DO 054-2023)
2171,Zone/Barangay,,Zone/Barangay,,RDO No. 81 - Cebu City North.xlsx,Sheet 6 (DO 054-2023)
2172,,,,,RDO No. 81 - Cebu City North.xlsx,Sheet 6 (DO 054-2023)
2173,STREET NAME /                                        SUBDIVISION/CONDOMINIUM,,STREET NAME /                                        SUBDIVISION/CONDOMINIUM,,RDO No. 81 - Cebu City North.xlsx,Sheet 6 (DO 054-2023)
2174,,,,,RDO No. 81 - Cebu City North.xlsx,Sheet 6 (DO 054-2023)
2175,,,,,RDO No. 81 - Cebu City North.xlsx,Sheet 6 (DO 054-2023)
2176,STREETS,,STREETS,,RDO No. 81 - Cebu City North.xlsx,Sheet 6 (DO 054-2023)
2177,GEN. MAXILOM,,GEN. MAXILOM,,RDO No. 81 - Cebu City North.xlsx,Sheet 6 (DO 054-2023)
2178,J VILLAGONZALO,,J VILLAGONZALO,,RDO No. 81 - Cebu City North.xlsx,Sheet 6 (DO 054-2023)
2179,MC ARTHUR BLVD,,MC ARTHUR BLVD,,RDO No. 81 - Cebu City North.xlsx,Sheet 6 (DO 054-2023)
2180,MJ CUENCO AVE,,MJ CUENCO AVE,,RDO No. 81 - Cebu City North.xlsx,Sheet 6 (DO 054-2023)
2181,MARCOS MORELOS ST,,MARCOS MORELOS ST,,RDO No. 81 - Cebu City North.xlsx,Sheet 6 (DO 054-2023)
2182,PGA CANAL 10TH ST,,PGA CANAL 10TH ST,10.0,RDO No. 81 - Cebu City North.xlsx,Sheet 6 (DO 054-2023)
2183,REGINO MERCADO,,REGINO MERCADO,,RDO No. 81 - Cebu City North.xlsx,Sheet 6 (DO 054-2023)
2184,S OSMENA JR BLVD,,S OSMENA JR BLVD,,RDO No. 81 - Cebu City North.xlsx,Sheet 6 (DO 054-2023)
2185,T PADILLA EXT,,T PADILLA EXT,,RDO No. 81 - Cebu City North.xlsx,Sheet 6 (DO 054-2023)
2186,T PADILLA ST,,T PADILLA ST,,RDO No. 81 - Cebu City North.xlsx,Sheet 6 (DO 054-2023)
2187,ULDARICO ALVIOLA,,ULDARICO ALVIOLA,,RDO No. 81 - Cebu City North.xlsx,Sheet 6 (DO 054-2023)
2188,VILLA ABUNO,,VILLA ABUNO,,RDO No. 81 - Cebu City North.xlsx,Sheet 6 (DO 054-2023)
2189,VILLA GONZALO ST.,,VILLA GONZALO ST.,,RDO No. 81 - Cebu City North.xlsx,Sheet 6 (DO 054-2023)
2190,ALL OTHER STREETS,,ALL OTHER STREETS,,RDO No. 81 - Cebu City North.xlsx,Sheet 6 (DO 054-2023)
2191,,,,,RDO No. 81 - Cebu City North.xlsx,Sheet 6 (DO 054-2023)
2192,,,,,RDO No. 81 - Cebu City North.xlsx,Sheet 6 (DO 054-2023)
2193,,,,,RDO No. 81 - Cebu City North.xlsx,Sheet 6 (DO 054-2023)
2194,Province,,Province,,RDO No. 81 - Cebu City North.xlsx,Sheet 6 (DO 054-2023)
2195,City/Municipality,,City/Municipality,,RDO No. 81 - Cebu City North.xlsx,Sheet 6 (DO 054-2023)
2196,Zone/Barangay,,Zone/Barangay,,RDO No. 81 - Cebu City North.xlsx,Sheet 6 (DO 054-2023)
2197,,,,,RDO No. 81 - Cebu City North.xlsx,Sheet 6 (DO 054-2023)
2198,STREET NAME /                                        SUBDIVISION/CONDOMINIUM,,STREET NAME /                                        SUBDIVISION/CONDOMINIUM,,RDO No. 81 - Cebu City North.xlsx,Sheet 6 (DO 054-2023)
2199,,,,,RDO No. 81 - Cebu City North.xlsx,Sheet 6 (DO 054-2023)
2200,,,,,RDO No. 81 - Cebu City North.xlsx,Sheet 6 (DO 054-2023)
2201,STREETS,,STREETS,,RDO No. 81 - Cebu City North.xlsx,Sheet 6 (DO 054-2023)
2202,A. BONIFACIO ST.,,A. BONIFACIO ST.,,RDO No. 81 - Cebu City North.xlsx,Sheet 6 (DO 054-2023)
2203,ALL LOTS ALLEY,,ALL LOTS ALLEY,,RDO No. 81 - Cebu City North.xlsx,Sheet 6 (DO 054-2023)
2204,ARELLANO BLVD,,ARELLANO BLVD,,RDO No. 81 - Cebu City North.xlsx,Sheet 6 (DO 054-2023)
2205,BAGUMBAYAN,,BAGUMBAYAN,,RDO No. 81 - Cebu City North.xlsx,Sheet 6 (DO 054-2023)
2206,BALESTEROS,,BALESTEROS,,RDO No. 81 - Cebu City North.xlsx,Sheet 6 (DO 054-2023)
2207,CJ QUIZON ST.,,CJ QUIZON ST.,,RDO No. 81 - Cebu City North.xlsx,Sheet 6 (DO 054-2023)
2208,CALERO ST.,,CALERO ST.,,RDO No. 81 - Cebu City North.xlsx,Sheet 6 (DO 054-2023)
2209,LOPEZ JAENA ST.,,LOPEZ JAENA ST.,,RDO No. 81 - Cebu City North.xlsx,Sheet 6 (DO 054-2023)
2210,MC ARTHUR BLVD,,MC ARTHUR BLVD,,RDO No. 81 - Cebu City North.xlsx,Sheet 6 (DO 054-2023)
2211,MJ CUENCO AVE.,,MJ CUENCO AVE.,,RDO No. 81 - Cebu City North.xlsx,Sheet 6 (DO 054-2023)
2212,MABINI ST.,,MABINI ST.,,RDO No. 81 - Cebu City North.xlsx,Sheet 6 (DO 054-2023)
2213,QUEZON BLVD.,,QUEZON BLVD.,,RDO No. 81 - Cebu City North.xlsx,Sheet 6 (DO 054-2023)
2214,S OSMENA JR BLVD,,S OSMENA JR BLVD,,RDO No. 81 - Cebu City North.xlsx,Sheet 6 (DO 054-2023)
2215,V SOTTO AVE.,,V SOTTO AVE.,,RDO No. 81 - Cebu City North.xlsx,Sheet 6 (DO 054-2023)
2216,VILLA ABUNO ST,,VILLA ABUNO ST,,RDO No. 81 - Cebu City North.xlsx,Sheet 6 (DO 054-2023)
2217,ZULUETA ST,,ZULUETA ST,,RDO No. 81 - Cebu City North.xlsx,Sheet 6 (DO 054-2023)
2218,ALL OTHER STREETS,,ALL OTHER STREETS,,RDO No. 81 - Cebu City North.xlsx,Sheet 6 (DO 054-2023)
2219,INTERIOR  AREAS,,INTERIOR  AREAS,,RDO No. 81 - Cebu City North.xlsx,Sheet 6 (DO 054-2023)
2220,,,,,RDO No. 81 - Cebu City North.xlsx,Sheet 6 (DO 054-2023)
2221,,,,,RDO No. 81 - Cebu City North.xlsx,Sheet 6 (DO 054-2023)
2222,Province,,Province,,RDO No. 81 - Cebu City North.xlsx,Sheet 6 (DO 054-2023)
2223,City/Municipality,,City/Municipality,,RDO No. 81 - Cebu City North.xlsx,Sheet 6 (DO 054-2023)
2224,Zone/Barangay,,Zone/Barangay,,RDO No. 81 - Cebu City North.xlsx,Sheet 6 (DO 054-2023)
2225,,,,,RDO No. 81 - Cebu City North.xlsx,Sheet 6 (DO 054-2023)
2226,STREET NAME /                                        SUBDIVISION/CONDOMINIUM,,STREET NAME /                                        SUBDIVISION/CONDOMINIUM,,RDO No. 81 - Cebu City North.xlsx,Sheet 6 (DO 054-2023)
2227,,,,,RDO No. 81 - Cebu City North.xlsx,Sheet 6 (DO 054-2023)
2228,,,,,RDO No. 81 - Cebu City North.xlsx,Sheet 6 (DO 054-2023)
2229,STREETS,,STREETS,,RDO No. 81 - Cebu City North.xlsx,Sheet 6 (DO 054-2023)
2230,ALCOHOL ST,,ALCOHOL ST,,RDO No. 81 - Cebu City North.xlsx,Sheet 6 (DO 054-2023)
2231,,,,,RDO No. 81 - Cebu City North.xlsx,Sheet 6 (DO 054-2023)
2232,BENEDICTO EXT.,,BENEDICTO EXT.,,RDO No. 81 - Cebu City North.xlsx,Sheet 6 (DO 054-2023)
2233,BENEDICTO ST,,BENEDICTO ST,,RDO No. 81 - Cebu City North.xlsx,Sheet 6 (DO 054-2023)
2234,,,,,RDO No. 81 - Cebu City North.xlsx,Sheet 6 (DO 054-2023)
2235,CREEK SIDE ST,,CREEK SIDE ST,,RDO No. 81 - Cebu City North.xlsx,Sheet 6 (DO 054-2023)
2236,,,,,RDO No. 81 - Cebu City North.xlsx,Sheet 6 (DO 054-2023)
2237,D. JAKOSALEM ST,,D. JAKOSALEM ST,,RDO No. 81 - Cebu City North.xlsx,Sheet 6 (DO 054-2023)
2238,GEN. ECHAVEZ ST,,GEN. ECHAVEZ ST,,RDO No. 81 - Cebu City North.xlsx,Sheet 6 (DO 054-2023)
2239,GEN. MAXILOM AVE,,GEN. MAXILOM AVE,,RDO No. 81 - Cebu City North.xlsx,Sheet 6 (DO 054-2023)
2240,OLD ROAD,,OLD ROAD,,RDO No. 81 - Cebu City North.xlsx,Sheet 6 (DO 054-2023)
2241,,,,,RDO No. 81 - Cebu City North.xlsx,Sheet 6 (DO 054-2023)
2242,RAHMANN ST (SAN JOSE ST),,RAHMANN ST (SAN JOSE ST),,RDO No. 81 - Cebu City North.xlsx,Sheet 6 (DO 054-2023)
2243,SEPULVEDA ST,,SEPULVEDA ST,,RDO No. 81 - Cebu City North.xlsx,Sheet 6 (DO 054-2023)
2244,SIKATUNA ST,,SIKATUNA ST,,RDO No. 81 - Cebu City North.xlsx,Sheet 6 (DO 054-2023)
2245,,,,,RDO No. 81 - Cebu City North.xlsx,Sheet 6 (DO 054-2023)
2246,ALL OTHER STREETS,,ALL OTHER STREETS,,RDO No. 81 - Cebu City North.xlsx,Sheet 6 (DO 054-2023)
2247,,,,,RDO No. 81 - Cebu City North.xlsx,Sheet 6 (DO 054-2023)
2248,,,,,RDO No. 81 - Cebu City North.xlsx,Sheet 6 (DO 054-2023)
2249,CONDOMINIUMS,,CONDOMINIUMS,,RDO No. 81 - Cebu City North.xlsx,Sheet 6 (DO 054-2023)
2250,CITY CLOU CONDOMINIUM,,CITY CLOU CONDOMINIUM,,RDO No. 81 - Cebu City North.xlsx,Sheet 6 (DO 054-2023)
2251,,,,,RDO No. 81 - Cebu City North.xlsx,Sheet 6 (DO 054-2023)
2252,,,,,RDO No. 81 - Cebu City North.xlsx,Sheet 6 (DO 054-2023)
2253,NATIVIDAD CENTRUM I & II,,NATIVIDAD CENTRUM I & II,,RDO No. 81 - Cebu City North.xlsx,Sheet 6 (DO 054-2023)
2254,PARKING SLOT,,PARKING SLOT,,RDO No. 81 - Cebu City North.xlsx,Sheet 6 (DO 054-2023)
2255,QUEENSLAND MANOR CONDOMINIUM,,QUEENSLAND MANOR CONDOMINIUM,,RDO No. 81 - Cebu City North.xlsx,Sheet 6 (DO 054-2023)
2256,,,,,RDO No. 81 - Cebu City North.xlsx,Sheet 6 (DO 054-2023)
2257,,,,,RDO No. 81 - Cebu City North.xlsx,Sheet 6 (DO 054-2023)
2258,SPIANADA CONDO RESIDENCES,,SPIANADA CONDO RESIDENCES,,RDO No. 81 - Cebu City North.xlsx,Sheet 6 (DO 054-2023)
2259,,,,,RDO No. 81 - Cebu City North.xlsx,Sheet 6 (DO 054-2023)
2260,,,,,RDO No. 81 - Cebu City North.xlsx,Sheet 6 (DO 054-2023)
2261,VISTANA PEARL RESIDENCES,,VISTANA PEARL RESIDENCES,,RDO No. 81 - Cebu City North.xlsx,Sheet 6 (DO 054-2023)
2262,,,,,RDO No. 81 - Cebu City North.xlsx,Sheet 6 (DO 054-2023)
2263,,,,,RDO No. 81 - Cebu City North.xlsx,Sheet 6 (DO 054-2023)
2264,ALL OTHER CONDOMINIUMS,,ALL OTHER CONDOMINIUMS,,RDO No. 81 - Cebu City North.xlsx,Sheet 6 (DO 054-2023)
2265,,,,,RDO No. 81 - Cebu City North.xlsx,Sheet 6 (DO 054-2023)
2266,,,,,RDO No. 81 - Cebu City North.xlsx,Sheet 6 (DO 054-2023)
2267,* New,,* New,,RDO No. 81 - Cebu City North.xlsx,Sheet 6 (DO 054-2023)
2268,,,,,RDO No. 81 - Cebu City North.xlsx,Sheet 6 (DO 054-2023)
2269,,,,,RDO No. 81 - Cebu City North.xlsx,Sheet 6 (DO 054-2023)
2270,CERTAIN GUIDELINES IN THE IMPLEMENTATION OF ZONAL VALUATION OF REAL PROPERTIES FOR,,CERTAIN GUIDELINES IN THE IMPLEMENTATION OF ZONAL VALUATION OF REAL PROPERTIES FOR,,RDO No. 81 - Cebu City North.xlsx,Sheet 6 (DO 054-2023)
2271,RDO NO. 81 - CEBU CITY NORTH,,RDO NO. 81 - CEBU CITY NORTH,,RDO No. 81 - Cebu City North.xlsx,Sheet 6 (DO 054-2023)
2272,,,,,RDO No. 81 - Cebu City North.xlsx,Sheet 6 (DO 054-2023)
2273,1.  NO ZONAL VALUE HAS BEEN PRESCRIBED FOR A PARTICULAR CLASSIFICATION OF REAL PROPERTY,,1.  NO ZONAL VALUE HAS BEEN PRESCRIBED FOR A PARTICULAR CLASSIFICATION OF REAL PROPERTY,1.0,RDO No. 81 - Cebu City North.xlsx,Sheet 6 (DO 054-2023)
2274,,,,,RDO No. 81 - Cebu City North.xlsx,Sheet 6 (DO 054-2023)
2275,WHEREIN THE APPROVED SCHEDULE OF ZONAL VALUES FOR A PARTICULAR BARANGAY -,,WHEREIN THE APPROVED SCHEDULE OF ZONAL VALUES FOR A PARTICULAR BARANGAY -,,RDO No. 81 - Cebu City North.xlsx,Sheet 6 (DO 054-2023)
2276,,,,,RDO No. 81 - Cebu City North.xlsx,Sheet 6 (DO 054-2023)
2277,a.)  NO ZONAL VALUE HAS BEEN PRESCRIBED FOR A PARTICULAR  CLASSIFICATION  IN  A PARTICULAR  STREET/,,a.)  NO ZONAL VALUE HAS BEEN PRESCRIBED FOR A PARTICULAR  CLASSIFICATION  IN  A PARTICULAR  STREET/,,RDO No. 81 - Cebu City North.xlsx,Sheet 6 (DO 054-2023)
2278,"SUBDIVISION IN A BARANGAY,  THE  ZONAL  VALUE  PRESCRIBED FOR  THE SAME CLASSIFICATION  OF  REAL",,"SUBDIVISION IN A BARANGAY,  THE  ZONAL  VALUE  PRESCRIBED FOR  THE SAME CLASSIFICATION  OF  REAL",,RDO No. 81 - Cebu City North.xlsx,Sheet 6 (DO 054-2023)
2279,PROPERTY LOCATED IN  THE  OTHER  STREET/SUBDIVISION  WITHIN THE  SAME  BARANGAY  OF  SIMILAR,,PROPERTY LOCATED IN  THE  OTHER  STREET/SUBDIVISION  WITHIN THE  SAME  BARANGAY  OF  SIMILAR,,RDO No. 81 - Cebu City North.xlsx,Sheet 6 (DO 054-2023)
2280,CONDITIONS SHALL BE USED; AND,,CONDITIONS SHALL BE USED; AND,,RDO No. 81 - Cebu City North.xlsx,Sheet 6 (DO 054-2023)
2281,,,,,RDO No. 81 - Cebu City North.xlsx,Sheet 6 (DO 054-2023)
2282,b.)  NO ZONAL VALUE HAS BEEN PRESCRIBED FOR A PARTICULAR  CLASSIFICATION  OF REAL PROPERTY  IN  ONE,,b.)  NO ZONAL VALUE HAS BEEN PRESCRIBED FOR A PARTICULAR  CLASSIFICATION  OF REAL PROPERTY  IN  ONE,,RDO No. 81 - Cebu City North.xlsx,Sheet 6 (DO 054-2023)
2283,"BARANGAY,  THE ZONAL VALUE PRESCRIBED FOR THE SAME CLASSIFICATION OF REAL PROPERTY LOCATED IN",,"BARANGAY,  THE ZONAL VALUE PRESCRIBED FOR THE SAME CLASSIFICATION OF REAL PROPERTY LOCATED IN",,RDO No. 81 - Cebu City North.xlsx,Sheet 6 (DO 054-2023)
2284,AN ADJACENT BARANGAY OF SIMILAR CONDITIONS SHALL BE USED.,,AN ADJACENT BARANGAY OF SIMILAR CONDITIONS SHALL BE USED.,,RDO No. 81 - Cebu City North.xlsx,Sheet 6 (DO 054-2023)
2285,,,,,RDO No. 81 - Cebu City North.xlsx,Sheet 6 (DO 054-2023)
2286,2.  PREDOMINANT USE OF PROPERTY.,,2.  PREDOMINANT USE OF PROPERTY.,,RDO No. 81 - Cebu City North.xlsx,Sheet 6 (DO 054-2023)
2287,,,,,RDO No. 81 - Cebu City North.xlsx,Sheet 6 (DO 054-2023)
2288,"a.)  ALL REAL PROPERTIES, REGARDLESS OF ACTUAL USE, LOCATED IN A STREET/BARANGAY/ZONE, THE USE OF",,"a.)  ALL REAL PROPERTIES, REGARDLESS OF ACTUAL USE, LOCATED IN A STREET/BARANGAY/ZONE, THE USE OF",,RDO No. 81 - Cebu City North.xlsx,Sheet 6 (DO 054-2023)
2289,"WHICH ARE PREDOMINANTLY COMMERCIAL  SHALL  BE CLASSIFIED  AS  ""COMMERCIAL""  FOR PURPOSES  OF ZONAL VALUATION",,"WHICH ARE PREDOMINANTLY COMMERCIAL  SHALL  BE CLASSIFIED  AS  ""COMMERCIAL""  FOR PURPOSES  OF ZONAL VALUATION",,RDO No. 81 - Cebu City North.xlsx,Sheet 6 (DO 054-2023)
2290,,,,,RDO No. 81 - Cebu City North.xlsx,Sheet 6 (DO 054-2023)
2291,"b.)  THE PREDOMINANT USE OF OTHER CLASSIFICATION OF PROPERTIES LOCATED IN A STREET/BARANGAY/ZONE,",,"b.)  THE PREDOMINANT USE OF OTHER CLASSIFICATION OF PROPERTIES LOCATED IN A STREET/BARANGAY/ZONE,",,RDO No. 81 - Cebu City North.xlsx,Sheet 6 (DO 054-2023)
2292,REGARDLESS OF ACTUAL USE SHALL BE CONSIDERED FOR PURPOSES OF ZONAL VALUATION.,,REGARDLESS OF ACTUAL USE SHALL BE CONSIDERED FOR PURPOSES OF ZONAL VALUATION.,,RDO No. 81 - Cebu City North.xlsx,Sheet 6 (DO 054-2023)
2293,,,,,RDO No. 81 - Cebu City North.xlsx,Sheet 6 (DO 054-2023)
2294,3.  ZONAL VALUES OF CONDOMINIUM UNIT/TOWNHOUSE:,,3.  ZONAL VALUES OF CONDOMINIUM UNIT/TOWNHOUSE:,3.0,RDO No. 81 - Cebu City North.xlsx,Sheet 6 (DO 054-2023)
2295,,,,,RDO No. 81 - Cebu City North.xlsx,Sheet 6 (DO 054-2023)
2296,IF THE TITLE OF A PARTICULAR CONDOMINIUM UNIT/TOWNHOUSE IS -,,IF THE TITLE OF A PARTICULAR CONDOMINIUM UNIT/TOWNHOUSE IS -,,RDO No. 81 - Cebu City North.xlsx,Sheet 6 (DO 054-2023)
2297,,,,,RDO No. 81 - Cebu City North.xlsx,Sheet 6 (DO 054-2023)
2298,"a.)  A CONDOMINIUM CERTIFICATE OF TITLE (CCT), THE ZONAL VALUE OF THE LAND AND THE IMPROVEMENTS",,"a.)  A CONDOMINIUM CERTIFICATE OF TITLE (CCT), THE ZONAL VALUE OF THE LAND AND THE IMPROVEMENTS",,RDO No. 81 - Cebu City North.xlsx,Sheet 6 (DO 054-2023)
2299,SHALL BE TREATED AS ONE; OR,,SHALL BE TREATED AS ONE; OR,,RDO No. 81 - Cebu City North.xlsx,Sheet 6 (DO 054-2023)
2300,,,,,RDO No. 81 - Cebu City North.xlsx,Sheet 6 (DO 054-2023)
2301,"b.)  A TRANSFER CERTIFICATE OF TITLE (TCT),  THE  LAND  AND IMPROVEMENT SHALL  BE  GIVEN  SEPARATE",,"b.)  A TRANSFER CERTIFICATE OF TITLE (TCT),  THE  LAND  AND IMPROVEMENT SHALL  BE  GIVEN  SEPARATE",,RDO No. 81 - Cebu City North.xlsx,Sheet 6 (DO 054-2023)
2302,"VALUES, i.e. ZONAL VALUE/GROSS SELLING  PRICE/FAIR MARKET VALUE  PER  LATEST  TAX  DECLARATION",,"VALUES, i.e. ZONAL VALUE/GROSS SELLING  PRICE/FAIR MARKET VALUE  PER  LATEST  TAX  DECLARATION",,RDO No. 81 - Cebu City North.xlsx,Sheet 6 (DO 054-2023)
2303,"WHICHEVER IS HIGHER AND, IN THE ABSENCE  OF  ZONAL  VALUATION,   PROPERTY  SHALL  BE  VALUED",,"WHICHEVER IS HIGHER AND, IN THE ABSENCE  OF  ZONAL  VALUATION,   PROPERTY  SHALL  BE  VALUED",,RDO No. 81 - Cebu City North.xlsx,Sheet 6 (DO 054-2023)
2304,PURSUANT TO RAMO 2-91.,,PURSUANT TO RAMO 2-91.,,RDO No. 81 - Cebu City North.xlsx,Sheet 6 (DO 054-2023)
2305,,,,,RDO No. 81 - Cebu City North.xlsx,Sheet 6 (DO 054-2023)
2306,THE GROUND FLOOR OF THE  RESIDENTIAL CONDOMINIUM SHALL  BE CLASSIFIED AS COMMERCIAL AND,,THE GROUND FLOOR OF THE  RESIDENTIAL CONDOMINIUM SHALL  BE CLASSIFIED AS COMMERCIAL AND,,RDO No. 81 - Cebu City North.xlsx,Sheet 6 (DO 054-2023)
2307,TWENTY PERENT (20%) OF THE ESTABLISHED VALUE SHALL BE ADDED THERETO.,,TWENTY PERENT (20%) OF THE ESTABLISHED VALUE SHALL BE ADDED THERETO.,20.0,RDO No. 81 - Cebu City North.xlsx,Sheet 6 (DO 054-2023)
2308,,,,,RDO No. 81 - Cebu City North.xlsx,Sheet 6 (DO 054-2023)
2309,4.  AREAS FOR PRIORITY DEVELOPMENT(APD).,,4.  AREAS FOR PRIORITY DEVELOPMENT(APD).,,RDO No. 81 - Cebu City North.xlsx,Sheet 6 (DO 054-2023)
2310,,,,,RDO No. 81 - Cebu City North.xlsx,Sheet 6 (DO 054-2023)
2311,THESE ARE AREAS IDENTIFIED AS AREAS FOR PRIORITY DEVELOPMENT CERTIFIED TO AS SUCH BY,,THESE ARE AREAS IDENTIFIED AS AREAS FOR PRIORITY DEVELOPMENT CERTIFIED TO AS SUCH BY,,RDO No. 81 - Cebu City North.xlsx,Sheet 6 (DO 054-2023)
2312,"THE DEPARTMENT OF HUMAN SETTLEMENTS AND URBAN DEVELOPMENT (DHSUD).  IF IT IS UTILIZED FOR SOCIALIZED HOUSING, IT",,"THE DEPARTMENT OF HUMAN SETTLEMENTS AND URBAN DEVELOPMENT (DHSUD).  IF IT IS UTILIZED FOR SOCIALIZED HOUSING, IT",,RDO No. 81 - Cebu City North.xlsx,Sheet 6 (DO 054-2023)
2313,"SHALL BE CERTIFIED  TO  AS  SUCH  BY  THE    PROPER   GOVERNMENT  AGENCY  SUCH  AS,   PRESIDENTIAL",,"SHALL BE CERTIFIED  TO  AS  SUCH  BY  THE    PROPER   GOVERNMENT  AGENCY  SUCH  AS,   PRESIDENTIAL",,RDO No. 81 - Cebu City North.xlsx,Sheet 6 (DO 054-2023)
2314,"COMMISSION ON URBAN POOR (PCUP), NATIONAL HOUSING AUTHORITY (NHA), ETC.",,"COMMISSION ON URBAN POOR (PCUP), NATIONAL HOUSING AUTHORITY (NHA), ETC.",,RDO No. 81 - Cebu City North.xlsx,Sheet 6 (DO 054-2023)
2315,,,,,RDO No. 81 - Cebu City North.xlsx,Sheet 6 (DO 054-2023)
2316,SECOND SALE OF LOT IDENTIFIED AS LOCATED IN THE APD SHALL NO LONGER BE VALUED AS AN  APD AND,,SECOND SALE OF LOT IDENTIFIED AS LOCATED IN THE APD SHALL NO LONGER BE VALUED AS AN  APD AND,,RDO No. 81 - Cebu City North.xlsx,Sheet 6 (DO 054-2023)
2317,SHALL BE  TREATED AS AN ORDINARY REAL PROPERTY.,,SHALL BE  TREATED AS AN ORDINARY REAL PROPERTY.,,RDO No. 81 - Cebu City North.xlsx,Sheet 6 (DO 054-2023)
2318,,,,,RDO No. 81 - Cebu City North.xlsx,Sheet 6 (DO 054-2023)
2319,5. DIVISION OF A BARANGAY,,5. DIVISION OF A BARANGAY,5.0,RDO No. 81 - Cebu City North.xlsx,Sheet 6 (DO 054-2023)
2320,,,,,RDO No. 81 - Cebu City North.xlsx,Sheet 6 (DO 054-2023)
2321,"IN THE EVENT THAT AN EXISTING BARANGAY IS DIVIDED INTO TWO OR MORE BARANGAYS, THE ZONAL",,"IN THE EVENT THAT AN EXISTING BARANGAY IS DIVIDED INTO TWO OR MORE BARANGAYS, THE ZONAL",,RDO No. 81 - Cebu City North.xlsx,Sheet 6 (DO 054-2023)
2322,VALUE PRESCRIBED FOR THE EXISTING BARANGAY SHALL BE USED FOR THE NEWLY CREATED BARANGAY,,VALUE PRESCRIBED FOR THE EXISTING BARANGAY SHALL BE USED FOR THE NEWLY CREATED BARANGAY,,RDO No. 81 - Cebu City North.xlsx,Sheet 6 (DO 054-2023)
2323,,,,,RDO No. 81 - Cebu City North.xlsx,Sheet 6 (DO 054-2023)
2324,6. PARKING SLOT (PS),,6. PARKING SLOT (PS),6.0,RDO No. 81 - Cebu City North.xlsx,Sheet 6 (DO 054-2023)
2325,,,,,RDO No. 81 - Cebu City North.xlsx,Sheet 6 (DO 054-2023)
2326,"IF NO ZONAL VALUE HAS BEEN PRESCRIBED FOR PARKING SLOTS, THE VALUE SHOULD BE 60% OF THE",,"IF NO ZONAL VALUE HAS BEEN PRESCRIBED FOR PARKING SLOTS, THE VALUE SHOULD BE 60% OF THE",60.0,RDO No. 81 - Cebu City North.xlsx,Sheet 6 (DO 054-2023)
2327,AMOUNT OF THE UNIT SOLD,,AMOUNT OF THE UNIT SOLD,,RDO No. 81 - Cebu City North.xlsx,Sheet 6 (DO 054-2023)
2328,,,,,RDO No. 81 - Cebu City North.xlsx,Sheet 6 (DO 054-2023)
2329,7. INSTITUTION (X),,7. INSTITUTION (X),7.0,RDO No. 81 - Cebu City North.xlsx,Sheet 6 (DO 054-2023)
2330,,,,,RDO No. 81 - Cebu City North.xlsx,Sheet 6 (DO 054-2023)
2331,"THESE ARE AREAS FOR SCHOOL, HOSPITAL AND CHURCHES. IF NO ZONAL VALUE HAS BEEN PRESCRIBED,",,"THESE ARE AREAS FOR SCHOOL, HOSPITAL AND CHURCHES. IF NO ZONAL VALUE HAS BEEN PRESCRIBED,",,RDO No. 81 - Cebu City North.xlsx,Sheet 6 (DO 054-2023)
2332,"THE COMMERCIAL VALUE OF THE PROPERTY NEAREST TO THE INSTITUTION, WITHIN THE SAME BARANGAY",,"THE COMMERCIAL VALUE OF THE PROPERTY NEAREST TO THE INSTITUTION, WITHIN THE SAME BARANGAY",,RDO No. 81 - Cebu City North.xlsx,Sheet 6 (DO 054-2023)
2333,AND STREET SHALL BE USED,,AND STREET SHALL BE USED,,RDO No. 81 - Cebu City North.xlsx,Sheet 6 (DO 054-2023)
2334,,,,,RDO No. 81 - Cebu City North.xlsx,Sheet 6 (DO 054-2023)
2335,8.  ZONAL VALUE OR FMV ESTABLISHED IN THE SCHEDULE OF VALUES OF ASSESSORS.,,8.  ZONAL VALUE OR FMV ESTABLISHED IN THE SCHEDULE OF VALUES OF ASSESSORS.,,RDO No. 81 - Cebu City North.xlsx,Sheet 6 (DO 054-2023)
2336,,,,,RDO No. 81 - Cebu City North.xlsx,Sheet 6 (DO 054-2023)
2337,THE ZONAL VALUES ESTABLISHED HEREIN SHALL APPLY IN COMPUTING ALL INTERNAL REVENUE TAXES (i.e.,,THE ZONAL VALUES ESTABLISHED HEREIN SHALL APPLY IN COMPUTING ALL INTERNAL REVENUE TAXES (i.e.,,RDO No. 81 - Cebu City North.xlsx,Sheet 6 (DO 054-2023)
2338,"CAPITAL GAINS,  CREDITABLE WITHHOLDING,  ESTATE,  DONOR'S AND DOCUEMNTARY STAMP TAXES)  DUE  ON",,"CAPITAL GAINS,  CREDITABLE WITHHOLDING,  ESTATE,  DONOR'S AND DOCUEMNTARY STAMP TAXES)  DUE  ON",,RDO No. 81 - Cebu City North.xlsx,Sheet 6 (DO 054-2023)
2339,"SALES, EXCHANGES, OR OTHER DISPOSITIONS OF REAL PROPERTY.  PROVIDED ,   THAT  THE  SAME  IS  HIGHER",,"SALES, EXCHANGES, OR OTHER DISPOSITIONS OF REAL PROPERTY.  PROVIDED ,   THAT  THE  SAME  IS  HIGHER",,RDO No. 81 - Cebu City North.xlsx,Sheet 6 (DO 054-2023)
2340,THAN (1) THE FAIR MARKET VALUES AS SHOWN IN THE SCHEDULE OF VALUES OF  THE  PROVINCIAL  AND  CITY,,THAN (1) THE FAIR MARKET VALUES AS SHOWN IN THE SCHEDULE OF VALUES OF  THE  PROVINCIAL  AND  CITY,1.0,RDO No. 81 - Cebu City North.xlsx,Sheet 6 (DO 054-2023)
2341,ASSESSORS (i.e. LATEST TAX DECLARATION)  AND  (2)  THE GROSS SELLING  PRICE  AS  SHOWN  IN  THE  DULY,,ASSESSORS (i.e. LATEST TAX DECLARATION)  AND  (2)  THE GROSS SELLING  PRICE  AS  SHOWN  IN  THE  DULY,,RDO No. 81 - Cebu City North.xlsx,Sheet 6 (DO 054-2023)
2342,NOTARIZED DOCUMENT OF SALE OR EXCHANGE AT THE TIME OF SALE OR EXCHANGE.,,NOTARIZED DOCUMENT OF SALE OR EXCHANGE AT THE TIME OF SALE OR EXCHANGE.,,RDO No. 81 - Cebu City North.xlsx,Sheet 6 (DO 054-2023)
2343,,,,,RDO No. 81 - Cebu City North.xlsx,Sheet 6 (DO 054-2023)
2344,"PROVIDED, HOWEVER, THAT THE VALUE OF PROPERTY TO BE USED IN COMPUTING  ESTATE  AND  DONOR'S",,"PROVIDED, HOWEVER, THAT THE VALUE OF PROPERTY TO BE USED IN COMPUTING  ESTATE  AND  DONOR'S",,RDO No. 81 - Cebu City North.xlsx,Sheet 6 (DO 054-2023)
2345,TAXES SHALL BE (1) THE FAIR MARKET VALUE AS DETERMINED BY THE COMMISSIONER  OF  INTERNAL  REVENUE,,TAXES SHALL BE (1) THE FAIR MARKET VALUE AS DETERMINED BY THE COMMISSIONER  OF  INTERNAL  REVENUE,1.0,RDO No. 81 - Cebu City North.xlsx,Sheet 6 (DO 054-2023)
2346,(i.e. ZONAL VALUES) OR (2.)  THE FAIR MARKET  VALUE  AS  SHOWN  IN  THE  SCHEDULE  OF   VALUES  OF  THE,,(i.e. ZONAL VALUES) OR (2.)  THE FAIR MARKET  VALUE  AS  SHOWN  IN  THE  SCHEDULE  OF   VALUES  OF  THE,,RDO No. 81 - Cebu City North.xlsx,Sheet 6 (DO 054-2023)
2347,"PROVINCIAL/CITY/MUNICIPAL ASSESSOR, WHICHEVER IS HIGHER.",,"PROVINCIAL/CITY/MUNICIPAL ASSESSOR, WHICHEVER IS HIGHER.",,RDO No. 81 - Cebu City North.xlsx,Sheet 6 (DO 054-2023)
2348,,,,,RDO No. 81 - Cebu City North.xlsx,Sheet 6 (DO 054-2023)
2349,,,,,RDO No. 81 - Cebu City North.xlsx,Sheet 6 (DO 054-2023)
2350,I-3/apmd/AMS,,I-3/apmd/AMS,-3.0,RDO No. 81 - Cebu City North.xlsx,Sheet 6 (DO 054-2023)
0,"JURISDICTION OF REVENUE DISTRICT OFFICE NO. 82 - CEBU CITY SOUTH, REVENUE REGION NO. 13 - CEBU CITY",,"JURISDICTION OF REVENUE DISTRICT OFFICE NO. 82 - CEBU CITY SOUTH, REVENUE REGION NO. 13 - CEBU CITY",,"RDO No. 82 - Cebu City, South.xls",Sheet 6 (DO 86-2023)
1,FOR INTERNAL REVENUE TAX PURPOSES.,,FOR INTERNAL REVENUE TAX PURPOSES.,,"RDO No. 82 - Cebu City, South.xls",Sheet 6 (DO 86-2023)
2,,,,,"RDO No. 82 - Cebu City, South.xls",Sheet 6 (DO 86-2023)
3,TO         :          All Internal Revenue Officers and Others Concerned,,TO         :          All Internal Revenue Officers and Others Concerned,,"RDO No. 82 - Cebu City, South.xls",Sheet 6 (DO 86-2023)
4,,,,,"RDO No. 82 - Cebu City, South.xls",Sheet 6 (DO 86-2023)
5,"Under Section   4  of  Republic  Act No.  10963, otherwise   known  as   the  ""Tax Reform for Acceleration and Inclusion",,"Under Section   4  of  Republic  Act No.  10963, otherwise   known  as   the  ""Tax Reform for Acceleration and Inclusion",4.10963,"RDO No. 82 - Cebu City, South.xls",Sheet 6 (DO 86-2023)
6,"(TRAIN)"" Law, amending Section 6 (E) of National Internal Revenue Code (NIRC) of 1997, the Commissioner is hereby authorized to divide",,"(TRAIN)"" Law, amending Section 6 (E) of National Internal Revenue Code (NIRC) of 1997, the Commissioner is hereby authorized to divide",61997.0,"RDO No. 82 - Cebu City, South.xls",Sheet 6 (DO 86-2023)
7,the Philippines into different zones or areas and shall determine the fair market value of real properties located in each zone or,,the Philippines into different zones or areas and shall determine the fair market value of real properties located in each zone or,,"RDO No. 82 - Cebu City, South.xls",Sheet 6 (DO 86-2023)
8,"areas, subject to automatic adjustment once every three (3) years.",,"areas, subject to automatic adjustment once every three (3) years.",3.0,"RDO No. 82 - Cebu City, South.xls",Sheet 6 (DO 86-2023)
9,,,,,"RDO No. 82 - Cebu City, South.xls",Sheet 6 (DO 86-2023)
10,"By  virtue  of  said authority and after the conduct of public hearing on October 6, 2023,  the  Commissioner of Internal Revenue",,"By  virtue  of  said authority and after the conduct of public hearing on October 6, 2023,  the  Commissioner of Internal Revenue",62023.0,"RDO No. 82 - Cebu City, South.xls",Sheet 6 (DO 86-2023)
11,"has determined  the zonal  values of real properties under the jurisdiction of Revenue District Office No. 82 - Cebu City South,",,"has determined  the zonal  values of real properties under the jurisdiction of Revenue District Office No. 82 - Cebu City South,",,"RDO No. 82 - Cebu City, South.xls",Sheet 6 (DO 86-2023)
12,Revenue Region No. 13 - Cebu City.,,Revenue Region No. 13 - Cebu City.,,"RDO No. 82 - Cebu City, South.xls",Sheet 6 (DO 86-2023)
13,,,,,"RDO No. 82 - Cebu City, South.xls",Sheet 6 (DO 86-2023)
14,This Order is therefore issued to implement the revised schedule of zonal values of real properties for purposes of,,This Order is therefore issued to implement the revised schedule of zonal values of real properties for purposes of,,"RDO No. 82 - Cebu City, South.xls",Sheet 6 (DO 86-2023)
15,computation of any internal revenue tax due on sale/transfer or any other disposition of real properties. The zonal values established,,computation of any internal revenue tax due on sale/transfer or any other disposition of real properties. The zonal values established,,"RDO No. 82 - Cebu City, South.xls",Sheet 6 (DO 86-2023)
16,herein shall apply provided the same is  higher than (1)  the  fair  market  value  as shown in the schedule of values of the City Assessor,,herein shall apply provided the same is  higher than (1)  the  fair  market  value  as shown in the schedule of values of the City Assessor,1.0,"RDO No. 82 - Cebu City, South.xls",Sheet 6 (DO 86-2023)
17,and (2) the gross selling price/consideration as shown in the duly notarized document of sale or transfer of real property.,,and (2) the gross selling price/consideration as shown in the duly notarized document of sale or transfer of real property.,2.0,"RDO No. 82 - Cebu City, South.xls",Sheet 6 (DO 86-2023)
18,,,,,"RDO No. 82 - Cebu City, South.xls",Sheet 6 (DO 86-2023)
19,This Order shall take effect immediately.,,This Order shall take effect immediately.,,"RDO No. 82 - Cebu City, South.xls",Sheet 6 (DO 86-2023)
20,,,,,"RDO No. 82 - Cebu City, South.xls",Sheet 6 (DO 86-2023)
21,,,,,"RDO No. 82 - Cebu City, South.xls",Sheet 6 (DO 86-2023)
22,,,,,"RDO No. 82 - Cebu City, South.xls",Sheet 6 (DO 86-2023)
23,,,,,"RDO No. 82 - Cebu City, South.xls",Sheet 6 (DO 86-2023)
24,,,,,"RDO No. 82 - Cebu City, South.xls",Sheet 6 (DO 86-2023)
25,,,,,"RDO No. 82 - Cebu City, South.xls",Sheet 6 (DO 86-2023)
26,,,,,"RDO No. 82 - Cebu City, South.xls",Sheet 6 (DO 86-2023)
27,RECOMMENDED BY:,,RECOMMENDED BY:,,"RDO No. 82 - Cebu City, South.xls",Sheet 6 (DO 86-2023)
28,,,,,"RDO No. 82 - Cebu City, South.xls",Sheet 6 (DO 86-2023)
29,,,,,"RDO No. 82 - Cebu City, South.xls",Sheet 6 (DO 86-2023)
30,(original signed),,(original signed),,"RDO No. 82 - Cebu City, South.xls",Sheet 6 (DO 86-2023)
31,"ROMEO D. LUMAGUI, JR.",,"ROMEO D. LUMAGUI, JR.",,"RDO No. 82 - Cebu City, South.xls",Sheet 6 (DO 86-2023)
32,Commissioner of Internal Revenue,,Commissioner of Internal Revenue,,"RDO No. 82 - Cebu City, South.xls",Sheet 6 (DO 86-2023)
33,,,,,"RDO No. 82 - Cebu City, South.xls",Sheet 6 (DO 86-2023)
34,,,,,"RDO No. 82 - Cebu City, South.xls",Sheet 6 (DO 86-2023)
35,DEFINITION OF TERMS,,DEFINITION OF TERMS,,"RDO No. 82 - Cebu City, South.xls",Sheet 6 (DO 86-2023)
36,,,,,"RDO No. 82 - Cebu City, South.xls",Sheet 6 (DO 86-2023)
37,RESIDENTIAL,,RESIDENTIAL,,"RDO No. 82 - Cebu City, South.xls",Sheet 6 (DO 86-2023)
38,COMMERCIAL,,COMMERCIAL,,"RDO No. 82 - Cebu City, South.xls",Sheet 6 (DO 86-2023)
39,,,,,"RDO No. 82 - Cebu City, South.xls",Sheet 6 (DO 86-2023)
40,INDUSTRIAL,,INDUSTRIAL,,"RDO No. 82 - Cebu City, South.xls",Sheet 6 (DO 86-2023)
41,AGRICULTURAL,,AGRICULTURAL,,"RDO No. 82 - Cebu City, South.xls",Sheet 6 (DO 86-2023)
42,,,,,"RDO No. 82 - Cebu City, South.xls",Sheet 6 (DO 86-2023)
43,,,,,"RDO No. 82 - Cebu City, South.xls",Sheet 6 (DO 86-2023)
44,,,,,"RDO No. 82 - Cebu City, South.xls",Sheet 6 (DO 86-2023)
45,GENERAL PURPOSE,,GENERAL PURPOSE,,"RDO No. 82 - Cebu City, South.xls",Sheet 6 (DO 86-2023)
46,,,,,"RDO No. 82 - Cebu City, South.xls",Sheet 6 (DO 86-2023)
47,,,,,"RDO No. 82 - Cebu City, South.xls",Sheet 6 (DO 86-2023)
48,,,,,"RDO No. 82 - Cebu City, South.xls",Sheet 6 (DO 86-2023)
49,VICINITY,,VICINITY,,"RDO No. 82 - Cebu City, South.xls",Sheet 6 (DO 86-2023)
50,,,,,"RDO No. 82 - Cebu City, South.xls",Sheet 6 (DO 86-2023)
51,,,,,"RDO No. 82 - Cebu City, South.xls",Sheet 6 (DO 86-2023)
52,,,,,"RDO No. 82 - Cebu City, South.xls",Sheet 6 (DO 86-2023)
53,,,,,"RDO No. 82 - Cebu City, South.xls",Sheet 6 (DO 86-2023)
54,CLASSIFICATION LEGEND:,,CLASSIFICATION LEGEND:,,"RDO No. 82 - Cebu City, South.xls",Sheet 6 (DO 86-2023)
55,CODE              CLASSIFICATION,,CODE              CLASSIFICATION,,"RDO No. 82 - Cebu City, South.xls",Sheet 6 (DO 86-2023)
56,RR                     Residential Regular,,RR                     Residential Regular,,"RDO No. 82 - Cebu City, South.xls",Sheet 6 (DO 86-2023)
57,CR                     Commercial Regular,,CR                     Commercial Regular,,"RDO No. 82 - Cebu City, South.xls",Sheet 6 (DO 86-2023)
58,RC                     Residential Condominium,,RC                     Residential Condominium,,"RDO No. 82 - Cebu City, South.xls",Sheet 6 (DO 86-2023)
59,CC                     Commercial Condominium,,CC                     Commercial Condominium,,"RDO No. 82 - Cebu City, South.xls",Sheet 6 (DO 86-2023)
60,CL                     Cemetery Lot,,CL                     Cemetery Lot,,"RDO No. 82 - Cebu City, South.xls",Sheet 6 (DO 86-2023)
61,A                       Agricultural,,A                       Agricultural,,"RDO No. 82 - Cebu City, South.xls",Sheet 6 (DO 86-2023)
62,,,,,"RDO No. 82 - Cebu City, South.xls",Sheet 6 (DO 86-2023)
63,AGRICULTURAL LANDS,,AGRICULTURAL LANDS,,"RDO No. 82 - Cebu City, South.xls",Sheet 6 (DO 86-2023)
64,A1    Riceland Irrigated,,A1    Riceland Irrigated,1.0,"RDO No. 82 - Cebu City, South.xls",Sheet 6 (DO 86-2023)
65,A2    Riceland Unirrigated,,A2    Riceland Unirrigated,2.0,"RDO No. 82 - Cebu City, South.xls",Sheet 6 (DO 86-2023)
66,A3    Upland,,A3    Upland,3.0,"RDO No. 82 - Cebu City, South.xls",Sheet 6 (DO 86-2023)
67,A4    Coco Land,,A4    Coco Land,4.0,"RDO No. 82 - Cebu City, South.xls",Sheet 6 (DO 86-2023)
68,A5    Citrus Land,,A5    Citrus Land,5.0,"RDO No. 82 - Cebu City, South.xls",Sheet 6 (DO 86-2023)
69,A6    Fishpond,,A6    Fishpond,6.0,"RDO No. 82 - Cebu City, South.xls",Sheet 6 (DO 86-2023)
70,A7    Swamp,,A7    Swamp,7.0,"RDO No. 82 - Cebu City, South.xls",Sheet 6 (DO 86-2023)
71,A8    Nipa Land,,A8    Nipa Land,8.0,"RDO No. 82 - Cebu City, South.xls",Sheet 6 (DO 86-2023)
72,A9    Cotton Land,,A9    Cotton Land,9.0,"RDO No. 82 - Cebu City, South.xls",Sheet 6 (DO 86-2023)
73,A10  Cogon,,A10  Cogon,10.0,"RDO No. 82 - Cebu City, South.xls",Sheet 6 (DO 86-2023)
74,A11  Abaca Land,,A11  Abaca Land,11.0,"RDO No. 82 - Cebu City, South.xls",Sheet 6 (DO 86-2023)
75,A12  Orchard,,A12  Orchard,12.0,"RDO No. 82 - Cebu City, South.xls",Sheet 6 (DO 86-2023)
76,A13  Pineapple Land,,A13  Pineapple Land,13.0,"RDO No. 82 - Cebu City, South.xls",Sheet 6 (DO 86-2023)
77,A14  Banana Land,,A14  Banana Land,14.0,"RDO No. 82 - Cebu City, South.xls",Sheet 6 (DO 86-2023)
78,A15  Pasture Land,,A15  Pasture Land,15.0,"RDO No. 82 - Cebu City, South.xls",Sheet 6 (DO 86-2023)
79,A16  Corn Land,,A16  Corn Land,16.0,"RDO No. 82 - Cebu City, South.xls",Sheet 6 (DO 86-2023)
80,A17  Sugar Land,,A17  Sugar Land,17.0,"RDO No. 82 - Cebu City, South.xls",Sheet 6 (DO 86-2023)
81,A18  Tobacco Land,,A18  Tobacco Land,18.0,"RDO No. 82 - Cebu City, South.xls",Sheet 6 (DO 86-2023)
82,A19  Cacao,,A19  Cacao,19.0,"RDO No. 82 - Cebu City, South.xls",Sheet 6 (DO 86-2023)
83,A20  Lanzones,,A20  Lanzones,20.0,"RDO No. 82 - Cebu City, South.xls",Sheet 6 (DO 86-2023)
84,A21  Durian,,A21  Durian,21.0,"RDO No. 82 - Cebu City, South.xls",Sheet 6 (DO 86-2023)
85,A22  Rambutan,,A22  Rambutan,22.0,"RDO No. 82 - Cebu City, South.xls",Sheet 6 (DO 86-2023)
86,A23  Mango,,A23  Mango,23.0,"RDO No. 82 - Cebu City, South.xls",Sheet 6 (DO 86-2023)
87,A24  Mangrove,,A24  Mangrove,24.0,"RDO No. 82 - Cebu City, South.xls",Sheet 6 (DO 86-2023)
88,A25  Camote/Cassava,,A25  Camote/Cassava,25.0,"RDO No. 82 - Cebu City, South.xls",Sheet 6 (DO 86-2023)
89,,,,,"RDO No. 82 - Cebu City, South.xls",Sheet 6 (DO 86-2023)
90,,,,,"RDO No. 82 - Cebu City, South.xls",Sheet 6 (DO 86-2023)
91,"Revenue Region No. 13, Cebu City",,"Revenue Region No. 13, Cebu City",0.13,"RDO No. 82 - Cebu City, South.xls",Sheet 6 (DO 86-2023)
92,"Revenue District Office No. 82, Cebu City - South",,"Revenue District Office No. 82, Cebu City - South",,"RDO No. 82 - Cebu City, South.xls",Sheet 6 (DO 86-2023)
93,,,,,"RDO No. 82 - Cebu City, South.xls",Sheet 6 (DO 86-2023)
94,Province                         : CEBU,,Province                         : CEBU,,"RDO No. 82 - Cebu City, South.xls",Sheet 6 (DO 86-2023)
95,,,,,"RDO No. 82 - Cebu City, South.xls",Sheet 6 (DO 86-2023)
96,City/Municipality           : CEBU CITY SOUTH,,City/Municipality           : CEBU CITY SOUTH,,"RDO No. 82 - Cebu City, South.xls",Sheet 6 (DO 86-2023)
97,,,,,"RDO No. 82 - Cebu City, South.xls",Sheet 6 (DO 86-2023)
98,Zone/Barangay              : BABAG II,,Zone/Barangay              : BABAG II,,"RDO No. 82 - Cebu City, South.xls",Sheet 6 (DO 86-2023)
99,STREET NAME/ SUBDIVISION/ CONDOMINIUM,,STREET NAME/ SUBDIVISION/ CONDOMINIUM,,"RDO No. 82 - Cebu City, South.xls",Sheet 6 (DO 86-2023)
100,,,,,"RDO No. 82 - Cebu City, South.xls",Sheet 6 (DO 86-2023)
101,STREETS,,STREETS,,"RDO No. 82 - Cebu City, South.xls",Sheet 6 (DO 86-2023)
102,CEBU VETERANS DRIVE,,CEBU VETERANS DRIVE,,"RDO No. 82 - Cebu City, South.xls",Sheet 6 (DO 86-2023)
103,RURAL BARANGAY,,RURAL BARANGAY,,"RDO No. 82 - Cebu City, South.xls",Sheet 6 (DO 86-2023)
104,SITIO UPPER MALUBOG ROAD,,SITIO UPPER MALUBOG ROAD,,"RDO No. 82 - Cebu City, South.xls",Sheet 6 (DO 86-2023)
105,ALL AREAS ALONG THE  ROAD -,,ALL AREAS ALONG THE  ROAD -,,"RDO No. 82 - Cebu City, South.xls",Sheet 6 (DO 86-2023)
106,(Formerly Suburban Areas with Road),,(Formerly Suburban Areas with Road),,"RDO No. 82 - Cebu City, South.xls",Sheet 6 (DO 86-2023)
107,,,,,"RDO No. 82 - Cebu City, South.xls",Sheet 6 (DO 86-2023)
108,ALL INTERIOR AREAS -,,ALL INTERIOR AREAS -,,"RDO No. 82 - Cebu City, South.xls",Sheet 6 (DO 86-2023)
109,(Formerly Suburban Areas without Road),,(Formerly Suburban Areas without Road),,"RDO No. 82 - Cebu City, South.xls",Sheet 6 (DO 86-2023)
110,ALL OTHER STREETS,,ALL OTHER STREETS,,"RDO No. 82 - Cebu City, South.xls",Sheet 6 (DO 86-2023)
111,,,,,"RDO No. 82 - Cebu City, South.xls",Sheet 6 (DO 86-2023)
112,,,,,"RDO No. 82 - Cebu City, South.xls",Sheet 6 (DO 86-2023)
113,SUBDIVISIONS,,SUBDIVISIONS,,"RDO No. 82 - Cebu City, South.xls",Sheet 6 (DO 86-2023)
114,ALL SUBDIVISIONS -,,ALL SUBDIVISIONS -,,"RDO No. 82 - Cebu City, South.xls",Sheet 6 (DO 86-2023)
115,(Formerly All New Subdivision),,(Formerly All New Subdivision),,"RDO No. 82 - Cebu City, South.xls",Sheet 6 (DO 86-2023)
116,,,,,"RDO No. 82 - Cebu City, South.xls",Sheet 6 (DO 86-2023)
117,CONDOMINIUMS,,CONDOMINIUMS,,"RDO No. 82 - Cebu City, South.xls",Sheet 6 (DO 86-2023)
118,17 STOREYS & UP,,17 STOREYS & UP,17.0,"RDO No. 82 - Cebu City, South.xls",Sheet 6 (DO 86-2023)
119,,,,,"RDO No. 82 - Cebu City, South.xls",Sheet 6 (DO 86-2023)
120,,,,,"RDO No. 82 - Cebu City, South.xls",Sheet 6 (DO 86-2023)
121,8 - 16 STOREYS,,8 - 16 STOREYS,,"RDO No. 82 - Cebu City, South.xls",Sheet 6 (DO 86-2023)
122,,,,,"RDO No. 82 - Cebu City, South.xls",Sheet 6 (DO 86-2023)
123,,,,,"RDO No. 82 - Cebu City, South.xls",Sheet 6 (DO 86-2023)
124,1 - 7 STOREYS,,1 - 7 STOREYS,,"RDO No. 82 - Cebu City, South.xls",Sheet 6 (DO 86-2023)
125,,,,,"RDO No. 82 - Cebu City, South.xls",Sheet 6 (DO 86-2023)
126,,,,,"RDO No. 82 - Cebu City, South.xls",Sheet 6 (DO 86-2023)
127,SOCIALIZED / LOW-COST,,SOCIALIZED / LOW-COST,,"RDO No. 82 - Cebu City, South.xls",Sheet 6 (DO 86-2023)
128,,,,,"RDO No. 82 - Cebu City, South.xls",Sheet 6 (DO 86-2023)
129,,,,,"RDO No. 82 - Cebu City, South.xls",Sheet 6 (DO 86-2023)
130,*         NEW,,*         NEW,,"RDO No. 82 - Cebu City, South.xls",Sheet 6 (DO 86-2023)
131,**       FOR DELETION - SIMPLIFIED CONDOMINIUM OR STREET NAME / DUPLICATION OF STREET NAME,,**       FOR DELETION - SIMPLIFIED CONDOMINIUM OR STREET NAME / DUPLICATION OF STREET NAME,,"RDO No. 82 - Cebu City, South.xls",Sheet 6 (DO 86-2023)
132,***     CHANGED STREET NAME,,***     CHANGED STREET NAME,,"RDO No. 82 - Cebu City, South.xls",Sheet 6 (DO 86-2023)
133,,,,,"RDO No. 82 - Cebu City, South.xls",Sheet 6 (DO 86-2023)
134,,,,,"RDO No. 82 - Cebu City, South.xls",Sheet 6 (DO 86-2023)
135,Province                         : CEBU,,Province                         : CEBU,,"RDO No. 82 - Cebu City, South.xls",Sheet 6 (DO 86-2023)
136,,,,,"RDO No. 82 - Cebu City, South.xls",Sheet 6 (DO 86-2023)
137,City/Municipality        : CEBU CITY SOUTH,,City/Municipality        : CEBU CITY SOUTH,,"RDO No. 82 - Cebu City, South.xls",Sheet 6 (DO 86-2023)
138,,,,,"RDO No. 82 - Cebu City, South.xls",Sheet 6 (DO 86-2023)
139,Zone/Barangay            : BASAK PARDO,,Zone/Barangay            : BASAK PARDO,,"RDO No. 82 - Cebu City, South.xls",Sheet 6 (DO 86-2023)
140,,,,,"RDO No. 82 - Cebu City, South.xls",Sheet 6 (DO 86-2023)
141,STREET NAME/SUBDIVISION/CONDOMINIUM,,STREET NAME/SUBDIVISION/CONDOMINIUM,,"RDO No. 82 - Cebu City, South.xls",Sheet 6 (DO 86-2023)
142,,,,,"RDO No. 82 - Cebu City, South.xls",Sheet 6 (DO 86-2023)
143,STREETS,,STREETS,,"RDO No. 82 - Cebu City, South.xls",Sheet 6 (DO 86-2023)
144,E. SABELLANO ST.,,E. SABELLANO ST.,,"RDO No. 82 - Cebu City, South.xls",Sheet 6 (DO 86-2023)
145,,,,,"RDO No. 82 - Cebu City, South.xls",Sheet 6 (DO 86-2023)
146,E. SABELLANO ST.-INTERIOR,,E. SABELLANO ST.-INTERIOR,,"RDO No. 82 - Cebu City, South.xls",Sheet 6 (DO 86-2023)
147,GABUYA ST (TAGUNOL),,GABUYA ST (TAGUNOL),,"RDO No. 82 - Cebu City, South.xls",Sheet 6 (DO 86-2023)
148,MAGSAYSAY STREET,,MAGSAYSAY STREET,,"RDO No. 82 - Cebu City, South.xls",Sheet 6 (DO 86-2023)
149,N. BACALSO AVE. (CEBU SOUTH ROAD),,N. BACALSO AVE. (CEBU SOUTH ROAD),,"RDO No. 82 - Cebu City, South.xls",Sheet 6 (DO 86-2023)
150,N. BACALSO AVE. (CEBU SOUTH ROAD),,N. BACALSO AVE. (CEBU SOUTH ROAD),,"RDO No. 82 - Cebu City, South.xls",Sheet 6 (DO 86-2023)
151,,,,,"RDO No. 82 - Cebu City, South.xls",Sheet 6 (DO 86-2023)
152,N. BACALSO AVE. (CEBU SOUTH ROAD): INTERIOR,,N. BACALSO AVE. (CEBU SOUTH ROAD): INTERIOR,,"RDO No. 82 - Cebu City, South.xls",Sheet 6 (DO 86-2023)
153,L. GABUYA ST (RIZAL AVE. EXT. /OLD PHIL. RAILWAY/TAGUNOL),,L. GABUYA ST (RIZAL AVE. EXT. /OLD PHIL. RAILWAY/TAGUNOL),,"RDO No. 82 - Cebu City, South.xls",Sheet 6 (DO 86-2023)
154,,,,,"RDO No. 82 - Cebu City, South.xls",Sheet 6 (DO 86-2023)
155,VILLA SAN PEDRO ROAD,,VILLA SAN PEDRO ROAD,,"RDO No. 82 - Cebu City, South.xls",Sheet 6 (DO 86-2023)
156,ALL OTHER STREETS,,ALL OTHER STREETS,,"RDO No. 82 - Cebu City, South.xls",Sheet 6 (DO 86-2023)
157,,,,,"RDO No. 82 - Cebu City, South.xls",Sheet 6 (DO 86-2023)
158,ALL OTHER STREETS - INTERIOR,,ALL OTHER STREETS - INTERIOR,,"RDO No. 82 - Cebu City, South.xls",Sheet 6 (DO 86-2023)
159,,,,,"RDO No. 82 - Cebu City, South.xls",Sheet 6 (DO 86-2023)
160,SUBDIVISIONS,,SUBDIVISIONS,,"RDO No. 82 - Cebu City, South.xls",Sheet 6 (DO 86-2023)
161,BAMBOO VILLAGE,,BAMBOO VILLAGE,,"RDO No. 82 - Cebu City, South.xls",Sheet 6 (DO 86-2023)
162,BAYANIHAN VILLAGE,,BAYANIHAN VILLAGE,,"RDO No. 82 - Cebu City, South.xls",Sheet 6 (DO 86-2023)
163,DESANA SUBD.,,DESANA SUBD.,,"RDO No. 82 - Cebu City, South.xls",Sheet 6 (DO 86-2023)
164,FAIRVIEW VILLAGE,,FAIRVIEW VILLAGE,,"RDO No. 82 - Cebu City, South.xls",Sheet 6 (DO 86-2023)
165,LOURDES VILLAGE,,LOURDES VILLAGE,,"RDO No. 82 - Cebu City, South.xls",Sheet 6 (DO 86-2023)
166,ALL OTHER SUBDIVISIONS,,ALL OTHER SUBDIVISIONS,,"RDO No. 82 - Cebu City, South.xls",Sheet 6 (DO 86-2023)
167,(Formerly All Other Existing Subdivisions),,(Formerly All Other Existing Subdivisions),,"RDO No. 82 - Cebu City, South.xls",Sheet 6 (DO 86-2023)
168,(Formerly New Subdivisions),,(Formerly New Subdivisions),,"RDO No. 82 - Cebu City, South.xls",Sheet 6 (DO 86-2023)
169,NEW SUBDIVISIONS,,NEW SUBDIVISIONS,,"RDO No. 82 - Cebu City, South.xls",Sheet 6 (DO 86-2023)
170,Province                         : CEBU,,Province                         : CEBU,,"RDO No. 82 - Cebu City, South.xls",Sheet 6 (DO 86-2023)
171,City/Municipality        : CEBU CITY SOUTH,,City/Municipality        : CEBU CITY SOUTH,,"RDO No. 82 - Cebu City, South.xls",Sheet 6 (DO 86-2023)
172,Zone/Barangay            : BASAK PARDO,,Zone/Barangay            : BASAK PARDO,,"RDO No. 82 - Cebu City, South.xls",Sheet 6 (DO 86-2023)
173,STREET NAME/SUBDIVISION/CONDOMINIUM,,STREET NAME/SUBDIVISION/CONDOMINIUM,,"RDO No. 82 - Cebu City, South.xls",Sheet 6 (DO 86-2023)
174,,,,,"RDO No. 82 - Cebu City, South.xls",Sheet 6 (DO 86-2023)
175,CONDOMINIUMS,,CONDOMINIUMS,,"RDO No. 82 - Cebu City, South.xls",Sheet 6 (DO 86-2023)
176,CONDOMINIUM - HIGH END,,CONDOMINIUM - HIGH END,,"RDO No. 82 - Cebu City, South.xls",Sheet 6 (DO 86-2023)
177,,,,,"RDO No. 82 - Cebu City, South.xls",Sheet 6 (DO 86-2023)
178,,,,,"RDO No. 82 - Cebu City, South.xls",Sheet 6 (DO 86-2023)
179,CONDOMINIUMS,,CONDOMINIUMS,,"RDO No. 82 - Cebu City, South.xls",Sheet 6 (DO 86-2023)
180,17 STOREYS & UP,,17 STOREYS & UP,17.0,"RDO No. 82 - Cebu City, South.xls",Sheet 6 (DO 86-2023)
181,,,,,"RDO No. 82 - Cebu City, South.xls",Sheet 6 (DO 86-2023)
182,,,,,"RDO No. 82 - Cebu City, South.xls",Sheet 6 (DO 86-2023)
183,8 - 16 STOREYS,,8 - 16 STOREYS,,"RDO No. 82 - Cebu City, South.xls",Sheet 6 (DO 86-2023)
184,,,,,"RDO No. 82 - Cebu City, South.xls",Sheet 6 (DO 86-2023)
185,,,,,"RDO No. 82 - Cebu City, South.xls",Sheet 6 (DO 86-2023)
186,1 - 7 STOREYS,,1 - 7 STOREYS,,"RDO No. 82 - Cebu City, South.xls",Sheet 6 (DO 86-2023)
187,,,,,"RDO No. 82 - Cebu City, South.xls",Sheet 6 (DO 86-2023)
188,,,,,"RDO No. 82 - Cebu City, South.xls",Sheet 6 (DO 86-2023)
189,SOCIALIZED / LOW-COST,,SOCIALIZED / LOW-COST,,"RDO No. 82 - Cebu City, South.xls",Sheet 6 (DO 86-2023)
190,,,,,"RDO No. 82 - Cebu City, South.xls",Sheet 6 (DO 86-2023)
191,,,,,"RDO No. 82 - Cebu City, South.xls",Sheet 6 (DO 86-2023)
192,,,,,"RDO No. 82 - Cebu City, South.xls",Sheet 6 (DO 86-2023)
193,*         NEW,,*         NEW,,"RDO No. 82 - Cebu City, South.xls",Sheet 6 (DO 86-2023)
194,**       FOR DELETION - SIMPLIFIED CONDOMINIUM OR STREET NAME / DUPLICATION OF STREET NAME,,**       FOR DELETION - SIMPLIFIED CONDOMINIUM OR STREET NAME / DUPLICATION OF STREET NAME,,"RDO No. 82 - Cebu City, South.xls",Sheet 6 (DO 86-2023)
195,***     CHANGED STREET NAME,,***     CHANGED STREET NAME,,"RDO No. 82 - Cebu City, South.xls",Sheet 6 (DO 86-2023)
196,,,,,"RDO No. 82 - Cebu City, South.xls",Sheet 6 (DO 86-2023)
197,,,,,"RDO No. 82 - Cebu City, South.xls",Sheet 6 (DO 86-2023)
198,Province                           : CEBU,,Province                           : CEBU,,"RDO No. 82 - Cebu City, South.xls",Sheet 6 (DO 86-2023)
199,City/Municipality            : CEBU CITY SOUTH,,City/Municipality            : CEBU CITY SOUTH,,"RDO No. 82 - Cebu City, South.xls",Sheet 6 (DO 86-2023)
200,Zone/Barangay               : BASAK SAN NICOLAS,,Zone/Barangay               : BASAK SAN NICOLAS,,"RDO No. 82 - Cebu City, South.xls",Sheet 6 (DO 86-2023)
201,STREET NAME/SUBDIVISION/CONDOMINIUM,,STREET NAME/SUBDIVISION/CONDOMINIUM,,"RDO No. 82 - Cebu City, South.xls",Sheet 6 (DO 86-2023)
202,,,,,"RDO No. 82 - Cebu City, South.xls",Sheet 6 (DO 86-2023)
203,STREETS,,STREETS,,"RDO No. 82 - Cebu City, South.xls",Sheet 6 (DO 86-2023)
204,AGUILA ST,,AGUILA ST,,"RDO No. 82 - Cebu City, South.xls",Sheet 6 (DO 86-2023)
205,,,,,"RDO No. 82 - Cebu City, South.xls",Sheet 6 (DO 86-2023)
206,ALIMOKON ST,,ALIMOKON ST,,"RDO No. 82 - Cebu City, South.xls",Sheet 6 (DO 86-2023)
207,,,,,"RDO No. 82 - Cebu City, South.xls",Sheet 6 (DO 86-2023)
208,ALUMNOS STREET,,ALUMNOS STREET,,"RDO No. 82 - Cebu City, South.xls",Sheet 6 (DO 86-2023)
209,,,,,"RDO No. 82 - Cebu City, South.xls",Sheet 6 (DO 86-2023)
210,AVOCADO ST,,AVOCADO ST,,"RDO No. 82 - Cebu City, South.xls",Sheet 6 (DO 86-2023)
211,,,,,"RDO No. 82 - Cebu City, South.xls",Sheet 6 (DO 86-2023)
212,BACLAY ST,,BACLAY ST,,"RDO No. 82 - Cebu City, South.xls",Sheet 6 (DO 86-2023)
213,,,,,"RDO No. 82 - Cebu City, South.xls",Sheet 6 (DO 86-2023)
214,BALUD ST.,,BALUD ST.,,"RDO No. 82 - Cebu City, South.xls",Sheet 6 (DO 86-2023)
215,,,,,"RDO No. 82 - Cebu City, South.xls",Sheet 6 (DO 86-2023)
216,BAYABAS ST,,BAYABAS ST,,"RDO No. 82 - Cebu City, South.xls",Sheet 6 (DO 86-2023)
217,,,,,"RDO No. 82 - Cebu City, South.xls",Sheet 6 (DO 86-2023)
218,BONTORES ST,,BONTORES ST,,"RDO No. 82 - Cebu City, South.xls",Sheet 6 (DO 86-2023)
219,,,,,"RDO No. 82 - Cebu City, South.xls",Sheet 6 (DO 86-2023)
220,COL. CABREROS ST.,,COL. CABREROS ST.,,"RDO No. 82 - Cebu City, South.xls",Sheet 6 (DO 86-2023)
221,,,,,"RDO No. 82 - Cebu City, South.xls",Sheet 6 (DO 86-2023)
222,COL. CABREROS STREET (CROSSING),,COL. CABREROS STREET (CROSSING),,"RDO No. 82 - Cebu City, South.xls",Sheet 6 (DO 86-2023)
223,CAIMITO ST,,CAIMITO ST,,"RDO No. 82 - Cebu City, South.xls",Sheet 6 (DO 86-2023)
224,,,,,"RDO No. 82 - Cebu City, South.xls",Sheet 6 (DO 86-2023)
225,N. BACALSO AVE. (CEBU SOUTH ROAD),,N. BACALSO AVE. (CEBU SOUTH ROAD),,"RDO No. 82 - Cebu City, South.xls",Sheet 6 (DO 86-2023)
226,,,,,"RDO No. 82 - Cebu City, South.xls",Sheet 6 (DO 86-2023)
227,COL. TABADA ST,,COL. TABADA ST,,"RDO No. 82 - Cebu City, South.xls",Sheet 6 (DO 86-2023)
228,,,,,"RDO No. 82 - Cebu City, South.xls",Sheet 6 (DO 86-2023)
229,COLVETA ROAD,,COLVETA ROAD,,"RDO No. 82 - Cebu City, South.xls",Sheet 6 (DO 86-2023)
230,DAPDAP ST,,DAPDAP ST,,"RDO No. 82 - Cebu City, South.xls",Sheet 6 (DO 86-2023)
231,,,,,"RDO No. 82 - Cebu City, South.xls",Sheet 6 (DO 86-2023)
232,DIZON ST.,,DIZON ST.,,"RDO No. 82 - Cebu City, South.xls",Sheet 6 (DO 86-2023)
233,,,,,"RDO No. 82 - Cebu City, South.xls",Sheet 6 (DO 86-2023)
234,DUKMO STREET,,DUKMO STREET,,"RDO No. 82 - Cebu City, South.xls",Sheet 6 (DO 86-2023)
235,Province                           : CEBU,,Province                           : CEBU,,"RDO No. 82 - Cebu City, South.xls",Sheet 6 (DO 86-2023)
236,City/Municipality            : CEBU CITY SOUTH,,City/Municipality            : CEBU CITY SOUTH,,"RDO No. 82 - Cebu City, South.xls",Sheet 6 (DO 86-2023)
237,Zone/Barangay               : BASAK SAN NICOLAS,,Zone/Barangay               : BASAK SAN NICOLAS,,"RDO No. 82 - Cebu City, South.xls",Sheet 6 (DO 86-2023)
238,STREET NAME/SUBDIVISION/CONDOMINIUM,,STREET NAME/SUBDIVISION/CONDOMINIUM,,"RDO No. 82 - Cebu City, South.xls",Sheet 6 (DO 86-2023)
239,,,,,"RDO No. 82 - Cebu City, South.xls",Sheet 6 (DO 86-2023)
240,E SABELLANO ST,,E SABELLANO ST,,"RDO No. 82 - Cebu City, South.xls",Sheet 6 (DO 86-2023)
241,,,,,"RDO No. 82 - Cebu City, South.xls",Sheet 6 (DO 86-2023)
242,,,,,"RDO No. 82 - Cebu City, South.xls",Sheet 6 (DO 86-2023)
243,,,,,"RDO No. 82 - Cebu City, South.xls",Sheet 6 (DO 86-2023)
244,,,,,"RDO No. 82 - Cebu City, South.xls",Sheet 6 (DO 86-2023)
245,,,,,"RDO No. 82 - Cebu City, South.xls",Sheet 6 (DO 86-2023)
246,E. SABELLANO STREET - INTERIOR,,E. SABELLANO STREET - INTERIOR,,"RDO No. 82 - Cebu City, South.xls",Sheet 6 (DO 86-2023)
247,EUCALYPTUS ST,,EUCALYPTUS ST,,"RDO No. 82 - Cebu City, South.xls",Sheet 6 (DO 86-2023)
248,,,,,"RDO No. 82 - Cebu City, South.xls",Sheet 6 (DO 86-2023)
249,F. LLAMAS ST,,F. LLAMAS ST,,"RDO No. 82 - Cebu City, South.xls",Sheet 6 (DO 86-2023)
250,,,,,"RDO No. 82 - Cebu City, South.xls",Sheet 6 (DO 86-2023)
251,G.ELORDE ST (GANCIANG),,G.ELORDE ST (GANCIANG),,"RDO No. 82 - Cebu City, South.xls",Sheet 6 (DO 86-2023)
252,,,,,"RDO No. 82 - Cebu City, South.xls",Sheet 6 (DO 86-2023)
253,G.ELORDE ST (GANCIANG),,G.ELORDE ST (GANCIANG),,"RDO No. 82 - Cebu City, South.xls",Sheet 6 (DO 86-2023)
254,"G. ELORDE, GABRIEL FLASH ST.",,"G. ELORDE, GABRIEL FLASH ST.",,"RDO No. 82 - Cebu City, South.xls",Sheet 6 (DO 86-2023)
255,GRANADA ST,,GRANADA ST,,"RDO No. 82 - Cebu City, South.xls",Sheet 6 (DO 86-2023)
256,,,,,"RDO No. 82 - Cebu City, South.xls",Sheet 6 (DO 86-2023)
257,GSIS COMPOUND,,GSIS COMPOUND,,"RDO No. 82 - Cebu City, South.xls",Sheet 6 (DO 86-2023)
258,,,,,"RDO No. 82 - Cebu City, South.xls",Sheet 6 (DO 86-2023)
259,GUINABSAN,,GUINABSAN,,"RDO No. 82 - Cebu City, South.xls",Sheet 6 (DO 86-2023)
260,,,,,"RDO No. 82 - Cebu City, South.xls",Sheet 6 (DO 86-2023)
261,HOLGANZA ROAD,,HOLGANZA ROAD,,"RDO No. 82 - Cebu City, South.xls",Sheet 6 (DO 86-2023)
262,IPIL ST.,,IPIL ST.,,"RDO No. 82 - Cebu City, South.xls",Sheet 6 (DO 86-2023)
263,,,,,"RDO No. 82 - Cebu City, South.xls",Sheet 6 (DO 86-2023)
264,JANSSEN ROAD,,JANSSEN ROAD,,"RDO No. 82 - Cebu City, South.xls",Sheet 6 (DO 86-2023)
265,JUMALON ST.,,JUMALON ST.,,"RDO No. 82 - Cebu City, South.xls",Sheet 6 (DO 86-2023)
266,KALAW ST,,KALAW ST,,"RDO No. 82 - Cebu City, South.xls",Sheet 6 (DO 86-2023)
267,KUSI ST,,KUSI ST,,"RDO No. 82 - Cebu City, South.xls",Sheet 6 (DO 86-2023)
268,LAGUNA ST,,LAGUNA ST,,"RDO No. 82 - Cebu City, South.xls",Sheet 6 (DO 86-2023)
269,LAPAY ST,,LAPAY ST,,"RDO No. 82 - Cebu City, South.xls",Sheet 6 (DO 86-2023)
270,LEMON ST,,LEMON ST,,"RDO No. 82 - Cebu City, South.xls",Sheet 6 (DO 86-2023)
271,,,,,"RDO No. 82 - Cebu City, South.xls",Sheet 6 (DO 86-2023)
272,Province                           : CEBU,,Province                           : CEBU,,"RDO No. 82 - Cebu City, South.xls",Sheet 6 (DO 86-2023)
273,City/Municipality            : CEBU CITY SOUTH,,City/Municipality            : CEBU CITY SOUTH,,"RDO No. 82 - Cebu City, South.xls",Sheet 6 (DO 86-2023)
274,Zone/Barangay               : BASAK SAN NICOLAS,,Zone/Barangay               : BASAK SAN NICOLAS,,"RDO No. 82 - Cebu City, South.xls",Sheet 6 (DO 86-2023)
275,STREET NAME/SUBDIVISION/CONDOMINIUM,,STREET NAME/SUBDIVISION/CONDOMINIUM,,"RDO No. 82 - Cebu City, South.xls",Sheet 6 (DO 86-2023)
276,,,,,"RDO No. 82 - Cebu City, South.xls",Sheet 6 (DO 86-2023)
277,LUCAS GABUYA ST,,LUCAS GABUYA ST,,"RDO No. 82 - Cebu City, South.xls",Sheet 6 (DO 86-2023)
278,MACOPA ST.,,MACOPA ST.,,"RDO No. 82 - Cebu City, South.xls",Sheet 6 (DO 86-2023)
279,MANCAO MILLING ROAD,,MANCAO MILLING ROAD,,"RDO No. 82 - Cebu City, South.xls",Sheet 6 (DO 86-2023)
280,MAYA ST,,MAYA ST,,"RDO No. 82 - Cebu City, South.xls",Sheet 6 (DO 86-2023)
281,N. BACALSO AVE.,,N. BACALSO AVE.,,"RDO No. 82 - Cebu City, South.xls",Sheet 6 (DO 86-2023)
282,N. BACALSO AVE.,,N. BACALSO AVE.,,"RDO No. 82 - Cebu City, South.xls",Sheet 6 (DO 86-2023)
283,NANGKA ST,,NANGKA ST,,"RDO No. 82 - Cebu City, South.xls",Sheet 6 (DO 86-2023)
284,OLIVA ST,,OLIVA ST,,"RDO No. 82 - Cebu City, South.xls",Sheet 6 (DO 86-2023)
285,PANAGHI-USA ST,,PANAGHI-USA ST,,"RDO No. 82 - Cebu City, South.xls",Sheet 6 (DO 86-2023)
286,PATI   ST,,PATI   ST,,"RDO No. 82 - Cebu City, South.xls",Sheet 6 (DO 86-2023)
287,PERECO ST,,PERECO ST,,"RDO No. 82 - Cebu City, South.xls",Sheet 6 (DO 86-2023)
288,PUNAY ST,,PUNAY ST,,"RDO No. 82 - Cebu City, South.xls",Sheet 6 (DO 86-2023)
289,RAMA COMPOUND,,RAMA COMPOUND,,"RDO No. 82 - Cebu City, South.xls",Sheet 6 (DO 86-2023)
290,L. GABUYA ST (RIZAL AVENUE EXTENSION/OLD PHIL RAILWAY/TAGUNOL ROAD),,L. GABUYA ST (RIZAL AVENUE EXTENSION/OLD PHIL RAILWAY/TAGUNOL ROAD),,"RDO No. 82 - Cebu City, South.xls",Sheet 6 (DO 86-2023)
291,,,,,"RDO No. 82 - Cebu City, South.xls",Sheet 6 (DO 86-2023)
292,SALING ST,,SALING ST,,"RDO No. 82 - Cebu City, South.xls",Sheet 6 (DO 86-2023)
293,SAN ANTONIO ROAD,,SAN ANTONIO ROAD,,"RDO No. 82 - Cebu City, South.xls",Sheet 6 (DO 86-2023)
294,SILOY ST,,SILOY ST,,"RDO No. 82 - Cebu City, South.xls",Sheet 6 (DO 86-2023)
295,TABARES ST,,TABARES ST,,"RDO No. 82 - Cebu City, South.xls",Sheet 6 (DO 86-2023)
296,TAGUNOL ROAD,,TAGUNOL ROAD,,"RDO No. 82 - Cebu City, South.xls",Sheet 6 (DO 86-2023)
297,TAMSI ST,,TAMSI ST,,"RDO No. 82 - Cebu City, South.xls",Sheet 6 (DO 86-2023)
298,TUKMO ST,,TUKMO ST,,"RDO No. 82 - Cebu City, South.xls",Sheet 6 (DO 86-2023)
299,UBOS PUSO ROAD,,UBOS PUSO ROAD,,"RDO No. 82 - Cebu City, South.xls",Sheet 6 (DO 86-2023)
300,VILLA SAN ANTONIO,,VILLA SAN ANTONIO,,"RDO No. 82 - Cebu City, South.xls",Sheet 6 (DO 86-2023)
301,ALL OTHER STREETS,,ALL OTHER STREETS,,"RDO No. 82 - Cebu City, South.xls",Sheet 6 (DO 86-2023)
302,,,,,"RDO No. 82 - Cebu City, South.xls",Sheet 6 (DO 86-2023)
303,,,,,"RDO No. 82 - Cebu City, South.xls",Sheet 6 (DO 86-2023)
304,Province                           : CEBU,,Province                           : CEBU,,"RDO No. 82 - Cebu City, South.xls",Sheet 6 (DO 86-2023)
305,City/Municipality            : CEBU CITY SOUTH,,City/Municipality            : CEBU CITY SOUTH,,"RDO No. 82 - Cebu City, South.xls",Sheet 6 (DO 86-2023)
306,Zone/Barangay               : BASAK SAN NICOLAS,,Zone/Barangay               : BASAK SAN NICOLAS,,"RDO No. 82 - Cebu City, South.xls",Sheet 6 (DO 86-2023)
307,STREET NAME/SUBDIVISION/CONDOMINIUM,,STREET NAME/SUBDIVISION/CONDOMINIUM,,"RDO No. 82 - Cebu City, South.xls",Sheet 6 (DO 86-2023)
308,,,,,"RDO No. 82 - Cebu City, South.xls",Sheet 6 (DO 86-2023)
309,,,,,"RDO No. 82 - Cebu City, South.xls",Sheet 6 (DO 86-2023)
310,SUBDIVISIONS,,SUBDIVISIONS,,"RDO No. 82 - Cebu City, South.xls",Sheet 6 (DO 86-2023)
311,FRIENDSHIP VILLAGE,,FRIENDSHIP VILLAGE,,"RDO No. 82 - Cebu City, South.xls",Sheet 6 (DO 86-2023)
312,VILLARICA SUBD.,,VILLARICA SUBD.,,"RDO No. 82 - Cebu City, South.xls",Sheet 6 (DO 86-2023)
313,ALL OTHER SUBDIVISIONS,,ALL OTHER SUBDIVISIONS,,"RDO No. 82 - Cebu City, South.xls",Sheet 6 (DO 86-2023)
314,(Formerly All Other Existing Subdivisions),,(Formerly All Other Existing Subdivisions),,"RDO No. 82 - Cebu City, South.xls",Sheet 6 (DO 86-2023)
315,(Formerly New Subdivisions),,(Formerly New Subdivisions),,"RDO No. 82 - Cebu City, South.xls",Sheet 6 (DO 86-2023)
316,NEW SUBDIVISIONS,,NEW SUBDIVISIONS,,"RDO No. 82 - Cebu City, South.xls",Sheet 6 (DO 86-2023)
317,,,,,"RDO No. 82 - Cebu City, South.xls",Sheet 6 (DO 86-2023)
318,CONDOMINIUMS,,CONDOMINIUMS,,"RDO No. 82 - Cebu City, South.xls",Sheet 6 (DO 86-2023)
319,CONDOMINIUM - HIGH END,,CONDOMINIUM - HIGH END,,"RDO No. 82 - Cebu City, South.xls",Sheet 6 (DO 86-2023)
320,,,,,"RDO No. 82 - Cebu City, South.xls",Sheet 6 (DO 86-2023)
321,,,,,"RDO No. 82 - Cebu City, South.xls",Sheet 6 (DO 86-2023)
322,CONDOMINIUMS,,CONDOMINIUMS,,"RDO No. 82 - Cebu City, South.xls",Sheet 6 (DO 86-2023)
323,17 STOREYS & UP,,17 STOREYS & UP,17.0,"RDO No. 82 - Cebu City, South.xls",Sheet 6 (DO 86-2023)
324,,,,,"RDO No. 82 - Cebu City, South.xls",Sheet 6 (DO 86-2023)
325,,,,,"RDO No. 82 - Cebu City, South.xls",Sheet 6 (DO 86-2023)
326,8 - 16 STOREYS,,8 - 16 STOREYS,,"RDO No. 82 - Cebu City, South.xls",Sheet 6 (DO 86-2023)
327,,,,,"RDO No. 82 - Cebu City, South.xls",Sheet 6 (DO 86-2023)
328,,,,,"RDO No. 82 - Cebu City, South.xls",Sheet 6 (DO 86-2023)
329,1 - 7 STOREYS,,1 - 7 STOREYS,,"RDO No. 82 - Cebu City, South.xls",Sheet 6 (DO 86-2023)
330,,,,,"RDO No. 82 - Cebu City, South.xls",Sheet 6 (DO 86-2023)
331,,,,,"RDO No. 82 - Cebu City, South.xls",Sheet 6 (DO 86-2023)
332,SOCIALIZED / LOW-COST,,SOCIALIZED / LOW-COST,,"RDO No. 82 - Cebu City, South.xls",Sheet 6 (DO 86-2023)
333,,,,,"RDO No. 82 - Cebu City, South.xls",Sheet 6 (DO 86-2023)
334,,,,,"RDO No. 82 - Cebu City, South.xls",Sheet 6 (DO 86-2023)
335,,,,,"RDO No. 82 - Cebu City, South.xls",Sheet 6 (DO 86-2023)
336,*            NEW,,*            NEW,,"RDO No. 82 - Cebu City, South.xls",Sheet 6 (DO 86-2023)
337,**         FOR DELETION - SIMPLIFIED CONDOMINIUM OR STREET NAME / DUPLICATION OF STREET NAME,,**         FOR DELETION - SIMPLIFIED CONDOMINIUM OR STREET NAME / DUPLICATION OF STREET NAME,,"RDO No. 82 - Cebu City, South.xls",Sheet 6 (DO 86-2023)
338,***       CHANGED NAME,,***       CHANGED NAME,,"RDO No. 82 - Cebu City, South.xls",Sheet 6 (DO 86-2023)
339,****     SPECIFIED VICINITY,,****     SPECIFIED VICINITY,,"RDO No. 82 - Cebu City, South.xls",Sheet 6 (DO 86-2023)
340,*****   DELETED VICINITY,,*****   DELETED VICINITY,,"RDO No. 82 - Cebu City, South.xls",Sheet 6 (DO 86-2023)
341,****** CAN BE SEEN IN L. GABUYA ST.,,****** CAN BE SEEN IN L. GABUYA ST.,,"RDO No. 82 - Cebu City, South.xls",Sheet 6 (DO 86-2023)
342,,,,,"RDO No. 82 - Cebu City, South.xls",Sheet 6 (DO 86-2023)
343,,,,,"RDO No. 82 - Cebu City, South.xls",Sheet 6 (DO 86-2023)
344,Province                         : CEBU,,Province                         : CEBU,,"RDO No. 82 - Cebu City, South.xls",Sheet 6 (DO 86-2023)
345,City/Municipality        : CEBU CITY SOUTH,,City/Municipality        : CEBU CITY SOUTH,,"RDO No. 82 - Cebu City, South.xls",Sheet 6 (DO 86-2023)
346,Zone/Barangay            : BONBON,,Zone/Barangay            : BONBON,,"RDO No. 82 - Cebu City, South.xls",Sheet 6 (DO 86-2023)
347,STREET NAME/SUBDIVISION/CONDOMINIUM,,STREET NAME/SUBDIVISION/CONDOMINIUM,,"RDO No. 82 - Cebu City, South.xls",Sheet 6 (DO 86-2023)
348,,,,,"RDO No. 82 - Cebu City, South.xls",Sheet 6 (DO 86-2023)
349,BONBON PROPER,,BONBON PROPER,,"RDO No. 82 - Cebu City, South.xls",Sheet 6 (DO 86-2023)
350,RURAL BARANGAY,,RURAL BARANGAY,,"RDO No. 82 - Cebu City, South.xls",Sheet 6 (DO 86-2023)
351,ALL AREAS ALONG THE ROAD -,,ALL AREAS ALONG THE ROAD -,,"RDO No. 82 - Cebu City, South.xls",Sheet 6 (DO 86-2023)
352,(Formerly Suburban Areas With Road),,(Formerly Suburban Areas With Road),,"RDO No. 82 - Cebu City, South.xls",Sheet 6 (DO 86-2023)
353,,,,,"RDO No. 82 - Cebu City, South.xls",Sheet 6 (DO 86-2023)
354,ALL INTERIOR AREAS -,,ALL INTERIOR AREAS -,,"RDO No. 82 - Cebu City, South.xls",Sheet 6 (DO 86-2023)
355,(Formerly Suburban Areas Without Road),,(Formerly Suburban Areas Without Road),,"RDO No. 82 - Cebu City, South.xls",Sheet 6 (DO 86-2023)
356,ALL AREAS,,ALL AREAS,,"RDO No. 82 - Cebu City, South.xls",Sheet 6 (DO 86-2023)
357,ALL OTHER STREETS,,ALL OTHER STREETS,,"RDO No. 82 - Cebu City, South.xls",Sheet 6 (DO 86-2023)
358,,,,,"RDO No. 82 - Cebu City, South.xls",Sheet 6 (DO 86-2023)
359,,,,,"RDO No. 82 - Cebu City, South.xls",Sheet 6 (DO 86-2023)
360,,,,,"RDO No. 82 - Cebu City, South.xls",Sheet 6 (DO 86-2023)
361,SUBDIVISIONS,,SUBDIVISIONS,,"RDO No. 82 - Cebu City, South.xls",Sheet 6 (DO 86-2023)
362,ALL SUBDIVISIONS -,,ALL SUBDIVISIONS -,,"RDO No. 82 - Cebu City, South.xls",Sheet 6 (DO 86-2023)
363,(Formerly All New Subdivision),,(Formerly All New Subdivision),,"RDO No. 82 - Cebu City, South.xls",Sheet 6 (DO 86-2023)
364,,,,,"RDO No. 82 - Cebu City, South.xls",Sheet 6 (DO 86-2023)
365,CONDOMINIUMS,,CONDOMINIUMS,,"RDO No. 82 - Cebu City, South.xls",Sheet 6 (DO 86-2023)
366,CONDOMINIUM - HIGH END,,CONDOMINIUM - HIGH END,,"RDO No. 82 - Cebu City, South.xls",Sheet 6 (DO 86-2023)
367,,,,,"RDO No. 82 - Cebu City, South.xls",Sheet 6 (DO 86-2023)
368,,,,,"RDO No. 82 - Cebu City, South.xls",Sheet 6 (DO 86-2023)
369,CONDOMINIUMS,,CONDOMINIUMS,,"RDO No. 82 - Cebu City, South.xls",Sheet 6 (DO 86-2023)
370,17 STOREYS & UP,,17 STOREYS & UP,17.0,"RDO No. 82 - Cebu City, South.xls",Sheet 6 (DO 86-2023)
371,,,,,"RDO No. 82 - Cebu City, South.xls",Sheet 6 (DO 86-2023)
372,,,,,"RDO No. 82 - Cebu City, South.xls",Sheet 6 (DO 86-2023)
373,8 - 16 STOREYS,,8 - 16 STOREYS,,"RDO No. 82 - Cebu City, South.xls",Sheet 6 (DO 86-2023)
374,,,,,"RDO No. 82 - Cebu City, South.xls",Sheet 6 (DO 86-2023)
375,,,,,"RDO No. 82 - Cebu City, South.xls",Sheet 6 (DO 86-2023)
376,1 - 7 STOREYS,,1 - 7 STOREYS,,"RDO No. 82 - Cebu City, South.xls",Sheet 6 (DO 86-2023)
377,,,,,"RDO No. 82 - Cebu City, South.xls",Sheet 6 (DO 86-2023)
378,,,,,"RDO No. 82 - Cebu City, South.xls",Sheet 6 (DO 86-2023)
379,SOCIALIZED / LOW-COST,,SOCIALIZED / LOW-COST,,"RDO No. 82 - Cebu City, South.xls",Sheet 6 (DO 86-2023)
380,,,,,"RDO No. 82 - Cebu City, South.xls",Sheet 6 (DO 86-2023)
381,,,,,"RDO No. 82 - Cebu City, South.xls",Sheet 6 (DO 86-2023)
382,,,,,"RDO No. 82 - Cebu City, South.xls",Sheet 6 (DO 86-2023)
383,*        NEW,,*        NEW,,"RDO No. 82 - Cebu City, South.xls",Sheet 6 (DO 86-2023)
384,**      FOR DELETION - SIMPLIFIED CONDOMINIUM OR STREET NAME / DUPLICATION OF STREET NAME,,**      FOR DELETION - SIMPLIFIED CONDOMINIUM OR STREET NAME / DUPLICATION OF STREET NAME,,"RDO No. 82 - Cebu City, South.xls",Sheet 6 (DO 86-2023)
385,***    CHANGED NAME,,***    CHANGED NAME,,"RDO No. 82 - Cebu City, South.xls",Sheet 6 (DO 86-2023)
386,,,,,"RDO No. 82 - Cebu City, South.xls",Sheet 6 (DO 86-2023)
387,Province                         : CEBU,,Province                         : CEBU,,"RDO No. 82 - Cebu City, South.xls",Sheet 6 (DO 86-2023)
388,City/Municipality        : CEBU CITY SOUTH,,City/Municipality        : CEBU CITY SOUTH,,"RDO No. 82 - Cebu City, South.xls",Sheet 6 (DO 86-2023)
389,Zone/Barangay            : BUHISAN,,Zone/Barangay            : BUHISAN,,"RDO No. 82 - Cebu City, South.xls",Sheet 6 (DO 86-2023)
390,STREET NAME/ SUBDIVISION/ CONDOMINIUM,,STREET NAME/ SUBDIVISION/ CONDOMINIUM,,"RDO No. 82 - Cebu City, South.xls",Sheet 6 (DO 86-2023)
391,,,,,"RDO No. 82 - Cebu City, South.xls",Sheet 6 (DO 86-2023)
392,ANAHAW,,ANAHAW,,"RDO No. 82 - Cebu City, South.xls",Sheet 6 (DO 86-2023)
393,BUHISAN PROPER,,BUHISAN PROPER,,"RDO No. 82 - Cebu City, South.xls",Sheet 6 (DO 86-2023)
394,CAMPARVILLE,,CAMPARVILLE,,"RDO No. 82 - Cebu City, South.xls",Sheet 6 (DO 86-2023)
395,,,,,"RDO No. 82 - Cebu City, South.xls",Sheet 6 (DO 86-2023)
396,,,,,"RDO No. 82 - Cebu City, South.xls",Sheet 6 (DO 86-2023)
397,CCF,,CCF,,"RDO No. 82 - Cebu City, South.xls",Sheet 6 (DO 86-2023)
398,DAM,,DAM,,"RDO No. 82 - Cebu City, South.xls",Sheet 6 (DO 86-2023)
399,,,,,"RDO No. 82 - Cebu City, South.xls",Sheet 6 (DO 86-2023)
400,DON BOSCO PROPER,,DON BOSCO PROPER,,"RDO No. 82 - Cebu City, South.xls",Sheet 6 (DO 86-2023)
401,DULHUGAN,,DULHUGAN,,"RDO No. 82 - Cebu City, South.xls",Sheet 6 (DO 86-2023)
402,FR. BOSCH ST.,,FR. BOSCH ST.,,"RDO No. 82 - Cebu City, South.xls",Sheet 6 (DO 86-2023)
403,JERUSALEM,,JERUSALEM,,"RDO No. 82 - Cebu City, South.xls",Sheet 6 (DO 86-2023)
404,KADASIG PHASE IV,,KADASIG PHASE IV,,"RDO No. 82 - Cebu City, South.xls",Sheet 6 (DO 86-2023)
405,KADASIG PHASE V,,KADASIG PHASE V,,"RDO No. 82 - Cebu City, South.xls",Sheet 6 (DO 86-2023)
406,LANGUB,,LANGUB,,"RDO No. 82 - Cebu City, South.xls",Sheet 6 (DO 86-2023)
407,LOWER NAZARETH,,LOWER NAZARETH,,"RDO No. 82 - Cebu City, South.xls",Sheet 6 (DO 86-2023)
408,LOWER PUTI,,LOWER PUTI,,"RDO No. 82 - Cebu City, South.xls",Sheet 6 (DO 86-2023)
409,OLIVO,,OLIVO,,"RDO No. 82 - Cebu City, South.xls",Sheet 6 (DO 86-2023)
410,PANPANAN,,PANPANAN,,"RDO No. 82 - Cebu City, South.xls",Sheet 6 (DO 86-2023)
411,POSO,,POSO,,"RDO No. 82 - Cebu City, South.xls",Sheet 6 (DO 86-2023)
412,PUSO-AN,,PUSO-AN,,"RDO No. 82 - Cebu City, South.xls",Sheet 6 (DO 86-2023)
413,ROAD TO BUHISAN,,ROAD TO BUHISAN,,"RDO No. 82 - Cebu City, South.xls",Sheet 6 (DO 86-2023)
414,ROAD TO BUHISAN,,ROAD TO BUHISAN,,"RDO No. 82 - Cebu City, South.xls",Sheet 6 (DO 86-2023)
415,SANDAYONG,,SANDAYONG,,"RDO No. 82 - Cebu City, South.xls",Sheet 6 (DO 86-2023)
416,TAYTAYAN,,TAYTAYAN,,"RDO No. 82 - Cebu City, South.xls",Sheet 6 (DO 86-2023)
417,TUBOD,,TUBOD,,"RDO No. 82 - Cebu City, South.xls",Sheet 6 (DO 86-2023)
418,UKBAN,,UKBAN,,"RDO No. 82 - Cebu City, South.xls",Sheet 6 (DO 86-2023)
419,UPPER NAZARETH,,UPPER NAZARETH,,"RDO No. 82 - Cebu City, South.xls",Sheet 6 (DO 86-2023)
420,UPPER PUTI,,UPPER PUTI,,"RDO No. 82 - Cebu City, South.xls",Sheet 6 (DO 86-2023)
421,ALL OTHER STREETS -,,ALL OTHER STREETS -,,"RDO No. 82 - Cebu City, South.xls",Sheet 6 (DO 86-2023)
422,(Formerly All Other Areas),,(Formerly All Other Areas),,"RDO No. 82 - Cebu City, South.xls",Sheet 6 (DO 86-2023)
423,,,,,"RDO No. 82 - Cebu City, South.xls",Sheet 6 (DO 86-2023)
424,,,,,"RDO No. 82 - Cebu City, South.xls",Sheet 6 (DO 86-2023)
425,Province                         : CEBU,,Province                         : CEBU,,"RDO No. 82 - Cebu City, South.xls",Sheet 6 (DO 86-2023)
426,City/Municipality        : CEBU CITY SOUTH,,City/Municipality        : CEBU CITY SOUTH,,"RDO No. 82 - Cebu City, South.xls",Sheet 6 (DO 86-2023)
427,Zone/Barangay            : BUHISAN,,Zone/Barangay            : BUHISAN,,"RDO No. 82 - Cebu City, South.xls",Sheet 6 (DO 86-2023)
428,STREET NAME/ SUBDIVISION/ CONDOMINIUM,,STREET NAME/ SUBDIVISION/ CONDOMINIUM,,"RDO No. 82 - Cebu City, South.xls",Sheet 6 (DO 86-2023)
429,,,,,"RDO No. 82 - Cebu City, South.xls",Sheet 6 (DO 86-2023)
430,SUBDIVISIONS,,SUBDIVISIONS,,"RDO No. 82 - Cebu City, South.xls",Sheet 6 (DO 86-2023)
431,BF PROPERTY HOMES,,BF PROPERTY HOMES,,"RDO No. 82 - Cebu City, South.xls",Sheet 6 (DO 86-2023)
432,SOUTH HILLS SUBD.,,SOUTH HILLS SUBD.,,"RDO No. 82 - Cebu City, South.xls",Sheet 6 (DO 86-2023)
433,ALL OTHER SUBDIVISIONS -,,ALL OTHER SUBDIVISIONS -,,"RDO No. 82 - Cebu City, South.xls",Sheet 6 (DO 86-2023)
434,(Formerly All Other Existing Subdivisions),,(Formerly All Other Existing Subdivisions),,"RDO No. 82 - Cebu City, South.xls",Sheet 6 (DO 86-2023)
435,(Formerly All New Subdivision),,(Formerly All New Subdivision),,"RDO No. 82 - Cebu City, South.xls",Sheet 6 (DO 86-2023)
436,ALL NEW SUBDIVISIION,,ALL NEW SUBDIVISIION,,"RDO No. 82 - Cebu City, South.xls",Sheet 6 (DO 86-2023)
437,,,,,"RDO No. 82 - Cebu City, South.xls",Sheet 6 (DO 86-2023)
438,CONDOMINIUMS,,CONDOMINIUMS,,"RDO No. 82 - Cebu City, South.xls",Sheet 6 (DO 86-2023)
439,17 STOREYS & UP,,17 STOREYS & UP,17.0,"RDO No. 82 - Cebu City, South.xls",Sheet 6 (DO 86-2023)
440,,,,,"RDO No. 82 - Cebu City, South.xls",Sheet 6 (DO 86-2023)
441,,,,,"RDO No. 82 - Cebu City, South.xls",Sheet 6 (DO 86-2023)
442,8 - 16 STOREYS,,8 - 16 STOREYS,,"RDO No. 82 - Cebu City, South.xls",Sheet 6 (DO 86-2023)
443,,,,,"RDO No. 82 - Cebu City, South.xls",Sheet 6 (DO 86-2023)
444,,,,,"RDO No. 82 - Cebu City, South.xls",Sheet 6 (DO 86-2023)
445,1 - 7 STOREYS,,1 - 7 STOREYS,,"RDO No. 82 - Cebu City, South.xls",Sheet 6 (DO 86-2023)
446,,,,,"RDO No. 82 - Cebu City, South.xls",Sheet 6 (DO 86-2023)
447,,,,,"RDO No. 82 - Cebu City, South.xls",Sheet 6 (DO 86-2023)
448,SOCIALIZED / LOW-COST,,SOCIALIZED / LOW-COST,,"RDO No. 82 - Cebu City, South.xls",Sheet 6 (DO 86-2023)
449,,,,,"RDO No. 82 - Cebu City, South.xls",Sheet 6 (DO 86-2023)
450,,,,,"RDO No. 82 - Cebu City, South.xls",Sheet 6 (DO 86-2023)
451,*        NEW,,*        NEW,,"RDO No. 82 - Cebu City, South.xls",Sheet 6 (DO 86-2023)
452,**      FOR DELETION - SIMPLIFIED CONDOMINIUM OR STREET NAME / DUPLICATION OF STREET NAME,,**      FOR DELETION - SIMPLIFIED CONDOMINIUM OR STREET NAME / DUPLICATION OF STREET NAME,,"RDO No. 82 - Cebu City, South.xls",Sheet 6 (DO 86-2023)
453,***    CHANGED NAME,,***    CHANGED NAME,,"RDO No. 82 - Cebu City, South.xls",Sheet 6 (DO 86-2023)
454,,,,,"RDO No. 82 - Cebu City, South.xls",Sheet 6 (DO 86-2023)
455,Province                         : CEBU,,Province                         : CEBU,,"RDO No. 82 - Cebu City, South.xls",Sheet 6 (DO 86-2023)
456,City/Municipality        : CEBU CITY SOUTH,,City/Municipality        : CEBU CITY SOUTH,,"RDO No. 82 - Cebu City, South.xls",Sheet 6 (DO 86-2023)
457,Zone/Barangay            : BULACAO,,Zone/Barangay            : BULACAO,,"RDO No. 82 - Cebu City, South.xls",Sheet 6 (DO 86-2023)
458,STREET NAME/SUBDIVISION/CONDOMINIUM,,STREET NAME/SUBDIVISION/CONDOMINIUM,,"RDO No. 82 - Cebu City, South.xls",Sheet 6 (DO 86-2023)
459,,,,,"RDO No. 82 - Cebu City, South.xls",Sheet 6 (DO 86-2023)
460,ADELFA,,ADELFA,,"RDO No. 82 - Cebu City, South.xls",Sheet 6 (DO 86-2023)
461,N. BACALSO AVE.,,N. BACALSO AVE.,,"RDO No. 82 - Cebu City, South.xls",Sheet 6 (DO 86-2023)
462,,,,,"RDO No. 82 - Cebu City, South.xls",Sheet 6 (DO 86-2023)
463,ROAD TO R CABRERA'S RES,,ROAD TO R CABRERA'S RES,,"RDO No. 82 - Cebu City, South.xls",Sheet 6 (DO 86-2023)
464,ROAD TO ST JUDE ACRES,,ROAD TO ST JUDE ACRES,,"RDO No. 82 - Cebu City, South.xls",Sheet 6 (DO 86-2023)
465,SAYABOC COMPOUND/SEYABOK,,SAYABOC COMPOUND/SEYABOK,,"RDO No. 82 - Cebu City, South.xls",Sheet 6 (DO 86-2023)
466,ST. THOMAS,,ST. THOMAS,,"RDO No. 82 - Cebu City, South.xls",Sheet 6 (DO 86-2023)
467,VILLA BULSITA,,VILLA BULSITA,,"RDO No. 82 - Cebu City, South.xls",Sheet 6 (DO 86-2023)
468,VILLA MANGGA,,VILLA MANGGA,,"RDO No. 82 - Cebu City, South.xls",Sheet 6 (DO 86-2023)
469,VILLA VERNA,,VILLA VERNA,,"RDO No. 82 - Cebu City, South.xls",Sheet 6 (DO 86-2023)
470,VILLAMANGA TO LAGUNA,,VILLAMANGA TO LAGUNA,,"RDO No. 82 - Cebu City, South.xls",Sheet 6 (DO 86-2023)
471,ALL OTHER STREETS,,ALL OTHER STREETS,,"RDO No. 82 - Cebu City, South.xls",Sheet 6 (DO 86-2023)
472,,,,,"RDO No. 82 - Cebu City, South.xls",Sheet 6 (DO 86-2023)
473,,,,,"RDO No. 82 - Cebu City, South.xls",Sheet 6 (DO 86-2023)
474,,,,,"RDO No. 82 - Cebu City, South.xls",Sheet 6 (DO 86-2023)
475,SUBDIVISIONS,,SUBDIVISIONS,,"RDO No. 82 - Cebu City, South.xls",Sheet 6 (DO 86-2023)
476,ALTA VISTA SUBDIVISION,,ALTA VISTA SUBDIVISION,,"RDO No. 82 - Cebu City, South.xls",Sheet 6 (DO 86-2023)
477,IMPALA VILLAGE,,IMPALA VILLAGE,,"RDO No. 82 - Cebu City, South.xls",Sheet 6 (DO 86-2023)
478,MIGHTY VILLA SUBDIVISION,,MIGHTY VILLA SUBDIVISION,,"RDO No. 82 - Cebu City, South.xls",Sheet 6 (DO 86-2023)
479,LG SOUTHVILLE PHASE 1,,LG SOUTHVILLE PHASE 1,1.0,"RDO No. 82 - Cebu City, South.xls",Sheet 6 (DO 86-2023)
480,LG SOUTHVILLE PHASE 2,,LG SOUTHVILLE PHASE 2,2.0,"RDO No. 82 - Cebu City, South.xls",Sheet 6 (DO 86-2023)
481,NEWTOWN ESTATE SUBDVISION,,NEWTOWN ESTATE SUBDVISION,,"RDO No. 82 - Cebu City, South.xls",Sheet 6 (DO 86-2023)
482,PEACE VALLEY HOMES SUBDIVISION,,PEACE VALLEY HOMES SUBDIVISION,,"RDO No. 82 - Cebu City, South.xls",Sheet 6 (DO 86-2023)
483,PIGAFETTA COURT,,PIGAFETTA COURT,,"RDO No. 82 - Cebu City, South.xls",Sheet 6 (DO 86-2023)
484,SAN AGUSTIN VILLAGE,,SAN AGUSTIN VILLAGE,,"RDO No. 82 - Cebu City, South.xls",Sheet 6 (DO 86-2023)
485,ST. JUDE ACRES,,ST. JUDE ACRES,,"RDO No. 82 - Cebu City, South.xls",Sheet 6 (DO 86-2023)
486,ST. JUDE ACRES,,ST. JUDE ACRES,,"RDO No. 82 - Cebu City, South.xls",Sheet 6 (DO 86-2023)
487,JUDE RESIDENCE,,JUDE RESIDENCE,,"RDO No. 82 - Cebu City, South.xls",Sheet 6 (DO 86-2023)
488,STA. LUCIA SUBDIVISION,,STA. LUCIA SUBDIVISION,,"RDO No. 82 - Cebu City, South.xls",Sheet 6 (DO 86-2023)
489,SUNRISE VILLAGE,,SUNRISE VILLAGE,,"RDO No. 82 - Cebu City, South.xls",Sheet 6 (DO 86-2023)
490,ALL OTHER SUBDIVISIONS -,,ALL OTHER SUBDIVISIONS -,,"RDO No. 82 - Cebu City, South.xls",Sheet 6 (DO 86-2023)
491,(Formerly All Other Existing Subdivisiions),,(Formerly All Other Existing Subdivisiions),,"RDO No. 82 - Cebu City, South.xls",Sheet 6 (DO 86-2023)
492,(Formerly New Subdivisions)),,(Formerly New Subdivisions)),,"RDO No. 82 - Cebu City, South.xls",Sheet 6 (DO 86-2023)
493,NEW SUBDIVISIONS,,NEW SUBDIVISIONS,,"RDO No. 82 - Cebu City, South.xls",Sheet 6 (DO 86-2023)
494,,,,,"RDO No. 82 - Cebu City, South.xls",Sheet 6 (DO 86-2023)
495,Province                         : CEBU,,Province                         : CEBU,,"RDO No. 82 - Cebu City, South.xls",Sheet 6 (DO 86-2023)
496,City/Municipality        : CEBU CITY SOUTH,,City/Municipality        : CEBU CITY SOUTH,,"RDO No. 82 - Cebu City, South.xls",Sheet 6 (DO 86-2023)
497,Zone/Barangay            : BULACAO,,Zone/Barangay            : BULACAO,,"RDO No. 82 - Cebu City, South.xls",Sheet 6 (DO 86-2023)
498,STREET NAME/SUBDIVISION/CONDOMINIUM,,STREET NAME/SUBDIVISION/CONDOMINIUM,,"RDO No. 82 - Cebu City, South.xls",Sheet 6 (DO 86-2023)
499,,,,,"RDO No. 82 - Cebu City, South.xls",Sheet 6 (DO 86-2023)
500,CONDOMINIUMS,,CONDOMINIUMS,,"RDO No. 82 - Cebu City, South.xls",Sheet 6 (DO 86-2023)
501,CONDOMINIUM -HIGH END,,CONDOMINIUM -HIGH END,,"RDO No. 82 - Cebu City, South.xls",Sheet 6 (DO 86-2023)
502,,,,,"RDO No. 82 - Cebu City, South.xls",Sheet 6 (DO 86-2023)
503,,,,,"RDO No. 82 - Cebu City, South.xls",Sheet 6 (DO 86-2023)
504,CONDOMINIUMS,,CONDOMINIUMS,,"RDO No. 82 - Cebu City, South.xls",Sheet 6 (DO 86-2023)
505,17 STOREYS & UP,,17 STOREYS & UP,17.0,"RDO No. 82 - Cebu City, South.xls",Sheet 6 (DO 86-2023)
506,,,,,"RDO No. 82 - Cebu City, South.xls",Sheet 6 (DO 86-2023)
507,,,,,"RDO No. 82 - Cebu City, South.xls",Sheet 6 (DO 86-2023)
508,8 - 16 STOREYS,,8 - 16 STOREYS,,"RDO No. 82 - Cebu City, South.xls",Sheet 6 (DO 86-2023)
509,,,,,"RDO No. 82 - Cebu City, South.xls",Sheet 6 (DO 86-2023)
510,,,,,"RDO No. 82 - Cebu City, South.xls",Sheet 6 (DO 86-2023)
511,1 - 7 STOREYS,,1 - 7 STOREYS,,"RDO No. 82 - Cebu City, South.xls",Sheet 6 (DO 86-2023)
512,,,,,"RDO No. 82 - Cebu City, South.xls",Sheet 6 (DO 86-2023)
513,,,,,"RDO No. 82 - Cebu City, South.xls",Sheet 6 (DO 86-2023)
514,SOCIALIZED / LOW-COST,,SOCIALIZED / LOW-COST,,"RDO No. 82 - Cebu City, South.xls",Sheet 6 (DO 86-2023)
515,,,,,"RDO No. 82 - Cebu City, South.xls",Sheet 6 (DO 86-2023)
516,,,,,"RDO No. 82 - Cebu City, South.xls",Sheet 6 (DO 86-2023)
517,,,,,"RDO No. 82 - Cebu City, South.xls",Sheet 6 (DO 86-2023)
518,*         NEW,,*         NEW,,"RDO No. 82 - Cebu City, South.xls",Sheet 6 (DO 86-2023)
519,**       FOR DELETION - SIMPLIFIED CONDOMINIUM OR STREET NAME / DUPLICATION OF STREET NAME,,**       FOR DELETION - SIMPLIFIED CONDOMINIUM OR STREET NAME / DUPLICATION OF STREET NAME,,"RDO No. 82 - Cebu City, South.xls",Sheet 6 (DO 86-2023)
520,***     CHANGED STREET NAME,,***     CHANGED STREET NAME,,"RDO No. 82 - Cebu City, South.xls",Sheet 6 (DO 86-2023)
521,****   SPECIFIED VICINITY,,****   SPECIFIED VICINITY,,"RDO No. 82 - Cebu City, South.xls",Sheet 6 (DO 86-2023)
522,***** DELETED VICINITY,,***** DELETED VICINITY,,"RDO No. 82 - Cebu City, South.xls",Sheet 6 (DO 86-2023)
523,,,,,"RDO No. 82 - Cebu City, South.xls",Sheet 6 (DO 86-2023)
524,,,,,"RDO No. 82 - Cebu City, South.xls",Sheet 6 (DO 86-2023)
525,Province                         : CEBU,,Province                         : CEBU,,"RDO No. 82 - Cebu City, South.xls",Sheet 6 (DO 86-2023)
526,,,,,"RDO No. 82 - Cebu City, South.xls",Sheet 6 (DO 86-2023)
527,City/Municipality       : CEBU CITY SOUTH,,City/Municipality       : CEBU CITY SOUTH,,"RDO No. 82 - Cebu City, South.xls",Sheet 6 (DO 86-2023)
528,,,,,"RDO No. 82 - Cebu City, South.xls",Sheet 6 (DO 86-2023)
529,Zone/Barangay           : BUOT - TAOP,,Zone/Barangay           : BUOT - TAOP,,"RDO No. 82 - Cebu City, South.xls",Sheet 6 (DO 86-2023)
530,,,,,"RDO No. 82 - Cebu City, South.xls",Sheet 6 (DO 86-2023)
531,STREET NAME/SUBDIVISION/CONDOMINIUM,,STREET NAME/SUBDIVISION/CONDOMINIUM,,"RDO No. 82 - Cebu City, South.xls",Sheet 6 (DO 86-2023)
532,,,,,"RDO No. 82 - Cebu City, South.xls",Sheet 6 (DO 86-2023)
533,RURAL BARANGAY,,RURAL BARANGAY,,"RDO No. 82 - Cebu City, South.xls",Sheet 6 (DO 86-2023)
534,AGRICULTURAL  LAND,,AGRICULTURAL  LAND,,"RDO No. 82 - Cebu City, South.xls",Sheet 6 (DO 86-2023)
535,ALL AREAS ALONG THE  ROAD -,,ALL AREAS ALONG THE  ROAD -,,"RDO No. 82 - Cebu City, South.xls",Sheet 6 (DO 86-2023)
536,(Formerly Suburban Areas With Road),,(Formerly Suburban Areas With Road),,"RDO No. 82 - Cebu City, South.xls",Sheet 6 (DO 86-2023)
537,,,,,"RDO No. 82 - Cebu City, South.xls",Sheet 6 (DO 86-2023)
538,ALL INTERIOR AREAS -,,ALL INTERIOR AREAS -,,"RDO No. 82 - Cebu City, South.xls",Sheet 6 (DO 86-2023)
539,(Formerly Suburban Areas Without Road),,(Formerly Suburban Areas Without Road),,"RDO No. 82 - Cebu City, South.xls",Sheet 6 (DO 86-2023)
540,,,,,"RDO No. 82 - Cebu City, South.xls",Sheet 6 (DO 86-2023)
541,SUBDIVISIONS,,SUBDIVISIONS,,"RDO No. 82 - Cebu City, South.xls",Sheet 6 (DO 86-2023)
542,ALL SUBDIVISIONS -,,ALL SUBDIVISIONS -,,"RDO No. 82 - Cebu City, South.xls",Sheet 6 (DO 86-2023)
543,(Formerly All New Subdivision),,(Formerly All New Subdivision),,"RDO No. 82 - Cebu City, South.xls",Sheet 6 (DO 86-2023)
544,,,,,"RDO No. 82 - Cebu City, South.xls",Sheet 6 (DO 86-2023)
545,CONDOMINIUMS,,CONDOMINIUMS,,"RDO No. 82 - Cebu City, South.xls",Sheet 6 (DO 86-2023)
546,17 STOREYS & UP,,17 STOREYS & UP,17.0,"RDO No. 82 - Cebu City, South.xls",Sheet 6 (DO 86-2023)
547,,,,,"RDO No. 82 - Cebu City, South.xls",Sheet 6 (DO 86-2023)
548,,,,,"RDO No. 82 - Cebu City, South.xls",Sheet 6 (DO 86-2023)
549,8 - 16 STOREYS,,8 - 16 STOREYS,,"RDO No. 82 - Cebu City, South.xls",Sheet 6 (DO 86-2023)
550,,,,,"RDO No. 82 - Cebu City, South.xls",Sheet 6 (DO 86-2023)
551,,,,,"RDO No. 82 - Cebu City, South.xls",Sheet 6 (DO 86-2023)
552,1 - 7 STOREYS,,1 - 7 STOREYS,,"RDO No. 82 - Cebu City, South.xls",Sheet 6 (DO 86-2023)
553,,,,,"RDO No. 82 - Cebu City, South.xls",Sheet 6 (DO 86-2023)
554,,,,,"RDO No. 82 - Cebu City, South.xls",Sheet 6 (DO 86-2023)
555,SOCIALIZED / LOW-COST,,SOCIALIZED / LOW-COST,,"RDO No. 82 - Cebu City, South.xls",Sheet 6 (DO 86-2023)
556,,,,,"RDO No. 82 - Cebu City, South.xls",Sheet 6 (DO 86-2023)
557,,,,,"RDO No. 82 - Cebu City, South.xls",Sheet 6 (DO 86-2023)
558,,,,,"RDO No. 82 - Cebu City, South.xls",Sheet 6 (DO 86-2023)
559,*         NEW,,*         NEW,,"RDO No. 82 - Cebu City, South.xls",Sheet 6 (DO 86-2023)
560,**       FOR DELETION - SIMPLIFIED CONDOMINIUM OR  STREET NAME / DUPLICATION OF STREET NAME,,**       FOR DELETION - SIMPLIFIED CONDOMINIUM OR  STREET NAME / DUPLICATION OF STREET NAME,,"RDO No. 82 - Cebu City, South.xls",Sheet 6 (DO 86-2023)
561,***     CHANGED NAME,,***     CHANGED NAME,,"RDO No. 82 - Cebu City, South.xls",Sheet 6 (DO 86-2023)
562,,,,,"RDO No. 82 - Cebu City, South.xls",Sheet 6 (DO 86-2023)
563,,,,,"RDO No. 82 - Cebu City, South.xls",Sheet 6 (DO 86-2023)
564,Province                         : CEBU,,Province                         : CEBU,,"RDO No. 82 - Cebu City, South.xls",Sheet 6 (DO 86-2023)
565,City/Municipality        : CEBU CITY SOUTH,,City/Municipality        : CEBU CITY SOUTH,,"RDO No. 82 - Cebu City, South.xls",Sheet 6 (DO 86-2023)
566,Zone/Barangay             : CALAMBA,,Zone/Barangay             : CALAMBA,,"RDO No. 82 - Cebu City, South.xls",Sheet 6 (DO 86-2023)
567,STREET NAME/SUBDIVISION/CONDOMINIUM,,STREET NAME/SUBDIVISION/CONDOMINIUM,,"RDO No. 82 - Cebu City, South.xls",Sheet 6 (DO 86-2023)
568,,,,,"RDO No. 82 - Cebu City, South.xls",Sheet 6 (DO 86-2023)
569,A LOPEZ ST,,A LOPEZ ST,,"RDO No. 82 - Cebu City, South.xls",Sheet 6 (DO 86-2023)
570,,,,,"RDO No. 82 - Cebu City, South.xls",Sheet 6 (DO 86-2023)
571,,,,,"RDO No. 82 - Cebu City, South.xls",Sheet 6 (DO 86-2023)
572,,,,,"RDO No. 82 - Cebu City, South.xls",Sheet 6 (DO 86-2023)
573,ACACIA STREET,,ACACIA STREET,,"RDO No. 82 - Cebu City, South.xls",Sheet 6 (DO 86-2023)
574,B RODRIGUEZ ST,,B RODRIGUEZ ST,,"RDO No. 82 - Cebu City, South.xls",Sheet 6 (DO 86-2023)
575,,,,,"RDO No. 82 - Cebu City, South.xls",Sheet 6 (DO 86-2023)
576,,,,,"RDO No. 82 - Cebu City, South.xls",Sheet 6 (DO 86-2023)
577,"DR. ABELLA, PABLO U.ST.",,"DR. ABELLA, PABLO U.ST.",,"RDO No. 82 - Cebu City, South.xls",Sheet 6 (DO 86-2023)
578,KATIPUNAN ST,,KATIPUNAN ST,,"RDO No. 82 - Cebu City, South.xls",Sheet 6 (DO 86-2023)
579,,,,,"RDO No. 82 - Cebu City, South.xls",Sheet 6 (DO 86-2023)
580,LOWER SAN ROQUE,,LOWER SAN ROQUE,,"RDO No. 82 - Cebu City, South.xls",Sheet 6 (DO 86-2023)
581,,,,,"RDO No. 82 - Cebu City, South.xls",Sheet 6 (DO 86-2023)
582,LUCIO LOPEZ DRIVE,,LUCIO LOPEZ DRIVE,,"RDO No. 82 - Cebu City, South.xls",Sheet 6 (DO 86-2023)
583,,,,,"RDO No. 82 - Cebu City, South.xls",Sheet 6 (DO 86-2023)
584,N. BACALSO AVE.,,N. BACALSO AVE.,,"RDO No. 82 - Cebu City, South.xls",Sheet 6 (DO 86-2023)
585,,,,,"RDO No. 82 - Cebu City, South.xls",Sheet 6 (DO 86-2023)
586,SITIO SAN ANTONIO,,SITIO SAN ANTONIO,,"RDO No. 82 - Cebu City, South.xls",Sheet 6 (DO 86-2023)
587,SUN VALLEY,,SUN VALLEY,,"RDO No. 82 - Cebu City, South.xls",Sheet 6 (DO 86-2023)
588,V RAMA AVE,,V RAMA AVE,,"RDO No. 82 - Cebu City, South.xls",Sheet 6 (DO 86-2023)
589,,,,,"RDO No. 82 - Cebu City, South.xls",Sheet 6 (DO 86-2023)
590,V RAMA AVE,,V RAMA AVE,,"RDO No. 82 - Cebu City, South.xls",Sheet 6 (DO 86-2023)
591,,,,,"RDO No. 82 - Cebu City, South.xls",Sheet 6 (DO 86-2023)
592,ALL OTHER STREETS,,ALL OTHER STREETS,,"RDO No. 82 - Cebu City, South.xls",Sheet 6 (DO 86-2023)
593,,,,,"RDO No. 82 - Cebu City, South.xls",Sheet 6 (DO 86-2023)
594,,,,,"RDO No. 82 - Cebu City, South.xls",Sheet 6 (DO 86-2023)
595,Province                         : CEBU,,Province                         : CEBU,,"RDO No. 82 - Cebu City, South.xls",Sheet 6 (DO 86-2023)
596,City/Municipality        : CEBU CITY SOUTH,,City/Municipality        : CEBU CITY SOUTH,,"RDO No. 82 - Cebu City, South.xls",Sheet 6 (DO 86-2023)
597,Zone/Barangay             : CALAMBA,,Zone/Barangay             : CALAMBA,,"RDO No. 82 - Cebu City, South.xls",Sheet 6 (DO 86-2023)
598,STREET NAME/SUBDIVISION/CONDOMINIUM,,STREET NAME/SUBDIVISION/CONDOMINIUM,,"RDO No. 82 - Cebu City, South.xls",Sheet 6 (DO 86-2023)
599,,,,,"RDO No. 82 - Cebu City, South.xls",Sheet 6 (DO 86-2023)
600,,,,,"RDO No. 82 - Cebu City, South.xls",Sheet 6 (DO 86-2023)
601,SUBDIVISIONS,,SUBDIVISIONS,,"RDO No. 82 - Cebu City, South.xls",Sheet 6 (DO 86-2023)
602,HAPPY VALLEY SUBDIVISION,,HAPPY VALLEY SUBDIVISION,,"RDO No. 82 - Cebu City, South.xls",Sheet 6 (DO 86-2023)
603,SAN ROQUE SUBDIVISION,,SAN ROQUE SUBDIVISION,,"RDO No. 82 - Cebu City, South.xls",Sheet 6 (DO 86-2023)
604,SUN VALLEY SUBDIVISION,,SUN VALLEY SUBDIVISION,,"RDO No. 82 - Cebu City, South.xls",Sheet 6 (DO 86-2023)
605,ALL OTHER SUBDIVISIONS,,ALL OTHER SUBDIVISIONS,,"RDO No. 82 - Cebu City, South.xls",Sheet 6 (DO 86-2023)
606,(Formerly All Other Existing Subdivision),,(Formerly All Other Existing Subdivision),,"RDO No. 82 - Cebu City, South.xls",Sheet 6 (DO 86-2023)
607,(Formerly New Subdivision),,(Formerly New Subdivision),,"RDO No. 82 - Cebu City, South.xls",Sheet 6 (DO 86-2023)
608,NEW SUBDIVISION,,NEW SUBDIVISION,,"RDO No. 82 - Cebu City, South.xls",Sheet 6 (DO 86-2023)
609,,,,,"RDO No. 82 - Cebu City, South.xls",Sheet 6 (DO 86-2023)
610,CONDOMINIUMS,,CONDOMINIUMS,,"RDO No. 82 - Cebu City, South.xls",Sheet 6 (DO 86-2023)
611,ARC TOWER (TOWER 1),,ARC TOWER (TOWER 1),1.0,"RDO No. 82 - Cebu City, South.xls",Sheet 6 (DO 86-2023)
612,,,,,"RDO No. 82 - Cebu City, South.xls",Sheet 6 (DO 86-2023)
613,,,,,"RDO No. 82 - Cebu City, South.xls",Sheet 6 (DO 86-2023)
614,CONDOMINIUM - HIGH END,,CONDOMINIUM - HIGH END,,"RDO No. 82 - Cebu City, South.xls",Sheet 6 (DO 86-2023)
615,,,,,"RDO No. 82 - Cebu City, South.xls",Sheet 6 (DO 86-2023)
616,,,,,"RDO No. 82 - Cebu City, South.xls",Sheet 6 (DO 86-2023)
617,ALL OTHER CONDOMINIUMS,,ALL OTHER CONDOMINIUMS,,"RDO No. 82 - Cebu City, South.xls",Sheet 6 (DO 86-2023)
618,17 STOREYS & UP,,17 STOREYS & UP,17.0,"RDO No. 82 - Cebu City, South.xls",Sheet 6 (DO 86-2023)
619,,,,,"RDO No. 82 - Cebu City, South.xls",Sheet 6 (DO 86-2023)
620,,,,,"RDO No. 82 - Cebu City, South.xls",Sheet 6 (DO 86-2023)
621,8 - 16 STOREYS,,8 - 16 STOREYS,,"RDO No. 82 - Cebu City, South.xls",Sheet 6 (DO 86-2023)
622,,,,,"RDO No. 82 - Cebu City, South.xls",Sheet 6 (DO 86-2023)
623,,,,,"RDO No. 82 - Cebu City, South.xls",Sheet 6 (DO 86-2023)
624,1 - 7 STOREYS,,1 - 7 STOREYS,,"RDO No. 82 - Cebu City, South.xls",Sheet 6 (DO 86-2023)
625,,,,,"RDO No. 82 - Cebu City, South.xls",Sheet 6 (DO 86-2023)
626,,,,,"RDO No. 82 - Cebu City, South.xls",Sheet 6 (DO 86-2023)
627,SOCIALIZED / LOW-COST,,SOCIALIZED / LOW-COST,,"RDO No. 82 - Cebu City, South.xls",Sheet 6 (DO 86-2023)
628,,,,,"RDO No. 82 - Cebu City, South.xls",Sheet 6 (DO 86-2023)
629,,,,,"RDO No. 82 - Cebu City, South.xls",Sheet 6 (DO 86-2023)
630,,,,,"RDO No. 82 - Cebu City, South.xls",Sheet 6 (DO 86-2023)
631,*           NEW,,*           NEW,,"RDO No. 82 - Cebu City, South.xls",Sheet 6 (DO 86-2023)
632,**        FOR DELETION - SIMPLIFIED CONDOMINIUM OR  STREET NAME / DUPLICATION OF STREET NAME,,**        FOR DELETION - SIMPLIFIED CONDOMINIUM OR  STREET NAME / DUPLICATION OF STREET NAME,,"RDO No. 82 - Cebu City, South.xls",Sheet 6 (DO 86-2023)
633,***      CHANGED STREET NAME,,***      CHANGED STREET NAME,,"RDO No. 82 - Cebu City, South.xls",Sheet 6 (DO 86-2023)
634,****    SPECIFIED VICINITY,,****    SPECIFIED VICINITY,,"RDO No. 82 - Cebu City, South.xls",Sheet 6 (DO 86-2023)
635,*****  DELETED VICINITY,,*****  DELETED VICINITY,,"RDO No. 82 - Cebu City, South.xls",Sheet 6 (DO 86-2023)
636,,,,,"RDO No. 82 - Cebu City, South.xls",Sheet 6 (DO 86-2023)
637,,,,,"RDO No. 82 - Cebu City, South.xls",Sheet 6 (DO 86-2023)
638,Province                         : CEBU,,Province                         : CEBU,,"RDO No. 82 - Cebu City, South.xls",Sheet 6 (DO 86-2023)
639,City/Municipality        : CEBU CITY SOUTH,,City/Municipality        : CEBU CITY SOUTH,,"RDO No. 82 - Cebu City, South.xls",Sheet 6 (DO 86-2023)
640,Zone/Barangay            :  CAPITOL SITE,,Zone/Barangay            :  CAPITOL SITE,,"RDO No. 82 - Cebu City, South.xls",Sheet 6 (DO 86-2023)
641,STREET NAME/SUBDIVISION/CONDOMINIUM,,STREET NAME/SUBDIVISION/CONDOMINIUM,,"RDO No. 82 - Cebu City, South.xls",Sheet 6 (DO 86-2023)
642,,,,,"RDO No. 82 - Cebu City, South.xls",Sheet 6 (DO 86-2023)
643,A. CLIMACO ST.,,A. CLIMACO ST.,,"RDO No. 82 - Cebu City, South.xls",Sheet 6 (DO 86-2023)
644,,,,,"RDO No. 82 - Cebu City, South.xls",Sheet 6 (DO 86-2023)
645,B RODRIGUEZ ST,,B RODRIGUEZ ST,,"RDO No. 82 - Cebu City, South.xls",Sheet 6 (DO 86-2023)
646,B RODRIGUEZ ST,,B RODRIGUEZ ST,,"RDO No. 82 - Cebu City, South.xls",Sheet 6 (DO 86-2023)
647,C. RODRIGUEZ ST.,,C. RODRIGUEZ ST.,,"RDO No. 82 - Cebu City, South.xls",Sheet 6 (DO 86-2023)
648,,,,,"RDO No. 82 - Cebu City, South.xls",Sheet 6 (DO 86-2023)
649,DON GIL GARCIA ST,,DON GIL GARCIA ST,,"RDO No. 82 - Cebu City, South.xls",Sheet 6 (DO 86-2023)
650,DON GIL GARCIA ST,,DON GIL GARCIA ST,,"RDO No. 82 - Cebu City, South.xls",Sheet 6 (DO 86-2023)
651,DON GIL GARCIA ST,,DON GIL GARCIA ST,,"RDO No. 82 - Cebu City, South.xls",Sheet 6 (DO 86-2023)
652,DON JOSE AVILA ST.,,DON JOSE AVILA ST.,,"RDO No. 82 - Cebu City, South.xls",Sheet 6 (DO 86-2023)
653,DON MARIANO CUI ST.,,DON MARIANO CUI ST.,,"RDO No. 82 - Cebu City, South.xls",Sheet 6 (DO 86-2023)
654,DEPT. OF AGRICULTURE COMPOUND,,DEPT. OF AGRICULTURE COMPOUND,,"RDO No. 82 - Cebu City, South.xls",Sheet 6 (DO 86-2023)
655,,,,,"RDO No. 82 - Cebu City, South.xls",Sheet 6 (DO 86-2023)
656,,,,,"RDO No. 82 - Cebu City, South.xls",Sheet 6 (DO 86-2023)
657,FUENTE OSMEÑA,,FUENTE OSMEÑA,,"RDO No. 82 - Cebu City, South.xls",Sheet 6 (DO 86-2023)
658,J LLORENTE ST,,J LLORENTE ST,,"RDO No. 82 - Cebu City, South.xls",Sheet 6 (DO 86-2023)
659,M VELEZ ST,,M VELEZ ST,,"RDO No. 82 - Cebu City, South.xls",Sheet 6 (DO 86-2023)
660,N. ESCARIO ST. (M. ESCARIO ST),,N. ESCARIO ST. (M. ESCARIO ST),,"RDO No. 82 - Cebu City, South.xls",Sheet 6 (DO 86-2023)
661,MIRASOL ST,,MIRASOL ST,,"RDO No. 82 - Cebu City, South.xls",Sheet 6 (DO 86-2023)
662,N RAFOLS ST.(JASMIN ST),,N RAFOLS ST.(JASMIN ST),,"RDO No. 82 - Cebu City, South.xls",Sheet 6 (DO 86-2023)
663,ORCHID ST,,ORCHID ST,,"RDO No. 82 - Cebu City, South.xls",Sheet 6 (DO 86-2023)
664,P. RODRIGUEZ ST. (SAMPAGUITA ST.),,P. RODRIGUEZ ST. (SAMPAGUITA ST.),,"RDO No. 82 - Cebu City, South.xls",Sheet 6 (DO 86-2023)
665,PRES OSMENA BLVD,,PRES OSMENA BLVD,,"RDO No. 82 - Cebu City, South.xls",Sheet 6 (DO 86-2023)
666,WALING-WALING ST.,,WALING-WALING ST.,,"RDO No. 82 - Cebu City, South.xls",Sheet 6 (DO 86-2023)
667,ALL OTHER STREETS,,ALL OTHER STREETS,,"RDO No. 82 - Cebu City, South.xls",Sheet 6 (DO 86-2023)
668,,,,,"RDO No. 82 - Cebu City, South.xls",Sheet 6 (DO 86-2023)
669,,,,,"RDO No. 82 - Cebu City, South.xls",Sheet 6 (DO 86-2023)
670,Province                         : CEBU,,Province                         : CEBU,,"RDO No. 82 - Cebu City, South.xls",Sheet 6 (DO 86-2023)
671,City/Municipality        : CEBU CITY SOUTH,,City/Municipality        : CEBU CITY SOUTH,,"RDO No. 82 - Cebu City, South.xls",Sheet 6 (DO 86-2023)
672,Zone/Barangay            :  CAPITOL SITE,,Zone/Barangay            :  CAPITOL SITE,,"RDO No. 82 - Cebu City, South.xls",Sheet 6 (DO 86-2023)
673,STREET NAME/SUBDIVISION/CONDOMINIUM,,STREET NAME/SUBDIVISION/CONDOMINIUM,,"RDO No. 82 - Cebu City, South.xls",Sheet 6 (DO 86-2023)
674,,,,,"RDO No. 82 - Cebu City, South.xls",Sheet 6 (DO 86-2023)
675,,,,,"RDO No. 82 - Cebu City, South.xls",Sheet 6 (DO 86-2023)
676,CONDOMINIUMS,,CONDOMINIUMS,,"RDO No. 82 - Cebu City, South.xls",Sheet 6 (DO 86-2023)
677,CITY SOHO,,CITY SOHO,,"RDO No. 82 - Cebu City, South.xls",Sheet 6 (DO 86-2023)
678,,,,,"RDO No. 82 - Cebu City, South.xls",Sheet 6 (DO 86-2023)
679,,,,,"RDO No. 82 - Cebu City, South.xls",Sheet 6 (DO 86-2023)
680,CONDOMINIUM - HIGH END,,CONDOMINIUM - HIGH END,,"RDO No. 82 - Cebu City, South.xls",Sheet 6 (DO 86-2023)
681,,,,,"RDO No. 82 - Cebu City, South.xls",Sheet 6 (DO 86-2023)
682,,,,,"RDO No. 82 - Cebu City, South.xls",Sheet 6 (DO 86-2023)
683,ALL OTHER CONDOMINIUMS,,ALL OTHER CONDOMINIUMS,,"RDO No. 82 - Cebu City, South.xls",Sheet 6 (DO 86-2023)
684,17 STOREYS & UP,,17 STOREYS & UP,17.0,"RDO No. 82 - Cebu City, South.xls",Sheet 6 (DO 86-2023)
685,,,,,"RDO No. 82 - Cebu City, South.xls",Sheet 6 (DO 86-2023)
686,,,,,"RDO No. 82 - Cebu City, South.xls",Sheet 6 (DO 86-2023)
687,8 - 16 STOREYS,,8 - 16 STOREYS,,"RDO No. 82 - Cebu City, South.xls",Sheet 6 (DO 86-2023)
688,,,,,"RDO No. 82 - Cebu City, South.xls",Sheet 6 (DO 86-2023)
689,,,,,"RDO No. 82 - Cebu City, South.xls",Sheet 6 (DO 86-2023)
690,1 - 7 STOREYS,,1 - 7 STOREYS,,"RDO No. 82 - Cebu City, South.xls",Sheet 6 (DO 86-2023)
691,,,,,"RDO No. 82 - Cebu City, South.xls",Sheet 6 (DO 86-2023)
692,,,,,"RDO No. 82 - Cebu City, South.xls",Sheet 6 (DO 86-2023)
693,SOCIALIZED / LOW-COST,,SOCIALIZED / LOW-COST,,"RDO No. 82 - Cebu City, South.xls",Sheet 6 (DO 86-2023)
694,,,,,"RDO No. 82 - Cebu City, South.xls",Sheet 6 (DO 86-2023)
695,,,,,"RDO No. 82 - Cebu City, South.xls",Sheet 6 (DO 86-2023)
696,*        NEW,,*        NEW,,"RDO No. 82 - Cebu City, South.xls",Sheet 6 (DO 86-2023)
697,**      FOR DELETION - SIMPLIFIED CONDOMINIUM OR STREET NAME / DUPLICATION OF STREET NAME,,**      FOR DELETION - SIMPLIFIED CONDOMINIUM OR STREET NAME / DUPLICATION OF STREET NAME,,"RDO No. 82 - Cebu City, South.xls",Sheet 6 (DO 86-2023)
698,***    CHANGED STREET NAME,,***    CHANGED STREET NAME,,"RDO No. 82 - Cebu City, South.xls",Sheet 6 (DO 86-2023)
699,****  SPECIFIED VICINITY,,****  SPECIFIED VICINITY,,"RDO No. 82 - Cebu City, South.xls",Sheet 6 (DO 86-2023)
700,,,,,"RDO No. 82 - Cebu City, South.xls",Sheet 6 (DO 86-2023)
701,Province                         : CEBU,,Province                         : CEBU,,"RDO No. 82 - Cebu City, South.xls",Sheet 6 (DO 86-2023)
702,City/Municipality        : CEBU CITY SOUTH,,City/Municipality        : CEBU CITY SOUTH,,"RDO No. 82 - Cebu City, South.xls",Sheet 6 (DO 86-2023)
703,Zone/Barangay            : CENTRAL PROPER (STO.NIÑO),,Zone/Barangay            : CENTRAL PROPER (STO.NIÑO),,"RDO No. 82 - Cebu City, South.xls",Sheet 6 (DO 86-2023)
704,STREET NAME/SUBDIVISION/CONDOMINIUM,,STREET NAME/SUBDIVISION/CONDOMINIUM,,"RDO No. 82 - Cebu City, South.xls",Sheet 6 (DO 86-2023)
705,,,,,"RDO No. 82 - Cebu City, South.xls",Sheet 6 (DO 86-2023)
706,COLON ST.,,COLON ST.,,"RDO No. 82 - Cebu City, South.xls",Sheet 6 (DO 86-2023)
707,D. JAKOSALEM ST.,,D. JAKOSALEM ST.,,"RDO No. 82 - Cebu City, South.xls",Sheet 6 (DO 86-2023)
708,F GONZALES ST.,,F GONZALES ST.,,"RDO No. 82 - Cebu City, South.xls",Sheet 6 (DO 86-2023)
709,F GONZALES ST.,,F GONZALES ST.,,"RDO No. 82 - Cebu City, South.xls",Sheet 6 (DO 86-2023)
710,JUEZ BORROMEO ST.,,JUEZ BORROMEO ST.,,"RDO No. 82 - Cebu City, South.xls",Sheet 6 (DO 86-2023)
711,LINCOLN ST,,LINCOLN ST,,"RDO No. 82 - Cebu City, South.xls",Sheet 6 (DO 86-2023)
712,M.C. BRIONES ST.,,M.C. BRIONES ST.,,"RDO No. 82 - Cebu City, South.xls",Sheet 6 (DO 86-2023)
713,M.C. BRIONES ST.,,M.C. BRIONES ST.,,"RDO No. 82 - Cebu City, South.xls",Sheet 6 (DO 86-2023)
714,M.C. BRIONES ST.,,M.C. BRIONES ST.,,"RDO No. 82 - Cebu City, South.xls",Sheet 6 (DO 86-2023)
715,MAGALLANES ST.,,MAGALLANES ST.,,"RDO No. 82 - Cebu City, South.xls",Sheet 6 (DO 86-2023)
716,MAGALLANES ST.,,MAGALLANES ST.,,"RDO No. 82 - Cebu City, South.xls",Sheet 6 (DO 86-2023)
717,MAGALLANES ST.,,MAGALLANES ST.,,"RDO No. 82 - Cebu City, South.xls",Sheet 6 (DO 86-2023)
718,MAGALLANES ST.,,MAGALLANES ST.,,"RDO No. 82 - Cebu City, South.xls",Sheet 6 (DO 86-2023)
719,P BURGOS ST,,P BURGOS ST,,"RDO No. 82 - Cebu City, South.xls",Sheet 6 (DO 86-2023)
720,P LOPEZ ST,,P LOPEZ ST,,"RDO No. 82 - Cebu City, South.xls",Sheet 6 (DO 86-2023)
721,P LOPEZ ST,,P LOPEZ ST,,"RDO No. 82 - Cebu City, South.xls",Sheet 6 (DO 86-2023)
722,P LOPEZ ST,,P LOPEZ ST,,"RDO No. 82 - Cebu City, South.xls",Sheet 6 (DO 86-2023)
723,Province                         : CEBU,,Province                         : CEBU,,"RDO No. 82 - Cebu City, South.xls",Sheet 6 (DO 86-2023)
724,City/Municipality        : CEBU CITY SOUTH,,City/Municipality        : CEBU CITY SOUTH,,"RDO No. 82 - Cebu City, South.xls",Sheet 6 (DO 86-2023)
725,Zone/Barangay            : CENTRAL PROPER (STO.NIÑO),,Zone/Barangay            : CENTRAL PROPER (STO.NIÑO),,"RDO No. 82 - Cebu City, South.xls",Sheet 6 (DO 86-2023)
726,STREET NAME/SUBDIVISION/CONDOMINIUM,,STREET NAME/SUBDIVISION/CONDOMINIUM,,"RDO No. 82 - Cebu City, South.xls",Sheet 6 (DO 86-2023)
727,,,,,"RDO No. 82 - Cebu City, South.xls",Sheet 6 (DO 86-2023)
728,P. GULLAS ST,,P. GULLAS ST,,"RDO No. 82 - Cebu City, South.xls",Sheet 6 (DO 86-2023)
729,PLARIDEL ST,,PLARIDEL ST,,"RDO No. 82 - Cebu City, South.xls",Sheet 6 (DO 86-2023)
730,PLARIDEL ST,,PLARIDEL ST,,"RDO No. 82 - Cebu City, South.xls",Sheet 6 (DO 86-2023)
731,PRES OSMENA SR. BLVD,,PRES OSMENA SR. BLVD,,"RDO No. 82 - Cebu City, South.xls",Sheet 6 (DO 86-2023)
732,PRES OSMENA SR. BLVD,,PRES OSMENA SR. BLVD,,"RDO No. 82 - Cebu City, South.xls",Sheet 6 (DO 86-2023)
733,PRES OSMENA SR BLVD,,PRES OSMENA SR BLVD,,"RDO No. 82 - Cebu City, South.xls",Sheet 6 (DO 86-2023)
734,V GULLAS ST. (MANALILI ST),,V GULLAS ST. (MANALILI ST),,"RDO No. 82 - Cebu City, South.xls",Sheet 6 (DO 86-2023)
735,ALL OTHER STREETS,,ALL OTHER STREETS,,"RDO No. 82 - Cebu City, South.xls",Sheet 6 (DO 86-2023)
736,,,,,"RDO No. 82 - Cebu City, South.xls",Sheet 6 (DO 86-2023)
737,,,,,"RDO No. 82 - Cebu City, South.xls",Sheet 6 (DO 86-2023)
738,,,,,"RDO No. 82 - Cebu City, South.xls",Sheet 6 (DO 86-2023)
739,CONDOMINIUMS,,CONDOMINIUMS,,"RDO No. 82 - Cebu City, South.xls",Sheet 6 (DO 86-2023)
740,CONDOMINIUM - HIGH END,,CONDOMINIUM - HIGH END,,"RDO No. 82 - Cebu City, South.xls",Sheet 6 (DO 86-2023)
741,,,,,"RDO No. 82 - Cebu City, South.xls",Sheet 6 (DO 86-2023)
742,,,,,"RDO No. 82 - Cebu City, South.xls",Sheet 6 (DO 86-2023)
743,CONDOMINIUMS,,CONDOMINIUMS,,"RDO No. 82 - Cebu City, South.xls",Sheet 6 (DO 86-2023)
744,17 STOREYS & UP,,17 STOREYS & UP,17.0,"RDO No. 82 - Cebu City, South.xls",Sheet 6 (DO 86-2023)
745,,,,,"RDO No. 82 - Cebu City, South.xls",Sheet 6 (DO 86-2023)
746,,,,,"RDO No. 82 - Cebu City, South.xls",Sheet 6 (DO 86-2023)
747,8 - 16 STOREYS,,8 - 16 STOREYS,,"RDO No. 82 - Cebu City, South.xls",Sheet 6 (DO 86-2023)
748,,,,,"RDO No. 82 - Cebu City, South.xls",Sheet 6 (DO 86-2023)
749,,,,,"RDO No. 82 - Cebu City, South.xls",Sheet 6 (DO 86-2023)
750,1 - 7 STOREYS,,1 - 7 STOREYS,,"RDO No. 82 - Cebu City, South.xls",Sheet 6 (DO 86-2023)
751,,,,,"RDO No. 82 - Cebu City, South.xls",Sheet 6 (DO 86-2023)
752,,,,,"RDO No. 82 - Cebu City, South.xls",Sheet 6 (DO 86-2023)
753,SOCIALIZED / LOW-COST,,SOCIALIZED / LOW-COST,,"RDO No. 82 - Cebu City, South.xls",Sheet 6 (DO 86-2023)
754,,,,,"RDO No. 82 - Cebu City, South.xls",Sheet 6 (DO 86-2023)
755,,,,,"RDO No. 82 - Cebu City, South.xls",Sheet 6 (DO 86-2023)
756,*         NEW,,*         NEW,,"RDO No. 82 - Cebu City, South.xls",Sheet 6 (DO 86-2023)
757,**       FOR DELETION - SIMPLIFIED CONDOMINIUM OR STREET NAME / DUPLICATION OF STREET NAME,,**       FOR DELETION - SIMPLIFIED CONDOMINIUM OR STREET NAME / DUPLICATION OF STREET NAME,,"RDO No. 82 - Cebu City, South.xls",Sheet 6 (DO 86-2023)
758,,,,,"RDO No. 82 - Cebu City, South.xls",Sheet 6 (DO 86-2023)
759,,,,,"RDO No. 82 - Cebu City, South.xls",Sheet 6 (DO 86-2023)
760,Province                      : CEBU,,Province                      : CEBU,,"RDO No. 82 - Cebu City, South.xls",Sheet 6 (DO 86-2023)
761,City/Municipality       : CEBU CITY SOUTH,,City/Municipality       : CEBU CITY SOUTH,,"RDO No. 82 - Cebu City, South.xls",Sheet 6 (DO 86-2023)
762,Zone/Barangay          : COGON PARDO,,Zone/Barangay          : COGON PARDO,,"RDO No. 82 - Cebu City, South.xls",Sheet 6 (DO 86-2023)
763,STREET NAME/ SUBDIVISION/ CONDOMINIUM,,STREET NAME/ SUBDIVISION/ CONDOMINIUM,,"RDO No. 82 - Cebu City, South.xls",Sheet 6 (DO 86-2023)
764,,,,,"RDO No. 82 - Cebu City, South.xls",Sheet 6 (DO 86-2023)
765,A GABUYA ST (OLD PHIL RAILWAY),,A GABUYA ST (OLD PHIL RAILWAY),,"RDO No. 82 - Cebu City, South.xls",Sheet 6 (DO 86-2023)
766,,,,,"RDO No. 82 - Cebu City, South.xls",Sheet 6 (DO 86-2023)
767,A GABUYA ST (OLD PHIL RAILWAY),,A GABUYA ST (OLD PHIL RAILWAY),,"RDO No. 82 - Cebu City, South.xls",Sheet 6 (DO 86-2023)
768,,,,,"RDO No. 82 - Cebu City, South.xls",Sheet 6 (DO 86-2023)
769,A GABUYA ST (OLD PHIL RAILWAY),,A GABUYA ST (OLD PHIL RAILWAY),,"RDO No. 82 - Cebu City, South.xls",Sheet 6 (DO 86-2023)
770,,,,,"RDO No. 82 - Cebu City, South.xls",Sheet 6 (DO 86-2023)
771,A GABUYA ST,,A GABUYA ST,,"RDO No. 82 - Cebu City, South.xls",Sheet 6 (DO 86-2023)
772,F JACA ST.,,F JACA ST.,,"RDO No. 82 - Cebu City, South.xls",Sheet 6 (DO 86-2023)
773,,,,,"RDO No. 82 - Cebu City, South.xls",Sheet 6 (DO 86-2023)
774,L. GABUYA ST.,,L. GABUYA ST.,,"RDO No. 82 - Cebu City, South.xls",Sheet 6 (DO 86-2023)
775,,,,,"RDO No. 82 - Cebu City, South.xls",Sheet 6 (DO 86-2023)
776,ALL OTHER STREETS,,ALL OTHER STREETS,,"RDO No. 82 - Cebu City, South.xls",Sheet 6 (DO 86-2023)
777,,,,,"RDO No. 82 - Cebu City, South.xls",Sheet 6 (DO 86-2023)
778,ALL OTHER STREETS:  INTERIOR,,ALL OTHER STREETS:  INTERIOR,,"RDO No. 82 - Cebu City, South.xls",Sheet 6 (DO 86-2023)
779,,,,,"RDO No. 82 - Cebu City, South.xls",Sheet 6 (DO 86-2023)
780,SUBDIVISIONS,,SUBDIVISIONS,,"RDO No. 82 - Cebu City, South.xls",Sheet 6 (DO 86-2023)
781,VILLARICA SUBD,,VILLARICA SUBD,,"RDO No. 82 - Cebu City, South.xls",Sheet 6 (DO 86-2023)
782,HONEY HOMES SUBDIVISION,,HONEY HOMES SUBDIVISION,,"RDO No. 82 - Cebu City, South.xls",Sheet 6 (DO 86-2023)
783,VILLA ISMAELA SUBDIVISION,,VILLA ISMAELA SUBDIVISION,,"RDO No. 82 - Cebu City, South.xls",Sheet 6 (DO 86-2023)
784,LEONARDVILLE SUBDIVISION,,LEONARDVILLE SUBDIVISION,,"RDO No. 82 - Cebu City, South.xls",Sheet 6 (DO 86-2023)
785,SITIO COGON DRIVE,,SITIO COGON DRIVE,,"RDO No. 82 - Cebu City, South.xls",Sheet 6 (DO 86-2023)
786,SITIO STO. NIÑO,,SITIO STO. NIÑO,,"RDO No. 82 - Cebu City, South.xls",Sheet 6 (DO 86-2023)
787,ALL OTHER SUBDIVISIONS,,ALL OTHER SUBDIVISIONS,,"RDO No. 82 - Cebu City, South.xls",Sheet 6 (DO 86-2023)
788,(Formerly All Other Existing Subdivision),,(Formerly All Other Existing Subdivision),,"RDO No. 82 - Cebu City, South.xls",Sheet 6 (DO 86-2023)
789,(Formerly Subdivision),,(Formerly Subdivision),,"RDO No. 82 - Cebu City, South.xls",Sheet 6 (DO 86-2023)
790,SUBDIVISION,,SUBDIVISION,,"RDO No. 82 - Cebu City, South.xls",Sheet 6 (DO 86-2023)
791,,,,,"RDO No. 82 - Cebu City, South.xls",Sheet 6 (DO 86-2023)
792,CONDOMINIUMS,,CONDOMINIUMS,,"RDO No. 82 - Cebu City, South.xls",Sheet 6 (DO 86-2023)
793,CONDOMINIUM - HIGH END,,CONDOMINIUM - HIGH END,,"RDO No. 82 - Cebu City, South.xls",Sheet 6 (DO 86-2023)
794,,,,,"RDO No. 82 - Cebu City, South.xls",Sheet 6 (DO 86-2023)
795,,,,,"RDO No. 82 - Cebu City, South.xls",Sheet 6 (DO 86-2023)
796,Province                      : CEBU,,Province                      : CEBU,,"RDO No. 82 - Cebu City, South.xls",Sheet 6 (DO 86-2023)
797,City/Municipality       : CEBU CITY SOUTH,,City/Municipality       : CEBU CITY SOUTH,,"RDO No. 82 - Cebu City, South.xls",Sheet 6 (DO 86-2023)
798,Zone/Barangay          : COGON PARDO,,Zone/Barangay          : COGON PARDO,,"RDO No. 82 - Cebu City, South.xls",Sheet 6 (DO 86-2023)
799,STREET NAME/ SUBDIVISION/ CONDOMINIUM,,STREET NAME/ SUBDIVISION/ CONDOMINIUM,,"RDO No. 82 - Cebu City, South.xls",Sheet 6 (DO 86-2023)
800,,,,,"RDO No. 82 - Cebu City, South.xls",Sheet 6 (DO 86-2023)
801,CONDOMINIUMS,,CONDOMINIUMS,,"RDO No. 82 - Cebu City, South.xls",Sheet 6 (DO 86-2023)
802,17 STOREYS & UP,,17 STOREYS & UP,17.0,"RDO No. 82 - Cebu City, South.xls",Sheet 6 (DO 86-2023)
803,,,,,"RDO No. 82 - Cebu City, South.xls",Sheet 6 (DO 86-2023)
804,,,,,"RDO No. 82 - Cebu City, South.xls",Sheet 6 (DO 86-2023)
805,8 - 16 STOREYS,,8 - 16 STOREYS,,"RDO No. 82 - Cebu City, South.xls",Sheet 6 (DO 86-2023)
806,,,,,"RDO No. 82 - Cebu City, South.xls",Sheet 6 (DO 86-2023)
807,,,,,"RDO No. 82 - Cebu City, South.xls",Sheet 6 (DO 86-2023)
808,1 - 7 STOREYS,,1 - 7 STOREYS,,"RDO No. 82 - Cebu City, South.xls",Sheet 6 (DO 86-2023)
809,,,,,"RDO No. 82 - Cebu City, South.xls",Sheet 6 (DO 86-2023)
810,,,,,"RDO No. 82 - Cebu City, South.xls",Sheet 6 (DO 86-2023)
811,SOCIALIZED / LOW-COST,,SOCIALIZED / LOW-COST,,"RDO No. 82 - Cebu City, South.xls",Sheet 6 (DO 86-2023)
812,,,,,"RDO No. 82 - Cebu City, South.xls",Sheet 6 (DO 86-2023)
813,,,,,"RDO No. 82 - Cebu City, South.xls",Sheet 6 (DO 86-2023)
814,,,,,"RDO No. 82 - Cebu City, South.xls",Sheet 6 (DO 86-2023)
815,*         NEW,,*         NEW,,"RDO No. 82 - Cebu City, South.xls",Sheet 6 (DO 86-2023)
816,**      FOR DELETION - SIMPLIFIED CONDOMINIUM OR STREET NAME / DUPLICATION OF STREET NAME,,**      FOR DELETION - SIMPLIFIED CONDOMINIUM OR STREET NAME / DUPLICATION OF STREET NAME,,"RDO No. 82 - Cebu City, South.xls",Sheet 6 (DO 86-2023)
817,***     CHANGED STREET NAME,,***     CHANGED STREET NAME,,"RDO No. 82 - Cebu City, South.xls",Sheet 6 (DO 86-2023)
818,,,,,"RDO No. 82 - Cebu City, South.xls",Sheet 6 (DO 86-2023)
819,,,,,"RDO No. 82 - Cebu City, South.xls",Sheet 6 (DO 86-2023)
820,Province                         : CEBU,,Province                         : CEBU,,"RDO No. 82 - Cebu City, South.xls",Sheet 6 (DO 86-2023)
821,City/Municipality        : CEBU CITY SOUTH,,City/Municipality        : CEBU CITY SOUTH,,"RDO No. 82 - Cebu City, South.xls",Sheet 6 (DO 86-2023)
822,Zone/Barangay            : DULJO FATIMA,,Zone/Barangay            : DULJO FATIMA,,"RDO No. 82 - Cebu City, South.xls",Sheet 6 (DO 86-2023)
823,STREET NAME/SUBDIVISION/CONDOMINIUM,,STREET NAME/SUBDIVISION/CONDOMINIUM,,"RDO No. 82 - Cebu City, South.xls",Sheet 6 (DO 86-2023)
824,,,,,"RDO No. 82 - Cebu City, South.xls",Sheet 6 (DO 86-2023)
825,ALASKA MAMBALING,,ALASKA MAMBALING,,"RDO No. 82 - Cebu City, South.xls",Sheet 6 (DO 86-2023)
826,B ARANAS EXT.,,B ARANAS EXT.,,"RDO No. 82 - Cebu City, South.xls",Sheet 6 (DO 86-2023)
827,,,,,"RDO No. 82 - Cebu City, South.xls",Sheet 6 (DO 86-2023)
828,B ARANAS EXT.: INTERIOR,,B ARANAS EXT.: INTERIOR,,"RDO No. 82 - Cebu City, South.xls",Sheet 6 (DO 86-2023)
829,C.PADILLA ST.,,C.PADILLA ST.,,"RDO No. 82 - Cebu City, South.xls",Sheet 6 (DO 86-2023)
830,,,,,"RDO No. 82 - Cebu City, South.xls",Sheet 6 (DO 86-2023)
831,CARLOCK ST,,CARLOCK ST,,"RDO No. 82 - Cebu City, South.xls",Sheet 6 (DO 86-2023)
832,,,,,"RDO No. 82 - Cebu City, South.xls",Sheet 6 (DO 86-2023)
833,CLIMACO FELICIDAD,,CLIMACO FELICIDAD,,"RDO No. 82 - Cebu City, South.xls",Sheet 6 (DO 86-2023)
834,,,,,"RDO No. 82 - Cebu City, South.xls",Sheet 6 (DO 86-2023)
835,FATIMA 1ST TO 5TH .STREET,,FATIMA 1ST TO 5TH .STREET,15.0,"RDO No. 82 - Cebu City, South.xls",Sheet 6 (DO 86-2023)
836,,,,,"RDO No. 82 - Cebu City, South.xls",Sheet 6 (DO 86-2023)
837,N. BACALSO AVE. (RIZAL AVE.),,N. BACALSO AVE. (RIZAL AVE.),,"RDO No. 82 - Cebu City, South.xls",Sheet 6 (DO 86-2023)
838,,,,,"RDO No. 82 - Cebu City, South.xls",Sheet 6 (DO 86-2023)
839,R PADILLA ST/FATIMA,,R PADILLA ST/FATIMA,,"RDO No. 82 - Cebu City, South.xls",Sheet 6 (DO 86-2023)
840,,,,,"RDO No. 82 - Cebu City, South.xls",Sheet 6 (DO 86-2023)
841,,,,,"RDO No. 82 - Cebu City, South.xls",Sheet 6 (DO 86-2023)
842,ROAD TO SITIO ALASKA,,ROAD TO SITIO ALASKA,,"RDO No. 82 - Cebu City, South.xls",Sheet 6 (DO 86-2023)
843,"SANCHEZ,PAULINO R. ST (P. SANCHEZ ST)",,"SANCHEZ,PAULINO R. ST (P. SANCHEZ ST)",,"RDO No. 82 - Cebu City, South.xls",Sheet 6 (DO 86-2023)
844,,,,,"RDO No. 82 - Cebu City, South.xls",Sheet 6 (DO 86-2023)
845,,,,,"RDO No. 82 - Cebu City, South.xls",Sheet 6 (DO 86-2023)
846,SPOLARIUM ST,,SPOLARIUM ST,,"RDO No. 82 - Cebu City, South.xls",Sheet 6 (DO 86-2023)
847,TRES DE ABRIL,,TRES DE ABRIL,,"RDO No. 82 - Cebu City, South.xls",Sheet 6 (DO 86-2023)
848,,,,,"RDO No. 82 - Cebu City, South.xls",Sheet 6 (DO 86-2023)
849,,,,,"RDO No. 82 - Cebu City, South.xls",Sheet 6 (DO 86-2023)
850,ALL OTHER STREETS,,ALL OTHER STREETS,,"RDO No. 82 - Cebu City, South.xls",Sheet 6 (DO 86-2023)
851,,,,,"RDO No. 82 - Cebu City, South.xls",Sheet 6 (DO 86-2023)
852,,,,,"RDO No. 82 - Cebu City, South.xls",Sheet 6 (DO 86-2023)
853,,,,,"RDO No. 82 - Cebu City, South.xls",Sheet 6 (DO 86-2023)
854,Province                         : CEBU,,Province                         : CEBU,,"RDO No. 82 - Cebu City, South.xls",Sheet 6 (DO 86-2023)
855,City/Municipality        : CEBU CITY SOUTH,,City/Municipality        : CEBU CITY SOUTH,,"RDO No. 82 - Cebu City, South.xls",Sheet 6 (DO 86-2023)
856,Zone/Barangay            : DULJO FATIMA,,Zone/Barangay            : DULJO FATIMA,,"RDO No. 82 - Cebu City, South.xls",Sheet 6 (DO 86-2023)
857,STREET NAME/SUBDIVISION/CONDOMINIUM,,STREET NAME/SUBDIVISION/CONDOMINIUM,,"RDO No. 82 - Cebu City, South.xls",Sheet 6 (DO 86-2023)
858,,,,,"RDO No. 82 - Cebu City, South.xls",Sheet 6 (DO 86-2023)
859,CONDOMINIUMS,,CONDOMINIUMS,,"RDO No. 82 - Cebu City, South.xls",Sheet 6 (DO 86-2023)
860,CONDOMINIUM - HIGH END,,CONDOMINIUM - HIGH END,,"RDO No. 82 - Cebu City, South.xls",Sheet 6 (DO 86-2023)
861,,,,,"RDO No. 82 - Cebu City, South.xls",Sheet 6 (DO 86-2023)
862,,,,,"RDO No. 82 - Cebu City, South.xls",Sheet 6 (DO 86-2023)
863,CONDOMINIUMS,,CONDOMINIUMS,,"RDO No. 82 - Cebu City, South.xls",Sheet 6 (DO 86-2023)
864,17 STOREYS & UP,,17 STOREYS & UP,17.0,"RDO No. 82 - Cebu City, South.xls",Sheet 6 (DO 86-2023)
865,,,,,"RDO No. 82 - Cebu City, South.xls",Sheet 6 (DO 86-2023)
866,,,,,"RDO No. 82 - Cebu City, South.xls",Sheet 6 (DO 86-2023)
867,8 - 16 STOREYS,,8 - 16 STOREYS,,"RDO No. 82 - Cebu City, South.xls",Sheet 6 (DO 86-2023)
868,,,,,"RDO No. 82 - Cebu City, South.xls",Sheet 6 (DO 86-2023)
869,,,,,"RDO No. 82 - Cebu City, South.xls",Sheet 6 (DO 86-2023)
870,1 - 7 STOREYS,,1 - 7 STOREYS,,"RDO No. 82 - Cebu City, South.xls",Sheet 6 (DO 86-2023)
871,,,,,"RDO No. 82 - Cebu City, South.xls",Sheet 6 (DO 86-2023)
872,,,,,"RDO No. 82 - Cebu City, South.xls",Sheet 6 (DO 86-2023)
873,SOCIALIZED  /LOW-COST,,SOCIALIZED  /LOW-COST,,"RDO No. 82 - Cebu City, South.xls",Sheet 6 (DO 86-2023)
874,,,,,"RDO No. 82 - Cebu City, South.xls",Sheet 6 (DO 86-2023)
875,,,,,"RDO No. 82 - Cebu City, South.xls",Sheet 6 (DO 86-2023)
876,,,,,"RDO No. 82 - Cebu City, South.xls",Sheet 6 (DO 86-2023)
877,*             NEW,,*             NEW,,"RDO No. 82 - Cebu City, South.xls",Sheet 6 (DO 86-2023)
878,**          FOR DELETION - SIMPLIFIED CONDOMINIUM OR STREET NAME / DUPLICATION OF STREET NAME,,**          FOR DELETION - SIMPLIFIED CONDOMINIUM OR STREET NAME / DUPLICATION OF STREET NAME,,"RDO No. 82 - Cebu City, South.xls",Sheet 6 (DO 86-2023)
879,***        CHANGED STREET NAME,,***        CHANGED STREET NAME,,"RDO No. 82 - Cebu City, South.xls",Sheet 6 (DO 86-2023)
880,****      SPECIFIED VICINITY,,****      SPECIFIED VICINITY,,"RDO No. 82 - Cebu City, South.xls",Sheet 6 (DO 86-2023)
881,*****   DELETED VICINITY,,*****   DELETED VICINITY,,"RDO No. 82 - Cebu City, South.xls",Sheet 6 (DO 86-2023)
882,****** 4TH REVISION ZONAL VALUE IS ERRONEOUS (TYPOGRAPHICAL ERROR),,****** 4TH REVISION ZONAL VALUE IS ERRONEOUS (TYPOGRAPHICAL ERROR),4.0,"RDO No. 82 - Cebu City, South.xls",Sheet 6 (DO 86-2023)
883,,,,,"RDO No. 82 - Cebu City, South.xls",Sheet 6 (DO 86-2023)
884,,,,,"RDO No. 82 - Cebu City, South.xls",Sheet 6 (DO 86-2023)
885,Province                         : CEBU,,Province                         : CEBU,,"RDO No. 82 - Cebu City, South.xls",Sheet 6 (DO 86-2023)
886,City/Municipality        : CEBU CITY SOUTH,,City/Municipality        : CEBU CITY SOUTH,,"RDO No. 82 - Cebu City, South.xls",Sheet 6 (DO 86-2023)
887,Zone/Barangay            : ERMITA,,Zone/Barangay            : ERMITA,,"RDO No. 82 - Cebu City, South.xls",Sheet 6 (DO 86-2023)
888,STREET NAME/SUBDIVISION/CONDOMINIUM,,STREET NAME/SUBDIVISION/CONDOMINIUM,,"RDO No. 82 - Cebu City, South.xls",Sheet 6 (DO 86-2023)
889,,,,,"RDO No. 82 - Cebu City, South.xls",Sheet 6 (DO 86-2023)
890,"DON ESCAÑO, MAMERTO STREET",,"DON ESCAÑO, MAMERTO STREET",,"RDO No. 82 - Cebu City, South.xls",Sheet 6 (DO 86-2023)
891,EL FILIBUSTERISMO ST,,EL FILIBUSTERISMO ST,,"RDO No. 82 - Cebu City, South.xls",Sheet 6 (DO 86-2023)
892,ERMITA BEACH RD,,ERMITA BEACH RD,,"RDO No. 82 - Cebu City, South.xls",Sheet 6 (DO 86-2023)
893,ERMITA BEACH RD,,ERMITA BEACH RD,,"RDO No. 82 - Cebu City, South.xls",Sheet 6 (DO 86-2023)
894,F CALDERON ST,,F CALDERON ST,,"RDO No. 82 - Cebu City, South.xls",Sheet 6 (DO 86-2023)
895,F CALDERON ST,,F CALDERON ST,,"RDO No. 82 - Cebu City, South.xls",Sheet 6 (DO 86-2023)
896,F GONZALES ST,,F GONZALES ST,,"RDO No. 82 - Cebu City, South.xls",Sheet 6 (DO 86-2023)
897,KAWIT ST,,KAWIT ST,,"RDO No. 82 - Cebu City, South.xls",Sheet 6 (DO 86-2023)
898,LEON KILAT ST,,LEON KILAT ST,,"RDO No. 82 - Cebu City, South.xls",Sheet 6 (DO 86-2023)
899,LINCOLN ST,,LINCOLN ST,,"RDO No. 82 - Cebu City, South.xls",Sheet 6 (DO 86-2023)
900,LINCOLN ST,,LINCOLN ST,,"RDO No. 82 - Cebu City, South.xls",Sheet 6 (DO 86-2023)
901,M.C. BRIONES ST,,M.C. BRIONES ST,,"RDO No. 82 - Cebu City, South.xls",Sheet 6 (DO 86-2023)
902,MAGALLANES ST,,MAGALLANES ST,,"RDO No. 82 - Cebu City, South.xls",Sheet 6 (DO 86-2023)
903,MAGALLANES ST,,MAGALLANES ST,,"RDO No. 82 - Cebu City, South.xls",Sheet 6 (DO 86-2023)
904,MAGALLANES ST,,MAGALLANES ST,,"RDO No. 82 - Cebu City, South.xls",Sheet 6 (DO 86-2023)
905,MAGALLANES ST,,MAGALLANES ST,,"RDO No. 82 - Cebu City, South.xls",Sheet 6 (DO 86-2023)
906,MANALILI ST.,,MANALILI ST.,,"RDO No. 82 - Cebu City, South.xls",Sheet 6 (DO 86-2023)
907,NOLI ME TANGERE ST,,NOLI ME TANGERE ST,,"RDO No. 82 - Cebu City, South.xls",Sheet 6 (DO 86-2023)
908,Province                         : CEBU,,Province                         : CEBU,,"RDO No. 82 - Cebu City, South.xls",Sheet 6 (DO 86-2023)
909,City/Municipality        : CEBU CITY SOUTH,,City/Municipality        : CEBU CITY SOUTH,,"RDO No. 82 - Cebu City, South.xls",Sheet 6 (DO 86-2023)
910,Zone/Barangay            : ERMITA,,Zone/Barangay            : ERMITA,,"RDO No. 82 - Cebu City, South.xls",Sheet 6 (DO 86-2023)
911,STREET NAME/SUBDIVISION/CONDOMINIUM,,STREET NAME/SUBDIVISION/CONDOMINIUM,,"RDO No. 82 - Cebu City, South.xls",Sheet 6 (DO 86-2023)
912,,,,,"RDO No. 82 - Cebu City, South.xls",Sheet 6 (DO 86-2023)
913,PLARIDEL ST,,PLARIDEL ST,,"RDO No. 82 - Cebu City, South.xls",Sheet 6 (DO 86-2023)
914,PROGRESO ST,,PROGRESO ST,,"RDO No. 82 - Cebu City, South.xls",Sheet 6 (DO 86-2023)
915,QUEZON BLVD,,QUEZON BLVD,,"RDO No. 82 - Cebu City, South.xls",Sheet 6 (DO 86-2023)
916,QUEZON BLVD,,QUEZON BLVD,,"RDO No. 82 - Cebu City, South.xls",Sheet 6 (DO 86-2023)
917,VECO INDUSTRIAL COMPOUND,,VECO INDUSTRIAL COMPOUND,,"RDO No. 82 - Cebu City, South.xls",Sheet 6 (DO 86-2023)
918,ALL OTHER STREETS,,ALL OTHER STREETS,,"RDO No. 82 - Cebu City, South.xls",Sheet 6 (DO 86-2023)
919,,,,,"RDO No. 82 - Cebu City, South.xls",Sheet 6 (DO 86-2023)
920,,,,,"RDO No. 82 - Cebu City, South.xls",Sheet 6 (DO 86-2023)
921,,,,,"RDO No. 82 - Cebu City, South.xls",Sheet 6 (DO 86-2023)
922,,,,,"RDO No. 82 - Cebu City, South.xls",Sheet 6 (DO 86-2023)
923,CONDOMINIUMS,,CONDOMINIUMS,,"RDO No. 82 - Cebu City, South.xls",Sheet 6 (DO 86-2023)
924,CONDOMINIUM - HIGH END,,CONDOMINIUM - HIGH END,,"RDO No. 82 - Cebu City, South.xls",Sheet 6 (DO 86-2023)
925,,,,,"RDO No. 82 - Cebu City, South.xls",Sheet 6 (DO 86-2023)
926,,,,,"RDO No. 82 - Cebu City, South.xls",Sheet 6 (DO 86-2023)
927,CONDOMINIUMS,,CONDOMINIUMS,,"RDO No. 82 - Cebu City, South.xls",Sheet 6 (DO 86-2023)
928,17 STOREYS & UP,,17 STOREYS & UP,17.0,"RDO No. 82 - Cebu City, South.xls",Sheet 6 (DO 86-2023)
929,,,,,"RDO No. 82 - Cebu City, South.xls",Sheet 6 (DO 86-2023)
930,,,,,"RDO No. 82 - Cebu City, South.xls",Sheet 6 (DO 86-2023)
931,8 - 16 STOREYS,,8 - 16 STOREYS,,"RDO No. 82 - Cebu City, South.xls",Sheet 6 (DO 86-2023)
932,,,,,"RDO No. 82 - Cebu City, South.xls",Sheet 6 (DO 86-2023)
933,,,,,"RDO No. 82 - Cebu City, South.xls",Sheet 6 (DO 86-2023)
934,1 - 7 STOREYS,,1 - 7 STOREYS,,"RDO No. 82 - Cebu City, South.xls",Sheet 6 (DO 86-2023)
935,,,,,"RDO No. 82 - Cebu City, South.xls",Sheet 6 (DO 86-2023)
936,,,,,"RDO No. 82 - Cebu City, South.xls",Sheet 6 (DO 86-2023)
937,SOCIALIZED / LOW-COST,,SOCIALIZED / LOW-COST,,"RDO No. 82 - Cebu City, South.xls",Sheet 6 (DO 86-2023)
938,,,,,"RDO No. 82 - Cebu City, South.xls",Sheet 6 (DO 86-2023)
939,,,,,"RDO No. 82 - Cebu City, South.xls",Sheet 6 (DO 86-2023)
940,*         NEW,,*         NEW,,"RDO No. 82 - Cebu City, South.xls",Sheet 6 (DO 86-2023)
941,**       FOR DELETION - SIMPLIFIED CONDOMINIUM OR STREET NAME / DUPLICATION OF STREET NAME,,**       FOR DELETION - SIMPLIFIED CONDOMINIUM OR STREET NAME / DUPLICATION OF STREET NAME,,"RDO No. 82 - Cebu City, South.xls",Sheet 6 (DO 86-2023)
942,,,,,"RDO No. 82 - Cebu City, South.xls",Sheet 6 (DO 86-2023)
943,,,,,"RDO No. 82 - Cebu City, South.xls",Sheet 6 (DO 86-2023)
944,Province                         : CEBU,,Province                         : CEBU,,"RDO No. 82 - Cebu City, South.xls",Sheet 6 (DO 86-2023)
945,City/Municipality        : CEBU CITY SOUTH,,City/Municipality        : CEBU CITY SOUTH,,"RDO No. 82 - Cebu City, South.xls",Sheet 6 (DO 86-2023)
946,Zone/Barangay            : GUADALUPE,,Zone/Barangay            : GUADALUPE,,"RDO No. 82 - Cebu City, South.xls",Sheet 6 (DO 86-2023)
947,STREET NAME/SUBDIVISION/CONDOMINIUM,,STREET NAME/SUBDIVISION/CONDOMINIUM,,"RDO No. 82 - Cebu City, South.xls",Sheet 6 (DO 86-2023)
948,,,,,"RDO No. 82 - Cebu City, South.xls",Sheet 6 (DO 86-2023)
949,ANDRES ABELLANA ST.,,ANDRES ABELLANA ST.,,"RDO No. 82 - Cebu City, South.xls",Sheet 6 (DO 86-2023)
950,BATAAN ST.,,BATAAN ST.,,"RDO No. 82 - Cebu City, South.xls",Sheet 6 (DO 86-2023)
951,B. RODRIGUEZ ST.,,B. RODRIGUEZ ST.,,"RDO No. 82 - Cebu City, South.xls",Sheet 6 (DO 86-2023)
952,,,,,"RDO No. 82 - Cebu City, South.xls",Sheet 6 (DO 86-2023)
953,"BRIONES, CONCEPCION G. STREET",,"BRIONES, CONCEPCION G. STREET",,"RDO No. 82 - Cebu City, South.xls",Sheet 6 (DO 86-2023)
954,CABAJAR ST,,CABAJAR ST,,"RDO No. 82 - Cebu City, South.xls",Sheet 6 (DO 86-2023)
955,CABALLES STREET,,CABALLES STREET,,"RDO No. 82 - Cebu City, South.xls",Sheet 6 (DO 86-2023)
956,CHICO ST.,,CHICO ST.,,"RDO No. 82 - Cebu City, South.xls",Sheet 6 (DO 86-2023)
957,CHRISTINE OPORTO STREET,,CHRISTINE OPORTO STREET,,"RDO No. 82 - Cebu City, South.xls",Sheet 6 (DO 86-2023)
958,CLEVELAND STREET,,CLEVELAND STREET,,"RDO No. 82 - Cebu City, South.xls",Sheet 6 (DO 86-2023)
959,DAFFODIL ST.,,DAFFODIL ST.,,"RDO No. 82 - Cebu City, South.xls",Sheet 6 (DO 86-2023)
960,"DATAN, PLACIDO STREET",,"DATAN, PLACIDO STREET",,"RDO No. 82 - Cebu City, South.xls",Sheet 6 (DO 86-2023)
961,DIAMOND ST.,,DIAMOND ST.,,"RDO No. 82 - Cebu City, South.xls",Sheet 6 (DO 86-2023)
962,DON A. QUIJADA,,DON A. QUIJADA,,"RDO No. 82 - Cebu City, South.xls",Sheet 6 (DO 86-2023)
963,DR. PABLO U. ABELLA STREET,,DR. PABLO U. ABELLA STREET,,"RDO No. 82 - Cebu City, South.xls",Sheet 6 (DO 86-2023)
964,DUCHESS LOOP,,DUCHESS LOOP,,"RDO No. 82 - Cebu City, South.xls",Sheet 6 (DO 86-2023)
965,EMERALD ST.,,EMERALD ST.,,"RDO No. 82 - Cebu City, South.xls",Sheet 6 (DO 86-2023)
966,EMILIO OSMENA ST,,EMILIO OSMENA ST,,"RDO No. 82 - Cebu City, South.xls",Sheet 6 (DO 86-2023)
967,,,,,"RDO No. 82 - Cebu City, South.xls",Sheet 6 (DO 86-2023)
968,"FILETEO, CESAR STREET",,"FILETEO, CESAR STREET",,"RDO No. 82 - Cebu City, South.xls",Sheet 6 (DO 86-2023)
969,FOREST HILLS RD.,,FOREST HILLS RD.,,"RDO No. 82 - Cebu City, South.xls",Sheet 6 (DO 86-2023)
970,GABUTIN COMPOUND,,GABUTIN COMPOUND,,"RDO No. 82 - Cebu City, South.xls",Sheet 6 (DO 86-2023)
971,GERVACIO QUIJADA STREET,,GERVACIO QUIJADA STREET,,"RDO No. 82 - Cebu City, South.xls",Sheet 6 (DO 86-2023)
972,GUADALUPE OPRA ROAD,,GUADALUPE OPRA ROAD,,"RDO No. 82 - Cebu City, South.xls",Sheet 6 (DO 86-2023)
973,GOODSHEPHERD ROAD,,GOODSHEPHERD ROAD,,"RDO No. 82 - Cebu City, South.xls",Sheet 6 (DO 86-2023)
974,GUADALAJARA,,GUADALAJARA,,"RDO No. 82 - Cebu City, South.xls",Sheet 6 (DO 86-2023)
975,GUADALUPE ROTUNDA,,GUADALUPE ROTUNDA,,"RDO No. 82 - Cebu City, South.xls",Sheet 6 (DO 86-2023)
976,HAPPY VALLEY ROAD,,HAPPY VALLEY ROAD,,"RDO No. 82 - Cebu City, South.xls",Sheet 6 (DO 86-2023)
977,,,,,"RDO No. 82 - Cebu City, South.xls",Sheet 6 (DO 86-2023)
978,HIPOLITO STREET,,HIPOLITO STREET,,"RDO No. 82 - Cebu City, South.xls",Sheet 6 (DO 86-2023)
979,HORSE SHOE DRIVE,,HORSE SHOE DRIVE,,"RDO No. 82 - Cebu City, South.xls",Sheet 6 (DO 86-2023)
980,JADE ST.,,JADE ST.,,"RDO No. 82 - Cebu City, South.xls",Sheet 6 (DO 86-2023)
981,J FORTICH ST.,,J FORTICH ST.,,"RDO No. 82 - Cebu City, South.xls",Sheet 6 (DO 86-2023)
982,J FORTICH ST.,,J FORTICH ST.,,"RDO No. 82 - Cebu City, South.xls",Sheet 6 (DO 86-2023)
983,Province                         : CEBU,,Province                         : CEBU,,"RDO No. 82 - Cebu City, South.xls",Sheet 6 (DO 86-2023)
984,City/Municipality        : CEBU CITY SOUTH,,City/Municipality        : CEBU CITY SOUTH,,"RDO No. 82 - Cebu City, South.xls",Sheet 6 (DO 86-2023)
985,Zone/Barangay            : GUADALUPE,,Zone/Barangay            : GUADALUPE,,"RDO No. 82 - Cebu City, South.xls",Sheet 6 (DO 86-2023)
986,STREET NAME/SUBDIVISION/CONDOMINIUM,,STREET NAME/SUBDIVISION/CONDOMINIUM,,"RDO No. 82 - Cebu City, South.xls",Sheet 6 (DO 86-2023)
987,,,,,"RDO No. 82 - Cebu City, South.xls",Sheet 6 (DO 86-2023)
988,J. LABRA ST.,,J. LABRA ST.,,"RDO No. 82 - Cebu City, South.xls",Sheet 6 (DO 86-2023)
989,JULIO DIAZ ST.,,JULIO DIAZ ST.,,"RDO No. 82 - Cebu City, South.xls",Sheet 6 (DO 86-2023)
990,JUDGE SALVADOR ST.,,JUDGE SALVADOR ST.,,"RDO No. 82 - Cebu City, South.xls",Sheet 6 (DO 86-2023)
991,KABAJAR RD.,,KABAJAR RD.,,"RDO No. 82 - Cebu City, South.xls",Sheet 6 (DO 86-2023)
992,KAIMITO ST.,,KAIMITO ST.,,"RDO No. 82 - Cebu City, South.xls",Sheet 6 (DO 86-2023)
993,KAMUNGGAYAN (V.RAMA),,KAMUNGGAYAN (V.RAMA),,"RDO No. 82 - Cebu City, South.xls",Sheet 6 (DO 86-2023)
994,KAMUNGGAYAN (V.RAMA),,KAMUNGGAYAN (V.RAMA),,"RDO No. 82 - Cebu City, South.xls",Sheet 6 (DO 86-2023)
995,KALUNASAN - SAPANG DAKU ROAD,,KALUNASAN - SAPANG DAKU ROAD,,"RDO No. 82 - Cebu City, South.xls",Sheet 6 (DO 86-2023)
996,L BACAYO ST,,L BACAYO ST,,"RDO No. 82 - Cebu City, South.xls",Sheet 6 (DO 86-2023)
997,,,,,"RDO No. 82 - Cebu City, South.xls",Sheet 6 (DO 86-2023)
998,"LABOS,ESCOLASTICO STREET",,"LABOS,ESCOLASTICO STREET",,"RDO No. 82 - Cebu City, South.xls",Sheet 6 (DO 86-2023)
999,LANGOB ROAD,,LANGOB ROAD,,"RDO No. 82 - Cebu City, South.xls",Sheet 6 (DO 86-2023)
1000,LIMKAKENG ST.,,LIMKAKENG ST.,,"RDO No. 82 - Cebu City, South.xls",Sheet 6 (DO 86-2023)
1001,LOMBOY STREET,,LOMBOY STREET,,"RDO No. 82 - Cebu City, South.xls",Sheet 6 (DO 86-2023)
1002,MANGA ST.,,MANGA ST.,,"RDO No. 82 - Cebu City, South.xls",Sheet 6 (DO 86-2023)
1003,MARQUIS ROAD,,MARQUIS ROAD,,"RDO No. 82 - Cebu City, South.xls",Sheet 6 (DO 86-2023)
1004,M VELEZ ST,,M VELEZ ST,,"RDO No. 82 - Cebu City, South.xls",Sheet 6 (DO 86-2023)
1005,M VELEZ ST,,M VELEZ ST,,"RDO No. 82 - Cebu City, South.xls",Sheet 6 (DO 86-2023)
1006,M VELEZ ST,,M VELEZ ST,,"RDO No. 82 - Cebu City, South.xls",Sheet 6 (DO 86-2023)
1007,M VELEZ ST,,M VELEZ ST,,"RDO No. 82 - Cebu City, South.xls",Sheet 6 (DO 86-2023)
1008,M THERESE ST.,,M THERESE ST.,,"RDO No. 82 - Cebu City, South.xls",Sheet 6 (DO 86-2023)
1009,MONTERRAZAS RD.,,MONTERRAZAS RD.,,"RDO No. 82 - Cebu City, South.xls",Sheet 6 (DO 86-2023)
1010,NANGKA ST.,,NANGKA ST.,,"RDO No. 82 - Cebu City, South.xls",Sheet 6 (DO 86-2023)
1011,NOGRAS ST.,,NOGRAS ST.,,"RDO No. 82 - Cebu City, South.xls",Sheet 6 (DO 86-2023)
1012,PIARIST FATHER ROAD,,PIARIST FATHER ROAD,,"RDO No. 82 - Cebu City, South.xls",Sheet 6 (DO 86-2023)
1013,POSADAS,,POSADAS,,"RDO No. 82 - Cebu City, South.xls",Sheet 6 (DO 86-2023)
1014,POSADAS,,POSADAS,,"RDO No. 82 - Cebu City, South.xls",Sheet 6 (DO 86-2023)
1015,PRINCE ROAD,,PRINCE ROAD,,"RDO No. 82 - Cebu City, South.xls",Sheet 6 (DO 86-2023)
1016,QUARTER STREET,,QUARTER STREET,,"RDO No. 82 - Cebu City, South.xls",Sheet 6 (DO 86-2023)
1017,R. ARCENAS ST,,R. ARCENAS ST,,"RDO No. 82 - Cebu City, South.xls",Sheet 6 (DO 86-2023)
1018,R DUTERTE ST,,R DUTERTE ST,,"RDO No. 82 - Cebu City, South.xls",Sheet 6 (DO 86-2023)
1019,R DUTERTE ST,,R DUTERTE ST,,"RDO No. 82 - Cebu City, South.xls",Sheet 6 (DO 86-2023)
1020,RED SHOE DRIVE,,RED SHOE DRIVE,,"RDO No. 82 - Cebu City, South.xls",Sheet 6 (DO 86-2023)
1021,"REP.RAFOLS,NICOLAS STREET",,"REP.RAFOLS,NICOLAS STREET",,"RDO No. 82 - Cebu City, South.xls",Sheet 6 (DO 86-2023)
1022,Province                         : CEBU,,Province                         : CEBU,,"RDO No. 82 - Cebu City, South.xls",Sheet 6 (DO 86-2023)
1023,City/Municipality        : CEBU CITY SOUTH,,City/Municipality        : CEBU CITY SOUTH,,"RDO No. 82 - Cebu City, South.xls",Sheet 6 (DO 86-2023)
1024,Zone/Barangay            : GUADALUPE,,Zone/Barangay            : GUADALUPE,,"RDO No. 82 - Cebu City, South.xls",Sheet 6 (DO 86-2023)
1025,STREET NAME/SUBDIVISION/CONDOMINIUM,,STREET NAME/SUBDIVISION/CONDOMINIUM,,"RDO No. 82 - Cebu City, South.xls",Sheet 6 (DO 86-2023)
1026,,,,,"RDO No. 82 - Cebu City, South.xls",Sheet 6 (DO 86-2023)
1027,ROAD TO GOOD SHEPHERD,,ROAD TO GOOD SHEPHERD,,"RDO No. 82 - Cebu City, South.xls",Sheet 6 (DO 86-2023)
1028,ROAD TO NAPO,,ROAD TO NAPO,,"RDO No. 82 - Cebu City, South.xls",Sheet 6 (DO 86-2023)
1029,SANDAYONG,,SANDAYONG,,"RDO No. 82 - Cebu City, South.xls",Sheet 6 (DO 86-2023)
1030,SANTOL ST.,,SANTOL ST.,,"RDO No. 82 - Cebu City, South.xls",Sheet 6 (DO 86-2023)
1031,SAPPHIRE ST.,,SAPPHIRE ST.,,"RDO No. 82 - Cebu City, South.xls",Sheet 6 (DO 86-2023)
1032,SHETLAND STREET,,SHETLAND STREET,,"RDO No. 82 - Cebu City, South.xls",Sheet 6 (DO 86-2023)
1033,SHERWOOD LOOP,,SHERWOOD LOOP,,"RDO No. 82 - Cebu City, South.xls",Sheet 6 (DO 86-2023)
1034,"SINGSON,JUAN STREET",,"SINGSON,JUAN STREET",,"RDO No. 82 - Cebu City, South.xls",Sheet 6 (DO 86-2023)
1035,SITIO BANAWA RIVERSIDE ROAD,,SITIO BANAWA RIVERSIDE ROAD,,"RDO No. 82 - Cebu City, South.xls",Sheet 6 (DO 86-2023)
1036,SITIO KAIMITO ROAD,,SITIO KAIMITO ROAD,,"RDO No. 82 - Cebu City, South.xls",Sheet 6 (DO 86-2023)
1037,SITIO UPPER PANGPANG ROAD,,SITIO UPPER PANGPANG ROAD,,"RDO No. 82 - Cebu City, South.xls",Sheet 6 (DO 86-2023)
1038,SOUTH ALAURA ROAD,,SOUTH ALAURA ROAD,,"RDO No. 82 - Cebu City, South.xls",Sheet 6 (DO 86-2023)
1039,SUSCO PROPER,,SUSCO PROPER,,"RDO No. 82 - Cebu City, South.xls",Sheet 6 (DO 86-2023)
1040,TAMBIS ST.,,TAMBIS ST.,,"RDO No. 82 - Cebu City, South.xls",Sheet 6 (DO 86-2023)
1041,TULIP ST.,,TULIP ST.,,"RDO No. 82 - Cebu City, South.xls",Sheet 6 (DO 86-2023)
1042,TUSCANIA,,TUSCANIA,,"RDO No. 82 - Cebu City, South.xls",Sheet 6 (DO 86-2023)
1043,V RAMA AVE,,V RAMA AVE,,"RDO No. 82 - Cebu City, South.xls",Sheet 6 (DO 86-2023)
1044,V RAMA AVE,,V RAMA AVE,,"RDO No. 82 - Cebu City, South.xls",Sheet 6 (DO 86-2023)
1045,VELOSO ST./M. VELOSO ST.,,VELOSO ST./M. VELOSO ST.,,"RDO No. 82 - Cebu City, South.xls",Sheet 6 (DO 86-2023)
1046,VISCOUNT RD.,,VISCOUNT RD.,,"RDO No. 82 - Cebu City, South.xls",Sheet 6 (DO 86-2023)
1047,VISAYAN GLASS CMPD,,VISAYAN GLASS CMPD,,"RDO No. 82 - Cebu City, South.xls",Sheet 6 (DO 86-2023)
1048,ALONG TANCHAN FOUNDATION,,ALONG TANCHAN FOUNDATION,,"RDO No. 82 - Cebu City, South.xls",Sheet 6 (DO 86-2023)
1049,ALL OTHER STREETS,,ALL OTHER STREETS,,"RDO No. 82 - Cebu City, South.xls",Sheet 6 (DO 86-2023)
1050,,,,,"RDO No. 82 - Cebu City, South.xls",Sheet 6 (DO 86-2023)
1051,,,,,"RDO No. 82 - Cebu City, South.xls",Sheet 6 (DO 86-2023)
1052,,,,,"RDO No. 82 - Cebu City, South.xls",Sheet 6 (DO 86-2023)
1053,,,,,"RDO No. 82 - Cebu City, South.xls",Sheet 6 (DO 86-2023)
1054,SUBDIVISIONS,,SUBDIVISIONS,,"RDO No. 82 - Cebu City, South.xls",Sheet 6 (DO 86-2023)
1055,BETHANY SUBDIVISION,,BETHANY SUBDIVISION,,"RDO No. 82 - Cebu City, South.xls",Sheet 6 (DO 86-2023)
1056,BORROMEO ESTATE SUBDIVISION,,BORROMEO ESTATE SUBDIVISION,,"RDO No. 82 - Cebu City, South.xls",Sheet 6 (DO 86-2023)
1057,BUENA HILLS SUBD,,BUENA HILLS SUBD,,"RDO No. 82 - Cebu City, South.xls",Sheet 6 (DO 86-2023)
1058,CEBU PAYRAMID SUBD,,CEBU PAYRAMID SUBD,,"RDO No. 82 - Cebu City, South.xls",Sheet 6 (DO 86-2023)
1059,DON JOSE VILLAGE,,DON JOSE VILLAGE,,"RDO No. 82 - Cebu City, South.xls",Sheet 6 (DO 86-2023)
1060,DONA CRISTINA VILLAGE,,DONA CRISTINA VILLAGE,,"RDO No. 82 - Cebu City, South.xls",Sheet 6 (DO 86-2023)
1061,Province                         : CEBU,,Province                         : CEBU,,"RDO No. 82 - Cebu City, South.xls",Sheet 6 (DO 86-2023)
1062,City/Municipality        : CEBU CITY SOUTH,,City/Municipality        : CEBU CITY SOUTH,,"RDO No. 82 - Cebu City, South.xls",Sheet 6 (DO 86-2023)
1063,Zone/Barangay            : GUADALUPE,,Zone/Barangay            : GUADALUPE,,"RDO No. 82 - Cebu City, South.xls",Sheet 6 (DO 86-2023)
1064,STREET NAME/SUBDIVISION/CONDOMINIUM,,STREET NAME/SUBDIVISION/CONDOMINIUM,,"RDO No. 82 - Cebu City, South.xls",Sheet 6 (DO 86-2023)
1065,,,,,"RDO No. 82 - Cebu City, South.xls",Sheet 6 (DO 86-2023)
1066,DREAMHOMES GUADALAJARA,,DREAMHOMES GUADALAJARA,,"RDO No. 82 - Cebu City, South.xls",Sheet 6 (DO 86-2023)
1067,EAGLE RIDGE SUBD,,EAGLE RIDGE SUBD,,"RDO No. 82 - Cebu City, South.xls",Sheet 6 (DO 86-2023)
1068,ESPERANZA VILLAGE,,ESPERANZA VILLAGE,,"RDO No. 82 - Cebu City, South.xls",Sheet 6 (DO 86-2023)
1069,ESPINA VILLAGE,,ESPINA VILLAGE,,"RDO No. 82 - Cebu City, South.xls",Sheet 6 (DO 86-2023)
1070,FAIRLANE VILLAGE,,FAIRLANE VILLAGE,,"RDO No. 82 - Cebu City, South.xls",Sheet 6 (DO 86-2023)
1071,FATIMA HILLS,,FATIMA HILLS,,"RDO No. 82 - Cebu City, South.xls",Sheet 6 (DO 86-2023)
1072,FLOWER VILLE,,FLOWER VILLE,,"RDO No. 82 - Cebu City, South.xls",Sheet 6 (DO 86-2023)
1073,FOREST HILLS,,FOREST HILLS,,"RDO No. 82 - Cebu City, South.xls",Sheet 6 (DO 86-2023)
1074,FRANCIS MERCH. SUBDIVISION,,FRANCIS MERCH. SUBDIVISION,,"RDO No. 82 - Cebu City, South.xls",Sheet 6 (DO 86-2023)
1075,FRANCISCA VILLAGE,,FRANCISCA VILLAGE,,"RDO No. 82 - Cebu City, South.xls",Sheet 6 (DO 86-2023)
1076,GAISANO SUBD,,GAISANO SUBD,,"RDO No. 82 - Cebu City, South.xls",Sheet 6 (DO 86-2023)
1077,GARDENVILLE,,GARDENVILLE,,"RDO No. 82 - Cebu City, South.xls",Sheet 6 (DO 86-2023)
1078,GOCHAN SUBD,,GOCHAN SUBD,,"RDO No. 82 - Cebu City, South.xls",Sheet 6 (DO 86-2023)
1079,GOLDENVILLE,,GOLDENVILLE,,"RDO No. 82 - Cebu City, South.xls",Sheet 6 (DO 86-2023)
1080,GREEN VILLAGE SUBDIVISION ROAD,,GREEN VILLAGE SUBDIVISION ROAD,,"RDO No. 82 - Cebu City, South.xls",Sheet 6 (DO 86-2023)
1081,GUADALAJARA SUBD,,GUADALAJARA SUBD,,"RDO No. 82 - Cebu City, South.xls",Sheet 6 (DO 86-2023)
1082,GUADALUPE GRAND VILLAS SUBD,,GUADALUPE GRAND VILLAS SUBD,,"RDO No. 82 - Cebu City, South.xls",Sheet 6 (DO 86-2023)
1083,GUADALUPE HEIGHTS,,GUADALUPE HEIGHTS,,"RDO No. 82 - Cebu City, South.xls",Sheet 6 (DO 86-2023)
1084,GUADAVILLE HOMES,,GUADAVILLE HOMES,,"RDO No. 82 - Cebu City, South.xls",Sheet 6 (DO 86-2023)
1085,GUADA PLAINS 3,,GUADA PLAINS 3,3.0,"RDO No. 82 - Cebu City, South.xls",Sheet 6 (DO 86-2023)
1086,GUADA VERDE RESIDENCES,,GUADA VERDE RESIDENCES,,"RDO No. 82 - Cebu City, South.xls",Sheet 6 (DO 86-2023)
1087,HAPPY VALLEY SUBD.,,HAPPY VALLEY SUBD.,,"RDO No. 82 - Cebu City, South.xls",Sheet 6 (DO 86-2023)
1088,JOSEFA COUNTRY HOMES,,JOSEFA COUNTRY HOMES,,"RDO No. 82 - Cebu City, South.xls",Sheet 6 (DO 86-2023)
1089,KENTWOOD HOMES,,KENTWOOD HOMES,,"RDO No. 82 - Cebu City, South.xls",Sheet 6 (DO 86-2023)
1090,KENTWOOD SUBDIVISION,,KENTWOOD SUBDIVISION,,"RDO No. 82 - Cebu City, South.xls",Sheet 6 (DO 86-2023)
1091,LA HACIENDA VILLAGE,,LA HACIENDA VILLAGE,,"RDO No. 82 - Cebu City, South.xls",Sheet 6 (DO 86-2023)
1092,LIMKAKENG SUBDIVISION,,LIMKAKENG SUBDIVISION,,"RDO No. 82 - Cebu City, South.xls",Sheet 6 (DO 86-2023)
1093,LOURDES VILLAGE,,LOURDES VILLAGE,,"RDO No. 82 - Cebu City, South.xls",Sheet 6 (DO 86-2023)
1094,MA. LUISA SOUTH,,MA. LUISA SOUTH,,"RDO No. 82 - Cebu City, South.xls",Sheet 6 (DO 86-2023)
1095,MA.THERESA I,,MA.THERESA I,,"RDO No. 82 - Cebu City, South.xls",Sheet 6 (DO 86-2023)
1096,MA.THERESA II,,MA.THERESA II,,"RDO No. 82 - Cebu City, South.xls",Sheet 6 (DO 86-2023)
1097,MLD SUBD.,,MLD SUBD.,,"RDO No. 82 - Cebu City, South.xls",Sheet 6 (DO 86-2023)
1098,MONTERRAZAS SUBD.,,MONTERRAZAS SUBD.,,"RDO No. 82 - Cebu City, South.xls",Sheet 6 (DO 86-2023)
1099,MONTERRAZAS DE CEBU PHASE 2,,MONTERRAZAS DE CEBU PHASE 2,2.0,"RDO No. 82 - Cebu City, South.xls",Sheet 6 (DO 86-2023)
1100,Province                         : CEBU,,Province                         : CEBU,,"RDO No. 82 - Cebu City, South.xls",Sheet 6 (DO 86-2023)
1101,City/Municipality        : CEBU CITY SOUTH,,City/Municipality        : CEBU CITY SOUTH,,"RDO No. 82 - Cebu City, South.xls",Sheet 6 (DO 86-2023)
1102,Zone/Barangay            : GUADALUPE,,Zone/Barangay            : GUADALUPE,,"RDO No. 82 - Cebu City, South.xls",Sheet 6 (DO 86-2023)
1103,STREET NAME/SUBDIVISION/CONDOMINIUM,,STREET NAME/SUBDIVISION/CONDOMINIUM,,"RDO No. 82 - Cebu City, South.xls",Sheet 6 (DO 86-2023)
1104,,,,,"RDO No. 82 - Cebu City, South.xls",Sheet 6 (DO 86-2023)
1105,MONTERRAZAS DE CEBU - RESIDENCES,,MONTERRAZAS DE CEBU - RESIDENCES,,"RDO No. 82 - Cebu City, South.xls",Sheet 6 (DO 86-2023)
1106,MONTERRAZAS PRIME,,MONTERRAZAS PRIME,,"RDO No. 82 - Cebu City, South.xls",Sheet 6 (DO 86-2023)
1107,NICHOLS HEIGHTS,,NICHOLS HEIGHTS,,"RDO No. 82 - Cebu City, South.xls",Sheet 6 (DO 86-2023)
1108,NICHOLS PARK SUBDIVISION,,NICHOLS PARK SUBDIVISION,,"RDO No. 82 - Cebu City, South.xls",Sheet 6 (DO 86-2023)
1109,THE RESIDENCES NORTHRIDGE,,THE RESIDENCES NORTHRIDGE,,"RDO No. 82 - Cebu City, South.xls",Sheet 6 (DO 86-2023)
1110,ONE LUXURY RES.,,ONE LUXURY RES.,,"RDO No. 82 - Cebu City, South.xls",Sheet 6 (DO 86-2023)
1111,PANORAMA,,PANORAMA,,"RDO No. 82 - Cebu City, South.xls",Sheet 6 (DO 86-2023)
1112,PASADENA SUBDIVISION,,PASADENA SUBDIVISION,,"RDO No. 82 - Cebu City, South.xls",Sheet 6 (DO 86-2023)
1113,PASEO SAN RAMON,,PASEO SAN RAMON,,"RDO No. 82 - Cebu City, South.xls",Sheet 6 (DO 86-2023)
1114,QUEENSVILLE SUBD,,QUEENSVILLE SUBD,,"RDO No. 82 - Cebu City, South.xls",Sheet 6 (DO 86-2023)
1115,QUIJADA COMPOUND,,QUIJADA COMPOUND,,"RDO No. 82 - Cebu City, South.xls",Sheet 6 (DO 86-2023)
1116,QUIJANO SUBDIVISION,,QUIJANO SUBDIVISION,,"RDO No. 82 - Cebu City, South.xls",Sheet 6 (DO 86-2023)
1117,SAN LORENZO HEIGHTS,,SAN LORENZO HEIGHTS,,"RDO No. 82 - Cebu City, South.xls",Sheet 6 (DO 86-2023)
1118,SAN ROQUE HOMES,,SAN ROQUE HOMES,,"RDO No. 82 - Cebu City, South.xls",Sheet 6 (DO 86-2023)
1119,SAN JORGE VILLAGE,,SAN JORGE VILLAGE,,"RDO No. 82 - Cebu City, South.xls",Sheet 6 (DO 86-2023)
1120,SINGSON SUBD,,SINGSON SUBD,,"RDO No. 82 - Cebu City, South.xls",Sheet 6 (DO 86-2023)
1121,SOUTH PLAINS HOMES,,SOUTH PLAINS HOMES,,"RDO No. 82 - Cebu City, South.xls",Sheet 6 (DO 86-2023)
1122,ST. ANNE'S LANE,,ST. ANNE'S LANE,,"RDO No. 82 - Cebu City, South.xls",Sheet 6 (DO 86-2023)
1123,ST. MARTIN HEIGHTS SUBD,,ST. MARTIN HEIGHTS SUBD,,"RDO No. 82 - Cebu City, South.xls",Sheet 6 (DO 86-2023)
1124,SUNDANCE ROAD,,SUNDANCE ROAD,,"RDO No. 82 - Cebu City, South.xls",Sheet 6 (DO 86-2023)
1125,SUNDANCE,,SUNDANCE,,"RDO No. 82 - Cebu City, South.xls",Sheet 6 (DO 86-2023)
1126,SUNFLOWER VILLE SUBDIVISION,,SUNFLOWER VILLE SUBDIVISION,,"RDO No. 82 - Cebu City, South.xls",Sheet 6 (DO 86-2023)
1127,VALLEY VIEW VILLAGE,,VALLEY VIEW VILLAGE,,"RDO No. 82 - Cebu City, South.xls",Sheet 6 (DO 86-2023)
1128,VILLA SAN LORENZO,,VILLA SAN LORENZO,,"RDO No. 82 - Cebu City, South.xls",Sheet 6 (DO 86-2023)
1129,VILLAGE PARK EXECUTIVE,,VILLAGE PARK EXECUTIVE,,"RDO No. 82 - Cebu City, South.xls",Sheet 6 (DO 86-2023)
1130,WHITE HILLS SUBD.,,WHITE HILLS SUBD.,,"RDO No. 82 - Cebu City, South.xls",Sheet 6 (DO 86-2023)
1131,WINDY HILLS,,WINDY HILLS,,"RDO No. 82 - Cebu City, South.xls",Sheet 6 (DO 86-2023)
1132,WOODLAND HEIGHTS SUBDIVISION,,WOODLAND HEIGHTS SUBDIVISION,,"RDO No. 82 - Cebu City, South.xls",Sheet 6 (DO 86-2023)
1133,ALL OTHER SUBDIVISIONS -,,ALL OTHER SUBDIVISIONS -,,"RDO No. 82 - Cebu City, South.xls",Sheet 6 (DO 86-2023)
1134,(Formerly All Other Existing Subdivisions),,(Formerly All Other Existing Subdivisions),,"RDO No. 82 - Cebu City, South.xls",Sheet 6 (DO 86-2023)
1135,(Formerly New Subdivision),,(Formerly New Subdivision),,"RDO No. 82 - Cebu City, South.xls",Sheet 6 (DO 86-2023)
1136,NEW SUBDIVISION,,NEW SUBDIVISION,,"RDO No. 82 - Cebu City, South.xls",Sheet 6 (DO 86-2023)
1137,Province                         : CEBU,,Province                         : CEBU,,"RDO No. 82 - Cebu City, South.xls",Sheet 6 (DO 86-2023)
1138,City/Municipality        : CEBU CITY SOUTH,,City/Municipality        : CEBU CITY SOUTH,,"RDO No. 82 - Cebu City, South.xls",Sheet 6 (DO 86-2023)
1139,Zone/Barangay            : GUADALUPE,,Zone/Barangay            : GUADALUPE,,"RDO No. 82 - Cebu City, South.xls",Sheet 6 (DO 86-2023)
1140,STREET NAME/SUBDIVISION/CONDOMINIUM,,STREET NAME/SUBDIVISION/CONDOMINIUM,,"RDO No. 82 - Cebu City, South.xls",Sheet 6 (DO 86-2023)
1141,,,,,"RDO No. 82 - Cebu City, South.xls",Sheet 6 (DO 86-2023)
1142,,,,,"RDO No. 82 - Cebu City, South.xls",Sheet 6 (DO 86-2023)
1143,CONDOMINIUMS,,CONDOMINIUMS,,"RDO No. 82 - Cebu City, South.xls",Sheet 6 (DO 86-2023)
1144,APPLEONE BANAWA HEIGHTS,,APPLEONE BANAWA HEIGHTS,,"RDO No. 82 - Cebu City, South.xls",Sheet 6 (DO 86-2023)
1145,,,,,"RDO No. 82 - Cebu City, South.xls",Sheet 6 (DO 86-2023)
1146,,,,,"RDO No. 82 - Cebu City, South.xls",Sheet 6 (DO 86-2023)
1147,BUENAVENTURA CONDO,,BUENAVENTURA CONDO,,"RDO No. 82 - Cebu City, South.xls",Sheet 6 (DO 86-2023)
1148,,,,,"RDO No. 82 - Cebu City, South.xls",Sheet 6 (DO 86-2023)
1149,,,,,"RDO No. 82 - Cebu City, South.xls",Sheet 6 (DO 86-2023)
1150,CASA MIRA TOWERS (TOWER 3) MEDIUM COST,,CASA MIRA TOWERS (TOWER 3) MEDIUM COST,3.0,"RDO No. 82 - Cebu City, South.xls",Sheet 6 (DO 86-2023)
1151,,,,,"RDO No. 82 - Cebu City, South.xls",Sheet 6 (DO 86-2023)
1152,,,,,"RDO No. 82 - Cebu City, South.xls",Sheet 6 (DO 86-2023)
1153,CASA MIRA TOWERS (TOWER 3) ECONOMIC COST,,CASA MIRA TOWERS (TOWER 3) ECONOMIC COST,3.0,"RDO No. 82 - Cebu City, South.xls",Sheet 6 (DO 86-2023)
1154,,,,,"RDO No. 82 - Cebu City, South.xls",Sheet 6 (DO 86-2023)
1155,,,,,"RDO No. 82 - Cebu City, South.xls",Sheet 6 (DO 86-2023)
1156,NORTH SINGSON FLATS (CONDO),,NORTH SINGSON FLATS (CONDO),,"RDO No. 82 - Cebu City, South.xls",Sheet 6 (DO 86-2023)
1157,,,,,"RDO No. 82 - Cebu City, South.xls",Sheet 6 (DO 86-2023)
1158,,,,,"RDO No. 82 - Cebu City, South.xls",Sheet 6 (DO 86-2023)
1159,ONE PAVILLON,,ONE PAVILLON,,"RDO No. 82 - Cebu City, South.xls",Sheet 6 (DO 86-2023)
1160,,,,,"RDO No. 82 - Cebu City, South.xls",Sheet 6 (DO 86-2023)
1161,,,,,"RDO No. 82 - Cebu City, South.xls",Sheet 6 (DO 86-2023)
1162,SUNDANCE RESIDENCES,,SUNDANCE RESIDENCES,,"RDO No. 82 - Cebu City, South.xls",Sheet 6 (DO 86-2023)
1163,,,,,"RDO No. 82 - Cebu City, South.xls",Sheet 6 (DO 86-2023)
1164,,,,,"RDO No. 82 - Cebu City, South.xls",Sheet 6 (DO 86-2023)
1165,SYMFONI NICHOLS,,SYMFONI NICHOLS,,"RDO No. 82 - Cebu City, South.xls",Sheet 6 (DO 86-2023)
1166,,,,,"RDO No. 82 - Cebu City, South.xls",Sheet 6 (DO 86-2023)
1167,THE COURTYARD CONDO,,THE COURTYARD CONDO,,"RDO No. 82 - Cebu City, South.xls",Sheet 6 (DO 86-2023)
1168,,,,,"RDO No. 82 - Cebu City, South.xls",Sheet 6 (DO 86-2023)
1169,TUSCANIA TOWNHOMES & CONDO,,TUSCANIA TOWNHOMES & CONDO,,"RDO No. 82 - Cebu City, South.xls",Sheet 6 (DO 86-2023)
1170,,,,,"RDO No. 82 - Cebu City, South.xls",Sheet 6 (DO 86-2023)
1171,,,,,"RDO No. 82 - Cebu City, South.xls",Sheet 6 (DO 86-2023)
1172,WOODCREST CONDO,,WOODCREST CONDO,,"RDO No. 82 - Cebu City, South.xls",Sheet 6 (DO 86-2023)
1173,,,,,"RDO No. 82 - Cebu City, South.xls",Sheet 6 (DO 86-2023)
1174,,,,,"RDO No. 82 - Cebu City, South.xls",Sheet 6 (DO 86-2023)
1175,Province                         : CEBU,,Province                         : CEBU,,"RDO No. 82 - Cebu City, South.xls",Sheet 6 (DO 86-2023)
1176,City/Municipality        : CEBU CITY SOUTH,,City/Municipality        : CEBU CITY SOUTH,,"RDO No. 82 - Cebu City, South.xls",Sheet 6 (DO 86-2023)
1177,Zone/Barangay            : GUADALUPE,,Zone/Barangay            : GUADALUPE,,"RDO No. 82 - Cebu City, South.xls",Sheet 6 (DO 86-2023)
1178,STREET NAME/SUBDIVISION/CONDOMINIUM,,STREET NAME/SUBDIVISION/CONDOMINIUM,,"RDO No. 82 - Cebu City, South.xls",Sheet 6 (DO 86-2023)
1179,,,,,"RDO No. 82 - Cebu City, South.xls",Sheet 6 (DO 86-2023)
1180,CONDOMINIUM - HIGH END,,CONDOMINIUM - HIGH END,,"RDO No. 82 - Cebu City, South.xls",Sheet 6 (DO 86-2023)
1181,,,,,"RDO No. 82 - Cebu City, South.xls",Sheet 6 (DO 86-2023)
1182,,,,,"RDO No. 82 - Cebu City, South.xls",Sheet 6 (DO 86-2023)
1183,ALL OTHER CONDOMINIUMS,,ALL OTHER CONDOMINIUMS,,"RDO No. 82 - Cebu City, South.xls",Sheet 6 (DO 86-2023)
1184,17 STOREYS & UP,,17 STOREYS & UP,17.0,"RDO No. 82 - Cebu City, South.xls",Sheet 6 (DO 86-2023)
1185,,,,,"RDO No. 82 - Cebu City, South.xls",Sheet 6 (DO 86-2023)
1186,,,,,"RDO No. 82 - Cebu City, South.xls",Sheet 6 (DO 86-2023)
1187,8 - 16 STOREYS,,8 - 16 STOREYS,,"RDO No. 82 - Cebu City, South.xls",Sheet 6 (DO 86-2023)
1188,,,,,"RDO No. 82 - Cebu City, South.xls",Sheet 6 (DO 86-2023)
1189,,,,,"RDO No. 82 - Cebu City, South.xls",Sheet 6 (DO 86-2023)
1190,1 - 7 STOREYS,,1 - 7 STOREYS,,"RDO No. 82 - Cebu City, South.xls",Sheet 6 (DO 86-2023)
1191,,,,,"RDO No. 82 - Cebu City, South.xls",Sheet 6 (DO 86-2023)
1192,,,,,"RDO No. 82 - Cebu City, South.xls",Sheet 6 (DO 86-2023)
1193,SOCIALIZED / LOW-COST,,SOCIALIZED / LOW-COST,,"RDO No. 82 - Cebu City, South.xls",Sheet 6 (DO 86-2023)
1194,,,,,"RDO No. 82 - Cebu City, South.xls",Sheet 6 (DO 86-2023)
1195,,,,,"RDO No. 82 - Cebu City, South.xls",Sheet 6 (DO 86-2023)
1196,,,,,"RDO No. 82 - Cebu City, South.xls",Sheet 6 (DO 86-2023)
1197,*         NEW,,*         NEW,,"RDO No. 82 - Cebu City, South.xls",Sheet 6 (DO 86-2023)
1198,**       FOR DELETION - SIMPLIFIED CONDOMINIUM OR STREET NAME / DUPLICATION OF STREET NAME,,**       FOR DELETION - SIMPLIFIED CONDOMINIUM OR STREET NAME / DUPLICATION OF STREET NAME,,"RDO No. 82 - Cebu City, South.xls",Sheet 6 (DO 86-2023)
1199,***     CHANGED STREET NAME,,***     CHANGED STREET NAME,,"RDO No. 82 - Cebu City, South.xls",Sheet 6 (DO 86-2023)
1200,,,,,"RDO No. 82 - Cebu City, South.xls",Sheet 6 (DO 86-2023)
1201,,,,,"RDO No. 82 - Cebu City, South.xls",Sheet 6 (DO 86-2023)
1202,Province                         : CEBU,,Province                         : CEBU,,"RDO No. 82 - Cebu City, South.xls",Sheet 6 (DO 86-2023)
1203,City/Municipality        : CEBU CITY SOUTH,,City/Municipality        : CEBU CITY SOUTH,,"RDO No. 82 - Cebu City, South.xls",Sheet 6 (DO 86-2023)
1204,"Zone/Barangay            : INAYAWAN (formerly Inayawan, Pardo)",,"Zone/Barangay            : INAYAWAN (formerly Inayawan, Pardo)",,"RDO No. 82 - Cebu City, South.xls",Sheet 6 (DO 86-2023)
1205,STREET NAME/SUBDIVISION/CONDOMINIUM,,STREET NAME/SUBDIVISION/CONDOMINIUM,,"RDO No. 82 - Cebu City, South.xls",Sheet 6 (DO 86-2023)
1206,,,,,"RDO No. 82 - Cebu City, South.xls",Sheet 6 (DO 86-2023)
1207,A. GABUYA ST. (OLD PHIL. RAILWAY/N. BACALSO AVE. EXT),,A. GABUYA ST. (OLD PHIL. RAILWAY/N. BACALSO AVE. EXT),,"RDO No. 82 - Cebu City, South.xls",Sheet 6 (DO 86-2023)
1208,,,,,"RDO No. 82 - Cebu City, South.xls",Sheet 6 (DO 86-2023)
1209,A. SABELLANO ROAD,,A. SABELLANO ROAD,,"RDO No. 82 - Cebu City, South.xls",Sheet 6 (DO 86-2023)
1210,,,,,"RDO No. 82 - Cebu City, South.xls",Sheet 6 (DO 86-2023)
1211,F. JACA ST.,,F. JACA ST.,,"RDO No. 82 - Cebu City, South.xls",Sheet 6 (DO 86-2023)
1212,F JACA ST,,F JACA ST,,"RDO No. 82 - Cebu City, South.xls",Sheet 6 (DO 86-2023)
1213,F JACA ST,,F JACA ST,,"RDO No. 82 - Cebu City, South.xls",Sheet 6 (DO 86-2023)
1214,,,,,"RDO No. 82 - Cebu City, South.xls",Sheet 6 (DO 86-2023)
1215,L. GABUYA STREET,,L. GABUYA STREET,,"RDO No. 82 - Cebu City, South.xls",Sheet 6 (DO 86-2023)
1216,,,,,"RDO No. 82 - Cebu City, South.xls",Sheet 6 (DO 86-2023)
1217,LOURDES DRIVE,,LOURDES DRIVE,,"RDO No. 82 - Cebu City, South.xls",Sheet 6 (DO 86-2023)
1218,N. BACALSO AVE. EXT. ( A. GABUYA ST.),,N. BACALSO AVE. EXT. ( A. GABUYA ST.),,"RDO No. 82 - Cebu City, South.xls",Sheet 6 (DO 86-2023)
1219,,,,,"RDO No. 82 - Cebu City, South.xls",Sheet 6 (DO 86-2023)
1220,OCAMPO DRIVE ROAD,,OCAMPO DRIVE ROAD,,"RDO No. 82 - Cebu City, South.xls",Sheet 6 (DO 86-2023)
1221,ROAD TO DUMPING SITE,,ROAD TO DUMPING SITE,,"RDO No. 82 - Cebu City, South.xls",Sheet 6 (DO 86-2023)
1222,ROAD TO GREEN FIELD,,ROAD TO GREEN FIELD,,"RDO No. 82 - Cebu City, South.xls",Sheet 6 (DO 86-2023)
1223,ROAD TO GREEN FIELD SUBDIVISION,,ROAD TO GREEN FIELD SUBDIVISION,,"RDO No. 82 - Cebu City, South.xls",Sheet 6 (DO 86-2023)
1224,ROAD TO SAINT JUDE ACRES,,ROAD TO SAINT JUDE ACRES,,"RDO No. 82 - Cebu City, South.xls",Sheet 6 (DO 86-2023)
1225,ROAD TO ST JUDE ACRES SUBD.,,ROAD TO ST JUDE ACRES SUBD.,,"RDO No. 82 - Cebu City, South.xls",Sheet 6 (DO 86-2023)
1226,SAN ROQUE ROAD,,SAN ROQUE ROAD,,"RDO No. 82 - Cebu City, South.xls",Sheet 6 (DO 86-2023)
1227,SITIO LOMBOY ROAD,,SITIO LOMBOY ROAD,,"RDO No. 82 - Cebu City, South.xls",Sheet 6 (DO 86-2023)
1228,VILLA INSI PUTIN ROAD,,VILLA INSI PUTIN ROAD,,"RDO No. 82 - Cebu City, South.xls",Sheet 6 (DO 86-2023)
1229,WHITE ROAD,,WHITE ROAD,,"RDO No. 82 - Cebu City, South.xls",Sheet 6 (DO 86-2023)
1230,ALL OTHER STREETS,,ALL OTHER STREETS,,"RDO No. 82 - Cebu City, South.xls",Sheet 6 (DO 86-2023)
1231,,,,,"RDO No. 82 - Cebu City, South.xls",Sheet 6 (DO 86-2023)
1232,,,,,"RDO No. 82 - Cebu City, South.xls",Sheet 6 (DO 86-2023)
1233,,,,,"RDO No. 82 - Cebu City, South.xls",Sheet 6 (DO 86-2023)
1234,SUBDIVISIONS,,SUBDIVISIONS,,"RDO No. 82 - Cebu City, South.xls",Sheet 6 (DO 86-2023)
1235,ABARQUEZ SUBD,,ABARQUEZ SUBD,,"RDO No. 82 - Cebu City, South.xls",Sheet 6 (DO 86-2023)
1236,DONA ROSA VILLAGE,,DONA ROSA VILLAGE,,"RDO No. 82 - Cebu City, South.xls",Sheet 6 (DO 86-2023)
1237,INAYAWAN VILLAGE,,INAYAWAN VILLAGE,,"RDO No. 82 - Cebu City, South.xls",Sheet 6 (DO 86-2023)
1238,SAN AGUSTIN VILLAGE,,SAN AGUSTIN VILLAGE,,"RDO No. 82 - Cebu City, South.xls",Sheet 6 (DO 86-2023)
1239,SKYVIEW VILLAGE,,SKYVIEW VILLAGE,,"RDO No. 82 - Cebu City, South.xls",Sheet 6 (DO 86-2023)
1240,Province                         : CEBU,,Province                         : CEBU,,"RDO No. 82 - Cebu City, South.xls",Sheet 6 (DO 86-2023)
1241,City/Municipality        : CEBU CITY SOUTH,,City/Municipality        : CEBU CITY SOUTH,,"RDO No. 82 - Cebu City, South.xls",Sheet 6 (DO 86-2023)
1242,"Zone/Barangay            : INAYAWAN (formerly Inayawan, Pardo)",,"Zone/Barangay            : INAYAWAN (formerly Inayawan, Pardo)",,"RDO No. 82 - Cebu City, South.xls",Sheet 6 (DO 86-2023)
1243,STREET NAME/SUBDIVISION/CONDOMINIUM,,STREET NAME/SUBDIVISION/CONDOMINIUM,,"RDO No. 82 - Cebu City, South.xls",Sheet 6 (DO 86-2023)
1244,,,,,"RDO No. 82 - Cebu City, South.xls",Sheet 6 (DO 86-2023)
1245,SUNRISE VILLAGE,,SUNRISE VILLAGE,,"RDO No. 82 - Cebu City, South.xls",Sheet 6 (DO 86-2023)
1246,SUNSHINE VILLAGE,,SUNSHINE VILLAGE,,"RDO No. 82 - Cebu City, South.xls",Sheet 6 (DO 86-2023)
1247,VIP VILLAGE,,VIP VILLAGE,,"RDO No. 82 - Cebu City, South.xls",Sheet 6 (DO 86-2023)
1248,ALL OTHER SUBDIVISIONS -,,ALL OTHER SUBDIVISIONS -,,"RDO No. 82 - Cebu City, South.xls",Sheet 6 (DO 86-2023)
1249,(Formerly All Other Existing Subdivisions),,(Formerly All Other Existing Subdivisions),,"RDO No. 82 - Cebu City, South.xls",Sheet 6 (DO 86-2023)
1250,(Formerly New Subdivision),,(Formerly New Subdivision),,"RDO No. 82 - Cebu City, South.xls",Sheet 6 (DO 86-2023)
1251,NEW SUBDIVISION,,NEW SUBDIVISION,,"RDO No. 82 - Cebu City, South.xls",Sheet 6 (DO 86-2023)
1252,,,,,"RDO No. 82 - Cebu City, South.xls",Sheet 6 (DO 86-2023)
1253,CONDOMINIUMS,,CONDOMINIUMS,,"RDO No. 82 - Cebu City, South.xls",Sheet 6 (DO 86-2023)
1254,CONDOMINIUM - HIGH END,,CONDOMINIUM - HIGH END,,"RDO No. 82 - Cebu City, South.xls",Sheet 6 (DO 86-2023)
1255,,,,,"RDO No. 82 - Cebu City, South.xls",Sheet 6 (DO 86-2023)
1256,,,,,"RDO No. 82 - Cebu City, South.xls",Sheet 6 (DO 86-2023)
1257,CONDOMINIUMS,,CONDOMINIUMS,,"RDO No. 82 - Cebu City, South.xls",Sheet 6 (DO 86-2023)
1258,17 STOREYS & UP,,17 STOREYS & UP,17.0,"RDO No. 82 - Cebu City, South.xls",Sheet 6 (DO 86-2023)
1259,,,,,"RDO No. 82 - Cebu City, South.xls",Sheet 6 (DO 86-2023)
1260,,,,,"RDO No. 82 - Cebu City, South.xls",Sheet 6 (DO 86-2023)
1261,8 - 16 STOREYS,,8 - 16 STOREYS,,"RDO No. 82 - Cebu City, South.xls",Sheet 6 (DO 86-2023)
1262,,,,,"RDO No. 82 - Cebu City, South.xls",Sheet 6 (DO 86-2023)
1263,,,,,"RDO No. 82 - Cebu City, South.xls",Sheet 6 (DO 86-2023)
1264,1 - 7 STOREYS,,1 - 7 STOREYS,,"RDO No. 82 - Cebu City, South.xls",Sheet 6 (DO 86-2023)
1265,,,,,"RDO No. 82 - Cebu City, South.xls",Sheet 6 (DO 86-2023)
1266,,,,,"RDO No. 82 - Cebu City, South.xls",Sheet 6 (DO 86-2023)
1267,SOCIALIZED/LOW-COST,,SOCIALIZED/LOW-COST,,"RDO No. 82 - Cebu City, South.xls",Sheet 6 (DO 86-2023)
1268,,,,,"RDO No. 82 - Cebu City, South.xls",Sheet 6 (DO 86-2023)
1269,,,,,"RDO No. 82 - Cebu City, South.xls",Sheet 6 (DO 86-2023)
1270,,,,,"RDO No. 82 - Cebu City, South.xls",Sheet 6 (DO 86-2023)
1271,*             NEW,,*             NEW,,"RDO No. 82 - Cebu City, South.xls",Sheet 6 (DO 86-2023)
1272,**          FOR DELETION - SIMPLIFIED CONDOMINIUM OR STREET NAME / DUPLICATION OF STREET NAME,,**          FOR DELETION - SIMPLIFIED CONDOMINIUM OR STREET NAME / DUPLICATION OF STREET NAME,,"RDO No. 82 - Cebu City, South.xls",Sheet 6 (DO 86-2023)
1273,***       CHANGED STREET NAME,,***       CHANGED STREET NAME,,"RDO No. 82 - Cebu City, South.xls",Sheet 6 (DO 86-2023)
1274,****     SPECIFIED VICINITY,,****     SPECIFIED VICINITY,,"RDO No. 82 - Cebu City, South.xls",Sheet 6 (DO 86-2023)
1275,*****   DELETED VICINITY,,*****   DELETED VICINITY,,"RDO No. 82 - Cebu City, South.xls",Sheet 6 (DO 86-2023)
1276,****** CAN BE SEEN IN A. GABUYA ST.,,****** CAN BE SEEN IN A. GABUYA ST.,,"RDO No. 82 - Cebu City, South.xls",Sheet 6 (DO 86-2023)
1277,,,,,"RDO No. 82 - Cebu City, South.xls",Sheet 6 (DO 86-2023)
1278,,,,,"RDO No. 82 - Cebu City, South.xls",Sheet 6 (DO 86-2023)
1279,Province                         : CEBU,,Province                         : CEBU,,"RDO No. 82 - Cebu City, South.xls",Sheet 6 (DO 86-2023)
1280,City/Municipality       : CEBU CITY SOUTH,,City/Municipality       : CEBU CITY SOUTH,,"RDO No. 82 - Cebu City, South.xls",Sheet 6 (DO 86-2023)
1281,Zone/Barangay            : KALUBIHAN,,Zone/Barangay            : KALUBIHAN,,"RDO No. 82 - Cebu City, South.xls",Sheet 6 (DO 86-2023)
1282,STREET NAME/SUBDIVISION/CONDOMINIUM,,STREET NAME/SUBDIVISION/CONDOMINIUM,,"RDO No. 82 - Cebu City, South.xls",Sheet 6 (DO 86-2023)
1283,,,,,"RDO No. 82 - Cebu City, South.xls",Sheet 6 (DO 86-2023)
1284,BALINTAWAK ST,,BALINTAWAK ST,,"RDO No. 82 - Cebu City, South.xls",Sheet 6 (DO 86-2023)
1285,COLON ST,,COLON ST,,"RDO No. 82 - Cebu City, South.xls",Sheet 6 (DO 86-2023)
1286,A. BORROMEO ST,,A. BORROMEO ST,,"RDO No. 82 - Cebu City, South.xls",Sheet 6 (DO 86-2023)
1287,JUEZ BORROMEO ST,,JUEZ BORROMEO ST,,"RDO No. 82 - Cebu City, South.xls",Sheet 6 (DO 86-2023)
1288,LEON KILAT ST.,,LEON KILAT ST.,,"RDO No. 82 - Cebu City, South.xls",Sheet 6 (DO 86-2023)
1289,LEON KILAT ST.,,LEON KILAT ST.,,"RDO No. 82 - Cebu City, South.xls",Sheet 6 (DO 86-2023)
1290,LEON KILAT ST.,,LEON KILAT ST.,,"RDO No. 82 - Cebu City, South.xls",Sheet 6 (DO 86-2023)
1291,MAGALLANES ST,,MAGALLANES ST,,"RDO No. 82 - Cebu City, South.xls",Sheet 6 (DO 86-2023)
1292,MANALILI ST.,,MANALILI ST.,,"RDO No. 82 - Cebu City, South.xls",Sheet 6 (DO 86-2023)
1293,P DEL ROSARIO ST,,P DEL ROSARIO ST,,"RDO No. 82 - Cebu City, South.xls",Sheet 6 (DO 86-2023)
1294,P LOPEZ ST,,P LOPEZ ST,,"RDO No. 82 - Cebu City, South.xls",Sheet 6 (DO 86-2023)
1295,P LOPEZ ST,,P LOPEZ ST,,"RDO No. 82 - Cebu City, South.xls",Sheet 6 (DO 86-2023)
1296,PRES S OSMENA BLVD,,PRES S OSMENA BLVD,,"RDO No. 82 - Cebu City, South.xls",Sheet 6 (DO 86-2023)
1297,PRES S OSMENA BLVD,,PRES S OSMENA BLVD,,"RDO No. 82 - Cebu City, South.xls",Sheet 6 (DO 86-2023)
1298,SANCIANGKO ST,,SANCIANGKO ST,,"RDO No. 82 - Cebu City, South.xls",Sheet 6 (DO 86-2023)
1299,ALL OTHER STREETS,,ALL OTHER STREETS,,"RDO No. 82 - Cebu City, South.xls",Sheet 6 (DO 86-2023)
1300,,,,,"RDO No. 82 - Cebu City, South.xls",Sheet 6 (DO 86-2023)
1301,,,,,"RDO No. 82 - Cebu City, South.xls",Sheet 6 (DO 86-2023)
1302,SUBDIVISIONS,,SUBDIVISIONS,,"RDO No. 82 - Cebu City, South.xls",Sheet 6 (DO 86-2023)
1303,ALL SUBDIVISIONS -,,ALL SUBDIVISIONS -,,"RDO No. 82 - Cebu City, South.xls",Sheet 6 (DO 86-2023)
1304,(Formerly New Subdivision),,(Formerly New Subdivision),,"RDO No. 82 - Cebu City, South.xls",Sheet 6 (DO 86-2023)
1305,CONDOMINIUMS,,CONDOMINIUMS,,"RDO No. 82 - Cebu City, South.xls",Sheet 6 (DO 86-2023)
1306,CONDOMINIUM - HIGH END,,CONDOMINIUM - HIGH END,,"RDO No. 82 - Cebu City, South.xls",Sheet 6 (DO 86-2023)
1307,,,,,"RDO No. 82 - Cebu City, South.xls",Sheet 6 (DO 86-2023)
1308,,,,,"RDO No. 82 - Cebu City, South.xls",Sheet 6 (DO 86-2023)
1309,CONDOMINIUMS,,CONDOMINIUMS,,"RDO No. 82 - Cebu City, South.xls",Sheet 6 (DO 86-2023)
1310,17 STOREYS & UP,,17 STOREYS & UP,17.0,"RDO No. 82 - Cebu City, South.xls",Sheet 6 (DO 86-2023)
1311,,,,,"RDO No. 82 - Cebu City, South.xls",Sheet 6 (DO 86-2023)
1312,,,,,"RDO No. 82 - Cebu City, South.xls",Sheet 6 (DO 86-2023)
1313,8 - 16 STOREYS,,8 - 16 STOREYS,,"RDO No. 82 - Cebu City, South.xls",Sheet 6 (DO 86-2023)
1314,,,,,"RDO No. 82 - Cebu City, South.xls",Sheet 6 (DO 86-2023)
1315,,,,,"RDO No. 82 - Cebu City, South.xls",Sheet 6 (DO 86-2023)
1316,1 - 7 STOREYS,,1 - 7 STOREYS,,"RDO No. 82 - Cebu City, South.xls",Sheet 6 (DO 86-2023)
1317,,,,,"RDO No. 82 - Cebu City, South.xls",Sheet 6 (DO 86-2023)
1318,,,,,"RDO No. 82 - Cebu City, South.xls",Sheet 6 (DO 86-2023)
1319,SOCIALIZED / LOW-COST,,SOCIALIZED / LOW-COST,,"RDO No. 82 - Cebu City, South.xls",Sheet 6 (DO 86-2023)
1320,,,,,"RDO No. 82 - Cebu City, South.xls",Sheet 6 (DO 86-2023)
1321,,,,,"RDO No. 82 - Cebu City, South.xls",Sheet 6 (DO 86-2023)
1322,*         NEW,,*         NEW,,"RDO No. 82 - Cebu City, South.xls",Sheet 6 (DO 86-2023)
1323,**       FOR DELETION - SIMPLIFIED CONDOMINIUM OR  STREET NAME / DUPLICATION OF STREET NAME,,**       FOR DELETION - SIMPLIFIED CONDOMINIUM OR  STREET NAME / DUPLICATION OF STREET NAME,,"RDO No. 82 - Cebu City, South.xls",Sheet 6 (DO 86-2023)
1324,***     CHANGED STREET NAME,,***     CHANGED STREET NAME,,"RDO No. 82 - Cebu City, South.xls",Sheet 6 (DO 86-2023)
1325,,,,,"RDO No. 82 - Cebu City, South.xls",Sheet 6 (DO 86-2023)
1326,Province                         : CEBU,,Province                         : CEBU,,"RDO No. 82 - Cebu City, South.xls",Sheet 6 (DO 86-2023)
1327,City/Municipality        : CEBU CITY SOUTH,,City/Municipality        : CEBU CITY SOUTH,,"RDO No. 82 - Cebu City, South.xls",Sheet 6 (DO 86-2023)
1328,Zone/Barangay            : KALUNASAN,,Zone/Barangay            : KALUNASAN,,"RDO No. 82 - Cebu City, South.xls",Sheet 6 (DO 86-2023)
1329,STREET NAME/SUBDIVISION/CONDOMINIUM,,STREET NAME/SUBDIVISION/CONDOMINIUM,,"RDO No. 82 - Cebu City, South.xls",Sheet 6 (DO 86-2023)
1330,,,,,"RDO No. 82 - Cebu City, South.xls",Sheet 6 (DO 86-2023)
1331,BACK CRESANTO,,BACK CRESANTO,,"RDO No. 82 - Cebu City, South.xls",Sheet 6 (DO 86-2023)
1332,,,,,"RDO No. 82 - Cebu City, South.xls",Sheet 6 (DO 86-2023)
1333,,,,,"RDO No. 82 - Cebu City, South.xls",Sheet 6 (DO 86-2023)
1334,DAPDAP,,DAPDAP,,"RDO No. 82 - Cebu City, South.xls",Sheet 6 (DO 86-2023)
1335,OPRRA,,OPRRA,,"RDO No. 82 - Cebu City, South.xls",Sheet 6 (DO 86-2023)
1336,ROAD TO KALUNASAN,,ROAD TO KALUNASAN,,"RDO No. 82 - Cebu City, South.xls",Sheet 6 (DO 86-2023)
1337,ALL AREAS ALONG THE  ROAD -,,ALL AREAS ALONG THE  ROAD -,,"RDO No. 82 - Cebu City, South.xls",Sheet 6 (DO 86-2023)
1338,(Formerly Suburban Areas With Road),,(Formerly Suburban Areas With Road),,"RDO No. 82 - Cebu City, South.xls",Sheet 6 (DO 86-2023)
1339,,,,,"RDO No. 82 - Cebu City, South.xls",Sheet 6 (DO 86-2023)
1340,ALL INTERIOR AREAS -,,ALL INTERIOR AREAS -,,"RDO No. 82 - Cebu City, South.xls",Sheet 6 (DO 86-2023)
1341,(Formerly Suburban Areas Without Road),,(Formerly Suburban Areas Without Road),,"RDO No. 82 - Cebu City, South.xls",Sheet 6 (DO 86-2023)
1342,UPPER PEACE VALLEY ROAD,,UPPER PEACE VALLEY ROAD,,"RDO No. 82 - Cebu City, South.xls",Sheet 6 (DO 86-2023)
1343,VILLA REMEDIOS,,VILLA REMEDIOS,,"RDO No. 82 - Cebu City, South.xls",Sheet 6 (DO 86-2023)
1344,ALL OTHER STREETS,,ALL OTHER STREETS,,"RDO No. 82 - Cebu City, South.xls",Sheet 6 (DO 86-2023)
1345,,,,,"RDO No. 82 - Cebu City, South.xls",Sheet 6 (DO 86-2023)
1346,,,,,"RDO No. 82 - Cebu City, South.xls",Sheet 6 (DO 86-2023)
1347,,,,,"RDO No. 82 - Cebu City, South.xls",Sheet 6 (DO 86-2023)
1348,SUBDIVISIONS,,SUBDIVISIONS,,"RDO No. 82 - Cebu City, South.xls",Sheet 6 (DO 86-2023)
1349,44 JOSEPH'S SUBD.,,44 JOSEPH'S SUBD.,44.0,"RDO No. 82 - Cebu City, South.xls",Sheet 6 (DO 86-2023)
1350,44 JOSEPH'S SUBD SH,,44 JOSEPH'S SUBD SH,44.0,"RDO No. 82 - Cebu City, South.xls",Sheet 6 (DO 86-2023)
1351,GRAND LEGACY SUBD,,GRAND LEGACY SUBD,,"RDO No. 82 - Cebu City, South.xls",Sheet 6 (DO 86-2023)
1352,MOUNTAIN VIEW SUBD,,MOUNTAIN VIEW SUBD,,"RDO No. 82 - Cebu City, South.xls",Sheet 6 (DO 86-2023)
1353,SAN JOSEVILLE SUBD,,SAN JOSEVILLE SUBD,,"RDO No. 82 - Cebu City, South.xls",Sheet 6 (DO 86-2023)
1354,SAN MARCELO SUBDIVISION,,SAN MARCELO SUBDIVISION,,"RDO No. 82 - Cebu City, South.xls",Sheet 6 (DO 86-2023)
1355,ALL OTHER SUBDIVISION,,ALL OTHER SUBDIVISION,,"RDO No. 82 - Cebu City, South.xls",Sheet 6 (DO 86-2023)
1356,(Formerly All New Subdivisioin),,(Formerly All New Subdivisioin),,"RDO No. 82 - Cebu City, South.xls",Sheet 6 (DO 86-2023)
1357,ALL NEW SUBDIVISION,,ALL NEW SUBDIVISION,,"RDO No. 82 - Cebu City, South.xls",Sheet 6 (DO 86-2023)
1358,CONDOMINIUMS,,CONDOMINIUMS,,"RDO No. 82 - Cebu City, South.xls",Sheet 6 (DO 86-2023)
1359,17 STOREYS & UP,,17 STOREYS & UP,17.0,"RDO No. 82 - Cebu City, South.xls",Sheet 6 (DO 86-2023)
1360,,,,,"RDO No. 82 - Cebu City, South.xls",Sheet 6 (DO 86-2023)
1361,,,,,"RDO No. 82 - Cebu City, South.xls",Sheet 6 (DO 86-2023)
1362,8 - 16 STOREYS,,8 - 16 STOREYS,,"RDO No. 82 - Cebu City, South.xls",Sheet 6 (DO 86-2023)
1363,,,,,"RDO No. 82 - Cebu City, South.xls",Sheet 6 (DO 86-2023)
1364,,,,,"RDO No. 82 - Cebu City, South.xls",Sheet 6 (DO 86-2023)
1365,1 - 7 STOREYS,,1 - 7 STOREYS,,"RDO No. 82 - Cebu City, South.xls",Sheet 6 (DO 86-2023)
1366,,,,,"RDO No. 82 - Cebu City, South.xls",Sheet 6 (DO 86-2023)
1367,,,,,"RDO No. 82 - Cebu City, South.xls",Sheet 6 (DO 86-2023)
1368,SOCIALIZED / LOW-COST,,SOCIALIZED / LOW-COST,,"RDO No. 82 - Cebu City, South.xls",Sheet 6 (DO 86-2023)
1369,,,,,"RDO No. 82 - Cebu City, South.xls",Sheet 6 (DO 86-2023)
1370,,,,,"RDO No. 82 - Cebu City, South.xls",Sheet 6 (DO 86-2023)
1371,*         NEW,,*         NEW,,"RDO No. 82 - Cebu City, South.xls",Sheet 6 (DO 86-2023)
1372,**       FOR DELETION - SIMPLIFIED CONDOMINIUM OR  STREET NAME / DUPLICATION OF STREET NAME,,**       FOR DELETION - SIMPLIFIED CONDOMINIUM OR  STREET NAME / DUPLICATION OF STREET NAME,,"RDO No. 82 - Cebu City, South.xls",Sheet 6 (DO 86-2023)
1373,***     CHANGED STREET NAME,,***     CHANGED STREET NAME,,"RDO No. 82 - Cebu City, South.xls",Sheet 6 (DO 86-2023)
1374,,,,,"RDO No. 82 - Cebu City, South.xls",Sheet 6 (DO 86-2023)
1375,Province                         : CEBU,,Province                         : CEBU,,"RDO No. 82 - Cebu City, South.xls",Sheet 6 (DO 86-2023)
1376,City/Municipality        : CEBU CITY SOUTH,,City/Municipality        : CEBU CITY SOUTH,,"RDO No. 82 - Cebu City, South.xls",Sheet 6 (DO 86-2023)
1377,"Zone/Barangay            : KINASANG - AN  (formerly Kinasang-an, Pardo)",,"Zone/Barangay            : KINASANG - AN  (formerly Kinasang-an, Pardo)",,"RDO No. 82 - Cebu City, South.xls",Sheet 6 (DO 86-2023)
1378,STREET NAME/SUBDIVISION/CONDOMINIUM,,STREET NAME/SUBDIVISION/CONDOMINIUM,,"RDO No. 82 - Cebu City, South.xls",Sheet 6 (DO 86-2023)
1379,,,,,"RDO No. 82 - Cebu City, South.xls",Sheet 6 (DO 86-2023)
1380,A . GABUYA ST,,A . GABUYA ST,,"RDO No. 82 - Cebu City, South.xls",Sheet 6 (DO 86-2023)
1381,,,,,"RDO No. 82 - Cebu City, South.xls",Sheet 6 (DO 86-2023)
1382,E SABELLANO ST,,E SABELLANO ST,,"RDO No. 82 - Cebu City, South.xls",Sheet 6 (DO 86-2023)
1383,,,,,"RDO No. 82 - Cebu City, South.xls",Sheet 6 (DO 86-2023)
1384,F JACA ST,,F JACA ST,,"RDO No. 82 - Cebu City, South.xls",Sheet 6 (DO 86-2023)
1385,,,,,"RDO No. 82 - Cebu City, South.xls",Sheet 6 (DO 86-2023)
1386,GENES CMPD./NGCP,,GENES CMPD./NGCP,,"RDO No. 82 - Cebu City, South.xls",Sheet 6 (DO 86-2023)
1387,HOLY FAMILY,,HOLY FAMILY,,"RDO No. 82 - Cebu City, South.xls",Sheet 6 (DO 86-2023)
1388,N. BACALSO AVE.,,N. BACALSO AVE.,,"RDO No. 82 - Cebu City, South.xls",Sheet 6 (DO 86-2023)
1389,SURAN,,SURAN,,"RDO No. 82 - Cebu City, South.xls",Sheet 6 (DO 86-2023)
1390,ALL OTHER STREETS,,ALL OTHER STREETS,,"RDO No. 82 - Cebu City, South.xls",Sheet 6 (DO 86-2023)
1391,,,,,"RDO No. 82 - Cebu City, South.xls",Sheet 6 (DO 86-2023)
1392,,,,,"RDO No. 82 - Cebu City, South.xls",Sheet 6 (DO 86-2023)
1393,,,,,"RDO No. 82 - Cebu City, South.xls",Sheet 6 (DO 86-2023)
1394,SUBDIVISIONS,,SUBDIVISIONS,,"RDO No. 82 - Cebu City, South.xls",Sheet 6 (DO 86-2023)
1395,ANIKA HOMES,,ANIKA HOMES,,"RDO No. 82 - Cebu City, South.xls",Sheet 6 (DO 86-2023)
1396,GREYHOUND VILL SUBD,,GREYHOUND VILL SUBD,,"RDO No. 82 - Cebu City, South.xls",Sheet 6 (DO 86-2023)
1397,HONEY HOMES,,HONEY HOMES,,"RDO No. 82 - Cebu City, South.xls",Sheet 6 (DO 86-2023)
1398,PARADISE,,PARADISE,,"RDO No. 82 - Cebu City, South.xls",Sheet 6 (DO 86-2023)
1399,PEACEVILLE SUBD.,,PEACEVILLE SUBD.,,"RDO No. 82 - Cebu City, South.xls",Sheet 6 (DO 86-2023)
1400,POTENCIANO SUBD,,POTENCIANO SUBD,,"RDO No. 82 - Cebu City, South.xls",Sheet 6 (DO 86-2023)
1401,RAINBOW VILLAGE,,RAINBOW VILLAGE,,"RDO No. 82 - Cebu City, South.xls",Sheet 6 (DO 86-2023)
1402,STO. NIÑO COMMUNITY,,STO. NIÑO COMMUNITY,,"RDO No. 82 - Cebu City, South.xls",Sheet 6 (DO 86-2023)
1403,VILLARICA SUBD ROAD,,VILLARICA SUBD ROAD,,"RDO No. 82 - Cebu City, South.xls",Sheet 6 (DO 86-2023)
1404,ALL OTHER SUBDIVISIONS -,,ALL OTHER SUBDIVISIONS -,,"RDO No. 82 - Cebu City, South.xls",Sheet 6 (DO 86-2023)
1405,(Formerly All Other Existing Subd),,(Formerly All Other Existing Subd),,"RDO No. 82 - Cebu City, South.xls",Sheet 6 (DO 86-2023)
1406,(Formerly New Subdivision),,(Formerly New Subdivision),,"RDO No. 82 - Cebu City, South.xls",Sheet 6 (DO 86-2023)
1407,NEW SUBDIVISION,,NEW SUBDIVISION,,"RDO No. 82 - Cebu City, South.xls",Sheet 6 (DO 86-2023)
1408,CONDOMINIUMS,,CONDOMINIUMS,,"RDO No. 82 - Cebu City, South.xls",Sheet 6 (DO 86-2023)
1409,CONDOMINIUM,,CONDOMINIUM,,"RDO No. 82 - Cebu City, South.xls",Sheet 6 (DO 86-2023)
1410,,,,,"RDO No. 82 - Cebu City, South.xls",Sheet 6 (DO 86-2023)
1411,,,,,"RDO No. 82 - Cebu City, South.xls",Sheet 6 (DO 86-2023)
1412,CONDOMINIUMS,,CONDOMINIUMS,,"RDO No. 82 - Cebu City, South.xls",Sheet 6 (DO 86-2023)
1413,17 STOREYS & UP,,17 STOREYS & UP,17.0,"RDO No. 82 - Cebu City, South.xls",Sheet 6 (DO 86-2023)
1414,,,,,"RDO No. 82 - Cebu City, South.xls",Sheet 6 (DO 86-2023)
1415,,,,,"RDO No. 82 - Cebu City, South.xls",Sheet 6 (DO 86-2023)
1416,8 - 16 STOREYS,,8 - 16 STOREYS,,"RDO No. 82 - Cebu City, South.xls",Sheet 6 (DO 86-2023)
1417,,,,,"RDO No. 82 - Cebu City, South.xls",Sheet 6 (DO 86-2023)
1418,,,,,"RDO No. 82 - Cebu City, South.xls",Sheet 6 (DO 86-2023)
1419,1 - 7 STOREYS,,1 - 7 STOREYS,,"RDO No. 82 - Cebu City, South.xls",Sheet 6 (DO 86-2023)
1420,,,,,"RDO No. 82 - Cebu City, South.xls",Sheet 6 (DO 86-2023)
1421,,,,,"RDO No. 82 - Cebu City, South.xls",Sheet 6 (DO 86-2023)
1422,SOCIALIZED / LOW-COST,,SOCIALIZED / LOW-COST,,"RDO No. 82 - Cebu City, South.xls",Sheet 6 (DO 86-2023)
1423,,,,,"RDO No. 82 - Cebu City, South.xls",Sheet 6 (DO 86-2023)
1424,,,,,"RDO No. 82 - Cebu City, South.xls",Sheet 6 (DO 86-2023)
1425,*           NEW,,*           NEW,,"RDO No. 82 - Cebu City, South.xls",Sheet 6 (DO 86-2023)
1426,**        FOR DELETION - SIMPLIFIED CONDOMINIUM OR  STREET NAME / DUPLICATION OF STREET NAME,,**        FOR DELETION - SIMPLIFIED CONDOMINIUM OR  STREET NAME / DUPLICATION OF STREET NAME,,"RDO No. 82 - Cebu City, South.xls",Sheet 6 (DO 86-2023)
1427,***      CHANGED STREET NAME,,***      CHANGED STREET NAME,,"RDO No. 82 - Cebu City, South.xls",Sheet 6 (DO 86-2023)
1428,****    SPECIFIED VICINITY,,****    SPECIFIED VICINITY,,"RDO No. 82 - Cebu City, South.xls",Sheet 6 (DO 86-2023)
1429,,,,,"RDO No. 82 - Cebu City, South.xls",Sheet 6 (DO 86-2023)
1430,Province                         : CEBU,,Province                         : CEBU,,"RDO No. 82 - Cebu City, South.xls",Sheet 6 (DO 86-2023)
1431,City/Municipality        : CEBU CITY SOUTH,,City/Municipality        : CEBU CITY SOUTH,,"RDO No. 82 - Cebu City, South.xls",Sheet 6 (DO 86-2023)
1432,Zone/Barangay             : LABANGON,,Zone/Barangay             : LABANGON,,"RDO No. 82 - Cebu City, South.xls",Sheet 6 (DO 86-2023)
1433,STREET NAME/ SUBDIVISION/ CONDOMINIUM,,STREET NAME/ SUBDIVISION/ CONDOMINIUM,,"RDO No. 82 - Cebu City, South.xls",Sheet 6 (DO 86-2023)
1434,,,,,"RDO No. 82 - Cebu City, South.xls",Sheet 6 (DO 86-2023)
1435,A. ABELLA ST.,,A. ABELLA ST.,,"RDO No. 82 - Cebu City, South.xls",Sheet 6 (DO 86-2023)
1436,A. LOPEZ ST,,A. LOPEZ ST,,"RDO No. 82 - Cebu City, South.xls",Sheet 6 (DO 86-2023)
1437,,,,,"RDO No. 82 - Cebu City, South.xls",Sheet 6 (DO 86-2023)
1438,,,,,"RDO No. 82 - Cebu City, South.xls",Sheet 6 (DO 86-2023)
1439,,,,,"RDO No. 82 - Cebu City, South.xls",Sheet 6 (DO 86-2023)
1440,ADJ. TO RIVARIDGE,,ADJ. TO RIVARIDGE,,"RDO No. 82 - Cebu City, South.xls",Sheet 6 (DO 86-2023)
1441,ADVENT HOMES ROAD,,ADVENT HOMES ROAD,,"RDO No. 82 - Cebu City, South.xls",Sheet 6 (DO 86-2023)
1442,ARCO ALLEY ST.,,ARCO ALLEY ST.,,"RDO No. 82 - Cebu City, South.xls",Sheet 6 (DO 86-2023)
1443,ATTY. GEONZON W. STREET,,ATTY. GEONZON W. STREET,,"RDO No. 82 - Cebu City, South.xls",Sheet 6 (DO 86-2023)
1444,CALLANTA COMPOUND ROAD,,CALLANTA COMPOUND ROAD,,"RDO No. 82 - Cebu City, South.xls",Sheet 6 (DO 86-2023)
1445,CAMIA,,CAMIA,,"RDO No. 82 - Cebu City, South.xls",Sheet 6 (DO 86-2023)
1446,CAMOMOT FRANCIA,,CAMOMOT FRANCIA,,"RDO No. 82 - Cebu City, South.xls",Sheet 6 (DO 86-2023)
1447,CORINTHIAN VALLEY,,CORINTHIAN VALLEY,,"RDO No. 82 - Cebu City, South.xls",Sheet 6 (DO 86-2023)
1448,COLOMBIA,,COLOMBIA,,"RDO No. 82 - Cebu City, South.xls",Sheet 6 (DO 86-2023)
1449,DACLAN PRIVATE ROAD,,DACLAN PRIVATE ROAD,,"RDO No. 82 - Cebu City, South.xls",Sheet 6 (DO 86-2023)
1450,"DR.ABELLA,PABLO U. STREET/HAPPY VALLEY ROAD",,"DR.ABELLA,PABLO U. STREET/HAPPY VALLEY ROAD",,"RDO No. 82 - Cebu City, South.xls",Sheet 6 (DO 86-2023)
1451,JABONERO ST.,,JABONERO ST.,,"RDO No. 82 - Cebu City, South.xls",Sheet 6 (DO 86-2023)
1452,KAPAKULAN,,KAPAKULAN,,"RDO No. 82 - Cebu City, South.xls",Sheet 6 (DO 86-2023)
1453,,,,,"RDO No. 82 - Cebu City, South.xls",Sheet 6 (DO 86-2023)
1454,KATIPUNAN ST,,KATIPUNAN ST,,"RDO No. 82 - Cebu City, South.xls",Sheet 6 (DO 86-2023)
1455,,,,,"RDO No. 82 - Cebu City, South.xls",Sheet 6 (DO 86-2023)
1456,L.P. BALAGA DRIVE,,L.P. BALAGA DRIVE,,"RDO No. 82 - Cebu City, South.xls",Sheet 6 (DO 86-2023)
1457,LA TRESAS STREET,,LA TRESAS STREET,,"RDO No. 82 - Cebu City, South.xls",Sheet 6 (DO 86-2023)
1458,LILYS,,LILYS,,"RDO No. 82 - Cebu City, South.xls",Sheet 6 (DO 86-2023)
1459,LOMBOY,,LOMBOY,,"RDO No. 82 - Cebu City, South.xls",Sheet 6 (DO 86-2023)
1460,M. LOPEZ DRIVE,,M. LOPEZ DRIVE,,"RDO No. 82 - Cebu City, South.xls",Sheet 6 (DO 86-2023)
1461,MA. PALOMA,,MA. PALOMA,,"RDO No. 82 - Cebu City, South.xls",Sheet 6 (DO 86-2023)
1462,MANGGA,,MANGGA,,"RDO No. 82 - Cebu City, South.xls",Sheet 6 (DO 86-2023)
1463,NATALIO BACALSO AVE,,NATALIO BACALSO AVE,,"RDO No. 82 - Cebu City, South.xls",Sheet 6 (DO 86-2023)
1464,NANGKA,,NANGKA,,"RDO No. 82 - Cebu City, South.xls",Sheet 6 (DO 86-2023)
1465,NAVAJA COMPOUND ROAD,,NAVAJA COMPOUND ROAD,,"RDO No. 82 - Cebu City, South.xls",Sheet 6 (DO 86-2023)
1466,OSMEÑA DRIVE,,OSMEÑA DRIVE,,"RDO No. 82 - Cebu City, South.xls",Sheet 6 (DO 86-2023)
1467,PART OF HAPPY VALLEY SUBD,,PART OF HAPPY VALLEY SUBD,,"RDO No. 82 - Cebu City, South.xls",Sheet 6 (DO 86-2023)
1468,PASEO DE SAN RAMON ROAD,,PASEO DE SAN RAMON ROAD,,"RDO No. 82 - Cebu City, South.xls",Sheet 6 (DO 86-2023)
1469,R. ARCENAS RD. / DR. PABLO U. ABELLA ST.,,R. ARCENAS RD. / DR. PABLO U. ABELLA ST.,,"RDO No. 82 - Cebu City, South.xls",Sheet 6 (DO 86-2023)
1470,R. DUTERTE STREET,,R. DUTERTE STREET,,"RDO No. 82 - Cebu City, South.xls",Sheet 6 (DO 86-2023)
1471,SALVADOR ST,,SALVADOR ST,,"RDO No. 82 - Cebu City, South.xls",Sheet 6 (DO 86-2023)
1472,,,,,"RDO No. 82 - Cebu City, South.xls",Sheet 6 (DO 86-2023)
1473,SALVADOR ST,,SALVADOR ST,,"RDO No. 82 - Cebu City, South.xls",Sheet 6 (DO 86-2023)
1474,SANTOL,,SANTOL,,"RDO No. 82 - Cebu City, South.xls",Sheet 6 (DO 86-2023)
1475,SITIO BONBONAN,,SITIO BONBONAN,,"RDO No. 82 - Cebu City, South.xls",Sheet 6 (DO 86-2023)
1476,Province                         : CEBU,,Province                         : CEBU,,"RDO No. 82 - Cebu City, South.xls",Sheet 6 (DO 86-2023)
1477,City/Municipality        : CEBU CITY SOUTH,,City/Municipality        : CEBU CITY SOUTH,,"RDO No. 82 - Cebu City, South.xls",Sheet 6 (DO 86-2023)
1478,Zone/Barangay             : LABANGON,,Zone/Barangay             : LABANGON,,"RDO No. 82 - Cebu City, South.xls",Sheet 6 (DO 86-2023)
1479,STREET NAME/ SUBDIVISION/ CONDOMINIUM,,STREET NAME/ SUBDIVISION/ CONDOMINIUM,,"RDO No. 82 - Cebu City, South.xls",Sheet 6 (DO 86-2023)
1480,,,,,"RDO No. 82 - Cebu City, South.xls",Sheet 6 (DO 86-2023)
1481,SITIO BUGNAY,,SITIO BUGNAY,,"RDO No. 82 - Cebu City, South.xls",Sheet 6 (DO 86-2023)
1482,SITIO STA. ANA,,SITIO STA. ANA,,"RDO No. 82 - Cebu City, South.xls",Sheet 6 (DO 86-2023)
1483,ST. BINCENT DRIVE,,ST. BINCENT DRIVE,,"RDO No. 82 - Cebu City, South.xls",Sheet 6 (DO 86-2023)
1484,SUN VALLEY DRIVE,,SUN VALLEY DRIVE,,"RDO No. 82 - Cebu City, South.xls",Sheet 6 (DO 86-2023)
1485,TRES DE ABRIL,,TRES DE ABRIL,,"RDO No. 82 - Cebu City, South.xls",Sheet 6 (DO 86-2023)
1486,,,,,"RDO No. 82 - Cebu City, South.xls",Sheet 6 (DO 86-2023)
1487,TRES DE ABRIL,,TRES DE ABRIL,,"RDO No. 82 - Cebu City, South.xls",Sheet 6 (DO 86-2023)
1488,,,,,"RDO No. 82 - Cebu City, South.xls",Sheet 6 (DO 86-2023)
1489,VILLA FLORENA ROAD,,VILLA FLORENA ROAD,,"RDO No. 82 - Cebu City, South.xls",Sheet 6 (DO 86-2023)
1490,WOOLBRIGHT DRIVE,,WOOLBRIGHT DRIVE,,"RDO No. 82 - Cebu City, South.xls",Sheet 6 (DO 86-2023)
1491,ZUBIRI STREET,,ZUBIRI STREET,,"RDO No. 82 - Cebu City, South.xls",Sheet 6 (DO 86-2023)
1492,ALL OTHER STREETS,,ALL OTHER STREETS,,"RDO No. 82 - Cebu City, South.xls",Sheet 6 (DO 86-2023)
1493,,,,,"RDO No. 82 - Cebu City, South.xls",Sheet 6 (DO 86-2023)
1494,,,,,"RDO No. 82 - Cebu City, South.xls",Sheet 6 (DO 86-2023)
1495,,,,,"RDO No. 82 - Cebu City, South.xls",Sheet 6 (DO 86-2023)
1496,,,,,"RDO No. 82 - Cebu City, South.xls",Sheet 6 (DO 86-2023)
1497,SUBDIVISIONS,,SUBDIVISIONS,,"RDO No. 82 - Cebu City, South.xls",Sheet 6 (DO 86-2023)
1498,ACACIA PLACE Subd.,,ACACIA PLACE Subd.,,"RDO No. 82 - Cebu City, South.xls",Sheet 6 (DO 86-2023)
1499,BELLA VILLE Subd.,,BELLA VILLE Subd.,,"RDO No. 82 - Cebu City, South.xls",Sheet 6 (DO 86-2023)
1500,BENTLY ESTATE SUBD.,,BENTLY ESTATE SUBD.,,"RDO No. 82 - Cebu City, South.xls",Sheet 6 (DO 86-2023)
1501,BLISS HOUSING SUBD.,,BLISS HOUSING SUBD.,,"RDO No. 82 - Cebu City, South.xls",Sheet 6 (DO 86-2023)
1502,CASA ROSITA SUBD.,,CASA ROSITA SUBD.,,"RDO No. 82 - Cebu City, South.xls",Sheet 6 (DO 86-2023)
1503,FRANCISCA VILLAGE,,FRANCISCA VILLAGE,,"RDO No. 82 - Cebu City, South.xls",Sheet 6 (DO 86-2023)
1504,GREEN MEADOW SUBD.,,GREEN MEADOW SUBD.,,"RDO No. 82 - Cebu City, South.xls",Sheet 6 (DO 86-2023)
1505,HAPPY VALLEY SUBD.,,HAPPY VALLEY SUBD.,,"RDO No. 82 - Cebu City, South.xls",Sheet 6 (DO 86-2023)
1506,HORSESHOE DR SUBD,,HORSESHOE DR SUBD,,"RDO No. 82 - Cebu City, South.xls",Sheet 6 (DO 86-2023)
1507,LA PALOMA Subd.,,LA PALOMA Subd.,,"RDO No. 82 - Cebu City, South.xls",Sheet 6 (DO 86-2023)
1508,ODIVILLAS SUBDIVISION,,ODIVILLAS SUBDIVISION,,"RDO No. 82 - Cebu City, South.xls",Sheet 6 (DO 86-2023)
1509,PASEO SAN RAMON,,PASEO SAN RAMON,,"RDO No. 82 - Cebu City, South.xls",Sheet 6 (DO 86-2023)
1510,PERPETUAL VALLEY SUBDIVISION,,PERPETUAL VALLEY SUBDIVISION,,"RDO No. 82 - Cebu City, South.xls",Sheet 6 (DO 86-2023)
1511,PINEGROVE TOWNHOMES,,PINEGROVE TOWNHOMES,,"RDO No. 82 - Cebu City, South.xls",Sheet 6 (DO 86-2023)
1512,QUIJANO SUBD,,QUIJANO SUBD,,"RDO No. 82 - Cebu City, South.xls",Sheet 6 (DO 86-2023)
1513,ROCKY HILLS SUBD.,,ROCKY HILLS SUBD.,,"RDO No. 82 - Cebu City, South.xls",Sheet 6 (DO 86-2023)
1514,ROSALINA VILLAGE,,ROSALINA VILLAGE,,"RDO No. 82 - Cebu City, South.xls",Sheet 6 (DO 86-2023)
1515,SACRED HEART VILLAGE,,SACRED HEART VILLAGE,,"RDO No. 82 - Cebu City, South.xls",Sheet 6 (DO 86-2023)
1516,SHANGRILLA I & II SUBD.,,SHANGRILLA I & II SUBD.,,"RDO No. 82 - Cebu City, South.xls",Sheet 6 (DO 86-2023)
1517,STA. TERESITA VILLAGE,,STA. TERESITA VILLAGE,,"RDO No. 82 - Cebu City, South.xls",Sheet 6 (DO 86-2023)
1518,STO. ROSARIO SUBD.,,STO. ROSARIO SUBD.,,"RDO No. 82 - Cebu City, South.xls",Sheet 6 (DO 86-2023)
1519,THE COURTYARDS AT BROOKRIDGE,,THE COURTYARDS AT BROOKRIDGE,,"RDO No. 82 - Cebu City, South.xls",Sheet 6 (DO 86-2023)
1520,TYKA RESIDENCES SOUTH,,TYKA RESIDENCES SOUTH,,"RDO No. 82 - Cebu City, South.xls",Sheet 6 (DO 86-2023)
1521,VENUS HOMES SUBD.,,VENUS HOMES SUBD.,,"RDO No. 82 - Cebu City, South.xls",Sheet 6 (DO 86-2023)
1522,VERANO COMPOUND 2 ROAD(STA. ANA CMPD.),,VERANO COMPOUND 2 ROAD(STA. ANA CMPD.),,"RDO No. 82 - Cebu City, South.xls",Sheet 6 (DO 86-2023)
1523,Province                         : CEBU,,Province                         : CEBU,,"RDO No. 82 - Cebu City, South.xls",Sheet 6 (DO 86-2023)
1524,City/Municipality        : CEBU CITY SOUTH,,City/Municipality        : CEBU CITY SOUTH,,"RDO No. 82 - Cebu City, South.xls",Sheet 6 (DO 86-2023)
1525,Zone/Barangay             : LABANGON,,Zone/Barangay             : LABANGON,,"RDO No. 82 - Cebu City, South.xls",Sheet 6 (DO 86-2023)
1526,STREET NAME/ SUBDIVISION/ CONDOMINIUM,,STREET NAME/ SUBDIVISION/ CONDOMINIUM,,"RDO No. 82 - Cebu City, South.xls",Sheet 6 (DO 86-2023)
1527,,,,,"RDO No. 82 - Cebu City, South.xls",Sheet 6 (DO 86-2023)
1528,VILLA CRISTINA VILLAGE,,VILLA CRISTINA VILLAGE,,"RDO No. 82 - Cebu City, South.xls",Sheet 6 (DO 86-2023)
1529,VIRGILIO GONZALES SUBD.,,VIRGILIO GONZALES SUBD.,,"RDO No. 82 - Cebu City, South.xls",Sheet 6 (DO 86-2023)
1530,WEST CITY HOMES,,WEST CITY HOMES,,"RDO No. 82 - Cebu City, South.xls",Sheet 6 (DO 86-2023)
1531,WOODBERRY SUBD.,,WOODBERRY SUBD.,,"RDO No. 82 - Cebu City, South.xls",Sheet 6 (DO 86-2023)
1532,ALL OTHER SUBDIVISIONS -,,ALL OTHER SUBDIVISIONS -,,"RDO No. 82 - Cebu City, South.xls",Sheet 6 (DO 86-2023)
1533,(Formerly All Other Existing Subdivision),,(Formerly All Other Existing Subdivision),,"RDO No. 82 - Cebu City, South.xls",Sheet 6 (DO 86-2023)
1534,(Formerly New Subdivision),,(Formerly New Subdivision),,"RDO No. 82 - Cebu City, South.xls",Sheet 6 (DO 86-2023)
1535,NEW SUBDIVISION,,NEW SUBDIVISION,,"RDO No. 82 - Cebu City, South.xls",Sheet 6 (DO 86-2023)
1536,,,,,"RDO No. 82 - Cebu City, South.xls",Sheet 6 (DO 86-2023)
1537,CONDOMINIUMS,,CONDOMINIUMS,,"RDO No. 82 - Cebu City, South.xls",Sheet 6 (DO 86-2023)
1538,CASA MIRA TOWERS (TOWER 2) MEDIUM COST,,CASA MIRA TOWERS (TOWER 2) MEDIUM COST,2.0,"RDO No. 82 - Cebu City, South.xls",Sheet 6 (DO 86-2023)
1539,,,,,"RDO No. 82 - Cebu City, South.xls",Sheet 6 (DO 86-2023)
1540,,,,,"RDO No. 82 - Cebu City, South.xls",Sheet 6 (DO 86-2023)
1541,CASA MIRA TOWERS (TOWER 2) ECONOMIC,,CASA MIRA TOWERS (TOWER 2) ECONOMIC,2.0,"RDO No. 82 - Cebu City, South.xls",Sheet 6 (DO 86-2023)
1542,,,,,"RDO No. 82 - Cebu City, South.xls",Sheet 6 (DO 86-2023)
1543,,,,,"RDO No. 82 - Cebu City, South.xls",Sheet 6 (DO 86-2023)
1544,CONDOMINIUM - HIGH END,,CONDOMINIUM - HIGH END,,"RDO No. 82 - Cebu City, South.xls",Sheet 6 (DO 86-2023)
1545,,,,,"RDO No. 82 - Cebu City, South.xls",Sheet 6 (DO 86-2023)
1546,,,,,"RDO No. 82 - Cebu City, South.xls",Sheet 6 (DO 86-2023)
1547,ALL OTHER CONDOMINIUMS,,ALL OTHER CONDOMINIUMS,,"RDO No. 82 - Cebu City, South.xls",Sheet 6 (DO 86-2023)
1548,17 STOREYS & UP,,17 STOREYS & UP,17.0,"RDO No. 82 - Cebu City, South.xls",Sheet 6 (DO 86-2023)
1549,,,,,"RDO No. 82 - Cebu City, South.xls",Sheet 6 (DO 86-2023)
1550,,,,,"RDO No. 82 - Cebu City, South.xls",Sheet 6 (DO 86-2023)
1551,8 - 16 STOREYS,,8 - 16 STOREYS,,"RDO No. 82 - Cebu City, South.xls",Sheet 6 (DO 86-2023)
1552,,,,,"RDO No. 82 - Cebu City, South.xls",Sheet 6 (DO 86-2023)
1553,,,,,"RDO No. 82 - Cebu City, South.xls",Sheet 6 (DO 86-2023)
1554,1 - 7 STOREYS,,1 - 7 STOREYS,,"RDO No. 82 - Cebu City, South.xls",Sheet 6 (DO 86-2023)
1555,,,,,"RDO No. 82 - Cebu City, South.xls",Sheet 6 (DO 86-2023)
1556,,,,,"RDO No. 82 - Cebu City, South.xls",Sheet 6 (DO 86-2023)
1557,SOCIALIZED/LOW-COST,,SOCIALIZED/LOW-COST,,"RDO No. 82 - Cebu City, South.xls",Sheet 6 (DO 86-2023)
1558,,,,,"RDO No. 82 - Cebu City, South.xls",Sheet 6 (DO 86-2023)
1559,,,,,"RDO No. 82 - Cebu City, South.xls",Sheet 6 (DO 86-2023)
1560,*           NEW,,*           NEW,,"RDO No. 82 - Cebu City, South.xls",Sheet 6 (DO 86-2023)
1561,**        FOR DELETION - SIMPLIFIED CONDOMINIUM OR  STREET NAME / DUPLICATION OF STREET NAME,,**        FOR DELETION - SIMPLIFIED CONDOMINIUM OR  STREET NAME / DUPLICATION OF STREET NAME,,"RDO No. 82 - Cebu City, South.xls",Sheet 6 (DO 86-2023)
1562,***      CHANGED STREET NAME,,***      CHANGED STREET NAME,,"RDO No. 82 - Cebu City, South.xls",Sheet 6 (DO 86-2023)
1563,,,,,"RDO No. 82 - Cebu City, South.xls",Sheet 6 (DO 86-2023)
1564,,,,,"RDO No. 82 - Cebu City, South.xls",Sheet 6 (DO 86-2023)
1565,Province                         : CEBU,,Province                         : CEBU,,"RDO No. 82 - Cebu City, South.xls",Sheet 6 (DO 86-2023)
1566,City/Municipality        : CEBU CITY SOUTH,,City/Municipality        : CEBU CITY SOUTH,,"RDO No. 82 - Cebu City, South.xls",Sheet 6 (DO 86-2023)
1567,Zone/Barangay            : MAMBALING,,Zone/Barangay            : MAMBALING,,"RDO No. 82 - Cebu City, South.xls",Sheet 6 (DO 86-2023)
1568,STREET NAME/SUBDIVISION/CONDOMINIUM,,STREET NAME/SUBDIVISION/CONDOMINIUM,,"RDO No. 82 - Cebu City, South.xls",Sheet 6 (DO 86-2023)
1569,,,,,"RDO No. 82 - Cebu City, South.xls",Sheet 6 (DO 86-2023)
1570,ALIMOKON STREET,,ALIMOKON STREET,,"RDO No. 82 - Cebu City, South.xls",Sheet 6 (DO 86-2023)
1571,ALUMNUS STREET,,ALUMNUS STREET,,"RDO No. 82 - Cebu City, South.xls",Sheet 6 (DO 86-2023)
1572,AVOCADO ST A,,AVOCADO ST A,,"RDO No. 82 - Cebu City, South.xls",Sheet 6 (DO 86-2023)
1573,AVOCADO ST B.,,AVOCADO ST B.,,"RDO No. 82 - Cebu City, South.xls",Sheet 6 (DO 86-2023)
1574,C PADILLA ST,,C PADILLA ST,,"RDO No. 82 - Cebu City, South.xls",Sheet 6 (DO 86-2023)
1575,,,,,"RDO No. 82 - Cebu City, South.xls",Sheet 6 (DO 86-2023)
1576,CASHMERE ST,,CASHMERE ST,,"RDO No. 82 - Cebu City, South.xls",Sheet 6 (DO 86-2023)
1577,CCC PRIVATE RD,,CCC PRIVATE RD,,"RDO No. 82 - Cebu City, South.xls",Sheet 6 (DO 86-2023)
1578,COL TABADA ST.,,COL TABADA ST.,,"RDO No. 82 - Cebu City, South.xls",Sheet 6 (DO 86-2023)
1579,G. ELORDE ST. (GANSIANG ST),,G. ELORDE ST. (GANSIANG ST),,"RDO No. 82 - Cebu City, South.xls",Sheet 6 (DO 86-2023)
1580,,,,,"RDO No. 82 - Cebu City, South.xls",Sheet 6 (DO 86-2023)
1581,PACUBAS CMPD (GREEN DAUPHIN ST),,PACUBAS CMPD (GREEN DAUPHIN ST),,"RDO No. 82 - Cebu City, South.xls",Sheet 6 (DO 86-2023)
1582,IPIL-IPIL ROAD,,IPIL-IPIL ROAD,,"RDO No. 82 - Cebu City, South.xls",Sheet 6 (DO 86-2023)
1583,LAPULAPU ST,,LAPULAPU ST,,"RDO No. 82 - Cebu City, South.xls",Sheet 6 (DO 86-2023)
1584,LAPU-LAPU ST /COLVETA ST.,,LAPU-LAPU ST /COLVETA ST.,,"RDO No. 82 - Cebu City, South.xls",Sheet 6 (DO 86-2023)
1585,L GABUYA ST/TAGUNOL (RIZAL AVE. EXT),,L GABUYA ST/TAGUNOL (RIZAL AVE. EXT),,"RDO No. 82 - Cebu City, South.xls",Sheet 6 (DO 86-2023)
1586,LYNCH STREET,,LYNCH STREET,,"RDO No. 82 - Cebu City, South.xls",Sheet 6 (DO 86-2023)
1587,MARIA GOCHAN,,MARIA GOCHAN,,"RDO No. 82 - Cebu City, South.xls",Sheet 6 (DO 86-2023)
1588,N. BACALSO AVE..,,N. BACALSO AVE..,,"RDO No. 82 - Cebu City, South.xls",Sheet 6 (DO 86-2023)
1589,N. BACALSO AVE. EXT,,N. BACALSO AVE. EXT,,"RDO No. 82 - Cebu City, South.xls",Sheet 6 (DO 86-2023)
1590,RAJAH HUMABON ST,,RAJAH HUMABON ST,,"RDO No. 82 - Cebu City, South.xls",Sheet 6 (DO 86-2023)
1591,SAN BERNARDINO ST,,SAN BERNARDINO ST,,"RDO No. 82 - Cebu City, South.xls",Sheet 6 (DO 86-2023)
1592,SAN ROQUE EXT,,SAN ROQUE EXT,,"RDO No. 82 - Cebu City, South.xls",Sheet 6 (DO 86-2023)
1593,SAN ROQUE ST,,SAN ROQUE ST,,"RDO No. 82 - Cebu City, South.xls",Sheet 6 (DO 86-2023)
1594,,,,,"RDO No. 82 - Cebu City, South.xls",Sheet 6 (DO 86-2023)
1595,VESTIL ST.  (SRP ACCESS ROAD),,VESTIL ST.  (SRP ACCESS ROAD),,"RDO No. 82 - Cebu City, South.xls",Sheet 6 (DO 86-2023)
1596,S. D. TECSON ST (TECSON SEGUNDINO D. STREET),,S. D. TECSON ST (TECSON SEGUNDINO D. STREET),,"RDO No. 82 - Cebu City, South.xls",Sheet 6 (DO 86-2023)
1597,YBANEZ COMPOUND,,YBANEZ COMPOUND,,"RDO No. 82 - Cebu City, South.xls",Sheet 6 (DO 86-2023)
1598,YBAÑEZ PRIVATE ROAD TO C. PADILLA ST.,,YBAÑEZ PRIVATE ROAD TO C. PADILLA ST.,,"RDO No. 82 - Cebu City, South.xls",Sheet 6 (DO 86-2023)
1599,S.I.R. - AREA,,S.I.R. - AREA,,"RDO No. 82 - Cebu City, South.xls",Sheet 6 (DO 86-2023)
1600,ALL OTHER STREETS,,ALL OTHER STREETS,,"RDO No. 82 - Cebu City, South.xls",Sheet 6 (DO 86-2023)
1601,,,,,"RDO No. 82 - Cebu City, South.xls",Sheet 6 (DO 86-2023)
1602,,,,,"RDO No. 82 - Cebu City, South.xls",Sheet 6 (DO 86-2023)
1603,,,,,"RDO No. 82 - Cebu City, South.xls",Sheet 6 (DO 86-2023)
1604,SUBDIVISIONS,,SUBDIVISIONS,,"RDO No. 82 - Cebu City, South.xls",Sheet 6 (DO 86-2023)
1605,ALL OTHER SUBDIVISIONS,,ALL OTHER SUBDIVISIONS,,"RDO No. 82 - Cebu City, South.xls",Sheet 6 (DO 86-2023)
1606,(Formerly All Other Existing Subdivisions),,(Formerly All Other Existing Subdivisions),,"RDO No. 82 - Cebu City, South.xls",Sheet 6 (DO 86-2023)
1607,(Formerly New Subdivision),,(Formerly New Subdivision),,"RDO No. 82 - Cebu City, South.xls",Sheet 6 (DO 86-2023)
1608,NEW SUBDIVISION,,NEW SUBDIVISION,,"RDO No. 82 - Cebu City, South.xls",Sheet 6 (DO 86-2023)
1609,,,,,"RDO No. 82 - Cebu City, South.xls",Sheet 6 (DO 86-2023)
1610,CONDOMINIUMS,,CONDOMINIUMS,,"RDO No. 82 - Cebu City, South.xls",Sheet 6 (DO 86-2023)
1611,CONDOMINIUM - HIGH END,,CONDOMINIUM - HIGH END,,"RDO No. 82 - Cebu City, South.xls",Sheet 6 (DO 86-2023)
1612,,,,,"RDO No. 82 - Cebu City, South.xls",Sheet 6 (DO 86-2023)
1613,,,,,"RDO No. 82 - Cebu City, South.xls",Sheet 6 (DO 86-2023)
1614,Province                         : CEBU,,Province                         : CEBU,,"RDO No. 82 - Cebu City, South.xls",Sheet 6 (DO 86-2023)
1615,City/Municipality        : CEBU CITY SOUTH,,City/Municipality        : CEBU CITY SOUTH,,"RDO No. 82 - Cebu City, South.xls",Sheet 6 (DO 86-2023)
1616,Zone/Barangay            : MAMBALING,,Zone/Barangay            : MAMBALING,,"RDO No. 82 - Cebu City, South.xls",Sheet 6 (DO 86-2023)
1617,STREET NAME/SUBDIVISION/CONDOMINIUM,,STREET NAME/SUBDIVISION/CONDOMINIUM,,"RDO No. 82 - Cebu City, South.xls",Sheet 6 (DO 86-2023)
1618,,,,,"RDO No. 82 - Cebu City, South.xls",Sheet 6 (DO 86-2023)
1619,CONDOMINIUMS,,CONDOMINIUMS,,"RDO No. 82 - Cebu City, South.xls",Sheet 6 (DO 86-2023)
1620,17 STOREYS & UP,,17 STOREYS & UP,17.0,"RDO No. 82 - Cebu City, South.xls",Sheet 6 (DO 86-2023)
1621,,,,,"RDO No. 82 - Cebu City, South.xls",Sheet 6 (DO 86-2023)
1622,,,,,"RDO No. 82 - Cebu City, South.xls",Sheet 6 (DO 86-2023)
1623,8 - 16 STOREYS,,8 - 16 STOREYS,,"RDO No. 82 - Cebu City, South.xls",Sheet 6 (DO 86-2023)
1624,,,,,"RDO No. 82 - Cebu City, South.xls",Sheet 6 (DO 86-2023)
1625,,,,,"RDO No. 82 - Cebu City, South.xls",Sheet 6 (DO 86-2023)
1626,1 - 7 STOREYS,,1 - 7 STOREYS,,"RDO No. 82 - Cebu City, South.xls",Sheet 6 (DO 86-2023)
1627,,,,,"RDO No. 82 - Cebu City, South.xls",Sheet 6 (DO 86-2023)
1628,,,,,"RDO No. 82 - Cebu City, South.xls",Sheet 6 (DO 86-2023)
1629,SOCIALIZED / LOW-COST,,SOCIALIZED / LOW-COST,,"RDO No. 82 - Cebu City, South.xls",Sheet 6 (DO 86-2023)
1630,,,,,"RDO No. 82 - Cebu City, South.xls",Sheet 6 (DO 86-2023)
1631,,,,,"RDO No. 82 - Cebu City, South.xls",Sheet 6 (DO 86-2023)
1632,,,,,"RDO No. 82 - Cebu City, South.xls",Sheet 6 (DO 86-2023)
1633,*          NEW,,*          NEW,,"RDO No. 82 - Cebu City, South.xls",Sheet 6 (DO 86-2023)
1634,**        FOR DELETION - SIMPLIFIED CONDOMINIUM OR  STREET NAME / DUPLICATION OF STREET NAME,,**        FOR DELETION - SIMPLIFIED CONDOMINIUM OR  STREET NAME / DUPLICATION OF STREET NAME,,"RDO No. 82 - Cebu City, South.xls",Sheet 6 (DO 86-2023)
1635,***     CHANGED STREET NAME,,***     CHANGED STREET NAME,,"RDO No. 82 - Cebu City, South.xls",Sheet 6 (DO 86-2023)
1636,****   SPECIFIED VICINITY,,****   SPECIFIED VICINITY,,"RDO No. 82 - Cebu City, South.xls",Sheet 6 (DO 86-2023)
1637,***** DELETED VICINITY,,***** DELETED VICINITY,,"RDO No. 82 - Cebu City, South.xls",Sheet 6 (DO 86-2023)
1638,,,,,"RDO No. 82 - Cebu City, South.xls",Sheet 6 (DO 86-2023)
1639,,,,,"RDO No. 82 - Cebu City, South.xls",Sheet 6 (DO 86-2023)
1640,Province                         : CEBU,,Province                         : CEBU,,"RDO No. 82 - Cebu City, South.xls",Sheet 6 (DO 86-2023)
1641,City/Municipality         : CEBU CITY SOUTH,,City/Municipality         : CEBU CITY SOUTH,,"RDO No. 82 - Cebu City, South.xls",Sheet 6 (DO 86-2023)
1642,Zone/Barangay           : PAHINA CENTRAL,,Zone/Barangay           : PAHINA CENTRAL,,"RDO No. 82 - Cebu City, South.xls",Sheet 6 (DO 86-2023)
1643,STREET NAME/ SUBDIVISION/ CONDOMINIUM,,STREET NAME/ SUBDIVISION/ CONDOMINIUM,,"RDO No. 82 - Cebu City, South.xls",Sheet 6 (DO 86-2023)
1644,,,,,"RDO No. 82 - Cebu City, South.xls",Sheet 6 (DO 86-2023)
1645,B ARANAS,,B ARANAS,,"RDO No. 82 - Cebu City, South.xls",Sheet 6 (DO 86-2023)
1646,B ARANAS,,B ARANAS,,"RDO No. 82 - Cebu City, South.xls",Sheet 6 (DO 86-2023)
1647,B ARANAS,,B ARANAS,,"RDO No. 82 - Cebu City, South.xls",Sheet 6 (DO 86-2023)
1648,B ARANAS,,B ARANAS,,"RDO No. 82 - Cebu City, South.xls",Sheet 6 (DO 86-2023)
1649,BALAGTAS ST,,BALAGTAS ST,,"RDO No. 82 - Cebu City, South.xls",Sheet 6 (DO 86-2023)
1650,BORROMEO ST,,BORROMEO ST,,"RDO No. 82 - Cebu City, South.xls",Sheet 6 (DO 86-2023)
1651,C PADILLA ST,,C PADILLA ST,,"RDO No. 82 - Cebu City, South.xls",Sheet 6 (DO 86-2023)
1652,C PADILLA ST,,C PADILLA ST,,"RDO No. 82 - Cebu City, South.xls",Sheet 6 (DO 86-2023)
1653,CLIMACO STREET,,CLIMACO STREET,,"RDO No. 82 - Cebu City, South.xls",Sheet 6 (DO 86-2023)
1654,COLON ST,,COLON ST,,"RDO No. 82 - Cebu City, South.xls",Sheet 6 (DO 86-2023)
1655,DIMASALANG ST,,DIMASALANG ST,,"RDO No. 82 - Cebu City, South.xls",Sheet 6 (DO 86-2023)
1656,ESPELETA ST,,ESPELETA ST,,"RDO No. 82 - Cebu City, South.xls",Sheet 6 (DO 86-2023)
1657,GARFIELD ST,,GARFIELD ST,,"RDO No. 82 - Cebu City, South.xls",Sheet 6 (DO 86-2023)
1658,LAKANDULA ST,,LAKANDULA ST,,"RDO No. 82 - Cebu City, South.xls",Sheet 6 (DO 86-2023)
1659,LEON KILAT ST,,LEON KILAT ST,,"RDO No. 82 - Cebu City, South.xls",Sheet 6 (DO 86-2023)
1660,LEON KILAT ST,,LEON KILAT ST,,"RDO No. 82 - Cebu City, South.xls",Sheet 6 (DO 86-2023)
1661,MAGALLANES ST,,MAGALLANES ST,,"RDO No. 82 - Cebu City, South.xls",Sheet 6 (DO 86-2023)
1662,NATALIO BACALSO,,NATALIO BACALSO,,"RDO No. 82 - Cebu City, South.xls",Sheet 6 (DO 86-2023)
1663,NATALIO BACALSO,,NATALIO BACALSO,,"RDO No. 82 - Cebu City, South.xls",Sheet 6 (DO 86-2023)
1664,PANGANIBAN ST,,PANGANIBAN ST,,"RDO No. 82 - Cebu City, South.xls",Sheet 6 (DO 86-2023)
1665,SANCIANGKO ST,,SANCIANGKO ST,,"RDO No. 82 - Cebu City, South.xls",Sheet 6 (DO 86-2023)
1666,SANCIANGKO ST,,SANCIANGKO ST,,"RDO No. 82 - Cebu City, South.xls",Sheet 6 (DO 86-2023)
1667,TRES DE ABRIL ST,,TRES DE ABRIL ST,,"RDO No. 82 - Cebu City, South.xls",Sheet 6 (DO 86-2023)
1668,TUPAS ST,,TUPAS ST,,"RDO No. 82 - Cebu City, South.xls",Sheet 6 (DO 86-2023)
1669,ALL OTHER STREETS,,ALL OTHER STREETS,,"RDO No. 82 - Cebu City, South.xls",Sheet 6 (DO 86-2023)
1670,,,,,"RDO No. 82 - Cebu City, South.xls",Sheet 6 (DO 86-2023)
1671,,,,,"RDO No. 82 - Cebu City, South.xls",Sheet 6 (DO 86-2023)
1672,CONDOMINIUMS,,CONDOMINIUMS,,"RDO No. 82 - Cebu City, South.xls",Sheet 6 (DO 86-2023)
1673,CONDOMINIUM - HIGH END,,CONDOMINIUM - HIGH END,,"RDO No. 82 - Cebu City, South.xls",Sheet 6 (DO 86-2023)
1674,,,,,"RDO No. 82 - Cebu City, South.xls",Sheet 6 (DO 86-2023)
1675,,,,,"RDO No. 82 - Cebu City, South.xls",Sheet 6 (DO 86-2023)
1676,CONDOMINIUMS,,CONDOMINIUMS,,"RDO No. 82 - Cebu City, South.xls",Sheet 6 (DO 86-2023)
1677,17 STOREYS & UP,,17 STOREYS & UP,17.0,"RDO No. 82 - Cebu City, South.xls",Sheet 6 (DO 86-2023)
1678,,,,,"RDO No. 82 - Cebu City, South.xls",Sheet 6 (DO 86-2023)
1679,,,,,"RDO No. 82 - Cebu City, South.xls",Sheet 6 (DO 86-2023)
1680,8 - 16 STOREYS,,8 - 16 STOREYS,,"RDO No. 82 - Cebu City, South.xls",Sheet 6 (DO 86-2023)
1681,,,,,"RDO No. 82 - Cebu City, South.xls",Sheet 6 (DO 86-2023)
1682,,,,,"RDO No. 82 - Cebu City, South.xls",Sheet 6 (DO 86-2023)
1683,1 - 7 STOREYS,,1 - 7 STOREYS,,"RDO No. 82 - Cebu City, South.xls",Sheet 6 (DO 86-2023)
1684,,,,,"RDO No. 82 - Cebu City, South.xls",Sheet 6 (DO 86-2023)
1685,,,,,"RDO No. 82 - Cebu City, South.xls",Sheet 6 (DO 86-2023)
1686,SOCIALIZED / LOW-COST,,SOCIALIZED / LOW-COST,,"RDO No. 82 - Cebu City, South.xls",Sheet 6 (DO 86-2023)
1687,,,,,"RDO No. 82 - Cebu City, South.xls",Sheet 6 (DO 86-2023)
1688,,,,,"RDO No. 82 - Cebu City, South.xls",Sheet 6 (DO 86-2023)
1689,*         NEW,,*         NEW,,"RDO No. 82 - Cebu City, South.xls",Sheet 6 (DO 86-2023)
1690,**       FOR DELETION - SIMPLIFIED CONDOMINIUM OR  STREET NAME / DUPLICATION OF STREET NAME,,**       FOR DELETION - SIMPLIFIED CONDOMINIUM OR  STREET NAME / DUPLICATION OF STREET NAME,,"RDO No. 82 - Cebu City, South.xls",Sheet 6 (DO 86-2023)
1691,***     CHANGED STREET NAME,,***     CHANGED STREET NAME,,"RDO No. 82 - Cebu City, South.xls",Sheet 6 (DO 86-2023)
1692,****   SPECIFIED VICINITY,,****   SPECIFIED VICINITY,,"RDO No. 82 - Cebu City, South.xls",Sheet 6 (DO 86-2023)
1693,,,,,"RDO No. 82 - Cebu City, South.xls",Sheet 6 (DO 86-2023)
1694,Province                         : CEBU,,Province                         : CEBU,,"RDO No. 82 - Cebu City, South.xls",Sheet 6 (DO 86-2023)
1695,City/Municipality           : CEBU CITY SOUTH,,City/Municipality           : CEBU CITY SOUTH,,"RDO No. 82 - Cebu City, South.xls",Sheet 6 (DO 86-2023)
1696,Zone/Barangay               : PAHINA SAN NICOLAS,,Zone/Barangay               : PAHINA SAN NICOLAS,,"RDO No. 82 - Cebu City, South.xls",Sheet 6 (DO 86-2023)
1697,STREET NAME/SUBDIVISION/CONDOMINIUM,,STREET NAME/SUBDIVISION/CONDOMINIUM,,"RDO No. 82 - Cebu City, South.xls",Sheet 6 (DO 86-2023)
1698,,,,,"RDO No. 82 - Cebu City, South.xls",Sheet 6 (DO 86-2023)
1699,B ARANAS ST.,,B ARANAS ST.,,"RDO No. 82 - Cebu City, South.xls",Sheet 6 (DO 86-2023)
1700,C PADILLA ST.,,C PADILLA ST.,,"RDO No. 82 - Cebu City, South.xls",Sheet 6 (DO 86-2023)
1701,ESPELITA ST,,ESPELITA ST,,"RDO No. 82 - Cebu City, South.xls",Sheet 6 (DO 86-2023)
1702,,,,,"RDO No. 82 - Cebu City, South.xls",Sheet 6 (DO 86-2023)
1703,"FLORES, L. STREET",,"FLORES, L. STREET",,"RDO No. 82 - Cebu City, South.xls",Sheet 6 (DO 86-2023)
1704,GARFIELD ST,,GARFIELD ST,,"RDO No. 82 - Cebu City, South.xls",Sheet 6 (DO 86-2023)
1705,,,,,"RDO No. 82 - Cebu City, South.xls",Sheet 6 (DO 86-2023)
1706,LAKANDULA ST,,LAKANDULA ST,,"RDO No. 82 - Cebu City, South.xls",Sheet 6 (DO 86-2023)
1707,,,,,"RDO No. 82 - Cebu City, South.xls",Sheet 6 (DO 86-2023)
1708,TRES DE ABRIL ST,,TRES DE ABRIL ST,,"RDO No. 82 - Cebu City, South.xls",Sheet 6 (DO 86-2023)
1709,,,,,"RDO No. 82 - Cebu City, South.xls",Sheet 6 (DO 86-2023)
1710,TUPAS ST,,TUPAS ST,,"RDO No. 82 - Cebu City, South.xls",Sheet 6 (DO 86-2023)
1711,,,,,"RDO No. 82 - Cebu City, South.xls",Sheet 6 (DO 86-2023)
1712,ALL OTHER STREETS,,ALL OTHER STREETS,,"RDO No. 82 - Cebu City, South.xls",Sheet 6 (DO 86-2023)
1713,,,,,"RDO No. 82 - Cebu City, South.xls",Sheet 6 (DO 86-2023)
1714,,,,,"RDO No. 82 - Cebu City, South.xls",Sheet 6 (DO 86-2023)
1715,,,,,"RDO No. 82 - Cebu City, South.xls",Sheet 6 (DO 86-2023)
1716,CONDOMINIUMS,,CONDOMINIUMS,,"RDO No. 82 - Cebu City, South.xls",Sheet 6 (DO 86-2023)
1717,CONDOMINIUM - HIGH END,,CONDOMINIUM - HIGH END,,"RDO No. 82 - Cebu City, South.xls",Sheet 6 (DO 86-2023)
1718,,,,,"RDO No. 82 - Cebu City, South.xls",Sheet 6 (DO 86-2023)
1719,,,,,"RDO No. 82 - Cebu City, South.xls",Sheet 6 (DO 86-2023)
1720,CONDOMINIUMS,,CONDOMINIUMS,,"RDO No. 82 - Cebu City, South.xls",Sheet 6 (DO 86-2023)
1721,17 STOREYS & UP,,17 STOREYS & UP,17.0,"RDO No. 82 - Cebu City, South.xls",Sheet 6 (DO 86-2023)
1722,,,,,"RDO No. 82 - Cebu City, South.xls",Sheet 6 (DO 86-2023)
1723,,,,,"RDO No. 82 - Cebu City, South.xls",Sheet 6 (DO 86-2023)
1724,8 - 16 STOREYS,,8 - 16 STOREYS,,"RDO No. 82 - Cebu City, South.xls",Sheet 6 (DO 86-2023)
1725,,,,,"RDO No. 82 - Cebu City, South.xls",Sheet 6 (DO 86-2023)
1726,,,,,"RDO No. 82 - Cebu City, South.xls",Sheet 6 (DO 86-2023)
1727,1 - 7 STOREYS,,1 - 7 STOREYS,,"RDO No. 82 - Cebu City, South.xls",Sheet 6 (DO 86-2023)
1728,,,,,"RDO No. 82 - Cebu City, South.xls",Sheet 6 (DO 86-2023)
1729,,,,,"RDO No. 82 - Cebu City, South.xls",Sheet 6 (DO 86-2023)
1730,SOCIALIZED / LOW-COST,,SOCIALIZED / LOW-COST,,"RDO No. 82 - Cebu City, South.xls",Sheet 6 (DO 86-2023)
1731,,,,,"RDO No. 82 - Cebu City, South.xls",Sheet 6 (DO 86-2023)
1732,,,,,"RDO No. 82 - Cebu City, South.xls",Sheet 6 (DO 86-2023)
1733,*          NEW,,*          NEW,,"RDO No. 82 - Cebu City, South.xls",Sheet 6 (DO 86-2023)
1734,**        FOR DELETION - SIMPLIFIED CONDOMINIUM OR  STREET NAME / DUPLICATION OF STREET NAME,,**        FOR DELETION - SIMPLIFIED CONDOMINIUM OR  STREET NAME / DUPLICATION OF STREET NAME,,"RDO No. 82 - Cebu City, South.xls",Sheet 6 (DO 86-2023)
1735,,,,,"RDO No. 82 - Cebu City, South.xls",Sheet 6 (DO 86-2023)
1736,,,,,"RDO No. 82 - Cebu City, South.xls",Sheet 6 (DO 86-2023)
1737,Province                         : CEBU,,Province                         : CEBU,,"RDO No. 82 - Cebu City, South.xls",Sheet 6 (DO 86-2023)
1738,,,,,"RDO No. 82 - Cebu City, South.xls",Sheet 6 (DO 86-2023)
1739,City/Municipality          : CEBU CITY SOUTH,,City/Municipality          : CEBU CITY SOUTH,,"RDO No. 82 - Cebu City, South.xls",Sheet 6 (DO 86-2023)
1740,,,,,"RDO No. 82 - Cebu City, South.xls",Sheet 6 (DO 86-2023)
1741,Zone/Barangay              : PAMUTAN,,Zone/Barangay              : PAMUTAN,,"RDO No. 82 - Cebu City, South.xls",Sheet 6 (DO 86-2023)
1742,,,,,"RDO No. 82 - Cebu City, South.xls",Sheet 6 (DO 86-2023)
1743,STREET NAME/SUBDIVISION/CONDOMINIUM,,STREET NAME/SUBDIVISION/CONDOMINIUM,,"RDO No. 82 - Cebu City, South.xls",Sheet 6 (DO 86-2023)
1744,,,,,"RDO No. 82 - Cebu City, South.xls",Sheet 6 (DO 86-2023)
1745,PAMUTAN ROAD,,PAMUTAN ROAD,,"RDO No. 82 - Cebu City, South.xls",Sheet 6 (DO 86-2023)
1746,RURAL BARANGAY,,RURAL BARANGAY,,"RDO No. 82 - Cebu City, South.xls",Sheet 6 (DO 86-2023)
1747,,,,,"RDO No. 82 - Cebu City, South.xls",Sheet 6 (DO 86-2023)
1748,ALL AREAS ALONG THE ROAD,,ALL AREAS ALONG THE ROAD,,"RDO No. 82 - Cebu City, South.xls",Sheet 6 (DO 86-2023)
1749,(Formerly Suburban Areas With Road),,(Formerly Suburban Areas With Road),,"RDO No. 82 - Cebu City, South.xls",Sheet 6 (DO 86-2023)
1750,,,,,"RDO No. 82 - Cebu City, South.xls",Sheet 6 (DO 86-2023)
1751,ALL INTERIOR AREAS,,ALL INTERIOR AREAS,,"RDO No. 82 - Cebu City, South.xls",Sheet 6 (DO 86-2023)
1752,(Formerly Suburban Areas Without Road),,(Formerly Suburban Areas Without Road),,"RDO No. 82 - Cebu City, South.xls",Sheet 6 (DO 86-2023)
1753,,,,,"RDO No. 82 - Cebu City, South.xls",Sheet 6 (DO 86-2023)
1754,SUBDIVISIONS,,SUBDIVISIONS,,"RDO No. 82 - Cebu City, South.xls",Sheet 6 (DO 86-2023)
1755,ALL SUBDIVISIONS -,,ALL SUBDIVISIONS -,,"RDO No. 82 - Cebu City, South.xls",Sheet 6 (DO 86-2023)
1756,(Formerly All New Subdivision),,(Formerly All New Subdivision),,"RDO No. 82 - Cebu City, South.xls",Sheet 6 (DO 86-2023)
1757,,,,,"RDO No. 82 - Cebu City, South.xls",Sheet 6 (DO 86-2023)
1758,CONDOMINIUMS,,CONDOMINIUMS,,"RDO No. 82 - Cebu City, South.xls",Sheet 6 (DO 86-2023)
1759,17 STOREYS & UP,,17 STOREYS & UP,17.0,"RDO No. 82 - Cebu City, South.xls",Sheet 6 (DO 86-2023)
1760,,,,,"RDO No. 82 - Cebu City, South.xls",Sheet 6 (DO 86-2023)
1761,,,,,"RDO No. 82 - Cebu City, South.xls",Sheet 6 (DO 86-2023)
1762,8 - 16 STOREYS,,8 - 16 STOREYS,,"RDO No. 82 - Cebu City, South.xls",Sheet 6 (DO 86-2023)
1763,,,,,"RDO No. 82 - Cebu City, South.xls",Sheet 6 (DO 86-2023)
1764,,,,,"RDO No. 82 - Cebu City, South.xls",Sheet 6 (DO 86-2023)
1765,1 - 7 STOREYS,,1 - 7 STOREYS,,"RDO No. 82 - Cebu City, South.xls",Sheet 6 (DO 86-2023)
1766,,,,,"RDO No. 82 - Cebu City, South.xls",Sheet 6 (DO 86-2023)
1767,,,,,"RDO No. 82 - Cebu City, South.xls",Sheet 6 (DO 86-2023)
1768,SOCIALIZED/LOW-COST,,SOCIALIZED/LOW-COST,,"RDO No. 82 - Cebu City, South.xls",Sheet 6 (DO 86-2023)
1769,,,,,"RDO No. 82 - Cebu City, South.xls",Sheet 6 (DO 86-2023)
1770,,,,,"RDO No. 82 - Cebu City, South.xls",Sheet 6 (DO 86-2023)
1771,,,,,"RDO No. 82 - Cebu City, South.xls",Sheet 6 (DO 86-2023)
1772,*         NEW,,*         NEW,,"RDO No. 82 - Cebu City, South.xls",Sheet 6 (DO 86-2023)
1773,**       FOR DELETION - SIMPLIFIED CONDOMINIUM OR  STREET NAME / DUPLICATION OF STREET NAME,,**       FOR DELETION - SIMPLIFIED CONDOMINIUM OR  STREET NAME / DUPLICATION OF STREET NAME,,"RDO No. 82 - Cebu City, South.xls",Sheet 6 (DO 86-2023)
1774,***     CHANGED NAME,,***     CHANGED NAME,,"RDO No. 82 - Cebu City, South.xls",Sheet 6 (DO 86-2023)
1775,,,,,"RDO No. 82 - Cebu City, South.xls",Sheet 6 (DO 86-2023)
1776,,,,,"RDO No. 82 - Cebu City, South.xls",Sheet 6 (DO 86-2023)
1777,Province                         : CEBU,,Province                         : CEBU,,"RDO No. 82 - Cebu City, South.xls",Sheet 6 (DO 86-2023)
1778,City/Municipality          : CEBU CITY SOUTH,,City/Municipality          : CEBU CITY SOUTH,,"RDO No. 82 - Cebu City, South.xls",Sheet 6 (DO 86-2023)
1779,Zone/Barangay              : PASIL ABUNO,,Zone/Barangay              : PASIL ABUNO,,"RDO No. 82 - Cebu City, South.xls",Sheet 6 (DO 86-2023)
1780,STREET NAME/ SUBDIVISION/ CONDOMINIUM,,STREET NAME/ SUBDIVISION/ CONDOMINIUM,,"RDO No. 82 - Cebu City, South.xls",Sheet 6 (DO 86-2023)
1781,,,,,"RDO No. 82 - Cebu City, South.xls",Sheet 6 (DO 86-2023)
1782,A. BORRES ST. (GARFIELD ST.),,A. BORRES ST. (GARFIELD ST.),,"RDO No. 82 - Cebu City, South.xls",Sheet 6 (DO 86-2023)
1783,ACCESS ROAD 1,,ACCESS ROAD 1,1.0,"RDO No. 82 - Cebu City, South.xls",Sheet 6 (DO 86-2023)
1784,ACCESS ROAD 7A,,ACCESS ROAD 7A,7.0,"RDO No. 82 - Cebu City, South.xls",Sheet 6 (DO 86-2023)
1785,ACCESS ROAD 7B,,ACCESS ROAD 7B,7.0,"RDO No. 82 - Cebu City, South.xls",Sheet 6 (DO 86-2023)
1786,F. RALLOS ST,,F. RALLOS ST,,"RDO No. 82 - Cebu City, South.xls",Sheet 6 (DO 86-2023)
1787,,,,,"RDO No. 82 - Cebu City, South.xls",Sheet 6 (DO 86-2023)
1788,GARFIELD ST ( A. BORRES ST.),,GARFIELD ST ( A. BORRES ST.),,"RDO No. 82 - Cebu City, South.xls",Sheet 6 (DO 86-2023)
1789,,,,,"RDO No. 82 - Cebu City, South.xls",Sheet 6 (DO 86-2023)
1790,L. FLORES ST,,L. FLORES ST,,"RDO No. 82 - Cebu City, South.xls",Sheet 6 (DO 86-2023)
1791,,,,,"RDO No. 82 - Cebu City, South.xls",Sheet 6 (DO 86-2023)
1792,M. DELA CONCEPCION ST.,,M. DELA CONCEPCION ST.,,"RDO No. 82 - Cebu City, South.xls",Sheet 6 (DO 86-2023)
1793,,,,,"RDO No. 82 - Cebu City, South.xls",Sheet 6 (DO 86-2023)
1794,R. MAGSAYSAY ST,,R. MAGSAYSAY ST,,"RDO No. 82 - Cebu City, South.xls",Sheet 6 (DO 86-2023)
1795,,,,,"RDO No. 82 - Cebu City, South.xls",Sheet 6 (DO 86-2023)
1796,SAN ANTONIO ST,,SAN ANTONIO ST,,"RDO No. 82 - Cebu City, South.xls",Sheet 6 (DO 86-2023)
1797,STO. NINO EXT,,STO. NINO EXT,,"RDO No. 82 - Cebu City, South.xls",Sheet 6 (DO 86-2023)
1798,,,,,"RDO No. 82 - Cebu City, South.xls",Sheet 6 (DO 86-2023)
1799,T CAVAN ST,,T CAVAN ST,,"RDO No. 82 - Cebu City, South.xls",Sheet 6 (DO 86-2023)
1800,,,,,"RDO No. 82 - Cebu City, South.xls",Sheet 6 (DO 86-2023)
1801,TUPAS ST,,TUPAS ST,,"RDO No. 82 - Cebu City, South.xls",Sheet 6 (DO 86-2023)
1802,,,,,"RDO No. 82 - Cebu City, South.xls",Sheet 6 (DO 86-2023)
1803,ALL OTHER STREETS,,ALL OTHER STREETS,,"RDO No. 82 - Cebu City, South.xls",Sheet 6 (DO 86-2023)
1804,,,,,"RDO No. 82 - Cebu City, South.xls",Sheet 6 (DO 86-2023)
1805,,,,,"RDO No. 82 - Cebu City, South.xls",Sheet 6 (DO 86-2023)
1806,,,,,"RDO No. 82 - Cebu City, South.xls",Sheet 6 (DO 86-2023)
1807,CONDOMINIUMS,,CONDOMINIUMS,,"RDO No. 82 - Cebu City, South.xls",Sheet 6 (DO 86-2023)
1808,CONDOMINIUM - HIGH END,,CONDOMINIUM - HIGH END,,"RDO No. 82 - Cebu City, South.xls",Sheet 6 (DO 86-2023)
1809,,,,,"RDO No. 82 - Cebu City, South.xls",Sheet 6 (DO 86-2023)
1810,,,,,"RDO No. 82 - Cebu City, South.xls",Sheet 6 (DO 86-2023)
1811,CONDOMINIUMS,,CONDOMINIUMS,,"RDO No. 82 - Cebu City, South.xls",Sheet 6 (DO 86-2023)
1812,17 STOREYS & UP,,17 STOREYS & UP,17.0,"RDO No. 82 - Cebu City, South.xls",Sheet 6 (DO 86-2023)
1813,,,,,"RDO No. 82 - Cebu City, South.xls",Sheet 6 (DO 86-2023)
1814,,,,,"RDO No. 82 - Cebu City, South.xls",Sheet 6 (DO 86-2023)
1815,8 - 16 STOREYS,,8 - 16 STOREYS,,"RDO No. 82 - Cebu City, South.xls",Sheet 6 (DO 86-2023)
1816,,,,,"RDO No. 82 - Cebu City, South.xls",Sheet 6 (DO 86-2023)
1817,,,,,"RDO No. 82 - Cebu City, South.xls",Sheet 6 (DO 86-2023)
1818,1 - 7 STOREYS,,1 - 7 STOREYS,,"RDO No. 82 - Cebu City, South.xls",Sheet 6 (DO 86-2023)
1819,,,,,"RDO No. 82 - Cebu City, South.xls",Sheet 6 (DO 86-2023)
1820,,,,,"RDO No. 82 - Cebu City, South.xls",Sheet 6 (DO 86-2023)
1821,SOCIALIZED / LOW-COST,,SOCIALIZED / LOW-COST,,"RDO No. 82 - Cebu City, South.xls",Sheet 6 (DO 86-2023)
1822,,,,,"RDO No. 82 - Cebu City, South.xls",Sheet 6 (DO 86-2023)
1823,,,,,"RDO No. 82 - Cebu City, South.xls",Sheet 6 (DO 86-2023)
1824,*          NEW,,*          NEW,,"RDO No. 82 - Cebu City, South.xls",Sheet 6 (DO 86-2023)
1825,**        FOR DELETION - SIMPLIFIED CONDOMINIUM OR  STREET NAME / DUPLICATION OF STREET NAME,,**        FOR DELETION - SIMPLIFIED CONDOMINIUM OR  STREET NAME / DUPLICATION OF STREET NAME,,"RDO No. 82 - Cebu City, South.xls",Sheet 6 (DO 86-2023)
1826,***      CHANGED STREET NAME,,***      CHANGED STREET NAME,,"RDO No. 82 - Cebu City, South.xls",Sheet 6 (DO 86-2023)
1827,****    SPECIFIED VICINITY,,****    SPECIFIED VICINITY,,"RDO No. 82 - Cebu City, South.xls",Sheet 6 (DO 86-2023)
1828,*****   DELETED VICINITY,,*****   DELETED VICINITY,,"RDO No. 82 - Cebu City, South.xls",Sheet 6 (DO 86-2023)
1829,****** CAN BE SEEN IN GARFIELD ST.,,****** CAN BE SEEN IN GARFIELD ST.,,"RDO No. 82 - Cebu City, South.xls",Sheet 6 (DO 86-2023)
1830,,,,,"RDO No. 82 - Cebu City, South.xls",Sheet 6 (DO 86-2023)
1831,Province                         : CEBU,,Province                         : CEBU,,"RDO No. 82 - Cebu City, South.xls",Sheet 6 (DO 86-2023)
1832,City/Municipality       : CEBU CITY SOUTH,,City/Municipality       : CEBU CITY SOUTH,,"RDO No. 82 - Cebu City, South.xls",Sheet 6 (DO 86-2023)
1833,Zone/Barangay           : POBLACION PARDO,,Zone/Barangay           : POBLACION PARDO,,"RDO No. 82 - Cebu City, South.xls",Sheet 6 (DO 86-2023)
1834,STREET NAME/SUBDIVISION/CONDOMINIUM,,STREET NAME/SUBDIVISION/CONDOMINIUM,,"RDO No. 82 - Cebu City, South.xls",Sheet 6 (DO 86-2023)
1835,,,,,"RDO No. 82 - Cebu City, South.xls",Sheet 6 (DO 86-2023)
1836,A. GABUYA ST,,A. GABUYA ST,,"RDO No. 82 - Cebu City, South.xls",Sheet 6 (DO 86-2023)
1837,,,,,"RDO No. 82 - Cebu City, South.xls",Sheet 6 (DO 86-2023)
1838,ABELLANOSA ST,,ABELLANOSA ST,,"RDO No. 82 - Cebu City, South.xls",Sheet 6 (DO 86-2023)
1839,,,,,"RDO No. 82 - Cebu City, South.xls",Sheet 6 (DO 86-2023)
1840,DACALOS ST,,DACALOS ST,,"RDO No. 82 - Cebu City, South.xls",Sheet 6 (DO 86-2023)
1841,,,,,"RDO No. 82 - Cebu City, South.xls",Sheet 6 (DO 86-2023)
1842,F. JACA ST,,F. JACA ST,,"RDO No. 82 - Cebu City, South.xls",Sheet 6 (DO 86-2023)
1843,,,,,"RDO No. 82 - Cebu City, South.xls",Sheet 6 (DO 86-2023)
1844,E SABELLANO ST,,E SABELLANO ST,,"RDO No. 82 - Cebu City, South.xls",Sheet 6 (DO 86-2023)
1845,I. TABURA ST.,,I. TABURA ST.,,"RDO No. 82 - Cebu City, South.xls",Sheet 6 (DO 86-2023)
1846,J. TABURA ST.,,J. TABURA ST.,,"RDO No. 82 - Cebu City, South.xls",Sheet 6 (DO 86-2023)
1847,KALUBIHAN,,KALUBIHAN,,"RDO No. 82 - Cebu City, South.xls",Sheet 6 (DO 86-2023)
1848,LA FAMILIA,,LA FAMILIA,,"RDO No. 82 - Cebu City, South.xls",Sheet 6 (DO 86-2023)
1849,LAS VILLAS,,LAS VILLAS,,"RDO No. 82 - Cebu City, South.xls",Sheet 6 (DO 86-2023)
1850,N. BACALSO AVE.,,N. BACALSO AVE.,,"RDO No. 82 - Cebu City, South.xls",Sheet 6 (DO 86-2023)
1851,PARDO CEMETERY ROAD,,PARDO CEMETERY ROAD,,"RDO No. 82 - Cebu City, South.xls",Sheet 6 (DO 86-2023)
1852,ROAD TO SUNRISE VILL,,ROAD TO SUNRISE VILL,,"RDO No. 82 - Cebu City, South.xls",Sheet 6 (DO 86-2023)
1853,,,,,"RDO No. 82 - Cebu City, South.xls",Sheet 6 (DO 86-2023)
1854,ROAD TO ALTA VISTA,,ROAD TO ALTA VISTA,,"RDO No. 82 - Cebu City, South.xls",Sheet 6 (DO 86-2023)
1855,ROAD TO SRP,,ROAD TO SRP,,"RDO No. 82 - Cebu City, South.xls",Sheet 6 (DO 86-2023)
1856,ALL OTHER STREETS,,ALL OTHER STREETS,,"RDO No. 82 - Cebu City, South.xls",Sheet 6 (DO 86-2023)
1857,,,,,"RDO No. 82 - Cebu City, South.xls",Sheet 6 (DO 86-2023)
1858,,,,,"RDO No. 82 - Cebu City, South.xls",Sheet 6 (DO 86-2023)
1859,SUBDIVISIONS,,SUBDIVISIONS,,"RDO No. 82 - Cebu City, South.xls",Sheet 6 (DO 86-2023)
1860,HONEY HOMES SUBDIVISION,,HONEY HOMES SUBDIVISION,,"RDO No. 82 - Cebu City, South.xls",Sheet 6 (DO 86-2023)
1861,JASHVILLE SUBDIVISION,,JASHVILLE SUBDIVISION,,"RDO No. 82 - Cebu City, South.xls",Sheet 6 (DO 86-2023)
1862,RAINBOW VILLAGE,,RAINBOW VILLAGE,,"RDO No. 82 - Cebu City, South.xls",Sheet 6 (DO 86-2023)
1863,ROCKVILLE 1 SUBDIVISION,,ROCKVILLE 1 SUBDIVISION,1.0,"RDO No. 82 - Cebu City, South.xls",Sheet 6 (DO 86-2023)
1864,ROCKVILLE 2 SUBDIVISION,,ROCKVILLE 2 SUBDIVISION,2.0,"RDO No. 82 - Cebu City, South.xls",Sheet 6 (DO 86-2023)
1865,SPLENDOR HILLS. SUBD.,,SPLENDOR HILLS. SUBD.,,"RDO No. 82 - Cebu City, South.xls",Sheet 6 (DO 86-2023)
1866,STA. LUCIA SUBDIVISION (VILLAGE),,STA. LUCIA SUBDIVISION (VILLAGE),,"RDO No. 82 - Cebu City, South.xls",Sheet 6 (DO 86-2023)
1867,SUNRISE VILLAGE,,SUNRISE VILLAGE,,"RDO No. 82 - Cebu City, South.xls",Sheet 6 (DO 86-2023)
1868,ALL OTHER SUBDIVISIONS -,,ALL OTHER SUBDIVISIONS -,,"RDO No. 82 - Cebu City, South.xls",Sheet 6 (DO 86-2023)
1869,(Formerly All Other Existing Subdivisions),,(Formerly All Other Existing Subdivisions),,"RDO No. 82 - Cebu City, South.xls",Sheet 6 (DO 86-2023)
1870,(Formerly New Subdivision),,(Formerly New Subdivision),,"RDO No. 82 - Cebu City, South.xls",Sheet 6 (DO 86-2023)
1871,NEW SUBDIVISION,,NEW SUBDIVISION,,"RDO No. 82 - Cebu City, South.xls",Sheet 6 (DO 86-2023)
1872,CONDOMINIUMS,,CONDOMINIUMS,,"RDO No. 82 - Cebu City, South.xls",Sheet 6 (DO 86-2023)
1873,CONDOMINIUM - HIGH END,,CONDOMINIUM - HIGH END,,"RDO No. 82 - Cebu City, South.xls",Sheet 6 (DO 86-2023)
1874,,,,,"RDO No. 82 - Cebu City, South.xls",Sheet 6 (DO 86-2023)
1875,,,,,"RDO No. 82 - Cebu City, South.xls",Sheet 6 (DO 86-2023)
1876,CONDOMINIUMS,,CONDOMINIUMS,,"RDO No. 82 - Cebu City, South.xls",Sheet 6 (DO 86-2023)
1877,17 STOREYS & UP,,17 STOREYS & UP,17.0,"RDO No. 82 - Cebu City, South.xls",Sheet 6 (DO 86-2023)
1878,,,,,"RDO No. 82 - Cebu City, South.xls",Sheet 6 (DO 86-2023)
1879,,,,,"RDO No. 82 - Cebu City, South.xls",Sheet 6 (DO 86-2023)
1880,Province                         : CEBU,,Province                         : CEBU,,"RDO No. 82 - Cebu City, South.xls",Sheet 6 (DO 86-2023)
1881,City/Municipality       : CEBU CITY SOUTH,,City/Municipality       : CEBU CITY SOUTH,,"RDO No. 82 - Cebu City, South.xls",Sheet 6 (DO 86-2023)
1882,Zone/Barangay           : POBLACION PARDO,,Zone/Barangay           : POBLACION PARDO,,"RDO No. 82 - Cebu City, South.xls",Sheet 6 (DO 86-2023)
1883,STREET NAME/SUBDIVISION/CONDOMINIUM,,STREET NAME/SUBDIVISION/CONDOMINIUM,,"RDO No. 82 - Cebu City, South.xls",Sheet 6 (DO 86-2023)
1884,,,,,"RDO No. 82 - Cebu City, South.xls",Sheet 6 (DO 86-2023)
1885,8 - 16 STOREYS,,8 - 16 STOREYS,,"RDO No. 82 - Cebu City, South.xls",Sheet 6 (DO 86-2023)
1886,,,,,"RDO No. 82 - Cebu City, South.xls",Sheet 6 (DO 86-2023)
1887,,,,,"RDO No. 82 - Cebu City, South.xls",Sheet 6 (DO 86-2023)
1888,1 - 7 STOREYS,,1 - 7 STOREYS,,"RDO No. 82 - Cebu City, South.xls",Sheet 6 (DO 86-2023)
1889,,,,,"RDO No. 82 - Cebu City, South.xls",Sheet 6 (DO 86-2023)
1890,,,,,"RDO No. 82 - Cebu City, South.xls",Sheet 6 (DO 86-2023)
1891,SOCIALIZED/LOW-COST,,SOCIALIZED/LOW-COST,,"RDO No. 82 - Cebu City, South.xls",Sheet 6 (DO 86-2023)
1892,,,,,"RDO No. 82 - Cebu City, South.xls",Sheet 6 (DO 86-2023)
1893,,,,,"RDO No. 82 - Cebu City, South.xls",Sheet 6 (DO 86-2023)
1894,*         NEW,,*         NEW,,"RDO No. 82 - Cebu City, South.xls",Sheet 6 (DO 86-2023)
1895,**       FOR DELETION - SIMPLIFIED CONDOMINIUM OR  STREET NAME / DUPLICATION OF STREET NAME,,**       FOR DELETION - SIMPLIFIED CONDOMINIUM OR  STREET NAME / DUPLICATION OF STREET NAME,,"RDO No. 82 - Cebu City, South.xls",Sheet 6 (DO 86-2023)
1896,***     CHANGED STREET NAME,,***     CHANGED STREET NAME,,"RDO No. 82 - Cebu City, South.xls",Sheet 6 (DO 86-2023)
1897,****   SPECIFIED VICINITY,,****   SPECIFIED VICINITY,,"RDO No. 82 - Cebu City, South.xls",Sheet 6 (DO 86-2023)
1898,,,,,"RDO No. 82 - Cebu City, South.xls",Sheet 6 (DO 86-2023)
1899,Province                         : CEBU,,Province                         : CEBU,,"RDO No. 82 - Cebu City, South.xls",Sheet 6 (DO 86-2023)
1900,,,,,"RDO No. 82 - Cebu City, South.xls",Sheet 6 (DO 86-2023)
1901,City/Municipality        : CEBU CITY SOUTH,,City/Municipality        : CEBU CITY SOUTH,,"RDO No. 82 - Cebu City, South.xls",Sheet 6 (DO 86-2023)
1902,,,,,"RDO No. 82 - Cebu City, South.xls",Sheet 6 (DO 86-2023)
1903,Zone/Barangay            : PUNG-OL SIBUGAY (FORMERLY PUN-OL SIBUGAY),,Zone/Barangay            : PUNG-OL SIBUGAY (FORMERLY PUN-OL SIBUGAY),,"RDO No. 82 - Cebu City, South.xls",Sheet 6 (DO 86-2023)
1904,,,,,"RDO No. 82 - Cebu City, South.xls",Sheet 6 (DO 86-2023)
1905,STREET NAME/ SUBDIVISION/ CONDOMINIUM,,STREET NAME/ SUBDIVISION/ CONDOMINIUM,,"RDO No. 82 - Cebu City, South.xls",Sheet 6 (DO 86-2023)
1906,,,,,"RDO No. 82 - Cebu City, South.xls",Sheet 6 (DO 86-2023)
1907,AYALA HEIGHTS-CEBU,,AYALA HEIGHTS-CEBU,,"RDO No. 82 - Cebu City, South.xls",Sheet 6 (DO 86-2023)
1908,ALL ROADS GOING TO AYALA HEIGHTS,,ALL ROADS GOING TO AYALA HEIGHTS,,"RDO No. 82 - Cebu City, South.xls",Sheet 6 (DO 86-2023)
1909,RURAL BARANGAY,,RURAL BARANGAY,,"RDO No. 82 - Cebu City, South.xls",Sheet 6 (DO 86-2023)
1910,,,,,"RDO No. 82 - Cebu City, South.xls",Sheet 6 (DO 86-2023)
1911,ALL AREAS ALONG THE ROAD -,,ALL AREAS ALONG THE ROAD -,,"RDO No. 82 - Cebu City, South.xls",Sheet 6 (DO 86-2023)
1912,(Formerly Suburban Areas With Road),,(Formerly Suburban Areas With Road),,"RDO No. 82 - Cebu City, South.xls",Sheet 6 (DO 86-2023)
1913,,,,,"RDO No. 82 - Cebu City, South.xls",Sheet 6 (DO 86-2023)
1914,ALL INTERIOR AREAS -,,ALL INTERIOR AREAS -,,"RDO No. 82 - Cebu City, South.xls",Sheet 6 (DO 86-2023)
1915,(Formerly Suburban Areas Without Road),,(Formerly Suburban Areas Without Road),,"RDO No. 82 - Cebu City, South.xls",Sheet 6 (DO 86-2023)
1916,TRANSCENTRAL HIGHWAY,,TRANSCENTRAL HIGHWAY,,"RDO No. 82 - Cebu City, South.xls",Sheet 6 (DO 86-2023)
1917,,,,,"RDO No. 82 - Cebu City, South.xls",Sheet 6 (DO 86-2023)
1918,,,,,"RDO No. 82 - Cebu City, South.xls",Sheet 6 (DO 86-2023)
1919,,,,,"RDO No. 82 - Cebu City, South.xls",Sheet 6 (DO 86-2023)
1920,SUBDIVISIONS,,SUBDIVISIONS,,"RDO No. 82 - Cebu City, South.xls",Sheet 6 (DO 86-2023)
1921,ALL SUBDIVISIONS,,ALL SUBDIVISIONS,,"RDO No. 82 - Cebu City, South.xls",Sheet 6 (DO 86-2023)
1922,(Formerly All New Subdivision),,(Formerly All New Subdivision),,"RDO No. 82 - Cebu City, South.xls",Sheet 6 (DO 86-2023)
1923,,,,,"RDO No. 82 - Cebu City, South.xls",Sheet 6 (DO 86-2023)
1924,CONDOMINIUMS,,CONDOMINIUMS,,"RDO No. 82 - Cebu City, South.xls",Sheet 6 (DO 86-2023)
1925,17 STOREYS & UP,,17 STOREYS & UP,17.0,"RDO No. 82 - Cebu City, South.xls",Sheet 6 (DO 86-2023)
1926,,,,,"RDO No. 82 - Cebu City, South.xls",Sheet 6 (DO 86-2023)
1927,,,,,"RDO No. 82 - Cebu City, South.xls",Sheet 6 (DO 86-2023)
1928,8 - 16 STOREYS,,8 - 16 STOREYS,,"RDO No. 82 - Cebu City, South.xls",Sheet 6 (DO 86-2023)
1929,,,,,"RDO No. 82 - Cebu City, South.xls",Sheet 6 (DO 86-2023)
1930,,,,,"RDO No. 82 - Cebu City, South.xls",Sheet 6 (DO 86-2023)
1931,1 - 7 STOREYS,,1 - 7 STOREYS,,"RDO No. 82 - Cebu City, South.xls",Sheet 6 (DO 86-2023)
1932,,,,,"RDO No. 82 - Cebu City, South.xls",Sheet 6 (DO 86-2023)
1933,,,,,"RDO No. 82 - Cebu City, South.xls",Sheet 6 (DO 86-2023)
1934,SOCIALIZED/LOW-COST,,SOCIALIZED/LOW-COST,,"RDO No. 82 - Cebu City, South.xls",Sheet 6 (DO 86-2023)
1935,,,,,"RDO No. 82 - Cebu City, South.xls",Sheet 6 (DO 86-2023)
1936,,,,,"RDO No. 82 - Cebu City, South.xls",Sheet 6 (DO 86-2023)
1937,,,,,"RDO No. 82 - Cebu City, South.xls",Sheet 6 (DO 86-2023)
1938,*         NEW,,*         NEW,,"RDO No. 82 - Cebu City, South.xls",Sheet 6 (DO 86-2023)
1939,**       FOR DELETION - SIMPLIFIED CONDOMINIUM OR  STREET NAME / DUPLICATION OF STREET NAME,,**       FOR DELETION - SIMPLIFIED CONDOMINIUM OR  STREET NAME / DUPLICATION OF STREET NAME,,"RDO No. 82 - Cebu City, South.xls",Sheet 6 (DO 86-2023)
1940,***     CHANGED NAME,,***     CHANGED NAME,,"RDO No. 82 - Cebu City, South.xls",Sheet 6 (DO 86-2023)
1941,,,,,"RDO No. 82 - Cebu City, South.xls",Sheet 6 (DO 86-2023)
1942,,,,,"RDO No. 82 - Cebu City, South.xls",Sheet 6 (DO 86-2023)
1943,Province                         : CEBU,,Province                         : CEBU,,"RDO No. 82 - Cebu City, South.xls",Sheet 6 (DO 86-2023)
1944,City/Municipality        : CEBU CITY SOUTH,,City/Municipality        : CEBU CITY SOUTH,,"RDO No. 82 - Cebu City, South.xls",Sheet 6 (DO 86-2023)
1945,Zone/Barangay             : PUNTA PRINCESA,,Zone/Barangay             : PUNTA PRINCESA,,"RDO No. 82 - Cebu City, South.xls",Sheet 6 (DO 86-2023)
1946,STREET NAME/ SUBDIVISION/ CONDOMINIUM,,STREET NAME/ SUBDIVISION/ CONDOMINIUM,,"RDO No. 82 - Cebu City, South.xls",Sheet 6 (DO 86-2023)
1947,,,,,"RDO No. 82 - Cebu City, South.xls",Sheet 6 (DO 86-2023)
1948,AQUARIUS ST,,AQUARIUS ST,,"RDO No. 82 - Cebu City, South.xls",Sheet 6 (DO 86-2023)
1949,ATILLO ST,,ATILLO ST,,"RDO No. 82 - Cebu City, South.xls",Sheet 6 (DO 86-2023)
1950,BAYABAS EXT.,,BAYABAS EXT.,,"RDO No. 82 - Cebu City, South.xls",Sheet 6 (DO 86-2023)
1951,,,,,"RDO No. 82 - Cebu City, South.xls",Sheet 6 (DO 86-2023)
1952,BRONX,,BRONX,,"RDO No. 82 - Cebu City, South.xls",Sheet 6 (DO 86-2023)
1953,BUHISAN ROAD,,BUHISAN ROAD,,"RDO No. 82 - Cebu City, South.xls",Sheet 6 (DO 86-2023)
1954,,,,,"RDO No. 82 - Cebu City, South.xls",Sheet 6 (DO 86-2023)
1955,CAPRICORN ST,,CAPRICORN ST,,"RDO No. 82 - Cebu City, South.xls",Sheet 6 (DO 86-2023)
1956,DOMINIC ST,,DOMINIC ST,,"RDO No. 82 - Cebu City, South.xls",Sheet 6 (DO 86-2023)
1957,DON ATILLO PABLO ST.,,DON ATILLO PABLO ST.,,"RDO No. 82 - Cebu City, South.xls",Sheet 6 (DO 86-2023)
1958,DON BOSCO PROPER,,DON BOSCO PROPER,,"RDO No. 82 - Cebu City, South.xls",Sheet 6 (DO 86-2023)
1959,DON BOSCO ST,,DON BOSCO ST,,"RDO No. 82 - Cebu City, South.xls",Sheet 6 (DO 86-2023)
1960,E. SABELLANO ST,,E. SABELLANO ST,,"RDO No. 82 - Cebu City, South.xls",Sheet 6 (DO 86-2023)
1961,,,,,"RDO No. 82 - Cebu City, South.xls",Sheet 6 (DO 86-2023)
1962,F. LLAMAS ST,,F. LLAMAS ST,,"RDO No. 82 - Cebu City, South.xls",Sheet 6 (DO 86-2023)
1963,,,,,"RDO No. 82 - Cebu City, South.xls",Sheet 6 (DO 86-2023)
1964,,,,,"RDO No. 82 - Cebu City, South.xls",Sheet 6 (DO 86-2023)
1965,F. PACANA ST,,F. PACANA ST,,"RDO No. 82 - Cebu City, South.xls",Sheet 6 (DO 86-2023)
1966,GANSIANG ST,,GANSIANG ST,,"RDO No. 82 - Cebu City, South.xls",Sheet 6 (DO 86-2023)
1967,GUADALUPE OSMENA ST.,,GUADALUPE OSMENA ST.,,"RDO No. 82 - Cebu City, South.xls",Sheet 6 (DO 86-2023)
1968,HANNIBAL ST,,HANNIBAL ST,,"RDO No. 82 - Cebu City, South.xls",Sheet 6 (DO 86-2023)
1969,LAPAY ST,,LAPAY ST,,"RDO No. 82 - Cebu City, South.xls",Sheet 6 (DO 86-2023)
1970,,,,,"RDO No. 82 - Cebu City, South.xls",Sheet 6 (DO 86-2023)
1971,LIBRA ST,,LIBRA ST,,"RDO No. 82 - Cebu City, South.xls",Sheet 6 (DO 86-2023)
1972,NANGKA ST,,NANGKA ST,,"RDO No. 82 - Cebu City, South.xls",Sheet 6 (DO 86-2023)
1973,OLIVIA STREET,,OLIVIA STREET,,"RDO No. 82 - Cebu City, South.xls",Sheet 6 (DO 86-2023)
1974,"PAEZ, MAGNO ST",,"PAEZ, MAGNO ST",,"RDO No. 82 - Cebu City, South.xls",Sheet 6 (DO 86-2023)
1975,PISCES ST.,,PISCES ST.,,"RDO No. 82 - Cebu City, South.xls",Sheet 6 (DO 86-2023)
1976,"PPMHOAI (MANGAHAN 1, 11, 11)",,"PPMHOAI (MANGAHAN 1, 11, 11)",11111.0,"RDO No. 82 - Cebu City, South.xls",Sheet 6 (DO 86-2023)
1977,,,,,"RDO No. 82 - Cebu City, South.xls",Sheet 6 (DO 86-2023)
1978,ROAD TO DON BOSCO,,ROAD TO DON BOSCO,,"RDO No. 82 - Cebu City, South.xls",Sheet 6 (DO 86-2023)
1979,SITIO MANGGAHAN,,SITIO MANGGAHAN,,"RDO No. 82 - Cebu City, South.xls",Sheet 6 (DO 86-2023)
1980,SITIO MANGGA ROAD,,SITIO MANGGA ROAD,,"RDO No. 82 - Cebu City, South.xls",Sheet 6 (DO 86-2023)
1981,ST. BENEDICT ST,,ST. BENEDICT ST,,"RDO No. 82 - Cebu City, South.xls",Sheet 6 (DO 86-2023)
1982,ST. CHRISTOPHER ST,,ST. CHRISTOPHER ST,,"RDO No. 82 - Cebu City, South.xls",Sheet 6 (DO 86-2023)
1983,ST. FRANCIS ST,,ST. FRANCIS ST,,"RDO No. 82 - Cebu City, South.xls",Sheet 6 (DO 86-2023)
1984,SUNSHINE VALLEY,,SUNSHINE VALLEY,,"RDO No. 82 - Cebu City, South.xls",Sheet 6 (DO 86-2023)
1985,,,,,"RDO No. 82 - Cebu City, South.xls",Sheet 6 (DO 86-2023)
1986,TAURUS ST,,TAURUS ST,,"RDO No. 82 - Cebu City, South.xls",Sheet 6 (DO 86-2023)
1987,TIPUN,,TIPUN,,"RDO No. 82 - Cebu City, South.xls",Sheet 6 (DO 86-2023)
1988,TRES DE ABRIL ST,,TRES DE ABRIL ST,,"RDO No. 82 - Cebu City, South.xls",Sheet 6 (DO 86-2023)
1989,TRES DE ABRIL ST.,,TRES DE ABRIL ST.,,"RDO No. 82 - Cebu City, South.xls",Sheet 6 (DO 86-2023)
1990,VIRGO ST,,VIRGO ST,,"RDO No. 82 - Cebu City, South.xls",Sheet 6 (DO 86-2023)
1991,ZODIAC DRIVE,,ZODIAC DRIVE,,"RDO No. 82 - Cebu City, South.xls",Sheet 6 (DO 86-2023)
1992,Province                         : CEBU,,Province                         : CEBU,,"RDO No. 82 - Cebu City, South.xls",Sheet 6 (DO 86-2023)
1993,City/Municipality        : CEBU CITY SOUTH,,City/Municipality        : CEBU CITY SOUTH,,"RDO No. 82 - Cebu City, South.xls",Sheet 6 (DO 86-2023)
1994,Zone/Barangay             : PUNTA PRINCESA,,Zone/Barangay             : PUNTA PRINCESA,,"RDO No. 82 - Cebu City, South.xls",Sheet 6 (DO 86-2023)
1995,STREET NAME/ SUBDIVISION/ CONDOMINIUM,,STREET NAME/ SUBDIVISION/ CONDOMINIUM,,"RDO No. 82 - Cebu City, South.xls",Sheet 6 (DO 86-2023)
1996,,,,,"RDO No. 82 - Cebu City, South.xls",Sheet 6 (DO 86-2023)
1997,ALL OTHER STREETS,,ALL OTHER STREETS,,"RDO No. 82 - Cebu City, South.xls",Sheet 6 (DO 86-2023)
1998,,,,,"RDO No. 82 - Cebu City, South.xls",Sheet 6 (DO 86-2023)
1999,,,,,"RDO No. 82 - Cebu City, South.xls",Sheet 6 (DO 86-2023)
2000,,,,,"RDO No. 82 - Cebu City, South.xls",Sheet 6 (DO 86-2023)
2001,SUBDIVISIONS,,SUBDIVISIONS,,"RDO No. 82 - Cebu City, South.xls",Sheet 6 (DO 86-2023)
2002,ATILLO SUBD,,ATILLO SUBD,,"RDO No. 82 - Cebu City, South.xls",Sheet 6 (DO 86-2023)
2003,BF CITY HOMES,,BF CITY HOMES,,"RDO No. 82 - Cebu City, South.xls",Sheet 6 (DO 86-2023)
2004,ELVIRA CUI SUBD,,ELVIRA CUI SUBD,,"RDO No. 82 - Cebu City, South.xls",Sheet 6 (DO 86-2023)
2005,BINONDO COMPOUND R,,BINONDO COMPOUND R,,"RDO No. 82 - Cebu City, South.xls",Sheet 6 (DO 86-2023)
2006,CABRERA COMPOUND,,CABRERA COMPOUND,,"RDO No. 82 - Cebu City, South.xls",Sheet 6 (DO 86-2023)
2007,CLARITA VILLAGE,,CLARITA VILLAGE,,"RDO No. 82 - Cebu City, South.xls",Sheet 6 (DO 86-2023)
2008,COUNTRY DRIVE,,COUNTRY DRIVE,,"RDO No. 82 - Cebu City, South.xls",Sheet 6 (DO 86-2023)
2009,DONA MARIA VILLAGE 1,,DONA MARIA VILLAGE 1,1.0,"RDO No. 82 - Cebu City, South.xls",Sheet 6 (DO 86-2023)
2010,DONA MARIA VILLAGE 2,,DONA MARIA VILLAGE 2,2.0,"RDO No. 82 - Cebu City, South.xls",Sheet 6 (DO 86-2023)
2011,FERNANDEZ COMPOUND,,FERNANDEZ COMPOUND,,"RDO No. 82 - Cebu City, South.xls",Sheet 6 (DO 86-2023)
2012,GOCHAN SUBD,,GOCHAN SUBD,,"RDO No. 82 - Cebu City, South.xls",Sheet 6 (DO 86-2023)
2013,GUADALUPE VILLAGE I,,GUADALUPE VILLAGE I,,"RDO No. 82 - Cebu City, South.xls",Sheet 6 (DO 86-2023)
2014,GUADALUPE VILLAGE II,,GUADALUPE VILLAGE II,,"RDO No. 82 - Cebu City, South.xls",Sheet 6 (DO 86-2023)
2015,LOURDES VILLAGE,,LOURDES VILLAGE,,"RDO No. 82 - Cebu City, South.xls",Sheet 6 (DO 86-2023)
2016,MAJERO SUBD,,MAJERO SUBD,,"RDO No. 82 - Cebu City, South.xls",Sheet 6 (DO 86-2023)
2017,PLEASANT HOMES SUBD,,PLEASANT HOMES SUBD,,"RDO No. 82 - Cebu City, South.xls",Sheet 6 (DO 86-2023)
2018,SAN GERARDO SUBD.,,SAN GERARDO SUBD.,,"RDO No. 82 - Cebu City, South.xls",Sheet 6 (DO 86-2023)
2019,TRES DE ABRIL VILLAGE,,TRES DE ABRIL VILLAGE,,"RDO No. 82 - Cebu City, South.xls",Sheet 6 (DO 86-2023)
2020,VICTOR VILLAGE 1,,VICTOR VILLAGE 1,1.0,"RDO No. 82 - Cebu City, South.xls",Sheet 6 (DO 86-2023)
2021,VICTOR VILLAGE II,,VICTOR VILLAGE II,,"RDO No. 82 - Cebu City, South.xls",Sheet 6 (DO 86-2023)
2022,VILLA CRISTINA VILLAGE,,VILLA CRISTINA VILLAGE,,"RDO No. 82 - Cebu City, South.xls",Sheet 6 (DO 86-2023)
2023,VILLA ESPERANZA,,VILLA ESPERANZA,,"RDO No. 82 - Cebu City, South.xls",Sheet 6 (DO 86-2023)
2024,VILLAGONZALO CMPD.,,VILLAGONZALO CMPD.,,"RDO No. 82 - Cebu City, South.xls",Sheet 6 (DO 86-2023)
2025,ALL OTHER SUBDIVISIONS,,ALL OTHER SUBDIVISIONS,,"RDO No. 82 - Cebu City, South.xls",Sheet 6 (DO 86-2023)
2026,(Formerly All Other Existing Subdivision),,(Formerly All Other Existing Subdivision),,"RDO No. 82 - Cebu City, South.xls",Sheet 6 (DO 86-2023)
2027,(Formerly New Subdivision),,(Formerly New Subdivision),,"RDO No. 82 - Cebu City, South.xls",Sheet 6 (DO 86-2023)
2028,NEW SUBDIVISION,,NEW SUBDIVISION,,"RDO No. 82 - Cebu City, South.xls",Sheet 6 (DO 86-2023)
2029,CONDOMINIUMS,,CONDOMINIUMS,,"RDO No. 82 - Cebu City, South.xls",Sheet 6 (DO 86-2023)
2030,CONDOMINIUM - HIGH END,,CONDOMINIUM - HIGH END,,"RDO No. 82 - Cebu City, South.xls",Sheet 6 (DO 86-2023)
2031,,,,,"RDO No. 82 - Cebu City, South.xls",Sheet 6 (DO 86-2023)
2032,,,,,"RDO No. 82 - Cebu City, South.xls",Sheet 6 (DO 86-2023)
2033,CONDOMINIUMS,,CONDOMINIUMS,,"RDO No. 82 - Cebu City, South.xls",Sheet 6 (DO 86-2023)
2034,17 STOREYS & UP,,17 STOREYS & UP,17.0,"RDO No. 82 - Cebu City, South.xls",Sheet 6 (DO 86-2023)
2035,,,,,"RDO No. 82 - Cebu City, South.xls",Sheet 6 (DO 86-2023)
2036,,,,,"RDO No. 82 - Cebu City, South.xls",Sheet 6 (DO 86-2023)
2037,8 - 16 STOREYS,,8 - 16 STOREYS,,"RDO No. 82 - Cebu City, South.xls",Sheet 6 (DO 86-2023)
2038,,,,,"RDO No. 82 - Cebu City, South.xls",Sheet 6 (DO 86-2023)
2039,,,,,"RDO No. 82 - Cebu City, South.xls",Sheet 6 (DO 86-2023)
2040,1 - 7 STOREYS,,1 - 7 STOREYS,,"RDO No. 82 - Cebu City, South.xls",Sheet 6 (DO 86-2023)
2041,,,,,"RDO No. 82 - Cebu City, South.xls",Sheet 6 (DO 86-2023)
2042,,,,,"RDO No. 82 - Cebu City, South.xls",Sheet 6 (DO 86-2023)
2043,SOCIALIZED / LOW-COST,,SOCIALIZED / LOW-COST,,"RDO No. 82 - Cebu City, South.xls",Sheet 6 (DO 86-2023)
2044,,,,,"RDO No. 82 - Cebu City, South.xls",Sheet 6 (DO 86-2023)
2045,,,,,"RDO No. 82 - Cebu City, South.xls",Sheet 6 (DO 86-2023)
2046,*         NEW,,*         NEW,,"RDO No. 82 - Cebu City, South.xls",Sheet 6 (DO 86-2023)
2047,**       FOR DELETION - SIMPLIFIED CONDOMINIUM OR  STREET NAME / DUPLICATION OF STREET NAME,,**       FOR DELETION - SIMPLIFIED CONDOMINIUM OR  STREET NAME / DUPLICATION OF STREET NAME,,"RDO No. 82 - Cebu City, South.xls",Sheet 6 (DO 86-2023)
2048,***     CHANGED STREET NAME,,***     CHANGED STREET NAME,,"RDO No. 82 - Cebu City, South.xls",Sheet 6 (DO 86-2023)
2049,****   SPECIFIED VICINITY,,****   SPECIFIED VICINITY,,"RDO No. 82 - Cebu City, South.xls",Sheet 6 (DO 86-2023)
2050,***** DELETED VICINITY,,***** DELETED VICINITY,,"RDO No. 82 - Cebu City, South.xls",Sheet 6 (DO 86-2023)
2051,,,,,"RDO No. 82 - Cebu City, South.xls",Sheet 6 (DO 86-2023)
2052,Province                         : CEBU,,Province                         : CEBU,,"RDO No. 82 - Cebu City, South.xls",Sheet 6 (DO 86-2023)
2053,City/Municipality        : CEBU CITY SOUTH,,City/Municipality        : CEBU CITY SOUTH,,"RDO No. 82 - Cebu City, South.xls",Sheet 6 (DO 86-2023)
2054,Zone/Barangay            : QUIOT PARDO,,Zone/Barangay            : QUIOT PARDO,,"RDO No. 82 - Cebu City, South.xls",Sheet 6 (DO 86-2023)
2055,STREET NAME/ SUBDIVISION/ CONDOMINIUM,,STREET NAME/ SUBDIVISION/ CONDOMINIUM,,"RDO No. 82 - Cebu City, South.xls",Sheet 6 (DO 86-2023)
2056,,,,,"RDO No. 82 - Cebu City, South.xls",Sheet 6 (DO 86-2023)
2057,APO ST.,,APO ST.,,"RDO No. 82 - Cebu City, South.xls",Sheet 6 (DO 86-2023)
2058,BAYANIHAN,,BAYANIHAN,,"RDO No. 82 - Cebu City, South.xls",Sheet 6 (DO 86-2023)
2059,BAYANIHAN,,BAYANIHAN,,"RDO No. 82 - Cebu City, South.xls",Sheet 6 (DO 86-2023)
2060,BAYANIHAN,,BAYANIHAN,,"RDO No. 82 - Cebu City, South.xls",Sheet 6 (DO 86-2023)
2061,BOGO ROAD,,BOGO ROAD,,"RDO No. 82 - Cebu City, South.xls",Sheet 6 (DO 86-2023)
2062,E SABELLANO ST,,E SABELLANO ST,,"RDO No. 82 - Cebu City, South.xls",Sheet 6 (DO 86-2023)
2063,,,,,"RDO No. 82 - Cebu City, South.xls",Sheet 6 (DO 86-2023)
2064,E CORRO ST,,E CORRO ST,,"RDO No. 82 - Cebu City, South.xls",Sheet 6 (DO 86-2023)
2065,,,,,"RDO No. 82 - Cebu City, South.xls",Sheet 6 (DO 86-2023)
2066,,,,,"RDO No. 82 - Cebu City, South.xls",Sheet 6 (DO 86-2023)
2067,GENES COMPOUND,,GENES COMPOUND,,"RDO No. 82 - Cebu City, South.xls",Sheet 6 (DO 86-2023)
2068,GRANADA ROAD,,GRANADA ROAD,,"RDO No. 82 - Cebu City, South.xls",Sheet 6 (DO 86-2023)
2069,GROTTO ROAD,,GROTTO ROAD,,"RDO No. 82 - Cebu City, South.xls",Sheet 6 (DO 86-2023)
2070,KALUBIHAN ROAD,,KALUBIHAN ROAD,,"RDO No. 82 - Cebu City, South.xls",Sheet 6 (DO 86-2023)
2071,N. BACALSO AVE.,,N. BACALSO AVE.,,"RDO No. 82 - Cebu City, South.xls",Sheet 6 (DO 86-2023)
2072,USJR BACK,,USJR BACK,,"RDO No. 82 - Cebu City, South.xls",Sheet 6 (DO 86-2023)
2073,SAN ISIDRO ROAD,,SAN ISIDRO ROAD,,"RDO No. 82 - Cebu City, South.xls",Sheet 6 (DO 86-2023)
2074,SUNSHINE ROAD,,SUNSHINE ROAD,,"RDO No. 82 - Cebu City, South.xls",Sheet 6 (DO 86-2023)
2075,SURAN ROAD,,SURAN ROAD,,"RDO No. 82 - Cebu City, South.xls",Sheet 6 (DO 86-2023)
2076,VIEWHILLS ROAD,,VIEWHILLS ROAD,,"RDO No. 82 - Cebu City, South.xls",Sheet 6 (DO 86-2023)
2077,UPPER GENES ROAD,,UPPER GENES ROAD,,"RDO No. 82 - Cebu City, South.xls",Sheet 6 (DO 86-2023)
2078,ALL OTHER STREETS,,ALL OTHER STREETS,,"RDO No. 82 - Cebu City, South.xls",Sheet 6 (DO 86-2023)
2079,,,,,"RDO No. 82 - Cebu City, South.xls",Sheet 6 (DO 86-2023)
2080,,,,,"RDO No. 82 - Cebu City, South.xls",Sheet 6 (DO 86-2023)
2081,,,,,"RDO No. 82 - Cebu City, South.xls",Sheet 6 (DO 86-2023)
2082,SUBDIVISIONS,,SUBDIVISIONS,,"RDO No. 82 - Cebu City, South.xls",Sheet 6 (DO 86-2023)
2083,ANIKA HOMES TALAVERA,,ANIKA HOMES TALAVERA,,"RDO No. 82 - Cebu City, South.xls",Sheet 6 (DO 86-2023)
2084,BAYANIHAN VILLAGE,,BAYANIHAN VILLAGE,,"RDO No. 82 - Cebu City, South.xls",Sheet 6 (DO 86-2023)
2085,BELTRAN SUBDIVISION,,BELTRAN SUBDIVISION,,"RDO No. 82 - Cebu City, South.xls",Sheet 6 (DO 86-2023)
2086,BOGO VILLE SUBDIVISION,,BOGO VILLE SUBDIVISION,,"RDO No. 82 - Cebu City, South.xls",Sheet 6 (DO 86-2023)
2087,CABREROS COMPOUND,,CABREROS COMPOUND,,"RDO No. 82 - Cebu City, South.xls",Sheet 6 (DO 86-2023)
2088,CLIPPERS DRIVE,,CLIPPERS DRIVE,,"RDO No. 82 - Cebu City, South.xls",Sheet 6 (DO 86-2023)
2089,DESANA HEIGTHS,,DESANA HEIGTHS,,"RDO No. 82 - Cebu City, South.xls",Sheet 6 (DO 86-2023)
2090,GENES COMPOUND,,GENES COMPOUND,,"RDO No. 82 - Cebu City, South.xls",Sheet 6 (DO 86-2023)
2091,LOWER GENES SUBDIVISION,,LOWER GENES SUBDIVISION,,"RDO No. 82 - Cebu City, South.xls",Sheet 6 (DO 86-2023)
2092,GOCHAN SUBD I,,GOCHAN SUBD I,,"RDO No. 82 - Cebu City, South.xls",Sheet 6 (DO 86-2023)
2093,GOCHAN SUBD II,,GOCHAN SUBD II,,"RDO No. 82 - Cebu City, South.xls",Sheet 6 (DO 86-2023)
2094,GRANADA SUBD,,GRANADA SUBD,,"RDO No. 82 - Cebu City, South.xls",Sheet 6 (DO 86-2023)
2095,GREENBELT DRIVE,,GREENBELT DRIVE,,"RDO No. 82 - Cebu City, South.xls",Sheet 6 (DO 86-2023)
2096,GREENVALLEY SUBDIVISION,,GREENVALLEY SUBDIVISION,,"RDO No. 82 - Cebu City, South.xls",Sheet 6 (DO 86-2023)
2097,HONEYVILLE SUBD,,HONEYVILLE SUBD,,"RDO No. 82 - Cebu City, South.xls",Sheet 6 (DO 86-2023)
2098,Province                         : CEBU,,Province                         : CEBU,,"RDO No. 82 - Cebu City, South.xls",Sheet 6 (DO 86-2023)
2099,City/Municipality        : CEBU CITY SOUTH,,City/Municipality        : CEBU CITY SOUTH,,"RDO No. 82 - Cebu City, South.xls",Sheet 6 (DO 86-2023)
2100,Zone/Barangay            : QUIOT PARDO,,Zone/Barangay            : QUIOT PARDO,,"RDO No. 82 - Cebu City, South.xls",Sheet 6 (DO 86-2023)
2101,STREET NAME/ SUBDIVISION/ CONDOMINIUM,,STREET NAME/ SUBDIVISION/ CONDOMINIUM,,"RDO No. 82 - Cebu City, South.xls",Sheet 6 (DO 86-2023)
2102,,,,,"RDO No. 82 - Cebu City, South.xls",Sheet 6 (DO 86-2023)
2103,HOREB SUBDIVISION,,HOREB SUBDIVISION,,"RDO No. 82 - Cebu City, South.xls",Sheet 6 (DO 86-2023)
2104,LIBERTY SEA VIEW,,LIBERTY SEA VIEW,,"RDO No. 82 - Cebu City, South.xls",Sheet 6 (DO 86-2023)
2105,MOUNTAINVIEW VILLAGE,,MOUNTAINVIEW VILLAGE,,"RDO No. 82 - Cebu City, South.xls",Sheet 6 (DO 86-2023)
2106,MURILLO VILLAGE,,MURILLO VILLAGE,,"RDO No. 82 - Cebu City, South.xls",Sheet 6 (DO 86-2023)
2107,SAMANTHA HOMES,,SAMANTHA HOMES,,"RDO No. 82 - Cebu City, South.xls",Sheet 6 (DO 86-2023)
2108,SAN ROQUE HOMES,,SAN ROQUE HOMES,,"RDO No. 82 - Cebu City, South.xls",Sheet 6 (DO 86-2023)
2109,SAN CARLOS HEIGHTS,,SAN CARLOS HEIGHTS,,"RDO No. 82 - Cebu City, South.xls",Sheet 6 (DO 86-2023)
2110,UNCHUAN SUBDIVISION,,UNCHUAN SUBDIVISION,,"RDO No. 82 - Cebu City, South.xls",Sheet 6 (DO 86-2023)
2111,QUIOT HILLS HOA,,QUIOT HILLS HOA,,"RDO No. 82 - Cebu City, South.xls",Sheet 6 (DO 86-2023)
2112,ALL OTHER SUBDIVISIONS -,,ALL OTHER SUBDIVISIONS -,,"RDO No. 82 - Cebu City, South.xls",Sheet 6 (DO 86-2023)
2113,(Formerly All Other Existing Subdivisions),,(Formerly All Other Existing Subdivisions),,"RDO No. 82 - Cebu City, South.xls",Sheet 6 (DO 86-2023)
2114,(Formerly New Subdivision),,(Formerly New Subdivision),,"RDO No. 82 - Cebu City, South.xls",Sheet 6 (DO 86-2023)
2115,NEW SUBDIVISION,,NEW SUBDIVISION,,"RDO No. 82 - Cebu City, South.xls",Sheet 6 (DO 86-2023)
2116,,,,,"RDO No. 82 - Cebu City, South.xls",Sheet 6 (DO 86-2023)
2117,CONDOMINIUMS,,CONDOMINIUMS,,"RDO No. 82 - Cebu City, South.xls",Sheet 6 (DO 86-2023)
2118,TAGBALAI HEIGHTS CONDOMINIUM,,TAGBALAI HEIGHTS CONDOMINIUM,,"RDO No. 82 - Cebu City, South.xls",Sheet 6 (DO 86-2023)
2119,,,,,"RDO No. 82 - Cebu City, South.xls",Sheet 6 (DO 86-2023)
2120,CONDOMINIUM - HIGH END,,CONDOMINIUM - HIGH END,,"RDO No. 82 - Cebu City, South.xls",Sheet 6 (DO 86-2023)
2121,,,,,"RDO No. 82 - Cebu City, South.xls",Sheet 6 (DO 86-2023)
2122,,,,,"RDO No. 82 - Cebu City, South.xls",Sheet 6 (DO 86-2023)
2123,ALL OTHER CONDOMINIUMS,,ALL OTHER CONDOMINIUMS,,"RDO No. 82 - Cebu City, South.xls",Sheet 6 (DO 86-2023)
2124,17 STOREYS & UP,,17 STOREYS & UP,17.0,"RDO No. 82 - Cebu City, South.xls",Sheet 6 (DO 86-2023)
2125,,,,,"RDO No. 82 - Cebu City, South.xls",Sheet 6 (DO 86-2023)
2126,,,,,"RDO No. 82 - Cebu City, South.xls",Sheet 6 (DO 86-2023)
2127,8 - 16 STOREYS,,8 - 16 STOREYS,,"RDO No. 82 - Cebu City, South.xls",Sheet 6 (DO 86-2023)
2128,,,,,"RDO No. 82 - Cebu City, South.xls",Sheet 6 (DO 86-2023)
2129,,,,,"RDO No. 82 - Cebu City, South.xls",Sheet 6 (DO 86-2023)
2130,1 - 7 STOREYS,,1 - 7 STOREYS,,"RDO No. 82 - Cebu City, South.xls",Sheet 6 (DO 86-2023)
2131,,,,,"RDO No. 82 - Cebu City, South.xls",Sheet 6 (DO 86-2023)
2132,,,,,"RDO No. 82 - Cebu City, South.xls",Sheet 6 (DO 86-2023)
2133,SOCIALIZED / LOW-COST,,SOCIALIZED / LOW-COST,,"RDO No. 82 - Cebu City, South.xls",Sheet 6 (DO 86-2023)
2134,,,,,"RDO No. 82 - Cebu City, South.xls",Sheet 6 (DO 86-2023)
2135,,,,,"RDO No. 82 - Cebu City, South.xls",Sheet 6 (DO 86-2023)
2136,,,,,"RDO No. 82 - Cebu City, South.xls",Sheet 6 (DO 86-2023)
2137,*         NEW,,*         NEW,,"RDO No. 82 - Cebu City, South.xls",Sheet 6 (DO 86-2023)
2138,**       FOR DELETION - SIMPLIFIED CONDOMINIUM OR  STREET NAME / DUPLICATION OF STREET NAME,,**       FOR DELETION - SIMPLIFIED CONDOMINIUM OR  STREET NAME / DUPLICATION OF STREET NAME,,"RDO No. 82 - Cebu City, South.xls",Sheet 6 (DO 86-2023)
2139,***     CHANGED STREET NAME,,***     CHANGED STREET NAME,,"RDO No. 82 - Cebu City, South.xls",Sheet 6 (DO 86-2023)
2140,****   SPECIFIED VICINITY,,****   SPECIFIED VICINITY,,"RDO No. 82 - Cebu City, South.xls",Sheet 6 (DO 86-2023)
2141,***** DELETED VICINITY,,***** DELETED VICINITY,,"RDO No. 82 - Cebu City, South.xls",Sheet 6 (DO 86-2023)
2142,,,,,"RDO No. 82 - Cebu City, South.xls",Sheet 6 (DO 86-2023)
2143,,,,,"RDO No. 82 - Cebu City, South.xls",Sheet 6 (DO 86-2023)
2144,Province                         :  CEBU,,Province                         :  CEBU,,"RDO No. 82 - Cebu City, South.xls",Sheet 6 (DO 86-2023)
2145,City/Municipality       :  CEBU CITY SOUTH,,City/Municipality       :  CEBU CITY SOUTH,,"RDO No. 82 - Cebu City, South.xls",Sheet 6 (DO 86-2023)
2146,Zone/Barangay           :  SAMBAG I,,Zone/Barangay           :  SAMBAG I,,"RDO No. 82 - Cebu City, South.xls",Sheet 6 (DO 86-2023)
2147,STREET NAME/ SUBDIVISION/ CONDOMINIUM,,STREET NAME/ SUBDIVISION/ CONDOMINIUM,,"RDO No. 82 - Cebu City, South.xls",Sheet 6 (DO 86-2023)
2148,,,,,"RDO No. 82 - Cebu City, South.xls",Sheet 6 (DO 86-2023)
2149,ANTONIO ABAD TORMIS,,ANTONIO ABAD TORMIS,,"RDO No. 82 - Cebu City, South.xls",Sheet 6 (DO 86-2023)
2150,ARIOLA ST.,,ARIOLA ST.,,"RDO No. 82 - Cebu City, South.xls",Sheet 6 (DO 86-2023)
2151,,,,,"RDO No. 82 - Cebu City, South.xls",Sheet 6 (DO 86-2023)
2152,ASCENCION STREET,,ASCENCION STREET,,"RDO No. 82 - Cebu City, South.xls",Sheet 6 (DO 86-2023)
2153,,,,,"RDO No. 82 - Cebu City, South.xls",Sheet 6 (DO 86-2023)
2154,CABIGON ST.,,CABIGON ST.,,"RDO No. 82 - Cebu City, South.xls",Sheet 6 (DO 86-2023)
2155,DROP INN STREET,,DROP INN STREET,,"RDO No. 82 - Cebu City, South.xls",Sheet 6 (DO 86-2023)
2156,GOMA,,GOMA,,"RDO No. 82 - Cebu City, South.xls",Sheet 6 (DO 86-2023)
2157,,,,,"RDO No. 82 - Cebu City, South.xls",Sheet 6 (DO 86-2023)
2158,INT. B. RODRIGUEZ STREET,,INT. B. RODRIGUEZ STREET,,"RDO No. 82 - Cebu City, South.xls",Sheet 6 (DO 86-2023)
2159,J. ALCANTARA STREET,,J. ALCANTARA STREET,,"RDO No. 82 - Cebu City, South.xls",Sheet 6 (DO 86-2023)
2160,,,,,"RDO No. 82 - Cebu City, South.xls",Sheet 6 (DO 86-2023)
2161,J URGELLO PRIVATE ROAD,,J URGELLO PRIVATE ROAD,,"RDO No. 82 - Cebu City, South.xls",Sheet 6 (DO 86-2023)
2162,LANZONES STREET,,LANZONES STREET,,"RDO No. 82 - Cebu City, South.xls",Sheet 6 (DO 86-2023)
2163,,,,,"RDO No. 82 - Cebu City, South.xls",Sheet 6 (DO 86-2023)
2164,M. OYSON JR. ST,,M. OYSON JR. ST,,"RDO No. 82 - Cebu City, South.xls",Sheet 6 (DO 86-2023)
2165,,,,,"RDO No. 82 - Cebu City, South.xls",Sheet 6 (DO 86-2023)
2166,MH AZNAR ROAD,,MH AZNAR ROAD,,"RDO No. 82 - Cebu City, South.xls",Sheet 6 (DO 86-2023)
2167,NATALIO BACALSO AVE,,NATALIO BACALSO AVE,,"RDO No. 82 - Cebu City, South.xls",Sheet 6 (DO 86-2023)
2168,NATALIO BACALSO AVE,,NATALIO BACALSO AVE,,"RDO No. 82 - Cebu City, South.xls",Sheet 6 (DO 86-2023)
2169,P OSMENA BLVD,,P OSMENA BLVD,,"RDO No. 82 - Cebu City, South.xls",Sheet 6 (DO 86-2023)
2170,P OSMENA BLVD,,P OSMENA BLVD,,"RDO No. 82 - Cebu City, South.xls",Sheet 6 (DO 86-2023)
2171,P DEL ROSARIO EXT,,P DEL ROSARIO EXT,,"RDO No. 82 - Cebu City, South.xls",Sheet 6 (DO 86-2023)
2172,P DEL ROSARIO EXT,,P DEL ROSARIO EXT,,"RDO No. 82 - Cebu City, South.xls",Sheet 6 (DO 86-2023)
2173,P DEL ROSARIO EXT,,P DEL ROSARIO EXT,,"RDO No. 82 - Cebu City, South.xls",Sheet 6 (DO 86-2023)
2174,PAULIN DRIVE,,PAULIN DRIVE,,"RDO No. 82 - Cebu City, South.xls",Sheet 6 (DO 86-2023)
2175,,,,,"RDO No. 82 - Cebu City, South.xls",Sheet 6 (DO 86-2023)
2176,RR LANDON EXT,,RR LANDON EXT,,"RDO No. 82 - Cebu City, South.xls",Sheet 6 (DO 86-2023)
2177,SAMBAG,,SAMBAG,,"RDO No. 82 - Cebu City, South.xls",Sheet 6 (DO 86-2023)
2178,1ST STREET,,1ST STREET,1.0,"RDO No. 82 - Cebu City, South.xls",Sheet 6 (DO 86-2023)
2179,,,,,"RDO No. 82 - Cebu City, South.xls",Sheet 6 (DO 86-2023)
2180,2ND STREET,,2ND STREET,2.0,"RDO No. 82 - Cebu City, South.xls",Sheet 6 (DO 86-2023)
2181,,,,,"RDO No. 82 - Cebu City, South.xls",Sheet 6 (DO 86-2023)
2182,3RD STREET,,3RD STREET,3.0,"RDO No. 82 - Cebu City, South.xls",Sheet 6 (DO 86-2023)
2183,,,,,"RDO No. 82 - Cebu City, South.xls",Sheet 6 (DO 86-2023)
2184,4TH STREET,,4TH STREET,4.0,"RDO No. 82 - Cebu City, South.xls",Sheet 6 (DO 86-2023)
2185,,,,,"RDO No. 82 - Cebu City, South.xls",Sheet 6 (DO 86-2023)
2186,5TH STREET,,5TH STREET,5.0,"RDO No. 82 - Cebu City, South.xls",Sheet 6 (DO 86-2023)
2187,,,,,"RDO No. 82 - Cebu City, South.xls",Sheet 6 (DO 86-2023)
2188,6TH STREET,,6TH STREET,6.0,"RDO No. 82 - Cebu City, South.xls",Sheet 6 (DO 86-2023)
2189,,,,,"RDO No. 82 - Cebu City, South.xls",Sheet 6 (DO 86-2023)
2190,SITIO SANTA CRUZ,,SITIO SANTA CRUZ,,"RDO No. 82 - Cebu City, South.xls",Sheet 6 (DO 86-2023)
2191,,,,,"RDO No. 82 - Cebu City, South.xls",Sheet 6 (DO 86-2023)
2192,Province                         :  CEBU,,Province                         :  CEBU,,"RDO No. 82 - Cebu City, South.xls",Sheet 6 (DO 86-2023)
2193,City/Municipality       :  CEBU CITY SOUTH,,City/Municipality       :  CEBU CITY SOUTH,,"RDO No. 82 - Cebu City, South.xls",Sheet 6 (DO 86-2023)
2194,Zone/Barangay           :  SAMBAG I,,Zone/Barangay           :  SAMBAG I,,"RDO No. 82 - Cebu City, South.xls",Sheet 6 (DO 86-2023)
2195,STREET NAME/ SUBDIVISION/ CONDOMINIUM,,STREET NAME/ SUBDIVISION/ CONDOMINIUM,,"RDO No. 82 - Cebu City, South.xls",Sheet 6 (DO 86-2023)
2196,,,,,"RDO No. 82 - Cebu City, South.xls",Sheet 6 (DO 86-2023)
2197,SITIO SAN ANTONIO,,SITIO SAN ANTONIO,,"RDO No. 82 - Cebu City, South.xls",Sheet 6 (DO 86-2023)
2198,,,,,"RDO No. 82 - Cebu City, South.xls",Sheet 6 (DO 86-2023)
2199,SPONGKLONG ST.,,SPONGKLONG ST.,,"RDO No. 82 - Cebu City, South.xls",Sheet 6 (DO 86-2023)
2200,VILLA AZNAR ROAD,,VILLA AZNAR ROAD,,"RDO No. 82 - Cebu City, South.xls",Sheet 6 (DO 86-2023)
2201,,,,,"RDO No. 82 - Cebu City, South.xls",Sheet 6 (DO 86-2023)
2202,UYTENGSU ST,,UYTENGSU ST,,"RDO No. 82 - Cebu City, South.xls",Sheet 6 (DO 86-2023)
2203,UYTENGSU ST,,UYTENGSU ST,,"RDO No. 82 - Cebu City, South.xls",Sheet 6 (DO 86-2023)
2204,UYTENGSU EXT.,,UYTENGSU EXT.,,"RDO No. 82 - Cebu City, South.xls",Sheet 6 (DO 86-2023)
2205,,,,,"RDO No. 82 - Cebu City, South.xls",Sheet 6 (DO 86-2023)
2206,ALL OTHER STREETS,,ALL OTHER STREETS,,"RDO No. 82 - Cebu City, South.xls",Sheet 6 (DO 86-2023)
2207,,,,,"RDO No. 82 - Cebu City, South.xls",Sheet 6 (DO 86-2023)
2208,,,,,"RDO No. 82 - Cebu City, South.xls",Sheet 6 (DO 86-2023)
2209,,,,,"RDO No. 82 - Cebu City, South.xls",Sheet 6 (DO 86-2023)
2210,SUBDIVISIONS,,SUBDIVISIONS,,"RDO No. 82 - Cebu City, South.xls",Sheet 6 (DO 86-2023)
2211,ALL  SUBDIVISIONS -,,ALL  SUBDIVISIONS -,,"RDO No. 82 - Cebu City, South.xls",Sheet 6 (DO 86-2023)
2212,(Formerly All Other Existing Subdivisions),,(Formerly All Other Existing Subdivisions),,"RDO No. 82 - Cebu City, South.xls",Sheet 6 (DO 86-2023)
2213,(Formerly New Subdivision),,(Formerly New Subdivision),,"RDO No. 82 - Cebu City, South.xls",Sheet 6 (DO 86-2023)
2214,NEW SUBDIVISION,,NEW SUBDIVISION,,"RDO No. 82 - Cebu City, South.xls",Sheet 6 (DO 86-2023)
2215,,,,,"RDO No. 82 - Cebu City, South.xls",Sheet 6 (DO 86-2023)
2216,CONDOMINIUMS,,CONDOMINIUMS,,"RDO No. 82 - Cebu City, South.xls",Sheet 6 (DO 86-2023)
2217,CONDOMINIUM -HIGH END,,CONDOMINIUM -HIGH END,,"RDO No. 82 - Cebu City, South.xls",Sheet 6 (DO 86-2023)
2218,,,,,"RDO No. 82 - Cebu City, South.xls",Sheet 6 (DO 86-2023)
2219,,,,,"RDO No. 82 - Cebu City, South.xls",Sheet 6 (DO 86-2023)
2220,,,,,"RDO No. 82 - Cebu City, South.xls",Sheet 6 (DO 86-2023)
2221,CONDOMINIUMS,,CONDOMINIUMS,,"RDO No. 82 - Cebu City, South.xls",Sheet 6 (DO 86-2023)
2222,17 STOREYS & UP,,17 STOREYS & UP,17.0,"RDO No. 82 - Cebu City, South.xls",Sheet 6 (DO 86-2023)
2223,,,,,"RDO No. 82 - Cebu City, South.xls",Sheet 6 (DO 86-2023)
2224,,,,,"RDO No. 82 - Cebu City, South.xls",Sheet 6 (DO 86-2023)
2225,8 - 16 STOREYS,,8 - 16 STOREYS,,"RDO No. 82 - Cebu City, South.xls",Sheet 6 (DO 86-2023)
2226,,,,,"RDO No. 82 - Cebu City, South.xls",Sheet 6 (DO 86-2023)
2227,,,,,"RDO No. 82 - Cebu City, South.xls",Sheet 6 (DO 86-2023)
2228,1 - 7 STOREYS,,1 - 7 STOREYS,,"RDO No. 82 - Cebu City, South.xls",Sheet 6 (DO 86-2023)
2229,,,,,"RDO No. 82 - Cebu City, South.xls",Sheet 6 (DO 86-2023)
2230,,,,,"RDO No. 82 - Cebu City, South.xls",Sheet 6 (DO 86-2023)
2231,SOCIALIZED / LOW-COST,,SOCIALIZED / LOW-COST,,"RDO No. 82 - Cebu City, South.xls",Sheet 6 (DO 86-2023)
2232,,,,,"RDO No. 82 - Cebu City, South.xls",Sheet 6 (DO 86-2023)
2233,,,,,"RDO No. 82 - Cebu City, South.xls",Sheet 6 (DO 86-2023)
2234,*         NEW,,*         NEW,,"RDO No. 82 - Cebu City, South.xls",Sheet 6 (DO 86-2023)
2235,**       FOR DELETION - SIMPLIFIED CONDOMINIUM OR  STREET NAME / DUPLICATION OF STREET NAME,,**       FOR DELETION - SIMPLIFIED CONDOMINIUM OR  STREET NAME / DUPLICATION OF STREET NAME,,"RDO No. 82 - Cebu City, South.xls",Sheet 6 (DO 86-2023)
2236,***     CHANGED STREET NAME,,***     CHANGED STREET NAME,,"RDO No. 82 - Cebu City, South.xls",Sheet 6 (DO 86-2023)
2237,,,,,"RDO No. 82 - Cebu City, South.xls",Sheet 6 (DO 86-2023)
2238,Province                         :  CEBU,,Province                         :  CEBU,,"RDO No. 82 - Cebu City, South.xls",Sheet 6 (DO 86-2023)
2239,City/Municipality       :  CEBU CITY SOUTH,,City/Municipality       :  CEBU CITY SOUTH,,"RDO No. 82 - Cebu City, South.xls",Sheet 6 (DO 86-2023)
2240,Zone/Barangay           :  SAMBAG II,,Zone/Barangay           :  SAMBAG II,,"RDO No. 82 - Cebu City, South.xls",Sheet 6 (DO 86-2023)
2241,STREET NAME/SUBDIVISION/CONDOMINIUM,,STREET NAME/SUBDIVISION/CONDOMINIUM,,"RDO No. 82 - Cebu City, South.xls",Sheet 6 (DO 86-2023)
2242,,,,,"RDO No. 82 - Cebu City, South.xls",Sheet 6 (DO 86-2023)
2243,A. TORMIS EXTENSION,,A. TORMIS EXTENSION,,"RDO No. 82 - Cebu City, South.xls",Sheet 6 (DO 86-2023)
2244,ASCENSION ST.,,ASCENSION ST.,,"RDO No. 82 - Cebu City, South.xls",Sheet 6 (DO 86-2023)
2245,ASSUMPTION ST,,ASSUMPTION ST,,"RDO No. 82 - Cebu City, South.xls",Sheet 6 (DO 86-2023)
2246,AZNAR ROAD,,AZNAR ROAD,,"RDO No. 82 - Cebu City, South.xls",Sheet 6 (DO 86-2023)
2247,B RODRIGUEZ ST,,B RODRIGUEZ ST,,"RDO No. 82 - Cebu City, South.xls",Sheet 6 (DO 86-2023)
2248,,,,,"RDO No. 82 - Cebu City, South.xls",Sheet 6 (DO 86-2023)
2249,B. RODRIGUEZ EXT.,,B. RODRIGUEZ EXT.,,"RDO No. 82 - Cebu City, South.xls",Sheet 6 (DO 86-2023)
2250,ENCARNACION,,ENCARNACION,,"RDO No. 82 - Cebu City, South.xls",Sheet 6 (DO 86-2023)
2251,FUENTE OSMENA RTDA,,FUENTE OSMENA RTDA,,"RDO No. 82 - Cebu City, South.xls",Sheet 6 (DO 86-2023)
2252,J URGELLO PRIVATE ROAD,,J URGELLO PRIVATE ROAD,,"RDO No. 82 - Cebu City, South.xls",Sheet 6 (DO 86-2023)
2253,PRES. OSMENA BLVD (JONES AVENUE),,PRES. OSMENA BLVD (JONES AVENUE),,"RDO No. 82 - Cebu City, South.xls",Sheet 6 (DO 86-2023)
2254,M. OYSON ST.  TAMBIS CIRCLE,,M. OYSON ST.  TAMBIS CIRCLE,,"RDO No. 82 - Cebu City, South.xls",Sheet 6 (DO 86-2023)
2255,M.H AZNAR ROAD,,M.H AZNAR ROAD,,"RDO No. 82 - Cebu City, South.xls",Sheet 6 (DO 86-2023)
2256,P. DEL ROSARIO EXTENSION,,P. DEL ROSARIO EXTENSION,,"RDO No. 82 - Cebu City, South.xls",Sheet 6 (DO 86-2023)
2257,UYTENGSU ST,,UYTENGSU ST,,"RDO No. 82 - Cebu City, South.xls",Sheet 6 (DO 86-2023)
2258,V URGELLO ROAD,,V URGELLO ROAD,,"RDO No. 82 - Cebu City, South.xls",Sheet 6 (DO 86-2023)
2259,VISITACION ST,,VISITACION ST,,"RDO No. 82 - Cebu City, South.xls",Sheet 6 (DO 86-2023)
2260,1ST STREET,,1ST STREET,1.0,"RDO No. 82 - Cebu City, South.xls",Sheet 6 (DO 86-2023)
2261,2ND STREET,,2ND STREET,2.0,"RDO No. 82 - Cebu City, South.xls",Sheet 6 (DO 86-2023)
2262,3RD STREET,,3RD STREET,3.0,"RDO No. 82 - Cebu City, South.xls",Sheet 6 (DO 86-2023)
2263,ALL OTHER STREETS,,ALL OTHER STREETS,,"RDO No. 82 - Cebu City, South.xls",Sheet 6 (DO 86-2023)
2264,,,,,"RDO No. 82 - Cebu City, South.xls",Sheet 6 (DO 86-2023)
2265,,,,,"RDO No. 82 - Cebu City, South.xls",Sheet 6 (DO 86-2023)
2266,SUBDIVISIONS,,SUBDIVISIONS,,"RDO No. 82 - Cebu City, South.xls",Sheet 6 (DO 86-2023)
2267,ESPINA VILLAGE,,ESPINA VILLAGE,,"RDO No. 82 - Cebu City, South.xls",Sheet 6 (DO 86-2023)
2268,ZARATAN SUBD. ROAD,,ZARATAN SUBD. ROAD,,"RDO No. 82 - Cebu City, South.xls",Sheet 6 (DO 86-2023)
2269,ALL OTHER SUBDIVISIONS,,ALL OTHER SUBDIVISIONS,,"RDO No. 82 - Cebu City, South.xls",Sheet 6 (DO 86-2023)
2270,(Formerly All Other Existing Subdivisions),,(Formerly All Other Existing Subdivisions),,"RDO No. 82 - Cebu City, South.xls",Sheet 6 (DO 86-2023)
2271,(Formerly New Subdivision),,(Formerly New Subdivision),,"RDO No. 82 - Cebu City, South.xls",Sheet 6 (DO 86-2023)
2272,NEW SUBDIVISION,,NEW SUBDIVISION,,"RDO No. 82 - Cebu City, South.xls",Sheet 6 (DO 86-2023)
2273,CONDOMINIUMS,,CONDOMINIUMS,,"RDO No. 82 - Cebu City, South.xls",Sheet 6 (DO 86-2023)
2274,UNIPLACE @ SWU VILLAGE T-1,,UNIPLACE @ SWU VILLAGE T-1,-1.0,"RDO No. 82 - Cebu City, South.xls",Sheet 6 (DO 86-2023)
2275,,,,,"RDO No. 82 - Cebu City, South.xls",Sheet 6 (DO 86-2023)
2276,,,,,"RDO No. 82 - Cebu City, South.xls",Sheet 6 (DO 86-2023)
2277,CONDOMINIUM - HIGH END,,CONDOMINIUM - HIGH END,,"RDO No. 82 - Cebu City, South.xls",Sheet 6 (DO 86-2023)
2278,,,,,"RDO No. 82 - Cebu City, South.xls",Sheet 6 (DO 86-2023)
2279,,,,,"RDO No. 82 - Cebu City, South.xls",Sheet 6 (DO 86-2023)
2280,ALL OTHER CONDOMINIUMS,,ALL OTHER CONDOMINIUMS,,"RDO No. 82 - Cebu City, South.xls",Sheet 6 (DO 86-2023)
2281,17 STOREYS & UP,,17 STOREYS & UP,17.0,"RDO No. 82 - Cebu City, South.xls",Sheet 6 (DO 86-2023)
2282,,,,,"RDO No. 82 - Cebu City, South.xls",Sheet 6 (DO 86-2023)
2283,,,,,"RDO No. 82 - Cebu City, South.xls",Sheet 6 (DO 86-2023)
2284,8 - 16 STOREYS,,8 - 16 STOREYS,,"RDO No. 82 - Cebu City, South.xls",Sheet 6 (DO 86-2023)
2285,,,,,"RDO No. 82 - Cebu City, South.xls",Sheet 6 (DO 86-2023)
2286,,,,,"RDO No. 82 - Cebu City, South.xls",Sheet 6 (DO 86-2023)
2287,1 - 7 STOREYS,,1 - 7 STOREYS,,"RDO No. 82 - Cebu City, South.xls",Sheet 6 (DO 86-2023)
2288,,,,,"RDO No. 82 - Cebu City, South.xls",Sheet 6 (DO 86-2023)
2289,,,,,"RDO No. 82 - Cebu City, South.xls",Sheet 6 (DO 86-2023)
2290,SOCIALIZED / LOW-COST,,SOCIALIZED / LOW-COST,,"RDO No. 82 - Cebu City, South.xls",Sheet 6 (DO 86-2023)
2291,,,,,"RDO No. 82 - Cebu City, South.xls",Sheet 6 (DO 86-2023)
2292,,,,,"RDO No. 82 - Cebu City, South.xls",Sheet 6 (DO 86-2023)
2293,*         NEW,,*         NEW,,"RDO No. 82 - Cebu City, South.xls",Sheet 6 (DO 86-2023)
2294,**       FOR DELETION - SIMPLIFIED CONDOMINIUM OR  STREET NAME / DUPLICATION OF STREET NAME,,**       FOR DELETION - SIMPLIFIED CONDOMINIUM OR  STREET NAME / DUPLICATION OF STREET NAME,,"RDO No. 82 - Cebu City, South.xls",Sheet 6 (DO 86-2023)
2295,***     CHANGED STREET NAME,,***     CHANGED STREET NAME,,"RDO No. 82 - Cebu City, South.xls",Sheet 6 (DO 86-2023)
2296,****   SPECIFIED VICINITY,,****   SPECIFIED VICINITY,,"RDO No. 82 - Cebu City, South.xls",Sheet 6 (DO 86-2023)
2297,,,,,"RDO No. 82 - Cebu City, South.xls",Sheet 6 (DO 86-2023)
2298,Province                       :  CEBU,,Province                       :  CEBU,,"RDO No. 82 - Cebu City, South.xls",Sheet 6 (DO 86-2023)
2299,City/Municipality       :  CEBU CITY SOUTH,,City/Municipality       :  CEBU CITY SOUTH,,"RDO No. 82 - Cebu City, South.xls",Sheet 6 (DO 86-2023)
2300,Zone/Barangay          :  SAN NICOLAS PROPER,,Zone/Barangay          :  SAN NICOLAS PROPER,,"RDO No. 82 - Cebu City, South.xls",Sheet 6 (DO 86-2023)
2301,STREET NAME/SUBDIVISION/CONDOMINIUM,,STREET NAME/SUBDIVISION/CONDOMINIUM,,"RDO No. 82 - Cebu City, South.xls",Sheet 6 (DO 86-2023)
2302,,,,,"RDO No. 82 - Cebu City, South.xls",Sheet 6 (DO 86-2023)
2303,"ABELLANA, ELENO V. STREET",,"ABELLANA, ELENO V. STREET",,"RDO No. 82 - Cebu City, South.xls",Sheet 6 (DO 86-2023)
2304,,,,,"RDO No. 82 - Cebu City, South.xls",Sheet 6 (DO 86-2023)
2305,B ARANAS ST,,B ARANAS ST,,"RDO No. 82 - Cebu City, South.xls",Sheet 6 (DO 86-2023)
2306,,,,,"RDO No. 82 - Cebu City, South.xls",Sheet 6 (DO 86-2023)
2307,C PADILLA ST,,C PADILLA ST,,"RDO No. 82 - Cebu City, South.xls",Sheet 6 (DO 86-2023)
2308,,,,,"RDO No. 82 - Cebu City, South.xls",Sheet 6 (DO 86-2023)
2309,CARLOCK ST,,CARLOCK ST,,"RDO No. 82 - Cebu City, South.xls",Sheet 6 (DO 86-2023)
2310,FIGUEROA ST,,FIGUEROA ST,,"RDO No. 82 - Cebu City, South.xls",Sheet 6 (DO 86-2023)
2311,J M BASA ST,,J M BASA ST,,"RDO No. 82 - Cebu City, South.xls",Sheet 6 (DO 86-2023)
2312,KATIPUNAN ST.,,KATIPUNAN ST.,,"RDO No. 82 - Cebu City, South.xls",Sheet 6 (DO 86-2023)
2313,LAKANDULA ST,,LAKANDULA ST,,"RDO No. 82 - Cebu City, South.xls",Sheet 6 (DO 86-2023)
2314,N BACALSO AVE.,,N BACALSO AVE.,,"RDO No. 82 - Cebu City, South.xls",Sheet 6 (DO 86-2023)
2315,TOMAS ABELLA ST.,,TOMAS ABELLA ST.,,"RDO No. 82 - Cebu City, South.xls",Sheet 6 (DO 86-2023)
2316,,,,,"RDO No. 82 - Cebu City, South.xls",Sheet 6 (DO 86-2023)
2317,TRES DE ABRIL ST,,TRES DE ABRIL ST,,"RDO No. 82 - Cebu City, South.xls",Sheet 6 (DO 86-2023)
2318,TUPAS STREET,,TUPAS STREET,,"RDO No. 82 - Cebu City, South.xls",Sheet 6 (DO 86-2023)
2319,V RAMA AVENUE,,V RAMA AVENUE,,"RDO No. 82 - Cebu City, South.xls",Sheet 6 (DO 86-2023)
2320,ALL OTHER STREETS,,ALL OTHER STREETS,,"RDO No. 82 - Cebu City, South.xls",Sheet 6 (DO 86-2023)
2321,,,,,"RDO No. 82 - Cebu City, South.xls",Sheet 6 (DO 86-2023)
2322,,,,,"RDO No. 82 - Cebu City, South.xls",Sheet 6 (DO 86-2023)
2323,,,,,"RDO No. 82 - Cebu City, South.xls",Sheet 6 (DO 86-2023)
2324,SUBDIVISIONS,,SUBDIVISIONS,,"RDO No. 82 - Cebu City, South.xls",Sheet 6 (DO 86-2023)
2325,ALL  SUBDIVISIONS,,ALL  SUBDIVISIONS,,"RDO No. 82 - Cebu City, South.xls",Sheet 6 (DO 86-2023)
2326,(Formerly New Subdivision),,(Formerly New Subdivision),,"RDO No. 82 - Cebu City, South.xls",Sheet 6 (DO 86-2023)
2327,,,,,"RDO No. 82 - Cebu City, South.xls",Sheet 6 (DO 86-2023)
2328,CONDOMINIUMS,,CONDOMINIUMS,,"RDO No. 82 - Cebu City, South.xls",Sheet 6 (DO 86-2023)
2329,CONDOMINIUM - HIGH END,,CONDOMINIUM - HIGH END,,"RDO No. 82 - Cebu City, South.xls",Sheet 6 (DO 86-2023)
2330,,,,,"RDO No. 82 - Cebu City, South.xls",Sheet 6 (DO 86-2023)
2331,,,,,"RDO No. 82 - Cebu City, South.xls",Sheet 6 (DO 86-2023)
2332,CONDOMINIUMS,,CONDOMINIUMS,,"RDO No. 82 - Cebu City, South.xls",Sheet 6 (DO 86-2023)
2333,17 STOREYS & UP,,17 STOREYS & UP,17.0,"RDO No. 82 - Cebu City, South.xls",Sheet 6 (DO 86-2023)
2334,,,,,"RDO No. 82 - Cebu City, South.xls",Sheet 6 (DO 86-2023)
2335,,,,,"RDO No. 82 - Cebu City, South.xls",Sheet 6 (DO 86-2023)
2336,8 - 16 STOREYS,,8 - 16 STOREYS,,"RDO No. 82 - Cebu City, South.xls",Sheet 6 (DO 86-2023)
2337,,,,,"RDO No. 82 - Cebu City, South.xls",Sheet 6 (DO 86-2023)
2338,,,,,"RDO No. 82 - Cebu City, South.xls",Sheet 6 (DO 86-2023)
2339,1 - 7 STOREYS,,1 - 7 STOREYS,,"RDO No. 82 - Cebu City, South.xls",Sheet 6 (DO 86-2023)
2340,,,,,"RDO No. 82 - Cebu City, South.xls",Sheet 6 (DO 86-2023)
2341,,,,,"RDO No. 82 - Cebu City, South.xls",Sheet 6 (DO 86-2023)
2342,SOCIALIZED / LOW-COST,,SOCIALIZED / LOW-COST,,"RDO No. 82 - Cebu City, South.xls",Sheet 6 (DO 86-2023)
2343,,,,,"RDO No. 82 - Cebu City, South.xls",Sheet 6 (DO 86-2023)
2344,,,,,"RDO No. 82 - Cebu City, South.xls",Sheet 6 (DO 86-2023)
2345,*           NEW,,*           NEW,,"RDO No. 82 - Cebu City, South.xls",Sheet 6 (DO 86-2023)
2346,**        FOR DELETION - SIMPLIFIED CONDOMINIUM OR  STREET NAME / DUPLICATION OF STREET NAME,,**        FOR DELETION - SIMPLIFIED CONDOMINIUM OR  STREET NAME / DUPLICATION OF STREET NAME,,"RDO No. 82 - Cebu City, South.xls",Sheet 6 (DO 86-2023)
2347,***      CHANGED NAME,,***      CHANGED NAME,,"RDO No. 82 - Cebu City, South.xls",Sheet 6 (DO 86-2023)
2348,****    SPECIFIED VICINITY,,****    SPECIFIED VICINITY,,"RDO No. 82 - Cebu City, South.xls",Sheet 6 (DO 86-2023)
2349,,,,,"RDO No. 82 - Cebu City, South.xls",Sheet 6 (DO 86-2023)
2350,Province                      :  CEBU,,Province                      :  CEBU,,"RDO No. 82 - Cebu City, South.xls",Sheet 6 (DO 86-2023)
2351,,,,,"RDO No. 82 - Cebu City, South.xls",Sheet 6 (DO 86-2023)
2352,City/Municipality       :  CEBU CITY SOUTH,,City/Municipality       :  CEBU CITY SOUTH,,"RDO No. 82 - Cebu City, South.xls",Sheet 6 (DO 86-2023)
2353,,,,,"RDO No. 82 - Cebu City, South.xls",Sheet 6 (DO 86-2023)
2354,Zone/Barangay           :  SAPANGDAKU,,Zone/Barangay           :  SAPANGDAKU,,"RDO No. 82 - Cebu City, South.xls",Sheet 6 (DO 86-2023)
2355,,,,,"RDO No. 82 - Cebu City, South.xls",Sheet 6 (DO 86-2023)
2356,STREET NAME/SUBDIVISION/CONDOMINIUM,,STREET NAME/SUBDIVISION/CONDOMINIUM,,"RDO No. 82 - Cebu City, South.xls",Sheet 6 (DO 86-2023)
2357,,,,,"RDO No. 82 - Cebu City, South.xls",Sheet 6 (DO 86-2023)
2358,H. LABRA ST. (MAINROAD),,H. LABRA ST. (MAINROAD),,"RDO No. 82 - Cebu City, South.xls",Sheet 6 (DO 86-2023)
2359,ROAD TO  SITIO NAPO,,ROAD TO  SITIO NAPO,,"RDO No. 82 - Cebu City, South.xls",Sheet 6 (DO 86-2023)
2360,ALL  OTHER AREAS ALONG THE ROAD,,ALL  OTHER AREAS ALONG THE ROAD,,"RDO No. 82 - Cebu City, South.xls",Sheet 6 (DO 86-2023)
2361,(Formerly Suburban Areas With Road),,(Formerly Suburban Areas With Road),,"RDO No. 82 - Cebu City, South.xls",Sheet 6 (DO 86-2023)
2362,,,,,"RDO No. 82 - Cebu City, South.xls",Sheet 6 (DO 86-2023)
2363,ALL INTERIOR AREAS,,ALL INTERIOR AREAS,,"RDO No. 82 - Cebu City, South.xls",Sheet 6 (DO 86-2023)
2364,(Formerly Suburban Areas Without Road),,(Formerly Suburban Areas Without Road),,"RDO No. 82 - Cebu City, South.xls",Sheet 6 (DO 86-2023)
2365,RURAL AREAS,,RURAL AREAS,,"RDO No. 82 - Cebu City, South.xls",Sheet 6 (DO 86-2023)
2366,,,,,"RDO No. 82 - Cebu City, South.xls",Sheet 6 (DO 86-2023)
2367,,,,,"RDO No. 82 - Cebu City, South.xls",Sheet 6 (DO 86-2023)
2368,SUBDIVISIONS,,SUBDIVISIONS,,"RDO No. 82 - Cebu City, South.xls",Sheet 6 (DO 86-2023)
2369,GARDEN GROOVE SUBD.,,GARDEN GROOVE SUBD.,,"RDO No. 82 - Cebu City, South.xls",Sheet 6 (DO 86-2023)
2370,GREEN VIEW HOMES,,GREEN VIEW HOMES,,"RDO No. 82 - Cebu City, South.xls",Sheet 6 (DO 86-2023)
2371,HILLSIDE SUBD.,,HILLSIDE SUBD.,,"RDO No. 82 - Cebu City, South.xls",Sheet 6 (DO 86-2023)
2372,ST. MARTIN HEIGHTS SUBD.,,ST. MARTIN HEIGHTS SUBD.,,"RDO No. 82 - Cebu City, South.xls",Sheet 6 (DO 86-2023)
2373,ALL OTHER SUBDIVISIONS -,,ALL OTHER SUBDIVISIONS -,,"RDO No. 82 - Cebu City, South.xls",Sheet 6 (DO 86-2023)
2374,(Formerly All Other Existing Subdivisions),,(Formerly All Other Existing Subdivisions),,"RDO No. 82 - Cebu City, South.xls",Sheet 6 (DO 86-2023)
2375,(Formerly New Subdivision),,(Formerly New Subdivision),,"RDO No. 82 - Cebu City, South.xls",Sheet 6 (DO 86-2023)
2376,NEW SUBDIVISION,,NEW SUBDIVISION,,"RDO No. 82 - Cebu City, South.xls",Sheet 6 (DO 86-2023)
2377,,,,,"RDO No. 82 - Cebu City, South.xls",Sheet 6 (DO 86-2023)
2378,CONDOMINIUMS,,CONDOMINIUMS,,"RDO No. 82 - Cebu City, South.xls",Sheet 6 (DO 86-2023)
2379,17 STOREYS & UP,,17 STOREYS & UP,17.0,"RDO No. 82 - Cebu City, South.xls",Sheet 6 (DO 86-2023)
2380,,,,,"RDO No. 82 - Cebu City, South.xls",Sheet 6 (DO 86-2023)
2381,,,,,"RDO No. 82 - Cebu City, South.xls",Sheet 6 (DO 86-2023)
2382,8 - 16 STOREYS,,8 - 16 STOREYS,,"RDO No. 82 - Cebu City, South.xls",Sheet 6 (DO 86-2023)
2383,,,,,"RDO No. 82 - Cebu City, South.xls",Sheet 6 (DO 86-2023)
2384,,,,,"RDO No. 82 - Cebu City, South.xls",Sheet 6 (DO 86-2023)
2385,1 - 7 STOREYS,,1 - 7 STOREYS,,"RDO No. 82 - Cebu City, South.xls",Sheet 6 (DO 86-2023)
2386,,,,,"RDO No. 82 - Cebu City, South.xls",Sheet 6 (DO 86-2023)
2387,,,,,"RDO No. 82 - Cebu City, South.xls",Sheet 6 (DO 86-2023)
2388,SOCIALIZED / LOW-COST,,SOCIALIZED / LOW-COST,,"RDO No. 82 - Cebu City, South.xls",Sheet 6 (DO 86-2023)
2389,,,,,"RDO No. 82 - Cebu City, South.xls",Sheet 6 (DO 86-2023)
2390,,,,,"RDO No. 82 - Cebu City, South.xls",Sheet 6 (DO 86-2023)
2391,,,,,"RDO No. 82 - Cebu City, South.xls",Sheet 6 (DO 86-2023)
2392,*         NEW,,*         NEW,,"RDO No. 82 - Cebu City, South.xls",Sheet 6 (DO 86-2023)
2393,**       FOR DELETION - SIMPLIFIED CONDOMINIUM OR  STREET NAME / DUPLICATION OF STREET NAME,,**       FOR DELETION - SIMPLIFIED CONDOMINIUM OR  STREET NAME / DUPLICATION OF STREET NAME,,"RDO No. 82 - Cebu City, South.xls",Sheet 6 (DO 86-2023)
2394,***     CHANGED STREET NAME,,***     CHANGED STREET NAME,,"RDO No. 82 - Cebu City, South.xls",Sheet 6 (DO 86-2023)
2395,,,,,"RDO No. 82 - Cebu City, South.xls",Sheet 6 (DO 86-2023)
2396,,,,,"RDO No. 82 - Cebu City, South.xls",Sheet 6 (DO 86-2023)
2397,Province                         : CEBU,,Province                         : CEBU,,"RDO No. 82 - Cebu City, South.xls",Sheet 6 (DO 86-2023)
2398,City/Municipality          : CEBU CITY SOUTH,,City/Municipality          : CEBU CITY SOUTH,,"RDO No. 82 - Cebu City, South.xls",Sheet 6 (DO 86-2023)
2399,Zone/Barangay             : SAWANG CALERO,,Zone/Barangay             : SAWANG CALERO,,"RDO No. 82 - Cebu City, South.xls",Sheet 6 (DO 86-2023)
2400,STREET NAME/SUBDIVISION/CONDOMINIUM,,STREET NAME/SUBDIVISION/CONDOMINIUM,,"RDO No. 82 - Cebu City, South.xls",Sheet 6 (DO 86-2023)
2401,,,,,"RDO No. 82 - Cebu City, South.xls",Sheet 6 (DO 86-2023)
2402,C PADILLA ST,,C PADILLA ST,,"RDO No. 82 - Cebu City, South.xls",Sheet 6 (DO 86-2023)
2403,,,,,"RDO No. 82 - Cebu City, South.xls",Sheet 6 (DO 86-2023)
2404,CARLOCK ST,,CARLOCK ST,,"RDO No. 82 - Cebu City, South.xls",Sheet 6 (DO 86-2023)
2405,,,,,"RDO No. 82 - Cebu City, South.xls",Sheet 6 (DO 86-2023)
2406,FIGUEROA ST,,FIGUEROA ST,,"RDO No. 82 - Cebu City, South.xls",Sheet 6 (DO 86-2023)
2407,,,,,"RDO No. 82 - Cebu City, South.xls",Sheet 6 (DO 86-2023)
2408,TUPAS ST,,TUPAS ST,,"RDO No. 82 - Cebu City, South.xls",Sheet 6 (DO 86-2023)
2409,,,,,"RDO No. 82 - Cebu City, South.xls",Sheet 6 (DO 86-2023)
2410,J M BASA ST,,J M BASA ST,,"RDO No. 82 - Cebu City, South.xls",Sheet 6 (DO 86-2023)
2411,,,,,"RDO No. 82 - Cebu City, South.xls",Sheet 6 (DO 86-2023)
2412,JM BASA EXTENSION,,JM BASA EXTENSION,,"RDO No. 82 - Cebu City, South.xls",Sheet 6 (DO 86-2023)
2413,,,,,"RDO No. 82 - Cebu City, South.xls",Sheet 6 (DO 86-2023)
2414,DEL ROSARIO STREET,,DEL ROSARIO STREET,,"RDO No. 82 - Cebu City, South.xls",Sheet 6 (DO 86-2023)
2415,,,,,"RDO No. 82 - Cebu City, South.xls",Sheet 6 (DO 86-2023)
2416,R MAGSAYSAY ST,,R MAGSAYSAY ST,,"RDO No. 82 - Cebu City, South.xls",Sheet 6 (DO 86-2023)
2417,,,,,"RDO No. 82 - Cebu City, South.xls",Sheet 6 (DO 86-2023)
2418,R MAGSAYSAY EXT,,R MAGSAYSAY EXT,,"RDO No. 82 - Cebu City, South.xls",Sheet 6 (DO 86-2023)
2419,,,,,"RDO No. 82 - Cebu City, South.xls",Sheet 6 (DO 86-2023)
2420,GENERAL-GINES ST,,GENERAL-GINES ST,,"RDO No. 82 - Cebu City, South.xls",Sheet 6 (DO 86-2023)
2421,SPL QUALIFICATIONS,,SPL QUALIFICATIONS,,"RDO No. 82 - Cebu City, South.xls",Sheet 6 (DO 86-2023)
2422,TUPAS ST,,TUPAS ST,,"RDO No. 82 - Cebu City, South.xls",Sheet 6 (DO 86-2023)
2423,,,,,"RDO No. 82 - Cebu City, South.xls",Sheet 6 (DO 86-2023)
2424,ALL OTHER STREETS,,ALL OTHER STREETS,,"RDO No. 82 - Cebu City, South.xls",Sheet 6 (DO 86-2023)
2425,,,,,"RDO No. 82 - Cebu City, South.xls",Sheet 6 (DO 86-2023)
2426,,,,,"RDO No. 82 - Cebu City, South.xls",Sheet 6 (DO 86-2023)
2427,,,,,"RDO No. 82 - Cebu City, South.xls",Sheet 6 (DO 86-2023)
2428,,,,,"RDO No. 82 - Cebu City, South.xls",Sheet 6 (DO 86-2023)
2429,CONDOMINIUMS,,CONDOMINIUMS,,"RDO No. 82 - Cebu City, South.xls",Sheet 6 (DO 86-2023)
2430,CONDOMINIUM - HIGH END,,CONDOMINIUM - HIGH END,,"RDO No. 82 - Cebu City, South.xls",Sheet 6 (DO 86-2023)
2431,,,,,"RDO No. 82 - Cebu City, South.xls",Sheet 6 (DO 86-2023)
2432,,,,,"RDO No. 82 - Cebu City, South.xls",Sheet 6 (DO 86-2023)
2433,CONDOMINIUMS,,CONDOMINIUMS,,"RDO No. 82 - Cebu City, South.xls",Sheet 6 (DO 86-2023)
2434,17 STOREYS & UP,,17 STOREYS & UP,17.0,"RDO No. 82 - Cebu City, South.xls",Sheet 6 (DO 86-2023)
2435,,,,,"RDO No. 82 - Cebu City, South.xls",Sheet 6 (DO 86-2023)
2436,,,,,"RDO No. 82 - Cebu City, South.xls",Sheet 6 (DO 86-2023)
2437,8 - 16 STOREYS,,8 - 16 STOREYS,,"RDO No. 82 - Cebu City, South.xls",Sheet 6 (DO 86-2023)
2438,,,,,"RDO No. 82 - Cebu City, South.xls",Sheet 6 (DO 86-2023)
2439,,,,,"RDO No. 82 - Cebu City, South.xls",Sheet 6 (DO 86-2023)
2440,1 - 7 STOREYS,,1 - 7 STOREYS,,"RDO No. 82 - Cebu City, South.xls",Sheet 6 (DO 86-2023)
2441,,,,,"RDO No. 82 - Cebu City, South.xls",Sheet 6 (DO 86-2023)
2442,,,,,"RDO No. 82 - Cebu City, South.xls",Sheet 6 (DO 86-2023)
2443,SOCIALIZED / LOW-COST,,SOCIALIZED / LOW-COST,,"RDO No. 82 - Cebu City, South.xls",Sheet 6 (DO 86-2023)
2444,,,,,"RDO No. 82 - Cebu City, South.xls",Sheet 6 (DO 86-2023)
2445,,,,,"RDO No. 82 - Cebu City, South.xls",Sheet 6 (DO 86-2023)
2446,*           NEW,,*           NEW,,"RDO No. 82 - Cebu City, South.xls",Sheet 6 (DO 86-2023)
2447,**          FOR DELETION - SIMPLIFIED CONDOMINIUM OR  STREET NAME / DUPLICATION OF STREET NAME,,**          FOR DELETION - SIMPLIFIED CONDOMINIUM OR  STREET NAME / DUPLICATION OF STREET NAME,,"RDO No. 82 - Cebu City, South.xls",Sheet 6 (DO 86-2023)
2448,***      CHANGED STREET NAME,,***      CHANGED STREET NAME,,"RDO No. 82 - Cebu City, South.xls",Sheet 6 (DO 86-2023)
2449,****    SPECIFIED VICINITY,,****    SPECIFIED VICINITY,,"RDO No. 82 - Cebu City, South.xls",Sheet 6 (DO 86-2023)
2450,,,,,"RDO No. 82 - Cebu City, South.xls",Sheet 6 (DO 86-2023)
2451,,,,,"RDO No. 82 - Cebu City, South.xls",Sheet 6 (DO 86-2023)
2452,Province                         : CEBU,,Province                         : CEBU,,"RDO No. 82 - Cebu City, South.xls",Sheet 6 (DO 86-2023)
2453,,,,,"RDO No. 82 - Cebu City, South.xls",Sheet 6 (DO 86-2023)
2454,City/Municipality         : CEBU CITY SOUTH,,City/Municipality         : CEBU CITY SOUTH,,"RDO No. 82 - Cebu City, South.xls",Sheet 6 (DO 86-2023)
2455,,,,,"RDO No. 82 - Cebu City, South.xls",Sheet 6 (DO 86-2023)
2456,Zone/Barangay            : SINSIN,,Zone/Barangay            : SINSIN,,"RDO No. 82 - Cebu City, South.xls",Sheet 6 (DO 86-2023)
2457,,,,,"RDO No. 82 - Cebu City, South.xls",Sheet 6 (DO 86-2023)
2458,STREET NAME/SUBDIVISION/CONDOMINIUM,,STREET NAME/SUBDIVISION/CONDOMINIUM,,"RDO No. 82 - Cebu City, South.xls",Sheet 6 (DO 86-2023)
2459,,,,,"RDO No. 82 - Cebu City, South.xls",Sheet 6 (DO 86-2023)
2460,ALL AREAS ALONG THE ROAD,,ALL AREAS ALONG THE ROAD,,"RDO No. 82 - Cebu City, South.xls",Sheet 6 (DO 86-2023)
2461,(Formerly Suburban Areas With Road),,(Formerly Suburban Areas With Road),,"RDO No. 82 - Cebu City, South.xls",Sheet 6 (DO 86-2023)
2462,,,,,"RDO No. 82 - Cebu City, South.xls",Sheet 6 (DO 86-2023)
2463,ALL INTERIOR AREAS,,ALL INTERIOR AREAS,,"RDO No. 82 - Cebu City, South.xls",Sheet 6 (DO 86-2023)
2464,(Formerly Suburban Areas Without Road),,(Formerly Suburban Areas Without Road),,"RDO No. 82 - Cebu City, South.xls",Sheet 6 (DO 86-2023)
2465,RURAL BARANGAY,,RURAL BARANGAY,,"RDO No. 82 - Cebu City, South.xls",Sheet 6 (DO 86-2023)
2466,,,,,"RDO No. 82 - Cebu City, South.xls",Sheet 6 (DO 86-2023)
2467,,,,,"RDO No. 82 - Cebu City, South.xls",Sheet 6 (DO 86-2023)
2468,SUBDIVISIONS,,SUBDIVISIONS,,"RDO No. 82 - Cebu City, South.xls",Sheet 6 (DO 86-2023)
2469,ALL SUBDIVISIONS,,ALL SUBDIVISIONS,,"RDO No. 82 - Cebu City, South.xls",Sheet 6 (DO 86-2023)
2470,(Formerly New Subdivision),,(Formerly New Subdivision),,"RDO No. 82 - Cebu City, South.xls",Sheet 6 (DO 86-2023)
2471,,,,,"RDO No. 82 - Cebu City, South.xls",Sheet 6 (DO 86-2023)
2472,CONDOMINIUMS,,CONDOMINIUMS,,"RDO No. 82 - Cebu City, South.xls",Sheet 6 (DO 86-2023)
2473,17 STOREYS & UP,,17 STOREYS & UP,17.0,"RDO No. 82 - Cebu City, South.xls",Sheet 6 (DO 86-2023)
2474,,,,,"RDO No. 82 - Cebu City, South.xls",Sheet 6 (DO 86-2023)
2475,,,,,"RDO No. 82 - Cebu City, South.xls",Sheet 6 (DO 86-2023)
2476,8 - 16 STOREYS,,8 - 16 STOREYS,,"RDO No. 82 - Cebu City, South.xls",Sheet 6 (DO 86-2023)
2477,,,,,"RDO No. 82 - Cebu City, South.xls",Sheet 6 (DO 86-2023)
2478,,,,,"RDO No. 82 - Cebu City, South.xls",Sheet 6 (DO 86-2023)
2479,1 - 7 STOREYS,,1 - 7 STOREYS,,"RDO No. 82 - Cebu City, South.xls",Sheet 6 (DO 86-2023)
2480,,,,,"RDO No. 82 - Cebu City, South.xls",Sheet 6 (DO 86-2023)
2481,,,,,"RDO No. 82 - Cebu City, South.xls",Sheet 6 (DO 86-2023)
2482,SOCIALIZED / LOW-COST,,SOCIALIZED / LOW-COST,,"RDO No. 82 - Cebu City, South.xls",Sheet 6 (DO 86-2023)
2483,,,,,"RDO No. 82 - Cebu City, South.xls",Sheet 6 (DO 86-2023)
2484,,,,,"RDO No. 82 - Cebu City, South.xls",Sheet 6 (DO 86-2023)
2485,,,,,"RDO No. 82 - Cebu City, South.xls",Sheet 6 (DO 86-2023)
2486,*         NEW,,*         NEW,,"RDO No. 82 - Cebu City, South.xls",Sheet 6 (DO 86-2023)
2487,**       FOR DELETION - SIMPLIFIED CONDOMINIUM OR  STREET NAME / DUPLICATION OF STREET NAME,,**       FOR DELETION - SIMPLIFIED CONDOMINIUM OR  STREET NAME / DUPLICATION OF STREET NAME,,"RDO No. 82 - Cebu City, South.xls",Sheet 6 (DO 86-2023)
2488,***     CHANGED STREET NAME,,***     CHANGED STREET NAME,,"RDO No. 82 - Cebu City, South.xls",Sheet 6 (DO 86-2023)
2489,****   SPECIFIED VICINITY,,****   SPECIFIED VICINITY,,"RDO No. 82 - Cebu City, South.xls",Sheet 6 (DO 86-2023)
2490,,,,,"RDO No. 82 - Cebu City, South.xls",Sheet 6 (DO 86-2023)
2491,,,,,"RDO No. 82 - Cebu City, South.xls",Sheet 6 (DO 86-2023)
2492,Province                         : CEBU,,Province                         : CEBU,,"RDO No. 82 - Cebu City, South.xls",Sheet 6 (DO 86-2023)
2493,City/Municipality        : CEBU CITY SOUTH,,City/Municipality        : CEBU CITY SOUTH,,"RDO No. 82 - Cebu City, South.xls",Sheet 6 (DO 86-2023)
2494,Zone/Barangay            : SOUTH ROAD PROPERTIES (SOUTH RECLAMATION PROJECT),,Zone/Barangay            : SOUTH ROAD PROPERTIES (SOUTH RECLAMATION PROJECT),,"RDO No. 82 - Cebu City, South.xls",Sheet 6 (DO 86-2023)
2495,STREET NAME/SUBDIVISION/CONDOMINIUM,,STREET NAME/SUBDIVISION/CONDOMINIUM,,"RDO No. 82 - Cebu City, South.xls",Sheet 6 (DO 86-2023)
2496,,,,,"RDO No. 82 - Cebu City, South.xls",Sheet 6 (DO 86-2023)
2497,MAIN ROAD HIGHWAY,,MAIN ROAD HIGHWAY,,"RDO No. 82 - Cebu City, South.xls",Sheet 6 (DO 86-2023)
2498,ALL OTHER STREETS (Formerly Sub Street),,ALL OTHER STREETS (Formerly Sub Street),,"RDO No. 82 - Cebu City, South.xls",Sheet 6 (DO 86-2023)
2499,,,,,"RDO No. 82 - Cebu City, South.xls",Sheet 6 (DO 86-2023)
2500,,,,,"RDO No. 82 - Cebu City, South.xls",Sheet 6 (DO 86-2023)
2501,,,,,"RDO No. 82 - Cebu City, South.xls",Sheet 6 (DO 86-2023)
2502,,,,,"RDO No. 82 - Cebu City, South.xls",Sheet 6 (DO 86-2023)
2503,CHURCH AVENUE,,CHURCH AVENUE,,"RDO No. 82 - Cebu City, South.xls",Sheet 6 (DO 86-2023)
2504,EL PARDO ST,,EL PARDO ST,,"RDO No. 82 - Cebu City, South.xls",Sheet 6 (DO 86-2023)
2505,KAWIT ISLAND,,KAWIT ISLAND,,"RDO No. 82 - Cebu City, South.xls",Sheet 6 (DO 86-2023)
2506,SEASIDE AVENUE,,SEASIDE AVENUE,,"RDO No. 82 - Cebu City, South.xls",Sheet 6 (DO 86-2023)
2507,1ST ST,,1ST ST,1.0,"RDO No. 82 - Cebu City, South.xls",Sheet 6 (DO 86-2023)
2508,2ND ST,,2ND ST,2.0,"RDO No. 82 - Cebu City, South.xls",Sheet 6 (DO 86-2023)
2509,CONDOMINIUMS,,CONDOMINIUMS,,"RDO No. 82 - Cebu City, South.xls",Sheet 6 (DO 86-2023)
2510,SAN REMO OASIS @ CITY DI MARE,,SAN REMO OASIS @ CITY DI MARE,,"RDO No. 82 - Cebu City, South.xls",Sheet 6 (DO 86-2023)
2511,BUILDING 1-7,,BUILDING 1-7,,"RDO No. 82 - Cebu City, South.xls",Sheet 6 (DO 86-2023)
2512,,,,,"RDO No. 82 - Cebu City, South.xls",Sheet 6 (DO 86-2023)
2513,,,,,"RDO No. 82 - Cebu City, South.xls",Sheet 6 (DO 86-2023)
2514,BUILDING 8,,BUILDING 8,8.0,"RDO No. 82 - Cebu City, South.xls",Sheet 6 (DO 86-2023)
2515,,,,,"RDO No. 82 - Cebu City, South.xls",Sheet 6 (DO 86-2023)
2516,,,,,"RDO No. 82 - Cebu City, South.xls",Sheet 6 (DO 86-2023)
2517,"AMALFI OASIS @ CITTA DI MARE BLDG. 1, 3 (CITTA DI MARE CONDO)",,"AMALFI OASIS @ CITTA DI MARE BLDG. 1, 3 (CITTA DI MARE CONDO)",0.13,"RDO No. 82 - Cebu City, South.xls",Sheet 6 (DO 86-2023)
2518,,,,,"RDO No. 82 - Cebu City, South.xls",Sheet 6 (DO 86-2023)
2519,,,,,"RDO No. 82 - Cebu City, South.xls",Sheet 6 (DO 86-2023)
2520,PERTH OASIS @ CITY DI MARE,,PERTH OASIS @ CITY DI MARE,,"RDO No. 82 - Cebu City, South.xls",Sheet 6 (DO 86-2023)
2521,,,,,"RDO No. 82 - Cebu City, South.xls",Sheet 6 (DO 86-2023)
2522,,,,,"RDO No. 82 - Cebu City, South.xls",Sheet 6 (DO 86-2023)
2523,CONDOMINIUM - HIGH END,,CONDOMINIUM - HIGH END,,"RDO No. 82 - Cebu City, South.xls",Sheet 6 (DO 86-2023)
2524,,,,,"RDO No. 82 - Cebu City, South.xls",Sheet 6 (DO 86-2023)
2525,,,,,"RDO No. 82 - Cebu City, South.xls",Sheet 6 (DO 86-2023)
2526,ALL OTHER CONDOMINIUMS,,ALL OTHER CONDOMINIUMS,,"RDO No. 82 - Cebu City, South.xls",Sheet 6 (DO 86-2023)
2527,17 STOREYS & UP,,17 STOREYS & UP,17.0,"RDO No. 82 - Cebu City, South.xls",Sheet 6 (DO 86-2023)
2528,,,,,"RDO No. 82 - Cebu City, South.xls",Sheet 6 (DO 86-2023)
2529,,,,,"RDO No. 82 - Cebu City, South.xls",Sheet 6 (DO 86-2023)
2530,8 - 16 STOREYS,,8 - 16 STOREYS,,"RDO No. 82 - Cebu City, South.xls",Sheet 6 (DO 86-2023)
2531,,,,,"RDO No. 82 - Cebu City, South.xls",Sheet 6 (DO 86-2023)
2532,,,,,"RDO No. 82 - Cebu City, South.xls",Sheet 6 (DO 86-2023)
2533,1 - 7 STOREYS,,1 - 7 STOREYS,,"RDO No. 82 - Cebu City, South.xls",Sheet 6 (DO 86-2023)
2534,,,,,"RDO No. 82 - Cebu City, South.xls",Sheet 6 (DO 86-2023)
2535,,,,,"RDO No. 82 - Cebu City, South.xls",Sheet 6 (DO 86-2023)
2536,SOCIALIZED / LOW-COST,,SOCIALIZED / LOW-COST,,"RDO No. 82 - Cebu City, South.xls",Sheet 6 (DO 86-2023)
2537,,,,,"RDO No. 82 - Cebu City, South.xls",Sheet 6 (DO 86-2023)
2538,,,,,"RDO No. 82 - Cebu City, South.xls",Sheet 6 (DO 86-2023)
2539,*         NEW,,*         NEW,,"RDO No. 82 - Cebu City, South.xls",Sheet 6 (DO 86-2023)
2540,**       FOR DELETION - SIMPLIFIED CONDOMINIUM OR  STREET NAME / DUPLICATION OF STREET NAME,,**       FOR DELETION - SIMPLIFIED CONDOMINIUM OR  STREET NAME / DUPLICATION OF STREET NAME,,"RDO No. 82 - Cebu City, South.xls",Sheet 6 (DO 86-2023)
2541,***     CHANGED STREET NAME,,***     CHANGED STREET NAME,,"RDO No. 82 - Cebu City, South.xls",Sheet 6 (DO 86-2023)
2542,,,,,"RDO No. 82 - Cebu City, South.xls",Sheet 6 (DO 86-2023)
2543,Province                        :  CEBU,,Province                        :  CEBU,,"RDO No. 82 - Cebu City, South.xls",Sheet 6 (DO 86-2023)
2544,City/Municipality       :  CEBU CITY SOUTH,,City/Municipality       :  CEBU CITY SOUTH,,"RDO No. 82 - Cebu City, South.xls",Sheet 6 (DO 86-2023)
2545,Zone/Barangay            :  SUBA  (FORMERLY SUBA PASIL),,Zone/Barangay            :  SUBA  (FORMERLY SUBA PASIL),,"RDO No. 82 - Cebu City, South.xls",Sheet 6 (DO 86-2023)
2546,STREET NAME/SUBDIVISION/CONDOMINIUM,,STREET NAME/SUBDIVISION/CONDOMINIUM,,"RDO No. 82 - Cebu City, South.xls",Sheet 6 (DO 86-2023)
2547,,,,,"RDO No. 82 - Cebu City, South.xls",Sheet 6 (DO 86-2023)
2548,ABELLANA ST.,,ABELLANA ST.,,"RDO No. 82 - Cebu City, South.xls",Sheet 6 (DO 86-2023)
2549,,,,,"RDO No. 82 - Cebu City, South.xls",Sheet 6 (DO 86-2023)
2550,"ABELLAR, LUIS STREET",,"ABELLAR, LUIS STREET",,"RDO No. 82 - Cebu City, South.xls",Sheet 6 (DO 86-2023)
2551,,,,,"RDO No. 82 - Cebu City, South.xls",Sheet 6 (DO 86-2023)
2552,ACCESS ROAD 3,,ACCESS ROAD 3,3.0,"RDO No. 82 - Cebu City, South.xls",Sheet 6 (DO 86-2023)
2553,,,,,"RDO No. 82 - Cebu City, South.xls",Sheet 6 (DO 86-2023)
2554,BELGIUM ST.,,BELGIUM ST.,,"RDO No. 82 - Cebu City, South.xls",Sheet 6 (DO 86-2023)
2555,,,,,"RDO No. 82 - Cebu City, South.xls",Sheet 6 (DO 86-2023)
2556,F. RALLOS ST.,,F. RALLOS ST.,,"RDO No. 82 - Cebu City, South.xls",Sheet 6 (DO 86-2023)
2557,,,,,"RDO No. 82 - Cebu City, South.xls",Sheet 6 (DO 86-2023)
2558,GARFIELD ST.,,GARFIELD ST.,,"RDO No. 82 - Cebu City, South.xls",Sheet 6 (DO 86-2023)
2559,,,,,"RDO No. 82 - Cebu City, South.xls",Sheet 6 (DO 86-2023)
2560,GEN GINES ST.,,GEN GINES ST.,,"RDO No. 82 - Cebu City, South.xls",Sheet 6 (DO 86-2023)
2561,,,,,"RDO No. 82 - Cebu City, South.xls",Sheet 6 (DO 86-2023)
2562,M. DELA CONCEPCION,,M. DELA CONCEPCION,,"RDO No. 82 - Cebu City, South.xls",Sheet 6 (DO 86-2023)
2563,,,,,"RDO No. 82 - Cebu City, South.xls",Sheet 6 (DO 86-2023)
2564,MAGSAYSAY ST.,,MAGSAYSAY ST.,,"RDO No. 82 - Cebu City, South.xls",Sheet 6 (DO 86-2023)
2565,,,,,"RDO No. 82 - Cebu City, South.xls",Sheet 6 (DO 86-2023)
2566,MISSIONARIES ST.,,MISSIONARIES ST.,,"RDO No. 82 - Cebu City, South.xls",Sheet 6 (DO 86-2023)
2567,,,,,"RDO No. 82 - Cebu City, South.xls",Sheet 6 (DO 86-2023)
2568,STO. NINO ST.,,STO. NINO ST.,,"RDO No. 82 - Cebu City, South.xls",Sheet 6 (DO 86-2023)
2569,,,,,"RDO No. 82 - Cebu City, South.xls",Sheet 6 (DO 86-2023)
2570,T. BUGALLON ST.,,T. BUGALLON ST.,,"RDO No. 82 - Cebu City, South.xls",Sheet 6 (DO 86-2023)
2571,,,,,"RDO No. 82 - Cebu City, South.xls",Sheet 6 (DO 86-2023)
2572,TUPAS ST.,,TUPAS ST.,,"RDO No. 82 - Cebu City, South.xls",Sheet 6 (DO 86-2023)
2573,,,,,"RDO No. 82 - Cebu City, South.xls",Sheet 6 (DO 86-2023)
2574,ALL OTHER STREETS,,ALL OTHER STREETS,,"RDO No. 82 - Cebu City, South.xls",Sheet 6 (DO 86-2023)
2575,,,,,"RDO No. 82 - Cebu City, South.xls",Sheet 6 (DO 86-2023)
2576,,,,,"RDO No. 82 - Cebu City, South.xls",Sheet 6 (DO 86-2023)
2577,CONDOMINIUMS,,CONDOMINIUMS,,"RDO No. 82 - Cebu City, South.xls",Sheet 6 (DO 86-2023)
2578,CONDOMINIUM - HIGH END,,CONDOMINIUM - HIGH END,,"RDO No. 82 - Cebu City, South.xls",Sheet 6 (DO 86-2023)
2579,,,,,"RDO No. 82 - Cebu City, South.xls",Sheet 6 (DO 86-2023)
2580,,,,,"RDO No. 82 - Cebu City, South.xls",Sheet 6 (DO 86-2023)
2581,CONDOMINIUMS,,CONDOMINIUMS,,"RDO No. 82 - Cebu City, South.xls",Sheet 6 (DO 86-2023)
2582,17 STOREYS & UP,,17 STOREYS & UP,17.0,"RDO No. 82 - Cebu City, South.xls",Sheet 6 (DO 86-2023)
2583,,,,,"RDO No. 82 - Cebu City, South.xls",Sheet 6 (DO 86-2023)
2584,,,,,"RDO No. 82 - Cebu City, South.xls",Sheet 6 (DO 86-2023)
2585,8 - 16 STOREYS,,8 - 16 STOREYS,,"RDO No. 82 - Cebu City, South.xls",Sheet 6 (DO 86-2023)
2586,,,,,"RDO No. 82 - Cebu City, South.xls",Sheet 6 (DO 86-2023)
2587,,,,,"RDO No. 82 - Cebu City, South.xls",Sheet 6 (DO 86-2023)
2588,1 - 7 STOREYS,,1 - 7 STOREYS,,"RDO No. 82 - Cebu City, South.xls",Sheet 6 (DO 86-2023)
2589,,,,,"RDO No. 82 - Cebu City, South.xls",Sheet 6 (DO 86-2023)
2590,,,,,"RDO No. 82 - Cebu City, South.xls",Sheet 6 (DO 86-2023)
2591,SOCIALIZED / LOW-COST,,SOCIALIZED / LOW-COST,,"RDO No. 82 - Cebu City, South.xls",Sheet 6 (DO 86-2023)
2592,,,,,"RDO No. 82 - Cebu City, South.xls",Sheet 6 (DO 86-2023)
2593,,,,,"RDO No. 82 - Cebu City, South.xls",Sheet 6 (DO 86-2023)
2594,*         NEW,,*         NEW,,"RDO No. 82 - Cebu City, South.xls",Sheet 6 (DO 86-2023)
2595,**       FOR DELETION - SIMPLIFIED CONDOMINIUM OR  STREET NAME / DUPLICATION OF STREET NAME,,**       FOR DELETION - SIMPLIFIED CONDOMINIUM OR  STREET NAME / DUPLICATION OF STREET NAME,,"RDO No. 82 - Cebu City, South.xls",Sheet 6 (DO 86-2023)
2596,***     CHANGED STREET NAME,,***     CHANGED STREET NAME,,"RDO No. 82 - Cebu City, South.xls",Sheet 6 (DO 86-2023)
2597,****   DELETED VICINITY,,****   DELETED VICINITY,,"RDO No. 82 - Cebu City, South.xls",Sheet 6 (DO 86-2023)
2598,,,,,"RDO No. 82 - Cebu City, South.xls",Sheet 6 (DO 86-2023)
2599,Province                       :  CEBU,,Province                       :  CEBU,,"RDO No. 82 - Cebu City, South.xls",Sheet 6 (DO 86-2023)
2600,,,,,"RDO No. 82 - Cebu City, South.xls",Sheet 6 (DO 86-2023)
2601,City/Municipality       :  CEBU CITY SOUTH,,City/Municipality       :  CEBU CITY SOUTH,,"RDO No. 82 - Cebu City, South.xls",Sheet 6 (DO 86-2023)
2602,,,,,"RDO No. 82 - Cebu City, South.xls",Sheet 6 (DO 86-2023)
2603,Zone/Barangay           :  SUDLON I,,Zone/Barangay           :  SUDLON I,,"RDO No. 82 - Cebu City, South.xls",Sheet 6 (DO 86-2023)
2604,,,,,"RDO No. 82 - Cebu City, South.xls",Sheet 6 (DO 86-2023)
2605,STREET NAME/SUBDIVISION/CONDOMINIUM,,STREET NAME/SUBDIVISION/CONDOMINIUM,,"RDO No. 82 - Cebu City, South.xls",Sheet 6 (DO 86-2023)
2606,,,,,"RDO No. 82 - Cebu City, South.xls",Sheet 6 (DO 86-2023)
2607,ALL AREAS ALONG THE ROAD,,ALL AREAS ALONG THE ROAD,,"RDO No. 82 - Cebu City, South.xls",Sheet 6 (DO 86-2023)
2608,(Formerly Suburban Areas With Road),,(Formerly Suburban Areas With Road),,"RDO No. 82 - Cebu City, South.xls",Sheet 6 (DO 86-2023)
2609,,,,,"RDO No. 82 - Cebu City, South.xls",Sheet 6 (DO 86-2023)
2610,ALL INTERIOR AREAS,,ALL INTERIOR AREAS,,"RDO No. 82 - Cebu City, South.xls",Sheet 6 (DO 86-2023)
2611,(Formerly Suburban Areas Without Road),,(Formerly Suburban Areas Without Road),,"RDO No. 82 - Cebu City, South.xls",Sheet 6 (DO 86-2023)
2612,RURAL BARANGAY,,RURAL BARANGAY,,"RDO No. 82 - Cebu City, South.xls",Sheet 6 (DO 86-2023)
2613,,,,,"RDO No. 82 - Cebu City, South.xls",Sheet 6 (DO 86-2023)
2614,,,,,"RDO No. 82 - Cebu City, South.xls",Sheet 6 (DO 86-2023)
2615,SUBDIVISIONS,,SUBDIVISIONS,,"RDO No. 82 - Cebu City, South.xls",Sheet 6 (DO 86-2023)
2616,ALL SUBDIVISIONS,,ALL SUBDIVISIONS,,"RDO No. 82 - Cebu City, South.xls",Sheet 6 (DO 86-2023)
2617,(Formerly New Subdivision),,(Formerly New Subdivision),,"RDO No. 82 - Cebu City, South.xls",Sheet 6 (DO 86-2023)
2618,,,,,"RDO No. 82 - Cebu City, South.xls",Sheet 6 (DO 86-2023)
2619,CONDOMINIUMS,,CONDOMINIUMS,,"RDO No. 82 - Cebu City, South.xls",Sheet 6 (DO 86-2023)
2620,17 STOREYS & UP,,17 STOREYS & UP,17.0,"RDO No. 82 - Cebu City, South.xls",Sheet 6 (DO 86-2023)
2621,,,,,"RDO No. 82 - Cebu City, South.xls",Sheet 6 (DO 86-2023)
2622,,,,,"RDO No. 82 - Cebu City, South.xls",Sheet 6 (DO 86-2023)
2623,8 - 16 STOREYS,,8 - 16 STOREYS,,"RDO No. 82 - Cebu City, South.xls",Sheet 6 (DO 86-2023)
2624,,,,,"RDO No. 82 - Cebu City, South.xls",Sheet 6 (DO 86-2023)
2625,,,,,"RDO No. 82 - Cebu City, South.xls",Sheet 6 (DO 86-2023)
2626,1 - 7 STOREYS,,1 - 7 STOREYS,,"RDO No. 82 - Cebu City, South.xls",Sheet 6 (DO 86-2023)
2627,,,,,"RDO No. 82 - Cebu City, South.xls",Sheet 6 (DO 86-2023)
2628,,,,,"RDO No. 82 - Cebu City, South.xls",Sheet 6 (DO 86-2023)
2629,SOCIALIZED / LOW-COST,,SOCIALIZED / LOW-COST,,"RDO No. 82 - Cebu City, South.xls",Sheet 6 (DO 86-2023)
2630,,,,,"RDO No. 82 - Cebu City, South.xls",Sheet 6 (DO 86-2023)
2631,,,,,"RDO No. 82 - Cebu City, South.xls",Sheet 6 (DO 86-2023)
2632,,,,,"RDO No. 82 - Cebu City, South.xls",Sheet 6 (DO 86-2023)
2633,*         NEW,,*         NEW,,"RDO No. 82 - Cebu City, South.xls",Sheet 6 (DO 86-2023)
2634,**       FOR DELETION - SIMPLIFIED CONDOMINIUM OR  STREET NAME / DUPLICATION OF STREET NAME,,**       FOR DELETION - SIMPLIFIED CONDOMINIUM OR  STREET NAME / DUPLICATION OF STREET NAME,,"RDO No. 82 - Cebu City, South.xls",Sheet 6 (DO 86-2023)
2635,***     CHANGED STREET NAME,,***     CHANGED STREET NAME,,"RDO No. 82 - Cebu City, South.xls",Sheet 6 (DO 86-2023)
2636,,,,,"RDO No. 82 - Cebu City, South.xls",Sheet 6 (DO 86-2023)
2637,,,,,"RDO No. 82 - Cebu City, South.xls",Sheet 6 (DO 86-2023)
2638,Province                      :  CEBU,,Province                      :  CEBU,,"RDO No. 82 - Cebu City, South.xls",Sheet 6 (DO 86-2023)
2639,,,,,"RDO No. 82 - Cebu City, South.xls",Sheet 6 (DO 86-2023)
2640,City/Municipality       :  CEBU CITY SOUTH,,City/Municipality       :  CEBU CITY SOUTH,,"RDO No. 82 - Cebu City, South.xls",Sheet 6 (DO 86-2023)
2641,,,,,"RDO No. 82 - Cebu City, South.xls",Sheet 6 (DO 86-2023)
2642,Zone/Barangay           :  SUDLON II,,Zone/Barangay           :  SUDLON II,,"RDO No. 82 - Cebu City, South.xls",Sheet 6 (DO 86-2023)
2643,,,,,"RDO No. 82 - Cebu City, South.xls",Sheet 6 (DO 86-2023)
2644,STREET NAME/SUBDIVISION/CONDOMINIUM,,STREET NAME/SUBDIVISION/CONDOMINIUM,,"RDO No. 82 - Cebu City, South.xls",Sheet 6 (DO 86-2023)
2645,,,,,"RDO No. 82 - Cebu City, South.xls",Sheet 6 (DO 86-2023)
2646,ALL AREAS ALONG THE ROAD,,ALL AREAS ALONG THE ROAD,,"RDO No. 82 - Cebu City, South.xls",Sheet 6 (DO 86-2023)
2647,(Formerly Suburban Areas With Road),,(Formerly Suburban Areas With Road),,"RDO No. 82 - Cebu City, South.xls",Sheet 6 (DO 86-2023)
2648,,,,,"RDO No. 82 - Cebu City, South.xls",Sheet 6 (DO 86-2023)
2649,ALL INTERIOR AREAS,,ALL INTERIOR AREAS,,"RDO No. 82 - Cebu City, South.xls",Sheet 6 (DO 86-2023)
2650,(Formerly Suburban Areas Without Road),,(Formerly Suburban Areas Without Road),,"RDO No. 82 - Cebu City, South.xls",Sheet 6 (DO 86-2023)
2651,RURAL BARANGAY,,RURAL BARANGAY,,"RDO No. 82 - Cebu City, South.xls",Sheet 6 (DO 86-2023)
2652,,,,,"RDO No. 82 - Cebu City, South.xls",Sheet 6 (DO 86-2023)
2653,,,,,"RDO No. 82 - Cebu City, South.xls",Sheet 6 (DO 86-2023)
2654,SUBDIVISIONS,,SUBDIVISIONS,,"RDO No. 82 - Cebu City, South.xls",Sheet 6 (DO 86-2023)
2655,ALL SUBDIVISIONS,,ALL SUBDIVISIONS,,"RDO No. 82 - Cebu City, South.xls",Sheet 6 (DO 86-2023)
2656,(Formerly New Subdivision),,(Formerly New Subdivision),,"RDO No. 82 - Cebu City, South.xls",Sheet 6 (DO 86-2023)
2657,,,,,"RDO No. 82 - Cebu City, South.xls",Sheet 6 (DO 86-2023)
2658,CONDOMINIUMS,,CONDOMINIUMS,,"RDO No. 82 - Cebu City, South.xls",Sheet 6 (DO 86-2023)
2659,17 STOREYS & UP,,17 STOREYS & UP,17.0,"RDO No. 82 - Cebu City, South.xls",Sheet 6 (DO 86-2023)
2660,,,,,"RDO No. 82 - Cebu City, South.xls",Sheet 6 (DO 86-2023)
2661,,,,,"RDO No. 82 - Cebu City, South.xls",Sheet 6 (DO 86-2023)
2662,8 - 16 STOREYS,,8 - 16 STOREYS,,"RDO No. 82 - Cebu City, South.xls",Sheet 6 (DO 86-2023)
2663,,,,,"RDO No. 82 - Cebu City, South.xls",Sheet 6 (DO 86-2023)
2664,,,,,"RDO No. 82 - Cebu City, South.xls",Sheet 6 (DO 86-2023)
2665,1 - 7 STOREYS,,1 - 7 STOREYS,,"RDO No. 82 - Cebu City, South.xls",Sheet 6 (DO 86-2023)
2666,,,,,"RDO No. 82 - Cebu City, South.xls",Sheet 6 (DO 86-2023)
2667,,,,,"RDO No. 82 - Cebu City, South.xls",Sheet 6 (DO 86-2023)
2668,SOCIALIZED / LOW-COST,,SOCIALIZED / LOW-COST,,"RDO No. 82 - Cebu City, South.xls",Sheet 6 (DO 86-2023)
2669,,,,,"RDO No. 82 - Cebu City, South.xls",Sheet 6 (DO 86-2023)
2670,,,,,"RDO No. 82 - Cebu City, South.xls",Sheet 6 (DO 86-2023)
2671,,,,,"RDO No. 82 - Cebu City, South.xls",Sheet 6 (DO 86-2023)
2672,*         NEW,,*         NEW,,"RDO No. 82 - Cebu City, South.xls",Sheet 6 (DO 86-2023)
2673,**       FOR DELETION - SIMPLIFIED CONDOMINIUM OR  STREET NAME / DUPLICATION OF STREET NAME,,**       FOR DELETION - SIMPLIFIED CONDOMINIUM OR  STREET NAME / DUPLICATION OF STREET NAME,,"RDO No. 82 - Cebu City, South.xls",Sheet 6 (DO 86-2023)
2674,***     CHANGED STREET NAME,,***     CHANGED STREET NAME,,"RDO No. 82 - Cebu City, South.xls",Sheet 6 (DO 86-2023)
2675,,,,,"RDO No. 82 - Cebu City, South.xls",Sheet 6 (DO 86-2023)
2676,,,,,"RDO No. 82 - Cebu City, South.xls",Sheet 6 (DO 86-2023)
2677,Province                         : CEBU,,Province                         : CEBU,,"RDO No. 82 - Cebu City, South.xls",Sheet 6 (DO 86-2023)
2678,,,,,"RDO No. 82 - Cebu City, South.xls",Sheet 6 (DO 86-2023)
2679,City/Municipality        : CEBU CITY SOUTH,,City/Municipality        : CEBU CITY SOUTH,,"RDO No. 82 - Cebu City, South.xls",Sheet 6 (DO 86-2023)
2680,,,,,"RDO No. 82 - Cebu City, South.xls",Sheet 6 (DO 86-2023)
2681,Zone/Barangay            : TABUNAN,,Zone/Barangay            : TABUNAN,,"RDO No. 82 - Cebu City, South.xls",Sheet 6 (DO 86-2023)
2682,,,,,"RDO No. 82 - Cebu City, South.xls",Sheet 6 (DO 86-2023)
2683,STREET NAME/SUBDIVISION/CONDOMINIUM,,STREET NAME/SUBDIVISION/CONDOMINIUM,,"RDO No. 82 - Cebu City, South.xls",Sheet 6 (DO 86-2023)
2684,,,,,"RDO No. 82 - Cebu City, South.xls",Sheet 6 (DO 86-2023)
2685,ALL AREAS ALONG THE ROAD,,ALL AREAS ALONG THE ROAD,,"RDO No. 82 - Cebu City, South.xls",Sheet 6 (DO 86-2023)
2686,(Formerly Suburban Areas With Road),,(Formerly Suburban Areas With Road),,"RDO No. 82 - Cebu City, South.xls",Sheet 6 (DO 86-2023)
2687,,,,,"RDO No. 82 - Cebu City, South.xls",Sheet 6 (DO 86-2023)
2688,ALL INTERIOR AREAS,,ALL INTERIOR AREAS,,"RDO No. 82 - Cebu City, South.xls",Sheet 6 (DO 86-2023)
2689,(Formerly Suburban Areas Without Road),,(Formerly Suburban Areas Without Road),,"RDO No. 82 - Cebu City, South.xls",Sheet 6 (DO 86-2023)
2690,RURAL BARANGAY,,RURAL BARANGAY,,"RDO No. 82 - Cebu City, South.xls",Sheet 6 (DO 86-2023)
2691,,,,,"RDO No. 82 - Cebu City, South.xls",Sheet 6 (DO 86-2023)
2692,,,,,"RDO No. 82 - Cebu City, South.xls",Sheet 6 (DO 86-2023)
2693,SUBDIVISIONS,,SUBDIVISIONS,,"RDO No. 82 - Cebu City, South.xls",Sheet 6 (DO 86-2023)
2694,ALL SUBDIVISIONS,,ALL SUBDIVISIONS,,"RDO No. 82 - Cebu City, South.xls",Sheet 6 (DO 86-2023)
2695,(Formerly New Subdivision),,(Formerly New Subdivision),,"RDO No. 82 - Cebu City, South.xls",Sheet 6 (DO 86-2023)
2696,,,,,"RDO No. 82 - Cebu City, South.xls",Sheet 6 (DO 86-2023)
2697,CONDOMINIUMS,,CONDOMINIUMS,,"RDO No. 82 - Cebu City, South.xls",Sheet 6 (DO 86-2023)
2698,17 STOREYS & UP,,17 STOREYS & UP,17.0,"RDO No. 82 - Cebu City, South.xls",Sheet 6 (DO 86-2023)
2699,,,,,"RDO No. 82 - Cebu City, South.xls",Sheet 6 (DO 86-2023)
2700,,,,,"RDO No. 82 - Cebu City, South.xls",Sheet 6 (DO 86-2023)
2701,8 - 16 STOREYS,,8 - 16 STOREYS,,"RDO No. 82 - Cebu City, South.xls",Sheet 6 (DO 86-2023)
2702,,,,,"RDO No. 82 - Cebu City, South.xls",Sheet 6 (DO 86-2023)
2703,,,,,"RDO No. 82 - Cebu City, South.xls",Sheet 6 (DO 86-2023)
2704,1 - 7 STOREYS,,1 - 7 STOREYS,,"RDO No. 82 - Cebu City, South.xls",Sheet 6 (DO 86-2023)
2705,,,,,"RDO No. 82 - Cebu City, South.xls",Sheet 6 (DO 86-2023)
2706,,,,,"RDO No. 82 - Cebu City, South.xls",Sheet 6 (DO 86-2023)
2707,SOCIALIZED / LOW-COST,,SOCIALIZED / LOW-COST,,"RDO No. 82 - Cebu City, South.xls",Sheet 6 (DO 86-2023)
2708,,,,,"RDO No. 82 - Cebu City, South.xls",Sheet 6 (DO 86-2023)
2709,,,,,"RDO No. 82 - Cebu City, South.xls",Sheet 6 (DO 86-2023)
2710,,,,,"RDO No. 82 - Cebu City, South.xls",Sheet 6 (DO 86-2023)
2711,*         NEW,,*         NEW,,"RDO No. 82 - Cebu City, South.xls",Sheet 6 (DO 86-2023)
2712,**       FOR DELETION - SIMPLIFIED CONDOMINIUM OR  STREET NAME / DUPLICATION OF STREET NAME,,**       FOR DELETION - SIMPLIFIED CONDOMINIUM OR  STREET NAME / DUPLICATION OF STREET NAME,,"RDO No. 82 - Cebu City, South.xls",Sheet 6 (DO 86-2023)
2713,***     CHANGED STREET NAME,,***     CHANGED STREET NAME,,"RDO No. 82 - Cebu City, South.xls",Sheet 6 (DO 86-2023)
2714,,,,,"RDO No. 82 - Cebu City, South.xls",Sheet 6 (DO 86-2023)
2715,,,,,"RDO No. 82 - Cebu City, South.xls",Sheet 6 (DO 86-2023)
2716,Province                         :  CEBU,,Province                         :  CEBU,,"RDO No. 82 - Cebu City, South.xls",Sheet 6 (DO 86-2023)
2717,,,,,"RDO No. 82 - Cebu City, South.xls",Sheet 6 (DO 86-2023)
2718,City/Municipality         :  CEBU CITY SOUTH,,City/Municipality         :  CEBU CITY SOUTH,,"RDO No. 82 - Cebu City, South.xls",Sheet 6 (DO 86-2023)
2719,,,,,"RDO No. 82 - Cebu City, South.xls",Sheet 6 (DO 86-2023)
2720,Zone/Barangay            :  TAG-BAO,,Zone/Barangay            :  TAG-BAO,,"RDO No. 82 - Cebu City, South.xls",Sheet 6 (DO 86-2023)
2721,,,,,"RDO No. 82 - Cebu City, South.xls",Sheet 6 (DO 86-2023)
2722,STREET NAME/SUBDIVISION/CONDOMINIUM,,STREET NAME/SUBDIVISION/CONDOMINIUM,,"RDO No. 82 - Cebu City, South.xls",Sheet 6 (DO 86-2023)
2723,,,,,"RDO No. 82 - Cebu City, South.xls",Sheet 6 (DO 86-2023)
2724,ALL AREAS ALONG THE ROAD,,ALL AREAS ALONG THE ROAD,,"RDO No. 82 - Cebu City, South.xls",Sheet 6 (DO 86-2023)
2725,(Formerly Suburban Areas With Road),,(Formerly Suburban Areas With Road),,"RDO No. 82 - Cebu City, South.xls",Sheet 6 (DO 86-2023)
2726,,,,,"RDO No. 82 - Cebu City, South.xls",Sheet 6 (DO 86-2023)
2727,ALL INTERIOR AREAS,,ALL INTERIOR AREAS,,"RDO No. 82 - Cebu City, South.xls",Sheet 6 (DO 86-2023)
2728,(Formerly Suburban Areas Without Road),,(Formerly Suburban Areas Without Road),,"RDO No. 82 - Cebu City, South.xls",Sheet 6 (DO 86-2023)
2729,RURAL BARANGAY,,RURAL BARANGAY,,"RDO No. 82 - Cebu City, South.xls",Sheet 6 (DO 86-2023)
2730,,,,,"RDO No. 82 - Cebu City, South.xls",Sheet 6 (DO 86-2023)
2731,,,,,"RDO No. 82 - Cebu City, South.xls",Sheet 6 (DO 86-2023)
2732,SUBDIVISIONS,,SUBDIVISIONS,,"RDO No. 82 - Cebu City, South.xls",Sheet 6 (DO 86-2023)
2733,ALL SUBDIVISIONS,,ALL SUBDIVISIONS,,"RDO No. 82 - Cebu City, South.xls",Sheet 6 (DO 86-2023)
2734,(Formerly New Subdivision),,(Formerly New Subdivision),,"RDO No. 82 - Cebu City, South.xls",Sheet 6 (DO 86-2023)
2735,,,,,"RDO No. 82 - Cebu City, South.xls",Sheet 6 (DO 86-2023)
2736,CONDOMINIUMS,,CONDOMINIUMS,,"RDO No. 82 - Cebu City, South.xls",Sheet 6 (DO 86-2023)
2737,17 STOREYS & UP,,17 STOREYS & UP,17.0,"RDO No. 82 - Cebu City, South.xls",Sheet 6 (DO 86-2023)
2738,,,,,"RDO No. 82 - Cebu City, South.xls",Sheet 6 (DO 86-2023)
2739,,,,,"RDO No. 82 - Cebu City, South.xls",Sheet 6 (DO 86-2023)
2740,8 - 16 STOREYS,,8 - 16 STOREYS,,"RDO No. 82 - Cebu City, South.xls",Sheet 6 (DO 86-2023)
2741,,,,,"RDO No. 82 - Cebu City, South.xls",Sheet 6 (DO 86-2023)
2742,,,,,"RDO No. 82 - Cebu City, South.xls",Sheet 6 (DO 86-2023)
2743,1 - 7 STOREYS,,1 - 7 STOREYS,,"RDO No. 82 - Cebu City, South.xls",Sheet 6 (DO 86-2023)
2744,,,,,"RDO No. 82 - Cebu City, South.xls",Sheet 6 (DO 86-2023)
2745,,,,,"RDO No. 82 - Cebu City, South.xls",Sheet 6 (DO 86-2023)
2746,SOCIALIZED / LOW-COST,,SOCIALIZED / LOW-COST,,"RDO No. 82 - Cebu City, South.xls",Sheet 6 (DO 86-2023)
2747,,,,,"RDO No. 82 - Cebu City, South.xls",Sheet 6 (DO 86-2023)
2748,,,,,"RDO No. 82 - Cebu City, South.xls",Sheet 6 (DO 86-2023)
2749,,,,,"RDO No. 82 - Cebu City, South.xls",Sheet 6 (DO 86-2023)
2750,*         NEW,,*         NEW,,"RDO No. 82 - Cebu City, South.xls",Sheet 6 (DO 86-2023)
2751,**       FOR DELETION - SIMPLIFIED CONDOMINIUM OR  STREET NAME / DUPLICATION OF STREET NAME,,**       FOR DELETION - SIMPLIFIED CONDOMINIUM OR  STREET NAME / DUPLICATION OF STREET NAME,,"RDO No. 82 - Cebu City, South.xls",Sheet 6 (DO 86-2023)
2752,***     CHANGED STREET NAME,,***     CHANGED STREET NAME,,"RDO No. 82 - Cebu City, South.xls",Sheet 6 (DO 86-2023)
2753,,,,,"RDO No. 82 - Cebu City, South.xls",Sheet 6 (DO 86-2023)
2754,,,,,"RDO No. 82 - Cebu City, South.xls",Sheet 6 (DO 86-2023)
2755,Province                         :  CEBU,,Province                         :  CEBU,,"RDO No. 82 - Cebu City, South.xls",Sheet 6 (DO 86-2023)
2756,City/Municipality       :  CEBU CITY SOUTH,,City/Municipality       :  CEBU CITY SOUTH,,"RDO No. 82 - Cebu City, South.xls",Sheet 6 (DO 86-2023)
2757,Zone/Barangay            :  TISA,,Zone/Barangay            :  TISA,,"RDO No. 82 - Cebu City, South.xls",Sheet 6 (DO 86-2023)
2758,STREET NAME/ SUBDIVISION/ CONDOMINIUM,,STREET NAME/ SUBDIVISION/ CONDOMINIUM,,"RDO No. 82 - Cebu City, South.xls",Sheet 6 (DO 86-2023)
2759,BANIKA,,BANIKA,,"RDO No. 82 - Cebu City, South.xls",Sheet 6 (DO 86-2023)
2760,CAPACULAN,,CAPACULAN,,"RDO No. 82 - Cebu City, South.xls",Sheet 6 (DO 86-2023)
2761,,,,,"RDO No. 82 - Cebu City, South.xls",Sheet 6 (DO 86-2023)
2762,CABARRUBIAS ST.(COBARRUBIAS ST),,CABARRUBIAS ST.(COBARRUBIAS ST),,"RDO No. 82 - Cebu City, South.xls",Sheet 6 (DO 86-2023)
2763,CHICOSAN,,CHICOSAN,,"RDO No. 82 - Cebu City, South.xls",Sheet 6 (DO 86-2023)
2764,DIAMOND ST.,,DIAMOND ST.,,"RDO No. 82 - Cebu City, South.xls",Sheet 6 (DO 86-2023)
2765,DOSDOS,,DOSDOS,,"RDO No. 82 - Cebu City, South.xls",Sheet 6 (DO 86-2023)
2766,EMERALD RD.,,EMERALD RD.,,"RDO No. 82 - Cebu City, South.xls",Sheet 6 (DO 86-2023)
2767,ESPEKAPA,,ESPEKAPA,,"RDO No. 82 - Cebu City, South.xls",Sheet 6 (DO 86-2023)
2768,F. LLAMAS ST.,,F. LLAMAS ST.,,"RDO No. 82 - Cebu City, South.xls",Sheet 6 (DO 86-2023)
2769,,,,,"RDO No. 82 - Cebu City, South.xls",Sheet 6 (DO 86-2023)
2770,F.PACAÑA ST.,,F.PACAÑA ST.,,"RDO No. 82 - Cebu City, South.xls",Sheet 6 (DO 86-2023)
2771,,,,,"RDO No. 82 - Cebu City, South.xls",Sheet 6 (DO 86-2023)
2772,FELIMON CABURNAY ST.,,FELIMON CABURNAY ST.,,"RDO No. 82 - Cebu City, South.xls",Sheet 6 (DO 86-2023)
2773,FOUNDATION FOR THE DEV OF UBRAN POOR,,FOUNDATION FOR THE DEV OF UBRAN POOR,,"RDO No. 82 - Cebu City, South.xls",Sheet 6 (DO 86-2023)
2774,GOLD ST.,,GOLD ST.,,"RDO No. 82 - Cebu City, South.xls",Sheet 6 (DO 86-2023)
2775,GUIJO STREET,,GUIJO STREET,,"RDO No. 82 - Cebu City, South.xls",Sheet 6 (DO 86-2023)
2776,JADE ST.,,JADE ST.,,"RDO No. 82 - Cebu City, South.xls",Sheet 6 (DO 86-2023)
2777,KAMUNING ST.,,KAMUNING ST.,,"RDO No. 82 - Cebu City, South.xls",Sheet 6 (DO 86-2023)
2778,KATIPUNAN ST,,KATIPUNAN ST,,"RDO No. 82 - Cebu City, South.xls",Sheet 6 (DO 86-2023)
2779,,,,,"RDO No. 82 - Cebu City, South.xls",Sheet 6 (DO 86-2023)
2780,,,,,"RDO No. 82 - Cebu City, South.xls",Sheet 6 (DO 86-2023)
2781,KATIPUNAN ST. EXTENSION,,KATIPUNAN ST. EXTENSION,,"RDO No. 82 - Cebu City, South.xls",Sheet 6 (DO 86-2023)
2782,,,,,"RDO No. 82 - Cebu City, South.xls",Sheet 6 (DO 86-2023)
2783,KIRK WOOD ST,,KIRK WOOD ST,,"RDO No. 82 - Cebu City, South.xls",Sheet 6 (DO 86-2023)
2784,"LIPA, A. ST",,"LIPA, A. ST",,"RDO No. 82 - Cebu City, South.xls",Sheet 6 (DO 86-2023)
2785,MOHON RD.,,MOHON RD.,,"RDO No. 82 - Cebu City, South.xls",Sheet 6 (DO 86-2023)
2786,MUTRA RD.,,MUTRA RD.,,"RDO No. 82 - Cebu City, South.xls",Sheet 6 (DO 86-2023)
2787,NEPTUNE ST.,,NEPTUNE ST.,,"RDO No. 82 - Cebu City, South.xls",Sheet 6 (DO 86-2023)
2788,PLATINUM ST.,,PLATINUM ST.,,"RDO No. 82 - Cebu City, South.xls",Sheet 6 (DO 86-2023)
2789,PEARL ST.,,PEARL ST.,,"RDO No. 82 - Cebu City, South.xls",Sheet 6 (DO 86-2023)
2790,RUBY ST.,,RUBY ST.,,"RDO No. 82 - Cebu City, South.xls",Sheet 6 (DO 86-2023)
2791,SAN PEDRO ST.,,SAN PEDRO ST.,,"RDO No. 82 - Cebu City, South.xls",Sheet 6 (DO 86-2023)
2792,SAPPHIRE ST.,,SAPPHIRE ST.,,"RDO No. 82 - Cebu City, South.xls",Sheet 6 (DO 86-2023)
2793,SATURN ST.,,SATURN ST.,,"RDO No. 82 - Cebu City, South.xls",Sheet 6 (DO 86-2023)
2794,SILVER ST.,,SILVER ST.,,"RDO No. 82 - Cebu City, South.xls",Sheet 6 (DO 86-2023)
2795,SITIO HIDDEN VALLEY,,SITIO HIDDEN VALLEY,,"RDO No. 82 - Cebu City, South.xls",Sheet 6 (DO 86-2023)
2796,,,,,"RDO No. 82 - Cebu City, South.xls",Sheet 6 (DO 86-2023)
2797,SITIO HOYA,,SITIO HOYA,,"RDO No. 82 - Cebu City, South.xls",Sheet 6 (DO 86-2023)
2798,,,,,"RDO No. 82 - Cebu City, South.xls",Sheet 6 (DO 86-2023)
2799,SITIO KAIMBOL,,SITIO KAIMBOL,,"RDO No. 82 - Cebu City, South.xls",Sheet 6 (DO 86-2023)
2800,,,,,"RDO No. 82 - Cebu City, South.xls",Sheet 6 (DO 86-2023)
2801,Province                         :  CEBU,,Province                         :  CEBU,,"RDO No. 82 - Cebu City, South.xls",Sheet 6 (DO 86-2023)
2802,City/Municipality       :  CEBU CITY SOUTH,,City/Municipality       :  CEBU CITY SOUTH,,"RDO No. 82 - Cebu City, South.xls",Sheet 6 (DO 86-2023)
2803,Zone/Barangay            :  TISA,,Zone/Barangay            :  TISA,,"RDO No. 82 - Cebu City, South.xls",Sheet 6 (DO 86-2023)
2804,STREET NAME/ SUBDIVISION/ CONDOMINIUM,,STREET NAME/ SUBDIVISION/ CONDOMINIUM,,"RDO No. 82 - Cebu City, South.xls",Sheet 6 (DO 86-2023)
2805,,,,,"RDO No. 82 - Cebu City, South.xls",Sheet 6 (DO 86-2023)
2806,SITIO SAN MIGUEL RD.,,SITIO SAN MIGUEL RD.,,"RDO No. 82 - Cebu City, South.xls",Sheet 6 (DO 86-2023)
2807,SUN FLOWER,,SUN FLOWER,,"RDO No. 82 - Cebu City, South.xls",Sheet 6 (DO 86-2023)
2808,TISA FILTER SITE,,TISA FILTER SITE,,"RDO No. 82 - Cebu City, South.xls",Sheet 6 (DO 86-2023)
2809,,,,,"RDO No. 82 - Cebu City, South.xls",Sheet 6 (DO 86-2023)
2810,URANUS ST.,,URANUS ST.,,"RDO No. 82 - Cebu City, South.xls",Sheet 6 (DO 86-2023)
2811,VENUS ST.,,VENUS ST.,,"RDO No. 82 - Cebu City, South.xls",Sheet 6 (DO 86-2023)
2812,ALL OTHER STREETS,,ALL OTHER STREETS,,"RDO No. 82 - Cebu City, South.xls",Sheet 6 (DO 86-2023)
2813,,,,,"RDO No. 82 - Cebu City, South.xls",Sheet 6 (DO 86-2023)
2814,,,,,"RDO No. 82 - Cebu City, South.xls",Sheet 6 (DO 86-2023)
2815,,,,,"RDO No. 82 - Cebu City, South.xls",Sheet 6 (DO 86-2023)
2816,,,,,"RDO No. 82 - Cebu City, South.xls",Sheet 6 (DO 86-2023)
2817,SUBDIVISIONS,,SUBDIVISIONS,,"RDO No. 82 - Cebu City, South.xls",Sheet 6 (DO 86-2023)
2818,ARCENAS HIGHLANDS SUBD PHASE 1,,ARCENAS HIGHLANDS SUBD PHASE 1,1.0,"RDO No. 82 - Cebu City, South.xls",Sheet 6 (DO 86-2023)
2819,BAYANIHAN VILLAGE,,BAYANIHAN VILLAGE,,"RDO No. 82 - Cebu City, South.xls",Sheet 6 (DO 86-2023)
2820,CABALLERO COMPOUND,,CABALLERO COMPOUND,,"RDO No. 82 - Cebu City, South.xls",Sheet 6 (DO 86-2023)
2821,CABARRUBIAS COMPOUND,,CABARRUBIAS COMPOUND,,"RDO No. 82 - Cebu City, South.xls",Sheet 6 (DO 86-2023)
2822,CASA ROSITA SUBDIVISION,,CASA ROSITA SUBDIVISION,,"RDO No. 82 - Cebu City, South.xls",Sheet 6 (DO 86-2023)
2823,DONA ESPERANZA VILL,,DONA ESPERANZA VILL,,"RDO No. 82 - Cebu City, South.xls",Sheet 6 (DO 86-2023)
2824,EL ORLANDO/TOMLYN'S COMPD.,,EL ORLANDO/TOMLYN'S COMPD.,,"RDO No. 82 - Cebu City, South.xls",Sheet 6 (DO 86-2023)
2825,F GOCHAN VILLAGE,,F GOCHAN VILLAGE,,"RDO No. 82 - Cebu City, South.xls",Sheet 6 (DO 86-2023)
2826,FELINA VILL NEIGHBOR,,FELINA VILL NEIGHBOR,,"RDO No. 82 - Cebu City, South.xls",Sheet 6 (DO 86-2023)
2827,HAPI-HAPI COMPOUND,,HAPI-HAPI COMPOUND,,"RDO No. 82 - Cebu City, South.xls",Sheet 6 (DO 86-2023)
2828,HILLS VIEW SUBDIVISION,,HILLS VIEW SUBDIVISION,,"RDO No. 82 - Cebu City, South.xls",Sheet 6 (DO 86-2023)
2829,HILLSVIEW COMMUNITY ASS'N,,HILLSVIEW COMMUNITY ASS'N,,"RDO No. 82 - Cebu City, South.xls",Sheet 6 (DO 86-2023)
2830,KADASIG PHASE I,,KADASIG PHASE I,,"RDO No. 82 - Cebu City, South.xls",Sheet 6 (DO 86-2023)
2831,KADASIG PHASE II,,KADASIG PHASE II,,"RDO No. 82 - Cebu City, South.xls",Sheet 6 (DO 86-2023)
2832,KADASIG PHASE III,,KADASIG PHASE III,,"RDO No. 82 - Cebu City, South.xls",Sheet 6 (DO 86-2023)
2833,LA PALOMA VILLAGE,,LA PALOMA VILLAGE,,"RDO No. 82 - Cebu City, South.xls",Sheet 6 (DO 86-2023)
2834,LAPIÑA COMPOUND,,LAPIÑA COMPOUND,,"RDO No. 82 - Cebu City, South.xls",Sheet 6 (DO 86-2023)
2835,LOWER SOUTH HILLS,,LOWER SOUTH HILLS,,"RDO No. 82 - Cebu City, South.xls",Sheet 6 (DO 86-2023)
2836,MAYA VILLAGE,,MAYA VILLAGE,,"RDO No. 82 - Cebu City, South.xls",Sheet 6 (DO 86-2023)
2837,MERCADO SUBDIVISION,,MERCADO SUBDIVISION,,"RDO No. 82 - Cebu City, South.xls",Sheet 6 (DO 86-2023)
2838,MILANG SUBDIVISION,,MILANG SUBDIVISION,,"RDO No. 82 - Cebu City, South.xls",Sheet 6 (DO 86-2023)
2839,MOHON 1,,MOHON 1,1.0,"RDO No. 82 - Cebu City, South.xls",Sheet 6 (DO 86-2023)
2840,MOHON 2,,MOHON 2,2.0,"RDO No. 82 - Cebu City, South.xls",Sheet 6 (DO 86-2023)
2841,MOHON TISA RES ASS. INC. SUBD,,MOHON TISA RES ASS. INC. SUBD,,"RDO No. 82 - Cebu City, South.xls",Sheet 6 (DO 86-2023)
2842,MOUNTAIN BREEZE SUBD.,,MOUNTAIN BREEZE SUBD.,,"RDO No. 82 - Cebu City, South.xls",Sheet 6 (DO 86-2023)
2843,NAYA VILLAGE,,NAYA VILLAGE,,"RDO No. 82 - Cebu City, South.xls",Sheet 6 (DO 86-2023)
2844,NENENG COMPOUND,,NENENG COMPOUND,,"RDO No. 82 - Cebu City, South.xls",Sheet 6 (DO 86-2023)
2845,ODEVILAS SUBDIVISION,,ODEVILAS SUBDIVISION,,"RDO No. 82 - Cebu City, South.xls",Sheet 6 (DO 86-2023)
2846,OLIVA SUBDIVISION,,OLIVA SUBDIVISION,,"RDO No. 82 - Cebu City, South.xls",Sheet 6 (DO 86-2023)
2847,Province                         :  CEBU,,Province                         :  CEBU,,"RDO No. 82 - Cebu City, South.xls",Sheet 6 (DO 86-2023)
2848,City/Municipality       :  CEBU CITY SOUTH,,City/Municipality       :  CEBU CITY SOUTH,,"RDO No. 82 - Cebu City, South.xls",Sheet 6 (DO 86-2023)
2849,Zone/Barangay            :  TISA,,Zone/Barangay            :  TISA,,"RDO No. 82 - Cebu City, South.xls",Sheet 6 (DO 86-2023)
2850,STREET NAME/ SUBDIVISION/ CONDOMINIUM,,STREET NAME/ SUBDIVISION/ CONDOMINIUM,,"RDO No. 82 - Cebu City, South.xls",Sheet 6 (DO 86-2023)
2851,,,,,"RDO No. 82 - Cebu City, South.xls",Sheet 6 (DO 86-2023)
2852,RIVA RIDGE SUBD,,RIVA RIDGE SUBD,,"RDO No. 82 - Cebu City, South.xls",Sheet 6 (DO 86-2023)
2853,ROCKY HILLS,,ROCKY HILLS,,"RDO No. 82 - Cebu City, South.xls",Sheet 6 (DO 86-2023)
2854,SAN AGUSTIN VILLAGE,,SAN AGUSTIN VILLAGE,,"RDO No. 82 - Cebu City, South.xls",Sheet 6 (DO 86-2023)
2855,SAN JOSE VILLAGE,,SAN JOSE VILLAGE,,"RDO No. 82 - Cebu City, South.xls",Sheet 6 (DO 86-2023)
2856,,,,,"RDO No. 82 - Cebu City, South.xls",Sheet 6 (DO 86-2023)
2857,SOUTH HILLS SUBDIVISION,,SOUTH HILLS SUBDIVISION,,"RDO No. 82 - Cebu City, South.xls",Sheet 6 (DO 86-2023)
2858,STA TERESITA VILL,,STA TERESITA VILL,,"RDO No. 82 - Cebu City, South.xls",Sheet 6 (DO 86-2023)
2859,SOUTH VERDANA SUBD.,,SOUTH VERDANA SUBD.,,"RDO No. 82 - Cebu City, South.xls",Sheet 6 (DO 86-2023)
2860,TISA HILLS VILL & NS,,TISA HILLS VILL & NS,,"RDO No. 82 - Cebu City, South.xls",Sheet 6 (DO 86-2023)
2861,VILLA ELENA,,VILLA ELENA,,"RDO No. 82 - Cebu City, South.xls",Sheet 6 (DO 86-2023)
2862,VILLA ISIDRA,,VILLA ISIDRA,,"RDO No. 82 - Cebu City, South.xls",Sheet 6 (DO 86-2023)
2863,ALL OTHER SUBDIVISIONS,,ALL OTHER SUBDIVISIONS,,"RDO No. 82 - Cebu City, South.xls",Sheet 6 (DO 86-2023)
2864,(Formerly All Other Existing Subdivision),,(Formerly All Other Existing Subdivision),,"RDO No. 82 - Cebu City, South.xls",Sheet 6 (DO 86-2023)
2865,(Formerly New Subdivision),,(Formerly New Subdivision),,"RDO No. 82 - Cebu City, South.xls",Sheet 6 (DO 86-2023)
2866,NEW SUBDIVISION,,NEW SUBDIVISION,,"RDO No. 82 - Cebu City, South.xls",Sheet 6 (DO 86-2023)
2867,,,,,"RDO No. 82 - Cebu City, South.xls",Sheet 6 (DO 86-2023)
2868,CONDOMINIUMS,,CONDOMINIUMS,,"RDO No. 82 - Cebu City, South.xls",Sheet 6 (DO 86-2023)
2869,CONDOMINIUM - HIGH END,,CONDOMINIUM - HIGH END,,"RDO No. 82 - Cebu City, South.xls",Sheet 6 (DO 86-2023)
2870,,,,,"RDO No. 82 - Cebu City, South.xls",Sheet 6 (DO 86-2023)
2871,,,,,"RDO No. 82 - Cebu City, South.xls",Sheet 6 (DO 86-2023)
2872,URBAN DECA HOMES,,URBAN DECA HOMES,,"RDO No. 82 - Cebu City, South.xls",Sheet 6 (DO 86-2023)
2873,ALL OTHER CONDOMINIUMS,,ALL OTHER CONDOMINIUMS,,"RDO No. 82 - Cebu City, South.xls",Sheet 6 (DO 86-2023)
2874,17 STOREYS & UP,,17 STOREYS & UP,17.0,"RDO No. 82 - Cebu City, South.xls",Sheet 6 (DO 86-2023)
2875,,,,,"RDO No. 82 - Cebu City, South.xls",Sheet 6 (DO 86-2023)
2876,,,,,"RDO No. 82 - Cebu City, South.xls",Sheet 6 (DO 86-2023)
2877,8 - 16 STOREYS,,8 - 16 STOREYS,,"RDO No. 82 - Cebu City, South.xls",Sheet 6 (DO 86-2023)
2878,,,,,"RDO No. 82 - Cebu City, South.xls",Sheet 6 (DO 86-2023)
2879,,,,,"RDO No. 82 - Cebu City, South.xls",Sheet 6 (DO 86-2023)
2880,1 - 7 STOREYS,,1 - 7 STOREYS,,"RDO No. 82 - Cebu City, South.xls",Sheet 6 (DO 86-2023)
2881,,,,,"RDO No. 82 - Cebu City, South.xls",Sheet 6 (DO 86-2023)
2882,,,,,"RDO No. 82 - Cebu City, South.xls",Sheet 6 (DO 86-2023)
2883,SOCIALIZED / LOW-COST,,SOCIALIZED / LOW-COST,,"RDO No. 82 - Cebu City, South.xls",Sheet 6 (DO 86-2023)
2884,,,,,"RDO No. 82 - Cebu City, South.xls",Sheet 6 (DO 86-2023)
2885,,,,,"RDO No. 82 - Cebu City, South.xls",Sheet 6 (DO 86-2023)
2886,*         NEW,,*         NEW,,"RDO No. 82 - Cebu City, South.xls",Sheet 6 (DO 86-2023)
2887,**       FOR DELETION - SIMPLIFIED CONDOMINIUM OR  STREET NAME / DUPLICATION OF STREET NAME,,**       FOR DELETION - SIMPLIFIED CONDOMINIUM OR  STREET NAME / DUPLICATION OF STREET NAME,,"RDO No. 82 - Cebu City, South.xls",Sheet 6 (DO 86-2023)
2888,***     CHANGED STREET NAME,,***     CHANGED STREET NAME,,"RDO No. 82 - Cebu City, South.xls",Sheet 6 (DO 86-2023)
2889,,,,,"RDO No. 82 - Cebu City, South.xls",Sheet 6 (DO 86-2023)
2890,,,,,"RDO No. 82 - Cebu City, South.xls",Sheet 6 (DO 86-2023)
2891,Province                         : CEBU,,Province                         : CEBU,,"RDO No. 82 - Cebu City, South.xls",Sheet 6 (DO 86-2023)
2892,,,,,"RDO No. 82 - Cebu City, South.xls",Sheet 6 (DO 86-2023)
2893,City/Municipality           : CEBU CITY SOUTH,,City/Municipality           : CEBU CITY SOUTH,,"RDO No. 82 - Cebu City, South.xls",Sheet 6 (DO 86-2023)
2894,,,,,"RDO No. 82 - Cebu City, South.xls",Sheet 6 (DO 86-2023)
2895,Zone/Barangay              : TO-ONG,,Zone/Barangay              : TO-ONG,,"RDO No. 82 - Cebu City, South.xls",Sheet 6 (DO 86-2023)
2896,,,,,"RDO No. 82 - Cebu City, South.xls",Sheet 6 (DO 86-2023)
2897,STREET NAME/SUBDIVISION/CONDOMINIUM,,STREET NAME/SUBDIVISION/CONDOMINIUM,,"RDO No. 82 - Cebu City, South.xls",Sheet 6 (DO 86-2023)
2898,,,,,"RDO No. 82 - Cebu City, South.xls",Sheet 6 (DO 86-2023)
2899,ALL AREAS ALONG THE ROAD,,ALL AREAS ALONG THE ROAD,,"RDO No. 82 - Cebu City, South.xls",Sheet 6 (DO 86-2023)
2900,(Formerly Suburban Areas With Road),,(Formerly Suburban Areas With Road),,"RDO No. 82 - Cebu City, South.xls",Sheet 6 (DO 86-2023)
2901,,,,,"RDO No. 82 - Cebu City, South.xls",Sheet 6 (DO 86-2023)
2902,ALL INTERIOR AREAS,,ALL INTERIOR AREAS,,"RDO No. 82 - Cebu City, South.xls",Sheet 6 (DO 86-2023)
2903,(Formerly Suburban Areas Without Road),,(Formerly Suburban Areas Without Road),,"RDO No. 82 - Cebu City, South.xls",Sheet 6 (DO 86-2023)
2904,RURAL BARANGAY,,RURAL BARANGAY,,"RDO No. 82 - Cebu City, South.xls",Sheet 6 (DO 86-2023)
2905,,,,,"RDO No. 82 - Cebu City, South.xls",Sheet 6 (DO 86-2023)
2906,,,,,"RDO No. 82 - Cebu City, South.xls",Sheet 6 (DO 86-2023)
2907,SUBDIVISIONS,,SUBDIVISIONS,,"RDO No. 82 - Cebu City, South.xls",Sheet 6 (DO 86-2023)
2908,ALL SUBDIVISIONS,,ALL SUBDIVISIONS,,"RDO No. 82 - Cebu City, South.xls",Sheet 6 (DO 86-2023)
2909,(Formerly New Subdivision),,(Formerly New Subdivision),,"RDO No. 82 - Cebu City, South.xls",Sheet 6 (DO 86-2023)
2910,,,,,"RDO No. 82 - Cebu City, South.xls",Sheet 6 (DO 86-2023)
2911,CONDOMINIUMS,,CONDOMINIUMS,,"RDO No. 82 - Cebu City, South.xls",Sheet 6 (DO 86-2023)
2912,17 STOREYS & UP,,17 STOREYS & UP,17.0,"RDO No. 82 - Cebu City, South.xls",Sheet 6 (DO 86-2023)
2913,,,,,"RDO No. 82 - Cebu City, South.xls",Sheet 6 (DO 86-2023)
2914,,,,,"RDO No. 82 - Cebu City, South.xls",Sheet 6 (DO 86-2023)
2915,8 - 16 STOREYS,,8 - 16 STOREYS,,"RDO No. 82 - Cebu City, South.xls",Sheet 6 (DO 86-2023)
2916,,,,,"RDO No. 82 - Cebu City, South.xls",Sheet 6 (DO 86-2023)
2917,,,,,"RDO No. 82 - Cebu City, South.xls",Sheet 6 (DO 86-2023)
2918,1 - 7 STOREYS,,1 - 7 STOREYS,,"RDO No. 82 - Cebu City, South.xls",Sheet 6 (DO 86-2023)
2919,,,,,"RDO No. 82 - Cebu City, South.xls",Sheet 6 (DO 86-2023)
2920,,,,,"RDO No. 82 - Cebu City, South.xls",Sheet 6 (DO 86-2023)
2921,SOCIALIZED/LOW-COST,,SOCIALIZED/LOW-COST,,"RDO No. 82 - Cebu City, South.xls",Sheet 6 (DO 86-2023)
2922,,,,,"RDO No. 82 - Cebu City, South.xls",Sheet 6 (DO 86-2023)
2923,,,,,"RDO No. 82 - Cebu City, South.xls",Sheet 6 (DO 86-2023)
2924,,,,,"RDO No. 82 - Cebu City, South.xls",Sheet 6 (DO 86-2023)
2925,*         NEW,,*         NEW,,"RDO No. 82 - Cebu City, South.xls",Sheet 6 (DO 86-2023)
2926,**       FOR DELETION - SIMPLIFIED CONDOMINIUM OR  STREET NAME / DUPLICATION OF STREET NAME,,**       FOR DELETION - SIMPLIFIED CONDOMINIUM OR  STREET NAME / DUPLICATION OF STREET NAME,,"RDO No. 82 - Cebu City, South.xls",Sheet 6 (DO 86-2023)
2927,***     CHANGED STREET NAME,,***     CHANGED STREET NAME,,"RDO No. 82 - Cebu City, South.xls",Sheet 6 (DO 86-2023)
2928,,,,,"RDO No. 82 - Cebu City, South.xls",Sheet 6 (DO 86-2023)
2929,CERTAIN GUIDELINES IN THE IMPLEMENTATION OF ZONAL VALUE OF REAL PROPERTIES FOR,,CERTAIN GUIDELINES IN THE IMPLEMENTATION OF ZONAL VALUE OF REAL PROPERTIES FOR,,"RDO No. 82 - Cebu City, South.xls",Sheet 6 (DO 86-2023)
2930,RDO NO. 82 - CEBU CITY SOUTH,,RDO NO. 82 - CEBU CITY SOUTH,,"RDO No. 82 - Cebu City, South.xls",Sheet 6 (DO 86-2023)
2931,,,,,"RDO No. 82 - Cebu City, South.xls",Sheet 6 (DO 86-2023)
2932,,,,,"RDO No. 82 - Cebu City, South.xls",Sheet 6 (DO 86-2023)
2933,1.  NO ZONAL VALUE HAS BEEN PRESCRIBED FOR A PARTICULAR CLASSIFICATION OF REAL PROPERTY,,1.  NO ZONAL VALUE HAS BEEN PRESCRIBED FOR A PARTICULAR CLASSIFICATION OF REAL PROPERTY,1.0,"RDO No. 82 - Cebu City, South.xls",Sheet 6 (DO 86-2023)
2934,,,,,"RDO No. 82 - Cebu City, South.xls",Sheet 6 (DO 86-2023)
2935,WHEREIN THE APPROVED SCHEDULE OF ZONAL VALUES FOR A PARTICULAR BARANGAY -,,WHEREIN THE APPROVED SCHEDULE OF ZONAL VALUES FOR A PARTICULAR BARANGAY -,,"RDO No. 82 - Cebu City, South.xls",Sheet 6 (DO 86-2023)
2936,,,,,"RDO No. 82 - Cebu City, South.xls",Sheet 6 (DO 86-2023)
2937,a.)  NO ZONAL VALUE HAS BEEN PRESCRIBED FOR A PARTICULAR  CLASSIFICATION  IN  A PARTICULAR  STREET/,,a.)  NO ZONAL VALUE HAS BEEN PRESCRIBED FOR A PARTICULAR  CLASSIFICATION  IN  A PARTICULAR  STREET/,,"RDO No. 82 - Cebu City, South.xls",Sheet 6 (DO 86-2023)
2938,"SUBDIVISION IN A BARANGAY,  THE  ZONAL  VALUE  PRESCRIBED FOR  THE SAME CLASSIFICATION  OF  REAL",,"SUBDIVISION IN A BARANGAY,  THE  ZONAL  VALUE  PRESCRIBED FOR  THE SAME CLASSIFICATION  OF  REAL",,"RDO No. 82 - Cebu City, South.xls",Sheet 6 (DO 86-2023)
2939,PROPERTY LOCATED IN  THE  OTHER  STREET/SUBDIVISION  WITHIN THE  SAME  BARANGAY  OF  SIMILAR,,PROPERTY LOCATED IN  THE  OTHER  STREET/SUBDIVISION  WITHIN THE  SAME  BARANGAY  OF  SIMILAR,,"RDO No. 82 - Cebu City, South.xls",Sheet 6 (DO 86-2023)
2940,CONDITIONS SHALL BE USED; AND,,CONDITIONS SHALL BE USED; AND,,"RDO No. 82 - Cebu City, South.xls",Sheet 6 (DO 86-2023)
2941,,,,,"RDO No. 82 - Cebu City, South.xls",Sheet 6 (DO 86-2023)
2942,b.)  NO ZONAL VALUE HAS BEEN PRESCRIBED FOR A PARTICULAR  CLASSIFICATION  OF REAL PROPERTY  IN  ONE,,b.)  NO ZONAL VALUE HAS BEEN PRESCRIBED FOR A PARTICULAR  CLASSIFICATION  OF REAL PROPERTY  IN  ONE,,"RDO No. 82 - Cebu City, South.xls",Sheet 6 (DO 86-2023)
2943,"BARANGAY,  THE ZONAL VALUE PRESCRIBED FOR THE SAME CLASSIFICATION OF REAL PROPERTY LOCATED IN",,"BARANGAY,  THE ZONAL VALUE PRESCRIBED FOR THE SAME CLASSIFICATION OF REAL PROPERTY LOCATED IN",,"RDO No. 82 - Cebu City, South.xls",Sheet 6 (DO 86-2023)
2944,AN ADJACENT BARANGAY OF SIMILAR CONDITIONS SHALL BE USED.,,AN ADJACENT BARANGAY OF SIMILAR CONDITIONS SHALL BE USED.,,"RDO No. 82 - Cebu City, South.xls",Sheet 6 (DO 86-2023)
2945,,,,,"RDO No. 82 - Cebu City, South.xls",Sheet 6 (DO 86-2023)
2946,2.  PREDOMINANT USE OF PROPERTY.,,2.  PREDOMINANT USE OF PROPERTY.,,"RDO No. 82 - Cebu City, South.xls",Sheet 6 (DO 86-2023)
2947,,,,,"RDO No. 82 - Cebu City, South.xls",Sheet 6 (DO 86-2023)
2948,"a.)  ALL REAL PROPERTIES, REGARDLESS OF ACTUAL USE, LOCATED IN A STREET/BARANGAY/ZONE, THE USE OF",,"a.)  ALL REAL PROPERTIES, REGARDLESS OF ACTUAL USE, LOCATED IN A STREET/BARANGAY/ZONE, THE USE OF",,"RDO No. 82 - Cebu City, South.xls",Sheet 6 (DO 86-2023)
2949,"WHICH ARE PREDOMINANTLY COMMERCIAL  SHALL  BE CLASSIFIED  AS  ""COMMERCIAL""  FOR PURPOSES  OF ZONAL VALUATION",,"WHICH ARE PREDOMINANTLY COMMERCIAL  SHALL  BE CLASSIFIED  AS  ""COMMERCIAL""  FOR PURPOSES  OF ZONAL VALUATION",,"RDO No. 82 - Cebu City, South.xls",Sheet 6 (DO 86-2023)
2950,,,,,"RDO No. 82 - Cebu City, South.xls",Sheet 6 (DO 86-2023)
2951,"b.)  THE PREDOMINANT USE OF OTHER CLASSIFICATION OF PROPERTIES LOCATED IN A STREET/BARANGAY/ZONE,",,"b.)  THE PREDOMINANT USE OF OTHER CLASSIFICATION OF PROPERTIES LOCATED IN A STREET/BARANGAY/ZONE,",,"RDO No. 82 - Cebu City, South.xls",Sheet 6 (DO 86-2023)
2952,REGARDLESS OF ACTUAL USE SHALL BE CONSIDERED FOR PURPOSES OF ZONAL VALUATION.,,REGARDLESS OF ACTUAL USE SHALL BE CONSIDERED FOR PURPOSES OF ZONAL VALUATION.,,"RDO No. 82 - Cebu City, South.xls",Sheet 6 (DO 86-2023)
2953,,,,,"RDO No. 82 - Cebu City, South.xls",Sheet 6 (DO 86-2023)
2954,3.  ZONAL VALUES OF CONDOMINIUM UNIT/TOWNHOUSE:,,3.  ZONAL VALUES OF CONDOMINIUM UNIT/TOWNHOUSE:,3.0,"RDO No. 82 - Cebu City, South.xls",Sheet 6 (DO 86-2023)
2955,,,,,"RDO No. 82 - Cebu City, South.xls",Sheet 6 (DO 86-2023)
2956,IF THE TITLE OF A PARTICULAR CONDOMINIUM UNIT/TOWNHOUSE IS -,,IF THE TITLE OF A PARTICULAR CONDOMINIUM UNIT/TOWNHOUSE IS -,,"RDO No. 82 - Cebu City, South.xls",Sheet 6 (DO 86-2023)
2957,,,,,"RDO No. 82 - Cebu City, South.xls",Sheet 6 (DO 86-2023)
2958,"a.)  A CONDOMINIUM CERTIFICATE OF TITLE (CCT), THE ZONAL VALUE OF THE LAND AND THE IMPROVEMENTS",,"a.)  A CONDOMINIUM CERTIFICATE OF TITLE (CCT), THE ZONAL VALUE OF THE LAND AND THE IMPROVEMENTS",,"RDO No. 82 - Cebu City, South.xls",Sheet 6 (DO 86-2023)
2959,SHALL BE TREATED AS ONE; OR,,SHALL BE TREATED AS ONE; OR,,"RDO No. 82 - Cebu City, South.xls",Sheet 6 (DO 86-2023)
2960,,,,,"RDO No. 82 - Cebu City, South.xls",Sheet 6 (DO 86-2023)
2961,"b.)  A TRANSFER CERTIFICATE OF TITLE (TCT),  THE  LAND  AND IMPROVEMENT SHALL  BE  GIVEN  SEPARATE",,"b.)  A TRANSFER CERTIFICATE OF TITLE (TCT),  THE  LAND  AND IMPROVEMENT SHALL  BE  GIVEN  SEPARATE",,"RDO No. 82 - Cebu City, South.xls",Sheet 6 (DO 86-2023)
2962,"VALUES, i.e. ZONAL VALUE/GROSS SELLING  PRICE/FAIR MARKET VALUE  PER  LATEST  TAX  DECLARATION",,"VALUES, i.e. ZONAL VALUE/GROSS SELLING  PRICE/FAIR MARKET VALUE  PER  LATEST  TAX  DECLARATION",,"RDO No. 82 - Cebu City, South.xls",Sheet 6 (DO 86-2023)
2963,"WHICHEVER IS HIGHER AND, IN THE ABSENCE  OF  ZONAL  VALUATION,   PROPERTY  SHALL  BE  VALUED",,"WHICHEVER IS HIGHER AND, IN THE ABSENCE  OF  ZONAL  VALUATION,   PROPERTY  SHALL  BE  VALUED",,"RDO No. 82 - Cebu City, South.xls",Sheet 6 (DO 86-2023)
2964,PURSUANT TO RAMO 2-91.,,PURSUANT TO RAMO 2-91.,,"RDO No. 82 - Cebu City, South.xls",Sheet 6 (DO 86-2023)
2965,,,,,"RDO No. 82 - Cebu City, South.xls",Sheet 6 (DO 86-2023)
2966,THE GROUND FLOOR OF THE  RESIDENTIAL CONDOMINIUM SHALL  BE CLASSIFIED AS COMMERCIAL AND,,THE GROUND FLOOR OF THE  RESIDENTIAL CONDOMINIUM SHALL  BE CLASSIFIED AS COMMERCIAL AND,,"RDO No. 82 - Cebu City, South.xls",Sheet 6 (DO 86-2023)
2967,TWENTY PERENT (20%) OF THE ESTABLISHED VALUE SHALL BE ADDED THERETO.,,TWENTY PERENT (20%) OF THE ESTABLISHED VALUE SHALL BE ADDED THERETO.,20.0,"RDO No. 82 - Cebu City, South.xls",Sheet 6 (DO 86-2023)
2968,,,,,"RDO No. 82 - Cebu City, South.xls",Sheet 6 (DO 86-2023)
2969,4.  AREAS FOR PRIORITY DEVELOPMENT(APD).,,4.  AREAS FOR PRIORITY DEVELOPMENT(APD).,,"RDO No. 82 - Cebu City, South.xls",Sheet 6 (DO 86-2023)
2970,,,,,"RDO No. 82 - Cebu City, South.xls",Sheet 6 (DO 86-2023)
2971,THESE ARE AREAS IDENTIFIED AS AREAS FOR PRIORITY DEVELOPMENT CERTIFIED TO AS SUCH BY,,THESE ARE AREAS IDENTIFIED AS AREAS FOR PRIORITY DEVELOPMENT CERTIFIED TO AS SUCH BY,,"RDO No. 82 - Cebu City, South.xls",Sheet 6 (DO 86-2023)
2972,"THE DEPARTMENT OF HUMAN SETTLEMENTS AND URBAN DEVELOPMENT (DHSUD).  IF IT IS UTILIZED FOR SOCIALIZED HOUSING, IT",,"THE DEPARTMENT OF HUMAN SETTLEMENTS AND URBAN DEVELOPMENT (DHSUD).  IF IT IS UTILIZED FOR SOCIALIZED HOUSING, IT",,"RDO No. 82 - Cebu City, South.xls",Sheet 6 (DO 86-2023)
2973,"SHALL BE CERTIFIED  TO  AS  SUCH  BY  THE    PROPER   GOVERNMENT  AGENCY  SUCH  AS,   PRESIDENTIAL",,"SHALL BE CERTIFIED  TO  AS  SUCH  BY  THE    PROPER   GOVERNMENT  AGENCY  SUCH  AS,   PRESIDENTIAL",,"RDO No. 82 - Cebu City, South.xls",Sheet 6 (DO 86-2023)
2974,"COMMISSION ON URBAN POOR (PCUP), NATIONAL HOUSING AUTHORITY (NHA), ETC.",,"COMMISSION ON URBAN POOR (PCUP), NATIONAL HOUSING AUTHORITY (NHA), ETC.",,"RDO No. 82 - Cebu City, South.xls",Sheet 6 (DO 86-2023)
2975,,,,,"RDO No. 82 - Cebu City, South.xls",Sheet 6 (DO 86-2023)
2976,SECOND SALE OF LOT IDENTIFIED AS LOCATED IN THE APD SHALL NO LONGER BE VALUED AS AN  APD AND,,SECOND SALE OF LOT IDENTIFIED AS LOCATED IN THE APD SHALL NO LONGER BE VALUED AS AN  APD AND,,"RDO No. 82 - Cebu City, South.xls",Sheet 6 (DO 86-2023)
2977,SHALL BE  TREATED AS AN ORDINARY REAL PROPERTY.,,SHALL BE  TREATED AS AN ORDINARY REAL PROPERTY.,,"RDO No. 82 - Cebu City, South.xls",Sheet 6 (DO 86-2023)
2978,,,,,"RDO No. 82 - Cebu City, South.xls",Sheet 6 (DO 86-2023)
2979,5. DIVISION OF A BARANGAY,,5. DIVISION OF A BARANGAY,5.0,"RDO No. 82 - Cebu City, South.xls",Sheet 6 (DO 86-2023)
2980,,,,,"RDO No. 82 - Cebu City, South.xls",Sheet 6 (DO 86-2023)
2981,"IN THE EVENT THAT AN EXISTING BARANGAY IS DIVIDED INTO TWO OR MORE BARANGAYS, THE ZONAL",,"IN THE EVENT THAT AN EXISTING BARANGAY IS DIVIDED INTO TWO OR MORE BARANGAYS, THE ZONAL",,"RDO No. 82 - Cebu City, South.xls",Sheet 6 (DO 86-2023)
2982,VALUE PRESCRIBED FOR THE EXISTING BARANGAY SHALL BE USED FOR THE NEWLY CREATED BARANGAY,,VALUE PRESCRIBED FOR THE EXISTING BARANGAY SHALL BE USED FOR THE NEWLY CREATED BARANGAY,,"RDO No. 82 - Cebu City, South.xls",Sheet 6 (DO 86-2023)
2983,,,,,"RDO No. 82 - Cebu City, South.xls",Sheet 6 (DO 86-2023)
2984,6. PARKING SLOT (PS),,6. PARKING SLOT (PS),6.0,"RDO No. 82 - Cebu City, South.xls",Sheet 6 (DO 86-2023)
2985,,,,,"RDO No. 82 - Cebu City, South.xls",Sheet 6 (DO 86-2023)
2986,"IF NO ZONAL VALUE HAS BEEN PRESCRIBED FOR PARKING SLOTS, THE VALUE SHOULD BE 60% OF THE",,"IF NO ZONAL VALUE HAS BEEN PRESCRIBED FOR PARKING SLOTS, THE VALUE SHOULD BE 60% OF THE",60.0,"RDO No. 82 - Cebu City, South.xls",Sheet 6 (DO 86-2023)
2987,AMOUNT OF THE UNIT SOLD,,AMOUNT OF THE UNIT SOLD,,"RDO No. 82 - Cebu City, South.xls",Sheet 6 (DO 86-2023)
2988,,,,,"RDO No. 82 - Cebu City, South.xls",Sheet 6 (DO 86-2023)
2989,7. INSTITUTION (X),,7. INSTITUTION (X),7.0,"RDO No. 82 - Cebu City, South.xls",Sheet 6 (DO 86-2023)
2990,,,,,"RDO No. 82 - Cebu City, South.xls",Sheet 6 (DO 86-2023)
2991,"THESE ARE AREAS FOR SCHOOL, HOSPITAL AND CHURCHES. IF NO ZONAL VALUE HAS BEEN PRESCRIBED,",,"THESE ARE AREAS FOR SCHOOL, HOSPITAL AND CHURCHES. IF NO ZONAL VALUE HAS BEEN PRESCRIBED,",,"RDO No. 82 - Cebu City, South.xls",Sheet 6 (DO 86-2023)
2992,"THE COMMERCIAL VALUE OF THE PROPERTY NEAREST TO THE INSTITUTION, WITHIN THE SAME BARANGAY",,"THE COMMERCIAL VALUE OF THE PROPERTY NEAREST TO THE INSTITUTION, WITHIN THE SAME BARANGAY",,"RDO No. 82 - Cebu City, South.xls",Sheet 6 (DO 86-2023)
2993,AND STREET SHALL BE USED,,AND STREET SHALL BE USED,,"RDO No. 82 - Cebu City, South.xls",Sheet 6 (DO 86-2023)
2994,,,,,"RDO No. 82 - Cebu City, South.xls",Sheet 6 (DO 86-2023)
2995,8.  ZONAL VALUE OR FMV ESTABLISHED IN THE SCHEDULE OF VALUES OF ASSESSORS.,,8.  ZONAL VALUE OR FMV ESTABLISHED IN THE SCHEDULE OF VALUES OF ASSESSORS.,,"RDO No. 82 - Cebu City, South.xls",Sheet 6 (DO 86-2023)
2996,,,,,"RDO No. 82 - Cebu City, South.xls",Sheet 6 (DO 86-2023)
2997,THE ZONAL VALUES ESTABLISHED HEREIN SHALL APPLY IN COMPUTING ALL INTERNAL REVENUE TAXES (i.e.,,THE ZONAL VALUES ESTABLISHED HEREIN SHALL APPLY IN COMPUTING ALL INTERNAL REVENUE TAXES (i.e.,,"RDO No. 82 - Cebu City, South.xls",Sheet 6 (DO 86-2023)
2998,"CAPITAL GAINS,  CREDITABLE WITHHOLDING,  ESTATE,  DONOR'S AND DOCUEMNTARY STAMP TAXES)  DUE  ON",,"CAPITAL GAINS,  CREDITABLE WITHHOLDING,  ESTATE,  DONOR'S AND DOCUEMNTARY STAMP TAXES)  DUE  ON",,"RDO No. 82 - Cebu City, South.xls",Sheet 6 (DO 86-2023)
2999,"SALES, EXCHANGES, OR OTHER DISPOSITIONS OF REAL PROPERTY.  PROVIDED ,   THAT  THE  SAME  IS  HIGHER",,"SALES, EXCHANGES, OR OTHER DISPOSITIONS OF REAL PROPERTY.  PROVIDED ,   THAT  THE  SAME  IS  HIGHER",,"RDO No. 82 - Cebu City, South.xls",Sheet 6 (DO 86-2023)
3000,THAN (1) THE FAIR MARKET VALUES AS SHOWN IN THE SCHEDULE OF VALUES OF  THE  PROVINCIAL  AND  CITY,,THAN (1) THE FAIR MARKET VALUES AS SHOWN IN THE SCHEDULE OF VALUES OF  THE  PROVINCIAL  AND  CITY,1.0,"RDO No. 82 - Cebu City, South.xls",Sheet 6 (DO 86-2023)
3001,ASSESSORS (i.e. LATEST TAX DECLARATION)  AND  (2)  THE GROSS SELLING  PRICE  AS  SHOWN  IN  THE  DULY,,ASSESSORS (i.e. LATEST TAX DECLARATION)  AND  (2)  THE GROSS SELLING  PRICE  AS  SHOWN  IN  THE  DULY,,"RDO No. 82 - Cebu City, South.xls",Sheet 6 (DO 86-2023)
3002,NOTARIZED DOCUMENT OF SALE OR EXCHANGE AT THE TIME OF SALE OR EXCHANGE.,,NOTARIZED DOCUMENT OF SALE OR EXCHANGE AT THE TIME OF SALE OR EXCHANGE.,,"RDO No. 82 - Cebu City, South.xls",Sheet 6 (DO 86-2023)
3003,,,,,"RDO No. 82 - Cebu City, South.xls",Sheet 6 (DO 86-2023)
3004,"PROVIDED, HOWEVER, THAT THE VALUE OF PROPERTY TO BE USED IN COMPUTING  ESTATE  AND  DONOR'S",,"PROVIDED, HOWEVER, THAT THE VALUE OF PROPERTY TO BE USED IN COMPUTING  ESTATE  AND  DONOR'S",,"RDO No. 82 - Cebu City, South.xls",Sheet 6 (DO 86-2023)
3005,TAXES SHALL BE (1) THE FAIR MARKET VALUE AS DETERMINED BY THE COMMISSIONER  OF  INTERNAL  REVENUE,,TAXES SHALL BE (1) THE FAIR MARKET VALUE AS DETERMINED BY THE COMMISSIONER  OF  INTERNAL  REVENUE,1.0,"RDO No. 82 - Cebu City, South.xls",Sheet 6 (DO 86-2023)
3006,(i.e. ZONAL VALUES) OR (2.)  THE FAIR MARKET  VALUE  AS  SHOWN  IN  THE  SCHEDULE  OF   VALUES  OF  THE,,(i.e. ZONAL VALUES) OR (2.)  THE FAIR MARKET  VALUE  AS  SHOWN  IN  THE  SCHEDULE  OF   VALUES  OF  THE,,"RDO No. 82 - Cebu City, South.xls",Sheet 6 (DO 86-2023)
3007,"PROVINCIAL/CITY/MUNICIPAL ASSESSOR, WHICHEVER IS HIGHER.",,"PROVINCIAL/CITY/MUNICIPAL ASSESSOR, WHICHEVER IS HIGHER.",,"RDO No. 82 - Cebu City, South.xls",Sheet 6 (DO 86-2023)
3008,,,,,"RDO No. 82 - Cebu City, South.xls",Sheet 6 (DO 86-2023)
3009,I-3/apmd/AMS,,I-3/apmd/AMS,-3.0,"RDO No. 82 - Cebu City, South.xls",Sheet 6 (DO 86-2023)
0,"IN THE CITIES  OF  CARCAR, NAGA, TALISAY  AND TOLEDO  AND  THE  MUNICIPALITIES OF",,"IN THE CITIES  OF  CARCAR, NAGA, TALISAY  AND TOLEDO  AND  THE  MUNICIPALITIES OF",,"RDO No. 83 -Talisay City, CebuWeb.xls",Sheet 8(060-22)
1,MINGLANILLA AND SAN FERNANDO ALL WITHIN  THE  JURISDICTION  OF  REVENUE DISTRICT,,MINGLANILLA AND SAN FERNANDO ALL WITHIN  THE  JURISDICTION  OF  REVENUE DISTRICT,,"RDO No. 83 -Talisay City, CebuWeb.xls",Sheet 8(060-22)
2,"NO. 83 - TALISAY CITY, CEBU REVENUE REGION NO. 13 - CEBU CITY FOR  INTERNAL  REVENUE",,"NO. 83 - TALISAY CITY, CEBU REVENUE REGION NO. 13 - CEBU CITY FOR  INTERNAL  REVENUE",,"RDO No. 83 -Talisay City, CebuWeb.xls",Sheet 8(060-22)
3,TAX PURPOSES.,,TAX PURPOSES.,,"RDO No. 83 -Talisay City, CebuWeb.xls",Sheet 8(060-22)
4,,,,,"RDO No. 83 -Talisay City, CebuWeb.xls",Sheet 8(060-22)
5,TO         :      All Internal Revenue Officers and Others Concerned.,,TO         :      All Internal Revenue Officers and Others Concerned.,,"RDO No. 83 -Talisay City, CebuWeb.xls",Sheet 8(060-22)
6,,,,,"RDO No. 83 -Talisay City, CebuWeb.xls",Sheet 8(060-22)
7,"Section  4 of Republic Act No. 10963, otherwise known as the ""Tax Reform for Acceleration and",,"Section  4 of Republic Act No. 10963, otherwise known as the ""Tax Reform for Acceleration and",4.10963,"RDO No. 83 -Talisay City, CebuWeb.xls",Sheet 8(060-22)
8,"Inclusion (TRAIN)"" Law, amending Section 6 (E)  of National Internal Revenue Code (NIRC) of 1997, authorizes",,"Inclusion (TRAIN)"" Law, amending Section 6 (E)  of National Internal Revenue Code (NIRC) of 1997, authorizes",61997.0,"RDO No. 83 -Talisay City, CebuWeb.xls",Sheet 8(060-22)
9,the  Commissioner  to  divide   the  Philippines  into  different   zones  or areas and shall determine the fair,,the  Commissioner  to  divide   the  Philippines  into  different   zones  or areas and shall determine the fair,,"RDO No. 83 -Talisay City, CebuWeb.xls",Sheet 8(060-22)
10,"market value of real properties located in each zone or areas, subject to automatic adjustment once every",,"market value of real properties located in each zone or areas, subject to automatic adjustment once every",,"RDO No. 83 -Talisay City, CebuWeb.xls",Sheet 8(060-22)
11,three (3) years.,,three (3) years.,3.0,"RDO No. 83 -Talisay City, CebuWeb.xls",Sheet 8(060-22)
12,,,,,"RDO No. 83 -Talisay City, CebuWeb.xls",Sheet 8(060-22)
13,"By  virtue  of  said authority,  the  Commissioner of Internal Revenue has determined  the zonal",,"By  virtue  of  said authority,  the  Commissioner of Internal Revenue has determined  the zonal",,"RDO No. 83 -Talisay City, CebuWeb.xls",Sheet 8(060-22)
14,"values  of  real  properties  in  the Cities of Carcar, Naga, Toledo (2nd Revision) and Talisay (3rd Revision)",,"values  of  real  properties  in  the Cities of Carcar, Naga, Toledo (2nd Revision) and Talisay (3rd Revision)",23.0,"RDO No. 83 -Talisay City, CebuWeb.xls",Sheet 8(060-22)
15,"and the Municipalities of San Fernando (2nd Revision) and Minglanilla (3rd Revision) Province of Cebu, within the",,"and the Municipalities of San Fernando (2nd Revision) and Minglanilla (3rd Revision) Province of Cebu, within the",23.0,"RDO No. 83 -Talisay City, CebuWeb.xls",Sheet 8(060-22)
16,"jurisdiction  of Revenue District No. 83 –Talisay City, Cebu Revenue  Region  No. 13 – Cebu City,  after the  public",,"jurisdiction  of Revenue District No. 83 –Talisay City, Cebu Revenue  Region  No. 13 – Cebu City,  after the  public",,"RDO No. 83 -Talisay City, CebuWeb.xls",Sheet 8(060-22)
17,"hearings on  April 20,26 and 28, 2022 were conducted for the purpose.  This  Order  is  issued  to  implement  the  Revised",,"hearings on  April 20,26 and 28, 2022 were conducted for the purpose.  This  Order  is  issued  to  implement  the  Revised",2026282022.0,"RDO No. 83 -Talisay City, CebuWeb.xls",Sheet 8(060-22)
18,Schedule  of  Zonal  Values  of Real  Properties  for purposes of computing  any internal  revenue  tax due  on  sale/transfer,,Schedule  of  Zonal  Values  of Real  Properties  for purposes of computing  any internal  revenue  tax due  on  sale/transfer,,"RDO No. 83 -Talisay City, CebuWeb.xls",Sheet 8(060-22)
19,or any other disposition of real properties.,,or any other disposition of real properties.,,"RDO No. 83 -Talisay City, CebuWeb.xls",Sheet 8(060-22)
20,,,,,"RDO No. 83 -Talisay City, CebuWeb.xls",Sheet 8(060-22)
21,The zonal values established herein  shall  apply  provided   the  same  is  higher  than (1)  the,,The zonal values established herein  shall  apply  provided   the  same  is  higher  than (1)  the,1.0,"RDO No. 83 -Talisay City, CebuWeb.xls",Sheet 8(060-22)
22,fair  market  value  as shown in the schedule of values of  the  provincial or city  assessor  and  (2) the gross,,fair  market  value  as shown in the schedule of values of  the  provincial or city  assessor  and  (2) the gross,2.0,"RDO No. 83 -Talisay City, CebuWeb.xls",Sheet 8(060-22)
23,selling price/consideration as shown in the duly notarized document of sale or transfer of real property.,,selling price/consideration as shown in the duly notarized document of sale or transfer of real property.,,"RDO No. 83 -Talisay City, CebuWeb.xls",Sheet 8(060-22)
24,,,,,"RDO No. 83 -Talisay City, CebuWeb.xls",Sheet 8(060-22)
25,This Order shall take effect immediately.,,This Order shall take effect immediately.,,"RDO No. 83 -Talisay City, CebuWeb.xls",Sheet 8(060-22)
26,,,,,"RDO No. 83 -Talisay City, CebuWeb.xls",Sheet 8(060-22)
27,,,,,"RDO No. 83 -Talisay City, CebuWeb.xls",Sheet 8(060-22)
28,,,,,"RDO No. 83 -Talisay City, CebuWeb.xls",Sheet 8(060-22)
29,,,,,"RDO No. 83 -Talisay City, CebuWeb.xls",Sheet 8(060-22)
30,,,,,"RDO No. 83 -Talisay City, CebuWeb.xls",Sheet 8(060-22)
31,RECOMMENDED BY:,,RECOMMENDED BY:,,"RDO No. 83 -Talisay City, CebuWeb.xls",Sheet 8(060-22)
32,,,,,"RDO No. 83 -Talisay City, CebuWeb.xls",Sheet 8(060-22)
33,,,,,"RDO No. 83 -Talisay City, CebuWeb.xls",Sheet 8(060-22)
34,(original signed),,(original signed),,"RDO No. 83 -Talisay City, CebuWeb.xls",Sheet 8(060-22)
35,LILIA CATRIS GUILLERMO,,LILIA CATRIS GUILLERMO,,"RDO No. 83 -Talisay City, CebuWeb.xls",Sheet 8(060-22)
36,Commissioner of Internal Revenue,,Commissioner of Internal Revenue,,"RDO No. 83 -Talisay City, CebuWeb.xls",Sheet 8(060-22)
37,,,,,"RDO No. 83 -Talisay City, CebuWeb.xls",Sheet 8(060-22)
38,,,,,"RDO No. 83 -Talisay City, CebuWeb.xls",Sheet 8(060-22)
39,DEFINITION OF TERMS,,DEFINITION OF TERMS,,"RDO No. 83 -Talisay City, CebuWeb.xls",Sheet 8(060-22)
40,,,,,"RDO No. 83 -Talisay City, CebuWeb.xls",Sheet 8(060-22)
41,RESIDENTIAL,,RESIDENTIAL,,"RDO No. 83 -Talisay City, CebuWeb.xls",Sheet 8(060-22)
42,COMMERCIAL,,COMMERCIAL,,"RDO No. 83 -Talisay City, CebuWeb.xls",Sheet 8(060-22)
43,,,,,"RDO No. 83 -Talisay City, CebuWeb.xls",Sheet 8(060-22)
44,INDUSTRIAL,,INDUSTRIAL,,"RDO No. 83 -Talisay City, CebuWeb.xls",Sheet 8(060-22)
45,AGRICULTURAL,,AGRICULTURAL,,"RDO No. 83 -Talisay City, CebuWeb.xls",Sheet 8(060-22)
46,,,,,"RDO No. 83 -Talisay City, CebuWeb.xls",Sheet 8(060-22)
47,,,,,"RDO No. 83 -Talisay City, CebuWeb.xls",Sheet 8(060-22)
48,,,,,"RDO No. 83 -Talisay City, CebuWeb.xls",Sheet 8(060-22)
49,GENERAL PURPOSE,,GENERAL PURPOSE,,"RDO No. 83 -Talisay City, CebuWeb.xls",Sheet 8(060-22)
50,,,,,"RDO No. 83 -Talisay City, CebuWeb.xls",Sheet 8(060-22)
51,,,,,"RDO No. 83 -Talisay City, CebuWeb.xls",Sheet 8(060-22)
52,,,,,"RDO No. 83 -Talisay City, CebuWeb.xls",Sheet 8(060-22)
53,CONDOMINIUM,,CONDOMINIUM,,"RDO No. 83 -Talisay City, CebuWeb.xls",Sheet 8(060-22)
54,,,,,"RDO No. 83 -Talisay City, CebuWeb.xls",Sheet 8(060-22)
55,,,,,"RDO No. 83 -Talisay City, CebuWeb.xls",Sheet 8(060-22)
56,,,,,"RDO No. 83 -Talisay City, CebuWeb.xls",Sheet 8(060-22)
57,,,,,"RDO No. 83 -Talisay City, CebuWeb.xls",Sheet 8(060-22)
58,,,,,"RDO No. 83 -Talisay City, CebuWeb.xls",Sheet 8(060-22)
59,VICINITY,,VICINITY,,"RDO No. 83 -Talisay City, CebuWeb.xls",Sheet 8(060-22)
60,,,,,"RDO No. 83 -Talisay City, CebuWeb.xls",Sheet 8(060-22)
61,,,,,"RDO No. 83 -Talisay City, CebuWeb.xls",Sheet 8(060-22)
62,,,,,"RDO No. 83 -Talisay City, CebuWeb.xls",Sheet 8(060-22)
63,CLASSIFICATION LEGEND:,,CLASSIFICATION LEGEND:,,"RDO No. 83 -Talisay City, CebuWeb.xls",Sheet 8(060-22)
64,CODE              CLASSIFICATION,,CODE              CLASSIFICATION,,"RDO No. 83 -Talisay City, CebuWeb.xls",Sheet 8(060-22)
65,RR                     Residential Regular,,RR                     Residential Regular,,"RDO No. 83 -Talisay City, CebuWeb.xls",Sheet 8(060-22)
66,CR                     Comemrcial Regular,,CR                     Comemrcial Regular,,"RDO No. 83 -Talisay City, CebuWeb.xls",Sheet 8(060-22)
67,RC                     Residential Condominium,,RC                     Residential Condominium,,"RDO No. 83 -Talisay City, CebuWeb.xls",Sheet 8(060-22)
68,CC                     Commercial Condominium,,CC                     Commercial Condominium,,"RDO No. 83 -Talisay City, CebuWeb.xls",Sheet 8(060-22)
69,CL                     Cemetery Lot,,CL                     Cemetery Lot,,"RDO No. 83 -Talisay City, CebuWeb.xls",Sheet 8(060-22)
70,A                       Agricultural,,A                       Agricultural,,"RDO No. 83 -Talisay City, CebuWeb.xls",Sheet 8(060-22)
71,AGRICULTURAL LANDS,,AGRICULTURAL LANDS,,"RDO No. 83 -Talisay City, CebuWeb.xls",Sheet 8(060-22)
72,A1    Riceland Irrigated,,A1    Riceland Irrigated,1.0,"RDO No. 83 -Talisay City, CebuWeb.xls",Sheet 8(060-22)
73,A2    Riceland Unirrigated,,A2    Riceland Unirrigated,2.0,"RDO No. 83 -Talisay City, CebuWeb.xls",Sheet 8(060-22)
74,A3    Upland,,A3    Upland,3.0,"RDO No. 83 -Talisay City, CebuWeb.xls",Sheet 8(060-22)
75,A4    Coco Land,,A4    Coco Land,4.0,"RDO No. 83 -Talisay City, CebuWeb.xls",Sheet 8(060-22)
76,A5    Citrus Land,,A5    Citrus Land,5.0,"RDO No. 83 -Talisay City, CebuWeb.xls",Sheet 8(060-22)
77,A6    Fishpond,,A6    Fishpond,6.0,"RDO No. 83 -Talisay City, CebuWeb.xls",Sheet 8(060-22)
78,A7    Swamp,,A7    Swamp,7.0,"RDO No. 83 -Talisay City, CebuWeb.xls",Sheet 8(060-22)
79,A8    Nipa Land,,A8    Nipa Land,8.0,"RDO No. 83 -Talisay City, CebuWeb.xls",Sheet 8(060-22)
80,A9    Cotton Land,,A9    Cotton Land,9.0,"RDO No. 83 -Talisay City, CebuWeb.xls",Sheet 8(060-22)
81,A10  Cogon,,A10  Cogon,10.0,"RDO No. 83 -Talisay City, CebuWeb.xls",Sheet 8(060-22)
82,A11  Abaca Land,,A11  Abaca Land,11.0,"RDO No. 83 -Talisay City, CebuWeb.xls",Sheet 8(060-22)
83,A12  Orchard,,A12  Orchard,12.0,"RDO No. 83 -Talisay City, CebuWeb.xls",Sheet 8(060-22)
84,A13  Pineapple Land,,A13  Pineapple Land,13.0,"RDO No. 83 -Talisay City, CebuWeb.xls",Sheet 8(060-22)
85,A14  Banana Land,,A14  Banana Land,14.0,"RDO No. 83 -Talisay City, CebuWeb.xls",Sheet 8(060-22)
86,A15  Pasture Land,,A15  Pasture Land,15.0,"RDO No. 83 -Talisay City, CebuWeb.xls",Sheet 8(060-22)
87,A16  Corn Land,,A16  Corn Land,16.0,"RDO No. 83 -Talisay City, CebuWeb.xls",Sheet 8(060-22)
88,A17  Sugar Land,,A17  Sugar Land,17.0,"RDO No. 83 -Talisay City, CebuWeb.xls",Sheet 8(060-22)
89,A18  Tobacco Land,,A18  Tobacco Land,18.0,"RDO No. 83 -Talisay City, CebuWeb.xls",Sheet 8(060-22)
90,A19  Cacao,,A19  Cacao,19.0,"RDO No. 83 -Talisay City, CebuWeb.xls",Sheet 8(060-22)
91,A20  Lanzones,,A20  Lanzones,20.0,"RDO No. 83 -Talisay City, CebuWeb.xls",Sheet 8(060-22)
92,A21  Durian,,A21  Durian,21.0,"RDO No. 83 -Talisay City, CebuWeb.xls",Sheet 8(060-22)
93,A22  Rambutan,,A22  Rambutan,22.0,"RDO No. 83 -Talisay City, CebuWeb.xls",Sheet 8(060-22)
94,A23  Mango,,A23  Mango,23.0,"RDO No. 83 -Talisay City, CebuWeb.xls",Sheet 8(060-22)
95,A24  Mangrove,,A24  Mangrove,24.0,"RDO No. 83 -Talisay City, CebuWeb.xls",Sheet 8(060-22)
96,A25  Camote/Cassava,,A25  Camote/Cassava,25.0,"RDO No. 83 -Talisay City, CebuWeb.xls",Sheet 8(060-22)
97,"REVENUE REGION No. 13, CEBU CITY",,"REVENUE REGION No. 13, CEBU CITY",0.13,"RDO No. 83 -Talisay City, CebuWeb.xls",Sheet 8(060-22)
98,"REVENUE DISTRICT OFFICE Office No. 83, TALISAY CITY",,"REVENUE DISTRICT OFFICE Office No. 83, TALISAY CITY",0.83,"RDO No. 83 -Talisay City, CebuWeb.xls",Sheet 8(060-22)
99,,,,,"RDO No. 83 -Talisay City, CebuWeb.xls",Sheet 8(060-22)
100,PROVINCE                     : CEBU,,PROVINCE                     : CEBU,,"RDO No. 83 -Talisay City, CebuWeb.xls",Sheet 8(060-22)
101,CITY/MUNICIPALITY  : CARCAR CITY,,CITY/MUNICIPALITY  : CARCAR CITY,,"RDO No. 83 -Talisay City, CebuWeb.xls",Sheet 8(060-22)
102,ZONE/ BARANGAY     : BOLINAWAN,,ZONE/ BARANGAY     : BOLINAWAN,,"RDO No. 83 -Talisay City, CebuWeb.xls",Sheet 8(060-22)
103,STREET NAME/                   SUBDIVISION/CONDOMINIUM,,STREET NAME/                   SUBDIVISION/CONDOMINIUM,,"RDO No. 83 -Talisay City, CebuWeb.xls",Sheet 8(060-22)
104,NATIONAL ROADS,,NATIONAL ROADS,,"RDO No. 83 -Talisay City, CebuWeb.xls",Sheet 8(060-22)
105,,,,,"RDO No. 83 -Talisay City, CebuWeb.xls",Sheet 8(060-22)
106,,,,,"RDO No. 83 -Talisay City, CebuWeb.xls",Sheet 8(060-22)
107,,,,,"RDO No. 83 -Talisay City, CebuWeb.xls",Sheet 8(060-22)
108,,,,,"RDO No. 83 -Talisay City, CebuWeb.xls",Sheet 8(060-22)
109,,,,,"RDO No. 83 -Talisay City, CebuWeb.xls",Sheet 8(060-22)
110,,,,,"RDO No. 83 -Talisay City, CebuWeb.xls",Sheet 8(060-22)
111,ALL LOTS,,ALL LOTS,,"RDO No. 83 -Talisay City, CebuWeb.xls",Sheet 8(060-22)
112,,,,,"RDO No. 83 -Talisay City, CebuWeb.xls",Sheet 8(060-22)
113,,,,,"RDO No. 83 -Talisay City, CebuWeb.xls",Sheet 8(060-22)
114,,,,,"RDO No. 83 -Talisay City, CebuWeb.xls",Sheet 8(060-22)
115,,,,,"RDO No. 83 -Talisay City, CebuWeb.xls",Sheet 8(060-22)
116,,,,,"RDO No. 83 -Talisay City, CebuWeb.xls",Sheet 8(060-22)
117,,,,,"RDO No. 83 -Talisay City, CebuWeb.xls",Sheet 8(060-22)
118,BOLINAWAN PROPER,,BOLINAWAN PROPER,,"RDO No. 83 -Talisay City, CebuWeb.xls",Sheet 8(060-22)
119,,,,,"RDO No. 83 -Talisay City, CebuWeb.xls",Sheet 8(060-22)
120,,,,,"RDO No. 83 -Talisay City, CebuWeb.xls",Sheet 8(060-22)
121,,,,,"RDO No. 83 -Talisay City, CebuWeb.xls",Sheet 8(060-22)
122,,,,,"RDO No. 83 -Talisay City, CebuWeb.xls",Sheet 8(060-22)
123,,,,,"RDO No. 83 -Talisay City, CebuWeb.xls",Sheet 8(060-22)
124,SITIO CAMBUNTAN,,SITIO CAMBUNTAN,,"RDO No. 83 -Talisay City, CebuWeb.xls",Sheet 8(060-22)
125,,,,,"RDO No. 83 -Talisay City, CebuWeb.xls",Sheet 8(060-22)
126,SITIO DUNGGOAN,,SITIO DUNGGOAN,,"RDO No. 83 -Talisay City, CebuWeb.xls",Sheet 8(060-22)
127,,,,,"RDO No. 83 -Talisay City, CebuWeb.xls",Sheet 8(060-22)
128,SITIO TUGAS,,SITIO TUGAS,,"RDO No. 83 -Talisay City, CebuWeb.xls",Sheet 8(060-22)
129,,,,,"RDO No. 83 -Talisay City, CebuWeb.xls",Sheet 8(060-22)
130,,,,,"RDO No. 83 -Talisay City, CebuWeb.xls",Sheet 8(060-22)
131,SITIO CAIPILAN 1,,SITIO CAIPILAN 1,1.0,"RDO No. 83 -Talisay City, CebuWeb.xls",Sheet 8(060-22)
132,UPPER SITIO LAGANG 2,,UPPER SITIO LAGANG 2,2.0,"RDO No. 83 -Talisay City, CebuWeb.xls",Sheet 8(060-22)
133,LOWER SITIO LAGANG,,LOWER SITIO LAGANG,,"RDO No. 83 -Talisay City, CebuWeb.xls",Sheet 8(060-22)
134,DANCING SUN SUBDIVISION/D'LOGO DEV'T INC.,,DANCING SUN SUBDIVISION/D'LOGO DEV'T INC.,,"RDO No. 83 -Talisay City, CebuWeb.xls",Sheet 8(060-22)
135,ALL SUBDIVISION/VILLAGES,,ALL SUBDIVISION/VILLAGES,,"RDO No. 83 -Talisay City, CebuWeb.xls",Sheet 8(060-22)
136,* not among the standard classification code,,* not among the standard classification code,,"RDO No. 83 -Talisay City, CebuWeb.xls",Sheet 8(060-22)
137,Note:,,Note:,,"RDO No. 83 -Talisay City, CebuWeb.xls",Sheet 8(060-22)
138,1 Sitio Caipilan is part of Poblacion I,,1 Sitio Caipilan is part of Poblacion I,1.0,"RDO No. 83 -Talisay City, CebuWeb.xls",Sheet 8(060-22)
139,2 Upper Sitio Lagang is part of  Brgy. Ocaña,,2 Upper Sitio Lagang is part of  Brgy. Ocaña,2.0,"RDO No. 83 -Talisay City, CebuWeb.xls",Sheet 8(060-22)
140,,,,,"RDO No. 83 -Talisay City, CebuWeb.xls",Sheet 8(060-22)
141,PROVINCE                    : CEBU,,PROVINCE                    : CEBU,,"RDO No. 83 -Talisay City, CebuWeb.xls",Sheet 8(060-22)
142,CITY/MUNICIPALITY  : CARCAR CITY,,CITY/MUNICIPALITY  : CARCAR CITY,,"RDO No. 83 -Talisay City, CebuWeb.xls",Sheet 8(060-22)
143,ZONE/ BARANGAY     : BUENAVISTA,,ZONE/ BARANGAY     : BUENAVISTA,,"RDO No. 83 -Talisay City, CebuWeb.xls",Sheet 8(060-22)
144,STREET NAME/                   SUBDIVISION/CONDOMINIUM,,STREET NAME/                   SUBDIVISION/CONDOMINIUM,,"RDO No. 83 -Talisay City, CebuWeb.xls",Sheet 8(060-22)
145,PROVINCIAL ROAD,,PROVINCIAL ROAD,,"RDO No. 83 -Talisay City, CebuWeb.xls",Sheet 8(060-22)
146,ALL LOTS,,ALL LOTS,,"RDO No. 83 -Talisay City, CebuWeb.xls",Sheet 8(060-22)
147,,,,,"RDO No. 83 -Talisay City, CebuWeb.xls",Sheet 8(060-22)
148,,,,,"RDO No. 83 -Talisay City, CebuWeb.xls",Sheet 8(060-22)
149,,,,,"RDO No. 83 -Talisay City, CebuWeb.xls",Sheet 8(060-22)
150,,,,,"RDO No. 83 -Talisay City, CebuWeb.xls",Sheet 8(060-22)
151,,,,,"RDO No. 83 -Talisay City, CebuWeb.xls",Sheet 8(060-22)
152,,,,,"RDO No. 83 -Talisay City, CebuWeb.xls",Sheet 8(060-22)
153,,,,,"RDO No. 83 -Talisay City, CebuWeb.xls",Sheet 8(060-22)
154,,,,,"RDO No. 83 -Talisay City, CebuWeb.xls",Sheet 8(060-22)
155,,,,,"RDO No. 83 -Talisay City, CebuWeb.xls",Sheet 8(060-22)
156,,,,,"RDO No. 83 -Talisay City, CebuWeb.xls",Sheet 8(060-22)
157,MUNICIPAL ROAD INTERIOR,,MUNICIPAL ROAD INTERIOR,,"RDO No. 83 -Talisay City, CebuWeb.xls",Sheet 8(060-22)
158,,,,,"RDO No. 83 -Talisay City, CebuWeb.xls",Sheet 8(060-22)
159,,,,,"RDO No. 83 -Talisay City, CebuWeb.xls",Sheet 8(060-22)
160,ALL OTHER SUBDIVISION/VILLAGE,,ALL OTHER SUBDIVISION/VILLAGE,,"RDO No. 83 -Talisay City, CebuWeb.xls",Sheet 8(060-22)
161,* not among the standard classification code,,* not among the standard classification code,,"RDO No. 83 -Talisay City, CebuWeb.xls",Sheet 8(060-22)
162,,,,,"RDO No. 83 -Talisay City, CebuWeb.xls",Sheet 8(060-22)
163,,,,,"RDO No. 83 -Talisay City, CebuWeb.xls",Sheet 8(060-22)
164,PROVINCE                    : CEBU,,PROVINCE                    : CEBU,,"RDO No. 83 -Talisay City, CebuWeb.xls",Sheet 8(060-22)
165,CITY/MUNICIPALITY  : CARCAR CITY,,CITY/MUNICIPALITY  : CARCAR CITY,,"RDO No. 83 -Talisay City, CebuWeb.xls",Sheet 8(060-22)
166,ZONE/ BARANGAY     : CALIDNGAN,,ZONE/ BARANGAY     : CALIDNGAN,,"RDO No. 83 -Talisay City, CebuWeb.xls",Sheet 8(060-22)
167,STREET NAME/                   SUBDIVISION/CONDOMINIUM,,STREET NAME/                   SUBDIVISION/CONDOMINIUM,,"RDO No. 83 -Talisay City, CebuWeb.xls",Sheet 8(060-22)
168,PROVINCIAL ROAD,,PROVINCIAL ROAD,,"RDO No. 83 -Talisay City, CebuWeb.xls",Sheet 8(060-22)
169,,,,,"RDO No. 83 -Talisay City, CebuWeb.xls",Sheet 8(060-22)
170,,,,,"RDO No. 83 -Talisay City, CebuWeb.xls",Sheet 8(060-22)
171,,,,,"RDO No. 83 -Talisay City, CebuWeb.xls",Sheet 8(060-22)
172,,,,,"RDO No. 83 -Talisay City, CebuWeb.xls",Sheet 8(060-22)
173,MUNICIPAL /CITY ROAD,,MUNICIPAL /CITY ROAD,,"RDO No. 83 -Talisay City, CebuWeb.xls",Sheet 8(060-22)
174,,,,,"RDO No. 83 -Talisay City, CebuWeb.xls",Sheet 8(060-22)
175,,,,,"RDO No. 83 -Talisay City, CebuWeb.xls",Sheet 8(060-22)
176,,,,,"RDO No. 83 -Talisay City, CebuWeb.xls",Sheet 8(060-22)
177,,,,,"RDO No. 83 -Talisay City, CebuWeb.xls",Sheet 8(060-22)
178,BARANGAY ROAD,,BARANGAY ROAD,,"RDO No. 83 -Talisay City, CebuWeb.xls",Sheet 8(060-22)
179,,,,,"RDO No. 83 -Talisay City, CebuWeb.xls",Sheet 8(060-22)
180,,,,,"RDO No. 83 -Talisay City, CebuWeb.xls",Sheet 8(060-22)
181,,,,,"RDO No. 83 -Talisay City, CebuWeb.xls",Sheet 8(060-22)
182,,,,,"RDO No. 83 -Talisay City, CebuWeb.xls",Sheet 8(060-22)
183,,,,,"RDO No. 83 -Talisay City, CebuWeb.xls",Sheet 8(060-22)
184,,,,,"RDO No. 83 -Talisay City, CebuWeb.xls",Sheet 8(060-22)
185,* not among the standard classification code,,* not among the standard classification code,,"RDO No. 83 -Talisay City, CebuWeb.xls",Sheet 8(060-22)
186,,,,,"RDO No. 83 -Talisay City, CebuWeb.xls",Sheet 8(060-22)
187,,,,,"RDO No. 83 -Talisay City, CebuWeb.xls",Sheet 8(060-22)
188,PROVINCE                    : CEBU,,PROVINCE                    : CEBU,,"RDO No. 83 -Talisay City, CebuWeb.xls",Sheet 8(060-22)
189,CITY/MUNICIPALITY  : CARCAR CITY,,CITY/MUNICIPALITY  : CARCAR CITY,,"RDO No. 83 -Talisay City, CebuWeb.xls",Sheet 8(060-22)
190,ZONE/ BARANGAY     : CAN-ASUJAN,,ZONE/ BARANGAY     : CAN-ASUJAN,,"RDO No. 83 -Talisay City, CebuWeb.xls",Sheet 8(060-22)
191,STREET NAME/                   SUBDIVISION/CONDOMINIUM,,STREET NAME/                   SUBDIVISION/CONDOMINIUM,,"RDO No. 83 -Talisay City, CebuWeb.xls",Sheet 8(060-22)
192,PROVINCIAL ROAD,,PROVINCIAL ROAD,,"RDO No. 83 -Talisay City, CebuWeb.xls",Sheet 8(060-22)
193,,,,,"RDO No. 83 -Talisay City, CebuWeb.xls",Sheet 8(060-22)
194,,,,,"RDO No. 83 -Talisay City, CebuWeb.xls",Sheet 8(060-22)
195,,,,,"RDO No. 83 -Talisay City, CebuWeb.xls",Sheet 8(060-22)
196,,,,,"RDO No. 83 -Talisay City, CebuWeb.xls",Sheet 8(060-22)
197,MUNICIPAL/ CITY ROAD,,MUNICIPAL/ CITY ROAD,,"RDO No. 83 -Talisay City, CebuWeb.xls",Sheet 8(060-22)
198,,,,,"RDO No. 83 -Talisay City, CebuWeb.xls",Sheet 8(060-22)
199,,,,,"RDO No. 83 -Talisay City, CebuWeb.xls",Sheet 8(060-22)
200,WEST OF BARANGAY,,WEST OF BARANGAY,,"RDO No. 83 -Talisay City, CebuWeb.xls",Sheet 8(060-22)
201,,,,,"RDO No. 83 -Talisay City, CebuWeb.xls",Sheet 8(060-22)
202,OTHER AREAS,,OTHER AREAS,,"RDO No. 83 -Talisay City, CebuWeb.xls",Sheet 8(060-22)
203,,,,,"RDO No. 83 -Talisay City, CebuWeb.xls",Sheet 8(060-22)
204,CAMELLA HOMES SUBDIVISION,,CAMELLA HOMES SUBDIVISION,,"RDO No. 83 -Talisay City, CebuWeb.xls",Sheet 8(060-22)
205,LUMINA HOMES,,LUMINA HOMES,,"RDO No. 83 -Talisay City, CebuWeb.xls",Sheet 8(060-22)
206,ESPERANZA HOMES,,ESPERANZA HOMES,,"RDO No. 83 -Talisay City, CebuWeb.xls",Sheet 8(060-22)
207,LA CRESTA HOMES & HILLS**,,LA CRESTA HOMES & HILLS**,,"RDO No. 83 -Talisay City, CebuWeb.xls",Sheet 8(060-22)
208,SUMMER VILLE SUBDIVISION**,,SUMMER VILLE SUBDIVISION**,,"RDO No. 83 -Talisay City, CebuWeb.xls",Sheet 8(060-22)
209,ALL SUBDIVISION/VILLAGES,,ALL SUBDIVISION/VILLAGES,,"RDO No. 83 -Talisay City, CebuWeb.xls",Sheet 8(060-22)
210,,,,,"RDO No. 83 -Talisay City, CebuWeb.xls",Sheet 8(060-22)
211,**New subdivision,,**New subdivision,,"RDO No. 83 -Talisay City, CebuWeb.xls",Sheet 8(060-22)
212,,,,,"RDO No. 83 -Talisay City, CebuWeb.xls",Sheet 8(060-22)
213,,,,,"RDO No. 83 -Talisay City, CebuWeb.xls",Sheet 8(060-22)
214,PROVINCE                    : CEBU,,PROVINCE                    : CEBU,,"RDO No. 83 -Talisay City, CebuWeb.xls",Sheet 8(060-22)
215,CITY/MUNICIPALITY  : CARCAR CITY,,CITY/MUNICIPALITY  : CARCAR CITY,,"RDO No. 83 -Talisay City, CebuWeb.xls",Sheet 8(060-22)
216,ZONE/ BARANGAY     : GUADALUPE,,ZONE/ BARANGAY     : GUADALUPE,,"RDO No. 83 -Talisay City, CebuWeb.xls",Sheet 8(060-22)
217,STREET NAME/                   SUBDIVISION/CONDOMINIUM,,STREET NAME/                   SUBDIVISION/CONDOMINIUM,,"RDO No. 83 -Talisay City, CebuWeb.xls",Sheet 8(060-22)
218,NATIONAL ROAD,,NATIONAL ROAD,,"RDO No. 83 -Talisay City, CebuWeb.xls",Sheet 8(060-22)
219,,,,,"RDO No. 83 -Talisay City, CebuWeb.xls",Sheet 8(060-22)
220,ALL LOTS,,ALL LOTS,,"RDO No. 83 -Talisay City, CebuWeb.xls",Sheet 8(060-22)
221,,,,,"RDO No. 83 -Talisay City, CebuWeb.xls",Sheet 8(060-22)
222,,,,,"RDO No. 83 -Talisay City, CebuWeb.xls",Sheet 8(060-22)
223,,,,,"RDO No. 83 -Talisay City, CebuWeb.xls",Sheet 8(060-22)
224,ALL SUBDIVISIONS/VILLAGES,,ALL SUBDIVISIONS/VILLAGES,,"RDO No. 83 -Talisay City, CebuWeb.xls",Sheet 8(060-22)
225,SITIO HUNOB-ANISLAGAN,,SITIO HUNOB-ANISLAGAN,,"RDO No. 83 -Talisay City, CebuWeb.xls",Sheet 8(060-22)
226,,,,,"RDO No. 83 -Talisay City, CebuWeb.xls",Sheet 8(060-22)
227,SITIO KAMANGGAHAN,,SITIO KAMANGGAHAN,,"RDO No. 83 -Talisay City, CebuWeb.xls",Sheet 8(060-22)
228,,,,,"RDO No. 83 -Talisay City, CebuWeb.xls",Sheet 8(060-22)
229,SITIO TAPAL-MAINIT-MABUGNAO,,SITIO TAPAL-MAINIT-MABUGNAO,,"RDO No. 83 -Talisay City, CebuWeb.xls",Sheet 8(060-22)
230,,,,,"RDO No. 83 -Talisay City, CebuWeb.xls",Sheet 8(060-22)
231,SITIO MUAG-BACTUS,,SITIO MUAG-BACTUS,,"RDO No. 83 -Talisay City, CebuWeb.xls",Sheet 8(060-22)
232,,,,,"RDO No. 83 -Talisay City, CebuWeb.xls",Sheet 8(060-22)
233,SITIO BOLBOLAN,,SITIO BOLBOLAN,,"RDO No. 83 -Talisay City, CebuWeb.xls",Sheet 8(060-22)
234,* not among the standard classification code,,* not among the standard classification code,,"RDO No. 83 -Talisay City, CebuWeb.xls",Sheet 8(060-22)
235,,,,,"RDO No. 83 -Talisay City, CebuWeb.xls",Sheet 8(060-22)
236,,,,,"RDO No. 83 -Talisay City, CebuWeb.xls",Sheet 8(060-22)
237,PROVINCE                    : CEBU,,PROVINCE                    : CEBU,,"RDO No. 83 -Talisay City, CebuWeb.xls",Sheet 8(060-22)
238,CITY/MUNICIPALITY  : CARCAR CITY,,CITY/MUNICIPALITY  : CARCAR CITY,,"RDO No. 83 -Talisay City, CebuWeb.xls",Sheet 8(060-22)
239,ZONE/ BARANGAY     : LIBURON,,ZONE/ BARANGAY     : LIBURON,,"RDO No. 83 -Talisay City, CebuWeb.xls",Sheet 8(060-22)
240,STREET NAME/                   SUBDIVISION/CONDOMINIUM,,STREET NAME/                   SUBDIVISION/CONDOMINIUM,,"RDO No. 83 -Talisay City, CebuWeb.xls",Sheet 8(060-22)
241,PROVINCIAL ROAD,,PROVINCIAL ROAD,,"RDO No. 83 -Talisay City, CebuWeb.xls",Sheet 8(060-22)
242,,,,,"RDO No. 83 -Talisay City, CebuWeb.xls",Sheet 8(060-22)
243,,,,,"RDO No. 83 -Talisay City, CebuWeb.xls",Sheet 8(060-22)
244,,,,,"RDO No. 83 -Talisay City, CebuWeb.xls",Sheet 8(060-22)
245,MUNICIPAL/CITY ROAD,,MUNICIPAL/CITY ROAD,,"RDO No. 83 -Talisay City, CebuWeb.xls",Sheet 8(060-22)
246,,,,,"RDO No. 83 -Talisay City, CebuWeb.xls",Sheet 8(060-22)
247,,,,,"RDO No. 83 -Talisay City, CebuWeb.xls",Sheet 8(060-22)
248,,,,,"RDO No. 83 -Talisay City, CebuWeb.xls",Sheet 8(060-22)
249,ALL LOTS,,ALL LOTS,,"RDO No. 83 -Talisay City, CebuWeb.xls",Sheet 8(060-22)
250,,,,,"RDO No. 83 -Talisay City, CebuWeb.xls",Sheet 8(060-22)
251,,,,,"RDO No. 83 -Talisay City, CebuWeb.xls",Sheet 8(060-22)
252,,,,,"RDO No. 83 -Talisay City, CebuWeb.xls",Sheet 8(060-22)
253,,,,,"RDO No. 83 -Talisay City, CebuWeb.xls",Sheet 8(060-22)
254,,,,,"RDO No. 83 -Talisay City, CebuWeb.xls",Sheet 8(060-22)
255,,,,,"RDO No. 83 -Talisay City, CebuWeb.xls",Sheet 8(060-22)
256,,,,,"RDO No. 83 -Talisay City, CebuWeb.xls",Sheet 8(060-22)
257,TIERA NAVA SUBDIVISION / JOHNDORF**,,TIERA NAVA SUBDIVISION / JOHNDORF**,,"RDO No. 83 -Talisay City, CebuWeb.xls",Sheet 8(060-22)
258,ALL OTHER SUBDIVISIONS/VILLAGES,,ALL OTHER SUBDIVISIONS/VILLAGES,,"RDO No. 83 -Talisay City, CebuWeb.xls",Sheet 8(060-22)
259,* not among the standard classification code,,* not among the standard classification code,,"RDO No. 83 -Talisay City, CebuWeb.xls",Sheet 8(060-22)
260,Note:,,Note:,,"RDO No. 83 -Talisay City, CebuWeb.xls",Sheet 8(060-22)
261,3  Sitio Sambag is non-existent per Assessor's Office,,3  Sitio Sambag is non-existent per Assessor's Office,,"RDO No. 83 -Talisay City, CebuWeb.xls",Sheet 8(060-22)
262,**New subdivision,,**New subdivision,,"RDO No. 83 -Talisay City, CebuWeb.xls",Sheet 8(060-22)
263,,,,,"RDO No. 83 -Talisay City, CebuWeb.xls",Sheet 8(060-22)
264,,,,,"RDO No. 83 -Talisay City, CebuWeb.xls",Sheet 8(060-22)
265,PROVINCE                    : CEBU,,PROVINCE                    : CEBU,,"RDO No. 83 -Talisay City, CebuWeb.xls",Sheet 8(060-22)
266,CITY/MUNICIPALITY  : CARCAR CITY,,CITY/MUNICIPALITY  : CARCAR CITY,,"RDO No. 83 -Talisay City, CebuWeb.xls",Sheet 8(060-22)
267,ZONE/ BARANGAY     : NAPO,,ZONE/ BARANGAY     : NAPO,,"RDO No. 83 -Talisay City, CebuWeb.xls",Sheet 8(060-22)
268,STREET NAME/                   SUBDIVISION/CONDOMINIUM,,STREET NAME/                   SUBDIVISION/CONDOMINIUM,,"RDO No. 83 -Talisay City, CebuWeb.xls",Sheet 8(060-22)
269,PROVINCIAL ROAD,,PROVINCIAL ROAD,,"RDO No. 83 -Talisay City, CebuWeb.xls",Sheet 8(060-22)
270,ALL LOTS,,ALL LOTS,,"RDO No. 83 -Talisay City, CebuWeb.xls",Sheet 8(060-22)
271,,,,,"RDO No. 83 -Talisay City, CebuWeb.xls",Sheet 8(060-22)
272,,,,,"RDO No. 83 -Talisay City, CebuWeb.xls",Sheet 8(060-22)
273,,,,,"RDO No. 83 -Talisay City, CebuWeb.xls",Sheet 8(060-22)
274,,,,,"RDO No. 83 -Talisay City, CebuWeb.xls",Sheet 8(060-22)
275,,,,,"RDO No. 83 -Talisay City, CebuWeb.xls",Sheet 8(060-22)
276,,,,,"RDO No. 83 -Talisay City, CebuWeb.xls",Sheet 8(060-22)
277,,,,,"RDO No. 83 -Talisay City, CebuWeb.xls",Sheet 8(060-22)
278,SITIO TULINDA-SITIO TALAMBAN,,SITIO TULINDA-SITIO TALAMBAN,,"RDO No. 83 -Talisay City, CebuWeb.xls",Sheet 8(060-22)
279,,,,,"RDO No. 83 -Talisay City, CebuWeb.xls",Sheet 8(060-22)
280,SITIO TAKLOB-SITIO GARAY,,SITIO TAKLOB-SITIO GARAY,,"RDO No. 83 -Talisay City, CebuWeb.xls",Sheet 8(060-22)
281,,,,,"RDO No. 83 -Talisay City, CebuWeb.xls",Sheet 8(060-22)
282,SITIO PUESTO-SITIO KALANGYAWON-SITIO PUESTO,,SITIO PUESTO-SITIO KALANGYAWON-SITIO PUESTO,,"RDO No. 83 -Talisay City, CebuWeb.xls",Sheet 8(060-22)
283,,,,,"RDO No. 83 -Talisay City, CebuWeb.xls",Sheet 8(060-22)
284,SITIO DANAO-KAYAM-PAJO,,SITIO DANAO-KAYAM-PAJO,,"RDO No. 83 -Talisay City, CebuWeb.xls",Sheet 8(060-22)
285,,,,,"RDO No. 83 -Talisay City, CebuWeb.xls",Sheet 8(060-22)
286,* not among the standard classification code,,* not among the standard classification code,,"RDO No. 83 -Talisay City, CebuWeb.xls",Sheet 8(060-22)
287,,,,,"RDO No. 83 -Talisay City, CebuWeb.xls",Sheet 8(060-22)
288,,,,,"RDO No. 83 -Talisay City, CebuWeb.xls",Sheet 8(060-22)
289,PROVINCE                    : CEBU,,PROVINCE                    : CEBU,,"RDO No. 83 -Talisay City, CebuWeb.xls",Sheet 8(060-22)
290,CITY/MUNICIPALITY  : CARCAR CITY,,CITY/MUNICIPALITY  : CARCAR CITY,,"RDO No. 83 -Talisay City, CebuWeb.xls",Sheet 8(060-22)
291,ZONE/ BARANGAY     : OCAÑA,,ZONE/ BARANGAY     : OCAÑA,,"RDO No. 83 -Talisay City, CebuWeb.xls",Sheet 8(060-22)
292,STREET NAME/                   SUBDIVISION/CONDOMINIUM,,STREET NAME/                   SUBDIVISION/CONDOMINIUM,,"RDO No. 83 -Talisay City, CebuWeb.xls",Sheet 8(060-22)
293,NATIONAL ROAD,,NATIONAL ROAD,,"RDO No. 83 -Talisay City, CebuWeb.xls",Sheet 8(060-22)
294,,,,,"RDO No. 83 -Talisay City, CebuWeb.xls",Sheet 8(060-22)
295,,,,,"RDO No. 83 -Talisay City, CebuWeb.xls",Sheet 8(060-22)
296,,,,,"RDO No. 83 -Talisay City, CebuWeb.xls",Sheet 8(060-22)
297,,,,,"RDO No. 83 -Talisay City, CebuWeb.xls",Sheet 8(060-22)
298,ALL LOTS,,ALL LOTS,,"RDO No. 83 -Talisay City, CebuWeb.xls",Sheet 8(060-22)
299,,,,,"RDO No. 83 -Talisay City, CebuWeb.xls",Sheet 8(060-22)
300,,,,,"RDO No. 83 -Talisay City, CebuWeb.xls",Sheet 8(060-22)
301,,,,,"RDO No. 83 -Talisay City, CebuWeb.xls",Sheet 8(060-22)
302,SITIO LAGANG (UPPER),,SITIO LAGANG (UPPER),,"RDO No. 83 -Talisay City, CebuWeb.xls",Sheet 8(060-22)
303,UPPER SITIO LAGANG 4,,UPPER SITIO LAGANG 4,4.0,"RDO No. 83 -Talisay City, CebuWeb.xls",Sheet 8(060-22)
304,,,,,"RDO No. 83 -Talisay City, CebuWeb.xls",Sheet 8(060-22)
305,SITIO BONBON,,SITIO BONBON,,"RDO No. 83 -Talisay City, CebuWeb.xls",Sheet 8(060-22)
306,,,,,"RDO No. 83 -Talisay City, CebuWeb.xls",Sheet 8(060-22)
307,SITIO BONBON BEACH,,SITIO BONBON BEACH,,"RDO No. 83 -Talisay City, CebuWeb.xls",Sheet 8(060-22)
308,SITIO BACSIJE (BACAJI),,SITIO BACSIJE (BACAJI),,"RDO No. 83 -Talisay City, CebuWeb.xls",Sheet 8(060-22)
309,,,,,"RDO No. 83 -Talisay City, CebuWeb.xls",Sheet 8(060-22)
310,SITIO KAMANG KAMANG,,SITIO KAMANG KAMANG,,"RDO No. 83 -Talisay City, CebuWeb.xls",Sheet 8(060-22)
311,,,,,"RDO No. 83 -Talisay City, CebuWeb.xls",Sheet 8(060-22)
312,SITIO ABUGON 5,,SITIO ABUGON 5,5.0,"RDO No. 83 -Talisay City, CebuWeb.xls",Sheet 8(060-22)
313,BUCAO SUBDIVISION,,BUCAO SUBDIVISION,,"RDO No. 83 -Talisay City, CebuWeb.xls",Sheet 8(060-22)
314,STA ISABEL ESTATE **,,STA ISABEL ESTATE **,,"RDO No. 83 -Talisay City, CebuWeb.xls",Sheet 8(060-22)
315,ALL SUBDIVISION/VILLAGES,,ALL SUBDIVISION/VILLAGES,,"RDO No. 83 -Talisay City, CebuWeb.xls",Sheet 8(060-22)
316,OTHER AREAS,,OTHER AREAS,,"RDO No. 83 -Talisay City, CebuWeb.xls",Sheet 8(060-22)
317,,,,,"RDO No. 83 -Talisay City, CebuWeb.xls",Sheet 8(060-22)
318,,,,,"RDO No. 83 -Talisay City, CebuWeb.xls",Sheet 8(060-22)
319,* not among the standard classification code,,* not among the standard classification code,,"RDO No. 83 -Talisay City, CebuWeb.xls",Sheet 8(060-22)
320,Note:,,Note:,,"RDO No. 83 -Talisay City, CebuWeb.xls",Sheet 8(060-22)
321,4 This classification was previously part of Barangay Bolinawan (Note 2),,4 This classification was previously part of Barangay Bolinawan (Note 2),42.0,"RDO No. 83 -Talisay City, CebuWeb.xls",Sheet 8(060-22)
322,5 Sitio Abugon is part of Municipality of Sibonga,,5 Sitio Abugon is part of Municipality of Sibonga,5.0,"RDO No. 83 -Talisay City, CebuWeb.xls",Sheet 8(060-22)
323,**New subdivision,,**New subdivision,,"RDO No. 83 -Talisay City, CebuWeb.xls",Sheet 8(060-22)
324,,,,,"RDO No. 83 -Talisay City, CebuWeb.xls",Sheet 8(060-22)
325,,,,,"RDO No. 83 -Talisay City, CebuWeb.xls",Sheet 8(060-22)
326,PROVINCE                    : CEBU,,PROVINCE                    : CEBU,,"RDO No. 83 -Talisay City, CebuWeb.xls",Sheet 8(060-22)
327,CITY/MUNICIPALITY  : CARCAR CITY,,CITY/MUNICIPALITY  : CARCAR CITY,,"RDO No. 83 -Talisay City, CebuWeb.xls",Sheet 8(060-22)
328,ZONE/ BARANGAY     : PERRELOS,,ZONE/ BARANGAY     : PERRELOS,,"RDO No. 83 -Talisay City, CebuWeb.xls",Sheet 8(060-22)
329,STREET NAME/                   SUBDIVISION/CONDOMINIUM,,STREET NAME/                   SUBDIVISION/CONDOMINIUM,,"RDO No. 83 -Talisay City, CebuWeb.xls",Sheet 8(060-22)
330,NATIONAL ROAD,,NATIONAL ROAD,,"RDO No. 83 -Talisay City, CebuWeb.xls",Sheet 8(060-22)
331,,,,,"RDO No. 83 -Talisay City, CebuWeb.xls",Sheet 8(060-22)
332,,,,,"RDO No. 83 -Talisay City, CebuWeb.xls",Sheet 8(060-22)
333,,,,,"RDO No. 83 -Talisay City, CebuWeb.xls",Sheet 8(060-22)
334,,,,,"RDO No. 83 -Talisay City, CebuWeb.xls",Sheet 8(060-22)
335,,,,,"RDO No. 83 -Talisay City, CebuWeb.xls",Sheet 8(060-22)
336,,,,,"RDO No. 83 -Talisay City, CebuWeb.xls",Sheet 8(060-22)
337,,,,,"RDO No. 83 -Talisay City, CebuWeb.xls",Sheet 8(060-22)
338,ALONG NAT'L & PROV'L ROADS,,ALONG NAT'L & PROV'L ROADS,,"RDO No. 83 -Talisay City, CebuWeb.xls",Sheet 8(060-22)
339,50 METERS INWARD,,50 METERS INWARD,50.0,"RDO No. 83 -Talisay City, CebuWeb.xls",Sheet 8(060-22)
340,ALONG BRGY RD 50M INWARD,,ALONG BRGY RD 50M INWARD,50.0,"RDO No. 83 -Talisay City, CebuWeb.xls",Sheet 8(060-22)
341,,,,,"RDO No. 83 -Talisay City, CebuWeb.xls",Sheet 8(060-22)
342,,,,,"RDO No. 83 -Talisay City, CebuWeb.xls",Sheet 8(060-22)
343,,,,,"RDO No. 83 -Talisay City, CebuWeb.xls",Sheet 8(060-22)
344,,,,,"RDO No. 83 -Talisay City, CebuWeb.xls",Sheet 8(060-22)
345,,,,,"RDO No. 83 -Talisay City, CebuWeb.xls",Sheet 8(060-22)
346,,,,,"RDO No. 83 -Talisay City, CebuWeb.xls",Sheet 8(060-22)
347,,,,,"RDO No. 83 -Talisay City, CebuWeb.xls",Sheet 8(060-22)
348,INTERIOR  AREAS 50 METERS AWAY FR BRGY. ROADS,,INTERIOR  AREAS 50 METERS AWAY FR BRGY. ROADS,50.0,"RDO No. 83 -Talisay City, CebuWeb.xls",Sheet 8(060-22)
349,,,,,"RDO No. 83 -Talisay City, CebuWeb.xls",Sheet 8(060-22)
350,,,,,"RDO No. 83 -Talisay City, CebuWeb.xls",Sheet 8(060-22)
351,ALL LOTS,,ALL LOTS,,"RDO No. 83 -Talisay City, CebuWeb.xls",Sheet 8(060-22)
352,,,,,"RDO No. 83 -Talisay City, CebuWeb.xls",Sheet 8(060-22)
353,CAMELLA SUBDIVISION,,CAMELLA SUBDIVISION,,"RDO No. 83 -Talisay City, CebuWeb.xls",Sheet 8(060-22)
354,STA. LUCIA SUBDIVISION/GLENROSE SUBDIVISION,,STA. LUCIA SUBDIVISION/GLENROSE SUBDIVISION,,"RDO No. 83 -Talisay City, CebuWeb.xls",Sheet 8(060-22)
355,OTHER SUBDIVISIONS/VILLAGES,,OTHER SUBDIVISIONS/VILLAGES,,"RDO No. 83 -Talisay City, CebuWeb.xls",Sheet 8(060-22)
356,,,,,"RDO No. 83 -Talisay City, CebuWeb.xls",Sheet 8(060-22)
357,* not among the standard classification code,,* not among the standard classification code,,"RDO No. 83 -Talisay City, CebuWeb.xls",Sheet 8(060-22)
358,,,,,"RDO No. 83 -Talisay City, CebuWeb.xls",Sheet 8(060-22)
359,,,,,"RDO No. 83 -Talisay City, CebuWeb.xls",Sheet 8(060-22)
360,PROVINCE                    : CEBU,,PROVINCE                    : CEBU,,"RDO No. 83 -Talisay City, CebuWeb.xls",Sheet 8(060-22)
361,CITY/MUNICIPALITY  : CARCAR CITY,,CITY/MUNICIPALITY  : CARCAR CITY,,"RDO No. 83 -Talisay City, CebuWeb.xls",Sheet 8(060-22)
362,ZONE/ BARANGAY     : POBLACION I,,ZONE/ BARANGAY     : POBLACION I,,"RDO No. 83 -Talisay City, CebuWeb.xls",Sheet 8(060-22)
363,STREET NAME/                   SUBDIVISION/CONDOMINIUM,,STREET NAME/                   SUBDIVISION/CONDOMINIUM,,"RDO No. 83 -Talisay City, CebuWeb.xls",Sheet 8(060-22)
364,JOSE RIZAL ST.  (HI-WAY) 6,,JOSE RIZAL ST.  (HI-WAY) 6,,"RDO No. 83 -Talisay City, CebuWeb.xls",Sheet 8(060-22)
365,,,,,"RDO No. 83 -Talisay City, CebuWeb.xls",Sheet 8(060-22)
366,,,,,"RDO No. 83 -Talisay City, CebuWeb.xls",Sheet 8(060-22)
367,,,,,"RDO No. 83 -Talisay City, CebuWeb.xls",Sheet 8(060-22)
368,SAN VICENTE ST.,,SAN VICENTE ST.,,"RDO No. 83 -Talisay City, CebuWeb.xls",Sheet 8(060-22)
369,GEN LUNA ST.,,GEN LUNA ST.,,"RDO No. 83 -Talisay City, CebuWeb.xls",Sheet 8(060-22)
370,P. VASQUEZ/SAN JOSE ST.,,P. VASQUEZ/SAN JOSE ST.,,"RDO No. 83 -Talisay City, CebuWeb.xls",Sheet 8(060-22)
371,DEL CORRO ST.,,DEL CORRO ST.,,"RDO No. 83 -Talisay City, CebuWeb.xls",Sheet 8(060-22)
372,,,,,"RDO No. 83 -Talisay City, CebuWeb.xls",Sheet 8(060-22)
373,SITIO LUAN-LUAN,,SITIO LUAN-LUAN,,"RDO No. 83 -Talisay City, CebuWeb.xls",Sheet 8(060-22)
374,"BLK BDRY NAT'L HI-WAY, GEN. LUNA, & P. VASQUEZ STS.",,"BLK BDRY NAT'L HI-WAY, GEN. LUNA, & P. VASQUEZ STS.",,"RDO No. 83 -Talisay City, CebuWeb.xls",Sheet 8(060-22)
375,,,,,"RDO No. 83 -Talisay City, CebuWeb.xls",Sheet 8(060-22)
376,ALONG EXISTING CITY RDS & 50M INWARDS,,ALONG EXISTING CITY RDS & 50M INWARDS,50.0,"RDO No. 83 -Talisay City, CebuWeb.xls",Sheet 8(060-22)
377,"AWAY FR. NAT'L, PROV'L & CITY RD",,"AWAY FR. NAT'L, PROV'L & CITY RD",,"RDO No. 83 -Talisay City, CebuWeb.xls",Sheet 8(060-22)
378,SITIO CAIPILAN 7,,SITIO CAIPILAN 7,7.0,"RDO No. 83 -Talisay City, CebuWeb.xls",Sheet 8(060-22)
379,,,,,"RDO No. 83 -Talisay City, CebuWeb.xls",Sheet 8(060-22)
380,,,,,"RDO No. 83 -Talisay City, CebuWeb.xls",Sheet 8(060-22)
381,ALL OTHER SUBDIVISION/VILLAGES**,,ALL OTHER SUBDIVISION/VILLAGES**,,"RDO No. 83 -Talisay City, CebuWeb.xls",Sheet 8(060-22)
382,ALL LOTS,,ALL LOTS,,"RDO No. 83 -Talisay City, CebuWeb.xls",Sheet 8(060-22)
383,,,,,"RDO No. 83 -Talisay City, CebuWeb.xls",Sheet 8(060-22)
384,,,,,"RDO No. 83 -Talisay City, CebuWeb.xls",Sheet 8(060-22)
385,,,,,"RDO No. 83 -Talisay City, CebuWeb.xls",Sheet 8(060-22)
386,,,,,"RDO No. 83 -Talisay City, CebuWeb.xls",Sheet 8(060-22)
387,,,,,"RDO No. 83 -Talisay City, CebuWeb.xls",Sheet 8(060-22)
388,,,,,"RDO No. 83 -Talisay City, CebuWeb.xls",Sheet 8(060-22)
389,,,,,"RDO No. 83 -Talisay City, CebuWeb.xls",Sheet 8(060-22)
390,,,,,"RDO No. 83 -Talisay City, CebuWeb.xls",Sheet 8(060-22)
391,* not among the standard classification code,,* not among the standard classification code,,"RDO No. 83 -Talisay City, CebuWeb.xls",Sheet 8(060-22)
392,"NOTE: 6 Per City Assessor, Carcar Public Market was transferred to Poblacion II",,"NOTE: 6 Per City Assessor, Carcar Public Market was transferred to Poblacion II",6.0,"RDO No. 83 -Talisay City, CebuWeb.xls",Sheet 8(060-22)
393,7 Sitio Caipilan was previously part of Barangay Bolinawan (Note 1),,7 Sitio Caipilan was previously part of Barangay Bolinawan (Note 1),71.0,"RDO No. 83 -Talisay City, CebuWeb.xls",Sheet 8(060-22)
394,**New subdivision,,**New subdivision,,"RDO No. 83 -Talisay City, CebuWeb.xls",Sheet 8(060-22)
395,,,,,"RDO No. 83 -Talisay City, CebuWeb.xls",Sheet 8(060-22)
396,,,,,"RDO No. 83 -Talisay City, CebuWeb.xls",Sheet 8(060-22)
397,PROVINCE                    : CEBU,,PROVINCE                    : CEBU,,"RDO No. 83 -Talisay City, CebuWeb.xls",Sheet 8(060-22)
398,CITY/MUNICIPALITY  : CARCAR CITY,,CITY/MUNICIPALITY  : CARCAR CITY,,"RDO No. 83 -Talisay City, CebuWeb.xls",Sheet 8(060-22)
399,ZONE/ BARANGAY     : POBLACION II,,ZONE/ BARANGAY     : POBLACION II,,"RDO No. 83 -Talisay City, CebuWeb.xls",Sheet 8(060-22)
400,STREET NAME/                   SUBDIVISION/CONDOMINIUM,,STREET NAME/                   SUBDIVISION/CONDOMINIUM,,"RDO No. 83 -Talisay City, CebuWeb.xls",Sheet 8(060-22)
401,"GOMEZ, ZAMORA, P. DEL PILAR, LA LIBERTAD / P. DEL ROSARIO ST.,",,"GOMEZ, ZAMORA, P. DEL PILAR, LA LIBERTAD / P. DEL ROSARIO ST.,",,"RDO No. 83 -Talisay City, CebuWeb.xls",Sheet 8(060-22)
402,"STA. CATALINA, GEN LUNA, & P. BURGOS STS.",,"STA. CATALINA, GEN LUNA, & P. BURGOS STS.",,"RDO No. 83 -Talisay City, CebuWeb.xls",Sheet 8(060-22)
403,,,,,"RDO No. 83 -Talisay City, CebuWeb.xls",Sheet 8(060-22)
404,PUBLIC MARKET SITE,,PUBLIC MARKET SITE,,"RDO No. 83 -Talisay City, CebuWeb.xls",Sheet 8(060-22)
405,LOWER GEN. LUNA ST.,,LOWER GEN. LUNA ST.,,"RDO No. 83 -Talisay City, CebuWeb.xls",Sheet 8(060-22)
406,ALONG FEEDER W/N POBLACION,,ALONG FEEDER W/N POBLACION,,"RDO No. 83 -Talisay City, CebuWeb.xls",Sheet 8(060-22)
407,,,,,"RDO No. 83 -Talisay City, CebuWeb.xls",Sheet 8(060-22)
408,,,,,"RDO No. 83 -Talisay City, CebuWeb.xls",Sheet 8(060-22)
409,,,,,"RDO No. 83 -Talisay City, CebuWeb.xls",Sheet 8(060-22)
410,,,,,"RDO No. 83 -Talisay City, CebuWeb.xls",Sheet 8(060-22)
411,ALL LOTS,,ALL LOTS,,"RDO No. 83 -Talisay City, CebuWeb.xls",Sheet 8(060-22)
412,,,,,"RDO No. 83 -Talisay City, CebuWeb.xls",Sheet 8(060-22)
413,,,,,"RDO No. 83 -Talisay City, CebuWeb.xls",Sheet 8(060-22)
414,,,,,"RDO No. 83 -Talisay City, CebuWeb.xls",Sheet 8(060-22)
415,,,,,"RDO No. 83 -Talisay City, CebuWeb.xls",Sheet 8(060-22)
416,,,,,"RDO No. 83 -Talisay City, CebuWeb.xls",Sheet 8(060-22)
417,PROVINCE                    : CEBU,,PROVINCE                    : CEBU,,"RDO No. 83 -Talisay City, CebuWeb.xls",Sheet 8(060-22)
418,CITY/MUNICIPALITY  : CARCAR CITY,,CITY/MUNICIPALITY  : CARCAR CITY,,"RDO No. 83 -Talisay City, CebuWeb.xls",Sheet 8(060-22)
419,ZONE/ BARANGAY     : POBLACION III,,ZONE/ BARANGAY     : POBLACION III,,"RDO No. 83 -Talisay City, CebuWeb.xls",Sheet 8(060-22)
420,STREET NAME/                   SUBDIVISION/CONDOMINIUM,,STREET NAME/                   SUBDIVISION/CONDOMINIUM,,"RDO No. 83 -Talisay City, CebuWeb.xls",Sheet 8(060-22)
421,P. NELLAS.-AWAYAN,,P. NELLAS.-AWAYAN,,"RDO No. 83 -Talisay City, CebuWeb.xls",Sheet 8(060-22)
422,,,,,"RDO No. 83 -Talisay City, CebuWeb.xls",Sheet 8(060-22)
423,"CARCAR RIVER, MUN ROAD & NAT'L ROAD",,"CARCAR RIVER, MUN ROAD & NAT'L ROAD",,"RDO No. 83 -Talisay City, CebuWeb.xls",Sheet 8(060-22)
424,ESPERANZA VILLAGE,,ESPERANZA VILLAGE,,"RDO No. 83 -Talisay City, CebuWeb.xls",Sheet 8(060-22)
425,,,,,"RDO No. 83 -Talisay City, CebuWeb.xls",Sheet 8(060-22)
426,,,,,"RDO No. 83 -Talisay City, CebuWeb.xls",Sheet 8(060-22)
427,SITIO DAPDAP,,SITIO DAPDAP,,"RDO No. 83 -Talisay City, CebuWeb.xls",Sheet 8(060-22)
428,,,,,"RDO No. 83 -Talisay City, CebuWeb.xls",Sheet 8(060-22)
429,SITIO TAPON,,SITIO TAPON,,"RDO No. 83 -Talisay City, CebuWeb.xls",Sheet 8(060-22)
430,MANCAO SUBDIVISION,,MANCAO SUBDIVISION,,"RDO No. 83 -Talisay City, CebuWeb.xls",Sheet 8(060-22)
431,TIERRA NAVA SUBDIVISION / JOHNDORF**,,TIERRA NAVA SUBDIVISION / JOHNDORF**,,"RDO No. 83 -Talisay City, CebuWeb.xls",Sheet 8(060-22)
432,OTHER SUBDIVISION/VILLAGES,,OTHER SUBDIVISION/VILLAGES,,"RDO No. 83 -Talisay City, CebuWeb.xls",Sheet 8(060-22)
433,ALL INT. AREAS 50 M. AWAY FR. NAT'L,,ALL INT. AREAS 50 M. AWAY FR. NAT'L,,"RDO No. 83 -Talisay City, CebuWeb.xls",Sheet 8(060-22)
434,CITY. & PROV'L ROADS,,CITY. & PROV'L ROADS,,"RDO No. 83 -Talisay City, CebuWeb.xls",Sheet 8(060-22)
435,,,,,"RDO No. 83 -Talisay City, CebuWeb.xls",Sheet 8(060-22)
436,* not among the standard classification code,,* not among the standard classification code,,"RDO No. 83 -Talisay City, CebuWeb.xls",Sheet 8(060-22)
437,**New subdivision,,**New subdivision,,"RDO No. 83 -Talisay City, CebuWeb.xls",Sheet 8(060-22)
438,,,,,"RDO No. 83 -Talisay City, CebuWeb.xls",Sheet 8(060-22)
439,,,,,"RDO No. 83 -Talisay City, CebuWeb.xls",Sheet 8(060-22)
440,PROVINCE                    : CEBU,,PROVINCE                    : CEBU,,"RDO No. 83 -Talisay City, CebuWeb.xls",Sheet 8(060-22)
441,CITY/MUNICIPALITY  : CARCAR CITY,,CITY/MUNICIPALITY  : CARCAR CITY,,"RDO No. 83 -Talisay City, CebuWeb.xls",Sheet 8(060-22)
442,ZONE/ BARANGAY     : TUYOM,,ZONE/ BARANGAY     : TUYOM,,"RDO No. 83 -Talisay City, CebuWeb.xls",Sheet 8(060-22)
443,STREET NAME/                   SUBDIVISION/CONDOMINIUM,,STREET NAME/                   SUBDIVISION/CONDOMINIUM,,"RDO No. 83 -Talisay City, CebuWeb.xls",Sheet 8(060-22)
444,PROV'L & MUN. ROADS,,PROV'L & MUN. ROADS,,"RDO No. 83 -Talisay City, CebuWeb.xls",Sheet 8(060-22)
445,,,,,"RDO No. 83 -Talisay City, CebuWeb.xls",Sheet 8(060-22)
446,NAT'L &MUN. ROADS,,NAT'L &MUN. ROADS,,"RDO No. 83 -Talisay City, CebuWeb.xls",Sheet 8(060-22)
447,,,,,"RDO No. 83 -Talisay City, CebuWeb.xls",Sheet 8(060-22)
448,,,,,"RDO No. 83 -Talisay City, CebuWeb.xls",Sheet 8(060-22)
449,MUNICIPAL/CITY ROAD,,MUNICIPAL/CITY ROAD,,"RDO No. 83 -Talisay City, CebuWeb.xls",Sheet 8(060-22)
450,,,,,"RDO No. 83 -Talisay City, CebuWeb.xls",Sheet 8(060-22)
451,,,,,"RDO No. 83 -Talisay City, CebuWeb.xls",Sheet 8(060-22)
452,,,,,"RDO No. 83 -Talisay City, CebuWeb.xls",Sheet 8(060-22)
453,ALONG THE SEA COAST,,ALONG THE SEA COAST,,"RDO No. 83 -Talisay City, CebuWeb.xls",Sheet 8(060-22)
454,,,,,"RDO No. 83 -Talisay City, CebuWeb.xls",Sheet 8(060-22)
455,,,,,"RDO No. 83 -Talisay City, CebuWeb.xls",Sheet 8(060-22)
456,,,,,"RDO No. 83 -Talisay City, CebuWeb.xls",Sheet 8(060-22)
457,ALL LOTS,,ALL LOTS,,"RDO No. 83 -Talisay City, CebuWeb.xls",Sheet 8(060-22)
458,,,,,"RDO No. 83 -Talisay City, CebuWeb.xls",Sheet 8(060-22)
459,,,,,"RDO No. 83 -Talisay City, CebuWeb.xls",Sheet 8(060-22)
460,,,,,"RDO No. 83 -Talisay City, CebuWeb.xls",Sheet 8(060-22)
461,,,,,"RDO No. 83 -Talisay City, CebuWeb.xls",Sheet 8(060-22)
462,,,,,"RDO No. 83 -Talisay City, CebuWeb.xls",Sheet 8(060-22)
463,,,,,"RDO No. 83 -Talisay City, CebuWeb.xls",Sheet 8(060-22)
464,HENAVILLE TOWNHOMES**,,HENAVILLE TOWNHOMES**,,"RDO No. 83 -Talisay City, CebuWeb.xls",Sheet 8(060-22)
465,ALL SUBDIVISIONS/VILLAGES,,ALL SUBDIVISIONS/VILLAGES,,"RDO No. 83 -Talisay City, CebuWeb.xls",Sheet 8(060-22)
466,* not among the standard classification code,,* not among the standard classification code,,"RDO No. 83 -Talisay City, CebuWeb.xls",Sheet 8(060-22)
467,**New subdivision,,**New subdivision,,"RDO No. 83 -Talisay City, CebuWeb.xls",Sheet 8(060-22)
468,,,,,"RDO No. 83 -Talisay City, CebuWeb.xls",Sheet 8(060-22)
469,,,,,"RDO No. 83 -Talisay City, CebuWeb.xls",Sheet 8(060-22)
470,PROVINCE                    : CEBU,,PROVINCE                    : CEBU,,"RDO No. 83 -Talisay City, CebuWeb.xls",Sheet 8(060-22)
471,CITY/MUNICIPALITY  : CARCAR CITY,,CITY/MUNICIPALITY  : CARCAR CITY,,"RDO No. 83 -Talisay City, CebuWeb.xls",Sheet 8(060-22)
472,ZONE/ BARANGAY     : VALLADOLID,,ZONE/ BARANGAY     : VALLADOLID,,"RDO No. 83 -Talisay City, CebuWeb.xls",Sheet 8(060-22)
473,STREET NAME/                   SUBDIVISION/CONDOMINIUM,,STREET NAME/                   SUBDIVISION/CONDOMINIUM,,"RDO No. 83 -Talisay City, CebuWeb.xls",Sheet 8(060-22)
474,NATIONAL ROAD,,NATIONAL ROAD,,"RDO No. 83 -Talisay City, CebuWeb.xls",Sheet 8(060-22)
475,,,,,"RDO No. 83 -Talisay City, CebuWeb.xls",Sheet 8(060-22)
476,,,,,"RDO No. 83 -Talisay City, CebuWeb.xls",Sheet 8(060-22)
477,,,,,"RDO No. 83 -Talisay City, CebuWeb.xls",Sheet 8(060-22)
478,,,,,"RDO No. 83 -Talisay City, CebuWeb.xls",Sheet 8(060-22)
479,,,,,"RDO No. 83 -Talisay City, CebuWeb.xls",Sheet 8(060-22)
480,,,,,"RDO No. 83 -Talisay City, CebuWeb.xls",Sheet 8(060-22)
481,,,,,"RDO No. 83 -Talisay City, CebuWeb.xls",Sheet 8(060-22)
482,,,,,"RDO No. 83 -Talisay City, CebuWeb.xls",Sheet 8(060-22)
483,,,,,"RDO No. 83 -Talisay City, CebuWeb.xls",Sheet 8(060-22)
484,,,,,"RDO No. 83 -Talisay City, CebuWeb.xls",Sheet 8(060-22)
485,ALL LOTS,,ALL LOTS,,"RDO No. 83 -Talisay City, CebuWeb.xls",Sheet 8(060-22)
486,,,,,"RDO No. 83 -Talisay City, CebuWeb.xls",Sheet 8(060-22)
487,,,,,"RDO No. 83 -Talisay City, CebuWeb.xls",Sheet 8(060-22)
488,,,,,"RDO No. 83 -Talisay City, CebuWeb.xls",Sheet 8(060-22)
489,,,,,"RDO No. 83 -Talisay City, CebuWeb.xls",Sheet 8(060-22)
490,,,,,"RDO No. 83 -Talisay City, CebuWeb.xls",Sheet 8(060-22)
491,,,,,"RDO No. 83 -Talisay City, CebuWeb.xls",Sheet 8(060-22)
492,,,,,"RDO No. 83 -Talisay City, CebuWeb.xls",Sheet 8(060-22)
493,,,,,"RDO No. 83 -Talisay City, CebuWeb.xls",Sheet 8(060-22)
494,,,,,"RDO No. 83 -Talisay City, CebuWeb.xls",Sheet 8(060-22)
495,MANCAO SUBDIVISION,,MANCAO SUBDIVISION,,"RDO No. 83 -Talisay City, CebuWeb.xls",Sheet 8(060-22)
496,PRIMA LIFESCAPE,,PRIMA LIFESCAPE,,"RDO No. 83 -Talisay City, CebuWeb.xls",Sheet 8(060-22)
497,STA. CATALINA SUBDIVISION,,STA. CATALINA SUBDIVISION,,"RDO No. 83 -Talisay City, CebuWeb.xls",Sheet 8(060-22)
498,ALL SUBDIVISIONS/VILLAGES,,ALL SUBDIVISIONS/VILLAGES,,"RDO No. 83 -Talisay City, CebuWeb.xls",Sheet 8(060-22)
499,,,,,"RDO No. 83 -Talisay City, CebuWeb.xls",Sheet 8(060-22)
500,* not among the standard classification code,,* not among the standard classification code,,"RDO No. 83 -Talisay City, CebuWeb.xls",Sheet 8(060-22)
501,,,,,"RDO No. 83 -Talisay City, CebuWeb.xls",Sheet 8(060-22)
502,,,,,"RDO No. 83 -Talisay City, CebuWeb.xls",Sheet 8(060-22)
503,PROVINCE                    : CEBU,,PROVINCE                    : CEBU,,"RDO No. 83 -Talisay City, CebuWeb.xls",Sheet 8(060-22)
504,CITY/MUNICIPALITY  : CARCAR CITY,,CITY/MUNICIPALITY  : CARCAR CITY,,"RDO No. 83 -Talisay City, CebuWeb.xls",Sheet 8(060-22)
505,ZONE/ BARANGAY     : VALENCIA,,ZONE/ BARANGAY     : VALENCIA,,"RDO No. 83 -Talisay City, CebuWeb.xls",Sheet 8(060-22)
506,STREET NAME/                   SUBDIVISION/CONDOMINIUM,,STREET NAME/                   SUBDIVISION/CONDOMINIUM,,"RDO No. 83 -Talisay City, CebuWeb.xls",Sheet 8(060-22)
507,PROVINCIAL ROADS,,PROVINCIAL ROADS,,"RDO No. 83 -Talisay City, CebuWeb.xls",Sheet 8(060-22)
508,,,,,"RDO No. 83 -Talisay City, CebuWeb.xls",Sheet 8(060-22)
509,,,,,"RDO No. 83 -Talisay City, CebuWeb.xls",Sheet 8(060-22)
510,,,,,"RDO No. 83 -Talisay City, CebuWeb.xls",Sheet 8(060-22)
511,,,,,"RDO No. 83 -Talisay City, CebuWeb.xls",Sheet 8(060-22)
512,,,,,"RDO No. 83 -Talisay City, CebuWeb.xls",Sheet 8(060-22)
513,,,,,"RDO No. 83 -Talisay City, CebuWeb.xls",Sheet 8(060-22)
514,,,,,"RDO No. 83 -Talisay City, CebuWeb.xls",Sheet 8(060-22)
515,MUNICIPAL/CITY ROADS,,MUNICIPAL/CITY ROADS,,"RDO No. 83 -Talisay City, CebuWeb.xls",Sheet 8(060-22)
516,,,,,"RDO No. 83 -Talisay City, CebuWeb.xls",Sheet 8(060-22)
517,,,,,"RDO No. 83 -Talisay City, CebuWeb.xls",Sheet 8(060-22)
518,,,,,"RDO No. 83 -Talisay City, CebuWeb.xls",Sheet 8(060-22)
519,BARANGAY ROADS,,BARANGAY ROADS,,"RDO No. 83 -Talisay City, CebuWeb.xls",Sheet 8(060-22)
520,ALL INTERIOR/OTHER AREAS,,ALL INTERIOR/OTHER AREAS,,"RDO No. 83 -Talisay City, CebuWeb.xls",Sheet 8(060-22)
521,,,,,"RDO No. 83 -Talisay City, CebuWeb.xls",Sheet 8(060-22)
522,,,,,"RDO No. 83 -Talisay City, CebuWeb.xls",Sheet 8(060-22)
523,ALL SUBDIVISIONS/VILLAGES,,ALL SUBDIVISIONS/VILLAGES,,"RDO No. 83 -Talisay City, CebuWeb.xls",Sheet 8(060-22)
524,* not among the standard classification code,,* not among the standard classification code,,"RDO No. 83 -Talisay City, CebuWeb.xls",Sheet 8(060-22)
525,,,,,"RDO No. 83 -Talisay City, CebuWeb.xls",Sheet 8(060-22)
526,,,,,"RDO No. 83 -Talisay City, CebuWeb.xls",Sheet 8(060-22)
527,"REVENUE REGION No. 13, CEBU CITY",,"REVENUE REGION No. 13, CEBU CITY",0.13,"RDO No. 83 -Talisay City, CebuWeb.xls",Sheet 8(060-22)
528,"REVENUE DISTRICT OFFICE Office No. 83, TALISAY CITY",,"REVENUE DISTRICT OFFICE Office No. 83, TALISAY CITY",0.83,"RDO No. 83 -Talisay City, CebuWeb.xls",Sheet 8(060-22)
529,,,,,"RDO No. 83 -Talisay City, CebuWeb.xls",Sheet 8(060-22)
530,PROVINCE                    : CEBU,,PROVINCE                    : CEBU,,"RDO No. 83 -Talisay City, CebuWeb.xls",Sheet 8(060-22)
531,CITY/MUNICIPALITY  : NAGA CITY,,CITY/MUNICIPALITY  : NAGA CITY,,"RDO No. 83 -Talisay City, CebuWeb.xls",Sheet 8(060-22)
532,ZONE/ BARANGAY     : ALPACO,,ZONE/ BARANGAY     : ALPACO,,"RDO No. 83 -Talisay City, CebuWeb.xls",Sheet 8(060-22)
533,STREET NAME/                   SUBDIVISION/CONDOMINIUM,,STREET NAME/                   SUBDIVISION/CONDOMINIUM,,"RDO No. 83 -Talisay City, CebuWeb.xls",Sheet 8(060-22)
534,ALL AREAS,,ALL AREAS,,"RDO No. 83 -Talisay City, CebuWeb.xls",Sheet 8(060-22)
535,,,,,"RDO No. 83 -Talisay City, CebuWeb.xls",Sheet 8(060-22)
536,,,,,"RDO No. 83 -Talisay City, CebuWeb.xls",Sheet 8(060-22)
537,,,,,"RDO No. 83 -Talisay City, CebuWeb.xls",Sheet 8(060-22)
538,,,,,"RDO No. 83 -Talisay City, CebuWeb.xls",Sheet 8(060-22)
539,,,,,"RDO No. 83 -Talisay City, CebuWeb.xls",Sheet 8(060-22)
540,,,,,"RDO No. 83 -Talisay City, CebuWeb.xls",Sheet 8(060-22)
541,,,,,"RDO No. 83 -Talisay City, CebuWeb.xls",Sheet 8(060-22)
542,,,,,"RDO No. 83 -Talisay City, CebuWeb.xls",Sheet 8(060-22)
543,* not among the standard classification code,,* not among the standard classification code,,"RDO No. 83 -Talisay City, CebuWeb.xls",Sheet 8(060-22)
544,**redefined,,**redefined,,"RDO No. 83 -Talisay City, CebuWeb.xls",Sheet 8(060-22)
545,,,,,"RDO No. 83 -Talisay City, CebuWeb.xls",Sheet 8(060-22)
546,,,,,"RDO No. 83 -Talisay City, CebuWeb.xls",Sheet 8(060-22)
547,PROVINCE                    : CEBU,,PROVINCE                    : CEBU,,"RDO No. 83 -Talisay City, CebuWeb.xls",Sheet 8(060-22)
548,CITY/MUNICIPALITY  : NAGA CITY,,CITY/MUNICIPALITY  : NAGA CITY,,"RDO No. 83 -Talisay City, CebuWeb.xls",Sheet 8(060-22)
549,ZONE/ BARANGAY     : BAIRAN,,ZONE/ BARANGAY     : BAIRAN,,"RDO No. 83 -Talisay City, CebuWeb.xls",Sheet 8(060-22)
550,STREET NAME/                   SUBDIVISION/CONDOMINIUM,,STREET NAME/                   SUBDIVISION/CONDOMINIUM,,"RDO No. 83 -Talisay City, CebuWeb.xls",Sheet 8(060-22)
551,ALL AREAS,,ALL AREAS,,"RDO No. 83 -Talisay City, CebuWeb.xls",Sheet 8(060-22)
552,,,,,"RDO No. 83 -Talisay City, CebuWeb.xls",Sheet 8(060-22)
553,,,,,"RDO No. 83 -Talisay City, CebuWeb.xls",Sheet 8(060-22)
554,,,,,"RDO No. 83 -Talisay City, CebuWeb.xls",Sheet 8(060-22)
555,,,,,"RDO No. 83 -Talisay City, CebuWeb.xls",Sheet 8(060-22)
556,,,,,"RDO No. 83 -Talisay City, CebuWeb.xls",Sheet 8(060-22)
557,,,,,"RDO No. 83 -Talisay City, CebuWeb.xls",Sheet 8(060-22)
558,,,,,"RDO No. 83 -Talisay City, CebuWeb.xls",Sheet 8(060-22)
559,,,,,"RDO No. 83 -Talisay City, CebuWeb.xls",Sheet 8(060-22)
560,* not among the standard classification code,,* not among the standard classification code,,"RDO No. 83 -Talisay City, CebuWeb.xls",Sheet 8(060-22)
561,**redefined,,**redefined,,"RDO No. 83 -Talisay City, CebuWeb.xls",Sheet 8(060-22)
562,,,,,"RDO No. 83 -Talisay City, CebuWeb.xls",Sheet 8(060-22)
563,,,,,"RDO No. 83 -Talisay City, CebuWeb.xls",Sheet 8(060-22)
564,PROVINCE                    : CEBU,,PROVINCE                    : CEBU,,"RDO No. 83 -Talisay City, CebuWeb.xls",Sheet 8(060-22)
565,CITY/MUNICIPALITY  : NAGA CITY,,CITY/MUNICIPALITY  : NAGA CITY,,"RDO No. 83 -Talisay City, CebuWeb.xls",Sheet 8(060-22)
566,ZONE/ BARANGAY     : BALIRONG,,ZONE/ BARANGAY     : BALIRONG,,"RDO No. 83 -Talisay City, CebuWeb.xls",Sheet 8(060-22)
567,STREET NAME/                   SUBDIVISION/CONDOMINIUM,,STREET NAME/                   SUBDIVISION/CONDOMINIUM,,"RDO No. 83 -Talisay City, CebuWeb.xls",Sheet 8(060-22)
568,ALL AREAS,,ALL AREAS,,"RDO No. 83 -Talisay City, CebuWeb.xls",Sheet 8(060-22)
569,,,,,"RDO No. 83 -Talisay City, CebuWeb.xls",Sheet 8(060-22)
570,,,,,"RDO No. 83 -Talisay City, CebuWeb.xls",Sheet 8(060-22)
571,,,,,"RDO No. 83 -Talisay City, CebuWeb.xls",Sheet 8(060-22)
572,,,,,"RDO No. 83 -Talisay City, CebuWeb.xls",Sheet 8(060-22)
573,,,,,"RDO No. 83 -Talisay City, CebuWeb.xls",Sheet 8(060-22)
574,,,,,"RDO No. 83 -Talisay City, CebuWeb.xls",Sheet 8(060-22)
575,,,,,"RDO No. 83 -Talisay City, CebuWeb.xls",Sheet 8(060-22)
576,,,,,"RDO No. 83 -Talisay City, CebuWeb.xls",Sheet 8(060-22)
577,,,,,"RDO No. 83 -Talisay City, CebuWeb.xls",Sheet 8(060-22)
578,,,,,"RDO No. 83 -Talisay City, CebuWeb.xls",Sheet 8(060-22)
579,* not among the standard classification code,,* not among the standard classification code,,"RDO No. 83 -Talisay City, CebuWeb.xls",Sheet 8(060-22)
580,**redefined,,**redefined,,"RDO No. 83 -Talisay City, CebuWeb.xls",Sheet 8(060-22)
581,,,,,"RDO No. 83 -Talisay City, CebuWeb.xls",Sheet 8(060-22)
582,,,,,"RDO No. 83 -Talisay City, CebuWeb.xls",Sheet 8(060-22)
583,PROVINCE                    : CEBU,,PROVINCE                    : CEBU,,"RDO No. 83 -Talisay City, CebuWeb.xls",Sheet 8(060-22)
584,CITY/MUNICIPALITY  : NAGA CITY,,CITY/MUNICIPALITY  : NAGA CITY,,"RDO No. 83 -Talisay City, CebuWeb.xls",Sheet 8(060-22)
585,ZONE/ BARANGAY     : CABUNGAHAN,,ZONE/ BARANGAY     : CABUNGAHAN,,"RDO No. 83 -Talisay City, CebuWeb.xls",Sheet 8(060-22)
586,STREET NAME/                   SUBDIVISION/CONDOMINIUM,,STREET NAME/                   SUBDIVISION/CONDOMINIUM,,"RDO No. 83 -Talisay City, CebuWeb.xls",Sheet 8(060-22)
587,ALL AREAS,,ALL AREAS,,"RDO No. 83 -Talisay City, CebuWeb.xls",Sheet 8(060-22)
588,,,,,"RDO No. 83 -Talisay City, CebuWeb.xls",Sheet 8(060-22)
589,,,,,"RDO No. 83 -Talisay City, CebuWeb.xls",Sheet 8(060-22)
590,,,,,"RDO No. 83 -Talisay City, CebuWeb.xls",Sheet 8(060-22)
591,,,,,"RDO No. 83 -Talisay City, CebuWeb.xls",Sheet 8(060-22)
592,,,,,"RDO No. 83 -Talisay City, CebuWeb.xls",Sheet 8(060-22)
593,,,,,"RDO No. 83 -Talisay City, CebuWeb.xls",Sheet 8(060-22)
594,,,,,"RDO No. 83 -Talisay City, CebuWeb.xls",Sheet 8(060-22)
595,* not among the standard classification code,,* not among the standard classification code,,"RDO No. 83 -Talisay City, CebuWeb.xls",Sheet 8(060-22)
596,**redefined,,**redefined,,"RDO No. 83 -Talisay City, CebuWeb.xls",Sheet 8(060-22)
597,,,,,"RDO No. 83 -Talisay City, CebuWeb.xls",Sheet 8(060-22)
598,,,,,"RDO No. 83 -Talisay City, CebuWeb.xls",Sheet 8(060-22)
599,PROVINCE                    : CEBU,,PROVINCE                    : CEBU,,"RDO No. 83 -Talisay City, CebuWeb.xls",Sheet 8(060-22)
600,CITY/MUNICIPALITY  : NAGA CITY,,CITY/MUNICIPALITY  : NAGA CITY,,"RDO No. 83 -Talisay City, CebuWeb.xls",Sheet 8(060-22)
601,ZONE/ BARANGAY     : CANTAO-AN,,ZONE/ BARANGAY     : CANTAO-AN,,"RDO No. 83 -Talisay City, CebuWeb.xls",Sheet 8(060-22)
602,STREET NAME/                   SUBDIVISION/CONDOMINIUM,,STREET NAME/                   SUBDIVISION/CONDOMINIUM,,"RDO No. 83 -Talisay City, CebuWeb.xls",Sheet 8(060-22)
603,ALL AREAS,,ALL AREAS,,"RDO No. 83 -Talisay City, CebuWeb.xls",Sheet 8(060-22)
604,,,,,"RDO No. 83 -Talisay City, CebuWeb.xls",Sheet 8(060-22)
605,,,,,"RDO No. 83 -Talisay City, CebuWeb.xls",Sheet 8(060-22)
606,,,,,"RDO No. 83 -Talisay City, CebuWeb.xls",Sheet 8(060-22)
607,,,,,"RDO No. 83 -Talisay City, CebuWeb.xls",Sheet 8(060-22)
608,,,,,"RDO No. 83 -Talisay City, CebuWeb.xls",Sheet 8(060-22)
609,,,,,"RDO No. 83 -Talisay City, CebuWeb.xls",Sheet 8(060-22)
610,,,,,"RDO No. 83 -Talisay City, CebuWeb.xls",Sheet 8(060-22)
611,,,,,"RDO No. 83 -Talisay City, CebuWeb.xls",Sheet 8(060-22)
612,* not among the standard classification code,,* not among the standard classification code,,"RDO No. 83 -Talisay City, CebuWeb.xls",Sheet 8(060-22)
613,**redefined,,**redefined,,"RDO No. 83 -Talisay City, CebuWeb.xls",Sheet 8(060-22)
614,,,,,"RDO No. 83 -Talisay City, CebuWeb.xls",Sheet 8(060-22)
615,,,,,"RDO No. 83 -Talisay City, CebuWeb.xls",Sheet 8(060-22)
616,PROVINCE                    : CEBU,,PROVINCE                    : CEBU,,"RDO No. 83 -Talisay City, CebuWeb.xls",Sheet 8(060-22)
617,CITY/MUNICIPALITY  : NAGA CITY,,CITY/MUNICIPALITY  : NAGA CITY,,"RDO No. 83 -Talisay City, CebuWeb.xls",Sheet 8(060-22)
618,ZONE/ BARANGAY     : COGON,,ZONE/ BARANGAY     : COGON,,"RDO No. 83 -Talisay City, CebuWeb.xls",Sheet 8(060-22)
619,STREET NAME/                   SUBDIVISION/CONDOMINIUM,,STREET NAME/                   SUBDIVISION/CONDOMINIUM,,"RDO No. 83 -Talisay City, CebuWeb.xls",Sheet 8(060-22)
620,ALL AREAS,,ALL AREAS,,"RDO No. 83 -Talisay City, CebuWeb.xls",Sheet 8(060-22)
621,,,,,"RDO No. 83 -Talisay City, CebuWeb.xls",Sheet 8(060-22)
622,,,,,"RDO No. 83 -Talisay City, CebuWeb.xls",Sheet 8(060-22)
623,,,,,"RDO No. 83 -Talisay City, CebuWeb.xls",Sheet 8(060-22)
624,,,,,"RDO No. 83 -Talisay City, CebuWeb.xls",Sheet 8(060-22)
625,,,,,"RDO No. 83 -Talisay City, CebuWeb.xls",Sheet 8(060-22)
626,,,,,"RDO No. 83 -Talisay City, CebuWeb.xls",Sheet 8(060-22)
627,,,,,"RDO No. 83 -Talisay City, CebuWeb.xls",Sheet 8(060-22)
628,,,,,"RDO No. 83 -Talisay City, CebuWeb.xls",Sheet 8(060-22)
629,* not among the standard classification code,,* not among the standard classification code,,"RDO No. 83 -Talisay City, CebuWeb.xls",Sheet 8(060-22)
630,**redefined,,**redefined,,"RDO No. 83 -Talisay City, CebuWeb.xls",Sheet 8(060-22)
631,,,,,"RDO No. 83 -Talisay City, CebuWeb.xls",Sheet 8(060-22)
632,,,,,"RDO No. 83 -Talisay City, CebuWeb.xls",Sheet 8(060-22)
633,PROVINCE                    : CEBU,,PROVINCE                    : CEBU,,"RDO No. 83 -Talisay City, CebuWeb.xls",Sheet 8(060-22)
634,CITY/MUNICIPALITY  : NAGA CITY,,CITY/MUNICIPALITY  : NAGA CITY,,"RDO No. 83 -Talisay City, CebuWeb.xls",Sheet 8(060-22)
635,ZONE/ BARANGAY     : COLON,,ZONE/ BARANGAY     : COLON,,"RDO No. 83 -Talisay City, CebuWeb.xls",Sheet 8(060-22)
636,STREET NAME/                   SUBDIVISION/CONDOMINIUM,,STREET NAME/                   SUBDIVISION/CONDOMINIUM,,"RDO No. 83 -Talisay City, CebuWeb.xls",Sheet 8(060-22)
637,ALL AREAS,,ALL AREAS,,"RDO No. 83 -Talisay City, CebuWeb.xls",Sheet 8(060-22)
638,,,,,"RDO No. 83 -Talisay City, CebuWeb.xls",Sheet 8(060-22)
639,,,,,"RDO No. 83 -Talisay City, CebuWeb.xls",Sheet 8(060-22)
640,,,,,"RDO No. 83 -Talisay City, CebuWeb.xls",Sheet 8(060-22)
641,,,,,"RDO No. 83 -Talisay City, CebuWeb.xls",Sheet 8(060-22)
642,,,,,"RDO No. 83 -Talisay City, CebuWeb.xls",Sheet 8(060-22)
643,,,,,"RDO No. 83 -Talisay City, CebuWeb.xls",Sheet 8(060-22)
644,,,,,"RDO No. 83 -Talisay City, CebuWeb.xls",Sheet 8(060-22)
645,,,,,"RDO No. 83 -Talisay City, CebuWeb.xls",Sheet 8(060-22)
646,,,,,"RDO No. 83 -Talisay City, CebuWeb.xls",Sheet 8(060-22)
647,,,,,"RDO No. 83 -Talisay City, CebuWeb.xls",Sheet 8(060-22)
648,,,,,"RDO No. 83 -Talisay City, CebuWeb.xls",Sheet 8(060-22)
649,,,,,"RDO No. 83 -Talisay City, CebuWeb.xls",Sheet 8(060-22)
650,,,,,"RDO No. 83 -Talisay City, CebuWeb.xls",Sheet 8(060-22)
651,* not among the standard classification code,,* not among the standard classification code,,"RDO No. 83 -Talisay City, CebuWeb.xls",Sheet 8(060-22)
652,**redefined,,**redefined,,"RDO No. 83 -Talisay City, CebuWeb.xls",Sheet 8(060-22)
653,,,,,"RDO No. 83 -Talisay City, CebuWeb.xls",Sheet 8(060-22)
654,PROVINCE                    : CEBU,,PROVINCE                    : CEBU,,"RDO No. 83 -Talisay City, CebuWeb.xls",Sheet 8(060-22)
655,CITY/MUNICIPALITY  : NAGA CITY,,CITY/MUNICIPALITY  : NAGA CITY,,"RDO No. 83 -Talisay City, CebuWeb.xls",Sheet 8(060-22)
656,ZONE/ BARANGAY     : INAYAGAN,,ZONE/ BARANGAY     : INAYAGAN,,"RDO No. 83 -Talisay City, CebuWeb.xls",Sheet 8(060-22)
657,STREET NAME/                   SUBDIVISION/CONDOMINIUM,,STREET NAME/                   SUBDIVISION/CONDOMINIUM,,"RDO No. 83 -Talisay City, CebuWeb.xls",Sheet 8(060-22)
658,ALL AREAS,,ALL AREAS,,"RDO No. 83 -Talisay City, CebuWeb.xls",Sheet 8(060-22)
659,,,,,"RDO No. 83 -Talisay City, CebuWeb.xls",Sheet 8(060-22)
660,,,,,"RDO No. 83 -Talisay City, CebuWeb.xls",Sheet 8(060-22)
661,,,,,"RDO No. 83 -Talisay City, CebuWeb.xls",Sheet 8(060-22)
662,,,,,"RDO No. 83 -Talisay City, CebuWeb.xls",Sheet 8(060-22)
663,,,,,"RDO No. 83 -Talisay City, CebuWeb.xls",Sheet 8(060-22)
664,,,,,"RDO No. 83 -Talisay City, CebuWeb.xls",Sheet 8(060-22)
665,,,,,"RDO No. 83 -Talisay City, CebuWeb.xls",Sheet 8(060-22)
666,,,,,"RDO No. 83 -Talisay City, CebuWeb.xls",Sheet 8(060-22)
667,MAZARI COVE/PARAMOUNT,,MAZARI COVE/PARAMOUNT,,"RDO No. 83 -Talisay City, CebuWeb.xls",Sheet 8(060-22)
668,ALL OTHER SUBDS,,ALL OTHER SUBDS,,"RDO No. 83 -Talisay City, CebuWeb.xls",Sheet 8(060-22)
669,* not among the standard classification code,,* not among the standard classification code,,"RDO No. 83 -Talisay City, CebuWeb.xls",Sheet 8(060-22)
670,,,,,"RDO No. 83 -Talisay City, CebuWeb.xls",Sheet 8(060-22)
671,PROVINCE                    : CEBU,,PROVINCE                    : CEBU,,"RDO No. 83 -Talisay City, CebuWeb.xls",Sheet 8(060-22)
672,CITY/MUNICIPALITY  : NAGA CITY,,CITY/MUNICIPALITY  : NAGA CITY,,"RDO No. 83 -Talisay City, CebuWeb.xls",Sheet 8(060-22)
673,ZONE/ BARANGAY     : INUBURAN,,ZONE/ BARANGAY     : INUBURAN,,"RDO No. 83 -Talisay City, CebuWeb.xls",Sheet 8(060-22)
674,STREET NAME/                   SUBDIVISION/CONDOMINIUM,,STREET NAME/                   SUBDIVISION/CONDOMINIUM,,"RDO No. 83 -Talisay City, CebuWeb.xls",Sheet 8(060-22)
675,ALL AREAS,,ALL AREAS,,"RDO No. 83 -Talisay City, CebuWeb.xls",Sheet 8(060-22)
676,,,,,"RDO No. 83 -Talisay City, CebuWeb.xls",Sheet 8(060-22)
677,,,,,"RDO No. 83 -Talisay City, CebuWeb.xls",Sheet 8(060-22)
678,,,,,"RDO No. 83 -Talisay City, CebuWeb.xls",Sheet 8(060-22)
679,,,,,"RDO No. 83 -Talisay City, CebuWeb.xls",Sheet 8(060-22)
680,,,,,"RDO No. 83 -Talisay City, CebuWeb.xls",Sheet 8(060-22)
681,,,,,"RDO No. 83 -Talisay City, CebuWeb.xls",Sheet 8(060-22)
682,,,,,"RDO No. 83 -Talisay City, CebuWeb.xls",Sheet 8(060-22)
683,,,,,"RDO No. 83 -Talisay City, CebuWeb.xls",Sheet 8(060-22)
684,,,,,"RDO No. 83 -Talisay City, CebuWeb.xls",Sheet 8(060-22)
685,,,,,"RDO No. 83 -Talisay City, CebuWeb.xls",Sheet 8(060-22)
686,LAS CASAS DE NAGA,,LAS CASAS DE NAGA,,"RDO No. 83 -Talisay City, CebuWeb.xls",Sheet 8(060-22)
687,,,,,"RDO No. 83 -Talisay City, CebuWeb.xls",Sheet 8(060-22)
688,,,,,"RDO No. 83 -Talisay City, CebuWeb.xls",Sheet 8(060-22)
689,* not among the standard classification code,,* not among the standard classification code,,"RDO No. 83 -Talisay City, CebuWeb.xls",Sheet 8(060-22)
690,PROVINCE                    : CEBU,,PROVINCE                    : CEBU,,"RDO No. 83 -Talisay City, CebuWeb.xls",Sheet 8(060-22)
691,CITY/MUNICIPALITY  : NAGA CITY,,CITY/MUNICIPALITY  : NAGA CITY,,"RDO No. 83 -Talisay City, CebuWeb.xls",Sheet 8(060-22)
692,ZONE/ BARANGAY     : JAGUIMIT,,ZONE/ BARANGAY     : JAGUIMIT,,"RDO No. 83 -Talisay City, CebuWeb.xls",Sheet 8(060-22)
693,STREET NAME/                   SUBDIVISION/CONDOMINIUM,,STREET NAME/                   SUBDIVISION/CONDOMINIUM,,"RDO No. 83 -Talisay City, CebuWeb.xls",Sheet 8(060-22)
694,ALL AREAS,,ALL AREAS,,"RDO No. 83 -Talisay City, CebuWeb.xls",Sheet 8(060-22)
695,,,,,"RDO No. 83 -Talisay City, CebuWeb.xls",Sheet 8(060-22)
696,,,,,"RDO No. 83 -Talisay City, CebuWeb.xls",Sheet 8(060-22)
697,,,,,"RDO No. 83 -Talisay City, CebuWeb.xls",Sheet 8(060-22)
698,,,,,"RDO No. 83 -Talisay City, CebuWeb.xls",Sheet 8(060-22)
699,,,,,"RDO No. 83 -Talisay City, CebuWeb.xls",Sheet 8(060-22)
700,,,,,"RDO No. 83 -Talisay City, CebuWeb.xls",Sheet 8(060-22)
701,,,,,"RDO No. 83 -Talisay City, CebuWeb.xls",Sheet 8(060-22)
702,* not among the standard classification code,,* not among the standard classification code,,"RDO No. 83 -Talisay City, CebuWeb.xls",Sheet 8(060-22)
703,**redefined,,**redefined,,"RDO No. 83 -Talisay City, CebuWeb.xls",Sheet 8(060-22)
704,,,,,"RDO No. 83 -Talisay City, CebuWeb.xls",Sheet 8(060-22)
705,,,,,"RDO No. 83 -Talisay City, CebuWeb.xls",Sheet 8(060-22)
706,PROVINCE                    : CEBU,,PROVINCE                    : CEBU,,"RDO No. 83 -Talisay City, CebuWeb.xls",Sheet 8(060-22)
707,CITY/MUNICIPALITY  : NAGA CITY,,CITY/MUNICIPALITY  : NAGA CITY,,"RDO No. 83 -Talisay City, CebuWeb.xls",Sheet 8(060-22)
708,ZONE/ BARANGAY     : LANAS,,ZONE/ BARANGAY     : LANAS,,"RDO No. 83 -Talisay City, CebuWeb.xls",Sheet 8(060-22)
709,STREET NAME/                   SUBDIVISION/CONDOMINIUM,,STREET NAME/                   SUBDIVISION/CONDOMINIUM,,"RDO No. 83 -Talisay City, CebuWeb.xls",Sheet 8(060-22)
710,ALL AREAS,,ALL AREAS,,"RDO No. 83 -Talisay City, CebuWeb.xls",Sheet 8(060-22)
711,,,,,"RDO No. 83 -Talisay City, CebuWeb.xls",Sheet 8(060-22)
712,,,,,"RDO No. 83 -Talisay City, CebuWeb.xls",Sheet 8(060-22)
713,,,,,"RDO No. 83 -Talisay City, CebuWeb.xls",Sheet 8(060-22)
714,,,,,"RDO No. 83 -Talisay City, CebuWeb.xls",Sheet 8(060-22)
715,,,,,"RDO No. 83 -Talisay City, CebuWeb.xls",Sheet 8(060-22)
716,,,,,"RDO No. 83 -Talisay City, CebuWeb.xls",Sheet 8(060-22)
717,,,,,"RDO No. 83 -Talisay City, CebuWeb.xls",Sheet 8(060-22)
718,* not among the standard classification code,,* not among the standard classification code,,"RDO No. 83 -Talisay City, CebuWeb.xls",Sheet 8(060-22)
719,**redefined,,**redefined,,"RDO No. 83 -Talisay City, CebuWeb.xls",Sheet 8(060-22)
720,,,,,"RDO No. 83 -Talisay City, CebuWeb.xls",Sheet 8(060-22)
721,,,,,"RDO No. 83 -Talisay City, CebuWeb.xls",Sheet 8(060-22)
722,PROVINCE                    : CEBU,,PROVINCE                    : CEBU,,"RDO No. 83 -Talisay City, CebuWeb.xls",Sheet 8(060-22)
723,CITY/MUNICIPALITY  : NAGA CITY,,CITY/MUNICIPALITY  : NAGA CITY,,"RDO No. 83 -Talisay City, CebuWeb.xls",Sheet 8(060-22)
724,ZONE/ BARANGAY     : LANGTAD,,ZONE/ BARANGAY     : LANGTAD,,"RDO No. 83 -Talisay City, CebuWeb.xls",Sheet 8(060-22)
725,STREET NAME/                   SUBDIVISION/CONDOMINIUM,,STREET NAME/                   SUBDIVISION/CONDOMINIUM,,"RDO No. 83 -Talisay City, CebuWeb.xls",Sheet 8(060-22)
726,ALL AREAS,,ALL AREAS,,"RDO No. 83 -Talisay City, CebuWeb.xls",Sheet 8(060-22)
727,,,,,"RDO No. 83 -Talisay City, CebuWeb.xls",Sheet 8(060-22)
728,,,,,"RDO No. 83 -Talisay City, CebuWeb.xls",Sheet 8(060-22)
729,,,,,"RDO No. 83 -Talisay City, CebuWeb.xls",Sheet 8(060-22)
730,,,,,"RDO No. 83 -Talisay City, CebuWeb.xls",Sheet 8(060-22)
731,CASA MIRA SUBD.,,CASA MIRA SUBD.,,"RDO No. 83 -Talisay City, CebuWeb.xls",Sheet 8(060-22)
732,ALL OTHER SUBDS.,,ALL OTHER SUBDS.,,"RDO No. 83 -Talisay City, CebuWeb.xls",Sheet 8(060-22)
733,,,,,"RDO No. 83 -Talisay City, CebuWeb.xls",Sheet 8(060-22)
734,,,,,"RDO No. 83 -Talisay City, CebuWeb.xls",Sheet 8(060-22)
735,,,,,"RDO No. 83 -Talisay City, CebuWeb.xls",Sheet 8(060-22)
736,,,,,"RDO No. 83 -Talisay City, CebuWeb.xls",Sheet 8(060-22)
737,,,,,"RDO No. 83 -Talisay City, CebuWeb.xls",Sheet 8(060-22)
738,,,,,"RDO No. 83 -Talisay City, CebuWeb.xls",Sheet 8(060-22)
739,,,,,"RDO No. 83 -Talisay City, CebuWeb.xls",Sheet 8(060-22)
740,,,,,"RDO No. 83 -Talisay City, CebuWeb.xls",Sheet 8(060-22)
741,* not among the standard classification code,,* not among the standard classification code,,"RDO No. 83 -Talisay City, CebuWeb.xls",Sheet 8(060-22)
742,,,,,"RDO No. 83 -Talisay City, CebuWeb.xls",Sheet 8(060-22)
743,,,,,"RDO No. 83 -Talisay City, CebuWeb.xls",Sheet 8(060-22)
744,PROVINCE                    : CEBU,,PROVINCE                    : CEBU,,"RDO No. 83 -Talisay City, CebuWeb.xls",Sheet 8(060-22)
745,CITY/MUNICIPALITY  : NAGA CITY,,CITY/MUNICIPALITY  : NAGA CITY,,"RDO No. 83 -Talisay City, CebuWeb.xls",Sheet 8(060-22)
746,ZONE/ BARANGAY     : LUTAC,,ZONE/ BARANGAY     : LUTAC,,"RDO No. 83 -Talisay City, CebuWeb.xls",Sheet 8(060-22)
747,STREET NAME/                   SUBDIVISION/CONDOMINIUM,,STREET NAME/                   SUBDIVISION/CONDOMINIUM,,"RDO No. 83 -Talisay City, CebuWeb.xls",Sheet 8(060-22)
748,ALL AREAS,,ALL AREAS,,"RDO No. 83 -Talisay City, CebuWeb.xls",Sheet 8(060-22)
749,,,,,"RDO No. 83 -Talisay City, CebuWeb.xls",Sheet 8(060-22)
750,,,,,"RDO No. 83 -Talisay City, CebuWeb.xls",Sheet 8(060-22)
751,,,,,"RDO No. 83 -Talisay City, CebuWeb.xls",Sheet 8(060-22)
752,,,,,"RDO No. 83 -Talisay City, CebuWeb.xls",Sheet 8(060-22)
753,,,,,"RDO No. 83 -Talisay City, CebuWeb.xls",Sheet 8(060-22)
754,,,,,"RDO No. 83 -Talisay City, CebuWeb.xls",Sheet 8(060-22)
755,,,,,"RDO No. 83 -Talisay City, CebuWeb.xls",Sheet 8(060-22)
756,,,,,"RDO No. 83 -Talisay City, CebuWeb.xls",Sheet 8(060-22)
757,,,,,"RDO No. 83 -Talisay City, CebuWeb.xls",Sheet 8(060-22)
758,,,,,"RDO No. 83 -Talisay City, CebuWeb.xls",Sheet 8(060-22)
759,,,,,"RDO No. 83 -Talisay City, CebuWeb.xls",Sheet 8(060-22)
760,* not among the standard classification code,,* not among the standard classification code,,"RDO No. 83 -Talisay City, CebuWeb.xls",Sheet 8(060-22)
761,**redefined,,**redefined,,"RDO No. 83 -Talisay City, CebuWeb.xls",Sheet 8(060-22)
762,,,,,"RDO No. 83 -Talisay City, CebuWeb.xls",Sheet 8(060-22)
763,,,,,"RDO No. 83 -Talisay City, CebuWeb.xls",Sheet 8(060-22)
764,PROVINCE                    : CEBU,,PROVINCE                    : CEBU,,"RDO No. 83 -Talisay City, CebuWeb.xls",Sheet 8(060-22)
765,CITY/MUNICIPALITY  : NAGA CITY,,CITY/MUNICIPALITY  : NAGA CITY,,"RDO No. 83 -Talisay City, CebuWeb.xls",Sheet 8(060-22)
766,ZONE/ BARANGAY     : MAINIT,,ZONE/ BARANGAY     : MAINIT,,"RDO No. 83 -Talisay City, CebuWeb.xls",Sheet 8(060-22)
767,STREET NAME/                   SUBDIVISION/CONDOMINIUM,,STREET NAME/                   SUBDIVISION/CONDOMINIUM,,"RDO No. 83 -Talisay City, CebuWeb.xls",Sheet 8(060-22)
768,ALL AREAS,,ALL AREAS,,"RDO No. 83 -Talisay City, CebuWeb.xls",Sheet 8(060-22)
769,,,,,"RDO No. 83 -Talisay City, CebuWeb.xls",Sheet 8(060-22)
770,,,,,"RDO No. 83 -Talisay City, CebuWeb.xls",Sheet 8(060-22)
771,,,,,"RDO No. 83 -Talisay City, CebuWeb.xls",Sheet 8(060-22)
772,,,,,"RDO No. 83 -Talisay City, CebuWeb.xls",Sheet 8(060-22)
773,,,,,"RDO No. 83 -Talisay City, CebuWeb.xls",Sheet 8(060-22)
774,,,,,"RDO No. 83 -Talisay City, CebuWeb.xls",Sheet 8(060-22)
775,,,,,"RDO No. 83 -Talisay City, CebuWeb.xls",Sheet 8(060-22)
776,,,,,"RDO No. 83 -Talisay City, CebuWeb.xls",Sheet 8(060-22)
777,* not among the standard classification code,,* not among the standard classification code,,"RDO No. 83 -Talisay City, CebuWeb.xls",Sheet 8(060-22)
778,**redefined,,**redefined,,"RDO No. 83 -Talisay City, CebuWeb.xls",Sheet 8(060-22)
779,,,,,"RDO No. 83 -Talisay City, CebuWeb.xls",Sheet 8(060-22)
780,,,,,"RDO No. 83 -Talisay City, CebuWeb.xls",Sheet 8(060-22)
781,PROVINCE                    : CEBU,,PROVINCE                    : CEBU,,"RDO No. 83 -Talisay City, CebuWeb.xls",Sheet 8(060-22)
782,CITY/MUNICIPALITY  : NAGA CITY,,CITY/MUNICIPALITY  : NAGA CITY,,"RDO No. 83 -Talisay City, CebuWeb.xls",Sheet 8(060-22)
783,ZONE/ BARANGAY     : MAYANA,,ZONE/ BARANGAY     : MAYANA,,"RDO No. 83 -Talisay City, CebuWeb.xls",Sheet 8(060-22)
784,STREET NAME/                   SUBDIVISION/CONDOMINIUM,,STREET NAME/                   SUBDIVISION/CONDOMINIUM,,"RDO No. 83 -Talisay City, CebuWeb.xls",Sheet 8(060-22)
785,ALL AREAS,,ALL AREAS,,"RDO No. 83 -Talisay City, CebuWeb.xls",Sheet 8(060-22)
786,,,,,"RDO No. 83 -Talisay City, CebuWeb.xls",Sheet 8(060-22)
787,,,,,"RDO No. 83 -Talisay City, CebuWeb.xls",Sheet 8(060-22)
788,,,,,"RDO No. 83 -Talisay City, CebuWeb.xls",Sheet 8(060-22)
789,,,,,"RDO No. 83 -Talisay City, CebuWeb.xls",Sheet 8(060-22)
790,,,,,"RDO No. 83 -Talisay City, CebuWeb.xls",Sheet 8(060-22)
791,,,,,"RDO No. 83 -Talisay City, CebuWeb.xls",Sheet 8(060-22)
792,,,,,"RDO No. 83 -Talisay City, CebuWeb.xls",Sheet 8(060-22)
793,* not among the standard classification code,,* not among the standard classification code,,"RDO No. 83 -Talisay City, CebuWeb.xls",Sheet 8(060-22)
794,**redefined,,**redefined,,"RDO No. 83 -Talisay City, CebuWeb.xls",Sheet 8(060-22)
795,,,,,"RDO No. 83 -Talisay City, CebuWeb.xls",Sheet 8(060-22)
796,,,,,"RDO No. 83 -Talisay City, CebuWeb.xls",Sheet 8(060-22)
797,PROVINCE                    : CEBU,,PROVINCE                    : CEBU,,"RDO No. 83 -Talisay City, CebuWeb.xls",Sheet 8(060-22)
798,CITY/MUNICIPALITY  : NAGA CITY,,CITY/MUNICIPALITY  : NAGA CITY,,"RDO No. 83 -Talisay City, CebuWeb.xls",Sheet 8(060-22)
799,ZONE/ BARANGAY     : NAALAD,,ZONE/ BARANGAY     : NAALAD,,"RDO No. 83 -Talisay City, CebuWeb.xls",Sheet 8(060-22)
800,STREET NAME/                   SUBDIVISION/CONDOMINIUM,,STREET NAME/                   SUBDIVISION/CONDOMINIUM,,"RDO No. 83 -Talisay City, CebuWeb.xls",Sheet 8(060-22)
801,ALL AREAS,,ALL AREAS,,"RDO No. 83 -Talisay City, CebuWeb.xls",Sheet 8(060-22)
802,,,,,"RDO No. 83 -Talisay City, CebuWeb.xls",Sheet 8(060-22)
803,,,,,"RDO No. 83 -Talisay City, CebuWeb.xls",Sheet 8(060-22)
804,,,,,"RDO No. 83 -Talisay City, CebuWeb.xls",Sheet 8(060-22)
805,,,,,"RDO No. 83 -Talisay City, CebuWeb.xls",Sheet 8(060-22)
806,,,,,"RDO No. 83 -Talisay City, CebuWeb.xls",Sheet 8(060-22)
807,,,,,"RDO No. 83 -Talisay City, CebuWeb.xls",Sheet 8(060-22)
808,,,,,"RDO No. 83 -Talisay City, CebuWeb.xls",Sheet 8(060-22)
809,,,,,"RDO No. 83 -Talisay City, CebuWeb.xls",Sheet 8(060-22)
810,,,,,"RDO No. 83 -Talisay City, CebuWeb.xls",Sheet 8(060-22)
811,* not among the standard classification code,,* not among the standard classification code,,"RDO No. 83 -Talisay City, CebuWeb.xls",Sheet 8(060-22)
812,**redefined,,**redefined,,"RDO No. 83 -Talisay City, CebuWeb.xls",Sheet 8(060-22)
813,,,,,"RDO No. 83 -Talisay City, CebuWeb.xls",Sheet 8(060-22)
814,,,,,"RDO No. 83 -Talisay City, CebuWeb.xls",Sheet 8(060-22)
815,PROVINCE                    : CEBU,,PROVINCE                    : CEBU,,"RDO No. 83 -Talisay City, CebuWeb.xls",Sheet 8(060-22)
816,CITY/MUNICIPALITY  : NAGA CITY,,CITY/MUNICIPALITY  : NAGA CITY,,"RDO No. 83 -Talisay City, CebuWeb.xls",Sheet 8(060-22)
817,ZONE/ BARANGAY     : PANGDAN,,ZONE/ BARANGAY     : PANGDAN,,"RDO No. 83 -Talisay City, CebuWeb.xls",Sheet 8(060-22)
818,STREET NAME/                   SUBDIVISION/CONDOMINIUM,,STREET NAME/                   SUBDIVISION/CONDOMINIUM,,"RDO No. 83 -Talisay City, CebuWeb.xls",Sheet 8(060-22)
819,ALL AREAS,,ALL AREAS,,"RDO No. 83 -Talisay City, CebuWeb.xls",Sheet 8(060-22)
820,,,,,"RDO No. 83 -Talisay City, CebuWeb.xls",Sheet 8(060-22)
821,,,,,"RDO No. 83 -Talisay City, CebuWeb.xls",Sheet 8(060-22)
822,,,,,"RDO No. 83 -Talisay City, CebuWeb.xls",Sheet 8(060-22)
823,,,,,"RDO No. 83 -Talisay City, CebuWeb.xls",Sheet 8(060-22)
824,,,,,"RDO No. 83 -Talisay City, CebuWeb.xls",Sheet 8(060-22)
825,,,,,"RDO No. 83 -Talisay City, CebuWeb.xls",Sheet 8(060-22)
826,,,,,"RDO No. 83 -Talisay City, CebuWeb.xls",Sheet 8(060-22)
827,,,,,"RDO No. 83 -Talisay City, CebuWeb.xls",Sheet 8(060-22)
828,VILLA DULCE RESORT,,VILLA DULCE RESORT,,"RDO No. 83 -Talisay City, CebuWeb.xls",Sheet 8(060-22)
829,,,,,"RDO No. 83 -Talisay City, CebuWeb.xls",Sheet 8(060-22)
830,* not among the standard classification code,,* not among the standard classification code,,"RDO No. 83 -Talisay City, CebuWeb.xls",Sheet 8(060-22)
831,,,,,"RDO No. 83 -Talisay City, CebuWeb.xls",Sheet 8(060-22)
832,,,,,"RDO No. 83 -Talisay City, CebuWeb.xls",Sheet 8(060-22)
833,PROVINCE                    : CEBU,,PROVINCE                    : CEBU,,"RDO No. 83 -Talisay City, CebuWeb.xls",Sheet 8(060-22)
834,CITY/MUNICIPALITY  : NAGA CITY,,CITY/MUNICIPALITY  : NAGA CITY,,"RDO No. 83 -Talisay City, CebuWeb.xls",Sheet 8(060-22)
835,ZONE/ BARANGAY     : PATAG,,ZONE/ BARANGAY     : PATAG,,"RDO No. 83 -Talisay City, CebuWeb.xls",Sheet 8(060-22)
836,STREET NAME/                   SUBDIVISION/CONDOMINIUM,,STREET NAME/                   SUBDIVISION/CONDOMINIUM,,"RDO No. 83 -Talisay City, CebuWeb.xls",Sheet 8(060-22)
837,ALL AREAS,,ALL AREAS,,"RDO No. 83 -Talisay City, CebuWeb.xls",Sheet 8(060-22)
838,,,,,"RDO No. 83 -Talisay City, CebuWeb.xls",Sheet 8(060-22)
839,,,,,"RDO No. 83 -Talisay City, CebuWeb.xls",Sheet 8(060-22)
840,,,,,"RDO No. 83 -Talisay City, CebuWeb.xls",Sheet 8(060-22)
841,,,,,"RDO No. 83 -Talisay City, CebuWeb.xls",Sheet 8(060-22)
842,,,,,"RDO No. 83 -Talisay City, CebuWeb.xls",Sheet 8(060-22)
843,,,,,"RDO No. 83 -Talisay City, CebuWeb.xls",Sheet 8(060-22)
844,,,,,"RDO No. 83 -Talisay City, CebuWeb.xls",Sheet 8(060-22)
845,* not among the standard classification code,,* not among the standard classification code,,"RDO No. 83 -Talisay City, CebuWeb.xls",Sheet 8(060-22)
846,**redefined,,**redefined,,"RDO No. 83 -Talisay City, CebuWeb.xls",Sheet 8(060-22)
847,,,,,"RDO No. 83 -Talisay City, CebuWeb.xls",Sheet 8(060-22)
848,,,,,"RDO No. 83 -Talisay City, CebuWeb.xls",Sheet 8(060-22)
849,PROVINCE                    : CEBU,,PROVINCE                    : CEBU,,"RDO No. 83 -Talisay City, CebuWeb.xls",Sheet 8(060-22)
850,CITY/MUNICIPALITY  : NAGA CITY,,CITY/MUNICIPALITY  : NAGA CITY,,"RDO No. 83 -Talisay City, CebuWeb.xls",Sheet 8(060-22)
851,ZONE/ BARANGAY     : POBLACION,,ZONE/ BARANGAY     : POBLACION,,"RDO No. 83 -Talisay City, CebuWeb.xls",Sheet 8(060-22)
852,STREET NAME/                   SUBDIVISION/CONDOMINIUM,,STREET NAME/                   SUBDIVISION/CONDOMINIUM,,"RDO No. 83 -Talisay City, CebuWeb.xls",Sheet 8(060-22)
853,NATIONAL ROAD,,NATIONAL ROAD,,"RDO No. 83 -Talisay City, CebuWeb.xls",Sheet 8(060-22)
854,,,,,"RDO No. 83 -Talisay City, CebuWeb.xls",Sheet 8(060-22)
855,,,,,"RDO No. 83 -Talisay City, CebuWeb.xls",Sheet 8(060-22)
856,,,,,"RDO No. 83 -Talisay City, CebuWeb.xls",Sheet 8(060-22)
857,,,,,"RDO No. 83 -Talisay City, CebuWeb.xls",Sheet 8(060-22)
858,,,,,"RDO No. 83 -Talisay City, CebuWeb.xls",Sheet 8(060-22)
859,,,,,"RDO No. 83 -Talisay City, CebuWeb.xls",Sheet 8(060-22)
860,,,,,"RDO No. 83 -Talisay City, CebuWeb.xls",Sheet 8(060-22)
861,ALL LOTS  NOT MENTIONED,,ALL LOTS  NOT MENTIONED,,"RDO No. 83 -Talisay City, CebuWeb.xls",Sheet 8(060-22)
862,,,,,"RDO No. 83 -Talisay City, CebuWeb.xls",Sheet 8(060-22)
863,,,,,"RDO No. 83 -Talisay City, CebuWeb.xls",Sheet 8(060-22)
864,ALL INTERIOR LOTS,,ALL INTERIOR LOTS,,"RDO No. 83 -Talisay City, CebuWeb.xls",Sheet 8(060-22)
865,DACLAN ST.,,DACLAN ST.,,"RDO No. 83 -Talisay City, CebuWeb.xls",Sheet 8(060-22)
866,,,,,"RDO No. 83 -Talisay City, CebuWeb.xls",Sheet 8(060-22)
867,AGUINALDO ST,,AGUINALDO ST,,"RDO No. 83 -Talisay City, CebuWeb.xls",Sheet 8(060-22)
868,GOMEZ ST,,GOMEZ ST,,"RDO No. 83 -Talisay City, CebuWeb.xls",Sheet 8(060-22)
869,SAN FRANCISCO ST.,,SAN FRANCISCO ST.,,"RDO No. 83 -Talisay City, CebuWeb.xls",Sheet 8(060-22)
870,,,,,"RDO No. 83 -Talisay City, CebuWeb.xls",Sheet 8(060-22)
871,PATERNO ST.,,PATERNO ST.,,"RDO No. 83 -Talisay City, CebuWeb.xls",Sheet 8(060-22)
872,BURGOS ST.,,BURGOS ST.,,"RDO No. 83 -Talisay City, CebuWeb.xls",Sheet 8(060-22)
873,J.RIZAL ST.,,J.RIZAL ST.,,"RDO No. 83 -Talisay City, CebuWeb.xls",Sheet 8(060-22)
874,AGONCILLO ST.,,AGONCILLO ST.,,"RDO No. 83 -Talisay City, CebuWeb.xls",Sheet 8(060-22)
875,HI-WAY TO TOLEDO CITY,,HI-WAY TO TOLEDO CITY,,"RDO No. 83 -Talisay City, CebuWeb.xls",Sheet 8(060-22)
876,,,,,"RDO No. 83 -Talisay City, CebuWeb.xls",Sheet 8(060-22)
877,MEJIA ST.,,MEJIA ST.,,"RDO No. 83 -Talisay City, CebuWeb.xls",Sheet 8(060-22)
878,,,,,"RDO No. 83 -Talisay City, CebuWeb.xls",Sheet 8(060-22)
879,,,,,"RDO No. 83 -Talisay City, CebuWeb.xls",Sheet 8(060-22)
880,GEN. LUNA ST.,,GEN. LUNA ST.,,"RDO No. 83 -Talisay City, CebuWeb.xls",Sheet 8(060-22)
881,,,,,"RDO No. 83 -Talisay City, CebuWeb.xls",Sheet 8(060-22)
882,BONIFACIO ST.,,BONIFACIO ST.,,"RDO No. 83 -Talisay City, CebuWeb.xls",Sheet 8(060-22)
883,,,,,"RDO No. 83 -Talisay City, CebuWeb.xls",Sheet 8(060-22)
884,,,,,"RDO No. 83 -Talisay City, CebuWeb.xls",Sheet 8(060-22)
885,,,,,"RDO No. 83 -Talisay City, CebuWeb.xls",Sheet 8(060-22)
886,SAYSON ST.,,SAYSON ST.,,"RDO No. 83 -Talisay City, CebuWeb.xls",Sheet 8(060-22)
887,SAUDI VILLAGE,,SAUDI VILLAGE,,"RDO No. 83 -Talisay City, CebuWeb.xls",Sheet 8(060-22)
888,"BLOCK 1,2,3",,"BLOCK 1,2,3",123.0,"RDO No. 83 -Talisay City, CebuWeb.xls",Sheet 8(060-22)
889,"BLOCK 4,5,6,7,8,9,10",,"BLOCK 4,5,6,7,8,9,10",45678910.0,"RDO No. 83 -Talisay City, CebuWeb.xls",Sheet 8(060-22)
890,"BLOCK 11,12,13,14,15",,"BLOCK 11,12,13,14,15",1112131415.0,"RDO No. 83 -Talisay City, CebuWeb.xls",Sheet 8(060-22)
891,BLOCKS COVERED BY NAGA,,BLOCKS COVERED BY NAGA,,"RDO No. 83 -Talisay City, CebuWeb.xls",Sheet 8(060-22)
892,PROV'L HIGH SCHOOL & NAGA CENTRAL SCHOOLS,,PROV'L HIGH SCHOOL & NAGA CENTRAL SCHOOLS,,"RDO No. 83 -Talisay City, CebuWeb.xls",Sheet 8(060-22)
893,,,,,"RDO No. 83 -Talisay City, CebuWeb.xls",Sheet 8(060-22)
894,* not among the standard classification code,,* not among the standard classification code,,"RDO No. 83 -Talisay City, CebuWeb.xls",Sheet 8(060-22)
895,,,,,"RDO No. 83 -Talisay City, CebuWeb.xls",Sheet 8(060-22)
896,PROVINCE                    : CEBU,,PROVINCE                    : CEBU,,"RDO No. 83 -Talisay City, CebuWeb.xls",Sheet 8(060-22)
897,CITY/MUNICIPALITY  : NAGA CITY,,CITY/MUNICIPALITY  : NAGA CITY,,"RDO No. 83 -Talisay City, CebuWeb.xls",Sheet 8(060-22)
898,ZONE/ BARANGAY     : TAGJAGUIMIT,,ZONE/ BARANGAY     : TAGJAGUIMIT,,"RDO No. 83 -Talisay City, CebuWeb.xls",Sheet 8(060-22)
899,STREET NAME/                   SUBDIVISION/CONDOMINIUM,,STREET NAME/                   SUBDIVISION/CONDOMINIUM,,"RDO No. 83 -Talisay City, CebuWeb.xls",Sheet 8(060-22)
900,ALL AREAS,,ALL AREAS,,"RDO No. 83 -Talisay City, CebuWeb.xls",Sheet 8(060-22)
901,,,,,"RDO No. 83 -Talisay City, CebuWeb.xls",Sheet 8(060-22)
902,,,,,"RDO No. 83 -Talisay City, CebuWeb.xls",Sheet 8(060-22)
903,,,,,"RDO No. 83 -Talisay City, CebuWeb.xls",Sheet 8(060-22)
904,,,,,"RDO No. 83 -Talisay City, CebuWeb.xls",Sheet 8(060-22)
905,,,,,"RDO No. 83 -Talisay City, CebuWeb.xls",Sheet 8(060-22)
906,,,,,"RDO No. 83 -Talisay City, CebuWeb.xls",Sheet 8(060-22)
907,* not among the standard classification code,,* not among the standard classification code,,"RDO No. 83 -Talisay City, CebuWeb.xls",Sheet 8(060-22)
908,PROVINCE                    : CEBU,,PROVINCE                    : CEBU,,"RDO No. 83 -Talisay City, CebuWeb.xls",Sheet 8(060-22)
909,CITY/MUNICIPALITY  : NAGA CITY,,CITY/MUNICIPALITY  : NAGA CITY,,"RDO No. 83 -Talisay City, CebuWeb.xls",Sheet 8(060-22)
910,ZONE/ BARANGAY     : TANGKE,,ZONE/ BARANGAY     : TANGKE,,"RDO No. 83 -Talisay City, CebuWeb.xls",Sheet 8(060-22)
911,STREET NAME/                   SUBDIVISION/CONDOMINIUM,,STREET NAME/                   SUBDIVISION/CONDOMINIUM,,"RDO No. 83 -Talisay City, CebuWeb.xls",Sheet 8(060-22)
912,ALL AREAS,,ALL AREAS,,"RDO No. 83 -Talisay City, CebuWeb.xls",Sheet 8(060-22)
913,,,,,"RDO No. 83 -Talisay City, CebuWeb.xls",Sheet 8(060-22)
914,,,,,"RDO No. 83 -Talisay City, CebuWeb.xls",Sheet 8(060-22)
915,,,,,"RDO No. 83 -Talisay City, CebuWeb.xls",Sheet 8(060-22)
916,,,,,"RDO No. 83 -Talisay City, CebuWeb.xls",Sheet 8(060-22)
917,,,,,"RDO No. 83 -Talisay City, CebuWeb.xls",Sheet 8(060-22)
918,,,,,"RDO No. 83 -Talisay City, CebuWeb.xls",Sheet 8(060-22)
919,,,,,"RDO No. 83 -Talisay City, CebuWeb.xls",Sheet 8(060-22)
920,,,,,"RDO No. 83 -Talisay City, CebuWeb.xls",Sheet 8(060-22)
921,,,,,"RDO No. 83 -Talisay City, CebuWeb.xls",Sheet 8(060-22)
922,,,,,"RDO No. 83 -Talisay City, CebuWeb.xls",Sheet 8(060-22)
923,* not among the standard classification code,,* not among the standard classification code,,"RDO No. 83 -Talisay City, CebuWeb.xls",Sheet 8(060-22)
924,**redefined,,**redefined,,"RDO No. 83 -Talisay City, CebuWeb.xls",Sheet 8(060-22)
925,,,,,"RDO No. 83 -Talisay City, CebuWeb.xls",Sheet 8(060-22)
926,PROVINCE                    : CEBU,,PROVINCE                    : CEBU,,"RDO No. 83 -Talisay City, CebuWeb.xls",Sheet 8(060-22)
927,CITY/MUNICIPALITY  : NAGA CITY,,CITY/MUNICIPALITY  : NAGA CITY,,"RDO No. 83 -Talisay City, CebuWeb.xls",Sheet 8(060-22)
928,ZONE/ BARANGAY     : TINAAN,,ZONE/ BARANGAY     : TINAAN,,"RDO No. 83 -Talisay City, CebuWeb.xls",Sheet 8(060-22)
929,STREET NAME/                   SUBDIVISION/CONDOMINIUM,,STREET NAME/                   SUBDIVISION/CONDOMINIUM,,"RDO No. 83 -Talisay City, CebuWeb.xls",Sheet 8(060-22)
930,ALL AREAS,,ALL AREAS,,"RDO No. 83 -Talisay City, CebuWeb.xls",Sheet 8(060-22)
931,,,,,"RDO No. 83 -Talisay City, CebuWeb.xls",Sheet 8(060-22)
932,,,,,"RDO No. 83 -Talisay City, CebuWeb.xls",Sheet 8(060-22)
933,,,,,"RDO No. 83 -Talisay City, CebuWeb.xls",Sheet 8(060-22)
934,,,,,"RDO No. 83 -Talisay City, CebuWeb.xls",Sheet 8(060-22)
935,,,,,"RDO No. 83 -Talisay City, CebuWeb.xls",Sheet 8(060-22)
936,,,,,"RDO No. 83 -Talisay City, CebuWeb.xls",Sheet 8(060-22)
937,,,,,"RDO No. 83 -Talisay City, CebuWeb.xls",Sheet 8(060-22)
938,,,,,"RDO No. 83 -Talisay City, CebuWeb.xls",Sheet 8(060-22)
939,,,,,"RDO No. 83 -Talisay City, CebuWeb.xls",Sheet 8(060-22)
940,,,,,"RDO No. 83 -Talisay City, CebuWeb.xls",Sheet 8(060-22)
941,,,,,"RDO No. 83 -Talisay City, CebuWeb.xls",Sheet 8(060-22)
942,,,,,"RDO No. 83 -Talisay City, CebuWeb.xls",Sheet 8(060-22)
943,,,,,"RDO No. 83 -Talisay City, CebuWeb.xls",Sheet 8(060-22)
944,,,,,"RDO No. 83 -Talisay City, CebuWeb.xls",Sheet 8(060-22)
945,* not among the standard classification code,,* not among the standard classification code,,"RDO No. 83 -Talisay City, CebuWeb.xls",Sheet 8(060-22)
946,**redefined,,**redefined,,"RDO No. 83 -Talisay City, CebuWeb.xls",Sheet 8(060-22)
947,,,,,"RDO No. 83 -Talisay City, CebuWeb.xls",Sheet 8(060-22)
948,PROVINCE                    : CEBU,,PROVINCE                    : CEBU,,"RDO No. 83 -Talisay City, CebuWeb.xls",Sheet 8(060-22)
949,CITY/MUNICIPALITY  : NAGA CITY,,CITY/MUNICIPALITY  : NAGA CITY,,"RDO No. 83 -Talisay City, CebuWeb.xls",Sheet 8(060-22)
950,ZONE/ BARANGAY     : TUYAN,,ZONE/ BARANGAY     : TUYAN,,"RDO No. 83 -Talisay City, CebuWeb.xls",Sheet 8(060-22)
951,STREET NAME/                   SUBDIVISION/CONDOMINIUM,,STREET NAME/                   SUBDIVISION/CONDOMINIUM,,"RDO No. 83 -Talisay City, CebuWeb.xls",Sheet 8(060-22)
952,ALL AREAS,,ALL AREAS,,"RDO No. 83 -Talisay City, CebuWeb.xls",Sheet 8(060-22)
953,,,,,"RDO No. 83 -Talisay City, CebuWeb.xls",Sheet 8(060-22)
954,,,,,"RDO No. 83 -Talisay City, CebuWeb.xls",Sheet 8(060-22)
955,,,,,"RDO No. 83 -Talisay City, CebuWeb.xls",Sheet 8(060-22)
956,ALL SUBDIVISIONS,,ALL SUBDIVISIONS,,"RDO No. 83 -Talisay City, CebuWeb.xls",Sheet 8(060-22)
957,,,,,"RDO No. 83 -Talisay City, CebuWeb.xls",Sheet 8(060-22)
958,,,,,"RDO No. 83 -Talisay City, CebuWeb.xls",Sheet 8(060-22)
959,,,,,"RDO No. 83 -Talisay City, CebuWeb.xls",Sheet 8(060-22)
960,,,,,"RDO No. 83 -Talisay City, CebuWeb.xls",Sheet 8(060-22)
961,,,,,"RDO No. 83 -Talisay City, CebuWeb.xls",Sheet 8(060-22)
962,SHORELINE,,SHORELINE,,"RDO No. 83 -Talisay City, CebuWeb.xls",Sheet 8(060-22)
963,,,,,"RDO No. 83 -Talisay City, CebuWeb.xls",Sheet 8(060-22)
964,,,,,"RDO No. 83 -Talisay City, CebuWeb.xls",Sheet 8(060-22)
965,* not among the standard classification code,,* not among the standard classification code,,"RDO No. 83 -Talisay City, CebuWeb.xls",Sheet 8(060-22)
966,PROVINCE                    : CEBU,,PROVINCE                    : CEBU,,"RDO No. 83 -Talisay City, CebuWeb.xls",Sheet 8(060-22)
967,CITY/MUNICIPALITY  : NAGA CITY,,CITY/MUNICIPALITY  : NAGA CITY,,"RDO No. 83 -Talisay City, CebuWeb.xls",Sheet 8(060-22)
968,ZONE/ BARANGAY     : ULING,,ZONE/ BARANGAY     : ULING,,"RDO No. 83 -Talisay City, CebuWeb.xls",Sheet 8(060-22)
969,STREET NAME/                   SUBDIVISION/CONDOMINIUM,,STREET NAME/                   SUBDIVISION/CONDOMINIUM,,"RDO No. 83 -Talisay City, CebuWeb.xls",Sheet 8(060-22)
970,ALL AREAS,,ALL AREAS,,"RDO No. 83 -Talisay City, CebuWeb.xls",Sheet 8(060-22)
971,,,,,"RDO No. 83 -Talisay City, CebuWeb.xls",Sheet 8(060-22)
972,,,,,"RDO No. 83 -Talisay City, CebuWeb.xls",Sheet 8(060-22)
973,,,,,"RDO No. 83 -Talisay City, CebuWeb.xls",Sheet 8(060-22)
974,,,,,"RDO No. 83 -Talisay City, CebuWeb.xls",Sheet 8(060-22)
975,,,,,"RDO No. 83 -Talisay City, CebuWeb.xls",Sheet 8(060-22)
976,,,,,"RDO No. 83 -Talisay City, CebuWeb.xls",Sheet 8(060-22)
977,,,,,"RDO No. 83 -Talisay City, CebuWeb.xls",Sheet 8(060-22)
978,,,,,"RDO No. 83 -Talisay City, CebuWeb.xls",Sheet 8(060-22)
979,,,,,"RDO No. 83 -Talisay City, CebuWeb.xls",Sheet 8(060-22)
980,,,,,"RDO No. 83 -Talisay City, CebuWeb.xls",Sheet 8(060-22)
981,,,,,"RDO No. 83 -Talisay City, CebuWeb.xls",Sheet 8(060-22)
982,,,,,"RDO No. 83 -Talisay City, CebuWeb.xls",Sheet 8(060-22)
983,,,,,"RDO No. 83 -Talisay City, CebuWeb.xls",Sheet 8(060-22)
984,* not among the standard classification code,,* not among the standard classification code,,"RDO No. 83 -Talisay City, CebuWeb.xls",Sheet 8(060-22)
985,**redefined,,**redefined,,"RDO No. 83 -Talisay City, CebuWeb.xls",Sheet 8(060-22)
986,,,,,"RDO No. 83 -Talisay City, CebuWeb.xls",Sheet 8(060-22)
987,"REVENUE REGION No. 13, CEBU CITY",,"REVENUE REGION No. 13, CEBU CITY",0.13,"RDO No. 83 -Talisay City, CebuWeb.xls",Sheet 8(060-22)
988,"REVENUE DISTRICT OFFICE Office No. 83, TALISAY CITY",,"REVENUE DISTRICT OFFICE Office No. 83, TALISAY CITY",0.83,"RDO No. 83 -Talisay City, CebuWeb.xls",Sheet 8(060-22)
989,,,,,"RDO No. 83 -Talisay City, CebuWeb.xls",Sheet 8(060-22)
990,PROVINCE                    : CEBU,,PROVINCE                    : CEBU,,"RDO No. 83 -Talisay City, CebuWeb.xls",Sheet 8(060-22)
991,CITY/MUNICIPALITY  : TALISAY CITY,,CITY/MUNICIPALITY  : TALISAY CITY,,"RDO No. 83 -Talisay City, CebuWeb.xls",Sheet 8(060-22)
992,ZONE/ BARANGAY     : BIASONG,,ZONE/ BARANGAY     : BIASONG,,"RDO No. 83 -Talisay City, CebuWeb.xls",Sheet 8(060-22)
993,STREET NAME/                   SUBDIVISION/CONDOMINIUM,,STREET NAME/                   SUBDIVISION/CONDOMINIUM,,"RDO No. 83 -Talisay City, CebuWeb.xls",Sheet 8(060-22)
994,BARANGAY ROAD,,BARANGAY ROAD,,"RDO No. 83 -Talisay City, CebuWeb.xls",Sheet 8(060-22)
995,,,,,"RDO No. 83 -Talisay City, CebuWeb.xls",Sheet 8(060-22)
996,BURGOS ST.,,BURGOS ST.,,"RDO No. 83 -Talisay City, CebuWeb.xls",Sheet 8(060-22)
997,,,,,"RDO No. 83 -Talisay City, CebuWeb.xls",Sheet 8(060-22)
998,,,,,"RDO No. 83 -Talisay City, CebuWeb.xls",Sheet 8(060-22)
999,BAYSWATER SUBD.,,BAYSWATER SUBD.,,"RDO No. 83 -Talisay City, CebuWeb.xls",Sheet 8(060-22)
1000,BEATO PEREZ SUBD,,BEATO PEREZ SUBD,,"RDO No. 83 -Talisay City, CebuWeb.xls",Sheet 8(060-22)
1001,DEO HOMES SUBD.,,DEO HOMES SUBD.,,"RDO No. 83 -Talisay City, CebuWeb.xls",Sheet 8(060-22)
1002,JOHANNA SUBD.,,JOHANNA SUBD.,,"RDO No. 83 -Talisay City, CebuWeb.xls",Sheet 8(060-22)
1003,PALM RIVER SUBD. PHASE 2,,PALM RIVER SUBD. PHASE 2,0.2,"RDO No. 83 -Talisay City, CebuWeb.xls",Sheet 8(060-22)
1004,PEREZ DRIVE SUBDIVISION,,PEREZ DRIVE SUBDIVISION,,"RDO No. 83 -Talisay City, CebuWeb.xls",Sheet 8(060-22)
1005,PUEBLO SAN RICARDO SUBD.,,PUEBLO SAN RICARDO SUBD.,,"RDO No. 83 -Talisay City, CebuWeb.xls",Sheet 8(060-22)
1006,RAPHAEL HOMES SUBD.,,RAPHAEL HOMES SUBD.,,"RDO No. 83 -Talisay City, CebuWeb.xls",Sheet 8(060-22)
1007,VILLA DONNA SUBD.,,VILLA DONNA SUBD.,,"RDO No. 83 -Talisay City, CebuWeb.xls",Sheet 8(060-22)
1008,OTHER SUBD/ VILLAGES,,OTHER SUBD/ VILLAGES,,"RDO No. 83 -Talisay City, CebuWeb.xls",Sheet 8(060-22)
1009,ALL OTHER STREETS,,ALL OTHER STREETS,,"RDO No. 83 -Talisay City, CebuWeb.xls",Sheet 8(060-22)
1010,,,,,"RDO No. 83 -Talisay City, CebuWeb.xls",Sheet 8(060-22)
1011,,,,,"RDO No. 83 -Talisay City, CebuWeb.xls",Sheet 8(060-22)
1012,,,,,"RDO No. 83 -Talisay City, CebuWeb.xls",Sheet 8(060-22)
1013,SHORELINE,,SHORELINE,,"RDO No. 83 -Talisay City, CebuWeb.xls",Sheet 8(060-22)
1014,,,,,"RDO No. 83 -Talisay City, CebuWeb.xls",Sheet 8(060-22)
1015,MALIBU RESIDENCES*,,MALIBU RESIDENCES*,,"RDO No. 83 -Talisay City, CebuWeb.xls",Sheet 8(060-22)
1016,*New subdivision,,*New subdivision,,"RDO No. 83 -Talisay City, CebuWeb.xls",Sheet 8(060-22)
1017,,,,,"RDO No. 83 -Talisay City, CebuWeb.xls",Sheet 8(060-22)
1018,,,,,"RDO No. 83 -Talisay City, CebuWeb.xls",Sheet 8(060-22)
1019,PROVINCE                    : CEBU,,PROVINCE                    : CEBU,,"RDO No. 83 -Talisay City, CebuWeb.xls",Sheet 8(060-22)
1020,CITY/MUNICIPALITY  : TALISAY CITY,,CITY/MUNICIPALITY  : TALISAY CITY,,"RDO No. 83 -Talisay City, CebuWeb.xls",Sheet 8(060-22)
1021,ZONE/ BARANGAY     : BULACAO,,ZONE/ BARANGAY     : BULACAO,,"RDO No. 83 -Talisay City, CebuWeb.xls",Sheet 8(060-22)
1022,STREET NAME/                   SUBDIVISION/CONDOMINIUM,,STREET NAME/                   SUBDIVISION/CONDOMINIUM,,"RDO No. 83 -Talisay City, CebuWeb.xls",Sheet 8(060-22)
1023,NATIONAL ROAD,,NATIONAL ROAD,,"RDO No. 83 -Talisay City, CebuWeb.xls",Sheet 8(060-22)
1024,,,,,"RDO No. 83 -Talisay City, CebuWeb.xls",Sheet 8(060-22)
1025,BARANGAY ROAD,,BARANGAY ROAD,,"RDO No. 83 -Talisay City, CebuWeb.xls",Sheet 8(060-22)
1026,,,,,"RDO No. 83 -Talisay City, CebuWeb.xls",Sheet 8(060-22)
1027,EAST VISAYAN ACADEMY,,EAST VISAYAN ACADEMY,,"RDO No. 83 -Talisay City, CebuWeb.xls",Sheet 8(060-22)
1028,,,,,"RDO No. 83 -Talisay City, CebuWeb.xls",Sheet 8(060-22)
1029,CASILDA HOMES,,CASILDA HOMES,,"RDO No. 83 -Talisay City, CebuWeb.xls",Sheet 8(060-22)
1030,FRIENDLY HOMES SUBDIVISION,,FRIENDLY HOMES SUBDIVISION,,"RDO No. 83 -Talisay City, CebuWeb.xls",Sheet 8(060-22)
1031,GREEN HOMES SUBD.,,GREEN HOMES SUBD.,,"RDO No. 83 -Talisay City, CebuWeb.xls",Sheet 8(060-22)
1032,GOTIANUY SUBDIVISION,,GOTIANUY SUBDIVISION,,"RDO No. 83 -Talisay City, CebuWeb.xls",Sheet 8(060-22)
1033,HAPPY VALLEY SUBDIVISION,,HAPPY VALLEY SUBDIVISION,,"RDO No. 83 -Talisay City, CebuWeb.xls",Sheet 8(060-22)
1034,HILLSIDE SUBDIVISION,,HILLSIDE SUBDIVISION,,"RDO No. 83 -Talisay City, CebuWeb.xls",Sheet 8(060-22)
1035,LOWER CABUNAYAN,,LOWER CABUNAYAN,,"RDO No. 83 -Talisay City, CebuWeb.xls",Sheet 8(060-22)
1036,LUZ FELIZ HOMES,,LUZ FELIZ HOMES,,"RDO No. 83 -Talisay City, CebuWeb.xls",Sheet 8(060-22)
1037,MAHARLIKA VILLAGE,,MAHARLIKA VILLAGE,,"RDO No. 83 -Talisay City, CebuWeb.xls",Sheet 8(060-22)
1038,MANSUETO SUBDIVISION,,MANSUETO SUBDIVISION,,"RDO No. 83 -Talisay City, CebuWeb.xls",Sheet 8(060-22)
1039,MINGCOURT SUBDIVISION,,MINGCOURT SUBDIVISION,,"RDO No. 83 -Talisay City, CebuWeb.xls",Sheet 8(060-22)
1040,NEW CATALINA SUBD.*,,NEW CATALINA SUBD.*,,"RDO No. 83 -Talisay City, CebuWeb.xls",Sheet 8(060-22)
1041,NEW FRONTIER SUBDIVISION,,NEW FRONTIER SUBDIVISION,,"RDO No. 83 -Talisay City, CebuWeb.xls",Sheet 8(060-22)
1042,PLAINVILLE SUBDIVISION,,PLAINVILLE SUBDIVISION,,"RDO No. 83 -Talisay City, CebuWeb.xls",Sheet 8(060-22)
1043,RUSTYVILLE SUBDIVISION,,RUSTYVILLE SUBDIVISION,,"RDO No. 83 -Talisay City, CebuWeb.xls",Sheet 8(060-22)
1044,ST. BARACHAEL SUBDIVSION,,ST. BARACHAEL SUBDIVSION,,"RDO No. 83 -Talisay City, CebuWeb.xls",Sheet 8(060-22)
1045,STA. LUCIA SUBDIVISION,,STA. LUCIA SUBDIVISION,,"RDO No. 83 -Talisay City, CebuWeb.xls",Sheet 8(060-22)
1046,SOUTHGATE SUBDIVISION,,SOUTHGATE SUBDIVISION,,"RDO No. 83 -Talisay City, CebuWeb.xls",Sheet 8(060-22)
1047,VILLA VERNA SUBDIVISION,,VILLA VERNA SUBDIVISION,,"RDO No. 83 -Talisay City, CebuWeb.xls",Sheet 8(060-22)
1048,OTHER SUBD/ VILLAGES,,OTHER SUBD/ VILLAGES,,"RDO No. 83 -Talisay City, CebuWeb.xls",Sheet 8(060-22)
1049,ALL OTHER STREETS,,ALL OTHER STREETS,,"RDO No. 83 -Talisay City, CebuWeb.xls",Sheet 8(060-22)
1050,,,,,"RDO No. 83 -Talisay City, CebuWeb.xls",Sheet 8(060-22)
1051,,,,,"RDO No. 83 -Talisay City, CebuWeb.xls",Sheet 8(060-22)
1052,INTERIOR LOTS,,INTERIOR LOTS,,"RDO No. 83 -Talisay City, CebuWeb.xls",Sheet 8(060-22)
1053,,,,,"RDO No. 83 -Talisay City, CebuWeb.xls",Sheet 8(060-22)
1054,,,,,"RDO No. 83 -Talisay City, CebuWeb.xls",Sheet 8(060-22)
1055,,,,,"RDO No. 83 -Talisay City, CebuWeb.xls",Sheet 8(060-22)
1056,PRINCESS VILL **,,PRINCESS VILL **,,"RDO No. 83 -Talisay City, CebuWeb.xls",Sheet 8(060-22)
1057,SMYRNA**,,SMYRNA**,,"RDO No. 83 -Talisay City, CebuWeb.xls",Sheet 8(060-22)
1058,*TRANSFERRED FROM BRGY CANDULAWAN PER ASSESSOR'S JUSTIFICATION,,*TRANSFERRED FROM BRGY CANDULAWAN PER ASSESSOR'S JUSTIFICATION,,"RDO No. 83 -Talisay City, CebuWeb.xls",Sheet 8(060-22)
1059,**New subdivision,,**New subdivision,,"RDO No. 83 -Talisay City, CebuWeb.xls",Sheet 8(060-22)
1060,,,,,"RDO No. 83 -Talisay City, CebuWeb.xls",Sheet 8(060-22)
1061,,,,,"RDO No. 83 -Talisay City, CebuWeb.xls",Sheet 8(060-22)
1062,PROVINCE                    : CEBU,,PROVINCE                    : CEBU,,"RDO No. 83 -Talisay City, CebuWeb.xls",Sheet 8(060-22)
1063,CITY/MUNICIPALITY  : TALISAY CITY,,CITY/MUNICIPALITY  : TALISAY CITY,,"RDO No. 83 -Talisay City, CebuWeb.xls",Sheet 8(060-22)
1064,ZONE/ BARANGAY     : CAMP 4,,ZONE/ BARANGAY     : CAMP 4,4.0,"RDO No. 83 -Talisay City, CebuWeb.xls",Sheet 8(060-22)
1065,STREET NAME/                   SUBDIVISION/CONDOMINIUM,,STREET NAME/                   SUBDIVISION/CONDOMINIUM,,"RDO No. 83 -Talisay City, CebuWeb.xls",Sheet 8(060-22)
1066,BARANGAY PROV'L ROAD,,BARANGAY PROV'L ROAD,,"RDO No. 83 -Talisay City, CebuWeb.xls",Sheet 8(060-22)
1067,,,,,"RDO No. 83 -Talisay City, CebuWeb.xls",Sheet 8(060-22)
1068,,,,,"RDO No. 83 -Talisay City, CebuWeb.xls",Sheet 8(060-22)
1069,,,,,"RDO No. 83 -Talisay City, CebuWeb.xls",Sheet 8(060-22)
1070,,,,,"RDO No. 83 -Talisay City, CebuWeb.xls",Sheet 8(060-22)
1071,RIVER BANK,,RIVER BANK,,"RDO No. 83 -Talisay City, CebuWeb.xls",Sheet 8(060-22)
1072,INTERIOR AREAS,,INTERIOR AREAS,,"RDO No. 83 -Talisay City, CebuWeb.xls",Sheet 8(060-22)
1073,,,,,"RDO No. 83 -Talisay City, CebuWeb.xls",Sheet 8(060-22)
1074,,,,,"RDO No. 83 -Talisay City, CebuWeb.xls",Sheet 8(060-22)
1075,,,,,"RDO No. 83 -Talisay City, CebuWeb.xls",Sheet 8(060-22)
1076,,,,,"RDO No. 83 -Talisay City, CebuWeb.xls",Sheet 8(060-22)
1077,,,,,"RDO No. 83 -Talisay City, CebuWeb.xls",Sheet 8(060-22)
1078,PROVINCE                    : CEBU,,PROVINCE                    : CEBU,,"RDO No. 83 -Talisay City, CebuWeb.xls",Sheet 8(060-22)
1079,CITY/MUNICIPALITY  : TALISAY CITY,,CITY/MUNICIPALITY  : TALISAY CITY,,"RDO No. 83 -Talisay City, CebuWeb.xls",Sheet 8(060-22)
1080,ZONE/ BARANGAY     : CANDULAWAN,,ZONE/ BARANGAY     : CANDULAWAN,,"RDO No. 83 -Talisay City, CebuWeb.xls",Sheet 8(060-22)
1081,STREET NAME/                   SUBDIVISION/CONDOMINIUM,,STREET NAME/                   SUBDIVISION/CONDOMINIUM,,"RDO No. 83 -Talisay City, CebuWeb.xls",Sheet 8(060-22)
1082,BARANGAY/PROVINCIAL ROAD,,BARANGAY/PROVINCIAL ROAD,,"RDO No. 83 -Talisay City, CebuWeb.xls",Sheet 8(060-22)
1083,BARANGAY ROAD,,BARANGAY ROAD,,"RDO No. 83 -Talisay City, CebuWeb.xls",Sheet 8(060-22)
1084,,,,,"RDO No. 83 -Talisay City, CebuWeb.xls",Sheet 8(060-22)
1085,,,,,"RDO No. 83 -Talisay City, CebuWeb.xls",Sheet 8(060-22)
1086,UPPER CANDULAWAN,,UPPER CANDULAWAN,,"RDO No. 83 -Talisay City, CebuWeb.xls",Sheet 8(060-22)
1087,,,,,"RDO No. 83 -Talisay City, CebuWeb.xls",Sheet 8(060-22)
1088,,,,,"RDO No. 83 -Talisay City, CebuWeb.xls",Sheet 8(060-22)
1089,,,,,"RDO No. 83 -Talisay City, CebuWeb.xls",Sheet 8(060-22)
1090,,,,,"RDO No. 83 -Talisay City, CebuWeb.xls",Sheet 8(060-22)
1091,MINGCOURT,,MINGCOURT,,"RDO No. 83 -Talisay City, CebuWeb.xls",Sheet 8(060-22)
1092,NEW FRONTIER,,NEW FRONTIER,,"RDO No. 83 -Talisay City, CebuWeb.xls",Sheet 8(060-22)
1093,NEW CATALINA,,NEW CATALINA,,"RDO No. 83 -Talisay City, CebuWeb.xls",Sheet 8(060-22)
1094,STA. LUCIA VISTA GRANDE,,STA. LUCIA VISTA GRANDE,,"RDO No. 83 -Talisay City, CebuWeb.xls",Sheet 8(060-22)
1095,VILLA ESTELITA,,VILLA ESTELITA,,"RDO No. 83 -Talisay City, CebuWeb.xls",Sheet 8(060-22)
1096,GBC FEDERATION AND PEOPLES ASSO.,,GBC FEDERATION AND PEOPLES ASSO.,,"RDO No. 83 -Talisay City, CebuWeb.xls",Sheet 8(060-22)
1097,KISHANTA SUBD. EXPANSION PROJECT,,KISHANTA SUBD. EXPANSION PROJECT,,"RDO No. 83 -Talisay City, CebuWeb.xls",Sheet 8(060-22)
1098,PACIFIC HEIGHTS,,PACIFIC HEIGHTS,,"RDO No. 83 -Talisay City, CebuWeb.xls",Sheet 8(060-22)
1099,OTHER SUBDIVISION/ VILLAGES,,OTHER SUBDIVISION/ VILLAGES,,"RDO No. 83 -Talisay City, CebuWeb.xls",Sheet 8(060-22)
1100,ALL OTHER STREETS,,ALL OTHER STREETS,,"RDO No. 83 -Talisay City, CebuWeb.xls",Sheet 8(060-22)
1101,INTERIOR AREA,,INTERIOR AREA,,"RDO No. 83 -Talisay City, CebuWeb.xls",Sheet 8(060-22)
1102,,,,,"RDO No. 83 -Talisay City, CebuWeb.xls",Sheet 8(060-22)
1103,,,,,"RDO No. 83 -Talisay City, CebuWeb.xls",Sheet 8(060-22)
1104,,,,,"RDO No. 83 -Talisay City, CebuWeb.xls",Sheet 8(060-22)
1105,,,,,"RDO No. 83 -Talisay City, CebuWeb.xls",Sheet 8(060-22)
1106,*LOCATED IN BARANGAY BULACAO AS PER ASSESSOR'S JUSTIFICATION,,*LOCATED IN BARANGAY BULACAO AS PER ASSESSOR'S JUSTIFICATION,,"RDO No. 83 -Talisay City, CebuWeb.xls",Sheet 8(060-22)
1107,,,,,"RDO No. 83 -Talisay City, CebuWeb.xls",Sheet 8(060-22)
1108,,,,,"RDO No. 83 -Talisay City, CebuWeb.xls",Sheet 8(060-22)
1109,PROVINCE                    : CEBU,,PROVINCE                    : CEBU,,"RDO No. 83 -Talisay City, CebuWeb.xls",Sheet 8(060-22)
1110,CITY/MUNICIPALITY  : TALISAY CITY,,CITY/MUNICIPALITY  : TALISAY CITY,,"RDO No. 83 -Talisay City, CebuWeb.xls",Sheet 8(060-22)
1111,ZONE/ BARANGAY     : CANSOJONG,,ZONE/ BARANGAY     : CANSOJONG,,"RDO No. 83 -Talisay City, CebuWeb.xls",Sheet 8(060-22)
1112,STREET NAME/                   SUBDIVISION/CONDOMINIUM,,STREET NAME/                   SUBDIVISION/CONDOMINIUM,,"RDO No. 83 -Talisay City, CebuWeb.xls",Sheet 8(060-22)
1113,PROVINCIAL RD,,PROVINCIAL RD,,"RDO No. 83 -Talisay City, CebuWeb.xls",Sheet 8(060-22)
1114,MUNICIPAL RD,,MUNICIPAL RD,,"RDO No. 83 -Talisay City, CebuWeb.xls",Sheet 8(060-22)
1115,BRGY RD,,BRGY RD,,"RDO No. 83 -Talisay City, CebuWeb.xls",Sheet 8(060-22)
1116,KIMBA RD,,KIMBA RD,,"RDO No. 83 -Talisay City, CebuWeb.xls",Sheet 8(060-22)
1117,,,,,"RDO No. 83 -Talisay City, CebuWeb.xls",Sheet 8(060-22)
1118,SHORELINE,,SHORELINE,,"RDO No. 83 -Talisay City, CebuWeb.xls",Sheet 8(060-22)
1119,,,,,"RDO No. 83 -Talisay City, CebuWeb.xls",Sheet 8(060-22)
1120,ALBERLYN SOUTH RESIDENCES   *,,ALBERLYN SOUTH RESIDENCES   *,,"RDO No. 83 -Talisay City, CebuWeb.xls",Sheet 8(060-22)
1121,CASA DE LA PAZ,,CASA DE LA PAZ,,"RDO No. 83 -Talisay City, CebuWeb.xls",Sheet 8(060-22)
1122,FORTUNE PLAINS SUBDIVISION,,FORTUNE PLAINS SUBDIVISION,,"RDO No. 83 -Talisay City, CebuWeb.xls",Sheet 8(060-22)
1123,STA. THERESA VILLAGE III **,,STA. THERESA VILLAGE III **,,"RDO No. 83 -Talisay City, CebuWeb.xls",Sheet 8(060-22)
1124,MAGLASANG SUBDIVISION,,MAGLASANG SUBDIVISION,,"RDO No. 83 -Talisay City, CebuWeb.xls",Sheet 8(060-22)
1125,RECOLETOS VILLE SUBDIVSION,,RECOLETOS VILLE SUBDIVSION,,"RDO No. 83 -Talisay City, CebuWeb.xls",Sheet 8(060-22)
1126,SACRED HOMES SUBD.,,SACRED HOMES SUBD.,,"RDO No. 83 -Talisay City, CebuWeb.xls",Sheet 8(060-22)
1127,STA. TERESA III AND EXTENSION,,STA. TERESA III AND EXTENSION,,"RDO No. 83 -Talisay City, CebuWeb.xls",Sheet 8(060-22)
1128,SINCERE HOMES SUBD.,,SINCERE HOMES SUBD.,,"RDO No. 83 -Talisay City, CebuWeb.xls",Sheet 8(060-22)
1129,SOUTH CITY HOMES,,SOUTH CITY HOMES,,"RDO No. 83 -Talisay City, CebuWeb.xls",Sheet 8(060-22)
1130,SOUTHWINDS SUBDIVISION,,SOUTHWINDS SUBDIVISION,,"RDO No. 83 -Talisay City, CebuWeb.xls",Sheet 8(060-22)
1131,OTHER SUB/VILLAGES,,OTHER SUB/VILLAGES,,"RDO No. 83 -Talisay City, CebuWeb.xls",Sheet 8(060-22)
1132,ALL OTHER STS.,,ALL OTHER STS.,,"RDO No. 83 -Talisay City, CebuWeb.xls",Sheet 8(060-22)
1133,INTERIOR AREAS,,INTERIOR AREAS,,"RDO No. 83 -Talisay City, CebuWeb.xls",Sheet 8(060-22)
1134,,,,,"RDO No. 83 -Talisay City, CebuWeb.xls",Sheet 8(060-22)
1135,,,,,"RDO No. 83 -Talisay City, CebuWeb.xls",Sheet 8(060-22)
1136,FROM THE BDRY BETWEEN BRGY. POBLACION AND BRGY CANSOJONG,,FROM THE BDRY BETWEEN BRGY. POBLACION AND BRGY CANSOJONG,,"RDO No. 83 -Talisay City, CebuWeb.xls",Sheet 8(060-22)
1137,RAMONA ROAD TO,,RAMONA ROAD TO,,"RDO No. 83 -Talisay City, CebuWeb.xls",Sheet 8(060-22)
1138,ULDOG ROAD TO,,ULDOG ROAD TO,,"RDO No. 83 -Talisay City, CebuWeb.xls",Sheet 8(060-22)
1139,FR THE COR DAWIS AND KIMBA RD TO,,FR THE COR DAWIS AND KIMBA RD TO,,"RDO No. 83 -Talisay City, CebuWeb.xls",Sheet 8(060-22)
1140,ALONG SRP ROAD,,ALONG SRP ROAD,,"RDO No. 83 -Talisay City, CebuWeb.xls",Sheet 8(060-22)
1141,,,,,"RDO No. 83 -Talisay City, CebuWeb.xls",Sheet 8(060-22)
1142,,,,,"RDO No. 83 -Talisay City, CebuWeb.xls",Sheet 8(060-22)
1143,,,,,"RDO No. 83 -Talisay City, CebuWeb.xls",Sheet 8(060-22)
1144,LEMON VILLE **,,LEMON VILLE **,,"RDO No. 83 -Talisay City, CebuWeb.xls",Sheet 8(060-22)
1145,VILLA LUCITA**,,VILLA LUCITA**,,"RDO No. 83 -Talisay City, CebuWeb.xls",Sheet 8(060-22)
1146,SLEDA- SPECIAL LOCAL ECONOMIC DEVELOPMENT AREA,,SLEDA- SPECIAL LOCAL ECONOMIC DEVELOPMENT AREA,,"RDO No. 83 -Talisay City, CebuWeb.xls",Sheet 8(060-22)
1147,*named as ALBERLYN SUBD. per previous zonal,,*named as ALBERLYN SUBD. per previous zonal,,"RDO No. 83 -Talisay City, CebuWeb.xls",Sheet 8(060-22)
1148,**named as MA. THERESA II&III per previous zonal,,**named as MA. THERESA II&III per previous zonal,,"RDO No. 83 -Talisay City, CebuWeb.xls",Sheet 8(060-22)
1149,***New subdivisions,,***New subdivisions,,"RDO No. 83 -Talisay City, CebuWeb.xls",Sheet 8(060-22)
1150,****Reclassified from S* to CR,,****Reclassified from S* to CR,,"RDO No. 83 -Talisay City, CebuWeb.xls",Sheet 8(060-22)
1151,,,,,"RDO No. 83 -Talisay City, CebuWeb.xls",Sheet 8(060-22)
1152,,,,,"RDO No. 83 -Talisay City, CebuWeb.xls",Sheet 8(060-22)
1153,PROVINCE                    : CEBU,,PROVINCE                    : CEBU,,"RDO No. 83 -Talisay City, CebuWeb.xls",Sheet 8(060-22)
1154,CITY/MUNICIPALITY  : TALISAY CITY,,CITY/MUNICIPALITY  : TALISAY CITY,,"RDO No. 83 -Talisay City, CebuWeb.xls",Sheet 8(060-22)
1155,ZONE/ BARANGAY     : DUMLOG,,ZONE/ BARANGAY     : DUMLOG,,"RDO No. 83 -Talisay City, CebuWeb.xls",Sheet 8(060-22)
1156,STREET NAME/                   SUBDIVISION/CONDOMINIUM,,STREET NAME/                   SUBDIVISION/CONDOMINIUM,,"RDO No. 83 -Talisay City, CebuWeb.xls",Sheet 8(060-22)
1157,PROVINCIAL RD,,PROVINCIAL RD,,"RDO No. 83 -Talisay City, CebuWeb.xls",Sheet 8(060-22)
1158,BRGY RD,,BRGY RD,,"RDO No. 83 -Talisay City, CebuWeb.xls",Sheet 8(060-22)
1159,,,,,"RDO No. 83 -Talisay City, CebuWeb.xls",Sheet 8(060-22)
1160,MUN. RD,,MUN. RD,,"RDO No. 83 -Talisay City, CebuWeb.xls",Sheet 8(060-22)
1161,,,,,"RDO No. 83 -Talisay City, CebuWeb.xls",Sheet 8(060-22)
1162,BASCON ST,,BASCON ST,,"RDO No. 83 -Talisay City, CebuWeb.xls",Sheet 8(060-22)
1163,,,,,"RDO No. 83 -Talisay City, CebuWeb.xls",Sheet 8(060-22)
1164,,,,,"RDO No. 83 -Talisay City, CebuWeb.xls",Sheet 8(060-22)
1165,,,,,"RDO No. 83 -Talisay City, CebuWeb.xls",Sheet 8(060-22)
1166,,,,,"RDO No. 83 -Talisay City, CebuWeb.xls",Sheet 8(060-22)
1167,,,,,"RDO No. 83 -Talisay City, CebuWeb.xls",Sheet 8(060-22)
1168,,,,,"RDO No. 83 -Talisay City, CebuWeb.xls",Sheet 8(060-22)
1169,SITIO LITMON,,SITIO LITMON,,"RDO No. 83 -Talisay City, CebuWeb.xls",Sheet 8(060-22)
1170,SHORELINE,,SHORELINE,,"RDO No. 83 -Talisay City, CebuWeb.xls",Sheet 8(060-22)
1171,,,,,"RDO No. 83 -Talisay City, CebuWeb.xls",Sheet 8(060-22)
1172,BELLEZA COMPD,,BELLEZA COMPD,,"RDO No. 83 -Talisay City, CebuWeb.xls",Sheet 8(060-22)
1173,CARMENVILLE SUBDIVISION,,CARMENVILLE SUBDIVISION,,"RDO No. 83 -Talisay City, CebuWeb.xls",Sheet 8(060-22)
1174,DECA HOMES SUBD.,,DECA HOMES SUBD.,,"RDO No. 83 -Talisay City, CebuWeb.xls",Sheet 8(060-22)
1175,FLORIDA COUNTY,,FLORIDA COUNTY,,"RDO No. 83 -Talisay City, CebuWeb.xls",Sheet 8(060-22)
1176,STA. THERESA VILLAGE I   *,,STA. THERESA VILLAGE I   *,,"RDO No. 83 -Talisay City, CebuWeb.xls",Sheet 8(060-22)
1177,RAMONA SUBD.,,RAMONA SUBD.,,"RDO No. 83 -Talisay City, CebuWeb.xls",Sheet 8(060-22)
1178,REUBENVILLE,,REUBENVILLE,,"RDO No. 83 -Talisay City, CebuWeb.xls",Sheet 8(060-22)
1179,SEABREEZE SUBDIVISION,,SEABREEZE SUBDIVISION,,"RDO No. 83 -Talisay City, CebuWeb.xls",Sheet 8(060-22)
1180,SOUTH COVINA,,SOUTH COVINA,,"RDO No. 83 -Talisay City, CebuWeb.xls",Sheet 8(060-22)
1181,OTHER SUBD/VILLAGES,,OTHER SUBD/VILLAGES,,"RDO No. 83 -Talisay City, CebuWeb.xls",Sheet 8(060-22)
1182,ALL OTHER STREETS,,ALL OTHER STREETS,,"RDO No. 83 -Talisay City, CebuWeb.xls",Sheet 8(060-22)
1183,,,,,"RDO No. 83 -Talisay City, CebuWeb.xls",Sheet 8(060-22)
1184,,,,,"RDO No. 83 -Talisay City, CebuWeb.xls",Sheet 8(060-22)
1185,,,,,"RDO No. 83 -Talisay City, CebuWeb.xls",Sheet 8(060-22)
1186,,,,,"RDO No. 83 -Talisay City, CebuWeb.xls",Sheet 8(060-22)
1187,INTERIOR AREAS,,INTERIOR AREAS,,"RDO No. 83 -Talisay City, CebuWeb.xls",Sheet 8(060-22)
1188,,,,,"RDO No. 83 -Talisay City, CebuWeb.xls",Sheet 8(060-22)
1189,ALONG SRP ROAD,,ALONG SRP ROAD,,"RDO No. 83 -Talisay City, CebuWeb.xls",Sheet 8(060-22)
1190,,,,,"RDO No. 83 -Talisay City, CebuWeb.xls",Sheet 8(060-22)
1191,,,,,"RDO No. 83 -Talisay City, CebuWeb.xls",Sheet 8(060-22)
1192,,,,,"RDO No. 83 -Talisay City, CebuWeb.xls",Sheet 8(060-22)
1193,FROM THE CORNER RAMONA ROAD AND PROVINCIAL RD (RIZAL ST) TO,,FROM THE CORNER RAMONA ROAD AND PROVINCIAL RD (RIZAL ST) TO,,"RDO No. 83 -Talisay City, CebuWeb.xls",Sheet 8(060-22)
1194,FROM THE MANANGA BRIDGE AT BARANGAY BIASONG AND DUMLOG JUNCTION TO,,FROM THE MANANGA BRIDGE AT BARANGAY BIASONG AND DUMLOG JUNCTION TO,,"RDO No. 83 -Talisay City, CebuWeb.xls",Sheet 8(060-22)
1195,FROM THE MANANGA BRIDGE AT BARANGAY BIASONG AND DUMLOG JUNCTION TO,,FROM THE MANANGA BRIDGE AT BARANGAY BIASONG AND DUMLOG JUNCTION TO,,"RDO No. 83 -Talisay City, CebuWeb.xls",Sheet 8(060-22)
1196,FROM THE DUMLOG AND SAN ISIDRO BDRY ALONG RIZAL ST. TO,,FROM THE DUMLOG AND SAN ISIDRO BDRY ALONG RIZAL ST. TO,,"RDO No. 83 -Talisay City, CebuWeb.xls",Sheet 8(060-22)
1197,UNIVILLE HOMES**,,UNIVILLE HOMES**,,"RDO No. 83 -Talisay City, CebuWeb.xls",Sheet 8(060-22)
1198,TUASTUMBAN**,,TUASTUMBAN**,,"RDO No. 83 -Talisay City, CebuWeb.xls",Sheet 8(060-22)
1199,SAMANTHA HOMES**,,SAMANTHA HOMES**,,"RDO No. 83 -Talisay City, CebuWeb.xls",Sheet 8(060-22)
1200,SLEDA- SPECIAL LOCAL ECONOMIC DEVELOPMENT AREA,,SLEDA- SPECIAL LOCAL ECONOMIC DEVELOPMENT AREA,,"RDO No. 83 -Talisay City, CebuWeb.xls",Sheet 8(060-22)
1201,*named as MA. THERESA I/STA. TERESA I&II per previous zonal,,*named as MA. THERESA I/STA. TERESA I&II per previous zonal,,"RDO No. 83 -Talisay City, CebuWeb.xls",Sheet 8(060-22)
1202,**New subdivisions,,**New subdivisions,,"RDO No. 83 -Talisay City, CebuWeb.xls",Sheet 8(060-22)
1203,***Reclassified drom S* to CR,,***Reclassified drom S* to CR,,"RDO No. 83 -Talisay City, CebuWeb.xls",Sheet 8(060-22)
1204,,,,,"RDO No. 83 -Talisay City, CebuWeb.xls",Sheet 8(060-22)
1205,,,,,"RDO No. 83 -Talisay City, CebuWeb.xls",Sheet 8(060-22)
1206,PROVINCE                    : CEBU,,PROVINCE                    : CEBU,,"RDO No. 83 -Talisay City, CebuWeb.xls",Sheet 8(060-22)
1207,CITY/MUNICIPALITY  : TALISAY CITY,,CITY/MUNICIPALITY  : TALISAY CITY,,"RDO No. 83 -Talisay City, CebuWeb.xls",Sheet 8(060-22)
1208,ZONE/ BARANGAY     : JACLUPAN,,ZONE/ BARANGAY     : JACLUPAN,,"RDO No. 83 -Talisay City, CebuWeb.xls",Sheet 8(060-22)
1209,STREET NAME/                   SUBDIVISION/CONDOMINIUM,,STREET NAME/                   SUBDIVISION/CONDOMINIUM,,"RDO No. 83 -Talisay City, CebuWeb.xls",Sheet 8(060-22)
1210,PROVINCIAL ROAD,,PROVINCIAL ROAD,,"RDO No. 83 -Talisay City, CebuWeb.xls",Sheet 8(060-22)
1211,BARANGAY/ MUN. RD,,BARANGAY/ MUN. RD,,"RDO No. 83 -Talisay City, CebuWeb.xls",Sheet 8(060-22)
1212,,,,,"RDO No. 83 -Talisay City, CebuWeb.xls",Sheet 8(060-22)
1213,,,,,"RDO No. 83 -Talisay City, CebuWeb.xls",Sheet 8(060-22)
1214,RIVER BANK,,RIVER BANK,,"RDO No. 83 -Talisay City, CebuWeb.xls",Sheet 8(060-22)
1215,INTERIOR LOTS,,INTERIOR LOTS,,"RDO No. 83 -Talisay City, CebuWeb.xls",Sheet 8(060-22)
1216,,,,,"RDO No. 83 -Talisay City, CebuWeb.xls",Sheet 8(060-22)
1217,,,,,"RDO No. 83 -Talisay City, CebuWeb.xls",Sheet 8(060-22)
1218,,,,,"RDO No. 83 -Talisay City, CebuWeb.xls",Sheet 8(060-22)
1219,,,,,"RDO No. 83 -Talisay City, CebuWeb.xls",Sheet 8(060-22)
1220,ALL OTHER SUB/VILLAGES,,ALL OTHER SUB/VILLAGES,,"RDO No. 83 -Talisay City, CebuWeb.xls",Sheet 8(060-22)
1221,,,,,"RDO No. 83 -Talisay City, CebuWeb.xls",Sheet 8(060-22)
1222,,,,,"RDO No. 83 -Talisay City, CebuWeb.xls",Sheet 8(060-22)
1223,PROVINCE                    : CEBU,,PROVINCE                    : CEBU,,"RDO No. 83 -Talisay City, CebuWeb.xls",Sheet 8(060-22)
1224,CITY/MUNICIPALITY  : TALISAY CITY,,CITY/MUNICIPALITY  : TALISAY CITY,,"RDO No. 83 -Talisay City, CebuWeb.xls",Sheet 8(060-22)
1225,ZONE/ BARANGAY     : LAGTANG,,ZONE/ BARANGAY     : LAGTANG,,"RDO No. 83 -Talisay City, CebuWeb.xls",Sheet 8(060-22)
1226,STREET NAME/                   SUBDIVISION/CONDOMINIUM,,STREET NAME/                   SUBDIVISION/CONDOMINIUM,,"RDO No. 83 -Talisay City, CebuWeb.xls",Sheet 8(060-22)
1227,PROV'L ROAD/ NAT'L ROAD,,PROV'L ROAD/ NAT'L ROAD,,"RDO No. 83 -Talisay City, CebuWeb.xls",Sheet 8(060-22)
1228,,,,,"RDO No. 83 -Talisay City, CebuWeb.xls",Sheet 8(060-22)
1229,,,,,"RDO No. 83 -Talisay City, CebuWeb.xls",Sheet 8(060-22)
1230,,,,,"RDO No. 83 -Talisay City, CebuWeb.xls",Sheet 8(060-22)
1231,,,,,"RDO No. 83 -Talisay City, CebuWeb.xls",Sheet 8(060-22)
1232,,,,,"RDO No. 83 -Talisay City, CebuWeb.xls",Sheet 8(060-22)
1233,BRGY/ MUNICIPAL RD,,BRGY/ MUNICIPAL RD,,"RDO No. 83 -Talisay City, CebuWeb.xls",Sheet 8(060-22)
1234,BRGY RD HOLLOW BLK,,BRGY RD HOLLOW BLK,,"RDO No. 83 -Talisay City, CebuWeb.xls",Sheet 8(060-22)
1235,ILANG ILANG,,ILANG ILANG,,"RDO No. 83 -Talisay City, CebuWeb.xls",Sheet 8(060-22)
1236,RIVER BANK,,RIVER BANK,,"RDO No. 83 -Talisay City, CebuWeb.xls",Sheet 8(060-22)
1237,HOLLOW BLOCKS,,HOLLOW BLOCKS,,"RDO No. 83 -Talisay City, CebuWeb.xls",Sheet 8(060-22)
1238,RIVER VIEW SUBD,,RIVER VIEW SUBD,,"RDO No. 83 -Talisay City, CebuWeb.xls",Sheet 8(060-22)
1239,STA. CATALINA SUBDIVISION,,STA. CATALINA SUBDIVISION,,"RDO No. 83 -Talisay City, CebuWeb.xls",Sheet 8(060-22)
1240,STO. NIÑO SUBD. (VILL),,STO. NIÑO SUBD. (VILL),,"RDO No. 83 -Talisay City, CebuWeb.xls",Sheet 8(060-22)
1241,KISHANTA SUBD.,,KISHANTA SUBD.,,"RDO No. 83 -Talisay City, CebuWeb.xls",Sheet 8(060-22)
1242,STERLING LAND RESIDENCES,,STERLING LAND RESIDENCES,,"RDO No. 83 -Talisay City, CebuWeb.xls",Sheet 8(060-22)
1243,ST. SCHOLASTICA'S ACADEMY**,,ST. SCHOLASTICA'S ACADEMY**,,"RDO No. 83 -Talisay City, CebuWeb.xls",Sheet 8(060-22)
1244,,,,,"RDO No. 83 -Talisay City, CebuWeb.xls",Sheet 8(060-22)
1245,,,,,"RDO No. 83 -Talisay City, CebuWeb.xls",Sheet 8(060-22)
1246,,,,,"RDO No. 83 -Talisay City, CebuWeb.xls",Sheet 8(060-22)
1247,,,,,"RDO No. 83 -Talisay City, CebuWeb.xls",Sheet 8(060-22)
1248,OTHER SUB/VILLAGES,,OTHER SUB/VILLAGES,,"RDO No. 83 -Talisay City, CebuWeb.xls",Sheet 8(060-22)
1249,ALL OTHER STREETS,,ALL OTHER STREETS,,"RDO No. 83 -Talisay City, CebuWeb.xls",Sheet 8(060-22)
1250,INTERIOR LOTS,,INTERIOR LOTS,,"RDO No. 83 -Talisay City, CebuWeb.xls",Sheet 8(060-22)
1251,,,,,"RDO No. 83 -Talisay City, CebuWeb.xls",Sheet 8(060-22)
1252,PRECIOUSVILLE ROWHOUSE***,,PRECIOUSVILLE ROWHOUSE***,,"RDO No. 83 -Talisay City, CebuWeb.xls",Sheet 8(060-22)
1253,*CANCELLED DOUBLE VALUATION FOR ONE(1) SUBDIVISION,,*CANCELLED DOUBLE VALUATION FOR ONE(1) SUBDIVISION,1.0,"RDO No. 83 -Talisay City, CebuWeb.xls",Sheet 8(060-22)
1254,**NEW ADDED ROAD SAME VICINITY,,**NEW ADDED ROAD SAME VICINITY,,"RDO No. 83 -Talisay City, CebuWeb.xls",Sheet 8(060-22)
1255,***New subdivision,,***New subdivision,,"RDO No. 83 -Talisay City, CebuWeb.xls",Sheet 8(060-22)
1256,,,,,"RDO No. 83 -Talisay City, CebuWeb.xls",Sheet 8(060-22)
1257,,,,,"RDO No. 83 -Talisay City, CebuWeb.xls",Sheet 8(060-22)
1258,PROVINCE                    : CEBU,,PROVINCE                    : CEBU,,"RDO No. 83 -Talisay City, CebuWeb.xls",Sheet 8(060-22)
1259,CITY/MUNICIPALITY  : TALISAY CITY,,CITY/MUNICIPALITY  : TALISAY CITY,,"RDO No. 83 -Talisay City, CebuWeb.xls",Sheet 8(060-22)
1260,ZONE/ BARANGAY     : LAWAAN-I,,ZONE/ BARANGAY     : LAWAAN-I,,"RDO No. 83 -Talisay City, CebuWeb.xls",Sheet 8(060-22)
1261,STREET NAME/                   SUBDIVISION/CONDOMINIUM,,STREET NAME/                   SUBDIVISION/CONDOMINIUM,,"RDO No. 83 -Talisay City, CebuWeb.xls",Sheet 8(060-22)
1262,NATIONAL ROAD/PROVINCIAL RD,,NATIONAL ROAD/PROVINCIAL RD,,"RDO No. 83 -Talisay City, CebuWeb.xls",Sheet 8(060-22)
1263,,,,,"RDO No. 83 -Talisay City, CebuWeb.xls",Sheet 8(060-22)
1264,,,,,"RDO No. 83 -Talisay City, CebuWeb.xls",Sheet 8(060-22)
1265,BARANGAY RD/ MUNICIPAL RD,,BARANGAY RD/ MUNICIPAL RD,,"RDO No. 83 -Talisay City, CebuWeb.xls",Sheet 8(060-22)
1266,LAWAAN ELEM. SCHOOL,,LAWAAN ELEM. SCHOOL,,"RDO No. 83 -Talisay City, CebuWeb.xls",Sheet 8(060-22)
1267,,,,,"RDO No. 83 -Talisay City, CebuWeb.xls",Sheet 8(060-22)
1268,,,,,"RDO No. 83 -Talisay City, CebuWeb.xls",Sheet 8(060-22)
1269,,,,,"RDO No. 83 -Talisay City, CebuWeb.xls",Sheet 8(060-22)
1270,POOC BARANGAY ROAD,,POOC BARANGAY ROAD,,"RDO No. 83 -Talisay City, CebuWeb.xls",Sheet 8(060-22)
1271,UPPER MOHON ROAD,,UPPER MOHON ROAD,,"RDO No. 83 -Talisay City, CebuWeb.xls",Sheet 8(060-22)
1272,POOC TO DUMLOG,,POOC TO DUMLOG,,"RDO No. 83 -Talisay City, CebuWeb.xls",Sheet 8(060-22)
1273,ALONG SRP ROAD,,ALONG SRP ROAD,,"RDO No. 83 -Talisay City, CebuWeb.xls",Sheet 8(060-22)
1274,,,,,"RDO No. 83 -Talisay City, CebuWeb.xls",Sheet 8(060-22)
1275,,,,,"RDO No. 83 -Talisay City, CebuWeb.xls",Sheet 8(060-22)
1276,,,,,"RDO No. 83 -Talisay City, CebuWeb.xls",Sheet 8(060-22)
1277,ALPHA EXECUTIVE HOMES,,ALPHA EXECUTIVE HOMES,,"RDO No. 83 -Talisay City, CebuWeb.xls",Sheet 8(060-22)
1278,BF BETTER HOMES,,BF BETTER HOMES,,"RDO No. 83 -Talisay City, CebuWeb.xls",Sheet 8(060-22)
1279,"CAMELLA HOMES, TIERRA GRANDE SUBD.",,"CAMELLA HOMES, TIERRA GRANDE SUBD.",,"RDO No. 83 -Talisay City, CebuWeb.xls",Sheet 8(060-22)
1280,FAIRVIEW HEIGHTS,,FAIRVIEW HEIGHTS,,"RDO No. 83 -Talisay City, CebuWeb.xls",Sheet 8(060-22)
1281,SEAVIEW HEIGHTS SUBDIVISION,,SEAVIEW HEIGHTS SUBDIVISION,,"RDO No. 83 -Talisay City, CebuWeb.xls",Sheet 8(060-22)
1282,VICENTA RETUYA SUBD.,,VICENTA RETUYA SUBD.,,"RDO No. 83 -Talisay City, CebuWeb.xls",Sheet 8(060-22)
1283,OTHER SUBD/VILLAGES,,OTHER SUBD/VILLAGES,,"RDO No. 83 -Talisay City, CebuWeb.xls",Sheet 8(060-22)
1284,ALL OTHER STREETS,,ALL OTHER STREETS,,"RDO No. 83 -Talisay City, CebuWeb.xls",Sheet 8(060-22)
1285,OTHER AGRICULTURAL AREAS,,OTHER AGRICULTURAL AREAS,,"RDO No. 83 -Talisay City, CebuWeb.xls",Sheet 8(060-22)
1286,INTERIOR AREAS,,INTERIOR AREAS,,"RDO No. 83 -Talisay City, CebuWeb.xls",Sheet 8(060-22)
1287,,,,,"RDO No. 83 -Talisay City, CebuWeb.xls",Sheet 8(060-22)
1288,,,,,"RDO No. 83 -Talisay City, CebuWeb.xls",Sheet 8(060-22)
1289,,,,,"RDO No. 83 -Talisay City, CebuWeb.xls",Sheet 8(060-22)
1290,AZIENDA ROMA*,,AZIENDA ROMA*,,"RDO No. 83 -Talisay City, CebuWeb.xls",Sheet 8(060-22)
1291,SLEDA- SPECIAL LOCAL ECONOMIC DEVELOPMENT AREA,,SLEDA- SPECIAL LOCAL ECONOMIC DEVELOPMENT AREA,,"RDO No. 83 -Talisay City, CebuWeb.xls",Sheet 8(060-22)
1292,*New subdivision,,*New subdivision,,"RDO No. 83 -Talisay City, CebuWeb.xls",Sheet 8(060-22)
1293,**Reclassified from S* to CR,,**Reclassified from S* to CR,,"RDO No. 83 -Talisay City, CebuWeb.xls",Sheet 8(060-22)
1294,,,,,"RDO No. 83 -Talisay City, CebuWeb.xls",Sheet 8(060-22)
1295,,,,,"RDO No. 83 -Talisay City, CebuWeb.xls",Sheet 8(060-22)
1296,PROVINCE                    : CEBU,,PROVINCE                    : CEBU,,"RDO No. 83 -Talisay City, CebuWeb.xls",Sheet 8(060-22)
1297,CITY/MUNICIPALITY  : TALISAY CITY,,CITY/MUNICIPALITY  : TALISAY CITY,,"RDO No. 83 -Talisay City, CebuWeb.xls",Sheet 8(060-22)
1298,ZONE/ BARANGAY     : LAWAAN-II,,ZONE/ BARANGAY     : LAWAAN-II,,"RDO No. 83 -Talisay City, CebuWeb.xls",Sheet 8(060-22)
1299,STREET NAME/                   SUBDIVISION/CONDOMINIUM,,STREET NAME/                   SUBDIVISION/CONDOMINIUM,,"RDO No. 83 -Talisay City, CebuWeb.xls",Sheet 8(060-22)
1300,NATIONAL ROAD,,NATIONAL ROAD,,"RDO No. 83 -Talisay City, CebuWeb.xls",Sheet 8(060-22)
1301,,,,,"RDO No. 83 -Talisay City, CebuWeb.xls",Sheet 8(060-22)
1302,,,,,"RDO No. 83 -Talisay City, CebuWeb.xls",Sheet 8(060-22)
1303,,,,,"RDO No. 83 -Talisay City, CebuWeb.xls",Sheet 8(060-22)
1304,BRGY/MUN ROAD,,BRGY/MUN ROAD,,"RDO No. 83 -Talisay City, CebuWeb.xls",Sheet 8(060-22)
1305,POOC BRGY RD,,POOC BRGY RD,,"RDO No. 83 -Talisay City, CebuWeb.xls",Sheet 8(060-22)
1306,ALONG MANANGA RIVER,,ALONG MANANGA RIVER,,"RDO No. 83 -Talisay City, CebuWeb.xls",Sheet 8(060-22)
1307,ALONG SRP ROAD,,ALONG SRP ROAD,,"RDO No. 83 -Talisay City, CebuWeb.xls",Sheet 8(060-22)
1308,,,,,"RDO No. 83 -Talisay City, CebuWeb.xls",Sheet 8(060-22)
1309,,,,,"RDO No. 83 -Talisay City, CebuWeb.xls",Sheet 8(060-22)
1310,,,,,"RDO No. 83 -Talisay City, CebuWeb.xls",Sheet 8(060-22)
1311,AZIENDA LOMBARDI,,AZIENDA LOMBARDI,,"RDO No. 83 -Talisay City, CebuWeb.xls",Sheet 8(060-22)
1312,FAIRVIEW VILLAGE,,FAIRVIEW VILLAGE,,"RDO No. 83 -Talisay City, CebuWeb.xls",Sheet 8(060-22)
1313,GENTLEPEACE VILLAGE,,GENTLEPEACE VILLAGE,,"RDO No. 83 -Talisay City, CebuWeb.xls",Sheet 8(060-22)
1314,OTHER SUBD/ VILLAGES,,OTHER SUBD/ VILLAGES,,"RDO No. 83 -Talisay City, CebuWeb.xls",Sheet 8(060-22)
1315,ALL OTHER STS.,,ALL OTHER STS.,,"RDO No. 83 -Talisay City, CebuWeb.xls",Sheet 8(060-22)
1316,INTERIOR AREAS,,INTERIOR AREAS,,"RDO No. 83 -Talisay City, CebuWeb.xls",Sheet 8(060-22)
1317,,,,,"RDO No. 83 -Talisay City, CebuWeb.xls",Sheet 8(060-22)
1318,,,,,"RDO No. 83 -Talisay City, CebuWeb.xls",Sheet 8(060-22)
1319,COUNTRYSIDE HOMES*,,COUNTRYSIDE HOMES*,,"RDO No. 83 -Talisay City, CebuWeb.xls",Sheet 8(060-22)
1320,MERRYWOOD TOWNHOMES*,,MERRYWOOD TOWNHOMES*,,"RDO No. 83 -Talisay City, CebuWeb.xls",Sheet 8(060-22)
1321,SLEDA-SPECIAL LOCAL ECONOMIC DEVELOPMENT AREA,,SLEDA-SPECIAL LOCAL ECONOMIC DEVELOPMENT AREA,,"RDO No. 83 -Talisay City, CebuWeb.xls",Sheet 8(060-22)
1322,*New subdivisions,,*New subdivisions,,"RDO No. 83 -Talisay City, CebuWeb.xls",Sheet 8(060-22)
1323,**Reclassified from S* to CR,,**Reclassified from S* to CR,,"RDO No. 83 -Talisay City, CebuWeb.xls",Sheet 8(060-22)
1324,,,,,"RDO No. 83 -Talisay City, CebuWeb.xls",Sheet 8(060-22)
1325,,,,,"RDO No. 83 -Talisay City, CebuWeb.xls",Sheet 8(060-22)
1326,PROVINCE                    : CEBU,,PROVINCE                    : CEBU,,"RDO No. 83 -Talisay City, CebuWeb.xls",Sheet 8(060-22)
1327,CITY/MUNICIPALITY  : TALISAY CITY,,CITY/MUNICIPALITY  : TALISAY CITY,,"RDO No. 83 -Talisay City, CebuWeb.xls",Sheet 8(060-22)
1328,ZONE/ BARANGAY     : LAWAAN-III,,ZONE/ BARANGAY     : LAWAAN-III,,"RDO No. 83 -Talisay City, CebuWeb.xls",Sheet 8(060-22)
1329,STREET NAME/                   SUBDIVISION/CONDOMINIUM,,STREET NAME/                   SUBDIVISION/CONDOMINIUM,,"RDO No. 83 -Talisay City, CebuWeb.xls",Sheet 8(060-22)
1330,NATIONAL ROAD,,NATIONAL ROAD,,"RDO No. 83 -Talisay City, CebuWeb.xls",Sheet 8(060-22)
1331,,,,,"RDO No. 83 -Talisay City, CebuWeb.xls",Sheet 8(060-22)
1332,,,,,"RDO No. 83 -Talisay City, CebuWeb.xls",Sheet 8(060-22)
1333,,,,,"RDO No. 83 -Talisay City, CebuWeb.xls",Sheet 8(060-22)
1334,BRGY RD/MUN RD,,BRGY RD/MUN RD,,"RDO No. 83 -Talisay City, CebuWeb.xls",Sheet 8(060-22)
1335,ALPHA EXECUTIVE HOMES,,ALPHA EXECUTIVE HOMES,,"RDO No. 83 -Talisay City, CebuWeb.xls",Sheet 8(060-22)
1336,ANTARA CONDOMINIUM,,ANTARA CONDOMINIUM,,"RDO No. 83 -Talisay City, CebuWeb.xls",Sheet 8(060-22)
1337,,,,,"RDO No. 83 -Talisay City, CebuWeb.xls",Sheet 8(060-22)
1338,,,,,"RDO No. 83 -Talisay City, CebuWeb.xls",Sheet 8(060-22)
1339,AZEINDA LOMBARDI,,AZEINDA LOMBARDI,,"RDO No. 83 -Talisay City, CebuWeb.xls",Sheet 8(060-22)
1340,"CAMELLA HOMES, TIERRA GRANDE SUBD.",,"CAMELLA HOMES, TIERRA GRANDE SUBD.",,"RDO No. 83 -Talisay City, CebuWeb.xls",Sheet 8(060-22)
1341,DON BOSCO SEMINARY*,,DON BOSCO SEMINARY*,,"RDO No. 83 -Talisay City, CebuWeb.xls",Sheet 8(060-22)
1342,HERMELIE HOMES,,HERMELIE HOMES,,"RDO No. 83 -Talisay City, CebuWeb.xls",Sheet 8(060-22)
1343,MANANGA RELOCATION SITE,,MANANGA RELOCATION SITE,,"RDO No. 83 -Talisay City, CebuWeb.xls",Sheet 8(060-22)
1344,PAGTAMBAYAYONG,,PAGTAMBAYAYONG,,"RDO No. 83 -Talisay City, CebuWeb.xls",Sheet 8(060-22)
1345,SAN JOSE VILLAGE,,SAN JOSE VILLAGE,,"RDO No. 83 -Talisay City, CebuWeb.xls",Sheet 8(060-22)
1346,VILLARAYA I & II,,VILLARAYA I & II,,"RDO No. 83 -Talisay City, CebuWeb.xls",Sheet 8(060-22)
1347,BLISS PROJECT,,BLISS PROJECT,,"RDO No. 83 -Talisay City, CebuWeb.xls",Sheet 8(060-22)
1348,ALONG RIVER BANK,,ALONG RIVER BANK,,"RDO No. 83 -Talisay City, CebuWeb.xls",Sheet 8(060-22)
1349,OTHER SUBD/ VILLAGES,,OTHER SUBD/ VILLAGES,,"RDO No. 83 -Talisay City, CebuWeb.xls",Sheet 8(060-22)
1350,ALL OTHER STREETS,,ALL OTHER STREETS,,"RDO No. 83 -Talisay City, CebuWeb.xls",Sheet 8(060-22)
1351,INTERIOR LOTS,,INTERIOR LOTS,,"RDO No. 83 -Talisay City, CebuWeb.xls",Sheet 8(060-22)
1352,,,,,"RDO No. 83 -Talisay City, CebuWeb.xls",Sheet 8(060-22)
1353,,,,,"RDO No. 83 -Talisay City, CebuWeb.xls",Sheet 8(060-22)
1354,,,,,"RDO No. 83 -Talisay City, CebuWeb.xls",Sheet 8(060-22)
1355,,,,,"RDO No. 83 -Talisay City, CebuWeb.xls",Sheet 8(060-22)
1356,PROVINCE                    : CEBU,,PROVINCE                    : CEBU,,"RDO No. 83 -Talisay City, CebuWeb.xls",Sheet 8(060-22)
1357,CITY/MUNICIPALITY  : TALISAY CITY,,CITY/MUNICIPALITY  : TALISAY CITY,,"RDO No. 83 -Talisay City, CebuWeb.xls",Sheet 8(060-22)
1358,ZONE/ BARANGAY     : LINAO,,ZONE/ BARANGAY     : LINAO,,"RDO No. 83 -Talisay City, CebuWeb.xls",Sheet 8(060-22)
1359,STREET NAME/                   SUBDIVISION/CONDOMINIUM,,STREET NAME/                   SUBDIVISION/CONDOMINIUM,,"RDO No. 83 -Talisay City, CebuWeb.xls",Sheet 8(060-22)
1360,NATIONAL ROAD,,NATIONAL ROAD,,"RDO No. 83 -Talisay City, CebuWeb.xls",Sheet 8(060-22)
1361,,,,,"RDO No. 83 -Talisay City, CebuWeb.xls",Sheet 8(060-22)
1362,,,,,"RDO No. 83 -Talisay City, CebuWeb.xls",Sheet 8(060-22)
1363,,,,,"RDO No. 83 -Talisay City, CebuWeb.xls",Sheet 8(060-22)
1364,,,,,"RDO No. 83 -Talisay City, CebuWeb.xls",Sheet 8(060-22)
1365,MUNICIPAL /BRGY RD,,MUNICIPAL /BRGY RD,,"RDO No. 83 -Talisay City, CebuWeb.xls",Sheet 8(060-22)
1366,LINAO-MOHON ROAD,,LINAO-MOHON ROAD,,"RDO No. 83 -Talisay City, CebuWeb.xls",Sheet 8(060-22)
1367,LINAO-MAGHAWAY RD,,LINAO-MAGHAWAY RD,,"RDO No. 83 -Talisay City, CebuWeb.xls",Sheet 8(060-22)
1368,LINAO-LAWAAN RD,,LINAO-LAWAAN RD,,"RDO No. 83 -Talisay City, CebuWeb.xls",Sheet 8(060-22)
1369,H. CAPARIDA RD,,H. CAPARIDA RD,,"RDO No. 83 -Talisay City, CebuWeb.xls",Sheet 8(060-22)
1370,ABUCEJO SUBDIVISION,,ABUCEJO SUBDIVISION,,"RDO No. 83 -Talisay City, CebuWeb.xls",Sheet 8(060-22)
1371,CAMELLA HOMES,,CAMELLA HOMES,,"RDO No. 83 -Talisay City, CebuWeb.xls",Sheet 8(060-22)
1372,THE HEIGHTS SUBD.,,THE HEIGHTS SUBD.,,"RDO No. 83 -Talisay City, CebuWeb.xls",Sheet 8(060-22)
1373,OTHER SUB/VILLAGES,,OTHER SUB/VILLAGES,,"RDO No. 83 -Talisay City, CebuWeb.xls",Sheet 8(060-22)
1374,ALL OTHER STREETS,,ALL OTHER STREETS,,"RDO No. 83 -Talisay City, CebuWeb.xls",Sheet 8(060-22)
1375,INTERIOR AREAS,,INTERIOR AREAS,,"RDO No. 83 -Talisay City, CebuWeb.xls",Sheet 8(060-22)
1376,,,,,"RDO No. 83 -Talisay City, CebuWeb.xls",Sheet 8(060-22)
1377,,,,,"RDO No. 83 -Talisay City, CebuWeb.xls",Sheet 8(060-22)
1378,CASA LUCIA*,,CASA LUCIA*,,"RDO No. 83 -Talisay City, CebuWeb.xls",Sheet 8(060-22)
1379,RAPHAEL HOMES*,,RAPHAEL HOMES*,,"RDO No. 83 -Talisay City, CebuWeb.xls",Sheet 8(060-22)
1380,RECUNDO COUNTRY HOMES*,,RECUNDO COUNTRY HOMES*,,"RDO No. 83 -Talisay City, CebuWeb.xls",Sheet 8(060-22)
1381,RICHVIEW HEIGHTS*,,RICHVIEW HEIGHTS*,,"RDO No. 83 -Talisay City, CebuWeb.xls",Sheet 8(060-22)
1382,*New subdivision,,*New subdivision,,"RDO No. 83 -Talisay City, CebuWeb.xls",Sheet 8(060-22)
1383,,,,,"RDO No. 83 -Talisay City, CebuWeb.xls",Sheet 8(060-22)
1384,,,,,"RDO No. 83 -Talisay City, CebuWeb.xls",Sheet 8(060-22)
1385,PROVINCE                    : CEBU,,PROVINCE                    : CEBU,,"RDO No. 83 -Talisay City, CebuWeb.xls",Sheet 8(060-22)
1386,CITY/MUNICIPALITY  : TALISAY CITY,,CITY/MUNICIPALITY  : TALISAY CITY,,"RDO No. 83 -Talisay City, CebuWeb.xls",Sheet 8(060-22)
1387,ZONE/ BARANGAY     : MAGHAWAY,,ZONE/ BARANGAY     : MAGHAWAY,,"RDO No. 83 -Talisay City, CebuWeb.xls",Sheet 8(060-22)
1388,STREET NAME/                   SUBDIVISION/CONDOMINIUM,,STREET NAME/                   SUBDIVISION/CONDOMINIUM,,"RDO No. 83 -Talisay City, CebuWeb.xls",Sheet 8(060-22)
1389,BRGY RD/OTHER RD,,BRGY RD/OTHER RD,,"RDO No. 83 -Talisay City, CebuWeb.xls",Sheet 8(060-22)
1390,,,,,"RDO No. 83 -Talisay City, CebuWeb.xls",Sheet 8(060-22)
1391,,,,,"RDO No. 83 -Talisay City, CebuWeb.xls",Sheet 8(060-22)
1392,,,,,"RDO No. 83 -Talisay City, CebuWeb.xls",Sheet 8(060-22)
1393,LOWER MAGHAWAY,,LOWER MAGHAWAY,,"RDO No. 83 -Talisay City, CebuWeb.xls",Sheet 8(060-22)
1394,,,,,"RDO No. 83 -Talisay City, CebuWeb.xls",Sheet 8(060-22)
1395,MAGHAWAY PROPER,,MAGHAWAY PROPER,,"RDO No. 83 -Talisay City, CebuWeb.xls",Sheet 8(060-22)
1396,,,,,"RDO No. 83 -Talisay City, CebuWeb.xls",Sheet 8(060-22)
1397,,,,,"RDO No. 83 -Talisay City, CebuWeb.xls",Sheet 8(060-22)
1398,MAGHAWAY DAKU,,MAGHAWAY DAKU,,"RDO No. 83 -Talisay City, CebuWeb.xls",Sheet 8(060-22)
1399,INTERIOR LOTS,,INTERIOR LOTS,,"RDO No. 83 -Talisay City, CebuWeb.xls",Sheet 8(060-22)
1400,,,,,"RDO No. 83 -Talisay City, CebuWeb.xls",Sheet 8(060-22)
1401,,,,,"RDO No. 83 -Talisay City, CebuWeb.xls",Sheet 8(060-22)
1402,AZIENDA GENOMA,,AZIENDA GENOMA,,"RDO No. 83 -Talisay City, CebuWeb.xls",Sheet 8(060-22)
1403,AZIENDA MILAN SUBDIVISION,,AZIENDA MILAN SUBDIVISION,,"RDO No. 83 -Talisay City, CebuWeb.xls",Sheet 8(060-22)
1404,AZIENDA VENEZIA SUBDIVISION,,AZIENDA VENEZIA SUBDIVISION,,"RDO No. 83 -Talisay City, CebuWeb.xls",Sheet 8(060-22)
1405,"CAMELLA HOMES, TIERA GRANDE SUBDIVISION",,"CAMELLA HOMES, TIERA GRANDE SUBDIVISION",,"RDO No. 83 -Talisay City, CebuWeb.xls",Sheet 8(060-22)
1406,SAN JOSE MARIA VILLAGE TALISAY,,SAN JOSE MARIA VILLAGE TALISAY,,"RDO No. 83 -Talisay City, CebuWeb.xls",Sheet 8(060-22)
1407,STA. MARIA HEIGHTS SUBDIVISION,,STA. MARIA HEIGHTS SUBDIVISION,,"RDO No. 83 -Talisay City, CebuWeb.xls",Sheet 8(060-22)
1408,OTHER SUBD/VILLAGES,,OTHER SUBD/VILLAGES,,"RDO No. 83 -Talisay City, CebuWeb.xls",Sheet 8(060-22)
1409,,,,,"RDO No. 83 -Talisay City, CebuWeb.xls",Sheet 8(060-22)
1410,,,,,"RDO No. 83 -Talisay City, CebuWeb.xls",Sheet 8(060-22)
1411,PROVINCE                    : CEBU,,PROVINCE                    : CEBU,,"RDO No. 83 -Talisay City, CebuWeb.xls",Sheet 8(060-22)
1412,CITY/MUNICIPALITY  : TALISAY CITY,,CITY/MUNICIPALITY  : TALISAY CITY,,"RDO No. 83 -Talisay City, CebuWeb.xls",Sheet 8(060-22)
1413,ZONE/ BARANGAY     : MANIPIS,,ZONE/ BARANGAY     : MANIPIS,,"RDO No. 83 -Talisay City, CebuWeb.xls",Sheet 8(060-22)
1414,STREET NAME/                   SUBDIVISION/CONDOMINIUM,,STREET NAME/                   SUBDIVISION/CONDOMINIUM,,"RDO No. 83 -Talisay City, CebuWeb.xls",Sheet 8(060-22)
1415,BARANGAY  ROAD,,BARANGAY  ROAD,,"RDO No. 83 -Talisay City, CebuWeb.xls",Sheet 8(060-22)
1416,,,,,"RDO No. 83 -Talisay City, CebuWeb.xls",Sheet 8(060-22)
1417,,,,,"RDO No. 83 -Talisay City, CebuWeb.xls",Sheet 8(060-22)
1418,PROV'L ROAD,,PROV'L ROAD,,"RDO No. 83 -Talisay City, CebuWeb.xls",Sheet 8(060-22)
1419,,,,,"RDO No. 83 -Talisay City, CebuWeb.xls",Sheet 8(060-22)
1420,,,,,"RDO No. 83 -Talisay City, CebuWeb.xls",Sheet 8(060-22)
1421,FROM CAMP 4- MANIPIS BDRY TO CORNER GOING,,FROM CAMP 4- MANIPIS BDRY TO CORNER GOING,,"RDO No. 83 -Talisay City, CebuWeb.xls",Sheet 8(060-22)
1422,"AT THE VICINITY OF CHAPEL, BRGY HALL AND BASKETBALL COURT",,"AT THE VICINITY OF CHAPEL, BRGY HALL AND BASKETBALL COURT",,"RDO No. 83 -Talisay City, CebuWeb.xls",Sheet 8(060-22)
1423,BASKETBALL COURT,,BASKETBALL COURT,,"RDO No. 83 -Talisay City, CebuWeb.xls",Sheet 8(060-22)
1424,RIVERBANK,,RIVERBANK,,"RDO No. 83 -Talisay City, CebuWeb.xls",Sheet 8(060-22)
1425,INTERIOR AREAS,,INTERIOR AREAS,,"RDO No. 83 -Talisay City, CebuWeb.xls",Sheet 8(060-22)
1426,,,,,"RDO No. 83 -Talisay City, CebuWeb.xls",Sheet 8(060-22)
1427,,,,,"RDO No. 83 -Talisay City, CebuWeb.xls",Sheet 8(060-22)
1428,,,,,"RDO No. 83 -Talisay City, CebuWeb.xls",Sheet 8(060-22)
1429,,,,,"RDO No. 83 -Talisay City, CebuWeb.xls",Sheet 8(060-22)
1430,,,,,"RDO No. 83 -Talisay City, CebuWeb.xls",Sheet 8(060-22)
1431,PROVINCE                    : CEBU,,PROVINCE                    : CEBU,,"RDO No. 83 -Talisay City, CebuWeb.xls",Sheet 8(060-22)
1432,CITY/MUNICIPALITY  : TALISAY CITY,,CITY/MUNICIPALITY  : TALISAY CITY,,"RDO No. 83 -Talisay City, CebuWeb.xls",Sheet 8(060-22)
1433,ZONE/ BARANGAY     : MOHON,,ZONE/ BARANGAY     : MOHON,,"RDO No. 83 -Talisay City, CebuWeb.xls",Sheet 8(060-22)
1434,STREET NAME/                   SUBDIVISION/CONDOMINIUM,,STREET NAME/                   SUBDIVISION/CONDOMINIUM,,"RDO No. 83 -Talisay City, CebuWeb.xls",Sheet 8(060-22)
1435,PROVINCIAL RD,,PROVINCIAL RD,,"RDO No. 83 -Talisay City, CebuWeb.xls",Sheet 8(060-22)
1436,BRGY/MUNICIAL RD,,BRGY/MUNICIAL RD,,"RDO No. 83 -Talisay City, CebuWeb.xls",Sheet 8(060-22)
1437,BELEZZA,,BELEZZA,,"RDO No. 83 -Talisay City, CebuWeb.xls",Sheet 8(060-22)
1438,M. NOEL AVE.,,M. NOEL AVE.,,"RDO No. 83 -Talisay City, CebuWeb.xls",Sheet 8(060-22)
1439,FIDEL BAS,,FIDEL BAS,,"RDO No. 83 -Talisay City, CebuWeb.xls",Sheet 8(060-22)
1440,,,,,"RDO No. 83 -Talisay City, CebuWeb.xls",Sheet 8(060-22)
1441,ALBERLYN BOX HILLS RESIDENCES SUBD,,ALBERLYN BOX HILLS RESIDENCES SUBD,,"RDO No. 83 -Talisay City, CebuWeb.xls",Sheet 8(060-22)
1442,LOVELY HOMES SUBDIVISION,,LOVELY HOMES SUBDIVISION,,"RDO No. 83 -Talisay City, CebuWeb.xls",Sheet 8(060-22)
1443,MONTEREY HOMES SUBD,,MONTEREY HOMES SUBD,,"RDO No. 83 -Talisay City, CebuWeb.xls",Sheet 8(060-22)
1444,PLEASANT HOMES,,PLEASANT HOMES,,"RDO No. 83 -Talisay City, CebuWeb.xls",Sheet 8(060-22)
1445,PUEBLO SAN RICARDO SUBD.,,PUEBLO SAN RICARDO SUBD.,,"RDO No. 83 -Talisay City, CebuWeb.xls",Sheet 8(060-22)
1446,SAN RAFAEL SUBDIVISION,,SAN RAFAEL SUBDIVISION,,"RDO No. 83 -Talisay City, CebuWeb.xls",Sheet 8(060-22)
1447,STA. MONICA SUBD.,,STA. MONICA SUBD.,,"RDO No. 83 -Talisay City, CebuWeb.xls",Sheet 8(060-22)
1448,VALLEYVIEW SUBDIVISION,,VALLEYVIEW SUBDIVISION,,"RDO No. 83 -Talisay City, CebuWeb.xls",Sheet 8(060-22)
1449,,,,,"RDO No. 83 -Talisay City, CebuWeb.xls",Sheet 8(060-22)
1450,OTHER SUBD/VILLAGES,,OTHER SUBD/VILLAGES,,"RDO No. 83 -Talisay City, CebuWeb.xls",Sheet 8(060-22)
1451,ALL OTHER STREETS,,ALL OTHER STREETS,,"RDO No. 83 -Talisay City, CebuWeb.xls",Sheet 8(060-22)
1452,INTERIOR AREAS,,INTERIOR AREAS,,"RDO No. 83 -Talisay City, CebuWeb.xls",Sheet 8(060-22)
1453,,,,,"RDO No. 83 -Talisay City, CebuWeb.xls",Sheet 8(060-22)
1454,ALONG SRP ROAD,,ALONG SRP ROAD,,"RDO No. 83 -Talisay City, CebuWeb.xls",Sheet 8(060-22)
1455,,,,,"RDO No. 83 -Talisay City, CebuWeb.xls",Sheet 8(060-22)
1456,,,,,"RDO No. 83 -Talisay City, CebuWeb.xls",Sheet 8(060-22)
1457,,,,,"RDO No. 83 -Talisay City, CebuWeb.xls",Sheet 8(060-22)
1458,FROM THE MANANGA BRIDGE,,FROM THE MANANGA BRIDGE,,"RDO No. 83 -Talisay City, CebuWeb.xls",Sheet 8(060-22)
1459,FROM CORNER GOING,,FROM CORNER GOING,,"RDO No. 83 -Talisay City, CebuWeb.xls",Sheet 8(060-22)
1460,FROM THE CORNER OF THE OLD PHIL RAILWAY GOING,,FROM THE CORNER OF THE OLD PHIL RAILWAY GOING,,"RDO No. 83 -Talisay City, CebuWeb.xls",Sheet 8(060-22)
1461,FROM THE CORNER AT SITIO LIBO GOING,,FROM THE CORNER AT SITIO LIBO GOING,,"RDO No. 83 -Talisay City, CebuWeb.xls",Sheet 8(060-22)
1462,FROM THE CORNER GOING,,FROM THE CORNER GOING,,"RDO No. 83 -Talisay City, CebuWeb.xls",Sheet 8(060-22)
1463,PROVINCIAL RD**,,PROVINCIAL RD**,,"RDO No. 83 -Talisay City, CebuWeb.xls",Sheet 8(060-22)
1464,SERENIS SOUTH***,,SERENIS SOUTH***,,"RDO No. 83 -Talisay City, CebuWeb.xls",Sheet 8(060-22)
1465,ST. LOURDES SUBDIVISION***,,ST. LOURDES SUBDIVISION***,,"RDO No. 83 -Talisay City, CebuWeb.xls",Sheet 8(060-22)
1466,VILLA PLANTANA***,,VILLA PLANTANA***,,"RDO No. 83 -Talisay City, CebuWeb.xls",Sheet 8(060-22)
1467,SLEDA-SPECIAL LOCAL ECONOMIC DEVELOPMENT AREA,,SLEDA-SPECIAL LOCAL ECONOMIC DEVELOPMENT AREA,,"RDO No. 83 -Talisay City, CebuWeb.xls",Sheet 8(060-22)
1468,*Reclassified from S* to CR,,*Reclassified from S* to CR,,"RDO No. 83 -Talisay City, CebuWeb.xls",Sheet 8(060-22)
1469,**New road,,**New road,,"RDO No. 83 -Talisay City, CebuWeb.xls",Sheet 8(060-22)
1470,***New subdivisions,,***New subdivisions,,"RDO No. 83 -Talisay City, CebuWeb.xls",Sheet 8(060-22)
1471,,,,,"RDO No. 83 -Talisay City, CebuWeb.xls",Sheet 8(060-22)
1472,,,,,"RDO No. 83 -Talisay City, CebuWeb.xls",Sheet 8(060-22)
1473,PROVINCE                    : CEBU,,PROVINCE                    : CEBU,,"RDO No. 83 -Talisay City, CebuWeb.xls",Sheet 8(060-22)
1474,CITY/MUNICIPALITY  : TALISAY CITY,,CITY/MUNICIPALITY  : TALISAY CITY,,"RDO No. 83 -Talisay City, CebuWeb.xls",Sheet 8(060-22)
1475,ZONE/ BARANGAY     : POBLACION,,ZONE/ BARANGAY     : POBLACION,,"RDO No. 83 -Talisay City, CebuWeb.xls",Sheet 8(060-22)
1476,STREET NAME/                   SUBDIVISION/CONDOMINIUM,,STREET NAME/                   SUBDIVISION/CONDOMINIUM,,"RDO No. 83 -Talisay City, CebuWeb.xls",Sheet 8(060-22)
1477,PROVINCIAL RD (RIZAL ST),,PROVINCIAL RD (RIZAL ST),,"RDO No. 83 -Talisay City, CebuWeb.xls",Sheet 8(060-22)
1478,MUNICIPAL / BRGY,,MUNICIPAL / BRGY,,"RDO No. 83 -Talisay City, CebuWeb.xls",Sheet 8(060-22)
1479,BEJON FACTORY COMPD.,,BEJON FACTORY COMPD.,,"RDO No. 83 -Talisay City, CebuWeb.xls",Sheet 8(060-22)
1480,BURGOS,,BURGOS,,"RDO No. 83 -Talisay City, CebuWeb.xls",Sheet 8(060-22)
1481,,,,,"RDO No. 83 -Talisay City, CebuWeb.xls",Sheet 8(060-22)
1482,,,,,"RDO No. 83 -Talisay City, CebuWeb.xls",Sheet 8(060-22)
1483,CABALAN,,CABALAN,,"RDO No. 83 -Talisay City, CebuWeb.xls",Sheet 8(060-22)
1484,,,,,"RDO No. 83 -Talisay City, CebuWeb.xls",Sheet 8(060-22)
1485,CARMENVILLE SUBDIVISION,,CARMENVILLE SUBDIVISION,,"RDO No. 83 -Talisay City, CebuWeb.xls",Sheet 8(060-22)
1486,FORTUNE HOMES SUBDIVISION,,FORTUNE HOMES SUBDIVISION,,"RDO No. 83 -Talisay City, CebuWeb.xls",Sheet 8(060-22)
1487,SARIVILLE SUBD.,,SARIVILLE SUBD.,,"RDO No. 83 -Talisay City, CebuWeb.xls",Sheet 8(060-22)
1488,GEN. J. LUNA,,GEN. J. LUNA,,"RDO No. 83 -Talisay City, CebuWeb.xls",Sheet 8(060-22)
1489,,,,,"RDO No. 83 -Talisay City, CebuWeb.xls",Sheet 8(060-22)
1490,J RIZAL (PROVINCIAL RD),,J RIZAL (PROVINCIAL RD),,"RDO No. 83 -Talisay City, CebuWeb.xls",Sheet 8(060-22)
1491,,,,,"RDO No. 83 -Talisay City, CebuWeb.xls",Sheet 8(060-22)
1492,,,,,"RDO No. 83 -Talisay City, CebuWeb.xls",Sheet 8(060-22)
1493,,,,,"RDO No. 83 -Talisay City, CebuWeb.xls",Sheet 8(060-22)
1494,,,,,"RDO No. 83 -Talisay City, CebuWeb.xls",Sheet 8(060-22)
1495,,,,,"RDO No. 83 -Talisay City, CebuWeb.xls",Sheet 8(060-22)
1496,LA PATRIA,,LA PATRIA,,"RDO No. 83 -Talisay City, CebuWeb.xls",Sheet 8(060-22)
1497,,,,,"RDO No. 83 -Talisay City, CebuWeb.xls",Sheet 8(060-22)
1498,LA REVOLUCION,,LA REVOLUCION,,"RDO No. 83 -Talisay City, CebuWeb.xls",Sheet 8(060-22)
1499,LOPEZ JAENA,,LOPEZ JAENA,,"RDO No. 83 -Talisay City, CebuWeb.xls",Sheet 8(060-22)
1500,P DEL ROSARIO,,P DEL ROSARIO,,"RDO No. 83 -Talisay City, CebuWeb.xls",Sheet 8(060-22)
1501,SARAVILLE,,SARAVILLE,,"RDO No. 83 -Talisay City, CebuWeb.xls",Sheet 8(060-22)
1502,SHORELINE/BOULEVARD,,SHORELINE/BOULEVARD,,"RDO No. 83 -Talisay City, CebuWeb.xls",Sheet 8(060-22)
1503,TALISAY BLVD,,TALISAY BLVD,,"RDO No. 83 -Talisay City, CebuWeb.xls",Sheet 8(060-22)
1504,,,,,"RDO No. 83 -Talisay City, CebuWeb.xls",Sheet 8(060-22)
1505,,,,,"RDO No. 83 -Talisay City, CebuWeb.xls",Sheet 8(060-22)
1506,TRES ALINOS,,TRES ALINOS,,"RDO No. 83 -Talisay City, CebuWeb.xls",Sheet 8(060-22)
1507,,,,,"RDO No. 83 -Talisay City, CebuWeb.xls",Sheet 8(060-22)
1508,,,,,"RDO No. 83 -Talisay City, CebuWeb.xls",Sheet 8(060-22)
1509,ULDOG ROAD,,ULDOG ROAD,,"RDO No. 83 -Talisay City, CebuWeb.xls",Sheet 8(060-22)
1510,V GARCES,,V GARCES,,"RDO No. 83 -Talisay City, CebuWeb.xls",Sheet 8(060-22)
1511,,,,,"RDO No. 83 -Talisay City, CebuWeb.xls",Sheet 8(060-22)
1512,,,,,"RDO No. 83 -Talisay City, CebuWeb.xls",Sheet 8(060-22)
1513,,,,,"RDO No. 83 -Talisay City, CebuWeb.xls",Sheet 8(060-22)
1514,OTHER SUB/VILLAGES,,OTHER SUB/VILLAGES,,"RDO No. 83 -Talisay City, CebuWeb.xls",Sheet 8(060-22)
1515,ALL OTHER STREETS,,ALL OTHER STREETS,,"RDO No. 83 -Talisay City, CebuWeb.xls",Sheet 8(060-22)
1516,ALONG SRP ROAD,,ALONG SRP ROAD,,"RDO No. 83 -Talisay City, CebuWeb.xls",Sheet 8(060-22)
1517,,,,,"RDO No. 83 -Talisay City, CebuWeb.xls",Sheet 8(060-22)
1518,,,,,"RDO No. 83 -Talisay City, CebuWeb.xls",Sheet 8(060-22)
1519,,,,,"RDO No. 83 -Talisay City, CebuWeb.xls",Sheet 8(060-22)
1520,PROVINCE                    : CEBU,,PROVINCE                    : CEBU,,"RDO No. 83 -Talisay City, CebuWeb.xls",Sheet 8(060-22)
1521,CITY/MUNICIPALITY  : TALISAY CITY,,CITY/MUNICIPALITY  : TALISAY CITY,,"RDO No. 83 -Talisay City, CebuWeb.xls",Sheet 8(060-22)
1522,ZONE/ BARANGAY     : POBLACION (CONTINUATION),,ZONE/ BARANGAY     : POBLACION (CONTINUATION),,"RDO No. 83 -Talisay City, CebuWeb.xls",Sheet 8(060-22)
1523,STREET NAME/                   SUBDIVISION/CONDOMINIUM,,STREET NAME/                   SUBDIVISION/CONDOMINIUM,,"RDO No. 83 -Talisay City, CebuWeb.xls",Sheet 8(060-22)
1524,INTERIOR AREAS,,INTERIOR AREAS,,"RDO No. 83 -Talisay City, CebuWeb.xls",Sheet 8(060-22)
1525,,,,,"RDO No. 83 -Talisay City, CebuWeb.xls",Sheet 8(060-22)
1526,,,,,"RDO No. 83 -Talisay City, CebuWeb.xls",Sheet 8(060-22)
1527,,,,,"RDO No. 83 -Talisay City, CebuWeb.xls",Sheet 8(060-22)
1528,,,,,"RDO No. 83 -Talisay City, CebuWeb.xls",Sheet 8(060-22)
1529,,,,,"RDO No. 83 -Talisay City, CebuWeb.xls",Sheet 8(060-22)
1530,FR COR P. DEL ROSARIO & P. BURGOS STS. TO,,FR COR P. DEL ROSARIO & P. BURGOS STS. TO,,"RDO No. 83 -Talisay City, CebuWeb.xls",Sheet 8(060-22)
1531,FR COR P. DEL ROSARIO & LA PATRIA STS. TO,,FR COR P. DEL ROSARIO & LA PATRIA STS. TO,,"RDO No. 83 -Talisay City, CebuWeb.xls",Sheet 8(060-22)
1532,FR COR P. DEL ROSARIO & LA REVOLUCION STS. TO,,FR COR P. DEL ROSARIO & LA REVOLUCION STS. TO,,"RDO No. 83 -Talisay City, CebuWeb.xls",Sheet 8(060-22)
1533,FR TALISAY CENTRAL SCHOOL TO,,FR TALISAY CENTRAL SCHOOL TO,,"RDO No. 83 -Talisay City, CebuWeb.xls",Sheet 8(060-22)
1534,FR COR P. DEL ROSARIO & LOPEZ JAENA ST. TO,,FR COR P. DEL ROSARIO & LOPEZ JAENA ST. TO,,"RDO No. 83 -Talisay City, CebuWeb.xls",Sheet 8(060-22)
1535,FR COR P. DEL ROSARIO & P. BURGOS STS. TO,,FR COR P. DEL ROSARIO & P. BURGOS STS. TO,,"RDO No. 83 -Talisay City, CebuWeb.xls",Sheet 8(060-22)
1536,GENERAL LUNA STS.,,GENERAL LUNA STS.,,"RDO No. 83 -Talisay City, CebuWeb.xls",Sheet 8(060-22)
1537,WASHINGTON STS. TO,,WASHINGTON STS. TO,,"RDO No. 83 -Talisay City, CebuWeb.xls",Sheet 8(060-22)
1538,SLEDA-SPECIAL LOCAL ECONOMIC DEVELOPMENT AREA,,SLEDA-SPECIAL LOCAL ECONOMIC DEVELOPMENT AREA,,"RDO No. 83 -Talisay City, CebuWeb.xls",Sheet 8(060-22)
1539,*Reclassified from S* to CR,,*Reclassified from S* to CR,,"RDO No. 83 -Talisay City, CebuWeb.xls",Sheet 8(060-22)
1540,,,,,"RDO No. 83 -Talisay City, CebuWeb.xls",Sheet 8(060-22)
1541,,,,,"RDO No. 83 -Talisay City, CebuWeb.xls",Sheet 8(060-22)
1542,PROVINCE                    : CEBU,,PROVINCE                    : CEBU,,"RDO No. 83 -Talisay City, CebuWeb.xls",Sheet 8(060-22)
1543,CITY/MUNICIPALITY  : TALISAY CITY,,CITY/MUNICIPALITY  : TALISAY CITY,,"RDO No. 83 -Talisay City, CebuWeb.xls",Sheet 8(060-22)
1544,ZONE/ BARANGAY     : POOC,,ZONE/ BARANGAY     : POOC,,"RDO No. 83 -Talisay City, CebuWeb.xls",Sheet 8(060-22)
1545,STREET NAME/                   SUBDIVISION/CONDOMINIUM,,STREET NAME/                   SUBDIVISION/CONDOMINIUM,,"RDO No. 83 -Talisay City, CebuWeb.xls",Sheet 8(060-22)
1546,PROVINCIAL RD/ CITY ROAD,,PROVINCIAL RD/ CITY ROAD,,"RDO No. 83 -Talisay City, CebuWeb.xls",Sheet 8(060-22)
1547,MUNICIPAL RD/BRGY RD,,MUNICIPAL RD/BRGY RD,,"RDO No. 83 -Talisay City, CebuWeb.xls",Sheet 8(060-22)
1548,,,,,"RDO No. 83 -Talisay City, CebuWeb.xls",Sheet 8(060-22)
1549,,,,,"RDO No. 83 -Talisay City, CebuWeb.xls",Sheet 8(060-22)
1550,,,,,"RDO No. 83 -Talisay City, CebuWeb.xls",Sheet 8(060-22)
1551,SHORELINE,,SHORELINE,,"RDO No. 83 -Talisay City, CebuWeb.xls",Sheet 8(060-22)
1552,,,,,"RDO No. 83 -Talisay City, CebuWeb.xls",Sheet 8(060-22)
1553,OTHER SUBD/VILLAGES,,OTHER SUBD/VILLAGES,,"RDO No. 83 -Talisay City, CebuWeb.xls",Sheet 8(060-22)
1554,ALL OTHER STREETS,,ALL OTHER STREETS,,"RDO No. 83 -Talisay City, CebuWeb.xls",Sheet 8(060-22)
1555,INTERIOR LOTS,,INTERIOR LOTS,,"RDO No. 83 -Talisay City, CebuWeb.xls",Sheet 8(060-22)
1556,,,,,"RDO No. 83 -Talisay City, CebuWeb.xls",Sheet 8(060-22)
1557,,,,,"RDO No. 83 -Talisay City, CebuWeb.xls",Sheet 8(060-22)
1558,FROM THE CORNER OF THE OLD PHIL RAILWAY GOING,,FROM THE CORNER OF THE OLD PHIL RAILWAY GOING,,"RDO No. 83 -Talisay City, CebuWeb.xls",Sheet 8(060-22)
1559,FROM THE CORNER OF THE OLD PHIL RAILWAY GOING,,FROM THE CORNER OF THE OLD PHIL RAILWAY GOING,,"RDO No. 83 -Talisay City, CebuWeb.xls",Sheet 8(060-22)
1560,FR THE CORNER GOING TO BRGY BIASONG AT SITIO RANGER,,FR THE CORNER GOING TO BRGY BIASONG AT SITIO RANGER,,"RDO No. 83 -Talisay City, CebuWeb.xls",Sheet 8(060-22)
1561,FROM THE CORNER PASSING,,FROM THE CORNER PASSING,,"RDO No. 83 -Talisay City, CebuWeb.xls",Sheet 8(060-22)
1562,CORONA DEL MAR SUBDIVISION,,CORONA DEL MAR SUBDIVISION,,"RDO No. 83 -Talisay City, CebuWeb.xls",Sheet 8(060-22)
1563,LA ESCALA AT CORONA DEL MAR,,LA ESCALA AT CORONA DEL MAR,,"RDO No. 83 -Talisay City, CebuWeb.xls",Sheet 8(060-22)
1564,PUERTO DEL SOL,,PUERTO DEL SOL,,"RDO No. 83 -Talisay City, CebuWeb.xls",Sheet 8(060-22)
1565,RAPHAEL HOMES,,RAPHAEL HOMES,,"RDO No. 83 -Talisay City, CebuWeb.xls",Sheet 8(060-22)
1566,ROSEVILLE SUBDIVISION,,ROSEVILLE SUBDIVISION,,"RDO No. 83 -Talisay City, CebuWeb.xls",Sheet 8(060-22)
1567,SEABREEZE RESIDENCES,,SEABREEZE RESIDENCES,,"RDO No. 83 -Talisay City, CebuWeb.xls",Sheet 8(060-22)
1568,VILLA SOLANA,,VILLA SOLANA,,"RDO No. 83 -Talisay City, CebuWeb.xls",Sheet 8(060-22)
1569,WOODWAY TOWNHOMES SUBD.,,WOODWAY TOWNHOMES SUBD.,,"RDO No. 83 -Talisay City, CebuWeb.xls",Sheet 8(060-22)
1570,THE ROSEPIKE RESIDENCES*,,THE ROSEPIKE RESIDENCES*,,"RDO No. 83 -Talisay City, CebuWeb.xls",Sheet 8(060-22)
1571,,,,,"RDO No. 83 -Talisay City, CebuWeb.xls",Sheet 8(060-22)
1572,* New subdivision,,* New subdivision,,"RDO No. 83 -Talisay City, CebuWeb.xls",Sheet 8(060-22)
1573,,,,,"RDO No. 83 -Talisay City, CebuWeb.xls",Sheet 8(060-22)
1574,,,,,"RDO No. 83 -Talisay City, CebuWeb.xls",Sheet 8(060-22)
1575,PROVINCE                    : CEBU,,PROVINCE                    : CEBU,,"RDO No. 83 -Talisay City, CebuWeb.xls",Sheet 8(060-22)
1576,CITY/MUNICIPALITY  : TALISAY CITY,,CITY/MUNICIPALITY  : TALISAY CITY,,"RDO No. 83 -Talisay City, CebuWeb.xls",Sheet 8(060-22)
1577,ZONE/ BARANGAY     : SAN ISIDRO,,ZONE/ BARANGAY     : SAN ISIDRO,,"RDO No. 83 -Talisay City, CebuWeb.xls",Sheet 8(060-22)
1578,STREET NAME/                   SUBDIVISION/CONDOMINIUM,,STREET NAME/                   SUBDIVISION/CONDOMINIUM,,"RDO No. 83 -Talisay City, CebuWeb.xls",Sheet 8(060-22)
1579,PROVINCIAL RD,,PROVINCIAL RD,,"RDO No. 83 -Talisay City, CebuWeb.xls",Sheet 8(060-22)
1580,BARANGAY RD,,BARANGAY RD,,"RDO No. 83 -Talisay City, CebuWeb.xls",Sheet 8(060-22)
1581,ARTVILLE,,ARTVILLE,,"RDO No. 83 -Talisay City, CebuWeb.xls",Sheet 8(060-22)
1582,CABUSAS CPD,,CABUSAS CPD,,"RDO No. 83 -Talisay City, CebuWeb.xls",Sheet 8(060-22)
1583,CANTONVILLE SUBDIVISION,,CANTONVILLE SUBDIVISION,,"RDO No. 83 -Talisay City, CebuWeb.xls",Sheet 8(060-22)
1584,CASAL'S SUBDIVISION,,CASAL'S SUBDIVISION,,"RDO No. 83 -Talisay City, CebuWeb.xls",Sheet 8(060-22)
1585,CORAZON VILLAGE I & 2,,CORAZON VILLAGE I & 2,2.0,"RDO No. 83 -Talisay City, CebuWeb.xls",Sheet 8(060-22)
1586,,,,,"RDO No. 83 -Talisay City, CebuWeb.xls",Sheet 8(060-22)
1587,DAKAY SUBDIVISON,,DAKAY SUBDIVISON,,"RDO No. 83 -Talisay City, CebuWeb.xls",Sheet 8(060-22)
1588,GLENDALE SUBD.,,GLENDALE SUBD.,,"RDO No. 83 -Talisay City, CebuWeb.xls",Sheet 8(060-22)
1589,GREENVILLE SUBDIVISION,,GREENVILLE SUBDIVISION,,"RDO No. 83 -Talisay City, CebuWeb.xls",Sheet 8(060-22)
1590,ISLA VERDE,,ISLA VERDE,,"RDO No. 83 -Talisay City, CebuWeb.xls",Sheet 8(060-22)
1591,MIAME HOMES,,MIAME HOMES,,"RDO No. 83 -Talisay City, CebuWeb.xls",Sheet 8(060-22)
1592,PANGPANG/ MAHAYAG,,PANGPANG/ MAHAYAG,,"RDO No. 83 -Talisay City, CebuWeb.xls",Sheet 8(060-22)
1593,PEACEVILLE SUBDIVISION,,PEACEVILLE SUBDIVISION,,"RDO No. 83 -Talisay City, CebuWeb.xls",Sheet 8(060-22)
1594,RAMONA VILLAGE,,RAMONA VILLAGE,,"RDO No. 83 -Talisay City, CebuWeb.xls",Sheet 8(060-22)
1595,SACRED HEART VILLAGE,,SACRED HEART VILLAGE,,"RDO No. 83 -Talisay City, CebuWeb.xls",Sheet 8(060-22)
1596,SAN ISIDRO VILLAGE,,SAN ISIDRO VILLAGE,,"RDO No. 83 -Talisay City, CebuWeb.xls",Sheet 8(060-22)
1597,STO.NIÑO VILLAGE,,STO.NIÑO VILLAGE,,"RDO No. 83 -Talisay City, CebuWeb.xls",Sheet 8(060-22)
1598,TIAGO COMPOUND,,TIAGO COMPOUND,,"RDO No. 83 -Talisay City, CebuWeb.xls",Sheet 8(060-22)
1599,TREASUREVILLE,,TREASUREVILLE,,"RDO No. 83 -Talisay City, CebuWeb.xls",Sheet 8(060-22)
1600,VERGARA SUBDIVION,,VERGARA SUBDIVION,,"RDO No. 83 -Talisay City, CebuWeb.xls",Sheet 8(060-22)
1601,OTHER SUBD/ VILLAGES,,OTHER SUBD/ VILLAGES,,"RDO No. 83 -Talisay City, CebuWeb.xls",Sheet 8(060-22)
1602,ALONG SRP ROAD,,ALONG SRP ROAD,,"RDO No. 83 -Talisay City, CebuWeb.xls",Sheet 8(060-22)
1603,,,,,"RDO No. 83 -Talisay City, CebuWeb.xls",Sheet 8(060-22)
1604,,,,,"RDO No. 83 -Talisay City, CebuWeb.xls",Sheet 8(060-22)
1605,,,,,"RDO No. 83 -Talisay City, CebuWeb.xls",Sheet 8(060-22)
1606,TABULASAN ROAD,,TABULASAN ROAD,,"RDO No. 83 -Talisay City, CebuWeb.xls",Sheet 8(060-22)
1607,TIAGO ROAD,,TIAGO ROAD,,"RDO No. 83 -Talisay City, CebuWeb.xls",Sheet 8(060-22)
1608,ALL OTHER STREETS,,ALL OTHER STREETS,,"RDO No. 83 -Talisay City, CebuWeb.xls",Sheet 8(060-22)
1609,INTERIOR LOTS,,INTERIOR LOTS,,"RDO No. 83 -Talisay City, CebuWeb.xls",Sheet 8(060-22)
1610,,,,,"RDO No. 83 -Talisay City, CebuWeb.xls",Sheet 8(060-22)
1611,,,,,"RDO No. 83 -Talisay City, CebuWeb.xls",Sheet 8(060-22)
1612,LINES TOWN HOMES**,,LINES TOWN HOMES**,,"RDO No. 83 -Talisay City, CebuWeb.xls",Sheet 8(060-22)
1613,STA. THERESA VILLAGE II**,,STA. THERESA VILLAGE II**,,"RDO No. 83 -Talisay City, CebuWeb.xls",Sheet 8(060-22)
1614,VILLA LUCITA**,,VILLA LUCITA**,,"RDO No. 83 -Talisay City, CebuWeb.xls",Sheet 8(060-22)
1615,SLEDA- SPECIAL LOCAL ECONOMIC DEVELOPMENT AREA,,SLEDA- SPECIAL LOCAL ECONOMIC DEVELOPMENT AREA,,"RDO No. 83 -Talisay City, CebuWeb.xls",Sheet 8(060-22)
1616,*Reclassied from S* to CR,,*Reclassied from S* to CR,,"RDO No. 83 -Talisay City, CebuWeb.xls",Sheet 8(060-22)
1617,,,,,"RDO No. 83 -Talisay City, CebuWeb.xls",Sheet 8(060-22)
1618,,,,,"RDO No. 83 -Talisay City, CebuWeb.xls",Sheet 8(060-22)
1619,PROVINCE                    : CEBU,,PROVINCE                    : CEBU,,"RDO No. 83 -Talisay City, CebuWeb.xls",Sheet 8(060-22)
1620,CITY/MUNICIPALITY  : TALISAY CITY,,CITY/MUNICIPALITY  : TALISAY CITY,,"RDO No. 83 -Talisay City, CebuWeb.xls",Sheet 8(060-22)
1621,ZONE/ BARANGAY     : SAN ROQUE,,ZONE/ BARANGAY     : SAN ROQUE,,"RDO No. 83 -Talisay City, CebuWeb.xls",Sheet 8(060-22)
1622,STREET NAME/                   SUBDIVISION/CONDOMINIUM,,STREET NAME/                   SUBDIVISION/CONDOMINIUM,,"RDO No. 83 -Talisay City, CebuWeb.xls",Sheet 8(060-22)
1623,PROVINCIAL RD,,PROVINCIAL RD,,"RDO No. 83 -Talisay City, CebuWeb.xls",Sheet 8(060-22)
1624,SAN ROQUE- TABUNOK PROV'L ROAD,,SAN ROQUE- TABUNOK PROV'L ROAD,,"RDO No. 83 -Talisay City, CebuWeb.xls",Sheet 8(060-22)
1625,MUNICIPAL/ BARANGAY,,MUNICIPAL/ BARANGAY,,"RDO No. 83 -Talisay City, CebuWeb.xls",Sheet 8(060-22)
1626,BELLEZA,,BELLEZA,,"RDO No. 83 -Talisay City, CebuWeb.xls",Sheet 8(060-22)
1627,BONANZA SUBDIVISION,,BONANZA SUBDIVISION,,"RDO No. 83 -Talisay City, CebuWeb.xls",Sheet 8(060-22)
1628,COASTAL VIEW SUBDIVISION,,COASTAL VIEW SUBDIVISION,,"RDO No. 83 -Talisay City, CebuWeb.xls",Sheet 8(060-22)
1629,,,,,"RDO No. 83 -Talisay City, CebuWeb.xls",Sheet 8(060-22)
1630,,,,,"RDO No. 83 -Talisay City, CebuWeb.xls",Sheet 8(060-22)
1631,,,,,"RDO No. 83 -Talisay City, CebuWeb.xls",Sheet 8(060-22)
1632,88 BROOKSIDE SUBD.,,88 BROOKSIDE SUBD.,88.0,"RDO No. 83 -Talisay City, CebuWeb.xls",Sheet 8(060-22)
1633,FATIMA VILLAGE,,FATIMA VILLAGE,,"RDO No. 83 -Talisay City, CebuWeb.xls",Sheet 8(060-22)
1634,GREENFIELD SUBDIVISION,,GREENFIELD SUBDIVISION,,"RDO No. 83 -Talisay City, CebuWeb.xls",Sheet 8(060-22)
1635,GREEN MEADOWS SUBDIVISION,,GREEN MEADOWS SUBDIVISION,,"RDO No. 83 -Talisay City, CebuWeb.xls",Sheet 8(060-22)
1636,JAMESTOWN SUBDIVISION,,JAMESTOWN SUBDIVISION,,"RDO No. 83 -Talisay City, CebuWeb.xls",Sheet 8(060-22)
1637,RAMONA VILLAGE,,RAMONA VILLAGE,,"RDO No. 83 -Talisay City, CebuWeb.xls",Sheet 8(060-22)
1638,TIERRA DEL SOL,,TIERRA DEL SOL,,"RDO No. 83 -Talisay City, CebuWeb.xls",Sheet 8(060-22)
1639,,,,,"RDO No. 83 -Talisay City, CebuWeb.xls",Sheet 8(060-22)
1640,UGHAI 1 & 2 SUBD.,,UGHAI 1 & 2 SUBD.,12.0,"RDO No. 83 -Talisay City, CebuWeb.xls",Sheet 8(060-22)
1641,,,,,"RDO No. 83 -Talisay City, CebuWeb.xls",Sheet 8(060-22)
1642,VIP SUBD.,,VIP SUBD.,,"RDO No. 83 -Talisay City, CebuWeb.xls",Sheet 8(060-22)
1643,WILLIAMSVILLE SUBDIVISION,,WILLIAMSVILLE SUBDIVISION,,"RDO No. 83 -Talisay City, CebuWeb.xls",Sheet 8(060-22)
1644,OTHER SUB/D VILLAGES,,OTHER SUB/D VILLAGES,,"RDO No. 83 -Talisay City, CebuWeb.xls",Sheet 8(060-22)
1645,ALL OTHER STREETS,,ALL OTHER STREETS,,"RDO No. 83 -Talisay City, CebuWeb.xls",Sheet 8(060-22)
1646,,,,,"RDO No. 83 -Talisay City, CebuWeb.xls",Sheet 8(060-22)
1647,,,,,"RDO No. 83 -Talisay City, CebuWeb.xls",Sheet 8(060-22)
1648,FR THE CORNER DAWIS CROSSING,,FR THE CORNER DAWIS CROSSING,,"RDO No. 83 -Talisay City, CebuWeb.xls",Sheet 8(060-22)
1649,ALONG SRP ROAD,,ALONG SRP ROAD,,"RDO No. 83 -Talisay City, CebuWeb.xls",Sheet 8(060-22)
1650,,,,,"RDO No. 83 -Talisay City, CebuWeb.xls",Sheet 8(060-22)
1651,,,,,"RDO No. 83 -Talisay City, CebuWeb.xls",Sheet 8(060-22)
1652,,,,,"RDO No. 83 -Talisay City, CebuWeb.xls",Sheet 8(060-22)
1653,,,,,"RDO No. 83 -Talisay City, CebuWeb.xls",Sheet 8(060-22)
1654,FROM CORNER SAN ROQUE ELEMENTARY SCHOOL,,FROM CORNER SAN ROQUE ELEMENTARY SCHOOL,,"RDO No. 83 -Talisay City, CebuWeb.xls",Sheet 8(060-22)
1655,ALBERLYN BOX HILL WEST RESIDENCES*,,ALBERLYN BOX HILL WEST RESIDENCES*,,"RDO No. 83 -Talisay City, CebuWeb.xls",Sheet 8(060-22)
1656,ASTERRA TOWNHOMES*,,ASTERRA TOWNHOMES*,,"RDO No. 83 -Talisay City, CebuWeb.xls",Sheet 8(060-22)
1657,SLEDA- SPECIAL LOCAL ECONOMIC DEVELOPMENT AREA,,SLEDA- SPECIAL LOCAL ECONOMIC DEVELOPMENT AREA,,"RDO No. 83 -Talisay City, CebuWeb.xls",Sheet 8(060-22)
1658,*New subdivision,,*New subdivision,,"RDO No. 83 -Talisay City, CebuWeb.xls",Sheet 8(060-22)
1659,**Reclassified from S* to CR,,**Reclassified from S* to CR,,"RDO No. 83 -Talisay City, CebuWeb.xls",Sheet 8(060-22)
1660,,,,,"RDO No. 83 -Talisay City, CebuWeb.xls",Sheet 8(060-22)
1661,,,,,"RDO No. 83 -Talisay City, CebuWeb.xls",Sheet 8(060-22)
1662,PROVINCE                    : CEBU,,PROVINCE                    : CEBU,,"RDO No. 83 -Talisay City, CebuWeb.xls",Sheet 8(060-22)
1663,CITY/MUNICIPALITY  : TALISAY CITY,,CITY/MUNICIPALITY  : TALISAY CITY,,"RDO No. 83 -Talisay City, CebuWeb.xls",Sheet 8(060-22)
1664,ZONE/ BARANGAY     : TABUNOK,,ZONE/ BARANGAY     : TABUNOK,,"RDO No. 83 -Talisay City, CebuWeb.xls",Sheet 8(060-22)
1665,STREET NAME/                   SUBDIVISION/CONDOMINIUM,,STREET NAME/                   SUBDIVISION/CONDOMINIUM,,"RDO No. 83 -Talisay City, CebuWeb.xls",Sheet 8(060-22)
1666,NATIONAL ROAD,,NATIONAL ROAD,,"RDO No. 83 -Talisay City, CebuWeb.xls",Sheet 8(060-22)
1667,,,,,"RDO No. 83 -Talisay City, CebuWeb.xls",Sheet 8(060-22)
1668,,,,,"RDO No. 83 -Talisay City, CebuWeb.xls",Sheet 8(060-22)
1669,BRGY RD/ HOLLOW BLOCK,,BRGY RD/ HOLLOW BLOCK,,"RDO No. 83 -Talisay City, CebuWeb.xls",Sheet 8(060-22)
1670,INTERIOR AREAS,,INTERIOR AREAS,,"RDO No. 83 -Talisay City, CebuWeb.xls",Sheet 8(060-22)
1671,,,,,"RDO No. 83 -Talisay City, CebuWeb.xls",Sheet 8(060-22)
1672,,,,,"RDO No. 83 -Talisay City, CebuWeb.xls",Sheet 8(060-22)
1673,CABUSAS CMPD,,CABUSAS CMPD,,"RDO No. 83 -Talisay City, CebuWeb.xls",Sheet 8(060-22)
1674,MUNICIPAL/BRGY RD,,MUNICIPAL/BRGY RD,,"RDO No. 83 -Talisay City, CebuWeb.xls",Sheet 8(060-22)
1675,,,,,"RDO No. 83 -Talisay City, CebuWeb.xls",Sheet 8(060-22)
1676,MOLAVE,,MOLAVE,,"RDO No. 83 -Talisay City, CebuWeb.xls",Sheet 8(060-22)
1677,NATL HIGHWAY***,,NATL HIGHWAY***,,"RDO No. 83 -Talisay City, CebuWeb.xls",Sheet 8(060-22)
1678,PROVINCIAL ROAD,,PROVINCIAL ROAD,,"RDO No. 83 -Talisay City, CebuWeb.xls",Sheet 8(060-22)
1679,BOUND FOR TOLEDO CITY,,BOUND FOR TOLEDO CITY,,"RDO No. 83 -Talisay City, CebuWeb.xls",Sheet 8(060-22)
1680,,,,,"RDO No. 83 -Talisay City, CebuWeb.xls",Sheet 8(060-22)
1681,,,,,"RDO No. 83 -Talisay City, CebuWeb.xls",Sheet 8(060-22)
1682,,,,,"RDO No. 83 -Talisay City, CebuWeb.xls",Sheet 8(060-22)
1683,INTERIOR AREAS,,INTERIOR AREAS,,"RDO No. 83 -Talisay City, CebuWeb.xls",Sheet 8(060-22)
1684,,,,,"RDO No. 83 -Talisay City, CebuWeb.xls",Sheet 8(060-22)
1685,,,,,"RDO No. 83 -Talisay City, CebuWeb.xls",Sheet 8(060-22)
1686,,,,,"RDO No. 83 -Talisay City, CebuWeb.xls",Sheet 8(060-22)
1687,INTERIOR LOTS,,INTERIOR LOTS,,"RDO No. 83 -Talisay City, CebuWeb.xls",Sheet 8(060-22)
1688,,,,,"RDO No. 83 -Talisay City, CebuWeb.xls",Sheet 8(060-22)
1689,PUBLIC MARKET SITE,,PUBLIC MARKET SITE,,"RDO No. 83 -Talisay City, CebuWeb.xls",Sheet 8(060-22)
1690,,,,,"RDO No. 83 -Talisay City, CebuWeb.xls",Sheet 8(060-22)
1691,ST. SCHOLASTICAS ACDMY,,ST. SCHOLASTICAS ACDMY,,"RDO No. 83 -Talisay City, CebuWeb.xls",Sheet 8(060-22)
1692,TALISAY SPORTS COMPLEX,,TALISAY SPORTS COMPLEX,,"RDO No. 83 -Talisay City, CebuWeb.xls",Sheet 8(060-22)
1693,,,,,"RDO No. 83 -Talisay City, CebuWeb.xls",Sheet 8(060-22)
1694,FRIENDLY HOMES SUBD,,FRIENDLY HOMES SUBD,,"RDO No. 83 -Talisay City, CebuWeb.xls",Sheet 8(060-22)
1695,HAPPY HOMES SUBD.,,HAPPY HOMES SUBD.,,"RDO No. 83 -Talisay City, CebuWeb.xls",Sheet 8(060-22)
1696,HAPPY VALLEY,,HAPPY VALLEY,,"RDO No. 83 -Talisay City, CebuWeb.xls",Sheet 8(060-22)
1697,HARMONIS RESIDENCES,,HARMONIS RESIDENCES,,"RDO No. 83 -Talisay City, CebuWeb.xls",Sheet 8(060-22)
1698,HOLLOWBLOCK SUBDIVISION,,HOLLOWBLOCK SUBDIVISION,,"RDO No. 83 -Talisay City, CebuWeb.xls",Sheet 8(060-22)
1699,MONTE CARLO SUBD.,,MONTE CARLO SUBD.,,"RDO No. 83 -Talisay City, CebuWeb.xls",Sheet 8(060-22)
1700,NONOC HOMES,,NONOC HOMES,,"RDO No. 83 -Talisay City, CebuWeb.xls",Sheet 8(060-22)
1701,NUNEZ COMPOUND,,NUNEZ COMPOUND,,"RDO No. 83 -Talisay City, CebuWeb.xls",Sheet 8(060-22)
1702,(PLAINVIEW SUBD) PALMVIEW SUBD,,(PLAINVIEW SUBD) PALMVIEW SUBD,,"RDO No. 83 -Talisay City, CebuWeb.xls",Sheet 8(060-22)
1703,PLAINVILLE SUBDIVISION,,PLAINVILLE SUBDIVISION,,"RDO No. 83 -Talisay City, CebuWeb.xls",Sheet 8(060-22)
1704,RAMONA VILLAGE*,,RAMONA VILLAGE*,,"RDO No. 83 -Talisay City, CebuWeb.xls",Sheet 8(060-22)
1705,ROSITA LOPEZ SUBDIVISION,,ROSITA LOPEZ SUBDIVISION,,"RDO No. 83 -Talisay City, CebuWeb.xls",Sheet 8(060-22)
1706,,,,,"RDO No. 83 -Talisay City, CebuWeb.xls",Sheet 8(060-22)
1707,PROVINCE                    : CEBU,,PROVINCE                    : CEBU,,"RDO No. 83 -Talisay City, CebuWeb.xls",Sheet 8(060-22)
1708,CITY/MUNICIPALITY  : TALISAY CITY,,CITY/MUNICIPALITY  : TALISAY CITY,,"RDO No. 83 -Talisay City, CebuWeb.xls",Sheet 8(060-22)
1709,ZONE/ BARANGAY     : TABUNOK(CONTINUATION),,ZONE/ BARANGAY     : TABUNOK(CONTINUATION),,"RDO No. 83 -Talisay City, CebuWeb.xls",Sheet 8(060-22)
1710,STREET NAME/                   SUBDIVISION/CONDOMINIUM,,STREET NAME/                   SUBDIVISION/CONDOMINIUM,,"RDO No. 83 -Talisay City, CebuWeb.xls",Sheet 8(060-22)
1711,TALI PLAINS SUBD.,,TALI PLAINS SUBD.,,"RDO No. 83 -Talisay City, CebuWeb.xls",Sheet 8(060-22)
1712,VICTORIA VILLAGE,,VICTORIA VILLAGE,,"RDO No. 83 -Talisay City, CebuWeb.xls",Sheet 8(060-22)
1713,OTHER SUBD/VILLAGES,,OTHER SUBD/VILLAGES,,"RDO No. 83 -Talisay City, CebuWeb.xls",Sheet 8(060-22)
1714,SANGI ROAD,,SANGI ROAD,,"RDO No. 83 -Talisay City, CebuWeb.xls",Sheet 8(060-22)
1715,,,,,"RDO No. 83 -Talisay City, CebuWeb.xls",Sheet 8(060-22)
1716,,,,,"RDO No. 83 -Talisay City, CebuWeb.xls",Sheet 8(060-22)
1717,,,,,"RDO No. 83 -Talisay City, CebuWeb.xls",Sheet 8(060-22)
1718,OTHER ROADS/PRIVATE ROADS,,OTHER ROADS/PRIVATE ROADS,,"RDO No. 83 -Talisay City, CebuWeb.xls",Sheet 8(060-22)
1719,OTHER BRGY RD.,,OTHER BRGY RD.,,"RDO No. 83 -Talisay City, CebuWeb.xls",Sheet 8(060-22)
1720,ELKWOOD HOMES**,,ELKWOOD HOMES**,,"RDO No. 83 -Talisay City, CebuWeb.xls",Sheet 8(060-22)
1721,*VICINITIES REDEFINED AS PART OF SANGI INTERSECTION RD**,,*VICINITIES REDEFINED AS PART OF SANGI INTERSECTION RD**,,"RDO No. 83 -Talisay City, CebuWeb.xls",Sheet 8(060-22)
1722,**New subdivision,,**New subdivision,,"RDO No. 83 -Talisay City, CebuWeb.xls",Sheet 8(060-22)
1723,***DEFINED AS NAT'L ROAD,,***DEFINED AS NAT'L ROAD,,"RDO No. 83 -Talisay City, CebuWeb.xls",Sheet 8(060-22)
1724,,,,,"RDO No. 83 -Talisay City, CebuWeb.xls",Sheet 8(060-22)
1725,PROVINCE                     : CEBU,,PROVINCE                     : CEBU,,"RDO No. 83 -Talisay City, CebuWeb.xls",Sheet 8(060-22)
1726,CITY/MUNICIPALITY  : TALISAY CITY,,CITY/MUNICIPALITY  : TALISAY CITY,,"RDO No. 83 -Talisay City, CebuWeb.xls",Sheet 8(060-22)
1727,ZONE/ BARANGAY     : TANGKE,,ZONE/ BARANGAY     : TANGKE,,"RDO No. 83 -Talisay City, CebuWeb.xls",Sheet 8(060-22)
1728,STREET NAME/                   SUBDIVISION/CONDOMINIUM,,STREET NAME/                   SUBDIVISION/CONDOMINIUM,,"RDO No. 83 -Talisay City, CebuWeb.xls",Sheet 8(060-22)
1729,PROVINCIAL RD,,PROVINCIAL RD,,"RDO No. 83 -Talisay City, CebuWeb.xls",Sheet 8(060-22)
1730,,,,,"RDO No. 83 -Talisay City, CebuWeb.xls",Sheet 8(060-22)
1731,,,,,"RDO No. 83 -Talisay City, CebuWeb.xls",Sheet 8(060-22)
1732,MUNICIPAL RD/BRGY RD,,MUNICIPAL RD/BRGY RD,,"RDO No. 83 -Talisay City, CebuWeb.xls",Sheet 8(060-22)
1733,ALL SUBD/VILLAGES,,ALL SUBD/VILLAGES,,"RDO No. 83 -Talisay City, CebuWeb.xls",Sheet 8(060-22)
1734,SHORELINE,,SHORELINE,,"RDO No. 83 -Talisay City, CebuWeb.xls",Sheet 8(060-22)
1735,,,,,"RDO No. 83 -Talisay City, CebuWeb.xls",Sheet 8(060-22)
1736,ALL OTHER ROADS,,ALL OTHER ROADS,,"RDO No. 83 -Talisay City, CebuWeb.xls",Sheet 8(060-22)
1737,INTERIOR LOTS,,INTERIOR LOTS,,"RDO No. 83 -Talisay City, CebuWeb.xls",Sheet 8(060-22)
1738,,,,,"RDO No. 83 -Talisay City, CebuWeb.xls",Sheet 8(060-22)
1739,,,,,"RDO No. 83 -Talisay City, CebuWeb.xls",Sheet 8(060-22)
1740,FROM PUBLIC CEMETERY GOING,,FROM PUBLIC CEMETERY GOING,,"RDO No. 83 -Talisay City, CebuWeb.xls",Sheet 8(060-22)
1741,SITIO GALAXY,,SITIO GALAXY,,"RDO No. 83 -Talisay City, CebuWeb.xls",Sheet 8(060-22)
1742,ALMOND DRIVE*,,ALMOND DRIVE*,,"RDO No. 83 -Talisay City, CebuWeb.xls",Sheet 8(060-22)
1743,*New condominium,,*New condominium,,"RDO No. 83 -Talisay City, CebuWeb.xls",Sheet 8(060-22)
1744,,,,,"RDO No. 83 -Talisay City, CebuWeb.xls",Sheet 8(060-22)
1745,PROVINCE                    : CEBU,,PROVINCE                    : CEBU,,"RDO No. 83 -Talisay City, CebuWeb.xls",Sheet 8(060-22)
1746,CITY/MUNICIPALITY  : TALISAY CITY,,CITY/MUNICIPALITY  : TALISAY CITY,,"RDO No. 83 -Talisay City, CebuWeb.xls",Sheet 8(060-22)
1747,ZONE/ BARANGAY     : TAPUL,,ZONE/ BARANGAY     : TAPUL,,"RDO No. 83 -Talisay City, CebuWeb.xls",Sheet 8(060-22)
1748,STREET NAME/                   SUBDIVISION/CONDOMINIUM,,STREET NAME/                   SUBDIVISION/CONDOMINIUM,,"RDO No. 83 -Talisay City, CebuWeb.xls",Sheet 8(060-22)
1749,BARANGAY RD,,BARANGAY RD,,"RDO No. 83 -Talisay City, CebuWeb.xls",Sheet 8(060-22)
1750,,,,,"RDO No. 83 -Talisay City, CebuWeb.xls",Sheet 8(060-22)
1751,,,,,"RDO No. 83 -Talisay City, CebuWeb.xls",Sheet 8(060-22)
1752,,,,,"RDO No. 83 -Talisay City, CebuWeb.xls",Sheet 8(060-22)
1753,,,,,"RDO No. 83 -Talisay City, CebuWeb.xls",Sheet 8(060-22)
1754,,,,,"RDO No. 83 -Talisay City, CebuWeb.xls",Sheet 8(060-22)
1755,INTERIOR AREAS,,INTERIOR AREAS,,"RDO No. 83 -Talisay City, CebuWeb.xls",Sheet 8(060-22)
1756,,,,,"RDO No. 83 -Talisay City, CebuWeb.xls",Sheet 8(060-22)
1757,,,,,"RDO No. 83 -Talisay City, CebuWeb.xls",Sheet 8(060-22)
1758,,,,,"RDO No. 83 -Talisay City, CebuWeb.xls",Sheet 8(060-22)
1759,,,,,"RDO No. 83 -Talisay City, CebuWeb.xls",Sheet 8(060-22)
1760,"REVENUE REGION No. 13, CEBU CITY",,"REVENUE REGION No. 13, CEBU CITY",0.13,"RDO No. 83 -Talisay City, CebuWeb.xls",Sheet 8(060-22)
1761,"REVENUE DISTRICT OFFICE Office No. 83, TALISAY CITY",,"REVENUE DISTRICT OFFICE Office No. 83, TALISAY CITY",0.83,"RDO No. 83 -Talisay City, CebuWeb.xls",Sheet 8(060-22)
1762,,,,,"RDO No. 83 -Talisay City, CebuWeb.xls",Sheet 8(060-22)
1763,PROVINCE                    : CEBU,,PROVINCE                    : CEBU,,"RDO No. 83 -Talisay City, CebuWeb.xls",Sheet 8(060-22)
1764,CITY/MUNICIPALITY  : TOLEDO CITY,,CITY/MUNICIPALITY  : TOLEDO CITY,,"RDO No. 83 -Talisay City, CebuWeb.xls",Sheet 8(060-22)
1765,ZONE/ BARANGAY     : CITY PROPER (POBLACION),,ZONE/ BARANGAY     : CITY PROPER (POBLACION),,"RDO No. 83 -Talisay City, CebuWeb.xls",Sheet 8(060-22)
1766,STREET NAME/                   SUBDIVISION/CONDOMINIUM,,STREET NAME/                   SUBDIVISION/CONDOMINIUM,,"RDO No. 83 -Talisay City, CebuWeb.xls",Sheet 8(060-22)
1767,AFC ACCESS ROAD  *,,AFC ACCESS ROAD  *,,"RDO No. 83 -Talisay City, CebuWeb.xls",Sheet 8(060-22)
1768,B.B.CAVADA SR. ST. (HOSPITAL ST),,B.B.CAVADA SR. ST. (HOSPITAL ST),,"RDO No. 83 -Talisay City, CebuWeb.xls",Sheet 8(060-22)
1769,,,,,"RDO No. 83 -Talisay City, CebuWeb.xls",Sheet 8(060-22)
1770,ALONG HOSPITAL ST.***,,ALONG HOSPITAL ST.***,,"RDO No. 83 -Talisay City, CebuWeb.xls",Sheet 8(060-22)
1771,ALONG S. OSMENA SR. ST.*****,,ALONG S. OSMENA SR. ST.*****,,"RDO No. 83 -Talisay City, CebuWeb.xls",Sheet 8(060-22)
1772,,,,,"RDO No. 83 -Talisay City, CebuWeb.xls",Sheet 8(060-22)
1773,ALPAR SUBDIVISION (Unknown Road),,ALPAR SUBDIVISION (Unknown Road),,"RDO No. 83 -Talisay City, CebuWeb.xls",Sheet 8(060-22)
1774,,,,,"RDO No. 83 -Talisay City, CebuWeb.xls",Sheet 8(060-22)
1775,CLIMACO ST,,CLIMACO ST,,"RDO No. 83 -Talisay City, CebuWeb.xls",Sheet 8(060-22)
1776,,,,,"RDO No. 83 -Talisay City, CebuWeb.xls",Sheet 8(060-22)
1777,CLIMACO ST. EXT.    22*,,CLIMACO ST. EXT.    22*,,"RDO No. 83 -Talisay City, CebuWeb.xls",Sheet 8(060-22)
1778,F. TROCIO ST,,F. TROCIO ST,,"RDO No. 83 -Talisay City, CebuWeb.xls",Sheet 8(060-22)
1779,,,,,"RDO No. 83 -Talisay City, CebuWeb.xls",Sheet 8(060-22)
1780,,,,,"RDO No. 83 -Talisay City, CebuWeb.xls",Sheet 8(060-22)
1781,HINULAWAN ST,,HINULAWAN ST,,"RDO No. 83 -Talisay City, CebuWeb.xls",Sheet 8(060-22)
1782,,,,,"RDO No. 83 -Talisay City, CebuWeb.xls",Sheet 8(060-22)
1783,LIBRE ST,,LIBRE ST,,"RDO No. 83 -Talisay City, CebuWeb.xls",Sheet 8(060-22)
1784,,,,,"RDO No. 83 -Talisay City, CebuWeb.xls",Sheet 8(060-22)
1785,,,,,"RDO No. 83 -Talisay City, CebuWeb.xls",Sheet 8(060-22)
1786,M. A. BARBA ST. *,,M. A. BARBA ST. *,,"RDO No. 83 -Talisay City, CebuWeb.xls",Sheet 8(060-22)
1787,,,,,"RDO No. 83 -Talisay City, CebuWeb.xls",Sheet 8(060-22)
1788,MAGSAYSAY ST.,,MAGSAYSAY ST.,,"RDO No. 83 -Talisay City, CebuWeb.xls",Sheet 8(060-22)
1789,,,,,"RDO No. 83 -Talisay City, CebuWeb.xls",Sheet 8(060-22)
1790,MERCADO ST.,,MERCADO ST.,,"RDO No. 83 -Talisay City, CebuWeb.xls",Sheet 8(060-22)
1791,PRES. D. MACAPAGAL HI-WAY,,PRES. D. MACAPAGAL HI-WAY,,"RDO No. 83 -Talisay City, CebuWeb.xls",Sheet 8(060-22)
1792,,,,,"RDO No. 83 -Talisay City, CebuWeb.xls",Sheet 8(060-22)
1793,,,,,"RDO No. 83 -Talisay City, CebuWeb.xls",Sheet 8(060-22)
1794,,,,,"RDO No. 83 -Talisay City, CebuWeb.xls",Sheet 8(060-22)
1795,,,,,"RDO No. 83 -Talisay City, CebuWeb.xls",Sheet 8(060-22)
1796,,,,,"RDO No. 83 -Talisay City, CebuWeb.xls",Sheet 8(060-22)
1797,,,,,"RDO No. 83 -Talisay City, CebuWeb.xls",Sheet 8(060-22)
1798,,,,,"RDO No. 83 -Talisay City, CebuWeb.xls",Sheet 8(060-22)
1799,R. G. ESPINOSA ST.,,R. G. ESPINOSA ST.,,"RDO No. 83 -Talisay City, CebuWeb.xls",Sheet 8(060-22)
1800,,,,,"RDO No. 83 -Talisay City, CebuWeb.xls",Sheet 8(060-22)
1801,,,,,"RDO No. 83 -Talisay City, CebuWeb.xls",Sheet 8(060-22)
1802,,,,,"RDO No. 83 -Talisay City, CebuWeb.xls",Sheet 8(060-22)
1803,RAFOLS ST.,,RAFOLS ST.,,"RDO No. 83 -Talisay City, CebuWeb.xls",Sheet 8(060-22)
1804,,,,,"RDO No. 83 -Talisay City, CebuWeb.xls",Sheet 8(060-22)
1805,RAFOLS ST. EXT.,,RAFOLS ST. EXT.,,"RDO No. 83 -Talisay City, CebuWeb.xls",Sheet 8(060-22)
1806,,,,,"RDO No. 83 -Talisay City, CebuWeb.xls",Sheet 8(060-22)
1807,RODRIGUEZ ST,,RODRIGUEZ ST,,"RDO No. 83 -Talisay City, CebuWeb.xls",Sheet 8(060-22)
1808,,,,,"RDO No. 83 -Talisay City, CebuWeb.xls",Sheet 8(060-22)
1809,S. OSMENA SR. ST.,,S. OSMENA SR. ST.,,"RDO No. 83 -Talisay City, CebuWeb.xls",Sheet 8(060-22)
1810,,,,,"RDO No. 83 -Talisay City, CebuWeb.xls",Sheet 8(060-22)
1811,,,,,"RDO No. 83 -Talisay City, CebuWeb.xls",Sheet 8(060-22)
1812,,,,,"RDO No. 83 -Talisay City, CebuWeb.xls",Sheet 8(060-22)
1813,,,,,"RDO No. 83 -Talisay City, CebuWeb.xls",Sheet 8(060-22)
1814,,,,,"RDO No. 83 -Talisay City, CebuWeb.xls",Sheet 8(060-22)
1815,ST. JOHN OF SAHAGUN DRIVE  10*,,ST. JOHN OF SAHAGUN DRIVE  10*,0.1,"RDO No. 83 -Talisay City, CebuWeb.xls",Sheet 8(060-22)
1816,,,,,"RDO No. 83 -Talisay City, CebuWeb.xls",Sheet 8(060-22)
1817,PROVINCE                    : CEBU,,PROVINCE                    : CEBU,,"RDO No. 83 -Talisay City, CebuWeb.xls",Sheet 8(060-22)
1818,CITY/MUNICIPALITY  : TOLEDO CITY,,CITY/MUNICIPALITY  : TOLEDO CITY,,"RDO No. 83 -Talisay City, CebuWeb.xls",Sheet 8(060-22)
1819,ZONE/ BARANGAY     : CITY PROPER (POBLACION)(CONTINUATION),,ZONE/ BARANGAY     : CITY PROPER (POBLACION)(CONTINUATION),,"RDO No. 83 -Talisay City, CebuWeb.xls",Sheet 8(060-22)
1820,STREET NAME/                   SUBDIVISION/CONDOMINIUM,,STREET NAME/                   SUBDIVISION/CONDOMINIUM,,"RDO No. 83 -Talisay City, CebuWeb.xls",Sheet 8(060-22)
1821,TUBOD-LANDAHAN ROAD,,TUBOD-LANDAHAN ROAD,,"RDO No. 83 -Talisay City, CebuWeb.xls",Sheet 8(060-22)
1822,UNKNOWN ROAD,,UNKNOWN ROAD,,"RDO No. 83 -Talisay City, CebuWeb.xls",Sheet 8(060-22)
1823,,,,,"RDO No. 83 -Talisay City, CebuWeb.xls",Sheet 8(060-22)
1824,VICENTE P. PENALOSA ST,,VICENTE P. PENALOSA ST,,"RDO No. 83 -Talisay City, CebuWeb.xls",Sheet 8(060-22)
1825,ZAMORA ST.,,ZAMORA ST.,,"RDO No. 83 -Talisay City, CebuWeb.xls",Sheet 8(060-22)
1826,Note:   A.    Alphabetically rearranged streets,,Note:   A.    Alphabetically rearranged streets,,"RDO No. 83 -Talisay City, CebuWeb.xls",Sheet 8(060-22)
1827,B.       *     AFC Access Road reclass to F. Trocio St,,B.       *     AFC Access Road reclass to F. Trocio St,,"RDO No. 83 -Talisay City, CebuWeb.xls",Sheet 8(060-22)
1828,**    S. Osmena Sr. St. formerly Poloyapoy St,,**    S. Osmena Sr. St. formerly Poloyapoy St,,"RDO No. 83 -Talisay City, CebuWeb.xls",Sheet 8(060-22)
1829,***    Inexistent  Public Market is not along Hospital St.,,***    Inexistent  Public Market is not along Hospital St.,,"RDO No. 83 -Talisay City, CebuWeb.xls",Sheet 8(060-22)
1830,****   Pres. D. Macapagal Hi-way formerly Katipuanana St,,****   Pres. D. Macapagal Hi-way formerly Katipuanana St,,"RDO No. 83 -Talisay City, CebuWeb.xls",Sheet 8(060-22)
1831,*****  Along S. Osmena Sr. St. reclass under S. Osmena Sr St,,*****  Along S. Osmena Sr. St. reclass under S. Osmena Sr St,,"RDO No. 83 -Talisay City, CebuWeb.xls",Sheet 8(060-22)
1832,6*    Fronting Libre St. changed to vicinity of Libre St. & same as Macapagal Hi-way - Osmena St.,,6*    Fronting Libre St. changed to vicinity of Libre St. & same as Macapagal Hi-way - Osmena St.,,"RDO No. 83 -Talisay City, CebuWeb.xls",Sheet 8(060-22)
1833,7*    Renamed Tubod Landahan Road to Magsaysay Junction,,7*    Renamed Tubod Landahan Road to Magsaysay Junction,7.0,"RDO No. 83 -Talisay City, CebuWeb.xls",Sheet 8(060-22)
1834,8*    M.A. Barba St. formerly Penalosa St.,,8*    M.A. Barba St. formerly Penalosa St.,,"RDO No. 83 -Talisay City, CebuWeb.xls",Sheet 8(060-22)
1835,9*    Corrected location,,9*    Corrected location,9.0,"RDO No. 83 -Talisay City, CebuWeb.xls",Sheet 8(060-22)
1836,10*    St. John St. of Sahagun Drive formerly Sinakit St.,,10*    St. John St. of Sahagun Drive formerly Sinakit St.,,"RDO No. 83 -Talisay City, CebuWeb.xls",Sheet 8(060-22)
1837,11*    St.Peter St. renamed to F. Poloyapoy St,,11*    St.Peter St. renamed to F. Poloyapoy St,,"RDO No. 83 -Talisay City, CebuWeb.xls",Sheet 8(060-22)
1838,12*     Corrected location,,12*     Corrected location,12.0,"RDO No. 83 -Talisay City, CebuWeb.xls",Sheet 8(060-22)
1839,13*    vicinity extended to R. G. Espinosa,,13*    vicinity extended to R. G. Espinosa,,"RDO No. 83 -Talisay City, CebuWeb.xls",Sheet 8(060-22)
1840,14*    new vicinity (not included in previous revision),,14*    new vicinity (not included in previous revision),14.0,"RDO No. 83 -Talisay City, CebuWeb.xls",Sheet 8(060-22)
1841,15*    Corrected vicinity,,15*    Corrected vicinity,15.0,"RDO No. 83 -Talisay City, CebuWeb.xls",Sheet 8(060-22)
1842,16*    Corrected vicinity,,16*    Corrected vicinity,16.0,"RDO No. 83 -Talisay City, CebuWeb.xls",Sheet 8(060-22)
1843,,,,,"RDO No. 83 -Talisay City, CebuWeb.xls",Sheet 8(060-22)
1844,,,,,"RDO No. 83 -Talisay City, CebuWeb.xls",Sheet 8(060-22)
1845,PROVINCE                    : CEBU,,PROVINCE                    : CEBU,,"RDO No. 83 -Talisay City, CebuWeb.xls",Sheet 8(060-22)
1846,CITY/MUNICIPALITY  : TOLEDO CITY,,CITY/MUNICIPALITY  : TOLEDO CITY,,"RDO No. 83 -Talisay City, CebuWeb.xls",Sheet 8(060-22)
1847,ZONE/ BARANGAY     : AWIHAO,,ZONE/ BARANGAY     : AWIHAO,,"RDO No. 83 -Talisay City, CebuWeb.xls",Sheet 8(060-22)
1848,STREET NAME/                   SUBDIVISION/CONDOMINIUM,,STREET NAME/                   SUBDIVISION/CONDOMINIUM,,"RDO No. 83 -Talisay City, CebuWeb.xls",Sheet 8(060-22)
1849,ALL LOTS FRONTING,,ALL LOTS FRONTING,,"RDO No. 83 -Talisay City, CebuWeb.xls",Sheet 8(060-22)
1850,,,,,"RDO No. 83 -Talisay City, CebuWeb.xls",Sheet 8(060-22)
1851,REST OF AWIHAO,,REST OF AWIHAO,,"RDO No. 83 -Talisay City, CebuWeb.xls",Sheet 8(060-22)
1852,,,,,"RDO No. 83 -Talisay City, CebuWeb.xls",Sheet 8(060-22)
1853,,,,,"RDO No. 83 -Talisay City, CebuWeb.xls",Sheet 8(060-22)
1854,* New classification of lot,,* New classification of lot,,"RDO No. 83 -Talisay City, CebuWeb.xls",Sheet 8(060-22)
1855,,,,,"RDO No. 83 -Talisay City, CebuWeb.xls",Sheet 8(060-22)
1856,,,,,"RDO No. 83 -Talisay City, CebuWeb.xls",Sheet 8(060-22)
1857,PROVINCE                    : CEBU,,PROVINCE                    : CEBU,,"RDO No. 83 -Talisay City, CebuWeb.xls",Sheet 8(060-22)
1858,CITY/MUNICIPALITY  : TOLEDO CITY,,CITY/MUNICIPALITY  : TOLEDO CITY,,"RDO No. 83 -Talisay City, CebuWeb.xls",Sheet 8(060-22)
1859,ZONE/ BARANGAY     : BAGACAY,,ZONE/ BARANGAY     : BAGACAY,,"RDO No. 83 -Talisay City, CebuWeb.xls",Sheet 8(060-22)
1860,STREET NAME/                   SUBDIVISION/CONDOMINIUM,,STREET NAME/                   SUBDIVISION/CONDOMINIUM,,"RDO No. 83 -Talisay City, CebuWeb.xls",Sheet 8(060-22)
1861,ALL LOTS,,ALL LOTS,,"RDO No. 83 -Talisay City, CebuWeb.xls",Sheet 8(060-22)
1862,,,,,"RDO No. 83 -Talisay City, CebuWeb.xls",Sheet 8(060-22)
1863,,,,,"RDO No. 83 -Talisay City, CebuWeb.xls",Sheet 8(060-22)
1864,,,,,"RDO No. 83 -Talisay City, CebuWeb.xls",Sheet 8(060-22)
1865,"Note: *Previously All Low areas would mean Coco Land, hence A4",,"Note: *Previously All Low areas would mean Coco Land, hence A4",4.0,"RDO No. 83 -Talisay City, CebuWeb.xls",Sheet 8(060-22)
1866,,,,,"RDO No. 83 -Talisay City, CebuWeb.xls",Sheet 8(060-22)
1867,,,,,"RDO No. 83 -Talisay City, CebuWeb.xls",Sheet 8(060-22)
1868,PROVINCE                    : CEBU,,PROVINCE                    : CEBU,,"RDO No. 83 -Talisay City, CebuWeb.xls",Sheet 8(060-22)
1869,CITY/MUNICIPALITY  : TOLEDO CITY,,CITY/MUNICIPALITY  : TOLEDO CITY,,"RDO No. 83 -Talisay City, CebuWeb.xls",Sheet 8(060-22)
1870,ZONE/ BARANGAY     : BATO,,ZONE/ BARANGAY     : BATO,,"RDO No. 83 -Talisay City, CebuWeb.xls",Sheet 8(060-22)
1871,STREET NAME/                   SUBDIVISION/CONDOMINIUM,,STREET NAME/                   SUBDIVISION/CONDOMINIUM,,"RDO No. 83 -Talisay City, CebuWeb.xls",Sheet 8(060-22)
1872,NATIONAL ROAD,,NATIONAL ROAD,,"RDO No. 83 -Talisay City, CebuWeb.xls",Sheet 8(060-22)
1873,,,,,"RDO No. 83 -Talisay City, CebuWeb.xls",Sheet 8(060-22)
1874,,,,,"RDO No. 83 -Talisay City, CebuWeb.xls",Sheet 8(060-22)
1875,,,,,"RDO No. 83 -Talisay City, CebuWeb.xls",Sheet 8(060-22)
1876,BARANGAY ROAD,,BARANGAY ROAD,,"RDO No. 83 -Talisay City, CebuWeb.xls",Sheet 8(060-22)
1877,,,,,"RDO No. 83 -Talisay City, CebuWeb.xls",Sheet 8(060-22)
1878,One Aura Residences**,,One Aura Residences**,,"RDO No. 83 -Talisay City, CebuWeb.xls",Sheet 8(060-22)
1879,INTERIOR LOTS,,INTERIOR LOTS,,"RDO No. 83 -Talisay City, CebuWeb.xls",Sheet 8(060-22)
1880,,,,,"RDO No. 83 -Talisay City, CebuWeb.xls",Sheet 8(060-22)
1881,,,,,"RDO No. 83 -Talisay City, CebuWeb.xls",Sheet 8(060-22)
1882,"Note: * Previously All plain areas would mean Coco Land, hence A4",,"Note: * Previously All plain areas would mean Coco Land, hence A4",4.0,"RDO No. 83 -Talisay City, CebuWeb.xls",Sheet 8(060-22)
1883,**New subdivision,,**New subdivision,,"RDO No. 83 -Talisay City, CebuWeb.xls",Sheet 8(060-22)
1884,,,,,"RDO No. 83 -Talisay City, CebuWeb.xls",Sheet 8(060-22)
1885,,,,,"RDO No. 83 -Talisay City, CebuWeb.xls",Sheet 8(060-22)
1886,PROVINCE                    : CEBU,,PROVINCE                    : CEBU,,"RDO No. 83 -Talisay City, CebuWeb.xls",Sheet 8(060-22)
1887,CITY/MUNICIPALITY  : TOLEDO CITY,,CITY/MUNICIPALITY  : TOLEDO CITY,,"RDO No. 83 -Talisay City, CebuWeb.xls",Sheet 8(060-22)
1888,ZONE/ BARANGAY     : BIGA,,ZONE/ BARANGAY     : BIGA,,"RDO No. 83 -Talisay City, CebuWeb.xls",Sheet 8(060-22)
1889,STREET NAME/                   SUBDIVISION/CONDOMINIUM,,STREET NAME/                   SUBDIVISION/CONDOMINIUM,,"RDO No. 83 -Talisay City, CebuWeb.xls",Sheet 8(060-22)
1890,ALL LOTS,,ALL LOTS,,"RDO No. 83 -Talisay City, CebuWeb.xls",Sheet 8(060-22)
1891,,,,,"RDO No. 83 -Talisay City, CebuWeb.xls",Sheet 8(060-22)
1892,,,,,"RDO No. 83 -Talisay City, CebuWeb.xls",Sheet 8(060-22)
1893,,,,,"RDO No. 83 -Talisay City, CebuWeb.xls",Sheet 8(060-22)
1894,,,,,"RDO No. 83 -Talisay City, CebuWeb.xls",Sheet 8(060-22)
1895,"Note:  Previously ""A1"" for hilly lands",,"Note:  Previously ""A1"" for hilly lands",1.0,"RDO No. 83 -Talisay City, CebuWeb.xls",Sheet 8(060-22)
1896,,,,,"RDO No. 83 -Talisay City, CebuWeb.xls",Sheet 8(060-22)
1897,,,,,"RDO No. 83 -Talisay City, CebuWeb.xls",Sheet 8(060-22)
1898,PROVINCE                    : CEBU,,PROVINCE                    : CEBU,,"RDO No. 83 -Talisay City, CebuWeb.xls",Sheet 8(060-22)
1899,CITY/MUNICIPALITY  : TOLEDO CITY,,CITY/MUNICIPALITY  : TOLEDO CITY,,"RDO No. 83 -Talisay City, CebuWeb.xls",Sheet 8(060-22)
1900,ZONE/ BARANGAY     : BULONGAN,,ZONE/ BARANGAY     : BULONGAN,,"RDO No. 83 -Talisay City, CebuWeb.xls",Sheet 8(060-22)
1901,STREET NAME/                   SUBDIVISION/CONDOMINIUM,,STREET NAME/                   SUBDIVISION/CONDOMINIUM,,"RDO No. 83 -Talisay City, CebuWeb.xls",Sheet 8(060-22)
1902,ALL LOTS,,ALL LOTS,,"RDO No. 83 -Talisay City, CebuWeb.xls",Sheet 8(060-22)
1903,,,,,"RDO No. 83 -Talisay City, CebuWeb.xls",Sheet 8(060-22)
1904,,,,,"RDO No. 83 -Talisay City, CebuWeb.xls",Sheet 8(060-22)
1905,,,,,"RDO No. 83 -Talisay City, CebuWeb.xls",Sheet 8(060-22)
1906,Note:   * 50 Meters is omitted and renamed,,Note:   * 50 Meters is omitted and renamed,50.0,"RDO No. 83 -Talisay City, CebuWeb.xls",Sheet 8(060-22)
1907,"**Previously"" A"" would mean Other Agricultural Lands, hence A50 and higher value is for Cocoland, hence A4",,"**Previously"" A"" would mean Other Agricultural Lands, hence A50 and higher value is for Cocoland, hence A4",504.0,"RDO No. 83 -Talisay City, CebuWeb.xls",Sheet 8(060-22)
1908,,,,,"RDO No. 83 -Talisay City, CebuWeb.xls",Sheet 8(060-22)
1909,,,,,"RDO No. 83 -Talisay City, CebuWeb.xls",Sheet 8(060-22)
1910,PROVINCE                    : CEBU,,PROVINCE                    : CEBU,,"RDO No. 83 -Talisay City, CebuWeb.xls",Sheet 8(060-22)
1911,CITY/MUNICIPALITY  : TOLEDO CITY,,CITY/MUNICIPALITY  : TOLEDO CITY,,"RDO No. 83 -Talisay City, CebuWeb.xls",Sheet 8(060-22)
1912,ZONE/ BARANGAY     : BUNGA,,ZONE/ BARANGAY     : BUNGA,,"RDO No. 83 -Talisay City, CebuWeb.xls",Sheet 8(060-22)
1913,STREET NAME/                   SUBDIVISION/CONDOMINIUM,,STREET NAME/                   SUBDIVISION/CONDOMINIUM,,"RDO No. 83 -Talisay City, CebuWeb.xls",Sheet 8(060-22)
1914,FEEDER ROAD*,,FEEDER ROAD*,,"RDO No. 83 -Talisay City, CebuWeb.xls",Sheet 8(060-22)
1915,,,,,"RDO No. 83 -Talisay City, CebuWeb.xls",Sheet 8(060-22)
1916,ALL OTHER LOTS,,ALL OTHER LOTS,,"RDO No. 83 -Talisay City, CebuWeb.xls",Sheet 8(060-22)
1917,,,,,"RDO No. 83 -Talisay City, CebuWeb.xls",Sheet 8(060-22)
1918,Note:   *  50 Meters inward was omitted and vicinity was redefined DAS to Interior Bunga,,Note:   *  50 Meters inward was omitted and vicinity was redefined DAS to Interior Bunga,50.0,"RDO No. 83 -Talisay City, CebuWeb.xls",Sheet 8(060-22)
1919,"** Previously All plain areas would mean Coco Land, hence A4",,"** Previously All plain areas would mean Coco Land, hence A4",4.0,"RDO No. 83 -Talisay City, CebuWeb.xls",Sheet 8(060-22)
1920,,,,,"RDO No. 83 -Talisay City, CebuWeb.xls",Sheet 8(060-22)
1921,,,,,"RDO No. 83 -Talisay City, CebuWeb.xls",Sheet 8(060-22)
1922,PROVINCE                    : CEBU,,PROVINCE                    : CEBU,,"RDO No. 83 -Talisay City, CebuWeb.xls",Sheet 8(060-22)
1923,CITY/MUNICIPALITY  : TOLEDO CITY,,CITY/MUNICIPALITY  : TOLEDO CITY,,"RDO No. 83 -Talisay City, CebuWeb.xls",Sheet 8(060-22)
1924,ZONE/ BARANGAY     : CABITO-ONAN,,ZONE/ BARANGAY     : CABITO-ONAN,,"RDO No. 83 -Talisay City, CebuWeb.xls",Sheet 8(060-22)
1925,STREET NAME/                   SUBDIVISION/CONDOMINIUM,,STREET NAME/                   SUBDIVISION/CONDOMINIUM,,"RDO No. 83 -Talisay City, CebuWeb.xls",Sheet 8(060-22)
1926,NATIONAL ROAD,,NATIONAL ROAD,,"RDO No. 83 -Talisay City, CebuWeb.xls",Sheet 8(060-22)
1927,,,,,"RDO No. 83 -Talisay City, CebuWeb.xls",Sheet 8(060-22)
1928,,,,,"RDO No. 83 -Talisay City, CebuWeb.xls",Sheet 8(060-22)
1929,,,,,"RDO No. 83 -Talisay City, CebuWeb.xls",Sheet 8(060-22)
1930,ALONG FEEDER ROAD,,ALONG FEEDER ROAD,,"RDO No. 83 -Talisay City, CebuWeb.xls",Sheet 8(060-22)
1931,,,,,"RDO No. 83 -Talisay City, CebuWeb.xls",Sheet 8(060-22)
1932,,,,,"RDO No. 83 -Talisay City, CebuWeb.xls",Sheet 8(060-22)
1933,"Note: * Previously All plain areas would mean Coco Land, hence A4",,"Note: * Previously All plain areas would mean Coco Land, hence A4",4.0,"RDO No. 83 -Talisay City, CebuWeb.xls",Sheet 8(060-22)
1934,**New classification of lot (No Ind'l. lot in previous revision),,**New classification of lot (No Ind'l. lot in previous revision),,"RDO No. 83 -Talisay City, CebuWeb.xls",Sheet 8(060-22)
1935,,,,,"RDO No. 83 -Talisay City, CebuWeb.xls",Sheet 8(060-22)
1936,,,,,"RDO No. 83 -Talisay City, CebuWeb.xls",Sheet 8(060-22)
1937,PROVINCE                    : CEBU,,PROVINCE                    : CEBU,,"RDO No. 83 -Talisay City, CebuWeb.xls",Sheet 8(060-22)
1938,CITY/MUNICIPALITY  : TOLEDO CITY,,CITY/MUNICIPALITY  : TOLEDO CITY,,"RDO No. 83 -Talisay City, CebuWeb.xls",Sheet 8(060-22)
1939,ZONE/ BARANGAY     : CALONGCALONG,,ZONE/ BARANGAY     : CALONGCALONG,,"RDO No. 83 -Talisay City, CebuWeb.xls",Sheet 8(060-22)
1940,STREET NAME/                   SUBDIVISION/CONDOMINIUM,,STREET NAME/                   SUBDIVISION/CONDOMINIUM,,"RDO No. 83 -Talisay City, CebuWeb.xls",Sheet 8(060-22)
1941,NATIONAL ROAD,,NATIONAL ROAD,,"RDO No. 83 -Talisay City, CebuWeb.xls",Sheet 8(060-22)
1942,,,,,"RDO No. 83 -Talisay City, CebuWeb.xls",Sheet 8(060-22)
1943,,,,,"RDO No. 83 -Talisay City, CebuWeb.xls",Sheet 8(060-22)
1944,ALL OTHER STREETS,,ALL OTHER STREETS,,"RDO No. 83 -Talisay City, CebuWeb.xls",Sheet 8(060-22)
1945,,,,,"RDO No. 83 -Talisay City, CebuWeb.xls",Sheet 8(060-22)
1946,,,,,"RDO No. 83 -Talisay City, CebuWeb.xls",Sheet 8(060-22)
1947,"Note: *Previously All low areas would mean Coco Land, hence A4",,"Note: *Previously All low areas would mean Coco Land, hence A4",4.0,"RDO No. 83 -Talisay City, CebuWeb.xls",Sheet 8(060-22)
1948,,,,,"RDO No. 83 -Talisay City, CebuWeb.xls",Sheet 8(060-22)
1949,,,,,"RDO No. 83 -Talisay City, CebuWeb.xls",Sheet 8(060-22)
1950,PROVINCE                    : CEBU,,PROVINCE                    : CEBU,,"RDO No. 83 -Talisay City, CebuWeb.xls",Sheet 8(060-22)
1951,CITY/MUNICIPALITY  : TOLEDO CITY,,CITY/MUNICIPALITY  : TOLEDO CITY,,"RDO No. 83 -Talisay City, CebuWeb.xls",Sheet 8(060-22)
1952,ZONE/ BARANGAY     : CANTABACO,,ZONE/ BARANGAY     : CANTABACO,,"RDO No. 83 -Talisay City, CebuWeb.xls",Sheet 8(060-22)
1953,STREET NAME/                   SUBDIVISION/CONDOMINIUM,,STREET NAME/                   SUBDIVISION/CONDOMINIUM,,"RDO No. 83 -Talisay City, CebuWeb.xls",Sheet 8(060-22)
1954,NATIONAL ROAD,,NATIONAL ROAD,,"RDO No. 83 -Talisay City, CebuWeb.xls",Sheet 8(060-22)
1955,,,,,"RDO No. 83 -Talisay City, CebuWeb.xls",Sheet 8(060-22)
1956,ALL OTHER STREETS,,ALL OTHER STREETS,,"RDO No. 83 -Talisay City, CebuWeb.xls",Sheet 8(060-22)
1957,,,,,"RDO No. 83 -Talisay City, CebuWeb.xls",Sheet 8(060-22)
1958,,,,,"RDO No. 83 -Talisay City, CebuWeb.xls",Sheet 8(060-22)
1959,"Note: All Plain Areas would mean other coco land, hence A4",,"Note: All Plain Areas would mean other coco land, hence A4",4.0,"RDO No. 83 -Talisay City, CebuWeb.xls",Sheet 8(060-22)
1960,,,,,"RDO No. 83 -Talisay City, CebuWeb.xls",Sheet 8(060-22)
1961,,,,,"RDO No. 83 -Talisay City, CebuWeb.xls",Sheet 8(060-22)
1962,PROVINCE                    : CEBU,,PROVINCE                    : CEBU,,"RDO No. 83 -Talisay City, CebuWeb.xls",Sheet 8(060-22)
1963,CITY/MUNICIPALITY  : TOLEDO CITY,,CITY/MUNICIPALITY  : TOLEDO CITY,,"RDO No. 83 -Talisay City, CebuWeb.xls",Sheet 8(060-22)
1964,ZONE/ BARANGAY     : CAMPO 8,,ZONE/ BARANGAY     : CAMPO 8,8.0,"RDO No. 83 -Talisay City, CebuWeb.xls",Sheet 8(060-22)
1965,STREET NAME/                   SUBDIVISION/CONDOMINIUM,,STREET NAME/                   SUBDIVISION/CONDOMINIUM,,"RDO No. 83 -Talisay City, CebuWeb.xls",Sheet 8(060-22)
1966,NATIONAL ROAD,,NATIONAL ROAD,,"RDO No. 83 -Talisay City, CebuWeb.xls",Sheet 8(060-22)
1967,,,,,"RDO No. 83 -Talisay City, CebuWeb.xls",Sheet 8(060-22)
1968,INTERIOR LOTS,,INTERIOR LOTS,,"RDO No. 83 -Talisay City, CebuWeb.xls",Sheet 8(060-22)
1969,,,,,"RDO No. 83 -Talisay City, CebuWeb.xls",Sheet 8(060-22)
1970,,,,,"RDO No. 83 -Talisay City, CebuWeb.xls",Sheet 8(060-22)
1971,,,,,"RDO No. 83 -Talisay City, CebuWeb.xls",Sheet 8(060-22)
1972,,,,,"RDO No. 83 -Talisay City, CebuWeb.xls",Sheet 8(060-22)
1973,PROVINCE                    : CEBU,,PROVINCE                    : CEBU,,"RDO No. 83 -Talisay City, CebuWeb.xls",Sheet 8(060-22)
1974,CITY/MUNICIPALITY  : TOLEDO CITY,,CITY/MUNICIPALITY  : TOLEDO CITY,,"RDO No. 83 -Talisay City, CebuWeb.xls",Sheet 8(060-22)
1975,ZONE/ BARANGAY     : CAMBANG-UG,,ZONE/ BARANGAY     : CAMBANG-UG,,"RDO No. 83 -Talisay City, CebuWeb.xls",Sheet 8(060-22)
1976,STREET NAME/                   SUBDIVISION/CONDOMINIUM,,STREET NAME/                   SUBDIVISION/CONDOMINIUM,,"RDO No. 83 -Talisay City, CebuWeb.xls",Sheet 8(060-22)
1977,ALL LOTS,,ALL LOTS,,"RDO No. 83 -Talisay City, CebuWeb.xls",Sheet 8(060-22)
1978,,,,,"RDO No. 83 -Talisay City, CebuWeb.xls",Sheet 8(060-22)
1979,,,,,"RDO No. 83 -Talisay City, CebuWeb.xls",Sheet 8(060-22)
1980,,,,,"RDO No. 83 -Talisay City, CebuWeb.xls",Sheet 8(060-22)
1981,"Note: All Plain Areas would mean other coco land, hence A4",,"Note: All Plain Areas would mean other coco land, hence A4",4.0,"RDO No. 83 -Talisay City, CebuWeb.xls",Sheet 8(060-22)
1982,,,,,"RDO No. 83 -Talisay City, CebuWeb.xls",Sheet 8(060-22)
1983,,,,,"RDO No. 83 -Talisay City, CebuWeb.xls",Sheet 8(060-22)
1984,PROVINCE                    : CEBU,,PROVINCE                    : CEBU,,"RDO No. 83 -Talisay City, CebuWeb.xls",Sheet 8(060-22)
1985,CITY/MUNICIPALITY  : TOLEDO CITY,,CITY/MUNICIPALITY  : TOLEDO CITY,,"RDO No. 83 -Talisay City, CebuWeb.xls",Sheet 8(060-22)
1986,ZONE/ BARANGAY     : CANLUMAPAO,,ZONE/ BARANGAY     : CANLUMAPAO,,"RDO No. 83 -Talisay City, CebuWeb.xls",Sheet 8(060-22)
1987,STREET NAME/                   SUBDIVISION/CONDOMINIUM,,STREET NAME/                   SUBDIVISION/CONDOMINIUM,,"RDO No. 83 -Talisay City, CebuWeb.xls",Sheet 8(060-22)
1988,ALL LOTS,,ALL LOTS,,"RDO No. 83 -Talisay City, CebuWeb.xls",Sheet 8(060-22)
1989,,,,,"RDO No. 83 -Talisay City, CebuWeb.xls",Sheet 8(060-22)
1990,,,,,"RDO No. 83 -Talisay City, CebuWeb.xls",Sheet 8(060-22)
1991,,,,,"RDO No. 83 -Talisay City, CebuWeb.xls",Sheet 8(060-22)
1992,,,,,"RDO No. 83 -Talisay City, CebuWeb.xls",Sheet 8(060-22)
1993,"Note: All Low Areas would mean other coco land, hence A4",,"Note: All Low Areas would mean other coco land, hence A4",4.0,"RDO No. 83 -Talisay City, CebuWeb.xls",Sheet 8(060-22)
1994,*New classification of lot (No CR in previous revision),,*New classification of lot (No CR in previous revision),,"RDO No. 83 -Talisay City, CebuWeb.xls",Sheet 8(060-22)
1995,,,,,"RDO No. 83 -Talisay City, CebuWeb.xls",Sheet 8(060-22)
1996,,,,,"RDO No. 83 -Talisay City, CebuWeb.xls",Sheet 8(060-22)
1997,PROVINCE                    : CEBU,,PROVINCE                    : CEBU,,"RDO No. 83 -Talisay City, CebuWeb.xls",Sheet 8(060-22)
1998,CITY/MUNICIPALITY  : TOLEDO CITY,,CITY/MUNICIPALITY  : TOLEDO CITY,,"RDO No. 83 -Talisay City, CebuWeb.xls",Sheet 8(060-22)
1999,ZONE/ BARANGAY     : CAPT. CLAUDIO,,ZONE/ BARANGAY     : CAPT. CLAUDIO,,"RDO No. 83 -Talisay City, CebuWeb.xls",Sheet 8(060-22)
2000,STREET NAME/                   SUBDIVISION/CONDOMINIUM,,STREET NAME/                   SUBDIVISION/CONDOMINIUM,,"RDO No. 83 -Talisay City, CebuWeb.xls",Sheet 8(060-22)
2001,ALL LOTS,,ALL LOTS,,"RDO No. 83 -Talisay City, CebuWeb.xls",Sheet 8(060-22)
2002,,,,,"RDO No. 83 -Talisay City, CebuWeb.xls",Sheet 8(060-22)
2003,,,,,"RDO No. 83 -Talisay City, CebuWeb.xls",Sheet 8(060-22)
2004,TOLEDO HEIGHTS SUBD.*,,TOLEDO HEIGHTS SUBD.*,,"RDO No. 83 -Talisay City, CebuWeb.xls",Sheet 8(060-22)
2005,,,,,"RDO No. 83 -Talisay City, CebuWeb.xls",Sheet 8(060-22)
2006,"Note: All Low Areas would mean other coco land, hence A4",,"Note: All Low Areas would mean other coco land, hence A4",4.0,"RDO No. 83 -Talisay City, CebuWeb.xls",Sheet 8(060-22)
2007,*New subdivision,,*New subdivision,,"RDO No. 83 -Talisay City, CebuWeb.xls",Sheet 8(060-22)
2008,,,,,"RDO No. 83 -Talisay City, CebuWeb.xls",Sheet 8(060-22)
2009,,,,,"RDO No. 83 -Talisay City, CebuWeb.xls",Sheet 8(060-22)
2010,PROVINCE                    : CEBU,,PROVINCE                    : CEBU,,"RDO No. 83 -Talisay City, CebuWeb.xls",Sheet 8(060-22)
2011,CITY/MUNICIPALITY  : TOLEDO CITY,,CITY/MUNICIPALITY  : TOLEDO CITY,,"RDO No. 83 -Talisay City, CebuWeb.xls",Sheet 8(060-22)
2012,ZONE/ BARANGAY     : CARMEN,,ZONE/ BARANGAY     : CARMEN,,"RDO No. 83 -Talisay City, CebuWeb.xls",Sheet 8(060-22)
2013,STREET NAME/                   SUBDIVISION/CONDOMINIUM,,STREET NAME/                   SUBDIVISION/CONDOMINIUM,,"RDO No. 83 -Talisay City, CebuWeb.xls",Sheet 8(060-22)
2014,ALL LOTS,,ALL LOTS,,"RDO No. 83 -Talisay City, CebuWeb.xls",Sheet 8(060-22)
2015,,,,,"RDO No. 83 -Talisay City, CebuWeb.xls",Sheet 8(060-22)
2016,,,,,"RDO No. 83 -Talisay City, CebuWeb.xls",Sheet 8(060-22)
2017,,,,,"RDO No. 83 -Talisay City, CebuWeb.xls",Sheet 8(060-22)
2018,,,,,"RDO No. 83 -Talisay City, CebuWeb.xls",Sheet 8(060-22)
2019,"Note: All Low Areas would mean other coco land, hence A4",,"Note: All Low Areas would mean other coco land, hence A4",4.0,"RDO No. 83 -Talisay City, CebuWeb.xls",Sheet 8(060-22)
2020,*New classification of lot (no CR lots in previous revision),,*New classification of lot (no CR lots in previous revision),,"RDO No. 83 -Talisay City, CebuWeb.xls",Sheet 8(060-22)
2021,,,,,"RDO No. 83 -Talisay City, CebuWeb.xls",Sheet 8(060-22)
2022,,,,,"RDO No. 83 -Talisay City, CebuWeb.xls",Sheet 8(060-22)
2023,PROVINCE                    : CEBU,,PROVINCE                    : CEBU,,"RDO No. 83 -Talisay City, CebuWeb.xls",Sheet 8(060-22)
2024,CITY/MUNICIPALITY  : TOLEDO CITY,,CITY/MUNICIPALITY  : TOLEDO CITY,,"RDO No. 83 -Talisay City, CebuWeb.xls",Sheet 8(060-22)
2025,ZONE/ BARANGAY     : DAANLUNGSOD*,,ZONE/ BARANGAY     : DAANLUNGSOD*,,"RDO No. 83 -Talisay City, CebuWeb.xls",Sheet 8(060-22)
2026,STREET NAME/                   SUBDIVISION/CONDOMINIUM,,STREET NAME/                   SUBDIVISION/CONDOMINIUM,,"RDO No. 83 -Talisay City, CebuWeb.xls",Sheet 8(060-22)
2027,NATIONAL ROAD,,NATIONAL ROAD,,"RDO No. 83 -Talisay City, CebuWeb.xls",Sheet 8(060-22)
2028,BARANGAY ROAD,,BARANGAY ROAD,,"RDO No. 83 -Talisay City, CebuWeb.xls",Sheet 8(060-22)
2029,ALL OTHER STREETS,,ALL OTHER STREETS,,"RDO No. 83 -Talisay City, CebuWeb.xls",Sheet 8(060-22)
2030,,,,,"RDO No. 83 -Talisay City, CebuWeb.xls",Sheet 8(060-22)
2031,,,,,"RDO No. 83 -Talisay City, CebuWeb.xls",Sheet 8(060-22)
2032,,,,,"RDO No. 83 -Talisay City, CebuWeb.xls",Sheet 8(060-22)
2033,,,,,"RDO No. 83 -Talisay City, CebuWeb.xls",Sheet 8(060-22)
2034,"Note:   *  Sangi and Daan Lungsod are two different barangays, hence separated",,"Note:   *  Sangi and Daan Lungsod are two different barangays, hence separated",,"RDO No. 83 -Talisay City, CebuWeb.xls",Sheet 8(060-22)
2035,"** Previously"" A"" would mean Other Agricultural Lands, hence A50",,"** Previously"" A"" would mean Other Agricultural Lands, hence A50",50.0,"RDO No. 83 -Talisay City, CebuWeb.xls",Sheet 8(060-22)
2036,,,,,"RDO No. 83 -Talisay City, CebuWeb.xls",Sheet 8(060-22)
2037,,,,,"RDO No. 83 -Talisay City, CebuWeb.xls",Sheet 8(060-22)
2038,PROVINCE                    : CEBU,,PROVINCE                    : CEBU,,"RDO No. 83 -Talisay City, CebuWeb.xls",Sheet 8(060-22)
2039,CITY/MUNICIPALITY  : TOLEDO CITY,,CITY/MUNICIPALITY  : TOLEDO CITY,,"RDO No. 83 -Talisay City, CebuWeb.xls",Sheet 8(060-22)
2040,ZONE/ BARANGAY     : DON ANDRES SORIANO (DAS),,ZONE/ BARANGAY     : DON ANDRES SORIANO (DAS),,"RDO No. 83 -Talisay City, CebuWeb.xls",Sheet 8(060-22)
2041,STREET NAME/                   SUBDIVISION/CONDOMINIUM,,STREET NAME/                   SUBDIVISION/CONDOMINIUM,,"RDO No. 83 -Talisay City, CebuWeb.xls",Sheet 8(060-22)
2042,NATIONAL ROAD,,NATIONAL ROAD,,"RDO No. 83 -Talisay City, CebuWeb.xls",Sheet 8(060-22)
2043,,,,,"RDO No. 83 -Talisay City, CebuWeb.xls",Sheet 8(060-22)
2044,,,,,"RDO No. 83 -Talisay City, CebuWeb.xls",Sheet 8(060-22)
2045,,,,,"RDO No. 83 -Talisay City, CebuWeb.xls",Sheet 8(060-22)
2046,REST OF DAS,,REST OF DAS,,"RDO No. 83 -Talisay City, CebuWeb.xls",Sheet 8(060-22)
2047,,,,,"RDO No. 83 -Talisay City, CebuWeb.xls",Sheet 8(060-22)
2048,,,,,"RDO No. 83 -Talisay City, CebuWeb.xls",Sheet 8(060-22)
2049,,,,,"RDO No. 83 -Talisay City, CebuWeb.xls",Sheet 8(060-22)
2050,Note:  *   Re-define areas from ACMDC Hospital to DAS Public School to along Toledo-Manipis Road,,Note:  *   Re-define areas from ACMDC Hospital to DAS Public School to along Toledo-Manipis Road,,"RDO No. 83 -Talisay City, CebuWeb.xls",Sheet 8(060-22)
2051,**  Re-define from 50 Meters Poog-Cantabaco Roads to Poog Junction - Uling Naga Road,,**  Re-define from 50 Meters Poog-Cantabaco Roads to Poog Junction - Uling Naga Road,,"RDO No. 83 -Talisay City, CebuWeb.xls",Sheet 8(060-22)
2052,*** Within the vicinity of Carmen Copper Areas,,*** Within the vicinity of Carmen Copper Areas,,"RDO No. 83 -Talisay City, CebuWeb.xls",Sheet 8(060-22)
2053,"****Plain Areas would mean other  Coco Land, hence A4",,"****Plain Areas would mean other  Coco Land, hence A4",4.0,"RDO No. 83 -Talisay City, CebuWeb.xls",Sheet 8(060-22)
2054,,,,,"RDO No. 83 -Talisay City, CebuWeb.xls",Sheet 8(060-22)
2055,,,,,"RDO No. 83 -Talisay City, CebuWeb.xls",Sheet 8(060-22)
2056,PROVINCE                    : CEBU,,PROVINCE                    : CEBU,,"RDO No. 83 -Talisay City, CebuWeb.xls",Sheet 8(060-22)
2057,CITY/MUNICIPALITY  : TOLEDO CITY,,CITY/MUNICIPALITY  : TOLEDO CITY,,"RDO No. 83 -Talisay City, CebuWeb.xls",Sheet 8(060-22)
2058,ZONE/ BARANGAY     : DUMLOG,,ZONE/ BARANGAY     : DUMLOG,,"RDO No. 83 -Talisay City, CebuWeb.xls",Sheet 8(060-22)
2059,STREET NAME/                   SUBDIVISION/CONDOMINIUM,,STREET NAME/                   SUBDIVISION/CONDOMINIUM,,"RDO No. 83 -Talisay City, CebuWeb.xls",Sheet 8(060-22)
2060,NATIONAL ROAD,,NATIONAL ROAD,,"RDO No. 83 -Talisay City, CebuWeb.xls",Sheet 8(060-22)
2061,,,,,"RDO No. 83 -Talisay City, CebuWeb.xls",Sheet 8(060-22)
2062,,,,,"RDO No. 83 -Talisay City, CebuWeb.xls",Sheet 8(060-22)
2063,ALL OTHER STREETS,,ALL OTHER STREETS,,"RDO No. 83 -Talisay City, CebuWeb.xls",Sheet 8(060-22)
2064,,,,,"RDO No. 83 -Talisay City, CebuWeb.xls",Sheet 8(060-22)
2065,,,,,"RDO No. 83 -Talisay City, CebuWeb.xls",Sheet 8(060-22)
2066,"Note: All Plain Areas would mean other coco land, hence A4",,"Note: All Plain Areas would mean other coco land, hence A4",4.0,"RDO No. 83 -Talisay City, CebuWeb.xls",Sheet 8(060-22)
2067,*New classification of lot (No CR/I lots in previous revision),,*New classification of lot (No CR/I lots in previous revision),,"RDO No. 83 -Talisay City, CebuWeb.xls",Sheet 8(060-22)
2068,,,,,"RDO No. 83 -Talisay City, CebuWeb.xls",Sheet 8(060-22)
2069,,,,,"RDO No. 83 -Talisay City, CebuWeb.xls",Sheet 8(060-22)
2070,PROVINCE                    : CEBU,,PROVINCE                    : CEBU,,"RDO No. 83 -Talisay City, CebuWeb.xls",Sheet 8(060-22)
2071,CITY/MUNICIPALITY  : TOLEDO CITY,,CITY/MUNICIPALITY  : TOLEDO CITY,,"RDO No. 83 -Talisay City, CebuWeb.xls",Sheet 8(060-22)
2072,ZONE/ BARANGAY     : GEN. CLIMACO,,ZONE/ BARANGAY     : GEN. CLIMACO,,"RDO No. 83 -Talisay City, CebuWeb.xls",Sheet 8(060-22)
2073,STREET NAME/                   SUBDIVISION/CONDOMINIUM,,STREET NAME/                   SUBDIVISION/CONDOMINIUM,,"RDO No. 83 -Talisay City, CebuWeb.xls",Sheet 8(060-22)
2074,ALL LOTS,,ALL LOTS,,"RDO No. 83 -Talisay City, CebuWeb.xls",Sheet 8(060-22)
2075,,,,,"RDO No. 83 -Talisay City, CebuWeb.xls",Sheet 8(060-22)
2076,,,,,"RDO No. 83 -Talisay City, CebuWeb.xls",Sheet 8(060-22)
2077,,,,,"RDO No. 83 -Talisay City, CebuWeb.xls",Sheet 8(060-22)
2078,"Note: All Low Areas would mean other  Coco land, hence A4",,"Note: All Low Areas would mean other  Coco land, hence A4",4.0,"RDO No. 83 -Talisay City, CebuWeb.xls",Sheet 8(060-22)
2079,PROVINCE                    : CEBU,,PROVINCE                    : CEBU,,"RDO No. 83 -Talisay City, CebuWeb.xls",Sheet 8(060-22)
2080,CITY/MUNICIPALITY  : TOLEDO CITY,,CITY/MUNICIPALITY  : TOLEDO CITY,,"RDO No. 83 -Talisay City, CebuWeb.xls",Sheet 8(060-22)
2081,ZONE/ BARANGAY     : IBO,,ZONE/ BARANGAY     : IBO,,"RDO No. 83 -Talisay City, CebuWeb.xls",Sheet 8(060-22)
2082,STREET NAME/                   SUBDIVISION/CONDOMINIUM,,STREET NAME/                   SUBDIVISION/CONDOMINIUM,,"RDO No. 83 -Talisay City, CebuWeb.xls",Sheet 8(060-22)
2083,NATIONAL ROAD,,NATIONAL ROAD,,"RDO No. 83 -Talisay City, CebuWeb.xls",Sheet 8(060-22)
2084,NATIONAL ROAD,,NATIONAL ROAD,,"RDO No. 83 -Talisay City, CebuWeb.xls",Sheet 8(060-22)
2085,,,,,"RDO No. 83 -Talisay City, CebuWeb.xls",Sheet 8(060-22)
2086,REST OF IBO,,REST OF IBO,,"RDO No. 83 -Talisay City, CebuWeb.xls",Sheet 8(060-22)
2087,,,,,"RDO No. 83 -Talisay City, CebuWeb.xls",Sheet 8(060-22)
2088,,,,,"RDO No. 83 -Talisay City, CebuWeb.xls",Sheet 8(060-22)
2089,,,,,"RDO No. 83 -Talisay City, CebuWeb.xls",Sheet 8(060-22)
2090,"Note: All Plain Areas would mean other Coco land, hence A4",,"Note: All Plain Areas would mean other Coco land, hence A4",4.0,"RDO No. 83 -Talisay City, CebuWeb.xls",Sheet 8(060-22)
2091,*New classification of lot (No CR/I lots in previous revision),,*New classification of lot (No CR/I lots in previous revision),,"RDO No. 83 -Talisay City, CebuWeb.xls",Sheet 8(060-22)
2092,,,,,"RDO No. 83 -Talisay City, CebuWeb.xls",Sheet 8(060-22)
2093,,,,,"RDO No. 83 -Talisay City, CebuWeb.xls",Sheet 8(060-22)
2094,PROVINCE                    : CEBU,,PROVINCE                    : CEBU,,"RDO No. 83 -Talisay City, CebuWeb.xls",Sheet 8(060-22)
2095,CITY/MUNICIPALITY  : TOLEDO CITY,,CITY/MUNICIPALITY  : TOLEDO CITY,,"RDO No. 83 -Talisay City, CebuWeb.xls",Sheet 8(060-22)
2096,ZONE/ BARANGAY     : ILIHAN,,ZONE/ BARANGAY     : ILIHAN,,"RDO No. 83 -Talisay City, CebuWeb.xls",Sheet 8(060-22)
2097,STREET NAME/                   SUBDIVISION/CONDOMINIUM,,STREET NAME/                   SUBDIVISION/CONDOMINIUM,,"RDO No. 83 -Talisay City, CebuWeb.xls",Sheet 8(060-22)
2098,NATIONAL ROAD,,NATIONAL ROAD,,"RDO No. 83 -Talisay City, CebuWeb.xls",Sheet 8(060-22)
2099,,,,,"RDO No. 83 -Talisay City, CebuWeb.xls",Sheet 8(060-22)
2100,,,,,"RDO No. 83 -Talisay City, CebuWeb.xls",Sheet 8(060-22)
2101,INTERIOR LOTS,,INTERIOR LOTS,,"RDO No. 83 -Talisay City, CebuWeb.xls",Sheet 8(060-22)
2102,,,,,"RDO No. 83 -Talisay City, CebuWeb.xls",Sheet 8(060-22)
2103,,,,,"RDO No. 83 -Talisay City, CebuWeb.xls",Sheet 8(060-22)
2104,Note:    *  Sangi-Magdugo previously  residential alone but now identified as commerial lots,,Note:    *  Sangi-Magdugo previously  residential alone but now identified as commerial lots,,"RDO No. 83 -Talisay City, CebuWeb.xls",Sheet 8(060-22)
2105,** 50 Meters Inward was deleted and reclassified as Interior Lots and all plain areas as A means as cocoland,,** 50 Meters Inward was deleted and reclassified as Interior Lots and all plain areas as A means as cocoland,50.0,"RDO No. 83 -Talisay City, CebuWeb.xls",Sheet 8(060-22)
2106,*** New lot classification (No Ind'l. lot in previous revision),,*** New lot classification (No Ind'l. lot in previous revision),,"RDO No. 83 -Talisay City, CebuWeb.xls",Sheet 8(060-22)
2107,,,,,"RDO No. 83 -Talisay City, CebuWeb.xls",Sheet 8(060-22)
2108,,,,,"RDO No. 83 -Talisay City, CebuWeb.xls",Sheet 8(060-22)
2109,PROVINCE                    : CEBU,,PROVINCE                    : CEBU,,"RDO No. 83 -Talisay City, CebuWeb.xls",Sheet 8(060-22)
2110,CITY/MUNICIPALITY  : TOLEDO CITY,,CITY/MUNICIPALITY  : TOLEDO CITY,,"RDO No. 83 -Talisay City, CebuWeb.xls",Sheet 8(060-22)
2111,ZONE/ BARANGAY     : LANDAHAN,,ZONE/ BARANGAY     : LANDAHAN,,"RDO No. 83 -Talisay City, CebuWeb.xls",Sheet 8(060-22)
2112,STREET NAME/                   SUBDIVISION/CONDOMINIUM,,STREET NAME/                   SUBDIVISION/CONDOMINIUM,,"RDO No. 83 -Talisay City, CebuWeb.xls",Sheet 8(060-22)
2113,ALL LOTS,,ALL LOTS,,"RDO No. 83 -Talisay City, CebuWeb.xls",Sheet 8(060-22)
2114,,,,,"RDO No. 83 -Talisay City, CebuWeb.xls",Sheet 8(060-22)
2115,,,,,"RDO No. 83 -Talisay City, CebuWeb.xls",Sheet 8(060-22)
2116,,,,,"RDO No. 83 -Talisay City, CebuWeb.xls",Sheet 8(060-22)
2117,,,,,"RDO No. 83 -Talisay City, CebuWeb.xls",Sheet 8(060-22)
2118,*New classification of lots (No CR/I lots in previous revision),,*New classification of lots (No CR/I lots in previous revision),,"RDO No. 83 -Talisay City, CebuWeb.xls",Sheet 8(060-22)
2119,,,,,"RDO No. 83 -Talisay City, CebuWeb.xls",Sheet 8(060-22)
2120,,,,,"RDO No. 83 -Talisay City, CebuWeb.xls",Sheet 8(060-22)
2121,PROVINCE                    : CEBU,,PROVINCE                    : CEBU,,"RDO No. 83 -Talisay City, CebuWeb.xls",Sheet 8(060-22)
2122,CITY/MUNICIPALITY  : TOLEDO CITY,,CITY/MUNICIPALITY  : TOLEDO CITY,,"RDO No. 83 -Talisay City, CebuWeb.xls",Sheet 8(060-22)
2123,ZONE/ BARANGAY     : LUAY,,ZONE/ BARANGAY     : LUAY,,"RDO No. 83 -Talisay City, CebuWeb.xls",Sheet 8(060-22)
2124,STREET NAME/                   SUBDIVISION/CONDOMINIUM,,STREET NAME/                   SUBDIVISION/CONDOMINIUM,,"RDO No. 83 -Talisay City, CebuWeb.xls",Sheet 8(060-22)
2125,ALL LOTS,,ALL LOTS,,"RDO No. 83 -Talisay City, CebuWeb.xls",Sheet 8(060-22)
2126,,,,,"RDO No. 83 -Talisay City, CebuWeb.xls",Sheet 8(060-22)
2127,,,,,"RDO No. 83 -Talisay City, CebuWeb.xls",Sheet 8(060-22)
2128,,,,,"RDO No. 83 -Talisay City, CebuWeb.xls",Sheet 8(060-22)
2129,,,,,"RDO No. 83 -Talisay City, CebuWeb.xls",Sheet 8(060-22)
2130,,,,,"RDO No. 83 -Talisay City, CebuWeb.xls",Sheet 8(060-22)
2131,,,,,"RDO No. 83 -Talisay City, CebuWeb.xls",Sheet 8(060-22)
2132,PROVINCE                    : CEBU,,PROVINCE                    : CEBU,,"RDO No. 83 -Talisay City, CebuWeb.xls",Sheet 8(060-22)
2133,CITY/MUNICIPALITY  : TOLEDO CITY,,CITY/MUNICIPALITY  : TOLEDO CITY,,"RDO No. 83 -Talisay City, CebuWeb.xls",Sheet 8(060-22)
2134,ZONE/ BARANGAY     : LURAY II,,ZONE/ BARANGAY     : LURAY II,,"RDO No. 83 -Talisay City, CebuWeb.xls",Sheet 8(060-22)
2135,STREET NAME/                   SUBDIVISION/CONDOMINIUM,,STREET NAME/                   SUBDIVISION/CONDOMINIUM,,"RDO No. 83 -Talisay City, CebuWeb.xls",Sheet 8(060-22)
2136,NATIONAL ROAD*,,NATIONAL ROAD*,,"RDO No. 83 -Talisay City, CebuWeb.xls",Sheet 8(060-22)
2137,,,,,"RDO No. 83 -Talisay City, CebuWeb.xls",Sheet 8(060-22)
2138,S. OSMENA SR. ST**,,S. OSMENA SR. ST**,,"RDO No. 83 -Talisay City, CebuWeb.xls",Sheet 8(060-22)
2139,ALONG TROCIO ST & EXT.,,ALONG TROCIO ST & EXT.,,"RDO No. 83 -Talisay City, CebuWeb.xls",Sheet 8(060-22)
2140,ALL OTHER STREETS,,ALL OTHER STREETS,,"RDO No. 83 -Talisay City, CebuWeb.xls",Sheet 8(060-22)
2141,Note:    *   Natioanal Road is currently Pres. D. Macapagal Hi-way,,Note:    *   Natioanal Road is currently Pres. D. Macapagal Hi-way,,"RDO No. 83 -Talisay City, CebuWeb.xls",Sheet 8(060-22)
2142,**   Previously Poloyapoy St,,**   Previously Poloyapoy St,,"RDO No. 83 -Talisay City, CebuWeb.xls",Sheet 8(060-22)
2143,***New classification of lot (no Ind'l. lot in previous revision),,***New classification of lot (no Ind'l. lot in previous revision),,"RDO No. 83 -Talisay City, CebuWeb.xls",Sheet 8(060-22)
2144,,,,,"RDO No. 83 -Talisay City, CebuWeb.xls",Sheet 8(060-22)
2145,,,,,"RDO No. 83 -Talisay City, CebuWeb.xls",Sheet 8(060-22)
2146,PROVINCE                    : CEBU,,PROVINCE                    : CEBU,,"RDO No. 83 -Talisay City, CebuWeb.xls",Sheet 8(060-22)
2147,CITY/MUNICIPALITY  : TOLEDO CITY,,CITY/MUNICIPALITY  : TOLEDO CITY,,"RDO No. 83 -Talisay City, CebuWeb.xls",Sheet 8(060-22)
2148,ZONE/ BARANGAY     : MAGDUGO (DON JUAN CLIMACO),,ZONE/ BARANGAY     : MAGDUGO (DON JUAN CLIMACO),,"RDO No. 83 -Talisay City, CebuWeb.xls",Sheet 8(060-22)
2149,STREET NAME/                   SUBDIVISION/CONDOMINIUM,,STREET NAME/                   SUBDIVISION/CONDOMINIUM,,"RDO No. 83 -Talisay City, CebuWeb.xls",Sheet 8(060-22)
2150,NATIONAL ROAD,,NATIONAL ROAD,,"RDO No. 83 -Talisay City, CebuWeb.xls",Sheet 8(060-22)
2151,,,,,"RDO No. 83 -Talisay City, CebuWeb.xls",Sheet 8(060-22)
2152,,,,,"RDO No. 83 -Talisay City, CebuWeb.xls",Sheet 8(060-22)
2153,,,,,"RDO No. 83 -Talisay City, CebuWeb.xls",Sheet 8(060-22)
2154,,,,,"RDO No. 83 -Talisay City, CebuWeb.xls",Sheet 8(060-22)
2155,,,,,"RDO No. 83 -Talisay City, CebuWeb.xls",Sheet 8(060-22)
2156,Note:   *  All plain areas would mean coco land,,Note:   *  All plain areas would mean coco land,,"RDO No. 83 -Talisay City, CebuWeb.xls",Sheet 8(060-22)
2157,**  100 Meters east to west was deleted,,**  100 Meters east to west was deleted,100.0,"RDO No. 83 -Talisay City, CebuWeb.xls",Sheet 8(060-22)
2158,,,,,"RDO No. 83 -Talisay City, CebuWeb.xls",Sheet 8(060-22)
2159,PROVINCE                    : CEBU,,PROVINCE                    : CEBU,,"RDO No. 83 -Talisay City, CebuWeb.xls",Sheet 8(060-22)
2160,CITY/MUNICIPALITY  : TOLEDO CITY,,CITY/MUNICIPALITY  : TOLEDO CITY,,"RDO No. 83 -Talisay City, CebuWeb.xls",Sheet 8(060-22)
2161,ZONE/ BARANGAY     : MATAB-ANG,,ZONE/ BARANGAY     : MATAB-ANG,,"RDO No. 83 -Talisay City, CebuWeb.xls",Sheet 8(060-22)
2162,STREET NAME/                   SUBDIVISION/CONDOMINIUM,,STREET NAME/                   SUBDIVISION/CONDOMINIUM,,"RDO No. 83 -Talisay City, CebuWeb.xls",Sheet 8(060-22)
2163,NATIONAL ROAD,,NATIONAL ROAD,,"RDO No. 83 -Talisay City, CebuWeb.xls",Sheet 8(060-22)
2164,,,,,"RDO No. 83 -Talisay City, CebuWeb.xls",Sheet 8(060-22)
2165,,,,,"RDO No. 83 -Talisay City, CebuWeb.xls",Sheet 8(060-22)
2166,,,,,"RDO No. 83 -Talisay City, CebuWeb.xls",Sheet 8(060-22)
2167,,,,,"RDO No. 83 -Talisay City, CebuWeb.xls",Sheet 8(060-22)
2168,,,,,"RDO No. 83 -Talisay City, CebuWeb.xls",Sheet 8(060-22)
2169,,,,,"RDO No. 83 -Talisay City, CebuWeb.xls",Sheet 8(060-22)
2170,Other Swubdivision***,,Other Swubdivision***,,"RDO No. 83 -Talisay City, CebuWeb.xls",Sheet 8(060-22)
2171,"Note:  *All Low Areas would mean other  Corn land, hence A16",,"Note:  *All Low Areas would mean other  Corn land, hence A16",16.0,"RDO No. 83 -Talisay City, CebuWeb.xls",Sheet 8(060-22)
2172,**New classification of lot (No Ind'l. lot in previous revision),,**New classification of lot (No Ind'l. lot in previous revision),,"RDO No. 83 -Talisay City, CebuWeb.xls",Sheet 8(060-22)
2173,***Other subdivision was added,,***Other subdivision was added,,"RDO No. 83 -Talisay City, CebuWeb.xls",Sheet 8(060-22)
2174,,,,,"RDO No. 83 -Talisay City, CebuWeb.xls",Sheet 8(060-22)
2175,PROVINCE                    : CEBU,,PROVINCE                    : CEBU,,"RDO No. 83 -Talisay City, CebuWeb.xls",Sheet 8(060-22)
2176,CITY/MUNICIPALITY  : TOLEDO CITY,,CITY/MUNICIPALITY  : TOLEDO CITY,,"RDO No. 83 -Talisay City, CebuWeb.xls",Sheet 8(060-22)
2177,ZONE/ BARANGAY     : MEDIA ONCE,,ZONE/ BARANGAY     : MEDIA ONCE,,"RDO No. 83 -Talisay City, CebuWeb.xls",Sheet 8(060-22)
2178,STREET NAME/                   SUBDIVISION/CONDOMINIUM,,STREET NAME/                   SUBDIVISION/CONDOMINIUM,,"RDO No. 83 -Talisay City, CebuWeb.xls",Sheet 8(060-22)
2179,NATIONAL ROAD,,NATIONAL ROAD,,"RDO No. 83 -Talisay City, CebuWeb.xls",Sheet 8(060-22)
2180,NATIONAL ROAD,,NATIONAL ROAD,,"RDO No. 83 -Talisay City, CebuWeb.xls",Sheet 8(060-22)
2181,,,,,"RDO No. 83 -Talisay City, CebuWeb.xls",Sheet 8(060-22)
2182,BUOT SUBD,,BUOT SUBD,,"RDO No. 83 -Talisay City, CebuWeb.xls",Sheet 8(060-22)
2183,SAN JOSE MARIA VILLAGE,,SAN JOSE MARIA VILLAGE,,"RDO No. 83 -Talisay City, CebuWeb.xls",Sheet 8(060-22)
2184,BARANGAY ROADS,,BARANGAY ROADS,,"RDO No. 83 -Talisay City, CebuWeb.xls",Sheet 8(060-22)
2185,,,,,"RDO No. 83 -Talisay City, CebuWeb.xls",Sheet 8(060-22)
2186,,,,,"RDO No. 83 -Talisay City, CebuWeb.xls",Sheet 8(060-22)
2187,*New classification of lot (No CR Lot in previous revision),,*New classification of lot (No CR Lot in previous revision),,"RDO No. 83 -Talisay City, CebuWeb.xls",Sheet 8(060-22)
2188,PROVINCE                    : CEBU,,PROVINCE                    : CEBU,,"RDO No. 83 -Talisay City, CebuWeb.xls",Sheet 8(060-22)
2189,CITY/MUNICIPALITY  : TOLEDO CITY,,CITY/MUNICIPALITY  : TOLEDO CITY,,"RDO No. 83 -Talisay City, CebuWeb.xls",Sheet 8(060-22)
2190,ZONE/ BARANGAY     : PANGAMIHAN,,ZONE/ BARANGAY     : PANGAMIHAN,,"RDO No. 83 -Talisay City, CebuWeb.xls",Sheet 8(060-22)
2191,STREET NAME/                   SUBDIVISION/CONDOMINIUM,,STREET NAME/                   SUBDIVISION/CONDOMINIUM,,"RDO No. 83 -Talisay City, CebuWeb.xls",Sheet 8(060-22)
2192,ALL LOTS,,ALL LOTS,,"RDO No. 83 -Talisay City, CebuWeb.xls",Sheet 8(060-22)
2193,,,,,"RDO No. 83 -Talisay City, CebuWeb.xls",Sheet 8(060-22)
2194,,,,,"RDO No. 83 -Talisay City, CebuWeb.xls",Sheet 8(060-22)
2195,,,,,"RDO No. 83 -Talisay City, CebuWeb.xls",Sheet 8(060-22)
2196,,,,,"RDO No. 83 -Talisay City, CebuWeb.xls",Sheet 8(060-22)
2197,,,,,"RDO No. 83 -Talisay City, CebuWeb.xls",Sheet 8(060-22)
2198,PROVINCE                    : CEBU,,PROVINCE                    : CEBU,,"RDO No. 83 -Talisay City, CebuWeb.xls",Sheet 8(060-22)
2199,CITY/MUNICIPALITY  : TOLEDO CITY,,CITY/MUNICIPALITY  : TOLEDO CITY,,"RDO No. 83 -Talisay City, CebuWeb.xls",Sheet 8(060-22)
2200,ZONE/ BARANGAY     : POOG,,ZONE/ BARANGAY     : POOG,,"RDO No. 83 -Talisay City, CebuWeb.xls",Sheet 8(060-22)
2201,STREET NAME/                   SUBDIVISION/CONDOMINIUM,,STREET NAME/                   SUBDIVISION/CONDOMINIUM,,"RDO No. 83 -Talisay City, CebuWeb.xls",Sheet 8(060-22)
2202,NATIONAL ROAD,,NATIONAL ROAD,,"RDO No. 83 -Talisay City, CebuWeb.xls",Sheet 8(060-22)
2203,,,,,"RDO No. 83 -Talisay City, CebuWeb.xls",Sheet 8(060-22)
2204,,,,,"RDO No. 83 -Talisay City, CebuWeb.xls",Sheet 8(060-22)
2205,,,,,"RDO No. 83 -Talisay City, CebuWeb.xls",Sheet 8(060-22)
2206,,,,,"RDO No. 83 -Talisay City, CebuWeb.xls",Sheet 8(060-22)
2207,BLASAB SUBDIVISION,,BLASAB SUBDIVISION,,"RDO No. 83 -Talisay City, CebuWeb.xls",Sheet 8(060-22)
2208,SAN JOSE MARIA VILLAGE****,,SAN JOSE MARIA VILLAGE****,,"RDO No. 83 -Talisay City, CebuWeb.xls",Sheet 8(060-22)
2209,GREEN BROOKE SUBDIVISION****,,GREEN BROOKE SUBDIVISION****,,"RDO No. 83 -Talisay City, CebuWeb.xls",Sheet 8(060-22)
2210,REST OF POOG,,REST OF POOG,,"RDO No. 83 -Talisay City, CebuWeb.xls",Sheet 8(060-22)
2211,,,,,"RDO No. 83 -Talisay City, CebuWeb.xls",Sheet 8(060-22)
2212,,,,,"RDO No. 83 -Talisay City, CebuWeb.xls",Sheet 8(060-22)
2213,Note:   *  5O Meters was deleted to identify correct location,,Note:   *  5O Meters was deleted to identify correct location,5.0,"RDO No. 83 -Talisay City, CebuWeb.xls",Sheet 8(060-22)
2214,"**  All Plain areas would mean coco land, hence A4",,"**  All Plain areas would mean coco land, hence A4",4.0,"RDO No. 83 -Talisay City, CebuWeb.xls",Sheet 8(060-22)
2215,***New classification of lots (no CR lots in previous revision),,***New classification of lots (no CR lots in previous revision),,"RDO No. 83 -Talisay City, CebuWeb.xls",Sheet 8(060-22)
2216,**** New Subdivisions,,**** New Subdivisions,,"RDO No. 83 -Talisay City, CebuWeb.xls",Sheet 8(060-22)
2217,,,,,"RDO No. 83 -Talisay City, CebuWeb.xls",Sheet 8(060-22)
2218,,,,,"RDO No. 83 -Talisay City, CebuWeb.xls",Sheet 8(060-22)
2219,PROVINCE                    : CEBU,,PROVINCE                    : CEBU,,"RDO No. 83 -Talisay City, CebuWeb.xls",Sheet 8(060-22)
2220,CITY/MUNICIPALITY  : TOLEDO CITY,,CITY/MUNICIPALITY  : TOLEDO CITY,,"RDO No. 83 -Talisay City, CebuWeb.xls",Sheet 8(060-22)
2221,ZONE/ BARANGAY     : PUTING BATO,,ZONE/ BARANGAY     : PUTING BATO,,"RDO No. 83 -Talisay City, CebuWeb.xls",Sheet 8(060-22)
2222,STREET NAME/                   SUBDIVISION/CONDOMINIUM,,STREET NAME/                   SUBDIVISION/CONDOMINIUM,,"RDO No. 83 -Talisay City, CebuWeb.xls",Sheet 8(060-22)
2223,ALL LOTS,,ALL LOTS,,"RDO No. 83 -Talisay City, CebuWeb.xls",Sheet 8(060-22)
2224,,,,,"RDO No. 83 -Talisay City, CebuWeb.xls",Sheet 8(060-22)
2225,,,,,"RDO No. 83 -Talisay City, CebuWeb.xls",Sheet 8(060-22)
2226,,,,,"RDO No. 83 -Talisay City, CebuWeb.xls",Sheet 8(060-22)
2227,"Note:  * All low areas would mean Coco land, hence A4",,"Note:  * All low areas would mean Coco land, hence A4",4.0,"RDO No. 83 -Talisay City, CebuWeb.xls",Sheet 8(060-22)
2228,,,,,"RDO No. 83 -Talisay City, CebuWeb.xls",Sheet 8(060-22)
2229,,,,,"RDO No. 83 -Talisay City, CebuWeb.xls",Sheet 8(060-22)
2230,PROVINCE                    : CEBU,,PROVINCE                    : CEBU,,"RDO No. 83 -Talisay City, CebuWeb.xls",Sheet 8(060-22)
2231,CITY/MUNICIPALITY  : TOLEDO CITY,,CITY/MUNICIPALITY  : TOLEDO CITY,,"RDO No. 83 -Talisay City, CebuWeb.xls",Sheet 8(060-22)
2232,ZONE/ BARANGAY     : SAGAY,,ZONE/ BARANGAY     : SAGAY,,"RDO No. 83 -Talisay City, CebuWeb.xls",Sheet 8(060-22)
2233,STREET NAME/                   SUBDIVISION/CONDOMINIUM,,STREET NAME/                   SUBDIVISION/CONDOMINIUM,,"RDO No. 83 -Talisay City, CebuWeb.xls",Sheet 8(060-22)
2234,ALONG BARANGAY ROAD*,,ALONG BARANGAY ROAD*,,"RDO No. 83 -Talisay City, CebuWeb.xls",Sheet 8(060-22)
2235,,,,,"RDO No. 83 -Talisay City, CebuWeb.xls",Sheet 8(060-22)
2236,,,,,"RDO No. 83 -Talisay City, CebuWeb.xls",Sheet 8(060-22)
2237,,,,,"RDO No. 83 -Talisay City, CebuWeb.xls",Sheet 8(060-22)
2238,Note:   *  Redefined from Fronting Bato-Bulongan To Barangay Road,,Note:   *  Redefined from Fronting Bato-Bulongan To Barangay Road,,"RDO No. 83 -Talisay City, CebuWeb.xls",Sheet 8(060-22)
2239,"** Previously"" A"" would mean Other Agricultural Lands, hence A50 and higher value is for Cocoland, hence A4",,"** Previously"" A"" would mean Other Agricultural Lands, hence A50 and higher value is for Cocoland, hence A4",504.0,"RDO No. 83 -Talisay City, CebuWeb.xls",Sheet 8(060-22)
2240,,,,,"RDO No. 83 -Talisay City, CebuWeb.xls",Sheet 8(060-22)
2241,,,,,"RDO No. 83 -Talisay City, CebuWeb.xls",Sheet 8(060-22)
2242,PROVINCE                    : CEBU,,PROVINCE                    : CEBU,,"RDO No. 83 -Talisay City, CebuWeb.xls",Sheet 8(060-22)
2243,CITY/MUNICIPALITY  : TOLEDO CITY,,CITY/MUNICIPALITY  : TOLEDO CITY,,"RDO No. 83 -Talisay City, CebuWeb.xls",Sheet 8(060-22)
2244,ZONE/ BARANGAY     : SAM-ANG,,ZONE/ BARANGAY     : SAM-ANG,,"RDO No. 83 -Talisay City, CebuWeb.xls",Sheet 8(060-22)
2245,STREET NAME/                   SUBDIVISION/CONDOMINIUM,,STREET NAME/                   SUBDIVISION/CONDOMINIUM,,"RDO No. 83 -Talisay City, CebuWeb.xls",Sheet 8(060-22)
2246,ALL LOTS,,ALL LOTS,,"RDO No. 83 -Talisay City, CebuWeb.xls",Sheet 8(060-22)
2247,,,,,"RDO No. 83 -Talisay City, CebuWeb.xls",Sheet 8(060-22)
2248,,,,,"RDO No. 83 -Talisay City, CebuWeb.xls",Sheet 8(060-22)
2249,,,,,"RDO No. 83 -Talisay City, CebuWeb.xls",Sheet 8(060-22)
2250,,,,,"RDO No. 83 -Talisay City, CebuWeb.xls",Sheet 8(060-22)
2251,"Note:   ** Previously"" A"" would mean Coco lands Lands, hence A4  and higher value is for highland, hence A49",,"Note:   ** Previously"" A"" would mean Coco lands Lands, hence A4  and higher value is for highland, hence A49",449.0,"RDO No. 83 -Talisay City, CebuWeb.xls",Sheet 8(060-22)
2252,*New classification of lot,,*New classification of lot,,"RDO No. 83 -Talisay City, CebuWeb.xls",Sheet 8(060-22)
2253,,,,,"RDO No. 83 -Talisay City, CebuWeb.xls",Sheet 8(060-22)
2254,,,,,"RDO No. 83 -Talisay City, CebuWeb.xls",Sheet 8(060-22)
2255,PROVINCE                    : CEBU,,PROVINCE                    : CEBU,,"RDO No. 83 -Talisay City, CebuWeb.xls",Sheet 8(060-22)
2256,CITY/MUNICIPALITY  : TOLEDO CITY,,CITY/MUNICIPALITY  : TOLEDO CITY,,"RDO No. 83 -Talisay City, CebuWeb.xls",Sheet 8(060-22)
2257,ZONE/ BARANGAY     : SANGI*,,ZONE/ BARANGAY     : SANGI*,,"RDO No. 83 -Talisay City, CebuWeb.xls",Sheet 8(060-22)
2258,STREET NAME/                   SUBDIVISION/CONDOMINIUM,,STREET NAME/                   SUBDIVISION/CONDOMINIUM,,"RDO No. 83 -Talisay City, CebuWeb.xls",Sheet 8(060-22)
2259,NATIONAL ROAD,,NATIONAL ROAD,,"RDO No. 83 -Talisay City, CebuWeb.xls",Sheet 8(060-22)
2260,,,,,"RDO No. 83 -Talisay City, CebuWeb.xls",Sheet 8(060-22)
2261,,,,,"RDO No. 83 -Talisay City, CebuWeb.xls",Sheet 8(060-22)
2262,,,,,"RDO No. 83 -Talisay City, CebuWeb.xls",Sheet 8(060-22)
2263,P. LEBUMFACIL ST,,P. LEBUMFACIL ST,,"RDO No. 83 -Talisay City, CebuWeb.xls",Sheet 8(060-22)
2264,S. OSMENA SR. ST***,,S. OSMENA SR. ST***,,"RDO No. 83 -Talisay City, CebuWeb.xls",Sheet 8(060-22)
2265,ALL OTHER STREETS,,ALL OTHER STREETS,,"RDO No. 83 -Talisay City, CebuWeb.xls",Sheet 8(060-22)
2266,,,,,"RDO No. 83 -Talisay City, CebuWeb.xls",Sheet 8(060-22)
2267,"Note:    *   Sangi and Daan Lungsod are two different barangays, hence separated",,"Note:    *   Sangi and Daan Lungsod are two different barangays, hence separated",,"RDO No. 83 -Talisay City, CebuWeb.xls",Sheet 8(060-22)
2268,**   Dumlog Bridge renamed,,**   Dumlog Bridge renamed,,"RDO No. 83 -Talisay City, CebuWeb.xls",Sheet 8(060-22)
2269,***  Poloyapoy Extension renamed,,***  Poloyapoy Extension renamed,,"RDO No. 83 -Talisay City, CebuWeb.xls",Sheet 8(060-22)
2270,"****  Previously"" A"" would mean Other Agricultural Lands, hence A50",,"****  Previously"" A"" would mean Other Agricultural Lands, hence A50",50.0,"RDO No. 83 -Talisay City, CebuWeb.xls",Sheet 8(060-22)
2271,,,,,"RDO No. 83 -Talisay City, CebuWeb.xls",Sheet 8(060-22)
2272,,,,,"RDO No. 83 -Talisay City, CebuWeb.xls",Sheet 8(060-22)
2273,PROVINCE                    : CEBU,,PROVINCE                    : CEBU,,"RDO No. 83 -Talisay City, CebuWeb.xls",Sheet 8(060-22)
2274,CITY/MUNICIPALITY  : TOLEDO CITY,,CITY/MUNICIPALITY  : TOLEDO CITY,,"RDO No. 83 -Talisay City, CebuWeb.xls",Sheet 8(060-22)
2275,ZONE/ BARANGAY     : STO. NINO,,ZONE/ BARANGAY     : STO. NINO,,"RDO No. 83 -Talisay City, CebuWeb.xls",Sheet 8(060-22)
2276,STREET NAME/                   SUBDIVISION/CONDOMINIUM,,STREET NAME/                   SUBDIVISION/CONDOMINIUM,,"RDO No. 83 -Talisay City, CebuWeb.xls",Sheet 8(060-22)
2277,NATIONAL ROAD,,NATIONAL ROAD,,"RDO No. 83 -Talisay City, CebuWeb.xls",Sheet 8(060-22)
2278,,,,,"RDO No. 83 -Talisay City, CebuWeb.xls",Sheet 8(060-22)
2279,,,,,"RDO No. 83 -Talisay City, CebuWeb.xls",Sheet 8(060-22)
2280,,,,,"RDO No. 83 -Talisay City, CebuWeb.xls",Sheet 8(060-22)
2281,FEEDER ROAD,,FEEDER ROAD,,"RDO No. 83 -Talisay City, CebuWeb.xls",Sheet 8(060-22)
2282,,,,,"RDO No. 83 -Talisay City, CebuWeb.xls",Sheet 8(060-22)
2283,,,,,"RDO No. 83 -Talisay City, CebuWeb.xls",Sheet 8(060-22)
2284,,,,,"RDO No. 83 -Talisay City, CebuWeb.xls",Sheet 8(060-22)
2285,,,,,"RDO No. 83 -Talisay City, CebuWeb.xls",Sheet 8(060-22)
2286,Note:   *    Low areas would mean coco land,,Note:   *    Low areas would mean coco land,,"RDO No. 83 -Talisay City, CebuWeb.xls",Sheet 8(060-22)
2287,**    Along Sec. 05 & 05 renamed,,**    Along Sec. 05 & 05 renamed,0.0505,"RDO No. 83 -Talisay City, CebuWeb.xls",Sheet 8(060-22)
2288,*** New classification of lot (No CR in previous revision),,*** New classification of lot (No CR in previous revision),,"RDO No. 83 -Talisay City, CebuWeb.xls",Sheet 8(060-22)
2289,,,,,"RDO No. 83 -Talisay City, CebuWeb.xls",Sheet 8(060-22)
2290,,,,,"RDO No. 83 -Talisay City, CebuWeb.xls",Sheet 8(060-22)
2291,PROVINCE                    : CEBU,,PROVINCE                    : CEBU,,"RDO No. 83 -Talisay City, CebuWeb.xls",Sheet 8(060-22)
2292,CITY/MUNICIPALITY  : TOLEDO CITY,,CITY/MUNICIPALITY  : TOLEDO CITY,,"RDO No. 83 -Talisay City, CebuWeb.xls",Sheet 8(060-22)
2293,ZONE/ BARANGAY     : SUBAYON,,ZONE/ BARANGAY     : SUBAYON,,"RDO No. 83 -Talisay City, CebuWeb.xls",Sheet 8(060-22)
2294,STREET NAME/                   SUBDIVISION/CONDOMINIUM,,STREET NAME/                   SUBDIVISION/CONDOMINIUM,,"RDO No. 83 -Talisay City, CebuWeb.xls",Sheet 8(060-22)
2295,FEEDER ROAD*,,FEEDER ROAD*,,"RDO No. 83 -Talisay City, CebuWeb.xls",Sheet 8(060-22)
2296,,,,,"RDO No. 83 -Talisay City, CebuWeb.xls",Sheet 8(060-22)
2297,REST OF SUBAYON,,REST OF SUBAYON,,"RDO No. 83 -Talisay City, CebuWeb.xls",Sheet 8(060-22)
2298,,,,,"RDO No. 83 -Talisay City, CebuWeb.xls",Sheet 8(060-22)
2299,Note:    *   barangay road,,Note:    *   barangay road,,"RDO No. 83 -Talisay City, CebuWeb.xls",Sheet 8(060-22)
2300,,,,,"RDO No. 83 -Talisay City, CebuWeb.xls",Sheet 8(060-22)
2301,,,,,"RDO No. 83 -Talisay City, CebuWeb.xls",Sheet 8(060-22)
2302,PROVINCE                    : CEBU,,PROVINCE                    : CEBU,,"RDO No. 83 -Talisay City, CebuWeb.xls",Sheet 8(060-22)
2303,CITY/MUNICIPALITY  : TOLEDO CITY,,CITY/MUNICIPALITY  : TOLEDO CITY,,"RDO No. 83 -Talisay City, CebuWeb.xls",Sheet 8(060-22)
2304,ZONE/ BARANGAY     : TALAVERA,,ZONE/ BARANGAY     : TALAVERA,,"RDO No. 83 -Talisay City, CebuWeb.xls",Sheet 8(060-22)
2305,STREET NAME/                   SUBDIVISION/CONDOMINIUM,,STREET NAME/                   SUBDIVISION/CONDOMINIUM,,"RDO No. 83 -Talisay City, CebuWeb.xls",Sheet 8(060-22)
2306,NATIONAL ROAD,,NATIONAL ROAD,,"RDO No. 83 -Talisay City, CebuWeb.xls",Sheet 8(060-22)
2307,NATIONAL ROAD,,NATIONAL ROAD,,"RDO No. 83 -Talisay City, CebuWeb.xls",Sheet 8(060-22)
2308,,,,,"RDO No. 83 -Talisay City, CebuWeb.xls",Sheet 8(060-22)
2309,,,,,"RDO No. 83 -Talisay City, CebuWeb.xls",Sheet 8(060-22)
2310,,,,,"RDO No. 83 -Talisay City, CebuWeb.xls",Sheet 8(060-22)
2311,INTERIOR AREAS,,INTERIOR AREAS,,"RDO No. 83 -Talisay City, CebuWeb.xls",Sheet 8(060-22)
2312,,,,,"RDO No. 83 -Talisay City, CebuWeb.xls",Sheet 8(060-22)
2313,,,,,"RDO No. 83 -Talisay City, CebuWeb.xls",Sheet 8(060-22)
2314,"Note:  *All plain areas would mean Corn Land, hence A16",,"Note:  *All plain areas would mean Corn Land, hence A16",16.0,"RDO No. 83 -Talisay City, CebuWeb.xls",Sheet 8(060-22)
2315,**New classification of lots (No CR lots in previous revision),,**New classification of lots (No CR lots in previous revision),,"RDO No. 83 -Talisay City, CebuWeb.xls",Sheet 8(060-22)
2316,,,,,"RDO No. 83 -Talisay City, CebuWeb.xls",Sheet 8(060-22)
2317,,,,,"RDO No. 83 -Talisay City, CebuWeb.xls",Sheet 8(060-22)
2318,PROVINCE                    : CEBU,,PROVINCE                    : CEBU,,"RDO No. 83 -Talisay City, CebuWeb.xls",Sheet 8(060-22)
2319,CITY/MUNICIPALITY  : TOLEDO CITY,,CITY/MUNICIPALITY  : TOLEDO CITY,,"RDO No. 83 -Talisay City, CebuWeb.xls",Sheet 8(060-22)
2320,ZONE/ BARANGAY     : TUBOD,,ZONE/ BARANGAY     : TUBOD,,"RDO No. 83 -Talisay City, CebuWeb.xls",Sheet 8(060-22)
2321,STREET NAME/                   SUBDIVISION/CONDOMINIUM,,STREET NAME/                   SUBDIVISION/CONDOMINIUM,,"RDO No. 83 -Talisay City, CebuWeb.xls",Sheet 8(060-22)
2322,NATIONAL ROAD,,NATIONAL ROAD,,"RDO No. 83 -Talisay City, CebuWeb.xls",Sheet 8(060-22)
2323,TUBOD-LANDAHAN BDRY,,TUBOD-LANDAHAN BDRY,,"RDO No. 83 -Talisay City, CebuWeb.xls",Sheet 8(060-22)
2324,,,,,"RDO No. 83 -Talisay City, CebuWeb.xls",Sheet 8(060-22)
2325,IL GRANDE RESIDENCES SUBD.**,,IL GRANDE RESIDENCES SUBD.**,,"RDO No. 83 -Talisay City, CebuWeb.xls",Sheet 8(060-22)
2326,UNNAMED SUBD.**,,UNNAMED SUBD.**,,"RDO No. 83 -Talisay City, CebuWeb.xls",Sheet 8(060-22)
2327,ALL OTHER LOTS,,ALL OTHER LOTS,,"RDO No. 83 -Talisay City, CebuWeb.xls",Sheet 8(060-22)
2328,,,,,"RDO No. 83 -Talisay City, CebuWeb.xls",Sheet 8(060-22)
2329,,,,,"RDO No. 83 -Talisay City, CebuWeb.xls",Sheet 8(060-22)
2330,,,,,"RDO No. 83 -Talisay City, CebuWeb.xls",Sheet 8(060-22)
2331,"Note: * All plain areas would mean Corn Land, hence A16",,"Note: * All plain areas would mean Corn Land, hence A16",16.0,"RDO No. 83 -Talisay City, CebuWeb.xls",Sheet 8(060-22)
2332,**New Subdivisions,,**New Subdivisions,,"RDO No. 83 -Talisay City, CebuWeb.xls",Sheet 8(060-22)
2333,,,,,"RDO No. 83 -Talisay City, CebuWeb.xls",Sheet 8(060-22)
2334,PROVINCE                    : CEBU,,PROVINCE                    : CEBU,,"RDO No. 83 -Talisay City, CebuWeb.xls",Sheet 8(060-22)
2335,CITY/MUNICIPALITY  : TOLEDO CITY,,CITY/MUNICIPALITY  : TOLEDO CITY,,"RDO No. 83 -Talisay City, CebuWeb.xls",Sheet 8(060-22)
2336,ZONE/ BARANGAY     : TUNGKAY,,ZONE/ BARANGAY     : TUNGKAY,,"RDO No. 83 -Talisay City, CebuWeb.xls",Sheet 8(060-22)
2337,STREET NAME/                   SUBDIVISION/CONDOMINIUM,,STREET NAME/                   SUBDIVISION/CONDOMINIUM,,"RDO No. 83 -Talisay City, CebuWeb.xls",Sheet 8(060-22)
2338,ALL LOTS,,ALL LOTS,,"RDO No. 83 -Talisay City, CebuWeb.xls",Sheet 8(060-22)
2339,,,,,"RDO No. 83 -Talisay City, CebuWeb.xls",Sheet 8(060-22)
2340,,,,,"RDO No. 83 -Talisay City, CebuWeb.xls",Sheet 8(060-22)
2341,,,,,"RDO No. 83 -Talisay City, CebuWeb.xls",Sheet 8(060-22)
2342,,,,,"RDO No. 83 -Talisay City, CebuWeb.xls",Sheet 8(060-22)
2343,"Note:   *    All Plain areas would mean Coco Land , hence A4",,"Note:   *    All Plain areas would mean Coco Land , hence A4",4.0,"RDO No. 83 -Talisay City, CebuWeb.xls",Sheet 8(060-22)
2344,**  Previously A1 for Hilly lands,,**  Previously A1 for Hilly lands,1.0,"RDO No. 83 -Talisay City, CebuWeb.xls",Sheet 8(060-22)
2345,,,,,"RDO No. 83 -Talisay City, CebuWeb.xls",Sheet 8(060-22)
2346,,,,,"RDO No. 83 -Talisay City, CebuWeb.xls",Sheet 8(060-22)
2347,"REVENUE REGION No. 13, CEBU CITY",,"REVENUE REGION No. 13, CEBU CITY",0.13,"RDO No. 83 -Talisay City, CebuWeb.xls",Sheet 8(060-22)
2348,"REVENUE DISTRICT OFFICE Office No. 83, TALISAY CITY",,"REVENUE DISTRICT OFFICE Office No. 83, TALISAY CITY",0.83,"RDO No. 83 -Talisay City, CebuWeb.xls",Sheet 8(060-22)
2349,,,,,"RDO No. 83 -Talisay City, CebuWeb.xls",Sheet 8(060-22)
2350,PROVINCE                    : CEBU,,PROVINCE                    : CEBU,,"RDO No. 83 -Talisay City, CebuWeb.xls",Sheet 8(060-22)
2351,CITY/MUNICIPALITY  : MINGLANILLA,,CITY/MUNICIPALITY  : MINGLANILLA,,"RDO No. 83 -Talisay City, CebuWeb.xls",Sheet 8(060-22)
2352,ZONE/ BARANGAY     : CANDULAWAN,,ZONE/ BARANGAY     : CANDULAWAN,,"RDO No. 83 -Talisay City, CebuWeb.xls",Sheet 8(060-22)
2353,STREET NAME/                   SUBDIVISION/CONDOMINIUM,,STREET NAME/                   SUBDIVISION/CONDOMINIUM,,"RDO No. 83 -Talisay City, CebuWeb.xls",Sheet 8(060-22)
2354,BARANGAY/PROV'L RD,,BARANGAY/PROV'L RD,,"RDO No. 83 -Talisay City, CebuWeb.xls",Sheet 8(060-22)
2355,,,,,"RDO No. 83 -Talisay City, CebuWeb.xls",Sheet 8(060-22)
2356,INTERIOR AREA,,INTERIOR AREA,,"RDO No. 83 -Talisay City, CebuWeb.xls",Sheet 8(060-22)
2357,,,,,"RDO No. 83 -Talisay City, CebuWeb.xls",Sheet 8(060-22)
2358,CRESCENT VILLE SUBD.,,CRESCENT VILLE SUBD.,,"RDO No. 83 -Talisay City, CebuWeb.xls",Sheet 8(060-22)
2359,FRANCESCA HIGHLANDS,,FRANCESCA HIGHLANDS,,"RDO No. 83 -Talisay City, CebuWeb.xls",Sheet 8(060-22)
2360,ALL OTHER SUBDIVISIONS***,,ALL OTHER SUBDIVISIONS***,,"RDO No. 83 -Talisay City, CebuWeb.xls",Sheet 8(060-22)
2361,"*REDEFINED FROM PREVIOUS VICINITY ""AREAS W/IN 100M ALONG AREAS W/IN 100M ALONG AREAS""",,"*REDEFINED FROM PREVIOUS VICINITY ""AREAS W/IN 100M ALONG AREAS W/IN 100M ALONG AREAS""",100100.0,"RDO No. 83 -Talisay City, CebuWeb.xls",Sheet 8(060-22)
2362,"**REDEFINED FROM PREVIOUS VICINITY ""AREAS W/IN 100M ALONG AREAS W/IN 100M & OVER FR. BRGY/PROV'L ROAD""",,"**REDEFINED FROM PREVIOUS VICINITY ""AREAS W/IN 100M ALONG AREAS W/IN 100M & OVER FR. BRGY/PROV'L ROAD""",100100.0,"RDO No. 83 -Talisay City, CebuWeb.xls",Sheet 8(060-22)
2363,***Provision for new subdivions and/or unidentified subdivisions,,***Provision for new subdivions and/or unidentified subdivisions,,"RDO No. 83 -Talisay City, CebuWeb.xls",Sheet 8(060-22)
2364,,,,,"RDO No. 83 -Talisay City, CebuWeb.xls",Sheet 8(060-22)
2365,,,,,"RDO No. 83 -Talisay City, CebuWeb.xls",Sheet 8(060-22)
2366,PROVINCE                    : CEBU,,PROVINCE                    : CEBU,,"RDO No. 83 -Talisay City, CebuWeb.xls",Sheet 8(060-22)
2367,CITY/MUNICIPALITY  : MINGLANILLA,,CITY/MUNICIPALITY  : MINGLANILLA,,"RDO No. 83 -Talisay City, CebuWeb.xls",Sheet 8(060-22)
2368,ZONE/ BARANGAY     : CALAJO-AN,,ZONE/ BARANGAY     : CALAJO-AN,,"RDO No. 83 -Talisay City, CebuWeb.xls",Sheet 8(060-22)
2369,STREET NAME/                   SUBDIVISION/CONDOMINIUM,,STREET NAME/                   SUBDIVISION/CONDOMINIUM,,"RDO No. 83 -Talisay City, CebuWeb.xls",Sheet 8(060-22)
2370,NATIONAL HIGHWAY,,NATIONAL HIGHWAY,,"RDO No. 83 -Talisay City, CebuWeb.xls",Sheet 8(060-22)
2371,,,,,"RDO No. 83 -Talisay City, CebuWeb.xls",Sheet 8(060-22)
2372,PROVINCIAL/BRGY RD,,PROVINCIAL/BRGY RD,,"RDO No. 83 -Talisay City, CebuWeb.xls",Sheet 8(060-22)
2373,,,,,"RDO No. 83 -Talisay City, CebuWeb.xls",Sheet 8(060-22)
2374,ALL OTHER SUBDIVISIONS,,ALL OTHER SUBDIVISIONS,,"RDO No. 83 -Talisay City, CebuWeb.xls",Sheet 8(060-22)
2375,INTERIOR AREAS,,INTERIOR AREAS,,"RDO No. 83 -Talisay City, CebuWeb.xls",Sheet 8(060-22)
2376,,,,,"RDO No. 83 -Talisay City, CebuWeb.xls",Sheet 8(060-22)
2377,,,,,"RDO No. 83 -Talisay City, CebuWeb.xls",Sheet 8(060-22)
2378,,,,,"RDO No. 83 -Talisay City, CebuWeb.xls",Sheet 8(060-22)
2379,COCO GROVE VILL,,COCO GROVE VILL,,"RDO No. 83 -Talisay City, CebuWeb.xls",Sheet 8(060-22)
2380,HACIENDA SAN AUGUSTIN,,HACIENDA SAN AUGUSTIN,,"RDO No. 83 -Talisay City, CebuWeb.xls",Sheet 8(060-22)
2381,IDA VILLE,,IDA VILLE,,"RDO No. 83 -Talisay City, CebuWeb.xls",Sheet 8(060-22)
2382,LUANA HOMES,,LUANA HOMES,,"RDO No. 83 -Talisay City, CebuWeb.xls",Sheet 8(060-22)
2383,MIMOSA SUBDIVISION *,,MIMOSA SUBDIVISION *,,"RDO No. 83 -Talisay City, CebuWeb.xls",Sheet 8(060-22)
2384,RIVERGATE,,RIVERGATE,,"RDO No. 83 -Talisay City, CebuWeb.xls",Sheet 8(060-22)
2385,SOFTOUCH SUBD,,SOFTOUCH SUBD,,"RDO No. 83 -Talisay City, CebuWeb.xls",Sheet 8(060-22)
2386,ZEN RESIDENCES,,ZEN RESIDENCES,,"RDO No. 83 -Talisay City, CebuWeb.xls",Sheet 8(060-22)
2387,*New subdivision,,*New subdivision,,"RDO No. 83 -Talisay City, CebuWeb.xls",Sheet 8(060-22)
2388,,,,,"RDO No. 83 -Talisay City, CebuWeb.xls",Sheet 8(060-22)
2389,PROVINCE                    : CEBU,,PROVINCE                    : CEBU,,"RDO No. 83 -Talisay City, CebuWeb.xls",Sheet 8(060-22)
2390,CITY/MUNICIPALITY  : MINGLANILLA,,CITY/MUNICIPALITY  : MINGLANILLA,,"RDO No. 83 -Talisay City, CebuWeb.xls",Sheet 8(060-22)
2391,ZONE/ BARANGAY     : CAMP 7,,ZONE/ BARANGAY     : CAMP 7,7.0,"RDO No. 83 -Talisay City, CebuWeb.xls",Sheet 8(060-22)
2392,STREET NAME/                   SUBDIVISION/CONDOMINIUM,,STREET NAME/                   SUBDIVISION/CONDOMINIUM,,"RDO No. 83 -Talisay City, CebuWeb.xls",Sheet 8(060-22)
2393,BARANGAY ROAD,,BARANGAY ROAD,,"RDO No. 83 -Talisay City, CebuWeb.xls",Sheet 8(060-22)
2394,,,,,"RDO No. 83 -Talisay City, CebuWeb.xls",Sheet 8(060-22)
2395,INTERIOR AREA,,INTERIOR AREA,,"RDO No. 83 -Talisay City, CebuWeb.xls",Sheet 8(060-22)
2396,,,,,"RDO No. 83 -Talisay City, CebuWeb.xls",Sheet 8(060-22)
2397,,,,,"RDO No. 83 -Talisay City, CebuWeb.xls",Sheet 8(060-22)
2398,"*REDEFINED FROM PREVIOUS VICINITY ""ALONG & W/IN 100M""",,"*REDEFINED FROM PREVIOUS VICINITY ""ALONG & W/IN 100M""",100.0,"RDO No. 83 -Talisay City, CebuWeb.xls",Sheet 8(060-22)
2399,"*REDEFINED FROM PREVIOUS VICINITY CLASSIFICATION ""100 & OVER FR. BRGY. ROAD""",,"*REDEFINED FROM PREVIOUS VICINITY CLASSIFICATION ""100 & OVER FR. BRGY. ROAD""",,"RDO No. 83 -Talisay City, CebuWeb.xls",Sheet 8(060-22)
2400,,,,,"RDO No. 83 -Talisay City, CebuWeb.xls",Sheet 8(060-22)
2401,,,,,"RDO No. 83 -Talisay City, CebuWeb.xls",Sheet 8(060-22)
2402,PROVINCE                    : CEBU,,PROVINCE                    : CEBU,,"RDO No. 83 -Talisay City, CebuWeb.xls",Sheet 8(060-22)
2403,CITY/MUNICIPALITY  : MINGLANILLA,,CITY/MUNICIPALITY  : MINGLANILLA,,"RDO No. 83 -Talisay City, CebuWeb.xls",Sheet 8(060-22)
2404,ZONE/ BARANGAY     : CAMP 8,,ZONE/ BARANGAY     : CAMP 8,8.0,"RDO No. 83 -Talisay City, CebuWeb.xls",Sheet 8(060-22)
2405,STREET NAME/                   SUBDIVISION/CONDOMINIUM,,STREET NAME/                   SUBDIVISION/CONDOMINIUM,,"RDO No. 83 -Talisay City, CebuWeb.xls",Sheet 8(060-22)
2406,BARANGAY ROAD,,BARANGAY ROAD,,"RDO No. 83 -Talisay City, CebuWeb.xls",Sheet 8(060-22)
2407,,,,,"RDO No. 83 -Talisay City, CebuWeb.xls",Sheet 8(060-22)
2408,INTERIOR AREA,,INTERIOR AREA,,"RDO No. 83 -Talisay City, CebuWeb.xls",Sheet 8(060-22)
2409,,,,,"RDO No. 83 -Talisay City, CebuWeb.xls",Sheet 8(060-22)
2410,,,,,"RDO No. 83 -Talisay City, CebuWeb.xls",Sheet 8(060-22)
2411,"*REDEFINED FROM PREVIOUS VICINITY ""ALONG & W/IN 100M""",,"*REDEFINED FROM PREVIOUS VICINITY ""ALONG & W/IN 100M""",100.0,"RDO No. 83 -Talisay City, CebuWeb.xls",Sheet 8(060-22)
2412,"**REDEFINED FROM PREVIOUS VICINITY ""100M & OVER FR. BRGY. ROAD""",,"**REDEFINED FROM PREVIOUS VICINITY ""100M & OVER FR. BRGY. ROAD""",,"RDO No. 83 -Talisay City, CebuWeb.xls",Sheet 8(060-22)
2413,,,,,"RDO No. 83 -Talisay City, CebuWeb.xls",Sheet 8(060-22)
2414,,,,,"RDO No. 83 -Talisay City, CebuWeb.xls",Sheet 8(060-22)
2415,PROVINCE                    : CEBU,,PROVINCE                    : CEBU,,"RDO No. 83 -Talisay City, CebuWeb.xls",Sheet 8(060-22)
2416,CITY/MUNICIPALITY  : MINGLANILLA,,CITY/MUNICIPALITY  : MINGLANILLA,,"RDO No. 83 -Talisay City, CebuWeb.xls",Sheet 8(060-22)
2417,ZONE/ BARANGAY     : CUANOS,,ZONE/ BARANGAY     : CUANOS,,"RDO No. 83 -Talisay City, CebuWeb.xls",Sheet 8(060-22)
2418,STREET NAME/                   SUBDIVISION/CONDOMINIUM,,STREET NAME/                   SUBDIVISION/CONDOMINIUM,,"RDO No. 83 -Talisay City, CebuWeb.xls",Sheet 8(060-22)
2419,BARANGAY ROAD,,BARANGAY ROAD,,"RDO No. 83 -Talisay City, CebuWeb.xls",Sheet 8(060-22)
2420,,,,,"RDO No. 83 -Talisay City, CebuWeb.xls",Sheet 8(060-22)
2421,,,,,"RDO No. 83 -Talisay City, CebuWeb.xls",Sheet 8(060-22)
2422,,,,,"RDO No. 83 -Talisay City, CebuWeb.xls",Sheet 8(060-22)
2423,,,,,"RDO No. 83 -Talisay City, CebuWeb.xls",Sheet 8(060-22)
2424,AZIENDA AZALIYAH SUBDIVISION ***,,AZIENDA AZALIYAH SUBDIVISION ***,,"RDO No. 83 -Talisay City, CebuWeb.xls",Sheet 8(060-22)
2425,ALL OTHER SUBDIVISIONS****,,ALL OTHER SUBDIVISIONS****,,"RDO No. 83 -Talisay City, CebuWeb.xls",Sheet 8(060-22)
2426,"*REDEFINED FROM PREVIOUS VICINITY ""ALONG & W/IN 100M""",,"*REDEFINED FROM PREVIOUS VICINITY ""ALONG & W/IN 100M""",100.0,"RDO No. 83 -Talisay City, CebuWeb.xls",Sheet 8(060-22)
2427,"**REDEFINED FROM PREVIOUS VICINITY ""100M & OVER FR. BRGY. ROAD""",,"**REDEFINED FROM PREVIOUS VICINITY ""100M & OVER FR. BRGY. ROAD""",,"RDO No. 83 -Talisay City, CebuWeb.xls",Sheet 8(060-22)
2428,***New subdivision,,***New subdivision,,"RDO No. 83 -Talisay City, CebuWeb.xls",Sheet 8(060-22)
2429,****Provision fer new subdivisions and/or unidentified subduvisions,,****Provision fer new subdivisions and/or unidentified subduvisions,,"RDO No. 83 -Talisay City, CebuWeb.xls",Sheet 8(060-22)
2430,,,,,"RDO No. 83 -Talisay City, CebuWeb.xls",Sheet 8(060-22)
2431,,,,,"RDO No. 83 -Talisay City, CebuWeb.xls",Sheet 8(060-22)
2432,PROVINCE                    : CEBU,,PROVINCE                    : CEBU,,"RDO No. 83 -Talisay City, CebuWeb.xls",Sheet 8(060-22)
2433,CITY/MUNICIPALITY  : MINGLANILLA,,CITY/MUNICIPALITY  : MINGLANILLA,,"RDO No. 83 -Talisay City, CebuWeb.xls",Sheet 8(060-22)
2434,ZONE/ BARANGAY     : GUINDARUHAN,,ZONE/ BARANGAY     : GUINDARUHAN,,"RDO No. 83 -Talisay City, CebuWeb.xls",Sheet 8(060-22)
2435,STREET NAME/                   SUBDIVISION/CONDOMINIUM,,STREET NAME/                   SUBDIVISION/CONDOMINIUM,,"RDO No. 83 -Talisay City, CebuWeb.xls",Sheet 8(060-22)
2436,BARANGAY ROAD,,BARANGAY ROAD,,"RDO No. 83 -Talisay City, CebuWeb.xls",Sheet 8(060-22)
2437,,,,,"RDO No. 83 -Talisay City, CebuWeb.xls",Sheet 8(060-22)
2438,INTERIOR AREA,,INTERIOR AREA,,"RDO No. 83 -Talisay City, CebuWeb.xls",Sheet 8(060-22)
2439,,,,,"RDO No. 83 -Talisay City, CebuWeb.xls",Sheet 8(060-22)
2440,,,,,"RDO No. 83 -Talisay City, CebuWeb.xls",Sheet 8(060-22)
2441,"*REDEFINED FROM PREVIOUS VICINITY ""ALONG & W/IN 100M""",,"*REDEFINED FROM PREVIOUS VICINITY ""ALONG & W/IN 100M""",100.0,"RDO No. 83 -Talisay City, CebuWeb.xls",Sheet 8(060-22)
2442,"**REDEFINED FROM PREVIOUS VICINITY ""100M & OVER FR. BRGY. ROAD""",,"**REDEFINED FROM PREVIOUS VICINITY ""100M & OVER FR. BRGY. ROAD""",,"RDO No. 83 -Talisay City, CebuWeb.xls",Sheet 8(060-22)
2443,,,,,"RDO No. 83 -Talisay City, CebuWeb.xls",Sheet 8(060-22)
2444,,,,,"RDO No. 83 -Talisay City, CebuWeb.xls",Sheet 8(060-22)
2445,PROVINCE                    : CEBU,,PROVINCE                    : CEBU,,"RDO No. 83 -Talisay City, CebuWeb.xls",Sheet 8(060-22)
2446,CITY/MUNICIPALITY  : MINGLANILLA,,CITY/MUNICIPALITY  : MINGLANILLA,,"RDO No. 83 -Talisay City, CebuWeb.xls",Sheet 8(060-22)
2447,ZONE/ BARANGAY     : LINAO,,ZONE/ BARANGAY     : LINAO,,"RDO No. 83 -Talisay City, CebuWeb.xls",Sheet 8(060-22)
2448,STREET NAME/                   SUBDIVISION/CONDOMINIUM,,STREET NAME/                   SUBDIVISION/CONDOMINIUM,,"RDO No. 83 -Talisay City, CebuWeb.xls",Sheet 8(060-22)
2449,NATIONAL HI-WAY,,NATIONAL HI-WAY,,"RDO No. 83 -Talisay City, CebuWeb.xls",Sheet 8(060-22)
2450,,,,,"RDO No. 83 -Talisay City, CebuWeb.xls",Sheet 8(060-22)
2451,PROV'L/ BRGY ROAD,,PROV'L/ BRGY ROAD,,"RDO No. 83 -Talisay City, CebuWeb.xls",Sheet 8(060-22)
2452,ALL OTHER SUBDIVISIONS,,ALL OTHER SUBDIVISIONS,,"RDO No. 83 -Talisay City, CebuWeb.xls",Sheet 8(060-22)
2453,,,,,"RDO No. 83 -Talisay City, CebuWeb.xls",Sheet 8(060-22)
2454,,,,,"RDO No. 83 -Talisay City, CebuWeb.xls",Sheet 8(060-22)
2455,ALMAVILLE SUBD,,ALMAVILLE SUBD,,"RDO No. 83 -Talisay City, CebuWeb.xls",Sheet 8(060-22)
2456,AMOR VILLE (NEW),,AMOR VILLE (NEW),,"RDO No. 83 -Talisay City, CebuWeb.xls",Sheet 8(060-22)
2457,BORROMEO ESTATE,,BORROMEO ESTATE,,"RDO No. 83 -Talisay City, CebuWeb.xls",Sheet 8(060-22)
2458,CASA MIRA SUBD,,CASA MIRA SUBD,,"RDO No. 83 -Talisay City, CebuWeb.xls",Sheet 8(060-22)
2459,COUNTRYSIDE VILLAGE,,COUNTRYSIDE VILLAGE,,"RDO No. 83 -Talisay City, CebuWeb.xls",Sheet 8(060-22)
2460,KINGSWOOD VILLAGE,,KINGSWOOD VILLAGE,,"RDO No. 83 -Talisay City, CebuWeb.xls",Sheet 8(060-22)
2461,LA ASHIRA SUBDIVISION **,,LA ASHIRA SUBDIVISION **,,"RDO No. 83 -Talisay City, CebuWeb.xls",Sheet 8(060-22)
2462,PACIFIC VILLAGE,,PACIFIC VILLAGE,,"RDO No. 83 -Talisay City, CebuWeb.xls",Sheet 8(060-22)
2463,VILLA ESTRELITA,,VILLA ESTRELITA,,"RDO No. 83 -Talisay City, CebuWeb.xls",Sheet 8(060-22)
2464,VILLA EVITA SUBD,,VILLA EVITA SUBD,,"RDO No. 83 -Talisay City, CebuWeb.xls",Sheet 8(060-22)
2465,"*REDEFINED FROM PREVIOUS VICINITY "" 100M  & OVER FR. NAT'L HI-WAY & BRGY. ROAD""",,"*REDEFINED FROM PREVIOUS VICINITY "" 100M  & OVER FR. NAT'L HI-WAY & BRGY. ROAD""",,"RDO No. 83 -Talisay City, CebuWeb.xls",Sheet 8(060-22)
2466,**New subdivision,,**New subdivision,,"RDO No. 83 -Talisay City, CebuWeb.xls",Sheet 8(060-22)
2467,,,,,"RDO No. 83 -Talisay City, CebuWeb.xls",Sheet 8(060-22)
2468,PROVINCE                    : CEBU,,PROVINCE                    : CEBU,,"RDO No. 83 -Talisay City, CebuWeb.xls",Sheet 8(060-22)
2469,CITY/MUNICIPALITY  : MINGLANILLA,,CITY/MUNICIPALITY  : MINGLANILLA,,"RDO No. 83 -Talisay City, CebuWeb.xls",Sheet 8(060-22)
2470,ZONE/ BARANGAY     : MANDU-ANG,,ZONE/ BARANGAY     : MANDU-ANG,,"RDO No. 83 -Talisay City, CebuWeb.xls",Sheet 8(060-22)
2471,STREET NAME/                   SUBDIVISION/CONDOMINIUM,,STREET NAME/                   SUBDIVISION/CONDOMINIUM,,"RDO No. 83 -Talisay City, CebuWeb.xls",Sheet 8(060-22)
2472,BARANGAY ROAD,,BARANGAY ROAD,,"RDO No. 83 -Talisay City, CebuWeb.xls",Sheet 8(060-22)
2473,,,,,"RDO No. 83 -Talisay City, CebuWeb.xls",Sheet 8(060-22)
2474,,,,,"RDO No. 83 -Talisay City, CebuWeb.xls",Sheet 8(060-22)
2475,,,,,"RDO No. 83 -Talisay City, CebuWeb.xls",Sheet 8(060-22)
2476,,,,,"RDO No. 83 -Talisay City, CebuWeb.xls",Sheet 8(060-22)
2477,"*REDEFINED FROM PREVIOUS VICINITY ""ALONG & W/IN 100M""",,"*REDEFINED FROM PREVIOUS VICINITY ""ALONG & W/IN 100M""",100.0,"RDO No. 83 -Talisay City, CebuWeb.xls",Sheet 8(060-22)
2478,"**REDEFINED FROM PREVIOUS VICINITY ""100M & OVER FR. BRGY. ROAD""",,"**REDEFINED FROM PREVIOUS VICINITY ""100M & OVER FR. BRGY. ROAD""",,"RDO No. 83 -Talisay City, CebuWeb.xls",Sheet 8(060-22)
2479,,,,,"RDO No. 83 -Talisay City, CebuWeb.xls",Sheet 8(060-22)
2480,PROVINCE                    : CEBU,,PROVINCE                    : CEBU,,"RDO No. 83 -Talisay City, CebuWeb.xls",Sheet 8(060-22)
2481,CITY/MUNICIPALITY  : MINGLANILLA,,CITY/MUNICIPALITY  : MINGLANILLA,,"RDO No. 83 -Talisay City, CebuWeb.xls",Sheet 8(060-22)
2482,ZONE/ BARANGAY     : PAKIGNE,,ZONE/ BARANGAY     : PAKIGNE,,"RDO No. 83 -Talisay City, CebuWeb.xls",Sheet 8(060-22)
2483,STREET NAME/                   SUBDIVISION/CONDOMINIUM,,STREET NAME/                   SUBDIVISION/CONDOMINIUM,,"RDO No. 83 -Talisay City, CebuWeb.xls",Sheet 8(060-22)
2484,NATIONAL HI-WAY,,NATIONAL HI-WAY,,"RDO No. 83 -Talisay City, CebuWeb.xls",Sheet 8(060-22)
2485,,,,,"RDO No. 83 -Talisay City, CebuWeb.xls",Sheet 8(060-22)
2486,PROV'L/ BRGY ROAD,,PROV'L/ BRGY ROAD,,"RDO No. 83 -Talisay City, CebuWeb.xls",Sheet 8(060-22)
2487,ALL OTHER  SUBDIVISIONS,,ALL OTHER  SUBDIVISIONS,,"RDO No. 83 -Talisay City, CebuWeb.xls",Sheet 8(060-22)
2488,INTERIOR AREA,,INTERIOR AREA,,"RDO No. 83 -Talisay City, CebuWeb.xls",Sheet 8(060-22)
2489,,,,,"RDO No. 83 -Talisay City, CebuWeb.xls",Sheet 8(060-22)
2490,ANITAS SUBD**,,ANITAS SUBD**,,"RDO No. 83 -Talisay City, CebuWeb.xls",Sheet 8(060-22)
2491,BELMONT VILLAGE,,BELMONT VILLAGE,,"RDO No. 83 -Talisay City, CebuWeb.xls",Sheet 8(060-22)
2492,VILLA PURITA HILLS SUBD. PHASE 2,,VILLA PURITA HILLS SUBD. PHASE 2,0.2,"RDO No. 83 -Talisay City, CebuWeb.xls",Sheet 8(060-22)
2493,EASY ACCESS SUBD. PHASE 2,,EASY ACCESS SUBD. PHASE 2,0.2,"RDO No. 83 -Talisay City, CebuWeb.xls",Sheet 8(060-22)
2494,SPRING VILLAGE,,SPRING VILLAGE,,"RDO No. 83 -Talisay City, CebuWeb.xls",Sheet 8(060-22)
2495,GARDEN BLOOM VILLA**,,GARDEN BLOOM VILLA**,,"RDO No. 83 -Talisay City, CebuWeb.xls",Sheet 8(060-22)
2496,LUCENA HOMES ***,,LUCENA HOMES ***,,"RDO No. 83 -Talisay City, CebuWeb.xls",Sheet 8(060-22)
2497,MEADOW LAND,,MEADOW LAND,,"RDO No. 83 -Talisay City, CebuWeb.xls",Sheet 8(060-22)
2498,STO. NIÑO RIVERVIEW,,STO. NIÑO RIVERVIEW,,"RDO No. 83 -Talisay City, CebuWeb.xls",Sheet 8(060-22)
2499,VEL-PAL ESTATE,,VEL-PAL ESTATE,,"RDO No. 83 -Talisay City, CebuWeb.xls",Sheet 8(060-22)
2500,VILLA PURITA HILLS REISIDENCES,,VILLA PURITA HILLS REISIDENCES,,"RDO No. 83 -Talisay City, CebuWeb.xls",Sheet 8(060-22)
2501,"*REDEFINED FROM PREVIOUS VICINITY "" WITHIN 100M FROM RD""",,"*REDEFINED FROM PREVIOUS VICINITY "" WITHIN 100M FROM RD""",100.0,"RDO No. 83 -Talisay City, CebuWeb.xls",Sheet 8(060-22)
2502,** PREVIOUS NAME - ANITAS SUBD,,** PREVIOUS NAME - ANITAS SUBD,,"RDO No. 83 -Talisay City, CebuWeb.xls",Sheet 8(060-22)
2503,***New subdivision,,***New subdivision,,"RDO No. 83 -Talisay City, CebuWeb.xls",Sheet 8(060-22)
2504,PROVINCE                    : CEBU,,PROVINCE                    : CEBU,,"RDO No. 83 -Talisay City, CebuWeb.xls",Sheet 8(060-22)
2505,CITY/MUNICIPALITY  : MINGLANILLA,,CITY/MUNICIPALITY  : MINGLANILLA,,"RDO No. 83 -Talisay City, CebuWeb.xls",Sheet 8(060-22)
2506,"ZONE/ BARANGAY     : POBLACION (WARD I,II,III & IV)",,"ZONE/ BARANGAY     : POBLACION (WARD I,II,III & IV)",,"RDO No. 83 -Talisay City, CebuWeb.xls",Sheet 8(060-22)
2507,STREET NAME/                   SUBDIVISION/CONDOMINIUM,,STREET NAME/                   SUBDIVISION/CONDOMINIUM,,"RDO No. 83 -Talisay City, CebuWeb.xls",Sheet 8(060-22)
2508,NATIONAL HIGHWAY,,NATIONAL HIGHWAY,,"RDO No. 83 -Talisay City, CebuWeb.xls",Sheet 8(060-22)
2509,,,,,"RDO No. 83 -Talisay City, CebuWeb.xls",Sheet 8(060-22)
2510,,,,,"RDO No. 83 -Talisay City, CebuWeb.xls",Sheet 8(060-22)
2511,C. CABALLERO ST,,C. CABALLERO ST,,"RDO No. 83 -Talisay City, CebuWeb.xls",Sheet 8(060-22)
2512,*GIMINEZ ST,,*GIMINEZ ST,,"RDO No. 83 -Talisay City, CebuWeb.xls",Sheet 8(060-22)
2513,L. CANA ST & EXT,,L. CANA ST & EXT,,"RDO No. 83 -Talisay City, CebuWeb.xls",Sheet 8(060-22)
2514,P CANONEO ST,,P CANONEO ST,,"RDO No. 83 -Talisay City, CebuWeb.xls",Sheet 8(060-22)
2515,P DIAZ ST,,P DIAZ ST,,"RDO No. 83 -Talisay City, CebuWeb.xls",Sheet 8(060-22)
2516,P VILLORDON,,P VILLORDON,,"RDO No. 83 -Talisay City, CebuWeb.xls",Sheet 8(060-22)
2517,RM VILLORDON,,RM VILLORDON,,"RDO No. 83 -Talisay City, CebuWeb.xls",Sheet 8(060-22)
2518,"R OSMENA, SR. ST",,"R OSMENA, SR. ST",,"RDO No. 83 -Talisay City, CebuWeb.xls",Sheet 8(060-22)
2519,TELO COMMERCIAL & RESIDENTIAL COMMUNITIES **,,TELO COMMERCIAL & RESIDENTIAL COMMUNITIES **,,"RDO No. 83 -Talisay City, CebuWeb.xls",Sheet 8(060-22)
2520,,,,,"RDO No. 83 -Talisay City, CebuWeb.xls",Sheet 8(060-22)
2521,TRES DE MAYO ST,,TRES DE MAYO ST,,"RDO No. 83 -Talisay City, CebuWeb.xls",Sheet 8(060-22)
2522,18 DE JUNIO ST.,,18 DE JUNIO ST.,18.0,"RDO No. 83 -Talisay City, CebuWeb.xls",Sheet 8(060-22)
2523,SIERRA POINT SUBD ***,,SIERRA POINT SUBD ***,,"RDO No. 83 -Talisay City, CebuWeb.xls",Sheet 8(060-22)
2524,ST. LEADING TO CEMETERY,,ST. LEADING TO CEMETERY,,"RDO No. 83 -Talisay City, CebuWeb.xls",Sheet 8(060-22)
2525,TRES DE MAYO,,TRES DE MAYO,,"RDO No. 83 -Talisay City, CebuWeb.xls",Sheet 8(060-22)
2526,GRACELAND IV,,GRACELAND IV,,"RDO No. 83 -Talisay City, CebuWeb.xls",Sheet 8(060-22)
2527,ALL OTHER SUBDIVISIONS****,,ALL OTHER SUBDIVISIONS****,,"RDO No. 83 -Talisay City, CebuWeb.xls",Sheet 8(060-22)
2528,*FORMERLY REFERRED TO E. RODRIGUEZ ST.,,*FORMERLY REFERRED TO E. RODRIGUEZ ST.,,"RDO No. 83 -Talisay City, CebuWeb.xls",Sheet 8(060-22)
2529,**New commercial and residential subdivisions,,**New commercial and residential subdivisions,,"RDO No. 83 -Talisay City, CebuWeb.xls",Sheet 8(060-22)
2530,***New subdivision,,***New subdivision,,"RDO No. 83 -Talisay City, CebuWeb.xls",Sheet 8(060-22)
2531,****Provision for new subdivisions and/or unidentified subdivisions,,****Provision for new subdivisions and/or unidentified subdivisions,,"RDO No. 83 -Talisay City, CebuWeb.xls",Sheet 8(060-22)
2532,,,,,"RDO No. 83 -Talisay City, CebuWeb.xls",Sheet 8(060-22)
2533,,,,,"RDO No. 83 -Talisay City, CebuWeb.xls",Sheet 8(060-22)
2534,PROVINCE                    : CEBU,,PROVINCE                    : CEBU,,"RDO No. 83 -Talisay City, CebuWeb.xls",Sheet 8(060-22)
2535,CITY/MUNICIPALITY  : MINGLANILLA,,CITY/MUNICIPALITY  : MINGLANILLA,,"RDO No. 83 -Talisay City, CebuWeb.xls",Sheet 8(060-22)
2536,ZONE/ BARANGAY     : TUBOD,,ZONE/ BARANGAY     : TUBOD,,"RDO No. 83 -Talisay City, CebuWeb.xls",Sheet 8(060-22)
2537,STREET NAME/                   SUBDIVISION/CONDOMINIUM,,STREET NAME/                   SUBDIVISION/CONDOMINIUM,,"RDO No. 83 -Talisay City, CebuWeb.xls",Sheet 8(060-22)
2538,PROV'L ROAD,,PROV'L ROAD,,"RDO No. 83 -Talisay City, CebuWeb.xls",Sheet 8(060-22)
2539,,,,,"RDO No. 83 -Talisay City, CebuWeb.xls",Sheet 8(060-22)
2540,BRGY RD,,BRGY RD,,"RDO No. 83 -Talisay City, CebuWeb.xls",Sheet 8(060-22)
2541,INTERIOR AREA,,INTERIOR AREA,,"RDO No. 83 -Talisay City, CebuWeb.xls",Sheet 8(060-22)
2542,,,,,"RDO No. 83 -Talisay City, CebuWeb.xls",Sheet 8(060-22)
2543,,,,,"RDO No. 83 -Talisay City, CebuWeb.xls",Sheet 8(060-22)
2544,CEBU SOUTH PLAINS SUBDIVISION *,,CEBU SOUTH PLAINS SUBDIVISION *,,"RDO No. 83 -Talisay City, CebuWeb.xls",Sheet 8(060-22)
2545,CLUB 30 HEIGHTS SUBD.,,CLUB 30 HEIGHTS SUBD.,30.0,"RDO No. 83 -Talisay City, CebuWeb.xls",Sheet 8(060-22)
2546,MINGLANILLA HIGHLAND PHASE 2 *,,MINGLANILLA HIGHLAND PHASE 2 *,2.0,"RDO No. 83 -Talisay City, CebuWeb.xls",Sheet 8(060-22)
2547,PENN DAVE MANOR SUBDIVISION*,,PENN DAVE MANOR SUBDIVISION*,,"RDO No. 83 -Talisay City, CebuWeb.xls",Sheet 8(060-22)
2548,SOUTHERN HILLS,,SOUTHERN HILLS,,"RDO No. 83 -Talisay City, CebuWeb.xls",Sheet 8(060-22)
2549,ALL OTHER SUBDIVISIONS**,,ALL OTHER SUBDIVISIONS**,,"RDO No. 83 -Talisay City, CebuWeb.xls",Sheet 8(060-22)
2550,*New subdivision,,*New subdivision,,"RDO No. 83 -Talisay City, CebuWeb.xls",Sheet 8(060-22)
2551,**Provision for new subdivisions and/or unidentified subdivisions,,**Provision for new subdivisions and/or unidentified subdivisions,,"RDO No. 83 -Talisay City, CebuWeb.xls",Sheet 8(060-22)
2552,,,,,"RDO No. 83 -Talisay City, CebuWeb.xls",Sheet 8(060-22)
2553,,,,,"RDO No. 83 -Talisay City, CebuWeb.xls",Sheet 8(060-22)
2554,PROVINCE                    : CEBU,,PROVINCE                    : CEBU,,"RDO No. 83 -Talisay City, CebuWeb.xls",Sheet 8(060-22)
2555,CITY/MUNICIPALITY  : MINGLANILLA,,CITY/MUNICIPALITY  : MINGLANILLA,,"RDO No. 83 -Talisay City, CebuWeb.xls",Sheet 8(060-22)
2556,ZONE/ BARANGAY     : TULAY,,ZONE/ BARANGAY     : TULAY,,"RDO No. 83 -Talisay City, CebuWeb.xls",Sheet 8(060-22)
2557,STREET NAME/                   SUBDIVISION/CONDOMINIUM,,STREET NAME/                   SUBDIVISION/CONDOMINIUM,,"RDO No. 83 -Talisay City, CebuWeb.xls",Sheet 8(060-22)
2558,NATIONAL HIGHWAY,,NATIONAL HIGHWAY,,"RDO No. 83 -Talisay City, CebuWeb.xls",Sheet 8(060-22)
2559,,,,,"RDO No. 83 -Talisay City, CebuWeb.xls",Sheet 8(060-22)
2560,PROVINCIAL. BARANGAY ROAD,,PROVINCIAL. BARANGAY ROAD,,"RDO No. 83 -Talisay City, CebuWeb.xls",Sheet 8(060-22)
2561,,,,,"RDO No. 83 -Talisay City, CebuWeb.xls",Sheet 8(060-22)
2562,ALL OTHER SUBDIVISIONS,,ALL OTHER SUBDIVISIONS,,"RDO No. 83 -Talisay City, CebuWeb.xls",Sheet 8(060-22)
2563,INTERIOR AREAS,,INTERIOR AREAS,,"RDO No. 83 -Talisay City, CebuWeb.xls",Sheet 8(060-22)
2564,,,,,"RDO No. 83 -Talisay City, CebuWeb.xls",Sheet 8(060-22)
2565,,,,,"RDO No. 83 -Talisay City, CebuWeb.xls",Sheet 8(060-22)
2566,INDUSTRIAL,,INDUSTRIAL,,"RDO No. 83 -Talisay City, CebuWeb.xls",Sheet 8(060-22)
2567,CLS PROPERTIES INC,,CLS PROPERTIES INC,,"RDO No. 83 -Talisay City, CebuWeb.xls",Sheet 8(060-22)
2568,FORTE D VERSAILES PHASE III,,FORTE D VERSAILES PHASE III,,"RDO No. 83 -Talisay City, CebuWeb.xls",Sheet 8(060-22)
2569,SPRINGWOOD COUNTRY,,SPRINGWOOD COUNTRY,,"RDO No. 83 -Talisay City, CebuWeb.xls",Sheet 8(060-22)
2570,SOUTH RIDGE RESIDENCES,,SOUTH RIDGE RESIDENCES,,"RDO No. 83 -Talisay City, CebuWeb.xls",Sheet 8(060-22)
2571,,,,,"RDO No. 83 -Talisay City, CebuWeb.xls",Sheet 8(060-22)
2572,,,,,"RDO No. 83 -Talisay City, CebuWeb.xls",Sheet 8(060-22)
2573,PROVINCE                    : CEBU,,PROVINCE                    : CEBU,,"RDO No. 83 -Talisay City, CebuWeb.xls",Sheet 8(060-22)
2574,CITY/MUNICIPALITY  : MINGLANILLA,,CITY/MUNICIPALITY  : MINGLANILLA,,"RDO No. 83 -Talisay City, CebuWeb.xls",Sheet 8(060-22)
2575,ZONE/ BARANGAY     : TUNGHA-AN,,ZONE/ BARANGAY     : TUNGHA-AN,,"RDO No. 83 -Talisay City, CebuWeb.xls",Sheet 8(060-22)
2576,STREET NAME/                   SUBDIVISION/CONDOMINIUM,,STREET NAME/                   SUBDIVISION/CONDOMINIUM,,"RDO No. 83 -Talisay City, CebuWeb.xls",Sheet 8(060-22)
2577,NATIONAL HIGHWAY,,NATIONAL HIGHWAY,,"RDO No. 83 -Talisay City, CebuWeb.xls",Sheet 8(060-22)
2578,,,,,"RDO No. 83 -Talisay City, CebuWeb.xls",Sheet 8(060-22)
2579,PROVINCIAL/ BARANGAY ROAD,,PROVINCIAL/ BARANGAY ROAD,,"RDO No. 83 -Talisay City, CebuWeb.xls",Sheet 8(060-22)
2580,,,,,"RDO No. 83 -Talisay City, CebuWeb.xls",Sheet 8(060-22)
2581,ALL OTHER SUBDIVISIONS,,ALL OTHER SUBDIVISIONS,,"RDO No. 83 -Talisay City, CebuWeb.xls",Sheet 8(060-22)
2582,INTERIOR AREAS,,INTERIOR AREAS,,"RDO No. 83 -Talisay City, CebuWeb.xls",Sheet 8(060-22)
2583,,,,,"RDO No. 83 -Talisay City, CebuWeb.xls",Sheet 8(060-22)
2584,6K SUGBO VILL,,6K SUGBO VILL,6.0,"RDO No. 83 -Talisay City, CebuWeb.xls",Sheet 8(060-22)
2585,AMALAYAN DOS RESIDENCES *,,AMALAYAN DOS RESIDENCES *,,"RDO No. 83 -Talisay City, CebuWeb.xls",Sheet 8(060-22)
2586,"BELAGIO 1, 2",,"BELAGIO 1, 2",12.0,"RDO No. 83 -Talisay City, CebuWeb.xls",Sheet 8(060-22)
2587,CARMENVILLE SUBD,,CARMENVILLE SUBD,,"RDO No. 83 -Talisay City, CebuWeb.xls",Sheet 8(060-22)
2588,CFI SUBD,,CFI SUBD,,"RDO No. 83 -Talisay City, CebuWeb.xls",Sheet 8(060-22)
2589,CITY HOMES SUBD *,,CITY HOMES SUBD *,,"RDO No. 83 -Talisay City, CebuWeb.xls",Sheet 8(060-22)
2590,DECA HOMES,,DECA HOMES,,"RDO No. 83 -Talisay City, CebuWeb.xls",Sheet 8(060-22)
2591,EAGLES PEAK SUBD,,EAGLES PEAK SUBD,,"RDO No. 83 -Talisay City, CebuWeb.xls",Sheet 8(060-22)
2592,KAMALAYA DOS RESIDENCES *,,KAMALAYA DOS RESIDENCES *,,"RDO No. 83 -Talisay City, CebuWeb.xls",Sheet 8(060-22)
2593,KAMALAYA TERRACES,,KAMALAYA TERRACES,,"RDO No. 83 -Talisay City, CebuWeb.xls",Sheet 8(060-22)
2594,KASCIA HOMES,,KASCIA HOMES,,"RDO No. 83 -Talisay City, CebuWeb.xls",Sheet 8(060-22)
2595,MODENA SUBD,,MODENA SUBD,,"RDO No. 83 -Talisay City, CebuWeb.xls",Sheet 8(060-22)
2596,MODENA TOWN SQUARE CONDOMINIUM**,,MODENA TOWN SQUARE CONDOMINIUM**,,"RDO No. 83 -Talisay City, CebuWeb.xls",Sheet 8(060-22)
2597,,,,,"RDO No. 83 -Talisay City, CebuWeb.xls",Sheet 8(060-22)
2598,SAN JOSE MARIA VILL,,SAN JOSE MARIA VILL,,"RDO No. 83 -Talisay City, CebuWeb.xls",Sheet 8(060-22)
2599,ST. JOSEPH VILL,,ST. JOSEPH VILL,,"RDO No. 83 -Talisay City, CebuWeb.xls",Sheet 8(060-22)
2600,ST. PETER VILL,,ST. PETER VILL,,"RDO No. 83 -Talisay City, CebuWeb.xls",Sheet 8(060-22)
2601,RICKSVILLE HEIGHT,,RICKSVILLE HEIGHT,,"RDO No. 83 -Talisay City, CebuWeb.xls",Sheet 8(060-22)
2602,VELMIRO HEIGHTS,,VELMIRO HEIGHTS,,"RDO No. 83 -Talisay City, CebuWeb.xls",Sheet 8(060-22)
2603,*New subdivisions,,*New subdivisions,,"RDO No. 83 -Talisay City, CebuWeb.xls",Sheet 8(060-22)
2604,**New condominium,,**New condominium,,"RDO No. 83 -Talisay City, CebuWeb.xls",Sheet 8(060-22)
2605,,,,,"RDO No. 83 -Talisay City, CebuWeb.xls",Sheet 8(060-22)
2606,,,,,"RDO No. 83 -Talisay City, CebuWeb.xls",Sheet 8(060-22)
2607,PROVINCE                    : CEBU,,PROVINCE                    : CEBU,,"RDO No. 83 -Talisay City, CebuWeb.xls",Sheet 8(060-22)
2608,CITY/MUNICIPALITY  : MINGLANILLA,,CITY/MUNICIPALITY  : MINGLANILLA,,"RDO No. 83 -Talisay City, CebuWeb.xls",Sheet 8(060-22)
2609,ZONE/ BARANGAY     : TUNGKIL,,ZONE/ BARANGAY     : TUNGKIL,,"RDO No. 83 -Talisay City, CebuWeb.xls",Sheet 8(060-22)
2610,STREET NAME/                   SUBDIVISION/CONDOMINIUM,,STREET NAME/                   SUBDIVISION/CONDOMINIUM,,"RDO No. 83 -Talisay City, CebuWeb.xls",Sheet 8(060-22)
2611,BARANGAY ROAD,,BARANGAY ROAD,,"RDO No. 83 -Talisay City, CebuWeb.xls",Sheet 8(060-22)
2612,,,,,"RDO No. 83 -Talisay City, CebuWeb.xls",Sheet 8(060-22)
2613,ALL OTHER SUBDIVISIONS,,ALL OTHER SUBDIVISIONS,,"RDO No. 83 -Talisay City, CebuWeb.xls",Sheet 8(060-22)
2614,INTERIOR AREA,,INTERIOR AREA,,"RDO No. 83 -Talisay City, CebuWeb.xls",Sheet 8(060-22)
2615,,,,,"RDO No. 83 -Talisay City, CebuWeb.xls",Sheet 8(060-22)
2616,,,,,"RDO No. 83 -Talisay City, CebuWeb.xls",Sheet 8(060-22)
2617,,,,,"RDO No. 83 -Talisay City, CebuWeb.xls",Sheet 8(060-22)
2618,INDUSTRIAL,,INDUSTRIAL,,"RDO No. 83 -Talisay City, CebuWeb.xls",Sheet 8(060-22)
2619,AGUSTINA VILLAGE,,AGUSTINA VILLAGE,,"RDO No. 83 -Talisay City, CebuWeb.xls",Sheet 8(060-22)
2620,ANAMI HOMES SOUTHWINDS,,ANAMI HOMES SOUTHWINDS,,"RDO No. 83 -Talisay City, CebuWeb.xls",Sheet 8(060-22)
2621,DECA HOMES,,DECA HOMES,,"RDO No. 83 -Talisay City, CebuWeb.xls",Sheet 8(060-22)
2622,HABITAT FOR HUMANITY,,HABITAT FOR HUMANITY,,"RDO No. 83 -Talisay City, CebuWeb.xls",Sheet 8(060-22)
2623,MINGLANILLA HOMES,,MINGLANILLA HOMES,,"RDO No. 83 -Talisay City, CebuWeb.xls",Sheet 8(060-22)
2624,RIVER BREEZE BUDGET HOMES,,RIVER BREEZE BUDGET HOMES,,"RDO No. 83 -Talisay City, CebuWeb.xls",Sheet 8(060-22)
2625,"VILLA CELINA I, II, III",,"VILLA CELINA I, II, III",,"RDO No. 83 -Talisay City, CebuWeb.xls",Sheet 8(060-22)
2626,VILLA FELIZA,,VILLA FELIZA,,"RDO No. 83 -Talisay City, CebuWeb.xls",Sheet 8(060-22)
2627,,,,,"RDO No. 83 -Talisay City, CebuWeb.xls",Sheet 8(060-22)
2628,,,,,"RDO No. 83 -Talisay City, CebuWeb.xls",Sheet 8(060-22)
2629,PROVINCE                    : CEBU,,PROVINCE                    : CEBU,,"RDO No. 83 -Talisay City, CebuWeb.xls",Sheet 8(060-22)
2630,CITY/MUNICIPALITY  : MINGLANILLA,,CITY/MUNICIPALITY  : MINGLANILLA,,"RDO No. 83 -Talisay City, CebuWeb.xls",Sheet 8(060-22)
2631,ZONE/ BARANGAY     : TUNGKOP,,ZONE/ BARANGAY     : TUNGKOP,,"RDO No. 83 -Talisay City, CebuWeb.xls",Sheet 8(060-22)
2632,STREET NAME/                   SUBDIVISION/CONDOMINIUM,,STREET NAME/                   SUBDIVISION/CONDOMINIUM,,"RDO No. 83 -Talisay City, CebuWeb.xls",Sheet 8(060-22)
2633,NATIONAL HI-WAY,,NATIONAL HI-WAY,,"RDO No. 83 -Talisay City, CebuWeb.xls",Sheet 8(060-22)
2634,,,,,"RDO No. 83 -Talisay City, CebuWeb.xls",Sheet 8(060-22)
2635,PROV'L/ BRGY ROAD,,PROV'L/ BRGY ROAD,,"RDO No. 83 -Talisay City, CebuWeb.xls",Sheet 8(060-22)
2636,,,,,"RDO No. 83 -Talisay City, CebuWeb.xls",Sheet 8(060-22)
2637,,,,,"RDO No. 83 -Talisay City, CebuWeb.xls",Sheet 8(060-22)
2638,ALL OTHER SUBDIVISIONS,,ALL OTHER SUBDIVISIONS,,"RDO No. 83 -Talisay City, CebuWeb.xls",Sheet 8(060-22)
2639,INTERIOR AREAS,,INTERIOR AREAS,,"RDO No. 83 -Talisay City, CebuWeb.xls",Sheet 8(060-22)
2640,,,,,"RDO No. 83 -Talisay City, CebuWeb.xls",Sheet 8(060-22)
2641,,,,,"RDO No. 83 -Talisay City, CebuWeb.xls",Sheet 8(060-22)
2642,,,,,"RDO No. 83 -Talisay City, CebuWeb.xls",Sheet 8(060-22)
2643,CASCIA HOMES PROJ,,CASCIA HOMES PROJ,,"RDO No. 83 -Talisay City, CebuWeb.xls",Sheet 8(060-22)
2644,CORAL BAY SUBD,,CORAL BAY SUBD,,"RDO No. 83 -Talisay City, CebuWeb.xls",Sheet 8(060-22)
2645,LA BIENVENIDA EXT.,,LA BIENVENIDA EXT.,,"RDO No. 83 -Talisay City, CebuWeb.xls",Sheet 8(060-22)
2646,MAZARI COVE,,MAZARI COVE,,"RDO No. 83 -Talisay City, CebuWeb.xls",Sheet 8(060-22)
2647,MIDORI PLAINS,,MIDORI PLAINS,,"RDO No. 83 -Talisay City, CebuWeb.xls",Sheet 8(060-22)
2648,PRIMITIVA CMPD,,PRIMITIVA CMPD,,"RDO No. 83 -Talisay City, CebuWeb.xls",Sheet 8(060-22)
2649,SOUTH CITY HOMES,,SOUTH CITY HOMES,,"RDO No. 83 -Talisay City, CebuWeb.xls",Sheet 8(060-22)
2650,,,,,"RDO No. 83 -Talisay City, CebuWeb.xls",Sheet 8(060-22)
2651,PROVINCE                    : CEBU,,PROVINCE                    : CEBU,,"RDO No. 83 -Talisay City, CebuWeb.xls",Sheet 8(060-22)
2652,CITY/MUNICIPALITY  : MINGLANILLA,,CITY/MUNICIPALITY  : MINGLANILLA,,"RDO No. 83 -Talisay City, CebuWeb.xls",Sheet 8(060-22)
2653,ZONE/ BARANGAY     : VITO,,ZONE/ BARANGAY     : VITO,,"RDO No. 83 -Talisay City, CebuWeb.xls",Sheet 8(060-22)
2654,STREET NAME/                   SUBDIVISION/CONDOMINIUM,,STREET NAME/                   SUBDIVISION/CONDOMINIUM,,"RDO No. 83 -Talisay City, CebuWeb.xls",Sheet 8(060-22)
2655,BARANGAY ROAD/ PROV'L RD,,BARANGAY ROAD/ PROV'L RD,,"RDO No. 83 -Talisay City, CebuWeb.xls",Sheet 8(060-22)
2656,ALL OTHER SUBDIVISION,,ALL OTHER SUBDIVISION,,"RDO No. 83 -Talisay City, CebuWeb.xls",Sheet 8(060-22)
2657,INTERIOR AREA,,INTERIOR AREA,,"RDO No. 83 -Talisay City, CebuWeb.xls",Sheet 8(060-22)
2658,,,,,"RDO No. 83 -Talisay City, CebuWeb.xls",Sheet 8(060-22)
2659,EL MONTE CARLO SUBD,,EL MONTE CARLO SUBD,,"RDO No. 83 -Talisay City, CebuWeb.xls",Sheet 8(060-22)
2660,VALLE DE VITO SUBD,,VALLE DE VITO SUBD,,"RDO No. 83 -Talisay City, CebuWeb.xls",Sheet 8(060-22)
2661,VICTORIA HEIGHTS SUBD,,VICTORIA HEIGHTS SUBD,,"RDO No. 83 -Talisay City, CebuWeb.xls",Sheet 8(060-22)
2662,,,,,"RDO No. 83 -Talisay City, CebuWeb.xls",Sheet 8(060-22)
2663,,,,,"RDO No. 83 -Talisay City, CebuWeb.xls",Sheet 8(060-22)
2664,"REVENUE REGION No. 13, CEBU CITY",,"REVENUE REGION No. 13, CEBU CITY",0.13,"RDO No. 83 -Talisay City, CebuWeb.xls",Sheet 8(060-22)
2665,"REVENUE DISTRICT OFFICE Office No. 83, TALISAY CITY",,"REVENUE DISTRICT OFFICE Office No. 83, TALISAY CITY",0.83,"RDO No. 83 -Talisay City, CebuWeb.xls",Sheet 8(060-22)
2666,,,,,"RDO No. 83 -Talisay City, CebuWeb.xls",Sheet 8(060-22)
2667,PROVINCE                    : CEBU,,PROVINCE                    : CEBU,,"RDO No. 83 -Talisay City, CebuWeb.xls",Sheet 8(060-22)
2668,CITY/MUNICIPALITY  : SAN FERNANDO,,CITY/MUNICIPALITY  : SAN FERNANDO,,"RDO No. 83 -Talisay City, CebuWeb.xls",Sheet 8(060-22)
2669,ZONE/ BARANGAY     : NORTH POBLACION,,ZONE/ BARANGAY     : NORTH POBLACION,,"RDO No. 83 -Talisay City, CebuWeb.xls",Sheet 8(060-22)
2670,STREET NAME/                   SUBDIVISION/CONDOMINIUM,,STREET NAME/                   SUBDIVISION/CONDOMINIUM,,"RDO No. 83 -Talisay City, CebuWeb.xls",Sheet 8(060-22)
2671,NAT'L ROAD/ PROVINCIAL RD,,NAT'L ROAD/ PROVINCIAL RD,,"RDO No. 83 -Talisay City, CebuWeb.xls",Sheet 8(060-22)
2672,,,,,"RDO No. 83 -Talisay City, CebuWeb.xls",Sheet 8(060-22)
2673,,,,,"RDO No. 83 -Talisay City, CebuWeb.xls",Sheet 8(060-22)
2674,,,,,"RDO No. 83 -Talisay City, CebuWeb.xls",Sheet 8(060-22)
2675,,,,,"RDO No. 83 -Talisay City, CebuWeb.xls",Sheet 8(060-22)
2676,MUNICIPAL ARC ROAD,,MUNICIPAL ARC ROAD,,"RDO No. 83 -Talisay City, CebuWeb.xls",Sheet 8(060-22)
2677,,,,,"RDO No. 83 -Talisay City, CebuWeb.xls",Sheet 8(060-22)
2678,,,,,"RDO No. 83 -Talisay City, CebuWeb.xls",Sheet 8(060-22)
2679,2ND STREET,,2ND STREET,2.0,"RDO No. 83 -Talisay City, CebuWeb.xls",Sheet 8(060-22)
2680,3RD STREET,,3RD STREET,3.0,"RDO No. 83 -Talisay City, CebuWeb.xls",Sheet 8(060-22)
2681,,,,,"RDO No. 83 -Talisay City, CebuWeb.xls",Sheet 8(060-22)
2682,,,,,"RDO No. 83 -Talisay City, CebuWeb.xls",Sheet 8(060-22)
2683,BARANGAY ROAD,,BARANGAY ROAD,,"RDO No. 83 -Talisay City, CebuWeb.xls",Sheet 8(060-22)
2684,4TH STREET & 6TH STREET,,4TH STREET & 6TH STREET,46.0,"RDO No. 83 -Talisay City, CebuWeb.xls",Sheet 8(060-22)
2685,,,,,"RDO No. 83 -Talisay City, CebuWeb.xls",Sheet 8(060-22)
2686,PROVINCIAL ROAD,,PROVINCIAL ROAD,,"RDO No. 83 -Talisay City, CebuWeb.xls",Sheet 8(060-22)
2687,,,,,"RDO No. 83 -Talisay City, CebuWeb.xls",Sheet 8(060-22)
2688,SITIO CAPANGIAN,,SITIO CAPANGIAN,,"RDO No. 83 -Talisay City, CebuWeb.xls",Sheet 8(060-22)
2689,,,,,"RDO No. 83 -Talisay City, CebuWeb.xls",Sheet 8(060-22)
2690,,,,,"RDO No. 83 -Talisay City, CebuWeb.xls",Sheet 8(060-22)
2691,INTERIOR AREAS,,INTERIOR AREAS,,"RDO No. 83 -Talisay City, CebuWeb.xls",Sheet 8(060-22)
2692,,,,,"RDO No. 83 -Talisay City, CebuWeb.xls",Sheet 8(060-22)
2693,,,,,"RDO No. 83 -Talisay City, CebuWeb.xls",Sheet 8(060-22)
2694,ALL  SUBDS.,,ALL  SUBDS.,,"RDO No. 83 -Talisay City, CebuWeb.xls",Sheet 8(060-22)
2695,* not among the standard classification code,,* not among the standard classification code,,"RDO No. 83 -Talisay City, CebuWeb.xls",Sheet 8(060-22)
2696,**inexistent/removed/redefined,,**inexistent/removed/redefined,,"RDO No. 83 -Talisay City, CebuWeb.xls",Sheet 8(060-22)
2697,,,,,"RDO No. 83 -Talisay City, CebuWeb.xls",Sheet 8(060-22)
2698,,,,,"RDO No. 83 -Talisay City, CebuWeb.xls",Sheet 8(060-22)
2699,PROVINCE                    : CEBU,,PROVINCE                    : CEBU,,"RDO No. 83 -Talisay City, CebuWeb.xls",Sheet 8(060-22)
2700,CITY/MUNICIPALITY  : SAN FERNANDO,,CITY/MUNICIPALITY  : SAN FERNANDO,,"RDO No. 83 -Talisay City, CebuWeb.xls",Sheet 8(060-22)
2701,ZONE/ BARANGAY     : SOUTH POBLACION,,ZONE/ BARANGAY     : SOUTH POBLACION,,"RDO No. 83 -Talisay City, CebuWeb.xls",Sheet 8(060-22)
2702,STREET NAME/                   SUBDIVISION/CONDOMINIUM,,STREET NAME/                   SUBDIVISION/CONDOMINIUM,,"RDO No. 83 -Talisay City, CebuWeb.xls",Sheet 8(060-22)
2703,NATIONAL RD/ PROV'L RD,,NATIONAL RD/ PROV'L RD,,"RDO No. 83 -Talisay City, CebuWeb.xls",Sheet 8(060-22)
2704,,,,,"RDO No. 83 -Talisay City, CebuWeb.xls",Sheet 8(060-22)
2705,,,,,"RDO No. 83 -Talisay City, CebuWeb.xls",Sheet 8(060-22)
2706,,,,,"RDO No. 83 -Talisay City, CebuWeb.xls",Sheet 8(060-22)
2707,MUNICIPAL ROAD,,MUNICIPAL ROAD,,"RDO No. 83 -Talisay City, CebuWeb.xls",Sheet 8(060-22)
2708,,,,,"RDO No. 83 -Talisay City, CebuWeb.xls",Sheet 8(060-22)
2709,13TH STREET**,,13TH STREET**,13.0,"RDO No. 83 -Talisay City, CebuWeb.xls",Sheet 8(060-22)
2710,,,,,"RDO No. 83 -Talisay City, CebuWeb.xls",Sheet 8(060-22)
2711,,,,,"RDO No. 83 -Talisay City, CebuWeb.xls",Sheet 8(060-22)
2712,,,,,"RDO No. 83 -Talisay City, CebuWeb.xls",Sheet 8(060-22)
2713,SANGI PROV'L RD,,SANGI PROV'L RD,,"RDO No. 83 -Talisay City, CebuWeb.xls",Sheet 8(060-22)
2714,1ST STREET,,1ST STREET,1.0,"RDO No. 83 -Talisay City, CebuWeb.xls",Sheet 8(060-22)
2715,BRGY RD,,BRGY RD,,"RDO No. 83 -Talisay City, CebuWeb.xls",Sheet 8(060-22)
2716,,,,,"RDO No. 83 -Talisay City, CebuWeb.xls",Sheet 8(060-22)
2717,,,,,"RDO No. 83 -Talisay City, CebuWeb.xls",Sheet 8(060-22)
2718,,,,,"RDO No. 83 -Talisay City, CebuWeb.xls",Sheet 8(060-22)
2719,VILLAGIO DE DULCE VISTA SUBD.,,VILLAGIO DE DULCE VISTA SUBD.,,"RDO No. 83 -Talisay City, CebuWeb.xls",Sheet 8(060-22)
2720,ALL OTHER SUBD.,,ALL OTHER SUBD.,,"RDO No. 83 -Talisay City, CebuWeb.xls",Sheet 8(060-22)
2721,,,,,"RDO No. 83 -Talisay City, CebuWeb.xls",Sheet 8(060-22)
2722,,,,,"RDO No. 83 -Talisay City, CebuWeb.xls",Sheet 8(060-22)
2723,PROVINCE                    : CEBU,,PROVINCE                    : CEBU,,"RDO No. 83 -Talisay City, CebuWeb.xls",Sheet 8(060-22)
2724,CITY/MUNICIPALITY  : SAN FERNANDO,,CITY/MUNICIPALITY  : SAN FERNANDO,,"RDO No. 83 -Talisay City, CebuWeb.xls",Sheet 8(060-22)
2725,ZONE/ BARANGAY     : BALUD,,ZONE/ BARANGAY     : BALUD,,"RDO No. 83 -Talisay City, CebuWeb.xls",Sheet 8(060-22)
2726,STREET NAME/                   SUBDIVISION/CONDOMINIUM,,STREET NAME/                   SUBDIVISION/CONDOMINIUM,,"RDO No. 83 -Talisay City, CebuWeb.xls",Sheet 8(060-22)
2727,BARANGAY BALUD**,,BARANGAY BALUD**,,"RDO No. 83 -Talisay City, CebuWeb.xls",Sheet 8(060-22)
2728,ALONG NAT'L RD,,ALONG NAT'L RD,,"RDO No. 83 -Talisay City, CebuWeb.xls",Sheet 8(060-22)
2729,,,,,"RDO No. 83 -Talisay City, CebuWeb.xls",Sheet 8(060-22)
2730,,,,,"RDO No. 83 -Talisay City, CebuWeb.xls",Sheet 8(060-22)
2731,,,,,"RDO No. 83 -Talisay City, CebuWeb.xls",Sheet 8(060-22)
2732,,,,,"RDO No. 83 -Talisay City, CebuWeb.xls",Sheet 8(060-22)
2733,,,,,"RDO No. 83 -Talisay City, CebuWeb.xls",Sheet 8(060-22)
2734,,,,,"RDO No. 83 -Talisay City, CebuWeb.xls",Sheet 8(060-22)
2735,,,,,"RDO No. 83 -Talisay City, CebuWeb.xls",Sheet 8(060-22)
2736,,,,,"RDO No. 83 -Talisay City, CebuWeb.xls",Sheet 8(060-22)
2737,,,,,"RDO No. 83 -Talisay City, CebuWeb.xls",Sheet 8(060-22)
2738,BRGY ROAD,,BRGY ROAD,,"RDO No. 83 -Talisay City, CebuWeb.xls",Sheet 8(060-22)
2739,,,,,"RDO No. 83 -Talisay City, CebuWeb.xls",Sheet 8(060-22)
2740,,,,,"RDO No. 83 -Talisay City, CebuWeb.xls",Sheet 8(060-22)
2741,INTERIOR AREAS,,INTERIOR AREAS,,"RDO No. 83 -Talisay City, CebuWeb.xls",Sheet 8(060-22)
2742,,,,,"RDO No. 83 -Talisay City, CebuWeb.xls",Sheet 8(060-22)
2743,,,,,"RDO No. 83 -Talisay City, CebuWeb.xls",Sheet 8(060-22)
2744,,,,,"RDO No. 83 -Talisay City, CebuWeb.xls",Sheet 8(060-22)
2745,,,,,"RDO No. 83 -Talisay City, CebuWeb.xls",Sheet 8(060-22)
2746,,,,,"RDO No. 83 -Talisay City, CebuWeb.xls",Sheet 8(060-22)
2747,* not among the standard classification code,,* not among the standard classification code,,"RDO No. 83 -Talisay City, CebuWeb.xls",Sheet 8(060-22)
2748,**inexistent/removed/redefined,,**inexistent/removed/redefined,,"RDO No. 83 -Talisay City, CebuWeb.xls",Sheet 8(060-22)
2749,,,,,"RDO No. 83 -Talisay City, CebuWeb.xls",Sheet 8(060-22)
2750,,,,,"RDO No. 83 -Talisay City, CebuWeb.xls",Sheet 8(060-22)
2751,PROVINCE                    : CEBU,,PROVINCE                    : CEBU,,"RDO No. 83 -Talisay City, CebuWeb.xls",Sheet 8(060-22)
2752,CITY/MUNICIPALITY  : SAN FERNANDO,,CITY/MUNICIPALITY  : SAN FERNANDO,,"RDO No. 83 -Talisay City, CebuWeb.xls",Sheet 8(060-22)
2753,ZONE/ BARANGAY     : BALUNGAG,,ZONE/ BARANGAY     : BALUNGAG,,"RDO No. 83 -Talisay City, CebuWeb.xls",Sheet 8(060-22)
2754,STREET NAME/                   SUBDIVISION/CONDOMINIUM,,STREET NAME/                   SUBDIVISION/CONDOMINIUM,,"RDO No. 83 -Talisay City, CebuWeb.xls",Sheet 8(060-22)
2755,ALL LOTS,,ALL LOTS,,"RDO No. 83 -Talisay City, CebuWeb.xls",Sheet 8(060-22)
2756,,,,,"RDO No. 83 -Talisay City, CebuWeb.xls",Sheet 8(060-22)
2757,,,,,"RDO No. 83 -Talisay City, CebuWeb.xls",Sheet 8(060-22)
2758,,,,,"RDO No. 83 -Talisay City, CebuWeb.xls",Sheet 8(060-22)
2759,,,,,"RDO No. 83 -Talisay City, CebuWeb.xls",Sheet 8(060-22)
2760,,,,,"RDO No. 83 -Talisay City, CebuWeb.xls",Sheet 8(060-22)
2761,ALL AREAS,,ALL AREAS,,"RDO No. 83 -Talisay City, CebuWeb.xls",Sheet 8(060-22)
2762,,,,,"RDO No. 83 -Talisay City, CebuWeb.xls",Sheet 8(060-22)
2763,,,,,"RDO No. 83 -Talisay City, CebuWeb.xls",Sheet 8(060-22)
2764,,,,,"RDO No. 83 -Talisay City, CebuWeb.xls",Sheet 8(060-22)
2765,,,,,"RDO No. 83 -Talisay City, CebuWeb.xls",Sheet 8(060-22)
2766,,,,,"RDO No. 83 -Talisay City, CebuWeb.xls",Sheet 8(060-22)
2767,,,,,"RDO No. 83 -Talisay City, CebuWeb.xls",Sheet 8(060-22)
2768,,,,,"RDO No. 83 -Talisay City, CebuWeb.xls",Sheet 8(060-22)
2769,,,,,"RDO No. 83 -Talisay City, CebuWeb.xls",Sheet 8(060-22)
2770,* not among the standard classification code,,* not among the standard classification code,,"RDO No. 83 -Talisay City, CebuWeb.xls",Sheet 8(060-22)
2771,**redefined,,**redefined,,"RDO No. 83 -Talisay City, CebuWeb.xls",Sheet 8(060-22)
2772,,,,,"RDO No. 83 -Talisay City, CebuWeb.xls",Sheet 8(060-22)
2773,,,,,"RDO No. 83 -Talisay City, CebuWeb.xls",Sheet 8(060-22)
2774,PROVINCE                    : CEBU,,PROVINCE                    : CEBU,,"RDO No. 83 -Talisay City, CebuWeb.xls",Sheet 8(060-22)
2775,CITY/MUNICIPALITY  : SAN FERNANDO,,CITY/MUNICIPALITY  : SAN FERNANDO,,"RDO No. 83 -Talisay City, CebuWeb.xls",Sheet 8(060-22)
2776,ZONE/ BARANGAY     : BASAK,,ZONE/ BARANGAY     : BASAK,,"RDO No. 83 -Talisay City, CebuWeb.xls",Sheet 8(060-22)
2777,STREET NAME/                   SUBDIVISION/CONDOMINIUM,,STREET NAME/                   SUBDIVISION/CONDOMINIUM,,"RDO No. 83 -Talisay City, CebuWeb.xls",Sheet 8(060-22)
2778,ALL LOTS,,ALL LOTS,,"RDO No. 83 -Talisay City, CebuWeb.xls",Sheet 8(060-22)
2779,,,,,"RDO No. 83 -Talisay City, CebuWeb.xls",Sheet 8(060-22)
2780,,,,,"RDO No. 83 -Talisay City, CebuWeb.xls",Sheet 8(060-22)
2781,,,,,"RDO No. 83 -Talisay City, CebuWeb.xls",Sheet 8(060-22)
2782,,,,,"RDO No. 83 -Talisay City, CebuWeb.xls",Sheet 8(060-22)
2783,LOWLANDS BASAK CENTER*,,LOWLANDS BASAK CENTER*,,"RDO No. 83 -Talisay City, CebuWeb.xls",Sheet 8(060-22)
2784,,,,,"RDO No. 83 -Talisay City, CebuWeb.xls",Sheet 8(060-22)
2785,,,,,"RDO No. 83 -Talisay City, CebuWeb.xls",Sheet 8(060-22)
2786,,,,,"RDO No. 83 -Talisay City, CebuWeb.xls",Sheet 8(060-22)
2787,,,,,"RDO No. 83 -Talisay City, CebuWeb.xls",Sheet 8(060-22)
2788,,,,,"RDO No. 83 -Talisay City, CebuWeb.xls",Sheet 8(060-22)
2789,,,,,"RDO No. 83 -Talisay City, CebuWeb.xls",Sheet 8(060-22)
2790,,,,,"RDO No. 83 -Talisay City, CebuWeb.xls",Sheet 8(060-22)
2791,* not among the standard classification code,,* not among the standard classification code,,"RDO No. 83 -Talisay City, CebuWeb.xls",Sheet 8(060-22)
2792,,,,,"RDO No. 83 -Talisay City, CebuWeb.xls",Sheet 8(060-22)
2793,,,,,"RDO No. 83 -Talisay City, CebuWeb.xls",Sheet 8(060-22)
2794,PROVINCE                    : CEBU,,PROVINCE                    : CEBU,,"RDO No. 83 -Talisay City, CebuWeb.xls",Sheet 8(060-22)
2795,CITY/MUNICIPALITY  : SAN FERNANDO,,CITY/MUNICIPALITY  : SAN FERNANDO,,"RDO No. 83 -Talisay City, CebuWeb.xls",Sheet 8(060-22)
2796,ZONE/ BARANGAY     : BUGHO,,ZONE/ BARANGAY     : BUGHO,,"RDO No. 83 -Talisay City, CebuWeb.xls",Sheet 8(060-22)
2797,STREET NAME/                   SUBDIVISION/CONDOMINIUM,,STREET NAME/                   SUBDIVISION/CONDOMINIUM,,"RDO No. 83 -Talisay City, CebuWeb.xls",Sheet 8(060-22)
2798,ALL LOTS,,ALL LOTS,,"RDO No. 83 -Talisay City, CebuWeb.xls",Sheet 8(060-22)
2799,,,,,"RDO No. 83 -Talisay City, CebuWeb.xls",Sheet 8(060-22)
2800,,,,,"RDO No. 83 -Talisay City, CebuWeb.xls",Sheet 8(060-22)
2801,,,,,"RDO No. 83 -Talisay City, CebuWeb.xls",Sheet 8(060-22)
2802,,,,,"RDO No. 83 -Talisay City, CebuWeb.xls",Sheet 8(060-22)
2803,,,,,"RDO No. 83 -Talisay City, CebuWeb.xls",Sheet 8(060-22)
2804,,,,,"RDO No. 83 -Talisay City, CebuWeb.xls",Sheet 8(060-22)
2805,BUGHO PROPER**,,BUGHO PROPER**,,"RDO No. 83 -Talisay City, CebuWeb.xls",Sheet 8(060-22)
2806,,,,,"RDO No. 83 -Talisay City, CebuWeb.xls",Sheet 8(060-22)
2807,,,,,"RDO No. 83 -Talisay City, CebuWeb.xls",Sheet 8(060-22)
2808,,,,,"RDO No. 83 -Talisay City, CebuWeb.xls",Sheet 8(060-22)
2809,,,,,"RDO No. 83 -Talisay City, CebuWeb.xls",Sheet 8(060-22)
2810,,,,,"RDO No. 83 -Talisay City, CebuWeb.xls",Sheet 8(060-22)
2811,,,,,"RDO No. 83 -Talisay City, CebuWeb.xls",Sheet 8(060-22)
2812,* not among the standard classification code,,* not among the standard classification code,,"RDO No. 83 -Talisay City, CebuWeb.xls",Sheet 8(060-22)
2813,**inexistent/removed/redefined,,**inexistent/removed/redefined,,"RDO No. 83 -Talisay City, CebuWeb.xls",Sheet 8(060-22)
2814,,,,,"RDO No. 83 -Talisay City, CebuWeb.xls",Sheet 8(060-22)
2815,,,,,"RDO No. 83 -Talisay City, CebuWeb.xls",Sheet 8(060-22)
2816,PROVINCE                    : CEBU,,PROVINCE                    : CEBU,,"RDO No. 83 -Talisay City, CebuWeb.xls",Sheet 8(060-22)
2817,CITY/MUNICIPALITY  : SAN FERNANDO,,CITY/MUNICIPALITY  : SAN FERNANDO,,"RDO No. 83 -Talisay City, CebuWeb.xls",Sheet 8(060-22)
2818,ZONE/ BARANGAY     : CABATBATAN,,ZONE/ BARANGAY     : CABATBATAN,,"RDO No. 83 -Talisay City, CebuWeb.xls",Sheet 8(060-22)
2819,STREET NAME/                   SUBDIVISION/CONDOMINIUM,,STREET NAME/                   SUBDIVISION/CONDOMINIUM,,"RDO No. 83 -Talisay City, CebuWeb.xls",Sheet 8(060-22)
2820,ALL LOTS,,ALL LOTS,,"RDO No. 83 -Talisay City, CebuWeb.xls",Sheet 8(060-22)
2821,,,,,"RDO No. 83 -Talisay City, CebuWeb.xls",Sheet 8(060-22)
2822,,,,,"RDO No. 83 -Talisay City, CebuWeb.xls",Sheet 8(060-22)
2823,,,,,"RDO No. 83 -Talisay City, CebuWeb.xls",Sheet 8(060-22)
2824,,,,,"RDO No. 83 -Talisay City, CebuWeb.xls",Sheet 8(060-22)
2825,,,,,"RDO No. 83 -Talisay City, CebuWeb.xls",Sheet 8(060-22)
2826,,,,,"RDO No. 83 -Talisay City, CebuWeb.xls",Sheet 8(060-22)
2827,,,,,"RDO No. 83 -Talisay City, CebuWeb.xls",Sheet 8(060-22)
2828,PROPER,,PROPER,,"RDO No. 83 -Talisay City, CebuWeb.xls",Sheet 8(060-22)
2829,UPPER PORTION,,UPPER PORTION,,"RDO No. 83 -Talisay City, CebuWeb.xls",Sheet 8(060-22)
2830,LOWER PORTION,,LOWER PORTION,,"RDO No. 83 -Talisay City, CebuWeb.xls",Sheet 8(060-22)
2831,INTERIOR AREA,,INTERIOR AREA,,"RDO No. 83 -Talisay City, CebuWeb.xls",Sheet 8(060-22)
2832,,,,,"RDO No. 83 -Talisay City, CebuWeb.xls",Sheet 8(060-22)
2833,,,,,"RDO No. 83 -Talisay City, CebuWeb.xls",Sheet 8(060-22)
2834,,,,,"RDO No. 83 -Talisay City, CebuWeb.xls",Sheet 8(060-22)
2835,,,,,"RDO No. 83 -Talisay City, CebuWeb.xls",Sheet 8(060-22)
2836,*AGRO-INDUSTRIAL(PIGGERY),,*AGRO-INDUSTRIAL(PIGGERY),,"RDO No. 83 -Talisay City, CebuWeb.xls",Sheet 8(060-22)
2837,** not among the standard classification code,,** not among the standard classification code,,"RDO No. 83 -Talisay City, CebuWeb.xls",Sheet 8(060-22)
2838,***inexistent/removed/redefined,,***inexistent/removed/redefined,,"RDO No. 83 -Talisay City, CebuWeb.xls",Sheet 8(060-22)
2839,,,,,"RDO No. 83 -Talisay City, CebuWeb.xls",Sheet 8(060-22)
2840,,,,,"RDO No. 83 -Talisay City, CebuWeb.xls",Sheet 8(060-22)
2841,PROVINCE                    : CEBU,,PROVINCE                    : CEBU,,"RDO No. 83 -Talisay City, CebuWeb.xls",Sheet 8(060-22)
2842,CITY/MUNICIPALITY  : SAN FERNANDO,,CITY/MUNICIPALITY  : SAN FERNANDO,,"RDO No. 83 -Talisay City, CebuWeb.xls",Sheet 8(060-22)
2843,ZONE/ BARANGAY     : GREENHILLS,,ZONE/ BARANGAY     : GREENHILLS,,"RDO No. 83 -Talisay City, CebuWeb.xls",Sheet 8(060-22)
2844,STREET NAME/                   SUBDIVISION/CONDOMINIUM,,STREET NAME/                   SUBDIVISION/CONDOMINIUM,,"RDO No. 83 -Talisay City, CebuWeb.xls",Sheet 8(060-22)
2845,NATIONAL ROAD,,NATIONAL ROAD,,"RDO No. 83 -Talisay City, CebuWeb.xls",Sheet 8(060-22)
2846,,,,,"RDO No. 83 -Talisay City, CebuWeb.xls",Sheet 8(060-22)
2847,,,,,"RDO No. 83 -Talisay City, CebuWeb.xls",Sheet 8(060-22)
2848,,,,,"RDO No. 83 -Talisay City, CebuWeb.xls",Sheet 8(060-22)
2849,,,,,"RDO No. 83 -Talisay City, CebuWeb.xls",Sheet 8(060-22)
2850,,,,,"RDO No. 83 -Talisay City, CebuWeb.xls",Sheet 8(060-22)
2851,,,,,"RDO No. 83 -Talisay City, CebuWeb.xls",Sheet 8(060-22)
2852,,,,,"RDO No. 83 -Talisay City, CebuWeb.xls",Sheet 8(060-22)
2853,,,,,"RDO No. 83 -Talisay City, CebuWeb.xls",Sheet 8(060-22)
2854,,,,,"RDO No. 83 -Talisay City, CebuWeb.xls",Sheet 8(060-22)
2855,,,,,"RDO No. 83 -Talisay City, CebuWeb.xls",Sheet 8(060-22)
2856,,,,,"RDO No. 83 -Talisay City, CebuWeb.xls",Sheet 8(060-22)
2857,,,,,"RDO No. 83 -Talisay City, CebuWeb.xls",Sheet 8(060-22)
2858,,,,,"RDO No. 83 -Talisay City, CebuWeb.xls",Sheet 8(060-22)
2859,,,,,"RDO No. 83 -Talisay City, CebuWeb.xls",Sheet 8(060-22)
2860,,,,,"RDO No. 83 -Talisay City, CebuWeb.xls",Sheet 8(060-22)
2861,,,,,"RDO No. 83 -Talisay City, CebuWeb.xls",Sheet 8(060-22)
2862,,,,,"RDO No. 83 -Talisay City, CebuWeb.xls",Sheet 8(060-22)
2863,,,,,"RDO No. 83 -Talisay City, CebuWeb.xls",Sheet 8(060-22)
2864,,,,,"RDO No. 83 -Talisay City, CebuWeb.xls",Sheet 8(060-22)
2865,,,,,"RDO No. 83 -Talisay City, CebuWeb.xls",Sheet 8(060-22)
2866,*not among the standard classification code,,*not among the standard classification code,,"RDO No. 83 -Talisay City, CebuWeb.xls",Sheet 8(060-22)
2867,**redefined,,**redefined,,"RDO No. 83 -Talisay City, CebuWeb.xls",Sheet 8(060-22)
2868,***inexistent/removed,,***inexistent/removed,,"RDO No. 83 -Talisay City, CebuWeb.xls",Sheet 8(060-22)
2869,,,,,"RDO No. 83 -Talisay City, CebuWeb.xls",Sheet 8(060-22)
2870,,,,,"RDO No. 83 -Talisay City, CebuWeb.xls",Sheet 8(060-22)
2871,PROVINCE                    : CEBU,,PROVINCE                    : CEBU,,"RDO No. 83 -Talisay City, CebuWeb.xls",Sheet 8(060-22)
2872,CITY/MUNICIPALITY  : SAN FERNANDO,,CITY/MUNICIPALITY  : SAN FERNANDO,,"RDO No. 83 -Talisay City, CebuWeb.xls",Sheet 8(060-22)
2873,ZONE/ BARANGAY     : ILAYA,,ZONE/ BARANGAY     : ILAYA,,"RDO No. 83 -Talisay City, CebuWeb.xls",Sheet 8(060-22)
2874,STREET NAME/                   SUBDIVISION/CONDOMINIUM,,STREET NAME/                   SUBDIVISION/CONDOMINIUM,,"RDO No. 83 -Talisay City, CebuWeb.xls",Sheet 8(060-22)
2875,BRGY ROAD,,BRGY ROAD,,"RDO No. 83 -Talisay City, CebuWeb.xls",Sheet 8(060-22)
2876,,,,,"RDO No. 83 -Talisay City, CebuWeb.xls",Sheet 8(060-22)
2877,,,,,"RDO No. 83 -Talisay City, CebuWeb.xls",Sheet 8(060-22)
2878,,,,,"RDO No. 83 -Talisay City, CebuWeb.xls",Sheet 8(060-22)
2879,,,,,"RDO No. 83 -Talisay City, CebuWeb.xls",Sheet 8(060-22)
2880,,,,,"RDO No. 83 -Talisay City, CebuWeb.xls",Sheet 8(060-22)
2881,,,,,"RDO No. 83 -Talisay City, CebuWeb.xls",Sheet 8(060-22)
2882,,,,,"RDO No. 83 -Talisay City, CebuWeb.xls",Sheet 8(060-22)
2883,,,,,"RDO No. 83 -Talisay City, CebuWeb.xls",Sheet 8(060-22)
2884,,,,,"RDO No. 83 -Talisay City, CebuWeb.xls",Sheet 8(060-22)
2885,,,,,"RDO No. 83 -Talisay City, CebuWeb.xls",Sheet 8(060-22)
2886,INTERIOR AREAS**,,INTERIOR AREAS**,,"RDO No. 83 -Talisay City, CebuWeb.xls",Sheet 8(060-22)
2887,,,,,"RDO No. 83 -Talisay City, CebuWeb.xls",Sheet 8(060-22)
2888,,,,,"RDO No. 83 -Talisay City, CebuWeb.xls",Sheet 8(060-22)
2889,,,,,"RDO No. 83 -Talisay City, CebuWeb.xls",Sheet 8(060-22)
2890,,,,,"RDO No. 83 -Talisay City, CebuWeb.xls",Sheet 8(060-22)
2891,,,,,"RDO No. 83 -Talisay City, CebuWeb.xls",Sheet 8(060-22)
2892,,,,,"RDO No. 83 -Talisay City, CebuWeb.xls",Sheet 8(060-22)
2893,,,,,"RDO No. 83 -Talisay City, CebuWeb.xls",Sheet 8(060-22)
2894,,,,,"RDO No. 83 -Talisay City, CebuWeb.xls",Sheet 8(060-22)
2895,*MOUNTAIN RESORT,,*MOUNTAIN RESORT,,"RDO No. 83 -Talisay City, CebuWeb.xls",Sheet 8(060-22)
2896,**inexistent/removed/redefined,,**inexistent/removed/redefined,,"RDO No. 83 -Talisay City, CebuWeb.xls",Sheet 8(060-22)
2897,***not among the standard classification code,,***not among the standard classification code,,"RDO No. 83 -Talisay City, CebuWeb.xls",Sheet 8(060-22)
2898,,,,,"RDO No. 83 -Talisay City, CebuWeb.xls",Sheet 8(060-22)
2899,,,,,"RDO No. 83 -Talisay City, CebuWeb.xls",Sheet 8(060-22)
2900,PROVINCE                    : CEBU,,PROVINCE                    : CEBU,,"RDO No. 83 -Talisay City, CebuWeb.xls",Sheet 8(060-22)
2901,CITY/MUNICIPALITY  : SAN FERNANDO,,CITY/MUNICIPALITY  : SAN FERNANDO,,"RDO No. 83 -Talisay City, CebuWeb.xls",Sheet 8(060-22)
2902,ZONE/ BARANGAY     : LANTAWAN,,ZONE/ BARANGAY     : LANTAWAN,,"RDO No. 83 -Talisay City, CebuWeb.xls",Sheet 8(060-22)
2903,STREET NAME/                   SUBDIVISION/CONDOMINIUM,,STREET NAME/                   SUBDIVISION/CONDOMINIUM,,"RDO No. 83 -Talisay City, CebuWeb.xls",Sheet 8(060-22)
2904,ALL LOTS*,,ALL LOTS*,,"RDO No. 83 -Talisay City, CebuWeb.xls",Sheet 8(060-22)
2905,ALL LOTS,,ALL LOTS,,"RDO No. 83 -Talisay City, CebuWeb.xls",Sheet 8(060-22)
2906,,,,,"RDO No. 83 -Talisay City, CebuWeb.xls",Sheet 8(060-22)
2907,,,,,"RDO No. 83 -Talisay City, CebuWeb.xls",Sheet 8(060-22)
2908,,,,,"RDO No. 83 -Talisay City, CebuWeb.xls",Sheet 8(060-22)
2909,,,,,"RDO No. 83 -Talisay City, CebuWeb.xls",Sheet 8(060-22)
2910,,,,,"RDO No. 83 -Talisay City, CebuWeb.xls",Sheet 8(060-22)
2911,,,,,"RDO No. 83 -Talisay City, CebuWeb.xls",Sheet 8(060-22)
2912,,,,,"RDO No. 83 -Talisay City, CebuWeb.xls",Sheet 8(060-22)
2913,,,,,"RDO No. 83 -Talisay City, CebuWeb.xls",Sheet 8(060-22)
2914,,,,,"RDO No. 83 -Talisay City, CebuWeb.xls",Sheet 8(060-22)
2915,,,,,"RDO No. 83 -Talisay City, CebuWeb.xls",Sheet 8(060-22)
2916,,,,,"RDO No. 83 -Talisay City, CebuWeb.xls",Sheet 8(060-22)
2917,,,,,"RDO No. 83 -Talisay City, CebuWeb.xls",Sheet 8(060-22)
2918,,,,,"RDO No. 83 -Talisay City, CebuWeb.xls",Sheet 8(060-22)
2919,,,,,"RDO No. 83 -Talisay City, CebuWeb.xls",Sheet 8(060-22)
2920,,,,,"RDO No. 83 -Talisay City, CebuWeb.xls",Sheet 8(060-22)
2921,,,,,"RDO No. 83 -Talisay City, CebuWeb.xls",Sheet 8(060-22)
2922,*inexistent/removed/redefined,,*inexistent/removed/redefined,,"RDO No. 83 -Talisay City, CebuWeb.xls",Sheet 8(060-22)
2923,,,,,"RDO No. 83 -Talisay City, CebuWeb.xls",Sheet 8(060-22)
2924,,,,,"RDO No. 83 -Talisay City, CebuWeb.xls",Sheet 8(060-22)
2925,PROVINCE                    : CEBU,,PROVINCE                    : CEBU,,"RDO No. 83 -Talisay City, CebuWeb.xls",Sheet 8(060-22)
2926,CITY/MUNICIPALITY  : SAN FERNANDO,,CITY/MUNICIPALITY  : SAN FERNANDO,,"RDO No. 83 -Talisay City, CebuWeb.xls",Sheet 8(060-22)
2927,ZONE/ BARANGAY     : LIBURON,,ZONE/ BARANGAY     : LIBURON,,"RDO No. 83 -Talisay City, CebuWeb.xls",Sheet 8(060-22)
2928,STREET NAME/                   SUBDIVISION/CONDOMINIUM,,STREET NAME/                   SUBDIVISION/CONDOMINIUM,,"RDO No. 83 -Talisay City, CebuWeb.xls",Sheet 8(060-22)
2929,ALL LOTS,,ALL LOTS,,"RDO No. 83 -Talisay City, CebuWeb.xls",Sheet 8(060-22)
2930,PROPER,,PROPER,,"RDO No. 83 -Talisay City, CebuWeb.xls",Sheet 8(060-22)
2931,,,,,"RDO No. 83 -Talisay City, CebuWeb.xls",Sheet 8(060-22)
2932,,,,,"RDO No. 83 -Talisay City, CebuWeb.xls",Sheet 8(060-22)
2933,,,,,"RDO No. 83 -Talisay City, CebuWeb.xls",Sheet 8(060-22)
2934,,,,,"RDO No. 83 -Talisay City, CebuWeb.xls",Sheet 8(060-22)
2935,,,,,"RDO No. 83 -Talisay City, CebuWeb.xls",Sheet 8(060-22)
2936,,,,,"RDO No. 83 -Talisay City, CebuWeb.xls",Sheet 8(060-22)
2937,,,,,"RDO No. 83 -Talisay City, CebuWeb.xls",Sheet 8(060-22)
2938,,,,,"RDO No. 83 -Talisay City, CebuWeb.xls",Sheet 8(060-22)
2939,,,,,"RDO No. 83 -Talisay City, CebuWeb.xls",Sheet 8(060-22)
2940,,,,,"RDO No. 83 -Talisay City, CebuWeb.xls",Sheet 8(060-22)
2941,,,,,"RDO No. 83 -Talisay City, CebuWeb.xls",Sheet 8(060-22)
2942,,,,,"RDO No. 83 -Talisay City, CebuWeb.xls",Sheet 8(060-22)
2943,,,,,"RDO No. 83 -Talisay City, CebuWeb.xls",Sheet 8(060-22)
2944,,,,,"RDO No. 83 -Talisay City, CebuWeb.xls",Sheet 8(060-22)
2945,,,,,"RDO No. 83 -Talisay City, CebuWeb.xls",Sheet 8(060-22)
2946,,,,,"RDO No. 83 -Talisay City, CebuWeb.xls",Sheet 8(060-22)
2947,,,,,"RDO No. 83 -Talisay City, CebuWeb.xls",Sheet 8(060-22)
2948,,,,,"RDO No. 83 -Talisay City, CebuWeb.xls",Sheet 8(060-22)
2949,*inexistent/removed/redefined,,*inexistent/removed/redefined,,"RDO No. 83 -Talisay City, CebuWeb.xls",Sheet 8(060-22)
2950,**not among the standard classification code,,**not among the standard classification code,,"RDO No. 83 -Talisay City, CebuWeb.xls",Sheet 8(060-22)
2951,,,,,"RDO No. 83 -Talisay City, CebuWeb.xls",Sheet 8(060-22)
2952,,,,,"RDO No. 83 -Talisay City, CebuWeb.xls",Sheet 8(060-22)
2953,PROVINCE                    : CEBU,,PROVINCE                    : CEBU,,"RDO No. 83 -Talisay City, CebuWeb.xls",Sheet 8(060-22)
2954,CITY/MUNICIPALITY  : SAN FERNANDO,,CITY/MUNICIPALITY  : SAN FERNANDO,,"RDO No. 83 -Talisay City, CebuWeb.xls",Sheet 8(060-22)
2955,ZONE/ BARANGAY     : MAGSICO,,ZONE/ BARANGAY     : MAGSICO,,"RDO No. 83 -Talisay City, CebuWeb.xls",Sheet 8(060-22)
2956,STREET NAME/                   SUBDIVISION/CONDOMINIUM,,STREET NAME/                   SUBDIVISION/CONDOMINIUM,,"RDO No. 83 -Talisay City, CebuWeb.xls",Sheet 8(060-22)
2957,ALL LOTS**,,ALL LOTS**,,"RDO No. 83 -Talisay City, CebuWeb.xls",Sheet 8(060-22)
2958,ALL LOTS,,ALL LOTS,,"RDO No. 83 -Talisay City, CebuWeb.xls",Sheet 8(060-22)
2959,,,,,"RDO No. 83 -Talisay City, CebuWeb.xls",Sheet 8(060-22)
2960,,,,,"RDO No. 83 -Talisay City, CebuWeb.xls",Sheet 8(060-22)
2961,,,,,"RDO No. 83 -Talisay City, CebuWeb.xls",Sheet 8(060-22)
2962,,,,,"RDO No. 83 -Talisay City, CebuWeb.xls",Sheet 8(060-22)
2963,,,,,"RDO No. 83 -Talisay City, CebuWeb.xls",Sheet 8(060-22)
2964,,,,,"RDO No. 83 -Talisay City, CebuWeb.xls",Sheet 8(060-22)
2965,,,,,"RDO No. 83 -Talisay City, CebuWeb.xls",Sheet 8(060-22)
2966,,,,,"RDO No. 83 -Talisay City, CebuWeb.xls",Sheet 8(060-22)
2967,,,,,"RDO No. 83 -Talisay City, CebuWeb.xls",Sheet 8(060-22)
2968,,,,,"RDO No. 83 -Talisay City, CebuWeb.xls",Sheet 8(060-22)
2969,,,,,"RDO No. 83 -Talisay City, CebuWeb.xls",Sheet 8(060-22)
2970,,,,,"RDO No. 83 -Talisay City, CebuWeb.xls",Sheet 8(060-22)
2971,,,,,"RDO No. 83 -Talisay City, CebuWeb.xls",Sheet 8(060-22)
2972,,,,,"RDO No. 83 -Talisay City, CebuWeb.xls",Sheet 8(060-22)
2973,,,,,"RDO No. 83 -Talisay City, CebuWeb.xls",Sheet 8(060-22)
2974,,,,,"RDO No. 83 -Talisay City, CebuWeb.xls",Sheet 8(060-22)
2975,,,,,"RDO No. 83 -Talisay City, CebuWeb.xls",Sheet 8(060-22)
2976,,,,,"RDO No. 83 -Talisay City, CebuWeb.xls",Sheet 8(060-22)
2977,,,,,"RDO No. 83 -Talisay City, CebuWeb.xls",Sheet 8(060-22)
2978,*AGRO-INDUSTRIAL (POULTRY),,*AGRO-INDUSTRIAL (POULTRY),,"RDO No. 83 -Talisay City, CebuWeb.xls",Sheet 8(060-22)
2979,**inexistent/removed/redefined,,**inexistent/removed/redefined,,"RDO No. 83 -Talisay City, CebuWeb.xls",Sheet 8(060-22)
2980,***not among the standard classification code,,***not among the standard classification code,,"RDO No. 83 -Talisay City, CebuWeb.xls",Sheet 8(060-22)
2981,,,,,"RDO No. 83 -Talisay City, CebuWeb.xls",Sheet 8(060-22)
2982,,,,,"RDO No. 83 -Talisay City, CebuWeb.xls",Sheet 8(060-22)
2983,PROVINCE                    : CEBU,,PROVINCE                    : CEBU,,"RDO No. 83 -Talisay City, CebuWeb.xls",Sheet 8(060-22)
2984,CITY/MUNICIPALITY  : SAN FERNANDO,,CITY/MUNICIPALITY  : SAN FERNANDO,,"RDO No. 83 -Talisay City, CebuWeb.xls",Sheet 8(060-22)
2985,ZONE/ BARANGAY     : PANADTARAN,,ZONE/ BARANGAY     : PANADTARAN,,"RDO No. 83 -Talisay City, CebuWeb.xls",Sheet 8(060-22)
2986,STREET NAME/                   SUBDIVISION/CONDOMINIUM,,STREET NAME/                   SUBDIVISION/CONDOMINIUM,,"RDO No. 83 -Talisay City, CebuWeb.xls",Sheet 8(060-22)
2987,NAT'L ROAD,,NAT'L ROAD,,"RDO No. 83 -Talisay City, CebuWeb.xls",Sheet 8(060-22)
2988,,,,,"RDO No. 83 -Talisay City, CebuWeb.xls",Sheet 8(060-22)
2989,,,,,"RDO No. 83 -Talisay City, CebuWeb.xls",Sheet 8(060-22)
2990,,,,,"RDO No. 83 -Talisay City, CebuWeb.xls",Sheet 8(060-22)
2991,,,,,"RDO No. 83 -Talisay City, CebuWeb.xls",Sheet 8(060-22)
2992,,,,,"RDO No. 83 -Talisay City, CebuWeb.xls",Sheet 8(060-22)
2993,,,,,"RDO No. 83 -Talisay City, CebuWeb.xls",Sheet 8(060-22)
2994,,,,,"RDO No. 83 -Talisay City, CebuWeb.xls",Sheet 8(060-22)
2995,,,,,"RDO No. 83 -Talisay City, CebuWeb.xls",Sheet 8(060-22)
2996,BRGY ROAD,,BRGY ROAD,,"RDO No. 83 -Talisay City, CebuWeb.xls",Sheet 8(060-22)
2997,,,,,"RDO No. 83 -Talisay City, CebuWeb.xls",Sheet 8(060-22)
2998,,,,,"RDO No. 83 -Talisay City, CebuWeb.xls",Sheet 8(060-22)
2999,,,,,"RDO No. 83 -Talisay City, CebuWeb.xls",Sheet 8(060-22)
3000,,,,,"RDO No. 83 -Talisay City, CebuWeb.xls",Sheet 8(060-22)
3001,,,,,"RDO No. 83 -Talisay City, CebuWeb.xls",Sheet 8(060-22)
3002,,,,,"RDO No. 83 -Talisay City, CebuWeb.xls",Sheet 8(060-22)
3003,,,,,"RDO No. 83 -Talisay City, CebuWeb.xls",Sheet 8(060-22)
3004,,,,,"RDO No. 83 -Talisay City, CebuWeb.xls",Sheet 8(060-22)
3005,*inexistent/removed/redefined,,*inexistent/removed/redefined,,"RDO No. 83 -Talisay City, CebuWeb.xls",Sheet 8(060-22)
3006,**not among the standard classification code,,**not among the standard classification code,,"RDO No. 83 -Talisay City, CebuWeb.xls",Sheet 8(060-22)
3007,,,,,"RDO No. 83 -Talisay City, CebuWeb.xls",Sheet 8(060-22)
3008,,,,,"RDO No. 83 -Talisay City, CebuWeb.xls",Sheet 8(060-22)
3009,PROVINCE                    : CEBU,,PROVINCE                    : CEBU,,"RDO No. 83 -Talisay City, CebuWeb.xls",Sheet 8(060-22)
3010,CITY/MUNICIPALITY  : SAN FERNANDO,,CITY/MUNICIPALITY  : SAN FERNANDO,,"RDO No. 83 -Talisay City, CebuWeb.xls",Sheet 8(060-22)
3011,ZONE/ BARANGAY     : PITALO,,ZONE/ BARANGAY     : PITALO,,"RDO No. 83 -Talisay City, CebuWeb.xls",Sheet 8(060-22)
3012,STREET NAME/                   SUBDIVISION/CONDOMINIUM,,STREET NAME/                   SUBDIVISION/CONDOMINIUM,,"RDO No. 83 -Talisay City, CebuWeb.xls",Sheet 8(060-22)
3013,NAT'L ROAD,,NAT'L ROAD,,"RDO No. 83 -Talisay City, CebuWeb.xls",Sheet 8(060-22)
3014,,,,,"RDO No. 83 -Talisay City, CebuWeb.xls",Sheet 8(060-22)
3015,,,,,"RDO No. 83 -Talisay City, CebuWeb.xls",Sheet 8(060-22)
3016,,,,,"RDO No. 83 -Talisay City, CebuWeb.xls",Sheet 8(060-22)
3017,,,,,"RDO No. 83 -Talisay City, CebuWeb.xls",Sheet 8(060-22)
3018,,,,,"RDO No. 83 -Talisay City, CebuWeb.xls",Sheet 8(060-22)
3019,,,,,"RDO No. 83 -Talisay City, CebuWeb.xls",Sheet 8(060-22)
3020,,,,,"RDO No. 83 -Talisay City, CebuWeb.xls",Sheet 8(060-22)
3021,,,,,"RDO No. 83 -Talisay City, CebuWeb.xls",Sheet 8(060-22)
3022,,,,,"RDO No. 83 -Talisay City, CebuWeb.xls",Sheet 8(060-22)
3023,,,,,"RDO No. 83 -Talisay City, CebuWeb.xls",Sheet 8(060-22)
3024,BRGY ROAD,,BRGY ROAD,,"RDO No. 83 -Talisay City, CebuWeb.xls",Sheet 8(060-22)
3025,,,,,"RDO No. 83 -Talisay City, CebuWeb.xls",Sheet 8(060-22)
3026,,,,,"RDO No. 83 -Talisay City, CebuWeb.xls",Sheet 8(060-22)
3027,,,,,"RDO No. 83 -Talisay City, CebuWeb.xls",Sheet 8(060-22)
3028,CASA MIRA SUBD.,,CASA MIRA SUBD.,,"RDO No. 83 -Talisay City, CebuWeb.xls",Sheet 8(060-22)
3029,ALBERLYN SUBD.,,ALBERLYN SUBD.,,"RDO No. 83 -Talisay City, CebuWeb.xls",Sheet 8(060-22)
3030,PRIMA VALUE SUBD.,,PRIMA VALUE SUBD.,,"RDO No. 83 -Talisay City, CebuWeb.xls",Sheet 8(060-22)
3031,ALL OTHER SUBDS.,,ALL OTHER SUBDS.,,"RDO No. 83 -Talisay City, CebuWeb.xls",Sheet 8(060-22)
3032,INTERIOR AREAS*,,INTERIOR AREAS*,,"RDO No. 83 -Talisay City, CebuWeb.xls",Sheet 8(060-22)
3033,,,,,"RDO No. 83 -Talisay City, CebuWeb.xls",Sheet 8(060-22)
3034,,,,,"RDO No. 83 -Talisay City, CebuWeb.xls",Sheet 8(060-22)
3035,,,,,"RDO No. 83 -Talisay City, CebuWeb.xls",Sheet 8(060-22)
3036,,,,,"RDO No. 83 -Talisay City, CebuWeb.xls",Sheet 8(060-22)
3037,*inexistent/removed/redefined,,*inexistent/removed/redefined,,"RDO No. 83 -Talisay City, CebuWeb.xls",Sheet 8(060-22)
3038,**not among the standard classification code,,**not among the standard classification code,,"RDO No. 83 -Talisay City, CebuWeb.xls",Sheet 8(060-22)
3039,,,,,"RDO No. 83 -Talisay City, CebuWeb.xls",Sheet 8(060-22)
3040,,,,,"RDO No. 83 -Talisay City, CebuWeb.xls",Sheet 8(060-22)
3041,PROVINCE                    : CEBU,,PROVINCE                    : CEBU,,"RDO No. 83 -Talisay City, CebuWeb.xls",Sheet 8(060-22)
3042,CITY/MUNICIPALITY  : SAN FERNANDO,,CITY/MUNICIPALITY  : SAN FERNANDO,,"RDO No. 83 -Talisay City, CebuWeb.xls",Sheet 8(060-22)
3043,ZONE/ BARANGAY     : SANGAT,,ZONE/ BARANGAY     : SANGAT,,"RDO No. 83 -Talisay City, CebuWeb.xls",Sheet 8(060-22)
3044,STREET NAME/                   SUBDIVISION/CONDOMINIUM,,STREET NAME/                   SUBDIVISION/CONDOMINIUM,,"RDO No. 83 -Talisay City, CebuWeb.xls",Sheet 8(060-22)
3045,NAT'L ROAD*,,NAT'L ROAD*,,"RDO No. 83 -Talisay City, CebuWeb.xls",Sheet 8(060-22)
3046,NAT'L ROAD,,NAT'L ROAD,,"RDO No. 83 -Talisay City, CebuWeb.xls",Sheet 8(060-22)
3047,,,,,"RDO No. 83 -Talisay City, CebuWeb.xls",Sheet 8(060-22)
3048,,,,,"RDO No. 83 -Talisay City, CebuWeb.xls",Sheet 8(060-22)
3049,,,,,"RDO No. 83 -Talisay City, CebuWeb.xls",Sheet 8(060-22)
3050,,,,,"RDO No. 83 -Talisay City, CebuWeb.xls",Sheet 8(060-22)
3051,,,,,"RDO No. 83 -Talisay City, CebuWeb.xls",Sheet 8(060-22)
3052,,,,,"RDO No. 83 -Talisay City, CebuWeb.xls",Sheet 8(060-22)
3053,,,,,"RDO No. 83 -Talisay City, CebuWeb.xls",Sheet 8(060-22)
3054,,,,,"RDO No. 83 -Talisay City, CebuWeb.xls",Sheet 8(060-22)
3055,,,,,"RDO No. 83 -Talisay City, CebuWeb.xls",Sheet 8(060-22)
3056,,,,,"RDO No. 83 -Talisay City, CebuWeb.xls",Sheet 8(060-22)
3057,,,,,"RDO No. 83 -Talisay City, CebuWeb.xls",Sheet 8(060-22)
3058,BRGY ROAD,,BRGY ROAD,,"RDO No. 83 -Talisay City, CebuWeb.xls",Sheet 8(060-22)
3059,,,,,"RDO No. 83 -Talisay City, CebuWeb.xls",Sheet 8(060-22)
3060,,,,,"RDO No. 83 -Talisay City, CebuWeb.xls",Sheet 8(060-22)
3061,INTERIOR ROAD,,INTERIOR ROAD,,"RDO No. 83 -Talisay City, CebuWeb.xls",Sheet 8(060-22)
3062,,,,,"RDO No. 83 -Talisay City, CebuWeb.xls",Sheet 8(060-22)
3063,,,,,"RDO No. 83 -Talisay City, CebuWeb.xls",Sheet 8(060-22)
3064,,,,,"RDO No. 83 -Talisay City, CebuWeb.xls",Sheet 8(060-22)
3065,,,,,"RDO No. 83 -Talisay City, CebuWeb.xls",Sheet 8(060-22)
3066,*inexistent/removed/redefined,,*inexistent/removed/redefined,,"RDO No. 83 -Talisay City, CebuWeb.xls",Sheet 8(060-22)
3067,**not among the standard classification code,,**not among the standard classification code,,"RDO No. 83 -Talisay City, CebuWeb.xls",Sheet 8(060-22)
3068,,,,,"RDO No. 83 -Talisay City, CebuWeb.xls",Sheet 8(060-22)
3069,,,,,"RDO No. 83 -Talisay City, CebuWeb.xls",Sheet 8(060-22)
3070,PROVINCE                    : CEBU,,PROVINCE                    : CEBU,,"RDO No. 83 -Talisay City, CebuWeb.xls",Sheet 8(060-22)
3071,CITY/MUNICIPALITY  : SAN FERNANDO,,CITY/MUNICIPALITY  : SAN FERNANDO,,"RDO No. 83 -Talisay City, CebuWeb.xls",Sheet 8(060-22)
3072,ZONE/ BARANGAY     : SAN ISIDRO,,ZONE/ BARANGAY     : SAN ISIDRO,,"RDO No. 83 -Talisay City, CebuWeb.xls",Sheet 8(060-22)
3073,STREET NAME/                   SUBDIVISION/CONDOMINIUM,,STREET NAME/                   SUBDIVISION/CONDOMINIUM,,"RDO No. 83 -Talisay City, CebuWeb.xls",Sheet 8(060-22)
3074,NAT'L ROAD**,,NAT'L ROAD**,,"RDO No. 83 -Talisay City, CebuWeb.xls",Sheet 8(060-22)
3075,NAT'L ROAD,,NAT'L ROAD,,"RDO No. 83 -Talisay City, CebuWeb.xls",Sheet 8(060-22)
3076,,,,,"RDO No. 83 -Talisay City, CebuWeb.xls",Sheet 8(060-22)
3077,,,,,"RDO No. 83 -Talisay City, CebuWeb.xls",Sheet 8(060-22)
3078,,,,,"RDO No. 83 -Talisay City, CebuWeb.xls",Sheet 8(060-22)
3079,,,,,"RDO No. 83 -Talisay City, CebuWeb.xls",Sheet 8(060-22)
3080,,,,,"RDO No. 83 -Talisay City, CebuWeb.xls",Sheet 8(060-22)
3081,,,,,"RDO No. 83 -Talisay City, CebuWeb.xls",Sheet 8(060-22)
3082,,,,,"RDO No. 83 -Talisay City, CebuWeb.xls",Sheet 8(060-22)
3083,,,,,"RDO No. 83 -Talisay City, CebuWeb.xls",Sheet 8(060-22)
3084,,,,,"RDO No. 83 -Talisay City, CebuWeb.xls",Sheet 8(060-22)
3085,BRGY ROAD,,BRGY ROAD,,"RDO No. 83 -Talisay City, CebuWeb.xls",Sheet 8(060-22)
3086,,,,,"RDO No. 83 -Talisay City, CebuWeb.xls",Sheet 8(060-22)
3087,INTERIOR AREA**,,INTERIOR AREA**,,"RDO No. 83 -Talisay City, CebuWeb.xls",Sheet 8(060-22)
3088,,,,,"RDO No. 83 -Talisay City, CebuWeb.xls",Sheet 8(060-22)
3089,INTERIOR AREA,,INTERIOR AREA,,"RDO No. 83 -Talisay City, CebuWeb.xls",Sheet 8(060-22)
3090,,,,,"RDO No. 83 -Talisay City, CebuWeb.xls",Sheet 8(060-22)
3091,,,,,"RDO No. 83 -Talisay City, CebuWeb.xls",Sheet 8(060-22)
3092,PULCHRA RESORT*,,PULCHRA RESORT*,,"RDO No. 83 -Talisay City, CebuWeb.xls",Sheet 8(060-22)
3093,**inexistent/removed/redefined,,**inexistent/removed/redefined,,"RDO No. 83 -Talisay City, CebuWeb.xls",Sheet 8(060-22)
3094,***not among the standard classification code,,***not among the standard classification code,,"RDO No. 83 -Talisay City, CebuWeb.xls",Sheet 8(060-22)
3095,,,,,"RDO No. 83 -Talisay City, CebuWeb.xls",Sheet 8(060-22)
3096,,,,,"RDO No. 83 -Talisay City, CebuWeb.xls",Sheet 8(060-22)
3097,PROVINCE                    : CEBU,,PROVINCE                    : CEBU,,"RDO No. 83 -Talisay City, CebuWeb.xls",Sheet 8(060-22)
3098,CITY/MUNICIPALITY  : SAN FERNANDO,,CITY/MUNICIPALITY  : SAN FERNANDO,,"RDO No. 83 -Talisay City, CebuWeb.xls",Sheet 8(060-22)
3099,ZONE/ BARANGAY     : TABIONAN,,ZONE/ BARANGAY     : TABIONAN,,"RDO No. 83 -Talisay City, CebuWeb.xls",Sheet 8(060-22)
3100,STREET NAME/                   SUBDIVISION/CONDOMINIUM,,STREET NAME/                   SUBDIVISION/CONDOMINIUM,,"RDO No. 83 -Talisay City, CebuWeb.xls",Sheet 8(060-22)
3101,PROVINCIAL RD,,PROVINCIAL RD,,"RDO No. 83 -Talisay City, CebuWeb.xls",Sheet 8(060-22)
3102,,,,,"RDO No. 83 -Talisay City, CebuWeb.xls",Sheet 8(060-22)
3103,,,,,"RDO No. 83 -Talisay City, CebuWeb.xls",Sheet 8(060-22)
3104,ALL LOTS,,ALL LOTS,,"RDO No. 83 -Talisay City, CebuWeb.xls",Sheet 8(060-22)
3105,,,,,"RDO No. 83 -Talisay City, CebuWeb.xls",Sheet 8(060-22)
3106,,,,,"RDO No. 83 -Talisay City, CebuWeb.xls",Sheet 8(060-22)
3107,,,,,"RDO No. 83 -Talisay City, CebuWeb.xls",Sheet 8(060-22)
3108,,,,,"RDO No. 83 -Talisay City, CebuWeb.xls",Sheet 8(060-22)
3109,,,,,"RDO No. 83 -Talisay City, CebuWeb.xls",Sheet 8(060-22)
3110,,,,,"RDO No. 83 -Talisay City, CebuWeb.xls",Sheet 8(060-22)
3111,,,,,"RDO No. 83 -Talisay City, CebuWeb.xls",Sheet 8(060-22)
3112,,,,,"RDO No. 83 -Talisay City, CebuWeb.xls",Sheet 8(060-22)
3113,,,,,"RDO No. 83 -Talisay City, CebuWeb.xls",Sheet 8(060-22)
3114,,,,,"RDO No. 83 -Talisay City, CebuWeb.xls",Sheet 8(060-22)
3115,,,,,"RDO No. 83 -Talisay City, CebuWeb.xls",Sheet 8(060-22)
3116,,,,,"RDO No. 83 -Talisay City, CebuWeb.xls",Sheet 8(060-22)
3117,,,,,"RDO No. 83 -Talisay City, CebuWeb.xls",Sheet 8(060-22)
3118,,,,,"RDO No. 83 -Talisay City, CebuWeb.xls",Sheet 8(060-22)
3119,,,,,"RDO No. 83 -Talisay City, CebuWeb.xls",Sheet 8(060-22)
3120,,,,,"RDO No. 83 -Talisay City, CebuWeb.xls",Sheet 8(060-22)
3121,,,,,"RDO No. 83 -Talisay City, CebuWeb.xls",Sheet 8(060-22)
3122,,,,,"RDO No. 83 -Talisay City, CebuWeb.xls",Sheet 8(060-22)
3123,,,,,"RDO No. 83 -Talisay City, CebuWeb.xls",Sheet 8(060-22)
3124,,,,,"RDO No. 83 -Talisay City, CebuWeb.xls",Sheet 8(060-22)
3125,* AGRO-INDUSTRIAL (POULTRY),,* AGRO-INDUSTRIAL (POULTRY),,"RDO No. 83 -Talisay City, CebuWeb.xls",Sheet 8(060-22)
3126,**TOP HILLS MOUNTAIN RESORT,,**TOP HILLS MOUNTAIN RESORT,,"RDO No. 83 -Talisay City, CebuWeb.xls",Sheet 8(060-22)
3127,***inexistent/removed/redefined,,***inexistent/removed/redefined,,"RDO No. 83 -Talisay City, CebuWeb.xls",Sheet 8(060-22)
3128,****not among the standard classification code,,****not among the standard classification code,,"RDO No. 83 -Talisay City, CebuWeb.xls",Sheet 8(060-22)
3129,,,,,"RDO No. 83 -Talisay City, CebuWeb.xls",Sheet 8(060-22)
3130,,,,,"RDO No. 83 -Talisay City, CebuWeb.xls",Sheet 8(060-22)
3131,PROVINCE                    : CEBU,,PROVINCE                    : CEBU,,"RDO No. 83 -Talisay City, CebuWeb.xls",Sheet 8(060-22)
3132,CITY/MUNICIPALITY  : SAN FERNANDO,,CITY/MUNICIPALITY  : SAN FERNANDO,,"RDO No. 83 -Talisay City, CebuWeb.xls",Sheet 8(060-22)
3133,ZONE/ BARANGAY     : TAÑAÑAS,,ZONE/ BARANGAY     : TAÑAÑAS,,"RDO No. 83 -Talisay City, CebuWeb.xls",Sheet 8(060-22)
3134,STREET NAME/                   SUBDIVISION/CONDOMINIUM,,STREET NAME/                   SUBDIVISION/CONDOMINIUM,,"RDO No. 83 -Talisay City, CebuWeb.xls",Sheet 8(060-22)
3135,ALL LOTS,,ALL LOTS,,"RDO No. 83 -Talisay City, CebuWeb.xls",Sheet 8(060-22)
3136,,,,,"RDO No. 83 -Talisay City, CebuWeb.xls",Sheet 8(060-22)
3137,,,,,"RDO No. 83 -Talisay City, CebuWeb.xls",Sheet 8(060-22)
3138,,,,,"RDO No. 83 -Talisay City, CebuWeb.xls",Sheet 8(060-22)
3139,,,,,"RDO No. 83 -Talisay City, CebuWeb.xls",Sheet 8(060-22)
3140,,,,,"RDO No. 83 -Talisay City, CebuWeb.xls",Sheet 8(060-22)
3141,,,,,"RDO No. 83 -Talisay City, CebuWeb.xls",Sheet 8(060-22)
3142,,,,,"RDO No. 83 -Talisay City, CebuWeb.xls",Sheet 8(060-22)
3143,,,,,"RDO No. 83 -Talisay City, CebuWeb.xls",Sheet 8(060-22)
3144,,,,,"RDO No. 83 -Talisay City, CebuWeb.xls",Sheet 8(060-22)
3145,,,,,"RDO No. 83 -Talisay City, CebuWeb.xls",Sheet 8(060-22)
3146,,,,,"RDO No. 83 -Talisay City, CebuWeb.xls",Sheet 8(060-22)
3147,,,,,"RDO No. 83 -Talisay City, CebuWeb.xls",Sheet 8(060-22)
3148,*inexistent/removed/redefined,,*inexistent/removed/redefined,,"RDO No. 83 -Talisay City, CebuWeb.xls",Sheet 8(060-22)
3149,,,,,"RDO No. 83 -Talisay City, CebuWeb.xls",Sheet 8(060-22)
3150,,,,,"RDO No. 83 -Talisay City, CebuWeb.xls",Sheet 8(060-22)
3151,PROVINCE                    : CEBU,,PROVINCE                    : CEBU,,"RDO No. 83 -Talisay City, CebuWeb.xls",Sheet 8(060-22)
3152,CITY/MUNICIPALITY  : SAN FERNANDO,,CITY/MUNICIPALITY  : SAN FERNANDO,,"RDO No. 83 -Talisay City, CebuWeb.xls",Sheet 8(060-22)
3153,ZONE/ BARANGAY     : TINUBDAN,,ZONE/ BARANGAY     : TINUBDAN,,"RDO No. 83 -Talisay City, CebuWeb.xls",Sheet 8(060-22)
3154,STREET NAME/                   SUBDIVISION/CONDOMINIUM,,STREET NAME/                   SUBDIVISION/CONDOMINIUM,,"RDO No. 83 -Talisay City, CebuWeb.xls",Sheet 8(060-22)
3155,,,,,"RDO No. 83 -Talisay City, CebuWeb.xls",Sheet 8(060-22)
3156,PROVINCIAL RD,,PROVINCIAL RD,,"RDO No. 83 -Talisay City, CebuWeb.xls",Sheet 8(060-22)
3157,,,,,"RDO No. 83 -Talisay City, CebuWeb.xls",Sheet 8(060-22)
3158,,,,,"RDO No. 83 -Talisay City, CebuWeb.xls",Sheet 8(060-22)
3159,BRGY RD.,,BRGY RD.,,"RDO No. 83 -Talisay City, CebuWeb.xls",Sheet 8(060-22)
3160,,,,,"RDO No. 83 -Talisay City, CebuWeb.xls",Sheet 8(060-22)
3161,INTERIOR AREA,,INTERIOR AREA,,"RDO No. 83 -Talisay City, CebuWeb.xls",Sheet 8(060-22)
3162,,,,,"RDO No. 83 -Talisay City, CebuWeb.xls",Sheet 8(060-22)
3163,,,,,"RDO No. 83 -Talisay City, CebuWeb.xls",Sheet 8(060-22)
3164,,,,,"RDO No. 83 -Talisay City, CebuWeb.xls",Sheet 8(060-22)
3165,INTERIOR AREAS,,INTERIOR AREAS,,"RDO No. 83 -Talisay City, CebuWeb.xls",Sheet 8(060-22)
3166,,,,,"RDO No. 83 -Talisay City, CebuWeb.xls",Sheet 8(060-22)
3167,,,,,"RDO No. 83 -Talisay City, CebuWeb.xls",Sheet 8(060-22)
3168,,,,,"RDO No. 83 -Talisay City, CebuWeb.xls",Sheet 8(060-22)
3169,*inexistent/removed/redefined,,*inexistent/removed/redefined,,"RDO No. 83 -Talisay City, CebuWeb.xls",Sheet 8(060-22)
3170,,,,,"RDO No. 83 -Talisay City, CebuWeb.xls",Sheet 8(060-22)
3171,,,,,"RDO No. 83 -Talisay City, CebuWeb.xls",Sheet 8(060-22)
3172,PROVINCE                    : CEBU,,PROVINCE                    : CEBU,,"RDO No. 83 -Talisay City, CebuWeb.xls",Sheet 8(060-22)
3173,CITY/MUNICIPALITY  : SAN FERNANDO,,CITY/MUNICIPALITY  : SAN FERNANDO,,"RDO No. 83 -Talisay City, CebuWeb.xls",Sheet 8(060-22)
3174,ZONE/ BARANGAY     : TONGO,,ZONE/ BARANGAY     : TONGO,,"RDO No. 83 -Talisay City, CebuWeb.xls",Sheet 8(060-22)
3175,STREET NAME/                   SUBDIVISION/CONDOMINIUM,,STREET NAME/                   SUBDIVISION/CONDOMINIUM,,"RDO No. 83 -Talisay City, CebuWeb.xls",Sheet 8(060-22)
3176,ALL LOTS,,ALL LOTS,,"RDO No. 83 -Talisay City, CebuWeb.xls",Sheet 8(060-22)
3177,,,,,"RDO No. 83 -Talisay City, CebuWeb.xls",Sheet 8(060-22)
3178,,,,,"RDO No. 83 -Talisay City, CebuWeb.xls",Sheet 8(060-22)
3179,,,,,"RDO No. 83 -Talisay City, CebuWeb.xls",Sheet 8(060-22)
3180,,,,,"RDO No. 83 -Talisay City, CebuWeb.xls",Sheet 8(060-22)
3181,,,,,"RDO No. 83 -Talisay City, CebuWeb.xls",Sheet 8(060-22)
3182,,,,,"RDO No. 83 -Talisay City, CebuWeb.xls",Sheet 8(060-22)
3183,,,,,"RDO No. 83 -Talisay City, CebuWeb.xls",Sheet 8(060-22)
3184,UPPER TONGO**,,UPPER TONGO**,,"RDO No. 83 -Talisay City, CebuWeb.xls",Sheet 8(060-22)
3185,,,,,"RDO No. 83 -Talisay City, CebuWeb.xls",Sheet 8(060-22)
3186,,,,,"RDO No. 83 -Talisay City, CebuWeb.xls",Sheet 8(060-22)
3187,,,,,"RDO No. 83 -Talisay City, CebuWeb.xls",Sheet 8(060-22)
3188,,,,,"RDO No. 83 -Talisay City, CebuWeb.xls",Sheet 8(060-22)
3189,,,,,"RDO No. 83 -Talisay City, CebuWeb.xls",Sheet 8(060-22)
3190,,,,,"RDO No. 83 -Talisay City, CebuWeb.xls",Sheet 8(060-22)
3191,,,,,"RDO No. 83 -Talisay City, CebuWeb.xls",Sheet 8(060-22)
3192,*MOUNTAIN RESORT (SINGLI RESORT),,*MOUNTAIN RESORT (SINGLI RESORT),,"RDO No. 83 -Talisay City, CebuWeb.xls",Sheet 8(060-22)
3193,**inexistent/removed/redefined,,**inexistent/removed/redefined,,"RDO No. 83 -Talisay City, CebuWeb.xls",Sheet 8(060-22)
3194,***not among the standard classification code,,***not among the standard classification code,,"RDO No. 83 -Talisay City, CebuWeb.xls",Sheet 8(060-22)
3195,,,,,"RDO No. 83 -Talisay City, CebuWeb.xls",Sheet 8(060-22)
3196,,,,,"RDO No. 83 -Talisay City, CebuWeb.xls",Sheet 8(060-22)
3197,PROVINCE                    : CEBU,,PROVINCE                    : CEBU,,"RDO No. 83 -Talisay City, CebuWeb.xls",Sheet 8(060-22)
3198,CITY/MUNICIPALITY  : SAN FERNANDO,,CITY/MUNICIPALITY  : SAN FERNANDO,,"RDO No. 83 -Talisay City, CebuWeb.xls",Sheet 8(060-22)
3199,ZONE/ BARANGAY     : TUBOD,,ZONE/ BARANGAY     : TUBOD,,"RDO No. 83 -Talisay City, CebuWeb.xls",Sheet 8(060-22)
3200,STREET NAME/                   SUBDIVISION/CONDOMINIUM,,STREET NAME/                   SUBDIVISION/CONDOMINIUM,,"RDO No. 83 -Talisay City, CebuWeb.xls",Sheet 8(060-22)
3201,ALL LOTS,,ALL LOTS,,"RDO No. 83 -Talisay City, CebuWeb.xls",Sheet 8(060-22)
3202,,,,,"RDO No. 83 -Talisay City, CebuWeb.xls",Sheet 8(060-22)
3203,,,,,"RDO No. 83 -Talisay City, CebuWeb.xls",Sheet 8(060-22)
3204,,,,,"RDO No. 83 -Talisay City, CebuWeb.xls",Sheet 8(060-22)
3205,,,,,"RDO No. 83 -Talisay City, CebuWeb.xls",Sheet 8(060-22)
3206,,,,,"RDO No. 83 -Talisay City, CebuWeb.xls",Sheet 8(060-22)
3207,,,,,"RDO No. 83 -Talisay City, CebuWeb.xls",Sheet 8(060-22)
3208,,,,,"RDO No. 83 -Talisay City, CebuWeb.xls",Sheet 8(060-22)
3209,,,,,"RDO No. 83 -Talisay City, CebuWeb.xls",Sheet 8(060-22)
3210,,,,,"RDO No. 83 -Talisay City, CebuWeb.xls",Sheet 8(060-22)
3211,,,,,"RDO No. 83 -Talisay City, CebuWeb.xls",Sheet 8(060-22)
3212,,,,,"RDO No. 83 -Talisay City, CebuWeb.xls",Sheet 8(060-22)
3213,,,,,"RDO No. 83 -Talisay City, CebuWeb.xls",Sheet 8(060-22)
3214,,,,,"RDO No. 83 -Talisay City, CebuWeb.xls",Sheet 8(060-22)
3215,*inexistent/removed,,*inexistent/removed,,"RDO No. 83 -Talisay City, CebuWeb.xls",Sheet 8(060-22)
3216,**not among the standard classification code,,**not among the standard classification code,,"RDO No. 83 -Talisay City, CebuWeb.xls",Sheet 8(060-22)
3217,,,,,"RDO No. 83 -Talisay City, CebuWeb.xls",Sheet 8(060-22)
3218,CERTAIN GUIDELINES IN THE IMPLEMENTATION,,CERTAIN GUIDELINES IN THE IMPLEMENTATION,,"RDO No. 83 -Talisay City, CebuWeb.xls",Sheet 8(060-22)
3219,OF ZONAL VALUATION OF REAL PROPERTIES FOR,,OF ZONAL VALUATION OF REAL PROPERTIES FOR,,"RDO No. 83 -Talisay City, CebuWeb.xls",Sheet 8(060-22)
3220,"RDO No. 83  - TALISAY CITY, CEBUL",,"RDO No. 83  - TALISAY CITY, CEBUL",,"RDO No. 83 -Talisay City, CebuWeb.xls",Sheet 8(060-22)
3221,,,,,"RDO No. 83 -Talisay City, CebuWeb.xls",Sheet 8(060-22)
3222,1.    NO ZONAL VALUE HAS BEEN PRESCRIBED FOR A PARTICULAR CLASSIFICATION OF REAL PROPERTY.,,1.    NO ZONAL VALUE HAS BEEN PRESCRIBED FOR A PARTICULAR CLASSIFICATION OF REAL PROPERTY.,,"RDO No. 83 -Talisay City, CebuWeb.xls",Sheet 8(060-22)
3223,WHEREIN THE APPROVED SCHEDULE OF ZONAL VALUES FOR A PARTICULAR BARANGAY -,,WHEREIN THE APPROVED SCHEDULE OF ZONAL VALUES FOR A PARTICULAR BARANGAY -,,"RDO No. 83 -Talisay City, CebuWeb.xls",Sheet 8(060-22)
3224,,,,,"RDO No. 83 -Talisay City, CebuWeb.xls",Sheet 8(060-22)
3225,a.)  NO  ZONAL  VALUE  HAS  BEEN  PRESCRIBED  FOR  A  PARTICULAR  CLASSIFICATION  IN  A  PARTICULAR STREET/,,a.)  NO  ZONAL  VALUE  HAS  BEEN  PRESCRIBED  FOR  A  PARTICULAR  CLASSIFICATION  IN  A  PARTICULAR STREET/,,"RDO No. 83 -Talisay City, CebuWeb.xls",Sheet 8(060-22)
3226,"SUBDIVISION  IN  A  BARANGAY,  THE   ZONAL  VALUE   PRESCRIBED  FOR  THE   SAME  CLASSIFICATION   OF   REAL",,"SUBDIVISION  IN  A  BARANGAY,  THE   ZONAL  VALUE   PRESCRIBED  FOR  THE   SAME  CLASSIFICATION   OF   REAL",,"RDO No. 83 -Talisay City, CebuWeb.xls",Sheet 8(060-22)
3227,PROPERTY  LOCATED   IN   THE   OTHER    STREET/SUBDIVISION  WITHIN  THE   SAME   BARANGAY  OF   SIMILAR,,PROPERTY  LOCATED   IN   THE   OTHER    STREET/SUBDIVISION  WITHIN  THE   SAME   BARANGAY  OF   SIMILAR,,"RDO No. 83 -Talisay City, CebuWeb.xls",Sheet 8(060-22)
3228,CONDITIONS  SHALL  BE  USED;  AND,,CONDITIONS  SHALL  BE  USED;  AND,,"RDO No. 83 -Talisay City, CebuWeb.xls",Sheet 8(060-22)
3229,,,,,"RDO No. 83 -Talisay City, CebuWeb.xls",Sheet 8(060-22)
3230,b.)  NO  ZONAL  VALUE  HAS  BEEN  PRESCRIBED  FOR  A   PARTICULAR  CLASSIFICATION  OF  REAL   PROPERTY   IN,,b.)  NO  ZONAL  VALUE  HAS  BEEN  PRESCRIBED  FOR  A   PARTICULAR  CLASSIFICATION  OF  REAL   PROPERTY   IN,,"RDO No. 83 -Talisay City, CebuWeb.xls",Sheet 8(060-22)
3231,"ONE   BARANGAY,   THE   ZONAL  VALUE  PRESCRIBED   FOR   THE   SAME   CLASSIFICATION  OF   REAL   PROPERTY",,"ONE   BARANGAY,   THE   ZONAL  VALUE  PRESCRIBED   FOR   THE   SAME   CLASSIFICATION  OF   REAL   PROPERTY",,"RDO No. 83 -Talisay City, CebuWeb.xls",Sheet 8(060-22)
3232,LOCATED IN AN ADJACENT BARANGAY OF SIMILAR CONDITIONS SHALL BE USED.,,LOCATED IN AN ADJACENT BARANGAY OF SIMILAR CONDITIONS SHALL BE USED.,,"RDO No. 83 -Talisay City, CebuWeb.xls",Sheet 8(060-22)
3233,,,,,"RDO No. 83 -Talisay City, CebuWeb.xls",Sheet 8(060-22)
3234,2.   PREDOMINANT USE OF PROPERTY.,,2.   PREDOMINANT USE OF PROPERTY.,,"RDO No. 83 -Talisay City, CebuWeb.xls",Sheet 8(060-22)
3235,,,,,"RDO No. 83 -Talisay City, CebuWeb.xls",Sheet 8(060-22)
3236,"a.)  ALL REAL PROPERTIES REGARDLESS OF ACTUAL USE, LOCATED IN A STREET/BARANGAY/ZONE, THE  USE  OF",,"a.)  ALL REAL PROPERTIES REGARDLESS OF ACTUAL USE, LOCATED IN A STREET/BARANGAY/ZONE, THE  USE  OF",,"RDO No. 83 -Talisay City, CebuWeb.xls",Sheet 8(060-22)
3237,"WHICH ARE PREDOMINANTLY COMMERCIAL  SHALL  BE   CLASSIFIED  AS    ""COMMERCIAL""    FOR    PURPOSES  OF",,"WHICH ARE PREDOMINANTLY COMMERCIAL  SHALL  BE   CLASSIFIED  AS    ""COMMERCIAL""    FOR    PURPOSES  OF",,"RDO No. 83 -Talisay City, CebuWeb.xls",Sheet 8(060-22)
3238,ZONAL VALUATION.,,ZONAL VALUATION.,,"RDO No. 83 -Talisay City, CebuWeb.xls",Sheet 8(060-22)
3239,,,,,"RDO No. 83 -Talisay City, CebuWeb.xls",Sheet 8(060-22)
3240,"b.) THE PREDOMINANT USE OF OTHER CLASSIFICATION OF PROPERTIES LOCATED IN A STREET/BARANGAY/ZONE,",,"b.) THE PREDOMINANT USE OF OTHER CLASSIFICATION OF PROPERTIES LOCATED IN A STREET/BARANGAY/ZONE,",,"RDO No. 83 -Talisay City, CebuWeb.xls",Sheet 8(060-22)
3241,REGARDLESS OF ACTUAL USE SHALL BE CONSIDERED FOR PURPOSES OF ZONAL VALUATION.,,REGARDLESS OF ACTUAL USE SHALL BE CONSIDERED FOR PURPOSES OF ZONAL VALUATION.,,"RDO No. 83 -Talisay City, CebuWeb.xls",Sheet 8(060-22)
3242,,,,,"RDO No. 83 -Talisay City, CebuWeb.xls",Sheet 8(060-22)
3243,3.    ZONAL VALUES OF CONDOMINIUM UNIT/TOWNHOUSE:,,3.    ZONAL VALUES OF CONDOMINIUM UNIT/TOWNHOUSE:,3.0,"RDO No. 83 -Talisay City, CebuWeb.xls",Sheet 8(060-22)
3244,,,,,"RDO No. 83 -Talisay City, CebuWeb.xls",Sheet 8(060-22)
3245,IF THE TITLE OF A PARTICULAR CONDOMINIUM UNIT/TOWNHOUE IS -,,IF THE TITLE OF A PARTICULAR CONDOMINIUM UNIT/TOWNHOUE IS -,,"RDO No. 83 -Talisay City, CebuWeb.xls",Sheet 8(060-22)
3246,,,,,"RDO No. 83 -Talisay City, CebuWeb.xls",Sheet 8(060-22)
3247,"a).   A CONDOMINIUM CERTIFICATE OF TITLE (CCT), THE ZONAL VALUE OF THE LAND  AND THE IMPROVEMENTS",,"a).   A CONDOMINIUM CERTIFICATE OF TITLE (CCT), THE ZONAL VALUE OF THE LAND  AND THE IMPROVEMENTS",,"RDO No. 83 -Talisay City, CebuWeb.xls",Sheet 8(060-22)
3248,SHALLL BE TREATED AS ONE: OR,,SHALLL BE TREATED AS ONE: OR,,"RDO No. 83 -Talisay City, CebuWeb.xls",Sheet 8(060-22)
3249,,,,,"RDO No. 83 -Talisay City, CebuWeb.xls",Sheet 8(060-22)
3250,"b).   A TRANSFER CERTIFICATE OF TITLE (TCT), THE LAND AND IMPROVEMENT SHALL BE GIVEN SEPARATE VALUES",,"b).   A TRANSFER CERTIFICATE OF TITLE (TCT), THE LAND AND IMPROVEMENT SHALL BE GIVEN SEPARATE VALUES",,"RDO No. 83 -Talisay City, CebuWeb.xls",Sheet 8(060-22)
3251,i.e. ZONAL VALUE/GROSS SELLING PRICE/FAIR MARKET VALUE PER  LATEST  TAX  DECLARATION  WHICHEVER  IS,,i.e. ZONAL VALUE/GROSS SELLING PRICE/FAIR MARKET VALUE PER  LATEST  TAX  DECLARATION  WHICHEVER  IS,,"RDO No. 83 -Talisay City, CebuWeb.xls",Sheet 8(060-22)
3252,"HIGHER AND, IN THE ABSENCE OF ZONAL VALUATION, PROPERTY SHALL BE VALUED PURSUANT TO RAMO 2-91.",,"HIGHER AND, IN THE ABSENCE OF ZONAL VALUATION, PROPERTY SHALL BE VALUED PURSUANT TO RAMO 2-91.",,"RDO No. 83 -Talisay City, CebuWeb.xls",Sheet 8(060-22)
3253,,,,,"RDO No. 83 -Talisay City, CebuWeb.xls",Sheet 8(060-22)
3254,THE GROUND FLOOR OF THE RESIDENTIAL  CONDOMINIUM  SHALL  BE  CLASSIFIED  AS  COMMERCIAL  AND,,THE GROUND FLOOR OF THE RESIDENTIAL  CONDOMINIUM  SHALL  BE  CLASSIFIED  AS  COMMERCIAL  AND,,"RDO No. 83 -Talisay City, CebuWeb.xls",Sheet 8(060-22)
3255,TWENTY PERCENT (20%) OF THE ESTABLISHED VALUE SHALL BE ADDED THERETO.,,TWENTY PERCENT (20%) OF THE ESTABLISHED VALUE SHALL BE ADDED THERETO.,20.0,"RDO No. 83 -Talisay City, CebuWeb.xls",Sheet 8(060-22)
3256,,,,,"RDO No. 83 -Talisay City, CebuWeb.xls",Sheet 8(060-22)
3257,4.   AREAS FOR PRIORITY DEVELOPMENT (APD).,,4.   AREAS FOR PRIORITY DEVELOPMENT (APD).,,"RDO No. 83 -Talisay City, CebuWeb.xls",Sheet 8(060-22)
3258,,,,,"RDO No. 83 -Talisay City, CebuWeb.xls",Sheet 8(060-22)
3259,THESE ARE  AREAS IDENTIFIED AS AREAS FOR PRIORITY DEVELOPMENT CERTIFIED TO AS SUCH BY THE,,THESE ARE  AREAS IDENTIFIED AS AREAS FOR PRIORITY DEVELOPMENT CERTIFIED TO AS SUCH BY THE,,"RDO No. 83 -Talisay City, CebuWeb.xls",Sheet 8(060-22)
3260,HOUSING AND LAND USE REGULATORY BOARD (HLURB).  IF IT IS UTILIZED FOR SOCIAL HOUSING.  IT SHALL,,HOUSING AND LAND USE REGULATORY BOARD (HLURB).  IF IT IS UTILIZED FOR SOCIAL HOUSING.  IT SHALL,,"RDO No. 83 -Talisay City, CebuWeb.xls",Sheet 8(060-22)
3261,"BE CERTIFIED TO AS SUCH BY THE PROPER GOVERNMENT AGENCY, SUCH AS PRESIDENTIAL COMMISSION",,"BE CERTIFIED TO AS SUCH BY THE PROPER GOVERNMENT AGENCY, SUCH AS PRESIDENTIAL COMMISSION",,"RDO No. 83 -Talisay City, CebuWeb.xls",Sheet 8(060-22)
3262,"ON URBAN POOR (PCUP, NATIONAL HOUSING AUTHORITY (NHA)). ETC.",,"ON URBAN POOR (PCUP, NATIONAL HOUSING AUTHORITY (NHA)). ETC.",,"RDO No. 83 -Talisay City, CebuWeb.xls",Sheet 8(060-22)
3263,SECOND SALE OF LOT IDENTIFIED AS LOCATED IN THE APD SHALL NO LONGER BE VALUED AS AN APD AND,,SECOND SALE OF LOT IDENTIFIED AS LOCATED IN THE APD SHALL NO LONGER BE VALUED AS AN APD AND,,"RDO No. 83 -Talisay City, CebuWeb.xls",Sheet 8(060-22)
3264,SHALL BE TREATED AS AN ORDINARY REAL PROPERTY.,,SHALL BE TREATED AS AN ORDINARY REAL PROPERTY.,,"RDO No. 83 -Talisay City, CebuWeb.xls",Sheet 8(060-22)
3265,,,,,"RDO No. 83 -Talisay City, CebuWeb.xls",Sheet 8(060-22)
3266,5.    DIVISION OF A BARANGAY,,5.    DIVISION OF A BARANGAY,5.0,"RDO No. 83 -Talisay City, CebuWeb.xls",Sheet 8(060-22)
3267,,,,,"RDO No. 83 -Talisay City, CebuWeb.xls",Sheet 8(060-22)
3268,"IN THE EVENT THAT AN EXISTING BARANGAY IS DIVIDED INTO TWO OR MORE BARANGAYS, THE ZONAL VALUE",,"IN THE EVENT THAT AN EXISTING BARANGAY IS DIVIDED INTO TWO OR MORE BARANGAYS, THE ZONAL VALUE",,"RDO No. 83 -Talisay City, CebuWeb.xls",Sheet 8(060-22)
3269,PRESCRIBED FOR THE EXISTING BARANGAY SHALL BE USED FOR THE NEWLY CREATED BARANGAY,,PRESCRIBED FOR THE EXISTING BARANGAY SHALL BE USED FOR THE NEWLY CREATED BARANGAY,,"RDO No. 83 -Talisay City, CebuWeb.xls",Sheet 8(060-22)
3270,,,,,"RDO No. 83 -Talisay City, CebuWeb.xls",Sheet 8(060-22)
3271,6.     PARKING SLOT (PS),,6.     PARKING SLOT (PS),6.0,"RDO No. 83 -Talisay City, CebuWeb.xls",Sheet 8(060-22)
3272,,,,,"RDO No. 83 -Talisay City, CebuWeb.xls",Sheet 8(060-22)
3273,"IF NO ZONAL VALUE HAS BEEN PRESCRIBED FOR PARKING SLOTS, THE VALUE SHOULD BE 60% OF THE AMOUNT",,"IF NO ZONAL VALUE HAS BEEN PRESCRIBED FOR PARKING SLOTS, THE VALUE SHOULD BE 60% OF THE AMOUNT",60.0,"RDO No. 83 -Talisay City, CebuWeb.xls",Sheet 8(060-22)
3274,OF THE UNIT SOLD,,OF THE UNIT SOLD,,"RDO No. 83 -Talisay City, CebuWeb.xls",Sheet 8(060-22)
3275,,,,,"RDO No. 83 -Talisay City, CebuWeb.xls",Sheet 8(060-22)
3276,7.      INSTITUTION (X),,7.      INSTITUTION (X),7.0,"RDO No. 83 -Talisay City, CebuWeb.xls",Sheet 8(060-22)
3277,,,,,"RDO No. 83 -Talisay City, CebuWeb.xls",Sheet 8(060-22)
3278,"THESE  ARE  AREAS  FOR  SCHOOL, HOSPITAL  AND  CHURCHES,  IF  NO  ZONAL  VALUE  HAS  BEEN PRESCRIBED, THE",,"THESE  ARE  AREAS  FOR  SCHOOL, HOSPITAL  AND  CHURCHES,  IF  NO  ZONAL  VALUE  HAS  BEEN PRESCRIBED, THE",,"RDO No. 83 -Talisay City, CebuWeb.xls",Sheet 8(060-22)
3279,COMMERCIAL VALUE OF THE PROPERTY NEAREST TO THE INSTITUTION.  WITHIN THE SAME BARANGAY AND STREET,,COMMERCIAL VALUE OF THE PROPERTY NEAREST TO THE INSTITUTION.  WITHIN THE SAME BARANGAY AND STREET,,"RDO No. 83 -Talisay City, CebuWeb.xls",Sheet 8(060-22)
3280,SHALL BE USED,,SHALL BE USED,,"RDO No. 83 -Talisay City, CebuWeb.xls",Sheet 8(060-22)
3281,8.    ZONAL VALUE OR FMV ESTABLISHED IN THE SCHEDULE OF VALUES OF ASSESSORS.,,8.    ZONAL VALUE OR FMV ESTABLISHED IN THE SCHEDULE OF VALUES OF ASSESSORS.,,"RDO No. 83 -Talisay City, CebuWeb.xls",Sheet 8(060-22)
3282,,,,,"RDO No. 83 -Talisay City, CebuWeb.xls",Sheet 8(060-22)
3283,THE ZONAL VALUES ESTABLISHED HEREIN SHALL APPLY  IN  COMPUTING  ALL  INTERNAL  REVENUE TAXES,,THE ZONAL VALUES ESTABLISHED HEREIN SHALL APPLY  IN  COMPUTING  ALL  INTERNAL  REVENUE TAXES,,"RDO No. 83 -Talisay City, CebuWeb.xls",Sheet 8(060-22)
3284,"(i.e. CAPITAL GAINS, CREDITABLE WITHOLDING, ESTATE,  DONOR'S  AND  DOCUMENTARY STAMP TAXES)  DUE",,"(i.e. CAPITAL GAINS, CREDITABLE WITHOLDING, ESTATE,  DONOR'S  AND  DOCUMENTARY STAMP TAXES)  DUE",,"RDO No. 83 -Talisay City, CebuWeb.xls",Sheet 8(060-22)
3285,"ON SALES, EXCHANGES, OR OTHER DISPOSITIONS OF REAL PROPERTY,  PROVIDED,  THAT  THE  SAME  IS  HIGHER",,"ON SALES, EXCHANGES, OR OTHER DISPOSITIONS OF REAL PROPERTY,  PROVIDED,  THAT  THE  SAME  IS  HIGHER",,"RDO No. 83 -Talisay City, CebuWeb.xls",Sheet 8(060-22)
3286,THAN (1) THE FAIR MARKET VALUE AS SHOWN IN  THE  SCHEDULE  OF  VALUES  OF  THE  PROVINCIAL  AND  CITY,,THAN (1) THE FAIR MARKET VALUE AS SHOWN IN  THE  SCHEDULE  OF  VALUES  OF  THE  PROVINCIAL  AND  CITY,1.0,"RDO No. 83 -Talisay City, CebuWeb.xls",Sheet 8(060-22)
3287,ASSESSRS   (i.e.   LATEST  TAX  DECLARATION)   AND   (2)  THE  GROSS  SELLING  PRICE  AS  SHOWN  IN  THE  DULY,,ASSESSRS   (i.e.   LATEST  TAX  DECLARATION)   AND   (2)  THE  GROSS  SELLING  PRICE  AS  SHOWN  IN  THE  DULY,,"RDO No. 83 -Talisay City, CebuWeb.xls",Sheet 8(060-22)
3288,NOTARIZED DOCUMENT OF SALE OR EXCHANGE AT THE TIME OF SALE OR EXCHANGE.,,NOTARIZED DOCUMENT OF SALE OR EXCHANGE AT THE TIME OF SALE OR EXCHANGE.,,"RDO No. 83 -Talisay City, CebuWeb.xls",Sheet 8(060-22)
3289,,,,,"RDO No. 83 -Talisay City, CebuWeb.xls",Sheet 8(060-22)
3290,"PROVIDED, HOWEVER, THAT THE VALUE OF PROPERTY TO BE USED IN COMPUTING ESTATE AND DONOR'S",,"PROVIDED, HOWEVER, THAT THE VALUE OF PROPERTY TO BE USED IN COMPUTING ESTATE AND DONOR'S",,"RDO No. 83 -Talisay City, CebuWeb.xls",Sheet 8(060-22)
3291,TAXES SHALL BE (1)  THE FAIR MARKET VALUE AS DETERMINED BY THE COMMISSIONER OF INTERNAL REVENUE,,TAXES SHALL BE (1)  THE FAIR MARKET VALUE AS DETERMINED BY THE COMMISSIONER OF INTERNAL REVENUE,1.0,"RDO No. 83 -Talisay City, CebuWeb.xls",Sheet 8(060-22)
3292,(i.e. ZONAL  VALUES) OR  (2)  THE  FAIR   MARKET  VALUE  AS  SHOWN IN  THE  SCHEDULE  OF  VALUES   OF   THE,,(i.e. ZONAL  VALUES) OR  (2)  THE  FAIR   MARKET  VALUE  AS  SHOWN IN  THE  SCHEDULE  OF  VALUES   OF   THE,,"RDO No. 83 -Talisay City, CebuWeb.xls",Sheet 8(060-22)
3293,"PROVINCIAL/CITY/MUNICIPAL ASSESSOR, WHICHEVER IS HIGHER.",,"PROVINCIAL/CITY/MUNICIPAL ASSESSOR, WHICHEVER IS HIGHER.",,"RDO No. 83 -Talisay City, CebuWeb.xls",Sheet 8(060-22)
3294,,,,,"RDO No. 83 -Talisay City, CebuWeb.xls",Sheet 8(060-22)
3295,,,,,"RDO No. 83 -Talisay City, CebuWeb.xls",Sheet 8(060-22)
3296,I-3/apmd (wpc 09-08-22),,I-3/apmd (wpc 09-08-22),,"RDO No. 83 -Talisay City, CebuWeb.xls",Sheet 8(060-22)
