_raw_row_index,barangay,classification,zonal_value_raw,zonal_value
0,"IN THE CITIES  OF  CARCAR, NAGA, TALISAY  AND TOLEDO  AND  THE  MUNICIPALITIES OF",,"IN THE CITIES  OF  CARCAR, NAGA, TALISAY  AND TOLEDO  AND  THE  MUNICIPALITIES OF",
1,MINGLANILLA AND SAN FERNANDO ALL WITHIN  THE  JURISDICTION  OF  REVENUE DISTRICT,,MINGLANILLA AND SAN FERNANDO ALL WITHIN  THE  JURISDICTION  OF  REVENUE DISTRICT,
2,"NO. 83 - TALISAY CITY, CEBU REVENUE REGION NO. 13 - CEBU CITY FOR  INTERNAL  REVENUE",,"NO. 83 - TALISAY CITY, CEBU REVENUE REGION NO. 13 - CEBU CITY FOR  INTERNAL  REVENUE",
3,TAX PURPOSES.,,TAX PURPOSES.,
4,,,,
5,TO         :      All Internal Revenue Officers and Others Concerned.,,TO         :      All Internal Revenue Officers and Others Concerned.,
6,,,,
7,"Section  4 of Republic Act No. 10963, otherwise known as the ""Tax Reform for Acceleration and",,"Section  4 of Republic Act No. 10963, otherwise known as the ""Tax Reform for Acceleration and",4.10963
8,"Inclusion (TRAIN)"" Law, amending Section 6 (E)  of National Internal Revenue Code (NIRC) of 1997, authorizes",,"Inclusion (TRAIN)"" Law, amending Section 6 (E)  of National Internal Revenue Code (NIRC) of 1997, authorizes",61997.0
9,the  Commissioner  to  divide   the  Philippines  into  different   zones  or areas and shall determine the fair,,the  Commissioner  to  divide   the  Philippines  into  different   zones  or areas and shall determine the fair,
10,"market value of real properties located in each zone or areas, subject to automatic adjustment once every",,"market value of real properties located in each zone or areas, subject to automatic adjustment once every",
11,three (3) years.,,three (3) years.,3.0
12,,,,
13,"By  virtue  of  said authority,  the  Commissioner of Internal Revenue has determined  the zonal",,"By  virtue  of  said authority,  the  Commissioner of Internal Revenue has determined  the zonal",
14,"values  of  real  properties  in  the Cities of Carcar, Naga, Toledo (2nd Revision) and Talisay (3rd Revision)",,"values  of  real  properties  in  the Cities of Carcar, Naga, Toledo (2nd Revision) and Talisay (3rd Revision)",23.0
15,"and the Municipalities of San Fernando (2nd Revision) and Minglanilla (3rd Revision) Province of Cebu, within the",,"and the Municipalities of San Fernando (2nd Revision) and Minglanilla (3rd Revision) Province of Cebu, within the",23.0
16,"jurisdiction  of Revenue District No. 83 –Talisay City, Cebu Revenue  Region  No. 13 – Cebu City,  after the  public",,"jurisdiction  of Revenue District No. 83 –Talisay City, Cebu Revenue  Region  No. 13 – Cebu City,  after the  public",
17,"hearings on  April 20,26 and 28, 2022 were conducted for the purpose.  This  Order  is  issued  to  implement  the  Revised",,"hearings on  April 20,26 and 28, 2022 were conducted for the purpose.  This  Order  is  issued  to  implement  the  Revised",2026282022.0
18,Schedule  of  Zonal  Values  of Real  Properties  for purposes of computing  any internal  revenue  tax due  on  sale/transfer,,Schedule  of  Zonal  Values  of Real  Properties  for purposes of computing  any internal  revenue  tax due  on  sale/transfer,
19,or any other disposition of real properties.,,or any other disposition of real properties.,
20,,,,
21,The zonal values established herein  shall  apply  provided   the  same  is  higher  than (1)  the,,The zonal values established herein  shall  apply  provided   the  same  is  higher  than (1)  the,1.0
22,fair  market  value  as shown in the schedule of values of  the  provincial or city  assessor  and  (2) the gross,,fair  market  value  as shown in the schedule of values of  the  provincial or city  assessor  and  (2) the gross,2.0
23,selling price/consideration as shown in the duly notarized document of sale or transfer of real property.,,selling price/consideration as shown in the duly notarized document of sale or transfer of real property.,
24,,,,
25,This Order shall take effect immediately.,,This Order shall take effect immediately.,
26,,,,
27,,,,
28,,,,
29,,,,
30,,,,
31,RECOMMENDED BY:,,RECOMMENDED BY:,
32,,,,
33,,,,
34,(original signed),,(original signed),
35,LILIA CATRIS GUILLERMO,,LILIA CATRIS GUILLERMO,
36,Commissioner of Internal Revenue,,Commissioner of Internal Revenue,
37,,,,
38,,,,
39,DEFINITION OF TERMS,,DEFINITION OF TERMS,
40,,,,
41,RESIDENTIAL,,RESIDENTIAL,
42,COMMERCIAL,,COMMERCIAL,
43,,,,
44,INDUSTRIAL,,INDUSTRIAL,
45,AGRICULTURAL,,AGRICULTURAL,
46,,,,
47,,,,
48,,,,
49,GENERAL PURPOSE,,GENERAL PURPOSE,
50,,,,
51,,,,
52,,,,
53,CONDOMINIUM,,CONDOMINIUM,
54,,,,
55,,,,
56,,,,
57,,,,
58,,,,
59,VICINITY,,VICINITY,
60,,,,
61,,,,
62,,,,
63,CLASSIFICATION LEGEND:,,CLASSIFICATION LEGEND:,
64,CODE              CLASSIFICATION,,CODE              CLASSIFICATION,
65,RR                     Residential Regular,,RR                     Residential Regular,
66,CR                     Comemrcial Regular,,CR                     Comemrcial Regular,
67,RC                     Residential Condominium,,RC                     Residential Condominium,
68,CC                     Commercial Condominium,,CC                     Commercial Condominium,
69,CL                     Cemetery Lot,,CL                     Cemetery Lot,
70,A                       Agricultural,,A                       Agricultural,
71,AGRICULTURAL LANDS,,AGRICULTURAL LANDS,
72,A1    Riceland Irrigated,,A1    Riceland Irrigated,1.0
73,A2    Riceland Unirrigated,,A2    Riceland Unirrigated,2.0
74,A3    Upland,,A3    Upland,3.0
75,A4    Coco Land,,A4    Coco Land,4.0
76,A5    Citrus Land,,A5    Citrus Land,5.0
77,A6    Fishpond,,A6    Fishpond,6.0
78,A7    Swamp,,A7    Swamp,7.0
79,A8    Nipa Land,,A8    Nipa Land,8.0
80,A9    Cotton Land,,A9    Cotton Land,9.0
81,A10  Cogon,,A10  Cogon,10.0
82,A11  Abaca Land,,A11  Abaca Land,11.0
83,A12  Orchard,,A12  Orchard,12.0
84,A13  Pineapple Land,,A13  Pineapple Land,13.0
85,A14  Banana Land,,A14  Banana Land,14.0
86,A15  Pasture Land,,A15  Pasture Land,15.0
87,A16  Corn Land,,A16  Corn Land,16.0
88,A17  Sugar Land,,A17  Sugar Land,17.0
89,A18  Tobacco Land,,A18  Tobacco Land,18.0
90,A19  Cacao,,A19  Cacao,19.0
91,A20  Lanzones,,A20  Lanzones,20.0
92,A21  Durian,,A21  Durian,21.0
93,A22  Rambutan,,A22  Rambutan,22.0
94,A23  Mango,,A23  Mango,23.0
95,A24  Mangrove,,A24  Mangrove,24.0
96,A25  Camote/Cassava,,A25  Camote/Cassava,25.0
97,"REVENUE REGION No. 13, CEBU CITY",,"REVENUE REGION No. 13, CEBU CITY",0.13
98,"REVENUE DISTRICT OFFICE Office No. 83, TALISAY CITY",,"REVENUE DISTRICT OFFICE Office No. 83, TALISAY CITY",0.83
99,,,,
100,PROVINCE                     : CEBU,,PROVINCE                     : CEBU,
101,CITY/MUNICIPALITY  : CARCAR CITY,,CITY/MUNICIPALITY  : CARCAR CITY,
102,ZONE/ BARANGAY     : BOLINAWAN,,ZONE/ BARANGAY     : BOLINAWAN,
103,STREET NAME/                   SUBDIVISION/CONDOMINIUM,,STREET NAME/                   SUBDIVISION/CONDOMINIUM,
104,NATIONAL ROADS,,NATIONAL ROADS,
105,,,,
106,,,,
107,,,,
108,,,,
109,,,,
110,,,,
111,ALL LOTS,,ALL LOTS,
112,,,,
113,,,,
114,,,,
115,,,,
116,,,,
117,,,,
118,BOLINAWAN PROPER,,BOLINAWAN PROPER,
119,,,,
120,,,,
121,,,,
122,,,,
123,,,,
124,SITIO CAMBUNTAN,,SITIO CAMBUNTAN,
125,,,,
126,SITIO DUNGGOAN,,SITIO DUNGGOAN,
127,,,,
128,SITIO TUGAS,,SITIO TUGAS,
129,,,,
130,,,,
131,SITIO CAIPILAN 1,,SITIO CAIPILAN 1,1.0
132,UPPER SITIO LAGANG 2,,UPPER SITIO LAGANG 2,2.0
133,LOWER SITIO LAGANG,,LOWER SITIO LAGANG,
134,DANCING SUN SUBDIVISION/D'LOGO DEV'T INC.,,DANCING SUN SUBDIVISION/D'LOGO DEV'T INC.,
135,ALL SUBDIVISION/VILLAGES,,ALL SUBDIVISION/VILLAGES,
136,* not among the standard classification code,,* not among the standard classification code,
137,Note:,,Note:,
138,1 Sitio Caipilan is part of Poblacion I,,1 Sitio Caipilan is part of Poblacion I,1.0
139,2 Upper Sitio Lagang is part of  Brgy. Ocaña,,2 Upper Sitio Lagang is part of  Brgy. Ocaña,2.0
140,,,,
141,PROVINCE                    : CEBU,,PROVINCE                    : CEBU,
142,CITY/MUNICIPALITY  : CARCAR CITY,,CITY/MUNICIPALITY  : CARCAR CITY,
143,ZONE/ BARANGAY     : BUENAVISTA,,ZONE/ BARANGAY     : BUENAVISTA,
144,STREET NAME/                   SUBDIVISION/CONDOMINIUM,,STREET NAME/                   SUBDIVISION/CONDOMINIUM,
145,PROVINCIAL ROAD,,PROVINCIAL ROAD,
146,ALL LOTS,,ALL LOTS,
147,,,,
148,,,,
149,,,,
150,,,,
151,,,,
152,,,,
153,,,,
154,,,,
155,,,,
156,,,,
157,MUNICIPAL ROAD INTERIOR,,MUNICIPAL ROAD INTERIOR,
158,,,,
159,,,,
160,ALL OTHER SUBDIVISION/VILLAGE,,ALL OTHER SUBDIVISION/VILLAGE,
161,* not among the standard classification code,,* not among the standard classification code,
162,,,,
163,,,,
164,PROVINCE                    : CEBU,,PROVINCE                    : CEBU,
165,CITY/MUNICIPALITY  : CARCAR CITY,,CITY/MUNICIPALITY  : CARCAR CITY,
166,ZONE/ BARANGAY     : CALIDNGAN,,ZONE/ BARANGAY     : CALIDNGAN,
167,STREET NAME/                   SUBDIVISION/CONDOMINIUM,,STREET NAME/                   SUBDIVISION/CONDOMINIUM,
168,PROVINCIAL ROAD,,PROVINCIAL ROAD,
169,,,,
170,,,,
171,,,,
172,,,,
173,MUNICIPAL /CITY ROAD,,MUNICIPAL /CITY ROAD,
174,,,,
175,,,,
176,,,,
177,,,,
178,BARANGAY ROAD,,BARANGAY ROAD,
179,,,,
180,,,,
181,,,,
182,,,,
183,,,,
184,,,,
185,* not among the standard classification code,,* not among the standard classification code,
186,,,,
187,,,,
188,PROVINCE                    : CEBU,,PROVINCE                    : CEBU,
189,CITY/MUNICIPALITY  : CARCAR CITY,,CITY/MUNICIPALITY  : CARCAR CITY,
190,ZONE/ BARANGAY     : CAN-ASUJAN,,ZONE/ BARANGAY     : CAN-ASUJAN,
191,STREET NAME/                   SUBDIVISION/CONDOMINIUM,,STREET NAME/                   SUBDIVISION/CONDOMINIUM,
192,PROVINCIAL ROAD,,PROVINCIAL ROAD,
193,,,,
194,,,,
195,,,,
196,,,,
197,MUNICIPAL/ CITY ROAD,,MUNICIPAL/ CITY ROAD,
198,,,,
199,,,,
200,WEST OF BARANGAY,,WEST OF BARANGAY,
201,,,,
202,OTHER AREAS,,OTHER AREAS,
203,,,,
204,CAMELLA HOMES SUBDIVISION,,CAMELLA HOMES SUBDIVISION,
205,LUMINA HOMES,,LUMINA HOMES,
206,ESPERANZA HOMES,,ESPERANZA HOMES,
207,LA CRESTA HOMES & HILLS**,,LA CRESTA HOMES & HILLS**,
208,SUMMER VILLE SUBDIVISION**,,SUMMER VILLE SUBDIVISION**,
209,ALL SUBDIVISION/VILLAGES,,ALL SUBDIVISION/VILLAGES,
210,,,,
211,**New subdivision,,**New subdivision,
212,,,,
213,,,,
214,PROVINCE                    : CEBU,,PROVINCE                    : CEBU,
215,CITY/MUNICIPALITY  : CARCAR CITY,,CITY/MUNICIPALITY  : CARCAR CITY,
216,ZONE/ BARANGAY     : GUADALUPE,,ZONE/ BARANGAY     : GUADALUPE,
217,STREET NAME/                   SUBDIVISION/CONDOMINIUM,,STREET NAME/                   SUBDIVISION/CONDOMINIUM,
218,NATIONAL ROAD,,NATIONAL ROAD,
219,,,,
220,ALL LOTS,,ALL LOTS,
221,,,,
222,,,,
223,,,,
224,ALL SUBDIVISIONS/VILLAGES,,ALL SUBDIVISIONS/VILLAGES,
225,SITIO HUNOB-ANISLAGAN,,SITIO HUNOB-ANISLAGAN,
226,,,,
227,SITIO KAMANGGAHAN,,SITIO KAMANGGAHAN,
228,,,,
229,SITIO TAPAL-MAINIT-MABUGNAO,,SITIO TAPAL-MAINIT-MABUGNAO,
230,,,,
231,SITIO MUAG-BACTUS,,SITIO MUAG-BACTUS,
232,,,,
233,SITIO BOLBOLAN,,SITIO BOLBOLAN,
234,* not among the standard classification code,,* not among the standard classification code,
235,,,,
236,,,,
237,PROVINCE                    : CEBU,,PROVINCE                    : CEBU,
238,CITY/MUNICIPALITY  : CARCAR CITY,,CITY/MUNICIPALITY  : CARCAR CITY,
239,ZONE/ BARANGAY     : LIBURON,,ZONE/ BARANGAY     : LIBURON,
240,STREET NAME/                   SUBDIVISION/CONDOMINIUM,,STREET NAME/                   SUBDIVISION/CONDOMINIUM,
241,PROVINCIAL ROAD,,PROVINCIAL ROAD,
242,,,,
243,,,,
244,,,,
245,MUNICIPAL/CITY ROAD,,MUNICIPAL/CITY ROAD,
246,,,,
247,,,,
248,,,,
249,ALL LOTS,,ALL LOTS,
250,,,,
251,,,,
252,,,,
253,,,,
254,,,,
255,,,,
256,,,,
257,TIERA NAVA SUBDIVISION / JOHNDORF**,,TIERA NAVA SUBDIVISION / JOHNDORF**,
258,ALL OTHER SUBDIVISIONS/VILLAGES,,ALL OTHER SUBDIVISIONS/VILLAGES,
259,* not among the standard classification code,,* not among the standard classification code,
260,Note:,,Note:,
261,3  Sitio Sambag is non-existent per Assessor's Office,,3  Sitio Sambag is non-existent per Assessor's Office,
262,**New subdivision,,**New subdivision,
263,,,,
264,,,,
265,PROVINCE                    : CEBU,,PROVINCE                    : CEBU,
266,CITY/MUNICIPALITY  : CARCAR CITY,,CITY/MUNICIPALITY  : CARCAR CITY,
267,ZONE/ BARANGAY     : NAPO,,ZONE/ BARANGAY     : NAPO,
268,STREET NAME/                   SUBDIVISION/CONDOMINIUM,,STREET NAME/                   SUBDIVISION/CONDOMINIUM,
269,PROVINCIAL ROAD,,PROVINCIAL ROAD,
270,ALL LOTS,,ALL LOTS,
271,,,,
272,,,,
273,,,,
274,,,,
275,,,,
276,,,,
277,,,,
278,SITIO TULINDA-SITIO TALAMBAN,,SITIO TULINDA-SITIO TALAMBAN,
279,,,,
280,SITIO TAKLOB-SITIO GARAY,,SITIO TAKLOB-SITIO GARAY,
281,,,,
282,SITIO PUESTO-SITIO KALANGYAWON-SITIO PUESTO,,SITIO PUESTO-SITIO KALANGYAWON-SITIO PUESTO,
283,,,,
284,SITIO DANAO-KAYAM-PAJO,,SITIO DANAO-KAYAM-PAJO,
285,,,,
286,* not among the standard classification code,,* not among the standard classification code,
287,,,,
288,,,,
289,PROVINCE                    : CEBU,,PROVINCE                    : CEBU,
290,CITY/MUNICIPALITY  : CARCAR CITY,,CITY/MUNICIPALITY  : CARCAR CITY,
291,ZONE/ BARANGAY     : OCAÑA,,ZONE/ BARANGAY     : OCAÑA,
292,STREET NAME/                   SUBDIVISION/CONDOMINIUM,,STREET NAME/                   SUBDIVISION/CONDOMINIUM,
293,NATIONAL ROAD,,NATIONAL ROAD,
294,,,,
295,,,,
296,,,,
297,,,,
298,ALL LOTS,,ALL LOTS,
299,,,,
300,,,,
301,,,,
302,SITIO LAGANG (UPPER),,SITIO LAGANG (UPPER),
303,UPPER SITIO LAGANG 4,,UPPER SITIO LAGANG 4,4.0
304,,,,
305,SITIO BONBON,,SITIO BONBON,
306,,,,
307,SITIO BONBON BEACH,,SITIO BONBON BEACH,
308,SITIO BACSIJE (BACAJI),,SITIO BACSIJE (BACAJI),
309,,,,
310,SITIO KAMANG KAMANG,,SITIO KAMANG KAMANG,
311,,,,
312,SITIO ABUGON 5,,SITIO ABUGON 5,5.0
313,BUCAO SUBDIVISION,,BUCAO SUBDIVISION,
314,STA ISABEL ESTATE **,,STA ISABEL ESTATE **,
315,ALL SUBDIVISION/VILLAGES,,ALL SUBDIVISION/VILLAGES,
316,OTHER AREAS,,OTHER AREAS,
317,,,,
318,,,,
319,* not among the standard classification code,,* not among the standard classification code,
320,Note:,,Note:,
321,4 This classification was previously part of Barangay Bolinawan (Note 2),,4 This classification was previously part of Barangay Bolinawan (Note 2),42.0
322,5 Sitio Abugon is part of Municipality of Sibonga,,5 Sitio Abugon is part of Municipality of Sibonga,5.0
323,**New subdivision,,**New subdivision,
324,,,,
325,,,,
326,PROVINCE                    : CEBU,,PROVINCE                    : CEBU,
327,CITY/MUNICIPALITY  : CARCAR CITY,,CITY/MUNICIPALITY  : CARCAR CITY,
328,ZONE/ BARANGAY     : PERRELOS,,ZONE/ BARANGAY     : PERRELOS,
329,STREET NAME/                   SUBDIVISION/CONDOMINIUM,,STREET NAME/                   SUBDIVISION/CONDOMINIUM,
330,NATIONAL ROAD,,NATIONAL ROAD,
331,,,,
332,,,,
333,,,,
334,,,,
335,,,,
336,,,,
337,,,,
338,ALONG NAT'L & PROV'L ROADS,,ALONG NAT'L & PROV'L ROADS,
339,50 METERS INWARD,,50 METERS INWARD,50.0
340,ALONG BRGY RD 50M INWARD,,ALONG BRGY RD 50M INWARD,50.0
341,,,,
342,,,,
343,,,,
344,,,,
345,,,,
346,,,,
347,,,,
348,INTERIOR  AREAS 50 METERS AWAY FR BRGY. ROADS,,INTERIOR  AREAS 50 METERS AWAY FR BRGY. ROADS,50.0
349,,,,
350,,,,
351,ALL LOTS,,ALL LOTS,
352,,,,
353,CAMELLA SUBDIVISION,,CAMELLA SUBDIVISION,
354,STA. LUCIA SUBDIVISION/GLENROSE SUBDIVISION,,STA. LUCIA SUBDIVISION/GLENROSE SUBDIVISION,
355,OTHER SUBDIVISIONS/VILLAGES,,OTHER SUBDIVISIONS/VILLAGES,
356,,,,
357,* not among the standard classification code,,* not among the standard classification code,
358,,,,
359,,,,
360,PROVINCE                    : CEBU,,PROVINCE                    : CEBU,
361,CITY/MUNICIPALITY  : CARCAR CITY,,CITY/MUNICIPALITY  : CARCAR CITY,
362,ZONE/ BARANGAY     : POBLACION I,,ZONE/ BARANGAY     : POBLACION I,
363,STREET NAME/                   SUBDIVISION/CONDOMINIUM,,STREET NAME/                   SUBDIVISION/CONDOMINIUM,
364,JOSE RIZAL ST.  (HI-WAY) 6,,JOSE RIZAL ST.  (HI-WAY) 6,
365,,,,
366,,,,
367,,,,
368,SAN VICENTE ST.,,SAN VICENTE ST.,
369,GEN LUNA ST.,,GEN LUNA ST.,
370,P. VASQUEZ/SAN JOSE ST.,,P. VASQUEZ/SAN JOSE ST.,
371,DEL CORRO ST.,,DEL CORRO ST.,
372,,,,
373,SITIO LUAN-LUAN,,SITIO LUAN-LUAN,
374,"BLK BDRY NAT'L HI-WAY, GEN. LUNA, & P. VASQUEZ STS.",,"BLK BDRY NAT'L HI-WAY, GEN. LUNA, & P. VASQUEZ STS.",
375,,,,
376,ALONG EXISTING CITY RDS & 50M INWARDS,,ALONG EXISTING CITY RDS & 50M INWARDS,50.0
377,"AWAY FR. NAT'L, PROV'L & CITY RD",,"AWAY FR. NAT'L, PROV'L & CITY RD",
378,SITIO CAIPILAN 7,,SITIO CAIPILAN 7,7.0
379,,,,
380,,,,
381,ALL OTHER SUBDIVISION/VILLAGES**,,ALL OTHER SUBDIVISION/VILLAGES**,
382,ALL LOTS,,ALL LOTS,
383,,,,
384,,,,
385,,,,
386,,,,
387,,,,
388,,,,
389,,,,
390,,,,
391,* not among the standard classification code,,* not among the standard classification code,
392,"NOTE: 6 Per City Assessor, Carcar Public Market was transferred to Poblacion II",,"NOTE: 6 Per City Assessor, Carcar Public Market was transferred to Poblacion II",6.0
393,7 Sitio Caipilan was previously part of Barangay Bolinawan (Note 1),,7 Sitio Caipilan was previously part of Barangay Bolinawan (Note 1),71.0
394,**New subdivision,,**New subdivision,
395,,,,
396,,,,
397,PROVINCE                    : CEBU,,PROVINCE                    : CEBU,
398,CITY/MUNICIPALITY  : CARCAR CITY,,CITY/MUNICIPALITY  : CARCAR CITY,
399,ZONE/ BARANGAY     : POBLACION II,,ZONE/ BARANGAY     : POBLACION II,
400,STREET NAME/                   SUBDIVISION/CONDOMINIUM,,STREET NAME/                   SUBDIVISION/CONDOMINIUM,
401,"GOMEZ, ZAMORA, P. DEL PILAR, LA LIBERTAD / P. DEL ROSARIO ST.,",,"GOMEZ, ZAMORA, P. DEL PILAR, LA LIBERTAD / P. DEL ROSARIO ST.,",
402,"STA. CATALINA, GEN LUNA, & P. BURGOS STS.",,"STA. CATALINA, GEN LUNA, & P. BURGOS STS.",
403,,,,
404,PUBLIC MARKET SITE,,PUBLIC MARKET SITE,
405,LOWER GEN. LUNA ST.,,LOWER GEN. LUNA ST.,
406,ALONG FEEDER W/N POBLACION,,ALONG FEEDER W/N POBLACION,
407,,,,
408,,,,
409,,,,
410,,,,
411,ALL LOTS,,ALL LOTS,
412,,,,
413,,,,
414,,,,
415,,,,
416,,,,
417,PROVINCE                    : CEBU,,PROVINCE                    : CEBU,
418,CITY/MUNICIPALITY  : CARCAR CITY,,CITY/MUNICIPALITY  : CARCAR CITY,
419,ZONE/ BARANGAY     : POBLACION III,,ZONE/ BARANGAY     : POBLACION III,
420,STREET NAME/                   SUBDIVISION/CONDOMINIUM,,STREET NAME/                   SUBDIVISION/CONDOMINIUM,
421,P. NELLAS.-AWAYAN,,P. NELLAS.-AWAYAN,
422,,,,
423,"CARCAR RIVER, MUN ROAD & NAT'L ROAD",,"CARCAR RIVER, MUN ROAD & NAT'L ROAD",
424,ESPERANZA VILLAGE,,ESPERANZA VILLAGE,
425,,,,
426,,,,
427,SITIO DAPDAP,,SITIO DAPDAP,
428,,,,
429,SITIO TAPON,,SITIO TAPON,
430,MANCAO SUBDIVISION,,MANCAO SUBDIVISION,
431,TIERRA NAVA SUBDIVISION / JOHNDORF**,,TIERRA NAVA SUBDIVISION / JOHNDORF**,
432,OTHER SUBDIVISION/VILLAGES,,OTHER SUBDIVISION/VILLAGES,
433,ALL INT. AREAS 50 M. AWAY FR. NAT'L,,ALL INT. AREAS 50 M. AWAY FR. NAT'L,
434,CITY. & PROV'L ROADS,,CITY. & PROV'L ROADS,
435,,,,
436,* not among the standard classification code,,* not among the standard classification code,
437,**New subdivision,,**New subdivision,
438,,,,
439,,,,
440,PROVINCE                    : CEBU,,PROVINCE                    : CEBU,
441,CITY/MUNICIPALITY  : CARCAR CITY,,CITY/MUNICIPALITY  : CARCAR CITY,
442,ZONE/ BARANGAY     : TUYOM,,ZONE/ BARANGAY     : TUYOM,
443,STREET NAME/                   SUBDIVISION/CONDOMINIUM,,STREET NAME/                   SUBDIVISION/CONDOMINIUM,
444,PROV'L & MUN. ROADS,,PROV'L & MUN. ROADS,
445,,,,
446,NAT'L &MUN. ROADS,,NAT'L &MUN. ROADS,
447,,,,
448,,,,
449,MUNICIPAL/CITY ROAD,,MUNICIPAL/CITY ROAD,
450,,,,
451,,,,
452,,,,
453,ALONG THE SEA COAST,,ALONG THE SEA COAST,
454,,,,
455,,,,
456,,,,
457,ALL LOTS,,ALL LOTS,
458,,,,
459,,,,
460,,,,
461,,,,
462,,,,
463,,,,
464,HENAVILLE TOWNHOMES**,,HENAVILLE TOWNHOMES**,
465,ALL SUBDIVISIONS/VILLAGES,,ALL SUBDIVISIONS/VILLAGES,
466,* not among the standard classification code,,* not among the standard classification code,
467,**New subdivision,,**New subdivision,
468,,,,
469,,,,
470,PROVINCE                    : CEBU,,PROVINCE                    : CEBU,
471,CITY/MUNICIPALITY  : CARCAR CITY,,CITY/MUNICIPALITY  : CARCAR CITY,
472,ZONE/ BARANGAY     : VALLADOLID,,ZONE/ BARANGAY     : VALLADOLID,
473,STREET NAME/                   SUBDIVISION/CONDOMINIUM,,STREET NAME/                   SUBDIVISION/CONDOMINIUM,
474,NATIONAL ROAD,,NATIONAL ROAD,
475,,,,
476,,,,
477,,,,
478,,,,
479,,,,
480,,,,
481,,,,
482,,,,
483,,,,
484,,,,
485,ALL LOTS,,ALL LOTS,
486,,,,
487,,,,
488,,,,
489,,,,
490,,,,
491,,,,
492,,,,
493,,,,
494,,,,
495,MANCAO SUBDIVISION,,MANCAO SUBDIVISION,
496,PRIMA LIFESCAPE,,PRIMA LIFESCAPE,
497,STA. CATALINA SUBDIVISION,,STA. CATALINA SUBDIVISION,
498,ALL SUBDIVISIONS/VILLAGES,,ALL SUBDIVISIONS/VILLAGES,
499,,,,
500,* not among the standard classification code,,* not among the standard classification code,
501,,,,
502,,,,
503,PROVINCE                    : CEBU,,PROVINCE                    : CEBU,
504,CITY/MUNICIPALITY  : CARCAR CITY,,CITY/MUNICIPALITY  : CARCAR CITY,
505,ZONE/ BARANGAY     : VALENCIA,,ZONE/ BARANGAY     : VALENCIA,
506,STREET NAME/                   SUBDIVISION/CONDOMINIUM,,STREET NAME/                   SUBDIVISION/CONDOMINIUM,
507,PROVINCIAL ROADS,,PROVINCIAL ROADS,
508,,,,
509,,,,
510,,,,
511,,,,
512,,,,
513,,,,
514,,,,
515,MUNICIPAL/CITY ROADS,,MUNICIPAL/CITY ROADS,
516,,,,
517,,,,
518,,,,
519,BARANGAY ROADS,,BARANGAY ROADS,
520,ALL INTERIOR/OTHER AREAS,,ALL INTERIOR/OTHER AREAS,
521,,,,
522,,,,
523,ALL SUBDIVISIONS/VILLAGES,,ALL SUBDIVISIONS/VILLAGES,
524,* not among the standard classification code,,* not among the standard classification code,
525,,,,
526,,,,
527,"REVENUE REGION No. 13, CEBU CITY",,"REVENUE REGION No. 13, CEBU CITY",0.13
528,"REVENUE DISTRICT OFFICE Office No. 83, TALISAY CITY",,"REVENUE DISTRICT OFFICE Office No. 83, TALISAY CITY",0.83
529,,,,
530,PROVINCE                    : CEBU,,PROVINCE                    : CEBU,
531,CITY/MUNICIPALITY  : NAGA CITY,,CITY/MUNICIPALITY  : NAGA CITY,
532,ZONE/ BARANGAY     : ALPACO,,ZONE/ BARANGAY     : ALPACO,
533,STREET NAME/                   SUBDIVISION/CONDOMINIUM,,STREET NAME/                   SUBDIVISION/CONDOMINIUM,
534,ALL AREAS,,ALL AREAS,
535,,,,
536,,,,
537,,,,
538,,,,
539,,,,
540,,,,
541,,,,
542,,,,
543,* not among the standard classification code,,* not among the standard classification code,
544,**redefined,,**redefined,
545,,,,
546,,,,
547,PROVINCE                    : CEBU,,PROVINCE                    : CEBU,
548,CITY/MUNICIPALITY  : NAGA CITY,,CITY/MUNICIPALITY  : NAGA CITY,
549,ZONE/ BARANGAY     : BAIRAN,,ZONE/ BARANGAY     : BAIRAN,
550,STREET NAME/                   SUBDIVISION/CONDOMINIUM,,STREET NAME/                   SUBDIVISION/CONDOMINIUM,
551,ALL AREAS,,ALL AREAS,
552,,,,
553,,,,
554,,,,
555,,,,
556,,,,
557,,,,
558,,,,
559,,,,
560,* not among the standard classification code,,* not among the standard classification code,
561,**redefined,,**redefined,
562,,,,
563,,,,
564,PROVINCE                    : CEBU,,PROVINCE                    : CEBU,
565,CITY/MUNICIPALITY  : NAGA CITY,,CITY/MUNICIPALITY  : NAGA CITY,
566,ZONE/ BARANGAY     : BALIRONG,,ZONE/ BARANGAY     : BALIRONG,
567,STREET NAME/                   SUBDIVISION/CONDOMINIUM,,STREET NAME/                   SUBDIVISION/CONDOMINIUM,
568,ALL AREAS,,ALL AREAS,
569,,,,
570,,,,
571,,,,
572,,,,
573,,,,
574,,,,
575,,,,
576,,,,
577,,,,
578,,,,
579,* not among the standard classification code,,* not among the standard classification code,
580,**redefined,,**redefined,
581,,,,
582,,,,
583,PROVINCE                    : CEBU,,PROVINCE                    : CEBU,
584,CITY/MUNICIPALITY  : NAGA CITY,,CITY/MUNICIPALITY  : NAGA CITY,
585,ZONE/ BARANGAY     : CABUNGAHAN,,ZONE/ BARANGAY     : CABUNGAHAN,
586,STREET NAME/                   SUBDIVISION/CONDOMINIUM,,STREET NAME/                   SUBDIVISION/CONDOMINIUM,
587,ALL AREAS,,ALL AREAS,
588,,,,
589,,,,
590,,,,
591,,,,
592,,,,
593,,,,
594,,,,
595,* not among the standard classification code,,* not among the standard classification code,
596,**redefined,,**redefined,
597,,,,
598,,,,
599,PROVINCE                    : CEBU,,PROVINCE                    : CEBU,
600,CITY/MUNICIPALITY  : NAGA CITY,,CITY/MUNICIPALITY  : NAGA CITY,
601,ZONE/ BARANGAY     : CANTAO-AN,,ZONE/ BARANGAY     : CANTAO-AN,
602,STREET NAME/                   SUBDIVISION/CONDOMINIUM,,STREET NAME/                   SUBDIVISION/CONDOMINIUM,
603,ALL AREAS,,ALL AREAS,
604,,,,
605,,,,
606,,,,
607,,,,
608,,,,
609,,,,
610,,,,
611,,,,
612,* not among the standard classification code,,* not among the standard classification code,
613,**redefined,,**redefined,
614,,,,
615,,,,
616,PROVINCE                    : CEBU,,PROVINCE                    : CEBU,
617,CITY/MUNICIPALITY  : NAGA CITY,,CITY/MUNICIPALITY  : NAGA CITY,
618,ZONE/ BARANGAY     : COGON,,ZONE/ BARANGAY     : COGON,
619,STREET NAME/                   SUBDIVISION/CONDOMINIUM,,STREET NAME/                   SUBDIVISION/CONDOMINIUM,
620,ALL AREAS,,ALL AREAS,
621,,,,
622,,,,
623,,,,
624,,,,
625,,,,
626,,,,
627,,,,
628,,,,
629,* not among the standard classification code,,* not among the standard classification code,
630,**redefined,,**redefined,
631,,,,
632,,,,
633,PROVINCE                    : CEBU,,PROVINCE                    : CEBU,
634,CITY/MUNICIPALITY  : NAGA CITY,,CITY/MUNICIPALITY  : NAGA CITY,
635,ZONE/ BARANGAY     : COLON,,ZONE/ BARANGAY     : COLON,
636,STREET NAME/                   SUBDIVISION/CONDOMINIUM,,STREET NAME/                   SUBDIVISION/CONDOMINIUM,
637,ALL AREAS,,ALL AREAS,
638,,,,
639,,,,
640,,,,
641,,,,
642,,,,
643,,,,
644,,,,
645,,,,
646,,,,
647,,,,
648,,,,
649,,,,
650,,,,
651,* not among the standard classification code,,* not among the standard classification code,
652,**redefined,,**redefined,
653,,,,
654,PROVINCE                    : CEBU,,PROVINCE                    : CEBU,
655,CITY/MUNICIPALITY  : NAGA CITY,,CITY/MUNICIPALITY  : NAGA CITY,
656,ZONE/ BARANGAY     : INAYAGAN,,ZONE/ BARANGAY     : INAYAGAN,
657,STREET NAME/                   SUBDIVISION/CONDOMINIUM,,STREET NAME/                   SUBDIVISION/CONDOMINIUM,
658,ALL AREAS,,ALL AREAS,
659,,,,
660,,,,
661,,,,
662,,,,
663,,,,
664,,,,
665,,,,
666,,,,
667,MAZARI COVE/PARAMOUNT,,MAZARI COVE/PARAMOUNT,
668,ALL OTHER SUBDS,,ALL OTHER SUBDS,
669,* not among the standard classification code,,* not among the standard classification code,
670,,,,
671,PROVINCE                    : CEBU,,PROVINCE                    : CEBU,
672,CITY/MUNICIPALITY  : NAGA CITY,,CITY/MUNICIPALITY  : NAGA CITY,
673,ZONE/ BARANGAY     : INUBURAN,,ZONE/ BARANGAY     : INUBURAN,
674,STREET NAME/                   SUBDIVISION/CONDOMINIUM,,STREET NAME/                   SUBDIVISION/CONDOMINIUM,
675,ALL AREAS,,ALL AREAS,
676,,,,
677,,,,
678,,,,
679,,,,
680,,,,
681,,,,
682,,,,
683,,,,
684,,,,
685,,,,
686,LAS CASAS DE NAGA,,LAS CASAS DE NAGA,
687,,,,
688,,,,
689,* not among the standard classification code,,* not among the standard classification code,
690,PROVINCE                    : CEBU,,PROVINCE                    : CEBU,
691,CITY/MUNICIPALITY  : NAGA CITY,,CITY/MUNICIPALITY  : NAGA CITY,
692,ZONE/ BARANGAY     : JAGUIMIT,,ZONE/ BARANGAY     : JAGUIMIT,
693,STREET NAME/                   SUBDIVISION/CONDOMINIUM,,STREET NAME/                   SUBDIVISION/CONDOMINIUM,
694,ALL AREAS,,ALL AREAS,
695,,,,
696,,,,
697,,,,
698,,,,
699,,,,
700,,,,
701,,,,
702,* not among the standard classification code,,* not among the standard classification code,
703,**redefined,,**redefined,
704,,,,
705,,,,
706,PROVINCE                    : CEBU,,PROVINCE                    : CEBU,
707,CITY/MUNICIPALITY  : NAGA CITY,,CITY/MUNICIPALITY  : NAGA CITY,
708,ZONE/ BARANGAY     : LANAS,,ZONE/ BARANGAY     : LANAS,
709,STREET NAME/                   SUBDIVISION/CONDOMINIUM,,STREET NAME/                   SUBDIVISION/CONDOMINIUM,
710,ALL AREAS,,ALL AREAS,
711,,,,
712,,,,
713,,,,
714,,,,
715,,,,
716,,,,
717,,,,
718,* not among the standard classification code,,* not among the standard classification code,
719,**redefined,,**redefined,
720,,,,
721,,,,
722,PROVINCE                    : CEBU,,PROVINCE                    : CEBU,
723,CITY/MUNICIPALITY  : NAGA CITY,,CITY/MUNICIPALITY  : NAGA CITY,
724,ZONE/ BARANGAY     : LANGTAD,,ZONE/ BARANGAY     : LANGTAD,
725,STREET NAME/                   SUBDIVISION/CONDOMINIUM,,STREET NAME/                   SUBDIVISION/CONDOMINIUM,
726,ALL AREAS,,ALL AREAS,
727,,,,
728,,,,
729,,,,
730,,,,
731,CASA MIRA SUBD.,,CASA MIRA SUBD.,
732,ALL OTHER SUBDS.,,ALL OTHER SUBDS.,
733,,,,
734,,,,
735,,,,
736,,,,
737,,,,
738,,,,
739,,,,
740,,,,
741,* not among the standard classification code,,* not among the standard classification code,
742,,,,
743,,,,
744,PROVINCE                    : CEBU,,PROVINCE                    : CEBU,
745,CITY/MUNICIPALITY  : NAGA CITY,,CITY/MUNICIPALITY  : NAGA CITY,
746,ZONE/ BARANGAY     : LUTAC,,ZONE/ BARANGAY     : LUTAC,
747,STREET NAME/                   SUBDIVISION/CONDOMINIUM,,STREET NAME/                   SUBDIVISION/CONDOMINIUM,
748,ALL AREAS,,ALL AREAS,
749,,,,
750,,,,
751,,,,
752,,,,
753,,,,
754,,,,
755,,,,
756,,,,
757,,,,
758,,,,
759,,,,
760,* not among the standard classification code,,* not among the standard classification code,
761,**redefined,,**redefined,
762,,,,
763,,,,
764,PROVINCE                    : CEBU,,PROVINCE                    : CEBU,
765,CITY/MUNICIPALITY  : NAGA CITY,,CITY/MUNICIPALITY  : NAGA CITY,
766,ZONE/ BARANGAY     : MAINIT,,ZONE/ BARANGAY     : MAINIT,
767,STREET NAME/                   SUBDIVISION/CONDOMINIUM,,STREET NAME/                   SUBDIVISION/CONDOMINIUM,
768,ALL AREAS,,ALL AREAS,
769,,,,
770,,,,
771,,,,
772,,,,
773,,,,
774,,,,
775,,,,
776,,,,
777,* not among the standard classification code,,* not among the standard classification code,
778,**redefined,,**redefined,
779,,,,
780,,,,
781,PROVINCE                    : CEBU,,PROVINCE                    : CEBU,
782,CITY/MUNICIPALITY  : NAGA CITY,,CITY/MUNICIPALITY  : NAGA CITY,
783,ZONE/ BARANGAY     : MAYANA,,ZONE/ BARANGAY     : MAYANA,
784,STREET NAME/                   SUBDIVISION/CONDOMINIUM,,STREET NAME/                   SUBDIVISION/CONDOMINIUM,
785,ALL AREAS,,ALL AREAS,
786,,,,
787,,,,
788,,,,
789,,,,
790,,,,
791,,,,
792,,,,
793,* not among the standard classification code,,* not among the standard classification code,
794,**redefined,,**redefined,
795,,,,
796,,,,
797,PROVINCE                    : CEBU,,PROVINCE                    : CEBU,
798,CITY/MUNICIPALITY  : NAGA CITY,,CITY/MUNICIPALITY  : NAGA CITY,
799,ZONE/ BARANGAY     : NAALAD,,ZONE/ BARANGAY     : NAALAD,
800,STREET NAME/                   SUBDIVISION/CONDOMINIUM,,STREET NAME/                   SUBDIVISION/CONDOMINIUM,
801,ALL AREAS,,ALL AREAS,
802,,,,
803,,,,
804,,,,
805,,,,
806,,,,
807,,,,
808,,,,
809,,,,
810,,,,
811,* not among the standard classification code,,* not among the standard classification code,
812,**redefined,,**redefined,
813,,,,
814,,,,
815,PROVINCE                    : CEBU,,PROVINCE                    : CEBU,
816,CITY/MUNICIPALITY  : NAGA CITY,,CITY/MUNICIPALITY  : NAGA CITY,
817,ZONE/ BARANGAY     : PANGDAN,,ZONE/ BARANGAY     : PANGDAN,
818,STREET NAME/                   SUBDIVISION/CONDOMINIUM,,STREET NAME/                   SUBDIVISION/CONDOMINIUM,
819,ALL AREAS,,ALL AREAS,
820,,,,
821,,,,
822,,,,
823,,,,
824,,,,
825,,,,
826,,,,
827,,,,
828,VILLA DULCE RESORT,,VILLA DULCE RESORT,
829,,,,
830,* not among the standard classification code,,* not among the standard classification code,
831,,,,
832,,,,
833,PROVINCE                    : CEBU,,PROVINCE                    : CEBU,
834,CITY/MUNICIPALITY  : NAGA CITY,,CITY/MUNICIPALITY  : NAGA CITY,
835,ZONE/ BARANGAY     : PATAG,,ZONE/ BARANGAY     : PATAG,
836,STREET NAME/                   SUBDIVISION/CONDOMINIUM,,STREET NAME/                   SUBDIVISION/CONDOMINIUM,
837,ALL AREAS,,ALL AREAS,
838,,,,
839,,,,
840,,,,
841,,,,
842,,,,
843,,,,
844,,,,
845,* not among the standard classification code,,* not among the standard classification code,
846,**redefined,,**redefined,
847,,,,
848,,,,
849,PROVINCE                    : CEBU,,PROVINCE                    : CEBU,
850,CITY/MUNICIPALITY  : NAGA CITY,,CITY/MUNICIPALITY  : NAGA CITY,
851,ZONE/ BARANGAY     : POBLACION,,ZONE/ BARANGAY     : POBLACION,
852,STREET NAME/                   SUBDIVISION/CONDOMINIUM,,STREET NAME/                   SUBDIVISION/CONDOMINIUM,
853,NATIONAL ROAD,,NATIONAL ROAD,
854,,,,
855,,,,
856,,,,
857,,,,
858,,,,
859,,,,
860,,,,
861,ALL LOTS  NOT MENTIONED,,ALL LOTS  NOT MENTIONED,
862,,,,
863,,,,
864,ALL INTERIOR LOTS,,ALL INTERIOR LOTS,
865,DACLAN ST.,,DACLAN ST.,
866,,,,
867,AGUINALDO ST,,AGUINALDO ST,
868,GOMEZ ST,,GOMEZ ST,
869,SAN FRANCISCO ST.,,SAN FRANCISCO ST.,
870,,,,
871,PATERNO ST.,,PATERNO ST.,
872,BURGOS ST.,,BURGOS ST.,
873,J.RIZAL ST.,,J.RIZAL ST.,
874,AGONCILLO ST.,,AGONCILLO ST.,
875,HI-WAY TO TOLEDO CITY,,HI-WAY TO TOLEDO CITY,
876,,,,
877,MEJIA ST.,,MEJIA ST.,
878,,,,
879,,,,
880,GEN. LUNA ST.,,GEN. LUNA ST.,
881,,,,
882,BONIFACIO ST.,,BONIFACIO ST.,
883,,,,
884,,,,
885,,,,
886,SAYSON ST.,,SAYSON ST.,
887,SAUDI VILLAGE,,SAUDI VILLAGE,
888,"BLOCK 1,2,3",,"BLOCK 1,2,3",123.0
889,"BLOCK 4,5,6,7,8,9,10",,"BLOCK 4,5,6,7,8,9,10",45678910.0
890,"BLOCK 11,12,13,14,15",,"BLOCK 11,12,13,14,15",1112131415.0
891,BLOCKS COVERED BY NAGA,,BLOCKS COVERED BY NAGA,
892,PROV'L HIGH SCHOOL & NAGA CENTRAL SCHOOLS,,PROV'L HIGH SCHOOL & NAGA CENTRAL SCHOOLS,
893,,,,
894,* not among the standard classification code,,* not among the standard classification code,
895,,,,
896,PROVINCE                    : CEBU,,PROVINCE                    : CEBU,
897,CITY/MUNICIPALITY  : NAGA CITY,,CITY/MUNICIPALITY  : NAGA CITY,
898,ZONE/ BARANGAY     : TAGJAGUIMIT,,ZONE/ BARANGAY     : TAGJAGUIMIT,
899,STREET NAME/                   SUBDIVISION/CONDOMINIUM,,STREET NAME/                   SUBDIVISION/CONDOMINIUM,
900,ALL AREAS,,ALL AREAS,
901,,,,
902,,,,
903,,,,
904,,,,
905,,,,
906,,,,
907,* not among the standard classification code,,* not among the standard classification code,
908,PROVINCE                    : CEBU,,PROVINCE                    : CEBU,
909,CITY/MUNICIPALITY  : NAGA CITY,,CITY/MUNICIPALITY  : NAGA CITY,
910,ZONE/ BARANGAY     : TANGKE,,ZONE/ BARANGAY     : TANGKE,
911,STREET NAME/                   SUBDIVISION/CONDOMINIUM,,STREET NAME/                   SUBDIVISION/CONDOMINIUM,
912,ALL AREAS,,ALL AREAS,
913,,,,
914,,,,
915,,,,
916,,,,
917,,,,
918,,,,
919,,,,
920,,,,
921,,,,
922,,,,
923,* not among the standard classification code,,* not among the standard classification code,
924,**redefined,,**redefined,
925,,,,
926,PROVINCE                    : CEBU,,PROVINCE                    : CEBU,
927,CITY/MUNICIPALITY  : NAGA CITY,,CITY/MUNICIPALITY  : NAGA CITY,
928,ZONE/ BARANGAY     : TINAAN,,ZONE/ BARANGAY     : TINAAN,
929,STREET NAME/                   SUBDIVISION/CONDOMINIUM,,STREET NAME/                   SUBDIVISION/CONDOMINIUM,
930,ALL AREAS,,ALL AREAS,
931,,,,
932,,,,
933,,,,
934,,,,
935,,,,
936,,,,
937,,,,
938,,,,
939,,,,
940,,,,
941,,,,
942,,,,
943,,,,
944,,,,
945,* not among the standard classification code,,* not among the standard classification code,
946,**redefined,,**redefined,
947,,,,
948,PROVINCE                    : CEBU,,PROVINCE                    : CEBU,
949,CITY/MUNICIPALITY  : NAGA CITY,,CITY/MUNICIPALITY  : NAGA CITY,
950,ZONE/ BARANGAY     : TUYAN,,ZONE/ BARANGAY     : TUYAN,
951,STREET NAME/                   SUBDIVISION/CONDOMINIUM,,STREET NAME/                   SUBDIVISION/CONDOMINIUM,
952,ALL AREAS,,ALL AREAS,
953,,,,
954,,,,
955,,,,
956,ALL SUBDIVISIONS,,ALL SUBDIVISIONS,
957,,,,
958,,,,
959,,,,
960,,,,
961,,,,
962,SHORELINE,,SHORELINE,
963,,,,
964,,,,
965,* not among the standard classification code,,* not among the standard classification code,
966,PROVINCE                    : CEBU,,PROVINCE                    : CEBU,
967,CITY/MUNICIPALITY  : NAGA CITY,,CITY/MUNICIPALITY  : NAGA CITY,
968,ZONE/ BARANGAY     : ULING,,ZONE/ BARANGAY     : ULING,
969,STREET NAME/                   SUBDIVISION/CONDOMINIUM,,STREET NAME/                   SUBDIVISION/CONDOMINIUM,
970,ALL AREAS,,ALL AREAS,
971,,,,
972,,,,
973,,,,
974,,,,
975,,,,
976,,,,
977,,,,
978,,,,
979,,,,
980,,,,
981,,,,
982,,,,
983,,,,
984,* not among the standard classification code,,* not among the standard classification code,
985,**redefined,,**redefined,
986,,,,
987,"REVENUE REGION No. 13, CEBU CITY",,"REVENUE REGION No. 13, CEBU CITY",0.13
988,"REVENUE DISTRICT OFFICE Office No. 83, TALISAY CITY",,"REVENUE DISTRICT OFFICE Office No. 83, TALISAY CITY",0.83
989,,,,
990,PROVINCE                    : CEBU,,PROVINCE                    : CEBU,
991,CITY/MUNICIPALITY  : TALISAY CITY,,CITY/MUNICIPALITY  : TALISAY CITY,
992,ZONE/ BARANGAY     : BIASONG,,ZONE/ BARANGAY     : BIASONG,
993,STREET NAME/                   SUBDIVISION/CONDOMINIUM,,STREET NAME/                   SUBDIVISION/CONDOMINIUM,
994,BARANGAY ROAD,,BARANGAY ROAD,
995,,,,
996,BURGOS ST.,,BURGOS ST.,
997,,,,
998,,,,
999,BAYSWATER SUBD.,,BAYSWATER SUBD.,
1000,BEATO PEREZ SUBD,,BEATO PEREZ SUBD,
1001,DEO HOMES SUBD.,,DEO HOMES SUBD.,
1002,JOHANNA SUBD.,,JOHANNA SUBD.,
1003,PALM RIVER SUBD. PHASE 2,,PALM RIVER SUBD. PHASE 2,0.2
1004,PEREZ DRIVE SUBDIVISION,,PEREZ DRIVE SUBDIVISION,
1005,PUEBLO SAN RICARDO SUBD.,,PUEBLO SAN RICARDO SUBD.,
1006,RAPHAEL HOMES SUBD.,,RAPHAEL HOMES SUBD.,
1007,VILLA DONNA SUBD.,,VILLA DONNA SUBD.,
1008,OTHER SUBD/ VILLAGES,,OTHER SUBD/ VILLAGES,
1009,ALL OTHER STREETS,,ALL OTHER STREETS,
1010,,,,
1011,,,,
1012,,,,
1013,SHORELINE,,SHORELINE,
1014,,,,
1015,MALIBU RESIDENCES*,,MALIBU RESIDENCES*,
1016,*New subdivision,,*New subdivision,
1017,,,,
1018,,,,
1019,PROVINCE                    : CEBU,,PROVINCE                    : CEBU,
1020,CITY/MUNICIPALITY  : TALISAY CITY,,CITY/MUNICIPALITY  : TALISAY CITY,
1021,ZONE/ BARANGAY     : BULACAO,,ZONE/ BARANGAY     : BULACAO,
1022,STREET NAME/                   SUBDIVISION/CONDOMINIUM,,STREET NAME/                   SUBDIVISION/CONDOMINIUM,
1023,NATIONAL ROAD,,NATIONAL ROAD,
1024,,,,
1025,BARANGAY ROAD,,BARANGAY ROAD,
1026,,,,
1027,EAST VISAYAN ACADEMY,,EAST VISAYAN ACADEMY,
1028,,,,
1029,CASILDA HOMES,,CASILDA HOMES,
1030,FRIENDLY HOMES SUBDIVISION,,FRIENDLY HOMES SUBDIVISION,
1031,GREEN HOMES SUBD.,,GREEN HOMES SUBD.,
1032,GOTIANUY SUBDIVISION,,GOTIANUY SUBDIVISION,
1033,HAPPY VALLEY SUBDIVISION,,HAPPY VALLEY SUBDIVISION,
1034,HILLSIDE SUBDIVISION,,HILLSIDE SUBDIVISION,
1035,LOWER CABUNAYAN,,LOWER CABUNAYAN,
1036,LUZ FELIZ HOMES,,LUZ FELIZ HOMES,
1037,MAHARLIKA VILLAGE,,MAHARLIKA VILLAGE,
1038,MANSUETO SUBDIVISION,,MANSUETO SUBDIVISION,
1039,MINGCOURT SUBDIVISION,,MINGCOURT SUBDIVISION,
1040,NEW CATALINA SUBD.*,,NEW CATALINA SUBD.*,
1041,NEW FRONTIER SUBDIVISION,,NEW FRONTIER SUBDIVISION,
1042,PLAINVILLE SUBDIVISION,,PLAINVILLE SUBDIVISION,
1043,RUSTYVILLE SUBDIVISION,,RUSTYVILLE SUBDIVISION,
1044,ST. BARACHAEL SUBDIVSION,,ST. BARACHAEL SUBDIVSION,
1045,STA. LUCIA SUBDIVISION,,STA. LUCIA SUBDIVISION,
1046,SOUTHGATE SUBDIVISION,,SOUTHGATE SUBDIVISION,
1047,VILLA VERNA SUBDIVISION,,VILLA VERNA SUBDIVISION,
1048,OTHER SUBD/ VILLAGES,,OTHER SUBD/ VILLAGES,
1049,ALL OTHER STREETS,,ALL OTHER STREETS,
1050,,,,
1051,,,,
1052,INTERIOR LOTS,,INTERIOR LOTS,
1053,,,,
1054,,,,
1055,,,,
1056,PRINCESS VILL **,,PRINCESS VILL **,
1057,SMYRNA**,,SMYRNA**,
1058,*TRANSFERRED FROM BRGY CANDULAWAN PER ASSESSOR'S JUSTIFICATION,,*TRANSFERRED FROM BRGY CANDULAWAN PER ASSESSOR'S JUSTIFICATION,
1059,**New subdivision,,**New subdivision,
1060,,,,
1061,,,,
1062,PROVINCE                    : CEBU,,PROVINCE                    : CEBU,
1063,CITY/MUNICIPALITY  : TALISAY CITY,,CITY/MUNICIPALITY  : TALISAY CITY,
1064,ZONE/ BARANGAY     : CAMP 4,,ZONE/ BARANGAY     : CAMP 4,4.0
1065,STREET NAME/                   SUBDIVISION/CONDOMINIUM,,STREET NAME/                   SUBDIVISION/CONDOMINIUM,
1066,BARANGAY PROV'L ROAD,,BARANGAY PROV'L ROAD,
1067,,,,
1068,,,,
1069,,,,
1070,,,,
1071,RIVER BANK,,RIVER BANK,
1072,INTERIOR AREAS,,INTERIOR AREAS,
1073,,,,
1074,,,,
1075,,,,
1076,,,,
1077,,,,
1078,PROVINCE                    : CEBU,,PROVINCE                    : CEBU,
1079,CITY/MUNICIPALITY  : TALISAY CITY,,CITY/MUNICIPALITY  : TALISAY CITY,
1080,ZONE/ BARANGAY     : CANDULAWAN,,ZONE/ BARANGAY     : CANDULAWAN,
1081,STREET NAME/                   SUBDIVISION/CONDOMINIUM,,STREET NAME/                   SUBDIVISION/CONDOMINIUM,
1082,BARANGAY/PROVINCIAL ROAD,,BARANGAY/PROVINCIAL ROAD,
1083,BARANGAY ROAD,,BARANGAY ROAD,
1084,,,,
1085,,,,
1086,UPPER CANDULAWAN,,UPPER CANDULAWAN,
1087,,,,
1088,,,,
1089,,,,
1090,,,,
1091,MINGCOURT,,MINGCOURT,
1092,NEW FRONTIER,,NEW FRONTIER,
1093,NEW CATALINA,,NEW CATALINA,
1094,STA. LUCIA VISTA GRANDE,,STA. LUCIA VISTA GRANDE,
1095,VILLA ESTELITA,,VILLA ESTELITA,
1096,GBC FEDERATION AND PEOPLES ASSO.,,GBC FEDERATION AND PEOPLES ASSO.,
1097,KISHANTA SUBD. EXPANSION PROJECT,,KISHANTA SUBD. EXPANSION PROJECT,
1098,PACIFIC HEIGHTS,,PACIFIC HEIGHTS,
1099,OTHER SUBDIVISION/ VILLAGES,,OTHER SUBDIVISION/ VILLAGES,
1100,ALL OTHER STREETS,,ALL OTHER STREETS,
1101,INTERIOR AREA,,INTERIOR AREA,
1102,,,,
1103,,,,
1104,,,,
1105,,,,
1106,*LOCATED IN BARANGAY BULACAO AS PER ASSESSOR'S JUSTIFICATION,,*LOCATED IN BARANGAY BULACAO AS PER ASSESSOR'S JUSTIFICATION,
1107,,,,
1108,,,,
1109,PROVINCE                    : CEBU,,PROVINCE                    : CEBU,
1110,CITY/MUNICIPALITY  : TALISAY CITY,,CITY/MUNICIPALITY  : TALISAY CITY,
1111,ZONE/ BARANGAY     : CANSOJONG,,ZONE/ BARANGAY     : CANSOJONG,
1112,STREET NAME/                   SUBDIVISION/CONDOMINIUM,,STREET NAME/                   SUBDIVISION/CONDOMINIUM,
1113,PROVINCIAL RD,,PROVINCIAL RD,
1114,MUNICIPAL RD,,MUNICIPAL RD,
1115,BRGY RD,,BRGY RD,
1116,KIMBA RD,,KIMBA RD,
1117,,,,
1118,SHORELINE,,SHORELINE,
1119,,,,
1120,ALBERLYN SOUTH RESIDENCES   *,,ALBERLYN SOUTH RESIDENCES   *,
1121,CASA DE LA PAZ,,CASA DE LA PAZ,
1122,FORTUNE PLAINS SUBDIVISION,,FORTUNE PLAINS SUBDIVISION,
1123,STA. THERESA VILLAGE III **,,STA. THERESA VILLAGE III **,
1124,MAGLASANG SUBDIVISION,,MAGLASANG SUBDIVISION,
1125,RECOLETOS VILLE SUBDIVSION,,RECOLETOS VILLE SUBDIVSION,
1126,SACRED HOMES SUBD.,,SACRED HOMES SUBD.,
1127,STA. TERESA III AND EXTENSION,,STA. TERESA III AND EXTENSION,
1128,SINCERE HOMES SUBD.,,SINCERE HOMES SUBD.,
1129,SOUTH CITY HOMES,,SOUTH CITY HOMES,
1130,SOUTHWINDS SUBDIVISION,,SOUTHWINDS SUBDIVISION,
1131,OTHER SUB/VILLAGES,,OTHER SUB/VILLAGES,
1132,ALL OTHER STS.,,ALL OTHER STS.,
1133,INTERIOR AREAS,,INTERIOR AREAS,
1134,,,,
1135,,,,
1136,FROM THE BDRY BETWEEN BRGY. POBLACION AND BRGY CANSOJONG,,FROM THE BDRY BETWEEN BRGY. POBLACION AND BRGY CANSOJONG,
1137,RAMONA ROAD TO,,RAMONA ROAD TO,
1138,ULDOG ROAD TO,,ULDOG ROAD TO,
1139,FR THE COR DAWIS AND KIMBA RD TO,,FR THE COR DAWIS AND KIMBA RD TO,
1140,ALONG SRP ROAD,,ALONG SRP ROAD,
1141,,,,
1142,,,,
1143,,,,
1144,LEMON VILLE **,,LEMON VILLE **,
1145,VILLA LUCITA**,,VILLA LUCITA**,
1146,SLEDA- SPECIAL LOCAL ECONOMIC DEVELOPMENT AREA,,SLEDA- SPECIAL LOCAL ECONOMIC DEVELOPMENT AREA,
1147,*named as ALBERLYN SUBD. per previous zonal,,*named as ALBERLYN SUBD. per previous zonal,
1148,**named as MA. THERESA II&III per previous zonal,,**named as MA. THERESA II&III per previous zonal,
1149,***New subdivisions,,***New subdivisions,
1150,****Reclassified from S* to CR,,****Reclassified from S* to CR,
1151,,,,
1152,,,,
1153,PROVINCE                    : CEBU,,PROVINCE                    : CEBU,
1154,CITY/MUNICIPALITY  : TALISAY CITY,,CITY/MUNICIPALITY  : TALISAY CITY,
1155,ZONE/ BARANGAY     : DUMLOG,,ZONE/ BARANGAY     : DUMLOG,
1156,STREET NAME/                   SUBDIVISION/CONDOMINIUM,,STREET NAME/                   SUBDIVISION/CONDOMINIUM,
1157,PROVINCIAL RD,,PROVINCIAL RD,
1158,BRGY RD,,BRGY RD,
1159,,,,
1160,MUN. RD,,MUN. RD,
1161,,,,
1162,BASCON ST,,BASCON ST,
1163,,,,
1164,,,,
1165,,,,
1166,,,,
1167,,,,
1168,,,,
1169,SITIO LITMON,,SITIO LITMON,
1170,SHORELINE,,SHORELINE,
1171,,,,
1172,BELLEZA COMPD,,BELLEZA COMPD,
1173,CARMENVILLE SUBDIVISION,,CARMENVILLE SUBDIVISION,
1174,DECA HOMES SUBD.,,DECA HOMES SUBD.,
1175,FLORIDA COUNTY,,FLORIDA COUNTY,
1176,STA. THERESA VILLAGE I   *,,STA. THERESA VILLAGE I   *,
1177,RAMONA SUBD.,,RAMONA SUBD.,
1178,REUBENVILLE,,REUBENVILLE,
1179,SEABREEZE SUBDIVISION,,SEABREEZE SUBDIVISION,
1180,SOUTH COVINA,,SOUTH COVINA,
1181,OTHER SUBD/VILLAGES,,OTHER SUBD/VILLAGES,
1182,ALL OTHER STREETS,,ALL OTHER STREETS,
1183,,,,
1184,,,,
1185,,,,
1186,,,,
1187,INTERIOR AREAS,,INTERIOR AREAS,
1188,,,,
1189,ALONG SRP ROAD,,ALONG SRP ROAD,
1190,,,,
1191,,,,
1192,,,,
1193,FROM THE CORNER RAMONA ROAD AND PROVINCIAL RD (RIZAL ST) TO,,FROM THE CORNER RAMONA ROAD AND PROVINCIAL RD (RIZAL ST) TO,
1194,FROM THE MANANGA BRIDGE AT BARANGAY BIASONG AND DUMLOG JUNCTION TO,,FROM THE MANANGA BRIDGE AT BARANGAY BIASONG AND DUMLOG JUNCTION TO,
1195,FROM THE MANANGA BRIDGE AT BARANGAY BIASONG AND DUMLOG JUNCTION TO,,FROM THE MANANGA BRIDGE AT BARANGAY BIASONG AND DUMLOG JUNCTION TO,
1196,FROM THE DUMLOG AND SAN ISIDRO BDRY ALONG RIZAL ST. TO,,FROM THE DUMLOG AND SAN ISIDRO BDRY ALONG RIZAL ST. TO,
1197,UNIVILLE HOMES**,,UNIVILLE HOMES**,
1198,TUASTUMBAN**,,TUASTUMBAN**,
1199,SAMANTHA HOMES**,,SAMANTHA HOMES**,
1200,SLEDA- SPECIAL LOCAL ECONOMIC DEVELOPMENT AREA,,SLEDA- SPECIAL LOCAL ECONOMIC DEVELOPMENT AREA,
1201,*named as MA. THERESA I/STA. TERESA I&II per previous zonal,,*named as MA. THERESA I/STA. TERESA I&II per previous zonal,
1202,**New subdivisions,,**New subdivisions,
1203,***Reclassified drom S* to CR,,***Reclassified drom S* to CR,
1204,,,,
1205,,,,
1206,PROVINCE                    : CEBU,,PROVINCE                    : CEBU,
1207,CITY/MUNICIPALITY  : TALISAY CITY,,CITY/MUNICIPALITY  : TALISAY CITY,
1208,ZONE/ BARANGAY     : JACLUPAN,,ZONE/ BARANGAY     : JACLUPAN,
1209,STREET NAME/                   SUBDIVISION/CONDOMINIUM,,STREET NAME/                   SUBDIVISION/CONDOMINIUM,
1210,PROVINCIAL ROAD,,PROVINCIAL ROAD,
1211,BARANGAY/ MUN. RD,,BARANGAY/ MUN. RD,
1212,,,,
1213,,,,
1214,RIVER BANK,,RIVER BANK,
1215,INTERIOR LOTS,,INTERIOR LOTS,
1216,,,,
1217,,,,
1218,,,,
1219,,,,
1220,ALL OTHER SUB/VILLAGES,,ALL OTHER SUB/VILLAGES,
1221,,,,
1222,,,,
1223,PROVINCE                    : CEBU,,PROVINCE                    : CEBU,
1224,CITY/MUNICIPALITY  : TALISAY CITY,,CITY/MUNICIPALITY  : TALISAY CITY,
1225,ZONE/ BARANGAY     : LAGTANG,,ZONE/ BARANGAY     : LAGTANG,
1226,STREET NAME/                   SUBDIVISION/CONDOMINIUM,,STREET NAME/                   SUBDIVISION/CONDOMINIUM,
1227,PROV'L ROAD/ NAT'L ROAD,,PROV'L ROAD/ NAT'L ROAD,
1228,,,,
1229,,,,
1230,,,,
1231,,,,
1232,,,,
1233,BRGY/ MUNICIPAL RD,,BRGY/ MUNICIPAL RD,
1234,BRGY RD HOLLOW BLK,,BRGY RD HOLLOW BLK,
1235,ILANG ILANG,,ILANG ILANG,
1236,RIVER BANK,,RIVER BANK,
1237,HOLLOW BLOCKS,,HOLLOW BLOCKS,
1238,RIVER VIEW SUBD,,RIVER VIEW SUBD,
1239,STA. CATALINA SUBDIVISION,,STA. CATALINA SUBDIVISION,
1240,STO. NIÑO SUBD. (VILL),,STO. NIÑO SUBD. (VILL),
1241,KISHANTA SUBD.,,KISHANTA SUBD.,
1242,STERLING LAND RESIDENCES,,STERLING LAND RESIDENCES,
1243,ST. SCHOLASTICA'S ACADEMY**,,ST. SCHOLASTICA'S ACADEMY**,
1244,,,,
1245,,,,
1246,,,,
1247,,,,
1248,OTHER SUB/VILLAGES,,OTHER SUB/VILLAGES,
1249,ALL OTHER STREETS,,ALL OTHER STREETS,
1250,INTERIOR LOTS,,INTERIOR LOTS,
1251,,,,
1252,PRECIOUSVILLE ROWHOUSE***,,PRECIOUSVILLE ROWHOUSE***,
1253,*CANCELLED DOUBLE VALUATION FOR ONE(1) SUBDIVISION,,*CANCELLED DOUBLE VALUATION FOR ONE(1) SUBDIVISION,1.0
1254,**NEW ADDED ROAD SAME VICINITY,,**NEW ADDED ROAD SAME VICINITY,
1255,***New subdivision,,***New subdivision,
1256,,,,
1257,,,,
1258,PROVINCE                    : CEBU,,PROVINCE                    : CEBU,
1259,CITY/MUNICIPALITY  : TALISAY CITY,,CITY/MUNICIPALITY  : TALISAY CITY,
1260,ZONE/ BARANGAY     : LAWAAN-I,,ZONE/ BARANGAY     : LAWAAN-I,
1261,STREET NAME/                   SUBDIVISION/CONDOMINIUM,,STREET NAME/                   SUBDIVISION/CONDOMINIUM,
1262,NATIONAL ROAD/PROVINCIAL RD,,NATIONAL ROAD/PROVINCIAL RD,
1263,,,,
1264,,,,
1265,BARANGAY RD/ MUNICIPAL RD,,BARANGAY RD/ MUNICIPAL RD,
1266,LAWAAN ELEM. SCHOOL,,LAWAAN ELEM. SCHOOL,
1267,,,,
1268,,,,
1269,,,,
1270,POOC BARANGAY ROAD,,POOC BARANGAY ROAD,
1271,UPPER MOHON ROAD,,UPPER MOHON ROAD,
1272,POOC TO DUMLOG,,POOC TO DUMLOG,
1273,ALONG SRP ROAD,,ALONG SRP ROAD,
1274,,,,
1275,,,,
1276,,,,
1277,ALPHA EXECUTIVE HOMES,,ALPHA EXECUTIVE HOMES,
1278,BF BETTER HOMES,,BF BETTER HOMES,
1279,"CAMELLA HOMES, TIERRA GRANDE SUBD.",,"CAMELLA HOMES, TIERRA GRANDE SUBD.",
1280,FAIRVIEW HEIGHTS,,FAIRVIEW HEIGHTS,
1281,SEAVIEW HEIGHTS SUBDIVISION,,SEAVIEW HEIGHTS SUBDIVISION,
1282,VICENTA RETUYA SUBD.,,VICENTA RETUYA SUBD.,
1283,OTHER SUBD/VILLAGES,,OTHER SUBD/VILLAGES,
1284,ALL OTHER STREETS,,ALL OTHER STREETS,
1285,OTHER AGRICULTURAL AREAS,,OTHER AGRICULTURAL AREAS,
1286,INTERIOR AREAS,,INTERIOR AREAS,
1287,,,,
1288,,,,
1289,,,,
1290,AZIENDA ROMA*,,AZIENDA ROMA*,
1291,SLEDA- SPECIAL LOCAL ECONOMIC DEVELOPMENT AREA,,SLEDA- SPECIAL LOCAL ECONOMIC DEVELOPMENT AREA,
1292,*New subdivision,,*New subdivision,
1293,**Reclassified from S* to CR,,**Reclassified from S* to CR,
1294,,,,
1295,,,,
1296,PROVINCE                    : CEBU,,PROVINCE                    : CEBU,
1297,CITY/MUNICIPALITY  : TALISAY CITY,,CITY/MUNICIPALITY  : TALISAY CITY,
1298,ZONE/ BARANGAY     : LAWAAN-II,,ZONE/ BARANGAY     : LAWAAN-II,
1299,STREET NAME/                   SUBDIVISION/CONDOMINIUM,,STREET NAME/                   SUBDIVISION/CONDOMINIUM,
1300,NATIONAL ROAD,,NATIONAL ROAD,
1301,,,,
1302,,,,
1303,,,,
1304,BRGY/MUN ROAD,,BRGY/MUN ROAD,
1305,POOC BRGY RD,,POOC BRGY RD,
1306,ALONG MANANGA RIVER,,ALONG MANANGA RIVER,
1307,ALONG SRP ROAD,,ALONG SRP ROAD,
1308,,,,
1309,,,,
1310,,,,
1311,AZIENDA LOMBARDI,,AZIENDA LOMBARDI,
1312,FAIRVIEW VILLAGE,,FAIRVIEW VILLAGE,
1313,GENTLEPEACE VILLAGE,,GENTLEPEACE VILLAGE,
1314,OTHER SUBD/ VILLAGES,,OTHER SUBD/ VILLAGES,
1315,ALL OTHER STS.,,ALL OTHER STS.,
1316,INTERIOR AREAS,,INTERIOR AREAS,
1317,,,,
1318,,,,
1319,COUNTRYSIDE HOMES*,,COUNTRYSIDE HOMES*,
1320,MERRYWOOD TOWNHOMES*,,MERRYWOOD TOWNHOMES*,
1321,SLEDA-SPECIAL LOCAL ECONOMIC DEVELOPMENT AREA,,SLEDA-SPECIAL LOCAL ECONOMIC DEVELOPMENT AREA,
1322,*New subdivisions,,*New subdivisions,
1323,**Reclassified from S* to CR,,**Reclassified from S* to CR,
1324,,,,
1325,,,,
1326,PROVINCE                    : CEBU,,PROVINCE                    : CEBU,
1327,CITY/MUNICIPALITY  : TALISAY CITY,,CITY/MUNICIPALITY  : TALISAY CITY,
1328,ZONE/ BARANGAY     : LAWAAN-III,,ZONE/ BARANGAY     : LAWAAN-III,
1329,STREET NAME/                   SUBDIVISION/CONDOMINIUM,,STREET NAME/                   SUBDIVISION/CONDOMINIUM,
1330,NATIONAL ROAD,,NATIONAL ROAD,
1331,,,,
1332,,,,
1333,,,,
1334,BRGY RD/MUN RD,,BRGY RD/MUN RD,
1335,ALPHA EXECUTIVE HOMES,,ALPHA EXECUTIVE HOMES,
1336,ANTARA CONDOMINIUM,,ANTARA CONDOMINIUM,
1337,,,,
1338,,,,
1339,AZEINDA LOMBARDI,,AZEINDA LOMBARDI,
1340,"CAMELLA HOMES, TIERRA GRANDE SUBD.",,"CAMELLA HOMES, TIERRA GRANDE SUBD.",
1341,DON BOSCO SEMINARY*,,DON BOSCO SEMINARY*,
1342,HERMELIE HOMES,,HERMELIE HOMES,
1343,MANANGA RELOCATION SITE,,MANANGA RELOCATION SITE,
1344,PAGTAMBAYAYONG,,PAGTAMBAYAYONG,
1345,SAN JOSE VILLAGE,,SAN JOSE VILLAGE,
1346,VILLARAYA I & II,,VILLARAYA I & II,
1347,BLISS PROJECT,,BLISS PROJECT,
1348,ALONG RIVER BANK,,ALONG RIVER BANK,
1349,OTHER SUBD/ VILLAGES,,OTHER SUBD/ VILLAGES,
1350,ALL OTHER STREETS,,ALL OTHER STREETS,
1351,INTERIOR LOTS,,INTERIOR LOTS,
1352,,,,
1353,,,,
1354,,,,
1355,,,,
1356,PROVINCE                    : CEBU,,PROVINCE                    : CEBU,
1357,CITY/MUNICIPALITY  : TALISAY CITY,,CITY/MUNICIPALITY  : TALISAY CITY,
1358,ZONE/ BARANGAY     : LINAO,,ZONE/ BARANGAY     : LINAO,
1359,STREET NAME/                   SUBDIVISION/CONDOMINIUM,,STREET NAME/                   SUBDIVISION/CONDOMINIUM,
1360,NATIONAL ROAD,,NATIONAL ROAD,
1361,,,,
1362,,,,
1363,,,,
1364,,,,
1365,MUNICIPAL /BRGY RD,,MUNICIPAL /BRGY RD,
1366,LINAO-MOHON ROAD,,LINAO-MOHON ROAD,
1367,LINAO-MAGHAWAY RD,,LINAO-MAGHAWAY RD,
1368,LINAO-LAWAAN RD,,LINAO-LAWAAN RD,
1369,H. CAPARIDA RD,,H. CAPARIDA RD,
1370,ABUCEJO SUBDIVISION,,ABUCEJO SUBDIVISION,
1371,CAMELLA HOMES,,CAMELLA HOMES,
1372,THE HEIGHTS SUBD.,,THE HEIGHTS SUBD.,
1373,OTHER SUB/VILLAGES,,OTHER SUB/VILLAGES,
1374,ALL OTHER STREETS,,ALL OTHER STREETS,
1375,INTERIOR AREAS,,INTERIOR AREAS,
1376,,,,
1377,,,,
1378,CASA LUCIA*,,CASA LUCIA*,
1379,RAPHAEL HOMES*,,RAPHAEL HOMES*,
1380,RECUNDO COUNTRY HOMES*,,RECUNDO COUNTRY HOMES*,
1381,RICHVIEW HEIGHTS*,,RICHVIEW HEIGHTS*,
1382,*New subdivision,,*New subdivision,
1383,,,,
1384,,,,
1385,PROVINCE                    : CEBU,,PROVINCE                    : CEBU,
1386,CITY/MUNICIPALITY  : TALISAY CITY,,CITY/MUNICIPALITY  : TALISAY CITY,
1387,ZONE/ BARANGAY     : MAGHAWAY,,ZONE/ BARANGAY     : MAGHAWAY,
1388,STREET NAME/                   SUBDIVISION/CONDOMINIUM,,STREET NAME/                   SUBDIVISION/CONDOMINIUM,
1389,BRGY RD/OTHER RD,,BRGY RD/OTHER RD,
1390,,,,
1391,,,,
1392,,,,
1393,LOWER MAGHAWAY,,LOWER MAGHAWAY,
1394,,,,
1395,MAGHAWAY PROPER,,MAGHAWAY PROPER,
1396,,,,
1397,,,,
1398,MAGHAWAY DAKU,,MAGHAWAY DAKU,
1399,INTERIOR LOTS,,INTERIOR LOTS,
1400,,,,
1401,,,,
1402,AZIENDA GENOMA,,AZIENDA GENOMA,
1403,AZIENDA MILAN SUBDIVISION,,AZIENDA MILAN SUBDIVISION,
1404,AZIENDA VENEZIA SUBDIVISION,,AZIENDA VENEZIA SUBDIVISION,
1405,"CAMELLA HOMES, TIERA GRANDE SUBDIVISION",,"CAMELLA HOMES, TIERA GRANDE SUBDIVISION",
1406,SAN JOSE MARIA VILLAGE TALISAY,,SAN JOSE MARIA VILLAGE TALISAY,
1407,STA. MARIA HEIGHTS SUBDIVISION,,STA. MARIA HEIGHTS SUBDIVISION,
1408,OTHER SUBD/VILLAGES,,OTHER SUBD/VILLAGES,
1409,,,,
1410,,,,
1411,PROVINCE                    : CEBU,,PROVINCE                    : CEBU,
1412,CITY/MUNICIPALITY  : TALISAY CITY,,CITY/MUNICIPALITY  : TALISAY CITY,
1413,ZONE/ BARANGAY     : MANIPIS,,ZONE/ BARANGAY     : MANIPIS,
1414,STREET NAME/                   SUBDIVISION/CONDOMINIUM,,STREET NAME/                   SUBDIVISION/CONDOMINIUM,
1415,BARANGAY  ROAD,,BARANGAY  ROAD,
1416,,,,
1417,,,,
1418,PROV'L ROAD,,PROV'L ROAD,
1419,,,,
1420,,,,
1421,FROM CAMP 4- MANIPIS BDRY TO CORNER GOING,,FROM CAMP 4- MANIPIS BDRY TO CORNER GOING,
1422,"AT THE VICINITY OF CHAPEL, BRGY HALL AND BASKETBALL COURT",,"AT THE VICINITY OF CHAPEL, BRGY HALL AND BASKETBALL COURT",
1423,BASKETBALL COURT,,BASKETBALL COURT,
1424,RIVERBANK,,RIVERBANK,
1425,INTERIOR AREAS,,INTERIOR AREAS,
1426,,,,
1427,,,,
1428,,,,
1429,,,,
1430,,,,
1431,PROVINCE                    : CEBU,,PROVINCE                    : CEBU,
1432,CITY/MUNICIPALITY  : TALISAY CITY,,CITY/MUNICIPALITY  : TALISAY CITY,
1433,ZONE/ BARANGAY     : MOHON,,ZONE/ BARANGAY     : MOHON,
1434,STREET NAME/                   SUBDIVISION/CONDOMINIUM,,STREET NAME/                   SUBDIVISION/CONDOMINIUM,
1435,PROVINCIAL RD,,PROVINCIAL RD,
1436,BRGY/MUNICIAL RD,,BRGY/MUNICIAL RD,
1437,BELEZZA,,BELEZZA,
1438,M. NOEL AVE.,,M. NOEL AVE.,
1439,FIDEL BAS,,FIDEL BAS,
1440,,,,
1441,ALBERLYN BOX HILLS RESIDENCES SUBD,,ALBERLYN BOX HILLS RESIDENCES SUBD,
1442,LOVELY HOMES SUBDIVISION,,LOVELY HOMES SUBDIVISION,
1443,MONTEREY HOMES SUBD,,MONTEREY HOMES SUBD,
1444,PLEASANT HOMES,,PLEASANT HOMES,
1445,PUEBLO SAN RICARDO SUBD.,,PUEBLO SAN RICARDO SUBD.,
1446,SAN RAFAEL SUBDIVISION,,SAN RAFAEL SUBDIVISION,
1447,STA. MONICA SUBD.,,STA. MONICA SUBD.,
1448,VALLEYVIEW SUBDIVISION,,VALLEYVIEW SUBDIVISION,
1449,,,,
1450,OTHER SUBD/VILLAGES,,OTHER SUBD/VILLAGES,
1451,ALL OTHER STREETS,,ALL OTHER STREETS,
1452,INTERIOR AREAS,,INTERIOR AREAS,
1453,,,,
1454,ALONG SRP ROAD,,ALONG SRP ROAD,
1455,,,,
1456,,,,
1457,,,,
1458,FROM THE MANANGA BRIDGE,,FROM THE MANANGA BRIDGE,
1459,FROM CORNER GOING,,FROM CORNER GOING,
1460,FROM THE CORNER OF THE OLD PHIL RAILWAY GOING,,FROM THE CORNER OF THE OLD PHIL RAILWAY GOING,
1461,FROM THE CORNER AT SITIO LIBO GOING,,FROM THE CORNER AT SITIO LIBO GOING,
1462,FROM THE CORNER GOING,,FROM THE CORNER GOING,
1463,PROVINCIAL RD**,,PROVINCIAL RD**,
1464,SERENIS SOUTH***,,SERENIS SOUTH***,
1465,ST. LOURDES SUBDIVISION***,,ST. LOURDES SUBDIVISION***,
1466,VILLA PLANTANA***,,VILLA PLANTANA***,
1467,SLEDA-SPECIAL LOCAL ECONOMIC DEVELOPMENT AREA,,SLEDA-SPECIAL LOCAL ECONOMIC DEVELOPMENT AREA,
1468,*Reclassified from S* to CR,,*Reclassified from S* to CR,
1469,**New road,,**New road,
1470,***New subdivisions,,***New subdivisions,
1471,,,,
1472,,,,
1473,PROVINCE                    : CEBU,,PROVINCE                    : CEBU,
1474,CITY/MUNICIPALITY  : TALISAY CITY,,CITY/MUNICIPALITY  : TALISAY CITY,
1475,ZONE/ BARANGAY     : POBLACION,,ZONE/ BARANGAY     : POBLACION,
1476,STREET NAME/                   SUBDIVISION/CONDOMINIUM,,STREET NAME/                   SUBDIVISION/CONDOMINIUM,
1477,PROVINCIAL RD (RIZAL ST),,PROVINCIAL RD (RIZAL ST),
1478,MUNICIPAL / BRGY,,MUNICIPAL / BRGY,
1479,BEJON FACTORY COMPD.,,BEJON FACTORY COMPD.,
1480,BURGOS,,BURGOS,
1481,,,,
1482,,,,
1483,CABALAN,,CABALAN,
1484,,,,
1485,CARMENVILLE SUBDIVISION,,CARMENVILLE SUBDIVISION,
1486,FORTUNE HOMES SUBDIVISION,,FORTUNE HOMES SUBDIVISION,
1487,SARIVILLE SUBD.,,SARIVILLE SUBD.,
1488,GEN. J. LUNA,,GEN. J. LUNA,
1489,,,,
1490,J RIZAL (PROVINCIAL RD),,J RIZAL (PROVINCIAL RD),
1491,,,,
1492,,,,
1493,,,,
1494,,,,
1495,,,,
1496,LA PATRIA,,LA PATRIA,
1497,,,,
1498,LA REVOLUCION,,LA REVOLUCION,
1499,LOPEZ JAENA,,LOPEZ JAENA,
1500,P DEL ROSARIO,,P DEL ROSARIO,
1501,SARAVILLE,,SARAVILLE,
1502,SHORELINE/BOULEVARD,,SHORELINE/BOULEVARD,
1503,TALISAY BLVD,,TALISAY BLVD,
1504,,,,
1505,,,,
1506,TRES ALINOS,,TRES ALINOS,
1507,,,,
1508,,,,
1509,ULDOG ROAD,,ULDOG ROAD,
1510,V GARCES,,V GARCES,
1511,,,,
1512,,,,
1513,,,,
1514,OTHER SUB/VILLAGES,,OTHER SUB/VILLAGES,
1515,ALL OTHER STREETS,,ALL OTHER STREETS,
1516,ALONG SRP ROAD,,ALONG SRP ROAD,
1517,,,,
1518,,,,
1519,,,,
1520,PROVINCE                    : CEBU,,PROVINCE                    : CEBU,
1521,CITY/MUNICIPALITY  : TALISAY CITY,,CITY/MUNICIPALITY  : TALISAY CITY,
1522,ZONE/ BARANGAY     : POBLACION (CONTINUATION),,ZONE/ BARANGAY     : POBLACION (CONTINUATION),
1523,STREET NAME/                   SUBDIVISION/CONDOMINIUM,,STREET NAME/                   SUBDIVISION/CONDOMINIUM,
1524,INTERIOR AREAS,,INTERIOR AREAS,
1525,,,,
1526,,,,
1527,,,,
1528,,,,
1529,,,,
1530,FR COR P. DEL ROSARIO & P. BURGOS STS. TO,,FR COR P. DEL ROSARIO & P. BURGOS STS. TO,
1531,FR COR P. DEL ROSARIO & LA PATRIA STS. TO,,FR COR P. DEL ROSARIO & LA PATRIA STS. TO,
1532,FR COR P. DEL ROSARIO & LA REVOLUCION STS. TO,,FR COR P. DEL ROSARIO & LA REVOLUCION STS. TO,
1533,FR TALISAY CENTRAL SCHOOL TO,,FR TALISAY CENTRAL SCHOOL TO,
1534,FR COR P. DEL ROSARIO & LOPEZ JAENA ST. TO,,FR COR P. DEL ROSARIO & LOPEZ JAENA ST. TO,
1535,FR COR P. DEL ROSARIO & P. BURGOS STS. TO,,FR COR P. DEL ROSARIO & P. BURGOS STS. TO,
1536,GENERAL LUNA STS.,,GENERAL LUNA STS.,
1537,WASHINGTON STS. TO,,WASHINGTON STS. TO,
1538,SLEDA-SPECIAL LOCAL ECONOMIC DEVELOPMENT AREA,,SLEDA-SPECIAL LOCAL ECONOMIC DEVELOPMENT AREA,
1539,*Reclassified from S* to CR,,*Reclassified from S* to CR,
1540,,,,
1541,,,,
1542,PROVINCE                    : CEBU,,PROVINCE                    : CEBU,
1543,CITY/MUNICIPALITY  : TALISAY CITY,,CITY/MUNICIPALITY  : TALISAY CITY,
1544,ZONE/ BARANGAY     : POOC,,ZONE/ BARANGAY     : POOC,
1545,STREET NAME/                   SUBDIVISION/CONDOMINIUM,,STREET NAME/                   SUBDIVISION/CONDOMINIUM,
1546,PROVINCIAL RD/ CITY ROAD,,PROVINCIAL RD/ CITY ROAD,
1547,MUNICIPAL RD/BRGY RD,,MUNICIPAL RD/BRGY RD,
1548,,,,
1549,,,,
1550,,,,
1551,SHORELINE,,SHORELINE,
1552,,,,
1553,OTHER SUBD/VILLAGES,,OTHER SUBD/VILLAGES,
1554,ALL OTHER STREETS,,ALL OTHER STREETS,
1555,INTERIOR LOTS,,INTERIOR LOTS,
1556,,,,
1557,,,,
1558,FROM THE CORNER OF THE OLD PHIL RAILWAY GOING,,FROM THE CORNER OF THE OLD PHIL RAILWAY GOING,
1559,FROM THE CORNER OF THE OLD PHIL RAILWAY GOING,,FROM THE CORNER OF THE OLD PHIL RAILWAY GOING,
1560,FR THE CORNER GOING TO BRGY BIASONG AT SITIO RANGER,,FR THE CORNER GOING TO BRGY BIASONG AT SITIO RANGER,
1561,FROM THE CORNER PASSING,,FROM THE CORNER PASSING,
1562,CORONA DEL MAR SUBDIVISION,,CORONA DEL MAR SUBDIVISION,
1563,LA ESCALA AT CORONA DEL MAR,,LA ESCALA AT CORONA DEL MAR,
1564,PUERTO DEL SOL,,PUERTO DEL SOL,
1565,RAPHAEL HOMES,,RAPHAEL HOMES,
1566,ROSEVILLE SUBDIVISION,,ROSEVILLE SUBDIVISION,
1567,SEABREEZE RESIDENCES,,SEABREEZE RESIDENCES,
1568,VILLA SOLANA,,VILLA SOLANA,
1569,WOODWAY TOWNHOMES SUBD.,,WOODWAY TOWNHOMES SUBD.,
1570,THE ROSEPIKE RESIDENCES*,,THE ROSEPIKE RESIDENCES*,
1571,,,,
1572,* New subdivision,,* New subdivision,
1573,,,,
1574,,,,
1575,PROVINCE                    : CEBU,,PROVINCE                    : CEBU,
1576,CITY/MUNICIPALITY  : TALISAY CITY,,CITY/MUNICIPALITY  : TALISAY CITY,
1577,ZONE/ BARANGAY     : SAN ISIDRO,,ZONE/ BARANGAY     : SAN ISIDRO,
1578,STREET NAME/                   SUBDIVISION/CONDOMINIUM,,STREET NAME/                   SUBDIVISION/CONDOMINIUM,
1579,PROVINCIAL RD,,PROVINCIAL RD,
1580,BARANGAY RD,,BARANGAY RD,
1581,ARTVILLE,,ARTVILLE,
1582,CABUSAS CPD,,CABUSAS CPD,
1583,CANTONVILLE SUBDIVISION,,CANTONVILLE SUBDIVISION,
1584,CASAL'S SUBDIVISION,,CASAL'S SUBDIVISION,
1585,CORAZON VILLAGE I & 2,,CORAZON VILLAGE I & 2,2.0
1586,,,,
1587,DAKAY SUBDIVISON,,DAKAY SUBDIVISON,
1588,GLENDALE SUBD.,,GLENDALE SUBD.,
1589,GREENVILLE SUBDIVISION,,GREENVILLE SUBDIVISION,
1590,ISLA VERDE,,ISLA VERDE,
1591,MIAME HOMES,,MIAME HOMES,
1592,PANGPANG/ MAHAYAG,,PANGPANG/ MAHAYAG,
1593,PEACEVILLE SUBDIVISION,,PEACEVILLE SUBDIVISION,
1594,RAMONA VILLAGE,,RAMONA VILLAGE,
1595,SACRED HEART VILLAGE,,SACRED HEART VILLAGE,
1596,SAN ISIDRO VILLAGE,,SAN ISIDRO VILLAGE,
1597,STO.NIÑO VILLAGE,,STO.NIÑO VILLAGE,
1598,TIAGO COMPOUND,,TIAGO COMPOUND,
1599,TREASUREVILLE,,TREASUREVILLE,
1600,VERGARA SUBDIVION,,VERGARA SUBDIVION,
1601,OTHER SUBD/ VILLAGES,,OTHER SUBD/ VILLAGES,
1602,ALONG SRP ROAD,,ALONG SRP ROAD,
1603,,,,
1604,,,,
1605,,,,
1606,TABULASAN ROAD,,TABULASAN ROAD,
1607,TIAGO ROAD,,TIAGO ROAD,
1608,ALL OTHER STREETS,,ALL OTHER STREETS,
1609,INTERIOR LOTS,,INTERIOR LOTS,
1610,,,,
1611,,,,
1612,LINES TOWN HOMES**,,LINES TOWN HOMES**,
1613,STA. THERESA VILLAGE II**,,STA. THERESA VILLAGE II**,
1614,VILLA LUCITA**,,VILLA LUCITA**,
1615,SLEDA- SPECIAL LOCAL ECONOMIC DEVELOPMENT AREA,,SLEDA- SPECIAL LOCAL ECONOMIC DEVELOPMENT AREA,
1616,*Reclassied from S* to CR,,*Reclassied from S* to CR,
1617,,,,
1618,,,,
1619,PROVINCE                    : CEBU,,PROVINCE                    : CEBU,
1620,CITY/MUNICIPALITY  : TALISAY CITY,,CITY/MUNICIPALITY  : TALISAY CITY,
1621,ZONE/ BARANGAY     : SAN ROQUE,,ZONE/ BARANGAY     : SAN ROQUE,
1622,STREET NAME/                   SUBDIVISION/CONDOMINIUM,,STREET NAME/                   SUBDIVISION/CONDOMINIUM,
1623,PROVINCIAL RD,,PROVINCIAL RD,
1624,SAN ROQUE- TABUNOK PROV'L ROAD,,SAN ROQUE- TABUNOK PROV'L ROAD,
1625,MUNICIPAL/ BARANGAY,,MUNICIPAL/ BARANGAY,
1626,BELLEZA,,BELLEZA,
1627,BONANZA SUBDIVISION,,BONANZA SUBDIVISION,
1628,COASTAL VIEW SUBDIVISION,,COASTAL VIEW SUBDIVISION,
1629,,,,
1630,,,,
1631,,,,
1632,88 BROOKSIDE SUBD.,,88 BROOKSIDE SUBD.,88.0
1633,FATIMA VILLAGE,,FATIMA VILLAGE,
1634,GREENFIELD SUBDIVISION,,GREENFIELD SUBDIVISION,
1635,GREEN MEADOWS SUBDIVISION,,GREEN MEADOWS SUBDIVISION,
1636,JAMESTOWN SUBDIVISION,,JAMESTOWN SUBDIVISION,
1637,RAMONA VILLAGE,,RAMONA VILLAGE,
1638,TIERRA DEL SOL,,TIERRA DEL SOL,
1639,,,,
1640,UGHAI 1 & 2 SUBD.,,UGHAI 1 & 2 SUBD.,12.0
1641,,,,
1642,VIP SUBD.,,VIP SUBD.,
1643,WILLIAMSVILLE SUBDIVISION,,WILLIAMSVILLE SUBDIVISION,
1644,OTHER SUB/D VILLAGES,,OTHER SUB/D VILLAGES,
1645,ALL OTHER STREETS,,ALL OTHER STREETS,
1646,,,,
1647,,,,
1648,FR THE CORNER DAWIS CROSSING,,FR THE CORNER DAWIS CROSSING,
1649,ALONG SRP ROAD,,ALONG SRP ROAD,
1650,,,,
1651,,,,
1652,,,,
1653,,,,
1654,FROM CORNER SAN ROQUE ELEMENTARY SCHOOL,,FROM CORNER SAN ROQUE ELEMENTARY SCHOOL,
1655,ALBERLYN BOX HILL WEST RESIDENCES*,,ALBERLYN BOX HILL WEST RESIDENCES*,
1656,ASTERRA TOWNHOMES*,,ASTERRA TOWNHOMES*,
1657,SLEDA- SPECIAL LOCAL ECONOMIC DEVELOPMENT AREA,,SLEDA- SPECIAL LOCAL ECONOMIC DEVELOPMENT AREA,
1658,*New subdivision,,*New subdivision,
1659,**Reclassified from S* to CR,,**Reclassified from S* to CR,
1660,,,,
1661,,,,
1662,PROVINCE                    : CEBU,,PROVINCE                    : CEBU,
1663,CITY/MUNICIPALITY  : TALISAY CITY,,CITY/MUNICIPALITY  : TALISAY CITY,
1664,ZONE/ BARANGAY     : TABUNOK,,ZONE/ BARANGAY     : TABUNOK,
1665,STREET NAME/                   SUBDIVISION/CONDOMINIUM,,STREET NAME/                   SUBDIVISION/CONDOMINIUM,
1666,NATIONAL ROAD,,NATIONAL ROAD,
1667,,,,
1668,,,,
1669,BRGY RD/ HOLLOW BLOCK,,BRGY RD/ HOLLOW BLOCK,
1670,INTERIOR AREAS,,INTERIOR AREAS,
1671,,,,
1672,,,,
1673,CABUSAS CMPD,,CABUSAS CMPD,
1674,MUNICIPAL/BRGY RD,,MUNICIPAL/BRGY RD,
1675,,,,
1676,MOLAVE,,MOLAVE,
1677,NATL HIGHWAY***,,NATL HIGHWAY***,
1678,PROVINCIAL ROAD,,PROVINCIAL ROAD,
1679,BOUND FOR TOLEDO CITY,,BOUND FOR TOLEDO CITY,
1680,,,,
1681,,,,
1682,,,,
1683,INTERIOR AREAS,,INTERIOR AREAS,
1684,,,,
1685,,,,
1686,,,,
1687,INTERIOR LOTS,,INTERIOR LOTS,
1688,,,,
1689,PUBLIC MARKET SITE,,PUBLIC MARKET SITE,
1690,,,,
1691,ST. SCHOLASTICAS ACDMY,,ST. SCHOLASTICAS ACDMY,
1692,TALISAY SPORTS COMPLEX,,TALISAY SPORTS COMPLEX,
1693,,,,
1694,FRIENDLY HOMES SUBD,,FRIENDLY HOMES SUBD,
1695,HAPPY HOMES SUBD.,,HAPPY HOMES SUBD.,
1696,HAPPY VALLEY,,HAPPY VALLEY,
1697,HARMONIS RESIDENCES,,HARMONIS RESIDENCES,
1698,HOLLOWBLOCK SUBDIVISION,,HOLLOWBLOCK SUBDIVISION,
1699,MONTE CARLO SUBD.,,MONTE CARLO SUBD.,
1700,NONOC HOMES,,NONOC HOMES,
1701,NUNEZ COMPOUND,,NUNEZ COMPOUND,
1702,(PLAINVIEW SUBD) PALMVIEW SUBD,,(PLAINVIEW SUBD) PALMVIEW SUBD,
1703,PLAINVILLE SUBDIVISION,,PLAINVILLE SUBDIVISION,
1704,RAMONA VILLAGE*,,RAMONA VILLAGE*,
1705,ROSITA LOPEZ SUBDIVISION,,ROSITA LOPEZ SUBDIVISION,
1706,,,,
1707,PROVINCE                    : CEBU,,PROVINCE                    : CEBU,
1708,CITY/MUNICIPALITY  : TALISAY CITY,,CITY/MUNICIPALITY  : TALISAY CITY,
1709,ZONE/ BARANGAY     : TABUNOK(CONTINUATION),,ZONE/ BARANGAY     : TABUNOK(CONTINUATION),
1710,STREET NAME/                   SUBDIVISION/CONDOMINIUM,,STREET NAME/                   SUBDIVISION/CONDOMINIUM,
1711,TALI PLAINS SUBD.,,TALI PLAINS SUBD.,
1712,VICTORIA VILLAGE,,VICTORIA VILLAGE,
1713,OTHER SUBD/VILLAGES,,OTHER SUBD/VILLAGES,
1714,SANGI ROAD,,SANGI ROAD,
1715,,,,
1716,,,,
1717,,,,
1718,OTHER ROADS/PRIVATE ROADS,,OTHER ROADS/PRIVATE ROADS,
1719,OTHER BRGY RD.,,OTHER BRGY RD.,
1720,ELKWOOD HOMES**,,ELKWOOD HOMES**,
1721,*VICINITIES REDEFINED AS PART OF SANGI INTERSECTION RD**,,*VICINITIES REDEFINED AS PART OF SANGI INTERSECTION RD**,
1722,**New subdivision,,**New subdivision,
1723,***DEFINED AS NAT'L ROAD,,***DEFINED AS NAT'L ROAD,
1724,,,,
1725,PROVINCE                     : CEBU,,PROVINCE                     : CEBU,
1726,CITY/MUNICIPALITY  : TALISAY CITY,,CITY/MUNICIPALITY  : TALISAY CITY,
1727,ZONE/ BARANGAY     : TANGKE,,ZONE/ BARANGAY     : TANGKE,
1728,STREET NAME/                   SUBDIVISION/CONDOMINIUM,,STREET NAME/                   SUBDIVISION/CONDOMINIUM,
1729,PROVINCIAL RD,,PROVINCIAL RD,
1730,,,,
1731,,,,
1732,MUNICIPAL RD/BRGY RD,,MUNICIPAL RD/BRGY RD,
1733,ALL SUBD/VILLAGES,,ALL SUBD/VILLAGES,
1734,SHORELINE,,SHORELINE,
1735,,,,
1736,ALL OTHER ROADS,,ALL OTHER ROADS,
1737,INTERIOR LOTS,,INTERIOR LOTS,
1738,,,,
1739,,,,
1740,FROM PUBLIC CEMETERY GOING,,FROM PUBLIC CEMETERY GOING,
1741,SITIO GALAXY,,SITIO GALAXY,
1742,ALMOND DRIVE*,,ALMOND DRIVE*,
1743,*New condominium,,*New condominium,
1744,,,,
1745,PROVINCE                    : CEBU,,PROVINCE                    : CEBU,
1746,CITY/MUNICIPALITY  : TALISAY CITY,,CITY/MUNICIPALITY  : TALISAY CITY,
1747,ZONE/ BARANGAY     : TAPUL,,ZONE/ BARANGAY     : TAPUL,
1748,STREET NAME/                   SUBDIVISION/CONDOMINIUM,,STREET NAME/                   SUBDIVISION/CONDOMINIUM,
1749,BARANGAY RD,,BARANGAY RD,
1750,,,,
1751,,,,
1752,,,,
1753,,,,
1754,,,,
1755,INTERIOR AREAS,,INTERIOR AREAS,
1756,,,,
1757,,,,
1758,,,,
1759,,,,
1760,"REVENUE REGION No. 13, CEBU CITY",,"REVENUE REGION No. 13, CEBU CITY",0.13
1761,"REVENUE DISTRICT OFFICE Office No. 83, TALISAY CITY",,"REVENUE DISTRICT OFFICE Office No. 83, TALISAY CITY",0.83
1762,,,,
1763,PROVINCE                    : CEBU,,PROVINCE                    : CEBU,
1764,CITY/MUNICIPALITY  : TOLEDO CITY,,CITY/MUNICIPALITY  : TOLEDO CITY,
1765,ZONE/ BARANGAY     : CITY PROPER (POBLACION),,ZONE/ BARANGAY     : CITY PROPER (POBLACION),
1766,STREET NAME/                   SUBDIVISION/CONDOMINIUM,,STREET NAME/                   SUBDIVISION/CONDOMINIUM,
1767,AFC ACCESS ROAD  *,,AFC ACCESS ROAD  *,
1768,B.B.CAVADA SR. ST. (HOSPITAL ST),,B.B.CAVADA SR. ST. (HOSPITAL ST),
1769,,,,
1770,ALONG HOSPITAL ST.***,,ALONG HOSPITAL ST.***,
1771,ALONG S. OSMENA SR. ST.*****,,ALONG S. OSMENA SR. ST.*****,
1772,,,,
1773,ALPAR SUBDIVISION (Unknown Road),,ALPAR SUBDIVISION (Unknown Road),
1774,,,,
1775,CLIMACO ST,,CLIMACO ST,
1776,,,,
1777,CLIMACO ST. EXT.    22*,,CLIMACO ST. EXT.    22*,
1778,F. TROCIO ST,,F. TROCIO ST,
1779,,,,
1780,,,,
1781,HINULAWAN ST,,HINULAWAN ST,
1782,,,,
1783,LIBRE ST,,LIBRE ST,
1784,,,,
1785,,,,
1786,M. A. BARBA ST. *,,M. A. BARBA ST. *,
1787,,,,
1788,MAGSAYSAY ST.,,MAGSAYSAY ST.,
1789,,,,
1790,MERCADO ST.,,MERCADO ST.,
1791,PRES. D. MACAPAGAL HI-WAY,,PRES. D. MACAPAGAL HI-WAY,
1792,,,,
1793,,,,
1794,,,,
1795,,,,
1796,,,,
1797,,,,
1798,,,,
1799,R. G. ESPINOSA ST.,,R. G. ESPINOSA ST.,
1800,,,,
1801,,,,
1802,,,,
1803,RAFOLS ST.,,RAFOLS ST.,
1804,,,,
1805,RAFOLS ST. EXT.,,RAFOLS ST. EXT.,
1806,,,,
1807,RODRIGUEZ ST,,RODRIGUEZ ST,
1808,,,,
1809,S. OSMENA SR. ST.,,S. OSMENA SR. ST.,
1810,,,,
1811,,,,
1812,,,,
1813,,,,
1814,,,,
1815,ST. JOHN OF SAHAGUN DRIVE  10*,,ST. JOHN OF SAHAGUN DRIVE  10*,0.1
1816,,,,
1817,PROVINCE                    : CEBU,,PROVINCE                    : CEBU,
1818,CITY/MUNICIPALITY  : TOLEDO CITY,,CITY/MUNICIPALITY  : TOLEDO CITY,
1819,ZONE/ BARANGAY     : CITY PROPER (POBLACION)(CONTINUATION),,ZONE/ BARANGAY     : CITY PROPER (POBLACION)(CONTINUATION),
1820,STREET NAME/                   SUBDIVISION/CONDOMINIUM,,STREET NAME/                   SUBDIVISION/CONDOMINIUM,
1821,TUBOD-LANDAHAN ROAD,,TUBOD-LANDAHAN ROAD,
1822,UNKNOWN ROAD,,UNKNOWN ROAD,
1823,,,,
1824,VICENTE P. PENALOSA ST,,VICENTE P. PENALOSA ST,
1825,ZAMORA ST.,,ZAMORA ST.,
1826,Note:   A.    Alphabetically rearranged streets,,Note:   A.    Alphabetically rearranged streets,
1827,B.       *     AFC Access Road reclass to F. Trocio St,,B.       *     AFC Access Road reclass to F. Trocio St,
1828,**    S. Osmena Sr. St. formerly Poloyapoy St,,**    S. Osmena Sr. St. formerly Poloyapoy St,
1829,***    Inexistent  Public Market is not along Hospital St.,,***    Inexistent  Public Market is not along Hospital St.,
1830,****   Pres. D. Macapagal Hi-way formerly Katipuanana St,,****   Pres. D. Macapagal Hi-way formerly Katipuanana St,
1831,*****  Along S. Osmena Sr. St. reclass under S. Osmena Sr St,,*****  Along S. Osmena Sr. St. reclass under S. Osmena Sr St,
1832,6*    Fronting Libre St. changed to vicinity of Libre St. & same as Macapagal Hi-way - Osmena St.,,6*    Fronting Libre St. changed to vicinity of Libre St. & same as Macapagal Hi-way - Osmena St.,
1833,7*    Renamed Tubod Landahan Road to Magsaysay Junction,,7*    Renamed Tubod Landahan Road to Magsaysay Junction,7.0
1834,8*    M.A. Barba St. formerly Penalosa St.,,8*    M.A. Barba St. formerly Penalosa St.,
1835,9*    Corrected location,,9*    Corrected location,9.0
1836,10*    St. John St. of Sahagun Drive formerly Sinakit St.,,10*    St. John St. of Sahagun Drive formerly Sinakit St.,
1837,11*    St.Peter St. renamed to F. Poloyapoy St,,11*    St.Peter St. renamed to F. Poloyapoy St,
1838,12*     Corrected location,,12*     Corrected location,12.0
1839,13*    vicinity extended to R. G. Espinosa,,13*    vicinity extended to R. G. Espinosa,
1840,14*    new vicinity (not included in previous revision),,14*    new vicinity (not included in previous revision),14.0
1841,15*    Corrected vicinity,,15*    Corrected vicinity,15.0
1842,16*    Corrected vicinity,,16*    Corrected vicinity,16.0
1843,,,,
1844,,,,
1845,PROVINCE                    : CEBU,,PROVINCE                    : CEBU,
1846,CITY/MUNICIPALITY  : TOLEDO CITY,,CITY/MUNICIPALITY  : TOLEDO CITY,
1847,ZONE/ BARANGAY     : AWIHAO,,ZONE/ BARANGAY     : AWIHAO,
1848,STREET NAME/                   SUBDIVISION/CONDOMINIUM,,STREET NAME/                   SUBDIVISION/CONDOMINIUM,
1849,ALL LOTS FRONTING,,ALL LOTS FRONTING,
1850,,,,
1851,REST OF AWIHAO,,REST OF AWIHAO,
1852,,,,
1853,,,,
1854,* New classification of lot,,* New classification of lot,
1855,,,,
1856,,,,
1857,PROVINCE                    : CEBU,,PROVINCE                    : CEBU,
1858,CITY/MUNICIPALITY  : TOLEDO CITY,,CITY/MUNICIPALITY  : TOLEDO CITY,
1859,ZONE/ BARANGAY     : BAGACAY,,ZONE/ BARANGAY     : BAGACAY,
1860,STREET NAME/                   SUBDIVISION/CONDOMINIUM,,STREET NAME/                   SUBDIVISION/CONDOMINIUM,
1861,ALL LOTS,,ALL LOTS,
1862,,,,
1863,,,,
1864,,,,
1865,"Note: *Previously All Low areas would mean Coco Land, hence A4",,"Note: *Previously All Low areas would mean Coco Land, hence A4",4.0
1866,,,,
1867,,,,
1868,PROVINCE                    : CEBU,,PROVINCE                    : CEBU,
1869,CITY/MUNICIPALITY  : TOLEDO CITY,,CITY/MUNICIPALITY  : TOLEDO CITY,
1870,ZONE/ BARANGAY     : BATO,,ZONE/ BARANGAY     : BATO,
1871,STREET NAME/                   SUBDIVISION/CONDOMINIUM,,STREET NAME/                   SUBDIVISION/CONDOMINIUM,
1872,NATIONAL ROAD,,NATIONAL ROAD,
1873,,,,
1874,,,,
1875,,,,
1876,BARANGAY ROAD,,BARANGAY ROAD,
1877,,,,
1878,One Aura Residences**,,One Aura Residences**,
1879,INTERIOR LOTS,,INTERIOR LOTS,
1880,,,,
1881,,,,
1882,"Note: * Previously All plain areas would mean Coco Land, hence A4",,"Note: * Previously All plain areas would mean Coco Land, hence A4",4.0
1883,**New subdivision,,**New subdivision,
1884,,,,
1885,,,,
1886,PROVINCE                    : CEBU,,PROVINCE                    : CEBU,
1887,CITY/MUNICIPALITY  : TOLEDO CITY,,CITY/MUNICIPALITY  : TOLEDO CITY,
1888,ZONE/ BARANGAY     : BIGA,,ZONE/ BARANGAY     : BIGA,
1889,STREET NAME/                   SUBDIVISION/CONDOMINIUM,,STREET NAME/                   SUBDIVISION/CONDOMINIUM,
1890,ALL LOTS,,ALL LOTS,
1891,,,,
1892,,,,
1893,,,,
1894,,,,
1895,"Note:  Previously ""A1"" for hilly lands",,"Note:  Previously ""A1"" for hilly lands",1.0
1896,,,,
1897,,,,
1898,PROVINCE                    : CEBU,,PROVINCE                    : CEBU,
1899,CITY/MUNICIPALITY  : TOLEDO CITY,,CITY/MUNICIPALITY  : TOLEDO CITY,
1900,ZONE/ BARANGAY     : BULONGAN,,ZONE/ BARANGAY     : BULONGAN,
1901,STREET NAME/                   SUBDIVISION/CONDOMINIUM,,STREET NAME/                   SUBDIVISION/CONDOMINIUM,
1902,ALL LOTS,,ALL LOTS,
1903,,,,
1904,,,,
1905,,,,
1906,Note:   * 50 Meters is omitted and renamed,,Note:   * 50 Meters is omitted and renamed,50.0
1907,"**Previously"" A"" would mean Other Agricultural Lands, hence A50 and higher value is for Cocoland, hence A4",,"**Previously"" A"" would mean Other Agricultural Lands, hence A50 and higher value is for Cocoland, hence A4",504.0
1908,,,,
1909,,,,
1910,PROVINCE                    : CEBU,,PROVINCE                    : CEBU,
1911,CITY/MUNICIPALITY  : TOLEDO CITY,,CITY/MUNICIPALITY  : TOLEDO CITY,
1912,ZONE/ BARANGAY     : BUNGA,,ZONE/ BARANGAY     : BUNGA,
1913,STREET NAME/                   SUBDIVISION/CONDOMINIUM,,STREET NAME/                   SUBDIVISION/CONDOMINIUM,
1914,FEEDER ROAD*,,FEEDER ROAD*,
1915,,,,
1916,ALL OTHER LOTS,,ALL OTHER LOTS,
1917,,,,
1918,Note:   *  50 Meters inward was omitted and vicinity was redefined DAS to Interior Bunga,,Note:   *  50 Meters inward was omitted and vicinity was redefined DAS to Interior Bunga,50.0
1919,"** Previously All plain areas would mean Coco Land, hence A4",,"** Previously All plain areas would mean Coco Land, hence A4",4.0
1920,,,,
1921,,,,
1922,PROVINCE                    : CEBU,,PROVINCE                    : CEBU,
1923,CITY/MUNICIPALITY  : TOLEDO CITY,,CITY/MUNICIPALITY  : TOLEDO CITY,
1924,ZONE/ BARANGAY     : CABITO-ONAN,,ZONE/ BARANGAY     : CABITO-ONAN,
1925,STREET NAME/                   SUBDIVISION/CONDOMINIUM,,STREET NAME/                   SUBDIVISION/CONDOMINIUM,
1926,NATIONAL ROAD,,NATIONAL ROAD,
1927,,,,
1928,,,,
1929,,,,
1930,ALONG FEEDER ROAD,,ALONG FEEDER ROAD,
1931,,,,
1932,,,,
1933,"Note: * Previously All plain areas would mean Coco Land, hence A4",,"Note: * Previously All plain areas would mean Coco Land, hence A4",4.0
1934,**New classification of lot (No Ind'l. lot in previous revision),,**New classification of lot (No Ind'l. lot in previous revision),
1935,,,,
1936,,,,
1937,PROVINCE                    : CEBU,,PROVINCE                    : CEBU,
1938,CITY/MUNICIPALITY  : TOLEDO CITY,,CITY/MUNICIPALITY  : TOLEDO CITY,
1939,ZONE/ BARANGAY     : CALONGCALONG,,ZONE/ BARANGAY     : CALONGCALONG,
1940,STREET NAME/                   SUBDIVISION/CONDOMINIUM,,STREET NAME/                   SUBDIVISION/CONDOMINIUM,
1941,NATIONAL ROAD,,NATIONAL ROAD,
1942,,,,
1943,,,,
1944,ALL OTHER STREETS,,ALL OTHER STREETS,
1945,,,,
1946,,,,
1947,"Note: *Previously All low areas would mean Coco Land, hence A4",,"Note: *Previously All low areas would mean Coco Land, hence A4",4.0
1948,,,,
1949,,,,
1950,PROVINCE                    : CEBU,,PROVINCE                    : CEBU,
1951,CITY/MUNICIPALITY  : TOLEDO CITY,,CITY/MUNICIPALITY  : TOLEDO CITY,
1952,ZONE/ BARANGAY     : CANTABACO,,ZONE/ BARANGAY     : CANTABACO,
1953,STREET NAME/                   SUBDIVISION/CONDOMINIUM,,STREET NAME/                   SUBDIVISION/CONDOMINIUM,
1954,NATIONAL ROAD,,NATIONAL ROAD,
1955,,,,
1956,ALL OTHER STREETS,,ALL OTHER STREETS,
1957,,,,
1958,,,,
1959,"Note: All Plain Areas would mean other coco land, hence A4",,"Note: All Plain Areas would mean other coco land, hence A4",4.0
1960,,,,
1961,,,,
1962,PROVINCE                    : CEBU,,PROVINCE                    : CEBU,
1963,CITY/MUNICIPALITY  : TOLEDO CITY,,CITY/MUNICIPALITY  : TOLEDO CITY,
1964,ZONE/ BARANGAY     : CAMPO 8,,ZONE/ BARANGAY     : CAMPO 8,8.0
1965,STREET NAME/                   SUBDIVISION/CONDOMINIUM,,STREET NAME/                   SUBDIVISION/CONDOMINIUM,
1966,NATIONAL ROAD,,NATIONAL ROAD,
1967,,,,
1968,INTERIOR LOTS,,INTERIOR LOTS,
1969,,,,
1970,,,,
1971,,,,
1972,,,,
1973,PROVINCE                    : CEBU,,PROVINCE                    : CEBU,
1974,CITY/MUNICIPALITY  : TOLEDO CITY,,CITY/MUNICIPALITY  : TOLEDO CITY,
1975,ZONE/ BARANGAY     : CAMBANG-UG,,ZONE/ BARANGAY     : CAMBANG-UG,
1976,STREET NAME/                   SUBDIVISION/CONDOMINIUM,,STREET NAME/                   SUBDIVISION/CONDOMINIUM,
1977,ALL LOTS,,ALL LOTS,
1978,,,,
1979,,,,
1980,,,,
1981,"Note: All Plain Areas would mean other coco land, hence A4",,"Note: All Plain Areas would mean other coco land, hence A4",4.0
1982,,,,
1983,,,,
1984,PROVINCE                    : CEBU,,PROVINCE                    : CEBU,
1985,CITY/MUNICIPALITY  : TOLEDO CITY,,CITY/MUNICIPALITY  : TOLEDO CITY,
1986,ZONE/ BARANGAY     : CANLUMAPAO,,ZONE/ BARANGAY     : CANLUMAPAO,
1987,STREET NAME/                   SUBDIVISION/CONDOMINIUM,,STREET NAME/                   SUBDIVISION/CONDOMINIUM,
1988,ALL LOTS,,ALL LOTS,
1989,,,,
1990,,,,
1991,,,,
1992,,,,
1993,"Note: All Low Areas would mean other coco land, hence A4",,"Note: All Low Areas would mean other coco land, hence A4",4.0
1994,*New classification of lot (No CR in previous revision),,*New classification of lot (No CR in previous revision),
1995,,,,
1996,,,,
1997,PROVINCE                    : CEBU,,PROVINCE                    : CEBU,
1998,CITY/MUNICIPALITY  : TOLEDO CITY,,CITY/MUNICIPALITY  : TOLEDO CITY,
1999,ZONE/ BARANGAY     : CAPT. CLAUDIO,,ZONE/ BARANGAY     : CAPT. CLAUDIO,
2000,STREET NAME/                   SUBDIVISION/CONDOMINIUM,,STREET NAME/                   SUBDIVISION/CONDOMINIUM,
2001,ALL LOTS,,ALL LOTS,
2002,,,,
2003,,,,
2004,TOLEDO HEIGHTS SUBD.*,,TOLEDO HEIGHTS SUBD.*,
2005,,,,
2006,"Note: All Low Areas would mean other coco land, hence A4",,"Note: All Low Areas would mean other coco land, hence A4",4.0
2007,*New subdivision,,*New subdivision,
2008,,,,
2009,,,,
2010,PROVINCE                    : CEBU,,PROVINCE                    : CEBU,
2011,CITY/MUNICIPALITY  : TOLEDO CITY,,CITY/MUNICIPALITY  : TOLEDO CITY,
2012,ZONE/ BARANGAY     : CARMEN,,ZONE/ BARANGAY     : CARMEN,
2013,STREET NAME/                   SUBDIVISION/CONDOMINIUM,,STREET NAME/                   SUBDIVISION/CONDOMINIUM,
2014,ALL LOTS,,ALL LOTS,
2015,,,,
2016,,,,
2017,,,,
2018,,,,
2019,"Note: All Low Areas would mean other coco land, hence A4",,"Note: All Low Areas would mean other coco land, hence A4",4.0
2020,*New classification of lot (no CR lots in previous revision),,*New classification of lot (no CR lots in previous revision),
2021,,,,
2022,,,,
2023,PROVINCE                    : CEBU,,PROVINCE                    : CEBU,
2024,CITY/MUNICIPALITY  : TOLEDO CITY,,CITY/MUNICIPALITY  : TOLEDO CITY,
2025,ZONE/ BARANGAY     : DAANLUNGSOD*,,ZONE/ BARANGAY     : DAANLUNGSOD*,
2026,STREET NAME/                   SUBDIVISION/CONDOMINIUM,,STREET NAME/                   SUBDIVISION/CONDOMINIUM,
2027,NATIONAL ROAD,,NATIONAL ROAD,
2028,BARANGAY ROAD,,BARANGAY ROAD,
2029,ALL OTHER STREETS,,ALL OTHER STREETS,
2030,,,,
2031,,,,
2032,,,,
2033,,,,
2034,"Note:   *  Sangi and Daan Lungsod are two different barangays, hence separated",,"Note:   *  Sangi and Daan Lungsod are two different barangays, hence separated",
2035,"** Previously"" A"" would mean Other Agricultural Lands, hence A50",,"** Previously"" A"" would mean Other Agricultural Lands, hence A50",50.0
2036,,,,
2037,,,,
2038,PROVINCE                    : CEBU,,PROVINCE                    : CEBU,
2039,CITY/MUNICIPALITY  : TOLEDO CITY,,CITY/MUNICIPALITY  : TOLEDO CITY,
2040,ZONE/ BARANGAY     : DON ANDRES SORIANO (DAS),,ZONE/ BARANGAY     : DON ANDRES SORIANO (DAS),
2041,STREET NAME/                   SUBDIVISION/CONDOMINIUM,,STREET NAME/                   SUBDIVISION/CONDOMINIUM,
2042,NATIONAL ROAD,,NATIONAL ROAD,
2043,,,,
2044,,,,
2045,,,,
2046,REST OF DAS,,REST OF DAS,
2047,,,,
2048,,,,
2049,,,,
2050,Note:  *   Re-define areas from ACMDC Hospital to DAS Public School to along Toledo-Manipis Road,,Note:  *   Re-define areas from ACMDC Hospital to DAS Public School to along Toledo-Manipis Road,
2051,**  Re-define from 50 Meters Poog-Cantabaco Roads to Poog Junction - Uling Naga Road,,**  Re-define from 50 Meters Poog-Cantabaco Roads to Poog Junction - Uling Naga Road,
2052,*** Within the vicinity of Carmen Copper Areas,,*** Within the vicinity of Carmen Copper Areas,
2053,"****Plain Areas would mean other  Coco Land, hence A4",,"****Plain Areas would mean other  Coco Land, hence A4",4.0
2054,,,,
2055,,,,
2056,PROVINCE                    : CEBU,,PROVINCE                    : CEBU,
2057,CITY/MUNICIPALITY  : TOLEDO CITY,,CITY/MUNICIPALITY  : TOLEDO CITY,
2058,ZONE/ BARANGAY     : DUMLOG,,ZONE/ BARANGAY     : DUMLOG,
2059,STREET NAME/                   SUBDIVISION/CONDOMINIUM,,STREET NAME/                   SUBDIVISION/CONDOMINIUM,
2060,NATIONAL ROAD,,NATIONAL ROAD,
2061,,,,
2062,,,,
2063,ALL OTHER STREETS,,ALL OTHER STREETS,
2064,,,,
2065,,,,
2066,"Note: All Plain Areas would mean other coco land, hence A4",,"Note: All Plain Areas would mean other coco land, hence A4",4.0
2067,*New classification of lot (No CR/I lots in previous revision),,*New classification of lot (No CR/I lots in previous revision),
2068,,,,
2069,,,,
2070,PROVINCE                    : CEBU,,PROVINCE                    : CEBU,
2071,CITY/MUNICIPALITY  : TOLEDO CITY,,CITY/MUNICIPALITY  : TOLEDO CITY,
2072,ZONE/ BARANGAY     : GEN. CLIMACO,,ZONE/ BARANGAY     : GEN. CLIMACO,
2073,STREET NAME/                   SUBDIVISION/CONDOMINIUM,,STREET NAME/                   SUBDIVISION/CONDOMINIUM,
2074,ALL LOTS,,ALL LOTS,
2075,,,,
2076,,,,
2077,,,,
2078,"Note: All Low Areas would mean other  Coco land, hence A4",,"Note: All Low Areas would mean other  Coco land, hence A4",4.0
2079,PROVINCE                    : CEBU,,PROVINCE                    : CEBU,
2080,CITY/MUNICIPALITY  : TOLEDO CITY,,CITY/MUNICIPALITY  : TOLEDO CITY,
2081,ZONE/ BARANGAY     : IBO,,ZONE/ BARANGAY     : IBO,
2082,STREET NAME/                   SUBDIVISION/CONDOMINIUM,,STREET NAME/                   SUBDIVISION/CONDOMINIUM,
2083,NATIONAL ROAD,,NATIONAL ROAD,
2084,NATIONAL ROAD,,NATIONAL ROAD,
2085,,,,
2086,REST OF IBO,,REST OF IBO,
2087,,,,
2088,,,,
2089,,,,
2090,"Note: All Plain Areas would mean other Coco land, hence A4",,"Note: All Plain Areas would mean other Coco land, hence A4",4.0
2091,*New classification of lot (No CR/I lots in previous revision),,*New classification of lot (No CR/I lots in previous revision),
2092,,,,
2093,,,,
2094,PROVINCE                    : CEBU,,PROVINCE                    : CEBU,
2095,CITY/MUNICIPALITY  : TOLEDO CITY,,CITY/MUNICIPALITY  : TOLEDO CITY,
2096,ZONE/ BARANGAY     : ILIHAN,,ZONE/ BARANGAY     : ILIHAN,
2097,STREET NAME/                   SUBDIVISION/CONDOMINIUM,,STREET NAME/                   SUBDIVISION/CONDOMINIUM,
2098,NATIONAL ROAD,,NATIONAL ROAD,
2099,,,,
2100,,,,
2101,INTERIOR LOTS,,INTERIOR LOTS,
2102,,,,
2103,,,,
2104,Note:    *  Sangi-Magdugo previously  residential alone but now identified as commerial lots,,Note:    *  Sangi-Magdugo previously  residential alone but now identified as commerial lots,
2105,** 50 Meters Inward was deleted and reclassified as Interior Lots and all plain areas as A means as cocoland,,** 50 Meters Inward was deleted and reclassified as Interior Lots and all plain areas as A means as cocoland,50.0
2106,*** New lot classification (No Ind'l. lot in previous revision),,*** New lot classification (No Ind'l. lot in previous revision),
2107,,,,
2108,,,,
2109,PROVINCE                    : CEBU,,PROVINCE                    : CEBU,
2110,CITY/MUNICIPALITY  : TOLEDO CITY,,CITY/MUNICIPALITY  : TOLEDO CITY,
2111,ZONE/ BARANGAY     : LANDAHAN,,ZONE/ BARANGAY     : LANDAHAN,
2112,STREET NAME/                   SUBDIVISION/CONDOMINIUM,,STREET NAME/                   SUBDIVISION/CONDOMINIUM,
2113,ALL LOTS,,ALL LOTS,
2114,,,,
2115,,,,
2116,,,,
2117,,,,
2118,*New classification of lots (No CR/I lots in previous revision),,*New classification of lots (No CR/I lots in previous revision),
2119,,,,
2120,,,,
2121,PROVINCE                    : CEBU,,PROVINCE                    : CEBU,
2122,CITY/MUNICIPALITY  : TOLEDO CITY,,CITY/MUNICIPALITY  : TOLEDO CITY,
2123,ZONE/ BARANGAY     : LUAY,,ZONE/ BARANGAY     : LUAY,
2124,STREET NAME/                   SUBDIVISION/CONDOMINIUM,,STREET NAME/                   SUBDIVISION/CONDOMINIUM,
2125,ALL LOTS,,ALL LOTS,
2126,,,,
2127,,,,
2128,,,,
2129,,,,
2130,,,,
2131,,,,
2132,PROVINCE                    : CEBU,,PROVINCE                    : CEBU,
2133,CITY/MUNICIPALITY  : TOLEDO CITY,,CITY/MUNICIPALITY  : TOLEDO CITY,
2134,ZONE/ BARANGAY     : LURAY II,,ZONE/ BARANGAY     : LURAY II,
2135,STREET NAME/                   SUBDIVISION/CONDOMINIUM,,STREET NAME/                   SUBDIVISION/CONDOMINIUM,
2136,NATIONAL ROAD*,,NATIONAL ROAD*,
2137,,,,
2138,S. OSMENA SR. ST**,,S. OSMENA SR. ST**,
2139,ALONG TROCIO ST & EXT.,,ALONG TROCIO ST & EXT.,
2140,ALL OTHER STREETS,,ALL OTHER STREETS,
2141,Note:    *   Natioanal Road is currently Pres. D. Macapagal Hi-way,,Note:    *   Natioanal Road is currently Pres. D. Macapagal Hi-way,
2142,**   Previously Poloyapoy St,,**   Previously Poloyapoy St,
2143,***New classification of lot (no Ind'l. lot in previous revision),,***New classification of lot (no Ind'l. lot in previous revision),
2144,,,,
2145,,,,
2146,PROVINCE                    : CEBU,,PROVINCE                    : CEBU,
2147,CITY/MUNICIPALITY  : TOLEDO CITY,,CITY/MUNICIPALITY  : TOLEDO CITY,
2148,ZONE/ BARANGAY     : MAGDUGO (DON JUAN CLIMACO),,ZONE/ BARANGAY     : MAGDUGO (DON JUAN CLIMACO),
2149,STREET NAME/                   SUBDIVISION/CONDOMINIUM,,STREET NAME/                   SUBDIVISION/CONDOMINIUM,
2150,NATIONAL ROAD,,NATIONAL ROAD,
2151,,,,
2152,,,,
2153,,,,
2154,,,,
2155,,,,
2156,Note:   *  All plain areas would mean coco land,,Note:   *  All plain areas would mean coco land,
2157,**  100 Meters east to west was deleted,,**  100 Meters east to west was deleted,100.0
2158,,,,
2159,PROVINCE                    : CEBU,,PROVINCE                    : CEBU,
2160,CITY/MUNICIPALITY  : TOLEDO CITY,,CITY/MUNICIPALITY  : TOLEDO CITY,
2161,ZONE/ BARANGAY     : MATAB-ANG,,ZONE/ BARANGAY     : MATAB-ANG,
2162,STREET NAME/                   SUBDIVISION/CONDOMINIUM,,STREET NAME/                   SUBDIVISION/CONDOMINIUM,
2163,NATIONAL ROAD,,NATIONAL ROAD,
2164,,,,
2165,,,,
2166,,,,
2167,,,,
2168,,,,
2169,,,,
2170,Other Swubdivision***,,Other Swubdivision***,
2171,"Note:  *All Low Areas would mean other  Corn land, hence A16",,"Note:  *All Low Areas would mean other  Corn land, hence A16",16.0
2172,**New classification of lot (No Ind'l. lot in previous revision),,**New classification of lot (No Ind'l. lot in previous revision),
2173,***Other subdivision was added,,***Other subdivision was added,
2174,,,,
2175,PROVINCE                    : CEBU,,PROVINCE                    : CEBU,
2176,CITY/MUNICIPALITY  : TOLEDO CITY,,CITY/MUNICIPALITY  : TOLEDO CITY,
2177,ZONE/ BARANGAY     : MEDIA ONCE,,ZONE/ BARANGAY     : MEDIA ONCE,
2178,STREET NAME/                   SUBDIVISION/CONDOMINIUM,,STREET NAME/                   SUBDIVISION/CONDOMINIUM,
2179,NATIONAL ROAD,,NATIONAL ROAD,
2180,NATIONAL ROAD,,NATIONAL ROAD,
2181,,,,
2182,BUOT SUBD,,BUOT SUBD,
2183,SAN JOSE MARIA VILLAGE,,SAN JOSE MARIA VILLAGE,
2184,BARANGAY ROADS,,BARANGAY ROADS,
2185,,,,
2186,,,,
2187,*New classification of lot (No CR Lot in previous revision),,*New classification of lot (No CR Lot in previous revision),
2188,PROVINCE                    : CEBU,,PROVINCE                    : CEBU,
2189,CITY/MUNICIPALITY  : TOLEDO CITY,,CITY/MUNICIPALITY  : TOLEDO CITY,
2190,ZONE/ BARANGAY     : PANGAMIHAN,,ZONE/ BARANGAY     : PANGAMIHAN,
2191,STREET NAME/                   SUBDIVISION/CONDOMINIUM,,STREET NAME/                   SUBDIVISION/CONDOMINIUM,
2192,ALL LOTS,,ALL LOTS,
2193,,,,
2194,,,,
2195,,,,
2196,,,,
2197,,,,
2198,PROVINCE                    : CEBU,,PROVINCE                    : CEBU,
2199,CITY/MUNICIPALITY  : TOLEDO CITY,,CITY/MUNICIPALITY  : TOLEDO CITY,
2200,ZONE/ BARANGAY     : POOG,,ZONE/ BARANGAY     : POOG,
2201,STREET NAME/                   SUBDIVISION/CONDOMINIUM,,STREET NAME/                   SUBDIVISION/CONDOMINIUM,
2202,NATIONAL ROAD,,NATIONAL ROAD,
2203,,,,
2204,,,,
2205,,,,
2206,,,,
2207,BLASAB SUBDIVISION,,BLASAB SUBDIVISION,
2208,SAN JOSE MARIA VILLAGE****,,SAN JOSE MARIA VILLAGE****,
2209,GREEN BROOKE SUBDIVISION****,,GREEN BROOKE SUBDIVISION****,
2210,REST OF POOG,,REST OF POOG,
2211,,,,
2212,,,,
2213,Note:   *  5O Meters was deleted to identify correct location,,Note:   *  5O Meters was deleted to identify correct location,5.0
2214,"**  All Plain areas would mean coco land, hence A4",,"**  All Plain areas would mean coco land, hence A4",4.0
2215,***New classification of lots (no CR lots in previous revision),,***New classification of lots (no CR lots in previous revision),
2216,**** New Subdivisions,,**** New Subdivisions,
2217,,,,
2218,,,,
2219,PROVINCE                    : CEBU,,PROVINCE                    : CEBU,
2220,CITY/MUNICIPALITY  : TOLEDO CITY,,CITY/MUNICIPALITY  : TOLEDO CITY,
2221,ZONE/ BARANGAY     : PUTING BATO,,ZONE/ BARANGAY     : PUTING BATO,
2222,STREET NAME/                   SUBDIVISION/CONDOMINIUM,,STREET NAME/                   SUBDIVISION/CONDOMINIUM,
2223,ALL LOTS,,ALL LOTS,
2224,,,,
2225,,,,
2226,,,,
2227,"Note:  * All low areas would mean Coco land, hence A4",,"Note:  * All low areas would mean Coco land, hence A4",4.0
2228,,,,
2229,,,,
2230,PROVINCE                    : CEBU,,PROVINCE                    : CEBU,
2231,CITY/MUNICIPALITY  : TOLEDO CITY,,CITY/MUNICIPALITY  : TOLEDO CITY,
2232,ZONE/ BARANGAY     : SAGAY,,ZONE/ BARANGAY     : SAGAY,
2233,STREET NAME/                   SUBDIVISION/CONDOMINIUM,,STREET NAME/                   SUBDIVISION/CONDOMINIUM,
2234,ALONG BARANGAY ROAD*,,ALONG BARANGAY ROAD*,
2235,,,,
2236,,,,
2237,,,,
2238,Note:   *  Redefined from Fronting Bato-Bulongan To Barangay Road,,Note:   *  Redefined from Fronting Bato-Bulongan To Barangay Road,
2239,"** Previously"" A"" would mean Other Agricultural Lands, hence A50 and higher value is for Cocoland, hence A4",,"** Previously"" A"" would mean Other Agricultural Lands, hence A50 and higher value is for Cocoland, hence A4",504.0
2240,,,,
2241,,,,
2242,PROVINCE                    : CEBU,,PROVINCE                    : CEBU,
2243,CITY/MUNICIPALITY  : TOLEDO CITY,,CITY/MUNICIPALITY  : TOLEDO CITY,
2244,ZONE/ BARANGAY     : SAM-ANG,,ZONE/ BARANGAY     : SAM-ANG,
2245,STREET NAME/                   SUBDIVISION/CONDOMINIUM,,STREET NAME/                   SUBDIVISION/CONDOMINIUM,
2246,ALL LOTS,,ALL LOTS,
2247,,,,
2248,,,,
2249,,,,
2250,,,,
2251,"Note:   ** Previously"" A"" would mean Coco lands Lands, hence A4  and higher value is for highland, hence A49",,"Note:   ** Previously"" A"" would mean Coco lands Lands, hence A4  and higher value is for highland, hence A49",449.0
2252,*New classification of lot,,*New classification of lot,
2253,,,,
2254,,,,
2255,PROVINCE                    : CEBU,,PROVINCE                    : CEBU,
2256,CITY/MUNICIPALITY  : TOLEDO CITY,,CITY/MUNICIPALITY  : TOLEDO CITY,
2257,ZONE/ BARANGAY     : SANGI*,,ZONE/ BARANGAY     : SANGI*,
2258,STREET NAME/                   SUBDIVISION/CONDOMINIUM,,STREET NAME/                   SUBDIVISION/CONDOMINIUM,
2259,NATIONAL ROAD,,NATIONAL ROAD,
2260,,,,
2261,,,,
2262,,,,
2263,P. LEBUMFACIL ST,,P. LEBUMFACIL ST,
2264,S. OSMENA SR. ST***,,S. OSMENA SR. ST***,
2265,ALL OTHER STREETS,,ALL OTHER STREETS,
2266,,,,
2267,"Note:    *   Sangi and Daan Lungsod are two different barangays, hence separated",,"Note:    *   Sangi and Daan Lungsod are two different barangays, hence separated",
2268,**   Dumlog Bridge renamed,,**   Dumlog Bridge renamed,
2269,***  Poloyapoy Extension renamed,,***  Poloyapoy Extension renamed,
2270,"****  Previously"" A"" would mean Other Agricultural Lands, hence A50",,"****  Previously"" A"" would mean Other Agricultural Lands, hence A50",50.0
2271,,,,
2272,,,,
2273,PROVINCE                    : CEBU,,PROVINCE                    : CEBU,
2274,CITY/MUNICIPALITY  : TOLEDO CITY,,CITY/MUNICIPALITY  : TOLEDO CITY,
2275,ZONE/ BARANGAY     : STO. NINO,,ZONE/ BARANGAY     : STO. NINO,
2276,STREET NAME/                   SUBDIVISION/CONDOMINIUM,,STREET NAME/                   SUBDIVISION/CONDOMINIUM,
2277,NATIONAL ROAD,,NATIONAL ROAD,
2278,,,,
2279,,,,
2280,,,,
2281,FEEDER ROAD,,FEEDER ROAD,
2282,,,,
2283,,,,
2284,,,,
2285,,,,
2286,Note:   *    Low areas would mean coco land,,Note:   *    Low areas would mean coco land,
2287,**    Along Sec. 05 & 05 renamed,,**    Along Sec. 05 & 05 renamed,0.0505
2288,*** New classification of lot (No CR in previous revision),,*** New classification of lot (No CR in previous revision),
2289,,,,
2290,,,,
2291,PROVINCE                    : CEBU,,PROVINCE                    : CEBU,
2292,CITY/MUNICIPALITY  : TOLEDO CITY,,CITY/MUNICIPALITY  : TOLEDO CITY,
2293,ZONE/ BARANGAY     : SUBAYON,,ZONE/ BARANGAY     : SUBAYON,
2294,STREET NAME/                   SUBDIVISION/CONDOMINIUM,,STREET NAME/                   SUBDIVISION/CONDOMINIUM,
2295,FEEDER ROAD*,,FEEDER ROAD*,
2296,,,,
2297,REST OF SUBAYON,,REST OF SUBAYON,
2298,,,,
2299,Note:    *   barangay road,,Note:    *   barangay road,
2300,,,,
2301,,,,
2302,PROVINCE                    : CEBU,,PROVINCE                    : CEBU,
2303,CITY/MUNICIPALITY  : TOLEDO CITY,,CITY/MUNICIPALITY  : TOLEDO CITY,
2304,ZONE/ BARANGAY     : TALAVERA,,ZONE/ BARANGAY     : TALAVERA,
2305,STREET NAME/                   SUBDIVISION/CONDOMINIUM,,STREET NAME/                   SUBDIVISION/CONDOMINIUM,
2306,NATIONAL ROAD,,NATIONAL ROAD,
2307,NATIONAL ROAD,,NATIONAL ROAD,
2308,,,,
2309,,,,
2310,,,,
2311,INTERIOR AREAS,,INTERIOR AREAS,
2312,,,,
2313,,,,
2314,"Note:  *All plain areas would mean Corn Land, hence A16",,"Note:  *All plain areas would mean Corn Land, hence A16",16.0
2315,**New classification of lots (No CR lots in previous revision),,**New classification of lots (No CR lots in previous revision),
2316,,,,
2317,,,,
2318,PROVINCE                    : CEBU,,PROVINCE                    : CEBU,
2319,CITY/MUNICIPALITY  : TOLEDO CITY,,CITY/MUNICIPALITY  : TOLEDO CITY,
2320,ZONE/ BARANGAY     : TUBOD,,ZONE/ BARANGAY     : TUBOD,
2321,STREET NAME/                   SUBDIVISION/CONDOMINIUM,,STREET NAME/                   SUBDIVISION/CONDOMINIUM,
2322,NATIONAL ROAD,,NATIONAL ROAD,
2323,TUBOD-LANDAHAN BDRY,,TUBOD-LANDAHAN BDRY,
2324,,,,
2325,IL GRANDE RESIDENCES SUBD.**,,IL GRANDE RESIDENCES SUBD.**,
2326,UNNAMED SUBD.**,,UNNAMED SUBD.**,
2327,ALL OTHER LOTS,,ALL OTHER LOTS,
2328,,,,
2329,,,,
2330,,,,
2331,"Note: * All plain areas would mean Corn Land, hence A16",,"Note: * All plain areas would mean Corn Land, hence A16",16.0
2332,**New Subdivisions,,**New Subdivisions,
2333,,,,
2334,PROVINCE                    : CEBU,,PROVINCE                    : CEBU,
2335,CITY/MUNICIPALITY  : TOLEDO CITY,,CITY/MUNICIPALITY  : TOLEDO CITY,
2336,ZONE/ BARANGAY     : TUNGKAY,,ZONE/ BARANGAY     : TUNGKAY,
2337,STREET NAME/                   SUBDIVISION/CONDOMINIUM,,STREET NAME/                   SUBDIVISION/CONDOMINIUM,
2338,ALL LOTS,,ALL LOTS,
2339,,,,
2340,,,,
2341,,,,
2342,,,,
2343,"Note:   *    All Plain areas would mean Coco Land , hence A4",,"Note:   *    All Plain areas would mean Coco Land , hence A4",4.0
2344,**  Previously A1 for Hilly lands,,**  Previously A1 for Hilly lands,1.0
2345,,,,
2346,,,,
2347,"REVENUE REGION No. 13, CEBU CITY",,"REVENUE REGION No. 13, CEBU CITY",0.13
2348,"REVENUE DISTRICT OFFICE Office No. 83, TALISAY CITY",,"REVENUE DISTRICT OFFICE Office No. 83, TALISAY CITY",0.83
2349,,,,
2350,PROVINCE                    : CEBU,,PROVINCE                    : CEBU,
2351,CITY/MUNICIPALITY  : MINGLANILLA,,CITY/MUNICIPALITY  : MINGLANILLA,
2352,ZONE/ BARANGAY     : CANDULAWAN,,ZONE/ BARANGAY     : CANDULAWAN,
2353,STREET NAME/                   SUBDIVISION/CONDOMINIUM,,STREET NAME/                   SUBDIVISION/CONDOMINIUM,
2354,BARANGAY/PROV'L RD,,BARANGAY/PROV'L RD,
2355,,,,
2356,INTERIOR AREA,,INTERIOR AREA,
2357,,,,
2358,CRESCENT VILLE SUBD.,,CRESCENT VILLE SUBD.,
2359,FRANCESCA HIGHLANDS,,FRANCESCA HIGHLANDS,
2360,ALL OTHER SUBDIVISIONS***,,ALL OTHER SUBDIVISIONS***,
2361,"*REDEFINED FROM PREVIOUS VICINITY ""AREAS W/IN 100M ALONG AREAS W/IN 100M ALONG AREAS""",,"*REDEFINED FROM PREVIOUS VICINITY ""AREAS W/IN 100M ALONG AREAS W/IN 100M ALONG AREAS""",100100.0
2362,"**REDEFINED FROM PREVIOUS VICINITY ""AREAS W/IN 100M ALONG AREAS W/IN 100M & OVER FR. BRGY/PROV'L ROAD""",,"**REDEFINED FROM PREVIOUS VICINITY ""AREAS W/IN 100M ALONG AREAS W/IN 100M & OVER FR. BRGY/PROV'L ROAD""",100100.0
2363,***Provision for new subdivions and/or unidentified subdivisions,,***Provision for new subdivions and/or unidentified subdivisions,
2364,,,,
2365,,,,
2366,PROVINCE                    : CEBU,,PROVINCE                    : CEBU,
2367,CITY/MUNICIPALITY  : MINGLANILLA,,CITY/MUNICIPALITY  : MINGLANILLA,
2368,ZONE/ BARANGAY     : CALAJO-AN,,ZONE/ BARANGAY     : CALAJO-AN,
2369,STREET NAME/                   SUBDIVISION/CONDOMINIUM,,STREET NAME/                   SUBDIVISION/CONDOMINIUM,
2370,NATIONAL HIGHWAY,,NATIONAL HIGHWAY,
2371,,,,
2372,PROVINCIAL/BRGY RD,,PROVINCIAL/BRGY RD,
2373,,,,
2374,ALL OTHER SUBDIVISIONS,,ALL OTHER SUBDIVISIONS,
2375,INTERIOR AREAS,,INTERIOR AREAS,
2376,,,,
2377,,,,
2378,,,,
2379,COCO GROVE VILL,,COCO GROVE VILL,
2380,HACIENDA SAN AUGUSTIN,,HACIENDA SAN AUGUSTIN,
2381,IDA VILLE,,IDA VILLE,
2382,LUANA HOMES,,LUANA HOMES,
2383,MIMOSA SUBDIVISION *,,MIMOSA SUBDIVISION *,
2384,RIVERGATE,,RIVERGATE,
2385,SOFTOUCH SUBD,,SOFTOUCH SUBD,
2386,ZEN RESIDENCES,,ZEN RESIDENCES,
2387,*New subdivision,,*New subdivision,
2388,,,,
2389,PROVINCE                    : CEBU,,PROVINCE                    : CEBU,
2390,CITY/MUNICIPALITY  : MINGLANILLA,,CITY/MUNICIPALITY  : MINGLANILLA,
2391,ZONE/ BARANGAY     : CAMP 7,,ZONE/ BARANGAY     : CAMP 7,7.0
2392,STREET NAME/                   SUBDIVISION/CONDOMINIUM,,STREET NAME/                   SUBDIVISION/CONDOMINIUM,
2393,BARANGAY ROAD,,BARANGAY ROAD,
2394,,,,
2395,INTERIOR AREA,,INTERIOR AREA,
2396,,,,
2397,,,,
2398,"*REDEFINED FROM PREVIOUS VICINITY ""ALONG & W/IN 100M""",,"*REDEFINED FROM PREVIOUS VICINITY ""ALONG & W/IN 100M""",100.0
2399,"*REDEFINED FROM PREVIOUS VICINITY CLASSIFICATION ""100 & OVER FR. BRGY. ROAD""",,"*REDEFINED FROM PREVIOUS VICINITY CLASSIFICATION ""100 & OVER FR. BRGY. ROAD""",
2400,,,,
2401,,,,
2402,PROVINCE                    : CEBU,,PROVINCE                    : CEBU,
2403,CITY/MUNICIPALITY  : MINGLANILLA,,CITY/MUNICIPALITY  : MINGLANILLA,
2404,ZONE/ BARANGAY     : CAMP 8,,ZONE/ BARANGAY     : CAMP 8,8.0
2405,STREET NAME/                   SUBDIVISION/CONDOMINIUM,,STREET NAME/                   SUBDIVISION/CONDOMINIUM,
2406,BARANGAY ROAD,,BARANGAY ROAD,
2407,,,,
2408,INTERIOR AREA,,INTERIOR AREA,
2409,,,,
2410,,,,
2411,"*REDEFINED FROM PREVIOUS VICINITY ""ALONG & W/IN 100M""",,"*REDEFINED FROM PREVIOUS VICINITY ""ALONG & W/IN 100M""",100.0
2412,"**REDEFINED FROM PREVIOUS VICINITY ""100M & OVER FR. BRGY. ROAD""",,"**REDEFINED FROM PREVIOUS VICINITY ""100M & OVER FR. BRGY. ROAD""",
2413,,,,
2414,,,,
2415,PROVINCE                    : CEBU,,PROVINCE                    : CEBU,
2416,CITY/MUNICIPALITY  : MINGLANILLA,,CITY/MUNICIPALITY  : MINGLANILLA,
2417,ZONE/ BARANGAY     : CUANOS,,ZONE/ BARANGAY     : CUANOS,
2418,STREET NAME/                   SUBDIVISION/CONDOMINIUM,,STREET NAME/                   SUBDIVISION/CONDOMINIUM,
2419,BARANGAY ROAD,,BARANGAY ROAD,
2420,,,,
2421,,,,
2422,,,,
2423,,,,
2424,AZIENDA AZALIYAH SUBDIVISION ***,,AZIENDA AZALIYAH SUBDIVISION ***,
2425,ALL OTHER SUBDIVISIONS****,,ALL OTHER SUBDIVISIONS****,
2426,"*REDEFINED FROM PREVIOUS VICINITY ""ALONG & W/IN 100M""",,"*REDEFINED FROM PREVIOUS VICINITY ""ALONG & W/IN 100M""",100.0
2427,"**REDEFINED FROM PREVIOUS VICINITY ""100M & OVER FR. BRGY. ROAD""",,"**REDEFINED FROM PREVIOUS VICINITY ""100M & OVER FR. BRGY. ROAD""",
2428,***New subdivision,,***New subdivision,
2429,****Provision fer new subdivisions and/or unidentified subduvisions,,****Provision fer new subdivisions and/or unidentified subduvisions,
2430,,,,
2431,,,,
2432,PROVINCE                    : CEBU,,PROVINCE                    : CEBU,
2433,CITY/MUNICIPALITY  : MINGLANILLA,,CITY/MUNICIPALITY  : MINGLANILLA,
2434,ZONE/ BARANGAY     : GUINDARUHAN,,ZONE/ BARANGAY     : GUINDARUHAN,
2435,STREET NAME/                   SUBDIVISION/CONDOMINIUM,,STREET NAME/                   SUBDIVISION/CONDOMINIUM,
2436,BARANGAY ROAD,,BARANGAY ROAD,
2437,,,,
2438,INTERIOR AREA,,INTERIOR AREA,
2439,,,,
2440,,,,
2441,"*REDEFINED FROM PREVIOUS VICINITY ""ALONG & W/IN 100M""",,"*REDEFINED FROM PREVIOUS VICINITY ""ALONG & W/IN 100M""",100.0
2442,"**REDEFINED FROM PREVIOUS VICINITY ""100M & OVER FR. BRGY. ROAD""",,"**REDEFINED FROM PREVIOUS VICINITY ""100M & OVER FR. BRGY. ROAD""",
2443,,,,
2444,,,,
2445,PROVINCE                    : CEBU,,PROVINCE                    : CEBU,
2446,CITY/MUNICIPALITY  : MINGLANILLA,,CITY/MUNICIPALITY  : MINGLANILLA,
2447,ZONE/ BARANGAY     : LINAO,,ZONE/ BARANGAY     : LINAO,
2448,STREET NAME/                   SUBDIVISION/CONDOMINIUM,,STREET NAME/                   SUBDIVISION/CONDOMINIUM,
2449,NATIONAL HI-WAY,,NATIONAL HI-WAY,
2450,,,,
2451,PROV'L/ BRGY ROAD,,PROV'L/ BRGY ROAD,
2452,ALL OTHER SUBDIVISIONS,,ALL OTHER SUBDIVISIONS,
2453,,,,
2454,,,,
2455,ALMAVILLE SUBD,,ALMAVILLE SUBD,
2456,AMOR VILLE (NEW),,AMOR VILLE (NEW),
2457,BORROMEO ESTATE,,BORROMEO ESTATE,
2458,CASA MIRA SUBD,,CASA MIRA SUBD,
2459,COUNTRYSIDE VILLAGE,,COUNTRYSIDE VILLAGE,
2460,KINGSWOOD VILLAGE,,KINGSWOOD VILLAGE,
2461,LA ASHIRA SUBDIVISION **,,LA ASHIRA SUBDIVISION **,
2462,PACIFIC VILLAGE,,PACIFIC VILLAGE,
2463,VILLA ESTRELITA,,VILLA ESTRELITA,
2464,VILLA EVITA SUBD,,VILLA EVITA SUBD,
2465,"*REDEFINED FROM PREVIOUS VICINITY "" 100M  & OVER FR. NAT'L HI-WAY & BRGY. ROAD""",,"*REDEFINED FROM PREVIOUS VICINITY "" 100M  & OVER FR. NAT'L HI-WAY & BRGY. ROAD""",
2466,**New subdivision,,**New subdivision,
2467,,,,
2468,PROVINCE                    : CEBU,,PROVINCE                    : CEBU,
2469,CITY/MUNICIPALITY  : MINGLANILLA,,CITY/MUNICIPALITY  : MINGLANILLA,
2470,ZONE/ BARANGAY     : MANDU-ANG,,ZONE/ BARANGAY     : MANDU-ANG,
2471,STREET NAME/                   SUBDIVISION/CONDOMINIUM,,STREET NAME/                   SUBDIVISION/CONDOMINIUM,
2472,BARANGAY ROAD,,BARANGAY ROAD,
2473,,,,
2474,,,,
2475,,,,
2476,,,,
2477,"*REDEFINED FROM PREVIOUS VICINITY ""ALONG & W/IN 100M""",,"*REDEFINED FROM PREVIOUS VICINITY ""ALONG & W/IN 100M""",100.0
2478,"**REDEFINED FROM PREVIOUS VICINITY ""100M & OVER FR. BRGY. ROAD""",,"**REDEFINED FROM PREVIOUS VICINITY ""100M & OVER FR. BRGY. ROAD""",
2479,,,,
2480,PROVINCE                    : CEBU,,PROVINCE                    : CEBU,
2481,CITY/MUNICIPALITY  : MINGLANILLA,,CITY/MUNICIPALITY  : MINGLANILLA,
2482,ZONE/ BARANGAY     : PAKIGNE,,ZONE/ BARANGAY     : PAKIGNE,
2483,STREET NAME/                   SUBDIVISION/CONDOMINIUM,,STREET NAME/                   SUBDIVISION/CONDOMINIUM,
2484,NATIONAL HI-WAY,,NATIONAL HI-WAY,
2485,,,,
2486,PROV'L/ BRGY ROAD,,PROV'L/ BRGY ROAD,
2487,ALL OTHER  SUBDIVISIONS,,ALL OTHER  SUBDIVISIONS,
2488,INTERIOR AREA,,INTERIOR AREA,
2489,,,,
2490,ANITAS SUBD**,,ANITAS SUBD**,
2491,BELMONT VILLAGE,,BELMONT VILLAGE,
2492,VILLA PURITA HILLS SUBD. PHASE 2,,VILLA PURITA HILLS SUBD. PHASE 2,0.2
2493,EASY ACCESS SUBD. PHASE 2,,EASY ACCESS SUBD. PHASE 2,0.2
2494,SPRING VILLAGE,,SPRING VILLAGE,
2495,GARDEN BLOOM VILLA**,,GARDEN BLOOM VILLA**,
2496,LUCENA HOMES ***,,LUCENA HOMES ***,
2497,MEADOW LAND,,MEADOW LAND,
2498,STO. NIÑO RIVERVIEW,,STO. NIÑO RIVERVIEW,
2499,VEL-PAL ESTATE,,VEL-PAL ESTATE,
2500,VILLA PURITA HILLS REISIDENCES,,VILLA PURITA HILLS REISIDENCES,
2501,"*REDEFINED FROM PREVIOUS VICINITY "" WITHIN 100M FROM RD""",,"*REDEFINED FROM PREVIOUS VICINITY "" WITHIN 100M FROM RD""",100.0
2502,** PREVIOUS NAME - ANITAS SUBD,,** PREVIOUS NAME - ANITAS SUBD,
2503,***New subdivision,,***New subdivision,
2504,PROVINCE                    : CEBU,,PROVINCE                    : CEBU,
2505,CITY/MUNICIPALITY  : MINGLANILLA,,CITY/MUNICIPALITY  : MINGLANILLA,
2506,"ZONE/ BARANGAY     : POBLACION (WARD I,II,III & IV)",,"ZONE/ BARANGAY     : POBLACION (WARD I,II,III & IV)",
2507,STREET NAME/                   SUBDIVISION/CONDOMINIUM,,STREET NAME/                   SUBDIVISION/CONDOMINIUM,
2508,NATIONAL HIGHWAY,,NATIONAL HIGHWAY,
2509,,,,
2510,,,,
2511,C. CABALLERO ST,,C. CABALLERO ST,
2512,*GIMINEZ ST,,*GIMINEZ ST,
2513,L. CANA ST & EXT,,L. CANA ST & EXT,
2514,P CANONEO ST,,P CANONEO ST,
2515,P DIAZ ST,,P DIAZ ST,
2516,P VILLORDON,,P VILLORDON,
2517,RM VILLORDON,,RM VILLORDON,
2518,"R OSMENA, SR. ST",,"R OSMENA, SR. ST",
2519,TELO COMMERCIAL & RESIDENTIAL COMMUNITIES **,,TELO COMMERCIAL & RESIDENTIAL COMMUNITIES **,
2520,,,,
2521,TRES DE MAYO ST,,TRES DE MAYO ST,
2522,18 DE JUNIO ST.,,18 DE JUNIO ST.,18.0
2523,SIERRA POINT SUBD ***,,SIERRA POINT SUBD ***,
2524,ST. LEADING TO CEMETERY,,ST. LEADING TO CEMETERY,
2525,TRES DE MAYO,,TRES DE MAYO,
2526,GRACELAND IV,,GRACELAND IV,
2527,ALL OTHER SUBDIVISIONS****,,ALL OTHER SUBDIVISIONS****,
2528,*FORMERLY REFERRED TO E. RODRIGUEZ ST.,,*FORMERLY REFERRED TO E. RODRIGUEZ ST.,
2529,**New commercial and residential subdivisions,,**New commercial and residential subdivisions,
2530,***New subdivision,,***New subdivision,
2531,****Provision for new subdivisions and/or unidentified subdivisions,,****Provision for new subdivisions and/or unidentified subdivisions,
2532,,,,
2533,,,,
2534,PROVINCE                    : CEBU,,PROVINCE                    : CEBU,
2535,CITY/MUNICIPALITY  : MINGLANILLA,,CITY/MUNICIPALITY  : MINGLANILLA,
2536,ZONE/ BARANGAY     : TUBOD,,ZONE/ BARANGAY     : TUBOD,
2537,STREET NAME/                   SUBDIVISION/CONDOMINIUM,,STREET NAME/                   SUBDIVISION/CONDOMINIUM,
2538,PROV'L ROAD,,PROV'L ROAD,
2539,,,,
2540,BRGY RD,,BRGY RD,
2541,INTERIOR AREA,,INTERIOR AREA,
2542,,,,
2543,,,,
2544,CEBU SOUTH PLAINS SUBDIVISION *,,CEBU SOUTH PLAINS SUBDIVISION *,
2545,CLUB 30 HEIGHTS SUBD.,,CLUB 30 HEIGHTS SUBD.,30.0
2546,MINGLANILLA HIGHLAND PHASE 2 *,,MINGLANILLA HIGHLAND PHASE 2 *,2.0
2547,PENN DAVE MANOR SUBDIVISION*,,PENN DAVE MANOR SUBDIVISION*,
2548,SOUTHERN HILLS,,SOUTHERN HILLS,
2549,ALL OTHER SUBDIVISIONS**,,ALL OTHER SUBDIVISIONS**,
2550,*New subdivision,,*New subdivision,
2551,**Provision for new subdivisions and/or unidentified subdivisions,,**Provision for new subdivisions and/or unidentified subdivisions,
2552,,,,
2553,,,,
2554,PROVINCE                    : CEBU,,PROVINCE                    : CEBU,
2555,CITY/MUNICIPALITY  : MINGLANILLA,,CITY/MUNICIPALITY  : MINGLANILLA,
2556,ZONE/ BARANGAY     : TULAY,,ZONE/ BARANGAY     : TULAY,
2557,STREET NAME/                   SUBDIVISION/CONDOMINIUM,,STREET NAME/                   SUBDIVISION/CONDOMINIUM,
2558,NATIONAL HIGHWAY,,NATIONAL HIGHWAY,
2559,,,,
2560,PROVINCIAL. BARANGAY ROAD,,PROVINCIAL. BARANGAY ROAD,
2561,,,,
2562,ALL OTHER SUBDIVISIONS,,ALL OTHER SUBDIVISIONS,
2563,INTERIOR AREAS,,INTERIOR AREAS,
2564,,,,
2565,,,,
2566,INDUSTRIAL,,INDUSTRIAL,
2567,CLS PROPERTIES INC,,CLS PROPERTIES INC,
2568,FORTE D VERSAILES PHASE III,,FORTE D VERSAILES PHASE III,
2569,SPRINGWOOD COUNTRY,,SPRINGWOOD COUNTRY,
2570,SOUTH RIDGE RESIDENCES,,SOUTH RIDGE RESIDENCES,
2571,,,,
2572,,,,
2573,PROVINCE                    : CEBU,,PROVINCE                    : CEBU,
2574,CITY/MUNICIPALITY  : MINGLANILLA,,CITY/MUNICIPALITY  : MINGLANILLA,
2575,ZONE/ BARANGAY     : TUNGHA-AN,,ZONE/ BARANGAY     : TUNGHA-AN,
2576,STREET NAME/                   SUBDIVISION/CONDOMINIUM,,STREET NAME/                   SUBDIVISION/CONDOMINIUM,
2577,NATIONAL HIGHWAY,,NATIONAL HIGHWAY,
2578,,,,
2579,PROVINCIAL/ BARANGAY ROAD,,PROVINCIAL/ BARANGAY ROAD,
2580,,,,
2581,ALL OTHER SUBDIVISIONS,,ALL OTHER SUBDIVISIONS,
2582,INTERIOR AREAS,,INTERIOR AREAS,
2583,,,,
2584,6K SUGBO VILL,,6K SUGBO VILL,6.0
2585,AMALAYAN DOS RESIDENCES *,,AMALAYAN DOS RESIDENCES *,
2586,"BELAGIO 1, 2",,"BELAGIO 1, 2",12.0
2587,CARMENVILLE SUBD,,CARMENVILLE SUBD,
2588,CFI SUBD,,CFI SUBD,
2589,CITY HOMES SUBD *,,CITY HOMES SUBD *,
2590,DECA HOMES,,DECA HOMES,
2591,EAGLES PEAK SUBD,,EAGLES PEAK SUBD,
2592,KAMALAYA DOS RESIDENCES *,,KAMALAYA DOS RESIDENCES *,
2593,KAMALAYA TERRACES,,KAMALAYA TERRACES,
2594,KASCIA HOMES,,KASCIA HOMES,
2595,MODENA SUBD,,MODENA SUBD,
2596,MODENA TOWN SQUARE CONDOMINIUM**,,MODENA TOWN SQUARE CONDOMINIUM**,
2597,,,,
2598,SAN JOSE MARIA VILL,,SAN JOSE MARIA VILL,
2599,ST. JOSEPH VILL,,ST. JOSEPH VILL,
2600,ST. PETER VILL,,ST. PETER VILL,
2601,RICKSVILLE HEIGHT,,RICKSVILLE HEIGHT,
2602,VELMIRO HEIGHTS,,VELMIRO HEIGHTS,
2603,*New subdivisions,,*New subdivisions,
2604,**New condominium,,**New condominium,
2605,,,,
2606,,,,
2607,PROVINCE                    : CEBU,,PROVINCE                    : CEBU,
2608,CITY/MUNICIPALITY  : MINGLANILLA,,CITY/MUNICIPALITY  : MINGLANILLA,
2609,ZONE/ BARANGAY     : TUNGKIL,,ZONE/ BARANGAY     : TUNGKIL,
2610,STREET NAME/                   SUBDIVISION/CONDOMINIUM,,STREET NAME/                   SUBDIVISION/CONDOMINIUM,
2611,BARANGAY ROAD,,BARANGAY ROAD,
2612,,,,
2613,ALL OTHER SUBDIVISIONS,,ALL OTHER SUBDIVISIONS,
2614,INTERIOR AREA,,INTERIOR AREA,
2615,,,,
2616,,,,
2617,,,,
2618,INDUSTRIAL,,INDUSTRIAL,
2619,AGUSTINA VILLAGE,,AGUSTINA VILLAGE,
2620,ANAMI HOMES SOUTHWINDS,,ANAMI HOMES SOUTHWINDS,
2621,DECA HOMES,,DECA HOMES,
2622,HABITAT FOR HUMANITY,,HABITAT FOR HUMANITY,
2623,MINGLANILLA HOMES,,MINGLANILLA HOMES,
2624,RIVER BREEZE BUDGET HOMES,,RIVER BREEZE BUDGET HOMES,
2625,"VILLA CELINA I, II, III",,"VILLA CELINA I, II, III",
2626,VILLA FELIZA,,VILLA FELIZA,
2627,,,,
2628,,,,
2629,PROVINCE                    : CEBU,,PROVINCE                    : CEBU,
2630,CITY/MUNICIPALITY  : MINGLANILLA,,CITY/MUNICIPALITY  : MINGLANILLA,
2631,ZONE/ BARANGAY     : TUNGKOP,,ZONE/ BARANGAY     : TUNGKOP,
2632,STREET NAME/                   SUBDIVISION/CONDOMINIUM,,STREET NAME/                   SUBDIVISION/CONDOMINIUM,
2633,NATIONAL HI-WAY,,NATIONAL HI-WAY,
2634,,,,
2635,PROV'L/ BRGY ROAD,,PROV'L/ BRGY ROAD,
2636,,,,
2637,,,,
2638,ALL OTHER SUBDIVISIONS,,ALL OTHER SUBDIVISIONS,
2639,INTERIOR AREAS,,INTERIOR AREAS,
2640,,,,
2641,,,,
2642,,,,
2643,CASCIA HOMES PROJ,,CASCIA HOMES PROJ,
2644,CORAL BAY SUBD,,CORAL BAY SUBD,
2645,LA BIENVENIDA EXT.,,LA BIENVENIDA EXT.,
2646,MAZARI COVE,,MAZARI COVE,
2647,MIDORI PLAINS,,MIDORI PLAINS,
2648,PRIMITIVA CMPD,,PRIMITIVA CMPD,
2649,SOUTH CITY HOMES,,SOUTH CITY HOMES,
2650,,,,
2651,PROVINCE                    : CEBU,,PROVINCE                    : CEBU,
2652,CITY/MUNICIPALITY  : MINGLANILLA,,CITY/MUNICIPALITY  : MINGLANILLA,
2653,ZONE/ BARANGAY     : VITO,,ZONE/ BARANGAY     : VITO,
2654,STREET NAME/                   SUBDIVISION/CONDOMINIUM,,STREET NAME/                   SUBDIVISION/CONDOMINIUM,
2655,BARANGAY ROAD/ PROV'L RD,,BARANGAY ROAD/ PROV'L RD,
2656,ALL OTHER SUBDIVISION,,ALL OTHER SUBDIVISION,
2657,INTERIOR AREA,,INTERIOR AREA,
2658,,,,
2659,EL MONTE CARLO SUBD,,EL MONTE CARLO SUBD,
2660,VALLE DE VITO SUBD,,VALLE DE VITO SUBD,
2661,VICTORIA HEIGHTS SUBD,,VICTORIA HEIGHTS SUBD,
2662,,,,
2663,,,,
2664,"REVENUE REGION No. 13, CEBU CITY",,"REVENUE REGION No. 13, CEBU CITY",0.13
2665,"REVENUE DISTRICT OFFICE Office No. 83, TALISAY CITY",,"REVENUE DISTRICT OFFICE Office No. 83, TALISAY CITY",0.83
2666,,,,
2667,PROVINCE                    : CEBU,,PROVINCE                    : CEBU,
2668,CITY/MUNICIPALITY  : SAN FERNANDO,,CITY/MUNICIPALITY  : SAN FERNANDO,
2669,ZONE/ BARANGAY     : NORTH POBLACION,,ZONE/ BARANGAY     : NORTH POBLACION,
2670,STREET NAME/                   SUBDIVISION/CONDOMINIUM,,STREET NAME/                   SUBDIVISION/CONDOMINIUM,
2671,NAT'L ROAD/ PROVINCIAL RD,,NAT'L ROAD/ PROVINCIAL RD,
2672,,,,
2673,,,,
2674,,,,
2675,,,,
2676,MUNICIPAL ARC ROAD,,MUNICIPAL ARC ROAD,
2677,,,,
2678,,,,
2679,2ND STREET,,2ND STREET,2.0
2680,3RD STREET,,3RD STREET,3.0
2681,,,,
2682,,,,
2683,BARANGAY ROAD,,BARANGAY ROAD,
2684,4TH STREET & 6TH STREET,,4TH STREET & 6TH STREET,46.0
2685,,,,
2686,PROVINCIAL ROAD,,PROVINCIAL ROAD,
2687,,,,
2688,SITIO CAPANGIAN,,SITIO CAPANGIAN,
2689,,,,
2690,,,,
2691,INTERIOR AREAS,,INTERIOR AREAS,
2692,,,,
2693,,,,
2694,ALL  SUBDS.,,ALL  SUBDS.,
2695,* not among the standard classification code,,* not among the standard classification code,
2696,**inexistent/removed/redefined,,**inexistent/removed/redefined,
2697,,,,
2698,,,,
2699,PROVINCE                    : CEBU,,PROVINCE                    : CEBU,
2700,CITY/MUNICIPALITY  : SAN FERNANDO,,CITY/MUNICIPALITY  : SAN FERNANDO,
2701,ZONE/ BARANGAY     : SOUTH POBLACION,,ZONE/ BARANGAY     : SOUTH POBLACION,
2702,STREET NAME/                   SUBDIVISION/CONDOMINIUM,,STREET NAME/                   SUBDIVISION/CONDOMINIUM,
2703,NATIONAL RD/ PROV'L RD,,NATIONAL RD/ PROV'L RD,
2704,,,,
2705,,,,
2706,,,,
2707,MUNICIPAL ROAD,,MUNICIPAL ROAD,
2708,,,,
2709,13TH STREET**,,13TH STREET**,13.0
2710,,,,
2711,,,,
2712,,,,
2713,SANGI PROV'L RD,,SANGI PROV'L RD,
2714,1ST STREET,,1ST STREET,1.0
2715,BRGY RD,,BRGY RD,
2716,,,,
2717,,,,
2718,,,,
2719,VILLAGIO DE DULCE VISTA SUBD.,,VILLAGIO DE DULCE VISTA SUBD.,
2720,ALL OTHER SUBD.,,ALL OTHER SUBD.,
2721,,,,
2722,,,,
2723,PROVINCE                    : CEBU,,PROVINCE                    : CEBU,
2724,CITY/MUNICIPALITY  : SAN FERNANDO,,CITY/MUNICIPALITY  : SAN FERNANDO,
2725,ZONE/ BARANGAY     : BALUD,,ZONE/ BARANGAY     : BALUD,
2726,STREET NAME/                   SUBDIVISION/CONDOMINIUM,,STREET NAME/                   SUBDIVISION/CONDOMINIUM,
2727,BARANGAY BALUD**,,BARANGAY BALUD**,
2728,ALONG NAT'L RD,,ALONG NAT'L RD,
2729,,,,
2730,,,,
2731,,,,
2732,,,,
2733,,,,
2734,,,,
2735,,,,
2736,,,,
2737,,,,
2738,BRGY ROAD,,BRGY ROAD,
2739,,,,
2740,,,,
2741,INTERIOR AREAS,,INTERIOR AREAS,
2742,,,,
2743,,,,
2744,,,,
2745,,,,
2746,,,,
2747,* not among the standard classification code,,* not among the standard classification code,
2748,**inexistent/removed/redefined,,**inexistent/removed/redefined,
2749,,,,
2750,,,,
2751,PROVINCE                    : CEBU,,PROVINCE                    : CEBU,
2752,CITY/MUNICIPALITY  : SAN FERNANDO,,CITY/MUNICIPALITY  : SAN FERNANDO,
2753,ZONE/ BARANGAY     : BALUNGAG,,ZONE/ BARANGAY     : BALUNGAG,
2754,STREET NAME/                   SUBDIVISION/CONDOMINIUM,,STREET NAME/                   SUBDIVISION/CONDOMINIUM,
2755,ALL LOTS,,ALL LOTS,
2756,,,,
2757,,,,
2758,,,,
2759,,,,
2760,,,,
2761,ALL AREAS,,ALL AREAS,
2762,,,,
2763,,,,
2764,,,,
2765,,,,
2766,,,,
2767,,,,
2768,,,,
2769,,,,
2770,* not among the standard classification code,,* not among the standard classification code,
2771,**redefined,,**redefined,
2772,,,,
2773,,,,
2774,PROVINCE                    : CEBU,,PROVINCE                    : CEBU,
2775,CITY/MUNICIPALITY  : SAN FERNANDO,,CITY/MUNICIPALITY  : SAN FERNANDO,
2776,ZONE/ BARANGAY     : BASAK,,ZONE/ BARANGAY     : BASAK,
2777,STREET NAME/                   SUBDIVISION/CONDOMINIUM,,STREET NAME/                   SUBDIVISION/CONDOMINIUM,
2778,ALL LOTS,,ALL LOTS,
2779,,,,
2780,,,,
2781,,,,
2782,,,,
2783,LOWLANDS BASAK CENTER*,,LOWLANDS BASAK CENTER*,
2784,,,,
2785,,,,
2786,,,,
2787,,,,
2788,,,,
2789,,,,
2790,,,,
2791,* not among the standard classification code,,* not among the standard classification code,
2792,,,,
2793,,,,
2794,PROVINCE                    : CEBU,,PROVINCE                    : CEBU,
2795,CITY/MUNICIPALITY  : SAN FERNANDO,,CITY/MUNICIPALITY  : SAN FERNANDO,
2796,ZONE/ BARANGAY     : BUGHO,,ZONE/ BARANGAY     : BUGHO,
2797,STREET NAME/                   SUBDIVISION/CONDOMINIUM,,STREET NAME/                   SUBDIVISION/CONDOMINIUM,
2798,ALL LOTS,,ALL LOTS,
2799,,,,
2800,,,,
2801,,,,
2802,,,,
2803,,,,
2804,,,,
2805,BUGHO PROPER**,,BUGHO PROPER**,
2806,,,,
2807,,,,
2808,,,,
2809,,,,
2810,,,,
2811,,,,
2812,* not among the standard classification code,,* not among the standard classification code,
2813,**inexistent/removed/redefined,,**inexistent/removed/redefined,
2814,,,,
2815,,,,
2816,PROVINCE                    : CEBU,,PROVINCE                    : CEBU,
2817,CITY/MUNICIPALITY  : SAN FERNANDO,,CITY/MUNICIPALITY  : SAN FERNANDO,
2818,ZONE/ BARANGAY     : CABATBATAN,,ZONE/ BARANGAY     : CABATBATAN,
2819,STREET NAME/                   SUBDIVISION/CONDOMINIUM,,STREET NAME/                   SUBDIVISION/CONDOMINIUM,
2820,ALL LOTS,,ALL LOTS,
2821,,,,
2822,,,,
2823,,,,
2824,,,,
2825,,,,
2826,,,,
2827,,,,
2828,PROPER,,PROPER,
2829,UPPER PORTION,,UPPER PORTION,
2830,LOWER PORTION,,LOWER PORTION,
2831,INTERIOR AREA,,INTERIOR AREA,
2832,,,,
2833,,,,
2834,,,,
2835,,,,
2836,*AGRO-INDUSTRIAL(PIGGERY),,*AGRO-INDUSTRIAL(PIGGERY),
2837,** not among the standard classification code,,** not among the standard classification code,
2838,***inexistent/removed/redefined,,***inexistent/removed/redefined,
2839,,,,
2840,,,,
2841,PROVINCE                    : CEBU,,PROVINCE                    : CEBU,
2842,CITY/MUNICIPALITY  : SAN FERNANDO,,CITY/MUNICIPALITY  : SAN FERNANDO,
2843,ZONE/ BARANGAY     : GREENHILLS,,ZONE/ BARANGAY     : GREENHILLS,
2844,STREET NAME/                   SUBDIVISION/CONDOMINIUM,,STREET NAME/                   SUBDIVISION/CONDOMINIUM,
2845,NATIONAL ROAD,,NATIONAL ROAD,
2846,,,,
2847,,,,
2848,,,,
2849,,,,
2850,,,,
2851,,,,
2852,,,,
2853,,,,
2854,,,,
2855,,,,
2856,,,,
2857,,,,
2858,,,,
2859,,,,
2860,,,,
2861,,,,
2862,,,,
2863,,,,
2864,,,,
2865,,,,
2866,*not among the standard classification code,,*not among the standard classification code,
2867,**redefined,,**redefined,
2868,***inexistent/removed,,***inexistent/removed,
2869,,,,
2870,,,,
2871,PROVINCE                    : CEBU,,PROVINCE                    : CEBU,
2872,CITY/MUNICIPALITY  : SAN FERNANDO,,CITY/MUNICIPALITY  : SAN FERNANDO,
2873,ZONE/ BARANGAY     : ILAYA,,ZONE/ BARANGAY     : ILAYA,
2874,STREET NAME/                   SUBDIVISION/CONDOMINIUM,,STREET NAME/                   SUBDIVISION/CONDOMINIUM,
2875,BRGY ROAD,,BRGY ROAD,
2876,,,,
2877,,,,
2878,,,,
2879,,,,
2880,,,,
2881,,,,
2882,,,,
2883,,,,
2884,,,,
2885,,,,
2886,INTERIOR AREAS**,,INTERIOR AREAS**,
2887,,,,
2888,,,,
2889,,,,
2890,,,,
2891,,,,
2892,,,,
2893,,,,
2894,,,,
2895,*MOUNTAIN RESORT,,*MOUNTAIN RESORT,
2896,**inexistent/removed/redefined,,**inexistent/removed/redefined,
2897,***not among the standard classification code,,***not among the standard classification code,
2898,,,,
2899,,,,
2900,PROVINCE                    : CEBU,,PROVINCE                    : CEBU,
2901,CITY/MUNICIPALITY  : SAN FERNANDO,,CITY/MUNICIPALITY  : SAN FERNANDO,
2902,ZONE/ BARANGAY     : LANTAWAN,,ZONE/ BARANGAY     : LANTAWAN,
2903,STREET NAME/                   SUBDIVISION/CONDOMINIUM,,STREET NAME/                   SUBDIVISION/CONDOMINIUM,
2904,ALL LOTS*,,ALL LOTS*,
2905,ALL LOTS,,ALL LOTS,
2906,,,,
2907,,,,
2908,,,,
2909,,,,
2910,,,,
2911,,,,
2912,,,,
2913,,,,
2914,,,,
2915,,,,
2916,,,,
2917,,,,
2918,,,,
2919,,,,
2920,,,,
2921,,,,
2922,*inexistent/removed/redefined,,*inexistent/removed/redefined,
2923,,,,
2924,,,,
2925,PROVINCE                    : CEBU,,PROVINCE                    : CEBU,
2926,CITY/MUNICIPALITY  : SAN FERNANDO,,CITY/MUNICIPALITY  : SAN FERNANDO,
2927,ZONE/ BARANGAY     : LIBURON,,ZONE/ BARANGAY     : LIBURON,
2928,STREET NAME/                   SUBDIVISION/CONDOMINIUM,,STREET NAME/                   SUBDIVISION/CONDOMINIUM,
2929,ALL LOTS,,ALL LOTS,
2930,PROPER,,PROPER,
2931,,,,
2932,,,,
2933,,,,
2934,,,,
2935,,,,
2936,,,,
2937,,,,
2938,,,,
2939,,,,
2940,,,,
2941,,,,
2942,,,,
2943,,,,
2944,,,,
2945,,,,
2946,,,,
2947,,,,
2948,,,,
2949,*inexistent/removed/redefined,,*inexistent/removed/redefined,
2950,**not among the standard classification code,,**not among the standard classification code,
2951,,,,
2952,,,,
2953,PROVINCE                    : CEBU,,PROVINCE                    : CEBU,
2954,CITY/MUNICIPALITY  : SAN FERNANDO,,CITY/MUNICIPALITY  : SAN FERNANDO,
2955,ZONE/ BARANGAY     : MAGSICO,,ZONE/ BARANGAY     : MAGSICO,
2956,STREET NAME/                   SUBDIVISION/CONDOMINIUM,,STREET NAME/                   SUBDIVISION/CONDOMINIUM,
2957,ALL LOTS**,,ALL LOTS**,
2958,ALL LOTS,,ALL LOTS,
2959,,,,
2960,,,,
2961,,,,
2962,,,,
2963,,,,
2964,,,,
2965,,,,
2966,,,,
2967,,,,
2968,,,,
2969,,,,
2970,,,,
2971,,,,
2972,,,,
2973,,,,
2974,,,,
2975,,,,
2976,,,,
2977,,,,
2978,*AGRO-INDUSTRIAL (POULTRY),,*AGRO-INDUSTRIAL (POULTRY),
2979,**inexistent/removed/redefined,,**inexistent/removed/redefined,
2980,***not among the standard classification code,,***not among the standard classification code,
2981,,,,
2982,,,,
2983,PROVINCE                    : CEBU,,PROVINCE                    : CEBU,
2984,CITY/MUNICIPALITY  : SAN FERNANDO,,CITY/MUNICIPALITY  : SAN FERNANDO,
2985,ZONE/ BARANGAY     : PANADTARAN,,ZONE/ BARANGAY     : PANADTARAN,
2986,STREET NAME/                   SUBDIVISION/CONDOMINIUM,,STREET NAME/                   SUBDIVISION/CONDOMINIUM,
2987,NAT'L ROAD,,NAT'L ROAD,
2988,,,,
2989,,,,
2990,,,,
2991,,,,
2992,,,,
2993,,,,
2994,,,,
2995,,,,
2996,BRGY ROAD,,BRGY ROAD,
2997,,,,
2998,,,,
2999,,,,
3000,,,,
3001,,,,
3002,,,,
3003,,,,
3004,,,,
3005,*inexistent/removed/redefined,,*inexistent/removed/redefined,
3006,**not among the standard classification code,,**not among the standard classification code,
3007,,,,
3008,,,,
3009,PROVINCE                    : CEBU,,PROVINCE                    : CEBU,
3010,CITY/MUNICIPALITY  : SAN FERNANDO,,CITY/MUNICIPALITY  : SAN FERNANDO,
3011,ZONE/ BARANGAY     : PITALO,,ZONE/ BARANGAY     : PITALO,
3012,STREET NAME/                   SUBDIVISION/CONDOMINIUM,,STREET NAME/                   SUBDIVISION/CONDOMINIUM,
3013,NAT'L ROAD,,NAT'L ROAD,
3014,,,,
3015,,,,
3016,,,,
3017,,,,
3018,,,,
3019,,,,
3020,,,,
3021,,,,
3022,,,,
3023,,,,
3024,BRGY ROAD,,BRGY ROAD,
3025,,,,
3026,,,,
3027,,,,
3028,CASA MIRA SUBD.,,CASA MIRA SUBD.,
3029,ALBERLYN SUBD.,,ALBERLYN SUBD.,
3030,PRIMA VALUE SUBD.,,PRIMA VALUE SUBD.,
3031,ALL OTHER SUBDS.,,ALL OTHER SUBDS.,
3032,INTERIOR AREAS*,,INTERIOR AREAS*,
3033,,,,
3034,,,,
3035,,,,
3036,,,,
3037,*inexistent/removed/redefined,,*inexistent/removed/redefined,
3038,**not among the standard classification code,,**not among the standard classification code,
3039,,,,
3040,,,,
3041,PROVINCE                    : CEBU,,PROVINCE                    : CEBU,
3042,CITY/MUNICIPALITY  : SAN FERNANDO,,CITY/MUNICIPALITY  : SAN FERNANDO,
3043,ZONE/ BARANGAY     : SANGAT,,ZONE/ BARANGAY     : SANGAT,
3044,STREET NAME/                   SUBDIVISION/CONDOMINIUM,,STREET NAME/                   SUBDIVISION/CONDOMINIUM,
3045,NAT'L ROAD*,,NAT'L ROAD*,
3046,NAT'L ROAD,,NAT'L ROAD,
3047,,,,
3048,,,,
3049,,,,
3050,,,,
3051,,,,
3052,,,,
3053,,,,
3054,,,,
3055,,,,
3056,,,,
3057,,,,
3058,BRGY ROAD,,BRGY ROAD,
3059,,,,
3060,,,,
3061,INTERIOR ROAD,,INTERIOR ROAD,
3062,,,,
3063,,,,
3064,,,,
3065,,,,
3066,*inexistent/removed/redefined,,*inexistent/removed/redefined,
3067,**not among the standard classification code,,**not among the standard classification code,
3068,,,,
3069,,,,
3070,PROVINCE                    : CEBU,,PROVINCE                    : CEBU,
3071,CITY/MUNICIPALITY  : SAN FERNANDO,,CITY/MUNICIPALITY  : SAN FERNANDO,
3072,ZONE/ BARANGAY     : SAN ISIDRO,,ZONE/ BARANGAY     : SAN ISIDRO,
3073,STREET NAME/                   SUBDIVISION/CONDOMINIUM,,STREET NAME/                   SUBDIVISION/CONDOMINIUM,
3074,NAT'L ROAD**,,NAT'L ROAD**,
3075,NAT'L ROAD,,NAT'L ROAD,
3076,,,,
3077,,,,
3078,,,,
3079,,,,
3080,,,,
3081,,,,
3082,,,,
3083,,,,
3084,,,,
3085,BRGY ROAD,,BRGY ROAD,
3086,,,,
3087,INTERIOR AREA**,,INTERIOR AREA**,
3088,,,,
3089,INTERIOR AREA,,INTERIOR AREA,
3090,,,,
3091,,,,
3092,PULCHRA RESORT*,,PULCHRA RESORT*,
3093,**inexistent/removed/redefined,,**inexistent/removed/redefined,
3094,***not among the standard classification code,,***not among the standard classification code,
3095,,,,
3096,,,,
3097,PROVINCE                    : CEBU,,PROVINCE                    : CEBU,
3098,CITY/MUNICIPALITY  : SAN FERNANDO,,CITY/MUNICIPALITY  : SAN FERNANDO,
3099,ZONE/ BARANGAY     : TABIONAN,,ZONE/ BARANGAY     : TABIONAN,
3100,STREET NAME/                   SUBDIVISION/CONDOMINIUM,,STREET NAME/                   SUBDIVISION/CONDOMINIUM,
3101,PROVINCIAL RD,,PROVINCIAL RD,
3102,,,,
3103,,,,
3104,ALL LOTS,,ALL LOTS,
3105,,,,
3106,,,,
3107,,,,
3108,,,,
3109,,,,
3110,,,,
3111,,,,
3112,,,,
3113,,,,
3114,,,,
3115,,,,
3116,,,,
3117,,,,
3118,,,,
3119,,,,
3120,,,,
3121,,,,
3122,,,,
3123,,,,
3124,,,,
3125,* AGRO-INDUSTRIAL (POULTRY),,* AGRO-INDUSTRIAL (POULTRY),
3126,**TOP HILLS MOUNTAIN RESORT,,**TOP HILLS MOUNTAIN RESORT,
3127,***inexistent/removed/redefined,,***inexistent/removed/redefined,
3128,****not among the standard classification code,,****not among the standard classification code,
3129,,,,
3130,,,,
3131,PROVINCE                    : CEBU,,PROVINCE                    : CEBU,
3132,CITY/MUNICIPALITY  : SAN FERNANDO,,CITY/MUNICIPALITY  : SAN FERNANDO,
3133,ZONE/ BARANGAY     : TAÑAÑAS,,ZONE/ BARANGAY     : TAÑAÑAS,
3134,STREET NAME/                   SUBDIVISION/CONDOMINIUM,,STREET NAME/                   SUBDIVISION/CONDOMINIUM,
3135,ALL LOTS,,ALL LOTS,
3136,,,,
3137,,,,
3138,,,,
3139,,,,
3140,,,,
3141,,,,
3142,,,,
3143,,,,
3144,,,,
3145,,,,
3146,,,,
3147,,,,
3148,*inexistent/removed/redefined,,*inexistent/removed/redefined,
3149,,,,
3150,,,,
3151,PROVINCE                    : CEBU,,PROVINCE                    : CEBU,
3152,CITY/MUNICIPALITY  : SAN FERNANDO,,CITY/MUNICIPALITY  : SAN FERNANDO,
3153,ZONE/ BARANGAY     : TINUBDAN,,ZONE/ BARANGAY     : TINUBDAN,
3154,STREET NAME/                   SUBDIVISION/CONDOMINIUM,,STREET NAME/                   SUBDIVISION/CONDOMINIUM,
3155,,,,
3156,PROVINCIAL RD,,PROVINCIAL RD,
3157,,,,
3158,,,,
3159,BRGY RD.,,BRGY RD.,
3160,,,,
3161,INTERIOR AREA,,INTERIOR AREA,
3162,,,,
3163,,,,
3164,,,,
3165,INTERIOR AREAS,,INTERIOR AREAS,
3166,,,,
3167,,,,
3168,,,,
3169,*inexistent/removed/redefined,,*inexistent/removed/redefined,
3170,,,,
3171,,,,
3172,PROVINCE                    : CEBU,,PROVINCE                    : CEBU,
3173,CITY/MUNICIPALITY  : SAN FERNANDO,,CITY/MUNICIPALITY  : SAN FERNANDO,
3174,ZONE/ BARANGAY     : TONGO,,ZONE/ BARANGAY     : TONGO,
3175,STREET NAME/                   SUBDIVISION/CONDOMINIUM,,STREET NAME/                   SUBDIVISION/CONDOMINIUM,
3176,ALL LOTS,,ALL LOTS,
3177,,,,
3178,,,,
3179,,,,
3180,,,,
3181,,,,
3182,,,,
3183,,,,
3184,UPPER TONGO**,,UPPER TONGO**,
3185,,,,
3186,,,,
3187,,,,
3188,,,,
3189,,,,
3190,,,,
3191,,,,
3192,*MOUNTAIN RESORT (SINGLI RESORT),,*MOUNTAIN RESORT (SINGLI RESORT),
3193,**inexistent/removed/redefined,,**inexistent/removed/redefined,
3194,***not among the standard classification code,,***not among the standard classification code,
3195,,,,
3196,,,,
3197,PROVINCE                    : CEBU,,PROVINCE                    : CEBU,
3198,CITY/MUNICIPALITY  : SAN FERNANDO,,CITY/MUNICIPALITY  : SAN FERNANDO,
3199,ZONE/ BARANGAY     : TUBOD,,ZONE/ BARANGAY     : TUBOD,
3200,STREET NAME/                   SUBDIVISION/CONDOMINIUM,,STREET NAME/                   SUBDIVISION/CONDOMINIUM,
3201,ALL LOTS,,ALL LOTS,
3202,,,,
3203,,,,
3204,,,,
3205,,,,
3206,,,,
3207,,,,
3208,,,,
3209,,,,
3210,,,,
3211,,,,
3212,,,,
3213,,,,
3214,,,,
3215,*inexistent/removed,,*inexistent/removed,
3216,**not among the standard classification code,,**not among the standard classification code,
3217,,,,
3218,CERTAIN GUIDELINES IN THE IMPLEMENTATION,,CERTAIN GUIDELINES IN THE IMPLEMENTATION,
3219,OF ZONAL VALUATION OF REAL PROPERTIES FOR,,OF ZONAL VALUATION OF REAL PROPERTIES FOR,
3220,"RDO No. 83  - TALISAY CITY, CEBUL",,"RDO No. 83  - TALISAY CITY, CEBUL",
3221,,,,
3222,1.    NO ZONAL VALUE HAS BEEN PRESCRIBED FOR A PARTICULAR CLASSIFICATION OF REAL PROPERTY.,,1.    NO ZONAL VALUE HAS BEEN PRESCRIBED FOR A PARTICULAR CLASSIFICATION OF REAL PROPERTY.,
3223,WHEREIN THE APPROVED SCHEDULE OF ZONAL VALUES FOR A PARTICULAR BARANGAY -,,WHEREIN THE APPROVED SCHEDULE OF ZONAL VALUES FOR A PARTICULAR BARANGAY -,
3224,,,,
3225,a.)  NO  ZONAL  VALUE  HAS  BEEN  PRESCRIBED  FOR  A  PARTICULAR  CLASSIFICATION  IN  A  PARTICULAR STREET/,,a.)  NO  ZONAL  VALUE  HAS  BEEN  PRESCRIBED  FOR  A  PARTICULAR  CLASSIFICATION  IN  A  PARTICULAR STREET/,
3226,"SUBDIVISION  IN  A  BARANGAY,  THE   ZONAL  VALUE   PRESCRIBED  FOR  THE   SAME  CLASSIFICATION   OF   REAL",,"SUBDIVISION  IN  A  BARANGAY,  THE   ZONAL  VALUE   PRESCRIBED  FOR  THE   SAME  CLASSIFICATION   OF   REAL",
3227,PROPERTY  LOCATED   IN   THE   OTHER    STREET/SUBDIVISION  WITHIN  THE   SAME   BARANGAY  OF   SIMILAR,,PROPERTY  LOCATED   IN   THE   OTHER    STREET/SUBDIVISION  WITHIN  THE   SAME   BARANGAY  OF   SIMILAR,
3228,CONDITIONS  SHALL  BE  USED;  AND,,CONDITIONS  SHALL  BE  USED;  AND,
3229,,,,
3230,b.)  NO  ZONAL  VALUE  HAS  BEEN  PRESCRIBED  FOR  A   PARTICULAR  CLASSIFICATION  OF  REAL   PROPERTY   IN,,b.)  NO  ZONAL  VALUE  HAS  BEEN  PRESCRIBED  FOR  A   PARTICULAR  CLASSIFICATION  OF  REAL   PROPERTY   IN,
3231,"ONE   BARANGAY,   THE   ZONAL  VALUE  PRESCRIBED   FOR   THE   SAME   CLASSIFICATION  OF   REAL   PROPERTY",,"ONE   BARANGAY,   THE   ZONAL  VALUE  PRESCRIBED   FOR   THE   SAME   CLASSIFICATION  OF   REAL   PROPERTY",
3232,LOCATED IN AN ADJACENT BARANGAY OF SIMILAR CONDITIONS SHALL BE USED.,,LOCATED IN AN ADJACENT BARANGAY OF SIMILAR CONDITIONS SHALL BE USED.,
3233,,,,
3234,2.   PREDOMINANT USE OF PROPERTY.,,2.   PREDOMINANT USE OF PROPERTY.,
3235,,,,
3236,"a.)  ALL REAL PROPERTIES REGARDLESS OF ACTUAL USE, LOCATED IN A STREET/BARANGAY/ZONE, THE  USE  OF",,"a.)  ALL REAL PROPERTIES REGARDLESS OF ACTUAL USE, LOCATED IN A STREET/BARANGAY/ZONE, THE  USE  OF",
3237,"WHICH ARE PREDOMINANTLY COMMERCIAL  SHALL  BE   CLASSIFIED  AS    ""COMMERCIAL""    FOR    PURPOSES  OF",,"WHICH ARE PREDOMINANTLY COMMERCIAL  SHALL  BE   CLASSIFIED  AS    ""COMMERCIAL""    FOR    PURPOSES  OF",
3238,ZONAL VALUATION.,,ZONAL VALUATION.,
3239,,,,
3240,"b.) THE PREDOMINANT USE OF OTHER CLASSIFICATION OF PROPERTIES LOCATED IN A STREET/BARANGAY/ZONE,",,"b.) THE PREDOMINANT USE OF OTHER CLASSIFICATION OF PROPERTIES LOCATED IN A STREET/BARANGAY/ZONE,",
3241,REGARDLESS OF ACTUAL USE SHALL BE CONSIDERED FOR PURPOSES OF ZONAL VALUATION.,,REGARDLESS OF ACTUAL USE SHALL BE CONSIDERED FOR PURPOSES OF ZONAL VALUATION.,
3242,,,,
3243,3.    ZONAL VALUES OF CONDOMINIUM UNIT/TOWNHOUSE:,,3.    ZONAL VALUES OF CONDOMINIUM UNIT/TOWNHOUSE:,3.0
3244,,,,
3245,IF THE TITLE OF A PARTICULAR CONDOMINIUM UNIT/TOWNHOUE IS -,,IF THE TITLE OF A PARTICULAR CONDOMINIUM UNIT/TOWNHOUE IS -,
3246,,,,
3247,"a).   A CONDOMINIUM CERTIFICATE OF TITLE (CCT), THE ZONAL VALUE OF THE LAND  AND THE IMPROVEMENTS",,"a).   A CONDOMINIUM CERTIFICATE OF TITLE (CCT), THE ZONAL VALUE OF THE LAND  AND THE IMPROVEMENTS",
3248,SHALLL BE TREATED AS ONE: OR,,SHALLL BE TREATED AS ONE: OR,
3249,,,,
3250,"b).   A TRANSFER CERTIFICATE OF TITLE (TCT), THE LAND AND IMPROVEMENT SHALL BE GIVEN SEPARATE VALUES",,"b).   A TRANSFER CERTIFICATE OF TITLE (TCT), THE LAND AND IMPROVEMENT SHALL BE GIVEN SEPARATE VALUES",
3251,i.e. ZONAL VALUE/GROSS SELLING PRICE/FAIR MARKET VALUE PER  LATEST  TAX  DECLARATION  WHICHEVER  IS,,i.e. ZONAL VALUE/GROSS SELLING PRICE/FAIR MARKET VALUE PER  LATEST  TAX  DECLARATION  WHICHEVER  IS,
3252,"HIGHER AND, IN THE ABSENCE OF ZONAL VALUATION, PROPERTY SHALL BE VALUED PURSUANT TO RAMO 2-91.",,"HIGHER AND, IN THE ABSENCE OF ZONAL VALUATION, PROPERTY SHALL BE VALUED PURSUANT TO RAMO 2-91.",
3253,,,,
3254,THE GROUND FLOOR OF THE RESIDENTIAL  CONDOMINIUM  SHALL  BE  CLASSIFIED  AS  COMMERCIAL  AND,,THE GROUND FLOOR OF THE RESIDENTIAL  CONDOMINIUM  SHALL  BE  CLASSIFIED  AS  COMMERCIAL  AND,
3255,TWENTY PERCENT (20%) OF THE ESTABLISHED VALUE SHALL BE ADDED THERETO.,,TWENTY PERCENT (20%) OF THE ESTABLISHED VALUE SHALL BE ADDED THERETO.,20.0
3256,,,,
3257,4.   AREAS FOR PRIORITY DEVELOPMENT (APD).,,4.   AREAS FOR PRIORITY DEVELOPMENT (APD).,
3258,,,,
3259,THESE ARE  AREAS IDENTIFIED AS AREAS FOR PRIORITY DEVELOPMENT CERTIFIED TO AS SUCH BY THE,,THESE ARE  AREAS IDENTIFIED AS AREAS FOR PRIORITY DEVELOPMENT CERTIFIED TO AS SUCH BY THE,
3260,HOUSING AND LAND USE REGULATORY BOARD (HLURB).  IF IT IS UTILIZED FOR SOCIAL HOUSING.  IT SHALL,,HOUSING AND LAND USE REGULATORY BOARD (HLURB).  IF IT IS UTILIZED FOR SOCIAL HOUSING.  IT SHALL,
3261,"BE CERTIFIED TO AS SUCH BY THE PROPER GOVERNMENT AGENCY, SUCH AS PRESIDENTIAL COMMISSION",,"BE CERTIFIED TO AS SUCH BY THE PROPER GOVERNMENT AGENCY, SUCH AS PRESIDENTIAL COMMISSION",
3262,"ON URBAN POOR (PCUP, NATIONAL HOUSING AUTHORITY (NHA)). ETC.",,"ON URBAN POOR (PCUP, NATIONAL HOUSING AUTHORITY (NHA)). ETC.",
3263,SECOND SALE OF LOT IDENTIFIED AS LOCATED IN THE APD SHALL NO LONGER BE VALUED AS AN APD AND,,SECOND SALE OF LOT IDENTIFIED AS LOCATED IN THE APD SHALL NO LONGER BE VALUED AS AN APD AND,
3264,SHALL BE TREATED AS AN ORDINARY REAL PROPERTY.,,SHALL BE TREATED AS AN ORDINARY REAL PROPERTY.,
3265,,,,
3266,5.    DIVISION OF A BARANGAY,,5.    DIVISION OF A BARANGAY,5.0
3267,,,,
3268,"IN THE EVENT THAT AN EXISTING BARANGAY IS DIVIDED INTO TWO OR MORE BARANGAYS, THE ZONAL VALUE",,"IN THE EVENT THAT AN EXISTING BARANGAY IS DIVIDED INTO TWO OR MORE BARANGAYS, THE ZONAL VALUE",
3269,PRESCRIBED FOR THE EXISTING BARANGAY SHALL BE USED FOR THE NEWLY CREATED BARANGAY,,PRESCRIBED FOR THE EXISTING BARANGAY SHALL BE USED FOR THE NEWLY CREATED BARANGAY,
3270,,,,
3271,6.     PARKING SLOT (PS),,6.     PARKING SLOT (PS),6.0
3272,,,,
3273,"IF NO ZONAL VALUE HAS BEEN PRESCRIBED FOR PARKING SLOTS, THE VALUE SHOULD BE 60% OF THE AMOUNT",,"IF NO ZONAL VALUE HAS BEEN PRESCRIBED FOR PARKING SLOTS, THE VALUE SHOULD BE 60% OF THE AMOUNT",60.0
3274,OF THE UNIT SOLD,,OF THE UNIT SOLD,
3275,,,,
3276,7.      INSTITUTION (X),,7.      INSTITUTION (X),7.0
3277,,,,
3278,"THESE  ARE  AREAS  FOR  SCHOOL, HOSPITAL  AND  CHURCHES,  IF  NO  ZONAL  VALUE  HAS  BEEN PRESCRIBED, THE",,"THESE  ARE  AREAS  FOR  SCHOOL, HOSPITAL  AND  CHURCHES,  IF  NO  ZONAL  VALUE  HAS  BEEN PRESCRIBED, THE",
3279,COMMERCIAL VALUE OF THE PROPERTY NEAREST TO THE INSTITUTION.  WITHIN THE SAME BARANGAY AND STREET,,COMMERCIAL VALUE OF THE PROPERTY NEAREST TO THE INSTITUTION.  WITHIN THE SAME BARANGAY AND STREET,
3280,SHALL BE USED,,SHALL BE USED,
3281,8.    ZONAL VALUE OR FMV ESTABLISHED IN THE SCHEDULE OF VALUES OF ASSESSORS.,,8.    ZONAL VALUE OR FMV ESTABLISHED IN THE SCHEDULE OF VALUES OF ASSESSORS.,
3282,,,,
3283,THE ZONAL VALUES ESTABLISHED HEREIN SHALL APPLY  IN  COMPUTING  ALL  INTERNAL  REVENUE TAXES,,THE ZONAL VALUES ESTABLISHED HEREIN SHALL APPLY  IN  COMPUTING  ALL  INTERNAL  REVENUE TAXES,
3284,"(i.e. CAPITAL GAINS, CREDITABLE WITHOLDING, ESTATE,  DONOR'S  AND  DOCUMENTARY STAMP TAXES)  DUE",,"(i.e. CAPITAL GAINS, CREDITABLE WITHOLDING, ESTATE,  DONOR'S  AND  DOCUMENTARY STAMP TAXES)  DUE",
3285,"ON SALES, EXCHANGES, OR OTHER DISPOSITIONS OF REAL PROPERTY,  PROVIDED,  THAT  THE  SAME  IS  HIGHER",,"ON SALES, EXCHANGES, OR OTHER DISPOSITIONS OF REAL PROPERTY,  PROVIDED,  THAT  THE  SAME  IS  HIGHER",
3286,THAN (1) THE FAIR MARKET VALUE AS SHOWN IN  THE  SCHEDULE  OF  VALUES  OF  THE  PROVINCIAL  AND  CITY,,THAN (1) THE FAIR MARKET VALUE AS SHOWN IN  THE  SCHEDULE  OF  VALUES  OF  THE  PROVINCIAL  AND  CITY,1.0
3287,ASSESSRS   (i.e.   LATEST  TAX  DECLARATION)   AND   (2)  THE  GROSS  SELLING  PRICE  AS  SHOWN  IN  THE  DULY,,ASSESSRS   (i.e.   LATEST  TAX  DECLARATION)   AND   (2)  THE  GROSS  SELLING  PRICE  AS  SHOWN  IN  THE  DULY,
3288,NOTARIZED DOCUMENT OF SALE OR EXCHANGE AT THE TIME OF SALE OR EXCHANGE.,,NOTARIZED DOCUMENT OF SALE OR EXCHANGE AT THE TIME OF SALE OR EXCHANGE.,
3289,,,,
3290,"PROVIDED, HOWEVER, THAT THE VALUE OF PROPERTY TO BE USED IN COMPUTING ESTATE AND DONOR'S",,"PROVIDED, HOWEVER, THAT THE VALUE OF PROPERTY TO BE USED IN COMPUTING ESTATE AND DONOR'S",
3291,TAXES SHALL BE (1)  THE FAIR MARKET VALUE AS DETERMINED BY THE COMMISSIONER OF INTERNAL REVENUE,,TAXES SHALL BE (1)  THE FAIR MARKET VALUE AS DETERMINED BY THE COMMISSIONER OF INTERNAL REVENUE,1.0
3292,(i.e. ZONAL  VALUES) OR  (2)  THE  FAIR   MARKET  VALUE  AS  SHOWN IN  THE  SCHEDULE  OF  VALUES   OF   THE,,(i.e. ZONAL  VALUES) OR  (2)  THE  FAIR   MARKET  VALUE  AS  SHOWN IN  THE  SCHEDULE  OF  VALUES   OF   THE,
3293,"PROVINCIAL/CITY/MUNICIPAL ASSESSOR, WHICHEVER IS HIGHER.",,"PROVINCIAL/CITY/MUNICIPAL ASSESSOR, WHICHEVER IS HIGHER.",
3294,,,,
3295,,,,
3296,I-3/apmd (wpc 09-08-22),,I-3/apmd (wpc 09-08-22),
