mean_fit_time,std_fit_time,mean_score_time,std_score_time,param_max_depth,param_max_features,param_min_samples_leaf,param_min_samples_split,param_n_estimators,params,split0_test_rmse,split1_test_rmse,split2_test_rmse,split3_test_rmse,split4_test_rmse,split5_test_rmse,split6_test_rmse,split7_test_rmse,split8_test_rmse,split9_test_rmse,split10_test_rmse,split11_test_rmse,split12_test_rmse,split13_test_rmse,split14_test_rmse,mean_test_rmse,std_test_rmse,rank_test_rmse,split0_train_rmse,split1_train_rmse,split2_train_rmse,split3_train_rmse,split4_train_rmse,split5_train_rmse,split6_train_rmse,split7_train_rmse,split8_train_rmse,split9_train_rmse,split10_train_rmse,split11_train_rmse,split12_train_rmse,split13_train_rmse,split14_train_rmse,mean_train_rmse,std_train_rmse,split0_test_mae,split1_test_mae,split2_test_mae,split3_test_mae,split4_test_mae,split5_test_mae,split6_test_mae,split7_test_mae,split8_test_mae,split9_test_mae,split10_test_mae,split11_test_mae,split12_test_mae,split13_test_mae,split14_test_mae,mean_test_mae,std_test_mae,rank_test_mae,split0_train_mae,split1_train_mae,split2_train_mae,split3_train_mae,split4_train_mae,split5_train_mae,split6_train_mae,split7_train_mae,split8_train_mae,split9_train_mae,split10_train_mae,split11_train_mae,split12_train_mae,split13_train_mae,split14_train_mae,mean_train_mae,std_train_mae,split0_test_r2,split1_test_r2,split2_test_r2,split3_test_r2,split4_test_r2,split5_test_r2,split6_test_r2,split7_test_r2,split8_test_r2,split9_test_r2,split10_test_r2,split11_test_r2,split12_test_r2,split13_test_r2,split14_test_r2,mean_test_r2,std_test_r2,rank_test_r2,split0_train_r2,split1_train_r2,split2_train_r2,split3_train_r2,split4_train_r2,split5_train_r2,split6_train_r2,split7_train_r2,split8_train_r2,split9_train_r2,split10_train_r2,split11_train_r2,split12_train_r2,split13_train_r2,split14_train_r2,mean_train_r2,std_train_r2,mean_cv_rmse,mean_cv_mae,mean_cv_r2
1.9102434635162353,0.055743710798515506,0.02550020217895508,0.006290823393488846,,0.8,1,2,200,"{'max_depth': None, 'max_features': 0.8, 'min_samples_leaf': 1, 'min_samples_split': 2, 'n_estimators': 200}",-0.6243459215975469,-0.6510593220084641,-0.6378078354962163,-0.637566480711102,-0.7744108913142819,-0.6335486904303104,-0.6251671459053064,-0.7310307819531641,-0.7706494437894434,-0.7246143163128211,-0.6918864620892229,-0.56604380701358,-0.6257629999647573,-0.647865710465617,-0.7323989379803271,-0.6716105831354774,0.05955215318426343,11,-0.2763487617032555,-0.25972723010002663,-0.25330747440446316,-0.2578998831800609,-0.24670889959866618,-0.2508575565298597,-0.25622915996635737,-0.26372152507796975,-0.24931161290241002,-0.2616686951241283,-0.258382421550347,-0.26753596666964097,-0.25391946190547354,-0.2590610391149883,-0.24665393238038685,-0.2574222413472023,0.007735616505668186,-0.3934010917269843,-0.4065687681173919,-0.40455410799844943,-0.40059734732190433,-0.3971538567123338,-0.3793194222356701,-0.37337891564309894,-0.4581981655034805,-0.4337537815624201,-0.42094770284325905,-0.40042667214864447,-0.3907813400063153,-0.4021663743189128,-0.38424514597978593,-0.4347471045766459,-0.4053493197796864,0.02211126073624204,19,-0.15940170619430352,-0.15806347180678526,-0.15364205541866674,-0.15106666582370834,-0.15363677759766617,-0.1559684944082673,-0.15776491083703006,-0.15228345127837623,-0.14927184291335815,-0.15280596805650162,-0.15509801692420583,-0.1552857165907378,-0.15260988040979337,-0.15527997372347038,-0.14578705746254644,-0.15386439929636117,0.003395468231090819,0.9416416849409749,0.9452592789166754,0.9463492375855453,0.9491291611375706,0.929195255341081,0.9441907009898001,0.949912837058185,0.920076979351999,0.9307520174783512,0.9367258837879152,0.9416298370323452,0.9559573774928325,0.949251384695635,0.9431505688188082,0.9331360476889867,0.941090550154447,0.009171815340753373,11,0.9903990822049314,0.9912974452248187,0.991750908198136,0.9913489110877529,0.9919483394518857,0.9920217516557789,0.9915055671537039,0.9912847463945572,0.9917435780446587,0.9910056839974175,0.9912376517845713,0.9908925277085949,0.9916789926639336,0.9914325480159922,0.9920785320058914,0.9914417510395083,0.0004412369298529698,0.6716105831354774,0.4053493197796864,0.941090550154447
2.7827184359232584,0.059639420520897775,0.03879486719767253,0.012011597957317429,,0.8,1,2,300,"{'max_depth': None, 'max_features': 0.8, 'min_samples_leaf': 1, 'min_samples_split': 2, 'n_estimators': 300}",-0.6184383373572753,-0.644277719651924,-0.6403862773338679,-0.6374649202710181,-0.7665644730092063,-0.6412511686570805,-0.6257697008127366,-0.7254344902776811,-0.775444489232498,-0.7112556693680852,-0.6815164059329223,-0.5673230127453944,-0.62096698030684,-0.6451576729084001,-0.7435764650160653,-0.6696551855253997,0.059084737137926814,4,-0.2728273813595932,-0.2567030330381219,-0.25035348003793706,-0.25452797381828673,-0.24310997770663317,-0.2505034010419802,-0.25565752322700136,-0.2635121985217927,-0.2499404240805939,-0.2590264057668573,-0.25903783613863235,-0.2669387636776829,-0.2533086693830672,-0.25882753423345933,-0.2490265106944991,-0.2562200741817426,0.007341773739218475,-0.39119010355266676,-0.4036578576369739,-0.4044486012288796,-0.39971976908651247,-0.39687669221151706,-0.38203473709407304,-0.37405837339601533,-0.45653718283645367,-0.4333076502238959,-0.415219600201642,-0.39730499516914036,-0.3931179395396976,-0.4007903663631761,-0.38530606759084773,-0.43062729927939236,-0.4042798156940589,0.02095752305980802,8,-0.15740427878801963,-0.15706785707659843,-0.1528004690062035,-0.14989925658431827,-0.1521466002173083,-0.1552914626174161,-0.15810090127748283,-0.15214422417120738,-0.14816722958496717,-0.15177081274771814,-0.15508981589639373,-0.15516923921198522,-0.1518803465330199,-0.15494262828670124,-0.14555801651570877,-0.15316220923433657,0.003389056535675123,0.942740837190734,0.9463937266629011,0.9459145769108838,0.9491453666736065,0.9306227898297919,0.942825429382253,0.9498162394991103,0.9212959718587587,0.9298876030846368,0.9390373622807672,0.9433664390371163,0.9557580881956961,0.950026306343262,0.9436248295824915,0.9310795819364692,0.9414356765645652,0.009071149453562261,6,0.9906422031099562,0.9914989259795329,0.9919421831379732,0.9915736493963382,0.992181536884321,0.9920442628047685,0.9915434263374793,0.9912985762099176,0.9917018769973529,0.9911864132578666,0.9911931421415178,0.9909331423533989,0.9917189761788772,0.9914479856153499,0.9919254049526447,0.9915221136904862,0.00040978118107932646,0.6696551855253997,0.4042798156940589,0.9414356765645652
3.7647767066955566,0.10891555671260053,0.04897478421529134,0.00824784256138015,,0.8,1,2,400,"{'max_depth': None, 'max_features': 0.8, 'min_samples_leaf': 1, 'min_samples_split': 2, 'n_estimators': 400}",-0.6164639838868733,-0.6437968809517126,-0.635262821669622,-0.6385460260345657,-0.7633439090271009,-0.6410065442798744,-0.6272133420285964,-0.7248940697605925,-0.7723183452427876,-0.7117951537473685,-0.6845502657763401,-0.5675660234764578,-0.6228538426300871,-0.6443993373572655,-0.7366213238605807,-0.6687087913153216,0.057941551202335524,1,-0.2723899264970572,-0.25802826413297975,-0.25004003152430443,-0.2574951829581124,-0.24304671163578193,-0.2503615814514431,-0.2578725364463356,-0.26221772551586403,-0.2500922682795708,-0.25368174516873193,-0.2589359349698791,-0.2645104616373856,-0.2548988042467863,-0.25938431864452344,-0.24824525059718971,-0.2560800495803964,0.0070534900288558074,-0.39032704700128606,-0.4048792816964557,-0.4021621669770179,-0.3992540124309558,-0.3960456681447019,-0.3811891186216987,-0.3742378534603008,-0.4559705473812654,-0.4302865155940759,-0.4155248398518809,-0.3980744825856439,-0.39397461019547514,-0.4014456090015459,-0.385160733552695,-0.42854148782796975,-0.40380493162153125,0.020504528655774273,7,-0.15747834126698687,-0.1570763225003168,-0.1525009115904742,-0.1504023735370344,-0.1517277193041749,-0.15450170045823153,-0.15749377190734784,-0.15260140196864463,-0.14764632698859534,-0.15054163213700059,-0.15487262203648694,-0.15520688432455915,-0.1522077720656223,-0.1559785625690384,-0.14544821476956524,-0.15304563716160527,0.0034397236793653344,0.9431058513407277,0.9464737118972817,0.9467765434486186,0.9489727270307415,0.9312045136025348,0.942869042951065,0.9495844260623293,0.9214131910683145,0.9304517689141708,0.9389448474087229,0.9428610932501719,0.9557201783569592,0.9497221460829262,0.943757281453455,0.9323628646138262,0.9416146791654564,0.00885571953253517,1,0.9906721878706928,0.9914109257123962,0.9919623476636925,0.991376040612383,0.9921856056525713,0.9920532683512452,0.9913962562749137,0.9913838556946762,0.9916917913572232,0.9915463738501107,0.991200069720943,0.9910973517445534,0.9916146822726648,0.9914111522091623,0.9919759896347665,0.991531859908133,0.00038696737243361503,0.6687087913153216,0.40380493162153125,0.9416146791654564
1.9385736306508383,0.12809853591856069,0.02711025873819987,0.007390616490055475,,0.8,1,4,200,"{'max_depth': None, 'max_features': 0.8, 'min_samples_leaf': 1, 'min_samples_split': 4, 'n_estimators': 200}",-0.6245274463410665,-0.6625282831354491,-0.638733617561616,-0.6351508392474657,-0.7860159623116985,-0.6315846402884944,-0.62355788066263,-0.7357093779448242,-0.7761435531116575,-0.7168617310307995,-0.7029561665691663,-0.5684534900995833,-0.6302026862344207,-0.6589196394664211,-0.7446880711824017,-0.6757355590125128,0.0618478799519981,18,-0.30273610298838843,-0.28208642120761956,-0.28056915195513127,-0.2875993374134187,-0.2785960687177734,-0.27024151656930384,-0.2853524865219965,-0.29270655332723683,-0.2761720442534316,-0.2834880929942489,-0.2851283728113877,-0.2897405722030843,-0.2832550354640564,-0.2834394036832721,-0.2763447232589356,-0.283830392224619,0.007440287862442697,-0.39482799380069133,-0.4113536659670102,-0.40181775098022493,-0.4018743828606608,-0.40269119782963136,-0.3766415844836373,-0.3771298025179162,-0.46240377494573764,-0.43290225469130883,-0.4202562396308538,-0.40658584586357943,-0.3928960331659733,-0.40683540596113865,-0.391765042388313,-0.4389572667168703,-0.40792921612023647,0.02222377153097059,27,-0.17757007400298594,-0.17235457086922296,-0.1699819616598726,-0.1677746442513854,-0.17066891531588696,-0.1694572003150011,-0.17644225068550068,-0.17151675267936556,-0.16494968641499513,-0.16948099499439603,-0.1730466189999516,-0.17231065324785108,-0.170692594517172,-0.17284702346729597,-0.16289966510312454,-0.17079957376826715,0.003671094489837823,0.9416077453642077,0.9433136835949321,0.9461933757154284,0.9495139144576444,0.9270572407060814,0.944536190957744,0.9501703675081773,0.9190506912636622,0.9297611333308463,0.9380725694925208,0.9397471311544386,0.9555815950550934,0.9485287239053158,0.9411940813883792,0.9308733633941689,0.940346787152576,0.009591300701735023,18,0.9884780459833873,0.9897345933118574,0.989879779708828,0.9892416852256792,0.9897324744498376,0.9907411443302895,0.9894648528903857,0.9892637216204444,0.9898686739402067,0.9894431524654785,0.9893297289646636,0.9893180107962647,0.9896452598465512,0.9897442382322775,0.990056668083331,0.9895961353232988,0.00047715798171843135,0.6757355590125128,0.40792921612023647,0.940346787152576
2.906931972503662,0.22377936248990699,0.03941640853881836,0.01420011606199925,,0.8,1,4,300,"{'max_depth': None, 'max_features': 0.8, 'min_samples_leaf': 1, 'min_samples_split': 4, 'n_estimators': 300}",-0.6206861848500475,-0.6543177821123776,-0.6401454819307678,-0.6352011498351863,-0.7747733928088802,-0.6376528305003992,-0.6244028498303158,-0.7378426145350576,-0.7724443286629852,-0.7096922220188828,-0.6924778919372818,-0.5736190562788971,-0.6243989944538898,-0.6529967321335077,-0.7516690202495467,-0.6734880354758682,0.06011450791842212,15,-0.29966547374228947,-0.27999990180271606,-0.27704293282538006,-0.28528994340895186,-0.2762430522164045,-0.2716106270455255,-0.28477467787503824,-0.2883707784944694,-0.2757184572170076,-0.28110313083372074,-0.2834515876413301,-0.29063987504766664,-0.2812490768746441,-0.2838829870614891,-0.2767067009291221,-0.28238328020105036,0.006771383210678099,-0.39528060411400695,-0.40861104824434313,-0.40371269237892793,-0.4001635918031173,-0.3993537731616701,-0.37622958275446744,-0.3780022591404506,-0.4646230404611015,-0.43253668728167294,-0.4183856127160091,-0.40272306969854715,-0.39795439387070963,-0.40433682582132346,-0.39124284698903966,-0.4378737302451104,-0.40740198391203314,0.02228910515976681,26,-0.1754166918005837,-0.1717782858982251,-0.16989945055457667,-0.1673355699579753,-0.17020513243774027,-0.17002111927062213,-0.17610176283081058,-0.170021455614393,-0.16415133902766313,-0.16979058481383524,-0.17272868031015062,-0.1727921772881565,-0.16969730271136096,-0.17198673805138046,-0.1627195863058736,-0.17030972512488984,0.003483135717470681,0.9423238391825242,0.9447099685569138,0.9459552432186736,0.9495059160891466,0.9291289524691354,0.9434652916369783,0.9500352299954338,0.9185805752457115,0.9304290771350268,0.9393050778814932,0.9415300038565823,0.9547706625545123,0.9494723819369588,0.9422465210926707,0.9295712573708916,0.9407353332148436,0.009490755515917021,15,0.9887105932222864,0.9898858927250304,0.9901325648845526,0.9894137679270565,0.9899051806275118,0.9906470913710056,0.9895074748146041,0.9895794324838098,0.989901926142716,0.9896200330726976,0.9894548595721739,0.9892515979263784,0.9897914011579247,0.9897121125277105,0.9900306019339525,0.9897029686926273,0.00042420122081349994,0.6734880354758682,0.40740198391203314,0.9407353332148436
3.836771281560262,0.10270524339316225,0.05425667762756348,0.023758377243128445,,0.8,1,4,400,"{'max_depth': None, 'max_features': 0.8, 'min_samples_leaf': 1, 'min_samples_split': 4, 'n_estimators': 400}",-0.6194218346253406,-0.648533270268656,-0.6400641623000898,-0.6405612192306669,-0.7717462750751459,-0.6399682781413844,-0.6274699467587148,-0.7336565064175128,-0.771304433179674,-0.7098792776923251,-0.688228812385319,-0.5703268059929366,-0.6278904630250617,-0.6432274895742544,-0.7487761593987716,-0.6720703289377234,0.05924428664033124,13,-0.2973491717319033,-0.27910695180181444,-0.2777664689899831,-0.28444722982769455,-0.276199019930975,-0.273108887341495,-0.28657689459466246,-0.2875128677069548,-0.27555443177000044,-0.27761497208416724,-0.28238949737769264,-0.2893135048678276,-0.2829179785734341,-0.28411681613406403,-0.27741233757102157,-0.2820924686869127,0.006178329408044279,-0.39475600996114407,-0.4079715335176628,-0.4044996383817843,-0.40158082950101315,-0.4006308508711943,-0.37883668976346496,-0.37846244892194414,-0.46238146481837994,-0.430516821118689,-0.4170927073408772,-0.3993166391372823,-0.39748259324363433,-0.4050874946007136,-0.3888821207642026,-0.4391188423306835,-0.4071077789515113,0.0217095902819859,25,-0.17548110897659394,-0.17120846350336158,-0.17070090084662937,-0.16725589531943819,-0.1701771944296037,-0.17054032216848733,-0.17594366355954116,-0.16999300998623512,-0.16343686645467234,-0.16886831066923566,-0.17283056340969416,-0.1729599295594483,-0.17006502317545438,-0.17381320404331993,-0.162931109359617,-0.1704137043640888,0.0036354757302476987,0.9425585748540944,0.9456832330362361,0.9459689732867186,0.9486501439439338,0.9296816712429942,0.9430539680486945,0.9495431657120278,0.9195018114739312,0.9306342571426659,0.9392730785854762,0.9422453521338925,0.9552883544908992,0.9489057288004089,0.9439616515515332,0.9301123159767346,0.9410041520186827,0.009241250121594394,13,0.9888844444950733,0.9899502998265948,0.9900809572227836,0.989476216574175,0.9899083985368029,0.9905436216256803,0.9893742492028345,0.9896413431883834,0.9899139372965198,0.9898760411037029,0.9895337365905063,0.9893494773359297,0.9896698882524304,0.9896951576693868,0.9899796906815419,0.9897251639734895,0.00037279107363734267,0.6720703289377234,0.4071077789515113,0.9410041520186827
1.8189210732777914,0.09846311434488314,0.021962563196818035,0.006523760947293349,,0.8,2,2,200,"{'max_depth': None, 'max_features': 0.8, 'min_samples_leaf': 2, 'min_samples_split': 2, 'n_estimators': 200}",-0.6354777166894401,-0.6789647999240414,-0.6439456495723872,-0.6560756708970513,-0.8379493564727604,-0.63039852973154,-0.6482809668081826,-0.7520467224596326,-0.7788944592002137,-0.76145239113518,-0.7349817069135378,-0.5798191140009799,-0.6398072651486607,-0.6878911944621414,-0.7636778498087933,-0.6953108928816362,0.06932911332801517,56,-0.36068705895574654,-0.34318592925208,-0.33400567309021334,-0.3552884299574582,-0.3319227460200804,-0.32760528306988684,-0.3424541288866399,-0.35884371792539915,-0.3483075672527139,-0.34864473128672663,-0.34293212576103854,-0.34988950070751246,-0.34158930269944954,-0.34825018230502985,-0.33922795646250437,-0.3448556222421653,0.009148515956019489,-0.40308937750624474,-0.42422621962988954,-0.41032626343896633,-0.4147526795193393,-0.4141826486808072,-0.3751654503967866,-0.38817065876723206,-0.4716649858887244,-0.4481135370246516,-0.4317505526020746,-0.41423638436833354,-0.40166443080468617,-0.4072975433589893,-0.4061998924533165,-0.45189048988727554,-0.4175154076218212,0.024118266001506482,71,-0.20142434498799838,-0.1991374270222124,-0.1964197443978097,-0.19357279791869614,-0.19729900014942298,-0.19517873184178533,-0.20268254202683542,-0.19599713959559906,-0.19229294400820024,-0.19675811213881053,-0.19875707655030694,-0.19918550896903806,-0.19379666141402035,-0.20189447716106904,-0.18859747177556815,-0.19686626533049148,0.0037198513357869184,0.9395421304899624,0.9404661581330116,0.9453116746881787,0.9461326249816444,0.9170999103972176,0.9447443164638815,0.9461407028376233,0.9154156129837088,0.9292623520332283,0.9301288683893951,0.9341320268431417,0.9537876407827279,0.9469478767259119,0.9359092085587427,0.9273029110076395,0.9368216010210677,0.010854282373926155,55,0.983644688251204,0.9848060482051006,0.9856577326468123,0.983581608233039,0.985425627869895,0.9863932323519342,0.984826628352624,0.9838638631884511,0.983884911932885,0.984032724543094,0.9845648475612023,0.9844225871942727,0.9849411277076566,0.984517888971248,0.9850165143386849,0.9846386687565404,0.0007633970932224297,0.6953108928816362,0.4175154076218212,0.9368216010210677
2.6751887798309326,0.06689340063931268,0.0317297617594401,0.00521894464197677,,0.8,2,2,300,"{'max_depth': None, 'max_features': 0.8, 'min_samples_leaf': 2, 'min_samples_split': 2, 'n_estimators': 300}",-0.635641306417204,-0.6739476660295188,-0.6483451615953016,-0.6566599953134393,-0.8459937368908312,-0.6323945585102402,-0.646095718860963,-0.7468377496856137,-0.7818723820632625,-0.7439652900406518,-0.7271643431289652,-0.5860146901568472,-0.6360820433883869,-0.6854065765969548,-0.7698766176866816,-0.6944198557576576,0.06900830285338022,53,-0.36121558477039584,-0.3436879568140241,-0.33237678249482316,-0.3517478504018347,-0.32820089499151134,-0.32873653538632386,-0.3400763811758845,-0.35545222153819783,-0.3466459324216732,-0.3452651586561612,-0.3423727493192244,-0.35063571237040303,-0.3411478323447583,-0.3506147678985743,-0.3427254140753349,-0.34406011831060834,0.009053463108739512,-0.40679971069042203,-0.4218451766090328,-0.4125947801149836,-0.41307135862218297,-0.41603670653324454,-0.37457596984273217,-0.38922908275274753,-0.47044255774255417,-0.4471326112320833,-0.42558731744110234,-0.4095348335335781,-0.40656957191134935,-0.4094053549574991,-0.40616476243080507,-0.45181491355542974,-0.4173869805313165,0.023268821256455005,69,-0.20040767060306358,-0.2002102962899196,-0.19619946975687466,-0.19237123074269658,-0.19625287878201977,-0.19533092013532607,-0.2013149414156515,-0.1960627226184015,-0.19130468063886136,-0.19545888527889707,-0.19864597029176626,-0.19988843885120594,-0.1931449133112292,-0.20170622362501298,-0.1892799261693402,-0.19650527790068442,0.0037025065378900623,0.9395109993922932,0.941342744638329,0.9445618478815165,0.9460366298374818,0.9155005753011363,0.9443938507257538,0.9465031924303717,0.9165832848286511,0.9287204199528132,0.9333012622496176,0.9355257365273109,0.9527947729783225,0.9475638609149355,0.9363713558937852,0.9261179577707561,0.9369885660882049,0.01080845851689645,52,0.9835967212528872,0.9847615629214443,0.9857972812833345,0.9839072083419099,0.9857506403944492,0.9862990991713814,0.9850366021602442,0.9841674328819412,0.9840383023388647,0.9843407803970569,0.9846151608345526,0.984356072237802,0.9849800267578858,0.9843069310816762,0.9847059606269498,0.9847106521788253,0.0007318956722305591,0.6944198557576576,0.4173869805313165,0.9369885660882049
3.6420705954233807,0.08895602807283033,0.05137639045715332,0.010331426516776173,,0.8,2,2,400,"{'max_depth': None, 'max_features': 0.8, 'min_samples_leaf': 2, 'min_samples_split': 2, 'n_estimators': 400}",-0.6331129462587313,-0.6745316619527271,-0.6448987047606209,-0.6596014440672141,-0.8440947123847505,-0.6364796035188222,-0.6446948010031603,-0.7416689021270458,-0.7817014156706127,-0.7390116562057889,-0.7275541754708531,-0.5839938357773926,-0.6380895089892367,-0.6756549079973813,-0.7658082727523046,-0.6927264365957763,0.06819591545347228,35,-0.36021228833617186,-0.34326047684854366,-0.33138811101239585,-0.35126280825494327,-0.32631036405539804,-0.32989445045528965,-0.3390117912609657,-0.3521736661874471,-0.348511668872251,-0.34019439402208546,-0.34479771101800033,-0.35186660030119754,-0.3413901733655972,-0.34944903882799827,-0.3405659048566801,-0.3433526298449977,0.009011627863630817,-0.4038730192474997,-0.4216873017997473,-0.4117622273223936,-0.4131345126074063,-0.4154748954177512,-0.37615461008743417,-0.38887781787695097,-0.46781807901238137,-0.44758490505547127,-0.4230812744395266,-0.40975894887060266,-0.4049115333224538,-0.410151970846414,-0.40160725274106623,-0.45070121082727166,-0.41643863729829145,0.02290055284018355,63,-0.20089487450001461,-0.19953634168852483,-0.19577060186000994,-0.19172652667084483,-0.19534731388604631,-0.19569442250194355,-0.2001124180632197,-0.19554867569888446,-0.19143572123577007,-0.19379618543275862,-0.19943578162209447,-0.20096810173480778,-0.1924270597826811,-0.20217257298993455,-0.18847586480636055,-0.19622283083159303,0.004011036397668414,0.9399912507874202,0.9412410440420418,0.945149674797736,0.945552099034799,0.9158795057106426,0.9436731383620175,0.9467349332709831,0.917733939657372,0.92875158892768,0.9341865216928766,0.9354565887739581,0.9531197832831058,0.9472323632662627,0.9381690376562964,0.9268967408572752,0.9373178806746977,0.010544683342204196,35,0.9836877167479001,0.9847994465614356,0.98588164902291,0.983951560001144,0.9859143283539421,0.9862024112909726,0.9851301396683726,0.984458153012421,0.9838660201282706,0.9847973635579198,0.9843964531990506,0.9842460451091637,0.9849586797161636,0.9844111106910943,0.9848980885773435,0.9847732777092071,0.0007338797244509934,0.6927264365957763,0.41643863729829145,0.9373178806746977
1.830002991358439,0.06181359120941726,0.023726654052734376,0.0052038441284993795,,0.8,2,4,200,"{'max_depth': None, 'max_features': 0.8, 'min_samples_leaf': 2, 'min_samples_split': 4, 'n_estimators': 200}",-0.6354777166894401,-0.6789647999240414,-0.6439456495723872,-0.6560756708970513,-0.8379493564727604,-0.63039852973154,-0.6482809668081826,-0.7520467224596326,-0.7788944592002137,-0.76145239113518,-0.7349817069135378,-0.5798191140009799,-0.6398072651486607,-0.6878911944621414,-0.7636778498087933,-0.6953108928816362,0.06932911332801517,56,-0.36068705895574654,-0.34318592925208,-0.33400567309021334,-0.3552884299574582,-0.3319227460200804,-0.32760528306988684,-0.3424541288866399,-0.35884371792539915,-0.3483075672527139,-0.34864473128672663,-0.34293212576103854,-0.34988950070751246,-0.34158930269944954,-0.34825018230502985,-0.33922795646250437,-0.3448556222421653,0.009148515956019489,-0.40308937750624474,-0.42422621962988954,-0.41032626343896633,-0.4147526795193393,-0.4141826486808072,-0.3751654503967866,-0.38817065876723206,-0.4716649858887244,-0.4481135370246516,-0.4317505526020746,-0.41423638436833354,-0.40166443080468617,-0.4072975433589893,-0.4061998924533165,-0.45189048988727554,-0.4175154076218212,0.024118266001506482,71,-0.20142434498799838,-0.1991374270222124,-0.1964197443978097,-0.19357279791869614,-0.19729900014942298,-0.19517873184178533,-0.20268254202683542,-0.19599713959559906,-0.19229294400820024,-0.19675811213881053,-0.19875707655030694,-0.19918550896903806,-0.19379666141402035,-0.20189447716106904,-0.18859747177556815,-0.19686626533049148,0.0037198513357869184,0.9395421304899624,0.9404661581330116,0.9453116746881787,0.9461326249816444,0.9170999103972176,0.9447443164638815,0.9461407028376233,0.9154156129837088,0.9292623520332283,0.9301288683893951,0.9341320268431417,0.9537876407827279,0.9469478767259119,0.9359092085587427,0.9273029110076395,0.9368216010210677,0.010854282373926155,55,0.983644688251204,0.9848060482051006,0.9856577326468123,0.983581608233039,0.985425627869895,0.9863932323519342,0.984826628352624,0.9838638631884511,0.983884911932885,0.984032724543094,0.9845648475612023,0.9844225871942727,0.9849411277076566,0.984517888971248,0.9850165143386849,0.9846386687565404,0.0007633970932224297,0.6953108928816362,0.4175154076218212,0.9368216010210677
2.723176050186157,0.043052608739859485,0.03470926284790039,0.004857890667781885,,0.8,2,4,300,"{'max_depth': None, 'max_features': 0.8, 'min_samples_leaf': 2, 'min_samples_split': 4, 'n_estimators': 300}",-0.635641306417204,-0.6739476660295188,-0.6483451615953016,-0.6566599953134393,-0.8459937368908312,-0.6323945585102402,-0.646095718860963,-0.7468377496856137,-0.7818723820632625,-0.7439652900406518,-0.7271643431289652,-0.5860146901568472,-0.6360820433883869,-0.6854065765969548,-0.7698766176866816,-0.6944198557576576,0.06900830285338022,53,-0.36121558477039584,-0.3436879568140241,-0.33237678249482316,-0.3517478504018347,-0.32820089499151134,-0.32873653538632386,-0.3400763811758845,-0.35545222153819783,-0.3466459324216732,-0.3452651586561612,-0.3423727493192244,-0.35063571237040303,-0.3411478323447583,-0.3506147678985743,-0.3427254140753349,-0.34406011831060834,0.009053463108739512,-0.40679971069042203,-0.4218451766090328,-0.4125947801149836,-0.41307135862218297,-0.41603670653324454,-0.37457596984273217,-0.38922908275274753,-0.47044255774255417,-0.4471326112320833,-0.42558731744110234,-0.4095348335335781,-0.40656957191134935,-0.4094053549574991,-0.40616476243080507,-0.45181491355542974,-0.4173869805313165,0.023268821256455005,69,-0.20040767060306358,-0.2002102962899196,-0.19619946975687466,-0.19237123074269658,-0.19625287878201977,-0.19533092013532607,-0.2013149414156515,-0.1960627226184015,-0.19130468063886136,-0.19545888527889707,-0.19864597029176626,-0.19988843885120594,-0.1931449133112292,-0.20170622362501298,-0.1892799261693402,-0.19650527790068442,0.0037025065378900623,0.9395109993922932,0.941342744638329,0.9445618478815165,0.9460366298374818,0.9155005753011363,0.9443938507257538,0.9465031924303717,0.9165832848286511,0.9287204199528132,0.9333012622496176,0.9355257365273109,0.9527947729783225,0.9475638609149355,0.9363713558937852,0.9261179577707561,0.9369885660882049,0.01080845851689645,52,0.9835967212528872,0.9847615629214443,0.9857972812833345,0.9839072083419099,0.9857506403944492,0.9862990991713814,0.9850366021602442,0.9841674328819412,0.9840383023388647,0.9843407803970569,0.9846151608345526,0.984356072237802,0.9849800267578858,0.9843069310816762,0.9847059606269498,0.9847106521788253,0.0007318956722305591,0.6944198557576576,0.4173869805313165,0.9369885660882049
3.6666741371154785,0.06979873983931695,0.043913714090983075,0.006152110381555151,,0.8,2,4,400,"{'max_depth': None, 'max_features': 0.8, 'min_samples_leaf': 2, 'min_samples_split': 4, 'n_estimators': 400}",-0.6331129462587313,-0.6745316619527271,-0.6448987047606209,-0.6596014440672141,-0.8440947123847505,-0.6364796035188222,-0.6446948010031603,-0.7416689021270458,-0.7817014156706127,-0.7390116562057889,-0.7275541754708531,-0.5839938357773926,-0.6380895089892367,-0.6756549079973813,-0.7658082727523046,-0.6927264365957763,0.06819591545347228,35,-0.36021228833617186,-0.34326047684854366,-0.33138811101239585,-0.35126280825494327,-0.32631036405539804,-0.32989445045528965,-0.3390117912609657,-0.3521736661874471,-0.348511668872251,-0.34019439402208546,-0.34479771101800033,-0.35186660030119754,-0.3413901733655972,-0.34944903882799827,-0.3405659048566801,-0.3433526298449977,0.009011627863630817,-0.4038730192474997,-0.4216873017997473,-0.4117622273223936,-0.4131345126074063,-0.4154748954177512,-0.37615461008743417,-0.38887781787695097,-0.46781807901238137,-0.44758490505547127,-0.4230812744395266,-0.40975894887060266,-0.4049115333224538,-0.410151970846414,-0.40160725274106623,-0.45070121082727166,-0.41643863729829145,0.02290055284018355,63,-0.20089487450001461,-0.19953634168852483,-0.19577060186000994,-0.19172652667084483,-0.19534731388604631,-0.19569442250194355,-0.2001124180632197,-0.19554867569888446,-0.19143572123577007,-0.19379618543275862,-0.19943578162209447,-0.20096810173480778,-0.1924270597826811,-0.20217257298993455,-0.18847586480636055,-0.19622283083159303,0.004011036397668414,0.9399912507874202,0.9412410440420418,0.945149674797736,0.945552099034799,0.9158795057106426,0.9436731383620175,0.9467349332709831,0.917733939657372,0.92875158892768,0.9341865216928766,0.9354565887739581,0.9531197832831058,0.9472323632662627,0.9381690376562964,0.9268967408572752,0.9373178806746977,0.010544683342204196,35,0.9836877167479001,0.9847994465614356,0.98588164902291,0.983951560001144,0.9859143283539421,0.9862024112909726,0.9851301396683726,0.984458153012421,0.9838660201282706,0.9847973635579198,0.9843964531990506,0.9842460451091637,0.9849586797161636,0.9844111106910943,0.9848980885773435,0.9847732777092071,0.0007338797244509934,0.6927264365957763,0.41643863729829145,0.9373178806746977
2.6270126660664874,0.638207222429792,0.033975474039713544,0.011400620345726033,,0.9,1,2,200,"{'max_depth': None, 'max_features': 0.9, 'min_samples_leaf': 1, 'min_samples_split': 2, 'n_estimators': 200}",-0.6322160853525766,-0.6672792551469076,-0.6201994805804694,-0.6351213935014236,-0.751322622786912,-0.6207248193391207,-0.6162355079244617,-0.7172708035329525,-0.7730738404408092,-0.7038494992036127,-0.6971120844176106,-0.5731627801229211,-0.6307158297298021,-0.6437400010062633,-0.7587443374232521,-0.6693845560339396,0.05847131738801284,2,-0.27054010947059776,-0.24904343396651046,-0.254581609479874,-0.2655300908198701,-0.24266634019636937,-0.24795895823410327,-0.25331730561689325,-0.26257720082009917,-0.25223773145805983,-0.2622341773538522,-0.263446404334571,-0.2752311265874584,-0.2517483240741938,-0.2614853157149905,-0.2515079234726644,-0.25760707010667383,0.008769086557517966,-0.3978516073260512,-0.40380011739531935,-0.39294587077258814,-0.3975241817258806,-0.38951432379057527,-0.3779085875120982,-0.3708871715670599,-0.4568269851824803,-0.4270495485106739,-0.41042350279057616,-0.40217696990842905,-0.39386793165209777,-0.40037680054980657,-0.383489816645048,-0.4355881881167252,-0.40268210689636064,0.0217006921316159,5,-0.15734683087495638,-0.15305446092515237,-0.15245131449903776,-0.15039237927528415,-0.1506862484991457,-0.15420374207557672,-0.15457757444563403,-0.15162744854925625,-0.15176169849038157,-0.15267878907666277,-0.15436211143109502,-0.15754575012061003,-0.15227226799495946,-0.1554985562635023,-0.14581185403901267,-0.15295140177068448,0.0028253126963967306,0.9401611458478643,0.9424977766061049,0.9492706854982385,0.949518595443332,0.9333542609613524,0.9464271446720885,0.9513337841935623,0.9230573983255295,0.930315635791475,0.9403003370388731,0.9407448008013916,0.9548425878515794,0.948444868649948,0.943872315394206,0.9282391526625804,0.9414920326492086,0.008906045036878526,2,0.9907984491967923,0.991998673551796,0.9916677137247148,0.9908294375492235,0.9922100457818308,0.9922050599142742,0.9916975359859694,0.9913602156899158,0.9915486328885557,0.9909667674462281,0.990890823213772,0.9903610749485527,0.9918206818185094,0.9912714504228564,0.9917636853898149,0.9914260165015203,0.000540118039239221,0.6693845560339396,0.40268210689636064,0.9414920326492086
4.72331395149231,1.118380393765516,0.044646072387695315,0.007745032392782828,,0.9,1,2,300,"{'max_depth': None, 'max_features': 0.9, 'min_samples_leaf': 1, 'min_samples_split': 2, 'n_estimators': 300}",-0.6288392950239867,-0.6582651455670037,-0.6235371054878305,-0.6425938125211431,-0.752890849021329,-0.6312173207063836,-0.6176424482283567,-0.7202545514240547,-0.7778679588734487,-0.6950387901474966,-0.6884958001516764,-0.5734488621297111,-0.6320603445098607,-0.6451183636836876,-0.768938910765765,-0.670413970549449,0.05896616970033016,7,-0.2691132425010518,-0.25015650267205947,-0.2520649843032194,-0.2605578132510183,-0.2406321534725102,-0.24913203951950932,-0.25267503767255695,-0.26116825690097034,-0.25557453036984634,-0.2582468226419119,-0.2606011817920155,-0.272077264486511,-0.2512894400313471,-0.26245794013662294,-0.2520354776307419,-0.2565188458254595,0.007848226017949033,-0.3963430750530384,-0.4014109779867019,-0.39314928151493284,-0.397793196597814,-0.3895521476680945,-0.3787398478461936,-0.373918967873309,-0.4563507251643893,-0.42566214638597766,-0.4085085472620416,-0.39791093961696866,-0.39303035306273854,-0.40179507098579526,-0.3872422483514511,-0.4318024044869994,-0.402213995323763,0.020610147224676252,4,-0.15628118745793526,-0.15362577798604923,-0.15248386553604498,-0.14941589195035077,-0.1503631935321106,-0.15376939939782222,-0.15424781248897754,-0.1509908727887137,-0.15086600258426439,-0.1519855849413654,-0.153418532962884,-0.15672687053824366,-0.15194414059380384,-0.1558885627149892,-0.14588836347263848,-0.1525264039297462,0.0027534910249356033,0.940798660896427,0.9440408497172815,0.948723213217697,0.9483237458865942,0.9330757529802471,0.9446006859361541,0.9511113087835872,0.9224159255947331,0.9294486786151984,0.94178560961483,0.942200533390222,0.9547974978785739,0.9482248313052855,0.9436316992108729,0.9262978242831983,0.9412984544873934,0.009113147669033324,9,0.9908952538133365,0.9919269918525915,0.9918316344214686,0.9911696750390417,0.992340099293019,0.9921311305145544,0.9917395832240312,0.9914526861138265,0.99132355124287,0.9912393853390687,0.9910865190320847,0.9905807133704939,0.9918504729825103,0.9912063959896543,0.9917290967452408,0.9915002125982527,0.0004695739264386697,0.670413970549449,0.402213995323763,0.9412984544873934
4.952008867263794,0.12022234532831846,0.061527283986409505,0.012655452366448773,,0.9,1,2,400,"{'max_depth': None, 'max_features': 0.9, 'min_samples_leaf': 1, 'min_samples_split': 2, 'n_estimators': 400}",-0.6203995137116773,-0.6477727733377759,-0.6234093744835344,-0.6435286194400189,-0.7552600224857793,-0.6336278996684358,-0.6207162049932221,-0.7197597120868454,-0.7814897586272245,-0.6936356149361083,-0.6918481568719815,-0.575992960465762,-0.6267847364544161,-0.6388079231601678,-0.7686909142604332,-0.6694482789988924,0.060112067576213804,3,-0.2690654628248116,-0.25082298926161567,-0.2512399984414901,-0.2632979258440945,-0.24075491325663206,-0.25098230498975244,-0.2562590628802475,-0.25793756496172715,-0.255351626630488,-0.2564073209898629,-0.25978637970303026,-0.26965820793930945,-0.253421071773722,-0.2605671171634949,-0.25369315716491936,-0.2566163402550132,0.007134137359869195,-0.39203741411654164,-0.39987501147114146,-0.39228215978064845,-0.3969536406910879,-0.39186344156354475,-0.3797411600096477,-0.3731350932189201,-0.4568444779220916,-0.42674315197749896,-0.40714519947164096,-0.3977095291477453,-0.3964898388094756,-0.39847683902293435,-0.3850684059815357,-0.4337773444728934,-0.4018761805104899,0.02106989018657566,2,-0.15630880879722825,-0.15336331477299123,-0.15251934685410834,-0.15022164683949696,-0.15024636167796837,-0.15349205665413754,-0.1544825476440222,-0.1502491106128477,-0.1499100283651634,-0.1518075140597492,-0.15369484888117513,-0.1569709933928344,-0.15274911427361693,-0.15555837179701604,-0.14691764751230724,-0.15256611414231086,0.0026409769561720224,0.942377103691549,0.9458105465200156,0.9487442190714681,0.9481732854985856,0.9326539000155657,0.9441767450351448,0.9506234994785626,0.9225224947616935,0.9287901667942048,0.9420204239476327,0.9416362999999052,0.9543955275716345,0.9490855262367297,0.944729076335026,0.9263453571477364,0.9414722781403635,0.009204733178022822,3,0.9908984865283309,0.9918839170633766,0.9918850155637645,0.9909829731984157,0.9923322818205803,0.992013814708004,0.9915035843730099,0.9916628414005636,0.9913386792720845,0.9913637452093613,0.9911421701151575,0.9907474637388595,0.991711625357498,0.9913326429233567,0.9916199407221753,0.9914946121329692,0.00042690202137400733,0.6694482789988924,0.4018761805104899,0.9414722781403635
2.5490496794382733,0.17299595333668008,0.030564181009928384,0.006679906500858894,,0.9,1,4,200,"{'max_depth': None, 'max_features': 0.9, 'min_samples_leaf': 1, 'min_samples_split': 4, 'n_estimators': 200}",-0.6345157487058436,-0.6738290386373651,-0.6327577540971603,-0.6374595927626047,-0.7821840481074418,-0.6275624287759676,-0.6251673818616098,-0.7403176853120846,-0.7681178572169101,-0.7038351596510909,-0.6967817618658605,-0.5696841833973272,-0.6526660511510257,-0.6531500374612242,-0.7697885463850654,-0.6778544850259055,0.06122614363986373,23,-0.2971321676730414,-0.2788485822757534,-0.2821371378813931,-0.28986061586768497,-0.28048015320221886,-0.26826419359653486,-0.28242467473715205,-0.29109449309146723,-0.2805413126433799,-0.28632717454485024,-0.2838864059030593,-0.2991403105705365,-0.2783520101678102,-0.2871770489981901,-0.27394722373497066,-0.2839742336592028,0.007913230951916223,-0.3994875981991745,-0.40981361201646516,-0.4003521926638074,-0.3979504671403657,-0.40075754707499767,-0.3745455571963432,-0.3750682524956726,-0.46366441273905,-0.420727309665411,-0.41609915465375,-0.3980099984453639,-0.39236128169129475,-0.40878637774144877,-0.38523746777299706,-0.4418459135079807,-0.40564714286694153,0.022720211825132397,21,-0.17561829438956938,-0.17070719378159685,-0.16855583510147873,-0.16720729123506994,-0.17097132145296667,-0.1685989829130962,-0.17330909468155,-0.16914158707754068,-0.1684592099952355,-0.17037539417015343,-0.1723791783457279,-0.17405563129380325,-0.1677566413695959,-0.17256969683067866,-0.16088748758225804,-0.17003952268135472,0.003423619187161871,0.9397250307362998,0.9413633923686637,0.9471954739131941,0.9491462166885521,0.9277667150344835,0.9452403778488645,0.9499127992494673,0.9180334210712409,0.9312062300171392,0.9403027695410862,0.9408009429675843,0.9553890564951666,0.9447939744756895,0.9422194001136504,0.9261348605193074,0.9399487107360259,0.009764796508272961,23,0.9889006627375506,0.989968897245586,0.9897663481090757,0.9890718434972648,0.9895931307879241,0.9908761403924142,0.989679932062167,0.9893816545281974,0.9895455663000798,0.9892306438443222,0.9894224820042041,0.9886136799170201,0.9900006297205097,0.9894719744654248,0.9902284515138107,0.9895834691417034,0.0005370225355261975,0.6778544850259055,0.40564714286694153,0.9399487107360259
3.5070551872253417,0.08138297806693962,0.040089352925618486,0.0090465168548955,,0.9,1,4,300,"{'max_depth': None, 'max_features': 0.9, 'min_samples_leaf': 1, 'min_samples_split': 4, 'n_estimators': 300}",-0.6358888474737491,-0.6633659303568404,-0.6352625836360358,-0.639015955317209,-0.7730087785126664,-0.6324214645288535,-0.6292575378061468,-0.7365729366192619,-0.7734173225524085,-0.6946364243881561,-0.6892585525091766,-0.5713814325270964,-0.64376872142381,-0.6484851112728117,-0.7732749149907248,-0.6759344342609964,0.060097789840980166,19,-0.29645974551513216,-0.27918859901452103,-0.27919493972141574,-0.28748784899398905,-0.2782077243357978,-0.2692745646848167,-0.28387603691315616,-0.2871066571054251,-0.2817631480840333,-0.2828453106088089,-0.2825421174475166,-0.296151542883149,-0.2790164123889378,-0.2864876332902854,-0.2741073027693171,-0.28291397225042014,0.0070286292156724805,-0.3976198699456327,-0.4060246441883327,-0.40088085561496767,-0.39725488768192163,-0.39646634030306854,-0.3750604266091705,-0.3783747357664279,-0.46135398034026276,-0.42285951821985035,-0.4132253609818353,-0.39706852225734973,-0.3946115295485969,-0.40627710203147815,-0.3873569197681822,-0.4373325888889229,-0.4047844854764,0.021449792566313443,14,-0.1743472294779681,-0.1712621476676762,-0.16878092587253307,-0.16617782465442213,-0.16995733236165933,-0.16829918505808528,-0.1737221111590149,-0.16756719925969238,-0.16759943519956982,-0.16976443272298275,-0.17128982775220591,-0.17285204512274926,-0.16754303473177623,-0.17176968506599163,-0.16054235825008878,-0.16943165162376106,0.0033530084310618947,0.9394638771345852,0.9431702537865551,0.9467765833343712,0.9488975937360669,0.9294514148747705,0.9443891189585529,0.9492552645460943,0.9188605468779129,0.930253699534861,0.9418529920333851,0.9420723957888126,0.9551228434715594,0.9462888835977518,0.9430418135143451,0.9254642756932112,0.9402907704588555,0.009621994017408564,21,0.9889508423955631,0.9899444192849794,0.9899786734878936,0.9892500245705508,0.989761078994346,0.9908072840627129,0.989573591196859,0.9896705928269812,0.9894543040630069,0.9894909714940695,0.9895224203516104,0.9888400690656866,0.9899528374830907,0.9895224623018838,0.9902170283130598,0.9896624399928196,0.0004735993985161954,0.6759344342609964,0.4047844854764,0.9402907704588555
4.710631799697876,0.07921665050193187,0.05522486368815104,0.007850840340653293,,0.9,1,4,400,"{'max_depth': None, 'max_features': 0.9, 'min_samples_leaf': 1, 'min_samples_split': 4, 'n_estimators': 400}",-0.6281404441794406,-0.6580909113425171,-0.6350607129673921,-0.6424933047769552,-0.7672245437892253,-0.6351265792955134,-0.631108040190231,-0.7355043294036121,-0.7795572432206184,-0.6983890401171914,-0.6865273105745751,-0.571710042467793,-0.6393772845631458,-0.6430285524420243,-0.7777792086956995,-0.6752745032017289,0.06107407884413093,17,-0.2971549840931712,-0.279252586851687,-0.27806121104219544,-0.289081124843157,-0.27777801768473626,-0.2720192658079531,-0.28544404348833713,-0.2873278045861823,-0.2822832122789903,-0.28221899390431926,-0.28540975367767224,-0.29470292876210513,-0.28001598161294183,-0.2871977552303392,-0.2764600080413321,-0.28362717812700794,0.0066111682908813136,-0.3934718142045863,-0.4057454686605038,-0.3994544015376492,-0.39615034458338316,-0.39734904379268016,-0.37431265136727276,-0.37776437247474803,-0.4636485926742095,-0.4252827830779226,-0.4136264732558519,-0.3952752265721989,-0.3952926257251196,-0.4052383851440284,-0.3857893047989696,-0.4383586090755696,-0.4044506731296462,0.02247398775109581,10,-0.17435677884326833,-0.17090063602087863,-0.1685628385729967,-0.16708134718804046,-0.17036709953664178,-0.16861211302142892,-0.17340759790559884,-0.1681217531191461,-0.16665342235787053,-0.16933556580164236,-0.17239259598857137,-0.17294762620117576,-0.16775337922560943,-0.1725428078074498,-0.16141923189368504,-0.1696303195656003,0.003232378230729566,0.9409301727678634,0.9440704691156929,0.9468104041192219,0.9483399099312617,0.9305032601963121,0.9439123623771357,0.9489563683953929,0.9190958075149656,0.9291419153564778,0.9412230429949079,0.9425305717021302,0.9550712095907998,0.9470191598110189,0.9439963092257612,0.9245934117970545,0.9404129583263998,0.00969208992904745,17,0.9888989580627091,0.9899398094363052,0.9900598955723234,0.98913054030279,0.9897926836858099,0.9906189272588494,0.9894580912822124,0.9896546739892855,0.9894153387096223,0.9895374611650795,0.989308658514521,0.9889489788125941,0.989880721126535,0.9894704562131786,0.9900483700854454,0.9896109042811506,0.000445634465979296,0.6752745032017289,0.4044506731296462,0.9404129583263998
2.243898359934489,0.10057988137783248,0.02589874267578125,0.005334765764040441,,0.9,2,2,200,"{'max_depth': None, 'max_features': 0.9, 'min_samples_leaf': 2, 'min_samples_split': 2, 'n_estimators': 200}",-0.6367044308862864,-0.7068806619315716,-0.6339596335289174,-0.6489393063541682,-0.8212214060977058,-0.6283508150475468,-0.6480433653364669,-0.7317798745325945,-0.7939556599515659,-0.7496992184934657,-0.7321009137946853,-0.5750135283412163,-0.6509137958744542,-0.6733219374362996,-0.7754129682348266,-0.6937531677227846,0.0686695449146892,44,-0.3519640367214269,-0.3387927015909651,-0.33771314592364254,-0.35876543495581054,-0.32498681062242885,-0.32927267451524894,-0.32807621446216134,-0.3528507591769697,-0.35084897947511295,-0.34354490923930825,-0.34947177313818134,-0.35979488236393725,-0.3348011814001003,-0.3493215274647138,-0.34380657669575854,-0.3436007738497177,0.010631715624912432,-0.4051569618582072,-0.42569640418139193,-0.4050179922869608,-0.40815096864736244,-0.40861241313598395,-0.3766791241678692,-0.3829562219065818,-0.46393711362421713,-0.4429805165478041,-0.4233702705928403,-0.4075961172583804,-0.3946188432619807,-0.4112294535199331,-0.3962486905912564,-0.4493088479005365,-0.4134373292987537,0.02326407832553208,45,-0.19914327402886667,-0.19558125913090482,-0.19327084790887086,-0.19164840644055187,-0.19177341904276402,-0.19518749095092172,-0.19503789329249532,-0.19440248952935735,-0.19430105675636267,-0.19487056045882079,-0.19893499167370743,-0.19790892032777171,-0.1909247385531836,-0.20005636649445838,-0.1890779626982754,-0.19480797848582085,0.0030948931424812317,0.9393084917398027,0.9354700107922359,0.9469946863392217,0.9472981201272589,0.9203767355904248,0.9451027059616292,0.9461801755471527,0.9199131000252933,0.926500246146799,0.9322691721818204,0.934647359759268,0.9545504895673728,0.9450900070145135,0.9385952930506677,0.9250515333275223,0.937156541811399,0.010290484872773599,39,0.9844262110323284,0.9851925631346266,0.9853375663444464,0.9832586809238029,0.9860283629156582,0.9862543729043846,0.9860739877746012,0.984398333708856,0.9836488878024853,0.9844964326854455,0.9839705438859762,0.9835281085630144,0.9855336859044617,0.9844224851557373,0.984609315182943,0.9847453025279177,0.0009223931328603157,0.6937531677227846,0.4134373292987537,0.937156541811399
3.384903399149577,0.1297972563362329,0.044205888112386064,0.015763484488348214,,0.9,2,2,300,"{'max_depth': None, 'max_features': 0.9, 'min_samples_leaf': 2, 'min_samples_split': 2, 'n_estimators': 300}",-0.6307858706243911,-0.7043719642767997,-0.6355649999768052,-0.64914419545943,-0.821917630872309,-0.6322958064305327,-0.6443299762495097,-0.7362568497347637,-0.8008303468861776,-0.7381810296732751,-0.7191655246406704,-0.5792295854521637,-0.6471565602972003,-0.6736791282152497,-0.7848169619979488,-0.6931817620524818,0.06926689361677438,39,-0.3508896584425456,-0.3379955087142573,-0.33631559560808993,-0.3548508563342841,-0.32485464323484936,-0.33033558596665763,-0.32877097955055185,-0.3522800246162727,-0.35304501183173803,-0.3408988553938349,-0.34719411278164497,-0.35835472054473194,-0.33796038456416394,-0.3512610328186314,-0.34396487886981714,-0.34326478995147147,0.010009454546871424,-0.401759525570078,-0.42531379466981756,-0.4045964313580988,-0.4050209387939988,-0.4079387720326304,-0.37460969430640223,-0.38332300950582177,-0.465700625209762,-0.4447259516902205,-0.41959671390290765,-0.4033806560145349,-0.3982779542792552,-0.4090122989790834,-0.39735399617658224,-0.4474214424910883,-0.4125354536653521,0.02362399254003319,37,-0.19803910411805786,-0.19557599413871807,-0.1941639856083498,-0.19046007765449638,-0.19180191081465636,-0.19537844501030752,-0.19523317217865482,-0.19362951133047407,-0.19395983712633671,-0.1946519052679537,-0.19774274369643172,-0.19873361690462013,-0.19105217947975386,-0.20002984872284876,-0.18950575290159785,-0.19466387233021715,0.0030024842775513093,0.9404315774588057,0.9359272279058702,0.946725897326779,0.9472648358261369,0.9202416704597149,0.9444112158155329,0.9467952002889168,0.9189301709780541,0.9252218992291998,0.9343343832296361,0.9369363708168296,0.9538815654380278,0.9457220856244146,0.9385301265632547,0.9232226012816535,0.9372384552161883,0.010549310351785674,37,0.9845211446120276,0.9852621661398944,0.9854586696494702,0.9836220251478522,0.9860397247261794,0.9861654862935778,0.9860149432516611,0.9844487641444051,0.9834435575902587,0.9847343363070563,0.9841788049521124,0.98365970972544,0.98525938789549,0.9842490257805521,0.9845951389575031,0.9847768590115655,0.000863816743613724,0.6931817620524818,0.4125354536653521,0.9372384552161883
4.311461687088013,0.0727776327837568,0.04627760251363119,0.005914719666622332,,0.9,2,2,400,"{'max_depth': None, 'max_features': 0.9, 'min_samples_leaf': 2, 'min_samples_split': 2, 'n_estimators': 400}",-0.6285381386156261,-0.695161404422216,-0.6350865077854824,-0.6511622699390617,-0.825226197445612,-0.6323731337872537,-0.6420979814223882,-0.7378715112284238,-0.7974892009176193,-0.7276450906673758,-0.7208890049741792,-0.5819468778890385,-0.6444589918020384,-0.6717790977193303,-0.7850889569839762,-0.6917876243733081,0.06905165988157902,29,-0.3526461751634037,-0.3389486800168563,-0.334393550222734,-0.354977610888003,-0.3253582768458446,-0.3349824877727183,-0.33142996976013844,-0.35057028250513883,-0.3537795165035815,-0.3383158767604897,-0.34927821338598736,-0.3567773935217338,-0.3391617177437607,-0.35219619523682655,-0.3441964670799213,-0.343800827560476,0.00949444506284724,-0.4006615771310852,-0.4247118880350099,-0.4036760858814338,-0.40529199279431066,-0.40994845111048506,-0.3752227699268417,-0.3828355100257311,-0.4671878392292929,-0.4444040220104782,-0.41642023005681006,-0.4049270178341124,-0.40040932187245,-0.4091015841660951,-0.3960715358426076,-0.4474448861925498,-0.4125543141406196,0.0236998638087543,39,-0.19835212152301185,-0.19518036268388458,-0.19376677862242406,-0.19174849496672391,-0.19196965456211268,-0.19623278063527685,-0.19556162658727902,-0.19372353897465724,-0.19287418308523074,-0.1932542202624159,-0.1988727144418325,-0.19874754890202814,-0.19163040377168267,-0.2001087139951961,-0.18934920934303842,-0.1947581568237863,0.003067311777504228,0.9408553513532727,0.9375919382478091,0.9468060831345154,0.946936437557631,0.9195982559396519,0.9443976183930995,0.9471631706112358,0.9185741977387035,0.9258445613508616,0.9361954757834682,0.9366337446273252,0.9534478471959544,0.9461736401321064,0.9388763742846287,0.9231693743835657,0.9374842713822552,0.01058821241112606,28,0.9843657856838841,0.9851789254596928,0.9856244022687346,0.9836103224641357,0.9859964049578382,0.9857735224639361,0.9857878155195242,0.9845993493546121,0.9833745950837643,0.9849647946926686,0.9839882952385423,0.9838032393446517,0.9851544060050847,0.9841650464874843,0.9845743880877205,0.9847307528741518,0.0008181827443410831,0.6917876243733081,0.4125543141406196,0.9374842713822552
2.168720515569051,0.03986093624073341,0.02843159039815267,0.008332696330426999,,0.9,2,4,200,"{'max_depth': None, 'max_features': 0.9, 'min_samples_leaf': 2, 'min_samples_split': 4, 'n_estimators': 200}",-0.6367044308862864,-0.7068806619315716,-0.6339596335289174,-0.6489393063541682,-0.8212214060977058,-0.6283508150475468,-0.6480433653364669,-0.7317798745325945,-0.7939556599515659,-0.7496992184934657,-0.7321009137946853,-0.5750135283412163,-0.6509137958744542,-0.6733219374362996,-0.7754129682348266,-0.6937531677227846,0.0686695449146892,44,-0.3519640367214269,-0.3387927015909651,-0.33771314592364254,-0.35876543495581054,-0.32498681062242885,-0.32927267451524894,-0.32807621446216134,-0.3528507591769697,-0.35084897947511295,-0.34354490923930825,-0.34947177313818134,-0.35979488236393725,-0.3348011814001003,-0.3493215274647138,-0.34380657669575854,-0.3436007738497177,0.010631715624912432,-0.4051569618582072,-0.42569640418139193,-0.4050179922869608,-0.40815096864736244,-0.40861241313598395,-0.3766791241678692,-0.3829562219065818,-0.46393711362421713,-0.4429805165478041,-0.4233702705928403,-0.4075961172583804,-0.3946188432619807,-0.4112294535199331,-0.3962486905912564,-0.4493088479005365,-0.4134373292987537,0.02326407832553208,45,-0.19914327402886667,-0.19558125913090482,-0.19327084790887086,-0.19164840644055187,-0.19177341904276402,-0.19518749095092172,-0.19503789329249532,-0.19440248952935735,-0.19430105675636267,-0.19487056045882079,-0.19893499167370743,-0.19790892032777171,-0.1909247385531836,-0.20005636649445838,-0.1890779626982754,-0.19480797848582085,0.0030948931424812317,0.9393084917398027,0.9354700107922359,0.9469946863392217,0.9472981201272589,0.9203767355904248,0.9451027059616292,0.9461801755471527,0.9199131000252933,0.926500246146799,0.9322691721818204,0.934647359759268,0.9545504895673728,0.9450900070145135,0.9385952930506677,0.9250515333275223,0.937156541811399,0.010290484872773599,39,0.9844262110323284,0.9851925631346266,0.9853375663444464,0.9832586809238029,0.9860283629156582,0.9862543729043846,0.9860739877746012,0.984398333708856,0.9836488878024853,0.9844964326854455,0.9839705438859762,0.9835281085630144,0.9855336859044617,0.9844224851557373,0.984609315182943,0.9847453025279177,0.0009223931328603157,0.6937531677227846,0.4134373292987537,0.937156541811399
3.2386330286661784,0.03439802827910706,0.03703025182088216,0.004447157985822188,,0.9,2,4,300,"{'max_depth': None, 'max_features': 0.9, 'min_samples_leaf': 2, 'min_samples_split': 4, 'n_estimators': 300}",-0.6307858706243911,-0.7043719642767997,-0.6355649999768052,-0.64914419545943,-0.821917630872309,-0.6322958064305327,-0.6443299762495097,-0.7362568497347637,-0.8008303468861776,-0.7381810296732751,-0.7191655246406704,-0.5792295854521637,-0.6471565602972003,-0.6736791282152497,-0.7848169619979488,-0.6931817620524818,0.06926689361677438,39,-0.3508896584425456,-0.3379955087142573,-0.33631559560808993,-0.3548508563342841,-0.32485464323484936,-0.33033558596665763,-0.32877097955055185,-0.3522800246162727,-0.35304501183173803,-0.3408988553938349,-0.34719411278164497,-0.35835472054473194,-0.33796038456416394,-0.3512610328186314,-0.34396487886981714,-0.34326478995147147,0.010009454546871424,-0.401759525570078,-0.42531379466981756,-0.4045964313580988,-0.4050209387939988,-0.4079387720326304,-0.37460969430640223,-0.38332300950582177,-0.465700625209762,-0.4447259516902205,-0.41959671390290765,-0.4033806560145349,-0.3982779542792552,-0.4090122989790834,-0.39735399617658224,-0.4474214424910883,-0.4125354536653521,0.02362399254003319,37,-0.19803910411805786,-0.19557599413871807,-0.1941639856083498,-0.19046007765449638,-0.19180191081465636,-0.19537844501030752,-0.19523317217865482,-0.19362951133047407,-0.19395983712633671,-0.1946519052679537,-0.19774274369643172,-0.19873361690462013,-0.19105217947975386,-0.20002984872284876,-0.18950575290159785,-0.19466387233021715,0.0030024842775513093,0.9404315774588057,0.9359272279058702,0.946725897326779,0.9472648358261369,0.9202416704597149,0.9444112158155329,0.9467952002889168,0.9189301709780541,0.9252218992291998,0.9343343832296361,0.9369363708168296,0.9538815654380278,0.9457220856244146,0.9385301265632547,0.9232226012816535,0.9372384552161883,0.010549310351785674,37,0.9845211446120276,0.9852621661398944,0.9854586696494702,0.9836220251478522,0.9860397247261794,0.9861654862935778,0.9860149432516611,0.9844487641444051,0.9834435575902587,0.9847343363070563,0.9841788049521124,0.98365970972544,0.98525938789549,0.9842490257805521,0.9845951389575031,0.9847768590115655,0.000863816743613724,0.6931817620524818,0.4125354536653521,0.9372384552161883
4.4537078221639,0.2214503636576129,0.06366098721822103,0.027358518400426687,,0.9,2,4,400,"{'max_depth': None, 'max_features': 0.9, 'min_samples_leaf': 2, 'min_samples_split': 4, 'n_estimators': 400}",-0.6285381386156261,-0.695161404422216,-0.6350865077854824,-0.6511622699390617,-0.825226197445612,-0.6323731337872537,-0.6420979814223882,-0.7378715112284238,-0.7974892009176193,-0.7276450906673758,-0.7208890049741792,-0.5819468778890385,-0.6444589918020384,-0.6717790977193303,-0.7850889569839762,-0.6917876243733081,0.06905165988157902,29,-0.3526461751634037,-0.3389486800168563,-0.334393550222734,-0.354977610888003,-0.3253582768458446,-0.3349824877727183,-0.33142996976013844,-0.35057028250513883,-0.3537795165035815,-0.3383158767604897,-0.34927821338598736,-0.3567773935217338,-0.3391617177437607,-0.35219619523682655,-0.3441964670799213,-0.343800827560476,0.00949444506284724,-0.4006615771310852,-0.4247118880350099,-0.4036760858814338,-0.40529199279431066,-0.40994845111048506,-0.3752227699268417,-0.3828355100257311,-0.4671878392292929,-0.4444040220104782,-0.41642023005681006,-0.4049270178341124,-0.40040932187245,-0.4091015841660951,-0.3960715358426076,-0.4474448861925498,-0.4125543141406196,0.0236998638087543,39,-0.19835212152301185,-0.19518036268388458,-0.19376677862242406,-0.19174849496672391,-0.19196965456211268,-0.19623278063527685,-0.19556162658727902,-0.19372353897465724,-0.19287418308523074,-0.1932542202624159,-0.1988727144418325,-0.19874754890202814,-0.19163040377168267,-0.2001087139951961,-0.18934920934303842,-0.1947581568237863,0.003067311777504228,0.9408553513532727,0.9375919382478091,0.9468060831345154,0.946936437557631,0.9195982559396519,0.9443976183930995,0.9471631706112358,0.9185741977387035,0.9258445613508616,0.9361954757834682,0.9366337446273252,0.9534478471959544,0.9461736401321064,0.9388763742846287,0.9231693743835657,0.9374842713822552,0.01058821241112606,28,0.9843657856838841,0.9851789254596928,0.9856244022687346,0.9836103224641357,0.9859964049578382,0.9857735224639361,0.9857878155195242,0.9845993493546121,0.9833745950837643,0.9849647946926686,0.9839882952385423,0.9838032393446517,0.9851544060050847,0.9841650464874843,0.9845743880877205,0.9847307528741518,0.0008181827443410831,0.6917876243733081,0.4125543141406196,0.9374842713822552
3.1754469871520996,0.28463472234980747,0.03652567863464355,0.007683621232653622,,1.0,1,2,200,"{'max_depth': None, 'max_features': 1.0, 'min_samples_leaf': 1, 'min_samples_split': 2, 'n_estimators': 200}",-0.6567448894537754,-0.706218404888173,-0.6363047508336395,-0.6423379809991383,-0.802489264358844,-0.643981802281224,-0.6300897467624932,-0.7401576716755494,-0.8326623805492814,-0.6780778639138642,-0.7171388947565314,-0.5896487357256648,-0.6593437735879605,-0.643944031436143,-0.8184669366231094,-0.693173808523026,0.07216440896513537,38,-0.28102569646772885,-0.25092012539769143,-0.2602349567948168,-0.27351792035998057,-0.25193755719366906,-0.2488927717275621,-0.26109197594356864,-0.26996534030042213,-0.26083573745123695,-0.269239356668973,-0.2648559370588103,-0.2754045950325748,-0.2669752819813533,-0.25925349067010256,-0.2643013376828819,-0.2638968053820915,0.008880953899667388,-0.40306161635341414,-0.4128734430419543,-0.397590347063593,-0.39428607798761683,-0.39927989163564265,-0.37461407314756245,-0.3714405962390568,-0.46708566360019094,-0.4416271049345942,-0.40715260244193285,-0.40528852999112,-0.3928408064200464,-0.4027453868918864,-0.38437419204777507,-0.43504014718059,-0.4059533652651318,0.024475455408432135,22,-0.158798450784974,-0.1519254321217926,-0.15124829845300153,-0.1521398812560196,-0.15064160005624352,-0.15251661241793002,-0.15540304720918474,-0.1516749734625844,-0.15083871358115244,-0.15416499452412233,-0.1542494724137801,-0.15625957360824397,-0.15622239010469266,-0.15343718313786966,-0.14855946414222396,-0.15320533915158768,0.0025792276774660072,0.935427799002283,0.9355908668952099,0.9466018108902519,0.9483648847298469,0.923967736675883,0.942337460796045,0.9491209534061851,0.9180688500585406,0.9191590750043328,0.9445921368904274,0.9372913003836063,0.9522074912878172,0.9436585195827306,0.9438367309334269,0.9164976087799704,0.9371148816877704,0.011684650387298913,43,0.9900713598394871,0.9918776296206365,0.991293544289799,0.990269390231952,0.9916034350282059,0.9921462378682339,0.99118008638035,0.9908671801066974,0.9909626510384034,0.9904777036622653,0.9907930877274449,0.9903489209725197,0.9908013089125457,0.9914198140911864,0.9909044638002908,0.991001120904668,0.0005742454661321865,0.693173808523026,0.4059533652651318,0.9371148816877704
4.424118200937907,0.14318888090483928,0.0444822629292806,0.006837655413451088,,1.0,1,2,300,"{'max_depth': None, 'max_features': 1.0, 'min_samples_leaf': 1, 'min_samples_split': 2, 'n_estimators': 300}",-0.6505015978060041,-0.7016253192520789,-0.6373030358719854,-0.6474945162956175,-0.7973417237450501,-0.6408585883168393,-0.6305672729841186,-0.7411761738130594,-0.8396836399629131,-0.6724918354817405,-0.7028720184515891,-0.5899592852710225,-0.6491062275025327,-0.6414869924955363,-0.8188212916228382,-0.6907526345915282,0.07296809073437842,27,-0.2790164890589663,-0.2524302967134229,-0.25813970468061437,-0.2693205371284799,-0.25105206934783275,-0.2505487525402732,-0.2583314778366474,-0.26865570694389657,-0.26408260720200255,-0.2674872158829035,-0.2661206201931549,-0.2736323854617624,-0.26353453785257897,-0.26213187410005834,-0.2625170607456555,-0.2631334223792166,0.007867594110454932,-0.4002713734361841,-0.41146282783855737,-0.3953630601933992,-0.3947868464470385,-0.3969473152362522,-0.37419352478724555,-0.3733504366309293,-0.46478316218821497,-0.44380066593199474,-0.4066153389343591,-0.39936114409511664,-0.39363500844354415,-0.40096722609634583,-0.3856859145166869,-0.4318002311596994,-0.4048682717290379,0.02398230340757925,17,-0.1576784307686917,-0.1520504733145073,-0.15189693120638625,-0.15128435381936814,-0.1503938713547647,-0.15227788747493726,-0.15436213831075796,-0.15135642060657467,-0.15109199140187382,-0.1536887882142578,-0.1537008701080905,-0.15570779424311124,-0.15466445488313618,-0.15361275789274742,-0.148062156020436,-0.15278862130797607,0.00227472944549509,0.9366496641929067,0.9364259474722654,0.9464341288825314,0.9475325284588209,0.9249400211323933,0.942895413634195,0.9490438047598488,0.9178432103910539,0.9177899769704659,0.9455012803342046,0.9397615555588846,0.9521571363922807,0.9453945504276068,0.9442645074613347,0.9164252884604219,0.937537267635281,0.011870176089794692,27,0.9902128229548509,0.9917795658808205,0.9914331779683837,0.9905657489555537,0.9916623543118007,0.992041381907658,0.9913656044817529,0.9909555739302505,0.990736257784762,0.9906012377182256,0.9907049520688743,0.9904727293929488,0.9910368842009115,0.9912282319798721,0.9910268557293841,0.9910548919510698,0.0005076108164378562,0.6907526345915282,0.4048682717290379,0.937537267635281
6.023368310928345,0.16837464341064132,0.07456583976745605,0.014588225510495116,,1.0,1,2,400,"{'max_depth': None, 'max_features': 1.0, 'min_samples_leaf': 1, 'min_samples_split': 2, 'n_estimators': 400}",-0.6475969797987925,-0.6827900989103806,-0.6373463048133381,-0.6469975609320426,-0.7958257504346707,-0.6419140371780666,-0.6329854527896032,-0.7334368729643765,-0.8386766885680752,-0.6755780876840133,-0.7046713779823298,-0.5886584775104052,-0.6446612884652597,-0.638256232059221,-0.8210276636907781,-0.6886948582520902,0.0729356825261417,25,-0.2774220482655158,-0.250985753989434,-0.255564254660215,-0.2701944566899255,-0.2516524600937587,-0.2502348685029158,-0.2637775919335673,-0.26656281845304824,-0.26600951542121004,-0.26420894982998555,-0.2655637628653948,-0.27298478685722877,-0.264463752262433,-0.2651596681064009,-0.26329315080707355,-0.26320518924920716,0.007691772202253275,-0.39948628085253607,-0.4065741305618007,-0.39493163813205634,-0.39494139919086085,-0.3986755555349474,-0.3758912620316438,-0.3725973803792114,-0.4631140274080206,-0.4440306301139021,-0.4053567885855093,-0.39817259484433287,-0.3945711404549017,-0.3997786437769736,-0.3848355555654665,-0.4343619868138198,-0.40448793428306556,0.023833961691486917,11,-0.15755322901562172,-0.15168575394797837,-0.1513288958875022,-0.15180949437429572,-0.15106330522816483,-0.1512436002033724,-0.15522314018503516,-0.1514713137318819,-0.15062146042496122,-0.15324361930148733,-0.1541858585826849,-0.15597210490443256,-0.1549340564564698,-0.1549790264203621,-0.14811588035083087,-0.1528953826010054,0.0024233314855981875,0.9372141446171709,0.9397934390888302,0.9464268550517617,0.9476130356593563,0.9252251705199315,0.9427071642987954,0.9486522287302904,0.9195500014607523,0.917987031807548,0.9449999129252807,0.9394527387136614,0.9523678823172937,0.9461398424749917,0.9448245019193837,0.915974285668253,0.9379285490168868,0.011725848836743864,25,0.9903243610704477,0.9918733802250161,0.9916032669443673,0.9905044231214251,0.9916224276857124,0.9920613103117801,0.9909977083215938,0.9910959412796073,0.9906005767200096,0.9908302044206121,0.9907438111406965,0.9905177719132767,0.990973565444178,0.991024422395672,0.9909737219482732,0.9910497928628446,0.0005035312770165945,0.6886948582520902,0.40448793428306556,0.9379285490168868
2.837339655558268,0.19491285986723444,0.03248058954874675,0.009871872386232002,,1.0,1,4,200,"{'max_depth': None, 'max_features': 1.0, 'min_samples_leaf': 1, 'min_samples_split': 4, 'n_estimators': 200}",-0.6534581748181681,-0.7058129499553424,-0.6409015240669623,-0.6496923581664032,-0.8043853973588637,-0.6462432722125705,-0.6344641546387446,-0.7561269944892647,-0.8405834863049323,-0.6720763013276517,-0.7155935562957894,-0.594744507819069,-0.6725252547146334,-0.6640943494159209,-0.8264059509774896,-0.6984738821707871,0.07271296883250176,60,-0.310489467780368,-0.27284757694567197,-0.28892431911650884,-0.3071589792611647,-0.2977254294603517,-0.2695280914199038,-0.28734299343804215,-0.29957797979804485,-0.2953016914493674,-0.29527718470238973,-0.29810052053301295,-0.30101523187849355,-0.2944471053475485,-0.2918162062509285,-0.28529769896973606,-0.2929900317567688,0.010773991094905393,-0.4046300737536858,-0.4168404368472554,-0.39952145694891117,-0.4005282241511626,-0.4060267553165469,-0.37396486676088525,-0.3720336799346943,-0.4739832948054217,-0.449332157502812,-0.4047939253970732,-0.4104899149959743,-0.3964320377882959,-0.4103402755108831,-0.38966575095878797,-0.44100458559438827,-0.4099724957511185,0.02615095276108389,36,-0.17748140636665904,-0.16796515463068495,-0.1692290717222989,-0.17022020497602824,-0.17248095074318753,-0.16776132541632907,-0.17320300539572375,-0.17024591349176285,-0.16796826757976413,-0.17213579909269866,-0.17427994494874532,-0.1729402628838543,-0.17187355191260323,-0.1712338332830171,-0.16290854341214078,-0.17079514905703322,0.003303849992043138,0.9360724917660327,0.9356648029579595,0.94582750899767,0.9471757349581372,0.9236080119787056,0.9419317627948303,0.9484120439651735,0.9144952883495666,0.9176136819389841,0.9455686092790337,0.9375612669302028,0.9513778716914133,0.9413832641108107,0.9402668105916789,0.9148698293289526,0.9361219319759435,0.012079820657502821,60,0.987880311681306,0.9903960033421119,0.989268057821364,0.987728577298416,0.9882740595185655,0.9907899657065513,0.9893173621593885,0.9887537263280304,0.9884165285539984,0.9885468648019976,0.9883367375437924,0.9884705005712469,0.9888108136933379,0.9891290803189647,0.9894019461438041,0.9889013690321916,0.0008212747919504494,0.6984738821707871,0.4099724957511185,0.9361219319759435
3.9890957196553547,0.04485760599366761,0.03986819585164388,0.006696562833659533,,1.0,1,4,300,"{'max_depth': None, 'max_features': 1.0, 'min_samples_leaf': 1, 'min_samples_split': 4, 'n_estimators': 300}",-0.6496613282086874,-0.707036658828604,-0.6403208036890509,-0.6498699261735358,-0.803088872560486,-0.6465161640496361,-0.634735279383552,-0.7562546961526062,-0.8472134950463153,-0.6611127728702384,-0.6998446650438631,-0.5939007414292111,-0.6643071054623103,-0.6581962445382769,-0.8237093388362081,-0.695717872818172,0.07396469091566166,58,-0.3082655022528185,-0.2760425290507995,-0.2862893432458346,-0.3026394797240016,-0.2942362661798832,-0.27077389757995995,-0.2877966526524557,-0.29658750345158036,-0.2982415233054253,-0.29294163041138377,-0.29677543544793317,-0.29829653003949796,-0.2926805898171773,-0.2938124495023773,-0.28521530694797254,-0.2920396426406067,0.009349974035227273,-0.4025123113160293,-0.41715372070267337,-0.39627296492452335,-0.4001067848606885,-0.403392359892143,-0.37449439885938185,-0.37484547227406845,-0.47271939576255295,-0.4507369589613726,-0.40350094098594647,-0.4050516137667003,-0.39858755329919965,-0.40947097483437794,-0.38957428908181096,-0.4383651265820471,-0.4091189910735677,0.025734951321513343,34,-0.17651531430828155,-0.16851731334219622,-0.16959510896274432,-0.1691704386805977,-0.17098664900945318,-0.16773219457075067,-0.17315858054391708,-0.16887512857368792,-0.16770737758642124,-0.17151205791801458,-0.1735522232713907,-0.17257419077644345,-0.17120439001804424,-0.17153298765527406,-0.16288067725260305,-0.17036764216465466,0.0030779139032628415,0.9368132209963972,0.9354415262420793,0.9459256358260427,0.9471468561167342,0.9238540738454069,0.9418827110078044,0.9483679445159383,0.9144664042704655,0.9163089307738329,0.947329994554507,0.9402793463531679,0.9515157346408212,0.9428070851620116,0.9413231306669422,0.9154244925971741,0.9365924725046216,0.01235705349343652,58,0.9880533110255674,0.9901697674261775,0.9894629147992039,0.9880870409738981,0.9885472909916573,0.990704628147657,0.9892836038783779,0.9889771329651926,0.9881847454900382,0.9887273300088067,0.9884401957064084,0.9886778237647373,0.9889446684945539,0.9889798410018938,0.9894080665506685,0.9889765574149892,0.000722123116550469,0.695717872818172,0.4091189910735677,0.9365924725046216
5.3875656445821125,0.09299258004686475,0.051516246795654294,0.005244383329556176,,1.0,1,4,400,"{'max_depth': None, 'max_features': 1.0, 'min_samples_leaf': 1, 'min_samples_split': 4, 'n_estimators': 400}",-0.6462458944578349,-0.6909214155790521,-0.6399470503270526,-0.6495610373481684,-0.8076870008417463,-0.6484393655550911,-0.6354932063154073,-0.7521668165339561,-0.8455218963566798,-0.6666092946587606,-0.6994363372086955,-0.5921842122153,-0.6556388923487515,-0.6524201762223636,-0.8241063590455334,-0.6937585970009595,0.07448749118704574,46,-0.306626947870807,-0.2754224999076058,-0.28429073665047494,-0.3031980208414448,-0.2949970674631277,-0.2722442526717622,-0.2902656874994767,-0.29499764307836746,-0.2999634139832755,-0.2900241422599013,-0.2968368724556713,-0.2976635634061391,-0.2941234647651652,-0.2972208336519244,-0.28629939659991244,-0.2922783028736704,0.009204157594389788,-0.40064536764779185,-0.4129399594740767,-0.3960803758635586,-0.39985501484776803,-0.40635749877535055,-0.37604393336384484,-0.37424493958344285,-0.47129544311123106,-0.450503599705318,-0.40474339748894955,-0.4032409579763655,-0.39876852006014235,-0.4075738760806473,-0.38779569551849896,-0.43995435119316434,-0.4086695287126767,0.02556599231845397,32,-0.17633454448076963,-0.16822054368951567,-0.1691929681644469,-0.17007117646267983,-0.1717199703455834,-0.16760464468583192,-0.17313431286426273,-0.16944403313110942,-0.16747016594725847,-0.1707271293295826,-0.17413978997579532,-0.1727598740225933,-0.17158324972419098,-0.17317022424995976,-0.16325068403522014,-0.17058822074058666,0.0031345609189145384,0.937475852320579,0.9383509059329854,0.9459887434961172,0.9471970872937415,0.9229796224890183,0.9415364319579038,0.9482445649247936,0.9153885963252275,0.9166428026218841,0.9464505521652768,0.9403490146452476,0.9517955941578782,0.9442899111171738,0.9423484616014817,0.9153429437394514,0.9369587389859174,0.012334445027612705,54,0.9881799763459189,0.9902138779157188,0.9896095215770635,0.9880430280940361,0.9884879883050794,0.9906034026894848,0.989098941179774,0.9890949926073322,0.9880479214432252,0.988950747289965,0.9884354091020466,0.988725822689006,0.9888353972912115,0.9887226783190098,0.989327394668189,0.9889584733011374,0.0007198729704709269,0.6937585970009595,0.4086695287126767,0.9369587389859174
2.5212387243906655,0.0453364091778573,0.027344131469726564,0.0057738635736862285,,1.0,2,2,200,"{'max_depth': None, 'max_features': 1.0, 'min_samples_leaf': 2, 'min_samples_split': 2, 'n_estimators': 200}",-0.6556737462536907,-0.7338005396521133,-0.6416009456295846,-0.6665211247480141,-0.8613523709195589,-0.6335134905929097,-0.6565321922324835,-0.760960549609181,-0.8409093180479598,-0.6991853992386298,-0.7206356624438001,-0.6049132050839531,-0.686658784470129,-0.6758127301800367,-0.8475884324759425,-0.7123772327718657,0.07885434169120277,69,-0.36481348061119795,-0.3354983882423604,-0.3427201376478563,-0.3726663382999767,-0.3475192904504691,-0.33343717328821104,-0.3367005890674796,-0.36122274699287776,-0.3653116833456636,-0.3502940390679676,-0.36147519248025817,-0.3644977646172063,-0.3457358544196885,-0.35257941100754475,-0.35513916465056977,-0.3526407502792885,0.011840168854593505,-0.4055208226647839,-0.4297941018604303,-0.4049488150988901,-0.41067320255153905,-0.4200380648358295,-0.36777712866538814,-0.3824709546455612,-0.4751459802855038,-0.45036387239392767,-0.41314939936937617,-0.4026629218552801,-0.40359805408454535,-0.4099088850669066,-0.3983554598490192,-0.4567627064856988,-0.41541135798084533,0.02700655328979286,59,-0.20067892053221822,-0.19208113910105162,-0.1920296122736161,-0.1931378746849228,-0.19551915997569616,-0.19484679770005192,-0.1960561233119988,-0.19352107651884728,-0.1951691110964165,-0.1947460133139974,-0.20160716715226237,-0.1981036012284729,-0.19293017376040122,-0.19657537209914042,-0.19157597213780428,-0.19523854099245988,0.0029174501907398374,0.9356382602349347,0.9304614798288225,0.9457092066332368,0.9444037136248148,0.9124046275887556,0.944196902324306,0.944760951195298,0.9133986135128072,0.9175497994554955,0.9410889221825269,0.9366782744968138,0.9497010157532128,0.9388936425347465,0.9381401488344782,0.9104497764546737,0.9335650223103281,0.013009023539103317,69,0.9832683234074723,0.9854791287801833,0.9848995679184466,0.981936212441885,0.9840237937566683,0.9859044766140939,0.9853321981563884,0.9836491982057582,0.982273051324858,0.9838812968019632,0.9828504955548015,0.9830946858269064,0.9845733094748258,0.9841305685156817,0.983577974508971,0.9839249520859268,0.0011223123812048833,0.7123772327718657,0.41541135798084533,0.9335650223103281
3.7962298234303793,0.07601861338918278,0.040109841028849284,0.005982264715619626,,1.0,2,2,300,"{'max_depth': None, 'max_features': 1.0, 'min_samples_leaf': 2, 'min_samples_split': 2, 'n_estimators': 300}",-0.6502679985161056,-0.7340931842253016,-0.6420621044155134,-0.6687137900335981,-0.8565828481576091,-0.6355202664031735,-0.6538136101840618,-0.7631283768768251,-0.841990851054823,-0.6907264837818227,-0.7147583358810136,-0.6030183919326193,-0.6826003413303653,-0.6765412946076106,-0.8563361162743599,-0.7113435995783202,0.07999998539300926,65,-0.3635299935615664,-0.3383260692259025,-0.34194265446677613,-0.3690790911893497,-0.34344743865941313,-0.33259263627064656,-0.3369782367435201,-0.3592527036843205,-0.3658461563399233,-0.3454657802020465,-0.35815455412349717,-0.36293226314282684,-0.3463370748674954,-0.35472382955085224,-0.35426403419545965,-0.35152483441490634,0.011176886614217136,-0.40424744303573795,-0.42979813323230814,-0.4029783646760426,-0.4085120990855341,-0.41612200341927497,-0.3692084474256789,-0.38358745336472416,-0.4755862876555922,-0.450284648130203,-0.41215732157352214,-0.40006877126768,-0.40313572826593946,-0.4122078357406799,-0.39749316697936204,-0.4566811509103813,-0.4148045903175107,0.027011857914220623,55,-0.20048991283199774,-0.193112828423341,-0.1934836150605237,-0.19220077309176556,-0.1939967751093943,-0.19382302300929366,-0.1960873974009458,-0.1929574949518717,-0.19457796727649468,-0.19319288883438285,-0.20017282412188597,-0.19829363192159255,-0.19268459017622944,-0.1970718025327844,-0.19088451509582052,-0.19486866932255492,0.002816185602601048,0.9366951550460405,0.9304060039131533,0.9456311341982117,0.9440373199503678,0.9133720166344951,0.9438428082943223,0.945217474030895,0.9129044899741919,0.9173375769103498,0.9425057406849745,0.937706935291847,0.9500156324859488,0.939613836611755,0.9380067000891443,0.90859180058867,0.933725641646958,0.01332091268317945,67,0.9833858471004131,0.9852333247614385,0.984968002853103,0.9822822989412983,0.9843959839472726,0.9859757890929344,0.9853079976629104,0.9838270604766678,0.9822211421924271,0.9843225770568373,0.9831641310930483,0.9832395891059013,0.9845196100626794,0.9839369429611291,0.9836588087797068,0.9840292737391845,0.0010491244790088773,0.7113435995783202,0.4148045903175107,0.933725641646958
5.029124673207601,0.10126406902727396,0.052408329645792645,0.008548506326549897,,1.0,2,2,400,"{'max_depth': None, 'max_features': 1.0, 'min_samples_leaf': 2, 'min_samples_split': 2, 'n_estimators': 400}",-0.6457084087600348,-0.712811524886745,-0.6406491985932387,-0.6664074934223767,-0.8577749478967611,-0.6377365441905309,-0.6566036890309669,-0.7547809554948579,-0.8369555575661669,-0.6883026076972953,-0.7123837940004033,-0.6026740634071261,-0.6739098514502216,-0.6696243574435566,-0.8562884017269442,-0.7075074263711484,0.0796324554717991,61,-0.3623368586457736,-0.33601352341578733,-0.33909370399133115,-0.36731219888158256,-0.34300372390491224,-0.33543279702238216,-0.33993774783019304,-0.35685144798571244,-0.36661443087833795,-0.34308948411441137,-0.3586408188167316,-0.3621692838163636,-0.34713822596997895,-0.3566820543273821,-0.3537201333132038,-0.3512024288609389,0.010854685310684271,-0.402820907403045,-0.4241454369773609,-0.401519553047248,-0.4080774484117344,-0.4185551545906745,-0.3708614764250337,-0.38315818354787873,-0.4730555846968331,-0.4510137825762437,-0.4110863154736639,-0.39909997854227003,-0.4044072577166139,-0.4110522318343414,-0.39558954985520606,-0.4563467947601265,-0.41405264372388495,0.026548805398778942,51,-0.2004014509692077,-0.19163916127896335,-0.19276516030074206,-0.1929021549085538,-0.19465498259547837,-0.19401439198809567,-0.19599271286139544,-0.19352335846423266,-0.19415462882377052,-0.19265045850221932,-0.2002680452258018,-0.19851503866714512,-0.19277193408404608,-0.19831144190804803,-0.1907982690403296,-0.19489087930786864,0.0029874340675954967,0.9375798123158955,0.9343826304642145,0.9458701564502111,0.9444226685865452,0.9131307298609685,0.9434504464438033,0.944748919400865,0.9147994442237132,0.9183233001811338,0.9429085468501763,0.9381201428916414,0.9500726991690529,0.9411416550787051,0.9392678551001387,0.9086019867276683,0.9344547329163156,0.013147043581673663,61,0.9834947261257823,0.9854345029074107,0.9852174424092823,0.9824515327808719,0.9844362769227741,0.9857352481028029,0.9850487994382482,0.984042538742738,0.9821463928176418,0.9845375104824002,0.9831183841045,0.9833099846402704,0.9844479083781281,0.9837591037731186,0.9837089474593863,0.9840592866056904,0.0010251834378766013,0.7075074263711484,0.41405264372388495,0.9344547329163156
2.5188199996948244,0.034922953754196503,0.02630136807759603,0.005507149745206149,,1.0,2,4,200,"{'max_depth': None, 'max_features': 1.0, 'min_samples_leaf': 2, 'min_samples_split': 4, 'n_estimators': 200}",-0.6556737462536907,-0.7338005396521133,-0.6416009456295846,-0.6665211247480141,-0.8613523709195589,-0.6335134905929097,-0.6565321922324835,-0.760960549609181,-0.8409093180479598,-0.6991853992386298,-0.7206356624438001,-0.6049132050839531,-0.686658784470129,-0.6758127301800367,-0.8475884324759425,-0.7123772327718657,0.07885434169120277,69,-0.36481348061119795,-0.3354983882423604,-0.3427201376478563,-0.3726663382999767,-0.3475192904504691,-0.33343717328821104,-0.3367005890674796,-0.36122274699287776,-0.3653116833456636,-0.3502940390679676,-0.36147519248025817,-0.3644977646172063,-0.3457358544196885,-0.35257941100754475,-0.35513916465056977,-0.3526407502792885,0.011840168854593505,-0.4055208226647839,-0.4297941018604303,-0.4049488150988901,-0.41067320255153905,-0.4200380648358295,-0.36777712866538814,-0.3824709546455612,-0.4751459802855038,-0.45036387239392767,-0.41314939936937617,-0.4026629218552801,-0.40359805408454535,-0.4099088850669066,-0.3983554598490192,-0.4567627064856988,-0.41541135798084533,0.02700655328979286,59,-0.20067892053221822,-0.19208113910105162,-0.1920296122736161,-0.1931378746849228,-0.19551915997569616,-0.19484679770005192,-0.1960561233119988,-0.19352107651884728,-0.1951691110964165,-0.1947460133139974,-0.20160716715226237,-0.1981036012284729,-0.19293017376040122,-0.19657537209914042,-0.19157597213780428,-0.19523854099245988,0.0029174501907398374,0.9356382602349347,0.9304614798288225,0.9457092066332368,0.9444037136248148,0.9124046275887556,0.944196902324306,0.944760951195298,0.9133986135128072,0.9175497994554955,0.9410889221825269,0.9366782744968138,0.9497010157532128,0.9388936425347465,0.9381401488344782,0.9104497764546737,0.9335650223103281,0.013009023539103317,69,0.9832683234074723,0.9854791287801833,0.9848995679184466,0.981936212441885,0.9840237937566683,0.9859044766140939,0.9853321981563884,0.9836491982057582,0.982273051324858,0.9838812968019632,0.9828504955548015,0.9830946858269064,0.9845733094748258,0.9841305685156817,0.983577974508971,0.9839249520859268,0.0011223123812048833,0.7123772327718657,0.41541135798084533,0.9335650223103281
3.9056943893432616,0.08899563795592517,0.04058613777160645,0.006591672999195278,,1.0,2,4,300,"{'max_depth': None, 'max_features': 1.0, 'min_samples_leaf': 2, 'min_samples_split': 4, 'n_estimators': 300}",-0.6502679985161056,-0.7340931842253016,-0.6420621044155134,-0.6687137900335981,-0.8565828481576091,-0.6355202664031735,-0.6538136101840618,-0.7631283768768251,-0.841990851054823,-0.6907264837818227,-0.7147583358810136,-0.6030183919326193,-0.6826003413303653,-0.6765412946076106,-0.8563361162743599,-0.7113435995783202,0.07999998539300926,65,-0.3635299935615664,-0.3383260692259025,-0.34194265446677613,-0.3690790911893497,-0.34344743865941313,-0.33259263627064656,-0.3369782367435201,-0.3592527036843205,-0.3658461563399233,-0.3454657802020465,-0.35815455412349717,-0.36293226314282684,-0.3463370748674954,-0.35472382955085224,-0.35426403419545965,-0.35152483441490634,0.011176886614217136,-0.40424744303573795,-0.42979813323230814,-0.4029783646760426,-0.4085120990855341,-0.41612200341927497,-0.3692084474256789,-0.38358745336472416,-0.4755862876555922,-0.450284648130203,-0.41215732157352214,-0.40006877126768,-0.40313572826593946,-0.4122078357406799,-0.39749316697936204,-0.4566811509103813,-0.4148045903175107,0.027011857914220623,55,-0.20048991283199774,-0.193112828423341,-0.1934836150605237,-0.19220077309176556,-0.1939967751093943,-0.19382302300929366,-0.1960873974009458,-0.1929574949518717,-0.19457796727649468,-0.19319288883438285,-0.20017282412188597,-0.19829363192159255,-0.19268459017622944,-0.1970718025327844,-0.19088451509582052,-0.19486866932255492,0.002816185602601048,0.9366951550460405,0.9304060039131533,0.9456311341982117,0.9440373199503678,0.9133720166344951,0.9438428082943223,0.945217474030895,0.9129044899741919,0.9173375769103498,0.9425057406849745,0.937706935291847,0.9500156324859488,0.939613836611755,0.9380067000891443,0.90859180058867,0.933725641646958,0.01332091268317945,67,0.9833858471004131,0.9852333247614385,0.984968002853103,0.9822822989412983,0.9843959839472726,0.9859757890929344,0.9853079976629104,0.9838270604766678,0.9822211421924271,0.9843225770568373,0.9831641310930483,0.9832395891059013,0.9845196100626794,0.9839369429611291,0.9836588087797068,0.9840292737391845,0.0010491244790088773,0.7113435995783202,0.4148045903175107,0.933725641646958
5.08652450243632,0.053665628633168753,0.05268424352010091,0.008809123788422924,,1.0,2,4,400,"{'max_depth': None, 'max_features': 1.0, 'min_samples_leaf': 2, 'min_samples_split': 4, 'n_estimators': 400}",-0.6457084087600348,-0.712811524886745,-0.6406491985932387,-0.6664074934223767,-0.8577749478967611,-0.6377365441905309,-0.6566036890309669,-0.7547809554948579,-0.8369555575661669,-0.6883026076972953,-0.7123837940004033,-0.6026740634071261,-0.6739098514502216,-0.6696243574435566,-0.8562884017269442,-0.7075074263711484,0.0796324554717991,61,-0.3623368586457736,-0.33601352341578733,-0.33909370399133115,-0.36731219888158256,-0.34300372390491224,-0.33543279702238216,-0.33993774783019304,-0.35685144798571244,-0.36661443087833795,-0.34308948411441137,-0.3586408188167316,-0.3621692838163636,-0.34713822596997895,-0.3566820543273821,-0.3537201333132038,-0.3512024288609389,0.010854685310684271,-0.402820907403045,-0.4241454369773609,-0.401519553047248,-0.4080774484117344,-0.4185551545906745,-0.3708614764250337,-0.38315818354787873,-0.4730555846968331,-0.4510137825762437,-0.4110863154736639,-0.39909997854227003,-0.4044072577166139,-0.4110522318343414,-0.39558954985520606,-0.4563467947601265,-0.41405264372388495,0.026548805398778942,51,-0.2004014509692077,-0.19163916127896335,-0.19276516030074206,-0.1929021549085538,-0.19465498259547837,-0.19401439198809567,-0.19599271286139544,-0.19352335846423266,-0.19415462882377052,-0.19265045850221932,-0.2002680452258018,-0.19851503866714512,-0.19277193408404608,-0.19831144190804803,-0.1907982690403296,-0.19489087930786864,0.0029874340675954967,0.9375798123158955,0.9343826304642145,0.9458701564502111,0.9444226685865452,0.9131307298609685,0.9434504464438033,0.944748919400865,0.9147994442237132,0.9183233001811338,0.9429085468501763,0.9381201428916414,0.9500726991690529,0.9411416550787051,0.9392678551001387,0.9086019867276683,0.9344547329163156,0.013147043581673663,61,0.9834947261257823,0.9854345029074107,0.9852174424092823,0.9824515327808719,0.9844362769227741,0.9857352481028029,0.9850487994382482,0.984042538742738,0.9821463928176418,0.9845375104824002,0.9831183841045,0.9833099846402704,0.9844479083781281,0.9837591037731186,0.9837089474593863,0.9840592866056904,0.0010251834378766013,0.7075074263711484,0.41405264372388495,0.9344547329163156
2.3556018670399985,0.02968018755260458,0.031090831756591795,0.0036731552956817104,20,0.8,1,2,200,"{'max_depth': 20, 'max_features': 0.8, 'min_samples_leaf': 1, 'min_samples_split': 2, 'n_estimators': 200}",-0.6194405201633238,-0.6511861496434354,-0.6361363570030965,-0.6351177888719897,-0.7713746012522723,-0.6342315578285661,-0.6201769882997935,-0.7271967794293892,-0.7633321098108914,-0.729512788531446,-0.7080883157249817,-0.5647975445479928,-0.6329161218959029,-0.6514437220055421,-0.7346218849121977,-0.671971548661388,0.05954936093002976,12,-0.27485011587523084,-0.2594649370342641,-0.25213840944592036,-0.25797365912286735,-0.2422572127061684,-0.24856734733500588,-0.25531909418324644,-0.264640472365266,-0.24547928690092954,-0.2648999423730961,-0.2609956482779588,-0.27096298873204305,-0.25114750787629064,-0.26327615543804556,-0.2460489356063492,-0.2572014475515122,0.009302230419599624,-0.3903087322079632,-0.40181074976999726,-0.401469423677584,-0.4007663518656497,-0.3960543083630894,-0.3797257230431226,-0.3715097436531081,-0.458193953688002,-0.42797173795512466,-0.42228570954705263,-0.4051667974405241,-0.38800965956772954,-0.4048107289664641,-0.38830313314530446,-0.4356446882454642,-0.40480209607574535,0.021998376408080045,15,-0.16020282291804355,-0.15745901401440182,-0.15456210679538365,-0.1515658653005935,-0.1520743649194824,-0.15579278058007165,-0.15771529252344782,-0.1529184686618747,-0.14857430127087312,-0.15341080979221908,-0.1554425204596758,-0.15732601199755245,-0.15227441020746058,-0.15849716212226195,-0.14699331923504094,-0.1543206167198922,0.0035801150486824388,0.9425551092348334,0.9452379496393685,0.9466300701033719,0.9495191684558055,0.9297493856964958,0.9440703285861682,0.9507092490327369,0.9209131179221078,0.9320607967297027,0.9358675122940514,0.9388641301156451,0.9561511018733944,0.9480845345304338,0.942520902501196,0.9327295463265497,0.9410441935361241,0.009017215334443907,12,0.9905029318553616,0.9913150134034514,0.9918268749284849,0.9913439608448751,0.9922362908536079,0.9921667618465735,0.9915658004560679,0.991223903334919,0.9919954564949433,0.9907821776897643,0.9910595143148329,0.9906577076061048,0.9918596763400155,0.991151482225638,0.9921173441587796,0.9914536597568945,0.0005471611208489687,0.671971548661388,0.40480209607574535,0.9410441935361241
4.659305508931478,0.48587809770230805,0.07645389238993326,0.03279314748023223,20,0.8,1,2,300,"{'max_depth': 20, 'max_features': 0.8, 'min_samples_leaf': 1, 'min_samples_split': 2, 'n_estimators': 300}",-0.6130543721000247,-0.6428425064560753,-0.639678410061699,-0.6386373943331544,-0.7686031847296048,-0.6397376547349194,-0.623417370466939,-0.727025161184706,-0.770805892370106,-0.713716648246704,-0.6936234553617491,-0.5671803375924713,-0.633763310973273,-0.6482779787508307,-0.7437784297833421,-0.6709428071430399,0.059082622914552,10,-0.2724013214794975,-0.2565420140341736,-0.24950592133360064,-0.2542529990436283,-0.2403967661049829,-0.24876358506594404,-0.25371335563064173,-0.26390962522888406,-0.24792603071470132,-0.26060407970711735,-0.259431942049521,-0.26873167826289085,-0.2533070706347024,-0.2613846643981349,-0.24950360286392326,-0.2560249771034896,0.008233429431771485,-0.38769925343015377,-0.4015598348589461,-0.4027492620343496,-0.4004282301111747,-0.3956162024123415,-0.38012966415557603,-0.3749517098502757,-0.4584630340769053,-0.4279403153708124,-0.4157857585143547,-0.4007592242294875,-0.39244739865749684,-0.4059277299312959,-0.3897645825123449,-0.43446272537491665,-0.4045789950346954,0.021168242343166086,13,-0.157522605992873,-0.15656491103670303,-0.1540774650926591,-0.15027732613815484,-0.1512183271010193,-0.15483863455767424,-0.1573074715166455,-0.15279361187819204,-0.14828212426833107,-0.15253636027075376,-0.15488617801142637,-0.15734269122860642,-0.1525552180189218,-0.15685707345907532,-0.14743162474716284,-0.1536327748878799,0.0031817586174951126,0.9437334646382993,0.9466322906719609,0.9460340802245698,0.9489581232011643,0.9302532756673303,0.9430950035873499,0.9501928218232483,0.9209504424831639,0.9307238987316515,0.9386147651137304,0.9413363904775391,0.955780338052181,0.9479454587510715,0.9430781937131428,0.9310421375384675,0.9412247123116582,0.009000226294943531,10,0.9906714074271571,0.9915095873663421,0.9919966494262434,0.991591846078145,0.9923550778564774,0.9921543886714236,0.9916715546465031,0.9912723096004793,0.991835095335358,0.9910787229846993,0.9911663238581916,0.990810936842557,0.9917190807093028,0.9912781687421801,0.9918944362316335,0.9915337057184462,0.000468619660691226,0.6709428071430399,0.4045789950346954,0.9412247123116582
5.328134187062582,0.3563155649717325,0.06399219830830892,0.011399728619631348,20,0.8,1,2,400,"{'max_depth': 20, 'max_features': 0.8, 'min_samples_leaf': 1, 'min_samples_split': 2, 'n_estimators': 400}",-0.6163840839180014,-0.6408180011739133,-0.6361537826712883,-0.6441869200458262,-0.7647211222143013,-0.6379559492710082,-0.6271663829781645,-0.7233040898092621,-0.7710736049763447,-0.7166638512346573,-0.6953203014772845,-0.5675013757192333,-0.6325718869527116,-0.646175837216967,-0.7390302953606843,-0.6706018323346432,0.05801251086924402,9,-0.27278255513186267,-0.25782201033422775,-0.25047077418875907,-0.25703190615510707,-0.24016023205600326,-0.24884979127691276,-0.2562923867606091,-0.2627554005361119,-0.250271292569457,-0.2543060728131217,-0.2598840467569301,-0.26669223937056474,-0.2554514590664053,-0.2613755526521171,-0.24857289323518572,-0.25618124086022503,0.007803074783929974,-0.3899881102877477,-0.40212671856070004,-0.40154767414813236,-0.40233892654214753,-0.3949251032451965,-0.3803406150982228,-0.3746577667089266,-0.4567708630815153,-0.42651690076436377,-0.41584099107004313,-0.40112748720219576,-0.3929565216951534,-0.40511196297286306,-0.38868284921113505,-0.4321934673146186,-0.4043417305268642,0.020498564663500272,9,-0.15805694842832643,-0.15696811574640063,-0.1543694442161935,-0.1509700199337076,-0.15064355584257674,-0.15424325082460918,-0.1572677933440754,-0.1530283772903286,-0.1479792783868186,-0.15129811210111574,-0.1553902678312109,-0.15754488513466952,-0.1533141651296655,-0.15778781232128478,-0.14659166421289596,-0.15369691271625863,0.003501475562520824,0.9431205984994658,0.946967903448007,0.946627146140868,0.9480671985060898,0.9309560501782784,0.9434115294529511,0.949591974941459,0.9217575570159033,0.9306757690884482,0.9381067532004643,0.941049015891656,0.955730265035906,0.9481409914818468,0.9434467506989195,0.931919754020197,0.9413046171733639,0.008727336356833912,8,0.9906452778766602,0.9914246515045947,0.9919346309666139,0.991407044580694,0.9923701146209369,0.9921489501132499,0.9915013744847507,0.9913484848196208,0.9916798925207067,0.9915047127755579,0.9911355086360533,0.9909498815383543,0.9915782818663259,0.9912787768094227,0.9919547949263507,0.991524158535993,0.0004363474144461432,0.6706018323346432,0.4043417305268642,0.9413046171733639
2.3997621218363445,0.20323688010850224,0.0346340815226237,0.009665086500885229,20,0.8,1,4,200,"{'max_depth': 20, 'max_features': 0.8, 'min_samples_leaf': 1, 'min_samples_split': 4, 'n_estimators': 200}",-0.6235710496447708,-0.6631867511477487,-0.6338276075858855,-0.6373974576100421,-0.7808533419222696,-0.6274098101400685,-0.6250001934988838,-0.7339249265060527,-0.7757820484387871,-0.7199390754393724,-0.7164636781237059,-0.5713702827081933,-0.6335668634220446,-0.6533107249842798,-0.7445589311475895,-0.6760108494879796,0.06163366745708382,21,-0.3004165268741306,-0.2811502053739913,-0.28047524732093954,-0.2879283177686204,-0.277734454092858,-0.2699989440773139,-0.2851743370667493,-0.2935777661435619,-0.2755830807022281,-0.28310165354581046,-0.2856986425537886,-0.2890197974333157,-0.2857310514302444,-0.28432244827407543,-0.278328114663338,-0.2838827058213977,0.007158576610080776,-0.39492921158104916,-0.41071231254847373,-0.4023068254637585,-0.4037019655913415,-0.4033096151042775,-0.37469319471867524,-0.37841042301579314,-0.46564414649830477,-0.4314077085717951,-0.41941253034828313,-0.4132499557610025,-0.3940013305859974,-0.4084529853931981,-0.38904093311013666,-0.43968761422052516,-0.4085973835008407,0.022831142354604407,30,-0.1780806001057158,-0.1726135194021976,-0.1706673225017523,-0.1683679209900349,-0.17127117280658494,-0.16985665189679527,-0.17637271338483887,-0.17274024708330588,-0.16442042220469807,-0.16974316574844134,-0.1749431251729299,-0.17303138134837837,-0.17114894800945163,-0.17307145443898744,-0.16385591534891683,-0.17134563736286865,0.00375194567187781,0.9417864513556027,0.9432009497668802,0.9470167613971772,0.949156129955596,0.9280122825967251,0.9452670088969635,0.9499395852834221,0.9194428975724036,0.9298265484594535,0.93753974407417,0.937409330583727,0.9551245949015416,0.9479777244316735,0.942190966329552,0.9308973364979802,0.9403192208068578,0.009430924310242539,19,0.9886539329095578,0.9898026198966329,0.989886552916376,0.9892170586148691,0.989795885037,0.9907577586220263,0.9894780032566283,0.9891997155144205,0.989911839925441,0.9894719141798419,0.9892870042247438,0.9893710909129818,0.9894634409513333,0.989680235823964,0.9899134245878638,0.9895926984915787,0.0004549929365631877,0.6760108494879796,0.4085973835008407,0.9403192208068578
3.752066993713379,0.18847134432509152,0.045486799875895184,0.008419895383053004,20,0.8,1,4,300,"{'max_depth': 20, 'max_features': 0.8, 'min_samples_leaf': 1, 'min_samples_split': 4, 'n_estimators': 300}",-0.6224685939373934,-0.6579348748961379,-0.638220641708435,-0.6396150369693594,-0.7754616988160734,-0.6337374201436584,-0.6291780831185548,-0.7375767615907606,-0.7670221387906851,-0.7150654774354662,-0.7009266473913325,-0.5770530341732187,-0.6239306283914696,-0.6522249248498665,-0.7501103264986734,-0.6747017525807391,0.059201556181055354,16,-0.29934042175899467,-0.2797626271358494,-0.27629410794608833,-0.28616620327111425,-0.2758560511551487,-0.2714619962317154,-0.28561545155514806,-0.2888913332311798,-0.2770702465797622,-0.28177398543594623,-0.2836978700076263,-0.2914449542526716,-0.28297204697168377,-0.28412133260941835,-0.2766388735284842,-0.2827405001113888,0.006867192950829803,-0.39710408686316345,-0.4097266824878106,-0.40375039135499186,-0.4035524225497899,-0.401574510688717,-0.3755004496924024,-0.3808016538455236,-0.4682965900292237,-0.42870282199994675,-0.4194190003494618,-0.4080770075602943,-0.3994372897649301,-0.40442471435874777,-0.38998021794288207,-0.4386149398892484,-0.40859751862514226,0.022411633339521994,31,-0.17653177179837937,-0.17278475045755118,-0.17019586565129993,-0.16889968601971883,-0.17058144714320245,-0.17011629629602304,-0.17713413790224566,-0.1708638797997905,-0.16463691821524146,-0.17057000252886892,-0.17390671279018943,-0.1734758049847332,-0.1698293885259892,-0.17231300975474567,-0.16352848926389638,-0.1710245440754584,0.003574046624119174,0.9419921091605328,0.9440969882804002,0.9462797667074372,0.9488017311386701,0.9290029733463979,0.9441574456394284,0.9492680785445324,0.918639237333785,0.9314023583507479,0.9383825260716779,0.9400945435076297,0.9542275095838801,0.9495481557480203,0.9423829634701324,0.9298630427685455,0.9405426286434546,0.009281565250436361,16,0.9887350715431046,0.9899030270497409,0.9901858345703873,0.9893486374420803,0.9899334453693098,0.9906573247707987,0.989445426728344,0.9895417769916321,0.9898026659651746,0.9895704302260626,0.989436526914936,0.989191968806755,0.9896659395039679,0.989694830044032,0.9900354888085987,0.9896765596489951,0.00043611523991467715,0.6747017525807391,0.40859751862514226,0.9405426286434546
5.3219140529632565,0.16791879165806012,0.05569135348002116,0.008988113447362094,20,0.8,1,4,400,"{'max_depth': 20, 'max_features': 0.8, 'min_samples_leaf': 1, 'min_samples_split': 4, 'n_estimators': 400}",-0.6215796317051344,-0.6497417658691454,-0.6380086453530933,-0.6443056492611221,-0.7714003057337561,-0.6380445896625107,-0.6284282438161307,-0.7363831887261884,-0.7701755321593884,-0.7173039957020313,-0.6916262848134261,-0.5724235741232077,-0.6286666814568113,-0.642565200139531,-0.7434755237572088,-0.6729419208185791,0.05880378920778148,14,-0.29767026413284126,-0.2786524868711773,-0.277125347645701,-0.2854379236912948,-0.27587753441303087,-0.27297896327892,-0.287335649841703,-0.2883547346071555,-0.2778604511448229,-0.2774470806832435,-0.2823637597320778,-0.2892596942712186,-0.2831480668849725,-0.2834712424598029,-0.27679223086472327,-0.282251695368179,0.006326735390877696,-0.39592002179347746,-0.40845965962679964,-0.4042984383138817,-0.4040460303969956,-0.40192868638835333,-0.37899247085847554,-0.3799609713231808,-0.4670907115885898,-0.4296804737226579,-0.41928704779580456,-0.40275517248751486,-0.3993948566026732,-0.40608032352112294,-0.38748410270015077,-0.43902235135276546,-0.40829342123149626,0.022235630050754733,28,-0.17630812324487805,-0.17208468549252254,-0.171043721993562,-0.16834788311619123,-0.17066487356443147,-0.1706501508389682,-0.17687627455408525,-0.17072900826161794,-0.1642607103517249,-0.16950662097427963,-0.17361258114883998,-0.1730837612629921,-0.16972580918735963,-0.17404935472298694,-0.16355280047109885,-0.17096642394570258,0.003618553468288521,0.9421576757536942,0.94548061356821,0.9463154490451007,0.9480480534138948,0.9297447037023046,0.943395803060984,0.9493889286553883,0.9189023460166801,0.9308371595205227,0.9379961342134218,0.9416737278596264,0.9549589914482839,0.9487793219441851,0.9440769902147185,0.9310982926996079,0.9408569460744415,0.0091861621174114,14,0.9888604252759124,0.9899830006811424,0.9901266932758264,0.9894027828928199,0.9899318773717306,0.9905526167108903,0.9893179081826393,0.9895805919754963,0.9897444174113299,0.9898882826025185,0.9895356443434873,0.989353438835628,0.9896530791087638,0.989741934041382,0.9900244379071795,0.9897131420411165,0.00039051461994264215,0.6729419208185791,0.40829342123149626,0.9408569460744415
2.494492689768473,0.13684840225319417,0.039788246154785156,0.011753187155688963,20,0.8,2,2,200,"{'max_depth': 20, 'max_features': 0.8, 'min_samples_leaf': 2, 'min_samples_split': 2, 'n_estimators': 200}",-0.6324198879970044,-0.6756702646815436,-0.6376367414964415,-0.6583857383266587,-0.8399533428123171,-0.6320553763165151,-0.6483691671813524,-0.7512373279318633,-0.7772615134413724,-0.7524439877745343,-0.7254194077833838,-0.581718835691494,-0.6409052138597015,-0.6913042592879073,-0.7660799661273573,-0.6940574020472964,0.06881632317284422,49,-0.3595313926493271,-0.34311453130303193,-0.33371892601283665,-0.3538329599096056,-0.331637621581076,-0.32782573809747806,-0.34231749333582745,-0.3590473092072425,-0.34979515517415155,-0.35003084509329446,-0.34259855138492434,-0.3481704119959551,-0.3424212493126543,-0.34728908393696284,-0.33898041020196595,-0.3446874452797556,0.008977054790104487,-0.4008119635254568,-0.423617698325712,-0.40780025672514914,-0.4159556846128602,-0.415559037999135,-0.37533528825472284,-0.38853834046103536,-0.47168987337650875,-0.4474484013888529,-0.4285334629750938,-0.41136840920586065,-0.40110629402017817,-0.4085856035574519,-0.406301745946436,-0.4533454687672134,-0.41706650194277783,0.02419542285431619,65,-0.20167586519940234,-0.1986479937015426,-0.1969149075867846,-0.19260886391299764,-0.19769397355734114,-0.19503598354890844,-0.20235924028770086,-0.19603828886327454,-0.19285733216745285,-0.19740772577603263,-0.19893680926225482,-0.19860955359887109,-0.19468345322906178,-0.20153375097605072,-0.18839829281604645,-0.19689346896558152,0.0036630085134675694,0.940122560045783,0.9410425075543933,0.9463780177034121,0.9457526189906911,0.9167029191003873,0.9444534829839232,0.946126046435524,0.9155975838548263,0.9295586429034979,0.9317723174274728,0.935834795788018,0.9534843239798676,0.9467656390660422,0.9352716405926856,0.926844860523329,0.9370471971299902,0.010822086432074279,50,0.9837493274487651,0.9848123695840298,0.985682348024472,0.9837158514474961,0.9854506561327562,0.9863749134188889,0.9848387339645652,0.9838455482031705,0.9837469660197323,0.9839055093282515,0.9845948608893288,0.9845752820812663,0.9848676860981023,0.984603225891499,0.9850383742853305,0.984653443521177,0.0007595473313204399,0.6940574020472964,0.41706650194277783,0.9370471971299902
3.682442887624105,0.2360739814854599,0.0510645071665446,0.01613603238658997,20,0.8,2,2,300,"{'max_depth': 20, 'max_features': 0.8, 'min_samples_leaf': 2, 'min_samples_split': 2, 'n_estimators': 300}",-0.6349831776013619,-0.6735761329705594,-0.6434695990746003,-0.6566078287978111,-0.8441517289906433,-0.6342577611851533,-0.6465947545035813,-0.7484141766349663,-0.7792647350841536,-0.7394630482673793,-0.7204764292032438,-0.5860929995943644,-0.6359310011755946,-0.6886302328090853,-0.7712548840358845,-0.6935445659952255,0.0684214327865574,41,-0.36074001000726874,-0.34345688836632554,-0.3320161247998521,-0.3510215110425905,-0.32783065481596496,-0.32895417438573943,-0.3397341944606023,-0.3556654088411362,-0.34658810125638706,-0.3466126179805068,-0.3421865978059186,-0.348384761831813,-0.34125139819121464,-0.3502750114523742,-0.3427963543249523,-0.34383425397084305,0.0089425839362893,-0.4056853853907725,-0.42180569195226686,-0.41099129236953047,-0.4134390218819959,-0.4158188255896335,-0.3752501163313935,-0.38975721596450197,-0.471777599237274,-0.4462890046147924,-0.42464882348790384,-0.4077250343952457,-0.4052265212655769,-0.40996246560319016,-0.407036874243996,-0.4524635652900415,-0.41719182917454106,0.023429321036317983,67,-0.20058714332075303,-0.1997399493796977,-0.1966805212008838,-0.1918406032039313,-0.19655016296135477,-0.1955367426990852,-0.20095716217752693,-0.19619464418114463,-0.19146712277934697,-0.19603929467963993,-0.198709058435642,-0.19923090716886122,-0.193215039232263,-0.20157213010522756,-0.18911378583830968,-0.19649561782424455,0.0036404004816834633,0.939636192468885,0.9414073998143115,0.9453925038117604,0.9460452034347617,0.9158681410450707,0.9440657070078808,0.9464205200860307,0.9162307607535987,0.9291950806061787,0.9341060987274061,0.9367062548205819,0.9527821560189585,0.9475887606278622,0.9357714222442285,0.9258531873394231,0.9371379592537961,0.010805131643461247,41,0.9836398857804589,0.9847820462597174,0.985828086929115,0.983973601126313,0.9857827713834748,0.9862809518887479,0.9850666995161013,0.9841484355918998,0.9840436276953166,0.9842183160561189,0.9846318860705982,0.9845562838930721,0.9849709058301624,0.9843373304741978,0.9846996285884507,0.9847306971389163,0.0007266464611671303,0.6935445659952255,0.41719182917454106,0.9371379592537961
4.959388049443563,0.212954404853351,0.06947485605875652,0.015859746997011915,20,0.8,2,2,400,"{'max_depth': 20, 'max_features': 0.8, 'min_samples_leaf': 2, 'min_samples_split': 2, 'n_estimators': 400}",-0.6320194641743637,-0.6738016196790675,-0.6409676251904766,-0.6600229970566984,-0.8427116874817739,-0.6344231047572977,-0.6463348523550477,-0.7436499974485808,-0.7804646318907611,-0.7361925233205868,-0.7219504553152483,-0.5846410928946125,-0.6365788265248996,-0.6783537048492144,-0.7683391537256686,-0.6920301157776199,0.06812984310601353,31,-0.35970779229602756,-0.34312103688571566,-0.3309483513329948,-0.3509865744716445,-0.326551906890976,-0.3297750240536954,-0.3389111126754616,-0.35207102552836894,-0.3485719450628137,-0.3413095038591742,-0.3445786037991968,-0.35031767252719415,-0.3410515166399092,-0.34906250375185743,-0.3406475546560154,-0.3431741416287363,0.008824999221552908,-0.40267608588750653,-0.4215785558408171,-0.4101405987670153,-0.41394216416779955,-0.4153094617258524,-0.3760979536152119,-0.3901444787210409,-0.46882885908944616,-0.44751144089326483,-0.42226505828569805,-0.4079108130021763,-0.40391430307011195,-0.4099618920844883,-0.40224638416032243,-0.45167878858260024,-0.41628045585955675,0.023152247440335436,61,-0.20086502602464062,-0.19927579528396064,-0.19615053422347983,-0.1917114373314361,-0.1961258637379327,-0.19597849148980392,-0.1999845857799587,-0.19560964428753375,-0.19163802072989272,-0.1942763043167212,-0.1996049298159385,-0.20030178357261216,-0.19232512800282725,-0.20199151150523958,-0.1882963292981239,-0.19627569236000675,0.003915503733233162,0.9401983602013483,0.9413681642674582,0.945816333966732,0.9454824812066798,0.9161549379015349,0.944036540376122,0.9464635845345182,0.9172938657289919,0.928976864635023,0.934687685787901,0.9364470039489486,0.9530158083183634,0.9474819231766783,0.9376741031242173,0.926412751904242,0.9374340272719174,0.010605124384180395,31,0.9837333771524102,0.9848117936520123,0.9859190949164788,0.9839767911277251,0.9858934675252636,0.986212399322631,0.9851389703594874,0.9844672110034511,0.9838604388004117,0.9846975359658676,0.9844162779447054,0.9843844386347362,0.9849885066892,0.9844455782058266,0.9848908464204975,0.9847891151813803,0.0007241038423702589,0.6920301157776199,0.41628045585955675,0.9374340272719174
2.624895445505778,0.1808676501220354,0.03480173746744792,0.010725740325361546,20,0.8,2,4,200,"{'max_depth': 20, 'max_features': 0.8, 'min_samples_leaf': 2, 'min_samples_split': 4, 'n_estimators': 200}",-0.6324198879970044,-0.6756702646815436,-0.6376367414964415,-0.6583857383266587,-0.8399533428123171,-0.6320553763165151,-0.6483691671813524,-0.7512373279318633,-0.7772615134413724,-0.7524439877745343,-0.7254194077833838,-0.581718835691494,-0.6409052138597015,-0.6913042592879073,-0.7660799661273573,-0.6940574020472964,0.06881632317284422,49,-0.3595313926493271,-0.34311453130303193,-0.33371892601283665,-0.3538329599096056,-0.331637621581076,-0.32782573809747806,-0.34231749333582745,-0.3590473092072425,-0.34979515517415155,-0.35003084509329446,-0.34259855138492434,-0.3481704119959551,-0.3424212493126543,-0.34728908393696284,-0.33898041020196595,-0.3446874452797556,0.008977054790104487,-0.4008119635254568,-0.423617698325712,-0.40780025672514914,-0.4159556846128602,-0.415559037999135,-0.37533528825472284,-0.38853834046103536,-0.47168987337650875,-0.4474484013888529,-0.4285334629750938,-0.41136840920586065,-0.40110629402017817,-0.4085856035574519,-0.406301745946436,-0.4533454687672134,-0.41706650194277783,0.02419542285431619,65,-0.20167586519940234,-0.1986479937015426,-0.1969149075867846,-0.19260886391299764,-0.19769397355734114,-0.19503598354890844,-0.20235924028770086,-0.19603828886327454,-0.19285733216745285,-0.19740772577603263,-0.19893680926225482,-0.19860955359887109,-0.19468345322906178,-0.20153375097605072,-0.18839829281604645,-0.19689346896558152,0.0036630085134675694,0.940122560045783,0.9410425075543933,0.9463780177034121,0.9457526189906911,0.9167029191003873,0.9444534829839232,0.946126046435524,0.9155975838548263,0.9295586429034979,0.9317723174274728,0.935834795788018,0.9534843239798676,0.9467656390660422,0.9352716405926856,0.926844860523329,0.9370471971299902,0.010822086432074279,50,0.9837493274487651,0.9848123695840298,0.985682348024472,0.9837158514474961,0.9854506561327562,0.9863749134188889,0.9848387339645652,0.9838455482031705,0.9837469660197323,0.9839055093282515,0.9845948608893288,0.9845752820812663,0.9848676860981023,0.984603225891499,0.9850383742853305,0.984653443521177,0.0007595473313204399,0.6940574020472964,0.41706650194277783,0.9370471971299902
3.382781442006429,0.24290660120395105,0.04448342323303223,0.006574783527693082,20,0.8,2,4,300,"{'max_depth': 20, 'max_features': 0.8, 'min_samples_leaf': 2, 'min_samples_split': 4, 'n_estimators': 300}",-0.6349831776013619,-0.6735761329705594,-0.6434695990746003,-0.6566078287978111,-0.8441517289906433,-0.6342577611851533,-0.6465947545035813,-0.7484141766349663,-0.7792647350841536,-0.7394630482673793,-0.7204764292032438,-0.5860929995943644,-0.6359310011755946,-0.6886302328090853,-0.7712548840358845,-0.6935445659952255,0.0684214327865574,41,-0.36074001000726874,-0.34345688836632554,-0.3320161247998521,-0.3510215110425905,-0.32783065481596496,-0.32895417438573943,-0.3397341944606023,-0.3556654088411362,-0.34658810125638706,-0.3466126179805068,-0.3421865978059186,-0.348384761831813,-0.34125139819121464,-0.3502750114523742,-0.3427963543249523,-0.34383425397084305,0.0089425839362893,-0.4056853853907725,-0.42180569195226686,-0.41099129236953047,-0.4134390218819959,-0.4158188255896335,-0.3752501163313935,-0.38975721596450197,-0.471777599237274,-0.4462890046147924,-0.42464882348790384,-0.4077250343952457,-0.4052265212655769,-0.40996246560319016,-0.407036874243996,-0.4524635652900415,-0.41719182917454106,0.023429321036317983,67,-0.20058714332075303,-0.1997399493796977,-0.1966805212008838,-0.1918406032039313,-0.19655016296135477,-0.1955367426990852,-0.20095716217752693,-0.19619464418114463,-0.19146712277934697,-0.19603929467963993,-0.198709058435642,-0.19923090716886122,-0.193215039232263,-0.20157213010522756,-0.18911378583830968,-0.19649561782424455,0.0036404004816834633,0.939636192468885,0.9414073998143115,0.9453925038117604,0.9460452034347617,0.9158681410450707,0.9440657070078808,0.9464205200860307,0.9162307607535987,0.9291950806061787,0.9341060987274061,0.9367062548205819,0.9527821560189585,0.9475887606278622,0.9357714222442285,0.9258531873394231,0.9371379592537961,0.010805131643461247,41,0.9836398857804589,0.9847820462597174,0.985828086929115,0.983973601126313,0.9857827713834748,0.9862809518887479,0.9850666995161013,0.9841484355918998,0.9840436276953166,0.9842183160561189,0.9846318860705982,0.9845562838930721,0.9849709058301624,0.9843373304741978,0.9846996285884507,0.9847306971389163,0.0007266464611671303,0.6935445659952255,0.41719182917454106,0.9371379592537961
4.2040380795796715,0.07638174542143131,0.05311381022135417,0.008035898781288025,20,0.8,2,4,400,"{'max_depth': 20, 'max_features': 0.8, 'min_samples_leaf': 2, 'min_samples_split': 4, 'n_estimators': 400}",-0.6320194641743637,-0.6738016196790675,-0.6409676251904766,-0.6600229970566984,-0.8427116874817739,-0.6344231047572977,-0.6463348523550477,-0.7436499974485808,-0.7804646318907611,-0.7361925233205868,-0.7219504553152483,-0.5846410928946125,-0.6365788265248996,-0.6783537048492144,-0.7683391537256686,-0.6920301157776199,0.06812984310601353,31,-0.35970779229602756,-0.34312103688571566,-0.3309483513329948,-0.3509865744716445,-0.326551906890976,-0.3297750240536954,-0.3389111126754616,-0.35207102552836894,-0.3485719450628137,-0.3413095038591742,-0.3445786037991968,-0.35031767252719415,-0.3410515166399092,-0.34906250375185743,-0.3406475546560154,-0.3431741416287363,0.008824999221552908,-0.40267608588750653,-0.4215785558408171,-0.4101405987670153,-0.41394216416779955,-0.4153094617258524,-0.3760979536152119,-0.3901444787210409,-0.46882885908944616,-0.44751144089326483,-0.42226505828569805,-0.4079108130021763,-0.40391430307011195,-0.4099618920844883,-0.40224638416032243,-0.45167878858260024,-0.41628045585955675,0.023152247440335436,61,-0.20086502602464062,-0.19927579528396064,-0.19615053422347983,-0.1917114373314361,-0.1961258637379327,-0.19597849148980392,-0.1999845857799587,-0.19560964428753375,-0.19163802072989272,-0.1942763043167212,-0.1996049298159385,-0.20030178357261216,-0.19232512800282725,-0.20199151150523958,-0.1882963292981239,-0.19627569236000675,0.003915503733233162,0.9401983602013483,0.9413681642674582,0.945816333966732,0.9454824812066798,0.9161549379015349,0.944036540376122,0.9464635845345182,0.9172938657289919,0.928976864635023,0.934687685787901,0.9364470039489486,0.9530158083183634,0.9474819231766783,0.9376741031242173,0.926412751904242,0.9374340272719174,0.010605124384180395,31,0.9837333771524102,0.9848117936520123,0.9859190949164788,0.9839767911277251,0.9858934675252636,0.986212399322631,0.9851389703594874,0.9844672110034511,0.9838604388004117,0.9846975359658676,0.9844162779447054,0.9843844386347362,0.9849885066892,0.9844455782058266,0.9848908464204975,0.9847891151813803,0.0007241038423702589,0.6920301157776199,0.41628045585955675,0.9374340272719174
2.7725517114003497,0.11065380828785457,0.033309189478556316,0.008346276098025705,20,0.9,1,2,200,"{'max_depth': 20, 'max_features': 0.9, 'min_samples_leaf': 1, 'min_samples_split': 2, 'n_estimators': 200}",-0.6249463367790695,-0.6707344772785021,-0.6250494896820948,-0.6382284880701861,-0.7487200898577873,-0.6178482780016967,-0.6139607741427193,-0.7083505515487885,-0.7800730224456918,-0.7048412131629042,-0.6955340694863432,-0.5770118601570936,-0.6356523697639134,-0.644844464542437,-0.7608145577703712,-0.6697740028459733,0.05846708782344439,5,-0.2700085703578035,-0.24964800254875094,-0.25531504215712547,-0.26729430813669186,-0.24172607356196532,-0.24487541034549276,-0.2543289344736672,-0.2630162690528758,-0.2508391456632077,-0.2637978442672177,-0.26421297574403974,-0.2753443584617503,-0.25151201242022253,-0.2619617280253482,-0.24992951944476516,-0.2575873463107283,0.009409138648611598,-0.3950518458933919,-0.40812128374919804,-0.3955217724122407,-0.39839050232944256,-0.3884704905089434,-0.3785049972484874,-0.3709408525779747,-0.4513986584270064,-0.4276209171022013,-0.40954156988521667,-0.4020731729720771,-0.39445218285958533,-0.4032238651237837,-0.38501167167483363,-0.4366720073596524,-0.40299971934160234,0.020861835914857806,6,-0.1574027598166158,-0.15383276792879433,-0.15253333514964976,-0.15131159423199061,-0.15074246890586362,-0.15385247336322086,-0.15548848503761922,-0.15204408416224724,-0.15225136752900872,-0.1541489866920188,-0.15570551251735953,-0.15779142958869982,-0.15293139537558761,-0.1550220593525992,-0.14618151196018914,-0.15341601544076428,0.002783560914106485,0.941529388006818,0.9419007331614418,0.9484741686945345,0.9490234643839326,0.9338151743408446,0.946922525089288,0.9516924080091922,0.9249592729132684,0.9290481205295766,0.9401319865642745,0.941012762753007,0.9542340412886294,0.9476346782458545,0.9436795538450524,0.9278470220550932,0.9414603533253872,0.008638761813995463,4,0.9908345708603826,0.9919597789542078,0.9916196350439211,0.9907071718406659,0.9922702967712186,0.9923977258159422,0.9916310913900211,0.9913312975170676,0.9916420938689836,0.9908587183761869,0.9908377346641959,0.9903531422842884,0.9918360301711986,0.9912396155441763,0.9918667393118642,0.991425709494288,0.0005865000458088428,0.6697740028459733,0.40299971934160234,0.9414603533253872
4.0734810034434,0.10262326598969886,0.04672404925028483,0.005800740274167123,20,0.9,1,2,300,"{'max_depth': 20, 'max_features': 0.9, 'min_samples_leaf': 1, 'min_samples_split': 2, 'n_estimators': 300}",-0.6261767912410822,-0.6622647823298774,-0.6293650760726673,-0.6414208422282056,-0.7509950456963876,-0.6309533399777029,-0.6131348773960577,-0.7118802098915104,-0.784216602129652,-0.6992144685571705,-0.6890138611490713,-0.5786975098160353,-0.6355503713488876,-0.6406296361218048,-0.7643739540870756,-0.6705258245362126,0.05834894217096877,8,-0.2689246002672161,-0.2514133937726223,-0.25499348438512515,-0.26008406532388495,-0.2392755642406353,-0.24645411174376833,-0.2530230680550513,-0.2616806395780522,-0.25297234448823447,-0.26000238857400243,-0.2604507050239015,-0.27240839779993165,-0.2513767982053056,-0.26179808486786615,-0.2495988212553478,-0.2562970978387297,0.008272889084492923,-0.3947726607501554,-0.4051260800889439,-0.3963294099463396,-0.39599111886565247,-0.38761216812238414,-0.3788589868071094,-0.37111051057735006,-0.45191422466055076,-0.42777814532365643,-0.40716428683215483,-0.39824388789574333,-0.3950830331296014,-0.40400622348336224,-0.3856838775997959,-0.4319572705124867,-0.4021087923063525,0.02039446391865141,3,-0.15613180518893008,-0.15445740744638928,-0.15334479630896705,-0.14912532805667958,-0.14970115481511287,-0.15391331360892063,-0.1549582906954564,-0.15176987956970195,-0.15097643735008223,-0.15332945229824682,-0.1543130571451668,-0.15747991323487617,-0.1525344814812469,-0.15494230068904882,-0.145829366757315,-0.15285379897640938,0.002889204194183624,0.9412989162119697,0.9433587652014602,0.9477602034015653,0.9485122300819389,0.9334123634524245,0.9446470132240726,0.9518222868225371,0.9242095649135788,0.9282923564504915,0.9410840235090476,0.942113517856026,0.9539662545685232,0.9476514822461085,0.9444133904396268,0.9271703215441878,0.9413141793282372,0.00877203276400046,7,0.9909080137776191,0.9918456636991706,0.9916407311335957,0.9912017565567555,0.9924262228432646,0.992299386761314,0.9917168120319124,0.9914191154826849,0.9914993339584474,0.9911198708941681,0.9910968097342202,0.9905577718165881,0.9918448058001094,0.9912505570600839,0.991888248376981,0.9915143399951277,0.0004934749711195743,0.6705258245362126,0.4021087923063525,0.9413141793282372
5.75368865331014,0.15481985237113183,0.07159770329793294,0.00872350445134455,20,0.9,1,2,400,"{'max_depth': 20, 'max_features': 0.9, 'min_samples_leaf': 1, 'min_samples_split': 2, 'n_estimators': 400}",-0.621571971398577,-0.6543653061114231,-0.6296141921517439,-0.6410658248410448,-0.7566167125056896,-0.6322524826674869,-0.6139978169621838,-0.7102270257179721,-0.7855041784735508,-0.6985112148874251,-0.6924211382115519,-0.5765436336716115,-0.6342434467379864,-0.6343905219978405,-0.7658329676104457,-0.6698105622631022,0.05992250300693073,6,-0.2693902415790859,-0.25161947864587686,-0.25260135203898376,-0.26231192661066033,-0.2388939950206407,-0.24776766803950873,-0.2568578930649308,-0.260500517398567,-0.25308624500443433,-0.2572732679226826,-0.26084057047698994,-0.26962963190706096,-0.2536470169385188,-0.2606633313050633,-0.2529898876220567,-0.25653820157167073,0.007670568488930299,-0.3907985788684056,-0.40358065211094357,-0.3962340654502607,-0.39516696649253696,-0.39032271634855886,-0.3790909353094167,-0.3706214982807015,-0.45226992080978573,-0.427427668692253,-0.40745470201327616,-0.399077998642611,-0.3959484564938646,-0.40208142487647597,-0.3846589503769124,-0.4328427332660313,-0.40183848453546894,0.020581297416262672,1,-0.15607203949581727,-0.15435021346142927,-0.15280962924910724,-0.1500902914529818,-0.14971133365201816,-0.15344362073383236,-0.15537554143555557,-0.1516079929236863,-0.1498928604775411,-0.15229461555624818,-0.15496542228189064,-0.157286835342842,-0.15331459041465112,-0.15515657296714944,-0.14697124735237196,-0.1528895204531415,0.002728374684376043,0.9421591014349193,0.9447019366834218,0.9477188399724228,0.9485692098173788,0.9324117321740971,0.944418833240108,0.9516865786355034,0.9245611691876325,0.9280566948715208,0.9412024765514937,0.941539587568004,0.9543082863469304,0.9478665563788043,0.945490837932618,0.9268920260904451,0.9414389244590201,0.008928615419585747,5,0.9908765010813613,0.9918322899159435,0.9917968345925338,0.991050380751034,0.9924503591648706,0.9922170822300383,0.991463828862818,0.9914963367706462,0.9914916774043333,0.9913053134399682,0.9910701356333395,0.990749424641642,0.9916968392704497,0.9913262409161322,0.9916663374941008,0.9914993054779474,0.000453935728207869,0.6698105622631022,0.40183848453546894,0.9414389244590201
2.895227289199829,0.21597094495009797,0.0397957960764567,0.016846417779264922,20,0.9,1,4,200,"{'max_depth': 20, 'max_features': 0.9, 'min_samples_leaf': 1, 'min_samples_split': 4, 'n_estimators': 200}",-0.6357420905397415,-0.6771756939154203,-0.6352465312475435,-0.6432188995942454,-0.7699414776711011,-0.6184988210942902,-0.6361588569778523,-0.7408569207545646,-0.7731559481482208,-0.7087805365378858,-0.6958487888402479,-0.5704939219494676,-0.6436158259513876,-0.6638522749619626,-0.7643427582813713,-0.6784619564310201,0.05957170813430552,24,-0.2959680276571522,-0.28067630241530805,-0.2830473731781218,-0.2913007130882797,-0.2821121075698217,-0.27199199935929125,-0.28374055885260185,-0.2898537494802852,-0.28064012916591535,-0.2845649284468655,-0.28733908113809475,-0.2965588066658193,-0.2765478865553881,-0.2882491229262565,-0.27383690325753984,-0.2844285126504494,0.00704832209036342,-0.39778583644138515,-0.411459153645197,-0.4006338785636009,-0.4020543690231548,-0.3971404510411753,-0.370873404772888,-0.37760666224020234,-0.46634852548117595,-0.42452655646091164,-0.41644854207052556,-0.4003979895951123,-0.3929018782840967,-0.40637828292629463,-0.3907479262822186,-0.44070506434406487,-0.4064005680781335,0.023082873478309656,24,-0.17516259404082055,-0.17231933069404065,-0.1687365109796377,-0.16781015722310735,-0.1713134523955043,-0.17012299032978234,-0.17400197000353743,-0.16864006784540272,-0.16787815268922546,-0.17019337909275323,-0.17372200691663786,-0.17278263519343953,-0.1684402612113962,-0.1728965594115714,-0.16124426100076167,-0.17035095526850788,0.0033645528648084356,0.9394918162017428,0.940779494027708,0.9467792730950743,0.9482231602013158,0.9300101780223015,0.9468106938708737,0.9481360851416561,0.9179139713205275,0.9303008327366222,0.9394609176540213,0.9409593688904204,0.9552621480280503,0.9463143934153111,0.9403103503199649,0.9271762661060718,0.939861929935444,0.009476157788050076,24,0.9889874649890812,0.9898369680539779,0.9897002096532449,0.9889629863359151,0.9894716751752334,0.9906208078294609,0.9895835406987142,0.9894719796096594,0.9895382001641229,0.9893627993307681,0.9891636262126545,0.9888093539744897,0.9901298304189329,0.9893932224244297,0.9902363200719955,0.9895512656628453,0.0004824063937387784,0.6784619564310201,0.4064005680781335,0.939861929935444
4.515412902832031,0.16133185861530358,0.05082891782124837,0.011605426103130933,20,0.9,1,4,300,"{'max_depth': 20, 'max_features': 0.9, 'min_samples_leaf': 1, 'min_samples_split': 4, 'n_estimators': 300}",-0.6365057316951563,-0.6660938997366598,-0.6347603049598921,-0.6440159797328073,-0.7702188276238375,-0.6288505669748445,-0.6399703799691199,-0.738612155375418,-0.7776900179341285,-0.6990733140176575,-0.6890925282304122,-0.5706688267770934,-0.6351680059490633,-0.6599171677010042,-0.766886521892652,-0.6771682819046496,0.059444872980641786,22,-0.2964492575528107,-0.2805593892891526,-0.27960945104632323,-0.287012543258589,-0.28009144147883097,-0.27273009702994266,-0.2843497240190177,-0.2867802970249985,-0.28262454069680615,-0.2813174624573219,-0.2856641410348597,-0.2959523580980752,-0.2766182080638135,-0.28731981006991797,-0.2737995656705187,-0.2833918857860652,0.006653540347698411,-0.39578686396880314,-0.40734794519262185,-0.399274495316705,-0.4010746866172026,-0.39500035512469023,-0.3739846937217866,-0.38158921526972583,-0.46380373993874613,-0.4236450185833105,-0.41332447874245576,-0.39849376029348743,-0.3936145718909524,-0.404531841400929,-0.3914795200522568,-0.4369784507854028,-0.4053286424599384,0.021601523981117816,18,-0.17464342794512977,-0.17250040387090004,-0.16858280044066473,-0.16621861918144384,-0.17130758726068654,-0.17019576359273503,-0.17422570121542347,-0.1678503965587819,-0.16742699900457805,-0.16941535809251246,-0.17267816436322472,-0.1728062388236227,-0.16797259359329134,-0.17230495470489857,-0.16110955073375963,-0.16994923729211017,0.0034523470364552556,0.9393463663683014,0.9427018891446818,0.9468607136438145,0.9480947564437635,0.9299597451760715,0.9450153473144648,0.9475127417752879,0.9184106521619491,0.9294809528138326,0.9411078085377607,0.942100298904085,0.9552347119223203,0.9477144520487978,0.9410158958758549,0.9266907388579815,0.9400831380659312,0.00950363591598294,22,0.9889516241617258,0.9898454329251525,0.9899488947465501,0.9892855412102114,0.9896219561353886,0.9905698346172529,0.9895387663060243,0.9896940627819216,0.9893897259221337,0.9896041982912911,0.9892895915125625,0.9888550758483012,0.9901248101421979,0.9894615045076305,0.9902389824406632,0.9896280001032672,0.0004502993408684038,0.6771682819046496,0.4053286424599384,0.9400831380659312
6.575867160161336,0.13795264327726334,0.07994001706441244,0.016240404097697593,20,0.9,1,4,400,"{'max_depth': 20, 'max_features': 0.9, 'min_samples_leaf': 1, 'min_samples_split': 4, 'n_estimators': 400}",-0.6300917887332971,-0.6570178271291582,-0.6329323503914063,-0.6438582853536486,-0.7670967772855818,-0.6318690878805194,-0.6395335454767624,-0.7358191175989538,-0.7830184811025518,-0.6998494886633465,-0.687994484365504,-0.5719051308489843,-0.6328103964274536,-0.6523350844219606,-0.7730782556218682,-0.6759473400867331,0.06075138815114753,20,-0.29681505690062626,-0.28032422018749464,-0.2779022076687287,-0.28993999544192967,-0.27943650278104837,-0.272746075321761,-0.28576095703422966,-0.2865740375621835,-0.2842250984813909,-0.2803108842348757,-0.2878927318646334,-0.29447534037979745,-0.2789712480692299,-0.28702202706796526,-0.27581241867432926,-0.2838805867780149,0.006568594852373202,-0.39313549272843085,-0.40602532862097107,-0.39770290384361145,-0.39892858118154034,-0.39655290940868104,-0.37346189132206303,-0.37975851876814787,-0.4647222457902929,-0.4259499294484031,-0.4132589230090553,-0.3963214911661007,-0.39485379828055905,-0.40393850709504825,-0.38966886043648946,-0.4378465748652019,-0.4048083970643065,0.022363215207857726,16,-0.1748227827473835,-0.1715244941160275,-0.16829668861481126,-0.16740177417126434,-0.1710721191297476,-0.16981461911874363,-0.173620811800365,-0.16797230369183125,-0.16674554808931782,-0.1693878947655607,-0.1737657235600033,-0.17259924479062974,-0.16861036417668027,-0.17289966079107694,-0.1616507398263804,-0.17001231795932156,0.003322557911612585,0.9405625969321817,0.9442527179923345,0.9471663292793268,0.9481201724685253,0.9305264049619174,0.9444862210928298,0.9475843714015195,0.9190265403912206,0.928511298017271,0.9409769610258678,0.9422846740224237,0.9550405416653747,0.9481018775187998,0.9423634990067192,0.9255021827409746,0.9403004259011525,0.009617419104400305,20,0.9889243413668339,0.9898624492123426,0.9900712603954872,0.9890658572325327,0.989670433416919,0.990568729624809,0.9894346700313797,0.989708882019293,0.9892692095372093,0.989678459353006,0.9891218264947804,0.9889660408274942,0.9899560898834072,0.9894833377295702,0.9900949375566142,0.989591768312112,0.000457956728508387,0.6759473400867331,0.4048083970643065,0.9403004259011525
3.344532299041748,0.268741205140178,0.04381709098815918,0.014330631173645364,20,0.9,2,2,200,"{'max_depth': 20, 'max_features': 0.9, 'min_samples_leaf': 2, 'min_samples_split': 2, 'n_estimators': 200}",-0.6345089818025704,-0.7068951621908809,-0.6339463756663972,-0.6479892794849713,-0.8202586973577243,-0.6316768612696559,-0.6477209193776351,-0.7344260564712094,-0.7943974263080245,-0.7438928513260937,-0.7334121823866164,-0.5781148949347444,-0.6469064601195695,-0.6738123423907976,-0.7838825012623872,-0.6941227328232852,0.06893762441373605,51,-0.3530236249308837,-0.3380854835388822,-0.33809095089107866,-0.3572594475909765,-0.3249981469631053,-0.3278454181211838,-0.32837884396905953,-0.35326145101286327,-0.3503449009645293,-0.34206291345857015,-0.3497483075271627,-0.3607545380920237,-0.33476216478539644,-0.3488065917490648,-0.3432281522703866,-0.34337672905767774,0.010770176043113566,-0.4041916349501086,-0.4252013678773733,-0.4061909713663704,-0.4079480879949325,-0.4088469737604581,-0.37801117358189446,-0.38326393212323256,-0.4661572694891368,-0.44299059924601425,-0.4225169230953025,-0.407040465703484,-0.39721632444096966,-0.4102138201295555,-0.3958260663622252,-0.45085134825793693,-0.413764463891933,0.02345357628429052,47,-0.19917803987558474,-0.1952512123131778,-0.19349104783711565,-0.19146109896954217,-0.19253531638167326,-0.19486351814279743,-0.1951064231670725,-0.19484993069476245,-0.193961459435639,-0.19513942161365253,-0.19954851193734113,-0.19869469229831918,-0.19095233844595966,-0.19967737659025073,-0.18917222951292262,-0.1949255078143874,0.003120104983117475,0.9397263163551759,0.9354673633547711,0.9469969032936651,0.9474523149874091,0.9205633091055816,0.9445199926527468,0.9462337203203264,0.9193328499127212,0.9264184311201746,0.9333142503168536,0.934413043404454,0.9540588986318782,0.9457640300124587,0.9385058138963311,0.9234053260576005,0.9370781708948098,0.010424738317077945,47,0.984332300059656,0.9852543186361337,0.9853047418072807,0.983398935786571,0.9860273881684064,0.9863732774883057,0.9860482841984466,0.9843619942326506,0.9836958386205675,0.9846299038149845,0.9839451658728002,0.9834401227318719,0.9855370574201338,0.9844683770113928,0.9846610585753867,0.9847652509616391,0.0009258211673241054,0.6941227328232852,0.413764463891933,0.9370781708948098
4.573175382614136,0.29313724056241647,0.0540351390838623,0.010789520843696889,20,0.9,2,2,300,"{'max_depth': 20, 'max_features': 0.9, 'min_samples_leaf': 2, 'min_samples_split': 2, 'n_estimators': 300}",-0.6320807437305492,-0.7020434418143531,-0.6342114338671984,-0.6506358954513127,-0.821186155035386,-0.6351240039388732,-0.6443351518477739,-0.7382207060816153,-0.8013932273076022,-0.7362556370206338,-0.7219377898140396,-0.5810757974346983,-0.6447730344022466,-0.674144343081355,-0.7917301892655401,-0.6939431700062119,0.06958855310512753,47,-0.35170246166204894,-0.3378354565394278,-0.33621506183492467,-0.35343148382505524,-0.3249150605557447,-0.3294534901110183,-0.3288706914624347,-0.3521699567941321,-0.35222604000034413,-0.34012841978214237,-0.34803904605035496,-0.3592961453652453,-0.3375049571685927,-0.35151508563007616,-0.3427408304641902,-0.3430696124830488,0.010127763182949804,-0.4022564541933122,-0.4251142271540274,-0.40515040519619333,-0.40553030375055343,-0.40864183285637595,-0.3753264507800134,-0.38385143480525663,-0.46632497463665334,-0.4447987324272676,-0.4199711721904511,-0.40430750197963417,-0.4001339021916366,-0.4088956944732214,-0.39694640438256734,-0.4485273130877646,-0.4130517869403285,0.023591860326037453,43,-0.19810374599269615,-0.1955480927352818,-0.19427606726665503,-0.19003410391793085,-0.19240263177171285,-0.19529704011227494,-0.19538010809674997,-0.1940838142690437,-0.19354844749819022,-0.1949230627887428,-0.19842250923601631,-0.1990458525792041,-0.1910554839785322,-0.1997272713340751,-0.18935009622704763,-0.1947465551869436,0.003076750410762263,0.9401867631040708,0.9363501529834011,0.9469525719654305,0.9470221919616932,0.9203835711268433,0.9439128172325357,0.9467943455474486,0.9184971106072742,0.9251167435708118,0.9346764868735636,0.9364492338069168,0.9535871049978384,0.9461211685588905,0.9384452001596022,0.9218640237413058,0.9370906324158418,0.010672579904353033,45,0.9844493509022206,0.9852761205494066,0.9854673619392494,0.98375278405665,0.9860345315058798,0.9862392723123027,0.9860064589979031,0.9844584804106636,0.9835202817049998,0.9848032595112178,0.9841017061788842,0.9835737426078968,0.9852990893253547,0.9842262334637326,0.9847045846906968,0.9847942172104706,0.0008670002762136518,0.6939431700062119,0.4130517869403285,0.9370906324158418
6.7438313643137615,0.24192695877157502,0.0827173391977946,0.018303141231034055,20,0.9,2,2,400,"{'max_depth': 20, 'max_features': 0.9, 'min_samples_leaf': 2, 'min_samples_split': 2, 'n_estimators': 400}",-0.6301558680089298,-0.693630712432525,-0.6331512514743038,-0.6522457926805919,-0.8273678884004696,-0.6340406288309974,-0.6429019062777845,-0.7388682066182165,-0.7989123764300856,-0.7260483488914627,-0.7231934825224426,-0.583023152884005,-0.6423664142738696,-0.6724602426034929,-0.789728851781789,-0.692539674940731,0.06975782925902374,33,-0.35346552932610814,-0.3389081297575354,-0.33456978998190806,-0.35459523405489773,-0.32491339088057797,-0.33378464522355267,-0.33204545412878933,-0.3503183289164775,-0.35315941628870584,-0.3377130379650362,-0.3498974681466157,-0.3576776260489527,-0.3386483829552172,-0.35273391337225035,-0.3433109965573009,-0.3437160895735951,0.009721662689258446,-0.4019331539885008,-0.4242551486524792,-0.40360283750580755,-0.4058242120122695,-0.41066725368718615,-0.37545145552568154,-0.3834625505268411,-0.4677001331585619,-0.4444372879862811,-0.41742504008193926,-0.40593745158029165,-0.4014843910445481,-0.4084738008685539,-0.3960871635714593,-0.44857123293963563,-0.4130208742086691,0.023708032283609747,41,-0.19848164618240172,-0.1952995742668229,-0.1939677264681983,-0.19162047380938677,-0.1924457624325747,-0.1958116089886734,-0.19596610223321684,-0.19410933558408425,-0.19265967980201001,-0.19334037185085054,-0.19959630670543474,-0.1992590765964481,-0.1915819455324486,-0.19998210614070083,-0.18950984992465092,-0.19490877110119348,0.00313715884460635,0.9405505069495104,0.9378664711763637,0.947129777670998,0.9467596969351122,0.9191803847272814,0.9441039976416541,0.947030781372337,0.9183540739568294,0.9255796540074992,0.9364751933786937,0.9362279692199222,0.9532754972751472,0.9465226242150818,0.9387523598508738,0.9222585490880447,0.9373378358310233,0.010748800366052282,33,0.9842930507948993,0.9851824714977871,0.9856092451610347,0.983645612901731,0.9860346750371521,0.9858750836659791,0.9857349808311708,0.9846214781831575,0.9834328256006435,0.9850183288621578,0.9839314688249048,0.9837213998195853,0.9851993107941206,0.9841166573125596,0.9846536530230486,0.9847380161539955,0.0008327387616380252,0.692539674940731,0.4130208742086691,0.9373378358310233
3.1656134605407713,0.1876023335036259,0.03613451321919759,0.008816505313516569,20,0.9,2,4,200,"{'max_depth': 20, 'max_features': 0.9, 'min_samples_leaf': 2, 'min_samples_split': 4, 'n_estimators': 200}",-0.6345089818025704,-0.7068951621908809,-0.6339463756663972,-0.6479892794849713,-0.8202586973577243,-0.6316768612696559,-0.6477209193776351,-0.7344260564712094,-0.7943974263080245,-0.7438928513260937,-0.7334121823866164,-0.5781148949347444,-0.6469064601195695,-0.6738123423907976,-0.7838825012623872,-0.6941227328232852,0.06893762441373605,51,-0.3530236249308837,-0.3380854835388822,-0.33809095089107866,-0.3572594475909765,-0.3249981469631053,-0.3278454181211838,-0.32837884396905953,-0.35326145101286327,-0.3503449009645293,-0.34206291345857015,-0.3497483075271627,-0.3607545380920237,-0.33476216478539644,-0.3488065917490648,-0.3432281522703866,-0.34337672905767774,0.010770176043113566,-0.4041916349501086,-0.4252013678773733,-0.4061909713663704,-0.4079480879949325,-0.4088469737604581,-0.37801117358189446,-0.38326393212323256,-0.4661572694891368,-0.44299059924601425,-0.4225169230953025,-0.407040465703484,-0.39721632444096966,-0.4102138201295555,-0.3958260663622252,-0.45085134825793693,-0.413764463891933,0.02345357628429052,47,-0.19917803987558474,-0.1952512123131778,-0.19349104783711565,-0.19146109896954217,-0.19253531638167326,-0.19486351814279743,-0.1951064231670725,-0.19484993069476245,-0.193961459435639,-0.19513942161365253,-0.19954851193734113,-0.19869469229831918,-0.19095233844595966,-0.19967737659025073,-0.18917222951292262,-0.1949255078143874,0.003120104983117475,0.9397263163551759,0.9354673633547711,0.9469969032936651,0.9474523149874091,0.9205633091055816,0.9445199926527468,0.9462337203203264,0.9193328499127212,0.9264184311201746,0.9333142503168536,0.934413043404454,0.9540588986318782,0.9457640300124587,0.9385058138963311,0.9234053260576005,0.9370781708948098,0.010424738317077945,47,0.984332300059656,0.9852543186361337,0.9853047418072807,0.983398935786571,0.9860273881684064,0.9863732774883057,0.9860482841984466,0.9843619942326506,0.9836958386205675,0.9846299038149845,0.9839451658728002,0.9834401227318719,0.9855370574201338,0.9844683770113928,0.9846610585753867,0.9847652509616391,0.0009258211673241054,0.6941227328232852,0.413764463891933,0.9370781708948098
5.115605862935384,0.31804476062504183,0.06864166259765625,0.028427895308168864,20,0.9,2,4,300,"{'max_depth': 20, 'max_features': 0.9, 'min_samples_leaf': 2, 'min_samples_split': 4, 'n_estimators': 300}",-0.6320807437305492,-0.7020434418143531,-0.6342114338671984,-0.6506358954513127,-0.821186155035386,-0.6351240039388732,-0.6443351518477739,-0.7382207060816153,-0.8013932273076022,-0.7362556370206338,-0.7219377898140396,-0.5810757974346983,-0.6447730344022466,-0.674144343081355,-0.7917301892655401,-0.6939431700062119,0.06958855310512753,47,-0.35170246166204894,-0.3378354565394278,-0.33621506183492467,-0.35343148382505524,-0.3249150605557447,-0.3294534901110183,-0.3288706914624347,-0.3521699567941321,-0.35222604000034413,-0.34012841978214237,-0.34803904605035496,-0.3592961453652453,-0.3375049571685927,-0.35151508563007616,-0.3427408304641902,-0.3430696124830488,0.010127763182949804,-0.4022564541933122,-0.4251142271540274,-0.40515040519619333,-0.40553030375055343,-0.40864183285637595,-0.3753264507800134,-0.38385143480525663,-0.46632497463665334,-0.4447987324272676,-0.4199711721904511,-0.40430750197963417,-0.4001339021916366,-0.4088956944732214,-0.39694640438256734,-0.4485273130877646,-0.4130517869403285,0.023591860326037453,43,-0.19810374599269615,-0.1955480927352818,-0.19427606726665503,-0.19003410391793085,-0.19240263177171285,-0.19529704011227494,-0.19538010809674997,-0.1940838142690437,-0.19354844749819022,-0.1949230627887428,-0.19842250923601631,-0.1990458525792041,-0.1910554839785322,-0.1997272713340751,-0.18935009622704763,-0.1947465551869436,0.003076750410762263,0.9401867631040708,0.9363501529834011,0.9469525719654305,0.9470221919616932,0.9203835711268433,0.9439128172325357,0.9467943455474486,0.9184971106072742,0.9251167435708118,0.9346764868735636,0.9364492338069168,0.9535871049978384,0.9461211685588905,0.9384452001596022,0.9218640237413058,0.9370906324158418,0.010672579904353033,45,0.9844493509022206,0.9852761205494066,0.9854673619392494,0.98375278405665,0.9860345315058798,0.9862392723123027,0.9860064589979031,0.9844584804106636,0.9835202817049998,0.9848032595112178,0.9841017061788842,0.9835737426078968,0.9852990893253547,0.9842262334637326,0.9847045846906968,0.9847942172104706,0.0008670002762136518,0.6939431700062119,0.4130517869403285,0.9370906324158418
7.52254532178243,0.8645613929049236,0.07879753112792968,0.016853184743570886,20,0.9,2,4,400,"{'max_depth': 20, 'max_features': 0.9, 'min_samples_leaf': 2, 'min_samples_split': 4, 'n_estimators': 400}",-0.6301558680089298,-0.693630712432525,-0.6331512514743038,-0.6522457926805919,-0.8273678884004696,-0.6340406288309974,-0.6429019062777845,-0.7388682066182165,-0.7989123764300856,-0.7260483488914627,-0.7231934825224426,-0.583023152884005,-0.6423664142738696,-0.6724602426034929,-0.789728851781789,-0.692539674940731,0.06975782925902374,33,-0.35346552932610814,-0.3389081297575354,-0.33456978998190806,-0.35459523405489773,-0.32491339088057797,-0.33378464522355267,-0.33204545412878933,-0.3503183289164775,-0.35315941628870584,-0.3377130379650362,-0.3498974681466157,-0.3576776260489527,-0.3386483829552172,-0.35273391337225035,-0.3433109965573009,-0.3437160895735951,0.009721662689258446,-0.4019331539885008,-0.4242551486524792,-0.40360283750580755,-0.4058242120122695,-0.41066725368718615,-0.37545145552568154,-0.3834625505268411,-0.4677001331585619,-0.4444372879862811,-0.41742504008193926,-0.40593745158029165,-0.4014843910445481,-0.4084738008685539,-0.3960871635714593,-0.44857123293963563,-0.4130208742086691,0.023708032283609747,41,-0.19848164618240172,-0.1952995742668229,-0.1939677264681983,-0.19162047380938677,-0.1924457624325747,-0.1958116089886734,-0.19596610223321684,-0.19410933558408425,-0.19265967980201001,-0.19334037185085054,-0.19959630670543474,-0.1992590765964481,-0.1915819455324486,-0.19998210614070083,-0.18950984992465092,-0.19490877110119348,0.00313715884460635,0.9405505069495104,0.9378664711763637,0.947129777670998,0.9467596969351122,0.9191803847272814,0.9441039976416541,0.947030781372337,0.9183540739568294,0.9255796540074992,0.9364751933786937,0.9362279692199222,0.9532754972751472,0.9465226242150818,0.9387523598508738,0.9222585490880447,0.9373378358310233,0.010748800366052282,33,0.9842930507948993,0.9851824714977871,0.9856092451610347,0.983645612901731,0.9860346750371521,0.9858750836659791,0.9857349808311708,0.9846214781831575,0.9834328256006435,0.9850183288621578,0.9839314688249048,0.9837213998195853,0.9851993107941206,0.9841166573125596,0.9846536530230486,0.9847380161539955,0.0008327387616380252,0.692539674940731,0.4130208742086691,0.9373378358310233
4.112711683909098,0.24540111155320268,0.04273584683736165,0.008520467422921901,20,1.0,1,2,200,"{'max_depth': 20, 'max_features': 1.0, 'min_samples_leaf': 1, 'min_samples_split': 2, 'n_estimators': 200}",-0.653516418993452,-0.7039776395149925,-0.6353140660644162,-0.653279477828446,-0.7991443265726632,-0.6455707848819155,-0.6288611460732854,-0.73736541910898,-0.8369041570097618,-0.6777463427245368,-0.720552279682108,-0.5958908373402513,-0.6590483958477787,-0.6422509393201696,-0.8160935725292838,-0.693701053566136,0.07126771695237441,43,-0.2800407192007093,-0.24949772759655484,-0.2602238793240224,-0.27320194905249423,-0.2512321499847439,-0.24727977003088422,-0.261552495912969,-0.26765000364931796,-0.2620136195401446,-0.272187445815366,-0.26685265356993315,-0.27497443208327,-0.2653552282441359,-0.2621617570149151,-0.2619036252439261,-0.2637418304175591,0.009079717254877488,-0.40073111510094395,-0.4134033653667449,-0.39606868621995533,-0.39738147369789983,-0.3987298575285293,-0.37559833382109764,-0.3697328757421602,-0.4657642295431851,-0.44532282736890366,-0.4069461369463003,-0.40665654168092297,-0.3974831346319434,-0.4010532279320442,-0.38570014778473216,-0.4341272297935953,-0.4063132788772638,0.024448634718060788,23,-0.1588016824200736,-0.1519472894240736,-0.15185487848037255,-0.1524521494617887,-0.15111421881718629,-0.15296745533850434,-0.15662267567625734,-0.15225488023004533,-0.15226275359050365,-0.1551834334279965,-0.15478793024128762,-0.1571805038573616,-0.15621152437434005,-0.15495955701362357,-0.1484879652363124,-0.15380592650598182,0.002637790014134062,0.9360610952571934,0.9359989468548247,0.9467679564080056,0.9465908117690306,0.9246002514434933,0.9420525527125541,0.9493191762417026,0.918685856270019,0.9183333320134424,0.9446463029125313,0.9366929272129062,0.9511902593807613,0.9437089888284343,0.9441316776247867,0.916981181733096,0.9370507544441854,0.011432953271694012,49,0.9901408363801432,0.9919694556203248,0.9912942854927282,0.9902918590894416,0.991650388769774,0.9922477039117594,0.9911489454122229,0.9910231621747168,0.9908808450192632,0.9902680294754491,0.9906537448847792,0.9903790460647409,0.9909126087949103,0.9912262319107167,0.9910687426376017,0.9910103923759049,0.0005992186263420656,0.693701053566136,0.4063132788772638,0.9370507544441854
6.4120011806488035,0.33372517282136016,0.06697101593017578,0.015981794506772645,20,1.0,1,2,300,"{'max_depth': 20, 'max_features': 1.0, 'min_samples_leaf': 1, 'min_samples_split': 2, 'n_estimators': 300}",-0.647554949788879,-0.7007821641417554,-0.6368639401018711,-0.6552436442317652,-0.7963088513748829,-0.6461659911079667,-0.6272980508248281,-0.739171437012558,-0.8440119432574875,-0.6718825925615816,-0.7002863416976511,-0.5944356552757165,-0.6515686024723729,-0.641308136321315,-0.8158446423483279,-0.6912484628345973,0.07232762279610627,28,-0.2783345425180159,-0.25154097255036795,-0.2581072045080312,-0.2698437909002733,-0.25078092207897984,-0.2491510617905207,-0.2583247107694396,-0.266812815142393,-0.2639873126379797,-0.2674938323327362,-0.26773103110038987,-0.27360574979379554,-0.2633418451407754,-0.26325176782259435,-0.26223925568513057,-0.2629697876514282,0.008047809034808314,-0.39828379403253195,-0.4126252357536644,-0.39530922267882695,-0.3971542211793454,-0.39726777440414973,-0.3754916437937148,-0.3718258673296815,-0.465015028002928,-0.44775098031332233,-0.40618084790597137,-0.3992108753485143,-0.39697037662008106,-0.40012644298610806,-0.38589673352826276,-0.4318737120869638,-0.4053988503976045,0.024395494360703297,20,-0.1577647466533889,-0.15233471367612658,-0.15245046828650607,-0.15198312617736698,-0.15109186470696812,-0.15293066122464608,-0.15505806185448454,-0.15193968170297995,-0.15163553972411303,-0.1537629161734251,-0.1544607195837711,-0.15648170494174773,-0.15491022591954656,-0.1546138413698055,-0.14850641345128368,-0.1533283123630773,0.0022363036706476653,0.9372222941440296,0.9365786517094445,0.9465079162125432,0.9462691661609473,0.9251343597997093,0.941945650163203,0.9495708073119588,0.9182870454763661,0.9169402593105854,0.9455999816634364,0.9402039423579608,0.9514283578029806,0.9449794746793395,0.9442955829075333,0.9170318198910898,0.9374663539727418,0.011710840296336034,30,0.9902606063325234,0.9918373858250584,0.9914353349838487,0.9905290543686314,0.9916803546335593,0.9921299288266247,0.9913660568367657,0.9910792320548325,0.9907429422461738,0.9906007727449144,0.990592114979879,0.9904745840920204,0.9910499868149234,0.9911531214493177,0.9910458370931285,0.9910651542188134,0.0005273445571830231,0.6912484628345973,0.4053988503976045,0.9374663539727418
8.177885659535725,0.41207226493323446,0.07993691762288412,0.013924607262845595,20,1.0,1,2,400,"{'max_depth': 20, 'max_features': 1.0, 'min_samples_leaf': 1, 'min_samples_split': 2, 'n_estimators': 400}",-0.6426511282909099,-0.6854112338323469,-0.638703633649414,-0.6524187557913498,-0.7954663845729532,-0.6455696050993165,-0.6284854112985966,-0.7343191235803747,-0.8420081818528692,-0.6752106440702262,-0.6976132122998898,-0.5914810547829669,-0.6457476113556351,-0.6371529029012739,-0.8186129706122768,-0.6887234569326933,0.07280530450659288,26,-0.27663570085468747,-0.24962824826462554,-0.25528176821569193,-0.2695422141572672,-0.25186996764469716,-0.24877200477273662,-0.26283666527288396,-0.26477687338156064,-0.266220513161059,-0.2643594761859024,-0.2664417555788691,-0.2731271441864386,-0.2644522520841116,-0.26603965828293524,-0.26335542717592564,-0.26288931128129284,0.007893123143736457,-0.39637848268537557,-0.4079338459456008,-0.3945954671326916,-0.39567267880617046,-0.399450712274898,-0.3755810992929643,-0.3713579829720603,-0.4633659833525978,-0.44719188032653323,-0.40481807838001915,-0.39742037027083804,-0.39647581114976366,-0.39832529195643407,-0.3847002465312122,-0.43424878910690123,-0.40450111467893735,0.02440153192000559,12,-0.15782073242049813,-0.15171952089480484,-0.15172533509500852,-0.15221009481644204,-0.15210905634410204,-0.15182565663135505,-0.155751566441819,-0.1520105923099943,-0.15103798101658936,-0.15293066392032312,-0.15504772964167113,-0.1566717910448418,-0.1552448573678588,-0.15588014915063628,-0.14858829724924813,-0.15337160162301283,0.002450941826853199,0.9381695033771216,0.9393303028370434,0.9461984272586287,0.9467314565707816,0.9252926864401368,0.9420527645106376,0.9493797201605035,0.9193563385771139,0.9173341739743142,0.9450597252111332,0.9406595774742896,0.951910001674894,0.9459581693376942,0.9450150965901069,0.9164678084921009,0.9379277168324333,0.011701322895717209,26,0.9903791341551215,0.9919610513259104,0.991621819244272,0.9905502119492948,0.9916079396675207,0.9921538575738766,0.9910618183056283,0.9912148542504,0.9905856596323948,0.9908197529267602,0.9906825053315703,0.9905078796650847,0.9909743504542152,0.9909647487168525,0.9909694514968864,0.9910703356463858,0.0005243919498182456,0.6887234569326933,0.40450111467893735,0.9379277168324333
4.032531833648681,0.11293772183891793,0.044574371973673504,0.010080144630534603,20,1.0,1,4,200,"{'max_depth': 20, 'max_features': 1.0, 'min_samples_leaf': 1, 'min_samples_split': 4, 'n_estimators': 200}",-0.6555035579904084,-0.7057588866224918,-0.6412957187839641,-0.651107533479471,-0.8092145346033234,-0.6513097408155322,-0.6325644681022263,-0.7472433836237671,-0.8381286873435296,-0.6757543762951392,-0.7125509541812137,-0.5932681077038066,-0.6704059751215364,-0.6554636528180929,-0.8233868960568766,-0.6975304315694252,0.07217411962412401,59,-0.31037263255028125,-0.27486109286563176,-0.2879961754905415,-0.30675416969699115,-0.29720189084634047,-0.2691919292713568,-0.28719224229998597,-0.30000416148210707,-0.2961432490311548,-0.2959858846361983,-0.29810307666212155,-0.30025222725797057,-0.29353609151348786,-0.29395689918298157,-0.2859781942281645,-0.2931686611343543,0.010519271281921313,-0.4050525606889021,-0.41752250560758225,-0.3992374256828064,-0.40118548231275,-0.4057253289327775,-0.37410352245782746,-0.37169687024214415,-0.47136580147698315,-0.4481460629907371,-0.40713503516906757,-0.40954968261211117,-0.39533298781399245,-0.4091929987637575,-0.38835534589854703,-0.44034317483128776,-0.4095963190320849,0.02566498988987986,35,-0.17749093460348925,-0.16892448694700785,-0.16951370080570238,-0.16982903523918724,-0.17265413885933495,-0.1678034901615687,-0.17381377938591472,-0.1706598883172541,-0.16851149309044053,-0.172915884095929,-0.17475099924657148,-0.17395515283618443,-0.171416062929417,-0.17211738671744584,-0.16344153988026058,-0.17118653154104718,0.003283325385962179,0.9356716676763701,0.9356746583791801,0.9457608495308389,0.9469453581895514,0.9226880182401334,0.9410176978816416,0.9487205065618565,0.9164926470973994,0.9180941732707606,0.9449712052031535,0.9380910993851019,0.9516189722449547,0.9417521112889463,0.9418093294019423,0.9154906941631535,0.9363199325676655,0.011819138331433462,59,0.9878894310898723,0.9902537323104208,0.9893368978878059,0.9877609013792958,0.988315262482366,0.9908129253480146,0.9893285682608403,0.9887217055159395,0.9883504127899191,0.9884918210853956,0.9883365375244672,0.9885288757704985,0.9888799448484951,0.9889690024566921,0.9893513286561321,0.988888489827077,0.0008037279920031112,0.6975304315694252,0.4095963190320849,0.9363199325676655
6.0056729475657145,0.15871499034655864,0.05529945691426595,0.008777856880300902,20,1.0,1,4,300,"{'max_depth': 20, 'max_features': 1.0, 'min_samples_leaf': 1, 'min_samples_split': 4, 'n_estimators': 300}",-0.6498820664769034,-0.7031872293659114,-0.6397762501977673,-0.6527712558156457,-0.8051321229268157,-0.6486507724049516,-0.6350867211500827,-0.7487066287471394,-0.8450453125026826,-0.6635237409522854,-0.7014868153824457,-0.5929935160456105,-0.6608371305717953,-0.6527142853652129,-0.8244187986343158,-0.6949475097693045,0.0736401367155101,55,-0.3077070753834671,-0.277443078090555,-0.28601490553293485,-0.30260981774690787,-0.2945364414178942,-0.27108186067547635,-0.28667710789723916,-0.2978022018403166,-0.2999239824054532,-0.2923361366232324,-0.2977052448103364,-0.2985799566846938,-0.291634297669136,-0.2955023352136326,-0.2847094274187205,-0.2922842579606664,0.009366946242239032,-0.4016864060020884,-0.41621069192386534,-0.39601528900354493,-0.4020120243225608,-0.40366249549501226,-0.37478641013491226,-0.3758273570922917,-0.47118015368135513,-0.4504300124939464,-0.40520439582743817,-0.4055916090360473,-0.39772052446842704,-0.40777889088562524,-0.3889286663537662,-0.4389626358689881,-0.4090665041726579,0.02537782586629245,33,-0.1762732979136836,-0.16912962565551692,-0.16992353293070575,-0.1692812565062317,-0.171667161365409,-0.16812899883271704,-0.17367001830397438,-0.1692742148003514,-0.16852582759040624,-0.17187056873872067,-0.17427377001641478,-0.17364988338241633,-0.17090518246965733,-0.17248059619050446,-0.16289558377148072,-0.17079663456454602,0.0031208454234706207,0.9367702752056968,0.9361425840390333,0.9460175705639441,0.9466738793312848,0.9234661140072837,0.9414983046813334,0.9483107531643775,0.9161652802262057,0.9167367457792468,0.9469451366147578,0.9399987545161038,0.9516637477924839,0.943403013337763,0.9422964715895739,0.9152787403037456,0.9367578247435222,0.01215076343009984,57,0.9880965549789444,0.990069763638436,0.9894831068713189,0.9880893760598651,0.9885239113226448,0.9906834720509007,0.989366816448956,0.9888866579621504,0.9880510635486767,0.9887738817921907,0.9883676475735057,0.9886562979967638,0.9890235697374535,0.9888527098027649,0.989445606544379,0.9889580290885968,0.0007255056587982099,0.6949475097693045,0.4090665041726579,0.9367578247435222
8.121947813034058,0.2563443199816648,0.08437527020772298,0.011286493125024798,20,1.0,1,4,400,"{'max_depth': 20, 'max_features': 1.0, 'min_samples_leaf': 1, 'min_samples_split': 4, 'n_estimators': 400}",-0.6456311924025108,-0.6868528998199398,-0.6398839390344817,-0.6491326894171616,-0.8083748910177588,-0.649340856785919,-0.6368876749155007,-0.7446941790862338,-0.8449103148789336,-0.6700330378126315,-0.7011949256191072,-0.5924484384090101,-0.6532261274347542,-0.6481591168364058,-0.8249954202256107,-0.693051046913064,0.07432497613584378,37,-0.3059168202432925,-0.27642162344702037,-0.284090035099868,-0.30247965075161865,-0.29540509806429716,-0.27210579489054504,-0.2893870779117322,-0.29549249126266286,-0.301243135731928,-0.28980065388539555,-0.2975569946994192,-0.29801466107227165,-0.2935471714660745,-0.298261763783369,-0.2862845761740103,-0.29240050323223366,0.009180943105785943,-0.40008181348849886,-0.41144415461210887,-0.395629779103994,-0.40045488938554163,-0.40534376742587513,-0.3759545297253014,-0.3754317222649845,-0.4697577841878206,-0.45015784292953576,-0.40612822024872614,-0.4038582845088068,-0.3986110142934722,-0.4056922623300019,-0.38742100059406054,-0.4401766793428203,-0.4084095829627698,0.02522027309758486,29,-0.17612412916833686,-0.1687780109886807,-0.16922220422142353,-0.1700672359034963,-0.17237727843078374,-0.16772242109296323,-0.17378909804861753,-0.17001136338381206,-0.1681625746932428,-0.1711394453532357,-0.1748319455109177,-0.17357761276844724,-0.1715661120299981,-0.17381312740680885,-0.1634388386072599,-0.17097475984053495,0.0031771530952739496,0.9375947403275945,0.9390748141021908,0.9459993961028489,0.9472667052648679,0.9228483733228618,0.9413737612972642,0.9480171808662864,0.9170614422568277,0.9167633465862473,0.9458990735763367,0.9400486773520319,0.9517525679915635,0.9446991852579373,0.9430990650517688,0.915160186015732,0.9371105676914907,0.01216085006371244,44,0.9882346617266912,0.990142748799805,0.9896241871904627,0.9880996205172167,0.9884561201808381,0.9906129580880865,0.9891648344606706,0.9890583763881459,0.9879457225676983,0.9889677695149047,0.9883792299570088,0.9886992109549475,0.9888791053468953,0.9886435488726943,0.9893284995846816,0.9889491062767165,0.0007219893418540077,0.693051046913064,0.4084095829627698,0.9371105676914907
3.8341617584228516,0.15698574761296302,0.05592776934305827,0.023750672183721826,20,1.0,2,2,200,"{'max_depth': 20, 'max_features': 1.0, 'min_samples_leaf': 2, 'min_samples_split': 2, 'n_estimators': 200}",-0.654465053647945,-0.7340131002166201,-0.6455442218213,-0.6653306833412108,-0.8621270149427502,-0.634345181010343,-0.654748277272703,-0.7595637213941764,-0.8405678407085065,-0.699316056392015,-0.7225300543258871,-0.6049321928917191,-0.686613138992688,-0.6756097506601726,-0.8479535350933735,-0.7125106548474273,0.07882929475359869,71,-0.3637794438866044,-0.3356842431386623,-0.3442990470573209,-0.3717462295230286,-0.34760805034165326,-0.3332026321482511,-0.3362301644216656,-0.36183440197646527,-0.36509218246161823,-0.351021783206552,-0.3612806886037953,-0.36499557951803147,-0.3460665030655999,-0.35228205710752036,-0.3560191407131817,-0.35274280981133,0.011669767974803697,-0.403996271814508,-0.4298714412248881,-0.40642476592569354,-0.4101668303673506,-0.4211877472350198,-0.368598542468248,-0.380444224406961,-0.4746826442437154,-0.44989770025452697,-0.41256977615422386,-0.40291063553924233,-0.4033327136661699,-0.40956457003288355,-0.39729450695347635,-0.4572941108502541,-0.415215765409144,0.027109401497423,57,-0.20073269787758763,-0.1922301424602982,-0.19238736268490403,-0.1927876361040245,-0.19588995659380054,-0.19500914201668854,-0.19572223641393174,-0.19370059233696788,-0.19510413739601024,-0.1947459955428025,-0.20159867823547245,-0.1982921456164108,-0.19339406292685735,-0.1965920599505223,-0.19198859153561776,-0.19534502917945976,0.002853200405236906,0.9358753350169171,0.9304211874410774,0.945039814006187,0.9446021319937702,0.9122470016361962,0.9440502870843315,0.9450607320405408,0.913716254777382,0.9176167487874497,0.9410669026354239,0.9363449192713306,0.9496978580028939,0.9389017663255363,0.9381773023141206,0.9103726114969648,0.9335460568553415,0.01297559738800098,71,0.9833630383757547,0.9854630361691606,0.9847601122393819,0.9820253008820135,0.9840156317497912,0.9859242993433376,0.9853731560604837,0.9835937780151609,0.9822943477250942,0.9838142532588628,0.9828689463239575,0.9830484772351237,0.9845437883627954,0.9841573247432975,0.9834964915617119,0.9839161321363953,0.0011067685154044606,0.7125106548474273,0.415215765409144,0.9335460568553415
6.144261407852173,0.13363366297739382,0.06805257797241211,0.014751331331750333,20,1.0,2,2,300,"{'max_depth': 20, 'max_features': 1.0, 'min_samples_leaf': 2, 'min_samples_split': 2, 'n_estimators': 300}",-0.6496398276708357,-0.73330483021355,-0.6430497688760409,-0.6681241770740877,-0.8546498659523618,-0.6365408194471052,-0.6537291216393493,-0.7624934515147057,-0.8424283248597688,-0.6895281504607202,-0.7168581567953135,-0.603640142604777,-0.6829746150226894,-0.6769055204297438,-0.8563043234558518,-0.7113447397344602,0.07965904437721358,67,-0.3630484669819977,-0.33831129002703825,-0.34284473715929337,-0.36843624108242273,-0.3434424566212048,-0.33241114606593025,-0.33651628250427096,-0.3596532854342238,-0.3657898357390139,-0.34589825988719475,-0.35916981379687835,-0.3624889742910283,-0.34637420446957096,-0.35489579019054185,-0.35480830849178224,-0.3516059395161595,0.011114853203395812,-0.40338408125365643,-0.4296751381837288,-0.4034209883829955,-0.40830964677421305,-0.41630272670846874,-0.36922360485801103,-0.3826345103002148,-0.4750880938952391,-0.4504057990394997,-0.41153549991571076,-0.4000587650175826,-0.4038758078821826,-0.41204380351239345,-0.3967444930542479,-0.4571153110847796,-0.4146545513241949,0.0270935128064448,53,-0.20057284737458675,-0.1931607366901076,-0.19360776993830156,-0.1920641049659335,-0.19429719027778292,-0.19374266955607344,-0.19586101686273583,-0.1931679781244613,-0.19456974906362406,-0.1933697903472422,-0.2004325041311796,-0.19825450014725943,-0.19289725636280378,-0.19696740229402235,-0.19118082398315642,-0.19494308934128474,0.0027922043207990227,0.9368174032593521,0.9305553997859377,0.9454637376261755,0.9441359623748902,0.9137625484196122,0.9436623029262213,0.9452316315729402,0.9130493571954325,0.9172516566435542,0.9427050598765098,0.9373403878525921,0.9499125051647066,0.9395475982960559,0.9379399321362527,0.908598587807594,0.9337316047291883,0.013249032087441513,65,0.9834298316844313,0.9852346148474417,0.9848885860806502,0.9823439654354192,0.9843964366467636,0.9859910904687261,0.9853482517799093,0.9837909733641991,0.982226615743883,0.9842833001658391,0.9830685466310018,0.9832805067464668,0.9845162906864405,0.983921365304049,0.9836085585611095,0.9840219289430886,0.0010454236472036717,0.7113447397344602,0.4146545513241949,0.9337316047291883
7.8991252740224205,0.17779986519853686,0.07898271878560384,0.018233876016167123,20,1.0,2,2,400,"{'max_depth': 20, 'max_features': 1.0, 'min_samples_leaf': 2, 'min_samples_split': 2, 'n_estimators': 400}",-0.64536861788325,-0.711611506344973,-0.6416493240595962,-0.6656201432854436,-0.8574457044007612,-0.6391007755197384,-0.656475527168484,-0.75533289536763,-0.837312861389206,-0.6873925109464168,-0.7142957924556681,-0.6026099005869399,-0.6743535914011523,-0.6706636210539207,-0.8553637046229086,-0.7076397650990726,0.07943294410114393,63,-0.36224752712336833,-0.33600716266673786,-0.3397979786809905,-0.36670117175962835,-0.3432491890328045,-0.33553109419043636,-0.3396628779961499,-0.3568179300161791,-0.3668163923188886,-0.34314851106655786,-0.35933347507539615,-0.3616718897742097,-0.3470007630738077,-0.3565721272505719,-0.35395490796326706,-0.3512341998659329,0.010755266290492182,-0.402188717789001,-0.424008753179688,-0.4018508759670153,-0.4075962145622458,-0.4188197288794767,-0.3713559756178012,-0.38257942708829584,-0.47307017335052465,-0.4513291504109314,-0.4107621782211647,-0.39907400192308906,-0.4044212508021754,-0.4106136509331685,-0.3955533016719176,-0.45652656573273903,-0.41398333107528223,0.026614921971979705,49,-0.2006703043265875,-0.19182500644281772,-0.19281481961896424,-0.192858634721908,-0.19487789078306958,-0.1941775287099617,-0.19570815743899214,-0.19371552707587406,-0.19423768608180247,-0.1927078500509729,-0.20052766826241541,-0.1984936674195914,-0.19287154451506852,-0.1982508317607954,-0.1910023430040956,-0.1949826306808611,0.0029900611970817862,0.9376454897312725,0.9346033782389364,0.9457010189820565,0.944553918519196,0.9131974038836015,0.9432082486631984,0.9447704861097862,0.9146747914287581,0.918253548266205,0.9430594234984331,0.937787532951457,0.9500833294785133,0.9410641183050814,0.9390791950361831,0.9087992797058662,0.934432077519903,0.013114821959744753,63,0.9835028636334706,0.9854350543530426,0.9851559738978426,0.982509868283426,0.9844139930932065,0.9857268864269078,0.9850729684076639,0.9840455362734152,0.9821267169233441,0.9845321895257152,0.9830531129585223,0.9833557964417142,0.9844602228518239,0.9837691129065429,0.9836873145632533,0.9840565073693261,0.0010194493236134238,0.7076397650990726,0.41398333107528223,0.934432077519903
3.8672908465067546,0.13990554424482363,0.04668895403544108,0.014802489235878652,20,1.0,2,4,200,"{'max_depth': 20, 'max_features': 1.0, 'min_samples_leaf': 2, 'min_samples_split': 4, 'n_estimators': 200}",-0.654465053647945,-0.7340131002166201,-0.6455442218213,-0.6653306833412108,-0.8621270149427502,-0.634345181010343,-0.654748277272703,-0.7595637213941764,-0.8405678407085065,-0.699316056392015,-0.7225300543258871,-0.6049321928917191,-0.686613138992688,-0.6756097506601726,-0.8479535350933735,-0.7125106548474273,0.07882929475359869,71,-0.3637794438866044,-0.3356842431386623,-0.3442990470573209,-0.3717462295230286,-0.34760805034165326,-0.3332026321482511,-0.3362301644216656,-0.36183440197646527,-0.36509218246161823,-0.351021783206552,-0.3612806886037953,-0.36499557951803147,-0.3460665030655999,-0.35228205710752036,-0.3560191407131817,-0.35274280981133,0.011669767974803697,-0.403996271814508,-0.4298714412248881,-0.40642476592569354,-0.4101668303673506,-0.4211877472350198,-0.368598542468248,-0.380444224406961,-0.4746826442437154,-0.44989770025452697,-0.41256977615422386,-0.40291063553924233,-0.4033327136661699,-0.40956457003288355,-0.39729450695347635,-0.4572941108502541,-0.415215765409144,0.027109401497423,57,-0.20073269787758763,-0.1922301424602982,-0.19238736268490403,-0.1927876361040245,-0.19588995659380054,-0.19500914201668854,-0.19572223641393174,-0.19370059233696788,-0.19510413739601024,-0.1947459955428025,-0.20159867823547245,-0.1982921456164108,-0.19339406292685735,-0.1965920599505223,-0.19198859153561776,-0.19534502917945976,0.002853200405236906,0.9358753350169171,0.9304211874410774,0.945039814006187,0.9446021319937702,0.9122470016361962,0.9440502870843315,0.9450607320405408,0.913716254777382,0.9176167487874497,0.9410669026354239,0.9363449192713306,0.9496978580028939,0.9389017663255363,0.9381773023141206,0.9103726114969648,0.9335460568553415,0.01297559738800098,71,0.9833630383757547,0.9854630361691606,0.9847601122393819,0.9820253008820135,0.9840156317497912,0.9859242993433376,0.9853731560604837,0.9835937780151609,0.9822943477250942,0.9838142532588628,0.9828689463239575,0.9830484772351237,0.9845437883627954,0.9841573247432975,0.9834964915617119,0.9839161321363953,0.0011067685154044606,0.7125106548474273,0.415215765409144,0.9335460568553415
5.4804778575897215,0.24074846287764248,0.06398770014444986,0.016905660165316177,20,1.0,2,4,300,"{'max_depth': 20, 'max_features': 1.0, 'min_samples_leaf': 2, 'min_samples_split': 4, 'n_estimators': 300}",-0.6496398276708357,-0.73330483021355,-0.6430497688760409,-0.6681241770740877,-0.8546498659523618,-0.6365408194471052,-0.6537291216393493,-0.7624934515147057,-0.8424283248597688,-0.6895281504607202,-0.7168581567953135,-0.603640142604777,-0.6829746150226894,-0.6769055204297438,-0.8563043234558518,-0.7113447397344602,0.07965904437721358,67,-0.3630484669819977,-0.33831129002703825,-0.34284473715929337,-0.36843624108242273,-0.3434424566212048,-0.33241114606593025,-0.33651628250427096,-0.3596532854342238,-0.3657898357390139,-0.34589825988719475,-0.35916981379687835,-0.3624889742910283,-0.34637420446957096,-0.35489579019054185,-0.35480830849178224,-0.3516059395161595,0.011114853203395812,-0.40338408125365643,-0.4296751381837288,-0.4034209883829955,-0.40830964677421305,-0.41630272670846874,-0.36922360485801103,-0.3826345103002148,-0.4750880938952391,-0.4504057990394997,-0.41153549991571076,-0.4000587650175826,-0.4038758078821826,-0.41204380351239345,-0.3967444930542479,-0.4571153110847796,-0.4146545513241949,0.0270935128064448,53,-0.20057284737458675,-0.1931607366901076,-0.19360776993830156,-0.1920641049659335,-0.19429719027778292,-0.19374266955607344,-0.19586101686273583,-0.1931679781244613,-0.19456974906362406,-0.1933697903472422,-0.2004325041311796,-0.19825450014725943,-0.19289725636280378,-0.19696740229402235,-0.19118082398315642,-0.19494308934128474,0.0027922043207990227,0.9368174032593521,0.9305553997859377,0.9454637376261755,0.9441359623748902,0.9137625484196122,0.9436623029262213,0.9452316315729402,0.9130493571954325,0.9172516566435542,0.9427050598765098,0.9373403878525921,0.9499125051647066,0.9395475982960559,0.9379399321362527,0.908598587807594,0.9337316047291883,0.013249032087441513,65,0.9834298316844313,0.9852346148474417,0.9848885860806502,0.9823439654354192,0.9843964366467636,0.9859910904687261,0.9853482517799093,0.9837909733641991,0.982226615743883,0.9842833001658391,0.9830685466310018,0.9832805067464668,0.9845162906864405,0.983921365304049,0.9836085585611095,0.9840219289430886,0.0010454236472036717,0.7113447397344602,0.4146545513241949,0.9337316047291883
7.84435715675354,0.3575047496595419,0.08189109166463217,0.017308710285159134,20,1.0,2,4,400,"{'max_depth': 20, 'max_features': 1.0, 'min_samples_leaf': 2, 'min_samples_split': 4, 'n_estimators': 400}",-0.64536861788325,-0.711611506344973,-0.6416493240595962,-0.6656201432854436,-0.8574457044007612,-0.6391007755197384,-0.656475527168484,-0.75533289536763,-0.837312861389206,-0.6873925109464168,-0.7142957924556681,-0.6026099005869399,-0.6743535914011523,-0.6706636210539207,-0.8553637046229086,-0.7076397650990726,0.07943294410114393,63,-0.36224752712336833,-0.33600716266673786,-0.3397979786809905,-0.36670117175962835,-0.3432491890328045,-0.33553109419043636,-0.3396628779961499,-0.3568179300161791,-0.3668163923188886,-0.34314851106655786,-0.35933347507539615,-0.3616718897742097,-0.3470007630738077,-0.3565721272505719,-0.35395490796326706,-0.3512341998659329,0.010755266290492182,-0.402188717789001,-0.424008753179688,-0.4018508759670153,-0.4075962145622458,-0.4188197288794767,-0.3713559756178012,-0.38257942708829584,-0.47307017335052465,-0.4513291504109314,-0.4107621782211647,-0.39907400192308906,-0.4044212508021754,-0.4106136509331685,-0.3955533016719176,-0.45652656573273903,-0.41398333107528223,0.026614921971979705,49,-0.2006703043265875,-0.19182500644281772,-0.19281481961896424,-0.192858634721908,-0.19487789078306958,-0.1941775287099617,-0.19570815743899214,-0.19371552707587406,-0.19423768608180247,-0.1927078500509729,-0.20052766826241541,-0.1984936674195914,-0.19287154451506852,-0.1982508317607954,-0.1910023430040956,-0.1949826306808611,0.0029900611970817862,0.9376454897312725,0.9346033782389364,0.9457010189820565,0.944553918519196,0.9131974038836015,0.9432082486631984,0.9447704861097862,0.9146747914287581,0.918253548266205,0.9430594234984331,0.937787532951457,0.9500833294785133,0.9410641183050814,0.9390791950361831,0.9087992797058662,0.934432077519903,0.013114821959744753,63,0.9835028636334706,0.9854350543530426,0.9851559738978426,0.982509868283426,0.9844139930932065,0.9857268864269078,0.9850729684076639,0.9840455362734152,0.9821267169233441,0.9845321895257152,0.9830531129585223,0.9833557964417142,0.9844602228518239,0.9837691129065429,0.9836873145632533,0.9840565073693261,0.0010194493236134238,0.7076397650990726,0.41398333107528223,0.934432077519903
