{
"type": "FeatureCollection",
"name": "barangay_surface_condo",
"crs": { "type": "name", "properties": { "name": "urn:ogc:def:crs:OGC:1.3:CRS84" } },
"features": [
{ "type": "Feature", "properties": { "adm4_pcode": "PH0702217001", "barangay": "Adlaon", "lgu": "Cebu City", "area_sqkm": 10.56828943, "price_per_sqm": 181529, "price_q25": 181104, "price_q75": 186307, "point_count": 62, "confident_point_count": 62, "low_conf_share": 0.0, "dist_to_listing_m": 3841, "nearest_grid_m": 0, "fallback_nearest": false, "low_confidence": false, "price_label": "PHP 181,529 /sqm", "confidence_label": "Grounded in nearby listings" }, "geometry": { "type": "Polygon", "coordinates": [ [ [ 123.873303196000052, 10.464770179000027 ], [ 123.881285315000014, 10.459840231999976 ], [ 123.881311080000046, 10.459665668000014 ], [ 123.881928091999953, 10.459568387 ], [ 123.882940819000055, 10.458832648999987 ], [ 123.884176038999954, 10.458690583000021 ], [ 123.884754789999988, 10.458877407999978 ], [ 123.88559485899998, 10.458658798999977 ], [ 123.885856073000014, 10.458095555 ], [ 123.886120065999989, 10.457943522 ], [ 123.895138663000012, 10.457614356000022 ], [ 123.87993107, 10.433937239999977 ], [ 123.870872589999976, 10.428014426 ], [ 123.855321499999945, 10.432903926 ], [ 123.854183071999955, 10.438926 ], [ 123.857535117, 10.450837604000014 ], [ 123.873303196000052, 10.464770179000027 ] ] ] } },
{ "type": "Feature", "properties": { "adm4_pcode": "PH0702217002", "barangay": "Agsungot", "lgu": "Cebu City", "area_sqkm": 3.14114593, "price_per_sqm": 174522, "price_q25": 173925, "price_q75": 182859, "point_count": 28, "confident_point_count": 15, "low_conf_share": 0.464, "dist_to_listing_m": 4944, "nearest_grid_m": 0, "fallback_nearest": false, "low_confidence": false, "price_label": "PHP 174,522 /sqm", "confidence_label": "Grounded in nearby listings" }, "geometry": { "type": "Polygon", "coordinates": [ [ [ 123.904706326999985, 10.448864582 ], [ 123.910917585, 10.445912076000013 ], [ 123.913778027000035, 10.435547944 ], [ 123.914398266000035, 10.430569575 ], [ 123.911767534999967, 10.428967839999984 ], [ 123.904556612999954, 10.429177023000022 ], [ 123.898893768, 10.435198906999972 ], [ 123.896416062999947, 10.443488203000015 ], [ 123.896627010999964, 10.444713858 ], [ 123.902317520999986, 10.449723774 ], [ 123.904706326999985, 10.448864582 ] ] ] } },
{ "type": "Feature", "properties": { "adm4_pcode": "PH0702217003", "barangay": "Apas", "lgu": "Cebu City", "area_sqkm": 1.92462302, "price_per_sqm": 167336, "price_q25": 154737, "price_q75": 218315, "point_count": 16, "confident_point_count": 16, "low_conf_share": 0.0, "dist_to_listing_m": 257, "nearest_grid_m": 0, "fallback_nearest": false, "low_confidence": false, "price_label": "PHP 167,336 /sqm", "confidence_label": "Grounded in nearby listings" }, "geometry": { "type": "Polygon", "coordinates": [ [ [ 123.903877712000053, 10.347049656000024 ], [ 123.904405964000034, 10.346448540999972 ], [ 123.904724737000038, 10.345637948 ], [ 123.906559957000013, 10.344763600000022 ], [ 123.906947038, 10.344312764 ], [ 123.907047224000053, 10.343725312 ], [ 123.907301717, 10.343763952000018 ], [ 123.907681006999951, 10.343231333 ], [ 123.908738175000053, 10.342997304 ], [ 123.909182023999961, 10.342577665000022 ], [ 123.909399913000016, 10.341601196 ], [ 123.909658153, 10.341464007000013 ], [ 123.909876041999951, 10.341576986 ], [ 123.910578130999966, 10.340899107999974 ], [ 123.911732367000013, 10.340192307 ], [ 123.910378426999955, 10.33233106199998 ], [ 123.909601748999989, 10.330043009 ], [ 123.906675502999974, 10.33212826 ], [ 123.904855092000048, 10.332942471000024 ], [ 123.904442129000017, 10.331963604 ], [ 123.898997287000043, 10.33593747499998 ], [ 123.897732950999966, 10.341440716000022 ], [ 123.89506841900004, 10.344524369 ], [ 123.895759248, 10.344850829999984 ], [ 123.896727930999987, 10.343986572 ], [ 123.897878610000021, 10.343552596999984 ], [ 123.899521379000021, 10.346807026000022 ], [ 123.903877712000053, 10.347049656000024 ] ] ] } },
{ "type": "Feature", "properties": { "adm4_pcode": "PH0702217004", "barangay": "Babag", "lgu": "Cebu City", "area_sqkm": 9.12730223, "price_per_sqm": 220682, "price_q25": 216575, "price_q75": 223711, "point_count": 83, "confident_point_count": 83, "low_conf_share": 0.0, "dist_to_listing_m": 1636, "nearest_grid_m": 0, "fallback_nearest": false, "low_confidence": false, "price_label": "PHP 220,682 /sqm", "confidence_label": "Grounded in nearby listings" }, "geometry": { "type": "Polygon", "coordinates": [ [ [ 123.857910234999963, 10.38996858500002 ], [ 123.857836545000055, 10.388217247999989 ], [ 123.857015588999957, 10.387558302 ], [ 123.856585865000056, 10.386865038999986 ], [ 123.857248193000032, 10.386929269 ], [ 123.857144235999954, 10.386444778 ], [ 123.857279378000044, 10.38612179 ], [ 123.85898389800002, 10.38340129 ], [ 123.867324463000045, 10.365008252999985 ], [ 123.867785107000032, 10.362345754999978 ], [ 123.876536086999977, 10.360152342 ], [ 123.848230102, 10.354139035 ], [ 123.840470778000054, 10.366180751 ], [ 123.841848299000048, 10.371109016999981 ], [ 123.833872682999981, 10.381464069 ], [ 123.845022089000054, 10.387036873 ], [ 123.857910234999963, 10.38996858500002 ] ] ] } },
{ "type": "Feature", "properties": { "adm4_pcode": "PH0702217006", "barangay": "Bacayan", "lgu": "Cebu City", "area_sqkm": 1.24746663, "price_per_sqm": 178162, "price_q25": 176710, "price_q75": 183449, "point_count": 12, "confident_point_count": 12, "low_conf_share": 0.0, "dist_to_listing_m": 337, "nearest_grid_m": 0, "fallback_nearest": false, "low_confidence": false, "price_label": "PHP 178,162 /sqm", "confidence_label": "Grounded in nearby listings" }, "geometry": { "type": "Polygon", "coordinates": [ [ [ 123.920267222, 10.390321325 ], [ 123.924145907000025, 10.389812731 ], [ 123.924131045999957, 10.386647391 ], [ 123.923183734999952, 10.383342047999975 ], [ 123.923884856999962, 10.383084538999981 ], [ 123.924621931000047, 10.380851431 ], [ 123.924175106, 10.379677664999974 ], [ 123.924205278000045, 10.378068633999987 ], [ 123.925386046999961, 10.377359618000014 ], [ 123.925543164000032, 10.375243151 ], [ 123.926255438, 10.374552715 ], [ 123.926634766, 10.373754179 ], [ 123.925380121999979, 10.373059183 ], [ 123.924203570000032, 10.372121352000022 ], [ 123.92366929100001, 10.373047816 ], [ 123.923566982000011, 10.373587779 ], [ 123.923697710000056, 10.373849235000023 ], [ 123.923243084999967, 10.374639146 ], [ 123.922828085, 10.375173565000011 ], [ 123.921815856999956, 10.375767091 ], [ 123.921150203000025, 10.377116381 ], [ 123.921174068000028, 10.378365282 ], [ 123.920664961000057, 10.37990851 ], [ 123.918946728000037, 10.380171018 ], [ 123.917626232999964, 10.379900556 ], [ 123.916846664, 10.380147153999985 ], [ 123.916250054999978, 10.381268778999981 ], [ 123.91626596499998, 10.381690381999988 ], [ 123.915581853000049, 10.382525634999979 ], [ 123.915335254999945, 10.383169973 ], [ 123.915048883000054, 10.385938238 ], [ 123.915557989000035, 10.387417828000025 ], [ 123.916735296999946, 10.38865877500001 ], [ 123.917610323999952, 10.389295157999982 ], [ 123.918222841999977, 10.389151971999979 ], [ 123.918763767999963, 10.389454253 ], [ 123.919766071000026, 10.389382660000024 ], [ 123.920028579000018, 10.389494027000012 ], [ 123.920267222, 10.390321325 ] ] ] } },
{ "type": "Feature", "properties": { "adm4_pcode": "PH0702217007", "barangay": "Banilad", "lgu": "Cebu City", "area_sqkm": 2.36193193, "price_per_sqm": 238690, "price_q25": 227246, "price_q75": 243035, "point_count": 23, "confident_point_count": 23, "low_conf_share": 0.0, "dist_to_listing_m": 530, "nearest_grid_m": 0, "fallback_nearest": false, "low_confidence": false, "price_label": "PHP 238,690 /sqm", "confidence_label": "Grounded in nearby listings" }, "geometry": { "type": "Polygon", "coordinates": [ [ [ 123.897876543000052, 10.366182375999983 ], [ 123.903896596999971, 10.355751454000028 ], [ 123.90554648, 10.354190274000018 ], [ 123.908872565000024, 10.351673877999986 ], [ 123.913130526000032, 10.350633915 ], [ 123.915475347999973, 10.350275814999975 ], [ 123.915304524000021, 10.348167595 ], [ 123.914421315000027, 10.345702457000016 ], [ 123.912934566999979, 10.339720890000024 ], [ 123.91160301900004, 10.340261579000014 ], [ 123.909876041999951, 10.341576986 ], [ 123.909658153, 10.341464007000013 ], [ 123.909399913000016, 10.341601196 ], [ 123.909351493000031, 10.342238725000016 ], [ 123.908738175000053, 10.342997304 ], [ 123.907681006999951, 10.343231333 ], [ 123.907301717, 10.343763952000018 ], [ 123.907047224000053, 10.343725312 ], [ 123.906947038, 10.344312764 ], [ 123.906559957000013, 10.344763600000022 ], [ 123.904724737000038, 10.345637948 ], [ 123.904405964000034, 10.346448540999972 ], [ 123.903218319999951, 10.347691532 ], [ 123.903295416, 10.348704794000014 ], [ 123.903009060000045, 10.349354603 ], [ 123.901720456000021, 10.350246713 ], [ 123.901896674999989, 10.351215920000016 ], [ 123.901202810999962, 10.351777619000018 ], [ 123.900641112000017, 10.352956086 ], [ 123.90004637200002, 10.353694005000023 ], [ 123.899925221, 10.353980361000026 ], [ 123.900101439999958, 10.354916527 ], [ 123.89944256800004, 10.355878126999983 ], [ 123.898513018000017, 10.356427715 ], [ 123.895452966999983, 10.359901654 ], [ 123.894184164999956, 10.360539447 ], [ 123.893878838999967, 10.360471597000014 ], [ 123.892969644, 10.360810848000028 ], [ 123.892399701000045, 10.360614081999984 ], [ 123.891375160000052, 10.361102604999985 ], [ 123.889846302000024, 10.365305228000011 ], [ 123.897876543000052, 10.366182375999983 ] ] ] } },
{ "type": "Feature", "properties": { "adm4_pcode": "PH0702217005", "barangay": "Basak Pardo", "lgu": "Cebu City", "area_sqkm": 2.28002648, "price_per_sqm": 172919, "price_q25": 169098, "price_q75": 175759, "point_count": 18, "confident_point_count": 18, "low_conf_share": 0.0, "dist_to_listing_m": 372, "nearest_grid_m": 0, "fallback_nearest": false, "low_confidence": false, "price_label": "PHP 172,919 /sqm", "confidence_label": "Grounded in nearby listings" }, "geometry": { "type": "Polygon", "coordinates": [ [ [ 123.86183245999996, 10.293053894000025 ], [ 123.863262071, 10.292597213000022 ], [ 123.863984705, 10.29263088 ], [ 123.864796725000019, 10.291226563 ], [ 123.865076771999952, 10.290317405999986 ], [ 123.864890055000046, 10.289665921 ], [ 123.865214201999947, 10.289359242999979 ], [ 123.86540442, 10.28886040499998 ], [ 123.865289900999983, 10.288586724000027 ], [ 123.865861312, 10.287508015000014 ], [ 123.86591927500001, 10.286093242999982 ], [ 123.865640451, 10.285789212 ], [ 123.865750951, 10.28478529 ], [ 123.866172902000017, 10.283238293000011 ], [ 123.86674314000004, 10.282735503000026 ], [ 123.867254918999947, 10.281495507999978 ], [ 123.866735007999978, 10.280954063000024 ], [ 123.866876521999984, 10.280707951000011 ], [ 123.866781154000023, 10.28035724199998 ], [ 123.867451808000055, 10.279258969000011 ], [ 123.870053078999945, 10.277206907999982 ], [ 123.877150052000047, 10.284161644 ], [ 123.877808631999983, 10.285038155999985 ], [ 123.882330101999969, 10.28020906 ], [ 123.881517824999946, 10.27868909 ], [ 123.879727116000026, 10.273789825999984 ], [ 123.880290266999964, 10.273153103000027 ], [ 123.880921323000052, 10.273230533 ], [ 123.881425724, 10.272706534 ], [ 123.882031145000042, 10.272678601999985 ], [ 123.882395573000053, 10.272280884 ], [ 123.882258302999958, 10.27226527800002 ], [ 123.882411972999989, 10.271432781999977 ], [ 123.881429422, 10.270413002999987 ], [ 123.881670320000012, 10.269453386 ], [ 123.881095054999946, 10.268757957 ], [ 123.879719669, 10.269617816999983 ], [ 123.866518738999957, 10.27554175 ], [ 123.866695449999952, 10.275957742 ], [ 123.867258204, 10.276376056 ], [ 123.865433731000053, 10.27701000899998 ], [ 123.86482966799997, 10.277518886999985 ], [ 123.865082275999953, 10.278236441 ], [ 123.864910208999959, 10.278397525 ], [ 123.865071293000028, 10.278847827 ], [ 123.864923029000011, 10.279193705000012 ], [ 123.863965754999981, 10.279420093 ], [ 123.863706258999969, 10.279644716 ], [ 123.863021180000032, 10.282769679000012 ], [ 123.861518378000028, 10.28416108 ], [ 123.861050205999959, 10.283974076999982 ], [ 123.860598652000022, 10.284554646 ], [ 123.859850978000054, 10.284696656 ], [ 123.860038377000024, 10.284920380000017 ], [ 123.859788329000025, 10.285111347 ], [ 123.86139441, 10.287110215999974 ], [ 123.861286554, 10.287362469000016 ], [ 123.860894745, 10.287198470000021 ], [ 123.860751046000019, 10.28758905799998 ], [ 123.861509215999945, 10.28886638900002 ], [ 123.861134532000051, 10.289720279 ], [ 123.860783113000025, 10.28960586300002 ], [ 123.860488901000053, 10.290447635000021 ], [ 123.861031860000026, 10.290701977000026 ], [ 123.861304997000047, 10.291445889999977 ], [ 123.860909170000014, 10.292875192 ], [ 123.86183245999996, 10.293053894000025 ] ] ] } },
{ "type": "Feature", "properties": { "adm4_pcode": "PH0702217008", "barangay": "Basak San Nicolas", "lgu": "Cebu City", "area_sqkm": 1.48244319, "price_per_sqm": 159960, "price_q25": 152408, "price_q75": 170149, "point_count": 14, "confident_point_count": 14, "low_conf_share": 0.0, "dist_to_listing_m": 539, "nearest_grid_m": 0, "fallback_nearest": false, "low_confidence": false, "price_label": "PHP 159,960 /sqm", "confidence_label": "Grounded in nearby listings" }, "geometry": { "type": "Polygon", "coordinates": [ [ [ 123.866654818000029, 10.292540125000016 ], [ 123.867060828000035, 10.292683423000028 ], [ 123.869721388000016, 10.291947828 ], [ 123.874398318999965, 10.292796130999989 ], [ 123.874175989000037, 10.290085660999978 ], [ 123.874706716, 10.287865039 ], [ 123.874641225, 10.28739256199998 ], [ 123.875317093000035, 10.286100084 ], [ 123.877150052000047, 10.284161644 ], [ 123.870053078999945, 10.277206907999982 ], [ 123.867451808000055, 10.279258969000011 ], [ 123.866781154000023, 10.28035724199998 ], [ 123.866876521999984, 10.280707951000011 ], [ 123.866735007999978, 10.280954063000024 ], [ 123.867254918999947, 10.281495507999978 ], [ 123.86674314000004, 10.282735503000026 ], [ 123.866108475000033, 10.283381873999986 ], [ 123.86565637700005, 10.285317841 ], [ 123.865643772999988, 10.285803144 ], [ 123.86591927500001, 10.286093242999982 ], [ 123.86582179200002, 10.287714038999979 ], [ 123.865289900999983, 10.288586724000027 ], [ 123.86540442, 10.28886040499998 ], [ 123.865214201999947, 10.289359242999979 ], [ 123.864890055000046, 10.289665921 ], [ 123.865076771999952, 10.290317405999986 ], [ 123.864796725000019, 10.291226563 ], [ 123.863984705, 10.29263088 ], [ 123.866487636999977, 10.292898369 ], [ 123.866654818000029, 10.292540125000016 ] ] ] } },
{ "type": "Feature", "properties": { "adm4_pcode": "PH0702217010", "barangay": "Binaliw", "lgu": "Cebu City", "area_sqkm": 5.16048111, "price_per_sqm": 183877, "price_q25": 171166, "price_q75": 185139, "point_count": 46, "confident_point_count": 46, "low_conf_share": 0.0, "dist_to_listing_m": 2862, "nearest_grid_m": 0, "fallback_nearest": false, "low_confidence": false, "price_label": "PHP 183,877 /sqm", "confidence_label": "Grounded in nearby listings" }, "geometry": { "type": "Polygon", "coordinates": [ [ [ 123.923060889, 10.43500013 ], [ 123.924320391000037, 10.428897135999989 ], [ 123.923415733999946, 10.410396202000015 ], [ 123.920703215, 10.409677222000028 ], [ 123.918018417999974, 10.408499597 ], [ 123.917039778, 10.408627218 ], [ 123.916214136, 10.407471838999982 ], [ 123.916051305999986, 10.406796553999982 ], [ 123.915428317999954, 10.407637814999987 ], [ 123.915312452999956, 10.408695068999975 ], [ 123.914905421999947, 10.408622991000016 ], [ 123.914623637999966, 10.408034327 ], [ 123.913962031999972, 10.408148454000013 ], [ 123.905006980000053, 10.412549093 ], [ 123.905925922000051, 10.413873319 ], [ 123.905906609, 10.415064294999979 ], [ 123.906170555000017, 10.415933385000017 ], [ 123.905855107999969, 10.424315276000016 ], [ 123.904556612999954, 10.429177023000022 ], [ 123.911767534999967, 10.428967839999984 ], [ 123.914398266000035, 10.430569575 ], [ 123.913778027000035, 10.435547944 ], [ 123.919196093999972, 10.436694091999982 ], [ 123.923307814000054, 10.437007509000011 ], [ 123.923060889, 10.43500013 ] ] ] } },
{ "type": "Feature", "properties": { "adm4_pcode": "PH0702217011", "barangay": "Bonbon", "lgu": "Cebu City", "area_sqkm": 9.33559727, "price_per_sqm": 216595, "price_q25": 185295, "price_q75": 218440, "point_count": 87, "confident_point_count": 68, "low_conf_share": 0.218, "dist_to_listing_m": 4073, "nearest_grid_m": 0, "fallback_nearest": false, "low_confidence": false, "price_label": "PHP 216,595 /sqm", "confidence_label": "Grounded in nearby listings" }, "geometry": { "type": "Polygon", "coordinates": [ [ [ 123.833872682999981, 10.381464069 ], [ 123.841848299000048, 10.371109016999981 ], [ 123.840470778000054, 10.366180751 ], [ 123.835526705, 10.364799796999989 ], [ 123.827505996000014, 10.358471645 ], [ 123.82259448800005, 10.356478911000011 ], [ 123.820663588, 10.358834064 ], [ 123.801677238000025, 10.349781214000018 ], [ 123.800098240000011, 10.349801220000018 ], [ 123.799497907000045, 10.356454527999972 ], [ 123.802961398999969, 10.36302323000001 ], [ 123.803397887999949, 10.365129705000015 ], [ 123.811401215000046, 10.373780238 ], [ 123.806156357999953, 10.378497182999979 ], [ 123.825290304999953, 10.380694382 ], [ 123.833872682999981, 10.381464069 ] ] ] } },
{ "type": "Feature", "properties": { "adm4_pcode": "PH0702217013", "barangay": "Budla-an (Pob.)", "lgu": "Cebu City", "area_sqkm": 5.52841755, "price_per_sqm": 230567, "price_q25": 184790, "price_q75": 241643, "point_count": 50, "confident_point_count": 50, "low_conf_share": 0.0, "dist_to_listing_m": 1656, "nearest_grid_m": 0, "fallback_nearest": false, "low_confidence": false, "price_label": "PHP 230,567 /sqm", "confidence_label": "Grounded in nearby listings" }, "geometry": { "type": "Polygon", "coordinates": [ [ [ 123.893199314999947, 10.396435429 ], [ 123.896145925000042, 10.395889824999983 ], [ 123.894214034000015, 10.386507831000017 ], [ 123.904914405999989, 10.372767243999988 ], [ 123.9071586, 10.369093888 ], [ 123.907161319000011, 10.368371697999976 ], [ 123.907577065000055, 10.36828601000002 ], [ 123.907627843, 10.367600504999984 ], [ 123.908175616, 10.366993257 ], [ 123.907517227999961, 10.363793905000023 ], [ 123.906911482000055, 10.362235881 ], [ 123.906610921000038, 10.358217409000019 ], [ 123.905315850999955, 10.357543263000025 ], [ 123.903896596999971, 10.355751454000028 ], [ 123.897876543000052, 10.366182375999983 ], [ 123.889846302000024, 10.365305228000011 ], [ 123.882360987999959, 10.376084422000019 ], [ 123.880255087000023, 10.378156268999987 ], [ 123.883594846000051, 10.381589936000012 ], [ 123.886971861, 10.385541111 ], [ 123.892154075, 10.393136095999978 ], [ 123.893199314999947, 10.396435429 ] ] ] } },
{ "type": "Feature", "properties": { "adm4_pcode": "PH0702217014", "barangay": "Buhisan", "lgu": "Cebu City", "area_sqkm": 7.36235008, "price_per_sqm": 180019, "price_q25": 155815, "price_q75": 224682, "point_count": 68, "confident_point_count": 68, "low_conf_share": 0.0, "dist_to_listing_m": 1836, "nearest_grid_m": 0, "fallback_nearest": false, "low_confidence": false, "price_label": "PHP 180,019 /sqm", "confidence_label": "Grounded in nearby listings" }, "geometry": { "type": "Polygon", "coordinates": [ [ [ 123.854234499999961, 10.33674793 ], [ 123.857106954999949, 10.331891298000016 ], [ 123.857154953999952, 10.331525743999975 ], [ 123.858168339000031, 10.330247892999978 ], [ 123.858394096999973, 10.32943967 ], [ 123.858601829, 10.329335888 ], [ 123.861565593000023, 10.324278149 ], [ 123.860240018000013, 10.321406949 ], [ 123.857067002, 10.316580301999977 ], [ 123.85353184500002, 10.313446608 ], [ 123.856257572, 10.308771764000028 ], [ 123.858579051999982, 10.306711124 ], [ 123.860599469000022, 10.303820394000013 ], [ 123.862947263000024, 10.301648285 ], [ 123.863914356, 10.298744966000015 ], [ 123.858993598999973, 10.296284851999985 ], [ 123.853422583, 10.294238963 ], [ 123.852004828999952, 10.293130861 ], [ 123.842563703, 10.306891028 ], [ 123.84167173000003, 10.315267423000023 ], [ 123.838032070000054, 10.324643321 ], [ 123.854234499999961, 10.33674793 ] ] ] } },
{ "type": "Feature", "properties": { "adm4_pcode": "PH0702217015", "barangay": "Bulacao", "lgu": "Cebu City", "area_sqkm": 4.45830876, "price_per_sqm": 164593, "price_q25": 155199, "price_q75": 221515, "point_count": 41, "confident_point_count": 41, "low_conf_share": 0.0, "dist_to_listing_m": 2093, "nearest_grid_m": 0, "fallback_nearest": false, "low_confidence": false, "price_label": "PHP 164,593 /sqm", "confidence_label": "Grounded in nearby listings" }, "geometry": { "type": "Polygon", "coordinates": [ [ [ 123.834734974999947, 10.302377395 ], [ 123.83890093399998, 10.294677917 ], [ 123.843676906000042, 10.290064219999977 ], [ 123.845980898999983, 10.289171271999976 ], [ 123.848505879999948, 10.285946487999979 ], [ 123.850871860999973, 10.282420725 ], [ 123.851473888999976, 10.280925503 ], [ 123.854038026000012, 10.277429268999981 ], [ 123.854551422999975, 10.27585301 ], [ 123.855440219, 10.274315414 ], [ 123.853086531000031, 10.270089739000014 ], [ 123.851717019000034, 10.268267056000013 ], [ 123.850426145000029, 10.268889845 ], [ 123.84941835799998, 10.269739104 ], [ 123.847844399, 10.270146748 ], [ 123.847074403999954, 10.272411439 ], [ 123.847674547, 10.272660554000026 ], [ 123.847681893999948, 10.273795125999982 ], [ 123.846882901999948, 10.274497388999976 ], [ 123.846601604000057, 10.275722599 ], [ 123.846345309999947, 10.275991395 ], [ 123.845563924999965, 10.276210182999989 ], [ 123.845420150999985, 10.27687279700001 ], [ 123.84447623799997, 10.278391807999981 ], [ 123.84338230000003, 10.27907942600001 ], [ 123.842107081, 10.280617189999987 ], [ 123.841300693, 10.280860981999979 ], [ 123.840613074999965, 10.280423407 ], [ 123.838512714, 10.280973501 ], [ 123.837981371999945, 10.281429829999979 ], [ 123.837743831000012, 10.282242470000028 ], [ 123.837487537000015, 10.282273724999982 ], [ 123.837087469000039, 10.281898660000024 ], [ 123.836374846000012, 10.281898660000024 ], [ 123.835962275000043, 10.283405169 ], [ 123.835193393000054, 10.284274069 ], [ 123.830295783999986, 10.284597957000017 ], [ 123.828576570999985, 10.292980735000015 ], [ 123.826075963, 10.296547841 ], [ 123.825299321999978, 10.29897465 ], [ 123.834734974999947, 10.302377395 ] ] ] } },
{ "type": "Feature", "properties": { "adm4_pcode": "PH0702217016", "barangay": "Buot-Taup Pardo", "lgu": "Cebu City", "area_sqkm": 6.30989293, "price_per_sqm": 145544, "price_q25": 143426, "price_q75": 147523, "point_count": 58, "confident_point_count": 22, "low_conf_share": 0.621, "dist_to_listing_m": 5306, "nearest_grid_m": 0, "fallback_nearest": false, "low_confidence": true, "price_label": "PHP 145,544 /sqm", "confidence_label": "Low confidence · median grid cell 5.3 km from listing" }, "geometry": { "type": "Polygon", "coordinates": [ [ [ 123.820663588, 10.358834064 ], [ 123.82259448800005, 10.356478911000011 ], [ 123.817545476999953, 10.34003489700001 ], [ 123.82101013, 10.332486343000028 ], [ 123.816472174999944, 10.328072054000017 ], [ 123.815923834000046, 10.329363117000014 ], [ 123.815510003999975, 10.329542834999984 ], [ 123.815066727000044, 10.329348862000018 ], [ 123.814540029999989, 10.328769524 ], [ 123.814378317999967, 10.327673243999982 ], [ 123.814063082999951, 10.327510894999989 ], [ 123.813696637000021, 10.327502854999977 ], [ 123.812463259999959, 10.328901178000024 ], [ 123.811819525000033, 10.329259956999977 ], [ 123.811029244999986, 10.329213958000025 ], [ 123.810215148999987, 10.328888016 ], [ 123.809918112999981, 10.328581792000023 ], [ 123.809575549999977, 10.327418686999977 ], [ 123.809272091000025, 10.327288281 ], [ 123.80864228300004, 10.327710459 ], [ 123.808251521999978, 10.32837566 ], [ 123.808334514999956, 10.329147734 ], [ 123.808588829999962, 10.329689062 ], [ 123.809243851000019, 10.330184986 ], [ 123.809395656999982, 10.330548218999979 ], [ 123.808557641999982, 10.331294152999988 ], [ 123.80780546799997, 10.331323124 ], [ 123.806697720999978, 10.331799378000028 ], [ 123.806477335999944, 10.332222331000025 ], [ 123.808217530999968, 10.333920233000015 ], [ 123.808429344000047, 10.335207568999977 ], [ 123.808097168000018, 10.335468676 ], [ 123.807434918000013, 10.335529017 ], [ 123.807126410000023, 10.335210707999977 ], [ 123.807183423999959, 10.334013592000019 ], [ 123.806972869, 10.333366792 ], [ 123.806198244000029, 10.333448292000014 ], [ 123.805032091000044, 10.334623066 ], [ 123.804111817000035, 10.334714685 ], [ 123.803718050000043, 10.334499704999985 ], [ 123.803575927, 10.33388333900001 ], [ 123.803984360999948, 10.333256619999986 ], [ 123.803504063999981, 10.332588551000015 ], [ 123.803075562, 10.33255163299998 ], [ 123.802682872999981, 10.332683384 ], [ 123.801894383999979, 10.333910977000016 ], [ 123.801831311, 10.334498385000018 ], [ 123.802522917000033, 10.336493716 ], [ 123.8023485, 10.336644379 ], [ 123.801982379000037, 10.336783208999975 ], [ 123.801190897999959, 10.336467475 ], [ 123.799830373999953, 10.336619668000026 ], [ 123.799320256999977, 10.335980141 ], [ 123.798107393, 10.335502678000012 ], [ 123.793990325999971, 10.337305671000024 ], [ 123.793045786999983, 10.338112871000021 ], [ 123.791612653000016, 10.337990838999985 ], [ 123.791325377000021, 10.338599335000026 ], [ 123.792180703999975, 10.34104877599998 ], [ 123.800098240000011, 10.349801220000018 ], [ 123.801677238000025, 10.349781214000018 ], [ 123.820663588, 10.358834064 ] ] ] } },
{ "type": "Feature", "properties": { "adm4_pcode": "PH0702217017", "barangay": "Busay (Pob.)", "lgu": "Cebu City", "area_sqkm": 9.07366465, "price_per_sqm": 230567, "price_q25": 166916, "price_q75": 237137, "point_count": 81, "confident_point_count": 81, "low_conf_share": 0.0, "dist_to_listing_m": 790, "nearest_grid_m": 0, "fallback_nearest": false, "low_confidence": false, "price_label": "PHP 230,567 /sqm", "confidence_label": "Grounded in nearby listings" }, "geometry": { "type": "Polygon", "coordinates": [ [ [ 123.873739827, 10.378408036999986 ], [ 123.880255087000023, 10.378156268999987 ], [ 123.882360987999959, 10.376084422000019 ], [ 123.889846302000024, 10.365305228000011 ], [ 123.891375160000052, 10.361102604999985 ], [ 123.892399701000045, 10.360614081999984 ], [ 123.892969644, 10.360810848000028 ], [ 123.893878838999967, 10.360471597000014 ], [ 123.894184164999956, 10.360539447 ], [ 123.895452966999983, 10.359901654 ], [ 123.898513018000017, 10.356427715 ], [ 123.89944256800004, 10.355878126999983 ], [ 123.900101439999958, 10.354916527 ], [ 123.899925221, 10.353980361000026 ], [ 123.90004637200002, 10.353694005000023 ], [ 123.900641112000017, 10.352956086 ], [ 123.901202810999962, 10.351777619000018 ], [ 123.901896674999989, 10.351215920000016 ], [ 123.901720456000021, 10.350246713 ], [ 123.903009060000045, 10.349354603 ], [ 123.903295416, 10.348704794000014 ], [ 123.903218319999951, 10.347691532 ], [ 123.903515691000052, 10.347526327000026 ], [ 123.903599924, 10.347145286999989 ], [ 123.899521379000021, 10.346807026000022 ], [ 123.897878610000021, 10.343552596999984 ], [ 123.896727930999987, 10.343986572 ], [ 123.895759248, 10.344850829999984 ], [ 123.893765658, 10.343891601 ], [ 123.893429008, 10.345614926999986 ], [ 123.892662256, 10.345221853999988 ], [ 123.89265617, 10.34502100200001 ], [ 123.893063959999949, 10.344832323 ], [ 123.893057873999965, 10.344558434000021 ], [ 123.891706688, 10.344108038 ], [ 123.890891107000016, 10.343402013 ], [ 123.890148564000015, 10.34346896400001 ], [ 123.888818385000036, 10.34250560800001 ], [ 123.888718785000037, 10.342718089000016 ], [ 123.876839097000015, 10.341510067 ], [ 123.876536086999977, 10.360152342 ], [ 123.867785107000032, 10.362345754999978 ], [ 123.867324463000045, 10.365008252999985 ], [ 123.863853146, 10.372660908 ], [ 123.870032485000024, 10.376262902 ], [ 123.870712644000037, 10.376744681 ], [ 123.871336123, 10.377906618999987 ], [ 123.873739827, 10.378408036999986 ] ] ] } },
{ "type": "Feature", "properties": { "adm4_pcode": "PH0702217018", "barangay": "Calamba", "lgu": "Cebu City", "area_sqkm": 0.46126082, "price_per_sqm": 211788, "price_q25": 187207, "price_q75": 212346, "point_count": 6, "confident_point_count": 6, "low_conf_share": 0.0, "dist_to_listing_m": 231, "nearest_grid_m": 0, "fallback_nearest": false, "low_confidence": false, "price_label": "PHP 211,788 /sqm", "confidence_label": "Grounded in nearby listings" }, "geometry": { "type": "Polygon", "coordinates": [ [ [ 123.886631417999979, 10.307923787 ], [ 123.888557573999947, 10.308067095000013 ], [ 123.888387391000037, 10.307380497 ], [ 123.887870976000045, 10.307362891000025 ], [ 123.887976606000052, 10.306453295999972 ], [ 123.887336955000023, 10.306065983999986 ], [ 123.886844012999973, 10.305303096999978 ], [ 123.88773013499997, 10.305238545 ], [ 123.88828176100003, 10.304452185 ], [ 123.887718397999947, 10.304170504000012 ], [ 123.887994210999977, 10.303483906 ], [ 123.887196113999948, 10.30343695900001 ], [ 123.88704291800002, 10.303149443999985 ], [ 123.887149482000041, 10.302760795999973 ], [ 123.887701111999945, 10.302215435999983 ], [ 123.88699277, 10.301632464000022 ], [ 123.887017843999956, 10.30135038100002 ], [ 123.887331269000015, 10.301137251 ], [ 123.886942622, 10.300610695999978 ], [ 123.887193361999948, 10.300021456000025 ], [ 123.887682305999988, 10.299764446999973 ], [ 123.887864092999962, 10.299338187999979 ], [ 123.8895718, 10.297364088 ], [ 123.888317602000029, 10.297240733000024 ], [ 123.885065689000044, 10.298050744000022 ], [ 123.884139362000042, 10.304016274 ], [ 123.883402618, 10.305729188999976 ], [ 123.883236335999982, 10.306680965999988 ], [ 123.88278604300001, 10.307155755 ], [ 123.88278190699998, 10.307648245999985 ], [ 123.886603855999965, 10.30856302799998 ], [ 123.886631417999979, 10.307923787 ] ] ] } },
{ "type": "Feature", "properties": { "adm4_pcode": "PH0702217019", "barangay": "Cambinocot", "lgu": "Cebu City", "area_sqkm": 5.40399446, "price_per_sqm": 174541, "price_q25": 174541, "price_q75": 174541, "point_count": 0, "confident_point_count": 0, "low_conf_share": 1.0, "dist_to_listing_m": 4566, "nearest_grid_m": 1739, "fallback_nearest": true, "low_confidence": true, "price_label": "PHP 174,541 /sqm", "confidence_label": "Nearest grid estimate · 1,739 m from barangay interior" }, "geometry": { "type": "Polygon", "coordinates": [ [ [ 123.907758036000018, 10.468093010000018 ], [ 123.909168584999975, 10.466593563 ], [ 123.907524703000036, 10.462859408999975 ], [ 123.906223916000044, 10.45334619099998 ], [ 123.905444327000055, 10.450060354000016 ], [ 123.904706326999985, 10.448864582 ], [ 123.902317520999986, 10.449723774 ], [ 123.895138663000012, 10.457614356000022 ], [ 123.886120065999989, 10.457943522 ], [ 123.885856073000014, 10.458095555 ], [ 123.88559485899998, 10.458658798999977 ], [ 123.884754789999988, 10.458877407999978 ], [ 123.884176038999954, 10.458690583000021 ], [ 123.882769378000035, 10.458967201 ], [ 123.891733092999971, 10.474446124999986 ], [ 123.904591058000051, 10.480714496000019 ], [ 123.907758036000018, 10.468093010000018 ] ] ] } },
{ "type": "Feature", "properties": { "adm4_pcode": "PH0702217036", "barangay": "Camputhaw (Pob.)", "lgu": "Cebu City", "area_sqkm": 1.21550555, "price_per_sqm": 179760, "price_q25": 166488, "price_q75": 205885, "point_count": 12, "confident_point_count": 12, "low_conf_share": 0.0, "dist_to_listing_m": 174, "nearest_grid_m": 0, "fallback_nearest": false, "low_confidence": false, "price_label": "PHP 179,760 /sqm", "confidence_label": "Grounded in nearby listings" }, "geometry": { "type": "Polygon", "coordinates": [ [ [ 123.897011893000013, 10.32219309300001 ], [ 123.896866939, 10.321336885999983 ], [ 123.897320786000023, 10.321122302 ], [ 123.897067072000027, 10.320732790000022 ], [ 123.897365767999986, 10.320679859 ], [ 123.899176463, 10.320587616000012 ], [ 123.898955581, 10.321476401999973 ], [ 123.900910647000046, 10.321489632 ], [ 123.901240967000035, 10.320854329999975 ], [ 123.902370235000035, 10.321433259 ], [ 123.903478061999976, 10.319432023 ], [ 123.902603538999983, 10.317724799000018 ], [ 123.903642141999967, 10.317213486000014 ], [ 123.904017637000038, 10.316798044999985 ], [ 123.903578228000015, 10.315767431999973 ], [ 123.904235020999977, 10.313949720999972 ], [ 123.903765392999958, 10.313793178000026 ], [ 123.904921791, 10.311394534999977 ], [ 123.905189428999961, 10.309950300000025 ], [ 123.903057435000051, 10.311035811000011 ], [ 123.900654891000045, 10.311527144000024 ], [ 123.89821508700004, 10.31121747200001 ], [ 123.895461373999979, 10.310245574000021 ], [ 123.895002792000014, 10.312474282999972 ], [ 123.892892784999958, 10.318151892 ], [ 123.892622813, 10.319393762 ], [ 123.892723088000025, 10.319594312999982 ], [ 123.89405827500002, 10.319518179 ], [ 123.893642297000042, 10.32036605899998 ], [ 123.894471702000033, 10.320673652999972 ], [ 123.894515643999966, 10.321849099000019 ], [ 123.897011893000013, 10.32219309300001 ] ] ] } },
{ "type": "Feature", "properties": { "adm4_pcode": "PH0702217020", "barangay": "Capitol Site (Pob.)", "lgu": "Cebu City", "area_sqkm": 0.79426689, "price_per_sqm": 170604, "price_q25": 167591, "price_q75": 214187, "point_count": 7, "confident_point_count": 7, "low_conf_share": 0.0, "dist_to_listing_m": 152, "nearest_grid_m": 0, "fallback_nearest": false, "low_confidence": false, "price_label": "PHP 170,604 /sqm", "confidence_label": "Grounded in nearby listings" }, "geometry": { "type": "Polygon", "coordinates": [ [ [ 123.89056812299998, 10.325007538000023 ], [ 123.890930766, 10.324914834000026 ], [ 123.890757012999984, 10.324413535000019 ], [ 123.891028275000053, 10.323479728 ], [ 123.892708998999979, 10.319793242 ], [ 123.892622813, 10.319393762 ], [ 123.892892784999958, 10.318151892 ], [ 123.895002792000014, 10.312474282999972 ], [ 123.895461373999979, 10.310245574000021 ], [ 123.889612194000051, 10.30823125 ], [ 123.888557573999947, 10.308067095000013 ], [ 123.888716018999958, 10.308700878000025 ], [ 123.889038778999975, 10.309099925999988 ], [ 123.888915544000042, 10.310919118000015 ], [ 123.889531721000026, 10.31191087000002 ], [ 123.889338064999947, 10.31334275 ], [ 123.889015306000033, 10.31402348 ], [ 123.888534100000015, 10.31451055399998 ], [ 123.889156146, 10.315120863 ], [ 123.888915544000042, 10.31624172 ], [ 123.888369786, 10.317215868 ], [ 123.888897938000014, 10.318553854000015 ], [ 123.889748851000036, 10.319651237000016 ], [ 123.889073989000053, 10.320801436000011 ], [ 123.889977716999965, 10.321904687000028 ], [ 123.889989453, 10.322567811999988 ], [ 123.889320460000022, 10.323794298999985 ], [ 123.889185487999953, 10.324680420999982 ], [ 123.89056812299998, 10.325007538000023 ] ] ] } },
{ "type": "Feature", "properties": { "adm4_pcode": "PH0702217021", "barangay": "Carreta", "lgu": "Cebu City", "area_sqkm": 0.94450436, "price_per_sqm": 159449, "price_q25": 151211, "price_q75": 225801, "point_count": 9, "confident_point_count": 9, "low_conf_share": 0.0, "dist_to_listing_m": 200, "nearest_grid_m": 0, "fallback_nearest": false, "low_confidence": false, "price_label": "PHP 159,449 /sqm", "confidence_label": "Grounded in nearby listings" }, "geometry": { "type": "Polygon", "coordinates": [ [ [ 123.914597873000048, 10.312599381999974 ], [ 123.915422249000017, 10.311660356 ], [ 123.916258171999971, 10.312344935 ], [ 123.920489260999943, 10.307311215000027 ], [ 123.920798744999956, 10.306734322000011 ], [ 123.916109836000032, 10.302942234999989 ], [ 123.915879479999944, 10.303121728 ], [ 123.914292234999948, 10.301811209999983 ], [ 123.909890984999947, 10.307137415 ], [ 123.909692963, 10.306618596000021 ], [ 123.906829943000048, 10.308093566000025 ], [ 123.908705288999954, 10.31072215 ], [ 123.909873125, 10.311866477000024 ], [ 123.910710798999958, 10.311327576 ], [ 123.911550415999955, 10.310111716 ], [ 123.912853404999964, 10.310812716999976 ], [ 123.914597873000048, 10.312599381999974 ] ] ] } },
{ "type": "Feature", "properties": { "adm4_pcode": "PH0702217022", "barangay": "Central (Pob.)", "lgu": "Cebu City", "area_sqkm": 0.29517998, "price_per_sqm": 223241, "price_q25": 220376, "price_q75": 235905, "point_count": 3, "confident_point_count": 3, "low_conf_share": 0.0, "dist_to_listing_m": 244, "nearest_grid_m": 0, "fallback_nearest": false, "low_confidence": false, "price_label": "PHP 223,241 /sqm", "confidence_label": "Grounded in nearby listings" }, "geometry": { "type": "Polygon", "coordinates": [ [ [ 123.90213797399997, 10.297420924 ], [ 123.903812067, 10.297623386 ], [ 123.903795588999969, 10.296720048999987 ], [ 123.903672214000039, 10.295656198000017 ], [ 123.901989288999971, 10.291958297 ], [ 123.901524754999969, 10.2905146 ], [ 123.900343069999963, 10.291446727999983 ], [ 123.900165876999949, 10.292143582 ], [ 123.899384065000049, 10.292080872999975 ], [ 123.899988033, 10.294208318000017 ], [ 123.899074608999967, 10.294300815999975 ], [ 123.897775946000024, 10.294891991999975 ], [ 123.898237473999984, 10.29618426899998 ], [ 123.900241666000056, 10.297439473999987 ], [ 123.90211057199997, 10.297766879999983 ], [ 123.90213797399997, 10.297420924 ] ] ] } },
{ "type": "Feature", "properties": { "adm4_pcode": "PH0702217024", "barangay": "Cogon Pardo", "lgu": "Cebu City", "area_sqkm": 1.53399033, "price_per_sqm": 166467, "price_q25": 160850, "price_q75": 175800, "point_count": 14, "confident_point_count": 14, "low_conf_share": 0.0, "dist_to_listing_m": 357, "nearest_grid_m": 0, "fallback_nearest": false, "low_confidence": false, "price_label": "PHP 166,467 /sqm", "confidence_label": "Grounded in nearby listings" }, "geometry": { "type": "Polygon", "coordinates": [ [ [ 123.85796237, 10.281190697 ], [ 123.859690162999982, 10.280579258999978 ], [ 123.862974509999958, 10.278513738000015 ], [ 123.866518738999957, 10.27554175 ], [ 123.879719669, 10.269617816999983 ], [ 123.881095054999946, 10.268757957 ], [ 123.877580849999958, 10.264696137999977 ], [ 123.870298997999953, 10.270766679000019 ], [ 123.866351793000035, 10.272754336 ], [ 123.863035345999947, 10.269618117 ], [ 123.861954720999961, 10.270288006999976 ], [ 123.861338618, 10.270038632000023 ], [ 123.859738186999948, 10.270966080999983 ], [ 123.859418036999955, 10.270961538999984 ], [ 123.859355303000029, 10.271199407999973 ], [ 123.858766995999986, 10.271596150999983 ], [ 123.858425835000048, 10.272624087999986 ], [ 123.857818028999986, 10.272786646999975 ], [ 123.85717747800004, 10.273353853 ], [ 123.856796729000052, 10.273435440000014 ], [ 123.85796237, 10.281190697 ] ] ] } },
{ "type": "Feature", "properties": { "adm4_pcode": "PH0702217023", "barangay": "Cogon Ramos (Pob.)", "lgu": "Cebu City", "area_sqkm": 0.29510604, "price_per_sqm": 171858, "price_q25": 167794, "price_q75": 175922, "point_count": 2, "confident_point_count": 2, "low_conf_share": 0.0, "dist_to_listing_m": 204, "nearest_grid_m": 0, "fallback_nearest": false, "low_confidence": false, "price_label": "PHP 171,858 /sqm", "confidence_label": "Grounded in nearby listings" }, "geometry": { "type": "Polygon", "coordinates": [ [ [ 123.899854786999981, 10.311523584999975 ], [ 123.899579408000022, 10.309830853 ], [ 123.900140090000036, 10.303402329 ], [ 123.898312240999985, 10.302967059000025 ], [ 123.898281561999966, 10.304700520999972 ], [ 123.894960752999964, 10.30908797799998 ], [ 123.895510438999963, 10.309389400999976 ], [ 123.895461373999979, 10.310245574000021 ], [ 123.89821508700004, 10.31121747200001 ], [ 123.899854786999981, 10.311523584999975 ] ] ] } },
{ "type": "Feature", "properties": { "adm4_pcode": "PH0702217025", "barangay": "Day-as", "lgu": "Cebu City", "area_sqkm": 0.10610552, "price_per_sqm": 159381, "price_q25": 159381, "price_q75": 159381, "point_count": 1, "confident_point_count": 1, "low_conf_share": 0.0, "dist_to_listing_m": 136, "nearest_grid_m": 0, "fallback_nearest": false, "low_confidence": false, "price_label": "PHP 159,381 /sqm", "confidence_label": "Grounded in nearby listings" }, "geometry": { "type": "Polygon", "coordinates": [ [ [ 123.903565337000032, 10.304007147 ], [ 123.903708349999988, 10.303074838999976 ], [ 123.904091943000026, 10.30272577 ], [ 123.903643139999986, 10.300903705999986 ], [ 123.903826654999989, 10.300284487999988 ], [ 123.902461979, 10.300387268 ], [ 123.901545937000037, 10.300143248999973 ], [ 123.900140090000036, 10.303402329 ], [ 123.901835897999945, 10.303749032999974 ], [ 123.90198911799996, 10.302516249 ], [ 123.902260600999966, 10.302046596000025 ], [ 123.903565337000032, 10.304007147 ] ] ] } },
{ "type": "Feature", "properties": { "adm4_pcode": "PH0702217027", "barangay": "Duljo (Pob.)", "lgu": "Cebu City", "area_sqkm": 0.40362159, "price_per_sqm": 169214, "price_q25": 161421, "price_q75": 178050, "point_count": 4, "confident_point_count": 4, "low_conf_share": 0.0, "dist_to_listing_m": 453, "nearest_grid_m": 0, "fallback_nearest": false, "low_confidence": false, "price_label": "PHP 169,214 /sqm", "confidence_label": "Grounded in nearby listings" }, "geometry": { "type": "Polygon", "coordinates": [ [ [ 123.886015182000051, 10.296431507000023 ], [ 123.886430573999974, 10.296347605999983 ], [ 123.887170619000017, 10.29218167800002 ], [ 123.886759504, 10.290170991000025 ], [ 123.885365672000034, 10.289332665000018 ], [ 123.884660410000038, 10.289924343 ], [ 123.883536725999988, 10.289933947 ], [ 123.882456260000026, 10.290697476 ], [ 123.88113088800003, 10.290884757000015 ], [ 123.880846780999946, 10.291653685000028 ], [ 123.88022670600003, 10.291969752999989 ], [ 123.880069391, 10.292263276000028 ], [ 123.880186921000018, 10.293269044 ], [ 123.884472374999973, 10.29616619799998 ], [ 123.885883176999982, 10.296787541000015 ], [ 123.886015182000051, 10.296431507000023 ] ] ] } },
{ "type": "Feature", "properties": { "adm4_pcode": "PH0702217028", "barangay": "Ermita (Pob.)", "lgu": "Cebu City", "area_sqkm": 0.3796456, "price_per_sqm": 222002, "price_q25": 221014, "price_q75": 223968, "point_count": 4, "confident_point_count": 4, "low_conf_share": 0.0, "dist_to_listing_m": 371, "nearest_grid_m": 0, "fallback_nearest": false, "low_confidence": false, "price_label": "PHP 222,002 /sqm", "confidence_label": "Grounded in nearby listings" }, "geometry": { "type": "MultiPolygon", "coordinates": [ [ [ [ 123.899988033, 10.294208318000017 ], [ 123.899384065000049, 10.292080872999975 ], [ 123.900165876999949, 10.292143582 ], [ 123.900343069999963, 10.291446727999983 ], [ 123.901524754999969, 10.2905146 ], [ 123.900401318000036, 10.289718309000023 ], [ 123.899798529, 10.290035610000018 ], [ 123.89932703, 10.289901042999986 ], [ 123.899009188000036, 10.290244007000013 ], [ 123.898763264999957, 10.289874624 ], [ 123.898530165000011, 10.289840818000016 ], [ 123.898590324, 10.289615051999988 ], [ 123.898280856000042, 10.289447583000026 ], [ 123.898226341000054, 10.289699163000023 ], [ 123.898109464999948, 10.289650130999973 ], [ 123.898146573999952, 10.289370291000012 ], [ 123.89749958699997, 10.288919073999978 ], [ 123.897011873999986, 10.288647527000023 ], [ 123.896419369, 10.288605070000017 ], [ 123.896176236999963, 10.290215235 ], [ 123.895100582000055, 10.29307527200001 ], [ 123.897854841000026, 10.293620560000022 ], [ 123.899074608999967, 10.294300815999975 ], [ 123.899988033, 10.294208318000017 ] ] ], [ [ [ 123.904479980000019, 10.274475097999982 ], [ 123.904296875, 10.271484375 ], [ 123.903320313, 10.272094727000024 ], [ 123.903320313, 10.273498534999987 ], [ 123.903686523000033, 10.274719237999989 ], [ 123.904113769, 10.274719237999989 ], [ 123.904479980000019, 10.274475097999982 ] ] ], [ [ [ 123.905883788999972, 10.276306152000018 ], [ 123.905273437, 10.276306152000018 ], [ 123.904724120999958, 10.276672362999989 ], [ 123.904296875, 10.277526856 ], [ 123.904296875, 10.279907227000024 ], [ 123.904907226999967, 10.28070068400001 ], [ 123.905517577999944, 10.280883790000019 ], [ 123.906311035000044, 10.280517579 ], [ 123.906677245999958, 10.279724121000015 ], [ 123.906494141000053, 10.277709961000028 ], [ 123.906127930000025, 10.276489258000026 ], [ 123.905883788999972, 10.276306152000018 ] ] ] ] } },
{ "type": "Feature", "properties": { "adm4_pcode": "PH0702217029", "barangay": "Guadalupe", "lgu": "Cebu City", "area_sqkm": 7.36442719, "price_per_sqm": 173294, "price_q25": 151151, "price_q75": 224900, "point_count": 69, "confident_point_count": 69, "low_conf_share": 0.0, "dist_to_listing_m": 398, "nearest_grid_m": 0, "fallback_nearest": false, "low_confidence": false, "price_label": "PHP 173,294 /sqm", "confidence_label": "Grounded in nearby listings" }, "geometry": { "type": "Polygon", "coordinates": [ [ [ 123.875168421000012, 10.332723467 ], [ 123.877195576999952, 10.331269994000024 ], [ 123.877303465999944, 10.331901145000018 ], [ 123.877928763999989, 10.33224678900001 ], [ 123.880352368999979, 10.332200307999983 ], [ 123.88105621, 10.332426069 ], [ 123.883552854999948, 10.330580146999978 ], [ 123.884183656, 10.330487184999981 ], [ 123.884933976999946, 10.328946702 ], [ 123.885478457999966, 10.329046302 ], [ 123.885916744000042, 10.328872225 ], [ 123.886568200000056, 10.328142754 ], [ 123.886309991999951, 10.327420944999972 ], [ 123.886433227, 10.327291840999976 ], [ 123.887677319999966, 10.327174474 ], [ 123.888093972999968, 10.326869320000014 ], [ 123.888545837000038, 10.325484387000017 ], [ 123.889185487999953, 10.324680420999982 ], [ 123.889320460000022, 10.323794298999985 ], [ 123.889989453, 10.322567811999988 ], [ 123.889977716999965, 10.321904687000028 ], [ 123.889073989000053, 10.320801436000011 ], [ 123.889748851000036, 10.319651237000016 ], [ 123.888897938000014, 10.318553854000015 ], [ 123.888369786, 10.317215868 ], [ 123.888915544000042, 10.31624172 ], [ 123.889156146, 10.315120863 ], [ 123.888534100000015, 10.31451055399998 ], [ 123.889015306000033, 10.31402348 ], [ 123.889338064999947, 10.31334275 ], [ 123.889531721000026, 10.31191087000002 ], [ 123.888915544000042, 10.310919118000015 ], [ 123.889038778999975, 10.309099925999988 ], [ 123.888716018999958, 10.308700878000025 ], [ 123.888557573999947, 10.308067095000013 ], [ 123.886631417999979, 10.307923787 ], [ 123.886603855999965, 10.30856302799998 ], [ 123.88278190699998, 10.307648245999985 ], [ 123.879717891000041, 10.307265926000014 ], [ 123.879308262999984, 10.307014687999981 ], [ 123.879100718000018, 10.306517672999973 ], [ 123.877871447999951, 10.306555625999977 ], [ 123.877307681000048, 10.307001044 ], [ 123.877285208999979, 10.307387666000011 ], [ 123.87686016400005, 10.307420302000025 ], [ 123.876788473000033, 10.30792210200002 ], [ 123.874955606999947, 10.308127485999989 ], [ 123.873191937, 10.307686568 ], [ 123.872906427999965, 10.307376802000022 ], [ 123.872978912, 10.307148201000018 ], [ 123.872571890000017, 10.307103596 ], [ 123.871495792000019, 10.306473548999975 ], [ 123.871222634999981, 10.306730389999984 ], [ 123.870785610999974, 10.306608744000016 ], [ 123.870718030000035, 10.306347431 ], [ 123.869675616999984, 10.306918949000021 ], [ 123.869609783999977, 10.307391753 ], [ 123.86990017200003, 10.307894696 ], [ 123.869850371999974, 10.308981361 ], [ 123.869200117999981, 10.309166023999978 ], [ 123.86890955399997, 10.309558654999989 ], [ 123.867707265000035, 10.309122152999976 ], [ 123.867625740999983, 10.309547271999975 ], [ 123.867032410999968, 10.309442276000027 ], [ 123.866729534, 10.310234053999977 ], [ 123.862386781000055, 10.310304222000013 ], [ 123.861865900999987, 10.311271761 ], [ 123.860273433999964, 10.313197291999984 ], [ 123.857067002, 10.316580301999977 ], [ 123.860240018000013, 10.321406949 ], [ 123.861565593000023, 10.324278149 ], [ 123.872441408999975, 10.330595745999972 ], [ 123.874053601000014, 10.331605430000025 ], [ 123.875168421000012, 10.332723467 ] ] ] } },
{ "type": "Feature", "properties": { "adm4_pcode": "PH0702217030", "barangay": "Guba", "lgu": "Cebu City", "area_sqkm": 10.82131042, "price_per_sqm": 179471, "price_q25": 175578, "price_q75": 180127, "point_count": 97, "confident_point_count": 90, "low_conf_share": 0.072, "dist_to_listing_m": 4036, "nearest_grid_m": 0, "fallback_nearest": false, "low_confidence": false, "price_label": "PHP 179,471 /sqm", "confidence_label": "Grounded in nearby listings" }, "geometry": { "type": "Polygon", "coordinates": [ [ [ 123.895138663000012, 10.457614356000022 ], [ 123.902317520999986, 10.449723774 ], [ 123.896627010999964, 10.444713858 ], [ 123.896416062999947, 10.443488203000015 ], [ 123.898893768, 10.435198906999972 ], [ 123.904609726999979, 10.429070379999985 ], [ 123.905855107999969, 10.424315276000016 ], [ 123.906170555000017, 10.415933385000017 ], [ 123.905906609, 10.415064294999979 ], [ 123.905925922000051, 10.413873319 ], [ 123.901424325, 10.407963198 ], [ 123.899197680000043, 10.401091215 ], [ 123.896745142999976, 10.400757957999986 ], [ 123.896639468999979, 10.404796895 ], [ 123.895251537000036, 10.411338457999989 ], [ 123.885170241999958, 10.416014243 ], [ 123.872483925999973, 10.425304531999984 ], [ 123.867758383000023, 10.4241753 ], [ 123.870872589999976, 10.428014426 ], [ 123.87993107, 10.433937239999977 ], [ 123.895138663000012, 10.457614356000022 ] ] ] } },
{ "type": "Feature", "properties": { "adm4_pcode": "PH0702217031", "barangay": "Hippodromo", "lgu": "Cebu City", "area_sqkm": 0.43068491, "price_per_sqm": 171308, "price_q25": 160137, "price_q75": 185892, "point_count": 4, "confident_point_count": 4, "low_conf_share": 0.0, "dist_to_listing_m": 76, "nearest_grid_m": 0, "fallback_nearest": false, "low_confidence": false, "price_label": "PHP 171,308 /sqm", "confidence_label": "Grounded in nearby listings" }, "geometry": { "type": "Polygon", "coordinates": [ [ [ 123.908477652999977, 10.318680116999985 ], [ 123.909366506999959, 10.317627995 ], [ 123.909556099000042, 10.316726238 ], [ 123.909830659000022, 10.314288482 ], [ 123.909439002, 10.31354531300002 ], [ 123.909323687999972, 10.312429480999981 ], [ 123.909873125, 10.311866477000024 ], [ 123.908705288999954, 10.31072215 ], [ 123.907179393999968, 10.308725289999984 ], [ 123.905189428999961, 10.309950300000025 ], [ 123.904921791, 10.311394534999977 ], [ 123.903765392999958, 10.313793178000026 ], [ 123.905103582000038, 10.314429448999988 ], [ 123.906039059000022, 10.316685469 ], [ 123.907412938999983, 10.31752838 ], [ 123.908477652999977, 10.318680116999985 ] ] ] } },
{ "type": "Feature", "properties": { "adm4_pcode": "PH0702217032", "barangay": "Inayawan", "lgu": "Cebu City", "area_sqkm": 2.75326677, "price_per_sqm": 159599, "price_q25": 143743, "price_q75": 177751, "point_count": 26, "confident_point_count": 26, "low_conf_share": 0.0, "dist_to_listing_m": 672, "nearest_grid_m": 0, "fallback_nearest": false, "low_confidence": false, "price_label": "PHP 159,599 /sqm", "confidence_label": "Grounded in nearby listings" }, "geometry": { "type": "Polygon", "coordinates": [ [ [ 123.857338401999982, 10.276881246000016 ], [ 123.856796729000052, 10.273435440000014 ], [ 123.85717747800004, 10.273353853 ], [ 123.857818028999986, 10.272786646999975 ], [ 123.858425835000048, 10.272624087999986 ], [ 123.858766995999986, 10.271596150999983 ], [ 123.859355303000029, 10.271199407999973 ], [ 123.859418036999955, 10.270961538999984 ], [ 123.859738186999948, 10.270966080999983 ], [ 123.861338618, 10.270038632000023 ], [ 123.861954720999961, 10.270288006999976 ], [ 123.863035345999947, 10.269618117 ], [ 123.866351793000035, 10.272754336 ], [ 123.870298997999953, 10.270766679000019 ], [ 123.877580849999958, 10.264696137999977 ], [ 123.873415145999957, 10.259836297999982 ], [ 123.875168372999951, 10.258251353 ], [ 123.870905282999956, 10.26164402 ], [ 123.869057647999966, 10.262072456999988 ], [ 123.868513175999965, 10.26192964400002 ], [ 123.868138293000015, 10.26262585500001 ], [ 123.866870834, 10.262072456999988 ], [ 123.866442397000014, 10.262500894000027 ], [ 123.860018207000053, 10.261173427000017 ], [ 123.858527194999965, 10.258822897000016 ], [ 123.858070892, 10.259091873999978 ], [ 123.857032484, 10.260417186999973 ], [ 123.85600114500005, 10.262647726000012 ], [ 123.855982255999947, 10.263121386000023 ], [ 123.854869614999984, 10.263083895000022 ], [ 123.854610224999988, 10.262920834999989 ], [ 123.854038726, 10.263163485 ], [ 123.85233567, 10.263208360000021 ], [ 123.85187593, 10.263010869000027 ], [ 123.851203922999957, 10.263467814000023 ], [ 123.851717019000034, 10.268267056000013 ], [ 123.853086531000031, 10.270089739000014 ], [ 123.85489609800004, 10.273581901 ], [ 123.857338401999982, 10.276881246000016 ] ] ] } },
{ "type": "Feature", "properties": { "adm4_pcode": "PH0702217033", "barangay": "Kalubihan (Pob.)", "lgu": "Cebu City", "area_sqkm": 0.16137985, "price_per_sqm": 177247, "price_q25": 174459, "price_q75": 180035, "point_count": 2, "confident_point_count": 2, "low_conf_share": 0.0, "dist_to_listing_m": 164, "nearest_grid_m": 0, "fallback_nearest": false, "low_confidence": false, "price_label": "PHP 177,247 /sqm", "confidence_label": "Grounded in nearby listings" }, "geometry": { "type": "Polygon", "coordinates": [ [ [ 123.896837105000031, 10.299551475999976 ], [ 123.897469344, 10.297706420999987 ], [ 123.900010853000026, 10.29886983199998 ], [ 123.900637685999982, 10.297602465000011 ], [ 123.898237473999984, 10.29618426899998 ], [ 123.897775946000024, 10.294891991999975 ], [ 123.899074608999967, 10.294300815999975 ], [ 123.897275634000039, 10.293464174 ], [ 123.897055536000039, 10.293469965999975 ], [ 123.895534459000032, 10.298907586999974 ], [ 123.896837105000031, 10.299551475999976 ] ] ] } },
{ "type": "Feature", "properties": { "adm4_pcode": "PH0702217034", "barangay": "Kalunasan", "lgu": "Cebu City", "area_sqkm": 1.42011837, "price_per_sqm": 150297, "price_q25": 137988, "price_q75": 168550, "point_count": 13, "confident_point_count": 13, "low_conf_share": 0.0, "dist_to_listing_m": 386, "nearest_grid_m": 0, "fallback_nearest": false, "low_confidence": false, "price_label": "PHP 150,297 /sqm", "confidence_label": "Grounded in nearby listings" }, "geometry": { "type": "Polygon", "coordinates": [ [ [ 123.882700344, 10.34216247 ], [ 123.88606379600003, 10.335294886999975 ], [ 123.887845886000036, 10.332753335 ], [ 123.888674139000045, 10.332489254 ], [ 123.889208302000043, 10.331877067 ], [ 123.88934611000002, 10.330690211999979 ], [ 123.890020338, 10.328423218000012 ], [ 123.889396670999986, 10.328293256999984 ], [ 123.890087693000055, 10.324950300000012 ], [ 123.889185487999953, 10.324680420999982 ], [ 123.888545837000038, 10.325484387000017 ], [ 123.888093972999968, 10.326869320000014 ], [ 123.887677319999966, 10.327174474 ], [ 123.886433227, 10.327291840999976 ], [ 123.886309991999951, 10.327420944999972 ], [ 123.886568200000056, 10.328142754 ], [ 123.885916744000042, 10.328872225 ], [ 123.885478457999966, 10.329046302 ], [ 123.884933976999946, 10.328946702 ], [ 123.884183656, 10.330487184999981 ], [ 123.883552854999948, 10.330580146999978 ], [ 123.88105621, 10.332426069 ], [ 123.880352368999979, 10.332200307999983 ], [ 123.878174445000013, 10.332313189 ], [ 123.877303465999944, 10.331901145000018 ], [ 123.877195576999952, 10.331269994000024 ], [ 123.876882699000021, 10.331367093999972 ], [ 123.876868239000032, 10.332450033999976 ], [ 123.875910062, 10.33617132400002 ], [ 123.875818965, 10.340767337999978 ], [ 123.876652468999964, 10.341482073 ], [ 123.882700344, 10.34216247 ] ] ] } },
{ "type": "Feature", "properties": { "adm4_pcode": "PH0702217035", "barangay": "Kamagayan (Pob.)", "lgu": "Cebu City", "area_sqkm": 0.11709258, "price_per_sqm": 154430, "price_q25": 154430, "price_q75": 154430, "point_count": 1, "confident_point_count": 1, "low_conf_share": 0.0, "dist_to_listing_m": 218, "nearest_grid_m": 0, "fallback_nearest": false, "low_confidence": false, "price_label": "PHP 154,430 /sqm", "confidence_label": "Grounded in nearby listings" }, "geometry": { "type": "Polygon", "coordinates": [ [ [ 123.900859319, 10.301633998999989 ], [ 123.901795344, 10.29922661 ], [ 123.899688872999945, 10.298763646999987 ], [ 123.897469344, 10.297706420999987 ], [ 123.896837105000031, 10.299551475999976 ], [ 123.900859319, 10.301633998999989 ] ] ] } },
{ "type": "Feature", "properties": { "adm4_pcode": "PH0702217037", "barangay": "Kasambagan", "lgu": "Cebu City", "area_sqkm": 1.83265724, "price_per_sqm": 153011, "price_q25": 128754, "price_q75": 165665, "point_count": 17, "confident_point_count": 17, "low_conf_share": 0.0, "dist_to_listing_m": 204, "nearest_grid_m": 0, "fallback_nearest": false, "low_confidence": false, "price_label": "PHP 153,011 /sqm", "confidence_label": "Grounded in nearby listings" }, "geometry": { "type": "Polygon", "coordinates": [ [ [ 123.911837049000042, 10.34018894899998 ], [ 123.914290324000035, 10.339244760999975 ], [ 123.915922289000036, 10.338295632999973 ], [ 123.916870585999959, 10.33812223000001 ], [ 123.917293256, 10.337092649 ], [ 123.917155169000011, 10.335871506999979 ], [ 123.917324637999968, 10.335556778000011 ], [ 123.918381805999957, 10.335282398 ], [ 123.918744955999955, 10.334935389 ], [ 123.918866005000041, 10.334733638999978 ], [ 123.918720745999963, 10.334201020000023 ], [ 123.919511604000036, 10.333022803 ], [ 123.920136641999989, 10.33406794299998 ], [ 123.922130746999983, 10.333313827999973 ], [ 123.921808226000053, 10.332951889000014 ], [ 123.921833763999985, 10.332319267 ], [ 123.921547694999958, 10.331923370000027 ], [ 123.921701008000014, 10.331759972999976 ], [ 123.921198230999948, 10.330876187 ], [ 123.921187976000056, 10.330512719000012 ], [ 123.920884554000054, 10.33001843400001 ], [ 123.920434313999976, 10.329847148 ], [ 123.920546874000024, 10.329617133999989 ], [ 123.920008543999984, 10.328750911999975 ], [ 123.919871514999954, 10.328114703999972 ], [ 123.91959745600002, 10.327894478000019 ], [ 123.920889448000025, 10.327189755 ], [ 123.920412562000024, 10.326774049999983 ], [ 123.919742405999955, 10.325628484 ], [ 123.919384415999957, 10.325493879000021 ], [ 123.917173474000037, 10.326035159000014 ], [ 123.916855578999957, 10.325952105999988 ], [ 123.912751532000016, 10.321799455000018 ], [ 123.91087896, 10.320645695999985 ], [ 123.907633809, 10.325931047999973 ], [ 123.909255391999977, 10.329192861000024 ], [ 123.910378426999955, 10.33233106199998 ], [ 123.911837049000042, 10.34018894899998 ] ] ] } },
{ "type": "Feature", "properties": { "adm4_pcode": "PH0702217038", "barangay": "Kinasang-an Pardo", "lgu": "Cebu City", "area_sqkm": 1.50944748, "price_per_sqm": 192606, "price_q25": 161356, "price_q75": 224634, "point_count": 12, "confident_point_count": 12, "low_conf_share": 0.0, "dist_to_listing_m": 1441, "nearest_grid_m": 0, "fallback_nearest": false, "low_confidence": false, "price_label": "PHP 192,606 /sqm", "confidence_label": "Grounded in nearby listings" }, "geometry": { "type": "Polygon", "coordinates": [ [ [ 123.842563703, 10.306891028 ], [ 123.852004828999952, 10.293130861 ], [ 123.855496304999974, 10.288894186999983 ], [ 123.854808116999948, 10.28711353 ], [ 123.855688158000021, 10.286173905999988 ], [ 123.857050558999958, 10.28745539 ], [ 123.85839054500002, 10.285777974999974 ], [ 123.859850978000054, 10.284696656 ], [ 123.860598652000022, 10.284554646 ], [ 123.861050205999959, 10.283974076999982 ], [ 123.861518378000028, 10.28416108 ], [ 123.863021180000032, 10.282769679000012 ], [ 123.863706258999969, 10.279644716 ], [ 123.863965754999981, 10.279420093 ], [ 123.864923029000011, 10.279193705000012 ], [ 123.865071293000028, 10.278847827 ], [ 123.864910208999959, 10.278397525 ], [ 123.865082275999953, 10.278236441 ], [ 123.86482966799997, 10.277518886999985 ], [ 123.865433731000053, 10.27701000899998 ], [ 123.867258204, 10.276376056 ], [ 123.866695449999952, 10.275957742 ], [ 123.866518738999957, 10.27554175 ], [ 123.862974509999958, 10.278513738000015 ], [ 123.859971161999965, 10.280411373 ], [ 123.85796237, 10.281190697 ], [ 123.856865363999987, 10.281225735000021 ], [ 123.855879125, 10.282163347999983 ], [ 123.849246194999978, 10.290695715000027 ], [ 123.840145312, 10.305605777999972 ], [ 123.842563703, 10.306891028 ] ] ] } },
{ "type": "Feature", "properties": { "adm4_pcode": "PH0702217040", "barangay": "Labangon", "lgu": "Cebu City", "area_sqkm": 1.12204112, "price_per_sqm": 197157, "price_q25": 157359, "price_q75": 211644, "point_count": 9, "confident_point_count": 9, "low_conf_share": 0.0, "dist_to_listing_m": 243, "nearest_grid_m": 0, "fallback_nearest": false, "low_confidence": false, "price_label": "PHP 197,157 /sqm", "confidence_label": "Grounded in nearby listings" }, "geometry": { "type": "Polygon", "coordinates": [ [ [ 123.875248097000053, 10.308079465 ], [ 123.876788473000033, 10.30792210200002 ], [ 123.87686016400005, 10.307420302000025 ], [ 123.877285208999979, 10.307387666000011 ], [ 123.877307681000048, 10.307001044 ], [ 123.877871447999951, 10.306555625999977 ], [ 123.879100718000018, 10.306517672999973 ], [ 123.879308262999984, 10.307014687999981 ], [ 123.879717891000041, 10.307265926000014 ], [ 123.88278190699998, 10.307648245999985 ], [ 123.88278604300001, 10.307155755 ], [ 123.883236335999982, 10.306680965999988 ], [ 123.883402618, 10.305729188999976 ], [ 123.884139362000042, 10.304016274 ], [ 123.885065689000044, 10.298050744000022 ], [ 123.884842274, 10.298110611000027 ], [ 123.885883176999982, 10.296787541000015 ], [ 123.884156735000033, 10.295985475 ], [ 123.880186921000018, 10.293269044 ], [ 123.87927963300001, 10.296374658 ], [ 123.878536551000025, 10.297522156000014 ], [ 123.878369978000023, 10.298195290000024 ], [ 123.877818552, 10.298535054000013 ], [ 123.877845584000056, 10.299260425 ], [ 123.876965957000039, 10.300032193 ], [ 123.876836372999946, 10.300440841000011 ], [ 123.877196806000029, 10.300783251999974 ], [ 123.876759781000032, 10.301116653 ], [ 123.876912964999974, 10.30172488300002 ], [ 123.876416114999984, 10.302759967999975 ], [ 123.875972167999976, 10.30292298 ], [ 123.875712043000021, 10.303311434000022 ], [ 123.875448449000032, 10.304071 ], [ 123.875573308999947, 10.304511478999984 ], [ 123.875094677999982, 10.305198210000015 ], [ 123.875091210000051, 10.305732335000016 ], [ 123.875639208000052, 10.306949721000024 ], [ 123.875248097000053, 10.308079465 ] ] ] } },
{ "type": "Feature", "properties": { "adm4_pcode": "PH0702217041", "barangay": "Lahug (Pob.)", "lgu": "Cebu City", "area_sqkm": 4.23926424, "price_per_sqm": 173063, "price_q25": 164125, "price_q75": 193453, "point_count": 39, "confident_point_count": 39, "low_conf_share": 0.0, "dist_to_listing_m": 194, "nearest_grid_m": 0, "fallback_nearest": false, "low_confidence": false, "price_label": "PHP 173,063 /sqm", "confidence_label": "Grounded in nearby listings" }, "geometry": { "type": "Polygon", "coordinates": [ [ [ 123.893429008, 10.345614926999986 ], [ 123.893765658, 10.343891601 ], [ 123.89506841900004, 10.344524369 ], [ 123.897732950999966, 10.341440716000022 ], [ 123.898997287000043, 10.33593747499998 ], [ 123.904442129000017, 10.331963604 ], [ 123.904855092000048, 10.332942471000024 ], [ 123.906675502999974, 10.33212826 ], [ 123.909601748999989, 10.330043009 ], [ 123.907914507999976, 10.326239132000012 ], [ 123.905485395000028, 10.32291847800002 ], [ 123.903478061999976, 10.319432023 ], [ 123.902370235000035, 10.321433259 ], [ 123.901240967000035, 10.320854329999975 ], [ 123.900910647000046, 10.321489632 ], [ 123.898955581, 10.321476401999973 ], [ 123.899176463, 10.320587616000012 ], [ 123.897365767999986, 10.320679859 ], [ 123.897067072000027, 10.320732790000022 ], [ 123.897320786000023, 10.321122302 ], [ 123.896866939, 10.321336885999983 ], [ 123.897066838, 10.322139938000021 ], [ 123.896929805000013, 10.32219666200001 ], [ 123.894515643999966, 10.321849099000019 ], [ 123.894471702000033, 10.320673652999972 ], [ 123.893642297000042, 10.32036605899998 ], [ 123.89405827500002, 10.319518179 ], [ 123.892723088000025, 10.319594312999982 ], [ 123.891028275000053, 10.323479728 ], [ 123.890757012999984, 10.324413535000019 ], [ 123.890930766, 10.324914834000026 ], [ 123.890493881999987, 10.325038440000014 ], [ 123.890156198999989, 10.324845517000028 ], [ 123.889899938999974, 10.325563411000019 ], [ 123.889396670999986, 10.328293256999984 ], [ 123.890020338, 10.328423218000012 ], [ 123.88934611000002, 10.330690211999979 ], [ 123.889208302000043, 10.331877067 ], [ 123.888674139000045, 10.332489254 ], [ 123.887845886000036, 10.332753335 ], [ 123.88606379600003, 10.335294886999975 ], [ 123.882700344, 10.34216247 ], [ 123.888718785000037, 10.342718089000016 ], [ 123.888818385000036, 10.34250560800001 ], [ 123.889036903000033, 10.342567723 ], [ 123.890148564000015, 10.34346896400001 ], [ 123.890891107000016, 10.343402013 ], [ 123.891706688, 10.344108038 ], [ 123.893057873999965, 10.344558434000021 ], [ 123.893063959999949, 10.344832323 ], [ 123.89265617, 10.34502100200001 ], [ 123.892662256, 10.345221853999988 ], [ 123.893429008, 10.345614926999986 ] ] ] } },
{ "type": "Feature", "properties": { "adm4_pcode": "PH0702217042", "barangay": "Lorega (Lorega San Miguel)", "lgu": "Cebu City", "area_sqkm": 0.1996301, "price_per_sqm": 193973, "price_q25": 177929, "price_q75": 210016, "point_count": 2, "confident_point_count": 2, "low_conf_share": 0.0, "dist_to_listing_m": 278, "nearest_grid_m": 0, "fallback_nearest": false, "low_confidence": false, "price_label": "PHP 193,973 /sqm", "confidence_label": "Grounded in nearby listings" }, "geometry": { "type": "Polygon", "coordinates": [ [ [ 123.903961303999949, 10.310672991 ], [ 123.907179393999968, 10.308725289999984 ], [ 123.906396860999962, 10.307263492 ], [ 123.906130696, 10.305756727000016 ], [ 123.905332199999975, 10.305774772 ], [ 123.905036251999945, 10.306014310000023 ], [ 123.903565337000032, 10.304007147 ], [ 123.902696051000021, 10.304532486000028 ], [ 123.903250761999971, 10.30460937700002 ], [ 123.903289206999943, 10.305032274999974 ], [ 123.90292123100005, 10.305707814000016 ], [ 123.902492841000026, 10.305987915 ], [ 123.902560182, 10.306784956 ], [ 123.903961303999949, 10.310672991 ] ] ] } },
{ "type": "Feature", "properties": { "adm4_pcode": "PH0702217043", "barangay": "Lusaran", "lgu": "Cebu City", "area_sqkm": 11.20600335, "price_per_sqm": 181529, "price_q25": 181529, "price_q75": 181529, "point_count": 0, "confident_point_count": 0, "low_conf_share": 1.0, "dist_to_listing_m": 3262, "nearest_grid_m": 3232, "fallback_nearest": true, "low_confidence": true, "price_label": "PHP 181,529 /sqm", "confidence_label": "Nearest grid estimate · 3,232 m from barangay interior" }, "geometry": { "type": "Polygon", "coordinates": [ [ [ 123.887977467000042, 10.493494774 ], [ 123.895332443000029, 10.490852926 ], [ 123.901599474000022, 10.487374687999989 ], [ 123.911682392999978, 10.485650217999989 ], [ 123.906171438, 10.482025055 ], [ 123.904591058000051, 10.480714496000019 ], [ 123.891733092999971, 10.474446124999986 ], [ 123.882769378000035, 10.458967201 ], [ 123.881928091999953, 10.459568387 ], [ 123.881311080000046, 10.459665668000014 ], [ 123.881285315000014, 10.459840231999976 ], [ 123.876161032000027, 10.462892488000023 ], [ 123.856441423999968, 10.475734538999973 ], [ 123.867080973000043, 10.488325346000011 ], [ 123.887977467000042, 10.493494774 ] ] ] } },
{ "type": "Feature", "properties": { "adm4_pcode": "PH0702217044", "barangay": "Luz", "lgu": "Cebu City", "area_sqkm": 0.56024067, "price_per_sqm": 203495, "price_q25": 173734, "price_q75": 251971, "point_count": 5, "confident_point_count": 5, "low_conf_share": 0.0, "dist_to_listing_m": 86, "nearest_grid_m": 0, "fallback_nearest": false, "low_confidence": false, "price_label": "PHP 203,495 /sqm", "confidence_label": "Grounded in nearby listings" }, "geometry": { "type": "Polygon", "coordinates": [ [ [ 123.907633809, 10.325931047999973 ], [ 123.911407104999967, 10.31963844400002 ], [ 123.909231461, 10.317835807 ], [ 123.908414333999986, 10.318743466 ], [ 123.907412938999983, 10.31752838 ], [ 123.906039059000022, 10.316685469 ], [ 123.905103582000038, 10.314429448999988 ], [ 123.904235020999977, 10.313949720999972 ], [ 123.903578228000015, 10.315767431999973 ], [ 123.903962159, 10.316949618000024 ], [ 123.902603538999983, 10.317724799000018 ], [ 123.904905044999964, 10.321980973 ], [ 123.907633809, 10.325931047999973 ] ] ] } },
{ "type": "Feature", "properties": { "adm4_pcode": "PH0702217045", "barangay": "Mabini", "lgu": "Cebu City", "area_sqkm": 5.61110799, "price_per_sqm": 169364, "price_q25": 169364, "price_q75": 169364, "point_count": 22, "confident_point_count": 6, "low_conf_share": 0.727, "dist_to_listing_m": 5386, "nearest_grid_m": 0, "fallback_nearest": false, "low_confidence": true, "price_label": "PHP 169,364 /sqm", "confidence_label": "Low confidence · median grid cell 5.4 km from listing" }, "geometry": { "type": "Polygon", "coordinates": [ [ [ 123.924662892000015, 10.466891 ], [ 123.925021099, 10.453210232 ], [ 123.923307814000054, 10.437007509000011 ], [ 123.919196093999972, 10.436694091999982 ], [ 123.913778027000035, 10.435547944 ], [ 123.910917585, 10.445912076000013 ], [ 123.904706326999985, 10.448864582 ], [ 123.905444327000055, 10.450060354000016 ], [ 123.906223916000044, 10.45334619099998 ], [ 123.907524703000036, 10.462859408999975 ], [ 123.909168584999975, 10.466593563 ], [ 123.913035268000044, 10.463791895999975 ], [ 123.919389507, 10.466104374999986 ], [ 123.91972930999998, 10.467098502 ], [ 123.920586639000021, 10.467281913000022 ], [ 123.924662892000015, 10.466891 ] ] ] } },
{ "type": "Feature", "properties": { "adm4_pcode": "PH0702217046", "barangay": "Mabolo", "lgu": "Cebu City", "area_sqkm": 1.94630841, "price_per_sqm": 233323, "price_q25": 221965, "price_q75": 255269, "point_count": 17, "confident_point_count": 17, "low_conf_share": 0.0, "dist_to_listing_m": 223, "nearest_grid_m": 0, "fallback_nearest": false, "low_confidence": false, "price_label": "PHP 233,323 /sqm", "confidence_label": "Grounded in nearby listings" }, "geometry": { "type": "Polygon", "coordinates": [ [ [ 123.92092370499995, 10.327082089999976 ], [ 123.92096285599996, 10.326773773000014 ], [ 123.921246702999952, 10.326700365000022 ], [ 123.920820932999959, 10.326201186 ], [ 123.921114568, 10.325721583000018 ], [ 123.920767100000035, 10.325633493 ], [ 123.920776887999978, 10.325188147 ], [ 123.920380481000052, 10.324733014 ], [ 123.920874766, 10.324326819000021 ], [ 123.920811145000016, 10.324091911999972 ], [ 123.920512616999986, 10.323979351999981 ], [ 123.920708373000025, 10.323592733 ], [ 123.920380481000052, 10.323054403000015 ], [ 123.920566450000024, 10.321542185999988 ], [ 123.920827263999968, 10.320893115 ], [ 123.920441521000043, 10.320726061000016 ], [ 123.920095264, 10.321017645999973 ], [ 123.919663961999959, 10.320838443000014 ], [ 123.919317704000036, 10.319987987 ], [ 123.918886402, 10.319744999000022 ], [ 123.919150651, 10.318718376999982 ], [ 123.920177272000046, 10.317509514999983 ], [ 123.920225869999967, 10.316801813999973 ], [ 123.920942683000021, 10.316370511 ], [ 123.92065413499995, 10.316100188 ], [ 123.920125637999945, 10.31598780600001 ], [ 123.918662133, 10.314803733000019 ], [ 123.918869231000031, 10.314547326000024 ], [ 123.920344429000011, 10.314305468999976 ], [ 123.922279171000014, 10.314922621999983 ], [ 123.922727621000035, 10.314173069999981 ], [ 123.925486475999946, 10.311265924 ], [ 123.925264983000034, 10.311077798999975 ], [ 123.925352542000041, 10.310777418999976 ], [ 123.925839882999981, 10.310380560999988 ], [ 123.920969168000056, 10.306410920000019 ], [ 123.920489260999943, 10.307311215000027 ], [ 123.916258171999971, 10.312344935 ], [ 123.915422249000017, 10.311660356 ], [ 123.914597873000048, 10.312599381999974 ], [ 123.912853404999964, 10.310812716999976 ], [ 123.911550415999955, 10.310111716 ], [ 123.910710798999958, 10.311327576 ], [ 123.909323687999972, 10.312429480999981 ], [ 123.909439002, 10.31354531300002 ], [ 123.909830659000022, 10.314288482 ], [ 123.909556099000042, 10.316726238 ], [ 123.909231461, 10.317835807 ], [ 123.911407104999967, 10.31963844400002 ], [ 123.91087896, 10.320645695999985 ], [ 123.912751532000016, 10.321799455000018 ], [ 123.916855578999957, 10.325952105999988 ], [ 123.917173474000037, 10.326035159000014 ], [ 123.919510428999956, 10.325505335 ], [ 123.920512799, 10.326905790000012 ], [ 123.92092370499995, 10.327082089999976 ] ] ] } },
{ "type": "Feature", "properties": { "adm4_pcode": "PH0702217048", "barangay": "Malubog", "lgu": "Cebu City", "area_sqkm": 8.55566013, "price_per_sqm": 182581, "price_q25": 174377, "price_q75": 207033, "point_count": 79, "confident_point_count": 79, "low_conf_share": 0.0, "dist_to_listing_m": 1693, "nearest_grid_m": 0, "fallback_nearest": false, "low_confidence": false, "price_label": "PHP 182,581 /sqm", "confidence_label": "Grounded in nearby listings" }, "geometry": { "type": "Polygon", "coordinates": [ [ [ 123.864776377, 10.405027905999987 ], [ 123.893199314999947, 10.396435429 ], [ 123.892154075, 10.393136095999978 ], [ 123.886971861, 10.385541111 ], [ 123.883594846000051, 10.381589936000012 ], [ 123.880255087000023, 10.378156268999987 ], [ 123.873632745, 10.378412229 ], [ 123.871336123, 10.377906618999987 ], [ 123.870712644000037, 10.376744681 ], [ 123.870032485000024, 10.376262902 ], [ 123.863853146, 10.372660908 ], [ 123.85898389800002, 10.38340129 ], [ 123.857279378000044, 10.38612179 ], [ 123.857144235999954, 10.386444778 ], [ 123.857248193000032, 10.386929269 ], [ 123.856585865000056, 10.386865038999986 ], [ 123.857015588999957, 10.387558302 ], [ 123.857836545000055, 10.388217247999989 ], [ 123.85778807600002, 10.391070770999988 ], [ 123.858643099, 10.392770182 ], [ 123.85949084799995, 10.395437077 ], [ 123.858973656999979, 10.397077766999985 ], [ 123.858561200000054, 10.397719058 ], [ 123.85874701900002, 10.398843139 ], [ 123.861722786999962, 10.399696557000027 ], [ 123.862946212999987, 10.400353028999973 ], [ 123.863184929999989, 10.401238272 ], [ 123.864000547000046, 10.402063834999979 ], [ 123.864199477000057, 10.402789933 ], [ 123.864766431000021, 10.403575709999984 ], [ 123.864587392999965, 10.404162556000017 ], [ 123.864776377, 10.405027905999987 ] ] ] } },
{ "type": "Feature", "properties": { "adm4_pcode": "PH0702217049", "barangay": "Mambaling", "lgu": "Cebu City", "area_sqkm": 1.24905686, "price_per_sqm": 177122, "price_q25": 176332, "price_q75": 177270, "point_count": 12, "confident_point_count": 12, "low_conf_share": 0.0, "dist_to_listing_m": 349, "nearest_grid_m": 0, "fallback_nearest": false, "low_confidence": false, "price_label": "PHP 177,122 /sqm", "confidence_label": "Grounded in nearby listings" }, "geometry": { "type": "Polygon", "coordinates": [ [ [ 123.880143732999954, 10.293413316 ], [ 123.880069391, 10.292263276000028 ], [ 123.88022670600003, 10.291969752999989 ], [ 123.880846780999946, 10.291653685000028 ], [ 123.88113088800003, 10.290884757000015 ], [ 123.882456260000026, 10.290697476 ], [ 123.883536725999988, 10.289933947 ], [ 123.884818879000022, 10.289852312 ], [ 123.88540903, 10.289306437 ], [ 123.885046690999957, 10.28890624600001 ], [ 123.887291990999984, 10.287564111 ], [ 123.887558981999973, 10.285861895999972 ], [ 123.882330101999969, 10.28020906 ], [ 123.877808631999983, 10.285038155999985 ], [ 123.877150052000047, 10.284161644 ], [ 123.875317093000035, 10.286100084 ], [ 123.874641225, 10.28739256199998 ], [ 123.874706716, 10.287865039 ], [ 123.874201492999987, 10.289549118000025 ], [ 123.874398318999965, 10.292796130999989 ], [ 123.876710417000027, 10.292948624000019 ], [ 123.879682862999971, 10.294839649999972 ], [ 123.880143732999954, 10.293413316 ] ] ] } },
{ "type": "Feature", "properties": { "adm4_pcode": "PH0702217050", "barangay": "Pahina Central (Pob.)", "lgu": "Cebu City", "area_sqkm": 0.25759844, "price_per_sqm": 138534, "price_q25": 138534, "price_q75": 138534, "point_count": 1, "confident_point_count": 1, "low_conf_share": 0.0, "dist_to_listing_m": 421, "nearest_grid_m": 0, "fallback_nearest": false, "low_confidence": false, "price_label": "PHP 138,534 /sqm", "confidence_label": "Grounded in nearby listings" }, "geometry": { "type": "Polygon", "coordinates": [ [ [ 123.895534459000032, 10.298907586999974 ], [ 123.897055536000039, 10.293469965999975 ], [ 123.896287612000037, 10.29328915100001 ], [ 123.895100582000055, 10.29307527200001 ], [ 123.894414488000052, 10.293723795 ], [ 123.893252968999946, 10.295346666 ], [ 123.89185806, 10.296160815 ], [ 123.890647691000026, 10.296595028000013 ], [ 123.8895718, 10.297364088 ], [ 123.890487363000034, 10.297522287 ], [ 123.892434798999943, 10.29834567 ], [ 123.895534459000032, 10.298907586999974 ] ] ] } },
{ "type": "Feature", "properties": { "adm4_pcode": "PH0702217051", "barangay": "Pahina San Nicolas", "lgu": "Cebu City", "area_sqkm": 0.07540324, "price_per_sqm": 140932, "price_q25": 140932, "price_q75": 140932, "point_count": 1, "confident_point_count": 1, "low_conf_share": 0.0, "dist_to_listing_m": 311, "nearest_grid_m": 0, "fallback_nearest": false, "low_confidence": false, "price_label": "PHP 140,932 /sqm", "confidence_label": "Grounded in nearby listings" }, "geometry": { "type": "Polygon", "coordinates": [ [ [ 123.891928619000055, 10.296090255000024 ], [ 123.89348093000001, 10.295129558999975 ], [ 123.894414488000052, 10.293723795 ], [ 123.895100582000055, 10.29307527200001 ], [ 123.892408097000043, 10.292552075 ], [ 123.891576936999968, 10.295980881 ], [ 123.891928619000055, 10.296090255000024 ] ] ] } },
{ "type": "Feature", "properties": { "adm4_pcode": "PH0702217052", "barangay": "Pamutan", "lgu": "Cebu City", "area_sqkm": 11.37517869, "price_per_sqm": 146891, "price_q25": 130547, "price_q75": 170279, "point_count": 104, "confident_point_count": 104, "low_conf_share": 0.0, "dist_to_listing_m": 2672, "nearest_grid_m": 0, "fallback_nearest": false, "low_confidence": false, "price_label": "PHP 146,891 /sqm", "confidence_label": "Grounded in nearby listings" }, "geometry": { "type": "Polygon", "coordinates": [ [ [ 123.840470778000054, 10.366180751 ], [ 123.848230102, 10.354139035 ], [ 123.854234499999961, 10.33674793 ], [ 123.838032070000054, 10.324643321 ], [ 123.834396587000015, 10.330409487 ], [ 123.82101013, 10.332486343000028 ], [ 123.817545476999953, 10.34003489700001 ], [ 123.82259448800005, 10.356478911000011 ], [ 123.827505996000014, 10.358471645 ], [ 123.835526705, 10.364799796999989 ], [ 123.840470778000054, 10.366180751 ] ] ] } },
{ "type": "Feature", "properties": { "adm4_pcode": "PH0702217053", "barangay": "Pardo (Pob.)", "lgu": "Cebu City", "area_sqkm": 2.03465246, "price_per_sqm": 222451, "price_q25": 164021, "price_q75": 224291, "point_count": 19, "confident_point_count": 19, "low_conf_share": 0.0, "dist_to_listing_m": 1990, "nearest_grid_m": 0, "fallback_nearest": false, "low_confidence": false, "price_label": "PHP 222,451 /sqm", "confidence_label": "Grounded in nearby listings" }, "geometry": { "type": "Polygon", "coordinates": [ [ [ 123.849246194999978, 10.290695715000027 ], [ 123.855879125, 10.282163347999983 ], [ 123.856865363999987, 10.281225735000021 ], [ 123.85796237, 10.281190697 ], [ 123.857338401999982, 10.276881246000016 ], [ 123.855440219, 10.274315414 ], [ 123.854551422999975, 10.27585301 ], [ 123.854038026000012, 10.277429268999981 ], [ 123.851473888999976, 10.280925503 ], [ 123.850871860999973, 10.282420725 ], [ 123.848505879999948, 10.285946487999979 ], [ 123.845980898999983, 10.289171271999976 ], [ 123.843676906000042, 10.290064219999977 ], [ 123.83890093399998, 10.294677917 ], [ 123.834734974999947, 10.302377395 ], [ 123.83866974700004, 10.304230652 ], [ 123.840145312, 10.305605777999972 ], [ 123.849246194999978, 10.290695715000027 ] ] ] } },
{ "type": "Feature", "properties": { "adm4_pcode": "PH0702217054", "barangay": "Pari-an", "lgu": "Cebu City", "area_sqkm": 0.09730525, "price_per_sqm": 169022, "price_q25": 169022, "price_q75": 169022, "point_count": 1, "confident_point_count": 1, "low_conf_share": 0.0, "dist_to_listing_m": 224, "nearest_grid_m": 0, "fallback_nearest": false, "low_confidence": false, "price_label": "PHP 169,022 /sqm", "confidence_label": "Grounded in nearby listings" }, "geometry": { "type": "Polygon", "coordinates": [ [ [ 123.903826654999989, 10.300284487999988 ], [ 123.903812067, 10.297623386 ], [ 123.902155100999948, 10.297345566999979 ], [ 123.90211057199997, 10.297766879999983 ], [ 123.900637685999982, 10.297602465000011 ], [ 123.900010853000026, 10.29886983199998 ], [ 123.901795344, 10.29922661 ], [ 123.901545937000037, 10.300143248999973 ], [ 123.902461979, 10.300387268 ], [ 123.903826654999989, 10.300284487999988 ] ] ] } },
{ "type": "Feature", "properties": { "adm4_pcode": "PH0702217055", "barangay": "Paril", "lgu": "Cebu City", "area_sqkm": 3.22332821, "price_per_sqm": 169364, "price_q25": 169364, "price_q75": 169364, "point_count": 0, "confident_point_count": 0, "low_conf_share": 1.0, "dist_to_listing_m": 5821, "nearest_grid_m": 2900, "fallback_nearest": true, "low_confidence": true, "price_label": "PHP 169,364 /sqm", "confidence_label": "Nearest grid estimate · 2,900 m from barangay interior" }, "geometry": { "type": "Polygon", "coordinates": [ [ [ 123.913722342000028, 10.485117247 ], [ 123.91855930700001, 10.479030651000016 ], [ 123.919680293000056, 10.476280839000026 ], [ 123.919719282999949, 10.474150988000019 ], [ 123.919986279, 10.473296045999973 ], [ 123.92148927400001, 10.472655084999985 ], [ 123.922732271999962, 10.472697075999974 ], [ 123.923883403, 10.473599611999987 ], [ 123.924817014000041, 10.473424061 ], [ 123.925216061000015, 10.471264040999984 ], [ 123.924662892000015, 10.466891 ], [ 123.920586639000021, 10.467281913000022 ], [ 123.91972930999998, 10.467098502 ], [ 123.919389507, 10.466104374999986 ], [ 123.913035268000044, 10.463791895999975 ], [ 123.909168584999975, 10.466593563 ], [ 123.90778152300004, 10.46797804 ], [ 123.904591058000051, 10.480714496000019 ], [ 123.906171438, 10.482025055 ], [ 123.911682392999978, 10.485650217999989 ], [ 123.913722342000028, 10.485117247 ] ] ] } },
{ "type": "Feature", "properties": { "adm4_pcode": "PH0702217056", "barangay": "Pasil", "lgu": "Cebu City", "area_sqkm": 0.07995138, "price_per_sqm": 245518, "price_q25": 245518, "price_q75": 245518, "point_count": 1, "confident_point_count": 1, "low_conf_share": 0.0, "dist_to_listing_m": 115, "nearest_grid_m": 0, "fallback_nearest": false, "low_confidence": false, "price_label": "PHP 245,518 /sqm", "confidence_label": "Grounded in nearby listings" }, "geometry": { "type": "Polygon", "coordinates": [ [ [ 123.895170437000047, 10.292971126 ], [ 123.896176236999963, 10.290215235 ], [ 123.896337586999948, 10.289304685 ], [ 123.894383853000022, 10.289531182000019 ], [ 123.893994843999963, 10.289377704 ], [ 123.893900563999978, 10.289519125000027 ], [ 123.894122380999988, 10.291715986999975 ], [ 123.893932457, 10.292873663000023 ], [ 123.895170437000047, 10.292971126 ] ] ] } },
{ "type": "Feature", "properties": { "adm4_pcode": "PH0702217057", "barangay": "Pit-os", "lgu": "Cebu City", "area_sqkm": 1.65356755, "price_per_sqm": 176520, "price_q25": 171367, "price_q75": 177146, "point_count": 15, "confident_point_count": 15, "low_conf_share": 0.0, "dist_to_listing_m": 604, "nearest_grid_m": 0, "fallback_nearest": false, "low_confidence": false, "price_label": "PHP 176,520 /sqm", "confidence_label": "Grounded in nearby listings" }, "geometry": { "type": "Polygon", "coordinates": [ [ [ 123.923415733999946, 10.410396202000015 ], [ 123.921719163000034, 10.405156884 ], [ 123.924157909999963, 10.400812814 ], [ 123.923888192000049, 10.399136328 ], [ 123.923955342, 10.398447238000017 ], [ 123.923494246000018, 10.39824029 ], [ 123.924145907000025, 10.389812731 ], [ 123.920267222, 10.390321325 ], [ 123.920728599999961, 10.39190432700002 ], [ 123.919949030999987, 10.392238427999985 ], [ 123.91961754600004, 10.39258442900001 ], [ 123.918450933000031, 10.392556587 ], [ 123.918175075000022, 10.392712812000013 ], [ 123.91789681399996, 10.393303520000018 ], [ 123.917313952999962, 10.393581611 ], [ 123.917274046999978, 10.394521532999988 ], [ 123.917586965000055, 10.395034324 ], [ 123.917582924000044, 10.395482898000012 ], [ 123.916400198000019, 10.396089078999978 ], [ 123.916192748999947, 10.39650801800002 ], [ 123.916391149999981, 10.397054188000027 ], [ 123.91676786000005, 10.397246806999988 ], [ 123.917452696000055, 10.398094926999988 ], [ 123.918370698, 10.399739426 ], [ 123.91561528, 10.400677143 ], [ 123.913715779999961, 10.400788879 ], [ 123.913989604, 10.401326122 ], [ 123.914587429999983, 10.401635635 ], [ 123.914132495, 10.40325801900002 ], [ 123.91380918599998, 10.403579523000019 ], [ 123.91334499200002, 10.40347837600001 ], [ 123.911634726999978, 10.404966828999989 ], [ 123.91196972, 10.405630465 ], [ 123.913703517000044, 10.405885101000024 ], [ 123.913639188000047, 10.406642348 ], [ 123.913184645, 10.407079959999976 ], [ 123.914132396000014, 10.40724867 ], [ 123.913962031999972, 10.408148454000013 ], [ 123.914623637999966, 10.408034327 ], [ 123.915007179999975, 10.408720507999988 ], [ 123.915312452999956, 10.408695068999975 ], [ 123.915428317999954, 10.407637814999987 ], [ 123.916051305999986, 10.406796553999982 ], [ 123.916214136, 10.407471838999982 ], [ 123.917039778, 10.408627218 ], [ 123.918018417999974, 10.408499597 ], [ 123.920703215, 10.409677222000028 ], [ 123.923415733999946, 10.410396202000015 ] ] ] } },
{ "type": "Feature", "properties": { "adm4_pcode": "PH0702217059", "barangay": "Pulangbato", "lgu": "Cebu City", "area_sqkm": 5.23427877, "price_per_sqm": 179837, "price_q25": 178301, "price_q75": 182286, "point_count": 45, "confident_point_count": 45, "low_conf_share": 0.0, "dist_to_listing_m": 1765, "nearest_grid_m": 0, "fallback_nearest": false, "low_confidence": false, "price_label": "PHP 179,837 /sqm", "confidence_label": "Grounded in nearby listings" }, "geometry": { "type": "Polygon", "coordinates": [ [ [ 123.913962031999972, 10.408148454000013 ], [ 123.914132396000014, 10.40724867 ], [ 123.913184645, 10.407079959999976 ], [ 123.913639188000047, 10.406642348 ], [ 123.913703517000044, 10.405885101000024 ], [ 123.91196972, 10.405630465 ], [ 123.911705550999955, 10.405330962 ], [ 123.911660119999965, 10.404888437000011 ], [ 123.91334499200002, 10.40347837600001 ], [ 123.91380918599998, 10.403579523000019 ], [ 123.914132495, 10.40325801900002 ], [ 123.914587429999983, 10.401635635 ], [ 123.913989604, 10.401326122 ], [ 123.913715779999961, 10.400788879 ], [ 123.91561528, 10.400677143 ], [ 123.918370698, 10.399739426 ], [ 123.917452696000055, 10.398094926999988 ], [ 123.91676786000005, 10.397246806999988 ], [ 123.916376932000048, 10.39703542 ], [ 123.91618870800005, 10.39631404 ], [ 123.917577689000041, 10.39549501800002 ], [ 123.917586965000055, 10.395034324 ], [ 123.917280909000056, 10.394559763000018 ], [ 123.917244640000035, 10.393703996999989 ], [ 123.917933756000025, 10.393269657000019 ], [ 123.918196187000035, 10.392688885999974 ], [ 123.918629677000013, 10.392503104000014 ], [ 123.91961754600004, 10.39258442900001 ], [ 123.919949030999987, 10.392238427999985 ], [ 123.920728599999961, 10.39190432700002 ], [ 123.920028579000018, 10.389494027000012 ], [ 123.919503563000035, 10.389350841 ], [ 123.918763767999963, 10.389454253 ], [ 123.918222841999977, 10.389151971999979 ], [ 123.917769419000024, 10.389350841 ], [ 123.914539835000028, 10.389269518 ], [ 123.906324910999956, 10.388070583 ], [ 123.896106872000018, 10.383936995 ], [ 123.894214034000015, 10.386507831000017 ], [ 123.896145925000042, 10.395889824999983 ], [ 123.893199314999947, 10.396435429 ], [ 123.893997531999958, 10.397906816999978 ], [ 123.895774502999984, 10.398438526 ], [ 123.896546124999986, 10.399564286999976 ], [ 123.896745142999976, 10.400757957999986 ], [ 123.899197680000043, 10.401091215 ], [ 123.901424325, 10.407963198 ], [ 123.905006980000053, 10.412549093 ], [ 123.913962031999972, 10.408148454000013 ] ] ] } },
{ "type": "Feature", "properties": { "adm4_pcode": "PH0702217060", "barangay": "Pung-ol-Sibugay", "lgu": "Cebu City", "area_sqkm": 14.61634362, "price_per_sqm": 187003, "price_q25": 185360, "price_q75": 196948, "point_count": 134, "confident_point_count": 119, "low_conf_share": 0.112, "dist_to_listing_m": 3186, "nearest_grid_m": 0, "fallback_nearest": false, "low_confidence": false, "price_label": "PHP 187,003 /sqm", "confidence_label": "Grounded in nearby listings" }, "geometry": { "type": "Polygon", "coordinates": [ [ [ 123.831829350000021, 10.414827568000021 ], [ 123.848457317, 10.414630481000017 ], [ 123.849410217000013, 10.412978195999983 ], [ 123.849399800000015, 10.412124017 ], [ 123.849878973000045, 10.410728163999977 ], [ 123.849972725000043, 10.40944689600002 ], [ 123.851451912000016, 10.408759385999986 ], [ 123.851951919000044, 10.407936458 ], [ 123.85449996, 10.405300824 ], [ 123.857689542, 10.408749243999978 ], [ 123.864776377, 10.405027905999987 ], [ 123.864587392999965, 10.404162556000017 ], [ 123.864766431000021, 10.403575709999984 ], [ 123.864199477000057, 10.402789933 ], [ 123.864000547000046, 10.402063834999979 ], [ 123.863184929999989, 10.401238272 ], [ 123.862946212999987, 10.400353028999973 ], [ 123.861722786999962, 10.399696557000027 ], [ 123.85874701900002, 10.398843139 ], [ 123.858561200000054, 10.397719058 ], [ 123.858973656999979, 10.397077766999985 ], [ 123.85949084799995, 10.395437077 ], [ 123.858643099, 10.392770182 ], [ 123.85778807600002, 10.391070770999988 ], [ 123.857706423999957, 10.390593195 ], [ 123.857910234999963, 10.38996858500002 ], [ 123.845022089000054, 10.387036873 ], [ 123.833872682999981, 10.381464069 ], [ 123.825290304999953, 10.380694382 ], [ 123.806156357999953, 10.378497182999979 ], [ 123.811557412999946, 10.392663167000023 ], [ 123.823375937000037, 10.401111617000026 ], [ 123.830385875000047, 10.412828502000025 ], [ 123.831829350000021, 10.414827568000021 ] ] ] } },
{ "type": "Feature", "properties": { "adm4_pcode": "PH0702217062", "barangay": "Punta Princesa", "lgu": "Cebu City", "area_sqkm": 1.27694694, "price_per_sqm": 178335, "price_q25": 176101, "price_q75": 195387, "point_count": 13, "confident_point_count": 13, "low_conf_share": 0.0, "dist_to_listing_m": 462, "nearest_grid_m": 0, "fallback_nearest": false, "low_confidence": false, "price_label": "PHP 178,335 /sqm", "confidence_label": "Grounded in nearby listings" }, "geometry": { "type": "Polygon", "coordinates": [ [ [ 123.877719433000038, 10.299350533 ], [ 123.877818552, 10.298535054000013 ], [ 123.878369978000023, 10.298195290000024 ], [ 123.878536551000025, 10.297522156000014 ], [ 123.87927963300001, 10.296374658 ], [ 123.879682862999971, 10.294839649999972 ], [ 123.876710417000027, 10.292948624000019 ], [ 123.874398318999965, 10.292796130999989 ], [ 123.869721388000016, 10.291947828 ], [ 123.867060828000035, 10.292683423000028 ], [ 123.866654818000029, 10.292540125000016 ], [ 123.866487636999977, 10.292898369 ], [ 123.863609545000031, 10.292567428999973 ], [ 123.86183245999996, 10.293053894000025 ], [ 123.860909170000014, 10.292875192 ], [ 123.858993598999973, 10.296284851999985 ], [ 123.863914356, 10.298744966000015 ], [ 123.86427775300001, 10.298462324000013 ], [ 123.864816118000022, 10.29861037500001 ], [ 123.865770503000022, 10.29755382899998 ], [ 123.866460986, 10.297491236999974 ], [ 123.867212823000045, 10.297832210000024 ], [ 123.86838873399995, 10.297480789000019 ], [ 123.870253973, 10.298625162 ], [ 123.871411861999945, 10.298426924000012 ], [ 123.872156755999981, 10.297768147 ], [ 123.872737810999979, 10.297910902000012 ], [ 123.873621261000039, 10.298698934000015 ], [ 123.874079063999943, 10.298359343000016 ], [ 123.874317850000011, 10.298422419000019 ], [ 123.874669165, 10.299013736 ], [ 123.875101818999951, 10.298931544000027 ], [ 123.875583870000014, 10.299179327 ], [ 123.87603891599997, 10.298981089 ], [ 123.876881426999944, 10.299012627000025 ], [ 123.87701658900005, 10.299219876 ], [ 123.877719433000038, 10.299350533 ] ] ] } },
{ "type": "Feature", "properties": { "adm4_pcode": "PH0702217063", "barangay": "Quiot Pardo", "lgu": "Cebu City", "area_sqkm": 0.76137286, "price_per_sqm": 162285, "price_q25": 158409, "price_q75": 172189, "point_count": 7, "confident_point_count": 7, "low_conf_share": 0.0, "dist_to_listing_m": 1039, "nearest_grid_m": 0, "fallback_nearest": false, "low_confidence": false, "price_label": "PHP 162,285 /sqm", "confidence_label": "Grounded in nearby listings" }, "geometry": { "type": "Polygon", "coordinates": [ [ [ 123.858993598999973, 10.296284851999985 ], [ 123.860909170000014, 10.292875192 ], [ 123.861304997000047, 10.291445889999977 ], [ 123.861031860000026, 10.290701977000026 ], [ 123.860488901000053, 10.290447635000021 ], [ 123.860783113000025, 10.28960586300002 ], [ 123.861134532000051, 10.289720279 ], [ 123.861509215999945, 10.28886638900002 ], [ 123.860751046000019, 10.28758905799998 ], [ 123.860894745, 10.287198470000021 ], [ 123.861286554, 10.287362469000016 ], [ 123.86139441, 10.287110215999974 ], [ 123.859788329000025, 10.285111347 ], [ 123.860038377000024, 10.284920380000017 ], [ 123.859850978000054, 10.284696656 ], [ 123.85839054500002, 10.285777974999974 ], [ 123.857050558999958, 10.28745539 ], [ 123.855688158000021, 10.286173905999988 ], [ 123.854808116999948, 10.28711353 ], [ 123.855496304999974, 10.288894186999983 ], [ 123.852004828999952, 10.293130861 ], [ 123.853422583, 10.294238963 ], [ 123.858993598999973, 10.296284851999985 ] ] ] } },
{ "type": "Feature", "properties": { "adm4_pcode": "PH0702217064", "barangay": "Sambag I (Pob.)", "lgu": "Cebu City", "area_sqkm": 0.51625713, "price_per_sqm": 182043, "price_q25": 151714, "price_q75": 212284, "point_count": 5, "confident_point_count": 5, "low_conf_share": 0.0, "dist_to_listing_m": 201, "nearest_grid_m": 0, "fallback_nearest": false, "low_confidence": false, "price_label": "PHP 182,043 /sqm", "confidence_label": "Grounded in nearby listings" }, "geometry": { "type": "Polygon", "coordinates": [ [ [ 123.894051021999985, 10.303805811000018 ], [ 123.895316986000012, 10.303805811000018 ], [ 123.896837105000031, 10.299551475999976 ], [ 123.895257476999973, 10.298762695 ], [ 123.892434798999943, 10.29834567 ], [ 123.890487363000034, 10.297522287 ], [ 123.8895718, 10.297364088 ], [ 123.886986501000024, 10.300397567 ], [ 123.886942622, 10.300610695999978 ], [ 123.887331269000015, 10.301137251 ], [ 123.887017843999956, 10.30135038100002 ], [ 123.88699277, 10.301632464000022 ], [ 123.887701111999945, 10.302215435999983 ], [ 123.88747544499995, 10.30248498200001 ], [ 123.888982878999968, 10.302470095 ], [ 123.890509991000044, 10.303027579 ], [ 123.894051021999985, 10.303805811000018 ] ] ] } },
{ "type": "Feature", "properties": { "adm4_pcode": "PH0702217065", "barangay": "Sambag II (Pob.)", "lgu": "Cebu City", "area_sqkm": 0.44741766, "price_per_sqm": 172419, "price_q25": 150007, "price_q75": 197100, "point_count": 4, "confident_point_count": 4, "low_conf_share": 0.0, "dist_to_listing_m": 118, "nearest_grid_m": 0, "fallback_nearest": false, "low_confidence": false, "price_label": "PHP 172,419 /sqm", "confidence_label": "Grounded in nearby listings" }, "geometry": { "type": "Polygon", "coordinates": [ [ [ 123.89324998799998, 10.309549065 ], [ 123.895316986000012, 10.303805811000018 ], [ 123.894051021999985, 10.303805811000018 ], [ 123.890509991000044, 10.303027579 ], [ 123.888982878999968, 10.302470095 ], [ 123.887299926999958, 10.302604083 ], [ 123.887086797000052, 10.302936315000011 ], [ 123.887111871, 10.303343768 ], [ 123.887994210999977, 10.303483906 ], [ 123.887718397999947, 10.304170504000012 ], [ 123.88828176100003, 10.304452185 ], [ 123.88773013499997, 10.305238545 ], [ 123.886844012999973, 10.305303096999978 ], [ 123.887336955000023, 10.306065983999986 ], [ 123.887976606000052, 10.306453295999972 ], [ 123.887870976000045, 10.307362891000025 ], [ 123.888387391000037, 10.307380497 ], [ 123.888557573999947, 10.308067095000013 ], [ 123.889612194000051, 10.30823125 ], [ 123.89324998799998, 10.309549065 ] ] ] } },
{ "type": "Feature", "properties": { "adm4_pcode": "PH0702217066", "barangay": "San Antonio (Pob.)", "lgu": "Cebu City", "area_sqkm": 0.12834041, "price_per_sqm": 145671, "price_q25": 145170, "price_q75": 146172, "point_count": 2, "confident_point_count": 2, "low_conf_share": 0.0, "dist_to_listing_m": 165, "nearest_grid_m": 0, "fallback_nearest": false, "low_confidence": false, "price_label": "PHP 145,671 /sqm", "confidence_label": "Grounded in nearby listings" }, "geometry": { "type": "Polygon", "coordinates": [ [ [ 123.900140090000036, 10.303402329 ], [ 123.900859319, 10.301633998999989 ], [ 123.896837105000031, 10.299551475999976 ], [ 123.895918908999988, 10.302136108000013 ], [ 123.899372491, 10.30332047600001 ], [ 123.900140090000036, 10.303402329 ] ] ] } },
{ "type": "Feature", "properties": { "adm4_pcode": "PH0702217067", "barangay": "San Jose", "lgu": "Cebu City", "area_sqkm": 2.86939348, "price_per_sqm": 182286, "price_q25": 162996, "price_q75": 185894, "point_count": 27, "confident_point_count": 27, "low_conf_share": 0.0, "dist_to_listing_m": 1292, "nearest_grid_m": 0, "fallback_nearest": false, "low_confidence": false, "price_label": "PHP 182,286 /sqm", "confidence_label": "Grounded in nearby listings" }, "geometry": { "type": "Polygon", "coordinates": [ [ [ 123.917610323999952, 10.389295157999982 ], [ 123.915351164999947, 10.387147366000022 ], [ 123.915040928000053, 10.38567573 ], [ 123.915335254999945, 10.383169973 ], [ 123.915581853000049, 10.382525634999979 ], [ 123.91626596499998, 10.381690381999988 ], [ 123.916250054999978, 10.381268778999981 ], [ 123.916846664, 10.380147153999985 ], [ 123.917976243999988, 10.379884646 ], [ 123.918060136, 10.379059419999976 ], [ 123.917767796000021, 10.378424994999989 ], [ 123.916576351, 10.377756112999975 ], [ 123.916417091999961, 10.377279428 ], [ 123.91519938600004, 10.375760008999976 ], [ 123.913350224000055, 10.371820448999983 ], [ 123.913113176000024, 10.371669968 ], [ 123.912121360000015, 10.372135820999972 ], [ 123.910628985000017, 10.370704478999983 ], [ 123.910085710999965, 10.371261424000011 ], [ 123.910792389999983, 10.373520155 ], [ 123.910515002000011, 10.373817356000018 ], [ 123.907186346, 10.373909819 ], [ 123.904914405999989, 10.372767243999988 ], [ 123.896106872000018, 10.383936995 ], [ 123.906324910999956, 10.388070583 ], [ 123.914539835000028, 10.389269518 ], [ 123.917610323999952, 10.389295157999982 ] ] ] } },
{ "type": "Feature", "properties": { "adm4_pcode": "PH0702217068", "barangay": "San Nicolas Central", "lgu": "Cebu City", "area_sqkm": 0.28101095, "price_per_sqm": 161897, "price_q25": 159022, "price_q75": 168615, "point_count": 3, "confident_point_count": 3, "low_conf_share": 0.0, "dist_to_listing_m": 229, "nearest_grid_m": 0, "fallback_nearest": false, "low_confidence": false, "price_label": "PHP 161,897 /sqm", "confidence_label": "Grounded in nearby listings" }, "geometry": { "type": "Polygon", "coordinates": [ [ [ 123.884842274, 10.298110611000027 ], [ 123.888317602000029, 10.297240733000024 ], [ 123.8895718, 10.297364088 ], [ 123.890647691000026, 10.296595028000013 ], [ 123.89185806, 10.296160815 ], [ 123.891578891, 10.295836381000015 ], [ 123.892408097000043, 10.292552075 ], [ 123.889815739000028, 10.292202861000021 ], [ 123.8895549, 10.293629624 ], [ 123.887000638000018, 10.293179189999989 ], [ 123.886430573999974, 10.296347605999983 ], [ 123.886033796, 10.29638758599998 ], [ 123.885441903000014, 10.297488257 ], [ 123.884842274, 10.298110611000027 ] ] ] } },
{ "type": "Feature", "properties": { "adm4_pcode": "PH0702217069", "barangay": "San Roque (Ciudad)", "lgu": "Cebu City", "area_sqkm": 0.45503968, "price_per_sqm": 220166, "price_q25": 216364, "price_q75": 228055, "point_count": 4, "confident_point_count": 4, "low_conf_share": 0.0, "dist_to_listing_m": 490, "nearest_grid_m": 0, "fallback_nearest": false, "low_confidence": false, "price_label": "PHP 220,166 /sqm", "confidence_label": "Grounded in nearby listings" }, "geometry": { "type": "Polygon", "coordinates": [ [ [ 123.903807231999963, 10.298774146000028 ], [ 123.906116286000042, 10.298388062000015 ], [ 123.905943361000027, 10.297572557000024 ], [ 123.907793051, 10.297216848 ], [ 123.909625390999963, 10.295981641000026 ], [ 123.909284845, 10.295338050999987 ], [ 123.910507163000034, 10.294649822 ], [ 123.910360596000032, 10.294417028 ], [ 123.909194830000047, 10.295037115000014 ], [ 123.908235978999983, 10.293428203000019 ], [ 123.908043422, 10.293013004999978 ], [ 123.909267203000013, 10.292363028000011 ], [ 123.909124038999948, 10.292098669999973 ], [ 123.908117295000011, 10.292631746999973 ], [ 123.907981976999963, 10.292388615 ], [ 123.907744673000025, 10.292519825999989 ], [ 123.907044377000034, 10.291221716 ], [ 123.903647909000028, 10.291327506000016 ], [ 123.903210750999961, 10.290993066 ], [ 123.901495491, 10.290499883 ], [ 123.903672214000039, 10.295656198000017 ], [ 123.903825569, 10.297199738000018 ], [ 123.903716982, 10.298444056 ], [ 123.903807231999963, 10.298774146000028 ] ] ] } },
{ "type": "Feature", "properties": { "adm4_pcode": "PH0702217070", "barangay": "Santa Cruz (Pob.)", "lgu": "Cebu City", "area_sqkm": 0.22906234, "price_per_sqm": 146798, "price_q25": 142040, "price_q75": 151556, "point_count": 2, "confident_point_count": 2, "low_conf_share": 0.0, "dist_to_listing_m": 37, "nearest_grid_m": 0, "fallback_nearest": false, "low_confidence": false, "price_label": "PHP 146,798 /sqm", "confidence_label": "Grounded in nearby listings" }, "geometry": { "type": "Polygon", "coordinates": [ [ [ 123.895461373999979, 10.310245574000021 ], [ 123.895510438999963, 10.309389400999976 ], [ 123.894960752999964, 10.30908797799998 ], [ 123.898281561999966, 10.304700520999972 ], [ 123.898312240999985, 10.302967059000025 ], [ 123.895918908999988, 10.302136108000013 ], [ 123.89324998799998, 10.309549065 ], [ 123.895461373999979, 10.310245574000021 ] ] ] } },
{ "type": "Feature", "properties": { "adm4_pcode": "PH0702217077", "barangay": "Sapangdaku", "lgu": "Cebu City", "area_sqkm": 8.39387145, "price_per_sqm": 145768, "price_q25": 133862, "price_q75": 225653, "point_count": 79, "confident_point_count": 79, "low_conf_share": 0.0, "dist_to_listing_m": 1437, "nearest_grid_m": 0, "fallback_nearest": false, "low_confidence": false, "price_label": "PHP 145,768 /sqm", "confidence_label": "Grounded in nearby listings" }, "geometry": { "type": "Polygon", "coordinates": [ [ [ 123.876536086999977, 10.360152342 ], [ 123.876839097000015, 10.341510067 ], [ 123.875818965, 10.340767337999978 ], [ 123.875910062, 10.33617132400002 ], [ 123.876868239000032, 10.332450033999976 ], [ 123.876882699000021, 10.331367093999972 ], [ 123.875080702, 10.332725865999976 ], [ 123.873747861999959, 10.331410441 ], [ 123.861565593000023, 10.324278149 ], [ 123.858601829, 10.329335888 ], [ 123.858394096999973, 10.32943967 ], [ 123.858168339000031, 10.330247892999978 ], [ 123.857154953999952, 10.331525743999975 ], [ 123.857106954999949, 10.331891298000016 ], [ 123.854234499999961, 10.33674793 ], [ 123.848230102, 10.354139035 ], [ 123.876536086999977, 10.360152342 ] ] ] } },
{ "type": "Feature", "properties": { "adm4_pcode": "PH0702217071", "barangay": "Sawang Calero (Pob.)", "lgu": "Cebu City", "area_sqkm": 0.24269923, "price_per_sqm": 162756, "price_q25": 157204, "price_q75": 164301, "point_count": 3, "confident_point_count": 3, "low_conf_share": 0.0, "dist_to_listing_m": 437, "nearest_grid_m": 0, "fallback_nearest": false, "low_confidence": false, "price_label": "PHP 162,756 /sqm", "confidence_label": "Grounded in nearby listings" }, "geometry": { "type": "Polygon", "coordinates": [ [ [ 123.889815739000028, 10.292202861000021 ], [ 123.891513903000032, 10.292415929000015 ], [ 123.891741025999977, 10.290618701000028 ], [ 123.891734339999971, 10.289382543999977 ], [ 123.891191232999972, 10.289383814000018 ], [ 123.891071914, 10.289923683999973 ], [ 123.89056744200002, 10.289852517999975 ], [ 123.890646273000016, 10.28824957 ], [ 123.890428614000029, 10.288236505999976 ], [ 123.890596029999983, 10.287556511 ], [ 123.890450128999987, 10.287528606000024 ], [ 123.890311331000021, 10.288229054999988 ], [ 123.889818129, 10.288181778000023 ], [ 123.890394636, 10.285332166999979 ], [ 123.890564367000025, 10.285324310000021 ], [ 123.890362688999971, 10.285007983000014 ], [ 123.889690222000013, 10.288167391 ], [ 123.88818698, 10.288156913000023 ], [ 123.888206696, 10.289263408000011 ], [ 123.886852904999955, 10.289246030000015 ], [ 123.886787446999961, 10.290166630999977 ], [ 123.885365672000034, 10.289332665000018 ], [ 123.886759504, 10.290170991000025 ], [ 123.887170619000017, 10.29218167800002 ], [ 123.887000638000018, 10.293179189999989 ], [ 123.8895549, 10.293629624 ], [ 123.889815739000028, 10.292202861000021 ] ] ] } },
{ "type": "Feature", "properties": { "adm4_pcode": "PH0702217073", "barangay": "Sinsin", "lgu": "Cebu City", "area_sqkm": 8.12206885, "price_per_sqm": 145749, "price_q25": 144156, "price_q75": 212883, "point_count": 75, "confident_point_count": 0, "low_conf_share": 1.0, "dist_to_listing_m": 7283, "nearest_grid_m": 0, "fallback_nearest": false, "low_confidence": true, "price_label": "PHP 145,749 /sqm", "confidence_label": "Low confidence · median grid cell 7.3 km from listing" }, "geometry": { "type": "Polygon", "coordinates": [ [ [ 123.776400380000041, 10.363719601000014 ], [ 123.788176734, 10.361772694000024 ], [ 123.799497907000045, 10.356454527999972 ], [ 123.800098240000011, 10.349801220000018 ], [ 123.792180703999975, 10.34104877599998 ], [ 123.791325377000021, 10.338599335000026 ], [ 123.79152620900004, 10.338238671999989 ], [ 123.791784227, 10.335160351000013 ], [ 123.791258243000016, 10.332464685 ], [ 123.789012168999989, 10.329773671999988 ], [ 123.779799508999986, 10.327971849 ], [ 123.775856229000055, 10.327592970000012 ], [ 123.77611373000002, 10.348857153999973 ], [ 123.770450341000014, 10.361988495 ], [ 123.776400380000041, 10.363719601000014 ] ] ] } },
{ "type": "Feature", "properties": { "adm4_pcode": "PH0702217074", "barangay": "Sirao", "lgu": "Cebu City", "area_sqkm": 7.70456432, "price_per_sqm": 179987, "price_q25": 178183, "price_q75": 182102, "point_count": 69, "confident_point_count": 69, "low_conf_share": 0.0, "dist_to_listing_m": 2396, "nearest_grid_m": 0, "fallback_nearest": false, "low_confidence": false, "price_label": "PHP 179,987 /sqm", "confidence_label": "Grounded in nearby listings" }, "geometry": { "type": "Polygon", "coordinates": [ [ [ 123.872483925999973, 10.425304531999984 ], [ 123.885170241999958, 10.416014243 ], [ 123.895251537000036, 10.411338457999989 ], [ 123.896639468999979, 10.404796895 ], [ 123.896745142999976, 10.400757957999986 ], [ 123.896546124999986, 10.399564286999976 ], [ 123.895774502999984, 10.398438526 ], [ 123.893997531999958, 10.397906816999978 ], [ 123.893199314999947, 10.396435429 ], [ 123.864776377, 10.405027905999987 ], [ 123.857689542, 10.408749243999978 ], [ 123.858966413999951, 10.410129736999977 ], [ 123.86042442300004, 10.412552560999984 ], [ 123.860614434000013, 10.415274368999974 ], [ 123.861721437000028, 10.416260294999972 ], [ 123.862506437999969, 10.416656263999982 ], [ 123.863056439000047, 10.417260219000013 ], [ 123.863628446, 10.41906709 ], [ 123.864322450000031, 10.420215007000024 ], [ 123.867758383000023, 10.4241753 ], [ 123.872483925999973, 10.425304531999984 ] ] ] } },
{ "type": "Feature", "properties": { "adm4_pcode": "PH0702217075", "barangay": "Suba Pob. (Suba San Nicolas)", "lgu": "Cebu City", "area_sqkm": 0.09669399, "price_per_sqm": 245518, "price_q25": 245518, "price_q75": 245518, "point_count": 0, "confident_point_count": 0, "low_conf_share": 1.0, "dist_to_listing_m": 115, "nearest_grid_m": 142, "fallback_nearest": true, "low_confidence": true, "price_label": "PHP 245,518 /sqm", "confidence_label": "Nearest grid estimate · 142 m from barangay interior" }, "geometry": { "type": "Polygon", "coordinates": [ [ [ 123.893932457, 10.292873663000023 ], [ 123.894122380999988, 10.291715986999975 ], [ 123.893863268000018, 10.289105198000016 ], [ 123.893272906999982, 10.288888418 ], [ 123.892449791, 10.289404036 ], [ 123.891734339999971, 10.289382543999977 ], [ 123.891513903000032, 10.292415929000015 ], [ 123.893932457, 10.292873663000023 ] ] ] } },
{ "type": "Feature", "properties": { "adm4_pcode": "PH0702217076", "barangay": "Sudlon I", "lgu": "Cebu City", "area_sqkm": 3.20615387, "price_per_sqm": 216321, "price_q25": 169364, "price_q75": 216702, "point_count": 28, "confident_point_count": 0, "low_conf_share": 1.0, "dist_to_listing_m": 7578, "nearest_grid_m": 0, "fallback_nearest": false, "low_confidence": true, "price_label": "PHP 216,321 /sqm", "confidence_label": "Low confidence · median grid cell 7.6 km from listing" }, "geometry": { "type": "Polygon", "coordinates": [ [ [ 123.770076391999964, 10.373240708000026 ], [ 123.803397887999949, 10.365129705000015 ], [ 123.802961398999969, 10.36302323000001 ], [ 123.799497907000045, 10.356454527999972 ], [ 123.788176734, 10.361772694000024 ], [ 123.776400380000041, 10.363719601000014 ], [ 123.770450341000014, 10.361988495 ], [ 123.770061356000042, 10.365147275000027 ], [ 123.770076391999964, 10.373240708000026 ] ] ] } },
{ "type": "Feature", "properties": { "adm4_pcode": "PH0702217088", "barangay": "Sudlon II", "lgu": "Cebu City", "area_sqkm": 16.11648742, "price_per_sqm": 169364, "price_q25": 169364, "price_q75": 169364, "point_count": 152, "confident_point_count": 0, "low_conf_share": 1.0, "dist_to_listing_m": 7509, "nearest_grid_m": 0, "fallback_nearest": false, "low_confidence": true, "price_label": "PHP 169,364 /sqm", "confidence_label": "Low confidence · median grid cell 7.5 km from listing" }, "geometry": { "type": "Polygon", "coordinates": [ [ [ 123.804873076000035, 10.407059050999976 ], [ 123.811557412999946, 10.392663167000023 ], [ 123.806156357999953, 10.378497182999979 ], [ 123.811401215000046, 10.373780238 ], [ 123.803397887999949, 10.365129705000015 ], [ 123.770076391999964, 10.373240708000026 ], [ 123.769706788, 10.386250587 ], [ 123.785053522, 10.40769923 ], [ 123.804873076000035, 10.407059050999976 ] ] ] } },
{ "type": "Feature", "properties": { "adm4_pcode": "PH0702217078", "barangay": "T. Padilla", "lgu": "Cebu City", "area_sqkm": 0.16510648, "price_per_sqm": 173912, "price_q25": 173869, "price_q75": 173954, "point_count": 2, "confident_point_count": 2, "low_conf_share": 0.0, "dist_to_listing_m": 228, "nearest_grid_m": 0, "fallback_nearest": false, "low_confidence": false, "price_label": "PHP 173,912 /sqm", "confidence_label": "Grounded in nearby listings" }, "geometry": { "type": "Polygon", "coordinates": [ [ [ 123.905332199999975, 10.305774772 ], [ 123.906130696, 10.305756727000016 ], [ 123.906588413, 10.301931449 ], [ 123.906437844000038, 10.300264369 ], [ 123.903826654999989, 10.300284487999988 ], [ 123.903643139999986, 10.300903705999986 ], [ 123.904091943000026, 10.30272577 ], [ 123.903708349999988, 10.303074838999976 ], [ 123.903565337000032, 10.304007147 ], [ 123.905036251999945, 10.306014310000023 ], [ 123.905332199999975, 10.305774772 ] ] ] } },
{ "type": "Feature", "properties": { "adm4_pcode": "PH0702217079", "barangay": "Tabunan", "lgu": "Cebu City", "area_sqkm": 15.86158176, "price_per_sqm": 169364, "price_q25": 169364, "price_q75": 184833, "point_count": 142, "confident_point_count": 36, "low_conf_share": 0.746, "dist_to_listing_m": 5626, "nearest_grid_m": 0, "fallback_nearest": false, "low_confidence": true, "price_label": "PHP 169,364 /sqm", "confidence_label": "Low confidence · median grid cell 5.6 km from listing" }, "geometry": { "type": "Polygon", "coordinates": [ [ [ 123.827197701000046, 10.446469072000014 ], [ 123.842350528999987, 10.429783433000011 ], [ 123.834254795999982, 10.423359401000027 ], [ 123.832144974000016, 10.421443135 ], [ 123.831829350000021, 10.414827568000021 ], [ 123.83167262500001, 10.414427097999976 ], [ 123.830385875000047, 10.412828502000025 ], [ 123.823375937000037, 10.401111617000026 ], [ 123.811557412999946, 10.392663167000023 ], [ 123.804873076000035, 10.407059050999976 ], [ 123.785053522, 10.40769923 ], [ 123.793938068999978, 10.410440451 ], [ 123.801143043000025, 10.421028652000018 ], [ 123.804183959000056, 10.430266053000025 ], [ 123.804559178999966, 10.430936996000014 ], [ 123.804729733000045, 10.430903449000027 ], [ 123.804934398, 10.429863485999988 ], [ 123.805360783999959, 10.430014448 ], [ 123.805446061999987, 10.431658259000017 ], [ 123.806230612000036, 10.43204405 ], [ 123.806077113000015, 10.432413068000017 ], [ 123.806179445, 10.432631123000021 ], [ 123.807253938000031, 10.433469796 ], [ 123.807253938000031, 10.435180682 ], [ 123.808567206000021, 10.435935482 ], [ 123.808754816000032, 10.436807692 ], [ 123.809300590000021, 10.436908331999973 ], [ 123.81348983099997, 10.439355120000016 ], [ 123.814012154000011, 10.439514465 ], [ 123.814758329000028, 10.439172713 ], [ 123.815058930999953, 10.439732515 ], [ 123.816246416000013, 10.440797606 ], [ 123.817207916000029, 10.441139356 ], [ 123.817777140999965, 10.441235801 ], [ 123.818293291000032, 10.441003325999986 ], [ 123.818406061000019, 10.440177001999984 ], [ 123.818636309, 10.439795415 ], [ 123.818953965999981, 10.439776544999972 ], [ 123.819346240999948, 10.440749383000025 ], [ 123.821324671999946, 10.441738991000022 ], [ 123.822245664999969, 10.442946644000017 ], [ 123.822859661000052, 10.442829233999987 ], [ 123.824309373, 10.443080828 ], [ 123.825622641999985, 10.443919473 ], [ 123.826253693000012, 10.444909070999984 ], [ 123.826287804, 10.445798029 ], [ 123.826628912000047, 10.446200574999978 ], [ 123.827197701000046, 10.446469072000014 ] ] ] } },
{ "type": "Feature", "properties": { "adm4_pcode": "PH0702217080", "barangay": "Tagbao", "lgu": "Cebu City", "area_sqkm": 10.53406672, "price_per_sqm": 169364, "price_q25": 169364, "price_q75": 187585, "point_count": 43, "confident_point_count": 39, "low_conf_share": 0.093, "dist_to_listing_m": 4327, "nearest_grid_m": 0, "fallback_nearest": false, "low_confidence": false, "price_label": "PHP 169,364 /sqm", "confidence_label": "Grounded in nearby listings" }, "geometry": { "type": "Polygon", "coordinates": [ [ [ 123.856441423999968, 10.475734538999973 ], [ 123.873303196000052, 10.464770179000027 ], [ 123.857535117, 10.450837604000014 ], [ 123.854183071999955, 10.438926 ], [ 123.851915631, 10.438859421000018 ], [ 123.851809045999971, 10.438329634000013 ], [ 123.851231811000048, 10.43824448700002 ], [ 123.842350528999987, 10.429783433000011 ], [ 123.827197701000046, 10.446469072000014 ], [ 123.827908070000035, 10.446552802999975 ], [ 123.828436788999966, 10.446871483999985 ], [ 123.829374838000035, 10.448498433999987 ], [ 123.831660265999972, 10.448750023 ], [ 123.832359538999981, 10.449219656000025 ], [ 123.834542633999945, 10.451852941000027 ], [ 123.835156630000029, 10.452121299999988 ], [ 123.835617126999978, 10.452775423999981 ], [ 123.835872957999982, 10.453597270999978 ], [ 123.836973034000039, 10.454544907000013 ], [ 123.837318804, 10.455081343000018 ], [ 123.838097948000041, 10.455379897 ], [ 123.838385794000033, 10.454823539000017 ], [ 123.838687104999963, 10.454754561000016 ], [ 123.854424729000016, 10.473550333999981 ], [ 123.856441423999968, 10.475734538999973 ] ] ] } },
{ "type": "Feature", "properties": { "adm4_pcode": "PH0702217081", "barangay": "Talamban", "lgu": "Cebu City", "area_sqkm": 4.62971027, "price_per_sqm": 174785, "price_q25": 164635, "price_q75": 229919, "point_count": 42, "confident_point_count": 42, "low_conf_share": 0.0, "dist_to_listing_m": 509, "nearest_grid_m": 0, "fallback_nearest": false, "low_confidence": false, "price_label": "PHP 174,785 /sqm", "confidence_label": "Grounded in nearby listings" }, "geometry": { "type": "Polygon", "coordinates": [ [ [ 123.91831830000001, 10.380123289999972 ], [ 123.920664961000057, 10.37990851 ], [ 123.921174068000028, 10.378365282 ], [ 123.921150203000025, 10.377116381 ], [ 123.921815856999956, 10.375767091 ], [ 123.922828085, 10.375173565000011 ], [ 123.923243084999967, 10.374639146 ], [ 123.923697710000056, 10.373849235000023 ], [ 123.923566982000011, 10.373587779 ], [ 123.92366929100001, 10.373047816 ], [ 123.924203570000032, 10.372121352000022 ], [ 123.925380121999979, 10.373059183 ], [ 123.92687907200002, 10.37383796 ], [ 123.926523198000041, 10.371135128999981 ], [ 123.92679833, 10.370802626 ], [ 123.925669922999987, 10.369871903999979 ], [ 123.925830535000046, 10.369762723 ], [ 123.923743411000032, 10.367680413000016 ], [ 123.924324701000046, 10.36651201799998 ], [ 123.924504900999978, 10.366407386 ], [ 123.924894366, 10.366605025000013 ], [ 123.925318707999963, 10.36635507 ], [ 123.925033876000043, 10.365994670000021 ], [ 123.925190823999969, 10.365442443 ], [ 123.925010624000038, 10.364942532999976 ], [ 123.925219889, 10.364349617000016 ], [ 123.92498156, 10.363582313 ], [ 123.92577062600003, 10.361937506 ], [ 123.922214376000056, 10.360969266999973 ], [ 123.920371330999956, 10.359564173000024 ], [ 123.919066887999975, 10.358135418000018 ], [ 123.919079722999982, 10.35769258900001 ], [ 123.915475347999973, 10.350275814999975 ], [ 123.913130526000032, 10.350633915 ], [ 123.908872565000024, 10.351673877999986 ], [ 123.90554648, 10.354190274000018 ], [ 123.903896596999971, 10.355751454000028 ], [ 123.905315850999955, 10.357543263000025 ], [ 123.906610921000038, 10.358217409000019 ], [ 123.906911482000055, 10.362235881 ], [ 123.907517227999961, 10.363793905000023 ], [ 123.908175616, 10.366993257 ], [ 123.907627843, 10.367600504999984 ], [ 123.907577065000055, 10.36828601000002 ], [ 123.907161319000011, 10.368371697999976 ], [ 123.9071586, 10.369093888 ], [ 123.904914405999989, 10.372767243999988 ], [ 123.907186346, 10.373909819 ], [ 123.910515002000011, 10.373817356000018 ], [ 123.910792389999983, 10.373520155 ], [ 123.910085710999965, 10.371261424000011 ], [ 123.910628985000017, 10.370704478999983 ], [ 123.912121360000015, 10.372135820999972 ], [ 123.913113176000024, 10.371669968 ], [ 123.913859871, 10.372756074 ], [ 123.915552790999982, 10.376273014999981 ], [ 123.916417091999961, 10.377279428 ], [ 123.916576351, 10.377756112999975 ], [ 123.917767796000021, 10.378424994999989 ], [ 123.918118333000052, 10.379398482999989 ], [ 123.917976243999988, 10.379884646 ], [ 123.91831830000001, 10.380123289999972 ] ] ] } },
{ "type": "Feature", "properties": { "adm4_pcode": "PH0702217082", "barangay": "Taptap", "lgu": "Cebu City", "area_sqkm": 7.57017702, "price_per_sqm": 185468, "price_q25": 185194, "price_q75": 185750, "point_count": 69, "confident_point_count": 69, "low_conf_share": 0.0, "dist_to_listing_m": 3297, "nearest_grid_m": 0, "fallback_nearest": false, "low_confidence": false, "price_label": "PHP 185,468 /sqm", "confidence_label": "Grounded in nearby listings" }, "geometry": { "type": "Polygon", "coordinates": [ [ [ 123.855321499999945, 10.432903926 ], [ 123.870872589999976, 10.428014426 ], [ 123.864322450000031, 10.420215007000024 ], [ 123.863628446, 10.41906709 ], [ 123.863056439000047, 10.417260219000013 ], [ 123.862506437999969, 10.416656263999982 ], [ 123.861721437000028, 10.416260294999972 ], [ 123.860614434000013, 10.415274368999974 ], [ 123.86042442300004, 10.412552560999984 ], [ 123.858966413999951, 10.410129736999977 ], [ 123.85449996, 10.405300824 ], [ 123.851951919000044, 10.407936458 ], [ 123.851451912000016, 10.408759385999986 ], [ 123.849972725000043, 10.40944689600002 ], [ 123.849878973000045, 10.410728163999977 ], [ 123.849399800000015, 10.412124017 ], [ 123.849410217000013, 10.412978195999983 ], [ 123.848457317, 10.414630481000017 ], [ 123.831829350000021, 10.414827568000021 ], [ 123.832144974000016, 10.421443135 ], [ 123.834254795999982, 10.423359401000027 ], [ 123.842350528999987, 10.429783433000011 ], [ 123.851231811000048, 10.43824448700002 ], [ 123.851809045999971, 10.438329634000013 ], [ 123.851915631, 10.438859421000018 ], [ 123.854183071999955, 10.438926 ], [ 123.855321499999945, 10.432903926 ] ] ] } },
{ "type": "Feature", "properties": { "adm4_pcode": "PH0702217083", "barangay": "Tejero (Villa Gonzalo)", "lgu": "Cebu City", "area_sqkm": 0.53842238, "price_per_sqm": 182504, "price_q25": 181427, "price_q75": 183629, "point_count": 3, "confident_point_count": 3, "low_conf_share": 0.0, "dist_to_listing_m": 213, "nearest_grid_m": 0, "fallback_nearest": false, "low_confidence": false, "price_label": "PHP 182,504 /sqm", "confidence_label": "Grounded in nearby listings" }, "geometry": { "type": "Polygon", "coordinates": [ [ [ 123.906829943000048, 10.308093566000025 ], [ 123.909692963, 10.306618596000021 ], [ 123.909890984999947, 10.307137415 ], [ 123.914292234999948, 10.301811209999983 ], [ 123.911680594000018, 10.299607913999978 ], [ 123.911119521000046, 10.298585978 ], [ 123.910095737, 10.299192545999972 ], [ 123.910074804000033, 10.30004852899998 ], [ 123.906454473000053, 10.300481113999979 ], [ 123.906588413, 10.301931449 ], [ 123.906172391000041, 10.305039557999976 ], [ 123.906171297000014, 10.306437929000026 ], [ 123.906829943000048, 10.308093566000025 ] ] ] } },
{ "type": "Feature", "properties": { "adm4_pcode": "PH0702217084", "barangay": "Tinago", "lgu": "Cebu City", "area_sqkm": 0.22980294, "price_per_sqm": 233513, "price_q25": 228139, "price_q75": 238887, "point_count": 2, "confident_point_count": 2, "low_conf_share": 0.0, "dist_to_listing_m": 506, "nearest_grid_m": 0, "fallback_nearest": false, "low_confidence": false, "price_label": "PHP 233,513 /sqm", "confidence_label": "Grounded in nearby listings" }, "geometry": { "type": "Polygon", "coordinates": [ [ [ 123.906555166999965, 10.300473778000026 ], [ 123.910074804000033, 10.30004852899998 ], [ 123.910095737, 10.299192545999972 ], [ 123.911138878999964, 10.298636107 ], [ 123.910549794999952, 10.297676172000024 ], [ 123.911774797000021, 10.297019103000025 ], [ 123.911667026000032, 10.296759904 ], [ 123.91040010200004, 10.297405718 ], [ 123.909625390999963, 10.295981641000026 ], [ 123.907793051, 10.297216848 ], [ 123.905943361000027, 10.297572557000024 ], [ 123.906116286000042, 10.298388062000015 ], [ 123.903807231999963, 10.298774146000028 ], [ 123.903826654999989, 10.300284487999988 ], [ 123.906437844000038, 10.300264369 ], [ 123.906555166999965, 10.300473778000026 ] ] ] } },
{ "type": "Feature", "properties": { "adm4_pcode": "PH0702217085", "barangay": "Tisa", "lgu": "Cebu City", "area_sqkm": 2.43605654, "price_per_sqm": 161374, "price_q25": 155815, "price_q75": 169613, "point_count": 24, "confident_point_count": 24, "low_conf_share": 0.0, "dist_to_listing_m": 438, "nearest_grid_m": 0, "fallback_nearest": false, "low_confidence": false, "price_label": "PHP 161,374 /sqm", "confidence_label": "Grounded in nearby listings" }, "geometry": { "type": "Polygon", "coordinates": [ [ [ 123.857067002, 10.316580301999977 ], [ 123.861865900999987, 10.311271761 ], [ 123.862386781000055, 10.310304222000013 ], [ 123.866729534, 10.310234053999977 ], [ 123.867032410999968, 10.309442276000027 ], [ 123.867625740999983, 10.309547271999975 ], [ 123.867707265000035, 10.309122152999976 ], [ 123.86890955399997, 10.309558654999989 ], [ 123.869200117999981, 10.309166023999978 ], [ 123.869850371999974, 10.308981361 ], [ 123.86990017200003, 10.307894696 ], [ 123.869609783999977, 10.307391753 ], [ 123.869675616999984, 10.306918949000021 ], [ 123.870718030000035, 10.306347431 ], [ 123.870785610999974, 10.306608744000016 ], [ 123.871222634999981, 10.306730389999984 ], [ 123.871495792000019, 10.306473548999975 ], [ 123.872571890000017, 10.307103596 ], [ 123.872978912, 10.307148201000018 ], [ 123.872906427999965, 10.307376802000022 ], [ 123.873191937, 10.307686568 ], [ 123.875248097000053, 10.308079465 ], [ 123.875639208000052, 10.306949721000024 ], [ 123.875091210000051, 10.305732335000016 ], [ 123.875094677999982, 10.305198210000015 ], [ 123.875573308999947, 10.304511478999984 ], [ 123.875448449000032, 10.304071 ], [ 123.875712043000021, 10.303311434000022 ], [ 123.875972167999976, 10.30292298 ], [ 123.876416114999984, 10.302759967999975 ], [ 123.876912964999974, 10.30172488300002 ], [ 123.876759781000032, 10.301116653 ], [ 123.877196806000029, 10.300783251999974 ], [ 123.876836372999946, 10.300440841000011 ], [ 123.876965957000039, 10.300032193 ], [ 123.877647347, 10.299386576000018 ], [ 123.87701658900005, 10.299219876 ], [ 123.876881426999944, 10.299012627000025 ], [ 123.87603891599997, 10.298981089 ], [ 123.875583870000014, 10.299179327 ], [ 123.875101818999951, 10.298931544000027 ], [ 123.874669165, 10.299013736 ], [ 123.874317850000011, 10.298422419000019 ], [ 123.874079063999943, 10.298359343000016 ], [ 123.873621261000039, 10.298698934000015 ], [ 123.872737810999979, 10.297910902000012 ], [ 123.872156755999981, 10.297768147 ], [ 123.871411861999945, 10.298426924000012 ], [ 123.870253973, 10.298625162 ], [ 123.86838873399995, 10.297480789000019 ], [ 123.867212823000045, 10.297832210000024 ], [ 123.866460986, 10.297491236999974 ], [ 123.865770503000022, 10.29755382899998 ], [ 123.864816118000022, 10.29861037500001 ], [ 123.864594043000011, 10.298670941000012 ], [ 123.864459451000016, 10.29843540600001 ], [ 123.864096055, 10.298583456000017 ], [ 123.862947263000024, 10.301648285 ], [ 123.860599469000022, 10.303820394000013 ], [ 123.858579051999982, 10.306711124 ], [ 123.856257572, 10.308771764000028 ], [ 123.85353184500002, 10.313446608 ], [ 123.857067002, 10.316580301999977 ] ] ] } },
{ "type": "Feature", "properties": { "adm4_pcode": "PH0702217086", "barangay": "To-ong Pardo", "lgu": "Cebu City", "area_sqkm": 6.81461549, "price_per_sqm": 221435, "price_q25": 155815, "price_q75": 223061, "point_count": 61, "confident_point_count": 59, "low_conf_share": 0.033, "dist_to_listing_m": 3833, "nearest_grid_m": 0, "fallback_nearest": false, "low_confidence": false, "price_label": "PHP 221,435 /sqm", "confidence_label": "Grounded in nearby listings" }, "geometry": { "type": "Polygon", "coordinates": [ [ [ 123.82101013, 10.332486343000028 ], [ 123.834396587000015, 10.330409487 ], [ 123.838032070000054, 10.324643321 ], [ 123.84167173000003, 10.315267423000023 ], [ 123.842563703, 10.306891028 ], [ 123.840145312, 10.305605777999972 ], [ 123.83866974700004, 10.304230652 ], [ 123.83641507599998, 10.303127824 ], [ 123.825299321999978, 10.29897465 ], [ 123.823301036999965, 10.305257483 ], [ 123.820193303999986, 10.31384535 ], [ 123.821061031999989, 10.320054570000025 ], [ 123.820808160999945, 10.321244549000028 ], [ 123.82027267, 10.322114721 ], [ 123.820689163, 10.323126204 ], [ 123.820213170999978, 10.323579882999979 ], [ 123.820399105999968, 10.323855066000021 ], [ 123.820317295, 10.324516991999985 ], [ 123.819818991000034, 10.32517148 ], [ 123.816472174999944, 10.328072054000017 ], [ 123.82101013, 10.332486343000028 ] ] ] } },
{ "type": "Feature", "properties": { "adm4_pcode": "PH0702217087", "barangay": "Zapatera", "lgu": "Cebu City", "area_sqkm": 0.33561558, "price_per_sqm": 165799, "price_q25": 164310, "price_q75": 180276, "point_count": 4, "confident_point_count": 4, "low_conf_share": 0.0, "dist_to_listing_m": 124, "nearest_grid_m": 0, "fallback_nearest": false, "low_confidence": false, "price_label": "PHP 165,799 /sqm", "confidence_label": "Grounded in nearby listings" }, "geometry": { "type": "Polygon", "coordinates": [ [ [ 123.899854786999981, 10.311523584999975 ], [ 123.901905319999969, 10.311379536 ], [ 123.903961303999949, 10.310672991 ], [ 123.902560182, 10.306784956 ], [ 123.902492841000026, 10.305987915 ], [ 123.90292123100005, 10.305707814000016 ], [ 123.903289206999943, 10.305032274999974 ], [ 123.903250761999971, 10.30460937700002 ], [ 123.902729004999969, 10.304598392 ], [ 123.902729004999969, 10.304444611 ], [ 123.903565337000032, 10.304007147 ], [ 123.902260600999966, 10.302046596000025 ], [ 123.90198911799996, 10.302516249 ], [ 123.901835897999945, 10.303749032999974 ], [ 123.900140090000036, 10.303402329 ], [ 123.899579408000022, 10.309830853 ], [ 123.899854786999981, 10.311523584999975 ] ] ] } },
{ "type": "Feature", "properties": { "adm4_pcode": "PH0702219001", "barangay": "Cabangahan", "lgu": "Consolacion", "area_sqkm": 1.5584044, "price_per_sqm": 135933, "price_q25": 135852, "price_q75": 156776, "point_count": 15, "confident_point_count": 15, "low_conf_share": 0.0, "dist_to_listing_m": 1432, "nearest_grid_m": 0, "fallback_nearest": false, "low_confidence": false, "price_label": "PHP 135,933 /sqm", "confidence_label": "Grounded in nearby listings" }, "geometry": { "type": "Polygon", "coordinates": [ [ [ 123.932908040000029, 10.411108676000026 ], [ 123.937399623000033, 10.403239773999985 ], [ 123.92492878500002, 10.398911853000016 ], [ 123.923940792000053, 10.398709224000015 ], [ 123.924067258000036, 10.401083605 ], [ 123.923546846000022, 10.401690131 ], [ 123.921719163000034, 10.405156884 ], [ 123.923415733999946, 10.410396202000015 ], [ 123.932908040000029, 10.411108676000026 ] ] ] } },
{ "type": "Feature", "properties": { "adm4_pcode": "PH0702219002", "barangay": "Cansaga", "lgu": "Consolacion", "area_sqkm": 0.4059982, "price_per_sqm": 139388, "price_q25": 116264, "price_q75": 162709, "point_count": 4, "confident_point_count": 4, "low_conf_share": 0.0, "dist_to_listing_m": 598, "nearest_grid_m": 0, "fallback_nearest": false, "low_confidence": false, "price_label": "PHP 139,388 /sqm", "confidence_label": "Grounded in nearby listings" }, "geometry": { "type": "Polygon", "coordinates": [ [ [ 123.962970445999986, 10.381048248000013 ], [ 123.964104017999944, 10.378730861 ], [ 123.967053866000015, 10.374396597999976 ], [ 123.96665994, 10.374011441999983 ], [ 123.96628145, 10.374126634999982 ], [ 123.965843718999963, 10.373840299 ], [ 123.965248009, 10.373883084999989 ], [ 123.962665156999947, 10.375572404000025 ], [ 123.961490227000013, 10.375327303 ], [ 123.960402698000053, 10.374432386000024 ], [ 123.960034114, 10.37652695700001 ], [ 123.958873166999979, 10.376338413999974 ], [ 123.96002936900004, 10.376965735999988 ], [ 123.959383417000026, 10.37842353000002 ], [ 123.958725192999964, 10.378595749 ], [ 123.95877980399996, 10.379835422999975 ], [ 123.958454118999953, 10.380583372999979 ], [ 123.961481039999967, 10.381120838000015 ], [ 123.962970445999986, 10.381048248000013 ] ] ] } },
{ "type": "Feature", "properties": { "adm4_pcode": "PH0702219003", "barangay": "Casili", "lgu": "Consolacion", "area_sqkm": 2.62323686, "price_per_sqm": 163431, "price_q25": 147300, "price_q75": 183317, "point_count": 25, "confident_point_count": 25, "low_conf_share": 0.0, "dist_to_listing_m": 1349, "nearest_grid_m": 0, "fallback_nearest": false, "low_confidence": false, "price_label": "PHP 163,431 /sqm", "confidence_label": "Grounded in nearby listings" }, "geometry": { "type": "Polygon", "coordinates": [ [ [ 123.948867080000014, 10.383447876999981 ], [ 123.949555991000011, 10.382435534000024 ], [ 123.950162741999975, 10.381954055 ], [ 123.949833539999986, 10.38133159 ], [ 123.950364571000023, 10.380889529 ], [ 123.950328992999971, 10.380375271999981 ], [ 123.951386616000036, 10.379757516999973 ], [ 123.952751498999987, 10.379427615999987 ], [ 123.953024906, 10.378296047 ], [ 123.953777033000051, 10.377480715 ], [ 123.954380110999978, 10.377196627999979 ], [ 123.950885127, 10.374210963 ], [ 123.951063628000043, 10.373969988 ], [ 123.950801826999964, 10.373470187 ], [ 123.950033830000052, 10.373044928000013 ], [ 123.949774057000013, 10.371953139000027 ], [ 123.948628866000035, 10.370402077 ], [ 123.948013685999967, 10.370137450000016 ], [ 123.948564197999985, 10.369362476999981 ], [ 123.947859071000039, 10.368687661000024 ], [ 123.948216173, 10.368064004000018 ], [ 123.947272535000025, 10.366966761000015 ], [ 123.946351710000044, 10.366939724000019 ], [ 123.946169334000047, 10.366784947999975 ], [ 123.945506375000036, 10.367042506000018 ], [ 123.945107033, 10.366728697999974 ], [ 123.943269978999979, 10.367343753 ], [ 123.943485579000026, 10.367849041999989 ], [ 123.942664292000018, 10.369924729 ], [ 123.942772249999962, 10.370816092999974 ], [ 123.942543991999969, 10.371119045 ], [ 123.942633959999966, 10.372033809000015 ], [ 123.942428970000037, 10.372347886999989 ], [ 123.942323164999948, 10.373278562 ], [ 123.942555557, 10.373720741999989 ], [ 123.940481549999959, 10.373534935 ], [ 123.940664557, 10.37518516 ], [ 123.938021641999967, 10.379191035000019 ], [ 123.936391363999974, 10.380241737 ], [ 123.93451690500001, 10.380570191 ], [ 123.932101370000055, 10.38041580700002 ], [ 123.931939546999956, 10.381336647000012 ], [ 123.931050821999975, 10.382095518000028 ], [ 123.930585810000025, 10.382258528000023 ], [ 123.930134572000043, 10.382888846000014 ], [ 123.933913411000049, 10.384170858 ], [ 123.941239299000017, 10.387130942999988 ], [ 123.948867080000014, 10.383447876999981 ] ] ] } },
{ "type": "Feature", "properties": { "adm4_pcode": "PH0702219004", "barangay": "Danglag", "lgu": "Consolacion", "area_sqkm": 1.53526905, "price_per_sqm": 140904, "price_q25": 121915, "price_q75": 149635, "point_count": 15, "confident_point_count": 15, "low_conf_share": 0.0, "dist_to_listing_m": 2083, "nearest_grid_m": 0, "fallback_nearest": false, "low_confidence": false, "price_label": "PHP 140,904 /sqm", "confidence_label": "Grounded in nearby listings" }, "geometry": { "type": "Polygon", "coordinates": [ [ [ 123.955917903, 10.402813837 ], [ 123.962173208999957, 10.393387169 ], [ 123.961699271000043, 10.392800949 ], [ 123.961304969000025, 10.39272223 ], [ 123.961882275, 10.391032547 ], [ 123.961713348999979, 10.390781628000013 ], [ 123.961318770000048, 10.390758791 ], [ 123.961064768000028, 10.390235132999976 ], [ 123.96138505600004, 10.389805411999987 ], [ 123.960429761, 10.389427851999983 ], [ 123.959666877000018, 10.388715467 ], [ 123.959589166, 10.388132725999981 ], [ 123.95998647600004, 10.387558061999982 ], [ 123.960004756999979, 10.386525579000022 ], [ 123.958928755999978, 10.387262641 ], [ 123.959274908999987, 10.387475414 ], [ 123.959313017999989, 10.387843797000016 ], [ 123.955987907, 10.389204634 ], [ 123.947596943, 10.400893531 ], [ 123.953470118000041, 10.405784515999983 ], [ 123.955917903, 10.402813837 ] ] ] } },
{ "type": "Feature", "properties": { "adm4_pcode": "PH0702219005", "barangay": "Garing", "lgu": "Consolacion", "area_sqkm": 2.14652914, "price_per_sqm": 146353, "price_q25": 129232, "price_q75": 148493, "point_count": 21, "confident_point_count": 21, "low_conf_share": 0.0, "dist_to_listing_m": 3326, "nearest_grid_m": 0, "fallback_nearest": false, "low_confidence": false, "price_label": "PHP 146,353 /sqm", "confidence_label": "Grounded in nearby listings" }, "geometry": { "type": "Polygon", "coordinates": [ [ [ 123.951207483999951, 10.422821108999983 ], [ 123.950875784, 10.421660157000019 ], [ 123.951057182999989, 10.420126041 ], [ 123.951357786000017, 10.420022384999982 ], [ 123.95279342799995, 10.420271160000027 ], [ 123.952814159000013, 10.419908363 ], [ 123.952233683000031, 10.419193134000011 ], [ 123.952503190000016, 10.416746842 ], [ 123.953119946000015, 10.415269737000017 ], [ 123.953459507000048, 10.414931449999983 ], [ 123.953659594999976, 10.413653968 ], [ 123.954306030999987, 10.413446185 ], [ 123.954598466999983, 10.413138358000026 ], [ 123.955061685000032, 10.411410651999972 ], [ 123.955662583000048, 10.410793155000022 ], [ 123.955609464999952, 10.408900824 ], [ 123.955450111, 10.408485838999979 ], [ 123.955636024, 10.407566233000011 ], [ 123.947596943, 10.400893531 ], [ 123.945808858999953, 10.403087551999988 ], [ 123.944776308999963, 10.404859595 ], [ 123.943592456000033, 10.420542171000022 ], [ 123.951606562000052, 10.423386036000011 ], [ 123.951207483999951, 10.422821108999983 ] ] ] } },
{ "type": "Feature", "properties": { "adm4_pcode": "PH0702219006", "barangay": "Jugan", "lgu": "Consolacion", "area_sqkm": 1.67506323, "price_per_sqm": 160245, "price_q25": 118076, "price_q75": 164330, "point_count": 15, "confident_point_count": 15, "low_conf_share": 0.0, "dist_to_listing_m": 771, "nearest_grid_m": 0, "fallback_nearest": false, "low_confidence": false, "price_label": "PHP 160,245 /sqm", "confidence_label": "Grounded in nearby listings" }, "geometry": { "type": "Polygon", "coordinates": [ [ [ 123.973533278, 10.381635839000012 ], [ 123.97709356200005, 10.378452192999987 ], [ 123.98199428099997, 10.375757124000017 ], [ 123.982064133, 10.372474066999985 ], [ 123.980217531999983, 10.370742292999978 ], [ 123.980062599, 10.370411768999986 ], [ 123.980217531999983, 10.369564801000024 ], [ 123.979783719000011, 10.368883095 ], [ 123.980008176999945, 10.368525117 ], [ 123.979825034999976, 10.368041291 ], [ 123.978590733000033, 10.367220144999976 ], [ 123.978404813, 10.367524847000027 ], [ 123.974088880999943, 10.366678971999988 ], [ 123.973293356, 10.366944107999984 ], [ 123.972984249999968, 10.366838272 ], [ 123.971369678999963, 10.367622741 ], [ 123.971281143000056, 10.368511359000024 ], [ 123.967053866000015, 10.374396597999976 ], [ 123.97047532299996, 10.378279239 ], [ 123.971320526, 10.378852848 ], [ 123.972547434000035, 10.380704256 ], [ 123.973533278, 10.381635839000012 ] ] ] } },
{ "type": "Feature", "properties": { "adm4_pcode": "PH0702219007", "barangay": "Lamac", "lgu": "Consolacion", "area_sqkm": 1.74050672, "price_per_sqm": 122177, "price_q25": 120937, "price_q75": 141666, "point_count": 15, "confident_point_count": 15, "low_conf_share": 0.0, "dist_to_listing_m": 611, "nearest_grid_m": 0, "fallback_nearest": false, "low_confidence": false, "price_label": "PHP 122,177 /sqm", "confidence_label": "Grounded in nearby listings" }, "geometry": { "type": "Polygon", "coordinates": [ [ [ 123.967251434, 10.39819588 ], [ 123.967871455000022, 10.397435679000012 ], [ 123.968675749, 10.395051720000026 ], [ 123.96831028400004, 10.394116634 ], [ 123.966157942, 10.391183254 ], [ 123.966243675999976, 10.390495252 ], [ 123.972089514, 10.389655769 ], [ 123.973146424999982, 10.390660718999982 ], [ 123.974154078999959, 10.391010548999986 ], [ 123.976183716000037, 10.389030597999977 ], [ 123.971554487000049, 10.385978924000028 ], [ 123.971523137999952, 10.385604559 ], [ 123.970150321, 10.383804516999987 ], [ 123.969881561999955, 10.383951001000014 ], [ 123.969003886, 10.383759887 ], [ 123.96763848, 10.381978016 ], [ 123.968699663000052, 10.380907614000023 ], [ 123.967362190000017, 10.380468028999985 ], [ 123.964056476999986, 10.378821236000022 ], [ 123.963047090000032, 10.381025981 ], [ 123.961481039999967, 10.381120838000015 ], [ 123.961223927, 10.381441083000027 ], [ 123.961161141000048, 10.382438929999978 ], [ 123.960587424999972, 10.383530512999982 ], [ 123.961254296999982, 10.384855022000011 ], [ 123.960773941999946, 10.385327166000025 ], [ 123.960687723999968, 10.385971744000017 ], [ 123.960004756999979, 10.386525579000022 ], [ 123.95998647600004, 10.387558061999982 ], [ 123.959589166, 10.388132725999981 ], [ 123.959666877000018, 10.388715467 ], [ 123.960429761, 10.389427851999983 ], [ 123.96138505600004, 10.389805411999987 ], [ 123.961064768000028, 10.390235132999976 ], [ 123.961318770000048, 10.390758791 ], [ 123.961713348999979, 10.390781628000013 ], [ 123.961882275, 10.391032547 ], [ 123.961304969000025, 10.39272223 ], [ 123.961699271000043, 10.392800949 ], [ 123.962110060999976, 10.393194256000015 ], [ 123.962341633000051, 10.393982428000015 ], [ 123.962858223000012, 10.394532227000013 ], [ 123.964104142, 10.396595686000012 ], [ 123.96507821, 10.39720816099998 ], [ 123.965401051999947, 10.396719496 ], [ 123.966067130000056, 10.397461858999975 ], [ 123.967251434, 10.39819588 ] ] ] } },
{ "type": "Feature", "properties": { "adm4_pcode": "PH0702219008", "barangay": "Lanipga", "lgu": "Consolacion", "area_sqkm": 3.71165739, "price_per_sqm": 164632, "price_q25": 164632, "price_q75": 164632, "point_count": 19, "confident_point_count": 4, "low_conf_share": 0.789, "dist_to_listing_m": 5321, "nearest_grid_m": 0, "fallback_nearest": false, "low_confidence": true, "price_label": "PHP 164,632 /sqm", "confidence_label": "Low confidence · median grid cell 5.3 km from listing" }, "geometry": { "type": "Polygon", "coordinates": [ [ [ 123.936442815999953, 10.462126214000023 ], [ 123.939264255000012, 10.45188095200001 ], [ 123.938589296000032, 10.439196196000012 ], [ 123.938247055000033, 10.437238163000018 ], [ 123.923307814000054, 10.437007509000011 ], [ 123.925021099, 10.453210232 ], [ 123.924984141999971, 10.454438727000024 ], [ 123.936442815999953, 10.462126214000023 ] ] ] } },
{ "type": "Feature", "properties": { "adm4_pcode": "PH0702219009", "barangay": "Nangka", "lgu": "Consolacion", "area_sqkm": 1.01952593, "price_per_sqm": 155303, "price_q25": 145772, "price_q75": 164074, "point_count": 10, "confident_point_count": 10, "low_conf_share": 0.0, "dist_to_listing_m": 301, "nearest_grid_m": 0, "fallback_nearest": false, "low_confidence": false, "price_label": "PHP 155,303 /sqm", "confidence_label": "Grounded in nearby listings" }, "geometry": { "type": "Polygon", "coordinates": [ [ [ 123.962800529999981, 10.375563003000025 ], [ 123.963725031999957, 10.374741917 ], [ 123.965350036000018, 10.373850173 ], [ 123.965843718999963, 10.373840299 ], [ 123.96628145, 10.374126634999982 ], [ 123.96665994, 10.374011441999983 ], [ 123.967053866000015, 10.374396597999976 ], [ 123.971281143000056, 10.368511359000024 ], [ 123.971369678999963, 10.367622741 ], [ 123.972465242, 10.367125518000023 ], [ 123.972279669000045, 10.366683233 ], [ 123.972147836999966, 10.363447826000026 ], [ 123.971846274999962, 10.363344288 ], [ 123.970415886999945, 10.364373038999986 ], [ 123.969936674999985, 10.365033771000014 ], [ 123.969159770000033, 10.365389549999975 ], [ 123.969116204999978, 10.365745329 ], [ 123.969522809999944, 10.366064804000018 ], [ 123.968862078000029, 10.366681971 ], [ 123.967910912999969, 10.366681971 ], [ 123.967228398999964, 10.366202758999975 ], [ 123.96663657199997, 10.366519148 ], [ 123.966294073999961, 10.367056563 ], [ 123.965444790999982, 10.367215282000018 ], [ 123.96521088999998, 10.367479812 ], [ 123.964791981999952, 10.367228462000014 ], [ 123.961814402999948, 10.368612541 ], [ 123.959325526000043, 10.369409749999988 ], [ 123.957734348000031, 10.370597453000016 ], [ 123.956637115000035, 10.370999096 ], [ 123.956979049999973, 10.371160369 ], [ 123.95712314900004, 10.371706602000017 ], [ 123.959606215, 10.373448274999987 ], [ 123.960156086999973, 10.374357678000024 ], [ 123.960674088000019, 10.374576925999975 ], [ 123.961490227000013, 10.375327303 ], [ 123.962800529999981, 10.375563003000025 ] ] ] } },
{ "type": "Feature", "properties": { "adm4_pcode": "PH0702219010", "barangay": "Panas", "lgu": "Consolacion", "area_sqkm": 2.80705226, "price_per_sqm": 144835, "price_q25": 142536, "price_q75": 164632, "point_count": 27, "confident_point_count": 27, "low_conf_share": 0.0, "dist_to_listing_m": 3951, "nearest_grid_m": 0, "fallback_nearest": false, "low_confidence": false, "price_label": "PHP 144,835 /sqm", "confidence_label": "Grounded in nearby listings" }, "geometry": { "type": "Polygon", "coordinates": [ [ [ 123.941841555999986, 10.426217883 ], [ 123.932018352, 10.423033513 ], [ 123.923923350999985, 10.419652785999972 ], [ 123.924320391000037, 10.428897135999989 ], [ 123.923039355000014, 10.43483611 ], [ 123.923307814000054, 10.437007509000011 ], [ 123.938247055000033, 10.437238163000018 ], [ 123.941841555999986, 10.426217883 ] ] ] } },
{ "type": "Feature", "properties": { "adm4_pcode": "PH0702219011", "barangay": "Panoypoy", "lgu": "Consolacion", "area_sqkm": 1.1184515, "price_per_sqm": 135933, "price_q25": 133011, "price_q75": 152912, "point_count": 10, "confident_point_count": 10, "low_conf_share": 0.0, "dist_to_listing_m": 2221, "nearest_grid_m": 0, "fallback_nearest": false, "low_confidence": false, "price_label": "PHP 135,933 /sqm", "confidence_label": "Grounded in nearby listings" }, "geometry": { "type": "Polygon", "coordinates": [ [ [ 123.932018352, 10.423033513 ], [ 123.932598018000022, 10.412617091000016 ], [ 123.932908040000029, 10.411108676000026 ], [ 123.923415733999946, 10.410396202000015 ], [ 123.923923350999985, 10.419652785999972 ], [ 123.932018352, 10.423033513 ] ] ] } },
{ "type": "Feature", "properties": { "adm4_pcode": "PH0702219012", "barangay": "Pitogo", "lgu": "Consolacion", "area_sqkm": 0.70100624, "price_per_sqm": 152608, "price_q25": 121388, "price_q75": 157115, "point_count": 8, "confident_point_count": 8, "low_conf_share": 0.0, "dist_to_listing_m": 290, "nearest_grid_m": 0, "fallback_nearest": false, "low_confidence": false, "price_label": "PHP 152,608 /sqm", "confidence_label": "Grounded in nearby listings" }, "geometry": { "type": "Polygon", "coordinates": [ [ [ 123.973713472999975, 10.38736996 ], [ 123.976399743, 10.384094410999978 ], [ 123.974016471000027, 10.382165543999974 ], [ 123.972547434000035, 10.380704256 ], [ 123.971320526, 10.378852848 ], [ 123.97047532299996, 10.378279239 ], [ 123.967053866000015, 10.374396597999976 ], [ 123.964056476999986, 10.378821236000022 ], [ 123.967362190000017, 10.380468028999985 ], [ 123.968699663000052, 10.380907614000023 ], [ 123.96765756800005, 10.381910656 ], [ 123.967784056000028, 10.382260702 ], [ 123.969003886, 10.383759887 ], [ 123.969881561999955, 10.383951001000014 ], [ 123.970150321, 10.383804516999987 ], [ 123.971523137999952, 10.385604559 ], [ 123.971554487000049, 10.385978924000028 ], [ 123.973713472999975, 10.38736996 ] ] ] } },
{ "type": "Feature", "properties": { "adm4_pcode": "PH0702219013", "barangay": "Poblacion Occidental", "lgu": "Consolacion", "area_sqkm": 0.55833433, "price_per_sqm": 162013, "price_q25": 157298, "price_q75": 168661, "point_count": 4, "confident_point_count": 4, "low_conf_share": 0.0, "dist_to_listing_m": 753, "nearest_grid_m": 0, "fallback_nearest": false, "low_confidence": false, "price_label": "PHP 162,013 /sqm", "confidence_label": "Grounded in nearby listings" }, "geometry": { "type": "Polygon", "coordinates": [ [ [ 123.95877980399996, 10.379835422999975 ], [ 123.958725192999964, 10.378595749 ], [ 123.959383417000026, 10.37842353000002 ], [ 123.96002936900004, 10.376965735999988 ], [ 123.958873166999979, 10.376338413999974 ], [ 123.957427839000047, 10.376129434 ], [ 123.956227373000047, 10.375410734000013 ], [ 123.955026907000047, 10.373936478000019 ], [ 123.953168863999963, 10.370068280999988 ], [ 123.951352921999955, 10.369800954000027 ], [ 123.949316487000033, 10.368438325 ], [ 123.949267873000053, 10.368064473 ], [ 123.948146399000052, 10.367633722999983 ], [ 123.947974817000045, 10.367243385999984 ], [ 123.947272535000025, 10.366966761000015 ], [ 123.948216173, 10.368064004000018 ], [ 123.947859071000039, 10.368687661000024 ], [ 123.948564197999985, 10.369362476999981 ], [ 123.948013685999967, 10.370137450000016 ], [ 123.948628866000035, 10.370402077 ], [ 123.949774057000013, 10.371953139000027 ], [ 123.950033830000052, 10.373044928000013 ], [ 123.950801826999964, 10.373470187 ], [ 123.951063628000043, 10.373969988 ], [ 123.950885127, 10.374210963 ], [ 123.958454118999953, 10.380583372999979 ], [ 123.95877980399996, 10.379835422999975 ] ] ] } },
{ "type": "Feature", "properties": { "adm4_pcode": "PH0702219014", "barangay": "Poblacion Oriental", "lgu": "Consolacion", "area_sqkm": 0.29466279, "price_per_sqm": 169897, "price_q25": 164601, "price_q75": 175193, "point_count": 2, "confident_point_count": 2, "low_conf_share": 0.0, "dist_to_listing_m": 708, "nearest_grid_m": 0, "fallback_nearest": false, "low_confidence": false, "price_label": "PHP 169,897 /sqm", "confidence_label": "Grounded in nearby listings" }, "geometry": { "type": "Polygon", "coordinates": [ [ [ 123.960034114, 10.37652695700001 ], [ 123.960402698000053, 10.374432386000024 ], [ 123.96011678900004, 10.374320837000027 ], [ 123.959606215, 10.373448274999987 ], [ 123.95712314900004, 10.371706602000017 ], [ 123.956979049999973, 10.371160369 ], [ 123.956637115000035, 10.370999096 ], [ 123.955850117999944, 10.369975033 ], [ 123.953168863999963, 10.370068280999988 ], [ 123.955026907000047, 10.373936478000019 ], [ 123.956416920000038, 10.375568690000023 ], [ 123.957641079000041, 10.376192617000015 ], [ 123.960034114, 10.37652695700001 ] ] ] } },
{ "type": "Feature", "properties": { "adm4_pcode": "PH0702219015", "barangay": "Polog", "lgu": "Consolacion", "area_sqkm": 2.68985142, "price_per_sqm": 133732, "price_q25": 129388, "price_q75": 149128, "point_count": 24, "confident_point_count": 24, "low_conf_share": 0.0, "dist_to_listing_m": 2700, "nearest_grid_m": 0, "fallback_nearest": false, "low_confidence": false, "price_label": "PHP 133,732 /sqm", "confidence_label": "Grounded in nearby listings" }, "geometry": { "type": "Polygon", "coordinates": [ [ [ 123.941841555999986, 10.426217883 ], [ 123.943255654000041, 10.42552456300001 ], [ 123.943452438, 10.425247693000017 ], [ 123.943246500999976, 10.424632170999985 ], [ 123.942818611, 10.424311825000018 ], [ 123.94282547499995, 10.423675709 ], [ 123.941635618999953, 10.422138049000012 ], [ 123.941637892000017, 10.421833407 ], [ 123.942358313, 10.421425219000014 ], [ 123.943415287999983, 10.421359092999978 ], [ 123.943746751000049, 10.421025629999974 ], [ 123.943585598000027, 10.420381018 ], [ 123.944776308999963, 10.404859595 ], [ 123.937399623000033, 10.403239773999985 ], [ 123.932908040000029, 10.411108676000026 ], [ 123.932598018000022, 10.412617091000016 ], [ 123.932018352, 10.423033513 ], [ 123.941841555999986, 10.426217883 ] ] ] } },
{ "type": "Feature", "properties": { "adm4_pcode": "PH0702219016", "barangay": "Pulpogan", "lgu": "Consolacion", "area_sqkm": 1.05454008, "price_per_sqm": 158190, "price_q25": 157448, "price_q75": 165530, "point_count": 10, "confident_point_count": 10, "low_conf_share": 0.0, "dist_to_listing_m": 1273, "nearest_grid_m": 0, "fallback_nearest": false, "low_confidence": false, "price_label": "PHP 158,190 /sqm", "confidence_label": "Grounded in nearby listings" }, "geometry": { "type": "Polygon", "coordinates": [ [ [ 123.955987907, 10.389204634 ], [ 123.959313017999989, 10.387843797000016 ], [ 123.959274908999987, 10.387475414 ], [ 123.958928755999978, 10.387262641 ], [ 123.960687723999968, 10.385971744000017 ], [ 123.960773941999946, 10.385327166000025 ], [ 123.961283036000054, 10.384670270000015 ], [ 123.960587424999972, 10.383530512999982 ], [ 123.961161141000048, 10.382438929999978 ], [ 123.961181322000016, 10.381546474 ], [ 123.961481039999967, 10.381120838000015 ], [ 123.958454118999953, 10.380583372999979 ], [ 123.954380110999978, 10.377196627999979 ], [ 123.953777033000051, 10.377480715 ], [ 123.953024906, 10.378296047 ], [ 123.952751498999987, 10.379427615999987 ], [ 123.951386616000036, 10.379757516999973 ], [ 123.950328992999971, 10.380375271999981 ], [ 123.950364571000023, 10.380889529 ], [ 123.949833539999986, 10.38133159 ], [ 123.950162741999975, 10.381954055 ], [ 123.949555991000011, 10.382435534000024 ], [ 123.948867080000014, 10.383447876999981 ], [ 123.955987907, 10.389204634 ] ] ] } },
{ "type": "Feature", "properties": { "adm4_pcode": "PH0702219017", "barangay": "Sacsac", "lgu": "Consolacion", "area_sqkm": 2.97435347, "price_per_sqm": 156587, "price_q25": 155043, "price_q75": 156776, "point_count": 27, "confident_point_count": 27, "low_conf_share": 0.0, "dist_to_listing_m": 1323, "nearest_grid_m": 0, "fallback_nearest": false, "low_confidence": false, "price_label": "PHP 156,587 /sqm", "confidence_label": "Grounded in nearby listings" }, "geometry": { "type": "Polygon", "coordinates": [ [ [ 123.937399623000033, 10.403239773999985 ], [ 123.941106045999959, 10.388455142999987 ], [ 123.941317175999984, 10.387556355000015 ], [ 123.941239299000017, 10.387130942999988 ], [ 123.933913411000049, 10.384170858 ], [ 123.930134572000043, 10.382888846000014 ], [ 123.929548942999986, 10.383518749000018 ], [ 123.928270365, 10.383716436999975 ], [ 123.927729432999968, 10.384058933 ], [ 123.927232792000041, 10.384920933999979 ], [ 123.927788699999951, 10.386432762000027 ], [ 123.92753353, 10.387716771999976 ], [ 123.926832999, 10.388025298 ], [ 123.926689402999955, 10.388518197999986 ], [ 123.924145907000025, 10.389812731 ], [ 123.923494246000018, 10.39824029 ], [ 123.923909176000052, 10.398314593 ], [ 123.923940792000053, 10.398709224000015 ], [ 123.92492878500002, 10.398911853000016 ], [ 123.937399623000033, 10.403239773999985 ] ] ] } },
{ "type": "Feature", "properties": { "adm4_pcode": "PH0702219018", "barangay": "Tayud", "lgu": "Consolacion", "area_sqkm": 4.73199456, "price_per_sqm": 124979, "price_q25": 118064, "price_q75": 137791, "point_count": 46, "confident_point_count": 46, "low_conf_share": 0.0, "dist_to_listing_m": 1063, "nearest_grid_m": 0, "fallback_nearest": false, "low_confidence": false, "price_label": "PHP 124,979 /sqm", "confidence_label": "Grounded in nearby listings" }, "geometry": { "type": "Polygon", "coordinates": [ [ [ 123.98199428099997, 10.375757124000017 ], [ 123.984672975999956, 10.373786908 ], [ 123.989402140000038, 10.369426649 ], [ 123.990052849, 10.368376292999983 ], [ 123.990816278000011, 10.368171346 ], [ 123.991871758, 10.366967279 ], [ 123.992348260999961, 10.366741837 ], [ 123.992660806, 10.36630119900002 ], [ 123.992855505999955, 10.365445544000011 ], [ 123.994336252000039, 10.364149250000025 ], [ 123.995962562000045, 10.360842325000021 ], [ 123.997605164999982, 10.359251004999976 ], [ 123.997662110999954, 10.358777600999986 ], [ 123.997373618999973, 10.358815091999986 ], [ 123.997405867, 10.359039818999975 ], [ 123.99687622099998, 10.35884921600001 ], [ 123.996914257999947, 10.358555333000027 ], [ 123.996685771999978, 10.358304701 ], [ 123.996493948999955, 10.358448782999972 ], [ 123.996221541999944, 10.358297558 ], [ 123.996202713, 10.358125068999982 ], [ 123.996407965, 10.35810626 ], [ 123.996185184999945, 10.357924727000011 ], [ 123.995531466999978, 10.357707354000013 ], [ 123.995219284999962, 10.357815597000013 ], [ 123.99475802500001, 10.357483509000019 ], [ 123.99458495500005, 10.357583778 ], [ 123.994398887999978, 10.357222589 ], [ 123.994219351999959, 10.357362640000019 ], [ 123.994067251000047, 10.356972804 ], [ 123.993899027, 10.357023744 ], [ 123.993651191000026, 10.356075192 ], [ 123.992938635999963, 10.355542309999976 ], [ 123.992524566000043, 10.355812867999987 ], [ 123.99225280600001, 10.355761979000022 ], [ 123.992232734000027, 10.35646069500001 ], [ 123.992454352999971, 10.356545007000022 ], [ 123.992269959000055, 10.356637318000026 ], [ 123.991104121000035, 10.356188941000028 ], [ 123.991111929999988, 10.356026137000015 ], [ 123.990509259999953, 10.355861786 ], [ 123.990438996999956, 10.356058379 ], [ 123.990352636000011, 10.355861055 ], [ 123.990115313000047, 10.355954740000016 ], [ 123.989820226, 10.35578118 ], [ 123.989784569, 10.355955202000018 ], [ 123.989336779000041, 10.355671796000024 ], [ 123.989657104, 10.354992797000023 ], [ 123.989363750000052, 10.354814654999984 ], [ 123.98919352300004, 10.355142420999982 ], [ 123.988617676999979, 10.354783763 ], [ 123.988693416000046, 10.354567046999989 ], [ 123.988443524, 10.354363965 ], [ 123.990039304999982, 10.350381873 ], [ 123.988275254999962, 10.354469793000021 ], [ 123.988063098, 10.35480796500002 ], [ 123.987712668999961, 10.354882981 ], [ 123.987154377000024, 10.354519854999978 ], [ 123.986490173, 10.354526352 ], [ 123.987838067999974, 10.350827069 ], [ 123.986900908000052, 10.350859566 ], [ 123.986741876999986, 10.351703992000012 ], [ 123.987089239000056, 10.351037202999976 ], [ 123.987444353, 10.351040222999984 ], [ 123.987537005000036, 10.351315130999978 ], [ 123.986522745, 10.354122255 ], [ 123.985926747, 10.353753202 ], [ 123.986045514000011, 10.353044207999972 ], [ 123.986647610999967, 10.351845812000022 ], [ 123.985901926, 10.353123193999977 ], [ 123.985709251, 10.354183933 ], [ 123.985377091000032, 10.35419792 ], [ 123.985177324, 10.353878613 ], [ 123.98454373200002, 10.353983030999984 ], [ 123.98439948500004, 10.35355497 ], [ 123.984179437999956, 10.353452122000022 ], [ 123.986631840999962, 10.351649055 ], [ 123.984718898999972, 10.352990418 ], [ 123.984239904, 10.352204289999975 ], [ 123.985670971, 10.351287387000013 ], [ 123.984150801000055, 10.352074479 ], [ 123.983990762999952, 10.35178742 ], [ 123.985453495, 10.350923624000018 ], [ 123.985393584, 10.350685049 ], [ 123.984880785999962, 10.350886280999987 ], [ 123.984598804000029, 10.35060891 ], [ 123.986110578999956, 10.34980241 ], [ 123.986027295999975, 10.34964863099998 ], [ 123.984715642999959, 10.350353722000023 ], [ 123.984473106, 10.35003036 ], [ 123.982954848999952, 10.350858248 ], [ 123.98275468199995, 10.350511888000028 ], [ 123.984493273999988, 10.349369632999981 ], [ 123.98174343200003, 10.350972572999979 ], [ 123.981295745000011, 10.35053892000002 ], [ 123.981887770999947, 10.348443780000025 ], [ 123.981707622000044, 10.348563362999982 ], [ 123.981249184000035, 10.350097891000019 ], [ 123.981065530000024, 10.350141853000025 ], [ 123.980242413000042, 10.350056838 ], [ 123.979869224000026, 10.348849410000014 ], [ 123.979567512000017, 10.348823471 ], [ 123.980181170000037, 10.350354442000025 ], [ 123.979955615999984, 10.350463938000019 ], [ 123.979210053999964, 10.348766792999982 ], [ 123.979100206999988, 10.348835948999977 ], [ 123.979687497999976, 10.350281933000019 ], [ 123.979447298999958, 10.350332357000013 ], [ 123.978833481000038, 10.348872191999988 ], [ 123.978997507000031, 10.34950038 ], [ 123.978862760999959, 10.349558469999977 ], [ 123.978527410999959, 10.349031899000011 ], [ 123.979308025000023, 10.350755634999985 ], [ 123.979139592000024, 10.350820468 ], [ 123.978777843999978, 10.349968956 ], [ 123.978933085999984, 10.350437215 ], [ 123.978808595000032, 10.350393989 ], [ 123.978241811999965, 10.348968610999975 ], [ 123.978698744999974, 10.350548194999988 ], [ 123.978527383000028, 10.350598618999982 ], [ 123.977840635, 10.349072443000011 ], [ 123.977656088, 10.349337543 ], [ 123.978167069000051, 10.350579298000014 ], [ 123.977904899, 10.350687353000012 ], [ 123.977147091, 10.349205397999981 ], [ 123.976797039999951, 10.349516602 ], [ 123.975354107000044, 10.349606112 ], [ 123.975909158000036, 10.350927598 ], [ 123.975526189, 10.351297124999974 ], [ 123.975427213999978, 10.351161725 ], [ 123.974748233000014, 10.351540960000023 ], [ 123.974574354999959, 10.351184677 ], [ 123.974853780999979, 10.350556031999986 ], [ 123.974556829999983, 10.351155574000018 ], [ 123.974417612000025, 10.350851966999983 ], [ 123.974641538000014, 10.350745661000019 ], [ 123.97456462599996, 10.350614448999977 ], [ 123.975336166000034, 10.349286326000026 ], [ 123.974624415999983, 10.350313492 ], [ 123.974471565000044, 10.350215799000011 ], [ 123.975042096000038, 10.349231034000013 ], [ 123.974672135999981, 10.349180268999987 ], [ 123.97384475299998, 10.350579971 ], [ 123.973661720999985, 10.350461207000023 ], [ 123.974455209999974, 10.349124846 ], [ 123.974350063999964, 10.349060677000011 ], [ 123.973746367, 10.350162168999987 ], [ 123.973575990999962, 10.350062561000016 ], [ 123.974144540999987, 10.348987138999973 ], [ 123.973627570999952, 10.348935413999982 ], [ 123.973531288, 10.349578194 ], [ 123.973083129999964, 10.349286184999983 ], [ 123.972905419999961, 10.350736472999984 ], [ 123.972703675000048, 10.35066845 ], [ 123.972844679, 10.349241171000017 ], [ 123.972568795000029, 10.349320073 ], [ 123.972544934999974, 10.349587749000023 ], [ 123.972256613000013, 10.349525273999973 ], [ 123.972002582999949, 10.349756426 ], [ 123.97181332699995, 10.35031619199998 ], [ 123.971645666999962, 10.350244971 ], [ 123.971780261000049, 10.349447758999986 ], [ 123.971582115000047, 10.349913812000011 ], [ 123.971356027999946, 10.350015019000011 ], [ 123.971001947, 10.349722637000013 ], [ 123.969880673000034, 10.349672293000026 ], [ 123.970687210000051, 10.350044647 ], [ 123.970649104000017, 10.350234565999983 ], [ 123.96958599200002, 10.350148339999976 ], [ 123.969311385999958, 10.351922514000023 ], [ 123.969507944000043, 10.352791861000014 ], [ 123.969855739999957, 10.353023235000023 ], [ 123.969661132000056, 10.353137178999987 ], [ 123.970522250000045, 10.355259435999983 ], [ 123.971390773000053, 10.354724345000022 ], [ 123.971609253999986, 10.354734257000018 ], [ 123.971601445000033, 10.354878575999976 ], [ 123.971854845000053, 10.354673633 ], [ 123.972101856999984, 10.354818102000024 ], [ 123.971653608, 10.355040041999985 ], [ 123.971722968999984, 10.355263406 ], [ 123.971477476000018, 10.355161474 ], [ 123.971309023, 10.355354315 ], [ 123.971480249000024, 10.355541139000024 ], [ 123.971314602, 10.356042929000012 ], [ 123.971627084000033, 10.356321638 ], [ 123.971604047000028, 10.357139409000013 ], [ 123.971754617999977, 10.357340336999982 ], [ 123.971563439999954, 10.357298781999987 ], [ 123.971862961000056, 10.357705077 ], [ 123.97091508799997, 10.357637572999977 ], [ 123.970769145999952, 10.358046731 ], [ 123.97159702099998, 10.35826559100002 ], [ 123.971650696999973, 10.357932483000013 ], [ 123.972065532999977, 10.357902441000022 ], [ 123.972097788000042, 10.358152712 ], [ 123.972172411999964, 10.358012486 ], [ 123.973061, 10.358890814 ], [ 123.973195124999961, 10.359501382000019 ], [ 123.972836968000024, 10.359586574 ], [ 123.972963134999986, 10.359954854000023 ], [ 123.972794562999979, 10.36004083 ], [ 123.973079706000021, 10.360115912000026 ], [ 123.973212396, 10.360738775000016 ], [ 123.973611462, 10.361046714999986 ], [ 123.973502147999966, 10.36118597 ], [ 123.974396125, 10.363945879000028 ], [ 123.974007122999978, 10.364623988 ], [ 123.973990413000024, 10.365960545 ], [ 123.974589939999987, 10.366897527 ], [ 123.978404813, 10.367524847000027 ], [ 123.978590733000033, 10.367220144999976 ], [ 123.97949451, 10.367715931000021 ], [ 123.979401550000034, 10.367845042 ], [ 123.979825034999976, 10.368041291 ], [ 123.980008176999945, 10.368525117 ], [ 123.979783719000011, 10.368883095 ], [ 123.980217531999983, 10.369564801000024 ], [ 123.980062599, 10.370411768999986 ], [ 123.980217531999983, 10.370742292999978 ], [ 123.982064133, 10.372474066999985 ], [ 123.98199428099997, 10.375757124000017 ] ] ] } },
{ "type": "Feature", "properties": { "adm4_pcode": "PH0702219019", "barangay": "Tilhaong", "lgu": "Consolacion", "area_sqkm": 0.6995439, "price_per_sqm": 118862, "price_q25": 116373, "price_q75": 122304, "point_count": 6, "confident_point_count": 6, "low_conf_share": 0.0, "dist_to_listing_m": 1665, "nearest_grid_m": 0, "fallback_nearest": false, "low_confidence": false, "price_label": "PHP 118,862 /sqm", "confidence_label": "Grounded in nearby listings" }, "geometry": { "type": "Polygon", "coordinates": [ [ [ 123.958094863000042, 10.406085629000017 ], [ 123.963133243000016, 10.399172135000015 ], [ 123.965685099999973, 10.398288562 ], [ 123.966670624000017, 10.398409049 ], [ 123.967251434, 10.39819588 ], [ 123.966067130000056, 10.397461858999975 ], [ 123.965401051999947, 10.396719496 ], [ 123.96507821, 10.39720816099998 ], [ 123.964104142, 10.396595686000012 ], [ 123.962858223000012, 10.394532227000013 ], [ 123.962341633000051, 10.393982428000015 ], [ 123.962173208999957, 10.393387169 ], [ 123.955917903, 10.402813837 ], [ 123.953470118000041, 10.405784515999983 ], [ 123.955636024, 10.407566233000011 ], [ 123.958094863000042, 10.406085629000017 ] ] ] } },
{ "type": "Feature", "properties": { "adm4_pcode": "PH0702219020", "barangay": "Tolotolo", "lgu": "Consolacion", "area_sqkm": 2.70763003, "price_per_sqm": 151177, "price_q25": 142870, "price_q75": 155491, "point_count": 26, "confident_point_count": 26, "low_conf_share": 0.0, "dist_to_listing_m": 2335, "nearest_grid_m": 0, "fallback_nearest": false, "low_confidence": false, "price_label": "PHP 151,177 /sqm", "confidence_label": "Grounded in nearby listings" }, "geometry": { "type": "Polygon", "coordinates": [ [ [ 123.945808858999953, 10.403087551999988 ], [ 123.947596943, 10.400893531 ], [ 123.955972181999982, 10.389350052999987 ], [ 123.955987907, 10.389204634 ], [ 123.948867080000014, 10.383447876999981 ], [ 123.941239299000017, 10.387130942999988 ], [ 123.941317175999984, 10.387556355000015 ], [ 123.941106045999959, 10.388455142999987 ], [ 123.937399623000033, 10.403239773999985 ], [ 123.944776308999963, 10.404859595 ], [ 123.945808858999953, 10.403087551999988 ] ] ] } },
{ "type": "Feature", "properties": { "adm4_pcode": "PH0702219021", "barangay": "Tugbongan", "lgu": "Consolacion", "area_sqkm": 1.19071545, "price_per_sqm": 150436, "price_q25": 146839, "price_q75": 179924, "point_count": 12, "confident_point_count": 12, "low_conf_share": 0.0, "dist_to_listing_m": 745, "nearest_grid_m": 0, "fallback_nearest": false, "low_confidence": false, "price_label": "PHP 150,436 /sqm", "confidence_label": "Grounded in nearby listings" }, "geometry": { "type": "Polygon", "coordinates": [ [ [ 123.956637115000035, 10.370999096 ], [ 123.957734348000031, 10.370597453000016 ], [ 123.959325526000043, 10.369409749999988 ], [ 123.961814402999948, 10.368612541 ], [ 123.964791981999952, 10.367228462000014 ], [ 123.96521088999998, 10.367479812 ], [ 123.965444790999982, 10.367215282000018 ], [ 123.966294073999961, 10.367056563 ], [ 123.96663657199997, 10.366519148 ], [ 123.967228398999964, 10.366202758999975 ], [ 123.967910912999969, 10.366681971 ], [ 123.968862078000029, 10.366681971 ], [ 123.969522809999944, 10.366064804000018 ], [ 123.969116204999978, 10.365745329 ], [ 123.969159770000033, 10.365389549999975 ], [ 123.969936674999985, 10.365033771000014 ], [ 123.970415886999945, 10.364373038999986 ], [ 123.971846274999962, 10.363344288 ], [ 123.971712680999985, 10.363178231 ], [ 123.972283047000019, 10.361922138000011 ], [ 123.971520491999968, 10.360418263999975 ], [ 123.97122235400002, 10.360434547000011 ], [ 123.971336799000028, 10.360197557 ], [ 123.970426134000036, 10.359491906000017 ], [ 123.969897621999962, 10.35938968 ], [ 123.969404327, 10.35959253599998 ], [ 123.968894690999946, 10.360656353000024 ], [ 123.968976453999971, 10.361101346 ], [ 123.968617031, 10.361040044999982 ], [ 123.967958856, 10.361481578 ], [ 123.967925543999968, 10.361680682999975 ], [ 123.967431665000049, 10.36175423200001 ], [ 123.966975340999966, 10.362679951000018 ], [ 123.967213675000039, 10.363275983999984 ], [ 123.967069414999969, 10.363331529999982 ], [ 123.966707806000045, 10.362702754999987 ], [ 123.966323975000023, 10.362647451999976 ], [ 123.967814428, 10.360858800000017 ], [ 123.967737081999985, 10.360396218 ], [ 123.966369402000055, 10.360031429 ], [ 123.96516589700002, 10.36059486900001 ], [ 123.96492970099996, 10.360322828 ], [ 123.965178882000032, 10.360113151 ], [ 123.965032511, 10.359759193 ], [ 123.964623583000048, 10.360110844000019 ], [ 123.964441672000021, 10.359698951999974 ], [ 123.962626544000045, 10.358975324000028 ], [ 123.961702629, 10.359280565 ], [ 123.961112949000039, 10.359977308999987 ], [ 123.960612328000025, 10.360180050999986 ], [ 123.960531363999962, 10.359921754000027 ], [ 123.96074488, 10.359571744 ], [ 123.959938521000026, 10.359759752 ], [ 123.95999988899996, 10.359465254999975 ], [ 123.959494372, 10.359527985 ], [ 123.959327515000041, 10.359366240999975 ], [ 123.95942077899997, 10.359146577999979 ], [ 123.960147154999959, 10.358987303999982 ], [ 123.960213394999982, 10.359257668999987 ], [ 123.960658903999956, 10.359117309 ], [ 123.960720241999979, 10.359295944999985 ], [ 123.961166862000027, 10.359254933999978 ], [ 123.96195460399997, 10.358805984000014 ], [ 123.961807369999974, 10.358748042 ], [ 123.961917803, 10.358656317999987 ], [ 123.961063818999946, 10.358909734 ], [ 123.960786537, 10.35866349600002 ], [ 123.960862621000047, 10.358472799000026 ], [ 123.960528887, 10.358451052000021 ], [ 123.960889627000029, 10.358248302999982 ], [ 123.96078305900005, 10.357971785000018 ], [ 123.959780826000042, 10.358090608 ], [ 123.959175237999943, 10.358396207999988 ], [ 123.95887024000001, 10.358997640999974 ], [ 123.958563355000024, 10.360540469999989 ], [ 123.95886026200003, 10.360750194 ], [ 123.958456113000011, 10.360921663999989 ], [ 123.958094277999976, 10.362013006999973 ], [ 123.958269359000042, 10.362398186 ], [ 123.958753752, 10.362386513999979 ], [ 123.958747916, 10.363022644000011 ], [ 123.959127259999946, 10.363612085999989 ], [ 123.959208965000016, 10.364166512 ], [ 123.959849101000032, 10.364836563999972 ], [ 123.956637115000035, 10.370999096 ] ] ] } },
{ "type": "Feature", "properties": { "adm4_pcode": "PH0702226001", "barangay": "Agus", "lgu": "Lapu-Lapu City", "area_sqkm": 2.1655273, "price_per_sqm": 247162, "price_q25": 143062, "price_q75": 254365, "point_count": 19, "confident_point_count": 19, "low_conf_share": 0.0, "dist_to_listing_m": 572, "nearest_grid_m": 0, "fallback_nearest": false, "low_confidence": false, "price_label": "PHP 247,162 /sqm", "confidence_label": "Grounded in nearby listings" }, "geometry": { "type": "Polygon", "coordinates": [ [ [ 123.984992371999965, 10.293676845999983 ], [ 123.985013236999976, 10.293045915999983 ], [ 123.985517110000046, 10.292009687000018 ], [ 123.986121231999959, 10.289983090000021 ], [ 123.987953775000051, 10.28835946800001 ], [ 123.991585561999955, 10.284509979 ], [ 123.99666387100001, 10.279585366999981 ], [ 123.996111351999957, 10.279081277999978 ], [ 123.995707528000025, 10.279322031 ], [ 123.995369994000043, 10.278933392 ], [ 123.995388822999985, 10.278256159000023 ], [ 123.995133861999989, 10.278601318000028 ], [ 123.994355574999986, 10.278963755 ], [ 123.993978172999959, 10.278927094999972 ], [ 123.99395640900002, 10.278445724 ], [ 123.993424453999978, 10.278237199999978 ], [ 123.993318822999981, 10.277751247000026 ], [ 123.995292381000013, 10.278107227000021 ], [ 123.993324804000054, 10.277690338000014 ], [ 123.991412825, 10.278728322 ], [ 123.992475270999989, 10.279705192999984 ], [ 123.992375744000014, 10.280090808000011 ], [ 123.992012343000056, 10.280053510000016 ], [ 123.991443509999954, 10.279088382999987 ], [ 123.990978997999946, 10.279268736 ], [ 123.990849423999975, 10.278908065 ], [ 123.990209100000015, 10.27887148100001 ], [ 123.99018697300005, 10.278619631000026 ], [ 123.989505979, 10.278059982 ], [ 123.989409675000047, 10.277576389999979 ], [ 123.989022573000057, 10.277374297 ], [ 123.988796623999974, 10.276942115 ], [ 123.988932488000046, 10.276416644999983 ], [ 123.988763413000015, 10.27574440799998 ], [ 123.989079368000034, 10.274269167999989 ], [ 123.988718368000036, 10.273167633000014 ], [ 123.988827636999986, 10.272503235999977 ], [ 123.989877075999971, 10.271675655000024 ], [ 123.990040914000019, 10.272265668999978 ], [ 123.990041949999977, 10.271474773000023 ], [ 123.988584388000049, 10.272630654000011 ], [ 123.987625108999964, 10.272525573999985 ], [ 123.987279361999981, 10.272098474000018 ], [ 123.984033686999965, 10.275087914999972 ], [ 123.982097483999951, 10.275628734 ], [ 123.981728897000039, 10.276042069000027 ], [ 123.980393527000047, 10.27660133 ], [ 123.979318934000048, 10.2766669 ], [ 123.978653093000048, 10.277359741 ], [ 123.979454297999951, 10.278409437999983 ], [ 123.977557546999947, 10.280065601 ], [ 123.978224111000031, 10.280724885999973 ], [ 123.978017162000015, 10.280937272000017 ], [ 123.979929815, 10.283129251 ], [ 123.981019704, 10.285668879000013 ], [ 123.981598719999965, 10.287622237 ], [ 123.982590049, 10.289408607999974 ], [ 123.982749830999978, 10.290436899999975 ], [ 123.983236272999989, 10.291071306 ], [ 123.983493453000051, 10.292749169999979 ], [ 123.984992371999965, 10.293676845999983 ] ] ] } },
{ "type": "Feature", "properties": { "adm4_pcode": "PH0702226002", "barangay": "Babag", "lgu": "Lapu-Lapu City", "area_sqkm": 3.77797007, "price_per_sqm": 143765, "price_q25": 136460, "price_q75": 147016, "point_count": 37, "confident_point_count": 37, "low_conf_share": 0.0, "dist_to_listing_m": 584, "nearest_grid_m": 0, "fallback_nearest": false, "low_confidence": false, "price_label": "PHP 143,765 /sqm", "confidence_label": "Grounded in nearby listings" }, "geometry": { "type": "Polygon", "coordinates": [ [ [ 123.954461315, 10.291345098000022 ], [ 123.954452327000013, 10.28947555100001 ], [ 123.955459005999955, 10.287839698000028 ], [ 123.955719663999957, 10.286913912999978 ], [ 123.955692699, 10.286347655999975 ], [ 123.955252277, 10.285664553 ], [ 123.955324183000016, 10.284792697 ], [ 123.955090489999975, 10.283786018 ], [ 123.955360135999967, 10.282087247 ], [ 123.955105012, 10.279580381000017 ], [ 123.954610970999966, 10.279987630999983 ], [ 123.953816499000027, 10.279547 ], [ 123.952474576999975, 10.279506942000012 ], [ 123.951860364000026, 10.279133073000025 ], [ 123.951112626000054, 10.278205077 ], [ 123.950765462000049, 10.277310463 ], [ 123.94992425800001, 10.276495963 ], [ 123.949790732999986, 10.275701491 ], [ 123.949496978999946, 10.275307594000026 ], [ 123.94836202, 10.27476014299998 ], [ 123.947594253000034, 10.273585127 ], [ 123.946393271000034, 10.273222934999978 ], [ 123.944943790000025, 10.272283261999974 ], [ 123.944162671999948, 10.271308531999978 ], [ 123.943825134, 10.270379971000011 ], [ 123.941893340999968, 10.268788656000027 ], [ 123.941925245, 10.267831522999984 ], [ 123.941627470999947, 10.26707645099998 ], [ 123.940159867000034, 10.266581933 ], [ 123.939336888999946, 10.265453475000015 ], [ 123.938593659000048, 10.265705399000012 ], [ 123.938091481000015, 10.265345036999975 ], [ 123.937253202999955, 10.265608697 ], [ 123.937399042000038, 10.266089584999975 ], [ 123.937225944000033, 10.266208101000018 ], [ 123.937473663999981, 10.266303315000016 ], [ 123.93723955300004, 10.266801441999974 ], [ 123.937415814000019, 10.267958072999988 ], [ 123.937034150000045, 10.267278455 ], [ 123.936604714000055, 10.268019708999987 ], [ 123.936441847999959, 10.267852714000014 ], [ 123.93627208800001, 10.268241718000013 ], [ 123.935866582000017, 10.268172489 ], [ 123.93546608500003, 10.268416187000014 ], [ 123.935309607000022, 10.268895874 ], [ 123.934764832000042, 10.269373298 ], [ 123.933821148, 10.268783064 ], [ 123.934376975999953, 10.267718315000025 ], [ 123.934331006999969, 10.266097345 ], [ 123.933893043000012, 10.266015853 ], [ 123.932317332000025, 10.264828931000011 ], [ 123.931619346000048, 10.26490858 ], [ 123.931533433000027, 10.264757318000022 ], [ 123.931718564, 10.264638634 ], [ 123.931363354000041, 10.263986422000016 ], [ 123.930307426000013, 10.263680874999977 ], [ 123.930304056999944, 10.263993122999977 ], [ 123.92984129599995, 10.263965384000016 ], [ 123.929545501, 10.263732765999976 ], [ 123.929609487999983, 10.264160663999974 ], [ 123.928983216, 10.264115557000025 ], [ 123.928549496999949, 10.264426430000015 ], [ 123.928286394999986, 10.263838432999989 ], [ 123.927898779999964, 10.264035395 ], [ 123.927729832999944, 10.263830374 ], [ 123.927144205, 10.264056142000015 ], [ 123.930953445, 10.267668335999986 ], [ 123.933078909999949, 10.270907544000011 ], [ 123.932983254999954, 10.271061218999989 ], [ 123.937032605000013, 10.275681092000013 ], [ 123.937113300999954, 10.276498143000026 ], [ 123.937789134000013, 10.277274847 ], [ 123.937768959999971, 10.278051549999986 ], [ 123.93797070100004, 10.278424771 ], [ 123.939382888999944, 10.279836960000011 ], [ 123.94067403300005, 10.280129483999985 ], [ 123.94078499, 10.280734708000011 ], [ 123.941309517000036, 10.281430715 ], [ 123.943357042, 10.282188678000011 ], [ 123.943052814, 10.282921139 ], [ 123.941961669999955, 10.28431107199998 ], [ 123.942985756999974, 10.285091254 ], [ 123.942651008999974, 10.285744866000016 ], [ 123.942702747, 10.286118597999973 ], [ 123.942420154000047, 10.286433430999978 ], [ 123.941909317999944, 10.286321918 ], [ 123.941327247, 10.287371539999981 ], [ 123.940884349000044, 10.287445664000018 ], [ 123.939882010000019, 10.290612281999984 ], [ 123.942625959999987, 10.289964581999982 ], [ 123.943810797999959, 10.28982163 ], [ 123.944136464000053, 10.289978151000014 ], [ 123.944981789000053, 10.289937437 ], [ 123.944939738000016, 10.289643986999977 ], [ 123.947342209999988, 10.290616449000026 ], [ 123.949054703, 10.291065098999979 ], [ 123.95040524, 10.290969142999984 ], [ 123.954461315, 10.291345098000022 ] ] ] } },
{ "type": "Feature", "properties": { "adm4_pcode": "PH0702226003", "barangay": "Bankal", "lgu": "Lapu-Lapu City", "area_sqkm": 2.44206665, "price_per_sqm": 75439, "price_q25": 73510, "price_q75": 84773, "point_count": 22, "confident_point_count": 22, "low_conf_share": 0.0, "dist_to_listing_m": 542, "nearest_grid_m": 0, "fallback_nearest": false, "low_confidence": false, "price_label": "PHP 75,439 /sqm", "confidence_label": "Grounded in nearby listings" }, "geometry": { "type": "Polygon", "coordinates": [ [ [ 123.984689431999982, 10.316802243999973 ], [ 123.987985256, 10.314074323 ], [ 123.989565717, 10.313462166000022 ], [ 123.98869042299998, 10.312571277000018 ], [ 123.989795679000053, 10.311213079000026 ], [ 123.990907313999969, 10.312762624000015 ], [ 123.992339504000029, 10.311747240999978 ], [ 123.992170921000024, 10.310378953 ], [ 123.993249443999957, 10.311609524 ], [ 123.995100810000054, 10.310546494 ], [ 123.995006999, 10.310058196 ], [ 123.997309279999968, 10.310113351999973 ], [ 123.995985024999982, 10.306855591999977 ], [ 123.998141209999972, 10.305156174 ], [ 123.997240637, 10.304283938000026 ], [ 123.997461152000028, 10.303327431000014 ], [ 123.99795910399996, 10.302894295999977 ], [ 123.998027609000019, 10.302611147 ], [ 123.99782196000001, 10.302315428999975 ], [ 123.998352508000039, 10.301840965999986 ], [ 123.997734562, 10.30100144 ], [ 123.99794547, 10.300841887999979 ], [ 123.997474793000038, 10.300251404 ], [ 123.99814113399998, 10.299729921 ], [ 123.997538599, 10.298751195000023 ], [ 123.99542261199997, 10.299987413999986 ], [ 123.992427260999989, 10.302490594 ], [ 123.991418534, 10.300897441000018 ], [ 123.991095424000036, 10.300950742999987 ], [ 123.990666675000057, 10.300641315 ], [ 123.990594663000024, 10.300265728999989 ], [ 123.987317792999988, 10.302627866000023 ], [ 123.985507071000029, 10.30423906599998 ], [ 123.982612914000015, 10.301979341 ], [ 123.982316025000046, 10.302544951000016 ], [ 123.982437042000015, 10.302816326000027 ], [ 123.98169541599998, 10.303549003 ], [ 123.981210486, 10.303048604000026 ], [ 123.980708173000039, 10.303479810999988 ], [ 123.980297880999956, 10.304351258 ], [ 123.980945948, 10.305143747999978 ], [ 123.976889349999965, 10.309058493 ], [ 123.984689431999982, 10.316802243999973 ] ] ] } },
{ "type": "Feature", "properties": { "adm4_pcode": "PH0702226004", "barangay": "Baring", "lgu": "Lapu-Lapu City", "area_sqkm": 0.93229016, "price_per_sqm": 169800, "price_q25": 169800, "price_q75": 267244, "point_count": 10, "confident_point_count": 4, "low_conf_share": 0.6, "dist_to_listing_m": 5085, "nearest_grid_m": 0, "fallback_nearest": false, "low_confidence": true, "price_label": "PHP 169,800 /sqm", "confidence_label": "Low confidence · median grid cell 5.1 km from listing" }, "geometry": { "type": "Polygon", "coordinates": [ [ [ 124.066572618, 10.287922469000023 ], [ 124.066537963999963, 10.281763776999981 ], [ 124.065980567999986, 10.277992179000023 ], [ 124.065044160999946, 10.277527438999982 ], [ 124.064522957, 10.276652016000014 ], [ 124.064586341999984, 10.276372544000026 ], [ 124.059938697, 10.279253503 ], [ 124.05982665099998, 10.279527685 ], [ 124.059400979999964, 10.278640302999975 ], [ 124.057933102999982, 10.280087888000025 ], [ 124.05729322000002, 10.280605969000021 ], [ 124.057203577, 10.280479893 ], [ 124.055980891, 10.281795859 ], [ 124.055791555000042, 10.282788413 ], [ 124.055949219000013, 10.283236930999976 ], [ 124.05623971600005, 10.283291371000018 ], [ 124.056349304000037, 10.283028885000022 ], [ 124.056799199000011, 10.283234546000017 ], [ 124.056535083999961, 10.28450819699998 ], [ 124.056618699999945, 10.284378060999984 ], [ 124.05782072, 10.284506045 ], [ 124.05903958600004, 10.284934110999984 ], [ 124.05954921600005, 10.284223240000017 ], [ 124.060412765000024, 10.284207589 ], [ 124.061166537999952, 10.283555722000017 ], [ 124.061478520000037, 10.28365464 ], [ 124.061484244999974, 10.283997242999988 ], [ 124.061167792, 10.284145222 ], [ 124.061175764000041, 10.284432150999976 ], [ 124.060637540000016, 10.284276464000015 ], [ 124.05983628499996, 10.285137455999973 ], [ 124.060565330000031, 10.285595493000017 ], [ 124.061279760000048, 10.285777278000012 ], [ 124.061785175999944, 10.286275894000028 ], [ 124.061867956000015, 10.286912635000022 ], [ 124.061527608, 10.287112552999986 ], [ 124.060420389, 10.286446430000012 ], [ 124.061354391, 10.287160641000014 ], [ 124.061374425000054, 10.287375339 ], [ 124.061405111, 10.287198428000011 ], [ 124.061970575000032, 10.287681314 ], [ 124.062121135999973, 10.287551243 ], [ 124.063250389000018, 10.287697614000024 ], [ 124.065334101999952, 10.287536792000026 ], [ 124.066372077999972, 10.287906952000014 ], [ 124.066572618, 10.287922469000023 ] ] ] } },
{ "type": "Feature", "properties": { "adm4_pcode": "PH0702226005", "barangay": "Basak", "lgu": "Lapu-Lapu City", "area_sqkm": 8.00711629, "price_per_sqm": 123766, "price_q25": 109066, "price_q75": 146224, "point_count": 73, "confident_point_count": 73, "low_conf_share": 0.0, "dist_to_listing_m": 370, "nearest_grid_m": 0, "fallback_nearest": false, "low_confidence": false, "price_label": "PHP 123,766 /sqm", "confidence_label": "Grounded in nearby listings" }, "geometry": { "type": "Polygon", "coordinates": [ [ [ 123.971044737000057, 10.314183749 ], [ 123.973768801, 10.311461499000018 ], [ 123.976889349999965, 10.309058493 ], [ 123.978917040000056, 10.307020250999983 ], [ 123.973484429, 10.301608859999988 ], [ 123.975145261999955, 10.299988429 ], [ 123.975413028000048, 10.299323861 ], [ 123.973982414000034, 10.297909894999975 ], [ 123.975676419000024, 10.296343389000015 ], [ 123.974323720000029, 10.295397146000028 ], [ 123.975005016999944, 10.293526754000027 ], [ 123.975281813000038, 10.292128387999981 ], [ 123.976486858000044, 10.291259212 ], [ 123.982694816000048, 10.290242036 ], [ 123.982590049, 10.289408607999974 ], [ 123.981598719999965, 10.287622237 ], [ 123.981019704, 10.285668879000013 ], [ 123.979929815, 10.283129251 ], [ 123.97944837, 10.282435378 ], [ 123.975985426999955, 10.283767279000017 ], [ 123.972496789000047, 10.285494342999982 ], [ 123.970554837, 10.283876846 ], [ 123.970102840999971, 10.283987863999982 ], [ 123.970658924999952, 10.282932089999974 ], [ 123.966746278999949, 10.279383591 ], [ 123.967174912000019, 10.278200224999978 ], [ 123.966739974, 10.277562655 ], [ 123.965664606000018, 10.277369997999983 ], [ 123.965481090000026, 10.276239026999974 ], [ 123.966039084000045, 10.273958352000022 ], [ 123.96549315599998, 10.273641632000022 ], [ 123.964362451000056, 10.273481248 ], [ 123.963638034000041, 10.271928091 ], [ 123.96167011700004, 10.269690957000023 ], [ 123.959429052000019, 10.270936598 ], [ 123.958776314000033, 10.271980977999988 ], [ 123.957012246999966, 10.273889208000014 ], [ 123.956649477000042, 10.274461380999981 ], [ 123.956709311000054, 10.275141315999974 ], [ 123.954948750999961, 10.278474963 ], [ 123.955333171, 10.280739015999984 ], [ 123.955360135999967, 10.282087247 ], [ 123.955081501, 10.283147854999982 ], [ 123.955324183000016, 10.284792697 ], [ 123.955252277, 10.285664553 ], [ 123.955692699, 10.286347655999975 ], [ 123.955719663999957, 10.286913912999978 ], [ 123.955459005999955, 10.287839698000028 ], [ 123.954452327000013, 10.28947555100001 ], [ 123.954380421, 10.291039499000021 ], [ 123.954668043999959, 10.291524862000017 ], [ 123.955523041999982, 10.295171058999983 ], [ 123.957940760000042, 10.298097771000016 ], [ 123.959158709, 10.300679095000021 ], [ 123.959016756999972, 10.302359764000016 ], [ 123.959466099999986, 10.303275809000013 ], [ 123.959772666000049, 10.303518941999982 ], [ 123.960661724000033, 10.303419916 ], [ 123.960918109999966, 10.303825069000027 ], [ 123.96067122, 10.303977002000011 ], [ 123.961930264999978, 10.305978978999974 ], [ 123.96283323800003, 10.306074588 ], [ 123.962925059999975, 10.306410874999983 ], [ 123.96217615, 10.306718352000019 ], [ 123.962954755000055, 10.307460015 ], [ 123.9653717, 10.310818639999979 ], [ 123.967547990999947, 10.310754299999985 ], [ 123.971044737000057, 10.314183749 ] ] ] } },
{ "type": "Feature", "properties": { "adm4_pcode": "PH0702226006", "barangay": "Buaya", "lgu": "Lapu-Lapu City", "area_sqkm": 1.44890689, "price_per_sqm": 77521, "price_q25": 77030, "price_q75": 78111, "point_count": 12, "confident_point_count": 12, "low_conf_share": 0.0, "dist_to_listing_m": 1169, "nearest_grid_m": 0, "fallback_nearest": false, "low_confidence": false, "price_label": "PHP 77,521 /sqm", "confidence_label": "Grounded in nearby listings" }, "geometry": { "type": "Polygon", "coordinates": [ [ [ 123.992500417999963, 10.323687595000024 ], [ 123.993062653000038, 10.322647860000018 ], [ 123.993444223999973, 10.322444626 ], [ 123.993329455999969, 10.322162374000015 ], [ 123.993771403999972, 10.32184471 ], [ 123.995723025999951, 10.319403766 ], [ 123.996264398, 10.319343506 ], [ 123.996308396000018, 10.319015148 ], [ 123.996523567000054, 10.319113766999976 ], [ 123.996463681000023, 10.319580442000017 ], [ 123.996081024999967, 10.319574441999976 ], [ 123.996362235, 10.320234164 ], [ 123.996835353000051, 10.320063353000023 ], [ 123.996824340999979, 10.319807164999986 ], [ 123.997024840999984, 10.319906984999989 ], [ 123.997435908000057, 10.319711594000012 ], [ 123.99760288799996, 10.319443035 ], [ 123.99746157300001, 10.319108142 ], [ 123.997763435000024, 10.318959636999978 ], [ 123.997620515999984, 10.318659497 ], [ 123.997864580000055, 10.318629471 ], [ 123.997915295999974, 10.318237223999972 ], [ 123.998445106999952, 10.318328080000015 ], [ 123.998732976000042, 10.317667164999989 ], [ 123.999025596000024, 10.317691916 ], [ 123.99896227, 10.317376810999974 ], [ 123.999141622000025, 10.317485147000014 ], [ 123.999185658999977, 10.317228214000011 ], [ 123.999427933, 10.317211177 ], [ 123.999380741999971, 10.317333454 ], [ 123.999786640000025, 10.317426302 ], [ 123.99972053800002, 10.316906250999978 ], [ 123.999953380999955, 10.317033157000026 ], [ 124.000069167999982, 10.316810991000011 ], [ 124.000835307999978, 10.316473536 ], [ 124.000914502, 10.316185107000024 ], [ 124.001144195000052, 10.316279510000015 ], [ 124.001341646000014, 10.316065075999973 ], [ 123.997309279999968, 10.310113351999973 ], [ 123.995006999, 10.310058196 ], [ 123.995100810000054, 10.310546494 ], [ 123.993249443999957, 10.311609524 ], [ 123.992170921000024, 10.310378953 ], [ 123.992339504000029, 10.311747240999978 ], [ 123.990907313999969, 10.312762624000015 ], [ 123.989795679000053, 10.311213079000026 ], [ 123.98869042299998, 10.312571277000018 ], [ 123.989565717, 10.313462166000022 ], [ 123.987985256, 10.314074323 ], [ 123.984689431999982, 10.316802243999973 ], [ 123.987710881, 10.319761095999979 ], [ 123.992500417999963, 10.323687595000024 ] ] ] } },
{ "type": "Feature", "properties": { "adm4_pcode": "PH0702226007", "barangay": "Calawisan", "lgu": "Lapu-Lapu City", "area_sqkm": 3.58738149, "price_per_sqm": 81973, "price_q25": 79510, "price_q75": 126820, "point_count": 35, "confident_point_count": 35, "low_conf_share": 0.0, "dist_to_listing_m": 866, "nearest_grid_m": 0, "fallback_nearest": false, "low_confidence": false, "price_label": "PHP 81,973 /sqm", "confidence_label": "Grounded in nearby listings" }, "geometry": { "type": "MultiPolygon", "coordinates": [ [ [ [ 123.93415104099995, 10.292472382000028 ], [ 123.937996067999961, 10.291073445 ], [ 123.939882010000019, 10.290612281999984 ], [ 123.940884349000044, 10.287445664000018 ], [ 123.941327247, 10.287371539999981 ], [ 123.941909317999944, 10.286321918 ], [ 123.942420154000047, 10.286433430999978 ], [ 123.942702747, 10.286118597999973 ], [ 123.942651008999974, 10.285744866000016 ], [ 123.942985756999974, 10.285091254 ], [ 123.941961669999955, 10.28431107199998 ], [ 123.943052814, 10.282921139 ], [ 123.943357042, 10.282188678000011 ], [ 123.941309517000036, 10.281430715 ], [ 123.94078499, 10.280734708000011 ], [ 123.94067403300005, 10.280129483999985 ], [ 123.939382888999944, 10.279836960000011 ], [ 123.93797070100004, 10.278424771 ], [ 123.937768959999971, 10.278051549999986 ], [ 123.937789134000013, 10.277274847 ], [ 123.937113300999954, 10.276498143000026 ], [ 123.937032605000013, 10.275681092000013 ], [ 123.932983254999954, 10.271061218999989 ], [ 123.933078909999949, 10.270907544000011 ], [ 123.930953445, 10.267668335999986 ], [ 123.927144205, 10.264056142000015 ], [ 123.926875500000051, 10.264103513 ], [ 123.926781582999979, 10.264470828000015 ], [ 123.927057468000044, 10.264491768000028 ], [ 123.926843675999976, 10.264737837999974 ], [ 123.92671486100005, 10.264581193000026 ], [ 123.926428343, 10.26466764700001 ], [ 123.926548037999964, 10.264939143999982 ], [ 123.926310038999986, 10.264977875999989 ], [ 123.926516147000029, 10.265212100999975 ], [ 123.92645243100003, 10.265440303999981 ], [ 123.926291769000045, 10.26534480700002 ], [ 123.926003714999979, 10.265523740999981 ], [ 123.925987115, 10.265177683 ], [ 123.925767192999956, 10.265504759 ], [ 123.925490661000026, 10.26559553300001 ], [ 123.925245304999976, 10.265411721000021 ], [ 123.925039973000025, 10.265695669000024 ], [ 123.925279172000046, 10.265805065999984 ], [ 123.925063009000041, 10.26621658 ], [ 123.925467383999944, 10.266172623999978 ], [ 123.925603159000048, 10.266373118 ], [ 123.925354661000028, 10.266433813 ], [ 123.925317561000043, 10.266701093 ], [ 123.925228076000053, 10.266559836 ], [ 123.925170899000022, 10.266885660000014 ], [ 123.925488829999949, 10.266913064 ], [ 123.925545246999945, 10.267210794999983 ], [ 123.925852415, 10.267057473000023 ], [ 123.925965034, 10.267280743000015 ], [ 123.925733517000026, 10.267317142000024 ], [ 123.92569180299995, 10.267516081 ], [ 123.926231024, 10.267552981999984 ], [ 123.926294235, 10.267865841 ], [ 123.926450118000048, 10.267865874999984 ], [ 123.926382105000016, 10.268344243 ], [ 123.925678270000049, 10.268561266 ], [ 123.92555547500001, 10.268454314 ], [ 123.924567189999948, 10.269216675999985 ], [ 123.924223119999965, 10.269034555000019 ], [ 123.923686414000031, 10.269628334 ], [ 123.923684592999962, 10.269266720000019 ], [ 123.924128846000031, 10.268972803999986 ], [ 123.923910445000047, 10.268829231999973 ], [ 123.92351045099997, 10.26921733 ], [ 123.923152854000023, 10.269279015 ], [ 123.92316147400004, 10.269429828 ], [ 123.922989683999958, 10.269334983000022 ], [ 123.922909024999967, 10.269677172 ], [ 123.922609720999958, 10.269892428999981 ], [ 123.92257509, 10.270356676 ], [ 123.922989877999953, 10.270194122000021 ], [ 123.922774853999954, 10.270539316 ], [ 123.922898295999971, 10.27081254 ], [ 123.923297576999971, 10.27081569 ], [ 123.923391896, 10.270988134999982 ], [ 123.923105325000051, 10.271547397 ], [ 123.922873631000016, 10.271235075 ], [ 123.922598254000036, 10.271382085000027 ], [ 123.922831621, 10.271346165000011 ], [ 123.922646405000023, 10.27185453200002 ], [ 123.922984967000048, 10.271784658 ], [ 123.923132409, 10.271984092000025 ], [ 123.923040982999964, 10.273009619 ], [ 123.923351369999978, 10.273239212000021 ], [ 123.923172083000054, 10.273568668999985 ], [ 123.923855421999974, 10.274405944000023 ], [ 123.923747564999985, 10.274695839 ], [ 123.924131374000012, 10.275237496999978 ], [ 123.924361267, 10.274998967999977 ], [ 123.924670182, 10.275421460000018 ], [ 123.924670559999981, 10.275962836000019 ], [ 123.924978225000018, 10.275855578 ], [ 123.925053170999945, 10.276346857000021 ], [ 123.924907218000044, 10.276556471 ], [ 123.925018637, 10.278088266999987 ], [ 123.924711028000047, 10.278288603000021 ], [ 123.924141857, 10.280077859000016 ], [ 123.925302752, 10.279917415999989 ], [ 123.924831219999987, 10.280945509999981 ], [ 123.925191679000022, 10.281699753 ], [ 123.925886718000015, 10.281965171000024 ], [ 123.925924060000057, 10.283215746999986 ], [ 123.926579895000032, 10.283162964999974 ], [ 123.926612877000025, 10.283302175000017 ], [ 123.926200530999949, 10.283351915000026 ], [ 123.926559279, 10.283612499000014 ], [ 123.926269907, 10.283673652 ], [ 123.926155650000055, 10.283489990000021 ], [ 123.925954466, 10.283862918000011 ], [ 123.926120790000027, 10.284124885999972 ], [ 123.925666437000018, 10.28440636800002 ], [ 123.925701097, 10.284699627 ], [ 123.925942635999945, 10.285052717999974 ], [ 123.926129298999967, 10.284931754000013 ], [ 123.926207353, 10.285270576000016 ], [ 123.926657736000038, 10.285181906999981 ], [ 123.92654208, 10.284776170999976 ], [ 123.926678069, 10.284821752000028 ], [ 123.926711390000037, 10.284611073 ], [ 123.926900886999988, 10.284773396999981 ], [ 123.926837267999986, 10.284581204 ], [ 123.927071644999955, 10.284594063999975 ], [ 123.927097734999961, 10.284374844000013 ], [ 123.92726697, 10.284562787000027 ], [ 123.927198912999984, 10.284834671 ], [ 123.927502721, 10.28492868799998 ], [ 123.927627188999963, 10.284719450000011 ], [ 123.927553093000029, 10.285012306999988 ], [ 123.927865512000039, 10.285449401 ], [ 123.928095564000046, 10.285393929 ], [ 123.928286455000034, 10.285811067 ], [ 123.928354526000021, 10.285463736 ], [ 123.928674265000041, 10.285483729000021 ], [ 123.928962918000025, 10.285104796999974 ], [ 123.928926846999957, 10.284622205 ], [ 123.929097512, 10.28490410400002 ], [ 123.929261012999973, 10.284841498999981 ], [ 123.929219141999965, 10.284421544 ], [ 123.929560489999972, 10.284887111999979 ], [ 123.929292725999971, 10.285413772000027 ], [ 123.929580629000043, 10.28546223 ], [ 123.929880146999949, 10.285309969000025 ], [ 123.929696639999975, 10.28524409 ], [ 123.929951360000018, 10.284834155999988 ], [ 123.929706851, 10.284834107999984 ], [ 123.930080217999944, 10.284370104 ], [ 123.930029647999959, 10.284036984000011 ], [ 123.930475172, 10.284476946999973 ], [ 123.93030588299996, 10.284545245 ], [ 123.930245012, 10.285234269999989 ], [ 123.929384328999959, 10.285916787000019 ], [ 123.929533286000037, 10.285976584000025 ], [ 123.929388632000041, 10.286097515 ], [ 123.929465234999952, 10.286349409000024 ], [ 123.929807289999985, 10.286404722999976 ], [ 123.92985717, 10.287033947999987 ], [ 123.930181506000054, 10.286828249 ], [ 123.930282990000023, 10.287063853 ], [ 123.930396677999966, 10.286902843 ], [ 123.930581728, 10.287017688999981 ], [ 123.93050283599996, 10.287459023999986 ], [ 123.931106087999979, 10.286867195000013 ], [ 123.931272727999954, 10.28712965 ], [ 123.931306160999952, 10.286656998000012 ], [ 123.931454636000012, 10.286828495 ], [ 123.931628954999951, 10.286573562 ], [ 123.931477457000028, 10.286364789 ], [ 123.931613870999968, 10.286221676000025 ], [ 123.931832083000018, 10.286238119000018 ], [ 123.931797138999968, 10.286691387000019 ], [ 123.932342673, 10.286736220000023 ], [ 123.931550010000024, 10.287308626000026 ], [ 123.931467479000048, 10.287494814000013 ], [ 123.931787246, 10.287414357999978 ], [ 123.931865994999953, 10.287675305 ], [ 123.931350705, 10.287945084 ], [ 123.931605203, 10.288390951 ], [ 123.931784065999977, 10.288164349 ], [ 123.932139960999962, 10.288230360999989 ], [ 123.932295970000041, 10.288625513999989 ], [ 123.932829349000031, 10.288853743 ], [ 123.932539876999954, 10.289001301999974 ], [ 123.931964088999962, 10.288665708999986 ], [ 123.931877678999967, 10.288835670000026 ], [ 123.932171663999952, 10.288844671999982 ], [ 123.932490942999948, 10.28938903300002 ], [ 123.932784965, 10.289208674 ], [ 123.932365093000044, 10.289755803 ], [ 123.932773485999974, 10.290263526 ], [ 123.933037155999955, 10.290321726 ], [ 123.933084066, 10.290679582999985 ], [ 123.933829626000033, 10.290785584999981 ], [ 123.933775001999948, 10.291149385999972 ], [ 123.934017469999958, 10.291143466999984 ], [ 123.934088544000019, 10.291364607 ], [ 123.934439603999976, 10.291219696999974 ], [ 123.934591960000034, 10.291637324000021 ], [ 123.934300552999957, 10.291559339 ], [ 123.934025487999975, 10.292006295000022 ], [ 123.93395680499998, 10.291679848 ], [ 123.933603769, 10.291661552 ], [ 123.933626133999951, 10.291930643 ], [ 123.933875686999954, 10.292046852 ], [ 123.933763719000012, 10.292201977 ], [ 123.93415104099995, 10.292472382000028 ] ] ], [ [ [ 123.916320800999983, 10.27709961 ], [ 123.915283201999955, 10.277282715000013 ], [ 123.91491699200003, 10.277893066 ], [ 123.915527343, 10.279724121000015 ], [ 123.916320800999983, 10.279724121000015 ], [ 123.91711425699998, 10.278930665000019 ], [ 123.917297362999989, 10.278076172 ], [ 123.91687011700003, 10.277282715000013 ], [ 123.916320800999983, 10.27709961 ] ] ] ] } },
{ "type": "Feature", "properties": { "adm4_pcode": "PH0702226008", "barangay": "Canjulao", "lgu": "Lapu-Lapu City", "area_sqkm": 1.16415706, "price_per_sqm": 180679, "price_q25": 177224, "price_q75": 183478, "point_count": 11, "confident_point_count": 11, "low_conf_share": 0.0, "dist_to_listing_m": 1178, "nearest_grid_m": 0, "fallback_nearest": false, "low_confidence": false, "price_label": "PHP 180,679 /sqm", "confidence_label": "Grounded in nearby listings" }, "geometry": { "type": "Polygon", "coordinates": [ [ [ 123.935535948000052, 10.300224351999987 ], [ 123.942002216, 10.298880337000014 ], [ 123.94237160299997, 10.29829859900002 ], [ 123.943636458000014, 10.298432951 ], [ 123.944967226000017, 10.299259979 ], [ 123.946603491000019, 10.299665068000024 ], [ 123.944981789000053, 10.289937437 ], [ 123.944136464000053, 10.289978151000014 ], [ 123.943810797999959, 10.28982163 ], [ 123.942625959999987, 10.289964581999982 ], [ 123.937996067999961, 10.291073445 ], [ 123.93415104099995, 10.292472382000028 ], [ 123.933763719000012, 10.292201977 ], [ 123.933705213000053, 10.292593816000021 ], [ 123.93025259, 10.293797900000015 ], [ 123.923456322999982, 10.294900859999984 ], [ 123.923105752999959, 10.29470862300002 ], [ 123.92286289599997, 10.295014025 ], [ 123.923098546, 10.295220635000021 ], [ 123.923405303999971, 10.295186509000018 ], [ 123.923516692000021, 10.294969130000027 ], [ 123.930293767999956, 10.293907908999984 ], [ 123.934133193999969, 10.292560181999988 ], [ 123.934420405999958, 10.293262503 ], [ 123.934168989999989, 10.293266956000025 ], [ 123.934042148, 10.293436324000027 ], [ 123.934318479000012, 10.293567812 ], [ 123.934433994999949, 10.293434100000013 ], [ 123.934542713000042, 10.293728269999974 ], [ 123.934164452, 10.294294316999981 ], [ 123.934166712999968, 10.294610772 ], [ 123.934481551999966, 10.294434718 ], [ 123.934371599999963, 10.294932206 ], [ 123.934944417, 10.295750342000019 ], [ 123.935103993999974, 10.296446713000023 ], [ 123.934866475000035, 10.296894501 ], [ 123.935156612000014, 10.297210377999988 ], [ 123.934890653000025, 10.297027061999984 ], [ 123.934540778000041, 10.297091427999987 ], [ 123.934454015000028, 10.29766096100002 ], [ 123.934742734, 10.297609186999978 ], [ 123.934704331000034, 10.297863867999979 ], [ 123.935185254999965, 10.297850471 ], [ 123.935340278000012, 10.29836543 ], [ 123.935941985, 10.297976232999986 ], [ 123.936222167999972, 10.298380644000019 ], [ 123.934904921999987, 10.298959380999975 ], [ 123.934840917999963, 10.299309215999983 ], [ 123.935049989000049, 10.299378371999978 ], [ 123.935183679000033, 10.299785583000016 ], [ 123.935038607000024, 10.300017873 ], [ 123.935490483999956, 10.299918973999979 ], [ 123.935535948000052, 10.300224351999987 ] ] ] } },
{ "type": "Feature", "properties": { "adm4_pcode": "PH0702226011", "barangay": "Caubian", "lgu": "Lapu-Lapu City", "area_sqkm": 0.25503969, "price_per_sqm": 169800, "price_q25": 169800, "price_q75": 169800, "point_count": 0, "confident_point_count": 0, "low_conf_share": 1.0, "dist_to_listing_m": 5331, "nearest_grid_m": 11470, "fallback_nearest": true, "low_confidence": true, "price_label": "PHP 169,800 /sqm", "confidence_label": "Nearest grid estimate · 11,470 m from barangay interior" }, "geometry": { "type": "MultiPolygon", "coordinates": [ [ [ [ 124.17788684300001, 10.285479607000013 ], [ 124.176444405999973, 10.284852791999981 ], [ 124.175379328999952, 10.285054533 ], [ 124.17377129800002, 10.284718834999978 ], [ 124.172226041000044, 10.285319179 ], [ 124.17291909100004, 10.285690417000012 ], [ 124.173278807999964, 10.286499022999976 ], [ 124.174499512000011, 10.286926269999981 ], [ 124.177490233999947, 10.287292481 ], [ 124.178527831999986, 10.287109375 ], [ 124.178710937, 10.286071777000018 ], [ 124.17788684300001, 10.285479607000013 ] ] ], [ [ [ 124.170715331999986, 10.278076172 ], [ 124.170430644000021, 10.277508835 ], [ 124.170792751000022, 10.277528067999981 ], [ 124.171053289000042, 10.277285726 ], [ 124.17076604500005, 10.276619155 ], [ 124.170002706, 10.276721001 ], [ 124.169903491000014, 10.276506037 ], [ 124.16899898500003, 10.276639203 ], [ 124.167639832999953, 10.277406972999984 ], [ 124.167329964000032, 10.278300478 ], [ 124.168159002000039, 10.277984539999977 ], [ 124.167480469, 10.278503418000014 ], [ 124.16711425799997, 10.279296875 ], [ 124.166687011000022, 10.279724121000015 ], [ 124.16711425799997, 10.280090331999986 ], [ 124.16772461000005, 10.280273438 ], [ 124.169311524000022, 10.279907227000024 ], [ 124.170471191000047, 10.278930665000019 ], [ 124.170715331999986, 10.278076172 ] ] ] ] } },
{ "type": "Feature", "properties": { "adm4_pcode": "PH0702226009", "barangay": "Caw-oy", "lgu": "Lapu-Lapu City", "area_sqkm": 0.54685736, "price_per_sqm": 169800, "price_q25": 169800, "price_q75": 169800, "point_count": 5, "confident_point_count": 0, "low_conf_share": 1.0, "dist_to_listing_m": 6089, "nearest_grid_m": 0, "fallback_nearest": false, "low_confidence": true, "price_label": "PHP 169,800 /sqm", "confidence_label": "Low confidence · median grid cell 6.1 km from listing" }, "geometry": { "type": "Polygon", "coordinates": [ [ [ 124.066515249999952, 10.281417533000024 ], [ 124.067641815, 10.28057931 ], [ 124.067816899000036, 10.281139536000012 ], [ 124.071922472999972, 10.280117551999979 ], [ 124.07274543799997, 10.279733146000012 ], [ 124.072458016000041, 10.279118691 ], [ 124.072546329000033, 10.277900988999988 ], [ 124.072160022000048, 10.277541199999973 ], [ 124.072060990999944, 10.277138187999981 ], [ 124.072240519000047, 10.275855131000014 ], [ 124.071007888000054, 10.274859026 ], [ 124.071050140000011, 10.273234199 ], [ 124.070752522000021, 10.272890454 ], [ 124.070787973000051, 10.27236697 ], [ 124.070609990999969, 10.272197152999979 ], [ 124.069847784999979, 10.271900830999982 ], [ 124.069463305999989, 10.272025703999986 ], [ 124.069156245000045, 10.272258309 ], [ 124.068990652000025, 10.272902280999972 ], [ 124.0657069, 10.275709096000014 ], [ 124.064586341999984, 10.276372544000026 ], [ 124.064522957, 10.276652016000014 ], [ 124.065044160999946, 10.277527438999982 ], [ 124.065980567999986, 10.277992179000023 ], [ 124.066515249999952, 10.281417533000024 ] ] ] } },
{ "type": "Feature", "properties": { "adm4_pcode": "PH0702226010", "barangay": "Cawhagan", "lgu": "Lapu-Lapu City", "area_sqkm": 0.05584883, "price_per_sqm": 169800, "price_q25": 169800, "price_q75": 169800, "point_count": 1, "confident_point_count": 0, "low_conf_share": 1.0, "dist_to_listing_m": 7758, "nearest_grid_m": 0, "fallback_nearest": false, "low_confidence": true, "price_label": "PHP 169,800 /sqm", "confidence_label": "Low confidence · median grid cell 7.8 km from listing" }, "geometry": { "type": "Polygon", "coordinates": [ [ [ 124.017838816, 10.203910568000026 ], [ 124.019863849999979, 10.203276298999981 ], [ 124.020839886999966, 10.203217710999979 ], [ 124.021329688000037, 10.202447896000024 ], [ 124.021057171000052, 10.202217114 ], [ 124.019053137000014, 10.201853998999979 ], [ 124.01818777699998, 10.202156382999988 ], [ 124.017481116999988, 10.202869252000028 ], [ 124.01786099900005, 10.203364965999981 ], [ 124.017526676999978, 10.203856950999977 ], [ 124.017838816, 10.203910568000026 ] ] ] } },
{ "type": "Feature", "properties": { "adm4_pcode": "PH0702226012", "barangay": "Gun-ob", "lgu": "Lapu-Lapu City", "area_sqkm": 2.65653762, "price_per_sqm": 130266, "price_q25": 120085, "price_q75": 150294, "point_count": 23, "confident_point_count": 23, "low_conf_share": 0.0, "dist_to_listing_m": 696, "nearest_grid_m": 0, "fallback_nearest": false, "low_confidence": false, "price_label": "PHP 130,266 /sqm", "confidence_label": "Grounded in nearby listings" }, "geometry": { "type": "Polygon", "coordinates": [ [ [ 123.952369951000037, 10.311074253000015 ], [ 123.962925059999975, 10.306410874999983 ], [ 123.962860667999962, 10.306125555999984 ], [ 123.961930264999978, 10.305978978999974 ], [ 123.96067122, 10.303977002000011 ], [ 123.960918109999966, 10.303825069000027 ], [ 123.960661724000033, 10.303419916 ], [ 123.959772666000049, 10.303518941999982 ], [ 123.959466099999986, 10.303275809000013 ], [ 123.959016756999972, 10.302359764000016 ], [ 123.959158709, 10.300679095000021 ], [ 123.957940760000042, 10.298097771000016 ], [ 123.955523041999982, 10.295171058999983 ], [ 123.954668043999959, 10.291524862000017 ], [ 123.954461315, 10.291345098000022 ], [ 123.95040524, 10.290969142999984 ], [ 123.948674332999985, 10.290996533 ], [ 123.944939738000016, 10.289643986999977 ], [ 123.948261028000047, 10.309485748999975 ], [ 123.951767263999955, 10.311097510000025 ], [ 123.952229493, 10.311271936000026 ], [ 123.952369951000037, 10.311074253000015 ] ] ] } },
{ "type": "Feature", "properties": { "adm4_pcode": "PH0702226013", "barangay": "Ibo", "lgu": "Lapu-Lapu City", "area_sqkm": 2.16111755, "price_per_sqm": 133946, "price_q25": 133660, "price_q75": 134026, "point_count": 19, "confident_point_count": 19, "low_conf_share": 0.0, "dist_to_listing_m": 962, "nearest_grid_m": 0, "fallback_nearest": false, "low_confidence": false, "price_label": "PHP 133,946 /sqm", "confidence_label": "Grounded in nearby listings" }, "geometry": { "type": "Polygon", "coordinates": [ [ [ 123.987605156999962, 10.334203327000012 ], [ 123.989647128, 10.33373985999998 ], [ 123.990154551000046, 10.333293848999972 ], [ 123.990154479000012, 10.332645454999977 ], [ 123.990540418000023, 10.332004977 ], [ 123.99050033900005, 10.331580221000024 ], [ 123.990859756999953, 10.331323404999978 ], [ 123.990729614999964, 10.330954920000011 ], [ 123.991084111999953, 10.330433072 ], [ 123.990849627999978, 10.330272039000022 ], [ 123.991104067000038, 10.329917575000024 ], [ 123.990866704000041, 10.329582856 ], [ 123.991133991999959, 10.32908306500002 ], [ 123.990910952000036, 10.328970571000013 ], [ 123.990879451999945, 10.328545157 ], [ 123.991243849000057, 10.327127479000012 ], [ 123.991183701999944, 10.326253226 ], [ 123.991396716000054, 10.32622788499998 ], [ 123.99116652400005, 10.326063351000016 ], [ 123.991302346, 10.32610975 ], [ 123.99120511000001, 10.325942369000018 ], [ 123.99144813700002, 10.325841073999982 ], [ 123.991342324000016, 10.325668088999976 ], [ 123.991635503, 10.325657008 ], [ 123.99156824399995, 10.325102859000026 ], [ 123.992101435999984, 10.324565517999986 ], [ 123.991946395000014, 10.324364349 ], [ 123.992499150999947, 10.323688530000027 ], [ 123.987710881, 10.319761095999979 ], [ 123.984689431999982, 10.316802243999973 ], [ 123.98171532799995, 10.319200446000025 ], [ 123.980273443999977, 10.320860187 ], [ 123.980117250000035, 10.321495506000019 ], [ 123.977317405, 10.325098922 ], [ 123.976806057999966, 10.325314225999989 ], [ 123.975516266, 10.325348615999985 ], [ 123.976722156000051, 10.326034795999988 ], [ 123.97536371800004, 10.328453222 ], [ 123.975887567999962, 10.327974579999989 ], [ 123.976120123999976, 10.32846632899998 ], [ 123.975970863000043, 10.32846774 ], [ 123.975896233999947, 10.328538337 ], [ 123.975591969, 10.329076281000027 ], [ 123.97557761600001, 10.329158173 ], [ 123.975983335000024, 10.328484289000016 ], [ 123.976447148000034, 10.328558502000021 ], [ 123.976898176999953, 10.328958732999979 ], [ 123.976391260000014, 10.328738800999986 ], [ 123.976873480999984, 10.329018833000021 ], [ 123.976506954, 10.329682972 ], [ 123.975751775000049, 10.329227758 ], [ 123.976475759999971, 10.329737955999974 ], [ 123.976170818000014, 10.33011491100001 ], [ 123.97668553699998, 10.330393663 ], [ 123.976420890999975, 10.330204195000022 ], [ 123.976459880999982, 10.329967630999988 ], [ 123.977016093999964, 10.329026485999975 ], [ 123.977430730000037, 10.329265602000021 ], [ 123.977341053000032, 10.329742563000025 ], [ 123.978293466999958, 10.330226617 ], [ 123.980540739000048, 10.332055632999982 ], [ 123.980861323, 10.331818124999984 ], [ 123.981209686000057, 10.331937987 ], [ 123.980990981, 10.331813511 ], [ 123.981300663999946, 10.331730296999979 ], [ 123.983415427999944, 10.333084164000013 ], [ 123.984709566, 10.333518465999987 ], [ 123.984989479999967, 10.333786304 ], [ 123.986535454999967, 10.334175303 ], [ 123.987605156999962, 10.334203327000012 ] ] ] } },
{ "type": "Feature", "properties": { "adm4_pcode": "PH0702226014", "barangay": "Looc", "lgu": "Lapu-Lapu City", "area_sqkm": 1.29748221, "price_per_sqm": 131414, "price_q25": 127535, "price_q75": 181647, "point_count": 10, "confident_point_count": 10, "low_conf_share": 0.0, "dist_to_listing_m": 463, "nearest_grid_m": 0, "fallback_nearest": false, "low_confidence": false, "price_label": "PHP 131,414 /sqm", "confidence_label": "Grounded in nearby listings" }, "geometry": { "type": "Polygon", "coordinates": [ [ [ 123.946174996999957, 10.312628970999981 ], [ 123.946457292, 10.31240255199998 ], [ 123.947058471, 10.312569320000023 ], [ 123.948331708999945, 10.31002464 ], [ 123.946603491000019, 10.299665068000024 ], [ 123.944967226000017, 10.299259979 ], [ 123.943636458000014, 10.298432951 ], [ 123.94237160299997, 10.29829859900002 ], [ 123.942002216, 10.298880337000014 ], [ 123.935535948000052, 10.300224351999987 ], [ 123.935847105, 10.302451223 ], [ 123.935565925, 10.302943409000022 ], [ 123.935629316000018, 10.303512966000028 ], [ 123.936335265000025, 10.304171527999983 ], [ 123.935756093, 10.304775608 ], [ 123.935247409, 10.304481674999977 ], [ 123.935713814999986, 10.304919792000021 ], [ 123.93608467599995, 10.304556543999979 ], [ 123.936246719999986, 10.304699347999986 ], [ 123.936713153000028, 10.304355537 ], [ 123.936627338, 10.303990745000021 ], [ 123.937258648000011, 10.303353018 ], [ 123.939280174000032, 10.302879755999982 ], [ 123.939288553999972, 10.303289701999972 ], [ 123.939485035999951, 10.303309345 ], [ 123.939725512, 10.303997177999975 ], [ 123.939381562, 10.303673892 ], [ 123.93908245, 10.304162962000021 ], [ 123.939773162000051, 10.304226258000028 ], [ 123.939903189, 10.30451139500002 ], [ 123.939778742000044, 10.304809910000017 ], [ 123.940016432, 10.305082293999988 ], [ 123.939816394, 10.305267351999987 ], [ 123.94005128799995, 10.305565874000024 ], [ 123.939717112000039, 10.305592005 ], [ 123.939431872, 10.305878136 ], [ 123.938816867000014, 10.305299170000012 ], [ 123.939081027000043, 10.304914001999975 ], [ 123.938415256999974, 10.304257407000023 ], [ 123.938209898999958, 10.304459442999985 ], [ 123.937943541999971, 10.304171015 ], [ 123.936978737, 10.30497640599998 ], [ 123.937411615999963, 10.305459742999972 ], [ 123.937287137, 10.305631193000011 ], [ 123.937443414999962, 10.305866604000016 ], [ 123.937141298000029, 10.306167276999986 ], [ 123.937526606, 10.306569363 ], [ 123.937866523000025, 10.306257467000023 ], [ 123.938298025, 10.30660991000002 ], [ 123.938734883000052, 10.306167513 ], [ 123.938957550000055, 10.306363465 ], [ 123.938871789000018, 10.306778264 ], [ 123.939846609000028, 10.307354977999978 ], [ 123.93962491000002, 10.307915399000024 ], [ 123.939794657, 10.30804876000002 ], [ 123.940417916, 10.308232665999981 ], [ 123.940564858000016, 10.308500631000015 ], [ 123.940924138000014, 10.307909057000018 ], [ 123.941225632000055, 10.308001290999982 ], [ 123.941519519000053, 10.308329082 ], [ 123.941491121000013, 10.308762179999974 ], [ 123.942119184000035, 10.308801233999986 ], [ 123.94257883299997, 10.309506969999973 ], [ 123.94368641799997, 10.309632580000027 ], [ 123.943645598999979, 10.309853424999972 ], [ 123.942984658, 10.309909179999977 ], [ 123.944228596000016, 10.309996395999974 ], [ 123.943110772999944, 10.310098988 ], [ 123.944654601000025, 10.310195619000012 ], [ 123.944605849000027, 10.310377426 ], [ 123.943435545000057, 10.310352863999981 ], [ 123.94454298200003, 10.310472306 ], [ 123.944456818000049, 10.31064519 ], [ 123.943630354999982, 10.310677521 ], [ 123.944827851000014, 10.310753389000013 ], [ 123.944814243, 10.310980928 ], [ 123.943131236999989, 10.311061075 ], [ 123.944475983999951, 10.311548389999984 ], [ 123.944940803, 10.31130859000001 ], [ 123.945160182999984, 10.311520696 ], [ 123.945080817999951, 10.311819618000015 ], [ 123.945439648000047, 10.311530670000025 ], [ 123.945743475999961, 10.311784983 ], [ 123.945726463000028, 10.312200064000024 ], [ 123.946174996999957, 10.312628970999981 ] ] ] } },
{ "type": "Feature", "properties": { "adm4_pcode": "PH0702226015", "barangay": "Mactan", "lgu": "Lapu-Lapu City", "area_sqkm": 5.89526194, "price_per_sqm": 133516, "price_q25": 118690, "price_q75": 151596, "point_count": 52, "confident_point_count": 52, "low_conf_share": 0.0, "dist_to_listing_m": 285, "nearest_grid_m": 0, "fallback_nearest": false, "low_confidence": false, "price_label": "PHP 133,516 /sqm", "confidence_label": "Grounded in nearby listings" }, "geometry": { "type": "Polygon", "coordinates": [ [ [ 124.003628841000022, 10.316560399000025 ], [ 124.003843998999969, 10.316469768 ], [ 124.003963312, 10.316102307999984 ], [ 124.003238058999955, 10.315384320000021 ], [ 124.002890881999974, 10.315290663999974 ], [ 124.002870208, 10.314999893999982 ], [ 124.003364975999943, 10.315276192999988 ], [ 124.003506304999974, 10.315115981000019 ], [ 124.00331986599997, 10.31467783 ], [ 124.003492164000022, 10.314779574 ], [ 124.00372822199995, 10.314491772 ], [ 124.0042585, 10.315882749000025 ], [ 124.004658942, 10.316184439999972 ], [ 124.004878194999947, 10.31578422299998 ], [ 124.005138784999986, 10.315735744999984 ], [ 124.005019544999982, 10.314755822999985 ], [ 124.004559502, 10.314479566999978 ], [ 124.004763763000028, 10.313975683000024 ], [ 124.004593043999989, 10.313946978 ], [ 124.004505504, 10.314182411 ], [ 124.00417258899995, 10.314214978999985 ], [ 124.004162970000039, 10.314043665999975 ], [ 124.005001978999985, 10.313442220000013 ], [ 124.005367225999976, 10.313318935999973 ], [ 124.005653933999952, 10.313454222000018 ], [ 124.006390474, 10.31278652200001 ], [ 124.006966921999947, 10.312741636999988 ], [ 124.008618061999982, 10.311977332000026 ], [ 124.008780902000012, 10.312480465000021 ], [ 124.00864685800002, 10.313083737999989 ], [ 124.00880444500001, 10.313136844999974 ], [ 124.008465935, 10.313248832999989 ], [ 124.008397367000043, 10.313490007999974 ], [ 124.008585595, 10.313512968 ], [ 124.008546212000056, 10.313800078999975 ], [ 124.009084111999982, 10.314371544999972 ], [ 124.009300057000019, 10.314252383999985 ], [ 124.009154129999956, 10.31396959 ], [ 124.009702756000024, 10.313874816 ], [ 124.009438671, 10.314209311000013 ], [ 124.009707924000054, 10.314485311999988 ], [ 124.009464645999969, 10.314498174 ], [ 124.009596905999956, 10.31465719800002 ], [ 124.009452829, 10.314849562 ], [ 124.009308220999969, 10.314696371000025 ], [ 124.00913321400003, 10.314853195000012 ], [ 124.009523458999979, 10.31524513 ], [ 124.009897180000053, 10.315307524 ], [ 124.010501552000051, 10.31523570600001 ], [ 124.010544198000048, 10.314995015000022 ], [ 124.01106246400002, 10.314867406000019 ], [ 124.011223208000047, 10.314530182999988 ], [ 124.011177700999951, 10.314373515999989 ], [ 124.010994201000017, 10.314561529 ], [ 124.010790961999987, 10.314294454 ], [ 124.010710599000049, 10.314639132000025 ], [ 124.010363798999947, 10.314442899000028 ], [ 124.010476507000021, 10.314193327 ], [ 124.009897149000039, 10.31392925199998 ], [ 124.010132202000023, 10.313495038999974 ], [ 124.010521993999987, 10.314005321000025 ], [ 124.010902476999945, 10.313605418 ], [ 124.011122389999969, 10.31371134699998 ], [ 124.011228573000039, 10.314118684999983 ], [ 124.011572637999961, 10.314075496999976 ], [ 124.011941541000056, 10.313958243 ], [ 124.012299686, 10.313524812000026 ], [ 124.012826950999965, 10.313664309999979 ], [ 124.012822358999983, 10.312928704 ], [ 124.013190896999959, 10.312976430999981 ], [ 124.013501821999967, 10.313334516999987 ], [ 124.01355945, 10.313253941000028 ], [ 124.013425983000047, 10.313171882 ], [ 124.01346541700002, 10.312935128999982 ], [ 124.013490079, 10.313095782 ], [ 124.013705424000023, 10.312888367000028 ], [ 124.013888767000026, 10.313068342 ], [ 124.01414481200004, 10.312764625999989 ], [ 124.014414526999985, 10.312829756999975 ], [ 124.014491927999984, 10.312586844 ], [ 124.014595395000015, 10.31291693999998 ], [ 124.01488202500002, 10.312779649 ], [ 124.01483047399995, 10.313000483 ], [ 124.015088334999973, 10.312970259999986 ], [ 124.014998676, 10.313178490999974 ], [ 124.015241839000055, 10.313149453999984 ], [ 124.01550513799998, 10.313424117000011 ], [ 124.015909977999968, 10.31329804500001 ], [ 124.01617020499998, 10.313426435 ], [ 124.016821981000021, 10.313065677 ], [ 124.01727004199995, 10.31327515800001 ], [ 124.021476537000012, 10.309168640999985 ], [ 124.022145708000039, 10.307306939999989 ], [ 124.021764799000039, 10.306689672 ], [ 124.021531621, 10.306753941000011 ], [ 124.021438325999952, 10.306597943999975 ], [ 124.021316993000028, 10.306025928 ], [ 124.021633286, 10.305718388 ], [ 124.021100069, 10.305724575 ], [ 124.021264820000056, 10.305461481 ], [ 124.021013002000018, 10.305638934 ], [ 124.020925921999947, 10.305459993999989 ], [ 124.021229028999983, 10.305192294999983 ], [ 124.020803084000022, 10.305258116 ], [ 124.02005667100002, 10.304089862000012 ], [ 124.019772125000031, 10.30345476399998 ], [ 124.020044129999974, 10.303124360000027 ], [ 124.019681949999949, 10.30337677 ], [ 124.019493824000051, 10.30318713600002 ], [ 124.01960417600003, 10.303012195 ], [ 124.019412981999949, 10.303143755 ], [ 124.019038293999984, 10.302833313 ], [ 124.018968316000041, 10.302654370000027 ], [ 124.019324554000036, 10.302157023 ], [ 124.018668600999945, 10.302724544 ], [ 124.01831413900004, 10.302435511 ], [ 124.018626574, 10.302181577999988 ], [ 124.018227069999966, 10.30232080899998 ], [ 124.017431957999975, 10.300932106 ], [ 124.016967100999977, 10.300531432000014 ], [ 124.016777508000018, 10.300067855 ], [ 124.017105499999957, 10.299931693000019 ], [ 124.016701324, 10.299982213000021 ], [ 124.016556671999979, 10.299290897 ], [ 124.01671211200005, 10.299171579000017 ], [ 124.016429195, 10.299264908999987 ], [ 124.016226852000045, 10.298798821 ], [ 124.016142814999967, 10.298001963 ], [ 124.015684917000044, 10.297105486000021 ], [ 124.01568447, 10.296738436 ], [ 124.015260024999975, 10.296207747999972 ], [ 124.01543876300002, 10.29593700800001 ], [ 124.014840236000055, 10.295617408 ], [ 124.01474635, 10.29536450400002 ], [ 124.014888851000023, 10.295189951 ], [ 124.014667503000055, 10.295316776 ], [ 124.014989100999969, 10.295120449000024 ], [ 124.014435119000041, 10.295224607000023 ], [ 124.013342949000048, 10.293609178999986 ], [ 124.012796211000023, 10.293436143 ], [ 124.012472883999976, 10.29279576 ], [ 124.012225341999965, 10.292800081999985 ], [ 124.011794281999983, 10.292373868000027 ], [ 124.012082561000057, 10.292014231999985 ], [ 124.011839409, 10.292232026000022 ], [ 124.011430210999947, 10.29211925200002 ], [ 124.011299139000016, 10.291907224999989 ], [ 124.011501521000014, 10.291715223999972 ], [ 124.011219830999948, 10.291864031999978 ], [ 124.010503327000038, 10.290927114999988 ], [ 124.010774413000036, 10.290650086000028 ], [ 124.010471548000055, 10.29080284600002 ], [ 124.009973531000014, 10.290550737999979 ], [ 124.008336168000028, 10.289086377 ], [ 124.00788033799995, 10.288328519 ], [ 124.007560002, 10.288423104 ], [ 124.00725830600004, 10.28804640200002 ], [ 124.003159840999956, 10.292118656000014 ], [ 124.003083285, 10.292613152 ], [ 124.002624555000011, 10.293332803 ], [ 124.002871458999948, 10.293541318 ], [ 124.002630056000044, 10.293807257000026 ], [ 124.002306265000016, 10.293594739000014 ], [ 124.002097308999964, 10.29383620599998 ], [ 124.00229342199998, 10.294280437 ], [ 124.002222218000043, 10.294692804000022 ], [ 124.001766621, 10.294788754000024 ], [ 124.001492953000024, 10.295152898000026 ], [ 124.001105223999957, 10.295044061 ], [ 124.00098996600002, 10.295187517999977 ], [ 124.001151876, 10.295731960000012 ], [ 124.000967211999978, 10.295838971000023 ], [ 124.000896648999969, 10.296404149000011 ], [ 124.000621815000045, 10.296523267 ], [ 123.999780204, 10.295935125000028 ], [ 123.998745703000054, 10.294642017 ], [ 123.997447993000037, 10.295420392999972 ], [ 123.997328843, 10.295299899999975 ], [ 123.996840880000036, 10.295490758000028 ], [ 123.996626363000019, 10.294981139000015 ], [ 123.996038061000036, 10.294592446000024 ], [ 123.995968686999959, 10.293454746 ], [ 123.995409496999969, 10.293550143 ], [ 123.994421888000034, 10.293123955999988 ], [ 123.99389072300005, 10.293118221999976 ], [ 123.992023268000025, 10.295583436000015 ], [ 123.990173638999977, 10.299284226999987 ], [ 123.990666675000057, 10.300641315 ], [ 123.991095424000036, 10.300950742999987 ], [ 123.991381338999986, 10.300855703000025 ], [ 123.992427260999989, 10.302490594 ], [ 123.99542261199997, 10.299987413999986 ], [ 123.997538599, 10.298751195000023 ], [ 123.99814113399998, 10.299729921 ], [ 123.997474793000038, 10.300251404 ], [ 123.99794547, 10.300841887999979 ], [ 123.997734562, 10.30100144 ], [ 123.998352508000039, 10.301840965999986 ], [ 123.99782196000001, 10.302315428999975 ], [ 123.998027609000019, 10.302611147 ], [ 123.99795910399996, 10.302894295999977 ], [ 123.997461152000028, 10.303327431000014 ], [ 123.997240637, 10.304283938000026 ], [ 123.998141209999972, 10.305156174 ], [ 123.995985024999982, 10.306855591999977 ], [ 123.997309279999968, 10.310113351999973 ], [ 124.001341646000014, 10.316065075999973 ], [ 124.001583759000027, 10.316080444000022 ], [ 124.001586240000051, 10.315773363 ], [ 124.002056642999946, 10.315951331 ], [ 124.002486273000045, 10.315738623000016 ], [ 124.002856127999962, 10.316378127 ], [ 124.003424602, 10.316482715 ], [ 124.003597429000024, 10.316357728000014 ], [ 124.003628841000022, 10.316560399000025 ] ] ] } },
{ "type": "Feature", "properties": { "adm4_pcode": "PH0702226016", "barangay": "Maribago", "lgu": "Lapu-Lapu City", "area_sqkm": 1.76982708, "price_per_sqm": 136152, "price_q25": 131063, "price_q75": 151304, "point_count": 17, "confident_point_count": 17, "low_conf_share": 0.0, "dist_to_listing_m": 308, "nearest_grid_m": 0, "fallback_nearest": false, "low_confidence": false, "price_label": "PHP 136,152 /sqm", "confidence_label": "Grounded in nearby listings" }, "geometry": { "type": "Polygon", "coordinates": [ [ [ 124.000670012, 10.296436495000023 ], [ 124.000896648999969, 10.296404149000011 ], [ 124.000967211999978, 10.295838971000023 ], [ 124.001151876, 10.295731960000012 ], [ 124.000989958, 10.295242019 ], [ 124.001105223999957, 10.295044061 ], [ 124.001492953000024, 10.295152898000026 ], [ 124.001766621, 10.294788754000024 ], [ 124.002222218000043, 10.294692804000022 ], [ 124.00229342199998, 10.294280437 ], [ 124.002097308999964, 10.29383620599998 ], [ 124.002306265000016, 10.293594739000014 ], [ 124.002630056000044, 10.293807257000026 ], [ 124.002871458999948, 10.293541318 ], [ 124.002624555000011, 10.293332803 ], [ 124.003083285, 10.292613152 ], [ 124.003159840999956, 10.292118656000014 ], [ 124.00725830600004, 10.28804640200002 ], [ 124.0067219, 10.287483598999984 ], [ 124.007132478000017, 10.286970810000014 ], [ 124.007394576000024, 10.286975085999984 ], [ 124.007193621000056, 10.286816073000011 ], [ 124.00639508200004, 10.2875735 ], [ 124.00552424, 10.287236205999989 ], [ 124.005163079, 10.286638800999981 ], [ 124.005083410999987, 10.286810651999986 ], [ 124.004699004000031, 10.286862257999985 ], [ 124.004371371000047, 10.286739071 ], [ 124.004238849999979, 10.28654136900002 ], [ 124.004552639000053, 10.286339740000017 ], [ 124.004309457999966, 10.286183594000022 ], [ 124.003177283000014, 10.286300955 ], [ 124.003256435000026, 10.285485998000013 ], [ 124.003148023, 10.286305458000015 ], [ 124.003008239999986, 10.286336987000027 ], [ 124.00178051499995, 10.286005792000026 ], [ 124.001847793000024, 10.285323699 ], [ 124.001690533999977, 10.285315114000014 ], [ 124.001747346, 10.285666119999973 ], [ 124.001571172000013, 10.285881035999978 ], [ 124.001205702, 10.286028628999986 ], [ 124.000883886999986, 10.285787957000025 ], [ 124.000813196999957, 10.286104092000016 ], [ 124.000634098999967, 10.286139920999972 ], [ 124.000181231000056, 10.285810851 ], [ 123.99885056100004, 10.285488412 ], [ 123.998635047999983, 10.285296444999972 ], [ 123.998911688000021, 10.284998427 ], [ 123.998576531000026, 10.285135604 ], [ 123.998425083000029, 10.284899215999985 ], [ 123.998656588000017, 10.284668539 ], [ 123.998312962, 10.284860540000011 ], [ 123.998045014000013, 10.28442788000001 ], [ 123.998553973999947, 10.283973436999986 ], [ 123.997859442000049, 10.284380361 ], [ 123.997578385, 10.283805864999977 ], [ 123.998251070000038, 10.283325285999979 ], [ 123.997585660000027, 10.283737939 ], [ 123.997453144000019, 10.283508715999972 ], [ 123.997492439999974, 10.28319111899998 ], [ 123.998826206, 10.283023419000017 ], [ 123.997450210000011, 10.283122352000021 ], [ 123.997645315, 10.28292176399998 ], [ 123.998090702000013, 10.282996208999975 ], [ 123.997678568999959, 10.282806608999977 ], [ 123.998089783999944, 10.282828658000028 ], [ 123.998327494000023, 10.282482335 ], [ 123.998714979000056, 10.282763311999986 ], [ 123.999158505999958, 10.282483679999984 ], [ 123.99918009199996, 10.282050790000028 ], [ 123.998718509000014, 10.281748553999989 ], [ 123.998775611000042, 10.281492601000025 ], [ 123.999244875000045, 10.281153857999982 ], [ 123.998673728999961, 10.281518429000016 ], [ 123.998320196, 10.281023284000014 ], [ 123.998147310000036, 10.281176703000028 ], [ 123.997946625000054, 10.281085580000024 ], [ 123.997729224999944, 10.280515579 ], [ 123.998031773999969, 10.280258867999976 ], [ 123.997596464000026, 10.280444198 ], [ 123.996690409000053, 10.27957883800002 ], [ 123.991585561999955, 10.284509979 ], [ 123.987953775000051, 10.28835946800001 ], [ 123.990254630999971, 10.289182794 ], [ 123.990906849, 10.289594524 ], [ 123.990808252999955, 10.289823758000011 ], [ 123.99180173000002, 10.290433190999977 ], [ 123.991769966, 10.290692141000022 ], [ 123.99213617099997, 10.291116667999972 ], [ 123.992442294000057, 10.291047472 ], [ 123.992671950000044, 10.291655771000023 ], [ 123.993173514999967, 10.291513032000012 ], [ 123.993275500999971, 10.292666474999976 ], [ 123.993622727, 10.292982336000023 ], [ 123.995409496999969, 10.293550143 ], [ 123.995968686999959, 10.293454746 ], [ 123.996038061000036, 10.294592446000024 ], [ 123.996626363000019, 10.294981139000015 ], [ 123.996840880000036, 10.295490758000028 ], [ 123.997328843, 10.295299899999975 ], [ 123.997447993000037, 10.295420392999972 ], [ 123.998745703000054, 10.294642017 ], [ 123.99964258600005, 10.295810614 ], [ 124.000670012, 10.296436495000023 ] ] ] } },
{ "type": "Feature", "properties": { "adm4_pcode": "PH0702226017", "barangay": "Marigondon", "lgu": "Lapu-Lapu City", "area_sqkm": 3.98863273, "price_per_sqm": 94371, "price_q25": 76349, "price_q75": 125683, "point_count": 38, "confident_point_count": 38, "low_conf_share": 0.0, "dist_to_listing_m": 326, "nearest_grid_m": 0, "fallback_nearest": false, "low_confidence": false, "price_label": "PHP 94,371 /sqm", "confidence_label": "Grounded in nearby listings" }, "geometry": { "type": "Polygon", "coordinates": [ [ [ 123.972496789000047, 10.285494342999982 ], [ 123.975985426999955, 10.283767279000017 ], [ 123.979285581999989, 10.282489640999984 ], [ 123.978017162000015, 10.280937272000017 ], [ 123.978224111000031, 10.280724885999973 ], [ 123.977557546999947, 10.280065601 ], [ 123.979454297999951, 10.278409437999983 ], [ 123.978653093000048, 10.277359741 ], [ 123.979318934000048, 10.2766669 ], [ 123.980393527000047, 10.27660133 ], [ 123.981728897000039, 10.276042069000027 ], [ 123.982097483999951, 10.275628734 ], [ 123.984102544000052, 10.275046600999985 ], [ 123.987279361999981, 10.272098474000018 ], [ 123.987625108999964, 10.272525573999985 ], [ 123.988584388000049, 10.272630654000011 ], [ 123.990041949999977, 10.271474773000023 ], [ 123.990036027999963, 10.272813526999983 ], [ 123.990670869000041, 10.27340019899998 ], [ 123.990468667999949, 10.274721434000014 ], [ 123.992025686000034, 10.274813178999977 ], [ 123.992434843999945, 10.275384106 ], [ 123.992359276, 10.276189698999985 ], [ 123.992542644999958, 10.27621026700001 ], [ 123.992502425, 10.27599977 ], [ 123.992999459999965, 10.276215001000025 ], [ 123.993091137999954, 10.276093128000014 ], [ 123.992820851000033, 10.274602776999984 ], [ 123.992415489999985, 10.273995039 ], [ 123.992503930999987, 10.273345689 ], [ 123.992256193, 10.272472967999988 ], [ 123.992579482, 10.272115268 ], [ 123.992531203, 10.271485359 ], [ 123.991726391000043, 10.270178347000012 ], [ 123.991534981999962, 10.270119793999982 ], [ 123.991472262, 10.270395184999984 ], [ 123.991113572000017, 10.270355629 ], [ 123.990580658999988, 10.269885750000014 ], [ 123.990673939999965, 10.269542304000026 ], [ 123.990156031999959, 10.268959256000016 ], [ 123.98996299800001, 10.268342013 ], [ 123.989660601999958, 10.268134687999975 ], [ 123.989610778000042, 10.266771054 ], [ 123.989297127999976, 10.266627038000024 ], [ 123.989099276000047, 10.266245615 ], [ 123.988509665000038, 10.266221601999973 ], [ 123.988721973, 10.265996855000026 ], [ 123.988932679999948, 10.266050661 ], [ 123.988742878000039, 10.265797435000025 ], [ 123.988540219000015, 10.265965204999986 ], [ 123.988416365000035, 10.265822765999985 ], [ 123.988652796999986, 10.265477393000026 ], [ 123.988389004000055, 10.265164028000015 ], [ 123.988184736999983, 10.265290648000018 ], [ 123.987959548000049, 10.264958288 ], [ 123.987529508999955, 10.264851983000028 ], [ 123.987563282999986, 10.264674721 ], [ 123.987767554000015, 10.26469529100001 ], [ 123.987593837999952, 10.264465804999986 ], [ 123.987455511, 10.264389838999989 ], [ 123.987384744999986, 10.264628827000024 ], [ 123.987159561, 10.264464232000023 ], [ 123.987397441999974, 10.264192959000013 ], [ 123.987256345, 10.264086164 ], [ 123.987152465, 10.264325701000018 ], [ 123.986828405999972, 10.264215856000021 ], [ 123.987229973000012, 10.263509494 ], [ 123.986634587000026, 10.263921445 ], [ 123.986512081, 10.263179958000023 ], [ 123.98685874, 10.262940066 ], [ 123.986706787, 10.262782921 ], [ 123.986438551999981, 10.262860736999983 ], [ 123.985817610000026, 10.261921272999984 ], [ 123.985563326000033, 10.261860248 ], [ 123.985307483000042, 10.26117063800001 ], [ 123.985002034, 10.261121820000028 ], [ 123.985211346000028, 10.260749407999981 ], [ 123.98496792200001, 10.260996573999989 ], [ 123.984673326, 10.260787558 ], [ 123.98454773200001, 10.260525140000027 ], [ 123.984851628, 10.260454955 ], [ 123.984817514000042, 10.260287129 ], [ 123.984455497, 10.260513417000027 ], [ 123.984218262000013, 10.259735316 ], [ 123.984344610999983, 10.259563849000017 ], [ 123.984129095999947, 10.259753037999985 ], [ 123.983998854, 10.259666075999974 ], [ 123.983705805999989, 10.259257193 ], [ 123.983899616000031, 10.259054272000014 ], [ 123.983753871999966, 10.259159547000024 ], [ 123.983552304999989, 10.258857461 ], [ 123.983656183999983, 10.258593513999983 ], [ 123.983511991, 10.258775074000027 ], [ 123.983246853999958, 10.258640813999989 ], [ 123.983143464000023, 10.258314618999975 ], [ 123.983045784999945, 10.258485498000027 ], [ 123.982276746000025, 10.258435156000019 ], [ 123.981783691000032, 10.258197149000011 ], [ 123.981622682999955, 10.257873120999989 ], [ 123.979890460999968, 10.260368928 ], [ 123.977338178999958, 10.261799153000027 ], [ 123.976375304000044, 10.26665116700002 ], [ 123.972854729, 10.270308576 ], [ 123.969783619000054, 10.271596901 ], [ 123.96912694599996, 10.272984474999987 ], [ 123.968289508999987, 10.272691372 ], [ 123.966745372999981, 10.272952864 ], [ 123.966039084000045, 10.273958352000022 ], [ 123.965481090000026, 10.276239026999974 ], [ 123.965664606000018, 10.277369997999983 ], [ 123.966739974, 10.277562655 ], [ 123.967174912000019, 10.278200224999978 ], [ 123.966746278999949, 10.279383591 ], [ 123.970658924999952, 10.282932089999974 ], [ 123.970102840999971, 10.283987863999982 ], [ 123.970554837, 10.283876846 ], [ 123.972496789000047, 10.285494342999982 ] ] ] } },
{ "type": "Feature", "properties": { "adm4_pcode": "PH0702226018", "barangay": "Pajac", "lgu": "Lapu-Lapu City", "area_sqkm": 2.65860291, "price_per_sqm": 94166, "price_q25": 83732, "price_q75": 118603, "point_count": 23, "confident_point_count": 23, "low_conf_share": 0.0, "dist_to_listing_m": 574, "nearest_grid_m": 0, "fallback_nearest": false, "low_confidence": false, "price_label": "PHP 94,166 /sqm", "confidence_label": "Grounded in nearby listings" }, "geometry": { "type": "Polygon", "coordinates": [ [ [ 123.978917040000056, 10.307020250999983 ], [ 123.980945948, 10.305143747999978 ], [ 123.980297880999956, 10.304351258 ], [ 123.980708173000039, 10.303479810999988 ], [ 123.981210486, 10.303048604000026 ], [ 123.98169541599998, 10.303549003 ], [ 123.982437042000015, 10.302816326000027 ], [ 123.982316025000046, 10.302544951000016 ], [ 123.982612914000015, 10.301979341 ], [ 123.985507071000029, 10.30423906599998 ], [ 123.987317792999988, 10.302627866000023 ], [ 123.990594663000024, 10.300265728999989 ], [ 123.990173638999977, 10.299284226999987 ], [ 123.992023268000025, 10.295583436000015 ], [ 123.99389072300005, 10.293118221999976 ], [ 123.993275500999971, 10.292666474999976 ], [ 123.993173514999967, 10.291513032000012 ], [ 123.992671950000044, 10.291655771000023 ], [ 123.992442294000057, 10.291047472 ], [ 123.99213617099997, 10.291116667999972 ], [ 123.991769966, 10.290692141000022 ], [ 123.99180173000002, 10.290433190999977 ], [ 123.990808252999955, 10.289823758000011 ], [ 123.990906849, 10.289594524 ], [ 123.990254630999971, 10.289182794 ], [ 123.987953775000051, 10.28835946800001 ], [ 123.986121231999959, 10.289983090000021 ], [ 123.985517110000046, 10.292009687000018 ], [ 123.985013236999976, 10.293045915999983 ], [ 123.984992371999965, 10.293676845999983 ], [ 123.983493453000051, 10.292749169999979 ], [ 123.983283347, 10.291211633999978 ], [ 123.982694816000048, 10.290242036 ], [ 123.976486858000044, 10.291259212 ], [ 123.975281813000038, 10.292128387999981 ], [ 123.975005016999944, 10.293526754000027 ], [ 123.974323720000029, 10.295397146000028 ], [ 123.975676419000024, 10.296343389000015 ], [ 123.973982414000034, 10.297909894999975 ], [ 123.975413028000048, 10.299323861 ], [ 123.975145261999955, 10.299988429 ], [ 123.973484429, 10.301608859999988 ], [ 123.978917040000056, 10.307020250999983 ] ] ] } },
{ "type": "Feature", "properties": { "adm4_pcode": "PH0702226019", "barangay": "Pajo", "lgu": "Lapu-Lapu City", "area_sqkm": 1.73696339, "price_per_sqm": 128469, "price_q25": 118793, "price_q75": 270184, "point_count": 18, "confident_point_count": 18, "low_conf_share": 0.0, "dist_to_listing_m": 226, "nearest_grid_m": 0, "fallback_nearest": false, "low_confidence": false, "price_label": "PHP 128,469 /sqm", "confidence_label": "Grounded in nearby listings" }, "geometry": { "type": "Polygon", "coordinates": [ [ [ 123.961721839, 10.319804845000021 ], [ 123.96289155, 10.320096062 ], [ 123.963928194, 10.318397587999982 ], [ 123.965804474000038, 10.319772525000019 ], [ 123.96737946899998, 10.317549491000022 ], [ 123.971044737000057, 10.314183749 ], [ 123.967547990999947, 10.310754299999985 ], [ 123.9653717, 10.310818639999979 ], [ 123.962954755000055, 10.307460015 ], [ 123.96217615, 10.306718352000019 ], [ 123.952369951000037, 10.311074253000015 ], [ 123.952229493, 10.311271936000026 ], [ 123.95327604900001, 10.311271936000026 ], [ 123.955133685999954, 10.312309770000013 ], [ 123.952445843999953, 10.315975915000024 ], [ 123.952826191999975, 10.31617916099998 ], [ 123.952693844, 10.316395178 ], [ 123.954754214, 10.317794311 ], [ 123.955118234999986, 10.317243889 ], [ 123.955312359, 10.317591248999975 ], [ 123.955827023999973, 10.317328998 ], [ 123.956615432000035, 10.317762803999983 ], [ 123.956726033999985, 10.317671874999974 ], [ 123.956592514000022, 10.317923064000013 ], [ 123.956710478, 10.318038218000027 ], [ 123.956985301000032, 10.317695232 ], [ 123.957523982999987, 10.317536535999977 ], [ 123.958575831999951, 10.317634004000013 ], [ 123.958487710999975, 10.317791618 ], [ 123.958634566, 10.317859925 ], [ 123.958930959999975, 10.317631389999974 ], [ 123.959212353999987, 10.317945839 ], [ 123.96001873199998, 10.318056199000011 ], [ 123.960085299999946, 10.318324516000018 ], [ 123.96032342, 10.318182808000017 ], [ 123.960463051000033, 10.318331758999989 ], [ 123.960543899999948, 10.318098943 ], [ 123.960606406000011, 10.318966550000027 ], [ 123.961497748000056, 10.318927826999982 ], [ 123.961771959999965, 10.319168143000013 ], [ 123.961542682999948, 10.319364208000025 ], [ 123.961721839, 10.319804845000021 ] ] ] } },
{ "type": "Feature", "properties": { "adm4_pcode": "PH0702226020", "barangay": "Pangan-an", "lgu": "Lapu-Lapu City", "area_sqkm": 0.92737609, "price_per_sqm": 169800, "price_q25": 169800, "price_q75": 169800, "point_count": 7, "confident_point_count": 0, "low_conf_share": 1.0, "dist_to_listing_m": 8122, "nearest_grid_m": 0, "fallback_nearest": false, "low_confidence": true, "price_label": "PHP 169,800 /sqm", "confidence_label": "Low confidence · median grid cell 8.1 km from listing" }, "geometry": { "type": "MultiPolygon", "coordinates": [ [ [ [ 124.038664677000043, 10.225327879000019 ], [ 124.039000488000056, 10.224627511999984 ], [ 124.038527761999944, 10.225310663000016 ], [ 124.03843378199997, 10.224950332 ], [ 124.038271396000027, 10.224931552999976 ], [ 124.038405077999982, 10.224599393 ], [ 124.038860837000016, 10.223944463 ], [ 124.038827374999983, 10.223732961 ], [ 124.039058229000034, 10.223850432 ], [ 124.040170817999979, 10.222664235000025 ], [ 124.040269532000025, 10.221897346999981 ], [ 124.040864819000035, 10.220631555000011 ], [ 124.041307709999955, 10.220216256000015 ], [ 124.041684577999945, 10.220111283999984 ], [ 124.042063064999979, 10.220409725000025 ], [ 124.04240087200003, 10.220164376000014 ], [ 124.042320844999949, 10.217829484 ], [ 124.042821045999972, 10.217045456 ], [ 124.040858802, 10.217281719000027 ], [ 124.037398853000013, 10.216788241000017 ], [ 124.035695468999961, 10.216072311 ], [ 124.034891901000037, 10.215272352 ], [ 124.034584582999969, 10.215302302 ], [ 124.034111068000016, 10.214930776000017 ], [ 124.033746335000046, 10.214932481 ], [ 124.033030187, 10.214425571 ], [ 124.031540294000024, 10.213802556000019 ], [ 124.031686107000041, 10.214166706000015 ], [ 124.032601259999979, 10.215063666 ], [ 124.033085046999986, 10.215254362999985 ], [ 124.034976064000034, 10.216837619999978 ], [ 124.035879076000015, 10.218893986000012 ], [ 124.03587539199998, 10.221072865999986 ], [ 124.036831690999975, 10.222185089999982 ], [ 124.036806286, 10.222673906000011 ], [ 124.036616846000015, 10.22272166 ], [ 124.03668221800001, 10.223465840000017 ], [ 124.037099327999954, 10.223534722000011 ], [ 124.037578176000011, 10.224017867999976 ], [ 124.038021531000027, 10.225489300999982 ], [ 124.038586822999946, 10.226427683999987 ], [ 124.038776210000037, 10.225989025999979 ], [ 124.038664677000043, 10.225327879000019 ] ] ], [ [ [ 124.042505725999945, 10.22099590800002 ], [ 124.043359212000041, 10.220187034 ], [ 124.042493459999946, 10.220172255000023 ], [ 124.041890091000027, 10.220614021000017 ], [ 124.041291156000057, 10.220376867000027 ], [ 124.041100148000055, 10.220581319000019 ], [ 124.041680972, 10.221101286000021 ], [ 124.042505725999945, 10.22099590800002 ] ] ], [ [ [ 124.043358675000036, 10.224159401 ], [ 124.04325824, 10.223775644999989 ], [ 124.044386755, 10.223382510000022 ], [ 124.044244196000022, 10.222933227999988 ], [ 124.04451537, 10.222940721999976 ], [ 124.044752776, 10.222565256 ], [ 124.044545872999947, 10.22225612699998 ], [ 124.04489050899997, 10.221818826 ], [ 124.044939496999973, 10.221597342999985 ], [ 124.044744929999979, 10.221624513999984 ], [ 124.044634581999958, 10.221384801999989 ], [ 124.044959345000052, 10.221206834999975 ], [ 124.044688126999972, 10.220944536 ], [ 124.044735572000036, 10.220661072999974 ], [ 124.044520103999957, 10.220557086999975 ], [ 124.044487849, 10.220083661 ], [ 124.043623809999985, 10.220299413000021 ], [ 124.04257343200004, 10.221162075999985 ], [ 124.041626872000052, 10.221417805999977 ], [ 124.041725198999984, 10.222249465 ], [ 124.041490173000057, 10.222192473 ], [ 124.041430657999967, 10.222453866000023 ], [ 124.041039518000048, 10.222552142999973 ], [ 124.040589711000052, 10.223286287 ], [ 124.040978621000022, 10.223840173999974 ], [ 124.041017401999966, 10.224350035999976 ], [ 124.041425437000044, 10.224183186 ], [ 124.041611280999973, 10.22365527 ], [ 124.041802175000043, 10.223809072 ], [ 124.042729716000053, 10.223812489000011 ], [ 124.042631085000039, 10.224376015000018 ], [ 124.042848320999951, 10.224628589000019 ], [ 124.043358675000036, 10.224159401 ] ] ], [ [ [ 124.043662391, 10.22786951 ], [ 124.043735372000015, 10.227740497000013 ], [ 124.044616764000011, 10.22787953400001 ], [ 124.044677094, 10.22765547 ], [ 124.045387685000037, 10.227538233000018 ], [ 124.046061255000041, 10.226990453999974 ], [ 124.046400939000023, 10.22644384 ], [ 124.046343940000042, 10.225985558 ], [ 124.046583938000026, 10.225967426000011 ], [ 124.046275042000048, 10.225098417000027 ], [ 124.044106251000017, 10.224622237 ], [ 124.043725151, 10.22506192100002 ], [ 124.04326646100003, 10.224781928000027 ], [ 124.042636960999971, 10.225022573999979 ], [ 124.043230503000018, 10.226337947 ], [ 124.043042524000043, 10.226463583999987 ], [ 124.043049912000015, 10.226793472 ], [ 124.043331081000019, 10.226968254999974 ], [ 124.043357018000052, 10.227360345000022 ], [ 124.043636483, 10.227653944999986 ], [ 124.043451949999962, 10.227762607999978 ], [ 124.043662391, 10.22786951 ] ] ], [ [ [ 124.039719471000012, 10.233419906 ], [ 124.040394279999987, 10.233027935999985 ], [ 124.040551444000016, 10.232297430000017 ], [ 124.039810268999986, 10.229493917000013 ], [ 124.039357515, 10.228869207 ], [ 124.039145882999946, 10.229064140999981 ], [ 124.039105794999955, 10.229758974 ], [ 124.036611453999967, 10.230637075 ], [ 124.03626348399996, 10.230975697000019 ], [ 124.036428584999953, 10.231247705999976 ], [ 124.036816377000036, 10.23123590900002 ], [ 124.036756771, 10.231601889 ], [ 124.037542959, 10.23202353 ], [ 124.037605044999964, 10.232301673999984 ], [ 124.037821805000021, 10.232254673 ], [ 124.038398613000027, 10.232804525 ], [ 124.038597479000032, 10.232773184 ], [ 124.039004033999959, 10.233423789000028 ], [ 124.039316676999988, 10.233412417000011 ], [ 124.039598693000016, 10.233801208999978 ], [ 124.039719471000012, 10.233419906 ] ] ], [ [ [ 124.034734191999974, 10.23570215 ], [ 124.034320988, 10.235189649 ], [ 124.034204429000056, 10.234330772000021 ], [ 124.033784468000022, 10.234239587 ], [ 124.033642634999978, 10.234006137 ], [ 124.032983964999971, 10.234211199000015 ], [ 124.033076752000056, 10.234728166000025 ], [ 124.032549373000052, 10.234102579000023 ], [ 124.032492037999987, 10.233737113000018 ], [ 124.03224710500001, 10.233886833999975 ], [ 124.032393319999983, 10.234143422999978 ], [ 124.032085143000018, 10.234057926999981 ], [ 124.031312854000021, 10.234302361 ], [ 124.033820236999986, 10.236190623000027 ], [ 124.033971193999946, 10.236136956 ], [ 124.033945726999946, 10.235686890000011 ], [ 124.034244335000039, 10.235733811999978 ], [ 124.034353485, 10.236243672 ], [ 124.034666070999947, 10.236069805 ], [ 124.034734191999974, 10.23570215 ] ] ] ] } },
{ "type": "Feature", "properties": { "adm4_pcode": "PH0702226021", "barangay": "Poblacion", "lgu": "Lapu-Lapu City", "area_sqkm": 0.320412, "price_per_sqm": 120967, "price_q25": 92724, "price_q75": 196655, "point_count": 3, "confident_point_count": 3, "low_conf_share": 0.0, "dist_to_listing_m": 743, "nearest_grid_m": 0, "fallback_nearest": false, "low_confidence": false, "price_label": "PHP 120,967 /sqm", "confidence_label": "Grounded in nearby listings" }, "geometry": { "type": "Polygon", "coordinates": [ [ [ 123.952445843999953, 10.315975915000024 ], [ 123.955133685999954, 10.312309770000013 ], [ 123.95327604900001, 10.311271936000026 ], [ 123.952229493, 10.311271936000026 ], [ 123.948261028000047, 10.309485748999975 ], [ 123.948296019000054, 10.310214982 ], [ 123.947058471, 10.312569320000023 ], [ 123.947994582999968, 10.313086924 ], [ 123.947822256, 10.313624931 ], [ 123.948072802999945, 10.313768818000028 ], [ 123.948053532000017, 10.313536817999989 ], [ 123.948582968999972, 10.313840206 ], [ 123.948421423000013, 10.314154045 ], [ 123.948597148999966, 10.313850661 ], [ 123.949176318000013, 10.314195276000021 ], [ 123.94911313700004, 10.31436836 ], [ 123.949550731000045, 10.314681195 ], [ 123.949933562999945, 10.314141864000021 ], [ 123.949918009000044, 10.314282435 ], [ 123.950247510000054, 10.314209763 ], [ 123.950572555, 10.314465547999987 ], [ 123.950481183999955, 10.314901607000024 ], [ 123.95115415500004, 10.314975994 ], [ 123.951426192999975, 10.315361334999977 ], [ 123.951710984999977, 10.315114618999985 ], [ 123.951553460000014, 10.315403733999972 ], [ 123.952445843999953, 10.315975915000024 ] ] ] } },
{ "type": "Feature", "properties": { "adm4_pcode": "PH0702226022", "barangay": "Punta Engaño", "lgu": "Lapu-Lapu City", "area_sqkm": 2.22646788, "price_per_sqm": 153451, "price_q25": 138820, "price_q75": 273582, "point_count": 20, "confident_point_count": 20, "low_conf_share": 0.0, "dist_to_listing_m": 152, "nearest_grid_m": 0, "fallback_nearest": false, "low_confidence": false, "price_label": "PHP 153,451 /sqm", "confidence_label": "Grounded in nearby listings" }, "geometry": { "type": "Polygon", "coordinates": [ [ [ 124.04353685000001, 10.334238469000013 ], [ 124.045114227999989, 10.333997749 ], [ 124.045659776999969, 10.333316460999981 ], [ 124.045110798999985, 10.331519085000025 ], [ 124.044362056999944, 10.330376788000024 ], [ 124.044277997, 10.329842257 ], [ 124.044091431999959, 10.329926595000018 ], [ 124.043404431999988, 10.329094211999973 ], [ 124.043692252000028, 10.328765780000026 ], [ 124.043432110000026, 10.328958902000011 ], [ 124.042941918, 10.328372404999982 ], [ 124.042772786, 10.328020461 ], [ 124.04316325800005, 10.328004239 ], [ 124.042808918999981, 10.327494511 ], [ 124.042264378000027, 10.327471473 ], [ 124.04185354699996, 10.327223894999975 ], [ 124.040549919, 10.325454345000026 ], [ 124.040151692999984, 10.325243918000012 ], [ 124.035402547999979, 10.318310177 ], [ 124.034012606000033, 10.317105667000021 ], [ 124.033762382999953, 10.317082520999975 ], [ 124.033258586999978, 10.316455421 ], [ 124.031886264000036, 10.316003837999972 ], [ 124.029551935999962, 10.315729679000015 ], [ 124.029305761000046, 10.315510073999974 ], [ 124.029393712, 10.315317627000013 ], [ 124.028612045000045, 10.315160997000021 ], [ 124.02816536, 10.314805154 ], [ 124.028577498, 10.314122193 ], [ 124.02846173, 10.313960275 ], [ 124.027870345999986, 10.314768615 ], [ 124.027493807000042, 10.314627619000021 ], [ 124.027889664999975, 10.313986100000022 ], [ 124.027475859, 10.314193680000017 ], [ 124.027117240000052, 10.31401259 ], [ 124.026960727999949, 10.313853890000019 ], [ 124.027240953000046, 10.313509055999987 ], [ 124.026903600999958, 10.313585607999983 ], [ 124.026880667, 10.313199171 ], [ 124.026315940000018, 10.313794234999989 ], [ 124.026174038000022, 10.313436696 ], [ 124.025932281, 10.313557075 ], [ 124.025375654999948, 10.313027948000013 ], [ 124.024592024999947, 10.311664764 ], [ 124.024660403999974, 10.311499568999977 ], [ 124.024029381, 10.310831258 ], [ 124.025002377999954, 10.310101427 ], [ 124.025401921000025, 10.31017325800002 ], [ 124.025439209999945, 10.310020302999988 ], [ 124.024963484999944, 10.309901068999977 ], [ 124.025050489000023, 10.309528941999986 ], [ 124.024902792000034, 10.309455547000027 ], [ 124.02468056400005, 10.310010783 ], [ 124.023803759999964, 10.309922192999977 ], [ 124.023373024999955, 10.308756695999989 ], [ 124.022637186, 10.307611572999974 ], [ 124.022793309, 10.307256398999982 ], [ 124.02235960400003, 10.307418582000025 ], [ 124.022145708000039, 10.307306939999989 ], [ 124.021476537000012, 10.309168640999985 ], [ 124.01727004199995, 10.31327515800001 ], [ 124.017274154, 10.313482869999973 ], [ 124.017896015000019, 10.313703141000019 ], [ 124.017940816999953, 10.313920576999976 ], [ 124.019200294000029, 10.314300248999984 ], [ 124.019557180999982, 10.314758531999985 ], [ 124.019741152000051, 10.314619462999985 ], [ 124.019484024, 10.314106422 ], [ 124.019070979000048, 10.314144812999984 ], [ 124.019226918999948, 10.313897860999987 ], [ 124.019683835000023, 10.313956564000023 ], [ 124.019609522999986, 10.314120796999987 ], [ 124.019805696000049, 10.314191508000022 ], [ 124.019973878999963, 10.314685376 ], [ 124.020225280999966, 10.314856814999985 ], [ 124.020459462999952, 10.314759251999988 ], [ 124.020573969, 10.314955051000027 ], [ 124.020480238, 10.315299614000025 ], [ 124.020057504999954, 10.315294978999987 ], [ 124.019571333000044, 10.315085237 ], [ 124.019549386, 10.314888645 ], [ 124.019352012000013, 10.315052886999979 ], [ 124.018564420999951, 10.314830815 ], [ 124.018695650000041, 10.315112423000016 ], [ 124.020021884000016, 10.315414663000013 ], [ 124.019695511, 10.315874262000023 ], [ 124.018965421999951, 10.316165413000022 ], [ 124.019601148999982, 10.316510838999989 ], [ 124.019395831999987, 10.317504736999979 ], [ 124.018427871999961, 10.317219362 ], [ 124.018362059999959, 10.317466433999982 ], [ 124.019583383000054, 10.318263101000014 ], [ 124.020541578, 10.318307402000016 ], [ 124.020509716, 10.317668433 ], [ 124.020158601000048, 10.317380617000026 ], [ 124.020721675, 10.315357807 ], [ 124.02119588000005, 10.315245028 ], [ 124.022527196000055, 10.315929412 ], [ 124.023661526999945, 10.316825219 ], [ 124.023995023, 10.317379893 ], [ 124.024826643999972, 10.317554508 ], [ 124.02547584399997, 10.31795473699998 ], [ 124.025750239999979, 10.318337069 ], [ 124.025621093000041, 10.318530904 ], [ 124.025858448, 10.318453022000028 ], [ 124.026210580999987, 10.319136074000028 ], [ 124.028291732999946, 10.321325264999984 ], [ 124.029185564000045, 10.321936516999983 ], [ 124.03028924, 10.322302528000023 ], [ 124.03208142699998, 10.323804831000018 ], [ 124.03302385500001, 10.324891934999982 ], [ 124.033954165999944, 10.327010196 ], [ 124.035088308000013, 10.328251949 ], [ 124.036116412999945, 10.328679465 ], [ 124.036628136, 10.329109323000011 ], [ 124.037371176999955, 10.329184989999987 ], [ 124.038411516, 10.330202559999975 ], [ 124.040477276000047, 10.331516691 ], [ 124.041715445000023, 10.332650382 ], [ 124.041735319000054, 10.333283187 ], [ 124.04232026, 10.333840418000023 ], [ 124.042866861, 10.333826337 ], [ 124.04353685000001, 10.334238469000013 ] ] ] } },
{ "type": "Feature", "properties": { "adm4_pcode": "PH0702226024", "barangay": "Pusok", "lgu": "Lapu-Lapu City", "area_sqkm": 2.40991447, "price_per_sqm": 133519, "price_q25": 108653, "price_q75": 229118, "point_count": 25, "confident_point_count": 25, "low_conf_share": 0.0, "dist_to_listing_m": 289, "nearest_grid_m": 0, "fallback_nearest": false, "low_confidence": false, "price_label": "PHP 133,519 /sqm", "confidence_label": "Grounded in nearby listings" }, "geometry": { "type": "Polygon", "coordinates": [ [ [ 123.97526505999997, 10.328005177000023 ], [ 123.975565016000019, 10.327636665999989 ], [ 123.975687764999975, 10.327778019 ], [ 123.976722156000051, 10.326034795999988 ], [ 123.975516266, 10.325348615999985 ], [ 123.976806057999966, 10.325314225999989 ], [ 123.977317405, 10.325098922 ], [ 123.980117250000035, 10.321495506000019 ], [ 123.980273443999977, 10.320860187 ], [ 123.98171532799995, 10.319200446000025 ], [ 123.984689431999982, 10.316802243999973 ], [ 123.976889349999965, 10.309058493 ], [ 123.973768801, 10.311461499000018 ], [ 123.969880796999973, 10.315360156 ], [ 123.967650247000051, 10.317273738999972 ], [ 123.965804474000038, 10.319772525000019 ], [ 123.963928194, 10.318397587999982 ], [ 123.96289155, 10.320096062 ], [ 123.963327330999959, 10.320356775999983 ], [ 123.963407943999982, 10.32105390800001 ], [ 123.964225465000027, 10.321057574 ], [ 123.96408610900005, 10.32136940700002 ], [ 123.96454854000001, 10.321486928000013 ], [ 123.964704403000042, 10.32188012 ], [ 123.964983096999958, 10.32171140600002 ], [ 123.965162246999967, 10.32186507199998 ], [ 123.965447070999971, 10.321471895 ], [ 123.965640004999955, 10.321553250000022 ], [ 123.965195926999968, 10.322052561000021 ], [ 123.965404165999985, 10.322350847999985 ], [ 123.965756079000016, 10.322111756000027 ], [ 123.965979627000024, 10.322568224 ], [ 123.966212379000012, 10.322482363 ], [ 123.966134277000037, 10.322742977000019 ], [ 123.966367031, 10.322610417000021 ], [ 123.966512492999982, 10.322779143999981 ], [ 123.966420275000019, 10.323003684000014 ], [ 123.966803084000048, 10.323122706999982 ], [ 123.96669895399998, 10.323289921000026 ], [ 123.967534793000027, 10.323846716 ], [ 123.967375536999953, 10.324038031999976 ], [ 123.96770475400001, 10.324108844000023 ], [ 123.967297419000033, 10.324835016 ], [ 123.967628493, 10.325157236999985 ], [ 123.968491189000019, 10.325051807000023 ], [ 123.968926063000026, 10.325307916999975 ], [ 123.968864804999953, 10.325555065 ], [ 123.970284088999961, 10.32592870000002 ], [ 123.970522078000045, 10.325494540000022 ], [ 123.970624669000017, 10.325685863 ], [ 123.970718079999983, 10.325473455 ], [ 123.970924798000055, 10.325586441999974 ], [ 123.970756350999977, 10.325958303999982 ], [ 123.971111608, 10.325774522000017 ], [ 123.97131373000002, 10.326032130999977 ], [ 123.971538827000018, 10.325988446999986 ], [ 123.971750279000048, 10.326351507000027 ], [ 123.971990691999963, 10.326098425 ], [ 123.97285891599995, 10.326428352 ], [ 123.973052394999968, 10.326605168000015 ], [ 123.973040140999956, 10.327007392999974 ], [ 123.973237676000053, 10.326868800999989 ], [ 123.973620946999972, 10.327166493 ], [ 123.974270208, 10.327225252 ], [ 123.974312850000047, 10.327483144999974 ], [ 123.974894734000031, 10.327867298 ], [ 123.975197925999964, 10.32760517600002 ], [ 123.97526505999997, 10.328005177000023 ] ] ] } },
{ "type": "Feature", "properties": { "adm4_pcode": "PH0702226025", "barangay": "Sabang", "lgu": "Lapu-Lapu City", "area_sqkm": 3.96085263, "price_per_sqm": 169800, "price_q25": 169800, "price_q75": 169800, "point_count": 33, "confident_point_count": 0, "low_conf_share": 1.0, "dist_to_listing_m": 6763, "nearest_grid_m": 0, "fallback_nearest": false, "low_confidence": true, "price_label": "PHP 169,800 /sqm", "confidence_label": "Low confidence · median grid cell 6.8 km from listing" }, "geometry": { "type": "MultiPolygon", "coordinates": [ [ [ [ 124.061297164000052, 10.259141708000016 ], [ 124.060570268, 10.258867091000013 ], [ 124.060289663000049, 10.258187115 ], [ 124.060765756000023, 10.258034451000015 ], [ 124.061404735, 10.258683569000027 ], [ 124.063114154, 10.257154861 ], [ 124.063012584000035, 10.256905940000024 ], [ 124.063357787999962, 10.256779642000026 ], [ 124.062822289999986, 10.255726395000011 ], [ 124.06295366400002, 10.25541937700001 ], [ 124.062349254999958, 10.253995508 ], [ 124.062428359000023, 10.253644867999981 ], [ 124.06156918399995, 10.25259961 ], [ 124.061569076999945, 10.252102594 ], [ 124.061250611999981, 10.25241441999998 ], [ 124.061142801999949, 10.251615957000013 ], [ 124.060721564, 10.251632770000015 ], [ 124.061236153999971, 10.250936025999977 ], [ 124.061005686000044, 10.250892326999974 ], [ 124.060913130000017, 10.250440142 ], [ 124.060688180000056, 10.250388585 ], [ 124.061048393999954, 10.249925172000019 ], [ 124.060777791999953, 10.24947365700001 ], [ 124.061002349999967, 10.249201880999976 ], [ 124.060723326000016, 10.248889405 ], [ 124.060408164000023, 10.249014245000012 ], [ 124.060427375000017, 10.248483051 ], [ 124.060019047999958, 10.248387579 ], [ 124.060316081, 10.248198571999978 ], [ 124.060203696000031, 10.247838527999988 ], [ 124.059753328000056, 10.247243434999973 ], [ 124.059416400000032, 10.247214983 ], [ 124.059156467999969, 10.245783940000024 ], [ 124.058743682, 10.245141233000027 ], [ 124.057852358, 10.245482583000012 ], [ 124.057428405999985, 10.245881565 ], [ 124.057134290000022, 10.245859224000014 ], [ 124.057085804000053, 10.245135184 ], [ 124.058611774000042, 10.244672767999987 ], [ 124.058579914, 10.244435753 ], [ 124.058178450000014, 10.244291761 ], [ 124.058476832, 10.244087476 ], [ 124.058296445999986, 10.243501668000022 ], [ 124.057757164, 10.243510717999982 ], [ 124.058164590000047, 10.243186657000024 ], [ 124.058232689999954, 10.242852727000013 ], [ 124.057844863000014, 10.242714166999974 ], [ 124.05674559900001, 10.243266514000027 ], [ 124.056436131000055, 10.241816805999974 ], [ 124.05662938, 10.24179675 ], [ 124.056485318999989, 10.241951921 ], [ 124.056656579999981, 10.24218543500001 ], [ 124.057110824, 10.241820013999984 ], [ 124.057010942000034, 10.241087697000012 ], [ 124.057151617000045, 10.240954214999988 ], [ 124.056649833000051, 10.240920948999985 ], [ 124.056578544, 10.240465455 ], [ 124.056112264000035, 10.239936726999986 ], [ 124.056122351999988, 10.239516342 ], [ 124.055281797000021, 10.238322681 ], [ 124.054761305000056, 10.237949655000023 ], [ 124.054603535999945, 10.237332456 ], [ 124.054210195999985, 10.237025581000012 ], [ 124.05385683999998, 10.237309368000012 ], [ 124.05392967, 10.236975716000018 ], [ 124.053607592000048, 10.237002465999979 ], [ 124.053429557999948, 10.236788970000021 ], [ 124.053551551000055, 10.236476996000022 ], [ 124.051850969000043, 10.236450579 ], [ 124.050893889, 10.237364733 ], [ 124.050636643999951, 10.237888727999973 ], [ 124.05061483999998, 10.240023431999987 ], [ 124.049885170000039, 10.24145230900001 ], [ 124.049816158999988, 10.242645066000023 ], [ 124.049541869999985, 10.242855561 ], [ 124.049355983000055, 10.242549355999984 ], [ 124.049022681999986, 10.242666972 ], [ 124.048748405999959, 10.242984869 ], [ 124.048522801999979, 10.243838643 ], [ 124.047902015999966, 10.244642801999987 ], [ 124.047899058999974, 10.245399598 ], [ 124.048015556999985, 10.245296531 ], [ 124.048192571999948, 10.245476471000018 ], [ 124.048136742, 10.246737175000021 ], [ 124.048198706, 10.246844565 ], [ 124.048217830999988, 10.246558644 ], [ 124.048467072, 10.246477326 ], [ 124.048332980000055, 10.247189967999986 ], [ 124.048678121999956, 10.247289686999977 ], [ 124.047895111, 10.248211433 ], [ 124.047872567000013, 10.248934575000021 ], [ 124.048138126000026, 10.249385905999986 ], [ 124.048300757, 10.248699821 ], [ 124.048103695, 10.248247554999978 ], [ 124.048248839000053, 10.248235629000021 ], [ 124.048423438999976, 10.248687899 ], [ 124.049293972999976, 10.247817042 ], [ 124.049252458999945, 10.247570495 ], [ 124.049568224000041, 10.247258595 ], [ 124.049467914000047, 10.2467451 ], [ 124.049714977, 10.246568219999972 ], [ 124.049727435000023, 10.245461537999972 ], [ 124.050143530000014, 10.246353106000015 ], [ 124.050271207000037, 10.24613739199998 ], [ 124.049946620000014, 10.245444518 ], [ 124.050117460000024, 10.24532050900001 ], [ 124.050226243999987, 10.245631289000016 ], [ 124.050612830999967, 10.245571779999977 ], [ 124.05086147999998, 10.246254476999979 ], [ 124.050612986000033, 10.247330754000018 ], [ 124.050859823999986, 10.247529418999989 ], [ 124.050828916, 10.248413706 ], [ 124.051051713, 10.249287375999984 ], [ 124.051320968000027, 10.249370549999981 ], [ 124.05120371299995, 10.249963074 ], [ 124.050711848, 10.250053173000026 ], [ 124.05052711999997, 10.249733913999989 ], [ 124.050304488000052, 10.249786600999983 ], [ 124.050389124000048, 10.250161923 ], [ 124.05006223800001, 10.250782922999974 ], [ 124.049974391999967, 10.251774779000016 ], [ 124.050190145999977, 10.25186645399998 ], [ 124.050096994, 10.252131414000019 ], [ 124.050347415000033, 10.253051014 ], [ 124.050628729999971, 10.252993221999986 ], [ 124.050706602, 10.253257959 ], [ 124.051193230999957, 10.252811356 ], [ 124.051393326000039, 10.252198213999975 ], [ 124.051543470999945, 10.252137047000019 ], [ 124.05180594, 10.25284351900001 ], [ 124.051635138000051, 10.253193411999973 ], [ 124.051705255, 10.253954712999985 ], [ 124.051513358999955, 10.254936209 ], [ 124.052990263999959, 10.255479935999972 ], [ 124.054309815000011, 10.256348005 ], [ 124.053556383, 10.25823671 ], [ 124.054901302999951, 10.258821259 ], [ 124.055435763, 10.258777298999973 ], [ 124.057149454999944, 10.260100695 ], [ 124.057887007999966, 10.260411084999987 ], [ 124.061297164000052, 10.259141708000016 ] ] ], [ [ [ 124.050404104, 10.236684699000023 ], [ 124.050030580999987, 10.236864761999982 ], [ 124.050242992999983, 10.237174369 ], [ 124.050428943000043, 10.236892142999977 ], [ 124.050404104, 10.236684699000023 ] ] ], [ [ [ 124.049979484, 10.240080198999976 ], [ 124.050246140000013, 10.237525084000026 ], [ 124.049519364000048, 10.236430829000028 ], [ 124.050113927999973, 10.236305347999973 ], [ 124.051564489000043, 10.235363584000027 ], [ 124.052624845999958, 10.234970374999989 ], [ 124.05298841900003, 10.234483649000026 ], [ 124.05270995, 10.234171913000012 ], [ 124.05234120199998, 10.234285704 ], [ 124.051376319000042, 10.233866104000015 ], [ 124.051239349999946, 10.233442718 ], [ 124.051586051999948, 10.233250296999984 ], [ 124.051332732, 10.232925847999979 ], [ 124.050868723, 10.232967751999979 ], [ 124.050689798, 10.232570209000016 ], [ 124.050258066999959, 10.23254018 ], [ 124.04985578000003, 10.231825527000012 ], [ 124.049424040999952, 10.231748661999973 ], [ 124.049157126999944, 10.231420867999987 ], [ 124.048693112000024, 10.231422624 ], [ 124.048975197, 10.231083023 ], [ 124.048557201999984, 10.230397295999978 ], [ 124.047865495999986, 10.230782133 ], [ 124.047858658, 10.230566361 ], [ 124.047688716000039, 10.230716930000028 ], [ 124.04743204, 10.230579816999978 ], [ 124.047491494000042, 10.230387451000013 ], [ 124.047262853, 10.230168315000014 ], [ 124.046265098000049, 10.229939334 ], [ 124.046415836000051, 10.230349933000014 ], [ 124.046704880999982, 10.230413637000026 ], [ 124.046909259000017, 10.230755252999984 ], [ 124.047012226, 10.230634268000017 ], [ 124.047638972999948, 10.231634610000015 ], [ 124.047745382000016, 10.232165853000026 ], [ 124.04745801599995, 10.23221004200002 ], [ 124.047182332000034, 10.232558282000014 ], [ 124.04741345900004, 10.232873908999977 ], [ 124.047249100000045, 10.233395409000025 ], [ 124.046744125000032, 10.23342982600002 ], [ 124.046072509000055, 10.234149237999986 ], [ 124.045248627999968, 10.234370061999982 ], [ 124.044839973999956, 10.234280222999985 ], [ 124.044841581000014, 10.233966360000011 ], [ 124.044414445000029, 10.233946625999977 ], [ 124.043794471999945, 10.233551060000025 ], [ 124.043480421000027, 10.233600358 ], [ 124.043709980000017, 10.233924666 ], [ 124.043575414999964, 10.234113181999987 ], [ 124.043387267999947, 10.233775283 ], [ 124.043102558999976, 10.233856840999977 ], [ 124.042713740999943, 10.233608840999977 ], [ 124.041816414999971, 10.233513889999983 ], [ 124.041673238000044, 10.233809389999976 ], [ 124.042163421000055, 10.234495360999972 ], [ 124.042037484000048, 10.234685572999979 ], [ 124.042590183000016, 10.234827156 ], [ 124.042645517999972, 10.235519968 ], [ 124.043063174000054, 10.235876510000026 ], [ 124.042904465, 10.236160125000026 ], [ 124.043705343000056, 10.237675576000015 ], [ 124.044606983, 10.238639310999986 ], [ 124.044391, 10.238856484 ], [ 124.044947235, 10.239655921 ], [ 124.044669144999943, 10.239834920000021 ], [ 124.045690439000055, 10.240699405999976 ], [ 124.047822683000049, 10.243777795000028 ], [ 124.04826725800001, 10.24354963899998 ], [ 124.048526702, 10.24288403700001 ], [ 124.049586184999953, 10.241702705000023 ], [ 124.049979484, 10.240080198999976 ] ] ], [ [ [ 124.046660048000035, 10.248666491 ], [ 124.046934588999989, 10.244246636000014 ], [ 124.046378053000012, 10.243267721 ], [ 124.045510831, 10.242599316 ], [ 124.045666333999975, 10.242377611 ], [ 124.045466047, 10.242103187 ], [ 124.044625313999973, 10.241319037999972 ], [ 124.043953059000046, 10.24114145599998 ], [ 124.043647276, 10.240765004000025 ], [ 124.043522162000045, 10.24096735 ], [ 124.043842233999953, 10.241255831999979 ], [ 124.043575902000043, 10.241584873000022 ], [ 124.043622439000046, 10.241901550000023 ], [ 124.043326611999987, 10.241763180000021 ], [ 124.043228312, 10.24194265 ], [ 124.042888611999956, 10.241877607999982 ], [ 124.042604311, 10.241664773000025 ], [ 124.042375505999985, 10.241891765999981 ], [ 124.042381321, 10.242555059999972 ], [ 124.042195505, 10.242577255000015 ], [ 124.042195269999979, 10.241148310000028 ], [ 124.041650913000012, 10.240930440999989 ], [ 124.041273990000036, 10.241343130000018 ], [ 124.041279271, 10.242218149 ], [ 124.04091279, 10.243214857 ], [ 124.039536027000054, 10.243359731999988 ], [ 124.039598535999971, 10.243580721 ], [ 124.039406056999951, 10.243687091000027 ], [ 124.039096353, 10.243226615000026 ], [ 124.038768768999944, 10.243183459000022 ], [ 124.038419267, 10.243371271 ], [ 124.038458152999965, 10.243846217999987 ], [ 124.038248471999964, 10.243871403000014 ], [ 124.037691084000016, 10.242336951000027 ], [ 124.037171252, 10.241854479999972 ], [ 124.038279634, 10.245657089000019 ], [ 124.040509371999974, 10.248616324000011 ], [ 124.041168482999979, 10.249773735000019 ], [ 124.045032842999944, 10.25180439899998 ], [ 124.046259220000024, 10.250210847 ], [ 124.046660048000035, 10.248666491 ] ] ] ] } },
{ "type": "Feature", "properties": { "adm4_pcode": "PH0702226031", "barangay": "San Vicente", "lgu": "Lapu-Lapu City", "area_sqkm": 2.89619789, "price_per_sqm": 169800, "price_q25": 162895, "price_q75": 169800, "point_count": 27, "confident_point_count": 9, "low_conf_share": 0.667, "dist_to_listing_m": 5181, "nearest_grid_m": 0, "fallback_nearest": false, "low_confidence": true, "price_label": "PHP 169,800 /sqm", "confidence_label": "Low confidence · median grid cell 5.2 km from listing" }, "geometry": { "type": "MultiPolygon", "coordinates": [ [ [ [ 124.038343542, 10.262115483 ], [ 124.040453820000039, 10.259459306 ], [ 124.040486549999969, 10.258811331 ], [ 124.040232012000047, 10.258609998999987 ], [ 124.040716401000054, 10.257583661000012 ], [ 124.040934527, 10.255881193999983 ], [ 124.040632697999968, 10.255917865000015 ], [ 124.04093202599995, 10.249991737000016 ], [ 124.041168482999979, 10.249773735000019 ], [ 124.040509371999974, 10.248616324000011 ], [ 124.038279634, 10.245657089000019 ], [ 124.037171252, 10.241854479999972 ], [ 124.036257181, 10.241750035 ], [ 124.035333682999976, 10.242417864 ], [ 124.034862533000023, 10.243026354 ], [ 124.034481164999988, 10.243136430999982 ], [ 124.034478872000022, 10.243768647000024 ], [ 124.033913644999984, 10.243899082999974 ], [ 124.03308851700001, 10.241948802000024 ], [ 124.032081497000036, 10.241928627999982 ], [ 124.03183651400002, 10.241734372 ], [ 124.031233323000038, 10.242315497 ], [ 124.031621771, 10.243372567 ], [ 124.031660250999948, 10.244102933000022 ], [ 124.031340269, 10.243550694000021 ], [ 124.030724159999977, 10.24313701 ], [ 124.030318351, 10.243320546 ], [ 124.029724882999972, 10.243185692 ], [ 124.029920531000016, 10.24358358 ], [ 124.029609438999955, 10.243912850000015 ], [ 124.028864111999951, 10.242977086999986 ], [ 124.028493605999984, 10.242997064 ], [ 124.028495048999957, 10.242708452999977 ], [ 124.028142763, 10.242238594000014 ], [ 124.028079404999971, 10.242373478 ], [ 124.027762533999976, 10.242302446 ], [ 124.027526845000011, 10.243410735999987 ], [ 124.027095053000039, 10.243518696000024 ], [ 124.027201554000044, 10.245234702 ], [ 124.027534246999949, 10.245717851 ], [ 124.027773122999974, 10.246810921000019 ], [ 124.028729446000057, 10.248004875 ], [ 124.030500886000027, 10.248985097 ], [ 124.031079897000041, 10.249106912 ], [ 124.030927709000025, 10.249305172 ], [ 124.030118905999984, 10.249319947 ], [ 124.030771997999977, 10.250519301 ], [ 124.031739086000016, 10.251260216999981 ], [ 124.032186774000024, 10.251332118999983 ], [ 124.03217337000001, 10.251549450000027 ], [ 124.031830154999966, 10.251600886 ], [ 124.032849368000029, 10.252811412000028 ], [ 124.032487941999989, 10.253020839999976 ], [ 124.031157324999981, 10.251457637999977 ], [ 124.02978009200001, 10.25058127 ], [ 124.029027467, 10.249366247000012 ], [ 124.028421445000049, 10.249289439 ], [ 124.027960266000036, 10.248754846 ], [ 124.026286559000027, 10.247952258 ], [ 124.025567903000024, 10.247402955999974 ], [ 124.025505173000056, 10.24709556800002 ], [ 124.024813463999976, 10.246760298000027 ], [ 124.024557524999977, 10.246288779 ], [ 124.024705699000037, 10.245853703000023 ], [ 124.02513370600002, 10.246504345 ], [ 124.025954649000028, 10.247080192999988 ], [ 124.025713873999962, 10.246070015999976 ], [ 124.026070885999957, 10.244814253000015 ], [ 124.025067544999956, 10.242812515000026 ], [ 124.025143170999968, 10.243806998000025 ], [ 124.025341411, 10.243793577000019 ], [ 124.025415622999958, 10.244407113000022 ], [ 124.025807597000039, 10.244727247000014 ], [ 124.025568522999947, 10.244993831999977 ], [ 124.025677500000029, 10.245188901 ], [ 124.025452030999986, 10.245312523 ], [ 124.025362089000055, 10.244951174999983 ], [ 124.025103317, 10.244979493000017 ], [ 124.024659865999979, 10.244400247999977 ], [ 124.02463559399996, 10.243785225000011 ], [ 124.024874731999944, 10.24418727699998 ], [ 124.02508354500003, 10.243981753000014 ], [ 124.024533423999969, 10.242954103999978 ], [ 124.024718020000023, 10.242699437999988 ], [ 124.024688405, 10.242131191 ], [ 124.024441744, 10.242196736999972 ], [ 124.024278342, 10.242538864999972 ], [ 124.024181706000036, 10.244812837999973 ], [ 124.02388965800003, 10.245001988000013 ], [ 124.023258028999976, 10.244524985999988 ], [ 124.023252000999946, 10.244810906999987 ], [ 124.022988691000023, 10.244831778 ], [ 124.022772257000042, 10.244474398000023 ], [ 124.023003413999959, 10.244371149000017 ], [ 124.022862638999982, 10.243958662000011 ], [ 124.02176599500001, 10.243768433000014 ], [ 124.021174234999989, 10.243011986999988 ], [ 124.021331496000016, 10.242669756999987 ], [ 124.020998565000014, 10.242062067 ], [ 124.020727444000045, 10.242087288 ], [ 124.019949776999965, 10.24140924400001 ], [ 124.019634984000049, 10.241527846 ], [ 124.020185710999954, 10.242336696 ], [ 124.020218887000055, 10.242806588 ], [ 124.019986944000038, 10.243036352999979 ], [ 124.020554791999984, 10.24296960700002 ], [ 124.021002141000054, 10.243914468000014 ], [ 124.020732333999945, 10.244337998 ], [ 124.020931217999987, 10.245024257000011 ], [ 124.021349963000034, 10.245114639 ], [ 124.021215867000024, 10.244644782000023 ], [ 124.021996170999955, 10.24539525900002 ], [ 124.021981137000012, 10.245724317999986 ], [ 124.02129125700003, 10.245558365000022 ], [ 124.021645590000048, 10.246886266999979 ], [ 124.022111804000019, 10.247182794000025 ], [ 124.022226222999961, 10.246546905 ], [ 124.023244473999966, 10.247162119999984 ], [ 124.023633145999952, 10.247768318 ], [ 124.023462958999971, 10.247997957 ], [ 124.023559385, 10.248267715 ], [ 124.023384656999951, 10.248252907 ], [ 124.023563921, 10.24846485 ], [ 124.023325936, 10.248502921000011 ], [ 124.024142429, 10.249505585 ], [ 124.024043037999945, 10.249759056000016 ], [ 124.024632174999965, 10.250060817000019 ], [ 124.02482497699998, 10.250041529999976 ], [ 124.024788809000029, 10.249862183 ], [ 124.025239209, 10.250112638000019 ], [ 124.024803277000046, 10.250752174000013 ], [ 124.025075978000018, 10.251414706 ], [ 124.025397595999948, 10.251440038999988 ], [ 124.025388583, 10.251687575 ], [ 124.025697370999978, 10.251694955 ], [ 124.026060421000011, 10.25205213800001 ], [ 124.026341343000013, 10.252701329999979 ], [ 124.026663689999964, 10.252719086000013 ], [ 124.026818819000027, 10.25253823700001 ], [ 124.026424140000017, 10.252219595999975 ], [ 124.026577768000038, 10.252101001000028 ], [ 124.029029927000011, 10.254863227999977 ], [ 124.030347823000056, 10.257649433999973 ], [ 124.03042020099997, 10.258298643999979 ], [ 124.029871558999957, 10.258651703999988 ], [ 124.029836948000025, 10.258940745000018 ], [ 124.030442881999988, 10.259188896000012 ], [ 124.030796926999983, 10.259709123 ], [ 124.030850290999979, 10.259094264999987 ], [ 124.031296120999968, 10.258698455 ], [ 124.032532109000044, 10.25873685 ], [ 124.034764680999956, 10.258228171999974 ], [ 124.036481607000042, 10.258338808000019 ], [ 124.036919437000051, 10.258690301 ], [ 124.037154916999953, 10.259300193 ], [ 124.037513289, 10.258908913000027 ], [ 124.038416586000039, 10.258844791 ], [ 124.038181123999948, 10.258794883 ], [ 124.038290224999969, 10.25869916 ], [ 124.039374243999987, 10.258898273 ], [ 124.039374166000016, 10.259213976000012 ], [ 124.038290027000016, 10.259103578 ], [ 124.037185539, 10.259696486 ], [ 124.036076236999975, 10.259597655 ], [ 124.035812329, 10.259729360999984 ], [ 124.035919095000054, 10.260631546000013 ], [ 124.036886322999976, 10.261194687999989 ], [ 124.037078118999943, 10.260528406 ], [ 124.037528055000053, 10.261100049999982 ], [ 124.037714917000017, 10.261544900999979 ], [ 124.037586070999964, 10.261644018000027 ], [ 124.038079264999965, 10.261866939000015 ], [ 124.037862389999987, 10.261660557000027 ], [ 124.038071557999956, 10.261592936999989 ], [ 124.038343542, 10.262115483 ] ] ], [ [ [ 124.029876737, 10.236773206 ], [ 124.030120211000053, 10.23695675099998 ], [ 124.030719346999945, 10.236855564 ], [ 124.030755842999952, 10.236656429999982 ], [ 124.03111471, 10.236759066 ], [ 124.031699605999961, 10.236558312999989 ], [ 124.032179356000029, 10.236620485 ], [ 124.032256800000027, 10.236464905999981 ], [ 124.032367476, 10.236595572 ], [ 124.033170809000012, 10.236479463000023 ], [ 124.033523050999975, 10.236405134999984 ], [ 124.033605584000043, 10.236068225999986 ], [ 124.031312854000021, 10.234302361 ], [ 124.031221406999975, 10.234615964999989 ], [ 124.030865408999944, 10.234386616999984 ], [ 124.029984366, 10.234365342999979 ], [ 124.029125242999953, 10.234723142 ], [ 124.028528654999946, 10.234655173000021 ], [ 124.028637832999948, 10.234968835000018 ], [ 124.02908654700002, 10.234929868 ], [ 124.029541871999982, 10.235399369 ], [ 124.029694948000042, 10.235898454 ], [ 124.029956284000036, 10.235999934 ], [ 124.029594123000038, 10.23621504 ], [ 124.029355066, 10.236905498 ], [ 124.02978507, 10.236972347 ], [ 124.029876737, 10.236773206 ] ] ], [ [ [ 124.011021871000025, 10.238318518000028 ], [ 124.011489762, 10.238206042 ], [ 124.011770792999982, 10.237889944000017 ], [ 124.011792389, 10.237484202000019 ], [ 124.011024303, 10.236937728999976 ], [ 124.01063358600004, 10.236319262 ], [ 124.010488473, 10.237120111000024 ], [ 124.01076182700001, 10.237679388 ], [ 124.010711470000047, 10.238043482000023 ], [ 124.011021871000025, 10.238318518000028 ] ] ], [ [ [ 124.025285275999977, 10.238612655999987 ], [ 124.025736929, 10.238447380000025 ], [ 124.025491749000025, 10.238087194 ], [ 124.025622697000017, 10.237902119000012 ], [ 124.025903122000045, 10.238098719999982 ], [ 124.026682185000027, 10.237776833 ], [ 124.027086863000022, 10.237991595999972 ], [ 124.026996149999945, 10.237573564 ], [ 124.027190933000043, 10.237674336 ], [ 124.027264770999977, 10.23728107300002 ], [ 124.027523341, 10.237234891000014 ], [ 124.027293270999962, 10.236873054 ], [ 124.027518287000021, 10.237074614999983 ], [ 124.02769961499996, 10.236970499999984 ], [ 124.028257087000043, 10.237181940000028 ], [ 124.028282227999966, 10.236755635 ], [ 124.027665946999946, 10.23616139 ], [ 124.027946332000056, 10.235994474999984 ], [ 124.027863981999985, 10.235285632 ], [ 124.027328357999977, 10.235234465000019 ], [ 124.027160472, 10.23541458699998 ], [ 124.027046279000047, 10.235255973999983 ], [ 124.026819634000049, 10.235530284999982 ], [ 124.026310879, 10.235553467999978 ], [ 124.026005448999967, 10.235408614 ], [ 124.025760255000023, 10.234898067000017 ], [ 124.025303582999982, 10.235213707000014 ], [ 124.025342224000042, 10.235433463999982 ], [ 124.025154175000011, 10.23550618500002 ], [ 124.025488355999983, 10.235978553 ], [ 124.02536747900001, 10.23613058 ], [ 124.025259987000027, 10.235803428 ], [ 124.025115590000041, 10.235828227000013 ], [ 124.025249016999965, 10.236861859999976 ], [ 124.025003889, 10.237027117000025 ], [ 124.024960279999959, 10.237446388000023 ], [ 124.024585856000044, 10.237527388 ], [ 124.024508645999958, 10.237813249999988 ], [ 124.024924255999963, 10.238412757999981 ], [ 124.025285275999977, 10.238612655999987 ] ] ], [ [ [ 124.027250561999949, 10.242570173999979 ], [ 124.026898543000016, 10.241239269 ], [ 124.026500329999976, 10.241286333 ], [ 124.026343968999981, 10.241577047000021 ], [ 124.026540901999965, 10.241532853000024 ], [ 124.026413503999947, 10.241843515000028 ], [ 124.026519276000045, 10.242456248999986 ], [ 124.026945041999966, 10.242783955 ], [ 124.027250561999949, 10.242570173999979 ] ] ], [ [ [ 124.026623025000049, 10.243947666 ], [ 124.026779401, 10.243786625999974 ], [ 124.026766332999955, 10.243454605000011 ], [ 124.026431848000016, 10.24364416100002 ], [ 124.026623025000049, 10.243947666 ] ] ], [ [ [ 124.026935854000044, 10.244375131000027 ], [ 124.027016875999948, 10.243706803 ], [ 124.026925643000027, 10.243654086999982 ], [ 124.02674178999996, 10.244169952 ], [ 124.026935854000044, 10.244375131000027 ] ] ], [ [ [ 124.027917505, 10.2480286 ], [ 124.027119127999981, 10.247178065000014 ], [ 124.026692426999944, 10.246122108 ], [ 124.026422282, 10.245920230000024 ], [ 124.026295394000044, 10.246440254999982 ], [ 124.026500635000048, 10.247069185999976 ], [ 124.027467287000036, 10.247935684000026 ], [ 124.027917505, 10.2480286 ] ] ] ] } },
{ "type": "Feature", "properties": { "adm4_pcode": "PH0702226026", "barangay": "Santa Rosa", "lgu": "Lapu-Lapu City", "area_sqkm": 2.16575446, "price_per_sqm": 169800, "price_q25": 169800, "price_q75": 169800, "point_count": 23, "confident_point_count": 4, "low_conf_share": 0.826, "dist_to_listing_m": 5317, "nearest_grid_m": 0, "fallback_nearest": false, "low_confidence": true, "price_label": "PHP 169,800 /sqm", "confidence_label": "Low confidence · median grid cell 5.3 km from listing" }, "geometry": { "type": "MultiPolygon", "coordinates": [ [ [ [ 124.040869777000012, 10.274704136000025 ], [ 124.042129153000019, 10.273333031 ], [ 124.042461384000035, 10.273511188999976 ], [ 124.042649907000055, 10.273260524000023 ], [ 124.042424725000046, 10.273001388000012 ], [ 124.047840351, 10.267328645000021 ], [ 124.048284621999983, 10.267150485 ], [ 124.048724429, 10.267540570999984 ], [ 124.04946668599996, 10.268944638 ], [ 124.052157771999987, 10.266589925 ], [ 124.05576849299996, 10.267434797000021 ], [ 124.056362929999977, 10.26413971 ], [ 124.057887007999966, 10.260411084999987 ], [ 124.057149454999944, 10.260100695 ], [ 124.055435763, 10.258777298999973 ], [ 124.054901302999951, 10.258821259 ], [ 124.053556383, 10.25823671 ], [ 124.054309815000011, 10.256348005 ], [ 124.052990263999959, 10.255479935999972 ], [ 124.051507497999978, 10.254890172999978 ], [ 124.05108408000001, 10.254830552999977 ], [ 124.050681469999972, 10.255520448000027 ], [ 124.050098129000048, 10.255651321000016 ], [ 124.049897978, 10.255979138999976 ], [ 124.049492987, 10.256164518999981 ], [ 124.049297546000048, 10.256137925000019 ], [ 124.049244830000021, 10.25557874499998 ], [ 124.048531499999967, 10.256015268 ], [ 124.046993287999953, 10.255950429999984 ], [ 124.045721537999952, 10.256486151 ], [ 124.044850286000042, 10.256582443000013 ], [ 124.043450924000012, 10.256227619000015 ], [ 124.043011976, 10.255994875999988 ], [ 124.04303901000003, 10.255824749 ], [ 124.042206160999967, 10.255884046 ], [ 124.040816468, 10.255452129999981 ], [ 124.040773522999984, 10.255237497 ], [ 124.041551323000022, 10.255240969999988 ], [ 124.042164529000047, 10.254947061 ], [ 124.042732977000014, 10.254290732000015 ], [ 124.044468339, 10.253544762 ], [ 124.045032842999944, 10.25180439899998 ], [ 124.041168482999979, 10.249773735000019 ], [ 124.04093202599995, 10.249991737000016 ], [ 124.040632697999968, 10.255917865000015 ], [ 124.040934527, 10.255881193999983 ], [ 124.040716401000054, 10.257583661000012 ], [ 124.040232012000047, 10.258609998999987 ], [ 124.040486549999969, 10.258811331 ], [ 124.040453820000039, 10.259459306 ], [ 124.038418062, 10.262106104 ], [ 124.038646987, 10.263117368 ], [ 124.03889356000002, 10.263221703999989 ], [ 124.039244920999977, 10.263049436000017 ], [ 124.039488861999985, 10.263343408000026 ], [ 124.03941606, 10.263535493 ], [ 124.039908082000011, 10.264012191 ], [ 124.040549716999976, 10.263696433 ], [ 124.04128679300004, 10.263006491 ], [ 124.040340808999986, 10.260971548999976 ], [ 124.040390006000052, 10.260540053 ], [ 124.040048471999967, 10.260125682000023 ], [ 124.040305325999952, 10.260275295999975 ], [ 124.040337743, 10.259853137 ], [ 124.040463317999979, 10.259864262 ], [ 124.041084663999982, 10.260971681 ], [ 124.040640321999945, 10.261387950000028 ], [ 124.04117524000003, 10.261950735000028 ], [ 124.041555946000017, 10.261911559999987 ], [ 124.041832961999944, 10.262106730000028 ], [ 124.041844957999956, 10.262794070999973 ], [ 124.042166079000026, 10.262610632000019 ], [ 124.042721122999978, 10.26341298 ], [ 124.043184533000044, 10.263497798 ], [ 124.043761324, 10.263818859000025 ], [ 124.043771677, 10.264067516000011 ], [ 124.044027529, 10.264060406999988 ], [ 124.044154596999988, 10.264455385000019 ], [ 124.044437261999974, 10.264544707000027 ], [ 124.044418512, 10.264887574 ], [ 124.045049666999944, 10.265071842999987 ], [ 124.045582567, 10.265484392000019 ], [ 124.045767039999987, 10.265350242000011 ], [ 124.04616049599997, 10.265930802000014 ], [ 124.046581239000034, 10.265984349 ], [ 124.046540662999973, 10.266262723000011 ], [ 124.046895383999981, 10.266316511000014 ], [ 124.04700729700005, 10.266760041 ], [ 124.04784986300001, 10.267152419000013 ], [ 124.042117545, 10.273119351999981 ], [ 124.040867723000019, 10.274538902000018 ], [ 124.040869777000012, 10.274704136000025 ] ] ], [ [ [ 124.046724184000027, 10.27094671499998 ], [ 124.04748891600002, 10.270619079000028 ], [ 124.047821776999967, 10.269846788999985 ], [ 124.047529875, 10.269856649000019 ], [ 124.047356337, 10.269655027 ], [ 124.047308249000025, 10.269938066 ], [ 124.047126238000033, 10.269859586999985 ], [ 124.047095758999944, 10.270072212 ], [ 124.046896470999968, 10.270100836999973 ], [ 124.046498992000011, 10.269764606000024 ], [ 124.046168598, 10.269845624000027 ], [ 124.046006132, 10.27019771099998 ], [ 124.046187419000034, 10.27070203400001 ], [ 124.046724184000027, 10.27094671499998 ] ] ] ] } },
{ "type": "Feature", "properties": { "adm4_pcode": "PH0702226027", "barangay": "Subabasbas", "lgu": "Lapu-Lapu City", "area_sqkm": 2.0805769, "price_per_sqm": 126084, "price_q25": 108075, "price_q75": 135579, "point_count": 19, "confident_point_count": 19, "low_conf_share": 0.0, "dist_to_listing_m": 298, "nearest_grid_m": 0, "fallback_nearest": false, "low_confidence": false, "price_label": "PHP 126,084 /sqm", "confidence_label": "Grounded in nearby listings" }, "geometry": { "type": "Polygon", "coordinates": [ [ [ 123.966039084000045, 10.273958352000022 ], [ 123.966745372999981, 10.272952864 ], [ 123.967401825000024, 10.272816987999988 ], [ 123.968289508999987, 10.272691372 ], [ 123.96912694599996, 10.272984474999987 ], [ 123.969783619000054, 10.271596901 ], [ 123.972854729, 10.270308576 ], [ 123.976375304000044, 10.26665116700002 ], [ 123.977338178999958, 10.261799153000027 ], [ 123.979890460999968, 10.260368928 ], [ 123.981785480999974, 10.257543237999982 ], [ 123.981377707999968, 10.257952124999974 ], [ 123.980479536999951, 10.257685130000027 ], [ 123.979183725999974, 10.256119137999974 ], [ 123.979059687000017, 10.256212205 ], [ 123.978489018, 10.255877968999982 ], [ 123.97767192699996, 10.255087652999975 ], [ 123.977537034999955, 10.255194451000023 ], [ 123.976926153000022, 10.254922868999984 ], [ 123.97610905, 10.254095211 ], [ 123.975622004, 10.253895108 ], [ 123.974896386999944, 10.253991215999974 ], [ 123.974781647999976, 10.254238376999979 ], [ 123.975210502999971, 10.254792362999979 ], [ 123.974843960000044, 10.255435186999989 ], [ 123.975301411000032, 10.256187961000023 ], [ 123.975100864999945, 10.256304039999975 ], [ 123.974568542000043, 10.256153123999979 ], [ 123.974478597000029, 10.255874528 ], [ 123.974079469, 10.255721557000015 ], [ 123.973964462000026, 10.255146949999983 ], [ 123.973389377, 10.255006189000028 ], [ 123.973079726000037, 10.254604643 ], [ 123.972215622000022, 10.25471490000001 ], [ 123.971950217999961, 10.25387329900002 ], [ 123.971822129999964, 10.253930629000024 ], [ 123.972109653999951, 10.254653245999975 ], [ 123.971925328, 10.254786736000028 ], [ 123.970253953, 10.255103669 ], [ 123.970103560999974, 10.254553726999973 ], [ 123.969541177, 10.254681399 ], [ 123.969535271000041, 10.254916465 ], [ 123.969482193999966, 10.254691553999976 ], [ 123.969328836000045, 10.254723472000023 ], [ 123.969398129999945, 10.255031090999978 ], [ 123.969135656000049, 10.255045591999988 ], [ 123.968606063000038, 10.255720215999986 ], [ 123.969118812000033, 10.257795005999981 ], [ 123.970197379999945, 10.25970915900001 ], [ 123.970048445999964, 10.260100427999987 ], [ 123.969327129000021, 10.260317408999981 ], [ 123.969660714000042, 10.261830907999979 ], [ 123.968980779000049, 10.264311310999972 ], [ 123.968230131000041, 10.265252341 ], [ 123.966832184000054, 10.266361995000011 ], [ 123.965619585000013, 10.267195830999981 ], [ 123.963943820000054, 10.267977520999978 ], [ 123.96167011700004, 10.269690957000023 ], [ 123.963638034000041, 10.271928091 ], [ 123.964362451000056, 10.273481248 ], [ 123.96549315599998, 10.273641632000022 ], [ 123.966039084000045, 10.273958352000022 ] ] ] } },
{ "type": "Feature", "properties": { "adm4_pcode": "PH0702226028", "barangay": "Talima", "lgu": "Lapu-Lapu City", "area_sqkm": 2.12785713, "price_per_sqm": 169800, "price_q25": 166538, "price_q75": 169800, "point_count": 19, "confident_point_count": 6, "low_conf_share": 0.684, "dist_to_listing_m": 5371, "nearest_grid_m": 0, "fallback_nearest": false, "low_confidence": true, "price_label": "PHP 169,800 /sqm", "confidence_label": "Low confidence · median grid cell 5.4 km from listing" }, "geometry": { "type": "Polygon", "coordinates": [ [ [ 124.054768588, 10.282612203999975 ], [ 124.055426423999961, 10.281740421 ], [ 124.055973820999952, 10.281810818999986 ], [ 124.057203577, 10.280479893 ], [ 124.05729322000002, 10.280605969000021 ], [ 124.057933102999982, 10.280087888000025 ], [ 124.059400979999964, 10.278640302999975 ], [ 124.05982665099998, 10.279527685 ], [ 124.059938697, 10.279253503 ], [ 124.0657069, 10.275709096000014 ], [ 124.068990652000025, 10.272902280999972 ], [ 124.069156245000045, 10.272258309 ], [ 124.069463305999989, 10.272025703999986 ], [ 124.069254697000019, 10.271609147999982 ], [ 124.069214496999962, 10.270675719999986 ], [ 124.069304518999957, 10.270455893000019 ], [ 124.06958362, 10.270442625999976 ], [ 124.069591693, 10.270069504 ], [ 124.069307755999944, 10.270152247 ], [ 124.068939408, 10.269701962 ], [ 124.068750943000055, 10.268879973000026 ], [ 124.06835326199996, 10.268182527000022 ], [ 124.066891054000052, 10.268729394 ], [ 124.060860293000019, 10.269728441999973 ], [ 124.057815362000042, 10.267952916000013 ], [ 124.052157771999987, 10.266589925 ], [ 124.049414977999959, 10.269106696999984 ], [ 124.049055284000019, 10.269257718 ], [ 124.048967098000048, 10.269089973 ], [ 124.048368905999951, 10.269178308 ], [ 124.048308529999986, 10.269534433999979 ], [ 124.048779971000044, 10.269632364000017 ], [ 124.048842412999988, 10.269824211000014 ], [ 124.049374816999944, 10.269798257 ], [ 124.049428199999966, 10.270252131 ], [ 124.048796812999967, 10.270292571000027 ], [ 124.048328063999975, 10.269928661 ], [ 124.047816531999956, 10.269925952999984 ], [ 124.04748891600002, 10.270619079000028 ], [ 124.048062278999964, 10.27094654299998 ], [ 124.047538403999965, 10.271267922 ], [ 124.047296468000013, 10.271819834999974 ], [ 124.047210421000045, 10.273171951 ], [ 124.047747373999982, 10.27303346399998 ], [ 124.047998947, 10.27334640700002 ], [ 124.048368542000048, 10.273428963000015 ], [ 124.048629916999971, 10.273803074 ], [ 124.048750860000041, 10.274577826999973 ], [ 124.049097685, 10.274772725 ], [ 124.049133837999989, 10.275055069000018 ], [ 124.049489229999949, 10.275041217000023 ], [ 124.049517264999963, 10.275285929 ], [ 124.049918653999953, 10.275146361 ], [ 124.049854256, 10.274986526000021 ], [ 124.050619927999946, 10.275019821 ], [ 124.05152676299997, 10.274327320999987 ], [ 124.05118741800004, 10.273580001000028 ], [ 124.05092748200002, 10.272236653 ], [ 124.050671771999987, 10.272096350000027 ], [ 124.049908782999978, 10.270761052000012 ], [ 124.05033434500001, 10.270615075000023 ], [ 124.050321659000019, 10.269966372999988 ], [ 124.04997430100002, 10.269763307 ], [ 124.049843668999983, 10.268862093999985 ], [ 124.050361978999945, 10.269025683 ], [ 124.05099256699998, 10.268529801999989 ], [ 124.051261034000049, 10.268796151 ], [ 124.051393787000052, 10.268670389000022 ], [ 124.052069095999968, 10.268942174000017 ], [ 124.052492176999976, 10.269517466000025 ], [ 124.052732064999987, 10.269299121000017 ], [ 124.053165991000014, 10.269394491000014 ], [ 124.053176563999955, 10.269584216 ], [ 124.053933894000011, 10.269616858 ], [ 124.054175471, 10.269466392000027 ], [ 124.05380796999998, 10.269046468999989 ], [ 124.053779100000042, 10.268527678999988 ], [ 124.053935896999974, 10.268369581 ], [ 124.055162221000046, 10.268553395000026 ], [ 124.055357768000022, 10.268681077 ], [ 124.055265348000034, 10.268787313000018 ], [ 124.055869718000054, 10.268964827 ], [ 124.055746948999968, 10.269227374000025 ], [ 124.056200431999969, 10.269802303 ], [ 124.055969191000031, 10.27094364200002 ], [ 124.056190369999968, 10.271089761999974 ], [ 124.055976988999987, 10.272290082999973 ], [ 124.055544043000054, 10.273098253 ], [ 124.05487563500003, 10.273208034999982 ], [ 124.054541350000022, 10.273745363999979 ], [ 124.054168743999981, 10.273794625 ], [ 124.053256741000041, 10.27475682 ], [ 124.052854435999961, 10.2744571 ], [ 124.05280639, 10.274763485999983 ], [ 124.052597909000042, 10.274852416999977 ], [ 124.052858586999946, 10.275273141000014 ], [ 124.051107933000026, 10.275736343 ], [ 124.050741987000038, 10.275607349999973 ], [ 124.049020658000018, 10.276757622 ], [ 124.048532838000028, 10.276509194000027 ], [ 124.047801480999965, 10.276576954 ], [ 124.047430189000011, 10.27632072199998 ], [ 124.047128266999948, 10.276337765999983 ], [ 124.046739131999971, 10.276783401999978 ], [ 124.048163725, 10.277665625 ], [ 124.048425146, 10.277528994000022 ], [ 124.049130934, 10.277727054000025 ], [ 124.049491469000031, 10.278166589000023 ], [ 124.049689766000029, 10.277667339 ], [ 124.050142795000056, 10.277287113999989 ], [ 124.050530503, 10.277282566999986 ], [ 124.05089388500005, 10.27682203 ], [ 124.051440611999965, 10.276826393000022 ], [ 124.0520656, 10.277134049999972 ], [ 124.052186834000054, 10.27750061 ], [ 124.052618539000036, 10.27787715300002 ], [ 124.052158178000013, 10.27807544 ], [ 124.052595839999981, 10.277963589000024 ], [ 124.05269140300004, 10.278683563000016 ], [ 124.052576336000016, 10.278847505999977 ], [ 124.051856147999956, 10.278917690000014 ], [ 124.051559366, 10.279205354 ], [ 124.050870217000011, 10.279054804 ], [ 124.050582714000029, 10.279229953000026 ], [ 124.050698056999977, 10.279688455999974 ], [ 124.051448037, 10.280583162000028 ], [ 124.053093320000016, 10.281292998000026 ], [ 124.053248312000051, 10.281045598999981 ], [ 124.053818455000055, 10.281197932 ], [ 124.053918934999956, 10.281688886999973 ], [ 124.053793789999986, 10.281857198000012 ], [ 124.053573168999947, 10.281799922 ], [ 124.053553383, 10.282030406999979 ], [ 124.054768588, 10.282612203999975 ] ] ] } },
{ "type": "Feature", "properties": { "adm4_pcode": "PH0702226029", "barangay": "Tingo", "lgu": "Lapu-Lapu City", "area_sqkm": 0.69511905, "price_per_sqm": 169800, "price_q25": 169800, "price_q75": 169800, "point_count": 5, "confident_point_count": 0, "low_conf_share": 1.0, "dist_to_listing_m": 5362, "nearest_grid_m": 0, "fallback_nearest": false, "low_confidence": true, "price_label": "PHP 169,800 /sqm", "confidence_label": "Low confidence · median grid cell 5.4 km from listing" }, "geometry": { "type": "Polygon", "coordinates": [ [ [ 124.06977052000002, 10.288875807000011 ], [ 124.071364402999961, 10.288551788 ], [ 124.073101082999983, 10.28761104900002 ], [ 124.073245679000024, 10.287795468000013 ], [ 124.073525333000021, 10.287713739000026 ], [ 124.073881680999989, 10.287169317 ], [ 124.073714278000011, 10.286545876 ], [ 124.074331854999969, 10.28570855800001 ], [ 124.074193480999952, 10.285472728 ], [ 124.074351699999966, 10.285279146 ], [ 124.074099545999957, 10.284821087000012 ], [ 124.074150150000037, 10.284473615000024 ], [ 124.073979589000032, 10.284506928999974 ], [ 124.073917222999967, 10.281544726999982 ], [ 124.073682116999976, 10.280680604 ], [ 124.073199578999947, 10.28059153800001 ], [ 124.073225628000046, 10.28034356400002 ], [ 124.072935170000051, 10.280249904000016 ], [ 124.07274543799997, 10.279733146000012 ], [ 124.071922472999972, 10.280117551999979 ], [ 124.067816899000036, 10.281139536000012 ], [ 124.067641815, 10.28057931 ], [ 124.066538915000024, 10.281287093 ], [ 124.066572618, 10.287922469000023 ], [ 124.067341260000035, 10.288175277 ], [ 124.067898733999982, 10.288622311999973 ], [ 124.06977052000002, 10.288875807000011 ] ] ] } },
{ "type": "Feature", "properties": { "adm4_pcode": "PH0702226030", "barangay": "Tungasan", "lgu": "Lapu-Lapu City", "area_sqkm": 0.97597422, "price_per_sqm": 169800, "price_q25": 169800, "price_q75": 169800, "point_count": 8, "confident_point_count": 0, "low_conf_share": 1.0, "dist_to_listing_m": 6196, "nearest_grid_m": 0, "fallback_nearest": false, "low_confidence": true, "price_label": "PHP 169,800 /sqm", "confidence_label": "Low confidence · median grid cell 6.2 km from listing" }, "geometry": { "type": "MultiPolygon", "coordinates": [ [ [ [ 124.06764444199996, 10.266603681999982 ], [ 124.066908449000039, 10.266252392000013 ], [ 124.066761421000024, 10.265451505999977 ], [ 124.066520818999948, 10.265130713000019 ], [ 124.065528743999948, 10.264808814999981 ], [ 124.065254070000037, 10.264421416 ], [ 124.064379742000028, 10.264595488999987 ], [ 124.063133989999983, 10.263982691000024 ], [ 124.062954100999946, 10.263241369000013 ], [ 124.062697911999976, 10.263166623000018 ], [ 124.06260893000001, 10.26290824199998 ], [ 124.06260634399996, 10.262153781 ], [ 124.062407523000047, 10.262025918 ], [ 124.062334104, 10.261084139 ], [ 124.062490941999954, 10.260464033 ], [ 124.062076832, 10.260336983 ], [ 124.061855904000026, 10.259597326 ], [ 124.061380776999954, 10.259080923 ], [ 124.057887007999966, 10.260411084999987 ], [ 124.056362929999977, 10.26413971 ], [ 124.05576849299996, 10.267434797000021 ], [ 124.057815362000042, 10.267952916000013 ], [ 124.060860293000019, 10.269728441999973 ], [ 124.066891054000052, 10.268729394 ], [ 124.068364194999958, 10.268282864000014 ], [ 124.067978246000052, 10.267005545000018 ], [ 124.06764444199996, 10.266603681999982 ] ] ], [ [ [ 124.064223105, 10.261307999 ], [ 124.064936226999976, 10.261115870000026 ], [ 124.064722932, 10.260381892999987 ], [ 124.064084834000028, 10.258808803000022 ], [ 124.063825126999973, 10.25837676499998 ], [ 124.063617675000046, 10.258398625999973 ], [ 124.063114154, 10.257154861 ], [ 124.061404735, 10.258683569000027 ], [ 124.062118625000039, 10.259271253 ], [ 124.062244814, 10.259042148 ], [ 124.062758013, 10.25928402400001 ], [ 124.062718787999984, 10.259834146 ], [ 124.064223105, 10.261307999 ] ] ] ] } },
{ "type": "Feature", "properties": { "adm4_pcode": "PH0702230001", "barangay": "Alang-alang", "lgu": "Mandaue City", "area_sqkm": 0.79665072, "price_per_sqm": 165075, "price_q25": 157083, "price_q75": 180077, "point_count": 6, "confident_point_count": 6, "low_conf_share": 0.0, "dist_to_listing_m": 240, "nearest_grid_m": 0, "fallback_nearest": false, "low_confidence": false, "price_label": "PHP 165,075 /sqm", "confidence_label": "Grounded in nearby listings" }, "geometry": { "type": "Polygon", "coordinates": [ [ [ 123.948891229999958, 10.341431275 ], [ 123.950805084999956, 10.340852515 ], [ 123.954777485000022, 10.340924859999973 ], [ 123.957204330999957, 10.340753862999975 ], [ 123.952593979999961, 10.336571005 ], [ 123.95165349499996, 10.33636054599998 ], [ 123.950798508000048, 10.335689710999986 ], [ 123.946675868000057, 10.32811725 ], [ 123.945517313999972, 10.326529772000015 ], [ 123.94395620399996, 10.327272986000025 ], [ 123.944453673999988, 10.328445885 ], [ 123.943911000999947, 10.32869667 ], [ 123.947660298999949, 10.338541350000014 ], [ 123.948891229999958, 10.341431275 ] ] ] } },
{ "type": "Feature", "properties": { "adm4_pcode": "PH0702230002", "barangay": "Bakilid", "lgu": "Mandaue City", "area_sqkm": 0.40525898, "price_per_sqm": 147455, "price_q25": 137838, "price_q75": 154365, "point_count": 3, "confident_point_count": 3, "low_conf_share": 0.0, "dist_to_listing_m": 65, "nearest_grid_m": 0, "fallback_nearest": false, "low_confidence": false, "price_label": "PHP 147,455 /sqm", "confidence_label": "Grounded in nearby listings" }, "geometry": { "type": "Polygon", "coordinates": [ [ [ 123.930133472999955, 10.340481012 ], [ 123.932401518, 10.338695529 ], [ 123.933656862000021, 10.33985213699998 ], [ 123.93496862500001, 10.338385218999974 ], [ 123.935194304999982, 10.337687023 ], [ 123.936583645000042, 10.335789902999977 ], [ 123.938317764999965, 10.334114226 ], [ 123.934896237999965, 10.331674436000014 ], [ 123.932411322, 10.33299712500002 ], [ 123.933896646, 10.334520455000018 ], [ 123.931625745000019, 10.336692621999987 ], [ 123.928457740999988, 10.33859234099998 ], [ 123.930133472999955, 10.340481012 ] ] ] } },
{ "type": "Feature", "properties": { "adm4_pcode": "PH0702230003", "barangay": "Banilad", "lgu": "Mandaue City", "area_sqkm": 1.98397728, "price_per_sqm": 168820, "price_q25": 161277, "price_q75": 255564, "point_count": 17, "confident_point_count": 17, "low_conf_share": 0.0, "dist_to_listing_m": 227, "nearest_grid_m": 0, "fallback_nearest": false, "low_confidence": false, "price_label": "PHP 168,820 /sqm", "confidence_label": "Grounded in nearby listings" }, "geometry": { "type": "Polygon", "coordinates": [ [ [ 123.923067299999957, 10.350242674000015 ], [ 123.923819830999946, 10.349099374 ], [ 123.922584452000024, 10.346615475000021 ], [ 123.926244695000037, 10.344810038 ], [ 123.925927333, 10.343914370999983 ], [ 123.930133472999955, 10.340481012 ], [ 123.928457740999988, 10.33859234099998 ], [ 123.930003672, 10.33779281 ], [ 123.929354843000056, 10.337355555999977 ], [ 123.928442473000018, 10.337868641999989 ], [ 123.928308781000055, 10.337483497 ], [ 123.92841225899997, 10.336769119 ], [ 123.928028974999961, 10.336692621999987 ], [ 123.924227683000026, 10.337884492 ], [ 123.923268544000052, 10.334090253 ], [ 123.922405547000039, 10.334199456000022 ], [ 123.922130746999983, 10.333313827999973 ], [ 123.920136641999989, 10.33406794299998 ], [ 123.919511604000036, 10.333022803 ], [ 123.918720745999963, 10.334201020000023 ], [ 123.918866005000041, 10.334733638999978 ], [ 123.918744955999955, 10.334935389 ], [ 123.918381805999957, 10.335282398 ], [ 123.917324637999968, 10.335556778000011 ], [ 123.917155169000011, 10.335871506999979 ], [ 123.917293256, 10.337092649 ], [ 123.916870585999959, 10.33812223000001 ], [ 123.915922289000036, 10.338295632999973 ], [ 123.914290324000035, 10.339244760999975 ], [ 123.912934566999979, 10.339720890000024 ], [ 123.914421315000027, 10.345702457000016 ], [ 123.914765224, 10.346322708 ], [ 123.915361196000049, 10.348712866000028 ], [ 123.917795812, 10.348124708 ], [ 123.918472851000047, 10.34837154500002 ], [ 123.918726740000011, 10.348188180000022 ], [ 123.920509606, 10.349594152 ], [ 123.920715542000039, 10.349231949 ], [ 123.921237427000051, 10.349845516000016 ], [ 123.921928570999967, 10.349951303000012 ], [ 123.922302352999964, 10.349718570999983 ], [ 123.923067299999957, 10.350242674000015 ] ] ] } },
{ "type": "Feature", "properties": { "adm4_pcode": "PH0702230004", "barangay": "Basak", "lgu": "Mandaue City", "area_sqkm": 0.7078071, "price_per_sqm": 141723, "price_q25": 132250, "price_q75": 168357, "point_count": 5, "confident_point_count": 5, "low_conf_share": 0.0, "dist_to_listing_m": 515, "nearest_grid_m": 0, "fallback_nearest": false, "low_confidence": false, "price_label": "PHP 141,723 /sqm", "confidence_label": "Grounded in nearby listings" }, "geometry": { "type": "Polygon", "coordinates": [ [ [ 123.946380113000032, 10.364186919000019 ], [ 123.948903512000015, 10.362094344000013 ], [ 123.949755264000032, 10.362027871 ], [ 123.949817693, 10.362527296999986 ], [ 123.952381633999948, 10.360139765999975 ], [ 123.953891947999978, 10.361014394999984 ], [ 123.954667392000033, 10.361086530000023 ], [ 123.954856745000029, 10.360969311000019 ], [ 123.954775594000012, 10.359851229000014 ], [ 123.955596121999974, 10.359404897 ], [ 123.955871135000052, 10.359053242000016 ], [ 123.956714084000055, 10.359388938 ], [ 123.95887024000001, 10.358997640999974 ], [ 123.959175237999943, 10.358396207999988 ], [ 123.959780826000042, 10.358090608 ], [ 123.959136626000031, 10.357431070000018 ], [ 123.956376883999951, 10.356768553 ], [ 123.955616174000056, 10.356935517000011 ], [ 123.95505106600001, 10.356815472 ], [ 123.953117141, 10.355582861000016 ], [ 123.952538025999957, 10.354584021 ], [ 123.951193843000055, 10.353149515999974 ], [ 123.949833300000023, 10.353553234 ], [ 123.949616285000047, 10.352355492000015 ], [ 123.94849401700003, 10.352600766000023 ], [ 123.948928121, 10.354312782000022 ], [ 123.948831183000038, 10.354840078999985 ], [ 123.949138019999964, 10.354968728000017 ], [ 123.949201282, 10.355985002000011 ], [ 123.94858611899997, 10.355990717 ], [ 123.948830730000054, 10.356569103000027 ], [ 123.948263059000055, 10.357393767000019 ], [ 123.948649433000014, 10.357762138999988 ], [ 123.946605783, 10.362627745999987 ], [ 123.946380113000032, 10.364186919000019 ] ] ] } },
{ "type": "Feature", "properties": { "adm4_pcode": "PH0702230005", "barangay": "Cabancalan", "lgu": "Mandaue City", "area_sqkm": 1.9710728, "price_per_sqm": 233128, "price_q25": 201592, "price_q75": 235263, "point_count": 17, "confident_point_count": 17, "low_conf_share": 0.0, "dist_to_listing_m": 555, "nearest_grid_m": 0, "fallback_nearest": false, "low_confidence": false, "price_label": "PHP 233,128 /sqm", "confidence_label": "Grounded in nearby listings" }, "geometry": { "type": "Polygon", "coordinates": [ [ [ 123.926766851000025, 10.361937506 ], [ 123.927242923999984, 10.361408536999988 ], [ 123.927489776000016, 10.360509289 ], [ 123.927339901999972, 10.359327923000023 ], [ 123.928292047000014, 10.358014315999981 ], [ 123.928327310999975, 10.357185597000012 ], [ 123.929596837999952, 10.354329162 ], [ 123.930116990999977, 10.354249816 ], [ 123.931201378999958, 10.354814051 ], [ 123.931606922000014, 10.354443772000025 ], [ 123.931686267000032, 10.351534440000023 ], [ 123.932003648999967, 10.351058367 ], [ 123.931374861, 10.350832516000025 ], [ 123.93085479299998, 10.351033244 ], [ 123.930024509999953, 10.350686532 ], [ 123.929618237999989, 10.349032044000012 ], [ 123.929577310000013, 10.347910623000018 ], [ 123.92886333499996, 10.346828929000026 ], [ 123.926244695000037, 10.344810038 ], [ 123.922584452000024, 10.346615475000021 ], [ 123.923819830999946, 10.349099374 ], [ 123.923067299999957, 10.350242674000015 ], [ 123.922302352999964, 10.349718570999983 ], [ 123.921928570999967, 10.349951303000012 ], [ 123.921237427000051, 10.349845516000016 ], [ 123.920715542000039, 10.349231949 ], [ 123.920509606, 10.349594152 ], [ 123.918726740000011, 10.348188180000022 ], [ 123.918472851000047, 10.34837154500002 ], [ 123.917795812, 10.348124708 ], [ 123.915361196000049, 10.348712866000028 ], [ 123.915475347999973, 10.350275814999975 ], [ 123.915771747, 10.351065596000012 ], [ 123.919079722999982, 10.35769258900001 ], [ 123.919066887999975, 10.358135418000018 ], [ 123.920371330999956, 10.359564173000024 ], [ 123.922214376000056, 10.360969266999973 ], [ 123.92577062600003, 10.361937506 ], [ 123.926766851000025, 10.361937506 ] ] ] } },
{ "type": "Feature", "properties": { "adm4_pcode": "PH0702230006", "barangay": "Cambaro", "lgu": "Mandaue City", "area_sqkm": 0.42015291, "price_per_sqm": 201159, "price_q25": 187826, "price_q75": 214674, "point_count": 4, "confident_point_count": 4, "low_conf_share": 0.0, "dist_to_listing_m": 371, "nearest_grid_m": 0, "fallback_nearest": false, "low_confidence": false, "price_label": "PHP 201,159 /sqm", "confidence_label": "Grounded in nearby listings" }, "geometry": { "type": "Polygon", "coordinates": [ [ [ 123.949179332999961, 10.332778210000015 ], [ 123.952674903, 10.330911991999983 ], [ 123.953507522999985, 10.32989275 ], [ 123.951612709999949, 10.327414509 ], [ 123.95205333499996, 10.326694464000013 ], [ 123.950791633, 10.324771665000014 ], [ 123.945516337999948, 10.326530417000015 ], [ 123.946675868000057, 10.32811725 ], [ 123.949179332999961, 10.332778210000015 ] ] ] } },
{ "type": "Feature", "properties": { "adm4_pcode": "PH0702230007", "barangay": "Canduman", "lgu": "Mandaue City", "area_sqkm": 1.88174454, "price_per_sqm": 141282, "price_q25": 138081, "price_q75": 170798, "point_count": 17, "confident_point_count": 17, "low_conf_share": 0.0, "dist_to_listing_m": 312, "nearest_grid_m": 0, "fallback_nearest": false, "low_confidence": false, "price_label": "PHP 141,282 /sqm", "confidence_label": "Grounded in nearby listings" }, "geometry": { "type": "Polygon", "coordinates": [ [ [ 123.927764520999972, 10.374051480999981 ], [ 123.928218622000031, 10.372729391 ], [ 123.92931360700004, 10.373175775 ], [ 123.929842367999981, 10.372737051 ], [ 123.929809686, 10.372306773 ], [ 123.930067279000014, 10.371895239000025 ], [ 123.930815352999957, 10.372072560999982 ], [ 123.93100683800003, 10.372418438000011 ], [ 123.932102813000029, 10.372496389 ], [ 123.93312997299995, 10.373203932000024 ], [ 123.933778886000027, 10.372303806 ], [ 123.93494638300001, 10.371910397000022 ], [ 123.936491324000031, 10.370827858999974 ], [ 123.93642145299998, 10.370536249 ], [ 123.93769668799996, 10.370213435999972 ], [ 123.938635893999958, 10.369206861 ], [ 123.940143981, 10.368196031000025 ], [ 123.939754109999967, 10.367557444999989 ], [ 123.940097902000048, 10.367304924999985 ], [ 123.943214357999977, 10.366334709 ], [ 123.94349769400003, 10.364997279000022 ], [ 123.938811447000035, 10.365472760999978 ], [ 123.938785674999963, 10.364665493000018 ], [ 123.937534646000017, 10.362550350999982 ], [ 123.937167570000042, 10.362836363999975 ], [ 123.93673878200002, 10.362605582000015 ], [ 123.934670080000046, 10.360376977999977 ], [ 123.933769868000013, 10.360617628999989 ], [ 123.931541617999983, 10.359289591999982 ], [ 123.930525537, 10.360475021000013 ], [ 123.930124451999973, 10.360555238000018 ], [ 123.928332939000029, 10.361972405000017 ], [ 123.927280333, 10.361003122 ], [ 123.92693435800004, 10.361849345 ], [ 123.92577062600003, 10.361937506 ], [ 123.925516346999984, 10.362245345000019 ], [ 123.92498156, 10.363582313 ], [ 123.925219889, 10.364349617000016 ], [ 123.925010624000038, 10.364942532999976 ], [ 123.925190823999969, 10.365442443 ], [ 123.925033876000043, 10.365994670000021 ], [ 123.925318707999963, 10.36635507 ], [ 123.924894366, 10.366605025000013 ], [ 123.924504900999978, 10.366407386 ], [ 123.924324701000046, 10.36651201799998 ], [ 123.923743411000032, 10.367680413000016 ], [ 123.925830535000046, 10.369762723 ], [ 123.925669922999987, 10.369871903999979 ], [ 123.92679833, 10.370802626 ], [ 123.926523198000041, 10.371135128999981 ], [ 123.92687907200002, 10.37383796 ], [ 123.927764520999972, 10.374051480999981 ] ] ] } },
{ "type": "Feature", "properties": { "adm4_pcode": "PH0702230008", "barangay": "Casili", "lgu": "Mandaue City", "area_sqkm": 0.38921873, "price_per_sqm": 138796, "price_q25": 137682, "price_q75": 148578, "point_count": 5, "confident_point_count": 5, "low_conf_share": 0.0, "dist_to_listing_m": 1066, "nearest_grid_m": 0, "fallback_nearest": false, "low_confidence": false, "price_label": "PHP 138,796 /sqm", "confidence_label": "Grounded in nearby listings" }, "geometry": { "type": "Polygon", "coordinates": [ [ [ 123.936391363999974, 10.380241737 ], [ 123.938021641999967, 10.379191035000019 ], [ 123.940430584999945, 10.375643841999988 ], [ 123.936709927000038, 10.374235774999988 ], [ 123.936049019000052, 10.375279878000015 ], [ 123.93549077199998, 10.375357176000023 ], [ 123.935176695, 10.374922267999978 ], [ 123.934379184000022, 10.375811616000021 ], [ 123.932938187, 10.376593602000014 ], [ 123.932101370000055, 10.38041580700002 ], [ 123.93451690500001, 10.380570191 ], [ 123.936391363999974, 10.380241737 ] ] ] } },
{ "type": "Feature", "properties": { "adm4_pcode": "PH0702230009", "barangay": "Casuntingan", "lgu": "Mandaue City", "area_sqkm": 0.79125785, "price_per_sqm": 171088, "price_q25": 167012, "price_q75": 172421, "point_count": 8, "confident_point_count": 8, "low_conf_share": 0.0, "dist_to_listing_m": 315, "nearest_grid_m": 0, "fallback_nearest": false, "low_confidence": false, "price_label": "PHP 171,088 /sqm", "confidence_label": "Grounded in nearby listings" }, "geometry": { "type": "Polygon", "coordinates": [ [ [ 123.932003648999967, 10.351058367 ], [ 123.932250501999988, 10.350000427999987 ], [ 123.932982242999969, 10.349462642999981 ], [ 123.933308441, 10.349541988 ], [ 123.933837410000024, 10.350150303000021 ], [ 123.934428092999951, 10.350229647999981 ], [ 123.934701392999955, 10.349806473 ], [ 123.934666129, 10.349030651000021 ], [ 123.93562585899997, 10.348389216999976 ], [ 123.935162694000041, 10.345947710000019 ], [ 123.934727317000011, 10.344914954999979 ], [ 123.933917313000052, 10.343917638 ], [ 123.933511071, 10.342154971000014 ], [ 123.934392073000026, 10.341230753 ], [ 123.933797912000045, 10.340726646 ], [ 123.933946013999957, 10.340254129000016 ], [ 123.933656862000021, 10.33985213699998 ], [ 123.932401518, 10.338695529 ], [ 123.925927333, 10.343914370999983 ], [ 123.926244695000037, 10.344810038 ], [ 123.92886333499996, 10.346828929000026 ], [ 123.929577310000013, 10.347910623000018 ], [ 123.929618237999989, 10.349032044000012 ], [ 123.930024509999953, 10.350686532 ], [ 123.93085479299998, 10.351033244 ], [ 123.931374861, 10.350832516000025 ], [ 123.932003648999967, 10.351058367 ] ] ] } },
{ "type": "Feature", "properties": { "adm4_pcode": "PH0702230010", "barangay": "Centro (Pob.)", "lgu": "Mandaue City", "area_sqkm": 0.31742204, "price_per_sqm": 176630, "price_q25": 159091, "price_q75": 201236, "point_count": 4, "confident_point_count": 4, "low_conf_share": 0.0, "dist_to_listing_m": 214, "nearest_grid_m": 0, "fallback_nearest": false, "low_confidence": false, "price_label": "PHP 176,630 /sqm", "confidence_label": "Grounded in nearby listings" }, "geometry": { "type": "Polygon", "coordinates": [ [ [ 123.943358225999987, 10.329901265999979 ], [ 123.943115661999968, 10.329064029999984 ], [ 123.944453673999988, 10.328445885 ], [ 123.94395620399996, 10.327272986000025 ], [ 123.945517313999972, 10.326529772000015 ], [ 123.941883143000041, 10.321330707000016 ], [ 123.93987116400001, 10.32260366700001 ], [ 123.941238561999967, 10.324660170000016 ], [ 123.939508508000017, 10.325316032999979 ], [ 123.939758895999944, 10.325871582 ], [ 123.940335197999957, 10.326211318 ], [ 123.940502236000043, 10.326521026000023 ], [ 123.941386418999969, 10.32887623900001 ], [ 123.941605509000055, 10.328766694000024 ], [ 123.942051513000024, 10.330276847999983 ], [ 123.943358225999987, 10.329901265999979 ] ] ] } },
{ "type": "Feature", "properties": { "adm4_pcode": "PH0702230011", "barangay": "Cubacub", "lgu": "Mandaue City", "area_sqkm": 0.67541761, "price_per_sqm": 202777, "price_q25": 188158, "price_q75": 237027, "point_count": 6, "confident_point_count": 6, "low_conf_share": 0.0, "dist_to_listing_m": 690, "nearest_grid_m": 0, "fallback_nearest": false, "low_confidence": false, "price_label": "PHP 202,777 /sqm", "confidence_label": "Grounded in nearby listings" }, "geometry": { "type": "Polygon", "coordinates": [ [ [ 123.940430584999945, 10.375643841999988 ], [ 123.940664557, 10.37518516 ], [ 123.940481549999959, 10.373534935 ], [ 123.942555557, 10.373720741999989 ], [ 123.942323164999948, 10.373278562 ], [ 123.942428970000037, 10.372347886999989 ], [ 123.942633959999966, 10.372033809000015 ], [ 123.942543991999969, 10.371119045 ], [ 123.942772249999962, 10.370816092999974 ], [ 123.942664292000018, 10.369924729 ], [ 123.943485579000026, 10.367849041999989 ], [ 123.943269978999979, 10.367343753 ], [ 123.944966290000025, 10.366728893000015 ], [ 123.945506375000036, 10.367042506000018 ], [ 123.946169334000047, 10.366784947999975 ], [ 123.946351710000044, 10.366939724000019 ], [ 123.947272535000025, 10.366966761000015 ], [ 123.946595525000021, 10.365540937999981 ], [ 123.946380113000032, 10.364186919000019 ], [ 123.945200474999979, 10.364730577999978 ], [ 123.94349769400003, 10.364997279000022 ], [ 123.943214357999977, 10.366334709 ], [ 123.940097902000048, 10.367304924999985 ], [ 123.939754109999967, 10.367557444999989 ], [ 123.940143981, 10.368196031000025 ], [ 123.938635893999958, 10.369206861 ], [ 123.93769668799996, 10.370213435999972 ], [ 123.93642145299998, 10.370536249 ], [ 123.936491324000031, 10.370827858999974 ], [ 123.93494638300001, 10.371910397000022 ], [ 123.933778886000027, 10.372303806 ], [ 123.93312997299995, 10.373203932000024 ], [ 123.93370297599995, 10.374116325999978 ], [ 123.933964555999978, 10.374112759000013 ], [ 123.934339623000028, 10.374684208000019 ], [ 123.934850718, 10.374553638 ], [ 123.93549077199998, 10.375357176000023 ], [ 123.936188220999952, 10.375190608000025 ], [ 123.936709927000038, 10.374235774999988 ], [ 123.940430584999945, 10.375643841999988 ] ] ] } },
{ "type": "Feature", "properties": { "adm4_pcode": "PH0702230012", "barangay": "Guizo", "lgu": "Mandaue City", "area_sqkm": 0.39214973, "price_per_sqm": 215347, "price_q25": 199581, "price_q75": 230583, "point_count": 3, "confident_point_count": 3, "low_conf_share": 0.0, "dist_to_listing_m": 129, "nearest_grid_m": 0, "fallback_nearest": false, "low_confidence": false, "price_label": "PHP 215,347 /sqm", "confidence_label": "Grounded in nearby listings" }, "geometry": { "type": "Polygon", "coordinates": [ [ [ 123.940889403000028, 10.33464591500001 ], [ 123.939946687999964, 10.333625789 ], [ 123.941693955, 10.332141923999984 ], [ 123.941687301, 10.331563070000016 ], [ 123.940942109000048, 10.330698113999972 ], [ 123.939508508000017, 10.331270576 ], [ 123.93939896400002, 10.329838669000026 ], [ 123.938033928999971, 10.327396524999983 ], [ 123.936766584999987, 10.328050415 ], [ 123.936399769, 10.328440951 ], [ 123.935614784, 10.328536735 ], [ 123.933984320000036, 10.327624298999979 ], [ 123.933546140999965, 10.329846493 ], [ 123.934192851000034, 10.331156416999988 ], [ 123.939695816000039, 10.335079947 ], [ 123.940889403000028, 10.33464591500001 ] ] ] } },
{ "type": "Feature", "properties": { "adm4_pcode": "PH0702230013", "barangay": "Ibabao-Estancia", "lgu": "Mandaue City", "area_sqkm": 0.56189248, "price_per_sqm": 163058, "price_q25": 153637, "price_q75": 175908, "point_count": 6, "confident_point_count": 6, "low_conf_share": 0.0, "dist_to_listing_m": 182, "nearest_grid_m": 0, "fallback_nearest": false, "low_confidence": false, "price_label": "PHP 163,058 /sqm", "confidence_label": "Grounded in nearby listings" }, "geometry": { "type": "Polygon", "coordinates": [ [ [ 123.947432433000017, 10.342013604999977 ], [ 123.948891229999958, 10.341431275 ], [ 123.943911000999947, 10.32869667 ], [ 123.943115661999968, 10.329064029999984 ], [ 123.943358225999987, 10.329901265999979 ], [ 123.940942109000048, 10.330698113999972 ], [ 123.941620766000028, 10.331403385999977 ], [ 123.941693955, 10.332141923999984 ], [ 123.939946687999964, 10.333625789 ], [ 123.940889403000028, 10.33464591500001 ], [ 123.939695816000039, 10.335079947 ], [ 123.945924172, 10.339517922000027 ], [ 123.946868191000021, 10.340689807999979 ], [ 123.947432433000017, 10.342013604999977 ] ] ] } },
{ "type": "Feature", "properties": { "adm4_pcode": "PH0702230014", "barangay": "Jagobiao", "lgu": "Mandaue City", "area_sqkm": 1.2172792, "price_per_sqm": 165718, "price_q25": 153838, "price_q75": 194606, "point_count": 10, "confident_point_count": 10, "low_conf_share": 0.0, "dist_to_listing_m": 727, "nearest_grid_m": 0, "fallback_nearest": false, "low_confidence": false, "price_label": "PHP 165,718 /sqm", "confidence_label": "Grounded in nearby listings" }, "geometry": { "type": "Polygon", "coordinates": [ [ [ 123.956637115000035, 10.370999096 ], [ 123.959849101000032, 10.364836563999972 ], [ 123.959208965000016, 10.364166512 ], [ 123.959127259999946, 10.363612085999989 ], [ 123.958747916, 10.363022644000011 ], [ 123.958753752, 10.362386513999979 ], [ 123.958269359000042, 10.362398186 ], [ 123.958094277999976, 10.362013006999973 ], [ 123.958456113000011, 10.360921663999989 ], [ 123.95886026200003, 10.360750194 ], [ 123.958563355000024, 10.360540469999989 ], [ 123.95887024000001, 10.358997640999974 ], [ 123.956714084000055, 10.359388938 ], [ 123.955943269000045, 10.35901717500002 ], [ 123.954775594000012, 10.359851229000014 ], [ 123.954856745000029, 10.360969311000019 ], [ 123.954667392000033, 10.361086530000023 ], [ 123.953891947999978, 10.361014394999984 ], [ 123.952381633999948, 10.360139765999975 ], [ 123.949817693, 10.362527296999986 ], [ 123.949755264000032, 10.362027871 ], [ 123.948903512000015, 10.362094344000013 ], [ 123.946380113000032, 10.364186919000019 ], [ 123.946595525000021, 10.365540937999981 ], [ 123.947272535000025, 10.366966761000015 ], [ 123.947974817000045, 10.367243385999984 ], [ 123.948146399000052, 10.367633722999983 ], [ 123.949267873000053, 10.368064473 ], [ 123.949316487000033, 10.368438325 ], [ 123.951352921999955, 10.369800954000027 ], [ 123.952573067, 10.369920787000012 ], [ 123.952941451000015, 10.370128277 ], [ 123.955850117999944, 10.369975033 ], [ 123.956637115000035, 10.370999096 ] ] ] } },
{ "type": "Feature", "properties": { "adm4_pcode": "PH0702230015", "barangay": "Labogon", "lgu": "Mandaue City", "area_sqkm": 1.43653327, "price_per_sqm": 250640, "price_q25": 223192, "price_q75": 287346, "point_count": 13, "confident_point_count": 13, "low_conf_share": 0.0, "dist_to_listing_m": 773, "nearest_grid_m": 0, "fallback_nearest": false, "low_confidence": false, "price_label": "PHP 250,640 /sqm", "confidence_label": "Grounded in nearby listings" }, "geometry": { "type": "Polygon", "coordinates": [ [ [ 123.961725813000044, 10.35826291799998 ], [ 123.962261015999957, 10.358163347000016 ], [ 123.962568562, 10.35785518900002 ], [ 123.962309173, 10.357729724000023 ], [ 123.962384279000048, 10.357542887000022 ], [ 123.962462243, 10.357651633999978 ], [ 123.96308302, 10.357250035999982 ], [ 123.962730079000039, 10.357046498999978 ], [ 123.962792432000015, 10.356907082000021 ], [ 123.961872535, 10.356548821999979 ], [ 123.961492495000016, 10.356565224 ], [ 123.961325276000025, 10.356969575999983 ], [ 123.961156602999949, 10.356878959000028 ], [ 123.96091421999995, 10.357087626 ], [ 123.960926960000052, 10.356854783000017 ], [ 123.961540573999969, 10.356205321 ], [ 123.961513755000055, 10.355763739 ], [ 123.962152099000036, 10.355466106 ], [ 123.962555892999944, 10.355860834999987 ], [ 123.962259514000039, 10.35535799500002 ], [ 123.963169910000033, 10.354303544 ], [ 123.963677534999988, 10.354361164000011 ], [ 123.963830486, 10.354218313 ], [ 123.964464033000013, 10.352622614999973 ], [ 123.964722291000044, 10.352575709 ], [ 123.964513881000016, 10.352246433 ], [ 123.964603970999974, 10.352096582 ], [ 123.964993040999957, 10.35226991899998 ], [ 123.964919849000012, 10.351842498999986 ], [ 123.965334415000029, 10.352058359000011 ], [ 123.965833173999954, 10.351726843999984 ], [ 123.965760422000017, 10.351493466000022 ], [ 123.962407085, 10.34998221799998 ], [ 123.961769910000044, 10.348642516999973 ], [ 123.959132523999983, 10.348282256 ], [ 123.955904590000046, 10.348192725 ], [ 123.955788834000032, 10.347390705 ], [ 123.954159989, 10.346266222 ], [ 123.953186210000013, 10.34794811 ], [ 123.951919291999957, 10.347010365000017 ], [ 123.950819615, 10.348655747 ], [ 123.950265641999977, 10.348366358000021 ], [ 123.950538494000057, 10.347539532999974 ], [ 123.948256986000047, 10.347060694999982 ], [ 123.949333874, 10.350821997000025 ], [ 123.949833300000023, 10.353553234 ], [ 123.951193843000055, 10.353149515999974 ], [ 123.952538025999957, 10.354584021 ], [ 123.953117141, 10.355582861000016 ], [ 123.95505106600001, 10.356815472 ], [ 123.955616174000056, 10.356935517000011 ], [ 123.956376883999951, 10.356768553 ], [ 123.959136626000031, 10.357431070000018 ], [ 123.959780826000042, 10.358090608 ], [ 123.96078305900005, 10.357971785000018 ], [ 123.960538036, 10.357723814999986 ], [ 123.960672178999971, 10.357613658999981 ], [ 123.96093439699996, 10.357684749999976 ], [ 123.961054897000054, 10.358009606 ], [ 123.961725813000044, 10.35826291799998 ] ] ] } },
{ "type": "Feature", "properties": { "adm4_pcode": "PH0702230016", "barangay": "Looc", "lgu": "Mandaue City", "area_sqkm": 0.92464852, "price_per_sqm": 211721, "price_q25": 196449, "price_q75": 217174, "point_count": 7, "confident_point_count": 7, "low_conf_share": 0.0, "dist_to_listing_m": 422, "nearest_grid_m": 0, "fallback_nearest": false, "low_confidence": false, "price_label": "PHP 211,721 /sqm", "confidence_label": "Grounded in nearby listings" }, "geometry": { "type": "Polygon", "coordinates": [ [ [ 123.952259859000037, 10.328260874000023 ], [ 123.954573344999972, 10.326823745000013 ], [ 123.954349485999956, 10.326030763 ], [ 123.957404773, 10.322264523 ], [ 123.957099317000029, 10.321959408999987 ], [ 123.957552779000025, 10.321493305999979 ], [ 123.957039474, 10.321900170999982 ], [ 123.956809536000037, 10.321676485000012 ], [ 123.957059629000014, 10.321323498000027 ], [ 123.95575730500002, 10.322383511 ], [ 123.955400299999951, 10.322301445999983 ], [ 123.955096538000021, 10.322547686 ], [ 123.955471589000013, 10.322077826 ], [ 123.955404868999949, 10.321722385999976 ], [ 123.955201992999946, 10.321742902999972 ], [ 123.955413192000037, 10.321457169999974 ], [ 123.954809304000037, 10.321257936999984 ], [ 123.954170062, 10.322455832 ], [ 123.954000783999959, 10.322484213999985 ], [ 123.954078506999963, 10.322071778 ], [ 123.953810310999984, 10.321379470000011 ], [ 123.953504214999953, 10.321316463000016 ], [ 123.953126635999979, 10.321817915999986 ], [ 123.952930837000054, 10.321674221000023 ], [ 123.953003852000052, 10.321267566000017 ], [ 123.953529052000022, 10.320787831000018 ], [ 123.953199628999982, 10.32093460599998 ], [ 123.953173194999977, 10.320578405999981 ], [ 123.952531427000054, 10.320469893 ], [ 123.952135504000012, 10.320854239000028 ], [ 123.952261679, 10.320249400000023 ], [ 123.951657711000053, 10.320103983000024 ], [ 123.949585692000028, 10.320047061000025 ], [ 123.94963811599996, 10.319216679000021 ], [ 123.949445500000024, 10.319054789 ], [ 123.945584659000019, 10.319102337 ], [ 123.941883143000041, 10.321330707000016 ], [ 123.945517313999972, 10.326529772000015 ], [ 123.950791633, 10.324771665000014 ], [ 123.95205333499996, 10.326694464000013 ], [ 123.951612709999949, 10.327414509 ], [ 123.952259859000037, 10.328260874000023 ] ] ] } },
{ "type": "Feature", "properties": { "adm4_pcode": "PH0702230017", "barangay": "Maguikay", "lgu": "Mandaue City", "area_sqkm": 1.21685552, "price_per_sqm": 244383, "price_q25": 173097, "price_q75": 245524, "point_count": 11, "confident_point_count": 11, "low_conf_share": 0.0, "dist_to_listing_m": 308, "nearest_grid_m": 0, "fallback_nearest": false, "low_confidence": false, "price_label": "PHP 244,383 /sqm", "confidence_label": "Grounded in nearby listings" }, "geometry": { "type": "Polygon", "coordinates": [ [ [ 123.93562585899997, 10.348389216999976 ], [ 123.936582549000036, 10.34762192300002 ], [ 123.937455190000037, 10.347419533 ], [ 123.937852083000053, 10.346977955999989 ], [ 123.937865225999985, 10.346489067 ], [ 123.937234400999955, 10.346244623000018 ], [ 123.937289718999978, 10.34562071 ], [ 123.938289395999959, 10.345627287000013 ], [ 123.939137804999973, 10.346146854999972 ], [ 123.939585029, 10.34612712500001 ], [ 123.94078201100001, 10.344713108 ], [ 123.941978992000031, 10.343937043999972 ], [ 123.942577483000036, 10.342983404999984 ], [ 123.943366700999945, 10.342450682 ], [ 123.944445299999984, 10.342345453 ], [ 123.945491014000027, 10.342680871000027 ], [ 123.947432433000017, 10.342013604999977 ], [ 123.946868191000021, 10.340689807999979 ], [ 123.945924172, 10.339517922000027 ], [ 123.938317764999965, 10.334114226 ], [ 123.936583645000042, 10.335789902999977 ], [ 123.935194304999982, 10.337687023 ], [ 123.93496862500001, 10.338385218999974 ], [ 123.933656862000021, 10.33985213699998 ], [ 123.933946013999957, 10.340254129000016 ], [ 123.933797912000045, 10.340726646 ], [ 123.934392073000026, 10.341230753 ], [ 123.933511071, 10.342154971000014 ], [ 123.933724937999955, 10.343239260000018 ], [ 123.933917313000052, 10.343917638 ], [ 123.934945006000021, 10.345335143999989 ], [ 123.93562585899997, 10.348389216999976 ] ] ] } },
{ "type": "Feature", "properties": { "adm4_pcode": "PH0702230018", "barangay": "Mantuyong", "lgu": "Mandaue City", "area_sqkm": 0.13327424, "price_per_sqm": 183692, "price_q25": 183692, "price_q75": 183692, "point_count": 1, "confident_point_count": 1, "low_conf_share": 0.0, "dist_to_listing_m": 199, "nearest_grid_m": 0, "fallback_nearest": false, "low_confidence": false, "price_label": "PHP 183,692 /sqm", "confidence_label": "Grounded in nearby listings" }, "geometry": { "type": "Polygon", "coordinates": [ [ [ 123.939508508000017, 10.331270576 ], [ 123.942051513000024, 10.330276847999983 ], [ 123.941605509000055, 10.328766694000024 ], [ 123.941386418999969, 10.32887623900001 ], [ 123.940502236000043, 10.326521026000023 ], [ 123.940335197999957, 10.326211318 ], [ 123.939891914999976, 10.325996776000011 ], [ 123.938689609, 10.327301224999985 ], [ 123.938033928999971, 10.327396524999983 ], [ 123.93939896400002, 10.329838669000026 ], [ 123.939508508000017, 10.331270576 ] ] ] } },
{ "type": "Feature", "properties": { "adm4_pcode": "PH0702230019", "barangay": "Opao", "lgu": "Mandaue City", "area_sqkm": 1.01620576, "price_per_sqm": 218455, "price_q25": 184678, "price_q75": 270029, "point_count": 10, "confident_point_count": 10, "low_conf_share": 0.0, "dist_to_listing_m": 902, "nearest_grid_m": 0, "fallback_nearest": false, "low_confidence": false, "price_label": "PHP 218,455 /sqm", "confidence_label": "Grounded in nearby listings" }, "geometry": { "type": "Polygon", "coordinates": [ [ [ 123.961039328999959, 10.334135928000023 ], [ 123.96534189, 10.328391669999974 ], [ 123.965251351, 10.328178814000012 ], [ 123.965493488, 10.327907095 ], [ 123.964241498999968, 10.327200455000025 ], [ 123.96430607100001, 10.327476737999973 ], [ 123.963585075999958, 10.327828824999983 ], [ 123.963329770999962, 10.327709278999976 ], [ 123.96411470299995, 10.326949432 ], [ 123.963267533000021, 10.3276308 ], [ 123.962581526, 10.327035771999988 ], [ 123.962302324, 10.32723202 ], [ 123.962171466999962, 10.327076632 ], [ 123.962358127000016, 10.326892951 ], [ 123.962295874, 10.326674766999986 ], [ 123.963100102999988, 10.326032942999973 ], [ 123.962414044999946, 10.326351682 ], [ 123.962999554000021, 10.325792786000022 ], [ 123.961729792000028, 10.326759131000017 ], [ 123.961603725000032, 10.326625719 ], [ 123.962891227, 10.32555286600001 ], [ 123.961577982999984, 10.324374338999974 ], [ 123.960427996000021, 10.323698282 ], [ 123.960783033999974, 10.323322502999986 ], [ 123.960740881, 10.323285331000022 ], [ 123.960384117, 10.323671434 ], [ 123.959971998000015, 10.32349388199998 ], [ 123.958528809999962, 10.324494394 ], [ 123.958181932, 10.32359612099998 ], [ 123.957745979000038, 10.323222903999977 ], [ 123.95771097, 10.322951564999983 ], [ 123.9573302, 10.32274776600002 ], [ 123.956830654999976, 10.323071379 ], [ 123.956771485, 10.323337432000017 ], [ 123.956447294999975, 10.323432871000023 ], [ 123.954349485999956, 10.326030763 ], [ 123.954573344999972, 10.326823745000013 ], [ 123.952259859000037, 10.328260874000023 ], [ 123.953507522999985, 10.32989275 ], [ 123.952674903, 10.330911991999983 ], [ 123.954515023, 10.332549793 ], [ 123.955179940999983, 10.332239878 ], [ 123.955538829000034, 10.332383433000018 ], [ 123.956552334999969, 10.33179177 ], [ 123.957543947999966, 10.332458829000018 ], [ 123.958265582999957, 10.331866691000016 ], [ 123.958572645, 10.33213372900002 ], [ 123.959329656000023, 10.332260253000015 ], [ 123.959493775000055, 10.332806920999985 ], [ 123.960575248000055, 10.33411708 ], [ 123.961039328999959, 10.334135928000023 ] ] ] } },
{ "type": "Feature", "properties": { "adm4_pcode": "PH0702230021", "barangay": "Pagsabungan", "lgu": "Mandaue City", "area_sqkm": 1.4304059, "price_per_sqm": 194619, "price_q25": 178667, "price_q75": 231446, "point_count": 15, "confident_point_count": 15, "low_conf_share": 0.0, "dist_to_listing_m": 289, "nearest_grid_m": 0, "fallback_nearest": false, "low_confidence": false, "price_label": "PHP 194,619 /sqm", "confidence_label": "Grounded in nearby listings" }, "geometry": { "type": "Polygon", "coordinates": [ [ [ 123.938811447000035, 10.365472760999978 ], [ 123.944779908999976, 10.364843413000017 ], [ 123.946380113000032, 10.364186919000019 ], [ 123.946749391000026, 10.362176406 ], [ 123.948649433000014, 10.357762138999988 ], [ 123.948263059000055, 10.357393767000019 ], [ 123.948830730000054, 10.356569103000027 ], [ 123.94858611899997, 10.355990717 ], [ 123.949201282, 10.355985002000011 ], [ 123.949138019999964, 10.354968728000017 ], [ 123.948831183000038, 10.354840078999985 ], [ 123.948928121, 10.354312782000022 ], [ 123.94849401700003, 10.352600766000023 ], [ 123.94723856600001, 10.352978052000026 ], [ 123.947229700999969, 10.352665273000014 ], [ 123.946342961000028, 10.3526362 ], [ 123.945045396999944, 10.352891100000022 ], [ 123.940417724999975, 10.354677052 ], [ 123.938927146999958, 10.354832105000014 ], [ 123.937619386000051, 10.355780063 ], [ 123.938004197000055, 10.356846297 ], [ 123.938904855000033, 10.358042146 ], [ 123.936816841999985, 10.359030421999989 ], [ 123.935159807, 10.360256479999975 ], [ 123.935390157000029, 10.360575998 ], [ 123.935080078000055, 10.360840454000027 ], [ 123.936875239999949, 10.362704824 ], [ 123.937167570000042, 10.362836363999975 ], [ 123.937534646000017, 10.362550350999982 ], [ 123.938785674999963, 10.364665493000018 ], [ 123.938811447000035, 10.365472760999978 ] ] ] } },
{ "type": "Feature", "properties": { "adm4_pcode": "PH0702230020", "barangay": "Pakna-an", "lgu": "Mandaue City", "area_sqkm": 2.28221134, "price_per_sqm": 217737, "price_q25": 217498, "price_q75": 270593, "point_count": 23, "confident_point_count": 23, "low_conf_share": 0.0, "dist_to_listing_m": 858, "nearest_grid_m": 0, "fallback_nearest": false, "low_confidence": false, "price_label": "PHP 217,737 /sqm", "confidence_label": "Grounded in nearby listings" }, "geometry": { "type": "Polygon", "coordinates": [ [ [ 123.966393625000023, 10.351878559999989 ], [ 123.968426674000057, 10.349038126999972 ], [ 123.966326815, 10.347438303999979 ], [ 123.965945551, 10.347102715 ], [ 123.966019561000053, 10.346987152999986 ], [ 123.967328008999971, 10.345238242 ], [ 123.967413721999947, 10.345707678999986 ], [ 123.96705796599997, 10.345933955000021 ], [ 123.967318453999951, 10.34624957 ], [ 123.967611346000012, 10.346027506999974 ], [ 123.967565635000028, 10.345612886000026 ], [ 123.967772799000045, 10.345677541999976 ], [ 123.967738505000057, 10.34587431 ], [ 123.967922813999962, 10.345695816999978 ], [ 123.967955671000027, 10.345926318000011 ], [ 123.968281415999968, 10.346106227 ], [ 123.968823796000038, 10.345939645999977 ], [ 123.96908810900004, 10.346043656 ], [ 123.968978098999969, 10.345883429000025 ], [ 123.969130974, 10.345758343 ], [ 123.968825232999961, 10.345474428999978 ], [ 123.969033827999965, 10.345312800999977 ], [ 123.969143834999954, 10.345575629 ], [ 123.969392438999989, 10.345197553999981 ], [ 123.969311655999945, 10.345775652999976 ], [ 123.969943606000015, 10.345751334999989 ], [ 123.970752940000011, 10.346110545999977 ], [ 123.971799324000017, 10.346087899 ], [ 123.972679227999947, 10.346653893999985 ], [ 123.972829437999962, 10.346454676 ], [ 123.973196357, 10.346641606 ], [ 123.973697948, 10.346365400000025 ], [ 123.97380647600005, 10.345581864999986 ], [ 123.973576887000036, 10.345461023999974 ], [ 123.973939549999955, 10.345246675999988 ], [ 123.973604671999965, 10.34505966 ], [ 123.97398139400002, 10.344844865000027 ], [ 123.973602647, 10.34371613899998 ], [ 123.973904985, 10.342997860000025 ], [ 123.974114428, 10.342929174 ], [ 123.975039487, 10.343301167999982 ], [ 123.975679452, 10.343146615000023 ], [ 123.976069190999965, 10.341715754 ], [ 123.976010960000053, 10.340359322999973 ], [ 123.975134894, 10.339169696 ], [ 123.973357663, 10.34037594199998 ], [ 123.973157339999943, 10.340685098 ], [ 123.973495115999981, 10.340852515 ], [ 123.971337919, 10.343147825000017 ], [ 123.970864387, 10.343062326999984 ], [ 123.970496085000036, 10.342095534 ], [ 123.970114630000012, 10.341635156 ], [ 123.968108700000016, 10.340997205 ], [ 123.967635169, 10.340464482000016 ], [ 123.967056407999962, 10.340319792 ], [ 123.963202391999971, 10.340655210000023 ], [ 123.960104709, 10.340536827 ], [ 123.954777485000022, 10.340924859999973 ], [ 123.950805084999956, 10.340852515 ], [ 123.949588372999983, 10.341326046 ], [ 123.948575542999947, 10.341437852000013 ], [ 123.947432433000017, 10.342013604999977 ], [ 123.947638598000026, 10.342935921999981 ], [ 123.947616896, 10.344303121999985 ], [ 123.948256986000047, 10.347060694999982 ], [ 123.950538494000057, 10.347539532999974 ], [ 123.950265641999977, 10.348366358000021 ], [ 123.950819615, 10.348655747 ], [ 123.951919291999957, 10.347010365000017 ], [ 123.953186210000013, 10.34794811 ], [ 123.954159989, 10.346266222 ], [ 123.955788834000032, 10.347390705 ], [ 123.955904590000046, 10.348192725 ], [ 123.959132523999983, 10.348282256 ], [ 123.961769910000044, 10.348642516999973 ], [ 123.962407085, 10.34998221799998 ], [ 123.966393625000023, 10.351878559999989 ] ] ] } },
{ "type": "Feature", "properties": { "adm4_pcode": "PH0702230022", "barangay": "Subangdaku", "lgu": "Mandaue City", "area_sqkm": 2.16277086, "price_per_sqm": 203581, "price_q25": 136357, "price_q75": 241330, "point_count": 20, "confident_point_count": 20, "low_conf_share": 0.0, "dist_to_listing_m": 265, "nearest_grid_m": 0, "fallback_nearest": false, "low_confidence": false, "price_label": "PHP 203,581 /sqm", "confidence_label": "Grounded in nearby listings" }, "geometry": { "type": "Polygon", "coordinates": [ [ [ 123.922208557999966, 10.333384857 ], [ 123.922905951999951, 10.333131045000016 ], [ 123.922991958000011, 10.333358928999985 ], [ 123.924798999000018, 10.332594246999975 ], [ 123.923970212999961, 10.330872457999988 ], [ 123.924393819999977, 10.330629507000026 ], [ 123.924328033000052, 10.330120465999983 ], [ 123.924581897000053, 10.32916884399998 ], [ 123.924880745999985, 10.329018742000017 ], [ 123.924661689, 10.328486554 ], [ 123.926069559999974, 10.327782618000015 ], [ 123.92790001000003, 10.326095378 ], [ 123.928325179000012, 10.326487668000027 ], [ 123.928751926000018, 10.325955333000024 ], [ 123.931824722999977, 10.324361427999975 ], [ 123.929125226, 10.320057883 ], [ 123.930713626000056, 10.319463211000027 ], [ 123.932458517999976, 10.318375587 ], [ 123.932075111000017, 10.317773091 ], [ 123.933604081999988, 10.315919913000016 ], [ 123.93305073800002, 10.315483676999975 ], [ 123.933152824, 10.315358681000021 ], [ 123.932970039, 10.315221392000012 ], [ 123.932866658999956, 10.315346389000013 ], [ 123.932120860000055, 10.314763255 ], [ 123.932238427000016, 10.314603841 ], [ 123.932030101, 10.314685692000012 ], [ 123.931057512000052, 10.31391034 ], [ 123.931140228, 10.313817221000022 ], [ 123.928957168000011, 10.312251869000022 ], [ 123.929400441999974, 10.311733999000012 ], [ 123.929357654, 10.311695848999989 ], [ 123.928940320000038, 10.312241703999973 ], [ 123.928407108999977, 10.311813517000019 ], [ 123.928822513999989, 10.311217890000023 ], [ 123.928671268000016, 10.311091162000025 ], [ 123.928574665000042, 10.311205288999986 ], [ 123.928186654, 10.310999429999981 ], [ 123.927866468000047, 10.311381401 ], [ 123.927653580999959, 10.311224470000013 ], [ 123.925486475999946, 10.311265924 ], [ 123.922727621000035, 10.314173069999981 ], [ 123.922279171000014, 10.314922621999983 ], [ 123.920344429000011, 10.314305468999976 ], [ 123.918869231000031, 10.314547326000024 ], [ 123.918662133, 10.314803733000019 ], [ 123.920125637999945, 10.31598780600001 ], [ 123.92065413499995, 10.316100188 ], [ 123.920942683000021, 10.316370511 ], [ 123.920225869999967, 10.316801813999973 ], [ 123.920177272000046, 10.317509514999983 ], [ 123.919150651, 10.318718376999982 ], [ 123.918892476, 10.319830045 ], [ 123.919247845999962, 10.319902941 ], [ 123.919490833000054, 10.320698725 ], [ 123.91996162099997, 10.321002459 ], [ 123.920441521000043, 10.320726061000016 ], [ 123.920827263999968, 10.320893115 ], [ 123.920566450000024, 10.321542185999988 ], [ 123.920380481000052, 10.323054403000015 ], [ 123.920708373000025, 10.323592733 ], [ 123.920512616999986, 10.323979351999981 ], [ 123.920811145000016, 10.324091911999972 ], [ 123.920874766, 10.324326819000021 ], [ 123.920380481000052, 10.324733014 ], [ 123.920776887999978, 10.325188147 ], [ 123.920767100000035, 10.325633493 ], [ 123.921114568, 10.325721583000018 ], [ 123.920820932999959, 10.326201186 ], [ 123.921246702999952, 10.326700365000022 ], [ 123.92096285599996, 10.326773773000014 ], [ 123.920835614999987, 10.327282739999987 ], [ 123.919807893999973, 10.327654677 ], [ 123.91959745600002, 10.327894478000019 ], [ 123.919871514999954, 10.328114703999972 ], [ 123.920008543999984, 10.328750911999975 ], [ 123.920546874000024, 10.329617133999989 ], [ 123.920434313999976, 10.329847148 ], [ 123.920884554000054, 10.33001843400001 ], [ 123.921187976000056, 10.330512719000012 ], [ 123.921198230999948, 10.330876187 ], [ 123.921701008000014, 10.331759972999976 ], [ 123.921547694999958, 10.331923370000027 ], [ 123.921833763999985, 10.332319267 ], [ 123.921808226000053, 10.332951889000014 ], [ 123.922208557999966, 10.333384857 ] ] ] } },
{ "type": "Feature", "properties": { "adm4_pcode": "PH0702230023", "barangay": "Tabok", "lgu": "Mandaue City", "area_sqkm": 1.33887148, "price_per_sqm": 220404, "price_q25": 189816, "price_q75": 266940, "point_count": 12, "confident_point_count": 12, "low_conf_share": 0.0, "dist_to_listing_m": 374, "nearest_grid_m": 0, "fallback_nearest": false, "low_confidence": false, "price_label": "PHP 220,404 /sqm", "confidence_label": "Grounded in nearby listings" }, "geometry": { "type": "Polygon", "coordinates": [ [ [ 123.940417724999975, 10.354677052 ], [ 123.945045396999944, 10.352891100000022 ], [ 123.946342961000028, 10.3526362 ], [ 123.947229700999969, 10.352665273000014 ], [ 123.94723856600001, 10.352978052000026 ], [ 123.949616285000047, 10.352355492000015 ], [ 123.947616896, 10.344303121999985 ], [ 123.947638598000026, 10.342935921999981 ], [ 123.947432433000017, 10.342013604999977 ], [ 123.945491014000027, 10.342680871000027 ], [ 123.944445299999984, 10.342345453 ], [ 123.943366700999945, 10.342450682 ], [ 123.942577483000036, 10.342983404999984 ], [ 123.941978992000031, 10.343937043999972 ], [ 123.94078201100001, 10.344713108 ], [ 123.939585029, 10.34612712500001 ], [ 123.939137804999973, 10.346146854999972 ], [ 123.938289395999959, 10.345627287000013 ], [ 123.937289718999978, 10.34562071 ], [ 123.937234400999955, 10.346244623000018 ], [ 123.937865225999985, 10.346489067 ], [ 123.937852083000053, 10.346977955999989 ], [ 123.937455190000037, 10.347419533 ], [ 123.936582549000036, 10.34762192300002 ], [ 123.93562585899997, 10.348389216999976 ], [ 123.935741934000021, 10.348969592 ], [ 123.935547852000013, 10.349546053999973 ], [ 123.936420587000043, 10.349659487999986 ], [ 123.936981488000015, 10.349520397999981 ], [ 123.93732640099995, 10.350617847000024 ], [ 123.937945676000027, 10.351542839999979 ], [ 123.938927146999958, 10.354832105000014 ], [ 123.940417724999975, 10.354677052 ] ] ] } },
{ "type": "Feature", "properties": { "adm4_pcode": "PH0702230024", "barangay": "Tawason", "lgu": "Mandaue City", "area_sqkm": 1.22949196, "price_per_sqm": 182926, "price_q25": 161433, "price_q75": 187258, "point_count": 12, "confident_point_count": 12, "low_conf_share": 0.0, "dist_to_listing_m": 563, "nearest_grid_m": 0, "fallback_nearest": false, "low_confidence": false, "price_label": "PHP 182,926 /sqm", "confidence_label": "Grounded in nearby listings" }, "geometry": { "type": "Polygon", "coordinates": [ [ [ 123.926689402999955, 10.388518197999986 ], [ 123.926832999, 10.388025298 ], [ 123.92753353, 10.387716771999976 ], [ 123.927746659000036, 10.386830776000011 ], [ 123.927646504999984, 10.385720789 ], [ 123.927203266, 10.38511936499998 ], [ 123.927637067999967, 10.384170938000011 ], [ 123.928489227, 10.38361491 ], [ 123.929644176000011, 10.383475798 ], [ 123.930585810000025, 10.382258528000023 ], [ 123.931050821999975, 10.382095518000028 ], [ 123.931939546999956, 10.381336647000012 ], [ 123.932938187, 10.376593602000014 ], [ 123.934379184000022, 10.375811616000021 ], [ 123.935176695, 10.374922267999978 ], [ 123.934756161, 10.374508021 ], [ 123.934339623000028, 10.374684208000019 ], [ 123.933964555999978, 10.374112759000013 ], [ 123.93370297599995, 10.374116325999978 ], [ 123.93305689500005, 10.373129918000018 ], [ 123.932102813000029, 10.372496389 ], [ 123.93100683800003, 10.372418438000011 ], [ 123.930815352999957, 10.372072560999982 ], [ 123.930067279000014, 10.371895239000025 ], [ 123.929809686, 10.372306773 ], [ 123.929842367999981, 10.372737051 ], [ 123.92931360700004, 10.373175775 ], [ 123.928218622000031, 10.372729391 ], [ 123.927764520999972, 10.374051480999981 ], [ 123.926634766, 10.373754179 ], [ 123.926255438, 10.374552715 ], [ 123.925543164000032, 10.375243151 ], [ 123.925386046999961, 10.377359618000014 ], [ 123.924205278000045, 10.378068633999987 ], [ 123.924175106, 10.379677664999974 ], [ 123.924621931000047, 10.380851431 ], [ 123.923884856999962, 10.383084538999981 ], [ 123.923183734999952, 10.383342047999975 ], [ 123.924131045999957, 10.386647391 ], [ 123.924145907000025, 10.389812731 ], [ 123.926689402999955, 10.388518197999986 ] ] ] } },
{ "type": "Feature", "properties": { "adm4_pcode": "PH0702230025", "barangay": "Tingub", "lgu": "Mandaue City", "area_sqkm": 1.04851849, "price_per_sqm": 169623, "price_q25": 146915, "price_q75": 191106, "point_count": 10, "confident_point_count": 10, "low_conf_share": 0.0, "dist_to_listing_m": 609, "nearest_grid_m": 0, "fallback_nearest": false, "low_confidence": false, "price_label": "PHP 169,623 /sqm", "confidence_label": "Grounded in nearby listings" }, "geometry": { "type": "Polygon", "coordinates": [ [ [ 123.929457526999954, 10.361026735 ], [ 123.930525537, 10.360475021000013 ], [ 123.931443575, 10.359289591999982 ], [ 123.933769868000013, 10.360617628999989 ], [ 123.934563123999965, 10.360332412999981 ], [ 123.935080078000055, 10.360840454000027 ], [ 123.935390157000029, 10.360575998 ], [ 123.935159807, 10.360256479999975 ], [ 123.936816841999985, 10.359030421999989 ], [ 123.938904855000033, 10.358042146 ], [ 123.938004197000055, 10.356846297 ], [ 123.937619386000051, 10.355780063 ], [ 123.938927146999958, 10.354832105000014 ], [ 123.937945676000027, 10.351542839999979 ], [ 123.93732640099995, 10.350617847000024 ], [ 123.936981488000015, 10.349520397999981 ], [ 123.936420587000043, 10.349659487999986 ], [ 123.935547852000013, 10.349546053999973 ], [ 123.935741934000021, 10.348969592 ], [ 123.93562585899997, 10.348389216999976 ], [ 123.934666129, 10.349030651000021 ], [ 123.934701392999955, 10.349806473 ], [ 123.934428092999951, 10.350229647999981 ], [ 123.933837410000024, 10.350150303000021 ], [ 123.933158565999975, 10.349480275000019 ], [ 123.932805919999964, 10.349524356000018 ], [ 123.932250501999988, 10.350000427999987 ], [ 123.932003648999967, 10.351058367 ], [ 123.931686267000032, 10.351534440000023 ], [ 123.931765613000039, 10.352627643 ], [ 123.931465863999961, 10.354620094999973 ], [ 123.930901629, 10.354778786 ], [ 123.929799610000032, 10.354214551999974 ], [ 123.929411698999957, 10.35469944 ], [ 123.928327310999975, 10.357185597000012 ], [ 123.928292047000014, 10.358014315999981 ], [ 123.927339901999972, 10.359327923000023 ], [ 123.927516224999977, 10.360315333000017 ], [ 123.927280333, 10.361003122 ], [ 123.928332939000029, 10.361972405000017 ], [ 123.929457526999954, 10.361026735 ] ] ] } },
{ "type": "Feature", "properties": { "adm4_pcode": "PH0702230026", "barangay": "Tipolo", "lgu": "Mandaue City", "area_sqkm": 2.26339782, "price_per_sqm": 183808, "price_q25": 142518, "price_q75": 209035, "point_count": 21, "confident_point_count": 21, "low_conf_share": 0.0, "dist_to_listing_m": 129, "nearest_grid_m": 0, "fallback_nearest": false, "low_confidence": false, "price_label": "PHP 183,808 /sqm", "confidence_label": "Grounded in nearby listings" }, "geometry": { "type": "Polygon", "coordinates": [ [ [ 123.924227683000026, 10.337884492 ], [ 123.928028974999961, 10.336692621999987 ], [ 123.92841225899997, 10.336769119 ], [ 123.928308781000055, 10.337483497 ], [ 123.928442473000018, 10.337868641999989 ], [ 123.929354843000056, 10.337355555999977 ], [ 123.930003672, 10.33779281 ], [ 123.931625745000019, 10.336692621999987 ], [ 123.933896646, 10.334520455000018 ], [ 123.932411322, 10.33299712500002 ], [ 123.934896237999965, 10.331674436000014 ], [ 123.934192851000034, 10.331156416999988 ], [ 123.933546140999965, 10.329846493 ], [ 123.933984320000036, 10.327624298999979 ], [ 123.935454480999965, 10.328510379000022 ], [ 123.936399769, 10.328440951 ], [ 123.937844986999949, 10.327409980000027 ], [ 123.938689609, 10.327301224999985 ], [ 123.939891914999976, 10.325996776000011 ], [ 123.939508508000017, 10.325316032999979 ], [ 123.941238561999967, 10.324660170000016 ], [ 123.93987116400001, 10.32260366700001 ], [ 123.940854912999953, 10.32191945400001 ], [ 123.940792673000033, 10.321679486999983 ], [ 123.933604081999988, 10.315919913000016 ], [ 123.932075111000017, 10.317773091 ], [ 123.932458517999976, 10.318375587 ], [ 123.930713626000056, 10.319463211000027 ], [ 123.929125226, 10.320057883 ], [ 123.931824722999977, 10.324361427999975 ], [ 123.928751926000018, 10.325955333000024 ], [ 123.928325179000012, 10.326487668000027 ], [ 123.92790001000003, 10.326095378 ], [ 123.926069559999974, 10.327782618000015 ], [ 123.924661689, 10.328486554 ], [ 123.924880745999985, 10.329018742000017 ], [ 123.924581897000053, 10.32916884399998 ], [ 123.924328033000052, 10.330120465999983 ], [ 123.924393819999977, 10.330629507000026 ], [ 123.923970212999961, 10.330872457999988 ], [ 123.924798999000018, 10.332594246999975 ], [ 123.922991958000011, 10.333358928999985 ], [ 123.922905951999951, 10.333131045000016 ], [ 123.922166039999979, 10.333430002 ], [ 123.922405547000039, 10.334199456000022 ], [ 123.923268544000052, 10.334090253 ], [ 123.924227683000026, 10.337884492 ] ] ] } },
{ "type": "Feature", "properties": { "adm4_pcode": "PH0702230027", "barangay": "Umapad", "lgu": "Mandaue City", "area_sqkm": 2.13132433, "price_per_sqm": 270492, "price_q25": 270282, "price_q75": 270719, "point_count": 19, "confident_point_count": 19, "low_conf_share": 0.0, "dist_to_listing_m": 1057, "nearest_grid_m": 0, "fallback_nearest": false, "low_confidence": false, "price_label": "PHP 270,492 /sqm", "confidence_label": "Grounded in nearby listings" }, "geometry": { "type": "Polygon", "coordinates": [ [ [ 123.971337919, 10.343147825000017 ], [ 123.973495115999981, 10.340852515 ], [ 123.973157339999943, 10.340685098 ], [ 123.973357663, 10.34037594199998 ], [ 123.975134894, 10.339169696 ], [ 123.974585635000039, 10.338589839 ], [ 123.97342784600005, 10.337943128 ], [ 123.972479528, 10.337479563999977 ], [ 123.971190902999979, 10.337151328 ], [ 123.96899302199995, 10.333550068000022 ], [ 123.97003663299995, 10.331512814 ], [ 123.969898897, 10.331327026999986 ], [ 123.967834205000031, 10.329833038 ], [ 123.966815182, 10.332091793000018 ], [ 123.966415480000023, 10.33203540400001 ], [ 123.966642424000042, 10.331472233999989 ], [ 123.964903912999944, 10.330079027000011 ], [ 123.964754872999947, 10.330188995000015 ], [ 123.964565185999959, 10.329564166000011 ], [ 123.96572417699997, 10.32828586 ], [ 123.965493488, 10.327907095 ], [ 123.965251351, 10.328178814000012 ], [ 123.96534189, 10.328391669999974 ], [ 123.961039328999959, 10.334135928000023 ], [ 123.960575248000055, 10.33411708 ], [ 123.959493775000055, 10.332806920999985 ], [ 123.959329656000023, 10.332260253000015 ], [ 123.958572645, 10.33213372900002 ], [ 123.958265582999957, 10.331866691000016 ], [ 123.957543947999966, 10.332458829000018 ], [ 123.956552334999969, 10.33179177 ], [ 123.955538829000034, 10.332383433000018 ], [ 123.955179940999983, 10.332239878 ], [ 123.954515023, 10.332549793 ], [ 123.952674903, 10.330911991999983 ], [ 123.949179332999961, 10.332778210000015 ], [ 123.950798508000048, 10.335689710999986 ], [ 123.95165349499996, 10.33636054599998 ], [ 123.952593979999961, 10.336571005 ], [ 123.957204330999957, 10.340753862999975 ], [ 123.960104709, 10.340536827 ], [ 123.963202391999971, 10.340655210000023 ], [ 123.967385249000017, 10.340359252999974 ], [ 123.968108700000016, 10.340997205 ], [ 123.970114630000012, 10.341635156 ], [ 123.970496085000036, 10.342095534 ], [ 123.970864387, 10.343062326999984 ], [ 123.971337919, 10.343147825000017 ] ] ] } },
{ "type": "Feature", "properties": { "adm4_pcode": "PH0702232001", "barangay": "Cadulawan", "lgu": "Minglanilla", "area_sqkm": 4.56514438, "price_per_sqm": 112570, "price_q25": 111802, "price_q75": 114927, "point_count": 41, "confident_point_count": 41, "low_conf_share": 0.0, "dist_to_listing_m": 924, "nearest_grid_m": 0, "fallback_nearest": false, "low_confidence": false, "price_label": "PHP 112,570 /sqm", "confidence_label": "Grounded in nearby listings" }, "geometry": { "type": "Polygon", "coordinates": [ [ [ 123.771419002000016, 10.285509850999972 ], [ 123.773611533, 10.278701039 ], [ 123.774961721999944, 10.272711591000018 ], [ 123.774735459999988, 10.272338167999976 ], [ 123.774824008, 10.271616798000025 ], [ 123.788568555999973, 10.25553282300001 ], [ 123.788658415999976, 10.255205344999979 ], [ 123.790165515000012, 10.254578184000025 ], [ 123.790140139999949, 10.25419889 ], [ 123.792064137000011, 10.253628951 ], [ 123.792137785000023, 10.252507794999985 ], [ 123.792864313999985, 10.252354167000021 ], [ 123.793158487000028, 10.251959315000022 ], [ 123.789746689000026, 10.250568231999978 ], [ 123.785853065999959, 10.25063369999998 ], [ 123.774400266000043, 10.259099919 ], [ 123.770694451000054, 10.268986711000025 ], [ 123.769468556, 10.271260304 ], [ 123.75760204300002, 10.290049593 ], [ 123.766056107000054, 10.294861771 ], [ 123.771419002000016, 10.285509850999972 ] ] ] } },
{ "type": "Feature", "properties": { "adm4_pcode": "PH0702232002", "barangay": "Calajo-an", "lgu": "Minglanilla", "area_sqkm": 1.31839753, "price_per_sqm": 146102, "price_q25": 129560, "price_q75": 147160, "point_count": 13, "confident_point_count": 13, "low_conf_share": 0.0, "dist_to_listing_m": 377, "nearest_grid_m": 0, "fallback_nearest": false, "low_confidence": false, "price_label": "PHP 146,102 /sqm", "confidence_label": "Grounded in nearby listings" }, "geometry": { "type": "Polygon", "coordinates": [ [ [ 123.799763066999958, 10.255320886999982 ], [ 123.800366577999966, 10.254494544000011 ], [ 123.800336271, 10.253691122000021 ], [ 123.800621776999947, 10.253457802000014 ], [ 123.801992442000028, 10.253564692 ], [ 123.802771433999965, 10.252814167 ], [ 123.803926538000042, 10.252612193 ], [ 123.80410008399997, 10.252414241 ], [ 123.804268965, 10.250786515000016 ], [ 123.805645886999969, 10.248405047 ], [ 123.805096919, 10.247576039000023 ], [ 123.805097468999975, 10.247275834 ], [ 123.805788082000049, 10.246342357 ], [ 123.805847563000043, 10.244117898000013 ], [ 123.806384881999975, 10.242803658000014 ], [ 123.808351089999974, 10.240410522 ], [ 123.809399515999985, 10.238297473999978 ], [ 123.809662472000014, 10.237146818999975 ], [ 123.809344955000029, 10.236756211 ], [ 123.808963622999954, 10.236904474000028 ], [ 123.80860643799997, 10.237662775999979 ], [ 123.808267884999964, 10.237941007000018 ], [ 123.806991907999986, 10.238200878999976 ], [ 123.806389325000055, 10.23804851 ], [ 123.806299634999959, 10.238288995 ], [ 123.802959978, 10.238122995000026 ], [ 123.802118363999966, 10.23834817300002 ], [ 123.801968140999975, 10.23804905999998 ], [ 123.799239205000049, 10.237964424999973 ], [ 123.798853158000043, 10.237777041000015 ], [ 123.798876583000037, 10.237546152999982 ], [ 123.798534715999949, 10.237505145 ], [ 123.79844364600001, 10.237657731000013 ], [ 123.798227040000029, 10.237531413999989 ], [ 123.797245632, 10.241135765000024 ], [ 123.801861270000018, 10.242172208 ], [ 123.801008226000022, 10.245562563000021 ], [ 123.800035484999967, 10.246969422 ], [ 123.800693828000021, 10.247436102999984 ], [ 123.797419192, 10.251686227 ], [ 123.796513119, 10.25339896600002 ], [ 123.798768292999966, 10.255099076000022 ], [ 123.799763066999958, 10.255320886999982 ] ] ] } },
{ "type": "Feature", "properties": { "adm4_pcode": "PH0702232003", "barangay": "Camp 7", "lgu": "Minglanilla", "area_sqkm": 5.2150704, "price_per_sqm": 141704, "price_q25": 138313, "price_q75": 144067, "point_count": 49, "confident_point_count": 36, "low_conf_share": 0.265, "dist_to_listing_m": 4363, "nearest_grid_m": 0, "fallback_nearest": false, "low_confidence": false, "price_label": "PHP 141,704 /sqm", "confidence_label": "Grounded in nearby listings" }, "geometry": { "type": "Polygon", "coordinates": [ [ [ 123.778572708999945, 10.322334683 ], [ 123.780923087000019, 10.318247222000025 ], [ 123.785828083999945, 10.313192739999977 ], [ 123.787965690999954, 10.311240097 ], [ 123.787067068000056, 10.304797291 ], [ 123.768808203000049, 10.303197637999972 ], [ 123.765676714000051, 10.318041516999983 ], [ 123.764134979, 10.319166372999973 ], [ 123.758418830999972, 10.322091258 ], [ 123.758009930999947, 10.324624374999985 ], [ 123.758643894999977, 10.32496521600001 ], [ 123.759161973, 10.324787978000018 ], [ 123.759080816000051, 10.325369906 ], [ 123.759600858999988, 10.325738689 ], [ 123.759693123000034, 10.326032111000018 ], [ 123.777928132000056, 10.327767462999986 ], [ 123.778572708999945, 10.322334683 ] ] ] } },
{ "type": "Feature", "properties": { "adm4_pcode": "PH0702232004", "barangay": "Camp 8", "lgu": "Minglanilla", "area_sqkm": 6.91140043, "price_per_sqm": 115801, "price_q25": 115132, "price_q75": 117193, "point_count": 52, "confident_point_count": 52, "low_conf_share": 0.0, "dist_to_listing_m": 3240, "nearest_grid_m": 0, "fallback_nearest": false, "low_confidence": false, "price_label": "PHP 115,801 /sqm", "confidence_label": "Grounded in nearby listings" }, "geometry": { "type": "Polygon", "coordinates": [ [ [ 123.765676714000051, 10.318041516999983 ], [ 123.768808203000049, 10.303197637999972 ], [ 123.766056107000054, 10.294861771 ], [ 123.75760204300002, 10.290049593 ], [ 123.751157848000048, 10.281530852 ], [ 123.74802819599995, 10.284058051999978 ], [ 123.734471088999953, 10.296726709999973 ], [ 123.744650806999971, 10.297566629000016 ], [ 123.748188902000038, 10.30061314400001 ], [ 123.748822812999947, 10.308110634 ], [ 123.749962425000035, 10.308648803999972 ], [ 123.752518641000052, 10.310428041000023 ], [ 123.753672616000017, 10.310828023999989 ], [ 123.754674873, 10.311821086 ], [ 123.756472498999983, 10.312998048999987 ], [ 123.757493146, 10.314220987 ], [ 123.759414525000011, 10.315533583999979 ], [ 123.761078965000024, 10.315590348 ], [ 123.762982573000045, 10.316101367999977 ], [ 123.763423934, 10.316634679 ], [ 123.765676714000051, 10.318041516999983 ] ] ] } },
{ "type": "Feature", "properties": { "adm4_pcode": "PH0702232005", "barangay": "Cuanos", "lgu": "Minglanilla", "area_sqkm": 4.04860301, "price_per_sqm": 111583, "price_q25": 105859, "price_q75": 113259, "point_count": 37, "confident_point_count": 37, "low_conf_share": 0.0, "dist_to_listing_m": 3000, "nearest_grid_m": 0, "fallback_nearest": false, "low_confidence": false, "price_label": "PHP 111,583 /sqm", "confidence_label": "Grounded in nearby listings" }, "geometry": { "type": "Polygon", "coordinates": [ [ [ 123.787965690999954, 10.311240097 ], [ 123.79870199100003, 10.292534902 ], [ 123.798296756000013, 10.29122454100002 ], [ 123.798436068, 10.290874545 ], [ 123.799663822999946, 10.290771258 ], [ 123.799413801000014, 10.290100825000025 ], [ 123.800219478000031, 10.289342393000027 ], [ 123.800547105999954, 10.287682374999974 ], [ 123.801141380999979, 10.2876058 ], [ 123.802285722999954, 10.287042367000026 ], [ 123.808462974, 10.279150144000027 ], [ 123.811924536, 10.274198787999978 ], [ 123.812277250999955, 10.272590630000025 ], [ 123.809508664999953, 10.270881498999984 ], [ 123.802170496000031, 10.274474956 ], [ 123.798893946000021, 10.276505983999982 ], [ 123.794480901000043, 10.274491938999972 ], [ 123.787067068000056, 10.304797291 ], [ 123.787965690999954, 10.311240097 ] ] ] } },
{ "type": "Feature", "properties": { "adm4_pcode": "PH0702232006", "barangay": "Guindaruhan", "lgu": "Minglanilla", "area_sqkm": 4.64100476, "price_per_sqm": 111963, "price_q25": 107622, "price_q75": 112469, "point_count": 42, "confident_point_count": 42, "low_conf_share": 0.0, "dist_to_listing_m": 1466, "nearest_grid_m": 0, "fallback_nearest": false, "low_confidence": false, "price_label": "PHP 111,963 /sqm", "confidence_label": "Grounded in nearby listings" }, "geometry": { "type": "Polygon", "coordinates": [ [ [ 123.75760204300002, 10.290049593 ], [ 123.768507222000039, 10.272875215999989 ], [ 123.770694451000054, 10.268986711000025 ], [ 123.774400266000043, 10.259099919 ], [ 123.769458755999949, 10.257353301000023 ], [ 123.768908455999963, 10.257322901 ], [ 123.766946013000052, 10.257917121 ], [ 123.766045073999976, 10.257781959 ], [ 123.764481049999972, 10.25901595800002 ], [ 123.763236731, 10.259284959000013 ], [ 123.762106596999956, 10.259285196 ], [ 123.760927458999959, 10.259858929000018 ], [ 123.760879959000022, 10.260610444 ], [ 123.760420486000044, 10.261552891 ], [ 123.757528012999956, 10.262644812000019 ], [ 123.757318649000013, 10.262931703 ], [ 123.757284897999966, 10.263320911999983 ], [ 123.758334227999967, 10.264265720000026 ], [ 123.758527941000011, 10.264907268 ], [ 123.757883973000048, 10.265383483 ], [ 123.757174900999985, 10.265278436000017 ], [ 123.756165058999954, 10.265645655000014 ], [ 123.755699878999962, 10.267284276999987 ], [ 123.754811061000055, 10.268251361000011 ], [ 123.755183719, 10.269758478000028 ], [ 123.753714513999967, 10.271375486000011 ], [ 123.753874289, 10.272646667 ], [ 123.753747625999949, 10.272962380000024 ], [ 123.753116151999961, 10.273528003000024 ], [ 123.753007224000044, 10.274218395 ], [ 123.752598744000011, 10.274275804000013 ], [ 123.752322672, 10.274652705999983 ], [ 123.75247256199998, 10.275030029 ], [ 123.753328809999971, 10.274968673999979 ], [ 123.753799658000048, 10.275825645999987 ], [ 123.753757126999972, 10.276497636999977 ], [ 123.751812166000036, 10.277202613999975 ], [ 123.751538222000022, 10.277616325 ], [ 123.751515859000051, 10.278432566 ], [ 123.751174827, 10.279002817 ], [ 123.750421800000026, 10.278739869 ], [ 123.750218818, 10.278874230999975 ], [ 123.751245376000043, 10.280022471999985 ], [ 123.751213770000049, 10.280354332 ], [ 123.750808163999977, 10.280591374999972 ], [ 123.750602727, 10.281044389999977 ], [ 123.751045206999947, 10.281370982999988 ], [ 123.75760204300002, 10.290049593 ] ] ] } },
{ "type": "Feature", "properties": { "adm4_pcode": "PH0702232007", "barangay": "Linao", "lgu": "Minglanilla", "area_sqkm": 1.89383572, "price_per_sqm": 143002, "price_q25": 120339, "price_q75": 147725, "point_count": 16, "confident_point_count": 16, "low_conf_share": 0.0, "dist_to_listing_m": 682, "nearest_grid_m": 0, "fallback_nearest": false, "low_confidence": false, "price_label": "PHP 143,002 /sqm", "confidence_label": "Grounded in nearby listings" }, "geometry": { "type": "Polygon", "coordinates": [ [ [ 123.812277250999955, 10.272590630000025 ], [ 123.812023005000015, 10.271944889999986 ], [ 123.812312522999946, 10.271428883999988 ], [ 123.81215303, 10.270048884 ], [ 123.812272581, 10.269611694999981 ], [ 123.812740470999984, 10.268539012000019 ], [ 123.813568118000035, 10.268027323000013 ], [ 123.814283628, 10.266506146999973 ], [ 123.814546481999969, 10.263425357000017 ], [ 123.81512928899997, 10.261822637000023 ], [ 123.816324760000043, 10.260478209999974 ], [ 123.816023327000039, 10.257887718 ], [ 123.816144128000019, 10.257078200000024 ], [ 123.815490840000052, 10.255980916 ], [ 123.815480449, 10.25564461099998 ], [ 123.81591486800005, 10.254399894000017 ], [ 123.815948262, 10.253057877 ], [ 123.816988744000014, 10.253128601000014 ], [ 123.817334024000047, 10.252594984999973 ], [ 123.817783131000056, 10.249972784000022 ], [ 123.817734839999957, 10.249006963999989 ], [ 123.811956298000041, 10.247915072000012 ], [ 123.810866045000012, 10.248289417000024 ], [ 123.810473729000023, 10.248097675999986 ], [ 123.810303718, 10.24834307499998 ], [ 123.81035921199998, 10.248834444000011 ], [ 123.809996625000053, 10.249372610000023 ], [ 123.809978234000027, 10.249944487999983 ], [ 123.809486346999961, 10.250346924999974 ], [ 123.80923308399997, 10.249995072 ], [ 123.809027875999959, 10.249930055 ], [ 123.808919655999944, 10.250104723999982 ], [ 123.809066093999945, 10.251232626 ], [ 123.80858003000003, 10.252437768999982 ], [ 123.808458095999981, 10.255148170999973 ], [ 123.808123894, 10.256339888000014 ], [ 123.807766672999946, 10.256852072000015 ], [ 123.808001849999982, 10.257882224000014 ], [ 123.80885010999998, 10.25977121 ], [ 123.808860548999974, 10.26023617300001 ], [ 123.809021888999951, 10.260362289 ], [ 123.809513353000057, 10.260091768 ], [ 123.809556195000027, 10.260934690999989 ], [ 123.809309360000043, 10.261252720000016 ], [ 123.809270538999954, 10.26255958500002 ], [ 123.80894535699997, 10.262719274 ], [ 123.808875571000044, 10.263031292 ], [ 123.808980282999983, 10.26364587 ], [ 123.808422266999969, 10.26415892 ], [ 123.808393754, 10.264593503000015 ], [ 123.807854460000044, 10.264373963000025 ], [ 123.807679765999978, 10.266020984000022 ], [ 123.807246124000017, 10.266809519999981 ], [ 123.80741126099997, 10.267723720999982 ], [ 123.807932380000011, 10.267753395999989 ], [ 123.807965017000015, 10.268960146999973 ], [ 123.808272110999951, 10.269495147999976 ], [ 123.808796762000043, 10.269816240000011 ], [ 123.808713542999953, 10.270453495000027 ], [ 123.808904647999952, 10.27118692900001 ], [ 123.809508664999953, 10.270881498999984 ], [ 123.812277250999955, 10.272590630000025 ] ] ] } },
{ "type": "Feature", "properties": { "adm4_pcode": "PH0702232008", "barangay": "Manduang", "lgu": "Minglanilla", "area_sqkm": 6.64681561, "price_per_sqm": 114676, "price_q25": 113088, "price_q75": 116224, "point_count": 60, "confident_point_count": 60, "low_conf_share": 0.0, "dist_to_listing_m": 2262, "nearest_grid_m": 0, "fallback_nearest": false, "low_confidence": false, "price_label": "PHP 114,676 /sqm", "confidence_label": "Grounded in nearby listings" }, "geometry": { "type": "Polygon", "coordinates": [ [ [ 123.787067068000056, 10.304797291 ], [ 123.794480901000043, 10.274491938999972 ], [ 123.790758902, 10.272550672000023 ], [ 123.790108774000032, 10.27297925 ], [ 123.78995889600003, 10.273355792000018 ], [ 123.790152914000032, 10.273594048 ], [ 123.790758599000014, 10.273718373 ], [ 123.789848655000014, 10.275313051000012 ], [ 123.789334566999969, 10.275605594000012 ], [ 123.788843395999947, 10.27631415899998 ], [ 123.787268951999977, 10.276111469 ], [ 123.785884947999989, 10.277130447 ], [ 123.785252319000051, 10.27850771300001 ], [ 123.784583357999963, 10.279009638 ], [ 123.783240217999946, 10.279307384999981 ], [ 123.782256977999964, 10.280114964 ], [ 123.78220412099995, 10.281541033999986 ], [ 123.78167497000004, 10.281696152999984 ], [ 123.773611533, 10.278701039 ], [ 123.771419002000016, 10.285509850999972 ], [ 123.766056107000054, 10.294861771 ], [ 123.768808203000049, 10.303197637999972 ], [ 123.787067068000056, 10.304797291 ] ] ] } },
{ "type": "Feature", "properties": { "adm4_pcode": "PH0702232009", "barangay": "Pakigne", "lgu": "Minglanilla", "area_sqkm": 1.92364785, "price_per_sqm": 119920, "price_q25": 114959, "price_q75": 141233, "point_count": 19, "confident_point_count": 19, "low_conf_share": 0.0, "dist_to_listing_m": 648, "nearest_grid_m": 0, "fallback_nearest": false, "low_confidence": false, "price_label": "PHP 119,920 /sqm", "confidence_label": "Grounded in nearby listings" }, "geometry": { "type": "Polygon", "coordinates": [ [ [ 123.802170496000031, 10.274474956 ], [ 123.808904647999952, 10.27118692900001 ], [ 123.808713542999953, 10.270453495000027 ], [ 123.808796762000043, 10.269816240000011 ], [ 123.808272110999951, 10.269495147999976 ], [ 123.807965017000015, 10.268960146999973 ], [ 123.807932380000011, 10.267753395999989 ], [ 123.80741126099997, 10.267723720999982 ], [ 123.807246124000017, 10.266809519999981 ], [ 123.807679765999978, 10.266020984000022 ], [ 123.807854460000044, 10.264373963000025 ], [ 123.808393754, 10.264593503000015 ], [ 123.808422266999969, 10.26415892 ], [ 123.808980282999983, 10.26364587 ], [ 123.808875571000044, 10.263031292 ], [ 123.80894535699997, 10.262719274 ], [ 123.809270538999954, 10.26255958500002 ], [ 123.809309360000043, 10.261252720000016 ], [ 123.809556195000027, 10.260934690999989 ], [ 123.809602994999977, 10.260459014999981 ], [ 123.809513353000057, 10.260091768 ], [ 123.809021888999951, 10.260362289 ], [ 123.808860548999974, 10.26023617300001 ], [ 123.80885010999998, 10.25977121 ], [ 123.808001849999982, 10.257882224000014 ], [ 123.807766672999946, 10.256852072000015 ], [ 123.808123894, 10.256339888000014 ], [ 123.808458095999981, 10.255148170999973 ], [ 123.80858003000003, 10.252437768999982 ], [ 123.809066093999945, 10.251232626 ], [ 123.808919655999944, 10.250104723999982 ], [ 123.809027875999959, 10.249930055 ], [ 123.80923308399997, 10.249995072 ], [ 123.809584729, 10.25032934 ], [ 123.809978234000027, 10.249944487999983 ], [ 123.809996625000053, 10.249372610000023 ], [ 123.81035921199998, 10.248834444000011 ], [ 123.810352159, 10.248213196 ], [ 123.810473729000023, 10.248097675999986 ], [ 123.810866045000012, 10.248289417000024 ], [ 123.806961425000054, 10.243266962 ], [ 123.806254033999949, 10.243103274000021 ], [ 123.805847563000043, 10.244117898000013 ], [ 123.805788082000049, 10.246342357 ], [ 123.805097468999975, 10.247275834 ], [ 123.805096919, 10.247576039000023 ], [ 123.805645886999969, 10.248405047 ], [ 123.804268965, 10.250786515000016 ], [ 123.80410008399997, 10.252414241 ], [ 123.803926538000042, 10.252612193 ], [ 123.802771433999965, 10.252814167 ], [ 123.801992442000028, 10.253564692 ], [ 123.800621776999947, 10.253457802000014 ], [ 123.800336271, 10.253691122000021 ], [ 123.800366577999966, 10.254494544000011 ], [ 123.799074883, 10.256101358000024 ], [ 123.800309653999989, 10.258194516 ], [ 123.804484828, 10.261816345 ], [ 123.802170496000031, 10.274474956 ] ] ] } },
{ "type": "Feature", "properties": { "adm4_pcode": "PH0702232010", "barangay": "Poblacion Ward I", "lgu": "Minglanilla", "area_sqkm": 0.27167029, "price_per_sqm": 149157, "price_q25": 147627, "price_q75": 149627, "point_count": 4, "confident_point_count": 4, "low_conf_share": 0.0, "dist_to_listing_m": 315, "nearest_grid_m": 0, "fallback_nearest": false, "low_confidence": false, "price_label": "PHP 149,157 /sqm", "confidence_label": "Grounded in nearby listings" }, "geometry": { "type": "Polygon", "coordinates": [ [ [ 123.800035484999967, 10.246969422 ], [ 123.800627310999971, 10.246301503999973 ], [ 123.801008226000022, 10.245562563000021 ], [ 123.801861270000018, 10.242172208 ], [ 123.797245632, 10.241135765000024 ], [ 123.795912797000028, 10.245307981999986 ], [ 123.799552601999949, 10.246627009 ], [ 123.800035484999967, 10.246969422 ] ] ] } },
{ "type": "Feature", "properties": { "adm4_pcode": "PH0702232011", "barangay": "Poblacion Ward II", "lgu": "Minglanilla", "area_sqkm": 0.19783394, "price_per_sqm": 146486, "price_q25": 145936, "price_q75": 147036, "point_count": 2, "confident_point_count": 2, "low_conf_share": 0.0, "dist_to_listing_m": 245, "nearest_grid_m": 0, "fallback_nearest": false, "low_confidence": false, "price_label": "PHP 146,486 /sqm", "confidence_label": "Grounded in nearby listings" }, "geometry": { "type": "Polygon", "coordinates": [ [ [ 123.795912797000028, 10.245307981999986 ], [ 123.797245632, 10.241135765000024 ], [ 123.793911940000044, 10.240323661 ], [ 123.793648502999986, 10.241605314000026 ], [ 123.79301189399996, 10.241507094999974 ], [ 123.792830840999954, 10.241873965000025 ], [ 123.792502681999963, 10.243438160999972 ], [ 123.79206445, 10.244293421 ], [ 123.795912797000028, 10.245307981999986 ] ] ] } },
{ "type": "Feature", "properties": { "adm4_pcode": "PH0702232012", "barangay": "Poblacion Ward III", "lgu": "Minglanilla", "area_sqkm": 0.34049747, "price_per_sqm": 149657, "price_q25": 148811, "price_q75": 150139, "point_count": 3, "confident_point_count": 3, "low_conf_share": 0.0, "dist_to_listing_m": 374, "nearest_grid_m": 0, "fallback_nearest": false, "low_confidence": false, "price_label": "PHP 149,657 /sqm", "confidence_label": "Grounded in nearby listings" }, "geometry": { "type": "Polygon", "coordinates": [ [ [ 123.797319055, 10.251873726999975 ], [ 123.800693828000021, 10.247436102999984 ], [ 123.799552601999949, 10.246627009 ], [ 123.795968411, 10.245322209 ], [ 123.794860387999961, 10.24780433 ], [ 123.794798219999961, 10.248250256 ], [ 123.795115313, 10.249598530000014 ], [ 123.794559008999954, 10.251361800999973 ], [ 123.793985820999978, 10.252266726000016 ], [ 123.796513119, 10.25339896600002 ], [ 123.797319055, 10.251873726999975 ] ] ] } },
{ "type": "Feature", "properties": { "adm4_pcode": "PH0702232013", "barangay": "Poblacion Ward IV", "lgu": "Minglanilla", "area_sqkm": 0.3451563, "price_per_sqm": 143220, "price_q25": 143044, "price_q75": 144845, "point_count": 3, "confident_point_count": 3, "low_conf_share": 0.0, "dist_to_listing_m": 513, "nearest_grid_m": 0, "fallback_nearest": false, "low_confidence": false, "price_label": "PHP 143,220 /sqm", "confidence_label": "Grounded in nearby listings" }, "geometry": { "type": "Polygon", "coordinates": [ [ [ 123.793988475999981, 10.252260326 ], [ 123.794559008999954, 10.251361800999973 ], [ 123.795115313, 10.249598530000014 ], [ 123.794798219999961, 10.248250256 ], [ 123.794860387999961, 10.24780433 ], [ 123.795968411, 10.245322209 ], [ 123.791580179999983, 10.244138921 ], [ 123.790621811000051, 10.251017580999985 ], [ 123.793988475999981, 10.252260326 ] ] ] } },
{ "type": "Feature", "properties": { "adm4_pcode": "PH0702232014", "barangay": "Tubod", "lgu": "Minglanilla", "area_sqkm": 2.15402272, "price_per_sqm": 116128, "price_q25": 112421, "price_q75": 118104, "point_count": 20, "confident_point_count": 20, "low_conf_share": 0.0, "dist_to_listing_m": 1905, "nearest_grid_m": 0, "fallback_nearest": false, "low_confidence": false, "price_label": "PHP 116,128 /sqm", "confidence_label": "Grounded in nearby listings" }, "geometry": { "type": "Polygon", "coordinates": [ [ [ 123.798893946000021, 10.276505983999982 ], [ 123.802170496000031, 10.274474956 ], [ 123.804484828, 10.261816345 ], [ 123.800309653999989, 10.258194516 ], [ 123.799074883, 10.256101358000024 ], [ 123.798790532, 10.256400411000016 ], [ 123.798505954, 10.257494456000018 ], [ 123.797089387000028, 10.259303108999973 ], [ 123.796542373999955, 10.260463258000016 ], [ 123.79581285200004, 10.261074138000026 ], [ 123.79574956600004, 10.26193325700001 ], [ 123.795398602999967, 10.261377501000027 ], [ 123.794490885999949, 10.263720078 ], [ 123.792796007, 10.264578428 ], [ 123.792425481, 10.264525495999976 ], [ 123.792065543000035, 10.264737224999976 ], [ 123.791128642999979, 10.265854094000019 ], [ 123.789953548999961, 10.266446933999987 ], [ 123.790758902, 10.272550672000023 ], [ 123.794480901000043, 10.274491938999972 ], [ 123.798893946000021, 10.276505983999982 ] ] ] } },
{ "type": "Feature", "properties": { "adm4_pcode": "PH0702232015", "barangay": "Tulay", "lgu": "Minglanilla", "area_sqkm": 1.02909447, "price_per_sqm": 122113, "price_q25": 114398, "price_q75": 148458, "point_count": 9, "confident_point_count": 9, "low_conf_share": 0.0, "dist_to_listing_m": 826, "nearest_grid_m": 0, "fallback_nearest": false, "low_confidence": false, "price_label": "PHP 122,113 /sqm", "confidence_label": "Grounded in nearby listings" }, "geometry": { "type": "Polygon", "coordinates": [ [ [ 123.79206445, 10.244293421 ], [ 123.792729906999966, 10.242699061 ], [ 123.792830840999954, 10.241873965000025 ], [ 123.79301189399996, 10.241507094999974 ], [ 123.793648502999986, 10.241605314000026 ], [ 123.793911940000044, 10.240323661 ], [ 123.797245632, 10.241135765000024 ], [ 123.798227040000029, 10.237531413999989 ], [ 123.79844364600001, 10.237657731000013 ], [ 123.798534715999949, 10.237505145 ], [ 123.798274484999979, 10.237473930000021 ], [ 123.798365468000043, 10.235122989999979 ], [ 123.798464768000031, 10.234115268999972 ], [ 123.798762578000037, 10.234064577000026 ], [ 123.798764740000024, 10.233932907999986 ], [ 123.798482036999985, 10.233960508999985 ], [ 123.798307242999954, 10.233750256 ], [ 123.798235972000043, 10.235563297 ], [ 123.798046063000015, 10.235586652999984 ], [ 123.798028789999989, 10.235864855999978 ], [ 123.798246750999965, 10.23591795599998 ], [ 123.798188453999956, 10.236883249000016 ], [ 123.796930026000041, 10.237086783 ], [ 123.796451194000042, 10.237013038999976 ], [ 123.796436584000048, 10.236746883000023 ], [ 123.796132205000049, 10.236872717999972 ], [ 123.795890866000036, 10.236675982 ], [ 123.795701753, 10.236849671000016 ], [ 123.794374225999945, 10.236488083999973 ], [ 123.793608886000015, 10.236018639 ], [ 123.793317117000015, 10.235507734 ], [ 123.79338127699998, 10.234710112000016 ], [ 123.792523095999968, 10.234096002 ], [ 123.792330045999961, 10.233848497 ], [ 123.792471740999986, 10.233696861999988 ], [ 123.791604617999951, 10.232880179 ], [ 123.789683048000029, 10.234782468999981 ], [ 123.788478017999978, 10.235497941 ], [ 123.787659382000015, 10.236837713 ], [ 123.786209278, 10.236925198 ], [ 123.785890255000027, 10.237112449999984 ], [ 123.785586341, 10.23825764999998 ], [ 123.784279369000046, 10.240211149 ], [ 123.78355980799995, 10.24096118 ], [ 123.787853744000017, 10.24300469100001 ], [ 123.79206445, 10.244293421 ] ] ] } },
{ "type": "Feature", "properties": { "adm4_pcode": "PH0702232016", "barangay": "Tunghaan", "lgu": "Minglanilla", "area_sqkm": 3.10991136, "price_per_sqm": 112772, "price_q25": 105023, "price_q75": 116491, "point_count": 28, "confident_point_count": 28, "low_conf_share": 0.0, "dist_to_listing_m": 613, "nearest_grid_m": 0, "fallback_nearest": false, "low_confidence": false, "price_label": "PHP 112,772 /sqm", "confidence_label": "Grounded in nearby listings" }, "geometry": { "type": "Polygon", "coordinates": [ [ [ 123.774400266000043, 10.259099919 ], [ 123.785853065999959, 10.25063369999998 ], [ 123.789746689000026, 10.250568231999978 ], [ 123.790621811000051, 10.251017580999985 ], [ 123.791580179999983, 10.244138921 ], [ 123.787853744000017, 10.24300469100001 ], [ 123.775269134000041, 10.237014709 ], [ 123.775353097999982, 10.237458657 ], [ 123.775066365000043, 10.238341457 ], [ 123.775384874999986, 10.240852016000019 ], [ 123.775104141000043, 10.241471542 ], [ 123.774219108000011, 10.242276893999986 ], [ 123.775459862000048, 10.243705467999973 ], [ 123.774685814, 10.244986062 ], [ 123.774967544, 10.245774338999979 ], [ 123.774889536000046, 10.246531300000015 ], [ 123.775199366000038, 10.246857381999973 ], [ 123.771366527000055, 10.249290628999972 ], [ 123.770278936999944, 10.250414178000028 ], [ 123.770132136000029, 10.251456534999988 ], [ 123.770420555999976, 10.252155282 ], [ 123.770375866999984, 10.252524123 ], [ 123.769599542000037, 10.253038053000012 ], [ 123.767423882, 10.25364956300001 ], [ 123.768265233999955, 10.255003337 ], [ 123.769203789000017, 10.255069348 ], [ 123.769890531999977, 10.255572562999987 ], [ 123.769913081000027, 10.256557773999987 ], [ 123.769458755999949, 10.257353301000023 ], [ 123.774400266000043, 10.259099919 ] ] ] } },
{ "type": "Feature", "properties": { "adm4_pcode": "PH0702232019", "barangay": "Tungkil", "lgu": "Minglanilla", "area_sqkm": 1.24092739, "price_per_sqm": 119492, "price_q25": 118593, "price_q75": 128470, "point_count": 11, "confident_point_count": 11, "low_conf_share": 0.0, "dist_to_listing_m": 472, "nearest_grid_m": 0, "fallback_nearest": false, "low_confidence": false, "price_label": "PHP 119,492 /sqm", "confidence_label": "Grounded in nearby listings" }, "geometry": { "type": "Polygon", "coordinates": [ [ [ 123.817686548999973, 10.248934527000017 ], [ 123.817174664000049, 10.246341299999983 ], [ 123.818430048999971, 10.242267584999979 ], [ 123.818495620000022, 10.241466573000025 ], [ 123.818956969000055, 10.240642537999975 ], [ 123.818497086999969, 10.238369816999978 ], [ 123.81806084699997, 10.237797913 ], [ 123.812689633, 10.237699935000023 ], [ 123.811012251999955, 10.23753154100001 ], [ 123.810128079000037, 10.23700335 ], [ 123.809850913, 10.23723032800001 ], [ 123.809662472000014, 10.237146818999975 ], [ 123.809399515999985, 10.238297473999978 ], [ 123.808351089999974, 10.240410522 ], [ 123.806254033999949, 10.243103274000021 ], [ 123.806961425000054, 10.243266962 ], [ 123.810866045000012, 10.248289417000024 ], [ 123.811956298000041, 10.247915072000012 ], [ 123.817686548999973, 10.248934527000017 ] ] ] } },
{ "type": "Feature", "properties": { "adm4_pcode": "PH0702232017", "barangay": "Tungkop", "lgu": "Minglanilla", "area_sqkm": 1.22941477, "price_per_sqm": 116058, "price_q25": 114953, "price_q75": 117281, "point_count": 10, "confident_point_count": 10, "low_conf_share": 0.0, "dist_to_listing_m": 1265, "nearest_grid_m": 0, "fallback_nearest": false, "low_confidence": false, "price_label": "PHP 116,058 /sqm", "confidence_label": "Grounded in nearby listings" }, "geometry": { "type": "Polygon", "coordinates": [ [ [ 123.784279369000046, 10.240211149 ], [ 123.785586341, 10.23825764999998 ], [ 123.785890255000027, 10.237112449999984 ], [ 123.786209278, 10.236925198 ], [ 123.787659382000015, 10.236837713 ], [ 123.788478017999978, 10.235497941 ], [ 123.789683048000029, 10.234782468999981 ], [ 123.790221731999964, 10.234247104000019 ], [ 123.79060954199997, 10.233380997999973 ], [ 123.789203593000025, 10.23317053400001 ], [ 123.788597221000032, 10.232826194999973 ], [ 123.788674897999954, 10.232622972 ], [ 123.788009395000017, 10.232159831999979 ], [ 123.78778773, 10.232487968999976 ], [ 123.786988509000025, 10.231823844000019 ], [ 123.787182543999961, 10.231454305999989 ], [ 123.787064975000021, 10.231635690000019 ], [ 123.786787404000052, 10.23123252 ], [ 123.78586519199996, 10.231209966999984 ], [ 123.785350978999986, 10.230584707 ], [ 123.78414503700003, 10.230589853000026 ], [ 123.783980414999974, 10.230484596 ], [ 123.784113392, 10.229925031999983 ], [ 123.783321538, 10.230342642999972 ], [ 123.781569784999988, 10.230353079999986 ], [ 123.780677003000051, 10.23015215700002 ], [ 123.780097466000029, 10.230545154000026 ], [ 123.779339694999976, 10.230657672 ], [ 123.779406291999976, 10.231180397 ], [ 123.778635157000053, 10.231692977000023 ], [ 123.777698247999979, 10.231046704999983 ], [ 123.77748793, 10.231613007000021 ], [ 123.777078796999945, 10.231536248 ], [ 123.77658709800005, 10.23184726300002 ], [ 123.776030233000029, 10.232860282 ], [ 123.775804225, 10.233913584999982 ], [ 123.775403429999983, 10.234390530999974 ], [ 123.775163643000042, 10.235849234999989 ], [ 123.775269134000041, 10.237014709 ], [ 123.78355980799995, 10.24096118 ], [ 123.784279369000046, 10.240211149 ] ] ] } },
{ "type": "Feature", "properties": { "adm4_pcode": "PH0702232018", "barangay": "Vito", "lgu": "Minglanilla", "area_sqkm": 4.05376452, "price_per_sqm": 115702, "price_q25": 114080, "price_q75": 117647, "point_count": 37, "confident_point_count": 37, "low_conf_share": 0.0, "dist_to_listing_m": 1336, "nearest_grid_m": 0, "fallback_nearest": false, "low_confidence": false, "price_label": "PHP 115,702 /sqm", "confidence_label": "Grounded in nearby listings" }, "geometry": { "type": "Polygon", "coordinates": [ [ [ 123.78167497000004, 10.281696152999984 ], [ 123.782285681999952, 10.28138730500001 ], [ 123.782256977999964, 10.280114964 ], [ 123.783240217999946, 10.279307384999981 ], [ 123.784583357999963, 10.279009638 ], [ 123.785252319000051, 10.27850771300001 ], [ 123.785884947999989, 10.277130447 ], [ 123.787268951999977, 10.276111469 ], [ 123.788843395999947, 10.27631415899998 ], [ 123.789334566999969, 10.275605594000012 ], [ 123.789848655000014, 10.275313051000012 ], [ 123.790758599000014, 10.273718373 ], [ 123.790152914000032, 10.273594048 ], [ 123.78995889600003, 10.273355792000018 ], [ 123.790108774000032, 10.27297925 ], [ 123.790758902, 10.272550672000023 ], [ 123.789953548999961, 10.266446933999987 ], [ 123.791128642999979, 10.265854094000019 ], [ 123.792065543000035, 10.264737224999976 ], [ 123.792425481, 10.264525495999976 ], [ 123.792796007, 10.264578428 ], [ 123.794490885999949, 10.263720078 ], [ 123.795398602999967, 10.261377501000027 ], [ 123.79574956600004, 10.26193325700001 ], [ 123.79581285200004, 10.261074138000026 ], [ 123.796542373999955, 10.260463258000016 ], [ 123.797089387000028, 10.259303108999973 ], [ 123.798505954, 10.257494456000018 ], [ 123.798929019999946, 10.256137202 ], [ 123.799763066999958, 10.255320886999982 ], [ 123.799583081000037, 10.255174397000019 ], [ 123.798768292999966, 10.255099076000022 ], [ 123.796513119, 10.25339896600002 ], [ 123.793158487000028, 10.251959315000022 ], [ 123.792864313999985, 10.252354167000021 ], [ 123.792137785000023, 10.252507794999985 ], [ 123.792064137000011, 10.253628951 ], [ 123.790140139999949, 10.25419889 ], [ 123.790165515000012, 10.254578184000025 ], [ 123.788658415999976, 10.255205344999979 ], [ 123.788568555999973, 10.25553282300001 ], [ 123.774824008, 10.271616798000025 ], [ 123.774735459999988, 10.272338167999976 ], [ 123.774961721999944, 10.272711591000018 ], [ 123.773611533, 10.278701039 ], [ 123.78167497000004, 10.281696152999984 ] ] ] } },
{ "type": "Feature", "properties": { "adm4_pcode": "PH0702250019", "barangay": "Biasong", "lgu": "Talisay City", "area_sqkm": 1.15957896, "price_per_sqm": 146812, "price_q25": 142877, "price_q75": 151397, "point_count": 13, "confident_point_count": 13, "low_conf_share": 0.0, "dist_to_listing_m": 549, "nearest_grid_m": 0, "fallback_nearest": false, "low_confidence": false, "price_label": "PHP 146,812 /sqm", "confidence_label": "Grounded in nearby listings" }, "geometry": { "type": "Polygon", "coordinates": [ [ [ 123.835952538000015, 10.249934081999982 ], [ 123.835831988999985, 10.248282258000017 ], [ 123.836343917000022, 10.247532224 ], [ 123.835974853000039, 10.247115539 ], [ 123.834391527999969, 10.246224999 ], [ 123.833998299999962, 10.244994339000016 ], [ 123.834049274, 10.244397215 ], [ 123.834872141, 10.243851064000012 ], [ 123.836590695000041, 10.243326759000013 ], [ 123.837078590000033, 10.243042761000027 ], [ 123.837202383999966, 10.242562148 ], [ 123.837013051999975, 10.241950459 ], [ 123.834515323, 10.239838675999977 ], [ 123.83418035, 10.239066783 ], [ 123.834823479999955, 10.235295269 ], [ 123.834429225, 10.235173885999984 ], [ 123.834402233, 10.23494142200002 ], [ 123.834669895000047, 10.234889096000018 ], [ 123.834562669999968, 10.234517719999985 ], [ 123.834212103000027, 10.23438377399998 ], [ 123.834175812000012, 10.234177484999975 ], [ 123.833786057999987, 10.234297208999976 ], [ 123.833266947999959, 10.234777916999974 ], [ 123.832707993999975, 10.234835106999981 ], [ 123.832732906000047, 10.235080283 ], [ 123.831406526000023, 10.235409931999982 ], [ 123.831376836, 10.235245564000024 ], [ 123.831050203000018, 10.23538070799998 ], [ 123.831061371000033, 10.23558069500001 ], [ 123.829308029, 10.236036566 ], [ 123.828893709999988, 10.236351836999972 ], [ 123.82869567399996, 10.236236347999977 ], [ 123.828594820000035, 10.236424014000022 ], [ 123.828340199999957, 10.236380347000022 ], [ 123.828371404, 10.236592910000013 ], [ 123.826388708999957, 10.237084337 ], [ 123.826562334999949, 10.237082859 ], [ 123.826623420000033, 10.238395885999978 ], [ 123.82616958899996, 10.239897632 ], [ 123.826380758000028, 10.240750199999979 ], [ 123.830506168000056, 10.245468169 ], [ 123.83000361400002, 10.248709792 ], [ 123.835614325000051, 10.250071871999978 ], [ 123.835952538000015, 10.249934081999982 ] ] ] } },
{ "type": "Feature", "properties": { "adm4_pcode": "PH0702250001", "barangay": "Bulacao", "lgu": "Talisay City", "area_sqkm": 1.08148767, "price_per_sqm": 166388, "price_q25": 166194, "price_q75": 200336, "point_count": 9, "confident_point_count": 9, "low_conf_share": 0.0, "dist_to_listing_m": 409, "nearest_grid_m": 0, "fallback_nearest": false, "low_confidence": false, "price_label": "PHP 166,388 /sqm", "confidence_label": "Grounded in nearby listings" }, "geometry": { "type": "Polygon", "coordinates": [ [ [ 123.846882901999948, 10.274497388999976 ], [ 123.847681893999948, 10.273795125999982 ], [ 123.847674547, 10.272660554000026 ], [ 123.847074403999954, 10.272411439 ], [ 123.847844399, 10.270146748 ], [ 123.84941835799998, 10.269739104 ], [ 123.850426145000029, 10.268889845 ], [ 123.851717019000034, 10.268267056000013 ], [ 123.85130545100003, 10.263619071 ], [ 123.849683713, 10.261545016000014 ], [ 123.848013713, 10.262797352 ], [ 123.847724569999968, 10.262606027 ], [ 123.846809163999978, 10.26315549100002 ], [ 123.847045963000028, 10.26360817 ], [ 123.846126130000016, 10.264264490000016 ], [ 123.845453747999954, 10.265240346999974 ], [ 123.844936819000054, 10.264876478000019 ], [ 123.84354852599995, 10.26626918 ], [ 123.843221974000016, 10.266128510999977 ], [ 123.842269945, 10.267277649 ], [ 123.841533527000024, 10.267845631 ], [ 123.841423847999977, 10.267677194999976 ], [ 123.840460238, 10.268354855999974 ], [ 123.840146869000023, 10.26831960200002 ], [ 123.83853335699996, 10.270862129000022 ], [ 123.839404832000014, 10.271575535000011 ], [ 123.841097366999975, 10.272489328 ], [ 123.842611457999965, 10.274119830000018 ], [ 123.845790990999944, 10.274210429999982 ], [ 123.84677663399998, 10.274916211 ], [ 123.846882901999948, 10.274497388999976 ] ] ] } },
{ "type": "Feature", "properties": { "adm4_pcode": "PH0702250002", "barangay": "Cadulawan", "lgu": "Talisay City", "area_sqkm": 1.28600279, "price_per_sqm": 166833, "price_q25": 162524, "price_q75": 175878, "point_count": 14, "confident_point_count": 14, "low_conf_share": 0.0, "dist_to_listing_m": 1228, "nearest_grid_m": 0, "fallback_nearest": false, "low_confidence": false, "price_label": "PHP 166,833 /sqm", "confidence_label": "Grounded in nearby listings" }, "geometry": { "type": "Polygon", "coordinates": [ [ [ 123.830295783999986, 10.284597957000017 ], [ 123.835193393000054, 10.284274069 ], [ 123.835962275000043, 10.283405169 ], [ 123.836374846000012, 10.281898660000024 ], [ 123.837087469000039, 10.281898660000024 ], [ 123.837487537000015, 10.282273724999982 ], [ 123.837743831000012, 10.282242470000028 ], [ 123.837981371999945, 10.281429829999979 ], [ 123.838512714, 10.280973501 ], [ 123.840613074999965, 10.280423407 ], [ 123.841300693, 10.280860981999979 ], [ 123.842107081, 10.280617189999987 ], [ 123.84338230000003, 10.27907942600001 ], [ 123.84447623799997, 10.278391807999981 ], [ 123.845420150999985, 10.27687279700001 ], [ 123.845563924999965, 10.276210182999989 ], [ 123.846345309999947, 10.275991395 ], [ 123.846601604000057, 10.275722599 ], [ 123.84677663399998, 10.274916211 ], [ 123.845790990999944, 10.274210429999982 ], [ 123.842611457999965, 10.274119830000018 ], [ 123.841097366999975, 10.272489328 ], [ 123.839404832000014, 10.271575535000011 ], [ 123.836556504999976, 10.273848656999974 ], [ 123.83570385400003, 10.275196296999979 ], [ 123.830744884999945, 10.280409953 ], [ 123.830295783999986, 10.284597957000017 ] ] ] } },
{ "type": "Feature", "properties": { "adm4_pcode": "PH0702250020", "barangay": "Camp IV", "lgu": "Talisay City", "area_sqkm": 5.45756941, "price_per_sqm": 164341, "price_q25": 155293, "price_q75": 174153, "point_count": 51, "confident_point_count": 6, "low_conf_share": 0.882, "dist_to_listing_m": 5730, "nearest_grid_m": 0, "fallback_nearest": false, "low_confidence": true, "price_label": "PHP 164,341 /sqm", "confidence_label": "Low confidence · median grid cell 5.7 km from listing" }, "geometry": { "type": "Polygon", "coordinates": [ [ [ 123.791569034999952, 10.338076832000013 ], [ 123.793045786999983, 10.338112871000021 ], [ 123.793990325999971, 10.337305671000024 ], [ 123.798107393, 10.335502678000012 ], [ 123.799320256999977, 10.335980141 ], [ 123.799830373999953, 10.336619668000026 ], [ 123.801190897999959, 10.336467475 ], [ 123.801982379000037, 10.336783208999975 ], [ 123.8023485, 10.336644379 ], [ 123.802522917000033, 10.336493716 ], [ 123.801831311, 10.334498385000018 ], [ 123.801894383999979, 10.333910977000016 ], [ 123.802682872999981, 10.332683384 ], [ 123.803075562, 10.33255163299998 ], [ 123.803504063999981, 10.332588551000015 ], [ 123.803984360999948, 10.333256619999986 ], [ 123.803575927, 10.33388333900001 ], [ 123.803718050000043, 10.334499704999985 ], [ 123.804111817000035, 10.334714685 ], [ 123.805032091000044, 10.334623066 ], [ 123.806198244000029, 10.333448292000014 ], [ 123.806972869, 10.333366792 ], [ 123.807183423999959, 10.334013592000019 ], [ 123.807126410000023, 10.335210707999977 ], [ 123.807434918000013, 10.335529017 ], [ 123.808097168000018, 10.335468676 ], [ 123.808429344000047, 10.335207568999977 ], [ 123.808217530999968, 10.333920233000015 ], [ 123.806477335999944, 10.332222331000025 ], [ 123.806697720999978, 10.331799378000028 ], [ 123.80780546799997, 10.331323124 ], [ 123.808557641999982, 10.331294152999988 ], [ 123.809395656999982, 10.330548218999979 ], [ 123.809243851000019, 10.330184986 ], [ 123.808588829999962, 10.329689062 ], [ 123.808334514999956, 10.329147734 ], [ 123.808251521999978, 10.32837566 ], [ 123.80864228300004, 10.327710459 ], [ 123.809272091000025, 10.327288281 ], [ 123.809575549999977, 10.327418686999977 ], [ 123.809918112999981, 10.328581792000023 ], [ 123.810215148999987, 10.328888016 ], [ 123.811029244999986, 10.329213958000025 ], [ 123.811819525000033, 10.329259956999977 ], [ 123.812463259999959, 10.328901178000024 ], [ 123.813696637000021, 10.327502854999977 ], [ 123.814063082999951, 10.327510894999989 ], [ 123.814378317999967, 10.327673243999982 ], [ 123.814540029999989, 10.328769524 ], [ 123.815066727000044, 10.329348862000018 ], [ 123.815510003999975, 10.329542834999984 ], [ 123.815923834000046, 10.329363117000014 ], [ 123.816472174999944, 10.328072054000017 ], [ 123.819818991000034, 10.32517148 ], [ 123.820413980000012, 10.324182310000026 ], [ 123.82027267, 10.323438572999976 ], [ 123.820689163, 10.323126204 ], [ 123.82027267, 10.322114721 ], [ 123.820808160999945, 10.321244549000028 ], [ 123.821061031999989, 10.320054570000025 ], [ 123.819419911999944, 10.307186705 ], [ 123.813210911000056, 10.307585807 ], [ 123.811790462999966, 10.308747341000014 ], [ 123.811303907000024, 10.308698685000024 ], [ 123.810222229000033, 10.309516820999988 ], [ 123.806821241999955, 10.307223731000022 ], [ 123.804940393000038, 10.304441106000013 ], [ 123.802339847999974, 10.317634899999973 ], [ 123.808563135999975, 10.326200861000018 ], [ 123.800914819000013, 10.32791211 ], [ 123.789012168999989, 10.329773671999988 ], [ 123.791258243000016, 10.332464685 ], [ 123.791784227, 10.335160351000013 ], [ 123.79152620900004, 10.338238671999989 ], [ 123.791569034999952, 10.338076832000013 ] ] ] } },
{ "type": "Feature", "properties": { "adm4_pcode": "PH0702250003", "barangay": "Cansojong", "lgu": "Talisay City", "area_sqkm": 1.21363654, "price_per_sqm": 151620, "price_q25": 138985, "price_q75": 156164, "point_count": 11, "confident_point_count": 11, "low_conf_share": 0.0, "dist_to_listing_m": 342, "nearest_grid_m": 0, "fallback_nearest": false, "low_confidence": false, "price_label": "PHP 151,620 /sqm", "confidence_label": "Grounded in nearby listings" }, "geometry": { "type": "Polygon", "coordinates": [ [ [ 123.847491516, 10.258781664000026 ], [ 123.857295580000027, 10.252773429 ], [ 123.858325457999968, 10.248291704 ], [ 123.858346564000044, 10.247772828 ], [ 123.856764076, 10.24765273600002 ], [ 123.854522473999964, 10.247097541000016 ], [ 123.853627719999963, 10.246610642 ], [ 123.853666945999976, 10.246308027999987 ], [ 123.851912114000015, 10.245645118000027 ], [ 123.851425105999965, 10.245129318000011 ], [ 123.85143925, 10.244672361000028 ], [ 123.850893105999944, 10.244291880999981 ], [ 123.850769894, 10.243812690000027 ], [ 123.849394105999977, 10.24488911100002 ], [ 123.850003468999944, 10.245593004 ], [ 123.848939074999976, 10.246459334 ], [ 123.848670304000052, 10.246427387999972 ], [ 123.848585811000021, 10.246682978000024 ], [ 123.84827286899997, 10.24663478399998 ], [ 123.8477656, 10.24769502800001 ], [ 123.849311407999949, 10.248528439999973 ], [ 123.84918174500001, 10.248804265 ], [ 123.84979282200004, 10.249180131 ], [ 123.849512122999954, 10.249693687999979 ], [ 123.850347559000056, 10.250146285000028 ], [ 123.850618833, 10.249719051 ], [ 123.851393565999956, 10.250210055000025 ], [ 123.851086615999975, 10.251428617999977 ], [ 123.846219648999977, 10.25158761 ], [ 123.844527527999958, 10.254043689000014 ], [ 123.844012100999976, 10.254303997000022 ], [ 123.847491516, 10.258781664000026 ] ] ] } },
{ "type": "Feature", "properties": { "adm4_pcode": "PH0702250004", "barangay": "Dumlog", "lgu": "Talisay City", "area_sqkm": 1.58261267, "price_per_sqm": 151085, "price_q25": 146283, "price_q75": 167019, "point_count": 13, "confident_point_count": 13, "low_conf_share": 0.0, "dist_to_listing_m": 831, "nearest_grid_m": 0, "fallback_nearest": false, "low_confidence": false, "price_label": "PHP 151,085 /sqm", "confidence_label": "Grounded in nearby listings" }, "geometry": { "type": "Polygon", "coordinates": [ [ [ 123.834372264999956, 10.253528109 ], [ 123.842002950000051, 10.25185002 ], [ 123.843792184999984, 10.246459796000011 ], [ 123.844653577000031, 10.239619743 ], [ 123.843148558000053, 10.23913472800001 ], [ 123.841794431000039, 10.237471680999988 ], [ 123.840628289000051, 10.237024532000021 ], [ 123.839080242000023, 10.236781845999985 ], [ 123.837453149, 10.235568801 ], [ 123.835631612000043, 10.235063593 ], [ 123.835350487000028, 10.23541633100001 ], [ 123.834823479999955, 10.235295269 ], [ 123.83418035, 10.239066783 ], [ 123.834515323, 10.239838675999977 ], [ 123.837013051999975, 10.241950459 ], [ 123.837202383999966, 10.242562148 ], [ 123.837078590000033, 10.243042761000027 ], [ 123.836590695000041, 10.243326759000013 ], [ 123.834872141, 10.243851064000012 ], [ 123.834049274, 10.244397215 ], [ 123.833998299999962, 10.244994339000016 ], [ 123.834391527999969, 10.246224999 ], [ 123.835974853000039, 10.247115539 ], [ 123.836343917000022, 10.247532224 ], [ 123.835808178999969, 10.248556080000014 ], [ 123.836141963000046, 10.250796470000012 ], [ 123.835853370999985, 10.251740954000013 ], [ 123.834372264999956, 10.253528109 ] ] ] } },
{ "type": "Feature", "properties": { "adm4_pcode": "PH0702250005", "barangay": "Jaclupan", "lgu": "Talisay City", "area_sqkm": 3.96954064, "price_per_sqm": 140766, "price_q25": 140766, "price_q75": 140957, "point_count": 35, "confident_point_count": 32, "low_conf_share": 0.086, "dist_to_listing_m": 4205, "nearest_grid_m": 0, "fallback_nearest": false, "low_confidence": false, "price_label": "PHP 140,766 /sqm", "confidence_label": "Grounded in nearby listings" }, "geometry": { "type": "Polygon", "coordinates": [ [ [ 123.823301036999965, 10.305257483 ], [ 123.826075963, 10.296547841 ], [ 123.828576570999985, 10.292980735000015 ], [ 123.824959020000051, 10.29194399 ], [ 123.820467652000048, 10.289744082000027 ], [ 123.817075733000024, 10.289600435000011 ], [ 123.81303061999995, 10.290734097999973 ], [ 123.808444440000017, 10.294676150999976 ], [ 123.806383235999988, 10.296711589999973 ], [ 123.805326869000055, 10.298334787999977 ], [ 123.804837333000023, 10.299700336 ], [ 123.804605446999972, 10.302405667000016 ], [ 123.804940393000038, 10.304441106000013 ], [ 123.806821241999955, 10.307223731000022 ], [ 123.810222229000033, 10.309516820999988 ], [ 123.811303907000024, 10.308698685000024 ], [ 123.811790462999966, 10.308747341000014 ], [ 123.813210911000056, 10.307585807 ], [ 123.819419911999944, 10.307186705 ], [ 123.820193303999986, 10.31384535 ], [ 123.823301036999965, 10.305257483 ] ] ] } },
{ "type": "Feature", "properties": { "adm4_pcode": "PH0702250006", "barangay": "Lagtang", "lgu": "Talisay City", "area_sqkm": 2.81548024, "price_per_sqm": 142811, "price_q25": 139458, "price_q75": 156521, "point_count": 24, "confident_point_count": 24, "low_conf_share": 0.0, "dist_to_listing_m": 1310, "nearest_grid_m": 0, "fallback_nearest": false, "low_confidence": false, "price_label": "PHP 142,811 /sqm", "confidence_label": "Grounded in nearby listings" }, "geometry": { "type": "Polygon", "coordinates": [ [ [ 123.830295783999986, 10.284597957000017 ], [ 123.830744884999945, 10.280409953 ], [ 123.83570385400003, 10.275196296999979 ], [ 123.836556504999976, 10.273848656999974 ], [ 123.839404832000014, 10.271575535000011 ], [ 123.83853335699996, 10.270862129000022 ], [ 123.839680732000033, 10.268871914999977 ], [ 123.840146869000023, 10.26831960200002 ], [ 123.840393647000042, 10.268370523999977 ], [ 123.839153160000023, 10.266578692999985 ], [ 123.838257932000033, 10.265709043000015 ], [ 123.836998335999965, 10.265050933999987 ], [ 123.836430146, 10.263778509000019 ], [ 123.834440227999949, 10.262429516 ], [ 123.83291461500005, 10.265604751000012 ], [ 123.832001428000012, 10.266446315 ], [ 123.829637446, 10.267911159 ], [ 123.828214321000019, 10.269248033999986 ], [ 123.825238697000032, 10.273129283 ], [ 123.82465906699997, 10.275584604000016 ], [ 123.826749758, 10.278537401999984 ], [ 123.826877472999968, 10.279107058000022 ], [ 123.826705063999952, 10.279881483 ], [ 123.825840525999979, 10.280392743999982 ], [ 123.825064307000048, 10.280257206999977 ], [ 123.824073375000012, 10.280555682999989 ], [ 123.823886283999968, 10.281019406999974 ], [ 123.823948890999986, 10.281531558999973 ], [ 123.823541998999985, 10.282594432999986 ], [ 123.822880434000012, 10.287217 ], [ 123.820467652000048, 10.289744082000027 ], [ 123.824959020000051, 10.29194399 ], [ 123.828576570999985, 10.292980735000015 ], [ 123.830295783999986, 10.284597957000017 ] ] ] } },
{ "type": "Feature", "properties": { "adm4_pcode": "PH0702250007", "barangay": "Lawaan I", "lgu": "Talisay City", "area_sqkm": 0.89200827, "price_per_sqm": 137299, "price_q25": 120887, "price_q75": 151347, "point_count": 8, "confident_point_count": 8, "low_conf_share": 0.0, "dist_to_listing_m": 374, "nearest_grid_m": 0, "fallback_nearest": false, "low_confidence": false, "price_label": "PHP 137,299 /sqm", "confidence_label": "Grounded in nearby listings" }, "geometry": { "type": "Polygon", "coordinates": [ [ [ 123.821852952999961, 10.267368492 ], [ 123.822779265, 10.266214166 ], [ 123.823270922, 10.266100157999972 ], [ 123.824276571000041, 10.266363354000021 ], [ 123.824361118999946, 10.265758135999988 ], [ 123.823868426999979, 10.26559956 ], [ 123.823966848000055, 10.264823123999975 ], [ 123.824633927000036, 10.264287272999979 ], [ 123.825169777000042, 10.263335865999977 ], [ 123.825519719999988, 10.262165744000015 ], [ 123.82506042, 10.261815801000012 ], [ 123.826514870999972, 10.258885028 ], [ 123.828989628000045, 10.259260342 ], [ 123.832223316999944, 10.260055150000028 ], [ 123.828956190999975, 10.255646879999972 ], [ 123.827937833999954, 10.253270713 ], [ 123.822725597000044, 10.255132226 ], [ 123.822090979999984, 10.256906991 ], [ 123.821828552000056, 10.258425325000019 ], [ 123.820830471000022, 10.258282765999979 ], [ 123.820386332999988, 10.260228198 ], [ 123.820603397000014, 10.260696458999973 ], [ 123.820027342, 10.261386526000024 ], [ 123.819997181999952, 10.262417265000011 ], [ 123.821147586000052, 10.266628321999974 ], [ 123.821510931000034, 10.266698698000027 ], [ 123.821852952999961, 10.267368492 ] ] ] } },
{ "type": "Feature", "properties": { "adm4_pcode": "PH0702250021", "barangay": "Lawaan II", "lgu": "Talisay City", "area_sqkm": 0.65912782, "price_per_sqm": 165994, "price_q25": 164771, "price_q75": 167648, "point_count": 6, "confident_point_count": 6, "low_conf_share": 0.0, "dist_to_listing_m": 273, "nearest_grid_m": 0, "fallback_nearest": false, "low_confidence": false, "price_label": "PHP 165,994 /sqm", "confidence_label": "Grounded in nearby listings" }, "geometry": { "type": "Polygon", "coordinates": [ [ [ 123.834947052999951, 10.260963737 ], [ 123.835866488999955, 10.258706524 ], [ 123.835918959999958, 10.258129339 ], [ 123.835604131999958, 10.257630861999985 ], [ 123.835105654000017, 10.257302916000015 ], [ 123.834607176999953, 10.256332196000017 ], [ 123.834344819999956, 10.253656158000013 ], [ 123.834495501999982, 10.253244142000028 ], [ 123.835853370999985, 10.251740954000013 ], [ 123.836207552000019, 10.250442288999977 ], [ 123.835952538000015, 10.249934081999982 ], [ 123.835614325000051, 10.250071871999978 ], [ 123.831872088999944, 10.249113669999986 ], [ 123.831415568000011, 10.251020485000026 ], [ 123.831515731999957, 10.251767436000023 ], [ 123.827937833999954, 10.253270713 ], [ 123.828956190999975, 10.255646879999972 ], [ 123.832223316999944, 10.260055150000028 ], [ 123.834947052999951, 10.260963737 ] ] ] } },
{ "type": "Feature", "properties": { "adm4_pcode": "PH0702250022", "barangay": "Lawaan III", "lgu": "Talisay City", "area_sqkm": 0.79049464, "price_per_sqm": 157625, "price_q25": 127762, "price_q75": 178528, "point_count": 8, "confident_point_count": 8, "low_conf_share": 0.0, "dist_to_listing_m": 277, "nearest_grid_m": 0, "fallback_nearest": false, "low_confidence": false, "price_label": "PHP 157,625 /sqm", "confidence_label": "Grounded in nearby listings" }, "geometry": { "type": "Polygon", "coordinates": [ [ [ 123.829637446, 10.267911159 ], [ 123.83291461500005, 10.265604751000012 ], [ 123.834440227999949, 10.262429516 ], [ 123.834947052999951, 10.260963737 ], [ 123.83088915899998, 10.2596724 ], [ 123.826514870999972, 10.258885028 ], [ 123.82506042, 10.261815801000012 ], [ 123.825519719999988, 10.262165744000015 ], [ 123.825169777000042, 10.263335865999977 ], [ 123.824633927000036, 10.264287272999979 ], [ 123.823966848000055, 10.264823123999975 ], [ 123.823868426999979, 10.26559956 ], [ 123.824361118999946, 10.265758135999988 ], [ 123.824276571000041, 10.266363354000021 ], [ 123.829637446, 10.267911159 ] ] ] } },
{ "type": "Feature", "properties": { "adm4_pcode": "PH0702250008", "barangay": "Linao", "lgu": "Talisay City", "area_sqkm": 1.03231341, "price_per_sqm": 124314, "price_q25": 118722, "price_q75": 182140, "point_count": 11, "confident_point_count": 11, "low_conf_share": 0.0, "dist_to_listing_m": 778, "nearest_grid_m": 0, "fallback_nearest": false, "low_confidence": false, "price_label": "PHP 124,314 /sqm", "confidence_label": "Grounded in nearby listings" }, "geometry": { "type": "Polygon", "coordinates": [ [ [ 123.821147586000052, 10.266628321999974 ], [ 123.820183089000011, 10.263303059 ], [ 123.820027342, 10.261386526000024 ], [ 123.820603397000014, 10.260696458999973 ], [ 123.820386332999988, 10.260228198 ], [ 123.820830471000022, 10.258282765999979 ], [ 123.821828552000056, 10.258425325000019 ], [ 123.822090979999984, 10.256906991 ], [ 123.822725597000044, 10.255132226 ], [ 123.819906092, 10.25609552200001 ], [ 123.819759518999945, 10.255002473 ], [ 123.819478789999948, 10.254471782 ], [ 123.820676236000054, 10.253093157000023 ], [ 123.820854465000025, 10.253260367999985 ], [ 123.820853463000049, 10.253053495000017 ], [ 123.81954861600002, 10.251000248000025 ], [ 123.819214646999967, 10.249429210000017 ], [ 123.81949138899995, 10.248359710999978 ], [ 123.818594179, 10.247557821999976 ], [ 123.818984359999945, 10.246917925 ], [ 123.818594179, 10.246548554000015 ], [ 123.818669203000013, 10.246029427 ], [ 123.817384085999947, 10.245724030000019 ], [ 123.817174664000049, 10.246341299999983 ], [ 123.817783131000056, 10.249972784000022 ], [ 123.817483726999967, 10.252119318999974 ], [ 123.816988744000014, 10.253128601000014 ], [ 123.815948262, 10.253057877 ], [ 123.81591486800005, 10.254399894000017 ], [ 123.815480449, 10.25564461099998 ], [ 123.815490840000052, 10.255980916 ], [ 123.816144128000019, 10.257078200000024 ], [ 123.816023327000039, 10.257887718 ], [ 123.816324760000043, 10.260478209999974 ], [ 123.81512928899997, 10.261822637000023 ], [ 123.814546481999969, 10.263425357000017 ], [ 123.814300065, 10.266450096000028 ], [ 123.817683851999959, 10.26669605 ], [ 123.821147586000052, 10.266628321999974 ] ] ] } },
{ "type": "Feature", "properties": { "adm4_pcode": "PH0702250009", "barangay": "Maghaway", "lgu": "Talisay City", "area_sqkm": 3.98722038, "price_per_sqm": 122851, "price_q25": 115593, "price_q75": 140798, "point_count": 37, "confident_point_count": 37, "low_conf_share": 0.0, "dist_to_listing_m": 2123, "nearest_grid_m": 0, "fallback_nearest": false, "low_confidence": false, "price_label": "PHP 122,851 /sqm", "confidence_label": "Grounded in nearby listings" }, "geometry": { "type": "Polygon", "coordinates": [ [ [ 123.822880434000012, 10.287217 ], [ 123.823541998999985, 10.282594432999986 ], [ 123.823948890999986, 10.281531558999973 ], [ 123.823886283999968, 10.281019406999974 ], [ 123.824073375000012, 10.280555682999989 ], [ 123.825064307000048, 10.280257206999977 ], [ 123.825840525999979, 10.280392743999982 ], [ 123.826705063999952, 10.279881483 ], [ 123.826877472999968, 10.279107058000022 ], [ 123.826749758, 10.278537401999984 ], [ 123.82465906699997, 10.275584604000016 ], [ 123.825238697000032, 10.273129283 ], [ 123.827006821000055, 10.270671158000027 ], [ 123.829637446, 10.267911159 ], [ 123.823270922, 10.266100157999972 ], [ 123.822536999000022, 10.266321048 ], [ 123.821852952999961, 10.267368492 ], [ 123.821510931000034, 10.266698698000027 ], [ 123.821147586000052, 10.266628321999974 ], [ 123.817683851999959, 10.26669605 ], [ 123.814300065, 10.266450096000028 ], [ 123.813568118000035, 10.268027323000013 ], [ 123.812630338999952, 10.268706748999989 ], [ 123.812191570999971, 10.269852545 ], [ 123.812312522999946, 10.271428883999988 ], [ 123.812023005000015, 10.271944889999986 ], [ 123.812277250999955, 10.272590630000025 ], [ 123.811924536, 10.274198787999978 ], [ 123.808462974, 10.279150144000027 ], [ 123.805132551000042, 10.283217499999978 ], [ 123.812651826999968, 10.286778105 ], [ 123.817075733000024, 10.289600435000011 ], [ 123.820467652000048, 10.289744082000027 ], [ 123.822880434000012, 10.287217 ] ] ] } },
{ "type": "Feature", "properties": { "adm4_pcode": "PH0702250010", "barangay": "Manipis", "lgu": "Talisay City", "area_sqkm": 4.23979661, "price_per_sqm": 173211, "price_q25": 159834, "price_q75": 175601, "point_count": 40, "confident_point_count": 6, "low_conf_share": 0.85, "dist_to_listing_m": 5700, "nearest_grid_m": 0, "fallback_nearest": false, "low_confidence": true, "price_label": "PHP 173,211 /sqm", "confidence_label": "Low confidence · median grid cell 5.7 km from listing" }, "geometry": { "type": "Polygon", "coordinates": [ [ [ 123.789012168999989, 10.329773671999988 ], [ 123.800914819000013, 10.32791211 ], [ 123.808563135999975, 10.326200861000018 ], [ 123.802339847999974, 10.317634899999973 ], [ 123.795775273, 10.315710799999977 ], [ 123.787965690999954, 10.311240097 ], [ 123.785828083999945, 10.313192739999977 ], [ 123.780487952000044, 10.318847835999975 ], [ 123.778572708999945, 10.322334683 ], [ 123.777928132000056, 10.327767462999986 ], [ 123.779799508999986, 10.327971849 ], [ 123.789012168999989, 10.329773671999988 ] ] ] } },
{ "type": "Feature", "properties": { "adm4_pcode": "PH0702250011", "barangay": "Mohon", "lgu": "Talisay City", "area_sqkm": 0.93592564, "price_per_sqm": 122255, "price_q25": 120153, "price_q75": 148543, "point_count": 8, "confident_point_count": 8, "low_conf_share": 0.0, "dist_to_listing_m": 755, "nearest_grid_m": 0, "fallback_nearest": false, "low_confidence": false, "price_label": "PHP 122,255 /sqm", "confidence_label": "Grounded in nearby listings" }, "geometry": { "type": "Polygon", "coordinates": [ [ [ 123.819906092, 10.25609552200001 ], [ 123.824663761000011, 10.254540922 ], [ 123.831515731999957, 10.251767436000023 ], [ 123.831415568000011, 10.251020485000026 ], [ 123.831872088999944, 10.249113669999986 ], [ 123.818669203000013, 10.246029427 ], [ 123.818594179, 10.246548554000015 ], [ 123.818984359999945, 10.246917925 ], [ 123.818594179, 10.247557821999976 ], [ 123.81949138899995, 10.248359710999978 ], [ 123.819214646999967, 10.249429210000017 ], [ 123.81954861600002, 10.251000248000025 ], [ 123.820853463000049, 10.253053495000017 ], [ 123.820854465000025, 10.253260367999985 ], [ 123.820676236000054, 10.253093157000023 ], [ 123.819478789999948, 10.254471782 ], [ 123.819759518999945, 10.255002473 ], [ 123.819906092, 10.25609552200001 ] ] ] } },
{ "type": "Feature", "properties": { "adm4_pcode": "PH0702250012", "barangay": "Poblacion", "lgu": "Talisay City", "area_sqkm": 0.88821247, "price_per_sqm": 151172, "price_q25": 135100, "price_q75": 158536, "point_count": 8, "confident_point_count": 8, "low_conf_share": 0.0, "dist_to_listing_m": 702, "nearest_grid_m": 0, "fallback_nearest": false, "low_confidence": false, "price_label": "PHP 151,172 /sqm", "confidence_label": "Grounded in nearby listings" }, "geometry": { "type": "Polygon", "coordinates": [ [ [ 123.844368885999984, 10.254111008 ], [ 123.846219648999977, 10.25158761 ], [ 123.851086615999975, 10.251428617999977 ], [ 123.851426873000037, 10.250292081 ], [ 123.850618833, 10.249719051 ], [ 123.850347559000056, 10.250146285000028 ], [ 123.849512122999954, 10.249693687999979 ], [ 123.84979282200004, 10.249180131 ], [ 123.84918174500001, 10.248804265 ], [ 123.849311407999949, 10.248528439999973 ], [ 123.8477656, 10.24769502800001 ], [ 123.84827286899997, 10.24663478399998 ], [ 123.848585811000021, 10.246682978000024 ], [ 123.848670304000052, 10.246427387999972 ], [ 123.848939074999976, 10.246459334 ], [ 123.850003468999944, 10.245593004 ], [ 123.849394105999977, 10.24488911100002 ], [ 123.850769894, 10.243812690000027 ], [ 123.850357347999989, 10.24317814 ], [ 123.850506297000038, 10.242980266000018 ], [ 123.850377829999957, 10.243062711999983 ], [ 123.849800661000017, 10.242730255000026 ], [ 123.84943779699995, 10.242303928000013 ], [ 123.849489037000012, 10.241822163 ], [ 123.848354033999954, 10.241300985 ], [ 123.847681422000051, 10.240363176000017 ], [ 123.847584759000028, 10.240513965 ], [ 123.846893379, 10.240343719 ], [ 123.844666726000014, 10.239619049 ], [ 123.843792184999984, 10.246459796000011 ], [ 123.842002950000051, 10.25185002 ], [ 123.844012100999976, 10.254303997000022 ], [ 123.844368885999984, 10.254111008 ] ] ] } },
{ "type": "Feature", "properties": { "adm4_pcode": "PH0702250013", "barangay": "Pooc", "lgu": "Talisay City", "area_sqkm": 1.15732158, "price_per_sqm": 148281, "price_q25": 116575, "price_q75": 163746, "point_count": 11, "confident_point_count": 11, "low_conf_share": 0.0, "dist_to_listing_m": 982, "nearest_grid_m": 0, "fallback_nearest": false, "low_confidence": false, "price_label": "PHP 148,281 /sqm", "confidence_label": "Grounded in nearby listings" }, "geometry": { "type": "Polygon", "coordinates": [ [ [ 123.83000361400002, 10.248709792 ], [ 123.830506168000056, 10.245468169 ], [ 123.826380758000028, 10.240750199999979 ], [ 123.82616958899996, 10.239897632 ], [ 123.826623420000033, 10.238395885999978 ], [ 123.826562334999949, 10.237082859 ], [ 123.822184566000033, 10.237909057000024 ], [ 123.822083143999976, 10.238205881 ], [ 123.819771632999959, 10.237649751999982 ], [ 123.81806953499995, 10.237800763 ], [ 123.818540578000011, 10.23848569 ], [ 123.818956969000055, 10.240642537999975 ], [ 123.818495620000022, 10.241466573000025 ], [ 123.818430048999971, 10.242267584999979 ], [ 123.817384085999947, 10.245724030000019 ], [ 123.83000361400002, 10.248709792 ] ] ] } },
{ "type": "Feature", "properties": { "adm4_pcode": "PH0702250014", "barangay": "San Isidro", "lgu": "Talisay City", "area_sqkm": 0.95988245, "price_per_sqm": 152488, "price_q25": 149529, "price_q75": 168636, "point_count": 9, "confident_point_count": 9, "low_conf_share": 0.0, "dist_to_listing_m": 647, "nearest_grid_m": 0, "fallback_nearest": false, "low_confidence": false, "price_label": "PHP 152,488 /sqm", "confidence_label": "Grounded in nearby listings" }, "geometry": { "type": "Polygon", "coordinates": [ [ [ 123.83874438099997, 10.260753029 ], [ 123.839280079, 10.260043568000015 ], [ 123.839189473000033, 10.259518811000021 ], [ 123.840296701000057, 10.259299597999984 ], [ 123.840553386000011, 10.260500364 ], [ 123.842226841999945, 10.26057014600002 ], [ 123.842903656999965, 10.260824115999981 ], [ 123.843586805999962, 10.260016898 ], [ 123.843912050999961, 10.260369846 ], [ 123.844799574000035, 10.260430754000026 ], [ 123.847491516, 10.258781664000026 ], [ 123.842002950000051, 10.25185002 ], [ 123.834372264999956, 10.253528109 ], [ 123.834607176999953, 10.256332196000017 ], [ 123.835105654000017, 10.257302916000015 ], [ 123.835604131999958, 10.257630861999985 ], [ 123.835918959999958, 10.258129339 ], [ 123.835866488999955, 10.258706524 ], [ 123.835341774999961, 10.259926482000026 ], [ 123.83874438099997, 10.260753029 ] ] ] } },
{ "type": "Feature", "properties": { "adm4_pcode": "PH0702250015", "barangay": "San Roque", "lgu": "Talisay City", "area_sqkm": 1.7888821, "price_per_sqm": 157535, "price_q25": 151492, "price_q75": 189681, "point_count": 16, "confident_point_count": 16, "low_conf_share": 0.0, "dist_to_listing_m": 390, "nearest_grid_m": 0, "fallback_nearest": false, "low_confidence": false, "price_label": "PHP 157,535 /sqm", "confidence_label": "Grounded in nearby listings" }, "geometry": { "type": "Polygon", "coordinates": [ [ [ 123.851203922999957, 10.263467814000023 ], [ 123.851916834, 10.263008862 ], [ 123.852265236, 10.263204692999977 ], [ 123.854038726, 10.263163485 ], [ 123.854610224999988, 10.262920834999989 ], [ 123.854869614999984, 10.263083895000022 ], [ 123.855982255999947, 10.263121386000023 ], [ 123.85600114500005, 10.262647726000012 ], [ 123.857032484, 10.260417186999973 ], [ 123.858070892, 10.259091873999978 ], [ 123.858527194999965, 10.258822897000016 ], [ 123.860018207000053, 10.261173427000017 ], [ 123.866442397000014, 10.262500894000027 ], [ 123.866870834, 10.262072456999988 ], [ 123.868138293000015, 10.26262585500001 ], [ 123.868513175999965, 10.26192964400002 ], [ 123.869057647999966, 10.262072456999988 ], [ 123.870342959000027, 10.261804684000026 ], [ 123.869129986999951, 10.260824469999989 ], [ 123.867344358999958, 10.258002053999974 ], [ 123.864888802, 10.255014679 ], [ 123.864731708000022, 10.254290007 ], [ 123.864393533, 10.253922425999974 ], [ 123.863021229999958, 10.252942210000015 ], [ 123.862266463999958, 10.252045312 ], [ 123.861227434000057, 10.25176595 ], [ 123.860328149, 10.251082479 ], [ 123.858684651999965, 10.25190657600001 ], [ 123.847491516, 10.258781664000026 ], [ 123.851203922999957, 10.263467814000023 ] ] ] } },
{ "type": "Feature", "properties": { "adm4_pcode": "PH0702250016", "barangay": "Tabunoc", "lgu": "Talisay City", "area_sqkm": 0.89236826, "price_per_sqm": 158402, "price_q25": 148592, "price_q75": 197761, "point_count": 8, "confident_point_count": 8, "low_conf_share": 0.0, "dist_to_listing_m": 607, "nearest_grid_m": 0, "fallback_nearest": false, "low_confidence": false, "price_label": "PHP 158,402 /sqm", "confidence_label": "Grounded in nearby listings" }, "geometry": { "type": "Polygon", "coordinates": [ [ [ 123.840460238, 10.268354855999974 ], [ 123.842101509000031, 10.267422582 ], [ 123.843221974000016, 10.266128510999977 ], [ 123.84354852599995, 10.26626918 ], [ 123.844936819000054, 10.264876478000019 ], [ 123.845453747999954, 10.265240346999974 ], [ 123.846126130000016, 10.264264490000016 ], [ 123.847045963000028, 10.26360817 ], [ 123.846809163999978, 10.26315549100002 ], [ 123.847724569999968, 10.262606027 ], [ 123.848013713, 10.262797352 ], [ 123.849683713, 10.261545016000014 ], [ 123.847491516, 10.258781664000026 ], [ 123.844799574000035, 10.260430754000026 ], [ 123.843912050999961, 10.260369846 ], [ 123.843586805999962, 10.260016898 ], [ 123.842903656999965, 10.260824115999981 ], [ 123.842226841999945, 10.26057014600002 ], [ 123.840553386000011, 10.260500364 ], [ 123.840296701000057, 10.259299597999984 ], [ 123.839189473000033, 10.259518811000021 ], [ 123.839280079, 10.260043568000015 ], [ 123.83869313699995, 10.260827458 ], [ 123.83735470900001, 10.260341811999979 ], [ 123.835341774999961, 10.259926482000026 ], [ 123.834440227999949, 10.262429516 ], [ 123.836430146, 10.263778509000019 ], [ 123.836998335999965, 10.265050933999987 ], [ 123.838257932000033, 10.265709043000015 ], [ 123.839153160000023, 10.266578692999985 ], [ 123.840460238, 10.268354855999974 ] ] ] } },
{ "type": "Feature", "properties": { "adm4_pcode": "PH0702250017", "barangay": "Tangke", "lgu": "Talisay City", "area_sqkm": 0.63524234, "price_per_sqm": 150810, "price_q25": 135391, "price_q75": 156495, "point_count": 7, "confident_point_count": 7, "low_conf_share": 0.0, "dist_to_listing_m": 312, "nearest_grid_m": 0, "fallback_nearest": false, "low_confidence": false, "price_label": "PHP 150,810 /sqm", "confidence_label": "Grounded in nearby listings" }, "geometry": { "type": "Polygon", "coordinates": [ [ [ 123.870905282999956, 10.26164402 ], [ 123.872318370000016, 10.260483422 ], [ 123.872094751999953, 10.260221140999988 ], [ 123.872553413999981, 10.259871031999978 ], [ 123.871853677999979, 10.259762164999984 ], [ 123.869970578999983, 10.257541591 ], [ 123.870831824999982, 10.256768707999981 ], [ 123.870114221, 10.25592853500001 ], [ 123.870482856999956, 10.255392035999989 ], [ 123.869143464999979, 10.25650441099998 ], [ 123.868608021, 10.256189582 ], [ 123.868497550000029, 10.255773426000019 ], [ 123.868174845, 10.256151052 ], [ 123.867628920000016, 10.255731454 ], [ 123.867180426, 10.254669405000016 ], [ 123.867375741000046, 10.25437155100002 ], [ 123.866759781000042, 10.253873500999987 ], [ 123.866093662000026, 10.252691444999982 ], [ 123.86528956799998, 10.252196250999987 ], [ 123.864896859000055, 10.251509812 ], [ 123.864308436999977, 10.25102771600001 ], [ 123.864151356999969, 10.249738547999982 ], [ 123.863662602999966, 10.249366631999976 ], [ 123.863143735, 10.248475430999974 ], [ 123.860385618, 10.247714128999974 ], [ 123.858346564000044, 10.247772828 ], [ 123.857295580000027, 10.252773429 ], [ 123.860328149, 10.251082479 ], [ 123.861227434000057, 10.25176595 ], [ 123.862266463999958, 10.252045312 ], [ 123.863021229999958, 10.252942210000015 ], [ 123.864731708000022, 10.254290007 ], [ 123.864888802, 10.255014679 ], [ 123.867344358999958, 10.258002053999974 ], [ 123.869129986999951, 10.260824469999989 ], [ 123.870342959000027, 10.261804684000026 ], [ 123.870905282999956, 10.26164402 ] ] ] } },
{ "type": "Feature", "properties": { "adm4_pcode": "PH0702250018", "barangay": "Tapul", "lgu": "Talisay City", "area_sqkm": 4.68612723, "price_per_sqm": 139672, "price_q25": 113816, "price_q75": 145597, "point_count": 43, "confident_point_count": 38, "low_conf_share": 0.116, "dist_to_listing_m": 4245, "nearest_grid_m": 0, "fallback_nearest": false, "low_confidence": false, "price_label": "PHP 139,672 /sqm", "confidence_label": "Grounded in nearby listings" }, "geometry": { "type": "Polygon", "coordinates": [ [ [ 123.804940393000038, 10.304441106000013 ], [ 123.804605446999972, 10.302405667000016 ], [ 123.804837333000023, 10.299700336 ], [ 123.805326869000055, 10.298334787999977 ], [ 123.806383235999988, 10.296711589999973 ], [ 123.808444440000017, 10.294676150999976 ], [ 123.81303061999995, 10.290734097999973 ], [ 123.817075733000024, 10.289600435000011 ], [ 123.812651826999968, 10.286778105 ], [ 123.805132551000042, 10.283217499999978 ], [ 123.802285722999954, 10.287042367000026 ], [ 123.801141380999979, 10.2876058 ], [ 123.800547105999954, 10.287682374999974 ], [ 123.800219478000031, 10.289342393000027 ], [ 123.799413801000014, 10.290100825000025 ], [ 123.799663822999946, 10.290771258 ], [ 123.798436068, 10.290874545 ], [ 123.798296756000013, 10.29122454100002 ], [ 123.79870199100003, 10.292534902 ], [ 123.787965690999954, 10.311240097 ], [ 123.795775273, 10.315710799999977 ], [ 123.802339847999974, 10.317634899999973 ], [ 123.804940393000038, 10.304441106000013 ] ] ] } }
]
}
