property_id,price_type,property_name,address,city,property_type,latitude,longitude,price_php,price_per_sqm,log_price,valuation_gap,area_sqm,bedrooms,bathrooms,bedrooms_imputed,bathrooms_imputed,dist_cebu_business_park_m,dist_mandaue_cbd_m,dist_mactan_cbd_m,dist_srp_m,dist_talisay_tabunok_m,dist_consolacion_m,dist_naga_city_m,dist_airport_m,dist_to_trunk_road_m,dist_to_primary_road_m,mcrai_education,mcrai_grocery,mcrai_health,mcrai_hospitals,mcrai_recreation,mcrai_security,mcrai_tourism,mcrai_retail_density,mcrai_composite,bir_zonal_rr_median,bir_zonal_rr_log,bir_zonal_cr_median,is_mactan_island,spatial_lag_price
119,ceiling,Condo For Sale in Punta Engaño,"Punta Engano, Lapu-Lapu City, Cebu, Central Visayas, PHL",Lapu-Lapu City,Condominium,10.32137474,124.0370339,21900000.0,308450.7042253521,12.639317317745414,301450.7042253521,71.0,1.0,1.0,0,0,14530.9,12901.3,9411.4,20252.6,23318.2,10088.7,33012.7,6542.9,11822,3214,10.5894,4.0,0.0,0.0635,11.5502,0.0,2.6502,4.0,8.6776,7000.0,8.853808274977197,13500.0,1,36210629.0
120,ceiling,Condo For Sale in Cebu IT Park,"Calyx Center, Cebu I.T. Park, W Geonzon St, Lungsod ng Cebu, 6000 Lalawigan ng Cebu, Philippines",Cebu City,Condominium,10.328947,123.905843,18300000.0,174285.7142857143,12.068451267654126,144285.7142857143,105.0,3.0,3.0,0,0,1244.1,2158.7,5262.0,8165.7,11926.1,8255.1,21025.7,8359.8,2784,236,32.3522,95.6822,59.072,1.8665,128.5164,10.0753,52.4963,304.7114,76.0024,30000.0,10.308985993422082,57000.0,0,17534923.0
121,ceiling,Condo For Sale in Mactan,"The Reef Island Resort, Dapdap, Lungsod ng Lapu-Lapu, Lalawigan ng Cebu, Pilipinas",Lapu-Lapu City,Condominium,10.2987618,124.0157325,9500000.0,211111.11111111112,12.260139866800449,206111.11111111112,45.0,1.0,1.0,1,0,12379.4,11412.8,7234.2,17418.9,20282.2,10345.6,29933.1,4127.5,10605,1406,1.7971,2.1785,1.2027,0.6552,8.4653,0.316,9.6887,0.0,3.4342,5000.0,8.517393171418904,10500.0,1,10812318.0
123,ceiling,Condo For Sale in Agus,"Agus Road, Marigondon, Lapu-Lapu City, Cebu, Central Visayas, PHL",Lapu-Lapu City,Condominium,10.28410958,123.97552209,4468775.0,178751.0,12.0937490549462,168751.0,25.0,1.0,1.0,0,0,8653.5,8744.4,4216.4,12833.6,15599.3,10354.6,25242.1,2594.3,6452,705,3.271,9.5659,11.8561,0.9657,20.3147,0.6611,5.5018,7.06,9.2722,10000.0,9.210440366976515,15000.0,1,5056686.0
124,ceiling,Condo For Sale in Punta Engaño,"The Residences at Sheraton Cebu Mactan Resort, Punta Engaño Road, Lapu-Lapu, Lalawigan ng Cebu, Pilipinas",Lapu-Lapu City,Condominium,10.3232073,124.0351931,23900000.0,351470.5882352941,12.769881311725632,344470.5882352941,68.0,1.0,1.0,0,0,14336.5,12668.7,9232.0,20115.7,23207.1,9805.0,32905.5,6401.3,11822,3214,10.5894,4.0,0.0,0.0635,11.5502,0.0,2.6502,4.0,8.6776,7000.0,8.853808274977197,13500.0,1,32838280.0
126,ceiling,Condo For Sale in Mactan,"Angasil Road, Lapu-Lapu, Lalawigan ng Cebu, Pilipinas",Lapu-Lapu City,Condominium,10.305224,124.0148829,3562600.0,118753.33333333331,11.684803791678366,113753.33333333331,30.0,1.0,1.0,0,0,12184.1,11046.0,7012.0,17465.5,20420.0,9699.2,30096.2,3932.8,9515,588,2.4982,15.902,7.6048,2.5841,30.2319,2.1115,10.3418,11.174,13.3144,5000.0,8.517393171418904,10500.0,1,7694560.0
128,ceiling,Condo For Sale in Mactan,"Pilipinas, Lalawigan ng Cebu, Lapu-Lapu, One Manchester Place",Lapu-Lapu City,Condominium,10.3074459,124.015483,6000000.0,162162.16216216216,11.996352114548104,157162.16216216216,37.0,1.0,1.0,0,0,12223.4,11019.8,7048.6,17583.6,20564.8,9537.1,30247.0,3992.5,9279,453,3.2259,27.2495,13.0339,0.6192,50.2802,4.0,12.1199,16.4231,22.0053,5000.0,8.517393171418904,10500.0,1,8458711.0
131,ceiling,Condo For Sale in Kasambagan,"MLD Building, Governor Mariano Cuenco Avenue corner Paseo Saturnino Street, Kasambagan, Cebu City, Cebu, Central Visayas, PHL",Cebu City,Condominium,10.32962093,123.90970479,54333333.0,290552.5828877005,12.57953984711337,260552.58288770053,187.0,4.0,4.0,0,0,1436.5,1801.2,4890.9,8494.4,12248.4,7885.7,21399.2,7979.4,2770,474,24.8805,84.9463,47.9322,1.9081,91.8031,6.2303,47.0629,220.7777,60.8083,30000.0,10.308985993422082,34500.0,0,16618809.0
132,ceiling,Condo For Sale in Agus,"Agus Road, Marigondon, Lapu-Lapu City, Cebu, Central Visayas, PHL",Lapu-Lapu City,Condominium,10.28410958,123.97552209,7931914.0,158638.28,11.974381920976555,148638.28,50.0,2.0,1.0,0,0,8653.5,8744.4,4216.4,12833.6,15599.3,10354.6,25242.1,2594.3,6452,705,3.271,9.5659,11.8561,0.9657,20.3147,0.6611,5.5018,7.06,9.2722,10000.0,9.210440366976515,15000.0,1,5005758.0
133,ceiling,Condo For Sale in Cebu Business Park,"Cardinal Rosales Avenue, Hippodromo, Cebu City, Cebu, Central Visayas, PHL",Cebu City,Condominium,10.3173365,123.9063138,25000000.0,200000.0,12.206072645530174,148750.0,125.0,3.0,3.0,0,0,233.0,3125.3,4945.3,7244.9,10971.8,9100.7,20264.8,8030.3,1917,721,29.5887,119.8873,66.3803,5.2417,153.143,11.1149,92.0268,246.727,88.585,51250.0,10.844490409005417,206750.0,0,18855759.0
134,ceiling,Condo For Sale in Lapu-Lapu,"Tambuli Seaside Resort and Spa, Buyong Road, Maribago, Lapu-Lapu, Lalawigan ng Cebu, Pilipinas",Lapu-Lapu City,Condominium,10.2899858,124.0068711,6800000.0,188888.88888888888,12.148914231690226,183888.88888888888,36.0,1.0,1.0,1,0,11646.7,11013.9,6618.5,16315.8,19076.9,10713.6,28697.4,3600.5,10486,898,2.7037,1.5869,1.7218,0.1928,15.9049,0.8589,14.0955,1.0654,5.2869,5000.0,8.517393171418904,10500.0,1,10979101.0
135,ceiling,Condo For Sale in Mactan,"Mactan, Lapu-Lapu, Lalawigan ng Cebu, Pilipinas",Lapu-Lapu City,Condominium,10.3054728,124.0112255,15000000.0,156250.0,11.959212567598648,151250.0,96.0,2.0,2.0,0,0,11783.5,10664.1,6611.8,17080.7,20052.2,9451.2,29733.3,3531.8,9179,225,4.2422,26.5377,12.6551,0.5139,23.2569,4.0,8.4364,23.1648,16.2148,5000.0,8.517393171418904,10500.0,1,11122886.0
139,ceiling,Condo For Sale in Mandaue,"Mandani Bay Quay Phase 2, F.E. Zuellig Avenue, Tipolo, Mandaue, Lalawigan ng Cebu, Pilipinas",Mandaue City,Condominium,10.3222542,123.9367941,15648124.0,269795.2413793103,12.505418585014297,248645.24137931032,58.0,1.0,1.0,0,0,3593.0,2759.2,1858.7,10200.1,13782.1,6717.0,23312.2,4910.7,255,1153,20.1564,43.5914,29.9235,6.4597,36.548,6.0288,19.5562,108.1666,32.1626,21150.0,9.959442464680574,41250.0,0,8844869.0
140,ceiling,Studio For Sale in Agus,"Agus Road, Marigondon, Lapu-Lapu City, Cebu, Central Visayas, PHL",Lapu-Lapu City,Condominium,10.28410958,123.97552209,6166992.0,205566.4,12.233524375083457,195566.4,30.0,1.0,1.0,0,0,8653.5,8744.4,4216.4,12833.6,15599.3,10354.6,25242.1,2594.3,6452,705,3.271,9.5659,11.8561,0.9657,20.3147,0.6611,5.5018,7.06,9.2722,10000.0,9.210440366976515,15000.0,1,5031712.0
141,ceiling,Studio For Sale in Agus,"Agus Road, Marigondon, Lapu-Lapu City, Cebu, Central Visayas, PHL",Lapu-Lapu City,Condominium,10.28410958,123.97552209,5269543.0,175651.43333333332,12.076256817827678,165651.43333333332,30.0,1.0,1.0,0,0,8653.5,8744.4,4216.4,12833.6,15599.3,10354.6,25242.1,2594.3,6452,705,3.271,9.5659,11.8561,0.9657,20.3147,0.6611,5.5018,7.06,9.2722,10000.0,9.210440366976515,15000.0,1,5044910.0
143,ceiling,Condo For Sale in Lapu-Lapu,"Tambuli Seaside Resort and Spa, Buyong Road, Lungsod ng Lapu-Lapu, Lalawigan ng Cebu, Pilipinas",Lapu-Lapu City,Condominium,10.2899858,124.0068711,21343000.0,231989.13043478265,12.354445797976664,226989.13043478265,92.0,2.0,2.0,0,0,11646.7,11013.9,6618.5,16315.8,19076.9,10713.6,28697.4,3600.5,10486,898,2.7037,1.5869,1.7218,0.1928,15.9049,0.8589,14.0955,1.0654,5.2869,5000.0,8.517393171418904,10500.0,1,10640892.0
144,ceiling,Condo For Sale in Agus,"Agus Road, Marigondon, Lapu-Lapu City, Cebu, Central Visayas, PHL",Lapu-Lapu City,Condominium,10.28410958,123.97552209,5460112.0,218404.48,12.294104035463015,208404.48,25.0,1.0,1.0,0,0,8653.5,8744.4,4216.4,12833.6,15599.3,10354.6,25242.1,2594.3,6452,705,3.271,9.5659,11.8561,0.9657,20.3147,0.6611,5.5018,7.06,9.2722,10000.0,9.210440366976515,15000.0,1,5042108.0
146,ceiling,Condo For Sale in Cebu,"7V9G+93V, Cebu City, 6000 Cebu, Philippines",Cebu City,Condominium,10.27000631,123.87247402,5500000.0,183333.33333333337,12.119061268540545,165833.33333333337,30.0,2.0,1.0,0,0,6357.1,9553.5,9901.9,1500.9,4658.4,15493.2,14282.8,12365.3,806,3213,3.6018,3.7824,1.4169,0.4113,13.2763,0.0,10.2806,4.9865,5.8623,17500.0,9.770013301136158,21500.0,0,6565439.0
149,ceiling,Condo For Sale in Agus,"Agus Road, Marigondon, Lapu-Lapu City, Cebu, Central Visayas, PHL",Lapu-Lapu City,Condominium,10.28410958,123.97552209,4353696.0,174147.84,12.067659872616453,164147.84,25.0,1.0,1.0,0,0,8653.5,8744.4,4216.4,12833.6,15599.3,10354.6,25242.1,2594.3,6452,705,3.271,9.5659,11.8561,0.9657,20.3147,0.6611,5.5018,7.06,9.2722,10000.0,9.210440366976515,15000.0,1,5058378.0
152,ceiling,Condo For Sale in Lapu-Lapu,"Tambuli Residences, Buyong Road, Lungsod ng Lapu-Lapu, Lalawigan ng Cebu, Pilipinas",Lapu-Lapu City,Condominium,10.2909978,124.0070746,17510000.0,243194.44444444444,12.401616585245979,238194.44444444444,72.0,2.0,2.0,0,0,11638.8,10974.9,6595.1,16352.1,19128.6,10622.5,28754.4,3561.2,10595,1007,2.7564,1.3889,1.4592,0.1922,13.7288,0.7081,10.2137,0.0,4.759,5000.0,8.517393171418904,10500.0,1,10730032.0
153,ceiling,Studio For Sale in Cebu Business Park,"Cardinal Rosales Avenue, Hippodromo, Cebu City, Cebu, Central Visayas, PHL",Cebu City,Condominium,10.31557373,123.9053366,6500000.0,260000.0,12.468436909997665,208750.0,25.0,1.0,1.0,0,0,281.3,3348.4,5039.7,7031.9,10755.0,9316.4,20061.8,8111.4,1824,834,31.7264,115.2915,67.3005,5.9606,149.4775,11.2489,91.2019,236.3932,87.1413,51250.0,10.844490409005417,206750.0,0,19190444.0
154,ceiling,Condo For Sale in Agus,"Agus Road, Marigondon, Lapu-Lapu City, Cebu, Central Visayas, PHL",Lapu-Lapu City,Condominium,10.28410958,123.97552209,4419051.0,176762.04,12.08255970025072,166762.04,25.0,1.0,1.0,0,0,8653.5,8744.4,4216.4,12833.6,15599.3,10354.6,25242.1,2594.3,6452,705,3.271,9.5659,11.8561,0.9657,20.3147,0.6611,5.5018,7.06,9.2722,10000.0,9.210440366976515,15000.0,1,5057417.0
159,ceiling,Condo For Sale in Maribago,"Buyong Road, Maribago, Lapu-Lapu City, Cebu, Central Visayas, PHL",Lapu-Lapu City,Condominium,10.28986648,124.00575829,5986176.0,193102.4516129032,12.170976164415261,188102.4516129032,31.0,1.0,1.0,1,0,11533.0,10917.1,6512.3,16193.3,18956.0,10672.6,28577.8,3505.3,10486,898,2.7037,1.5869,1.7218,0.1928,15.9049,0.8589,14.0955,1.0654,5.2869,5000.0,8.517393171418904,10500.0,1,11074171.0
160,ceiling,Studio For Sale in Mactan,"Mactan, Lapu-Lapu City, Cebu, Central Visayas, PHL",Lapu-Lapu City,Condominium,10.29519186758621,124.0144034475088,9000000.0,200000.0,12.206072645530174,195000.0,45.0,1.0,1.0,0,0,12311.4,11453.7,7195.8,17211.4,20028.0,10602.9,29664.1,4097.6,11516,1828,0.7948,0.0,0.0,0.2088,0.4813,0.0,1.5949,0.0,0.4621,5000.0,8.517393171418904,10500.0,1,13954400.0
161,ceiling,Condo For Sale in Cebu Business Park,"Cebu Business Park, Lungsod ng Cebu, Lalawigan ng Cebu, Pilipinas",Cebu City,Condominium,10.3173504,123.9059978,46000000.0,177606.1776061776,12.087323892753831,126356.1776061776,259.0,3.0,4.0,0,0,199.3,3141.7,4979.8,7221.3,10949.7,9123.5,20238.1,8064.8,1927,731,29.8278,121.2768,67.5109,5.2726,155.8438,11.0295,93.4868,253.8045,89.7709,51250.0,10.844490409005417,206750.0,0,18694221.0
162,ceiling,Condo For Sale in Maribago,"Buyong Road, Maribago, Lapu-Lapu City, Cebu, Central Visayas, PHL",Lapu-Lapu City,Condominium,10.28986648,124.00575829,15000000.0,200000.0,12.206072645530174,195000.0,75.0,1.0,1.0,0,0,11533.0,10917.1,6512.3,16193.3,18956.0,10672.6,28577.8,3505.3,10486,898,2.7037,1.5869,1.7218,0.1928,15.9049,0.8589,14.0955,1.0654,5.2869,5000.0,8.517393171418904,10500.0,1,10859556.0
163,ceiling,Condo For Sale in Cebu Business Park,"Cebu Business Park, Cebu City, Lalawigan ng Cebu, Pilipinas",Cebu City,Condominium,10.3173504,123.9059978,30162154.0,279279.2037037037,12.53996729052773,228029.2037037037,108.0,2.0,2.0,0,0,199.3,3141.7,4979.8,7221.3,10949.7,9123.5,20238.1,8064.8,1927,731,29.8278,121.2768,67.5109,5.2726,155.8438,11.0295,93.4868,253.8045,89.7709,51250.0,10.844490409005417,206750.0,0,18816051.0
164,ceiling,Condo For Sale in Agus,"Agus Road, Marigondon, Lapu-Lapu City, Cebu, Central Visayas, PHL",Lapu-Lapu City,Condominium,10.28410958,123.97552209,4518498.0,180739.92,12.104814370831084,170739.92,25.0,1.0,1.0,0,0,8653.5,8744.4,4216.4,12833.6,15599.3,10354.6,25242.1,2594.3,6452,705,3.271,9.5659,11.8561,0.9657,20.3147,0.6611,5.5018,7.06,9.2722,10000.0,9.210440366976515,15000.0,1,5055955.0
165,ceiling,Condo For Sale in Lahug,"Lahug, Cebu City, Cebu, Pilipinas",Cebu City,Condominium,10.3338299,123.8941434,13445760.0,240102.85714285713,12.388822681942196,210102.85714285713,56.0,1.0,1.0,0,0,2091.3,3047.6,6649.4,7896.4,11644.4,8975.4,20427.4,9743.1,4038,568,14.4663,21.7852,14.935,1.048,9.7169,4.5425,20.4276,28.1567,16.1395,30000.0,10.308985993422082,57000.0,0,11081905.0
166,ceiling,Condo For Sale in Mactan,"2 Casanta Soong, Lapu-Lapu City, 6015 Cebu, Philippines",Lapu-Lapu City,Condominium,10.30416,124.007026,5998000.0,117607.8431372549,11.675111005566766,112607.8431372549,51.0,1.0,1.0,0,0,11346.0,10297.9,6180.4,16600.6,19570.5,9332.5,29252.2,3085.6,9486,0,5.642,20.3955,9.7031,0.3855,13.4799,2.3018,9.9078,26.7356,12.5509,5000.0,8.517393171418904,10500.0,1,20804299.0
167,ceiling,Condo For Sale in Punta Engaño,"Punta Engaño, Lapu-Lapu, Lalawigan ng Cebu, Pilipinas",Lapu-Lapu City,Condominium,10.3231321,124.0349024,49214802.0,291211.8461538461,12.581806274950612,284211.8461538461,169.0,2.0,2.0,0,0,14304.4,12638.7,9199.5,20082.9,23174.5,9784.8,32873.0,6368.4,11822,3214,10.5894,4.0,0.0,0.0635,11.5502,0.0,2.6502,4.0,8.6776,7000.0,8.853808274977197,13500.0,1,32416366.0
168,ceiling,Condo For Sale in Cebu Business Park,"Ayala Center Cebu, Cebu City, Lalawigan ng Cebu, Pilipinas",Cebu City,Condominium,10.318237,123.9052295,46748000.0,365218.75,12.808251768115568,313968.75,128.0,3.0,2.0,0,0,114.3,3103.4,5072.6,7231.5,10967.0,9111.5,20230.6,8162.3,1952,948,34.5452,127.2653,84.0133,6.4388,164.9677,11.2454,103.6899,293.3383,95.971,51250.0,10.844490409005417,206750.0,0,17485060.0
169,ceiling,Condo For Sale in Agus,"Agus Road, Marigondon, Lapu-Lapu City, Cebu, Central Visayas, PHL",Lapu-Lapu City,Condominium,10.28410958,123.97552209,4409115.0,176364.6,12.080308722143739,166364.6,25.0,1.0,1.0,0,0,8653.5,8744.4,4216.4,12833.6,15599.3,10354.6,25242.1,2594.3,6452,705,3.271,9.5659,11.8561,0.9657,20.3147,0.6611,5.5018,7.06,9.2722,10000.0,9.210440366976515,15000.0,1,5057563.0
170,ceiling,Studio For Sale in Apas,"Kasambagan, Cebu City, Cebu, Central Visayas, PHL",Cebu City,Condominium,10.33280355,123.90906928,4800000.0,208695.65217391303,12.24863225994897,179895.65217391303,23.0,1.0,1.0,1,0,1742.3,1615.1,5093.2,8721.1,12481.3,7710.1,21571.5,8162.1,3139,707,18.5075,85.5895,44.4245,1.7496,92.4888,7.0152,43.9722,224.942,58.3337,28800.0,10.268165387743457,37300.0,0,18770418.0
174,ceiling,Condo For Sale in Kasambagan,"MLD Building, Governor Mariano Cuenco Avenue corner Paseo Saturnino Street, Kasambagan, Cebu City, Cebu, Central Visayas, PHL",Cebu City,Condominium,10.32962093,123.90970479,12888533.0,238676.53703703705,12.382864512719959,208676.53703703705,54.0,1.0,1.0,0,0,1436.5,1801.2,4890.9,8494.4,12248.4,7885.7,21399.2,7979.4,2770,474,24.8805,84.9463,47.9322,1.9081,91.8031,6.2303,47.0629,220.7777,60.8083,30000.0,10.308985993422082,34500.0,0,17069296.0
176,ceiling,Condo For Sale in Punta Engaño,"Punta Engano, Lapu-Lapu City, Cebu, Central Visayas, PHL",Lapu-Lapu City,Condominium,10.33005475,124.04013073,5500000.0,110000.0,11.608235644774552,103000.0,50.0,1.0,1.0,0,0,14925.8,13106.2,9880.5,20857.6,23999.9,9819.4,33703.0,7155.5,13611,5003,1.5023,0.3124,0.0,0.0,4.0,0.0,4.2229,0.0,1.6673,7000.0,8.853808274977197,13500.0,1,9177976.0
180,ceiling,Condo For Sale in Lahug,"15 Wilson St, Cebu City, Cebu, Philippines",Cebu City,Condominium,10.33194,123.900217,12500000.0,223214.2857142857,12.31588751153738,193214.2857142857,56.0,2.0,1.0,1,0,1625.9,2499.0,5953.1,8066.5,11829.9,8539.2,20776.0,9046.3,3471,168,35.3643,52.6765,33.8456,1.4346,42.3455,7.2214,47.031,111.249,43.3819,30000.0,10.308985993422082,57000.0,0,7506290.0
181,ceiling,Condo For Sale in Lahug,"Saint Anthony, Lahug, Cebu City, Cebu, Central Visayas, PHL",Cebu City,Condominium,10.33099833,123.90308661,10894000.0,226958.33333333337,12.332521726017866,196958.33333333337,48.0,2.0,1.0,0,0,1465.6,2271.1,5622.3,8162.0,11926.4,8348.6,20943.2,8715.4,3114,219,35.5174,53.8583,32.6935,1.4452,65.5491,6.0364,39.8616,154.3333,49.0093,30000.0,10.308985993422082,57000.0,0,13445393.0
182,ceiling,Condo For Sale in Punta Engaño,"Punta Engano, Lapu-Lapu City, Cebu, Central Visayas, PHL",Lapu-Lapu City,Condominium,10.33005475,124.04013073,5500000.0,87301.58730158731,11.377123923811167,80301.58730158731,63.0,2.0,2.0,0,0,14925.8,13106.2,9880.5,20857.6,23999.9,9819.4,33703.0,7155.5,13611,5003,1.5023,0.3124,0.0,0.0,4.0,0.0,4.2229,0.0,1.6673,7000.0,8.853808274977197,13500.0,1,9177976.0
184,ceiling,Condo For Sale in Cebu Business Park,"8W85+49 Cebu City, Cebu, Philippines",Cebu City,Condominium,10.315373,123.908492,16000000.0,166666.66666666666,12.02375108873622,-28583.333333333343,96.0,2.0,2.0,0,0,540.3,3207.1,4693.9,7270.4,10975.6,9099.7,20326.7,7765.9,1832,575,23.0298,90.1626,50.332,3.8245,116.0542,8.1734,72.4357,176.7679,67.1644,195250.0,12.18204118932774,78125.0,0,17934095.0
186,ceiling,Condo For Sale in Kasambagan,"Tres Borces, Mabolo, Cebu City, Cebu, Central Visayas, PHL",Cebu City,Condominium,10.32316469,123.91120627,2800000.0,116666.66666666669,11.667076144797488,86666.66666666669,24.0,1.0,1.0,0,0,961.9,2298.5,4518.5,8081.0,11811.4,8262.6,21082.8,7625.2,2215,627,15.9279,48.5659,19.9622,1.9412,33.2725,1.9779,49.8066,60.0453,31.2615,30000.0,10.308985993422082,34500.0,0,13201897.0
187,ceiling,Condo For Sale in Cebu IT Park,"IT Park, Cebu IT Park, Brgy Apas, Cebu City, Cebu, Pilipinas",Cebu City,Condominium,10.3293875,123.9069196,81600000.0,386729.8578199052,12.865481686458269,356729.8578199052,211.0,3.0,3.0,0,0,1313.7,2037.6,5167.1,8278.1,12037.3,8133.4,21147.5,8261.6,2847,390,26.0583,93.3086,54.9984,1.847,121.5706,9.2677,51.7289,292.0739,70.8282,30000.0,10.308985993422082,57000.0,0,16027664.0
190,ceiling,Condo For Sale in Punta Engaño,"Punta Engano, Lapu-Lapu City, Cebu, Central Visayas, PHL",Lapu-Lapu City,Condominium,10.33005475,124.04013073,3200000.0,76190.47619047618,11.240991749486586,69190.47619047618,42.0,1.0,1.0,1,0,14925.8,13106.2,9880.5,20857.6,23999.9,9819.4,33703.0,7155.5,13611,5003,1.5023,0.3124,0.0,0.0,4.0,0.0,4.2229,0.0,1.6673,7000.0,8.853808274977197,13500.0,1,9243690.0
194,ceiling,Condo For Sale in Punta Engaño,"Punta Engano, Lapu-Lapu City, Cebu, Central Visayas, PHL",Lapu-Lapu City,Condominium,10.32856283,124.0412664,25000000.0,143678.16091954024,11.875331083617946,136678.16091954024,174.0,3.0,2.0,0,0,15035.6,13246.9,9973.8,20925.2,24049.0,10012.6,33750.6,7215.5,13643,5035,1.4353,0.3018,0.0,0.0,4.0,0.0,4.0,0.0,1.6337,7000.0,8.853808274977197,13500.0,1,8620833.0
196,ceiling,Condo For Sale in Cebu Business Park,"Leyte Loop, Mabolo, Cebu City, Cebu, Central Visayas, PHL",Cebu City,Condominium,10.315001,123.907781,7500000.0,150000.0,11.918390573078392,-45250.0,50.0,1.0,1.0,0,0,500.5,3277.9,4770.1,7184.9,10891.9,9182.3,20239.5,7838.5,1630,486,21.397,40.8572,16.2206,2.7237,18.7391,13.9221,38.3103,30.1831,27.8203,195250.0,12.18204118932774,78125.0,0,17462892.0
197,ceiling,Condo For Sale in Cebu,"1119 Middle Nivel Hills Rd, Cebu City, 6000 Cebu, Philippines",Cebu City,Condominium,10.342605,123.896352,13500000.0,153409.0909090909,11.940863428930452,123409.09090909093,88.0,2.0,2.0,0,0,2883.3,2686.6,6824.8,8869.8,12607.0,8284.0,21279.1,9860.6,5021,173,4.438,4.4306,3.3064,0.5521,4.493,0.4157,14.8396,2.5674,4.5098,30000.0,10.308985993422082,57000.0,0,11916099.0
199,ceiling,Condo For Sale in Camputhaw,"The Suites at Gorordo, Archbishop Reyes Avenue, Lungsod ng Cebu, Lalawigan ng Cebu, Pilipinas",Cebu City,Condominium,10.3157184,123.9015784,7950840.0,227166.85714285713,12.333440079936794,164166.85714285713,35.0,1.0,1.0,0,0,377.9,3561.9,5451.2,6752.3,10493.2,9591.9,19743.2,8521.7,1844,972,54.5793,134.6457,106.4004,9.7986,140.0377,11.0347,123.3082,267.3987,101.9381,63000.0,11.050905878263569,74000.0,0,14497410.0
200,ceiling,Condo For Sale in Lahug,"32 Sanson by Rockwell, Sanson Road, Lungsod ng Cebu, Lalawigan ng Cebu, Pilipinas",Cebu City,Condominium,10.3329596,123.8948853,21500000.0,262195.1219512195,12.476844245833638,232195.1219512195,82.0,2.0,2.0,0,0,1966.3,2999.1,6540.7,7852.5,11604.6,8958.6,20420.5,9636.6,3915,407,19.3107,37.1484,23.367,1.2569,16.4943,6.3223,33.8751,49.8554,25.1098,30000.0,10.308985993422082,57000.0,0,11261602.0
201,ceiling,Condo For Sale in San Nicolas Central,"N Bacalso Ave & V Rama Ave, Lungsod ng Cebu, Cebu, Pilipinas",Cebu City,Condominium,10.2972856,123.8882994,4512534.0,205115.18181818185,12.231326962862612,185615.18181818185,22.0,2.0,1.0,1,0,2878.3,6073.9,7135.3,4283.2,7996.5,12074.7,17360.4,9982.7,2077,0,75.2209,68.9669,56.387,11.7385,111.0418,19.2953,62.7549,44.5566,82.0686,19500.0,9.87822102528824,26250.0,0,14756267.0
203,ceiling,Condo For Sale in Banawa,"Good Shepherd Road, Guadalupe, Cebu City, Cebu, Central Visayas, PHL",Cebu City,Condominium,10.3149656,123.87423,4800000.0,150000.0,11.918390573078392,126300.0,32.0,1.0,1.0,0,0,3300.4,5896.0,8439.5,5078.1,8753.7,11950.2,17403.4,11493.2,4967,2893,9.251,20.0477,5.2123,1.7129,0.0,0.6037,12.448,6.9013,11.0516,23700.0,10.073272520325904,29550.0,0,5828900.0
208,ceiling,Condo For Sale in Cebu IT Park,"CEBU BUSINESS PARK, Cebu IT Park, Brgy Apas, Cebu City, Lalawigan ng Cebu, Pilipinas",Cebu City,Condominium,10.3293875,123.9069196,20500000.0,197115.38461538465,12.191544544967265,167115.38461538465,104.0,2.0,2.0,0,0,1313.7,2037.6,5167.1,8278.1,12037.3,8133.4,21147.5,8261.6,2847,390,26.0583,93.3086,54.9984,1.847,121.5706,9.2677,51.7289,292.0739,70.8282,30000.0,10.308985993422082,57000.0,0,16588214.0
214,ceiling,Condo For Sale in Agus,"Agus Road, Marigondon, Lapu-Lapu City, Cebu, Central Visayas, PHL",Lapu-Lapu City,Condominium,10.28410958,123.97552209,5966473.0,175484.5,12.075305998899378,165484.5,34.0,1.0,1.0,0,0,8653.5,8744.4,4216.4,12833.6,15599.3,10354.6,25242.1,2594.3,6452,705,3.271,9.5659,11.8561,0.9657,20.3147,0.6611,5.5018,7.06,9.2722,10000.0,9.210440366976515,15000.0,1,5034661.0
219,ceiling,Condo For Sale in Cebu Business Park,"Cebu Business Park, Cebu City, Lalawigan ng Cebu, Pilipinas",Cebu City,Condominium,10.3173504,123.9059978,8500000.0,223684.2105263158,12.31799056173416,172434.2105263158,38.0,1.0,1.0,0,0,199.3,3141.7,4979.8,7221.3,10949.7,9123.5,20238.1,8064.8,1927,731,29.8278,121.2768,67.5109,5.2726,155.8438,11.0295,93.4868,253.8045,89.7709,51250.0,10.844490409005417,206750.0,0,18982682.0
231,ceiling,Condo For Sale in Punta Engaño,"Punta Engaño, Lapu-Lapu, Lalawigan ng Cebu, Pilipinas",Lapu-Lapu City,Condominium,10.3231321,124.0349024,46364732.0,287979.701863354,12.570645276993144,280979.701863354,161.0,2.0,2.0,0,0,14304.4,12638.7,9199.5,20082.9,23174.5,9784.8,32873.0,6368.4,11822,3214,10.5894,4.0,0.0,0.0635,11.5502,0.0,2.6502,4.0,8.6776,7000.0,8.853808274977197,13500.0,1,32463867.0
232,ceiling,Condo For Sale in Banilad,"Banilad, Lungsod ng Cebu, Cebu, Pilipinas",Cebu City,Condominium,10.3506292,123.9135389,7611036.0,158563.25,11.973908846326509,132188.25,48.0,1.0,1.0,0,0,3781.8,1293.9,5833.0,10604.5,14368.0,6204.2,23252.8,8636.8,4564,2806,33.2275,59.9089,38.2119,3.8389,11.1551,0.0,9.0937,75.4002,37.9977,26375.0,10.180209784751566,68100.0,0,17150000.0
233,ceiling,Condo For Sale in Cebu Business Park,"Luzon Avenue, Hippodromo, Cebu City, Cebu, Central Visayas, PHL",Cebu City,Condominium,10.31700135,123.90449353,19000000.0,327586.2068965517,12.699506526584296,276336.2068965517,58.0,1.0,1.0,0,0,99.9,3262.4,5140.9,7077.2,10810.8,9265.9,20083.4,8222.5,1952,948,34.5452,127.2653,84.0133,6.4388,164.9677,11.2454,103.6899,293.3383,95.971,51250.0,10.844490409005417,206750.0,0,17780169.0
234,ceiling,Condo For Sale in Cebu Business Park,"Monterrazas De Cebu, Lungsod ng Cebu, Lalawigan ng Cebu, Pilipinas",Cebu City,Condominium,10.319731,123.9064672,67163824.0,173999.54404145078,12.0668079577418,122749.54404145078,386.0,3.0,3.0,0,0,318.6,2890.2,4957.7,7444.9,11181.2,8898.2,20439.1,8055.5,1993,429,25.5972,85.0545,43.1532,2.6979,108.1092,4.7935,65.6035,133.9113,64.786,51250.0,10.844490409005417,206750.0,0,18553372.0
235,ceiling,Condo For Sale in Cebu,"Cebu City, Lalawigan ng Cebu, Pilipinas",Cebu City,Condominium,10.3156992,123.8854366,130340000.0,302412.99303944316,12.619548888764761,278712.99303944316,431.0,4.0,4.0,0,0,2072.6,4824.6,7215.8,5674.1,9430.1,10917.0,18370.0,10278.3,3869,2040,28.0104,59.9404,69.4599,8.0644,5.6434,9.5349,80.9276,52.0245,34.4529,23700.0,10.073272520325904,29550.0,0,6358202.0
237,ceiling,Condo For Sale in Mabolo,"Pope John Paul II Avenue, Lungsod ng Cebu, Lalawigan ng Cebu, Pilipinas",Cebu City,Condominium,10.3196098,123.9113617,11117700.0,336900.0,12.727541429394645,296300.0,33.0,1.0,1.0,0,0,801.3,2648.9,4425.9,7819.5,11533.0,8539.4,20858.6,7526.2,1467,0,27.4066,87.6149,45.8662,2.5559,94.6511,6.0877,71.3677,120.0429,63.4904,40600.0,10.611547975828367,98860.0,0,11820205.0
238,ceiling,Condo For Sale in Punta Engaño,"Aruga Resort and Residences – Mactan, Punta Engaño Road, Lungsod ng Lapu-Lapu, Lalawigan ng Cebu, Pilipinas",Lapu-Lapu City,Condominium,10.3234104,124.0373611,45081000.0,421317.7570093458,12.951142595214067,414317.7570093458,107.0,2.0,2.0,0,0,14574.4,12899.3,9470.2,20349.6,23435.4,9981.6,33132.8,6635.5,12083,3475,12.0,4.0,0.0,0.0559,7.5309,0.0,1.9925,1.992,8.4159,7000.0,8.853808274977197,13500.0,1,34564587.0
241,ceiling,Condo For Sale in Apas,"38 Park Avenue | The Upper East Side, India St, Cebu City, Lalawigan ng Cebu, Pilipinas",Cebu City,Condominium,10.3317837,123.9085533,25000000.0,240384.61538461535,12.389995483691102,211584.61538461535,104.0,2.0,2.0,0,0,1617.3,1729.2,5098.6,8597.5,12357.2,7825.6,21455.4,8176.4,3000,568,21.4321,93.9238,50.4077,1.8374,106.3289,8.3559,51.1615,252.8358,65.5889,28800.0,10.268165387743457,37300.0,0,17429547.0
242,ceiling,Condo For Sale in Tunghaan,"1381 Abuno, Minglanilla, 6046 Cebu, Philippines",Minglanilla,Condominium,10.24622,123.783387,4438174.0,105670.80952380953,11.568083970272673,98670.80952380953,42.0,2.0,1.0,0,0,15438.4,18400.3,19849.1,8739.3,6065.4,24482.5,5074.8,22449.3,529,5183,14.2384,5.8535,1.2658,0.3668,3.3626,0.5953,1.7769,7.0632,9.1305,7000.0,8.853808274977197,14000.0,0,6368947.0
247,ceiling,Condo For Sale in Punta Engaño,"Mövenpick Cebu, Lapu-Lapu, Lalawigan ng Cebu, Pilipinas",Lapu-Lapu City,Condominium,10.3100786,124.0233764,18000000.0,112500.0,11.630708500626612,105500.0,160.0,3.0,3.0,0,0,13060.5,11743.9,7888.2,18491.0,21476.4,9851.7,31157.8,4866.5,10012,1404,1.5887,4.1122,1.6511,0.2146,31.096,0.3683,17.1376,16.0,9.0322,7000.0,8.853808274977197,13500.0,1,12331775.0
248,ceiling,Condo For Sale in Mactan,"Mactan newtown Residences, Newtown Boulevard, The Mactan Newtown, Lapu-Lapu, Lalawigan ng Cebu, Pilipinas",Lapu-Lapu City,Condominium,10.3077641,124.0135564,4600000.0,124324.32432432432,11.7306489488151,119324.32432432432,37.0,1.0,1.0,1,0,12010.2,10809.7,6835.4,17386.3,20379.0,9384.8,30063.9,3782.1,9137,311,4.3627,31.7423,15.1039,0.5432,47.4604,4.0,12.3717,19.8916,23.4374,5000.0,8.517393171418904,10500.0,1,7812379.0
249,ceiling,Condo For Sale in Agus,"Agus Road, Marigondon, Lapu-Lapu City, Cebu, Central Visayas, PHL",Lapu-Lapu City,Condominium,10.28410958,123.97552209,5486084.0,219443.36,12.298849437196777,209443.36,25.0,1.0,1.0,0,0,8653.5,8744.4,4216.4,12833.6,15599.3,10354.6,25242.1,2594.3,6452,705,3.271,9.5659,11.8561,0.9657,20.3147,0.6611,5.5018,7.06,9.2722,10000.0,9.210440366976515,15000.0,1,5041726.0
250,ceiling,Condo For Sale in Apas,"Avida Towers Riala, Jose Maria del Mar Street, Cebu City, Cebu, Pilipinas",Cebu City,Condominium,10.3328036,123.9090696,10000000.0,178571.42857142858,12.09274396022317,149771.42857142858,56.0,1.0,1.0,0,0,1742.3,1615.1,5093.2,8721.1,12481.3,7710.1,21571.6,8162.1,3139,707,18.5075,85.5895,44.4245,1.7496,92.4888,7.0152,43.9722,224.942,58.3337,28800.0,10.268165387743457,37300.0,0,18698195.0
251,ceiling,Condo For Sale in Punta Engaño,"Aruga Resort and Residences – Mactan, Punta Engaño Road, Lapu-Lapu, Lalawigan ng Cebu, Pilipinas",Lapu-Lapu City,Condominium,10.323479,124.0367989,40681283.0,402784.9801980198,12.90615815064576,395784.9801980198,101.0,2.0,3.0,0,0,14513.3,12837.4,9410.0,20292.8,23381.2,9927.6,33079.1,6578.4,12083,3475,12.0,4.0,0.0,0.0559,7.5309,0.0,1.9925,1.992,8.4159,7000.0,8.853808274977197,13500.0,1,34644582.0
255,ceiling,Condo For Sale in Cebu,"1596 R. Duterte St, Cebu City, 6000 Cebu, Philippines",Cebu City,Condominium,10.315699,123.885437,3749825.0,138882.40740740742,11.841382864186675,115182.40740740742,27.0,2.0,1.0,1,0,2072.6,4824.6,7215.8,5674.1,9430.1,10917.0,18370.1,10278.3,3869,2040,28.0104,59.9404,69.4599,8.0644,5.6434,9.5349,80.9276,52.0245,34.4529,23700.0,10.073272520325904,29550.0,0,11227055.0
258,ceiling,Condo For Sale in Agus,"Agus Road, Marigondon, Lapu-Lapu City, Cebu, Central Visayas, PHL",Lapu-Lapu City,Condominium,10.28410958,123.97552209,5447985.0,217919.4,12.291880548635529,207919.4,25.0,1.0,1.0,0,0,8653.5,8744.4,4216.4,12833.6,15599.3,10354.6,25242.1,2594.3,6452,705,3.271,9.5659,11.8561,0.9657,20.3147,0.6611,5.5018,7.06,9.2722,10000.0,9.210440366976515,15000.0,1,5042286.0
260,ceiling,Condo For Sale in Agus,"Agus Road, Marigondon, Lapu-Lapu City, Cebu, Central Visayas, PHL",Lapu-Lapu City,Condominium,10.28410958,123.97552209,4904516.0,163483.86666666667,12.004469589629155,153483.86666666667,30.0,1.0,1.0,0,0,8653.5,8744.4,4216.4,12833.6,15599.3,10354.6,25242.1,2594.3,6452,705,3.271,9.5659,11.8561,0.9657,20.3147,0.6611,5.5018,7.06,9.2722,10000.0,9.210440366976515,15000.0,1,5050278.0
261,ceiling,Condo For Sale in Agus,"Agus Road, Marigondon, Lapu-Lapu City, Cebu, Central Visayas, PHL",Lapu-Lapu City,Condominium,10.28410958,123.97552209,9036734.0,180734.68,12.10478537847588,170734.68,50.0,2.0,1.0,0,0,8653.5,8744.4,4216.4,12833.6,15599.3,10354.6,25242.1,2594.3,6452,705,3.271,9.5659,11.8561,0.9657,20.3147,0.6611,5.5018,7.06,9.2722,10000.0,9.210440366976515,15000.0,1,4989510.0
263,ceiling,Condo For Sale in Agus,"Agus Road, Marigondon, Lapu-Lapu City, Cebu, Central Visayas, PHL",Lapu-Lapu City,Condominium,10.28410958,123.97552209,5420903.0,216836.12,12.286897139836581,206836.12,25.0,1.0,1.0,0,0,8653.5,8744.4,4216.4,12833.6,15599.3,10354.6,25242.1,2594.3,6452,705,3.271,9.5659,11.8561,0.9657,20.3147,0.6611,5.5018,7.06,9.2722,10000.0,9.210440366976515,15000.0,1,5042684.0
265,ceiling,Condo For Sale in Punta Engaño,"Punta Engano, Lapu-Lapu City, Cebu, Central Visayas, PHL",Lapu-Lapu City,Condominium,10.33005475,124.04013073,6500000.0,101562.5,11.528429651506194,94562.5,64.0,2.0,2.0,0,0,14925.8,13106.2,9880.5,20857.6,23999.9,9819.4,33703.0,7155.5,13611,5003,1.5023,0.3124,0.0,0.0,4.0,0.0,4.2229,0.0,1.6673,7000.0,8.853808274977197,13500.0,1,9149405.0
266,ceiling,Condo For Sale in Agus,"Agus Road, Marigondon, Lapu-Lapu City, Cebu, Central Visayas, PHL",Lapu-Lapu City,Condominium,10.28410958,123.97552209,8574214.0,171484.28,12.052246879579352,161484.28,50.0,2.0,1.0,0,0,8653.5,8744.4,4216.4,12833.6,15599.3,10354.6,25242.1,2594.3,6452,705,3.271,9.5659,11.8561,0.9657,20.3147,0.6611,5.5018,7.06,9.2722,10000.0,9.210440366976515,15000.0,1,4996312.0
267,ceiling,Condo For Sale in Punta Engaño,"Punta Engano, Lapu-Lapu City, Cebu, Central Visayas, PHL",Lapu-Lapu City,Condominium,10.33004573,124.04013199,20100000.0,242168.6746987952,12.397389765232706,235168.6746987952,83.0,2.0,2.0,0,0,14925.9,13106.4,9880.5,20857.4,23999.6,9820.0,33702.8,7155.3,13611,5003,1.5023,0.3124,0.0,0.0,4.0,0.0,4.2229,0.0,1.6673,7000.0,8.853808274977197,13500.0,1,8760833.0
269,ceiling,Condo For Sale in Apas,"Omega Street, Apas, Cebu City, Cebu, Central Visayas, PHL",Cebu City,Condominium,10.33733132,123.90530057,18000000.0,129496.40287769784,11.771408382729748,100696.40287769784,139.0,3.0,2.0,0,0,2167.2,1767.2,5685.3,8875.6,12639.8,7740.1,21590.0,8730.2,4060,1445,15.867,29.1896,10.0484,2.2431,18.2843,5.1658,19.3867,17.9322,21.2221,28800.0,10.268165387743457,37300.0,0,7066961.0
270,ceiling,Condo For Sale in Carreta,"SM City Cebu, Juan Luna Avenue Extension, Lungsod ng Cebu, Lalawigan ng Cebu, Pilipinas",Cebu City,Condominium,10.3114191,123.9178164,7600000.0,172727.27272727274,12.059469171338298,132127.27272727274,44.0,2.0,2.0,0,0,1647.9,3362.9,3678.4,7804.6,11415.8,8813.4,20915.3,6708.9,306,0,20.6041,60.219,42.9571,2.3046,20.5781,9.2254,44.1815,113.0391,34.5539,40600.0,10.611547975828367,98860.0,0,3955556.0
273,ceiling,Condo For Sale in Kasambagan,"IPI Center Done Rockwell, Pope John Paul II Avenue, Lungsod ng Cebu, Lalawigan ng Cebu, Pilipinas",Cebu City,Condominium,10.3250801,123.9082222,33342000.0,320596.1538461539,12.67793752234874,290596.1538461539,104.0,2.0,2.0,0,0,911.9,2292.9,4887.5,8009.2,11756.6,8345.6,20956.3,7993.3,2246,0,42.711,110.2208,73.3915,2.4433,142.5785,9.0337,68.8453,295.6561,88.7704,30000.0,10.308985993422082,34500.0,0,13569696.0
276,ceiling,Condo For Sale in Maribago,"Buyong Road, Maribago, Lapu-Lapu City, Cebu, Central Visayas, PHL",Lapu-Lapu City,Condominium,10.28986648,124.00575829,5263895.0,142267.43243243243,11.865463892335615,137267.43243243243,37.0,1.0,1.0,1,0,11533.0,10917.1,6512.3,16193.3,18956.0,10672.6,28577.8,3505.3,10486,898,2.7037,1.5869,1.7218,0.1928,15.9049,0.8589,14.0955,1.0654,5.2869,5000.0,8.517393171418904,10500.0,1,11091368.0
279,ceiling,Condo For Sale in Maribago,"Buyong Road, Maribago, Lapu-Lapu City, Cebu, Central Visayas, PHL",Lapu-Lapu City,Condominium,10.28986648,124.00575829,7971600.0,215448.64864864864,12.280477870797109,210448.64864864864,37.0,1.0,1.0,1,0,11533.0,10917.1,6512.3,16193.3,18956.0,10672.6,28577.8,3505.3,10486,898,2.7037,1.5869,1.7218,0.1928,15.9049,0.8589,14.0955,1.0654,5.2869,5000.0,8.517393171418904,10500.0,1,11026899.0
281,ceiling,Condo For Sale in Punta Engaño,"Aruga Resort and Residences – Mactan, Punta Engaño Road, Lapu-Lapu, Lalawigan ng Cebu, Pilipinas",Lapu-Lapu City,Condominium,10.323479,124.0367989,28977811.0,432504.6417910448,12.977348337761322,425504.6417910448,67.0,1.0,1.0,0,0,14513.3,12837.4,9410.0,20292.8,23381.2,9927.6,33079.1,6578.4,12083,3475,12.0,4.0,0.0,0.0559,7.5309,0.0,1.9925,1.992,8.4159,7000.0,8.853808274977197,13500.0,1,34857372.0
282,ceiling,Condo For Sale in Mactan,"2 Casanta Soong, Lapu-Lapu City, 6015 Cebu, Philippines",Lapu-Lapu City,Condominium,10.30416,124.007026,4200000.0,123529.41176470587,11.724234558637436,118529.41176470587,34.0,1.0,1.0,1,0,11346.0,10297.9,6180.4,16600.6,19570.5,9332.5,29252.2,3085.6,9486,0,5.642,20.3955,9.7031,0.3855,13.4799,2.3018,9.9078,26.7356,12.5509,5000.0,8.517393171418904,10500.0,1,21004077.0
283,ceiling,Condo For Sale in Canduman,"H. Abellana, Canduman, Cebu City, Cebu, Central Visayas, PHL",Mandaue City,Condominium,10.36827374,123.9278908,2570534.0,122406.38095238096,11.715101779665435,112636.38095238096,21.0,1.0,1.0,1,0,6172.5,3072.9,6593.9,13111.4,16875.6,4031.8,25741.7,8796.5,5613,2420,6.8675,22.4229,10.4305,0.4381,4.7522,0.7805,8.2594,28.7211,11.8607,9770.0,9.187174093944344,15750.0,0,3021237.0
284,ceiling,Condo For Sale in Cebu,"1119 Middle Nivel Hills Rd, Cebu City, 6000 Cebu, Philippines",Cebu City,Condominium,10.342605,123.896352,13520000.0,150222.22222222222,11.919870958248827,120222.22222222222,90.0,3.0,2.0,0,0,2883.3,2686.6,6824.8,8869.8,12607.0,8284.0,21279.1,9860.6,5021,173,4.438,4.4306,3.3064,0.5521,4.493,0.4157,14.8396,2.5674,4.5098,30000.0,10.308985993422082,57000.0,0,11915454.0
285,ceiling,Condo For Sale in Maribago,"Buyong Road, Maribago, Lapu-Lapu City, Cebu, Central Visayas, PHL",Lapu-Lapu City,Condominium,10.28986648,124.00575829,8811250.0,183567.70833333337,12.120338861162331,178567.70833333337,48.0,1.0,1.0,0,0,11533.0,10917.1,6512.3,16193.3,18956.0,10672.6,28577.8,3505.3,10486,898,2.7037,1.5869,1.7218,0.1928,15.9049,0.8589,14.0955,1.0654,5.2869,5000.0,8.517393171418904,10500.0,1,11006907.0
291,ceiling,Condo For Sale in Punta Engaño,"Punta Engaño, Lapu-Lapu, Lalawigan ng Cebu, Pilipinas",Lapu-Lapu City,Condominium,10.3231321,124.0349024,25000000.0,137362.63736263735,11.83037969575568,130362.63736263735,182.0,3.0,2.0,0,0,14304.4,12638.7,9199.5,20082.9,23174.5,9784.8,32873.0,6368.4,11822,3214,10.5894,4.0,0.0,0.0635,11.5502,0.0,2.6502,4.0,8.6776,7000.0,8.853808274977197,13500.0,1,32819946.0
294,ceiling,Condo For Sale in Cebu Business Park,"Cardinal Rosales Avenue, Hippodromo, Cebu City, Cebu, Central Visayas, PHL",Cebu City,Condominium,10.31557373,123.9053366,12894891.0,263161.0408163265,12.480521446262513,211911.0408163265,49.0,1.0,1.0,0,0,281.3,3348.4,5039.7,7031.9,10755.0,9316.4,20061.8,8111.4,1824,834,31.7264,115.2915,67.3005,5.9606,149.4775,11.2489,91.2019,236.3932,87.1413,51250.0,10.844490409005417,206750.0,0,19137153.0
296,ceiling,Condo For Sale in Cebu IT Park,"Calyx Centre - IT Park, West Geonzon Street, Cebu City, Lalawigan ng Cebu, Pilipinas",Cebu City,Condominium,10.3284975,123.9053107,4500000.0,173076.92307692306,12.061491416719067,143076.92307692306,26.0,1.0,1.0,0,0,1187.6,2235.4,5301.4,8090.2,11850.8,8331.9,20948.9,8401.3,2774,223,33.0939,95.5752,59.3893,1.8712,128.7696,10.091,52.3326,303.1763,76.3533,30000.0,10.308985993422082,57000.0,0,15536502.0
298,ceiling,Condo For Sale in Punta Engaño,"Punta Engano, Lapu-Lapu City, Cebu, Central Visayas, PHL",Lapu-Lapu City,Condominium,10.33005475,124.04013073,5000000.0,121951.21951219512,11.711376403694066,114951.21951219512,41.0,1.0,1.0,1,0,14925.8,13106.2,9880.5,20857.6,23999.9,9819.4,33703.0,7155.5,13611,5003,1.5023,0.3124,0.0,0.0,4.0,0.0,4.2229,0.0,1.6673,7000.0,8.853808274977197,13500.0,1,9192262.0
302,ceiling,Condo For Sale in Mactan,"2 Casanta Soong, Lapu-Lapu City, 6015 Cebu, Philippines",Lapu-Lapu City,Condominium,10.30416,124.007026,125000000.0,249003.984063745,12.425224175574845,244003.984063745,502.0,3.0,3.0,0,0,11346.0,10297.9,6180.4,16600.6,19570.5,9332.5,29252.2,3085.6,9486,0,5.642,20.3955,9.7031,0.3855,13.4799,2.3018,9.9078,26.7356,12.5509,5000.0,8.517393171418904,10500.0,1,7581855.0
303,ceiling,Condo For Sale in Agus,"Agus Road, Marigondon, Lapu-Lapu City, Cebu, Central Visayas, PHL",Lapu-Lapu City,Condominium,10.28410958,123.97552209,4003310.0,160132.4,11.9837562520266,150132.4,25.0,1.0,1.0,0,0,8653.5,8744.4,4216.4,12833.6,15599.3,10354.6,25242.1,2594.3,6452,705,3.271,9.5659,11.8561,0.9657,20.3147,0.6611,5.5018,7.06,9.2722,10000.0,9.210440366976515,15000.0,1,5063531.0
305,ceiling,Condo For Sale in Punta Engaño,"Punta Engano, Lapu-Lapu City, Cebu, Central Visayas, PHL",Lapu-Lapu City,Condominium,10.33005475,124.04013073,9000000.0,111111.11111111112,11.618285980628055,104111.11111111112,81.0,2.0,2.0,0,0,14925.8,13106.2,9880.5,20857.6,23999.9,9819.4,33703.0,7155.5,13611,5003,1.5023,0.3124,0.0,0.0,4.0,0.0,4.2229,0.0,1.6673,7000.0,8.853808274977197,13500.0,1,9077976.0
307,ceiling,Condo For Sale in Punta Engaño,"Punta Engaño Road, Lapu-Lapu, Cebu, Pilipinas",Lapu-Lapu City,Condominium,10.3185134,124.0296471,20951322.0,308107.67647058825,12.638204599790726,301107.67647058825,68.0,1.0,1.0,0,0,13717.8,12169.3,8581.1,19388.7,22449.7,9669.1,32144.4,5683.0,11116,2507,2.3754,2.0024,0.0,0.094,27.1289,0.0,10.9295,1.902,7.7752,7000.0,8.853808274977197,13500.0,1,10174715.0
310,ceiling,Condo For Sale in Mandaue,"W.O. Seno, Subangdaku, Cebu City, Cebu, Central Visayas, PHL",Mandaue City,Condominium,10.3207231,123.9294311,16500000.0,196428.57142857145,12.188054140027495,172853.57142857145,84.0,2.0,2.0,0,0,2772.5,2493.3,2524.8,9438.3,13053.7,7253.0,22546.2,5626.6,138,672,18.4962,36.9284,22.9911,10.0339,25.4797,2.023,20.0246,42.3567,26.6646,23575.0,10.06798452441753,68750.0,0,11849598.0
311,ceiling,Condo For Sale in Punta Engaño,"Aruga Resort and Residences – Mactan, Punta Engaño Road, Lapu-Lapu, Lalawigan ng Cebu, Pilipinas",Lapu-Lapu City,Condominium,10.323479,124.0367989,40062651.0,404673.2424242424,12.910835211614234,397673.2424242424,99.0,2.0,3.0,0,0,14513.3,12837.4,9410.0,20292.8,23381.2,9927.6,33079.1,6578.4,12083,3475,12.0,4.0,0.0,0.0559,7.5309,0.0,1.9925,1.992,8.4159,7000.0,8.853808274977197,13500.0,1,34655829.0
312,ceiling,Condo For Sale in Cebu,"1119 Middle Nivel Hills Rd, Cebu City, 6000 Cebu, Philippines",Cebu City,Condominium,10.342605,123.896352,13500000.0,133663.36633663366,11.803079726567399,103663.36633663366,101.0,2.0,2.0,0,0,2883.3,2686.6,6824.8,8869.8,12607.0,8284.0,21279.1,9860.6,5021,173,4.438,4.4306,3.3064,0.5521,4.493,0.4157,14.8396,2.5674,4.5098,30000.0,10.308985993422082,57000.0,0,11916099.0
314,ceiling,Condo For Sale in Cebu Business Park,"Solinea Tower 2 (Turquoise), Cardinal Rosales Avenue, Lungsod ng Cebu, Lalawigan ng Cebu, Pilipinas",Cebu City,Condominium,10.3160059,123.905247,4800000.0,171428.57142857142,12.051921965702915,120178.57142857142,28.0,1.0,1.0,0,0,233.8,3312.1,5051.8,7058.1,10783.8,9288.3,20082.7,8126.7,1915,786,30.4351,121.9922,69.2252,5.4855,159.343,11.2185,95.5885,259.5972,91.0659,51250.0,10.844490409005417,206750.0,0,19112010.0
315,ceiling,Condo For Sale in Mactan,"Mactan, Lapu-Lapu City, Cebu, Central Visayas, PHL",Lapu-Lapu City,Condominium,10.30776262,124.01492178,10700000.0,150704.22535211267,11.923074422390819,145704.22535211267,71.0,2.0,2.0,0,0,12158.9,10950.0,6984.1,17531.7,20519.2,9472.4,30202.8,3931.5,9279,453,3.2259,27.2495,13.0339,0.6192,50.2802,4.0,12.1199,16.4231,22.0053,5000.0,8.517393171418904,10500.0,1,7779298.0
316,ceiling,Condo For Sale in Tipolo,"P. Basubas St, Tipolo, Mandaue City, 6014 Cebu, Pilipinas",Mandaue City,Condominium,10.3322671,123.9280661,3418465.0,162784.04761904763,12.000179740151491,141634.04761904763,21.0,1.0,1.0,1,0,3057.6,1293.5,3283.1,10118.9,13816.5,6282.7,23164.7,6229.8,1382,535,14.4945,18.3925,18.818,2.0527,11.8735,4.7251,22.6741,8.27,15.4604,21150.0,9.959442464680574,41250.0,0,2842013.0
317,ceiling,Condo For Sale in Mandaue,"Subangdaku, Cebu City, Cebu, Central Visayas, PHL",Mandaue City,Condominium,10.31183708,123.92724037,32000000.0,278260.8695652174,12.536314332400751,254685.8695652174,115.0,2.0,2.0,0,0,2602.5,3372.0,2646.7,8699.5,12243.7,8228.1,21808.2,5684.9,437,1228,5.8397,20.8164,10.8142,3.3755,15.6625,0.9749,13.2441,4.7619,13.2691,23575.0,10.06798452441753,68750.0,0,12756231.0
318,ceiling,Condo For Sale in Luz,"Cebu Business Park, Siquijor Road, Lungsod ng Cebu, Lalawigan ng Cebu, Pilipinas",Cebu City,Condominium,10.3208037,123.9058765,18500000.0,188775.51020408163,12.148313811377982,137525.51020408163,98.0,2.0,2.0,0,0,371.6,2828.1,5039.2,7486.1,11228.5,8860.0,20460.8,8140.5,2201,637,25.0451,76.9861,41.119,2.5883,95.7827,4.0195,58.9985,100.6823,59.0191,51250.0,10.844490409005417,206750.0,0,19088060.0
323,ceiling,Condo For Sale in Santa Cruz,"The Persimmon Condominium, H. Joaquino Street, Lungsod ng Cebu, Lalawigan ng Cebu, Pilipinas",Cebu City,Condominium,10.31121,123.89237,5500000.0,117021.27659574468,11.670111048492641,71021.27659574468,47.0,1.0,1.0,0,0,1496.1,4591.7,6459.5,5706.2,9464.6,10665.7,18639.6,9486.8,2598,1402,46.4813,144.8754,153.9154,24.3082,37.4165,7.0195,175.1766,203.1177,79.0656,46000.0,10.736418414365376,73000.0,0,8608065.0
325,ceiling,Condo For Sale in Cebu,"1119 Middle Nivel Hills Rd, Cebu City, 6000 Cebu, Philippines",Cebu City,Condominium,10.342605,123.896352,17000000.0,168316.8316831683,12.03360338517923,138316.8316831683,101.0,3.0,2.0,0,0,2883.3,2686.6,6824.8,8869.8,12607.0,8284.0,21279.1,9860.6,5021,173,4.438,4.4306,3.3064,0.5521,4.493,0.4157,14.8396,2.5674,4.5098,30000.0,10.308985993422082,57000.0,0,11803196.0
327,ceiling,Condo For Sale in Cebu Business Park,"Luzon Avenue, Hippodromo, Cebu City, Cebu, Central Visayas, PHL",Cebu City,Condominium,10.31700135,123.90449353,16000000.0,231884.0579710145,12.353992775606796,180634.0579710145,69.0,1.0,1.0,0,0,99.9,3262.4,5140.9,7077.2,10810.8,9265.9,20083.4,8222.5,1952,948,34.5452,127.2653,84.0133,6.4388,164.9677,11.2454,103.6899,293.3383,95.971,51250.0,10.844490409005417,206750.0,0,17803979.0
328,ceiling,Condo For Sale in Cebu Business Park,"Cebu Business Park, Cebu City, Cebu, Pilipinas",Cebu City,Condominium,10.3173504,123.9059978,30276529.0,242212.232,12.397569612541796,190962.232,125.0,3.0,3.0,0,0,199.3,3141.7,4979.8,7221.3,10949.7,9123.5,20238.1,8064.8,1927,731,29.8278,121.2768,67.5109,5.2726,155.8438,11.0295,93.4868,253.8045,89.7709,51250.0,10.844490409005417,206750.0,0,18815171.0
330,ceiling,Condo For Sale in Punta Engaño,"Punta Engano, Lapu-Lapu City, Cebu, Central Visayas, PHL",Lapu-Lapu City,Condominium,10.33004573,124.04013199,12400000.0,295238.09523809527,12.595537412291897,288238.09523809527,42.0,1.0,1.0,0,0,14925.9,13106.4,9880.5,20857.4,23999.6,9820.0,33702.8,7155.3,13611,5003,1.5023,0.3124,0.0,0.0,4.0,0.0,4.2229,0.0,1.6673,7000.0,8.853808274977197,13500.0,1,8980833.0
331,ceiling,Condo For Sale in Cebu IT Park,"Calyx Center, Cebu I.T. Park, W Geonzon St, Lungsod ng Cebu, 6000 Lalawigan ng Cebu, Philippines",Cebu City,Condominium,10.328947,123.905843,12632000.0,132968.42105263157,11.797866943317073,102968.42105263156,95.0,2.0,2.0,0,0,1244.1,2158.7,5262.0,8165.7,11926.1,8255.1,21025.7,8359.8,2784,236,32.3522,95.6822,59.072,1.8665,128.5164,10.0753,52.4963,304.7114,76.0024,30000.0,10.308985993422082,57000.0,0,17593356.0
339,ceiling,Condo For Sale in Kasambagan,"Pres. Magsaysay Extension, Mabolo, Cebu City, Cebu, Central Visayas, PHL",Cebu City,Condominium,10.327819,123.915987,7688800.0,248025.8064516129,12.421288078006066,218025.8064516129,31.0,2.0,1.0,0,0,1694.6,1614.1,4178.2,8816.8,12546.1,7527.0,21812.9,7264.0,2142,1270,10.2124,26.0029,19.5348,1.8981,16.6354,0.2682,33.4223,65.8188,17.229,30000.0,10.308985993422082,34500.0,0,4478635.0
340,ceiling,Condo For Sale in Punta Engaño,"Amisa Residences, Lungsod ng Lapu-Lapu, Lalawigan ng Cebu, Pilipinas",Lapu-Lapu City,Condominium,10.328166,124.041029,9000000.0,111111.11111111112,11.618285980628055,104111.11111111112,81.0,2.0,2.0,0,0,15006.3,13226.0,9940.9,20887.2,24007.9,10014.2,33709.2,7176.5,12696,4088,8.104,1.3085,0.0,0.0426,1.6629,0.0,1.6962,0.0,4.4431,7000.0,8.853808274977197,13500.0,1,9077976.0
341,ceiling,Studio For Sale in Agus,"Agus Road, Marigondon, Lapu-Lapu City, Cebu, Central Visayas, PHL",Lapu-Lapu City,Condominium,10.28410958,123.97552209,5309958.0,176998.6,12.083897101920165,166998.6,30.0,1.0,1.0,0,0,8653.5,8744.4,4216.4,12833.6,15599.3,10354.6,25242.1,2594.3,6452,705,3.271,9.5659,11.8561,0.9657,20.3147,0.6611,5.5018,7.06,9.2722,10000.0,9.210440366976515,15000.0,1,5044316.0
342,ceiling,Condo For Sale in Agus,"Agus Road, Marigondon, Lapu-Lapu City, Cebu, Central Visayas, PHL",Lapu-Lapu City,Condominium,10.28410958,123.97552209,4364108.0,174564.32,12.070048548698345,164564.32,25.0,1.0,1.0,0,0,8653.5,8744.4,4216.4,12833.6,15599.3,10354.6,25242.1,2594.3,6452,705,3.271,9.5659,11.8561,0.9657,20.3147,0.6611,5.5018,7.06,9.2722,10000.0,9.210440366976515,15000.0,1,5058225.0
347,ceiling,Condo For Sale in Cebu Business Park,"Cardinal Rosales Avenue, Hippodromo, Cebu City, Cebu, Central Visayas, PHL",Cebu City,Condominium,10.31557373,123.9053366,24600000.0,229906.54205607477,12.345428166440685,178656.54205607477,107.0,3.0,4.0,0,0,281.3,3348.4,5039.7,7031.9,10755.0,9316.4,20061.8,8111.4,1824,834,31.7264,115.2915,67.3005,5.9606,149.4775,11.2489,91.2019,236.3932,87.1413,51250.0,10.844490409005417,206750.0,0,19039610.0
350,ceiling,Condo For Sale in Maribago,"Buyong Road, Maribago, Lapu-Lapu City, Cebu, Central Visayas, PHL",Lapu-Lapu City,Condominium,10.28986648,124.00575829,8181264.0,221115.24324324325,12.306439307224606,216115.24324324325,37.0,1.0,1.0,1,0,11533.0,10917.1,6512.3,16193.3,18956.0,10672.6,28577.8,3505.3,10486,898,2.7037,1.5869,1.7218,0.1928,15.9049,0.8589,14.0955,1.0654,5.2869,5000.0,8.517393171418904,10500.0,1,11021907.0
355,ceiling,Studio For Sale in Santa Cruz,"Kosh Kosh Laundry, V. Ranudo Extension, San Antonio, Cebu City, Cebu, Central Visayas, PHL",Cebu City,Condominium,10.3057022,123.8973152,4250000.0,151785.7142857143,11.930225030725396,105785.71428571428,28.0,1.0,1.0,1,0,1551.2,4743.8,5978.6,5642.1,9353.6,10717.6,18706.0,8936.8,1740,613,68.4793,135.1804,104.6779,16.1707,46.9438,7.7289,149.9941,90.8998,87.669,46000.0,10.736418414365376,73000.0,0,5417926.0
361,ceiling,Condo For Sale in Punta Engaño,"Punta Engaño, Lapu-Lapu, Lalawigan ng Cebu, Pilipinas",Lapu-Lapu City,Condominium,10.3231321,124.0349024,56101325.0,348455.4347826087,12.761265623767873,341455.4347826087,161.0,2.0,2.0,0,0,14304.4,12638.7,9199.5,20082.9,23174.5,9784.8,32873.0,6368.4,11822,3214,10.5894,4.0,0.0,0.0635,11.5502,0.0,2.6502,4.0,8.6776,7000.0,8.853808274977197,13500.0,1,32301591.0
364,ceiling,Condo For Sale in Cebu IT Park,"East West Banking W Geonzon Street, Geonzon, Lahug, Cebu City, Cebu, Central Visayas, PHL",Cebu City,Condominium,10.328642,123.90537,13300000.0,192753.6231884058,12.169168088594724,162753.6231884058,69.0,1.0,2.0,0,0,1204.2,2220.1,5300.3,8106.8,11867.5,8316.6,20964.2,8399.6,2774,223,33.0939,95.5752,59.3893,1.8712,128.7696,10.091,52.3326,303.1763,76.3533,30000.0,10.308985993422082,57000.0,0,17572110.0
367,ceiling,Condo For Sale in Apas,"Avida Towers Riala, Jose Maria del Mar Street, Lungsod ng Cebu, Cebu, Pilipinas",Cebu City,Condominium,10.3328036,123.9090696,3900000.0,177272.72727272726,12.08544465774156,148472.72727272726,22.0,2.0,1.0,1,0,1742.3,1615.1,5093.2,8721.1,12481.3,7710.1,21571.6,8162.1,3139,707,18.5075,85.5895,44.4245,1.7496,92.4888,7.0152,43.9722,224.942,58.3337,28800.0,10.268165387743457,37300.0,0,18782918.0
368,ceiling,Condo For Sale in Cebu IT Park,"2 W Geonzon St, Cebu City, 6000 Cebu, Philippines",Cebu City,Condominium,10.330279,123.905622,3500000.0,152173.91304347827,11.932779310530492,122173.91304347829,23.0,2.0,1.0,1,0,1388.1,2085.2,5334.4,8266.4,12028.5,8179.8,21102.3,8426.8,2975,339,25.3485,91.7241,53.0709,1.7491,114.4439,9.8321,53.5616,293.0219,68.3821,30000.0,10.308985993422082,57000.0,0,16592335.0
372,ceiling,Condo For Sale in Cebu Business Park,"Cebu Business Park, Lungsod ng Cebu, Lalawigan ng Cebu, Pilipinas",Cebu City,Condominium,10.3173504,123.9059978,27386061.0,311205.23863636365,12.648207904809096,259955.23863636365,88.0,2.0,3.0,0,0,199.3,3141.7,4979.8,7221.3,10949.7,9123.5,20238.1,8064.8,1927,731,29.8278,121.2768,67.5109,5.2726,155.8438,11.0295,93.4868,253.8045,89.7709,51250.0,10.844490409005417,206750.0,0,18837405.0
373,ceiling,Condo For Sale in Basak,"Basak-Sudtunggan Road, Lapu-Lapu, Lalawigan ng Cebu, Pilipinas",Lapu-Lapu City,Condominium,10.2805548,123.9633561,3523210.0,110100.3125,11.609147161035535,100100.3125,32.0,1.0,1.0,0,0,7682.7,8217.5,3907.4,11470.9,14210.8,10670.1,23855.7,3420.1,6676,1041,10.2536,7.1215,9.1639,0.5933,30.8567,0.0,11.3811,0.0,13.8905,10000.0,9.210440366976515,15000.0,1,6250726.0
375,ceiling,Condo For Sale in Mandaue,"Subangdaku, Cebu City, Cebu, Central Visayas, PHL",Mandaue City,Condominium,10.31183708,123.92724037,12359610.0,268687.17391304346,12.501303059608846,245112.17391304343,46.0,1.0,1.0,0,0,2602.5,3372.0,2646.7,8699.5,12243.7,8228.1,21808.2,5684.9,437,1228,5.8397,20.8164,10.8142,3.3755,15.6625,0.9749,13.2441,4.7619,13.2691,23575.0,10.06798452441753,68750.0,0,15562001.0
379,ceiling,Studio For Sale in Cebu Business Park,"Cardinal Rosales Avenue, Hippodromo, Cebu City, Cebu, Central Visayas, PHL",Cebu City,Condominium,10.31557373,123.9053366,6000000.0,230769.2307692308,12.349173489170846,179519.2307692308,26.0,1.0,1.0,0,0,281.3,3348.4,5039.7,7031.9,10755.0,9316.4,20061.8,8111.4,1824,834,31.7264,115.2915,67.3005,5.9606,149.4775,11.2489,91.2019,236.3932,87.1413,51250.0,10.844490409005417,206750.0,0,19194610.0
380,ceiling,Condo For Sale in Cebu IT Park,"East West Banking W Geonzon Street, Geonzon, Lahug, Cebu City, Cebu, Central Visayas, PHL",Cebu City,Condominium,10.328642,123.90537,16200000.0,155769.23076923078,11.95613090106124,125769.23076923078,104.0,3.0,2.0,0,0,1204.2,2220.1,5300.3,8106.8,11867.5,8316.6,20964.2,8399.6,2774,223,33.0939,95.5752,59.3893,1.8712,128.7696,10.091,52.3326,303.1763,76.3533,30000.0,10.308985993422082,57000.0,0,17542213.0
381,ceiling,Condo For Sale in Mactan,"Mactan, Lapu-Lapu City, Cebu, Central Visayas, PHL",Lapu-Lapu City,Condominium,10.29875784,124.01573116,13000000.0,206349.20634920636,12.237325189034278,201349.20634920636,63.0,1.0,1.0,1,0,12379.4,11412.8,7234.1,17418.6,20282.0,10345.9,29932.8,4127.5,10605,1406,1.7971,2.1785,1.2027,0.6552,8.4653,0.316,9.6887,0.0,3.4342,5000.0,8.517393171418904,10500.0,1,10653227.0
383,ceiling,Condo For Sale in Cebu Business Park,"Cardinal Rosales Avenue, Hippodromo, Cebu City, Cebu, Central Visayas, PHL",Cebu City,Condominium,10.31557373,123.9053366,5500000.0,211538.46153846153,12.262162112181217,160288.46153846153,26.0,2.0,1.0,1,0,281.3,3348.4,5039.7,7031.9,10755.0,9316.4,20061.8,8111.4,1824,834,31.7264,115.2915,67.3005,5.9606,149.4775,11.2489,91.2019,236.3932,87.1413,51250.0,10.844490409005417,206750.0,0,19198777.0
385,ceiling,Condo For Sale in Cebu IT Park,"Cebu IT Park, Lungsod ng Cebu, Lalawigan ng Cebu, Pilipinas",Cebu City,Condominium,10.3304499,123.9073923,8755000.0,218875.0,12.296256069588154,188875.0,40.0,1.0,1.0,0,0,1440.6,1921.4,5160.0,8402.3,12162.1,8018.0,21262.8,8248.5,2847,390,26.0583,93.3086,54.9984,1.847,121.5706,9.2677,51.7289,292.0739,70.8282,30000.0,10.308985993422082,57000.0,0,17021123.0
386,ceiling,Penthouse For Sale in Punta Engaño,"Aruga Resort and Residences – Mactan, Punta Engaño Road, Lungsod ng Lapu-Lapu, Lalawigan ng Cebu, Pilipinas",Lapu-Lapu City,Condominium,10.3234104,124.0373611,191034000.0,654226.0273972603,13.391208178371842,647226.0273972603,292.0,4.0,4.0,0,0,14574.4,12899.3,9470.2,20349.6,23435.4,9981.6,33132.8,6635.5,12083,3475,12.0,4.0,0.0,0.0559,7.5309,0.0,1.9925,1.992,8.4159,7000.0,8.853808274977197,13500.0,1,31910896.0
392,ceiling,Condo For Sale in Punta Engaño,"Mövenpick Cebu, Mactan Island, Lapu-Lapu, Lalawigan ng Cebu, Pilipinas",Lapu-Lapu City,Condominium,10.3100786,124.0233764,26000000.0,162500.0,11.998433280751929,155500.0,160.0,3.0,3.0,0,0,13060.5,11743.9,7888.2,18491.0,21476.4,9851.7,31157.8,4866.5,10012,1404,1.5887,4.1122,1.6511,0.2146,31.096,0.3683,17.1376,16.0,9.0322,7000.0,8.853808274977197,13500.0,1,11831775.0
393,ceiling,Condo For Sale in Mandaue,"W.O. Seno, Subangdaku, Cebu City, Cebu, Central Visayas, PHL",Mandaue City,Condominium,10.3207231,123.9294311,25540000.0,311463.4146341463,12.649037161304415,287888.4146341463,82.0,2.0,2.0,0,0,2772.5,2493.3,2524.8,9438.3,13053.7,7253.0,22546.2,5626.6,138,672,18.4962,36.9284,22.9911,10.0339,25.4797,2.023,20.0246,42.3567,26.6646,23575.0,10.06798452441753,68750.0,0,10945598.0
396,ceiling,Studio For Sale in Tipolo,"P. Basubas, Banilad Mandaue, Cebu City, Cebu, Central Visayas, PHL",Mandaue City,Condominium,10.3353666,123.9249881,3680640.0,167301.81818181818,12.027554754709156,146151.81818181818,22.0,2.0,1.0,1,0,2988.4,817.3,3762.1,10107.2,13830.5,6240.5,23105.2,6687.0,1902,1055,15.1331,27.4034,14.3329,1.7707,32.6597,4.3484,26.9446,28.86,23.4691,21150.0,9.959442464680574,41250.0,0,2863815.0
397,ceiling,Condo For Sale in Banawa,"Symfoni Bossa, Symfoni Bossa, Nichols Heights, Lungsod ng Cebu, Lalawigan ng Cebu, Pilipinas",Cebu City,Condominium,10.3171314,123.8829967,2700000.0,135000.0,11.813030057420567,111300.0,20.0,2.0,1.0,1,0,2326.9,4952.7,7489.1,5682.8,9424.6,11031.7,18274.1,10559.6,4310,2501,18.1132,37.0167,47.9992,4.2932,2.4093,8.7461,49.4174,21.7361,21.4022,23700.0,10.073272520325904,29550.0,0,11267433.0
398,ceiling,Condo For Sale in Basak,"Royal Oceancrest Mactan, Basak-Sudtunggan Road, Lungsod ng Lapu-Lapu, Lalawigan ng Cebu, Pilipinas",Lapu-Lapu City,Condominium,10.2821291,123.96405,6210960.0,103516.0,11.547481469111835,93516.0,60.0,2.0,1.0,0,0,7654.3,8117.7,3770.2,11562.5,14333.8,10494.9,23986.8,3230.6,6375,741,11.3945,12.799,14.2244,0.8541,42.8413,0.0,14.3945,5.2783,19.0198,10000.0,9.210440366976515,15000.0,1,5605084.0
400,ceiling,Condo For Sale in Cebu,"Cogon Pardo, Cebu City, Cebu, Central Visayas, PHL",Cebu City,Condominium,10.269927,123.872523,6809900.0,234824.1379310345,12.366592163743594,217324.1379310345,29.0,2.0,1.0,0,0,6361.5,9557.9,9901.6,1507.4,4657.3,15496.5,14283.2,12363.2,806,3213,3.6018,3.7824,1.4169,0.4113,13.2763,0.0,10.2806,4.9865,5.8623,17500.0,9.770013301136158,21500.0,0,6378311.0
405,ceiling,Condo For Sale in Cebu,"Marco Polo Plaza Cebu, Cebu Veterans Drive, Lungsod ng Cebu, Cebu, Pilipinas",Cebu City,Condominium,10.3417299,123.8974558,15700000.0,218055.55555555556,12.292505151302482,188055.55555555556,72.0,2.0,3.0,0,0,2755.6,2563.2,6672.5,8840.6,12584.0,8222.0,21296.9,9711.1,4848,0,6.228,7.1739,4.6824,0.6437,5.1459,0.5265,18.403,3.9809,6.4013,30000.0,10.308985993422082,57000.0,0,11235963.0
406,ceiling,Condo For Sale in Cebu Business Park,"Cebu Business Park, Luzon Avenue, Cebu City, Lalawigan ng Cebu, Pilipinas",Cebu City,Condominium,10.3182439,123.903733,47700000.0,437614.6788990826,12.989094073629426,386364.6788990826,109.0,2.0,2.0,0,0,70.7,3196.1,5235.5,7118.2,10859.8,9226.8,20101.1,8324.3,2233,908,42.8943,131.3463,96.5569,6.5314,159.8215,7.1485,105.6517,303.475,99.9686,51250.0,10.844490409005417,206750.0,0,18015862.0
412,ceiling,Condo For Sale in Maribago,"Buyong Road, Maribago, Lapu-Lapu City, Cebu, Pilipinas",Lapu-Lapu City,Condominium,10.2907917,124.002551,18921000.0,185500.0,12.130810161029627,181375.0,102.0,2.0,1.0,0,0,11167.3,10565.0,6150.1,15858.5,18646.3,10432.3,28278.7,3157.4,10144,556,6.4008,2.577,3.2724,0.2982,20.8088,1.8383,17.6609,14.2171,8.3698,4125.0,8.325063693631197,9750.0,1,9967613.0
417,ceiling,Studio For Sale in Apas,"Avida Towers Riala, Jose Maria del Mar Street, Cebu City, Lalawigan ng Cebu, Pilipinas",Cebu City,Condominium,10.3328036,123.9090696,5000000.0,227272.7272727273,12.333906017040059,198472.7272727273,22.0,1.0,1.0,1,0,1742.3,1615.1,5093.2,8721.1,12481.3,7710.1,21571.6,8162.1,3139,707,18.5075,85.5895,44.4245,1.7496,92.4888,7.0152,43.9722,224.942,58.3337,28800.0,10.268165387743457,37300.0,0,18767640.0
420,ceiling,Condo For Sale in Mactan,"Mactan, Lapu-Lapu City, Cebu, Central Visayas, PHL",Lapu-Lapu City,Condominium,10.3010123,124.0157874,4255000.0,128939.39393939394,11.767097758523132,123939.39393939394,33.0,1.0,1.0,1,0,12344.8,11316.3,7186.9,17469.4,20363.9,10140.7,30024.0,4083.9,10548,1516,1.5093,2.3268,1.2831,0.7129,8.5043,0.3376,9.6119,0.0,3.3654,5000.0,8.517393171418904,10500.0,1,10624096.0
423,ceiling,Condo For Sale in Mactan,"The Reef Island Resort Mactan, Cebu, Dapdap, Lapu-Lapu, Lalawigan ng Cebu, Pilipinas",Lapu-Lapu City,Condominium,10.2987618,124.0157325,13000000.0,250000.0,12.429216196844383,245000.0,52.0,1.0,1.0,1,0,12379.4,11412.8,7234.2,17418.9,20282.2,10345.6,29933.1,4127.5,10605,1406,1.7971,2.1785,1.2027,0.6552,8.4653,0.316,9.6887,0.0,3.4342,5000.0,8.517393171418904,10500.0,1,10653227.0
425,ceiling,Condo For Sale in Apas,"Apas, Lungsod ng Cebu, Lalawigan ng Cebu, Pilipinas",Cebu City,Condominium,10.3376616,123.9079235,8453820.0,153705.81818181818,11.94279578295349,124905.81818181818,55.0,2.0,2.0,0,0,2237.3,1481.3,5450.5,9072.4,12836.8,7483.4,21829.0,8480.6,3717,1101,15.1746,39.0857,15.2513,1.5908,42.27,6.5125,29.4824,62.1515,29.6515,28800.0,10.268165387743457,37300.0,0,6826997.0
426,ceiling,Condo For Sale in Lahug,"32 Sanson by Rockwell, Sanson Road, Lungsod ng Cebu, Lalawigan ng Cebu, Pilipinas",Cebu City,Condominium,10.3329596,123.8948853,16000000.0,275862.0689655172,12.527656269657635,245862.0689655172,58.0,1.0,1.0,0,0,1966.3,2999.1,6540.7,7852.5,11604.6,8958.6,20420.5,9636.6,3915,407,19.3107,37.1484,23.367,1.2569,16.4943,6.3223,33.8751,49.8554,25.1098,30000.0,10.308985993422082,57000.0,0,11458030.0
434,ceiling,Condo For Sale in Agus,"Agus Road, Marigondon, Lapu-Lapu City, Cebu, Central Visayas, PHL",Lapu-Lapu City,Condominium,10.28410958,123.97552209,6026973.0,177263.91176470587,12.08539492799827,167263.91176470587,34.0,1.0,1.0,0,0,8653.5,8744.4,4216.4,12833.6,15599.3,10354.6,25242.1,2594.3,6452,705,3.271,9.5659,11.8561,0.9657,20.3147,0.6611,5.5018,7.06,9.2722,10000.0,9.210440366976515,15000.0,1,5033771.0
436,ceiling,Condo For Sale in Lahug,"CHINABANK Cebu-Lahug, Lahug, Cebu City, Cebu, Central Visayas, PHL",Cebu City,Condominium,10.330683,123.899028,4539258.0,126090.5,11.744755182080935,96090.5,36.0,1.0,1.0,0,0,1535.4,2677.2,6030.2,7877.9,11641.0,8726.3,20586.0,9129.3,3349,0,41.1888,63.1208,38.1236,1.585,55.3685,8.3017,53.0105,131.6666,52.4799,30000.0,10.308985993422082,57000.0,0,7910496.0
437,ceiling,Condo For Sale in Cebu Business Park,"Cebu Business Park, Cebu City, Lalawigan ng Cebu, Pilipinas",Cebu City,Condominium,10.3173504,123.9059978,10500000.0,228260.86956521735,12.338244418638656,177010.86956521735,46.0,1.0,1.0,0,0,199.3,3141.7,4979.8,7221.3,10949.7,9123.5,20238.1,8064.8,1927,731,29.8278,121.2768,67.5109,5.2726,155.8438,11.0295,93.4868,253.8045,89.7709,51250.0,10.844490409005417,206750.0,0,18967298.0
444,ceiling,Condo For Sale in Agus,"EGI Resort and Hotel, Maribago, Lapu-Lapu, Lalawigan ng Cebu, Pilipinas",Lapu-Lapu City,Condominium,10.2849182,123.9978258,12700000.0,30094.78672985782,10.312107237392809,25969.78672985782,422.0,4.0,4.0,0,0,10872.9,10509.3,6004.0,15270.5,17975.4,10844.1,27580.9,3221.7,9240,322,4.4405,17.6076,9.5176,0.6485,13.384,1.5176,13.2919,26.251,11.0307,4125.0,8.325063693631197,9750.0,1,3200000.0
448,ceiling,Condo For Sale in Mabolo,"Pope John Paul II Avenue, Lungsod ng Cebu, Lalawigan ng Cebu, Pilipinas",Cebu City,Condominium,10.3196098,123.9113617,28588700.0,274891.3461538461,12.524131193679098,234291.34615384613,104.0,2.0,2.0,0,0,801.3,2648.9,4425.9,7819.5,11533.0,8539.4,20858.6,7526.2,1467,0,27.4066,87.6149,45.8662,2.5559,94.6511,6.0877,71.3677,120.0429,63.4904,40600.0,10.611547975828367,98860.0,0,11217757.0
451,ceiling,Condo For Sale in Maribago,"Buyong Road, Maribago, Lapu-Lapu City, Cebu, Central Visayas, PHL",Lapu-Lapu City,Condominium,10.28986648,124.00575829,4800000.0,129729.72972972972,11.773208563233895,124729.72972972972,37.0,1.0,1.0,1,0,11533.0,10917.1,6512.3,16193.3,18956.0,10672.6,28577.8,3505.3,10486,898,2.7037,1.5869,1.7218,0.1928,15.9049,0.8589,14.0955,1.0654,5.2869,5000.0,8.517393171418904,10500.0,1,11102413.0
453,ceiling,Condo For Sale in Cebu Business Park,"Cebu Business Park, Cebu City, Lalawigan ng Cebu, Pilipinas",Cebu City,Condominium,10.3173504,123.9059978,44000000.0,169884.16988416988,12.042872130182998,118634.16988416988,259.0,3.0,3.0,0,0,199.3,3141.7,4979.8,7221.3,10949.7,9123.5,20238.1,8064.8,1927,731,29.8278,121.2768,67.5109,5.2726,155.8438,11.0295,93.4868,253.8045,89.7709,51250.0,10.844490409005417,206750.0,0,18709606.0
456,ceiling,Condo For Sale in Apas,"Gov. Cuenco Avenue, Kasambagan, Cebu City, Cebu, Central Visayas, PHL",Cebu City,Condominium,10.336205,123.910597,1000000.0,83333.33333333333,11.330603908176274,54533.33333333333,12.0,2.0,2.0,1,1,2153.8,1270.9,5116.2,9120.8,12882.5,7344.3,21943.7,8147.9,3495,1200,21.6867,61.7559,32.3145,1.8862,41.7563,2.9378,30.7242,120.0125,40.2696,28800.0,10.268165387743457,37300.0,0,5846472.0
458,ceiling,Condo For Sale in Lahug,"32 Sanson by Rockwell, Sanson Road, Lungsod ng Cebu, Lalawigan ng Cebu, Pilipinas",Cebu City,Condominium,10.3329596,123.8948853,28000000.0,208955.223880597,12.249875268188566,178955.223880597,134.0,3.0,4.0,0,0,1966.3,2999.1,6540.7,7852.5,11604.6,8958.6,20420.5,9636.6,3915,407,19.3107,37.1484,23.367,1.2569,16.4943,6.3223,33.8751,49.8554,25.1098,30000.0,10.308985993422082,57000.0,0,11029459.0
464,ceiling,Condo For Sale in Mactan,"The Reef Island Resort Mactan, Cebu, Dapdap, Lapu-Lapu, Lalawigan ng Cebu, Pilipinas",Lapu-Lapu City,Condominium,10.2987618,124.0157325,12000000.0,300000.0,12.611537753638338,295000.0,40.0,1.0,1.0,1,1,12379.4,11412.8,7234.2,17418.9,20282.2,10345.6,29933.1,4127.5,10605,1406,1.7971,2.1785,1.2027,0.6552,8.4653,0.316,9.6887,0.0,3.4342,5000.0,8.517393171418904,10500.0,1,10698682.0
469,ceiling,Condo For Sale in Cebu Business Park,"Cebu Business Park, Lungsod ng Cebu, Lalawigan ng Cebu, Pilipinas",Cebu City,Condominium,10.3173504,123.9059978,21985126.0,178740.86178861788,12.093692336388557,127490.86178861788,123.0,3.0,3.0,0,0,199.3,3141.7,4979.8,7221.3,10949.7,9123.5,20238.1,8064.8,1927,731,29.8278,121.2768,67.5109,5.2726,155.8438,11.0295,93.4868,253.8045,89.7709,51250.0,10.844490409005417,206750.0,0,18878951.0
476,ceiling,Condo For Sale in Lahug,"Sanson Road, Lahug, Cebu City, Cebu, Central Visayas, PHL",Cebu City,Condominium,10.33293,123.8949,35859450.0,369685.05154639174,12.820406710096945,339685.05154639174,97.0,2.0,3.0,0,0,1962.7,2998.6,6538.1,7850.5,11602.7,8959.0,20419.5,9634.1,3915,407,19.3107,37.1484,23.367,1.2569,16.4943,6.3223,33.8751,49.8554,25.1098,30000.0,10.308985993422082,57000.0,0,10748764.0
477,ceiling,Condo For Sale in Punta Engaño,"Punta Engaño, Lapu-Lapu City, Cebu, Philippines",Lapu-Lapu City,Condominium,10.3231321,124.0349024,36953533.0,373268.0101010101,12.830051966349894,366268.0101010101,99.0,2.0,2.0,0,0,14304.4,12638.7,9199.5,20082.9,23174.5,9784.8,32873.0,6368.4,11822,3214,10.5894,4.0,0.0,0.0635,11.5502,0.0,2.6502,4.0,8.6776,7000.0,8.853808274977197,13500.0,1,32620721.0
480,ceiling,Condo For Sale in Lapu-Lapu,"Maribago, Lapu-Lapu City, Cebu, Central Visayas, PHL",Lapu-Lapu City,Condominium,10.28998447,124.0068697,5500000.0,161764.70588235295,11.993898125586538,156764.70588235295,34.0,1.0,1.0,1,0,11646.6,11013.9,6618.4,16315.6,19076.8,10713.6,28697.2,3600.5,10486,898,2.7037,1.5869,1.7218,0.1928,15.9049,0.8589,14.0955,1.0654,5.2869,5000.0,8.517393171418904,10500.0,1,11009334.0
482,ceiling,Condo For Sale in Cebu Business Park,"Cardinal Rosales Avenue, Hippodromo, Cebu City, Cebu, Central Visayas, PHL",Cebu City,Condominium,10.3173365,123.9063138,23000000.0,186991.86991869917,12.138820418521005,135741.86991869917,123.0,3.0,2.0,0,0,233.0,3125.3,4945.3,7244.9,10971.8,9100.7,20264.8,8030.3,1917,721,29.5887,119.8873,66.3803,5.2417,153.143,11.1149,92.0268,246.727,88.585,51250.0,10.844490409005417,206750.0,0,18871144.0
489,ceiling,Condo For Sale in Luz,"Mabolo Garden Flats, Tres Borces Extension, Lungsod ng Cebu, Lalawigan ng Cebu, Pilipinas",Cebu City,Condominium,10.3194109,123.913047,3000000.0,130434.78260869563,11.778628630703235,89834.78260869563,23.0,2.0,1.0,1,0,977.1,2602.8,4240.3,7941.1,11644.9,8433.3,20993.9,7340.9,1457,261,21.0236,70.1406,36.5397,2.3824,56.588,5.0361,60.0924,64.6858,46.1586,40600.0,10.611547975828367,98860.0,0,11784367.0
490,ceiling,Condo For Sale in Camputhaw,"Molave Street, Lungsod ng Cebu, Lalawigan ng Cebu, Pilipinas",Cebu City,Condominium,10.3194766,123.9018707,12040553.0,152412.06329113923,11.934343074555725,89412.06329113923,79.0,2.0,2.0,0,0,316.2,3214.1,5452.9,7081.2,10832.8,9278.7,20024.8,8546.6,2328,939,43.7405,129.296,95.2174,5.6997,153.8605,7.0577,113.7821,306.4889,98.3161,63000.0,11.050905878263569,74000.0,0,13300498.0
494,ceiling,Condo For Sale in Punta Engaño,"Punta Engano, Lapu-Lapu City, Cebu, Central Visayas, PHL",Lapu-Lapu City,Condominium,10.33005475,124.04013073,10500000.0,169354.83870967742,12.03975143008266,162354.83870967742,62.0,2.0,2.0,0,0,14925.8,13106.2,9880.5,20857.6,23999.9,9819.4,33703.0,7155.5,13611,5003,1.5023,0.3124,0.0,0.0,4.0,0.0,4.2229,0.0,1.6673,7000.0,8.853808274977197,13500.0,1,9035119.0
495,ceiling,Condo For Sale in Maribago,"Buyong Road, Maribago, Lapu-Lapu City, Cebu, Central Visayas, PHL",Lapu-Lapu City,Condominium,10.28986648,124.00575829,5200000.0,140540.54054054053,11.853251270907432,135540.54054054053,37.0,1.0,1.0,1,0,11533.0,10917.1,6512.3,16193.3,18956.0,10672.6,28577.8,3505.3,10486,898,2.7037,1.5869,1.7218,0.1928,15.9049,0.8589,14.0955,1.0654,5.2869,5000.0,8.517393171418904,10500.0,1,11092890.0
500,ceiling,Condo For Sale in Agus,"Agus Road, Marigondon, Lapu-Lapu City, Cebu, Central Visayas, PHL",Lapu-Lapu City,Condominium,10.28410958,123.97552209,4022545.0,160901.8,11.988549519990615,150901.8,25.0,1.0,1.0,0,0,8653.5,8744.4,4216.4,12833.6,15599.3,10354.6,25242.1,2594.3,6452,705,3.271,9.5659,11.8561,0.9657,20.3147,0.6611,5.5018,7.06,9.2722,10000.0,9.210440366976515,15000.0,1,5063248.0
502,ceiling,Condo For Sale in Lahug,"15 Wilson St, Cebu City, Cebu, Philippines",Cebu City,Condominium,10.33194,123.900217,10998000.0,211500.0,12.261980277468469,181500.0,52.0,1.0,1.0,0,0,1625.9,2499.0,5953.1,8066.5,11829.9,8539.2,20776.0,9046.3,3471,168,35.3643,52.6765,33.8456,1.4346,42.3455,7.2214,47.031,111.249,43.3819,30000.0,10.308985993422082,57000.0,0,7571594.0
503,ceiling,Condo For Sale in Cebu Business Park,"Cardinal Rosales Avenue, Hippodromo, Cebu City, Cebu, Central Visayas, PHL",Cebu City,Condominium,10.31575942,123.905961,31000000.0,287037.037037037,12.5673665353252,91787.03703703702,108.0,2.0,3.0,0,0,299.7,3296.3,4972.4,7095.6,10816.5,9254.6,20129.0,8045.9,1870,769,30.5567,119.5383,66.7914,5.5326,153.886,11.5588,92.6708,246.6633,89.0622,195250.0,12.18204118932774,78125.0,0,19019448.0
504,ceiling,Condo For Sale in Mabolo,"Pope John Paul II Avenue, Lungsod ng Cebu, Lalawigan ng Cebu, Pilipinas",Cebu City,Condominium,10.3196098,123.9113617,48257961.0,313363.3831168831,12.655118764544145,272763.3831168831,154.0,3.0,3.0,0,0,801.3,2648.9,4425.9,7819.5,11533.0,8539.4,20858.6,7526.2,1467,0,27.4066,87.6149,45.8662,2.5559,94.6511,6.0877,71.3677,120.0429,63.4904,40600.0,10.611547975828367,98860.0,0,10539507.0
506,ceiling,Condo For Sale in Cebu,"1119 Middle Nivel Hills Rd, Cebu City, 6000 Cebu, Philippines",Cebu City,Condominium,10.342605,123.896352,5500000.0,152777.77777777778,11.93673971174659,122777.77777777778,36.0,1.0,1.0,0,0,2883.3,2686.6,6824.8,8869.8,12607.0,8284.0,21279.1,9860.6,5021,173,4.438,4.4306,3.3064,0.5521,4.493,0.4157,14.8396,2.5674,4.5098,30000.0,10.308985993422082,57000.0,0,12174164.0
510,ceiling,Condo For Sale in Apas,"Avida Towers Riala, Jose Maria del Mar Street, Lungsod ng Cebu, Cebu, Pilipinas",Cebu City,Condominium,10.3328036,123.9090696,4000000.0,181818.18181818185,12.110762465725848,153018.18181818185,22.0,2.0,1.0,1,0,1742.3,1615.1,5093.2,8721.1,12481.3,7710.1,21571.6,8162.1,3139,707,18.5075,85.5895,44.4245,1.7496,92.4888,7.0152,43.9722,224.942,58.3337,28800.0,10.268165387743457,37300.0,0,18781529.0
514,ceiling,Studio For Sale in Agus,"Agus Road, Marigondon, Lapu-Lapu City, Cebu, Central Visayas, PHL",Lapu-Lapu City,Condominium,10.28410958,123.97552209,6394290.0,213143.0,12.269718580931592,203143.0,30.0,1.0,1.0,0,0,8653.5,8744.4,4216.4,12833.6,15599.3,10354.6,25242.1,2594.3,6452,705,3.271,9.5659,11.8561,0.9657,20.3147,0.6611,5.5018,7.06,9.2722,10000.0,9.210440366976515,15000.0,1,5028370.0
515,ceiling,Condo For Sale in Cebu,"Marco Polo Residences Tower 1, Cebu City, Lalawigan ng Cebu, Pilipinas",Cebu City,Condominium,10.3418886,123.8977974,15000000.0,170454.54545454544,12.046223944588277,141654.54545454544,88.0,3.0,3.0,0,0,2762.8,2526.1,6647.8,8874.0,12618.3,8180.7,21336.0,9683.8,5294,2678,2.0277,3.4716,0.5565,0.8325,0.0,0.6244,7.6793,0.0,2.1041,28800.0,10.268165387743457,37300.0,0,11263963.0
517,ceiling,Condo For Sale in Cebu IT Park,"Cebu I.T. Park, Apas, Lungsod ng Cebu, Lalawigan ng Cebu, Pilipinas",Cebu City,Condominium,10.3280132,123.906315,22119728.0,257206.13953488372,12.457633141725102,227206.13953488372,86.0,2.0,3.0,0,0,1150.4,2189.4,5180.3,8118.2,11876.4,8282.8,20999.2,8280.7,2656,162,34.4074,100.6106,63.6873,1.9933,132.408,9.7603,55.197,305.0997,79.4853,30000.0,10.308985993422082,57000.0,0,19251953.0
521,ceiling,Condo For Sale in Mactan,"Mactan, Lapu-Lapu City, Cebu, Central Visayas, PHL",Lapu-Lapu City,Condominium,10.30909786,124.0143028,15330000.0,306600.0,12.63329924541985,301600.0,50.0,1.0,1.0,0,0,12078.6,10836.1,6904.2,17500.3,20507.2,9312.6,30194.8,3869.0,9215,511,3.5408,25.7519,12.214,0.4836,49.0516,3.8342,10.9746,14.7913,21.3566,5000.0,8.517393171418904,10500.0,1,7972903.0
522,ceiling,Condo For Sale in Punta Engaño,"Aruga Resort and Residences – Mactan, Punta Engaño Road, Lapu-Lapu, Lalawigan ng Cebu, Pilipinas",Lapu-Lapu City,Condominium,10.323479,124.0367989,40731837.0,411432.69696969696,12.927400730363445,404432.69696969696,99.0,2.0,3.0,0,0,14513.3,12837.4,9410.0,20292.8,23381.2,9927.6,33079.1,6578.4,12083,3475,12.0,4.0,0.0,0.0559,7.5309,0.0,1.9925,1.992,8.4159,7000.0,8.853808274977197,13500.0,1,34643662.0
524,ceiling,Condo For Sale in Cebu IT Park,"IT Park, Cebu IT Park, Brgy Apas, Cebu City, Cebu, Pilipinas",Cebu City,Condominium,10.3293875,123.9069196,35000000.0,339805.82524271845,12.736129631224053,309805.82524271845,103.0,3.0,3.0,0,0,1313.7,2037.6,5167.1,8278.1,12037.3,8133.4,21147.5,8261.6,2847,390,26.0583,93.3086,54.9984,1.847,121.5706,9.2677,51.7289,292.0739,70.8282,30000.0,10.308985993422082,57000.0,0,16455187.0
525,ceiling,Condo For Sale in Tunghaan,"1381 Abuno, Minglanilla, 6046 Cebu, Philippines",Minglanilla,Condominium,10.24622,123.783387,6368947.0,78628.97530864198,11.272495553088895,71628.97530864198,81.0,4.0,2.0,0,0,15438.4,18400.3,19849.1,8739.3,6065.4,24482.5,5074.8,22449.3,529,5183,14.2384,5.8535,1.2658,0.3668,3.3626,0.5953,1.7769,7.0632,9.1305,7000.0,8.853808274977197,14000.0,0,4438174.0
526,ceiling,Condo For Sale in Banilad,"Ines Quano Road, Banilad Mandaue, Cebu City, Cebu, Central Visayas, PHL",Mandaue City,Condominium,10.34135818,123.9164914,3844670.0,153786.8,11.943322506622716,137671.8,25.0,1.0,1.0,0,0,2935.1,481.1,4903.3,9971.3,13730.8,6484.1,22806.1,7821.7,3333,2435,22.9701,38.1279,20.8855,1.8007,83.4545,0.2697,20.1008,109.5362,41.9487,16115.0,9.687567846311238,22350.0,0,3452958.0
534,ceiling,Condo For Sale in Mabolo,"Mabolo, Cebu City, Lalawigan ng Cebu, Pilipinas",Cebu City,Condominium,10.3159922,123.9136387,4500000.0,173076.92307692306,12.061491416719067,132476.92307692306,26.0,2.0,1.0,1,0,1047.6,2946.3,4135.1,7743.3,11422.0,8682.1,20824.5,7216.1,986,0,26.1702,72.476,46.7831,2.5313,44.5184,11.158,63.0785,90.6144,46.5854,40600.0,10.611547975828367,98860.0,0,9034833.0
535,ceiling,Condo For Sale in Agus,"Agus Road, Marigondon, Lapu-Lapu City, Cebu, Central Visayas, PHL",Lapu-Lapu City,Condominium,10.28410958,123.97552209,4568222.0,182728.88,12.115758803218103,172728.88,25.0,1.0,1.0,0,0,8653.5,8744.4,4216.4,12833.6,15599.3,10354.6,25242.1,2594.3,6452,705,3.271,9.5659,11.8561,0.9657,20.3147,0.6611,5.5018,7.06,9.2722,10000.0,9.210440366976515,15000.0,1,5055224.0
540,ceiling,Condo For Sale in Lahug,"Saint Anthony, Lahug, Cebu City, Cebu, Central Visayas, PHL",Cebu City,Condominium,10.33099833,123.90308661,8254000.0,229277.77777777775,12.342689550838553,199277.77777777775,36.0,1.0,1.0,0,0,1465.6,2271.1,5622.3,8162.0,11926.4,8348.6,20943.2,8715.4,3114,219,35.5174,53.8583,32.6935,1.4452,65.5491,6.0364,39.8616,154.3333,49.0093,30000.0,10.308985993422082,57000.0,0,13488672.0
542,ceiling,Condo For Sale in Lahug,"32 Sanson by Rockwell, Sanson Road, Lungsod ng Cebu, Lalawigan ng Cebu, Pilipinas",Cebu City,Condominium,10.3329596,123.8948853,23500000.0,286585.3658536585,12.565791731850135,256585.36585365853,82.0,2.0,3.0,0,0,1966.3,2999.1,6540.7,7852.5,11604.6,8958.6,20420.5,9636.6,3915,407,19.3107,37.1484,23.367,1.2569,16.4943,6.3223,33.8751,49.8554,25.1098,30000.0,10.308985993422082,57000.0,0,11190173.0
543,ceiling,Condo For Sale in Kasambagan,"The Academy for International Culinary Arts, Kasambagan, Cebu City, Cebu, Central Visayas, PHL",Cebu City,Condominium,10.32436564,123.9093657,51038316.0,331417.63636363635,12.711134600312466,301417.63636363635,154.0,3.0,4.0,0,0,913.6,2285.4,4746.2,8036.2,11777.7,8310.2,21005.3,7852.5,1980,0,38.086,89.5066,52.4083,2.2911,108.8482,7.3115,63.4939,187.8738,72.0685,30000.0,10.308985993422082,34500.0,0,8889391.0
545,ceiling,Condo For Sale in Mactan,"Mactan, Lapu-Lapu City, Cebu, Central Visayas, PHL",Lapu-Lapu City,Condominium,10.30776262,124.01492178,7500000.0,197368.42105263157,12.192827418780153,192368.42105263157,38.0,1.0,1.0,0,0,12158.9,10950.0,6984.1,17531.7,20519.2,9472.4,30202.8,3931.5,9279,453,3.2259,27.2495,13.0339,0.6192,50.2802,4.0,12.1199,16.4231,22.0053,5000.0,8.517393171418904,10500.0,1,7857347.0
547,ceiling,Condo For Sale in Maribago,"Buyong Road, Maribago, Lapu-Lapu City, Cebu, Central Visayas, PHL",Lapu-Lapu City,Condominium,10.28986648,124.00575829,8500000.0,177083.33333333334,12.084375710552655,172083.33333333334,48.0,1.0,1.0,0,0,11533.0,10917.1,6512.3,16193.3,18956.0,10672.6,28577.8,3505.3,10486,898,2.7037,1.5869,1.7218,0.1928,15.9049,0.8589,14.0955,1.0654,5.2869,5000.0,8.517393171418904,10500.0,1,11014318.0
548,ceiling,Condo For Sale in Mactan,"2 Casanta Soong, Lapu-Lapu City, 6015 Cebu, Philippines",Lapu-Lapu City,Condominium,10.30416,124.007026,10000000.0,181818.18181818185,12.110762465725848,176818.18181818185,55.0,1.0,1.0,1,0,11346.0,10297.9,6180.4,16600.6,19570.5,9332.5,29252.2,3085.6,9486,0,5.642,20.3955,9.7031,0.3855,13.4799,2.3018,9.9078,26.7356,12.5509,5000.0,8.517393171418904,10500.0,1,20359633.0
549,ceiling,Condo For Sale in Cebu Business Park,"Sedona Parc By Alveo, Leyte Loop, Lungsod ng Cebu, Lalawigan ng Cebu, Pilipinas",Cebu City,Condominium,10.3148253,123.9088843,12000000.0,139534.88372093023,11.846069911498766,-55715.11627906977,86.0,2.0,2.0,0,0,609.1,3244.8,4648.9,7262.3,10961.9,9116.9,20325.8,7716.4,1957,700,19.0533,71.5241,40.5768,3.3082,98.4802,6.3727,62.6063,130.3114,55.0553,195250.0,12.18204118932774,78125.0,0,17169097.0
553,ceiling,Condo For Sale in Agus,"Agus Road, Marigondon, Lapu-Lapu City, Cebu, Central Visayas, PHL",Lapu-Lapu City,Condominium,10.28410958,123.97552209,5408029.0,216321.16,12.284519434248393,206321.16,25.0,1.0,1.0,0,0,8653.5,8744.4,4216.4,12833.6,15599.3,10354.6,25242.1,2594.3,6452,705,3.271,9.5659,11.8561,0.9657,20.3147,0.6611,5.5018,7.06,9.2722,10000.0,9.210440366976515,15000.0,1,5042873.0
559,ceiling,Condo For Sale in Kasambagan,"The Academy for International Culinary Arts, Kasambagan, Cebu City, Cebu, Central Visayas, PHL",Cebu City,Condominium,10.32436564,123.9093657,17000000.0,293103.4482758621,12.58828089147407,263103.4482758621,58.0,1.0,1.0,0,0,913.6,2285.4,4746.2,8036.2,11777.7,8310.2,21005.3,7852.5,1980,0,38.086,89.5066,52.4083,2.2911,108.8482,7.3115,63.4939,187.8738,72.0685,30000.0,10.308985993422082,34500.0,0,9809345.0
560,ceiling,Studio For Sale in Lahug,"Saint Anthony, Lahug, Cebu City, Cebu, Central Visayas, PHL",Cebu City,Condominium,10.33099833,123.90308661,4899000.0,204125.0,12.226487830272767,174125.0,24.0,1.0,1.0,1,0,1465.6,2271.1,5622.3,8162.0,11926.4,8348.6,20943.2,8715.4,3114,219,35.5174,53.8583,32.6935,1.4452,65.5491,6.0364,39.8616,154.3333,49.0093,30000.0,10.308985993422082,57000.0,0,13543672.0
561,ceiling,Condo For Sale in Kasambagan,"MLD Building, Governor Mariano Cuenco Avenue corner Paseo Saturnino Street, Kasambagan, Cebu City, Cebu, Central Visayas, PHL",Cebu City,Condominium,10.32962093,123.90970479,24738595.0,260406.26315789475,12.469998241092952,230406.26315789475,95.0,3.0,3.0,0,0,1436.5,1801.2,4890.9,8494.4,12248.4,7885.7,21399.2,7979.4,2770,474,24.8805,84.9463,47.9322,1.9081,91.8031,6.2303,47.0629,220.7777,60.8083,30000.0,10.308985993422082,34500.0,0,16940491.0
563,ceiling,Condo For Sale in Santa Cruz,"Ultima Residences Fuente Tower 3, Ultima, Tower 3, Osmeña Blvd, Cebu City, Cebu, Philippines",Cebu City,Condominium,10.3086544,123.8945775,18800000.0,313333.3333333333,12.655022865578077,267333.3333333333,60.0,2.0,2.0,0,0,1473.2,4651.0,6237.1,5655.3,9398.2,10688.8,18658.4,9236.2,2303,1176,59.3469,165.8776,165.0653,26.5579,55.0955,6.3098,180.5014,202.7681,95.987,46000.0,10.736418414365376,73000.0,0,7963683.0
566,ceiling,Condo For Sale in Subabasbas,"Suba-Basbas - Marigondon Beach Road, Lapu-lapu City, Lalawigan ng Cebu, Pilipinas",Lapu-Lapu City,Condominium,10.2623065,123.976384,8779328.0,146322.13333333333,11.893565862874627,143097.13333333333,60.0,2.0,1.0,0,0,10022.2,10697.1,6331.9,12899.7,15187.0,12773.6,24626.7,4999.0,9008,1291,3.6762,1.1708,0.893,0.1367,4.5323,0.5062,9.7431,0.0,3.0534,3225.0,8.078998258685154,8260.0,1,
568,ceiling,Condo For Sale in Cebu Business Park,"Cebu Business Park, Luzon Avenue, Cebu City, Lalawigan ng Cebu, Pilipinas",Cebu City,Condominium,10.3182439,123.903733,28381000.0,265242.9906542056,12.488401630695236,213992.9906542056,107.0,3.0,3.0,0,0,70.7,3196.1,5235.5,7118.2,10859.8,9226.8,20101.1,8324.3,2233,908,42.8943,131.3463,96.5569,6.5314,159.8215,7.1485,105.6517,303.475,99.9686,51250.0,10.844490409005417,206750.0,0,18186826.0
569,ceiling,Condo For Sale in Agus,"Agus Road, Marigondon, Lapu-Lapu City, Cebu, Central Visayas, PHL",Lapu-Lapu City,Condominium,10.28410958,123.97552209,8728216.0,174564.32,12.070048548698345,164564.32,50.0,2.0,1.0,0,0,8653.5,8744.4,4216.4,12833.6,15599.3,10354.6,25242.1,2594.3,6452,705,3.271,9.5659,11.8561,0.9657,20.3147,0.6611,5.5018,7.06,9.2722,10000.0,9.210440366976515,15000.0,1,4994047.0
570,ceiling,Condo For Sale in Agus,"Agus Road, Marigondon, Lapu-Lapu City, Cebu, Central Visayas, PHL",Lapu-Lapu City,Condominium,10.28410958,123.97552209,10616333.0,212326.66,12.265881216820874,202326.66,50.0,2.0,1.0,0,0,8653.5,8744.4,4216.4,12833.6,15599.3,10354.6,25242.1,2594.3,6452,705,3.271,9.5659,11.8561,0.9657,20.3147,0.6611,5.5018,7.06,9.2722,10000.0,9.210440366976515,15000.0,1,4966281.0
576,ceiling,Condo For Sale in Cebu,"Cogon Pardo, Cebu City, Cebu, Central Visayas, PHL",Cebu City,Condominium,10.269927,123.872523,7106400.0,215345.45454545456,12.279998782971148,197845.45454545456,33.0,1.0,1.0,0,0,6361.5,9557.9,9901.6,1507.4,4657.3,15496.5,14283.2,12363.2,806,3213,3.6018,3.7824,1.4169,0.4113,13.2763,0.0,10.2806,4.9865,5.8623,17500.0,9.770013301136158,21500.0,0,6335953.0
577,ceiling,Condo For Sale in Apas,"8WP6+F7Q, Gov. M. Cuenco Ave, Apas, Cebu City, 6000 Cebu, Philippines",Cebu City,Condominium,10.336205,123.910597,13129244.0,238713.52727272728,12.383019481323329,209913.52727272728,55.0,1.0,1.0,0,0,2153.8,1270.9,5116.2,9120.8,12882.5,7344.3,21943.7,8147.9,3495,1200,21.6867,61.7559,32.3145,1.8862,41.7563,2.9378,30.7242,120.0125,40.2696,28800.0,10.268165387743457,37300.0,0,5268889.0
578,ceiling,Condo For Sale in Punta Engaño,"Punta Engano, Lapu-Lapu City, Cebu, Central Visayas, PHL",Lapu-Lapu City,Condominium,10.32372,124.0372,27000000.0,402985.0746268657,12.906654804577638,395985.0746268657,67.0,1.0,1.0,0,0,14558.3,12876.5,9456.7,20342.4,23431.9,9947.0,33129.9,6628.0,12083,3475,12.0,4.0,0.0,0.0559,7.5309,0.0,1.9925,1.992,8.4159,7000.0,8.853808274977197,13500.0,1,34893332.0
579,ceiling,Condo For Sale in Camputhaw,"Molave, Camputhaw, Cebu City, Cebu, Central Visayas, PHL",Cebu City,Condominium,10.321253,123.899376,14500000.0,295918.36734693876,12.597838909280176,232918.36734693876,49.0,2.0,2.0,0,0,653.0,3257.5,5749.6,7055.6,10816.4,9348.7,19935.5,8848.9,2565,1034,44.73,77.126,59.3729,4.2329,81.2257,7.2403,87.0722,164.9492,64.6349,63000.0,11.050905878263569,74000.0,0,7388728.0
585,ceiling,Condo For Sale in Punta Engaño,"Aruga Resort and Residences – Mactan, Punta Engaño Road, Lapu-Lapu, Lalawigan ng Cebu, Pilipinas",Lapu-Lapu City,Condominium,10.323479,124.0367989,40589275.0,409992.6767676768,12.92389457697872,402992.6767676768,99.0,2.0,3.0,0,0,14513.3,12837.4,9410.0,20292.8,23381.2,9927.6,33079.1,6578.4,12083,3475,12.0,4.0,0.0,0.0559,7.5309,0.0,1.9925,1.992,8.4159,7000.0,8.853808274977197,13500.0,1,34646254.0
587,ceiling,Condo For Sale in Apas,"I. Villa, Kasambagan, Cebu City, Cebu, Central Visayas, PHL",Cebu City,Condominium,10.3319843,123.90827,23000000.0,221153.84615384616,12.30661387475205,192353.84615384616,104.0,2.0,2.0,0,0,1630.0,1739.8,5135.9,8595.3,12355.7,7835.4,21446.0,8213.1,3000,568,21.4321,93.9238,50.4077,1.8374,106.3289,8.3559,51.1615,252.8358,65.5889,28800.0,10.268165387743457,37300.0,0,17337593.0
589,ceiling,Condo For Sale in Maribago,"Buyong Road, Maribago, Lapu-Lapu City, Cebu, Central Visayas, PHL",Lapu-Lapu City,Condominium,10.28986648,124.00575829,19500000.0,191176.4705882353,12.160952210249704,186176.4705882353,102.0,2.0,2.0,0,0,11533.0,10917.1,6512.3,16193.3,18956.0,10672.6,28577.8,3505.3,10486,898,2.7037,1.5869,1.7218,0.1928,15.9049,0.8589,14.0955,1.0654,5.2869,5000.0,8.517393171418904,10500.0,1,10752413.0
591,ceiling,Condo For Sale in Cebu,"Cebu City, Lalawigan ng Cebu, Pilipinas",Cebu City,Condominium,10.3156992,123.8854366,8500000.0,149122.80701754385,11.912525453625994,125422.80701754383,57.0,1.0,2.0,0,0,2072.6,4824.6,7215.8,5674.1,9430.1,10917.0,18370.0,10278.3,3869,2040,28.0104,59.9404,69.4599,8.0644,5.6434,9.5349,80.9276,52.0245,34.4529,23700.0,10.073272520325904,29550.0,0,11044356.0
595,ceiling,Condo For Sale in Cebu,"1119 Middle Nivel Hills Rd, Cebu City, 6000 Cebu, Philippines",Cebu City,Condominium,10.342605,123.896352,15000000.0,170454.54545454544,12.046223944588277,140454.54545454544,88.0,2.0,2.0,0,0,2883.3,2686.6,6824.8,8869.8,12607.0,8284.0,21279.1,9860.6,5021,173,4.438,4.4306,3.3064,0.5521,4.493,0.4157,14.8396,2.5674,4.5098,30000.0,10.308985993422082,57000.0,0,11867712.0
596,ceiling,Condo For Sale in Punta Engaño,"Mövenpick Cebu, Lapu-Lapu City, Lalawigan ng Cebu, Pilipinas",Lapu-Lapu City,Condominium,10.3100786,124.0233764,30000000.0,150000.0,11.918390573078392,143000.0,200.0,3.0,3.0,0,0,13060.5,11743.9,7888.2,18491.0,21476.4,9851.7,31157.8,4866.5,10012,1404,1.5887,4.1122,1.6511,0.2146,31.096,0.3683,17.1376,16.0,9.0322,7000.0,8.853808274977197,13500.0,1,11581775.0
597,ceiling,Condo For Sale in Cebu,"Citylights Garden Tower 3, City Lights, Busay, Cebu City, Lalawigan ng Cebu, Pilipinas",Cebu City,Condominium,10.3464116,123.8978353,18500000.0,132142.85714285713,11.791638867439248,123642.85714285712,140.0,3.0,2.0,0,0,3250.6,2579.8,6896.0,9320.3,13054.9,7952.6,21693.1,9891.2,5932,446,1.8409,4.3232,4.0,0.3645,5.7406,0.0,10.9875,4.0,3.5888,8500.0,9.04793908261736,5500.0,0,12922104.0
598,ceiling,Condo For Sale in Lahug,"Saint Lawrence, Lahug, Cebu City, Cebu, Central Visayas, PHL",Cebu City,Condominium,10.32993482,123.9026736,2490000.0,103750.0,11.549739438092944,73750.0,24.0,1.0,1.0,0,0,1352.9,2372.0,5625.6,8040.1,11804.3,8456.5,20831.8,8723.4,3068,173,37.7405,59.4968,36.2724,1.4859,71.4432,6.7964,42.1415,173.9421,53.2568,30000.0,10.308985993422082,57000.0,0,11601363.0
599,ceiling,Condo For Sale in Maribago,"Buyong Road, Maribago, Lapu-Lapu City, Cebu, Central Visayas, PHL",Lapu-Lapu City,Condominium,10.28986648,124.00575829,6500000.0,175675.67567567568,12.07639482222164,170675.67567567568,37.0,1.0,1.0,1,0,11533.0,10917.1,6512.3,16193.3,18956.0,10672.6,28577.8,3505.3,10486,898,2.7037,1.5869,1.7218,0.1928,15.9049,0.8589,14.0955,1.0654,5.2869,5000.0,8.517393171418904,10500.0,1,11061937.0
604,ceiling,Condo For Sale in Maribago,"Buyong Road, Lungsod ng Lapu-Lapu, Lalawigan ng Cebu, Pilipinas",Lapu-Lapu City,Condominium,10.2907917,124.002551,23419200.0,229600.0,12.344093943427549,225475.0,102.0,2.0,1.0,0,0,11167.3,10565.0,6150.1,15858.5,18646.3,10432.3,28278.7,3157.4,10144,556,6.4008,2.577,3.2724,0.2982,20.8088,1.8383,17.6609,14.2171,8.3698,4125.0,8.325063693631197,9750.0,1,9863004.0
606,ceiling,Condo For Sale in Mandaue,"Subangdaku, Cebu City, Cebu, Central Visayas, PHL",Mandaue City,Condominium,10.31183708,123.92724037,12650000.0,275000.0,12.524526376648708,251425.0,46.0,1.0,1.0,0,0,2602.5,3372.0,2646.7,8699.5,12243.7,8228.1,21808.2,5684.9,437,1228,5.8397,20.8164,10.8142,3.3755,15.6625,0.9749,13.2441,4.7619,13.2691,23575.0,10.06798452441753,68750.0,0,15520516.0
608,ceiling,Condo For Sale in Cebu Business Park,"Cebu Business Park, Cebu City, Lalawigan ng Cebu, Pilipinas",Cebu City,Condominium,10.3173504,123.9059978,12000000.0,184615.38461538465,12.126029937856638,133365.38461538465,65.0,1.0,1.0,0,0,199.3,3141.7,4979.8,7221.3,10949.7,9123.5,20238.1,8064.8,1927,731,29.8278,121.2768,67.5109,5.2726,155.8438,11.0295,93.4868,253.8045,89.7709,51250.0,10.844490409005417,206750.0,0,18955759.0
610,ceiling,Condo For Sale in Punta Engaño,"Punta Engaño, Lapu-Lapu, Lalawigan ng Cebu, Pilipinas",Lapu-Lapu City,Condominium,10.3231321,124.0349024,31000000.0,462686.5671641791,13.044805143058454,455686.5671641791,67.0,1.0,1.0,0,0,14304.4,12638.7,9199.5,20082.9,23174.5,9784.8,32873.0,6368.4,11822,3214,10.5894,4.0,0.0,0.0635,11.5502,0.0,2.6502,4.0,8.6776,7000.0,8.853808274977197,13500.0,1,32719946.0
614,ceiling,Condo For Sale in Cebu,"Cogon Pardo, Cebu City, Cebu, Central Visayas, PHL",Cebu City,Condominium,10.269927,123.872523,5703884.0,196685.6551724138,12.189362074277113,179185.6551724138,29.0,2.0,1.0,0,0,6361.5,9557.9,9901.6,1507.4,4657.3,15496.5,14283.2,12363.2,806,3213,3.6018,3.7824,1.4169,0.4113,13.2763,0.0,10.2806,4.9865,5.8623,17500.0,9.770013301136158,21500.0,0,6536313.0
617,ceiling,Studio For Sale in Mactan,"Mactan, Lapu-Lapu City, Cebu, Central Visayas, PHL",Lapu-Lapu City,Condominium,10.29851722,124.0156887,12800000.0,246153.84615384616,12.413712010308418,241153.84615384616,52.0,1.0,1.0,0,0,12379.4,11419.8,7235.8,17409.5,20269.6,10365.7,29919.4,4129.1,10785,1585,1.3225,0.834,0.2812,0.471,8.0,0.2607,9.1931,0.0,2.6549,5000.0,8.517393171418904,10500.0,1,10662318.0
623,ceiling,Condo For Sale in Cebu,"Le Menda Residences Nivel Hills, GMA Access Road, Busay, Cebu City, Lalawigan ng Cebu, Pilipinas",Cebu City,Condominium,10.3460355,123.8965845,6500000.0,130000.0,11.77528972943772,121500.0,50.0,1.0,1.0,0,0,3242.5,2705.6,6990.9,9221.1,12951.3,8094.4,21567.1,9996.1,5932,446,1.8409,4.3232,4.0,0.3645,5.7406,0.0,10.9875,4.0,3.5888,8500.0,9.04793908261736,5500.0,0,13971699.0
624,ceiling,Condo For Sale in Apas,"38 Park Avenue Condominium, India St, Apas, Lungsod ng Cebu, Lalawigan ng Cebu, Pilipinas",Cebu City,Condominium,10.3320181,123.9082723,13393855.0,248034.35185185185,12.421322531086389,219234.35185185185,54.0,1.0,1.0,0,0,1633.7,1737.4,5137.2,8598.3,12358.8,7832.8,21448.6,8214.1,3000,568,21.4321,93.9238,50.4077,1.8374,106.3289,8.3559,51.1615,252.8358,65.5889,28800.0,10.268165387743457,37300.0,0,17448008.0
626,ceiling,Condo For Sale in Cebu,"Guadalupe, Cebu City, Lalawigan ng Cebu, Pilipinas",Cebu City,Condominium,10.3156173,123.8854377,2800000.0,140000.0,11.84939770159144,116300.0,20.0,2.0,1.0,1,0,2073.6,4829.9,7215.4,5666.3,9422.5,10922.6,18364.2,10277.3,3869,2040,28.0104,59.9404,69.4599,8.0644,5.6434,9.5349,80.9276,52.0245,34.4529,23700.0,10.073272520325904,29550.0,0,11263587.0
627,ceiling,Condo For Sale in Tejero,"Galleria Residences Cebu (Tower 2), General Maxilom Avenue Extension, Lungsod ng Cebu, Lalawigan ng Cebu, Pilipinas",Cebu City,Condominium,10.3032921,123.9109581,8937511.0,262867.9705882353,12.479407172136712,214867.9705882353,34.0,1.0,1.0,0,0,1779.0,4386.4,4568.0,6683.4,10259.3,9984.2,19794.5,7455.4,0,968,31.6388,70.2318,40.1587,2.9672,17.5963,5.5891,50.2735,26.994,42.2789,48000.0,10.778977123006351,69500.0,0,8239671.0
630,ceiling,Condo For Sale in Punta Engaño,"Punta Engano, Lapu-Lapu City, Cebu, Central Visayas, PHL",Lapu-Lapu City,Condominium,10.33005475,124.04013073,7500000.0,105633.8028169014,11.567733701465224,98633.8028169014,71.0,2.0,2.0,0,0,14925.8,13106.2,9880.5,20857.6,23999.9,9819.4,33703.0,7155.5,13611,5003,1.5023,0.3124,0.0,0.0,4.0,0.0,4.2229,0.0,1.6673,7000.0,8.853808274977197,13500.0,1,9120833.0
631,ceiling,Condo For Sale in Lapu-Lapu,"72V6+397, Maribago, Lapu-Lapu City, Cebu, Philippines",Lapu-Lapu City,Condominium,10.29176178,124.01060242,7800000.0,195000.0,12.180754837545884,190000.0,40.0,1.0,1.0,1,1,11991.3,11266.2,6923.0,16745.9,19523.1,10725.4,29147.3,3860.6,11516,1828,0.7948,0.0,0.0,0.2088,0.4813,0.0,1.5949,0.0,0.4621,5000.0,8.517393171418904,10500.0,1,10696385.0
632,ceiling,Condo For Sale in Agus,"Agus Road, Marigondon, Lapu-Lapu City, Cebu, Central Visayas, PHL",Lapu-Lapu City,Condominium,10.28410958,123.97552209,3673557.0,166979.86363636365,12.025628507101136,156979.86363636365,22.0,1.0,1.0,0,0,8653.5,8744.4,4216.4,12833.6,15599.3,10354.6,25242.1,2594.3,6452,705,3.271,9.5659,11.8561,0.9657,20.3147,0.6611,5.5018,7.06,9.2722,10000.0,9.210440366976515,15000.0,1,5068380.0
637,ceiling,Condo For Sale in Kasambagan,"The Academy for International Culinary Arts, Kasambagan, Cebu City, Cebu, Central Visayas, PHL",Cebu City,Condominium,10.32436564,123.9093657,31498000.0,302865.3846153846,12.621043710575291,272865.3846153846,104.0,2.0,3.0,0,0,913.6,2285.4,4746.2,8036.2,11777.7,8310.2,21005.3,7852.5,1980,0,38.086,89.5066,52.4083,2.2911,108.8482,7.3115,63.4939,187.8738,72.0685,30000.0,10.308985993422082,34500.0,0,9417508.0
641,ceiling,Condo For Sale in Tangke,"Tangke Barangay Hall, Talisay, Lalawigan ng Cebu, Pilipinas",Talisay City,Condominium,10.2508661,123.8611512,6430058.0,121321.84905660378,11.706202202838728,113821.84905660378,53.0,2.0,1.0,0,0,8817.3,12012.6,12089.7,2348.0,2550.9,17924.0,12234.7,14333.5,569,2770,21.5097,22.2387,20.0,0.2598,1.9708,0.5785,6.1815,29.4406,17.7247,7500.0,8.922791623969637,11750.0,0,3407807.0
643,ceiling,Condo For Sale in Kasambagan,"MLD Building, Governor Mariano Cuenco Avenue corner Paseo Saturnino Street, Kasambagan, Cebu City, Cebu, Central Visayas, PHL",Cebu City,Condominium,10.32962093,123.90970479,7985419.0,228154.82857142857,12.337779750152757,198154.82857142857,35.0,1.0,1.0,0,0,1436.5,1801.2,4890.9,8494.4,12248.4,7885.7,21399.2,7979.4,2770,474,24.8805,84.9463,47.9322,1.9081,91.8031,6.2303,47.0629,220.7777,60.8083,30000.0,10.308985993422082,34500.0,0,17122590.0
645,ceiling,Condo For Sale in Mactan,"The Reef Island Resort Mactan, Cebu, Dapdap, Lapu-Lapu, Lalawigan ng Cebu, Pilipinas",Lapu-Lapu City,Condominium,10.2987618,124.0157325,18000000.0,268656.7164179105,12.501189696469472,263656.7164179105,67.0,1.0,1.0,0,0,12379.4,11412.8,7234.2,17418.9,20282.2,10345.6,29933.1,4127.5,10605,1406,1.7971,2.1785,1.2027,0.6552,8.4653,0.316,9.6887,0.0,3.4342,5000.0,8.517393171418904,10500.0,1,10425955.0
646,ceiling,Condo For Sale in Maribago,"Buyong Road, Maribago, Lapu-Lapu City, Cebu, Central Visayas, PHL",Lapu-Lapu City,Condominium,10.28979303,124.00498185,10000000.0,166666.66666666666,12.02375108873622,162541.66666666666,60.0,1.0,1.0,0,0,11453.5,10849.3,6438.2,16108.0,18872.0,10643.7,28494.6,3439.2,10411,823,3.7765,1.7468,1.9446,0.2115,22.1142,0.9907,16.2035,1.25,7.2001,4125.0,8.325063693631197,9750.0,1,10978604.0
649,ceiling,Condo For Sale in Punta Engaño,"Punta Engano, Lapu-Lapu City, Cebu, Central Visayas, PHL",Lapu-Lapu City,Condominium,10.33005475,124.04013073,5900000.0,90769.23076923077,11.416075638980312,83769.23076923077,65.0,2.0,2.0,0,0,14925.8,13106.2,9880.5,20857.6,23999.9,9819.4,33703.0,7155.5,13611,5003,1.5023,0.3124,0.0,0.0,4.0,0.0,4.2229,0.0,1.6673,7000.0,8.853808274977197,13500.0,1,9166547.0
651,ceiling,Studio For Sale in Camputhaw,"The Trillium Residences, Molave Street, Cebu City, Lalawigan ng Cebu, Pilipinas",Cebu City,Condominium,10.320252,123.9015679,3000000.0,111111.11111111112,11.618285980628055,48111.11111111112,27.0,1.0,1.0,0,0,395.8,3170.8,5496.6,7124.2,10878.5,9244.3,20052.4,8593.5,2497,1108,39.9958,107.2384,72.5138,4.3868,129.5201,7.4517,96.8401,251.588,83.6288,63000.0,11.050905878263569,74000.0,0,13500507.0
653,ceiling,Condo For Sale in Cebu,"Balamban Liempo Cebu Guadalupe Branch II, V. Rama Avenue, Guadalupe, Cebu City, Cebu, Central Visayas, PHL",Cebu City,Condominium,10.32288701,123.8835775,3200000.0,160000.0,11.982929094215963,136300.0,20.0,2.0,1.0,1,0,2329.8,4576.7,7486.2,6283.7,10010.2,10608.3,18752.0,10582.8,4556,2482,27.0611,25.8178,35.9286,2.9109,5.8384,12.299,41.3062,19.5977,22.2996,23700.0,10.073272520325904,29550.0,0,4663463.0
656,ceiling,Condo For Sale in Cebu Business Park,"Cebu Business Park, Cebu City, Lalawigan ng Cebu, Pilipinas",Cebu City,Condominium,10.3173504,123.9059978,17000000.0,242857.14285714287,12.40022865997113,191607.14285714287,70.0,1.0,1.0,0,0,199.3,3141.7,4979.8,7221.3,10949.7,9123.5,20238.1,8064.8,1927,731,29.8278,121.2768,67.5109,5.2726,155.8438,11.0295,93.4868,253.8045,89.7709,51250.0,10.844490409005417,206750.0,0,18917298.0
661,ceiling,Condo For Sale in Cebu Business Park,"Archbishop Reyes Avenue, Cebu City, Lalawigan ng Cebu, Pilipinas",Cebu City,Condominium,10.3208657,123.9041927,15726000.0,241938.46153846153,12.396438681637962,211938.46153846153,65.0,2.0,2.0,0,0,333.4,2933.4,5222.2,7365.9,11114.2,8987.9,20319.9,8322.8,2445,696,42.7157,133.9989,83.498,4.696,175.1602,6.8353,103.3129,303.8215,104.2091,30000.0,10.308985993422082,57000.0,0,19650950.0
662,ceiling,Condo For Sale in Mabolo,"Pope John Paul II Avenue, Lungsod ng Cebu, Lalawigan ng Cebu, Pilipinas",Cebu City,Condominium,10.3196098,123.9113617,34532974.0,332047.82692307694,12.713034294520632,291447.82692307694,104.0,2.0,2.0,0,0,801.3,2648.9,4425.9,7819.5,11533.0,8539.4,20858.6,7526.2,1467,0,27.4066,87.6149,45.8662,2.5559,94.6511,6.0877,71.3677,120.0429,63.4904,40600.0,10.611547975828367,98860.0,0,11012782.0
665,ceiling,Condo For Sale in Mactan,"The Mactan Newtown, Lapu-Lapu, Lalawigan ng Cebu, Pilipinas",Lapu-Lapu City,Condominium,10.3082854,124.0174755,8500000.0,121428.57142857143,11.707081479411187,116428.57142857143,70.0,2.0,3.0,0,0,12432.0,11193.5,7257.2,17817.0,20801.6,9593.9,30484.0,4212.1,9539,931,1.9603,10.0453,4.1231,0.6205,43.641,0.7804,10.63,6.4593,14.0302,5000.0,8.517393171418904,10500.0,1,8742267.0
668,ceiling,Condo For Sale in Punta Engaño,"Punta Engano, Lapu-Lapu City, Cebu, Central Visayas, PHL",Lapu-Lapu City,Condominium,10.33005475,124.04013073,11000000.0,132530.1204819277,11.794565222966046,125530.1204819277,83.0,2.0,2.0,0,0,14925.8,13106.2,9880.5,20857.6,23999.9,9819.4,33703.0,7155.5,13611,5003,1.5023,0.3124,0.0,0.0,4.0,0.0,4.2229,0.0,1.6673,7000.0,8.853808274977197,13500.0,1,9020833.0
669,ceiling,Condo For Sale in Agus,"Agus Road, Marigondon, Lapu-Lapu City, Cebu, Central Visayas, PHL",Lapu-Lapu City,Condominium,10.28410958,123.97552209,10388374.0,230852.75555555552,12.349535364426838,220852.75555555552,45.0,2.0,1.0,0,0,8653.5,8744.4,4216.4,12833.6,15599.3,10354.6,25242.1,2594.3,6452,705,3.271,9.5659,11.8561,0.9657,20.3147,0.6611,5.5018,7.06,9.2722,10000.0,9.210440366976515,15000.0,1,4969633.0
670,ceiling,Condo For Sale in Canduman,"Canduman, Lalawigan ng Cebu, Pilipinas",Mandaue City,Condominium,10.3677899,123.9331874,4031857.0,118584.0294117647,11.683377097218395,108814.0294117647,34.0,1.0,1.0,0,0,6389.9,3217.0,6339.5,13410.5,17173.8,3484.7,26126.1,8397.0,5029,1837,14.2481,23.4688,13.7262,0.447,7.5508,0.0,12.2639,27.0034,16.1419,9770.0,9.187174093944344,15750.0,0,4386470.0
671,ceiling,Condo For Sale in Cebu IT Park,"Cebu IT Park, Cebu City, Cebu, Pilipinas",Cebu City,Condominium,10.3304499,123.9073923,8845000.0,210595.2380952381,12.257693267292655,180595.2380952381,42.0,1.0,1.0,0,0,1440.6,1921.4,5160.0,8402.3,12162.1,8018.0,21262.8,8248.5,2847,390,26.0583,93.3086,54.9984,1.847,121.5706,9.2677,51.7289,292.0739,70.8282,30000.0,10.308985993422082,57000.0,0,17020241.0
673,ceiling,Condo For Sale in Mactan,"The Reef Island Resort Mactan, Cebu, Dapdap, Lapu-Lapu, Lalawigan ng Cebu, Pilipinas",Lapu-Lapu City,Condominium,10.2987618,124.0157325,11800000.0,262222.22222222225,12.476947599665573,257222.22222222225,45.0,1.0,1.0,0,0,12379.4,11412.8,7234.2,17418.9,20282.2,10345.6,29933.1,4127.5,10605,1406,1.7971,2.1785,1.2027,0.6552,8.4653,0.316,9.6887,0.0,3.4342,5000.0,8.517393171418904,10500.0,1,10707773.0
681,ceiling,Condo For Sale in Luz,"Tres Borces, Mabolo, Cebu City, Cebu, Central Visayas, PHL",Cebu City,Condominium,10.319411,123.913047,8500000.0,180851.0638297872,12.105429119750486,140251.0638297872,47.0,1.0,1.0,0,0,977.1,2602.8,4240.3,7941.2,11644.9,8433.3,20993.9,7340.9,1457,261,21.0236,70.1406,36.5397,2.3824,56.588,5.0361,60.0924,64.6858,46.1586,40600.0,10.611547975828367,98860.0,0,11587939.0
682,ceiling,Condo For Sale in Mactan,"Mactan newtown Residences, Newtown Boulevard, The Mactan Newtown, Lapu-Lapu, Lalawigan ng Cebu, Pilipinas",Lapu-Lapu City,Condominium,10.3077641,124.0135564,31000000.0,173184.35754189943,12.062111956608666,168184.35754189943,179.0,6.0,3.0,0,0,12010.2,10809.7,6835.4,17386.3,20379.0,9384.8,30063.9,3782.1,9137,311,4.3627,31.7423,15.1039,0.5432,47.4604,4.0,12.3717,19.8916,23.4374,5000.0,8.517393171418904,10500.0,1,7183808.0
683,ceiling,Condo For Sale in Punta Engaño,"Sheraton Cebu Mactan Resort, Punta Engaño Road, Mactan Island, Lapu-Lapu, Lalawigan ng Cebu, Pilipinas",Lapu-Lapu City,Condominium,10.3232174,124.0351927,23900000.0,459615.3846153846,13.038145298320313,452615.3846153846,52.0,1.0,1.0,0,0,14336.5,12668.5,9232.1,20116.0,23207.5,9804.3,32905.9,6401.5,11822,3214,10.5894,4.0,0.0,0.0635,11.5502,0.0,2.6502,4.0,8.6776,7000.0,8.853808274977197,13500.0,1,32838280.0
688,ceiling,Condo For Sale in Agus,"Agus Road, Marigondon, Lapu-Lapu City, Cebu, Central Visayas, PHL",Lapu-Lapu City,Condominium,10.28410958,123.97552209,4853824.0,220628.36363636365,12.304234952497337,210628.36363636365,22.0,1.0,1.0,0,0,8653.5,8744.4,4216.4,12833.6,15599.3,10354.6,25242.1,2594.3,6452,705,3.271,9.5659,11.8561,0.9657,20.3147,0.6611,5.5018,7.06,9.2722,10000.0,9.210440366976515,15000.0,1,5051024.0
693,ceiling,Condo For Sale in Agus,"Agus Road, Marigondon, Lapu-Lapu City, Cebu, Central Visayas, PHL",Lapu-Lapu City,Condominium,10.28410958,123.97552209,4008891.0,160355.64,11.985149377561678,150355.64,25.0,1.0,1.0,0,0,8653.5,8744.4,4216.4,12833.6,15599.3,10354.6,25242.1,2594.3,6452,705,3.271,9.5659,11.8561,0.9657,20.3147,0.6611,5.5018,7.06,9.2722,10000.0,9.210440366976515,15000.0,1,5063449.0
696,ceiling,Condo For Sale in Lapu-Lapu,"Tambuli Seaside Resort and Spa, Buyong Road, Lapu-Lapu, Lalawigan ng Cebu, Pilipinas",Lapu-Lapu City,Condominium,10.2899858,124.0068711,11000000.0,183333.33333333337,12.119061268540545,178333.33333333337,60.0,1.0,1.0,0,0,11646.7,11013.9,6618.5,16315.8,19076.9,10713.6,28697.4,3600.5,10486,898,2.7037,1.5869,1.7218,0.1928,15.9049,0.8589,14.0955,1.0654,5.2869,5000.0,8.517393171418904,10500.0,1,10881427.0
697,ceiling,Condo For Sale in Punta Engaño,"Punta Engaño Road, Lapu-Lapu City, Cebu, Pilipinas",Lapu-Lapu City,Condominium,10.3185134,124.0296471,19864593.0,287892.652173913,12.57034295412769,280892.652173913,69.0,1.0,1.0,0,0,13717.8,12169.3,8581.1,19388.7,22449.7,9669.1,32144.4,5683.0,11116,2507,2.3754,2.0024,0.0,0.094,27.1289,0.0,10.9295,1.902,7.7752,7000.0,8.853808274977197,13500.0,1,10273509.0
698,ceiling,Condo For Sale in Punta Engaño,"Aruga Resort and Residences – Mactan, Punta Engaño Road, Lapu-Lapu, Lalawigan ng Cebu, Pilipinas",Lapu-Lapu City,Condominium,10.323479,124.0367989,68374997.0,395231.1965317919,12.887226180332954,388231.1965317919,173.0,3.0,3.0,0,0,14513.3,12837.4,9410.0,20292.8,23381.2,9927.6,33079.1,6578.4,12083,3475,12.0,4.0,0.0,0.0559,7.5309,0.0,1.9925,1.992,8.4159,7000.0,8.853808274977197,13500.0,1,34141060.0
700,ceiling,Condo For Sale in Punta Engaño,"Punta Engano, Lapu-Lapu City, Cebu, Central Visayas, PHL",Lapu-Lapu City,Condominium,10.33005475,124.04013073,8000000.0,129032.25806451614,11.767817714599019,122032.25806451614,62.0,2.0,2.0,0,0,14925.8,13106.2,9880.5,20857.6,23999.9,9819.4,33703.0,7155.5,13611,5003,1.5023,0.3124,0.0,0.0,4.0,0.0,4.2229,0.0,1.6673,7000.0,8.853808274977197,13500.0,1,9106547.0
701,ceiling,Condo For Sale in Kasambagan,"MLD Building, Governor Mariano Cuenco Avenue corner Paseo Saturnino Street, Kasambagan, Cebu City, Cebu, Central Visayas, PHL",Cebu City,Condominium,10.32962093,123.90970479,81000000.0,433155.08021390374,12.978851095782126,403155.08021390374,187.0,3.0,4.0,0,0,1436.5,1801.2,4890.9,8494.4,12248.4,7885.7,21399.2,7979.4,2770,474,24.8805,84.9463,47.9322,1.9081,91.8031,6.2303,47.0629,220.7777,60.8083,30000.0,10.308985993422082,34500.0,0,16328954.0
703,ceiling,Condo For Sale in Cebu Business Park,"Cebu Business Park, Cebu City, Lalawigan ng Cebu, Pilipinas",Cebu City,Condominium,10.3173504,123.9059978,41410017.0,331280.136,12.710719628748222,280030.136,125.0,3.0,3.0,0,0,199.3,3141.7,4979.8,7221.3,10949.7,9123.5,20238.1,8064.8,1927,731,29.8278,121.2768,67.5109,5.2726,155.8438,11.0295,93.4868,253.8045,89.7709,51250.0,10.844490409005417,206750.0,0,18729528.0
707,ceiling,Penthouse For Sale in Punta Engaño,"Punta Engano, Lapu-Lapu City, Cebu, Central Visayas, PHL",Lapu-Lapu City,Condominium,10.32372,124.0372,244758000.0,838212.3287671233,13.639026722987131,831212.3287671233,292.0,4.0,5.0,0,0,14558.3,12876.5,9456.7,20342.4,23431.9,9947.0,33129.9,6628.0,12083,3475,12.0,4.0,0.0,0.0559,7.5309,0.0,1.9925,1.992,8.4159,7000.0,8.853808274977197,13500.0,1,30934096.0
709,ceiling,Condo For Sale in Lahug,"Lahug, Cebu City, Cebu, Pilipinas",Cebu City,Condominium,10.3338299,123.8941434,12289779.0,223450.52727272728,12.3169453140488,193450.52727272728,55.0,1.0,1.0,0,0,2091.3,3047.6,6649.4,7896.4,11644.4,8975.4,20427.4,9743.1,4038,568,14.4663,21.7852,14.935,1.048,9.7169,4.5425,20.4276,28.1567,16.1395,30000.0,10.308985993422082,57000.0,0,11120438.0
711,ceiling,Condo For Sale in Punta Engaño,"Punta Engano, Lapu-Lapu City, Cebu, Central Visayas, PHL",Lapu-Lapu City,Condominium,10.33005475,124.04013073,4500000.0,107142.85714285714,11.58191833645718,100142.85714285714,42.0,1.0,1.0,1,0,14925.8,13106.2,9880.5,20857.6,23999.9,9819.4,33703.0,7155.5,13611,5003,1.5023,0.3124,0.0,0.0,4.0,0.0,4.2229,0.0,1.6673,7000.0,8.853808274977197,13500.0,1,9206547.0
712,ceiling,Condo For Sale in Basak,"Basak, Lapu-Lapu City, Lalawigan ng Cebu, Pilipinas",Lapu-Lapu City,Condominium,10.2910239,123.961041,1857844.0,77410.16666666667,11.256873403234378,67410.16666666667,24.0,1.0,1.0,1,0,6892.5,7128.3,2730.0,11377.9,14346.3,9510.6,24040.4,2662.2,5156,736,9.8447,9.7425,17.7291,0.8598,21.001,0.5195,5.7889,1.5345,12.424,10000.0,9.210440366976515,15000.0,1,1550000.0
716,ceiling,Condo For Sale in Camputhaw,"Molave, Camputhaw, Cebu City, Cebu, Central Visayas, PHL",Cebu City,Condominium,10.321253,123.899376,4200000.0,131250.0,11.78485918045387,68250.0,32.0,1.0,1.0,0,0,653.0,3257.5,5749.6,7055.6,10816.4,9348.7,19935.5,8848.9,2565,1034,44.73,77.126,59.3729,4.2329,81.2257,7.2403,87.0722,164.9492,64.6349,63000.0,11.050905878263569,74000.0,0,7756585.0
718,ceiling,Studio For Sale in Cebu Business Park,"pescadores Road, Carreta, Cebu City, Cebu, Central Visayas, PHL",Cebu City,Condominium,10.31263666,123.90481777,5500000.0,211538.46153846153,12.262162112181217,16288.461538461532,26.0,1.0,1.0,1,0,585.0,3660.4,5093.2,6768.0,10477.8,9594.7,19822.7,8137.0,1459,587,39.1701,98.259,67.6434,8.6665,112.4066,11.4959,83.3818,181.8572,76.3626,195250.0,12.18204118932774,78125.0,0,13388350.0
721,ceiling,Condo For Sale in Mandaue,"W.O. Seno, Subangdaku, Cebu City, Cebu, Central Visayas, PHL",Mandaue City,Condominium,10.3207231,123.9294311,5500000.0,189655.1724137931,12.152962820216226,166080.1724137931,29.0,1.0,1.0,1,0,2772.5,2493.3,2524.8,9438.3,13053.7,7253.0,22546.2,5626.6,138,672,18.4962,36.9284,22.9911,10.0339,25.4797,2.023,20.0246,42.3567,26.6646,23575.0,10.06798452441753,68750.0,0,12949598.0
724,ceiling,Condo For Sale in Punta Engaño,"Punta Engano, Lapu-Lapu City, Cebu, Central Visayas, PHL",Lapu-Lapu City,Condominium,10.32372,124.0372,34848514.0,352005.1919191919,12.771401204241888,345005.1919191919,99.0,2.0,3.0,0,0,14558.3,12876.5,9456.7,20342.4,23431.9,9947.0,33129.9,6628.0,12083,3475,12.0,4.0,0.0,0.0559,7.5309,0.0,1.9925,1.992,8.4159,7000.0,8.853808274977197,13500.0,1,34750632.0
725,ceiling,Condo For Sale in Basak,"Babag, Lapu-Lapu City, Cebu, Central Visayas, PHL",Lapu-Lapu City,Condominium,10.28052052,123.96330904,5904778.0,98412.96666666666,11.496927849426523,88412.96666666666,60.0,2.0,1.0,0,0,7680.4,8217.8,3909.2,11465.4,14204.8,10673.9,23849.6,3426.0,6601,967,11.7776,8.425,9.7908,0.6443,37.6621,0.0,13.7364,0.0,16.5322,10000.0,9.210440366976515,15000.0,1,6012569.0
726,ceiling,Condo For Sale in Maribago,"Buyong Road, Maribago, Lapu-Lapu City, Cebu, Central Visayas, PHL",Lapu-Lapu City,Condominium,10.28986648,124.00575829,8500000.0,180851.0638297872,12.105429119750486,175851.0638297872,47.0,1.0,1.0,0,0,11533.0,10917.1,6512.3,16193.3,18956.0,10672.6,28577.8,3505.3,10486,898,2.7037,1.5869,1.7218,0.1928,15.9049,0.8589,14.0955,1.0654,5.2869,5000.0,8.517393171418904,10500.0,1,11014318.0
727,ceiling,Condo For Sale in Cebu Business Park,"8W85+49 Cebu City, Cebu, Philippines",Cebu City,Condominium,10.315373,123.908492,7300000.0,173809.52380952382,12.065715287835252,-21440.476190476184,42.0,2.0,1.0,1,0,540.3,3207.1,4693.9,7270.4,10975.6,9099.7,20326.7,7765.9,1832,575,23.0298,90.1626,50.332,3.8245,116.0542,8.1734,72.4357,176.7679,67.1644,195250.0,12.18204118932774,78125.0,0,18013186.0
731,ceiling,Condo For Sale in Cebu Business Park,"Cardinal Rosales Avenue, Hippodromo, Cebu City, Cebu, Central Visayas, PHL",Cebu City,Condominium,10.31557373,123.9053366,7200000.0,67289.71962616823,11.116762749524378,16039.719626168226,107.0,1.0,1.0,0,0,281.3,3348.4,5039.7,7031.9,10755.0,9316.4,20061.8,8111.4,1824,834,31.7264,115.2915,67.3005,5.9606,149.4775,11.2489,91.2019,236.3932,87.1413,51250.0,10.844490409005417,206750.0,0,19184610.0
732,ceiling,Condo For Sale in Camputhaw,"Myvan Atelier Residences Condominium, Juana Osmeña Extension Road, Cebu City, Lalawigan ng Cebu, Pilipinas",Cebu City,Condominium,10.3193622,123.8928075,1800000.0,100000.0,11.512925464970229,37000.0,18.0,1.0,1.0,0,0,1263.2,3937.1,6437.2,6455.0,10219.3,10033.3,19248.1,9524.9,3251,2219,19.6785,65.9705,62.411,5.7514,17.8596,2.3752,101.8315,63.1302,35.5209,63000.0,11.050905878263569,74000.0,0,5250000.0
733,ceiling,Condo For Sale in Camputhaw,"WTC Building, Juana Osmena Street, Camputhaw, Cebu City, Cebu, Central Visayas, PHL",Cebu City,Condominium,10.31855454,123.8931587,4500000.0,60000.0,11.002099841204238,-3000.0,75.0,2.0,1.0,0,0,1216.2,3964.4,6390.7,6404.1,10168.6,10060.9,19219.9,9474.5,3104,2072,26.3021,87.9687,81.2864,7.3839,26.645,2.85,127.2041,103.8119,48.0214,63000.0,11.050905878263569,74000.0,0,3900000.0
736,ceiling,Condo For Sale in Agus,"Agus Road, Marigondon, Lapu-Lapu City, Cebu, Central Visayas, PHL",Lapu-Lapu City,Condominium,10.28410958,123.97552209,4369328.0,174773.12,12.071243954635163,164773.12,25.0,1.0,1.0,0,0,8653.5,8744.4,4216.4,12833.6,15599.3,10354.6,25242.1,2594.3,6452,705,3.271,9.5659,11.8561,0.9657,20.3147,0.6611,5.5018,7.06,9.2722,10000.0,9.210440366976515,15000.0,1,5058148.0
738,ceiling,Condo For Sale in Lahug,"Sanson Rd, Cebu City, Lalawigan ng Cebu, Pilipinas",Cebu City,Condominium,10.3314565,123.8967152,17569100.0,308229.8245614035,12.63860096734003,278229.8245614035,57.0,1.0,1.0,0,0,1721.4,2870.8,6297.4,7812.6,11571.5,8884.1,20454.9,9396.3,3742,234,30.0075,47.2923,29.2215,1.4435,27.9784,7.1389,39.4073,73.3363,35.9404,30000.0,10.308985993422082,57000.0,0,10902907.0
739,ceiling,Condo For Sale in Cebu Business Park,"Cardinal Rosales Avenue, Hippodromo, Cebu City, Cebu, Central Visayas, PHL",Cebu City,Condominium,10.3173365,123.9063138,19844000.0,160032.25806451612,11.98313068679804,108782.25806451612,124.0,3.0,3.0,0,0,233.0,3125.3,4945.3,7244.9,10971.8,9100.7,20264.8,8030.3,1917,721,29.5887,119.8873,66.3803,5.2417,153.143,11.1149,92.0268,246.727,88.585,51250.0,10.844490409005417,206750.0,0,18895421.0
743,ceiling,Condo For Sale in Luz,"Tres Borces, Mabolo, Cebu City, Cebu, Central Visayas, PHL",Cebu City,Condominium,10.319411,123.913047,8490000.0,148947.36842105264,11.91134829045298,108347.36842105264,57.0,2.0,1.0,0,0,977.1,2602.8,4240.3,7941.2,11644.9,8433.3,20993.9,7340.9,1457,261,21.0236,70.1406,36.5397,2.3824,56.588,5.0361,60.0924,64.6858,46.1586,40600.0,10.611547975828367,98860.0,0,11588296.0
745,ceiling,Condo For Sale in Punta Engaño,"Punta Engano, Lapu-Lapu City, Cebu, Central Visayas, PHL",Lapu-Lapu City,Condominium,10.33005475,124.04013073,8000000.0,123076.92307692308,11.720564829748472,116076.92307692308,65.0,2.0,2.0,0,0,14925.8,13106.2,9880.5,20857.6,23999.9,9819.4,33703.0,7155.5,13611,5003,1.5023,0.3124,0.0,0.0,4.0,0.0,4.2229,0.0,1.6673,7000.0,8.853808274977197,13500.0,1,9106547.0
751,ceiling,Condo For Sale in Cebu Business Park,"Cardinal Rosales Avenue, Hippodromo, Cebu City, Cebu, Central Visayas, PHL",Cebu City,Condominium,10.31557373,123.9053366,20460737.0,269220.2236842105,12.50328499905804,217970.2236842105,76.0,2.0,3.0,0,0,281.3,3348.4,5039.7,7031.9,10755.0,9316.4,20061.8,8111.4,1824,834,31.7264,115.2915,67.3005,5.9606,149.4775,11.2489,91.2019,236.3932,87.1413,51250.0,10.844490409005417,206750.0,0,19074104.0
755,ceiling,Studio For Sale in Apas,"Kasambagan, Cebu City, Cebu, Central Visayas, PHL",Cebu City,Condominium,10.33280355,123.90906928,4500000.0,195652.1739130435,12.184093738811399,166852.1739130435,23.0,1.0,1.0,1,0,1742.3,1615.1,5093.2,8721.1,12481.3,7710.1,21571.5,8162.1,3139,707,18.5075,85.5895,44.4245,1.7496,92.4888,7.0152,43.9722,224.942,58.3337,28800.0,10.268165387743457,37300.0,0,18774584.0
756,ceiling,Condo For Sale in Tipolo,"Hernan Cortes Street, Mandaue, Lalawigan ng Cebu, Pilipinas",Mandaue City,Condominium,10.3347906,123.9234692,4757280.0,190291.2,12.156310809440445,169141.2,25.0,1.0,1.0,1,0,2821.2,798.9,3851.6,9943.8,13670.6,6401.0,22934.8,6805.1,2082,1235,16.8614,39.0477,19.6323,1.9939,48.3233,3.4968,32.1133,46.033,31.7362,21150.0,9.959442464680574,41250.0,0,3095440.0
761,ceiling,Condo For Sale in Mactan,"Costa Vida Residential Residences, The Mactan Newtown, Lungsod ng Lapu-Lapu, Lalawigan ng Cebu, Pilipinas",Lapu-Lapu City,Condominium,10.3037982,124.017372,16132000.0,350695.652173913,12.7676740384863,345695.652173913,46.0,1.0,1.0,0,0,12473.5,11357.5,7304.1,17699.3,20625.9,9986.5,30294.4,4215.9,9891,964,1.7578,6.8678,3.2701,4.0,14.3158,0.8825,6.1902,1.0169,6.3333,5000.0,8.517393171418904,10500.0,1,6283608.0
762,ceiling,Condo For Sale in Cebu Business Park,"Monterrazas De Cebu, Lungsod ng Cebu, Lalawigan ng Cebu, Pilipinas",Cebu City,Condominium,10.319731,123.9064672,59564400.0,195293.11475409835,12.18225686152799,144043.11475409835,305.0,3.0,3.0,0,0,318.6,2890.2,4957.7,7444.9,11181.2,8898.2,20439.1,8055.5,1993,429,25.5972,85.0545,43.1532,2.6979,108.1092,4.7935,65.6035,133.9113,64.786,51250.0,10.844490409005417,206750.0,0,18620623.0
766,ceiling,Condo For Sale in Cebu Business Park,"Cebu Business Park Ayala, Cardinal Rosales Avenue, Cebu City, Lalawigan ng Cebu, Pilipinas",Cebu City,Condominium,10.3193765,123.9085363,23000000.0,227722.77227722772,12.335884257052165,176472.77227722772,101.0,2.0,3.0,0,0,497.6,2807.7,4728.1,7577.4,11303.3,8768.7,20595.4,7825.7,1900,336,26.0008,86.9533,44.4872,2.8379,108.6733,5.11,69.3803,149.8032,65.7467,51250.0,10.844490409005417,206750.0,0,21294107.0
779,ceiling,Condo For Sale in Punta Engaño,"Punta Engano, Lapu-Lapu City, Cebu, Central Visayas, PHL",Lapu-Lapu City,Condominium,10.33004573,124.04013199,16600000.0,224324.32432432432,12.320848160122601,217324.32432432432,74.0,2.0,2.0,0,0,14925.9,13106.4,9880.5,20857.4,23999.6,9820.0,33702.8,7155.3,13611,5003,1.5023,0.3124,0.0,0.0,4.0,0.0,4.2229,0.0,1.6673,7000.0,8.853808274977197,13500.0,1,8860833.0
781,ceiling,Condo For Sale in Cebu,"V Rama Ave & Gervacio Quijada Street, Lungsod ng Cebu, Cebu, Pilipinas",Cebu City,Condominium,10.3231788,123.8837966,2959746.0,147987.3,11.904881738253483,124287.3,20.0,2.0,1.0,1,0,2314.6,4540.7,7467.0,6323.3,10050.3,10570.3,18791.6,10564.6,4587,2513,27.2044,24.4005,33.7539,2.8005,5.862,12.2891,41.0021,19.4498,21.8799,23700.0,10.073272520325904,29550.0,0,4675475.0
785,ceiling,Condo For Sale in Guizo,"Mandaue, Lalawigan ng Cebu, Pilipinas",Mandaue City,Condominium,10.3321417,123.9357136,4946032.0,141315.2,11.8587481354278,128565.2,35.0,1.0,1.0,0,0,3789.9,1927.7,2675.2,10750.3,14410.7,5811.4,23833.1,5487.4,883,0,38.8352,73.0898,65.57,3.7085,30.9607,3.7906,52.2513,88.3502,49.4486,12750.0,9.453364978883542,26500.0,0,5605822.0
789,ceiling,Condo For Sale in Cebu,"1119 Middle Nivel Hills Rd, Cebu City, 6000 Cebu, Philippines",Cebu City,Condominium,10.342605,123.896352,11600000.0,105454.54545454546,11.566035290284177,75454.54545454546,110.0,2.0,1.0,0,0,2883.3,2686.6,6824.8,8869.8,12607.0,8284.0,21279.1,9860.6,5021,173,4.438,4.4306,3.3064,0.5521,4.493,0.4157,14.8396,2.5674,4.5098,30000.0,10.308985993422082,57000.0,0,11977389.0
790,ceiling,Condo For Sale in Maribago,"Buyong Road, Maribago, Lapu-Lapu City, Cebu, Central Visayas, PHL",Lapu-Lapu City,Condominium,10.28986648,124.00575829,12000000.0,250000.0,12.429216196844383,245000.0,48.0,1.0,1.0,0,0,11533.0,10917.1,6512.3,16193.3,18956.0,10672.6,28577.8,3505.3,10486,898,2.7037,1.5869,1.7218,0.1928,15.9049,0.8589,14.0955,1.0654,5.2869,5000.0,8.517393171418904,10500.0,1,10930985.0
791,ceiling,Condo For Sale in Punta Engaño,"Mövenpick Cebu, Mactan Island, Punta Engaño Road, Lapu-Lapu, Lalawigan ng Cebu, Pilipinas",Lapu-Lapu City,Condominium,10.3105249,124.0234039,9750000.0,81250.0,11.305286100191983,74250.0,120.0,2.0,2.0,0,0,13060.3,11732.1,7888.9,18505.4,21496.2,9816.6,31178.7,4873.0,10012,1404,1.5887,4.1122,1.6511,0.2146,31.096,0.3683,17.1376,16.0,9.0322,7000.0,8.853808274977197,13500.0,1,12847400.0
792,ceiling,Condo For Sale in Cebu Business Park,"Cardinal Rosales Avenue, Hippodromo, Cebu City, Cebu, Central Visayas, PHL",Cebu City,Condominium,10.31575942,123.905961,27054042.0,303978.0,12.624710609348586,108728.0,89.0,2.0,2.0,0,0,299.7,3296.3,4972.4,7095.6,10816.5,9254.6,20129.0,8045.9,1870,769,30.5567,119.5383,66.7914,5.5326,153.886,11.5588,92.6708,246.6633,89.0622,195250.0,12.18204118932774,78125.0,0,19052060.0
793,ceiling,Condo For Sale in Maribago,"The Istiraha in Tambuli Seaside Living, Tambuli Seaside Living, Buyong Road, Lungsod ng Lapu-Lapu, Lalawigan ng Cebu, Pilipinas",Lapu-Lapu City,Condominium,10.2899738,124.0051262,21343000.0,231989.13043478265,12.354445797976664,227864.13043478265,92.0,2.0,2.0,0,0,11463.2,10852.1,6444.3,16126.2,18892.6,10632.2,28516.0,3441.1,10471,883,2.7795,1.6159,1.7614,0.2008,19.1922,0.8821,14.4674,1.0976,6.0606,4125.0,8.325063693631197,9750.0,1,10708532.0
794,ceiling,Condo For Sale in Lahug,"32 Sanson by Rockwell, Sanson Road, Lungsod ng Cebu, Lalawigan ng Cebu, Pilipinas",Cebu City,Condominium,10.3329596,123.8948853,50000000.0,267379.67914438504,12.496424946537834,237379.67914438504,187.0,3.0,4.0,0,0,1966.3,2999.1,6540.7,7852.5,11604.6,8958.6,20420.5,9636.6,3915,407,19.3107,37.1484,23.367,1.2569,16.4943,6.3223,33.8751,49.8554,25.1098,30000.0,10.308985993422082,57000.0,0,10243745.0
797,ceiling,Condo For Sale in Cebu Business Park,"Cebu Business Park, Cebu City, Lalawigan ng Cebu, Pilipinas",Cebu City,Condominium,10.3173504,123.9059978,47000000.0,326388.8888888889,12.695844860098331,275138.8888888889,144.0,2.0,4.0,0,0,199.3,3141.7,4979.8,7221.3,10949.7,9123.5,20238.1,8064.8,1927,731,29.8278,121.2768,67.5109,5.2726,155.8438,11.0295,93.4868,253.8045,89.7709,51250.0,10.844490409005417,206750.0,0,18686529.0
798,ceiling,Condo For Sale in Punta Engaño,"Aruga Resort and Residences – Mactan, Punta Engaño Road, Lapu-Lapu, Lalawigan ng Cebu, Pilipinas",Lapu-Lapu City,Condominium,10.323479,124.0367989,39242820.0,396392.1212121212,12.890159205388075,389392.1212121212,99.0,2.0,3.0,0,0,14513.3,12837.4,9410.0,20292.8,23381.2,9927.6,33079.1,6578.4,12083,3475,12.0,4.0,0.0,0.0559,7.5309,0.0,1.9925,1.992,8.4159,7000.0,8.853808274977197,13500.0,1,34670735.0
799,ceiling,Condo For Sale in Lahug,"Lahug, Cebu City, Lalawigan ng Cebu, Pilipinas",Cebu City,Condominium,10.3338299,123.8941434,14000000.0,130841.1214953271,11.781739053117626,100841.1214953271,107.0,2.0,2.0,0,0,2091.3,3047.6,6649.4,7896.4,11644.4,8975.4,20427.4,9743.1,4038,568,14.4663,21.7852,14.935,1.048,9.7169,4.5425,20.4276,28.1567,16.1395,30000.0,10.308985993422082,57000.0,0,11063430.0
802,ceiling,Condo For Sale in Cebu,"1119 Middle Nivel Hills Rd, Cebu City, 6000 Cebu, Philippines",Cebu City,Condominium,10.342605,123.896352,27915000.0,216395.3488372093,12.284862332364925,186395.3488372093,129.0,4.0,2.0,0,0,2883.3,2686.6,6824.8,8869.8,12607.0,8284.0,21279.1,9860.6,5021,173,4.438,4.4306,3.3064,0.5521,4.493,0.4157,14.8396,2.5674,4.5098,30000.0,10.308985993422082,57000.0,0,11451099.0
806,ceiling,Condo For Sale in Agus,"Agus Road, Marigondon, Lapu-Lapu City, Cebu, Central Visayas, PHL",Lapu-Lapu City,Condominium,10.28410958,123.97552209,3480285.0,158194.77272727274,11.971582291590726,148194.77272727274,22.0,1.0,1.0,0,0,8653.5,8744.4,4216.4,12833.6,15599.3,10354.6,25242.1,2594.3,6452,705,3.271,9.5659,11.8561,0.9657,20.3147,0.6611,5.5018,7.06,9.2722,10000.0,9.210440366976515,15000.0,1,5071223.0
807,ceiling,Condo For Sale in Mactan,"2 Casanta Soong, Lapu-Lapu City, 6015 Cebu, Philippines",Lapu-Lapu City,Condominium,10.30416,124.007026,13490000.0,214126.9841269841,12.274324501792407,209126.9841269841,63.0,1.0,1.0,0,0,11346.0,10297.9,6180.4,16600.6,19570.5,9332.5,29252.2,3085.6,9486,0,5.642,20.3955,9.7031,0.3855,13.4799,2.3018,9.9078,26.7356,12.5509,5000.0,8.517393171418904,10500.0,1,19971855.0
809,ceiling,Condo For Sale in Cebu Business Park,"Cardinal Rosales Avenue, Hippodromo, Cebu City, Cebu, Central Visayas, PHL",Cebu City,Condominium,10.3173365,123.9063138,17500000.0,196629.21348314607,12.189075069161603,145379.21348314607,89.0,2.0,2.0,0,0,233.0,3125.3,4945.3,7244.9,10971.8,9100.7,20264.8,8030.3,1917,721,29.5887,119.8873,66.3803,5.2417,153.143,11.1149,92.0268,246.727,88.585,51250.0,10.844490409005417,206750.0,0,18913452.0
811,ceiling,Condo For Sale in Kasambagan,"Pres. Magsaysay Extension, Mabolo, Cebu City, Cebu, Central Visayas, PHL",Cebu City,Condominium,10.327819,123.915987,3268624.0,148573.81818181818,11.90883720584898,118573.81818181818,22.0,2.0,1.0,1,0,1694.6,1614.1,4178.2,8816.8,12546.1,7527.0,21812.9,7264.0,2142,1270,10.2124,26.0029,19.5348,1.8981,16.6354,0.2682,33.4223,65.8188,17.229,30000.0,10.308985993422082,34500.0,0,4846983.0
814,ceiling,Condo For Sale in Cebu Business Park,"Monterrazas De Cebu, Lungsod ng Cebu, Lalawigan ng Cebu, Pilipinas",Cebu City,Condominium,10.319731,123.9064672,63484400.0,178829.29577464788,12.094186974914521,127579.29577464788,355.0,3.0,3.0,0,0,318.6,2890.2,4957.7,7444.9,11181.2,8898.2,20439.1,8055.5,1993,429,25.5972,85.0545,43.1532,2.6979,108.1092,4.7935,65.6035,133.9113,64.786,51250.0,10.844490409005417,206750.0,0,18585933.0
815,ceiling,Condo For Sale in Cebu Business Park,"Cebu Business Park, Cebu City, Lalawigan ng Cebu, Pilipinas",Cebu City,Condominium,10.3173504,123.9059978,13000000.0,236363.63636363635,12.37312673019334,185113.63636363635,55.0,1.0,1.0,0,0,199.3,3141.7,4979.8,7221.3,10949.7,9123.5,20238.1,8064.8,1927,731,29.8278,121.2768,67.5109,5.2726,155.8438,11.0295,93.4868,253.8045,89.7709,51250.0,10.844490409005417,206750.0,0,18948067.0
821,ceiling,Condo For Sale in Lawaan III,"Lawaan 3 Street, Talisay City, Lalawigan ng Cebu, Pilipinas",Talisay City,Condominium,10.2646194,123.8320021,6703200.0,124133.33333333331,11.729111535716939,115133.33333333331,54.0,2.0,2.0,0,0,9876.4,12948.4,14151.4,3049.9,2369.0,19043.3,10245.5,16763.8,1447,615,13.7432,7.1606,12.7844,0.3632,4.4668,0.5786,6.4793,6.7935,9.6053,9000.0,9.105090961257083,15000.0,0,6204800.0
829,ceiling,Condo For Sale in Kasambagan,"MLD Building, Governor Mariano Cuenco Avenue corner Paseo Saturnino Street, Kasambagan, Cebu City, Cebu, Central Visayas, PHL",Cebu City,Condominium,10.32962093,123.90970479,90329120.0,410586.9090909091,12.925342900669309,380586.9090909091,220.0,3.0,4.0,0,0,1436.5,1801.2,4890.9,8494.4,12248.4,7885.7,21399.2,7979.4,2770,474,24.8805,84.9463,47.9322,1.9081,91.8031,6.2303,47.0629,220.7777,60.8083,30000.0,10.308985993422082,34500.0,0,16227550.0
830,ceiling,Condo For Sale in Basak,"Brentwood Condominium Mactan, Basak-Marigondon Rd, Lapu-Lapu, Lalawigan ng Cebu, Pilipinas",Lapu-Lapu City,Condominium,10.2830112,123.9680076,5700000.0,96610.16949152542,11.47843928889906,86610.16949152542,59.0,2.0,1.0,0,0,7979.4,8299.8,3863.4,12003.1,14776.6,10407.1,24427.2,2944.8,6150,228,4.823,20.5136,22.3771,1.2656,26.0893,0.8816,5.6953,17.9777,15.0249,10000.0,9.210440366976515,15000.0,1,7219958.0
833,ceiling,Condo For Sale in Cebu Business Park,"8W85+49 Cebu City, Cebu, Philippines",Cebu City,Condominium,10.315373,123.908492,12000000.0,179104.4776119403,12.095724588361309,-16145.522388059704,67.0,1.0,2.0,0,0,540.3,3207.1,4693.9,7270.4,10975.6,9099.7,20326.7,7765.9,1832,575,23.0298,90.1626,50.332,3.8245,116.0542,8.1734,72.4357,176.7679,67.1644,195250.0,12.18204118932774,78125.0,0,17970458.0
834,ceiling,Condo For Sale in Cebu,"Guadalupe, Lungsod ng Cebu, Cebu, Pilipinas",Cebu City,Condominium,10.3156173,123.8854377,35000000.0,195530.72625698324,12.183472813612934,171830.72625698324,179.0,2.0,3.0,0,0,2073.6,4829.9,7215.4,5666.3,9422.5,10922.6,18364.2,10277.3,3869,2040,28.0104,59.9404,69.4599,8.0644,5.6434,9.5349,80.9276,52.0245,34.4529,23700.0,10.073272520325904,29550.0,0,10025125.0
837,ceiling,Condo For Sale in Mandaue,"W.O. Seno, Subangdaku, Cebu City, Cebu, Central Visayas, PHL",Mandaue City,Condominium,10.3207231,123.9294311,7985000.0,266166.6666666667,12.491877957969095,242591.6666666667,30.0,1.0,1.0,1,0,2772.5,2493.3,2524.8,9438.3,13053.7,7253.0,22546.2,5626.6,138,672,18.4962,36.9284,22.9911,10.0339,25.4797,2.023,20.0246,42.3567,26.6646,23575.0,10.06798452441753,68750.0,0,12701098.0
838,ceiling,Condo For Sale in Cebu,"Cogon Pardo, Cebu City, Cebu, Central Visayas, PHL",Cebu City,Condominium,10.266862,123.876208,12000000.0,210526.31578947368,12.257365939917724,193026.31578947368,57.0,2.0,1.0,0,0,6448.4,9632.9,9730.4,1975.1,4796.9,15506.5,14480.1,12106.3,290,3393,1.281,11.322,2.6736,0.3599,14.9685,0.0,8.7769,12.6224,7.8017,17500.0,9.770013301136158,21500.0,0,9750000.0
849,ceiling,Condo For Sale in Apas,"I. Villa, Lahug, Cebu City, Cebu, Central Visayas, PHL",Cebu City,Condominium,10.33264051,123.90608495,7000000.0,194444.44444444444,12.177901768563478,165644.44444444444,36.0,1.0,1.0,0,0,1654.8,1896.0,5384.4,8504.9,12268.3,7977.2,21311.0,8462.7,3258,638,16.8034,70.6898,39.2915,1.5775,86.5662,7.0552,39.8888,199.4954,51.1168,28800.0,10.268165387743457,37300.0,0,13861546.0
851,ceiling,Condo For Sale in Cebu,"Cebú, Lalawigan ng Cebu, Pilipinas",Cebu City,Condominium,10.3156992,123.8854366,23861878.0,231668.7184466019,12.353063692443637,207968.7184466019,103.0,3.0,2.0,0,0,2072.6,4824.6,7215.8,5674.1,9430.1,10917.0,18370.0,10278.3,3869,2040,28.0104,59.9404,69.4599,8.0644,5.6434,9.5349,80.9276,52.0245,34.4529,23700.0,10.073272520325904,29550.0,0,10453514.0
852,ceiling,Condo For Sale in Camputhaw,"Molave St, Lungsod ng Cebu, Cebu, Pilipinas",Cebu City,Condominium,10.3194766,123.9018707,14043553.0,177766.49367088606,12.088226134758022,114766.49367088606,79.0,2.0,2.0,0,0,316.2,3214.1,5452.9,7081.2,10832.8,9278.7,20024.8,8546.6,2328,939,43.7405,129.296,95.2174,5.6997,153.8605,7.0577,113.7821,306.4889,98.3161,63000.0,11.050905878263569,74000.0,0,13271043.0
854,ceiling,Condo For Sale in Punta Engaño,"Punta Engano, Lapu-Lapu City, Cebu, Central Visayas, PHL",Lapu-Lapu City,Condominium,10.32372,124.0372,22000000.0,318840.5797101449,12.672446506725331,311840.5797101449,69.0,1.0,1.0,0,0,14558.3,12876.5,9456.7,20342.4,23431.9,9947.0,33129.9,6628.0,12083,3475,12.0,4.0,0.0,0.0559,7.5309,0.0,1.9925,1.992,8.4159,7000.0,8.853808274977197,13500.0,1,34984241.0
859,ceiling,Studio For Sale in Lahug,"Turquois Street, Lahug, Cebu City, Cebu, Central Visayas, PHL",Cebu City,Condominium,10.3270711,123.9017638,3300000.0,157142.85714285713,11.964910588713286,127142.85714285712,21.0,1.0,1.0,0,0,1059.0,2637.1,5627.3,7725.8,11489.3,8732.3,20549.7,8732.8,3098,204,36.2503,55.6034,33.8182,1.4586,67.1063,6.2747,37.978,159.7509,50.2846,30000.0,10.308985993422082,57000.0,0,10525711.0
1201,open_market,Condo For Sale in Calajo-An,"Calajo-an, Minglanilla, Lalawigan ng Cebu, Pilipinas",Minglanilla,Condominium,10.2402855,123.8027439,2700000.0,112500.0,11.630708500626612,106000.0,24.0,1.0,1.0,0,0,15960.2,19896.2,23500.8,8852.4,4938.9,26312.8,7367.0,20668.7,1330,4165,10.2848,9.55,3.9125,1.3077,0.7796,1.3923,1.5678,13.2304,8.0651,6500.0,8.77971129020447,20000.0,0,
1238,open_market,Condo For Sale in Tangke,"Tangke, Lalawigan ng Cebu, Pilipinas",Talisay City,Condominium,10.2494081,123.8585712,3407807.0,131069.5,11.783482995850841,121869.5,26.0,1.0,1.0,0,0,10570.6,14497.8,17458.4,3173.3,2598.0,20914.4,13983.2,14658.2,698,2973,21.3765,20.31,20.1075,0.1876,1.5544,0.7896,5.2703,16.4448,16.9073,9200.0,9.12706745278236,21000.0,0,6430058.0
1257,open_market,Apartment For Sale in Minglanilla,"Belmont Village Subdivision, Cebu South Road, Pakigne, Minglanilla, Lalawigan ng Cebu, Pilipinas",Minglanilla,Condominium,10.2547938,123.807977,22000000.0,68111.45510835914,11.128900688099934,61611.455108359136,323.0,8.0,8.0,0,0,13920.0,17856.0,21460.6,6812.2,4182.3,24272.6,8213.1,19596.6,134,1847,12.5065,18.1062,18.1281,5.2481,5.2318,0.4124,9.7206,37.4404,12.9985,6500.0,8.77971129020447,20000.0,0,21000000.0
1259,open_market,Condo For Sale in Subabasbas,"Subabasbas, Lapu-Lapu City, Cebu, Central Visayas, PHL",Lapu-Lapu City,Condominium,10.2551102,123.9728574,800000.0,29629.62962962963,10.296530140645736,26404.62962962963,27.0,,1.0,1,0,15423.6,13057.0,7914.9,18590.0,21792.9,16697.9,32465.9,5829.8,9604,1888,0.9212,0.0,0.0,0.1023,2.4786,0.0,5.6445,0.0,0.962,3225.0,8.078998258685154,8260.0,1,5394932.0
1260,open_market,Studio For Sale in Subabasbas,"Subabasbas, Lapu-Lapu City, Cebu, Central Visayas, PHL",Lapu-Lapu City,Condominium,10.2551102,123.9728574,2980000.0,106428.57142857143,11.575229348306383,103203.57142857143,28.0,1.0,1.0,0,0,15423.6,13057.0,7914.9,18590.0,21792.9,16697.9,32465.9,5829.8,9604,1888,0.9212,0.0,0.0,0.1023,2.4786,0.0,5.6445,0.0,0.962,3225.0,8.078998258685154,8260.0,1,5083503.0
1264,open_market,Condo For Sale in Subabasbas,"Costa Mira Beachtown Mactan, Lungsod ng Lapu-Lapu, Lalawigan ng Cebu, Pilipinas",Lapu-Lapu City,Condominium,10.2557023,123.9722415,10951000.0,210596.15384615384,12.257697615676468,207371.15384615384,52.0,1.0,1.0,0,0,15423.6,13057.0,7914.9,18590.0,21792.9,16697.9,32465.9,5772.6,9604,1888,0.9212,0.0,0.0,0.1023,2.4786,0.0,5.6445,0.0,0.962,3225.0,8.078998258685154,8260.0,1,3944789.0
1265,open_market,Condo For Sale in Subabasbas,"Subabasbas, Lapu-Lapu City, Cebu, Central Visayas, PHL",Lapu-Lapu City,Condominium,10.25721823,123.97366883,6523536.0,148262.18181818182,11.906737484264454,145037.18181818182,44.0,1.0,1.0,0,0,15283.5,12916.9,7774.7,18449.8,21652.7,16557.8,32325.8,5587.0,9464,1748,1.1558,0.0,0.0,0.1091,1.1702,0.0,2.5004,0.0,0.7764,3225.0,8.078998258685154,8260.0,1,4577284.0
1270,open_market,Condo For Sale in Subabasbas,"SAEKYUNG OCEAN RESIDENCES, Lapu-Lapu, Lalawigan ng Cebu, Pilipinas",Lapu-Lapu City,Condominium,10.2585789,123.9715452,2800000.0,100000.0,11.512925464970229,96775.0,28.0,,1.0,1,0,14940.3,12573.7,7431.6,18106.7,21309.6,16214.6,31982.6,5466.3,9121,1404,2.5622,0.0,0.0,0.1289,5.186,0.0,7.9141,0.0,2.2966,3225.0,8.078998258685154,8260.0,1,5109218.0
1271,open_market,Condo For Sale in Subabasbas,"Suba Basbas Road, Lapu-Lapu City, Lalawigan ng Cebu, Pilipinas",Lapu-Lapu City,Condominium,10.2592087,123.9713763,2800000.0,100000.0,11.512925464970229,96775.0,28.0,1.0,1.0,0,0,14906.8,12540.2,7398.1,18073.2,21276.0,16181.1,31949.1,5399.9,9087,1371,2.9556,0.2559,0.0,0.1311,5.2775,0.0,7.8042,0.0,2.5811,3225.0,8.078998258685154,8260.0,1,5109218.0
1275,open_market,Condo For Sale in Lawaan I,"Lawaan I, Talisay City, Cebu, Central Visayas, PHL",Talisay City,Condominium,10.26193657,123.8264821,3340939.0,139205.79166666666,11.843708632817684,131205.79166666666,24.0,,1.0,1,0,12302.1,16238.1,19842.7,5194.3,3448.8,22654.7,10555.2,17427.9,694,496,10.7949,10.0895,22.7152,0.4689,9.404,1.235,7.4322,30.4849,10.3939,8000.0,8.987321812850125,16000.0,0,3166667.0
1283,open_market,Condo For Sale in Subabasbas,"Subabasbas, Lungsod ng Lapu-Lapu, Lalawigan ng Cebu, Pilipinas",Lapu-Lapu City,Condominium,10.2667391,123.9722147,1400000.0,51851.851851851854,10.856145928581158,48626.851851851854,27.0,,1.0,1,0,14022.0,11655.4,6513.3,17629.8,20832.7,15296.4,31505.8,4558.6,8203,924,5.7011,1.6902,0.8518,0.2192,4.573,1.4297,8.3,1.1712,4.1467,3225.0,8.078998258685154,8260.0,1,2679927.0
1284,open_market,Condo For Sale in Subabasbas,"Subabasbas, Lapu-Lapu, Lalawigan ng Cebu, Pilipinas",Lapu-Lapu City,Condominium,10.2667391,123.9722147,2800000.0,100000.0,11.512925464970229,96775.0,28.0,1.0,1.0,0,0,14022.0,11655.4,6513.3,17629.8,20832.7,15296.4,31505.8,4558.6,8203,924,5.7011,1.6902,0.8518,0.2192,4.573,1.4297,8.3,1.1712,4.1467,3225.0,8.078998258685154,8260.0,1,2504927.0
1287,open_market,Condo For Sale in Subabasbas,"Suba Basbas, Lapu-Lapu, Lalawigan ng Cebu, Pilipinas",Lapu-Lapu City,Condominium,10.26687,123.96986,2560762.0,88302.13793103448,11.388519598428438,85077.13793103448,29.0,,1.0,1,0,14625.2,12258.6,7116.5,17403.0,20605.9,15899.5,31278.9,4593.3,8806,701,5.6582,0.8775,0.5296,0.1523,3.2036,0.6271,7.7684,0.0,3.5432,3225.0,8.078998258685154,8260.0,1,2534832.0
1291,open_market,Studio For Sale in Subabasbas,"Brgy. Suba Basbas, Marigondon-Suba Basbas Road, Lapu-lapu City, Lalawigan ng Cebu, Pilipinas",Lapu-Lapu City,Condominium,10.2674631,123.9722887,1100000.0,40740.74074074074,10.61498387176427,37515.74074074074,27.0,,,1,1,13862.1,11495.5,6353.4,17789.7,20992.6,15136.5,31665.7,4477.9,8043,764,5.7443,2.0943,0.9436,0.2444,5.0053,1.9118,7.5393,2.8634,4.4014,3225.0,8.078998258685154,8260.0,1,2717427.0
1298,open_market,Condo For Sale in Subabasbas,"Marigondon-Suba Basbas Road, Lapu-lapu City, Cebu, Pilipinas",Lapu-Lapu City,Condominium,10.2690844,123.9724978,4578652.0,152621.73333333334,11.93571780796255,149396.73333333334,30.0,1.0,1.0,0,0,13704.4,11337.8,6195.6,17947.5,21150.4,14978.7,31823.4,4296.3,7885,606,5.7356,2.5454,0.8782,0.2738,5.2174,2.6726,6.0887,5.4779,4.6002,3225.0,8.078998258685154,8260.0,1,2240085.0
1299,open_market,Condo For Sale in Marigondon,"6015, PHL",Lapu-Lapu City,Condominium,10.2697127,123.97647768,1900000.0,86363.63636363637,11.366321990778353,76863.63636363637,22.0,1.0,1.0,0,0,13882.1,11515.5,6373.4,18865.0,22067.9,15156.4,32741.0,4176.3,8063,952,1.5159,1.7482,0.6453,0.241,1.1806,1.8392,1.8315,6.7928,1.5428,9500.0,9.15915233520675,19500.0,1,3666517.0
1307,open_market,Studio For Sale in Marigondon,"Subabasbas, Lapu-Lapu City, Cebu, Central Visayas, PHL",Lapu-Lapu City,Condominium,10.2716521,123.9799822,2100000.0,95454.54545454546,11.466405449335335,85954.54545454546,22.0,,1.0,1,0,13994.5,11628.0,6485.8,18977.5,22180.4,15268.9,32853.4,3953.1,8175,1065,1.3175,1.7217,0.8394,0.2233,1.3809,1.4986,1.8665,4.7894,1.4895,9500.0,9.15915233520675,19500.0,1,3527500.0
1308,open_market,Condo For Sale in Marigondon,"Subabasbas, Lapu-Lapu City, Cebu, Central Visayas, PHL",Lapu-Lapu City,Condominium,10.2716521,123.9799822,2400000.0,88888.88888888889,11.395142429313845,79388.88888888889,27.0,,1.0,1,0,13994.5,11628.0,6485.8,18977.5,22180.4,15268.9,32853.4,3953.1,8175,1065,1.3175,1.7217,0.8394,0.2233,1.3809,1.4986,1.8665,4.7894,1.4895,9500.0,9.15915233520675,19500.0,1,3490000.0
1313,open_market,Condo For Sale in Marigondon,"SAEKYUNG VILLAGE 1, Marigondon Beach Road, Lapu-Lapu, Lalawigan ng Cebu, Pilipinas",Lapu-Lapu City,Condominium,10.272058,123.978843,4000000.0,63492.06349206349,11.058670192692633,53992.06349206349,63.0,2.0,1.0,0,0,13460.2,11093.7,5951.5,18443.2,21646.1,14734.6,32319.1,3906.5,7641,530,3.3005,5.6504,2.0647,0.3309,3.4208,5.187,2.9717,13.605,4.1841,9500.0,9.15915233520675,19500.0,1,3356743.0
1315,open_market,Condo For Sale in Marigondon,"MARIGONDON CROSSING, Lapu-Lapu, Lalawigan ng Cebu, Pilipinas",Lapu-Lapu City,Condominium,10.27222633,123.97701174,1970000.0,89545.45454545454,11.402501647355855,80045.45454545454,22.0,,1.0,1,0,13112.9,10746.3,5604.2,18095.8,21298.7,14387.2,31971.7,3893.8,7294,183,7.1881,9.484,5.6912,0.4488,6.93,8.0,4.6491,16.0,8.0235,9500.0,9.15915233520675,19500.0,1,3688804.0
1316,open_market,Condo For Sale in Marigondon,"Saekyung Village 1, Marigondon Beach Road, Lungsod ng Lapu-Lapu, Lalawigan ng Cebu, Pilipinas",Lapu-Lapu City,Condominium,10.2721652,123.9789125,5500000.0,125000.0,11.736069016284437,115500.0,44.0,1.0,2.0,0,0,13460.2,11093.7,5951.5,18443.2,21646.1,14734.6,32319.1,3894.6,7641,530,3.3005,5.6504,2.0647,0.3309,3.4208,5.187,2.9717,13.605,4.1841,9500.0,9.15915233520675,19500.0,1,3241358.0
1317,open_market,Condo For Sale in Marigondon,"Saekyung Village 1, Marigondon Beach Road, Lungsod ng Lapu-Lapu, Lalawigan ng Cebu, Pilipinas",Lapu-Lapu City,Condominium,10.2721652,123.9789125,5800000.0,131818.18181818182,11.789178841598387,122318.18181818182,44.0,1.0,1.0,0,0,13460.2,11093.7,5951.5,18443.2,21646.1,14734.6,32319.1,3894.6,7641,530,3.3005,5.6504,2.0647,0.3309,3.4208,5.187,2.9717,13.605,4.1841,9500.0,9.15915233520675,19500.0,1,3218281.0
1329,open_market,Condo For Sale in Marigondon,"Maximo.V.Patalinghug Jr.Avenue, Marigondon, Lapu-Lapu City, Cebu, Central Visayas, PHL",Lapu-Lapu City,Condominium,10.275722,123.974785,5975600.0,124491.66666666669,11.731994058242408,114991.66666666669,48.0,,,1,1,12929.9,10563.3,5421.2,17912.8,21115.7,14204.2,31788.8,3529.2,7111,0,10.6798,10.9943,6.9508,0.5796,11.6173,8.0,5.7217,16.8764,11.1459,9500.0,9.15915233520675,19500.0,1,3214610.0
1330,open_market,Condo For Sale in Marigondon,"Marigondon, Lapu-Lapu, Lalawigan ng Cebu, Pilipinas",Lapu-Lapu City,Condominium,10.2757142,123.9777887,2600000.0,96296.29629629628,11.475185136987381,86796.29629629629,27.0,1.0,1.0,0,0,13346.8,10980.2,5838.1,18329.8,21532.7,14621.2,32205.7,3502.4,7527,84,4.5531,7.1207,3.0871,0.5465,9.0977,8.0,5.379,10.8146,6.5116,9500.0,9.15915233520675,19500.0,1,4111326.0
1331,open_market,Condo For Sale in Marigondon,"Marigondon, Lapu-lapu City, Lalawigan ng Cebu, Pilipinas",Lapu-Lapu City,Condominium,10.2757142,123.9777887,4023988.0,134132.93333333332,11.806586626987754,124632.93333333332,30.0,1.0,1.0,0,0,13346.8,10980.2,5838.1,18329.8,21532.7,14621.2,32205.7,3502.4,7527,84,4.5531,7.1207,3.0871,0.5465,9.0977,8.0,5.379,10.8146,6.5116,9500.0,9.15915233520675,19500.0,1,3968927.0
1332,open_market,Condo For Sale in Marigondon,"Marigondon, Lapu-lapu City, Lalawigan ng Cebu, Pilipinas",Lapu-Lapu City,Condominium,10.2757142,123.9777887,4400000.0,146666.66666666666,11.895917717226334,137166.66666666666,30.0,1.0,1.0,0,0,13346.8,10980.2,5838.1,18329.8,21532.7,14621.2,32205.7,3502.4,7527,84,4.5531,7.1207,3.0871,0.5465,9.0977,8.0,5.379,10.8146,6.5116,9500.0,9.15915233520675,19500.0,1,3931326.0
1333,open_market,Apartment For Sale in Manduang,"Cadulawan, Minglanilla, Cebu, Central Visayas, PHL",Minglanilla,Condominium,10.275756,123.771103,39000000.0,55555.555555555555,10.92513880006811,48555.555555555555,702.0,3.0,2.0,0,0,20804.1,24740.1,28344.7,13696.3,11066.4,31156.7,9889.7,23011.1,4882,8731,0.9059,0.0,0.0,0.0,0.0,0.0,0.0,0.0,0.4049,7000.0,8.853808274977197,14000.0,0,
1334,open_market,Condo For Sale in Marigondon,"Nunez, Subabasbas, Lapu-Lapu City, Cebu, Central Visayas, PHL",Lapu-Lapu City,Condominium,10.27606231,123.9633828,2721680.0,90722.66666666669,11.415562513003408,87497.66666666667,30.0,1.0,1.0,0,0,12906.7,10540.2,5398.0,18053.6,21256.4,14181.1,31929.5,3859.5,7087,1145,7.7729,3.3315,6.6019,0.3725,10.604,0.0,5.8034,0.0,6.9779,3225.0,8.078998258685154,8260.0,1,3781997.0
1340,open_market,Condo For Sale in Basak,"Valencia Residences Mactan by Vista Estates, Lapu-Lapu, Lalawigan ng Cebu, Pilipinas",Lapu-Lapu City,Condominium,10.2785603,123.9587247,7168000.0,217212.1212121212,12.288629672170423,207212.1212121212,33.0,1.0,1.0,0,0,13017.7,10651.1,5509.0,18420.2,21623.1,14292.0,32296.2,3879.5,7198,1564,9.7734,2.6372,2.8533,0.3316,16.893,0.0,7.6385,0.0,9.0288,10000.0,9.210440366976515,15000.0,1,
1346,open_market,Condo For Sale in Babag,"Babag 2 Elementary School, Lapu-Lapu, Lalawigan ng Cebu, Pilipinas",Lapu-Lapu City,Condominium,10.279515,123.944327,3415000.0,162619.04761904763,11.999165613263605,152619.04761904763,21.0,,1.0,1,0,12561.6,10195.0,4031.0,14357.7,17582.5,13840.3,28233.7,4883.8,6742,0,9.7282,2.7097,8.782,0.334,5.1578,1.2407,1.4494,1.5452,6.4284,10000.0,9.210440366976515,15000.0,1,
1347,open_market,Condo For Sale in Marigondon,"Soltana Nature Residences, Basak-Marigondon Road, Lapu-Lapu City, Cebu, Pilipinas",Lapu-Lapu City,Condominium,10.2796974,123.9720313,2500000.0,80645.16129032258,11.297814085353282,71145.16129032258,31.0,1.0,1.0,0,0,12095.3,9728.8,4586.6,18671.3,21950.3,13369.7,32486.3,3150.4,6276,0,9.0371,19.8114,19.7073,1.0725,24.0372,2.3367,5.2139,15.726,16.2108,9500.0,9.15915233520675,19500.0,1,4851700.0
1348,open_market,Condo For Sale in Marigondon,"Maximo.V.Patalinghug Jr.Avenue, Marigondon, Lapu-Lapu City, Cebu, Central Visayas, PHL",Lapu-Lapu City,Condominium,10.279697,123.972031,3758500.0,125283.33333333331,11.738333117937506,115783.33333333331,30.0,,,1,1,12095.3,9728.8,4586.6,18671.3,21950.3,13369.7,32486.3,3150.5,6276,0,9.0371,19.8114,19.7073,1.0725,24.0372,2.3367,5.2139,15.726,16.2108,9500.0,9.15915233520675,19500.0,1,4600000.0
1349,open_market,Condo For Sale in Marigondon,"Soltana Nature Residences, Basak-Marigondon Road, Lapu-Lapu, Lalawigan ng Cebu, Pilipinas",Lapu-Lapu City,Condominium,10.2796974,123.9720313,8000000.0,181818.18181818185,12.110762465725848,172318.18181818182,44.0,2.0,1.0,0,0,12095.3,9728.8,4586.6,18671.3,21950.3,13369.7,32486.3,3150.4,6276,0,9.0371,19.8114,19.7073,1.0725,24.0372,2.3367,5.2139,15.726,16.2108,9500.0,9.15915233520675,19500.0,1,3751700.0
1355,open_market,Apartment For Sale in Basak,"Balamban Liempo Basak Sudtunggan Branch, Babag, Lapu-Lapu City, Cebu, Central Visayas, PHL",Lapu-Lapu City,Condominium,10.28217133,123.96510948,27000000.0,40723.98190045249,10.61457243378274,30723.98190045249,663.0,,,1,1,12118.3,9751.7,4609.6,18694.3,21936.2,13392.6,32509.2,3169.4,6299,665,9.9567,14.5826,15.8274,0.9925,43.5607,0.0,14.2003,7.4712,19.1521,10000.0,9.210440366976515,15000.0,1,3872664.0
1358,open_market,Condo For Sale in Agus,"Ibabao - Gisi - Agus Road, Lapu-Lapu, Lalawigan ng Cebu, Pilipinas",Lapu-Lapu City,Condominium,10.2827676,123.9785924,3912300.0,156492.0,11.960760169444901,148492.0,25.0,1.0,1.0,0,0,12705.5,10339.0,5196.8,19281.5,22511.7,13979.9,33096.5,2716.0,6886,905,2.9963,5.2175,5.114,0.8772,16.9954,1.1737,7.7057,0.0,6.9124,8000.0,8.987321812850125,9781.25,1,5064869.0
1359,open_market,Condo For Sale in Basak,"Brentwood Condominium Mactan, Basak-Marigondon Road, Lapu-Lapu, Lalawigan ng Cebu, Pilipinas",Lapu-Lapu City,Condominium,10.2830115,123.9680073,1611487.0,115106.21428571428,11.653610583571526,105106.21428571428,14.0,,1.0,1,0,11969.4,9602.8,4460.7,18545.4,22531.3,13243.7,32360.3,2944.8,6150,228,4.823,20.5136,22.3771,1.2656,26.0893,0.8816,5.6953,17.9777,15.0249,10000.0,9.210440366976515,15000.0,1,7804032.0
1360,open_market,Condo For Sale in Basak,"Brentwood Condominium Mactan, Basak-Marigondon Road, Lapu-Lapu, Lalawigan ng Cebu, Pilipinas",Lapu-Lapu City,Condominium,10.2830115,123.9680073,2851687.0,109680.26923076923,11.605324768926558,99680.26923076923,26.0,1.0,1.0,0,0,11969.4,9602.8,4460.7,18545.4,22531.3,13243.7,32360.3,2944.8,6150,228,4.823,20.5136,22.3771,1.2656,26.0893,0.8816,5.6953,17.9777,15.0249,10000.0,9.210440366976515,15000.0,1,7626860.0
1372,open_market,Condo For Sale in Agus,"Basak-Agus Rd, Marigondon, Lapu-Lapu City, Cebu, Central Visayas, PHL",Lapu-Lapu City,Condominium,10.28398208,123.97634391,1900000.0,55882.35294117647,10.931003919520508,47882.35294117647,34.0,1.0,1.0,0,0,12271.7,9905.1,4762.9,18847.7,22945.6,13546.0,32662.6,2596.8,6452,705,3.271,9.5659,11.8561,0.9657,20.3147,0.6611,5.5018,7.06,9.2722,8000.0,8.987321812850125,9781.25,1,5094462.0
1373,open_market,Condo For Sale in Agus,"Agus, Lapu-Lapu City, Cebu, Central Visayas, PHL",Lapu-Lapu City,Condominium,10.284075,123.983302,3573629.0,142945.16,11.870216339184958,134945.16,25.0,1.0,1.0,0,0,13550.6,11184.0,6041.9,19604.5,22807.4,14824.9,33480.4,2613.2,7731,673,2.4468,1.9467,1.2176,1.555,8.294,0.7802,6.0657,0.0,3.6066,8000.0,8.987321812850125,9781.25,1,7254720.0
1374,open_market,Condo For Sale in Agus,"Agus, Lapu-Lapu City, Lalawigan ng Cebu, Pilipinas",Lapu-Lapu City,Condominium,10.2846893,123.9833623,6679355.0,133587.1,11.802508978536538,125587.1,50.0,2.0,2.0,0,0,13573.5,11206.9,6064.8,20089.7,23292.6,14847.8,33964.4,2547.3,7754,1686,3.0606,2.0564,0.9779,0.35,4.3873,0.2884,2.3906,0.0,3.0515,8000.0,8.987321812850125,9781.25,1,5701858.0
1379,open_market,Condo For Sale in Agus,"EGI City by the Sea Hotel, Lungsod ng Lapu-Lapu, Lalawigan ng Cebu, Pilipinas",Lapu-Lapu City,Condominium,10.2853159,123.9966391,3200000.0,91428.57142857143,11.42331330628054,87303.57142857143,35.0,,1.0,1,0,15398.5,13031.9,7889.8,21023.1,24226.0,16672.9,34899.0,3105.5,9579,173,6.0829,9.4785,9.2717,0.4546,19.0529,4.0,22.2382,27.5311,10.2189,4125.0,8.325063693631197,9750.0,1,12700000.0
1381,open_market,Condo For Sale in Basak,"Primeworld District, Ibabao - Gisi - Agus Road, Lapu-Lapu City, Lalawigan ng Cebu, Pilipinas",Lapu-Lapu City,Condominium,10.2861422,123.9766333,4500000.0,204545.45454545456,12.228545501382232,196545.45454545456,22.0,1.0,1.0,0,0,12526.4,10159.8,5017.7,19102.4,23400.6,13800.8,32917.4,2354.6,6707,959,2.2471,5.0456,6.3883,0.6672,7.8304,0.0,2.9909,0.0,4.4835,8000.0,8.987321812850125,9781.25,1,5056227.0
1383,open_market,Studio For Sale in Basak,"Sudtunggan Tailoring, Basak-Sudtunggan Road, Lapu-Lapu City, Lalawigan ng Cebu, Pilipinas",Lapu-Lapu City,Condominium,10.2864791,123.9685781,2488347.0,88869.53571428571,11.39492468239442,78869.53571428571,28.0,1.0,1.0,0,0,11453.7,9087.1,3945.0,18029.7,22327.9,12728.0,31844.6,2569.3,5634,0,9.0689,38.8113,43.9287,4.399,54.7667,1.1019,15.4632,24.0,29.6019,10000.0,9.210440366976515,15000.0,1,4479900.0
1399,open_market,Condo For Sale in Maribago,"Tambuli Seaside Living Tower F, Buyong Road, Lapu-Lapu, Lalawigan ng Cebu, Pilipinas",Lapu-Lapu City,Condominium,10.2897658,124.0048927,7297080.0,202696.66666666663,12.219465887641169,198571.66666666663,36.0,,1.0,1,0,16230.6,13864.0,8721.9,21855.2,25058.1,17504.9,35731.1,3432.9,10411,823,3.7765,1.7468,1.9446,0.2115,22.1142,0.9907,16.2035,1.25,7.2001,4125.0,8.325063693631197,9750.0,1,11042959.0
1400,open_market,Condo For Sale in Maribago,"Tambuli Seaside Living Tower F, Buyong Road, Lungsod ng Lapu-Lapu, Lalawigan ng Cebu, Pilipinas",Lapu-Lapu City,Condominium,10.2897658,124.0048927,10900000.0,231914.89361702127,12.354125745489313,227789.89361702127,47.0,1.0,1.0,0,0,16230.6,13864.0,8721.9,21855.2,25058.1,17504.9,35731.1,3432.9,10411,823,3.7765,1.7468,1.9446,0.2115,22.1142,0.9907,16.2035,1.25,7.2001,4125.0,8.325063693631197,9750.0,1,10957175.0
1402,open_market,Condo For Sale in Maribago,"The Istiraha in Tambuli Seaside Living, Tambuli Seaside Living, Buyong Road, Lapu-Lapu City, Cebu, Pilipinas",Lapu-Lapu City,Condominium,10.2899738,124.0051262,8500000.0,180851.0638297872,12.105429119750486,176726.06382978722,47.0,1.0,1.0,0,0,16290.7,13924.1,8782.0,21915.3,25118.2,17565.0,35791.2,3441.1,10471,883,2.7795,1.6159,1.7614,0.2008,19.1922,0.8821,14.4674,1.0976,6.0606,4125.0,8.325063693631197,9750.0,1,11014318.0
1403,open_market,Condo For Sale in Maribago,"The Istiraha in Tambuli Seaside Living, Tambuli Seaside Living, Buyong Road, Maribago, Lungsod ng Lapu-Lapu, Lalawigan ng Cebu, Pilipinas",Lapu-Lapu City,Condominium,10.2899738,124.0051262,22000000.0,231578.94736842104,12.35267611972205,227453.94736842104,95.0,2.0,2.0,0,0,16290.7,13924.1,8782.0,21915.3,25118.2,17565.0,35791.2,3441.1,10471,883,2.7795,1.6159,1.7614,0.2008,19.1922,0.8821,14.4674,1.0976,6.0606,4125.0,8.325063693631197,9750.0,1,10692890.0
1404,open_market,Studio For Sale in Lapu-Lapu,"Maribago, Lapu-Lapu City, Cebu, Central Visayas, PHL",Lapu-Lapu City,Condominium,10.28998447,124.0068697,4800000.0,129729.72972972972,11.773208563233895,124729.72972972972,37.0,1.0,1.0,0,0,16305.0,13938.4,8796.3,21929.6,25132.5,17579.3,35805.5,3600.5,10486,898,2.7037,1.5869,1.7218,0.1928,15.9049,0.8589,14.0955,1.0654,5.2869,5000.0,8.517393171418904,10500.0,1,11025613.0
1411,open_market,Condo For Sale in Maribago,"Tambuli Residences - Tower C, Buyong Road, Lungsod ng Lapu-Lapu, Lalawigan ng Cebu, Pilipinas",Lapu-Lapu City,Condominium,10.2908456,124.0025293,16000000.0,168421.05263157896,12.034222388603515,164296.05263157896,95.0,2.0,2.0,0,0,15963.5,13596.9,8454.8,21588.1,24791.0,17237.8,35464.0,3152.0,10144,556,6.4008,2.577,3.2724,0.2982,20.8088,1.8383,17.6609,14.2171,8.3698,4125.0,8.325063693631197,9750.0,1,10035543.0
1412,open_market,Condo For Sale in Maribago,"Buyong Rd, Lapu-Lapu, Lalawigan ng Cebu, Pilipinas",Lapu-Lapu City,Condominium,10.2907917,124.002551,20190000.0,197941.17647058825,12.19572517700475,193816.17647058825,102.0,2.0,2.0,0,0,15963.5,13596.9,8454.8,21588.1,24791.0,17237.8,35464.0,3157.4,10144,556,6.4008,2.577,3.2724,0.2982,20.8088,1.8383,17.6609,14.2171,8.3698,4125.0,8.325063693631197,9750.0,1,9938101.0
1420,open_market,Condo For Sale in Maribago,"Tambuli Residences, Buyong Road, Maribago, Lapu-Lapu, Lalawigan ng Cebu, Pilipinas",Lapu-Lapu City,Condominium,10.29197559,124.00429755,11500000.0,174242.42424242423,12.068202851307053,170117.42424242423,66.0,1.0,1.0,0,0,16182.4,13815.8,8673.7,21807.0,25009.8,17456.7,35682.9,3244.7,10363,775,5.2397,1.8639,2.1139,0.2256,17.3989,1.0932,13.1286,9.571,6.8477,4125.0,8.325063693631197,9750.0,1,10140194.0
1421,open_market,Condo For Sale in Maribago,"Pajac-Maribago Road, Lapu-Lapu, Lalawigan ng Cebu, Pilipinas",Lapu-Lapu City,Condominium,10.2920651,123.9891401,600000.0,16666.666666666668,9.721165995742174,11666.666666666668,36.0,2.0,2.0,0,0,14069.5,11703.0,6560.8,20645.5,24668.9,15343.9,34460.5,2015.3,8250,1105,15.3409,20.3374,3.7696,0.3232,7.1392,0.8793,7.9607,8.0,15.4587,5000.0,8.517393171418904,10500.0,1,
1422,open_market,Condo For Sale in Maribago,"Maribago, Lapu-Lapu City, Cebu, Pilipinas",Lapu-Lapu City,Condominium,10.292343,124.0000812,1699000.0,94388.88888888888,11.455178642757904,90263.88888888888,18.0,,1.0,1,0,16119.4,13752.8,8610.7,21744.0,24946.8,17393.7,35619.9,2837.2,10300,193,4.0364,2.7445,2.372,0.2521,18.549,1.2528,12.9048,33.0806,6.869,4125.0,8.325063693631197,9750.0,1,12362022.0
1424,open_market,Condo For Sale in Maribago,"Maribago, Lapu-Lapu City, Cebu, Pilipinas",Lapu-Lapu City,Condominium,10.292343,124.0000812,3128000.0,84540.54054054055,11.344986468003114,80415.54054054055,37.0,,1.0,1,0,16119.4,13752.8,8610.7,21744.0,24946.8,17393.7,35619.9,2837.2,10300,193,4.0364,2.7445,2.372,0.2521,18.549,1.2528,12.9048,33.0806,6.869,4125.0,8.325063693631197,9750.0,1,12203244.0
1439,open_market,Condo For Sale in Basak,"Basak, Lapu-Lapu City, Cebu, Pilipinas",Lapu-Lapu City,Condominium,10.2963065,123.9666404,1708367.0,122026.21428571428,11.711991171828265,112026.21428571428,14.0,,1.0,1,0,10433.0,8066.4,2924.3,17009.0,21307.2,11707.3,30824.0,1813.8,4614,60,21.0467,36.5307,56.692,2.9237,42.5086,2.3992,16.538,24.8733,31.4479,10000.0,9.210440366976515,15000.0,1,2706094.0
1440,open_market,Condo For Sale in Basak,"Basak, Lapu-Lapu City, Cebu, Pilipinas",Lapu-Lapu City,Condominium,10.2963065,123.9666404,3001366.0,115437.15384615384,11.65648153831147,105437.15384615384,26.0,1.0,1.0,0,0,10433.0,8066.4,2924.3,17009.0,21307.2,11707.3,30824.0,1813.8,4614,60,21.0467,36.5307,56.692,2.9237,42.5086,2.3992,16.538,24.8733,31.4479,10000.0,9.210440366976515,15000.0,1,2544470.0
1441,open_market,Studio For Sale in Pajac,"Cagodoy Road, Basak, Lapu-Lapu City, Cebu, Central Visayas, PHL",Lapu-Lapu City,Condominium,10.29630654,123.9757606,2600000.0,108333.33333333331,11.592968172643765,98333.33333333331,24.0,1.0,1.0,0,0,12176.1,9809.5,4667.4,18752.1,23050.3,13450.4,32567.0,1260.7,6357,1212,16.7204,21.9106,10.0216,0.866,12.4264,4.0,4.6172,13.5818,17.7918,10000.0,9.210440366976515,15000.0,1,3357947.0
1442,open_market,Studio For Sale in Pajac,"Cagodoy Road, Basak, Lapu-Lapu City, Cebu, Central Visayas, PHL",Lapu-Lapu City,Condominium,10.29630654,123.9757606,3729840.0,155410.0,11.953822064909657,145410.0,24.0,,1.0,1,0,12176.1,9809.5,4667.4,18752.1,23050.3,13450.4,32567.0,1260.7,6357,1212,16.7204,21.9106,10.0216,0.866,12.4264,4.0,4.6172,13.5818,17.7918,10000.0,9.210440366976515,15000.0,1,2981333.0
1443,open_market,Condo For Sale in Pajac,"Cagodoy Road, Basak, Lapu-Lapu City, Cebu, Central Visayas, PHL",Lapu-Lapu City,Condominium,10.29630654,123.9757606,4400000.0,122222.22222222222,11.71359616043238,112222.22222222222,36.0,1.0,1.0,0,0,12176.1,9809.5,4667.4,18752.1,23050.3,13450.4,32567.0,1260.7,6357,1212,16.7204,21.9106,10.0216,0.866,12.4264,4.0,4.6172,13.5818,17.7918,10000.0,9.210440366976515,15000.0,1,2757947.0
1444,open_market,Condo For Sale in Mactan,"72W2+FQC, Maribago, Lapu-Lapu City, Cebu, Philippines",Lapu-Lapu City,Condominium,10.29677198,124.00247097,1500000.0,41666.666666666664,10.637456727616328,36666.666666666664,36.0,1.0,1.0,0,0,16032.8,13666.2,8524.1,22598.7,25801.6,17244.6,36423.7,2818.0,10213,409,2.0752,2.0187,0.8758,0.1903,4.7115,0.3272,4.5565,3.1692,2.67,5000.0,8.517393171418904,10500.0,1,2950000.0
1445,open_market,Condo For Sale in Mactan,"Quezon National Highway, Maribago, Lapu-Lapu City, Cebu, Central Visayas, PHL",Lapu-Lapu City,Condominium,10.29677697,124.0024671,2700000.0,47368.42105263158,10.765711063140007,42368.42105263158,57.0,2.0,1.0,0,0,16032.8,13666.2,8524.1,22598.7,25801.6,17244.6,36423.7,2817.4,10213,409,2.0752,2.0187,0.8758,0.1903,4.7115,0.3272,4.5565,3.1692,2.67,5000.0,8.517393171418904,10500.0,1,2710000.0
1446,open_market,Condo For Sale in Mactan,"Mactan Oasis Garden, Mactan, Lapu-Lapu, Cebu, Pilipinas",Lapu-Lapu City,Condominium,10.2967846,124.0024785,4500000.0,97826.08695652174,11.490946558251453,92826.08695652174,46.0,2.0,1.0,0,0,16032.8,13666.2,8524.1,22598.7,25801.6,17244.6,36423.7,2818.2,10213,409,2.0752,2.0187,0.8758,0.1903,4.7115,0.3272,4.5565,3.1692,2.67,5000.0,8.517393171418904,10500.0,1,2350000.0
1447,open_market,Condo For Sale in Basak,"Basak Barangay Hall, Lapu-Lapu City, Cebu, Pilipinas",Lapu-Lapu City,Condominium,10.2972215,123.9646371,3102082.0,147718.19047619047,11.903061619204161,137718.19047619047,21.0,,1.0,1,0,10167.8,7801.2,2659.1,16743.8,21042.0,11442.1,30558.7,1922.1,4348,0,22.5838,43.2419,66.8229,2.2457,50.3476,4.3684,19.0001,47.8697,36.1906,10000.0,9.210440366976515,15000.0,1,2531880.0
1449,open_market,Condo For Sale in Mactan,"1 Casanta Soong, Maribago, Lapu-Lapu, Lalawigan ng Cebu, Pilipinas",Lapu-Lapu City,Condominium,10.298094,124.002443,1550000.0,41891.89189189189,10.642847576251205,36891.89189189189,37.0,2.0,1.0,0,0,15851.5,13484.9,8342.8,22417.5,25620.4,16740.6,36242.5,2758.0,10032,0,5.6059,4.962,2.2827,0.297,8.648,0.869,8.1999,10.2175,6.1376,5000.0,8.517393171418904,10500.0,1,2940000.0
1454,open_market,Condo For Sale in Kalubihan,"OsmeÃ±a Blvd, Kalubihan Pob., Cebu City, Cebu, Central Visayas, PHL",Cebu City,Condominium,10.29883634,123.89655322,7200000.0,153191.48936170212,11.939443982276225,101941.48936170212,47.0,1.0,1.0,0,0,2588.0,6524.0,10128.5,5509.7,9807.9,12940.6,19324.6,9066.5,1391,0,96.8499,149.3961,114.5505,13.3788,63.5863,17.226,165.1756,78.9815,108.9497,51250.0,10.844490409005417,206750.0,0,5100000.0
1459,open_market,Condo For Sale in Mactan,"Pacific Dr, Mactan, Lapu-Lapu City, Cebu, Central Visayas, PHL",Lapu-Lapu City,Condominium,10.29889638,124.01572343,20216000.0,311015.3846153846,12.64759765815453,306015.3846153846,65.0,1.0,1.0,0,0,17543.1,14995.5,10104.4,24179.1,27382.0,17048.0,38004.1,4123.2,10605,1406,1.7971,2.1785,1.2027,0.6552,8.4653,0.316,9.6887,0.0,3.4342,5000.0,8.517393171418904,10500.0,1,10325227.0
1460,open_market,Condo For Sale in Basak,"Mactan, Lapu-Lapu, Lalawigan ng Cebu, Pilipinas",Lapu-Lapu City,Condominium,10.2990463,123.9638531,1500000.0,41666.666666666664,10.637456727616328,31666.666666666664,36.0,1.0,1.0,0,0,9984.0,7617.4,2475.3,16560.0,20858.2,11256.3,30374.9,1887.4,4165,87,21.8989,39.3604,60.6082,1.6654,44.6852,5.8222,21.2137,54.1498,33.2883,10000.0,9.210440366976515,15000.0,1,2465712.0
1466,open_market,Condo For Sale in Mactan,"Vistamar, Dapdap, Lapu-Lapu, Lalawigan ng Cebu, Pilipinas",Lapu-Lapu City,Condominium,10.29942,124.015939,18500000.0,276119.4029850746,12.528588670657587,271119.4029850746,67.0,1.0,1.0,0,0,17859.4,15311.8,10420.8,24495.5,27698.3,17364.4,38320.5,4133.6,10922,1722,0.9236,0.0,0.0,0.3936,6.9273,0.0,9.0425,0.0,1.9507,5000.0,8.517393171418904,10500.0,1,10403227.0
1473,open_market,Studio For Sale in Mactan,"Vista Mar Beach Resort & Country Club, Resort and Country Club, Angasil Rd, Lungsod ng Lapu-Lapu, Lalawigan ng Cebu, Pilipinas",Lapu-Lapu City,Condominium,10.2998733,124.0161361,4200000.0,105000.0,11.56171562913966,100000.0,40.0,1.0,1.0,0,0,17524.9,14977.3,10219.2,24211.5,27496.8,17029.8,38026.4,4144.5,10587,1521,1.491,2.2234,1.2271,0.671,8.477,0.3225,9.5536,0.0,3.3154,5000.0,8.517393171418904,10500.0,1,11377409.0
1479,open_market,Condo For Sale in Mactan,"Sotogrande Hotel & Resort, Angasil Rd, Lapu-Lapu City, Lalawigan ng Cebu, Pilipinas",Lapu-Lapu City,Condominium,10.300465,124.0157008,3500000.0,92105.26315789472,11.430687366733256,87105.26315789473,38.0,1.0,1.0,0,0,17488.2,14940.6,10191.1,24174.7,27468.7,16993.1,37989.6,4085.2,10551,1493,1.5647,2.3187,1.2788,0.71,8.5022,0.3364,9.7273,0.0,3.3869,5000.0,8.517393171418904,10500.0,1,11409227.0
1483,open_market,Condo For Sale in Mactan,"La Mirada Hotel, Dap-Dap, Vistamar Beach & Residential Estates, Mactan, Lapu-Lapu, Lalawigan ng Cebu, Pilipinas",Lapu-Lapu City,Condominium,10.3008615,124.0152259,3900000.0,105405.4054054054,11.56556919845565,100405.4054054054,37.0,,1.0,1,0,17319.2,14771.6,10022.2,24005.7,27299.7,16824.1,37820.7,4026.2,10382,1324,2.3211,3.1015,1.5642,0.9447,9.1728,0.4135,10.0993,0.0,4.1439,5000.0,8.517393171418904,10500.0,1,10706558.0
1484,open_market,Condo For Sale in Mactan,"La Mirada Residences, Mactan, Casia-Soong Road, Lungsod ng Lapu-Lapu, Lalawigan ng Cebu, Pilipinas",Lapu-Lapu City,Condominium,10.3010042,124.015789,4000000.0,100000.0,11.512925464970229,95000.0,40.0,,1.0,1,0,17485.1,14937.5,10214.7,24171.7,27492.2,16990.1,37986.6,4084.2,10548,1516,1.5093,2.3268,1.2831,0.7129,8.5043,0.3376,9.6119,0.0,3.3654,5000.0,8.517393171418904,10500.0,1,10634296.0
1485,open_market,Condo For Sale in Mactan,"La Mirada Residences, Mactan, Casia-Soong Road, Lungsod ng Lapu-Lapu, Lalawigan ng Cebu, Pilipinas",Lapu-Lapu City,Condominium,10.3010042,124.015789,4200000.0,105000.0,11.56171562913966,100000.0,40.0,,1.0,1,0,17485.1,14937.5,10214.7,24171.7,27492.2,16990.1,37986.6,4084.2,10548,1516,1.5093,2.3268,1.2831,0.7129,8.5043,0.3376,9.6119,0.0,3.3654,5000.0,8.517393171418904,10500.0,1,10626296.0
1493,open_market,Studio For Sale in Day-As,"Sikatuna Street, Cebu City, Lalawigan ng Cebu, Pilipinas",Cebu City,Condominium,10.3026114,123.9019284,3789526.0,172251.18181818182,12.056709049915833,121001.18181818182,22.0,1.0,1.0,0,0,1879.6,5832.1,9486.6,6170.1,10468.3,12248.7,19985.0,8446.0,951,0,76.0485,135.2406,81.9217,6.7806,53.0759,15.1719,146.9847,54.7288,92.4345,51250.0,10.844490409005417,206750.0,0,17900435.0
1496,open_market,Condo For Sale in Tejero,"13th Avenue, Cebu Port Center, Cebu City, Cebu, Central Visayas, PHL",Cebu City,Condominium,10.302947497827208,123.91121364322544,10133956.0,198705.01960784313,12.199576690464623,147455.01960784313,51.0,1.0,1.0,0,0,2123.8,5491.8,8379.4,7211.2,11509.4,11883.9,21026.2,7429.8,0,968,31.6388,70.2318,40.1587,2.9672,17.5963,5.5891,50.2735,26.994,42.2789,51250.0,10.844490409005417,206750.0,0,8130903.0
1497,open_market,Condo For Sale in Mactan,"The Mactan Newtown Beach, Lungsod ng Lapu-Lapu, Lalawigan ng Cebu, Pilipinas",Lapu-Lapu City,Condominium,10.3035254,124.0193458,9000000.0,155172.41379310345,11.952292124754074,148172.41379310345,58.0,1.0,2.0,0,0,16798.4,14250.8,9991.4,23484.9,27783.1,16303.3,37299.9,4433.7,9861,963,1.6214,10.8814,5.6269,1.0054,32.2479,0.9347,8.4443,5.6794,11.6379,7000.0,8.853808274977197,13500.0,1,7146750.0
1498,open_market,Condo For Sale in Tejero,"13th Avenue, Cebu Port Center, Cebu City, Cebu, Central Visayas, PHL",Cebu City,Condominium,10.30360853,123.91106969,8500000.0,177083.33333333334,12.084375710552655,125833.33333333334,48.0,1.0,2.0,0,0,2123.8,5491.8,8379.4,7211.2,11509.4,11883.9,21026.2,7441.2,0,968,31.6388,70.2318,40.1587,2.9672,17.5963,5.5891,50.2735,26.994,42.2789,51250.0,10.844490409005417,206750.0,0,8279445.0
1499,open_market,Condo For Sale in Carreta,"13th Avenue, Cebu Port Center, Cebu City, Cebu, Central Visayas, PHL",Cebu City,Condominium,10.30360853,123.91106969,16000000.0,238805.97014925373,12.383406660813089,187555.97014925373,67.0,2.0,3.0,0,0,2123.8,5491.8,8379.4,7211.2,11509.4,11883.9,21026.2,7441.2,0,968,31.6388,70.2318,40.1587,2.9672,17.5963,5.5891,50.2735,26.994,42.2789,51250.0,10.844490409005417,206750.0,0,7597627.0
1506,open_market,Condo For Sale in Mactan,"Mactan Plains Residences, Lapu lapu City, Lalawigan ng Cebu, Pilipinas",Lapu-Lapu City,Condominium,10.304693,124.0115953,1002237.0,34559.89655172414,10.450449229618492,29559.896551724138,29.0,,1.0,1,0,16495.8,13948.2,9688.7,23182.3,27480.5,16000.7,36997.3,3577.8,9558,631,2.2182,12.119,5.7507,0.6571,12.1438,1.8678,5.3529,8.1788,7.8685,5000.0,8.517393171418904,10500.0,1,8056711.0
1507,open_market,Condo For Sale in Mactan,"Mactan Plains Residences, Lapu lapu City, Lalawigan ng Cebu, Pilipinas",Lapu-Lapu City,Condominium,10.304693,124.0115953,2787400.0,111496.0,11.621743994799346,106496.0,25.0,1.0,1.0,0,0,16495.8,13948.2,9688.7,23182.3,27480.5,16000.7,36997.3,3577.8,9558,631,2.2182,12.119,5.7507,0.6571,12.1438,1.8678,5.3529,8.1788,7.8685,5000.0,8.517393171418904,10500.0,1,7992955.0
1508,open_market,Condo For Sale in Mactan,"Mactan Plains Residences, Angasil Rd, Lungsod ng Lapu-Lapu, Lalawigan ng Cebu, Pilipinas",Lapu-Lapu City,Condominium,10.305113,124.011204,3068695.0,122747.8,11.71788712288923,117747.8,25.0,,,1,1,16495.8,13948.2,9688.7,23182.3,27480.5,16000.7,36997.3,3531.8,9558,631,2.2182,12.119,5.7507,0.6571,12.1438,1.8678,5.3529,8.1788,7.8685,5000.0,8.517393171418904,10500.0,1,11742240.0
1509,open_market,Condo For Sale in Mactan,"Angasil Road, Lapu-Lapu City, Lalawigan ng Cebu, Pilipinas",Lapu-Lapu City,Condominium,10.3050836,124.0149484,2791800.0,111672.0,11.623321282192594,106672.0,25.0,,1.0,1,0,16452.3,13904.6,9645.2,23138.8,27437.0,15957.2,36953.7,3940.8,9515,588,2.4982,15.902,7.6048,2.5841,30.2319,2.1115,10.3418,11.174,13.3144,5000.0,8.517393171418904,10500.0,1,7710960.0
1516,open_market,Condo For Sale in Gun-Ob,"Saekyung 956 Condominium, Lapu-Lapu City, Lalawigan ng Cebu, Pilipinas",Lapu-Lapu City,Condominium,10.3059229,123.9435025,2100000.0,77777.77777777778,11.261611036689322,67777.77777777778,27.0,,1.0,1,0,10059.8,7693.2,1428.2,16635.8,20934.0,11338.5,30450.8,3884.9,4240,432,17.8412,10.3124,10.1851,4.199,28.8262,2.0368,11.6689,44.0267,17.9322,10000.0,9.210440366976515,15000.0,1,3800000.0
1517,open_market,Condo For Sale in Gun-Ob,"Cabagnot Internet Cafe, Looc, Lapu-Lapu City, Cebu, Central Visayas, PHL",Lapu-Lapu City,Condominium,10.30590598,123.9436106,3800000.0,140740.74074074073,11.854674758692285,130740.74074074072,27.0,1.0,1.0,0,0,10059.8,7693.2,1428.2,16635.8,20934.0,11338.5,30450.8,3873.2,4240,432,17.8412,10.3124,10.1851,4.199,28.8262,2.0368,11.6689,44.0267,17.9322,10000.0,9.210440366976515,15000.0,1,2100000.0
1518,open_market,Condo For Sale in Pajo,"PASEO GROVE, Lapu-Lapu, Lalawigan ng Cebu, Pilipinas",Lapu-Lapu City,Condominium,10.3061854,123.9628447,7769418.0,172653.73333333334,12.059043326293201,162653.73333333334,45.0,1.0,1.0,0,0,9100.5,6733.9,1591.7,15676.5,19974.7,10372.4,29491.4,1769.8,3281,225,16.3908,22.0118,20.8594,2.0017,37.8429,12.8337,26.887,38.6792,23.3219,10000.0,9.210440366976515,15000.0,1,7050000.0
1520,open_market,Studio For Sale in Pajo,"Pajo, Lapu-Lapu City, Cebu, Central Visayas, PHL",Lapu-Lapu City,Condominium,10.30640174,123.9624438,3100000.0,147619.04761904763,11.902390231731951,137619.04761904763,21.0,1.0,1.0,0,0,9024.1,6657.5,1515.4,15600.1,19898.3,10296.0,29415.1,1812.3,3205,148,17.6214,23.0453,20.6448,2.182,47.9585,13.0389,30.1467,47.0933,26.4742,10000.0,9.210440366976515,20000.0,1,7290500.0
1521,open_market,Condo For Sale in Pajo,"Pajo, Lapu-Lapu City, Cebu, Central Visayas, PHL",Lapu-Lapu City,Condominium,10.30640174,123.9624438,11000000.0,177419.35483870967,12.086271445717554,167419.35483870967,62.0,2.0,,0,1,9024.1,6657.5,1515.4,15600.1,19898.3,10296.0,29415.1,1812.3,3205,148,17.6214,23.0453,20.6448,2.182,47.9585,13.0389,30.1467,47.0933,26.4742,10000.0,9.210440366976515,20000.0,1,4657167.0
1524,open_market,Condo For Sale in Mactan,"Savoy Hotel, Mactan, Lapu-Lapu City, Cebu, Central Visayas, PHL",Lapu-Lapu City,Condominium,10.306954,124.014881,7197400.0,163577.27272727274,12.005040773740593,158577.27272727274,44.0,,,1,1,16217.1,13669.4,9410.0,22903.6,27201.8,15722.0,36718.5,3926.6,9279,453,3.2259,27.2495,13.0339,0.6192,50.2802,4.0,12.1199,16.4231,22.0053,5000.0,8.517393171418904,10500.0,1,7945454.0
1525,open_market,Condo For Sale in Mactan,"Mactan Newtown, One Pacific Residence, Newtown Boulevard, Lungsod ng Lapu-Lapu, Lalawigan ng Cebu, Pilipinas",Lapu-Lapu City,Condominium,10.3069542,124.0148808,7500000.0,163043.47826086957,12.001772182017444,158043.47826086957,46.0,1.0,1.0,0,0,16217.1,13669.4,9410.0,22903.6,27201.8,15722.0,36718.5,3926.6,9279,453,3.2259,27.2495,13.0339,0.6192,50.2802,4.0,12.1199,16.4231,22.0053,5000.0,8.517393171418904,10500.0,1,7938417.0
1526,open_market,Condo For Sale in Mactan,"Mactan Newtown, One Pacific Residence, Newtown Boulevard, Lapu-Lapu, Lalawigan ng Cebu, Pilipinas",Lapu-Lapu City,Condominium,10.3069542,124.0148808,7500000.0,166666.66666666666,12.02375108873622,161666.66666666666,45.0,1.0,1.0,0,0,16217.1,13669.4,9410.0,22903.6,27201.8,15722.0,36718.5,3926.6,9279,453,3.2259,27.2495,13.0339,0.6192,50.2802,4.0,12.1199,16.4231,22.0053,5000.0,8.517393171418904,10500.0,1,7938417.0
1527,open_market,Condo For Sale in Mactan,"One Pacific Residence Staycation, The Mactan Newtown, Lapu-Lapu City, Cebu, Pilipinas",Lapu-Lapu City,Condominium,10.3074306,124.0149091,7000000.0,170731.70731707316,12.04784864031528,165731.70731707316,41.0,,1.0,1,0,16217.1,13669.4,9410.0,22903.6,27201.8,15722.0,36718.5,3929.7,9279,453,3.2259,27.2495,13.0339,0.6192,50.2802,4.0,12.1199,16.4231,22.0053,5000.0,8.517393171418904,10500.0,1,7950045.0
1528,open_market,Condo For Sale in Mactan,"8 Newtown Boulevard, Newtown Blvd, Lapu-lapu City, Cebu, Philippines",Lapu-Lapu City,Condominium,10.3074825,124.0135096,4300000.0,110256.41025641024,11.610563934534143,105256.41025641024,39.0,,1.0,1,0,16075.0,13527.3,9267.9,22761.5,27059.7,15579.9,36576.4,3776.6,9137,311,4.3627,31.7423,15.1039,0.5432,47.4604,4.0,12.3717,19.8916,23.4374,5000.0,8.517393171418904,10500.0,1,7819522.0
1529,open_market,Condo For Sale in Mactan,"8 Newtown Boulevard, Newtown Blvd, Lapu-lapu City, Cebu, Philippines",Lapu-Lapu City,Condominium,10.3074825,124.0135096,4500000.0,118421.05263157896,11.682001795014163,113421.05263157896,38.0,,1.0,1,0,16075.0,13527.3,9267.9,22761.5,27059.7,15579.9,36576.4,3776.6,9137,311,4.3627,31.7423,15.1039,0.5432,47.4604,4.0,12.3717,19.8916,23.4374,5000.0,8.517393171418904,10500.0,1,7814760.0
1530,open_market,Apartment For Sale in Mactan,"One Manchester Place by Hiverooms, The Mactan Newtown, Lapu-Lapu, Lalawigan ng Cebu, Pilipinas",Lapu-Lapu City,Condominium,10.3074622,124.013489,9500000.0,163793.10344827586,12.00635934602435,158793.10344827586,58.0,1.0,2.0,0,0,16075.0,13527.3,9267.9,22761.5,27059.7,15579.9,36576.4,3774.3,9137,311,4.3627,31.7423,15.1039,0.5432,47.4604,4.0,12.3717,19.8916,23.4374,5000.0,8.517393171418904,10500.0,1,7695713.0
1531,open_market,Condo For Sale in Carreta,"North Reclamation Area, Lungsod ng Cebu, Lalawigan ng Cebu, Pilipinas",Cebu City,Condominium,10.3078656,123.915058,5500000.0,189655.1724137931,12.152962820216226,138405.1724137931,29.0,,,1,1,2250.0,4856.5,7878.6,8006.1,12304.3,11273.1,21821.0,6994.6,327,414,15.2824,47.7035,33.3822,2.3828,11.2497,5.2207,43.3652,76.0216,25.7864,51250.0,10.844490409005417,206750.0,0,4457046.0
1532,open_market,Condo For Sale in Mactan,"The Mactan Newtown, Lungsod ng Lapu-Lapu, Lalawigan ng Cebu, Pilipinas",Lapu-Lapu City,Condominium,10.3083245,124.0174659,3500000.0,134615.38461538462,11.81017698843816,127615.38461538462,26.0,,1.0,1,0,16476.3,13928.7,9669.3,23162.9,27461.1,15981.2,36977.8,4211.2,9539,931,1.9603,10.0453,4.1231,0.6205,43.641,0.7804,10.63,6.4593,14.0302,7000.0,8.853808274977197,13500.0,1,8680991.0
1533,open_market,Condo For Sale in Mactan,"The Mactan Newtown, Lungsod ng Lapu-Lapu, Lalawigan ng Cebu, Pilipinas",Lapu-Lapu City,Condominium,10.3083245,124.0174659,4500000.0,80357.14285714286,11.294236264005399,73357.14285714286,56.0,1.0,1.0,0,0,16476.3,13928.7,9669.3,23162.9,27461.1,15981.2,36977.8,4211.2,9539,931,1.9603,10.0453,4.1231,0.6205,43.641,0.7804,10.63,6.4593,14.0302,7000.0,8.853808274977197,13500.0,1,8655350.0
1534,open_market,Condo For Sale in Mactan,"The Mactan Newtown, Lungsod ng Lapu-Lapu, Lalawigan ng Cebu, Pilipinas",Lapu-Lapu City,Condominium,10.3083245,124.0174659,4800000.0,126315.7894736842,11.746540316151734,119315.7894736842,38.0,,1.0,1,0,16476.3,13928.7,9669.3,23162.9,27461.1,15981.2,36977.8,4211.2,9539,931,1.9603,10.0453,4.1231,0.6205,43.641,0.7804,10.63,6.4593,14.0302,7000.0,8.853808274977197,13500.0,1,8647658.0
1538,open_market,Condo For Sale in Pajo,"Humay-Humay Road, Lapu-Lapu City, Lalawigan ng Cebu, Pilipinas",Lapu-Lapu City,Condominium,10.3087469,123.9573763,3116565.0,148407.85714285713,11.907719554020428,138407.85714285713,21.0,1.0,1.0,0,0,9008.1,6641.5,934.7,15584.1,19882.3,10286.8,29399.0,2370.9,3189,419,22.42,38.3326,28.9288,5.4564,80.5806,11.8353,41.1107,124.273,41.1353,10000.0,9.210440366976515,20000.0,1,2890095.0
1543,open_market,Condo For Sale in Zapatera,"Rahmann (R. San Jose Street), Lorega, Cebu City, Cebu, Central Visayas, PHL",Cebu City,Condominium,10.30936594,123.9015422,4350000.0,108750.0,11.596806948950931,57500.0,40.0,1.0,1.0,0,0,1026.7,5114.2,9439.1,7077.9,11376.1,12118.7,20892.9,8476.3,1639,766,60.8085,109.0787,74.1534,10.1915,86.3064,9.0987,116.5178,79.9489,83.9736,51250.0,10.844490409005417,206750.0,0,7393535.0
1548,open_market,Condo For Sale in Punta EngaÃ±o,"MÃ¶venpick Cebu, Mactan Island, Lapu-Lapu, Lalawigan ng Cebu, Pilipinas",Lapu-Lapu City,Condominium,10.3100786,124.0233764,28000000.0,161849.71098265896,11.9944234736417,154849.71098265896,173.0,2.0,3.0,0,0,16949.9,14402.3,10142.8,23636.4,27934.6,16454.8,37451.4,4866.5,10012,1404,1.5887,4.1122,1.6511,0.2146,31.096,0.3683,17.1376,16.0,9.0322,7000.0,8.853808274977197,13500.0,1,11706775.0
1550,open_market,Condo For Sale in Santa Cruz,"General Maxilom Avenue, Cogon Ramos, Cebu City, Cebu, Central Visayas, PHL",Cebu City,Condominium,10.31053181,123.89742991,4900000.0,140000.0,11.84939770159144,88750.0,35.0,1.0,1.0,0,0,1154.0,5088.6,9690.9,7025.3,11323.5,12370.4,20840.3,8930.4,1891,1017,58.4677,136.2755,109.9353,12.89,81.6273,5.9456,148.3293,156.2526,91.2714,51250.0,10.844490409005417,206750.0,0,8375642.0
1551,open_market,Condo For Sale in Santa Cruz,"Horizons 101 Condominium Cebu City, Philippines, General Maxilom Avenue, Cebu City, Lalawigan ng Cebu, Pilipinas",Cebu City,Condominium,10.3105301,123.8974315,7000000.0,200000.0,12.206072645530174,148750.0,35.0,1.0,1.0,0,0,1154.0,5088.6,9690.9,7025.3,11323.5,12370.4,20840.3,8930.2,1891,1017,58.4677,136.2755,109.9353,12.89,81.6273,5.9456,148.3293,156.2526,91.2714,51250.0,10.844490409005417,206750.0,0,8324422.0
1552,open_market,Condo For Sale in Santa Cruz,"General Maxilom Avenue, Cogon Ramos, Cebu City, Cebu, Central Visayas, PHL",Cebu City,Condominium,10.31053181,123.89742991,30000000.0,348837.20930232556,12.762360643372922,297587.20930232556,86.0,4.0,3.0,0,0,1154.0,5088.6,9690.9,7025.3,11323.5,12370.4,20840.3,8930.4,1891,1017,58.4677,136.2755,109.9353,12.89,81.6273,5.9456,148.3293,156.2526,91.2714,51250.0,10.844490409005417,206750.0,0,7763447.0
1555,open_market,Condo For Sale in Punta EngaÃ±o,"MÃ¶venpick Cebu, Mactan Island, Punta EngaÃ±o Road, Lapu-Lapu, Lalawigan ng Cebu, Pilipinas",Lapu-Lapu City,Condominium,10.3105249,124.0234039,15000000.0,245901.6393442623,12.412686894893174,238901.6393442623,61.0,1.0,1.0,0,0,16949.9,14402.3,10142.8,23636.4,27934.6,16454.8,37451.4,4873.0,10012,1404,1.5887,4.1122,1.6511,0.2146,31.096,0.3683,17.1376,16.0,9.0322,7000.0,8.853808274977197,13500.0,1,12519275.0
1556,open_market,Condo For Sale in Punta EngaÃ±o,"MÃ¶venpick Cebu, Mactan Island, Punta EngaÃ±o Road, Lapu-Lapu, Lalawigan ng Cebu, Pilipinas",Lapu-Lapu City,Condominium,10.3105249,124.0234039,15559840.0,243122.5,12.40132071052563,236122.5,64.0,1.0,1.0,0,0,16949.9,14402.3,10142.8,23636.4,27934.6,16454.8,37451.4,4873.0,10012,1404,1.5887,4.1122,1.6511,0.2146,31.096,0.3683,17.1376,16.0,9.0322,7000.0,8.853808274977197,13500.0,1,12484285.0
1560,open_market,Condo For Sale in Punta EngaÃ±o,"Punta Engano Road, Punta Engano, Lapu-Lapu City, Cebu, Central Visayas, PHL",Lapu-Lapu City,Condominium,10.3106854,124.0231102,9500000.0,131944.44444444444,11.790136237554714,124944.44444444444,72.0,1.0,1.0,0,0,16949.9,14402.3,10142.8,23636.4,27934.6,16454.8,37451.4,4842.4,10012,1404,1.5887,4.1122,1.6511,0.2146,31.096,0.3683,17.1376,16.0,9.0322,7000.0,8.853808274977197,13500.0,1,12863025.0
1561,open_market,Condo For Sale in Punta EngaÃ±o,"Punta Engano Road, Punta Engano, Lapu-Lapu City, Cebu, Central Visayas, PHL",Lapu-Lapu City,Condominium,10.3106854,124.0231102,12000000.0,88235.29411764706,11.387762322016222,81235.29411764706,136.0,3.0,2.0,0,0,16949.9,14402.3,10142.8,23636.4,27934.6,16454.8,37451.4,4842.4,10012,1404,1.5887,4.1122,1.6511,0.2146,31.096,0.3683,17.1376,16.0,9.0322,7000.0,8.853808274977197,13500.0,1,12706775.0
1563,open_market,Studio For Sale in Punta EngaÃ±o,"Punta Engano Road, Punta Engano, Lapu-Lapu City, Cebu, Central Visayas, PHL",Lapu-Lapu City,Condominium,10.31098189,124.0221048,5360200.0,223341.66666666663,12.316458015435746,216341.66666666663,24.0,1.0,1.0,0,0,17023.7,14476.1,10216.7,23710.3,28008.5,16528.7,37525.2,4735.6,10086,1478,1.1626,3.7295,1.5008,0.2006,28.8465,0.3374,16.1887,16.0,8.2103,7000.0,8.853808274977197,13500.0,1,13144642.0
1564,open_market,Condo For Sale in Punta EngaÃ±o,"VERTEX COAST, Lapu-Lapu, Lalawigan ng Cebu, Pilipinas",Lapu-Lapu City,Condominium,10.3110232,124.0227066,4581302.0,190887.58333333337,12.15943996481865,183887.58333333337,24.0,1.0,1.0,0,0,16949.9,14402.3,10142.8,23636.4,27934.6,16454.8,37451.4,4801.5,10012,1404,1.5887,4.1122,1.6511,0.2146,31.096,0.3683,17.1376,16.0,9.0322,7000.0,8.853808274977197,13500.0,1,13185637.0
1565,open_market,Condo For Sale in Punta EngaÃ±o,"MÃ¶venpick Cebu, Mactan Island, Punta EngaÃ±o Rd, Lapu-Lapu City, Lalawigan ng Cebu, Pilipinas",Lapu-Lapu City,Condominium,10.3111503,124.0184974,5800000.0,152631.57894736843,11.935782315790261,145631.57894736843,38.0,1.0,1.0,0,0,16268.4,13720.8,9461.4,22955.0,27253.2,15773.3,36769.9,4344.5,9331,723,2.7795,13.6565,5.6736,0.4582,47.8161,1.0708,12.5065,10.2901,16.5691,7000.0,8.853808274977197,13500.0,1,8251312.0
1567,open_market,Studio For Sale in Carreta,"Sunvida Tower Residences, Across, Juan Luna Avenue Extension, Cebu City, Lalawigan ng Cebu, Pilipinas",Cebu City,Condominium,10.3115124,123.9166367,3800000.0,172727.27272727274,12.059469171338298,121477.27272727274,22.0,1.0,1.0,0,0,1943.9,4223.9,7689.0,8392.1,12690.3,10640.5,22207.0,6838.3,408,0,21.4327,64.7253,44.8482,2.3767,22.9841,9.6912,47.431,120.5328,37.0131,51250.0,10.844490409005417,206750.0,0,4508258.0
1568,open_market,Condo For Sale in Santa Cruz,"4-4 Paseo del Sol St, Capitol Site Pob., Cebu City, Cebu, Central Visayas, PHL",Cebu City,Condominium,10.31223061,123.893697,7500000.0,208333.33333333337,12.24689464005043,184633.33333333337,36.0,1.0,1.0,0,0,1607.0,5541.5,10362.1,7112.9,11411.1,13041.6,20927.9,9347.8,2573,1699,36.48,115.4614,99.6578,11.0568,33.9983,2.5311,137.0529,149.2018,63.6884,23700.0,10.073272520325904,29550.0,0,9394595.0
1573,open_market,Condo For Sale in Camputhaw,"Baseline Residences, Juana OsmeÃ±a Street, Cebu City, Lalawigan ng Cebu, Pilipinas",Cebu City,Condominium,10.3125678,123.894721,7500000.0,187500.0,12.141534124392603,163800.0,40.0,1.0,1.0,0,0,1465.4,5399.9,10220.4,6971.3,11269.5,12899.9,20786.2,9238.4,2431,1558,46.5624,143.727,131.944,15.5926,51.0721,3.4654,172.0652,202.0575,81.7372,23700.0,10.073272520325904,29550.0,0,9574286.0
1575,open_market,Studio For Sale in Punta EngaÃ±o,"Punta Engano, Lapu-Lapu City, Cebu, Central Visayas, PHL",Lapu-Lapu City,Condominium,10.31285526,124.023252,1200000.0,57142.857142857145,10.953309677034806,50142.857142857145,21.0,1.0,1.0,0,0,17173.2,14625.6,10366.2,23859.7,28157.9,16678.1,37674.7,4883.0,10236,1627,1.0992,2.4847,1.0348,0.1762,22.9035,0.2856,15.9781,15.0923,6.4331,7000.0,8.853808274977197,13500.0,1,13381775.0
1576,open_market,Condo For Sale in Punta EngaÃ±o,"balai by BE Residences Punta EngaÃ±o, Lapu-Lapu, Lalawigan ng Cebu, Pilipinas",Lapu-Lapu City,Condominium,10.3128602,124.0232522,4130000.0,187727.2727272727,12.1427455115789,180727.2727272727,22.0,1.0,1.0,0,0,17173.2,14625.6,10366.2,23859.7,28157.9,16678.1,37674.7,4883.1,10236,1627,1.0992,2.4847,1.0348,0.1762,22.9035,0.2856,15.9781,15.0923,6.4331,7000.0,8.853808274977197,13500.0,1,13198650.0
1577,open_market,Condo For Sale in Pusok,"Mactan-Cebu International Airport Authority (MCIAA), Lapu-Lapu Airport Road, Lungsod ng Lapu-Lapu, Lalawigan ng Cebu, Pilipinas",Lapu-Lapu City,Condominium,10.3133165,123.9761977,8900000.0,143548.38709677418,11.874427449657277,133548.38709677418,62.0,,,1,1,11903.7,9356.1,5096.7,18597.7,22895.9,11425.6,32412.7,746.6,4966,1730,0.66,13.3028,6.2368,0.1266,9.923,0.2607,6.5405,20.6914,7.0874,10000.0,9.210440366976515,20000.0,1,2800000.0
1580,open_market,Condo For Sale in Camputhaw,"Premiere Citi Suites Building, 62 MA. Cristina St, Capitol Site, Cebu City, 6000 Cebu, Philippines",Cebu City,Condominium,10.313874,123.894275,4000000.0,160000.0,11.982929094215963,136300.0,25.0,,1.0,1,0,1600.0,5387.7,10355.1,7109.1,11407.3,13034.6,20924.0,9297.5,2566,1692,44.9136,136.6408,133.2359,14.1499,41.7268,3.8568,179.1969,215.0555,76.4808,23700.0,10.073272520325904,29550.0,0,8966667.0
1581,open_market,Condo For Sale in Camputhaw,"Premiere Citi Suites Building, 62 MA. Cristina St, Capitol Site, Cebu City, 6000 Cebu, Philippines",Cebu City,Condominium,10.313874,123.894275,8500000.0,223684.2105263158,12.31799056173416,199984.2105263158,38.0,1.0,1.0,0,0,1600.0,5387.7,10355.1,7109.1,11407.3,13034.6,20924.0,9297.5,2566,1692,44.9136,136.6408,133.2359,14.1499,41.7268,3.8568,179.1969,215.0555,76.4808,23700.0,10.073272520325904,29550.0,0,8779167.0
1582,open_market,Condo For Sale in Banawa,"Guadalupe, Cebu City, Cebu, Central Visayas, PHL",Cebu City,Condominium,10.314163111278,123.87131406363,5613000.0,193551.72413793104,12.173300063937862,169851.72413793104,29.0,1.0,1.0,0,0,4376.4,8012.6,13195.5,7232.6,11209.9,15875.0,20726.7,11805.2,5635,3560,1.9834,4.6942,0.5801,0.9935,0.0,0.0,3.6917,0.0,2.506,23700.0,10.073272520325904,29550.0,0,5479636.0
1583,open_market,Condo For Sale in Banawa,"Guadalupe, Cebu City, Cebu, Central Visayas, PHL",Cebu City,Condominium,10.314163111278,123.87131406363,8067000.0,152207.54716981133,11.933000310366989,128507.54716981133,53.0,2.0,2.0,0,0,4376.4,8012.6,13195.5,7232.6,11209.9,15875.0,20726.7,11805.2,5635,3560,1.9834,4.6942,0.5801,0.9935,0.0,0.0,3.6917,0.0,2.506,23700.0,10.073272520325904,29550.0,0,5256545.0
1584,open_market,Condo For Sale in Banawa,"Guadalupe, Cebu City, Cebu, Central Visayas, PHL",Cebu City,Condominium,10.314163111278,123.87131406363,11949000.0,147518.5185185185,11.901708996159453,123818.51851851853,81.0,3.0,3.0,0,0,4376.4,8012.6,13195.5,7232.6,11209.9,15875.0,20726.7,11805.2,5635,3560,1.9834,4.6942,0.5801,0.9935,0.0,0.0,3.6917,0.0,2.506,23700.0,10.073272520325904,29550.0,0,4903636.0
1585,open_market,Condo For Sale in Pajo,"Pusok Road, Lapu-Lapu City, Cebu, Pilipinas",Lapu-Lapu City,Condominium,10.3142593,123.9643759,4809790.0,178140.37037037036,12.090327116080871,168140.37037037036,27.0,1.0,1.0,0,0,9001.4,6634.8,1794.8,15577.4,19875.6,10269.8,29392.3,1781.6,3182,547,15.5222,19.7129,10.2136,2.2415,31.6129,4.5178,45.7216,30.7537,20.7575,10000.0,9.210440366976515,20000.0,1,3717151.0
1586,open_market,Studio For Sale in Cebu Business Park,"Leyte Loop, Carreta, Cebu City, Cebu, Central Visayas, PHL",Cebu City,Condominium,10.314406015177289,123.90846468711634,5200000.0,200000.0,12.206072645530174,148750.0,26.0,,1.0,1,0,596.4,4266.7,8860.3,8204.0,12502.2,11539.8,22019.0,7757.0,1927,671,19.5969,73.3102,40.9431,3.4155,97.073,6.7212,63.3047,137.1688,55.602,51250.0,10.844490409005417,206750.0,0,16520103.0
1590,open_market,Condo For Sale in Banawa,"R. Duterte, Guadalupe, Cebu City, Cebu, Central Visayas, PHL",Cebu City,Condominium,10.3151542,123.8833416,9051549.0,127486.6056338028,11.755766584209548,103786.6056338028,71.0,2.0,2.0,0,0,2639.7,6275.9,11458.8,6742.0,10719.3,14138.4,20236.1,10501.3,4158,2330,22.0212,53.8622,47.9693,5.8209,2.292,4.7291,57.8542,36.3898,28.9348,23700.0,10.073272520325904,29550.0,0,11023142.0
1597,open_market,Condo For Sale in Cebu Business Park,"Park Tower One, Samar Loop, Cebu City, Cebu, Pilipinas",Cebu City,Condominium,10.3156958,123.9088967,7500000.0,91463.41463414632,11.423694331242286,40213.414634146335,82.0,2.0,2.0,0,0,566.5,4114.9,8773.6,8117.4,12415.6,11453.1,21932.3,7726.2,1841,584,22.3779,85.8078,47.0,3.5588,111.711,7.5029,70.5267,162.8247,64.4065,51250.0,10.844490409005417,206750.0,0,18238504.0
1598,open_market,Condo For Sale in Cebu Business Park,"Park Tower One, Samar Loop, Cebu City, Lalawigan ng Cebu, Pilipinas",Cebu City,Condominium,10.3156958,123.9088967,9500000.0,113095.23809523808,11.635985557727455,61845.23809523809,84.0,2.0,2.0,0,0,566.5,4114.9,8773.6,8117.4,12415.6,11453.1,21932.3,7726.2,1841,584,22.3779,85.8078,47.0,3.5588,111.711,7.5029,70.5267,162.8247,64.4065,51250.0,10.844490409005417,206750.0,0,18218504.0
1602,open_market,Condo For Sale in Cebu Business Park,"Solinea Tower 2 (Turquoise), Cardinal Rosales Avenue, Cebu City, Lalawigan ng Cebu, Pilipinas",Cebu City,Condominium,10.3160059,123.905247,5000000.0,208333.33333333337,12.24689464005043,157083.33333333334,24.0,1.0,1.0,0,0,198.3,4162.1,8851.8,8029.1,12327.3,11531.4,21844.0,8126.7,1915,786,30.4351,121.9922,69.2252,5.4855,159.343,11.2185,95.5885,259.5972,91.0659,51250.0,10.844490409005417,206750.0,0,19110357.0
1603,open_market,Condo For Sale in Cebu Business Park,"Masbate Road, Mabolo, Cebu City, Cebu, Central Visayas, PHL",Cebu City,Condominium,10.316089,123.907529,18000000.0,178217.82178217822,12.090761799019178,126967.82178217822,101.0,2.0,2.0,0,0,459.6,4341.6,9031.3,8252.6,12550.9,11710.9,22067.6,7880.1,2125,868,19.7671,77.8616,45.6574,3.8402,103.55,6.9979,65.3445,166.0558,58.6862,51250.0,10.844490409005417,206750.0,0,19518017.0
1604,open_market,Condo For Sale in Cebu Business Park,"Masbate Road, Mabolo, Cebu City, Cebu, Central Visayas, PHL",Cebu City,Condominium,10.316089,123.907529,21000000.0,207920.79207920792,12.244912478846437,156670.79207920792,101.0,2.0,2.0,0,0,459.6,4341.6,9031.3,8252.6,12550.9,11710.9,22067.6,7880.1,2125,868,19.7671,77.8616,45.6574,3.8402,103.55,6.9979,65.3445,166.0558,58.6862,51250.0,10.844490409005417,206750.0,0,19492807.0
1605,open_market,Condo For Sale in Cebu Business Park,"Masbate Road, Mabolo, Cebu City, Cebu, Central Visayas, PHL",Cebu City,Condominium,10.316089,123.907529,27000000.0,275510.20408163266,12.52637994529803,224260.20408163263,98.0,2.0,2.0,0,0,459.6,4341.6,9031.3,8252.6,12550.9,11710.9,22067.6,7880.1,2125,868,19.7671,77.8616,45.6574,3.8402,103.55,6.9979,65.3445,166.0558,58.6862,51250.0,10.844490409005417,206750.0,0,19442387.0
1606,open_market,Condo For Sale in Cebu Business Park,"Avalon Cebu, Luzon Avenue, Lungsod ng Cebu, Lalawigan ng Cebu, Pilipinas",Cebu City,Condominium,10.3161902,123.9047197,46000000.0,177606.1776061776,12.087323892753831,126356.1776061776,259.0,3.0,4.0,0,0,198.3,4162.1,8851.8,8029.1,12327.3,11531.4,21844.0,8186.5,1915,786,30.4351,121.9922,69.2252,5.4855,159.343,11.2185,95.5885,259.5972,91.0659,51250.0,10.844490409005417,206750.0,0,18394499.0
1607,open_market,Condo For Sale in Mandaue,"Mandani Bay, F.E. Zuellig Avenue, Mandaue City, Lalawigan ng Cebu, Pilipinas",Mandaue City,Condominium,10.3162592,123.9310492,6000000.0,181818.18181818185,12.110762465725848,160668.18181818182,33.0,1.0,1.0,0,0,3786.9,3603.2,5803.4,9846.7,14144.9,9359.7,23661.6,5340.7,136,1175,11.1993,26.5547,14.603,5.7913,19.44,1.4958,14.7787,18.3295,18.4831,21150.0,9.959442464680574,41250.0,0,9578571.0
1608,open_market,Condo For Sale in Cebu Business Park,"Cebu Business Park, Cebu City, Cebu, Central Visayas, PHL",Cebu City,Condominium,10.31649684,123.90552502,18000000.0,240000.0,12.388394202324129,188750.0,75.0,1.0,1.0,0,0,183.2,4141.2,8831.0,8050.5,12348.7,11510.5,21865.4,8103.3,1937,765,29.9267,121.804,69.7417,5.3428,159.8892,10.9104,95.7159,260.7229,90.895,51250.0,10.844490409005417,206750.0,0,19031327.0
1609,open_market,Condo For Sale in Pajo,"Lapu-Lapu, Lalawigan ng Cebu, Pilipinas",Lapu-Lapu City,Condominium,10.3168343,123.9649926,3461220.0,144217.5,11.879077855692852,134217.5,24.0,,1.0,1,0,8918.4,6551.8,1993.4,15494.4,19792.6,9845.8,29309.4,1869.5,3073,196,6.5202,24.1072,18.8977,1.6198,65.8405,12.4231,46.9579,45.0922,25.8481,10000.0,9.210440366976515,20000.0,1,3885722.0
1612,open_market,Condo For Sale in Pajo,"Sr. San Vicente Ferrer New Camansi Chapel, M. L. Quezon National Hwy, Pajo, Lapu-Lapu City, Cebu, Central Visayas, PHL",Lapu-Lapu City,Condominium,10.31689704,123.96181591,2900000.0,90625.0,11.414485392156976,80625.0,32.0,1.0,1.0,0,0,8443.6,6077.0,1526.2,15019.6,19317.8,9686.7,28834.6,2166.8,2599,0,9.3047,30.8122,24.7896,1.989,93.4218,13.137,58.4473,65.625,35.5291,10000.0,9.210440366976515,20000.0,1,3955874.0
1613,open_market,Condo For Sale in Pajo,"Lapu-Lapu City, Lalawigan ng Cebu, Pilipinas",Lapu-Lapu City,Condominium,10.3168646,123.9649095,600000.0,16666.666666666668,9.721165995742174,6666.666666666668,36.0,2.0,2.0,0,0,8908.4,6541.8,1983.4,15484.4,19782.6,9855.5,29299.3,1878.8,3063,196,6.528,24.0342,18.9208,1.6141,66.2399,12.3206,47.1028,44.9557,25.9151,10000.0,9.210440366976515,20000.0,1,4243374.0
1614,open_market,Condo For Sale in Pajo,"6015, Lapu-Lapu City, Central Visayas, PHL",Lapu-Lapu City,Condominium,10.31686445,123.96490965,3257186.0,155104.09523809524,11.951851752672246,145104.09523809524,21.0,,1.0,1,0,8908.4,6541.8,1983.4,15484.4,19782.6,9855.5,29299.3,1878.8,3063,196,6.528,24.0342,18.9208,1.6141,66.2399,12.3206,47.1028,44.9557,25.9151,10000.0,9.210440366976515,20000.0,1,3911226.0
1615,open_market,Condo For Sale in Pajo,"6015, Lapu-Lapu City, Central Visayas, PHL",Lapu-Lapu City,Condominium,10.31686445,123.96490965,5620000.0,96896.55172413791,11.481399211323454,86896.55172413793,58.0,1.0,1.0,0,0,8908.4,6541.8,1983.4,15484.4,19782.6,9855.5,29299.3,1878.8,3063,196,6.528,24.0342,18.9208,1.6141,66.2399,12.3206,47.1028,44.9557,25.9151,10000.0,9.210440366976515,20000.0,1,3615874.0
1616,open_market,Condo For Sale in Cebu Business Park,"Samar loop Cebu city, Samar Loop, Cebu City, Lalawigan ng Cebu, Pilipinas",Cebu City,Condominium,10.3172382,123.9091856,9500000.0,113095.23809523808,11.635985557727455,61845.23809523809,84.0,2.0,1.0,0,0,890.7,3747.4,8390.9,8562.7,12860.9,11070.4,22377.6,7717.8,1614,256,25.3456,86.3953,42.7567,2.7835,101.031,5.7723,71.0145,143.7725,63.5648,51250.0,10.844490409005417,206750.0,0,19011972.0
1620,open_market,Condo For Sale in Pajo,"Lapu-Lapu, Lalawigan ng Cebu, Pilipinas",Lapu-Lapu City,Condominium,10.3172,123.96473,7980000.0,159600.0,11.980425963997845,149600.0,50.0,1.0,1.0,0,0,8831.1,6464.5,1906.1,15407.1,19705.3,9778.2,29222.1,1916.4,2986,119,7.3291,26.7433,20.2056,1.7618,72.3701,13.2397,52.058,47.3917,28.5687,10000.0,9.210440366976515,20000.0,1,3320874.0
1622,open_market,Condo For Sale in Mandaue,"F.E. Zuellig Avenue, Mandaue City, Cebu, Pilipinas",Mandaue City,Condominium,10.3177244,123.9320764,1800000.0,62068.96551724138,11.03600139287992,40918.96551724138,29.0,,1.0,1,0,3987.0,3518.5,5363.4,10263.7,14561.9,8919.6,24078.7,5264.3,181,1090,17.4472,37.0435,20.1699,9.6969,18.6924,2.0177,14.4021,34.2504,24.7286,21150.0,9.959442464680574,41250.0,0,12654180.0
1623,open_market,Condo For Sale in Mandaue,"F.E. Zuellig Avenue, Mandaue, Lalawigan ng Cebu, Pilipinas",Mandaue City,Condominium,10.3177244,123.9320764,6600000.0,227586.2068965517,12.33528437701018,206436.2068965517,29.0,,1.0,1,0,3987.0,3518.5,5363.4,10263.7,14561.9,8919.6,24078.7,5264.3,181,1090,17.4472,37.0435,20.1699,9.6969,18.6924,2.0177,14.4021,34.2504,24.7286,21150.0,9.959442464680574,41250.0,0,12217816.0
1624,open_market,Condo For Sale in Mandaue,"F.E. Zuellig Avenue, Mandaue, Lalawigan ng Cebu, Pilipinas",Mandaue City,Condominium,10.3177244,123.9320764,6850000.0,236206.89655172417,12.372463380251935,215056.89655172417,29.0,,1.0,1,0,3987.0,3518.5,5363.4,10263.7,14561.9,8919.6,24078.7,5264.3,181,1090,17.4472,37.0435,20.1699,9.6969,18.6924,2.0177,14.4021,34.2504,24.7286,21150.0,9.959442464680574,41250.0,0,12195089.0
1627,open_market,Condo For Sale in Pajo,"Lapu-lapu City, Lalawigan ng Cebu, Pilipinas",Lapu-Lapu City,Condominium,10.3183756,123.9639483,2800000.0,100000.0,11.512925464970229,90000.0,28.0,,1.0,1,0,8722.1,6355.5,1797.1,15298.1,19596.3,9649.4,29113.0,2062.7,2877,0,8.5329,29.5105,21.9946,2.0949,79.1008,13.6922,59.8888,52.307,31.5557,10000.0,9.210440366976515,20000.0,1,3968374.0
1629,open_market,Studio For Sale in Pajo,"Lapu-lapu City, Lalawigan ng Cebu, Pilipinas",Lapu-Lapu City,Condominium,10.3183756,123.9639483,3118800.0,129950.0,11.774905040069637,119950.0,24.0,1.0,1.0,0,0,8722.1,6355.5,1797.1,15298.1,19596.3,9649.4,29113.0,2062.7,2877,0,8.5329,29.5105,21.9946,2.0949,79.1008,13.6922,59.8888,52.307,31.5557,10000.0,9.210440366976515,20000.0,1,3928524.0
1630,open_market,Condo For Sale in Punta EngaÃ±o,"Punta EngaÃ±o Road, Lapu-Lapu, Lalawigan ng Cebu, Pilipinas",Lapu-Lapu City,Condominium,10.3185134,124.0296471,4500000.0,187500.0,12.141534124392603,180500.0,24.0,,1.0,1,0,18053.1,15505.5,11246.1,24739.7,29037.9,17558.1,38554.6,5683.0,11116,2507,2.3754,2.0024,0.0,0.094,27.1289,0.0,10.9295,1.902,7.7752,7000.0,8.853808274977197,13500.0,1,11670290.0
1631,open_market,Condo For Sale in Punta EngaÃ±o,"Punta EngaÃ±o Road, Lapu-Lapu, Lalawigan ng Cebu, Pilipinas",Lapu-Lapu City,Condominium,10.3185134,124.0296471,5100000.0,212500.0,12.266697267346608,205500.0,24.0,,1.0,1,0,18053.1,15505.5,11246.1,24739.7,29037.9,17558.1,38554.6,5683.0,11116,2507,2.3754,2.0024,0.0,0.094,27.1289,0.0,10.9295,1.902,7.7752,7000.0,8.853808274977197,13500.0,1,11615745.0
1632,open_market,Condo For Sale in Punta EngaÃ±o,"Punta EngaÃ±o Rd, Lapu-Lapu, Lalawigan ng Cebu, Philippines",Lapu-Lapu City,Condominium,10.3185134,124.0296471,9795188.0,238907.0243902439,12.383829735938333,231907.0243902439,41.0,1.0,1.0,0,0,18053.1,15505.5,11246.1,24739.7,29037.9,17558.1,38554.6,5683.0,11116,2507,2.3754,2.0024,0.0,0.094,27.1289,0.0,10.9295,1.902,7.7752,7000.0,8.853808274977197,13500.0,1,11188909.0
1633,open_market,Condo For Sale in Cebu Business Park,"Filinvest Luz Branch, J. Solon Drive, Hippodromo, Cebu City, Cebu, Central Visayas, PHL",Cebu City,Condominium,10.31919569,123.9031398,12190674.0,243813.48,12.404158785723117,180813.48,50.0,1.0,1.0,0,0,349.1,3938.9,9116.5,8080.4,12378.6,11796.0,21895.4,8404.6,2287,853,41.4474,130.0123,91.7268,5.8971,160.7107,6.7223,102.4064,295.846,99.059,63000.0,11.050905878263569,74000.0,0,17386741.0
1634,open_market,Studio For Sale in Luz,"Pope John Paul II Ave, cor Cardinal Rosales Ave, Cebu City, Cebu",Cebu City,Condominium,10.31920526,123.90963323,5000000.0,166666.66666666666,12.02375108873622,115416.66666666666,30.0,1.0,1.0,0,0,1172.4,3592.3,8282.1,8946.5,13244.7,10961.6,22761.4,7704.3,1645,136,22.5546,71.1522,34.7621,2.3546,75.166,4.3782,59.0716,81.3758,51.3163,51250.0,10.844490409005417,206750.0,0,21276141.0
1635,open_market,Penthouse For Sale in Luz,"Pope John Paul II Ave, cor Cardinal Rosales Ave, Cebu City, Cebu",Cebu City,Condominium,10.31920526,123.90963323,35604166.0,284833.328,12.559659474145272,233583.328,125.0,2.0,2.0,0,0,1172.4,3592.3,8282.1,8946.5,13244.7,10961.6,22761.4,7704.3,1645,136,22.5546,71.1522,34.7621,2.3546,75.166,4.3782,59.0716,81.3758,51.3163,51250.0,10.844490409005417,206750.0,0,20868086.0
1636,open_market,Penthouse For Sale in Luz,"Pope John Paul II Ave, cor Cardinal Rosales Ave, Cebu City, Cebu",Cebu City,Condominium,10.31920526,123.90963323,51828150.0,292814.406779661,12.58729426334129,241564.40677966105,177.0,3.0,4.0,0,0,1172.4,3592.3,8282.1,8946.5,13244.7,10961.6,22761.4,7704.3,1645,136,22.5546,71.1522,34.7621,2.3546,75.166,4.3782,59.0716,81.3758,51.3163,51250.0,10.844490409005417,206750.0,0,20651766.0
1637,open_market,Apartment For Sale in Pajo,"Pusok, Lapu-Lapu City, Lalawigan ng Cebu, Pilipinas",Lapu-Lapu City,Condominium,10.3197437,123.9722147,12000000.0,26966.29213483146,10.202342925586034,16966.29213483146,445.0,9.0,3.0,0,0,10082.1,7715.5,3091.3,16658.1,20956.3,10499.2,30473.0,1580.5,4025,1105,17.274,10.151,8.5615,3.2627,7.1499,2.2685,31.019,5.7486,12.8108,10000.0,9.210440366976515,20000.0,1,8175665.0
1640,open_market,Condo For Sale in Pusok,"Matumbo-Pusok Road, Lungsod ng Lapu-Lapu, Lalawigan ng Cebu, Pilipinas",Lapu-Lapu City,Condominium,10.3197316,123.9737756,2900000.0,80555.55555555556,11.296702356500592,70555.55555555556,36.0,1.0,1.0,0,0,10151.8,7785.2,3161.0,16727.8,21026.0,10568.9,30542.7,1506.7,4095,944,15.9153,13.0451,11.5229,2.6359,7.6714,2.5636,33.4807,16.3797,13.3178,10000.0,9.210440366976515,20000.0,1,5904704.0
1641,open_market,Condo For Sale in Pajo,"Matumbo-Pusok Road, Lapu-Lapu City, Cebu, Pilipinas",Lapu-Lapu City,Condominium,10.3198121,123.9738525,6192284.0,158776.5128205128,11.975252912703333,148776.5128205128,39.0,1.0,1.0,0,0,10151.8,7785.2,3161.0,16727.8,21026.0,10568.9,30542.7,1511.9,4095,944,15.9153,13.0451,11.5229,2.6359,7.6714,2.5636,33.4807,16.3797,13.3178,10000.0,9.210440366976515,20000.0,1,5669540.0
1643,open_market,Condo For Sale in Punta EngaÃ±o,"AmiSa Private Residences, Punta EngaÃ±o Road, Lapu-Lapu, Lalawigan ng Cebu, Pilipinas",Lapu-Lapu City,Condominium,10.31980145,124.0309943,9100000.0,227500.0,12.334905517373143,220500.0,40.0,1.0,1.0,0,0,18296.9,15749.3,11489.9,24983.4,29281.6,17801.8,38798.4,5859.5,11359,2751,3.9146,4.0,0.0,0.0814,24.1183,0.0,5.6801,4.0,8.4841,7000.0,8.853808274977197,13500.0,1,12206099.0
1645,open_market,Studio For Sale in Centro,"Guizo, Mandaue City, Cebu, Central Visayas, PHL",Mandaue City,Condominium,10.319975631487145,123.93847245723008,4880000.0,147878.78787878787,11.90414821636285,132878.78787878787,33.0,,1.0,1,0,5169.0,3694.1,4744.3,11462.9,15761.1,8300.5,25277.9,4655.0,658,1389,13.4095,20.6467,20.7559,3.8151,34.0624,5.4111,15.8082,51.9025,20.679,15000.0,9.61587214452889,27500.0,0,10225035.0
1648,open_market,Studio For Sale in Camputhaw,"Molave, Hippodromo, Cebu City, Cebu, Central Visayas, PHL",Cebu City,Condominium,10.320272,123.901563,3800000.0,140740.74074074073,11.854674758692285,77740.74074074073,27.0,1.0,1.0,0,0,558.5,4193.2,9376.1,8289.8,12588.0,12055.6,22104.8,8594.4,2497,1108,39.9958,107.2384,72.5138,4.3868,129.5201,7.4517,96.8401,251.588,83.6288,63000.0,11.050905878263569,74000.0,0,13485692.0
1649,open_market,Condo For Sale in Luz,"Landers Central, Landers Superstore, Cardinal Rosales Avenue, Cebu City, Lalawigan ng Cebu, Pilipinas",Cebu City,Condominium,10.3203731,123.9097051,1996500.0,110916.66666666669,11.616534447589249,80916.66666666667,18.0,,1.0,1,0,793.3,3531.1,8220.9,8609.5,12907.7,10900.4,22424.5,7720.1,1755,155,29.8997,102.112,51.9036,3.0401,122.8665,5.9972,81.5155,187.0613,75.8702,30000.0,10.308985993422082,57000.0,0,18467330.0
1650,open_market,Condo For Sale in Mandaue,"Ouano Avenue, Mandaue City, Lalawigan ng Cebu, Pilipinas",Mandaue City,Condominium,10.32058604,123.93169482,12300000.0,267391.3043478261,12.496468423853551,246241.3043478261,46.0,1.0,1.0,0,0,3995.0,3526.6,5272.8,10317.4,14615.6,8792.3,24132.4,5384.2,0,1098,19.3215,40.9074,25.6233,9.8333,23.178,2.9805,17.263,81.6247,27.8953,21150.0,9.959442464680574,41250.0,0,8462288.0
1651,open_market,Condo For Sale in Mandaue,"Mandani Bay Suites Phase 1, Mandaue, Lalawigan ng Cebu, Pilipinas",Mandaue City,Condominium,10.3207231,123.9381858,5900000.0,203448.27586206896,12.223167078889475,188448.27586206896,29.0,,1.0,1,0,4982.9,3508.0,4558.2,11276.8,15575.0,8114.4,25091.8,4710.7,472,1203,18.4502,31.5762,28.7311,5.5492,43.914,8.9477,20.5466,91.7682,28.8899,15000.0,9.61587214452889,27500.0,0,10191035.0
1652,open_market,Condo For Sale in Mandaue,"Mandani Bay Suites Phase 1, F.E. Zuellig Avenue, Tipolo, Mandaue, Lalawigan ng Cebu, Pilipinas",Mandaue City,Condominium,10.3208497,123.9383224,17000000.0,207317.07317073172,12.242004654756236,192317.07317073172,82.0,3.0,3.0,0,0,4982.9,3508.0,4558.2,11276.8,15575.0,8114.4,25091.8,4701.1,472,1203,18.4502,31.5762,28.7311,5.5492,43.914,8.9477,20.5466,91.7682,28.8899,15000.0,9.61587214452889,27500.0,0,9821035.0
1653,open_market,Penthouse For Sale in Mandaue,"Mandani Bay Suites Tower, F.E. Zuellig Avenue, Tipolo, Mandaue, Lalawigan ng Cebu, Pilipinas",Mandaue City,Condominium,10.3208497,123.9383224,17500000.0,196629.21348314607,12.189075069161603,181629.21348314607,89.0,2.0,2.0,0,0,4982.9,3508.0,4558.2,11276.8,15575.0,8114.4,25091.8,4701.1,472,1203,18.4502,31.5762,28.7311,5.5492,43.914,8.9477,20.5466,91.7682,28.8899,15000.0,9.61587214452889,27500.0,0,9804369.0
1654,open_market,Condo For Sale in Mandaue,"Mandani Bay Suites, F.E. Zuellig Avenue, Tipolo, Mandaue, Lalawigan ng Cebu, Pilipinas",Mandaue City,Condominium,10.3208497,123.9383224,24000000.0,183206.106870229,12.118367065111068,168206.106870229,131.0,2.0,2.0,0,0,4982.9,3508.0,4558.2,11276.8,15575.0,8114.4,25091.8,4701.1,472,1203,18.4502,31.5762,28.7311,5.5492,43.914,8.9477,20.5466,91.7682,28.8899,15000.0,9.61587214452889,27500.0,0,9587702.0
1655,open_market,Studio For Sale in Cebu Business Park,"Archbishop Reyes Avenue, Cebu City, Lalawigan ng Cebu, Pilipinas",Cebu City,Condominium,10.3208657,123.9041927,5126000.0,233000.0,12.358793732547838,203000.0,22.0,,1.0,1,0,503.2,3781.8,8958.6,8238.3,12536.5,11638.1,22053.3,8322.8,2445,696,42.7157,133.9989,83.498,4.696,175.1602,6.8353,103.3129,303.8215,104.2091,30000.0,10.308985993422082,57000.0,0,19781814.0
1656,open_market,Studio For Sale in Cebu Business Park,"Archbishop Reyes Avenue, Cebu City, Lalawigan ng Cebu, Pilipinas",Cebu City,Condominium,10.3208657,123.9041927,5300000.0,240909.0909090909,12.392174925164035,210909.0909090909,22.0,,1.0,1,0,503.2,3781.8,8958.6,8238.3,12536.5,11638.1,22053.3,8322.8,2445,696,42.7157,133.9989,83.498,4.696,175.1602,6.8353,103.3129,303.8215,104.2091,30000.0,10.308985993422082,57000.0,0,19779666.0
1657,open_market,Condo For Sale in Mandaue,"Guizo, Mandaue City, Cebu, Central Visayas, PHL",Mandaue City,Condominium,10.320856297026372,123.93831206385768,4500000.0,155172.41379310345,11.952292124754074,140172.41379310345,29.0,,1.0,1,0,4982.9,3508.0,4558.2,11276.8,15575.0,8114.4,25091.8,4702.4,472,1203,18.4502,31.5762,28.7311,5.5492,43.914,8.9477,20.5466,91.7682,28.8899,15000.0,9.61587214452889,27500.0,0,10237702.0
1658,open_market,Studio For Sale in Mandaue,"Guizo, Mandaue City, Cebu, Central Visayas, PHL",Mandaue City,Condominium,10.3208563,123.93831206,5000000.0,172413.7931034483,12.0576526404119,157413.7931034483,29.0,,1.0,1,0,4982.9,3508.0,4558.2,11276.8,15575.0,8114.4,25091.8,4702.4,472,1203,18.4502,31.5762,28.7311,5.5492,43.914,8.9477,20.5466,91.7682,28.8899,15000.0,9.61587214452889,27500.0,0,10221035.0
1660,open_market,Condo For Sale in Mandaue,"6014, Mandaue City, Central Visayas, PHL",Mandaue City,Condominium,10.32096717,123.93759236,7500000.0,300000.0,12.611537753638338,285000.0,25.0,,1.0,1,0,5105.6,3630.6,4763.9,11399.5,15697.7,8320.2,25214.4,4780.9,597,1326,13.4441,21.9983,21.2279,3.8864,34.1259,5.3812,16.5848,58.8595,21.1749,15000.0,9.61587214452889,27500.0,0,10137702.0
1661,open_market,Condo For Sale in Punta EngaÃ±o,"Sheraton Cebu Mactan Resort, Mactan Island, Punta EngaÃ±o Road, Lungsod ng Lapu-Lapu, Lalawigan ng Cebu, Pilipinas",Lapu-Lapu City,Condominium,10.3209731,124.0360499,45000000.0,306122.44897959183,12.631740460955857,299122.44897959183,147.0,2.0,2.0,0,0,18778.2,16230.6,11971.2,25464.8,29763.0,18283.2,39279.7,6427.6,11841,3233,4.0554,4.0,0.0,0.0629,11.2087,0.0,2.4829,4.0,5.6811,7000.0,8.853808274977197,13500.0,1,32608077.0
1662,open_market,Condo For Sale in Mandaue,"Guizo, Mandaue City, Cebu, Central Visayas, PHL",Mandaue City,Condominium,10.32105656,123.9381858,5500000.0,189655.1724137931,12.152962820216226,174655.1724137931,29.0,,1.0,1,0,4960.5,3485.6,4544.8,11254.4,15552.7,8101.1,25069.4,4722.7,452,1181,18.9042,33.4745,30.7242,5.741,45.4941,9.3754,21.1037,97.2363,30.0986,15000.0,9.61587214452889,27500.0,0,10204369.0
1664,open_market,Condo For Sale in Punta EngaÃ±o,"Punta Engano, Lapu-Lapu City, Cebu, Pilipinas",Lapu-Lapu City,Condominium,10.3210549,124.0321172,14933500.0,244811.47540983607,12.408243705195797,237811.47540983607,61.0,1.0,1.0,0,0,18434.7,15887.1,11627.7,25121.3,29419.5,17939.6,38936.2,6013.0,11497,2889,5.5707,4.0,0.0,0.0753,21.8954,0.0,4.3423,4.0,8.7309,7000.0,8.853808274977197,13500.0,1,19449544.0
1665,open_market,Condo For Sale in Punta EngaÃ±o,"Punta Engano, Lapu-lapu City, Lalawigan ng Cebu, Pilipinas",Lapu-Lapu City,Condominium,10.3210549,124.0321172,16000000.0,238805.97014925373,12.383406660813089,231805.97014925373,67.0,1.0,1.0,0,0,18434.7,15887.1,11627.7,25121.3,29419.5,17939.6,38936.2,6013.0,11497,2889,5.5707,4.0,0.0,0.0753,21.8954,0.0,4.3423,4.0,8.7309,7000.0,8.853808274977197,13500.0,1,19417226.0
1666,open_market,Condo For Sale in Guadalupe,"110 Gervacio Quijada St, Cebu City, 6000 Cebu, Philippines",Cebu City,Condominium,10.321231,123.881061,6900000.0,100000.0,11.512925464970229,76300.0,69.0,2.0,1.0,0,0,3683.1,7180.4,12502.2,7855.6,11833.0,15181.7,21349.7,10826.4,5202,3127,16.7945,8.1112,8.4849,1.5414,1.7673,4.4387,23.2634,7.2694,10.6979,23700.0,10.073272520325904,29550.0,0,5187089.0
1667,open_market,Condo For Sale in Mandaue,"Ouano Ave, Mandaue, Lalawigan ng Cebu, Pilipinas",Mandaue City,Condominium,10.3211997,123.9322521,25420980.0,552630.0,13.222443978814372,531480.0,46.0,1.0,1.0,0,0,3995.0,3526.6,5272.8,10317.4,14615.6,8792.3,24132.4,5345.1,0,1098,19.3215,40.9074,25.6233,9.8333,23.178,2.9805,17.263,81.6247,27.8953,21150.0,9.959442464680574,41250.0,0,8858124.0
1668,open_market,Condo For Sale in Punta EngaÃ±o,"Punta Engano, Lapu-Lapu City, Cebu, Central Visayas, PHL",Lapu-Lapu City,Condominium,10.321253806338026,124.03386253863574,22700000.0,328985.50724637683,12.703768977854372,321985.50724637683,69.0,1.0,1.0,0,0,18545.0,15997.4,11738.0,25231.6,29529.8,18050.0,39046.5,6203.3,11607,2999,7.8136,4.0,0.0,0.071,18.9197,0.0,3.5216,4.0,9.0728,7000.0,8.853808274977197,13500.0,1,32587601.0
1669,open_market,Condo For Sale in Punta EngaÃ±o,"Punta Engano, Lapu-Lapu City, Cebu, Central Visayas, PHL",Lapu-Lapu City,Condominium,10.32137474,124.0370339,19500000.0,274647.88732394367,12.523245146492659,267647.88732394367,71.0,1.0,,0,1,18759.8,16212.2,11952.8,25446.4,29744.6,18264.7,39261.3,6542.9,11822,3214,10.5894,4.0,0.0,0.0635,11.5502,0.0,2.6502,4.0,8.6776,7000.0,8.853808274977197,13500.0,1,36256783.0
1670,open_market,Condo For Sale in Punta EngaÃ±o,"Punta Engano, Lapu-Lapu City, Cebu, Central Visayas, PHL",Lapu-Lapu City,Condominium,10.32137474,124.0370339,21800000.0,320588.23529411765,12.677912822583211,313588.23529411765,68.0,1.0,1.0,0,0,18759.8,16212.2,11952.8,25446.4,29744.6,18264.7,39261.3,6542.9,11822,3214,10.5894,4.0,0.0,0.0635,11.5502,0.0,2.6502,4.0,8.6776,7000.0,8.853808274977197,13500.0,1,36212552.0
1671,open_market,Condo For Sale in Mandaue,"Robinland Residences, F.E. Zuellig Avenue, Mandaue, Lalawigan ng Cebu, Pilipinas",Mandaue City,Condominium,10.3215032,123.9350805,6500000.0,185714.2857142857,12.131964673376451,164564.2857142857,35.0,,1.0,1,0,4320.0,3652.1,5006.4,10614.0,14912.2,8562.7,24428.9,5060.4,439,1347,15.588,40.0699,23.0185,6.2494,27.5803,3.6977,15.7059,73.9016,26.9148,21150.0,9.959442464680574,41250.0,0,9633501.0
1672,open_market,Condo For Sale in Mandaue,"Tipolo, Cebu City, Cebu, Central Visayas, PHL",Mandaue City,Condominium,10.32178828,123.9373938,4500000.0,136363.63636363635,11.823080393274068,121363.63636363635,33.0,1.0,1.0,0,0,4902.9,3427.9,4602.4,11196.8,15495.0,8158.7,25011.8,4831.4,395,1123,18.6528,35.1211,30.4166,5.4162,44.3531,8.7238,21.3342,106.565,30.301,15000.0,9.61587214452889,27500.0,0,10237702.0
1673,open_market,Studio For Sale in Mandaue,"Tipolo, Cebu City, Cebu, Central Visayas, PHL",Mandaue City,Condominium,10.32178828,123.9373938,4600000.0,153333.33333333334,11.940369479797168,138333.33333333334,30.0,1.0,1.0,0,0,4902.9,3427.9,4602.4,11196.8,15495.0,8158.7,25011.8,4831.4,395,1123,18.6528,35.1211,30.4166,5.4162,44.3531,8.7238,21.3342,106.565,30.301,15000.0,9.61587214452889,27500.0,0,10234369.0
1674,open_market,Studio For Sale in Mandaue,"Tipolo, Cebu City, Cebu, Central Visayas, PHL",Mandaue City,Condominium,10.32178828,123.9373938,5000000.0,151515.15151515152,11.928440908931893,136515.15151515152,33.0,1.0,1.0,0,0,4902.9,3427.9,4602.4,11196.8,15495.0,8158.7,25011.8,4831.4,395,1123,18.6528,35.1211,30.4166,5.4162,44.3531,8.7238,21.3342,106.565,30.301,15000.0,9.61587214452889,27500.0,0,10221035.0
1675,open_market,Condo For Sale in Guadalupe,"G. Quijada, Guadalupe, Cebu City, Cebu, Central Visayas, PHL",Cebu City,Condominium,10.32190387,123.8808801,8446104.0,134065.14285714287,11.806081101529877,110365.14285714288,63.0,2.0,1.0,0,0,3634.3,7131.7,12453.4,7806.9,11784.2,15133.0,21301.0,10857.0,5153,3078,18.2555,9.4066,9.2006,1.6028,2.0207,5.0647,24.5741,8.3835,11.8541,23700.0,10.073272520325904,29550.0,0,5076653.0
1677,open_market,Condo For Sale in Mandaue,"New Mandaue CIty Public Market, Mandaue City, Cebu, Philippines",Mandaue City,Condominium,10.322295,123.938847,4802937.0,145543.54545454544,11.888230602292456,130543.54545454544,33.0,,1.0,1,0,4902.9,3427.9,4602.4,11196.8,15495.0,8158.7,25011.8,4701.8,395,1123,18.6528,35.1211,30.4166,5.4162,44.3531,8.7238,21.3342,106.565,30.301,15000.0,9.61587214452889,27500.0,0,10227604.0
1678,open_market,Condo For Sale in Punta EngaÃ±o,"6015, PHL",Lapu-Lapu City,Condominium,10.32228769,124.03756315,18889803.0,281937.3582089552,12.54944019123404,274937.3582089552,67.0,1.0,1.0,0,0,19020.4,16472.8,12213.3,25706.9,30005.1,18525.3,39521.8,6624.0,12083,3475,12.0,4.0,0.0,0.0559,7.5309,0.0,1.9925,1.992,8.4159,7000.0,8.853808274977197,13500.0,1,36018168.0
1679,open_market,Condo For Sale in Pajo,"Pusok, Lapu-Lapu, Lalawigan ng Cebu, Pilipinas",Lapu-Lapu City,Condominium,10.3224282,123.9694938,4326209.0,166392.65384615384,12.02210565883554,156392.65384615384,26.0,1.0,1.0,0,0,9434.5,6886.9,2551.5,16044.8,20343.1,8891.3,29859.8,1987.5,2459,0,5.8564,22.4863,15.5146,1.5283,30.895,7.6189,40.6142,37.8434,17.2343,10000.0,9.210440366976515,20000.0,1,11193748.0
1681,open_market,Condo For Sale in Pusok,"Pusok, Lapu-Lapu City, Cebu, Central Visayas, PHL",Lapu-Lapu City,Condominium,10.32246,123.9761,3500000.0,129629.62962962964,11.772436660455313,119629.62962962964,27.0,,1.0,1,0,10693.9,8146.3,3843.8,17387.9,21686.1,10215.8,31202.8,1727.1,3756,520,6.6475,25.1709,24.7075,0.9009,5.9345,2.8031,30.5267,44.0182,12.9729,10000.0,9.210440366976515,20000.0,1,5463942.0
1682,open_market,Studio For Sale in Pajo,"Pusok, Lapu-Lapu City, Cebu, Central Visayas, PHL",Lapu-Lapu City,Condominium,10.32246,123.9761,4620000.0,171111.11111111112,12.050068397053593,161111.11111111112,27.0,1.0,1.0,0,0,10693.9,8146.3,3843.8,17387.9,21686.1,10215.8,31202.8,1727.1,3756,520,6.6475,25.1709,24.7075,0.9009,5.9345,2.8031,30.5267,44.0182,12.9729,10000.0,9.210440366976515,20000.0,1,5362124.0
1683,open_market,Condo For Sale in Pajo,"Pusok, Lapu-Lapu City, Cebu, Central Visayas, PHL",Lapu-Lapu City,Condominium,10.32246,123.9761,6086570.0,156065.89743589744,11.958033616498572,146065.89743589744,39.0,1.0,1.0,0,0,10693.9,8146.3,3843.8,17387.9,21686.1,10215.8,31202.8,1727.1,3756,520,6.6475,25.1709,24.7075,0.9009,5.9345,2.8031,30.5267,44.0182,12.9729,10000.0,9.210440366976515,20000.0,1,5228799.0
1684,open_market,Studio For Sale in Banawa,"Casa Mira Towers Guadalupe, Guadalupe Drive, Cebu City, Lalawigan ng Cebu, Pilipinas",Cebu City,Condominium,10.3228186,123.8837306,3200000.0,160000.0,11.982929094215963,136300.0,20.0,,1.0,1,0,3037.6,6535.0,11856.7,7421.2,11719.4,14536.2,21236.1,10565.1,4556,2482,27.0611,25.8178,35.9286,2.9109,5.8384,12.299,41.3062,19.5977,22.2996,23700.0,10.073272520325904,29550.0,0,4663463.0
1685,open_market,Condo For Sale in Pusok,"Amani Grand Resort Residences, Matumbo-Pusok Road, Lapu-Lapu, Lalawigan ng Cebu, Pilipinas",Lapu-Lapu City,Condominium,10.3228536,123.9758723,6917938.0,168730.19512195123,12.036056239607001,158730.19512195123,41.0,1.0,1.0,0,0,10693.9,8146.3,3843.8,17387.9,21686.1,10215.8,31202.8,1774.8,3756,520,6.6475,25.1709,24.7075,0.9009,5.9345,2.8031,30.5267,44.0182,12.9729,10000.0,9.210440366976515,20000.0,1,5153220.0
1686,open_market,Studio For Sale in Mandaue,"Mandani Bay, Mandaue, Lalawigan ng Cebu, Pilipinas",Mandaue City,Condominium,10.3229577,123.9381077,3000000.0,90909.09090909093,11.417615285165903,75909.09090909091,33.0,,1.0,1,0,4746.7,3262.1,4585.7,11040.6,15338.8,8142.0,24855.6,4803.8,231,957,22.1814,48.5998,37.5439,6.2163,45.5393,10.6068,23.7316,144.623,36.7917,15000.0,9.61587214452889,27500.0,0,10287702.0
1687,open_market,Studio For Sale in Mandaue,"Mandani Bay, Mandaue, Lalawigan ng Cebu, Pilipinas",Mandaue City,Condominium,10.3229577,123.9381077,5000000.0,172413.7931034483,12.0576526404119,157413.7931034483,29.0,1.0,1.0,0,0,4746.7,3262.1,4585.7,11040.6,15338.8,8142.0,24855.6,4803.8,231,957,22.1814,48.5998,37.5439,6.2163,45.5393,10.6068,23.7316,144.623,36.7917,15000.0,9.61587214452889,27500.0,0,10221035.0
1688,open_market,Condo For Sale in Mandaue,"Mandani Bay, Mandaue, Lalawigan ng Cebu, Pilipinas",Mandaue City,Condominium,10.3229577,123.9381077,5800000.0,175757.57575757577,12.076860914050167,160757.57575757577,33.0,,1.0,1,0,4746.7,3262.1,4585.7,11040.6,15338.8,8142.0,24855.6,4803.8,231,957,22.1814,48.5998,37.5439,6.2163,45.5393,10.6068,23.7316,144.623,36.7917,15000.0,9.61587214452889,27500.0,0,10194369.0
1690,open_market,Condo For Sale in Camputhaw,"8VFX+7Q Cebu City, Cebu, Philippines",Cebu City,Condominium,10.323136,123.899381,14628133.0,185166.2405063291,12.129009297895092,122166.24050632912,79.0,3.0,3.0,0,0,1188.4,4823.1,10006.0,8698.6,12996.9,12685.5,22513.6,8887.7,2906,904,38.2284,44.1254,30.6919,2.8451,38.7427,6.8971,54.3632,63.3885,40.9122,63000.0,11.050905878263569,74000.0,0,6836265.0
1691,open_market,Condo For Sale in Punta EngaÃ±o,"Punta EngaÃ±o, Lapu-Lapu, Lalawigan ng Cebu, Pilipinas",Lapu-Lapu City,Condominium,10.3231321,124.0349024,9085450.0,252373.61111111112,12.438665852325547,245373.61111111112,36.0,1.0,1.0,0,0,18759.8,16212.2,11952.8,25446.4,29744.6,18264.7,39261.3,6368.4,11822,3214,10.5894,4.0,0.0,0.0635,11.5502,0.0,2.6502,4.0,8.6776,7000.0,8.853808274977197,13500.0,1,33085189.0
1693,open_market,Condo For Sale in Punta EngaÃ±o,"Punta EngaÃ±o, Lapu-Lapu, Lalawigan ng Cebu, Pilipinas",Lapu-Lapu City,Condominium,10.3231321,124.0349024,18323109.0,273479.2388059702,12.518980988661161,266479.2388059702,67.0,1.0,1.0,0,0,18759.8,16212.2,11952.8,25446.4,29744.6,18264.7,39261.3,6368.4,11822,3214,10.5894,4.0,0.0,0.0635,11.5502,0.0,2.6502,4.0,8.6776,7000.0,8.853808274977197,13500.0,1,32931228.0
1698,open_market,Studio For Sale in Pajo,"Azon Residences, Quezon National Highway, Pusok, Lapu-Lapu City, Cebu, Central Visayas, PHL",Lapu-Lapu City,Condominium,10.32333162,123.9729562,4500000.0,150000.0,11.918390573078392,140000.0,30.0,1.0,1.0,0,0,9809.6,7262.0,2926.6,16420.0,20718.2,9238.4,30234.9,1912.4,2806,0,6.2032,31.8206,27.5578,1.0888,15.8846,5.9966,34.9046,52.1533,17.2773,10000.0,9.210440366976515,20000.0,1,7524504.0
1699,open_market,Condo For Sale in Punta EngaÃ±o,"6015 Punta EngaÃ±o Rd, Lapu-Lapu City, Cebu",Lapu-Lapu City,Condominium,10.3232742,124.03514896,18000000.0,268656.7164179105,12.501189696469472,261656.71641791047,67.0,1.0,1.0,0,0,18759.8,16212.2,11952.8,25446.4,29744.6,18264.7,39261.3,6398.7,11822,3214,10.5894,4.0,0.0,0.0635,11.5502,0.0,2.6502,4.0,8.6776,7000.0,8.853808274977197,13500.0,1,32936613.0
1701,open_market,Apartment For Sale in Guadalupe,"Guadalupe, Cebu City, Lalawigan ng Cebu, Pilipinas",Cebu City,Condominium,10.3234205,123.8801952,13000000.0,29545.454545454544,10.293685188513503,5845.454545454544,440.0,7.0,8.0,0,0,3554.4,7051.8,12373.5,7938.0,12174.5,15053.0,21691.2,10957.6,5073,2998,16.622,12.4102,15.5363,1.713,3.338,6.4426,22.6441,12.6359,12.4526,23700.0,10.073272520325904,29550.0,0,4751375.0
1703,open_market,Condo For Sale in Punta EngaÃ±o,"Aruga Resort and Residences â Mactan, Punta EngaÃ±o Road, Lapu-Lapu, Lalawigan ng Cebu, Pilipinas",Lapu-Lapu City,Condominium,10.3234104,124.0373611,17000000.0,253731.3432835821,12.444031282629524,246731.3432835821,67.0,1.0,1.0,0,0,19020.4,16472.8,12213.3,25706.9,30005.1,18525.3,39521.8,6635.5,12083,3475,12.0,4.0,0.0,0.0559,7.5309,0.0,1.9925,1.992,8.4159,7000.0,8.853808274977197,13500.0,1,35075150.0
1704,open_market,Condo For Sale in Punta EngaÃ±o,"Aruga Resort and Residences â Mactan, Punta EngaÃ±o Road, Lungsod ng Lapu-Lapu, Lalawigan ng Cebu, Pilipinas",Lapu-Lapu City,Condominium,10.3234104,124.0373611,23238000.0,346835.82089552237,12.756606808333979,339835.82089552237,67.0,1.0,1.0,0,0,19020.4,16472.8,12213.3,25706.9,30005.1,18525.3,39521.8,6635.5,12083,3475,12.0,4.0,0.0,0.0559,7.5309,0.0,1.9925,1.992,8.4159,7000.0,8.853808274977197,13500.0,1,34961732.0
1705,open_market,Condo For Sale in Punta EngaÃ±o,"Aruga Resort and Residences â Mactan, Punta EngaÃ±o Road, Lungsod ng Lapu-Lapu, Lalawigan ng Cebu, Pilipinas",Lapu-Lapu City,Condominium,10.3234104,124.0373611,30624000.0,425333.3333333333,12.960628454218762,418333.3333333333,72.0,1.0,1.0,0,0,19020.4,16472.8,12213.3,25706.9,30005.1,18525.3,39521.8,6635.5,12083,3475,12.0,4.0,0.0,0.0559,7.5309,0.0,1.9925,1.992,8.4159,7000.0,8.853808274977197,13500.0,1,34827441.0
1706,open_market,Condo For Sale in Punta EngaÃ±o,"Aruga Resort and Residences â Mactan, Punta EngaÃ±o Road, Lapu-Lapu, Lalawigan ng Cebu, Pilipinas",Lapu-Lapu City,Condominium,10.323479,124.0367989,23269325.0,347303.3582089552,12.757953908161245,340303.3582089552,67.0,1.0,1.0,0,0,19020.4,16472.8,12213.3,25706.9,30005.1,18525.3,39521.8,6578.4,12083,3475,12.0,4.0,0.0,0.0559,7.5309,0.0,1.9925,1.992,8.4159,7000.0,8.853808274977197,13500.0,1,34961163.0
1707,open_market,Condo For Sale in Punta EngaÃ±o,"Aruga Resort and Residences â Mactan, Punta EngaÃ±o Road, Lapu-Lapu, Lalawigan ng Cebu, Pilipinas",Lapu-Lapu City,Condominium,10.323479,124.0367989,28833643.0,430352.8805970149,12.972360803669753,423352.8805970149,67.0,1.0,1.0,0,0,19020.4,16472.8,12213.3,25706.9,30005.1,18525.3,39521.8,6578.4,12083,3475,12.0,4.0,0.0,0.0559,7.5309,0.0,1.9925,1.992,8.4159,7000.0,8.853808274977197,13500.0,1,34859993.0
1708,open_market,Condo For Sale in Punta EngaÃ±o,"Punta Engano, Lapu-Lapu City, Cebu, Central Visayas, PHL",Lapu-Lapu City,Condominium,10.32347203966987,124.0373689652512,30624000.0,425333.3333333333,12.960628454218762,418333.3333333333,72.0,1.0,1.0,0,0,19020.4,16472.8,12213.3,25706.9,30005.1,18525.3,39521.8,6638.2,12083,3475,12.0,4.0,0.0,0.0559,7.5309,0.0,1.9925,1.992,8.4159,7000.0,8.853808274977197,13500.0,1,34827441.0
1711,open_market,Condo For Sale in Punta EngaÃ±o,"Punta Engano, Lapu-Lapu City, Cebu, Central Visayas, PHL",Lapu-Lapu City,Condominium,10.32372,124.0372,17000000.0,253731.3432835821,12.444031282629524,246731.3432835821,67.0,1.0,1.0,0,0,19020.4,16472.8,12213.3,25706.9,30005.1,18525.3,39521.8,6628.0,12083,3475,12.0,4.0,0.0,0.0559,7.5309,0.0,1.9925,1.992,8.4159,7000.0,8.853808274977197,13500.0,1,35075150.0
1712,open_market,Condo For Sale in Punta EngaÃ±o,"Punta Engano, Lapu-Lapu City, Cebu, Central Visayas, PHL",Lapu-Lapu City,Condominium,10.32372,124.0372,21500000.0,311594.2028985507,12.649456988500631,304594.2028985507,69.0,1.0,1.0,0,0,19020.4,16472.8,12213.3,25706.9,30005.1,18525.3,39521.8,6628.0,12083,3475,12.0,4.0,0.0,0.0559,7.5309,0.0,1.9925,1.992,8.4159,7000.0,8.853808274977197,13500.0,1,34993332.0
1713,open_market,Condo For Sale in Pusok,"Airport Access Road, Ibo, Lapu-Lapu City, Cebu, Central Visayas, PHL",Lapu-Lapu City,Condominium,10.32384408,123.9782465,5700000.0,271428.5714285714,12.511454295081355,261428.57142857145,21.0,,1.0,1,0,10444.2,7896.6,3637.1,17138.2,21436.4,9966.0,30953.1,1853.6,3507,270,8.4239,34.4814,32.5101,0.9393,8.9721,6.646,35.9338,58.2035,17.6533,10000.0,9.210440366976515,20000.0,1,5615868.0
1714,open_market,Condo For Sale in Punta EngaÃ±o,"Punta Engano, Lapu-Lapu City, Cebu, Central Visayas, PHL",Lapu-Lapu City,Condominium,10.32379924928955,124.03739578734134,45081000.0,421317.7570093458,12.951142595214067,414317.7570093458,107.0,2.0,2.0,0,0,19104.8,16557.2,12297.8,25791.3,30089.5,18609.7,39606.3,6651.0,12167,3559,12.0,4.0,0.0,0.0537,5.7023,0.0,1.8027,1.5905,8.0099,7000.0,8.853808274977197,13500.0,1,34564587.0
1715,open_market,Studio For Sale in Luz,"Archbishop Reyes Avenue, Luz, Cebu City, Cebu, Central Visayas, PHL",Cebu City,Condominium,10.32401247,123.9059926,4300000.0,195454.54545454544,12.183083127305474,165454.54545454544,22.0,1.0,1.0,0,0,958.5,3326.5,8985.3,8692.9,12991.1,11664.8,22507.8,8201.9,2519,241,39.6103,99.2616,59.2568,2.9252,140.9322,7.5656,72.38,275.2306,83.238,30000.0,10.308985993422082,57000.0,0,17120791.0
1716,open_market,Condo For Sale in Luz,"Archbishop Reyes Avenue, Luz, Cebu City, Cebu, Central Visayas, PHL",Cebu City,Condominium,10.32401247,123.9059926,12700000.0,173972.60273972602,12.066653110280429,143972.60273972602,73.0,1.0,,0,1,958.5,3326.5,8985.3,8692.9,12991.1,11664.8,22507.8,8201.9,2519,241,39.6103,99.2616,59.2568,2.9252,140.9322,7.5656,72.38,275.2306,83.238,30000.0,10.308985993422082,57000.0,0,16915913.0
1717,open_market,Condo For Sale in Kasambagan,"Golam Road, Mabolo, Cebu City, Cebu, Central Visayas, PHL",Cebu City,Condominium,10.32395056,123.9101043,7900000.0,219444.44444444444,12.29885437898114,189444.44444444444,36.0,1.0,1.0,0,0,1498.4,3492.7,8599.8,9313.2,13611.4,11279.4,23128.2,7763.0,2140,160,30.1665,64.8357,39.1339,2.0057,76.7034,4.7767,45.9033,111.2458,52.8809,30000.0,10.308985993422082,34500.0,0,9611998.0
1724,open_market,Condo For Sale in Mandaue,"Tipolo, Mandaue, Lalawigan ng Cebu, Pilipinas",Mandaue City,Condominium,10.324376,123.9331874,3949452.0,179520.54545454544,12.098044939717298,158370.54545454544,22.0,1.0,1.0,0,0,4378.8,3218.3,4889.1,10701.2,14999.4,8408.6,24516.1,5362.7,0,913,22.0107,51.4104,34.1551,9.126,30.728,7.4219,21.8776,147.7383,34.397,21150.0,9.959442464680574,41250.0,0,7688694.0
1725,open_market,Condo For Sale in Mandaue,"Tipolo, Mandaue City, Lalawigan ng Cebu, Pilipinas",Mandaue City,Condominium,10.324376,123.9331874,4032180.0,192008.57142857145,12.1652952928706,170858.57142857142,21.0,,1.0,1,0,4378.8,3218.3,4889.1,10701.2,14999.4,8408.6,24516.1,5362.7,0,913,22.0107,51.4104,34.1551,9.126,30.728,7.4219,21.8776,147.7383,34.397,21150.0,9.959442464680574,41250.0,0,7681800.0
1726,open_market,Condo For Sale in Punta EngaÃ±o,"Punta Engano, Lapu-Lapu City, Cebu, Central Visayas, PHL",Lapu-Lapu City,Condominium,10.32441641,124.0333428,7877063.0,212893.5945945946,12.268547763978024,205893.5945945946,37.0,1.0,1.0,0,0,18848.0,16300.4,12041.0,25534.6,29832.8,18353.0,39349.5,6247.0,11910,3302,9.9856,4.0,0.0,0.0608,10.1058,0.0,2.3564,3.4781,8.087,7000.0,8.853808274977197,13500.0,1,34004105.0
1727,open_market,Condo For Sale in Punta EngaÃ±o,"Punta Engano, Lapu-Lapu City, Cebu, Central Visayas, PHL",Lapu-Lapu City,Condominium,10.32441641,124.0333428,10403511.0,273776.6052631579,12.520067743566303,266776.6052631579,38.0,1.0,1.0,0,0,18848.0,16300.4,12041.0,25534.6,29832.8,18353.0,39349.5,6247.0,11910,3302,9.9856,4.0,0.0,0.0608,10.1058,0.0,2.3564,3.4781,8.087,7000.0,8.853808274977197,13500.0,1,33958990.0
1729,open_market,Condo For Sale in Punta EngaÃ±o,"5097 Punta EngaÃ±o Rd, Lapu-Lapu City, Cebu, Pilipinas",Lapu-Lapu City,Condominium,10.3244503,124.0368638,28135905.0,419938.8805970149,12.947864457282082,412938.8805970149,67.0,1.0,1.0,0,0,19104.8,16557.2,12297.8,25791.3,30089.5,18609.7,39606.3,6615.8,12167,3559,12.0,4.0,0.0,0.0537,5.7023,0.0,1.8027,1.5905,8.0099,7000.0,8.853808274977197,13500.0,1,34872679.0
1733,open_market,Condo For Sale in Punta EngaÃ±o,"Punta Engano Rd, Punta EngaÃ±o, Lapu-Lapu City, Cebu, Central Visayas, PHL",Lapu-Lapu City,Condominium,10.3257392,124.03697471,34928301.0,345824.7623762376,12.753687458621368,338824.7623762376,101.0,2.0,2.0,0,0,19469.3,16921.7,12662.3,26155.9,30454.1,18974.2,39970.8,6670.3,12532,3924,11.0304,1.9866,0.0,0.0457,3.0295,0.0,1.497,0.0,6.2885,7000.0,8.853808274977197,13500.0,1,34305648.0
1738,open_market,Condo For Sale in Subangdaku,"Cityscape Hotel, Mandaue, Cebu, Central Visayas, PHL",Mandaue City,Condominium,10.327319,123.92086,1705950.0,85297.5,11.35390042472671,61722.5,20.0,,1.0,1,0,2410.1,1914.4,6811.5,10214.0,14512.2,9491.0,24028.9,6741.6,1525,675,10.6035,32.0389,32.4887,2.9531,29.7,0.418,45.0464,67.3789,22.3866,23575.0,10.06798452441753,68750.0,0,4363157.0
1739,open_market,Condo For Sale in Subangdaku,"Cityscape Hotel, Mandaue, Cebu, Central Visayas, PHL",Mandaue City,Condominium,10.327319,123.92086,1714450.0,85722.5,11.358870613884584,62147.5,20.0,,1.0,1,0,2410.1,1914.4,6811.5,10214.0,14512.2,9491.0,24028.9,6741.6,1525,675,10.6035,32.0389,32.4887,2.9531,29.7,0.418,45.0464,67.3789,22.3866,23575.0,10.06798452441753,68750.0,0,4362753.0
1740,open_market,Condo For Sale in Subangdaku,"Cityscape Hotel, Mandaue, Cebu, Central Visayas, PHL",Mandaue City,Condominium,10.327319,123.92086,2113800.0,105690.0,11.568265560003393,82115.0,20.0,,1.0,1,0,2410.1,1914.4,6811.5,10214.0,14512.2,9491.0,24028.9,6741.6,1525,675,10.6035,32.0389,32.4887,2.9531,29.7,0.418,45.0464,67.3789,22.3866,23575.0,10.06798452441753,68750.0,0,4343736.0
1743,open_market,Condo For Sale in Subangdaku,"Vitale Suites, Hernan Cortes Street, Mandaue, Lalawigan ng Cebu, Pilipinas",Mandaue City,Condominium,10.327406,123.9214465,7416600.0,224745.45454545456,12.32272372763749,201170.45454545456,33.0,1.0,1.0,0,0,2510.5,1814.0,6711.1,10171.7,14469.9,9390.6,23986.6,6684.4,1424,575,10.4952,33.0477,33.6977,3.2524,29.9723,0.478,45.351,64.8473,22.7466,23575.0,10.06798452441753,68750.0,0,4120783.0
1745,open_market,Serviced Apartment For Sale in Subangdaku,"Alpa City Suites, corner F. Cabahug Street, Mandaue, Cebu, Pilipinas",Mandaue City,Condominium,10.3276021,123.9219854,6400000.0,237037.03703703705,12.375971682325572,213462.03703703705,27.0,1.0,1.0,0,0,2510.5,1814.0,6711.1,10171.7,14469.9,9390.6,23986.6,6636.3,1424,575,10.4952,33.0477,33.6977,3.2524,29.9723,0.478,45.351,64.8473,22.7466,23575.0,10.06798452441753,68750.0,0,4171613.0
1746,open_market,Studio For Sale in Centro,"Mandaue City Hall, Mandaue, Lalawigan ng Cebu, Pilipinas",Mandaue City,Condominium,10.3275809,123.9429876,3888000.0,176727.27272727274,12.082362991204151,161727.27272727274,22.0,1.0,1.0,0,0,5304.1,2937.5,3825.0,11872.2,16170.4,7246.3,25687.1,4544.6,353,613,43.0856,62.2276,62.2812,10.1033,67.4517,11.0426,36.6635,83.1526,55.702,15000.0,9.61587214452889,27500.0,0,3548800.0
1749,open_market,Studio For Sale in Subangdaku,"F.Cabahug Road, Bakilid, Cebu City, Cebu, Central Visayas, PHL",Mandaue City,Condominium,10.32786985,123.920699,3000000.0,130434.78260869563,11.778628630703235,106859.78260869563,23.0,,1.0,1,0,2706.1,1830.6,6906.7,10367.3,14665.5,9586.2,24182.2,6778.8,1620,771,8.4093,23.9121,26.1546,2.6058,24.0819,0.4672,37.4582,50.8083,17.3548,23575.0,10.06798452441753,68750.0,0,4301536.0
1750,open_market,Condo For Sale in Subangdaku,"F.Cabahug Road, Bakilid, Cebu City, Cebu, Central Visayas, PHL",Mandaue City,Condominium,10.32786985,123.920699,4595000.0,120921.05263157896,11.702893154045539,97346.05263157896,38.0,1.0,1.0,0,0,2706.1,1830.6,6906.7,10367.3,14665.5,9586.2,24182.2,6778.8,1620,771,8.4093,23.9121,26.1546,2.6058,24.0819,0.4672,37.4582,50.8083,17.3548,23575.0,10.06798452441753,68750.0,0,4225584.0
1751,open_market,Condo For Sale in Subangdaku,"F.Cabahug Road, Bakilid, Cebu City, Cebu, Central Visayas, PHL",Mandaue City,Condominium,10.32786985,123.920699,5570000.0,118510.63829787234,11.682758010193409,94935.63829787234,47.0,2.0,1.0,0,0,2706.1,1830.6,6906.7,10367.3,14665.5,9586.2,24182.2,6778.8,1620,771,8.4093,23.9121,26.1546,2.6058,24.0819,0.4672,37.4582,50.8083,17.3548,23575.0,10.06798452441753,68750.0,0,4179155.0
1752,open_market,Condo For Sale in Centro,"Mandaue City, Lalawigan ng Cebu, Pilipinas",Mandaue City,Condominium,10.3278985,123.9427271,2800000.0,140000.0,11.84939770159144,125000.0,20.0,,1.0,1,0,5245.8,2879.2,3773.3,11918.4,16216.6,7188.0,25733.4,4586.9,359,555,44.7644,63.8136,63.6345,9.474,68.4165,10.0071,41.2034,83.793,57.2138,15000.0,9.61587214452889,27500.0,0,3730133.0
1753,open_market,Condo For Sale in Centro,"Mandaue City, Lalawigan ng Cebu, Pilipinas",Mandaue City,Condominium,10.3278985,123.9427271,3100000.0,155000.0,11.951180395901384,140000.0,20.0,,1.0,1,0,5245.8,2879.2,3773.3,11918.4,16216.6,7188.0,25733.4,4586.9,359,555,44.7644,63.8136,63.6345,9.474,68.4165,10.0071,41.2034,83.793,57.2138,15000.0,9.61587214452889,27500.0,0,3680133.0
1754,open_market,Condo For Sale in Subangdaku,"F.Cabahug Road, Bakilid, Cebu City, Cebu, Central Visayas, PHL",Mandaue City,Condominium,10.327963,123.920649,2989700.0,135895.45454545456,11.819641152526556,112320.45454545456,22.0,,,1,1,2706.1,1830.6,6906.7,10367.3,14665.5,9586.2,24182.2,6787.5,1620,771,8.4093,23.9121,26.1546,2.6058,24.0819,0.4672,37.4582,50.8083,17.3548,23575.0,10.06798452441753,68750.0,0,4302026.0
1755,open_market,Condo For Sale in Subangdaku,"Bamboo Bay Community, Hernan Cortes Street, Mandaue City, Lalawigan ng Cebu, Pilipinas",Mandaue City,Condominium,10.3279634,123.9206494,8500000.0,184782.60869565216,12.12693532497145,161207.60869565216,46.0,1.0,1.0,0,0,2706.1,1830.6,6906.7,10367.3,14665.5,9586.2,24182.2,6787.4,1620,771,8.4093,23.9121,26.1546,2.6058,24.0819,0.4672,37.4582,50.8083,17.3548,23575.0,10.06798452441753,68750.0,0,4039631.0
1756,open_market,Condo For Sale in Subangdaku,"Bamboo Bay Community, Hernan Cortes Street, Mandaue City, Cebu, Pilipinas",Mandaue City,Condominium,10.3279532,123.9206594,3000000.0,136363.63636363635,11.823080393274068,112788.63636363635,22.0,,1.0,1,0,2706.1,1830.6,6906.7,10367.3,14665.5,9586.2,24182.2,6786.0,1620,771,8.4093,23.9121,26.1546,2.6058,24.0819,0.4672,37.4582,50.8083,17.3548,23575.0,10.06798452441753,68750.0,0,4301536.0
1757,open_market,Condo For Sale in Subangdaku,"Bamboo Bay Community, Hernan Cortes Street, Mandaue, Lalawigan ng Cebu, Pilipinas",Mandaue City,Condominium,10.3279532,123.9206594,5594400.0,155400.0,11.953757716915684,131825.0,36.0,1.0,1.0,0,0,2706.1,1830.6,6906.7,10367.3,14665.5,9586.2,24182.2,6786.0,1620,771,8.4093,23.9121,26.1546,2.6058,24.0819,0.4672,37.4582,50.8083,17.3548,23575.0,10.06798452441753,68750.0,0,4177993.0
1758,open_market,Condo For Sale in Tipolo,"Tipolo Mandaue City, Tipolo, Mandaue, Lalawigan ng Cebu, Pilipinas",Mandaue City,Condominium,10.3283877,123.9305153,2956167.0,140769.85714285713,11.854881616994879,119619.85714285712,21.0,1.0,1.0,0,0,3748.0,2232.8,5266.3,10456.5,14754.7,7945.8,24271.4,5803.2,870,0,22.4851,42.3101,40.5737,3.5143,20.8452,5.4235,36.8937,78.0924,29.2755,21150.0,9.959442464680574,41250.0,0,3381094.0
1759,open_market,Condo For Sale in Tipolo,"Tipolo Mandaue City, Mandaue, Lalawigan ng Cebu, Pilipinas",Mandaue City,Condominium,10.3283877,123.9305153,3701268.0,168239.45454545456,12.033143568249681,147089.45454545456,22.0,,1.0,1,0,3748.0,2232.8,5266.3,10456.5,14754.7,7945.8,24271.4,5803.2,870,0,22.4851,42.3101,40.5737,3.5143,20.8452,5.4235,36.8937,78.0924,29.2755,21150.0,9.959442464680574,41250.0,0,3319002.0
1760,open_market,Condo For Sale in Tipolo,"Tipolo Mandaue City, Tipolo, Mandaue, Lalawigan ng Cebu, Pilipinas",Mandaue City,Condominium,10.3283877,123.9305153,3945672.0,179348.72727272726,12.097087386602533,158198.72727272726,22.0,1.0,1.0,0,0,3748.0,2232.8,5266.3,10456.5,14754.7,7945.8,24271.4,5803.2,870,0,22.4851,42.3101,40.5737,3.5143,20.8452,5.4235,36.8937,78.0924,29.2755,21150.0,9.959442464680574,41250.0,0,3298635.0
1761,open_market,Condo For Sale in Cebu IT Park,"7-Eleven-Calyx Bldg, Lahug Pob., Cebu City, Cebu, Central Visayas, PHL",Cebu City,Condominium,10.32849758,123.90531063,15000000.0,214285.7142857143,12.275065517017126,184285.7142857143,70.0,2.0,2.0,0,0,1719.1,2998.3,9234.6,9453.5,13751.7,11764.1,23268.5,8401.3,2774,223,33.0939,95.5752,59.3893,1.8712,128.7696,10.091,52.3326,303.1763,76.3533,30000.0,10.308985993422082,57000.0,0,15415812.0
1762,open_market,Condo For Sale in Cebu IT Park,"Sunburst IT Park Branch, Geonzon, Lahug, Cebu City, Cebu, Central Visayas, PHL",Cebu City,Condominium,10.328498959889275,123.90530865770803,19000000.0,182692.3076923077,12.115558637989341,152692.3076923077,104.0,3.0,2.0,0,0,1719.1,2998.3,9234.6,9453.5,13751.7,11764.1,23268.5,8401.5,2774,223,33.0939,95.5752,59.3893,1.8712,128.7696,10.091,52.3326,303.1763,76.3533,30000.0,10.308985993422082,57000.0,0,15369835.0
1763,open_market,Condo For Sale in Guadalupe,"Tuscania Condominium, V Rama Avenue, Lungsod ng Cebu, Cebu, Pilipinas",Cebu City,Condominium,10.3285832,123.8830722,10800000.0,79411.76470588235,11.282401806358395,55711.76470588235,136.0,3.0,3.0,0,0,3828.5,7229.2,12647.6,8212.1,12510.3,15327.1,22027.1,10759.4,5347,3176,9.8309,15.3058,17.3799,1.3794,2.4796,3.1464,11.0147,13.2135,10.2254,23700.0,10.073272520325904,29550.0,0,5000000.0
1764,open_market,Condo For Sale in Tipolo,"Tipolo, Mandaue, Lalawigan ng Cebu, Pilipinas",Mandaue City,Condominium,10.3286455,123.9306138,3942000.0,179181.81818181818,12.096156313336486,158031.81818181818,22.0,1.0,1.0,0,0,3793.1,2187.6,5242.8,10501.7,14799.9,7900.6,24316.6,5805.1,847,0,23.7857,43.6971,42.1357,3.5111,19.9663,5.9227,37.0593,81.7508,30.1403,21150.0,9.959442464680574,41250.0,0,3308135.0
1765,open_market,Condo For Sale in Punta EngaÃ±o,"Punta Engano, Lapu-Lapu City, Cebu, Central Visayas, PHL",Lapu-Lapu City,Condominium,10.32856283,124.0412664,18000000.0,101123.59550561798,11.524098765568354,94123.59550561798,178.0,2.0,2.0,0,0,20580.3,18032.6,13773.2,27266.8,31565.0,20085.2,41081.7,7215.5,13643,5035,1.4353,0.3018,0.0,0.0,4.0,0.0,4.0,0.0,1.6337,7000.0,8.853808274977197,13500.0,1,8820833.0
1766,open_market,Condo For Sale in Punta EngaÃ±o,"Punta Engano, Lapu-Lapu City, Cebu, Central Visayas, PHL",Lapu-Lapu City,Condominium,10.32856283,124.0412664,20000000.0,124223.60248447204,11.729838466533803,117223.60248447204,161.0,2.0,2.0,0,0,20580.3,18032.6,13773.2,27266.8,31565.0,20085.2,41081.7,7215.5,13643,5035,1.4353,0.3018,0.0,0.0,4.0,0.0,4.0,0.0,1.6337,7000.0,8.853808274977197,13500.0,1,8763690.0
1770,open_market,Condo For Sale in Punta EngaÃ±o,"82HR+4Q3, Lapu-Lapu City, Cebu, Philippines",Lapu-Lapu City,Condominium,10.32929085,124.04019456,8775590.0,214038.78048780488,12.273912494818862,207038.78048780488,41.0,1.0,1.0,0,0,20580.3,18032.6,13773.2,27266.8,31565.0,20085.2,41081.7,7132.3,13643,5035,1.4353,0.3018,0.0,0.0,4.0,0.0,4.0,0.0,1.6337,7000.0,8.853808274977197,13500.0,1,9084388.0
1771,open_market,Condo For Sale in Lahug,"8 1st Street, Lahug, Cebu City, Cebu, Central Visayas, PHL",Cebu City,Condominium,10.32943791,123.9034608,12485000.0,231203.7037037037,12.351054435131736,201203.7037037037,54.0,2.0,1.0,0,0,1946.1,3546.1,9461.5,9680.5,13978.7,12141.1,23495.4,8625.0,3001,106,40.0089,68.2543,43.1097,1.5488,80.473,8.2326,45.6777,201.2332,59.2967,30000.0,10.308985993422082,57000.0,0,13418668.0
1772,open_market,Condo For Sale in Punta EngaÃ±o,"82HR+4Q3, Lapu-Lapu City, Cebu, Philippines",Lapu-Lapu City,Condominium,10.32938486,124.04015265,8666060.0,211367.3170731707,12.261352738163223,204367.3170731707,41.0,,1.0,1,0,20580.3,18032.6,13773.2,27266.8,31565.0,20085.2,41081.7,7131.6,13643,5035,1.4353,0.3018,0.0,0.0,4.0,0.0,4.0,0.0,1.6337,7000.0,8.853808274977197,13500.0,1,9087517.0
1773,open_market,Condo For Sale in Cebu IT Park,"IT Park, Cebu IT Park, Brgy Apas, Cebu City, Lalawigan ng Cebu, Pilipinas",Cebu City,Condominium,10.3295356,123.9051051,5000000.0,185185.1851851852,12.129111604394046,155185.1851851852,27.0,1.0,1.0,0,0,1937.7,3537.7,9453.1,9672.1,13970.3,12132.6,23487.0,8456.1,2993,206,33.4863,62.6839,38.1445,1.557,75.0869,7.2599,39.821,184.1181,53.2636,30000.0,10.308985993422082,57000.0,0,15319813.0
1774,open_market,Condo For Sale in Punta EngaÃ±o,"82HR+4Q3, Lapu-Lapu City, Cebu, Philippines",Lapu-Lapu City,Condominium,10.32947325,124.04008694,9126025.0,217286.30952380953,12.288971161608181,210286.30952380953,42.0,1.0,1.0,0,0,20580.3,18032.6,13773.2,27266.8,31565.0,20085.2,41081.7,7128.3,13643,5035,1.4353,0.3018,0.0,0.0,4.0,0.0,4.0,0.0,1.6337,7000.0,8.853808274977197,13500.0,1,9074375.0
1775,open_market,Condo For Sale in Punta EngaÃ±o,"82HR+4Q3, Lapu-Lapu City, Cebu, Philippines",Lapu-Lapu City,Condominium,10.32945148,124.04013656,15997385.0,216180.87837837837,12.283870736142521,209180.87837837837,74.0,3.0,3.0,0,0,20580.3,18032.6,13773.2,27266.8,31565.0,20085.2,41081.7,7132.5,13643,5035,1.4353,0.3018,0.0,0.0,4.0,0.0,4.0,0.0,1.6337,7000.0,8.853808274977197,13500.0,1,8878051.0
1776,open_market,Studio For Sale in Kasambagan,"MLD Building, Governor Mariano Cuenco Avenue corner Paseo Saturnino Street, Kasambagan, Cebu City, Cebu, Central Visayas, PHL",Cebu City,Condominium,10.32962093,123.90970479,10982720.0,313792.0,12.656485625010905,283792.0,35.0,,1.0,1,0,1741.6,2543.3,9191.0,9476.0,13774.2,11309.1,23291.0,7979.4,2770,474,24.8805,84.9463,47.9322,1.9081,91.8031,6.2303,47.0629,220.7777,60.8083,30000.0,10.308985993422082,34500.0,0,17090011.0
1777,open_market,Condo For Sale in Punta EngaÃ±o,"82HQ+VX Lapu-Lapu City, Cebu, Philippines",Lapu-Lapu City,Condominium,10.32965533,124.03988946,8700000.0,212195.1219512195,12.265261516920503,205195.1219512195,41.0,1.0,1.0,0,0,20548.9,18001.3,13741.8,27235.4,31533.6,20053.8,41050.4,7115.1,13611,5003,1.5023,0.3124,0.0,0.0,4.0,0.0,4.2229,0.0,1.6673,7000.0,8.853808274977197,13500.0,1,9086547.0
1778,open_market,Studio For Sale in Lahug,"Saint Lawrence, Lahug, Cebu City, Cebu, Central Visayas, PHL",Cebu City,Condominium,10.32993482,123.9026736,1900000.0,111764.70588235294,11.624151100080454,81764.70588235294,17.0,1.0,1.0,0,0,2013.0,3613.0,9528.4,9747.4,14045.6,12208.0,23562.3,8723.4,3068,173,37.7405,59.4968,36.2724,1.4859,71.4432,6.7964,42.1415,173.9421,53.2568,30000.0,10.308985993422082,57000.0,0,11612091.0
1779,open_market,Studio For Sale in Cebu IT Park,"Cebu IT Park, Cebu IT Park, Brgy Apas, Cebu City, Lalawigan ng Cebu, Pilipinas",Cebu City,Condominium,10.3298721,123.9081332,7600000.0,316666.6666666667,12.665604974908614,286666.6666666667,24.0,1.0,1.0,0,0,1695.6,2750.4,9183.0,9430.0,13728.2,11516.1,23245.0,8151.5,2724,399,27.4454,94.4719,58.7716,1.943,122.9179,9.0528,51.3707,280.3989,72.1487,30000.0,10.308985993422082,34500.0,0,17189387.0
1780,open_market,Condo For Sale in Punta EngaÃ±o,"Punta Engano, Lapu-Lapu City, Cebu, Central Visayas, PHL",Lapu-Lapu City,Condominium,10.33004573,124.04013199,9200000.0,224390.24390243905,12.32114197531496,217390.24390243905,41.0,,1.0,1,0,20548.9,18001.3,13741.8,27235.4,31533.6,20053.8,41050.4,7155.3,13611,5003,1.5023,0.3124,0.0,0.0,4.0,0.0,4.2229,0.0,1.6673,7000.0,8.853808274977197,13500.0,1,9072262.0
1781,open_market,Condo For Sale in Punta EngaÃ±o,"Punta Engano, Lapu-Lapu City, Cebu, Central Visayas, PHL",Lapu-Lapu City,Condominium,10.33003,124.040161,4479200.0,111980.0,11.626075562902884,104980.0,40.0,1.0,,0,1,20548.9,18001.3,13741.8,27235.4,31533.6,20053.8,41050.4,7157.6,13611,5003,1.5023,0.3124,0.0,0.0,4.0,0.0,4.2229,0.0,1.6673,7000.0,8.853808274977197,13500.0,1,9207142.0
1782,open_market,Condo For Sale in Punta EngaÃ±o,"Punta Engano, Lapu-Lapu City, Cebu, Central Visayas, PHL",Lapu-Lapu City,Condominium,10.33003,124.040161,6884900.0,111046.7741935484,11.617706780666072,104046.7741935484,62.0,2.0,3.0,0,0,20548.9,18001.3,13741.8,27235.4,31533.6,20053.8,41050.4,7157.6,13611,5003,1.5023,0.3124,0.0,0.0,4.0,0.0,4.2229,0.0,1.6673,7000.0,8.853808274977197,13500.0,1,9138407.0
1783,open_market,Condo For Sale in Guizo,"M. C. Briones Street, Mandaue City, Lalawigan ng Cebu, Pilipinas",Mandaue City,Condominium,10.3301465,123.9327952,3217000.0,146227.27272727274,11.892917352862847,125077.27272727274,22.0,,1.0,1,0,4009.3,2350.1,5065.1,10717.8,15016.0,7684.5,24532.7,5661.7,669,0,29.0672,55.5089,52.8192,3.601,22.8741,6.7252,41.7537,135.245,37.2216,21150.0,9.959442464680574,41250.0,0,3470676.0
1785,open_market,Condo For Sale in Punta EngaÃ±o,"Punta Engano, Lapu-Lapu City, Cebu, Central Visayas, PHL",Lapu-Lapu City,Condominium,10.33005475,124.04013073,3800000.0,77551.02040816327,11.258691326585987,70551.02040816327,49.0,1.0,1.0,0,0,20548.9,18001.3,13741.8,27235.4,31533.6,20053.8,41050.4,7155.5,13611,5003,1.5023,0.3124,0.0,0.0,4.0,0.0,4.2229,0.0,1.6673,7000.0,8.853808274977197,13500.0,1,9226547.0
1788,open_market,Condo For Sale in Centro,"SEAN K Motorcycle Repair, S.B.Cabahug Street, Mantuyong, Mandaue City, Cebu, Central Visayas, PHL",Mandaue City,Condominium,10.331291,123.943332,7112800.0,173482.92682926828,12.063834469084759,158482.92682926828,41.0,1.0,1.0,0,0,5550.5,3116.9,3752.1,12259.0,16557.2,6775.0,26073.9,4732.7,463,142,39.8959,65.6639,58.8631,7.3478,63.5921,3.6493,42.0456,75.0138,54.6049,15000.0,9.61587214452889,27500.0,0,3854807.0
1789,open_market,Studio For Sale in Lahug,"St Lawrence St, Cebu City, Cebu, Pilipinas",Cebu City,Condominium,10.3314909,123.9018774,3600000.0,171428.57142857142,12.051921965702915,141428.57142857142,21.0,1.0,1.0,0,0,2271.9,3871.9,9787.4,10006.3,14304.5,12466.9,23821.3,8858.0,3327,432,25.4832,36.7175,20.882,1.2,44.8642,3.5959,31.8186,84.4874,34.0184,30000.0,10.308985993422082,57000.0,0,6928381.0
1790,open_market,Penthouse For Sale in Apas,"I. Villa, Kasambagan, Cebu City, Cebu, Central Visayas, PHL",Cebu City,Condominium,10.33173537,123.90851521,142398375.0,330390.66125290026,12.708031055256436,301590.66125290026,431.0,5.0,5.0,0,0,1972.3,2473.7,9121.3,9706.7,14004.9,11239.4,23521.7,8178.5,3000,568,21.4321,93.9238,50.4077,1.8374,106.3289,8.3559,51.1615,252.8358,65.5889,28800.0,10.268165387743457,37300.0,0,16080140.0
1791,open_market,Penthouse For Sale in Apas,"I. Villa, Kasambagan, Cebu City, Cebu, Central Visayas, PHL",Cebu City,Condominium,10.33171088,123.90851254,145000000.0,292929.29292929295,12.587686537816158,264129.29292929295,495.0,4.0,4.0,0,0,1972.3,2473.7,9121.3,9706.7,14004.9,11239.4,23521.7,8177.9,3000,568,21.4321,93.9238,50.4077,1.8374,106.3289,8.3559,51.1615,252.8358,65.5889,28800.0,10.268165387743457,37300.0,0,15918984.0
1792,open_market,Condo For Sale in Apas,"38 Park Avenue Condominium, India St, Lungsod ng Cebu, Lalawigan ng Cebu, Pilipinas",Cebu City,Condominium,10.3320181,123.9082723,25000000.0,290697.67441860464,12.580039086578967,261897.67441860464,86.0,2.0,2.0,0,0,1972.3,2473.7,9121.3,9706.7,14004.9,11239.4,23521.7,8214.1,3000,568,21.4321,93.9238,50.4077,1.8374,106.3289,8.3559,51.1615,252.8358,65.5889,28800.0,10.268165387743457,37300.0,0,17314604.0
1793,open_market,Condo For Sale in Apas,"Jose Maria del Mar Street, Apas, Cebu City, Cebu, Philippines",Cebu City,Condominium,10.3320938,123.9089249,4992857.0,192032.96153846153,12.165422310954995,163232.96153846153,26.0,,1.0,1,0,2111.0,2335.0,8982.6,9845.4,14143.6,11100.7,23660.4,8149.7,3139,707,18.5075,85.5895,44.4245,1.7496,92.4888,7.0152,43.9722,224.942,58.3337,28800.0,10.268165387743457,37300.0,0,18377753.0
1796,open_market,Condo For Sale in Apas,"The Wave Towers, India St, Cebu City, Lalawigan ng Cebu, Pilipinas",Cebu City,Condominium,10.332152,123.9076826,7843932.0,326830.5,12.697196966866446,298030.5,24.0,1.0,1.0,0,0,2102.9,2706.0,9353.6,9837.3,14135.5,11471.7,23652.2,8279.9,3131,519,20.8398,83.9108,47.5421,1.7263,103.4212,7.7889,47.6202,242.2103,61.2241,28800.0,10.268165387743457,37300.0,0,17842260.0
1797,open_market,Condo For Sale in Bakilid,"Mandaue City, Lalawigan ng Cebu, Pilipinas",Mandaue City,Condominium,10.3321788,123.9354764,3600000.0,180000.0,12.100712129872347,167250.0,20.0,,1.0,1,0,4453.5,1905.9,4741.8,11162.0,15460.2,7240.2,24977.0,5511.8,898,0,38.7833,73.2971,65.3767,3.6742,30.731,3.7252,52.1165,87.8696,49.4459,12750.0,9.453364978883542,26500.0,0,5647886.0
1799,open_market,Condo For Sale in Tipolo,"P. Basubas St, Barangay Tipolo, Mandaue City, Cebu, Pilipinas",Mandaue City,Condominium,10.3323517,123.928017,2645290.0,120240.45454545454,11.697248804737862,99090.45454545454,22.0,,1.0,1,0,4071.3,1652.4,5778.0,11036.9,15335.1,8435.8,24851.8,6238.8,1382,535,14.4945,18.3925,18.818,2.0527,11.8735,4.7251,22.6741,8.27,15.4604,21150.0,9.959442464680574,41250.0,0,2780115.0
1800,open_market,Condo For Sale in Tipolo,"P. Basubas Street, Tipolo, Mandaue, Lalawigan ng Cebu, Pilipinas",Mandaue City,Condominium,10.3323517,123.928017,2864829.0,130219.5,11.776976767127515,109069.5,22.0,,1.0,1,0,4071.3,1652.4,5778.0,11036.9,15335.1,8435.8,24851.8,6238.8,1382,535,14.4945,18.3925,18.818,2.0527,11.8735,4.7251,22.6741,8.27,15.4604,21150.0,9.959442464680574,41250.0,0,2761820.0
1801,open_market,Studio For Sale in Cambaro,"G.L.Ouano, Cambaro, Mandaue City, Cebu, Central Visayas, PHL",Mandaue City,Condominium,10.332355,123.950754,3200000.0,152380.95238095237,11.934138930046531,137380.95238095237,21.0,1.0,1.0,0,0,6432.8,3885.2,3691.2,13141.3,17439.5,7089.7,26956.2,4167.9,197,486,19.3196,31.366,23.8432,5.5517,15.882,1.1966,20.2339,25.801,22.9829,15000.0,9.61587214452889,27500.0,0,3070588.0
1804,open_market,Condo For Sale in Tipolo,"P. Basubas, Bakilid, Cebu City, Cebu, Central Visayas, PHL",Mandaue City,Condominium,10.3330761,123.92748948,3942000.0,179181.81818181818,12.096156313336486,158031.81818181818,22.0,,1.0,1,0,3956.9,1537.9,5892.5,11151.3,15449.5,8550.3,24966.3,6326.7,1497,650,13.6737,15.4306,15.0176,1.9275,13.9626,4.602,21.4059,8.9522,14.5354,21150.0,9.959442464680574,41250.0,0,3067662.0
1805,open_market,Studio For Sale in Bakilid,"M.C. Briones Street, Bakilid, Cebu City, Cebu, Central Visayas, PHL",Mandaue City,Condominium,10.33307299,123.93670644,3779340.0,171788.18181818182,12.054017495817943,159038.18181818182,22.0,,1.0,1,0,5136.8,2368.2,4733.4,11845.3,16143.6,7180.9,25660.3,5447.9,1539,312,25.4474,58.4341,33.8612,2.32,10.3632,1.3476,44.1424,21.1062,33.8354,12750.0,9.453364978883542,26500.0,0,5720516.0
1806,open_market,Studio For Sale in Bakilid,"DB Schenker, M.C. Briones Street, Bakilid, Cebu City, Cebu, Central Visayas, PHL",Mandaue City,Condominium,10.33338681,123.93679071,600000.0,27272.727272727272,10.213642480839967,14522.727272727272,22.0,,1.0,1,0,5136.8,2368.2,4733.4,11845.3,16143.6,7180.9,25660.3,5458.6,1539,312,25.4474,58.4341,33.8612,2.32,10.3632,1.3476,44.1424,21.1062,33.8354,12750.0,9.453364978883542,26500.0,0,5823076.0
1807,open_market,Condo For Sale in Punta EngaÃ±o,"Arterra Residences, Lungsod ng Lapu-Lapu, Lalawigan ng Cebu, Pilipinas",Lapu-Lapu City,Condominium,10.3333824,124.0448863,9726663.0,149640.96923076923,11.915994165524568,142640.96923076923,65.0,1.0,1.0,0,0,20634.3,18086.6,13827.2,27320.8,31619.0,20139.2,41135.7,7774.9,13697,5089,1.3304,0.2846,0.0,0.0,2.5595,0.0,2.5595,0.0,1.2611,7000.0,8.853808274977197,13500.0,1,7500000.0
1808,open_market,Condo For Sale in Bakilid,"The Highline By Avenir, Mandaue, Lalawigan ng Cebu, Pilipinas",Mandaue City,Condominium,10.3334566,123.9367557,4446928.0,202133.0909090909,12.216681625313093,189383.0909090909,22.0,1.0,1.0,0,0,5136.8,2368.2,4733.4,11845.3,16143.6,7180.9,25660.3,5466.0,1539,312,25.4474,58.4341,33.8612,2.32,10.3632,1.3476,44.1424,21.1062,33.8354,12750.0,9.453364978883542,26500.0,0,5764173.0
1809,open_market,Condo For Sale in Lahug,"Mivesa Garden Residences, Salinas Drive, Lungsod ng Cebu, Lalawigan ng Cebu, Pilipinas",Cebu City,Condominium,10.3338446,123.8952695,4500000.0,112500.0,11.630708500626612,82500.0,40.0,,,1,1,2259.4,4460.4,10375.8,9769.6,14067.8,13055.3,23584.5,9626.3,3915,407,19.3107,37.1484,23.367,1.2569,16.4943,6.3223,33.8751,49.8554,25.1098,30000.0,10.308985993422082,57000.0,0,11593204.0
1810,open_market,Condo For Sale in Ibabao-Estancia,"ibabao estancia, Mandaue City, Lalawigan ng Cebu, Pilipinas",Mandaue City,Condominium,10.3345882,123.9436428,3195137.0,159756.85,11.9814082508197,149756.85,20.0,1.0,1.0,0,0,5635.6,3088.0,4000.4,12344.1,16642.3,6431.5,26159.1,4922.8,600,310,27.9,58.5479,42.4616,4.8176,38.3417,1.7052,35.0412,58.6747,41.1822,10000.0,9.210440366976515,16000.0,0,5393547.0
1811,open_market,Condo For Sale in Ibabao-Estancia,"ibabao estancia, Mandaue City, Lalawigan ng Cebu, Pilipinas",Mandaue City,Condominium,10.3345882,123.9436428,6290900.0,179740.0,12.099266641212365,169740.0,35.0,1.0,1.0,0,0,5635.6,3088.0,4000.4,12344.1,16642.3,6431.5,26159.1,4922.8,600,310,27.9,58.5479,42.4616,4.8176,38.3417,1.7052,35.0412,58.6747,41.1822,10000.0,9.210440366976515,16000.0,0,4619606.0
1814,open_market,Condo For Sale in Tipolo,"P. Basubas St, Tipolo, Mandaue, Lalawigan ng Cebu, Pilipinas",Mandaue City,Condominium,10.33498726,123.92453106,2847913.0,129450.59090909093,11.771054549936286,108300.59090909093,22.0,,,1,1,3551.6,1132.6,6297.8,11212.8,15511.0,8955.6,25027.7,6711.7,1902,1055,15.1331,27.4034,14.3329,1.7707,32.6597,4.3484,26.9446,28.86,23.4691,21150.0,9.959442464680574,41250.0,0,2907643.0
1816,open_market,Condo For Sale in Bakilid,"Bakilid, Mandaue, Lalawigan ng Cebu, Pilipinas",Mandaue City,Condominium,10.3350615,123.9345815,5923000.0,160081.0810810811,11.983435722614878,147331.0810810811,37.0,,1.0,1,0,5279.0,2302.5,4875.6,11987.5,16285.7,7323.1,25802.5,5762.5,1681,454,24.3851,52.403,28.0819,2.1478,7.2855,0.8109,40.8454,18.5046,30.5965,12750.0,9.453364978883542,26500.0,0,5690978.0
1817,open_market,Condo For Sale in Bakilid,"Bakilid, Mandaue City, Lalawigan ng Cebu, Pilipinas",Mandaue City,Condominium,10.3350615,123.9345815,6429360.0,169193.68421052632,12.038799398096621,156443.68421052632,38.0,1.0,1.0,0,0,5279.0,2302.5,4875.6,11987.5,16285.7,7323.1,25802.5,5762.5,1681,454,24.3851,52.403,28.0819,2.1478,7.2855,0.8109,40.8454,18.5046,30.5965,12750.0,9.453364978883542,26500.0,0,5675154.0
1818,open_market,Studio For Sale in Bakilid,"SM J Mall, A. S. Fortuna Street, Mandaue, Lalawigan ng Cebu, Pilipinas",Mandaue City,Condominium,10.3351722,123.9339875,5346000.0,198000.0,12.196022309676673,185250.0,27.0,,1.0,1,0,4862.0,1497.4,5150.2,11570.5,15868.7,7648.7,25385.4,5823.9,1306,408,34.1006,65.5806,53.5317,3.12,19.5228,2.1256,38.5865,62.8366,42.2023,12750.0,9.453364978883542,26500.0,0,5709009.0
1819,open_market,Penthouse For Sale in Bakilid,"SM J Mall, A. S. Fortuna Street, Mandaue, Lalawigan ng Cebu, Pilipinas",Mandaue City,Condominium,10.3351722,123.9339875,23346000.0,268344.8275862069,12.500028102540162,255594.8275862069,87.0,2.0,2.0,0,0,4862.0,1497.4,5150.2,11570.5,15868.7,7648.7,25385.4,5823.9,1306,408,34.1006,65.5806,53.5317,3.12,19.5228,2.1256,38.5865,62.8366,42.2023,12750.0,9.453364978883542,26500.0,0,5146509.0
1820,open_market,Penthouse For Sale in Bakilid,"SM City J Mall, A. S. Fortuna Street, Mandaue, Lalawigan ng Cebu, Pilipinas",Mandaue City,Condominium,10.3351928,123.9341259,25572000.0,308096.3855421687,12.638167953072157,295346.3855421687,83.0,2.0,2.0,0,0,4862.0,1497.4,5150.2,11570.5,15868.7,7648.7,25385.4,5812.4,1306,408,34.1006,65.5806,53.5317,3.12,19.5228,2.1256,38.5865,62.8366,42.2023,12750.0,9.453364978883542,26500.0,0,5076946.0
1821,open_market,Condo For Sale in Bakilid,"J Centre Mall, 165 A.S. Fortuna Street, Bakilid, Cebu City, Cebu, Central Visayas, PHL",Mandaue City,Condominium,10.33564642,123.9346695,3700000.0,168181.81818181818,12.032800924256136,155431.81818181818,22.0,,1.0,1,0,5279.0,2302.5,4875.6,11987.5,16285.7,7323.1,25802.5,5789.6,1681,454,24.3851,52.403,28.0819,2.1478,7.2855,0.8109,40.8454,18.5046,30.5965,12750.0,9.453364978883542,26500.0,0,5760446.0
1822,open_market,Studio For Sale in Bakilid,"J Centre Mall, 165 A.S. Fortuna Street, Bakilid, Cebu City, Cebu, Central Visayas, PHL",Mandaue City,Condominium,10.33564642,123.9346695,3960000.0,180000.0,12.100712129872347,167250.0,22.0,,1.0,1,0,5279.0,2302.5,4875.6,11987.5,16285.7,7323.1,25802.5,5789.6,1681,454,24.3851,52.403,28.0819,2.1478,7.2855,0.8109,40.8454,18.5046,30.5965,12750.0,9.453364978883542,26500.0,0,5752321.0
1823,open_market,Condo For Sale in Bakilid,"Bakilid, L. Jayme St, Mandaue City, Lalawigan ng Cebu, Pilipinas",Mandaue City,Condominium,10.3355644,123.9358333,4356420.0,198019.0909090909,12.196118723761467,185269.0909090909,22.0,,1.0,1,0,5085.1,2108.7,4681.7,11793.7,16091.9,7129.3,25608.6,5678.4,1487,260,33.2198,74.1974,43.9548,2.7362,13.4992,1.5888,51.5484,35.4621,43.4442,12750.0,9.453364978883542,26500.0,0,5833548.0
1824,open_market,Condo For Sale in Tipolo,"Mandtra Residences, P. Basubas Street, Mandaue, Lalawigan ng Cebu, Pilipinas",Mandaue City,Condominium,10.3356574,123.9252178,888853.0,24023.054054054053,10.086769233848575,2873.0540540540533,37.0,1.0,1.0,0,0,3551.6,1132.6,6297.8,11212.8,15511.0,8955.6,25027.7,6680.0,1902,1055,15.1331,27.4034,14.3329,1.7707,32.6597,4.3484,26.9446,28.86,23.4691,21150.0,9.959442464680574,41250.0,0,3010752.0
1825,open_market,Condo For Sale in Tipolo,"Mandtra Residences, P. Basubas Street, Mandaue, Lalawigan ng Cebu, Pilipinas",Mandaue City,Condominium,10.3356574,123.9252178,4032180.0,183280.9090909091,12.118775277235706,162130.9090909091,22.0,1.0,1.0,0,0,3551.6,1132.6,6297.8,11212.8,15511.0,8955.6,25027.7,6680.0,1902,1055,15.1331,27.4034,14.3329,1.7707,32.6597,4.3484,26.9446,28.86,23.4691,21150.0,9.959442464680574,41250.0,0,2845313.0
1827,open_market,Studio For Sale in Bakilid,"JTower Residences, L. Jayme St, Mandaue, Lalawigan ng Cebu, Pilipinas",Mandaue City,Condominium,10.3360018,123.9356494,3700000.0,168181.81818181818,12.032800924256136,155431.81818181818,22.0,,1.0,1,0,5085.1,2108.7,4681.7,11793.7,16091.9,7129.3,25608.6,5722.2,1487,260,33.2198,74.1974,43.9548,2.7362,13.4992,1.5888,51.5484,35.4621,43.4442,12750.0,9.453364978883542,26500.0,0,5760446.0
1828,open_market,Condo For Sale in Bakilid,"JTower Residences, L. Jayme St, Mandaue, Lalawigan ng Cebu, Pilipinas",Mandaue City,Condominium,10.3363078,123.9359076,3816000.0,173454.54545454544,12.063670858191998,160704.54545454544,22.0,,1.0,1,0,5085.1,2108.7,4681.7,11793.7,16091.9,7129.3,25608.6,5718.0,1487,260,33.2198,74.1974,43.9548,2.7362,13.4992,1.5888,51.5484,35.4621,43.4442,12750.0,9.453364978883542,26500.0,0,5756821.0
1829,open_market,Condo For Sale in Bakilid,"JTower Residences, L. Jayme St, Mandaue, Lalawigan ng Cebu, Pilipinas",Mandaue City,Condominium,10.3363468,123.9360548,900000.0,40909.09090909091,10.619107588948133,28159.09090909091,22.0,,1.0,1,0,5085.1,2108.7,4681.7,11793.7,16091.9,7129.3,25608.6,5707.2,1487,260,33.2198,74.1974,43.9548,2.7362,13.4992,1.5888,51.5484,35.4621,43.4442,12750.0,9.453364978883542,26500.0,0,5847946.0
1830,open_market,Condo For Sale in Bakilid,"JTower Residences, L. Jayme St, Mandaue, Lalawigan ng Cebu, Pilipinas",Mandaue City,Condominium,10.3363468,123.9360548,2500000.0,108695.65217391304,11.59630707390928,95945.65217391304,23.0,,1.0,1,0,5085.1,2108.7,4681.7,11793.7,16091.9,7129.3,25608.6,5707.2,1487,260,33.2198,74.1974,43.9548,2.7362,13.4992,1.5888,51.5484,35.4621,43.4442,12750.0,9.453364978883542,26500.0,0,5797946.0
1831,open_market,Studio For Sale in Bakilid,"JTower Residences, L. Jayme St, Mandaue, Lalawigan ng Cebu, Pilipinas",Mandaue City,Condominium,10.3363468,123.9360548,3960000.0,180000.0,12.100712129872347,167250.0,22.0,1.0,1.0,0,0,5085.1,2108.7,4681.7,11793.7,16091.9,7129.3,25608.6,5707.2,1487,260,33.2198,74.1974,43.9548,2.7362,13.4992,1.5888,51.5484,35.4621,43.4442,12750.0,9.453364978883542,26500.0,0,5752321.0
1833,open_market,Studio For Sale in Bakilid,"L. Jayme St, Mandaue, 6014 Cebu, Pilipinas",Mandaue City,Condominium,10.3364947,123.9360257,3700000.0,168181.81818181818,12.032800924256136,155431.81818181818,22.0,1.0,1.0,0,0,5085.1,2108.7,4681.7,11793.7,16091.9,7129.3,25608.6,5719.2,1487,260,33.2198,74.1974,43.9548,2.7362,13.4992,1.5888,51.5484,35.4621,43.4442,12750.0,9.453364978883542,26500.0,0,5760446.0
1836,open_market,Condo For Sale in Bakilid,"250-250 A. S. Fortuna St, Casuntingan, Mandaue City, Cebu, Central Visayas, PHL",Mandaue City,Condominium,10.33671783,123.93157583,3527792.0,160354.18181818182,11.985140284096376,147604.18181818182,22.0,,1.0,1,0,5755.8,2372.6,6202.1,12622.4,16920.6,8700.6,26437.3,6138.7,2358,1460,5.316,12.8861,6.7857,1.1389,4.0,0.0,11.9539,9.0772,7.71,12750.0,9.453364978883542,26500.0,0,7083085.0
1837,open_market,Condo For Sale in Lahug,"Ford Cebu, Cebu Veterans Drive, Cebu City, Cebu, Pilipinas",Cebu City,Condominium,10.3370414,123.8971286,3878050.0,138501.7857142857,11.838638497770352,108501.78571428572,28.0,1.0,1.0,0,0,2822.3,4877.3,10792.8,10332.5,14630.7,13472.3,24147.5,9550.6,4332,0,10.2401,11.8792,7.4979,0.8623,7.1203,2.3363,23.6595,14.6232,10.2563,30000.0,10.308985993422082,57000.0,0,5100862.0
1841,open_market,Condo For Sale in Bakilid,"Sacris Road, Mandaue City, Lalawigan ng Cebu, Pilipinas",Mandaue City,Condominium,10.3378066,123.9299843,15000000.0,187500.0,12.141534124392603,171385.0,80.0,2.0,2.0,0,0,4409.2,1026.0,5621.7,12041.9,16340.2,8057.2,25856.9,6350.6,1778,880,30.6939,60.3013,42.3177,4.2067,38.6799,1.3526,29.028,89.1823,43.1111,16115.0,9.687567846311238,22350.0,0,5385968.0
1842,open_market,Condo For Sale in Bakilid,"Bakilid, Mandaue City, Lalawigan ng Cebu, Pilipinas",Mandaue City,Condominium,10.3378043,123.9317932,4446928.0,202133.0909090909,12.216681625313093,186018.0909090909,22.0,1.0,1.0,0,0,4634.4,1251.2,5715.4,12267.2,16565.4,8008.2,26082.1,6184.3,2003,1105,24.997,48.8125,27.0074,4.3519,21.9337,1.2454,25.4887,64.6777,32.8832,16115.0,9.687567846311238,22350.0,0,7143336.0
1843,open_market,Condo For Sale in Bakilid,"Bakilid, Mandaue City, Lalawigan ng Cebu, Pilipinas",Mandaue City,Condominium,10.3378043,123.9317932,4960461.0,206685.875,12.238955407582568,190570.875,24.0,1.0,1.0,0,0,4634.4,1251.2,5715.4,12267.2,16565.4,8008.2,26082.1,6184.3,2003,1105,24.997,48.8125,27.0074,4.3519,21.9337,1.2454,25.4887,64.6777,32.8832,16115.0,9.687567846311238,22350.0,0,7126218.0
1844,open_market,Condo For Sale in Bakilid,"Bakilid, Mandaue, Lalawigan ng Cebu, Pilipinas",Mandaue City,Condominium,10.3378043,123.9317932,5097600.0,137772.97297297296,11.833362486053641,121657.97297297296,37.0,,1.0,1,0,4634.4,1251.2,5715.4,12267.2,16565.4,8008.2,26082.1,6184.3,2003,1105,24.997,48.8125,27.0074,4.3519,21.9337,1.2454,25.4887,64.6777,32.8832,16115.0,9.687567846311238,22350.0,0,7121647.0
1846,open_market,Condo For Sale in Bakilid,"299 Sacris Road, Mandaue City, Cebu, Pilipinas",Mandaue City,Condominium,10.3385727,123.9309151,8885250.0,167646.22641509434,12.029611242932994,151531.22641509434,53.0,,1.0,1,0,4546.3,1163.1,5627.3,12179.1,16477.3,7920.1,25994.0,6311.6,1915,1017,29.1641,59.1771,35.0961,5.285,27.88,1.4142,29.3405,77.7091,39.6418,16115.0,9.687567846311238,22350.0,0,7182772.0
1849,open_market,Condo For Sale in Banilad,"A. S. Fortuna Street, Mandaue City, Lalawigan ng Cebu, Pilipinas",Mandaue City,Condominium,10.3390982,123.9262359,1554614.0,70664.27272727272,11.165695387911361,54549.27272727272,22.0,1.0,1.0,0,0,4031.6,536.3,6111.3,11692.8,15991.0,8546.8,25507.8,6774.5,2267,1370,34.0576,56.1838,29.1052,3.3569,81.6972,1.1616,33.1883,108.576,52.744,16115.0,9.687567846311238,22350.0,0,3608512.0
1850,open_market,Condo For Sale in Banilad,"A. S. Fortuna Street, Mandaue, Lalawigan ng Cebu, Pilipinas",Mandaue City,Condominium,10.3390982,123.9262359,2000000.0,50000.0,10.819778284410283,33885.0,40.0,1.0,1.0,0,0,4031.6,536.3,6111.3,11692.8,15991.0,8546.8,25507.8,6774.5,2267,1370,34.0576,56.1838,29.1052,3.3569,81.6972,1.1616,33.1883,108.576,52.744,16115.0,9.687567846311238,22350.0,0,3574252.0
1851,open_market,Studio For Sale in Bakilid,"AIR Condo, Sacris Road, Mandaue, Lalawigan ng Cebu, Pilipinas",Mandaue City,Condominium,10.3390961,123.9315865,6300000.0,170270.27027027027,12.045142278717536,154155.27027027027,37.0,1.0,1.0,0,0,4662.6,1279.4,5511.0,12157.0,16455.2,7803.8,25971.9,6283.2,1893,995,31.1564,67.2663,35.1847,5.3052,22.3633,1.5802,32.8145,79.9206,42.0984,16115.0,9.687567846311238,22350.0,0,7441297.0
1852,open_market,Studio For Sale in Bakilid,"Sacris Road, Bakilid, Cebu City, Cebu, Central Visayas, PHL",Mandaue City,Condominium,10.33910699,123.9316004,6343680.0,171450.8108108108,12.052051687018471,155335.8108108108,37.0,1.0,1.0,0,0,4662.6,1279.4,5511.0,12157.0,16455.2,7803.8,25971.9,6282.6,1893,995,31.1564,67.2663,35.1847,5.3052,22.3633,1.5802,32.8145,79.9206,42.0984,16115.0,9.687567846311238,22350.0,0,7436929.0
1853,open_market,Condo For Sale in Bakilid,"Aida Isabel Residences, Mandaue City, Lalawigan ng Cebu, Pilipinas",Mandaue City,Condominium,10.3391226,123.9315974,11700000.0,195000.0,12.180754837545884,178885.0,60.0,1.0,1.0,0,0,4662.6,1279.4,5511.0,12157.0,16455.2,7803.8,25971.9,6283.9,1893,995,31.1564,67.2663,35.1847,5.3052,22.3633,1.5802,32.8145,79.9206,42.0984,16115.0,9.687567846311238,22350.0,0,6901297.0
1854,open_market,Condo For Sale in Banilad,"A. S. Fortuna Street, Mandaue City, Lalawigan ng Cebu, Pilipinas",Mandaue City,Condominium,10.3392349,123.9256166,3209850.0,106995.0,11.580537383380248,90880.0,30.0,2.0,1.0,0,0,4031.6,536.3,6111.3,11692.8,15991.0,8546.8,25507.8,6840.2,2267,1370,34.0576,56.1838,29.1052,3.3569,81.6972,1.1616,33.1883,108.576,52.744,16115.0,9.687567846311238,22350.0,0,2521285.0
1856,open_market,Condo For Sale in Banilad,"A. S. Fortuna Street, Mandaue, Lalawigan ng Cebu, Pilipinas",Mandaue City,Condominium,10.3392349,123.9256166,3514875.0,140595.0,11.853638695848696,124480.0,25.0,1.0,1.0,0,0,4031.6,536.3,6111.3,11692.8,15991.0,8546.8,25507.8,6840.2,2267,1370,34.0576,56.1838,29.1052,3.3569,81.6972,1.1616,33.1883,108.576,52.744,16115.0,9.687567846311238,22350.0,0,2495866.0
1861,open_market,Studio For Sale in Apas,"Gaisano Road, Apas, Cebu City, Cebu, Central Visayas, PHL",Cebu City,Condominium,10.34065314,123.9083248,3900000.0,150000.0,11.918390573078392,108500.0,26.0,,,1,1,3345.1,1862.9,8510.5,11079.5,15377.7,10628.6,24894.4,8579.3,4373,2078,17.6833,42.0212,18.5326,2.2434,7.975,2.4949,20.1076,77.7441,24.1722,41500.0,10.63347280231402,92500.0,0,7652579.0
1862,open_market,Studio For Sale in Apas,"Gaisano Road, Apas, Cebu City, Cebu, Central Visayas, PHL",Cebu City,Condominium,10.34065314,123.9083248,4600000.0,230000.0,12.345834587905333,188500.0,20.0,,1.0,1,0,3345.1,1862.9,8510.5,11079.5,15377.7,10628.6,24894.4,8579.3,4373,2078,17.6833,42.0212,18.5326,2.2434,7.975,2.4949,20.1076,77.7441,24.1722,41500.0,10.63347280231402,92500.0,0,7598733.0
1863,open_market,Condo For Sale in Maguikay,"St. Louis College - Cebu Back Gate, Mandaue, Lalawigan ng Cebu, Pilipinas",Mandaue City,Condominium,10.3407502,123.9409369,2990000.0,135909.0909090909,11.819741492008554,125909.09090909093,22.0,,1.0,1,0,6288.0,3740.3,5034.8,12996.5,17294.7,6492.2,26811.4,5590.6,1380,543,12.1579,13.3665,11.1238,1.9261,6.1063,0.0,9.8422,1.4286,11.4016,10000.0,9.210440366976515,16000.0,0,2100000.0
1865,open_market,Studio For Sale in Banilad,"Ines Quano Road, Banilad Mandaue, Cebu City, Cebu, Central Visayas, PHL",Mandaue City,Condominium,10.34135818,123.9164914,2900000.0,138095.2380952381,11.835698857233279,121980.2380952381,21.0,1.0,1.0,0,0,4034.1,528.8,7176.5,11768.5,16066.7,9294.6,25583.5,7821.7,3333,2435,22.9701,38.1279,20.8855,1.8007,83.4545,0.2697,20.1008,109.5362,41.9487,16115.0,9.687567846311238,22350.0,0,3481584.0
1866,open_market,Studio For Sale in Banilad,"Ines Quano Road, Banilad Mandaue, Cebu City, Cebu, Central Visayas, PHL",Mandaue City,Condominium,10.34135818,123.9164914,3200000.0,152380.95238095237,11.934138930046531,136265.95238095237,21.0,1.0,1.0,0,0,4034.1,528.8,7176.5,11768.5,16066.7,9294.6,25583.5,7821.7,3333,2435,22.9701,38.1279,20.8855,1.8007,83.4545,0.2697,20.1008,109.5362,41.9487,16115.0,9.687567846311238,22350.0,0,3472493.0
1872,open_market,Studio For Sale in Banilad,"The Midpoint Residences, Ines Ouano Road, Mandaue, Lalawigan ng Cebu, Pilipinas",Mandaue City,Condominium,10.341693,123.9165702,3200000.0,152380.95238095237,11.934138930046531,136265.95238095237,21.0,1.0,1.0,0,0,3833.6,451.4,7099.0,11568.0,15866.2,9217.1,25383.0,7832.4,3255,2357,31.6564,52.1808,28.929,2.1622,90.9555,0.2527,23.722,145.3519,52.3449,16115.0,9.687567846311238,22350.0,0,3472493.0
1874,open_market,Condo For Sale in Banilad,"Astra Centre, A. S. Fortuna Street, Mandaue City, Lalawigan ng Cebu, Pilipinas",Mandaue City,Condominium,10.3418325,123.9182365,4100000.0,178260.86956521738,12.091003315745386,162145.86956521738,23.0,,1.0,1,0,3896.1,388.9,7036.6,11630.5,15928.7,9154.7,25445.4,7681.7,3193,2295,30.0797,51.401,27.6676,2.0863,95.6975,0.2693,24.2343,133.8126,52.4238,16115.0,9.687567846311238,22350.0,0,3344728.0
1875,open_market,Studio For Sale in Banilad,"Astra Lifestyle Centre, A. S. Fortuna Street, Mandaue, Cebu, Pilipinas",Mandaue City,Condominium,10.3418325,123.9182365,4500000.0,204545.45454545456,12.228545501382232,188430.45454545456,22.0,1.0,1.0,0,0,3896.1,388.9,7036.6,11630.5,15928.7,9154.7,25445.4,7681.7,3193,2295,30.0797,51.401,27.6676,2.0863,95.6975,0.2693,24.2343,133.8126,52.4238,16115.0,9.687567846311238,22350.0,0,3332228.0
1876,open_market,Condo For Sale in Banilad,"Astra Centre, A. S. Fortuna Street, Mandaue, Lalawigan ng Cebu, Pilipinas",Mandaue City,Condominium,10.3418325,123.9182365,7600000.0,211111.11111111112,12.260139866800449,194996.11111111112,36.0,1.0,1.0,0,0,3896.1,388.9,7036.6,11630.5,15928.7,9154.7,25445.4,7681.7,3193,2295,30.0797,51.401,27.6676,2.0863,95.6975,0.2693,24.2343,133.8126,52.4238,16115.0,9.687567846311238,22350.0,0,3235352.0
1878,open_market,Studio For Sale in Maguikay,"M.D. Echavez, Maguikay, Mandaue City, Cebu, Central Visayas, PHL",Mandaue City,Condominium,10.342203,123.941811,2100000.0,100000.0,11.512925464970229,90000.0,21.0,1.0,1.0,0,0,6440.6,3058.8,5187.5,13149.2,17447.4,6644.8,26964.1,5630.2,1532,696,13.1209,18.7927,10.1885,1.7904,8.1993,0.3879,11.5972,1.0217,14.1688,10000.0,9.210440366976515,16000.0,0,2990000.0
1880,open_market,Condo For Sale in Banilad,"Ines Ouano Road & A. S. Fortuna Street, Mandaue City, Cebu, Pilipinas",Mandaue City,Condominium,10.3425654,123.9169849,3404310.0,141846.25,11.862499003511097,125731.25,24.0,1.0,1.0,0,0,3833.6,451.4,7099.0,11568.0,15866.2,9217.1,25383.0,7841.1,3255,2357,31.6564,52.1808,28.929,2.1622,90.9555,0.2527,23.722,145.3519,52.3449,16115.0,9.687567846311238,22350.0,0,3458470.0
1881,open_market,Studio For Sale in Banilad,"Bercede Compound, Banilad Mandaue, Cebu City, Cebu, Central Visayas, PHL",Mandaue City,Condominium,10.342835,123.917409,4500000.0,204545.45454545456,12.228545501382232,188430.45454545456,22.0,1.0,1.0,0,0,3842.9,460.7,7108.3,11577.3,15875.5,9226.4,25392.3,7816.1,3264,2367,31.1697,51.4349,28.5186,2.1366,90.2572,0.2504,23.2936,143.7227,51.715,16115.0,9.687567846311238,22350.0,0,3424008.0
1886,open_market,Condo For Sale in Banilad,"Choson Galbi Korean Restaurant, Banilad Mandaue, Cebu City, Cebu, Central Visayas, PHL",Mandaue City,Condominium,10.343585,123.914692,3750000.0,156250.0,11.959212567598648,140135.0,24.0,,,1,1,3701.1,1222.3,7869.9,11435.5,15733.7,9988.1,25250.4,8115.0,4026,2434,32.8827,47.1487,30.649,2.4557,26.4036,0.5186,15.4066,106.347,36.8264,16115.0,9.687567846311238,22350.0,0,3455827.0
1892,open_market,Studio For Sale in Banilad,"6014 A. S. Fortuna St, Mandaue City, 6014 Cebu",Mandaue City,Condominium,10.344443022395716,123.91524516939636,2500000.0,113636.36363636365,11.640758836480114,97521.36363636365,22.0,1.0,1.0,0,0,3701.1,1222.3,7869.9,11435.5,15733.7,9988.1,25250.4,8110.9,4026,2434,32.8827,47.1487,30.649,2.4557,26.4036,0.5186,15.4066,106.347,36.8264,16115.0,9.687567846311238,22350.0,0,3493705.0
1893,open_market,Studio For Sale in Banilad,"6014 A. S. Fortuna St, Mandaue City, 6014 Cebu",Mandaue City,Condominium,10.344443022395716,123.91524516939636,2700000.0,122727.27272727272,11.717719877616242,106612.27272727272,22.0,,1.0,1,0,3701.1,1222.3,7869.9,11435.5,15733.7,9988.1,25250.4,8110.9,4026,2434,32.8827,47.1487,30.649,2.4557,26.4036,0.5186,15.4066,106.347,36.8264,16115.0,9.687567846311238,22350.0,0,3487645.0
1894,open_market,Condo For Sale in Banilad,"Midori Residences, A. S. Fortuna Street, Mandaue, Lalawigan ng Cebu, Pilipinas",Mandaue City,Condominium,10.3443983,123.9154195,2700000.0,122727.27272727272,11.717719877616242,106612.27272727272,22.0,1.0,1.0,0,0,3774.8,1296.0,7943.6,11509.2,15807.4,10061.8,25324.1,8091.9,4100,2507,29.4142,43.1357,26.5057,2.144,20.8964,0.0,13.1886,90.8562,32.669,16115.0,9.687567846311238,22350.0,0,3487645.0
1895,open_market,Condo For Sale in Banilad,"Midori Residences, A. S. Fortuna Street, Mandaue, Lalawigan ng Cebu, Pilipinas",Mandaue City,Condominium,10.3443983,123.9154195,5000000.0,113636.36363636365,11.640758836480114,97521.36363636365,44.0,,,1,1,3774.8,1296.0,7943.6,11509.2,15807.4,10061.8,25324.1,8091.9,4100,2507,29.4142,43.1357,26.5057,2.144,20.8964,0.0,13.1886,90.8562,32.669,16115.0,9.687567846311238,22350.0,0,3417948.0
1896,open_market,Studio For Sale in Banilad,"Midori Residences, A. S. Fortuna Street, Mandaue, Lalawigan ng Cebu, Pilipinas",Mandaue City,Condominium,10.3444658,123.9154018,2400000.0,109090.90909090907,11.599936841959858,92975.90909090907,22.0,1.0,1.0,0,0,3774.8,1296.0,7943.6,11509.2,15807.4,10061.8,25324.1,8097.4,4100,2507,29.4142,43.1357,26.5057,2.144,20.8964,0.0,13.1886,90.8562,32.669,16115.0,9.687567846311238,22350.0,0,3496736.0
1897,open_market,Condo For Sale in Banilad,"Santo Nino Village Road, Banilad Mandaue, Cebu City, Cebu, Central Visayas, PHL",Mandaue City,Condominium,10.344466,123.915402,2632300.0,119650.0,11.692326093336519,103535.0,22.0,,,1,1,3774.8,1296.0,7943.6,11509.2,15807.4,10061.8,25324.1,8097.4,4100,2507,29.4142,43.1357,26.5057,2.144,20.8964,0.0,13.1886,90.8562,32.669,16115.0,9.687567846311238,22350.0,0,3489696.0
1902,open_market,Condo For Sale in Casuntingan,"Mandaue City, Lalawigan ng Cebu, Pilipinas",Mandaue City,Condominium,10.34507,123.92635,2930000.0,133181.81818181818,11.799470527634934,117066.81818181818,22.0,,1.0,1,0,4527.4,1032.1,6450.6,12188.6,16486.8,8256.3,26003.5,7134.5,2832,1935,26.2142,95.1582,16.5106,3.8995,43.1999,1.6379,25.7613,68.4395,54.1377,16115.0,9.687567846311238,22350.0,0,4782500.0
1903,open_market,Condo For Sale in Casuntingan,"Mandaue City, Lalawigan ng Cebu, Pilipinas",Mandaue City,Condominium,10.34507,123.92635,4265000.0,185434.78260869565,12.130458522978767,169319.78260869565,23.0,,1.0,1,0,4527.4,1032.1,6450.6,12188.6,16486.8,8256.3,26003.5,7134.5,2832,1935,26.2142,95.1582,16.5106,3.8995,43.1999,1.6379,25.7613,68.4395,54.1377,16115.0,9.687567846311238,22350.0,0,4115000.0
1904,open_market,Condo For Sale in Casuntingan,"Mandani bay, Mandaue, Lalawigan ng Cebu, Pilipinas",Mandaue City,Condominium,10.34507,123.92635,5300000.0,182758.62068965516,12.115921548535876,166643.62068965516,29.0,,,1,1,4527.4,1032.1,6450.6,12188.6,16486.8,8256.3,26003.5,7134.5,2832,1935,26.2142,95.1582,16.5106,3.8995,43.1999,1.6379,25.7613,68.4395,54.1377,16115.0,9.687567846311238,22350.0,0,3597500.0
1905,open_market,Condo For Sale in Cebu,"Apas, Cebu City, Cebu, Central Visayas, PHL",Cebu City,Condominium,10.34530064,123.8984742,18000000.0,130434.78260869563,11.778628630703235,121934.78260869563,138.0,3.0,3.0,0,0,4729.5,3658.5,10306.1,12252.4,16550.6,12424.2,26067.3,9774.4,5757,766,1.3796,2.2433,1.7026,0.5091,5.0323,0.3344,9.5441,2.4266,2.5078,8500.0,9.04793908261736,5500.0,0,11831002.0
1912,open_market,Condo For Sale in Banilad,"Cardinal Rosales Avenue, Lungsod ng Cebu, Lalawigan ng Cebu, Pilipinas",Mandaue City,Condominium,10.34561829,123.91546883,6361000.0,219344.8275862069,12.298400325674468,203229.8275862069,29.0,,1.0,1,0,3824.3,1345.5,7993.1,11558.7,15856.9,10111.3,25373.6,8157.5,4149,2557,26.9264,39.6594,24.0475,1.973,19.2272,0.0,11.8336,77.1869,29.987,16115.0,9.687567846311238,22350.0,0,3356512.0
1913,open_market,Studio For Sale in Cebu,"Le Menda Residences Nivel Hills, GMA Access Road, Busay, Cebu City, Lalawigan ng Cebu, Pilipinas",Cebu City,Condominium,10.3460355,123.8965845,6500000.0,260000.0,12.468436909997665,251500.0,25.0,1.0,1.0,0,0,4422.2,3978.4,10626.1,11932.4,16230.6,12744.2,25747.4,9996.1,5932,446,1.8409,4.3232,4.0,0.3645,5.7406,0.0,10.9875,4.0,3.5888,8500.0,9.04793908261736,5500.0,0,13971699.0
1915,open_market,Condo For Sale in Apas,"Citylights Garden Tower 3, City Lights, Busay, Cebu City, Lalawigan ng Cebu, Pilipinas",Cebu City,Condominium,10.3464116,123.8978353,15000000.0,108695.65217391304,11.59630707390928,100195.65217391304,138.0,3.0,2.0,0,0,4422.2,3978.4,10626.1,11932.4,16230.6,12744.2,25747.4,9891.2,5932,446,1.8409,4.3232,4.0,0.3645,5.7406,0.0,10.9875,4.0,3.5888,8500.0,9.04793908261736,5500.0,0,13097104.0
1921,open_market,Condo For Sale in Cebu,"Plazaville, Cebu Veterans Drive, Cebu City, Lalawigan ng Cebu, Pilipinas",Cebu City,Condominium,10.34824,123.889083,7000000.0,152173.91304347827,11.932779310530492,143673.91304347827,46.0,2.0,1.0,0,0,4589.7,5038.7,11686.4,12099.9,16398.1,13804.5,25914.9,10842.8,6100,0,0.7657,2.1441,2.6533,0.197,5.1634,0.0,5.9712,4.9808,2.2283,8500.0,9.04793908261736,5500.0,0,5850785.0
1938,open_market,Condo For Sale in Tabok,"Saint Andrew, Tabok, Mandaue City, Cebu, Central Visayas, PHL",Mandaue City,Condominium,10.35318163,123.94654964,2871392.0,143569.6,11.874575214020485,127169.6,20.0,1.0,1.0,0,0,7867.6,5320.0,6466.8,14576.1,18874.3,5226.6,28391.1,6224.7,2610,712,4.3078,9.77,7.1212,0.8105,3.1482,1.9315,3.7518,5.9236,5.9952,16400.0,9.70509758756311,20100.0,0,
1963,open_market,Condo For Sale in Cabancalan,"Canduman, H Abellana, Mandaue, Lalawigan ng Cebu, Pilipinas",Mandaue City,Condominium,10.36101702,123.92733113,3790770.0,172307.72727272726,12.057037269291744,155207.72727272726,22.0,,1.0,1,0,6699.2,3020.9,8016.4,14360.4,18658.6,6084.5,28175.3,8231.5,4821,3028,4.1596,17.3339,3.3514,0.3622,4.177,0.0,12.7119,4.0,8.7668,17100.0,9.746892220313054,15950.0,0,
1978,open_market,Apartment For Sale in Tayud,"Purok Zinnia 2, Sitio Sun-ok, Chapel, Tayud Consolacion, Consolacion, Lalawigan ng Cebu, Pilipinas",Consolacion,Condominium,10.3621312,123.9776756,13000000.0,81250.0,11.305286100191983,78850.0,160.0,,,1,1,11007.9,8460.3,8429.6,17716.4,22014.6,3545.1,31531.4,6110.9,463,3602,2.0166,2.7312,8.2227,0.2974,0.0,0.0,1.1599,8.4276,1.8436,2400.0,7.783640596221253,,0,
1984,open_market,Condo For Sale in Busay,"Busay, Lungsod ng Cebu, Lalawigan ng Cebu, Pilipinas",Cebu City,Condominium,10.3641103,123.882985,5690040.0,189668.0,12.153030454292626,181168.0,30.0,1.0,1.0,0,0,6927.6,7376.7,14024.3,14437.9,18736.1,15133.5,28252.8,12261.8,8438,0,4.2553,1.0213,0.0,0.0,4.0,0.0,4.1148,0.0,3.1425,8500.0,9.04793908261736,5500.0,0,5785108.0
1999,open_market,Condo For Sale in Canduman,"Ateneo de Cebu, H Abellana, Mandaue, Lalawigan ng Cebu, Pilipinas",Mandaue City,Condominium,10.3675714,123.9264698,2570534.0,122406.38095238096,11.715101779665435,112636.38095238096,21.0,,1.0,1,0,7834.9,5027.9,9626.2,15569.3,19867.5,5540.2,29384.3,8836.6,5761,2568,6.3273,20.3682,8.0758,0.4479,3.6099,0.8734,7.9072,26.4902,10.6567,9770.0,9.187174093944344,15750.0,0,3021237.0
2006,open_market,Condo For Sale in Canduman,"H. Abellana St Canduman Road, Mandaue City, Lalawigan ng Cebu, Pilipinas",Mandaue City,Condominium,10.3679414,123.9265578,2143132.0,119062.88888888888,11.687407110556208,109292.88888888888,18.0,,1.0,1,0,7834.9,5027.9,9626.2,15569.3,19867.5,5540.2,29384.3,8861.7,5761,2568,6.3273,20.3682,8.0758,0.4479,3.6099,0.8734,7.9072,26.4902,10.6567,9770.0,9.187174093944344,15750.0,0,3049730.0
2007,open_market,Condo For Sale in Canduman,"H. Abellana St Canduman Road, Mandaue City, Cebu, Pilipinas",Mandaue City,Condominium,10.3679414,123.9265578,3096024.0,140728.36363636365,11.854586812241378,130958.36363636365,22.0,,1.0,1,0,7834.9,5027.9,9626.2,15569.3,19867.5,5540.2,29384.3,8861.7,5761,2568,6.3273,20.3682,8.0758,0.4479,3.6099,0.8734,7.9072,26.4902,10.6567,9770.0,9.187174093944344,15750.0,0,2986204.0
2008,open_market,Condo For Sale in Canduman,"H. Abellana St Canduman Road, Mandaue City, Cebu, Pilipinas",Mandaue City,Condominium,10.3679414,123.9265578,3101584.0,140981.0909090909,11.85638105333943,131211.0909090909,22.0,,1.0,1,0,7834.9,5027.9,9626.2,15569.3,19867.5,5540.2,29384.3,8861.7,5761,2568,6.3273,20.3682,8.0758,0.4479,3.6099,0.8734,7.9072,26.4902,10.6567,9770.0,9.187174093944344,15750.0,0,2985834.0
2011,open_market,Condo For Sale in Canduman,"Northwoods Residences, H Abellana, Mandaue, Lalawigan ng Cebu, Pilipinas",Mandaue City,Condominium,10.3688559,123.9274053,3650000.0,130357.14285714286,11.77803321538347,120587.14285714286,28.0,,1.0,1,0,7820.9,5013.9,9612.2,15555.3,19853.5,5526.2,29370.3,8880.3,5747,2554,6.4615,21.0569,8.3844,0.4525,3.7304,0.8898,7.9913,27.0005,10.9811,9770.0,9.187174093944344,15750.0,0,2949273.0
2012,open_market,Condo For Sale in Canduman,"Northwoods Residences, H Abellana, Mandaue, Lalawigan ng Cebu, Pilipinas",Mandaue City,Condominium,10.3688559,123.9274053,3807281.0,135974.32142857142,11.820221333865556,126204.32142857142,28.0,1.0,1.0,0,0,7820.9,5013.9,9612.2,15555.3,19853.5,5526.2,29370.3,8880.3,5747,2554,6.4615,21.0569,8.3844,0.4525,3.7304,0.8898,7.9913,27.0005,10.9811,9770.0,9.187174093944344,15750.0,0,2938787.0
2013,open_market,Condo For Sale in Canduman,"Northwoods Residences, H Abellana, Mandaue, Lalawigan ng Cebu, Pilipinas",Mandaue City,Condominium,10.3688559,123.9274053,5200000.0,144444.44444444444,11.880650245095545,134674.44444444444,36.0,1.0,1.0,0,0,7820.9,5013.9,9612.2,15555.3,19853.5,5526.2,29370.3,8880.3,5747,2554,6.4615,21.0569,8.3844,0.4525,3.7304,0.8898,7.9913,27.0005,10.9811,9770.0,9.187174093944344,15750.0,0,2845939.0
2014,open_market,Condo For Sale in Canduman,"Northwoods Place Condominium, Canduman Road, Mandaue, Lalawigan ng Cebu, Pilipinas",Mandaue City,Condominium,10.3690452,123.9272152,3900000.0,139285.7142857143,11.844282600924672,129515.71428571428,28.0,,1.0,1,0,7834.9,5027.9,9626.2,15569.3,19867.5,5540.2,29384.3,8909.7,5761,2568,6.3273,20.3682,8.0758,0.4479,3.6099,0.8734,7.9072,26.4902,10.6567,9770.0,9.187174093944344,15750.0,0,2932606.0
2044,open_market,Apartment For Sale in Nangka,"V&G Subdivision, Consolacion, Lalawigan ng Cebu, Pilipinas",Consolacion,Condominium,10.37343,123.9617626,22000000.0,62500.0,11.042921835724492,60100.0,352.0,8.0,8.0,0,0,10916.9,8306.3,9516.1,17625.4,21923.6,1465.5,31440.3,7602.8,3174,550,12.4101,26.9753,73.9726,2.4167,88.6532,1.8574,44.4329,147.9132,34.5348,2400.0,7.783640596221253,,0,
2050,open_market,Condo For Sale in Tawason,"Pristina North, NS Road, Lungsod ng Cebu, Lalawigan ng Cebu, Pilipinas",Mandaue City,Condominium,10.373884,123.926637,3599000.0,163590.9090909091,12.005124133702852,158715.9090909091,22.0,,1.0,1,0,7730.5,5417.6,10511.2,15464.9,19763.1,6102.6,29279.9,9369.9,6646,3453,6.9285,11.1263,3.6829,0.3659,4.7699,1.0076,4.3808,7.6226,7.9945,4875.0,8.492080490601163,7820.0,0,
2101,open_market,Condo For Sale in Cebu,"Tigbao Road, Bacayan, Cebu City, Cebu, Central Visayas, PHL",Cebu City,Condominium,10.38147984,123.9215229,4707072.0,204655.30434782608,12.229082400704254,194405.30434782608,23.0,1.0,1.0,0,0,7946.4,5633.4,10936.3,15680.8,19979.0,7057.1,29495.7,10380.5,7626,4434,6.777,13.0511,7.6703,0.439,0.0,1.0141,1.7664,5.6377,7.5319,10250.0,9.235130540783402,,0,4065745.0
2271,open_market,Studio For Sale in Lapu-Lapu,"Tambuli Seaside Resort and Spa, Buyong Road, Mactan, Lungsod ng Lapu-Lapu, Lalawigan ng Cebu, Pilipinas",Lapu-Lapu City,Condominium,10.2899858,124.0068711,3900000.0,108333.33333333331,11.592968172643765,103333.33333333331,36.0,,1.0,1,0,16305.0,13938.4,8796.3,21929.6,25132.5,17579.3,35805.5,3600.5,10486,898,2.7037,1.5869,1.7218,0.1928,15.9049,0.8589,14.0955,1.0654,5.2869,5000.0,8.517393171418904,10500.0,1,11046543.0
2272,open_market,Condo For Sale in Lapu-Lapu,"Tambuli Seaside Resort and Spa, Buyong Road, Mactan, Lungsod ng Lapu-Lapu, Lalawigan ng Cebu, Pilipinas",Lapu-Lapu City,Condominium,10.2899858,124.0068711,10500000.0,218750.0,12.29568480421986,213750.0,48.0,1.0,1.0,0,0,16305.0,13938.4,8796.3,21929.6,25132.5,17579.3,35805.5,3600.5,10486,898,2.7037,1.5869,1.7218,0.1928,15.9049,0.8589,14.0955,1.0654,5.2869,5000.0,8.517393171418904,10500.0,1,10893055.0
2276,open_market,Penthouse For Sale in Cebu,"Cebu City, Lalawigan ng Cebu, Pilipinas",Cebu City,Condominium,10.2926115,123.9021934,111348000.0,227705.52147239263,12.335808500648445,165455.52147239263,489.0,4.0,4.0,0,0,3029.3,6956.5,10062.5,5999.3,10070.7,13373.1,19875.2,8556.7,445,1093,41.2897,107.6112,52.1713,3.103,59.6823,15.6073,98.6392,47.678,68.8318,62250.0,11.038929878454953,72375.0,0,5999982.0
2293,open_market,Condo For Sale in Mactan,"Newtown, The Mactan Newtown, Lungsod ng Lapu-Lapu, Cebu, Pilipinas",Lapu-Lapu City,Condominium,10.3082854,124.0174755,12000000.0,171428.57142857142,12.051921965702915,166428.57142857142,70.0,2.0,2.0,0,0,16476.3,13928.7,9669.3,23162.9,27461.1,15981.2,36977.8,4212.1,9539,931,1.9603,10.0453,4.1231,0.6205,43.641,0.7804,10.63,6.4593,14.0302,5000.0,8.517393171418904,10500.0,1,8654767.0
2294,open_market,Condo For Sale in Cogon Ramos,"Jakosalem, Zapatera, Cebu City, Cebu, Central Visayas, PHL",Cebu City,Condominium,10.30870415,123.90032112,6701307.0,248196.55555555556,12.42197627395915,185946.55555555556,27.0,,1.0,1,0,1385.5,5320.0,9858.4,6699.3,10997.5,12537.9,20514.3,8608.0,1692,681,69.9482,129.0154,96.4877,12.8928,67.5543,7.0906,134.4297,79.3468,90.7742,62250.0,11.038929878454953,72375.0,0,6107812.0
2296,open_market,Condo For Sale in Mandaue,"Mantawi Residences, Mandaue, Lalawigan ng Cebu, Pilipinas",Mandaue City,Condominium,10.3127605,123.9252604,13325821.0,370161.6944444445,12.821695201170481,346586.69444444444,36.0,1.0,1.0,0,0,3003.8,4053.0,6526.6,9063.7,13361.9,10046.1,22878.6,5910.5,0,734,5.9391,26.2629,13.0635,2.9913,19.8917,1.405,19.5943,39.4861,16.1315,23575.0,10.06798452441753,68750.0,0,15423971.0
2297,open_market,Condo For Sale in Mandaue,"Mandani Bay (Residences and Office Towers), F.E. Zuellig Avenue, Mandaue, Lalawigan ng Cebu, Pilipinas",Mandaue City,Condominium,10.3137952,123.928055,13000000.0,200000.0,12.206072645530174,176425.0,65.0,2.0,2.0,0,0,3497.6,3923.4,6117.4,9557.4,13855.6,9673.7,23372.3,5620.5,437,1228,5.8397,20.8164,10.8142,3.3755,15.6625,0.9749,13.2441,4.7619,13.2691,23575.0,10.06798452441753,68750.0,0,14286702.0
2299,open_market,Condo For Sale in Cebu Business Park,"Shang Bauhinia Residences Show Suite, Brgy, Negros Road, Cebu City, Lalawigan ng Cebu, Pilipinas",Cebu City,Condominium,10.3165409,123.9040165,17600000.0,352000.0,12.771386454580234,300750.0,50.0,1.0,2.0,0,0,15.1,4299.4,9029.3,8034.6,12332.8,11708.9,21849.5,8267.7,1936,963,34.665,127.1431,83.6961,6.5876,163.8039,11.4343,103.1336,292.6674,95.7241,51250.0,10.844490409005417,206750.0,0,17965266.0
2300,open_market,Condo For Sale in Cebu Business Park,"Luzon Avenue, Cebu City, Lalawigan ng Cebu, Pilipinas",Cebu City,Condominium,10.3168235,123.9041725,12500000.0,211864.40677966105,12.26370175836681,160614.40677966102,59.0,1.0,1.0,0,0,15.1,4299.4,9029.3,8034.6,12332.8,11708.9,21849.5,8254.7,1936,963,34.665,127.1431,83.6961,6.5876,163.8039,11.4343,103.1336,292.6674,95.7241,51250.0,10.844490409005417,206750.0,0,17859027.0
2305,open_market,Condo For Sale in Punta Engaño,"Punta Engaño Road, Lapu-Lapu, Lalawigan ng Cebu, Pilipinas",Lapu-Lapu City,Condominium,10.3185134,124.0296471,15498587.0,221408.38571428572,12.30776417439435,214408.38571428572,70.0,1.0,1.0,0,0,18053.1,15505.5,11246.1,24739.7,29037.9,17558.1,38554.6,5683.0,11116,2507,2.3754,2.0024,0.0,0.094,27.1289,0.0,10.9295,1.902,7.7752,7000.0,8.853808274977197,13500.0,1,10670418.0
2309,open_market,Loft For Sale in Mandaue,"Mandani Bay, Mandaue, Lalawigan ng Cebu, Pilipinas",Mandaue City,Condominium,10.3229577,123.9381077,13000000.0,282608.6956521739,12.551818518936717,261458.6956521739,46.0,1.0,2.0,0,0,4746.7,3262.1,4585.7,11040.6,15338.8,8142.0,24855.6,4803.8,231,957,22.1814,48.5998,37.5439,6.2163,45.5393,10.6068,23.7316,144.623,36.7917,21150.0,9.959442464680574,41250.0,0,9954369.0
2316,open_market,Condo For Sale in Lahug,"The Median, La Guardia Ext., Cebu City, Lalawigan ng Cebu, Pilipinas",Cebu City,Condominium,10.327069,123.9017721,5500000.0,5500000.0,15.520258650202699,5470000.0,1.0,1.0,1.0,0,0,2043.4,3643.4,9558.9,9777.8,14076.0,12238.4,23592.8,8731.8,3098,204,36.2503,55.6034,33.8182,1.4586,67.1063,6.2747,37.978,159.7509,50.2846,30000.0,10.308985993422082,57000.0,0,10467816.0
2319,open_market,Condo For Sale in Guizo,"A.S.Fortuna, Mandaue City, Lalawigan ng Cebu, Pilipinas",Mandaue City,Condominium,10.3289759,123.9371818,3743247.0,170147.5909090909,12.044421521198732,157397.5909090909,22.0,,1.0,1,0,4766.7,2430.8,4604.7,11468.4,15766.6,7699.8,25283.4,5175.6,373,510,27.9706,58.2548,51.2879,4.6646,32.7177,7.9265,39.4197,146.034,39.8641,12750.0,9.453364978883542,26500.0,0,3251621.0
2320,open_market,Condo For Sale in Lahug,"MLD Building, Governor Mariano Cuenco Avenue corner Paseo Saturnino Street, Kasambagan, Cebu City, Cebu, Central Visayas, PHL",Cebu City,Condominium,10.32962093,123.90970479,86113282.0,408119.81990521325,12.919316086510142,378119.81990521325,211.0,4.0,3.0,0,0,1741.6,2543.3,9191.0,9476.0,13774.2,11309.1,23291.0,7979.4,2770,474,24.8805,84.9463,47.9322,1.9081,91.8031,6.2303,47.0629,220.7777,60.8083,30000.0,10.308985993422082,34500.0,0,16273375.0
2321,open_market,Condo For Sale in Cebu IT Park,"IT Park Ayala Malls Central, Ines Villa Street, Cebu City, Cebu, Pilipinas",Cebu City,Condominium,10.3306811,123.9073198,16500001.0,311320.77358490566,12.648579085924746,281320.77358490566,53.0,1.0,1.0,0,0,1818.8,2765.8,9306.2,9553.2,13851.4,11531.6,23368.2,8264.1,2847,390,26.0583,93.3086,54.9984,1.847,121.5706,9.2677,51.7289,292.0739,70.8282,30000.0,10.308985993422082,57000.0,0,16945192.0
2325,open_market,Studio For Sale in Cebu IT Park,"Avida Towers Riala, Jose Maria del Mar Avenue, Apas, Cebu City, Cebu, Pilipinas",Cebu City,Condominium,10.3328036,123.9090696,3000000.0,136363.63636363635,11.823080393274068,107563.63636363635,22.0,,,1,1,2111.0,2335.0,8982.6,9845.4,14143.6,11100.7,23660.4,8162.1,3139,707,18.5075,85.5895,44.4245,1.7496,92.4888,7.0152,43.9722,224.942,58.3337,28800.0,10.268165387743457,37300.0,0,18795418.0
2326,open_market,Studio For Sale in Cebu IT Park,"Kasambagan, Cebu City, Cebu, Central Visayas, PHL",Cebu City,Condominium,10.33280355,123.90906928,3700000.0,168181.81818181818,12.032800924256136,139381.81818181818,22.0,,1.0,1,0,2111.0,2335.0,8982.6,9845.4,14143.6,11100.7,23660.4,8162.1,3139,707,18.5075,85.5895,44.4245,1.7496,92.4888,7.0152,43.9722,224.942,58.3337,28800.0,10.268165387743457,37300.0,0,18785695.0
2327,open_market,Condo For Sale in Cebu IT Park,"Kasambagan, Cebu City, Cebu, Central Visayas, PHL",Cebu City,Condominium,10.33280355,123.90906928,5500000.0,137500.0,11.831379196088763,108700.0,40.0,1.0,1.0,0,0,2111.0,2335.0,8982.6,9845.4,14143.6,11100.7,23660.4,8162.1,3139,707,18.5075,85.5895,44.4245,1.7496,92.4888,7.0152,43.9722,224.942,58.3337,28800.0,10.268165387743457,37300.0,0,18760695.0
2328,open_market,Condo For Sale in Maguikay,"The Highline By Avenir, Mandaue, Lalawigan ng Cebu, Pilipinas",Mandaue City,Condominium,10.3334566,123.9367557,3808000.0,173090.9090909091,12.061572221535076,156075.9090909091,22.0,,1.0,1,0,5136.8,2368.2,4733.4,11845.3,16143.6,7180.9,25660.3,5466.0,1539,312,25.4474,58.4341,33.8612,2.32,10.3632,1.3476,44.1424,21.1062,33.8354,17015.0,9.741909356880074,24120.0,0,5785470.0
2329,open_market,Condo For Sale in Maguikay,"The Highline By Avenir, Mandaue, Lalawigan ng Cebu, Pilipinas",Mandaue City,Condominium,10.3334566,123.9367557,3930746.0,178670.27272727274,12.093297334356185,161655.27272727274,22.0,,,1,1,5136.8,2368.2,4733.4,11845.3,16143.6,7180.9,25660.3,5466.0,1539,312,25.4474,58.4341,33.8612,2.32,10.3632,1.3476,44.1424,21.1062,33.8354,17015.0,9.741909356880074,24120.0,0,5781379.0
2330,open_market,Studio For Sale in Maguikay,"M. C. Briones Street, Mandaue, Lalawigan ng Cebu, Pilipinas",Mandaue City,Condominium,10.3358463,123.9407719,4543201.0,206509.13636363635,12.238099934296194,189494.13636363635,22.0,,1.0,1,0,5226.5,2678.9,4382.0,11935.0,16233.3,6467.2,25750.0,5256.7,1009,0,33.9246,65.5513,44.6345,3.1065,33.2917,1.6599,45.7782,34.114,45.1702,17015.0,9.741909356880074,24120.0,0,4743018.0
2331,open_market,Studio For Sale in Maguikay,"JTower Residences, L. Jayme St, Bakilid, Mandaue, Lalawigan ng Cebu, Pilipinas",Mandaue City,Condominium,10.3362256,123.935538,3960000.0,180000.0,12.100712129872347,162985.0,22.0,1.0,1.0,0,0,5085.1,2108.7,4681.7,11793.7,16091.9,7129.3,25608.6,5746.2,1487,260,33.2198,74.1974,43.9548,2.7362,13.4992,1.5888,51.5484,35.4621,43.4442,17015.0,9.741909356880074,24120.0,0,5752321.0
2332,open_market,Condo For Sale in Maguikay,"JTower Residences, L. Jayme St, Bakilid, Mandaue, Cebu, Pilipinas",Mandaue City,Condominium,10.3362256,123.935538,23322100.0,277644.04761904763,12.53409516800684,260629.04761904763,84.0,3.0,3.0,0,0,5085.1,2108.7,4681.7,11793.7,16091.9,7129.3,25608.6,5746.2,1487,260,33.2198,74.1974,43.9548,2.7362,13.4992,1.5888,51.5484,35.4621,43.4442,17015.0,9.741909356880074,24120.0,0,5147256.0
2334,open_market,Condo For Sale in Bakilid,"Aida Isabel Residences, Mandaue, Lalawigan ng Cebu, Pilipinas",Mandaue City,Condominium,10.3391226,123.9315974,4055520.0,168980.0,12.037535643706835,151965.0,24.0,,,1,1,4662.6,1279.4,5511.0,12157.0,16455.2,7803.8,25971.9,6283.9,1893,995,31.1564,67.2663,35.1847,5.3052,22.3633,1.5802,32.8145,79.9206,42.0984,17015.0,9.741909356880074,24120.0,0,7665745.0
2335,open_market,Condo For Sale in Bakilid,"Aida Isabel Residences, Mandaue, Lalawigan ng Cebu, Pilipinas",Mandaue City,Condominium,10.3391226,123.9315974,10395743.0,196146.09433962265,12.18661503983927,179131.09433962265,53.0,1.0,,0,1,4662.6,1279.4,5511.0,12157.0,16455.2,7803.8,25971.9,6283.9,1893,995,31.1564,67.2663,35.1847,5.3052,22.3633,1.5802,32.8145,79.9206,42.0984,17015.0,9.741909356880074,24120.0,0,7031723.0
2337,open_market,Condo For Sale in Banilad,"Radisson RED Cebu Mandaue, Astra Center, A. S. Fortuna Street, Mandaue City, Lalawigan ng Cebu, Pilipinas",Mandaue City,Condominium,10.3418403,123.9182519,4500000.0,225000.0,12.323855681186558,208885.0,20.0,,1.0,1,0,3896.1,388.9,7036.6,11630.5,15928.7,9154.7,25445.4,7680.7,3193,2295,30.0797,51.401,27.6676,2.0863,95.6975,0.2693,24.2343,133.8126,52.4238,16115.0,9.687567846311238,22350.0,0,3332228.0
2338,open_market,Condo For Sale in Apas,"1119 Middle Nivel Hills Rd, Cebu City, 6000 Cebu, Philippines",Cebu City,Condominium,10.342605,123.896352,12000000.0,142857.14285714287,11.86960040890896,112857.14285714288,84.0,2.0,2.0,0,0,3511.1,5235.2,11481.6,11021.4,15319.6,14001.0,24836.3,9860.6,5021,173,4.438,4.4306,3.3064,0.5521,4.493,0.4157,14.8396,2.5674,4.5098,30000.0,10.308985993422082,57000.0,0,11964486.0
2365,open_market,Condo For Sale in Jagobiao,"H. Abellana Street, Mandaue, Lalawigan ng Cebu, Pilipinas",Mandaue City,Condominium,10.3642001,123.9464101,3920000.0,140000.0,11.84939770159144,131485.0,28.0,,1.0,1,0,8851.8,5743.7,7451.1,15560.4,19858.6,3370.5,29375.3,7272.4,3560,368,13.4314,20.7591,31.4031,1.0425,4.0213,1.1402,8.2569,16.9507,14.0585,8515.0,9.049702026013373,16750.0,0,2285000.0
2373,open_market,Apartment For Sale in Canduman,"Canduman, Mandaue, Lalawigan ng Cebu, Pilipinas",Mandaue City,Condominium,10.3677899,123.9331874,9800000.0,96078.43137254902,11.47292013035653,86308.43137254902,102.0,4.0,3.0,0,0,7974.9,4296.6,8894.8,15636.1,19934.3,4808.9,29451.0,8397.0,5029,1837,14.2481,23.4688,13.7262,0.447,7.5508,0.0,12.2639,27.0034,16.1419,9770.0,9.187174093944344,15750.0,0,3232842.0
2375,open_market,Condo For Sale in Canduman,"Northwoods Place Condominium, H Abellana, Mandaue, Lalawigan ng Cebu, Pilipinas",Mandaue City,Condominium,10.3690452,123.9272152,2950000.0,134090.9090909091,11.806273274957686,124320.90909090907,22.0,,1.0,1,0,7834.9,5027.9,9626.2,15569.3,19867.5,5540.2,29384.3,8909.7,5761,2568,6.3273,20.3682,8.0758,0.4479,3.6099,0.8734,7.9072,26.4902,10.6567,9770.0,9.187174093944344,15750.0,0,2995939.0
2376,open_market,Studio For Sale in Canduman,"Northwoods Place Condominium, H Abellana, Mandaue, Lalawigan ng Cebu, Pilipinas",Mandaue City,Condominium,10.3690452,123.9272152,3000000.0,136363.63636363635,11.823080393274068,126593.63636363635,22.0,,1.0,1,0,7834.9,5027.9,9626.2,15569.3,19867.5,5540.2,29384.3,8909.7,5761,2568,6.3273,20.3682,8.0758,0.4479,3.6099,0.8734,7.9072,26.4902,10.6567,9770.0,9.187174093944344,15750.0,0,2992606.0
2379,open_market,Apartment For Sale in Nangka,"Nangka, Consolacion, Lalawigan ng Cebu, Pilipinas",Consolacion,Condominium,10.3699993,123.9652468,18000000.0,72000.0,11.184421397998193,69600.0,250.0,10.0,7.0,0,0,11154.9,8544.3,9754.1,17863.4,22161.6,2722.7,31678.4,7144.0,4462,1469,3.4403,4.651,10.4546,0.5244,6.9106,0.5488,15.5187,64.8175,4.6766,2400.0,7.783640596221253,,0,
2401,open_market,Apartment For Sale in Pitogo,"Pitogo, Consolacion, Cebu, Pilipinas",Consolacion,Condominium,10.3808744,123.9701244,16000000.0,35555.555555555555,10.47885169743969,33155.555555555555,450.0,18.0,,0,1,11793.6,9183.0,10392.8,18502.1,22800.3,1338.4,32317.0,8250.5,3039,54,10.5035,17.4285,60.8768,5.2917,108.6653,0.7376,25.1834,188.6322,34.8316,2400.0,7.783640596221253,3350.0,0,10833333.0
2483,open_market,3 Storey Apartment for Sale in Minglanilla Cebu,"Pakigne, Cebu, Philippines",Minglanilla,Condominium,10.2424002,123.8104222,20000000.0,62500.0,11.042921835724492,55500.0,320.0,8.0,8.0,0,0,14696.7,18632.7,22237.3,7588.9,3675.4,25049.3,8453.0,19800.4,1518,3485,9.339,3.3693,12.3652,0.8935,0.0,0.0,4.7051,38.1503,5.3369,7000.0,8.853808274977197,8000.0,0,
2501,open_market,FOR SALE,"6RVJ+PX Talisay, Cebu, Philippines",Talisay City,Condominium,10.2442836,123.8324435,3500000.0,97629.00976290095,11.488929959414012,89329.00976290097,35.85,1.0,0.0,0,0,13477.4,17413.4,21017.9,5897.1,1261.7,23830.0,11440.3,17493.2,2035,2808,6.3351,9.0295,16.2678,0.3509,7.5117,0.0,40.8599,62.7919,7.6146,8300.0,9.024131268455037,,0,
2535,open_market,1 Bedroom For Sale at 38 Park Avenue,"38 Park Avenue Condominium, India St, Apas, Cebu City, Cebu, Philippines",Minglanilla,Condominium,10.2481998,123.8015248,12500000.0,230925.54960280805,12.349850641463643,223925.54960280805,54.13,0.0,1.0,0,0,14878.9,18814.9,22419.5,7771.1,5141.1,25231.5,6985.7,20494.6,0,2806,17.3146,28.5403,16.5059,5.2726,11.5924,3.0174,10.354,45.9444,20.1595,7000.0,8.853808274977197,10937.5,0,
2552,open_market,FOR SALE! FULLY FURNISHED STUDIO UNIT CONDO,"Mivesa Garden Residences, Salinas Drive, Cebu City, Cebu, Philippines",Talisay City,Condominium,10.2504987,123.8328258,2500000.0,125000.0,11.736069016284437,115850.0,20.0,0.0,1.0,0,0,12560.4,16496.4,20100.9,4980.1,1267.0,22913.0,11115.1,17189.5,1017,1673,8.9809,17.1347,32.3342,0.7147,2.197,2.5276,12.7571,55.8388,10.4137,9150.0,9.12161844191538,18750.0,0,
2559,open_market,King Properties,"Tungha-an, Minglanilla, Cebu, Philippines",Minglanilla,Condominium,10.2511369,123.7810708,1828053.0,79757.98429319372,11.28675213216484,72757.98429319372,22.92,0.0,1.0,0,0,18277.7,22213.7,25818.3,11169.8,8539.9,28630.3,6514.3,22533.5,1550,6204,2.8507,0.3329,0.0,0.1958,0.0,0.0,0.3977,4.0,1.3891,7000.0,8.853808274977197,14000.0,0,
2562,open_market,2-Bedroom Condominium Unit with Parking,"Azalea Place Cebu, Gorordo Avenue, Cebu City, Cebu, Philippines",Talisay City,Condominium,10.2511149,123.8530821,10500000.0,184210.52631578947,12.123834547293201,174710.52631578947,57.0,0.0,2.0,0,0,10991.1,14927.1,17969.4,3270.6,2584.3,21343.7,13500.9,15121.0,216,2727,15.0269,15.5129,13.5553,0.2579,1.432,0.8034,5.0907,7.2439,12.3868,9500.0,9.15915233520675,17500.0,0,34250000.0
2570,open_market,2 Bedroom Fully Furnished Condo For sale,"SRP Road, Talisay, Cebu, Philippines",Talisay City,Condominium,10.2515512,123.8491546,4500000.0,150000.0,11.918390573078392,140500.0,30.0,2.0,1.0,0,0,11359.6,15295.6,18358.2,3639.0,1817.0,21712.2,12689.9,15494.1,0,1851,10.6011,23.7066,20.1739,0.6355,2.4204,0.8902,11.5558,13.2983,13.4548,9500.0,9.15915233520675,17500.0,0,37250000.0
2571,open_market,Rush Sale Income Generating Apartment in Talisay City,"SRP Road, Talisay, Cebu, Philippines",Talisay City,Condominium,10.2515512,123.8491546,64000000.0,33862.43386243386,10.430061533270258,24362.433862433863,1890.0,45.0,45.0,0,0,11359.6,15295.6,18358.2,3639.0,1817.0,21712.2,12689.9,15494.1,0,1851,10.6011,23.7066,20.1739,0.6355,2.4204,0.8902,11.5558,13.2983,13.4548,9500.0,9.15915233520675,17500.0,0,7500000.0
2579,open_market,2 Bedroom Loft Type For Sale,"Mandani Bay, Mandaue City, Cebu, Philippines",Minglanilla,Condominium,10.2526965,123.8107986,21000000.0,256097.56097560975,12.453313748423444,249097.56097560975,82.0,2.0,2.0,0,0,13825.8,17761.8,21366.4,6717.9,4088.0,24178.4,8339.6,19373.8,249,1753,12.8938,20.1537,18.3739,5.0193,5.2494,0.4673,9.3136,37.5915,13.882,7000.0,8.853808274977197,20000.0,0,22000000.0
2610,open_market,3units Apartment for Sale in Talisay,"Fairview Village, Talisay, Cebu, Philippines",Talisay City,Condominium,10.2580436,123.833802,12000000.0,24000.0,10.085809109330082,14850.0,500.0,4.0,4.0,0,0,11425.5,15361.5,18966.1,4317.7,2824.2,21778.1,10951.1,16798.6,780,256,11.3091,18.802,28.7135,0.5115,7.9131,1.2935,13.5739,41.0165,13.2986,9150.0,9.12161844191538,18750.0,0,
2611,open_market,"For Sale Income Generating 5-Door Apartment along Rabaya St., Cansojong near SRP Talisay","Rafael Rabaya Road, Talisay, Cebu, Philippines",Talisay City,Condominium,10.2579717,123.8488255,11900000.0,91538.46153846152,11.424514507626176,82038.46153846153,130.0,5.0,5.0,0,0,10451.6,14387.6,17992.2,2731.1,2386.4,20804.2,12799.0,15256.6,985,1199,11.7901,14.8299,19.4406,0.5332,2.6845,0.0,11.0582,21.1708,10.9824,9500.0,9.15915233520675,24000.0,0,
2617,open_market,3 bedroom condo for sale in subabasbas cebu,"Subabasbas, Lapu-Lapu City, Cebu 🏗️ Developer: Saekyung Realty Corp.🏢 Project: Saekyung Ocean Residences🏘️ Unit Type: 3-Bedroom Condo minium💳 Flexible... PH/PRO Realty Verified seller Call",Lapu-Lapu City,Condominium,10.2585789,123.9715452,10998400.0,118901.62162162164,11.686051721119272,115676.62162162164,92.5,3.0,,0,1,14940.3,12573.7,7431.6,18106.7,21309.6,16214.6,31982.6,5466.3,9121,1404,2.5622,0.0,0.0,0.1289,5.186,0.0,7.9141,0.0,2.2966,3225.0,8.078998258685154,8260.0,1,3938018.0
2624,open_market,Fully furnished 53.40sqm,"Amalfi at City De Mare by Filinvest, SRP Road, Talisay, Cebu, Philippines",Talisay City,Condominium,10.2594932,123.8633722,7000000.0,131086.14232209738,11.783609961053438,121586.14232209738,53.4,2.0,1.0,0,0,9710.5,13637.7,16598.4,2432.4,3656.6,20054.3,14529.5,13716.5,40,2822,14.1195,22.4776,14.262,0.2681,9.5167,0.2757,9.3926,41.372,16.1789,9500.0,9.15915233520675,24000.0,0,
2626,open_market,2br unit at San Remo Oasis for sale,"San Remo Oasis at City di Mare, Cebu South Coastal Road, Cebu City, Cebu, Philippines",Talisay City,Condominium,10.2596112,123.8232518,5800000.0,192243.950944647,12.166520422345679,181243.950944647,30.17,2.0,1.0,0,0,12312.5,16248.5,19853.1,5204.7,2901.0,22665.1,9735.4,17841.6,92,239,23.6826,22.2518,33.1681,0.9575,8.1513,4.7148,14.8376,53.5613,20.0726,11000.0,9.305741456739437,21000.0,0,2346980.0
2642,open_market,Antara,"ANTARA: Residential+Recreational+Possibilities, Talisay, Cebu, Philippines",Talisay City,Condominium,10.2619295,123.8264846,900000.0,36319.61259079903,10.500113166105452,27319.612590799028,24.78,0.0,1.0,0,0,12302.1,16238.1,19842.7,5194.3,3448.8,22654.7,10555.2,17427.8,694,496,10.7949,10.0895,22.7152,0.4689,9.404,1.235,7.4322,30.4849,10.3939,9000.0,9.105090961257083,15000.0,0,3980313.0
2643,open_market,For Sale Studio Unit Talisay Cebu,"ANTARA: Residential+Recreational+Possibilities, Talisay, Cebu, Philippines",Talisay City,Condominium,10.2619295,123.8264846,2800000.0,116666.66666666669,11.667076144797488,107666.66666666669,24.0,0.0,1.0,0,0,12302.1,16238.1,19842.7,5194.3,3448.8,22654.7,10555.2,17427.8,694,496,10.7949,10.0895,22.7152,0.4689,9.404,1.235,7.4322,30.4849,10.3939,9000.0,9.105090961257083,15000.0,0,3346980.0
2686,open_market,For Sale 1 Bedroom Condo in Peninsula Place in Lapulapu,"Suba Basbas, Lapu-Lapu City, Cebu, Philippines",Lapu-Lapu City,Condominium,10.2667391,123.9722147,1800000.0,45569.620253164554,10.726996550959317,42344.620253164554,39.5,1.0,1.0,0,0,14022.0,11655.4,6513.3,17629.8,20832.7,15296.4,31505.8,4558.6,8203,924,5.7011,1.6902,0.8518,0.2192,4.573,1.4297,8.3,1.1712,4.1467,3225.0,8.078998258685154,8260.0,1,2629927.0
2688,open_market,"For Sale: 2BR Condo in Mabolo, Cebu City — 53.4 sqm","Amalfi at City di Mare by Filinvest, Mabolo, Cebu City, Cebu, 6000, Philippines",Cebu City,Condominium,10.2668443,123.8762944,7500000.0,140449.4382022472,11.85260283254039,122949.4382022472,53.4,2.0,1.0,0,0,7571.3,11498.4,14459.1,5096.1,6065.6,17915.0,17126.3,12098.2,290,3393,1.281,11.322,2.6736,0.3599,14.9685,0.0,8.7769,12.6224,7.8017,17500.0,9.770013301136158,21500.0,0,10500000.0
2689,open_market,RUSH SALE 2 BEDROOM IN AMALFI OASIS (WITH 2 CAR PARK),"Amalfi at City di Mare by Filinvest, Cebu South Road Properties, Cebu City, Cebu, Philippines",Cebu City,Condominium,10.2668443,123.8762944,10000000.0,178571.42857142858,12.09274396022317,161071.42857142858,56.0,2.0,2.0,0,0,7571.3,11498.4,14459.1,5096.1,6065.6,17915.0,17126.3,12098.2,290,3393,1.281,11.322,2.6736,0.3599,14.9685,0.0,8.7769,12.6224,7.8017,17500.0,9.770013301136158,21500.0,0,10083333.0
2690,open_market,2BR Amalfi Oasis,"Amalfi at City di Mare by Filinvest, Cebu South Road Properties, Cebu City, Cebu, Philippines",Cebu City,Condominium,10.2668443,123.8762944,10000000.0,187265.91760299623,12.140284904992171,169765.91760299623,53.4,2.0,1.0,0,0,7571.3,11498.4,14459.1,5096.1,6065.6,17915.0,17126.3,12098.2,290,3393,1.281,11.322,2.6736,0.3599,14.9685,0.0,8.7769,12.6224,7.8017,17500.0,9.770013301136158,21500.0,0,10083333.0
2691,open_market,2 bedroom condo for sale or rent in amalfi at city di mare cogon pardo cebu,amalfi at city di mare cogon pardo cebu,Cebu City,Condominium,10.2668667,123.8763809,9000000.0,169811.320754717,12.042443221748371,152311.320754717,53.0,2.0,1.0,0,0,7571.3,11498.4,14459.1,5096.1,6065.6,17915.0,17126.3,12088.5,290,3393,1.281,11.322,2.6736,0.3599,14.9685,0.0,8.7769,12.6224,7.8017,17500.0,9.770013301136158,21500.0,0,10250000.0
2692,open_market,2 bedroom condo for sale in amalfi at city di mare cogon pardo cebu,amalfi at city di mare cogon pardo cebu,Cebu City,Condominium,10.2668667,123.8763809,12000000.0,210526.31578947368,12.257365939917724,193026.31578947368,57.0,2.0,1.0,0,0,7571.3,11498.4,14459.1,5096.1,6065.6,17915.0,17126.3,12088.5,290,3393,1.281,11.322,2.6736,0.3599,14.9685,0.0,8.7769,12.6224,7.8017,17500.0,9.770013301136158,21500.0,0,9750000.0
2693,open_market,1 bedroom condo for sale in subabasbas cebu,"Brgy. Subabasbas, Lapu-Lapu City, Cebu Unit Details:Studio Unit Type A1 (28.98 sqm)With Kitchen, Toilet & Bath, Main Room & BalconyFREE... Jennive O. Revilla Verified seller Call",Lapu-Lapu City,Condominium,10.2674631,123.9722887,3000000.0,103448.27586206896,11.54682701664591,100223.27586206896,29.0,1.0,,0,1,13862.1,11495.5,6353.4,17789.7,20992.6,15136.5,31665.7,4477.9,8043,764,5.7443,2.0943,0.9436,0.2444,5.0053,1.9118,7.5393,2.8634,4.4014,3225.0,8.078998258685154,8260.0,1,2479927.0
2694,open_market,https://www.dotproperty.com.ph/2 bedroom condo for sale in amalfi at city di mare cebu city cebu,"Building 1, Amalfi Oasis at City Di Mare, Cebu South Road Properties, Cebu CityUnit Area: 53.40 sqm.Accessible to:-Near NUStar Resort and Casino-Near the proposed UP campus South Road Properties (SRP),... AMISTAD PROPERTY MANAGEMENT SERVICES Verified seller Call",Cebu City,Condominium,10.2676897,123.8759537,10000000.0,187265.91760299623,12.140284904992171,169765.91760299623,53.4,2.0,,0,1,7571.3,11498.4,14459.1,5096.1,6065.6,17915.0,17126.3,12098.4,290,3393,1.281,11.322,2.6736,0.3599,14.9685,0.0,8.7769,12.6224,7.8017,17500.0,9.770013301136158,21500.0,0,7842929.0
2706,open_market,Residential Lot with Income Generating Apartment,"Petron Gasoline Station, Natalio B. Bacalso Avenue, Talisay City, Cebu, Philippines",Talisay City,Condominium,10.268683,123.8443886,13000000.0,43333.333333333336,10.676677440769609,34333.333333333336,300.0,8.0,4.0,0,0,9415.3,13351.3,16955.9,2307.4,2932.6,19767.9,12449.3,15336.2,2011,0,30.7745,32.4054,47.3968,0.5725,12.7978,0.6678,28.8589,118.6621,27.7772,9000.0,9.105090961257083,35000.0,0,
2718,open_market,https://www.dotproperty.com.ph/2 bedroom condo for sale in sanremo oasis cebu city cebu,sanremo oasis cebu city cebu,Cebu City,Condominium,10.2699271,123.8725229,4834007.0,161672.47491638796,11.993327807924004,144172.47491638796,29.9,2.0,,0,1,7940.8,11867.9,14828.6,5026.0,6242.7,18284.6,17303.4,12363.2,806,3213,3.6018,3.7824,1.4169,0.4113,13.2763,0.0,10.2806,4.9865,5.8623,17500.0,9.770013301136158,21500.0,0,6660581.0
2719,open_market,2 bedroom condo for sale in sanremo oasis cogon pardo cebu,sanremo oasis cogon pardo cebu,Cebu City,Condominium,10.2699271,123.8725229,5703883.0,190765.3177257525,12.158799248547798,173265.3177257525,29.9,2.0,,0,1,7940.8,11867.9,14828.6,5026.0,6242.7,18284.6,17303.4,12363.2,806,3213,3.6018,3.7824,1.4169,0.4113,13.2763,0.0,10.2806,4.9865,5.8623,17500.0,9.770013301136158,21500.0,0,6536313.0
2720,open_market,2br unit at San Remo Oasis SRP for Sale,"San Remo Oasis at City di Mare, Cebu South Coastal Road, Cebu City, Cebu, Philippines",Cebu City,Condominium,10.2699271,123.8725229,5800000.0,192243.950944647,12.166520422345679,174743.950944647,30.17,2.0,1.0,0,0,7940.8,11867.9,14828.6,5026.0,6242.7,18284.6,17303.4,12363.2,806,3213,3.6018,3.7824,1.4169,0.4113,13.2763,0.0,10.2806,4.9865,5.8623,17500.0,9.770013301136158,21500.0,0,6522582.0
2743,open_market,3 bedroom condo for sale or rent in marigondon cebu,"Saekyung Marigondon ,Lapulapu CityDetails:4th floor Floor Area 63 sqmFully furnishedFully EquippedFree Parking️55-inch TVWash & Dry Washing MachineCool Aircon unitCan cookCan do laundry Amenities:* Spacious parking lots * 24/7 security* 2 olympic sized pool and 1 kiddie pool* Playground* Basketball court* Grilling area with restroom* 2... Luchie U. Malgue Verified seller Call",Lapu-Lapu City,Condominium,10.2716221,123.9800209,3500000.0,55555.555555555555,10.92513880006811,46055.555555555555,63.0,3.0,1.0,0,0,13994.5,11628.0,6485.8,18977.5,22180.4,15268.9,32853.4,3956.6,8175,1065,1.3175,1.7217,0.8394,0.2233,1.3809,1.4986,1.8665,4.7894,1.4895,9500.0,9.15915233520675,19500.0,1,3352500.0
2744,open_market,condo for sale in subabasbas cebu,"Subabasbas, Lapu-Lapu City🏗️ Developer: Saekyung Realty... PH/PRO Realty Verified seller Call",Lapu-Lapu City,Condominium,10.2718663,123.9783281,3150000.0,108620.68965517242,11.595617180815342,99120.68965517242,29.0,,,1,1,13460.2,11093.7,5951.5,18443.2,21646.1,14734.6,32319.1,3928.5,7641,530,3.3005,5.6504,2.0647,0.3309,3.4208,5.187,2.9717,13.605,4.1841,9500.0,9.15915233520675,19500.0,1,3422128.0
2795,open_market,2 bedroom condo for sale in marigondon cebu,marigondon cebu,Lapu-Lapu City,Condominium,10.2757142,123.9777887,1900000.0,54285.71428571428,10.902016382647256,44785.71428571428,35.0,2.0,1.0,0,0,13346.8,10980.2,5838.1,18329.8,21532.7,14621.2,32205.7,3502.4,7527,84,4.5531,7.1207,3.0871,0.5465,9.0977,8.0,5.379,10.8146,6.5116,9500.0,9.15915233520675,19500.0,1,4181326.0
2797,open_market,1 bedroom condo for sale in marigondon cebu,"Marigondon, Lapu-Lapu City, Cebu Developer: PrimaryHomes, Inc.Land Area: 9 hectaresDevelopment Type: Mixed-use township... Juditha O. Pabu-aya Verified seller Call",Lapu-Lapu City,Condominium,10.2757142,123.9777887,4393670.0,146455.66666666666,11.894478045031828,136955.66666666666,30.0,1.0,1.0,0,0,13346.8,10980.2,5838.1,18329.8,21532.7,14621.2,32205.7,3502.4,7527,84,4.5531,7.1207,3.0871,0.5465,9.0977,8.0,5.379,10.8146,6.5116,9500.0,9.15915233520675,19500.0,1,3931959.0
2802,open_market,1 bedroom condo for sale in cogon pardo cebu,cogon pardo cebu,Cebu City,Condominium,10.27612,123.8620592,8228900.0,235111.42857142855,12.367814844879744,217611.42857142855,35.0,1.0,1.0,0,0,8443.4,12379.4,15983.9,1222.2,5692.4,18796.0,15616.3,13251.2,3074,1567,3.5722,4.534,16.809,0.4782,12.1212,0.8525,13.214,39.5416,5.8519,17500.0,9.770013301136158,21500.0,0,10618000.0
2803,open_market,2 bedroom condo for sale in cogon pardo cebu,cogon pardo cebu,Cebu City,Condominium,10.27612,123.8620592,10618000.0,187266.3139329806,12.140287021392048,169766.3139329806,56.7,2.0,,0,1,8443.4,12379.4,15983.9,1222.2,5692.4,18796.0,15616.3,13251.2,3074,1567,3.5722,4.534,16.809,0.4782,12.1212,0.8525,13.214,39.5416,5.8519,17500.0,9.770013301136158,21500.0,0,8228900.0
2808,open_market,Fully-Furnished San Remo Studio Unit,"Cebu South Coastal Rd, Cebu City, Cebu",Cebu City,Condominium,10.276274228287846,123.87367613220216,3000000.0,125000.0,11.736069016284437,111500.0,24.0,0.0,1.0,0,0,7694.4,11621.6,14582.3,4779.6,6478.6,18038.2,17539.3,12023.9,693,2967,1.1289,4.0826,1.1459,0.4822,12.2075,0.0,7.5387,3.5,4.6232,13500.0,9.510519035757246,22500.0,0,6875000.0
2809,open_market,Two Bedroom fully furnished unit in San Remo Oasis at Citi De Mare,"Cebu South Coastal Rd, Cebu City, Cebu",Cebu City,Condominium,10.276274228287846,123.87367613220216,4500000.0,124378.10945273632,11.731081474773399,110878.10945273632,36.18,0.0,1.0,0,0,7694.4,11621.6,14582.3,4779.6,6478.6,18038.2,17539.3,12023.9,693,2967,1.1289,4.0826,1.1459,0.4822,12.2075,0.0,7.5387,3.5,4.6232,13500.0,9.510519035757246,22500.0,0,6500000.0
2810,open_market,FOR SALE STUDIO WITH PARKING,"Cebu South Coastal Rd, Cebu City, Cebu",Cebu City,Condominium,10.276274228287846,123.87367613220216,4500000.0,204545.45454545456,12.228545501382232,191045.45454545456,22.0,0.0,1.0,0,0,7694.4,11621.6,14582.3,4779.6,6478.6,18038.2,17539.3,12023.9,693,2967,1.1289,4.0826,1.1459,0.4822,12.2075,0.0,7.5387,3.5,4.6232,13500.0,9.510519035757246,22500.0,0,6500000.0
2812,open_market,Bank financing,"Block 6, Lot 19, La Aldea del Rio, Lapu-Lapu City, Cebu, Philippines",Lapu-Lapu City,Condominium,10.2763993,123.9347398,950000.0,39583.333333333336,10.586163433228778,36233.333333333336,24.0,0.0,0.0,0,0,13359.0,10992.5,4828.4,16582.3,19807.0,14637.8,30458.2,5929.6,7540,1577,4.4524,0.3897,0.2689,0.2062,4.1448,0.4394,3.4961,0.0,3.0448,3350.0,8.11701408773731,9000.0,1,
2820,open_market,Amalfi Oasis 2BR Condo for sale; facing amenity,"Cebu South Road Properties, Cebu City, Philippines",Cebu City,Condominium,10.2779285,123.8774052,9000000.0,168539.32584269662,12.034924389334344,155039.32584269662,53.4,2.0,1.0,0,0,6653.9,10581.0,13541.7,3739.0,7070.7,16997.6,17937.6,11580.4,312,1926,4.2657,4.8975,6.46,1.3713,9.5827,0.4339,9.0704,15.575,5.7238,13500.0,9.510519035757246,22500.0,0,5375000.0
2821,open_market,"FOR SALE 2 BEDROOM CONDO IN AMALFI, SRP","Cebu South Road Properties, Cebu City, Philippines",Cebu City,Condominium,10.2779285,123.8774052,9500000.0,182692.3076923077,12.115558637989341,169192.3076923077,52.0,2.0,0.0,0,0,6653.9,10581.0,13541.7,3739.0,7070.7,16997.6,17937.6,11580.4,312,1926,4.2657,4.8975,6.46,1.3713,9.5827,0.4339,9.0704,15.575,5.7238,13500.0,9.510519035757246,22500.0,0,5250000.0
2831,open_market,Ready for Occupancy Fully- Furnished 2-Bedroom Condo Unit Resort-Like Living,"Soltana Nature Residences - Mactan Cebu Condominium, Basak-Marigondon Road, Lapu-Lapu City, Philippines",Lapu-Lapu City,Condominium,10.279208,123.971679,3000000.0,61893.95502372602,11.0331777967751,52393.95502372602,48.47,0.0,1.0,0,0,12256.4,9889.8,4747.7,18832.4,22111.3,13530.7,32647.3,3212.6,6437,161,6.4165,13.3512,12.3709,0.8259,17.0054,1.6952,4.2377,10.2027,11.2495,9500.0,9.15915233520675,19500.0,1,4751700.0
2832,open_market,For Sale one bedroom unit,"Soltana Nature Residences - Mactan Cebu Condominium, Basak-Marigondon Road, Lapu-Lapu City, Philippines",Lapu-Lapu City,Condominium,10.279208,123.971679,4000000.0,125000.0,11.736069016284437,115500.0,32.0,0.0,1.0,0,0,12256.4,9889.8,4747.7,18832.4,22111.3,13530.7,32647.3,3212.6,6437,161,6.4165,13.3512,12.3709,0.8259,17.0054,1.6952,4.2377,10.2027,11.2495,9500.0,9.15915233520675,19500.0,1,4551700.0
2833,open_market,"2 Bedrooms, Fully furnished, corner unit w/ Balcony Soltana Nature Residences in Cebu for Sale!","Soltana Nature Residences - Mactan Cebu Condominium, Basak-Marigondon Road, Lapu-Lapu City, Philippines",Lapu-Lapu City,Condominium,10.279208,123.971679,5500000.0,101851.85185185184,11.531274603638424,92351.85185185184,54.0,2.0,1.0,0,0,12256.4,9889.8,4747.7,18832.4,22111.3,13530.7,32647.3,3212.6,6437,161,6.4165,13.3512,12.3709,0.8259,17.0054,1.6952,4.2377,10.2027,11.2495,9500.0,9.15915233520675,19500.0,1,4251700.0
2844,open_market,For Sale Studio at Bria Flats Mactan,"Basak-Sudtunggan Road, Lapu-Lapu City, Cebu, Philippines",Lapu-Lapu City,Condominium,10.2805548,123.9633561,2500000.0,104166.66666666669,11.553747459490484,94166.66666666669,24.0,0.0,1.0,0,0,12495.0,10128.4,4986.3,18713.4,21916.3,13769.3,32589.4,3420.1,6676,1041,10.2536,7.1215,9.1639,0.5933,30.8567,0.0,11.3811,0.0,13.8905,10000.0,9.210440366976515,15000.0,1,6353047.0
2845,open_market,Elegant 1-BR fully furnished condo in Mactan near CCLEX exit - Royal Oceancrest Mactan,"Basak-Sudtunggan Road, Lapu-Lapu City, Cebu, Philippines",Lapu-Lapu City,Condominium,10.2805548,123.9633561,3200000.0,106666.66666666669,11.5774639861078,96666.66666666669,30.0,1.0,1.0,0,0,12495.0,10128.4,4986.3,18713.4,21916.3,13769.3,32589.4,3420.1,6676,1041,10.2536,7.1215,9.1639,0.5933,30.8567,0.0,11.3811,0.0,13.8905,10000.0,9.210440366976515,15000.0,1,6283047.0
2853,open_market,1 bedroom condo for sale in royal oceancrest mactan basak cebu,royal oceancrest mactan basak cebu,Lapu-Lapu City,Condominium,10.28185,123.9631549,2500000.0,89285.71428571429,11.399596779663225,79285.71428571429,28.0,1.0,1.0,0,0,12533.6,10167.1,5024.9,18752.1,21955.0,13808.0,32628.1,3307.7,6714,1080,9.3649,6.5752,8.8792,0.5695,28.5123,0.0,10.6886,0.0,12.7843,10000.0,9.210440366976515,15000.0,1,6756532.0
2854,open_market,1 bedroom condo for sale in basak cebu,"Sudtunggan Road, Brgy. Basak, Lapu-Lapu CityProject: Royal Oceancrest MactanUNIT DETAILS:Studio B Unit1 Toilet & BathLiving, Dining &... Jennive O. Revilla Verified seller Call",Lapu-Lapu City,Condominium,10.28185,123.9631549,3549042.0,118301.4,11.68099088421598,108301.4,30.0,1.0,1.0,0,0,12533.6,10167.1,5024.9,18752.1,21955.0,13808.0,32628.1,3307.7,6714,1080,9.3649,6.5752,8.8792,0.5695,28.5123,0.0,10.6886,0.0,12.7843,10000.0,9.210440366976515,15000.0,1,6639972.0
2855,open_market,60 bedroom condo for sale in royal oceancrest mactan basak cebu,royal oceancrest mactan basak cebu,Lapu-Lapu City,Condominium,10.28185,123.9631549,6300000.0,105000.0,11.56171562913966,95000.0,60.0,60.0,60.0,0,0,12533.6,10167.1,5024.9,18752.1,21955.0,13808.0,32628.1,3307.7,6714,1080,9.3649,6.5752,8.8792,0.5695,28.5123,0.0,10.6886,0.0,12.7843,10000.0,9.210440366976515,15000.0,1,6334310.0
2856,open_market,2 bedroom condo for sale in amalfi at city di mare cogon pardo cebu,It is near SM seaside and NU star hotel and very accessible going to airport using CCLEX. MERLYN P. MARIBAO/CEBU PHILCA REALTY Verified seller Call,Cebu City,Condominium,10.2818856,123.8812841,9500000.0,177902.62172284644,12.08899161060462,157902.62172284644,53.4,2.0,,0,1,6114.3,10050.3,13087.6,4235.9,7550.2,16466.9,18111.8,11053.6,365,1406,5.2796,11.3499,26.6274,1.3584,33.727,0.5096,10.7168,100.6682,13.7631,20000.0,9.90353755128617,42500.0,0,
2870,open_market,1 bedroom condo for sale or rent in basak cebu,"Primeworld District, Lapu-Lapu CityAddress: : Ibabao, Gisi Road, Agus, Lapu-Lapu City, Cebu Unit Details:Tower: LUnit: 5081BedroomFloor Area: 22 sqmNo BalconyProperty Features:➡️Semi-furnished unit in a modern residential tower➡️Strategically located near Mactan- Cebu International Airport➡️Accessible to malls, resorts, and business... Marisa Ocaya Pitogo Verified seller Call",Lapu-Lapu City,Condominium,10.2827676,123.9785924,3300000.0,150000.0,11.918390573078392,140000.0,22.0,1.0,1.0,0,0,12705.5,10339.0,5196.8,19281.5,22511.7,13979.9,33096.5,2716.0,6886,905,2.9963,5.2175,5.114,0.8772,16.9954,1.1737,7.7057,0.0,6.9124,10000.0,9.210440366976515,15000.0,1,5073874.0
2871,open_market,For Sale Primeworld District 1br unit with balcony,"Ibabao - Gisi - Agus Road, Lapu-Lapu City, Cebu, Philippines",Lapu-Lapu City,Condominium,10.2829833,123.9780057,3300000.0,97058.82352941176,11.483072501820548,87058.82352941176,34.0,1.0,1.0,0,0,12599.3,10232.8,5090.6,19175.4,22617.9,13873.7,32990.3,2693.8,6780,1011,2.949,5.2457,5.9427,0.8658,16.6336,1.0037,6.2371,0.0,6.8207,10000.0,9.210440366976515,15000.0,1,5073874.0
2890,open_market,1 bedroom condo for sale in basak pardo cebu,basak pardo cebu,Cebu City,Condominium,10.2854367,123.8648496,6500000.0,185714.2857142857,12.131964673376451,172214.2857142857,35.0,1.0,1.0,0,0,6605.4,10541.4,14146.0,2997.6,6917.9,16958.0,16434.6,12719.6,2607,613,14.5853,8.023,10.9516,4.5385,4.1271,1.9386,15.0866,6.3036,10.2038,13500.0,9.510519035757246,22500.0,0,15000000.0
2892,open_market,2 bedroom condo for sale in basak pardo cebu,basak pardo cebu,Cebu City,Condominium,10.2854367,123.8648496,15000000.0,197368.42105263157,12.192827418780153,183868.42105263157,76.0,2.0,2.0,0,0,6605.4,10541.4,14146.0,2997.6,6917.9,16958.0,16434.6,12719.6,2607,613,14.5853,8.023,10.9516,4.5385,4.1271,1.9386,15.0866,6.3036,10.2038,13500.0,9.510519035757246,22500.0,0,6500000.0
2895,open_market,2 bedroom condo for sale in royal oceancrest mactan basak cebu,"Sudtunggan Road, Brgy. Basak, Lapu-Lapu City✔ Near Grandmall... PH/PRO Realty Verified seller Call",Lapu-Lapu City,Condominium,10.2860172,123.969343,7756428.0,129273.8,11.769687914684113,119273.8,60.0,2.0,1.0,0,0,11509.7,9143.1,4001.0,18085.7,22383.9,12784.0,31900.6,2580.1,5690,0,8.5832,37.821,42.2062,3.759,51.9063,1.1462,14.7441,23.362,28.4081,10000.0,9.210440366976515,15000.0,1,3162880.0
2900,open_market,PALUGI SALE - STUDIO UNIT IN MIDPOINT,"Mandaue, Cebu, Philippines",Lapu-Lapu City,Condominium,10.2876372,123.9542867,2900000.0,116000.0,11.661345470088502,110500.0,25.0,0.0,1.0,0,0,12167.1,9800.5,3719.9,16882.9,20107.6,13445.8,30758.8,3468.6,6348,1430,3.24,1.5503,0.4654,0.3936,0.0,0.3039,1.0359,0.0,1.9831,5500.0,8.612685172875459,13375.0,1,
2910,open_market,1 bedroom condo for sale in mambaling cebu,mambaling cebu,Cebu City,Condominium,10.288614,123.8788002,4000000.0,200000.0,12.206072645530174,180000.0,20.0,1.0,1.0,0,0,5301.7,9237.7,12842.3,3439.1,7798.3,15654.3,17315.1,11154.1,822,609,20.9191,24.2146,28.3769,2.9056,42.3636,4.1167,16.4627,62.6991,27.1096,20000.0,9.90353755128617,42500.0,0,8000000.0
2912,open_market,2 bedroom condo for sale in mambaling cebu,mambaling cebu,Cebu City,Condominium,10.288614,123.8788002,7500000.0,258620.6896551724,12.463117748520064,238620.6896551724,29.0,2.0,1.0,0,0,5301.7,9237.7,12842.3,3439.1,7798.3,15654.3,17315.1,11154.1,822,609,20.9191,24.2146,28.3769,2.9056,42.3636,4.1167,16.4627,62.6991,27.1096,20000.0,9.90353755128617,42500.0,0,6250000.0
2931,open_market,Rent to Own??1Bedroom Fully Furnished In Tambuli Seaside Living,"Tambuli Beach Club, Maribago, Lapu-Lapu City, Cebu, Philippines",Lapu-Lapu City,Condominium,10.2898061,124.0087874,8500000.0,180851.0638297872,12.105429119750486,175851.06382978722,47.0,1.0,1.0,0,0,16305.0,13938.4,8796.3,21929.6,25132.5,17579.3,35805.5,3789.9,10486,898,2.7037,1.5869,1.7218,0.1928,15.9049,0.8589,14.0955,1.0654,5.2869,5000.0,8.517393171418904,10500.0,1,10135310.0
2932,open_market,"Tambuli Resort Residences Condominium for Sale in Mactan, Lapu-Lapu City — Investment Ready","TAMBULI Buyong Beach, Mactan Island Lapu- Lapu City, Mactan, Lapu-lapu City, Cebu, 6015, Philippines",Lapu-Lapu City,Condominium,10.2898061,124.00878740000007,22500000.0,236842.1052631579,12.375148975574108,231842.1052631579,95.0,2.0,2.0,0,0,16305.0,13938.4,8796.3,21929.6,25132.5,17579.3,35805.5,3789.9,10486,898,2.7037,1.5869,1.7218,0.1928,15.9049,0.8589,14.0955,1.0654,5.2869,5000.0,8.517393171418904,10500.0,1,9746421.0
2933,open_market,condo for sale in tambuli seaside living mactan cebu,tambuli seaside living mactan cebu,Lapu-Lapu City,Condominium,10.2899738,124.0051262,4500000.0,121621.62162162164,11.708670042096324,117496.62162162164,37.0,,,1,1,16290.7,13924.1,8782.0,21915.3,25118.2,17565.0,35791.2,3441.1,10471,883,2.7795,1.6159,1.7614,0.2008,19.1922,0.8821,14.4674,1.0976,6.0606,4125.0,8.325063693631197,9750.0,1,11109556.0
2934,open_market,condo for sale in tambuli seaside living mactan cebu,tambuli seaside living mactan cebu,Lapu-Lapu City,Condominium,10.2899738,124.0051262,5000000.0,136986.301369863,11.82763620980993,132861.301369863,36.5,,,1,1,16290.7,13924.1,8782.0,21915.3,25118.2,17565.0,35791.2,3441.1,10471,883,2.7795,1.6159,1.7614,0.2008,19.1922,0.8821,14.4674,1.0976,6.0606,4125.0,8.325063693631197,9750.0,1,11097651.0
2935,open_market,condo for sale in tambuli seaside living mactan cebu,tambuli seaside living mactan cebu,Lapu-Lapu City,Condominium,10.2899738,124.0051262,5263895.0,142267.43243243243,11.865463892335615,138142.43243243243,37.0,,,1,1,16290.7,13924.1,8782.0,21915.3,25118.2,17565.0,35791.2,3441.1,10471,883,2.7795,1.6159,1.7614,0.2008,19.1922,0.8821,14.4674,1.0976,6.0606,4125.0,8.325063693631197,9750.0,1,11091368.0
2936,open_market,Sacrifice SALE !!! Save up to 4M Semi Furnished 1 Bedroom Corner Unit,"Tambuli Seaside Resort and Spa, Buyong Road, Maribago, Lapu-Lapu City, Cebu, Philippines",Lapu-Lapu City,Condominium,10.2899858,124.0068711,8200000.0,124242.42424242424,11.729989970208056,119242.42424242424,66.0,0.0,1.0,0,0,16305.0,13938.4,8796.3,21929.6,25132.5,17579.3,35805.5,3600.5,10486,898,2.7037,1.5869,1.7218,0.1928,15.9049,0.8589,14.0955,1.0654,5.2869,5000.0,8.517393171418904,10500.0,1,10946543.0
2937,open_market,Fully furnished Studio unit in Tambuli,"Tambuli Seaside Resort and Spa, Buyong Road, Maribago, Lapu-Lapu City, Cebu, Philippines",Lapu-Lapu City,Condominium,10.2899858,124.0068711,9000000.0,300000.0,12.611537753638338,295000.0,30.0,0.0,1.0,0,0,16305.0,13938.4,8796.3,21929.6,25132.5,17579.3,35805.5,3600.5,10486,898,2.7037,1.5869,1.7218,0.1928,15.9049,0.8589,14.0955,1.0654,5.2869,5000.0,8.517393171418904,10500.0,1,10927939.0
2938,open_market,1 bedroom condo for sale in tambuli seaside resort and spa mactan cebu,tambuli seaside resort and spa mactan cebu,Lapu-Lapu City,Condominium,10.2899858,124.0068711,9500000.0,202127.6595744681,12.216654754860711,197127.6595744681,47.0,1.0,1.0,0,0,16305.0,13938.4,8796.3,21929.6,25132.5,17579.3,35805.5,3600.5,10486,898,2.7037,1.5869,1.7218,0.1928,15.9049,0.8589,14.0955,1.0654,5.2869,5000.0,8.517393171418904,10500.0,1,10916311.0
2943,open_market,3-Storey Apartment Building,"Cebu Archdiocesan Shrine of San Roque, L. Gabuya Street, Cebu City, Cebu, Philippines",Cebu City,Condominium,10.290279,123.8771337,8500000.0,47222.22222222222,10.762619870570335,27222.22222222222,180.0,9.0,7.0,0,0,4999.0,8934.9,12539.5,3050.7,7414.1,15351.6,16930.9,11301.0,1210,225,40.1774,40.3072,38.0445,4.9993,64.9283,7.7498,23.1136,50.8849,46.2794,20000.0,9.90353755128617,42500.0,0,5750000.0
2945,open_market,For Sale Tambuli Residences Studio,"Buyong Road, Maribago, Lapu-Lapu City, Cebu, Philippines",Lapu-Lapu City,Condominium,10.2907917,124.002551,6500000.0,175675.67567567568,12.07639482222164,171550.67567567568,37.0,0.0,1.0,0,0,15963.5,13596.9,8454.8,21588.1,24791.0,17237.8,35464.0,3157.4,10144,556,6.4008,2.577,3.2724,0.2982,20.8088,1.8383,17.6609,14.2171,8.3698,4125.0,8.325063693631197,9750.0,1,10256473.0
2946,open_market,TAMBULI 1BR FOR SALE?,"Buyong Road, Maribago, Lapu-Lapu City, Cebu, Philippines",Lapu-Lapu City,Condominium,10.2907917,124.002551,9000000.0,191489.36170212767,12.162587533590434,187364.36170212767,47.0,1.0,1.0,0,0,15963.5,13596.9,8454.8,21588.1,24791.0,17237.8,35464.0,3157.4,10144,556,6.4008,2.577,3.2724,0.2982,20.8088,1.8383,17.6609,14.2171,8.3698,4125.0,8.325063693631197,9750.0,1,10198334.0
2948,open_market,Rent-To-Own Studio Condo Unit in Brentwood Mactan,"Basak, Lapu-Lapu City, Cebu, Central Visayas, Philippines",Lapu-Lapu City,Condominium,10.2910239,123.96104100000002,1550000.0,110714.28571428572,11.614708159280172,100714.28571428572,14.0,0.0,1.0,0,0,10975.1,8608.5,3466.3,17551.1,21849.3,12249.4,31366.0,2662.2,5156,736,9.8447,9.7425,17.7291,0.8598,21.001,0.5195,5.7889,1.5345,12.424,10000.0,9.210440366976515,15000.0,1,1857844.0
2966,open_market,condo for sale in bacayan cebu,"Brgy. Bacagan, Cebu City",Cebu City,Condominium,10.2926115,123.9021934,3599964.0,156520.1739130435,11.96094018744719,121520.17391304349,23.0,,,1,1,3029.3,6956.5,10062.5,5999.3,10070.7,13373.1,19875.2,8556.7,445,1093,41.2897,107.6112,52.1713,3.103,59.6823,15.6073,98.6392,47.678,68.8318,35000.0,10.463131911491969,80000.0,0,59874000.0
2973,open_market,For Sale Income Generating Apartment,"Lourdes Village, East Sabellano Street, Cebu City, Cebu, Philippines",Cebu City,Condominium,10.2936396,123.867479,14000000.0,70000.0,11.156250521031495,54000.0,200.0,8.0,4.0,0,0,6009.3,9945.3,13549.9,3394.9,6987.0,16361.9,16503.7,12292.3,2733,755,43.9517,22.7511,28.0697,2.6124,9.351,2.0237,17.3552,22.1639,29.5714,16000.0,9.680406499268877,19500.0,0,
2980,open_market,condo for sale in san nicolas central cebu,san nicolas central cebu,Cebu City,Condominium,10.2947462,123.8893411,4512534.0,203267.2972972973,12.222277127342693,183267.2972972973,22.2,,,1,1,3827.2,7763.2,11243.4,4583.9,8943.1,14179.8,18459.8,9905.0,1872,307,62.8146,61.8882,38.8602,8.8627,102.4937,16.4391,50.1419,36.3386,72.1831,20000.0,9.90353755128617,28046.0,0,4512534.0
2991,open_market,1 bedroom condo for sale or rent in basak cebu,"Brentwood Mactan Basak Marigondon Road Lapu-Lapu City Cebu .Model type: Studio BArea: 14sqm Rental Rate: P10,000 per month. Still Negotiable 1month Advance 2mos DepositInclusions: Semi-Furnished Split-Type Converter Aircon Shower Heater Ikea Wardrobe Cabinet Ikea Wooden Shelf Double size Bed 3.1 cu RefrigeratorIf For Sale price: P1.5M Rent to own payment scheme. Clifford Vargan Verified seller Call",Lapu-Lapu City,Condominium,10.2953159,123.9648946,1500000.0,107142.85714285714,11.58191833645718,97142.85714285714,14.0,1.0,1.0,0,0,10373.3,8006.7,2864.6,16949.3,21247.5,11647.6,30764.2,2030.1,4554,0,22.004,41.3287,62.1786,3.4495,50.1763,2.6932,17.7486,29.5069,35.2333,10000.0,9.210440366976515,15000.0,1,2732140.0
2992,open_market,https://www.dotproperty.com.ph/2 bedroom condo for sale in marigondon cebu,"Brentwood Basak, Marigondon Rd, Lapu-Lapu City-Floor Area: 59 sqm-Bedrooms:... Cebu Property Buzz Verified seller Call",Lapu-Lapu City,Condominium,10.2953159,123.9648946,5700000.0,96610.16949152542,11.47843928889906,86610.16949152542,59.0,2.0,1.0,0,0,10373.3,8006.7,2864.6,16949.3,21247.5,11647.6,30764.2,2030.1,4554,0,22.004,41.3287,62.1786,3.4495,50.1763,2.6932,17.7486,29.5069,35.2333,10000.0,9.210440366976515,15000.0,1,2207140.0
2997,open_market,condo for sale in central pob cebu,central pob cebu,Cebu City,Condominium,10.2957375,123.8995079,8400000.0,301075.26881720434,12.615115574986222,266075.26881720434,27.9,,,1,1,2936.6,6868.3,10099.2,5615.6,9974.8,13284.9,19491.6,8788.3,874,512,76.4597,155.458,104.3624,5.7281,75.0323,16.7747,150.4097,83.6453,104.4676,35000.0,10.463131911491969,80000.0,0,30986991.0
3004,open_market,Plumera Mactan,"Plumera Mactan, Basak-Cagodoy-Bankal-Buaya Road, Lapu-Lapu City, Cebu, Philippines",Lapu-Lapu City,Condominium,10.2963079,123.9757611,1944000.0,81000.0,11.302204433654575,77650.0,24.0,0.0,1.0,0,0,12176.1,9809.5,4667.4,18752.1,23050.3,13450.4,32567.0,1260.5,6357,1212,16.7204,21.9106,10.0216,0.866,12.4264,4.0,4.6172,13.5818,17.7918,3350.0,8.11701408773731,7760.0,1,3576613.0
3014,open_market,4 Storey Apartment Building for Sale,"Osmeña Drive, Tres de Abril Street, Cebu City, Cebu, Philippines",Cebu City,Condominium,10.2967578,123.8840873,25000000.0,41666.666666666664,10.637456727616328,21666.666666666664,600.0,15.0,8.0,0,0,3938.1,7874.1,11478.7,4116.3,8414.5,14290.7,17931.3,10447.2,2190,0,53.2716,47.1246,41.144,7.8565,104.5433,11.1991,41.4002,36.1382,63.279,20000.0,9.90353755128617,28046.0,0,5156267.0
3015,open_market,COZY BIG STUDIO AT 36.5SQM IN MACTAN,"Mactan Oasis Garden, Lapu-Lapu City, Cebu, Philippines",Lapu-Lapu City,Condominium,10.2967846,124.0024785,3000000.0,82191.78082191781,11.316810586043937,77191.78082191781,36.5,0.0,1.0,0,0,16032.8,13666.2,8524.1,22598.7,25801.6,17244.6,36423.7,2818.2,10213,409,2.0752,2.0187,0.8758,0.1903,4.7115,0.3272,4.5565,3.1692,2.67,5000.0,8.517393171418904,10500.0,1,2650000.0
3016,open_market,FOR SALE!! Mactan Oasis Garden Residences,"Mactan Oasis Garden, Maribago, Lapu-Lapu City, Cebu, Philippines",Lapu-Lapu City,Condominium,10.296772,124.002471,3000000.0,52631.57894736842,10.871071578797833,47631.57894736842,57.0,2.0,1.0,0,0,16032.8,13666.2,8524.1,22598.7,25801.6,17244.6,36423.7,2818.0,10213,409,2.0752,2.0187,0.8758,0.1903,4.7115,0.3272,4.5565,3.1692,2.67,5000.0,8.517393171418904,10500.0,1,2650000.0
3036,open_market,For Sale Studio Unit in REEF RESIDENCES 2,"The Reef, Lapu-Lapu City, Cebu, Philippines",Lapu-Lapu City,Condominium,10.2985489,124.0157209,10000000.0,263157.8947368421,12.480509491231935,258157.89473684208,38.0,0.0,1.0,0,0,17722.5,15174.9,10283.9,24358.5,27561.4,17227.4,38183.6,4131.7,10785,1585,1.3225,0.834,0.2812,0.471,8.0,0.2607,9.1931,0.0,2.6549,5000.0,8.517393171418904,10500.0,1,10789591.0
3037,open_market,For Sale Big Studio Unit in REEF Residences 2,"The Reef Island Resort Mactan, Cebu, Dapdap, Lapu-Lapu City, Cebu, Philippines",Lapu-Lapu City,Condominium,10.2985467,124.0157295,16000000.0,213333.33333333337,12.270611166667745,208333.33333333337,75.0,0.0,1.0,0,0,17722.5,15174.9,10283.9,24358.5,27561.4,17227.4,38183.6,4132.7,10785,1585,1.3225,0.834,0.2812,0.471,8.0,0.2607,9.1931,0.0,2.6549,5000.0,8.517393171418904,10500.0,1,10516864.0
3041,open_market,FOR SALE: Beach Front 1 Bedroom Condominium THE REEF MACTAN RESORT,"Mactan, Lapu-lapu City, Cebu, 6015, Philippines",Lapu-Lapu City,Condominium,10.2986903,124.01567449999992,22000000.0,261904.7619047619,12.475736212479276,256904.7619047619,84.0,1.0,1.0,0,0,17543.1,14995.5,10104.4,24179.1,27382.0,17048.0,38004.1,4123.1,10605,1406,1.7971,2.1785,1.2027,0.6552,8.4653,0.316,9.6887,0.0,3.4342,5000.0,8.517393171418904,10500.0,1,10244136.0
3044,open_market,1 bedroom condo for sale in the reef mactan mactan cebu,the reef mactan mactan cebu,Lapu-Lapu City,Condominium,10.2987618,124.0157325,10000000.0,166666.66666666666,12.02375108873622,161666.66666666666,60.0,1.0,1.0,0,0,17543.1,14995.5,10104.4,24179.1,27382.0,17048.0,38004.1,4127.5,10605,1406,1.7971,2.1785,1.2027,0.6552,8.4653,0.316,9.6887,0.0,3.4342,5000.0,8.517393171418904,10500.0,1,10789591.0
3045,open_market,1 bedroom condo for sale in the reef mactan mactan cebu,the reef mactan mactan cebu,Lapu-Lapu City,Condominium,10.2987618,124.0157325,11000000.0,211538.46153846153,12.262162112181217,206538.46153846153,52.0,1.0,1.0,0,0,17543.1,14995.5,10104.4,24179.1,27382.0,17048.0,38004.1,4127.5,10605,1406,1.7971,2.1785,1.2027,0.6552,8.4653,0.316,9.6887,0.0,3.4342,5000.0,8.517393171418904,10500.0,1,10744136.0
3046,open_market,1 bedroom condo for sale in the reef mactan mactan cebu,the reef mactan mactan cebu,Lapu-Lapu City,Condominium,10.2987618,124.0157325,11500000.0,255555.55555555556,12.451195103563158,250555.55555555556,45.0,1.0,1.0,0,0,17543.1,14995.5,10104.4,24179.1,27382.0,17048.0,38004.1,4127.5,10605,1406,1.7971,2.1785,1.2027,0.6552,8.4653,0.316,9.6887,0.0,3.4342,5000.0,8.517393171418904,10500.0,1,10721409.0
3052,open_market,1 bedroom condo for sale in pusok cebu,It is near Mactan International Airport just 5 minutes to ride.It is near island central mall and marina mall.#cebu Condo nearairportforsale#mactan Condo forsale#keniernhills Condo forsale# Condo inmactanforsale MERLYN P. MARIBAO/CEBU PHILCA REALTY Verified seller Call,Lapu-Lapu City,Condominium,10.2990463,123.9638531,2900000.0,79452.05479452055,11.282909034368256,69452.05479452055,36.5,1.0,,0,1,9984.0,7617.4,2475.3,16560.0,20858.2,11256.3,30374.9,1887.4,4165,87,21.8989,39.3604,60.6082,1.6654,44.6852,5.8222,21.2137,54.1498,33.2883,10000.0,9.210440366976515,15000.0,1,2325712.0
3060,open_market,"148 Residences, Cebu City","Pelaez Street, Cebu City, Cebu, Philippines",Cebu City,Condominium,10.2995981,123.8981011,1800000.0,85714.28571428571,11.35877478514297,56339.28571428571,21.0,0.0,1.0,0,0,2416.4,6352.4,9957.0,5633.2,9931.5,12769.0,19448.2,8889.6,1354,0,97.4841,156.4329,118.5824,12.3832,56.078,15.9345,165.6236,83.5384,109.994,29375.0,10.287933293420217,116500.0,0,6075326.0
3077,open_market,1 bedroom condo for sale in labangon cebu,labangon cebu,Cebu City,Condominium,10.3003418,123.8815901,5800000.0,138095.2380952381,11.835698857233279,118095.2380952381,42.0,1.0,1.0,0,0,4190.0,8124.5,12018.6,4916.0,8893.3,14830.7,18410.1,10682.9,3030,738,36.341,24.2445,33.4344,3.2901,39.3726,14.0827,26.63,20.8463,33.3495,20000.0,9.90353755128617,28046.0,0,13750000.0
3080,open_market,condo for sale in city clou zapatera cebu,"0549 D. Jakosalem St., Cebu City𝗨𝗻𝗶𝘁 𝗗𝗲𝘁𝗮𝗶𝗹𝘀:Tower CStudio Unit (Unit C0807) City ViewFloor area: 27 sqmBed areaDining, Kitchen areaToilet & bathBalcony𝗖𝗼𝗺𝗺𝗲𝗿𝗰𝗶𝗮𝗹 𝗕𝗹𝗶𝘀𝘀: - 3 floors of Commercial Space - Supermarket - Retail Shops - Food Establishments𝗖𝗼𝗺𝗽𝗹𝗲𝘁𝗲... BusinessHub Real Estate Services Verified seller Call",Cebu City,Condominium,10.3004456,123.9015735,6701306.0,248196.5185185185,12.421976124734517,219196.5185185185,27.0,,,1,1,2239.7,6171.4,9617.3,6181.2,10479.4,12588.0,19996.2,8502.6,898,181,81.0511,150.5312,95.5244,6.1355,46.1698,15.9588,154.7099,73.0245,98.4128,29000.0,10.275085591132717,68000.0,0,13147382.0
3083,open_market,INCOME GENERATING STUDIO UNIT FOR SALE AT SOTO GRANDE HOTEL & RESORT,"Sotogrande Hotel & Resort, Angasil Road, Lapu-Lapu City, Cebu, Philippines",Lapu-Lapu City,Condominium,10.3004549,124.0156943,5000000.0,142857.14285714287,11.86960040890896,137857.14285714287,35.0,0.0,1.0,0,0,17488.2,14940.6,10191.1,24174.7,27468.7,16993.1,37989.6,4084.8,10551,1493,1.5647,2.3187,1.2788,0.71,8.5022,0.3364,9.7273,0.0,3.3869,5000.0,8.517393171418904,10500.0,1,11341045.0
3096,open_market,SACRIFICE SALE STUDIO UNIT IN CASA MIRA LABANGON TOWER1,"48 Salvador St, Cebu City, 6000 Cebu, Philippines",Cebu City,Condominium,10.301087395569205,123.87771874666215,2000000.0,100000.0,11.512925464970229,80000.0,20.0,0.0,1.0,0,0,4556.1,8490.6,12459.0,4832.4,8809.8,15271.1,18326.5,11100.0,3252,1178,27.58,29.2135,32.7507,2.3401,22.9491,11.2388,18.9529,28.9526,27.5016,20000.0,9.90353755128617,28046.0,0,4833333.0
3097,open_market,Corner Studio Casa Mira Towers-Labangon For Sale,"Casa Mira Towers, Salvador Street, Cebu City, Central Visayas, Philippines",Cebu City,Condominium,10.3011293,123.87832460000004,3000000.0,150000.0,11.918390573078392,130000.0,20.0,0.0,1.0,0,0,4331.6,8266.1,12319.0,4710.1,8687.4,15131.1,18204.2,11033.6,3112,1038,35.3558,30.7048,37.7614,2.6995,31.462,13.5682,25.6393,25.0604,33.3818,20000.0,9.90353755128617,28046.0,0,4500000.0
3100,open_market,2-Storey Cebu City Apartment for Sale (near universities and hospitals),"Sambag I (Pob.), Cebu City, Cebu, 6000, Philippines",Cebu City,Condominium,10.3014347,123.8927487,14500000.0,52919.70802919708,10.876531101002733,22919.70802919708,274.0,6.0,2.0,0,0,2852.9,6787.4,10807.8,5784.3,10082.5,13619.8,19599.2,9456.6,2031,505,54.9646,68.4409,55.5257,11.3233,27.3242,6.6694,87.9488,31.2989,54.2473,30000.0,10.308985993422082,36000.0,0,16333333.0
3102,open_market,FOR SALE,"South Osmeña Street, Lapu-Lapu City, Cebu, Philippines",Lapu-Lapu City,Condominium,10.301376400640509,123.96012018206176,600000.0,17647.058823529413,9.778324409582122,7647.058823529413,34.0,2.0,1.0,0,0,9640.1,7273.6,2115.4,16216.2,20514.4,10918.9,30031.1,2163.2,3821,82,16.9783,39.942,53.728,1.7245,49.7228,9.5709,22.8303,58.3123,32.4077,10000.0,9.210440366976515,15000.0,1,2074750.0
3111,open_market,Income Generating Apartment For Sale,"A. Lopez Street, Cebu City, Cebu, Philippines",Cebu City,Condominium,10.3015759,123.8845411,25000000.0,62500.0,11.042921835724492,43000.0,400.0,3.0,2.0,0,0,3397.8,7332.4,11934.6,5474.8,9685.5,14614.2,19202.2,10351.7,3050,910,23.0843,16.0319,22.6637,4.1709,15.5895,5.059,27.5976,13.7262,19.3105,19500.0,9.87822102528824,26250.0,0,5156267.0
3114,open_market,LOFT TYPE UNIT FOR SALE IN PACIFIC GRANDE RESIDENCES,"Pacific Grande Residences, Lapu-Lapu City, Cebu, Philippines",Lapu-Lapu City,Condominium,10.3017096,123.9605242,2200000.0,88000.0,11.385092093460344,78000.0,25.0,1.0,1.0,0,0,9640.1,7273.6,2115.4,16216.2,20514.4,10918.9,30031.1,2110.1,3821,82,16.9783,39.942,53.728,1.7245,49.7228,9.5709,22.8303,58.3123,32.4077,10000.0,9.210440366976515,15000.0,1,1674750.0
3115,open_market,Tambuli 1-BR,"TAMBULI SEASIDE RESORT AND SPA, Buyong Road, Maribago, Lapu-Lapu City, Cebu, Philippines",Cebu City,Condominium,10.3019426,123.872627,9000000.0,190556.84946008897,12.157705851392468,177736.84946008894,47.23,1.0,1.0,0,0,5254.6,9189.1,12913.8,4459.8,8437.1,15725.8,17953.9,11650.9,3092,1633,16.9568,27.5975,21.5009,1.8324,12.1357,3.3842,9.1922,50.097,19.795,12820.0,9.4588397305527,21320.0,0,
3119,open_market,2 Bedroom at One Oasis Condominium,"One Oasis Cebu, Pres. Magsaysay Street, Cebu City, Cebu, Philippines",Cebu City,Condominium,10.3021643,123.8609068,5600000.0,155124.65373961217,11.951984290366543,150022.65373961217,36.1,2.0,1.0,0,0,7255.7,11190.2,14914.9,4926.1,8420.4,17726.9,17937.1,12930.5,4156,2530,3.0765,1.736,1.8257,0.4806,0.0,0.0,3.1034,0.0,1.9741,5102.0,8.537583881063972,6916.0,0,
3120,open_market,CONDO FOR SALE AT INDIANA CONDOTEL JAKOSALEM STREET RAMOS CEBU CITY!,"Jakosalem Street, Cebu City, Cebu, Philippines",Cebu City,Condominium,10.3023118,123.9005693,2000000.0,52631.57894736842,10.871071578797833,23631.57894736842,38.0,1.0,1.0,0,0,2051.2,5987.2,9617.3,6018.3,10316.5,12403.8,19833.3,8596.5,1081,0,88.2581,142.8537,97.3417,8.4732,51.9709,16.4148,158.2833,66.1198,100.2735,29000.0,10.275085591132717,68000.0,0,14322708.0
3122,open_market,Apartment building for sale,"Sikatuna Street, Cebu City, Cebu, Philippines",Cebu City,Condominium,10.3026114,123.9019284,45000000.0,111111.11111111112,11.618285980628055,82111.11111111111,405.0,3.0,3.0,0,0,1879.6,5832.1,9486.6,6170.1,10468.3,12248.7,19985.0,8446.0,951,0,76.0485,135.2406,81.9217,6.7806,53.0759,15.1719,146.9847,54.7288,92.4345,29000.0,10.275085591132717,68000.0,0,4163611.0
3124,open_market,1 bedroom condo for sale in calamba cebu,calamba cebu,Cebu City,Condominium,10.3027794,123.8864721,4512534.0,203267.2972972973,12.222277127342693,183767.2972972973,22.2,1.0,,0,1,3064.5,6999.0,11601.3,5141.4,9439.6,14280.8,18956.4,10133.5,2716,577,35.0296,35.3673,40.0912,6.4709,34.0474,6.0183,41.5606,23.2961,35.4185,19500.0,9.87822102528824,26250.0,0,25000000.0
3129,open_market,2 bedroom condo for sale in the galleria residences tejero cebu,the galleria residences tejero cebu,Cebu City,Condominium,10.3029824,123.9112593,18700000.0,242857.14285714287,12.40022865997113,190607.14285714287,77.0,2.0,2.0,0,0,2123.8,5491.8,8379.4,7211.2,11509.4,11883.9,21026.2,7424.6,0,968,31.6388,70.2318,40.1587,2.9672,17.5963,5.5891,50.2735,26.994,42.2789,52250.0,10.863814308399895,99500.0,0,7352172.0
3134,open_market,Club ultima condo loft type for sale,"Osme?a Boulevard, Cebu City, Cebu, Philippines",Cebu City,Condominium,10.3037,123.8953958,5500000.0,82089.55223880598,11.315566030811734,52089.552238805976,67.0,0.0,1.0,0,0,2262.1,6196.7,10463.0,5980.0,10278.2,13165.5,19794.9,9153.5,1876,450,77.9894,127.2801,106.088,21.0876,40.5472,9.7516,156.1817,92.2017,87.7744,30000.0,10.308985993422082,36000.0,0,7182929.0
3135,open_market,Condo Unit,"Robinsons Galleria Cebu, Cebu City, Philippines",Cebu City,Condominium,10.303804,123.91135989999998,2600000.0,75362.31884057971,11.230062678954397,23112.318840579712,34.5,0.0,1.0,0,0,1857.5,5384.1,8272.1,7503.3,11801.5,11776.1,21318.3,7408.4,94,715,29.0082,69.5564,38.7182,3.2092,17.5161,4.9945,48.439,25.1811,40.8522,52250.0,10.863814308399895,99500.0,0,8815809.0
3136,open_market,Brand new Studio unit in Jones Cebu City,"West Jones Residences, Cebu City, Cebu, Philippines",Cebu City,Condominium,10.3038913,123.8944341,3500000.0,159090.9090909091,11.977231073101326,136590.9090909091,22.0,0.0,1.0,0,0,2380.9,6315.4,10581.7,6070.1,10368.3,13284.2,19885.1,9257.8,1995,554,68.0741,105.8258,88.5748,19.8175,35.0006,8.7474,134.9605,64.7639,74.7091,22500.0,10.021315031649332,53500.0,0,6304304.0
3137,open_market,1 bedroom condo for sale in tejero cebu,tejero cebu,Cebu City,Condominium,10.3039229,123.9073923,7600000.0,192405.06329113923,12.167358133349483,163405.06329113923,39.5,1.0,,0,1,1859.5,5640.5,9110.2,6903.2,11201.4,12057.1,20718.2,7841.3,574,465,39.9431,78.4548,46.8894,3.7617,27.8764,7.7324,68.4634,18.713,51.1101,29000.0,10.275085591132717,68000.0,0,8997389.0
3138,open_market,1 bedroom condo for sale in tejero cebu,tejero cebu,Cebu City,Condominium,10.3039229,123.9073923,8500000.0,175257.7319587629,12.074012923517108,146257.7319587629,48.5,1.0,,0,1,1859.5,5640.5,9110.2,6903.2,11201.4,12057.1,20718.2,7841.3,574,465,39.9431,78.4548,46.8894,3.7617,27.8764,7.7324,68.4634,18.713,51.1101,29000.0,10.275085591132717,68000.0,0,8907389.0
3139,open_market,1 bedroom condo for sale or rent in tejero cebu,tejero cebu,Cebu City,Condominium,10.3039229,123.9073923,9242427.0,228208.07407407407,12.338013097353324,199208.07407407407,40.5,1.0,,0,1,1859.5,5640.5,9110.2,6903.2,11201.4,12057.1,20718.2,7841.3,574,465,39.9431,78.4548,46.8894,3.7617,27.8764,7.7324,68.4634,18.713,51.1101,29000.0,10.275085591132717,68000.0,0,8833147.0
3141,open_market,Condominium,"Robinsons Galleria Cebu, Sergio OsmeÃ±a Jr Boulevard, Cebu City, Cebu, Philippines",Cebu City,Condominium,10.3042607,123.9111991,1000000.0,39215.68627450981,10.576832105799895,-13034.313725490196,25.5,0.0,1.0,0,0,1770.3,5351.5,8375.1,7510.7,11808.9,11768.1,21325.7,7423.5,186,614,30.4321,70.5472,41.8038,3.4789,19.8985,5.3593,50.4644,31.9428,42.3594,52250.0,10.863814308399895,99500.0,0,8961263.0
3144,open_market,2 Bedroom Condo unit,"The Courtyards at Brookridge, Doctor Pablo U. Abella Street, Cebu City, Cebu, Philippines",Cebu City,Condominium,10.3046861,123.8792144,5700000.0,107547.16981132075,11.585684819252657,87547.16981132075,53.0,2.0,1.0,0,0,3683.3,7617.9,12220.1,5590.3,9567.6,14899.7,19084.4,10919.1,3992,1918,14.851,15.7348,13.7107,2.644,3.0358,2.0998,19.7141,2.7593,12.7408,20000.0,9.90353755128617,28046.0,0,2500000.0
3148,open_market,condo for sale in santa cruz cebu,santa cruz cebu,Cebu City,Condominium,10.3052424,123.8962355,5188000.0,235818.18181818185,12.370816371060156,213318.18181818185,22.0,,,1,1,2048.3,5982.8,10272.1,6193.8,10492.0,12951.6,20008.7,9056.0,1721,500,77.4228,130.6232,103.1992,18.6402,41.7121,9.0029,146.1886,72.641,88.9331,22500.0,10.021315031649332,53500.0,0,5316955.0
3150,open_market,1 bedroom condo for sale in santa cruz cebu,santa cruz cebu,Cebu City,Condominium,10.3052424,123.8962355,9623000.0,238193.0693069307,12.380836839371433,215693.0693069307,40.4,1.0,,0,1,2048.3,5982.8,10272.1,6193.8,10492.0,12951.6,20008.7,9056.0,1721,500,77.4228,130.6232,103.1992,18.6402,41.7121,9.0029,146.1886,72.641,88.9331,22500.0,10.021315031649332,53500.0,0,5115364.0
3152,open_market,Condo Studio Unit for SALE,"Ultima Residences Ramos Tower, Junquera Extension, Cebu City, Central Visayas, Philippines",Cebu City,Condominium,10.3055307,123.89726670000005,4000000.0,142857.14285714287,11.86960040890896,112857.14285714288,28.0,0.0,1.0,0,0,1922.5,5857.0,10215.8,6361.0,10659.2,12895.4,20175.9,8942.5,1724,597,69.3724,135.0388,103.7991,16.0635,46.5615,7.942,150.3686,90.4738,87.9345,30000.0,10.308985993422082,36000.0,0,5428796.0
3153,open_market,"CONDO UNIT FOR SALE AT RAMOS TOWER, CEBU CITY","Ultima Residences Ramos Tower, Junquera Extension, Cebu City, Central Visayas, Philippines",Cebu City,Condominium,10.3055307,123.89726670000005,4500000.0,148319.05075807514,11.907120980820162,118319.05075807514,30.34,0.0,1.0,0,0,1922.5,5857.0,10215.8,6361.0,10659.2,12895.4,20175.9,8942.5,1724,597,69.3724,135.0388,103.7991,16.0635,46.5615,7.942,150.3686,90.4738,87.9345,30000.0,10.308985993422082,36000.0,0,5407057.0
3157,open_market,2 bedroom condo for sale in mactan cebu,mactan cebu,Lapu-Lapu City,Condominium,10.3054728,124.0112255,2700000.0,47368.42105263158,10.765711063140007,42368.42105263158,57.0,2.0,1.0,0,0,16116.7,13569.0,9309.6,22803.2,27101.4,15621.6,36618.1,3531.8,9179,225,4.2422,26.5377,12.6551,0.5139,23.2569,4.0,8.4364,23.1648,16.2148,5000.0,8.517393171418904,10500.0,1,11484651.0
3158,open_market,condo for sale in mactan cebu,mactan cebu,Lapu-Lapu City,Condominium,10.3054728,124.0112255,2780000.0,109881.42292490118,11.607157089933345,104881.42292490118,25.3,,,1,1,16116.7,13569.0,9309.6,22803.2,27101.4,15621.6,36618.1,3531.8,9179,225,4.2422,26.5377,12.6551,0.5139,23.2569,4.0,8.4364,23.1648,16.2148,5000.0,8.517393171418904,10500.0,1,11482298.0
3162,open_market,Studio with Balcony Sacrifice Sale at 2.4M,"City Suites, Ultima Residences Ramos Tower, F. Ramos Street, Cebu City, Cebu, Philippines",Cebu City,Condominium,10.305572,123.8972533,2400000.0,93023.25581395348,11.440604803390602,63023.25581395348,25.8,0.0,1.0,0,0,1906.1,5840.6,10232.2,6377.4,10675.6,12911.8,20192.3,8943.9,1740,613,68.4793,135.1804,104.6779,16.1707,46.9438,7.7289,149.9941,90.8998,87.669,30000.0,10.308985993422082,36000.0,0,5498361.0
3163,open_market,The City Suites Ramos,"City Suites, Ultima Residences Ramos Tower, F. Ramos Street, Cebu City, Cebu, Philippines",Cebu City,Condominium,10.305572,123.8972533,2500000.0,89285.71428571429,11.399596779663225,59285.71428571429,28.0,0.0,1.0,0,0,1906.1,5840.6,10232.2,6377.4,10675.6,12911.8,20192.3,8943.9,1740,613,68.4793,135.1804,104.6779,16.1707,46.9438,7.7289,149.9941,90.8998,87.669,30000.0,10.308985993422082,36000.0,0,5494013.0
3164,open_market,City Suite Ramos Property,"City Suites, Ultima Residences Ramos Tower, F. Ramos Street, Cebu City, Cebu, Philippines",Cebu City,Condominium,10.305572,123.8972533,3000000.0,107142.85714285714,11.58191833645718,77142.85714285714,28.0,0.0,1.0,0,0,1906.1,5840.6,10232.2,6377.4,10675.6,12911.8,20192.3,8943.9,1740,613,68.4793,135.1804,104.6779,16.1707,46.9438,7.7289,149.9941,90.8998,87.669,30000.0,10.308985993422082,36000.0,0,5472274.0
3166,open_market,Sacrifice Sale Studio unit in City Suites,"8V4W+7WF, F. Ramos St, Cebu City, 6000 Cebu, Philippines",Cebu City,Condominium,10.305664006845788,123.8972479104996,2000000.0,64516.12903225807,11.074670534039074,34516.12903225807,31.0,0.0,1.0,0,0,1906.1,5840.6,10232.2,6377.4,10675.6,12911.8,20192.3,8944.3,1740,613,68.4793,135.1804,104.6779,16.1707,46.9438,7.7289,149.9941,90.8998,87.669,30000.0,10.308985993422082,36000.0,0,5515752.0
3167,open_market,condo for sale in sambag ii cebu,sambag ii cebu,Cebu City,Condominium,10.3059021,123.8906566,5188000.0,235818.18181818185,12.370816371060156,213318.18181818185,22.0,,,1,1,2503.8,6438.4,11040.6,6485.0,10783.3,13720.2,20300.0,9664.8,2579,1138,31.6082,63.1376,69.1355,13.6496,17.6805,3.5509,80.1722,29.4259,39.8364,22500.0,10.021315031649332,53500.0,0,7686364.0
3169,open_market,"1BR Sacrifice Sale 2M only, very near to SM Mabolo","Grand San Marino, Cebu City, Cebu, Republic of the Philippines",Cebu City,Condominium,10.3058675,123.9130676,2000000.0,86956.52173913043,11.37316352259507,34706.52173913043,23.0,1.0,1.0,0,0,1910.5,5196.2,8218.3,7666.5,11964.7,11612.8,21481.5,7213.5,332,753,25.0513,61.9021,34.5657,3.0128,15.1525,5.0051,46.177,43.1362,35.918,52250.0,10.863814308399895,99500.0,0,8636830.0
3173,open_market,Caberte's Apartment,"Bankal Elementary School, Lapu-Lapu City, Cebu, Philippines",Lapu-Lapu City,Condominium,10.3065978,123.988926,20000000.0,34722.22222222222,10.455135170822373,28222.22222222222,576.0,12.0,12.0,0,0,13978.8,11612.3,6470.1,20554.9,24853.1,14906.3,34369.8,1089.0,8159,1531,23.687,15.4762,1.337,0.1552,21.7265,3.4161,8.0712,9.7841,20.7507,6500.0,8.77971129020447,10125.0,1,
3174,open_market,Sacrifice Sale Studio Unit ij Horizons,"F. Ramos Street, Cebu City, Cebu, Philippines",Cebu City,Condominium,10.3069957,123.8965369,2500000.0,113636.36363636365,11.640758836480114,50636.36363636363,22.0,0.0,1.0,0,0,1741.9,5676.4,10195.2,6536.0,10834.2,12874.7,20350.9,9020.4,1905,778,63.2339,147.9128,124.2829,19.014,57.9837,5.9231,159.8162,122.1297,92.1679,63000.0,11.050905878263569,74000.0,0,6772421.0
3175,open_market,Studio Unit at Club Ultima FOR SALE?,"F. Ramos Street, Cebu City, Cebu, Philippines",Cebu City,Condominium,10.3069957,123.8965369,2600000.0,106122.44897959183,11.572348885441029,43122.448979591834,24.5,0.0,1.0,0,0,1741.9,5676.4,10195.2,6536.0,10834.2,12874.7,20350.9,9020.4,1905,778,63.2339,147.9128,124.2829,19.014,57.9837,5.9231,159.8162,122.1297,92.1679,63000.0,11.050905878263569,74000.0,0,6769480.0
3176,open_market,For sale studio unit ready-for-occupancy 2.750M,"Juana Osmena Street, Barangay Camputhaw, Cebu City, 6000 Cebu",Cebu City,Condominium,10.30709838887802,123.89127142333984,2750000.0,129411.76470588236,11.770754574272328,106911.76470588236,21.25,0.0,1.0,0,0,2529.3,6463.9,11066.1,6318.7,10616.9,13745.7,20133.6,9596.5,2774,1333,29.4559,54.4108,68.6104,13.7433,11.588,3.3592,69.4993,36.6126,34.511,22500.0,10.021315031649332,53500.0,0,8413429.0
3177,open_market,For Sale: Furnished One Bedroom Unit at Cityscape Condo near Manga Avenue,"Juana Osmena Street, Camputhaw, Cebu City, Cebu, 6000, Philippines",Cebu City,Condominium,10.30709838887802,123.89127142333984,2800000.0,138957.81637717123,11.84192568675274,116457.81637717124,20.15,1.0,1.0,0,0,2529.3,6463.9,11066.1,6318.7,10616.9,13745.7,20133.6,9596.5,2774,1333,29.4559,54.4108,68.6104,13.7433,11.588,3.3592,69.4993,36.6126,34.511,22500.0,10.021315031649332,53500.0,0,8409857.0
3179,open_market,One Pacific Residences 1 Bedroom,"One Pacific Residence, Mactan Newtown, Newtown Boulevard, Lapu-Lapu City, Cebu, Philippines",Lapu-Lapu City,Condominium,10.3072505,124.0148771,8600000.0,188183.80743982497,12.145174463323578,183183.80743982497,45.7,1.0,1.0,0,0,16217.1,13669.4,9410.0,22903.6,27201.8,15722.0,36718.5,3926.1,9279,453,3.2259,27.2495,13.0339,0.6192,50.2802,4.0,12.1199,16.4231,22.0053,5000.0,8.517393171418904,10500.0,1,7912836.0
3180,open_market,One Manchester Place Tower 1-4E,"Philippines, Cebu, Lapu-Lapu City, One Manchester Place",Lapu-Lapu City,Condominium,10.3072542,124.015555,2200000.0,51522.24824355971,10.849768998093966,46522.24824355971,42.7,0.0,1.0,0,0,16217.1,13669.4,9410.0,22903.6,27201.8,15722.0,36718.5,4000.2,9279,453,3.2259,27.2495,13.0339,0.6192,50.2802,4.0,12.1199,16.4231,22.0053,5000.0,8.517393171418904,10500.0,1,8564267.0
3181,open_market,One Manchester Place Tower 2-15C,"Philippines, Cebu, Lapu-Lapu City, One Manchester Place",Lapu-Lapu City,Condominium,10.3072542,124.015555,5500000.0,150684.9315068493,11.922946389614253,145684.9315068493,36.5,0.0,1.0,0,0,16217.1,13669.4,9410.0,22903.6,27201.8,15722.0,36718.5,4000.2,9279,453,3.2259,27.2495,13.0339,0.6192,50.2802,4.0,12.1199,16.4231,22.0053,5000.0,8.517393171418904,10500.0,1,8472600.0
3182,open_market,Ready for occupancy studio at Urban Deca Homes Tisa Cebu,"Urban Deca Homes Tisa, Naya Road, Cebu City, Central Visayas, Philippines",Cebu City,Condominium,10.307409,123.86798499999998,1400000.0,53846.15384615384,10.893886256564004,41026.15384615384,26.0,0.0,1.0,0,0,6407.2,10341.7,14066.3,5343.6,9321.0,16878.4,18837.7,12144.0,4244,2785,3.2046,3.253,1.9704,0.8587,2.2537,0.0,9.0466,0.0,3.0551,12820.0,9.4588397305527,21320.0,0,1600000.0
3183,open_market,Condominium Unit at Deca Tisa Labangon,"Urban Deca Homes Tisa, Naya Road, Cebu City, Central Visayas, Philippines",Cebu City,Condominium,10.307409,123.86798499999998,1600000.0,61538.46153846154,11.027417649188527,48718.46153846154,26.0,0.0,1.0,0,0,6407.2,10341.7,14066.3,5343.6,9321.0,16878.4,18837.7,12144.0,4244,2785,3.2046,3.253,1.9704,0.8587,2.2537,0.0,9.0466,0.0,3.0551,12820.0,9.4588397305527,21320.0,0,1400000.0
3184,open_market,1-Bedroom Unit with Seaview,"Philippines, Cebu, Lapu-Lapu City, One Manchester Place",Lapu-Lapu City,Condominium,10.3074459,124.015483,10000000.0,175438.59649122806,12.07504438312377,170438.59649122806,57.0,1.0,2.0,0,0,16217.1,13669.4,9410.0,22903.6,27201.8,15722.0,36718.5,3992.5,9279,453,3.2259,27.2495,13.0339,0.6192,50.2802,4.0,12.1199,16.4231,22.0053,5000.0,8.517393171418904,10500.0,1,8347600.0
3185,open_market,Newly Renovated and Interior Designed Executive Condo Unit At The Mactan Newtown,"The Mactan Newtown, Lapu-Lapu City, Cebu, Philippines",Lapu-Lapu City,Condominium,10.307628309245858,124.01516075362017,7900000.0,216438.35616438356,12.285061056848804,211438.35616438356,36.5,0.0,1.0,0,0,16217.1,13669.4,9410.0,22903.6,27201.8,15722.0,36718.5,3957.4,9279,453,3.2259,27.2495,13.0339,0.6192,50.2802,4.0,12.1199,16.4231,22.0053,5000.0,8.517393171418904,10500.0,1,8284451.0
3186,open_market,1 bedroom condo for sale in mactan newtown residences mactan cebu,mactan newtown residences mactan cebu,Lapu-Lapu City,Condominium,10.307672,124.0137072,6000000.0,151515.15151515152,11.928440908931893,146515.15151515152,39.6,1.0,,0,1,16075.0,13527.3,9267.9,22761.5,27059.7,15579.9,36576.4,3798.5,9137,311,4.3627,31.7423,15.1039,0.5432,47.4604,4.0,12.3717,19.8916,23.4374,5000.0,8.517393171418904,10500.0,1,7779046.0
3187,open_market,condo for sale in mactan newtown residences mactan cebu,mactan newtown residences mactan cebu,Lapu-Lapu City,Condominium,10.307672,124.0137072,6500000.0,171052.63157894736,12.049726575139479,166052.63157894736,38.0,,,1,1,16075.0,13527.3,9267.9,22761.5,27059.7,15579.9,36576.4,3798.5,9137,311,4.3627,31.7423,15.1039,0.5432,47.4604,4.0,12.3717,19.8916,23.4374,5000.0,8.517393171418904,10500.0,1,7767141.0
3188,open_market,1 bedroom condo for sale in mactan newtown residences mactan cebu,mactan newtown residences mactan cebu,Lapu-Lapu City,Condominium,10.307672,124.0137072,7500000.0,189393.9393939394,12.151584460246104,184393.9393939394,39.6,1.0,,0,1,16075.0,13527.3,9267.9,22761.5,27059.7,15579.9,36576.4,3798.5,9137,311,4.3627,31.7423,15.1039,0.5432,47.4604,4.0,12.3717,19.8916,23.4374,5000.0,8.517393171418904,10500.0,1,7743332.0
3189,open_market,For Sale 1 Bedroom Seaview Condo Unit,"Mactan Newtown Residences, Newtown Boulevard, The Mactan Newtown, Lapu-Lapu City, Cebu, Philippines",Lapu-Lapu City,Condominium,10.3077641,124.0135564,7500000.0,145631.06796116504,11.888831770836848,140631.06796116504,51.5,1.0,1.0,0,0,16075.0,13527.3,9267.9,22761.5,27059.7,15579.9,36576.4,3782.1,9137,311,4.3627,31.7423,15.1039,0.5432,47.4604,4.0,12.3717,19.8916,23.4374,5000.0,8.517393171418904,10500.0,1,7743332.0
3190,open_market,FULLY FURNISHED EXECUTIVEÂ STUDIO W/ BALCONY FOR SALE!,"Mactan Newtown Residences, Newtown Boulevard, The Mactan Newtown, Lapu-Lapu City, Cebu, Philippines",Lapu-Lapu City,Condominium,10.3077641,124.0135564,7500000.0,181159.42028985507,12.10713269767527,176159.42028985507,41.4,0.0,1.0,0,0,16075.0,13527.3,9267.9,22761.5,27059.7,15579.9,36576.4,3782.1,9137,311,4.3627,31.7423,15.1039,0.5432,47.4604,4.0,12.3717,19.8916,23.4374,5000.0,8.517393171418904,10500.0,1,7743332.0
3191,open_market,For Sale 2bedroom Unit in One Pacific Mactan Newtown,"Mactan Newtown Residences, Newtown Boulevard, The Mactan Newtown, Lapu-Lapu City, Cebu, Philippines",Lapu-Lapu City,Condominium,10.3077641,124.0135564,16000000.0,109140.51841746247,11.600391490751504,104140.51841746247,146.6,2.0,2.0,0,0,16075.0,13527.3,9267.9,22761.5,27059.7,15579.9,36576.4,3782.1,9137,311,4.3627,31.7423,15.1039,0.5432,47.4604,4.0,12.3717,19.8916,23.4374,5000.0,8.517393171418904,10500.0,1,7540951.0
3192,open_market,For Sale: Cheap 1 BR Condo Unit in Mactan Newtown Lapu-Lapu City,"Mactan, Lapu-lapu City, Cebu, 6015, Philippines",Lapu-Lapu City,Condominium,10.3078818,124.0132513,7000000.0,173697.27047146403,12.06506923806695,168697.27047146403,40.3,1.0,1.0,0,0,16075.0,13527.3,9267.9,22761.5,27059.7,15579.9,36576.4,3749.0,9137,311,4.3627,31.7423,15.1039,0.5432,47.4604,4.0,12.3717,19.8916,23.4374,5000.0,8.517393171418904,10500.0,1,7755236.0
3193,open_market,Crown Regency lower PentHouse unit,"Crown Regency Hotel & Towers, Osmeña Boulevard, Cebu City, Cebu, Philippines",Cebu City,Condominium,10.3080134,123.894077,5000000.0,111111.11111111112,11.618285980628055,65111.11111111111,45.0,1.0,1.0,0,0,1965.2,5899.8,10502.0,6214.2,10512.4,13181.6,20029.1,9290.0,2226,855,61.5482,141.7094,137.6583,26.8539,48.4706,7.0553,158.9086,157.7851,87.1622,46000.0,10.736418414365376,73000.0,0,6672194.0
3194,open_market,For sale 3bedroom loft type unit in Crown Regency Fuente,"Crown Regency Hotel & Towers, OsmeÃ±a Boulevard, Cebu City, Cebu, Philippines",Cebu City,Condominium,10.3080134,123.894077,7500000.0,100000.0,11.512925464970229,54000.0,75.0,3.0,3.0,0,0,1965.2,5899.8,10502.0,6214.2,10512.4,13181.6,20029.1,9290.0,2226,855,61.5482,141.7094,137.6583,26.8539,48.4706,7.0553,158.9086,157.7851,87.1622,46000.0,10.736418414365376,73000.0,0,6602750.0
3200,open_market,Club ultima for sale,"Club Ultima, Osme?a Boulevard, Ramos, Cebu City, Cebu, Philippines",Cebu City,Condominium,10.3082266,123.8945793,6500000.0,82278.48101265823,11.317864882398844,36278.48101265823,79.0,1.0,2.0,0,0,1910.8,5845.4,10364.2,6367.0,10665.2,13043.7,20182.0,9235.3,2074,947,58.3007,140.7745,126.9865,22.0698,52.5703,5.6089,150.8955,140.9166,86.2982,46000.0,10.736418414365376,73000.0,0,8287775.0
3201,open_market,Studio Unit For Sale at Ultima Residences,"Ultima Residences Fuente Tower 3, Cebu City, Central Visayas, Philippines",Cebu City,Condominium,10.308334,123.894267,2800000.0,116666.66666666669,11.667076144797488,70666.66666666667,24.0,0.0,1.0,0,0,1965.2,5899.8,10502.0,6214.2,10512.4,13181.6,20029.1,9269.6,2226,855,61.5482,141.7094,137.6583,26.8539,48.4706,7.0553,158.9086,157.7851,87.1622,46000.0,10.736418414365376,73000.0,0,8302415.0
3202,open_market,ULTIMA RESIDENCES Tower 3,"Ultima Residences Fuente Tower 3, Cebu City, Central Visayas, Philippines",Cebu City,Condominium,10.308334,123.894267,2900000.0,120833.33333333331,11.702167464608756,74833.33333333333,24.0,0.0,0.0,0,0,1965.2,5899.8,10502.0,6214.2,10512.4,13181.6,20029.1,9269.6,2226,855,61.5482,141.7094,137.6583,26.8539,48.4706,7.0553,158.9086,157.7851,87.1622,46000.0,10.736418414365376,73000.0,0,8299976.0
3203,open_market,CONDOMINIUM FOR SALE,"Ultima Residences Fuente Tower 3, Cebu City, Central Visayas, Philippines",Cebu City,Condominium,10.308334,123.894267,7000000.0,76086.95652173914,11.239632129970547,30086.956521739135,92.0,0.0,2.0,0,0,1965.2,5899.8,10502.0,6214.2,10512.4,13181.6,20029.1,9269.6,2226,855,61.5482,141.7094,137.6583,26.8539,48.4706,7.0553,158.9086,157.7851,87.1622,46000.0,10.736418414365376,73000.0,0,8199976.0
3204,open_market,Condo For Sale in Mactan Newtown,"The Mactan Newtown, Lapu-Lapu City, Cebu, Philippines",Lapu-Lapu City,Condominium,10.3082854,124.0174755,7999800.0,222216.66666666663,12.311408160875494,217216.66666666663,36.0,0.0,1.0,0,0,16476.3,13928.7,9669.3,23162.9,27461.1,15981.2,36977.8,4212.1,9539,931,1.9603,10.0453,4.1231,0.6205,43.641,0.7804,10.63,6.4593,14.0302,5000.0,8.517393171418904,10500.0,1,8754772.0
3205,open_market,Mactan Newtown 8 boulevard,"The Mactan Newtown, Lapu-Lapu City, Cebu, Philippines",Lapu-Lapu City,Condominium,10.3082854,124.0174755,8500000.0,165048.5436893204,12.013994913790855,160048.5436893204,51.5,1.0,1.0,0,0,16476.3,13928.7,9669.3,23162.9,27461.1,15981.2,36977.8,4212.1,9539,931,1.9603,10.0453,4.1231,0.6205,43.641,0.7804,10.63,6.4593,14.0302,5000.0,8.517393171418904,10500.0,1,8742267.0
3206,open_market,One Manchester Place 2 Bedroom Unit,"The Mactan Newtown, Lapu-Lapu City, Cebu, Philippines",Lapu-Lapu City,Condominium,10.3083197,124.0174667,9400000.0,118987.34177215188,11.686772394773211,113987.34177215188,79.0,2.0,3.0,0,0,16476.3,13928.7,9669.3,23162.9,27461.1,15981.2,36977.8,4211.2,9539,931,1.9603,10.0453,4.1231,0.6205,43.641,0.7804,10.63,6.4593,14.0302,5000.0,8.517393171418904,10500.0,1,8529709.0
3207,open_market,2 Studio Unit For Sale in City Soho Condo,"City Soho Mall, B. Rodriguez Street, Cebu City, Central Visayas, Philippines",Cebu City,Condominium,10.3084012,123.889676,5800000.0,120833.33333333331,11.702167464608756,74833.33333333333,48.0,0.0,2.0,0,0,2211.3,6145.9,10748.1,6006.5,10304.7,13427.7,19821.4,9771.9,2917,1442,37.1662,78.5942,98.7309,18.3558,20.2721,6.4453,96.381,97.3757,48.2287,46000.0,10.736418414365376,73000.0,0,9154750.0
3208,open_market,1 Bedroom Condo Unit,"Bamboo bay, Mandaue City, Cebu, Philippines",Cebu City,Condominium,10.3085528,123.8900548,4500000.0,128571.42857142857,11.764239893251135,82571.42857142857,35.0,1.0,1.0,0,0,2029.7,5964.2,10566.5,6188.1,10486.3,13246.0,20003.1,9730.7,2735,1382,42.4109,106.1395,125.4123,21.3783,29.7145,6.3267,131.0135,150.106,62.1724,46000.0,10.736418414365376,73000.0,0,8656769.0
3209,open_market,2 bedroom condo for sale or rent in 8 newtown boulevard mactan cebu,8 newtown boulevard mactan cebu,Lapu-Lapu City,Condominium,10.3085676,124.0139063,14000000.0,153846.15384615384,11.943708381062683,148846.15384615384,91.0,2.0,2.0,0,0,16152.7,13605.1,9345.7,22839.2,27137.4,15657.6,36654.2,3822.9,9215,511,3.5408,25.7519,12.214,0.4836,49.0516,3.8342,10.9746,14.7913,21.3566,5000.0,8.517393171418904,10500.0,1,7588570.0
3210,open_market,Clean Title,"Cogon Ramos, Cebu City, Cebu, Philippines",Cebu City,Condominium,10.3086946,123.8976302,4500000.0,149501.6611295681,11.915062782985718,86501.66112956809,30.1,1.0,1.0,0,0,1426.1,5360.7,9928.9,7295.5,11593.7,12608.4,21110.5,8902.4,2129,1255,38.6114,69.2289,52.0413,6.4498,42.5049,3.8192,78.7128,38.8475,50.5793,63000.0,11.050905878263569,74000.0,0,6461558.0
3211,open_market,1 bedroom condo for sale in cogon ramos cebu,cogon ramos cebu,Cebu City,Condominium,10.3086946,123.8976302,6400000.0,181303.1161473088,12.10792558439065,118303.1161473088,35.3,1.0,,0,1,1426.1,5360.7,9928.9,7295.5,11593.7,12608.4,21110.5,8902.4,2129,1255,38.6114,69.2289,52.0413,6.4498,42.5049,3.8192,78.7128,38.8475,50.5793,63000.0,11.050905878263569,74000.0,0,6414058.0
3212,open_market,Spaniada,"Cogon Ramos, Cebu City, Cebu, Philippines",Cebu City,Condominium,10.3086946,123.8976302,9200000.0,148387.09677419355,11.907579656974177,85387.09677419355,62.0,2.0,1.0,0,0,1426.1,5360.7,9928.9,7295.5,11593.7,12608.4,21110.5,8902.4,2129,1255,38.6114,69.2289,52.0413,6.4498,42.5049,3.8192,78.7128,38.8475,50.5793,63000.0,11.050905878263569,74000.0,0,6344058.0
3213,open_market,Residential Studio Unit at Paseo Grove - LIVE CLOSE TO EVERYTHING!,"Humay-Humay Road, Lapu-Lapu City, Cebu, Philippines",Lapu-Lapu City,Condominium,10.3087469,123.9573763,2678108.0,127528.95238095238,11.756098695300091,122028.95238095238,21.0,0.0,1.0,0,0,9008.1,6641.5,934.7,15584.1,19882.3,10286.8,29399.0,2370.9,3189,419,22.42,38.3326,28.9288,5.4564,80.5806,11.8353,41.1107,124.273,41.1353,5500.0,8.612685172875459,10500.0,1,3109324.0
3217,open_market,STUDIO UNIT FOR SALE IN SPIANADA,"Rahmann Street, Cebu City, Cebu, Philippines",Cebu City,Condominium,10.3090464,123.9015917,2500000.0,108695.65217391304,11.59630707390928,46445.65217391304,23.0,0.0,1.0,0,0,1259.7,5347.3,9672.2,6923.8,11222.0,12351.7,20738.8,8469.9,1704,754,51.7261,84.8704,57.2934,7.0789,57.8687,6.9282,105.9894,31.6847,65.2487,62250.0,11.038929878454953,72375.0,0,7640968.0
3219,open_market,"For Sale Studio Condo in Zapatera, Cebu City 22.82 sqm","D. JAKOSALEM ST., Zapatera, Cebu City, Cebu, 6000, Philippines",Cebu City,Condominium,10.3094054,123.9018141,700000.0,30674.84662576687,10.331198269591612,-31575.15337423313,22.82,0.0,1.0,0,0,1026.7,5114.2,9439.1,7077.9,11376.1,12118.7,20892.9,8446.6,1639,766,60.8085,109.0787,74.1534,10.1915,86.3064,9.0987,116.5178,79.9489,83.9736,62250.0,11.038929878454953,72375.0,0,7626144.0
3220,open_market,1 bedroom condo for sale in zapatera cebu,zapatera cebu,Cebu City,Condominium,10.3094054,123.9018141,4350000.0,108750.0,11.596806948950931,46500.0,40.0,1.0,1.0,0,0,1026.7,5114.2,9439.1,7077.9,11376.1,12118.7,20892.9,8446.6,1639,766,60.8085,109.0787,74.1534,10.1915,86.3064,9.0987,116.5178,79.9489,83.9736,62250.0,11.038929878454953,72375.0,0,7467448.0
3221,open_market,1 bedroom condo for sale in zapatera cebu,zapatera cebu,Cebu City,Condominium,10.3094054,123.9018141,10000000.0,142857.14285714287,11.86960040890896,80607.14285714287,70.0,1.0,1.0,0,0,1026.7,5114.2,9439.1,7077.9,11376.1,12118.7,20892.9,8446.6,1639,766,60.8085,109.0787,74.1534,10.1915,86.3064,9.0987,116.5178,79.9489,83.9736,62250.0,11.038929878454953,72375.0,0,7221796.0
3225,open_market,condo for sale in carreta cebu,carreta cebu,Cebu City,Condominium,10.3097859,123.9087868,4300000.0,165384.61538461538,12.016029042642309,113134.61538461538,26.0,,,1,1,1389.5,5026.8,8763.8,7351.4,11649.6,11443.4,21166.4,7685.7,842,214,38.7233,74.9322,44.5035,6.2665,39.7811,8.5384,63.4669,29.5968,51.9923,52250.0,10.863814308399895,99500.0,0,5129865.0
3228,open_market,Fully-Furnished Studio Unit in San Marino Residences near SM Cebu,"San Marino Residences, Cebu City, Philippines",Cebu City,Condominium,10.3098173,123.91553420000002,2300000.0,100000.0,11.512925464970229,47750.0,23.0,0.0,1.0,0,0,2273.8,4598.2,7857.6,8039.7,12337.9,11014.8,21854.6,6948.2,577,273,21.321,52.3143,37.7226,2.461,13.9768,9.6509,40.6862,88.1403,30.6818,52250.0,10.863814308399895,99500.0,0,4772147.0
3229,open_market,CTC 4475,"Spianada Condo Residences, Rahmann Street, Cebu City, Philippines",Cebu City,Condominium,10.309854,123.90206999999998,3800000.0,165217.39130434784,12.015017408767465,102967.39130434784,23.0,0.0,1.0,0,0,1094.1,5181.7,9506.6,7089.5,11387.7,12186.1,20904.4,8420.3,1707,833,56.045,96.5573,67.0197,8.8258,77.0644,7.9049,109.1855,62.3722,75.4727,62250.0,11.038929878454953,72375.0,0,4771522.0
3230,open_market,"Beautiful 1 Bedroom Condo Unit with Balcony in Spianada, Cebu City","Spianada Condo Residences, Rahmann Street, Cebu City, Philippines",Cebu City,Condominium,10.309854,123.90206999999998,6000000.0,146341.46341463414,11.893697960488021,84091.46341463414,41.0,1.0,1.0,0,0,1094.1,5181.7,9506.6,7089.5,11387.7,12186.1,20904.4,8420.3,1707,833,56.045,96.5573,67.0197,8.8258,77.0644,7.9049,109.1855,62.3722,75.4727,62250.0,11.038929878454953,72375.0,0,4614379.0
3234,open_market,2 bedroom condo for sale in horizons 101 cogon ramos cebu,horizons 101 cogon ramos cebu,Cebu City,Condominium,10.3105301,123.8974315,8500000.0,141666.66666666666,11.861232159238444,78666.66666666666,60.0,2.0,2.0,0,0,1154.0,5088.6,9690.9,7025.3,11323.5,12370.4,20840.3,8930.2,1891,1017,58.4677,136.2755,109.9353,12.89,81.6273,5.9456,148.3293,156.2526,91.2714,63000.0,11.050905878263569,74000.0,0,8287837.0
3235,open_market,4 bedroom condo for sale in horizons 101 cogon ramos cebu,horizons 101 cogon ramos cebu,Cebu City,Condominium,10.3105301,123.8974315,25000000.0,290697.67441860464,12.580039086578967,227697.67441860464,86.0,4.0,3.0,0,0,1154.0,5088.6,9690.9,7025.3,11323.5,12370.4,20840.3,8930.2,1891,1017,58.4677,136.2755,109.9353,12.89,81.6273,5.9456,148.3293,156.2526,91.2714,63000.0,11.050905878263569,74000.0,0,7885398.0
3237,open_market,1BR for SALE in Horizons 101,"Horizons 101 by TAFT PROPERTIES, General Maxilom Avenue, Cebu City, Cebu, Philippines",Cebu City,Condominium,10.3106145,123.896144,5300000.0,176666.66666666666,12.082019996860195,113666.66666666666,30.0,1.0,1.0,0,0,1470.5,5405.0,10007.3,6713.3,11011.5,12686.9,20528.3,9071.3,2218,1307,55.8629,161.6788,156.7302,22.5885,60.4294,5.4061,178.7146,210.7622,94.1652,63000.0,11.050905878263569,74000.0,0,8855814.0
3238,open_market,Cozy Studio in H101,"Horizons 101 Cebu, General Maxilom Avenue, Cebu City, Cebu, Philippines",Cebu City,Condominium,10.3106239,123.8972523,3800000.0,119496.85534591194,11.691045334910482,56496.85534591194,31.8,0.0,1.0,0,0,1426.1,5360.7,9928.9,7295.5,11593.7,12608.4,21110.5,8950.2,2129,1255,38.6114,69.2289,52.0413,6.4498,42.5049,3.8192,78.7128,38.8475,50.5793,63000.0,11.050905878263569,74000.0,0,8591698.0
3239,open_market,"Rush Sale 2Bedroom with Parking in Horizons 101,Cebu City","Horizons 101 by TAFT PROPERTIES, General Maxilom Avenue, Cebu City, Cebu, Philippines",Cebu City,Condominium,10.3106462,123.8975385,10000000.0,165837.4792703151,12.01876354722518,102837.47927031507,60.3,2.0,2.0,0,0,1154.0,5088.6,9690.9,7025.3,11323.5,12370.4,20840.3,8919.1,1891,1017,58.4677,136.2755,109.9353,12.89,81.6273,5.9456,148.3293,156.2526,91.2714,63000.0,11.050905878263569,74000.0,0,8295033.0
3240,open_market,1 bedroom condo for sale in el sol punta enga%C3%B1o cebu,el sol punta engaño cebu,Lapu-Lapu City,Condominium,10.3106193,124.0212822,7877063.0,212893.5945945946,12.268547763978024,205893.5945945946,37.0,1.0,1.0,0,0,17295.2,14747.6,10488.2,23981.7,28279.9,16800.1,37796.7,4642.5,10358,1749,0.4404,1.4366,0.6771,0.1595,20.9276,0.2517,13.8194,16.0,5.3384,7000.0,8.853808274977197,13500.0,1,11349302.0
3242,open_market,Rush sale studio unit at Horizons 101 Condominium,"Horizons 101, General Maxilom Avenue, Cebu City, Central Visayas, Philippines",Cebu City,Condominium,10.3108924,123.8976315,2500000.0,112815.8844765343,11.633512427959346,49815.884476534295,22.16,0.0,1.0,0,0,1154.0,5088.6,9690.9,7025.3,11323.5,12370.4,20840.3,8910.1,1891,1017,58.4677,136.2755,109.9353,12.89,81.6273,5.9456,148.3293,156.2526,91.2714,63000.0,11.050905878263569,74000.0,0,8195681.0
3243,open_market,FOR SALE: Studio unit in Horizon 101,"Horizons 101, General Maxilom Avenue, Cebu City, Central Visayas, Philippines",Cebu City,Condominium,10.3108924,123.8976315,3200000.0,145454.54545454544,11.88761891441164,82454.54545454544,22.0,0.0,1.0,0,0,1154.0,5088.6,9690.9,7025.3,11323.5,12370.4,20840.3,8910.1,1891,1017,58.4677,136.2755,109.9353,12.89,81.6273,5.9456,148.3293,156.2526,91.2714,63000.0,11.050905878263569,74000.0,0,8180463.0
3244,open_market,For sale,"Horizons 101, General Maxilom Avenue, Cebu City, Central Visayas, Philippines",Cebu City,Condominium,10.3108924,123.8976315,3700000.0,168181.81818181818,12.032800924256136,105181.81818181818,22.0,0.0,1.0,0,0,1154.0,5088.6,9690.9,7025.3,11323.5,12370.4,20840.3,8910.1,1891,1017,58.4677,136.2755,109.9353,12.89,81.6273,5.9456,148.3293,156.2526,91.2714,63000.0,11.050905878263569,74000.0,0,8169594.0
3245,open_market,For Sale Studio @ Movenpick,"MÃ¶venpick Hotel Mactan Island Cebu, Mactan Island, Lapu-Lapu City, Cebu, Philippines",Lapu-Lapu City,Condominium,10.310924,124.0229668,4500000.0,155172.41379310345,11.952292124754074,148172.41379310345,29.0,0.0,1.0,0,0,16949.9,14402.3,10142.8,23636.4,27934.6,16454.8,37451.4,4828.9,10012,1404,1.5887,4.1122,1.6511,0.2146,31.096,0.3683,17.1376,16.0,9.0322,7000.0,8.853808274977197,13500.0,1,13189916.0
3247,open_market,2BR Studio Unit Fully Furnished FOR SALE in Coralpoint Gardens Suites and Residences,"6015 Punta Engaño Road, Lapu-Lapu City, Cebu, Philippines",Lapu-Lapu City,Condominium,10.3111367,124.0185163,20000000.0,125000.0,11.736069016284437,120000.0,160.0,2.0,1.0,0,0,16268.4,13720.8,9461.4,22955.0,27253.2,15773.3,36769.9,4346.4,9331,723,2.7795,13.6565,5.6736,0.4582,47.8161,1.0708,12.5065,10.2901,16.5691,5000.0,8.517393171418904,10500.0,1,7237026.0
3249,open_market,1 bedroom condo for sale in busay cebu,"Nivel Hills, Cebu CityBedroom: StudioToilet & Bath: 1Floor Area: 25 sqmSale: Php 3.5M Cebu Globenet Realty Verified seller Call",Cebu City,Condominium,10.3112935,123.9158774,3500000.0,140000.0,11.84939770159144,87750.0,25.0,1.0,1.0,0,0,1943.9,4223.9,7689.0,8392.1,12690.3,10640.5,22207.0,6919.6,408,0,21.4327,64.7253,44.8482,2.3767,22.9841,9.6912,47.431,120.5328,37.0131,52250.0,10.863814308399895,99500.0,0,4478507.0
3250,open_market,1 bedroom condo for sale or rent in carreta cebu,"North Reclamation Area, Cebu CityBedroom: StudioToilet & Bath: 1Floor Area: 22 sqmMonthly Rent: Php 18,000Sale: Php 3.8M Cebu Globenet Realty Verified seller Call",Cebu City,Condominium,10.3112935,123.9158774,3800000.0,172727.27272727274,12.059469171338298,120477.27272727274,22.0,1.0,1.0,0,0,1943.9,4223.9,7689.0,8392.1,12690.3,10640.5,22207.0,6919.6,408,0,21.4327,64.7253,44.8482,2.3767,22.9841,9.6912,47.431,120.5328,37.0131,52250.0,10.863814308399895,99500.0,0,4464221.0
3252,open_market,1 bedroom condo for sale in mabolo cebu,"It is walking distance to sm city cebu, pier 1 to 6, robinsons galleria, school, mabolo church and market. MERLYN P. MARIBAO/CEBU PHILCA REALTY Verified seller Call",Cebu City,Condominium,10.3114191,123.9178164,7800000.0,177272.72727272726,12.08544465774156,136672.72727272726,44.0,1.0,2.0,0,0,2052.4,4314.2,7576.2,8323.8,12622.0,10730.8,22138.8,6708.9,306,0,20.6041,60.219,42.9571,2.3046,20.5781,9.2254,44.1815,113.0391,34.5539,40600.0,10.611547975828367,98860.0,0,3933333.0
3253,open_market,Horizon 101 condo for sale,"Mango Avenue, Cebu City, Cebu, Philippines",Cebu City,Condominium,10.3114887,123.9001293,3500000.0,152173.91304347827,11.932779310530492,89923.91304347827,23.0,0.0,1.0,0,0,963.1,4897.6,9500.0,7121.7,11419.9,12179.5,20936.7,8640.6,1714,842,69.3492,144.1911,105.619,12.8142,102.7742,7.8864,144.2718,182.7847,103.5609,62250.0,11.038929878454953,72375.0,0,7366086.0
3254,open_market,CONDOMINIUM FOR SALE,"General Maxilom Avenue, Cebu City, Cebu, Philippines",Cebu City,Condominium,10.3115198,123.9005135,5800000.0,192052.98013245035,12.165526551135823,129802.98013245036,30.2,2.0,1.0,0,0,963.1,4897.6,9500.0,7121.7,11419.9,12179.5,20936.7,8598.8,1714,842,69.3492,144.1911,105.619,12.8142,102.7742,7.8864,144.2718,182.7847,103.5609,62250.0,11.038929878454953,72375.0,0,7205852.0
3255,open_market,https://www.dotproperty.com.ph/1 bedroom condo for sale in cebu city cebu,"Mango Avenue, Cebu City, Cebu , PhilippinesFloor area: 47.20 square metersTotal number of Bedrooms: 1-bedroomCar parking: 1 Condo minium Condition: Furnished and well designedTurn Over Condition: Clean and fully-furnishedSelling: PhP8,000,000.00 net1-Bedrooms fully-furnished with balcony Condo minium for sale located at Horizons 101 Cebu , General Maxillom Avenue,... Fareast Habitat and Settlements. Inc. Verified seller Call",Cebu City,Condominium,10.3115198,123.9005135,8000000.0,170212.7659574468,12.04480449793405,107962.7659574468,47.0,1.0,1.0,0,0,963.1,4897.6,9500.0,7121.7,11419.9,12179.5,20936.7,8598.8,1714,842,69.3492,144.1911,105.619,12.8142,102.7742,7.8864,144.2718,182.7847,103.5609,62250.0,11.038929878454953,72375.0,0,7121236.0
3259,open_market,For Sale: 2 bedroom with 2 Parkings at The Persimmon,"The Persimmon Studios, Cebu City, Cebu, Philippines",Cebu City,Condominium,10.3116949,123.9127491,12500000.0,250000.0,12.429216196844383,209400.0,50.0,2.0,1.0,0,0,1483.0,4374.1,8111.1,8022.6,12320.8,10790.7,21837.6,7264.0,1280,210,19.7496,51.3332,29.3092,2.8267,28.0443,7.4742,50.5229,40.1607,32.7638,40600.0,10.611547975828367,98860.0,0,3814221.0
3260,open_market,Persimmon Furnished Studio Unit for Sale in Mabolo Cebu City,"The Persimmon Studios by AboitizLand Inc., H. Joaquino Street, Cebu City, Central Visayas, Philippines",Cebu City,Condominium,10.3116603,123.91278060000002,2800000.0,116666.66666666669,11.667076144797488,76066.66666666667,24.0,0.0,1.0,0,0,1483.0,4374.1,8111.1,8022.6,12320.8,10790.7,21837.6,7260.3,1280,210,19.7496,51.3332,29.3092,2.8267,28.0443,7.4742,50.5229,40.1607,32.7638,40600.0,10.611547975828367,98860.0,0,4276126.0
3261,open_market,For Sale Condo - The Persimmon Studio,"The Persimmon Studios by AboitizLand Inc., H. Joaquino Street, Cebu City, Central Visayas, Philippines",Cebu City,Condominium,10.3116603,123.91278060000002,3198647.0,130557.02040816328,11.779565348308866,89957.02040816327,24.5,0.0,2.0,0,0,1483.0,4374.1,8111.1,8022.6,12320.8,10790.7,21837.6,7260.3,1280,210,19.7496,51.3332,29.3092,2.8267,28.0443,7.4742,50.5229,40.1607,32.7638,40600.0,10.611547975828367,98860.0,0,4257143.0
3262,open_market,For Sale Studio Unit Fully Furnished The Persimmon by Aboitiz Land,"The Persimmon Studios by AboitizLand Inc., H. Joaquino Street, Cebu City, Central Visayas, Philippines",Cebu City,Condominium,10.3116603,123.91278060000002,4200000.0,171428.57142857142,12.051921965702915,130828.57142857142,24.5,0.0,1.0,0,0,1483.0,4374.1,8111.1,8022.6,12320.8,10790.7,21837.6,7260.3,1280,210,19.7496,51.3332,29.3092,2.8267,28.0443,7.4742,50.5229,40.1607,32.7638,40600.0,10.611547975828367,98860.0,0,4209459.0
3264,open_market,Studio Unit For sale in Sunvida Tower,"North Reclamation Area, Juan Luna Avenue Extension, Cebu City, Central Visayas, Philippines",Cebu City,Condominium,10.311879378916712,123.916351097345,2500000.0,113636.36363636365,11.640758836480114,61386.36363636363,22.0,0.0,1.0,0,0,1943.9,4223.9,7689.0,8392.1,12690.3,10640.5,22207.0,6872.5,408,0,21.4327,64.7253,44.8482,2.3767,22.9841,9.6912,47.431,120.5328,37.0131,52250.0,10.863814308399895,99500.0,0,4580480.0
3265,open_market,For Sale Studio with Balcony Unit in Sunvida Tower,"North Reclamation Area, Juan Luna Avenue Extension, Cebu City, Central Visayas, Philippines",Cebu City,Condominium,10.311879378916712,123.916351097345,2900000.0,111538.46153846152,11.62212475693522,59288.46153846153,26.0,0.0,1.0,0,0,1943.9,4223.9,7689.0,8392.1,12690.3,10640.5,22207.0,6872.5,408,0,21.4327,64.7253,44.8482,2.3767,22.9841,9.6912,47.431,120.5328,37.0131,52250.0,10.863814308399895,99500.0,0,4558258.0
3266,open_market,Studio unit for Sale at Sunvida Towers Cebu,"North Reclamation Area, Juan Luna Avenue Extension, Cebu City, Central Visayas, Philippines",Cebu City,Condominium,10.311879378916712,123.916351097345,3500000.0,134615.38461538462,11.81017698843816,82365.38461538462,26.0,0.0,1.0,0,0,1943.9,4223.9,7689.0,8392.1,12690.3,10640.5,22207.0,6872.5,408,0,21.4327,64.7253,44.8482,2.3767,22.9841,9.6912,47.431,120.5328,37.0131,52250.0,10.863814308399895,99500.0,0,4524925.0
3267,open_market,Condo,"The Persimmon Condominium, H. Joaquino Street, Cebu City, Cebu, Philippines",Cebu City,Condominium,10.3120445,123.9122238,2700000.0,112500.0,11.630708500626612,71900.0,24.0,0.0,1.0,0,0,1371.1,4262.2,7999.3,7910.8,12209.0,10678.8,21725.7,7324.1,1168,98,25.7011,61.3918,35.636,3.1586,35.547,9.8337,57.479,61.5086,40.56,40600.0,10.611547975828367,98860.0,0,7662022.0
3268,open_market,Persimmon tower 3,"The Persimmon Condominium, H. Joaquino Street, Cebu City, Cebu, Philippines",Cebu City,Condominium,10.3120445,123.9122238,7000000.0,142857.14285714287,11.86960040890896,102257.14285714288,49.0,2.0,1.0,0,0,1371.1,4262.2,7999.3,7910.8,12209.0,10678.8,21725.7,7324.1,1168,98,25.7011,61.3918,35.636,3.1586,35.547,9.8337,57.479,61.5086,40.56,40600.0,10.611547975828367,98860.0,0,7513746.0
3269,open_market,Fully Furnished 1 BR in Persimmon Condominium,"Persimmon Condo, M. Borces Street, Cebu City, Central Visayas, Philippines",Cebu City,Condominium,10.3120587,123.91166210000006,3800000.0,111764.70588235294,11.624151100080454,71164.70588235294,34.0,1.0,1.0,0,0,1385.7,4286.1,8023.2,7925.4,12223.6,10702.7,21740.3,7385.5,1192,113,24.9761,59.3517,34.5677,3.107,33.4759,9.3283,56.553,54.4244,39.0723,40600.0,10.611547975828367,98860.0,0,8907095.0
3270,open_market,SACRIFICE SALE CONDO UNIT AT THE PERSIMMON,"Persimmon Condo, M. Borces Street, Cebu City, Central Visayas, Philippines",Cebu City,Condominium,10.3120587,123.91166210000006,3800000.0,86363.63636363637,11.366321990778353,45763.63636363637,44.0,1.0,1.0,0,0,1385.7,4286.1,8023.2,7925.4,12223.6,10702.7,21740.3,7385.5,1192,113,24.9761,59.3517,34.5677,3.107,33.4759,9.3283,56.553,54.4244,39.0723,40600.0,10.611547975828367,98860.0,0,8907095.0
3271,open_market,Persimmon 1BR unit,"Persimmon Condo, M. Borces Street, Cebu City, Central Visayas, Philippines",Cebu City,Condominium,10.3120587,123.91166210000006,5000000.0,120307.9884504331,11.697810304167348,79707.9884504331,41.56,1.0,1.0,0,0,1385.7,4286.1,8023.2,7925.4,12223.6,10702.7,21740.3,7385.5,1192,113,24.9761,59.3517,34.5677,3.107,33.4759,9.3283,56.553,54.4244,39.0723,40600.0,10.611547975828367,98860.0,0,8864237.0
3280,open_market,1 bedroom condo for sale in the persimmon mabolo cebu,the persimmon mabolo cebu,Cebu City,Condominium,10.3123922,123.911094,6300000.0,108620.68965517242,11.595617180815342,68020.68965517242,58.0,1.0,1.0,0,0,1103.5,4342.5,8079.6,7643.2,11941.4,10759.1,21458.1,7450.3,1248,0,32.9309,76.481,44.1187,4.1777,53.557,14.0786,69.7383,74.4689,52.9957,40600.0,10.611547975828367,98860.0,0,10988196.0
3283,open_market,1 bedroom condo for sale or rent in baseline residences capitol site cebu,baseline residences capitol site cebu,Cebu City,Condominium,10.3125678,123.894721,6900000.0,164285.7142857143,12.00936235128412,118285.71428571428,42.0,1.0,1.0,0,0,1465.4,5399.9,10220.4,6971.3,11269.5,12899.9,20786.2,9238.4,2431,1558,46.5624,143.727,131.944,15.5926,51.0721,3.4654,172.0652,202.0575,81.7372,46000.0,10.736418414365376,73000.0,0,9591429.0
3284,open_market,TOWER 3- STUDIO,"Juana Osmena Street, Cebu City, Cebu, Philippines",Cebu City,Condominium,10.31284810141903,123.8935521265389,6500000.0,270833.3333333333,12.50925890451792,224833.3333333333,24.0,0.0,1.0,0,0,1607.0,5541.5,10362.1,7112.9,11411.1,13041.6,20927.9,9368.0,2573,1699,36.48,115.4614,99.6578,11.0568,33.9983,2.5311,137.0529,149.2018,63.6884,46000.0,10.736418414365376,73000.0,0,10230000.0
3285,open_market,1 bedroom condo for sale in mantawi residences subangdaku cebu,mantawi residences subangdaku cebu,Mandaue City,Condominium,10.3127605,123.9252604,13308184.0,289308.347826087,12.57524834580574,265733.347826087,46.0,1.0,1.0,0,0,3003.8,4053.0,6526.6,9063.7,13361.9,10046.1,22878.6,5910.5,0,734,5.9391,26.2629,13.0635,2.9913,19.8917,1.405,19.5943,39.4861,16.1315,23575.0,10.06798452441753,68750.0,0,15426490.0
3286,open_market,2 bedroom condo for sale in pajo cebu,pajo cebu,Lapu-Lapu City,Condominium,10.3127967,123.959672,600000.0,16666.666666666668,9.721165995742174,6666.666666666668,36.0,2.0,2.0,0,0,8191.6,5825.1,1248.4,14767.6,19065.8,9470.4,28582.6,2203.4,2372,0,21.5307,35.2978,24.8609,2.1394,100.0098,7.0038,58.2216,105.2323,44.0041,10000.0,9.210440366976515,20000.0,1,2951041.0
3287,open_market,condo for sale in pajo cebu,pajo cebu,Lapu-Lapu City,Condominium,10.3127967,123.959672,2800000.0,100000.0,11.512925464970229,90000.0,28.0,,,1,1,8191.6,5825.1,1248.4,14767.6,19065.8,9470.4,28582.6,2203.4,2372,0,21.5307,35.2978,24.8609,2.1394,100.0098,7.0038,58.2216,105.2323,44.0041,10000.0,9.210440366976515,20000.0,1,1851041.0
3289,open_market,Baseline Residences Studio Unit for SALE,"Baseline Residences, Juana Osme?a St, Cebu City, Cebu, Philippines",Cebu City,Condominium,10.3129206,123.894737,4300000.0,172000.0,12.05524975579559,126000.0,25.0,0.0,1.0,0,0,1448.9,5383.4,10203.9,6969.7,11267.9,12883.5,20784.6,9239.2,2415,1541,47.397,145.7975,133.5435,15.931,51.9367,3.5095,174.7452,205.7412,83.0165,46000.0,10.736418414365376,73000.0,0,10293548.0
3291,open_market,FOR SALE STUDIO UNIT AT MACTAN,"Mactan-Cebu International Airport (CEB), Lapu-Lapu Airport Road, Lapu-Lapu City, Cebu, Philippines",Lapu-Lapu City,Condominium,10.3131063,123.976449,2800000.0,76649.32931836846,11.246996134338241,70466.82931836846,36.53,0.0,1.0,0,0,11903.7,9356.1,5096.7,18597.7,22895.9,11425.6,32412.7,714.2,4966,1730,0.66,13.3028,6.2368,0.1266,9.923,0.2607,6.5405,20.6914,7.0874,6182.5,8.729639733182111,23000.0,1,8900000.0
3292,open_market,1BR for SALE in Baseline PREMIER Cebu City,"Base Line Premier, Juana Osme?a Street, Cebu City, Cebu, Philippines",Cebu City,Condominium,10.3132198,123.8941635,7000000.0,179487.1794871795,12.097859060889942,133487.1794871795,39.0,1.0,4.0,0,0,1688.9,5476.6,10443.9,7100.2,11398.4,13123.4,20915.2,9304.2,2655,1781,41.7,127.1223,123.7731,13.6724,33.3682,3.7117,169.084,200.0372,69.9048,46000.0,10.736418414365376,73000.0,0,9920000.0
3296,open_market,condo for sale in maribago cebu,"Tambuli Seaside Living, Tower C🏢 Floor: 6th Floor🏠 Unit Type: Studio Unit📐 Floor Area: 36 Square Meters🛋️ Condition: Fully Furnished📜 Title Status: Clean TitleThis... MDC REALTY AND BROKERAGE Verified seller Call",Cebu City,Condominium,10.3135579,123.8935237,7000000.0,194444.44444444444,12.177901768563478,148444.44444444444,36.0,,,1,1,1699.9,5487.6,10455.0,7009.2,11307.4,13134.5,20824.1,9376.7,2666,1768,42.7362,131.231,136.5767,15.4252,35.942,4.493,182.2521,211.9603,72.3569,46000.0,10.736418414365376,73000.0,0,9950000.0
3297,open_market,3 bedroom condo for sale in luz cebu,"Cebu Business Park, Cebu CityDeveloper:... MDC REALTY AND BROKERAGE Verified seller Call",Cebu City,Condominium,10.3135579,123.8935237,20000000.0,176991.15044247787,12.083855012805925,130991.15044247788,113.0,3.0,,0,1,1699.9,5487.6,10455.0,7009.2,11307.4,13134.5,20824.1,9376.7,2666,1768,42.7362,131.231,136.5767,15.4252,35.942,4.493,182.2521,211.9603,72.3569,46000.0,10.736418414365376,73000.0,0,9300000.0
3300,open_market,"Rush Sale BIG STUDIO CONDO unit in BASELINE, JUANA OSMEÑA, CEBU CITY","Juana Osmena Street, Cebu City, Cebu, Philippines",Cebu City,Condominium,10.3137186,123.89448519999996,500000.0,16181.229773462785,9.691607193500628,-46818.77022653721,30.9,0.0,1.0,0,0,1600.0,5387.7,10355.1,7109.1,11407.3,13034.6,20924.0,9273.2,2566,1692,44.9136,136.6408,133.2359,14.1499,41.7268,3.8568,179.1969,215.0555,76.4808,63000.0,11.050905878263569,74000.0,0,10136667.0
3301,open_market,Baseline Prestige,"Juana Osmena Street, Cebu City, Cebu, Philippines",Cebu City,Condominium,10.3137186,123.89448519999996,1200000.0,49875.31172069826,10.817281404211696,-13124.688279301745,24.06,0.0,1.0,0,0,1600.0,5387.7,10355.1,7109.1,11407.3,13034.6,20924.0,9273.2,2566,1692,44.9136,136.6408,133.2359,14.1499,41.7268,3.8568,179.1969,215.0555,76.4808,63000.0,11.050905878263569,74000.0,0,10113333.0
3302,open_market,Baseline Prestige Studio Unit,"Juana Osmena Street, Cebu City, Cebu, Philippines",Cebu City,Condominium,10.3137186,123.89448519999996,1400000.0,56112.22444889779,10.93510897238796,-6887.775551102204,24.95,0.0,1.0,0,0,1600.0,5387.7,10355.1,7109.1,11407.3,13034.6,20924.0,9273.2,2566,1692,44.9136,136.6408,133.2359,14.1499,41.7268,3.8568,179.1969,215.0555,76.4808,63000.0,11.050905878263569,74000.0,0,10106667.0
3303,open_market,1 bedroom condo for sale in kalea heights guadalupe cebu,"Good Shepherd Road, Barangay Guadalupe, Cebu City🔹 Project Overview:Discover Kalea Heights, the inaugural resort-inspired Condo minium by DMCI Homes in Cebu City! Experience modern urban living with spacious units, top-tier amenities, and a strategic location in Barangay Guadalupe.🌟 Key Features & Amenities:✅... PH/PRO Realty Verified seller Call",Cebu City,Condominium,10.313807,123.8712828,5800000.0,187096.7741935484,12.139381271031501,163396.7741935484,31.0,1.0,1.0,0,0,4376.4,8012.6,13195.5,7232.6,11209.9,15875.0,20726.7,11806.1,5635,3560,1.9834,4.6942,0.5801,0.9935,0.0,0.0,3.6917,0.0,2.506,23700.0,10.073272520325904,29550.0,0,5462636.0
3304,open_market,3 bedroom condo for sale in kalea heights guadalupe cebu,"Guadalupe, Cebu CityExperience elevated city living at Kalea Heights by DMCI Homes, a resort-inspired Condo minium community designed for comfort, space, and convenience.Set within a generous 3.6-hectare development, this property offers wide open spaces, lush landscapes, and a relaxing environment—rare in urban... PH/PRO Realty Verified seller Call",Cebu City,Condominium,10.313807,123.8712828,12760000.0,144180.79096045197,11.878823283867034,120480.79096045197,88.5,3.0,,0,1,4376.4,8012.6,13195.5,7232.6,11209.9,15875.0,20726.7,11806.1,5635,3560,1.9834,4.6942,0.5801,0.9935,0.0,0.0,3.6917,0.0,2.506,23700.0,10.073272520325904,29550.0,0,4829909.0
3306,open_market,Brand New Condo for Rent or for Sale at Baseline Premier,"Juana OsmeÃ±a Street, Capitol Site, Cebu City, Cebu",Cebu City,Condominium,10.3138773,123.89427419999993,6400000.0,177777.77777777778,12.08828960987379,131777.77777777778,36.0,0.0,1.0,0,0,1600.0,5387.7,10355.1,7109.1,11407.3,13034.6,20924.0,9297.6,2566,1692,44.9136,136.6408,133.2359,14.1499,41.7268,3.8568,179.1969,215.0555,76.4808,46000.0,10.736418414365376,73000.0,0,8866667.0
3307,open_market,FOR SALE - BASELINE PREMIER,"Juana OsmeÃ±a Street, Capitol Site, Cebu City, Cebu",Cebu City,Condominium,10.3138773,123.89427419999993,7000000.0,257352.9411764706,12.458203733717635,211352.9411764706,27.2,0.0,0.0,0,0,1600.0,5387.7,10355.1,7109.1,11407.3,13034.6,20924.0,9297.6,2566,1692,44.9136,136.6408,133.2359,14.1499,41.7268,3.8568,179.1969,215.0555,76.4808,46000.0,10.736418414365376,73000.0,0,8841667.0
3308,open_market,CITADINES CONDOTEL FOR SALE,"Baseline Residences, Juana OsmeÃ±a Street, Cebu City, Central Visayas, Philippines",Cebu City,Condominium,10.3138773,123.89427419999993,8000000.0,235294.11764705885,12.36859157502795,189294.11764705885,34.0,0.0,1.0,0,0,1600.0,5387.7,10355.1,7109.1,11407.3,13034.6,20924.0,9297.6,2566,1692,44.9136,136.6408,133.2359,14.1499,41.7268,3.8568,179.1969,215.0555,76.4808,46000.0,10.736418414365376,73000.0,0,8800000.0
3309,open_market,Ready to Occupy Condo in Banawa Cebu,"Jose Fortitch St. Banawa, Cebu City, Cebu City, Cebu",Cebu City,Condominium,10.31399,123.88263499999994,2300000.0,164285.7142857143,12.00936235128412,140585.7142857143,14.0,0.0,1.0,0,0,2835.3,6471.5,11654.4,6743.1,10720.4,14334.0,20237.2,10568.3,4354,2495,20.0796,44.0398,35.5063,4.0752,1.2826,3.0968,49.9208,28.8407,24.454,23700.0,10.073272520325904,29550.0,0,11282817.0
3310,open_market,The Courtyards at Brookridge studio for Sale!,"Jose Fortitch St. Banawa, Cebu City, Cebu City, Cebu",Cebu City,Condominium,10.31399,123.88263499999994,2500000.0,178571.42857142858,12.09274396022317,154871.42857142858,14.0,0.0,1.0,0,0,2835.3,6471.5,11654.4,6743.1,10720.4,14334.0,20237.2,10568.3,4354,2495,20.0796,44.0398,35.5063,4.0752,1.2826,3.0968,49.9208,28.8407,24.454,23700.0,10.073272520325904,29550.0,0,11275125.0
3311,open_market,Fully furnished One Bedroom with Parking at THE COURTYARDS FOR ONLY 2.7m,"Jose Fortitch St. Banawa, Cebu City, Cebu City, Cebu",Cebu City,Condominium,10.31399,123.88263499999994,2700000.0,103846.15384615384,11.550665792953076,80146.15384615384,26.0,1.0,1.0,0,0,2835.3,6471.5,11654.4,6743.1,10720.4,14334.0,20237.2,10568.3,4354,2495,20.0796,44.0398,35.5063,4.0752,1.2826,3.0968,49.9208,28.8407,24.454,23700.0,10.073272520325904,29550.0,0,11267433.0
3315,open_market,1 bedroom condo for sale in capitol site cebu,capitol site cebu,Cebu City,Condominium,10.3143431,123.8906566,4000000.0,160000.0,11.982929094215963,114000.0,25.0,1.0,1.0,0,0,1887.1,5523.3,10706.2,7009.7,11307.9,13385.8,20824.7,9696.3,3071,1785,34.0405,107.2865,126.1047,17.9637,21.3785,4.9901,164.4921,171.0619,56.976,46000.0,10.736418414365376,73000.0,0,6483333.0
3316,open_market,1 bedroom condo for sale in capitol site cebu,capitol site cebu,Cebu City,Condominium,10.3143431,123.8906566,7500000.0,183374.08312958435,12.119283515457782,137374.08312958435,40.9,1.0,,0,1,1887.1,5523.3,10706.2,7009.7,11307.9,13385.8,20824.7,9696.3,3071,1785,34.0405,107.2865,126.1047,17.9637,21.3785,4.9901,164.4921,171.0619,56.976,46000.0,10.736418414365376,73000.0,0,6288889.0
3318,open_market,condo for sale in hippodromo cebu,hippodromo cebu,Cebu City,Condominium,10.3142534,123.9066951,5500000.0,211538.46153846153,12.262162112181217,16288.461538461532,26.0,,,1,1,1667.0,5125.8,8862.9,7981.9,12280.1,11542.4,21796.9,7947.9,1705,561,19.109,36.1994,13.2764,2.5149,12.8898,13.7362,34.542,29.1634,23.892,195250.0,12.18204118932774,78125.0,0,17533501.0
3319,open_market,1 bedroom condo for sale in hippodromo cebu,hippodromo cebu,Cebu City,Condominium,10.3142534,123.9066951,6508966.0,271206.9166666667,12.510637338656295,75956.91666666669,24.0,1.0,,0,1,1667.0,5125.8,8862.9,7981.9,12280.1,11542.4,21796.9,7947.9,1705,561,19.109,36.1994,13.2764,2.5149,12.8898,13.7362,34.542,29.1634,23.892,195250.0,12.18204118932774,78125.0,0,17524159.0
3320,open_market,2 bedroom condo for sale in hippodromo cebu,hippodromo cebu,Cebu City,Condominium,10.3142534,123.9066951,7500000.0,91463.41463414632,11.423694331242286,-103786.58536585368,82.0,2.0,2.0,0,0,1667.0,5125.8,8862.9,7981.9,12280.1,11542.4,21796.9,7947.9,1705,561,19.109,36.1994,13.2764,2.5149,12.8898,13.7362,34.542,29.1634,23.892,195250.0,12.18204118932774,78125.0,0,17514982.0
3321,open_market,"Rush sale Condo unit at Calyx Residences, Cebu Business Park Cebu City","Calyx Residences, Leyte Loop, Cebu City, Cebu, Philippines",Cebu City,Condominium,10.3143159,123.90843399999994,4100000.0,157692.3076923077,11.968400993653054,-37557.69230769231,26.0,0.0,1.0,0,0,596.4,4266.7,8860.3,8204.0,12502.2,11539.8,22019.0,7759.3,1927,671,19.5969,73.3102,40.9431,3.4155,97.073,6.7212,63.3047,137.1688,55.602,195250.0,12.18204118932774,78125.0,0,16531328.0
3322,open_market,1BR for SALE Calyx Residence Cebu Business Park Cebu City,"Calyx Residences, Leyte Loop, Cebu City, Cebu, Philippines",Cebu City,Condominium,10.3143159,123.90843399999994,7500000.0,144230.76923076922,11.879169859925112,-51019.23076923078,52.0,1.0,1.0,0,0,596.4,4266.7,8860.3,8204.0,12502.2,11539.8,22019.0,7759.3,1927,671,19.5969,73.3102,40.9431,3.4155,97.073,6.7212,63.3047,137.1688,55.602,195250.0,12.18204118932774,78125.0,0,16496634.0
3323,open_market,Sacrifice sale! Fully furnished condo,"Calyx Residences, Leyte Loop, Cebu City, Cebu, Philippines",Cebu City,Condominium,10.3143159,123.90843399999994,8000000.0,153846.15384615384,11.943708381062683,-41403.84615384616,52.0,0.0,1.0,0,0,596.4,4266.7,8860.3,8204.0,12502.2,11539.8,22019.0,7759.3,1927,671,19.5969,73.3102,40.9431,3.4155,97.073,6.7212,63.3047,137.1688,55.602,195250.0,12.18204118932774,78125.0,0,16491532.0
3324,open_market,"Penthouse for Sale in Ayala Cebu Business Park, Cebu City","Calyx Residences, Leyte Loop, Cebu City, Cebu, Philippines",Cebu City,Condominium,10.3143948,123.9084439,32000000.0,210526.31578947368,12.257365939917724,15276.31578947368,152.0,3.0,4.0,0,0,596.4,4266.7,8860.3,8204.0,12502.2,11539.8,22019.0,7759.2,1927,671,19.5969,73.3102,40.9431,3.4155,97.073,6.7212,63.3047,137.1688,55.602,195250.0,12.18204118932774,78125.0,0,16246634.0
3325,open_market,Fully furnished 1BR condo!!,"AppleOne Banawa Subdivision, Good Shepherd Road, Cebu City, Cebu, Philippines",Cebu City,Condominium,10.3145789,123.8738159,2800000.0,107692.30769230767,11.58703343712395,83992.30769230769,26.0,1.0,1.0,0,0,3708.8,7345.0,12527.9,6565.0,10542.4,15207.4,20059.1,11535.3,4967,2893,9.251,20.0477,5.2123,1.7129,0.0,0.6037,12.448,6.9013,11.0516,23700.0,10.073272520325904,29550.0,0,6028900.0
3326,open_market,https://www.dotproperty.com.ph/1 bedroom condo for sale or rent in sedona parc cebu city cebu,sedona parc cebu city cebu,Cebu City,Condominium,10.3148253,123.9088843,7500000.0,150000.0,11.918390573078392,-45250.0,50.0,1.0,1.0,0,0,626.1,4237.0,8890.0,8233.7,12531.9,11569.5,22048.7,7716.4,1957,700,19.0533,71.5241,40.5768,3.3082,98.4802,6.3727,62.6063,130.3114,55.0553,195250.0,12.18204118932774,78125.0,0,17215489.0
3327,open_market,For Sale 2Br Unit with Parking near Ayala,"Sedona Parc, Leyte Loop, Cebu City, Central Visayas, Philippines",Cebu City,Condominium,10.3148253,123.90888429999995,16500000.0,196428.57142857145,12.188054140027495,1178.5714285714205,84.0,2.0,2.0,0,0,626.1,4237.0,8890.0,8233.7,12531.9,11569.5,22048.7,7716.4,1957,700,19.0533,71.5241,40.5768,3.3082,98.4802,6.3727,62.6063,130.3114,55.0553,195250.0,12.18204118932774,78125.0,0,17122705.0
3328,open_market,Penthouse for Sale,"Sedona Parc, Leyte Loop, Cebu City, Central Visayas, Philippines",Cebu City,Condominium,10.3148253,123.90888429999995,45000000.0,156794.425087108,11.962690831974973,-38455.574912891985,287.0,3.0,3.0,0,0,626.1,4237.0,8890.0,8233.7,12531.9,11569.5,22048.7,7716.4,1957,700,19.0533,71.5241,40.5768,3.3082,98.4802,6.3727,62.6063,130.3114,55.0553,195250.0,12.18204118932774,78125.0,0,16828891.0
3329,open_market,SACRIFICE SALE STUDIO CORNER UNIT IN APPLEONE BANAWA HEIGHTS,"Apple One Banawa Heights, Cebu City, Central Visayas, Philippines",Cebu City,Condominium,10.315024,123.874239,2300000.0,88906.06880556629,11.39533568470144,65206.06880556629,25.87,0.0,1.0,0,0,3837.9,7474.1,12657.0,7373.1,11350.5,15336.5,20867.3,11492.7,5356,3528,4.6916,7.6,4.3091,1.3832,0.0,0.7026,10.2514,1.1551,4.7192,23700.0,10.073272520325904,29550.0,0,6078900.0
3330,open_market,Studio unit in Apple One Banawa for sale,"Apple One Banawa Heights, Cebu City, Central Visayas, Philippines",Cebu City,Condominium,10.315024,123.874239,2500000.0,96264.92106276473,11.474859264163772,72564.92106276473,25.97,0.0,1.0,0,0,3837.9,7474.1,12657.0,7373.1,11350.5,15336.5,20867.3,11492.7,5356,3528,4.6916,7.6,4.3091,1.3832,0.0,0.7026,10.2514,1.1551,4.7192,23700.0,10.073272520325904,29550.0,0,6058900.0
3331,open_market,Condominium For Sale,"Apple One Banawa Heights, Cebu City, Central Visayas, Philippines",Cebu City,Condominium,10.315024,123.874239,2700000.0,104367.99381523,11.55567833477662,80667.99381522999,25.87,0.0,1.0,0,0,3837.9,7474.1,12657.0,7373.1,11350.5,15336.5,20867.3,11492.7,5356,3528,4.6916,7.6,4.3091,1.3832,0.0,0.7026,10.2514,1.1551,4.7192,23700.0,10.073272520325904,29550.0,0,6038900.0
3334,open_market,3-Bedroom Penthouse at Calyx Residences Cebu Business Park Cebu City,"Leyte Loop, Cebu City, Cebu, Philippines",Cebu City,Condominium,10.3150566,123.9077644,40000000.0,263157.8947368421,12.480509491231935,67907.89473684208,152.0,3.0,4.0,0,0,1592.0,5050.8,8787.9,7906.9,12205.1,11467.4,21721.9,7841.0,1630,486,21.397,40.8572,16.2206,2.7237,18.7391,13.9221,38.3103,30.1831,27.8203,195250.0,12.18204118932774,78125.0,0,17167437.0
3335,open_market,1Bedroom AppleOne Banawa Unit For Sale,"1176 Good Shepherd Rd, Cebu City, Cebu, Philippines",Cebu City,Condominium,10.3152062,123.8733632,3800000.0,118750.0,11.684775721896887,95050.0,32.0,1.0,1.0,0,0,3996.6,7632.9,12815.7,7531.9,11509.3,15495.3,21026.0,11589.8,5515,3687,3.8319,5.7313,3.525,1.2361,0.0,0.5868,7.5025,0.0,3.6902,23700.0,10.073272520325904,29550.0,0,5928900.0
3336,open_market,Sundance Residences Studio With Balcony,"Sundance Residences, R. Duterte Street, Cebu City, Cebu, Central Visayas, Philippines",Cebu City,Condominium,10.3151542,123.8833416,5500000.0,192577.03081232493,12.168251512731315,168877.03081232493,28.56,0.0,1.0,0,0,2639.7,6275.9,11458.8,6742.0,10719.3,14138.4,20236.1,10501.3,4158,2330,22.0212,53.8622,47.9693,5.8209,2.292,4.7291,57.8542,36.3898,28.9348,23700.0,10.073272520325904,29550.0,0,11159740.0
3337,open_market,https://www.dotproperty.com.ph/1 bedroom condo for sale in 32 sanson byrockwell lahug cebu,"32 Sanson by Rockwell - RaffaBedrooms: 1 BedroomBathrooms: 1 BathroomParking: 1 Slot IncludedSelling Price: ₱18,000,000Property DescriptionOwn a beautifully designed 1-Bedroom Condo minium with parking in one of Cebu ’s most prestigious residential communities, 32 Sanson by Rockwell.This unit showcases modern interiors, functional layouts, and elegant finishes,... Fareast Habitat and Settlements. Inc. Verified seller Call",Cebu City,Condominium,10.3152705,123.883353,18000000.0,281250.0,12.546999232500767,257550.0,64.0,1.0,1.0,0,0,2639.7,6275.9,11458.8,6742.0,10719.3,14138.4,20236.1,10501.1,4158,2330,22.0212,53.8622,47.9693,5.8209,2.292,4.7291,57.8542,36.3898,28.9348,23700.0,10.073272520325904,29550.0,0,10678971.0
3338,open_market,For Sale 1 Bedroom Condominium Banawa One Pavilion Place Cebu City,"One Pavilion Place, Cebu City, Cebu, Philippines",Cebu City,Condominium,10.3153098,123.88478639999994,3500000.0,93582.88770053476,11.446602822039155,69882.88770053476,37.4,1.0,1.0,0,0,2350.3,5986.5,11169.4,6604.9,10903.1,13849.0,20419.9,10345.3,3869,2040,28.0104,59.9404,69.4599,8.0644,5.6434,9.5349,80.9276,52.0245,34.4529,23700.0,10.073272520325904,29550.0,0,11236664.0
3339,open_market,One Pavilion Place,"One Pavilion Place, Cebu City, Cebu, Philippines",Cebu City,Condominium,10.3153098,123.88478639999994,3500000.0,93184.23855165068,11.44233387211958,69484.23855165069,37.56,0.0,1.0,0,0,2350.3,5986.5,11169.4,6604.9,10903.1,13849.0,20419.9,10345.3,3869,2040,28.0104,59.9404,69.4599,8.0644,5.6434,9.5349,80.9276,52.0245,34.4529,23700.0,10.073272520325904,29550.0,0,11236664.0
3340,open_market,For Sale One Bedroom Condo Unit at One Pavilion Place,"One Pavilion Place, Cebu City, Cebu, Philippines",Cebu City,Condominium,10.3153098,123.88478639999994,4300000.0,123919.3083573487,11.727385893710977,100219.3083573487,34.7,1.0,1.0,0,0,2350.3,5986.5,11169.4,6604.9,10903.1,13849.0,20419.9,10345.3,3869,2040,28.0104,59.9404,69.4599,8.0644,5.6434,9.5349,80.9276,52.0245,34.4529,23700.0,10.073272520325904,29550.0,0,11205894.0
3341,open_market,Solinea 2 Bedrooms w/Parking,"Solinea Tower 1, Cardinal Rosales Avenue, Cebu City, Cebu, Philippines",Cebu City,Condominium,10.3153285,123.904991,10000000.0,188679.24528301888,12.147803737406198,137429.24528301886,53.0,2.0,1.0,0,0,289.9,4210.9,8900.7,7937.4,12235.6,11580.2,21752.4,8145.8,1824,834,31.7264,115.2915,67.3005,5.9606,149.4775,11.2489,91.2019,236.3932,87.1413,51250.0,10.844490409005417,206750.0,0,18100350.0
3342,open_market,2 bedroom condo in Solinea Tower 1,"Solinea Tower 1, Cardinal Rosales Avenue, Cebu City, Cebu, Philippines",Cebu City,Condominium,10.3153285,123.904991,15000000.0,202702.7027027027,12.219495665862315,151452.7027027027,74.0,2.0,1.0,0,0,289.9,4210.9,8900.7,7937.4,12235.6,11580.2,21752.4,8145.8,1824,834,31.7264,115.2915,67.3005,5.9606,149.4775,11.2489,91.2019,236.3932,87.1413,51250.0,10.844490409005417,206750.0,0,18057247.0
3343,open_market,2 Bedrooms Unit For SALE in Solinea Tower 1,"Solinea Tower 1, Cardinal Rosales Avenue, Cebu City, Cebu, Philippines",Cebu City,Condominium,10.3153285,123.904991,16000000.0,231884.0579710145,12.353992775606796,180634.0579710145,69.0,2.0,1.0,0,0,289.9,4210.9,8900.7,7937.4,12235.6,11580.2,21752.4,8145.8,1824,834,31.7264,115.2915,67.3005,5.9606,149.4775,11.2489,91.2019,236.3932,87.1413,51250.0,10.844490409005417,206750.0,0,18048626.0
3344,open_market,1 bedroom condo for sale in calyx residences hippodromo cebu,calyx residences hippodromo cebu,Cebu City,Condominium,10.3152604,123.9085618,12000000.0,179104.4776119403,12.095724588361309,-16145.522388059704,67.0,1.0,2.0,0,0,500.9,4180.5,8764.7,8108.5,12406.7,11444.2,21923.4,7756.9,1832,575,23.0298,90.1626,50.332,3.8245,116.0542,8.1734,72.4357,176.7679,67.1644,195250.0,12.18204118932774,78125.0,0,17585004.0
3345,open_market,1 bedroom condo for sale in calyx residences hippodromo cebu,calyx residences hippodromo cebu,Cebu City,Condominium,10.3152604,123.9085618,13000000.0,175675.67567567568,12.07639482222164,-19574.32432432432,74.0,1.0,2.0,0,0,500.9,4180.5,8764.7,8108.5,12406.7,11444.2,21923.4,7756.9,1832,575,23.0298,90.1626,50.332,3.8245,116.0542,8.1734,72.4357,176.7679,67.1644,195250.0,12.18204118932774,78125.0,0,17575913.0
3346,open_market,2 bedroom condo for sale in calyx residences hippodromo cebu,calyx residences hippodromo cebu,Cebu City,Condominium,10.3152604,123.9085618,16000000.0,166147.45586708203,12.020630961399975,-29102.544132917978,96.3,2.0,,0,1,500.9,4180.5,8764.7,8108.5,12406.7,11444.2,21923.4,7756.9,1832,575,23.0298,90.1626,50.332,3.8245,116.0542,8.1734,72.4357,176.7679,67.1644,195250.0,12.18204118932774,78125.0,0,17548640.0
3347,open_market,Rush Sale Sundance Residences in Banawa Cebu City,"Sundance Residences Cebu, Guadalupe, R. Duterte Street, Cebu City, Central Visayas, Philippines",Cebu City,Condominium,10.3154405,123.8840126,3600000.0,125654.4502617801,11.741290960265589,101954.4502617801,28.65,0.0,1.0,0,0,2519.5,6155.7,11338.6,6774.1,10808.0,14018.1,20324.8,10430.9,4038,2210,25.8694,56.0991,57.0811,7.3429,2.8841,6.5253,65.0591,40.2842,31.5581,23700.0,10.073272520325904,29550.0,0,11232817.0
3348,open_market,Condominium For Sale,"Sundance Residences Cebu, Guadalupe, R. Duterte Street, Cebu City, Central Visayas, Philippines",Cebu City,Condominium,10.3154405,123.8840126,3650000.0,114098.15567364804,11.644814371597247,90398.15567364804,31.99,0.0,1.0,0,0,2519.5,6155.7,11338.6,6774.1,10808.0,14018.1,20324.8,10430.9,4038,2210,25.8694,56.0991,57.0811,7.3429,2.8841,6.5253,65.0591,40.2842,31.5581,23700.0,10.073272520325904,29550.0,0,11230894.0
3349,open_market,FOR SALE 1 BEDROOM IN SUNDANCE RESIDENCES BANAWA CEBU CITY,"Sundance Residences Cebu, Guadalupe, R. Duterte Street, Cebu City, Central Visayas, Philippines",Cebu City,Condominium,10.3154405,123.8840126,4500000.0,140668.95904970303,11.854164600779121,116968.95904970304,31.99,1.0,1.0,0,0,2519.5,6155.7,11338.6,6774.1,10808.0,14018.1,20324.8,10430.9,4038,2210,25.8694,56.0991,57.0811,7.3429,2.8841,6.5253,65.0591,40.2842,31.5581,23700.0,10.073272520325904,29550.0,0,11198202.0
3350,open_market,Solinea condo tower 3 for sale 9M bare unit,"Solinea Lazuli (Tower 3), Cebu City, Cebu, Philippines",Cebu City,Condominium,10.3154982,123.9037617,9000000.0,140625.0,11.853852051940821,89375.0,64.0,1.0,1.0,0,0,142.8,4427.0,9157.0,7906.9,12205.1,11836.5,21721.8,8281.6,1809,937,34.1127,119.11,72.8172,6.3782,149.0548,10.7518,95.1667,256.3507,89.4315,51250.0,10.844490409005417,206750.0,0,18237861.0
3351,open_market,1 bedroom condo for sale in solinea by alveo land luz cebu,"Solinea Tower 1, Cebu Business ParkUnit Details:Unit 11TStudio Unit (approx. 25 sqm)Fully Furnished Beautiful Park View With 1 Parking Slot (P6-18) Modern and ready-for-move-in unitWHY INVEST IN SOLINEA:Experience resort-style... Jennive O. Revilla Verified seller Call",Cebu City,Condominium,10.3155018,123.9052882,5800000.0,232000.0,12.354492650648448,180750.0,25.0,1.0,1.0,0,0,289.9,4210.9,8900.7,7937.4,12235.6,11580.2,21752.4,8115.7,1824,834,31.7264,115.2915,67.3005,5.9606,149.4775,11.2489,91.2019,236.3932,87.1413,51250.0,10.844490409005417,206750.0,0,19196277.0
3352,open_market,Sundance studio unit for sale,"Banawa R. Duterte St, Cebu City, Cebu, Philippines",Cebu City,Condominium,10.3156399,123.8843145,3500000.0,145833.33333333334,11.890219696111696,122133.33333333334,24.0,0.0,1.0,0,0,2519.5,6155.7,11338.6,6774.1,10808.0,14018.1,20324.8,10399.9,4038,2210,25.8694,56.0991,57.0811,7.3429,2.8841,6.5253,65.0591,40.2842,31.5581,23700.0,10.073272520325904,29550.0,0,11236664.0
3355,open_market,FOR SALE STUDIO UNIT AT SYMFONI NICHOLS,"Guadalupe, Cebu City, Cebu, Central Visayas, Philippines",Cebu City,Condominium,10.3156173,123.8854377,2700000.0,135000.0,11.813030057420567,111300.0,20.0,0.0,1.0,0,0,2350.3,5986.5,11169.4,6604.9,10903.1,13849.0,20419.9,10277.3,3869,2040,28.0104,59.9404,69.4599,8.0644,5.6434,9.5349,80.9276,52.0245,34.4529,23700.0,10.073272520325904,29550.0,0,11267433.0
3356,open_market,Symfoni Alto Studio Unit For Sale,"Guadalupe, Cebu City, Cebu, Central Visayas, Philippines",Cebu City,Condominium,10.3156173,123.8854377,3200000.0,160000.0,11.982929094215963,136300.0,20.0,0.0,1.0,0,0,2350.3,5986.5,11169.4,6604.9,10903.1,13849.0,20419.9,10277.3,3869,2040,28.0104,59.9404,69.4599,8.0644,5.6434,9.5349,80.9276,52.0245,34.4529,23700.0,10.073272520325904,29550.0,0,11248202.0
3357,open_market,Cebu City 1-Br Condo Unit with Parking,"Guadalupe, Cebu City, Cebu, Philippines",Cebu City,Condominium,10.3156173,123.8854377,4900000.0,102083.33333333331,11.533544752172963,78383.33333333333,48.0,1.0,1.0,0,0,2350.3,5986.5,11169.4,6604.9,10903.1,13849.0,20419.9,10277.3,3869,2040,28.0104,59.9404,69.4599,8.0644,5.6434,9.5349,80.9276,52.0245,34.4529,23700.0,10.073272520325904,29550.0,0,11182817.0
3359,open_market,PARKING SLOT FOR SALE IN AVIDA RIALA CEBU,"Cebu, Philippines",Cebu City,Condominium,10.3156992,123.8854366,1250000.0,138888.88888888888,11.841429531942264,115188.88888888888,9.0,0.0,0.0,0,0,2350.3,5986.5,11169.4,6604.9,10903.1,13849.0,20419.9,10278.3,3869,2040,28.0104,59.9404,69.4599,8.0644,5.6434,9.5349,80.9276,52.0245,34.4529,23700.0,10.073272520325904,29550.0,0,11323202.0
3361,open_market,Studio Unit for Rent or Sale in casamira Labangon,"Cebu, Philippines",Cebu City,Condominium,10.3156992,123.8854366,2500000.0,113636.36363636365,11.640758836480114,89936.36363636363,22.0,0.0,1.0,0,0,2350.3,5986.5,11169.4,6604.9,10903.1,13849.0,20419.9,10278.3,3869,2040,28.0104,59.9404,69.4599,8.0644,5.6434,9.5349,80.9276,52.0245,34.4529,23700.0,10.073272520325904,29550.0,0,11275125.0
3362,open_market,Sacrifice Brandnew Studio At Solinea Tower for ony 3.5M,"Solinea Resort Condominium, Cebu City, Philippines",Cebu City,Condominium,10.315699,123.90515099999992,3500000.0,134615.38461538462,11.81017698843816,83365.38461538462,26.0,0.0,1.0,0,0,289.9,4210.9,8900.7,7937.4,12235.6,11580.2,21752.4,8133.1,1824,834,31.7264,115.2915,67.3005,5.9606,149.4775,11.2489,91.2019,236.3932,87.1413,51250.0,10.844490409005417,206750.0,0,19122754.0
3363,open_market,Rush Sale Solinea Condominium Studio Unit,"Solinea Resort Condominium, Cebu City, Philippines",Cebu City,Condominium,10.315699,123.90515099999992,4100000.0,157692.3076923077,11.968400993653054,106442.30769230767,26.0,0.0,1.0,0,0,289.9,4210.9,8900.7,7937.4,12235.6,11580.2,21752.4,8133.1,1824,834,31.7264,115.2915,67.3005,5.9606,149.4775,11.2489,91.2019,236.3932,87.1413,51250.0,10.844490409005417,206750.0,0,19117795.0
3364,open_market,FOR SALE: Studio unit in Solinea Tower 1,"Solinea Resort Condominium, Cebu City, Philippines",Cebu City,Condominium,10.315699,123.90515099999992,4200000.0,168000.0,12.031719258385396,116750.0,25.0,0.0,1.0,0,0,289.9,4210.9,8900.7,7937.4,12235.6,11580.2,21752.4,8133.1,1824,834,31.7264,115.2915,67.3005,5.9606,149.4775,11.2489,91.2019,236.3932,87.1413,51250.0,10.844490409005417,206750.0,0,19116969.0
3365,open_market,2 bedroom condo for sale in hippodromo cebu,"Park Tower One, Cebu Business ParkPrice: ₱9,500,000 (net of taxes)Details:2 BedroomsFully FurnishedWith Parking SlotFloor Area: 84.80 sqmLocated on the 9th FloorPrime Location Perks:Just a short walk to Ayala Center... Jennive O. Revilla Verified seller Call",Cebu City,Condominium,10.3156958,123.9088967,9500000.0,112028.30188679244,11.626506813772911,-83221.69811320755,84.8,2.0,,0,1,566.5,4114.9,8773.6,8117.4,12415.6,11453.1,21932.3,7726.2,1841,584,22.3779,85.8078,47.0,3.5588,111.711,7.5029,70.5267,162.8247,64.4065,195250.0,12.18204118932774,78125.0,0,18218504.0
3366,open_market,2 bedroom condo for sale in cebu it park cebu,"Park Tower Condo minium, Cebu Business Park, Cebu CityBedroom: 2Bathroom: 2Floor Area: 195 SqMParking Slot: 2 CarsFurnishing: Fully FurnishedIncludes:- Master Bedroom with walk-in closet, toilet and bath- Second Bedroom with toilet and bath- Fully Equipped Kitchen- Dining Area- Spacious Living Area- Large Terrace Overlooking Cebu City- Maid Room-... Cebu Grand Realty Verified seller Call",Cebu City,Condominium,10.3157286,123.908874,27000000.0,138461.53846153847,11.838347865404856,-56788.46153846153,195.0,2.0,2.0,0,0,566.5,4114.9,8773.6,8117.4,12415.6,11453.1,21932.3,7729.2,1841,584,22.3779,85.8078,47.0,3.5588,111.711,7.5029,70.5267,162.8247,64.4065,195250.0,12.18204118932774,78125.0,0,17951946.0
3367,open_market,1 bedroom condo for sale in mabolo cebu,mabolo cebu,Cebu City,Condominium,10.3156739,123.9150619,1550000.0,70454.54545454546,11.162723035537114,29854.545454545456,22.0,1.0,1.0,0,0,1828.4,3912.6,7649.7,8594.6,12892.8,10329.2,22409.6,7057.0,1229,261,16.4917,44.4141,27.4394,2.2604,22.6182,5.5764,38.8724,38.6339,27.7159,40600.0,10.611547975828367,98860.0,0,4124375.0
3368,open_market,condo for sale in mabolo cebu,mabolo cebu,Cebu City,Condominium,10.3156739,123.9150619,3500000.0,159090.9090909091,11.977231073101326,118490.90909090907,22.0,,,1,1,1828.4,3912.6,7649.7,8594.6,12892.8,10329.2,22409.6,7057.0,1229,261,16.4917,44.4141,27.4394,2.2604,22.6182,5.5764,38.8724,38.6339,27.7159,40600.0,10.611547975828367,98860.0,0,4002500.0
3369,open_market,condo for sale in mabolo cebu,mabolo cebu,Cebu City,Condominium,10.3156739,123.9150619,4300000.0,165384.61538461538,12.016029042642309,124784.61538461538,26.0,,,1,1,1828.4,3912.6,7649.7,8594.6,12892.8,10329.2,22409.6,7057.0,1229,261,16.4917,44.4141,27.4394,2.2604,22.6182,5.5764,38.8724,38.6339,27.7159,40600.0,10.611547975828367,98860.0,0,3952500.0
3374,open_market,1BR Condo FOR SALE,"banawa cebu city, Cebu City, Cebu, Philippines",Cebu City,Condominium,10.3158708,123.8852299,4000000.0,148148.14814814815,11.905968053079835,124448.14814814816,27.0,1.0,1.0,0,0,2367.4,6003.6,11186.5,6641.4,10939.6,13866.0,20456.4,10302.6,3886,2077,27.2487,58.352,68.6829,7.957,4.8634,10.094,79.124,51.8943,33.3913,23700.0,10.073272520325904,29550.0,0,11217433.0
3377,open_market,Studio Unit For Sale in Solinea Tower 3,"Solinea Tower 2, 3 Cardinal Rosales Avenue, Cebu City, Cebu, Philippines",Cebu City,Condominium,10.3158598,123.9054356,6000000.0,240000.0,12.388394202324129,188750.0,25.0,0.0,1.0,0,0,232.8,4153.8,8843.5,7994.5,12292.8,11523.0,21809.5,8104.3,1881,777,30.6818,120.1668,68.1895,5.5519,156.0506,11.4937,93.8611,251.5339,89.8155,51250.0,10.844490409005417,206750.0,0,19194610.0
3378,open_market,San marino condo for sale,"Mabolo, Cebu City, Cebu, Philippines",Cebu City,Condominium,10.3159922,123.9136387,2300000.0,104545.45454545454,11.557377227541062,63945.454545454544,22.0,0.0,1.0,0,0,1524.1,3969.7,7810.5,8313.8,12612.0,10490.0,22128.7,7216.1,986,0,26.1702,72.476,46.7831,2.5313,44.5184,11.158,63.0785,90.6144,46.5854,40600.0,10.611547975828367,98860.0,0,9126499.0
3379,open_market,Condo For Sale in Royal Garden Residences,"Mabolo, Cebu City, Cebu, Central Visayas, Philippines",Cebu City,Condominium,10.3159922,123.91363869999998,2400000.0,109090.90909090907,11.599936841959858,68490.90909090909,22.0,0.0,1.0,0,0,1524.1,3969.7,7810.5,8313.8,12612.0,10490.0,22128.7,7216.1,986,0,26.1702,72.476,46.7831,2.5313,44.5184,11.158,63.0785,90.6144,46.5854,40600.0,10.611547975828367,98860.0,0,9122333.0
3381,open_market,Avalon condominium for sale,"Avalon Condo Cebu, Luzon Avenue, Cebu City, Central Visayas, Philippines",Cebu City,Condominium,10.316122,123.90447300000004,9000000.0,150000.0,11.918390573078392,98750.0,60.0,0.0,1.0,0,0,15.1,4299.4,9029.3,8034.6,12332.8,11708.9,21849.5,8212.4,1936,963,34.665,127.1431,83.6961,6.5876,163.8039,11.4343,103.1336,292.6674,95.7241,51250.0,10.844490409005417,206750.0,0,18638945.0
3382,open_market,For Sale 2Br with Parking @ Avalon,"Avalon Condo Cebu, Luzon Avenue, Cebu City, Central Visayas, Philippines",Cebu City,Condominium,10.316122,123.90447300000004,10000000.0,166666.66666666666,12.02375108873622,115416.66666666666,60.0,2.0,1.0,0,0,15.1,4299.4,9029.3,8034.6,12332.8,11708.9,21849.5,8212.4,1936,963,34.665,127.1431,83.6961,6.5876,163.8039,11.4343,103.1336,292.6674,95.7241,51250.0,10.844490409005417,206750.0,0,18630681.0
3383,open_market,2 Bedrooms For Sale in Avalon Condo,"Avalon Condo Cebu, Luzon Avenue, Cebu City, Cebu, Philippines",Cebu City,Condominium,10.316122,123.904473,15000000.0,167785.23489932885,12.030440076887016,116535.23489932885,89.4,2.0,2.0,0,0,15.1,4299.4,9029.3,8034.6,12332.8,11708.9,21849.5,8212.4,1936,963,34.665,127.1431,83.6961,6.5876,163.8039,11.4343,103.1336,292.6674,95.7241,51250.0,10.844490409005417,206750.0,0,18589358.0
3384,open_market,2 bedroom condo for sale in 1016 residences hippodromo cebu,1016 residences hippodromo cebu,Cebu City,Condominium,10.3161386,123.9073334,18000000.0,178217.82178217822,12.090761799019178,-17032.178217821784,101.0,2.0,2.0,0,0,436.5,4318.5,9008.2,8229.5,12527.7,11687.8,22044.5,7902.1,2101,845,20.5827,81.3406,46.9875,3.9558,109.8913,7.3685,67.8551,172.3842,61.6589,195250.0,12.18204118932774,78125.0,0,19518017.0
3385,open_market,2 bedroom condo for sale in 1016 residences hippodromo cebu,1016 residences hippodromo cebu,Cebu City,Condominium,10.3161386,123.9073334,18000000.0,183673.4693877551,12.120914837189867,-11576.530612244913,98.0,2.0,2.0,0,0,436.5,4318.5,9008.2,8229.5,12527.7,11687.8,22044.5,7902.1,2101,845,20.5827,81.3406,46.9875,3.9558,109.8913,7.3685,67.8551,172.3842,61.6589,195250.0,12.18204118932774,78125.0,0,19518017.0
3386,open_market,Elegant 2 Bedroom in 1016 Residences,"1016 residences, Masbate Road, Cebu City, Cebu, Philippines",Cebu City,Condominium,10.3161386,123.9073334,25000000.0,247524.75247524751,12.419265865991216,52274.752475247515,101.0,2.0,2.0,0,0,436.5,4318.5,9008.2,8229.5,12527.7,11687.8,22044.5,7902.1,2101,845,20.5827,81.3406,46.9875,3.9558,109.8913,7.3685,67.8551,172.3842,61.6589,195250.0,12.18204118932774,78125.0,0,19459194.0
3387,open_market,1016 FOR SALE/2 BEDROOM,"1016 Residences, Cebu City, Philippines",Cebu City,Condominium,10.316193,123.90769999999998,17000000.0,154545.45454545456,11.948243536228073,-40704.54545454544,110.0,0.0,2.0,0,0,459.6,4341.6,9031.3,8252.6,12550.9,11710.9,22067.6,7863.0,2125,868,19.7671,77.8616,45.6574,3.8402,103.55,6.9979,65.3445,166.0558,58.6862,195250.0,12.18204118932774,78125.0,0,19645289.0
3388,open_market,2BR FULLY-FURNISHED Condo w/ Parking at 1016 Residences,"1016 Residences, Cebu City, Philippines",Cebu City,Condominium,10.316193,123.90769999999998,18500000.0,168181.81818181818,12.032800924256136,-27068.181818181823,110.0,2.0,2.0,0,0,459.6,4341.6,9031.3,8252.6,12550.9,11710.9,22067.6,7863.0,2125,868,19.7671,77.8616,45.6574,3.8402,103.55,6.9979,65.3445,166.0558,58.6862,195250.0,12.18204118932774,78125.0,0,19632577.0
3389,open_market,2 Bedrooms for Sale in 1016 Residences with Basement Parking,"1016 Residences, Cebu City, Philippines",Cebu City,Condominium,10.316193,123.90769999999998,19500000.0,177272.72727272726,12.08544465774156,-17977.272727272735,110.0,2.0,2.0,0,0,459.6,4341.6,9031.3,8252.6,12550.9,11710.9,22067.6,7863.0,2125,868,19.7671,77.8616,45.6574,3.8402,103.55,6.9979,65.3445,166.0558,58.6862,195250.0,12.18204118932774,78125.0,0,19624102.0
3390,open_market,Condo title,"20 Luzon Ave, Cebu City, Cebu, Philippines",Cebu City,Condominium,10.316293469340785,123.9043302834034,8700000.0,158181.81818181818,11.971500398392342,106931.81818181818,55.0,2.0,1.0,0,0,15.1,4299.4,9029.3,8034.6,12332.8,11708.9,21849.5,8230.2,1936,963,34.665,127.1431,83.6961,6.5876,163.8039,11.4343,103.1336,292.6674,95.7241,51250.0,10.844490409005417,206750.0,0,18821473.0
3391,open_market,3 BEDROOM UNIT for SALE in AVALON Condominium,"Avalon Condo Cebu, Luzon Avenue, Cebu City, Cebu, Philippines",Cebu City,Condominium,10.316255,123.9047569,23000000.0,181102.3622047244,12.106817687434832,129852.3622047244,127.0,3.0,2.0,0,0,198.3,4162.1,8851.8,8029.1,12327.3,11531.4,21844.0,8183.3,1915,786,30.4351,121.9922,69.2252,5.4855,159.343,11.2185,95.5885,259.5972,91.0659,51250.0,10.844490409005417,206750.0,0,18506447.0
3393,open_market,Avalon / Ayala 2BR-condo incl. Luxury fit-out / parking for sale,"Park View At Solinea 2, Unit 30G, Luzon Ave, Cebu City, Cebu, Philippines",Cebu City,Condominium,10.316536243339504,123.90439197421074,9700000.0,161666.66666666666,11.99329188125151,110416.66666666666,60.0,2.0,1.0,0,0,15.1,4299.4,9029.3,8034.6,12332.8,11708.9,21849.5,8226.8,1936,963,34.665,127.1431,83.6961,6.5876,163.8039,11.4343,103.1336,292.6674,95.7241,51250.0,10.844490409005417,206750.0,0,18569129.0
3395,open_market,Park Point for sale,"Park Point Residences, Luzon Avenue, Cebu City, Central Visayas, Philippines",Cebu City,Condominium,10.3167182,123.90544019999992,13000000.0,216666.66666666663,12.28611535320371,165416.66666666666,60.0,1.0,1.0,0,0,183.2,4141.2,8831.0,8050.5,12348.7,11510.5,21865.4,8115.7,1937,765,29.9267,121.804,69.7417,5.3428,159.8892,10.9104,95.7159,260.7229,90.895,51250.0,10.844490409005417,206750.0,0,18072585.0
3396,open_market,1 BR - FULLY FURNISHED Condo in Ayala Center Cebu - Parkpoint Residences,"Park Point Residences, Luzon Avenue, Cebu City, Central Visayas, Philippines",Cebu City,Condominium,10.3167182,123.90544019999992,14000000.0,225806.4516129032,12.327433502534442,174556.4516129032,62.0,1.0,1.0,0,0,183.2,4141.2,8831.0,8050.5,12348.7,11510.5,21865.4,8115.7,1937,765,29.9267,121.804,69.7417,5.3428,159.8892,10.9104,95.7159,260.7229,90.895,51250.0,10.844490409005417,206750.0,0,18065122.0
3397,open_market,1Bedroom Alcoves for SALE Cebu Business Park with parking,"Park Point Residences, Luzon Avenue, Cebu City, Central Visayas, Philippines",Cebu City,Condominium,10.3167182,123.90544019999992,15500000.0,238461.53846153847,12.381963311993838,187211.53846153847,65.0,1.0,1.0,0,0,183.2,4141.2,8831.0,8050.5,12348.7,11510.5,21865.4,8115.7,1937,765,29.9267,121.804,69.7417,5.3428,159.8892,10.9104,95.7159,260.7229,90.895,51250.0,10.844490409005417,206750.0,0,18053928.0
3398,open_market,For SALE 2 BEDROOM UNIT IN PARKPOINT RESIDENCES,"Rustan?s, Ayala Center Cebu, Bohol Avenue, Cebu City, Cebu, Philippines",Cebu City,Condominium,10.31666,123.905615,23000000.0,186991.86991869917,12.138820418521005,135741.86991869917,123.0,2.0,2.0,0,0,217.4,4107.0,8796.8,8041.3,12339.5,11476.3,21856.2,8095.9,1927,731,29.8278,121.2768,67.5109,5.2726,155.8438,11.0295,93.4868,253.8045,89.7709,51250.0,10.844490409005417,206750.0,0,18405172.0
3399,open_market,For Sale 1BR in AVALON Across Ayala Mall,"Avalon Ayala, Luzon Avenue, Cebu City, Cebu, Philippines",Cebu City,Condominium,10.3168235,123.9041725,7500000.0,127118.64406779662,11.75287613460082,75868.64406779662,59.0,1.0,1.0,0,0,15.1,4299.4,9029.3,8034.6,12332.8,11708.9,21849.5,8254.7,1936,963,34.665,127.1431,83.6961,6.5876,163.8039,11.4343,103.1336,292.6674,95.7241,51250.0,10.844490409005417,206750.0,0,17900011.0
3400,open_market,The Alcoves Ayala Land Premiere,"Luzon Avenue, Cebu City, Cebu, Philippines",Cebu City,Condominium,10.3168235,123.9041725,35000000.0,257352.9411764706,12.458203733717635,206102.9411764706,136.0,2.0,3.0,0,0,15.1,4299.4,9029.3,8034.6,12332.8,11708.9,21849.5,8254.7,1936,963,34.665,127.1431,83.6961,6.5876,163.8039,11.4343,103.1336,292.6674,95.7241,51250.0,10.844490409005417,206750.0,0,17674601.0
3404,open_market,1 bedroom condo for sale in the alcoves luz cebu,the alcoves luz cebu,Cebu City,Condominium,10.317035,123.9044778,15000000.0,241935.48387096773,12.396426374021393,190685.48387096773,62.0,1.0,1.0,0,0,0.0,4285.0,9014.2,8049.7,12347.9,11693.8,21864.6,8224.7,1952,948,34.5452,127.2653,84.0133,6.4388,164.9677,11.2454,103.6899,293.3383,95.971,51250.0,10.844490409005417,206750.0,0,17738411.0
3405,open_market,1 bedroom condo for sale in the alcoves luz cebu,the alcoves luz cebu,Cebu City,Condominium,10.317035,123.9044778,16500000.0,261904.7619047619,12.475736212479276,210654.7619047619,63.0,1.0,1.0,0,0,0.0,4285.0,9014.2,8049.7,12347.9,11693.8,21864.6,8224.7,1952,948,34.5452,127.2653,84.0133,6.4388,164.9677,11.2454,103.6899,293.3383,95.971,51250.0,10.844490409005417,206750.0,0,17726411.0
3406,open_market,1 bedroom condo for sale in the alcoves luz cebu,the alcoves luz cebu,Cebu City,Condominium,10.317035,123.9044778,17500000.0,246478.87323943665,12.415031561852427,195228.87323943665,71.0,1.0,1.0,0,0,0.0,4285.0,9014.2,8049.7,12347.9,11693.8,21864.6,8224.7,1952,948,34.5452,127.2653,84.0133,6.4388,164.9677,11.2454,103.6899,293.3383,95.971,51250.0,10.844490409005417,206750.0,0,17718411.0
3407,open_market,Taft Properties,"Symfoni Nichols, Nichols Park, Nichols Heights, Cebu City, Cebu, Philippines",Cebu City,Condominium,10.3171102,123.8829464,3550000.0,177500.0,12.086725887897607,153800.0,20.0,0.0,1.0,0,0,2791.9,6428.1,11611.0,7043.8,11021.2,14290.5,20537.9,10564.8,4310,2501,18.1132,37.0167,47.9992,4.2932,2.4093,8.7461,49.4174,21.7361,21.4022,23700.0,10.073272520325904,29550.0,0,11234740.0
3409,open_market,For sale 1 Bedroom unit in The Alcoves Ayala Cebu City,"The Alcoves, Luzon Avenue, Cebu City, Cebu, Philippines",Cebu City,Condominium,10.3172108,123.9046863,15000000.0,230769.2307692308,12.349173489170846,179519.23076923078,65.0,1.0,1.0,0,0,0.0,4285.0,9014.2,8049.7,12347.9,11693.8,21864.6,8204.7,1952,948,34.5452,127.2653,84.0133,6.4388,164.9677,11.2454,103.6899,293.3383,95.971,51250.0,10.844490409005417,206750.0,0,17675395.0
3410,open_market,condo for sale in solinea by alveo land luz cebu,solinea by alveo land luz cebu,Cebu City,Condominium,10.317219,123.9052885,5500000.0,211538.46153846153,12.262162112181217,160288.46153846153,26.0,,,1,1,183.2,4141.2,8831.0,8050.5,12348.7,11510.5,21865.4,8139.6,1937,765,29.9267,121.804,69.7417,5.3428,159.8892,10.9104,95.7159,260.7229,90.895,51250.0,10.844490409005417,206750.0,0,18223506.0
3411,open_market,1 bedroom condo for sale in solinea by alveo land luz cebu,solinea by alveo land luz cebu,Cebu City,Condominium,10.317219,123.9052885,6500000.0,260000.0,12.468436909997665,208750.0,25.0,1.0,1.0,0,0,183.2,4141.2,8831.0,8050.5,12348.7,11510.5,21865.4,8139.6,1937,765,29.9267,121.804,69.7417,5.3428,159.8892,10.9104,95.7159,260.7229,90.895,51250.0,10.844490409005417,206750.0,0,18215988.0
3412,open_market,1 bedroom condo for sale in solinea by alveo land luz cebu,solinea by alveo land luz cebu,Cebu City,Condominium,10.317219,123.9052885,6596213.0,263848.52,12.483130429570403,212598.52,25.0,1.0,1.0,0,0,183.2,4141.2,8831.0,8050.5,12348.7,11510.5,21865.4,8139.6,1937,765,29.9267,121.804,69.7417,5.3428,159.8892,10.9104,95.7159,260.7229,90.895,51250.0,10.844490409005417,206750.0,0,18215264.0
3414,open_market,1 bedroom condo for sale in the residences at sheraton cebu mactan punta enga%C3%B1o cebu,... Atari Real Estate Brokerage Verified seller Call,Cebu City,Condominium,10.3173505,123.9027872,20000000.0,289855.0724637681,12.577136326921005,226855.07246376813,69.0,1.0,1.0,0,0,189.7,4124.2,9203.9,7895.2,12193.4,11883.4,21710.1,8412.7,2102,1039,43.9104,134.3949,100.5591,8.1827,162.5451,8.6816,110.5833,307.1385,102.0792,63000.0,11.050905878263569,74000.0,0,17611438.0
3415,open_market,2 bedroom condo for sale in 32 sanson by rockwell lahug cebu,... Atari Real Estate Brokerage Verified seller Call,Cebu City,Condominium,10.3173505,123.9027872,22000000.0,234042.55319148937,12.363258229052587,171042.55319148937,94.0,2.0,2.0,0,0,189.7,4124.2,9203.9,7895.2,12193.4,11883.4,21710.1,8412.7,2102,1039,43.9104,134.3949,100.5591,8.1827,162.5451,8.6816,110.5833,307.1385,102.0792,63000.0,11.050905878263569,74000.0,0,17592746.0
3417,open_market,2BR with car park FOR SALE??,"Cebu Business Park, Cebu City, Cebu, Philippines",Cebu City,Condominium,10.3173504,123.9059978,17200000.0,232432.43243243243,12.356354848579512,181182.43243243243,74.0,2.0,2.0,0,0,217.4,4107.0,8796.8,8041.3,12339.5,11476.3,21856.2,8064.8,1927,731,29.8278,121.2768,67.5109,5.2726,155.8438,11.0295,93.4868,253.8045,89.7709,51250.0,10.844490409005417,206750.0,0,18915759.0
3418,open_market,3 BEDROOM UNIT IN 1016 RES8DENCES FOR SALE,"Cebu Business Park, Ayala Road, Cebu City, Cebu, Philippines",Cebu City,Condominium,10.3174159,123.9063384,28000000.0,213740.4580152672,12.272517744938327,162490.45801526718,131.0,3.0,2.0,0,0,239.7,4098.0,8787.8,8039.3,12337.5,11467.3,21854.2,8028.9,1917,721,29.5887,119.8873,66.3803,5.2417,153.143,11.1149,92.0268,246.727,88.585,51250.0,10.844490409005417,206750.0,0,18704162.0
3419,open_market,Penthouse Unit FOR RENT??,"6000 Cardinal Rosales Ave, Cebu City, 6000 Cebu, Philippines",Cebu City,Condominium,10.317492,123.9049623,46000000.0,177606.1776061776,12.087323892753831,126356.1776061776,259.0,3.0,4.0,0,0,0.0,4285.0,9014.2,8049.7,12347.9,11693.8,21864.6,8179.2,1952,948,34.5452,127.2653,84.0133,6.4388,164.9677,11.2454,103.6899,293.3383,95.971,51250.0,10.844490409005417,206750.0,0,17436933.0
3420,open_market,1 bedroom condo for sale in luz cebu,"Cardinal Rosales Ave, Cebu City",Cebu City,Condominium,10.31752,123.9073363,6791371.0,229438.20945945944,12.343389032403124,178188.20945945944,29.6,1.0,,0,1,539.2,3798.4,8488.2,8338.8,12637.0,11167.7,22153.8,7922.5,1971,422,27.2365,107.052,54.9137,3.7422,140.6579,7.1697,84.3943,233.2051,80.3337,51250.0,10.844490409005417,206750.0,0,19269147.0
3421,open_market,1 bedroom condo for sale in solinea by alveo land luz cebu,Solinea Tower... Jennive O. Revilla Verified seller Call,Cebu City,Condominium,10.3175201,123.907341,7000000.0,269230.76923076925,12.503324168998105,217980.76923076925,26.0,1.0,1.0,0,0,539.2,3798.4,8488.2,8338.8,12637.0,11167.7,22153.8,7922.0,1971,422,27.2365,107.052,54.9137,3.7422,140.6579,7.1697,84.3943,233.2051,80.3337,51250.0,10.844490409005417,206750.0,0,19267591.0
3422,open_market,Talf East Gate,"Cardinal Rosales Avenue, Cebu City, Cebu, Philippines",Cebu City,Condominium,10.31752,123.9073363,7500000.0,157596.13364152133,11.967790923373519,106346.13364152132,47.59,1.0,1.0,0,0,539.2,3798.4,8488.2,8338.8,12637.0,11167.7,22153.8,7922.5,1971,422,27.2365,107.052,54.9137,3.7422,140.6579,7.1697,84.3943,233.2051,80.3337,51250.0,10.844490409005417,206750.0,0,19263859.0
3423,open_market,RUSH SALE!! FULLY FURNISHED 1BEDROOM UNIT IN APPLE ONE BANAWA HEIGHTS,"Good Shepherd Road, Cebu City, Cebu, Philippines",Cebu City,Condominium,10.3175937,123.8692834,2800000.0,87500.0,11.379394072345706,63800.0,32.0,1.0,1.0,0,0,4378.7,8014.9,13197.8,7234.9,11212.3,15877.3,20729.1,12057.4,5637,3563,1.9775,4.6783,0.5786,0.9921,0.0,0.0,3.684,0.0,2.4979,23700.0,10.073272520325904,29550.0,0,8837800.0
3429,open_market,1 bedroom condo for sale in camputhaw cebu,camputhaw cebu,Cebu City,Condominium,10.3176557,123.8983275,3500000.0,159090.9090909091,11.977231073101326,96090.90909090907,22.0,1.0,1.0,0,0,859.7,4564.4,9747.3,8185.2,12483.4,12426.8,22000.2,8900.8,2392,1479,34.7024,85.5628,76.2087,5.7015,77.4438,4.6786,100.0891,168.2216,62.2237,63000.0,11.050905878263569,74000.0,0,6840657.0
3430,open_market,1 bedroom condo for sale in camputhaw cebu,camputhaw cebu,Cebu City,Condominium,10.3176557,123.8983275,3800000.0,172727.27272727274,12.059469171338298,109727.27272727274,22.0,1.0,1.0,0,0,859.7,4564.4,9747.3,8185.2,12483.4,12426.8,22000.2,8900.8,2392,1479,34.7024,85.5628,76.2087,5.7015,77.4438,4.6786,100.0891,168.2216,62.2237,63000.0,11.050905878263569,74000.0,0,6828657.0
3431,open_market,1 bedroom condo for sale in camputhaw cebu,camputhaw cebu,Cebu City,Condominium,10.3176557,123.8983275,4231480.0,192340.0,12.167019918266472,129340.0,22.0,1.0,1.0,0,0,859.7,4564.4,9747.3,8185.2,12483.4,12426.8,22000.2,8900.8,2392,1479,34.7024,85.5628,76.2087,5.7015,77.4438,4.6786,100.0891,168.2216,62.2237,63000.0,11.050905878263569,74000.0,0,6811398.0
3432,open_market,2 bedroom condo for sale in tipolo cebu,"F.E. Zuellig Ave., Mandaue City, Cebu Details:2 Bedroom De Luxe42nd floorUnit: 4210Floor area: 84.152 bedroom 2 bathroomWith balcony For turnover last quarter of 2026Over looking bayviewFor sale: ₱14,000,000NetBuyer will shoulder redocs Luchie U. Malgue Verified seller Call",Mandaue City,Condominium,10.3177244,123.9320764,13000000.0,154394.29928741092,11.94726499417753,130819.29928741092,84.2,2.0,,0,1,3987.0,3518.5,5363.4,10263.7,14561.9,8919.6,24078.7,5264.3,181,1090,17.4472,37.0435,20.1699,9.6969,18.6924,2.0177,14.4021,34.2504,24.7286,23575.0,10.06798452441753,68750.0,0,11635998.0
3433,open_market,https://www.dotproperty.com.ph/1 bedroom condo for sale in solinea by ayala land cebu city cebu,solinea by ayala land cebu city cebu,Cebu City,Condominium,10.3177757,123.9049519,11500000.0,255555.55555555556,12.451195103563158,204305.55555555556,45.0,1.0,1.0,0,0,0.0,4285.0,9014.2,8049.7,12347.9,11693.8,21864.6,8184.8,1952,948,34.5452,127.2653,84.0133,6.4388,164.9677,11.2454,103.6899,293.3383,95.971,51250.0,10.844490409005417,206750.0,0,17702318.0
3438,open_market,3 bedroom condo for sale in luz cebu,"Avalon Condo minium, Cebu Business Park-Ayala, Cebu CityProperty Details:•Floor Area: 259 sqm•Bedrooms: 3•Toilets and Baths: 4•Parking: 2 Car Slots•Floor Level: 19th floor or the PenthouseThe penthouse units of Avalon Condo minium in Cebu Business Park are located on the topmost floor of the building, which is the 19th floor. These exclusive units offer expansive... Fareast Habitat and Settlements. Inc. Verified seller Call",Cebu City,Condominium,10.3182439,123.903733,46000000.0,177606.1776061776,12.087323892753831,126356.1776061776,259.0,3.0,4.0,0,0,294.9,3993.1,9170.7,8026.2,12324.4,11850.2,21841.2,8324.3,2233,908,42.8943,131.3463,96.5569,6.5314,159.8215,7.1485,105.6517,303.475,99.9686,51250.0,10.844490409005417,206750.0,0,18030906.0
3441,open_market,Rush Sale! 2 Bedroom Semi-Furnished Condo Unit in Cebu City!,"Winland Tower 1, Cebu City, Cebu, Philippines",Cebu City,Condominium,10.3187123,123.8934254,6000000.0,77982.84377436964,11.26424412986818,14982.84377436964,76.94,0.0,1.0,0,0,1520.8,5157.0,10339.9,7643.0,11941.2,13019.5,21457.9,9447.9,3104,2072,26.3021,87.9687,81.2864,7.3839,26.645,2.85,127.2041,103.8119,48.0214,63000.0,11.050905878263569,74000.0,0,3150000.0
3442,open_market,FOR Sale,"AppleOne Equicom Tower, Cebu City, Cebu, Philippines",Cebu City,Condominium,10.3186687,123.9069565,9000000.0,200000.0,12.206072645530174,148750.0,45.0,0.0,1.0,0,0,554.1,3810.7,8500.4,8377.9,12676.1,11180.0,22192.9,7983.1,1991,434,27.1574,106.0486,54.8623,3.6353,140.8732,6.8089,85.3923,233.9861,80.0,51250.0,10.844490409005417,206750.0,0,18893170.0
3444,open_market,Grand Cenia Residences 3 Bedrooms for Sale,"Grand Cenia by Filinvest, Cebu City, Cebu, Philippines",Cebu City,Condominium,10.3191917,123.9031412,22000000.0,198394.80566326992,12.198014292357465,135394.80566326992,110.89,3.0,2.0,0,0,349.1,3938.9,9116.5,8080.4,12378.6,11796.0,21895.4,8404.4,2287,853,41.4474,130.0123,91.7268,5.8971,160.7107,6.7223,102.4064,295.846,99.059,63000.0,11.050905878263569,74000.0,0,17299933.0
3445,open_market,2 BR Loft Type,"Diamond Suites and Residences, Apitong Street, Lungsod ng Cebu, Lalawigan ng Cebu, Pilipinas",Cebu City,Condominium,10.319313,123.9024658,8000000.0,102564.10256410256,11.538243272954519,39564.10256410256,78.0,2.0,2.0,0,0,432.8,3958.0,9140.9,8164.1,12462.3,11820.4,21979.1,8479.5,2371,873,42.0318,128.0904,89.4829,5.2948,156.8535,6.5133,108.6235,297.7179,97.8009,63000.0,11.050905878263569,74000.0,0,17912478.0
3446,open_market,"For Sale: Studio Condo in Mabolo, Cebu City — 27 sqm","Mabolo, Cebu City, Cebu, 6000, Philippines",Cebu City,Condominium,10.319357,123.91297899999996,4000000.0,148148.14814814815,11.905968053079835,107548.14814814816,27.0,0.0,1.0,0,0,1338.3,3631.2,7717.5,8767.8,13066.0,10397.0,22582.7,7347.1,1457,261,21.0236,70.1406,36.5397,2.3824,56.588,5.0361,60.0924,64.6858,46.1586,40600.0,10.611547975828367,98860.0,0,11748653.0
3447,open_market,Mabolo Garden Flats studio for sale!,"Mabolo Garden Flats, Cebu City, Central Visayas, Philippines",Cebu City,Condominium,10.319357,123.91297899999996,5000000.0,185185.1851851852,12.129111604394046,144585.1851851852,27.0,0.0,1.0,0,0,1338.3,3631.2,7717.5,8767.8,13066.0,10397.0,22582.7,7347.1,1457,261,21.0236,70.1406,36.5397,2.3824,56.588,5.0361,60.0924,64.6858,46.1586,40600.0,10.611547975828367,98860.0,0,11712939.0
3448,open_market,Studio Unit Fully Furnished For Sale,"Molave St, Cebu City, Cebu, Philippines",Cebu City,Condominium,10.3194766,123.9018707,3200000.0,118299.44547134936,11.680974362477464,55299.44547134935,27.05,0.0,1.0,0,0,389.4,4024.2,9207.1,8120.7,12418.9,11886.6,21935.6,8546.6,2328,939,43.7405,129.296,95.2174,5.6997,153.8605,7.0577,113.7821,306.4889,98.3161,63000.0,11.050905878263569,74000.0,0,13430507.0
3449,open_market,FOR SALE STUDIO UNIT NEAR AYALA,"Molave St, Cebu City, Cebu, Philippines",Cebu City,Condominium,10.3194766,123.9018707,3800000.0,140740.74074074073,11.854674758692285,77740.74074074073,27.0,0.0,1.0,0,0,389.4,4024.2,9207.1,8120.7,12418.9,11886.6,21935.6,8546.6,2328,939,43.7405,129.296,95.2174,5.6997,153.8605,7.0577,113.7821,306.4889,98.3161,63000.0,11.050905878263569,74000.0,0,13421683.0
3450,open_market,1 bedroom condo for sale in camputhaw cebu,"Molave St, Cebu CityBedroom: StudioToilet & Bath: 1Floor Area: 27 sqmSale: Php 4,375,000 Cebu Globenet Realty Verified seller Call",Cebu City,Condominium,10.3194766,123.9018707,4375000.0,162037.03703703705,11.995580211769523,99037.03703703704,27.0,1.0,1.0,0,0,389.4,4024.2,9207.1,8120.7,12418.9,11886.6,21935.6,8546.6,2328,939,43.7405,129.296,95.2174,5.6997,153.8605,7.0577,113.7821,306.4889,98.3161,63000.0,11.050905878263569,74000.0,0,13413227.0
3451,open_market,condo for sale in pusok cebu,pusok cebu,Lapu-Lapu City,Condominium,10.3197437,123.9722147,4244553.0,157205.66666666666,11.965310205825427,151023.16666666666,27.0,,,1,1,10082.1,7715.5,3091.3,16658.1,20956.3,10499.2,30473.0,1580.5,4025,1105,17.274,10.151,8.5615,3.2627,7.1499,2.2685,31.019,5.7486,12.8108,6182.5,8.729639733182111,23000.0,1,9037381.0
3452,open_market,1 bedroom condo for sale in pusok cebu,pusok cebu,Lapu-Lapu City,Condominium,10.3197437,123.9722147,4500000.0,150000.0,11.918390573078392,143817.5,30.0,1.0,1.0,0,0,10082.1,7715.5,3091.3,16658.1,20956.3,10499.2,30473.0,1580.5,4025,1105,17.274,10.151,8.5615,3.2627,7.1499,2.2685,31.019,5.7486,12.8108,6182.5,8.729639733182111,23000.0,1,9008998.0
3453,open_market,1 bedroom condo for sale in pusok cebu,pusok cebu,Lapu-Lapu City,Condominium,10.3197437,123.9722147,6917937.0,168730.17073170733,12.036056095055246,162547.67073170733,41.0,1.0,1.0,0,0,10082.1,7715.5,3091.3,16658.1,20956.3,10499.2,30473.0,1580.5,4025,1105,17.274,10.151,8.5615,3.2627,7.1499,2.2685,31.019,5.7486,12.8108,6182.5,8.729639733182111,23000.0,1,8740338.0
3454,open_market,"Studio Condo for Sale Near Mactan International Airport, Lapu-lapu City — Furnished","Matumbo-Pusok Road, Pusok, Lapu-lapu City, Cebu, 6015, Philippines",Lapu-Lapu City,Condominium,10.3198121,123.9738525,5000000.0,186289.12071535023,12.135055158294893,180106.62071535023,26.84,0.0,1.0,0,0,10151.8,7785.2,3161.0,16727.8,21026.0,10568.9,30542.7,1511.9,4095,944,15.9153,13.0451,11.5229,2.6359,7.6714,2.5636,33.4807,16.3797,13.3178,6182.5,8.729639733182111,23000.0,1,5754704.0
3455,open_market,CONDOTEL OR SERVICED SUITES,"Gorordo Avenue, Cebu City, Cebu, Philippines",Cebu City,Condominium,10.319994,123.899341,9900000.0,274390.243902439,12.522306619910395,211390.24390243905,36.08,0.0,1.0,0,0,787.3,4422.0,9604.9,8183.3,12481.5,12284.4,21998.2,8829.0,2390,1208,47.3123,94.8084,76.974,5.5339,95.0651,7.5181,106.2796,199.9666,74.9619,63000.0,11.050905878263569,74000.0,0,8223600.0
3456,open_market,"For Sale: 1BR Condo in Mabolo, Cebu City — 43.10 sqm","Mabolo, Cebu City, Cebu, 6000, Philippines",Cebu City,Condominium,10.3200321,123.91060400000003,2500000.0,58004.640371229696,10.968278292728726,6754.640371229696,43.1,1.0,1.0,0,0,1035.9,3455.9,8145.7,8810.0,13108.2,10825.2,22625.0,7616.4,1509,0,28.7388,90.8336,47.5405,2.6204,103.8113,6.3003,74.1801,137.3473,67.2299,51250.0,10.844490409005417,206750.0,0,16421909.0
3457,open_market,TAFT EAST GATE,"Taft East Gate, Pope John Paul II Avenue, Cebu City, Central Visayas, Philippines",Cebu City,Condominium,10.3200321,123.91060400000003,5800000.0,196078.43137254904,12.186270018233994,144828.43137254904,29.58,0.0,1.0,0,0,1035.9,3455.9,8145.7,8810.0,13108.2,10825.2,22625.0,7616.4,1509,0,28.7388,90.8336,47.5405,2.6204,103.8113,6.3003,74.1801,137.3473,67.2299,51250.0,10.844490409005417,206750.0,0,16330242.0
3458,open_market,Rush For SALE 1 Bedroom Condominium Unit at Taft East Gate,"Taft East Gate, Pope John Paul II Avenue, Cebu City, Central Visayas, Philippines",Cebu City,Condominium,10.3200321,123.91060400000003,6746135.0,143687.64643237487,11.875397100608106,92437.64643237488,46.95,0.0,1.0,0,0,1035.9,3455.9,8145.7,8810.0,13108.2,10825.2,22625.0,7616.4,1509,0,28.7388,90.8336,47.5405,2.6204,103.8113,6.3003,74.1801,137.3473,67.2299,51250.0,10.844490409005417,206750.0,0,16303961.0
3462,open_market,1BR Corinthians for SALE Guadalupe Cebu City,"Guadalupe, Andres Abellana Street, Cebu City, Central Visayas, Philippines",Cebu City,Condominium,10.3202656,123.88633270000004,2250000.0,90000.0,11.407564949312402,66300.0,25.0,1.0,1.0,0,0,2540.2,6176.4,11359.3,7394.7,11692.9,14038.9,21209.6,10240.3,4059,2621,22.8905,32.5475,49.0519,7.0056,4.7355,9.4543,51.5708,20.5113,22.5122,23700.0,10.073272520325904,29550.0,0,3015204.0
3463,open_market,Condominium for Sale,"Guadalupe, Andres Abellana Street, Cebu City, Central Visayas, Philippines",Cebu City,Condominium,10.3202656,123.88633270000004,2400000.0,96000.0,11.472103470449973,72300.0,25.0,0.0,1.0,0,0,2540.2,6176.4,11359.3,7394.7,11692.9,14038.9,21209.6,10240.3,4059,2621,22.8905,32.5475,49.0519,7.0056,4.7355,9.4543,51.5708,20.5113,22.5122,23700.0,10.073272520325904,29550.0,0,3000204.0
3464,open_market,STUDIO UNIT FOR SALE,"Guadalupe, Andres Abellana Street, Cebu City, Central Visayas, Philippines",Cebu City,Condominium,10.3202656,123.88633270000004,2800000.0,112000.0,11.626254150277232,88300.0,25.0,0.0,1.0,0,0,2540.2,6176.4,11359.3,7394.7,11692.9,14038.9,21209.6,10240.3,4059,2621,22.8905,32.5475,49.0519,7.0056,4.7355,9.4543,51.5708,20.5113,22.5122,23700.0,10.073272520325904,29550.0,0,2960204.0
3466,open_market,Condo for Sale Fully Furnished,"The Trillium Residences, Molave Street, Cebu City, Cebu, Philippines",Cebu City,Condominium,10.320252,123.9015679,3500000.0,126857.55708590068,11.750820138230447,63857.55708590069,27.59,0.0,1.0,0,0,558.5,4193.2,9376.1,8289.8,12588.0,12055.6,22104.8,8593.5,2497,1108,39.9958,107.2384,72.5138,4.3868,129.5201,7.4517,96.8401,251.588,83.6288,63000.0,11.050905878263569,74000.0,0,13491248.0
3467,open_market,The Trillium Residences- Studio Unit,"17 Molave St, Cebu City, Cebu, Philippines",Cebu City,Condominium,10.320252,123.9015679,3700000.0,134545.45454545456,11.809657372941928,71545.45454545456,27.5,0.0,1.0,0,0,558.5,4193.2,9376.1,8289.8,12588.0,12055.6,22104.8,8593.5,2497,1108,39.9958,107.2384,72.5138,4.3868,129.5201,7.4517,96.8401,251.588,83.6288,63000.0,11.050905878263569,74000.0,0,13487544.0
3468,open_market,1 bedroom condo for sale in camputhaw cebu,"17 Molave St, Cebu City,Bedroom: StudioToilet & Bath: 1Floor Area: 27 sqmSale: Php 4,375,000 Cebu Globenet Realty Verified seller Call",Cebu City,Condominium,10.3202582,123.9016274,4375000.0,162037.03703703705,11.995580211769523,99037.03703703704,27.0,1.0,1.0,0,0,558.5,4193.2,9376.1,8289.8,12588.0,12055.6,22104.8,8587.2,2497,1108,39.9958,107.2384,72.5138,4.3868,129.5201,7.4517,96.8401,251.588,83.6288,63000.0,11.050905878263569,74000.0,0,13475044.0
3469,open_market,"For Sale Studio Condo in Centro, Mandaue City — 29.75 sqm","Centro, Mandaue City, Cebu, 6014, Philippines",Mandaue City,Condominium,10.3204081,123.93663879999995,5500000.0,184873.9495798319,12.127429518211061,163723.94957983194,29.75,0.0,1.0,0,0,5114.6,3639.6,4777.2,11408.5,15706.7,8333.5,25223.4,4860.7,606,1335,13.1324,21.5622,20.8717,3.8099,33.6066,5.2283,16.388,57.7647,20.7698,21150.0,9.959442464680574,41250.0,0,10695227.0
3470,open_market,"For Sale: 2 Bedroom Condo in Centro, Mandaue City — 82.44 sqm","North Reclamation Area, Centro, Mandaue City, Cebu, 6014, Philippines",Mandaue City,Condominium,10.3204081,123.93663879999995,30000000.0,363901.018922853,12.804637183604171,342751.018922853,82.44,2.0,2.0,0,0,5114.6,3639.6,4777.2,11408.5,15706.7,8333.5,25223.4,4860.7,606,1335,13.1324,21.5622,20.8717,3.8099,33.6066,5.2283,16.388,57.7647,20.7698,21150.0,9.959442464680574,41250.0,0,9904905.0
3471,open_market,FOR SALE: 1-Bedroom Condo Unit in Cebu City,"The Corinthian Residences, Cebu City, Cebu, Philippines",Cebu City,Condominium,10.3205315,123.88631,2500000.0,100000.0,11.512925464970229,76300.0,25.0,1.0,1.0,0,0,2540.2,6176.4,11359.3,7394.7,11692.9,14038.9,21209.6,10247.0,4059,2621,22.8905,32.5475,49.0519,7.0056,4.7355,9.4543,51.5708,20.5113,22.5122,23700.0,10.073272520325904,29550.0,0,2990204.0
3472,open_market,For Sale 1 Bedroom in Corinthians Residences,"The Corinthian Residences, Cebu City, Cebu, Philippines",Cebu City,Condominium,10.3205854,123.8862927,3500000.0,116666.66666666669,11.667076144797488,92966.66666666669,30.0,1.0,1.0,0,0,2540.2,6176.4,11359.3,7394.7,11692.9,14038.9,21209.6,10249.7,4059,2621,22.8905,32.5475,49.0519,7.0056,4.7355,9.4543,51.5708,20.5113,22.5122,23700.0,10.073272520325904,29550.0,0,2890204.0
3473,open_market,1BR unit at Corinthians,"The Corinthian Residences, Cebu City, Cebu, Philippines",Cebu City,Condominium,10.3206142,123.8866016,3500000.0,140000.0,11.84939770159144,116300.0,25.0,1.0,1.0,0,0,2540.2,6176.4,11359.3,7394.7,11692.9,14038.9,21209.6,10216.8,4059,2621,22.8905,32.5475,49.0519,7.0056,4.7355,9.4543,51.5708,20.5113,22.5122,23700.0,10.073272520325904,29550.0,0,2890204.0
3474,open_market,Condo FOR SALE at Azalea Place!!,"Gorordo Avenue, Cebu City, Cebu, Philippines",Cebu City,Condominium,10.3205967,123.8991322,3700000.0,123333.33333333331,11.722645995952297,93333.33333333331,30.0,1.0,1.0,0,0,777.1,4411.8,9594.7,8304.9,12603.1,12274.2,22119.8,8862.6,2512,1326,35.4959,85.887,62.4322,4.3578,89.7956,5.8546,93.5358,185.3608,65.4323,30000.0,10.308985993422082,57000.0,0,7506829.0
3476,open_market,condo for sale in mandani bay suites tipolo cebu,mandani bay suites tipolo cebu,Mandaue City,Condominium,10.3208497,123.9383224,5500000.0,185185.1851851852,12.129111604394046,164035.1851851852,29.7,,,1,1,4982.9,3508.0,4558.2,11276.8,15575.0,8114.4,25091.8,4701.1,472,1203,18.4502,31.5762,28.7311,5.5492,43.914,8.9477,20.5466,91.7682,28.8899,21150.0,9.959442464680574,41250.0,0,10204369.0
3477,open_market,1 bedroom condo for sale in mandani bay suites tipolo cebu,mandani bay suites tipolo cebu,Mandaue City,Condominium,10.3208497,123.9383224,10000000.0,222222.22222222225,12.311433161188,201072.22222222225,45.0,1.0,1.0,0,0,4982.9,3508.0,4558.2,11276.8,15575.0,8114.4,25091.8,4701.1,472,1203,18.4502,31.5762,28.7311,5.5492,43.914,8.9477,20.5466,91.7682,28.8899,21150.0,9.959442464680574,41250.0,0,10054369.0
3478,open_market,2 bedroom condo for sale in mandani bay suites tipolo cebu,mandani bay suites tipolo cebu,Mandaue City,Condominium,10.3208497,123.9383224,15000000.0,183150.18315018315,12.118061768207461,162000.18315018315,81.9,2.0,,0,1,4982.9,3508.0,4558.2,11276.8,15575.0,8114.4,25091.8,4701.1,472,1203,18.4502,31.5762,28.7311,5.5492,43.914,8.9477,20.5466,91.7682,28.8899,21150.0,9.959442464680574,41250.0,0,9887702.0
3479,open_market,condo for sale in lahug cebu,"Archbishop Reyes Ave., Cebu CityAvenir is situated in what is considered as the golden triangle of the business of Cebu ’s major commercial establishments and government institutions as well as the BPO industry, it virtually makes all districts of Cebu City, near all of the operational transactions accessible – saving time and money.•5 minutes... Socratis Tom Ramas Verified seller Call",Cebu City,Condominium,10.3208657,123.9041927,3500000.0,140000.0,11.84939770159144,110000.0,25.0,,,1,1,503.2,3781.8,8958.6,8238.3,12536.5,11638.1,22053.3,8322.8,2445,696,42.7157,133.9989,83.498,4.696,175.1602,6.8353,103.3129,303.8215,104.2091,30000.0,10.308985993422082,57000.0,0,19801888.0
3480,open_market,condo for sale in camputhaw cebu,"Archbishop Reyes Avenue, Cebu City🔑 Your New Home is Ready!✅ Ready for Occupancy (RFO) - Move into your own Condo unit in as little... PH/PRO Realty Verified seller Call",Cebu City,Condominium,10.3208657,123.9041927,4262000.0,196405.52995391705,12.187936831094285,166405.52995391705,21.7,,,1,1,503.2,3781.8,8958.6,8238.3,12536.5,11638.1,22053.3,8322.8,2445,696,42.7157,133.9989,83.498,4.696,175.1602,6.8353,103.3129,303.8215,104.2091,30000.0,10.308985993422082,57000.0,0,19792481.0
3481,open_market,Brand New Studio Unit for Sale at Cityscape Grand Tower,"Archbishop Reyes Avenue, Cebu City, Cebu, Philippines",Cebu City,Condominium,10.3208657,123.9041927,4500000.0,160714.2857142857,11.987383444565344,130714.28571428572,28.0,0.0,1.0,0,0,503.2,3781.8,8958.6,8238.3,12536.5,11638.1,22053.3,8322.8,2445,696,42.7157,133.9989,83.498,4.696,175.1602,6.8353,103.3129,303.8215,104.2091,30000.0,10.308985993422082,57000.0,0,19789543.0
3482,open_market,1 bedroom condo for sale in punta enga%C3%B1o cebu,punta engaño cebu,Lapu-Lapu City,Condominium,10.3210549,124.0321172,3200000.0,78624.07862407863,11.272433275321406,71624.07862407863,40.7,1.0,,0,1,18434.7,15887.1,11627.7,25121.3,29419.5,17939.6,38936.2,6013.0,11497,2889,5.5707,4.0,0.0,0.0753,21.8954,0.0,4.3423,4.0,8.7309,7000.0,8.853808274977197,13500.0,1,19805105.0
3484,open_market,1 bedroom condo for sale in punta enga%C3%B1o cebu,punta engaño cebu,Lapu-Lapu City,Condominium,10.3210549,124.0321172,4130000.0,184375.0,12.12472700607622,177375.0,22.4,1.0,,0,1,18434.7,15887.1,11627.7,25121.3,29419.5,17939.6,38936.2,6013.0,11497,2889,5.5707,4.0,0.0,0.0753,21.8954,0.0,4.3423,4.0,8.7309,7000.0,8.853808274977197,13500.0,1,19776923.0
3486,open_market,107-2022001154,"Azalea Place, Cebu City, Philippines",Cebu City,Condominium,10.3211522,123.89916570000004,2000000.0,68027.21088435374,11.127663064179583,5027.210884353743,29.4,0.0,1.0,0,0,847.7,4482.3,9665.2,8357.9,12656.1,12344.8,22172.9,8869.6,2565,1034,44.73,77.126,59.3729,4.2329,81.2257,7.2403,87.0722,164.9492,64.6349,63000.0,11.050905878263569,74000.0,0,7835157.0
3487,open_market,One Bedroom Unit at Azalea Place by Robinsons,"Azalea Place, Cebu City, Philippines",Cebu City,Condominium,10.3211522,123.89916570000004,3800000.0,126666.66666666669,11.749314243034458,63666.66666666667,30.0,1.0,1.0,0,0,847.7,4482.3,9665.2,8357.9,12656.1,12344.8,22172.9,8869.6,2565,1034,44.73,77.126,59.3729,4.2329,81.2257,7.2403,87.0722,164.9492,64.6349,63000.0,11.050905878263569,74000.0,0,7770871.0
3488,open_market,1 Bedroom Fully Furnished Azalea Place Gorordo Ave. Lahug Cebu City,"Azalea Place, Cebu City, Philippines",Cebu City,Condominium,10.3211522,123.89916570000004,4300000.0,143333.33333333334,11.872928199001635,80333.33333333334,30.0,0.0,1.0,0,0,847.7,4482.3,9665.2,8357.9,12656.1,12344.8,22172.9,8869.6,2565,1034,44.73,77.126,59.3729,4.2329,81.2257,7.2403,87.0722,164.9492,64.6349,63000.0,11.050905878263569,74000.0,0,7753014.0
3491,open_market,"Vista Residence’s ,,, Cebu City","Gorordo Avenue, Cebu City, Central Visayas, Philippines",Cebu City,Condominium,10.3213699,123.89896450000003,3800000.0,155102.04081632654,11.951838507145933,125102.04081632654,24.5,0.0,1.0,0,0,847.7,4482.3,9665.2,8357.9,12656.1,12344.8,22172.9,8895.5,2565,1034,44.73,77.126,59.3729,4.2329,81.2257,7.2403,87.0722,164.9492,64.6349,30000.0,10.308985993422082,57000.0,0,7053605.0
3493,open_market,2 bedroom condo for sale in woodcrest residences guadalupe cebu,woodcrest residences guadalupe cebu,Cebu City,Condominium,10.3216928,123.8803252,8446104.0,134065.14285714287,11.806081101529877,110365.14285714288,63.0,2.0,1.0,0,0,3602.5,7099.9,12421.6,7775.1,11752.4,15101.2,21269.2,10913.5,5121,3046,19.1632,10.0093,9.7192,1.6452,2.6661,5.5514,25.3699,9.2591,12.611,23700.0,10.073272520325904,29550.0,0,5076653.0
3496,open_market,Two Bedrooms For Sale Woodcrest Residence Guadalupe Cebu City,"Don Quijada St.,Guadalupe,Cebu City , Guadalupe, Cebu City, Cebu",Cebu City,Condominium,10.3217222,123.88043849999995,4800000.0,90566.03773584904,11.413834562325997,66866.03773584905,53.0,2.0,1.0,0,0,3602.5,7099.9,12421.6,7775.1,11752.4,15101.2,21269.2,10901.8,5121,3046,19.1632,10.0093,9.7192,1.6452,2.6661,5.5514,25.3699,9.2591,12.611,23700.0,10.073272520325904,29550.0,0,5337089.0
3497,open_market,Two Bedrooms For Sale furnished in Woodcrest Residence Guadalupe Cebu City,"Don Quijada St.,Guadalupe,Cebu City , Guadalupe, Cebu City, Cebu",Cebu City,Condominium,10.3217222,123.88043849999995,5500000.0,87301.58730158731,11.377123923811167,63601.58730158731,63.0,2.0,1.0,0,0,3602.5,7099.9,12421.6,7775.1,11752.4,15101.2,21269.2,10901.8,5121,3046,19.1632,10.0093,9.7192,1.6452,2.6661,5.5514,25.3699,9.2591,12.611,23700.0,10.073272520325904,29550.0,0,5287089.0
3498,open_market,2BR Woodcrest Guadalupe for SALE Cebu City,"Don Quijada St.,Guadalupe,Cebu City , Guadalupe, Cebu City, Cebu",Cebu City,Condominium,10.3217222,123.88043849999995,7800000.0,95705.52147239263,11.469031271413003,72005.52147239263,81.5,0.0,1.0,0,0,3602.5,7099.9,12421.6,7775.1,11752.4,15101.2,21269.2,10901.8,5121,3046,19.1632,10.0093,9.7192,1.6452,2.6661,5.5514,25.3699,9.2591,12.611,23700.0,10.073272520325904,29550.0,0,5122804.0
3499,open_market,STUDIO UNIT FOR SALE,"Larrazabal Avenue, North Reclamation, Canduman, Mandaue City, Cebu",Mandaue City,Condominium,10.321928,123.93474500000002,6800000.0,158841.39219808456,11.975661449989481,137691.39219808456,42.81,0.0,1.0,0,0,4237.4,3560.5,5103.0,10531.3,14829.5,8659.2,24346.3,5110.2,342,1255,16.0039,41.0025,23.44,7.281,25.3722,3.6076,16.9859,84.7265,26.9323,21150.0,9.959442464680574,41250.0,0,9625393.0
3500,open_market,3 Bedroom Unit in Padgett Place,"Padgett Place Condominium, Molave Street, Cebu City, Central Visayas, Philippines",Cebu City,Condominium,10.3219729,123.9003325,13000000.0,164556.96202531646,12.01101206295879,134556.96202531646,79.0,3.0,3.0,0,0,677.6,4312.2,9495.1,8305.9,12604.1,12174.6,22120.8,8760.6,2513,1227,35.3614,96.0815,66.2358,4.3079,107.613,5.7743,94.5552,213.0238,72.8448,30000.0,10.308985993422082,57000.0,0,7589255.0
3501,open_market,Padgett,"Padgett Place Condominium, Molave Street, Cebu City, Cebu, Philippines",Cebu City,Condominium,10.3220158,123.9003323,20000000.0,181818.18181818185,12.110762465725848,151818.18181818182,110.0,2.0,2.0,0,0,938.5,4366.7,9549.6,8669.8,12968.0,12229.1,22484.8,8761.5,2877,1195,29.2116,54.243,34.7912,2.8064,73.7052,4.2224,61.0713,111.5924,48.134,30000.0,10.308985993422082,57000.0,0,7264591.0
3502,open_market,condo for sale in luz cebu,luz cebu,Cebu City,Condominium,10.3220084,123.9073923,4800000.0,184615.38461538465,12.126029937856638,133365.38461538462,26.0,,,1,1,1010.0,3766.4,8585.6,8744.4,13042.6,11265.1,22559.4,8004.1,2083,519,33.4868,96.1066,52.8716,2.9768,130.6078,5.3619,73.7979,163.4818,77.1203,51250.0,10.844490409005417,206750.0,0,15689941.0
3503,open_market,condo for sale or rent in luz cebu,luz cebu,Cebu City,Condominium,10.3220084,123.9073923,6000000.0,224719.10112359552,12.322606461786126,173469.10112359552,26.7,,,1,1,1010.0,3766.4,8585.6,8744.4,13042.6,11265.1,22559.4,8004.1,2083,519,33.4868,96.1066,52.8716,2.9768,130.6078,5.3619,73.7979,163.4818,77.1203,51250.0,10.844490409005417,206750.0,0,15665941.0
3504,open_market,1 bedroom condo for sale in luz cebu,luz cebu,Cebu City,Condominium,10.3220084,123.9073923,8682444.0,177192.73469387754,12.084993315713685,125942.73469387754,49.0,1.0,1.0,0,0,1010.0,3766.4,8585.6,8744.4,13042.6,11265.1,22559.4,8004.1,2083,519,33.4868,96.1066,52.8716,2.9768,130.6078,5.3619,73.7979,163.4818,77.1203,51250.0,10.844490409005417,206750.0,0,15612292.0
3505,open_market,1 bedroom condo for sale in the residences at sheraton cebu mactan punta enga%C3%B1o cebu,the residences at sheraton cebu mactan punta engaño cebu,Lapu-Lapu City,Condominium,10.3219989,124.0350769,18000000.0,260869.5652173913,12.47177581126318,253869.5652173913,69.0,1.0,1.0,0,0,18744.8,16197.2,11937.8,25431.4,29729.6,18249.7,39246.3,6352.9,11807,3199,10.3714,4.0,0.0,0.064,11.8471,0.0,2.6918,4.0,8.6461,7000.0,8.853808274977197,13500.0,1,32936613.0
3506,open_market,1 bedroom condo for sale or rent in the residences at sheraton cebu mactan punta enga%C3%B1o cebu,the residences at sheraton cebu mactan punta engaño cebu,Lapu-Lapu City,Condominium,10.3219989,124.0350769,18800000.0,257534.2465753425,12.458907986651786,250534.2465753425,73.0,1.0,1.0,0,0,18744.8,16197.2,11937.8,25431.4,29729.6,18249.7,39246.3,6352.9,11807,3199,10.3714,4.0,0.0,0.064,11.8471,0.0,2.6918,4.0,8.6461,7000.0,8.853808274977197,13500.0,1,32923280.0
3507,open_market,1 bedroom condo for sale or rent in the residences at sheraton cebu mactan punta enga%C3%B1o cebu,the residences at sheraton cebu mactan punta engaño cebu,Lapu-Lapu City,Condominium,10.3219989,124.0350769,21900000.0,322058.82352941175,12.682489489610623,315058.82352941175,68.0,1.0,1.0,0,0,18744.8,16197.2,11937.8,25431.4,29729.6,18249.7,39246.3,6352.9,11807,3199,10.3714,4.0,0.0,0.064,11.8471,0.0,2.6918,4.0,8.6461,7000.0,8.853808274977197,13500.0,1,32871613.0
3508,open_market,Condominium for Sale,"East Aurora Tower, Cebu City, Cebu, Philippines",Cebu City,Condominium,10.3221308,123.9140347,6000000.0,66166.74018526687,11.099933201553,25566.74018526687,90.68,0.0,1.0,0,0,1495.7,3059.0,7601.7,9223.2,13521.4,10281.2,23038.1,7297.6,1876,539,17.6684,65.0275,28.6692,2.246,46.5025,2.4571,62.5059,81.0856,40.6558,40600.0,10.611547975828367,98860.0,0,9575079.0
3509,open_market,2 bedroom condo for sale in east aurora tower mabolo cebu,east aurora tower mabolo cebu,Cebu City,Condominium,10.3222044,123.9141321,5500000.0,98214.28571428572,11.494906959467551,57614.28571428571,56.0,2.0,2.0,0,0,1495.7,3059.0,7601.7,9223.2,13521.4,10281.2,23038.1,7289.1,1876,539,17.6684,65.0275,28.6692,2.246,46.5025,2.4571,62.5059,81.0856,40.6558,40600.0,10.611547975828367,98860.0,0,9598888.0
3511,open_market,"For Sale/Rent: Entire Apartment Complex in Pusok, Lapu-Lapu City!","Pusok, Lapu-Lapu City, Cebu, Philippines",Lapu-Lapu City,Condominium,10.3224282,123.9694938,35000000.0,16746.41148325359,9.72593927449483,10563.911483253589,2090.0,0.0,0.0,0,0,9434.5,6886.9,2551.5,16044.8,20343.1,8891.3,29859.8,1987.5,2459,0,5.8564,22.4863,15.5146,1.5283,30.895,7.6189,40.6142,37.8434,17.2343,6182.5,8.729639733182111,23000.0,1,6081450.0
3513,open_market,Mandani Bay Studio For Sale,"Mandani Bay Residences and Office Towers Cebu, F.E. Zuellig Avenue, Mandaue City, Cebu, Philippines",Mandaue City,Condominium,10.3226207,123.9384667,2000000.0,67226.89075630253,11.115828606532581,46076.89075630253,29.75,0.0,1.0,0,0,4902.9,3427.9,4602.4,11196.8,15495.0,8158.7,25011.8,4753.6,395,1123,18.6528,35.1211,30.4166,5.4162,44.3531,8.7238,21.3342,106.565,30.301,21150.0,9.959442464680574,41250.0,0,10321035.0
3514,open_market,2Bedroom Penthouse @Mandani Bay,"Mandani Bay Residences and Office Towers Cebu, F.E. Zuellig Avenue, Mandaue City, Cebu, Philippines",Mandaue City,Condominium,10.3226207,123.9384667,24000000.0,203148.8065007618,12.22169402643313,181998.8065007618,118.14,2.0,2.0,0,0,4902.9,3427.9,4602.4,11196.8,15495.0,8158.7,25011.8,4753.6,395,1123,18.6528,35.1211,30.4166,5.4162,44.3531,8.7238,21.3342,106.565,30.301,21150.0,9.959442464680574,41250.0,0,9587702.0
3515,open_market,Mandani Bay 3BR Suites with Parking,"Mandani Bay Residences and Office Towers Cebu, F.E. Zuellig Avenue, Mandaue City, Cebu, Philippines",Mandaue City,Condominium,10.3226207,123.9384667,25000000.0,232623.05759746907,12.357174643979413,211473.05759746907,107.47,0.0,3.0,0,0,4902.9,3427.9,4602.4,11196.8,15495.0,8158.7,25011.8,4753.6,395,1123,18.6528,35.1211,30.4166,5.4162,44.3531,8.7238,21.3342,106.565,30.301,21150.0,9.959442464680574,41250.0,0,9554369.0
3516,open_market,condo for sale in casa mira towers guadalupe guadalupe cebu,casa mira towers guadalupe guadalupe cebu,Cebu City,Condominium,10.3227815,123.8834987,3200000.0,160000.0,11.982929094215963,136300.0,20.0,,,1,1,3037.6,6535.0,11856.7,7421.2,11719.4,14536.2,21236.1,10589.4,4556,2482,27.0611,25.8178,35.9286,2.9109,5.8384,12.299,41.3062,19.5977,22.2996,23700.0,10.073272520325904,29550.0,0,4663463.0
3517,open_market,PRE-SELLING CONDOMINIUM IN GUADALUPE FOR SALE !!!,"Casa Mira Towers Guadalupe, Cebu City, Cebu, Philippines",Cebu City,Condominium,10.3228663,123.8835812,2892298.0,144614.9,11.88182962627515,120914.9,20.0,0.0,1.0,0,0,3037.6,6535.0,11856.7,7421.2,11719.4,14536.2,21236.1,10582.1,4556,2482,27.0611,25.8178,35.9286,2.9109,5.8384,12.299,41.3062,19.5977,22.2996,23700.0,10.073272520325904,29550.0,0,4678848.0
3518,open_market,1 bedroom condo for sale in amani grand resort residences pusok cebu,amani grand resort residences pusok cebu,Lapu-Lapu City,Condominium,10.3228536,123.9758723,4600000.0,171641.79104477612,12.053164973942513,165459.29104477612,26.8,1.0,,0,1,10693.9,8146.3,3843.8,17387.9,21686.1,10215.8,31202.8,1774.8,3756,520,6.6475,25.1709,24.7075,0.9009,5.9345,2.8031,30.5267,44.0182,12.9729,6182.5,8.729639733182111,23000.0,1,5363942.0
3519,open_market,1 bedroom condo for sale in amani grand resort residences pusok cebu,amani grand resort residences pusok cebu,Lapu-Lapu City,Condominium,10.3228536,123.9758723,6086569.0,156065.87179487178,11.958033452202411,149883.37179487178,39.0,1.0,1.0,0,0,10693.9,8146.3,3843.8,17387.9,21686.1,10215.8,31202.8,1774.8,3756,520,6.6475,25.1709,24.7075,0.9009,5.9345,2.8031,30.5267,44.0182,12.9729,6182.5,8.729639733182111,23000.0,1,5228799.0
3520,open_market,1 bedroom condo for sale in amani grand resort residences pusok cebu,amani grand resort residences pusok cebu,Lapu-Lapu City,Condominium,10.3228536,123.9758723,7500000.0,182038.8349514563,12.111975322151059,175856.3349514563,41.2,1.0,,0,1,10693.9,8146.3,3843.8,17387.9,21686.1,10215.8,31202.8,1774.8,3756,520,6.6475,25.1709,24.7075,0.9009,5.9345,2.8031,30.5267,44.0182,12.9729,6182.5,8.729639733182111,23000.0,1,5100306.0
3522,open_market,Balai by BE Residences Punta Engano: Studio Unit,"Punta Engaño, Lapu-Lapu City, Cebu, Philippines",Lapu-Lapu City,Condominium,10.3231321,124.0349024,3248000.0,154666.66666666666,11.949027542540282,147666.66666666666,21.0,0.0,1.0,0,0,18759.8,16212.2,11952.8,25446.4,29744.6,18264.7,39261.3,6368.4,11822,3214,10.5894,4.0,0.0,0.0635,11.5502,0.0,2.6502,4.0,8.6776,7000.0,8.853808274977197,13500.0,1,33182480.0
3524,open_market,Balai by BE Residences Punta Engano: Studio Deluxe,"Punta Engaño, Lapu-Lapu City, Cebu, Philippines",Lapu-Lapu City,Condominium,10.3231321,124.0349024,5115000.0,189444.44444444444,12.151851091363534,182444.44444444444,27.0,0.0,1.0,0,0,18759.8,16212.2,11952.8,25446.4,29744.6,18264.7,39261.3,6368.4,11822,3214,10.5894,4.0,0.0,0.0635,11.5502,0.0,2.6502,4.0,8.6776,7000.0,8.853808274977197,13500.0,1,33151363.0
3527,open_market,Lot 8 !Bedroom Condo Fully Furnished,"Lot 8 Condominium, P. Almendras Street, Cebu City, Central Visayas, Philippines",Cebu City,Condominium,10.3232144,123.91137490000006,2950000.0,118141.77012414898,11.679640624024321,88141.77012414898,24.97,1.0,1.0,0,0,1583.6,3011.4,8051.7,9387.5,13685.7,10731.2,23202.4,7608.5,2215,627,15.9279,48.5659,19.9622,1.9412,33.2725,1.9779,49.8066,60.0453,31.2615,30000.0,10.308985993422082,34500.0,0,13198408.0
3528,open_market,"Fully Furnished One Bedroom for Sale in Mabolo, Cebu","Lot 8 Condominium, P. Almendras Street, Cebu City, Central Visayas, Philippines",Cebu City,Condominium,10.3232144,123.91137490000006,3700000.0,127586.20689655172,11.75654754762798,97586.20689655172,29.0,1.0,1.0,0,0,1583.6,3011.4,8051.7,9387.5,13685.7,10731.2,23202.4,7608.5,2215,627,15.9279,48.5659,19.9622,1.9412,33.2725,1.9779,49.8066,60.0453,31.2615,30000.0,10.308985993422082,34500.0,0,13180967.0
3530,open_market,1 bedroom condo for sale in guadalupe cebu,guadalupe cebu,Cebu City,Condominium,10.3234205,123.8801952,2800000.0,107692.30769230767,11.58703343712395,83992.30769230769,26.0,1.0,1.0,0,0,3554.4,7051.8,12373.5,7938.0,12174.5,15053.0,21691.2,10957.6,5073,2998,16.622,12.4102,15.5363,1.713,3.338,6.4426,22.6441,12.6359,12.4526,23700.0,10.073272520325904,29550.0,0,5479947.0
3531,open_market,condo for sale in guadalupe cebu,guadalupe cebu,Cebu City,Condominium,10.3234205,123.8801952,3175000.0,158750.0,11.975085916754939,135050.0,20.0,,,1,1,3554.4,7051.8,12373.5,7938.0,12174.5,15053.0,21691.2,10957.6,5073,2998,16.622,12.4102,15.5363,1.713,3.338,6.4426,22.6441,12.6359,12.4526,23700.0,10.073272520325904,29550.0,0,5453161.0
3532,open_market,condo for sale in guadalupe cebu,guadalupe cebu,Cebu City,Condominium,10.3234205,123.8801952,3200000.0,160000.0,11.982929094215963,136300.0,20.0,,,1,1,3554.4,7051.8,12373.5,7938.0,12174.5,15053.0,21691.2,10957.6,5073,2998,16.622,12.4102,15.5363,1.713,3.338,6.4426,22.6441,12.6359,12.4526,23700.0,10.073272520325904,29550.0,0,5451375.0
3534,open_market,1 bedroom condo for sale in aruga resort and residences punta enga%C3%B1o cebu,aruga resort and residences punta engaño cebu,Lapu-Lapu City,Condominium,10.3234104,124.0373611,21500000.0,311594.2028985507,12.649456988500631,304594.2028985507,69.0,1.0,1.0,0,0,19020.4,16472.8,12213.3,25706.9,30005.1,18525.3,39521.8,6635.5,12083,3475,12.0,4.0,0.0,0.0559,7.5309,0.0,1.9925,1.992,8.4159,7000.0,8.853808274977197,13500.0,1,34993332.0
3535,open_market,1 bedroom condo for sale in aruga resort and residences punta enga%C3%B1o cebu,aruga resort and residences punta engaño cebu,Lapu-Lapu City,Condominium,10.3234104,124.0373611,22000000.0,318840.5797101449,12.672446506725331,311840.5797101449,69.0,1.0,1.0,0,0,19020.4,16472.8,12213.3,25706.9,30005.1,18525.3,39521.8,6635.5,12083,3475,12.0,4.0,0.0,0.0559,7.5309,0.0,1.9925,1.992,8.4159,7000.0,8.853808274977197,13500.0,1,34984241.0
3536,open_market,1 bedroom condo for sale in aruga resort and residences punta enga%C3%B1o cebu,aruga resort and residences punta engaño cebu,Lapu-Lapu City,Condominium,10.3234104,124.0373611,24442560.0,364814.32835820894,12.807143813708702,357814.32835820894,67.0,1.0,1.0,0,0,19020.4,16472.8,12213.3,25706.9,30005.1,18525.3,39521.8,6635.5,12083,3475,12.0,4.0,0.0,0.0559,7.5309,0.0,1.9925,1.992,8.4159,7000.0,8.853808274977197,13500.0,1,34939831.0
3539,open_market,1 bedroom condo for sale in looc cebu,looc cebu,Mandaue City,Condominium,10.3237619,123.9485215,3800000.0,140740.74074074073,11.854674758692285,130665.74074074072,27.0,1.0,1.0,0,0,6316.4,4133.9,3094.1,12638.8,16937.0,8268.5,26453.7,3808.6,845,532,12.5318,16.7062,9.3379,3.0143,21.143,3.0419,12.9166,28.5535,16.0591,10075.0,9.2179116374725,19000.0,0,
3542,open_market,1 bedroom condo for sale in vertex central lahug cebu,vertex central lahug cebu,Cebu City,Condominium,10.3239653,123.9059476,8800000.0,207058.82352941175,12.240758203518064,177058.82352941178,42.5,1.0,,0,1,958.5,3326.5,8985.3,8692.9,12991.1,11664.8,22507.8,8205.5,2519,241,39.6103,99.2616,59.2568,2.9252,140.9322,7.5656,72.38,275.2306,83.238,30000.0,10.308985993422082,57000.0,0,17011035.0
3543,open_market,1 bedroom condo for sale in vertex central lahug cebu,vertex central lahug cebu,Cebu City,Condominium,10.3239653,123.9059476,9730000.0,228403.7558685446,12.338870200886863,198403.7558685446,42.6,1.0,,0,1,958.5,3326.5,8985.3,8692.9,12991.1,11664.8,22507.8,8205.5,2519,241,39.6103,99.2616,59.2568,2.9252,140.9322,7.5656,72.38,275.2306,83.238,30000.0,10.308985993422082,57000.0,0,16988352.0
3544,open_market,condo for sale in meridian by avenir kasambagan cebu,meridian by avenir kasambagan cebu,Cebu City,Condominium,10.3241324,123.9098848,4800000.0,161616.1616161616,11.992979430069465,131616.1616161616,29.7,,,1,1,1498.4,3492.7,8599.8,9313.2,13611.4,11279.4,23128.2,7791.1,2140,160,30.1665,64.8357,39.1339,2.0057,76.7034,4.7767,45.9033,111.2458,52.8809,30000.0,10.308985993422082,34500.0,0,9754798.0
3545,open_market,1 bedroom condo for sale in meridian by avenir kasambagan cebu,meridian by avenir kasambagan cebu,Cebu City,Condominium,10.3241324,123.9098848,10590000.0,211800.0,12.263397712149443,181800.0,50.0,1.0,1.0,0,0,1498.4,3492.7,8599.8,9313.2,13611.4,11279.4,23128.2,7791.1,2140,160,30.1665,64.8357,39.1339,2.0057,76.7034,4.7767,45.9033,111.2458,52.8809,30000.0,10.308985993422082,34500.0,0,9610048.0
3546,open_market,3 bedroom condo for sale or rent in meridian by avenir kasambagan cebu,meridian by avenir kasambagan cebu,Cebu City,Condominium,10.3241324,123.9098848,16000000.0,207792.2077922078,12.244293858350371,177792.2077922078,77.0,3.0,1.0,0,0,1498.4,3492.7,8599.8,9313.2,13611.4,11279.4,23128.2,7791.1,2140,160,30.1665,64.8357,39.1339,2.0057,76.7034,4.7767,45.9033,111.2458,52.8809,30000.0,10.308985993422082,34500.0,0,9474798.0
3547,open_market,Spacious and well-lit 1 bedroom condo,"F. Cabahug Street, Cebu City, Cebu, Philippines",Cebu City,Condominium,10.3241604,123.9150873,5800000.0,100000.0,11.512925464970229,70000.0,58.0,1.0,2.0,0,0,1569.2,2755.2,7652.3,9373.1,13671.3,10331.8,23188.1,7241.0,2053,613,15.6293,60.6067,26.6835,2.1544,41.5028,2.0112,58.8173,85.7461,37.1092,30000.0,10.308985993422082,34500.0,0,4098716.0
3548,open_market,1 Bedroom Condo for Rent,"1039 Hernan Cortes St, Mandaue City, Cebu, Philippines",Mandaue City,Condominium,10.324237623468605,123.92253074795008,4500000.0,128571.42857142857,11.764239893251135,104996.42857142857,35.0,1.0,1.0,0,0,3094.7,2398.2,6525.2,9985.7,14283.9,9204.7,23800.7,6460.8,1238,389,7.9418,23.1812,22.224,3.8255,22.6653,0.5328,27.8832,25.788,16.5792,23575.0,10.06798452441753,68750.0,0,4266613.0
3553,open_market,1 bedroom condo for sale in tipolo cebu,tipolo cebu,Mandaue City,Condominium,10.324376,123.9331874,888853.0,23958.30188679245,10.08407017687941,2808.301886792451,37.1,1.0,,0,1,4378.8,3218.3,4889.1,10701.2,14999.4,8408.6,24516.1,5362.7,0,913,22.0107,51.4104,34.1551,9.126,30.728,7.4219,21.8776,147.7383,34.397,21150.0,9.959442464680574,41250.0,0,7943744.0
3554,open_market,Studio Unit Urban Deca Homes Tipolo Mandaue,"Tipolo, Mandaue City, Cebu, Philippines",Mandaue City,Condominium,10.324376,123.9331874,1500000.0,60000.0,11.002099841204238,38850.0,25.0,0.0,1.0,0,0,4378.8,3218.3,4889.1,10701.2,14999.4,8408.6,24516.1,5362.7,0,913,22.0107,51.4104,34.1551,9.126,30.728,7.4219,21.8776,147.7383,34.397,21150.0,9.959442464680574,41250.0,0,7892815.0
3555,open_market,https://www.dotproperty.com.ph/condo for sale in tipolo cebu,tipolo cebu,Mandaue City,Condominium,10.324376,123.9331874,3217000.0,146227.27272727274,11.892917352862847,125077.27272727274,22.0,,,1,1,4378.8,3218.3,4889.1,10701.2,14999.4,8408.6,24516.1,5362.7,0,913,22.0107,51.4104,34.1551,9.126,30.728,7.4219,21.8776,147.7383,34.397,21150.0,9.959442464680574,41250.0,0,7749732.0
3559,open_market,Penthouse midrise condo near UP LAHUG and PAREF,"CORABES Tower, 19Diamond St, Cebu City, Cebu, Philippines",Cebu City,Condominium,10.3246196,123.9019298,15000000.0,137931.0344827586,11.83450908909769,107931.0344827586,108.75,3.0,2.0,0,0,1117.0,4545.2,9728.1,8848.4,13146.6,12407.6,22663.3,8650.1,3055,1067,28.5753,38.445,24.8655,2.3783,50.6144,4.5175,46.8249,57.1086,37.2731,30000.0,10.308985993422082,57000.0,0,8891571.0
3560,open_market,2 bedroom condo for sale in asia premier residences cebu it park cebu,asia premier residences cebu it park cebu,Cebu City,Condominium,10.3246603,123.9087066,12632000.0,132968.42105263157,11.797866943317073,102968.42105263156,95.0,2.0,2.0,0,0,1338.3,3332.6,8439.7,9153.1,13451.3,11119.3,22968.1,7930.4,1980,0,38.086,89.5066,52.4083,2.2911,108.8482,7.3115,63.4939,187.8738,72.0685,30000.0,10.308985993422082,34500.0,0,10108551.0
3561,open_market,3 bedroom condo for sale in asia premier residences cebu it park cebu,asia premier residences cebu it park cebu,Cebu City,Condominium,10.3246603,123.9087066,18300000.0,174285.7142857143,12.068451267654126,144285.7142857143,105.0,3.0,3.0,0,0,1338.3,3332.6,8439.7,9153.1,13451.3,11119.3,22968.1,7930.4,1980,0,38.086,89.5066,52.4083,2.2911,108.8482,7.3115,63.4939,187.8738,72.0685,30000.0,10.308985993422082,34500.0,0,9963218.0
3563,open_market,KING PROPERTIES,"Golam Drive, Cebu City, Cebu, Philippines",Cebu City,Condominium,10.3249188,123.9098453,6119536.0,126410.57632720513,11.747290430669189,96410.57632720513,48.41,0.0,1.0,0,0,1498.4,3492.7,8599.8,9313.2,13611.4,11279.4,23128.2,7816.9,2140,160,30.1665,64.8357,39.1339,2.0057,76.7034,4.7767,45.9033,111.2458,52.8809,30000.0,10.308985993422082,34500.0,0,10191223.0
3564,open_market,Avenir Studio Unit for sale,"Avenir, Waterfront Drive, Cebu City, Central Visayas, Philippines",Cebu City,Condominium,10.3251157,123.90661420000004,3400000.0,134920.6349206349,11.812441995069012,104920.63492063493,25.2,0.0,1.0,0,0,1193.6,3091.7,8766.4,8928.0,13226.2,11445.9,22743.0,8164.8,2300,22,42.4834,110.3721,72.698,2.527,144.1079,8.9231,69.4264,295.0255,89.0604,30000.0,10.308985993422082,57000.0,0,14850537.0
3565,open_market,Avenir Condominium,"Avenir, Waterfront Drive, Cebu City, Central Visayas, Philippines",Cebu City,Condominium,10.3251157,123.90661420000004,4300000.0,195454.54545454544,12.183083127305474,165454.54545454544,22.0,0.0,0.0,0,0,1193.6,3091.7,8766.4,8928.0,13226.2,11445.9,22743.0,8164.8,2300,22,42.4834,110.3721,72.698,2.527,144.1079,8.9231,69.4264,295.0255,89.0604,30000.0,10.308985993422082,57000.0,0,14833870.0
3566,open_market,AVENIR SOHO FOR SALE,"Avenir, Waterfront Drive, Cebu City, Central Visayas, Philippines",Cebu City,Condominium,10.3251157,123.90661420000004,5500000.0,215686.27450980392,12.281580198038318,185686.27450980392,25.5,0.0,1.0,0,0,1193.6,3091.7,8766.4,8928.0,13226.2,11445.9,22743.0,8164.8,2300,22,42.4834,110.3721,72.698,2.527,144.1079,8.9231,69.4264,295.0255,89.0604,30000.0,10.308985993422082,57000.0,0,14811648.0
3567,open_market,1 bedroom condo for sale in ipi center by rockwell kasambagan cebu,ipi center by rockwell kasambagan cebu,Cebu City,Condominium,10.3250801,123.9082222,11108295.0,336615.0,12.726695123025786,306615.0,33.0,1.0,1.0,0,0,1255.1,3066.7,8705.7,8989.5,13287.7,11385.2,22804.5,7993.3,2246,0,42.711,110.2208,73.3915,2.4433,142.5785,9.0337,68.8453,295.6561,88.7704,30000.0,10.308985993422082,34500.0,0,13997267.0
3568,open_market,condo for sale in ipi center by rockwell kasambagan cebu,ipi center by rockwell kasambagan cebu,Cebu City,Condominium,10.3250801,123.9082222,11665500.0,353500.0,12.775638764318764,323500.0,33.0,,,1,1,1255.1,3066.7,8705.7,8989.5,13287.7,11385.2,22804.5,7993.3,2246,0,42.711,110.2208,73.3915,2.4433,142.5785,9.0337,68.8453,295.6561,88.7704,30000.0,10.308985993422082,34500.0,0,13986552.0
3569,open_market,1 bedroom condo for sale in ipi center by rockwell kasambagan cebu,ipi center by rockwell kasambagan cebu,Cebu City,Condominium,10.3250801,123.9082222,17000000.0,293103.4482758621,12.58828089147407,263103.4482758621,58.0,1.0,1.0,0,0,1255.1,3066.7,8705.7,8989.5,13287.7,11385.2,22804.5,7993.3,2246,0,42.711,110.2208,73.3915,2.4433,142.5785,9.0337,68.8453,295.6561,88.7704,30000.0,10.308985993422082,34500.0,0,13883965.0
3572,open_market,Grand Residences,"Grand Residences, Gov. M. Cuenco Avenue, Cebu City, Cebu, Philippines",Cebu City,Condominium,10.3252971,123.91088119999996,500000.0,20000.0,9.903487552536127,-10000.0,25.0,0.0,1.0,0,0,1808.5,3107.2,8147.7,9612.4,13910.6,10827.2,23427.4,7718.2,2422,852,11.8892,31.7754,11.6367,1.7249,24.5131,0.8748,39.4476,48.1574,21.7189,30000.0,10.308985993422082,34500.0,0,16907433.0
3573,open_market,Grand Residences North Tower A,"Grand Residences, Gov. M. Cuenco Avenue, Cebu City, Cebu, Philippines",Cebu City,Condominium,10.3252971,123.91088119999996,2593187.0,103727.48,11.549522354290998,73727.48,25.0,0.0,1.0,0,0,1808.5,3107.2,8147.7,9612.4,13910.6,10827.2,23427.4,7718.2,2422,852,11.8892,31.7754,11.6367,1.7249,24.5131,0.8748,39.4476,48.1574,21.7189,30000.0,10.308985993422082,34500.0,0,16859860.0
3574,open_market,"Chic interior, fully furnished condo for sale","Grand Residences, Gov. M. Cuenco Avenue, Cebu City, Cebu, Philippines",Cebu City,Condominium,10.3252971,123.91088119999996,2800000.0,127272.72727272728,11.754087521787117,97272.72727272728,22.0,0.0,1.0,0,0,1808.5,3107.2,8147.7,9612.4,13910.6,10827.2,23427.4,7718.2,2422,852,11.8892,31.7754,11.6367,1.7249,24.5131,0.8748,39.4476,48.1574,21.7189,30000.0,10.308985993422082,34500.0,0,16855160.0
3576,open_market,Fully Furnished 1 Bedroom for sale in Grand Residences,"Grand Residences Cebu, Pres. Roxas Street, Cebu City, Cebu, Philippines",Cebu City,Condominium,10.3253852,123.9107848,4900000.0,128947.36842105264,11.76715960335447,98947.36842105264,38.0,1.0,1.0,0,0,1808.5,3107.2,8147.7,9612.4,13910.6,10827.2,23427.4,7730.9,2422,852,11.8892,31.7754,11.6367,1.7249,24.5131,0.8748,39.4476,48.1574,21.7189,30000.0,10.308985993422082,34500.0,0,17333977.0
3579,open_market,condo for sale or rent in subangdaku cebu,subangdaku cebu,Mandaue City,Condominium,10.3256989,123.9220336,2500000.0,125000.0,11.736069016284437,101425.0,20.0,,,1,1,2719.7,2224.0,7121.1,10523.6,14821.8,9800.6,24338.5,6562.0,1834,985,5.5088,17.7909,22.3164,2.0245,18.1022,0.2902,30.8195,43.7429,12.619,23575.0,10.06798452441753,68750.0,0,4366613.0
3580,open_market,1 bedroom condo for sale in subangdaku cebu,subangdaku cebu,Mandaue City,Condominium,10.3256989,123.9220336,4000000.0,125000.0,11.736069016284437,101425.0,32.0,1.0,1.0,0,0,2719.7,2224.0,7121.1,10523.6,14821.8,9800.6,24338.5,6562.0,1834,985,5.5088,17.7909,22.3164,2.0245,18.1022,0.2902,30.8195,43.7429,12.619,23575.0,10.06798452441753,68750.0,0,4291613.0
3581,open_market,1 bedroom condo for sale in subangdaku cebu,subangdaku cebu,Mandaue City,Condominium,10.3256989,123.9220336,4186434.0,190292.45454545456,12.156317402185243,166717.45454545456,22.0,1.0,1.0,0,0,2719.7,2224.0,7121.1,10523.6,14821.8,9800.6,24338.5,6562.0,1834,985,5.5088,17.7909,22.3164,2.0245,18.1022,0.2902,30.8195,43.7429,12.619,23575.0,10.06798452441753,68750.0,0,4282291.0
3585,open_market,1 bedroom condo for sale in azalea place camputhaw cebu,"Gorordo Avenue, Lahug, Cebu CityFloor area: 32 sqm Condo mium name: Azalea Place Developer: Robinsons ResidencesPrice: 4.2M net to sellerPls contact: Claire Lorraine Co, REA, REBPRC 22843, valid until 2024DHSUD CVRFO-B-12/19-1719AIPO # 372 Claire Lorraine Co Verified seller Call",Cebu City,Condominium,10.325893,123.8980618,4200000.0,131250.0,11.78485918045387,101250.0,32.0,1.0,1.0,0,0,1294.1,4640.6,9969.3,8804.3,13102.5,12648.8,22619.3,9094.3,3011,587,41.1383,53.1685,35.6357,2.5965,45.4371,8.7305,56.8146,76.5072,46.819,30000.0,10.308985993422082,57000.0,0,10271356.0
3586,open_market,RUSH SALE: 2 FULLY-FURNISHED STUDIO UNITS,"Grand Residences Cebu, Pres. Roxas Street, Cebu City, Cebu, Philippines",Cebu City,Condominium,10.3258903,123.9109471,3500000.0,152173.91304347827,11.932779310530492,122173.91304347829,23.0,0.0,1.0,0,0,1808.5,3107.2,8147.7,9612.4,13910.6,10827.2,23427.4,7728.7,2422,852,11.8892,31.7754,11.6367,1.7249,24.5131,0.8748,39.4476,48.1574,21.7189,30000.0,10.308985993422082,34500.0,0,17122140.0
3588,open_market,1 bedroom condo for sale in royal oceancrest mactan basak cebu,"Sudtunggan Road, Brgy. Basak,... PH/PRO Realty Verified seller Call",Mandaue City,Condominium,10.3262298,123.9333438,3485189.0,116172.96666666666,11.662835451468759,95022.96666666666,30.0,1.0,1.0,0,0,4395.8,2736.6,4934.7,11098.6,15396.8,8057.8,24913.5,5423.8,236,432,23.2831,58.0199,44.6205,4.9105,31.4951,7.4412,34.8105,186.4103,37.4163,21150.0,9.959442464680574,41250.0,0,3561439.0
3590,open_market,condo for sale in centro cebu,Highway... PH Pro Realty Verified seller Call,Mandaue City,Condominium,10.3262298,123.9333438,7272000.0,202000.0,12.216022976383341,180850.0,36.0,,,1,1,4395.8,2736.6,4934.7,11098.6,15396.8,8057.8,24913.5,5423.8,236,432,23.2831,58.0199,44.6205,4.9105,31.4951,7.4412,34.8105,186.4103,37.4163,21150.0,9.959442464680574,41250.0,0,3308985.0
3591,open_market,"Rockwell Mactan 1 Bedroom Condo for Sale in Punta Engaño, Lapu-lapu City","Punta Engano Road, Punta Engaño, Lapu-lapu City, Cebu, 6015, Philippines",Lapu-Lapu City,Condominium,10.326183059632363,124.0354299545288,23000000.0,333333.3333333333,12.716898269296165,326333.3333333333,69.0,1.0,1.0,0,0,19961.7,17414.1,13154.7,26648.2,30946.4,19466.6,40463.2,6525.6,13024,4416,4.8691,0.6923,0.0,0.0,0.984,0.0,1.0108,0.0,2.6338,7000.0,8.853808274977197,13500.0,1,35844665.0
3592,open_market,â—â—FULLY FURNISHED STUDIO UNIT â—â—,"BLOQ Residence, F. Cabahug Street, Cebu City, Philippines",Cebu City,Condominium,10.326324,123.919933,1500000.0,75000.0,11.225243392518447,45000.0,20.0,0.0,1.0,0,0,2217.0,2107.5,7004.6,10020.9,14319.1,9684.1,23835.8,6802.0,1718,869,9.3912,32.4872,31.5196,2.5692,29.7873,0.3303,45.993,71.0548,22.0187,30000.0,10.308985993422082,34500.0,0,4507295.0
3593,open_market,1 bedroom condo for sale in centro cebu,centro cebu,Mandaue City,Condominium,10.3263146,123.9422488,2000000.0,90909.09090909093,11.417615285165903,75909.09090909091,22.0,1.0,1.0,0,0,5392.9,3107.9,3924.1,11721.3,16019.5,7422.6,25536.2,4547.3,173,789,40.207,59.2622,60.0537,10.0902,68.2171,12.9276,29.9443,90.5417,53.5622,15000.0,9.61587214452889,27500.0,0,3213600.0
3594,open_market,condo for sale in centro cebu,centro cebu,Mandaue City,Condominium,10.3263146,123.9422488,3100000.0,154228.85572139302,11.946192854390345,139228.85572139302,20.1,,,1,1,5392.9,3107.9,3924.1,11721.3,16019.5,7422.6,25536.2,4547.3,173,789,40.207,59.2622,60.0537,10.0902,68.2171,12.9276,29.9443,90.5417,53.5622,15000.0,9.61587214452889,27500.0,0,2993600.0
3595,open_market,condo for sale in centro cebu,centro cebu,Mandaue City,Condominium,10.3263146,123.9422488,3180000.0,158208.9552238806,11.97167193969133,143208.9552238806,20.1,,,1,1,5392.9,3107.9,3924.1,11721.3,16019.5,7422.6,25536.2,4547.3,173,789,40.207,59.2622,60.0537,10.0902,68.2171,12.9276,29.9443,90.5417,53.5622,15000.0,9.61587214452889,27500.0,0,2977600.0
3599,open_market,THE MEDIAN – Studio Unit For Sale near I.T Park,"The Median, La Guardia Ext., Cebu City, Cebu, Philippines",Cebu City,Condominium,10.327069,123.9017721,3200000.0,177777.77777777778,12.08828960987379,147777.77777777778,18.0,0.0,1.0,0,0,2043.4,3643.4,9558.9,9777.8,14076.0,12238.4,23592.8,8731.8,3098,204,36.2503,55.6034,33.8182,1.4586,67.1063,6.2747,37.978,159.7509,50.2846,30000.0,10.308985993422082,57000.0,0,10528342.0
3601,open_market,"For Sale: 2BR Condo in Kasambagan, Cebu City — 36.20 sqm","Pres. Magsaysay Street, Kasambagan, Cebu City, Cebu, 6000, Philippines",Cebu City,Condominium,10.3272741874314,123.91499072313307,6825000.0,188535.91160220993,12.147043780203573,158535.91160220993,36.2,2.0,1.0,0,0,2012.3,2535.9,7666.1,9816.2,14114.4,10345.6,23631.2,7348.9,2379,1056,10.8612,30.633,14.7672,1.8485,23.3088,0.2623,39.818,66.1467,20.5979,30000.0,10.308985993422082,34500.0,0,4473828.0
3602,open_market,condo for sale in hq cebu exchange tower lahug cebu,"Cebu Exchange, Salinas Drive, Cebu CityOwn a premium commercial space in Cebu Exchange, one of the Philippines’ most iconic and sustainable business developments.Perfectly positioned near Cebu I.T. Park, Cebu Exchange stands as a symbol of innovation... PH Pro Realty Verified seller Call",Cebu City,Condominium,10.3274883,123.9050662,75000000.0,249169.43521594684,12.425888406751708,219169.43521594684,301.0,,,1,1,1615.2,3218.1,9130.7,9349.6,13647.8,11810.2,23164.5,8396.1,2670,0,48.0699,99.6792,65.6359,1.9286,131.7468,8.9204,55.9747,302.9235,85.1244,30000.0,10.308985993422082,57000.0,0,12995296.0
3603,open_market,"Furnished Studio Unit at ASIA PREMIERE RESIDENCES in IT Park, Cebu City","IT Park, Apas, Cebu City, Cebu, Philippines",Cebu City,Condominium,10.32750655949138,123.90691581481931,4500000.0,160714.2857142857,11.987383444565344,130714.28571428572,28.0,0.0,1.0,0,0,1759.8,3053.0,9275.3,9494.2,13792.4,11818.8,23309.2,8202.0,2815,334,23.4337,78.6444,53.7112,1.7778,102.2323,8.7825,41.3087,249.3026,60.3028,30000.0,10.308985993422082,57000.0,0,18796608.0
3604,open_market,FOR SALE 2BR WITH PARKING IN SENTINEL,"The Sentinel Condominium, Cebu City, Cebu, Philippines",Cebu City,Condominium,10.3274521,123.9088143,12000000.0,105263.15789473684,11.564218759357779,75263.15789473684,114.0,2.0,3.0,0,0,1425.5,2859.8,8928.3,9159.9,13458.1,11607.8,22974.8,8000.8,2469,173,37.4126,99.0869,64.7369,2.2316,134.3848,10.2633,58.9341,274.4229,80.7418,30000.0,10.308985993422082,34500.0,0,20755549.0
3605,open_market,For Sale Studio Unit in Grand Residences,"Grand Residences, Gov. M. Cuenco Avenue, Cebu City, Cebu, Philippines",Cebu City,Condominium,10.327617,123.9085601,2500000.0,104166.66666666669,11.553747459490484,74166.66666666667,24.0,0.0,1.0,0,0,1425.5,2859.8,8928.3,9159.9,13458.1,11607.8,22974.8,8032.6,2469,173,37.4126,99.0869,64.7369,2.2316,134.3848,10.2633,58.9341,274.4229,80.7418,30000.0,10.308985993422082,34500.0,0,20675375.0
3606,open_market,1 bedroom condo for sale in one oasis cebu kasambagan cebu,one oasis cebu kasambagan cebu,Cebu City,Condominium,10.3278187,123.915987,4500000.0,128571.42857142857,11.764239893251135,98571.42857142857,35.0,1.0,1.0,0,0,2226.4,2298.6,7428.8,10030.3,14328.5,10108.3,23845.2,7264.0,2142,1270,10.2124,26.0029,19.5348,1.8981,16.6354,0.2682,33.4223,65.8188,17.229,30000.0,10.308985993422082,34500.0,0,4744369.0
3607,open_market,2 bedroom condo for sale in one oasis cebu kasambagan cebu,one oasis cebu kasambagan cebu,Cebu City,Condominium,10.3278187,123.915987,4900000.0,153125.0,11.939009860281129,123125.0,32.0,2.0,1.0,0,0,2226.4,2298.6,7428.8,10030.3,14328.5,10108.3,23845.2,7264.0,2142,1270,10.2124,26.0029,19.5348,1.8981,16.6354,0.2682,33.4223,65.8188,17.229,30000.0,10.308985993422082,34500.0,0,4711035.0
3608,open_market,2 Bedroom Condo Unit for sale,"One Oasis Cebu, Pres. Magsaysay Street, Cebu City, Cebu, Philippines",Cebu City,Condominium,10.3278187,123.915987,5000000.0,91575.09157509156,11.424914587647516,61575.091575091574,54.6,2.0,1.0,0,0,2226.4,2298.6,7428.8,10030.3,14328.5,10108.3,23845.2,7264.0,2142,1270,10.2124,26.0029,19.5348,1.8981,16.6354,0.2682,33.4223,65.8188,17.229,30000.0,10.308985993422082,34500.0,0,4702702.0
3609,open_market,One Oasis Condo Studio Unit For Sale,"One Oasis Mabolo, Pres. Magsaysay Street, Cebu City, Philippines",Cebu City,Condominium,10.3279162,123.91555140000004,2950000.0,133726.20126926564,11.803549714490646,103726.20126926564,22.06,0.0,1.0,0,0,2226.4,2298.6,7428.8,10030.3,14328.5,10108.3,23845.2,7312.6,2142,1270,10.2124,26.0029,19.5348,1.8981,16.6354,0.2682,33.4223,65.8188,17.229,30000.0,10.308985993422082,34500.0,0,4820173.0
3610,open_market,ONE BEDROOM SEMI-FURNISHED,"One Oasis Mabolo, Pres. Magsaysay Street, Cebu City, Philippines",Cebu City,Condominium,10.3279162,123.91555140000004,3500000.0,94594.5945945946,11.457355613815418,64594.5945945946,37.0,0.0,1.0,0,0,2226.4,2298.6,7428.8,10030.3,14328.5,10108.3,23845.2,7312.6,2142,1270,10.2124,26.0029,19.5348,1.8981,16.6354,0.2682,33.4223,65.8188,17.229,30000.0,10.308985993422082,34500.0,0,4780887.0
3611,open_market,CCT 107-51402,"One Oasis Mabolo, Pres. Magsaysay Street, Cebu City, Philippines",Cebu City,Condominium,10.3279162,123.91555140000004,4000000.0,166666.66666666666,12.02375108873622,136666.66666666666,24.0,0.0,1.0,0,0,2226.4,2298.6,7428.8,10030.3,14328.5,10108.3,23845.2,7312.6,2142,1270,10.2124,26.0029,19.5348,1.8981,16.6354,0.2682,33.4223,65.8188,17.229,30000.0,10.308985993422082,34500.0,0,4745173.0
3612,open_market,Super Bargain Sale Fully Furnished Studio Condo in Bamboo Bay,"Bamboo Bay Community, Hernan Cortes Street, Mandaue City, Cebu, Philippines",Mandaue City,Condominium,10.3278715,123.9206938,2400000.0,109090.90909090907,11.599936841959858,85515.90909090909,22.0,0.0,1.0,0,0,2706.1,1830.6,6906.7,10367.3,14665.5,9586.2,24182.2,6779.4,1620,771,8.4093,23.9121,26.1546,2.6058,24.0819,0.4672,37.4582,50.8083,17.3548,23575.0,10.06798452441753,68750.0,0,4330107.0
3615,open_market,STUDIO UNIT FOR SALE AT ASIA PREMIER IT PARK CEBU CITY,"IT Park, Apas, Cebu City, Cebu, Philippines",Cebu City,Condominium,10.3280132,123.906315,4800000.0,165517.24137931035,12.016830645891645,135517.24137931035,29.0,0.0,1.0,0,0,1600.9,2880.1,9116.4,9335.3,13633.5,11645.9,23150.3,8280.7,2656,162,34.4074,100.6106,63.6873,1.9933,132.408,9.7603,55.197,305.0997,79.4853,30000.0,10.308985993422082,57000.0,0,19440211.0
3617,open_market,BAMBOO BAY STUDIO CONDO,"Bamboo Bay Community, Hernan Cortes Street, Mandaue City, Cebu, Philippines",Mandaue City,Condominium,10.3279532,123.9206594,3600000.0,133333.33333333334,11.80060753742201,109758.33333333334,27.0,0.0,1.0,0,0,2706.1,1830.6,6906.7,10367.3,14665.5,9586.2,24182.2,6786.0,1620,771,8.4093,23.9121,26.1546,2.6058,24.0819,0.4672,37.4582,50.8083,17.3548,23575.0,10.06798452441753,68750.0,0,4272964.0
3618,open_market,Deca Homes Tipolo,"Urban Deca Homes Tipolo Building 1, Mount Manunggal Street, Tipolo, Mandaue City, Cebu, Philippines",Mandaue City,Condominium,10.3280471,123.929144,1810000.0,72400.0,11.189961578373808,51250.0,25.0,0.0,1.0,0,0,3654.1,2441.8,5475.3,10362.6,14660.8,8154.8,24177.6,5925.7,1079,58,15.8706,32.5744,33.2498,3.476,18.7131,3.1459,32.1449,42.6622,22.4866,21150.0,9.959442464680574,41250.0,0,3099335.0
3619,open_market,2BR Condo for Sale in 88th Avenue Cebu City with Parking,"88th Avenue, Gov. M. Cuenco Avenue, Cebu City, Cebu, Philippines",Cebu City,Condominium,10.3280898,123.9090325,12000000.0,105263.15789473684,11.564218759357779,75263.15789473684,114.0,2.0,1.0,0,0,1556.5,2728.5,9043.9,9290.9,13589.1,11494.2,23105.9,7998.2,2584,289,31.9123,98.0859,62.5329,2.0731,128.0009,8.6752,54.9308,272.9409,76.5206,30000.0,10.308985993422082,34500.0,0,20375531.0
3620,open_market,FOR SALE 1BR UNIT WITH PARKING??,"K & S Athecor Building, Highway, Tipalo, Mandaue City, Cebu, 8WHH+7W3, Mandaue City, Cebu, Philippines",Mandaue City,Condominium,10.3281109,123.929772,4500000.0,180000.0,12.100712129872347,158850.0,25.0,1.0,1.0,0,0,3748.0,2232.8,5266.3,10456.5,14754.7,7945.8,24271.4,5865.3,870,0,22.4851,42.3101,40.5737,3.5143,20.8452,5.4235,36.8937,78.0924,29.2755,21150.0,9.959442464680574,41250.0,0,3265212.0
3623,open_market,Urban Deca Tipolo Studio Unit for Sale,"Urban Deca Homes Tipolo Bldg 15, Urban Deca Homes, Tipolo, Mandaue City, Cebu, Philippines",Mandaue City,Condominium,10.3283848,123.9292413,1700000.0,65384.61538461538,11.088042271004962,44234.61538461538,26.0,0.0,1.0,0,0,3702.2,2489.9,5523.4,10410.7,14708.9,8202.9,24225.7,5930.7,1127,106,14.189,29.7376,30.8972,3.229,17.0883,2.8603,30.7563,25.2935,20.3955,21150.0,9.959442464680574,41250.0,0,3107192.0
3624,open_market,Mandtra Tower 3-Modern Tropical Condo,"Tipolo Mandaue City, Tipolo, Mandaue City, Cebu, Philippines",Mandaue City,Condominium,10.3283877,123.9305153,3500000.0,100000.0,11.512925464970229,78850.0,35.0,1.0,0.0,0,0,3748.0,2232.8,5266.3,10456.5,14754.7,7945.8,24271.4,5803.2,870,0,22.4851,42.3101,40.5737,3.5143,20.8452,5.4235,36.8937,78.0924,29.2755,21150.0,9.959442464680574,41250.0,0,3335775.0
3625,open_market,1 bedroom condo for sale in calyx centre cebu it park cebu,calyx centre cebu it park cebu,Cebu City,Condominium,10.3285217,123.9055346,11900000.0,170243.2045779685,12.044983308841994,140243.2045779685,69.9,1.0,,0,1,1719.1,2998.3,9234.6,9453.5,13751.7,11764.1,23268.5,8378.6,2774,223,33.0939,95.5752,59.3893,1.8712,128.7696,10.091,52.3326,303.1763,76.3533,30000.0,10.308985993422082,57000.0,0,17754105.0
3626,open_market,2 bedroom condo for sale in calyx centre cebu it park cebu,calyx centre cebu it park cebu,Cebu City,Condominium,10.3285217,123.9055346,17778000.0,170942.3076923077,12.049081396642384,140942.3076923077,104.0,2.0,2.0,0,0,1719.1,2998.3,9234.6,9453.5,13751.7,11764.1,23268.5,8378.6,2774,223,33.0939,95.5752,59.3893,1.8712,128.7696,10.091,52.3326,303.1763,76.3533,30000.0,10.308985993422082,57000.0,0,17695325.0
3627,open_market,3 bedroom condo for sale in calyx centre cebu it park cebu,calyx centre cebu it park cebu,Cebu City,Condominium,10.3285217,123.9055346,18000000.0,171755.7251908397,12.053828543973497,141755.7251908397,104.8,3.0,,0,1,1719.1,2998.3,9234.6,9453.5,13751.7,11764.1,23268.5,8378.6,2774,223,33.0939,95.5752,59.3893,1.8712,128.7696,10.091,52.3326,303.1763,76.3533,30000.0,10.308985993422082,57000.0,0,17693105.0
3628,open_market,For Sale studio unit with Balcony at One Oasis condominium Mabolo,"056 Pres. Magsaysay St, Cebu City, 6000 Cebu, Philippines",Cebu City,Condominium,10.328516709549271,123.91665268689393,3500000.0,140000.0,11.84939770159144,110000.0,25.0,0.0,1.0,0,0,2241.5,2313.8,7443.9,10045.4,14343.6,10123.5,23860.4,7220.1,2157,1285,10.0863,25.4638,18.8853,1.8769,16.0431,0.264,32.2568,63.0064,16.8552,30000.0,10.308985993422082,34500.0,0,4213727.0
3629,open_market,Tuscania Condominium 1BR,"Tuscania Condominium, V Rama Avenue, Cebu City, Cebu, Philippines",Cebu City,Condominium,10.3285832,123.8830722,5000000.0,104166.66666666669,11.553747459490484,80466.66666666667,48.0,1.0,1.0,0,0,3828.5,7229.2,12647.6,8212.1,12510.3,15327.1,22027.1,10759.4,5347,3176,9.8309,15.3058,17.3799,1.3794,2.4796,3.1464,11.0147,13.2135,10.2254,23700.0,10.073272520325904,29550.0,0,10800000.0
3630,open_market,FURNISHED STUDIO for SALE,"Calyx Center, West Geonzon Street, Cebu City, Central Visayas, Philippines",Cebu City,Condominium,10.3286423,123.90536980000002,4800000.0,165517.24137931035,12.016830645891645,135517.24137931035,29.0,0.0,1.0,0,0,1719.1,2998.3,9234.6,9453.5,13751.7,11764.1,23268.5,8399.6,2774,223,33.0939,95.5752,59.3893,1.8712,128.7696,10.091,52.3326,303.1763,76.3533,30000.0,10.308985993422082,57000.0,0,17659739.0
3631,open_market,For Sale Calyx Centre IT Park (Studio Unit),"Calyx Center, West Geonzon Street, Cebu City, Central Visayas, Philippines",Cebu City,Condominium,10.3286423,123.90536980000002,5500000.0,203703.7037037037,12.22442178419837,173703.7037037037,27.0,0.0,1.0,0,0,1719.1,2998.3,9234.6,9453.5,13751.7,11764.1,23268.5,8399.6,2774,223,33.0939,95.5752,59.3893,1.8712,128.7696,10.091,52.3326,303.1763,76.3533,30000.0,10.308985993422082,57000.0,0,17652523.0
3632,open_market,FOR SALE 1 BEDROOM CONDO IN CALYX CENTRE IT PARK,"Calyx Center, West Geonzon Street, Cebu City, Central Visayas, Philippines",Cebu City,Condominium,10.3286423,123.90536980000002,8500000.0,163461.53846153847,12.004333002879118,133461.53846153847,52.0,0.0,1.0,0,0,1719.1,2998.3,9234.6,9453.5,13751.7,11764.1,23268.5,8399.6,2774,223,33.0939,95.5752,59.3893,1.8712,128.7696,10.091,52.3326,303.1763,76.3533,30000.0,10.308985993422082,57000.0,0,17621595.0
3633,open_market,Urban Deca Home in Tipolo Mandaue,"Tipolo, Mandaue City, Cebu, Philippines",Mandaue City,Condominium,10.3286455,123.9306138,1600000.0,64000.0,11.06663836234181,42850.0,25.0,0.0,1.0,0,0,3793.1,2187.6,5242.8,10501.7,14799.9,7900.6,24316.6,5805.1,847,0,23.7857,43.6971,42.1357,3.5111,19.9663,5.9227,37.0593,81.7508,30.1403,21150.0,9.959442464680574,41250.0,0,3488289.0
3639,open_market,La Guardia Flats 2 Studio FOR SALE,"La Guardia Flats II, Salinas Drive, Cebu City, Central Visayas, Philippines",Cebu City,Condominium,10.3291959,123.9039851,2400000.0,109090.90909090907,11.599936841959858,79090.90909090909,22.0,0.0,1.0,0,0,2043.2,3643.2,9558.7,9777.6,14075.8,12238.2,23592.5,8562.4,3098,204,36.2609,55.6249,33.8344,1.4588,67.7361,6.2782,40.7201,161.0096,50.4366,30000.0,10.308985993422082,57000.0,0,12837902.0
3640,open_market,La Guardia Flats Studio Unit For Sale,"La Guardia Flats II, Salinas Drive, Cebu City, Central Visayas, Philippines",Cebu City,Condominium,10.3291959,123.9039851,2500000.0,113636.36363636365,11.640758836480114,83636.36363636363,22.0,0.0,1.0,0,0,2043.2,3643.2,9558.7,9777.6,14075.8,12238.2,23592.5,8562.4,3098,204,36.2609,55.6249,33.8344,1.4588,67.7361,6.2782,40.7201,161.0096,50.4366,30000.0,10.308985993422082,57000.0,0,12836340.0
3641,open_market,Fully Furnished Studio Unit La Guardia Flats 2,"La Guardia Flats II, Salinas Drive, Cebu City, Central Visayas, Philippines",Cebu City,Condominium,10.3291959,123.9039851,2700000.0,100000.0,11.512925464970229,70000.0,27.0,0.0,1.0,0,0,2043.2,3643.2,9558.7,9777.6,14075.8,12238.2,23592.5,8562.4,3098,204,36.2609,55.6249,33.8344,1.4588,67.7361,6.2782,40.7201,161.0096,50.4366,30000.0,10.308985993422082,57000.0,0,12833215.0
3642,open_market,1 bedroom condo for sale in kasambagan cebu,"Gov. Cuenco Ave. corner Bauhinia Drive, Brgy. Kasambagan, Cebu CityUnit Details:Studio TypeToilet & BathLiving, Dining & Kitchen AreaFloor Area : 35.33 sq.mUnit Price: Php10,975,000.00Closing Fee: 300,000.00Net Price: Unit and Parking Slot:... Jennive O. Revilla Verified seller Call",Cebu City,Condominium,10.3292277,123.909183,11956000.0,338696.8838526913,12.732860838446715,308696.8838526913,35.3,1.0,,0,1,1642.1,2642.9,9129.5,9376.5,13674.7,11408.7,23191.4,8020.2,2670,375,27.5711,91.8565,57.4323,1.9845,110.9683,7.4158,50.7886,251.7634,68.6497,30000.0,10.308985993422082,57000.0,0,17480233.0
3643,open_market,1 bedroom condo for sale in shang bauhinia residences kasambagan cebu,shang bauhinia residences kasambagan cebu,Cebu City,Condominium,10.3292112,123.9096029,7900000.0,223796.03399433428,12.318490353498,193796.03399433428,35.3,1.0,,0,1,1671.4,2672.2,9158.8,9405.8,13704.0,11438.0,23220.7,7975.9,2699,404,26.1271,87.8159,54.7982,1.9431,104.8438,7.1547,49.0727,242.4513,65.2506,30000.0,10.308985993422082,34500.0,0,17304201.0
3644,open_market,1 bedroom condo for sale in shang bauhinia residences kasambagan cebu,shang bauhinia residences kasambagan cebu,Cebu City,Condominium,10.3292112,123.9096029,7977777.0,225999.34844192636,12.32828739524994,195999.34844192636,35.3,1.0,,0,1,1671.4,2672.2,9158.8,9405.8,13704.0,11438.0,23220.7,7975.9,2699,404,26.1271,87.8159,54.7982,1.9431,104.8438,7.1547,49.0727,242.4513,65.2506,30000.0,10.308985993422082,34500.0,0,17303382.0
3645,open_market,1 bedroom condo for sale in shang bauhinia residences kasambagan cebu,shang bauhinia residences kasambagan cebu,Cebu City,Condominium,10.3292112,123.9096029,7985419.0,226215.835694051,12.32924484770292,196215.835694051,35.3,1.0,,0,1,1671.4,2672.2,9158.8,9405.8,13704.0,11438.0,23220.7,7975.9,2699,404,26.1271,87.8159,54.7982,1.9431,104.8438,7.1547,49.0727,242.4513,65.2506,30000.0,10.308985993422082,34500.0,0,17303302.0
3646,open_market,2 bedroom condo for sale in mabolo cebu,"One Oasis, Mabolo, Cebu Floor Area: 36 SqMBedroom: 2Bathroom: 1Furnishing: Fully FurnishedFeatures:-2 spacious and cozy bedrooms with built-in cabinets-Fully furnished with quality furniture and appliances-Bright and airy living area with comfortable seating-Dining area with 4-seater table-Well-equipped kitchen with refrigerator, microwave, and cabinets-Clean... Cebu Grand Realty Verified seller Call",Cebu City,Condominium,10.3293801,123.9150238,8000000.0,222222.22222222225,12.311433161188,192222.22222222225,36.0,2.0,1.0,0,0,2517.4,2389.9,7520.1,10321.2,14619.4,10199.6,24136.2,7420.0,2233,1384,7.9687,16.2629,13.9462,1.6997,9.714,0.0,22.2425,40.992,11.3292,30000.0,10.308985993422082,34500.0,0,4356340.0
3647,open_market,Studio unit in Lahug for Sale,"Salinas Drive, Cebu City, Cebu, Philippines",Cebu City,Condominium,10.3298259,123.9008716,1600000.0,80000.0,11.289781913656018,50000.0,20.0,0.0,1.0,0,0,2108.6,3708.6,9624.0,9736.3,14034.5,12303.6,23551.3,8908.8,3164,0,44.4421,68.5908,42.9519,1.5231,68.5107,8.8635,51.9648,180.897,58.7389,30000.0,10.308985993422082,57000.0,0,6938156.0
3648,open_market,1 bedroom condo for sale in cebu it park cebu,cebu it park cebu,Cebu City,Condominium,10.3298721,123.9081332,2000000.0,80000.0,11.289781913656018,50000.0,25.0,1.0,1.0,0,0,1695.6,2750.4,9183.0,9430.0,13728.2,11516.1,23245.0,8151.5,2724,399,27.4454,94.4719,58.7716,1.943,122.9179,9.0528,51.3707,280.3989,72.1487,30000.0,10.308985993422082,57000.0,0,17247119.0
3649,open_market,condo for sale in cebu it park cebu,cebu it park cebu,Cebu City,Condominium,10.3298721,123.9081332,2800000.0,127272.72727272728,11.754087521787117,97272.72727272728,22.0,,,1,1,1695.6,2750.4,9183.0,9430.0,13728.2,11516.1,23245.0,8151.5,2724,399,27.4454,94.4719,58.7716,1.943,122.9179,9.0528,51.3707,280.3989,72.1487,30000.0,10.308985993422082,57000.0,0,17238872.0
3650,open_market,1 bedroom condo for sale in cebu it park cebu,cebu it park cebu,Cebu City,Condominium,10.3298721,123.9081332,3100000.0,135964.91228070174,11.820152133494979,105964.91228070174,22.8,1.0,,0,1,1695.6,2750.4,9183.0,9430.0,13728.2,11516.1,23245.0,8151.5,2724,399,27.4454,94.4719,58.7716,1.943,122.9179,9.0528,51.3707,280.3989,72.1487,30000.0,10.308985993422082,57000.0,0,17235779.0
3651,open_market,Condo for sale Studio with balcony,"Deca Homes Tipolo Building 15, Tipolo, Mandaue City, Cebu, Philippines",Mandaue City,Condominium,10.3300164,123.9285001,1900000.0,76000.0,11.238488619268468,54850.0,25.0,0.0,1.0,0,0,3980.5,1728.3,7253.2,11641.7,15939.9,9870.2,25456.6,6078.7,2857,2010,3.5137,5.6607,3.7565,1.0392,6.3786,0.5401,10.5082,5.2327,4.9396,21150.0,9.959442464680574,41250.0,0,3149513.0
3652,open_market,condo for sale in amisa private residences punta enga%C3%B1o cebu,amisa private residences punta engaño cebu,Lapu-Lapu City,Condominium,10.3300305,124.0401611,3400000.0,80952.38095238095,11.301616371303021,73952.38095238095,42.0,,,1,1,20548.9,18001.3,13741.8,27235.4,31533.6,20053.8,41050.4,7157.6,13611,5003,1.5023,0.3124,0.0,0.0,4.0,0.0,4.2229,0.0,1.6673,7000.0,8.853808274977197,13500.0,1,9237976.0
3653,open_market,condo for sale in amisa private residences punta enga%C3%B1o cebu,amisa private residences punta engaño cebu,Lapu-Lapu City,Condominium,10.3300305,124.0401611,3500000.0,87500.0,11.379394072345706,80500.0,40.0,,,1,1,20548.9,18001.3,13741.8,27235.4,31533.6,20053.8,41050.4,7157.6,13611,5003,1.5023,0.3124,0.0,0.0,4.0,0.0,4.2229,0.0,1.6673,7000.0,8.853808274977197,13500.0,1,9235119.0
3654,open_market,2 bedroom condo for sale in amisa private residences punta enga%C3%B1o cebu,amisa private residences punta engaño cebu,Lapu-Lapu City,Condominium,10.3300305,124.0401611,4900000.0,80327.86885245901,11.293871898907543,73327.86885245901,61.0,2.0,2.0,0,0,20548.9,18001.3,13741.8,27235.4,31533.6,20053.8,41050.4,7157.6,13611,5003,1.5023,0.3124,0.0,0.0,4.0,0.0,4.2229,0.0,1.6673,7000.0,8.853808274977197,13500.0,1,9195119.0
3656,open_market,Condominium for Sale,"AmiSa Private Residences, Punta Enga?o Road, Lapu-Lapu City, Cebu, Philippines",Lapu-Lapu City,Condominium,10.3300563,124.040132,7800000.0,140540.54054054053,11.853251270907432,133540.54054054053,55.5,2.0,1.0,0,0,20548.9,18001.3,13741.8,27235.4,31533.6,20053.8,41050.4,7155.7,13611,5003,1.5023,0.3124,0.0,0.0,4.0,0.0,4.2229,0.0,1.6673,7000.0,8.853808274977197,13500.0,1,9112262.0
3657,open_market,1BR for Sale in Avida Tower Cebu IT Park,"Cebu IT Park, Cebu City, Cebu, Philippines",Cebu City,Condominium,10.3304499,123.9073923,5500000.0,157142.85714285713,11.964910588713286,127142.85714285712,35.0,1.0,1.0,0,0,1818.8,2765.8,9306.2,9553.2,13851.4,11531.6,23368.2,8248.5,2847,390,26.0583,93.3086,54.9984,1.847,121.5706,9.2677,51.7289,292.0739,70.8282,30000.0,10.308985993422082,57000.0,0,17053035.0
3658,open_market,Avida Riala T2,"IT PARK, Apas, Cebu City, Cebu, Philippines",Cebu City,Condominium,10.3304499,123.9073923,8500000.0,149122.80701754385,11.912525453625994,119122.80701754383,57.0,2.0,1.0,0,0,1818.8,2765.8,9306.2,9553.2,13851.4,11531.6,23368.2,8248.5,2847,390,26.0583,93.3086,54.9984,1.847,121.5706,9.2677,51.7289,292.0739,70.8282,30000.0,10.308985993422082,57000.0,0,17023623.0
3660,open_market,RUSH SALE 1 BEDROOM CONDO AT ASIA PREMIER RESIDENCES,"JM Del Mar Avenue Bus Stop (Pigscreen), Jose Maria del Mar Street, Apas, Cebu City, Cebu, Philippines",Cebu City,Condominium,10.3305279,123.9084705,8800000.0,167268.58011784832,12.027356063705719,137268.58011784832,52.61,1.0,1.0,0,0,1820.5,2875.2,9307.9,9554.9,13853.1,11641.0,23369.9,8139.4,2849,524,21.5129,79.4393,51.4652,1.7804,106.0456,8.3525,41.739,250.1906,60.5649,30000.0,10.308985993422082,57000.0,0,17190984.0
3661,open_market,1 bedroom condo for sale in kasambagan cebu,kasambagan cebu,Cebu City,Condominium,10.330474,123.912273,3000000.0,136363.63636363635,11.823080393274068,106363.63636363635,22.0,1.0,1.0,0,0,2005.6,2807.3,9455.0,9740.0,14038.2,11573.1,23555.0,7744.2,3034,738,14.0638,47.1607,22.727,1.5962,44.8604,3.1692,34.1643,113.2154,32.516,30000.0,10.308985993422082,34500.0,0,18631881.0
3662,open_market,1 bedroom condo for sale in kasambagan cebu,kasambagan cebu,Cebu City,Condominium,10.330474,123.912273,3500000.0,159090.9090909091,11.977231073101326,129090.90909090907,22.0,1.0,1.0,0,0,2005.6,2807.3,9455.0,9740.0,14038.2,11573.1,23555.0,7744.2,3034,738,14.0638,47.1607,22.727,1.5962,44.8604,3.1692,34.1643,113.2154,32.516,30000.0,10.308985993422082,34500.0,0,18622265.0
3663,open_market,1 bedroom condo for sale in kasambagan cebu,kasambagan cebu,Cebu City,Condominium,10.330474,123.912273,4000000.0,173913.04347826086,12.066310703155015,143913.04347826086,23.0,1.0,1.0,0,0,2005.6,2807.3,9455.0,9740.0,14038.2,11573.1,23555.0,7744.2,3034,738,14.0638,47.1607,22.727,1.5962,44.8604,3.1692,34.1643,113.2154,32.516,30000.0,10.308985993422082,34500.0,0,18612650.0
3664,open_market,ONE OASIS CEBU – 2 BEDROOM UNIT FOR SALE,"Mabolo, Cebu City, Cebu, 6000, Philippines",Cebu City,Condominium,10.330560217721366,123.90942308936664,7500000.0,206043.95604395604,12.235844803863843,177243.95604395604,36.4,2.0,1.0,0,0,1741.6,2543.3,9191.0,9476.0,13774.2,11309.1,23291.0,8041.8,2770,474,24.8805,84.9463,47.9322,1.9081,91.8031,6.2303,47.0629,220.7777,60.8083,28800.0,10.268165387743457,37300.0,0,17481484.0
3665,open_market,5 bedroom condo for sale in cebu it park cebu,"• Walking distance to Ayala Malls Central Bloc• Near business hubs, restaurants &... PH/PRO Realty Verified seller Call",Cebu City,Condominium,10.3306811,123.9073198,142398000.0,330236.5491651206,12.707564492304911,300236.5491651206,431.2,5.0,,0,1,1818.8,2765.8,9306.2,9553.2,13851.4,11531.6,23368.2,8264.1,2847,390,26.0583,93.3086,54.9984,1.847,121.5706,9.2677,51.7289,292.0739,70.8282,30000.0,10.308985993422082,57000.0,0,15710898.0
3666,open_market,2 bedroom condo for sale in be residences lahug lahug cebu,be residences lahug lahug cebu,Cebu City,Condominium,10.3309437,123.9032266,15476000.0,225269.2867540029,12.325051795574238,195269.2867540029,68.7,2.0,,0,1,2053.3,3653.3,9568.7,9787.7,14085.9,12248.3,23602.6,8698.9,3108,214,35.7729,54.3802,33.0861,1.4499,66.5935,6.1196,40.0433,158.5846,49.5354,30000.0,10.308985993422082,57000.0,0,12884955.0
3667,open_market,2 bedroom condo for sale in be residences lahug lahug cebu,be residences lahug lahug cebu,Cebu City,Condominium,10.3309437,123.9032266,22000000.0,212150.43394406943,12.265050896087109,182150.43394406943,103.7,2.0,,0,1,2053.3,3653.3,9568.7,9787.7,14085.9,12248.3,23602.6,8698.9,3108,214,35.7729,54.3802,33.0861,1.4499,66.5935,6.1196,40.0433,158.5846,49.5354,30000.0,10.308985993422082,57000.0,0,12784586.0
3668,open_market,Condominium for Sle,"La Guardia Street, Lahug, Cebu City, Cebu, Philippines",Cebu City,Condominium,10.330884,123.9038555,2000000.0,100000.0,11.512925464970229,70000.0,20.0,0.0,0.0,0,0,2093.7,3693.7,9609.2,9828.1,14126.3,12288.7,23643.1,8631.4,3149,254,33.0395,50.509,30.122,1.4152,61.9991,5.5452,38.0906,146.0367,45.958,30000.0,10.308985993422082,57000.0,0,12933286.0
3669,open_market,condo for sale in guizo cebu,guizo cebu,Mandaue City,Condominium,10.331012,123.9366687,3627351.0,180465.223880597,12.103293372711237,167715.223880597,20.1,,,1,1,4525.9,2092.4,4555.2,11234.5,15532.7,7361.5,25049.4,5334.0,711,171,36.2556,67.277,62.0528,4.1705,36.5307,4.578,49.9069,91.134,47.5267,12750.0,9.453364978883542,26500.0,0,3483140.0
3670,open_market,condo for sale in guizo cebu,guizo cebu,Mandaue City,Condominium,10.331012,123.9366687,3743247.0,164177.5,12.008703438596653,151427.5,22.8,,,1,1,4525.9,2092.4,4555.2,11234.5,15532.7,7361.5,25049.4,5334.0,711,171,36.2556,67.277,62.0528,4.1705,36.5307,4.578,49.9069,91.134,47.5267,12750.0,9.453364978883542,26500.0,0,3472604.0
3672,open_market,Be Residence's,"BE Residences Lahug, St Lawrence St, Cebu City, Cebu, Philippines",Cebu City,Condominium,10.3310859,123.9030272,3181000.0,79525.0,11.283826716617344,49525.0,40.0,1.0,1.0,0,0,2058.7,3658.7,9574.2,9793.1,14091.3,12253.7,23608.1,8724.5,3114,219,35.5174,53.8583,32.6935,1.4452,65.5491,6.0364,39.8616,154.3333,49.0093,30000.0,10.308985993422082,57000.0,0,13571836.0
3673,open_market,1 BR in Horizons 101,"Unit 4 Oprra , Lahug (POB.) , 6000 Cebu City , Cebu, Cebu City, 6000 Cebu, Philippines",Cebu City,Condominium,10.3311683,123.8895588,6000000.0,171428.57142857142,12.051921965702915,141428.57142857142,35.0,1.0,1.0,0,0,2924.2,5526.2,11441.7,8982.6,13280.8,14121.2,22797.6,10140.3,4641,1473,17.1818,4.9451,8.5104,1.4808,7.4174,3.1563,19.4469,1.2483,11.033,30000.0,10.308985993422082,57000.0,0,
3674,open_market,Be Residences,"St Lawrence St, Cebu City, Cebu, Philippines",Cebu City,Condominium,10.3312228,123.9023983,4188000.0,170938.77551020408,12.049060733421884,140938.77551020408,24.5,0.0,1.0,0,0,2271.9,3871.9,9787.4,10006.3,14304.5,12466.9,23821.3,8794.7,3327,432,25.4832,36.7175,20.882,1.2,44.8642,3.5959,31.8186,84.4874,34.0184,30000.0,10.308985993422082,57000.0,0,8109332.0
3675,open_market,condo for sale in lahug cebu,"St. Lawrence, St. Apas, Cebu CityAvailable Units:Studio Type1-BR Condo 2-BR Condo 🚗 Prime Location: 20 mins to SM Seaside Cebu 25 mins to Mactan- Cebu International Airport40 mins to Lantaw Floating Restaurant🏢 World-Class Amenities:Sky... PH/PRO Realty Verified seller Call",Cebu City,Condominium,10.3312228,123.9023983,5900000.0,197986.57718120803,12.195954515364589,167986.57718120803,29.8,,,1,1,2271.9,3871.9,9787.4,10006.3,14304.5,12466.9,23821.3,8794.7,3327,432,25.4832,36.7175,20.882,1.2,44.8642,3.5959,31.8186,84.4874,34.0184,30000.0,10.308985993422082,57000.0,0,8074393.0
3676,open_market,condo for sale in lahug cebu,"BE Residences Lahug, Cebu CityFloor... PH Pro Realty Verified seller Call",Cebu City,Condominium,10.3312225,123.9023972,6300000.0,203225.8064516129,12.222072986876615,173225.8064516129,31.0,,,1,1,2271.9,3871.9,9787.4,10006.3,14304.5,12466.9,23821.3,8794.8,3327,432,25.4832,36.7175,20.882,1.2,44.8642,3.5959,31.8186,84.4874,34.0184,30000.0,10.308985993422082,57000.0,0,8066230.0
3677,open_market,condo for sale in avida towers riala cebu it park cebu,"Avida Riala Tower 1, Cebu IT ParkFloor Area:... Atari Real Estate Brokerage Verified seller Call",Cebu City,Condominium,10.331172,123.9084931,3700000.0,163716.81415929203,12.005893471336213,134916.81415929203,22.6,,,1,1,1933.3,2512.6,9160.3,9667.7,13965.9,11278.4,23482.7,8160.1,2961,529,21.8845,94.2503,51.7765,1.845,108.6861,8.794,51.3081,265.5901,66.427,28800.0,10.268165387743457,37300.0,0,17370006.0
3678,open_market,AVIDA RIALA 2BR FOR SALE!,"IT Park, IT Park, Apas, Cebu City, Cebu, Philippines",Cebu City,Condominium,10.331256,123.907662,9500000.0,166666.66666666666,12.02375108873622,136666.66666666666,57.0,2.0,1.0,0,0,1916.9,2542.7,9190.4,9651.3,13949.5,11308.5,23466.2,8249.1,2945,499,22.2258,94.0584,52.149,1.8445,111.9737,9.2167,51.3271,269.4879,67.2433,30000.0,10.308985993422082,57000.0,0,16996806.0
3679,open_market,qwe,"Sanson Road, Cebu City, Cebu, Philippines",Cebu City,Condominium,10.3314565,123.89671520000002,2321313.0,18872.463414634145,9.84545917645761,-11127.536585365857,123.0,0.0,123.0,0,0,2086.4,4287.4,10202.9,9596.6,13894.9,12882.4,23411.6,9396.3,3742,234,30.0075,47.2923,29.2215,1.4435,27.9784,7.1389,39.4073,73.3363,35.9404,30000.0,10.308985993422082,57000.0,0,11379400.0
3680,open_market,Semi Furnished Studio Unit at 32 Sanson by Rockwell Lahug Cebu City for Sale,"Sanson Road, Cebu City, Cebu, Philippines",Cebu City,Condominium,10.3314565,123.89671520000002,7000000.0,212121.21212121213,12.264913145553107,182121.21212121213,33.0,0.0,0.0,0,0,2086.4,4287.4,10202.9,9596.6,13894.9,12882.4,23411.6,9396.3,3742,234,30.0075,47.2923,29.2215,1.4435,27.9784,7.1389,39.4073,73.3363,35.9404,30000.0,10.308985993422082,57000.0,0,11233191.0
3681,open_market,32 SANSON RFO STUDIO UNIT FOR SALE,"Sanson Road, Cebu City, Cebu, Philippines",Cebu City,Condominium,10.3314565,123.89671520000002,7300000.0,221212.1212121212,12.30687734465214,191212.1212121212,33.0,0.0,1.0,0,0,2086.4,4287.4,10202.9,9596.6,13894.9,12882.4,23411.6,9396.3,3742,234,30.0075,47.2923,29.2215,1.4435,27.9784,7.1389,39.4073,73.3363,35.9404,30000.0,10.308985993422082,57000.0,0,11223816.0
3682,open_market,condo for sale in 38 park avenue cebu it park cebu,38 park avenue cebu it park cebu,Cebu City,Condominium,10.3317087,123.9085141,5800000.0,59979.31747673216,11.0017550730574,31179.31747673216,96.7,,,1,1,1972.3,2473.7,9121.3,9706.7,14004.9,11239.4,23521.7,8177.7,3000,568,21.4321,93.9238,50.4077,1.8374,106.3289,8.3559,51.1615,252.8358,65.5889,28800.0,10.268165387743457,37300.0,0,17500802.0
3683,open_market,1 bedroom condo for sale in 38 park avenue cebu it park cebu,38 park avenue cebu it park cebu,Cebu City,Condominium,10.3317087,123.9085141,7607520.0,319643.6974789916,12.674962209056932,290843.6974789916,23.8,1.0,,0,1,1972.3,2473.7,9121.3,9706.7,14004.9,11239.4,23521.7,8177.7,3000,568,21.4321,93.9238,50.4077,1.8374,106.3289,8.3559,51.1615,252.8358,65.5889,28800.0,10.268165387743457,37300.0,0,17480262.0
3684,open_market,2 bedroom condo for sale in 38 park avenue cebu it park cebu,"38 Park Avenue, Cebu IT... PH Pro Realty Verified seller Call",Cebu City,Condominium,10.3317087,123.9085141,23999999.0,230769.22115384616,12.34917344750418,201969.22115384616,104.0,2.0,2.0,0,0,1972.3,2473.7,9121.3,9706.7,14004.9,11239.4,23521.7,8177.7,3000,568,21.4321,93.9238,50.4077,1.8374,106.3289,8.3559,51.1615,252.8358,65.5889,28800.0,10.268165387743457,37300.0,0,17293984.0
3686,open_market,For Sale! Ready for Occupancy Studio Units at The Median!,"La Guardia Extension, Cebu City, Cebu, Philippines",Cebu City,Condominium,10.3317776,123.9034343,3250000.0,153085.2567121997,11.938750278590755,123085.25671219973,21.23,0.0,1.0,0,0,2234.9,3834.9,9750.4,9969.3,14267.5,12429.9,23784.3,8705.9,3290,395,26.5339,39.2671,22.7203,1.2259,46.5983,3.8673,31.0862,97.2195,35.7526,30000.0,10.308985993422082,57000.0,0,12394538.0
3687,open_market,1BR Condo FOR SALE AT MIDPOINT RESIDENCES ??,"Mandaue, Cebu, Philippines",Mandaue City,Condominium,10.3321417,123.9357136,2500000.0,96936.79720822025,11.481814469945176,84186.79720822025,25.79,1.0,1.0,0,0,4453.5,1921.2,4726.4,11162.0,15460.2,7242.5,24976.9,5487.4,883,0,38.8352,73.0898,65.57,3.7085,30.9607,3.7906,52.2513,88.3502,49.4486,12750.0,9.453364978883542,26500.0,0,5682261.0
3691,open_market,For Sale: Furnished Studio Unit at Avida Cebu,"Avida Towers Cebu, I. Villa Street, Apas, Cebu City, Cebu, Philippines",Cebu City,Condominium,10.3324209,123.9063404,5000000.0,250000.0,12.429216196844383,221200.0,20.0,0.0,1.0,0,0,2160.7,2763.8,9411.4,9895.1,14193.3,11529.6,23710.0,8428.2,3189,570,19.5371,77.875,43.7639,1.6583,96.7603,7.5691,43.969,223.0694,57.0808,28800.0,10.268165387743457,37300.0,0,16448731.0
3692,open_market,For Sale 1 Bedroom in Avida Towers Cebu w/ Parking,"Avida Towers Cebu, I. Villa Street, Apas, Cebu City, Cebu, Philippines",Cebu City,Condominium,10.3324209,123.9063404,7200000.0,205714.2857142857,12.23424352249687,176914.2857142857,35.0,1.0,1.0,0,0,2160.7,2763.8,9411.4,9895.1,14193.3,11529.6,23710.0,8428.2,3189,570,19.5371,77.875,43.7639,1.6583,96.7603,7.5691,43.969,223.0694,57.0808,28800.0,10.268165387743457,37300.0,0,16426509.0
3693,open_market,Avida tower 2 for resell,"Avida Towers Cebu, I. Villa Street, Apas, Cebu City, Cebu, Philippines",Cebu City,Condominium,10.3323642,123.9064686,3700000.0,168181.81818181818,12.032800924256136,139381.81818181818,22.0,0.0,1.0,0,0,2160.7,2763.8,9411.4,9895.1,14193.3,11529.6,23710.0,8412.9,3189,570,19.5371,77.875,43.7639,1.6583,96.7603,7.5691,43.969,223.0694,57.0808,28800.0,10.268165387743457,37300.0,0,16336510.0
3694,open_market,Mandtra Tower 3- Modern Tropical Condo,"P. Basubas Street, Tipolo, Mandaue City, Cebu, Philippines",Mandaue City,Condominium,10.3323517,123.928017,3500000.0,100000.0,11.512925464970229,78850.0,35.0,1.0,1.0,0,0,4071.3,1652.4,5778.0,11036.9,15335.1,8435.8,24851.8,6238.8,1382,535,14.4945,18.3925,18.818,2.0527,11.8735,4.7251,22.6741,8.27,15.4604,21150.0,9.959442464680574,41250.0,0,2708889.0
3695,open_market,"For Sale: Studio Condo in Lahug, Cebu City — 22.8 sqm","Cebu IT Park, Lahug,, Lahug, Cebu City, Cebu, 6000, Philippines",Cebu City,Condominium,10.3326229,123.90598520000005,3000000.0,131578.94736842104,11.78736231067199,102778.94736842104,22.8,0.0,1.0,0,0,2230.3,2833.3,9481.0,9964.6,14262.8,11599.1,23779.6,8472.4,3258,638,16.8034,70.6898,39.2915,1.5775,86.5662,7.0552,39.8888,199.4954,51.1168,28800.0,10.268165387743457,37300.0,0,13906490.0
3696,open_market,Avida Riala tower 3,"Cebu IT Park, Lahug, Cebu City, Cebu",Cebu City,Condominium,10.3326229,123.90598520000005,3200000.0,139130.4347826087,11.843167151840806,110330.4347826087,23.0,0.0,1.0,0,0,2230.3,2833.3,9481.0,9964.6,14262.8,11599.1,23779.6,8472.4,3258,638,16.8034,70.6898,39.2915,1.5775,86.5662,7.0552,39.8888,199.4954,51.1168,28800.0,10.268165387743457,37300.0,0,13904243.0
3697,open_market,For Sale Avida Riala Studio,"Cebu IT Park, Lahug, Cebu City, Cebu",Cebu City,Condominium,10.3326229,123.90598520000005,3200000.0,128000.0,11.759785542901755,99200.0,25.0,0.0,1.0,0,0,2230.3,2833.3,9481.0,9964.6,14262.8,11599.1,23779.6,8472.4,3258,638,16.8034,70.6898,39.2915,1.5775,86.5662,7.0552,39.8888,199.4954,51.1168,28800.0,10.268165387743457,37300.0,0,13904243.0
3698,open_market,38Park Avenue Studio,"38 Park Avenue, Apas, Cebu City, Cebu, Philippines",Cebu City,Condominium,10.3325896,123.90747420000002,3750000.0,156250.0,11.959212567598648,127450.0,24.0,0.0,1.0,0,0,2416.0,2917.3,9565.0,10150.4,14448.6,11683.1,23965.3,8317.7,3444,828,14.2329,52.6036,28.1066,1.5252,70.8139,6.6578,34.3965,144.7708,40.231,28800.0,10.268165387743457,37300.0,0,18270203.0
3699,open_market,"RUSH SALE! SAVE Php 1 Million! Ready to Occupy Condominium, 38 Park Avenue Studio Unit (24sqm) at Php4.3M cash, Current price of a Studio Unit now is Php5.3M. Located in Cebu IT Park! PM me now!","38 Park Avenue, Apas, Cebu City, Cebu, Philippines",Cebu City,Condominium,10.3325896,123.90747420000002,4300000.0,179166.66666666666,12.096071750315845,150366.66666666666,24.0,0.0,1.0,0,0,2416.0,2917.3,9565.0,10150.4,14448.6,11683.1,23965.3,8317.7,3444,828,14.2329,52.6036,28.1066,1.5252,70.8139,6.6578,34.3965,144.7708,40.231,28800.0,10.268165387743457,37300.0,0,18263576.0
3700,open_market,Luxurious 38 Park Avenue studio unit at Cebu I.T. Park,"38 Park Avenue, Apas, Cebu City, Cebu, Philippines",Cebu City,Condominium,10.3325896,123.90747420000002,4385088.0,179129.41176470587,12.095863794357978,150329.41176470587,24.48,0.0,1.0,0,0,2416.0,2917.3,9565.0,10150.4,14448.6,11683.1,23965.3,8317.7,3444,828,14.2329,52.6036,28.1066,1.5252,70.8139,6.6578,34.3965,144.7708,40.231,28800.0,10.268165387743457,37300.0,0,18262551.0
3701,open_market,Studio unit for sale,"Avida Riala, Jose Maria del Mar Street, Apas, Cebu City, Cebu, Philippines",Cebu City,Condominium,10.3327403,123.9085399,4000000.0,181818.18181818185,12.110762465725848,153018.18181818182,22.0,0.0,1.0,0,0,2111.0,2335.0,8982.6,9845.4,14143.6,11100.7,23660.4,8213.9,3139,707,18.5075,85.5895,44.4245,1.7496,92.4888,7.0152,43.9722,224.942,58.3337,28800.0,10.268165387743457,37300.0,0,18781529.0
3702,open_market,condo for sale in avida towers riala cebu it park cebu,avida towers riala cebu it park cebu,Cebu City,Condominium,10.3328036,123.9090696,3500000.0,159090.9090909091,11.977231073101326,130290.90909090907,22.0,,,1,1,2111.0,2335.0,8982.6,9845.4,14143.6,11100.7,23660.4,8162.1,3139,707,18.5075,85.5895,44.4245,1.7496,92.4888,7.0152,43.9722,224.942,58.3337,28800.0,10.268165387743457,37300.0,0,18788473.0
3703,open_market,STUDIO UNIT IN AVIDA RIALA FOR SALE,"Avida Towers Riala, Jose Maria del Mar Street, Apas, Cebu City, Cebu, Philippines",Cebu City,Condominium,10.3328036,123.9090696,3800000.0,172727.27272727274,12.059469171338298,143927.27272727274,22.0,0.0,1.0,0,0,2111.0,2335.0,8982.6,9845.4,14143.6,11100.7,23660.4,8162.1,3139,707,18.5075,85.5895,44.4245,1.7496,92.4888,7.0152,43.9722,224.942,58.3337,28800.0,10.268165387743457,37300.0,0,18784307.0
3704,open_market,1 bedroom condo for sale in avida towers riala cebu it park cebu,avida towers riala cebu it park cebu,Cebu City,Condominium,10.3328036,123.9090696,5500000.0,134474.32762836188,11.809128587153943,105674.32762836188,40.9,1.0,,0,1,2111.0,2335.0,8982.6,9845.4,14143.6,11100.7,23660.4,8162.1,3139,707,18.5075,85.5895,44.4245,1.7496,92.4888,7.0152,43.9722,224.942,58.3337,28800.0,10.268165387743457,37300.0,0,18760695.0
3706,open_market,condo for sale in 32 sanson by rockwell lahug cebu,32 sanson by rockwell lahug cebu,Cebu City,Condominium,10.3329596,123.8948853,8800000.0,293333.3333333333,12.58906489778628,263333.3333333333,30.0,,,1,1,2259.4,4460.4,10375.8,9769.6,14067.8,13055.3,23584.5,9636.6,3915,407,19.3107,37.1484,23.367,1.2569,16.4943,6.3223,33.8751,49.8554,25.1098,30000.0,10.308985993422082,57000.0,0,11715173.0
3707,open_market,1 bedroom condo for sale in lahug cebu,"Lahug, Cebu City32 Sanson by Rockwell is a desired choice for an inspiring region. The world has always had its eye on Cebu – and for good reason.Its storied heritage, breathtaking beauty, rich culture and most especially its lovely people has long fascinated foreign and local tourists.32 Sanson is a tribute, a love letter to the Sugbuanons’... Cebu DreamHome Investments Verified seller Call",Cebu City,Condominium,10.3329596,123.8948853,13445760.0,240102.85714285713,12.388822681942196,210102.85714285713,56.0,1.0,1.0,0,0,2259.4,4460.4,10375.8,9769.6,14067.8,13055.3,23584.5,9636.6,3915,407,19.3107,37.1484,23.367,1.2569,16.4943,6.3223,33.8751,49.8554,25.1098,30000.0,10.308985993422082,57000.0,0,11549253.0
3708,open_market,https://www.dotproperty.com.ph/1 bedroom condo for sale in 32 sanson byrockwell lahug cebu,32 sanson byrockwell lahug cebu,Cebu City,Condominium,10.3329596,123.8948853,18659405.0,282718.25757575757,12.55220612446067,252718.25757575757,66.0,1.0,1.0,0,0,2259.4,4460.4,10375.8,9769.6,14067.8,13055.3,23584.5,9636.6,3915,407,19.3107,37.1484,23.367,1.2569,16.4943,6.3223,33.8751,49.8554,25.1098,30000.0,10.308985993422082,57000.0,0,11363052.0
3709,open_market,Studio,"Avida Riala Tower 1, Jose Maria del Mar Street, Apas, Cebu City, Cebu, Philippines",Cebu City,Condominium,10.3329745,123.9090382,3500000.0,159090.9090909091,11.977231073101326,130290.90909090907,22.0,0.0,1.0,0,0,2111.0,2335.0,8982.6,9845.4,14143.6,11100.7,23660.4,8171.9,3139,707,18.5075,85.5895,44.4245,1.7496,92.4888,7.0152,43.9722,224.942,58.3337,28800.0,10.268165387743457,37300.0,0,18788473.0
3712,open_market,1 condominium with 2 bedrooms open for investment @ Solinea,"344 Wilson St, Cebu City, Cebu, Philippines",Cebu City,Condominium,10.333176,123.9015521,14500000.0,195945.94594594595,12.185594114186634,165945.94594594595,74.0,2.0,1.0,0,0,2355.1,4166.3,10081.8,9865.4,14163.6,12761.3,23680.3,8950.6,3621,318,31.2883,42.1065,28.9668,1.2705,29.7872,6.4848,35.8442,84.7435,35.1254,30000.0,10.308985993422082,57000.0,0,6645837.0
3715,open_market,"For Sale 1 Bedroom Condo in Mactan, Lapu-lapu City — 63.22 sqm","Mactan, Lapu-lapu City, Cebu, 6015, Philippines",Lapu-Lapu City,Condominium,10.333496,124.044892,7500000.0,118633.34387851946,11.683792871719067,111633.34387851946,63.22,1.0,2.0,0,0,20634.3,18086.6,13827.2,27320.8,31619.0,20139.2,41135.7,7780.2,13697,5089,1.3304,0.2846,0.0,0.0,2.5595,0.0,2.5595,0.0,1.2611,7000.0,8.853808274977197,13500.0,1,9726663.0
3716,open_market,Unfurnished Studio,"Avida Towers Riala TOWER 3, Apas, Cebu City, Cebu, Philippines",Cebu City,Condominium,10.3335821,123.9090124,3500000.0,153508.77192982455,11.941512990499247,124708.77192982456,22.8,0.0,0.0,0,0,2622.0,3123.4,9771.0,10356.4,14654.6,11889.2,24171.4,8198.5,3650,1034,12.0419,38.0286,17.1745,1.3966,49.1693,4.7027,29.827,69.7042,29.4182,28800.0,10.268165387743457,37300.0,0,17632041.0
3717,open_market,Studio unit for sale,"Avida Towers Riala Tower 3, San Miguel Road, Apas, Cebu City, Cebu, Philippines",Cebu City,Condominium,10.3336889,123.9089162,3500000.0,175000.0,12.072541252905651,146200.0,20.0,0.0,1.0,0,0,2622.0,3123.4,9771.0,10356.4,14654.6,11889.2,24171.4,8212.6,3650,1034,12.0419,38.0286,17.1745,1.3966,49.1693,4.7027,29.827,69.7042,29.4182,28800.0,10.268165387743457,37300.0,0,18748120.0
3718,open_market,Mivesa garden residences for sale,"Lahug, Cebu City, Cebu, Philippines",Cebu City,Condominium,10.3338299,123.8941434,1950000.0,97500.0,11.487607656985938,67500.0,20.0,0.0,1.0,0,0,2527.7,4582.7,10498.2,10037.9,14336.1,13177.7,23852.9,9743.1,4038,568,14.4663,21.7852,14.935,1.048,9.7169,4.5425,20.4276,28.1567,16.1395,30000.0,10.308985993422082,57000.0,0,11465097.0
3719,open_market,1 bedroom condo for sale in lahug cebu,lahug cebu,Cebu City,Condominium,10.3338299,123.8941434,2414287.0,134127.05555555556,11.80654280548606,104127.05555555556,18.0,1.0,1.0,0,0,2527.7,4582.7,10498.2,10037.9,14336.1,13177.7,23852.9,9743.1,4038,568,14.4663,21.7852,14.935,1.048,9.7169,4.5425,20.4276,28.1567,16.1395,30000.0,10.308985993422082,57000.0,0,11449621.0
3720,open_market,Preselling Primeworld Pointe,"Lahug, Cebu City, Cebu, Philippines",Cebu City,Condominium,10.3338299,123.8941434,2500000.0,71428.57142857143,11.176453228349015,41428.571428571435,35.0,1.0,1.0,0,0,2527.7,4582.7,10498.2,10037.9,14336.1,13177.7,23852.9,9743.1,4038,568,14.4663,21.7852,14.935,1.048,9.7169,4.5425,20.4276,28.1567,16.1395,30000.0,10.308985993422082,57000.0,0,11446763.0
3721,open_market,For Sale Studio unit in Mivesa Garden Residences Tower 3,"Mivesa Garden Residences, Salinas Drive, Cebu City, Cebu, Philippines",Cebu City,Condominium,10.3338025,123.8952273,2300000.0,115000.0,11.652687407345388,85000.0,20.0,0.0,1.0,0,0,2259.4,4460.4,10375.8,9769.6,14067.8,13055.3,23584.5,9629.3,3915,407,19.3107,37.1484,23.367,1.2569,16.4943,6.3223,33.8751,49.8554,25.1098,30000.0,10.308985993422082,57000.0,0,11669066.0
3722,open_market,Combined,"Mivesa Garden Residences, Salinas Drive, Cebu City, Cebu, Philippines",Cebu City,Condominium,10.3338025,123.8952273,2920000.0,73000.0,11.198214720130528,43000.0,40.0,1.0,1.0,0,0,2259.4,4460.4,10375.8,9769.6,14067.8,13055.3,23584.5,9629.3,3915,407,19.3107,37.1484,23.367,1.2569,16.4943,6.3223,33.8751,49.8554,25.1098,30000.0,10.308985993422082,57000.0,0,11647686.0
3723,open_market,Studio Unit for Sale in Mivesa Garden Residences Tower 3,"Mivesa Garden Residences, Salinas Drive, Cebu City, Cebu, Philippines",Cebu City,Condominium,10.3338446,123.8952695,2500000.0,125000.0,11.736069016284437,95000.0,20.0,0.0,1.0,0,0,2259.4,4460.4,10375.8,9769.6,14067.8,13055.3,23584.5,9626.3,3915,407,19.3107,37.1484,23.367,1.2569,16.4943,6.3223,33.8751,49.8554,25.1098,30000.0,10.308985993422082,57000.0,0,11662169.0
3724,open_market,Mevisa Garden Residences,"Mivesa Garden Residences, Salinas Drive, Cebu City, Cebu, Philippines",Cebu City,Condominium,10.3338446,123.8952695,2800000.0,70000.0,11.156250521031495,40000.0,40.0,0.0,1.0,0,0,2259.4,4460.4,10375.8,9769.6,14067.8,13055.3,23584.5,9626.3,3915,407,19.3107,37.1484,23.367,1.2569,16.4943,6.3223,33.8751,49.8554,25.1098,30000.0,10.308985993422082,57000.0,0,11651824.0
3725,open_market,1 bedroom condo for sale in mivesa garden residences lahug cebu,mivesa garden residences lahug cebu,Cebu City,Condominium,10.3338446,123.8952695,5800000.0,129753.91498881431,11.773394973897124,99753.91498881431,44.7,1.0,,0,1,2259.4,4460.4,10375.8,9769.6,14067.8,13055.3,23584.5,9626.3,3915,407,19.3107,37.1484,23.367,1.2569,16.4943,6.3223,33.8751,49.8554,25.1098,30000.0,10.308985993422082,57000.0,0,11548376.0
3726,open_market,Condominium Studio Unit,"Mivesa Garden Residences, Salinas Drive Extension, Cebu City, Philippines",Cebu City,Condominium,10.33386,123.89546700000004,550000.0,22249.19093851133,10.010060924619165,-7750.809061488671,24.72,0.0,1.0,0,0,2259.4,4460.4,10375.8,9769.6,14067.8,13055.3,23584.5,9606.3,3915,407,19.3107,37.1484,23.367,1.2569,16.4943,6.3223,33.8751,49.8554,25.1098,30000.0,10.308985993422082,57000.0,0,11729410.0
3727,open_market,"RFO: Studio Unit with Parking 800,000.00","Mivesa Garden Residences, Salinas Drive Extension, Cebu City, Philippines",Cebu City,Condominium,10.33386,123.89546700000004,800000.0,34482.75862068966,10.4482147279778,4482.758620689659,23.2,0.0,1.0,0,0,2259.4,4460.4,10375.8,9769.6,14067.8,13055.3,23584.5,9606.3,3915,407,19.3107,37.1484,23.367,1.2569,16.4943,6.3223,33.8751,49.8554,25.1098,30000.0,10.308985993422082,57000.0,0,11720790.0
3728,open_market,Melanie,"Mivesa Garden Residences, Salinas Drive Extension, Cebu City, Philippines",Cebu City,Condominium,10.33386,123.89546700000004,1100000.0,55000.0,10.915088464214607,25000.0,20.0,0.0,1.0,0,0,2259.4,4460.4,10375.8,9769.6,14067.8,13055.3,23584.5,9606.3,3915,407,19.3107,37.1484,23.367,1.2569,16.4943,6.3223,33.8751,49.8554,25.1098,30000.0,10.308985993422082,57000.0,0,11710445.0
3729,open_market,1 bedroom condo for sale in kalunasan cebu,kalunasan cebu,Cebu City,Condominium,10.3341116,123.8815901,2664100.0,129956.0975609756,11.774951961331077,124920.0975609756,20.5,1.0,,0,1,3908.1,6510.2,12425.6,9892.1,14190.3,15105.1,23707.0,11067.7,5625,2457,5.0284,0.2625,1.762,0.7555,0.9984,0.3073,2.8588,0.0,2.5599,5036.0,8.52456594574565,5240.0,0,
3734,open_market,NEW STUDIO UNIT FULLY FURNISHED,"Urban DECA Homes - Bldg 15, Hernan Cortes Street, Mandaue City, Cebu, Philippines",Mandaue City,Condominium,10.3347906,123.9234692,3500000.0,130597.01492537314,11.779871638942831,109447.01492537314,26.8,0.0,1.0,0,0,3371.7,952.7,6477.7,11032.9,15331.1,9094.7,24847.9,6805.1,2082,1235,16.8614,39.0477,19.6323,1.9939,48.3233,3.4968,32.1133,46.033,31.7362,21150.0,9.959442464680574,41250.0,0,3275052.0
3735,open_market,condo for sale in bakilid cebu,bakilid cebu,Mandaue City,Condominium,10.3350615,123.9345815,700000.0,30701.754385964912,10.332075078065147,13686.754385964912,22.8,,,1,1,5279.0,2302.5,4875.6,11987.5,16285.7,7323.1,25802.5,5762.5,1681,454,24.3851,52.403,28.0819,2.1478,7.2855,0.8109,40.8454,18.5046,30.5965,17015.0,9.741909356880074,24120.0,0,5854196.0
3736,open_market,condo for sale in bakilid cebu,bakilid cebu,Mandaue City,Condominium,10.3350615,123.9345815,3600000.0,179104.4776119403,12.095724588361309,162089.4776119403,20.1,,,1,1,5279.0,2302.5,4875.6,11987.5,16285.7,7323.1,25802.5,5762.5,1681,454,24.3851,52.403,28.0819,2.1478,7.2855,0.8109,40.8454,18.5046,30.5965,17015.0,9.741909356880074,24120.0,0,5763571.0
3737,open_market,condo for sale in bakilid cebu,bakilid cebu,Mandaue City,Condominium,10.3350615,123.9345815,3700000.0,162280.70175438595,11.997082841654057,145265.70175438595,22.8,,,1,1,5279.0,2302.5,4875.6,11987.5,16285.7,7323.1,25802.5,5762.5,1681,454,24.3851,52.403,28.0819,2.1478,7.2855,0.8109,40.8454,18.5046,30.5965,17015.0,9.741909356880074,24120.0,0,5760446.0
3740,open_market,Mandtra Residences,"Mandtra Residences, P. Basubas Street, Tipolo, Mandaue City, Cebu, Philippines",Mandaue City,Condominium,10.3353572,123.9249834,2776495.0,129440.32634032634,11.77097525345977,108290.32634032634,21.45,0.0,1.0,0,0,3551.6,1132.6,6297.8,11212.8,15511.0,8955.6,25027.7,6686.9,1902,1055,15.1331,27.4034,14.3329,1.7707,32.6597,4.3484,26.9446,28.86,23.4691,21150.0,9.959442464680574,41250.0,0,2911402.0
3742,open_market,condo for sale in alang alang cebu,alang alang cebu,Mandaue City,Condominium,10.335817,123.9485215,2956176.0,147073.4328358209,11.898687284131578,135548.4328358209,20.1,,,1,1,6215.9,3668.3,4028.8,12924.4,17222.6,6534.6,26739.4,4608.9,562,563,18.5452,34.5769,21.1264,4.0507,23.1802,1.2009,19.7034,38.5011,25.3647,11525.0,9.352360631996612,26295.0,0,3337429.0
3743,open_market,condo for sale in alang alang cebu,alang alang cebu,Mandaue City,Condominium,10.335817,123.9485215,3185000.0,158457.7114427861,11.97324303192337,146932.7114427861,20.1,,,1,1,6215.9,3668.3,4028.8,12924.4,17222.6,6534.6,26739.4,4608.9,562,563,18.5452,34.5769,21.1264,4.0507,23.1802,1.2009,19.7034,38.5011,25.3647,11525.0,9.352360631996612,26295.0,0,3261155.0
3745,open_market,condo for sale in casa mira towers mandaue alang alang cebu,casa mira towers mandaue alang alang cebu,Mandaue City,Condominium,10.3361753,123.9475468,3627288.0,180462.0895522388,12.103276004514143,168937.0895522388,20.1,,,1,1,6121.1,3573.5,3934.0,12829.6,17127.8,6439.7,26644.5,4713.8,467,468,22.6708,42.4199,26.0296,4.7105,28.3972,1.3596,23.9188,47.3933,31.0729,11525.0,9.352360631996612,26295.0,0,3906803.0
3746,open_market,condo for sale in bakilid cebu,"A.S. Fortuna Street, Mandaue City, Cebu Experience modern urban living at J Tower Residences, a premier mixed-use development strategically located in the heart of Mandaue City. Enjoy easy access to Cebu 's major business districts, shopping centers, schools, hospitals, and lifestyle destinations.🏠 Available... PH/PRO Realty Verified seller Call",Mandaue City,Condominium,10.3363476,123.9360581,3700000.0,162280.70175438595,11.997082841654057,145265.70175438595,22.8,,,1,1,5085.1,2108.7,4681.7,11793.7,16091.9,7129.3,25608.6,5707.0,1487,260,33.2198,74.1974,43.9548,2.7362,13.4992,1.5888,51.5484,35.4621,43.4442,17015.0,9.741909356880074,24120.0,0,5760446.0
3750,open_market,1 bedroom condo for sale in apas cebu,apas cebu,Cebu City,Condominium,10.3373313,123.9053005,6500000.0,147727.27272727274,11.903123100947605,118927.27272727274,44.0,1.0,1.0,0,0,3032.2,2519.9,9167.6,10766.6,15064.8,11285.7,24581.5,8730.2,4060,1445,15.867,29.1896,10.0484,2.2431,18.2843,5.1658,19.3867,17.9322,21.2221,28800.0,10.268165387743457,37300.0,0,8025294.0
3751,open_market,1 bedroom condo for sale in apas cebu,apas cebu,Cebu City,Condominium,10.3373313,123.9053005,8000000.0,210526.31578947368,12.257365939917724,181726.31578947368,38.0,1.0,1.0,0,0,3032.2,2519.9,9167.6,10766.6,15064.8,11285.7,24581.5,8730.2,4060,1445,15.867,29.1896,10.0484,2.2431,18.2843,5.1658,19.3867,17.9322,21.2221,28800.0,10.268165387743457,37300.0,0,7900294.0
3752,open_market,condo for sale in apas cebu,apas cebu,Cebu City,Condominium,10.3373313,123.9053005,8500000.0,177824.2677824268,12.088551081963134,149024.2677824268,47.8,,,1,1,3032.2,2519.9,9167.6,10766.6,15064.8,11285.7,24581.5,8730.2,4060,1445,15.867,29.1896,10.0484,2.2431,18.2843,5.1658,19.3867,17.9322,21.2221,28800.0,10.268165387743457,37300.0,0,7858627.0
3754,open_market,Citylights,"Apas, Cebu City, Cebu, Philippines",Cebu City,Condominium,10.3376616,123.9079235,9500000.0,88785.04672897197,11.393973522108864,59985.04672897197,107.0,2.0,2.0,0,0,2688.9,2958.0,9605.7,10423.3,14721.5,11723.8,24238.2,8480.6,3717,1101,15.1746,39.0857,15.2513,1.5908,42.27,6.5125,29.4824,62.1515,29.6515,28800.0,10.268165387743457,37300.0,0,6765457.0
3755,open_market,Alcoves one bedroom unit for sale,"Apas, Cebu City, Cebu, Philippines",Cebu City,Condominium,10.3376616,123.9079235,15000000.0,250000.0,12.429216196844383,221200.0,60.0,1.0,1.0,0,0,2688.9,2958.0,9605.7,10423.3,14721.5,11723.8,24238.2,8480.6,3717,1101,15.1746,39.0857,15.2513,1.5908,42.27,6.5125,29.4824,62.1515,29.6515,28800.0,10.268165387743457,37300.0,0,6441928.0
3756,open_market,condo for sale in guadalupe cebu,𝑵𝒊𝒗𝒆𝒍 𝑯𝒊𝒍𝒍𝒔 𝑳𝒂𝒉𝒖𝒈 𝑪𝒆𝒃𝒖 𝑪𝒊𝒕𝒚!(near Marco Polo)𝗘𝗟𝗘𝗚𝗔𝗡𝗖𝗘.... PH/PRO Realty Verified seller Call,Cebu City,Condominium,10.337916,123.8927696,5200000.0,209677.4193548387,12.25332553038072,179677.4193548387,24.8,,,1,1,3599.7,5512.4,11570.1,11109.9,15408.1,14249.7,24924.8,10031.8,5110,777,5.6738,3.3115,2.206,0.4775,0.6557,0.372,9.8056,1.1641,3.8242,30000.0,10.308985993422082,57000.0,0,7211125.0
3759,open_market,One Astra Place,"A. S. Fortuna Street, Mandaue City, Cebu, Philippines",Mandaue City,Condominium,10.3392349,123.9256166,500000.0,21739.130434782608,9.986869161475179,5624.130434782608,23.0,0.0,1.0,0,0,4031.6,536.3,6111.3,11692.8,15991.0,8546.8,25507.8,6840.2,2267,1370,34.0576,56.1838,29.1052,3.3569,81.6972,1.1616,33.1883,108.576,52.744,16115.0,9.687567846311238,22350.0,0,2747106.0
3761,open_market,Rush Sale! Amaia Steps Mandaue,"Amaia Steps Mandaue, Plaridel Street, Mandaue City, Cebu, Philippines",Mandaue City,Condominium,10.3391714,123.9553779,5400000.0,142105.26315789475,11.864323351808117,130580.26315789476,38.0,2.0,2.0,0,0,7041.8,4494.2,4463.5,13750.3,18048.5,6432.7,27565.3,4395.3,0,0,11.0827,17.1158,11.2471,10.9835,3.2262,0.0,15.7377,26.5244,11.5751,11525.0,9.352360631996612,26295.0,0,
3762,open_market,1 bedroom condo for sale in banilad cebu,"AS Fortuna Street, MandaueBedroom: StudioToilet & Bath: 1Floor Area: 22 sqmSale: Php 4.5M Cebu Globenet Realty Verified seller Call",Mandaue City,Condominium,10.3392775,123.9254463,4500000.0,204545.45454545456,12.228545501382232,188430.45454545456,22.0,1.0,1.0,0,0,4031.6,536.3,6111.3,11692.8,15991.0,8546.8,25507.8,6858.5,2267,1370,34.0576,56.1838,29.1052,3.3569,81.6972,1.1616,33.1883,108.576,52.744,16115.0,9.687567846311238,22350.0,0,2413772.0
3763,open_market,1 bedroom condo for sale in mivela garden residences apas cebu,mivela garden residences apas cebu,Cebu City,Condominium,10.3401032,123.9083127,600000.0,23904.38247011952,10.081817088060545,-4895.617529880481,25.1,1.0,,0,1,3345.1,1862.9,8510.5,11079.5,15377.7,10628.6,24894.4,8554.2,4373,2078,17.6833,42.0212,18.5326,2.2434,7.975,2.4949,20.1076,77.7441,24.1722,28800.0,10.268165387743457,37300.0,0,7906425.0
3764,open_market,1 bedroom condo for sale in mivela garden residences apas cebu,mivela garden residences apas cebu,Cebu City,Condominium,10.3401032,123.9083127,8308116.0,174174.3396226415,12.067812028432206,145374.3396226415,47.7,1.0,,0,1,3345.1,1862.9,8510.5,11079.5,15377.7,10628.6,24894.4,8554.2,4373,2078,17.6833,42.0212,18.5326,2.2434,7.975,2.4949,20.1076,77.7441,24.1722,28800.0,10.268165387743457,37300.0,0,7313493.0
3765,open_market,1 bedroom condo for sale in mivela garden residences apas cebu,mivela garden residences apas cebu,Cebu City,Condominium,10.3401032,123.9083127,9641592.0,152798.60538827258,11.936876028632804,123998.60538827258,63.1,1.0,,0,1,3345.1,1862.9,8510.5,11079.5,15377.7,10628.6,24894.4,8554.2,4373,2078,17.6833,42.0212,18.5326,2.2434,7.975,2.4949,20.1076,77.7441,24.1722,28800.0,10.268165387743457,37300.0,0,7210918.0
3769,open_market,Not Available,"Mivela Garden Residences, Apas, Cebu City, Cebu, Philippines",Cebu City,Condominium,10.3406489,123.9083236,1800000.0,32449.97295835587,10.38745488879925,3649.972958355869,55.47,1.0,1.0,0,0,3345.1,1862.9,8510.5,11079.5,15377.7,10628.6,24894.4,8579.2,4373,2078,17.6833,42.0212,18.5326,2.2434,7.975,2.4949,20.1076,77.7441,24.1722,28800.0,10.268165387743457,37300.0,0,7814118.0
3770,open_market,1 bedroom condo for sale in marco polo residences lahug cebu,"Marco Polo Residences Tower 2, 27th FloorFloor Area: 48.5 sqmUnit Type: 1 BedroomToilet... Atari Real Estate Brokerage Verified seller Call",Cebu City,Condominium,10.3406617,123.8996613,9000000.0,185567.01030927835,12.131171337357056,156767.01030927835,48.5,1.0,,0,1,4265.7,3194.7,9842.3,12000.1,16298.3,11960.5,25815.0,9442.6,5294,2678,2.0277,3.4716,0.5565,0.8325,0.0,0.6244,7.6793,0.0,2.1041,28800.0,10.268165387743457,37300.0,0,11451055.0
3771,open_market,MIVELA Garden Residences,"Mivela Garden Residences, Apas, Cebu City, Cebu, Philippines",Cebu City,Condominium,10.3406896,123.9083576,580000.0,23098.36718438869,10.047517209353108,-5701.632815611309,25.11,0.0,1.0,0,0,3345.1,1862.9,8510.5,11079.5,15377.7,10628.6,24894.4,8577.8,4373,2078,17.6833,42.0212,18.5326,2.2434,7.975,2.4949,20.1076,77.7441,24.1722,28800.0,10.268165387743457,37300.0,0,6867059.0
3772,open_market,1 bedroom condo for sale in the midpoint residences banilad cebu,"AS Fortuna Street, Banilad (Mandaue) Bedroom: Studio Toilet & Bath: 1 Floor Area: 21 sqm Sale: Php 3.2M Cebu Globenet Realty Verified seller Call",Mandaue City,Condominium,10.3407866,123.9210753,3200000.0,152380.95238095237,11.934138930046531,136265.95238095237,21.0,1.0,1.0,0,0,4285.0,0.0,6647.7,11985.7,16283.9,9083.2,25800.6,7355.0,2804,1906,28.7333,52.1916,25.9838,2.0392,110.8076,0.7577,32.0287,116.1322,55.4492,16115.0,9.687567846311238,22350.0,0,3394019.0
3773,open_market,1 bedroom condo for sale in marco polo residences lahug cebu,marco polo residences lahug cebu,Cebu City,Condominium,10.3409418,123.8989149,5000000.0,131578.94736842104,11.78736231067199,102778.94736842104,38.0,1.0,1.0,0,0,4265.7,3194.7,9842.3,12000.1,16298.3,11960.5,25815.0,9529.9,5294,2678,2.0277,3.4716,0.5565,0.8325,0.0,0.6244,7.6793,0.0,2.1041,28800.0,10.268165387743457,37300.0,0,11769880.0
3774,open_market,1 bedroom condo for sale in marco polo residences lahug cebu,marco polo residences lahug cebu,Cebu City,Condominium,10.3409418,123.8989149,5350000.0,148611.11111111112,11.909088180416079,119811.11111111112,36.0,1.0,1.0,0,0,4265.7,3194.7,9842.3,12000.1,16298.3,11960.5,25815.0,9529.9,5294,2678,2.0277,3.4716,0.5565,0.8325,0.0,0.6244,7.6793,0.0,2.1041,28800.0,10.268165387743457,37300.0,0,11755297.0
3775,open_market,1 bedroom condo for sale in marco polo residences lahug cebu,marco polo residences lahug cebu,Cebu City,Condominium,10.3409418,123.8989149,5400000.0,145945.94594594595,11.89099159889028,117145.94594594596,37.0,1.0,1.0,0,0,4265.7,3194.7,9842.3,12000.1,16298.3,11960.5,25815.0,9529.9,5294,2678,2.0277,3.4716,0.5565,0.8325,0.0,0.6244,7.6793,0.0,2.1041,28800.0,10.268165387743457,37300.0,0,11753213.0
3777,open_market,Marco polo Residence II,"Marco Polo Residences, Cebu City, Central Visayas, Philippines",Cebu City,Condominium,10.3411801,123.8984871,5700000.0,121276.59574468085,11.70582913109472,92476.59574468085,47.0,1.0,1.0,0,0,4265.7,3194.7,9842.3,12000.1,16298.3,11960.5,25815.0,9583.4,5294,2678,2.0277,3.4716,0.5565,0.8325,0.0,0.6244,7.6793,0.0,2.1041,28800.0,10.268165387743457,37300.0,0,11740713.0
3778,open_market,FOR SALE 1BR IN MARCO POLO,"Marco Polo Residences, Cebu City, Central Visayas, Philippines",Cebu City,Condominium,10.3411801,123.8984871,5800000.0,145000.0,11.884489021402711,116200.0,40.0,1.0,1.0,0,0,4265.7,3194.7,9842.3,12000.1,16298.3,11960.5,25815.0,9583.4,5294,2678,2.0277,3.4716,0.5565,0.8325,0.0,0.6244,7.6793,0.0,2.1041,28800.0,10.268165387743457,37300.0,0,11736547.0
3779,open_market,TOWER 1BR marco Polo for sale,"Marco Polo Residences, Cebu City, Central Visayas, Philippines",Cebu City,Condominium,10.3411801,123.8984871,6000000.0,150000.0,11.918390573078392,121200.0,40.0,1.0,1.0,0,0,4265.7,3194.7,9842.3,12000.1,16298.3,11960.5,25815.0,9583.4,5294,2678,2.0277,3.4716,0.5565,0.8325,0.0,0.6244,7.6793,0.0,2.1041,28800.0,10.268165387743457,37300.0,0,11728213.0
3780,open_market,For Sale 1BR Converted to Studio in Midpoint Residences,"The MIDPOINT Residences, Ines Ouano Road, Mandaue City, Cebu, Philippines",Mandaue City,Condominium,10.3412632,123.9165343,4000000.0,160000.0,11.982929094215963,143885.0,25.0,1.0,0.0,0,0,4034.1,528.8,7176.5,11768.5,16066.7,9294.6,25583.5,7812.5,3333,2435,22.9701,38.1279,20.8855,1.8007,83.4545,0.2697,20.1008,109.5362,41.9487,16115.0,9.687567846311238,22350.0,0,3440949.0
3783,open_market,For Sale 1 Bedroom unit at Midpoint Residence MANDAUE,"182 A. S. Fortuna St, Mandaue City, 6014 Cebu, Philippines",Mandaue City,Condominium,10.341398145274098,123.91829386353491,3000000.0,107142.85714285714,11.58191833645718,91027.85714285714,28.0,0.0,1.0,0,0,3896.1,388.9,7036.6,11630.5,15928.7,9154.7,25445.4,7652.2,3193,2295,30.0797,51.401,27.6676,2.0863,95.6975,0.2693,24.2343,133.8126,52.4238,16115.0,9.687567846311238,22350.0,0,3379102.0
3787,open_market,1-bedroom Midpoint For Sale,"8WR8+MJG, Ines Ouano Rd, Mandaue City, Cebu, Philippines",Mandaue City,Condominium,10.341693,123.9165702,4500000.0,180000.0,12.100712129872347,163885.0,25.0,0.0,1.0,0,0,3833.6,451.4,7099.0,11568.0,15866.2,9217.1,25383.0,7832.4,3255,2357,31.6564,52.1808,28.929,2.1622,90.9555,0.2527,23.722,145.3519,52.3449,16115.0,9.687567846311238,22350.0,0,3433099.0
3788,open_market,1 bedroom condo for sale in the midpoint residences banilad cebu,the midpoint residences banilad cebu,Mandaue City,Condominium,10.3417976,123.9166075,3400000.0,136000.0,11.820410164718188,119885.0,25.0,1.0,1.0,0,0,3833.6,451.4,7099.0,11568.0,15866.2,9217.1,25383.0,7834.5,3255,2357,31.6564,52.1808,28.929,2.1622,90.9555,0.2527,23.722,145.3519,52.3449,16115.0,9.687567846311238,22350.0,0,3466433.0
3789,open_market,1 bedroom condo for sale in the midpoint residences banilad cebu,the midpoint residences banilad cebu,Mandaue City,Condominium,10.3417976,123.9166075,3500000.0,175000.0,12.072541252905651,158885.0,20.0,1.0,1.0,0,0,3833.6,451.4,7099.0,11568.0,15866.2,9217.1,25383.0,7834.5,3255,2357,31.6564,52.1808,28.929,2.1622,90.9555,0.2527,23.722,145.3519,52.3449,16115.0,9.687567846311238,22350.0,0,3463402.0
3790,open_market,1 bedroom condo for sale in the midpoint residences banilad cebu,the midpoint residences banilad cebu,Mandaue City,Condominium,10.3417976,123.9166075,4200000.0,200000.0,12.206072645530174,183885.0,21.0,1.0,1.0,0,0,3833.6,451.4,7099.0,11568.0,15866.2,9217.1,25383.0,7834.5,3255,2357,31.6564,52.1808,28.929,2.1622,90.9555,0.2527,23.722,145.3519,52.3449,16115.0,9.687567846311238,22350.0,0,3442190.0
3791,open_market,"For Sale: Studio Condo in Banilad, Mandaue City — 23 sqm","One Astra Place, Banilad, Mandaue City, Cebu, 6014, Philippines",Mandaue City,Condominium,10.3418299,123.9182075,800000.0,34782.608695652176,10.456872790720915,18667.608695652176,23.0,0.0,1.0,0,0,3896.1,388.9,7036.6,11630.5,15928.7,9154.7,25445.4,7684.3,3193,2295,30.0797,51.401,27.6676,2.0863,95.6975,0.2693,24.2343,133.8126,52.4238,16115.0,9.687567846311238,22350.0,0,3447852.0
3792,open_market,"For Sale: Studio Condo in Banilad, Mandaue City — 23 sqm Astra Centre","One Astra Place, Banilad, Mandaue City, Cebu, 6014, Philippines",Mandaue City,Condominium,10.3418299,123.9182075,875000.0,38043.47826086957,10.546484949410601,21928.478260869568,23.0,0.0,1.0,0,0,3896.1,388.9,7036.6,11630.5,15928.7,9154.7,25445.4,7684.3,3193,2295,30.0797,51.401,27.6676,2.0863,95.6975,0.2693,24.2343,133.8126,52.4238,16115.0,9.687567846311238,22350.0,0,3445509.0
3793,open_market,"For Sale: Studio Condo in Banilad, Mandaue City — 22.64 sqm","One Astra Place, Banilad, Mandaue City, Cebu, 6014, Philippines",Mandaue City,Condominium,10.3418299,123.9182075,1000000.0,44169.61130742049,10.695792304629292,28054.61130742049,22.64,0.0,1.0,0,0,3896.1,388.9,7036.6,11630.5,15928.7,9154.7,25445.4,7684.3,3193,2295,30.0797,51.401,27.6676,2.0863,95.6975,0.2693,24.2343,133.8126,52.4238,16115.0,9.687567846311238,22350.0,0,3441602.0
3794,open_market,RENT TO OWN CONDO,"Banilad, Mandaue City, Cebu, Philippines",Mandaue City,Condominium,10.341872,123.9178507,3800000.0,152000.0,11.931635799828413,135885.0,25.0,0.0,1.0,0,0,3896.1,388.9,7036.6,11630.5,15928.7,9154.7,25445.4,7720.5,3193,2295,30.0797,51.401,27.6676,2.0863,95.6975,0.2693,24.2343,133.8126,52.4238,16115.0,9.687567846311238,22350.0,0,3445221.0
3795,open_market,1 bedroom condo for sale in banilad cebu,"Ines Ouano Rd, Banilad (Mandaue)Bedroom: StudioToilet & Bath: 1Floor Area: 21 sqmMonthly Rent: Php 17,000Sale: Php 3.2M Cebu Globenet Realty Verified seller Call",Mandaue City,Condominium,10.3419994,123.9167759,3200000.0,152380.95238095237,11.934138930046531,136265.95238095237,21.0,1.0,1.0,0,0,3833.6,451.4,7099.0,11568.0,15866.2,9217.1,25383.0,7829.5,3255,2357,31.6564,52.1808,28.929,2.1622,90.9555,0.2527,23.722,145.3519,52.3449,16115.0,9.687567846311238,22350.0,0,3464479.0
3796,open_market,1 bedroom condo for sale in banilad cebu,"Ines Ouano Rd, Banilad (Mandaue)Bedroom: StudioToilet & Bath: 1Floor Area: 21 sqmMonthly Rent : Php 20,500 / monthSale: Php 4.5 M Cebu Globenet Realty Verified seller Call",Mandaue City,Condominium,10.3419994,123.9167759,4500000.0,214285.7142857143,12.275065517017126,198170.7142857143,21.0,1.0,1.0,0,0,3833.6,451.4,7099.0,11568.0,15866.2,9217.1,25383.0,7829.5,3255,2357,31.6564,52.1808,28.929,2.1622,90.9555,0.2527,23.722,145.3519,52.3449,16115.0,9.687567846311238,22350.0,0,3426244.0
3800,open_market,1 bedroom condo for sale in busay cebu,"Nivel Hills, Cebu CityBedroom: StudioToilet & Bath: 1Floor Area: 25 sqmMonthly Rent: Php 17,000Sale: Php 6.5M (2 units - 813 & 812) Cebu Globenet Realty Verified seller Call",Cebu City,Condominium,10.3430592,123.8949737,6500000.0,260000.0,12.468436909997665,230000.0,25.0,1.0,1.0,0,0,3492.2,4908.4,11462.7,11002.4,15300.6,13674.2,24817.4,10019.0,5002,0,6.7784,6.6732,5.825,0.5832,5.4703,0.426,18.9307,4.1946,6.5466,30000.0,10.308985993422082,57000.0,0,12246636.0
3801,open_market,1 bedroom condo for sale in busay cebu,"Nivel Hills, Cebu CityBedroom: StudioToilet & Bath: 1Floor Area: 25 sqmMonthly Rent: Php 17,000Sale: Php 6.5M (2 units - 812 & 813)GymSwimming Pool Cebu Globenet Realty Verified seller Call",Cebu City,Condominium,10.3430592,123.8949737,6500000.0,130000.0,11.77528972943772,100000.0,50.0,1.0,1.0,0,0,3492.2,4908.4,11462.7,11002.4,15300.6,13674.2,24817.4,10019.0,5002,0,6.7784,6.6732,5.825,0.5832,5.4703,0.426,18.9307,4.1946,6.5466,30000.0,10.308985993422082,57000.0,0,12246636.0
3802,open_market,2 bedroom condo for sale in 128 nivel hills residences lahug cebu,128 nivel hills residences lahug cebu,Cebu City,Condominium,10.3430592,123.8949737,9907071.0,139536.21126760563,11.846079425538015,109536.21126760564,71.0,2.0,,0,1,3492.2,4908.4,11462.7,11002.4,15300.6,13674.2,24817.4,10019.0,5002,0,6.7784,6.6732,5.825,0.5832,5.4703,0.426,18.9307,4.1946,6.5466,30000.0,10.308985993422082,57000.0,0,12133067.0
3804,open_market,1 bedroom condo for sale in banilad cebu,"A.s Fortuna Banilad, Cebu City 𝗙𝗥𝗘𝗘𝗕𝗜𝗘𝗦❗✨... PH/PRO Realty Verified seller Call",Cebu City,Condominium,10.3436324,123.9128035,3500000.0,135658.91472868217,11.81789903453207,94158.91472868215,25.8,1.0,,0,1,3297.2,987.7,7635.4,11031.6,15329.8,9753.5,24846.6,8297.2,3791,2030,44.2052,72.3603,47.506,4.6966,48.7892,0.8219,27.2003,199.5731,55.5552,41500.0,10.63347280231402,92500.0,0,3575823.0
3827,open_market,4 bedroom condo for sale in busay cebu,"City Lights Garden Tower 3Nivel Hills, Lahug Cebu CityUnit Type: 3 Bedroom Condo minium with Maid’s RoomSIZES:✅Floor Area: 139.15 sqm✅Parking Slot: 12.5 sqm✅Total: 151.65 sqm✅Fully Furnished UnitPRICE: ₱20M NET AMENITIES:✅Swimming Pool✅Gym✅Tennis Courts✅Clubhouse✅Landscaped Gardens✅24/7 Security and ConciergeCEB: 23843205 For any interest, please send me a message for... Cebu REI - Filipino Homes Verified seller Call",Cebu City,Condominium,10.3452739,123.8982849,20000000.0,143781.45219266714,11.876049732588868,135281.45219266714,139.1,4.0,,0,1,4729.5,3658.5,10306.1,12252.4,16550.6,12424.2,26067.3,9791.7,5757,766,1.3796,2.2433,1.7026,0.5091,5.0323,0.3344,9.5441,2.4266,2.5078,8500.0,9.04793908261736,5500.0,0,11762037.0
3830,open_market,2-BR CONDO @ CITY LIGHTS GARDENS CEBU WITH PARKING,"City Lights, Apas, Cebu City, Cebu, Philippines",Cebu City,Condominium,10.346446,123.8955494,12500000.0,115783.62356428309,11.659478414122725,107283.62356428309,107.96,0.0,2.0,0,0,4179.5,4379.7,11027.4,11689.7,15987.9,13145.5,25504.7,10117.9,5689,204,2.6083,4.0,4.0,0.3695,4.8312,0.0,10.9898,4.0,3.6185,8500.0,9.04793908261736,5500.0,0,13222104.0
3831,open_market,For Sale 3 Bedroom with 2 Parking City Lights Condominium,"City Lights, Apas, Cebu City, Cebu, Philippines",Cebu City,Condominium,10.346446,123.8955494,14000000.0,102189.7810218978,11.534586961751408,93689.7810218978,137.0,0.0,2.0,0,0,4179.5,4379.7,11027.4,11689.7,15987.9,13145.5,25504.7,10117.9,5689,204,2.6083,4.0,4.0,0.3695,4.8312,0.0,10.9898,4.0,3.6185,8500.0,9.04793908261736,5500.0,0,13147104.0
3834,open_market,"For Sale! 3 BR City Lights Condominium, Mountain View and City View","Citylights Garden Tower 4, Apas, Cebu City, Cebu, Philippines",Cebu City,Condominium,10.3465537,123.8971507,13500000.0,98540.14598540144,11.498219317580533,90040.14598540145,137.0,3.0,3.0,0,0,4422.2,3978.4,10626.1,11932.4,16230.6,12744.2,25747.4,9965.4,5932,446,1.8409,4.3232,4.0,0.3645,5.7406,0.0,10.9875,4.0,3.5888,8500.0,9.04793908261736,5500.0,0,13172104.0
3840,open_market,Apartment inside DoÃ±a Rosario Village,"DoÃ±a Rosario Village, Mandaue City, Cebu, Philippines",Mandaue City,Condominium,10.3470224,123.9506123,25000000.0,68493.1506849315,11.134489029249984,57993.150684931505,365.0,2.0,2.0,0,0,7259.6,4712.0,5833.2,13968.1,18266.3,6036.3,27783.1,5408.7,1046,897,7.3239,5.6651,4.4021,1.7621,2.6048,0.0,5.8289,2.4805,5.8065,10500.0,9.259225769705994,16800.0,0,
3841,open_market,1 bedroom condo for sale in pagsabungan cebu,"Tabok, Mandaue City (just behind... Cebu Property Buzz Verified seller Call",Mandaue City,Condominium,10.3471656,123.9443397,2871392.0,143569.6,11.874575214020485,132659.6,20.0,1.0,1.0,0,0,7149.6,3806.3,5748.8,13858.2,18156.4,5564.7,27673.1,5841.8,1892,510,13.4759,8.5733,9.2416,1.415,6.6725,0.8911,8.2542,5.9706,10.4628,10910.0,9.2975267336551,19260.0,0,
3855,open_market,FOR SALE: FULLY-FURNISHED UNIT IN MACTAN,"Mactan Oasis Gardens Condominium, M.L. Quezon National Highway, Maribago, Lapu-Lapu City, Cebu, Philippines",Mandaue City,Condominium,10.3501363,123.9292168,2800000.0,77777.77777777778,11.261611036689322,60677.77777777778,36.0,1.0,1.0,0,0,5408.2,1912.9,6359.6,13069.4,17367.6,8269.8,26884.4,7242.3,3165,2127,12.9739,76.5422,8.5257,1.2247,9.9478,1.966,18.2201,33.5535,34.4148,17100.0,9.746892220313054,15950.0,0,3500000.0
3856,open_market,RUSH SALE: 2 UNFURNISHED 1BR UNITS WITH BALCONY,"Apple One Banawa Heights, Good Shepherd Road, Banawa, Cebu, Philippines",Mandaue City,Condominium,10.3501053,123.9291705,3500000.0,98149.18676388112,11.494243914024649,81049.18676388111,35.66,1.0,1.0,0,0,5408.2,1912.9,6359.6,13069.4,17367.6,8269.8,26884.4,7243.8,3165,2127,12.9739,76.5422,8.5257,1.2247,9.9478,1.966,18.2201,33.5535,34.4148,17100.0,9.746892220313054,15950.0,0,2800000.0
3861,open_market,Mivela Garden Residences Studio FOR SALE,"Banilad, Cebu City, Cebu, Philippines",Cebu City,Condominium,10.3506292,123.9135389,4300000.0,215000.0,12.2783933071098,188625.0,20.0,0.0,1.0,0,0,4073.6,1760.6,8408.3,11808.0,16106.2,9241.1,25622.9,8636.8,4564,2806,33.2275,59.9089,38.2119,3.8389,11.1551,0.0,9.0937,75.4002,37.9977,26375.0,10.180209784751566,68100.0,0,18805518.0
3868,open_market,1 bedroom condo for sale in banilad cebu,banilad cebu,Cebu City,Condominium,10.3518061,123.9053005,3000000.0,136363.63636363635,11.823080393274068,94863.63636363635,22.0,1.0,1.0,0,0,4887.5,2669.3,9317.0,12621.9,16920.1,11435.1,26436.9,9465.4,5473,3620,4.135,3.4655,2.4625,0.3695,0.0,0.0,5.4559,0.0,3.0439,41500.0,10.63347280231402,92500.0,0,3307898.0
3869,open_market,2 bedroom condo for sale in banilad cebu,banilad cebu,Cebu City,Condominium,10.3518061,123.9053005,3080000.0,102666.66666666669,11.539242773287603,61166.66666666667,30.0,2.0,1.0,0,0,4887.5,2669.3,9317.0,12621.9,16920.1,11435.1,26436.9,9465.4,5473,3620,4.135,3.4655,2.4625,0.3695,0.0,0.0,5.4559,0.0,3.0439,41500.0,10.63347280231402,92500.0,0,3267898.0
3870,open_market,1 bedroom condo for sale in banilad cebu,banilad cebu,Cebu City,Condominium,10.3518061,123.9053005,3535795.0,137579.5719844358,11.831957734044753,96079.5719844358,25.7,1.0,,0,1,4887.5,2669.3,9317.0,12621.9,16920.1,11435.1,26436.9,9465.4,5473,3620,4.135,3.4655,2.4625,0.3695,0.0,0.0,5.4559,0.0,3.0439,41500.0,10.63347280231402,92500.0,0,3040000.0
3890,open_market,Rush Sale Solinea Condominium,"9V43+WV Cebu City, Cebu, Philippines",Cebu City,Condominium,10.35736809610507,123.85463666170835,4100000.0,157692.3076923077,11.968400993653054,154251.0576923077,26.0,0.0,1.0,0,0,13667.6,14116.7,20764.3,21177.8,25476.0,19551.6,34992.8,14703.0,15178,3939,0.0,0.0,0.0,0.0,0.0,0.0,0.1946,0.0,0.0,3441.25,8.143880606324482,5234.0,0,
3897,open_market,18-Door Apartment for SALE!!,"Basak, Mandaue City, Cebu, Philippines",Mandaue City,Condominium,10.3599329,123.9485215,18000000.0,40449.43820224719,10.607808033694198,31239.43820224719,445.0,18.0,18.0,0,0,8438.6,5891.0,7037.8,15147.1,19445.3,3911.5,28962.1,6745.7,3147,328,5.5877,11.3748,18.5643,0.8711,1.8178,1.624,8.625,10.1158,6.8256,9210.0,9.128153700988236,18220.0,0,
3918,open_market,300 SQM (APARTMENT) LOT AREA IN CABANCALAN MANDAUE CITY,"Hidden Homes Subdivision, Cebu City, Cebu, Philippines",Cebu City,Condominium,10.3639629,123.9159334,8500000.0,28333.333333333332,10.251794246804344,1958.333333333332,300.0,9.0,9.0,0,0,5725.0,3412.1,8715.0,13459.4,17757.6,7947.6,27274.4,9350.5,5520,4458,10.0917,39.4524,12.0958,0.6556,7.0599,1.4487,7.1311,16.5808,19.6894,26375.0,10.180209784751566,68100.0,0,
3920,open_market,1 bedroom condo for sale in busay cebu,busay cebu,Cebu City,Condominium,10.3641103,123.882985,5670419.0,202514.9642857143,12.218569060505661,194014.9642857143,28.0,1.0,,0,1,6927.6,7376.7,14024.3,14437.9,18736.1,15133.5,28252.8,12261.8,8438,0,4.2553,1.0213,0.0,0.0,4.0,0.0,4.1148,0.0,3.1425,8500.0,9.04793908261736,5500.0,0,5794919.0
3921,open_market,1 bedroom condo for sale in busay cebu,busay cebu,Cebu City,Condominium,10.3641103,123.882985,5899798.0,189704.115755627,12.153220851816515,181204.115755627,31.1,1.0,,0,1,6927.6,7376.7,14024.3,14437.9,18736.1,15133.5,28252.8,12261.8,8438,0,4.2553,1.0213,0.0,0.0,4.0,0.0,4.1148,0.0,3.1425,8500.0,9.04793908261736,5500.0,0,5680230.0
3922,open_market,NORTHWOODS PLACE 1-BEDROOM UNIT B2 TOWER2,"H. Abellana Street, Mandaue City, Cebu, Philippines",Mandaue City,Condominium,10.3642001,123.9464101,650000.0,20766.7731629393,9.941109544325712,12251.773162939298,31.3,0.0,1.0,0,0,8851.8,5743.7,7451.1,15560.4,19858.6,3370.5,29375.3,7272.4,3560,368,13.4314,20.7591,31.4031,1.0425,4.0213,1.1402,8.2569,16.9507,14.0585,8515.0,9.049702026013373,16750.0,0,3920000.0
3927,open_market,condo for sale in jagobiao cebu,"H. Abellana St., Canduman, Mandaue City walking distance to Ateneo de Cebu SchoolUNIT DETAILS:Studio UnitFloor Area:... PH/PRO Realty Verified seller Call",Mandaue City,Condominium,10.3649851,123.9432949,3920000.0,140000.0,11.84939770159144,123600.0,28.0,,,1,1,8700.8,5317.6,7877.2,15980.5,20278.7,3765.6,29795.4,7519.8,3986,794,9.7501,14.5797,13.7667,0.7691,6.7419,0.5264,8.0562,14.9959,10.885,16400.0,9.70509758756311,20100.0,0,2285000.0
3948,open_market,Sacrifice Sale Northwoods Place Studio Unit,"Canduman Road, Mandaue City, Cebu, Philippines",Mandaue City,Condominium,10.3677092,123.9335878,2000000.0,90909.09090909093,11.417615285165903,81139.09090909091,22.0,0.0,1.0,0,0,7974.9,4296.6,8894.8,15636.1,19934.3,4808.9,29451.0,8363.7,5029,1837,14.2481,23.4688,13.7262,0.447,7.5508,0.0,12.2639,27.0034,16.1419,9770.0,9.187174093944344,15750.0,0,4792842.0
3951,open_market,1 bedroom condo for sale in canduman cebu,canduman cebu,Mandaue City,Condominium,10.3677899,123.9331874,2725071.0,123866.86363636365,11.72696258742761,114096.86363636365,22.0,1.0,1.0,0,0,7974.9,4296.6,8894.8,15636.1,19934.3,4808.9,29451.0,8397.0,5029,1837,14.2481,23.4688,13.7262,0.447,7.5508,0.0,12.2639,27.0034,16.1419,9770.0,9.187174093944344,15750.0,0,4647828.0
3952,open_market,1 bedroom condo for sale or rent in canduman cebu,canduman cebu,Mandaue City,Condominium,10.3677899,123.9331874,3600000.0,128571.42857142857,11.764239893251135,118801.42857142857,28.0,1.0,1.0,0,0,7974.9,4296.6,8894.8,15636.1,19934.3,4808.9,29451.0,8397.0,5029,1837,14.2481,23.4688,13.7262,0.447,7.5508,0.0,12.2639,27.0034,16.1419,9770.0,9.187174093944344,15750.0,0,4472842.0
3953,open_market,1 bedroom condo for sale in canduman cebu,canduman cebu,Mandaue City,Condominium,10.3677899,123.9331874,3807281.0,135974.32142857142,11.820221333865556,126204.32142857142,28.0,1.0,1.0,0,0,7974.9,4296.6,8894.8,15636.1,19934.3,4808.9,29451.0,8397.0,5029,1837,14.2481,23.4688,13.7262,0.447,7.5508,0.0,12.2639,27.0034,16.1419,9770.0,9.187174093944344,15750.0,0,4431386.0
3954,open_market,STUDIO UNIT FOR SALE,"Eagles' Nest Condominium, Canduman Road, Mandaue City, Cebu, Philippines",Mandaue City,Condominium,10.368262,123.9278948,2100000.0,95454.54545454546,11.466405449335335,85684.54545454546,22.0,0.0,1.0,0,0,7922.4,4880.0,9478.2,15656.8,19955.0,5392.3,29471.7,8795.3,5613,2420,6.8675,22.4229,10.4305,0.4381,4.7522,0.7805,8.2594,28.7211,11.8607,9770.0,9.187174093944344,15750.0,0,3052606.0
3955,open_market,Fully furnished Corner studio unit in Eagle's Nest,"Eagles' Nest Condominium, Canduman Road, Mandaue City, Cebu, Philippines",Mandaue City,Condominium,10.368262,123.9278948,2200000.0,100000.0,11.512925464970229,90230.0,22.0,0.0,1.0,0,0,7922.4,4880.0,9478.2,15656.8,19955.0,5392.3,29471.7,8795.3,5613,2420,6.8675,22.4229,10.4305,0.4381,4.7522,0.7805,8.2594,28.7211,11.8607,9770.0,9.187174093944344,15750.0,0,3045939.0
3958,open_market,Northwoods Studio Unit,"Northwoods Residences, H Abellana, Mandaue City, Cebu, Philippines",Mandaue City,Condominium,10.3688559,123.9274053,600000.0,27272.727272727272,10.213642480839967,17502.727272727272,22.0,0.0,1.0,0,0,7820.9,5013.9,9612.2,15555.3,19853.5,5526.2,29370.3,8880.3,5747,2554,6.4615,21.0569,8.3844,0.4525,3.7304,0.8898,7.9913,27.0005,10.9811,9770.0,9.187174093944344,15750.0,0,3152606.0
3959,open_market,Northwoods Place SOHO Unit for SALE,"Northwoods Residences, H Abellana, Mandaue City, Cebu, Philippines",Mandaue City,Condominium,10.3688559,123.9274053,2500000.0,113636.36363636365,11.640758836480114,103866.36363636365,22.0,0.0,1.0,0,0,7820.9,5013.9,9612.2,15555.3,19853.5,5526.2,29370.3,8880.3,5747,2554,6.4615,21.0569,8.3844,0.4525,3.7304,0.8898,7.9913,27.0005,10.9811,9770.0,9.187174093944344,15750.0,0,3025939.0
3960,open_market,For Sale Condo - Northwoods Place,"Northwoods Residences, H Abellana, Mandaue City, Cebu, Philippines",Mandaue City,Condominium,10.3688559,123.9274053,4500000.0,160714.2857142857,11.987383444565344,150944.2857142857,28.0,0.0,1.0,0,0,7820.9,5013.9,9612.2,15555.3,19853.5,5526.2,29370.3,8880.3,5747,2554,6.4615,21.0569,8.3844,0.4525,3.7304,0.8898,7.9913,27.0005,10.9811,9770.0,9.187174093944344,15750.0,0,2892606.0
3961,open_market,"For Sale: 1BR Condo in Talamban, Cebu City — 25.28 sqm","BE U Talamban, Talamban, Cebu City, Cebu, 6000, Philippines",Cebu City,Condominium,10.3693292,123.9169018,600000.0,23734.177215189873,10.074671364919627,-2640.822784810127,25.28,1.0,1.0,0,0,6431.9,4118.9,9421.8,14166.3,18464.5,6882.8,27981.2,9688.7,6227,3911,22.9652,36.6033,17.374,2.0898,1.5145,8.0,5.401,20.8142,23.2298,26375.0,10.180209784751566,68100.0,0,3599964.0
3963,open_market,Northgrove Cebu,"Talamban, Cebu, Philippines",Cebu City,Condominium,10.3693292,123.9169018,3599964.0,158240.17582417582,11.971869257979378,131865.17582417582,22.75,0.0,1.0,0,0,6431.9,4118.9,9421.8,14166.3,18464.5,6882.8,27981.2,9688.7,6227,3911,22.9652,36.6033,17.374,2.0898,1.5145,8.0,5.401,20.8142,23.2298,26375.0,10.180209784751566,68100.0,0,600000.0
4064,open_market,condo for sale in pristina north residences bacayan cebu,pristina north residences bacayan cebu,Cebu City,Condominium,10.3807068,123.9212013,5263972.0,208887.77777777775,12.24955243830683,198637.77777777775,25.2,,,1,1,7876.9,5563.9,10866.8,15611.3,19909.5,7172.6,29426.2,10333.7,7672,4550,6.694,14.0055,7.9808,0.4765,0.0,1.1225,1.7526,5.4952,7.8241,10250.0,9.235130540783402,,0,3880112.0
4068,open_market,1 bedroom condo for sale in luz cebu,"Tower 132nd floorFloor area: 37sqm1 bedroom 1 bathroomFully Furnished No parkingFor Sale: ₱7,000,000 Buyer to shoulder the taxes and transfer charges.Price may change without prior notice. Marisa Ocaya Pitogo Verified seller Call",Consolacion,Condominium,10.3808744,123.9701244,7000000.0,189189.1891891892,12.150502794375363,186789.1891891892,37.0,1.0,1.0,0,0,11793.6,9183.0,10392.8,18502.1,22800.3,1338.4,32317.0,8250.5,3039,54,10.5035,17.4285,60.8768,5.2917,108.6653,0.7376,25.1834,188.6322,34.8316,2400.0,7.783640596221253,3350.0,0,13833333.0
4070,open_market,condo for sale in mactan cebu,South Reef Floor area: 40 sqm.Fully furnished No car park Price: ₱9.5MBuyer to shoulder the taxes and transfer chargesDisclaimer: Price may change without prior notice. Marisa Ocaya Pitogo Verified seller Call,Consolacion,Condominium,10.3808744,123.9701244,9500000.0,237500.0,12.377922902456833,235100.0,40.0,,,1,1,11793.6,9183.0,10392.8,18502.1,22800.3,1338.4,32317.0,8250.5,3039,54,10.5035,17.4285,60.8768,5.2917,108.6653,0.7376,25.1834,188.6322,34.8316,2400.0,7.783640596221253,3350.0,0,13000000.0
4086,open_market,condo for sale in bacayan cebu,bacayan cebu,Cebu City,Condominium,10.3849697,123.9206393,3333300.0,146841.40969162996,11.897108437752852,136591.40969162996,22.7,,,1,1,8300.2,5987.3,11290.2,16034.6,20332.8,7290.5,29849.5,10749.0,7860,4667,8.7497,14.2618,8.5368,0.3043,0.0,0.647,1.2213,8.0,8.8314,10250.0,9.235130540783402,,0,4523669.0
4087,open_market,condo for sale in bacayan cebu,bacayan cebu,Cebu City,Condominium,10.3849697,123.9206393,3599964.0,157893.15789473685,11.969673867415944,147643.15789473685,22.8,,,1,1,8300.2,5987.3,11290.2,16034.6,20332.8,7290.5,29849.5,10749.0,7860,4667,8.7497,14.2618,8.5368,0.3043,0.0,0.647,1.2213,8.0,8.8314,10250.0,9.235130540783402,,0,4434781.0
4159,open_market,For sale condominium with parking,"La Guardia Street, Cebu City, Cebu, Philippines",Cebu City,Condominium,10.3974279,123.9211622,5800000.0,236734.693877551,12.374695357965967,224334.693877551,24.5,0.0,1.0,0,0,9734.9,7422.0,12724.9,17469.3,21767.5,8177.9,31284.2,11861.4,9295,6102,11.967,5.526,0.9466,0.0868,0.0,0.0,1.2261,0.0,7.2557,12400.0,9.425532393502772,,0,
4160,open_market,Fully furnished Studio type unit for SALE!,"Cebu City, Cebu, Philippines",Cebu City,Condominium,10.3978208,123.8634544,2800000.0,100000.0,11.512925464970229,96065.0,28.0,0.0,1.0,0,0,16779.9,17229.0,22925.5,24290.2,28588.4,19078.8,36469.7,16164.0,18290,425,0.2256,0.0,0.0,0.0,0.0,0.6462,0.0,0.0,0.1008,3935.0,8.277920258172143,4650.0,0,
4197,open_market,35 sqm Fully furnished Studio Type,"Juana Osmeï¿½a Extension Road, Lungsod ng Cebu, 6000 Lalawigan ng Cebu",Cebu City,Condominium,10.474516,123.86428296,3500000.0,100000.0,11.512925464970229,98535.0,35.0,0.0,1.0,0,0,21439.0,21888.1,28363.5,28949.2,33247.4,24516.7,41128.8,22440.4,22949,1518,0.0,0.0,0.0,0.0,0.0,0.0,0.0,0.0,0.0,1465.0,7.290292882446597,,0,
