property_id,source,price_type,property_name,address,city,property_type,lot_area_sqm,floor_area_sqm,bedrooms,bathrooms,price_php,latitude,longitude,geocode_source,price_outlier_flag,price_per_sqm,log_price,dist_cbd_m,dist_airport_m,dist_cbrt_nearest_m,amenity_score_education,amenity_score_health,amenity_score_finance,amenity_score_grocery,amenity_score_transport,amenity_score_security,amenity_score_composite,spatial_lag_price,bir_zonal_value,valuation_gap,dist_cebu_business_park_m,dist_it_park_m,dist_mandaue_cbd_m,dist_mactan_cbd_m,dist_srp_m,dist_talisay_tabunok_m,dist_consolacion_m,dist_naga_city_m,dist_minglanilla_poblacion_m,dist_minglanilla_lipata_m,barangay_geocoded,bir_zonal_rr_median,bir_zonal_cr_median,bir_zonal_rc_median,bir_zonal_rr_log
1,BDO,floor,Trinity Plaza Condominium,"Unit 103, Ground Floor, Trinity Plaza Condominium, Brgy. Kamputhaw, Cebu City, Cebu",Cebu City,Commercial - Condominium Unit,,204.27,,,10466300.0,10.3174703,123.8987807,Google Maps API,False,51237.57771576834,16.16367112974961,,8848.9,659.3,18,20,69,56,2,4,0.59,31384003.0,,,600.4,1280.9,3604.7,5768.0,6690.8,10446.2,9678.1,19621.2,13656.9,11846.0,Camputhaw,63000.0,74000.0,120000.0,11.050905878263567
2,BDO,floor,Trinity Plaza Condominium,"Unit 101, Ground Floor, Trinity Plaza Condominium, Brgy. Kamputhaw, Cebu City, Cebu",Cebu City,Commercial - Condominium Unit,,190.15,,,9738500.0,10.3174703,123.8987807,Google Maps API,False,51214.83039705495,16.09159765965209,,8848.9,659.3,18,20,69,56,2,4,0.59,31395030.0,,,600.4,1280.9,3604.7,5768.0,6690.8,10446.2,9678.1,19621.2,13656.9,11846.0,Camputhaw,63000.0,74000.0,120000.0,11.050905878263567
3,BDO,floor,Mandaue,"Lot 1-K-6-E-7, Ouana Avenue & PNB Road, Brgy. Mantuyong, Mandaue City, Cebu (Pending Consolidation)",Cebu City,Commercial - with Improvements,5000.0,5000.0,,,703757200.0,10.3201977,123.9306996,Google Maps API,False,140751.44,20.3719439682717,,5477.3,3222.1,6,6,19,18,6,1,0.33,141938795.0,,,2904.6,2822.4,2601.7,2374.7,9519.0,13121.9,7232.6,22629.3,16771.0,14969.0,Tipolo,21150.0,41250.0,60000.0,9.959442464680574
4,BDO,floor,Naga Valley Industrial Park,"Lot 3957, Naga Valley Industrial Park (formerly SME Industrial Park or New Cebu Township One), Brgy. Cantao-an, Naga City, Cebu",Cebu City,Industrial - Vacant Lot,12302.0,,,,18453000.0,10.2495945,123.7489785,Google Maps API,False,1500.0,16.730737516858614,,25967.8,10357.1,2,0,0,0,0,0,0.0121,3301320.0,,,18607.6,19177.7,21405.3,23260.3,12278.1,9844.0,27411.8,4747.8,5284.9,6789.3,Cantao-an,1375.0,,,7.226936018493289
5,BDO,floor,Naga Valley Industrial Park,"Lot 2, Naga Valley Industrial Park (formerly SME Industrial Park or New Cebu Township One), Brgy. Cantao-an, Naga City, Cebu",Cebu City,Industrial - Vacant Lot,41151.0,,,,16460400.0,10.2590215,123.7564499,Google Maps API,False,400.0,16.616468054254497,,24930.0,9482.2,2,0,0,0,0,0,0.0121,,,,17444.5,17986.7,20193.3,22173.4,11298.8,9155.1,26175.5,5690.1,4677.5,5953.5,Cantao-an,1375.0,,,7.226936018493289
6,BDO,floor,Naga Valley Industrial Park,"Lot 3685, Naga Valley Industrial Park (formerly SME Industrial Park or New Cebu Township One), Brgy. Cantao-an, Naga City, Cebu",Cebu City,Industrial - Vacant Lot,6008.0,,,,5036000.0,10.2495945,123.7489785,Google Maps API,False,838.2157123834887,15.432122674146374,,25967.8,10357.1,2,0,0,0,0,0,0.0121,5984720.0,,,18607.6,19177.7,21405.3,23260.3,12278.1,9844.0,27411.8,4747.8,5284.9,6789.3,Cantao-an,1375.0,,,7.226936018493289
7,BDO,floor,Naga Valley Industrial Park,"Lot 3946, Naga Valley Industrial Park (formerly SME Industrial Park or New Cebu Township One), Brgy. Cantao-an, Naga City, Cebu",Cebu City,Industrial - Vacant Lot,10319.0,,,,4127600.0,10.2495945,123.7489785,Google Maps API,False,400.0,15.233206682223695,,25967.8,10357.1,2,0,0,0,0,0,0.0121,6166400.0,,,18607.6,19177.7,21405.3,23260.3,12278.1,9844.0,27411.8,4747.8,5284.9,6789.3,Cantao-an,1375.0,,,7.226936018493289
8,BDO,floor,Naga Valley Industrial Park,"Lot 3949, Naga Valley Industrial Park (formerly SME Industrial Park or New Cebu Township One), Brgy. Cantao-an, Naga City, Cebu",Cebu City,Industrial - Vacant Lot,8723.0,,,,3489200.0,10.2495945,123.7489785,Google Maps API,False,400.0,15.0651830415412,,25967.8,10357.1,2,0,0,0,0,0,0.0121,6294080.0,,,18607.6,19177.7,21405.3,23260.3,12278.1,9844.0,27411.8,4747.8,5284.9,6789.3,Cantao-an,1375.0,,,7.226936018493289
9,BDO,floor,Naga Valley Industrial Park,"Lot 9098, Naga Valley Industrial Park (formerly SME Industrial Park or New Cebu Township One), Brgy. Cantao-an, Naga City, Cebu",Cebu City,Industrial - Vacant Lot,6747.0,,,,2024100.0,10.2495945,123.7489785,Google Maps API,False,300.0,14.520635715283628,,25967.8,10357.1,2,0,0,0,0,0,0.0121,6587100.0,,,18607.6,19177.7,21405.3,23260.3,12278.1,9844.0,27411.8,4747.8,5284.9,6789.3,Cantao-an,1375.0,,,7.226936018493289
10,BDO,floor,Naga Valley Industrial Park,"Lot 9111, Naga Valley Industrial Park (formerly SME Industrial Park or New Cebu Township One), Brgy. Cantao-an, Naga City, Cebu",Cebu City,Industrial - Vacant Lot,6099.0,,,,1829700.0,10.2495945,123.7489785,Google Maps API,False,300.0,14.419662576952655,,25967.8,10357.1,2,0,0,0,0,0,0.0121,6625980.0,,,18607.6,19177.7,21405.3,23260.3,12278.1,9844.0,27411.8,4747.8,5284.9,6789.3,Cantao-an,1375.0,,,7.226936018493289
11,BDO,floor,Amisa Private Residences,"Unit 7H, 7/F, Tower B, Amisa Private Residences, Brgy. Punta Engaño, Lapu-Lapu City, Cebu",Cebu City,Residential - Condominium Unit,,62.59,2.0,3.0,6884900.0,10.3300305,124.0401611,Google Maps API,False,110000.0,15.744841165711165,,7157.6,14146.5,3,0,0,1,0,0,0.0203,31645115.0,,,14928.9,14706.6,13109.8,9883.3,20859.9,24001.9,9823.6,33705.0,28175.2,26434.1,Punta Engaño,7000.0,13500.0,95000.0,8.853808274977197
12,BDO,floor,Amisa Private Residences,"Unit 17C, 17/F, Tower C, Amisa Private Residences, Brgy. Punta Engaño, Lapu-Lapu City, Cebu",Cebu City,Residential - Condominium Unit,,40.72,,1.0,4479200.0,10.3300305,124.0401611,Google Maps API,False,110000.0,15.31495501701682,,7157.6,14146.5,3,0,0,1,0,0,0.0203,31699790.0,,,14928.9,14706.6,13109.8,9883.3,20859.9,24001.9,9823.6,33705.0,28175.2,26434.1,Punta Engaño,7000.0,13500.0,95000.0,8.853808274977197
13,BDO,floor,Myvan Cityscape Tower,"Unit 911, 9/F, Myvan Cityscape Tower, F. Cabahug St., Brgy. Subangdaku, Mandaue City, Cebu",Cebu City,Residential - Condominium Unit,,20.17,,1.0,1815300.0,10.3273187,123.9208597,Google Maps API,False,89999.99999999999,14.411761301278522,,6741.7,1899.5,3,3,20,13,0,1,0.1057,6554906.0,,,2098.6,1652.6,1578.1,3666.6,9164.7,12871.1,7209.1,22203.8,16267.3,14456.7,Subangdaku,23575.0,68750.0,132500.0,10.06798452441753
14,BDO,floor,Myvan Cityscape Tower,"Unit 908, 9/F, Myvan Cityscape Tower, F. Cabahug St., Brgy. Subangdaku, Mandaue City, Cebu",Cebu City,Residential - Condominium Unit,,20.07,,1.0,1806300.0,10.3273187,123.9208597,Google Maps API,False,90000.0,14.406791112120647,,6741.7,1899.5,3,3,20,13,0,1,0.1057,6555724.0,,,2098.6,1652.6,1578.1,3666.6,9164.7,12871.1,7209.1,22203.8,16267.3,14456.7,Subangdaku,23575.0,68750.0,132500.0,10.06798452441753
15,BDO,floor,Myvan Cityscape Tower,"Unit 1604, 16/F, Myvan Cityscape Tower, F. Cabahug St., Brgy. Subangdaku, Mandaue City, Cebu",Cebu City,Residential - Condominium Unit,,20.87,,1.0,2113800.0,10.3273187,123.9208597,Google Maps API,False,101284.1399137518,14.563997833557384,,6741.7,1899.5,3,3,20,13,0,1,0.1057,6527770.0,,,2098.6,1652.6,1578.1,3666.6,9164.7,12871.1,7209.1,22203.8,16267.3,14456.7,Subangdaku,23575.0,68750.0,132500.0,10.06798452441753
16,BDO,floor,Ultima Residences,"Unit 30 (Door 730), 7/F, Tower 3, Ultima Residences, Brgy. Sta. Clara, Cebu City, Cebu",Cebu City,Residential - Condominium Unit,,20.0,,1.0,1500000.0,10.3086544,123.8945775,Google Maps API,False,75000.0,14.22097566607244,,9236.2,878.3,22,19,50,51,0,2,0.504,42032957.0,,,1473.2,2351.9,4651.0,6237.1,5655.3,9398.2,10688.8,18658.4,12724.5,10914.4,Santa Cruz,46000.0,73000.0,95000.0,10.736418414365376
17,BDO,floor,Ultima Residences,"Unit 8 (Door 1408), 14/F, Tower 3, Ultima Residences, Brgy. Sta. Clara, Cebu City",Cebu City,Residential - Condominium Unit,,64.25,1.0,2.0,4818750.0,10.2926115,123.9021934,Google Maps API,False,75000.0,15.388025116293775,,8556.7,2541.4,17,10,68,40,6,5,0.5651,251665197.0,,,2817.4,3812.3,5809.2,5866.1,5269.9,8768.3,11508.1,18355.1,12600.3,10825.4,Central,28125.0,90642.5,,10.244449694430193
18,BDO,floor,Winland Tower Condominium,"Unit 05, 17/F, Tower C, Winland Tower Condominium, Juana Osmeña Extension, Brgy. Kamputhaw, Cebu City, Cebu",Cebu City,Residential - Condominium Unit,,127.0,3.0,2.0,4445000.0,10.3185453,123.8931678,Google Maps API,False,35000.0,15.307290426930145,,9473.3,222.4,17,18,45,38,0,4,0.4409,51499912.0,,,1215.1,1650.6,3964.3,6389.6,6403.9,10168.3,10060.8,19220.0,13234.1,11425.3,Camputhaw,63000.0,74000.0,120000.0,11.050905878263567
19,BDO,floor,Lessandra Talamban,"Lot 8, Block 4, Lessandra Talamban, Brgy. Pulang Bato / Pit-os, Cebu City, Cebu",Cebu City,Residential - Townhouse,66.0,25.0,,1.0,1279300.0,10.3994516,123.9206393,Google Maps API,False,51172.0,14.061823611305126,,12082.5,5210.4,6,0,0,1,0,0,0.0385,13487263.0,,,9247.0,8249.8,6442.8,10114.9,15713.2,19428.7,5364.5,27739.2,21749.3,20022.4,Pit-os,12400.0,,93125.0,9.425532393502772
20,BDO,floor,Lessandra Talamban,"Lot 20, Block 1, Road Lot 2, Lessandra Talamban Subdivision, Brgy. Pulang Bato / Pit-os, Cebu City, Cebu",Cebu City,Residential - Townhouse,69.0,51.0,2.0,1.0,1825500.0,10.3994516,123.9206393,Google Maps API,False,35794.117647058825,14.41736448007783,,12082.5,5210.4,6,0,0,1,0,0,0.0385,13437608.0,,,9247.0,8249.8,6442.8,10114.9,15713.2,19428.7,5364.5,27739.2,21749.3,20022.4,Pit-os,12400.0,,93125.0,9.425532393502772
21,BDO,floor,Avida Towers Riala,"Unit 4-301, 3/F, Tower 4, Avida Towers Riala, Brgy. Apas, Cebu City, Cebu (Pending Consolidation)",Cebu City,Residential - Condominium Unit,,41.84,,,7112800.0,10.3312909,123.9433324,Google Maps API,False,170000.0,15.777406535789066,,4732.7,3923.3,16,7,31,26,0,3,0.2767,210772219.0,,,4528.0,4141.0,2705.6,2148.9,11358.5,14973.5,5503.7,24463.9,18584.7,16779.0,Ibabao-Estancia,13255.0,26300.0,,9.492205559106399
22,BDO,floor,Avida Towers Riala,"Unit 4-115, 1/F, Tower 4, Avida Towers Riala, Jose Maria del Mar Ave., Brgy. Apas, Cebu City
(Pending consolidated Title / Tax Declaration)",Cebu City,Residential - Condominium Unit,,22.8,,1.0,3876000.0,10.3328036,123.9090696,Google Maps API,False,170000.0,15.170314251992794,,8162.1,472.9,15,4,24,32,2,3,0.3006,25271018.0,,,1742.3,767.4,1615.1,5093.2,8721.1,12481.3,7710.1,21571.6,15580.4,13773.0,Apas,28800.0,37300.0,125550.0,10.268165387743457
23,PagIBIG,floor,NHA HOUSING PROJECT,"NHA HOUSING PROJECT, Cebu City",Cebu City,Lot Only,80.0,,,,720000.0,10.3693332,123.8992508,Nominatim (OSM),False,9000.0,13.487006490992238,,11128.0,2340.9,1,0,0,0,0,0,0.0061,12854700.0,,,5748.8,4792.1,3895.1,8415.9,11703.1,15387.6,7103.9,23671.6,17673.3,15940.3,Budla-an,9375.0,,,9.145908511816794
24,PagIBIG,floor,URBAN DECA HOMES TISA 2,"URBAN DECA HOMES TISA 2, Cebu City",Cebu City,Condominium,,26.8,,,1809300.0,10.3075049,123.8679445,Nominatim (OSM),False,67511.19402985074,14.408450588107188,,12148.5,1559.6,3,0,2,5,0,0,0.0313,5279251.0,,,4136.0,4656.4,6916.7,9151.5,4085.1,7709.3,12992.2,16334.9,10320.9,8524.3,Tisa,12820.0,21320.0,90000.0,9.4588397305527
25,PagIBIG,floor,BAYANIHAN FLATS - ORCHARD DRIVE,"BAYANIHAN FLATS - ORCHARD DRIVE, Cebu City",Cebu City,Condominium,,18.87,,,2102100.0,10.4088523,123.9179905,Nominatim (OSM),False,111399.04610492843,14.558447403026737,,13126.6,6212.3,2,0,0,0,0,0,0.0121,2968767.0,,,10228.0,9230.5,7494.7,11197.3,16547.7,20236.3,6166.1,28370.2,22405.5,20702.0,Binaliw,5150.0,,65000.0,8.546946149565585
26,PagIBIG,floor,URBAN DECA HOMES TISA 2,"URBAN DECA HOMES TISA 2, Cebu City",Cebu City,Condominium,,36.5,,,2795500.0,10.3075049,123.8679445,Nominatim (OSM),False,76589.04109589041,14.843521539448837,,12148.5,1559.6,3,0,2,5,0,0,0.0313,5274245.0,,,4136.0,4656.4,6916.7,9151.5,4085.1,7709.3,12992.2,16334.9,10320.9,8524.3,Tisa,12820.0,21320.0,90000.0,9.4588397305527
27,PagIBIG,floor,URBAN DECA HOMES TISA,"URBAN DECA HOMES TISA, Cebu City",Cebu City,Condominium,,25.0,,,1481040.0,10.3075049,123.8679445,Nominatim (OSM),False,59241.6,14.208255101663058,,12148.5,1559.6,3,0,2,5,0,0,0.0313,5280917.0,,,4136.0,4656.4,6916.7,9151.5,4085.1,7709.3,12992.2,16334.9,10320.9,8524.3,Tisa,12820.0,21320.0,90000.0,9.4588397305527
28,PagIBIG,floor,URBAN DECA HOMES TISA,"URBAN DECA HOMES TISA, Cebu City",Cebu City,Condominium,,25.0,,,1307500.0,10.3075049,123.8679445,Nominatim (OSM),False,52300.0,14.083627474921215,,12148.5,1559.6,3,0,2,5,0,0,0.0313,5281798.0,,,4136.0,4656.4,6916.7,9151.5,4085.1,7709.3,12992.2,16334.9,10320.9,8524.3,Tisa,12820.0,21320.0,90000.0,9.4588397305527
29,PagIBIG,floor,URBAN DECA HOMES TISA,"URBAN DECA HOMES TISA, Cebu City",Cebu City,Condominium,,25.0,,,1439900.0,10.3075049,123.8679445,Nominatim (OSM),False,57596.0,14.180084224696362,,12148.5,1559.6,3,0,2,5,0,0,0.0313,5281126.0,,,4136.0,4656.4,6916.7,9151.5,4085.1,7709.3,12992.2,16334.9,10320.9,8524.3,Tisa,12820.0,21320.0,90000.0,9.4588397305527
30,PagIBIG,floor,BAYANIHAN FLATS - ORCHARD DRIVE,"BAYANIHAN FLATS - ORCHARD DRIVE, Cebu City",Cebu City,Condominium,,18.87,,,2102100.0,10.4088523,123.9179905,Nominatim (OSM),False,111399.04610492843,14.558447403026737,,13126.6,6212.3,2,0,0,0,0,0,0.0121,2968767.0,,,10228.0,9230.5,7494.7,11197.3,16547.7,20236.3,6166.1,28370.2,22405.5,20702.0,Binaliw,5150.0,,65000.0,8.546946149565585
31,PagIBIG,floor,URBAN DECA HOMES TISA,"URBAN DECA HOMES TISA, Cebu City",Cebu City,Condominium,,36.5,,,2795500.0,10.3075049,123.8679445,Nominatim (OSM),False,76589.04109589041,14.843521539448837,,12148.5,1559.6,3,0,2,5,0,0,0.0313,5274245.0,,,4136.0,4656.4,6916.7,9151.5,4085.1,7709.3,12992.2,16334.9,10320.9,8524.3,Tisa,12820.0,21320.0,90000.0,9.4588397305527
32,PagIBIG,floor,URBAN DECA HOMES TISA 2,"URBAN DECA HOMES TISA 2, Cebu City",Cebu City,Condominium,,36.5,,,2795500.0,10.3075049,123.8679445,Nominatim (OSM),False,76589.04109589041,14.843521539448837,,12148.5,1559.6,3,0,2,5,0,0,0.0313,5274245.0,,,4136.0,4656.4,6916.7,9151.5,4085.1,7709.3,12992.2,16334.9,10320.9,8524.3,Tisa,12820.0,21320.0,90000.0,9.4588397305527
33,PagIBIG,floor,UNIPLACE @ SWU VILLAGE,"UNIPLACE @ SWU VILLAGE, Cebu City",Cebu City,Condominium,,24.0,,,3770300.0,10.3031591,123.8878361,Nominatim (OSM),False,157095.83333333334,15.14266513185504,,9982.4,717.8,26,10,25,22,2,7,0.4293,78816220.0,,,2429.2,3272.4,5591.0,7047.1,4705.4,8456.2,11642.9,17701.8,11773.5,9964.1,Sambag II,22500.0,53500.0,95000.0,10.021315031649332
34,PagIBIG,floor,BAYANIHAN FLATS - ORCHARD DRIVE,"BAYANIHAN FLATS - ORCHARD DRIVE, Cebu City",Cebu City,Condominium,,37.74,,,4204200.0,10.4088523,123.9179905,Nominatim (OSM),False,111399.04610492843,15.25159458358668,,13126.6,6212.3,2,0,0,0,0,0,0.0121,2268067.0,,,10228.0,9230.5,7494.7,11197.3,16547.7,20236.3,6166.1,28370.2,22405.5,20702.0,Binaliw,5150.0,,65000.0,8.546946149565585
35,PagIBIG,floor,DEO RESIDENCES,"DEO RESIDENCES, Consolacion",Consolacion,Townhouse,44.0,78.92,,,2963736.0,10.3994999,123.9253484,Nominatim (OSM),False,37553.67460719716,14.90196119260534,,11823.1,5322.5,5,0,0,1,0,0,0.0324,10981846.0,,,9365.7,8371.9,6466.5,9960.7,15946.2,19676.2,4920.3,28076.1,22077.1,20340.1,Cabangahan,1700.0,,,7.438971592395862
36,PagIBIG,floor,D` PEARL CONDOMINIUM BLDG. 1,"D` PEARL CONDOMINIUM BLDG. 1, Consolacion",Consolacion,Condominium,,31.39,,,1337000.0,10.389733,123.966736,Nominatim (OSM),False,42593.182542210896,14.10593885608408,,9275.7,7144.8,2,0,0,0,0,0,0.0121,6439340.0,,,10515.1,9673.6,7341.8,8625.1,17634.3,21380.4,1505.1,30483.6,24475.4,22674.7,Lamac,3650.0,4000.0,,8.202756381655638
37,PagIBIG,floor,D` PEARL CONDOMINIUM BLDG. 1,"D` PEARL CONDOMINIUM BLDG. 1, Consolacion",Consolacion,Condominium,,33.55,,,1747700.0,10.389733,123.966736,Nominatim (OSM),False,52092.39940387482,14.373811195754453,,9275.7,7144.8,2,0,0,0,0,0,0.0121,6357200.0,,,10515.1,9673.6,7341.8,8625.1,17634.3,21380.4,1505.1,30483.6,24475.4,22674.7,Lamac,3650.0,4000.0,,8.202756381655638
38,PagIBIG,floor,DEO CITY CONDOMINIUM BLDG 1,"DEO CITY CONDOMINIUM BLDG 1, Consolacion",Consolacion,Condominium,,32.0,,,2327400.0,10.3994656,123.9243912,Nominatim (OSM),False,72731.25,14.660262322656113,,11872.1,5293.2,5,0,0,1,0,0,0.0324,13391981.0,,,9336.8,8342.0,6455.6,9987.5,15895.4,19622.6,5008.1,28005.1,22007.7,20272.7,Cabangahan,1700.0,,,7.438971592395862
39,PagIBIG,floor,LA ALDEA DEL MAR,"LA ALDEA DEL MAR, Lapu-Lapu City (Opon)",Lapu-Lapu City,Townhouse,40.0,44.5,,,1479700.0,10.2714507,123.941337,Nominatim (OSM),False,33251.68539325843,14.207349922490623,,5723.9,7425.8,2,3,0,2,0,0,0.0464,,,,6565.0,7273.9,8105.2,4819.3,9021.2,11617.3,11937.7,21246.6,16025.1,14399.6,Babag,5500.0,13375.0,,8.612685172875459
40,PagIBIG,floor,ASTANA SUBDIVISION,"ASTANA SUBDIVISION, Lapu-Lapu City (Opon)",Lapu-Lapu City,Townhouse,42.0,52.0,,,1752800.0,10.2827507,123.9412033,Nominatim (OSM),False,33707.692307692305,14.376725067263392,,4947.2,6688.9,6,1,1,1,0,1,0.0553,2782531.0,,,5620.4,6239.4,6901.5,3611.6,9087.3,11990.4,10714.5,21683.2,16278.2,14593.5,Calawisan,3350.0,9000.0,,8.11701408773731
41,PagIBIG,floor,ASTANA SUBDIVISION,"ASTANA SUBDIVISION, Lapu-Lapu City (Opon)",Lapu-Lapu City,Townhouse (End/Firewall),49.0,52.0,,,1939500.0,10.2827507,123.9412033,Nominatim (OSM),False,37298.07692307692,14.47794076586216,,4947.2,6688.9,6,1,1,1,0,1,0.0553,2745191.0,,,5620.4,6239.4,6901.5,3611.6,9087.3,11990.4,10714.5,21683.2,16278.2,14593.5,Calawisan,3350.0,9000.0,,8.11701408773731
42,PagIBIG,floor,SAEKYUNG VILLAGE ONE PHASE III,"SAEKYUNG VILLAGE ONE PHASE III, Lapu-Lapu City (Opon)",Lapu-Lapu City,Condominium,,22.0,,,1969000.0,10.2717371,123.9797973,Nominatim (OSM),False,89500.0,14.493036357621262,,3943.2,10686.2,1,0,0,2,0,2,0.0215,2640660.0,,,9727.2,10147.6,10086.1,5603.7,13229.1,15725.8,11781.3,25263.1,20186.0,18585.9,Marigondon,9500.0,19500.0,57500.0,9.15915233520675
43,PagIBIG,floor,SAEKYUNG VILLAGE ONE PHASE III,"SAEKYUNG VILLAGE ONE PHASE III, Lapu-Lapu City (Opon)",Lapu-Lapu City,Condominium,,22.0,,,2124500.0,10.2717371,123.9797973,Nominatim (OSM),False,96568.18181818182,14.569047038537004,,3943.2,10686.2,1,0,0,2,0,2,0.0215,2634440.0,,,9727.2,10147.6,10086.1,5603.7,13229.1,15725.8,11781.3,25263.1,20186.0,18585.9,Marigondon,9500.0,19500.0,57500.0,9.15915233520675
44,PagIBIG,floor,BAYANIHAN FLATS - MACTAN 2,"BAYANIHAN FLATS - MACTAN 2, Lapu-Lapu City (Opon)",Lapu-Lapu City,Condominium,,18.62,,,2137600.0,10.2906179,123.9902191,Nominatim (OSM),False,114801.28893662729,14.575194262324464,,2214.7,10513.6,5,0,3,9,0,1,0.0588,6634333.0,,,9880.8,10073.5,9463.3,4963.0,14519.5,17347.9,9979.0,27000.1,21695.0,20022.6,Pajac,3350.0,7760.0,,8.11701408773731
45,PagIBIG,floor,BAYANIHAN FLATS MACTAN,"BAYANIHAN FLATS MACTAN, Lapu-Lapu City (Opon)",Lapu-Lapu City,Condominium,,18.62,,,2139400.0,10.2906179,123.9902191,Nominatim (OSM),False,114897.95918367346,14.576035973854168,,2214.7,10513.6,5,0,3,9,0,1,0.0588,6634296.0,,,9880.8,10073.5,9463.3,4963.0,14519.5,17347.9,9979.0,27000.1,21695.0,20022.6,Pajac,3350.0,7760.0,,8.11701408773731
46,PagIBIG,floor,BAYANIHAN FLATS - MACTAN 2,"BAYANIHAN FLATS - MACTAN 2, Lapu-Lapu City (Opon)",Lapu-Lapu City,Condominium,,18.62,,,2173000.0,10.2906179,123.9902191,Nominatim (OSM),False,116702.47046186896,14.591619259238566,,2214.7,10513.6,5,0,3,9,0,1,0.0588,6633596.0,,,9880.8,10073.5,9463.3,4963.0,14519.5,17347.9,9979.0,27000.1,21695.0,20022.6,Pajac,3350.0,7760.0,,8.11701408773731
47,PagIBIG,floor,BAYANIHAN FLATS - MACTAN 2,"BAYANIHAN FLATS - MACTAN 2, Lapu-Lapu City (Opon)",Lapu-Lapu City,Condominium,,37.24,,,4345900.0,10.2906179,123.9902191,Nominatim (OSM),False,116699.78517722878,15.284743429869726,,2214.7,10513.6,5,0,3,9,0,1,0.0588,6588327.0,,,9880.8,10073.5,9463.3,4963.0,14519.5,17347.9,9979.0,27000.1,21695.0,20022.6,Pajac,3350.0,7760.0,,8.11701408773731
48,PagIBIG,floor,SAEKYUNG VILLAGE I,"SAEKYUNG VILLAGE I, Lapu-Lapu City (Opon)",Lapu-Lapu City,Condominium,,22.0,,,1912050.0,10.2721652,123.9789125,Nominatim (OSM),False,86911.36363636363,14.463686522879176,,3894.6,10579.7,2,0,0,2,0,2,0.0275,2642938.0,,,9619.9,10041.7,9987.8,5510.7,13132.4,15640.2,11720.2,25183.6,20096.9,18494.2,Marigondon,9500.0,19500.0,57500.0,9.15915233520675
49,PagIBIG,floor,SAEKYUNG VILLAGE I,"SAEKYUNG VILLAGE I, Lapu-Lapu City (Opon)",Lapu-Lapu City,Condominium,,22.0,,,1983960.0,10.2721652,123.9789125,Nominatim (OSM),False,90180.0,14.50060540533339,,3894.6,10579.7,2,0,0,2,0,2,0.0275,2640062.0,,,9619.9,10041.7,9987.8,5510.7,13132.4,15640.2,11720.2,25183.6,20096.9,18494.2,Marigondon,9500.0,19500.0,57500.0,9.15915233520675
50,PagIBIG,floor,LA ALDEA BUENA MACTAN,"LA ALDEA BUENA MACTAN, Lapu-Lapu City (Opon)",Lapu-Lapu City,Lot Only,40.0,,,,368000.0,10.2866792,123.9516894,Nominatim (OSM),True,9200.0,12.815838217151068,,3758.0,7228.8,6,1,1,2,0,1,0.0574,4230775.0,,,6241.7,6712.8,6966.3,2999.7,10286.3,13218.0,10076.2,22910.3,17498.7,15807.6,Babag,5500.0,13375.0,,8.612685172875459
51,PagIBIG,floor,LA ALDEA BUENA MACTAN,"LA ALDEA BUENA MACTAN, Lapu-Lapu City (Opon)",Lapu-Lapu City,Townhouse,40.0,44.0,,,1101300.0,10.2866792,123.9516894,Nominatim (OSM),False,25029.545454545456,13.912001858153037,,3758.0,7228.8,6,1,1,2,0,1,0.0574,4047450.0,,,6241.7,6712.8,6966.3,2999.7,10286.3,13218.0,10076.2,22910.3,17498.7,15807.6,Babag,5500.0,13375.0,,8.612685172875459
52,PagIBIG,floor,HAPPY HOMES SUBDIVISION,"HAPPY HOMES SUBDIVISION, Lapu-Lapu City (Opon)",Lapu-Lapu City,Townhouse,40.0,63.56,,,1212355.0,10.2831741,123.939042,Nominatim (OSM),False,19074.18187539333,14.00807530701374,,5121.8,6476.2,6,1,1,1,0,1,0.0553,1816275.0,,,5419.2,6057.6,6784.0,3647.4,8859.5,11786.8,10725.9,21483.3,16061.3,14372.3,Calawisan,3350.0,9000.0,,8.11701408773731
53,PagIBIG,floor,LA ALDEA BUENA MACTAN,"LA ALDEA BUENA MACTAN, Lapu-Lapu City (Opon)",Lapu-Lapu City,Townhouse,40.0,47.2,,,1216800.0,10.2866792,123.9516894,Nominatim (OSM),False,25779.66101694915,14.01173501992722,,3758.0,7228.8,6,1,1,2,0,1,0.0574,4018575.0,,,6241.7,6712.8,6966.3,2999.7,10286.3,13218.0,10076.2,22910.3,17498.7,15807.6,Babag,5500.0,13375.0,,8.612685172875459
54,PagIBIG,floor,SAEKYUNG VILLAGE I,"SAEKYUNG VILLAGE I, Lapu-Lapu City (Opon)",Lapu-Lapu City,Condominium,,24.0,,,1408300.0,10.2721652,123.9789125,Nominatim (OSM),False,58679.166666666664,14.157893861186142,,3894.6,10579.7,2,0,0,2,0,2,0.0275,2663088.0,,,9619.9,10041.7,9987.8,5510.7,13132.4,15640.2,11720.2,25183.6,20096.9,18494.2,Marigondon,9500.0,19500.0,57500.0,9.15915233520675
55,PagIBIG,floor,ASTANA SUBDIVISION,"ASTANA SUBDIVISION, Lapu-Lapu City (Opon)",Lapu-Lapu City,Townhouse,42.0,52.0,,,1757000.0,10.2827507,123.9412033,Nominatim (OSM),False,33788.46153846154,14.379118367169234,,4947.2,6688.9,6,1,1,1,0,1,0.0553,2781691.0,,,5620.4,6239.4,6901.5,3611.6,9087.3,11990.4,10714.5,21683.2,16278.2,14593.5,Calawisan,3350.0,9000.0,,8.11701408773731
56,PagIBIG,floor,ASTANA SUBDIVISION,"ASTANA SUBDIVISION, Lapu-Lapu City (Opon)",Lapu-Lapu City,Townhouse,48.0,52.0,,,1815800.0,10.2827507,123.9412033,Nominatim (OSM),False,34919.230769230766,14.412036699919794,,4947.2,6688.9,6,1,1,1,0,1,0.0553,2769931.0,,,5620.4,6239.4,6901.5,3611.6,9087.3,11990.4,10714.5,21683.2,16278.2,14593.5,Calawisan,3350.0,9000.0,,8.11701408773731
57,PagIBIG,floor,SAEKYUNG VILLAGE I,"SAEKYUNG VILLAGE I, Lapu-Lapu City (Opon)",Lapu-Lapu City,Condominium,,24.0,,,1879200.0,10.2721652,123.9789125,Nominatim (OSM),False,78300.0,14.44635671232684,,3894.6,10579.7,2,0,0,2,0,2,0.0275,2644252.0,,,9619.9,10041.7,9987.8,5510.7,13132.4,15640.2,11720.2,25183.6,20096.9,18494.2,Marigondon,9500.0,19500.0,57500.0,9.15915233520675
58,PagIBIG,floor,SAEKYUNG VILLAGE I,"SAEKYUNG VILLAGE I, Lapu-Lapu City (Opon)",Lapu-Lapu City,Condominium,,24.0,,,1887800.0,10.2721652,123.9789125,Nominatim (OSM),False,78658.33333333333,14.450922687872982,,3894.6,10579.7,2,0,0,2,0,2,0.0275,2643908.0,,,9619.9,10041.7,9987.8,5510.7,13132.4,15640.2,11720.2,25183.6,20096.9,18494.2,Marigondon,9500.0,19500.0,57500.0,9.15915233520675
59,PagIBIG,floor,SAEKYUNG VILLAGE I,"SAEKYUNG VILLAGE I, Lapu-Lapu City (Opon)",Lapu-Lapu City,Condominium,,24.0,,,1928900.0,10.2721652,123.9789125,Nominatim (OSM),False,80370.83333333333,14.472460450212331,,3894.6,10579.7,2,0,0,2,0,2,0.0275,2642264.0,,,9619.9,10041.7,9987.8,5510.7,13132.4,15640.2,11720.2,25183.6,20096.9,18494.2,Marigondon,9500.0,19500.0,57500.0,9.15915233520675
60,PagIBIG,floor,SAEKYUNG VILLAGE I,"SAEKYUNG VILLAGE I, Lapu-Lapu City (Opon)",Lapu-Lapu City,Condominium,,22.0,,,1969000.0,10.2721652,123.9789125,Nominatim (OSM),False,89500.0,14.493036357621262,,3894.6,10579.7,2,0,0,2,0,2,0.0275,2640660.0,,,9619.9,10041.7,9987.8,5510.7,13132.4,15640.2,11720.2,25183.6,20096.9,18494.2,Marigondon,9500.0,19500.0,57500.0,9.15915233520675
61,PagIBIG,floor,SAEKYUNG VILLAGE I,"SAEKYUNG VILLAGE I, Lapu-Lapu City (Opon)",Lapu-Lapu City,Condominium,,22.0,,,2020800.0,10.2721652,123.9789125,Nominatim (OSM),False,91854.54545454546,14.519004030578364,,3894.6,10579.7,2,0,0,2,0,2,0.0275,2638588.0,,,9619.9,10041.7,9987.8,5510.7,13132.4,15640.2,11720.2,25183.6,20096.9,18494.2,Marigondon,9500.0,19500.0,57500.0,9.15915233520675
62,PagIBIG,floor,SAEKYUNG VILLAGE I,"SAEKYUNG VILLAGE I, Lapu-Lapu City (Opon)",Lapu-Lapu City,Condominium,,24.0,,,2025200.0,10.2721652,123.9789125,Nominatim (OSM),False,84383.33333333333,14.521179019077891,,3894.6,10579.7,2,0,0,2,0,2,0.0275,2638412.0,,,9619.9,10041.7,9987.8,5510.7,13132.4,15640.2,11720.2,25183.6,20096.9,18494.2,Marigondon,9500.0,19500.0,57500.0,9.15915233520675
63,PagIBIG,floor,SAEKYUNG VILLAGE I,"SAEKYUNG VILLAGE I, Lapu-Lapu City (Opon)",Lapu-Lapu City,Condominium,,24.0,,,2052000.0,10.2721652,123.9789125,Nominatim (OSM),False,85500.0,14.534325485272795,,3894.6,10579.7,2,0,0,2,0,2,0.0275,2637340.0,,,9619.9,10041.7,9987.8,5510.7,13132.4,15640.2,11720.2,25183.6,20096.9,18494.2,Marigondon,9500.0,19500.0,57500.0,9.15915233520675
64,PagIBIG,floor,SAEKYUNG 956,"SAEKYUNG 956, Lapu-Lapu City (Opon)",Lapu-Lapu City,Condominium,,27.0,,,2096400.0,10.2716221,123.9800209,Nominatim (OSM),False,77644.44444444444,14.555732145910149,,3956.6,10713.6,1,0,0,2,0,2,0.0215,2557880.0,,,9754.8,10174.8,10111.6,5628.0,13253.6,15747.4,11797.6,25283.0,20208.4,18609.0,Marigondon,9500.0,19500.0,57500.0,9.15915233520675
65,PagIBIG,floor,SAEKYUNG VILLAGE I,"SAEKYUNG VILLAGE I, Lapu-Lapu City (Opon)",Lapu-Lapu City,Condominium,,24.0,,,2124000.0,10.2721652,123.9789125,Nominatim (OSM),False,88500.0,14.568811661343966,,3894.6,10579.7,2,0,0,2,0,2,0.0275,2634460.0,,,9619.9,10041.7,9987.8,5510.7,13132.4,15640.2,11720.2,25183.6,20096.9,18494.2,Marigondon,9500.0,19500.0,57500.0,9.15915233520675
66,PagIBIG,floor,SAEKYUNG VILLAGE I,"SAEKYUNG VILLAGE I, Lapu-Lapu City (Opon)",Lapu-Lapu City,Condominium,,22.0,,,2124500.0,10.2721652,123.9789125,Nominatim (OSM),False,96568.18181818182,14.569047038537004,,3894.6,10579.7,2,0,0,2,0,2,0.0275,2634440.0,,,9619.9,10041.7,9987.8,5510.7,13132.4,15640.2,11720.2,25183.6,20096.9,18494.2,Marigondon,9500.0,19500.0,57500.0,9.15915233520675
67,PagIBIG,floor,BAYANIHAN FLATS MACTAN,"BAYANIHAN FLATS MACTAN, Lapu-Lapu City (Opon)",Lapu-Lapu City,Condominium,,18.62,,,2137600.0,10.2906179,123.9902191,Nominatim (OSM),False,114801.28893662729,14.575194262324464,,2214.7,10513.6,5,0,3,9,0,1,0.0588,6634333.0,,,9880.8,10073.5,9463.3,4963.0,14519.5,17347.9,9979.0,27000.1,21695.0,20022.6,Pajac,3350.0,7760.0,,8.11701408773731
68,PagIBIG,floor,BAYANIHAN FLATS MACTAN,"BAYANIHAN FLATS MACTAN, Lapu-Lapu City (Opon)",Lapu-Lapu City,Condominium,,18.62,,,2138500.0,10.2906179,123.9902191,Nominatim (OSM),False,114849.62406015037,14.5756152066491,,2214.7,10513.6,5,0,3,9,0,1,0.0588,6634315.0,,,9880.8,10073.5,9463.3,4963.0,14519.5,17347.9,9979.0,27000.1,21695.0,20022.6,Pajac,3350.0,7760.0,,8.11701408773731
69,PagIBIG,floor,BAYANIHAN FLATS MACTAN,"BAYANIHAN FLATS MACTAN, Lapu-Lapu City (Opon)",Lapu-Lapu City,Condominium,,18.62,,,2173000.0,10.2906179,123.9902191,Nominatim (OSM),False,116702.47046186896,14.591619259238566,,2214.7,10513.6,5,0,3,9,0,1,0.0588,6633596.0,,,9880.8,10073.5,9463.3,4963.0,14519.5,17347.9,9979.0,27000.1,21695.0,20022.6,Pajac,3350.0,7760.0,,8.11701408773731
70,PagIBIG,floor,SAEKYUNG 956,"SAEKYUNG 956, Lapu-Lapu City (Opon)",Lapu-Lapu City,Condominium,,27.0,,,2197300.0,10.2716221,123.9800209,Nominatim (OSM),False,81381.48148148147,14.602739891885358,,3956.6,10713.6,1,0,0,2,0,2,0.0215,2553675.0,,,9754.8,10174.8,10111.6,5628.0,13253.6,15747.4,11797.6,25283.0,20208.4,18609.0,Marigondon,9500.0,19500.0,57500.0,9.15915233520675
71,PagIBIG,floor,SAEKYUNG VILLAGE I,"SAEKYUNG VILLAGE I, Lapu-Lapu City (Opon)",Lapu-Lapu City,Condominium,,22.0,,,2228100.0,10.2721652,123.9789125,Nominatim (OSM),False,101277.27272727272,14.616659762325495,,3894.6,10579.7,2,0,0,2,0,2,0.0275,2630296.0,,,9619.9,10041.7,9987.8,5510.7,13132.4,15640.2,11720.2,25183.6,20096.9,18494.2,Marigondon,9500.0,19500.0,57500.0,9.15915233520675
72,PagIBIG,floor,SAEKYUNG 956,"SAEKYUNG 956, Lapu-Lapu City (Opon)",Lapu-Lapu City,Condominium,,27.0,,,2253700.0,10.2716221,123.9800209,Nominatim (OSM),False,83470.37037037036,14.628083868006756,,3956.6,10713.6,1,0,0,2,0,2,0.0215,2551325.0,,,9754.8,10174.8,10111.6,5628.0,13253.6,15747.4,11797.6,25283.0,20208.4,18609.0,Marigondon,9500.0,19500.0,57500.0,9.15915233520675
73,PagIBIG,floor,SAEKYUNG VILLAGE I,"SAEKYUNG VILLAGE I, Lapu-Lapu City (Opon)",Lapu-Lapu City,Condominium,,24.0,,,2778600.0,10.2721652,123.9789125,Nominatim (OSM),False,115775.0,14.837457761696898,,3894.6,10579.7,2,0,0,2,0,2,0.0275,2608276.0,,,9619.9,10041.7,9987.8,5510.7,13132.4,15640.2,11720.2,25183.6,20096.9,18494.2,Marigondon,9500.0,19500.0,57500.0,9.15915233520675
74,PagIBIG,floor,SAEKYUNG VILLAGE I,"SAEKYUNG VILLAGE I, Lapu-Lapu City (Opon)",Lapu-Lapu City,Condominium,,60.5,,,3403500.0,10.2721652,123.9789125,Nominatim (OSM),False,56256.198347107435,15.040314871870144,,3894.6,10579.7,2,0,0,2,0,2,0.0275,2583280.0,,,9619.9,10041.7,9987.8,5510.7,13132.4,15640.2,11720.2,25183.6,20096.9,18494.2,Marigondon,9500.0,19500.0,57500.0,9.15915233520675
75,PagIBIG,floor,SAEKYUNG VILLAGE I,"SAEKYUNG VILLAGE I, Lapu-Lapu City (Opon)",Lapu-Lapu City,Condominium,,63.0,,,3582800.0,10.2721652,123.9789125,Nominatim (OSM),False,56869.84126984127,15.091655175583178,,3894.6,10579.7,2,0,0,2,0,2,0.0275,2576108.0,,,9619.9,10041.7,9987.8,5510.7,13132.4,15640.2,11720.2,25183.6,20096.9,18494.2,Marigondon,9500.0,19500.0,57500.0,9.15915233520675
76,PagIBIG,floor,SAEKYUNG VILLAGE I,"SAEKYUNG VILLAGE I, Lapu-Lapu City (Opon)",Lapu-Lapu City,Condominium,,60.5,,,4199200.0,10.2721652,123.9789125,Nominatim (OSM),False,69408.26446280992,15.250404588920228,,3894.6,10579.7,2,0,0,2,0,2,0.0275,2551452.0,,,9619.9,10041.7,9987.8,5510.7,13132.4,15640.2,11720.2,25183.6,20096.9,18494.2,Marigondon,9500.0,19500.0,57500.0,9.15915233520675
77,PagIBIG,floor,BAYANIHAN FLATS MACTAN,"BAYANIHAN FLATS MACTAN, Lapu-Lapu City (Opon)",Lapu-Lapu City,Condominium,,37.24,,,4275200.0,10.2906179,123.9902191,Nominatim (OSM),False,114801.28893662729,15.26834144288441,,2214.7,10513.6,5,0,3,9,0,1,0.0588,6589800.0,,,9880.8,10073.5,9463.3,4963.0,14519.5,17347.9,9979.0,27000.1,21695.0,20022.6,Pajac,3350.0,7760.0,,8.11701408773731
78,PagIBIG,floor,SAEKYUNG VILLAGE I,"SAEKYUNG VILLAGE I, Lapu-Lapu City (Opon)",Lapu-Lapu City,Condominium,,60.5,,,4731600.0,10.2721652,123.9789125,Nominatim (OSM),False,78208.26446280992,15.36977396965372,,3894.6,10579.7,2,0,0,2,0,2,0.0275,2530156.0,,,9619.9,10041.7,9987.8,5510.7,13132.4,15640.2,11720.2,25183.6,20096.9,18494.2,Marigondon,9500.0,19500.0,57500.0,9.15915233520675
79,PagIBIG,floor,SAEKYUNG VILLAGE I,"SAEKYUNG VILLAGE I, Lapu-Lapu City (Opon)",Lapu-Lapu City,Condominium,,60.5,,,5105100.0,10.2721652,123.9789125,Nominatim (OSM),False,84381.81818181818,15.445750598027638,,3894.6,10579.7,2,0,0,2,0,2,0.0275,2515216.0,,,9619.9,10041.7,9987.8,5510.7,13132.4,15640.2,11720.2,25183.6,20096.9,18494.2,Marigondon,9500.0,19500.0,57500.0,9.15915233520675
80,PagIBIG,floor,URBAN DECA HOMES - TIPOLO CONDO,"URBAN DECA HOMES - TIPOLO CONDO, Mandaue City",Mandaue City,Condominium,,25.0,,,1449700.0,10.3300419,123.9285049,Nominatim (OSM),False,57988.0,14.186867196438987,,6079.4,2529.5,7,7,24,23,4,2,0.3128,19676145.0,,,2978.3,2514.9,1523.4,3094.1,9992.9,13677.1,6449.5,23056.7,17132.5,15322.5,Tipolo,21150.0,41250.0,60000.0,9.959442464680574
81,PagIBIG,floor,URBAN DECA HOMES BANILAD,"URBAN DECA HOMES BANILAD, Mandaue City",Mandaue City,Condominium,,30.6,,,3654800.0,10.3394881,123.9192135,Nominatim (OSM),False,119437.90849673202,15.111551930106602,,7460.5,1132.0,13,5,22,19,0,0,0.196,7119874.0,,,2908.2,2044.8,290.0,4541.0,10005.0,13756.7,6381.3,22899.7,16912.4,15104.3,Banilad,16115.0,22350.0,102500.0,9.687567846311238
82,PagIBIG,floor,THE MIDPOINT RESIDENCES,"THE MIDPOINT RESIDENCES, Mandaue City",Mandaue City,Condominium,,25.0,,,3657300.0,10.3417976,123.9166075,Nominatim (OSM),False,146292.0,15.112235728221346,,7834.5,788.9,17,7,22,27,0,0,0.2574,20098130.0,,,2984.4,2054.0,469.2,4924.3,10017.2,13777.1,6444.6,22847.6,16849.1,15043.8,Banilad,16115.0,22350.0,102500.0,9.687567846311238
83,PagIBIG,floor,URBAN DECA HOMES BANILAD,"URBAN DECA HOMES BANILAD, Mandaue City",Mandaue City,Condominium,,30.6,,,3686400.0,10.3394881,123.9192135,Nominatim (OSM),False,120470.58823529413,15.120160930043657,,7460.5,1132.0,13,5,22,19,0,0,0.196,7119156.0,,,2908.2,2044.8,290.0,4541.0,10005.0,13756.7,6381.3,22899.7,16912.4,15104.3,Banilad,16115.0,22350.0,102500.0,9.687567846311238
84,PagIBIG,floor,URBAN DECA HOMES BANILAD,"URBAN DECA HOMES BANILAD, Mandaue City",Mandaue City,Condominium,,30.6,,,3790400.0,10.3394881,123.9192135,Nominatim (OSM),False,123869.28104575165,15.14798211238666,,7460.5,1132.0,13,5,22,19,0,0,0.196,7116792.0,,,2908.2,2044.8,290.0,4541.0,10005.0,13756.7,6381.3,22899.7,16912.4,15104.3,Banilad,16115.0,22350.0,102500.0,9.687567846311238
85,PagIBIG,floor,URBAN DECA HOMES BANILAD,"URBAN DECA HOMES BANILAD, Mandaue City",Mandaue City,Condominium,,30.6,,,3823500.0,10.3394881,123.9192135,Nominatim (OSM),False,124950.98039215684,15.156676791466417,,7460.5,1132.0,13,5,22,19,0,0,0.196,7116040.0,,,2908.2,2044.8,290.0,4541.0,10005.0,13756.7,6381.3,22899.7,16912.4,15104.3,Banilad,16115.0,22350.0,102500.0,9.687567846311238
86,PagIBIG,floor,URBAN DECA HOMES BANILAD,"URBAN DECA HOMES BANILAD, Mandaue City",Mandaue City,Condominium,,35.06,,,4256300.0,10.3394881,123.9192135,Nominatim (OSM),False,121400.4563605248,15.263910796241207,,7460.5,1132.0,13,5,22,19,0,0,0.196,7106204.0,,,2908.2,2044.8,290.0,4541.0,10005.0,13756.7,6381.3,22899.7,16912.4,15104.3,Banilad,16115.0,22350.0,102500.0,9.687567846311238
87,PagIBIG,floor,URBAN DECA HOMES BANILAD,"URBAN DECA HOMES BANILAD, Mandaue City",Mandaue City,Condominium,,35.57,,,4457600.0,10.3394881,123.9192135,Nominatim (OSM),False,125319.08912004498,15.310121062567625,,7460.5,1132.0,13,5,22,19,0,0,0.196,7101629.0,,,2908.2,2044.8,290.0,4541.0,10005.0,13756.7,6381.3,22899.7,16912.4,15104.3,Banilad,16115.0,22350.0,102500.0,9.687567846311238
88,PagIBIG,floor,URBAN DECA HOMES BANILAD,"URBAN DECA HOMES BANILAD, Mandaue City",Mandaue City,Condominium,,35.57,,,4535900.0,10.3394881,123.9192135,Nominatim (OSM),False,127520.38234467249,15.327534078291333,,7460.5,1132.0,13,5,22,19,0,0,0.196,7099849.0,,,2908.2,2044.8,290.0,4541.0,10005.0,13756.7,6381.3,22899.7,16912.4,15104.3,Banilad,16115.0,22350.0,102500.0,9.687567846311238
89,PagIBIG,floor,THE MIDPOINT RESIDENCES,"THE MIDPOINT RESIDENCES, Mandaue City",Mandaue City,Condominium,,21.63,,,2844990.0,10.3417976,123.9166075,Nominatim (OSM),False,131529.81969486823,14.861070110597902,,7834.5,788.9,17,7,22,27,0,0,0.2574,20114057.0,,,2984.4,2054.0,469.2,4924.3,10017.2,13777.1,6444.6,22847.6,16849.1,15043.8,Banilad,16115.0,22350.0,102500.0,9.687567846311238
90,PagIBIG,floor,URBAN DECA HOMES BANILAD,"URBAN DECA HOMES BANILAD, Mandaue City",Mandaue City,Condominium,,30.6,,,3260880.0,10.3394881,123.9192135,Nominatim (OSM),False,106564.70588235294,14.997507655566316,,7460.5,1132.0,13,5,22,19,0,0,0.196,7128827.0,,,2908.2,2044.8,290.0,4541.0,10005.0,13756.7,6381.3,22899.7,16912.4,15104.3,Banilad,16115.0,22350.0,102500.0,9.687567846311238
91,PagIBIG,floor,URBAN DECA HOMES BANILAD,"URBAN DECA HOMES BANILAD, Mandaue City",Mandaue City,Condominium,,30.6,,,3342500.0,10.3394881,123.9192135,Nominatim (OSM),False,109232.02614379083,15.022229587958236,,7460.5,1132.0,13,5,22,19,0,0,0.196,7126972.0,,,2908.2,2044.8,290.0,4541.0,10005.0,13756.7,6381.3,22899.7,16912.4,15104.3,Banilad,16115.0,22350.0,102500.0,9.687567846311238
92,PagIBIG,floor,THE MIDPOINT RESIDENCES,"THE MIDPOINT RESIDENCES, Mandaue City",Mandaue City,Condominium,,24.35,,,3569300.0,10.3417976,123.9166075,Nominatim (OSM),False,146583.16221765912,15.08788005609856,,7834.5,788.9,17,7,22,27,0,0,0.2574,20099855.0,,,2984.4,2054.0,469.2,4924.3,10017.2,13777.1,6444.6,22847.6,16849.1,15043.8,Banilad,16115.0,22350.0,102500.0,9.687567846311238
93,PagIBIG,floor,THE MIDPOINT RESIDENCES,"THE MIDPOINT RESIDENCES, Mandaue City",Mandaue City,Condominium,,24.4,,,3573100.0,10.3417976,123.9166075,Nominatim (OSM),False,146438.52459016396,15.088944124299315,,7834.5,788.9,17,7,22,27,0,0,0.2574,20099781.0,,,2984.4,2054.0,469.2,4924.3,10017.2,13777.1,6444.6,22847.6,16849.1,15043.8,Banilad,16115.0,22350.0,102500.0,9.687567846311238
94,PagIBIG,floor,URBAN DECA HOMES BANILAD,"URBAN DECA HOMES BANILAD, Mandaue City",Mandaue City,Condominium,,30.6,,,3623200.0,10.3394881,123.9192135,Nominatim (OSM),False,118405.22875816992,15.10286817122414,,7460.5,1132.0,13,5,22,19,0,0,0.196,7120592.0,,,2908.2,2044.8,290.0,4541.0,10005.0,13756.7,6381.3,22899.7,16912.4,15104.3,Banilad,16115.0,22350.0,102500.0,9.687567846311238
95,PagIBIG,floor,URBAN DECA HOMES BANILAD,"URBAN DECA HOMES BANILAD, Mandaue City",Mandaue City,Condominium,,30.6,,,3626200.0,10.3394881,123.9192135,Nominatim (OSM),False,118503.2679738562,15.103695825973846,,7460.5,1132.0,13,5,22,19,0,0,0.196,7120524.0,,,2908.2,2044.8,290.0,4541.0,10005.0,13756.7,6381.3,22899.7,16912.4,15104.3,Banilad,16115.0,22350.0,102500.0,9.687567846311238
96,PagIBIG,floor,THE MIDPOINT RESIDENCES,"THE MIDPOINT RESIDENCES, Mandaue City",Mandaue City,Condominium,,24.8,,,3633200.0,10.3417976,123.9166075,Nominatim (OSM),False,146500.0,15.105624360610197,,7834.5,788.9,17,7,22,27,0,0,0.2574,20098602.0,,,2984.4,2054.0,469.2,4924.3,10017.2,13777.1,6444.6,22847.6,16849.1,15043.8,Banilad,16115.0,22350.0,102500.0,9.687567846311238
97,PagIBIG,floor,URBAN DECA HOMES BANILAD,"URBAN DECA HOMES BANILAD, Mandaue City",Mandaue City,Condominium,,30.6,,,3654800.0,10.3394881,123.9192135,Nominatim (OSM),False,119437.90849673202,15.111551930106602,,7460.5,1132.0,13,5,22,19,0,0,0.196,7119874.0,,,2908.2,2044.8,290.0,4541.0,10005.0,13756.7,6381.3,22899.7,16912.4,15104.3,Banilad,16115.0,22350.0,102500.0,9.687567846311238
98,PagIBIG,floor,URBAN DECA HOMES BANILAD,"URBAN DECA HOMES BANILAD, Mandaue City",Mandaue City,Condominium,,30.6,,,3654900.0,10.3394881,123.9192135,Nominatim (OSM),False,119441.17647058822,15.111579291010608,,7460.5,1132.0,13,5,22,19,0,0,0.196,7119872.0,,,2908.2,2044.8,290.0,4541.0,10005.0,13756.7,6381.3,22899.7,16912.4,15104.3,Banilad,16115.0,22350.0,102500.0,9.687567846311238
99,PagIBIG,floor,THE MIDPOINT RESIDENCES,"THE MIDPOINT RESIDENCES, Mandaue City",Mandaue City,Condominium,,25.0,,,3657300.0,10.3417976,123.9166075,Nominatim (OSM),False,146292.0,15.112235728221346,,7834.5,788.9,17,7,22,27,0,0,0.2574,20098130.0,,,2984.4,2054.0,469.2,4924.3,10017.2,13777.1,6444.6,22847.6,16849.1,15043.8,Banilad,16115.0,22350.0,102500.0,9.687567846311238
100,PagIBIG,floor,URBAN DECA HOMES BANILAD,"URBAN DECA HOMES BANILAD, Mandaue City",Mandaue City,Condominium,,30.6,,,3659800.0,10.3394881,123.9192135,Nominatim (OSM),False,119601.30718954248,15.112919059075724,,7460.5,1132.0,13,5,22,19,0,0,0.196,7119760.0,,,2908.2,2044.8,290.0,4541.0,10005.0,13756.7,6381.3,22899.7,16912.4,15104.3,Banilad,16115.0,22350.0,102500.0,9.687567846311238
101,PagIBIG,floor,URBAN DECA HOMES BANILAD,"URBAN DECA HOMES BANILAD, Mandaue City",Mandaue City,Condominium,,30.6,,,3686400.0,10.3394881,123.9192135,Nominatim (OSM),False,120470.58823529413,15.120160930043657,,7460.5,1132.0,13,5,22,19,0,0,0.196,7119156.0,,,2908.2,2044.8,290.0,4541.0,10005.0,13756.7,6381.3,22899.7,16912.4,15104.3,Banilad,16115.0,22350.0,102500.0,9.687567846311238
102,PagIBIG,floor,THE MIDPOINT RESIDENCES,"THE MIDPOINT RESIDENCES, Mandaue City",Mandaue City,Condominium,,25.73,,,3766900.0,10.3417976,123.9166075,Nominatim (OSM),False,146401.0882238632,15.141762939998484,,7834.5,788.9,17,7,22,27,0,0,0.2574,20095981.0,,,2984.4,2054.0,469.2,4924.3,10017.2,13777.1,6444.6,22847.6,16849.1,15043.8,Banilad,16115.0,22350.0,102500.0,9.687567846311238
103,PagIBIG,floor,THE MIDPOINT RESIDENCES,"THE MIDPOINT RESIDENCES, Mandaue City",Mandaue City,Condominium,,25.77,,,3775300.0,10.3417976,123.9166075,Nominatim (OSM),False,146499.805975941,15.14399040770635,,7834.5,788.9,17,7,22,27,0,0,0.2574,20095816.0,,,2984.4,2054.0,469.2,4924.3,10017.2,13777.1,6444.6,22847.6,16849.1,15043.8,Banilad,16115.0,22350.0,102500.0,9.687567846311238
104,PagIBIG,floor,URBAN DECA HOMES BANILAD,"URBAN DECA HOMES BANILAD, Mandaue City",Mandaue City,Condominium,,30.6,,,3790300.0,10.3394881,123.9192135,Nominatim (OSM),False,123866.01307189542,15.147955729598788,,7460.5,1132.0,13,5,22,19,0,0,0.196,7116794.0,,,2908.2,2044.8,290.0,4541.0,10005.0,13756.7,6381.3,22899.7,16912.4,15104.3,Banilad,16115.0,22350.0,102500.0,9.687567846311238
105,PagIBIG,floor,URBAN DECA HOMES BANILAD,"URBAN DECA HOMES BANILAD, Mandaue City",Mandaue City,Condominium,,35.06,,,4184500.0,10.3394881,123.9192135,Nominatim (OSM),False,119352.53850541927,15.246897780455066,,7460.5,1132.0,13,5,22,19,0,0,0.196,7107835.0,,,2908.2,2044.8,290.0,4541.0,10005.0,13756.7,6381.3,22899.7,16912.4,15104.3,Banilad,16115.0,22350.0,102500.0,9.687567846311238
106,PagIBIG,floor,URBAN DECA HOMES BANILAD,"URBAN DECA HOMES BANILAD, Mandaue City",Mandaue City,Condominium,,35.06,,,4221200.0,10.3394881,123.9192135,Nominatim (OSM),False,120399.31545921275,15.255630005779071,,7460.5,1132.0,13,5,22,19,0,0,0.196,7107001.0,,,2908.2,2044.8,290.0,4541.0,10005.0,13756.7,6381.3,22899.7,16912.4,15104.3,Banilad,16115.0,22350.0,102500.0,9.687567846311238
107,PagIBIG,floor,URBAN DECA HOMES BANILAD,"URBAN DECA HOMES BANILAD, Mandaue City",Mandaue City,Condominium,,35.06,,,4256300.0,10.3394881,123.9192135,Nominatim (OSM),False,121400.4563605248,15.263910796241207,,7460.5,1132.0,13,5,22,19,0,0,0.196,7106204.0,,,2908.2,2044.8,290.0,4541.0,10005.0,13756.7,6381.3,22899.7,16912.4,15104.3,Banilad,16115.0,22350.0,102500.0,9.687567846311238
108,PagIBIG,floor,URBAN DECA HOMES BANILAD,"URBAN DECA HOMES BANILAD, Mandaue City",Mandaue City,Condominium,,35.57,,,4462100.0,10.3394881,123.9192135,Nominatim (OSM),False,125445.60022490865,15.311130065198157,,7460.5,1132.0,13,5,22,19,0,0,0.196,7101526.0,,,2908.2,2044.8,290.0,4541.0,10005.0,13756.7,6381.3,22899.7,16912.4,15104.3,Banilad,16115.0,22350.0,102500.0,9.687567846311238
109,PagIBIG,floor,URBAN DECA HOMES BANILAD,"URBAN DECA HOMES BANILAD, Mandaue City",Mandaue City,Condominium,,35.57,,,4535900.0,10.3394881,123.9192135,Nominatim (OSM),False,127520.38234467249,15.327534078291333,,7460.5,1132.0,13,5,22,19,0,0,0.196,7099849.0,,,2908.2,2044.8,290.0,4541.0,10005.0,13756.7,6381.3,22899.7,16912.4,15104.3,Banilad,16115.0,22350.0,102500.0,9.687567846311238
110,PagIBIG,floor,URBAN DECA HOMES BANILAD,"URBAN DECA HOMES BANILAD, Mandaue City",Mandaue City,Condominium,,42.07,,,5173000.0,10.3394881,123.9192135,Nominatim (OSM),False,122961.73044925123,15.458963348985652,,7460.5,1132.0,13,5,22,19,0,0,0.196,7085369.0,,,2908.2,2044.8,290.0,4541.0,10005.0,13756.7,6381.3,22899.7,16912.4,15104.3,Banilad,16115.0,22350.0,102500.0,9.687567846311238
111,PagIBIG,floor,URBAN DECA HOMES BANILAD,"URBAN DECA HOMES BANILAD, Mandaue City",Mandaue City,Condominium,,42.07,,,5210800.0,10.3394881,123.9192135,Nominatim (OSM),False,123860.23294509151,15.466243952805549,,7460.5,1132.0,13,5,22,19,0,0,0.196,7084510.0,,,2908.2,2044.8,290.0,4541.0,10005.0,13756.7,6381.3,22899.7,16912.4,15104.3,Banilad,16115.0,22350.0,102500.0,9.687567846311238
112,PagIBIG,floor,URBAN DECA HOMES BANILAD,"URBAN DECA HOMES BANILAD, Mandaue City",Mandaue City,Condominium,,42.07,,,5213900.0,10.3394881,123.9192135,Nominatim (OSM),False,123933.91965771334,15.46683869415856,,7460.5,1132.0,13,5,22,19,0,0,0.196,7084440.0,,,2908.2,2044.8,290.0,4541.0,10005.0,13756.7,6381.3,22899.7,16912.4,15104.3,Banilad,16115.0,22350.0,102500.0,9.687567846311238
113,PagIBIG,floor,DECA HOMES SUBDIVISION,"DECA HOMES SUBDIVISION, Minglanilla",Minglanilla,Townhouse,38.0,46.4,,,1160600.0,10.2487097,123.7892609,Nominatim (OSM),False,25012.93103448276,13.964447670738643,,21753.1,6010.4,9,1,5,8,0,2,0.0988,5417854.0,,,14745.3,15417.8,17716.0,19149.4,8041.6,5440.5,23801.2,5669.5,908.7,2467.2,Tunghaan,7000.0,14000.0,70000.0,8.853808274977197
114,PagIBIG,floor,VILLA PURITA HILLS SUBDIVISION,"VILLA PURITA HILLS SUBDIVISION, Minglanilla",Minglanilla,Single Attached,100.0,38.76,,,1510888.0,10.2580236,123.8018714,Nominatim (OSM),False,38980.59855521156,14.228208115410338,,20134.8,4514.7,4,0,0,2,0,0,0.0285,8413839.0,,,13028.9,13694.6,15991.2,17486.2,6425.4,4314.5,22075.9,7341.3,1416.6,1011.4,Pakigne,6500.0,20000.0,,8.77971129020447
115,PagIBIG,floor,VILLA PURITA HILLS SUBDIVISION,"VILLA PURITA HILLS SUBDIVISION, Minglanilla",Minglanilla,Townhouse,66.0,80.6,,,2110050.0,10.2580236,123.8018714,Nominatim (OSM),False,26179.280397022336,14.562222201853952,,20134.8,4514.7,4,0,0,2,0,0,0.0285,8328244.0,,,13028.9,13694.6,15991.2,17486.2,6425.4,4314.5,22075.9,7341.3,1416.6,1011.4,Pakigne,6500.0,20000.0,,8.77971129020447
116,PagIBIG,floor,DECA HOMES - TUNGKIL,"DECA HOMES - TUNGKIL, Minglanilla",Minglanilla,Townhouse,38.0,46.4,,,1071700.0,10.241207,123.809059,Nominatim (OSM),False,23096.982758620692,13.884756730701088,,19987.8,4238.6,5,1,0,0,0,0,0.0403,17331222.0,,,13458.9,14225.0,16555.4,17530.2,6430.1,3272.1,22647.2,6683.6,1414.7,1595.4,Tungkil,7000.0,8000.0,,8.853808274977197
117,PagIBIG,floor,VILLA PURITA HILLS SUBDIVISION,"VILLA PURITA HILLS SUBDIVISION, Minglanilla",Minglanilla,Row House,146.0,125.0,,,4416180.0,10.2580236,123.8018714,Nominatim (OSM),False,35329.44,15.300785626977932,,20134.8,4514.7,4,0,0,2,0,0,0.0285,7998797.0,,,13028.9,13694.6,15991.2,17486.2,6425.4,4314.5,22075.9,7341.3,1416.6,1011.4,Pakigne,6500.0,20000.0,,8.77971129020447
118,PagIBIG,floor,RUSTYVILLE SUBDIVISION,"RUSTYVILLE SUBDIVISION, Talisay City",Talisay City,Lot Only,150.0,,,,1875000.0,10.2725694,123.8435709,Nominatim (OSM),False,12500.0,14.444119217386648,,15307.7,1197.7,8,1,12,9,0,0,0.0922,10316775.0,,,8333.5,9085.6,11415.4,12647.0,1677.6,3177.0,17508.2,11787.5,5866.9,4064.9,Bulacao,9000.0,35000.0,,9.105090961257085
119,Lamudi,ceiling,Condo For Sale in Punta Engaño,"Punta Engano, Lapu-Lapu City, Cebu, Central Visayas, PHL",Lapu-Lapu City,Condominium,,71.0,1.0,1.0,21900000.0,10.32137474,124.0370339,Lamudi scraper,False,308450.7042253521,16.90199719478673,,6542.9,14022.0,3,0,0,1,0,0,0.0203,49747171.0,,,14530.9,14372.4,12901.3,9411.4,20252.6,23318.2,10088.7,33012.7,27545.6,25820.3,Punta Engaño,7000.0,13500.0,95000.0,8.853808274977197
120,Lamudi,ceiling,Condo For Sale in Cebu IT Park,"Calyx Center, Cebu I.T. Park, W Geonzon St, Lungsod ng Cebu, 6000 Lalawigan ng Cebu, Philippines",Cebu City,Condominium,,105.0,3.0,3.0,18300000.0,10.328947,123.905843,Lamudi scraper,False,174285.7142857143,16.722411617811648,,8359.8,643.6,21,5,24,35,2,5,0.3645,25194898.0,,,1244.1,248.2,2158.7,5262.0,8165.7,11926.1,8255.1,21025.7,15038.3,13230.0,Lahug,30000.0,57000.0,115000.0,10.308985993422082
121,Lamudi,ceiling,Condo For Sale in Mactan,"The Reef Island Resort, Dapdap, Lungsod ng Lapu-Lapu, Lalawigan ng Cebu, Pilipinas",Lapu-Lapu City,Condominium,,45.0,,1.0,9500000.0,10.2987618,124.0157325,Lamudi scraper,False,211111.11111111112,16.06680235657077,,4127.5,12619.6,1,0,1,0,1,0,0.035,13739257.0,,,12379.4,12425.4,11412.8,7234.2,17418.9,20282.2,10345.6,29933.1,24620.4,22939.5,Mactan,5000.0,10500.0,107500.0,8.517393171418904
122,Lamudi,ceiling,House For Sale in Bolinawan,"Bolinawan, Carcar, Cebu, Central Visayas, PHL",Carcar City,Single Detached,,,3.0,3.0,11000000.0,10.09224,123.625788,Lamudi scraper,False,,16.213405830762646,,45446.4,30185.0,0,0,0,0,0,0,0.0,59028000.0,,,39473.0,40231.0,42557.2,43308.6,32399.9,28804.3,48653.1,19377.5,25390.8,27187.2,Bolinawan,4000.0,7500.0,,8.294299608857235
123,Lamudi,ceiling,Condo For Sale in Agus,"Agus Road, Marigondon, Lapu-Lapu City, Cebu, Central Visayas, PHL",Lapu-Lapu City,Condominium,,25.0,1.0,1.0,4468775.0,10.28410958,123.97552209,Lamudi scraper,False,178751.0,15.3126248798144,,2594.3,9530.5,4,1,4,5,0,2,0.0609,11740105.0,,,8653.5,8982.5,8744.4,4216.4,12833.6,15599.3,10354.6,25242.1,19967.5,18308.7,Basak,10000.0,15000.0,62500.0,9.210440366976517
124,Lamudi,ceiling,Condo For Sale in Punta Engaño,"The Residences at Sheraton Cebu Mactan Resort, Punta Engaño Road, Lapu-Lapu, Lalawigan ng Cebu, Pilipinas",Lapu-Lapu City,Condominium,,68.0,1.0,1.0,23900000.0,10.3232073,124.0351931,Lamudi scraper,False,351470.5882352941,16.98938901690174,,6401.3,13776.4,3,0,0,1,0,0,0.0203,32349685.0,,,14336.5,14164.1,12668.7,9232.0,20115.7,23207.1,9805.0,32905.5,27416.7,25686.2,Punta Engaño,7000.0,13500.0,95000.0,8.853808274977197
125,Lamudi,ceiling,House For Sale in Poblacion Occidental,"Poblacion Oriental, Consolacion, Cebu, Central Visayas, PHL",Consolacion,Single Detached,,354.0,4.0,4.0,28000000.0,10.3747458,123.95406452,Lamudi scraper,False,79096.04519774011,17.14771506813948,,7991.4,5090.7,8,5,11,13,0,2,0.1507,21828571.0,,,8347.9,7512.4,5179.5,6799.5,15468.7,19213.4,1081.5,28343.0,22340.8,20537.3,Poblacion Occidental,4500.0,4000.0,,8.412054873292933
126,Lamudi,ceiling,Condo For Sale in Mactan,"Angasil Road, Lapu-Lapu, Lalawigan ng Cebu, Pilipinas",Lapu-Lapu City,Condominium,,30.0,1.0,1.0,3562600.0,10.305224,124.0148829,Lamudi scraper,False,118753.33333333331,15.086001173340522,,3932.8,12269.7,2,1,4,9,2,1,0.1073,17720625.0,,,12184.1,12174.1,11046.0,7012.0,17465.5,20420.0,9699.2,30096.2,24711.1,23010.5,Mactan,5000.0,10500.0,107500.0,8.517393171418904
127,Lamudi,ceiling,Condo For Sale in Marigondon,"7X8W+FW Lapu-Lapu City, Cebu, Philippines",Lapu-Lapu City,Condominium,,,1.0,1.0,2900000.0,10.266182,123.997295,Lamudi scraper,False,,14.880221294956703,,4980.3,12619.7,0,0,0,0,0,0,0.0,12508466.0,,,11689.6,12065.8,11833.7,7288.2,15156.9,17512.2,12804.0,26950.9,22012.3,20447.0,,9500.0,19500.0,57500.0,9.15915233520675
128,Lamudi,ceiling,Condo For Sale in Mactan,"Pilipinas, Lalawigan ng Cebu, Lapu-Lapu, One Manchester Place",Lapu-Lapu City,Condominium,,37.0,1.0,1.0,6000000.0,10.3074459,124.015483,Lamudi scraper,False,162162.16216216216,15.60727002719233,,3992.5,12249.4,1,1,4,9,2,1,0.1013,18093129.0,,,12223.4,12192.6,11019.8,7048.6,17583.6,20564.8,9537.1,30247.0,24840.9,23134.7,Mactan,5000.0,10500.0,107500.0,8.517393171418904
129,Lamudi,ceiling,Villas For Sale in Busay,"Jardin de Busay Estate, Cebu Transcentral Highway, Cebu City, Lalawigan ng Cebu, Pilipinas",Cebu City,Residential,,566.0,4.0,4.0,115000000.0,10.36172,123.887867,Lamudi scraper,False,203180.21201413427,18.560442686327523,,11667.4,2907.8,1,0,0,0,0,0,0.0061,115000000.0,,,5195.2,4356.9,4253.9,8764.1,10482.4,14108.4,8465.5,22221.4,16236.0,14519.1,Busay,8500.0,5500.0,120000.0,9.04793908261736
130,Lamudi,ceiling,Land For Sale in Banilad,"Banilad, Cebu City, Cebu, Philippines",Cebu City,Residential,,1182.0,,,330960000.0,10.3506292,123.9135389,Lamudi scraper,False,280000.0,19.61750808011743,,8636.8,291.9,15,8,14,34,0,0,0.2606,67451194.0,,,3781.8,2791.7,1293.9,5833.0,10604.5,14368.0,6204.2,23252.8,17235.9,15442.5,Talamban,26375.0,68100.0,117500.0,10.180209784751566
131,Lamudi,ceiling,Condo For Sale in Kasambagan,"MLD Building, Governor Mariano Cuenco Avenue corner Paseo Saturnino Street, Kasambagan, Cebu City, Cebu, Central Visayas, PHL",Cebu City,Condominium,,187.0,4.0,4.0,54333333.0,10.32962093,123.90970479,Lamudi scraper,False,290552.5828877005,17.810648463967958,,7979.4,749.5,14,7,22,37,2,3,0.3329,24540775.0,,,1436.5,538.6,1801.2,4890.9,8494.4,12248.4,7885.7,21399.2,15419.6,13610.1,Kasambagan,30000.0,34500.0,115000.0,10.308985993422082
132,Lamudi,ceiling,Condo For Sale in Agus,"Agus Road, Marigondon, Lapu-Lapu City, Cebu, Central Visayas, PHL",Lapu-Lapu City,Condominium,,50.0,2.0,1.0,7931914.0,10.28410958,123.97552209,Lamudi scraper,False,158638.28,15.8864049264047,,2594.3,9530.5,4,1,4,5,0,2,0.0609,11694538.0,,,8653.5,8982.5,8744.4,4216.4,12833.6,15599.3,10354.6,25242.1,19967.5,18308.7,Basak,10000.0,15000.0,62500.0,9.210440366976517
133,Lamudi,ceiling,Condo For Sale in Cebu Business Park,"Cardinal Rosales Avenue, Hippodromo, Cebu City, Cebu, Central Visayas, PHL",Cebu City,Condominium,,125.0,3.0,3.0,25000000.0,10.3173365,123.9063138,Lamudi scraper,False,200000.0,17.034386382832476,,8030.3,1299.8,16,16,49,45,2,5,0.4958,26734601.0,,,233.0,1044.7,3125.3,4945.3,7244.9,10971.8,9100.7,20264.8,14327.7,12517.2,Luz,51250.0,206750.0,164500.0,10.844490409005417
134,Lamudi,ceiling,Condo For Sale in Lapu-Lapu,"Tambuli Seaside Resort and Spa, Buyong Road, Maribago, Lapu-Lapu, Lalawigan ng Cebu, Pilipinas",Lapu-Lapu City,Condominium,,36.0,,1.0,6800000.0,10.2899858,124.0068711,Lamudi scraper,False,188888.88888888888,15.732433170146336,,3600.5,12174.5,2,0,0,0,0,0,0.0121,18043273.0,,,11646.7,11791.0,11013.9,6618.5,16315.8,19076.9,10713.6,28697.4,23458.1,21799.9,Mactan,5000.0,10500.0,107500.0,8.517393171418904
135,Lamudi,ceiling,Condo For Sale in Mactan,"Mactan, Lapu-Lapu, Lalawigan ng Cebu, Pilipinas",Lapu-Lapu City,Condominium,,96.0,2.0,2.0,15000000.0,10.3054728,124.0112255,Lamudi scraper,False,156250.0,16.523560759066484,,3531.8,11884.9,4,1,4,9,1,1,0.0917,17244067.0,,,11783.5,11776.4,10664.1,6611.8,17080.7,20052.2,9451.2,29733.3,24333.0,22629.1,Mactan,5000.0,10500.0,107500.0,8.517393171418904
136,Lamudi,ceiling,House For Sale in Cebu,"Lungsod ng Cebu, Lalawigan ng Cebu, Pilipinas",Cebu City,Single Detached,,298.0,4.0,4.0,37592640.0,10.3156992,123.8854366,Lamudi scraper,False,126149.79865771811,17.44231884451878,,10278.3,393.1,15,8,24,23,0,4,0.2713,48009718.0,,,2072.6,2538.9,4824.6,7215.8,5674.1,9430.1,10917.0,18370.0,12373.0,10566.8,Guadalupe,23700.0,29550.0,84000.0,10.073272520325904
137,Lamudi,ceiling,Residential Lot For Sale in Cebu,"22 Madrid St, Cebu City, Cebu, Philippines",Cebu City,Lot Only,,566.0,,,36790000.0,10.3805837,123.9205558,Lamudi scraper,False,65000.0,17.420736627080956,,10366.3,3155.1,5,1,0,4,0,0,0.0489,15393067.0,,,7198.0,6204.5,4344.8,8169.6,13844.0,17588.9,4750.2,26156.8,20141.4,18382.1,Bacayan,10250.0,,80000.0,9.235130540783402
138,Lamudi,ceiling,Townhouse For Sale in Pit-Os,"Pit-os, Cebu City, Lalawigan ng Cebu, Pilipinas",Cebu City,Single Detached,,57.0,2.0,2.0,2900000.0,10.3994516,123.9206393,Lamudi scraper,False,50877.19298245614,14.880221294956703,,12082.5,5210.4,6,0,0,1,0,0,0.0385,13339926.0,,,9247.0,8249.8,6442.8,10114.9,15713.2,19428.7,5364.5,27739.2,21749.3,20022.4,Pit-os,12400.0,,93125.0,9.425532393502772
139,Lamudi,ceiling,Condo For Sale in Mandaue,"Mandani Bay Quay Phase 2, F.E. Zuellig Avenue, Tipolo, Mandaue, Lalawigan ng Cebu, Pilipinas",Mandaue City,Condominium,,58.0,1.0,1.0,15648124.0,10.3222542,123.9367941,Lamudi scraper,False,269795.2413793103,16.565861595560715,,4910.7,3723.0,11,7,10,22,7,4,0.4125,268425157.0,,,3593.0,3430.5,2759.2,1858.7,10200.1,13782.1,6717.0,23312.2,17464.6,15664.0,Tipolo,21150.0,41250.0,60000.0,9.959442464680574
140,Lamudi,ceiling,Studio For Sale in Agus,"Agus Road, Marigondon, Lapu-Lapu City, Cebu, Central Visayas, PHL",Lapu-Lapu City,Residential,,30.0,1.0,1.0,6166992.0,10.28410958,123.97552209,Lamudi scraper,False,205566.4,15.634721756745613,,2594.3,9530.5,4,1,4,5,0,2,0.0609,11717760.0,,,8653.5,8982.5,8744.4,4216.4,12833.6,15599.3,10354.6,25242.1,19967.5,18308.7,Basak,10000.0,15000.0,62500.0,9.210440366976517
141,Lamudi,ceiling,Studio For Sale in Agus,"Agus Road, Marigondon, Lapu-Lapu City, Cebu, Central Visayas, PHL",Lapu-Lapu City,Residential,,30.0,1.0,1.0,5269543.0,10.28410958,123.97552209,Lamudi scraper,False,175651.43333333332,15.477454199489832,,2594.3,9530.5,4,1,4,5,0,2,0.0609,11729569.0,,,8653.5,8982.5,8744.4,4216.4,12833.6,15599.3,10354.6,25242.1,19967.5,18308.7,Basak,10000.0,15000.0,62500.0,9.210440366976517
142,Lamudi,ceiling,Land For Sale in Liloan,"Liloan, Cebu, Pilipinas",Liloan,Residential,,1741.0,,,27856000.0,10.412129,123.986149,Lamudi scraper,False,16000.0,17.142558940990106,,11694.9,10341.5,0,0,0,1,0,0,0.0021,4730322.0,,,13787.6,12942.5,10611.9,11592.2,20905.8,24652.8,4654.7,33727.2,27713.5,25916.7,Jubay,3000.0,,,8.006700845440367
143,Lamudi,ceiling,Condo For Sale in Lapu-Lapu,"Tambuli Seaside Resort and Spa, Buyong Road, Lungsod ng Lapu-Lapu, Lalawigan ng Cebu, Pilipinas",Lapu-Lapu City,Condominium,,92.0,2.0,2.0,21343000.0,10.2899858,124.0068711,Lamudi scraper,False,231989.13043478265,16.876234375025707,,3600.5,12174.5,2,0,0,0,0,0,0.0121,17650219.0,,,11646.7,11791.0,11013.9,6618.5,16315.8,19076.9,10713.6,28697.4,23458.1,21799.9,Mactan,5000.0,10500.0,107500.0,8.517393171418904
144,Lamudi,ceiling,Condo For Sale in Agus,"Agus Road, Marigondon, Lapu-Lapu City, Cebu, Central Visayas, PHL",Lapu-Lapu City,Condominium,,25.0,1.0,1.0,5460112.0,10.28410958,123.97552209,Lamudi scraper,False,218404.48,15.512979860331216,,2594.3,9530.5,4,1,4,5,0,2,0.0609,11727061.0,,,8653.5,8982.5,8744.4,4216.4,12833.6,15599.3,10354.6,25242.1,19967.5,18308.7,Basak,10000.0,15000.0,62500.0,9.210440366976517
145,Lamudi,ceiling,Townhouse For Sale in Mactan,"Maribago, Lapu-Lapu City, Cebu, Pilipinas",Lapu-Lapu City,Single Detached,,69.0,3.0,2.0,6500000.0,10.2902065,123.9984363,Lamudi scraper,False,94202.89855072464,15.687312734865866,,2844.7,11336.5,4,0,1,6,0,1,0.0439,14926394.0,,,10753.0,10920.9,10223.4,5772.3,15403.7,18195.7,10318.1,27832.0,22561.4,20896.6,Maribago,4125.0,9750.0,112500.0,8.325063693631197
146,Lamudi,ceiling,Condo For Sale in Cebu,"7V9G+93V, Cebu City, 6000 Cebu, Philippines",Cebu City,Condominium,,30.0,2.0,1.0,5500000.0,10.27000631,123.87247402,Lamudi scraper,False,183333.33333333337,15.5202586502027,,12365.3,1401.2,1,0,0,3,1,0,0.0403,344537051.0,,,6357.1,7282.1,9553.5,9901.9,1500.9,4658.4,15493.2,14282.8,8657.7,6945.7,Cogon Pardo,17500.0,21500.0,92500.0,9.770013301136158
147,Lamudi,ceiling,Townhouse For Sale in Bulacao,"Bulacao, Cebu, Pilipinas",Talisay City,Single Detached,,130.0,4.0,4.0,8450000.0,10.27291,123.84291,Lamudi scraper,False,65000.0,15.949676999333356,,15368.2,1277.3,10,1,12,9,0,0,0.1043,10152400.0,,,8368.6,9115.0,11443.8,12700.9,1752.0,3203.4,17537.6,11753.5,5823.7,4019.3,Bulacao,9000.0,35000.0,,9.105090961257085
148,Lamudi,ceiling,House For Sale in Mactan,"Shabu Shabu and Korean Cuisine, Quezon National Highway, Maribago, Lapu-Lapu City, Cebu, Central Visayas, PHL",Lapu-Lapu City,Single Detached,,190.0,3.0,2.0,16351122.0,10.290415,123.998707,Lamudi scraper,False,86058.53684210527,16.609807076806238,,2851.7,11353.1,4,0,1,5,0,1,0.0417,14725350.0,,,10774.8,10939.8,10235.1,5788.4,15436.1,18230.7,10307.5,27867.6,22595.4,20930.0,Maribago,4125.0,9750.0,112500.0,8.325063693631197
149,Lamudi,ceiling,Condo For Sale in Agus,"Agus Road, Marigondon, Lapu-Lapu City, Cebu, Central Visayas, PHL",Lapu-Lapu City,Condominium,,25.0,1.0,1.0,4353696.0,10.28410958,123.97552209,Lamudi scraper,False,174147.84,15.286535697484654,,2594.3,9530.5,4,1,4,5,0,2,0.0609,11741619.0,,,8653.5,8982.5,8744.4,4216.4,12833.6,15599.3,10354.6,25242.1,19967.5,18308.7,Basak,10000.0,15000.0,62500.0,9.210440366976517
150,Lamudi,ceiling,House For Sale in Cebu,"Pardo, Cebu City, Lalawigan ng Cebu, Pilipinas",Cebu City,Single Detached,,1400.0,8.0,8.0,155000000.0,10.2925633,123.8453152,Lamudi scraper,False,110714.28571428572,18.85893567488352,,14714.6,2559.2,0,0,0,0,0,0,0.0,,,,7035.2,7626.0,9898.1,11836.5,2739.1,5404.3,15971.7,13396.5,7375.2,5597.6,Pardo,16440.0,22500.0,92500.0,9.707533494010876
151,Lamudi,ceiling,House For Sale in Tisa,"16 Platinum Street, Cebu City, Cebu, Philippines",Cebu City,Single Detached,,280.0,5.0,7.0,18000000.0,10.304145,123.86984,Lamudi scraper,False,64285.71428571428,16.70588231586044,,11945.9,1257.2,4,1,2,11,0,0,0.0602,18496554.0,,,4062.3,4663.1,6960.4,8981.1,3784.2,7462.9,13052.4,16239.3,10238.2,8433.2,Tisa,12820.0,21320.0,90000.0,9.4588397305527
152,Lamudi,ceiling,Condo For Sale in Lapu-Lapu,"Tambuli Residences, Buyong Road, Lungsod ng Lapu-Lapu, Lalawigan ng Cebu, Pilipinas",Lapu-Lapu City,Condominium,,72.0,2.0,2.0,17510000.0,10.2909978,124.0070746,Lamudi scraper,False,243194.44444444444,16.678282704262035,,3561.2,12139.9,2,0,0,0,0,0,0.0121,17551111.0,,,11638.8,11773.4,10974.9,6595.1,16352.1,19128.6,10622.5,28754.4,23503.4,21841.9,Mactan,5000.0,10500.0,107500.0,8.517393171418904
153,Lamudi,ceiling,Studio For Sale in Cebu Business Park,"Cardinal Rosales Avenue, Hippodromo, Cebu City, Cebu, Central Visayas, PHL",Cebu City,Residential,,25.0,1.0,1.0,6500000.0,10.31557373,123.9053366,Lamudi scraper,False,260000.0,15.687312734865866,,8111.4,1395.9,20,17,51,45,2,5,0.5324,26727266.0,,,281.3,1239.8,3348.4,5039.7,7031.9,10755.0,9316.4,20061.8,14130.7,12320.6,Luz,51250.0,206750.0,164500.0,10.844490409005417
154,Lamudi,ceiling,Condo For Sale in Agus,"Agus Road, Marigondon, Lapu-Lapu City, Cebu, Central Visayas, PHL",Lapu-Lapu City,Condominium,,25.0,1.0,1.0,4419051.0,10.28410958,123.97552209,Lamudi scraper,False,176762.04,15.30143552511892,,2594.3,9530.5,4,1,4,5,0,2,0.0609,11740759.0,,,8653.5,8982.5,8744.4,4216.4,12833.6,15599.3,10354.6,25242.1,19967.5,18308.7,Basak,10000.0,15000.0,62500.0,9.210440366976517
155,Lamudi,ceiling,House For Sale in Banilad,"paseo frederick, Paseo, Elizabeth, Cebu City, Lalawigan ng Cebu, Pilipinas",Cebu City,Single Detached,,870.0,5.0,5.0,95000000.0,10.358121,123.8969813,Lamudi scraper,False,109195.40229885056,18.369387449564815,,10609.1,1835.6,0,0,0,0,0,0,0.0,48000000.0,,,4546.1,3621.9,3201.4,7735.4,10457.6,14158.7,7588.0,22573.1,16561.1,14809.8,Banilad,41500.0,92500.0,90000.0,10.633472802314019
156,Lamudi,ceiling,House For Sale in Bulacao,"Bulacao, Talisay City, Cebu, Central Visayas, PHL",Talisay City,Single Detached,,769.0,7.0,7.0,49800000.0,10.27478922,123.8387583,Lamudi scraper,False,64759.427828348504,17.72352554199488,,15759.6,1764.2,8,1,8,1,0,0,0.0703,11313024.0,,,8619.2,9331.6,11652.1,13055.5,2226.2,3380.5,17748.6,11532.5,5555.1,3744.1,Cadulawan,8650.0,,,9.065430200180375
157,Lamudi,ceiling,House For Sale in Santa Cruz,"San Vicente, Liloan, Cebu, Pilipinas",Liloan,Single Detached,,,4.0,3.0,7950000.0,10.4113853,123.9722147,Lamudi scraper,False,,15.888682486630517,,11609.7,9154.5,1,0,0,0,0,0,0.0061,3600000.0,,,12782.4,11893.9,9585.7,11104.0,19858.6,23619.1,3985.8,32558.9,26538.4,24751.3,San Vicente,2500.0,4000.0,,7.824445930877619
158,Lamudi,ceiling,House For Sale in Tunghaan,"Tungkop Road, Tungkop, Minglanilla, Cebu, Central Visayas, PHL",Minglanilla,Single Detached,,,4.0,3.0,11488388.0,10.23838201,123.7820692,Lamudi scraper,False,,16.25684734407306,,22863.8,7075.5,6,0,0,2,0,0,0.0406,7958707.0,,,16025.9,16722.2,19030.6,20325.9,9192.9,6242.1,25122.3,4278.9,1863.2,3667.1,Tungkop,7000.0,18000.0,,8.853808274977197
159,Lamudi,ceiling,Condo For Sale in Maribago,"Buyong Road, Maribago, Lapu-Lapu City, Cebu, Central Visayas, PHL",Lapu-Lapu City,Condominium,,31.0,,1.0,5986176.0,10.28986648,124.00575829,Lamudi scraper,False,193102.4516129032,15.604963368900409,,3505.3,12074.6,2,0,0,0,0,1,0.0177,17989866.0,,,11533.0,11681.5,10917.1,6512.3,16193.3,18956.0,10672.6,28577.8,23336.2,21677.7,Mactan,5000.0,10500.0,107500.0,8.517393171418904
160,Lamudi,ceiling,Studio For Sale in Mactan,"Mactan, Lapu-Lapu City, Cebu, Central Visayas, PHL",Lapu-Lapu City,Residential,,45.0,1.0,1.0,9000000.0,10.29519186758621,124.0144034475088,Lamudi scraper,False,200000.0,16.012735135300492,,4097.6,12647.5,1,0,0,0,1,0,0.0338,11966500.0,,,12311.4,12391.1,11453.7,7195.8,17211.4,20028.0,10602.9,29664.1,24387.5,22716.9,,5000.0,10500.0,107500.0,8.517393171418904
161,Lamudi,ceiling,Condo For Sale in Cebu Business Park,"Cebu Business Park, Lungsod ng Cebu, Lalawigan ng Cebu, Pilipinas",Cebu City,Condominium,,259.0,3.0,4.0,46000000.0,10.3173504,123.9059978,Lamudi scraper,False,177606.1776061776,17.64415195445337,,8064.8,1280.7,16,17,48,44,2,5,0.5024,26501268.0,,,199.3,1041.7,3141.7,4979.8,7221.3,10949.7,9123.5,20238.1,14299.7,12489.2,Luz,51250.0,206750.0,164500.0,10.844490409005417
162,Lamudi,ceiling,Condo For Sale in Maribago,"Buyong Road, Maribago, Lapu-Lapu City, Cebu, Central Visayas, PHL",Lapu-Lapu City,Condominium,,75.0,1.0,1.0,15000000.0,10.28986648,124.00575829,Lamudi scraper,False,200000.0,16.523560759066484,,3505.3,12074.6,2,0,0,0,0,1,0.0177,17752660.0,,,11533.0,11681.5,10917.1,6512.3,16193.3,18956.0,10672.6,28577.8,23336.2,21677.7,Mactan,5000.0,10500.0,107500.0,8.517393171418904
163,Lamudi,ceiling,Condo For Sale in Cebu Business Park,"Cebu Business Park, Cebu City, Lalawigan ng Cebu, Pilipinas",Cebu City,Condominium,,108.0,2.0,2.0,30162154.0,10.3173504,123.9059978,Lamudi scraper,False,279279.2037037037,17.22209851765195,,8064.8,1280.7,16,17,48,44,2,5,0.5024,26677244.0,,,199.3,1041.7,3141.7,4979.8,7221.3,10949.7,9123.5,20238.1,14299.7,12489.2,Luz,51250.0,206750.0,164500.0,10.844490409005417
164,Lamudi,ceiling,Condo For Sale in Agus,"Agus Road, Marigondon, Lapu-Lapu City, Cebu, Central Visayas, PHL",Lapu-Lapu City,Condominium,,25.0,1.0,1.0,4518498.0,10.28410958,123.97552209,Lamudi scraper,False,180739.92,15.323690195699283,,2594.3,9530.5,4,1,4,5,0,2,0.0609,11739451.0,,,8653.5,8982.5,8744.4,4216.4,12833.6,15599.3,10354.6,25242.1,19967.5,18308.7,Basak,10000.0,15000.0,62500.0,9.210440366976517
165,Lamudi,ceiling,Condo For Sale in Lahug,"Lahug, Cebu City, Cebu, Pilipinas",Cebu City,Condominium,,56.0,1.0,1.0,13445760.0,10.3338299,123.8941434,Lamudi scraper,False,240102.85714285713,16.414174372677344,,9743.1,975.6,12,1,3,8,0,2,0.1146,22335183.0,,,2091.3,1497.3,3047.6,6649.4,7896.4,11644.4,8975.4,20427.4,14409.6,12617.5,Lahug,30000.0,57000.0,115000.0,10.308985993422082
166,Lamudi,ceiling,Condo For Sale in Mactan,"2 Casanta Soong, Lapu-Lapu City, 6015 Cebu, Philippines",Lapu-Lapu City,Condominium,,51.0,1.0,1.0,5998000.0,10.30416,124.007026,Lamudi scraper,False,117607.8431372549,15.606936638291092,,3085.6,11509.8,6,1,4,8,0,1,0.0739,28561424.0,,,11346.0,11358.1,10297.9,6180.4,16600.6,19570.5,9332.5,29252.2,23851.2,22147.9,Mactan,5000.0,10500.0,107500.0,8.517393171418904
167,Lamudi,ceiling,Condo For Sale in Punta Engaño,"Punta Engaño, Lapu-Lapu, Lalawigan ng Cebu, Pilipinas",Lapu-Lapu City,Condominium,,169.0,2.0,2.0,49214802.0,10.3231321,124.0349024,Lamudi scraper,False,291211.8461538461,17.711704989873684,,6368.4,13747.6,3,0,0,1,0,0,0.0203,31822293.0,,,14304.4,14132.5,12638.7,9199.5,20082.9,23174.5,9784.8,32873.0,27383.9,25653.3,Punta Engaño,7000.0,13500.0,95000.0,8.853808274977197
168,Lamudi,ceiling,Condo For Sale in Cebu Business Park,"Ayala Center Cebu, Cebu City, Lalawigan ng Cebu, Pilipinas",Cebu City,Condominium,,128.0,3.0,2.0,46748000.0,10.318237,123.9052295,Lamudi scraper,False,365218.75,17.660282032035184,,8162.3,1153.5,19,16,48,42,2,6,0.5119,27953168.0,,,114.3,944.6,3103.4,5072.6,7231.5,10967.0,9111.5,20230.6,14284.9,12474.0,Luz,51250.0,206750.0,164500.0,10.844490409005417
169,Lamudi,ceiling,Condo For Sale in Agus,"Agus Road, Marigondon, Lapu-Lapu City, Cebu, Central Visayas, PHL",Lapu-Lapu City,Condominium,,25.0,1.0,1.0,4409115.0,10.28410958,123.97552209,Lamudi scraper,False,176364.6,15.29918454701194,,2594.3,9530.5,4,1,4,5,0,2,0.0609,11740890.0,,,8653.5,8982.5,8744.4,4216.4,12833.6,15599.3,10354.6,25242.1,19967.5,18308.7,Basak,10000.0,15000.0,62500.0,9.210440366976517
170,Lamudi,ceiling,Studio For Sale in Apas,"Kasambagan, Cebu City, Cebu, Central Visayas, PHL",Cebu City,Residential,,23.0,,1.0,4800000.0,10.33280355,123.90906928,Lamudi scraper,False,208695.65217391303,15.38412647587812,,8162.1,472.9,15,4,24,32,2,3,0.3006,25255618.0,,,1742.3,767.4,1615.1,5093.2,8721.1,12481.3,7710.1,21571.5,15580.4,13772.9,Apas,28800.0,37300.0,125550.0,10.268165387743457
171,Lamudi,ceiling,House For Sale in Cebu,"1596 R. Duterte St, Cebu City, 6000 Cebu, Philippines",Cebu City,Single Detached,,250.0,6.0,5.0,20000000.0,10.315699,123.885437,Lamudi scraper,False,80000.0,16.811242831518264,,10278.3,393.0,15,8,24,23,0,4,0.2713,48542828.0,,,2072.6,2538.9,4824.6,7215.8,5674.1,9430.1,10917.0,18370.1,12373.0,10566.8,Guadalupe,23700.0,29550.0,84000.0,10.073272520325904
172,Lamudi,ceiling,Commercial For Sale in Lahug,"Lahug (Pob.), Lungsod ng Cebu, Lalawigan ng Cebu, Pilipinas",Cebu City,Residential,,301.0,,2.0,69999998.0,10.3338299,123.8941434,Lamudi scraper,False,232558.13289036544,18.064005771442204,,9743.1,975.6,12,1,3,8,0,2,0.1146,20073014.0,,,2091.3,1497.3,3047.6,6649.4,7896.4,11644.4,8975.4,20427.4,14409.6,12617.5,Lahug,30000.0,57000.0,115000.0,10.308985993422082
173,Lamudi,ceiling,Land For Sale in Catarman,"Catarman, Liloan, Lalawigan ng Cebu, Pilipinas",Liloan,Residential,,5794.0,,,150000000.0,10.3832608,124.0056535,Lamudi scraper,False,25888.850535036243,18.82614585206053,,8947.4,10671.4,1,0,0,2,0,0,0.0103,26500000.0,,,13262.6,12606.1,10369.1,9755.7,20278.2,23910.1,4640.1,33362.4,27435.2,25624.4,Catarman,3000.0,,,8.006700845440367
174,Lamudi,ceiling,Condo For Sale in Kasambagan,"MLD Building, Governor Mariano Cuenco Avenue corner Paseo Saturnino Street, Kasambagan, Cebu City, Cebu, Central Visayas, PHL",Cebu City,Condominium,,54.0,1.0,1.0,12888533.0,10.32962093,123.90970479,Lamudi scraper,False,238676.53703703705,16.371848559284235,,7979.4,749.5,14,7,22,37,2,3,0.3329,25243229.0,,,1436.5,538.6,1801.2,4890.9,8494.4,12248.4,7885.7,21399.2,15419.6,13610.1,Kasambagan,30000.0,34500.0,115000.0,10.308985993422082
175,Lamudi,ceiling,House For Sale in Subabasbas,"Subabasbas, Lapu-Lapu City, Cebu, Central Visayas, PHL",Lapu-Lapu City,Single Detached,,50.0,,1.0,3500000.0,10.26749779,123.9727957,Lamudi scraper,False,70000.0,15.068273526459642,,4465.3,10366.9,3,0,0,1,0,2,0.0314,3324624.0,,,9359.6,9855.9,9999.0,5642.6,12472.6,14886.5,12161.8,24396.6,19364.6,17782.0,Subabasbas,3225.0,8260.0,,8.078998258685154
176,Lamudi,ceiling,Condo For Sale in Punta Engaño,"Punta Engano, Lapu-Lapu City, Cebu, Central Visayas, PHL",Lapu-Lapu City,Condominium,,50.0,1.0,1.0,5500000.0,10.33005475,124.04013073,Lamudi scraper,False,110000.0,15.5202586502027,,7155.5,14142.8,3,0,0,1,0,0,0.0203,31676590.0,,,14925.8,14703.4,13106.2,9880.5,20857.6,23999.9,9819.4,33703.0,28173.0,26431.8,Punta Engaño,7000.0,13500.0,95000.0,8.853808274977197
177,Lamudi,ceiling,House For Sale in Bakilid,"163 L. Jayme St, Mandaue City, Cebu, Philippines",Mandaue City,Single Detached,,265.0,4.0,4.0,18000000.0,10.339145,123.933541,Lamudi scraper,False,67924.52830188679,16.70588231586044,,6111.1,2664.5,12,3,20,37,0,2,0.2172,86939332.0,,,3982.7,3338.0,1409.0,3440.2,11075.8,14781.2,5311.3,24103.1,18153.9,16342.8,Bakilid,17015.0,24120.0,130750.0,9.741909356880074
178,Lamudi,ceiling,Villas For Sale in Punta Engaño,"Punta Engaño, Lungsod ng Lapu-Lapu, Lalawigan ng Cebu, Pilipinas",Lapu-Lapu City,Residential,,203.0,3.0,3.0,66699019.0,10.3210549,124.0321172,Lamudi scraper,False,328566.5960591133,18.015700803131516,,6013.0,13511.6,3,0,0,1,0,0,0.0203,50543145.0,,,13992.2,13836.6,12378.5,8872.5,19725.7,22805.4,9689.7,32502.5,27022.6,25294.7,Punta Engaño,7000.0,13500.0,95000.0,8.853808274977197
179,Lamudi,ceiling,Offices For Sale in Kasambagan,"Golam Drive, Cebu City, Lalawigan ng Cebu, Pilipinas",Cebu City,Residential,,115.0,4.0,2.0,19500000.0,10.3249188,123.9098453,Lamudi scraper,False,169565.21739130435,16.785925023533974,,7816.9,1098.5,10,9,43,43,4,2,0.4168,29225601.0,,,994.4,489.1,2205.2,4711.4,8116.9,11858.6,8229.7,21084.6,15123.3,13312.4,Kasambagan,30000.0,34500.0,115000.0,10.308985993422082
180,Lamudi,ceiling,Condo For Sale in Lahug,"15 Wilson St, Cebu City, Cebu, Philippines",Cebu City,Condominium,,56.0,,1.0,12500000.0,10.33194,123.900217,Lamudi scraper,False,223214.2857142857,16.34123920227253,,9046.3,516.1,14,2,19,24,2,6,0.2681,23190061.0,,,1625.9,840.1,2499.0,5953.1,8066.5,11829.9,8539.2,20776.0,14769.2,12967.4,Lahug,30000.0,57000.0,115000.0,10.308985993422082
181,Lamudi,ceiling,Condo For Sale in Lahug,"Saint Anthony, Lahug, Cebu City, Cebu, Central Visayas, PHL",Cebu City,Condominium,,48.0,2.0,1.0,10894000.0,10.33099833,123.90308661,Lamudi scraper,False,226958.33333333337,16.20372273692576,,8715.4,472.1,19,4,20,34,2,5,0.3354,24776310.0,,,1465.6,559.1,2271.1,5622.3,8162.0,11926.4,8348.6,20943.2,14943.9,13138.8,Lahug,30000.0,57000.0,115000.0,10.308985993422082
182,Lamudi,ceiling,Condo For Sale in Punta Engaño,"Punta Engano, Lapu-Lapu City, Cebu, Central Visayas, PHL",Lapu-Lapu City,Condominium,,63.0,2.0,2.0,5500000.0,10.33005475,124.04013073,Lamudi scraper,False,87301.58730158731,15.5202586502027,,7155.5,14142.8,3,0,0,1,0,0,0.0203,31676590.0,,,14925.8,14703.4,13106.2,9880.5,20857.6,23999.9,9819.4,33703.0,28173.0,26431.8,Punta Engaño,7000.0,13500.0,95000.0,8.853808274977197
183,Lamudi,ceiling,Land For Sale in Maguikay,"Maguikay, Mandaue City, Lalawigan ng Cebu, Pilipinas",Mandaue City,Residential,,5659.0,,,396130000.0,10.3395534,123.9373697,Lamudi scraper,False,70000.0,19.79725299817402,,5803.5,3067.4,15,4,25,28,0,1,0.2266,74744858.0,,,4351.8,3740.4,1816.1,3261.4,11418.1,15109.7,5023.9,24464.9,18525.1,16714.2,Maguikay,10000.0,16000.0,,9.210440366976517
184,Lamudi,ceiling,Condo For Sale in Cebu Business Park,"8W85+49 Cebu City, Cebu, Philippines",Cebu City,Condominium,,96.0,2.0,2.0,16000000.0,10.315373,123.908492,Lamudi scraper,False,166666.66666666666,16.588099280204055,,7765.9,1613.0,17,14,47,47,4,7,0.5504,27751731.0,,,540.3,1296.1,3207.1,4693.9,7270.4,10975.6,9099.7,20326.7,14409.2,12600.2,Hippodromo,195250.0,78125.0,157750.0,12.182041189327741
185,Lamudi,ceiling,Commercial Lot For Sale in Poblacion,"Uldog Street, Talisay, Lalawigan ng Cebu, Pilipinas",Talisay City,Lot Only,,8968.0,,,582964840.0,10.2477346,123.847026,Lamudi scraper,False,65005.0,20.183637433748263,,15879.9,1364.0,8,0,1,15,1,2,0.1207,6064545.0,,,10001.0,10882.5,13192.1,13566.2,2980.5,975.3,19188.8,10679.6,5460.2,4062.2,Poblacion,10500.0,15000.0,,9.259225769705994
186,Lamudi,ceiling,Condo For Sale in Kasambagan,"Tres Borces, Mabolo, Cebu City, Cebu, Central Visayas, PHL",Cebu City,Condominium,,24.0,1.0,1.0,2800000.0,10.32316469,123.91120627,Lamudi scraper,False,116666.66666666669,14.845129975145433,,7625.2,1299.1,8,9,42,39,2,3,0.3449,33674326.0,,,961.9,714.3,2298.5,4518.5,8081.0,11811.4,8262.6,21082.8,15133.8,13322.8,Kasambagan,30000.0,34500.0,115000.0,10.308985993422082
187,Lamudi,ceiling,Condo For Sale in Cebu IT Park,"IT Park, Cebu IT Park, Brgy Apas, Cebu City, Cebu, Pilipinas",Cebu City,Condominium,,211.0,3.0,3.0,81600000.0,10.3293875,123.9069196,Lamudi scraper,False,386729.8578199052,18.217339819934335,,8261.6,620.0,18,5,23,35,2,4,0.3396,23474918.0,,,1313.7,322.8,2037.6,5167.1,8278.1,12037.3,8133.4,21147.5,15161.5,13352.9,Lahug,30000.0,57000.0,115000.0,10.308985993422082
188,Lamudi,ceiling,House For Sale in Talisay,"One Lexington, Talisay, Lalawigan ng Cebu, Pilipinas",Talisay City,Single Detached,,86.0,2.0,2.0,10000000.0,10.2532518,123.8464418,Lamudi scraper,False,116279.06976744186,16.11809565095832,,15693.4,772.8,12,0,1,9,0,0,0.0932,66107484.0,,,9572.4,10433.3,12753.4,13299.8,2477.4,1293.4,18779.0,10891.6,5450.7,3914.2,Cansojong,9500.0,17500.0,,9.15915233520675
189,Lamudi,ceiling,House For Sale in Banilad,"20-20 Eagle, Banilad, Mandaue City, Cebu, Central Visayas, PHL",Cebu City,Single Detached,,,4.0,4.0,42979032.0,10.34876085,123.9149629,Lamudi scraper,False,,17.576222926821707,,8392.0,538.3,15,9,20,29,0,0,0.2671,48473003.0,,,3629.4,2649.7,1034.3,5576.2,10523.6,14288.0,6167.9,23226.3,17212.9,15415.7,Banilad,41500.0,92500.0,90000.0,10.633472802314019
190,Lamudi,ceiling,Condo For Sale in Punta Engaño,"Punta Engano, Lapu-Lapu City, Cebu, Central Visayas, PHL",Lapu-Lapu City,Condominium,,42.0,,1.0,3200000.0,10.33005475,124.04013073,Lamudi scraper,False,76190.47619047618,14.978661367769956,,7155.5,14142.8,3,0,0,1,0,0,0.0203,31728863.0,,,14925.8,14703.4,13106.2,9880.5,20857.6,23999.9,9819.4,33703.0,28173.0,26431.8,Punta Engaño,7000.0,13500.0,95000.0,8.853808274977197
191,Lamudi,ceiling,Condo For Sale in Marigondon,"7X8W+FW Lapu-Lapu City, Cebu, Philippines",Lapu-Lapu City,Condominium,,14.0,1.0,1.0,1611488.0,10.266182,123.997295,Lamudi scraper,False,115106.28571428572,14.292668533731469,,4980.3,12619.7,0,0,0,0,0,0,0.0,12637318.0,,,11689.6,12065.8,11833.7,7288.2,15156.9,17512.2,12804.0,26950.9,22012.3,20447.0,,9500.0,19500.0,57500.0,9.15915233520675
192,Lamudi,ceiling,Land For Sale in Maguikay,"Maguikay, Mandaue, Lalawigan ng Cebu, Pilipinas",Mandaue City,Residential,,5659.0,,,396130000.0,10.3395534,123.9373697,Lamudi scraper,False,70000.0,19.79725299817402,,5803.5,3067.4,15,4,25,28,0,1,0.2266,74744858.0,,,4351.8,3740.4,1816.1,3261.4,11418.1,15109.7,5023.9,24464.9,18525.1,16714.2,Maguikay,10000.0,16000.0,,9.210440366976517
193,Lamudi,ceiling,House For Sale in Cabancalan,"Agro Macro Phase 2 Chapel, Emilio Aguirre Street, Mandaue, Lalawigan ng Cebu, Pilipinas",Mandaue City,Single Detached,,82.0,1.0,2.0,8000000.0,10.353442,123.9254755,Lamudi scraper,False,97560.9756097561,15.89495209964411,,7792.3,1364.9,6,2,3,38,0,0,0.1414,131413333.0,,,4586.5,3671.6,1418.4,5252.9,11634.0,15394.6,4913.5,24429.6,18422.8,16621.2,Cabancalan,17100.0,15950.0,,9.746892220313054
194,Lamudi,ceiling,Condo For Sale in Punta Engaño,"Punta Engano, Lapu-Lapu City, Cebu, Central Visayas, PHL",Lapu-Lapu City,Condominium,,174.0,3.0,2.0,25000000.0,10.32856283,124.0412664,Lamudi scraper,False,143678.16091954024,17.034386382832476,,7215.5,14295.9,3,0,0,1,0,0,0.0203,31025999.0,,,15035.6,14824.4,13246.9,9973.8,20925.2,24049.0,10012.6,33750.6,28236.0,26498.5,Punta Engaño,7000.0,13500.0,95000.0,8.853808274977197
195,Lamudi,ceiling,Land For Sale in Cebu,"15c Turquoise St, Cebu City, Cebu, Philippines",Cebu City,Residential,,240.0,,,6720000.0,10.36171,123.911374,Lamudi scraper,False,28000.0,15.720598712499331,,9563.6,962.8,4,0,4,18,0,0,0.0676,23770428.0,,,4936.8,3939.2,2475.4,6905.7,11522.9,15272.5,5964.6,23944.2,17923.1,16149.0,Talamban,26375.0,68100.0,117500.0,10.180209784751566
196,Lamudi,ceiling,Condo For Sale in Cebu Business Park,"Leyte Loop, Mabolo, Cebu City, Cebu, Central Visayas, PHL",Cebu City,Condominium,,50.0,1.0,1.0,7500000.0,10.315001,123.907781,Lamudi scraper,False,150000.0,15.83041357850654,,7838.5,1605.1,19,15,49,47,3,7,0.5471,28160195.0,,,500.5,1321.2,3277.9,4770.1,7184.9,10891.9,9182.3,20239.5,14321.3,12512.3,Hippodromo,195250.0,78125.0,157750.0,12.182041189327741
197,Lamudi,ceiling,Condo For Sale in Cebu,"1119 Middle Nivel Hills Rd, Cebu City, 6000 Cebu, Philippines",Cebu City,Condominium,,88.0,2.0,2.0,13500000.0,10.342605,123.896352,Lamudi scraper,False,153409.0909090909,16.41820024340866,,9860.6,1307.4,1,0,0,2,0,0,0.0103,15234562.0,,,2883.3,2044.9,2686.6,6824.8,8869.8,12607.0,8284.0,21279.1,15257.6,13476.9,Lahug,30000.0,57000.0,115000.0,10.308985993422082
198,Lamudi,ceiling,Condo For Sale in Agus,"Agus Road, Marigondon, Lapu-Lapu City, Cebu, Central Visayas, PHL",Lapu-Lapu City,Condominium,,25.0,1.0,1.0,4409115.0,10.28410958,123.97552209,Lamudi scraper,False,176364.6,15.29918454701194,,2594.3,9530.5,4,1,4,5,0,2,0.0609,11740890.0,,,8653.5,8982.5,8744.4,4216.4,12833.6,15599.3,10354.6,25242.1,19967.5,18308.7,Basak,10000.0,15000.0,62500.0,9.210440366976517
199,Lamudi,ceiling,Condo For Sale in Camputhaw,"The Suites at Gorordo, Archbishop Reyes Avenue, Lungsod ng Cebu, Lalawigan ng Cebu, Pilipinas",Cebu City,Condominium,,35.0,1.0,1.0,7950840.0,10.3157184,123.9015784,Lamudi scraper,False,227166.85714285713,15.88878814142621,,8521.7,1022.0,19,18,57,55,2,5,0.565,27481073.0,,,377.9,1305.8,3561.9,5451.2,6752.3,10493.2,9591.9,19743.2,13797.1,11986.2,Camputhaw,63000.0,74000.0,120000.0,11.050905878263567
200,Lamudi,ceiling,Condo For Sale in Lahug,"32 Sanson by Rockwell, Sanson Road, Lungsod ng Cebu, Lalawigan ng Cebu, Pilipinas",Cebu City,Condominium,,82.0,2.0,2.0,21500000.0,10.3329596,123.8948853,Lamudi scraper,False,262195.1219512195,16.883563493097892,,9636.6,849.4,12,1,3,9,0,2,0.1167,19909716.0,,,1966.3,1377.9,2999.1,6540.7,7852.5,11604.6,8958.6,20420.5,14404.5,12610.0,Lahug,30000.0,57000.0,115000.0,10.308985993422082
201,Lamudi,ceiling,Condo For Sale in San Nicolas Central,"N Bacalso Ave & V Rama Ave, Lungsod ng Cebu, Cebu, Pilipinas",Cebu City,Condominium,,22.0,,1.0,4512534.0,10.2972856,123.8882994,Lamudi scraper,False,205115.18181818185,15.322369416220926,,9982.7,967.3,28,7,24,20,2,8,0.4115,142076325.0,,,2878.3,3789.5,6073.9,7135.3,4283.2,7996.5,12074.7,17360.4,11479.3,9676.8,Calamba,19500.0,26250.0,95000.0,9.87822102528824
202,Lamudi,ceiling,Land For Sale in Cebu,"22 Madrid St, Cebu City, Cebu, Philippines",Cebu City,Residential,,,,,14157000.0,10.3805837,123.9205558,Lamudi scraper,False,,16.465719759376633,,10366.3,3155.1,5,1,0,4,0,0,0.0489,17450613.0,,,7198.0,6204.5,4344.8,8169.6,13844.0,17588.9,4750.2,26156.8,20141.4,18382.1,Bacayan,10250.0,,80000.0,9.235130540783402
203,Lamudi,ceiling,Condo For Sale in Banawa,"Good Shepherd Road, Guadalupe, Cebu City, Cebu, Central Visayas, PHL",Cebu City,Condominium,,32.0,1.0,1.0,4800000.0,10.3149656,123.87423,Lamudi scraper,False,150000.0,15.38412647587812,,11493.2,1556.5,5,0,3,8,0,0,0.0511,28207020.0,,,3300.4,3688.9,5896.0,8439.5,5078.1,8753.7,11950.2,17403.4,11386.5,9593.4,Guadalupe,23700.0,29550.0,84000.0,10.073272520325904
204,Lamudi,ceiling,Land For Sale in Tawason,"Bacayan, Lungsod ng Cebu, Cebu, Pilipinas",Mandaue City,Residential,,480.0,,,18240000.0,10.3835968,123.9220336,Lamudi scraper,False,38000.0,16.719127542610458,,10535.6,3521.4,4,1,0,3,0,0,0.0407,19100976.0,,,7563.0,6570.4,4681.4,8413.0,14215.4,17959.6,4634.3,26512.7,20498.6,18741.6,Bacayan,10250.0,,80000.0,9.235130540783402
205,Lamudi,ceiling,House For Sale in Cebu,"1596 R. Duterte St, Cebu City, 6000 Cebu, Philippines",Cebu City,Single Detached,,242.0,4.0,3.0,13500000.0,10.315699,123.885437,Lamudi scraper,False,55785.12396694215,16.41820024340866,,10278.3,393.0,15,8,24,23,0,4,0.2713,48739798.0,,,2072.6,2538.9,4824.6,7215.8,5674.1,9430.1,10917.0,18370.1,12373.0,10566.8,Guadalupe,23700.0,29550.0,84000.0,10.073272520325904
206,Lamudi,ceiling,Beach House For Sale in Cogon East,"Luyang, Carmen, Cebu, Central Visayas, PHL",Carmen,Single Detached,,474.0,6.0,6.0,90000000.0,10.596643,124.026482,Lamudi scraper,False,189873.41772151896,18.31532022829454,,32602.0,29778.0,4,0,0,0,1,0,0.052,90000000.0,,,33757.0,32788.9,30629.0,32521.4,40498.2,44221.5,25419.2,52243.8,46344.3,44675.8,Luyang,2250.0,3250.0,,7.719129840906732
207,Lamudi,ceiling,House For Sale in Subabasbas,"Subabasbas, Lungsod ng Lapu-Lapu, Lalawigan ng Cebu, Pilipinas",Lapu-Lapu City,Single Detached,,70.0,2.0,2.0,4500000.0,10.2667391,123.9722147,Lamudi scraper,False,64285.71428571428,15.319587954740548,,4558.6,10372.8,2,0,0,1,0,0,0.0143,3425727.0,,,9359.8,9865.5,10032.9,5693.7,12412.7,14809.5,12241.0,24312.6,19291.3,17712.5,Subabasbas,3225.0,8260.0,,8.078998258685154
208,Lamudi,ceiling,Condo For Sale in Cebu IT Park,"CEBU BUSINESS PARK, Cebu IT Park, Brgy Apas, Cebu City, Lalawigan ng Cebu, Pilipinas",Cebu City,Condominium,,104.0,2.0,2.0,20500000.0,10.3293875,123.9069196,Lamudi scraper,False,197115.38461538465,16.835935444108635,,8261.6,620.0,18,5,23,35,2,4,0.3396,24460402.0,,,1313.7,322.8,2037.6,5167.1,8278.1,12037.3,8133.4,21147.5,15161.5,13352.9,Lahug,30000.0,57000.0,115000.0,10.308985993422082
209,Lamudi,ceiling,House For Sale in Cebu,"Tisa, Cebu City, Cebu, Central Visayas, PHL",Cebu City,Single Detached,,253.0,4.0,3.0,41000000.0,10.30926645,123.8697277,Lamudi scraper,False,162055.33596837946,17.529082624668582,,11955.5,1467.1,3,0,3,6,0,0,0.0347,5078898.0,,,3896.3,4394.0,6646.5,8944.1,4324.8,7968.9,12719.1,16611.1,10596.8,8800.5,Guadalupe,23700.0,29550.0,84000.0,10.073272520325904
210,Lamudi,ceiling,Land For Sale in Lamac,"New Orleans Street, Consolacion, Cebu, Pilipinas",Consolacion,Residential,,150.0,,,2400000.0,10.3893733,123.96416,Lamudi scraper,False,16000.0,14.690979295318174,,9281.2,6891.4,6,0,0,1,0,0,0.0385,6226740.0,,,10303.3,9452.0,7122.3,8535.2,17417.0,21166.5,1430.7,30246.6,24236.2,22436.9,Lamac,3650.0,4000.0,,8.202756381655638
211,Lamudi,ceiling,House For Sale in Tunghaan,"Tungkop Road, Tungkop, Minglanilla, Cebu, Central Visayas, PHL",Minglanilla,Single Detached,,,4.0,3.0,15940000.0,10.23838201,123.7820692,Lamudi scraper,False,,16.584342231326342,,22863.8,7075.5,6,0,0,2,0,0,0.0406,7587740.0,,,16025.9,16722.2,19030.6,20325.9,9192.9,6242.1,25122.3,4278.9,1863.2,3667.1,Tungkop,7000.0,18000.0,,8.853808274977197
212,Lamudi,ceiling,Commercial Lot For Sale in Mandaue,"M. Logarta, Subangdaku, Cebu City, Cebu, Central Visayas, PHL",Mandaue City,Lot Only,,1215.0,,,267300000.0,10.31744887,123.92577554,Lamudi scraper,False,220000.0,19.403882181109147,,5932.3,2957.3,5,1,19,15,4,0,0.2064,149367613.0,,,2354.9,2419.5,2728.5,2830.8,8902.0,12513.2,7773.1,22011.5,16151.7,14349.7,Subangdaku,23575.0,68750.0,132500.0,10.06798452441753
213,Lamudi,ceiling,Land For Sale in Jugan,"Cebu North Road, Liloan, Lalawigan ng Cebu, Pilipinas",Consolacion,Residential,,65900.0,,,988500000.0,10.3856129,123.9764573,Lamudi scraper,True,15000.0,20.711699200574945,,8724.6,7820.9,3,0,0,2,0,0,0.0225,5225467.0,,,10914.3,10133.2,7809.9,8459.2,18038.7,21758.4,1715.9,30993.4,25004.4,23197.1,Yati,3000.0,3500.0,,8.006700845440367
214,Lamudi,ceiling,Condo For Sale in Agus,"Agus Road, Marigondon, Lapu-Lapu City, Cebu, Central Visayas, PHL",Lapu-Lapu City,Condominium,,34.0,1.0,1.0,5966473.0,10.28410958,123.97552209,Lamudi scraper,False,175484.5,15.60166652351554,,2594.3,9530.5,4,1,4,5,0,2,0.0609,11720399.0,,,8653.5,8982.5,8744.4,4216.4,12833.6,15599.3,10354.6,25242.1,19967.5,18308.7,Basak,10000.0,15000.0,62500.0,9.210440366976517
215,Lamudi,ceiling,House For Sale in Cebu,"Amethyst, Talamban, Cebu City, Cebu, Central Visayas, PHL",Cebu City,Single Detached,,380.0,5.0,6.0,27000000.0,10.36171,123.911374,Lamudi scraper,False,71052.63157894737,17.111347423968603,,9563.6,962.8,4,0,4,18,0,0,0.0676,22756428.0,,,4936.8,3939.2,2475.4,6905.7,11522.9,15272.5,5964.6,23944.2,17923.1,16149.0,Talamban,26375.0,68100.0,117500.0,10.180209784751566
216,Lamudi,ceiling,Commercial Lot For Sale in Jubay,"Cebu North Road, Cotcot, Liloan, Cebu, Central Visayas, PHL",Liloan,Lot Only,,2863.0,,,91616000.0,10.4160016,123.99746749,Lamudi scraper,False,32000.0,18.33311648687998,,12266.9,11580.8,1,3,1,1,0,0,0.0394,,,,14933.9,14112.9,11779.9,12447.8,22060.6,25796.5,5731.4,34936.3,28928.2,27127.6,Jubay,3000.0,,,8.006700845440367
217,Lamudi,ceiling,Beach House For Sale in Cogon East,"Luyang, Carmen, Cebu, Central Visayas, PHL",Carmen,Single Detached,,474.0,6.0,6.0,90000000.0,10.596643,124.026482,Lamudi scraper,False,189873.41772151896,18.31532022829454,,32602.0,29778.0,4,0,0,0,1,0,0.052,90000000.0,,,33757.0,32788.9,30629.0,32521.4,40498.2,44221.5,25419.2,52243.8,46344.3,44675.8,Luyang,2250.0,3250.0,,7.719129840906732
218,Lamudi,ceiling,Commercial For Sale in Zapatera,"General Maxilom Ave, Cebu City, Cebu, Philippines",Cebu City,Residential,,600.0,,,54360000.0,10.3114939,123.9005213,Lamudi scraper,False,90600.0,17.811139147247218,,8597.8,1255.5,22,25,69,70,2,5,0.6998,24117626.0,,,818.0,1787.2,4013.0,5567.2,6337.7,10064.8,10008.1,19368.4,13442.0,11632.3,Zapatera,62250.0,72375.0,118500.0,11.038929878454953
219,Lamudi,ceiling,Condo For Sale in Cebu Business Park,"Cebu Business Park, Cebu City, Lalawigan ng Cebu, Pilipinas",Cebu City,Condominium,,38.0,1.0,1.0,8500000.0,10.3173504,123.9059978,Lamudi scraper,False,223684.2105263158,15.955576721460544,,8064.8,1280.7,16,17,48,44,2,5,0.5024,26917935.0,,,199.3,1041.7,3141.7,4979.8,7221.3,10949.7,9123.5,20238.1,14299.7,12489.2,Luz,51250.0,206750.0,164500.0,10.844490409005417
220,Lamudi,ceiling,Townhouse For Sale in Inayagan,"Tunghaan, Minglanilla, Cebu, Central Visayas, PHL",Minglanilla,Single Detached,,92.0,3.0,2.0,7799904.0,10.24139186,123.7803807,Lamudi scraper,False,84781.56521739131,15.869621983891772,,22928.9,7149.4,7,0,0,2,0,0,0.0467,8053306.0,,,15999.9,16679.4,18980.1,20360.0,9234.1,6399.7,25066.6,4445.4,1910.1,3671.8,Tunghaan,7000.0,14000.0,70000.0,8.853808274977197
221,Lamudi,ceiling,Residential Lot For Sale in Tisa,"Topaz Street, Tisa, Cebu City, Cebu, Central Visayas, PHL",Cebu City,Lot Only,,150.0,,,2400000.0,10.304145,123.86984,Lamudi scraper,False,16000.0,14.690979295318174,,11945.9,1257.2,4,1,2,11,0,0,0.0602,19174815.0,,,4062.3,4663.1,6960.4,8981.1,3784.2,7462.9,13052.4,16239.3,10238.2,8433.2,Tisa,12820.0,21320.0,90000.0,9.4588397305527
222,Lamudi,ceiling,Townhouse For Sale in Tawason,"Tawason, Mandaue, Lalawigan ng Cebu, Pilipinas",Mandaue City,Single Detached,,,3.0,2.0,5205000.0,10.3781056,123.9276107,Lamudi scraper,False,,15.465130260031206,,9683.4,3197.4,4,1,0,2,1,0,0.0663,24858363.0,,,7168.8,6193.8,4135.1,7623.1,14002.8,17762.4,3960.9,26489.3,20468.2,18693.6,Tawason,4875.0,7820.0,,8.492080490601163
223,Lamudi,ceiling,House For Sale in Pajac,"Madrid Street, Pajac, Lapu-Lapu City, Cebu, Central Visayas, PHL",Lapu-Lapu City,Single Detached,,158.0,3.0,2.0,10000000.0,10.298911,123.992887,Lamudi scraper,False,63291.13924050633,16.11809565095832,,1777.3,10356.1,6,0,1,4,0,0,0.0461,19301192.0,,,9922.9,10020.0,9191.2,4829.5,14966.0,17917.4,9197.2,27599.1,22204.7,20506.2,Mactan,5000.0,10500.0,107500.0,8.517393171418904
224,Lamudi,ceiling,Townhouse For Sale in Cebu,"Lilac Street, Guadalupe, Cebu City, Cebu, Central Visayas, PHL",Cebu City,Single Detached,,200.0,5.0,4.0,15900000.0,10.32342059,123.8801951,Lamudi scraper,False,79500.0,16.58182966719046,,10957.6,1405.0,10,2,1,7,0,3,0.1135,20133442.0,,,2703.4,2821.1,4884.8,7860.9,6188.7,9887.1,10884.0,18524.1,12504.1,10716.8,Guadalupe,23700.0,29550.0,84000.0,10.073272520325904
225,Lamudi,ceiling,Townhouse For Sale in Tamiao,"Tamiao, Compostela, Cebu, Central Visayas, PHL",Compostela,Single Detached,,,1.0,1.0,5580000.0,10.44724499,123.98910129,Lamudi scraper,False,,15.534699334357494,,15612.6,13365.2,0,0,0,0,0,0,0.0,4901714.0,,,17119.6,16207.9,13924.4,15417.4,24149.0,27913.4,8338.1,36691.6,30672.7,28903.7,Cabadiangan,750.0,,,6.621405651764134
226,Lamudi,ceiling,House For Sale in Pooc,"Pooc, Talisay City, Cebu, Central Visayas, PHL",Minglanilla,Single Detached,,512.0,6.0,6.0,26500000.0,10.2383768,123.81665825,Lamudi scraper,False,51757.8125,17.09265529095645,,19339.2,3719.1,6,1,0,4,0,0,0.0549,18269606.0,,,13037.6,13839.6,16172.5,16949.3,5934.2,2512.0,22248.8,7237.4,2303.4,2006.8,Tungkil,7000.0,8000.0,,8.853808274977197
227,Lamudi,ceiling,Penthouse For Sale in Agus,"Agus Road, Marigondon, Lapu-Lapu City, Cebu, Central Visayas, PHL",Lapu-Lapu City,Single Detached,,25.0,1.0,1.0,5551196.0,10.28410958,123.97552209,Lamudi scraper,False,222047.84,15.529523958002294,,2594.3,9530.5,4,1,4,5,0,2,0.0609,11725863.0,,,8653.5,8982.5,8744.4,4216.4,12833.6,15599.3,10354.6,25242.1,19967.5,18308.7,Basak,10000.0,15000.0,62500.0,9.210440366976517
228,Lamudi,ceiling,House For Sale in Cebu,"Amethyst, Talamban, Cebu City, Cebu, Central Visayas, PHL",Cebu City,Single Detached,,300.0,3.0,3.0,23500000.0,10.36171,123.911374,Lamudi scraper,False,78333.33333333333,16.972510979114386,,9563.6,962.8,4,0,4,18,0,0,0.0676,22931428.0,,,4936.8,3939.2,2475.4,6905.7,11522.9,15272.5,5964.6,23944.2,17923.1,16149.0,Talamban,26375.0,68100.0,117500.0,10.180209784751566
229,Lamudi,ceiling,Land For Sale in Carcar,"Valladolid Bridge, Carcar City, Lalawigan ng Cebu, Pilipinas",Carcar City,Residential,,6000.0,,,3000.0,10.1052,123.6532,Lamudi scraper,True,0.5,8.006367567650246,,42137.8,26942.7,0,0,0,0,0,0,0.0,,,,36249.3,37021.7,39351.4,40024.2,29157.7,25536.4,45444.0,16202.2,22223.7,24009.2,Valladolid,6000.0,10700.0,,8.699681400989514
230,Lamudi,ceiling,House For Sale in Lahug,"Lahug (Pob.), Lungsod ng Cebu, Lalawigan ng Cebu, Pilipinas",Cebu City,Single Detached,,63.0,3.0,2.0,6800000.0,10.3338299,123.8941434,Lamudi scraper,False,107936.50793650794,15.732433170146336,,9743.1,975.6,12,1,3,8,0,2,0.1146,22601014.0,,,2091.3,1497.3,3047.6,6649.4,7896.4,11644.4,8975.4,20427.4,14409.6,12617.5,Lahug,30000.0,57000.0,115000.0,10.308985993422082
231,Lamudi,ceiling,Condo For Sale in Punta Engaño,"Punta Engaño, Lapu-Lapu, Lalawigan ng Cebu, Pilipinas",Lapu-Lapu City,Condominium,,161.0,2.0,2.0,46364732.0,10.3231321,124.0349024,Lamudi scraper,False,287979.701863354,17.65204964197761,,6368.4,13747.6,3,0,0,1,0,0,0.0203,31881670.0,,,14304.4,14132.5,12638.7,9199.5,20082.9,23174.5,9784.8,32873.0,27383.9,25653.3,Punta Engaño,7000.0,13500.0,95000.0,8.853808274977197
232,Lamudi,ceiling,Condo For Sale in Banilad,"Banilad, Lungsod ng Cebu, Cebu, Pilipinas",Cebu City,Condominium,,48.0,1.0,1.0,7611036.0,10.3506292,123.9135389,Lamudi scraper,False,158563.25,15.8451098572344,,8636.8,291.9,15,8,14,34,0,0,0.2606,82848763.0,,,3781.8,2791.7,1293.9,5833.0,10604.5,14368.0,6204.2,23252.8,17235.9,15442.5,Talamban,26375.0,68100.0,117500.0,10.180209784751566
233,Lamudi,ceiling,Condo For Sale in Cebu Business Park,"Luzon Avenue, Hippodromo, Cebu City, Cebu, Central Visayas, PHL",Cebu City,Condominium,,58.0,1.0,1.0,19000000.0,10.31700135,123.90449353,Lamudi scraper,False,327586.2068965517,16.759949537130716,,8222.5,1241.9,19,18,52,47,2,5,0.5418,26157141.0,,,99.9,1089.1,3262.4,5140.9,7077.2,10810.8,9265.9,20083.4,14141.3,12330.6,Luz,51250.0,206750.0,164500.0,10.844490409005417
234,Lamudi,ceiling,Condo For Sale in Cebu Business Park,"Monterrazas De Cebu, Lungsod ng Cebu, Lalawigan ng Cebu, Pilipinas",Cebu City,Condominium,,386.0,3.0,3.0,67163824.0,10.319731,123.9064672,Lamudi scraper,False,173999.54404145078,18.022645327206632,,8055.5,1092.5,17,14,54,48,2,6,0.4998,26299022.0,,,318.6,780.5,2890.2,4957.7,7444.9,11181.2,8898.2,20439.1,14490.3,12679.3,Luz,51250.0,206750.0,164500.0,10.844490409005417
235,Lamudi,ceiling,Condo For Sale in Cebu,"Cebu City, Lalawigan ng Cebu, Pilipinas",Cebu City,Condominium,,431.0,4.0,4.0,130340000.0,10.3156992,123.8854366,Lamudi scraper,False,302412.99303944316,18.685656978868508,,10278.3,393.1,15,8,24,23,0,4,0.2713,45199192.0,,,2072.6,2538.9,4824.6,7215.8,5674.1,9430.1,10917.0,18370.0,12373.0,10566.8,Guadalupe,23700.0,29550.0,84000.0,10.073272520325904
236,Lamudi,ceiling,Condo For Sale in Agus,"Agus Road, Marigondon, Lapu-Lapu City, Cebu, Central Visayas, PHL",Lapu-Lapu City,Condominium,,25.0,1.0,1.0,4518498.0,10.28410958,123.97552209,Lamudi scraper,False,180739.92,15.323690195699283,,2594.3,9530.5,4,1,4,5,0,2,0.0609,11739451.0,,,8653.5,8982.5,8744.4,4216.4,12833.6,15599.3,10354.6,25242.1,19967.5,18308.7,Basak,10000.0,15000.0,62500.0,9.210440366976517
237,Lamudi,ceiling,Condo For Sale in Mabolo,"Pope John Paul II Avenue, Lungsod ng Cebu, Lalawigan ng Cebu, Pilipinas",Cebu City,Condominium,,33.0,1.0,1.0,11117700.0,10.3196098,123.9113617,Lamudi scraper,False,336900.0,16.224048990861125,,7526.2,1499.7,13,7,45,43,2,5,0.3785,31138294.0,,,801.3,999.6,2648.9,4425.9,7819.5,11533.0,8539.4,20858.6,14928.0,13117.8,Mabolo,40600.0,98860.0,112500.0,10.611547975828369
238,Lamudi,ceiling,Condo For Sale in Punta Engaño,"Aruga Resort and Residences – Mactan, Punta Engaño Road, Lungsod ng Lapu-Lapu, Lalawigan ng Cebu, Pilipinas",Lapu-Lapu City,Condominium,,107.0,2.0,2.0,45081000.0,10.3234104,124.0373611,Lamudi scraper,False,421317.7570093458,17.623971429675972,,6635.5,14001.3,3,0,0,1,0,0,0.0203,32408434.0,,,14574.4,14400.6,12899.3,9470.2,20349.6,23435.4,9981.6,33132.8,27649.1,25919.6,Punta Engaño,7000.0,13500.0,95000.0,8.853808274977197
239,Lamudi,ceiling,Residential Lot For Sale in Lataban,"Metro Cebu Expressway, Cotcot, Liloan, Cebu, Central Visayas, PHL",Liloan,Lot Only,,300.0,,,9925000.0,10.42019184,123.9693173,Lamudi scraper,False,33083.333333333336,16.11056738453753,,12609.7,9665.9,0,0,0,0,0,0,0.0,6109000.0,,,13420.2,12504.2,10227.5,12008.1,20443.7,24208.1,4894.5,33024.3,27003.3,25227.7,Lataban,1200.0,,,7.0909098220799835
240,Lamudi,ceiling,Residential Lot For Sale in Tamiao,"Tamiao, Compostela, Cebu, Central Visayas, PHL",Compostela,Lot Only,,143.0,,,2500000.0,10.44724499,123.98910129,Lamudi scraper,False,17482.517482517484,14.73180128983843,,15612.6,13365.2,0,0,0,0,0,0,0.0,5341714.0,,,17119.6,16207.9,13924.4,15417.4,24149.0,27913.4,8338.1,36691.6,30672.7,28903.7,Cabadiangan,750.0,,,6.621405651764134
241,Lamudi,ceiling,Condo For Sale in Apas,"38 Park Avenue | The Upper East Side, India St, Cebu City, Lalawigan ng Cebu, Pilipinas",Cebu City,Condominium,,104.0,2.0,2.0,25000000.0,10.3317837,123.9085533,Lamudi scraper,False,240384.61538461535,17.034386382832476,,8176.4,489.6,16,5,22,31,2,3,0.3121,24564542.0,,,1617.3,640.8,1729.2,5098.6,8597.5,12357.2,7825.6,21455.4,15466.0,13658.2,Apas,28800.0,37300.0,125550.0,10.268165387743457
242,Lamudi,ceiling,Condo For Sale in Tunghaan,"1381 Abuno, Minglanilla, 6046 Cebu, Philippines",Minglanilla,Condominium,,42.0,2.0,1.0,4438174.0,10.24622,123.783387,Lamudi scraper,False,105670.80952380953,15.30575358855604,,22449.3,6696.7,6,0,0,3,0,0,0.0428,8099408.0,,,15438.4,16105.4,18400.3,19849.1,8739.3,6065.4,24482.5,5074.8,1506.1,3164.4,Tunghaan,7000.0,14000.0,70000.0,8.853808274977197
243,Lamudi,ceiling,Condo For Sale in Agus,"Agus Road, Marigondon, Lapu-Lapu City, Cebu, Central Visayas, PHL",Lapu-Lapu City,Condominium,,25.0,1.0,1.0,4468775.0,10.28410958,123.97552209,Lamudi scraper,False,178751.0,15.3126248798144,,2594.3,9530.5,4,1,4,5,0,2,0.0609,11740105.0,,,8653.5,8982.5,8744.4,4216.4,12833.6,15599.3,10354.6,25242.1,19967.5,18308.7,Basak,10000.0,15000.0,62500.0,9.210440366976517
244,Lamudi,ceiling,Condo For Sale in Subabasbas,"SAEKYUNG OCEAN RESIDENCES, Lungsod ng Lapu-Lapu, Lalawigan ng Cebu, Pilipinas",Lapu-Lapu City,Condominium,,28.0,,1.0,2800000.0,10.2554242,123.96847766,Lamudi scraper,False,100000.0,14.845129975145433,,5869.9,10885.5,2,0,0,0,0,0,0.0121,,,,9878.5,10484.1,10896.8,6740.2,12129.5,14243.8,13474.1,23606.2,18774.8,17259.4,,3225.0,8260.0,,8.078998258685154
245,Lamudi,ceiling,House For Sale in Apas,"Santo Niño Village Road, Cebu City, Lalawigan ng Cebu, Pilipinas",Cebu City,Single Detached,,650.0,4.0,4.0,50000000.0,10.3358823,123.9063529,Lamudi scraper,False,76923.07692307692,17.72753356339242,,8562.7,182.2,11,2,26,29,2,3,0.2524,24115482.0,,,2016.2,1021.3,1708.6,5509.4,8811.3,12575.7,7738.2,21569.3,15565.1,13762.0,Apas,28800.0,37300.0,125550.0,10.268165387743457
246,Lamudi,ceiling,House For Sale in Biasong,"Pooc Talisay City Cebu, Talisay, Lalawigan ng Cebu, Pilipinas",Talisay City,Single Detached,,287.0,4.0,4.0,18500000.0,10.2396507,123.8233812,Lamudi scraper,False,64459.93031358885,16.733281290048552,,18608.3,3077.8,3,0,0,7,0,0,0.0332,19684824.0,,,12407.1,13227.6,15559.1,16241.5,5284.3,1766.1,21622.7,7956.7,2960.1,2236.8,Pooc,11800.0,14000.0,,9.375939552625749
247,Lamudi,ceiling,Condo For Sale in Punta Engaño,"Mövenpick Cebu, Lapu-Lapu, Lalawigan ng Cebu, Pilipinas",Lapu-Lapu City,Condominium,,160.0,3.0,3.0,18000000.0,10.3100786,124.0233764,Lamudi scraper,False,112500.0,16.70588231586044,,4866.5,12984.1,0,0,2,1,4,0,0.1157,13076200.0,,,13060.5,12998.6,11743.9,7888.2,18491.0,21476.4,9851.7,31157.8,25751.7,24044.0,Punta Engaño,7000.0,13500.0,95000.0,8.853808274977197
248,Lamudi,ceiling,Condo For Sale in Mactan,"Mactan newtown Residences, Newtown Boulevard, The Mactan Newtown, Lapu-Lapu, Lalawigan ng Cebu, Pilipinas",Lapu-Lapu City,Condominium,,37.0,,1.0,4600000.0,10.3077641,124.0135564,Lamudi scraper,False,124324.32432432432,15.341566861459324,,3782.1,12038.6,2,1,4,9,2,1,0.1073,19656329.0,,,12010.2,11978.9,10809.7,6835.4,17386.3,20379.0,9384.8,30063.9,24648.1,22939.6,Mactan,5000.0,10500.0,107500.0,8.517393171418904
249,Lamudi,ceiling,Condo For Sale in Agus,"Agus Road, Marigondon, Lapu-Lapu City, Cebu, Central Visayas, PHL",Lapu-Lapu City,Condominium,,25.0,1.0,1.0,5486084.0,10.28410958,123.97552209,Lamudi scraper,False,219443.36,15.517725262064978,,2594.3,9530.5,4,1,4,5,0,2,0.0609,11726720.0,,,8653.5,8982.5,8744.4,4216.4,12833.6,15599.3,10354.6,25242.1,19967.5,18308.7,Basak,10000.0,15000.0,62500.0,9.210440366976517
250,Lamudi,ceiling,Condo For Sale in Apas,"Avida Towers Riala, Jose Maria del Mar Street, Cebu City, Cebu, Pilipinas",Cebu City,Condominium,,56.0,1.0,1.0,10000000.0,10.3328036,123.9090696,Lamudi scraper,False,178571.42857142858,16.11809565095832,,8162.1,472.9,15,4,24,32,2,3,0.3006,25168951.0,,,1742.3,767.4,1615.1,5093.2,8721.1,12481.3,7710.1,21571.6,15580.4,13773.0,Apas,28800.0,37300.0,125550.0,10.268165387743457
251,Lamudi,ceiling,Condo For Sale in Punta Engaño,"Aruga Resort and Residences – Mactan, Punta Engaño Road, Lapu-Lapu, Lalawigan ng Cebu, Pilipinas",Lapu-Lapu City,Condominium,,101.0,2.0,3.0,40681283.0,10.323479,124.0367989,Lamudi scraper,False,402784.9801980198,17.52127866748702,,6578.4,13939.7,3,0,0,1,0,0,0.0203,32000075.0,,,14513.3,14338.9,12837.4,9410.0,20292.8,23381.2,9927.6,33079.1,27593.0,25863.0,Punta Engaño,7000.0,13500.0,95000.0,8.853808274977197
252,Lamudi,ceiling,House For Sale in Talamban,"Talamban, Lungsod ng Cebu, Lalawigan ng Cebu, Pilipinas",Cebu City,Single Detached,,750.0,3.0,4.0,85000000.0,10.3670682,123.9173923,Lamudi scraper,False,113333.33333333331,18.258161814454592,,9472.8,1615.2,6,0,7,16,1,2,0.118,24545194.0,,,5656.4,4663.7,2867.4,7006.1,12370.6,16125.7,5182.2,24830.5,18809.3,17033.8,Talamban,26375.0,68100.0,117500.0,10.180209784751566
253,Lamudi,ceiling,House For Sale in Polog,"Tolotolo, Consolacion, Lalawigan ng Cebu, Pilipinas",Consolacion,Single Detached,,315.0,5.0,2.0,23000000.0,10.4009072,123.9387637,Lamudi scraper,False,73015.87301587302,16.951004773893423,,11311.8,6006.8,1,0,0,0,0,0,0.0061,3180000.0,,,9975.3,9004.7,6887.9,9799.5,16800.0,20555.3,3853.5,29168.1,23153.3,21394.1,Tolotolo,2400.0,,,7.783640596221253
254,Lamudi,ceiling,Offices For Sale in Banilad,"A. S. Fortuna Street, Mandaue, Lalawigan ng Cebu, Pilipinas",Mandaue City,Residential,,83.0,,,13597696.0,10.3392349,123.9256166,Lamudi scraper,False,163827.6626506024,16.42541092458978,,6840.2,1812.0,13,2,8,29,0,2,0.1817,8412016.0,,,3332.6,2579.5,576.0,4003.0,10460.1,14194.1,5883.4,23425.2,17454.2,15643.9,Banilad,16115.0,22350.0,102500.0,9.687567846311238
255,Lamudi,ceiling,Condo For Sale in Cebu,"1596 R. Duterte St, Cebu City, 6000 Cebu, Philippines",Cebu City,Condominium,,27.0,,1.0,3749825.0,10.315699,123.885437,Lamudi scraper,False,138882.40740740742,15.137219730191005,,10278.3,393.0,15,8,24,23,0,4,0.2713,49035258.0,,,2072.6,2538.9,4824.6,7215.8,5674.1,9430.1,10917.0,18370.1,12373.0,10566.8,Guadalupe,23700.0,29550.0,84000.0,10.073272520325904
256,Lamudi,ceiling,Land For Sale in Pagsabungan,"6 P.Sanchez / Pagsabungan Rd, Mandaue City, Cebu, Philippines",Mandaue City,Residential,,12146.0,,,218628000.0,10.359705,123.939851,Lamudi scraper,False,18000.0,19.202882213335823,,7240.8,3024.8,4,0,0,2,0,0,0.0285,35537400.0,,,6066.7,5230.5,2897.6,5273.2,13185.4,16931.3,3216.8,26074.1,20078.0,18272.3,Pagsabungan,16400.0,20100.0,127500.0,9.70509758756311
257,Lamudi,ceiling,Condo For Sale in Agus,"Agus Road, Marigondon, Lapu-Lapu City, Cebu, Central Visayas, PHL",Lapu-Lapu City,Condominium,,25.0,1.0,1.0,4468775.0,10.28410958,123.97552209,Lamudi scraper,False,178751.0,15.3126248798144,,2594.3,9530.5,4,1,4,5,0,2,0.0609,11740105.0,,,8653.5,8982.5,8744.4,4216.4,12833.6,15599.3,10354.6,25242.1,19967.5,18308.7,Basak,10000.0,15000.0,62500.0,9.210440366976517
258,Lamudi,ceiling,Condo For Sale in Agus,"Agus Road, Marigondon, Lapu-Lapu City, Cebu, Central Visayas, PHL",Lapu-Lapu City,Condominium,,25.0,1.0,1.0,5447985.0,10.28410958,123.97552209,Lamudi scraper,False,217919.4,15.51075637350373,,2594.3,9530.5,4,1,4,5,0,2,0.0609,11727221.0,,,8653.5,8982.5,8744.4,4216.4,12833.6,15599.3,10354.6,25242.1,19967.5,18308.7,Basak,10000.0,15000.0,62500.0,9.210440366976517
259,Lamudi,ceiling,Condo For Sale in Agus,"Agus Road, Marigondon, Lapu-Lapu City, Cebu, Central Visayas, PHL",Lapu-Lapu City,Condominium,,25.0,1.0,1.0,4419051.0,10.28410958,123.97552209,Lamudi scraper,False,176762.04,15.30143552511892,,2594.3,9530.5,4,1,4,5,0,2,0.0609,11740759.0,,,8653.5,8982.5,8744.4,4216.4,12833.6,15599.3,10354.6,25242.1,19967.5,18308.7,Basak,10000.0,15000.0,62500.0,9.210440366976517
260,Lamudi,ceiling,Condo For Sale in Agus,"Agus Road, Marigondon, Lapu-Lapu City, Cebu, Central Visayas, PHL",Lapu-Lapu City,Condominium,,30.0,1.0,1.0,4904516.0,10.28410958,123.97552209,Lamudi scraper,False,163483.86666666667,15.405666971291309,,2594.3,9530.5,4,1,4,5,0,2,0.0609,11734372.0,,,8653.5,8982.5,8744.4,4216.4,12833.6,15599.3,10354.6,25242.1,19967.5,18308.7,Basak,10000.0,15000.0,62500.0,9.210440366976517
261,Lamudi,ceiling,Condo For Sale in Agus,"Agus Road, Marigondon, Lapu-Lapu City, Cebu, Central Visayas, PHL",Lapu-Lapu City,Condominium,,50.0,2.0,1.0,9036734.0,10.28410958,123.97552209,Lamudi scraper,False,180734.68,16.016808383904024,,2594.3,9530.5,4,1,4,5,0,2,0.0609,11680000.0,,,8653.5,8982.5,8744.4,4216.4,12833.6,15599.3,10354.6,25242.1,19967.5,18308.7,Basak,10000.0,15000.0,62500.0,9.210440366976517
262,Lamudi,ceiling,Penthouse For Sale in Agus,"Agus Road, Marigondon, Lapu-Lapu City, Cebu, Central Visayas, PHL",Lapu-Lapu City,Single Detached,,25.0,1.0,1.0,4541389.0,10.28410958,123.97552209,Lamudi scraper,False,181655.56,15.328743470361813,,2594.3,9530.5,4,1,4,5,0,2,0.0609,11739150.0,,,8653.5,8982.5,8744.4,4216.4,12833.6,15599.3,10354.6,25242.1,19967.5,18308.7,Basak,10000.0,15000.0,62500.0,9.210440366976517
263,Lamudi,ceiling,Condo For Sale in Agus,"Agus Road, Marigondon, Lapu-Lapu City, Cebu, Central Visayas, PHL",Lapu-Lapu City,Condominium,,25.0,1.0,1.0,5420903.0,10.28410958,123.97552209,Lamudi scraper,False,216836.12,15.50577296470478,,2594.3,9530.5,4,1,4,5,0,2,0.0609,11727577.0,,,8653.5,8982.5,8744.4,4216.4,12833.6,15599.3,10354.6,25242.1,19967.5,18308.7,Basak,10000.0,15000.0,62500.0,9.210440366976517
264,Lamudi,ceiling,Land For Sale in Cebu,"15c Turquoise St, Cebu City, Cebu, Philippines",Cebu City,Residential,,2000.0,,,60900000.0,10.36171,123.911374,Lamudi scraper,False,30450.0,17.924743732680124,,9563.6,962.8,4,0,4,18,0,0,0.0676,21061428.0,,,4936.8,3939.2,2475.4,6905.7,11522.9,15272.5,5964.6,23944.2,17923.1,16149.0,Talamban,26375.0,68100.0,117500.0,10.180209784751566
265,Lamudi,ceiling,Condo For Sale in Punta Engaño,"Punta Engano, Lapu-Lapu City, Cebu, Central Visayas, PHL",Lapu-Lapu City,Condominium,,64.0,2.0,2.0,6500000.0,10.33005475,124.04013073,Lamudi scraper,False,101562.5,15.687312734865866,,7155.5,14142.8,3,0,0,1,0,0,0.0203,31653863.0,,,14925.8,14703.4,13106.2,9880.5,20857.6,23999.9,9819.4,33703.0,28173.0,26431.8,Punta Engaño,7000.0,13500.0,95000.0,8.853808274977197
266,Lamudi,ceiling,Condo For Sale in Agus,"Agus Road, Marigondon, Lapu-Lapu City, Cebu, Central Visayas, PHL",Lapu-Lapu City,Condominium,,50.0,2.0,1.0,8574214.0,10.28410958,123.97552209,Lamudi scraper,False,171484.28,15.964269885007496,,2594.3,9530.5,4,1,4,5,0,2,0.0609,11686086.0,,,8653.5,8982.5,8744.4,4216.4,12833.6,15599.3,10354.6,25242.1,19967.5,18308.7,Basak,10000.0,15000.0,62500.0,9.210440366976517
267,Lamudi,ceiling,Condo For Sale in Punta Engaño,"Punta Engano, Lapu-Lapu City, Cebu, Central Visayas, PHL",Lapu-Lapu City,Condominium,,83.0,2.0,2.0,20100000.0,10.33004573,124.04013199,Lamudi scraper,False,242168.6746987952,16.816230373029303,,7155.3,14143.1,3,0,0,1,0,0,0.0203,31344772.0,,,14925.9,14703.5,13106.4,9880.5,20857.4,23999.6,9820.0,33702.8,28172.8,26431.6,Punta Engaño,7000.0,13500.0,95000.0,8.853808274977197
268,Lamudi,ceiling,House For Sale in Tolotolo,"Tolotolo, Consolacion, Cebu, Pilipinas",Consolacion,Single Detached,,79.0,4.0,2.0,6603000.0,10.3903051,123.9431394,Lamudi scraper,False,83582.27848101266,15.703034649176708,,10039.6,5281.1,2,0,0,1,0,0,0.0143,,,,9108.7,8167.5,5946.6,8570.6,16074.7,19838.8,2730.0,28648.1,22626.6,20847.2,Tolotolo,2400.0,,,7.783640596221253
269,Lamudi,ceiling,Condo For Sale in Apas,"Omega Street, Apas, Cebu City, Cebu, Central Visayas, PHL",Cebu City,Condominium,,139.0,3.0,2.0,18000000.0,10.33733132,123.90530057,Lamudi scraper,False,129496.40287769784,16.70588231586044,,8730.2,292.8,13,2,19,27,2,2,0.2462,29519068.0,,,2167.2,1181.5,1767.2,5685.3,8875.6,12639.8,7740.1,21590.0,15581.2,13780.6,Apas,28800.0,37300.0,125550.0,10.268165387743457
270,Lamudi,ceiling,Condo For Sale in Carreta,"SM City Cebu, Juan Luna Avenue Extension, Lungsod ng Cebu, Lalawigan ng Cebu, Pilipinas",Cebu City,Condominium,,44.0,2.0,2.0,7600000.0,10.3114191,123.9178164,Lamudi scraper,False,172727.27272727274,15.84365880525656,,6708.9,2621.9,3,0,16,18,6,2,0.2538,89065000.0,,,1647.9,2152.0,3362.9,3678.4,7804.6,11415.8,8813.4,20915.3,15064.8,13265.1,Mabolo,40600.0,98860.0,112500.0,10.611547975828369
271,Lamudi,ceiling,House For Sale in Cebu,"R. Arcenas St, Cebu City, Cebu, Philippines",Cebu City,Single Detached,,100.0,4.0,4.0,14724000.0,10.3093624,123.8726036,Lamudi scraper,False,147240.0,16.50498937348105,,11641.2,1212.7,3,0,3,10,0,0,0.0432,18608554.0,,,3589.3,4109.0,6377.9,8629.4,4431.5,8117.1,12459.6,16850.7,10841.5,9040.9,Guadalupe,23700.0,29550.0,84000.0,10.073272520325904
272,Lamudi,ceiling,Land For Sale in Bonbon,"Bonbon, Lungsod ng Cebu, Cebu, Pilipinas",Cebu City,Residential,,50000.0,,,80000000.0,10.3673295,123.8355465,Lamudi scraper,False,1600.0,18.197537192638155,,17056.8,8212.3,2,0,0,1,0,0,0.0143,,,,9313.2,8910.2,9766.4,14004.5,10918.0,13675.1,14063.9,19644.6,14112.9,12732.0,Bonbon,5000.0,6050.0,92500.0,8.517393171418904
273,Lamudi,ceiling,Condo For Sale in Kasambagan,"IPI Center Done Rockwell, Pope John Paul II Avenue, Lungsod ng Cebu, Lalawigan ng Cebu, Pilipinas",Cebu City,Condominium,,104.0,2.0,2.0,33342000.0,10.3250801,123.9082222,Lamudi scraper,False,320596.1538461539,17.322328421490113,,7993.3,922.2,13,7,49,43,4,2,0.4222,28304954.0,,,911.9,324.6,2292.9,4887.5,8009.2,11756.6,8345.6,20956.3,14989.4,13178.7,Kasambagan,30000.0,34500.0,115000.0,10.308985993422082
274,Lamudi,ceiling,House For Sale in Mactan,"Shabu Shabu and Korean Cuisine, Quezon National Highway, Maribago, Lapu-Lapu City, Cebu, Central Visayas, PHL",Lapu-Lapu City,Single Detached,,,4.0,3.0,11100690.0,10.290415,123.998707,Lamudi scraper,False,,16.22251782651274,,2851.7,11353.1,4,0,1,5,0,1,0.0417,14832502.0,,,10774.8,10939.8,10235.1,5788.4,15436.1,18230.7,10307.5,27867.6,22595.4,20930.0,Maribago,4125.0,9750.0,112500.0,8.325063693631197
275,Lamudi,ceiling,Commercial Lot For Sale in Talamban,"Talamban, Cebu City, Lalawigan ng Cebu, Pilipinas",Cebu City,Lot Only,,512.0,,,30000000.0,10.3693292,123.9169018,Lamudi scraper,False,58593.75,17.216707939626428,,9688.7,1843.6,5,0,5,9,1,2,0.0945,17996584.0,,,5887.1,4892.5,3123.8,7248.2,12559.2,16310.8,5190.1,24973.0,18952.6,17181.5,Talamban,26375.0,68100.0,117500.0,10.180209784751566
276,Lamudi,ceiling,Condo For Sale in Maribago,"Buyong Road, Maribago, Lapu-Lapu City, Cebu, Central Visayas, PHL",Lapu-Lapu City,Condominium,,37.0,,1.0,5263895.0,10.28986648,124.00575829,Lamudi scraper,False,142267.43243243243,15.47638180497984,,3505.3,12074.6,2,0,0,0,0,1,0.0177,18008874.0,,,11533.0,11681.5,10917.1,6512.3,16193.3,18956.0,10672.6,28577.8,23336.2,21677.7,Mactan,5000.0,10500.0,107500.0,8.517393171418904
277,Lamudi,ceiling,House For Sale in Cebu,"Cebu City, Lalawigan ng Cebu, Pilipinas",Cebu City,Single Detached,,252.0,5.0,5.0,29808000.0,10.3156992,123.8854366,Lamudi scraper,False,118285.71428571428,17.210287371823508,,10278.3,393.1,15,8,24,23,0,4,0.2713,48245616.0,,,2072.6,2538.9,4824.6,7215.8,5674.1,9430.1,10917.0,18370.0,12373.0,10566.8,Guadalupe,23700.0,29550.0,84000.0,10.073272520325904
278,Lamudi,ceiling,House For Sale in Apas,"3 2nd St, Apas, Cebu City, Cebu, Philippines",Cebu City,Single Detached,,200.0,5.0,4.0,17000000.0,10.33856162,123.90517959,Lamudi scraper,False,85000.0,16.64872390202049,,8795.8,429.4,10,2,17,23,2,2,0.217,29051449.0,,,2303.3,1318.7,1749.2,5761.5,8980.7,12744.3,7675.0,21671.6,15660.5,13861.5,Apas,28800.0,37300.0,125550.0,10.268165387743457
279,Lamudi,ceiling,Condo For Sale in Maribago,"Buyong Road, Maribago, Lapu-Lapu City, Cebu, Central Visayas, PHL",Lapu-Lapu City,Condominium,,37.0,,1.0,7971600.0,10.28986648,124.00575829,Lamudi scraper,False,215448.64864864864,15.891395783441332,,3505.3,12074.6,2,0,0,0,0,1,0.0177,17937618.0,,,11533.0,11681.5,10917.1,6512.3,16193.3,18956.0,10672.6,28577.8,23336.2,21677.7,Mactan,5000.0,10500.0,107500.0,8.517393171418904
280,Lamudi,ceiling,House For Sale in Buhisan,"South Hills Subdivision, Cebu City, Lalawigan ng Cebu, Pilipinas",Cebu City,Single Detached,,450.0,3.0,3.0,18000000.0,10.3087756,123.8606478,Lamudi scraper,False,40000.0,16.70588231586044,,12947.9,2258.2,1,0,0,0,0,0,0.0061,3899613.0,,,4876.4,5323.6,7528.3,9939.0,4108.9,7548.5,13565.4,15857.1,9835.6,8060.0,Tisa,12820.0,21320.0,90000.0,9.4588397305527
281,Lamudi,ceiling,Condo For Sale in Punta Engaño,"Aruga Resort and Residences – Mactan, Punta Engaño Road, Lapu-Lapu, Lalawigan ng Cebu, Pilipinas",Lapu-Lapu City,Condominium,,67.0,1.0,1.0,28977811.0,10.323479,124.0367989,Lamudi scraper,False,432504.6417910448,17.18204095715229,,6578.4,13939.7,3,0,0,1,0,0,0.0203,32243897.0,,,14513.3,14338.9,12837.4,9410.0,20292.8,23381.2,9927.6,33079.1,27593.0,25863.0,Punta Engaño,7000.0,13500.0,95000.0,8.853808274977197
282,Lamudi,ceiling,Condo For Sale in Mactan,"2 Casanta Soong, Lapu-Lapu City, 6015 Cebu, Philippines",Lapu-Lapu City,Condominium,,34.0,,1.0,4200000.0,10.30416,124.007026,Lamudi scraper,False,123529.41176470587,15.250595083253597,,3085.6,11509.8,6,1,4,8,0,1,0.0739,28661312.0,,,11346.0,11358.1,10297.9,6180.4,16600.6,19570.5,9332.5,29252.2,23851.2,22147.9,Mactan,5000.0,10500.0,107500.0,8.517393171418904
283,Lamudi,ceiling,Condo For Sale in Canduman,"H. Abellana, Canduman, Cebu City, Cebu, Central Visayas, PHL",Mandaue City,Condominium,,21.0,,1.0,2570534.0,10.36827374,123.9278908,Lamudi scraper,False,122406.38095238096,14.75962421738886,,8796.5,2337.2,3,0,0,6,1,0,0.0588,4352928.0,,,6172.5,5216.5,3072.9,6593.9,13111.4,16875.6,4031.8,25741.7,19721.7,17933.7,Canduman,9770.0,15750.0,87415.0,9.187174093944343
284,Lamudi,ceiling,Condo For Sale in Cebu,"1119 Middle Nivel Hills Rd, Cebu City, 6000 Cebu, Philippines",Cebu City,Condominium,,90.0,3.0,2.0,13520000.0,10.342605,123.896352,Lamudi scraper,False,150222.22222222222,16.41968062857909,,9860.6,1307.4,1,0,0,2,0,0,0.0103,15233312.0,,,2883.3,2044.9,2686.6,6824.8,8869.8,12607.0,8284.0,21279.1,15257.6,13476.9,Lahug,30000.0,57000.0,115000.0,10.308985993422082
285,Lamudi,ceiling,Condo For Sale in Maribago,"Buyong Road, Maribago, Lapu-Lapu City, Cebu, Central Visayas, PHL",Lapu-Lapu City,Condominium,,48.0,1.0,1.0,8811250.0,10.28986648,124.00575829,Lamudi scraper,False,183567.70833333337,15.991539872070222,,3505.3,12074.6,2,0,0,0,0,1,0.0177,17915522.0,,,11533.0,11681.5,10917.1,6512.3,16193.3,18956.0,10672.6,28577.8,23336.2,21677.7,Mactan,5000.0,10500.0,107500.0,8.517393171418904
286,Lamudi,ceiling,House For Sale in Talisay,"Cadulawan, Talisay City, Cebu, Central Visayas, PHL",Talisay City,Single Detached,,401.0,4.0,4.0,28000000.0,10.275431545210855,123.83205749094488,Lamudi scraper,False,69825.43640897756,17.14771506813948,,16458.6,2155.9,2,0,0,0,0,0,0.0121,36328140.0,,,9200.8,9876.4,12183.1,13727.1,2962.2,3529.5,18275.5,11031.0,5018.0,3220.6,Lagtang,8000.0,16000.0,,8.987321812850125
287,Lamudi,ceiling,House For Sale in Cebu,"North Town Homes, Limonia St, Mandaue, Lalawigan ng Cebu, Pilipinas",Cebu City,Single Detached,,750.0,4.0,5.0,160000000.0,10.357217,123.9193329,Lamudi scraper,False,213333.33333333337,18.890684373198106,,8575.1,824.2,3,4,4,32,0,0,0.1316,86583130.0,,,4676.0,3702.1,1754.7,5978.4,11567.3,15331.4,5314.8,24216.2,18198.1,16406.3,Cabancalan,17100.0,15950.0,,9.746892220313054
288,Lamudi,ceiling,House For Sale in Cebu,"Holy Family Road, Lungsod ng Cebu, Lalawigan ng Cebu, Pilipinas",Cebu City,Single Detached,,157.0,3.0,4.0,11900000.0,10.3419969,123.8926175,Lamudi scraper,False,75796.17834394904,16.292048958081757,,10210.6,1597.7,1,0,0,2,0,0,0.0103,17152874.0,,,2969.7,2226.1,3092.8,7157.6,8627.4,12348.5,8679.4,20942.7,14921.4,13146.6,Lahug,30000.0,57000.0,115000.0,10.308985993422082
289,Lamudi,ceiling,Land For Sale in Talamban,"Talamban, Cebu City, Lalawigan ng Cebu, Pilipinas",Cebu City,Residential,,877.0,,,26068928.0,10.3670682,123.9173923,Lamudi scraper,False,29725.117445838085,17.076254665002857,,9472.8,1615.2,6,0,7,16,1,2,0.118,26446197.0,,,5656.4,4663.7,2867.4,7006.1,12370.6,16125.7,5182.2,24830.5,18809.3,17033.8,Talamban,26375.0,68100.0,117500.0,10.180209784751566
290,Lamudi,ceiling,House For Sale in Cebu,"Guadalupe, Cebu City, Cebu, Philippines",Cebu City,Single Detached,,527.0,5.0,5.0,48860115.0,10.3156173,123.8854377,Lamudi scraper,False,92713.69070208727,17.704471977454627,,10277.3,387.9,15,8,26,23,0,4,0.2737,47668279.0,,,2073.6,2543.2,4829.9,7215.4,5666.3,9422.5,10922.6,18364.2,12367.4,10561.1,Guadalupe,23700.0,29550.0,84000.0,10.073272520325904
291,Lamudi,ceiling,Condo For Sale in Punta Engaño,"Punta Engaño, Lapu-Lapu, Lalawigan ng Cebu, Pilipinas",Lapu-Lapu City,Condominium,,182.0,3.0,2.0,25000000.0,10.3231321,124.0349024,Lamudi scraper,False,137362.63736263735,17.034386382832476,,6368.4,13747.6,3,0,0,1,0,0,0.0203,32326769.0,,,14304.4,14132.5,12638.7,9199.5,20082.9,23174.5,9784.8,32873.0,27383.9,25653.3,Punta Engaño,7000.0,13500.0,95000.0,8.853808274977197
292,Lamudi,ceiling,House For Sale in Busay,"Veterans Drive, Busay, Cebu City, Cebu, Central Visayas, PHL",Cebu City,Single Detached,,566.0,4.0,5.0,115000000.0,10.363923,123.882841,Lamudi scraper,False,203180.21201413427,18.560442686327523,,12264.6,3507.7,1,0,1,0,0,0,0.0073,115000000.0,,,5631.3,4837.8,4850.8,9350.3,10566.6,14138.5,8963.8,22066.6,16104.3,14411.0,Busay,8500.0,5500.0,120000.0,9.04793908261736
293,Lamudi,ceiling,Townhouse For Sale in Lagtang,"Lagtang, Talisay City, Cebu, Central Visayas, PHL",Talisay City,Single Detached,,,2.0,2.0,3896980.0,10.27329282,123.8276661,Lamudi scraper,False,,15.17571245215474,,16979.4,2291.0,2,0,0,0,0,0,0.0121,30875000.0,,,9735.3,10406.4,12710.1,14257.9,3419.7,3436.7,18800.9,10518.3,4500.0,2713.3,Lagtang,8000.0,16000.0,,8.987321812850125
294,Lamudi,ceiling,Condo For Sale in Cebu Business Park,"Cardinal Rosales Avenue, Hippodromo, Cebu City, Cebu, Central Visayas, PHL",Cebu City,Condominium,,49.0,1.0,1.0,12894891.0,10.31557373,123.9053366,Lamudi scraper,False,263161.0408163265,16.37234174437314,,8111.4,1395.9,20,17,51,45,2,5,0.5324,26649280.0,,,281.3,1239.8,3348.4,5039.7,7031.9,10755.0,9316.4,20061.8,14130.7,12320.6,Luz,51250.0,206750.0,164500.0,10.844490409005417
295,Lamudi,ceiling,Townhouse For Sale in Cebu,"Guadalupe, Cebu City, Cebu, Central Visayas, PHL",Cebu City,Single Detached,,148.0,4.0,4.0,18795600.0,10.31050283,123.869744,Lamudi scraper,False,126997.2972972973,16.749133357854753,,11957.2,1539.6,2,0,3,5,0,0,0.0264,18431528.0,,,3863.1,4333.4,6571.9,8935.9,4457.6,8094.3,12637.3,16706.0,10689.7,8895.8,Guadalupe,23700.0,29550.0,84000.0,10.073272520325904
296,Lamudi,ceiling,Condo For Sale in Cebu IT Park,"Calyx Centre - IT Park, West Geonzon Street, Cebu City, Lalawigan ng Cebu, Pilipinas",Cebu City,Condominium,,26.0,1.0,1.0,4500000.0,10.3284975,123.9053107,Lamudi scraper,False,173076.92307692306,15.319587954740548,,8401.3,585.4,23,5,31,37,2,5,0.3894,28890120.0,,,1187.6,204.2,2235.4,5301.4,8090.2,11850.8,8331.9,20948.9,14961.7,13153.4,Lahug,30000.0,57000.0,115000.0,10.308985993422082
297,Lamudi,ceiling,Land For Sale in Tawason,"Priveya Hills Talamban Cebu City, Lungsod ng Cebu, Lalawigan ng Cebu, Pilipinas",Mandaue City,Residential,,1267.0,,,53047195.0,10.3926015,123.9242484,Lamudi scraper,False,41868.34648776638,17.786692546979793,,11227.4,4550.7,5,0,0,3,0,0,0.0367,10377323.0,,,8593.0,7600.0,5692.9,9266.1,15210.6,18947.7,4680.0,27418.7,21411.9,19665.6,Sacsac,2400.0,,,7.783640596221253
298,Lamudi,ceiling,Condo For Sale in Punta Engaño,"Punta Engano, Lapu-Lapu City, Cebu, Central Visayas, PHL",Lapu-Lapu City,Condominium,,41.0,,1.0,5000000.0,10.33005475,124.04013073,Lamudi scraper,False,121951.21951219512,15.424948470398377,,7155.5,14142.8,3,0,0,1,0,0,0.0203,31687954.0,,,14925.8,14703.4,13106.2,9880.5,20857.6,23999.9,9819.4,33703.0,28173.0,26431.8,Punta Engaño,7000.0,13500.0,95000.0,8.853808274977197
299,Lamudi,ceiling,House For Sale in Cebu,"22 Madrid St, Cebu City, Cebu, Philippines",Cebu City,Single Detached,,412.0,6.0,4.0,48500000.0,10.3805837,123.9205558,Lamudi scraper,False,117718.44660194176,17.697074355907713,,10366.3,3155.1,5,1,0,4,0,0,0.0489,14328522.0,,,7198.0,6204.5,4344.8,8169.6,13844.0,17588.9,4750.2,26156.8,20141.4,18382.1,Bacayan,10250.0,,80000.0,9.235130540783402
300,Lamudi,ceiling,Commercial Lot For Sale in Mandaue,"McDonald's Subangdaku Branch, Subangdaku, Cebu City, Cebu, Central Visayas, PHL",Mandaue City,Lot Only,,5000.0,,,1350000000.0,10.32152625,123.93311914,Lamudi scraper,True,270000.0,21.02337042939675,,5265.3,3387.3,7,6,17,16,7,1,0.3572,95778595.0,,,3183.8,3047.5,2594.0,2179.3,9820.9,13419.8,6974.0,22931.6,17074.1,15272.1,Tipolo,21150.0,41250.0,60000.0,9.959442464680574
301,Lamudi,ceiling,House For Sale in Maribago,"Buyong Road, Lungsod ng Lapu-Lapu, Lalawigan ng Cebu, Pilipinas",Lapu-Lapu City,Single Detached,,288.0,3.0,3.0,22493810.0,10.2907917,124.002551,Lamudi scraper,False,78103.50694444444,16.928750718213532,,3157.4,11715.9,2,0,0,0,0,1,0.0177,16744007.0,,,11167.3,11316.8,10565.0,6150.1,15858.5,18646.3,10432.3,28278.7,23015.0,21351.1,Maribago,4125.0,9750.0,112500.0,8.325063693631197
302,Lamudi,ceiling,Condo For Sale in Mactan,"2 Casanta Soong, Lapu-Lapu City, 6015 Cebu, Philippines",Lapu-Lapu City,Condominium,,502.0,3.0,3.0,125000000.0,10.30416,124.007026,Lamudi scraper,False,249003.984063745,18.643824295266576,,3085.6,11509.8,6,1,4,8,0,1,0.0739,21950201.0,,,11346.0,11358.1,10297.9,6180.4,16600.6,19570.5,9332.5,29252.2,23851.2,22147.9,Mactan,5000.0,10500.0,107500.0,8.517393171418904
303,Lamudi,ceiling,Condo For Sale in Agus,"Agus Road, Marigondon, Lapu-Lapu City, Cebu, Central Visayas, PHL",Lapu-Lapu City,Condominium,,25.0,1.0,1.0,4003310.0,10.28410958,123.97552209,Lamudi scraper,False,160132.4,15.2026320768948,,2594.3,9530.5,4,1,4,5,0,2,0.0609,11746230.0,,,8653.5,8982.5,8744.4,4216.4,12833.6,15599.3,10354.6,25242.1,19967.5,18308.7,Basak,10000.0,15000.0,62500.0,9.210440366976517
304,Lamudi,ceiling,Offices For Sale in Cebu Business Park,"Cebu Business Park, Lungsod ng Cebu, Lalawigan ng Cebu, Pilipinas",Cebu City,Residential,,82.0,,,16640000.0,10.3173504,123.9059978,Lamudi scraper,False,202926.82926829267,16.627319993357336,,8064.8,1280.7,16,17,48,44,2,5,0.5024,26827490.0,,,199.3,1041.7,3141.7,4979.8,7221.3,10949.7,9123.5,20238.1,14299.7,12489.2,Luz,51250.0,206750.0,164500.0,10.844490409005417
305,Lamudi,ceiling,Condo For Sale in Punta Engaño,"Punta Engano, Lapu-Lapu City, Cebu, Central Visayas, PHL",Lapu-Lapu City,Condominium,,81.0,2.0,2.0,9000000.0,10.33005475,124.04013073,Lamudi scraper,False,111111.11111111112,16.012735135300492,,7155.5,14142.8,3,0,0,1,0,0,0.0203,31597044.0,,,14925.8,14703.4,13106.2,9880.5,20857.6,23999.9,9819.4,33703.0,28173.0,26431.8,Punta Engaño,7000.0,13500.0,95000.0,8.853808274977197
306,Lamudi,ceiling,House For Sale in Cebu,"R. Arcenas Street, Lungsod ng Cebu, Lalawigan ng Cebu, Pilipinas",Cebu City,Single Detached,,298.0,4.0,4.0,38771914.0,10.3093722,123.8726341,Lamudi scraper,False,130107.09395973154,17.47320667649664,,11637.9,1210.7,3,0,3,10,0,0,0.0432,17562992.0,,,3585.8,4105.6,6374.5,8626.0,4433.6,8119.6,12456.3,16853.9,10844.8,9044.1,Guadalupe,23700.0,29550.0,84000.0,10.073272520325904
307,Lamudi,ceiling,Condo For Sale in Punta Engaño,"Punta Engaño Road, Lapu-Lapu, Cebu, Pilipinas",Lapu-Lapu City,Condominium,,68.0,1.0,1.0,20951322.0,10.3185134,124.0296471,Lamudi scraper,False,308107.67647058825,16.85771230496683,,5683.0,13330.3,0,0,0,1,0,0,0.0021,37904664.0,,,13717.8,13582.8,12169.3,8581.1,19388.7,22449.7,9669.1,32144.4,26679.1,24955.3,Punta Engaño,7000.0,13500.0,95000.0,8.853808274977197
308,Lamudi,ceiling,Townhouse For Sale in Basak,"Genesis Subdivision, Lungsod ng Lapu-Lapu, Lalawigan ng Cebu, Pilipinas",Lapu-Lapu City,Single Detached,,80.0,1.0,1.0,2500000.0,10.2793553,123.9665751,Lamudi scraper,False,31250.0,14.73180128983843,,3380.0,9017.3,5,1,2,6,0,0,0.0556,8306491.0,,,8051.5,8484.8,8529.4,4161.2,11811.7,14512.6,10807.6,24143.2,18901.6,17256.4,Basak,10000.0,15000.0,62500.0,9.210440366976517
309,Lamudi,ceiling,Commercial For Sale in Mactan,"Quezon National Highway, Maribago, Lapu-Lapu City, Cebu, Central Visayas, PHL",Lapu-Lapu City,Residential,,,3.0,2.0,80000000.0,10.29020638,123.99843626,Lamudi scraper,False,,18.197537192638155,,2844.8,11336.5,4,0,1,6,0,1,0.0439,13426394.0,,,10753.0,10920.9,10223.4,5772.3,15403.7,18195.7,10318.1,27832.0,22561.4,20896.6,Maribago,4125.0,9750.0,112500.0,8.325063693631197
310,Lamudi,ceiling,Condo For Sale in Mandaue,"W.O. Seno, Subangdaku, Cebu City, Cebu, Central Visayas, PHL",Mandaue City,Condominium,,84.0,2.0,2.0,16500000.0,10.3207231,123.9294311,Lamudi scraper,False,196428.57142857145,16.61887093887081,,5626.6,3072.7,6,6,20,18,6,1,0.3313,191028595.0,,,2772.5,2673.3,2493.3,2524.8,9438.3,13053.7,7253.0,22546.2,16679.2,14875.9,Subangdaku,23575.0,68750.0,132500.0,10.06798452441753
311,Lamudi,ceiling,Condo For Sale in Punta Engaño,"Aruga Resort and Residences – Mactan, Punta Engaño Road, Lapu-Lapu, Lalawigan ng Cebu, Pilipinas",Lapu-Lapu City,Condominium,,99.0,2.0,3.0,40062651.0,10.323479,124.0367989,Lamudi scraper,False,404673.2424242424,17.505955061748825,,6578.4,13939.7,3,0,0,1,0,0,0.0203,32012963.0,,,14513.3,14338.9,12837.4,9410.0,20292.8,23381.2,9927.6,33079.1,27593.0,25863.0,Punta Engaño,7000.0,13500.0,95000.0,8.853808274977197
312,Lamudi,ceiling,Condo For Sale in Cebu,"1119 Middle Nivel Hills Rd, Cebu City, 6000 Cebu, Philippines",Cebu City,Condominium,,101.0,2.0,2.0,13500000.0,10.342605,123.896352,Lamudi scraper,False,133663.36633663366,16.41820024340866,,9860.6,1307.4,1,0,0,2,0,0,0.0103,15234562.0,,,2883.3,2044.9,2686.6,6824.8,8869.8,12607.0,8284.0,21279.1,15257.6,13476.9,Lahug,30000.0,57000.0,115000.0,10.308985993422082
313,Lamudi,ceiling,Commercial Lot For Sale in Cebu,"Cebu South Road Properties, SRP Road, Cebu City, Lalawigan ng Cebu, Pilipinas",Cebu City,Lot Only,,4614.0,,,1882512000.0,10.2779285,123.8774052,Lamudi scraper,True,408000.0,21.355872892119997,,11580.4,1295.1,1,2,0,2,0,0,0.0303,545474172.0,,,5324.6,6249.5,8521.4,9013.9,2135.4,5636.0,14472.8,15189.5,9465.0,7710.2,Basak Pardo,13500.0,22500.0,92500.0,9.510519035757246
314,Lamudi,ceiling,Condo For Sale in Cebu Business Park,"Solinea Tower 2 (Turquoise), Cardinal Rosales Avenue, Lungsod ng Cebu, Lalawigan ng Cebu, Pilipinas",Cebu City,Condominium,,28.0,1.0,1.0,4800000.0,10.3160059,123.905247,Lamudi scraper,False,171428.57142857142,15.38412647587812,,8126.7,1368.6,18,17,51,47,2,5,0.5246,26747998.0,,,233.8,1192.3,3312.1,5051.8,7058.1,10783.8,9288.3,20082.7,14148.8,12338.5,Luz,51250.0,206750.0,164500.0,10.844490409005417
315,Lamudi,ceiling,Condo For Sale in Mactan,"Mactan, Lapu-Lapu City, Cebu, Central Visayas, PHL",Lapu-Lapu City,Condominium,,71.0,2.0,2.0,10700000.0,10.30776262,124.01492178,Lamudi scraper,False,150704.22535211267,16.185754299432134,,3931.5,12180.0,1,1,4,9,2,1,0.1013,19609886.0,,,12158.9,12126.0,10950.0,6984.1,17531.7,20519.2,9472.4,30202.8,24791.6,23084.1,Mactan,5000.0,10500.0,107500.0,8.517393171418904
316,Lamudi,ceiling,Condo For Sale in Tipolo,"P. Basubas St, Tipolo, Mandaue City, 6014 Cebu, Pilipinas",Mandaue City,Condominium,,21.0,,1.0,3418465.0,10.3322671,123.9280661,Lamudi scraper,False,162784.04761904763,15.044702177874914,,6229.8,2355.6,10,6,23,20,3,2,0.2856,18913539.0,,,3057.6,2516.5,1293.5,3283.1,10118.9,13816.5,6282.7,23164.7,17228.5,15417.8,Tipolo,21150.0,41250.0,60000.0,9.959442464680574
317,Lamudi,ceiling,Condo For Sale in Mandaue,"Subangdaku, Cebu City, Cebu, Central Visayas, PHL",Mandaue City,Condominium,,115.0,2.0,2.0,32000000.0,10.31183708,123.92724037,Lamudi scraper,False,278260.8695652174,17.281246460764002,,5684.9,3431.0,1,0,4,9,4,0,0.1413,62651602.0,,,2602.5,2873.4,3372.0,2646.7,8699.5,12243.7,8228.1,21808.2,15997.3,14204.4,Subangdaku,23575.0,68750.0,132500.0,10.06798452441753
318,Lamudi,ceiling,Condo For Sale in Luz,"Cebu Business Park, Siquijor Road, Lungsod ng Cebu, Lalawigan ng Cebu, Pilipinas",Cebu City,Condominium,,98.0,2.0,2.0,18500000.0,10.3208037,123.9058765,Lamudi scraper,False,188775.51020408163,16.733281290048552,,8140.5,959.7,18,15,58,47,2,7,0.5241,26479850.0,,,371.6,657.5,2828.1,5039.2,7486.1,11228.5,8860.0,20460.8,14504.9,12693.9,Luz,51250.0,206750.0,164500.0,10.844490409005417
319,Lamudi,ceiling,Land For Sale in Talamban,"Talamban, Cebu City, Cebu, Philippines",Cebu City,Residential,,727.0,,,21610178.0,10.3670682,123.9173923,Lamudi scraper,False,29725.141678129297,16.888674965376495,,9472.8,1615.2,6,0,7,16,1,2,0.118,26590027.0,,,5656.4,4663.7,2867.4,7006.1,12370.6,16125.7,5182.2,24830.5,18809.3,17033.8,Talamban,26375.0,68100.0,117500.0,10.180209784751566
320,Lamudi,ceiling,Penthouse For Sale in Kasambagan,"The Academy for International Culinary Arts, Kasambagan, Cebu City, Cebu, Central Visayas, PHL",Cebu City,Single Detached,,224.0,3.0,4.0,73000000.0,10.32436564,123.9093657,Lamudi scraper,False,325892.85714285716,18.105969999112663,,7852.5,1064.8,10,9,48,44,4,2,0.4249,28528216.0,,,913.6,472.7,2285.4,4746.2,8036.2,11777.7,8310.2,21005.3,15044.9,13234.0,Kasambagan,30000.0,34500.0,115000.0,10.308985993422082
321,Lamudi,ceiling,Warehouse For Sale in Tipolo,"Tipolo, Mandaue, Lalawigan ng Cebu, Pilipinas",Mandaue City,Single Detached,,908.0,,1.0,55000000.0,10.3286455,123.9306138,Lamudi scraper,False,60572.6872246696,17.822843743196746,,5805.1,2807.5,8,6,27,24,4,2,0.3147,119083603.0,,,3122.7,2726.7,1782.9,2816.2,10071.8,13737.2,6441.8,23153.2,17243.4,15434.6,Tipolo,21150.0,41250.0,60000.0,9.959442464680574
322,Lamudi,ceiling,House For Sale in Sangat,"4MMQ+J6 San Fernando, Cebu, Philippines",San Fernando,Single Detached,,100.0,3.0,3.0,7500000.0,10.134095,123.688042,Lamudi scraper,False,75000.0,15.83041357850654,,37204.2,21956.1,0,0,0,0,0,0,0.0,14888.0,,,31262.7,32037.0,34367.2,35056.4,24171.1,20556.8,40459.0,11239.5,17258.9,19037.5,Sangat,4000.0,6400.0,,8.294299608857235
323,Lamudi,ceiling,Condo For Sale in Santa Cruz,"The Persimmon Condominium, H. Joaquino Street, Lungsod ng Cebu, Lalawigan ng Cebu, Pilipinas",Cebu City,Condominium,,47.0,1.0,1.0,5500000.0,10.31121,123.89237,Lamudi scraper,False,117021.27659574468,15.5202586502027,,9486.8,515.1,24,20,55,50,0,1,0.5244,52511921.0,,,1496.1,2262.8,4591.7,6459.5,5706.2,9464.6,10665.7,18639.6,12682.7,10871.7,Capitol Site,46000.0,73000.0,95000.0,10.736418414365376
324,Lamudi,ceiling,House For Sale in Bakilid,"163 L. Jayme St, Mandaue City, Cebu, Philippines",Mandaue City,Single Detached,,192.0,4.0,4.0,17000000.0,10.339145,123.933541,Lamudi scraper,False,88541.66666666667,16.64872390202049,,6111.1,2664.5,12,3,20,37,0,2,0.2172,87001832.0,,,3982.7,3338.0,1409.0,3440.2,11075.8,14781.2,5311.3,24103.1,18153.9,16342.8,Bakilid,17015.0,24120.0,130750.0,9.741909356880074
325,Lamudi,ceiling,Condo For Sale in Cebu,"1119 Middle Nivel Hills Rd, Cebu City, 6000 Cebu, Philippines",Cebu City,Condominium,,101.0,3.0,2.0,17000000.0,10.342605,123.896352,Lamudi scraper,False,168316.8316831683,16.64872390202049,,9860.6,1307.4,1,0,0,2,0,0,0.0103,15015812.0,,,2883.3,2044.9,2686.6,6824.8,8869.8,12607.0,8284.0,21279.1,15257.6,13476.9,Lahug,30000.0,57000.0,115000.0,10.308985993422082
326,Lamudi,ceiling,Townhouse For Sale in Minglanilla,"Tungkil, Minglanilla, Cebu, Central Visayas, PHL",Minglanilla,Single Detached,,67.0,2.0,1.0,5500000.0,10.252219,123.812865,Lamudi scraper,False,82089.55223880598,15.5202586502027,,19176.0,3403.8,4,1,5,6,0,0,0.0531,11200000.0,,,12379.9,13112.0,15435.3,16621.6,5488.9,2967.1,21531.7,7749.2,1846.7,428.8,Linao,7000.0,20000.0,,8.853808274977197
327,Lamudi,ceiling,Condo For Sale in Cebu Business Park,"Luzon Avenue, Hippodromo, Cebu City, Cebu, Central Visayas, PHL",Cebu City,Condominium,,69.0,1.0,1.0,16000000.0,10.31700135,123.90449353,Lamudi scraper,False,231884.0579710145,16.588099280204055,,8222.5,1241.9,19,18,52,47,2,5,0.5418,26192025.0,,,99.9,1089.1,3262.4,5140.9,7077.2,10810.8,9265.9,20083.4,14141.3,12330.6,Luz,51250.0,206750.0,164500.0,10.844490409005417
328,Lamudi,ceiling,Condo For Sale in Cebu Business Park,"Cebu Business Park, Cebu City, Cebu, Pilipinas",Cebu City,Condominium,,125.0,3.0,3.0,30276529.0,10.3173504,123.9059978,Lamudi scraper,False,242212.232,17.225883349844096,,8064.8,1280.7,16,17,48,44,2,5,0.5024,26675973.0,,,199.3,1041.7,3141.7,4979.8,7221.3,10949.7,9123.5,20238.1,14299.7,12489.2,Luz,51250.0,206750.0,164500.0,10.844490409005417
329,Lamudi,ceiling,Townhouse For Sale in Basak,"Basak, Lapu-Lapu City, Lalawigan ng Cebu, Pilipinas",Lapu-Lapu City,Single Detached,,125.0,4.0,2.0,5200000.0,10.2910239,123.961041,Lamudi scraper,False,41600.0,15.464169183551656,,2662.2,7792.2,5,10,2,12,1,0,0.1862,47172022.0,,,6892.5,7233.2,7128.3,2730.0,11377.9,14346.3,9510.6,24040.4,18612.8,16913.6,Basak,10000.0,15000.0,62500.0,9.210440366976517
330,Lamudi,ceiling,Condo For Sale in Punta Engaño,"Punta Engano, Lapu-Lapu City, Cebu, Central Visayas, PHL",Lapu-Lapu City,Condominium,,42.0,1.0,1.0,12400000.0,10.33004573,124.04013199,Lamudi scraper,False,295238.09523809527,16.333207030575267,,7155.3,14143.1,3,0,0,1,0,0,0.0203,31519772.0,,,14925.9,14703.5,13106.4,9880.5,20857.4,23999.6,9820.0,33702.8,28172.8,26431.6,Punta Engaño,7000.0,13500.0,95000.0,8.853808274977197
331,Lamudi,ceiling,Condo For Sale in Cebu IT Park,"Calyx Center, Cebu I.T. Park, W Geonzon St, Lungsod ng Cebu, 6000 Lalawigan ng Cebu, Philippines",Cebu City,Condominium,,95.0,2.0,2.0,12632000.0,10.328947,123.905843,Lamudi scraper,False,132968.42105263157,16.351743834917617,,8359.8,643.6,21,5,24,35,2,5,0.3645,25289365.0,,,1244.1,248.2,2158.7,5262.0,8165.7,11926.1,8255.1,21025.7,15038.3,13230.0,Lahug,30000.0,57000.0,115000.0,10.308985993422082
332,Lamudi,ceiling,Land For Sale in Labangon,"Labangon, Lungsod ng Cebu, Lalawigan ng Cebu, Pilipinas",Cebu City,Residential,,,,,35000.0,10.2989677,123.8813181,Lamudi scraper,True,,10.46310334047155,,10724.5,403.9,12,9,3,15,0,4,0.2207,143195708.0,,,3273.0,4083.2,6412.2,7835.0,3886.6,7647.7,12479.3,16851.6,10921.7,9112.4,Labangon,20000.0,28046.0,92500.0,9.90353755128617
333,Lamudi,ceiling,Land For Sale in Tabla,"CWPR+PJ Consolacion, Cebu, Philippines",Liloan,Residential,,300.0,,,1830000.0,10.436784,123.941552,Lamudi scraper,False,6100.0,14.419826524817603,,14980.7,9804.7,0,0,0,0,0,0,0.0,151544844.0,,,13837.9,12849.7,10832.3,13733.4,20446.4,24167.1,7129.5,32404.3,26434.7,24724.0,San Roque,2000.0,,,7.601402334583733
334,Lamudi,ceiling,Townhouse For Sale in Bulacao,"St. Jude Acres Bulacao, Natalio B. Bacalso Avenue, Cebu City, Lalawigan ng Cebu, Pilipinas",Cebu City,Single Detached,,84.0,4.0,3.0,7599000.0,10.2736376,123.8491234,Lamudi scraper,False,90464.28571428572,15.84352721765192,,14689.9,952.1,16,1,6,10,0,2,0.1467,6848528.0,,,7782.5,8557.7,10890.3,12038.1,1086.3,3443.4,16976.4,12344.4,6455.4,4660.9,Bulacao,16000.0,25000.0,92500.0,9.680406499268875
335,Lamudi,ceiling,Townhouse For Sale in Casili,"3 C.Congson, Mandaue City, Cebu, Philippines",Consolacion,Single Detached,,60.0,3.0,2.0,3600000.0,10.367855,123.949434,Lamudi scraper,False,60000.0,15.096444403426338,,7480.4,4305.5,6,3,4,9,0,0,0.0905,18333429.0,,,7437.7,6613.9,4281.5,6030.6,14561.8,18303.3,1841.6,27459.7,21463.0,19657.5,Jagobiao,8515.0,16750.0,,9.049702026013371
336,Lamudi,ceiling,Land For Sale in Tawason,"Priveya Hills Talamban Cebu City, Lungsod ng Cebu, Lalawigan ng Cebu, Pilipinas",Mandaue City,Residential,,400.0,,,17769060.0,10.3926015,123.9242484,Lamudi scraper,False,44422.65,16.69296930058874,,11227.4,4550.7,5,0,0,3,0,0,0.0367,13584427.0,,,8593.0,7600.0,5692.9,9266.1,15210.6,18947.7,4680.0,27418.7,21411.9,19665.6,Sacsac,2400.0,,,7.783640596221253
337,Lamudi,ceiling,House For Sale in Tisa,"Tisa, Lungsod ng Cebu, Lalawigan ng Cebu, Pilipinas",Cebu City,Single Detached,,390.0,5.0,5.0,27000000.0,10.301553,123.870527,Lamudi scraper,False,69230.76923076923,17.111347423968603,,11882.6,965.7,10,4,2,12,0,0,0.1287,13846335.0,,,4111.6,4763.4,7077.6,8945.3,3538.4,7243.2,13173.8,16108.1,10118.8,8310.2,Tisa,12820.0,21320.0,90000.0,9.4588397305527
338,Lamudi,ceiling,Condo For Sale in Marigondon,"7X8W+FW Lapu-Lapu City, Cebu, Philippines",Lapu-Lapu City,Condominium,,90.0,2.0,2.0,19000000.0,10.266182,123.997295,Lamudi scraper,False,211111.11111111112,16.759949537130716,,4980.3,12619.7,0,0,0,0,0,0,0.0,10898466.0,,,11689.6,12065.8,11833.7,7288.2,15156.9,17512.2,12804.0,26950.9,22012.3,20447.0,,9500.0,19500.0,57500.0,9.15915233520675
339,Lamudi,ceiling,Condo For Sale in Kasambagan,"Pres. Magsaysay Extension, Mabolo, Cebu City, Cebu, Central Visayas, PHL",Cebu City,Condominium,,31.0,2.0,1.0,7688800.0,10.327819,123.915987,Lamudi scraper,False,248025.8064516129,15.855275282491212,,7264.0,1406.4,6,5,13,24,0,1,0.159,23536731.0,,,1694.6,1124.9,1614.1,4178.2,8816.8,12546.1,7527.0,21812.9,15858.3,14047.3,Kasambagan,30000.0,34500.0,115000.0,10.308985993422082
340,Lamudi,ceiling,Condo For Sale in Punta Engaño,"Amisa Residences, Lungsod ng Lapu-Lapu, Lalawigan ng Cebu, Pilipinas",Lapu-Lapu City,Condominium,,81.0,2.0,2.0,9000000.0,10.328166,124.041029,Lamudi scraper,False,111111.11111111112,16.012735135300492,,7176.5,14278.9,3,0,0,1,0,0,0.0203,31381555.0,,,15006.3,14797.9,13226.0,9940.9,20887.2,24007.9,10014.2,33709.2,28197.2,26460.3,Punta Engaño,7000.0,13500.0,95000.0,8.853808274977197
341,Lamudi,ceiling,Studio For Sale in Agus,"Agus Road, Marigondon, Lapu-Lapu City, Cebu, Central Visayas, PHL",Lapu-Lapu City,Residential,,30.0,1.0,1.0,5309958.0,10.28410958,123.97552209,Lamudi scraper,False,176998.6,15.48509448358232,,2594.3,9530.5,4,1,4,5,0,2,0.0609,11729037.0,,,8653.5,8982.5,8744.4,4216.4,12833.6,15599.3,10354.6,25242.1,19967.5,18308.7,Basak,10000.0,15000.0,62500.0,9.210440366976517
342,Lamudi,ceiling,Condo For Sale in Agus,"Agus Road, Marigondon, Lapu-Lapu City, Cebu, Central Visayas, PHL",Lapu-Lapu City,Condominium,,25.0,1.0,1.0,4364108.0,10.28410958,123.97552209,Lamudi scraper,False,174564.32,15.288924373566545,,2594.3,9530.5,4,1,4,5,0,2,0.0609,11741482.0,,,8653.5,8982.5,8744.4,4216.4,12833.6,15599.3,10354.6,25242.1,19967.5,18308.7,Basak,10000.0,15000.0,62500.0,9.210440366976517
343,Lamudi,ceiling,Condo For Sale in Agus,"Agus Road, Marigondon, Lapu-Lapu City, Cebu, Central Visayas, PHL",Lapu-Lapu City,Condominium,,25.0,1.0,1.0,4409115.0,10.28410958,123.97552209,Lamudi scraper,False,176364.6,15.29918454701194,,2594.3,9530.5,4,1,4,5,0,2,0.0609,11740890.0,,,8653.5,8982.5,8744.4,4216.4,12833.6,15599.3,10354.6,25242.1,19967.5,18308.7,Basak,10000.0,15000.0,62500.0,9.210440366976517
344,Lamudi,ceiling,House For Sale in Tamiao,"Tamiao, Compostela, Cebu, Central Visayas, PHL",Compostela,Single Detached,,82.0,3.0,2.0,7200000.0,10.44724499,123.98910129,Lamudi scraper,False,87804.87804878049,15.789591583986285,,15612.6,13365.2,0,0,0,0,0,0,0.0,4670286.0,,,17119.6,16207.9,13924.4,15417.4,24149.0,27913.4,8338.1,36691.6,30672.7,28903.7,Cabadiangan,750.0,,,6.621405651764134
345,Lamudi,ceiling,House For Sale in Banilad,"Maria Luisa Road, Cebu City, Lalawigan ng Cebu, Pilipinas",Cebu City,Single Detached,,300.0,6.0,5.0,42000000.0,10.3439001,123.9107733,Lamudi scraper,False,140000.0,17.553180176247643,,8506.0,171.5,17,9,21,25,0,1,0.2775,42022263.0,,,2981.2,1987.8,1137.8,5570.2,9817.4,13581.8,6839.3,22523.6,16511.8,14713.3,Banilad,41500.0,92500.0,90000.0,10.633472802314019
346,Lamudi,ceiling,Residential Lot For Sale in Punta Engaño,"Punta Engano, Lapu-Lapu City, Cebu, Central Visayas, PHL",Lapu-Lapu City,Lot Only,,241.0,,,7000000.0,10.33247668,124.043602,Lamudi scraper,False,29045.64315352697,15.761420707019589,,7607.0,14471.0,0,0,0,0,0,0,0.0,8902914.0,,,15330.2,15092.0,13461.3,10305.3,21302.5,24455.5,10009.8,34159.2,28620.7,26877.2,Punta Engaño,7000.0,13500.0,95000.0,8.853808274977197
347,Lamudi,ceiling,Condo For Sale in Cebu Business Park,"Cardinal Rosales Avenue, Hippodromo, Cebu City, Cebu, Central Visayas, PHL",Cebu City,Condominium,,107.0,3.0,4.0,24600000.0,10.31557373,123.9053366,Lamudi scraper,False,229906.54205607477,17.01825700090259,,8111.4,1395.9,20,17,51,45,2,5,0.5324,26506534.0,,,281.3,1239.8,3348.4,5039.7,7031.9,10755.0,9316.4,20061.8,14130.7,12320.6,Luz,51250.0,206750.0,164500.0,10.844490409005417
348,Lamudi,ceiling,Land For Sale in Mohon,"Mohon, Talisay, Lalawigan ng Cebu, Pilipinas",Talisay City,Residential,,155.0,,,2325000.0,10.2514505,123.8257767,Lamudi scraper,False,15000.0,14.659230597003594,,17872.2,2091.5,9,3,1,11,0,2,0.1204,37099958.0,,,11325.3,12109.0,14441.6,15383.0,4275.2,1625.8,20526.5,8837.7,3187.0,1704.6,Mohon,10000.0,21000.0,,9.210440366976517
349,Lamudi,ceiling,Condo For Sale in Agus,"Agus Road, Marigondon, Lapu-Lapu City, Cebu, Central Visayas, PHL",Lapu-Lapu City,Condominium,,25.0,1.0,1.0,4419051.0,10.28410958,123.97552209,Lamudi scraper,False,176762.04,15.30143552511892,,2594.3,9530.5,4,1,4,5,0,2,0.0609,11740759.0,,,8653.5,8982.5,8744.4,4216.4,12833.6,15599.3,10354.6,25242.1,19967.5,18308.7,Basak,10000.0,15000.0,62500.0,9.210440366976517
350,Lamudi,ceiling,Condo For Sale in Maribago,"Buyong Road, Maribago, Lapu-Lapu City, Cebu, Central Visayas, PHL",Lapu-Lapu City,Condominium,,37.0,,1.0,8181264.0,10.28986648,124.00575829,Lamudi scraper,False,221115.24324324325,15.91735721986883,,3505.3,12074.6,2,0,0,0,0,1,0.0177,17932101.0,,,11533.0,11681.5,10917.1,6512.3,16193.3,18956.0,10672.6,28577.8,23336.2,21677.7,Mactan,5000.0,10500.0,107500.0,8.517393171418904
351,Lamudi,ceiling,House For Sale in Guizo,"Mandaue, Lalawigan ng Cebu, Pilipinas",Mandaue City,Single Detached,,174.0,4.0,3.0,23000000.0,10.33214167,123.93571347,Lamudi scraper,False,132183.908045977,16.951004773893423,,5487.4,3111.3,15,8,34,33,4,2,0.4048,167038559.0,,,3789.8,3331.2,1927.7,2675.2,10750.3,14410.7,5811.4,23833.1,17922.6,16113.6,Guizo,12750.0,26500.0,,9.453364978883542
352,Lamudi,ceiling,House For Sale in Cebu,"Cebu City, Cebu, Philippines",Cebu City,Single Detached,,133.0,4.0,4.0,14724000.0,10.3156992,123.8854366,Lamudi scraper,False,110706.76691729324,16.50498937348105,,10278.3,393.1,15,8,24,23,0,4,0.2713,48702707.0,,,2072.6,2538.9,4824.6,7215.8,5674.1,9430.1,10917.0,18370.0,12373.0,10566.8,Guadalupe,23700.0,29550.0,84000.0,10.073272520325904
353,Lamudi,ceiling,Penthouse For Sale in Cebu,"Veterans Drive, Lahug, Cebu City, Cebu, Central Visayas, PHL",Cebu City,Single Detached,,123.0,2.0,2.0,26776786.0,10.34836347,123.889014,Lamudi scraper,False,217697.44715447153,17.103045876088412,,10855.5,2318.9,1,0,0,1,0,0,0.0082,10687696.0,,,3778.6,3025.2,3568.8,7836.8,9122.5,12801.0,8757.3,21184.2,15170.9,13418.3,Busay,8500.0,5500.0,120000.0,9.04793908261736
354,Lamudi,ceiling,Townhouse For Sale in Tisa,"16 Platinum Street, Cebu City, Cebu, Philippines",Cebu City,Single Detached,,72.0,4.0,3.0,8800000.0,10.304145,123.86984,Lamudi scraper,False,122222.22222222222,15.990262279448435,,11945.9,1257.2,4,1,2,11,0,0,0.0602,18896554.0,,,4062.3,4663.1,6960.4,8981.1,3784.2,7462.9,13052.4,16239.3,10238.2,8433.2,Tisa,12820.0,21320.0,90000.0,9.4588397305527
355,Lamudi,ceiling,Studio For Sale in Santa Cruz,"Kosh Kosh Laundry, V. Ranudo Extension, San Antonio, Cebu City, Cebu, Central Visayas, PHL",Cebu City,Residential,,28.0,,1.0,4250000.0,10.3057022,123.8973152,Lamudi scraper,False,151785.7142857143,15.2624295409006,,8936.8,1319.9,33,18,51,59,2,3,0.6401,28750588.0,,,1551.2,2512.8,4743.8,5978.6,5642.1,9353.6,10717.6,18706.0,12803.7,10997.0,Santa Cruz,46000.0,73000.0,95000.0,10.736418414365376
356,Lamudi,ceiling,Townhouse For Sale in Mohon,"Mohon, City of Talisay, Lalawigan ng Cebu, Pilipinas",Talisay City,Single Detached,,47.0,2.0,2.0,4044900.0,10.2514505,123.8257767,Lamudi scraper,False,86061.70212765958,15.212967386290275,,17872.2,2091.5,9,3,1,11,0,2,0.1204,36908858.0,,,11325.3,12109.0,14441.6,15383.0,4275.2,1625.8,20526.5,8837.7,3187.0,1704.6,Mohon,10000.0,21000.0,,9.210440366976517
357,Lamudi,ceiling,Condo For Sale in Cebu IT Park,"East West Banking W Geonzon Street, Geonzon, Lahug, Cebu City, Cebu, Central Visayas, PHL",Cebu City,Condominium,,,,,13900000.0,10.328642,123.90537,Lamudi scraper,False,,16.44739939810092,,8399.6,595.5,23,5,31,36,2,5,0.3872,28740914.0,,,1204.2,218.5,2220.1,5300.3,8106.8,11867.5,8316.6,20964.2,14976.7,13168.4,Lahug,30000.0,57000.0,115000.0,10.308985993422082
358,Lamudi,ceiling,Penthouse For Sale in Agus,"Agus Road, Marigondon, Lapu-Lapu City, Cebu, Central Visayas, PHL",Lapu-Lapu City,Single Detached,,25.0,1.0,1.0,4947729.0,10.28410958,123.97552209,Lamudi scraper,False,197909.16,15.414439241390726,,2594.3,9530.5,4,1,4,5,0,2,0.0609,11733803.0,,,8653.5,8982.5,8744.4,4216.4,12833.6,15599.3,10354.6,25242.1,19967.5,18308.7,Basak,10000.0,15000.0,62500.0,9.210440366976517
359,Lamudi,ceiling,House For Sale in Talamban,"Budla-An, Cebu City, Cebu, Central Visayas, PHL",Cebu City,Single Detached,,213.0,5.0,3.0,12854700.0,10.37062043,123.89979383,Lamudi scraper,False,60350.704225352114,16.36922006118694,,11171.3,2416.4,1,0,0,0,0,0,0.0061,720000.0,,,5886.1,4925.4,3975.0,8482.1,11858.0,15542.4,7030.1,23818.9,17821.9,16090.1,Budla-an,9375.0,,,9.145908511816794
360,Lamudi,ceiling,House For Sale in Pooc,"6RR9+CP Talisay, Cebu, Philippines",Talisay City,Single Detached,,520.0,8.0,5.0,27000000.0,10.241117,123.819307,Lamudi scraper,False,51923.07692307692,17.111347423968603,,18953.2,3302.7,5,1,0,6,0,0,0.0532,19184824.0,,,12618.0,13419.1,15752.1,16547.2,5517.7,2162.4,21828.8,7637.3,2488.4,1849.9,Pooc,11800.0,14000.0,,9.375939552625749
361,Lamudi,ceiling,Condo For Sale in Punta Engaño,"Punta Engaño, Lapu-Lapu, Lalawigan ng Cebu, Pilipinas",Lapu-Lapu City,Condominium,,161.0,2.0,2.0,56101325.0,10.3231321,124.0349024,Lamudi scraper,False,348455.4347826087,17.842669988752334,,6368.4,13747.6,3,0,0,1,0,0,0.0203,31678824.0,,,14304.4,14132.5,12638.7,9199.5,20082.9,23174.5,9784.8,32873.0,27383.9,25653.3,Punta Engaño,7000.0,13500.0,95000.0,8.853808274977197
362,Lamudi,ceiling,Condo For Sale in Agus,"Agus Road, Marigondon, Lapu-Lapu City, Cebu, Central Visayas, PHL",Lapu-Lapu City,Condominium,,25.0,1.0,1.0,5486084.0,10.28410958,123.97552209,Lamudi scraper,False,219443.36,15.517725262064978,,2594.3,9530.5,4,1,4,5,0,2,0.0609,11726720.0,,,8653.5,8982.5,8744.4,4216.4,12833.6,15599.3,10354.6,25242.1,19967.5,18308.7,Basak,10000.0,15000.0,62500.0,9.210440366976517
363,Lamudi,ceiling,Commercial For Sale in Carcar,"Ocana, Carcar, Cebu, Central Visayas, PHL",Carcar City,Residential,,4919.0,,,59028000.0,10.07509548,123.63156471,Lamudi scraper,False,12000.0,17.89352246556548,,45953.7,30918.9,0,0,0,0,0,0,0.0,,,,40240.8,41027.8,43359.6,43915.3,33131.8,29475.0,49446.8,20254.1,26273.3,28050.0,Ocana,3000.0,8000.0,,8.006700845440367
364,Lamudi,ceiling,Condo For Sale in Cebu IT Park,"East West Banking W Geonzon Street, Geonzon, Lahug, Cebu City, Cebu, Central Visayas, PHL",Cebu City,Condominium,,69.0,1.0,2.0,13300000.0,10.328642,123.90537,Lamudi scraper,False,192753.6231884058,16.40327459319198,,8399.6,595.5,23,5,31,36,2,5,0.3872,28750438.0,,,1204.2,218.5,2220.1,5300.3,8106.8,11867.5,8316.6,20964.2,14976.7,13168.4,Lahug,30000.0,57000.0,115000.0,10.308985993422082
365,Lamudi,ceiling,House For Sale in Banilad,"Maria Luisa Road, Cebu City, Lalawigan ng Cebu, Pilipinas",Cebu City,Single Detached,,450.0,5.0,4.0,60000000.0,10.3439001,123.9107733,Lamudi scraper,False,133333.33333333334,17.909855120186375,,8506.0,171.5,17,9,21,25,0,1,0.2775,41507977.0,,,2981.2,1987.8,1137.8,5570.2,9817.4,13581.8,6839.3,22523.6,16511.8,14713.3,Banilad,41500.0,92500.0,90000.0,10.633472802314019
366,Lamudi,ceiling,House For Sale in Pooc,"6RR9+CP Talisay, Cebu, Philippines",Talisay City,Single Detached,,205.0,3.0,3.0,15000000.0,10.241117,123.819307,Lamudi scraper,False,73170.73170731707,16.523560759066484,,18953.2,3302.7,5,1,0,6,0,0,0.0532,19890706.0,,,12618.0,13419.1,15752.1,16547.2,5517.7,2162.4,21828.8,7637.3,2488.4,1849.9,Pooc,11800.0,14000.0,,9.375939552625749
367,Lamudi,ceiling,Condo For Sale in Apas,"Avida Towers Riala, Jose Maria del Mar Street, Lungsod ng Cebu, Cebu, Pilipinas",Cebu City,Condominium,,22.0,,1.0,3900000.0,10.3328036,123.9090696,Lamudi scraper,False,177272.72727272726,15.176487111099874,,8162.1,472.9,15,4,24,32,2,3,0.3006,25270618.0,,,1742.3,767.4,1615.1,5093.2,8721.1,12481.3,7710.1,21571.6,15580.4,13773.0,Apas,28800.0,37300.0,125550.0,10.268165387743457
368,Lamudi,ceiling,Condo For Sale in Cebu IT Park,"2 W Geonzon St, Cebu City, 6000 Cebu, Philippines",Cebu City,Condominium,,23.0,,1.0,3500000.0,10.330279,123.905622,Lamudi scraper,False,152173.91304347827,15.068273526459642,,8426.8,493.8,20,5,23,36,2,4,0.3538,25085853.0,,,1388.1,396.5,2085.2,5334.4,8266.4,12028.5,8179.8,21102.3,15110.4,13303.1,Lahug,30000.0,57000.0,115000.0,10.308985993422082
369,Lamudi,ceiling,Townhouse For Sale in Talamban,"Talamban, Cebu City, Lalawigan ng Cebu, Pilipinas",Cebu City,Single Detached,,106.0,3.0,2.0,7207457.0,10.3670682,123.9173923,Lamudi scraper,False,67994.87735849057,15.790626742469266,,9472.8,1615.2,6,0,7,16,1,2,0.118,27054631.0,,,5656.4,4663.7,2867.4,7006.1,12370.6,16125.7,5182.2,24830.5,18809.3,17033.8,Talamban,26375.0,68100.0,117500.0,10.180209784751566
370,Lamudi,ceiling,Commercial Lot For Sale in Carcar,"Bolinawan, Carcar, Lalawigan ng Cebu, Pilipinas",Carcar City,Lot Only,,4919.0,,,59028000.0,10.091646,123.6343619,Lamudi scraper,False,12000.0,17.89352246556548,,44686.5,29493.0,0,0,0,0,0,0,0.0,11000000.0,,,38796.0,39564.7,41893.5,42578.3,31708.1,28090.2,47987.3,18731.4,24751.6,26541.2,Bolinawan,4000.0,7500.0,,8.294299608857235
371,Lamudi,ceiling,Residential Lot For Sale in Santa Cruz,"San Vicente, Liloan, Lalawigan ng Cebu, Pilipinas",Liloan,Lot Only,,240.0,,,3600000.0,10.4113853,123.9722147,Lamudi scraper,False,15000.0,15.096444403426338,,11609.7,9154.5,1,0,0,0,0,0,0.0061,7950000.0,,,12782.4,11893.9,9585.7,11104.0,19858.6,23619.1,3985.8,32558.9,26538.4,24751.3,San Vicente,2500.0,4000.0,,7.824445930877619
372,Lamudi,ceiling,Condo For Sale in Cebu Business Park,"Cebu Business Park, Lungsod ng Cebu, Lalawigan ng Cebu, Pilipinas",Cebu City,Condominium,,88.0,2.0,3.0,27386061.0,10.3173504,123.9059978,Lamudi scraper,False,311205.23863636365,17.1255447192873,,8064.8,1280.7,16,17,48,44,2,5,0.5024,26708090.0,,,199.3,1041.7,3141.7,4979.8,7221.3,10949.7,9123.5,20238.1,14299.7,12489.2,Luz,51250.0,206750.0,164500.0,10.844490409005417
373,Lamudi,ceiling,Condo For Sale in Basak,"Basak-Sudtunggan Road, Lapu-Lapu, Lalawigan ng Cebu, Pilipinas",Lapu-Lapu City,Condominium,,32.0,1.0,1.0,3523210.0,10.2805548,123.9633561,Lamudi scraper,False,110100.3125,15.074883063835262,,3420.1,8655.0,3,1,2,4,0,0,0.0392,5819290.0,,,7682.7,8126.7,8217.5,3907.4,11470.9,14210.8,10670.1,23855.7,18583.2,16929.9,Basak,10000.0,15000.0,62500.0,9.210440366976517
374,Lamudi,ceiling,House For Sale in Pakigne,"Tubod, Minglanilla, Cebu, Central Visayas, PHL",Minglanilla,Single Detached,,80.0,4.0,3.0,8876600.0,10.26057959,123.7998166,Lamudi scraper,False,110957.5,15.998929158767105,,20276.7,4738.9,2,0,0,0,0,0,0.0121,4421860.0,,,13081.9,13727.4,16013.3,17599.3,6583.8,4628.6,22089.6,7419.4,1629.6,1323.9,Tubod,6500.0,8000.0,,8.77971129020447
375,Lamudi,ceiling,Condo For Sale in Mandaue,"Subangdaku, Cebu City, Cebu, Central Visayas, PHL",Mandaue City,Condominium,,46.0,1.0,1.0,12359610.0,10.31183708,123.92724037,Lamudi scraper,False,268687.17391304346,16.32994445609794,,5684.9,3431.0,1,0,4,9,4,0,0.1413,65925000.0,,,2602.5,2873.4,3372.0,2646.7,8699.5,12243.7,8228.1,21808.2,15997.3,14204.4,Subangdaku,23575.0,68750.0,132500.0,10.06798452441753
376,Lamudi,ceiling,House For Sale in Adlaon,"Adlaon, Cebu City, Cebu, Central Visayas, PHL",Cebu City,Single Detached,,180.0,3.0,2.0,30000000.0,10.443525,123.869939,Lamudi scraper,False,166666.66666666666,17.216707939626428,,19289.6,11093.0,1,0,0,0,0,0,0.0061,160000000.0,,,14467.7,13566.8,12638.2,16966.3,19126.1,22403.7,12683.4,28912.1,23345.6,21891.6,Adlaon,1875.5,,,7.537163618575075
377,Lamudi,ceiling,Commercial Lot For Sale in Buluang,"Buluang, Compostela, Cebu, Central Visayas, PHL",Compostela,Lot Only,,5295.0,,,31770000.0,10.479585,123.998298,Lamudi scraper,False,6000.0,17.2740330062457,,19285.4,16867.6,1,0,0,0,0,0,0.0061,,,,20715.9,19782.7,17532.6,19151.4,27676.8,31438.5,12066.6,40029.9,34025.9,32279.3,Buluang,750.0,,,6.621405651764134
378,Lamudi,ceiling,Penthouse For Sale in Agus,"Agus Road, Marigondon, Lapu-Lapu City, Cebu, Central Visayas, PHL",Lapu-Lapu City,Single Detached,,25.0,1.0,1.0,4947729.0,10.28410958,123.97552209,Lamudi scraper,False,197909.16,15.414439241390726,,2594.3,9530.5,4,1,4,5,0,2,0.0609,11733803.0,,,8653.5,8982.5,8744.4,4216.4,12833.6,15599.3,10354.6,25242.1,19967.5,18308.7,Basak,10000.0,15000.0,62500.0,9.210440366976517
379,Lamudi,ceiling,Studio For Sale in Cebu Business Park,"Cardinal Rosales Avenue, Hippodromo, Cebu City, Cebu, Central Visayas, PHL",Cebu City,Residential,,26.0,1.0,1.0,6000000.0,10.31557373,123.9053366,Lamudi scraper,False,230769.2307692308,15.60727002719233,,8111.4,1395.9,20,17,51,45,2,5,0.5324,26733364.0,,,281.3,1239.8,3348.4,5039.7,7031.9,10755.0,9316.4,20061.8,14130.7,12320.6,Luz,51250.0,206750.0,164500.0,10.844490409005417
380,Lamudi,ceiling,Condo For Sale in Cebu IT Park,"East West Banking W Geonzon Street, Geonzon, Lahug, Cebu City, Cebu, Central Visayas, PHL",Cebu City,Condominium,,104.0,3.0,2.0,16200000.0,10.328642,123.90537,Lamudi scraper,False,155769.23076923078,16.600521800202614,,8399.6,595.5,23,5,31,36,2,5,0.3872,28704406.0,,,1204.2,218.5,2220.1,5300.3,8106.8,11867.5,8316.6,20964.2,14976.7,13168.4,Lahug,30000.0,57000.0,115000.0,10.308985993422082
381,Lamudi,ceiling,Condo For Sale in Mactan,"Mactan, Lapu-Lapu City, Cebu, Central Visayas, PHL",Lapu-Lapu City,Condominium,,63.0,,1.0,13000000.0,10.29875784,124.01573116,Lamudi scraper,False,206349.20634920636,16.38045991542581,,4127.5,12619.6,1,0,1,0,1,0,0.035,13489257.0,,,12379.4,12425.3,11412.8,7234.1,17418.6,20282.0,10345.9,29932.8,24620.2,22939.2,Mactan,5000.0,10500.0,107500.0,8.517393171418904
382,Lamudi,ceiling,Townhouse For Sale in Talamban,"Talamban, Lungsod ng Cebu, Lalawigan ng Cebu, Pilipinas",Cebu City,Single Detached,,159.0,2.0,3.0,20000000.0,10.3670682,123.9173923,Lamudi scraper,False,125786.16352201258,16.811242831518264,,9472.8,1615.2,6,0,7,16,1,2,0.118,26641968.0,,,5656.4,4663.7,2867.4,7006.1,12370.6,16125.7,5182.2,24830.5,18809.3,17033.8,Talamban,26375.0,68100.0,117500.0,10.180209784751566
383,Lamudi,ceiling,Condo For Sale in Cebu Business Park,"Cardinal Rosales Avenue, Hippodromo, Cebu City, Cebu, Central Visayas, PHL",Cebu City,Condominium,,26.0,,1.0,5500000.0,10.31557373,123.9053366,Lamudi scraper,False,211538.46153846153,15.5202586502027,,8111.4,1395.9,20,17,51,45,2,5,0.5324,26739461.0,,,281.3,1239.8,3348.4,5039.7,7031.9,10755.0,9316.4,20061.8,14130.7,12320.6,Luz,51250.0,206750.0,164500.0,10.844490409005417
384,Lamudi,ceiling,House For Sale in Cogon,"7X86+328, Cordova, Cebu, Philippines",Cordova,Single Detached,,150.0,3.0,3.0,8500000.0,10.26430307,123.95966208,Lamudi scraper,False,56666.666666666664,15.955576721460544,,5216.6,9537.1,7,0,0,0,0,0,0.0424,7372000.0,,,8498.4,9106.8,9576.0,5562.2,11058.2,13410.1,12485.2,22917.2,17895.8,16324.2,Gabi,10000.0,3875.0,,9.210440366976517
385,Lamudi,ceiling,Condo For Sale in Cebu IT Park,"Cebu IT Park, Lungsod ng Cebu, Lalawigan ng Cebu, Pilipinas",Cebu City,Condominium,,40.0,1.0,1.0,8755000.0,10.3304499,123.9073923,Lamudi scraper,False,218875.0,15.98513552370209,,8248.5,530.0,17,5,21,34,2,3,0.3234,24159069.0,,,1440.6,451.7,1921.4,5160.0,8402.3,12162.1,8018.0,21262.8,15274.7,13466.6,Lahug,30000.0,57000.0,115000.0,10.308985993422082
386,Lamudi,ceiling,Penthouse For Sale in Punta Engaño,"Aruga Resort and Residences – Mactan, Punta Engaño Road, Lungsod ng Lapu-Lapu, Lalawigan ng Cebu, Pilipinas",Lapu-Lapu City,Single Detached,,292.0,4.0,4.0,191034000.0,10.3234104,124.0373611,Lamudi scraper,False,654226.0273972603,19.067961980640124,,6635.5,14001.3,3,0,0,1,0,0,0.0203,29235543.0,,,14574.4,14400.6,12899.3,9470.2,20349.6,23435.4,9981.6,33132.8,27649.1,25919.6,Punta Engaño,7000.0,13500.0,95000.0,8.853808274977197
387,Lamudi,ceiling,Condo For Sale in Maribago,"Buyong Road, Maribago, Lapu-Lapu City, Cebu, Central Visayas, PHL",Lapu-Lapu City,Condominium,,,1.0,1.0,15500000.0,10.28986648,124.00575829,Lamudi scraper,False,,16.556350581889475,,3505.3,12074.6,2,0,0,0,0,1,0.0177,17739502.0,,,11533.0,11681.5,10917.1,6512.3,16193.3,18956.0,10672.6,28577.8,23336.2,21677.7,Mactan,5000.0,10500.0,107500.0,8.517393171418904
388,Lamudi,ceiling,Land For Sale in Cotcot,"Cotcot, Liloan, Lalawigan ng Cebu, Pilipinas",Liloan,Residential,,1862.0,,,22344000.0,10.427348,124.0000812,Lamudi scraper,False,12000.0,16.92206838660715,,13558.7,12597.2,0,1,0,2,0,1,0.0198,3500000.0,,,16064.1,15219.4,12889.0,13719.3,23182.9,26929.5,6907.1,35993.8,29978.0,28183.2,Cotcot,2500.0,,,7.824445930877619
389,Lamudi,ceiling,Commercial Lot For Sale in Cebu,"South Coast City, Antuwanga, Cebu City, Lalawigan ng Cebu, Pilipinas",Cebu City,Lot Only,,2475.0,,,990000000.0,10.284899,123.8848326,Lamudi scraper,True,400000.0,20.71321550109291,,10595.2,1493.5,5,3,0,7,0,0,0.0753,605520000.0,,,4237.2,5183.2,7428.6,7950.0,3187.3,6758.3,13355.6,16286.5,10516.3,8742.7,Mambaling,20000.0,42500.0,92500.0,9.90353755128617
390,Lamudi,ceiling,House For Sale in Subangdaku,"1065 Hernan Cortes St, Mandaue City, Cebu, Philippines",Mandaue City,Single Detached,,320.0,4.0,5.0,18000000.0,10.32629422,123.92194737,Lamudi scraper,False,56250.0,16.70588231586044,,6592.0,2056.7,4,3,20,11,0,1,0.1075,15469175.0,,,2150.4,1770.9,1696.0,3511.5,9177.6,12873.6,7219.9,22231.7,16303.9,14493.8,Subangdaku,23575.0,68750.0,132500.0,10.06798452441753
391,Lamudi,ceiling,House For Sale in Talamban,"Talamban, Lungsod ng Cebu, Lalawigan ng Cebu, Pilipinas",Cebu City,Single Detached,,83.0,4.0,3.0,10000000.0,10.3670682,123.9173923,Lamudi scraper,False,120481.92771084336,16.11809565095832,,9472.8,1615.2,6,0,7,16,1,2,0.118,26964549.0,,,5656.4,4663.7,2867.4,7006.1,12370.6,16125.7,5182.2,24830.5,18809.3,17033.8,Talamban,26375.0,68100.0,117500.0,10.180209784751566
392,Lamudi,ceiling,Condo For Sale in Punta Engaño,"Mövenpick Cebu, Mactan Island, Lapu-Lapu, Lalawigan ng Cebu, Pilipinas",Lapu-Lapu City,Condominium,,160.0,3.0,3.0,26000000.0,10.3100786,124.0233764,Lamudi scraper,False,162500.0,17.073607095985757,,4866.5,12984.1,0,0,2,1,4,0,0.1157,12276200.0,,,13060.5,12998.6,11743.9,7888.2,18491.0,21476.4,9851.7,31157.8,25751.7,24044.0,Punta Engaño,7000.0,13500.0,95000.0,8.853808274977197
393,Lamudi,ceiling,Condo For Sale in Mandaue,"W.O. Seno, Subangdaku, Cebu City, Cebu, Central Visayas, PHL",Mandaue City,Condominium,,82.0,2.0,2.0,25540000.0,10.3207231,123.9294311,Lamudi scraper,False,311463.4146341463,17.055756408568666,,5626.6,3072.7,6,6,20,18,6,1,0.3313,190382880.0,,,2772.5,2673.3,2493.3,2524.8,9438.3,13053.7,7253.0,22546.2,16679.2,14875.9,Subangdaku,23575.0,68750.0,132500.0,10.06798452441753
394,Lamudi,ceiling,Condo For Sale in Agus,"Agus Road, Marigondon, Lapu-Lapu City, Cebu, Central Visayas, PHL",Lapu-Lapu City,Condominium,,25.0,1.0,1.0,4468775.0,10.28410958,123.97552209,Lamudi scraper,False,178751.0,15.3126248798144,,2594.3,9530.5,4,1,4,5,0,2,0.0609,11740105.0,,,8653.5,8982.5,8744.4,4216.4,12833.6,15599.3,10354.6,25242.1,19967.5,18308.7,Basak,10000.0,15000.0,62500.0,9.210440366976517
395,Lamudi,ceiling,House For Sale in Nangka,"Nangka, Consolacion, Cebu, Central Visayas, PHL",Consolacion,Single Detached,,157.0,5.0,3.0,9000000.0,10.37047852,123.9634791,Lamudi scraper,False,57324.84076433121,16.012735135300492,,7239.0,5846.2,8,4,14,9,0,1,0.1302,22600000.0,,,8728.9,7970.9,5663.9,6456.1,15848.0,19561.8,671.7,28829.6,22851.6,21042.3,Nangka,2400.0,,,7.783640596221253
396,Lamudi,ceiling,Studio For Sale in Tipolo,"P. Basubas, Banilad Mandaue, Cebu City, Cebu, Central Visayas, PHL",Mandaue City,Residential,,22.0,,1.0,3680640.0,10.3353666,123.9249881,Lamudi scraper,False,167301.81818181818,15.118597208067472,,6687.0,1895.0,7,3,11,11,0,1,0.1148,9189523.0,,,2988.4,2312.4,817.3,3762.1,10107.2,13830.5,6240.5,23105.2,17146.5,15335.6,Tipolo,21150.0,41250.0,60000.0,9.959442464680574
397,Lamudi,ceiling,Condo For Sale in Banawa,"Symfoni Bossa, Symfoni Bossa, Nichols Heights, Lungsod ng Cebu, Lalawigan ng Cebu, Pilipinas",Cebu City,Condominium,,20.0,,1.0,2700000.0,10.3171314,123.8829967,Lamudi scraper,False,135000.0,14.808762330974558,,10559.6,703.6,15,4,15,13,0,4,0.1991,48664068.0,,,2326.9,2709.2,4952.7,7489.1,5682.8,9424.6,11031.7,18274.1,12267.5,10465.3,Guadalupe,23700.0,29550.0,84000.0,10.073272520325904
398,Lamudi,ceiling,Condo For Sale in Basak,"Royal Oceancrest Mactan, Basak-Sudtunggan Road, Lungsod ng Lapu-Lapu, Lalawigan ng Cebu, Pilipinas",Lapu-Lapu City,Condominium,,60.0,2.0,1.0,6210960.0,10.2821291,123.96405,Lamudi scraper,False,103516.0,15.641826031333936,,3230.6,8612.5,3,3,3,8,0,0,0.0689,5925598.0,,,7654.3,8077.1,8117.7,3770.2,11562.5,14333.8,10494.9,23986.8,18694.2,17034.4,Basak,10000.0,15000.0,62500.0,9.210440366976517
399,Lamudi,ceiling,Condo For Sale in Agus,"Agus Road, Marigondon, Lapu-Lapu City, Cebu, Central Visayas, PHL",Lapu-Lapu City,Condominium,,25.0,1.0,1.0,4003310.0,10.28410958,123.97552209,Lamudi scraper,False,160132.4,15.2026320768948,,2594.3,9530.5,4,1,4,5,0,2,0.0609,11746230.0,,,8653.5,8982.5,8744.4,4216.4,12833.6,15599.3,10354.6,25242.1,19967.5,18308.7,Basak,10000.0,15000.0,62500.0,9.210440366976517
400,Lamudi,ceiling,Condo For Sale in Cebu,"Cogon Pardo, Cebu City, Cebu, Central Visayas, PHL",Cebu City,Condominium,,29.0,2.0,1.0,6809900.0,10.269927,123.872523,Lamudi scraper,False,234824.1379310345,15.733887993730068,,12363.2,1409.8,1,0,0,3,1,0,0.0403,344417969.0,,,6361.5,7287.0,9557.9,9901.6,1507.4,4657.3,15496.5,14283.2,8660.1,6948.8,Cogon Pardo,17500.0,21500.0,92500.0,9.770013301136158
401,Lamudi,ceiling,House For Sale in Mactan,"BAG-ONG SILINGAN MACTAN URBAN POOR ASSOCIATION, Mactan Airport Road, Lapu-Lapu, Lalawigan ng Cebu, Pilipinas",Lapu-Lapu City,Single Detached,,115.0,4.0,3.0,8479920.0,10.3105889,124.0013992,Lamudi scraper,False,73738.43478260869,15.95321157376132,,2480.5,10679.7,6,0,0,7,0,0,0.0514,40937234.0,,,10658.3,10614.6,9454.9,5484.5,16175.4,19254.2,8406.0,28954.4,23467.2,21741.9,Mactan,5000.0,10500.0,107500.0,8.517393171418904
402,Lamudi,ceiling,House For Sale in Maribago,"Pajac-Maribago Road, Maribago, Lapu-Lapu City, Cebu, Central Visayas, PHL",Lapu-Lapu City,Single Detached,,176.0,4.0,3.0,15175000.0,10.28912467,123.9912149,Lamudi scraper,False,86221.59090909091,16.535159894909835,,2413.3,10687.8,5,0,2,7,0,1,0.0533,6483204.0,,,10036.2,10240.2,9650.1,5142.8,14604.6,17403.9,10169.7,27046.7,21764.2,20097.9,Maribago,4125.0,9750.0,112500.0,8.325063693631197
403,Lamudi,ceiling,Apartment For Sale in Lahug,"32 Sanson by Rockwell, Sanson Road, Lungsod ng Cebu, Lalawigan ng Cebu, Pilipinas",Cebu City,Apartment,,93.0,2.0,2.0,17000000.0,10.3329596,123.8948853,Lamudi scraper,False,182795.69892473117,16.64872390202049,,9636.6,849.4,12,1,3,9,0,2,0.1167,20076383.0,,,1966.3,1377.9,2999.1,6540.7,7852.5,11604.6,8958.6,20420.5,14404.5,12610.0,Lahug,30000.0,57000.0,115000.0,10.308985993422082
404,Lamudi,ceiling,Townhouse For Sale in Cebu,"Acropolis Residences, Kauswagan Road, Lungsod ng Cebu, Lalawigan ng Cebu, Pilipinas",Cebu City,Single Detached,,106.0,3.0,2.0,7135458.0,10.3741208,123.9137891,Lamudi scraper,False,67315.64150943396,15.780586997442615,,10308.1,2327.9,8,0,5,7,0,2,0.0806,17970107.0,,,6341.4,5343.7,3708.2,7880.4,12859.2,16595.9,5475.2,25126.7,19112.1,17354.7,San Jose,12180.0,,,9.407632639699958
405,Lamudi,ceiling,Condo For Sale in Cebu,"Marco Polo Plaza Cebu, Cebu Veterans Drive, Lungsod ng Cebu, Cebu, Pilipinas",Cebu City,Condominium,,72.0,2.0,3.0,15700000.0,10.3417299,123.8974558,Lamudi scraper,False,218055.55555555556,16.569171270318538,,9711.1,1152.7,1,0,0,4,0,1,0.0202,16283541.0,,,2755.6,1900.9,2563.2,6672.5,8840.6,12584.0,8222.0,21296.9,15275.9,13491.7,Lahug,30000.0,57000.0,115000.0,10.308985993422082
406,Lamudi,ceiling,Condo For Sale in Cebu Business Park,"Cebu Business Park, Luzon Avenue, Cebu City, Lalawigan ng Cebu, Pilipinas",Cebu City,Condominium,,109.0,2.0,2.0,47700000.0,10.3182439,123.903733,Lamudi scraper,False,437614.6788990826,17.68044195585857,,8324.3,1082.6,20,17,51,46,2,6,0.5401,27949027.0,,,70.7,967.9,3196.1,5235.5,7118.2,10859.8,9226.8,20101.1,14150.1,12339.1,Luz,51250.0,206750.0,164500.0,10.844490409005417
407,Lamudi,ceiling,Condo For Sale in Agus,"Agus Road, Marigondon, Lapu-Lapu City, Cebu, Central Visayas, PHL",Lapu-Lapu City,Condominium,,25.0,1.0,1.0,4364108.0,10.28410958,123.97552209,Lamudi scraper,False,174564.32,15.288924373566545,,2594.3,9530.5,4,1,4,5,0,2,0.0609,11741482.0,,,8653.5,8982.5,8744.4,4216.4,12833.6,15599.3,10354.6,25242.1,19967.5,18308.7,Basak,10000.0,15000.0,62500.0,9.210440366976517
408,Lamudi,ceiling,Land For Sale in Cebu,"1596 R. Duterte St, Cebu City, 6000 Cebu, Philippines",Cebu City,Residential,,2266.0,,,706992000.0,10.315699,123.885437,Lamudi scraper,True,312000.0,20.37652990837957,,10278.3,393.0,15,8,24,23,0,4,0.2713,27724889.0,,,2072.6,2538.9,4824.6,7215.8,5674.1,9430.1,10917.0,18370.1,12373.0,10566.8,Guadalupe,23700.0,29550.0,84000.0,10.073272520325904
409,Lamudi,ceiling,Penthouse For Sale in Agus,"Agus Road, Marigondon, Lapu-Lapu City, Cebu, Central Visayas, PHL",Lapu-Lapu City,Single Detached,,25.0,1.0,1.0,5551196.0,10.28410958,123.97552209,Lamudi scraper,False,222047.84,15.529523958002294,,2594.3,9530.5,4,1,4,5,0,2,0.0609,11725863.0,,,8653.5,8982.5,8744.4,4216.4,12833.6,15599.3,10354.6,25242.1,19967.5,18308.7,Basak,10000.0,15000.0,62500.0,9.210440366976517
410,Lamudi,ceiling,House For Sale in Cabancalan,"Limonia St, Mandaue City, Cebu, Philippines",Mandaue City,Single Detached,,1000.0,,,104240000.0,10.35943,123.921582,Lamudi scraper,False,104240.0,18.462206490780865,,8554.5,1166.7,3,1,3,25,0,0,0.0854,38723848.0,,,4995.1,4028.1,1994.0,6043.3,11910.0,15674.3,4992.0,24564.0,18545.8,16754.2,Cabancalan,17100.0,15950.0,,9.746892220313054
411,Lamudi,ceiling,Penthouse For Sale in Agus,"Agus Road, Marigondon, Lapu-Lapu City, Cebu, Central Visayas, PHL",Lapu-Lapu City,Single Detached,,25.0,1.0,1.0,4984516.0,10.28410958,123.97552209,Lamudi scraper,False,199380.64,15.421846865390592,,2594.3,9530.5,4,1,4,5,0,2,0.0609,11733319.0,,,8653.5,8982.5,8744.4,4216.4,12833.6,15599.3,10354.6,25242.1,19967.5,18308.7,Basak,10000.0,15000.0,62500.0,9.210440366976517
412,Lamudi,ceiling,Condo For Sale in Maribago,"Buyong Road, Maribago, Lapu-Lapu City, Cebu, Pilipinas",Lapu-Lapu City,Condominium,,102.0,2.0,1.0,18921000.0,10.2907917,124.002551,Lamudi scraper,False,185500.0,16.7557829743139,,3157.4,11715.9,2,0,0,0,0,1,0.0177,16831149.0,,,11167.3,11316.8,10565.0,6150.1,15858.5,18646.3,10432.3,28278.7,23015.0,21351.1,Maribago,4125.0,9750.0,112500.0,8.325063693631197
413,Lamudi,ceiling,House For Sale in Poblacion Oriental,"Consolacion, Lalawigan ng Cebu, Pilipinas",Consolacion,Single Detached,,475.0,,,49000000.0,10.37555,123.95648,Lamudi scraper,False,103157.8947368421,17.7073308560749,,7990.2,5366.1,9,6,12,12,0,2,0.1658,21233333.0,,,8589.2,7762.8,5429.9,6905.2,15713.3,19454.8,806.4,28601.5,22601.3,20797.0,Poblacion Oriental,5000.0,4000.0,,8.517393171418904
414,Lamudi,ceiling,Land For Sale in Lahug,"Gorordo Avenue, Lungsod ng Cebu, Lalawigan ng Cebu, Pilipinas",Cebu City,Residential,,612.0,,,183681000.0,10.3205967,123.8991322,Lamudi scraper,False,300132.35294117645,19.028711115331525,,8862.6,605.3,16,16,51,41,2,2,0.4729,25026158.0,,,637.2,994.7,3327.4,5765.8,6982.1,10742.4,9416.8,19868.8,13892.4,12082.4,Lahug,30000.0,57000.0,115000.0,10.308985993422082
415,Lamudi,ceiling,House For Sale in Tabla,"Consolacion, Lalawigan ng Cebu, Pilipinas",Liloan,Single Detached,,444.0,4.0,4.0,35000000.0,10.4367842,123.9415518,Lamudi scraper,False,78828.82882882883,17.37085861945369,,14980.7,9804.7,0,0,0,0,0,0,0.0,143252344.0,,,13837.9,12849.7,10832.3,13733.4,20446.4,24167.1,7129.5,32404.3,26434.7,24724.0,San Roque,2000.0,,,7.601402334583733
416,Lamudi,ceiling,Commercial For Sale in Cebu,"South Road Properties, Antuwanga, Lungsod ng Cebu, Cebu, Pilipinas",Cebu City,Residential,,1528.0,,,462671241.0,10.2700647,123.8742644,Lamudi scraper,False,302795.31479057594,19.952527297201648,,12178.7,1578.0,1,0,0,3,1,0,0.0403,401194486.0,,,6246.6,7180.4,9440.9,9728.4,1694.3,4818.8,15362.7,14457.7,8846.3,7137.8,Cogon Pardo,17500.0,21500.0,92500.0,9.770013301136158
417,Lamudi,ceiling,Studio For Sale in Apas,"Avida Towers Riala, Jose Maria del Mar Street, Cebu City, Lalawigan ng Cebu, Pilipinas",Cebu City,Residential,,22.0,,1.0,5000000.0,10.3328036,123.9090696,Lamudi scraper,False,227272.7272727273,15.424948470398377,,8162.1,472.9,15,4,24,32,2,3,0.3006,25252284.0,,,1742.3,767.4,1615.1,5093.2,8721.1,12481.3,7710.1,21571.6,15580.4,13773.0,Apas,28800.0,37300.0,125550.0,10.268165387743457
418,Lamudi,ceiling,Penthouse For Sale in Agus,"Agus Road, Marigondon, Lapu-Lapu City, Cebu, Central Visayas, PHL",Lapu-Lapu City,Single Detached,,25.0,1.0,1.0,4541389.0,10.28410958,123.97552209,Lamudi scraper,False,181655.56,15.328743470361813,,2594.3,9530.5,4,1,4,5,0,2,0.0609,11739150.0,,,8653.5,8982.5,8744.4,4216.4,12833.6,15599.3,10354.6,25242.1,19967.5,18308.7,Basak,10000.0,15000.0,62500.0,9.210440366976517
419,Lamudi,ceiling,House For Sale in Adlaon,"Adlaon, Cebu City, Cebu, Central Visayas, PHL",Cebu City,Single Detached,,2000.0,10.0,10.0,160000000.0,10.443525,123.869939,Lamudi scraper,False,80000.0,18.890684373198106,,19289.6,11093.0,1,0,0,0,0,0,0.0061,30000000.0,,,14467.7,13566.8,12638.2,16966.3,19126.1,22403.7,12683.4,28912.1,23345.6,21891.6,Adlaon,1875.5,,,7.537163618575075
420,Lamudi,ceiling,Condo For Sale in Mactan,"Mactan, Lapu-Lapu City, Cebu, Central Visayas, PHL",Lapu-Lapu City,Condominium,,33.0,,1.0,4255000.0,10.3010123,124.0157874,Lamudi scraper,False,128939.39393939394,15.263605319989612,,4083.9,12529.7,1,1,4,6,1,0,0.0615,13745730.0,,,12344.8,12370.9,11316.3,7186.9,17469.4,20363.9,10140.7,30024.0,24686.8,22999.1,Mactan,5000.0,10500.0,107500.0,8.517393171418904
421,Lamudi,ceiling,House For Sale in Banilad,"Paseo Emilio, Banilad, Cebu City, Cebu, Central Visayas, PHL",Cebu City,Single Detached,,318.0,5.0,,39900000.0,10.35180608,123.90530057,Lamudi scraper,False,125471.69811320756,17.50188688186009,,9465.4,856.3,6,5,2,7,0,0,0.1038,94363217.0,,,3775.5,2790.4,2053.6,6586.9,10237.1,13986.4,6962.3,22694.6,16673.1,14892.8,Banilad,41500.0,92500.0,90000.0,10.633472802314019
422,Lamudi,ceiling,Villas For Sale in Punta Engaño,"Punta Engaño, Lapu-Lapu, Lalawigan ng Cebu, Pilipinas",Lapu-Lapu City,Residential,,250.0,3.0,3.0,55000000.0,10.32133,124.03291,Lamudi scraper,False,220000.0,17.822843743196746,,6104.7,13587.2,3,0,0,1,0,0,0.0203,50993107.0,,,14079.7,13921.9,12458.2,8961.7,19817.5,22897.2,9737.5,32594.3,27114.5,25386.6,Punta Engaño,7000.0,13500.0,95000.0,8.853808274977197
423,Lamudi,ceiling,Condo For Sale in Mactan,"The Reef Island Resort Mactan, Cebu, Dapdap, Lapu-Lapu, Lalawigan ng Cebu, Pilipinas",Lapu-Lapu City,Condominium,,52.0,,1.0,13000000.0,10.2987618,124.0157325,Lamudi scraper,False,250000.0,16.38045991542581,,4127.5,12619.6,1,0,1,0,1,0,0.035,13489257.0,,,12379.4,12425.4,11412.8,7234.2,17418.9,20282.2,10345.6,29933.1,24620.4,22939.5,Mactan,5000.0,10500.0,107500.0,8.517393171418904
424,Lamudi,ceiling,Condo For Sale in Marigondon,"7X8W+FW Lapu-Lapu City, Cebu, Philippines",Lapu-Lapu City,Condominium,,20.0,,1.0,1611488.0,10.266182,123.997295,Lamudi scraper,False,80574.4,14.292668533731469,,4980.3,12619.7,0,0,0,0,0,0,0.0,12637318.0,,,11689.6,12065.8,11833.7,7288.2,15156.9,17512.2,12804.0,26950.9,22012.3,20447.0,,9500.0,19500.0,57500.0,9.15915233520675
425,Lamudi,ceiling,Condo For Sale in Apas,"Apas, Lungsod ng Cebu, Lalawigan ng Cebu, Pilipinas",Cebu City,Condominium,,55.0,2.0,2.0,8453820.0,10.3376616,123.9079235,Lamudi scraper,False,153705.81818181818,15.950128968185965,,8480.6,444.1,9,4,23,27,2,2,0.2468,32834062.0,,,2237.3,1239.8,1481.3,5450.5,9072.4,12836.8,7483.4,21829.0,15823.8,14021.2,Apas,28800.0,37300.0,125550.0,10.268165387743457
426,Lamudi,ceiling,Condo For Sale in Lahug,"32 Sanson by Rockwell, Sanson Road, Lungsod ng Cebu, Lalawigan ng Cebu, Pilipinas",Cebu City,Condominium,,58.0,1.0,1.0,16000000.0,10.3329596,123.8948853,Lamudi scraper,False,275862.0689655172,16.588099280204055,,9636.6,849.4,12,1,3,9,0,2,0.1167,20113420.0,,,1966.3,1377.9,2999.1,6540.7,7852.5,11604.6,8958.6,20420.5,14404.5,12610.0,Lahug,30000.0,57000.0,115000.0,10.308985993422082
427,Lamudi,ceiling,Commercial Lot For Sale in Kalubihan,"Downtown Cebu City, Cebu City, Lalawigan ng Cebu, Pilipinas",Cebu City,Lot Only,,1017.0,,,55000000.0,10.2962772,123.8982283,Lamudi scraper,False,54080.62930186824,17.822843743196746,,8918.5,1981.0,33,13,79,53,2,9,0.6443,246089503.0,,,2489.6,3483.6,5607.4,6125.7,5088.8,8694.2,11446.8,18200.9,12383.9,10593.8,Kalubihan,35000.0,80000.0,97500.0,10.463131911491967
428,Lamudi,ceiling,Offices For Sale in Santa Cruz,"Pres. Osmena Boulevard, Santa Cruz, Cebu City, Cebu, Central Visayas, PHL",Cebu City,Residential,,22.0,,,2500000.0,10.30814895,123.8942943,Lamudi scraper,False,113636.36363636365,14.73180128983843,,9266.4,892.6,25,16,49,48,0,2,0.4845,41942048.0,,,1534.6,2416.0,4714.3,6273.2,5593.3,9335.4,10750.4,18599.9,12667.9,10858.0,Santa Cruz,46000.0,73000.0,95000.0,10.736418414365376
429,Lamudi,ceiling,Condo For Sale in Agus,"Agus Road, Marigondon, Lapu-Lapu City, Cebu, Central Visayas, PHL",Lapu-Lapu City,Condominium,,25.0,1.0,1.0,4353696.0,10.28410958,123.97552209,Lamudi scraper,False,174147.84,15.286535697484654,,2594.3,9530.5,4,1,4,5,0,2,0.0609,11741619.0,,,8653.5,8982.5,8744.4,4216.4,12833.6,15599.3,10354.6,25242.1,19967.5,18308.7,Basak,10000.0,15000.0,62500.0,9.210440366976517
430,Lamudi,ceiling,Townhouse For Sale in Tolotolo,"Brgy Cabangahan Road, Consolacion, Lalawigan ng Cebu, Pilipinas",Consolacion,Single Detached,,62.0,3.0,2.0,3180000.0,10.399723,123.9338062,Lamudi scraper,False,51290.32258064516,14.97239175475636,,11414.7,5651.6,1,0,0,0,0,0,0.0061,9661245.0,,,9658.8,8678.1,6625.3,9761.2,16410.2,20159.0,4173.0,28705.6,22694.7,20942.1,Sacsac,2400.0,,,7.783640596221253
431,Lamudi,ceiling,Land For Sale in Danglag,"6001, PHL",Consolacion,Residential,,150.0,,,2250000.0,10.38804755,123.96010505,Lamudi scraper,False,15000.0,14.626440774180605,,9225.2,6446.7,5,0,0,1,0,0,0.0324,6256740.0,,,9910.6,9046.5,6721.5,8327.3,17014.7,20768.2,1344.5,29818.4,23805.6,22008.0,Lamac,3650.0,4000.0,,8.202756381655638
432,Lamudi,ceiling,Land For Sale in Banilad,"Gov. M. Cuenco Avenue, Lungsod ng Cebu, Lalawigan ng Cebu, Pilipinas",Cebu City,Residential,,1831.0,,,247870000.0,10.3490999,123.9132795,Lamudi scraper,False,135374.11250682687,19.3284149731434,,8566.7,456.9,16,9,16,19,0,0,0.247,43241441.0,,,3610.4,2621.2,1185.1,5735.0,10448.3,14212.3,6309.7,23116.2,17100.6,15305.6,Banilad,41500.0,92500.0,90000.0,10.633472802314019
433,Lamudi,ceiling,Commercial For Sale in Cebu,"South Road Properties, Antuwanga, Lungsod ng Cebu, Lalawigan ng Cebu, Pilipinas",Cebu City,Residential,,3653.0,,,1219952465.0,10.2700647,123.8742644,Lamudi scraper,True,333959.0651519299,20.92207773181774,,12178.7,1578.0,1,0,0,3,1,0,0.0403,342942084.0,,,6246.6,7180.4,9440.9,9728.4,1694.3,4818.8,15362.7,14457.7,8846.3,7137.8,Cogon Pardo,17500.0,21500.0,92500.0,9.770013301136158
434,Lamudi,ceiling,Condo For Sale in Agus,"Agus Road, Marigondon, Lapu-Lapu City, Cebu, Central Visayas, PHL",Lapu-Lapu City,Condominium,,34.0,1.0,1.0,6026973.0,10.28410958,123.97552209,Lamudi scraper,False,177263.91176470587,15.61175545261443,,2594.3,9530.5,4,1,4,5,0,2,0.0609,11719603.0,,,8653.5,8982.5,8744.4,4216.4,12833.6,15599.3,10354.6,25242.1,19967.5,18308.7,Basak,10000.0,15000.0,62500.0,9.210440366976517
435,Lamudi,ceiling,Land For Sale in Santa Cruz,"Sergio Osmeña Jr Boulevard, Lungsod ng Cebu, Lalawigan ng Cebu, Pilipinas",Cebu City,Residential,,,,,128000000.0,10.31121,123.89237,Lamudi scraper,False,,18.66754082188389,,9486.8,515.1,24,20,55,50,0,1,0.5244,48799800.0,,,1496.1,2262.8,4591.7,6459.5,5706.2,9464.6,10665.7,18639.6,12682.7,10871.7,Capitol Site,46000.0,73000.0,95000.0,10.736418414365376
436,Lamudi,ceiling,Condo For Sale in Lahug,"CHINABANK Cebu-Lahug, Lahug, Cebu City, Cebu, Central Visayas, PHL",Cebu City,Condominium,,36.0,1.0,1.0,4539258.0,10.330683,123.899028,Lamudi scraper,False,126090.5,15.328274120537044,,9129.3,394.0,14,2,18,22,2,5,0.257,26595840.0,,,1535.4,858.9,2677.2,6030.2,7877.9,11641.0,8726.3,20586.0,14579.6,12777.5,Lahug,30000.0,57000.0,115000.0,10.308985993422082
437,Lamudi,ceiling,Condo For Sale in Cebu Business Park,"Cebu Business Park, Cebu City, Lalawigan ng Cebu, Pilipinas",Cebu City,Condominium,,46.0,1.0,1.0,10500000.0,10.3173504,123.9059978,Lamudi scraper,False,228260.86956521735,16.166885815127753,,8064.8,1280.7,16,17,48,44,2,5,0.5024,26895713.0,,,199.3,1041.7,3141.7,4979.8,7221.3,10949.7,9123.5,20238.1,14299.7,12489.2,Luz,51250.0,206750.0,164500.0,10.844490409005417
438,Lamudi,ceiling,House For Sale in Bulacao,"Vista Grande Subdivision, Rio de Janeiro Street, Talisay City, Cebu, Pilipinas",Talisay City,Single Detached,,769.0,7.0,6.0,49800000.0,10.2701383,123.8451509,Lamudi scraper,False,64759.427828348504,17.72352554199488,,15211.5,894.5,11,2,13,10,1,0,0.1515,9118650.0,,,8365.3,9140.8,11473.3,12587.4,1515.1,2946.8,17559.7,11763.9,5890.0,4103.7,Bulacao,9000.0,35000.0,,9.105090961257085
439,Lamudi,ceiling,House For Sale in Banilad,"1188 Hernan Cortes St, Mandaue City, Cebu, Philippines",Mandaue City,Single Detached,,250.0,4.0,4.0,18000000.0,10.34275841,123.9254435,Lamudi scraper,False,72000.0,16.70588231586044,,7067.9,1744.2,12,4,9,41,0,1,0.217,7357420.0,,,3610.1,2795.7,517.4,4302.7,10731.3,14475.1,5628.3,23656.8,17674.2,15865.3,Banilad,16115.0,22350.0,102500.0,9.687567846311238
440,Lamudi,ceiling,House For Sale in Cebu,"1596 R. Duterte St, Cebu City, 6000 Cebu, Philippines",Cebu City,Single Detached,,80.0,2.0,2.0,17000000.0,10.315699,123.885437,Lamudi scraper,False,212500.0,16.64872390202049,,10278.3,393.0,15,8,24,23,0,4,0.2713,48633737.0,,,2072.6,2538.9,4824.6,7215.8,5674.1,9430.1,10917.0,18370.1,12373.0,10566.8,Guadalupe,23700.0,29550.0,84000.0,10.073272520325904
441,Lamudi,ceiling,House For Sale in Banilad,"Holy Family Village II, Gov. M. Cuenco Avenue, Lungsod ng Cebu, Lalawigan ng Cebu, Pilipinas",Cebu City,Single Detached,,100.0,3.0,2.0,7800000.0,10.346351,123.913015,Lamudi scraper,False,78000.0,15.86963429165982,,8429.1,535.4,14,9,22,24,0,0,0.2528,49686073.0,,,3309.0,2322.9,1015.4,5551.3,10181.7,13946.1,6487.7,22888.3,16875.9,15077.9,Banilad,41500.0,92500.0,90000.0,10.633472802314019
442,Lamudi,ceiling,House For Sale in Tayud,"Vista De Bahia Subdivision, Pondol St., Consolacion, Lalawigan ng Cebu, Pilipinas",Consolacion,Single Detached,,145.0,4.0,4.0,14570720.0,10.3644957,123.9828947,Lamudi scraper,False,100487.72413793104,16.4945245935599,,6386.4,7747.7,2,0,0,1,0,0,0.0143,4950000.0,,,10044.1,9425.0,7248.2,6622.5,17033.2,20662.0,2480.5,30124.0,24208.8,22398.8,Tayud,3650.0,4000.0,,8.202756381655638
443,Lamudi,ceiling,House For Sale in Lawaan II,"135 A. Bacaltos St, Talisay, Cebu, Philippines",Talisay City,Single Detached,,268.0,4.0,2.0,16984720.0,10.256987,123.829964,Lamudi scraper,False,63375.82089552239,16.647824674307,,17234.0,1462.8,10,4,3,11,0,2,0.1389,56055580.0,,,10577.8,11353.1,13685.1,14700.9,3570.9,1701.4,19772.9,9562.0,3786.8,2110.3,Lawaan II,9150.0,18750.0,,9.121618441915379
444,Lamudi,ceiling,Condo For Sale in Agus,"EGI Resort and Hotel, Maribago, Lapu-Lapu, Lalawigan ng Cebu, Pilipinas",Lapu-Lapu City,Condominium,,422.0,4.0,4.0,12700000.0,10.2849182,123.9978258,Lamudi scraper,False,30094.78672985782,16.35711255142882,,3221.7,11546.6,4,0,1,5,0,1,0.0417,27852939.0,,,10872.9,11092.2,10509.3,6004.0,15270.5,17975.4,10844.1,27580.9,22375.8,20730.1,Maribago,4125.0,9750.0,112500.0,8.325063693631197
445,Lamudi,ceiling,House For Sale in Cebu,"Barangay Guadalupe, Lungsod ng Cebu, Lalawigan ng Cebu, Pilipinas",Cebu City,Single Detached,,510.0,7.0,6.0,30000000.0,10.3156173,123.8854377,Lamudi scraper,False,58823.529411764706,17.216707939626428,,10277.3,387.9,15,8,26,23,0,4,0.2737,48239798.0,,,2073.6,2543.2,4829.9,7215.4,5666.3,9422.5,10922.6,18364.2,12367.4,10561.1,Guadalupe,23700.0,29550.0,84000.0,10.073272520325904
446,Lamudi,ceiling,Townhouse For Sale in Dumlog,"Dumlog, Talisay, Lalawigan ng Cebu, Pilipinas",Talisay City,Single Detached,,50.0,3.0,2.0,6880000.0,10.2494847,123.8425243,Lamudi scraper,False,137600.0,15.744129209909527,,16251.2,1102.2,13,0,1,13,1,1,0.1412,63119484.0,,,10170.2,11028.2,13349.6,13882.1,3065.6,698.9,19377.8,10319.2,4978.5,3540.7,Dumlog,9200.0,21000.0,,9.127067452782361
447,Lamudi,ceiling,Land For Sale in Cotcot,"C2G2+W2 Liloan, Cebu, Philippines",Liloan,Residential,,246.0,,,2000000.0,10.427348,124.000081,Lamudi scraper,False,8130.081300813008,14.50865773852422,,13558.7,12597.1,0,1,0,2,0,1,0.0198,10281333.0,,,16064.1,15219.4,12889.0,13719.3,23182.9,26929.5,6907.1,35993.8,29978.0,28183.2,Cotcot,2500.0,,,7.824445930877619
448,Lamudi,ceiling,Condo For Sale in Mabolo,"Pope John Paul II Avenue, Lungsod ng Cebu, Lalawigan ng Cebu, Pilipinas",Cebu City,Condominium,,104.0,2.0,2.0,28588700.0,10.3196098,123.9113617,Lamudi scraper,False,274891.3461538461,17.16852209282047,,7526.2,1499.7,13,7,45,43,2,5,0.3785,30895641.0,,,801.3,999.6,2648.9,4425.9,7819.5,11533.0,8539.4,20858.6,14928.0,13117.8,Mabolo,40600.0,98860.0,112500.0,10.611547975828369
449,Lamudi,ceiling,Land For Sale in Taptap,"Cebu Transcentral Highway, Lungsod ng Cebu, Lalawigan ng Cebu, Pilipinas",Cebu City,Residential,,14370.0,,,57480000.0,10.4101054,123.8283213,Lamudi scraper,False,4000.0,17.866947619175097,,20064.0,11216.8,0,0,0,0,0,0,0.0,,,,13197.5,12559.1,12676.1,17209.1,15731.2,18462.5,15279.7,23758.0,18545.9,17303.1,Tabunan,3420.0,2250.0,92500.0,8.137688184977605
450,Lamudi,ceiling,Commercial For Sale in San Isidro,"San Isidro Barangay Hall, San Isidro Road, Talisay, Lalawigan ng Cebu, Pilipinas",Talisay City,Residential,,420.0,6.0,6.0,28000000.0,10.2596301,123.8404512,Lamudi scraper,False,66666.66666666667,17.14771506813948,,16053.4,292.2,11,4,10,11,1,0,0.1701,10550000.0,,,9521.7,10329.9,12662.3,13540.1,2433.0,1704.6,18734.1,10679.9,4969.0,3283.9,San Isidro,10500.0,22500.0,,9.259225769705994
451,Lamudi,ceiling,Condo For Sale in Maribago,"Buyong Road, Maribago, Lapu-Lapu City, Cebu, Central Visayas, PHL",Lapu-Lapu City,Condominium,,37.0,,1.0,4800000.0,10.28986648,124.00575829,Lamudi scraper,False,129729.72972972972,15.38412647587812,,3505.3,12074.6,2,0,0,0,0,1,0.0177,18021081.0,,,11533.0,11681.5,10917.1,6512.3,16193.3,18956.0,10672.6,28577.8,23336.2,21677.7,Mactan,5000.0,10500.0,107500.0,8.517393171418904
452,Lamudi,ceiling,Condo For Sale in Marigondon,"7X8W+FW Lapu-Lapu City, Cebu, Philippines",Lapu-Lapu City,Condominium,,45.0,1.0,1.0,12000000.0,10.266182,123.997295,Lamudi scraper,False,266666.6666666667,16.300417207752275,,4980.3,12619.7,0,0,0,0,0,0,0.0,11598466.0,,,11689.6,12065.8,11833.7,7288.2,15156.9,17512.2,12804.0,26950.9,22012.3,20447.0,,9500.0,19500.0,57500.0,9.15915233520675
453,Lamudi,ceiling,Condo For Sale in Cebu Business Park,"Cebu Business Park, Cebu City, Lalawigan ng Cebu, Pilipinas",Cebu City,Condominium,,259.0,3.0,3.0,44000000.0,10.3173504,123.9059978,Lamudi scraper,False,169884.16988416988,17.599700191882537,,8064.8,1280.7,16,17,48,44,2,5,0.5024,26523490.0,,,199.3,1041.7,3141.7,4979.8,7221.3,10949.7,9123.5,20238.1,14299.7,12489.2,Luz,51250.0,206750.0,164500.0,10.844490409005417
454,Lamudi,ceiling,Land For Sale in Perrelos,"Glen Rose, Carcar, Lalawigan ng Cebu, Pilipinas",Carcar City,Residential,,482.0,,,8999999.0,10.1125573,123.6724307,Lamudi scraper,False,18672.197095435684,16.012735024189375,,39923.1,24808.5,0,0,0,0,0,0,0.0,,,,34128.7,34915.0,37246.9,37838.5,27022.0,23374.6,43334.1,14161.0,20174.8,21945.8,Perrelos,2700.0,10000.0,,7.901377353792616
455,Lamudi,ceiling,House For Sale in Casuntingan,"M. L. Quezon Avenue, Casuntingan, Mandaue City, Cebu, Central Visayas, PHL",Mandaue City,Single Detached,,70.0,3.0,2.0,8618625.0,10.34503944,123.93179309,Lamudi scraper,False,123123.21428571428,15.96943611715534,,6661.1,2247.1,15,4,6,37,0,1,0.223,141287411.0,,,4266.6,3501.1,1255.9,4094.2,11393.9,15126.0,4949.2,24356.0,18381.3,16571.4,Casuntingan,15000.0,27500.0,,9.61587214452889
456,Lamudi,ceiling,Condo For Sale in Apas,"Gov. Cuenco Avenue, Kasambagan, Cebu City, Cebu, Central Visayas, PHL",Cebu City,Condominium,,12.0,,,1000000.0,10.336205,123.910597,Lamudi scraper,False,83333.33333333333,13.815510557964274,,8147.9,613.6,7,4,26,28,2,2,0.2404,28788686.0,,,2153.8,1180.1,1270.9,5116.2,9120.8,12882.5,7344.3,21943.7,15946.7,14140.9,Apas,28800.0,37300.0,125550.0,10.268165387743457
457,Lamudi,ceiling,House For Sale in Bulacao,"Bulacao, Talisay, Lalawigan ng Cebu, Pilipinas",Talisay City,Single Detached,,285.0,5.0,5.0,18000000.0,10.270857,123.8453152,Lamudi scraper,False,63157.89473684211,16.70588231586044,,15172.7,928.9,11,2,13,10,0,0,0.1238,9913650.0,,,8300.9,9072.9,11405.1,12540.3,1489.1,3028.7,17492.6,11825.5,5942.5,4152.5,Bulacao,9000.0,35000.0,,9.105090961257085
458,Lamudi,ceiling,Condo For Sale in Lahug,"32 Sanson by Rockwell, Sanson Road, Lungsod ng Cebu, Lalawigan ng Cebu, Pilipinas",Cebu City,Condominium,,134.0,3.0,4.0,28000000.0,10.3329596,123.8948853,Lamudi scraper,False,208955.223880597,17.14771506813948,,9636.6,849.4,12,1,3,9,0,2,0.1167,19668976.0,,,1966.3,1377.9,2999.1,6540.7,7852.5,11604.6,8958.6,20420.5,14404.5,12610.0,Lahug,30000.0,57000.0,115000.0,10.308985993422082
459,Lamudi,ceiling,House For Sale in Pooc,"Corona Del Mar Subdivision Clubhouse, Talisay, Lalawigan ng Cebu, Pilipinas",Minglanilla,Single Detached,,,4.0,,21880000.0,10.2383121,123.8167307,Lamudi scraper,False,,16.901083535518055,,19334.8,3717.5,6,1,0,4,0,0,0.0549,18558356.0,,,13036.7,13839.1,16172.0,16946.0,5932.6,2506.3,22248.1,7241.0,2313.4,2016.2,Tungkil,7000.0,8000.0,,8.853808274977197
460,Lamudi,ceiling,Beach House For Sale in Maribago,"Maribago, Lungsod ng Lapu-Lapu, Lalawigan ng Cebu, Pilipinas",Lapu-Lapu City,Single Detached,,1966.0,,,180000000.0,10.292343,124.0000812,Lamudi scraper,False,91556.45981688709,19.00846740885449,,2837.2,11398.4,2,0,0,0,0,1,0.0177,13029952.0,,,10861.0,11003.3,10244.5,5832.9,15614.9,18435.8,10166.4,28080.5,22789.4,21118.3,Maribago,4125.0,9750.0,112500.0,8.325063693631197
461,Lamudi,ceiling,Land For Sale in Basak,"Basak, Lapu-Lapu, Lalawigan ng Cebu, Pilipinas",Lapu-Lapu City,Residential,,2000.0,,,40000000.0,10.2910239,123.961041,Lamudi scraper,False,20000.0,17.50439001207821,,2662.2,7792.2,5,10,2,12,1,0,0.1862,42200593.0,,,6892.5,7233.2,7128.3,2730.0,11377.9,14346.3,9510.6,24040.4,18612.8,16913.6,Basak,10000.0,15000.0,62500.0,9.210440366976517
462,Lamudi,ceiling,Commercial Lot For Sale in Mabolo,"Tres Borces, Cebu City, Lalawigan ng Cebu, Pilipinas",Cebu City,Lot Only,,996.0,,,209160000.0,10.3176386,123.9158222,Lamudi scraper,False,210000.0,19.158610067284204,,7007.5,2027.9,6,1,30,31,3,5,0.26,21316833.0,,,1265.8,1493.1,2711.7,3913.2,8044.1,11720.9,8389.6,21125.2,15223.2,13415.7,Mabolo,40600.0,98860.0,112500.0,10.611547975828369
463,Lamudi,ceiling,House For Sale in Tabla,"Consolacion, Lalawigan ng Cebu, Pilipinas",Liloan,Single Detached,,79.0,4.0,2.0,6179374.0,10.4367842,123.9415518,Lamudi scraper,False,78219.92405063291,15.636727529804858,,14980.7,9804.7,0,0,0,0,0,0,0.0,150457500.0,,,13837.9,12849.7,10832.3,13733.4,20446.4,24167.1,7129.5,32404.3,26434.7,24724.0,San Roque,2000.0,,,7.601402334583733
464,Lamudi,ceiling,Condo For Sale in Mactan,"The Reef Island Resort Mactan, Cebu, Dapdap, Lapu-Lapu, Lalawigan ng Cebu, Pilipinas",Lapu-Lapu City,Condominium,,40.0,,,12000000.0,10.2987618,124.0157325,Lamudi scraper,False,300000.0,16.300417207752275,,4127.5,12619.6,1,0,1,0,1,0,0.035,13560686.0,,,12379.4,12425.4,11412.8,7234.2,17418.9,20282.2,10345.6,29933.1,24620.4,22939.5,Mactan,5000.0,10500.0,107500.0,8.517393171418904
465,Lamudi,ceiling,Townhouse For Sale in Can-Asujan,"Can-asujan, Carcar, Lalawigan ng Cebu, Pilipinas",Carcar City,Single Detached,,42.0,2.0,1.0,2511000.0,10.1372896,123.6567371,Lamudi scraper,False,59785.71428571428,14.736191638139722,,40005.8,24501.3,0,0,0,0,0,0,0.0,,,,33716.4,34441.8,36757.7,37736.4,26708.1,23211.5,42852.4,13601.5,19562.6,21370.7,Can-asujan,4000.0,2000.0,,8.294299608857235
466,Lamudi,ceiling,Townhouse For Sale in Guinsay,"Guinsay, Danao City, Lalawigan ng Cebu, Pilipinas",Danao City,Single Detached,,48.0,2.0,1.0,1575200.0,10.5447085,124.0279392,Lamudi scraper,False,32816.666666666664,14.269892806307054,,26947.9,24727.3,2,0,0,0,0,0,0.0121,13293746.0,,,28621.2,27677.8,25447.1,27022.4,35528.5,39282.8,19974.8,47676.1,41703.2,39984.3,Guinsay,2000.0,3000.0,,7.601402334583733
467,Lamudi,ceiling,House For Sale in Pooc,"Corona Del Mar Subdivision Clubhouse, Talisay, Lalawigan ng Cebu, Pilipinas",Minglanilla,Single Detached,,320.0,4.0,4.0,22000000.0,10.2383121,123.8167307,Lamudi scraper,False,68750.0,16.90655301132259,,19334.8,3717.5,6,1,0,4,0,0,0.0549,18550856.0,,,13036.7,13839.1,16172.0,16946.0,5932.6,2506.3,22248.1,7241.0,2313.4,2016.2,Tungkil,7000.0,8000.0,,8.853808274977197
468,Lamudi,ceiling,Commercial Lot For Sale in Cebu,"City di Mare Visitor Center, SRP Road, Cebu City, Lalawigan ng Cebu, Pilipinas",Cebu City,Lot Only,,80000.0,,,294000.0,10.2677272,123.8776668,Lamudi scraper,True,3.675,12.591335046320818,,11922.4,2023.2,1,0,0,3,1,0,0.0403,345010324.0,,,6288.6,7243.9,9469.4,9544.0,2105.6,4983.3,15332.4,14666.0,9130.4,7448.9,Cogon Pardo,17500.0,21500.0,92500.0,9.770013301136158
469,Lamudi,ceiling,Condo For Sale in Cebu Business Park,"Cebu Business Park, Lungsod ng Cebu, Lalawigan ng Cebu, Pilipinas",Cebu City,Condominium,,123.0,3.0,3.0,21985126.0,10.3173504,123.9059978,Lamudi scraper,False,178740.86178861788,16.905876691760973,,8064.8,1280.7,16,17,48,44,2,5,0.5024,26768100.0,,,199.3,1041.7,3141.7,4979.8,7221.3,10949.7,9123.5,20238.1,14299.7,12489.2,Luz,51250.0,206750.0,164500.0,10.844490409005417
470,Lamudi,ceiling,House For Sale in Poblacion Oriental,"Lamac, M. Pepito Street, Consolacion, Lalawigan ng Cebu, Pilipinas",Consolacion,Single Detached,,175.0,4.0,3.0,11000000.0,10.3762861,123.9565621,Lamudi scraper,False,62857.142857142855,16.213405830762646,,8065.3,5412.3,9,6,13,13,0,2,0.1692,27566667.0,,,8656.5,7826.6,5493.6,6987.6,15779.5,19522.1,790.7,28661.7,22660.4,20856.5,Poblacion Occidental,4500.0,4000.0,,8.412054873292933
471,Lamudi,ceiling,Apartment For Sale in Camputhaw,"R Aboitiz Street, Cebu City, Lalawigan ng Cebu, Pilipinas",Cebu City,Apartment,,580.0,14.0,8.0,80000000.0,10.3124928,123.8949881,Lamudi scraper,False,137931.0344827586,18.197537192638155,,9208.7,733.1,21,25,64,58,0,3,0.5953,24933404.0,,,1176.8,1972.6,4294.0,6168.7,6000.8,9754.9,10359.2,18953.2,12999.4,11188.4,Capitol Site,46000.0,73000.0,95000.0,10.736418414365376
472,Lamudi,ceiling,House For Sale in Bacayan,"Bacayan, Cebu City, Cebu, Central Visayas, PHL",Cebu City,Single Detached,,184.0,3.0,3.0,13237000.0,10.39203546,123.91960043,Lamudi scraper,False,71940.21739130435,16.398526496695908,,11454.7,4378.2,4,0,0,4,0,0,0.0328,16621702.0,,,8416.2,7419.2,5619.8,9382.6,14922.0,18646.6,5132.0,27036.9,21036.7,19299.0,Pulangbato,13500.0,,,9.510519035757246
473,Lamudi,ceiling,House For Sale in Lahug,"Hacienda Salinas Subdivision, Paseo de San Martin, Cebu City, Lalawigan ng Cebu, Pilipinas",Cebu City,Single Detached,,250.0,4.0,3.0,55000000.0,10.3358744,123.8931374,Lamudi scraper,False,220000.0,17.822843743196746,,9918.7,1220.3,4,1,3,8,0,2,0.0661,18798573.0,,,2342.6,1716.2,3099.5,6832.0,8043.7,11783.2,8952.1,20504.5,14484.3,12697.2,Lahug,30000.0,57000.0,115000.0,10.308985993422082
474,Lamudi,ceiling,Condo For Sale in Marigondon,"7X8W+FW Lapu-Lapu City, Cebu, Philippines",Lapu-Lapu City,Condominium,,45.0,1.0,1.0,11510000.0,10.266182,123.997295,Lamudi scraper,False,255777.77777777775,16.258726780698066,,4980.3,12619.7,0,0,0,0,0,0,0.0,11647466.0,,,11689.6,12065.8,11833.7,7288.2,15156.9,17512.2,12804.0,26950.9,22012.3,20447.0,,9500.0,19500.0,57500.0,9.15915233520675
475,Lamudi,ceiling,Condo For Sale in Agus,"Agus Road, Marigondon, Lapu-Lapu City, Cebu, Central Visayas, PHL",Lapu-Lapu City,Condominium,,25.0,1.0,1.0,4419051.0,10.28410958,123.97552209,Lamudi scraper,False,176762.04,15.30143552511892,,2594.3,9530.5,4,1,4,5,0,2,0.0609,11740759.0,,,8653.5,8982.5,8744.4,4216.4,12833.6,15599.3,10354.6,25242.1,19967.5,18308.7,Basak,10000.0,15000.0,62500.0,9.210440366976517
476,Lamudi,ceiling,Condo For Sale in Lahug,"Sanson Road, Lahug, Cebu City, Cebu, Central Visayas, PHL",Cebu City,Condominium,,97.0,2.0,3.0,35859450.0,10.33293,123.8949,Lamudi scraper,False,369685.05154639174,17.39511768860033,,9634.1,845.9,12,1,3,9,0,2,0.1167,19377885.0,,,1962.7,1374.8,2998.6,6538.1,7850.5,11602.7,8959.0,20419.5,14403.4,12609.0,Lahug,30000.0,57000.0,115000.0,10.308985993422082
477,Lamudi,ceiling,Condo For Sale in Punta Engaño,"Punta Engaño, Lapu-Lapu City, Cebu, Philippines",Lapu-Lapu City,Condominium,,99.0,2.0,2.0,36953533.0,10.3231321,124.0349024,Lamudi scraper,False,373268.0101010101,17.425171816484482,,6368.4,13747.6,3,0,0,1,0,0,0.0203,32077737.0,,,14304.4,14132.5,12638.7,9199.5,20082.9,23174.5,9784.8,32873.0,27383.9,25653.3,Punta Engaño,7000.0,13500.0,95000.0,8.853808274977197
478,Lamudi,ceiling,Commercial For Sale in Cebu IT Park,"Cebu IT Park, Lungsod ng Cebu, Lalawigan ng Cebu, Pilipinas",Cebu City,Residential,,170.0,,,35919116.0,10.3304499,123.9073923,Lamudi scraper,False,211288.9176470588,17.396780190850446,,8248.5,530.0,17,5,21,34,2,3,0.3234,23727892.0,,,1440.6,451.7,1921.4,5160.0,8402.3,12162.1,8018.0,21262.8,15274.7,13466.6,Lahug,30000.0,57000.0,115000.0,10.308985993422082
479,Lamudi,ceiling,House For Sale in Marigondon,"7XH9+PG2, Lapu-Lapu City, Cebu, Philippines",Lapu-Lapu City,Single Detached,,147.0,5.0,5.0,12000000.0,10.27916235,123.96853097,Lamudi scraper,False,81632.6530612245,16.300417207752275,,3320.0,9203.2,6,1,2,7,0,2,0.0749,5283314.0,,,8244.6,8666.7,8673.6,4270.5,12023.7,14713.3,10837.2,24338.4,19107.4,17464.6,Marigondon,9500.0,19500.0,57500.0,9.15915233520675
480,Lamudi,ceiling,Condo For Sale in Lapu-Lapu,"Maribago, Lapu-Lapu City, Cebu, Central Visayas, PHL",Lapu-Lapu City,Condominium,,34.0,,1.0,5500000.0,10.28998447,124.0068697,Lamudi scraper,False,161764.70588235295,15.5202586502027,,3600.5,12174.4,2,0,0,0,0,0,0.0121,18078408.0,,,11646.6,11790.9,11013.9,6618.4,16315.6,19076.8,10713.6,28697.2,23457.9,21799.7,Mactan,5000.0,10500.0,107500.0,8.517393171418904
481,Lamudi,ceiling,Commercial For Sale in Cebu,"South Road Properties, Antuwanga, Lungsod ng Cebu, Cebu, Pilipinas",Cebu City,Residential,,1505.0,,,455613129.0,10.2700647,123.8742644,Lamudi scraper,False,302732.9760797342,19.93715460606679,,12178.7,1578.0,1,0,0,3,1,0,0.0403,401737418.0,,,6246.6,7180.4,9440.9,9728.4,1694.3,4818.8,15362.7,14457.7,8846.3,7137.8,Cogon Pardo,17500.0,21500.0,92500.0,9.770013301136158
482,Lamudi,ceiling,Condo For Sale in Cebu Business Park,"Cardinal Rosales Avenue, Hippodromo, Cebu City, Cebu, Central Visayas, PHL",Cebu City,Condominium,,123.0,3.0,2.0,23000000.0,10.3173365,123.9063138,Lamudi scraper,False,186991.86991869917,16.951004773893423,,8030.3,1299.8,16,16,49,45,2,5,0.4958,26756824.0,,,233.0,1044.7,3125.3,4945.3,7244.9,10971.8,9100.7,20264.8,14327.7,12517.2,Luz,51250.0,206750.0,164500.0,10.844490409005417
483,Lamudi,ceiling,Penthouse For Sale in Cebu Business Park,"8W85+49 Cebu City, Cebu, Philippines",Cebu City,Single Detached,,152.0,3.0,4.0,35000000.0,10.315373,123.908492,Lamudi scraper,False,230263.15789473685,17.37085861945369,,7765.9,1613.0,17,14,47,47,4,7,0.5504,27508141.0,,,540.3,1296.1,3207.1,4693.9,7270.4,10975.6,9099.7,20326.7,14409.2,12600.2,Hippodromo,195250.0,78125.0,157750.0,12.182041189327741
484,Lamudi,ceiling,Land For Sale in Pajo,"Pajo, Lapu-Lapu, Lalawigan ng Cebu, Pilipinas",Lapu-Lapu City,Residential,,2384.0,,,119200000.0,10.3145134,123.9584921,Lamudi scraper,False,50000.0,18.596313312595523,,2385.7,6225.5,8,2,21,21,4,3,0.2666,31750000.0,,,5945.2,5925.6,5092.6,785.7,11884.5,15242.5,6918.2,24914.3,19219.0,17448.1,Pajo,10000.0,20000.0,,9.210440366976517
485,Lamudi,ceiling,Condo For Sale in Cebu IT Park,"2 W Geonzon St, Cebu City, 6000 Cebu, Philippines",Cebu City,Condominium,,,2.0,2.0,10881000.0,10.330279,123.905622,Lamudi scraper,False,,16.202528706933148,,8426.8,493.8,20,5,23,36,2,4,0.3538,24964853.0,,,1388.1,396.5,2085.2,5334.4,8266.4,12028.5,8179.8,21102.3,15110.4,13303.1,Lahug,30000.0,57000.0,115000.0,10.308985993422082
486,Lamudi,ceiling,House For Sale in Cebu,"1596 R. Duterte St, Cebu City, 6000 Cebu, Philippines",Cebu City,Single Detached,,,5.0,3.0,36000000.0,10.315699,123.885437,Lamudi scraper,False,,17.399029496420383,,10278.3,393.0,15,8,24,23,0,4,0.2713,48057980.0,,,2072.6,2538.9,4824.6,7215.8,5674.1,9430.1,10917.0,18370.1,12373.0,10566.8,Guadalupe,23700.0,29550.0,84000.0,10.073272520325904
487,Lamudi,ceiling,Studio For Sale in Punta Engaño,"Punta Engano, Lapu-Lapu City, Cebu, Central Visayas, PHL",Lapu-Lapu City,Residential,,,,,850000.0,10.31285526,124.023252,Lamudi scraper,False,,13.652991628466498,,4883.0,12868.0,0,0,0,0,4,0,0.1111,19009416.0,,,13030.0,12944.7,11642.6,7865.0,18551.1,21570.6,9613.1,31259.0,25825.4,24110.7,Punta Engaño,7000.0,13500.0,95000.0,8.853808274977197
488,Lamudi,ceiling,Condo For Sale in Marigondon,"7X8W+FW Lapu-Lapu City, Cebu, Philippines",Lapu-Lapu City,Condominium,,26.0,1.0,1.0,2851688.0,10.266182,123.997295,Lamudi scraper,False,109680.30769230767,14.863421657617598,,4980.3,12619.7,0,0,0,0,0,0,0.0,12513298.0,,,11689.6,12065.8,11833.7,7288.2,15156.9,17512.2,12804.0,26950.9,22012.3,20447.0,,9500.0,19500.0,57500.0,9.15915233520675
489,Lamudi,ceiling,Condo For Sale in Luz,"Mabolo Garden Flats, Tres Borces Extension, Lungsod ng Cebu, Lalawigan ng Cebu, Pilipinas",Cebu City,Condominium,,23.0,,1.0,3000000.0,10.3194109,123.913047,Lamudi scraper,False,130434.78260869563,14.914122846632385,,7340.9,1666.0,13,8,40,36,1,5,0.3397,30205587.0,,,977.1,1137.7,2602.8,4240.3,7941.1,11644.9,8433.3,20993.9,15070.7,13261.0,Mabolo,40600.0,98860.0,112500.0,10.611547975828369
490,Lamudi,ceiling,Condo For Sale in Camputhaw,"Molave Street, Lungsod ng Cebu, Lalawigan ng Cebu, Pilipinas",Cebu City,Condominium,,79.0,2.0,2.0,12040553.0,10.3194766,123.9018707,Lamudi scraper,False,152412.06329113923,16.303790927022746,,8546.6,891.2,20,15,52,43,2,7,0.5205,27662743.0,,,316.2,910.8,3214.1,5452.9,7081.2,10832.8,9278.7,20024.8,14061.6,12250.7,Camputhaw,63000.0,74000.0,120000.0,11.050905878263567
491,Lamudi,ceiling,House For Sale in Pooc,"Corona Del Mar Subdivision Clubhouse, Talisay, Lalawigan ng Cebu, Pilipinas",Minglanilla,Single Detached,,338.0,4.0,4.0,21880000.0,10.2383121,123.8167307,Lamudi scraper,False,64733.72781065089,16.901083535518055,,19334.8,3717.5,6,1,0,4,0,0,0.0549,18558356.0,,,13036.7,13839.1,16172.0,16946.0,5932.6,2506.3,22248.1,7241.0,2313.4,2016.2,Tungkil,7000.0,8000.0,,8.853808274977197
492,Lamudi,ceiling,House For Sale in Inayagan,"Tunghaan, Minglanilla, Cebu, Central Visayas, PHL",Minglanilla,Single Detached,,113.0,3.0,2.0,12424463.0,10.24139186,123.7803807,Lamudi scraper,False,109951.0,16.33517790969709,,22928.9,7149.4,7,0,0,2,0,0,0.0467,7697570.0,,,15999.9,16679.4,18980.1,20360.0,9234.1,6399.7,25066.6,4445.4,1910.1,3671.8,Tunghaan,7000.0,14000.0,70000.0,8.853808274977197
493,Lamudi,ceiling,House For Sale in Bulacao,"Vista Grande Subdivision, Rio de Janeiro Street, Talisay, Lalawigan ng Cebu, Pilipinas",Talisay City,Single Detached,,769.0,5.0,5.0,48000000.0,10.2701383,123.8451509,Lamudi scraper,False,62418.725617685304,17.686711568872166,,15211.5,894.5,11,2,13,10,1,0,0.1515,9163650.0,,,8365.3,9140.8,11473.3,12587.4,1515.1,2946.8,17559.7,11763.9,5890.0,4103.7,Bulacao,9000.0,35000.0,,9.105090961257085
494,Lamudi,ceiling,Condo For Sale in Punta Engaño,"Punta Engano, Lapu-Lapu City, Cebu, Central Visayas, PHL",Lapu-Lapu City,Condominium,,62.0,2.0,2.0,10500000.0,10.33005475,124.04013073,Lamudi scraper,False,169354.83870967742,16.166885815127753,,7155.5,14142.8,3,0,0,1,0,0,0.0203,31562954.0,,,14925.8,14703.4,13106.2,9880.5,20857.6,23999.9,9819.4,33703.0,28173.0,26431.8,Punta Engaño,7000.0,13500.0,95000.0,8.853808274977197
495,Lamudi,ceiling,Condo For Sale in Maribago,"Buyong Road, Maribago, Lapu-Lapu City, Cebu, Central Visayas, PHL",Lapu-Lapu City,Condominium,,37.0,,1.0,5200000.0,10.28986648,124.00575829,Lamudi scraper,False,140540.54054054053,15.464169183551656,,3505.3,12074.6,2,0,0,0,0,1,0.0177,18010555.0,,,11533.0,11681.5,10917.1,6512.3,16193.3,18956.0,10672.6,28577.8,23336.2,21677.7,Mactan,5000.0,10500.0,107500.0,8.517393171418904
496,Lamudi,ceiling,Townhouse For Sale in Pakigne,"Pakigne, Minglanilla, Cebu, Central Visayas, PHL",Minglanilla,Single Detached,,,3.0,2.0,4400000.0,10.25693122,123.7997674,Lamudi scraper,False,,15.29711509888849,,20389.4,4750.3,4,0,0,0,0,0,0.0242,4858251.0,,,13288.9,13953.4,16249.2,17744.6,6678.3,4491.6,22333.2,7099.9,1231.3,1211.7,Pakigne,6500.0,20000.0,,8.77971129020447
497,Lamudi,ceiling,Commercial For Sale in Kalubihan,"Colon St, Central Pob., Cebu City, Cebu, Central Visayas, PHL",Cebu City,Residential,,3870.0,,2.0,443000000.0,10.29779493,123.90196022,Lamudi scraper,False,114470.2842377261,19.90908032800941,,8491.7,2308.4,26,12,74,53,9,6,0.7636,225975691.0,,,2246.1,3242.7,5283.6,5685.1,5524.7,9112.7,11061.5,18635.8,12824.5,11035.0,Pari-an,29000.0,78000.0,,10.275085591132715
498,Lamudi,ceiling,Land For Sale in Capitol Site,"Lahug-Guadalupe Rd, Cebu City, Cebu, Philippines",Cebu City,Residential,,698.0,,,32806000.0,10.3262412,123.8892686,Lamudi scraper,False,47000.0,17.306121983454567,,10041.3,795.0,9,2,0,3,0,4,0.1032,21208442.0,,,1885.3,1805.4,3853.1,6935.6,6899.8,10646.4,9883.8,19462.3,13448.6,11651.6,Kalunasan,5036.0,5240.0,92500.0,8.52456594574565
499,Lamudi,ceiling,Condo For Sale in Punta Engaño,"Punta Engano, Lapu-Lapu City, Cebu, Central Visayas, PHL",Lapu-Lapu City,Condominium,,63.0,2.0,2.0,5500000.0,10.33005475,124.04013073,Lamudi scraper,False,87301.58730158731,15.5202586502027,,7155.5,14142.8,3,0,0,1,0,0,0.0203,31676590.0,,,14925.8,14703.4,13106.2,9880.5,20857.6,23999.9,9819.4,33703.0,28173.0,26431.8,Punta Engaño,7000.0,13500.0,95000.0,8.853808274977197
500,Lamudi,ceiling,Condo For Sale in Agus,"Agus Road, Marigondon, Lapu-Lapu City, Cebu, Central Visayas, PHL",Lapu-Lapu City,Condominium,,25.0,1.0,1.0,4022545.0,10.28410958,123.97552209,Lamudi scraper,False,160901.8,15.207425344858816,,2594.3,9530.5,4,1,4,5,0,2,0.0609,11745977.0,,,8653.5,8982.5,8744.4,4216.4,12833.6,15599.3,10354.6,25242.1,19967.5,18308.7,Basak,10000.0,15000.0,62500.0,9.210440366976517
501,Lamudi,ceiling,Commercial For Sale in Guizo,"Mandaue City, Cebu, Philippines",Mandaue City,Residential,,298.0,,,46405800.0,10.3321417,123.9357136,Lamudi scraper,False,155724.1610738255,17.652935009384635,,5487.4,3111.3,15,8,34,33,4,2,0.4048,165661747.0,,,3789.9,3331.2,1927.7,2675.2,10750.3,14410.7,5811.4,23833.1,17922.7,16113.6,Guizo,12750.0,26500.0,,9.453364978883542
502,Lamudi,ceiling,Condo For Sale in Lahug,"15 Wilson St, Cebu City, Cebu, Philippines",Cebu City,Condominium,,52.0,1.0,1.0,10998000.0,10.33194,123.900217,Lamudi scraper,False,211500.0,16.213223996049898,,9046.3,516.1,14,2,19,24,2,6,0.2681,23215519.0,,,1625.9,840.1,2499.0,5953.1,8066.5,11829.9,8539.2,20776.0,14769.2,12967.4,Lahug,30000.0,57000.0,115000.0,10.308985993422082
503,Lamudi,ceiling,Condo For Sale in Cebu Business Park,"Cardinal Rosales Avenue, Hippodromo, Cebu City, Cebu, Central Visayas, PHL",Cebu City,Condominium,,108.0,2.0,3.0,31000000.0,10.31575942,123.905961,Lamudi scraper,False,287037.037037037,17.24949776244942,,8045.9,1434.5,20,17,50,46,2,5,0.5334,26428486.0,,,299.7,1218.5,3296.3,4972.4,7095.6,10816.5,9254.6,20129.0,14199.2,12389.2,Hippodromo,195250.0,78125.0,157750.0,12.182041189327741
504,Lamudi,ceiling,Condo For Sale in Mabolo,"Pope John Paul II Avenue, Lungsod ng Cebu, Lalawigan ng Cebu, Pilipinas",Cebu City,Condominium,,154.0,3.0,3.0,48257961.0,10.3196098,123.9113617,Lamudi scraper,False,313363.3831168831,17.692071366957773,,7526.2,1499.7,13,7,45,43,2,5,0.3785,30622457.0,,,801.3,999.6,2648.9,4425.9,7819.5,11533.0,8539.4,20858.6,14928.0,13117.8,Mabolo,40600.0,98860.0,112500.0,10.611547975828369
505,Lamudi,ceiling,House For Sale in Cebu,"Tisa, Cebu City, Cebu, Central Visayas, PHL",Cebu City,Single Detached,,202.0,3.0,2.0,38203494.0,10.31055729,123.8648982,Lamudi scraper,False,189126.20792079208,17.458437535362634,,12487.3,2000.7,0,0,0,0,0,0,0.0,4416243.0,,,4381.5,4818.2,7025.7,9465.4,4352.5,7892.9,13069.0,16327.0,10306.1,8523.3,Guadalupe,23700.0,29550.0,84000.0,10.073272520325904
506,Lamudi,ceiling,Condo For Sale in Cebu,"1119 Middle Nivel Hills Rd, Cebu City, 6000 Cebu, Philippines",Cebu City,Condominium,,36.0,1.0,1.0,5500000.0,10.342605,123.896352,Lamudi scraper,False,152777.77777777778,15.5202586502027,,9860.6,1307.4,1,0,0,2,0,0,0.0103,15734562.0,,,2883.3,2044.9,2686.6,6824.8,8869.8,12607.0,8284.0,21279.1,15257.6,13476.9,Lahug,30000.0,57000.0,115000.0,10.308985993422082
507,Lamudi,ceiling,Land For Sale in Agus,"Agus, Lapu-Lapu, Lalawigan ng Cebu, Pilipinas",Lapu-Lapu City,Residential,,869.0,,,12600500.0,10.2846893,123.9833623,Lamudi scraper,False,14500.0,16.34924705367406,,2547.3,10200.1,5,0,0,2,0,0,0.0346,8737078.0,,,9408.2,9690.5,9307.7,4757.0,13693.4,16441.3,10432.3,26072.8,20819.9,19164.8,Agus,8000.0,9781.25,,8.987321812850125
508,Lamudi,ceiling,Condo For Sale in Punta Engaño,"Punta Engano, Lapu-Lapu City, Cebu, Central Visayas, PHL",Lapu-Lapu City,Condominium,,,,1.0,5800000.0,10.33004573,124.04013199,Lamudi scraper,False,,15.573368475516649,,7155.3,14143.1,3,0,0,1,0,0,0.0203,31669772.0,,,14925.9,14703.5,13106.4,9880.5,20857.4,23999.6,9820.0,33702.8,28172.8,26431.6,Punta Engaño,7000.0,13500.0,95000.0,8.853808274977197
509,Lamudi,ceiling,Condo For Sale in Basak,"Basak, Lapu-Lapu, Lalawigan ng Cebu, Pilipinas",Lapu-Lapu City,Condominium,,,,1.0,2246308.0,10.2963065,123.9666404,Lamudi scraper,False,,14.62479853755902,,1813.8,7962.6,5,11,9,14,3,1,0.27,47593978.0,,,7234.0,7469.0,7093.5,2552.3,12098.4,15133.3,8923.9,24833.6,19364.5,17651.7,Basak,10000.0,15000.0,62500.0,9.210440366976517
510,Lamudi,ceiling,Condo For Sale in Apas,"Avida Towers Riala, Jose Maria del Mar Street, Lungsod ng Cebu, Cebu, Pilipinas",Cebu City,Condominium,,22.0,,1.0,4000000.0,10.3328036,123.9090696,Lamudi scraper,False,181818.18181818185,15.201804919084164,,8162.1,472.9,15,4,24,32,2,3,0.3006,25268951.0,,,1742.3,767.4,1615.1,5093.2,8721.1,12481.3,7710.1,21571.6,15580.4,13773.0,Apas,28800.0,37300.0,125550.0,10.268165387743457
511,Lamudi,ceiling,House For Sale in Pooc,"Corona Del Mar, In front of corona del mar, Pooc, Talisay, Lalawigan ng Cebu, Pilipinas",Talisay City,Single Detached,,287.0,4.0,4.0,16500000.0,10.2425683,123.8200271,Lamudi scraper,False,57491.289198606275,16.61887093887081,,18818.3,3142.3,5,1,0,7,0,0,0.0553,17480600.0,,,12451.0,13249.2,15582.2,16400.1,5356.4,2062.7,21660.5,7785.0,2534.8,1757.1,Pooc,11800.0,14000.0,,9.375939552625749
512,Lamudi,ceiling,Commercial Lot For Sale in Centro,"Mandaue City, Lalawigan ng Cebu, Pilipinas",Mandaue City,Lot Only,,5000.0,,,1350000000.0,10.3278985,123.9427271,Lamudi scraper,True,270000.0,21.02337042939675,,4586.9,4003.9,15,6,30,23,2,4,0.3141,20266779.0,,,4354.0,4045.6,2828.2,1844.3,11088.5,14681.6,5876.0,24199.1,18337.9,16534.8,Centro,15000.0,27500.0,124125.0,9.61587214452889
513,Lamudi,ceiling,Commercial For Sale in Cebu,"South Road Properties, Antuwanga, Lungsod ng Cebu, Cebu, Pilipinas",Cebu City,Residential,,1998.0,,,629208960.0,10.2700647,123.8742644,Lamudi scraper,False,314919.3993993994,20.259973969352153,,12178.7,1578.0,1,0,0,3,1,0,0.0403,388383893.0,,,6246.6,7180.4,9440.9,9728.4,1694.3,4818.8,15362.7,14457.7,8846.3,7137.8,Cogon Pardo,17500.0,21500.0,92500.0,9.770013301136158
514,Lamudi,ceiling,Studio For Sale in Agus,"Agus Road, Marigondon, Lapu-Lapu City, Cebu, Central Visayas, PHL",Lapu-Lapu City,Residential,,30.0,1.0,1.0,6394290.0,10.28410958,123.97552209,Lamudi scraper,False,213143.0,15.670915962593748,,2594.3,9530.5,4,1,4,5,0,2,0.0609,11714769.0,,,8653.5,8982.5,8744.4,4216.4,12833.6,15599.3,10354.6,25242.1,19967.5,18308.7,Basak,10000.0,15000.0,62500.0,9.210440366976517
515,Lamudi,ceiling,Condo For Sale in Cebu,"Marco Polo Residences Tower 1, Cebu City, Lalawigan ng Cebu, Pilipinas",Cebu City,Condominium,,88.0,3.0,3.0,15000000.0,10.3418886,123.8977974,Lamudi scraper,False,170454.54545454544,16.523560759066484,,9683.8,1137.8,1,0,0,4,0,1,0.0202,16311541.0,,,2762.8,1899.0,2526.1,6647.8,8874.0,12618.3,8180.7,21336.0,15315.1,13530.6,Apas,28800.0,37300.0,125550.0,10.268165387743457
516,Lamudi,ceiling,House For Sale in Cebu,"Lilac Street, Guadalupe, Cebu City, Cebu, Central Visayas, PHL",Cebu City,Single Detached,,240.0,5.0,4.0,29800000.0,10.32342059,123.8801951,Lamudi scraper,False,124166.66666666669,17.210018951475632,,10957.6,1405.0,10,2,1,7,0,3,0.1135,19064211.0,,,2703.4,2821.1,4884.8,7860.9,6188.7,9887.1,10884.0,18524.1,12504.1,10716.8,Guadalupe,23700.0,29550.0,84000.0,10.073272520325904
517,Lamudi,ceiling,Condo For Sale in Cebu IT Park,"Cebu I.T. Park, Apas, Lungsod ng Cebu, Lalawigan ng Cebu, Pilipinas",Cebu City,Condominium,,86.0,2.0,3.0,22119728.0,10.3280132,123.906315,Lamudi scraper,False,257206.13953488372,16.91198043797861,,8280.7,684.5,20,6,33,41,2,4,0.3866,28823222.0,,,1150.4,156.3,2189.4,5180.3,8118.2,11876.4,8282.8,20999.2,15016.1,13207.0,Lahug,30000.0,57000.0,115000.0,10.308985993422082
518,Lamudi,ceiling,Residential Lot For Sale in Lataban,"Metro Cebu Expressway, Cotcot, Liloan, Cebu, Central Visayas, PHL",Liloan,Lot Only,,325.0,,,6109000.0,10.42019184,123.9693173,Lamudi scraper,False,18796.92307692308,15.625273651631904,,12609.7,9665.9,0,0,0,0,0,0,0.0,9925000.0,,,13420.2,12504.2,10227.5,12008.1,20443.7,24208.1,4894.5,33024.3,27003.3,25227.7,Lataban,1200.0,,,7.0909098220799835
519,Lamudi,ceiling,House For Sale in Banilad,"Pigeon, Banilad Mandaue, Cebu City, Cebu, Central Visayas, PHL",Mandaue City,Single Detached,,475.0,4.0,5.0,55000000.0,10.34466059,123.9190865,Lamudi scraper,False,115789.47368421052,17.822843743196746,,7765.5,1064.8,22,11,21,37,0,0,0.3479,22145681.0,,,3392.4,2470.8,401.8,4935.0,10435.3,14195.0,6037.5,23260.8,17260.5,15455.9,Banilad,16115.0,22350.0,102500.0,9.687567846311238
520,Lamudi,ceiling,Land For Sale in Ilaya,"Pitalo, San Fernando, Cebu, Central Visayas, PHL",San Fernando,Residential,,25031.0,,,2300.0,10.18513293,123.71644426,Lamudi scraper,True,0.0918860612840078,7.7406644019172415,,31772.8,16133.4,1,0,0,0,0,0,0.0061,6767371.0,,,25301.2,26018.6,28332.7,29410.4,18329.4,14921.8,34426.7,5225.9,11137.9,12947.2,Pitalo,6000.0,14000.0,,8.699681400989514
521,Lamudi,ceiling,Condo For Sale in Mactan,"Mactan, Lapu-Lapu City, Cebu, Central Visayas, PHL",Lapu-Lapu City,Condominium,,50.0,1.0,1.0,15330000.0,10.30909786,124.0143028,Lamudi scraper,False,306600.0,16.545322250847995,,3869.0,12068.7,2,1,4,9,2,1,0.1073,19871380.0,,,12078.6,12034.2,10836.1,6904.2,17500.3,20507.2,9312.6,30194.8,24768.0,23056.4,Mactan,5000.0,10500.0,107500.0,8.517393171418904
522,Lamudi,ceiling,Condo For Sale in Punta Engaño,"Aruga Resort and Residences – Mactan, Punta Engaño Road, Lapu-Lapu, Lalawigan ng Cebu, Pilipinas",Lapu-Lapu City,Condominium,,99.0,2.0,3.0,40731837.0,10.323479,124.0367989,Lamudi scraper,False,411432.69696969696,17.522520580498036,,6578.4,13939.7,3,0,0,1,0,0,0.0203,31999022.0,,,14513.3,14338.9,12837.4,9410.0,20292.8,23381.2,9927.6,33079.1,27593.0,25863.0,Punta Engaño,7000.0,13500.0,95000.0,8.853808274977197
523,Lamudi,ceiling,House For Sale in Cebu,"Guadalupe, Cebu City, Cebu, Philippines",Cebu City,Single Detached,,588.0,5.0,5.0,53622906.0,10.3156173,123.8854377,Lamudi scraper,False,91195.41836734694,17.797486885498977,,10277.3,387.9,15,8,26,23,0,4,0.2737,47523952.0,,,2073.6,2543.2,4829.9,7215.4,5666.3,9422.5,10922.6,18364.2,12367.4,10561.1,Guadalupe,23700.0,29550.0,84000.0,10.073272520325904
524,Lamudi,ceiling,Condo For Sale in Cebu IT Park,"IT Park, Cebu IT Park, Brgy Apas, Cebu City, Cebu, Pilipinas",Cebu City,Condominium,,103.0,3.0,3.0,35000000.0,10.3293875,123.9069196,Lamudi scraper,False,339805.82524271845,17.37085861945369,,8261.6,620.0,18,5,23,35,2,4,0.3396,24226531.0,,,1313.7,322.8,2037.6,5167.1,8278.1,12037.3,8133.4,21147.5,15161.5,13352.9,Lahug,30000.0,57000.0,115000.0,10.308985993422082
525,Lamudi,ceiling,Condo For Sale in Tunghaan,"1381 Abuno, Minglanilla, 6046 Cebu, Philippines",Minglanilla,Condominium,,81.0,4.0,2.0,6368947.0,10.24622,123.783387,Lamudi scraper,False,78628.97530864198,15.666944707761337,,22449.3,6696.7,6,0,0,3,0,0,0.0428,7950887.0,,,15438.4,16105.4,18400.3,19849.1,8739.3,6065.4,24482.5,5074.8,1506.1,3164.4,Tunghaan,7000.0,14000.0,70000.0,8.853808274977197
526,Lamudi,ceiling,Condo For Sale in Banilad,"Ines Quano Road, Banilad Mandaue, Cebu City, Cebu, Central Visayas, PHL",Mandaue City,Condominium,,25.0,1.0,1.0,3844670.0,10.34135818,123.9164914,Lamudi scraper,False,153786.8,15.162198331490917,,7821.7,786.3,17,6,22,27,0,0,0.2474,20094456.0,,,2935.1,2006.9,481.1,4903.3,9971.3,13730.8,6484.1,22806.1,16808.4,15002.9,Banilad,16115.0,22350.0,102500.0,9.687567846311238
527,Lamudi,ceiling,Studio For Sale in Gun-Ob,"Mandani bay, Mandaue, Lalawigan ng Cebu, Pilipinas",Lapu-Lapu City,Residential,,29.0,,1.0,5500000.0,10.30494687,123.93488232,Lamudi scraper,False,189655.1724137931,15.5202586502027,,4831.9,4545.0,1,0,0,0,0,0,0.0061,,,,3645.8,4000.7,4344.5,2046.5,9091.9,12485.5,8562.9,22138.3,16426.0,14654.8,,23575.0,68750.0,132500.0,10.06798452441753
528,Lamudi,ceiling,House For Sale in Dumlog,"Dumlog, Talisay, Lalawigan ng Cebu, Pilipinas",Talisay City,Single Detached,,94.0,3.0,2.0,6880000.0,10.2494847,123.8425243,Lamudi scraper,False,73191.48936170213,15.744129209909527,,16251.2,1102.2,13,0,1,13,1,1,0.1412,63119484.0,,,10170.2,11028.2,13349.6,13882.1,3065.6,698.9,19377.8,10319.2,4978.5,3540.7,Dumlog,9200.0,21000.0,,9.127067452782361
529,Lamudi,ceiling,House For Sale in Lamac,"Pitogo, Consolacion, Cebu, Central Visayas, PHL",Consolacion,Single Detached,,,4.0,3.0,19999000.0,10.38654793,123.96561809,Lamudi scraper,False,,16.811192830268222,,8944.6,6846.4,5,2,3,4,0,0,0.0625,2706940.0,,,10167.4,9334.1,7001.3,8254.1,17289.9,21033.1,1133.8,30157.8,24152.5,22350.3,Lamac,3650.0,4000.0,,8.202756381655638
530,Lamudi,ceiling,Land For Sale in Cebu,"22 Madrid St, Cebu City, Cebu, Philippines",Cebu City,Residential,,429.0,,,15015000.0,10.380526,123.921978,Lamudi scraper,False,35000.0,16.524560259399568,,10266.0,3193.3,5,1,0,4,0,0,0.0489,17372613.0,,,7232.0,6240.7,4339.9,8100.8,13914.9,17663.0,4594.7,26258.0,20241.2,18479.3,Bacayan,10250.0,,80000.0,9.235130540783402
531,Lamudi,ceiling,Commercial Lot For Sale in Cebu,"SM Seaside Arena, F. Vestil Street, Cebu City, Lalawigan ng Cebu, Pilipinas",Cebu City,Lot Only,,1682.0,,,605520000.0,10.2840814,123.8825464,Lamudi scraper,False,360000.0,20.221598150965185,,10859.7,1388.9,4,3,0,6,0,0,0.0671,957597333.0,,,4444.6,5378.4,7640.2,8215.6,2923.4,6511.9,13587.4,16026.0,10250.9,8476.8,Mambaling,20000.0,42500.0,92500.0,9.90353755128617
532,Lamudi,ceiling,Townhouse For Sale in Ibabao,"Babag 2 Road, Cordova, Lalawigan ng Cebu, Pilipinas",Cordova,Single Detached,,,2.0,2.0,3755930.0,10.2632369,123.9472067,Lamudi scraper,False,,15.138846482288912,,5998.2,8435.2,5,4,2,6,1,0,0.1133,,,,7680.2,8389.3,9167.6,5624.5,9710.9,12046.9,12725.6,21575.5,16528.3,14956.8,San Miguel,4125.0,6000.0,,8.325063693631197
533,Lamudi,ceiling,Residential Lot For Sale in Banilad,"Maria Luisa Entrance Road, Cebu City, Lalawigan ng Cebu, Pilipinas",Cebu City,Lot Only,,581.0,,,46480000.0,10.3442423,123.9099079,Lamudi scraper,False,80000.0,17.65453267050793,,8607.3,145.2,17,9,19,21,0,1,0.2665,43643663.0,,,2997.2,2000.8,1238.8,5668.7,9794.2,13558.3,6899.9,22479.2,16465.8,14668.6,Banilad,41500.0,92500.0,90000.0,10.633472802314019
534,Lamudi,ceiling,Condo For Sale in Mabolo,"Mabolo, Cebu City, Lalawigan ng Cebu, Pilipinas",Cebu City,Condominium,,26.0,,1.0,4500000.0,10.3159922,123.9136387,Lamudi scraper,False,173076.92307692306,15.319587954740548,,7216.1,1942.8,7,2,37,33,4,5,0.3166,30282873.0,,,1047.6,1471.0,2946.3,4135.1,7743.3,11422.0,8682.1,20824.5,14924.0,13116.7,Mabolo,40600.0,98860.0,112500.0,10.611547975828369
535,Lamudi,ceiling,Condo For Sale in Agus,"Agus Road, Marigondon, Lapu-Lapu City, Cebu, Central Visayas, PHL",Lapu-Lapu City,Condominium,,25.0,1.0,1.0,4568222.0,10.28410958,123.97552209,Lamudi scraper,False,182728.88,15.334634628086304,,2594.3,9530.5,4,1,4,5,0,2,0.0609,11738797.0,,,8653.5,8982.5,8744.4,4216.4,12833.6,15599.3,10354.6,25242.1,19967.5,18308.7,Basak,10000.0,15000.0,62500.0,9.210440366976517
536,Lamudi,ceiling,Commercial For Sale in Maguikay,"Maguikay, Mandaue City, Cebu, Philippines",Mandaue City,Residential,,5659.0,,,396130000.0,10.3395534,123.9373697,Lamudi scraper,False,70000.0,19.79725299817402,,5803.5,3067.4,15,4,25,28,0,1,0.2266,74744858.0,,,4351.8,3740.4,1816.1,3261.4,11418.1,15109.7,5023.9,24464.9,18525.1,16714.2,Maguikay,10000.0,16000.0,,9.210440366976517
537,Lamudi,ceiling,Condo For Sale in Lawaan III,"Lawaan 3 Street, Talisay City, Lalawigan ng Cebu, Pilipinas",Talisay City,Condominium,,,1.0,1.0,6204800.0,10.2646194,123.8320021,Lamudi scraper,False,,15.64083374403047,,16763.8,1347.8,8,2,7,7,1,0,0.1197,82421980.0,,,9876.4,10620.8,12948.4,14151.4,3049.9,2369.0,19043.3,10245.5,4330.6,2539.6,Lawaan III,9000.0,15000.0,90000.0,9.105090961257085
538,Lamudi,ceiling,Condo For Sale in Agus,"Agus Road, Marigondon, Lapu-Lapu City, Cebu, Central Visayas, PHL",Lapu-Lapu City,Condominium,,25.0,1.0,1.0,4364108.0,10.28410958,123.97552209,Lamudi scraper,False,174564.32,15.288924373566545,,2594.3,9530.5,4,1,4,5,0,2,0.0609,11741482.0,,,8653.5,8982.5,8744.4,4216.4,12833.6,15599.3,10354.6,25242.1,19967.5,18308.7,Basak,10000.0,15000.0,62500.0,9.210440366976517
539,Lamudi,ceiling,House For Sale in Liloan,"Liloan, Lalawigan ng Cebu, Pilipinas",Liloan,Single Detached,,88.0,3.0,2.0,6800644.0,10.412129,123.986149,Lamudi scraper,False,77280.04545454546,15.732527871544368,,11694.9,10341.5,0,0,0,1,0,0,0.0021,15258000.0,,,13787.6,12942.5,10611.9,11592.2,20905.8,24652.8,4654.7,33727.2,27713.5,25916.7,Jubay,3000.0,,,8.006700845440367
540,Lamudi,ceiling,Condo For Sale in Lahug,"Saint Anthony, Lahug, Cebu City, Cebu, Central Visayas, PHL",Cebu City,Condominium,,36.0,1.0,1.0,8254000.0,10.33099833,123.90308661,Lamudi scraper,False,229277.77777777775,15.926208489294664,,8715.4,472.1,19,4,20,34,2,5,0.3354,24819588.0,,,1465.6,559.1,2271.1,5622.3,8162.0,11926.4,8348.6,20943.2,14943.9,13138.8,Lahug,30000.0,57000.0,115000.0,10.308985993422082
541,Lamudi,ceiling,Condo For Sale in Agus,"Agus Road, Marigondon, Lapu-Lapu City, Cebu, Central Visayas, PHL",Lapu-Lapu City,Condominium,,25.0,1.0,1.0,4409115.0,10.28410958,123.97552209,Lamudi scraper,False,176364.6,15.29918454701194,,2594.3,9530.5,4,1,4,5,0,2,0.0609,11740890.0,,,8653.5,8982.5,8744.4,4216.4,12833.6,15599.3,10354.6,25242.1,19967.5,18308.7,Basak,10000.0,15000.0,62500.0,9.210440366976517
542,Lamudi,ceiling,Condo For Sale in Lahug,"32 Sanson by Rockwell, Sanson Road, Lungsod ng Cebu, Lalawigan ng Cebu, Pilipinas",Cebu City,Condominium,,82.0,2.0,3.0,23500000.0,10.3329596,123.8948853,Lamudi scraper,False,286585.3658536585,16.972510979114386,,9636.6,849.4,12,1,3,9,0,2,0.1167,19835642.0,,,1966.3,1377.9,2999.1,6540.7,7852.5,11604.6,8958.6,20420.5,14404.5,12610.0,Lahug,30000.0,57000.0,115000.0,10.308985993422082
543,Lamudi,ceiling,Condo For Sale in Kasambagan,"The Academy for International Culinary Arts, Kasambagan, Cebu City, Cebu, Central Visayas, PHL",Cebu City,Condominium,,154.0,3.0,4.0,51038316.0,10.32436564,123.9093657,Lamudi scraper,False,331417.63636363635,17.748087202726097,,7852.5,1064.8,10,9,48,44,4,2,0.4249,28759391.0,,,913.6,472.7,2285.4,4746.2,8036.2,11777.7,8310.2,21005.3,15044.9,13234.0,Kasambagan,30000.0,34500.0,115000.0,10.308985993422082
544,Lamudi,ceiling,Condo For Sale in Pasil,"L. Flores, Pasil, Cebu City, Cebu, Central Visayas, PHL",Cebu City,Condominium,,,2.0,2.0,19000000.0,10.29037528,123.89497742,Lamudi scraper,False,,16.759949537130716,,9379.5,2021.6,19,7,65,35,2,6,0.4274,299786125.0,,,3221.1,4209.7,6353.3,6689.8,4452.9,7996.7,12181.8,17550.9,11778.7,10001.0,Pasil,17500.0,25750.0,92500.0,9.770013301136158
545,Lamudi,ceiling,Condo For Sale in Mactan,"Mactan, Lapu-Lapu City, Cebu, Central Visayas, PHL",Lapu-Lapu City,Condominium,,38.0,1.0,1.0,7500000.0,10.30776262,124.01492178,Lamudi scraper,False,197368.42105263157,15.83041357850654,,3931.5,12180.0,1,1,4,9,2,1,0.1013,19762267.0,,,12158.9,12126.0,10950.0,6984.1,17531.7,20519.2,9472.4,30202.8,24791.6,23084.1,Mactan,5000.0,10500.0,107500.0,8.517393171418904
546,Lamudi,ceiling,House For Sale in Catarman,"Catarman, Liloan, Lalawigan ng Cebu, Pilipinas",Liloan,Single Detached,,300.0,5.0,4.0,18000000.0,10.3825943,124.0112255,Lamudi scraper,False,60000.0,16.70588231586044,,9095.9,11230.0,1,0,0,1,0,0,0.0082,92500000.0,,,13737.4,13102.6,10886.2,10081.8,20720.0,24331.9,5232.4,33816.3,27903.7,26093.7,Catarman,3000.0,,,8.006700845440367
547,Lamudi,ceiling,Condo For Sale in Maribago,"Buyong Road, Maribago, Lapu-Lapu City, Cebu, Central Visayas, PHL",Lapu-Lapu City,Condominium,,48.0,1.0,1.0,8500000.0,10.28986648,124.00575829,Lamudi scraper,False,177083.33333333334,15.955576721460544,,3505.3,12074.6,2,0,0,0,0,1,0.0177,17923713.0,,,11533.0,11681.5,10917.1,6512.3,16193.3,18956.0,10672.6,28577.8,23336.2,21677.7,Mactan,5000.0,10500.0,107500.0,8.517393171418904
548,Lamudi,ceiling,Condo For Sale in Mactan,"2 Casanta Soong, Lapu-Lapu City, 6015 Cebu, Philippines",Lapu-Lapu City,Condominium,,55.0,,1.0,10000000.0,10.30416,124.007026,Lamudi scraper,False,181818.18181818185,16.11809565095832,,3085.6,11509.8,6,1,4,8,0,1,0.0739,28339090.0,,,11346.0,11358.1,10297.9,6180.4,16600.6,19570.5,9332.5,29252.2,23851.2,22147.9,Mactan,5000.0,10500.0,107500.0,8.517393171418904
549,Lamudi,ceiling,Condo For Sale in Cebu Business Park,"Sedona Parc By Alveo, Leyte Loop, Lungsod ng Cebu, Lalawigan ng Cebu, Pilipinas",Cebu City,Condominium,,86.0,2.0,2.0,12000000.0,10.3148253,123.9088843,Lamudi scraper,False,139534.88372093023,16.300417207752275,,7716.4,1687.5,15,10,48,45,4,7,0.4952,28241219.0,,,609.1,1365.5,3244.8,4648.9,7262.3,10961.9,9116.9,20325.8,14413.1,12604.6,Hippodromo,195250.0,78125.0,157750.0,12.182041189327741
550,Lamudi,ceiling,House For Sale in Talisay,"Vista Grande, Bienvinido St, Talisay, Cebu, Pilipinas",Talisay City,Single Detached,,244.0,4.0,3.0,15800000.0,10.2744342,123.8399313,Lamudi scraper,False,64754.098360655735,16.575520497997196,,15643.8,1637.6,9,1,8,5,0,0,0.0849,11320659.0,,,8535.1,9255.9,11578.8,12947.7,2093.6,3343.3,17675.3,11605.6,5638.6,3828.0,Cadulawan,8650.0,,,9.065430200180375
551,Lamudi,ceiling,House For Sale in Poblacion Ward III,"Minglanilla, Cebu, Pilipinas",Minglanilla,Single Detached,,77.0,3.0,3.0,9000000.0,10.2454075,123.7959226,Lamudi scraper,False,116883.11688311688,16.012735135300492,,21175.0,5391.9,11,2,6,15,0,2,0.1371,4126533.0,,,14331.8,15038.8,17352.6,18623.0,7491.2,4691.7,23447.2,5867.3,158.4,1969.2,Poblacion Ward IV,9000.0,11000.0,,9.105090961257085
552,Lamudi,ceiling,Commercial For Sale in Cebu,"Kawit Island, Lungsod ng Cebu, Lalawigan ng Cebu, Pilipinas",Cebu City,Residential,,150000.0,,,300000000.0,10.2713889,123.8813889,Lamudi scraper,False,2000.0,19.519293032620475,,11396.1,2106.3,0,0,0,3,0,0,0.0064,413707659.0,,,5741.8,6705.2,8914.5,8983.0,2462.6,5544.6,14761.1,15214.6,9634.5,7930.4,Basak Pardo,13500.0,22500.0,92500.0,9.510519035757246
553,Lamudi,ceiling,Condo For Sale in Agus,"Agus Road, Marigondon, Lapu-Lapu City, Cebu, Central Visayas, PHL",Lapu-Lapu City,Condominium,,25.0,1.0,1.0,5408029.0,10.28410958,123.97552209,Lamudi scraper,False,216321.16,15.503395259116594,,2594.3,9530.5,4,1,4,5,0,2,0.0609,11727747.0,,,8653.5,8982.5,8744.4,4216.4,12833.6,15599.3,10354.6,25242.1,19967.5,18308.7,Basak,10000.0,15000.0,62500.0,9.210440366976517
554,Lamudi,ceiling,House For Sale in Cebu,"Guadalupe, Cebu City, Cebu, Pilipinas",Cebu City,Single Detached,,166.0,5.0,4.0,21800000.0,10.3234205,123.8801952,Lamudi scraper,False,131325.3012048193,16.897420527759316,,10957.6,1405.0,10,2,1,7,0,3,0.1135,19679596.0,,,2703.4,2821.1,4884.8,7860.9,6188.7,9887.1,10884.0,18524.1,12504.1,10716.8,Guadalupe,23700.0,29550.0,84000.0,10.073272520325904
555,Lamudi,ceiling,House For Sale in Bulacao,"Vista Grande Subdivision, Rio de Janeiro Street, Talisay, Lalawigan ng Cebu, Pilipinas",Talisay City,Single Detached,,350.0,5.0,4.0,22500000.0,10.2701383,123.8451509,Lamudi scraper,False,64285.71428571428,16.929025867174648,,15211.5,894.5,11,2,13,10,1,0,0.1515,9801150.0,,,8365.3,9140.8,11473.3,12587.4,1515.1,2946.8,17559.7,11763.9,5890.0,4103.7,Bulacao,9000.0,35000.0,,9.105090961257085
556,Lamudi,ceiling,Land For Sale in Bacayan,"Bacayan, Cebu City, Cebu, Central Visayas, PHL",Cebu City,Residential,,401.0,,,20158561.0,10.3881778,123.9192051,Lamudi scraper,False,50270.72568578554,16.819139619651587,,11129.5,3948.1,4,1,0,4,0,0,0.0428,26542526.0,,,7987.3,6990.6,5192.4,9002.4,14519.4,18249.2,5045.8,26685.0,20679.9,18936.2,Bacayan,10250.0,,80000.0,9.235130540783402
557,Lamudi,ceiling,House For Sale in Bacayan,"Metropolis Talamban Cebu, Upper Bacayan, Lungsod ng Cebu, Lalawigan ng Cebu, Pilipinas",Cebu City,Single Detached,,280.0,4.0,4.0,26800000.0,10.3912313,123.9214588,Lamudi scraper,False,95714.28571428572,17.103912445481086,,11266.4,4328.9,5,0,0,4,0,0,0.0389,14152183.0,,,8371.9,7376.3,5529.0,9225.6,14934.0,18665.6,4910.5,27102.8,21098.3,19355.3,Pit-os,12400.0,,93125.0,9.425532393502772
558,Lamudi,ceiling,House For Sale in Mohon,"Corona Del Mar Sails and Dolphins Fountain, Talisay, Lalawigan ng Cebu, Pilipinas",Talisay City,Single Detached,,287.0,4.0,4.0,18500000.0,10.2453328,123.8239877,Lamudi scraper,False,64459.93031358885,16.733281290048552,,18300.7,2611.1,5,0,0,8,0,0,0.0474,13157494.0,,,11923.7,12725.6,15058.6,15872.3,4825.4,1622.8,21134.6,8314.0,2938.0,1835.5,Pooc,11800.0,14000.0,,9.375939552625749
559,Lamudi,ceiling,Condo For Sale in Kasambagan,"The Academy for International Culinary Arts, Kasambagan, Cebu City, Cebu, Central Visayas, PHL",Cebu City,Condominium,,58.0,1.0,1.0,17000000.0,10.32436564,123.9093657,Lamudi scraper,False,293103.4482758621,16.64872390202049,,7852.5,1064.8,10,9,48,44,4,2,0.4249,29117690.0,,,913.6,472.7,2285.4,4746.2,8036.2,11777.7,8310.2,21005.3,15044.9,13234.0,Kasambagan,30000.0,34500.0,115000.0,10.308985993422082
560,Lamudi,ceiling,Studio For Sale in Lahug,"Saint Anthony, Lahug, Cebu City, Cebu, Central Visayas, PHL",Cebu City,Residential,,24.0,,1.0,4899000.0,10.33099833,123.90308661,Lamudi scraper,False,204125.0,15.404541660620712,,8715.4,472.1,19,4,20,34,2,5,0.3354,24874588.0,,,1465.6,559.1,2271.1,5622.3,8162.0,11926.4,8348.6,20943.2,14943.9,13138.8,Lahug,30000.0,57000.0,115000.0,10.308985993422082
561,Lamudi,ceiling,Condo For Sale in Kasambagan,"MLD Building, Governor Mariano Cuenco Avenue corner Paseo Saturnino Street, Kasambagan, Cebu City, Cebu, Central Visayas, PHL",Cebu City,Condominium,,95.0,3.0,3.0,24738595.0,10.32962093,123.90970479,Lamudi scraper,False,260406.26315789475,17.023875132693494,,7979.4,749.5,14,7,22,37,2,3,0.3329,25042381.0,,,1436.5,538.6,1801.2,4890.9,8494.4,12248.4,7885.7,21399.2,15419.6,13610.1,Kasambagan,30000.0,34500.0,115000.0,10.308985993422082
562,Lamudi,ceiling,Commercial For Sale in Cebu IT Park,"Cebu IT Park, Lungsod ng Cebu, Lalawigan ng Cebu, Pilipinas",Cebu City,Residential,,1302.0,,,225268667.0,10.3304499,123.9073923,Lamudi scraper,False,173017.4093701997,19.232804323383036,,8248.5,530.0,17,5,21,34,2,3,0.3234,20722344.0,,,1440.6,451.7,1921.4,5160.0,8402.3,12162.1,8018.0,21262.8,15274.7,13466.6,Lahug,30000.0,57000.0,115000.0,10.308985993422082
563,Lamudi,ceiling,Condo For Sale in Santa Cruz,"Ultima Residences Fuente Tower 3, Ultima, Tower 3, Osmeña Blvd, Cebu City, Cebu, Philippines",Cebu City,Condominium,,60.0,2.0,2.0,18800000.0,10.3086544,123.8945775,Lamudi scraper,False,313333.3333333333,16.749367427800177,,9236.2,878.3,22,19,50,51,0,2,0.504,40460230.0,,,1473.2,2351.9,4651.0,6237.1,5655.3,9398.2,10688.8,18658.4,12724.5,10914.4,Santa Cruz,46000.0,73000.0,95000.0,10.736418414365376
564,Lamudi,ceiling,House For Sale in Cebu,"Residenza Tuscania, V Rama Avenue, Cebu City, Lalawigan ng Cebu, Pilipinas",Cebu City,Single Detached,,150.0,4.0,4.0,18500000.0,10.3269478,123.8840001,Lamudi scraper,False,123333.33333333331,16.733281290048552,,10621.3,1271.6,9,1,0,4,0,3,0.0898,24180821.0,,,2434.9,2381.1,4347.9,7516.0,6713.0,10428.1,10322.1,19096.0,13076.0,11288.6,Guadalupe,23700.0,29550.0,84000.0,10.073272520325904
565,Lamudi,ceiling,House For Sale in Mactan,"Shabu Shabu and Korean Cuisine, Quezon National Highway, Maribago, Lapu-Lapu City, Cebu, Central Visayas, PHL",Lapu-Lapu City,Single Detached,,150.0,4.0,3.0,11100690.0,10.290415,123.998707,Lamudi scraper,False,74004.6,16.22251782651274,,2851.7,11353.1,4,0,1,5,0,1,0.0417,14832502.0,,,10774.8,10939.8,10235.1,5788.4,15436.1,18230.7,10307.5,27867.6,22595.4,20930.0,Maribago,4125.0,9750.0,112500.0,8.325063693631197
566,Lamudi,ceiling,Condo For Sale in Subabasbas,"Suba-Basbas - Marigondon Beach Road, Lapu-lapu City, Lalawigan ng Cebu, Pilipinas",Lapu-Lapu City,Condominium,,60.0,2.0,1.0,8779328.0,10.2623065,123.976384,Lamudi scraper,False,146322.13333333333,15.987910425096729,,4999.0,11040.0,1,1,0,1,0,0,0.0182,4000000.0,,,10022.2,10535.0,10697.1,6331.9,12899.7,15187.0,12773.6,24626.7,19693.5,18140.3,Subabasbas,3225.0,8260.0,,8.078998258685154
567,Lamudi,ceiling,Townhouse For Sale in Subabasbas,"Babag, Lapu-Lapu City, Cebu, Central Visayas, PHL",Lapu-Lapu City,Single Detached,,,2.0,1.0,2600000.0,10.27424032,123.9586118,Lamudi scraper,False,,14.77102200299171,,4288.9,8705.6,4,0,0,0,0,0,0.0242,6383198.0,,,7674.7,8214.3,8543.2,4453.8,10914.3,13524.6,11386.2,23134.7,17940.3,16313.6,Basak,10000.0,15000.0,62500.0,9.210440366976517
568,Lamudi,ceiling,Condo For Sale in Cebu Business Park,"Cebu Business Park, Luzon Avenue, Cebu City, Lalawigan ng Cebu, Pilipinas",Cebu City,Condominium,,107.0,3.0,3.0,28381000.0,10.3182439,123.903733,Lamudi scraper,False,265242.9906542056,17.161230465157143,,8324.3,1082.6,20,17,51,46,2,6,0.5401,28196707.0,,,70.7,967.9,3196.1,5235.5,7118.2,10859.8,9226.8,20101.1,14150.1,12339.1,Luz,51250.0,206750.0,164500.0,10.844490409005417
569,Lamudi,ceiling,Condo For Sale in Agus,"Agus Road, Marigondon, Lapu-Lapu City, Cebu, Central Visayas, PHL",Lapu-Lapu City,Condominium,,50.0,2.0,1.0,8728216.0,10.28410958,123.97552209,Lamudi scraper,False,174564.32,15.98207155412649,,2594.3,9530.5,4,1,4,5,0,2,0.0609,11684060.0,,,8653.5,8982.5,8744.4,4216.4,12833.6,15599.3,10354.6,25242.1,19967.5,18308.7,Basak,10000.0,15000.0,62500.0,9.210440366976517
570,Lamudi,ceiling,Condo For Sale in Agus,"Agus Road, Marigondon, Lapu-Lapu City, Cebu, Central Visayas, PHL",Lapu-Lapu City,Condominium,,50.0,2.0,1.0,10616333.0,10.28410958,123.97552209,Lamudi scraper,False,212326.66,16.17790422224902,,2594.3,9530.5,4,1,4,5,0,2,0.0609,11659216.0,,,8653.5,8982.5,8744.4,4216.4,12833.6,15599.3,10354.6,25242.1,19967.5,18308.7,Basak,10000.0,15000.0,62500.0,9.210440366976517
571,Lamudi,ceiling,House For Sale in Talamban,"Talamban, Cebu City, Lalawigan ng Cebu, Pilipinas",Cebu City,Single Detached,,199.0,4.0,3.0,12900000.0,10.3670682,123.9173923,Lamudi scraper,False,64824.12060301508,16.3727378693319,,9472.8,1615.2,6,0,7,16,1,2,0.118,26871001.0,,,5656.4,4663.7,2867.4,7006.1,12370.6,16125.7,5182.2,24830.5,18809.3,17033.8,Talamban,26375.0,68100.0,117500.0,10.180209784751566
572,Lamudi,ceiling,Land For Sale in Lawaan II,"135 A. Bacaltos St, Talisay, Cebu, Philippines",Talisay City,Residential,,29000.0,,,261000000.0,10.256987,123.829964,Lamudi scraper,False,9000.0,19.380030965286966,,17234.0,1462.8,10,4,3,11,0,2,0.1389,7252524.0,,,10577.8,11353.1,13685.1,14700.9,3570.9,1701.4,19772.9,9562.0,3786.8,2110.3,Lawaan II,9150.0,18750.0,,9.121618441915379
573,Lamudi,ceiling,House For Sale in Cebu,"Pristina North Talamban, Talamban Road, Cebu City, Lalawigan ng Cebu, Pilipinas",Cebu City,Single Detached,,149.0,4.0,3.0,16448179.0,10.3775706,123.9240851,Lamudi scraper,False,110390.46308724832,16.61572532995991,,9864.9,2968.8,3,1,0,5,1,0,0.0667,16950700.0,,,6984.1,5999.4,4024.9,7708.2,13748.7,17504.0,4344.1,26178.0,20158.0,18388.0,Bacayan,10250.0,,80000.0,9.235130540783402
574,Lamudi,ceiling,Villas For Sale in Cebu,"M.C. Briones, San Roque, Cebu City, Cebu, Central Visayas, PHL",Cebu City,Residential,,699.0,4.0,4.0,115000000.0,10.29261155,123.90219323,Lamudi scraper,False,164520.74391988554,18.560442686327523,,8556.8,2541.3,17,10,68,40,6,5,0.5651,239422836.0,,,2817.4,3812.3,5809.2,5866.1,5269.9,8768.3,11508.1,18355.1,12600.3,10825.4,Central,28125.0,90642.5,,10.244449694430193
575,Lamudi,ceiling,House For Sale in Banilad,"Maria Luisa Estate Park, Brgy, Gov. M. Cuenco Avenue, Cebu City, Lalawigan ng Cebu, Pilipinas",Cebu City,Single Detached,,255.0,5.0,4.0,39900000.0,10.3497665,123.9088391,Lamudi scraper,False,156470.58823529413,17.50188688186009,,9016.9,594.1,14,8,12,16,0,0,0.2136,83874357.0,,,3582.2,2585.1,1606.1,6145.2,10242.1,14001.3,6705.9,22813.3,16793.6,15004.9,Banilad,41500.0,92500.0,90000.0,10.633472802314019
576,Lamudi,ceiling,Condo For Sale in Cebu,"Cogon Pardo, Cebu City, Cebu, Central Visayas, PHL",Cebu City,Condominium,,33.0,1.0,1.0,7106400.0,10.269927,123.872523,Lamudi scraper,False,215345.45454545456,15.776506344437628,,12363.2,1409.8,1,0,0,3,1,0,0.0403,344391015.0,,,6361.5,7287.0,9557.9,9901.6,1507.4,4657.3,15496.5,14283.2,8660.1,6948.8,Cogon Pardo,17500.0,21500.0,92500.0,9.770013301136158
577,Lamudi,ceiling,Condo For Sale in Apas,"8WP6+F7Q, Gov. M. Cuenco Ave, Apas, Cebu City, 6000 Cebu, Philippines",Cebu City,Condominium,,55.0,1.0,1.0,13129244.0,10.336205,123.910597,Lamudi scraper,False,238713.52727272728,16.3903526665558,,8147.9,613.6,7,4,26,28,2,2,0.2404,28555431.0,,,2153.8,1180.1,1270.9,5116.2,9120.8,12882.5,7344.3,21943.7,15946.7,14140.9,Apas,28800.0,37300.0,125550.0,10.268165387743457
578,Lamudi,ceiling,Condo For Sale in Punta Engaño,"Punta Engano, Lapu-Lapu City, Cebu, Central Visayas, PHL",Lapu-Lapu City,Condominium,,67.0,1.0,1.0,27000000.0,10.32372,124.0372,Lamudi scraper,False,402985.0746268657,17.111347423968603,,6628.0,13976.1,3,0,0,1,0,0,0.0203,32801499.0,,,14558.3,14382.1,12876.5,9456.7,20342.4,23431.9,9947.0,33129.9,27643.1,25912.8,Punta Engaño,7000.0,13500.0,95000.0,8.853808274977197
579,Lamudi,ceiling,Condo For Sale in Camputhaw,"Molave, Camputhaw, Cebu City, Cebu, Central Visayas, PHL",Cebu City,Condominium,,49.0,2.0,2.0,14500000.0,10.321253,123.899376,Lamudi scraper,False,295918.36734693876,16.489659207390805,,8848.9,637.4,19,15,52,37,2,1,0.4682,27752427.0,,,653.0,926.0,3257.5,5749.6,7055.6,10816.4,9348.7,19935.5,13957.4,12147.5,Camputhaw,63000.0,74000.0,120000.0,11.050905878263567
580,Lamudi,ceiling,House For Sale in Danao,"Danao City, Lalawigan ng Cebu, Pilipinas",Danao City,Single Detached,,1115.0,15.0,11.0,120000000.0,10.5201259,124.0271202,Lamudi scraper,False,107623.31838565024,18.60300230074632,,24255.4,22366.6,8,2,1,7,2,2,0.1514,,,,26198.3,25271.5,23009.2,24407.8,33175.4,36937.6,17406.2,45503.0,39505.4,37764.8,Poblacion,2500.0,4500.0,,7.824445930877619
581,Lamudi,ceiling,House For Sale in Casili,"Katugasan Casili, Consolacion, Cebu, Pilipinas",Consolacion,Single Detached,,120.0,4.0,3.0,9800000.0,10.3715181,123.946092,Lamudi scraper,False,81666.66666666667,16.0978929436408,,8007.2,4153.4,6,2,2,6,0,0,0.0716,21608500.0,,,7518.9,6654.1,4328.3,6460.0,14621.8,18375.0,2013.6,27450.4,21442.9,19641.8,Casili,3650.0,,,8.202756381655638
582,Lamudi,ceiling,House For Sale in Pooc,"Pooc, Talisay City, Cebu, Central Visayas, PHL",Minglanilla,Single Detached,,287.0,4.0,4.0,18500000.0,10.23872522,123.8166797,Lamudi scraper,False,64459.93031358885,16.733281290048552,,19321.8,3693.1,6,1,0,4,0,0,0.0549,18769606.0,,,13009.6,13810.4,16143.4,16928.2,5908.2,2499.7,22220.4,7257.7,2291.3,1971.0,Tungkil,7000.0,8000.0,,8.853808274977197
583,Lamudi,ceiling,House For Sale in Bulacao,"1043-1043 Rio de Janeiro St, Bulacao, Talisay, Cebu, Central Visayas, PHL",Talisay City,Single Detached,,277.0,4.0,4.0,19800000.0,10.27057969,123.84466153,Lamudi scraper,False,71480.14440433212,16.801192495664765,,15249.9,966.5,11,2,13,10,1,0,0.1515,9868650.0,,,8375.9,9146.1,11478.2,12618.1,1563.0,2982.5,17566.3,11749.7,5864.9,4074.6,Bulacao,9000.0,35000.0,,9.105090961257085
584,Lamudi,ceiling,Commercial Lot For Sale in Pajo,"Lapu-Lapu, Lalawigan ng Cebu, Pilipinas",Lapu-Lapu City,Lot Only,,1032.0,,,45000000.0,10.3168646,123.9649095,Lamudi scraper,False,43604.651162790695,17.622173047734595,,1878.8,6722.1,8,2,16,7,3,3,0.2028,119200000.0,,,6636.5,6562.2,5540.9,1524.4,12632.7,15980.0,6633.6,25656.4,19967.3,18196.9,Pajo,10000.0,20000.0,,9.210440366976517
585,Lamudi,ceiling,Condo For Sale in Punta Engaño,"Aruga Resort and Residences – Mactan, Punta Engaño Road, Lapu-Lapu, Lalawigan ng Cebu, Pilipinas",Lapu-Lapu City,Condominium,,99.0,2.0,3.0,40589275.0,10.323479,124.0367989,Lamudi scraper,False,409992.6767676768,17.51901442711331,,6578.4,13939.7,3,0,0,1,0,0,0.0203,32001992.0,,,14513.3,14338.9,12837.4,9410.0,20292.8,23381.2,9927.6,33079.1,27593.0,25863.0,Punta Engaño,7000.0,13500.0,95000.0,8.853808274977197
586,Lamudi,ceiling,Land For Sale in Tejero,"U. Alviola Street, Cebu City, Lalawigan ng Cebu, Pilipinas",Cebu City,Residential,,501.0,,,17535000.0,10.3047589,123.9082282,Lamudi scraper,False,35000.0,16.679709441556415,,7746.1,2371.6,13,7,6,36,6,3,0.4165,9053751.0,,,1521.1,2456.3,4314.9,4821.5,6520.8,10138.5,10029.7,19632.0,13789.6,11992.4,Tejero (Villa Gonzalo),48000.0,69500.0,,10.778977123006351
587,Lamudi,ceiling,Condo For Sale in Apas,"I. Villa, Kasambagan, Cebu City, Cebu, Central Visayas, PHL",Cebu City,Condominium,,104.0,2.0,2.0,23000000.0,10.3319843,123.90827,Lamudi scraper,False,221153.84615384616,16.951004773893423,,8213.1,451.6,16,5,22,31,2,3,0.3121,24597329.0,,,1630.0,646.7,1739.8,5135.9,8595.3,12355.7,7835.4,21446.0,15455.4,13647.8,Apas,28800.0,37300.0,125550.0,10.268165387743457
588,Lamudi,ceiling,Villas For Sale in Cebu,"Monterrazas Prime (Phase 1), Cebu City, Cebu, Pilipinas",Cebu City,Residential,,485.0,4.0,4.0,69300000.0,10.3232233,123.8647932,Lamudi scraper,False,142886.59793814432,18.053955464160133,,12619.4,2791.2,0,0,0,0,0,0,0.0,,,,4357.7,4498.9,6464.4,9530.0,5747.3,9216.3,12343.8,17333.3,11322.4,9578.6,Guadalupe,23700.0,29550.0,84000.0,10.073272520325904
589,Lamudi,ceiling,Condo For Sale in Maribago,"Buyong Road, Maribago, Lapu-Lapu City, Cebu, Central Visayas, PHL",Lapu-Lapu City,Condominium,,102.0,2.0,2.0,19500000.0,10.28986648,124.00575829,Lamudi scraper,False,191176.4705882353,16.785925023533974,,3505.3,12074.6,2,0,0,0,0,1,0.0177,17634239.0,,,11533.0,11681.5,10917.1,6512.3,16193.3,18956.0,10672.6,28577.8,23336.2,21677.7,Mactan,5000.0,10500.0,107500.0,8.517393171418904
590,Lamudi,ceiling,House For Sale in Pooc,"Corona Del Mar Subdivision Clubhouse, Talisay, Lalawigan ng Cebu, Pilipinas",Minglanilla,Single Detached,,338.0,4.0,4.0,21880000.0,10.2383121,123.8167307,Lamudi scraper,False,64733.72781065089,16.901083535518055,,19334.8,3717.5,6,1,0,4,0,0,0.0549,18558356.0,,,13036.7,13839.1,16172.0,16946.0,5932.6,2506.3,22248.1,7241.0,2313.4,2016.2,Tungkil,7000.0,8000.0,,8.853808274977197
591,Lamudi,ceiling,Condo For Sale in Cebu,"Cebu City, Lalawigan ng Cebu, Pilipinas",Cebu City,Condominium,,57.0,1.0,2.0,8500000.0,10.3156992,123.8854366,Lamudi scraper,False,149122.80701754385,15.955576721460544,,10278.3,393.1,15,8,24,23,0,4,0.2713,48891313.0,,,2072.6,2538.9,4824.6,7215.8,5674.1,9430.1,10917.0,18370.0,12373.0,10566.8,Guadalupe,23700.0,29550.0,84000.0,10.073272520325904
592,Lamudi,ceiling,Land For Sale in Pooc,"6RR9+CP Talisay, Cebu, Philippines",Talisay City,Residential,,410.0,,,7400000.0,10.241117,123.819307,Lamudi scraper,False,18048.780487804877,15.816990558174398,,18953.2,3302.7,5,1,0,6,0,0,0.0532,20337765.0,,,12618.0,13419.1,15752.1,16547.2,5517.7,2162.4,21828.8,7637.3,2488.4,1849.9,Pooc,11800.0,14000.0,,9.375939552625749
593,Lamudi,ceiling,House For Sale in Banawa,"Arcenas Estate R. Arcenas Street, Lungsod ng Cebu, Lalawigan ng Cebu, Pilipinas",Cebu City,Single Detached,,400.0,4.0,4.0,40084000.0,10.309521,123.876054,Lamudi scraper,False,100210.0,17.50648781016036,,11264.2,960.0,5,1,3,9,0,0,0.0632,18077939.0,,,3221.6,3771.0,6058.6,8251.5,4589.2,8311.4,12148.7,17144.6,11142.8,9338.2,Guadalupe,23700.0,29550.0,84000.0,10.073272520325904
594,Lamudi,ceiling,Warehouse For Sale in Tabla,"Consolacion, Cebu, Pilipinas",Liloan,Single Detached,,26000.0,,,530000000.0,10.4367842,123.9415518,Lamudi scraper,False,20384.615384615383,20.08838756451044,,14980.7,9804.7,0,0,0,0,0,0,0.0,19502344.0,,,13837.9,12849.7,10832.3,13733.4,20446.4,24167.1,7129.5,32404.3,26434.7,24724.0,San Roque,2000.0,,,7.601402334583733
595,Lamudi,ceiling,Condo For Sale in Cebu,"1119 Middle Nivel Hills Rd, Cebu City, 6000 Cebu, Philippines",Cebu City,Condominium,,88.0,2.0,2.0,15000000.0,10.342605,123.896352,Lamudi scraper,False,170454.54545454544,16.523560759066484,,9860.6,1307.4,1,0,0,2,0,0,0.0103,15140812.0,,,2883.3,2044.9,2686.6,6824.8,8869.8,12607.0,8284.0,21279.1,15257.6,13476.9,Lahug,30000.0,57000.0,115000.0,10.308985993422082
596,Lamudi,ceiling,Condo For Sale in Punta Engaño,"Mövenpick Cebu, Lapu-Lapu City, Lalawigan ng Cebu, Pilipinas",Lapu-Lapu City,Condominium,,200.0,3.0,3.0,30000000.0,10.3100786,124.0233764,Lamudi scraper,False,150000.0,17.216707939626428,,4866.5,12984.1,0,0,2,1,4,0,0.1157,11876200.0,,,13060.5,12998.6,11743.9,7888.2,18491.0,21476.4,9851.7,31157.8,25751.7,24044.0,Punta Engaño,7000.0,13500.0,95000.0,8.853808274977197
597,Lamudi,ceiling,Condo For Sale in Cebu,"Citylights Garden Tower 3, City Lights, Busay, Cebu City, Lalawigan ng Cebu, Pilipinas",Cebu City,Condominium,,140.0,3.0,2.0,18500000.0,10.3464116,123.8978353,Lamudi scraper,False,132142.85714285713,16.733281290048552,,9891.2,1331.2,1,0,0,1,0,0,0.0082,16484171.0,,,3250.6,2355.6,2579.8,6896.0,9320.3,13054.9,7952.6,21693.1,15671.6,13895.1,Busay,8500.0,5500.0,120000.0,9.04793908261736
598,Lamudi,ceiling,Condo For Sale in Lahug,"Saint Lawrence, Lahug, Cebu City, Cebu, Central Visayas, PHL",Cebu City,Condominium,,24.0,1.0,1.0,2490000.0,10.32993482,123.9026736,Lamudi scraper,False,103750.0,14.727793268440893,,8723.4,406.3,22,6,21,34,2,5,0.3748,26205252.0,,,1352.9,492.4,2372.0,5625.6,8040.1,11804.3,8456.5,20831.8,14834.4,13028.6,Lahug,30000.0,57000.0,115000.0,10.308985993422082
599,Lamudi,ceiling,Condo For Sale in Maribago,"Buyong Road, Maribago, Lapu-Lapu City, Cebu, Central Visayas, PHL",Lapu-Lapu City,Condominium,,37.0,,1.0,6500000.0,10.28986648,124.00575829,Lamudi scraper,False,175675.67567567568,15.687312734865866,,3505.3,12074.6,2,0,0,0,0,1,0.0177,17976345.0,,,11533.0,11681.5,10917.1,6512.3,16193.3,18956.0,10672.6,28577.8,23336.2,21677.7,Mactan,5000.0,10500.0,107500.0,8.517393171418904
600,Lamudi,ceiling,Residential Lot For Sale in Cebu,"Beverly Hills Lahug Cebu City, Unnamed Road, Cebu City, Lalawigan ng Cebu, Pilipinas",Cebu City,Lot Only,,785.0,,,62800000.0,10.3331125,123.8896094,Lamudi scraper,False,80000.0,17.955465631438425,,10193.9,1317.1,3,1,2,4,0,2,0.0503,22844404.0,,,2332.4,1905.1,3546.6,7093.6,7594.7,11324.7,9440.6,20013.5,13993.1,12207.1,Lahug,30000.0,57000.0,115000.0,10.308985993422082
601,Lamudi,ceiling,Land For Sale in Cebu,"15c Turquoise St, Cebu City, Cebu, Philippines",Cebu City,Residential,,613.0,,,18473000.0,10.36171,123.911374,Lamudi scraper,False,30135.399673735727,16.731820764540775,,9563.6,962.8,4,0,4,18,0,0,0.0676,23182778.0,,,4936.8,3939.2,2475.4,6905.7,11522.9,15272.5,5964.6,23944.2,17923.1,16149.0,Talamban,26375.0,68100.0,117500.0,10.180209784751566
602,Lamudi,ceiling,Commercial For Sale in Tipolo,"Tipolo, Mandaue, Lalawigan ng Cebu, Pilipinas",Mandaue City,Residential,,2004.0,,,90180000.0,10.3286455,123.9306138,Lamudi scraper,False,45000.0,18.317318230957213,,5805.1,2807.5,8,6,27,24,4,2,0.3147,117408365.0,,,3122.7,2726.7,1782.9,2816.2,10071.8,13737.2,6441.8,23153.2,17243.4,15434.6,Tipolo,21150.0,41250.0,60000.0,9.959442464680574
603,Lamudi,ceiling,Condo For Sale in Agus,"Agus Road, Marigondon, Lapu-Lapu City, Cebu, Central Visayas, PHL",Lapu-Lapu City,Condominium,,25.0,1.0,1.0,4468775.0,10.28410958,123.97552209,Lamudi scraper,False,178751.0,15.3126248798144,,2594.3,9530.5,4,1,4,5,0,2,0.0609,11740105.0,,,8653.5,8982.5,8744.4,4216.4,12833.6,15599.3,10354.6,25242.1,19967.5,18308.7,Basak,10000.0,15000.0,62500.0,9.210440366976517
604,Lamudi,ceiling,Condo For Sale in Maribago,"Buyong Road, Lungsod ng Lapu-Lapu, Lalawigan ng Cebu, Pilipinas",Lapu-Lapu City,Condominium,,102.0,2.0,1.0,23419200.0,10.2907917,124.002551,Lamudi scraper,False,229600.0,16.96906675671182,,3157.4,11715.9,2,0,0,0,0,1,0.0177,16721436.0,,,11167.3,11316.8,10565.0,6150.1,15858.5,18646.3,10432.3,28278.7,23015.0,21351.1,Maribago,4125.0,9750.0,112500.0,8.325063693631197
605,Lamudi,ceiling,Residential Lot For Sale in Banilad,"Banilad, Cebu City, Lalawigan ng Cebu, Pilipinas",Cebu City,Lot Only,,1091.0,,,98000000.0,10.3518061,123.9053005,Lamudi scraper,False,89825.84784601284,18.400478036634848,,9465.4,856.4,6,5,2,7,0,0,0.1038,90213217.0,,,3775.5,2790.4,2053.6,6586.9,10237.1,13986.4,6962.3,22694.6,16673.1,14892.8,Banilad,41500.0,92500.0,90000.0,10.633472802314019
606,Lamudi,ceiling,Condo For Sale in Mandaue,"Subangdaku, Cebu City, Cebu, Central Visayas, PHL",Mandaue City,Condominium,,46.0,1.0,1.0,12650000.0,10.31183708,123.92724037,Lamudi scraper,False,275000.0,16.353167773137802,,5684.9,3431.0,1,0,4,9,4,0,0.1413,65876602.0,,,2602.5,2873.4,3372.0,2646.7,8699.5,12243.7,8228.1,21808.2,15997.3,14204.4,Subangdaku,23575.0,68750.0,132500.0,10.06798452441753
607,Lamudi,ceiling,Penthouse For Sale in Cebu Business Park,"Luzon Avenue, Hippodromo, Cebu City, Cebu, Central Visayas, PHL",Cebu City,Single Detached,,250.0,3.0,3.0,85000000.0,10.31700135,123.90449353,Lamudi scraper,False,340000.0,18.258161814454592,,8222.5,1241.9,19,18,52,47,2,5,0.5418,25389699.0,,,99.9,1089.1,3262.4,5140.9,7077.2,10810.8,9265.9,20083.4,14141.3,12330.6,Luz,51250.0,206750.0,164500.0,10.844490409005417
608,Lamudi,ceiling,Condo For Sale in Cebu Business Park,"Cebu Business Park, Cebu City, Lalawigan ng Cebu, Pilipinas",Cebu City,Condominium,,65.0,1.0,1.0,12000000.0,10.3173504,123.9059978,Lamudi scraper,False,184615.38461538465,16.300417207752275,,8064.8,1280.7,16,17,48,44,2,5,0.5024,26879046.0,,,199.3,1041.7,3141.7,4979.8,7221.3,10949.7,9123.5,20238.1,14299.7,12489.2,Luz,51250.0,206750.0,164500.0,10.844490409005417
609,Lamudi,ceiling,House For Sale in Tamiao,"Tamiao, Compostela, Cebu, Central Visayas, PHL",Compostela,Single Detached,,,2.0,1.0,6130000.0,10.44724499,123.98910129,Lamudi scraper,False,,15.628705307912394,,15612.6,13365.2,0,0,0,0,0,0,0.0,4823143.0,,,17119.6,16207.9,13924.4,15417.4,24149.0,27913.4,8338.1,36691.6,30672.7,28903.7,Cabadiangan,750.0,,,6.621405651764134
610,Lamudi,ceiling,Condo For Sale in Punta Engaño,"Punta Engaño, Lapu-Lapu, Lalawigan ng Cebu, Pilipinas",Lapu-Lapu City,Condominium,,67.0,1.0,1.0,31000000.0,10.3231321,124.0349024,Lamudi scraper,False,462686.5671641791,17.24949776244942,,6368.4,13747.6,3,0,0,1,0,0,0.0203,32201769.0,,,14304.4,14132.5,12638.7,9199.5,20082.9,23174.5,9784.8,32873.0,27383.9,25653.3,Punta Engaño,7000.0,13500.0,95000.0,8.853808274977197
611,Lamudi,ceiling,Land For Sale in Santa Cruz,"J. Llorente Street, Cebu City, Lalawigan ng Cebu, Pilipinas",Cebu City,Residential,,735.0,,,115000000.0,10.3110072,123.8939863,Lamudi scraper,False,156462.5850340136,18.560442686327523,,9309.1,680.5,23,22,56,53,0,2,0.5515,22874580.0,,,1357.8,2170.6,4490.5,6283.8,5804.4,9557.6,10552.4,18765.4,12815.7,11004.8,Capitol Site,46000.0,73000.0,95000.0,10.736418414365376
612,Lamudi,ceiling,House For Sale in Cebu Business Park,"Monterrazas De Cebu, Cebu City, Lalawigan ng Cebu, Pilipinas",Cebu City,Single Detached,,468.0,5.0,3.0,54867000.0,10.319731,123.9064672,Lamudi scraper,False,117237.17948717948,17.82042263285482,,8055.5,1092.5,17,14,54,48,2,6,0.4998,26432683.0,,,318.6,780.5,2890.2,4957.7,7444.9,11181.2,8898.2,20439.1,14490.3,12679.3,Luz,51250.0,206750.0,164500.0,10.844490409005417
613,Lamudi,ceiling,Land For Sale in Labangon,"Labangon, Cebu City, Cebu, Philippines",Cebu City,Residential,,5548.0,,,554800000.0,10.2989677,123.8813181,Lamudi scraper,False,100000.0,20.134118246404952,,10724.5,403.9,12,9,3,15,0,4,0.2207,4504458.0,,,3273.0,4083.2,6412.2,7835.0,3886.6,7647.7,12479.3,16851.6,10921.7,9112.4,Labangon,20000.0,28046.0,92500.0,9.90353755128617
614,Lamudi,ceiling,Condo For Sale in Cebu,"Cogon Pardo, Cebu City, Cebu, Central Visayas, PHL",Cebu City,Condominium,,29.0,2.0,1.0,5703884.0,10.269927,123.872523,Lamudi scraper,False,196685.6551724138,15.556657904263586,,12363.2,1409.8,1,0,0,3,1,0,0.0403,344518516.0,,,6361.5,7287.0,9557.9,9901.6,1507.4,4657.3,15496.5,14283.2,8660.1,6948.8,Cogon Pardo,17500.0,21500.0,92500.0,9.770013301136158
615,Lamudi,ceiling,House For Sale in Lagtang,"Kishanta Subdivision, Lagtang, Talisay City, Cebu, Central Visayas, PHL",Talisay City,Single Detached,,609.0,7.0,6.0,45000000.0,10.27005547,123.83151904,Lamudi scraper,False,73891.62561576355,17.622173047734595,,16654.3,1737.1,5,0,0,0,0,0,0.0303,27057854.0,,,9570.2,10279.8,12598.4,13979.2,3001.2,2962.8,18694.7,10588.3,4604.4,2793.5,Lagtang,8000.0,16000.0,,8.987321812850125
616,Lamudi,ceiling,Townhouse For Sale in San Vicente,"San Vicente, Liloan, Cebu, Central Visayas, PHL",Liloan,Single Detached,,,2.0,1.0,1890000.0,10.40340077,123.9806382,Lamudi scraper,False,,14.452087387035824,,10699.7,9267.7,3,1,0,1,0,0,0.0303,4670000.0,,,12659.5,11822.8,9490.6,10480.6,19781.4,23525.2,3512.2,32629.7,26619.6,24820.2,San Vicente,2500.0,4000.0,,7.824445930877619
617,Lamudi,ceiling,Studio For Sale in Mactan,"Mactan, Lapu-Lapu City, Cebu, Central Visayas, PHL",Lapu-Lapu City,Residential,,52.0,1.0,1.0,12800000.0,10.29851722,124.0156887,Lamudi scraper,False,246153.84615384616,16.364955728889846,,4129.1,12625.8,1,0,1,0,1,0,0.035,13503543.0,,,12379.4,12427.6,11419.8,7235.8,17409.5,20269.6,10365.7,29919.4,24609.3,22929.1,Mactan,5000.0,10500.0,107500.0,8.517393171418904
618,Lamudi,ceiling,House For Sale in Talamban,"Talamban, Cebu City, Cebu, Philippines",Cebu City,Single Detached,,2454.0,8.0,8.0,61350000.0,10.3670682,123.9173923,Lamudi scraper,False,25000.0,17.932105729121194,,9472.8,1615.2,6,0,7,16,1,2,0.118,25308097.0,,,5656.4,4663.7,2867.4,7006.1,12370.6,16125.7,5182.2,24830.5,18809.3,17033.8,Talamban,26375.0,68100.0,117500.0,10.180209784751566
619,Lamudi,ceiling,Condo For Sale in Cebu Business Park,"Cebu Business Park, Lungsod ng Cebu, Lalawigan ng Cebu, Pilipinas",Cebu City,Condominium,,,4.0,4.0,120000000.0,10.3173504,123.9059978,Lamudi scraper,False,,18.60300230074632,,8064.8,1280.7,16,17,48,44,2,5,0.5024,25679046.0,,,199.3,1041.7,3141.7,4979.8,7221.3,10949.7,9123.5,20238.1,14299.7,12489.2,Luz,51250.0,206750.0,164500.0,10.844490409005417
620,Lamudi,ceiling,Townhouse For Sale in Cebu,"San Jose Road, Cebu City, Lalawigan ng Cebu, Pilipinas",Cebu City,Single Detached,,115.0,3.0,2.0,6500000.0,10.3757455,123.9152302,Lamudi scraper,False,56521.739130434784,15.687312734865866,,10332.3,2518.8,7,1,5,5,0,2,0.0803,20624970.0,,,6546.7,5549.3,3856.7,7955.6,13092.7,16830.9,5311.8,25366.4,19351.8,17594.4,Talamban,26375.0,68100.0,117500.0,10.180209784751566
621,Lamudi,ceiling,Condo For Sale in Banilad,"Banilad, Mandaue, Lalawigan ng Cebu, Pilipinas",Mandaue City,Condominium,,35.0,2.0,1.0,25000.0,10.341872,123.9178507,Lamudi scraper,True,714.2857142857143,10.126631103850338,,7720.5,922.0,18,6,22,25,0,0,0.2492,20053128.0,,,3055.6,2142.0,334.6,4825.4,10109.9,13868.0,6331.2,22956.3,16960.0,15154.0,Banilad,16115.0,22350.0,102500.0,9.687567846311238
622,Lamudi,ceiling,Offices For Sale in Kasambagan,"Salinas Drive, Luz, Cebu City, Cebu, Central Visayas, PHL",Cebu City,Residential,,102.0,,,16900000.0,10.32748553,123.90513439,Lamudi scraper,False,165686.27450980392,16.642824179893303,,8388.8,551.1,21,6,36,42,4,4,0.454,27734355.0,,,1073.7,109.9,2324.1,5285.9,7990.7,11750.3,8419.1,20862.2,14877.8,13068.9,Lahug,30000.0,57000.0,115000.0,10.308985993422082
623,Lamudi,ceiling,Condo For Sale in Cebu,"Le Menda Residences Nivel Hills, GMA Access Road, Busay, Cebu City, Lalawigan ng Cebu, Pilipinas",Cebu City,Condominium,,50.0,1.0,1.0,6500000.0,10.3460355,123.8965845,Lamudi scraper,False,130000.0,15.687312734865866,,9996.1,1452.6,1,0,0,1,0,0,0.0082,15090184.0,,,3242.5,2371.4,2705.6,6990.9,9221.1,12951.3,8094.4,21567.1,15545.9,13771.0,Busay,8500.0,5500.0,120000.0,9.04793908261736
624,Lamudi,ceiling,Condo For Sale in Apas,"38 Park Avenue Condominium, India St, Apas, Lungsod ng Cebu, Lalawigan ng Cebu, Pilipinas",Cebu City,Condominium,,54.0,1.0,1.0,13393855.0,10.3320181,123.9082723,Lamudi scraper,False,248034.35185185185,16.410306577650665,,8214.1,449.3,16,4,22,31,2,3,0.3021,24754807.0,,,1633.7,650.2,1737.4,5137.2,8598.3,12358.8,7832.8,21448.6,15457.9,13650.3,Apas,28800.0,37300.0,125550.0,10.268165387743457
625,Lamudi,ceiling,House For Sale in Talisay,"Kishanta Subdivision, Talisay, Lalawigan ng Cebu, Pilipinas",Talisay City,Single Detached,,609.0,7.0,7.0,45000000.0,10.2754314,123.8320574,Lamudi scraper,False,73891.62561576355,17.622173047734595,,16458.6,2155.9,2,0,0,0,0,0,0.0121,33899569.0,,,9200.8,9876.5,12183.1,13727.2,2962.2,3529.5,18275.5,11030.9,5018.0,3220.6,Lagtang,8000.0,16000.0,,8.987321812850125
626,Lamudi,ceiling,Condo For Sale in Cebu,"Guadalupe, Cebu City, Lalawigan ng Cebu, Pilipinas",Cebu City,Condominium,,20.0,,1.0,2800000.0,10.3156173,123.8854377,Lamudi scraper,False,140000.0,14.845129975145433,,10277.3,387.9,15,8,26,23,0,4,0.2737,49064040.0,,,2073.6,2543.2,4829.9,7215.4,5666.3,9422.5,10922.6,18364.2,12367.4,10561.1,Guadalupe,23700.0,29550.0,84000.0,10.073272520325904
627,Lamudi,ceiling,Condo For Sale in Tejero,"Galleria Residences Cebu (Tower 2), General Maxilom Avenue Extension, Lungsod ng Cebu, Lalawigan ng Cebu, Pilipinas",Cebu City,Condominium,,34.0,1.0,1.0,8937511.0,10.3032921,123.9109581,Lamudi scraper,False,262867.9705882353,16.005767696752873,,7455.4,2695.8,9,4,3,21,8,2,0.3765,10854375.0,,,1779.0,2665.9,4386.4,4568.0,6683.4,10259.3,9984.2,19794.5,13978.7,12186.8,Tejero (Villa Gonzalo),48000.0,69500.0,,10.778977123006351
628,Lamudi,ceiling,Condo For Sale in Agus,"Agus Road, Marigondon, Lapu-Lapu City, Cebu, Central Visayas, PHL",Lapu-Lapu City,Condominium,,25.0,1.0,1.0,4419051.0,10.28410958,123.97552209,Lamudi scraper,False,176762.04,15.30143552511892,,2594.3,9530.5,4,1,4,5,0,2,0.0609,11740759.0,,,8653.5,8982.5,8744.4,4216.4,12833.6,15599.3,10354.6,25242.1,19967.5,18308.7,Basak,10000.0,15000.0,62500.0,9.210440366976517
629,Lamudi,ceiling,House For Sale in Pajo,"16 Small Rd, Lapu-Lapu City, Cebu, Philippines",Lapu-Lapu City,Single Detached,,157.0,4.0,4.0,18500000.0,10.30901214,123.95905606,Lamudi scraper,False,117834.3949044586,16.733281290048552,,2190.2,6547.5,11,2,19,20,6,3,0.3357,119200000.0,,,6075.6,6153.3,5522.1,987.3,11711.8,14993.0,7523.5,24684.1,19042.9,17285.3,Pajo,10000.0,20000.0,,9.210440366976517
630,Lamudi,ceiling,Condo For Sale in Punta Engaño,"Punta Engano, Lapu-Lapu City, Cebu, Central Visayas, PHL",Lapu-Lapu City,Condominium,,71.0,2.0,2.0,7500000.0,10.33005475,124.04013073,Lamudi scraper,False,105633.8028169014,15.83041357850654,,7155.5,14142.8,3,0,0,1,0,0,0.0203,31631135.0,,,14925.8,14703.4,13106.2,9880.5,20857.6,23999.9,9819.4,33703.0,28173.0,26431.8,Punta Engaño,7000.0,13500.0,95000.0,8.853808274977197
631,Lamudi,ceiling,Condo For Sale in Lapu-Lapu,"72V6+397, Maribago, Lapu-Lapu City, Cebu, Philippines",Lapu-Lapu City,Condominium,,40.0,,,7800000.0,10.29176178,124.01060242,Lamudi scraper,False,195000.0,15.86963429165982,,3860.6,12441.5,1,0,0,0,0,0,0.0061,11923703.0,,,11991.3,12109.9,11266.2,6923.0,16745.9,19523.1,10725.4,29147.3,23898.6,22236.8,Mactan,5000.0,10500.0,107500.0,8.517393171418904
632,Lamudi,ceiling,Condo For Sale in Agus,"Agus Road, Marigondon, Lapu-Lapu City, Cebu, Central Visayas, PHL",Lapu-Lapu City,Condominium,,22.0,1.0,1.0,3673557.0,10.28410958,123.97552209,Lamudi scraper,False,166979.86363636365,15.116670960459452,,2594.3,9530.5,4,1,4,5,0,2,0.0609,11750569.0,,,8653.5,8982.5,8744.4,4216.4,12833.6,15599.3,10354.6,25242.1,19967.5,18308.7,Basak,10000.0,15000.0,62500.0,9.210440366976517
633,Lamudi,ceiling,Land For Sale in Talamban,"Talamban, Cebu City, Cebu, Philippines",Cebu City,Residential,,486.0,,,14645000.0,10.3670682,123.9173923,Lamudi scraper,False,30133.744855967077,16.49960953824397,,9472.8,1615.2,6,0,7,16,1,2,0.118,26814710.0,,,5656.4,4663.7,2867.4,7006.1,12370.6,16125.7,5182.2,24830.5,18809.3,17033.8,Talamban,26375.0,68100.0,117500.0,10.180209784751566
634,Lamudi,ceiling,Land For Sale in Maribago,"La Fermin Place, Maribago, Lapu-Lapu City, Cebu, Central Visayas, PHL",Lapu-Lapu City,Residential,,241.0,,,4338000.0,10.28881307,124.00380072,Lamudi scraper,False,18000.0,15.282923970368955,,3397.6,11932.7,2,0,0,0,0,1,0.0177,17896490.0,,,11359.7,11523.5,10798.7,6367.2,15966.6,18718.5,10689.0,28337.5,23102.5,21446.4,Maribago,4125.0,9750.0,112500.0,8.325063693631197
635,Lamudi,ceiling,House For Sale in Yati,"Yati, Liloan, Lalawigan ng Cebu, Pilipinas",Liloan,Single Detached,,83.0,3.0,2.0,6376400.0,10.3914167,123.9777887,Lamudi scraper,False,76824.09638554217,15.668114232741628,,9366.5,8262.9,4,1,0,2,0,0,0.0385,250617500.0,,,11470.9,10668.8,8338.5,9117.2,18598.4,22327.5,2256.5,31519.5,25522.1,23717.0,Yati,3000.0,3500.0,,8.006700845440367
636,Lamudi,ceiling,Townhouse For Sale in Carcar,"Liburon, Carcar, Cebu, Central Visayas, PHL",Carcar City,Single Detached,,,2.0,1.0,2350000.0,10.11474452,123.6429778,Lamudi scraper,False,,14.669925886120344,,42544.4,27173.3,0,0,0,0,0,0,0.0,,,,36436.8,37182.1,39504.9,40349.5,29386.5,25827.7,45601.5,16321.0,22321.4,24123.1,Poblacion III,7500.0,15000.0,,8.922791623969637
637,Lamudi,ceiling,Condo For Sale in Kasambagan,"The Academy for International Culinary Arts, Kasambagan, Cebu City, Cebu, Central Visayas, PHL",Cebu City,Condominium,,104.0,2.0,3.0,31498000.0,10.32436564,123.9093657,Lamudi scraper,False,302865.3846153846,17.265434609716664,,7852.5,1064.8,10,9,48,44,4,2,0.4249,28965079.0,,,913.6,472.7,2285.4,4746.2,8036.2,11777.7,8310.2,21005.3,15044.9,13234.0,Kasambagan,30000.0,34500.0,115000.0,10.308985993422082
638,Lamudi,ceiling,House For Sale in Pooc,"Corona Del Mar Subdivision Clubhouse, Talisay, Lalawigan ng Cebu, Pilipinas",Minglanilla,Single Detached,,123.0,4.0,3.0,14322000.0,10.2383121,123.8167307,Lamudi scraper,False,116439.0243902439,16.47730737454902,,19334.8,3717.5,6,1,0,4,0,0,0.0549,19030731.0,,,13036.7,13839.1,16172.0,16946.0,5932.6,2506.3,22248.1,7241.0,2313.4,2016.2,Tungkil,7000.0,8000.0,,8.853808274977197
639,Lamudi,ceiling,Land For Sale in Banilad,"Banilad, Cebu City, Cebu, Pilipinas",Cebu City,Residential,,316.0,,,20540000.0,10.3506292,123.9135389,Lamudi scraper,False,65000.0,16.837884762464686,,8636.8,291.9,15,8,14,34,0,0,0.2606,82233098.0,,,3781.8,2791.7,1293.9,5833.0,10604.5,14368.0,6204.2,23252.8,17235.9,15442.5,Talamban,26375.0,68100.0,117500.0,10.180209784751566
640,Lamudi,ceiling,Condo For Sale in Mandaue,"F.E. Zuellig Avenue, Mandaue City, 6014 Cebu, Philippines",Mandaue City,Condominium,,,1.0,1.0,13500000.0,10.317525,123.9319452,Lamudi scraper,False,,16.41820024340866,,5273.4,3493.9,4,2,8,13,6,1,0.254,156431173.0,,,3029.6,3040.9,2928.6,2167.4,9469.2,13039.3,7426.6,22581.3,16747.1,14949.2,Subangdaku,23575.0,68750.0,132500.0,10.06798452441753
641,Lamudi,ceiling,Condo For Sale in Tangke,"Tangke Barangay Hall, Talisay, Lalawigan ng Cebu, Pilipinas",Talisay City,Condominium,,53.0,2.0,1.0,6430058.0,10.2508661,123.8611512,Lamudi scraper,False,121321.84905660378,15.676494116390849,,14333.5,1920.4,8,2,2,9,0,0,0.0902,11600000.0,,,8817.3,9744.7,12012.6,12089.7,2348.0,2550.9,17924.0,12234.7,7022.5,5539.5,Tangke,7500.0,11750.0,15000.0,8.922791623969637
642,Lamudi,ceiling,House For Sale in Cebu,"Arcenas Estate R. Arcenas Street, Lungsod ng Cebu, Lalawigan ng Cebu, Pilipinas",Cebu City,Single Detached,,202.0,4.0,3.0,34828866.0,10.3097523,123.874393,Lamudi scraper,False,172420.1287128713,17.365957083672622,,11446.5,1097.0,4,0,3,9,0,0,0.0471,15232985.0,,,3389.1,3916.2,6191.9,8431.6,4541.7,8246.4,12277.2,17025.5,11019.1,9216.7,Guadalupe,23700.0,29550.0,84000.0,10.073272520325904
643,Lamudi,ceiling,Condo For Sale in Kasambagan,"MLD Building, Governor Mariano Cuenco Avenue corner Paseo Saturnino Street, Kasambagan, Cebu City, Cebu, Central Visayas, PHL",Cebu City,Condominium,,35.0,1.0,1.0,7985419.0,10.32962093,123.90970479,Lamudi scraper,False,228154.82857142857,15.893127811642172,,7979.4,749.5,14,7,22,37,2,3,0.3329,25326333.0,,,1436.5,538.6,1801.2,4890.9,8494.4,12248.4,7885.7,21399.2,15419.6,13610.1,Kasambagan,30000.0,34500.0,115000.0,10.308985993422082
644,Lamudi,ceiling,Offices For Sale in Kasambagan,"Meridian by AVENIR, Golam Drive, Cebu City, Lalawigan ng Cebu, Pilipinas",Cebu City,Residential,,29.0,,,4800000.0,10.3241324,123.9098848,Lamudi scraper,False,165517.24137931035,15.38412647587812,,7791.1,1126.9,8,9,47,41,4,2,0.4052,32424803.0,,,929.9,534.5,2276.6,4684.8,8056.6,11795.5,8287.9,21034.1,15076.4,13265.4,Kasambagan,30000.0,34500.0,115000.0,10.308985993422082
645,Lamudi,ceiling,Condo For Sale in Mactan,"The Reef Island Resort Mactan, Cebu, Dapdap, Lapu-Lapu, Lalawigan ng Cebu, Pilipinas",Lapu-Lapu City,Condominium,,67.0,1.0,1.0,18000000.0,10.2987618,124.0157325,Lamudi scraper,False,268656.7164179105,16.70588231586044,,4127.5,12619.6,1,0,1,0,1,0,0.035,13132114.0,,,12379.4,12425.4,11412.8,7234.2,17418.9,20282.2,10345.6,29933.1,24620.4,22939.5,Mactan,5000.0,10500.0,107500.0,8.517393171418904
646,Lamudi,ceiling,Condo For Sale in Maribago,"Buyong Road, Maribago, Lapu-Lapu City, Cebu, Central Visayas, PHL",Lapu-Lapu City,Condominium,,60.0,1.0,1.0,10000000.0,10.28979303,124.00498185,Lamudi scraper,False,166666.66666666666,16.11809565095832,,3439.2,12003.9,2,0,0,0,0,1,0.0177,17751310.0,,,11453.5,11604.9,10849.3,6438.2,16108.0,18872.0,10643.7,28494.6,23251.4,21592.7,Maribago,4125.0,9750.0,112500.0,8.325063693631197
647,Lamudi,ceiling,Townhouse For Sale in Sacsac,"Cabangahan, Consolacion, Cebu, Central Visayas, PHL",Consolacion,Single Detached,,71.0,3.0,2.0,3020000.0,10.39946697,123.9250001,Lamudi scraper,False,42535.211267605635,14.920767389351052,,11838.9,5309.4,5,0,0,1,0,0,0.0324,12414745.0,,,9352.9,8358.7,6460.1,9968.2,15925.6,19654.6,4951.0,28048.5,22050.1,20313.7,Cabangahan,1700.0,,,7.438971592395862
648,Lamudi,ceiling,House For Sale in Babag,"7W9G+PW Lapu-Lapu City, Cebu, Philippines",Lapu-Lapu City,Single Detached,,1600.0,8.0,6.0,25000000.0,10.26931,123.927355,Lamudi scraper,False,15625.0,17.034386382832476,,7046.7,6252.3,0,0,0,0,0,0,0.0,,,,5961.6,6806.3,8059.5,5586.8,7496.7,10079.4,12569.0,19726.7,14477.3,12852.2,Calawisan,3350.0,9000.0,,8.11701408773731
649,Lamudi,ceiling,Condo For Sale in Punta Engaño,"Punta Engano, Lapu-Lapu City, Cebu, Central Visayas, PHL",Lapu-Lapu City,Condominium,,65.0,2.0,2.0,5900000.0,10.33005475,124.04013073,Lamudi scraper,False,90769.23076923077,15.590462908875947,,7155.5,14142.8,3,0,0,1,0,0,0.0203,31667499.0,,,14925.8,14703.4,13106.2,9880.5,20857.6,23999.9,9819.4,33703.0,28173.0,26431.8,Punta Engaño,7000.0,13500.0,95000.0,8.853808274977197
650,Lamudi,ceiling,Condo For Sale in Cebu,"Le Menda Residences Showroom, Cebu City, Lalawigan ng Cebu, Pilipinas",Cebu City,Condominium,,,1.0,1.0,5850785.0,10.3483415,123.8889389,Lamudi scraper,False,,15.582086398239818,,10861.9,2326.2,1,0,0,1,0,0,0.0082,15919196.0,,,3780.0,3028.2,3576.3,7842.7,9117.3,12795.2,8765.9,21176.8,15163.6,13411.2,Busay,8500.0,5500.0,120000.0,9.04793908261736
651,Lamudi,ceiling,Studio For Sale in Camputhaw,"The Trillium Residences, Molave Street, Cebu City, Lalawigan ng Cebu, Pilipinas",Cebu City,Residential,,27.0,1.0,1.0,3000000.0,10.320252,123.9015679,Lamudi scraper,False,111111.11111111112,14.914122846632385,,8593.5,800.0,21,16,54,43,2,5,0.5278,27987787.0,,,395.8,852.9,3170.8,5496.6,7124.2,10878.5,9244.3,20052.4,14084.9,12274.2,Camputhaw,63000.0,74000.0,120000.0,11.050905878263567
652,Lamudi,ceiling,House For Sale in Talamban,"Talamban, Lalawigan ng Cebu, Pilipinas",Cebu City,Single Detached,,184.0,,3.0,13237000.0,10.3693292,123.9169018,Lamudi scraper,False,71940.21739130435,16.398526496695908,,9688.7,1843.6,5,0,5,9,1,2,0.0945,18695043.0,,,5887.1,4892.5,3123.8,7248.2,12559.2,16310.8,5190.1,24973.0,18952.6,17181.5,Talamban,26375.0,68100.0,117500.0,10.180209784751566
653,Lamudi,ceiling,Condo For Sale in Cebu,"Balamban Liempo Cebu Guadalupe Branch II, V. Rama Avenue, Guadalupe, Cebu City, Cebu, Central Visayas, PHL",Cebu City,Condominium,,20.0,,1.0,3200000.0,10.32288701,123.8835775,Lamudi scraper,False,160000.0,14.978661367769956,,10582.8,1128.1,10,4,6,9,0,3,0.1438,48581003.0,,,2329.8,2464.2,4576.7,7486.2,6283.7,10010.2,10608.3,18752.0,12735.7,10941.6,Guadalupe,23700.0,29550.0,84000.0,10.073272520325904
654,Lamudi,ceiling,Offices For Sale in Kasambagan,"Cebu Exchange Tower, Salinas Drive, Cebu City, Lalawigan ng Cebu, Pilipinas",Cebu City,Residential,,170.0,,,33000000.0,10.3274961,123.9051344,Lamudi scraper,False,194117.64705882352,17.312018119430753,,8389.2,551.2,21,6,35,42,4,4,0.4528,27497590.0,,,1074.9,110.8,2323.4,5286.3,7991.6,11751.2,8418.4,20863.0,14878.5,13069.7,Lahug,30000.0,57000.0,115000.0,10.308985993422082
655,Lamudi,ceiling,House For Sale in Casili,"GREENVILLE HEIGHTS SUBDIVISION, Upper Casili, Consolacion, Lalawigan ng Cebu, Pilipinas",Consolacion,Single Detached,,,,,49000000.0,10.37149136,123.95105578,Lamudi scraper,False,,17.7073308560749,,7775.6,4632.9,10,5,5,7,0,2,0.1427,18828571.0,,,7858.9,7023.7,4690.7,6431.3,14979.6,18724.4,1500.3,27857.4,21856.5,20052.4,Poblacion Occidental,4500.0,4000.0,,8.412054873292933
656,Lamudi,ceiling,Condo For Sale in Cebu Business Park,"Cebu Business Park, Cebu City, Lalawigan ng Cebu, Pilipinas",Cebu City,Condominium,,70.0,1.0,1.0,17000000.0,10.3173504,123.9059978,Lamudi scraper,False,242857.14285714287,16.64872390202049,,8064.8,1280.7,16,17,48,44,2,5,0.5024,26823490.0,,,199.3,1041.7,3141.7,4979.8,7221.3,10949.7,9123.5,20238.1,14299.7,12489.2,Luz,51250.0,206750.0,164500.0,10.844490409005417
657,Lamudi,ceiling,Commercial For Sale in Cebu,"South Road Properties, Antuwanga, Lungsod ng Cebu, Cebu, Pilipinas",Cebu City,Residential,,2193.0,,,690547584.0,10.2700647,123.8742644,Lamudi scraper,False,314887.17920656636,20.352995440821605,,12178.7,1578.0,1,0,0,3,1,0,0.0403,383665537.0,,,6246.6,7180.4,9440.9,9728.4,1694.3,4818.8,15362.7,14457.7,8846.3,7137.8,Cogon Pardo,17500.0,21500.0,92500.0,9.770013301136158
658,Lamudi,ceiling,Land For Sale in San Roque,"Cebu South Road Properties, Antuwanga, Cebu City, Cebu, Philippines",Cebu City,Residential,,2547.0,,,798484500.0,10.29118002,123.90269678,Lamudi scraper,True,313500.0,20.49822611403457,,8534.5,2663.1,15,8,60,36,6,5,0.5148,183627628.0,,,2972.5,3965.7,5939.8,5881.5,5252.4,8716.0,11605.7,18321.4,12586.5,10816.9,San Roque (Ciudad),28125.0,90642.5,,10.244449694430193
659,Lamudi,ceiling,House For Sale in Alegria,"7X53+3W Cordova, Cebu, Philippines",Cordova,Single Detached,,120.0,4.0,3.0,7000000.0,10.25771865,123.95486458,Lamudi scraper,False,58333.333333333336,15.761420707019589,,6101.5,9470.3,8,2,4,3,1,2,0.1186,8500000.0,,,8682.9,9365.8,10031.4,6231.5,10618.5,12787.4,13245.2,22219.1,17304.8,15771.8,Gabi,10000.0,3875.0,,9.210440366976517
660,Lamudi,ceiling,Land For Sale in Talamban,"Talamban, Cebu City, Lalawigan ng Cebu, Pilipinas",Cebu City,Residential,,321.0,,,18060000.0,10.3693292,123.9169018,Lamudi scraper,False,56261.68224299065,16.70921010595311,,9688.7,1843.6,5,0,5,9,1,2,0.0945,18494084.0,,,5887.1,4892.5,3123.8,7248.2,12559.2,16310.8,5190.1,24973.0,18952.6,17181.5,Talamban,26375.0,68100.0,117500.0,10.180209784751566
661,Lamudi,ceiling,Condo For Sale in Cebu Business Park,"Archbishop Reyes Avenue, Cebu City, Lalawigan ng Cebu, Pilipinas",Cebu City,Condominium,,65.0,2.0,2.0,15726000.0,10.3208657,123.9041927,Lamudi scraper,False,241938.46153846153,16.5708259515336,,8322.8,844.0,23,15,59,47,2,7,0.5556,26547095.0,,,333.4,672.9,2933.4,5222.2,7365.9,11114.2,8987.9,20319.9,14358.2,12547.2,Lahug,30000.0,57000.0,115000.0,10.308985993422082
662,Lamudi,ceiling,Condo For Sale in Mabolo,"Pope John Paul II Avenue, Lungsod ng Cebu, Lalawigan ng Cebu, Pilipinas",Cebu City,Condominium,,104.0,2.0,2.0,34532974.0,10.3196098,123.9113617,Lamudi scraper,False,332047.82692307694,17.357425193662007,,7526.2,1499.7,13,7,45,43,2,5,0.3785,30813081.0,,,801.3,999.6,2648.9,4425.9,7819.5,11533.0,8539.4,20858.6,14928.0,13117.8,Mabolo,40600.0,98860.0,112500.0,10.611547975828369
663,Lamudi,ceiling,Penthouse For Sale in Apas,"India Street, Cebu City, Cebu, Pilipinas",Cebu City,Single Detached,,431.0,4.0,4.0,146466900.0,10.3325804,123.9067979,Lamudi scraper,False,339830.39443155454,18.80231002232688,,8387.0,293.4,15,4,22,34,2,4,0.3081,23167814.0,,,1659.4,661.8,1833.4,5310.0,8547.2,12310.0,7919.8,21365.9,15370.3,13564.0,Apas,28800.0,37300.0,125550.0,10.268165387743457
664,Lamudi,ceiling,Penthouse For Sale in Cebu Business Park,"Avalon, Luzon Avenue, Cebu City, Lalawigan ng Cebu, Pilipinas",Cebu City,Single Detached,,259.0,3.0,4.0,43000000.0,10.3161902,123.9047197,Lamudi scraper,False,166023.16602316604,17.576710673657836,,8186.5,1307.5,19,16,51,46,2,5,0.5185,26282144.0,,,193.4,1176.0,3324.9,5110.5,7031.1,10760.2,9313.4,20048.8,14111.9,12301.4,Luz,51250.0,206750.0,164500.0,10.844490409005417
665,Lamudi,ceiling,Condo For Sale in Mactan,"The Mactan Newtown, Lapu-Lapu, Lalawigan ng Cebu, Pilipinas",Lapu-Lapu City,Condominium,,70.0,2.0,3.0,8500000.0,10.3082854,124.0174755,Lamudi scraper,False,121428.57142857143,15.955576721460544,,4212.1,12426.6,1,1,4,8,5,1,0.1825,15068800.0,,,12432.0,12391.4,11193.5,7257.2,17817.0,20801.6,9593.9,30484.0,25076.2,23369.1,Mactan,5000.0,10500.0,107500.0,8.517393171418904
666,Lamudi,ceiling,House For Sale in Cebu,"16-965 Julio Diaz St, Guadalupe, Cebu City, Cebu, Central Visayas, PHL",Cebu City,Single Detached,,250.0,5.0,4.0,28000000.0,10.31795066,123.88567485,Lamudi scraper,False,112000.0,17.14771506813948,,10278.4,558.8,13,5,21,15,0,4,0.2085,45128215.0,,,2032.5,2404.2,4658.4,7202.0,5903.4,9655.3,10743.0,18553.9,12551.0,10747.1,Guadalupe,23700.0,29550.0,84000.0,10.073272520325904
667,Lamudi,ceiling,Condo For Sale in Agus,"Agus Road, Marigondon, Lapu-Lapu City, Cebu, Central Visayas, PHL",Lapu-Lapu City,Condominium,,25.0,1.0,1.0,5486084.0,10.28410958,123.97552209,Lamudi scraper,False,219443.36,15.517725262064978,,2594.3,9530.5,4,1,4,5,0,2,0.0609,11726720.0,,,8653.5,8982.5,8744.4,4216.4,12833.6,15599.3,10354.6,25242.1,19967.5,18308.7,Basak,10000.0,15000.0,62500.0,9.210440366976517
668,Lamudi,ceiling,Condo For Sale in Punta Engaño,"Punta Engano, Lapu-Lapu City, Cebu, Central Visayas, PHL",Lapu-Lapu City,Condominium,,83.0,2.0,2.0,11000000.0,10.33005475,124.04013073,Lamudi scraper,False,132530.1204819277,16.213405830762646,,7155.5,14142.8,3,0,0,1,0,0,0.0203,31551590.0,,,14925.8,14703.4,13106.2,9880.5,20857.6,23999.9,9819.4,33703.0,28173.0,26431.8,Punta Engaño,7000.0,13500.0,95000.0,8.853808274977197
669,Lamudi,ceiling,Condo For Sale in Agus,"Agus Road, Marigondon, Lapu-Lapu City, Cebu, Central Visayas, PHL",Lapu-Lapu City,Condominium,,45.0,2.0,1.0,10388374.0,10.28410958,123.97552209,Lamudi scraper,False,230852.75555555552,16.15619785419716,,2594.3,9530.5,4,1,4,5,0,2,0.0609,11662216.0,,,8653.5,8982.5,8744.4,4216.4,12833.6,15599.3,10354.6,25242.1,19967.5,18308.7,Basak,10000.0,15000.0,62500.0,9.210440366976517
670,Lamudi,ceiling,Condo For Sale in Canduman,"Canduman, Lalawigan ng Cebu, Pilipinas",Mandaue City,Condominium,,34.0,1.0,1.0,4031857.0,10.3677899,123.9331874,Lamudi scraper,False,118584.0294117647,15.209737621834558,,8397.0,2740.0,4,0,0,6,0,0,0.0371,4359511.0,,,6389.9,5464.2,3217.0,6339.5,13410.5,17173.8,3484.7,26126.1,20109.7,18315.5,Canduman,9770.0,15750.0,87415.0,9.187174093944343
671,Lamudi,ceiling,Condo For Sale in Cebu IT Park,"Cebu IT Park, Cebu City, Cebu, Pilipinas",Cebu City,Condominium,,42.0,1.0,1.0,8845000.0,10.3304499,123.9073923,Lamudi scraper,False,210595.2380952381,15.995362885576023,,8248.5,530.0,17,5,21,34,2,3,0.3234,24157640.0,,,1440.6,451.7,1921.4,5160.0,8402.3,12162.1,8018.0,21262.8,15274.7,13466.6,Lahug,30000.0,57000.0,115000.0,10.308985993422082
672,Lamudi,ceiling,House For Sale in Danao,"Aduna Beach Villas, Danao City, Lalawigan ng Cebu, Pilipinas",Danao City,Single Detached,,89.0,1.0,2.0,11564827.0,10.5392272,124.0303586,Lamudi scraper,False,129941.87640449438,16.263478894607992,,26405.8,24342.9,2,0,0,0,0,0,0.0121,8298932.0,,,28214.0,27276.9,25033.0,26528.6,35150.0,38908.0,19502.5,47364.8,41382.4,39655.6,Guinsay,2000.0,3000.0,,7.601402334583733
673,Lamudi,ceiling,Condo For Sale in Mactan,"The Reef Island Resort Mactan, Cebu, Dapdap, Lapu-Lapu, Lalawigan ng Cebu, Pilipinas",Lapu-Lapu City,Condominium,,45.0,1.0,1.0,11800000.0,10.2987618,124.0157325,Lamudi scraper,False,262222.22222222225,16.283610089435893,,4127.5,12619.6,1,0,1,0,1,0,0.035,13574971.0,,,12379.4,12425.4,11412.8,7234.2,17418.9,20282.2,10345.6,29933.1,24620.4,22939.5,Mactan,5000.0,10500.0,107500.0,8.517393171418904
674,Lamudi,ceiling,Beach House For Sale in Poblacion,"Liloan, Lalawigan ng Cebu, Pilipinas",Liloan,Single Detached,,3227.0,3.0,3.0,68000000.0,10.39926,124.0000198,Lamudi scraper,False,21072.20328478463,18.03501826314038,,10493.0,10808.4,5,4,5,5,2,1,0.1482,,,,13843.3,13090.4,10777.3,10905.8,20952.8,24650.9,4701.2,33949.6,27970.2,26161.3,Poblacion,3125.0,4000.0,,8.047509510981422
675,Lamudi,ceiling,Townhouse For Sale in San Isidro,"Cansojong, Talisay, Lalawigan ng Cebu, Pilipinas",Talisay City,Single Detached,,175.0,3.0,2.0,11100000.0,10.2548959,123.8458525,Lamudi scraper,False,63428.57142857143,16.222455666282563,,15684.3,581.9,7,1,2,10,0,0,0.0763,65997484.0,,,9479.3,10331.6,12654.9,13264.5,2365.1,1401.0,18690.4,10920.8,5416.7,3842.5,Cansojong,9500.0,17500.0,,9.15915233520675
676,Lamudi,ceiling,Land For Sale in Agus,"7XPJ+9P9, Fuentes Rd, Lapu-Lapu City, Cebu, Philippines",Lapu-Lapu City,Residential,,21525.0,,,473550000.0,10.28498488,123.98194609,Lamudi scraper,False,22000.0,19.975768061636384,,2490.2,10052.5,1,0,0,0,0,0,0.0061,4546968.0,,,9252.8,9539.0,9172.0,4621.4,13542.8,16301.3,10369.4,25937.3,20675.1,19017.8,Agus,8000.0,9781.25,,8.987321812850125
677,Lamudi,ceiling,House For Sale in Pooc,"6RR9+CP Talisay, Cebu, Philippines",Talisay City,Single Detached,,335.0,5.0,5.0,16000000.0,10.241117,123.819307,Lamudi scraper,False,47761.19402985075,16.588099280204055,,18953.2,3302.7,5,1,0,6,0,0,0.0532,19831882.0,,,12618.0,13419.1,15752.1,16547.2,5517.7,2162.4,21828.8,7637.3,2488.4,1849.9,Pooc,11800.0,14000.0,,9.375939552625749
678,Lamudi,ceiling,Studio For Sale in Cordova,"Subabasbas, Lapu-Lapu City, Cebu, Central Visayas, PHL",Cordova,Residential,,,,,1500000.0,10.191971655569056,123.9367303624749,Lamudi scraper,False,,14.22097566607244,,13620.6,12375.7,0,0,0,0,0,0,0.0,,,,14443.0,15361.2,16718.1,13624.9,12307.6,12200.3,20732.4,19614.5,16419.9,15489.3,,10000.0,3875.0,,9.210440366976517
679,Lamudi,ceiling,House For Sale in Talisay,"Bulacao Pardo, Cebu City, Cebu, Central Visayas, PHL",Talisay City,Single Detached,,280.0,4.0,4.0,30000000.0,10.2848599,123.83005686,Lamudi scraper,False,107142.85714285714,17.216707939626428,,16482.0,3172.8,1,0,0,0,0,0,0.0061,,,,8908.6,9500.6,11765.2,13652.0,3469.6,4600.5,17829.0,11620.7,5610.7,3892.9,Lagtang,8000.0,16000.0,,8.987321812850125
680,Lamudi,ceiling,Condo For Sale in Agus,"Agus Road, Marigondon, Lapu-Lapu City, Cebu, Central Visayas, PHL",Lapu-Lapu City,Condominium,,25.0,1.0,1.0,4518498.0,10.28410958,123.97552209,Lamudi scraper,False,180739.92,15.323690195699283,,2594.3,9530.5,4,1,4,5,0,2,0.0609,11739451.0,,,8653.5,8982.5,8744.4,4216.4,12833.6,15599.3,10354.6,25242.1,19967.5,18308.7,Basak,10000.0,15000.0,62500.0,9.210440366976517
681,Lamudi,ceiling,Condo For Sale in Luz,"Tres Borces, Mabolo, Cebu City, Cebu, Central Visayas, PHL",Cebu City,Condominium,,47.0,1.0,1.0,8500000.0,10.319411,123.913047,Lamudi scraper,False,180851.0638297872,15.955576721460544,,7340.9,1666.0,13,8,40,36,1,5,0.3397,30129198.0,,,977.1,1137.7,2602.8,4240.3,7941.2,11644.9,8433.3,20993.9,15070.7,13261.0,Mabolo,40600.0,98860.0,112500.0,10.611547975828369
682,Lamudi,ceiling,Condo For Sale in Mactan,"Mactan newtown Residences, Newtown Boulevard, The Mactan Newtown, Lapu-Lapu, Lalawigan ng Cebu, Pilipinas",Lapu-Lapu City,Condominium,,179.0,6.0,3.0,31000000.0,10.3077641,124.0135564,Lamudi scraper,False,173184.35754189943,17.24949776244942,,3782.1,12038.6,2,1,4,9,2,1,0.1073,18103388.0,,,12010.2,11978.9,10809.7,6835.4,17386.3,20379.0,9384.8,30063.9,24648.1,22939.6,Mactan,5000.0,10500.0,107500.0,8.517393171418904
683,Lamudi,ceiling,Condo For Sale in Punta Engaño,"Sheraton Cebu Mactan Resort, Punta Engaño Road, Mactan Island, Lapu-Lapu, Lalawigan ng Cebu, Pilipinas",Lapu-Lapu City,Condominium,,52.0,1.0,1.0,23900000.0,10.3232174,124.0351927,Lamudi scraper,False,459615.3846153846,16.98938901690174,,6401.5,13776.1,3,0,0,1,0,0,0.0203,32349685.0,,,14336.5,14164.0,12668.5,9232.1,20116.0,23207.5,9804.3,32905.9,27417.0,25686.5,Punta Engaño,7000.0,13500.0,95000.0,8.853808274977197
684,Lamudi,ceiling,Land For Sale in Tawason,"Tawason, Mandaue City, Cebu, Central Visayas, PHL",Mandaue City,Residential,,486.0,,,21870000.0,10.39255749,123.92449144,Lamudi scraper,False,45000.0,16.90062639265295,,11209.1,4553.3,5,0,0,3,0,0,0.0367,13211614.0,,,8595.0,7602.4,5689.8,9252.9,15218.8,18956.6,4653.6,27432.7,21425.5,19678.6,Sacsac,2400.0,,,7.783640596221253
685,Lamudi,ceiling,House For Sale in Minglanilla,"Aryz Beauty Salon, Linao Lipata, Minglanilla, Cebu, Central Visayas, PHL",Minglanilla,Single Detached,,1120.0,6.0,5.0,25000000.0,10.25451388,123.80936426,Lamudi scraper,False,22321.428571428572,17.034386382832476,,19461.1,3731.8,3,0,4,4,0,0,0.0316,4165160.0,,,12546.2,13254.9,15570.6,16870.3,5751.8,3410.7,21666.1,7628.8,1627.4,183.6,Linao,7000.0,20000.0,,8.853808274977197
686,Lamudi,ceiling,Townhouse For Sale in Tamiao,"Tamiao, Compostela, Cebu, Central Visayas, PHL",Compostela,Single Detached,,53.0,2.0,2.0,5049000.0,10.44724499,123.98910129,Lamudi scraper,False,95264.15094339622,15.434700761841052,,15612.6,13365.2,0,0,0,0,0,0,0.0,4977571.0,,,17119.6,16207.9,13924.4,15417.4,24149.0,27913.4,8338.1,36691.6,30672.7,28903.7,Cabadiangan,750.0,,,6.621405651764134
687,Lamudi,ceiling,House For Sale in Banilad,"Paseo Sally, Cebu City, Lalawigan ng Cebu, Pilipinas",Cebu City,Single Detached,,550.0,6.0,5.0,48000000.0,10.3551008,123.8972819,Lamudi scraper,False,87272.72727272728,17.686711568872166,,10405.5,1732.3,0,0,0,0,0,0,0.0,59280000.0,,,4209.8,3289.8,2991.8,7499.3,10164.0,13874.7,7654.1,22348.1,16332.2,14573.9,Busay,8500.0,5500.0,120000.0,9.04793908261736
688,Lamudi,ceiling,Condo For Sale in Agus,"Agus Road, Marigondon, Lapu-Lapu City, Cebu, Central Visayas, PHL",Lapu-Lapu City,Condominium,,22.0,1.0,1.0,4853824.0,10.28410958,123.97552209,Lamudi scraper,False,220628.36363636365,15.395277405855651,,2594.3,9530.5,4,1,4,5,0,2,0.0609,11735039.0,,,8653.5,8982.5,8744.4,4216.4,12833.6,15599.3,10354.6,25242.1,19967.5,18308.7,Basak,10000.0,15000.0,62500.0,9.210440366976517
689,Lamudi,ceiling,House For Sale in Gun-Ob,"4 Madrid Street, La Aldea Buena Mactan, Babag, Lapu-Lapu City, Cebu, Central Visayas, PHL",Lapu-Lapu City,Single Detached,,56.0,3.0,2.0,7417000.0,10.28968101,123.9502519,Lamudi scraper,False,132446.42857142858,15.819285220718696,,3698.0,6899.3,6,0,1,5,0,1,0.0538,895367.0,,,5928.5,6375.4,6598.1,2668.4,10190.6,13194.9,9768.0,22895.5,17436.4,15731.5,Babag,5500.0,13375.0,,8.612685172875459
690,Lamudi,ceiling,Condo For Sale in Agus,"Agus Road, Marigondon, Lapu-Lapu City, Cebu, Central Visayas, PHL",Lapu-Lapu City,Condominium,,25.0,1.0,1.0,4518498.0,10.28410958,123.97552209,Lamudi scraper,False,180739.92,15.323690195699283,,2594.3,9530.5,4,1,4,5,0,2,0.0609,11739451.0,,,8653.5,8982.5,8744.4,4216.4,12833.6,15599.3,10354.6,25242.1,19967.5,18308.7,Basak,10000.0,15000.0,62500.0,9.210440366976517
691,Lamudi,ceiling,House For Sale in Mactan,"Shabu Shabu and Korean Cuisine, Quezon National Highway, Maribago, Lapu-Lapu City, Cebu, Central Visayas, PHL",Lapu-Lapu City,Single Detached,,133.0,4.0,3.0,11100691.0,10.290415,123.998707,Lamudi scraper,False,83463.84210526316,16.222517916597223,,2851.7,11353.1,4,0,1,5,0,1,0.0417,14832502.0,,,10774.8,10939.8,10235.1,5788.4,15436.1,18230.7,10307.5,27867.6,22595.4,20930.0,Maribago,4125.0,9750.0,112500.0,8.325063693631197
692,Lamudi,ceiling,Commercial For Sale in Banilad,"Gov. M. Cuenco Avenue, Lungsod ng Cebu, Lalawigan ng Cebu, Pilipinas",Cebu City,Residential,,,,,58110000.0,10.3490999,123.9132795,Lamudi scraper,False,,17.87784832405129,,8566.7,456.9,16,9,16,19,0,0,0.247,49171441.0,,,3610.4,2621.2,1185.1,5735.0,10448.3,14212.3,6309.7,23116.2,17100.6,15305.6,Banilad,41500.0,92500.0,90000.0,10.633472802314019
693,Lamudi,ceiling,Condo For Sale in Agus,"Agus Road, Marigondon, Lapu-Lapu City, Cebu, Central Visayas, PHL",Lapu-Lapu City,Condominium,,25.0,1.0,1.0,4008891.0,10.28410958,123.97552209,Lamudi scraper,False,160355.64,15.204025202429875,,2594.3,9530.5,4,1,4,5,0,2,0.0609,11746156.0,,,8653.5,8982.5,8744.4,4216.4,12833.6,15599.3,10354.6,25242.1,19967.5,18308.7,Basak,10000.0,15000.0,62500.0,9.210440366976517
694,Lamudi,ceiling,Condo For Sale in Agus,"Agus Road, Marigondon, Lapu-Lapu City, Cebu, Central Visayas, PHL",Lapu-Lapu City,Condominium,,22.0,1.0,1.0,3673557.0,10.28410958,123.97552209,Lamudi scraper,False,166979.86363636365,15.116670960459452,,2594.3,9530.5,4,1,4,5,0,2,0.0609,11750569.0,,,8653.5,8982.5,8744.4,4216.4,12833.6,15599.3,10354.6,25242.1,19967.5,18308.7,Basak,10000.0,15000.0,62500.0,9.210440366976517
695,Lamudi,ceiling,Warehouse For Sale in Pagsabungan,"Pagsabungan, Mandaue, Lalawigan ng Cebu, Pilipinas",Mandaue City,Single Detached,,3000.0,,,161532000.0,10.3567803,123.9444159,Lamudi scraper,False,53844.0,18.90021382341423,,6686.6,3459.4,6,0,6,7,0,2,0.0697,57237250.0,,,6166.3,5389.9,3083.3,4855.3,13293.0,17021.4,3050.2,26250.5,20269.8,18460.8,Pagsabungan,16400.0,20100.0,127500.0,9.70509758756311
696,Lamudi,ceiling,Condo For Sale in Lapu-Lapu,"Tambuli Seaside Resort and Spa, Buyong Road, Lapu-Lapu, Lalawigan ng Cebu, Pilipinas",Lapu-Lapu City,Condominium,,60.0,1.0,1.0,11000000.0,10.2899858,124.0068711,Lamudi scraper,False,183333.33333333337,16.213405830762646,,3600.5,12174.5,2,0,0,0,0,0,0.0121,17929759.0,,,11646.7,11791.0,11013.9,6618.5,16315.8,19076.9,10713.6,28697.4,23458.1,21799.9,Mactan,5000.0,10500.0,107500.0,8.517393171418904
697,Lamudi,ceiling,Condo For Sale in Punta Engaño,"Punta Engaño Road, Lapu-Lapu City, Cebu, Pilipinas",Lapu-Lapu City,Condominium,,69.0,1.0,1.0,19864593.0,10.3185134,124.0296471,Lamudi scraper,False,287892.652173913,16.80444945872495,,5683.0,13330.3,0,0,0,1,0,0,0.0021,37956413.0,,,13717.8,13582.8,12169.3,8581.1,19388.7,22449.7,9669.1,32144.4,26679.1,24955.3,Punta Engaño,7000.0,13500.0,95000.0,8.853808274977197
698,Lamudi,ceiling,Condo For Sale in Punta Engaño,"Aruga Resort and Residences – Mactan, Punta Engaño Road, Lapu-Lapu, Lalawigan ng Cebu, Pilipinas",Lapu-Lapu City,Condominium,,173.0,3.0,3.0,68374997.0,10.323479,124.0367989,Lamudi scraper,False,395231.1965317919,18.040517774830732,,6578.4,13939.7,3,0,0,1,0,0,0.0203,31423123.0,,,14513.3,14338.9,12837.4,9410.0,20292.8,23381.2,9927.6,33079.1,27593.0,25863.0,Punta Engaño,7000.0,13500.0,95000.0,8.853808274977197
699,Lamudi,ceiling,House For Sale in Mactan,"Shabu Shabu and Korean Cuisine, Quezon National Highway, Maribago, Lapu-Lapu City, Cebu, Central Visayas, PHL",Lapu-Lapu City,Single Detached,,198.0,3.0,3.0,15315896.0,10.290415,123.998707,Lamudi scraper,False,77353.0101010101,16.544401801271597,,2851.7,11353.1,4,0,1,5,0,1,0.0417,14746478.0,,,10774.8,10939.8,10235.1,5788.4,15436.1,18230.7,10307.5,27867.6,22595.4,20930.0,Maribago,4125.0,9750.0,112500.0,8.325063693631197
700,Lamudi,ceiling,Condo For Sale in Punta Engaño,"Punta Engano, Lapu-Lapu City, Cebu, Central Visayas, PHL",Lapu-Lapu City,Condominium,,62.0,2.0,2.0,8000000.0,10.33005475,124.04013073,Lamudi scraper,False,129032.25806451614,15.89495209964411,,7155.5,14142.8,3,0,0,1,0,0,0.0203,31619772.0,,,14925.8,14703.4,13106.2,9880.5,20857.6,23999.9,9819.4,33703.0,28173.0,26431.8,Punta Engaño,7000.0,13500.0,95000.0,8.853808274977197
701,Lamudi,ceiling,Condo For Sale in Kasambagan,"MLD Building, Governor Mariano Cuenco Avenue corner Paseo Saturnino Street, Kasambagan, Cebu City, Cebu, Central Visayas, PHL",Cebu City,Condominium,,187.0,3.0,4.0,81000000.0,10.32962093,123.90970479,Lamudi scraper,False,433155.08021390374,18.209959712636714,,7979.4,749.5,14,7,22,37,2,3,0.3329,24088798.0,,,1436.5,538.6,1801.2,4890.9,8494.4,12248.4,7885.7,21399.2,15419.6,13610.1,Kasambagan,30000.0,34500.0,115000.0,10.308985993422082
702,Lamudi,ceiling,House For Sale in Yati,"Yati, Liloan, Lalawigan ng Cebu, Pilipinas",Liloan,Single Detached,,70.0,3.0,2.0,6300000.0,10.3914167,123.9777887,Lamudi scraper,False,90000.0,15.65606019136176,,9366.5,8262.9,4,1,0,2,0,0,0.0385,250636600.0,,,11470.9,10668.8,8338.5,9117.2,18598.4,22327.5,2256.5,31519.5,25522.1,23717.0,Yati,3000.0,3500.0,,8.006700845440367
703,Lamudi,ceiling,Condo For Sale in Cebu Business Park,"Cebu Business Park, Cebu City, Lalawigan ng Cebu, Pilipinas",Cebu City,Condominium,,125.0,3.0,3.0,41410017.0,10.3173504,123.9059978,Lamudi scraper,False,331280.136,17.539033366050525,,8064.8,1280.7,16,17,48,44,2,5,0.5024,26552268.0,,,199.3,1041.7,3141.7,4979.8,7221.3,10949.7,9123.5,20238.1,14299.7,12489.2,Luz,51250.0,206750.0,164500.0,10.844490409005417
704,Lamudi,ceiling,House For Sale in Banilad,"Sto. Niño Village, Gov. M. Cuenco Ave, Lungsod ng Cebu, Lalawigan ng Cebu, Pilipinas",Mandaue City,Single Detached,,441.0,4.0,4.0,41671000.0,10.3446568,123.9190804,Lamudi scraper,False,94492.06349206348,17.54531600119084,,7765.8,1064.0,22,11,21,37,0,0,0.3479,22402008.0,,,3391.7,2470.1,401.8,4935.1,10434.6,14194.2,6038.3,23260.0,17259.7,15455.1,Banilad,16115.0,22350.0,102500.0,9.687567846311238
705,Lamudi,ceiling,House For Sale in Cebu,"Tisa, Cebu City, Cebu, Central Visayas, PHL",Cebu City,Single Detached,,181.0,4.0,3.0,38000000.0,10.31055729,123.8648982,Lamudi scraper,False,209944.75138121544,17.45309671769066,,12487.3,2000.7,0,0,0,0,0,0,0.0,4417303.0,,,4381.5,4818.2,7025.7,9465.4,4352.5,7892.9,13069.0,16327.0,10306.1,8523.3,Guadalupe,23700.0,29550.0,84000.0,10.073272520325904
706,Lamudi,ceiling,Townhouse For Sale in Tamiao,"Tamiao, Compostela, Cebu, Central Visayas, PHL",Compostela,Single Detached,,53.0,2.0,1.0,4000000.0,10.44724499,123.98910129,Lamudi scraper,False,75471.69811320755,15.201804919084164,,15612.6,13365.2,0,0,0,0,0,0,0.0,5127429.0,,,17119.6,16207.9,13924.4,15417.4,24149.0,27913.4,8338.1,36691.6,30672.7,28903.7,Cabadiangan,750.0,,,6.621405651764134
707,Lamudi,ceiling,Penthouse For Sale in Punta Engaño,"Punta Engano, Lapu-Lapu City, Cebu, Central Visayas, PHL",Lapu-Lapu City,Single Detached,,292.0,4.0,5.0,244758000.0,10.32372,124.0372,Lamudi scraper,False,838212.3287671233,19.315780525255413,,6628.0,13976.1,3,0,0,1,0,0,0.0203,28067630.0,,,14558.3,14382.1,12876.5,9456.7,20342.4,23431.9,9947.0,33129.9,27643.1,25912.8,Punta Engaño,7000.0,13500.0,95000.0,8.853808274977197
708,Lamudi,ceiling,Commercial For Sale in Guizo,"Mandaue City, Cebu, Philippines",Mandaue City,Residential,,177.0,,,27352100.0,10.3321417,123.9357136,Lamudi scraper,False,154531.6384180791,17.12430386633437,,5487.4,3111.3,15,8,34,33,4,2,0.4048,166782553.0,,,3789.9,3331.2,1927.7,2675.2,10750.3,14410.7,5811.4,23833.1,17922.7,16113.6,Guizo,12750.0,26500.0,,9.453364978883542
709,Lamudi,ceiling,Condo For Sale in Lahug,"Lahug, Cebu City, Cebu, Pilipinas",Cebu City,Condominium,,55.0,1.0,1.0,12289779.0,10.3338299,123.8941434,Lamudi scraper,False,223450.52727272728,16.32427849928127,,9743.1,975.6,12,1,3,8,0,2,0.1146,22381423.0,,,2091.3,1497.3,3047.6,6649.4,7896.4,11644.4,8975.4,20427.4,14409.6,12617.5,Lahug,30000.0,57000.0,115000.0,10.308985993422082
710,Lamudi,ceiling,House For Sale in Pooc,"6RR9+CP Talisay, Cebu, Philippines",Talisay City,Single Detached,,338.0,4.0,4.0,21880000.0,10.241117,123.819307,Lamudi scraper,False,64733.72781065089,16.901083535518055,,18953.2,3302.7,5,1,0,6,0,0,0.0532,19486000.0,,,12618.0,13419.1,15752.1,16547.2,5517.7,2162.4,21828.8,7637.3,2488.4,1849.9,Pooc,11800.0,14000.0,,9.375939552625749
711,Lamudi,ceiling,Condo For Sale in Punta Engaño,"Punta Engano, Lapu-Lapu City, Cebu, Central Visayas, PHL",Lapu-Lapu City,Condominium,,42.0,,1.0,4500000.0,10.33005475,124.04013073,Lamudi scraper,False,107142.85714285714,15.319587954740548,,7155.5,14142.8,3,0,0,1,0,0,0.0203,31699317.0,,,14925.8,14703.4,13106.2,9880.5,20857.6,23999.9,9819.4,33703.0,28173.0,26431.8,Punta Engaño,7000.0,13500.0,95000.0,8.853808274977197
712,Lamudi,ceiling,Condo For Sale in Basak,"Basak, Lapu-Lapu City, Lalawigan ng Cebu, Pilipinas",Lapu-Lapu City,Condominium,,24.0,,1.0,1857844.0,10.2910239,123.961041,Lamudi scraper,False,77410.16666666667,14.434927233582323,,2662.2,7792.2,5,10,2,12,1,0,0.1862,47649473.0,,,6892.5,7233.2,7128.3,2730.0,11377.9,14346.3,9510.6,24040.4,18612.8,16913.6,Basak,10000.0,15000.0,62500.0,9.210440366976517
713,Lamudi,ceiling,House For Sale in Catarman,"Amara, Liloan, Cebu, Pilipinas",Liloan,Single Detached,,400.0,5.0,4.0,35000000.0,10.3830499,124.0125078,Lamudi scraper,False,87500.0,17.37085861945369,,9197.6,11378.9,1,0,0,1,0,0,0.0082,84000000.0,,,13883.5,13250.1,11034.8,10211.7,20863.0,24472.6,5378.1,33960.2,28049.0,26239.0,Catarman,3000.0,,,8.006700845440367
714,Lamudi,ceiling,Commercial Lot For Sale in Cebu,"Cebu South Road Properties, Cebu South Coastal Road, Cebu City, Lalawigan ng Cebu, Pilipinas",Cebu City,Lot Only,,67725.0,,,280000.0,10.2779285,123.8774052,Lamudi scraper,True,4.134366925064599,12.542544882151386,,11580.4,1295.1,1,2,0,2,0,0,0.0303,780753172.0,,,5324.6,6249.5,8521.4,9013.9,2135.4,5636.0,14472.8,15189.5,9465.0,7710.2,Basak Pardo,13500.0,22500.0,92500.0,9.510519035757246
715,Lamudi,ceiling,Condo For Sale in Marigondon,"7X8W+FW Lapu-Lapu City, Cebu, Philippines",Lapu-Lapu City,Condominium,,180.0,2.0,2.0,34000000.0,10.266182,123.997295,Lamudi scraper,False,188888.88888888888,17.341871082580436,,4980.3,12619.7,0,0,0,0,0,0,0.0,9398466.0,,,11689.6,12065.8,11833.7,7288.2,15156.9,17512.2,12804.0,26950.9,22012.3,20447.0,,9500.0,19500.0,57500.0,9.15915233520675
716,Lamudi,ceiling,Condo For Sale in Camputhaw,"Molave, Camputhaw, Cebu City, Cebu, Central Visayas, PHL",Cebu City,Condominium,,32.0,1.0,1.0,4200000.0,10.321253,123.899376,Lamudi scraper,False,131250.0,15.250595083253597,,8848.9,637.4,19,15,52,37,2,1,0.4682,27918556.0,,,653.0,926.0,3257.5,5749.6,7055.6,10816.4,9348.7,19935.5,13957.4,12147.5,Camputhaw,63000.0,74000.0,120000.0,11.050905878263567
717,Lamudi,ceiling,House For Sale in Banilad,"Banilad, Lalawigan ng Cebu, Pilipinas",Cebu City,Single Detached,,255.0,5.0,4.0,44999999.0,10.3518061,123.9053005,Lamudi scraper,False,176470.5843137255,17.62217302551237,,9465.4,856.4,6,5,2,7,0,0,0.1038,93998931.0,,,3775.5,2790.4,2053.6,6586.9,10237.1,13986.4,6962.3,22694.6,16673.1,14892.8,Banilad,41500.0,92500.0,90000.0,10.633472802314019
718,Lamudi,ceiling,Studio For Sale in Cebu Business Park,"pescadores Road, Carreta, Cebu City, Cebu, Central Visayas, PHL",Cebu City,Residential,,26.0,,1.0,5500000.0,10.31263666,123.90481777,Lamudi scraper,False,211538.46153846153,15.5202586502027,,8137.0,1506.8,17,17,50,47,3,5,0.5451,24481979.0,,,585.0,1569.0,3660.4,5093.2,6768.0,10477.8,9594.7,19822.7,13906.9,12098.2,Hippodromo,195250.0,78125.0,157750.0,12.182041189327741
719,Lamudi,ceiling,House For Sale in Cotcot,"Cotcot, Liloan, Lalawigan ng Cebu, Pilipinas",Liloan,Single Detached,,220.0,5.0,5.0,6000000.0,10.427348,124.0000812,Lamudi scraper,False,27272.727272727272,15.60727002719233,,13558.7,12597.2,0,1,0,2,0,1,0.0198,8948000.0,,,16064.1,15219.4,12889.0,13719.3,23182.9,26929.5,6907.1,35993.8,29978.0,28183.2,Cotcot,2500.0,,,7.824445930877619
720,Lamudi,ceiling,House For Sale in Tisa,"16 Platinum Street, Cebu City, Cebu, Philippines",Cebu City,Single Detached,,180.0,3.0,3.0,8900000.0,10.304145,123.86984,Lamudi scraper,False,49444.444444444445,16.00156183470237,,11945.9,1257.2,4,1,2,11,0,0,0.0602,18892206.0,,,4062.3,4663.1,6960.4,8981.1,3784.2,7462.9,13052.4,16239.3,10238.2,8433.2,Tisa,12820.0,21320.0,90000.0,9.4588397305527
721,Lamudi,ceiling,Condo For Sale in Mandaue,"W.O. Seno, Subangdaku, Cebu City, Cebu, Central Visayas, PHL",Mandaue City,Condominium,,29.0,,1.0,5500000.0,10.3207231,123.9294311,Lamudi scraper,False,189655.1724137931,15.5202586502027,,5626.6,3072.7,6,6,20,18,6,1,0.3313,191814309.0,,,2772.5,2673.3,2493.3,2524.8,9438.3,13053.7,7253.0,22546.2,16679.2,14875.9,Subangdaku,23575.0,68750.0,132500.0,10.06798452441753
722,Lamudi,ceiling,Condo For Sale in Agus,"Agus Road, Marigondon, Lapu-Lapu City, Cebu, Central Visayas, PHL",Lapu-Lapu City,Condominium,,25.0,1.0,1.0,4409115.0,10.28410958,123.97552209,Lamudi scraper,False,176364.6,15.29918454701194,,2594.3,9530.5,4,1,4,5,0,2,0.0609,11740890.0,,,8653.5,8982.5,8744.4,4216.4,12833.6,15599.3,10354.6,25242.1,19967.5,18308.7,Basak,10000.0,15000.0,62500.0,9.210440366976517
723,Lamudi,ceiling,Condo For Sale in Marigondon,"7X8W+FW Lapu-Lapu City, Cebu, Philippines",Lapu-Lapu City,Condominium,,90.0,2.0,2.0,14000000.0,10.266182,123.997295,Lamudi scraper,False,155555.55555555556,16.454567887579532,,4980.3,12619.7,0,0,0,0,0,0,0.0,11398466.0,,,11689.6,12065.8,11833.7,7288.2,15156.9,17512.2,12804.0,26950.9,22012.3,20447.0,,9500.0,19500.0,57500.0,9.15915233520675
724,Lamudi,ceiling,Condo For Sale in Punta Engaño,"Punta Engano, Lapu-Lapu City, Cebu, Central Visayas, PHL",Lapu-Lapu City,Condominium,,99.0,2.0,3.0,34848514.0,10.32372,124.0372,Lamudi scraper,False,352005.1919191919,17.366521054376477,,6628.0,13976.1,3,0,0,1,0,0,0.0203,32630880.0,,,14558.3,14382.1,12876.5,9456.7,20342.4,23431.9,9947.0,33129.9,27643.1,25912.8,Punta Engaño,7000.0,13500.0,95000.0,8.853808274977197
725,Lamudi,ceiling,Condo For Sale in Basak,"Babag, Lapu-Lapu City, Cebu, Central Visayas, PHL",Lapu-Lapu City,Condominium,,60.0,2.0,1.0,5904778.0,10.28052052,123.96330904,Lamudi scraper,False,98412.96666666666,15.591272411648625,,3426.0,8653.1,3,1,2,3,0,0,0.037,5422362.0,,,7680.4,8125.1,8217.8,3909.2,11465.4,14204.8,10673.9,23849.6,18577.4,16924.2,Basak,10000.0,15000.0,62500.0,9.210440366976517
726,Lamudi,ceiling,Condo For Sale in Maribago,"Buyong Road, Maribago, Lapu-Lapu City, Cebu, Central Visayas, PHL",Lapu-Lapu City,Condominium,,47.0,1.0,1.0,8500000.0,10.28986648,124.00575829,Lamudi scraper,False,180851.0638297872,15.955576721460544,,3505.3,12074.6,2,0,0,0,0,1,0.0177,17923713.0,,,11533.0,11681.5,10917.1,6512.3,16193.3,18956.0,10672.6,28577.8,23336.2,21677.7,Mactan,5000.0,10500.0,107500.0,8.517393171418904
727,Lamudi,ceiling,Condo For Sale in Cebu Business Park,"8W85+49 Cebu City, Cebu, Philippines",Cebu City,Condominium,,42.0,,1.0,7300000.0,10.315373,123.908492,Lamudi scraper,False,173809.52380952382,15.80338490611862,,7765.9,1613.0,17,14,47,47,4,7,0.5504,27863269.0,,,540.3,1296.1,3207.1,4693.9,7270.4,10975.6,9099.7,20326.7,14409.2,12600.2,Hippodromo,195250.0,78125.0,157750.0,12.182041189327741
728,Lamudi,ceiling,House For Sale in Pooc,"Corona Del Mar, In front of corona del mar, Pooc, Talisay, Lalawigan ng Cebu, Pilipinas",Talisay City,Single Detached,,287.0,4.0,4.0,18500000.0,10.2425683,123.8200271,Lamudi scraper,False,64459.93031358885,16.733281290048552,,18818.3,3142.3,5,1,0,7,0,0,0.0553,17380600.0,,,12451.0,13249.2,15582.2,16400.1,5356.4,2062.7,21660.5,7785.0,2534.8,1757.1,Pooc,11800.0,14000.0,,9.375939552625749
729,Lamudi,ceiling,House For Sale in Mactan,"Maribago, Lapu-Lapu City, Cebu, Pilipinas",Lapu-Lapu City,Single Detached,,288.0,3.0,4.0,22493810.0,10.2902065,123.9984363,Lamudi scraper,False,78103.50694444444,16.928750718213532,,2844.7,11336.5,4,0,1,6,0,1,0.0439,14599989.0,,,10753.0,10920.9,10223.4,5772.3,15403.7,18195.7,10318.1,27832.0,22561.4,20896.6,Maribago,4125.0,9750.0,112500.0,8.325063693631197
730,Lamudi,ceiling,Condo For Sale in Agus,"Agus Road, Marigondon, Lapu-Lapu City, Cebu, Central Visayas, PHL",Lapu-Lapu City,Condominium,,25.0,1.0,1.0,4468775.0,10.28410958,123.97552209,Lamudi scraper,False,178751.0,15.3126248798144,,2594.3,9530.5,4,1,4,5,0,2,0.0609,11740105.0,,,8653.5,8982.5,8744.4,4216.4,12833.6,15599.3,10354.6,25242.1,19967.5,18308.7,Basak,10000.0,15000.0,62500.0,9.210440366976517
731,Lamudi,ceiling,Condo For Sale in Cebu Business Park,"Cardinal Rosales Avenue, Hippodromo, Cebu City, Cebu, Central Visayas, PHL",Cebu City,Condominium,,107.0,1.0,1.0,7200000.0,10.31557373,123.9053366,Lamudi scraper,False,67289.71962616823,15.789591583986285,,8111.4,1395.9,20,17,51,45,2,5,0.5324,26718729.0,,,281.3,1239.8,3348.4,5039.7,7031.9,10755.0,9316.4,20061.8,14130.7,12320.6,Luz,51250.0,206750.0,164500.0,10.844490409005417
732,Lamudi,ceiling,Condo For Sale in Camputhaw,"Myvan Atelier Residences Condominium, Juana Osmeña Extension Road, Cebu City, Lalawigan ng Cebu, Pilipinas",Cebu City,Condominium,,18.0,1.0,1.0,1800000.0,10.3193622,123.8928075,Lamudi scraper,False,100000.0,14.403297222866392,,9524.9,153.4,15,15,33,29,0,3,0.3595,52748401.0,,,1263.2,1636.4,3937.1,6437.2,6455.0,10219.3,10033.3,19248.1,13258.3,11450.3,Camputhaw,63000.0,74000.0,120000.0,11.050905878263567
733,Lamudi,ceiling,Condo For Sale in Camputhaw,"WTC Building, Juana Osmena Street, Camputhaw, Cebu City, Cebu, Central Visayas, PHL",Cebu City,Condominium,,75.0,2.0,1.0,4500000.0,10.31855454,123.8931587,Lamudi scraper,False,60000.0,15.319587954740548,,9474.5,221.6,17,18,45,38,0,4,0.4409,51498465.0,,,1216.2,1650.9,3964.4,6390.7,6404.1,10168.6,10060.9,19219.9,13233.9,11425.1,Camputhaw,63000.0,74000.0,120000.0,11.050905878263567
734,Lamudi,ceiling,Townhouse For Sale in Bulacao,"Abores St, Talisay, Lalawigan ng Cebu, Pilipinas",Talisay City,Single Detached,,93.0,4.0,4.0,7450000.0,10.2703957,123.8431262,Lamudi scraper,False,80107.52688172043,15.823724590355742,,15417.2,1096.9,13,2,13,12,1,0,0.1679,10177400.0,,,8520.0,9283.4,11614.7,12781.4,1732.1,2930.6,17704.9,11602.6,5706.8,3913.5,Bulacao,9000.0,35000.0,,9.105090961257085
735,Lamudi,ceiling,Studio For Sale in Agus,"Agus Road, Marigondon, Lapu-Lapu City, Cebu, Central Visayas, PHL",Lapu-Lapu City,Residential,,30.0,1.0,1.0,5309958.0,10.28410958,123.97552209,Lamudi scraper,False,176998.6,15.48509448358232,,2594.3,9530.5,4,1,4,5,0,2,0.0609,11729037.0,,,8653.5,8982.5,8744.4,4216.4,12833.6,15599.3,10354.6,25242.1,19967.5,18308.7,Basak,10000.0,15000.0,62500.0,9.210440366976517
736,Lamudi,ceiling,Condo For Sale in Agus,"Agus Road, Marigondon, Lapu-Lapu City, Cebu, Central Visayas, PHL",Lapu-Lapu City,Condominium,,25.0,1.0,1.0,4369328.0,10.28410958,123.97552209,Lamudi scraper,False,174773.12,15.290119779503364,,2594.3,9530.5,4,1,4,5,0,2,0.0609,11741414.0,,,8653.5,8982.5,8744.4,4216.4,12833.6,15599.3,10354.6,25242.1,19967.5,18308.7,Basak,10000.0,15000.0,62500.0,9.210440366976517
737,Lamudi,ceiling,House For Sale in Cebu Business Park,"Monterrazas De Cebu, Lungsod ng Cebu, Lalawigan ng Cebu, Pilipinas",Cebu City,Single Detached,,485.0,5.0,3.0,54518000.0,10.319731,123.9064672,Lamudi scraper,False,112408.24742268042,17.814041480333973,,8055.5,1092.5,17,14,54,48,2,6,0.4998,26436477.0,,,318.6,780.5,2890.2,4957.7,7444.9,11181.2,8898.2,20439.1,14490.3,12679.3,Luz,51250.0,206750.0,164500.0,10.844490409005417
738,Lamudi,ceiling,Condo For Sale in Lahug,"Sanson Rd, Cebu City, Lalawigan ng Cebu, Pilipinas",Cebu City,Condominium,,57.0,1.0,1.0,17569100.0,10.3314565,123.8967152,Lamudi scraper,False,308229.8245614035,16.68165223517458,,9396.3,592.2,13,1,7,11,0,3,0.1375,18296189.0,,,1721.4,1121.6,2870.8,6297.4,7812.6,11571.5,8884.1,20454.9,14443.4,12644.6,Lahug,30000.0,57000.0,115000.0,10.308985993422082
739,Lamudi,ceiling,Condo For Sale in Cebu Business Park,"Cardinal Rosales Avenue, Hippodromo, Cebu City, Cebu, Central Visayas, PHL",Cebu City,Condominium,,124.0,3.0,3.0,19844000.0,10.3173365,123.9063138,Lamudi scraper,False,160032.25806451612,16.803412252403078,,8030.3,1299.8,16,16,49,45,2,5,0.4958,26791890.0,,,233.0,1044.7,3125.3,4945.3,7244.9,10971.8,9100.7,20264.8,14327.7,12517.2,Luz,51250.0,206750.0,164500.0,10.844490409005417
740,Lamudi,ceiling,Land For Sale in Tayud,"Tayud liloan cebu, Bayan ng Liloan, Lalawigan ng Cebu, Pilipinas",Liloan,Residential,,1741.0,,,27856000.0,10.3797702,123.9945086,Lamudi scraper,False,16000.0,17.142558940990106,,8247.1,9392.2,2,0,0,4,0,0,0.0207,,,,12035.2,11359.2,9107.5,8736.3,19080.9,22734.0,3379.6,32148.8,26208.3,24397.3,Tayud,2250.0,3500.0,,7.719129840906732
741,Lamudi,ceiling,Beach House For Sale in Luyang,"Luyang, Carmen, Cebu, Central Visayas, PHL",Carmen,Single Detached,,565.0,4.0,6.0,90000000.0,10.602795,124.024605,Lamudi scraper,False,159292.0353982301,18.31532022829454,,33246.1,30318.0,1,0,0,0,1,0,0.0338,90000000.0,,,34306.9,33335.6,31188.4,33133.5,41018.2,44734.9,26025.3,52697.3,46811.5,45151.4,Luyang,2250.0,3250.0,,7.719129840906732
742,Lamudi,ceiling,House For Sale in Lahug,"25 Elisa Valley, Cebu City, Lalawigan ng Cebu, Pilipinas",Cebu City,Single Detached,,114.0,,,10800000.0,10.3354758,123.8916918,Lamudi scraper,False,94736.84210526316,16.195056692094447,,10054.6,1293.2,5,1,3,7,0,2,0.07,20741878.0,,,2392.0,1821.8,3263.4,6964.1,7931.7,11665.7,9111.1,20360.0,14339.3,12554.0,Lahug,30000.0,57000.0,115000.0,10.308985993422082
743,Lamudi,ceiling,Condo For Sale in Luz,"Tres Borces, Mabolo, Cebu City, Cebu, Central Visayas, PHL",Cebu City,Condominium,,57.0,2.0,1.0,8490000.0,10.319411,123.913047,Lamudi scraper,False,148947.36842105264,15.95439955828753,,7340.9,1666.0,13,8,40,36,1,5,0.3397,30129337.0,,,977.1,1137.7,2602.8,4240.3,7941.2,11644.9,8433.3,20993.9,15070.7,13261.0,Mabolo,40600.0,98860.0,112500.0,10.611547975828369
744,Lamudi,ceiling,House For Sale in Pitalo,"Pitalo, San Fernando, Cebu, Central Visayas, PHL",San Fernando,Single Detached,,,4.0,3.0,7226112.0,10.1799435,123.721181,Lamudi scraper,False,,15.793211690154438,,31559.6,16001.6,2,0,0,0,0,0,0.0121,4359433.0,,,25228.7,25966.8,28288.4,29247.8,18208.4,14730.5,34384.8,5107.8,11105.4,12905.8,Pitalo,6000.0,14000.0,,8.699681400989514
745,Lamudi,ceiling,Condo For Sale in Punta Engaño,"Punta Engano, Lapu-Lapu City, Cebu, Central Visayas, PHL",Lapu-Lapu City,Condominium,,65.0,2.0,2.0,8000000.0,10.33005475,124.04013073,Lamudi scraper,False,123076.92307692308,15.89495209964411,,7155.5,14142.8,3,0,0,1,0,0,0.0203,31619772.0,,,14925.8,14703.4,13106.2,9880.5,20857.6,23999.9,9819.4,33703.0,28173.0,26431.8,Punta Engaño,7000.0,13500.0,95000.0,8.853808274977197
746,Lamudi,ceiling,Townhouse For Sale in Maguikay,"Maguikay, Mandaue, Lalawigan ng Cebu, Pilipinas",Mandaue City,Single Detached,,85.0,3.0,3.0,6699000.0,10.3395534,123.9373697,Lamudi scraper,False,78811.76470588235,15.717468819490405,,5803.5,3067.4,15,4,25,28,0,1,0.2266,104701089.0,,,4351.8,3740.4,1816.1,3261.4,11418.1,15109.7,5023.9,24464.9,18525.1,16714.2,Maguikay,10000.0,16000.0,,9.210440366976517
747,Lamudi,ceiling,Penthouse For Sale in Mandaue,"W.O. Seno, Subangdaku, Cebu City, Cebu, Central Visayas, PHL",Mandaue City,Single Detached,,116.0,2.0,2.0,35000000.0,10.3207231,123.9294311,Lamudi scraper,False,301724.1379310345,17.37085861945369,,5626.6,3072.7,6,6,20,18,6,1,0.3313,189707166.0,,,2772.5,2673.3,2493.3,2524.8,9438.3,13053.7,7253.0,22546.2,16679.2,14875.9,Subangdaku,23575.0,68750.0,132500.0,10.06798452441753
748,Lamudi,ceiling,House For Sale in Kasambagan,"164-164 F. Cabahug St, Mabolo, Cebu City, Cebu, Central Visayas, PHL",Cebu City,Single Detached,,180.0,3.0,3.0,23000000.0,10.3231831,123.91417399,Lamudi scraper,False,127777.77777777778,16.951004773893423,,7310.3,1606.2,9,8,25,26,0,1,0.2259,35348515.0,,,1235.7,1000.3,2166.2,4204.1,8315.6,12033.1,8038.5,21342.7,15403.7,13593.0,Kasambagan,30000.0,34500.0,115000.0,10.308985993422082
749,Lamudi,ceiling,Beach Lot For Sale in Cotcot,"Cebu North Road, Jubay, Liloan, Cebu, Central Visayas, PHL",Liloan,Lot Only,,,,,2500000.0,10.42722,124.000071,Lamudi scraper,False,,14.73180128983843,,13544.4,12587.0,0,1,0,2,0,1,0.0198,10114667.0,,,16052.6,15208.2,12877.7,13705.8,23171.6,26918.1,6894.8,35983.3,29967.6,28172.7,Cotcot,2500.0,,,7.824445930877619
750,Lamudi,ceiling,Penthouse For Sale in Cebu Business Park,"8W85+49 Cebu City, Cebu, Philippines",Cebu City,Single Detached,,99.0,2.0,2.0,28383000.0,10.315373,123.908492,Lamudi scraper,False,286696.9696969697,17.161300932354692,,7765.9,1613.0,17,14,47,47,4,7,0.5504,27592975.0,,,540.3,1296.1,3207.1,4693.9,7270.4,10975.6,9099.7,20326.7,14409.2,12600.2,Hippodromo,195250.0,78125.0,157750.0,12.182041189327741
751,Lamudi,ceiling,Condo For Sale in Cebu Business Park,"Cardinal Rosales Avenue, Hippodromo, Cebu City, Cebu, Central Visayas, PHL",Cebu City,Condominium,,76.0,2.0,3.0,20460737.0,10.31557373,123.9053366,Lamudi scraper,False,269220.2236842105,16.83401833934437,,8111.4,1395.9,20,17,51,45,2,5,0.5324,26557013.0,,,281.3,1239.8,3348.4,5039.7,7031.9,10755.0,9316.4,20061.8,14130.7,12320.6,Luz,51250.0,206750.0,164500.0,10.844490409005417
752,Lamudi,ceiling,Commercial Lot For Sale in Basak,"Basak, Lapu-Lapu, Lalawigan ng Cebu, Pilipinas",Lapu-Lapu City,Lot Only,,20000.0,,,270000000.0,10.2963065,123.9666404,Lamudi scraper,False,13500.0,19.41393251696265,,1813.8,7962.6,5,11,9,14,3,1,0.27,9343450.0,,,7234.0,7469.0,7093.5,2552.3,12098.4,15133.3,8923.9,24833.6,19364.5,17651.7,Basak,10000.0,15000.0,62500.0,9.210440366976517
753,Lamudi,ceiling,Land For Sale in Banilad,"Banilad, Cebu City, Cebu, Philippines",Cebu City,Residential,,1262.0,,,59314000.0,10.3506292,123.9135389,Lamudi scraper,False,47000.0,17.898355923793353,,8636.8,291.9,15,8,14,34,0,0,0.2606,80386717.0,,,3781.8,2791.7,1293.9,5833.0,10604.5,14368.0,6204.2,23252.8,17235.9,15442.5,Talamban,26375.0,68100.0,117500.0,10.180209784751566
754,Lamudi,ceiling,House For Sale in Banilad,"Sto. Niño Village, Gov. M. Cuenco Ave, Mandaue City, Lalawigan ng Cebu, Pilipinas",Mandaue City,Single Detached,,200.0,3.0,3.0,25000000.0,10.3446568,123.9190804,Lamudi scraper,False,125000.0,17.034386382832476,,7765.8,1064.0,22,11,21,37,0,0,0.3479,22722604.0,,,3391.7,2470.1,401.8,4935.1,10434.6,14194.2,6038.3,23260.0,17259.7,15455.1,Banilad,16115.0,22350.0,102500.0,9.687567846311238
755,Lamudi,ceiling,Studio For Sale in Apas,"Kasambagan, Cebu City, Cebu, Central Visayas, PHL",Cebu City,Residential,,23.0,,1.0,4500000.0,10.33280355,123.90906928,Lamudi scraper,False,195652.1739130435,15.319587954740548,,8162.1,472.9,15,4,24,32,2,3,0.3006,25260618.0,,,1742.3,767.4,1615.1,5093.2,8721.1,12481.3,7710.1,21571.5,15580.4,13772.9,Apas,28800.0,37300.0,125550.0,10.268165387743457
756,Lamudi,ceiling,Condo For Sale in Tipolo,"Hernan Cortes Street, Mandaue, Lalawigan ng Cebu, Pilipinas",Mandaue City,Condominium,,25.0,,1.0,4757280.0,10.3347906,123.9234692,Lamudi scraper,False,190291.2,15.375186634308646,,6805.1,1780.0,8,3,6,10,0,1,0.1127,4847736.0,,,2821.2,2134.7,798.9,3851.6,9943.8,13670.6,6401.0,22934.8,16974.0,15163.1,Tipolo,21150.0,41250.0,60000.0,9.959442464680574
757,Lamudi,ceiling,Land For Sale in Mantija,"Danao, Cebu, Pilipinas",Danao City,Residential,,16848.0,,,126360000.0,10.5417498,123.9527031,Lamudi scraper,False,7500.0,18.65464553389816,,26239.8,21410.6,1,0,0,0,0,0,0.0061,,,,25452.1,24455.4,22535.7,25363.5,31715.4,35334.6,18413.5,42786.6,37010.0,35418.6,Mantija,1250.0,2500.0,,7.1316985104669115
758,Lamudi,ceiling,Penthouse For Sale in Camputhaw,"Molave, Hippodromo, Cebu City, Cebu, Central Visayas, PHL",Cebu City,Single Detached,,257.0,4.0,4.0,42743550.0,10.32026255,123.9015357,Lamudi scraper,False,166317.3151750973,17.570728864770953,,8597.1,798.1,21,16,54,43,2,5,0.5278,27464845.0,,,399.2,853.8,3172.3,5500.3,7122.7,10877.2,9246.1,20050.3,14082.7,12272.0,Camputhaw,63000.0,74000.0,120000.0,11.050905878263567
759,Lamudi,ceiling,Villas For Sale in Guinsay,"Guinsay, Danao City, Cebu, Pilipinas",Danao City,Residential,,188.0,3.0,4.0,15022665.0,10.5447085,124.0279392,Lamudi scraper,False,79907.7925531915,16.525070618654613,,26947.9,24727.3,2,0,0,0,0,0,0.0121,6570014.0,,,28621.2,27677.8,25447.1,27022.4,35528.5,39282.8,19974.8,47676.1,41703.2,39984.3,Guinsay,2000.0,3000.0,,7.601402334583733
760,Lamudi,ceiling,Condo For Sale in Marigondon,"7X8W+FW Lapu-Lapu City, Cebu, Philippines",Lapu-Lapu City,Condominium,,70.0,2.0,2.0,9500000.0,10.266182,123.997295,Lamudi scraper,False,135714.2857142857,16.06680235657077,,4980.3,12619.7,0,0,0,0,0,0,0.0,11848466.0,,,11689.6,12065.8,11833.7,7288.2,15156.9,17512.2,12804.0,26950.9,22012.3,20447.0,,9500.0,19500.0,57500.0,9.15915233520675
761,Lamudi,ceiling,Condo For Sale in Mactan,"Costa Vida Residential Residences, The Mactan Newtown, Lungsod ng Lapu-Lapu, Lalawigan ng Cebu, Pilipinas",Lapu-Lapu City,Condominium,,46.0,1.0,1.0,16132000.0,10.3037982,124.017372,Lamudi scraper,False,350695.652173913,16.596315434975395,,4215.9,12580.0,0,1,4,8,2,1,0.0931,14686417.0,,,12473.5,12472.7,11357.5,7304.1,17699.3,20625.9,9986.5,30294.4,24932.5,23237.8,Mactan,5000.0,10500.0,107500.0,8.517393171418904
762,Lamudi,ceiling,Condo For Sale in Cebu Business Park,"Monterrazas De Cebu, Lungsod ng Cebu, Lalawigan ng Cebu, Pilipinas",Cebu City,Condominium,,305.0,3.0,3.0,59564400.0,10.319731,123.9064672,Lamudi scraper,False,195293.11475409835,17.902568638135403,,8055.5,1092.5,17,14,54,48,2,6,0.4998,26381625.0,,,318.6,780.5,2890.2,4957.7,7444.9,11181.2,8898.2,20439.1,14490.3,12679.3,Luz,51250.0,206750.0,164500.0,10.844490409005417
763,Lamudi,ceiling,House For Sale in Tabla,"Consolacion, Cebu, Pilipinas",Liloan,Single Detached,,444.0,4.0,4.0,35000000.0,10.4367842,123.9415518,Lamudi scraper,False,78828.82882882883,17.37085861945369,,14980.7,9804.7,0,0,0,0,0,0,0.0,143252344.0,,,13837.9,12849.7,10832.3,13733.4,20446.4,24167.1,7129.5,32404.3,26434.7,24724.0,San Roque,2000.0,,,7.601402334583733
764,Lamudi,ceiling,Studio For Sale in Agus,"Agus Road, Marigondon, Lapu-Lapu City, Cebu, Central Visayas, PHL",Lapu-Lapu City,Residential,,30.0,1.0,1.0,5269543.0,10.28410958,123.97552209,Lamudi scraper,False,175651.43333333332,15.477454199489832,,2594.3,9530.5,4,1,4,5,0,2,0.0609,11729569.0,,,8653.5,8982.5,8744.4,4216.4,12833.6,15599.3,10354.6,25242.1,19967.5,18308.7,Basak,10000.0,15000.0,62500.0,9.210440366976517
765,Lamudi,ceiling,Land For Sale in Punta Princesa,"352-352 Tres de Abril St, Punta Princesa, Cebu City, Cebu, Central Visayas, PHL",Cebu City,Residential,,685.0,,,35000000.0,10.29426164,123.87058277,Lamudi scraper,False,51094.890510948906,17.37085861945369,,11946.9,452.2,17,5,2,16,0,2,0.2008,16354233.0,,,4523.2,5276.1,7608.4,9096.8,2800.0,6546.6,13696.7,15601.1,9651.9,7841.3,Punta Princesa,16000.0,19500.0,92500.0,9.680406499268875
766,Lamudi,ceiling,Condo For Sale in Cebu Business Park,"Cebu Business Park Ayala, Cardinal Rosales Avenue, Cebu City, Lalawigan ng Cebu, Pilipinas",Cebu City,Condominium,,101.0,2.0,3.0,23000000.0,10.3193765,123.9085363,Lamudi scraper,False,227722.77227722772,16.951004773893423,,7825.7,1275.9,11,10,55,47,2,6,0.4225,29473741.0,,,497.6,870.6,2807.7,4728.1,7577.4,11303.3,8768.7,20595.4,14655.8,12845.1,Luz,51250.0,206750.0,164500.0,10.844490409005417
767,Lamudi,ceiling,Studio For Sale in Agus,"Agus Road, Marigondon, Lapu-Lapu City, Cebu, Central Visayas, PHL",Lapu-Lapu City,Residential,,30.0,1.0,1.0,5309958.0,10.28410958,123.97552209,Lamudi scraper,False,176998.6,15.48509448358232,,2594.3,9530.5,4,1,4,5,0,2,0.0609,11729037.0,,,8653.5,8982.5,8744.4,4216.4,12833.6,15599.3,10354.6,25242.1,19967.5,18308.7,Basak,10000.0,15000.0,62500.0,9.210440366976517
768,Lamudi,ceiling,Land For Sale in San Roque,"Cebu South Road Properties, Antuwanga, Cebu City, Cebu, Philippines",Cebu City,Residential,,2601.0,,,815413500.0,10.29118002,123.90269678,Lamudi scraper,True,313500.0,20.519205904503764,,8534.5,2663.1,15,8,60,36,6,5,0.5148,181511503.0,,,2972.5,3965.7,5939.8,5881.5,5252.4,8716.0,11605.7,18321.4,12586.5,10816.9,San Roque (Ciudad),28125.0,90642.5,,10.244449694430193
769,Lamudi,ceiling,Warehouse For Sale in Pagsabungan,"Pagsabungan, Mandaue City, Lalawigan ng Cebu, Pilipinas",Mandaue City,Single Detached,,4564.0,,,21000.0,10.3567803,123.9444159,Lamudi scraper,True,4.601226993865031,9.95227771670556,,6686.6,3459.4,6,0,6,7,0,2,0.0697,97615000.0,,,6166.3,5389.9,3083.3,4855.3,13293.0,17021.4,3050.2,26250.5,20269.8,18460.8,Pagsabungan,16400.0,20100.0,127500.0,9.70509758756311
770,Lamudi,ceiling,Townhouse For Sale in Ibabao-Estancia,"5711 M. C. Briones St, Mandaue City, Cebu, Philippines",Mandaue City,Single Detached,,80.0,4.0,3.0,6299000.0,10.336955,123.942074,Lamudi scraper,False,78737.5,15.655901448604066,,5221.4,3626.1,14,5,33,29,1,0,0.2645,104616026.0,,,4649.9,4131.9,2372.4,2783.1,11628.0,15285.3,4998.8,24710.3,18796.8,16987.4,Maguikay,10000.0,16000.0,,9.210440366976517
771,Lamudi,ceiling,House For Sale in Banilad,"Maria Luisa Estate Park, Paseo Annabelle, Cebu City, Lalawigan ng Cebu, Pilipinas",Cebu City,Single Detached,,870.0,5.0,4.0,95000000.0,10.3473466,123.9078808,Lamudi scraper,False,109195.40229885056,18.369387449564815,,8969.3,514.8,13,9,17,19,0,0,0.23,80633180.0,,,3301.8,2305.7,1563.7,6054.9,9958.7,13718.9,6921.9,22551.8,16533.3,14742.4,Banilad,41500.0,92500.0,90000.0,10.633472802314019
772,Lamudi,ceiling,House For Sale in Maghaway,"Azienda Milan, Talisay, Lalawigan ng Cebu, Pilipinas",Talisay City,Single Detached,,200.0,3.0,2.0,5500000.0,10.2720825,123.8194335,Lamudi scraper,False,27500.0,15.5202586502027,,17887.7,2950.6,2,0,0,0,0,0,0.0121,3378490.0,,,10584.6,11230.0,13520.0,15155.9,4316.8,3737.3,19601.4,9788.6,3775.2,2078.8,Maghaway,6000.0,,,8.699681400989514
773,Lamudi,ceiling,House For Sale in Cebu,"15c Turquoise St, Cebu City, Cebu, Philippines",Cebu City,Single Detached,,145.0,3.0,3.0,18000000.0,10.36171,123.911374,Lamudi scraper,False,124137.93103448275,16.70588231586044,,9563.6,962.8,4,0,4,18,0,0,0.0676,23206428.0,,,4936.8,3939.2,2475.4,6905.7,11522.9,15272.5,5964.6,23944.2,17923.1,16149.0,Talamban,26375.0,68100.0,117500.0,10.180209784751566
774,Lamudi,ceiling,Townhouse For Sale in Talamban,"Talamban, Lungsod ng Cebu, Lalawigan ng Cebu, Pilipinas",Cebu City,Single Detached,,295.0,4.0,5.0,13500000.0,10.3670682,123.9173923,Lamudi scraper,False,45762.71186440678,16.41820024340866,,9472.8,1615.2,6,0,7,16,1,2,0.118,26851646.0,,,5656.4,4663.7,2867.4,7006.1,12370.6,16125.7,5182.2,24830.5,18809.3,17033.8,Talamban,26375.0,68100.0,117500.0,10.180209784751566
775,Lamudi,ceiling,Condo For Sale in Agus,"Agus Road, Marigondon, Lapu-Lapu City, Cebu, Central Visayas, PHL",Lapu-Lapu City,Condominium,,25.0,1.0,1.0,5486084.0,10.28410958,123.97552209,Lamudi scraper,False,219443.36,15.517725262064978,,2594.3,9530.5,4,1,4,5,0,2,0.0609,11726720.0,,,8653.5,8982.5,8744.4,4216.4,12833.6,15599.3,10354.6,25242.1,19967.5,18308.7,Basak,10000.0,15000.0,62500.0,9.210440366976517
776,Lamudi,ceiling,Commercial For Sale in Guizo,"Mandaue City, Cebu, Philippines",Mandaue City,Residential,,97.0,,,17402600.0,10.3321417,123.9357136,Lamudi scraper,False,179408.2474226804,16.672130178309267,,5487.4,3111.3,15,8,34,33,4,2,0.4048,167367817.0,,,3789.9,3331.2,1927.7,2675.2,10750.3,14410.7,5811.4,23833.1,17922.7,16113.6,Guizo,12750.0,26500.0,,9.453364978883542
777,Lamudi,ceiling,House For Sale in Pitalo,"Pitalo, San Fernando, Cebu, Central Visayas, PHL",San Fernando,Single Detached,,,3.0,3.0,7188000.0,10.18209594,123.7204914,Lamudi scraper,False,,15.787923526885589,,31520.6,15934.2,2,0,0,0,0,0,0.0121,4372137.0,,,25144.2,25876.0,28195.5,29192.0,18138.0,14682.0,34291.7,5027.7,11005.6,12809.4,Pitalo,6000.0,14000.0,,8.699681400989514
778,Lamudi,ceiling,House For Sale in Agus,"White Sands Resort Villas, Maribago, Lapu-Lapu City, Lalawigan ng Cebu, Pilipinas",Lapu-Lapu City,Single Detached,,179.0,4.0,3.0,16500000.0,10.2882521,123.9983585,Lamudi scraper,False,92178.77094972068,16.61887093887081,,2987.4,11425.4,4,0,1,6,0,1,0.0439,15520607.0,,,10809.1,10995.7,10339.3,5866.2,15368.0,18128.0,10517.5,27753.3,22507.0,20849.2,Maribago,4125.0,9750.0,112500.0,8.325063693631197
779,Lamudi,ceiling,Condo For Sale in Punta Engaño,"Punta Engano, Lapu-Lapu City, Cebu, Central Visayas, PHL",Lapu-Lapu City,Condominium,,74.0,2.0,2.0,16600000.0,10.33004573,124.04013199,Lamudi scraper,False,224324.32432432432,16.62491325332677,,7155.3,14143.1,3,0,0,1,0,0,0.0203,31424317.0,,,14925.9,14703.5,13106.4,9880.5,20857.4,23999.6,9820.0,33702.8,28172.8,26431.6,Punta Engaño,7000.0,13500.0,95000.0,8.853808274977197
780,Lamudi,ceiling,House For Sale in Banilad,"Maria Luisa Road, Cebu City, Lalawigan ng Cebu, Pilipinas",Cebu City,Single Detached,,1522.0,8.0,8.0,200000000.0,10.3442423,123.9099079,Lamudi scraper,False,131406.0446780552,19.11382792451231,,8607.3,145.2,17,9,19,21,0,1,0.2665,39257377.0,,,2997.2,2000.8,1238.8,5668.7,9794.2,13558.3,6899.9,22479.2,16465.8,14668.6,Banilad,41500.0,92500.0,90000.0,10.633472802314019
781,Lamudi,ceiling,Condo For Sale in Cebu,"V Rama Ave & Gervacio Quijada Street, Lungsod ng Cebu, Cebu, Pilipinas",Cebu City,Condominium,,20.0,,1.0,2959746.0,10.3231788,123.8837966,Lamudi scraper,False,147987.3,14.900614011807471,,10564.6,1113.0,11,4,6,9,0,3,0.1498,48588511.0,,,2314.6,2435.2,4540.7,7467.0,6323.3,10050.3,10570.3,18791.6,12775.3,10981.3,Guadalupe,23700.0,29550.0,84000.0,10.073272520325904
782,Lamudi,ceiling,Penthouse For Sale in Mandaue,"W.O. Seno, Subangdaku, Cebu City, Cebu, Central Visayas, PHL",Mandaue City,Single Detached,,130.0,3.0,2.0,38000000.0,10.3207231,123.9294311,Lamudi scraper,False,292307.6923076923,17.45309671769066,,5626.6,3072.7,6,6,20,18,6,1,0.3313,189492880.0,,,2772.5,2673.3,2493.3,2524.8,9438.3,13053.7,7253.0,22546.2,16679.2,14875.9,Subangdaku,23575.0,68750.0,132500.0,10.06798452441753
783,Lamudi,ceiling,Studio For Sale in Cebu Business Park,"Cardinal Rosales Avenue, Hippodromo, Cebu City, Cebu, Central Visayas, PHL",Cebu City,Residential,,25.0,1.0,1.0,6500000.0,10.31557373,123.9053366,Lamudi scraper,False,260000.0,15.687312734865866,,8111.4,1395.9,20,17,51,45,2,5,0.5324,26727266.0,,,281.3,1239.8,3348.4,5039.7,7031.9,10755.0,9316.4,20061.8,14130.7,12320.6,Luz,51250.0,206750.0,164500.0,10.844490409005417
784,Lamudi,ceiling,Townhouse For Sale in Pakigne,"Tubod, Minglanilla, Cebu, Central Visayas, PHL",Minglanilla,Single Detached,,60.0,4.0,3.0,7494040.0,10.26057959,123.7998166,Lamudi scraper,False,124900.66666666669,15.82961859592494,,20276.7,4738.9,2,0,0,0,0,0,0.0121,4652286.0,,,13081.9,13727.4,16013.3,17599.3,6583.8,4628.6,22089.6,7419.4,1629.6,1323.9,Tubod,6500.0,8000.0,,8.77971129020447
785,Lamudi,ceiling,Condo For Sale in Guizo,"Mandaue, Lalawigan ng Cebu, Pilipinas",Mandaue City,Condominium,,35.0,1.0,1.0,4946032.0,10.3321417,123.9357136,Lamudi scraper,False,141315.2,15.414096196917216,,5487.4,3111.3,15,8,34,33,4,2,0.4048,168100557.0,,,3789.9,3331.2,1927.7,2675.2,10750.3,14410.7,5811.4,23833.1,17922.7,16113.6,Guizo,12750.0,26500.0,,9.453364978883542
786,Lamudi,ceiling,House For Sale in Subabasbas,"Subabasbas, Lapu-Lapu City, Cebu, Central Visayas, PHL",Lapu-Lapu City,Single Detached,,255.0,4.0,4.0,16500000.0,10.27115237,123.96509335,Lamudi scraper,False,64705.882352941175,16.61887093887081,,4285.9,9462.5,3,0,0,0,0,0,0.0182,5198286.0,,,8443.2,8961.1,9197.6,4959.0,11620.6,14136.9,11716.3,23703.9,18584.7,16978.6,Subabasbas,3225.0,8260.0,,8.078998258685154
787,Lamudi,ceiling,House For Sale in Bulacao,"7RCV+4RJ, Talisay, 6045 Cebu, Philippines",Talisay City,Single Detached,,238.0,3.0,4.0,14000000.0,10.27042595,123.84478625,Lamudi scraper,False,58823.529411764706,16.454567887579532,,15241.3,945.5,11,2,13,10,1,0,0.1515,10013650.0,,,8376.0,9147.9,11480.1,12612.0,1551.1,2968.8,17567.7,11750.5,5869.1,4080.1,Bulacao,9000.0,35000.0,,9.105090961257085
788,Lamudi,ceiling,House For Sale in Cabancalan,"Limonia St, Mandaue City, Cebu, Philippines",Mandaue City,Single Detached,,858.0,4.0,5.0,130000000.0,10.3594296,123.921582,Lamudi scraper,False,151515.15151515152,18.683045008419857,,8554.5,1166.6,3,1,3,25,0,0,0.0854,37113848.0,,,4995.1,4028.1,1993.9,6043.3,11910.0,15674.3,4992.0,24563.9,18545.8,16754.1,Cabancalan,17100.0,15950.0,,9.746892220313054
789,Lamudi,ceiling,Condo For Sale in Cebu,"1119 Middle Nivel Hills Rd, Cebu City, 6000 Cebu, Philippines",Cebu City,Condominium,,110.0,2.0,1.0,11600000.0,10.342605,123.896352,Lamudi scraper,False,105454.54545454546,16.266515656076592,,9860.6,1307.4,1,0,0,2,0,0,0.0103,15353312.0,,,2883.3,2044.9,2686.6,6824.8,8869.8,12607.0,8284.0,21279.1,15257.6,13476.9,Lahug,30000.0,57000.0,115000.0,10.308985993422082
790,Lamudi,ceiling,Condo For Sale in Maribago,"Buyong Road, Maribago, Lapu-Lapu City, Cebu, Central Visayas, PHL",Lapu-Lapu City,Condominium,,48.0,1.0,1.0,12000000.0,10.28986648,124.00575829,Lamudi scraper,False,250000.0,16.300417207752275,,3505.3,12074.6,2,0,0,0,0,1,0.0177,17831608.0,,,11533.0,11681.5,10917.1,6512.3,16193.3,18956.0,10672.6,28577.8,23336.2,21677.7,Mactan,5000.0,10500.0,107500.0,8.517393171418904
791,Lamudi,ceiling,Condo For Sale in Punta Engaño,"Mövenpick Cebu, Mactan Island, Punta Engaño Road, Lapu-Lapu, Lalawigan ng Cebu, Pilipinas",Lapu-Lapu City,Condominium,,120.0,2.0,2.0,9750000.0,10.3105249,124.0234039,Lamudi scraper,False,81250.0,16.09277784297403,,4873.0,12973.1,0,0,2,1,4,0,0.1157,13742444.0,,,13060.3,12994.6,11732.1,7888.9,18505.4,21496.2,9816.6,31178.7,25768.3,24059.5,Punta Engaño,7000.0,13500.0,95000.0,8.853808274977197
792,Lamudi,ceiling,Condo For Sale in Cebu Business Park,"Cardinal Rosales Avenue, Hippodromo, Cebu City, Cebu, Central Visayas, PHL",Cebu City,Condominium,,89.0,2.0,2.0,27054042.0,10.31575942,123.905961,Lamudi scraper,False,303978.0,17.113346979080724,,8045.9,1434.5,20,17,50,46,2,5,0.5334,26476607.0,,,299.7,1218.5,3296.3,4972.4,7095.6,10816.5,9254.6,20129.0,14199.2,12389.2,Hippodromo,195250.0,78125.0,157750.0,12.182041189327741
793,Lamudi,ceiling,Condo For Sale in Maribago,"The Istiraha in Tambuli Seaside Living, Tambuli Seaside Living, Buyong Road, Lungsod ng Lapu-Lapu, Lalawigan ng Cebu, Pilipinas",Lapu-Lapu City,Condominium,,92.0,2.0,2.0,21343000.0,10.2899738,124.0051262,Lamudi scraper,False,231989.13043478265,16.876234375025707,,3441.1,12008.5,2,0,0,0,0,1,0.0177,17460464.0,,,11463.2,11612.6,10852.1,6444.3,16126.2,18892.6,10632.2,28516.0,23271.1,21611.8,Maribago,4125.0,9750.0,112500.0,8.325063693631197
794,Lamudi,ceiling,Condo For Sale in Lahug,"32 Sanson by Rockwell, Sanson Road, Lungsod ng Cebu, Lalawigan ng Cebu, Pilipinas",Cebu City,Condominium,,187.0,3.0,4.0,50000000.0,10.3329596,123.8948853,Lamudi scraper,False,267379.67914438504,17.72753356339242,,9636.6,849.4,12,1,3,9,0,2,0.1167,18854161.0,,,1966.3,1377.9,2999.1,6540.7,7852.5,11604.6,8958.6,20420.5,14404.5,12610.0,Lahug,30000.0,57000.0,115000.0,10.308985993422082
795,Lamudi,ceiling,Land For Sale in Tabionan,"San Fernando, Cebu, Pilipinas",San Fernando,Residential,,10000.0,,,60000000.0,10.1871162,123.6846987,Lamudi scraper,False,6000.0,17.909855120186375,,34860.0,19106.7,0,0,0,0,0,0,0.0,,,,28080.5,28741.0,31025.5,32393.8,21263.2,18024.7,37093.1,8371.9,13947.8,15747.7,Tananas,2000.0,,,7.601402334583733
796,Lamudi,ceiling,Condo For Sale in Marigondon,"7X8W+FW Lapu-Lapu City, Cebu, Philippines",Lapu-Lapu City,Condominium,,90.0,2.0,2.0,19000000.0,10.266182,123.997295,Lamudi scraper,False,211111.11111111112,16.759949537130716,,4980.3,12619.7,0,0,0,0,0,0,0.0,10898466.0,,,11689.6,12065.8,11833.7,7288.2,15156.9,17512.2,12804.0,26950.9,22012.3,20447.0,,9500.0,19500.0,57500.0,9.15915233520675
797,Lamudi,ceiling,Condo For Sale in Cebu Business Park,"Cebu Business Park, Cebu City, Lalawigan ng Cebu, Pilipinas",Cebu City,Condominium,,144.0,2.0,4.0,47000000.0,10.3173504,123.9059978,Lamudi scraper,False,326388.8888888889,17.665658159674333,,8064.8,1280.7,16,17,48,44,2,5,0.5024,26490157.0,,,199.3,1041.7,3141.7,4979.8,7221.3,10949.7,9123.5,20238.1,14299.7,12489.2,Luz,51250.0,206750.0,164500.0,10.844490409005417
798,Lamudi,ceiling,Condo For Sale in Punta Engaño,"Aruga Resort and Residences – Mactan, Punta Engaño Road, Lapu-Lapu, Lalawigan ng Cebu, Pilipinas",Lapu-Lapu City,Condominium,,99.0,2.0,3.0,39242820.0,10.323479,124.0367989,Lamudi scraper,False,396392.1212121212,17.485279055522664,,6578.4,13939.7,3,0,0,1,0,0,0.0203,32030043.0,,,14513.3,14338.9,12837.4,9410.0,20292.8,23381.2,9927.6,33079.1,27593.0,25863.0,Punta Engaño,7000.0,13500.0,95000.0,8.853808274977197
799,Lamudi,ceiling,Condo For Sale in Lahug,"Lahug, Cebu City, Lalawigan ng Cebu, Pilipinas",Cebu City,Condominium,,107.0,2.0,2.0,14000000.0,10.3338299,123.8941434,Lamudi scraper,False,130841.1214953271,16.454567887579532,,9743.1,975.6,12,1,3,8,0,2,0.1146,22313014.0,,,2091.3,1497.3,3047.6,6649.4,7896.4,11644.4,8975.4,20427.4,14409.6,12617.5,Lahug,30000.0,57000.0,115000.0,10.308985993422082
800,Lamudi,ceiling,Villas For Sale in Mactan,"Mactan, Lapu-Lapu City, Cebu, Central Visayas, PHL",Lapu-Lapu City,Residential,,360.0,5.0,5.0,50000000.0,10.305155,124.011241,Lamudi scraper,False,138888.88888888888,17.72753356339242,,3535.5,11898.9,4,1,4,9,1,1,0.0917,15785733.0,,,11789.3,11785.2,10679.0,6618.5,17074.7,20041.9,9481.6,29722.0,24325.1,22622.1,Mactan,5000.0,10500.0,107500.0,8.517393171418904
801,Lamudi,ceiling,Commercial For Sale in Banilad,"Gov. M. Cuenco Avenue, Lungsod ng Cebu, Lalawigan ng Cebu, Pilipinas",Cebu City,Residential,,,,,24300000.0,10.3490999,123.9132795,Lamudi scraper,False,,17.005986908310778,,8566.7,456.9,16,9,16,19,0,0,0.247,50228004.0,,,3610.4,2621.2,1185.1,5735.0,10448.3,14212.3,6309.7,23116.2,17100.6,15305.6,Banilad,41500.0,92500.0,90000.0,10.633472802314019
802,Lamudi,ceiling,Condo For Sale in Cebu,"1119 Middle Nivel Hills Rd, Cebu City, 6000 Cebu, Philippines",Cebu City,Condominium,,129.0,4.0,2.0,27915000.0,10.342605,123.896352,Lamudi scraper,False,216395.3488372093,17.144674736726596,,9860.6,1307.4,1,0,0,2,0,0,0.0103,14333625.0,,,2883.3,2044.9,2686.6,6824.8,8869.8,12607.0,8284.0,21279.1,15257.6,13476.9,Lahug,30000.0,57000.0,115000.0,10.308985993422082
803,Lamudi,ceiling,House For Sale in Talamban,"Talamban, Cebu City, Lalawigan ng Cebu, Pilipinas",Cebu City,Single Detached,,180.0,3.0,3.0,14000000.0,10.3693292,123.9169018,Lamudi scraper,False,77777.77777777778,16.454567887579532,,9688.7,1843.6,5,0,5,9,1,2,0.0945,18663251.0,,,5887.1,4892.5,3123.8,7248.2,12559.2,16310.8,5190.1,24973.0,18952.6,17181.5,Talamban,26375.0,68100.0,117500.0,10.180209784751566
804,Lamudi,ceiling,House For Sale in Banawa,"17 Forest Hills Rd, Banawa, Cebu City, 6000 Cebu, Philippines",Cebu City,Single Detached,,163.0,4.0,3.0,14500000.0,10.317175,123.878669,Lamudi scraper,False,88957.05521472392,16.489659207390805,,11031.0,1132.5,11,3,8,14,0,3,0.153,47321264.0,,,2800.0,3148.3,5352.7,7962.2,5483.5,9194.9,11411.7,17926.4,11912.1,10115.7,Guadalupe,23700.0,29550.0,84000.0,10.073272520325904
805,Lamudi,ceiling,Penthouse For Sale in Mandaue,"Subangdaku, Cebu City, Cebu, Central Visayas, PHL",Mandaue City,Single Detached,,207.0,3.0,2.0,57450000.0,10.31183708,123.92724037,Lamudi scraper,False,277536.231884058,17.86642556225904,,5684.9,3431.0,1,0,4,9,4,0,0.1413,58409935.0,,,2602.5,2873.4,3372.0,2646.7,8699.5,12243.7,8228.1,21808.2,15997.3,14204.4,Subangdaku,23575.0,68750.0,132500.0,10.06798452441753
806,Lamudi,ceiling,Condo For Sale in Agus,"Agus Road, Marigondon, Lapu-Lapu City, Cebu, Central Visayas, PHL",Lapu-Lapu City,Condominium,,22.0,1.0,1.0,3480285.0,10.28410958,123.97552209,Lamudi scraper,False,158194.77272727274,15.062624744949042,,2594.3,9530.5,4,1,4,5,0,2,0.0609,11753112.0,,,8653.5,8982.5,8744.4,4216.4,12833.6,15599.3,10354.6,25242.1,19967.5,18308.7,Basak,10000.0,15000.0,62500.0,9.210440366976517
807,Lamudi,ceiling,Condo For Sale in Mactan,"2 Casanta Soong, Lapu-Lapu City, 6015 Cebu, Philippines",Lapu-Lapu City,Condominium,,63.0,1.0,1.0,13490000.0,10.30416,124.007026,Lamudi scraper,False,214126.9841269841,16.41745922818394,,3085.6,11509.8,6,1,4,8,0,1,0.0739,28145201.0,,,11346.0,11358.1,10297.9,6180.4,16600.6,19570.5,9332.5,29252.2,23851.2,22147.9,Mactan,5000.0,10500.0,107500.0,8.517393171418904
808,Lamudi,ceiling,House For Sale in Pitalo,"Pitalo, San Fernando, Cebu, Central Visayas, PHL",San Fernando,Single Detached,,,4.0,2.0,5888000.0,10.18209594,123.7204914,Lamudi scraper,False,,15.58842693939085,,31520.6,15934.2,2,0,0,0,0,0,0.0121,4805471.0,,,25144.2,25876.0,28195.5,29192.0,18138.0,14682.0,34291.7,5027.7,11005.6,12809.4,Pitalo,6000.0,14000.0,,8.699681400989514
809,Lamudi,ceiling,Condo For Sale in Cebu Business Park,"Cardinal Rosales Avenue, Hippodromo, Cebu City, Cebu, Central Visayas, PHL",Cebu City,Condominium,,89.0,2.0,2.0,17500000.0,10.3173365,123.9063138,Lamudi scraper,False,196629.21348314607,16.67771143889374,,8030.3,1299.8,16,16,49,45,2,5,0.4958,26817935.0,,,233.0,1044.7,3125.3,4945.3,7244.9,10971.8,9100.7,20264.8,14327.7,12517.2,Luz,51250.0,206750.0,164500.0,10.844490409005417
810,Lamudi,ceiling,Studio For Sale in Agus,"Agus Road, Marigondon, Lapu-Lapu City, Cebu, Central Visayas, PHL",Lapu-Lapu City,Residential,,30.0,1.0,1.0,5269543.0,10.28410958,123.97552209,Lamudi scraper,False,175651.43333333332,15.477454199489832,,2594.3,9530.5,4,1,4,5,0,2,0.0609,11729569.0,,,8653.5,8982.5,8744.4,4216.4,12833.6,15599.3,10354.6,25242.1,19967.5,18308.7,Basak,10000.0,15000.0,62500.0,9.210440366976517
811,Lamudi,ceiling,Condo For Sale in Kasambagan,"Pres. Magsaysay Extension, Mabolo, Cebu City, Cebu, Central Visayas, PHL",Cebu City,Condominium,,22.0,,1.0,3268624.0,10.327819,123.915987,Lamudi scraper,False,148573.81818181818,14.999879659207297,,7264.0,1406.4,6,5,13,24,0,1,0.159,23644540.0,,,1694.6,1124.9,1614.1,4178.2,8816.8,12546.1,7527.0,21812.9,15858.3,14047.3,Kasambagan,30000.0,34500.0,115000.0,10.308985993422082
812,Lamudi,ceiling,Townhouse For Sale in Banilad,"A. S. Fortuna Street, Mandaue, Lalawigan ng Cebu, Pilipinas",Mandaue City,Single Detached,,103.0,4.0,3.0,9900000.0,10.3392349,123.9256166,Lamudi scraper,False,96116.50485436892,16.108045315104818,,6840.2,1812.0,13,2,8,29,0,2,0.1817,8514730.0,,,3332.6,2579.5,576.0,4003.0,10460.1,14194.1,5883.4,23425.2,17454.2,15643.9,Banilad,16115.0,22350.0,102500.0,9.687567846311238
813,Lamudi,ceiling,Condo For Sale in Agus,"Agus Road, Marigondon, Lapu-Lapu City, Cebu, Central Visayas, PHL",Lapu-Lapu City,Condominium,,25.0,1.0,1.0,4518498.0,10.28410958,123.97552209,Lamudi scraper,False,180739.92,15.323690195699283,,2594.3,9530.5,4,1,4,5,0,2,0.0609,11739451.0,,,8653.5,8982.5,8744.4,4216.4,12833.6,15599.3,10354.6,25242.1,19967.5,18308.7,Basak,10000.0,15000.0,62500.0,9.210440366976517
814,Lamudi,ceiling,Condo For Sale in Cebu Business Park,"Monterrazas De Cebu, Lungsod ng Cebu, Lalawigan ng Cebu, Pilipinas",Cebu City,Condominium,,355.0,3.0,3.0,63484400.0,10.319731,123.9064672,Lamudi scraper,False,178829.29577464788,17.96630476438994,,8055.5,1092.5,17,14,54,48,2,6,0.4998,26339016.0,,,318.6,780.5,2890.2,4957.7,7444.9,11181.2,8898.2,20439.1,14490.3,12679.3,Luz,51250.0,206750.0,164500.0,10.844490409005417
815,Lamudi,ceiling,Condo For Sale in Cebu Business Park,"Cebu Business Park, Cebu City, Lalawigan ng Cebu, Pilipinas",Cebu City,Condominium,,55.0,1.0,1.0,13000000.0,10.3173504,123.9059978,Lamudi scraper,False,236363.63636363635,16.38045991542581,,8064.8,1280.7,16,17,48,44,2,5,0.5024,26867935.0,,,199.3,1041.7,3141.7,4979.8,7221.3,10949.7,9123.5,20238.1,14299.7,12489.2,Luz,51250.0,206750.0,164500.0,10.844490409005417
816,Lamudi,ceiling,Penthouse For Sale in Mandaue,"W.O. Seno, Subangdaku, Cebu City, Cebu, Central Visayas, PHL",Mandaue City,Single Detached,,154.0,3.0,3.0,55000000.0,10.3207231,123.9294311,Lamudi scraper,False,357142.85714285716,17.822843743196746,,5626.6,3072.7,6,6,20,18,6,1,0.3313,188278595.0,,,2772.5,2673.3,2493.3,2524.8,9438.3,13053.7,7253.0,22546.2,16679.2,14875.9,Subangdaku,23575.0,68750.0,132500.0,10.06798452441753
817,Lamudi,ceiling,Condo For Sale in Cebu Business Park,"Cebu Business Park, Luzon Avenue, Lungsod ng Cebu, Lalawigan ng Cebu, Pilipinas",Cebu City,Condominium,,,1.0,1.0,13800000.0,10.3182439,123.903733,Lamudi scraper,False,,16.440179150127435,,8324.3,1082.6,20,17,51,46,2,6,0.5401,28383643.0,,,70.7,967.9,3196.1,5235.5,7118.2,10859.8,9226.8,20101.1,14150.1,12339.1,Luz,51250.0,206750.0,164500.0,10.844490409005417
818,Lamudi,ceiling,House For Sale in Talamban,"Talamban, Cebu City, Lalawigan ng Cebu, Pilipinas",Cebu City,Single Detached,,180.0,4.0,3.0,17500000.0,10.3693292,123.9169018,Lamudi scraper,False,97222.22222222222,16.67771143889374,,9688.7,1843.6,5,0,5,9,1,2,0.0945,18517418.0,,,5887.1,4892.5,3123.8,7248.2,12559.2,16310.8,5190.1,24973.0,18952.6,17181.5,Talamban,26375.0,68100.0,117500.0,10.180209784751566
819,Lamudi,ceiling,Commercial Lot For Sale in Balud,"Cebu South Road, Sangat, San Fernando, Cebu, Central Visayas, PHL",San Fernando,Lot Only,,4630.0,,,14888.0,10.13619803,123.6915204,Lamudi scraper,True,3.2155507559395247,9.608310798322089,,36757.4,21513.5,0,0,0,0,0,0,0.0,7500000.0,,,30821.8,31597.7,33928.2,34610.2,23728.5,20111.7,40019.4,10809.2,16827.0,18603.5,Sangat,4000.0,6400.0,,8.294299608857235
820,Lamudi,ceiling,House For Sale in Banawa,"17 Forest Hills Rd, Banawa, Cebu City, 6000 Cebu, Philippines",Cebu City,Single Detached,,163.0,4.0,3.0,14500000.0,10.317175,123.878669,Lamudi scraper,False,88957.05521472392,16.489659207390805,,11031.0,1132.5,11,3,8,14,0,3,0.153,47321264.0,,,2800.0,3148.3,5352.7,7962.2,5483.5,9194.9,11411.7,17926.4,11912.1,10115.7,Guadalupe,23700.0,29550.0,84000.0,10.073272520325904
821,Lamudi,ceiling,Condo For Sale in Lawaan III,"Lawaan 3 Street, Talisay City, Lalawigan ng Cebu, Pilipinas",Talisay City,Condominium,,54.0,2.0,2.0,6703200.0,10.2646194,123.8320021,Lamudi scraper,False,124133.33333333331,15.718095582281212,,16763.8,1347.8,8,2,7,7,1,0,0.1197,82297380.0,,,9876.4,10620.8,12948.4,14151.4,3049.9,2369.0,19043.3,10245.5,4330.6,2539.6,Lawaan III,9000.0,15000.0,90000.0,9.105090961257085
822,Lamudi,ceiling,Condo For Sale in Agus,"Agus Road, Marigondon, Lapu-Lapu City, Cebu, Central Visayas, PHL",Lapu-Lapu City,Condominium,,25.0,1.0,1.0,4568222.0,10.28410958,123.97552209,Lamudi scraper,False,182728.88,15.334634628086304,,2594.3,9530.5,4,1,4,5,0,2,0.0609,11738797.0,,,8653.5,8982.5,8744.4,4216.4,12833.6,15599.3,10354.6,25242.1,19967.5,18308.7,Basak,10000.0,15000.0,62500.0,9.210440366976517
823,Lamudi,ceiling,House For Sale in Agus,"Agus, Lapu-Lapu City, Cebu, Central Visayas, PHL",Lapu-Lapu City,Single Detached,,480.0,5.0,4.0,19990000.0,10.284075,123.983302,Lamudi scraper,False,41645.833333333336,16.81074270647658,,2613.2,10232.0,1,0,0,0,0,0,0.0061,11345089.0,,,9429.1,9717.8,9349.4,4798.7,13679.9,16416.4,10497.9,26044.3,20799.5,19146.9,Agus,8000.0,9781.25,,8.987321812850125
824,Lamudi,ceiling,Condo For Sale in Agus,"Agus Road, Marigondon, Lapu-Lapu City, Cebu, Central Visayas, PHL",Lapu-Lapu City,Condominium,,25.0,1.0,1.0,4518498.0,10.28410958,123.97552209,Lamudi scraper,False,180739.92,15.323690195699283,,2594.3,9530.5,4,1,4,5,0,2,0.0609,11739451.0,,,8653.5,8982.5,8744.4,4216.4,12833.6,15599.3,10354.6,25242.1,19967.5,18308.7,Basak,10000.0,15000.0,62500.0,9.210440366976517
825,Lamudi,ceiling,House For Sale in Banawa,"Arcenas Estate R. Arcenas Street, Lungsod ng Cebu, Lalawigan ng Cebu, Pilipinas",Cebu City,Single Detached,,300.0,4.0,4.0,37224000.0,10.309521,123.876054,Lamudi scraper,False,124080.0,17.43246427250662,,11264.2,960.0,5,1,3,9,0,0,0.0632,18197106.0,,,3221.6,3771.0,6058.6,8251.5,4589.2,8311.4,12148.7,17144.6,11142.8,9338.2,Guadalupe,23700.0,29550.0,84000.0,10.073272520325904
826,Lamudi,ceiling,House For Sale in Banilad,"118 Leon Kilat St, Cebu City, 6000 Cebu, Philippines",Cebu City,Single Detached,,400.0,7.0,7.0,32000000.0,10.36468161,123.91437415,Lamudi scraper,False,80000.0,17.281246460764002,,9530.4,1285.5,5,0,7,22,0,2,0.097,32722950.0,,,5321.8,4325.3,2673.1,6968.9,11973.6,15725.8,5562.6,24409.8,18388.8,16614.5,Talamban,26375.0,68100.0,117500.0,10.180209784751566
827,Lamudi,ceiling,Studio For Sale in Agus,"Agus Road, Marigondon, Lapu-Lapu City, Cebu, Central Visayas, PHL",Lapu-Lapu City,Residential,,30.0,1.0,1.0,6166992.0,10.28410958,123.97552209,Lamudi scraper,False,205566.4,15.634721756745613,,2594.3,9530.5,4,1,4,5,0,2,0.0609,11717760.0,,,8653.5,8982.5,8744.4,4216.4,12833.6,15599.3,10354.6,25242.1,19967.5,18308.7,Basak,10000.0,15000.0,62500.0,9.210440366976517
828,Lamudi,ceiling,House For Sale in Banawa,"17 Forest Hills Rd, Banawa, Cebu City, 6000 Cebu, Philippines",Cebu City,Single Detached,,211.0,5.0,4.0,18000000.0,10.317175,123.878669,Lamudi scraper,False,85308.05687203791,16.70588231586044,,11031.0,1132.5,11,3,8,14,0,3,0.153,47218323.0,,,2800.0,3148.3,5352.7,7962.2,5483.5,9194.9,11411.7,17926.4,11912.1,10115.7,Guadalupe,23700.0,29550.0,84000.0,10.073272520325904
829,Lamudi,ceiling,Condo For Sale in Kasambagan,"MLD Building, Governor Mariano Cuenco Avenue corner Paseo Saturnino Street, Kasambagan, Cebu City, Cebu, Central Visayas, PHL",Cebu City,Condominium,,220.0,3.0,4.0,90329120.0,10.32962093,123.90970479,Lamudi scraper,False,410586.9090909091,18.31897044702167,,7979.4,749.5,14,7,22,37,2,3,0.3329,23930677.0,,,1436.5,538.6,1801.2,4890.9,8494.4,12248.4,7885.7,21399.2,15419.6,13610.1,Kasambagan,30000.0,34500.0,115000.0,10.308985993422082
830,Lamudi,ceiling,Condo For Sale in Basak,"Brentwood Condominium Mactan, Basak-Marigondon Rd, Lapu-Lapu, Lalawigan ng Cebu, Pilipinas",Lapu-Lapu City,Condominium,,59.0,2.0,1.0,5700000.0,10.2830112,123.9680076,Lamudi scraper,False,96610.16949152542,15.555976732804778,,2944.8,8913.2,4,4,3,9,1,0,0.1149,5218621.0,,,7979.4,8365.7,8299.8,3863.4,12003.1,14776.6,10407.1,24427.2,19138.1,17477.8,Basak,10000.0,15000.0,62500.0,9.210440366976517
831,Lamudi,ceiling,Condo For Sale in Mandaue,"Subangdaku, Cebu City, Cebu, Central Visayas, PHL",Mandaue City,Condominium,,,1.0,1.0,12650000.0,10.31183708,123.92724037,Lamudi scraper,False,,16.353167773137802,,5684.9,3431.0,1,0,4,9,4,0,0.1413,65876602.0,,,2602.5,2873.4,3372.0,2646.7,8699.5,12243.7,8228.1,21808.2,15997.3,14204.4,Subangdaku,23575.0,68750.0,132500.0,10.06798452441753
832,Lamudi,ceiling,House For Sale in Mandaue,"3 Ouano Ave, Tipolo, Mandaue City, 6014 Cebu, Philippines",Mandaue City,Single Detached,,166.0,4.0,4.0,11990000.0,10.32144017,123.9307192,Lamudi scraper,False,72228.9156626506,16.299583527003698,,5513.3,3157.1,8,6,19,19,6,1,0.3443,178690668.0,,,2922.3,2792.2,2477.4,2418.6,9599.4,13212.7,7112.3,22707.6,16841.1,15037.8,Tipolo,21150.0,41250.0,60000.0,9.959442464680574
833,Lamudi,ceiling,Condo For Sale in Cebu Business Park,"8W85+49 Cebu City, Cebu, Philippines",Cebu City,Condominium,,67.0,1.0,2.0,12000000.0,10.315373,123.908492,Lamudi scraper,False,179104.4776119403,16.300417207752275,,7765.9,1613.0,17,14,47,47,4,7,0.5504,27803013.0,,,540.3,1296.1,3207.1,4693.9,7270.4,10975.6,9099.7,20326.7,14409.2,12600.2,Hippodromo,195250.0,78125.0,157750.0,12.182041189327741
834,Lamudi,ceiling,Condo For Sale in Cebu,"Guadalupe, Lungsod ng Cebu, Cebu, Pilipinas",Cebu City,Condominium,,179.0,2.0,3.0,35000000.0,10.3156173,123.8854377,Lamudi scraper,False,195530.72625698324,17.37085861945369,,10277.3,387.9,15,8,26,23,0,4,0.2737,48088283.0,,,2073.6,2543.2,4829.9,7215.4,5666.3,9422.5,10922.6,18364.2,12367.4,10561.1,Guadalupe,23700.0,29550.0,84000.0,10.073272520325904
835,Lamudi,ceiling,Commercial Lot For Sale in Lorega,"Lorega, Tejero, Cebu City, Cebu, Central Visayas, PHL",Cebu City,Lot Only,,412.0,,,33000000.0,10.30655,123.904446,Lamudi scraper,False,80097.08737864078,17.312018119430753,,8155.5,1927.1,25,13,20,47,1,6,0.4674,10534465.0,,,1258.7,2247.0,4283.4,5193.1,6302.4,9969.2,10132.0,19399.3,13524.1,11721.1,Lorega (Lorega San Miguel),48000.0,69500.0,,10.778977123006351
836,Lamudi,ceiling,House For Sale in Cebu,"Busay, Cebu City, Lalawigan ng Cebu, Pilipinas",Cebu City,Single Detached,,400.0,4.0,4.0,35000000.0,10.3156992,123.8854366,Lamudi scraper,False,87500.0,17.37085861945369,,10278.3,393.1,15,8,24,23,0,4,0.2713,48088283.0,,,2072.6,2538.9,4824.6,7215.8,5674.1,9430.1,10917.0,18370.0,12373.0,10566.8,Guadalupe,23700.0,29550.0,84000.0,10.073272520325904
837,Lamudi,ceiling,Condo For Sale in Mandaue,"W.O. Seno, Subangdaku, Cebu City, Cebu, Central Visayas, PHL",Mandaue City,Condominium,,30.0,,1.0,7985000.0,10.3207231,123.9294311,Lamudi scraper,False,266166.6666666667,15.89307533963125,,5626.6,3072.7,6,6,20,18,6,1,0.3313,191636809.0,,,2772.5,2673.3,2493.3,2524.8,9438.3,13053.7,7253.0,22546.2,16679.2,14875.9,Subangdaku,23575.0,68750.0,132500.0,10.06798452441753
838,Lamudi,ceiling,Condo For Sale in Cebu,"Cogon Pardo, Cebu City, Cebu, Central Visayas, PHL",Cebu City,Condominium,,57.0,2.0,1.0,12000000.0,10.266862,123.876208,Lamudi scraper,False,210526.31578947368,16.300417207752275,,12106.3,1925.3,1,0,0,3,1,0,0.0403,343946142.0,,,6448.4,7399.4,9632.9,9730.4,1975.1,4796.9,15506.5,14480.1,8951.3,7274.6,Cogon Pardo,17500.0,21500.0,92500.0,9.770013301136158
839,Lamudi,ceiling,Commercial For Sale in Mabolo,"Mabolo, Cebu City, Cebu, Philippines",Cebu City,Residential,,600.0,,,135800000.0,10.3159922,123.9136387,Lamudi scraper,False,226333.33333333337,18.72669377308887,,7216.1,1942.8,7,2,37,33,4,5,0.3166,28057449.0,,,1047.6,1471.0,2946.3,4135.1,7743.3,11422.0,8682.1,20824.5,14924.0,13116.7,Mabolo,40600.0,98860.0,112500.0,10.611547975828369
840,Lamudi,ceiling,Condo For Sale in Punta Engaño,"Aruga Resort and Residences – Mactan, Punta Engaño Road, Lapu-Lapu, Lalawigan ng Cebu, Pilipinas",Lapu-Lapu City,Condominium,,99.0,2.0,3.0,40589275.0,10.323479,124.0367989,Lamudi scraper,False,409992.6767676768,17.51901442711331,,6578.4,13939.7,3,0,0,1,0,0,0.0203,32001992.0,,,14513.3,14338.9,12837.4,9410.0,20292.8,23381.2,9927.6,33079.1,27593.0,25863.0,Punta Engaño,7000.0,13500.0,95000.0,8.853808274977197
841,Lamudi,ceiling,House For Sale in Talisay,"Vista Grande, Bienvinido St, Talisay, Cebu, Pilipinas",Talisay City,Single Detached,,400.0,4.0,4.0,45000000.0,10.2744342,123.8399313,Lamudi scraper,False,112500.0,17.622173047734595,,15643.8,1637.6,9,1,8,5,0,0,0.0849,10608463.0,,,8535.1,9255.9,11578.8,12947.7,2093.6,3343.3,17675.3,11605.6,5638.6,3828.0,Cadulawan,8650.0,,,9.065430200180375
842,Lamudi,ceiling,House For Sale in Poblacion Oriental,"Tugbongan, Consolacion, Cebu, Central Visayas, PHL",Consolacion,Single Detached,,354.0,4.0,5.0,28000000.0,10.371905,123.956922,Lamudi scraper,False,79096.04519774011,17.14771506813948,,7590.1,5235.1,9,6,11,12,0,2,0.1646,21714286.0,,,8324.4,7520.8,5192.2,6505.7,15451.9,19185.4,909.1,28376.1,22383.3,20576.7,Poblacion Oriental,5000.0,4000.0,,8.517393171418904
843,Lamudi,ceiling,Condo For Sale in Mactan,"311c Casia-Soong Rd, Lapu-Lapu City, Cebu, Philippines",Lapu-Lapu City,Condominium,,3949.0,,,199997105.0,10.30408917,123.99960642,Lamudi scraper,False,50645.0,19.113813449407548,,2281.7,10765.0,3,0,0,3,0,0,0.0246,16911265.0,,,10543.4,10569.8,9564.2,5383.9,15807.2,18806.2,8955.6,28495.3,23068.5,21359.7,Mactan,5000.0,10500.0,107500.0,8.517393171418904
844,Lamudi,ceiling,House For Sale in Tamiao,"Tamiao, Compostela, Cebu, Central Visayas, PHL",Compostela,Single Detached,,,1.0,1.0,6033000.0,10.44724499,123.98910129,Lamudi scraper,False,,15.6127549574229,,15612.6,13365.2,0,0,0,0,0,0,0.0,4837000.0,,,17119.6,16207.9,13924.4,15417.4,24149.0,27913.4,8338.1,36691.6,30672.7,28903.7,Cabadiangan,750.0,,,6.621405651764134
845,Lamudi,ceiling,House For Sale in Mohon,"Corona Del Mar, In front of corona del mar, Talisay, Lalawigan ng Cebu, Pilipinas",Talisay City,Single Detached,,316.0,4.0,3.0,16900000.0,10.245251,123.824186,Lamudi scraper,False,53481.012658227846,16.642824179893303,,18284.1,2599.2,5,0,0,8,0,0,0.0474,13257494.0,,,11913.9,12716.9,15049.8,15857.6,4813.9,1600.6,21125.2,8328.2,2959.9,1858.2,Pooc,11800.0,14000.0,,9.375939552625749
846,Lamudi,ceiling,House For Sale in Cebu,"R. Arcenas St, Cebu City, Cebu, Philippines",Cebu City,Single Detached,,298.0,4.0,4.0,40201920.0,10.3093722,123.8726341,Lamudi scraper,False,134905.77181208055,17.50942531364275,,11637.9,1210.7,3,0,3,10,0,0,0.0432,17500818.0,,,3585.8,4105.6,6374.5,8626.0,4433.6,8119.6,12456.3,16853.9,10844.8,9044.1,Guadalupe,23700.0,29550.0,84000.0,10.073272520325904
847,Lamudi,ceiling,House For Sale in Pooc,"6RR9+CP Talisay, Cebu, Philippines",Talisay City,Single Detached,,500.0,6.0,5.0,30000000.0,10.241117,123.819307,Lamudi scraper,False,60000.0,17.216707939626428,,18953.2,3302.7,5,1,0,6,0,0,0.0532,19008353.0,,,12618.0,13419.1,15752.1,16547.2,5517.7,2162.4,21828.8,7637.3,2488.4,1849.9,Pooc,11800.0,14000.0,,9.375939552625749
848,Lamudi,ceiling,House For Sale in Tisa,"Tisa, Cebu City, Lalawigan ng Cebu, Pilipinas",Cebu City,Single Detached,,212.0,4.0,3.0,16562700.0,10.301553,123.870527,Lamudi scraper,False,78125.94339622642,16.622663737109505,,11882.6,965.7,10,4,2,12,0,0,0.1287,14395667.0,,,4111.6,4763.4,7077.6,8945.3,3538.4,7243.2,13173.8,16108.1,10118.8,8310.2,Tisa,12820.0,21320.0,90000.0,9.4588397305527
849,Lamudi,ceiling,Condo For Sale in Apas,"I. Villa, Lahug, Cebu City, Cebu, Central Visayas, PHL",Cebu City,Condominium,,36.0,1.0,1.0,7000000.0,10.33264051,123.90608495,Lamudi scraper,False,194444.44444444444,15.761420707019589,,8462.7,248.6,15,3,22,35,2,4,0.3002,25889102.0,,,1654.8,659.7,1896.0,5384.4,8504.9,12268.3,7977.2,21311.0,15313.7,13507.9,Apas,28800.0,37300.0,125550.0,10.268165387743457
850,Lamudi,ceiling,House For Sale in Cogon,"Ibabao, Cordova, Lalawigan ng Cebu, Pilipinas",Cordova,Single Detached,,40.0,2.0,2.0,3200000.0,10.2687149,123.9554907,Lamudi scraper,False,80000.0,14.978661367769956,,4991.3,8882.5,5,0,0,0,0,0,0.0303,4629333.0,,,7829.1,8437.5,8936.1,5017.4,10575.5,13052.9,12020.8,22620.2,17505.7,15906.5,Ibabao,3000.0,4250.0,,8.006700845440367
851,Lamudi,ceiling,Condo For Sale in Cebu,"Cebú, Lalawigan ng Cebu, Pilipinas",Cebu City,Condominium,,103.0,3.0,2.0,23861878.0,10.3156992,123.8854366,Lamudi scraper,False,231668.7184466019,16.987792680673273,,10278.3,393.1,15,8,24,23,0,4,0.2713,48425802.0,,,2072.6,2538.9,4824.6,7215.8,5674.1,9430.1,10917.0,18370.0,12373.0,10566.8,Guadalupe,23700.0,29550.0,84000.0,10.073272520325904
852,Lamudi,ceiling,Condo For Sale in Camputhaw,"Molave St, Lungsod ng Cebu, Cebu, Pilipinas",Cebu City,Condominium,,79.0,2.0,2.0,14043553.0,10.3194766,123.9018707,Lamudi scraper,False,177766.49367088606,16.457673987225043,,8546.6,891.2,20,15,52,43,2,7,0.5205,27636730.0,,,316.2,910.8,3214.1,5452.9,7081.2,10832.8,9278.7,20024.8,14061.6,12250.7,Camputhaw,63000.0,74000.0,120000.0,11.050905878263567
853,Lamudi,ceiling,Land For Sale in Talamban,"Talamban, Cebu City, Lalawigan ng Cebu, Pilipinas",Cebu City,Residential,,184.0,,,12000000.0,10.3670682,123.9173923,Lamudi scraper,False,65217.391304347824,16.300417207752275,,9472.8,1615.2,6,0,7,16,1,2,0.118,26900033.0,,,5656.4,4663.7,2867.4,7006.1,12370.6,16125.7,5182.2,24830.5,18809.3,17033.8,Talamban,26375.0,68100.0,117500.0,10.180209784751566
854,Lamudi,ceiling,Condo For Sale in Punta Engaño,"Punta Engano, Lapu-Lapu City, Cebu, Central Visayas, PHL",Lapu-Lapu City,Condominium,,69.0,1.0,1.0,22000000.0,10.32372,124.0372,Lamudi scraper,False,318840.5797101449,16.90655301132259,,6628.0,13976.1,3,0,0,1,0,0,0.0203,32910195.0,,,14558.3,14382.1,12876.5,9456.7,20342.4,23431.9,9947.0,33129.9,27643.1,25912.8,Punta Engaño,7000.0,13500.0,95000.0,8.853808274977197
855,Lamudi,ceiling,Land For Sale in Kalubihan,"Sudlon, Lungsod ng Cebu, Cebu, Pilipinas",Cebu City,Residential,,1000.0,,,2300000.0,10.3,123.9,Lamudi scraper,False,2300.0,14.648419680899378,,8678.6,1982.7,33,14,83,60,2,7,0.663,83982191.0,,,2040.6,3036.9,5150.4,5820.6,5479.1,9115.7,11003.2,18589.1,12746.3,10950.1,Kamagayan,29375.0,116500.0,,10.287933293420217
856,Lamudi,ceiling,House For Sale in Bulacao,"Bulacao, Talisay City, Cebu, Central Visayas, PHL",Talisay City,Single Detached,,407.0,7.0,7.0,49800000.0,10.27478922,123.8387583,Lamudi scraper,False,122358.72235872236,17.72352554199488,,15759.6,1764.2,8,1,8,1,0,0,0.0703,11313024.0,,,8619.2,9331.6,11652.1,13055.5,2226.2,3380.5,17748.6,11532.5,5555.1,3744.1,Cadulawan,8650.0,,,9.065430200180375
857,Lamudi,ceiling,House For Sale in Talamban,"Talamban, Cebu City, Lalawigan ng Cebu, Pilipinas",Cebu City,Single Detached,,177.0,3.0,3.0,11800000.0,10.3693292,123.9169018,Lamudi scraper,False,66666.66666666667,16.283610089435893,,9688.7,1843.6,5,0,5,9,1,2,0.0945,18754918.0,,,5887.1,4892.5,3123.8,7248.2,12559.2,16310.8,5190.1,24973.0,18952.6,17181.5,Talamban,26375.0,68100.0,117500.0,10.180209784751566
858,Lamudi,ceiling,House For Sale in Talisay,"Casa Prima Compound, Fortune Plains Subdivision, Cansojong, Talisay, Cebu, Pilipinas",Talisay City,Single Detached,,175.0,3.0,3.0,11600000.0,10.2522686,123.8530046,Lamudi scraper,False,66285.71428571429,16.266515656076592,,15076.3,1340.7,8,2,3,14,1,0,0.1299,78018112.0,,,9200.4,10092.0,12394.6,12743.5,2272.0,1785.5,18377.8,11485.5,6149.2,4638.1,Cansojong,9500.0,17500.0,,9.15915233520675
859,Lamudi,ceiling,Studio For Sale in Lahug,"Turquois Street, Lahug, Cebu City, Cebu, Central Visayas, PHL",Cebu City,Residential,,21.0,1.0,1.0,3300000.0,10.3270711,123.9017638,Lamudi scraper,False,157142.85714285713,15.009433026436708,,8732.8,183.8,21,7,38,35,4,4,0.4514,32593577.0,,,1059.0,439.5,2637.1,5627.3,7725.8,11489.3,8732.3,20549.7,14558.2,12750.7,Lahug,30000.0,57000.0,115000.0,10.308985993422082
860,BPI,asking,Primavera Hills,Lots 14 and 15 Block 13 Along Teasel Street Primavera Hills Barangay Yati Liloan Cebu,Liloan,Residential - Vacant Lot,540.0,,,,3000000.0,10.3931748,123.9770865,Google Maps API,,5555.555555555556,14.914122846632385,,9563.3,8300.2,4,1,0,2,0,0,0.0385,251461600.0,,,11558.0,10745.7,8413.6,9279.2,18685.4,22419.1,2355.5,31588.1,25587.1,23783.2,Yati,3000.0,3500.0,,8.006700845440367
861,BPI,asking,Palaciego Uno Condominium,Unit 7-A 7th Floor Palaciego Uno Condominium Barangay Camputhaw Cebu City,Cebu City,Residential - Condominium Unit,,74.93,,,4875000.0,10.3181757,123.8990784,Google Maps API,,65060.72334178566,15.399630662414085,,8827.2,652.7,16,19,62,54,2,4,0.5552,30366179.0,,,567.2,1198.7,3524.8,5741.9,6771.5,10527.7,9601.1,19695.5,13729.0,11918.2,Camputhaw,63000.0,74000.0,120000.0,11.050905878263567
862,BPI,asking,NLC Residence,Unit 8295-1 NLC Residence Barangay San Roque Cebu City,Cebu City,Residential - Townhouse,52.7,90.0,,,2800000.0,10.2525949,123.8461703,Google Maps API,,31111.11111111111,14.845129975145433,,15748.9,825.4,12,0,1,10,0,0,0.0954,58806804.0,,,9646.9,10509.0,12828.6,13362.4,2554.8,1218.8,18852.7,10831.6,5411.2,3889.8,Cansojong,9500.0,17500.0,,9.15915233520675
863,BPI,asking,Xavierville City Condominium,Unit 301 Xavierville City Condominium Echavez Extension St Barangay Lorega San Miguel Cebu City,Cebu City,Residential - Condominium Unit,,124.19,,,6700000.0,10.3089418,123.9041205,Google Maps API,,53949.59336500523,15.717618084361195,,8193.1,1725.2,24,13,30,47,1,5,0.4679,21533271.0,,,992.7,1984.6,4059.5,5194.8,6441.2,10130.2,9952.5,19521.7,13627.5,11821.5,Lorega (Lorega San Miguel),48000.0,69500.0,,10.778977123006351
864,BPI,asking,Xavierville City Condominium,Unit 302 Xavierville City Condominium Echavez Extension St Barangay Lorega San Miguel Cebu City,Cebu City,Residential - Condominium Unit,,102.45,,,5600000.0,10.3089418,123.9041205,Google Maps API,,54660.81015129331,15.538277155705378,,8193.1,1725.2,24,13,30,47,1,5,0.4679,21553271.0,,,992.7,1984.6,4059.5,5194.8,6441.2,10130.2,9952.5,19521.7,13627.5,11821.5,Lorega (Lorega San Miguel),48000.0,69500.0,,10.778977123006351
865,BPI,asking,Xavierville City Condominium,Unit 303 Xavierville City Condominium Echavez Extension St Barangay Lorega San Miguel Cebu City,Cebu City,Residential - Condominium Unit,,113.17,,,6200000.0,10.3089418,123.9041205,Google Maps API,,54784.83697092869,15.64005985001532,,8193.1,1725.2,24,13,30,47,1,5,0.4679,21542362.0,,,992.7,1984.6,4059.5,5194.8,6441.2,10130.2,9952.5,19521.7,13627.5,11821.5,Lorega (Lorega San Miguel),48000.0,69500.0,,10.778977123006351
866,BPI,asking,Xavierville City Condominium,Unit 304 Xavierville City Condominium Echavez Extension St Barangay Lorega San Miguel Cebu City,Cebu City,Residential - Condominium Unit,,118.32,,,6100000.0,10.3089418,123.9041205,Google Maps API,,51555.10480054091,15.62379932914354,,8193.1,1725.2,24,13,30,47,1,5,0.4679,21544180.0,,,992.7,1984.6,4059.5,5194.8,6441.2,10130.2,9952.5,19521.7,13627.5,11821.5,Lorega (Lorega San Miguel),48000.0,69500.0,,10.778977123006351
867,BPI,asking,Xavierville City Condominium,Unit 403 Xavierville City Condominium Echavez Extension St Barangay Lorega San Miguel Cebu City,Cebu City,Residential - Condominium Unit,,112.99,,,6100000.0,10.3089418,123.9041205,Google Maps API,,53987.07850252235,15.62379932914354,,8193.1,1725.2,24,13,30,47,1,5,0.4679,21544180.0,,,992.7,1984.6,4059.5,5194.8,6441.2,10130.2,9952.5,19521.7,13627.5,11821.5,Lorega (Lorega San Miguel),48000.0,69500.0,,10.778977123006351
868,BPI,asking,Xavierville City Condominium,Unit 402 Xavierville City Condominium Echavez Extension St Barangay Lorega San Miguel Cebu City,Cebu City,Residential - Condominium Unit,,102.45,,,5600000.0,10.3089418,123.9041205,Google Maps API,,54660.81015129331,15.538277155705378,,8193.1,1725.2,24,13,30,47,1,5,0.4679,21553271.0,,,992.7,1984.6,4059.5,5194.8,6441.2,10130.2,9952.5,19521.7,13627.5,11821.5,Lorega (Lorega San Miguel),48000.0,69500.0,,10.778977123006351
869,BPI,asking,,Lot 74 G and F Wilson Street Barangay Lahug Cebu City,Cebu City,Residential - Townhouse,130.0,184.0,,,6500000.0,10.3374567,123.9045578,Google Maps API,,35326.086956521736,15.687312734865866,,8810.6,314.5,11,1,17,25,2,2,0.2174,27361976.0,,,2178.4,1201.6,1842.3,5763.8,8840.9,12604.6,7799.6,21538.8,15528.7,13728.9,Apas,28800.0,37300.0,125550.0,10.268165387743457
870,BPI,asking,South Glades Subd,Lot 6149-A-1-D South Glades Subd Lawaan Street Sitio Tambis Labangon Cebu City,Cebu City,Residential - Townhouse,76.0,82.0,,,3800000.0,10.3745155,123.8740297,Google Maps API,,46341.46341463415,15.150511624696614,,13706.5,4877.2,3,0,1,4,0,0,0.028,6800000.0,,,7113.9,6348.3,6303.8,10833.2,11533.9,14974.4,9820.0,22446.3,16566.1,14939.7,Busay,8500.0,5500.0,120000.0,9.04793908261736
871,BPI,asking,NLC Residences 2,Unit C Lot 387-B-3 NLC Residences 2 Uldog St Carmen Cansojong Talisay City,Talisay City,Residential - House and Lot,39.4,39.4,,,3700000.0,10.2525949,123.8461703,Google Maps API,,93908.62944162436,15.123843377614453,,15748.9,825.4,12,0,1,10,0,0,0.0954,58724985.0,,,9646.9,10509.0,12828.6,13362.4,2554.8,1218.8,18852.7,10831.6,5411.2,3889.8,Cansojong,9500.0,17500.0,,9.15915233520675
872,BPI,asking,Kirei Residences,Unit 5 Lot 10399-C-5 Hi-Way 77 Kirei Residences Cadahuan Talamban Cebu City,Cebu City,Residential - House and Lot,85.0,128.0,,,7500000.0,10.3333882,123.8969411,Google Maps API,,58593.75,15.83041357850654,,9436.7,760.1,12,1,6,11,0,3,0.1302,19170908.0,,,1902.2,1217.4,2770.8,6345.0,8008.4,11765.2,8744.1,20618.0,14603.8,12807.4,Lahug,30000.0,57000.0,115000.0,10.308985993422082
873,BPI,asking,Rose Crest Residences,Lot 32 Rose Crest Residences San Jose Cebu City,Cebu City,Residential - House and Lot,80.0,137.0,,,6600000.0,10.3790772,123.9168403,Google Maps API,,48175.18248175183,15.702580206996654,,10493.6,2907.9,4,1,0,5,0,0,0.045,16921422.0,,,6944.0,5947.0,4200.6,8196.5,13502.4,17240.0,5142.9,25758.5,19745.5,17990.8,San Jose,12180.0,,,9.407632639699958
874,BPI,asking,The Rosepike at Forest Hills,Lot 6447-E-5 Unit C Phase 2 The Rosepike at Forest Hills Barangay Guadalupe Cebu City,Cebu City,Residential - House and Lot,68.5,206.0,,,11000000.0,10.3175839,123.879123,Google Maps API,,53398.05825242718,16.213405830762646,,10986.3,1102.9,11,3,7,13,0,3,0.1496,47805882.0,,,2749.4,3086.3,5286.9,7915.0,5545.0,9258.5,11344.8,17993.7,11979.4,10183.1,Guadalupe,23700.0,29550.0,84000.0,10.073272520325904
875,BPI,asking,Forest Hills Subdivision,Lot 6448 C4 and C5 Planas Street Forest Hills Subdivision Barangay Guadalupe Cebu City,Cebu City,Residential - House and Lot,1714.0,1819.0,,,93000000.0,10.3175839,123.879123,Google Maps API,,51126.992853216056,18.34811005111753,,10986.3,1102.9,11,3,7,13,0,3,0.1496,45321034.0,,,2749.4,3086.3,5286.9,7915.0,5545.0,9258.5,11344.8,17993.7,11979.4,10183.1,Guadalupe,23700.0,29550.0,84000.0,10.073272520325904
876,BPI,asking,Eggling Subdivision,Lot 8-K-4-D-4-B Cebu Trancentral Highway Eggling Subdivision Barangay Busay Cebu City,Cebu City,Residential - House and Lot,62.0,123.0,,,6800000.0,10.3745155,123.8740297,Google Maps API,,55284.55284552846,15.732433170146336,,13706.5,4877.2,3,0,1,4,0,0,0.028,3800000.0,,,7113.9,6348.3,6303.8,10833.2,11533.9,14974.4,9820.0,22446.3,16566.1,14939.7,Busay,8500.0,5500.0,120000.0,9.04793908261736
877,BPI,asking,Sunrise Village,Lot 4270-B-6 R Abellanosa Street corner Sunrise Village Road Sunrise Village Barangay Inayawan Cebu City,Cebu City,Residential - House and Lot,349.0,442.0,,,10000000.0,10.2926115,123.9021934,Google Maps API,,22624.43438914027,16.11809565095832,,8556.7,2541.4,17,10,68,40,6,5,0.5651,251089503.0,,,2817.4,3812.3,5809.2,5866.1,5269.9,8768.3,11508.1,18355.1,12600.3,10825.4,Central,28125.0,90642.5,,10.244449694430193
878,BPI,asking,Saint Anthony Residences,Lot 1-K-6-A Highway 77 Saint Anthony Residences Barangay Talamban Cebu City,Cebu City,Residential - House and Lot,72.0,67.0,,,5300000.0,10.3662906,123.9183069,Google Maps API,,79104.4776119403,15.483217378522353,,9340.9,1567.1,6,0,7,18,1,2,0.1223,30407836.0,,,5599.5,4609.4,2769.8,6879.8,12349.1,16106.5,5102.8,24839.4,18817.9,17039.9,Talamban,26375.0,68100.0,117500.0,10.180209784751566
879,BPI,asking,Velmiro Heights Subdivision,Lot 3 Block 12 Myrtle Street Velmiro Heights Subdivision Barangay Tunghaan Minglanilla,Minglanilla,Residential - House and Lot,150.0,82.57,,,5500000.0,10.2474493,123.7832969,Google Maps API,,66610.14896451496,15.5202586502027,,22417.8,6677.8,6,0,0,2,0,0,0.0406,6982008.0,,,15376.8,16038.0,18330.0,19806.9,8705.0,6081.4,24409.8,5185.0,1522.7,3132.1,Tunghaan,7000.0,14000.0,70000.0,8.853808274977197
880,BPI,asking,Kamalaya II Residences,Lot 3 Block 4 Kamalaya II Residences Phase 1 Barangay Tunghaan Minglanilla,Minglanilla,Residential - House and Lot,75.0,61.0,,,4200000.0,10.2451253,123.7875039,Google Maps API,,68852.45901639345,15.250595083253597,,22058.1,6287.5,13,1,4,9,0,2,0.124,9302771.0,,,15119.2,15802.5,18105.7,19480.1,8357.3,5612.1,24194.3,5235.8,1061.9,2790.1,Tunghaan,7000.0,14000.0,70000.0,8.853808274977197
881,BPI,asking,Belmont Village,Lot 24 Block 1 Peace Street Belmont Village Barangay Pakigne Minglanilla,Minglanilla,Residential - House and Lot,192.0,201.0,,,6600000.0,10.2550177,123.8061564,Google Maps API,,32835.82089552239,15.702580206996654,,19779.5,4072.4,2,0,2,5,0,0,0.0252,6832676.0,,,12807.4,13502.7,15813.0,17172.7,6066.0,3761.0,21906.2,7414.7,1393.1,503.9,Pakigne,6500.0,20000.0,,8.77971129020447
882,BPI,asking,Modena Subdivision,Lot 8 Block 8 Modena Subdivision Barangay Tunghaan Minglanilla,Minglanilla,Residential - House and Lot,60.0,83.0,,,4200000.0,10.2426844,123.777438,Google Maps API,,50602.409638554214,15.250595083253597,,23189.3,7421.8,6,0,0,2,0,0,0.0406,8674406.0,,,16198.9,16865.1,19158.9,20600.7,9484.2,6715.6,25240.0,4404.1,2191.4,3911.0,Tunghaan,7000.0,14000.0,70000.0,8.853808274977197
883,BPI,asking,Maryville Subdivision,Lot 11297-C Dahlia Street Maryville Subdivision Phase 3 Barangay Talamban Cebu City,Cebu City,Residential - House and Lot,218.0,177.5,,,11300000.0,10.3744849,123.9179152,Google Maps API,,63661.97183098592,16.240313283682568,,10031.3,2427.1,7,1,5,7,1,2,0.1123,19906221.0,,,6470.4,5475.4,3680.9,7690.2,13111.3,16858.4,5022.5,25464.1,19446.0,17681.5,Talamban,26375.0,68100.0,117500.0,10.180209784751566
884,BPI,asking,Naya Village,Lot 3-C 2nd Street Naya Village Barangay Tisa Cebu City,Cebu City,Residential - Townhouse,80.0,102.0,,,5500000.0,10.2985919,123.872106,Google Maps API,,53921.56862745098,15.5202586502027,,11732.3,593.9,15,6,2,15,0,4,0.2077,16666100.0,,,4118.7,4831.0,7159.1,8831.1,3305.2,7043.9,13253.4,16031.2,10062.1,8251.2,Tisa,12820.0,21320.0,90000.0,9.4588397305527
885,BPI,asking,Tonito Homes,Lot 7014-C-3-B Unit 2 Tonito Homes Abi Abi Street Sun Valley Subdivision Barangay Calamba Cebu City,Cebu City,Residential - Townhouse,110.0,180.0,,,9700000.0,10.3051396,123.8846341,Google Maps API,,53888.88888888889,16.08763644347361,,10325.1,461.3,16,9,6,10,0,4,0.2378,120360012.0,,,2571.0,3331.7,5664.3,7361.3,4650.3,8414.0,11745.4,17557.1,11602.8,9791.8,Calamba,19500.0,26250.0,95000.0,9.87822102528824
886,BPI,asking,Horizons 101,Unit T1R27P 27th Floor Horizons 101 Tower 1 General Maxilom Avenue Barangay Central Poblacion Cebu City,Cebu City,Residential - Condominium Unit,,60.3,,,11500000.0,10.3105301,123.8974315,Google Maps API,,190713.10116086237,16.25785759333348,,8930.2,1049.0,26,24,67,65,0,4,0.6398,24654316.0,,,1105.8,2017.5,4295.5,5910.3,6022.3,9760.2,10320.7,19033.3,13100.0,11289.8,Cogon Ramos,46000.0,73000.0,95000.0,10.736418414365376
887,BPI,asking,Azalea Place,Unit 220 22nd Floor Azalea Place Gorordo Avenue Barangay Lahug Cebu City,Cebu City,Residential - Condominium Unit,,48.0,,,6800000.0,10.3212116,123.899272,Google Maps API,,141666.66666666666,15.732433170146336,,8859.3,625.5,18,15,51,37,2,1,0.4609,27876621.0,,,659.7,937.6,3268.9,5760.2,7044.9,10805.8,9360.3,19923.8,13945.5,12135.7,Camputhaw,63000.0,74000.0,120000.0,11.050905878263567
888,BPI,asking,Myvan Cityscape Tower II,Unit 1407 Myvan Cityscape Tower II Uptown Juana Osmena Street Barangay Camputhaw Cebu City,Cebu City,Residential - Condominium Unit,,20.15,,,2950000.0,10.3273187,123.9208597,Google Maps API,,146401.98511166254,14.897315728316002,,6741.7,1899.5,3,3,20,13,0,1,0.1057,6451752.0,,,2098.6,1652.6,1578.1,3666.6,9164.7,12871.1,7209.1,22203.8,16267.3,14456.7,Subangdaku,23575.0,68750.0,132500.0,10.06798452441753
889,BPI,asking,Avida Towers Riala,Unit 2909 29th Floor Avida Towers Riala Tower 1 Jose Maria del Mar Street Cebu Asia IT Park Barangay Apas Cebu City,Cebu City,Residential - Condominium Unit,,23.51,,,4500000.0,10.3328036,123.9090696,Google Maps API,,191407.91152700977,15.319587954740548,,8162.1,472.9,15,4,24,32,2,3,0.3006,25260618.0,,,1742.3,767.4,1615.1,5093.2,8721.1,12481.3,7710.1,21571.6,15580.4,13773.0,Apas,28800.0,37300.0,125550.0,10.268165387743457
890,BPI,asking,North Belleza Subdivision,Lot 2 Block 1 North Belleza Subdivision Barangay San Jose Cebu City,Cebu City,Residential - House and Lot,99.0,111.0,,,7200000.0,10.3794078,123.9156602,Google Maps API,,64864.86486486487,15.789591583986285,,10605.4,2928.7,3,1,0,5,0,0,0.0389,16866876.0,,,6955.7,5958.2,4252.5,8289.2,13474.9,17208.5,5273.9,25698.9,19687.8,17936.0,San Jose,12180.0,,,9.407632639699958
891,BPI,asking,Mivesa Garden Residences,Unit 609 Mivesa Garden Residences Building 2 Barangay Lahug Cebu City,Cebu City,Residential - Condominium Unit,,20.0,,,3450000.0,10.3338446,123.8952695,Google Maps API,,172500.0,15.053884789007542,,9626.3,899.3,10,1,3,9,0,2,0.1046,18878926.0,,,2030.3,1395.2,2929.1,6534.1,7958.7,11710.3,8870.3,20518.4,14501.7,12708.0,Lahug,30000.0,57000.0,115000.0,10.308985993422082
892,BPI,asking,The Persimmon,Unit 6-C The Persimmon North Tower Barangay Mabolo Cebu City,Cebu City,Residential - Condominium Unit,,41.32,,,6800000.0,10.3123922,123.911094,Google Maps API,,164569.21587608906,15.732433170146336,,7450.3,2048.0,11,6,32,41,2,7,0.3475,28913596.0,,,964.7,1696.1,3410.5,4407.6,7275.5,10943.8,9168.3,20366.8,14479.3,12673.9,Mabolo,40600.0,98860.0,112500.0,10.611547975828369
893,BPI,asking,Pueblo El Grande Subdivision,Lot 69 Block 2 Pueblo El Grande Subdivision Phase 3 Barangay Tayud Consolacion,Consolacion,Residential - Townhouse,120.0,112.0,,,4950000.0,10.3687028,123.9861692,Google Maps API,,44196.42857142857,15.414898134544874,,6884.8,8186.9,2,0,0,5,0,0,0.0228,14570720.0,,,10594.5,9957.5,7754.6,7208.7,17602.0,21238.0,2597.5,30687.1,24764.4,22954.0,Tayud,3650.0,4000.0,,8.202756381655638
894,BPI,asking,El Monteverde de Cebu,Lot 2 Block 1 New Orleans Street El Monteverde de Cebu Subdivision Barangay Lamac Consolacion,Consolacion,Residential - House and Lot,150.0,198.0,,,5800000.0,10.389355,123.9642126,Google Maps API,,29292.929292929293,15.573368475516649,,9278.2,6894.9,6,0,0,1,0,0,0.0385,5546740.0,,,10305.4,9454.4,7124.6,8534.1,17419.3,21168.7,1428.8,30249.5,24239.2,22439.8,Lamac,3650.0,4000.0,,8.202756381655638
895,BPI,asking,Villa Solana Subdivision,Lot 3 Block 2 Villa Solana Subdivision Phase 1 Barangay Tugbongan Consolacion,Consolacion,Residential - Townhouse,79.0,65.0,,,2400000.0,10.3691043,123.9565432,Google Maps API,,36923.07692307692,14.690979295318174,,7309.3,5080.6,10,5,11,11,0,2,0.1585,25371429.0,,,8073.1,7284.8,4962.4,6191.8,15200.1,18928.2,1143.0,28145.0,22157.5,20349.8,Jagobiao,8515.0,16750.0,,9.049702026013371
896,BPI,asking,White Sand Villas,Lot 3954-B1 to B-3 Paseo de Sta Ana corner unnamed road White Sand Villas Barangay Maribago Lapu-lapu City,Lapu-Lapu City,Residential - House and Lot,732.0,785.0,,,15200000.0,10.286857,123.998208,Google Maps API,,19363.057324840764,16.536805985816503,,3087.5,11481.8,4,0,1,5,0,1,0.0417,15977666.0,,,10841.8,11041.9,10415.6,5928.2,15334.0,18071.0,10656.5,27688.2,22459.2,20806.4,Maribago,4125.0,9750.0,112500.0,8.325063693631197
897,BPI,asking,Bayswater Subdivision,Lot 7 Block 18 Orchidia Street Bayswater Subdivision Barangay Marigondon Lapu-lapu City,Lapu-Lapu City,Residential - Townhouse,97.0,84.6,,,6400000.0,10.281422,123.9794768,Google Maps API,,75650.1182033097,15.6718085483299,,2865.8,10056.2,2,0,0,2,0,2,0.0275,11523905.0,,,9173.3,9507.7,9258.9,4722.9,13236.6,15935.0,10711.9,25553.1,20330.9,18686.5,Agus,8000.0,9781.25,,8.987321812850125
898,BPI,asking,Modena Subdivision,Lot 2 Caterina Street Modena Subdivision Barangay Basak Lapu-lapu City,Lapu-Lapu City,Residential - Townhouse,90.0,78.9,,,5600000.0,10.2924625,123.9590091,Google Maps API,,70975.91888466413,15.538277155705378,,2731.4,7519.3,4,9,3,9,1,0,0.1649,63860830.0,,,6623.0,6959.6,6865.7,2500.5,11191.2,14198.7,9360.5,23897.8,18442.7,16736.1,Basak,10000.0,15000.0,62500.0,9.210440366976517
899,BPI,asking,CKL Homes,Lot 10 Block 6 CKL Homes Barangay Agus Lapu-Lapu City,Lapu-Lapu City,Residential - Townhouse,32.0,48.0,,,1600000.0,10.2835921,123.9862526,Google Maps API,,33333.333333333336,14.28551418721001,,2741.6,10532.0,3,0,1,6,0,0,0.0322,39345407.0,,,9746.9,10026.4,9623.6,5073.8,13996.1,16713.5,10620.4,26332.6,21105.1,19456.6,Agus,8000.0,9781.25,,8.987321812850125
900,BPI,asking,Juanita Residences,Lot 15 PSD-07-073954 Juanita Residences Buaya Lapu-Lapu City,Lapu-Lapu City,Residential - House and Lot,80.2,58.0,,,3400000.0,10.3145723,123.9957232,Google Maps API,,58620.68965517241,15.03928598958639,,2006.2,9947.8,4,0,0,4,0,0,0.0328,3636584.0,,,10013.2,9933.3,8717.4,4854.0,15705.8,18860.7,7722.6,28565.7,23019.0,21279.3,Buaya,3750.0,10500.0,,8.229777750081887
901,BPI,asking,Goldmine Residences,Lot 6 Block 3 Goldmine Residences Phase 1 Soong 1 Mactan Lapu-lapu City,Lapu-Lapu City,Residential - House and Lot,55.0,75.0,,,3700000.0,10.2982546,123.9987826,Google Maps API,,49333.333333333336,15.123843377614453,,2382.4,10961.4,2,0,0,2,0,0,0.0164,35385945.0,,,10568.9,10656.8,9785.2,5463.0,15584.5,18502.0,9506.6,28174.1,22808.8,21117.1,Mactan,5000.0,10500.0,107500.0,8.517393171418904
902,BPI,asking,CKL Homes Subdivision,Lot 4 Block 3 CKL Homes Subdivision Barangay Agus Lapu-Lapu City,Lapu-Lapu City,Residential - Townhouse,32.0,43.0,,,1600000.0,10.2835921,123.9862526,Google Maps API,,37209.3023255814,14.28551418721001,,2741.6,10532.0,3,0,1,6,0,0,0.0322,39345407.0,,,9746.9,10026.4,9623.6,5073.8,13996.1,16713.5,10620.4,26332.6,21105.1,19456.6,Agus,8000.0,9781.25,,8.987321812850125
903,BPI,asking,Acasys Homes,Lot 2880-B-1 Acasys Homes Tirso Manus Road Barangay Basak Lapu-lapu City,Lapu-Lapu City,Residential - House and Lot,68.0,135.0,,,6000000.0,10.2923951,123.9696117,Google Maps API,,44444.444444444445,15.60727002719233,,1938.8,8472.4,7,11,6,14,1,0,0.2174,53967359.0,,,7690.8,7959.4,7631.5,3094.1,12327.5,15277.0,9375.0,24965.7,19557.4,17861.1,Basak,10000.0,15000.0,62500.0,9.210440366976517
904,BPI,asking,Acasys Homes,Lot 2880-B-4 Tirso Manus Road Acasys Homes Barangay Basak Lapu-lapu City,Lapu-Lapu City,Residential - House and Lot,60.0,122.0,,,4500000.0,10.2923951,123.9696117,Google Maps API,,36885.24590163935,15.319587954740548,,1938.8,8472.4,7,11,6,14,1,0,0.2174,54217359.0,,,7690.8,7959.4,7631.5,3094.1,12327.5,15277.0,9375.0,24965.7,19557.4,17861.1,Basak,10000.0,15000.0,62500.0,9.210440366976517
905,BPI,asking,Juanita Residences,Lot 5 Juanita Residences Barangay Buaya Lapu-lapu City,Lapu-Lapu City,Residential - Townhouse,58.0,64.0,,,3050000.0,10.3145723,123.9957232,Google Maps API,,47656.25,14.930652148583594,,2006.2,9947.8,4,0,0,4,0,0,0.0328,3706584.0,,,10013.2,9933.3,8717.4,4854.0,15705.8,18860.7,7722.6,28565.7,23019.0,21279.3,Buaya,3750.0,10500.0,,8.229777750081887
906,BPI,asking,Juanita Residences,Lot 7 Juanita Residences Barangay Buaya Lapu-lapu City,Lapu-Lapu City,Residential - Townhouse,58.0,68.0,,,3300000.0,10.3145723,123.9957232,Google Maps API,,48529.41176470588,15.009433026436708,,2006.2,9947.8,4,0,0,4,0,0,0.0328,3656584.0,,,10013.2,9933.3,8717.4,4854.0,15705.8,18860.7,7722.6,28565.7,23019.0,21279.3,Buaya,3750.0,10500.0,,8.229777750081887
907,BPI,asking,,Lot 958 Brgy Road Brgy Calero Liloan Cebu,Liloan,Residential - Vacant Lot,7189.0,,,,4560000.0,10.3684199,123.9986881,Google Maps API,,634.3024064543052,15.33283318149057,,7141.3,9524.3,1,0,0,1,0,0,0.0082,,,,11760.3,11172.4,9020.9,7992.7,18686.1,22276.2,3921.9,31792.5,25902.5,24094.4,Calero,2500.0,,,7.824445930877619
908,BPI,asking,Northgate Subdivision,Lot 27 Block 2 Northgate Subdivision Barangay Poblacion Liloan,Liloan,Residential - Townhouse,59.0,77.0,,,2660000.0,10.4059272,123.9903531,Google Maps API,,34545.454545454544,14.79383668075788,,11049.2,10293.5,1,3,3,1,0,0,0.0418,17328322.0,,,13585.7,12774.3,10442.0,11111.4,20713.2,24445.0,4374.9,33613.0,27609.7,25806.8,Poblacion,3125.0,4000.0,,8.047509510981422
909,BPI,asking,Eastland Estate Subdivision,Lot 1 Gardenia Street Eastland Estate Subdivision Barangay Yati Liloan,Liloan,Residential - House and Lot,87.0,62.0,,,4670000.0,10.3958383,123.9808705,Google Maps API,,75322.58064516129,15.35666962964508,,9859.4,8808.3,4,1,0,2,0,0,0.0385,4391600.0,,,12058.2,11250.1,8918.4,9691.7,19185.8,22917.2,2847.6,32095.0,26094.7,24290.6,Yati,3000.0,3500.0,,8.006700845440367
910,BPI,asking,Dreamhomes Executive Village II,Lot 2 Block 2 Dreamhomes Executive Village II Barangay Basak Mandaue City,Mandaue City,Residential - Townhouse,131.0,108.0,,,5300000.0,10.3620123,123.9479564,Google Maps API,,49074.07407407407,15.483217378522353,,6977.5,3947.2,5,1,1,5,0,2,0.0633,65769167.0,,,6851.9,6058.4,3736.9,5390.1,13979.5,17711.8,2366.0,26918.7,20931.9,19123.9,Basak,9210.0,18220.0,,9.128153700988236
911,BPI,asking,Karls Town 1,Lot 1944-A-6-A-7 Karls Town 1 Jagobiao Mandaue City,Mandaue City,Residential - Townhouse,55.0,78.0,,,3400000.0,10.3341187,123.9134612,Google Maps API,,43589.743589743586,15.03928598958639,,7768.8,906.0,7,4,17,23,2,2,0.2189,16723537.0,,,2068.7,1177.4,1155.6,4729.7,9141.5,12895.7,7247.4,22034.2,16049.5,14240.8,Kasambagan,28800.0,37300.0,125550.0,10.268165387743457
912,BPI,asking,Karls Town II,Unit 28 Lot 16 Block 2 Karls Town II Barangay Maguikay Mandaue City,Mandaue City,Residential - House and Lot,54.0,75.0,,,3700000.0,10.3413235,123.9436897,Google Maps API,,49333.333333333336,15.123843377614453,,5414.6,3607.5,11,3,21,15,1,0,0.1819,240277600.0,,,5041.1,4455.3,2494.4,3189.2,12071.6,15744.9,4488.1,25137.9,19209.3,17398.9,Maguikay,10000.0,16000.0,,9.210440366976517
913,BPI,asking,Pereville Subdivision,Lot 3 Block 17 Pereville Subdivision Barangay Pagsabungan Mandaue City,Mandaue City,Residential - Townhouse,50.0,80.0,,,5000000.0,10.3556471,123.9440233,Google Maps API,,62500.0,15.424948470398377,,6607.9,3404.3,6,0,9,7,0,2,0.0733,96370250.0,,,6047.5,5278.6,2979.2,4737.9,13173.4,16899.9,3171.2,26137.8,20159.4,18350.0,Pagsabungan,16400.0,20100.0,127500.0,9.70509758756311
914,BPI,asking,Amaia Steps North Tower,Unit 221 2nd Floor Amaia Steps North Tower Barangay Alang-alang Mandaue City,Mandaue City,Residential - Condominium Unit,,24.01,,,3270000.0,10.339164,123.9553647,Google Maps API,,136193.2528113286,15.000300542873436,,4395.5,4889.9,6,2,3,7,1,0,0.1028,3613000.0,,,6071.9,5599.6,3780.5,2870.2,12938.5,16544.9,4253.9,26044.6,20163.4,18357.1,Alang-alang,11525.0,26295.0,108900.0,9.352360631996612
915,BPI,asking,Midpoint Residences,Unit 2003 20th Floor Midpoint Residences Tower 1 AS Fortuna Barangay Banilad Mandaue City,Mandaue City,Residential - Condominium Unit,,24.35,,,3750000.0,10.341693,123.9165702,Google Maps API,,154004.10677618068,15.137266397946592,,7832.4,786.9,17,7,22,27,0,0,0.2574,20096312.0,,,2972.1,2042.2,472.6,4920.1,10005.6,13765.4,6454.9,22836.9,16838.6,15033.3,Banilad,16115.0,22350.0,102500.0,9.687567846311238
916,BPI,asking,Lucena Homes Subdivision,Lot 27 Block 1 Lucena Homes Subdivision Barangay Lower Pakigne Minglanilla,Minglanilla,Residential - Townhouse,46.0,55.0,,,2000000.0,10.2475176,123.8068441,Google Maps API,,36363.63636363636,14.50865773852422,,19969.2,4181.7,8,2,1,5,0,0,0.0804,9038140.0,,,13220.3,13952.9,16276.0,17438.3,6305.1,3512.5,22372.5,6908.4,1071.3,980.6,Pakigne,6500.0,20000.0,,8.77971129020447
917,BPI,asking,Modena Subdivision Phase 2,Lot 4 Block 2 Modena Subdivision Phase 2 Barangay Tunghaan Minglanilla,Minglanilla,Residential - House and Lot,60.0,73.0,,,3500000.0,10.2426844,123.777438,Google Maps API,,47945.20547945205,15.068273526459642,,23189.3,7421.8,6,0,0,2,0,0,0.0406,8732740.0,,,16198.9,16865.1,19158.9,20600.7,9484.2,6715.6,25240.0,4404.1,2191.4,3911.0,Tunghaan,7000.0,14000.0,70000.0,8.853808274977197
918,BPI,asking,Monte Carlo Subdivision,Lot 5 Block 9 Monte Carlo Subdivision Barangay Vito Minglanilla,Minglanilla,Residential - House and Lot,80.0,54.0,,,3000000.0,10.2542922,123.7930428,Google Maps API,,55555.555555555555,14.914122846632385,,21177.7,5507.4,5,1,0,0,0,0,0.0403,2780300.0,,,14072.0,14729.0,17020.1,18536.6,7464.7,5125.1,23099.9,6414.5,1009.7,1940.7,Vito,7500.0,,,8.922791623969637
919,BPI,asking,Modena Subdivision Phase 4,Lot 1 Block 4 Modena Subdivision Phase 4 Barangay Tunghaan Minglanilla,Minglanilla,Residential - Townhouse,85.0,72.0,,,4500000.0,10.2426844,123.777438,Google Maps API,,62500.0,15.319587954740548,,23189.3,7421.8,6,0,0,2,0,0,0.0406,8649406.0,,,16198.9,16865.1,19158.9,20600.7,9484.2,6715.6,25240.0,4404.1,2191.4,3911.0,Tunghaan,7000.0,14000.0,70000.0,8.853808274977197
920,BPI,asking,NLC Residences 2,Lot 387-B-7 Unit G NLC Residences 2 Carmen Barangay Cansojong Talisay City,Talisay City,Residential - Townhouse,53.5,77.04,,,4000000.0,10.2525949,123.8461703,Google Maps API,,51921.07995846313,15.201804919084164,,15748.9,825.4,12,0,1,10,0,0,0.0954,58697713.0,,,9646.9,10509.0,12828.6,13362.4,2554.8,1218.8,18852.7,10831.6,5411.2,3889.8,Cansojong,9500.0,17500.0,,9.15915233520675
921,BPI,asking,NLC Residences 2,Unit E Lot 387-B-5 NLC Residences 2 Carmen Barangay Cansojong Talisay City,Talisay City,Residential - Townhouse,39.4,87.0,,,3150000.0,10.2525949,123.8461703,Google Maps API,,36206.89655172414,14.962913010801817,,15748.9,825.4,12,0,1,10,0,0,0.0954,58774985.0,,,9646.9,10509.0,12828.6,13362.4,2554.8,1218.8,18852.7,10831.6,5411.2,3889.8,Cansojong,9500.0,17500.0,,9.15915233520675
922,BPI,asking,Alberlyn Box Hill Residences,Lot 40 Block 1 Alberlyn Box Hill Residences Mohon Talisay City,Talisay City,Residential - Townhouse,70.0,65.0,,,3800000.0,10.2497538,123.8220954,Google Maps API,,58461.53846153846,15.150511624696614,,18315.5,2536.3,7,2,0,8,0,2,0.0907,10742488.0,,,11754.3,12531.3,14863.3,15827.6,4717.0,1921.4,20951.0,8397.6,2758.5,1395.1,Mohon,10000.0,21000.0,,9.210440366976517
923,BPI,asking,Amber Homes,Lot 5-D Base Street Amber Homes Barangay Cansojong Talisay City,Talisay City,Residential - House and Lot,58.0,86.0,,,3300000.0,10.2439516,123.8480575,Google Maps API,,38372.09302325582,15.009433026436708,,15958.3,1798.9,8,0,1,13,1,2,0.1164,68697204.0,,,10264.4,11160.5,13459.9,13704.8,3322.2,1015.6,19431.1,10616.5,5575.7,4279.1,Poblacion,10500.0,15000.0,,9.259225769705994
924,BPI,asking,Amber Homes Phase 1,Lot 5-E Base Street Amber Homes Phase 1 Barangay Cansojong Talisay City,Talisay City,Residential - House and Lot,56.0,86.0,,,3300000.0,10.2439516,123.8480575,Google Maps API,,38372.09302325582,15.009433026436708,,15958.3,1798.9,8,0,1,13,1,2,0.1164,68697204.0,,,10264.4,11160.5,13459.9,13704.8,3322.2,1015.6,19431.1,10616.5,5575.7,4279.1,Poblacion,10500.0,15000.0,,9.259225769705994
925,BPI,asking,Bayswater Subdivision,Lot 21 Block 8 Bayswater Subdivision Barangay Pooc Talisay City,Talisay City,Residential - House and Lot,42.0,60.0,,,3500000.0,10.2464088,123.8328163,Google Maps API,,58333.333333333336,15.068273526459642,,17362.5,1830.0,5,1,0,10,0,1,0.0673,10442475.0,,,11145.7,11976.6,14306.2,14971.2,4018.6,690.9,20361.4,9217.9,3902.7,2616.8,Biasong,8300.0,,,9.024131268455035
926,BPI,asking,Alberlyn Box Hill Residences,Lot 2 Block 8 Alberlyn Box Hill Residences Barangay Mohon Talisay City,Talisay City,Residential - House and Lot,75.0,65.0,,,5000000.0,10.2497538,123.8220954,Google Maps API,,76923.07692307692,15.424948470398377,,18315.5,2536.3,7,2,0,8,0,2,0.0907,10592488.0,,,11754.3,12531.3,14863.3,15827.6,4717.0,1921.4,20951.0,8397.6,2758.5,1395.1,Mohon,10000.0,21000.0,,9.210440366976517
927,BPI,asking,Alberlyn Box Hill Residences,Lot 34 Block 1 Alberlyn Box Hill Residences Barangay Mohon Talisay City,Talisay City,Residential - House and Lot,68.0,65.0,,,4170000.0,10.2497538,123.8220954,Google Maps API,,64153.84615384616,15.243426593774984,,18315.5,2536.3,7,2,0,8,0,2,0.0907,10696238.0,,,11754.3,12531.3,14863.3,15827.6,4717.0,1921.4,20951.0,8397.6,2758.5,1395.1,Mohon,10000.0,21000.0,,9.210440366976517
928,BPI,asking,South Covina Subdivision,Lot 12 Block 2 South Covina Subdivision Barangay Dumlog Talisay City,Talisay City,Residential - House and Lot,70.0,68.0,,,4600000.0,10.2391439,123.842875,Google Maps API,,67647.05882352941,15.341566861459324,,16704.5,2250.3,6,0,0,10,1,2,0.0967,3300000.0,,,11032.9,11923.3,14227.2,14475.4,4038.2,734.9,20206.2,9893.5,5063.7,3956.7,Dumlog,9200.0,21000.0,,9.127067452782361
929,Metrobank,asking,Mactan Oasis Garden,Bldg 9 Unit No 108 Mactan Oasis Garden Mactan Lapu-Lapu City,Lapu-Lapu City,Residential - Condominium Unit,,36.56,,,878000.0,10.2967846,124.0024785,Google Maps API,,24015.317286652076,13.685401872617254,,2818.2,11395.9,4,0,0,0,0,0,0.0242,23595470.0,,,10998.6,11091.5,10217.8,5898.3,15952.6,18833.8,9823.8,28495.3,23160.0,21475.7,Mactan,5000.0,10500.0,107500.0,8.517393171418904
930,Metrobank,asking,Mactan Oasis Garden,Bldg 9 Unit No 109 Mactan Oasis Garden Mactan Lapu-Lapu City,Lapu-Lapu City,Residential - Condominium Unit,,36.56,,,878000.0,10.2967846,124.0024785,Google Maps API,,24015.317286652076,13.685401872617254,,2818.2,11395.9,4,0,0,0,0,0,0.0242,23595470.0,,,10998.6,11091.5,10217.8,5898.3,15952.6,18833.8,9823.8,28495.3,23160.0,21475.7,Mactan,5000.0,10500.0,107500.0,8.517393171418904
931,Metrobank,asking,AGR Residences,Lot 4 Unit 4 AGR Residences Brgy Cubacub Mandaue City,Mandaue City,Residential - Townhouse,110.0,165.0,,,5834000.0,10.3667673,123.9419456,Google Maps API,,35357.57575757576,15.579213429409805,,7765.8,3507.2,5,0,0,7,0,0,0.0453,48271971.0,,,6823.8,5957.9,3632.2,5995.1,13925.6,17678.9,2623.3,26760.8,20755.1,18953.1,Cubacub,6037.5,8200.0,,8.70591091571543
932,Metrobank,asking,Florentina 1 Townhomes,Lot 1619-A-2-B Florentina 1 Townhomes Canduman-Tawason Road Barangay Canduman Mandaue City,Mandaue City,Residential - House and Lot,70.0,80.0,,,2949000.0,10.3486549,123.9507899,Google Maps API,,36862.5,14.896976687797414,,5547.5,4164.4,7,0,12,8,1,2,0.1129,,,,6134.6,5496.3,3366.1,3892.4,13190.7,16869.2,3408.3,26246.8,20308.1,18497.2,Pakna-an,10500.0,16800.0,,9.259225769705994
933,Metrobank,asking,San Remo Oasis Building 3,Unit U3301 3rd Floor San Remo Oasis Building 3 South Road Properties Cebu City,Cebu City,Residential - Condominium Unit,,30.17,,,3651000.0,10.3280562,123.9150853,Google Maps API,,121014.25256877692,15.110511660637776,,7365.9,1309.6,8,5,17,23,0,2,0.1794,25072522.0,,,1639.3,1030.4,1625.2,4279.6,8766.0,12499.5,7577.0,21751.1,15792.7,13981.7,Kasambagan,30000.0,34500.0,115000.0,10.308985993422082
934,Metrobank,asking,Sundance Residences Tower 1,Unit 11U 11th Floor Sundance Residences Tower 1 Barangay Guadalupe Cebu City,Cebu City,Residential - Condominium Unit,,31.99,,,3775000.0,10.3151542,123.8833416,Google Maps API,,118005.626758362,15.143910940665265,,10501.3,576.5,14,6,20,17,0,4,0.2276,48318542.0,,,2307.6,2769.5,5045.6,7443.3,5507.2,9256.4,11134.9,18157.1,12156.5,10351.6,Guadalupe,23700.0,29550.0,84000.0,10.073272520325904
935,Metrobank,asking,Ajoya Subdivision,Lot 5 Block 16 Along Road Lot 24 Ajoya Subdivision Barangay Gabi Cordova,Cordova,Residential - House and Lot,80.0,44.0,,,2788000.0,10.2669609,123.9582232,Google Maps API,,63363.63636363636,14.840835050862552,,5017.2,9239.4,6,0,0,0,0,0,0.0364,7700000.0,,,8179.6,8779.9,9241.3,5246.0,10882.4,13307.4,12196.7,22848.9,17775.3,16187.7,Gabi,10000.0,3875.0,,9.210440366976517
936,Metrobank,asking,Villa del Rio Mactan Subdivision,Lot 33 Block 1 Villa del Rio Mactan Subdivision Barangay Babag 1 Lapu-Lapu City,Lapu-Lapu City,Residential - House and Lot,120.0,296.0,,,7188000.0,10.2789973,123.9474761,Google Maps API,,24283.783783783783,15.787923526885589,,4659.9,7464.0,3,2,1,2,0,1,0.0492,1421600.0,,,6406.4,6998.4,7535.3,3877.0,9725.1,12499.5,10989.0,22166.3,16848.4,15188.1,Babag,5500.0,13375.0,,8.612685172875459
937,Metrobank,asking,Northwoods Residences,Lot 6 Block 4 Northwoods Residences Barangay Canduman Mandaue City,Mandaue City,Residential - Townhouse,86.0,95.0,,,4674000.0,10.3688559,123.9274053,Google Maps API,,49200.0,15.35752579408094,,8880.3,2348.1,4,0,0,8,1,0,0.0692,3301196.0,,,6209.5,5249.7,3123.1,6674.2,13134.0,16898.0,4069.5,25748.4,19727.9,17941.2,Canduman,9770.0,15750.0,87415.0,9.187174093944343
938,Metrobank,asking,Midori Plains Subdivision,Lot 4 Block 6 Midori Plains Subdivision Barangay Tungkop Minglanilla,Minglanilla,Residential - House and Lot,149.0,52.0,,,3923000.0,10.2360158,123.7812764,Google Maps API,,75442.30769230769,15.18236722519169,,23034.7,7247.5,4,0,0,2,0,0,0.0285,9784751.0,,,16244.3,16947.7,19259.1,20514.4,9381.1,6361.5,25352.3,4018.5,2071.2,3881.8,Tungkop,7000.0,18000.0,,8.853808274977197
939,Metrobank,asking,Fonte Versailles Subdivision,Lot 2 Block 7 Fonte Versailles Subdivision Phase 1 Barangay Tulay Minglanilla,Minglanilla,Residential - House and Lot,203.0,189.0,,,6437000.0,10.2365999,123.7927538,Google Maps API,,34058.201058201055,15.677573151034752,,21836.1,6064.4,8,0,4,11,0,2,0.088,,,,15181.7,15915.1,18237.5,19353.6,8230.3,5111.0,24334.1,4946.8,1167.0,2875.9,Tulay,10250.0,17500.0,,9.235130540783402
940,Metrobank,asking,Portville Mactan Subdivision,Lot 5 Block 8 Portville Mactan Subdivision Barangay Buaya Lapu-Lapu City,Lapu-Lapu City,Residential - House and Lot,42.0,48.0,,,1694000.0,10.3113119,123.9886412,Google Maps API,,35291.666666666664,14.342603154194135,,1151.0,9347.1,6,0,0,3,0,1,0.0483,2852250.0,,,9260.5,9226.7,8137.1,4086.5,14858.1,18005.4,7742.9,27710.3,22168.2,20430.8,Bankal,6500.0,10125.0,,8.77971129020447
941,Metrobank,asking,Portville Mactan Subdivision,Lot 24 Block 8 Portville Mactan Subdivision Barangay Buaya Lapu-Lapu City,Lapu-Lapu City,Residential - House and Lot,42.0,48.0,,,1659000.0,10.3113119,123.9886412,Google Maps API,,34562.5,14.321725569172582,,1151.0,9347.1,6,0,0,3,0,1,0.0483,2861000.0,,,9260.5,9226.7,8137.1,4086.5,14858.1,18005.4,7742.9,27710.3,22168.2,20430.8,Bankal,6500.0,10125.0,,8.77971129020447
942,Metrobank,asking,Hacienda San Agustin Subdivision,Lot 1 Block 4 Hacienda San Agustin Subdivision Barangay Lower Calajo-an Minglanilla,Minglanilla,Residential - House and Lot,294.0,166.0,,,7019000.0,10.2475282,123.8042645,Google Maps API,,42283.132530120485,15.76413131571256,,20235.3,4450.1,5,2,2,8,0,2,0.081,8734340.0,,,13448.2,14172.2,16492.6,17694.1,6560.7,3793.6,22589.0,6694.2,793.1,1131.2,Calajo-an,7000.0,10937.5,,8.853808274977197
943,Metrobank,asking,,Lot 7545-B-1 Legaspi Street Barangay Sto Nino Cebu City,Cebu City,Residential - House and Lot,72.0,225.0,,,6788775.0,10.2947016,123.9037934,Google Maps API,,30172.333333333332,15.730781070887476,,8343.1,2612.9,17,9,68,43,8,5,0.6171,280502094.0,,,2576.5,3566.4,5530.7,5614.7,5530.6,9049.2,11217.2,18624.9,12856.0,11076.8,San Roque (Ciudad),28125.0,90642.5,,10.244449694430193
944,Metrobank,asking,Espina Village,Nos 095-A and 095-B 2nd Street Espina Village Barangay Guadalupe Cebu City,Cebu City,Residential - House and Lot,1000.0,581.0,,,38682225.0,10.308185,123.887931,Google Maps API,,66578.70051635112,17.470890750162805,,9962.5,615.4,15,13,42,37,0,1,0.3564,57710595.0,,,2085.2,2837.6,5170.1,6966.0,5138.9,8901.4,11250.7,18049.9,12092.0,10281.0,Guadalupe,23700.0,29550.0,84000.0,10.073272520325904
945,Bank of Commerce,asking,,Lots 8 and 3 Blk 2 Bontores St Brgy Basak Cebu City,Cebu City,Residential - House and Lot,463.0,,,,8064000.0,10.3403921,123.9146414,Google Maps API,,17416.846652267817,15.902920269293286,,7948.8,632.8,17,5,23,24,0,0,0.2322,19824544.0,,,2750.3,1804.3,694.4,4997.7,9760.6,13521.5,6710.5,22582.6,16583.6,14778.5,Banilad,41500.0,92500.0,90000.0,10.633472802314019
946,Bank of Commerce,asking,Mivesa Garden Residences,Unit 202 2/F Mivesa Garden Residences Building 4 Southwest Salinas Drive Extension Cebu City,Cebu City,Residential - Condominium Unit,,27.57,,,2868000.0,10.3338446,123.8952695,Google Maps API,,104026.11534276388,14.869125480701648,,9626.3,899.3,10,1,3,9,0,2,0.1046,18895093.0,,,2030.3,1395.2,2929.1,6534.1,7958.7,11710.3,8870.3,20518.4,14501.7,12708.0,Lahug,30000.0,57000.0,115000.0,10.308985993422082
947,Bank of Commerce,asking,Anami Homes North Subd,Lot 12 Blk 6 Road Lot 8 Anami Homes North Subd Brgy Jugan Consolacion Cebu,Consolacion,Residential - Townhouse,55.0,,,,3116000.0,10.376209,123.9770806,Google Maps API,,56654.545454545456,14.952060685972777,,7677.4,7461.5,2,0,0,1,0,0,0.0143,,,,10273.5,9546.8,7257.2,7503.1,17372.4,21065.3,1454.3,30391.3,24424.9,22614.6,Jugan,2400.0,,,7.783640596221253
948,Bank of Commerce,asking,,Lot 243-F-1 Brgy Looc Mandaue Cebu,Mandaue City,Residential - House and Lot,252.0,,,,7476000.0,10.3229191,123.9541571,Google Maps API,,29666.666666666668,15.82720844755759,,3231.0,5371.2,3,0,1,5,1,0,0.0579,,,,5488.0,5310.6,4185.6,1074.6,11868.7,15348.6,6051.7,24963.7,19181.4,17391.7,Looc,10075.0,19000.0,,9.2179116374725
949,Bank of Commerce,asking,Amaia Steps Mandaue,Unit 532 Tower 1 Amaia Steps Mandaue Plaridel Street Corner UN Avenue Barangay Alangalang Mandaue City,Mandaue City,Residential - Condominium Unit,,32.84,,,3613000.0,10.339164,123.9553647,Google Maps API,,110018.27040194884,15.100049010129776,,4395.5,4889.9,6,2,3,7,1,0,0.1028,3270000.0,,,6071.9,5599.6,3780.5,2870.2,12938.5,16544.9,4253.9,26044.6,20163.4,18357.1,Alang-alang,11525.0,26295.0,108900.0,9.352360631996612
950,Bank of Commerce,asking,Villa Verna Subd,Lot 27 Blk4 Villa Verna Subd Bgy Marigondon Lapu-Lapu City,Lapu-Lapu City,Residential - House and Lot,732.0,,,,7833000.0,10.2734993,123.8459926,Google Maps API,,10700.819672131149,15.873856136349376,,15025.3,1095.0,8,1,8,7,0,0,0.0831,10167825.0,,,8060.3,8819.2,11150.1,12362.6,1422.5,3331.7,17241.2,12060.8,6148.2,4347.6,Bulacao,9000.0,35000.0,,9.105090961257085
951,Bank of Commerce,asking,Villa Illuminada Subd,Lot 29 Blk 3 Villa Illuminada Subd Brgy Pajac Lapu-Lapu City,Lapu-Lapu City,Residential - Vacant Lot,130.0,,,,1339000.0,10.2930556,123.9857702,Google Maps API,,10300.0,14.107433624673307,,1737.9,9956.6,4,0,2,5,0,0,0.0374,16692256.0,,,9335.0,9519.2,8911.4,4406.3,14080.7,16968.1,9586.4,26638.0,21286.1,19601.4,Pajac,3350.0,7760.0,,8.11701408773731
952,Bank of Commerce,asking,Villa Illuminada Subd,Lot 30 Blk 3 Villa Illuminada Subd Brgy Pajac Lapu-Lapu City,Lapu-Lapu City,Residential - Vacant Lot,128.0,,,,1319000.0,10.2930556,123.9857702,Google Maps API,,10304.6875,14.092384431699452,,1737.9,9956.6,4,0,2,5,0,0,0.0374,16692844.0,,,9335.0,9519.2,8911.4,4406.3,14080.7,16968.1,9586.4,26638.0,21286.1,19601.4,Pajac,3350.0,7760.0,,8.11701408773731
953,Bank of Commerce,asking,Villa Illuminada Subd,Lot 31 Blk 3 Villa Illuminada Subd Brgy Pajac Lapu-Lapu City,Lapu-Lapu City,Residential - Vacant Lot,145.0,,,,1494000.0,10.2930556,123.9857702,Google Maps API,,10303.448275862069,14.2169676446749,,1737.9,9956.6,4,0,2,5,0,0,0.0374,16687697.0,,,9335.0,9519.2,8911.4,4406.3,14080.7,16968.1,9586.4,26638.0,21286.1,19601.4,Pajac,3350.0,7760.0,,8.11701408773731
954,Bank of Commerce,asking,Villa Illuminada Subd,Lot 32 Blk 3 Villa Illuminada Subd Brgy Pajac Lapu-Lapu City,Lapu-Lapu City,Residential - Vacant Lot,182.0,,,,1875000.0,10.2930556,123.9857702,Google Maps API,,10302.197802197805,14.444119217386648,,1737.9,9956.6,4,0,2,5,0,0,0.0374,16676491.0,,,9335.0,9519.2,8911.4,4406.3,14080.7,16968.1,9586.4,26638.0,21286.1,19601.4,Pajac,3350.0,7760.0,,8.11701408773731
955,Bank of Commerce,asking,Villa Illuminada Subd,Lot 33 Blk 3 Villa Illuminada Subd Brgy Pajac Lapu-Lapu City,Lapu-Lapu City,Residential - Vacant Lot,58.0,,,,598000.0,10.2930556,123.9857702,Google Maps API,,10310.344827586208,13.301346032932768,,1737.9,9956.6,4,0,2,5,0,0,0.0374,16714050.0,,,9335.0,9519.2,8911.4,4406.3,14080.7,16968.1,9586.4,26638.0,21286.1,19601.4,Pajac,3350.0,7760.0,,8.11701408773731
956,Bank of Commerce,asking,Villa Illuminada Subd,Lot 34 Blk 3 Villa Illuminada Subd Brgy Pajac Lapu-Lapu City,Lapu-Lapu City,Residential - Vacant Lot,382.0,,,,3935000.0,10.2930556,123.9857702,Google Maps API,,10301.047120418849,15.18542143983364,,1737.9,9956.6,4,0,2,5,0,0,0.0374,16615903.0,,,9335.0,9519.2,8911.4,4406.3,14080.7,16968.1,9586.4,26638.0,21286.1,19601.4,Pajac,3350.0,7760.0,,8.11701408773731
957,Bank of Commerce,asking,Villa Illuminada Subd,Lot 36 Blk 3 Villa Illuminada Subd Brgy Pajac Lapu-Lapu City,Lapu-Lapu City,Residential - Vacant Lot,40.0,,,,412000.0,10.2930556,123.9857702,Google Maps API,,10300.0,12.928778628331663,,1737.9,9956.6,4,0,2,5,0,0,0.0374,16719521.0,,,9335.0,9519.2,8911.4,4406.3,14080.7,16968.1,9586.4,26638.0,21286.1,19601.4,Pajac,3350.0,7760.0,,8.11701408773731
958,Bank of Commerce,asking,Villa Illuminada Subd,Lot 35 Blk 3 Villa Illuminada Subd Brgy Pajac Lapu-Lapu City,Lapu-Lapu City,Residential - Vacant Lot,220.0,,,,2266000.0,10.2930556,123.9857702,Google Maps API,,10300.0,14.633526720570089,,1737.9,9956.6,4,0,2,5,0,0,0.0374,16664991.0,,,9335.0,9519.2,8911.4,4406.3,14080.7,16968.1,9586.4,26638.0,21286.1,19601.4,Pajac,3350.0,7760.0,,8.11701408773731
959,Bank of Commerce,asking,Villa Illuminada Subd,Lot 42 Blk 3 Villa Illuminada Subd Brgy Pajac Lapu-Lapu City,Lapu-Lapu City,Residential - Vacant Lot,140.0,,,,1442000.0,10.2930556,123.9857702,Google Maps API,,10300.0,14.181541596827032,,1737.9,9956.6,4,0,2,5,0,0,0.0374,16689226.0,,,9335.0,9519.2,8911.4,4406.3,14080.7,16968.1,9586.4,26638.0,21286.1,19601.4,Pajac,3350.0,7760.0,,8.11701408773731
960,Bank of Commerce,asking,Villa Illuminada Subd,Lot 43 Blk 3 Villa Illuminada Subd Brgy Pajac Lapu-Lapu City,Lapu-Lapu City,Residential - Vacant Lot,130.0,,,,1339000.0,10.2930556,123.9857702,Google Maps API,,10300.0,14.107433624673307,,1737.9,9956.6,4,0,2,5,0,0,0.0374,16692256.0,,,9335.0,9519.2,8911.4,4406.3,14080.7,16968.1,9586.4,26638.0,21286.1,19601.4,Pajac,3350.0,7760.0,,8.11701408773731
961,Bank of Commerce,asking,Villa Illuminada Subd,Lot 46 Blk 3 Villa Illuminada Subd Brgy Pajac Lapu-Lapu City,Lapu-Lapu City,Residential - Vacant Lot,130.0,,,,1339000.0,10.2930556,123.9857702,Google Maps API,,10300.0,14.107433624673307,,1737.9,9956.6,4,0,2,5,0,0,0.0374,16692256.0,,,9335.0,9519.2,8911.4,4406.3,14080.7,16968.1,9586.4,26638.0,21286.1,19601.4,Pajac,3350.0,7760.0,,8.11701408773731
962,Bank of Commerce,asking,Villa Illuminada Subd,Lot 51 Blk 3 Villa Illuminada Subd Brgy Pajac Lapu-Lapu City,Lapu-Lapu City,Residential - Vacant Lot,289.0,,,,3122000.0,10.2930556,123.9857702,Google Maps API,,10802.768166089963,14.953984380057516,,1737.9,9956.6,4,0,2,5,0,0,0.0374,16639815.0,,,9335.0,9519.2,8911.4,4406.3,14080.7,16968.1,9586.4,26638.0,21286.1,19601.4,Pajac,3350.0,7760.0,,8.11701408773731
963,Bank of Commerce,asking,Villa Illuminada Subd,Lot 52 Blk 3 Villa Illuminada Subd Brgy Pajac Lapu-Lapu City,Lapu-Lapu City,Residential - Vacant Lot,265.0,,,,2862000.0,10.2930556,123.9857702,Google Maps API,,10800.0,14.867031239098534,,1737.9,9956.6,4,0,2,5,0,0,0.0374,16647462.0,,,9335.0,9519.2,8911.4,4406.3,14080.7,16968.1,9586.4,26638.0,21286.1,19601.4,Pajac,3350.0,7760.0,,8.11701408773731
964,Bank of Commerce,asking,Villa Illuminada Subd,Lot 53 Blk 3 Villa Illuminada Subd Brgy Pajac Lapu-Lapu City,Lapu-Lapu City,Residential - Vacant Lot,260.0,,,,2678000.0,10.2930556,123.9857702,Google Maps API,,10300.0,14.800580805233254,,1737.9,9956.6,4,0,2,5,0,0,0.0374,16652874.0,,,9335.0,9519.2,8911.4,4406.3,14080.7,16968.1,9586.4,26638.0,21286.1,19601.4,Pajac,3350.0,7760.0,,8.11701408773731
965,Bank of Commerce,asking,Villa Illuminada Subd,Lot 4 Blk 4 Villa Illuminada Subd Brgy Pajac Lapu-Lapu City,Lapu-Lapu City,Residential - Vacant Lot,134.0,,,,1381000.0,10.2930556,123.9857702,Google Maps API,,10305.970149253732,14.13831843239143,,1737.9,9956.6,4,0,2,5,0,0,0.0374,16691021.0,,,9335.0,9519.2,8911.4,4406.3,14080.7,16968.1,9586.4,26638.0,21286.1,19601.4,Pajac,3350.0,7760.0,,8.11701408773731
966,Bank of Commerce,asking,Villa Illuminada Subd,Lot 7 Blk 4 Villa Illuminada Subd Brgy Pajac Lapu-Lapu City,Lapu-Lapu City,Residential - Vacant Lot,124.0,,,,1439000.0,10.2930556,123.9857702,Google Maps API,,11604.83870967742,14.179458985869504,,1737.9,9956.6,4,0,2,5,0,0,0.0374,16689315.0,,,9335.0,9519.2,8911.4,4406.3,14080.7,16968.1,9586.4,26638.0,21286.1,19601.4,Pajac,3350.0,7760.0,,8.11701408773731
967,Bank of Commerce,asking,Villa Illuminada Subd,Lot 1 Blk 5 Villa Illuminada Subd Brgy Pajac Lapu-Lapu City,Lapu-Lapu City,Residential - Vacant Lot,273.0,,,,4095000.0,10.2930556,123.9857702,Google Maps API,,15000.0,15.225277275269306,,1737.9,9956.6,4,0,2,5,0,0,0.0374,16611197.0,,,9335.0,9519.2,8911.4,4406.3,14080.7,16968.1,9586.4,26638.0,21286.1,19601.4,Pajac,3350.0,7760.0,,8.11701408773731
968,Bank of Commerce,asking,Villa Illuminada Subd,Lot 13 Blk 9 Villa Illuminada Subd Brgy Pajac Lapu-Lapu City,Lapu-Lapu City,Residential - Vacant Lot,176.0,,,,1812000.0,10.2930556,123.9857702,Google Maps API,,10295.454545454546,14.409941765585062,,1737.9,9956.6,4,0,2,5,0,0,0.0374,16678344.0,,,9335.0,9519.2,8911.4,4406.3,14080.7,16968.1,9586.4,26638.0,21286.1,19601.4,Pajac,3350.0,7760.0,,8.11701408773731
969,Bank of Commerce,asking,Villa Illuminada Subd,Lot 14 Blk 9 Villa Illuminada Subd Brgy Pajac Lapu-Lapu City,Lapu-Lapu City,Residential - Vacant Lot,217.0,,,,2236000.0,10.2930556,123.9857702,Google Maps API,,10304.147465437787,14.620199113257128,,1737.9,9956.6,4,0,2,5,0,0,0.0374,16665874.0,,,9335.0,9519.2,8911.4,4406.3,14080.7,16968.1,9586.4,26638.0,21286.1,19601.4,Pajac,3350.0,7760.0,,8.11701408773731
970,Bank of Commerce,asking,Villa Illuminada Subd,Lot 7 Blk 8 Villa Illuminada Subd Brgy Pajac Lapu-Lapu City,Lapu-Lapu City,Residential - House and Lot,125.0,,,,2922000.0,10.2930556,123.9857702,Google Maps API,,23376.0,14.88777887129278,,1737.9,9956.6,4,0,2,5,0,0,0.0374,16645697.0,,,9335.0,9519.2,8911.4,4406.3,14080.7,16968.1,9586.4,26638.0,21286.1,19601.4,Pajac,3350.0,7760.0,,8.11701408773731
971,Bank of Commerce,asking,Villa Illuminada Subd,Lot 25 Blk 9 Villa Illuminada Subd Brgy Pajac Lapu-Lapu City,Lapu-Lapu City,Residential - Vacant Lot,135.0,,,,1391000.0,10.2930556,123.9857702,Google Maps API,,10303.703703703704,14.14553347090558,,1737.9,9956.6,4,0,2,5,0,0,0.0374,16690726.0,,,9335.0,9519.2,8911.4,4406.3,14080.7,16968.1,9586.4,26638.0,21286.1,19601.4,Pajac,3350.0,7760.0,,8.11701408773731
972,Bank of Commerce,asking,Villa Illuminada Subd,Lot 26 Blk 9 Villa Illuminada Subd Brgy Pajac Lapu-Lapu City,Lapu-Lapu City,Residential - Vacant Lot,136.0,,,,1578000.0,10.2930556,123.9857702,Google Maps API,,11602.941176470587,14.271668780387955,,1737.9,9956.6,4,0,2,5,0,0,0.0374,16685226.0,,,9335.0,9519.2,8911.4,4406.3,14080.7,16968.1,9586.4,26638.0,21286.1,19601.4,Pajac,3350.0,7760.0,,8.11701408773731
973,Bank of Commerce,asking,Villa Illuminada Subd,Lot 27 Blk 9 Villa Illuminada Subd Brgy Pajac Lapu-Lapu City,Lapu-Lapu City,Residential - Vacant Lot,136.0,,,,1578000.0,10.2930556,123.9857702,Google Maps API,,11602.941176470587,14.271668780387955,,1737.9,9956.6,4,0,2,5,0,0,0.0374,16685226.0,,,9335.0,9519.2,8911.4,4406.3,14080.7,16968.1,9586.4,26638.0,21286.1,19601.4,Pajac,3350.0,7760.0,,8.11701408773731
974,Bank of Commerce,asking,Villa Illuminada Subd,Lot 28 Blk 9 Villa Illuminada Subd Brgy Pajac Lapu-Lapu City,Lapu-Lapu City,Residential - Vacant Lot,136.0,,,,1578000.0,10.2930556,123.9857702,Google Maps API,,11602.941176470587,14.271668780387955,,1737.9,9956.6,4,0,2,5,0,0,0.0374,16685226.0,,,9335.0,9519.2,8911.4,4406.3,14080.7,16968.1,9586.4,26638.0,21286.1,19601.4,Pajac,3350.0,7760.0,,8.11701408773731
975,Bank of Commerce,asking,8 Newtown Boulevard,Unit 9C Cluster 4 9/F 8 Newtown Boulevard Mactan Newtown Brgy Mactan Lapu-Lapu City,Lapu-Lapu City,Residential - Condominium Unit,,49.6,,,7490000.0,10.3085676,124.0139063,Google Maps API,,151008.06451612903,15.829079355493402,,3822.9,12046.1,2,1,4,9,2,1,0.1073,19486329.0,,,12040.3,12001.2,10815.0,6865.5,17444.2,20445.9,9334.6,30132.6,24709.8,22999.3,Mactan,5000.0,10500.0,107500.0,8.517393171418904
976,Bank of Commerce,asking,BF Homes,Lot 16 Blk 5 BF Homes Fuentes Road Agus Pajac Lapu-Lapu City,Lapu-Lapu City,Residential - Townhouse,44.0,,,,2997000.0,10.2946976,123.9954801,Google Maps API,,68113.63636363637,14.9131223462988,,2276.9,10831.4,5,0,1,5,0,1,0.0478,18073147.0,,,10307.4,10440.6,9679.1,5266.7,15158.6,18034.0,9735.5,27696.7,22360.9,20678.3,Mactan,5000.0,10500.0,107500.0,8.517393171418904
977,Bank of Commerce,asking,Villa Verna Subdivision,3620-R Villa Verna Subdivision Bo Bulacao Talisay City,Talisay City,Residential - Vacant Lot,100.0,,,,1250000.0,10.2734993,123.8459926,Google Maps API,,12500.0,14.038654109278484,,15025.3,1095.0,8,1,8,7,0,0,0.0831,10332400.0,,,8060.3,8819.2,11150.1,12362.6,1422.5,3331.7,17241.2,12060.8,6148.2,4347.6,Bulacao,9000.0,35000.0,,9.105090961257085
978,Bank of Commerce,asking,Villa Verna Subdivision,3620-T Villa Verna Subdivision Bo Bulacao Talisay City,Talisay City,Residential - Vacant Lot,100.0,,,,1250000.0,10.2734993,123.8459926,Google Maps API,,12500.0,14.038654109278484,,15025.3,1095.0,8,1,8,7,0,0,0.0831,10332400.0,,,8060.3,8819.2,11150.1,12362.6,1422.5,3331.7,17241.2,12060.8,6148.2,4347.6,Bulacao,9000.0,35000.0,,9.105090961257085
979,Bank of Commerce,asking,Villa Verna Subdivision,3620-X Villa Verna Subdivision Bo Bulacao Talisay City,Talisay City,Residential - Vacant Lot,100.0,,,,1250000.0,10.2734993,123.8459926,Google Maps API,,12500.0,14.038654109278484,,15025.3,1095.0,8,1,8,7,0,0,0.0831,10332400.0,,,8060.3,8819.2,11150.1,12362.6,1422.5,3331.7,17241.2,12060.8,6148.2,4347.6,Bulacao,9000.0,35000.0,,9.105090961257085
980,Bank of Commerce,asking,Villa Verna Subdivision,3620-FF Villa Verna Subdivision Bo Bulacao Talisay City,Talisay City,Residential - Vacant Lot,150.0,,,,1875000.0,10.2734993,123.8459926,Google Maps API,,12500.0,14.444119217386648,,15025.3,1095.0,8,1,8,7,0,0,0.0831,10316775.0,,,8060.3,8819.2,11150.1,12362.6,1422.5,3331.7,17241.2,12060.8,6148.2,4347.6,Bulacao,9000.0,35000.0,,9.105090961257085
981,Bank of Commerce,asking,Villa Verna Subdivision,3620-GG Villa Verna Subdivision Bo Bulacao Talisay City,Talisay City,Residential - Vacant Lot,149.0,,,,1863000.0,10.2734993,123.8459926,Google Maps API,,12503.355704697986,14.437698649583725,,15025.3,1095.0,8,1,8,7,0,0,0.0831,10317075.0,,,8060.3,8819.2,11150.1,12362.6,1422.5,3331.7,17241.2,12060.8,6148.2,4347.6,Bulacao,9000.0,35000.0,,9.105090961257085
982,Bank of Commerce,asking,Villa Verna Subdivision,3620-LL Villa Verna Subdivision Brgy Bulacao Talisay City,Talisay City,Residential - Vacant Lot,110.0,,,,1375000.0,10.2734993,123.8459926,Google Maps API,,12500.0,14.133964289082808,,15025.3,1095.0,8,1,8,7,0,0,0.0831,10329275.0,,,8060.3,8819.2,11150.1,12362.6,1422.5,3331.7,17241.2,12060.8,6148.2,4347.6,Bulacao,9000.0,35000.0,,9.105090961257085
983,Bank of Commerce,asking,Villa Verna Subdivision,3620-NN Villa Verna Subdivision Bo Bulacao Talisay City,Talisay City,Residential - Vacant Lot,161.0,,,,2013000.0,10.2734993,123.8459926,Google Maps API,,12503.105590062112,14.515136704621929,,15025.3,1095.0,8,1,8,7,0,0,0.0831,10313325.0,,,8060.3,8819.2,11150.1,12362.6,1422.5,3331.7,17241.2,12060.8,6148.2,4347.6,Bulacao,9000.0,35000.0,,9.105090961257085
984,Bank of Commerce,asking,Villa Verna Subdivision,Lot 1 Blk 1 Villa Verna Subdivision Bo Bulacao Talisay City,Talisay City,Residential - Vacant Lot,1043.0,,,,13038000.0,10.2734993,123.8459926,Google Maps API,,12500.479386385428,16.38337872846662,,15025.3,1095.0,8,1,8,7,0,0,0.0831,10037700.0,,,8060.3,8819.2,11150.1,12362.6,1422.5,3331.7,17241.2,12060.8,6148.2,4347.6,Bulacao,9000.0,35000.0,,9.105090961257085
985,Bank of Commerce,asking,Villa Verna Subdivision,Lot 4 Blk 4 Villa Verna Subdivision Bo Bulacao Talisay City,Talisay City,Residential - Vacant Lot,100.0,,,,1250000.0,10.2734993,123.8459926,Google Maps API,,12500.0,14.038654109278484,,15025.3,1095.0,8,1,8,7,0,0,0.0831,10332400.0,,,8060.3,8819.2,11150.1,12362.6,1422.5,3331.7,17241.2,12060.8,6148.2,4347.6,Bulacao,9000.0,35000.0,,9.105090961257085
986,Bank of Commerce,asking,Villa Verna Subdivision,Lot 13 Blk 4 Villa Verna Subdivision Bo Bulacao Talisay City,Talisay City,Residential - Vacant Lot,100.0,,,,1250000.0,10.2734993,123.8459926,Google Maps API,,12500.0,14.038654109278484,,15025.3,1095.0,8,1,8,7,0,0,0.0831,10332400.0,,,8060.3,8819.2,11150.1,12362.6,1422.5,3331.7,17241.2,12060.8,6148.2,4347.6,Bulacao,9000.0,35000.0,,9.105090961257085
987,Bank of Commerce,asking,Villa Verna Subdivision,Lot 11 Blk 5 Villa Verna Subdivision Bo Bulacao Talisay City,Talisay City,Residential - Vacant Lot,100.0,,,,1250000.0,10.2734993,123.8459926,Google Maps API,,12500.0,14.038654109278484,,15025.3,1095.0,8,1,8,7,0,0,0.0831,10332400.0,,,8060.3,8819.2,11150.1,12362.6,1422.5,3331.7,17241.2,12060.8,6148.2,4347.6,Bulacao,9000.0,35000.0,,9.105090961257085
988,Bank of Commerce,asking,Villa Verna Subdivision,Lot 12 Blk 5 Villa Verna Subdivision Bo Bulacao Talisay City,Talisay City,Residential - Vacant Lot,100.0,,,,1250000.0,10.2734993,123.8459926,Google Maps API,,12500.0,14.038654109278484,,15025.3,1095.0,8,1,8,7,0,0,0.0831,10332400.0,,,8060.3,8819.2,11150.1,12362.6,1422.5,3331.7,17241.2,12060.8,6148.2,4347.6,Bulacao,9000.0,35000.0,,9.105090961257085
989,Bank of Commerce,asking,Villa Verna Subdivision,Lot 8 Blk 8 Villa Verna Subdivision Bo Bulacao Talisay City,Talisay City,Residential - Vacant Lot,100.0,,,,1250000.0,10.2734993,123.8459926,Google Maps API,,12500.0,14.038654109278484,,15025.3,1095.0,8,1,8,7,0,0,0.0831,10332400.0,,,8060.3,8819.2,11150.1,12362.6,1422.5,3331.7,17241.2,12060.8,6148.2,4347.6,Bulacao,9000.0,35000.0,,9.105090961257085
990,Bank of Commerce,asking,Villa Verna Subdivision,Lot 2 Blk 9 Villa Verna Subdivision Bo Bulacao Talisay City,Talisay City,Residential - Vacant Lot,112.0,,,,1501000.0,10.2734993,123.8459926,Google Maps API,,13401.785714285714,14.2216421106156,,15025.3,1095.0,8,1,8,7,0,0,0.0831,10326125.0,,,8060.3,8819.2,11150.1,12362.6,1422.5,3331.7,17241.2,12060.8,6148.2,4347.6,Bulacao,9000.0,35000.0,,9.105090961257085
991,Bank of Commerce,asking,Villa Verna Subdivision,Lot 3 Blk 9 Villa Verna Subdivision Bo Bulacao Talisay City,Talisay City,Residential - Vacant Lot,100.0,,,,1250000.0,10.2734993,123.8459926,Google Maps API,,12500.0,14.038654109278484,,15025.3,1095.0,8,1,8,7,0,0,0.0831,10332400.0,,,8060.3,8819.2,11150.1,12362.6,1422.5,3331.7,17241.2,12060.8,6148.2,4347.6,Bulacao,9000.0,35000.0,,9.105090961257085
992,Bank of Commerce,asking,Villa Verna Subdivision,Lot 4 Blk 9 Villa Verna Subdivision Bo Bulacao Talisay City,Talisay City,Residential - Vacant Lot,100.0,,,,1250000.0,10.2734993,123.8459926,Google Maps API,,12500.0,14.038654109278484,,15025.3,1095.0,8,1,8,7,0,0,0.0831,10332400.0,,,8060.3,8819.2,11150.1,12362.6,1422.5,3331.7,17241.2,12060.8,6148.2,4347.6,Bulacao,9000.0,35000.0,,9.105090961257085
993,Bank of Commerce,asking,Villa Verna Subdivision,Lot 5 Blk 9 Villa Verna Subdivision Bo Bulacao Talisay City,Talisay City,Residential - Vacant Lot,100.0,,,,1250000.0,10.2734993,123.8459926,Google Maps API,,12500.0,14.038654109278484,,15025.3,1095.0,8,1,8,7,0,0,0.0831,10332400.0,,,8060.3,8819.2,11150.1,12362.6,1422.5,3331.7,17241.2,12060.8,6148.2,4347.6,Bulacao,9000.0,35000.0,,9.105090961257085
994,Bank of Commerce,asking,Villa Verna Subdivision,Lot 6 Blk 9 Villa Verna Subdivision Bo Bulacao Talisay City,Talisay City,Residential - Vacant Lot,100.0,,,,1250000.0,10.2734993,123.8459926,Google Maps API,,12500.0,14.038654109278484,,15025.3,1095.0,8,1,8,7,0,0,0.0831,10332400.0,,,8060.3,8819.2,11150.1,12362.6,1422.5,3331.7,17241.2,12060.8,6148.2,4347.6,Bulacao,9000.0,35000.0,,9.105090961257085
995,Bank of Commerce,asking,Villa Verna Subdivision,Lot 11 Blk 9 Villa Verna Subdivision Bo Bulacao Talisay City,Talisay City,Residential - Vacant Lot,119.0,,,,1595000.0,10.2734993,123.8459926,Google Maps API,,13403.361344537816,14.282384294201082,,15025.3,1095.0,8,1,8,7,0,0,0.0831,10323775.0,,,8060.3,8819.2,11150.1,12362.6,1422.5,3331.7,17241.2,12060.8,6148.2,4347.6,Bulacao,9000.0,35000.0,,9.105090961257085
996,Bank of Commerce,asking,Villa Verna Subdivision,Lot 1 Blk 10 Villa Verna Subdivision Bo Bulacao Talisay City,Talisay City,Residential - Vacant Lot,132.0,,,,1769000.0,10.2734993,123.8459926,Google Maps API,,13401.515151515152,14.385924973141922,,15025.3,1095.0,8,1,8,7,0,0,0.0831,10319425.0,,,8060.3,8819.2,11150.1,12362.6,1422.5,3331.7,17241.2,12060.8,6148.2,4347.6,Bulacao,9000.0,35000.0,,9.105090961257085
997,Bank of Commerce,asking,Villa Verna Subdivision,Lot 3 Blk 10 Villa Verna Subdivision Bo Bulacao Talisay City,Talisay City,Residential - Vacant Lot,100.0,,,,1250000.0,10.2734993,123.8459926,Google Maps API,,12500.0,14.038654109278484,,15025.3,1095.0,8,1,8,7,0,0,0.0831,10332400.0,,,8060.3,8819.2,11150.1,12362.6,1422.5,3331.7,17241.2,12060.8,6148.2,4347.6,Bulacao,9000.0,35000.0,,9.105090961257085
998,Bank of Commerce,asking,Villa Verna Subdivision,Lot 12 Blk 10 Villa Verna Subdivision Bo Bulacao Talisay City,Talisay City,Residential - Vacant Lot,134.0,,,,1675000.0,10.2734993,123.8459926,Google Maps API,,12500.0,14.331323723241304,,15025.3,1095.0,8,1,8,7,0,0,0.0831,10321775.0,,,8060.3,8819.2,11150.1,12362.6,1422.5,3331.7,17241.2,12060.8,6148.2,4347.6,Bulacao,9000.0,35000.0,,9.105090961257085
999,Bank of Commerce,asking,Villa Verna Subdivision,Lot 14 Blk 10 Villa Verna Subdivision Bo Bulacao Talisay City,Talisay City,Residential - Vacant Lot,112.0,,,,1400000.0,10.2734993,123.8459926,Google Maps API,,12500.0,14.151982794585487,,15025.3,1095.0,8,1,8,7,0,0,0.0831,10328650.0,,,8060.3,8819.2,11150.1,12362.6,1422.5,3331.7,17241.2,12060.8,6148.2,4347.6,Bulacao,9000.0,35000.0,,9.105090961257085
1000,Bank of Commerce,asking,Villa Verna Subdivision,Lot 5 Blk 11 Villa Verna Subdivision Bo Bulacao Talisay City,Talisay City,Residential - Vacant Lot,100.0,,,,1250000.0,10.2734993,123.8459926,Google Maps API,,12500.0,14.038654109278484,,15025.3,1095.0,8,1,8,7,0,0,0.0831,10332400.0,,,8060.3,8819.2,11150.1,12362.6,1422.5,3331.7,17241.2,12060.8,6148.2,4347.6,Bulacao,9000.0,35000.0,,9.105090961257085
1001,Bank of Commerce,asking,Villa Verna Subdivision,Lot 7 Blk 11 Villa Verna Subdivision Bo Bulacao Talisay City,Talisay City,Residential - Vacant Lot,149.0,,,,1997000.0,10.2734993,123.8459926,Google Maps API,,13402.68456375839,14.507156612397951,,15025.3,1095.0,8,1,8,7,0,0,0.0831,10313725.0,,,8060.3,8819.2,11150.1,12362.6,1422.5,3331.7,17241.2,12060.8,6148.2,4347.6,Bulacao,9000.0,35000.0,,9.105090961257085
1002,Bank of Commerce,asking,Villa Verna Subdivision,Lot 11 Blk 11 Villa Verna Subdivision Bo Bulacao Talisay City,Talisay City,Residential - Vacant Lot,99.0,,,,1238000.0,10.2734993,123.8459926,Google Maps API,,12505.050505050503,14.02900773222668,,15025.3,1095.0,8,1,8,7,0,0,0.0831,10332700.0,,,8060.3,8819.2,11150.1,12362.6,1422.5,3331.7,17241.2,12060.8,6148.2,4347.6,Bulacao,9000.0,35000.0,,9.105090961257085
1003,Bank of Commerce,asking,,Lot 9205 Sitio Abono Hills Brgy Tunghaan Minglanilla Cebu,Minglanilla,Residential - Vacant Lot,9049.29,,,,22493000.0,10.2411953,123.7837669,Google Maps API,,2485.609368248779,16.928714707658436,,22585.1,6800.9,7,0,0,4,0,0,0.051,6923067.0,,,15699.2,16388.7,18694.3,20028.9,8898.9,6030.9,24784.3,4640.3,1565.2,3350.6,Tunghaan,7000.0,14000.0,70000.0,8.853808274977197
1004,Bank of Commerce,asking,,Lot 10649 Brgy Pitago 2 Minglanilla Cebu,Minglanilla,Residential - Vacant Lot,3811.0,,,,5717000.0,10.2411953,123.7837669,Google Maps API,,1500.1311991603254,15.558954750246109,,22585.1,6800.9,7,0,0,4,0,0,0.051,8213529.0,,,15699.2,16388.7,18694.3,20028.9,8898.9,6030.9,24784.3,4640.3,1565.2,3350.6,Tunghaan,7000.0,14000.0,70000.0,8.853808274977197
1005,Bank of Commerce,asking,South Hills Subd,Lot 12 Blk 14 South Hills Subd Brgy Buhisan Cebu City,Cebu City,Residential - Vacant Lot,150.0,,,,3150000.0,10.3087756,123.8606478,Google Maps API,,21000.0,14.962913010801817,,12947.9,2258.2,1,0,0,0,0,0,0.0061,3980319.0,,,4876.4,5323.6,7528.3,9939.0,4108.9,7548.5,13565.4,15857.1,9835.6,8060.0,Tisa,12820.0,21320.0,90000.0,9.4588397305527
1006,Bank of Commerce,asking,South Hills Subd,Lot 14 Blk 14 South Hills Subd Brgy Buhisan Cebu City,Cebu City,Residential - House and Lot,150.0,,,,3150000.0,10.3087756,123.8606478,Google Maps API,,21000.0,14.962913010801817,,12947.9,2258.2,1,0,0,0,0,0,0.0061,3980319.0,,,4876.4,5323.6,7528.3,9939.0,4108.9,7548.5,13565.4,15857.1,9835.6,8060.0,Tisa,12820.0,21320.0,90000.0,9.4588397305527
1007,Bank of Commerce,asking,South Hills Subd,Lot 15 Blk 14 South Hills Subd Brgy Buhisan Cebu City,Cebu City,Residential - House and Lot,150.0,,,,3150000.0,10.3087756,123.8606478,Google Maps API,,21000.0,14.962913010801817,,12947.9,2258.2,1,0,0,0,0,0,0.0061,3980319.0,,,4876.4,5323.6,7528.3,9939.0,4108.9,7548.5,13565.4,15857.1,9835.6,8060.0,Tisa,12820.0,21320.0,90000.0,9.4588397305527
1008,Bank of Commerce,asking,South Hills Subd,Lot 16 Blk 14 South Hills Subd Brgy Buhisan Cebu City,Cebu City,Residential - Vacant Lot,150.0,,,,3150000.0,10.3087756,123.8606478,Google Maps API,,21000.0,14.962913010801817,,12947.9,2258.2,1,0,0,0,0,0,0.0061,3980319.0,,,4876.4,5323.6,7528.3,9939.0,4108.9,7548.5,13565.4,15857.1,9835.6,8060.0,Tisa,12820.0,21320.0,90000.0,9.4588397305527
1009,Bank of Commerce,asking,South Hills Subd,Lot 17 Blk 14 South Hills Subd Brgy Buhisan Cebu City,Cebu City,Residential - Vacant Lot,150.0,,,,3150000.0,10.3087756,123.8606478,Google Maps API,,21000.0,14.962913010801817,,12947.9,2258.2,1,0,0,0,0,0,0.0061,3980319.0,,,4876.4,5323.6,7528.3,9939.0,4108.9,7548.5,13565.4,15857.1,9835.6,8060.0,Tisa,12820.0,21320.0,90000.0,9.4588397305527
1010,Bank of Commerce,asking,South Hills Subd,Lot 18 Blk 14 South Hills Subd Brgy Buhisan Cebu City,Cebu City,Residential - Vacant Lot,150.0,,,,3150000.0,10.3087756,123.8606478,Google Maps API,,21000.0,14.962913010801817,,12947.9,2258.2,1,0,0,0,0,0,0.0061,3980319.0,,,4876.4,5323.6,7528.3,9939.0,4108.9,7548.5,13565.4,15857.1,9835.6,8060.0,Tisa,12820.0,21320.0,90000.0,9.4588397305527
1011,Bank of Commerce,asking,South Hills Subd,Lot 20 Blk 14 South Hills Subd Brgy Buhisan Cebu City,Cebu City,Residential - Vacant Lot,150.0,,,,3150000.0,10.3087756,123.8606478,Google Maps API,,21000.0,14.962913010801817,,12947.9,2258.2,1,0,0,0,0,0,0.0061,3980319.0,,,4876.4,5323.6,7528.3,9939.0,4108.9,7548.5,13565.4,15857.1,9835.6,8060.0,Tisa,12820.0,21320.0,90000.0,9.4588397305527
1012,Bank of Commerce,asking,South Hills Subd,Lot 48 Blk 13 South Hills Subd Brgy Buhisan Cebu City,Cebu City,Residential - Vacant Lot,150.0,,,,3150000.0,10.3087756,123.8606478,Google Maps API,,21000.0,14.962913010801817,,12947.9,2258.2,1,0,0,0,0,0,0.0061,3980319.0,,,4876.4,5323.6,7528.3,9939.0,4108.9,7548.5,13565.4,15857.1,9835.6,8060.0,Tisa,12820.0,21320.0,90000.0,9.4588397305527
1013,Bank of Commerce,asking,South Hills Subd,Lot 50 Blk 13 South Hills Subd Brgy Buhisan Cebu City,Cebu City,Residential - Vacant Lot,150.0,,,,3150000.0,10.3087756,123.8606478,Google Maps API,,21000.0,14.962913010801817,,12947.9,2258.2,1,0,0,0,0,0,0.0061,3980319.0,,,4876.4,5323.6,7528.3,9939.0,4108.9,7548.5,13565.4,15857.1,9835.6,8060.0,Tisa,12820.0,21320.0,90000.0,9.4588397305527
1014,Bank of Commerce,asking,South Hills Subd,Lot 51 Blk 13 South Hills Subd Brgy Buhisan Cebu City,Cebu City,Residential - Vacant Lot,150.0,,,,3150000.0,10.3087756,123.8606478,Google Maps API,,21000.0,14.962913010801817,,12947.9,2258.2,1,0,0,0,0,0,0.0061,3980319.0,,,4876.4,5323.6,7528.3,9939.0,4108.9,7548.5,13565.4,15857.1,9835.6,8060.0,Tisa,12820.0,21320.0,90000.0,9.4588397305527
1015,Bank of Commerce,asking,South Hills Subd,Lot 3 Blk 31 South Hills Subd Brgy Buhisan Cebu City,Cebu City,Residential - Vacant Lot,300.0,,,,4980000.0,10.3087756,123.8606478,Google Maps API,,16600.0,15.420940449000836,,12947.9,2258.2,1,0,0,0,0,0,0.0061,3970374.0,,,4876.4,5323.6,7528.3,9939.0,4108.9,7548.5,13565.4,15857.1,9835.6,8060.0,Tisa,12820.0,21320.0,90000.0,9.4588397305527
1016,Bank of Commerce,asking,South Hills Subd,Lot 4 Blk 31 South Hills Subd Brgy Buhisan Cebu City,Cebu City,Residential - Vacant Lot,150.0,,,,2490000.0,10.3087756,123.8606478,Google Maps API,,16600.0,14.727793268440893,,12947.9,2258.2,1,0,0,0,0,0,0.0061,3983906.0,,,4876.4,5323.6,7528.3,9939.0,4108.9,7548.5,13565.4,15857.1,9835.6,8060.0,Tisa,12820.0,21320.0,90000.0,9.4588397305527
1017,Bank of Commerce,asking,South Hills Subd,Lot 5 Blk 31 South Hills Subd Brgy Buhisan Cebu City,Cebu City,Residential - Vacant Lot,150.0,,,,2490000.0,10.3087756,123.8606478,Google Maps API,,16600.0,14.727793268440893,,12947.9,2258.2,1,0,0,0,0,0,0.0061,3983906.0,,,4876.4,5323.6,7528.3,9939.0,4108.9,7548.5,13565.4,15857.1,9835.6,8060.0,Tisa,12820.0,21320.0,90000.0,9.4588397305527
1018,Bank of Commerce,asking,South Hills Subd,Lot 6 Blk 31 South Hills Subd Brgy Buhisan Cebu City,Cebu City,Residential - Vacant Lot,150.0,,,,2490000.0,10.3087756,123.8606478,Google Maps API,,16600.0,14.727793268440893,,12947.9,2258.2,1,0,0,0,0,0,0.0061,3983906.0,,,4876.4,5323.6,7528.3,9939.0,4108.9,7548.5,13565.4,15857.1,9835.6,8060.0,Tisa,12820.0,21320.0,90000.0,9.4588397305527
1019,Bank of Commerce,asking,South Hills Subd,Lot 7 Blk 31 South Hills Subd Brgy Buhisan Cebu City,Cebu City,Residential - Vacant Lot,150.0,,,,2490000.0,10.3087756,123.8606478,Google Maps API,,16600.0,14.727793268440893,,12947.9,2258.2,1,0,0,0,0,0,0.0061,3983906.0,,,4876.4,5323.6,7528.3,9939.0,4108.9,7548.5,13565.4,15857.1,9835.6,8060.0,Tisa,12820.0,21320.0,90000.0,9.4588397305527
1020,Bank of Commerce,asking,South Hills Subd,Lot 8 Blk 31 South Hills Subd Brgy Buhisan Cebu City,Cebu City,Residential - Vacant Lot,150.0,,,,2490000.0,10.3087756,123.8606478,Google Maps API,,16600.0,14.727793268440893,,12947.9,2258.2,1,0,0,0,0,0,0.0061,3983906.0,,,4876.4,5323.6,7528.3,9939.0,4108.9,7548.5,13565.4,15857.1,9835.6,8060.0,Tisa,12820.0,21320.0,90000.0,9.4588397305527
1021,Bank of Commerce,asking,South Hills Subd,Lot 9 Blk 31 South Hills Subd Brgy Buhisan Cebu City,Cebu City,Residential - Vacant Lot,150.0,,,,2490000.0,10.3087756,123.8606478,Google Maps API,,16600.0,14.727793268440893,,12947.9,2258.2,1,0,0,0,0,0,0.0061,3983906.0,,,4876.4,5323.6,7528.3,9939.0,4108.9,7548.5,13565.4,15857.1,9835.6,8060.0,Tisa,12820.0,21320.0,90000.0,9.4588397305527
1022,Bank of Commerce,asking,South Hills Subd,Lot 10 Blk 31 South Hills Subd Brgy Buhisan Cebu City,Cebu City,Residential - Vacant Lot,150.0,,,,2490000.0,10.3087756,123.8606478,Google Maps API,,16600.0,14.727793268440893,,12947.9,2258.2,1,0,0,0,0,0,0.0061,3983906.0,,,4876.4,5323.6,7528.3,9939.0,4108.9,7548.5,13565.4,15857.1,9835.6,8060.0,Tisa,12820.0,21320.0,90000.0,9.4588397305527
1023,Bank of Commerce,asking,South Hills Subd,Lot 12 Blk 31 South Hills Subd Brgy Buhisan Cebu City,Cebu City,Residential - Vacant Lot,150.0,,,,2490000.0,10.3087756,123.8606478,Google Maps API,,16600.0,14.727793268440893,,12947.9,2258.2,1,0,0,0,0,0,0.0061,3983906.0,,,4876.4,5323.6,7528.3,9939.0,4108.9,7548.5,13565.4,15857.1,9835.6,8060.0,Tisa,12820.0,21320.0,90000.0,9.4588397305527
1024,Bank of Commerce,asking,South Hills Subd,Lot 13 Blk 31 South Hills Subd Brgy Buhisan Cebu City,Cebu City,Residential - Vacant Lot,150.0,,,,2490000.0,10.3087756,123.8606478,Google Maps API,,16600.0,14.727793268440893,,12947.9,2258.2,1,0,0,0,0,0,0.0061,3983906.0,,,4876.4,5323.6,7528.3,9939.0,4108.9,7548.5,13565.4,15857.1,9835.6,8060.0,Tisa,12820.0,21320.0,90000.0,9.4588397305527
1025,Bank of Commerce,asking,South Hills Subd,Lot 16 Blk 31 South Hills Subd Brgy Buhisan Cebu City,Cebu City,Residential - Vacant Lot,150.0,,,,2490000.0,10.3087756,123.8606478,Google Maps API,,16600.0,14.727793268440893,,12947.9,2258.2,1,0,0,0,0,0,0.0061,3983906.0,,,4876.4,5323.6,7528.3,9939.0,4108.9,7548.5,13565.4,15857.1,9835.6,8060.0,Tisa,12820.0,21320.0,90000.0,9.4588397305527
1026,Bank of Commerce,asking,South Hills Subd,Lot 19 Blk 31 South Hills Subd Brgy Buhisan Cebu City,Cebu City,Residential - Vacant Lot,123.0,,,,2041000.0,10.3087756,123.8606478,Google Maps API,,16593.49593495935,14.528950441791984,,12947.9,2258.2,1,0,0,0,0,0,0.0061,3986346.0,,,4876.4,5323.6,7528.3,9939.0,4108.9,7548.5,13565.4,15857.1,9835.6,8060.0,Tisa,12820.0,21320.0,90000.0,9.4588397305527
1027,Bank of Commerce,asking,South Hills Subd,Lot 23 Blk 31 South Hills Subd Brgy Buhisan Cebu City,Cebu City,Residential - Vacant Lot,150.0,,,,2490000.0,10.3087756,123.8606478,Google Maps API,,16600.0,14.727793268440893,,12947.9,2258.2,1,0,0,0,0,0,0.0061,3983906.0,,,4876.4,5323.6,7528.3,9939.0,4108.9,7548.5,13565.4,15857.1,9835.6,8060.0,Tisa,12820.0,21320.0,90000.0,9.4588397305527
1028,Bank of Commerce,asking,South Hills Subd,Lot 24 Blk 31 South Hills Subd Brgy Buhisan Cebu City,Cebu City,Residential - Vacant Lot,150.0,,,,2490000.0,10.3087756,123.8606478,Google Maps API,,16600.0,14.727793268440893,,12947.9,2258.2,1,0,0,0,0,0,0.0061,3983906.0,,,4876.4,5323.6,7528.3,9939.0,4108.9,7548.5,13565.4,15857.1,9835.6,8060.0,Tisa,12820.0,21320.0,90000.0,9.4588397305527
1029,Bank of Commerce,asking,South Hills Subd,Lot 43 Blk 1 South Hills Subd Brgy Buhisan Cebu City,Cebu City,Residential - Vacant Lot,150.0,,,,2490000.0,10.3087756,123.8606478,Google Maps API,,16600.0,14.727793268440893,,12947.9,2258.2,1,0,0,0,0,0,0.0061,3983906.0,,,4876.4,5323.6,7528.3,9939.0,4108.9,7548.5,13565.4,15857.1,9835.6,8060.0,Tisa,12820.0,21320.0,90000.0,9.4588397305527
1030,Bank of Commerce,asking,South Hills Subd,Lot 44 Blk 1 South Hills Subd Brgy Buhisan Cebu City,Cebu City,Residential - Vacant Lot,98.0,,,,1627000.0,10.3087756,123.8606478,Google Maps API,,16602.04081632653,14.302248386201176,,12947.9,2258.2,1,0,0,0,0,0,0.0061,3988596.0,,,4876.4,5323.6,7528.3,9939.0,4108.9,7548.5,13565.4,15857.1,9835.6,8060.0,Tisa,12820.0,21320.0,90000.0,9.4588397305527
1031,Bank of Commerce,asking,South Hills Subd,Lot 45 Blk 1 South Hills Subd Brgy Buhisan Cebu City,Cebu City,Residential - Vacant Lot,150.0,,,,2490000.0,10.3087756,123.8606478,Google Maps API,,16600.0,14.727793268440893,,12947.9,2258.2,1,0,0,0,0,0,0.0061,3983906.0,,,4876.4,5323.6,7528.3,9939.0,4108.9,7548.5,13565.4,15857.1,9835.6,8060.0,Tisa,12820.0,21320.0,90000.0,9.4588397305527
1032,Bank of Commerce,asking,South Hills Subd,Lot 46 Blk 1 South Hills Subd Brgy Buhisan Cebu City,Cebu City,Residential - Vacant Lot,150.0,,,,2490000.0,10.3087756,123.8606478,Google Maps API,,16600.0,14.727793268440893,,12947.9,2258.2,1,0,0,0,0,0,0.0061,3983906.0,,,4876.4,5323.6,7528.3,9939.0,4108.9,7548.5,13565.4,15857.1,9835.6,8060.0,Tisa,12820.0,21320.0,90000.0,9.4588397305527
1033,Bank of Commerce,asking,South Hills Subd,Lot 47 Blk 1 South Hills Subd Brgy Buhisan Cebu City,Cebu City,Residential - Vacant Lot,150.0,,,,2490000.0,10.3087756,123.8606478,Google Maps API,,16600.0,14.727793268440893,,12947.9,2258.2,1,0,0,0,0,0,0.0061,3983906.0,,,4876.4,5323.6,7528.3,9939.0,4108.9,7548.5,13565.4,15857.1,9835.6,8060.0,Tisa,12820.0,21320.0,90000.0,9.4588397305527
1034,Bank of Commerce,asking,South Hills Subd,Lot 48 Blk 1 South Hills Subd Brgy Buhisan Cebu City,Cebu City,Residential - Vacant Lot,150.0,,,,2490000.0,10.3087756,123.8606478,Google Maps API,,16600.0,14.727793268440893,,12947.9,2258.2,1,0,0,0,0,0,0.0061,3983906.0,,,4876.4,5323.6,7528.3,9939.0,4108.9,7548.5,13565.4,15857.1,9835.6,8060.0,Tisa,12820.0,21320.0,90000.0,9.4588397305527
1035,Bank of Commerce,asking,South Hills Subd,Lot 49 Blk 1 South Hills Subd Brgy Buhisan Cebu City,Cebu City,Residential - Vacant Lot,150.0,,,,2490000.0,10.3087756,123.8606478,Google Maps API,,16600.0,14.727793268440893,,12947.9,2258.2,1,0,0,0,0,0,0.0061,3983906.0,,,4876.4,5323.6,7528.3,9939.0,4108.9,7548.5,13565.4,15857.1,9835.6,8060.0,Tisa,12820.0,21320.0,90000.0,9.4588397305527
1036,Bank of Commerce,asking,South Hills Subd,Lot 50 Blk 1 South Hills Subd Brgy Buhisan Cebu City,Cebu City,Residential - Vacant Lot,150.0,,,,2490000.0,10.3087756,123.8606478,Google Maps API,,16600.0,14.727793268440893,,12947.9,2258.2,1,0,0,0,0,0,0.0061,3983906.0,,,4876.4,5323.6,7528.3,9939.0,4108.9,7548.5,13565.4,15857.1,9835.6,8060.0,Tisa,12820.0,21320.0,90000.0,9.4588397305527
1037,Bank of Commerce,asking,South Hills Subd,Lot 51 Blk 1 South Hills Subd Brgy Buhisan Cebu City,Cebu City,Residential - Vacant Lot,150.0,,,,2490000.0,10.3087756,123.8606478,Google Maps API,,16600.0,14.727793268440893,,12947.9,2258.2,1,0,0,0,0,0,0.0061,3983906.0,,,4876.4,5323.6,7528.3,9939.0,4108.9,7548.5,13565.4,15857.1,9835.6,8060.0,Tisa,12820.0,21320.0,90000.0,9.4588397305527
1038,Bank of Commerce,asking,South Hills Subd,Lot 52 Blk 1 South Hills Subd Brgy Buhisan Cebu City,Cebu City,Residential - Vacant Lot,150.0,,,,2490000.0,10.3087756,123.8606478,Google Maps API,,16600.0,14.727793268440893,,12947.9,2258.2,1,0,0,0,0,0,0.0061,3983906.0,,,4876.4,5323.6,7528.3,9939.0,4108.9,7548.5,13565.4,15857.1,9835.6,8060.0,Tisa,12820.0,21320.0,90000.0,9.4588397305527
1039,Bank of Commerce,asking,South Hills Subd,Lot 53 Blk 1 South Hills Subd Brgy Buhisan Cebu City,Cebu City,Residential - Vacant Lot,150.0,,,,2490000.0,10.3087756,123.8606478,Google Maps API,,16600.0,14.727793268440893,,12947.9,2258.2,1,0,0,0,0,0,0.0061,3983906.0,,,4876.4,5323.6,7528.3,9939.0,4108.9,7548.5,13565.4,15857.1,9835.6,8060.0,Tisa,12820.0,21320.0,90000.0,9.4588397305527
1040,Bank of Commerce,asking,South Hills Subd,Lot 54 Blk 1 South Hills Subd Brgy Buhisan Cebu City,Cebu City,Residential - Vacant Lot,150.0,,,,2490000.0,10.3087756,123.8606478,Google Maps API,,16600.0,14.727793268440893,,12947.9,2258.2,1,0,0,0,0,0,0.0061,3983906.0,,,4876.4,5323.6,7528.3,9939.0,4108.9,7548.5,13565.4,15857.1,9835.6,8060.0,Tisa,12820.0,21320.0,90000.0,9.4588397305527
1041,Bank of Commerce,asking,South Hills Subd,Lot 55 Blk 1 South Hills Subd Brgy Buhisan Cebu City,Cebu City,Residential - Vacant Lot,150.0,,,,2490000.0,10.3087756,123.8606478,Google Maps API,,16600.0,14.727793268440893,,12947.9,2258.2,1,0,0,0,0,0,0.0061,3983906.0,,,4876.4,5323.6,7528.3,9939.0,4108.9,7548.5,13565.4,15857.1,9835.6,8060.0,Tisa,12820.0,21320.0,90000.0,9.4588397305527
1042,Bank of Commerce,asking,South Hills Subd,Lot 56 Blk 1 South Hills Subd Brgy Buhisan Cebu City,Cebu City,Residential - Vacant Lot,150.0,,,,2490000.0,10.3087756,123.8606478,Google Maps API,,16600.0,14.727793268440893,,12947.9,2258.2,1,0,0,0,0,0,0.0061,3983906.0,,,4876.4,5323.6,7528.3,9939.0,4108.9,7548.5,13565.4,15857.1,9835.6,8060.0,Tisa,12820.0,21320.0,90000.0,9.4588397305527
1043,Bank of Commerce,asking,South Hills Subd,Lot 57 Blk 1 South Hills Subd Brgy Buhisan Cebu City,Cebu City,Residential - Vacant Lot,150.0,,,,2490000.0,10.3087756,123.8606478,Google Maps API,,16600.0,14.727793268440893,,12947.9,2258.2,1,0,0,0,0,0,0.0061,3983906.0,,,4876.4,5323.6,7528.3,9939.0,4108.9,7548.5,13565.4,15857.1,9835.6,8060.0,Tisa,12820.0,21320.0,90000.0,9.4588397305527
1044,Bank of Commerce,asking,South Hills Subd,Lot 58 Blk 1 South Hills Subd Brgy Buhisan Cebu City,Cebu City,Residential - Vacant Lot,150.0,,,,2490000.0,10.3087756,123.8606478,Google Maps API,,16600.0,14.727793268440893,,12947.9,2258.2,1,0,0,0,0,0,0.0061,3983906.0,,,4876.4,5323.6,7528.3,9939.0,4108.9,7548.5,13565.4,15857.1,9835.6,8060.0,Tisa,12820.0,21320.0,90000.0,9.4588397305527
1045,Bank of Commerce,asking,South Hills Subd,Lot 2 Blk 31 South Hills Subd Brgy Buhisan Cebu City,Cebu City,Residential - Vacant Lot,300.0,,,,4980000.0,10.3087756,123.8606478,Google Maps API,,16600.0,15.420940449000836,,12947.9,2258.2,1,0,0,0,0,0,0.0061,3970374.0,,,4876.4,5323.6,7528.3,9939.0,4108.9,7548.5,13565.4,15857.1,9835.6,8060.0,Tisa,12820.0,21320.0,90000.0,9.4588397305527
1046,Bank of Commerce,asking,South Hills Subd,Lot 1 Blk 31 South Hills Subd Brgy Buhisan Cebu City,Cebu City,Residential - Vacant Lot,300.0,,,,4980000.0,10.3087756,123.8606478,Google Maps API,,16600.0,15.420940449000836,,12947.9,2258.2,1,0,0,0,0,0,0.0061,3970374.0,,,4876.4,5323.6,7528.3,9939.0,4108.9,7548.5,13565.4,15857.1,9835.6,8060.0,Tisa,12820.0,21320.0,90000.0,9.4588397305527
1047,Bank of Commerce,asking,South Hills Subd,Lot 27 Blk 31 South Hills Subd Brgy Buhisan Cebu City,Cebu City,Residential - Vacant Lot,150.0,,,,2490000.0,10.3087756,123.8606478,Google Maps API,,16600.0,14.727793268440893,,12947.9,2258.2,1,0,0,0,0,0,0.0061,3983906.0,,,4876.4,5323.6,7528.3,9939.0,4108.9,7548.5,13565.4,15857.1,9835.6,8060.0,Tisa,12820.0,21320.0,90000.0,9.4588397305527
1048,Bank of Commerce,asking,South Hills Subd,Lot 28 Blk 31 South Hills Subd Brgy Buhisan Cebu City,Cebu City,Residential - Vacant Lot,150.0,,,,2490000.0,10.3087756,123.8606478,Google Maps API,,16600.0,14.727793268440893,,12947.9,2258.2,1,0,0,0,0,0,0.0061,3983906.0,,,4876.4,5323.6,7528.3,9939.0,4108.9,7548.5,13565.4,15857.1,9835.6,8060.0,Tisa,12820.0,21320.0,90000.0,9.4588397305527
1049,Bank of Commerce,asking,South Hills Subd,Lot 29 Blk 31 South Hills Subd Brgy Buhisan Cebu City,Cebu City,Residential - Vacant Lot,150.0,,,,2490000.0,10.3087756,123.8606478,Google Maps API,,16600.0,14.727793268440893,,12947.9,2258.2,1,0,0,0,0,0,0.0061,3983906.0,,,4876.4,5323.6,7528.3,9939.0,4108.9,7548.5,13565.4,15857.1,9835.6,8060.0,Tisa,12820.0,21320.0,90000.0,9.4588397305527
1050,Bank of Commerce,asking,South Hills Subd,Lot 30 Blk 31 South Hills Subd Brgy Buhisan Cebu City,Cebu City,Residential - Vacant Lot,150.0,,,,2490000.0,10.3087756,123.8606478,Google Maps API,,16600.0,14.727793268440893,,12947.9,2258.2,1,0,0,0,0,0,0.0061,3983906.0,,,4876.4,5323.6,7528.3,9939.0,4108.9,7548.5,13565.4,15857.1,9835.6,8060.0,Tisa,12820.0,21320.0,90000.0,9.4588397305527
1051,Bank of Commerce,asking,South Hills Subd,Lot 31 Blk 31 South Hills Subd Brgy Buhisan Cebu City,Cebu City,Residential - Vacant Lot,150.0,,,,2490000.0,10.3087756,123.8606478,Google Maps API,,16600.0,14.727793268440893,,12947.9,2258.2,1,0,0,0,0,0,0.0061,3983906.0,,,4876.4,5323.6,7528.3,9939.0,4108.9,7548.5,13565.4,15857.1,9835.6,8060.0,Tisa,12820.0,21320.0,90000.0,9.4588397305527
1052,Bank of Commerce,asking,South Hills Subd,Lot 33 Blk 31 South Hills Subd Brgy Buhisan Cebu City,Cebu City,Residential - Vacant Lot,150.0,,,,2490000.0,10.3087756,123.8606478,Google Maps API,,16600.0,14.727793268440893,,12947.9,2258.2,1,0,0,0,0,0,0.0061,3983906.0,,,4876.4,5323.6,7528.3,9939.0,4108.9,7548.5,13565.4,15857.1,9835.6,8060.0,Tisa,12820.0,21320.0,90000.0,9.4588397305527
1053,Bank of Commerce,asking,South Hills Subd,Lot 34 Blk 31 South Hills Subd Brgy Buhisan Cebu City,Cebu City,Residential - Vacant Lot,150.0,,,,2490000.0,10.3087756,123.8606478,Google Maps API,,16600.0,14.727793268440893,,12947.9,2258.2,1,0,0,0,0,0,0.0061,3983906.0,,,4876.4,5323.6,7528.3,9939.0,4108.9,7548.5,13565.4,15857.1,9835.6,8060.0,Tisa,12820.0,21320.0,90000.0,9.4588397305527
1054,Bank of Commerce,asking,South Hills Subd,Lot 35 Blk 31 South Hills Subd Brgy Buhisan Cebu City,Cebu City,Residential - Vacant Lot,150.0,,,,2490000.0,10.3087756,123.8606478,Google Maps API,,16600.0,14.727793268440893,,12947.9,2258.2,1,0,0,0,0,0,0.0061,3983906.0,,,4876.4,5323.6,7528.3,9939.0,4108.9,7548.5,13565.4,15857.1,9835.6,8060.0,Tisa,12820.0,21320.0,90000.0,9.4588397305527
1055,Bank of Commerce,asking,South Hills Subd,Lot 36 Blk 31 South Hills Subd Brgy Buhisan Cebu City,Cebu City,Residential - Vacant Lot,150.0,,,,2490000.0,10.3087756,123.8606478,Google Maps API,,16600.0,14.727793268440893,,12947.9,2258.2,1,0,0,0,0,0,0.0061,3983906.0,,,4876.4,5323.6,7528.3,9939.0,4108.9,7548.5,13565.4,15857.1,9835.6,8060.0,Tisa,12820.0,21320.0,90000.0,9.4588397305527
1056,Bank of Commerce,asking,South Hills Subd,Lot 18 Blk 3 South Hills Subd Brgy Buhisan Cebu City,Cebu City,Residential - House and Lot,150.0,,,,3150000.0,10.3087756,123.8606478,Google Maps API,,21000.0,14.962913010801817,,12947.9,2258.2,1,0,0,0,0,0,0.0061,3980319.0,,,4876.4,5323.6,7528.3,9939.0,4108.9,7548.5,13565.4,15857.1,9835.6,8060.0,Tisa,12820.0,21320.0,90000.0,9.4588397305527
1057,Bank of Commerce,asking,South Hills Subd,Lot 36 Blk 24 South Hills Subd Brgy Buhisan Cebu City,Cebu City,Residential - Vacant Lot,243.0,,,,5103000.0,10.3087756,123.8606478,Google Maps API,,21000.0,15.445339160046109,,12947.9,2258.2,1,0,0,0,0,0,0.0061,3969705.0,,,4876.4,5323.6,7528.3,9939.0,4108.9,7548.5,13565.4,15857.1,9835.6,8060.0,Tisa,12820.0,21320.0,90000.0,9.4588397305527
1058,Bank of Commerce,asking,South Hills Subd,Lot 35 Blk 24 South Hills Subd Brgy Buhisan Cebu City,Cebu City,Residential - Vacant Lot,142.0,,,,2982000.0,10.3087756,123.8606478,Google Maps API,,21000.0,14.90810477430682,,12947.9,2258.2,1,0,0,0,0,0,0.0061,3981232.0,,,4876.4,5323.6,7528.3,9939.0,4108.9,7548.5,13565.4,15857.1,9835.6,8060.0,Tisa,12820.0,21320.0,90000.0,9.4588397305527
1059,Bank of Commerce,asking,South Hills Subd,Lot 34 Blk 24 South Hills Subd Brgy Buhisan Cebu City,Cebu City,Residential - Vacant Lot,142.0,,,,2982000.0,10.3087756,123.8606478,Google Maps API,,21000.0,14.90810477430682,,12947.9,2258.2,1,0,0,0,0,0,0.0061,3981232.0,,,4876.4,5323.6,7528.3,9939.0,4108.9,7548.5,13565.4,15857.1,9835.6,8060.0,Tisa,12820.0,21320.0,90000.0,9.4588397305527
1060,Bank of Commerce,asking,South Hills Subd,Lot 31 Blk 24 South Hills Subd Brgy Buhisan Cebu City,Cebu City,Residential - Vacant Lot,143.0,,,,3003000.0,10.3087756,123.8606478,Google Maps API,,21000.0,14.915122346965468,,12947.9,2258.2,1,0,0,0,0,0,0.0061,3981118.0,,,4876.4,5323.6,7528.3,9939.0,4108.9,7548.5,13565.4,15857.1,9835.6,8060.0,Tisa,12820.0,21320.0,90000.0,9.4588397305527
1061,Bank of Commerce,asking,South Hills Subd,Lot 30 Blk 24 South Hills Subd Brgy Buhisan Cebu City,Cebu City,Residential - Vacant Lot,142.0,,,,2982000.0,10.3087756,123.8606478,Google Maps API,,21000.0,14.90810477430682,,12947.9,2258.2,1,0,0,0,0,0,0.0061,3981232.0,,,4876.4,5323.6,7528.3,9939.0,4108.9,7548.5,13565.4,15857.1,9835.6,8060.0,Tisa,12820.0,21320.0,90000.0,9.4588397305527
1062,Bank of Commerce,asking,South Hills Subd,Lot 28 Blk 24 South Hills Subd Brgy Buhisan Cebu City,Cebu City,Residential - Vacant Lot,142.0,,,,2982000.0,10.3087756,123.8606478,Google Maps API,,21000.0,14.90810477430682,,12947.9,2258.2,1,0,0,0,0,0,0.0061,3981232.0,,,4876.4,5323.6,7528.3,9939.0,4108.9,7548.5,13565.4,15857.1,9835.6,8060.0,Tisa,12820.0,21320.0,90000.0,9.4588397305527
1063,Bank of Commerce,asking,South Hills Subd,Lot 29 Blk 24 South Hills Subd Brgy Buhisan Cebu City,Cebu City,Residential - Vacant Lot,143.0,,,,3003000.0,10.3087756,123.8606478,Google Maps API,,21000.0,14.915122346965468,,12947.9,2258.2,1,0,0,0,0,0,0.0061,3981118.0,,,4876.4,5323.6,7528.3,9939.0,4108.9,7548.5,13565.4,15857.1,9835.6,8060.0,Tisa,12820.0,21320.0,90000.0,9.4588397305527
1064,Bank of Commerce,asking,South Hills Subd,Lot 27 Blk 24 South Hills Subd Brgy Buhisan Cebu City,Cebu City,Residential - Vacant Lot,143.0,,,,3003000.0,10.3087756,123.8606478,Google Maps API,,21000.0,14.915122346965468,,12947.9,2258.2,1,0,0,0,0,0,0.0061,3981118.0,,,4876.4,5323.6,7528.3,9939.0,4108.9,7548.5,13565.4,15857.1,9835.6,8060.0,Tisa,12820.0,21320.0,90000.0,9.4588397305527
1065,Bank of Commerce,asking,South Hills Subd,Lot 26 Blk 24 South Hills Subd Brgy Buhisan Cebu City,Cebu City,Residential - Vacant Lot,142.0,,,,2982000.0,10.3087756,123.8606478,Google Maps API,,21000.0,14.90810477430682,,12947.9,2258.2,1,0,0,0,0,0,0.0061,3981232.0,,,4876.4,5323.6,7528.3,9939.0,4108.9,7548.5,13565.4,15857.1,9835.6,8060.0,Tisa,12820.0,21320.0,90000.0,9.4588397305527
1066,Bank of Commerce,asking,South Hills Subd,Lot 25 Blk 24 South Hills Subd Brgy Buhisan Cebu City,Cebu City,Residential - Vacant Lot,143.0,,,,3003000.0,10.3087756,123.8606478,Google Maps API,,21000.0,14.915122346965468,,12947.9,2258.2,1,0,0,0,0,0,0.0061,3981118.0,,,4876.4,5323.6,7528.3,9939.0,4108.9,7548.5,13565.4,15857.1,9835.6,8060.0,Tisa,12820.0,21320.0,90000.0,9.4588397305527
1067,Bank of Commerce,asking,South Hills Subd,Lot 24 Blk 24 South Hills Subd Brgy Buhisan Cebu City,Cebu City,Residential - Vacant Lot,142.0,,,,3003000.0,10.3087756,123.8606478,Google Maps API,,21147.88732394366,14.915122346965468,,12947.9,2258.2,1,0,0,0,0,0,0.0061,3981118.0,,,4876.4,5323.6,7528.3,9939.0,4108.9,7548.5,13565.4,15857.1,9835.6,8060.0,Tisa,12820.0,21320.0,90000.0,9.4588397305527
1068,Bank of Commerce,asking,South Hills Subd,Lot 23 Blk 24 South Hills Subd Brgy Buhisan Cebu City,Cebu City,Residential - Vacant Lot,675.0,,,,14175000.0,10.3087756,123.8606478,Google Maps API,,21000.0,16.46699040757809,,12947.9,2258.2,1,0,0,0,0,0,0.0061,3920401.0,,,4876.4,5323.6,7528.3,9939.0,4108.9,7548.5,13565.4,15857.1,9835.6,8060.0,Tisa,12820.0,21320.0,90000.0,9.4588397305527
1069,Bank of Commerce,asking,South Hills Subd,Lot 22 Blk 23 South Hills Subd Brgy Buhisan Cebu City,Cebu City,Residential - Vacant Lot,150.0,,,,3150000.0,10.3087756,123.8606478,Google Maps API,,21000.0,14.962913010801817,,12947.9,2258.2,1,0,0,0,0,0,0.0061,3980319.0,,,4876.4,5323.6,7528.3,9939.0,4108.9,7548.5,13565.4,15857.1,9835.6,8060.0,Tisa,12820.0,21320.0,90000.0,9.4588397305527
1070,Bank of Commerce,asking,South Hills Subd,Lot 28 Blk 21 South Hills Subd Brgy Buhisan Cebu City,Cebu City,Residential - Vacant Lot,358.0,,,,7518000.0,10.3087756,123.8606478,Google Maps API,,21000.0,15.83281070310626,,12947.9,2258.2,1,0,0,0,0,0,0.0061,3956580.0,,,4876.4,5323.6,7528.3,9939.0,4108.9,7548.5,13565.4,15857.1,9835.6,8060.0,Tisa,12820.0,21320.0,90000.0,9.4588397305527
1071,Bank of Commerce,asking,South Hills Subd,Lot 4 Blk 3 South Hills Subd Brgy Buhisan Cebu City,Cebu City,Residential - Vacant Lot,178.0,,,,3738000.0,10.3087756,123.8606478,Google Maps API,,21000.0,15.134061266997644,,12947.9,2258.2,1,0,0,0,0,0,0.0061,3977124.0,,,4876.4,5323.6,7528.3,9939.0,4108.9,7548.5,13565.4,15857.1,9835.6,8060.0,Tisa,12820.0,21320.0,90000.0,9.4588397305527
1072,Bank of Commerce,asking,South Hills Subd,Lot 4 Blk 2 South Hills Subd Brgy Buhisan Cebu City,Cebu City,Residential - Vacant Lot,302.0,,,,6342000.0,10.3087756,123.8606478,Google Maps API,,21000.0,15.66270473408043,,12947.9,2258.2,1,0,0,0,0,0,0.0061,3962971.0,,,4876.4,5323.6,7528.3,9939.0,4108.9,7548.5,13565.4,15857.1,9835.6,8060.0,Tisa,12820.0,21320.0,90000.0,9.4588397305527
1073,Bank of Commerce,asking,South Hills Subd,Lot 10 Blk 32 South Hills Subd Brgy Buhisan Cebu City,Cebu City,Residential - Vacant Lot,150.0,,,,2490000.0,10.3087756,123.8606478,Google Maps API,,16600.0,14.727793268440893,,12947.9,2258.2,1,0,0,0,0,0,0.0061,3983906.0,,,4876.4,5323.6,7528.3,9939.0,4108.9,7548.5,13565.4,15857.1,9835.6,8060.0,Tisa,12820.0,21320.0,90000.0,9.4588397305527
1074,Bank of Commerce,asking,South Hills Subd,Lot 9 Blk 32 South Hills Subd Brgy Buhisan Cebu City,Cebu City,Residential - Vacant Lot,150.0,,,,2490000.0,10.3087756,123.8606478,Google Maps API,,16600.0,14.727793268440893,,12947.9,2258.2,1,0,0,0,0,0,0.0061,3983906.0,,,4876.4,5323.6,7528.3,9939.0,4108.9,7548.5,13565.4,15857.1,9835.6,8060.0,Tisa,12820.0,21320.0,90000.0,9.4588397305527
1075,Bank of Commerce,asking,South Hills Subd,Lot 8 Blk 32 South Hills Subd Brgy Buhisan Cebu City,Cebu City,Residential - Vacant Lot,150.0,,,,2490000.0,10.3087756,123.8606478,Google Maps API,,16600.0,14.727793268440893,,12947.9,2258.2,1,0,0,0,0,0,0.0061,3983906.0,,,4876.4,5323.6,7528.3,9939.0,4108.9,7548.5,13565.4,15857.1,9835.6,8060.0,Tisa,12820.0,21320.0,90000.0,9.4588397305527
1076,Bank of Commerce,asking,South Hills Subd,Lot 7 Blk 32 South Hills Subd Brgy Buhisan Cebu City,Cebu City,Residential - Vacant Lot,150.0,,,,2490000.0,10.3087756,123.8606478,Google Maps API,,16600.0,14.727793268440893,,12947.9,2258.2,1,0,0,0,0,0,0.0061,3983906.0,,,4876.4,5323.6,7528.3,9939.0,4108.9,7548.5,13565.4,15857.1,9835.6,8060.0,Tisa,12820.0,21320.0,90000.0,9.4588397305527
1077,Bank of Commerce,asking,South Hills Subd,Lot 6 Blk 32 South Hills Subd Brgy Buhisan Cebu City,Cebu City,Residential - Vacant Lot,150.0,,,,2490000.0,10.3087756,123.8606478,Google Maps API,,16600.0,14.727793268440893,,12947.9,2258.2,1,0,0,0,0,0,0.0061,3983906.0,,,4876.4,5323.6,7528.3,9939.0,4108.9,7548.5,13565.4,15857.1,9835.6,8060.0,Tisa,12820.0,21320.0,90000.0,9.4588397305527
1078,Bank of Commerce,asking,South Hills Subd,Lot 5 Blk 32 South Hills Subd Brgy Buhisan Cebu City,Cebu City,Residential - Vacant Lot,150.0,,,,2490000.0,10.3087756,123.8606478,Google Maps API,,16600.0,14.727793268440893,,12947.9,2258.2,1,0,0,0,0,0,0.0061,3983906.0,,,4876.4,5323.6,7528.3,9939.0,4108.9,7548.5,13565.4,15857.1,9835.6,8060.0,Tisa,12820.0,21320.0,90000.0,9.4588397305527
1079,Bank of Commerce,asking,South Hills Subd,Lot 4 Blk 32 South Hills Subd Brgy Buhisan Cebu City,Cebu City,Residential - Vacant Lot,150.0,,,,2490000.0,10.3087756,123.8606478,Google Maps API,,16600.0,14.727793268440893,,12947.9,2258.2,1,0,0,0,0,0,0.0061,3983906.0,,,4876.4,5323.6,7528.3,9939.0,4108.9,7548.5,13565.4,15857.1,9835.6,8060.0,Tisa,12820.0,21320.0,90000.0,9.4588397305527
1080,Bank of Commerce,asking,South Hills Subd,Lot 3 Blk 32 South Hills Subd Brgy Buhisan Cebu City,Cebu City,Residential - Vacant Lot,150.0,,,,2490000.0,10.3087756,123.8606478,Google Maps API,,16600.0,14.727793268440893,,12947.9,2258.2,1,0,0,0,0,0,0.0061,3983906.0,,,4876.4,5323.6,7528.3,9939.0,4108.9,7548.5,13565.4,15857.1,9835.6,8060.0,Tisa,12820.0,21320.0,90000.0,9.4588397305527
1081,Bank of Commerce,asking,South Hills Subd,Lot 2 Blk 32 South Hills Subd Brgy Buhisan Cebu City,Cebu City,Residential - Vacant Lot,150.0,,,,2490000.0,10.3087756,123.8606478,Google Maps API,,16600.0,14.727793268440893,,12947.9,2258.2,1,0,0,0,0,0,0.0061,3983906.0,,,4876.4,5323.6,7528.3,9939.0,4108.9,7548.5,13565.4,15857.1,9835.6,8060.0,Tisa,12820.0,21320.0,90000.0,9.4588397305527
1082,Bank of Commerce,asking,South Hills Subd,Lot 1 Blk 32 South Hills Subd Brgy Buhisan Cebu City,Cebu City,Residential - Vacant Lot,150.0,,,,2490000.0,10.3087756,123.8606478,Google Maps API,,16600.0,14.727793268440893,,12947.9,2258.2,1,0,0,0,0,0,0.0061,3983906.0,,,4876.4,5323.6,7528.3,9939.0,4108.9,7548.5,13565.4,15857.1,9835.6,8060.0,Tisa,12820.0,21320.0,90000.0,9.4588397305527
1083,Bank of Commerce,asking,South Hills Subd,Lot 24 Blk 8 South Hills Subd Brgy Buhisan Cebu City,Cebu City,Residential - Vacant Lot,168.0,,,,3528000.0,10.3087756,123.8606478,Google Maps API,,21000.0,15.076241696108818,,12947.9,2258.2,1,0,0,0,0,0,0.0061,3978265.0,,,4876.4,5323.6,7528.3,9939.0,4108.9,7548.5,13565.4,15857.1,9835.6,8060.0,Tisa,12820.0,21320.0,90000.0,9.4588397305527
1084,Bank of Commerce,asking,South Hills Subd,Lot 26 Blk 8 South Hills Subd Brgy Buhisan Cebu City,Cebu City,Residential - Vacant Lot,244.0,,,,5124000.0,10.3087756,123.8606478,Google Maps API,,21000.0,15.449445941998762,,12947.9,2258.2,1,0,0,0,0,0,0.0061,3969591.0,,,4876.4,5323.6,7528.3,9939.0,4108.9,7548.5,13565.4,15857.1,9835.6,8060.0,Tisa,12820.0,21320.0,90000.0,9.4588397305527
1085,Bank of Commerce,asking,South Hills Subd,Lot 2 Blk 9 South Hills Subd Brgy Buhisan Cebu City,Cebu City,Residential - Vacant Lot,160.0,,,,3360000.0,10.3087756,123.8606478,Google Maps API,,21000.0,15.027451531939388,,12947.9,2258.2,1,0,0,0,0,0,0.0061,3979178.0,,,4876.4,5323.6,7528.3,9939.0,4108.9,7548.5,13565.4,15857.1,9835.6,8060.0,Tisa,12820.0,21320.0,90000.0,9.4588397305527
1086,Bank of Commerce,asking,South Hills Subd,Lot 3 Blk 9 South Hills Subd Brgy Buhisan Cebu City,Cebu City,Residential - Vacant Lot,366.0,,,,7686000.0,10.3087756,123.8606478,Google Maps API,,21000.0,15.854911050106926,,12947.9,2258.2,1,0,0,0,0,0,0.0061,3955667.0,,,4876.4,5323.6,7528.3,9939.0,4108.9,7548.5,13565.4,15857.1,9835.6,8060.0,Tisa,12820.0,21320.0,90000.0,9.4588397305527
1087,Bank of Commerce,asking,South Hills Subd,Lot 4 Blk 9 South Hills Subd Brgy Buhisan Cebu City,Cebu City,Residential - Vacant Lot,242.0,,,,5082000.0,10.3087756,123.8606478,Google Maps API,,21000.0,15.441215442862246,,12947.9,2258.2,1,0,0,0,0,0,0.0061,3969819.0,,,4876.4,5323.6,7528.3,9939.0,4108.9,7548.5,13565.4,15857.1,9835.6,8060.0,Tisa,12820.0,21320.0,90000.0,9.4588397305527
1088,Bank of Commerce,asking,South Hills Subd,Lot 5 Blk 9 South Hills Subd Brgy Buhisan Cebu City,Cebu City,Residential - Vacant Lot,166.0,,,,3486000.0,10.3087756,123.8606478,Google Maps API,,21000.0,15.064265505062105,,12947.9,2258.2,1,0,0,0,0,0,0.0061,3978493.0,,,4876.4,5323.6,7528.3,9939.0,4108.9,7548.5,13565.4,15857.1,9835.6,8060.0,Tisa,12820.0,21320.0,90000.0,9.4588397305527
1089,Bank of Commerce,asking,South Hills Subd,Lot 6 Blk 9 South Hills Subd Brgy Buhisan Cebu City,Cebu City,Residential - Vacant Lot,146.0,,,,3066000.0,10.3087756,123.8606478,Google Maps API,,21000.0,14.935884338413896,,12947.9,2258.2,1,0,0,0,0,0,0.0061,3980776.0,,,4876.4,5323.6,7528.3,9939.0,4108.9,7548.5,13565.4,15857.1,9835.6,8060.0,Tisa,12820.0,21320.0,90000.0,9.4588397305527
1090,Bank of Commerce,asking,South Hills Subd,Lot 9 Blk 9 South Hills Subd Brgy Buhisan Cebu City,Cebu City,Residential - Vacant Lot,188.0,,,,3948000.0,10.3087756,123.8606478,Google Maps API,,21000.0,15.18871967953551,,12947.9,2258.2,1,0,0,0,0,0,0.0061,3975982.0,,,4876.4,5323.6,7528.3,9939.0,4108.9,7548.5,13565.4,15857.1,9835.6,8060.0,Tisa,12820.0,21320.0,90000.0,9.4588397305527
1091,Bank of Commerce,asking,South Hills Subd,Lot 10 Blk 9 South Hills Subd Brgy Buhisan Cebu City,Cebu City,Residential - Vacant Lot,119.0,,,,2499000.0,10.3087756,123.8606478,Google Maps API,,21000.0,14.73140120981709,,12947.9,2258.2,1,0,0,0,0,0,0.0061,3983857.0,,,4876.4,5323.6,7528.3,9939.0,4108.9,7548.5,13565.4,15857.1,9835.6,8060.0,Tisa,12820.0,21320.0,90000.0,9.4588397305527
1092,Bank of Commerce,asking,South Hills Subd,Lot 11 Blk 9 South Hills Subd Brgy Buhisan Cebu City,Cebu City,Residential - Vacant Lot,141.0,,,,2961000.0,10.3087756,123.8606478,Google Maps API,,21000.0,14.901037607083728,,12947.9,2258.2,1,0,0,0,0,0,0.0061,3981346.0,,,4876.4,5323.6,7528.3,9939.0,4108.9,7548.5,13565.4,15857.1,9835.6,8060.0,Tisa,12820.0,21320.0,90000.0,9.4588397305527
1093,Bank of Commerce,asking,South Hills Subd,Lot 12 Blk 9 South Hills Subd Brgy Buhisan Cebu City,Cebu City,Residential - Vacant Lot,150.0,,,,3150000.0,10.3087756,123.8606478,Google Maps API,,21000.0,14.962913010801817,,12947.9,2258.2,1,0,0,0,0,0,0.0061,3980319.0,,,4876.4,5323.6,7528.3,9939.0,4108.9,7548.5,13565.4,15857.1,9835.6,8060.0,Tisa,12820.0,21320.0,90000.0,9.4588397305527
1094,Bank of Commerce,asking,South Hills Subd,Lot 13 Blk 9 South Hills Subd Brgy Buhisan Cebu City,Cebu City,Residential - Vacant Lot,150.0,,,,3150000.0,10.3087756,123.8606478,Google Maps API,,21000.0,14.962913010801817,,12947.9,2258.2,1,0,0,0,0,0,0.0061,3980319.0,,,4876.4,5323.6,7528.3,9939.0,4108.9,7548.5,13565.4,15857.1,9835.6,8060.0,Tisa,12820.0,21320.0,90000.0,9.4588397305527
1095,Bank of Commerce,asking,South Hills Subd,Lot 22 Blk 9 South Hills Subd Brgy Buhisan Cebu City,Cebu City,Residential - Vacant Lot,300.0,,,,6300000.0,10.3087756,123.8606478,Google Maps API,,21000.0,15.65606019136176,,12947.9,2258.2,1,0,0,0,0,0,0.0061,3963200.0,,,4876.4,5323.6,7528.3,9939.0,4108.9,7548.5,13565.4,15857.1,9835.6,8060.0,Tisa,12820.0,21320.0,90000.0,9.4588397305527
1096,Bank of Commerce,asking,South Hills Subd,Lot 23 Blk 9 South Hills Subd Brgy Buhisan Cebu City,Cebu City,Residential - Vacant Lot,200.0,,,,4200000.0,10.3087756,123.8606478,Google Maps API,,21000.0,15.250595083253597,,12947.9,2258.2,1,0,0,0,0,0,0.0061,3974613.0,,,4876.4,5323.6,7528.3,9939.0,4108.9,7548.5,13565.4,15857.1,9835.6,8060.0,Tisa,12820.0,21320.0,90000.0,9.4588397305527
1097,Bank of Commerce,asking,South Hills Subd,Lot 24 Blk 9 South Hills Subd Brgy Buhisan Cebu City,Cebu City,Residential - Vacant Lot,200.0,,,,4200000.0,10.3087756,123.8606478,Google Maps API,,21000.0,15.250595083253597,,12947.9,2258.2,1,0,0,0,0,0,0.0061,3974613.0,,,4876.4,5323.6,7528.3,9939.0,4108.9,7548.5,13565.4,15857.1,9835.6,8060.0,Tisa,12820.0,21320.0,90000.0,9.4588397305527
1098,Bank of Commerce,asking,South Hills Subd,Lot 27 Blk 9 South Hills Subd Brgy Buhisan Cebu City,Cebu City,Residential - Vacant Lot,200.0,,,,4200000.0,10.3087756,123.8606478,Google Maps API,,21000.0,15.250595083253597,,12947.9,2258.2,1,0,0,0,0,0,0.0061,3974613.0,,,4876.4,5323.6,7528.3,9939.0,4108.9,7548.5,13565.4,15857.1,9835.6,8060.0,Tisa,12820.0,21320.0,90000.0,9.4588397305527
1099,Bank of Commerce,asking,South Hills Subd,Lot 29 Blk 9 South Hills Subd Brgy Buhisan Cebu City,Cebu City,Residential - Vacant Lot,150.0,,,,3150000.0,10.3087756,123.8606478,Google Maps API,,21000.0,14.962913010801817,,12947.9,2258.2,1,0,0,0,0,0,0.0061,3980319.0,,,4876.4,5323.6,7528.3,9939.0,4108.9,7548.5,13565.4,15857.1,9835.6,8060.0,Tisa,12820.0,21320.0,90000.0,9.4588397305527
1100,Bank of Commerce,asking,South Hills Subd,Lot 30 Blk 9 South Hills Subd Brgy Buhisan Cebu City,Cebu City,Residential - Vacant Lot,150.0,,,,3150000.0,10.3087756,123.8606478,Google Maps API,,21000.0,14.962913010801817,,12947.9,2258.2,1,0,0,0,0,0,0.0061,3980319.0,,,4876.4,5323.6,7528.3,9939.0,4108.9,7548.5,13565.4,15857.1,9835.6,8060.0,Tisa,12820.0,21320.0,90000.0,9.4588397305527
1101,Bank of Commerce,asking,South Hills Subd,Lot 31 Blk 9 South Hills Subd Brgy Buhisan Cebu City,Cebu City,Residential - Vacant Lot,150.0,,,,3150000.0,10.3087756,123.8606478,Google Maps API,,21000.0,14.962913010801817,,12947.9,2258.2,1,0,0,0,0,0,0.0061,3980319.0,,,4876.4,5323.6,7528.3,9939.0,4108.9,7548.5,13565.4,15857.1,9835.6,8060.0,Tisa,12820.0,21320.0,90000.0,9.4588397305527
1102,Bank of Commerce,asking,South Hills Subd,Lot 32 Blk 9 South Hills Subd Brgy Buhisan Cebu City,Cebu City,Residential - Vacant Lot,150.0,,,,3150000.0,10.3087756,123.8606478,Google Maps API,,21000.0,14.962913010801817,,12947.9,2258.2,1,0,0,0,0,0,0.0061,3980319.0,,,4876.4,5323.6,7528.3,9939.0,4108.9,7548.5,13565.4,15857.1,9835.6,8060.0,Tisa,12820.0,21320.0,90000.0,9.4588397305527
1103,Bank of Commerce,asking,South Hills Subd,Lot 33 Blk 9 South Hills Subd Brgy Buhisan Cebu City,Cebu City,Residential - Vacant Lot,200.0,,,,4200000.0,10.3087756,123.8606478,Google Maps API,,21000.0,15.250595083253597,,12947.9,2258.2,1,0,0,0,0,0,0.0061,3974613.0,,,4876.4,5323.6,7528.3,9939.0,4108.9,7548.5,13565.4,15857.1,9835.6,8060.0,Tisa,12820.0,21320.0,90000.0,9.4588397305527
1104,Bank of Commerce,asking,South Hills Subd,Lot 34 Blk 9 South Hills Subd Brgy Buhisan Cebu City,Cebu City,Residential - Vacant Lot,231.0,,,,4851000.0,10.3087756,123.8606478,Google Maps API,,21000.0,15.394695427227354,,12947.9,2258.2,1,0,0,0,0,0,0.0061,3971075.0,,,4876.4,5323.6,7528.3,9939.0,4108.9,7548.5,13565.4,15857.1,9835.6,8060.0,Tisa,12820.0,21320.0,90000.0,9.4588397305527
1105,Bank of Commerce,asking,South Hills Subd,Lot 1 Blk 10 South Hills Subd Brgy Buhisan Cebu City,Cebu City,Residential - Vacant Lot,156.0,,,,3276000.0,10.3087756,123.8606478,Google Maps API,,21000.0,15.002133723955096,,12947.9,2258.2,1,0,0,0,0,0,0.0061,3979634.0,,,4876.4,5323.6,7528.3,9939.0,4108.9,7548.5,13565.4,15857.1,9835.6,8060.0,Tisa,12820.0,21320.0,90000.0,9.4588397305527
1106,Bank of Commerce,asking,South Hills Subd,Lot 2 Blk 10 South Hills Subd Brgy Buhisan Cebu City,Cebu City,Residential - Vacant Lot,187.0,,,,3927000.0,10.3087756,123.8606478,Google Maps API,,21000.0,15.183386333560149,,12947.9,2258.2,1,0,0,0,0,0,0.0061,3976096.0,,,4876.4,5323.6,7528.3,9939.0,4108.9,7548.5,13565.4,15857.1,9835.6,8060.0,Tisa,12820.0,21320.0,90000.0,9.4588397305527
1107,Bank of Commerce,asking,South Hills Subd,Lot 3 Blk 10 South Hills Subd Brgy Buhisan Cebu City,Cebu City,Residential - Vacant Lot,200.0,,,,4200000.0,10.3087756,123.8606478,Google Maps API,,21000.0,15.250595083253597,,12947.9,2258.2,1,0,0,0,0,0,0.0061,3974613.0,,,4876.4,5323.6,7528.3,9939.0,4108.9,7548.5,13565.4,15857.1,9835.6,8060.0,Tisa,12820.0,21320.0,90000.0,9.4588397305527
1108,Bank of Commerce,asking,South Hills Subd,Lot 4 Blk 10 South Hills Subd Brgy Buhisan Cebu City,Cebu City,Residential - Vacant Lot,200.0,,,,4200000.0,10.3087756,123.8606478,Google Maps API,,21000.0,15.250595083253597,,12947.9,2258.2,1,0,0,0,0,0,0.0061,3974613.0,,,4876.4,5323.6,7528.3,9939.0,4108.9,7548.5,13565.4,15857.1,9835.6,8060.0,Tisa,12820.0,21320.0,90000.0,9.4588397305527
1109,Bank of Commerce,asking,South Hills Subd,Lot 5 Blk 10 South Hills Subd Brgy Buhisan Cebu City,Cebu City,Residential - Vacant Lot,200.0,,,,4200000.0,10.3087756,123.8606478,Google Maps API,,21000.0,15.250595083253597,,12947.9,2258.2,1,0,0,0,0,0,0.0061,3974613.0,,,4876.4,5323.6,7528.3,9939.0,4108.9,7548.5,13565.4,15857.1,9835.6,8060.0,Tisa,12820.0,21320.0,90000.0,9.4588397305527
1110,Bank of Commerce,asking,South Hills Subd,Lot 6 Blk 10 South Hills Subd Brgy Buhisan Cebu City,Cebu City,Residential - Vacant Lot,150.0,,,,3150000.0,10.3087756,123.8606478,Google Maps API,,21000.0,14.962913010801817,,12947.9,2258.2,1,0,0,0,0,0,0.0061,3980319.0,,,4876.4,5323.6,7528.3,9939.0,4108.9,7548.5,13565.4,15857.1,9835.6,8060.0,Tisa,12820.0,21320.0,90000.0,9.4588397305527
1111,Bank of Commerce,asking,South Hills Subd,Lot 7 Blk 10 South Hills Subd Brgy Buhisan Cebu City,Cebu City,Residential - Vacant Lot,150.0,,,,3150000.0,10.3087756,123.8606478,Google Maps API,,21000.0,14.962913010801817,,12947.9,2258.2,1,0,0,0,0,0,0.0061,3980319.0,,,4876.4,5323.6,7528.3,9939.0,4108.9,7548.5,13565.4,15857.1,9835.6,8060.0,Tisa,12820.0,21320.0,90000.0,9.4588397305527
1112,Bank of Commerce,asking,South Hills Subd,Lot 8 Blk 10 South Hills Subd Brgy Buhisan Cebu City,Cebu City,Residential - Vacant Lot,150.0,,,,3150000.0,10.3087756,123.8606478,Google Maps API,,21000.0,14.962913010801817,,12947.9,2258.2,1,0,0,0,0,0,0.0061,3980319.0,,,4876.4,5323.6,7528.3,9939.0,4108.9,7548.5,13565.4,15857.1,9835.6,8060.0,Tisa,12820.0,21320.0,90000.0,9.4588397305527
1113,Bank of Commerce,asking,South Hills Subd,Lot 9 Blk 10 South Hills Subd Brgy Buhisan Cebu City,Cebu City,Residential - Vacant Lot,187.0,,,,3927000.0,10.3087756,123.8606478,Google Maps API,,21000.0,15.183386333560149,,12947.9,2258.2,1,0,0,0,0,0,0.0061,3976096.0,,,4876.4,5323.6,7528.3,9939.0,4108.9,7548.5,13565.4,15857.1,9835.6,8060.0,Tisa,12820.0,21320.0,90000.0,9.4588397305527
1114,Bank of Commerce,asking,South Hills Subd,Lot 10 Blk 10 South Hills Subd Brgy Buhisan Cebu City,Cebu City,Residential - Vacant Lot,191.0,,,,4011000.0,10.3087756,123.8606478,Google Maps API,,21000.0,15.20455114475219,,12947.9,2258.2,1,0,0,0,0,0,0.0061,3975640.0,,,4876.4,5323.6,7528.3,9939.0,4108.9,7548.5,13565.4,15857.1,9835.6,8060.0,Tisa,12820.0,21320.0,90000.0,9.4588397305527
1115,Bank of Commerce,asking,South Hills Subd,Lot 12 Blk 10 South Hills Subd Brgy Buhisan Cebu City,Cebu City,Residential - Vacant Lot,174.0,,,,3654000.0,10.3087756,123.8606478,Google Maps API,,21000.0,15.111333015920088,,12947.9,2258.2,1,0,0,0,0,0,0.0061,3977580.0,,,4876.4,5323.6,7528.3,9939.0,4108.9,7548.5,13565.4,15857.1,9835.6,8060.0,Tisa,12820.0,21320.0,90000.0,9.4588397305527
1116,Bank of Commerce,asking,South Hills Subd,Lot 13 Blk 10 South Hills Subd Brgy Buhisan Cebu City,Cebu City,Residential - Vacant Lot,150.0,,,,3150000.0,10.3087756,123.8606478,Google Maps API,,21000.0,14.962913010801817,,12947.9,2258.2,1,0,0,0,0,0,0.0061,3980319.0,,,4876.4,5323.6,7528.3,9939.0,4108.9,7548.5,13565.4,15857.1,9835.6,8060.0,Tisa,12820.0,21320.0,90000.0,9.4588397305527
1117,Bank of Commerce,asking,South Hills Subd,Lot 14 Blk 10 South Hills Subd Brgy Buhisan Cebu City,Cebu City,Residential - Vacant Lot,150.0,,,,3150000.0,10.3087756,123.8606478,Google Maps API,,21000.0,14.962913010801817,,12947.9,2258.2,1,0,0,0,0,0,0.0061,3980319.0,,,4876.4,5323.6,7528.3,9939.0,4108.9,7548.5,13565.4,15857.1,9835.6,8060.0,Tisa,12820.0,21320.0,90000.0,9.4588397305527
1118,Bank of Commerce,asking,South Hills Subd,Lot 36 Blk 10 South Hills Subd Brgy Buhisan Cebu City,Cebu City,Residential - Vacant Lot,172.0,,,,2856000.0,10.3087756,123.8606478,Google Maps API,,16604.6511627907,14.864932602441613,,12947.9,2258.2,1,0,0,0,0,0,0.0061,3981917.0,,,4876.4,5323.6,7528.3,9939.0,4108.9,7548.5,13565.4,15857.1,9835.6,8060.0,Tisa,12820.0,21320.0,90000.0,9.4588397305527
1119,Bank of Commerce,asking,South Hills Subd,Lot 37 Blk 10 South Hills Subd Brgy Buhisan Cebu City,Cebu City,Residential - Vacant Lot,150.0,,,,2490000.0,10.3087756,123.8606478,Google Maps API,,16600.0,14.727793268440893,,12947.9,2258.2,1,0,0,0,0,0,0.0061,3983906.0,,,4876.4,5323.6,7528.3,9939.0,4108.9,7548.5,13565.4,15857.1,9835.6,8060.0,Tisa,12820.0,21320.0,90000.0,9.4588397305527
1120,Bank of Commerce,asking,South Hills Subd,Lot 40 Blk 10 South Hills Subd Brgy Buhisan Cebu City,Cebu City,Residential - Vacant Lot,333.0,,,,5528000.0,10.3087756,123.8606478,Google Maps API,,16600.6006006006,15.525336644429643,,12947.9,2258.2,1,0,0,0,0,0,0.0061,3967395.0,,,4876.4,5323.6,7528.3,9939.0,4108.9,7548.5,13565.4,15857.1,9835.6,8060.0,Tisa,12820.0,21320.0,90000.0,9.4588397305527
1121,Bank of Commerce,asking,South Hills Subd,Lot 41 Blk 10 South Hills Subd Brgy Buhisan Cebu City,Cebu City,Residential - Vacant Lot,164.0,,,,2723000.0,10.3087756,123.8606478,Google Maps API,,16603.658536585364,14.817244771655895,,12947.9,2258.2,1,0,0,0,0,0,0.0061,3982640.0,,,4876.4,5323.6,7528.3,9939.0,4108.9,7548.5,13565.4,15857.1,9835.6,8060.0,Tisa,12820.0,21320.0,90000.0,9.4588397305527
1122,Bank of Commerce,asking,South Hills Subd,Lot 42 Blk 10 South Hills Subd Brgy Buhisan Cebu City,Cebu City,Residential - Vacant Lot,173.0,,,,2872000.0,10.3087756,123.8606478,Google Maps API,,16601.156069364162,14.870519209150252,,12947.9,2258.2,1,0,0,0,0,0,0.0061,3981830.0,,,4876.4,5323.6,7528.3,9939.0,4108.9,7548.5,13565.4,15857.1,9835.6,8060.0,Tisa,12820.0,21320.0,90000.0,9.4588397305527
1123,Bank of Commerce,asking,South Hills Subd,Lot 43 Blk 10 South Hills Subd Brgy Buhisan Cebu City,Cebu City,Residential - Vacant Lot,156.0,,,,2590000.0,10.3087756,123.8606478,Google Maps API,,16602.5641025641,14.76716843367572,,12947.9,2258.2,1,0,0,0,0,0,0.0061,3983363.0,,,4876.4,5323.6,7528.3,9939.0,4108.9,7548.5,13565.4,15857.1,9835.6,8060.0,Tisa,12820.0,21320.0,90000.0,9.4588397305527
1124,Bank of Commerce,asking,South Hills Subd,Lot 44 Blk 10 South Hills Subd Brgy Buhisan Cebu City,Cebu City,Residential - Vacant Lot,200.0,,,,3320000.0,10.3087756,123.8606478,Google Maps API,,16600.0,15.01547534089267,,12947.9,2258.2,1,0,0,0,0,0,0.0061,3979395.0,,,4876.4,5323.6,7528.3,9939.0,4108.9,7548.5,13565.4,15857.1,9835.6,8060.0,Tisa,12820.0,21320.0,90000.0,9.4588397305527
1125,Bank of Commerce,asking,South Hills Subd,Lot 45 Blk 10 South Hills Subd Brgy Buhisan Cebu City,Cebu City,Residential - Vacant Lot,200.0,,,,3320000.0,10.3087756,123.8606478,Google Maps API,,16600.0,15.01547534089267,,12947.9,2258.2,1,0,0,0,0,0,0.0061,3979395.0,,,4876.4,5323.6,7528.3,9939.0,4108.9,7548.5,13565.4,15857.1,9835.6,8060.0,Tisa,12820.0,21320.0,90000.0,9.4588397305527
1126,Bank of Commerce,asking,South Hills Subd,Lot 46 Blk 10 South Hills Subd Brgy Buhisan Cebu City,Cebu City,Residential - Vacant Lot,199.0,,,,3304000.0,10.3087756,123.8606478,Google Maps API,,16603.015075376883,15.010644413623004,,12947.9,2258.2,1,0,0,0,0,0,0.0061,3979482.0,,,4876.4,5323.6,7528.3,9939.0,4108.9,7548.5,13565.4,15857.1,9835.6,8060.0,Tisa,12820.0,21320.0,90000.0,9.4588397305527
1127,Bank of Commerce,asking,South Hills Subd,Lot 47 Blk 10 South Hills Subd Brgy Buhisan Cebu City,Cebu City,Residential - Vacant Lot,213.0,,,,3536000.0,10.3087756,123.8606478,Google Maps API,,16600.93896713615,15.078506702739672,,12947.9,2258.2,1,0,0,0,0,0,0.0061,3978221.0,,,4876.4,5323.6,7528.3,9939.0,4108.9,7548.5,13565.4,15857.1,9835.6,8060.0,Tisa,12820.0,21320.0,90000.0,9.4588397305527
1128,Bank of Commerce,asking,South Hills Subd,Lot 48 Blk 10 South Hills Subd Brgy Buhisan Cebu City,Cebu City,Residential - Vacant Lot,244.0,,,,4051000.0,10.3087756,123.8606478,Google Maps API,,16602.45901639344,15.214474322184827,,12947.9,2258.2,1,0,0,0,0,0,0.0061,3975422.0,,,4876.4,5323.6,7528.3,9939.0,4108.9,7548.5,13565.4,15857.1,9835.6,8060.0,Tisa,12820.0,21320.0,90000.0,9.4588397305527
1129,Bank of Commerce,asking,South Hills Subd,Lot 49 Blk 10 South Hills Subd Brgy Buhisan Cebu City,Cebu City,Residential - Vacant Lot,274.0,,,,4549000.0,10.3087756,123.8606478,Google Maps API,,16602.189781021898,15.330417986552142,,12947.9,2258.2,1,0,0,0,0,0,0.0061,3972716.0,,,4876.4,5323.6,7528.3,9939.0,4108.9,7548.5,13565.4,15857.1,9835.6,8060.0,Tisa,12820.0,21320.0,90000.0,9.4588397305527
1130,Bank of Commerce,asking,South Hills Subd,Lot 50 Blk 10 South Hills Subd Brgy Buhisan Cebu City,Cebu City,Residential - Vacant Lot,411.0,,,,6823000.0,10.3087756,123.8606478,Google Maps API,,16600.973236009733,15.73580981579756,,12947.9,2258.2,1,0,0,0,0,0,0.0061,3960357.0,,,4876.4,5323.6,7528.3,9939.0,4108.9,7548.5,13565.4,15857.1,9835.6,8060.0,Tisa,12820.0,21320.0,90000.0,9.4588397305527
1131,Bank of Commerce,asking,South Hills Subd,Lot 35 Blk 10 South Hills Subd Brgy Buhisan Cebu City,Cebu City,Residential - Vacant Lot,150.0,,,,2490000.0,10.3087756,123.8606478,Google Maps API,,16600.0,14.727793268440893,,12947.9,2258.2,1,0,0,0,0,0,0.0061,3983906.0,,,4876.4,5323.6,7528.3,9939.0,4108.9,7548.5,13565.4,15857.1,9835.6,8060.0,Tisa,12820.0,21320.0,90000.0,9.4588397305527
1132,Bank of Commerce,asking,South Hills Subd,Lot 51 Blk 10 South Hills Subd Brgy Buhisan Cebu City,Cebu City,Residential - Vacant Lot,403.0,,,,6690000.0,10.3087756,123.8606478,Google Maps API,,16600.496277915634,15.716124432104412,,12947.9,2258.2,1,0,0,0,0,0,0.0061,3961080.0,,,4876.4,5323.6,7528.3,9939.0,4108.9,7548.5,13565.4,15857.1,9835.6,8060.0,Tisa,12820.0,21320.0,90000.0,9.4588397305527
1133,Bank of Commerce,asking,South Hills Subd,Lot 52 Blk 10 South Hills Subd Brgy Buhisan Cebu City,Cebu City,Residential - Vacant Lot,373.0,,,,6192000.0,10.3087756,123.8606478,Google Maps API,,16600.53619302949,15.6387686942517,,12947.9,2258.2,1,0,0,0,0,0,0.0061,3963787.0,,,4876.4,5323.6,7528.3,9939.0,4108.9,7548.5,13565.4,15857.1,9835.6,8060.0,Tisa,12820.0,21320.0,90000.0,9.4588397305527
1134,Bank of Commerce,asking,South Hills Subd,Lot 53 Blk 10 South Hills Subd Brgy Buhisan Cebu City,Cebu City,Residential - Vacant Lot,544.0,,,,9031000.0,10.3087756,123.8606478,Google Maps API,,16601.102941176472,16.016173661232937,,12947.9,2258.2,1,0,0,0,0,0,0.0061,3948357.0,,,4876.4,5323.6,7528.3,9939.0,4108.9,7548.5,13565.4,15857.1,9835.6,8060.0,Tisa,12820.0,21320.0,90000.0,9.4588397305527
1135,Bank of Commerce,asking,South Hills Subd,Lot 4 Blk 15 South Hills Subd Brgy Buhisan Cebu City,Cebu City,Residential - Vacant Lot,150.0,,,,3150000.0,10.3087756,123.8606478,Google Maps API,,21000.0,14.962913010801817,,12947.9,2258.2,1,0,0,0,0,0,0.0061,3980319.0,,,4876.4,5323.6,7528.3,9939.0,4108.9,7548.5,13565.4,15857.1,9835.6,8060.0,Tisa,12820.0,21320.0,90000.0,9.4588397305527
1136,Bank of Commerce,asking,South Hills Subd,Lot 5 Blk 15 South Hills Subd Brgy Buhisan Cebu City,Cebu City,Residential - Vacant Lot,150.0,,,,3150000.0,10.3087756,123.8606478,Google Maps API,,21000.0,14.962913010801817,,12947.9,2258.2,1,0,0,0,0,0,0.0061,3980319.0,,,4876.4,5323.6,7528.3,9939.0,4108.9,7548.5,13565.4,15857.1,9835.6,8060.0,Tisa,12820.0,21320.0,90000.0,9.4588397305527
1137,Bank of Commerce,asking,South Hills Subd,Lot 1 Blk 29 South Hills Subd Brgy Buhisan Cebu City,Cebu City,Residential - Vacant Lot,380.0,,,,6308000.0,10.3087756,123.8606478,Google Maps API,,16600.0,15.657329227065066,,12947.9,2258.2,1,0,0,0,0,0,0.0061,3963156.0,,,4876.4,5323.6,7528.3,9939.0,4108.9,7548.5,13565.4,15857.1,9835.6,8060.0,Tisa,12820.0,21320.0,90000.0,9.4588397305527
1138,Bank of Commerce,asking,South Hills Subd,Lot 1 Blk 30 South Hills Subd Brgy Buhisan Cebu City,Cebu City,Residential - Vacant Lot,150.0,,,,2490000.0,10.3087756,123.8606478,Google Maps API,,16600.0,14.727793268440893,,12947.9,2258.2,1,0,0,0,0,0,0.0061,3983906.0,,,4876.4,5323.6,7528.3,9939.0,4108.9,7548.5,13565.4,15857.1,9835.6,8060.0,Tisa,12820.0,21320.0,90000.0,9.4588397305527
1139,Bank of Commerce,asking,South Hills Subd,Lot 2 Blk 30 South Hills Subd Brgy Buhisan Cebu City,Cebu City,Residential - Vacant Lot,150.0,,,,2490000.0,10.3087756,123.8606478,Google Maps API,,16600.0,14.727793268440893,,12947.9,2258.2,1,0,0,0,0,0,0.0061,3983906.0,,,4876.4,5323.6,7528.3,9939.0,4108.9,7548.5,13565.4,15857.1,9835.6,8060.0,Tisa,12820.0,21320.0,90000.0,9.4588397305527
1140,Bank of Commerce,asking,South Hills Subd,Lot 3 Blk 30 South Hills Subd Brgy Buhisan Cebu City,Cebu City,Residential - Vacant Lot,150.0,,,,2490000.0,10.3087756,123.8606478,Google Maps API,,16600.0,14.727793268440893,,12947.9,2258.2,1,0,0,0,0,0,0.0061,3983906.0,,,4876.4,5323.6,7528.3,9939.0,4108.9,7548.5,13565.4,15857.1,9835.6,8060.0,Tisa,12820.0,21320.0,90000.0,9.4588397305527
1141,Bank of Commerce,asking,South Hills Subd,Lot 15 Blk 10 South Hills Subd Brgy Buhisan Cebu City,Cebu City,Residential - Vacant Lot,224.0,,,,4704000.0,10.3087756,123.8606478,Google Maps API,,21000.0,15.3639237685606,,12947.9,2258.2,1,0,0,0,0,0,0.0061,3971874.0,,,4876.4,5323.6,7528.3,9939.0,4108.9,7548.5,13565.4,15857.1,9835.6,8060.0,Tisa,12820.0,21320.0,90000.0,9.4588397305527
1142,Bank of Commerce,asking,South Hills Subd,Lot 16 Blk 10 South Hills Subd Brgy Buhisan Cebu City,Cebu City,Residential - Vacant Lot,150.0,,,,3150000.0,10.3087756,123.8606478,Google Maps API,,21000.0,14.962913010801817,,12947.9,2258.2,1,0,0,0,0,0,0.0061,3980319.0,,,4876.4,5323.6,7528.3,9939.0,4108.9,7548.5,13565.4,15857.1,9835.6,8060.0,Tisa,12820.0,21320.0,90000.0,9.4588397305527
1143,Bank of Commerce,asking,South Hills Subd,Lot 17 Blk 10 South Hills Subd Brgy Buhisan Cebu City,Cebu City,Residential - Vacant Lot,128.0,,,,2688000.0,10.3087756,123.8606478,Google Maps API,,21000.0,14.804307980625175,,12947.9,2258.2,1,0,0,0,0,0,0.0061,3982830.0,,,4876.4,5323.6,7528.3,9939.0,4108.9,7548.5,13565.4,15857.1,9835.6,8060.0,Tisa,12820.0,21320.0,90000.0,9.4588397305527
1144,Bank of Commerce,asking,South Hills Subd,Lot 18 Blk 10 South Hills Subd Brgy Buhisan Cebu City,Cebu City,Residential - Vacant Lot,151.0,,,,3171000.0,10.3087756,123.8606478,Google Maps API,,21000.0,14.969557553520485,,12947.9,2258.2,1,0,0,0,0,0,0.0061,3980205.0,,,4876.4,5323.6,7528.3,9939.0,4108.9,7548.5,13565.4,15857.1,9835.6,8060.0,Tisa,12820.0,21320.0,90000.0,9.4588397305527
1145,Bank of Commerce,asking,South Hills Subd,Lot 20 Blk 10 South Hills Subd Brgy Buhisan Cebu City,Cebu City,Residential - Vacant Lot,150.0,,,,3150000.0,10.3087756,123.8606478,Google Maps API,,21000.0,14.962913010801817,,12947.9,2258.2,1,0,0,0,0,0,0.0061,3980319.0,,,4876.4,5323.6,7528.3,9939.0,4108.9,7548.5,13565.4,15857.1,9835.6,8060.0,Tisa,12820.0,21320.0,90000.0,9.4588397305527
1146,Bank of Commerce,asking,South Hills Subd,Lot 21 Blk 10 South Hills Subd Brgy Buhisan Cebu City,Cebu City,Residential - Vacant Lot,150.0,,,,3150000.0,10.3087756,123.8606478,Google Maps API,,21000.0,14.962913010801817,,12947.9,2258.2,1,0,0,0,0,0,0.0061,3980319.0,,,4876.4,5323.6,7528.3,9939.0,4108.9,7548.5,13565.4,15857.1,9835.6,8060.0,Tisa,12820.0,21320.0,90000.0,9.4588397305527
1147,Bank of Commerce,asking,South Hills Subd,Lot 22 Blk 10 South Hills Subd Brgy Buhisan Cebu City,Cebu City,Residential - Vacant Lot,150.0,,,,3150000.0,10.3087756,123.8606478,Google Maps API,,21000.0,14.962913010801817,,12947.9,2258.2,1,0,0,0,0,0,0.0061,3980319.0,,,4876.4,5323.6,7528.3,9939.0,4108.9,7548.5,13565.4,15857.1,9835.6,8060.0,Tisa,12820.0,21320.0,90000.0,9.4588397305527
1148,Bank of Commerce,asking,South Hills Subd,Lot 23 Blk 10 South Hills Subd Brgy Buhisan Cebu City,Cebu City,Residential - Vacant Lot,150.0,,,,3150000.0,10.3087756,123.8606478,Google Maps API,,21000.0,14.962913010801817,,12947.9,2258.2,1,0,0,0,0,0,0.0061,3980319.0,,,4876.4,5323.6,7528.3,9939.0,4108.9,7548.5,13565.4,15857.1,9835.6,8060.0,Tisa,12820.0,21320.0,90000.0,9.4588397305527
1149,Bank of Commerce,asking,South Hills Subd,Lot 24 Blk 10 South Hills Subd Brgy Buhisan Cebu City,Cebu City,Residential - Vacant Lot,150.0,,,,3150000.0,10.3087756,123.8606478,Google Maps API,,21000.0,14.962913010801817,,12947.9,2258.2,1,0,0,0,0,0,0.0061,3980319.0,,,4876.4,5323.6,7528.3,9939.0,4108.9,7548.5,13565.4,15857.1,9835.6,8060.0,Tisa,12820.0,21320.0,90000.0,9.4588397305527
1150,Bank of Commerce,asking,South Hills Subd,Lot 25 Blk 10 South Hills Subd Brgy Buhisan Cebu City,Cebu City,Residential - Vacant Lot,209.0,,,,4389000.0,10.3087756,123.8606478,Google Maps API,,21000.0,15.29461196867037,,12947.9,2258.2,1,0,0,0,0,0,0.0061,3973586.0,,,4876.4,5323.6,7528.3,9939.0,4108.9,7548.5,13565.4,15857.1,9835.6,8060.0,Tisa,12820.0,21320.0,90000.0,9.4588397305527
1151,Bank of Commerce,asking,South Hills Subd,Lot 26 Blk 10 South Hills Subd Brgy Buhisan Cebu City,Cebu City,Residential - Vacant Lot,287.0,,,,6027000.0,10.3087756,123.8606478,Google Maps API,,21000.0,15.611759932465182,,12947.9,2258.2,1,0,0,0,0,0,0.0061,3964683.0,,,4876.4,5323.6,7528.3,9939.0,4108.9,7548.5,13565.4,15857.1,9835.6,8060.0,Tisa,12820.0,21320.0,90000.0,9.4588397305527
1152,Bank of Commerce,asking,South Hills Subd,Lot 27 Blk 10 South Hills Subd Brgy Buhisan Cebu City,Cebu City,Residential - Vacant Lot,308.0,,,,5113000.0,10.3087756,123.8606478,Google Maps API,,16600.64935064935,15.447296874062136,,12947.9,2258.2,1,0,0,0,0,0,0.0061,3969651.0,,,4876.4,5323.6,7528.3,9939.0,4108.9,7548.5,13565.4,15857.1,9835.6,8060.0,Tisa,12820.0,21320.0,90000.0,9.4588397305527
1153,Bank of Commerce,asking,South Hills Subd,Lot 28 Blk 10 South Hills Subd Brgy Buhisan Cebu City,Cebu City,Residential - Vacant Lot,233.0,,,,3868000.0,10.3087756,123.8606478,Google Maps API,,16600.85836909871,15.168248135555322,,12947.9,2258.2,1,0,0,0,0,0,0.0061,3976417.0,,,4876.4,5323.6,7528.3,9939.0,4108.9,7548.5,13565.4,15857.1,9835.6,8060.0,Tisa,12820.0,21320.0,90000.0,9.4588397305527
1154,Bank of Commerce,asking,South Hills Subd,Lot 29 Blk 10 South Hills Subd Brgy Buhisan Cebu City,Cebu City,Residential - Vacant Lot,150.0,,,,2490000.0,10.3087756,123.8606478,Google Maps API,,16600.0,14.727793268440893,,12947.9,2258.2,1,0,0,0,0,0,0.0061,3983906.0,,,4876.4,5323.6,7528.3,9939.0,4108.9,7548.5,13565.4,15857.1,9835.6,8060.0,Tisa,12820.0,21320.0,90000.0,9.4588397305527
1155,Bank of Commerce,asking,South Hills Subd,Lot 34 Blk 10 South Hills Subd Brgy Buhisan Cebu City,Cebu City,Residential - Vacant Lot,165.0,,,,2739000.0,10.3087756,123.8606478,Google Maps API,,16600.0,14.823103448245217,,12947.9,2258.2,1,0,0,0,0,0,0.0061,3982553.0,,,4876.4,5323.6,7528.3,9939.0,4108.9,7548.5,13565.4,15857.1,9835.6,8060.0,Tisa,12820.0,21320.0,90000.0,9.4588397305527
1156,Bank of Commerce,asking,South Hills Subd,Lot 33 Blk 10 South Hills Subd Brgy Buhisan Cebu City,Cebu City,Residential - Vacant Lot,150.0,,,,2490000.0,10.3087756,123.8606478,Google Maps API,,16600.0,14.727793268440893,,12947.9,2258.2,1,0,0,0,0,0,0.0061,3983906.0,,,4876.4,5323.6,7528.3,9939.0,4108.9,7548.5,13565.4,15857.1,9835.6,8060.0,Tisa,12820.0,21320.0,90000.0,9.4588397305527
1157,Bank of Commerce,asking,South Hills Subd,Lot 32 Blk 10 South Hills Subd Brgy Buhisan Cebu City,Cebu City,Residential - Vacant Lot,150.0,,,,2490000.0,10.3087756,123.8606478,Google Maps API,,16600.0,14.727793268440893,,12947.9,2258.2,1,0,0,0,0,0,0.0061,3983906.0,,,4876.4,5323.6,7528.3,9939.0,4108.9,7548.5,13565.4,15857.1,9835.6,8060.0,Tisa,12820.0,21320.0,90000.0,9.4588397305527
1158,Bank of Commerce,asking,South Hills Subd,Lot 31 Blk 10 South Hills Subd Brgy Buhisan Cebu City,Cebu City,Residential - Vacant Lot,150.0,,,,2490000.0,10.3087756,123.8606478,Google Maps API,,16600.0,14.727793268440893,,12947.9,2258.2,1,0,0,0,0,0,0.0061,3983906.0,,,4876.4,5323.6,7528.3,9939.0,4108.9,7548.5,13565.4,15857.1,9835.6,8060.0,Tisa,12820.0,21320.0,90000.0,9.4588397305527
1159,Bank of Commerce,asking,South Hills Subd,Lot 30 Blk 10 South Hills Subd Brgy Buhisan Cebu City,Cebu City,Residential - Vacant Lot,150.0,,,,2490000.0,10.3087756,123.8606478,Google Maps API,,16600.0,14.727793268440893,,12947.9,2258.2,1,0,0,0,0,0,0.0061,3983906.0,,,4876.4,5323.6,7528.3,9939.0,4108.9,7548.5,13565.4,15857.1,9835.6,8060.0,Tisa,12820.0,21320.0,90000.0,9.4588397305527
1160,Bank of Commerce,asking,South Hills Subd,Lot 22 Blk 30 South Hills Subd Brgy Buhisan Cebu City,Cebu City,Residential - Vacant Lot,150.0,,,,2490000.0,10.3087756,123.8606478,Google Maps API,,16600.0,14.727793268440893,,12947.9,2258.2,1,0,0,0,0,0,0.0061,3983906.0,,,4876.4,5323.6,7528.3,9939.0,4108.9,7548.5,13565.4,15857.1,9835.6,8060.0,Tisa,12820.0,21320.0,90000.0,9.4588397305527
1161,Bank of Commerce,asking,South Hills Subd,Lot 21 Blk 30 South Hills Subd Brgy Buhisan Cebu City,Cebu City,Residential - Vacant Lot,150.0,,,,2490000.0,10.3087756,123.8606478,Google Maps API,,16600.0,14.727793268440893,,12947.9,2258.2,1,0,0,0,0,0,0.0061,3983906.0,,,4876.4,5323.6,7528.3,9939.0,4108.9,7548.5,13565.4,15857.1,9835.6,8060.0,Tisa,12820.0,21320.0,90000.0,9.4588397305527
1162,Bank of Commerce,asking,South Hills Subd,Lot 20 Blk 30 South Hills Subd Brgy Buhisan Cebu City,Cebu City,Residential - Vacant Lot,150.0,,,,2490000.0,10.3087756,123.8606478,Google Maps API,,16600.0,14.727793268440893,,12947.9,2258.2,1,0,0,0,0,0,0.0061,3983906.0,,,4876.4,5323.6,7528.3,9939.0,4108.9,7548.5,13565.4,15857.1,9835.6,8060.0,Tisa,12820.0,21320.0,90000.0,9.4588397305527
1163,Bank of Commerce,asking,South Hills Subd,Lot 19 Blk 30 South Hills Subd Brgy Buhisan Cebu City,Cebu City,Residential - Vacant Lot,254.0,,,,4217000.0,10.3087756,123.8606478,Google Maps API,,16602.36220472441,15.254634532728696,,12947.9,2258.2,1,0,0,0,0,0,0.0061,3974520.0,,,4876.4,5323.6,7528.3,9939.0,4108.9,7548.5,13565.4,15857.1,9835.6,8060.0,Tisa,12820.0,21320.0,90000.0,9.4588397305527
1164,Bank of Commerce,asking,South Hills Subd,Lot 16 Blk 30 South Hills Subd Brgy Buhisan Cebu City,Cebu City,Residential - Vacant Lot,150.0,,,,2490000.0,10.3087756,123.8606478,Google Maps API,,16600.0,14.727793268440893,,12947.9,2258.2,1,0,0,0,0,0,0.0061,3983906.0,,,4876.4,5323.6,7528.3,9939.0,4108.9,7548.5,13565.4,15857.1,9835.6,8060.0,Tisa,12820.0,21320.0,90000.0,9.4588397305527
1165,Bank of Commerce,asking,South Hills Subd,Lot 15 Blk 30 South Hills Subd Brgy Buhisan Cebu City,Cebu City,Residential - Vacant Lot,150.0,,,,2490000.0,10.3087756,123.8606478,Google Maps API,,16600.0,14.727793268440893,,12947.9,2258.2,1,0,0,0,0,0,0.0061,3983906.0,,,4876.4,5323.6,7528.3,9939.0,4108.9,7548.5,13565.4,15857.1,9835.6,8060.0,Tisa,12820.0,21320.0,90000.0,9.4588397305527
1166,Bank of Commerce,asking,South Hills Subd,Lot 14 Blk 30 South Hills Subd Brgy Buhisan Cebu City,Cebu City,Residential - Vacant Lot,150.0,,,,2490000.0,10.3087756,123.8606478,Google Maps API,,16600.0,14.727793268440893,,12947.9,2258.2,1,0,0,0,0,0,0.0061,3983906.0,,,4876.4,5323.6,7528.3,9939.0,4108.9,7548.5,13565.4,15857.1,9835.6,8060.0,Tisa,12820.0,21320.0,90000.0,9.4588397305527
1167,Bank of Commerce,asking,South Hills Subd,Lot 13 Blk 30 South Hills Subd Brgy Buhisan Cebu City,Cebu City,Residential - Vacant Lot,150.0,,,,2490000.0,10.3087756,123.8606478,Google Maps API,,16600.0,14.727793268440893,,12947.9,2258.2,1,0,0,0,0,0,0.0061,3983906.0,,,4876.4,5323.6,7528.3,9939.0,4108.9,7548.5,13565.4,15857.1,9835.6,8060.0,Tisa,12820.0,21320.0,90000.0,9.4588397305527
1168,Bank of Commerce,asking,South Hills Subd,Lot 12 Blk 30 South Hills Subd Brgy Buhisan Cebu City,Cebu City,Residential - Vacant Lot,150.0,,,,2490000.0,10.3087756,123.8606478,Google Maps API,,16600.0,14.727793268440893,,12947.9,2258.2,1,0,0,0,0,0,0.0061,3983906.0,,,4876.4,5323.6,7528.3,9939.0,4108.9,7548.5,13565.4,15857.1,9835.6,8060.0,Tisa,12820.0,21320.0,90000.0,9.4588397305527
1169,Bank of Commerce,asking,South Hills Subd,Lot 11 Blk 30 South Hills Subd Brgy Buhisan Cebu City,Cebu City,Residential - Vacant Lot,150.0,,,,2490000.0,10.3087756,123.8606478,Google Maps API,,16600.0,14.727793268440893,,12947.9,2258.2,1,0,0,0,0,0,0.0061,3983906.0,,,4876.4,5323.6,7528.3,9939.0,4108.9,7548.5,13565.4,15857.1,9835.6,8060.0,Tisa,12820.0,21320.0,90000.0,9.4588397305527
1170,Bank of Commerce,asking,South Hills Subd,Lot 8 Blk 30 South Hills Subd Brgy Buhisan Cebu City,Cebu City,Residential - Vacant Lot,150.0,,,,2490000.0,10.3087756,123.8606478,Google Maps API,,16600.0,14.727793268440893,,12947.9,2258.2,1,0,0,0,0,0,0.0061,3983906.0,,,4876.4,5323.6,7528.3,9939.0,4108.9,7548.5,13565.4,15857.1,9835.6,8060.0,Tisa,12820.0,21320.0,90000.0,9.4588397305527
1171,Bank of Commerce,asking,South Hills Subd,Lot 7 Blk 30 South Hills Subd Brgy Buhisan Cebu City,Cebu City,Residential - Vacant Lot,150.0,,,,2490000.0,10.3087756,123.8606478,Google Maps API,,16600.0,14.727793268440893,,12947.9,2258.2,1,0,0,0,0,0,0.0061,3983906.0,,,4876.4,5323.6,7528.3,9939.0,4108.9,7548.5,13565.4,15857.1,9835.6,8060.0,Tisa,12820.0,21320.0,90000.0,9.4588397305527
1172,Bank of Commerce,asking,South Hills Subd,Lot 6 Blk 30 South Hills Subd Brgy Buhisan Cebu City,Cebu City,Residential - Vacant Lot,150.0,,,,2490000.0,10.3087756,123.8606478,Google Maps API,,16600.0,14.727793268440893,,12947.9,2258.2,1,0,0,0,0,0,0.0061,3983906.0,,,4876.4,5323.6,7528.3,9939.0,4108.9,7548.5,13565.4,15857.1,9835.6,8060.0,Tisa,12820.0,21320.0,90000.0,9.4588397305527
1173,Bank of Commerce,asking,South Hills Subd,Lot 4 Blk 30 South Hills Subd Brgy Buhisan Cebu City,Cebu City,Residential - Vacant Lot,150.0,,,,2490000.0,10.3087756,123.8606478,Google Maps API,,16600.0,14.727793268440893,,12947.9,2258.2,1,0,0,0,0,0,0.0061,3983906.0,,,4876.4,5323.6,7528.3,9939.0,4108.9,7548.5,13565.4,15857.1,9835.6,8060.0,Tisa,12820.0,21320.0,90000.0,9.4588397305527
1174,Bank of Commerce,asking,South Hills Subd,Lot 12 Blk 5 South Hills Subd Brgy Buhisan Cebu City,Cebu City,Residential - Vacant Lot,262.0,,,,6000000.0,10.3087756,123.8606478,Google Maps API,,22900.763358778622,15.60727002719233,,12947.9,2258.2,1,0,0,0,0,0,0.0061,3964830.0,,,4876.4,5323.6,7528.3,9939.0,4108.9,7548.5,13565.4,15857.1,9835.6,8060.0,Tisa,12820.0,21320.0,90000.0,9.4588397305527
1175,Bank of Commerce,asking,South Hills Subd,Lot 12 Blk 4 South Hills Subd Brgy Buhisan Cebu City,Cebu City,Residential - Vacant Lot,327.0,,,,6867000.0,10.3087756,123.8606478,Google Maps API,,21000.0,15.742237887602814,,12947.9,2258.2,1,0,0,0,0,0,0.0061,3960118.0,,,4876.4,5323.6,7528.3,9939.0,4108.9,7548.5,13565.4,15857.1,9835.6,8060.0,Tisa,12820.0,21320.0,90000.0,9.4588397305527
1176,Bank of Commerce,asking,South Hills Subd,Lot 23 Blk 30 South Hills Subd Brgy Buhisan Cebu City,Cebu City,Residential - Vacant Lot,150.0,,,,2490000.0,10.3087756,123.8606478,Google Maps API,,16600.0,14.727793268440893,,12947.9,2258.2,1,0,0,0,0,0,0.0061,3983906.0,,,4876.4,5323.6,7528.3,9939.0,4108.9,7548.5,13565.4,15857.1,9835.6,8060.0,Tisa,12820.0,21320.0,90000.0,9.4588397305527
1177,Bank of Commerce,asking,South Hills Subd,Lot 24 Blk 30 South Hills Subd Brgy Buhisan Cebu City,Cebu City,Residential - Vacant Lot,150.0,,,,2490000.0,10.3087756,123.8606478,Google Maps API,,16600.0,14.727793268440893,,12947.9,2258.2,1,0,0,0,0,0,0.0061,3983906.0,,,4876.4,5323.6,7528.3,9939.0,4108.9,7548.5,13565.4,15857.1,9835.6,8060.0,Tisa,12820.0,21320.0,90000.0,9.4588397305527
1178,Bank of Commerce,asking,South Hills Subd,Lot 25 Blk 30 South Hills Subd Brgy Buhisan Cebu City,Cebu City,Residential - Vacant Lot,150.0,,,,2490000.0,10.3087756,123.8606478,Google Maps API,,16600.0,14.727793268440893,,12947.9,2258.2,1,0,0,0,0,0,0.0061,3983906.0,,,4876.4,5323.6,7528.3,9939.0,4108.9,7548.5,13565.4,15857.1,9835.6,8060.0,Tisa,12820.0,21320.0,90000.0,9.4588397305527
1179,Landbank,asking,Ridgedale Subdivision,Saxophone corner Sapphire Streets Ridgedale Subdivision Barangay San Jose Talamban Cebu City,Cebu City,Residential - Vacant Lot,246.0,,,,2977000.0,10.3672928,123.9088286,Google Maps API,,12101.626016260165,14.906426639997914,,10176.9,1632.1,2,0,5,2,0,2,0.0335,21867927.0,,,5518.5,4524.4,3155.7,7564.5,11935.1,15668.0,6098.1,24200.9,18184.9,16425.2,Talamban,26375.0,68100.0,117500.0,10.180209784751566
1180,China Bank Savings,asking,Pristine Grove Residences,1-A-4-C Pristine Grove Residences Talamban Cebu City,Cebu City,Residential - Vacant Lot,142.0,,,,4850000.0,10.3744695,123.9116259,Google Maps API,,34154.92957746479,15.394489262913666,,10500.8,2369.8,9,0,5,7,0,2,0.0867,11483574.0,,,6345.2,5348.5,3802.2,8038.9,12785.0,16514.1,5709.8,24995.7,18984.0,17231.7,San Jose,12180.0,,,9.407632639699958
1181,China Bank Savings,asking,Azienda Genova,Lot 47 Blk 2 Azienda Genova Brgy Maghaway Talisay City Cebu,Talisay City,Residential - House and Lot,88.0,65.0,,,2860000.0,10.2684258,123.8182542,Google Maps API,,44000.0,14.866332182796036,,18106.2,2899.7,1,0,0,0,0,0,0.0061,5500000.0,,,10897.3,11561.7,13860.6,15406.8,4462.2,3491.7,19947.8,9405.6,3385.4,1659.8,Maghaway,6000.0,,,8.699681400989514
1182,China Bank Savings,asking,Camella Riverwalk,Blk 4 Lot 24 Camella Riverwalk Talamban Cebu City,Cebu City,Residential - House and Lot,66.0,46.0,,,2600000.0,10.4043279,123.9178385,Google Maps API,,56521.739130434784,14.77102200299171,,12704.7,5709.7,3,0,0,0,0,0,0.0182,2524926.0,,,9728.1,8730.5,6992.9,10728.6,16079.1,19775.6,5901.1,27965.3,21991.4,20280.0,Pit-os,12400.0,,93125.0,9.425532393502772
1183,China Bank Savings,asking,La Aldea Del Sol,Blk 2B Lot 18 La Aldea Del Sol Brgy Bankal Lapu-lapu City,Lapu-Lapu City,Residential - House and Lot,72.0,53.6,,,3400000.0,10.2989483,123.992815,Google Maps API,,63432.83582089552,15.03928598958639,,1768.5,10347.2,6,0,1,4,0,0,0.0461,19851192.0,,,9914.4,10011.2,9182.3,4820.7,14959.1,17911.4,9190.6,27593.3,22198.2,20499.5,Mactan,5000.0,10500.0,107500.0,8.517393171418904
1184,China Bank Savings,asking,AMOA Enclave 4,Lot 3 Blk 12 AM0500 AMOA Enclave 4 Tamiao Compostela Cebu,Compostela,Residential - House and Lot,138.0,46.0,,,3400000.0,10.4477244,123.9931255,Google Maps API,,73913.04347826086,15.03928598958639,,15703.0,13684.5,0,0,0,0,0,0,0.0,5213143.0,,,17406.3,16502.9,14209.4,15592.0,24453.8,28217.6,8543.8,37034.4,31014.2,29241.6,Tamiao,2500.0,,,7.824445930877619
1185,Landbank,asking,Ridgedale Subdivision,Saxophone corner Sapphire Streets Ridgedale Subdivision Barangay San Jose Talamban Cebu City,Cebu City,Residential - Vacant Lot,246.0,,,,2977000.0,10.3672928,123.9088286,Google Maps API,,12101.626016260165,14.906426639997914,,10176.9,1632.1,2,0,5,2,0,2,0.0335,21867927.0,,,5518.5,4524.4,3155.7,7564.5,11935.1,15668.0,6098.1,24200.9,18184.9,16425.2,Talamban,26375.0,68100.0,117500.0,10.180209784751566
