{
"type": "FeatureCollection",
"name": "transport_midpoints",
"crs": { "type": "name", "properties": { "name": "urn:ogc:def:crs:OGC:1.3:CRS84" } },
"features": [
{ "type": "Feature", "properties": { "id": 25710827, "lat": 10.3245825, "lon": 123.9065554, "amenity_type": "secondary", "amenity": "Archbishop Reyes Avenue", "lgu": "Cebu City" }, "geometry": { "type": "Point", "coordinates": [ 123.9065554, 10.3245825 ] } },
{ "type": "Feature", "properties": { "id": 25800031, "lat": 10.3161918, "lon": 123.8907957, "amenity_type": "secondary", "amenity": "Osmeña Boulevard", "lgu": "Cebu City" }, "geometry": { "type": "Point", "coordinates": [ 123.8907957, 10.3161918 ] } },
{ "type": "Feature", "properties": { "id": 25801800, "lat": 10.2985014, "lon": 123.8972299, "amenity_type": "secondary", "amenity": "Osmeña Boulevard", "lgu": "Cebu City" }, "geometry": { "type": "Point", "coordinates": [ 123.8972299, 10.2985014 ] } },
{ "type": "Feature", "properties": { "id": 25802488, "lat": 10.2990445, "lon": 123.9008286, "amenity_type": "tertiary", "amenity": "Sanciangko Street", "lgu": "Cebu City" }, "geometry": { "type": "Point", "coordinates": [ 123.9008286, 10.2990445 ] } },
{ "type": "Feature", "properties": { "id": 25937030, "lat": 10.2939883, "lon": 123.8969022, "amenity_type": "tertiary", "amenity": "Leon Kilat Street", "lgu": "Cebu City" }, "geometry": { "type": "Point", "coordinates": [ 123.8969022, 10.2939883 ] } },
{ "type": "Feature", "properties": { "id": 25937225, "lat": 10.3106747, "lon": 123.9039408, "amenity_type": "secondary", "amenity": "Gorordo Avenue", "lgu": "Cebu City" }, "geometry": { "type": "Point", "coordinates": [ 123.9039408, 10.3106747 ] } },
{ "type": "Feature", "properties": { "id": 28817154, "lat": 10.3274554, "lon": 123.9214006, "amenity_type": "secondary", "amenity": "F. Cabahug Street", "lgu": "Cebu City" }, "geometry": { "type": "Point", "coordinates": [ 123.9214006, 10.3274554 ] } },
{ "type": "Feature", "properties": { "id": 28817564, "lat": 10.3155497, "lon": 123.9163334, "amenity_type": "primary", "amenity": "M.J. Cuenco Avenue", "lgu": "Cebu City" }, "geometry": { "type": "Point", "coordinates": [ 123.9163334, 10.3155497 ] } },
{ "type": "Feature", "properties": { "id": 28833617, "lat": 10.2926194, "lon": 123.9039834, "amenity_type": "trunk", "amenity": "Cebu South Coastal Road", "lgu": "Cebu City" }, "geometry": { "type": "Point", "coordinates": [ 123.9039834, 10.2926194 ] } },
{ "type": "Feature", "properties": { "id": 28833618, "lat": 10.3092675, "lon": 123.9188807, "amenity_type": "primary", "amenity": "Juan Luna Avenue", "lgu": "Cebu City" }, "geometry": { "type": "Point", "coordinates": [ 123.9188807, 10.3092675 ] } },
{ "type": "Feature", "properties": { "id": 28834353, "lat": 10.3204189, "lon": 123.9039247, "amenity_type": "secondary", "amenity": "Archbishop Reyes Avenue", "lgu": "Cebu City" }, "geometry": { "type": "Point", "coordinates": [ 123.9039247, 10.3204189 ] } },
{ "type": "Feature", "properties": { "id": 28834354, "lat": 10.3192859, "lon": 123.9033265, "amenity_type": "secondary", "amenity": "Archbishop Reyes Avenue", "lgu": "Cebu City" }, "geometry": { "type": "Point", "coordinates": [ 123.9033265, 10.3192859 ] } },
{ "type": "Feature", "properties": { "id": 28834962, "lat": 10.3158692, "lon": 123.8922448, "amenity_type": "tertiary", "amenity": "F. Ramos Extension", "lgu": "Cebu City" }, "geometry": { "type": "Point", "coordinates": [ 123.8922448, 10.3158692 ] } },
{ "type": "Feature", "properties": { "id": 28908647, "lat": 10.2993398, "lon": 123.9089353, "amenity_type": "trunk", "amenity": "Sergio Osmeña Avenue", "lgu": "Cebu City" }, "geometry": { "type": "Point", "coordinates": [ 123.9089353, 10.2993398 ] } },
{ "type": "Feature", "properties": { "id": 28909509, "lat": 10.3115027, "lon": 123.899834, "amenity_type": "tertiary", "amenity": "Dionisio Jakosalem Street", "lgu": "Cebu City" }, "geometry": { "type": "Point", "coordinates": [ 123.899834, 10.3115027 ] } },
{ "type": "Feature", "properties": { "id": 28909514, "lat": 10.2932736, "lon": 123.8992223, "amenity_type": "tertiary", "amenity": "Lincoln Street", "lgu": "Cebu City" }, "geometry": { "type": "Point", "coordinates": [ 123.8992223, 10.2932736 ] } },
{ "type": "Feature", "properties": { "id": 28909516, "lat": 10.2943522, "lon": 123.8979571, "amenity_type": "tertiary", "amenity": "P. Lopez Street", "lgu": "Cebu City" }, "geometry": { "type": "Point", "coordinates": [ 123.8979571, 10.2943522 ] } },
{ "type": "Feature", "properties": { "id": 28909518, "lat": 10.2950277, "lon": 123.899275, "amenity_type": "tertiary", "amenity": "Manalili Street", "lgu": "Cebu City" }, "geometry": { "type": "Point", "coordinates": [ 123.899275, 10.2950277 ] } },
{ "type": "Feature", "properties": { "id": 28909519, "lat": 10.2925392, "lon": 123.9002268, "amenity_type": "tertiary", "amenity": "F. Gonzales Street", "lgu": "Cebu City" }, "geometry": { "type": "Point", "coordinates": [ 123.9002268, 10.2925392 ] } },
{ "type": "Feature", "properties": { "id": 28925803, "lat": 10.2996545, "lon": 123.8969793, "amenity_type": "primary", "amenity": "P. del Rosario Street", "lgu": "Cebu City" }, "geometry": { "type": "Point", "coordinates": [ 123.8969793, 10.2996545 ] } },
{ "type": "Feature", "properties": { "id": 28925805, "lat": 10.2913322, "lon": 123.8776783, "amenity_type": "secondary", "amenity": "Natalio Bacalso Avenue", "lgu": "Cebu City" }, "geometry": { "type": "Point", "coordinates": [ 123.8776783, 10.2913322 ] } },
{ "type": "Feature", "properties": { "id": 28951497, "lat": 10.312143, "lon": 123.8916056, "amenity_type": "tertiary", "amenity": "Don Gil Garcia Street", "lgu": "Cebu City" }, "geometry": { "type": "Point", "coordinates": [ 123.8916056, 10.312143 ] } },
{ "type": "Feature", "properties": { "id": 28951498, "lat": 10.317909, "lon": 123.8876442, "amenity_type": "tertiary", "amenity": "Andres Abellana Street", "lgu": "Cebu City" }, "geometry": { "type": "Point", "coordinates": [ 123.8876442, 10.317909 ] } },
{ "type": "Feature", "properties": { "id": 28951499, "lat": 10.2978815, "lon": 123.8879412, "amenity_type": "secondary", "amenity": "Vicente Rama Avenue", "lgu": "Cebu City" }, "geometry": { "type": "Point", "coordinates": [ 123.8879412, 10.2978815 ] } },
{ "type": "Feature", "properties": { "id": 28951500, "lat": 10.3170023, "lon": 123.8892149, "amenity_type": "secondary", "amenity": "M. Velez Street", "lgu": "Cebu City" }, "geometry": { "type": "Point", "coordinates": [ 123.8892149, 10.3170023 ] } },
{ "type": "Feature", "properties": { "id": 28951501, "lat": 10.3190269, "lon": 123.8867775, "amenity_type": "tertiary", "amenity": "L. Bacayo Street", "lgu": "Cebu City" }, "geometry": { "type": "Point", "coordinates": [ 123.8867775, 10.3190269 ] } },
{ "type": "Feature", "properties": { "id": 28956724, "lat": 10.3160525, "lon": 123.8901934, "amenity_type": "secondary", "amenity": "G. Garcia Street", "lgu": "Cebu City" }, "geometry": { "type": "Point", "coordinates": [ 123.8901934, 10.3160525 ] } },
{ "type": "Feature", "properties": { "id": 28956725, "lat": 10.3160506, "lon": 123.8905205, "amenity_type": "secondary", "amenity": "N. Escario Street", "lgu": "Cebu City" }, "geometry": { "type": "Point", "coordinates": [ 123.8905205, 10.3160506 ] } },
{ "type": "Feature", "properties": { "id": 28957488, "lat": 10.3061833, "lon": 123.9005606, "amenity_type": "tertiary", "amenity": "Sikatuna Street", "lgu": "Cebu City" }, "geometry": { "type": "Point", "coordinates": [ 123.9005606, 10.3061833 ] } },
{ "type": "Feature", "properties": { "id": 28957489, "lat": 10.2983867, "lon": 123.9019077, "amenity_type": "tertiary", "amenity": "Dionisio Jakosalem Street", "lgu": "Cebu City" }, "geometry": { "type": "Point", "coordinates": [ 123.9019077, 10.2983867 ] } },
{ "type": "Feature", "properties": { "id": 28957492, "lat": 10.303869, "lon": 123.8981888, "amenity_type": "tertiary", "amenity": "Junquera Street", "lgu": "Cebu City" }, "geometry": { "type": "Point", "coordinates": [ 123.8981888, 10.303869 ] } },
{ "type": "Feature", "properties": { "id": 29261572, "lat": 10.3126007, "lon": 123.8910056, "amenity_type": "tertiary", "amenity": "Jasmine Street", "lgu": "Cebu City" }, "geometry": { "type": "Point", "coordinates": [ 123.8910056, 10.3126007 ] } },
{ "type": "Feature", "properties": { "id": 29261573, "lat": 10.310009, "lon": 123.8918459, "amenity_type": "tertiary", "amenity": "Don Mariano Cui Street", "lgu": "Cebu City" }, "geometry": { "type": "Point", "coordinates": [ 123.8918459, 10.310009 ] } },
{ "type": "Feature", "properties": { "id": 29261588, "lat": 10.3210503, "lon": 123.8911527, "amenity_type": "tertiary", "amenity": "Villalon Drive", "lgu": "Cebu City" }, "geometry": { "type": "Point", "coordinates": [ 123.8911527, 10.3210503 ] } },
{ "type": "Feature", "properties": { "id": 29261594, "lat": 10.3127692, "lon": 123.8957821, "amenity_type": "tertiary", "amenity": "Don Ramon Aboitiz Street", "lgu": "Cebu City" }, "geometry": { "type": "Point", "coordinates": [ 123.8957821, 10.3127692 ] } },
{ "type": "Feature", "properties": { "id": 29261596, "lat": 10.3133589, "lon": 123.8906614, "amenity_type": "tertiary", "amenity": "Don Mariano Cui Street", "lgu": "Cebu City" }, "geometry": { "type": "Point", "coordinates": [ 123.8906614, 10.3133589 ] } },
{ "type": "Feature", "properties": { "id": 29290599, "lat": 10.3546585, "lon": 123.885924, "amenity_type": "primary", "amenity": "Cebu-Balamban Transcentral Highway", "lgu": "Cebu City" }, "geometry": { "type": "Point", "coordinates": [ 123.885924, 10.3546585 ] } },
{ "type": "Feature", "properties": { "id": 29290601, "lat": 10.3310435, "lon": 123.8982993, "amenity_type": "primary", "amenity": "Salinas Drive", "lgu": "Cebu City" }, "geometry": { "type": "Point", "coordinates": [ 123.8982993, 10.3310435 ] } },
{ "type": "Feature", "properties": { "id": 29290602, "lat": 10.3305064, "lon": 123.8978501, "amenity_type": "secondary", "amenity": "Gorordo Avenue", "lgu": "Cebu City" }, "geometry": { "type": "Point", "coordinates": [ 123.8978501, 10.3305064 ] } },
{ "type": "Feature", "properties": { "id": 29291209, "lat": 10.3305697, "lon": 123.8924282, "amenity_type": "tertiary", "amenity": "Justice Street", "lgu": "Cebu City" }, "geometry": { "type": "Point", "coordinates": [ 123.8924282, 10.3305697 ] } },
{ "type": "Feature", "properties": { "id": 29451501, "lat": 10.2978555, "lon": 123.9027091, "amenity_type": "secondary", "amenity": "Colon Street", "lgu": "Cebu City" }, "geometry": { "type": "Point", "coordinates": [ 123.9027091, 10.2978555 ] } },
{ "type": "Feature", "properties": { "id": 29451508, "lat": 10.3061789, "lon": 123.901929, "amenity_type": "tertiary", "amenity": "General Echavez Street", "lgu": "Cebu City" }, "geometry": { "type": "Point", "coordinates": [ 123.901929, 10.3061789 ] } },
{ "type": "Feature", "properties": { "id": 29451510, "lat": 10.2931478, "lon": 123.8911094, "amenity_type": "tertiary", "amenity": "T. Abella Street", "lgu": "Cebu City" }, "geometry": { "type": "Point", "coordinates": [ 123.8911094, 10.2931478 ] } },
{ "type": "Feature", "properties": { "id": 29451511, "lat": 10.2925967, "lon": 123.870362, "amenity_type": "secondary", "amenity": "Francisco Llamas Street", "lgu": "Cebu City" }, "geometry": { "type": "Point", "coordinates": [ 123.870362, 10.2925967 ] } },
{ "type": "Feature", "properties": { "id": 29451512, "lat": 10.3450398, "lon": 123.926361, "amenity_type": "secondary", "amenity": "Hernan Cortes Street", "lgu": "Cebu City" }, "geometry": { "type": "Point", "coordinates": [ 123.926361, 10.3450398 ] } },
{ "type": "Feature", "properties": { "id": 29451526, "lat": 10.3303947, "lon": 123.8805544, "amenity_type": "secondary", "amenity": "J. Labra Street", "lgu": "Cebu City" }, "geometry": { "type": "Point", "coordinates": [ 123.8805544, 10.3303947 ] } },
{ "type": "Feature", "properties": { "id": 29451527, "lat": 10.3207067, "lon": 123.9260214, "amenity_type": "secondary", "amenity": "Hernan Cortes Street", "lgu": "Cebu City" }, "geometry": { "type": "Point", "coordinates": [ 123.9260214, 10.3207067 ] } },
{ "type": "Feature", "properties": { "id": 29451533, "lat": 10.3017025, "lon": 123.9030399, "amenity_type": "tertiary", "amenity": "T. Padilla Street", "lgu": "Cebu City" }, "geometry": { "type": "Point", "coordinates": [ 123.9030399, 10.3017025 ] } },
{ "type": "Feature", "properties": { "id": 29840348, "lat": 10.3729436, "lon": 123.9180612, "amenity_type": "secondary", "amenity": "Miñoza Street", "lgu": "Cebu City" }, "geometry": { "type": "Point", "coordinates": [ 123.9180612, 10.3729436 ] } },
{ "type": "Feature", "properties": { "id": 32744073, "lat": 10.360197, "lon": 123.915757, "amenity_type": "secondary", "amenity": "Manuel L. Quezon Avenue", "lgu": "Cebu City" }, "geometry": { "type": "Point", "coordinates": [ 123.915757, 10.360197 ] } },
{ "type": "Feature", "properties": { "id": 32834710, "lat": 10.3149615, "lon": 123.9052344, "amenity_type": "secondary", "amenity": "Cardinal Rosales Avenue", "lgu": "Cebu City" }, "geometry": { "type": "Point", "coordinates": [ 123.9052344, 10.3149615 ] } },
{ "type": "Feature", "properties": { "id": 32834729, "lat": 10.3079354, "lon": 123.8875508, "amenity_type": "secondary", "amenity": "B. Rodriguez Street", "lgu": "Cebu City" }, "geometry": { "type": "Point", "coordinates": [ 123.8875508, 10.3079354 ] } },
{ "type": "Feature", "properties": { "id": 32834732, "lat": 10.3434759, "lon": 123.9121004, "amenity_type": "tertiary", "amenity": "Paseo Saturnino", "lgu": "Cebu City" }, "geometry": { "type": "Point", "coordinates": [ 123.9121004, 10.3434759 ] } },
{ "type": "Feature", "properties": { "id": 34130899, "lat": 10.3463095, "lon": 123.9216333, "amenity_type": "tertiary", "amenity": "P. Remedio Street", "lgu": "Cebu City" }, "geometry": { "type": "Point", "coordinates": [ 123.9216333, 10.3463095 ] } },
{ "type": "Feature", "properties": { "id": 34415877, "lat": 10.3422037, "lon": 123.9280201, "amenity_type": "tertiary", "amenity": "Aniceto Seno Road", "lgu": "Cebu City" }, "geometry": { "type": "Point", "coordinates": [ 123.9280201, 10.3422037 ] } },
{ "type": "Feature", "properties": { "id": 34415880, "lat": 10.3384987, "lon": 123.9308972, "amenity_type": "tertiary", "amenity": "E. V. Espina Street", "lgu": "Cebu City" }, "geometry": { "type": "Point", "coordinates": [ 123.9308972, 10.3384987 ] } },
{ "type": "Feature", "properties": { "id": 34617490, "lat": 10.3583348, "lon": 123.897737, "amenity_type": "tertiary", "amenity": "Paseo Elisabeth", "lgu": "Cebu City" }, "geometry": { "type": "Point", "coordinates": [ 123.897737, 10.3583348 ] } },
{ "type": "Feature", "properties": { "id": 34617508, "lat": 10.3570184, "lon": 123.8994553, "amenity_type": "tertiary", "amenity": "Paseo Don Sergio", "lgu": "Cebu City" }, "geometry": { "type": "Point", "coordinates": [ 123.8994553, 10.3570184 ] } },
{ "type": "Feature", "properties": { "id": 34946939, "lat": 10.3368994, "lon": 123.8976191, "amenity_type": "primary", "amenity": "Veterans Drive", "lgu": "Cebu City" }, "geometry": { "type": "Point", "coordinates": [ 123.8976191, 10.3368994 ] } },
{ "type": "Feature", "properties": { "id": 37729738, "lat": 10.354703, "lon": 123.9244058, "amenity_type": "tertiary", "amenity": "Elias Cortes Street", "lgu": "Cebu City" }, "geometry": { "type": "Point", "coordinates": [ 123.9244058, 10.354703 ] } },
{ "type": "Feature", "properties": { "id": 37729740, "lat": 10.3565317, "lon": 123.9254009, "amenity_type": "tertiary", "amenity": "Elias Cortes Street", "lgu": "Cebu City" }, "geometry": { "type": "Point", "coordinates": [ 123.9254009, 10.3565317 ] } },
{ "type": "Feature", "properties": { "id": 37981564, "lat": 10.3242207, "lon": 123.9257814, "amenity_type": "primary", "amenity": "M.C. Briones Street", "lgu": "Cebu City" }, "geometry": { "type": "Point", "coordinates": [ 123.9257814, 10.3242207 ] } },
{ "type": "Feature", "properties": { "id": 38423907, "lat": 10.3406387, "lon": 123.9094583, "amenity_type": "tertiary", "amenity": "Camp Lapu-Lapu Road", "lgu": "Cebu City" }, "geometry": { "type": "Point", "coordinates": [ 123.9094583, 10.3406387 ] } },
{ "type": "Feature", "properties": { "id": 38423911, "lat": 10.3408716, "lon": 123.9071105, "amenity_type": "tertiary", "amenity": "Camp Lapu-Lapu Road", "lgu": "Cebu City" }, "geometry": { "type": "Point", "coordinates": [ 123.9071105, 10.3408716 ] } },
{ "type": "Feature", "properties": { "id": 38423933, "lat": 10.3280155, "lon": 123.9046752, "amenity_type": "tertiary", "amenity": "Geonzon Street", "lgu": "Cebu City" }, "geometry": { "type": "Point", "coordinates": [ 123.9046752, 10.3280155 ] } },
{ "type": "Feature", "properties": { "id": 38423935, "lat": 10.3313609, "lon": 123.9066017, "amenity_type": "tertiary", "amenity": "Geonzon Street", "lgu": "Cebu City" }, "geometry": { "type": "Point", "coordinates": [ 123.9066017, 10.3313609 ] } },
{ "type": "Feature", "properties": { "id": 38423941, "lat": 10.3321061, "lon": 123.9065044, "amenity_type": "tertiary", "amenity": "San Miguel Road", "lgu": "Cebu City" }, "geometry": { "type": "Point", "coordinates": [ 123.9065044, 10.3321061 ] } },
{ "type": "Feature", "properties": { "id": 38423943, "lat": 10.3362578, "lon": 123.9080121, "amenity_type": "tertiary", "amenity": "San Miguel Street", "lgu": "Cebu City" }, "geometry": { "type": "Point", "coordinates": [ 123.9080121, 10.3362578 ] } },
{ "type": "Feature", "properties": { "id": 38423944, "lat": 10.3360816, "lon": 123.9075713, "amenity_type": "tertiary", "amenity": "San Miguel Street", "lgu": "Cebu City" }, "geometry": { "type": "Point", "coordinates": [ 123.9075713, 10.3360816 ] } },
{ "type": "Feature", "properties": { "id": 38426293, "lat": 10.340063, "lon": 123.9112386, "amenity_type": "tertiary", "amenity": "Camp Lapu-Lapu Road", "lgu": "Cebu City" }, "geometry": { "type": "Point", "coordinates": [ 123.9112386, 10.340063 ] } },
{ "type": "Feature", "properties": { "id": 38475968, "lat": 10.283554, "lon": 123.8816986, "amenity_type": "secondary", "amenity": "F. Vestil Street", "lgu": "Cebu City" }, "geometry": { "type": "Point", "coordinates": [ 123.8816986, 10.283554 ] } },
{ "type": "Feature", "properties": { "id": 38569952, "lat": 10.3261463, "lon": 123.9075934, "amenity_type": "secondary", "amenity": "Archbishop Reyes - M. Cuenco Flyover", "lgu": "Cebu City" }, "geometry": { "type": "Point", "coordinates": [ 123.9075934, 10.3261463 ] } },
{ "type": "Feature", "properties": { "id": 38569953, "lat": 10.3270544, "lon": 123.9081969, "amenity_type": "secondary", "amenity": "Governor M. Cuenco Avenue", "lgu": "Cebu City" }, "geometry": { "type": "Point", "coordinates": [ 123.9081969, 10.3270544 ] } },
{ "type": "Feature", "properties": { "id": 38569954, "lat": 10.325734, "lon": 123.9074899, "amenity_type": "secondary", "amenity": "Archbishop Reyes Avenue", "lgu": "Cebu City" }, "geometry": { "type": "Point", "coordinates": [ 123.9074899, 10.325734 ] } },
{ "type": "Feature", "properties": { "id": 38571875, "lat": 10.3133621, "lon": 123.9010589, "amenity_type": "tertiary", "amenity": "F. Sotto Drive", "lgu": "Cebu City" }, "geometry": { "type": "Point", "coordinates": [ 123.9010589, 10.3133621 ] } },
{ "type": "Feature", "properties": { "id": 38571879, "lat": 10.3129773, "lon": 123.9004626, "amenity_type": "tertiary", "amenity": "Queens' Road", "lgu": "Cebu City" }, "geometry": { "type": "Point", "coordinates": [ 123.9004626, 10.3129773 ] } },
{ "type": "Feature", "properties": { "id": 38571880, "lat": 10.3117762, "lon": 123.8982075, "amenity_type": "tertiary", "amenity": "Gotianuy Street", "lgu": "Cebu City" }, "geometry": { "type": "Point", "coordinates": [ 123.8982075, 10.3117762 ] } },
{ "type": "Feature", "properties": { "id": 38572557, "lat": 10.3095316, "lon": 123.89051, "amenity_type": "tertiary", "amenity": "C. Rodriguez Street", "lgu": "Cebu City" }, "geometry": { "type": "Point", "coordinates": [ 123.89051, 10.3095316 ] } },
{ "type": "Feature", "properties": { "id": 38607199, "lat": 10.3447224, "lon": 123.9124852, "amenity_type": "secondary", "amenity": "Governor M. Cuenco Avenue", "lgu": "Cebu City" }, "geometry": { "type": "Point", "coordinates": [ 123.9124852, 10.3447224 ] } },
{ "type": "Feature", "properties": { "id": 38607200, "lat": 10.3413874, "lon": 123.9119358, "amenity_type": "secondary", "amenity": "Governor M. Cuenco Avenue", "lgu": "Cebu City" }, "geometry": { "type": "Point", "coordinates": [ 123.9119358, 10.3413874 ] } },
{ "type": "Feature", "properties": { "id": 38607201, "lat": 10.3433832, "lon": 123.9122747, "amenity_type": "secondary", "amenity": "Governor M. Cuenco Avenue", "lgu": "Cebu City" }, "geometry": { "type": "Point", "coordinates": [ 123.9122747, 10.3433832 ] } },
{ "type": "Feature", "properties": { "id": 38607202, "lat": 10.3418704, "lon": 123.9120524, "amenity_type": "secondary", "amenity": "Governor M. Cuenco Avenue", "lgu": "Cebu City" }, "geometry": { "type": "Point", "coordinates": [ 123.9120524, 10.3418704 ] } },
{ "type": "Feature", "properties": { "id": 38607203, "lat": 10.3435416, "lon": 123.9125246, "amenity_type": "secondary", "amenity": "A. S. Fortuna Street", "lgu": "Cebu City" }, "geometry": { "type": "Point", "coordinates": [ 123.9125246, 10.3435416 ] } },
{ "type": "Feature", "properties": { "id": 38607204, "lat": 10.3436511, "lon": 123.9127599, "amenity_type": "secondary", "amenity": "A. S. Fortuna Street", "lgu": "Cebu City" }, "geometry": { "type": "Point", "coordinates": [ 123.9127599, 10.3436511 ] } },
{ "type": "Feature", "properties": { "id": 38607205, "lat": 10.3437139, "lon": 123.9123414, "amenity_type": "secondary", "amenity": "A. S. Fortuna Street", "lgu": "Cebu City" }, "geometry": { "type": "Point", "coordinates": [ 123.9123414, 10.3437139 ] } },
{ "type": "Feature", "properties": { "id": 38607206, "lat": 10.3436333, "lon": 123.9123942, "amenity_type": "secondary", "amenity": "Governor M. Cuenco Avenue", "lgu": "Cebu City" }, "geometry": { "type": "Point", "coordinates": [ 123.9123942, 10.3436333 ] } },
{ "type": "Feature", "properties": { "id": 38607207, "lat": 10.3447128, "lon": 123.9125487, "amenity_type": "secondary", "amenity": "Governor M. Cuenco Avenue", "lgu": "Cebu City" }, "geometry": { "type": "Point", "coordinates": [ 123.9125487, 10.3447128 ] } },
{ "type": "Feature", "properties": { "id": 39158485, "lat": 10.3207037, "lon": 123.9108522, "amenity_type": "secondary", "amenity": "F. Cabahug Street", "lgu": "Cebu City" }, "geometry": { "type": "Point", "coordinates": [ 123.9108522, 10.3207037 ] } },
{ "type": "Feature", "properties": { "id": 39306441, "lat": 10.3196249, "lon": 123.9021537, "amenity_type": "secondary", "amenity": "N. Escario Street", "lgu": "Cebu City" }, "geometry": { "type": "Point", "coordinates": [ 123.9021537, 10.3196249 ] } },
{ "type": "Feature", "properties": { "id": 39306442, "lat": 10.319028, "lon": 123.9009136, "amenity_type": "secondary", "amenity": "N. Escario Street", "lgu": "Cebu City" }, "geometry": { "type": "Point", "coordinates": [ 123.9009136, 10.319028 ] } },
{ "type": "Feature", "properties": { "id": 39306443, "lat": 10.3211685, "lon": 123.9042779, "amenity_type": "secondary", "amenity": "Archbishop Reyes Avenue", "lgu": "Cebu City" }, "geometry": { "type": "Point", "coordinates": [ 123.9042779, 10.3211685 ] } },
{ "type": "Feature", "properties": { "id": 39306444, "lat": 10.3197512, "lon": 123.9035737, "amenity_type": "secondary", "amenity": "Archbishop Reyes Avenue", "lgu": "Cebu City" }, "geometry": { "type": "Point", "coordinates": [ 123.9035737, 10.3197512 ] } },
{ "type": "Feature", "properties": { "id": 39819194, "lat": 10.3558396, "lon": 123.9147287, "amenity_type": "secondary", "amenity": "Governor M. Cuenco Avenue", "lgu": "Cebu City" }, "geometry": { "type": "Point", "coordinates": [ 123.9147287, 10.3558396 ] } },
{ "type": "Feature", "properties": { "id": 39819799, "lat": 10.326581, "lon": 123.9066768, "amenity_type": "primary", "amenity": "Salinas Drive", "lgu": "Cebu City" }, "geometry": { "type": "Point", "coordinates": [ 123.9066768, 10.326581 ] } },
{ "type": "Feature", "properties": { "id": 40070379, "lat": 10.3002837, "lon": 123.9050871, "amenity_type": "secondary", "amenity": "Bonifacio Street", "lgu": "Cebu City" }, "geometry": { "type": "Point", "coordinates": [ 123.9050871, 10.3002837 ] } },
{ "type": "Feature", "properties": { "id": 40897963, "lat": 10.2984676, "lon": 123.9084129, "amenity_type": "tertiary", "amenity": "V. Sotto Street", "lgu": "Cebu City" }, "geometry": { "type": "Point", "coordinates": [ 123.9084129, 10.2984676 ] } },
{ "type": "Feature", "properties": { "id": 40897968, "lat": 10.2967681, "lon": 123.9050246, "amenity_type": "tertiary", "amenity": "Vicente Gullas Street", "lgu": "Cebu City" }, "geometry": { "type": "Point", "coordinates": [ 123.9050246, 10.2967681 ] } },
{ "type": "Feature", "properties": { "id": 40897999, "lat": 10.2943652, "lon": 123.9044665, "amenity_type": "tertiary", "amenity": "Legaspi Street", "lgu": "Cebu City" }, "geometry": { "type": "Point", "coordinates": [ 123.9044665, 10.2943652 ] } },
{ "type": "Feature", "properties": { "id": 41108891, "lat": 10.34026, "lon": 123.9117398, "amenity_type": "secondary", "amenity": "Governor M. Cuenco Avenue", "lgu": "Cebu City" }, "geometry": { "type": "Point", "coordinates": [ 123.9117398, 10.34026 ] } },
{ "type": "Feature", "properties": { "id": 41108892, "lat": 10.340066, "lon": 123.9117067, "amenity_type": "secondary", "amenity": "Governor M. Cuenco Avenue", "lgu": "Cebu City" }, "geometry": { "type": "Point", "coordinates": [ 123.9117067, 10.340066 ] } },
{ "type": "Feature", "properties": { "id": 42560859, "lat": 10.3384272, "lon": 123.905183, "amenity_type": "tertiary", "amenity": "Camp Lapu-Lapu Road", "lgu": "Cebu City" }, "geometry": { "type": "Point", "coordinates": [ 123.905183, 10.3384272 ] } },
{ "type": "Feature", "properties": { "id": 42560860, "lat": 10.3354561, "lon": 123.9106688, "amenity_type": "tertiary", "amenity": "Jose Maria Del Mar Avenue", "lgu": "Cebu City" }, "geometry": { "type": "Point", "coordinates": [ 123.9106688, 10.3354561 ] } },
{ "type": "Feature", "properties": { "id": 42745272, "lat": 10.3200457, "lon": 123.91776, "amenity_type": "tertiary", "amenity": "S. Cabahug Street", "lgu": "Cebu City" }, "geometry": { "type": "Point", "coordinates": [ 123.91776, 10.3200457 ] } },
{ "type": "Feature", "properties": { "id": 42864232, "lat": 10.290882, "lon": 123.8773521, "amenity_type": "secondary", "amenity": "F. Vestil Street", "lgu": "Cebu City" }, "geometry": { "type": "Point", "coordinates": [ 123.8773521, 10.290882 ] } },
{ "type": "Feature", "properties": { "id": 45489270, "lat": 10.3260669, "lon": 123.9225956, "amenity_type": "secondary", "amenity": "Hernan Cortes Street", "lgu": "Cebu City" }, "geometry": { "type": "Point", "coordinates": [ 123.9225956, 10.3260669 ] } },
{ "type": "Feature", "properties": { "id": 45489280, "lat": 10.3221513, "lon": 123.9252163, "amenity_type": "secondary", "amenity": "Hernan Cortes Street", "lgu": "Cebu City" }, "geometry": { "type": "Point", "coordinates": [ 123.9252163, 10.3221513 ] } },
{ "type": "Feature", "properties": { "id": 45489305, "lat": 10.3238438, "lon": 123.9238135, "amenity_type": "secondary", "amenity": "Hernan Cortes Street", "lgu": "Cebu City" }, "geometry": { "type": "Point", "coordinates": [ 123.9238135, 10.3238438 ] } },
{ "type": "Feature", "properties": { "id": 45489315, "lat": 10.3230158, "lon": 123.9245762, "amenity_type": "secondary", "amenity": "Hernan Cortes Street", "lgu": "Cebu City" }, "geometry": { "type": "Point", "coordinates": [ 123.9245762, 10.3230158 ] } },
{ "type": "Feature", "properties": { "id": 47066292, "lat": 10.2945663, "lon": 123.9076573, "amenity_type": "tertiary", "amenity": "C. Arellano Boulevard", "lgu": "Cebu City" }, "geometry": { "type": "Point", "coordinates": [ 123.9076573, 10.2945663 ] } },
{ "type": "Feature", "properties": { "id": 47066293, "lat": 10.297845, "lon": 123.9099016, "amenity_type": "tertiary", "amenity": "V. Sotto Street", "lgu": "Cebu City" }, "geometry": { "type": "Point", "coordinates": [ 123.9099016, 10.297845 ] } },
{ "type": "Feature", "properties": { "id": 47066300, "lat": 10.3231593, "lon": 123.9244632, "amenity_type": "secondary", "amenity": "Hernan Cortes Street", "lgu": "Cebu City" }, "geometry": { "type": "Point", "coordinates": [ 123.9244632, 10.3231593 ] } },
{ "type": "Feature", "properties": { "id": 47066301, "lat": 10.3221653, "lon": 123.9250658, "amenity_type": "secondary", "amenity": "Hernan Cortes Street", "lgu": "Cebu City" }, "geometry": { "type": "Point", "coordinates": [ 123.9250658, 10.3221653 ] } },
{ "type": "Feature", "properties": { "id": 47244771, "lat": 10.2929164, "lon": 123.9037646, "amenity_type": "tertiary", "amenity": "Magallanes Street", "lgu": "Cebu City" }, "geometry": { "type": "Point", "coordinates": [ 123.9037646, 10.2929164 ] } },
{ "type": "Feature", "properties": { "id": 47244772, "lat": 10.2934705, "lon": 123.9035585, "amenity_type": "tertiary", "amenity": "Lapu-Lapu Street", "lgu": "Cebu City" }, "geometry": { "type": "Point", "coordinates": [ 123.9035585, 10.2934705 ] } },
{ "type": "Feature", "properties": { "id": 47244773, "lat": 10.2921612, "lon": 123.9034627, "amenity_type": "tertiary", "amenity": "M.C. Briones Street", "lgu": "Cebu City" }, "geometry": { "type": "Point", "coordinates": [ 123.9034627, 10.2921612 ] } },
{ "type": "Feature", "properties": { "id": 47244774, "lat": 10.2920358, "lon": 123.8994806, "amenity_type": "tertiary", "amenity": "Jose Leyson Street", "lgu": "Cebu City" }, "geometry": { "type": "Point", "coordinates": [ 123.8994806, 10.2920358 ] } },
{ "type": "Feature", "properties": { "id": 47244775, "lat": 10.2934402, "lon": 123.8978482, "amenity_type": "tertiary", "amenity": "F. Calderon Street", "lgu": "Cebu City" }, "geometry": { "type": "Point", "coordinates": [ 123.8978482, 10.2934402 ] } },
{ "type": "Feature", "properties": { "id": 47244776, "lat": 10.2919295, "lon": 123.8974319, "amenity_type": "tertiary", "amenity": "Escaño Street", "lgu": "Cebu City" }, "geometry": { "type": "Point", "coordinates": [ 123.8974319, 10.2919295 ] } },
{ "type": "Feature", "properties": { "id": 47244777, "lat": 10.2961984, "lon": 123.8984566, "amenity_type": "secondary", "amenity": "Osmeña Boulevard", "lgu": "Cebu City" }, "geometry": { "type": "Point", "coordinates": [ 123.8984566, 10.2961984 ] } },
{ "type": "Feature", "properties": { "id": 47244780, "lat": 10.2945575, "lon": 123.8985647, "amenity_type": "tertiary", "amenity": "A. Borromeo Street", "lgu": "Cebu City" }, "geometry": { "type": "Point", "coordinates": [ 123.8985647, 10.2945575 ] } },
{ "type": "Feature", "properties": { "id": 47245025, "lat": 10.310866, "lon": 123.921602, "amenity_type": "secondary", "amenity": "Kaohsiung Street", "lgu": "Cebu City" }, "geometry": { "type": "Point", "coordinates": [ 123.921602, 10.310866 ] } },
{ "type": "Feature", "properties": { "id": 47573731, "lat": 10.3124484, "lon": 123.9210703, "amenity_type": "secondary", "amenity": "F. Urot Street", "lgu": "Cebu City" }, "geometry": { "type": "Point", "coordinates": [ 123.9210703, 10.3124484 ] } },
{ "type": "Feature", "properties": { "id": 47573733, "lat": 10.3133959, "lon": 123.9221711, "amenity_type": "secondary", "amenity": "F. Urot Street", "lgu": "Cebu City" }, "geometry": { "type": "Point", "coordinates": [ 123.9221711, 10.3133959 ] } },
{ "type": "Feature", "properties": { "id": 48227339, "lat": 10.3238427, "lon": 123.9238911, "amenity_type": "secondary", "amenity": "Hernan Cortes Street", "lgu": "Cebu City" }, "geometry": { "type": "Point", "coordinates": [ 123.9238911, 10.3238427 ] } },
{ "type": "Feature", "properties": { "id": 48734496, "lat": 10.3183334, "lon": 123.9078771, "amenity_type": "tertiary", "amenity": "Samar Loop", "lgu": "Cebu City" }, "geometry": { "type": "Point", "coordinates": [ 123.9078771, 10.3183334 ] } },
{ "type": "Feature", "properties": { "id": 49037238, "lat": 10.3067932, "lon": 123.9055828, "amenity_type": "secondary", "amenity": "M.J. Cuenco Avenue", "lgu": "Cebu City" }, "geometry": { "type": "Point", "coordinates": [ 123.9055828, 10.3067932 ] } },
{ "type": "Feature", "properties": { "id": 50815001, "lat": 10.3161728, "lon": 123.9058263, "amenity_type": "secondary", "amenity": "Cardinal Rosales Avenue", "lgu": "Cebu City" }, "geometry": { "type": "Point", "coordinates": [ 123.9058263, 10.3161728 ] } },
{ "type": "Feature", "properties": { "id": 50815080, "lat": 10.3170023, "lon": 123.9039638, "amenity_type": "tertiary", "amenity": "Luzon Avenue", "lgu": "Cebu City" }, "geometry": { "type": "Point", "coordinates": [ 123.9039638, 10.3170023 ] } },
{ "type": "Feature", "properties": { "id": 50815095, "lat": 10.317509, "lon": 123.9028976, "amenity_type": "tertiary", "amenity": "Luzon Avenue", "lgu": "Cebu City" }, "geometry": { "type": "Point", "coordinates": [ 123.9028976, 10.317509 ] } },
{ "type": "Feature", "properties": { "id": 50866334, "lat": 10.3344552, "lon": 123.9107337, "amenity_type": "secondary", "amenity": "Governor M. Cuenco Avenue", "lgu": "Cebu City" }, "geometry": { "type": "Point", "coordinates": [ 123.9107337, 10.3344552 ] } },
{ "type": "Feature", "properties": { "id": 50869750, "lat": 10.3394462, "lon": 123.911605, "amenity_type": "secondary", "amenity": "Governor M. Cuenco Avenue", "lgu": "Cebu City" }, "geometry": { "type": "Point", "coordinates": [ 123.911605, 10.3394462 ] } },
{ "type": "Feature", "properties": { "id": 50873804, "lat": 10.3161384, "lon": 123.9057582, "amenity_type": "tertiary", "amenity": "Samar Loop", "lgu": "Cebu City" }, "geometry": { "type": "Point", "coordinates": [ 123.9057582, 10.3161384 ] } },
{ "type": "Feature", "properties": { "id": 50873805, "lat": 10.3201212, "lon": 123.9052626, "amenity_type": "tertiary", "amenity": "Mindanao Avenue", "lgu": "Cebu City" }, "geometry": { "type": "Point", "coordinates": [ 123.9052626, 10.3201212 ] } },
{ "type": "Feature", "properties": { "id": 50875248, "lat": 10.3136369, "lon": 123.9036736, "amenity_type": "secondary", "amenity": "Cardinal Rosales Avenue", "lgu": "Cebu City" }, "geometry": { "type": "Point", "coordinates": [ 123.9036736, 10.3136369 ] } },
{ "type": "Feature", "properties": { "id": 51372046, "lat": 10.3319328, "lon": 123.9066758, "amenity_type": "tertiary", "amenity": "I. Villa Street", "lgu": "Cebu City" }, "geometry": { "type": "Point", "coordinates": [ 123.9066758, 10.3319328 ] } },
{ "type": "Feature", "properties": { "id": 51372086, "lat": 10.3352578, "lon": 123.9102814, "amenity_type": "tertiary", "amenity": "Jose Maria Del Mar Avenue", "lgu": "Cebu City" }, "geometry": { "type": "Point", "coordinates": [ 123.9102814, 10.3352578 ] } },
{ "type": "Feature", "properties": { "id": 51372097, "lat": 10.3320192, "lon": 123.9067607, "amenity_type": "tertiary", "amenity": "I. Villa Street", "lgu": "Cebu City" }, "geometry": { "type": "Point", "coordinates": [ 123.9067607, 10.3320192 ] } },
{ "type": "Feature", "properties": { "id": 51777216, "lat": 10.2979585, "lon": 123.8984016, "amenity_type": "tertiary", "amenity": "Pelaez Street", "lgu": "Cebu City" }, "geometry": { "type": "Point", "coordinates": [ 123.8984016, 10.2979585 ] } },
{ "type": "Feature", "properties": { "id": 51816108, "lat": 10.3206304, "lon": 123.9262346, "amenity_type": "secondary", "amenity": "E.O. Perez Street", "lgu": "Cebu City" }, "geometry": { "type": "Point", "coordinates": [ 123.9262346, 10.3206304 ] } },
{ "type": "Feature", "properties": { "id": 51816109, "lat": 10.3204954, "lon": 123.9261715, "amenity_type": "secondary", "amenity": "E.O. Perez Street", "lgu": "Cebu City" }, "geometry": { "type": "Point", "coordinates": [ 123.9261715, 10.3204954 ] } },
{ "type": "Feature", "properties": { "id": 52254221, "lat": 10.3122331, "lon": 123.9231384, "amenity_type": "trunk", "amenity": "Sergio Osmeña Avenue", "lgu": "Cebu City" }, "geometry": { "type": "Point", "coordinates": [ 123.9231384, 10.3122331 ] } },
{ "type": "Feature", "properties": { "id": 52254223, "lat": 10.3129488, "lon": 123.9239827, "amenity_type": "trunk", "amenity": "Sergio Osmeña Avenue", "lgu": "Cebu City" }, "geometry": { "type": "Point", "coordinates": [ 123.9239827, 10.3129488 ] } },
{ "type": "Feature", "properties": { "id": 52332158, "lat": 10.3204199, "lon": 123.9259695, "amenity_type": "secondary", "amenity": "M. Logarta Avenue", "lgu": "Cebu City" }, "geometry": { "type": "Point", "coordinates": [ 123.9259695, 10.3204199 ] } },
{ "type": "Feature", "properties": { "id": 52333118, "lat": 10.3170715, "lon": 123.9250037, "amenity_type": "secondary", "amenity": "M. Logarta Avenue", "lgu": "Cebu City" }, "geometry": { "type": "Point", "coordinates": [ 123.9250037, 10.3170715 ] } },
{ "type": "Feature", "properties": { "id": 52333119, "lat": 10.313439, "lon": 123.9221251, "amenity_type": "secondary", "amenity": "F. Urot Street", "lgu": "Cebu City" }, "geometry": { "type": "Point", "coordinates": [ 123.9221251, 10.313439 ] } },
{ "type": "Feature", "properties": { "id": 52333120, "lat": 10.3141911, "lon": 123.922852, "amenity_type": "secondary", "amenity": "M. Logarta Avenue", "lgu": "Cebu City" }, "geometry": { "type": "Point", "coordinates": [ 123.922852, 10.3141911 ] } },
{ "type": "Feature", "properties": { "id": 52333121, "lat": 10.3141348, "lon": 123.922925, "amenity_type": "secondary", "amenity": "M. Logarta Avenue", "lgu": "Cebu City" }, "geometry": { "type": "Point", "coordinates": [ 123.922925, 10.3141348 ] } },
{ "type": "Feature", "properties": { "id": 52336398, "lat": 10.2997409, "lon": 123.9051304, "amenity_type": "secondary", "amenity": "Eduardo Aboitiz Street", "lgu": "Cebu City" }, "geometry": { "type": "Point", "coordinates": [ 123.9051304, 10.2997409 ] } },
{ "type": "Feature", "properties": { "id": 52372261, "lat": 10.3024278, "lon": 123.8982304, "amenity_type": "tertiary", "amenity": "Junquera Street", "lgu": "Cebu City" }, "geometry": { "type": "Point", "coordinates": [ 123.8982304, 10.3024278 ] } },
{ "type": "Feature", "properties": { "id": 52385857, "lat": 10.3086191, "lon": 123.9073015, "amenity_type": "secondary", "amenity": "General Maxilom Avenue Extension", "lgu": "Cebu City" }, "geometry": { "type": "Point", "coordinates": [ 123.9073015, 10.3086191 ] } },
{ "type": "Feature", "properties": { "id": 52385865, "lat": 10.3087668, "lon": 123.9071443, "amenity_type": "primary", "amenity": "Imus Avenue", "lgu": "Cebu City" }, "geometry": { "type": "Point", "coordinates": [ 123.9071443, 10.3087668 ] } },
{ "type": "Feature", "properties": { "id": 52385872, "lat": 10.3087676, "lon": 123.9072093, "amenity_type": "secondary", "amenity": "General Maxilom Avenue Extension", "lgu": "Cebu City" }, "geometry": { "type": "Point", "coordinates": [ 123.9072093, 10.3087676 ] } },
{ "type": "Feature", "properties": { "id": 52385879, "lat": 10.3096806, "lon": 123.8940458, "amenity_type": "secondary", "amenity": "General Maxilom Avenue", "lgu": "Cebu City" }, "geometry": { "type": "Point", "coordinates": [ 123.8940458, 10.3096806 ] } },
{ "type": "Feature", "properties": { "id": 52385881, "lat": 10.3091121, "lon": 123.9074783, "amenity_type": "primary", "amenity": "M.J. Cuenco Avenue", "lgu": "Cebu City" }, "geometry": { "type": "Point", "coordinates": [ 123.9074783, 10.3091121 ] } },
{ "type": "Feature", "properties": { "id": 52385894, "lat": 10.3079647, "lon": 123.9085289, "amenity_type": "secondary", "amenity": "General Maxilom Avenue Extension", "lgu": "Cebu City" }, "geometry": { "type": "Point", "coordinates": [ 123.9085289, 10.3079647 ] } },
{ "type": "Feature", "properties": { "id": 53804929, "lat": 10.2962148, "lon": 123.8922645, "amenity_type": "tertiary", "amenity": "Sanciangko Street", "lgu": "Cebu City" }, "geometry": { "type": "Point", "coordinates": [ 123.8922645, 10.2962148 ] } },
{ "type": "Feature", "properties": { "id": 53804930, "lat": 10.3107399, "lon": 123.8910682, "amenity_type": "tertiary", "amenity": "J. Llorente Street", "lgu": "Cebu City" }, "geometry": { "type": "Point", "coordinates": [ 123.8910682, 10.3107399 ] } },
{ "type": "Feature", "properties": { "id": 53804932, "lat": 10.3108055, "lon": 123.8947088, "amenity_type": "tertiary", "amenity": "J. Llorente Street", "lgu": "Cebu City" }, "geometry": { "type": "Point", "coordinates": [ 123.8947088, 10.3108055 ] } },
{ "type": "Feature", "properties": { "id": 59914531, "lat": 10.3313405, "lon": 123.9285428, "amenity_type": "tertiary", "amenity": "P. Basubas Street", "lgu": "Cebu City" }, "geometry": { "type": "Point", "coordinates": [ 123.9285428, 10.3313405 ] } },
{ "type": "Feature", "properties": { "id": 62011098, "lat": 10.3072972, "lon": 123.8977452, "amenity_type": "tertiary", "amenity": "V. Ranudo Street", "lgu": "Cebu City" }, "geometry": { "type": "Point", "coordinates": [ 123.8977452, 10.3072972 ] } },
{ "type": "Feature", "properties": { "id": 62072998, "lat": 10.2845474, "lon": 123.8598406, "amenity_type": "primary", "amenity": "Natalio Bacalso Avenue", "lgu": "Cebu City" }, "geometry": { "type": "Point", "coordinates": [ 123.8598406, 10.2845474 ] } },
{ "type": "Feature", "properties": { "id": 62103039, "lat": 10.3099583, "lon": 123.9036975, "amenity_type": "tertiary", "amenity": "General Echavez Street", "lgu": "Cebu City" }, "geometry": { "type": "Point", "coordinates": [ 123.9036975, 10.3099583 ] } },
{ "type": "Feature", "properties": { "id": 62103040, "lat": 10.3067472, "lon": 123.9025034, "amenity_type": "tertiary", "amenity": "General Echavez Street", "lgu": "Cebu City" }, "geometry": { "type": "Point", "coordinates": [ 123.9025034, 10.3067472 ] } },
{ "type": "Feature", "properties": { "id": 65423518, "lat": 10.379808, "lon": 123.8706048, "amenity_type": "primary", "amenity": "Cebu-Balamban Transcentral Highway", "lgu": "Cebu City" }, "geometry": { "type": "Point", "coordinates": [ 123.8706048, 10.379808 ] } },
{ "type": "Feature", "properties": { "id": 69364432, "lat": 10.3795831, "lon": 123.8641004, "amenity_type": "primary", "amenity": "Cebu-Balamban Transcentral Highway", "lgu": "Cebu City" }, "geometry": { "type": "Point", "coordinates": [ 123.8641004, 10.3795831 ] } },
{ "type": "Feature", "properties": { "id": 69364433, "lat": 10.3788848, "lon": 123.8674356, "amenity_type": "primary", "amenity": "Cebu-Balamban Transcentral Highway", "lgu": "Cebu City" }, "geometry": { "type": "Point", "coordinates": [ 123.8674356, 10.3788848 ] } },
{ "type": "Feature", "properties": { "id": 69364434, "lat": 10.3764427, "lon": 123.8566895, "amenity_type": "primary", "amenity": "Cebu-Balamban Transcentral Highway", "lgu": "Cebu City" }, "geometry": { "type": "Point", "coordinates": [ 123.8566895, 10.3764427 ] } },
{ "type": "Feature", "properties": { "id": 69364435, "lat": 10.3777609, "lon": 123.8606499, "amenity_type": "primary", "amenity": "Cebu-Balamban Transcentral Highway", "lgu": "Cebu City" }, "geometry": { "type": "Point", "coordinates": [ 123.8606499, 10.3777609 ] } },
{ "type": "Feature", "properties": { "id": 75612286, "lat": 10.2941228, "lon": 123.9054487, "amenity_type": "tertiary", "amenity": "Legaspi Extension", "lgu": "Cebu City" }, "geometry": { "type": "Point", "coordinates": [ 123.9054487, 10.2941228 ] } },
{ "type": "Feature", "properties": { "id": 76344245, "lat": 10.2974224, "lon": 123.9021025, "amenity_type": "tertiary", "amenity": "Dionisio Jakosalem Street", "lgu": "Cebu City" }, "geometry": { "type": "Point", "coordinates": [ 123.9021025, 10.2974224 ] } },
{ "type": "Feature", "properties": { "id": 76344246, "lat": 10.3002611, "lon": 123.9022923, "amenity_type": "tertiary", "amenity": "Bonifacio Street", "lgu": "Cebu City" }, "geometry": { "type": "Point", "coordinates": [ 123.9022923, 10.3002611 ] } },
{ "type": "Feature", "properties": { "id": 77592868, "lat": 10.3208512, "lon": 123.9246725, "amenity_type": "tertiary", "amenity": "S. O. Albaño Street", "lgu": "Cebu City" }, "geometry": { "type": "Point", "coordinates": [ 123.9246725, 10.3208512 ] } },
{ "type": "Feature", "properties": { "id": 77592871, "lat": 10.3128114, "lon": 123.9241022, "amenity_type": "trunk", "amenity": "Sergio Osmeña Avenue", "lgu": "Cebu City" }, "geometry": { "type": "Point", "coordinates": [ 123.9241022, 10.3128114 ] } },
{ "type": "Feature", "properties": { "id": 77593968, "lat": 10.2944533, "lon": 123.9049639, "amenity_type": "secondary", "amenity": "M.J. Cuenco Avenue", "lgu": "Cebu City" }, "geometry": { "type": "Point", "coordinates": [ 123.9049639, 10.2944533 ] } },
{ "type": "Feature", "properties": { "id": 77593969, "lat": 10.2951241, "lon": 123.9067204, "amenity_type": "trunk", "amenity": "Cebu South Coastal Road", "lgu": "Cebu City" }, "geometry": { "type": "Point", "coordinates": [ 123.9067204, 10.2951241 ] } },
{ "type": "Feature", "properties": { "id": 77593971, "lat": 10.2851832, "lon": 123.8865737, "amenity_type": "trunk", "amenity": "Cebu South Coastal Road", "lgu": "Cebu City" }, "geometry": { "type": "Point", "coordinates": [ 123.8865737, 10.2851832 ] } },
{ "type": "Feature", "properties": { "id": 77593972, "lat": 10.2797683, "lon": 123.8577594, "amenity_type": "tertiary", "amenity": "F. Jaca Street", "lgu": "Cebu City" }, "geometry": { "type": "Point", "coordinates": [ 123.8577594, 10.2797683 ] } },
{ "type": "Feature", "properties": { "id": 77593974, "lat": 10.2915924, "lon": 123.9032089, "amenity_type": "secondary", "amenity": "Cebu South Coastal Road", "lgu": "Cebu City" }, "geometry": { "type": "Point", "coordinates": [ 123.9032089, 10.2915924 ] } },
{ "type": "Feature", "properties": { "id": 77594022, "lat": 10.2980015, "lon": 123.9081145, "amenity_type": "trunk", "amenity": "Sergio Osmeña Avenue", "lgu": "Cebu City" }, "geometry": { "type": "Point", "coordinates": [ 123.9081145, 10.2980015 ] } },
{ "type": "Feature", "properties": { "id": 77594101, "lat": 10.3155589, "lon": 123.9275996, "amenity_type": "trunk", "amenity": "Ouano Avenue", "lgu": "Cebu City" }, "geometry": { "type": "Point", "coordinates": [ 123.9275996, 10.3155589 ] } },
{ "type": "Feature", "properties": { "id": 77594105, "lat": 10.2899664, "lon": 123.8991556, "amenity_type": "trunk", "amenity": "Cebu South Coastal Road", "lgu": "Cebu City" }, "geometry": { "type": "Point", "coordinates": [ 123.8991556, 10.2899664 ] } },
{ "type": "Feature", "properties": { "id": 77594106, "lat": 10.2925591, "lon": 123.9040281, "amenity_type": "trunk", "amenity": "Cebu South Coastal Road", "lgu": "Cebu City" }, "geometry": { "type": "Point", "coordinates": [ 123.9040281, 10.2925591 ] } },
{ "type": "Feature", "properties": { "id": 77594857, "lat": 10.3017829, "lon": 123.90155, "amenity_type": "primary", "amenity": "P. del Rosario Street", "lgu": "Cebu City" }, "geometry": { "type": "Point", "coordinates": [ 123.90155, 10.3017829 ] } },
{ "type": "Feature", "properties": { "id": 77594858, "lat": 10.3029487, "lon": 123.9028316, "amenity_type": "primary", "amenity": "Imus Avenue", "lgu": "Cebu City" }, "geometry": { "type": "Point", "coordinates": [ 123.9028316, 10.3029487 ] } },
{ "type": "Feature", "properties": { "id": 77594859, "lat": 10.3018336, "lon": 123.9022509, "amenity_type": "tertiary", "amenity": "Sikatuna Street", "lgu": "Cebu City" }, "geometry": { "type": "Point", "coordinates": [ 123.9022509, 10.3018336 ] } },
{ "type": "Feature", "properties": { "id": 77594863, "lat": 10.3047481, "lon": 123.894885, "amenity_type": "secondary", "amenity": "Osmeña Boulevard", "lgu": "Cebu City" }, "geometry": { "type": "Point", "coordinates": [ 123.894885, 10.3047481 ] } },
{ "type": "Feature", "properties": { "id": 77594864, "lat": 10.3017104, "lon": 123.9009163, "amenity_type": "primary", "amenity": "P. del Rosario Street", "lgu": "Cebu City" }, "geometry": { "type": "Point", "coordinates": [ 123.9009163, 10.3017104 ] } },
{ "type": "Feature", "properties": { "id": 77594865, "lat": 10.2983593, "lon": 123.9087954, "amenity_type": "tertiary", "amenity": "V. Sotto Street", "lgu": "Cebu City" }, "geometry": { "type": "Point", "coordinates": [ 123.9087954, 10.2983593 ] } },
{ "type": "Feature", "properties": { "id": 77594867, "lat": 10.2931567, "lon": 123.9072902, "amenity_type": "tertiary", "amenity": "Legaspi Extension", "lgu": "Cebu City" }, "geometry": { "type": "Point", "coordinates": [ 123.9072902, 10.2931567 ] } },
{ "type": "Feature", "properties": { "id": 77721333, "lat": 10.2887283, "lon": 123.8940683, "amenity_type": "trunk", "amenity": "Cebu South Coastal Road", "lgu": "Cebu City" }, "geometry": { "type": "Point", "coordinates": [ 123.8940683, 10.2887283 ] } },
{ "type": "Feature", "properties": { "id": 77721334, "lat": 10.2906698, "lon": 123.9006192, "amenity_type": "trunk", "amenity": "Cebu South Coastal Road", "lgu": "Cebu City" }, "geometry": { "type": "Point", "coordinates": [ 123.9006192, 10.2906698 ] } },
{ "type": "Feature", "properties": { "id": 78001733, "lat": 10.3030728, "lon": 123.8989548, "amenity_type": "tertiary", "amenity": "R.R. Landon Street", "lgu": "Cebu City" }, "geometry": { "type": "Point", "coordinates": [ 123.8989548, 10.3030728 ] } },
{ "type": "Feature", "properties": { "id": 78488744, "lat": 10.3016361, "lon": 123.9102634, "amenity_type": "tertiary", "amenity": "T. Padilla Street", "lgu": "Cebu City" }, "geometry": { "type": "Point", "coordinates": [ 123.9102634, 10.3016361 ] } },
{ "type": "Feature", "properties": { "id": 78490451, "lat": 10.296532, "lon": 123.8888877, "amenity_type": "tertiary", "amenity": "Vicente Rama Avenue", "lgu": "Cebu City" }, "geometry": { "type": "Point", "coordinates": [ 123.8888877, 10.296532 ] } },
{ "type": "Feature", "properties": { "id": 78603309, "lat": 10.2943519, "lon": 123.893663, "amenity_type": "secondary", "amenity": "Colon Street", "lgu": "Cebu City" }, "geometry": { "type": "Point", "coordinates": [ 123.893663, 10.2943519 ] } },
{ "type": "Feature", "properties": { "id": 78604781, "lat": 10.2960038, "lon": 123.9028255, "amenity_type": "tertiary", "amenity": "P. Gomez Street", "lgu": "Cebu City" }, "geometry": { "type": "Point", "coordinates": [ 123.9028255, 10.2960038 ] } },
{ "type": "Feature", "properties": { "id": 79474355, "lat": 10.2898987, "lon": 123.8759096, "amenity_type": "tertiary", "amenity": "L. Gabuya Street", "lgu": "Cebu City" }, "geometry": { "type": "Point", "coordinates": [ 123.8759096, 10.2898987 ] } },
{ "type": "Feature", "properties": { "id": 79587220, "lat": 10.3747941, "lon": 123.8508904, "amenity_type": "tertiary", "amenity": "Bonbon-Sudlon Road", "lgu": "Cebu City" }, "geometry": { "type": "Point", "coordinates": [ 123.8508904, 10.3747941 ] } },
{ "type": "Feature", "properties": { "id": 79885800, "lat": 10.2935511, "lon": 123.8679032, "amenity_type": "tertiary", "amenity": "E. Sabellano Street", "lgu": "Cebu City" }, "geometry": { "type": "Point", "coordinates": [ 123.8679032, 10.2935511 ] } },
{ "type": "Feature", "properties": { "id": 79886152, "lat": 10.3193841, "lon": 123.840306, "amenity_type": "tertiary", "amenity": "Buhisan Road", "lgu": "Cebu City" }, "geometry": { "type": "Point", "coordinates": [ 123.840306, 10.3193841 ] } },
{ "type": "Feature", "properties": { "id": 79886153, "lat": 10.311577, "lon": 123.8486496, "amenity_type": "tertiary", "amenity": "Buhisan Road", "lgu": "Cebu City" }, "geometry": { "type": "Point", "coordinates": [ 123.8486496, 10.311577 ] } },
{ "type": "Feature", "properties": { "id": 79886154, "lat": 10.3007979, "lon": 123.8737905, "amenity_type": "secondary", "amenity": "Katipunan Street", "lgu": "Cebu City" }, "geometry": { "type": "Point", "coordinates": [ 123.8737905, 10.3007979 ] } },
{ "type": "Feature", "properties": { "id": 79886163, "lat": 10.3313543, "lon": 123.8767267, "amenity_type": "tertiary", "amenity": "Sapangdaku Road", "lgu": "Cebu City" }, "geometry": { "type": "Point", "coordinates": [ 123.8767267, 10.3313543 ] } },
{ "type": "Feature", "properties": { "id": 80316061, "lat": 10.2973994, "lon": 123.8877011, "amenity_type": "secondary", "amenity": "Katipunan Street", "lgu": "Cebu City" }, "geometry": { "type": "Point", "coordinates": [ 123.8877011, 10.2973994 ] } },
{ "type": "Feature", "properties": { "id": 80316062, "lat": 10.297279, "lon": 123.8854578, "amenity_type": "secondary", "amenity": "Tres de Abril Street", "lgu": "Cebu City" }, "geometry": { "type": "Point", "coordinates": [ 123.8854578, 10.297279 ] } },
{ "type": "Feature", "properties": { "id": 80316633, "lat": 10.3197936, "lon": 123.9298959, "amenity_type": "secondary", "amenity": "E.O. Perez Street", "lgu": "Cebu City" }, "geometry": { "type": "Point", "coordinates": [ 123.9298959, 10.3197936 ] } },
{ "type": "Feature", "properties": { "id": 80316701, "lat": 10.3171335, "lon": 123.9284694, "amenity_type": "tertiary", "amenity": "F.F. Cruz Avenue", "lgu": "Cebu City" }, "geometry": { "type": "Point", "coordinates": [ 123.9284694, 10.3171335 ] } },
{ "type": "Feature", "properties": { "id": 80317125, "lat": 10.414558, "lon": 123.9165942, "amenity_type": "secondary", "amenity": "Agpasan-Binaliw-Cebu City Road", "lgu": "Cebu City" }, "geometry": { "type": "Point", "coordinates": [ 123.9165942, 10.414558 ] } },
{ "type": "Feature", "properties": { "id": 80317161, "lat": 10.3646559, "lon": 123.9307852, "amenity_type": "tertiary", "amenity": "Gregorio Suico Street", "lgu": "Cebu City" }, "geometry": { "type": "Point", "coordinates": [ 123.9307852, 10.3646559 ] } },
{ "type": "Feature", "properties": { "id": 80317162, "lat": 10.3612773, "lon": 123.9275898, "amenity_type": "tertiary", "amenity": "Gregorio Suico Street", "lgu": "Cebu City" }, "geometry": { "type": "Point", "coordinates": [ 123.9275898, 10.3612773 ] } },
{ "type": "Feature", "properties": { "id": 80318411, "lat": 10.3206129, "lon": 123.9107527, "amenity_type": "primary", "amenity": "Pope John Paul Ⅱ Avenue", "lgu": "Cebu City" }, "geometry": { "type": "Point", "coordinates": [ 123.9107527, 10.3206129 ] } },
{ "type": "Feature", "properties": { "id": 80318412, "lat": 10.320589, "lon": 123.9108113, "amenity_type": "secondary", "amenity": "Cardinal Rosales Avenue", "lgu": "Cebu City" }, "geometry": { "type": "Point", "coordinates": [ 123.9108113, 10.320589 ] } },
{ "type": "Feature", "properties": { "id": 80318413, "lat": 10.3191517, "lon": 123.9085951, "amenity_type": "secondary", "amenity": "Cardinal Rosales Avenue", "lgu": "Cebu City" }, "geometry": { "type": "Point", "coordinates": [ 123.9085951, 10.3191517 ] } },
{ "type": "Feature", "properties": { "id": 80318416, "lat": 10.3257367, "lon": 123.9076166, "amenity_type": "primary", "amenity": "Pope John Paul Ⅱ Avenue", "lgu": "Cebu City" }, "geometry": { "type": "Point", "coordinates": [ 123.9076166, 10.3257367 ] } },
{ "type": "Feature", "properties": { "id": 80318417, "lat": 10.3258629, "lon": 123.9075312, "amenity_type": "primary", "amenity": "Pope John Paul Ⅱ Avenue", "lgu": "Cebu City" }, "geometry": { "type": "Point", "coordinates": [ 123.9075312, 10.3258629 ] } },
{ "type": "Feature", "properties": { "id": 80318418, "lat": 10.3259798, "lon": 123.9077453, "amenity_type": "secondary", "amenity": "Governor M. Cuenco Avenue", "lgu": "Cebu City" }, "geometry": { "type": "Point", "coordinates": [ 123.9077453, 10.3259798 ] } },
{ "type": "Feature", "properties": { "id": 80318419, "lat": 10.3259116, "lon": 123.9075856, "amenity_type": "primary", "amenity": "Pope John Paul Ⅱ Avenue", "lgu": "Cebu City" }, "geometry": { "type": "Point", "coordinates": [ 123.9075856, 10.3259116 ] } },
{ "type": "Feature", "properties": { "id": 80318420, "lat": 10.3123914, "lon": 123.9161999, "amenity_type": "secondary", "amenity": "A. Soriano Jr. Avenue", "lgu": "Cebu City" }, "geometry": { "type": "Point", "coordinates": [ 123.9161999, 10.3123914 ] } },
{ "type": "Feature", "properties": { "id": 80318422, "lat": 10.2911512, "lon": 123.8772797, "amenity_type": "secondary", "amenity": "F. Vestil Street", "lgu": "Cebu City" }, "geometry": { "type": "Point", "coordinates": [ 123.8772797, 10.2911512 ] } },
{ "type": "Feature", "properties": { "id": 80318423, "lat": 10.2910843, "lon": 123.8771833, "amenity_type": "secondary", "amenity": "F. Vestil Street", "lgu": "Cebu City" }, "geometry": { "type": "Point", "coordinates": [ 123.8771833, 10.2910843 ] } },
{ "type": "Feature", "properties": { "id": 80318424, "lat": 10.2894694, "lon": 123.8689407, "amenity_type": "primary", "amenity": "Mambaling Underpass", "lgu": "Cebu City" }, "geometry": { "type": "Point", "coordinates": [ 123.8689407, 10.2894694 ] } },
{ "type": "Feature", "properties": { "id": 80318425, "lat": 10.28989, "lon": 123.871849, "amenity_type": "secondary", "amenity": "Natalio Bacalso Avenue", "lgu": "Cebu City" }, "geometry": { "type": "Point", "coordinates": [ 123.871849, 10.28989 ] } },
{ "type": "Feature", "properties": { "id": 80318427, "lat": 10.2812458, "lon": 123.8569048, "amenity_type": "primary", "amenity": "Natalio Bacalso Avenue", "lgu": "Cebu City" }, "geometry": { "type": "Point", "coordinates": [ 123.8569048, 10.2812458 ] } },
{ "type": "Feature", "properties": { "id": 80318428, "lat": 10.2983123, "lon": 123.8920879, "amenity_type": "primary", "amenity": "Natalio Bacalso Avenue", "lgu": "Cebu City" }, "geometry": { "type": "Point", "coordinates": [ 123.8920879, 10.2983123 ] } },
{ "type": "Feature", "properties": { "id": 80318459, "lat": 10.3169868, "lon": 123.9130683, "amenity_type": "primary", "amenity": "Pope John Paul Ⅱ Avenue", "lgu": "Cebu City" }, "geometry": { "type": "Point", "coordinates": [ 123.9130683, 10.3169868 ] } },
{ "type": "Feature", "properties": { "id": 80318460, "lat": 10.3088282, "lon": 123.9190898, "amenity_type": "primary", "amenity": "Juan Luna Avenue", "lgu": "Cebu City" }, "geometry": { "type": "Point", "coordinates": [ 123.9190898, 10.3088282 ] } },
{ "type": "Feature", "properties": { "id": 80318461, "lat": 10.3137837, "lon": 123.9149994, "amenity_type": "primary", "amenity": "Juan Luna Avenue", "lgu": "Cebu City" }, "geometry": { "type": "Point", "coordinates": [ 123.9149994, 10.3137837 ] } },
{ "type": "Feature", "properties": { "id": 80318463, "lat": 10.3175766, "lon": 123.9126669, "amenity_type": "tertiary", "amenity": "S. Cabahug Street", "lgu": "Cebu City" }, "geometry": { "type": "Point", "coordinates": [ 123.9126669, 10.3175766 ] } },
{ "type": "Feature", "properties": { "id": 80394555, "lat": 10.3205826, "lon": 123.91558, "amenity_type": "tertiary", "amenity": "S. Cabahug Street", "lgu": "Cebu City" }, "geometry": { "type": "Point", "coordinates": [ 123.91558, 10.3205826 ] } },
{ "type": "Feature", "properties": { "id": 80396246, "lat": 10.3158846, "lon": 123.929464, "amenity_type": "tertiary", "amenity": "F.F. Cruz Avenue", "lgu": "Cebu City" }, "geometry": { "type": "Point", "coordinates": [ 123.929464, 10.3158846 ] } },
{ "type": "Feature", "properties": { "id": 80675938, "lat": 10.2936042, "lon": 123.9067286, "amenity_type": "tertiary", "amenity": "Legaspi Extension", "lgu": "Cebu City" }, "geometry": { "type": "Point", "coordinates": [ 123.9067286, 10.2936042 ] } },
{ "type": "Feature", "properties": { "id": 80675939, "lat": 10.2932428, "lon": 123.9073714, "amenity_type": "tertiary", "amenity": "Legaspi Extension", "lgu": "Cebu City" }, "geometry": { "type": "Point", "coordinates": [ 123.9073714, 10.2932428 ] } },
{ "type": "Feature", "properties": { "id": 80675940, "lat": 10.2950706, "lon": 123.9065589, "amenity_type": "tertiary", "amenity": "Sergio Osmeña Avenue", "lgu": "Cebu City" }, "geometry": { "type": "Point", "coordinates": [ 123.9065589, 10.2950706 ] } },
{ "type": "Feature", "properties": { "id": 80675941, "lat": 10.2938427, "lon": 123.9061512, "amenity_type": "tertiary", "amenity": "Sergio Osmeña Avenue", "lgu": "Cebu City" }, "geometry": { "type": "Point", "coordinates": [ 123.9061512, 10.2938427 ] } },
{ "type": "Feature", "properties": { "id": 80675985, "lat": 10.2949873, "lon": 123.9067074, "amenity_type": "tertiary", "amenity": "Sergio Osmeña Avenue", "lgu": "Cebu City" }, "geometry": { "type": "Point", "coordinates": [ 123.9067074, 10.2949873 ] } },
{ "type": "Feature", "properties": { "id": 81344512, "lat": 10.4229371, "lon": 123.8984222, "amenity_type": "tertiary", "amenity": "Unnamed road corridor", "lgu": "Cebu City" }, "geometry": { "type": "Point", "coordinates": [ 123.8984222, 10.4229371 ] } },
{ "type": "Feature", "properties": { "id": 81344549, "lat": 10.331607, "lon": 123.8800288, "amenity_type": "tertiary", "amenity": "Unnamed road corridor", "lgu": "Cebu City" }, "geometry": { "type": "Point", "coordinates": [ 123.8800288, 10.331607 ] } },
{ "type": "Feature", "properties": { "id": 81345477, "lat": 10.3387262, "lon": 123.8799921, "amenity_type": "tertiary", "amenity": "CPDRC", "lgu": "Cebu City" }, "geometry": { "type": "Point", "coordinates": [ 123.8799921, 10.3387262 ] } },
{ "type": "Feature", "properties": { "id": 81459171, "lat": 10.4052312, "lon": 123.9255062, "amenity_type": "tertiary", "amenity": "Unnamed road corridor", "lgu": "Cebu City" }, "geometry": { "type": "Point", "coordinates": [ 123.9255062, 10.4052312 ] } },
{ "type": "Feature", "properties": { "id": 81459448, "lat": 10.3707668, "lon": 123.9030769, "amenity_type": "tertiary", "amenity": "Budlaan Road", "lgu": "Cebu City" }, "geometry": { "type": "Point", "coordinates": [ 123.9030769, 10.3707668 ] } },
{ "type": "Feature", "properties": { "id": 82162374, "lat": 10.2946635, "lon": 123.9050779, "amenity_type": "secondary", "amenity": "M.J. Cuenco Avenue", "lgu": "Cebu City" }, "geometry": { "type": "Point", "coordinates": [ 123.9050779, 10.2946635 ] } },
{ "type": "Feature", "properties": { "id": 82162375, "lat": 10.2941531, "lon": 123.900168, "amenity_type": "tertiary", "amenity": "Magallanes Street", "lgu": "Cebu City" }, "geometry": { "type": "Point", "coordinates": [ 123.900168, 10.2941531 ] } },
{ "type": "Feature", "properties": { "id": 82162396, "lat": 10.2981922, "lon": 123.9037033, "amenity_type": "secondary", "amenity": "Mabini Street", "lgu": "Cebu City" }, "geometry": { "type": "Point", "coordinates": [ 123.9037033, 10.2981922 ] } },
{ "type": "Feature", "properties": { "id": 82172582, "lat": 10.2924891, "lon": 123.9026414, "amenity_type": "tertiary", "amenity": "M.C. Briones Street", "lgu": "Cebu City" }, "geometry": { "type": "Point", "coordinates": [ 123.9026414, 10.2924891 ] } },
{ "type": "Feature", "properties": { "id": 82172584, "lat": 10.29397, "lon": 123.9059207, "amenity_type": "tertiary", "amenity": "Sergio Osmeña Avenue", "lgu": "Cebu City" }, "geometry": { "type": "Point", "coordinates": [ 123.9059207, 10.29397 ] } },
{ "type": "Feature", "properties": { "id": 82487162, "lat": 10.3087737, "lon": 123.8906612, "amenity_type": "secondary", "amenity": "B. Rodriguez Street", "lgu": "Cebu City" }, "geometry": { "type": "Point", "coordinates": [ 123.8906612, 10.3087737 ] } },
{ "type": "Feature", "properties": { "id": 82487339, "lat": 10.3084285, "lon": 123.8954491, "amenity_type": "tertiary", "amenity": "F. Ramos Street", "lgu": "Cebu City" }, "geometry": { "type": "Point", "coordinates": [ 123.8954491, 10.3084285 ] } },
{ "type": "Feature", "properties": { "id": 82487340, "lat": 10.3099278, "lon": 123.8939444, "amenity_type": "secondary", "amenity": "General Maxilom Avenue", "lgu": "Cebu City" }, "geometry": { "type": "Point", "coordinates": [ 123.8939444, 10.3099278 ] } },
{ "type": "Feature", "properties": { "id": 82487341, "lat": 10.3098762, "lon": 123.8942343, "amenity_type": "secondary", "amenity": "General Maxilom Avenue", "lgu": "Cebu City" }, "geometry": { "type": "Point", "coordinates": [ 123.8942343, 10.3098762 ] } },
{ "type": "Feature", "properties": { "id": 82487342, "lat": 10.3130602, "lon": 123.8920642, "amenity_type": "secondary", "amenity": "Osmeña Boulevard", "lgu": "Cebu City" }, "geometry": { "type": "Point", "coordinates": [ 123.8920642, 10.3130602 ] } },
{ "type": "Feature", "properties": { "id": 82487361, "lat": 10.3174596, "lon": 123.8943791, "amenity_type": "secondary", "amenity": "N. Escario Street", "lgu": "Cebu City" }, "geometry": { "type": "Point", "coordinates": [ 123.8943791, 10.3174596 ] } },
{ "type": "Feature", "properties": { "id": 82487363, "lat": 10.317808, "lon": 123.8962908, "amenity_type": "secondary", "amenity": "N. Escario Street", "lgu": "Cebu City" }, "geometry": { "type": "Point", "coordinates": [ 123.8962908, 10.317808 ] } },
{ "type": "Feature", "properties": { "id": 83672930, "lat": 10.3286016, "lon": 123.897239, "amenity_type": "tertiary", "amenity": "Sudlon", "lgu": "Cebu City" }, "geometry": { "type": "Point", "coordinates": [ 123.897239, 10.3286016 ] } },
{ "type": "Feature", "properties": { "id": 83672931, "lat": 10.3302998, "lon": 123.8918484, "amenity_type": "tertiary", "amenity": "Justice Street", "lgu": "Cebu City" }, "geometry": { "type": "Point", "coordinates": [ 123.8918484, 10.3302998 ] } },
{ "type": "Feature", "properties": { "id": 85131865, "lat": 10.3128817, "lon": 123.9157087, "amenity_type": "primary", "amenity": "Juan Luna Avenue", "lgu": "Cebu City" }, "geometry": { "type": "Point", "coordinates": [ 123.9157087, 10.3128817 ] } },
{ "type": "Feature", "properties": { "id": 85131876, "lat": 10.3132939, "lon": 123.9154812, "amenity_type": "primary", "amenity": "Juan Luna Avenue", "lgu": "Cebu City" }, "geometry": { "type": "Point", "coordinates": [ 123.9154812, 10.3132939 ] } },
{ "type": "Feature", "properties": { "id": 85131937, "lat": 10.3132272, "lon": 123.9154075, "amenity_type": "primary", "amenity": "Juan Luna Avenue", "lgu": "Cebu City" }, "geometry": { "type": "Point", "coordinates": [ 123.9154075, 10.3132272 ] } },
{ "type": "Feature", "properties": { "id": 85131947, "lat": 10.3138348, "lon": 123.9150722, "amenity_type": "primary", "amenity": "Juan Luna Avenue", "lgu": "Cebu City" }, "geometry": { "type": "Point", "coordinates": [ 123.9150722, 10.3138348 ] } },
{ "type": "Feature", "properties": { "id": 93553707, "lat": 10.3610167, "lon": 123.9273161, "amenity_type": "tertiary", "amenity": "Elias Cortes Street", "lgu": "Cebu City" }, "geometry": { "type": "Point", "coordinates": [ 123.9273161, 10.3610167 ] } },
{ "type": "Feature", "properties": { "id": 93553709, "lat": 10.3971915, "lon": 123.9166881, "amenity_type": "tertiary", "amenity": "Unnamed road corridor", "lgu": "Cebu City" }, "geometry": { "type": "Point", "coordinates": [ 123.9166881, 10.3971915 ] } },
{ "type": "Feature", "properties": { "id": 93553710, "lat": 10.3968474, "lon": 123.9192929, "amenity_type": "tertiary", "amenity": "Unnamed road corridor", "lgu": "Cebu City" }, "geometry": { "type": "Point", "coordinates": [ 123.9192929, 10.3968474 ] } },
{ "type": "Feature", "properties": { "id": 93553711, "lat": 10.3951389, "lon": 123.9213223, "amenity_type": "secondary", "amenity": "Bacayan - Pit-os Road", "lgu": "Cebu City" }, "geometry": { "type": "Point", "coordinates": [ 123.9213223, 10.3951389 ] } },
{ "type": "Feature", "properties": { "id": 93553712, "lat": 10.3798363, "lon": 123.9205545, "amenity_type": "secondary", "amenity": "Miñoza Street", "lgu": "Cebu City" }, "geometry": { "type": "Point", "coordinates": [ 123.9205545, 10.3798363 ] } },
{ "type": "Feature", "properties": { "id": 94057148, "lat": 10.2942631, "lon": 123.8999879, "amenity_type": "tertiary", "amenity": "Plaridel Street", "lgu": "Cebu City" }, "geometry": { "type": "Point", "coordinates": [ 123.8999879, 10.2942631 ] } },
{ "type": "Feature", "properties": { "id": 94057150, "lat": 10.2955763, "lon": 123.8980015, "amenity_type": "tertiary", "amenity": "P. Lopez Street", "lgu": "Cebu City" }, "geometry": { "type": "Point", "coordinates": [ 123.8980015, 10.2955763 ] } },
{ "type": "Feature", "properties": { "id": 94057151, "lat": 10.2960049, "lon": 123.8916978, "amenity_type": "tertiary", "amenity": "Sanciangko Street", "lgu": "Cebu City" }, "geometry": { "type": "Point", "coordinates": [ 123.8916978, 10.2960049 ] } },
{ "type": "Feature", "properties": { "id": 94057152, "lat": 10.2960878, "lon": 123.8918498, "amenity_type": "tertiary", "amenity": "Sanciangko Street", "lgu": "Cebu City" }, "geometry": { "type": "Point", "coordinates": [ 123.8918498, 10.2960878 ] } },
{ "type": "Feature", "properties": { "id": 94057153, "lat": 10.2939023, "lon": 123.8948391, "amenity_type": "tertiary", "amenity": "Panganiban Street", "lgu": "Cebu City" }, "geometry": { "type": "Point", "coordinates": [ 123.8948391, 10.2939023 ] } },
{ "type": "Feature", "properties": { "id": 94057155, "lat": 10.2943421, "lon": 123.8907523, "amenity_type": "tertiary", "amenity": "T. Abella Street", "lgu": "Cebu City" }, "geometry": { "type": "Point", "coordinates": [ 123.8907523, 10.2943421 ] } },
{ "type": "Feature", "properties": { "id": 94057156, "lat": 10.2956506, "lon": 123.8904084, "amenity_type": "tertiary", "amenity": "T. Abella Street", "lgu": "Cebu City" }, "geometry": { "type": "Point", "coordinates": [ 123.8904084, 10.2956506 ] } },
{ "type": "Feature", "properties": { "id": 94057159, "lat": 10.2961109, "lon": 123.8910801, "amenity_type": "tertiary", "amenity": "Tres de Abril Street", "lgu": "Cebu City" }, "geometry": { "type": "Point", "coordinates": [ 123.8910801, 10.2961109 ] } },
{ "type": "Feature", "properties": { "id": 94079766, "lat": 10.291193, "lon": 123.8976026, "amenity_type": "tertiary", "amenity": "Escaño Street", "lgu": "Cebu City" }, "geometry": { "type": "Point", "coordinates": [ 123.8976026, 10.291193 ] } },
{ "type": "Feature", "properties": { "id": 94079773, "lat": 10.2922589, "lon": 123.9020783, "amenity_type": "tertiary", "amenity": "P. Burgos Street", "lgu": "Cebu City" }, "geometry": { "type": "Point", "coordinates": [ 123.9020783, 10.2922589 ] } },
{ "type": "Feature", "properties": { "id": 94079775, "lat": 10.2920085, "lon": 123.9001493, "amenity_type": "tertiary", "amenity": "F. Gonzales Street", "lgu": "Cebu City" }, "geometry": { "type": "Point", "coordinates": [ 123.9001493, 10.2920085 ] } },
{ "type": "Feature", "properties": { "id": 94079838, "lat": 10.2955593, "lon": 123.8922702, "amenity_type": "tertiary", "amenity": "Tres de Abril Street", "lgu": "Cebu City" }, "geometry": { "type": "Point", "coordinates": [ 123.8922702, 10.2955593 ] } },
{ "type": "Feature", "properties": { "id": 94079843, "lat": 10.295479, "lon": 123.8917155, "amenity_type": "tertiary", "amenity": "Lakandula Street", "lgu": "Cebu City" }, "geometry": { "type": "Point", "coordinates": [ 123.8917155, 10.295479 ] } },
{ "type": "Feature", "properties": { "id": 94079850, "lat": 10.2946508, "lon": 123.8887122, "amenity_type": "tertiary", "amenity": "B. Aranas Street", "lgu": "Cebu City" }, "geometry": { "type": "Point", "coordinates": [ 123.8887122, 10.2946508 ] } },
{ "type": "Feature", "properties": { "id": 94079871, "lat": 10.2965161, "lon": 123.8861356, "amenity_type": "tertiary", "amenity": "Tres de Abril Street", "lgu": "Cebu City" }, "geometry": { "type": "Point", "coordinates": [ 123.8861356, 10.2965161 ] } },
{ "type": "Feature", "properties": { "id": 94079954, "lat": 10.2935928, "lon": 123.8942306, "amenity_type": "tertiary", "amenity": "Tres de Abril Street", "lgu": "Cebu City" }, "geometry": { "type": "Point", "coordinates": [ 123.8942306, 10.2935928 ] } },
{ "type": "Feature", "properties": { "id": 94079960, "lat": 10.2955557, "lon": 123.8898352, "amenity_type": "tertiary", "amenity": "Vicente Rama Avenue", "lgu": "Cebu City" }, "geometry": { "type": "Point", "coordinates": [ 123.8898352, 10.2955557 ] } },
{ "type": "Feature", "properties": { "id": 94079974, "lat": 10.2987191, "lon": 123.8879716, "amenity_type": "tertiary", "amenity": "J. Alcantara Street", "lgu": "Cebu City" }, "geometry": { "type": "Point", "coordinates": [ 123.8879716, 10.2987191 ] } },
{ "type": "Feature", "properties": { "id": 94080156, "lat": 10.3004204, "lon": 123.8935494, "amenity_type": "tertiary", "amenity": "J. Urgello Street", "lgu": "Cebu City" }, "geometry": { "type": "Point", "coordinates": [ 123.8935494, 10.3004204 ] } },
{ "type": "Feature", "properties": { "id": 94080239, "lat": 10.3052494, "lon": 123.8938116, "amenity_type": "tertiary", "amenity": "V. Urgello Street", "lgu": "Cebu City" }, "geometry": { "type": "Point", "coordinates": [ 123.8938116, 10.3052494 ] } },
{ "type": "Feature", "properties": { "id": 94080405, "lat": 10.3047736, "lon": 123.8982269, "amenity_type": "tertiary", "amenity": "F. Ramos Street", "lgu": "Cebu City" }, "geometry": { "type": "Point", "coordinates": [ 123.8982269, 10.3047736 ] } },
{ "type": "Feature", "properties": { "id": 94080468, "lat": 10.3074334, "lon": 123.8993133, "amenity_type": "tertiary", "amenity": "V. Ranudo Street", "lgu": "Cebu City" }, "geometry": { "type": "Point", "coordinates": [ 123.8993133, 10.3074334 ] } },
{ "type": "Feature", "properties": { "id": 94080775, "lat": 10.3047603, "lon": 123.9041748, "amenity_type": "primary", "amenity": "Imus Avenue", "lgu": "Cebu City" }, "geometry": { "type": "Point", "coordinates": [ 123.9041748, 10.3047603 ] } },
{ "type": "Feature", "properties": { "id": 94080778, "lat": 10.3040611, "lon": 123.9034878, "amenity_type": "primary", "amenity": "Imus Avenue", "lgu": "Cebu City" }, "geometry": { "type": "Point", "coordinates": [ 123.9034878, 10.3040611 ] } },
{ "type": "Feature", "properties": { "id": 94080796, "lat": 10.3021946, "lon": 123.9021507, "amenity_type": "primary", "amenity": "Imus Avenue", "lgu": "Cebu City" }, "geometry": { "type": "Point", "coordinates": [ 123.9021507, 10.3021946 ] } },
{ "type": "Feature", "properties": { "id": 94080798, "lat": 10.3039801, "lon": 123.9035955, "amenity_type": "primary", "amenity": "Imus Avenue", "lgu": "Cebu City" }, "geometry": { "type": "Point", "coordinates": [ 123.9035955, 10.3039801 ] } },
{ "type": "Feature", "properties": { "id": 94080966, "lat": 10.2954696, "lon": 123.9009741, "amenity_type": "tertiary", "amenity": "Plaridel Extension", "lgu": "Cebu City" }, "geometry": { "type": "Point", "coordinates": [ 123.9009741, 10.2954696 ] } },
{ "type": "Feature", "properties": { "id": 94080969, "lat": 10.2949007, "lon": 123.9042688, "amenity_type": "tertiary", "amenity": "Lapu-Lapu Street", "lgu": "Cebu City" }, "geometry": { "type": "Point", "coordinates": [ 123.9042688, 10.2949007 ] } },
{ "type": "Feature", "properties": { "id": 94081019, "lat": 10.2957663, "lon": 123.9051208, "amenity_type": "tertiary", "amenity": "Jereza Street", "lgu": "Cebu City" }, "geometry": { "type": "Point", "coordinates": [ 123.9051208, 10.2957663 ] } },
{ "type": "Feature", "properties": { "id": 94081130, "lat": 10.2917787, "lon": 123.9015615, "amenity_type": "tertiary", "amenity": "M.L. Quezon Boulevard", "lgu": "Cebu City" }, "geometry": { "type": "Point", "coordinates": [ 123.9015615, 10.2917787 ] } },
{ "type": "Feature", "properties": { "id": 94081403, "lat": 10.3080798, "lon": 123.8885873, "amenity_type": "secondary", "amenity": "B. Rodriguez Street", "lgu": "Cebu City" }, "geometry": { "type": "Point", "coordinates": [ 123.8885873, 10.3080798 ] } },
{ "type": "Feature", "properties": { "id": 94081414, "lat": 10.3082952, "lon": 123.8898066, "amenity_type": "secondary", "amenity": "B. Rodriguez Street", "lgu": "Cebu City" }, "geometry": { "type": "Point", "coordinates": [ 123.8898066, 10.3082952 ] } },
{ "type": "Feature", "properties": { "id": 94081417, "lat": 10.3080201, "lon": 123.8875496, "amenity_type": "secondary", "amenity": "B. Rodriguez Street", "lgu": "Cebu City" }, "geometry": { "type": "Point", "coordinates": [ 123.8875496, 10.3080201 ] } },
{ "type": "Feature", "properties": { "id": 94081421, "lat": 10.3080117, "lon": 123.8885915, "amenity_type": "secondary", "amenity": "B. Rodriguez Street", "lgu": "Cebu City" }, "geometry": { "type": "Point", "coordinates": [ 123.8885915, 10.3080117 ] } },
{ "type": "Feature", "properties": { "id": 94081428, "lat": 10.2996028, "lon": 123.8925787, "amenity_type": "tertiary", "amenity": "J. Alcantara Street", "lgu": "Cebu City" }, "geometry": { "type": "Point", "coordinates": [ 123.8925787, 10.2996028 ] } },
{ "type": "Feature", "properties": { "id": 94081431, "lat": 10.2989169, "lon": 123.8881964, "amenity_type": "tertiary", "amenity": "J. Alcantara Street", "lgu": "Cebu City" }, "geometry": { "type": "Point", "coordinates": [ 123.8881964, 10.2989169 ] } },
{ "type": "Feature", "properties": { "id": 94081438, "lat": 10.2973585, "lon": 123.8898697, "amenity_type": "primary", "amenity": "Natalio Bacalso Avenue", "lgu": "Cebu City" }, "geometry": { "type": "Point", "coordinates": [ 123.8898697, 10.2973585 ] } },
{ "type": "Feature", "properties": { "id": 94081443, "lat": 10.2974312, "lon": 123.8895197, "amenity_type": "primary", "amenity": "Natalio Bacalso Avenue", "lgu": "Cebu City" }, "geometry": { "type": "Point", "coordinates": [ 123.8895197, 10.2974312 ] } },
{ "type": "Feature", "properties": { "id": 94081448, "lat": 10.2973384, "lon": 123.8886097, "amenity_type": "primary", "amenity": "Natalio Bacalso Avenue", "lgu": "Cebu City" }, "geometry": { "type": "Point", "coordinates": [ 123.8886097, 10.2973384 ] } },
{ "type": "Feature", "properties": { "id": 94081453, "lat": 10.2973159, "lon": 123.8895936, "amenity_type": "primary", "amenity": "Natalio Bacalso Avenue", "lgu": "Cebu City" }, "geometry": { "type": "Point", "coordinates": [ 123.8895936, 10.2973159 ] } },
{ "type": "Feature", "properties": { "id": 94081459, "lat": 10.2944369, "lon": 123.8938945, "amenity_type": "secondary", "amenity": "Colon Street", "lgu": "Cebu City" }, "geometry": { "type": "Point", "coordinates": [ 123.8938945, 10.2944369 ] } },
{ "type": "Feature", "properties": { "id": 94498648, "lat": 10.3147602, "lon": 123.8941546, "amenity_type": "tertiary", "amenity": "Juana Osmeña Street", "lgu": "Cebu City" }, "geometry": { "type": "Point", "coordinates": [ 123.8941546, 10.3147602 ] } },
{ "type": "Feature", "properties": { "id": 94498661, "lat": 10.315394, "lon": 123.893142, "amenity_type": "tertiary", "amenity": "Don Jose Avila Street", "lgu": "Cebu City" }, "geometry": { "type": "Point", "coordinates": [ 123.893142, 10.315394 ] } },
{ "type": "Feature", "properties": { "id": 94498668, "lat": 10.3133881, "lon": 123.8932744, "amenity_type": "tertiary", "amenity": "M.P. Yap Street", "lgu": "Cebu City" }, "geometry": { "type": "Point", "coordinates": [ 123.8932744, 10.3133881 ] } },
{ "type": "Feature", "properties": { "id": 94498670, "lat": 10.3147701, "lon": 123.8913414, "amenity_type": "tertiary", "amenity": "Don Jose Avila Street", "lgu": "Cebu City" }, "geometry": { "type": "Point", "coordinates": [ 123.8913414, 10.3147701 ] } },
{ "type": "Feature", "properties": { "id": 95047094, "lat": 10.3323714, "lon": 123.8967409, "amenity_type": "tertiary", "amenity": "Salinas Drive Extension", "lgu": "Cebu City" }, "geometry": { "type": "Point", "coordinates": [ 123.8967409, 10.3323714 ] } },
{ "type": "Feature", "properties": { "id": 95047096, "lat": 10.3339351, "lon": 123.8946197, "amenity_type": "tertiary", "amenity": "Salinas Drive Extension", "lgu": "Cebu City" }, "geometry": { "type": "Point", "coordinates": [ 123.8946197, 10.3339351 ] } },
{ "type": "Feature", "properties": { "id": 95047140, "lat": 10.3180435, "lon": 123.9132825, "amenity_type": "tertiary", "amenity": "S. Cabahug Street", "lgu": "Cebu City" }, "geometry": { "type": "Point", "coordinates": [ 123.9132825, 10.3180435 ] } },
{ "type": "Feature", "properties": { "id": 95047144, "lat": 10.322079, "lon": 123.9149929, "amenity_type": "tertiary", "amenity": "President Roxas Street", "lgu": "Cebu City" }, "geometry": { "type": "Point", "coordinates": [ 123.9149929, 10.322079 ] } },
{ "type": "Feature", "properties": { "id": 95188447, "lat": 10.329397, "lon": 123.8906679, "amenity_type": "tertiary", "amenity": "Justice Street", "lgu": "Cebu City" }, "geometry": { "type": "Point", "coordinates": [ 123.8906679, 10.329397 ] } },
{ "type": "Feature", "properties": { "id": 95188464, "lat": 10.3269942, "lon": 123.8889754, "amenity_type": "tertiary", "amenity": "Unnamed road corridor", "lgu": "Cebu City" }, "geometry": { "type": "Point", "coordinates": [ 123.8889754, 10.3269942 ] } },
{ "type": "Feature", "properties": { "id": 95188469, "lat": 10.3307492, "lon": 123.8851389, "amenity_type": "tertiary", "amenity": "Unnamed road corridor", "lgu": "Cebu City" }, "geometry": { "type": "Point", "coordinates": [ 123.8851389, 10.3307492 ] } },
{ "type": "Feature", "properties": { "id": 95188470, "lat": 10.3285839, "lon": 123.8896912, "amenity_type": "tertiary", "amenity": "Villalon Drive", "lgu": "Cebu City" }, "geometry": { "type": "Point", "coordinates": [ 123.8896912, 10.3285839 ] } },
{ "type": "Feature", "properties": { "id": 95188475, "lat": 10.3283584, "lon": 123.8897162, "amenity_type": "tertiary", "amenity": "Unnamed road corridor", "lgu": "Cebu City" }, "geometry": { "type": "Point", "coordinates": [ 123.8897162, 10.3283584 ] } },
{ "type": "Feature", "properties": { "id": 95188555, "lat": 10.3349693, "lon": 123.8931967, "amenity_type": "tertiary", "amenity": "Salinas Drive Extension", "lgu": "Cebu City" }, "geometry": { "type": "Point", "coordinates": [ 123.8931967, 10.3349693 ] } },
{ "type": "Feature", "properties": { "id": 95188644, "lat": 10.3429457, "lon": 123.8896519, "amenity_type": "tertiary", "amenity": "Unnamed road corridor", "lgu": "Cebu City" }, "geometry": { "type": "Point", "coordinates": [ 123.8896519, 10.3429457 ] } },
{ "type": "Feature", "properties": { "id": 95188646, "lat": 10.342177, "lon": 123.8891894, "amenity_type": "tertiary", "amenity": "Salinas Drive Extension", "lgu": "Cebu City" }, "geometry": { "type": "Point", "coordinates": [ 123.8891894, 10.342177 ] } },
{ "type": "Feature", "properties": { "id": 95196988, "lat": 10.3271909, "lon": 123.9208965, "amenity_type": "secondary", "amenity": "F. Cabahug Street", "lgu": "Cebu City" }, "geometry": { "type": "Point", "coordinates": [ 123.9208965, 10.3271909 ] } },
{ "type": "Feature", "properties": { "id": 95196993, "lat": 10.3244685, "lon": 123.9167446, "amenity_type": "secondary", "amenity": "F. Cabahug Street", "lgu": "Cebu City" }, "geometry": { "type": "Point", "coordinates": [ 123.9167446, 10.3244685 ] } },
{ "type": "Feature", "properties": { "id": 95484664, "lat": 10.295968, "lon": 123.9077972, "amenity_type": "tertiary", "amenity": "Unnamed road corridor", "lgu": "Cebu City" }, "geometry": { "type": "Point", "coordinates": [ 123.9077972, 10.295968 ] } },
{ "type": "Feature", "properties": { "id": 95484666, "lat": 10.3089066, "lon": 123.9191823, "amenity_type": "primary", "amenity": "Juan Luna Avenue", "lgu": "Cebu City" }, "geometry": { "type": "Point", "coordinates": [ 123.9191823, 10.3089066 ] } },
{ "type": "Feature", "properties": { "id": 95484702, "lat": 10.31349, "lon": 123.9276512, "amenity_type": "tertiary", "amenity": "Doctor F.E. Zuellig Avenue", "lgu": "Cebu City" }, "geometry": { "type": "Point", "coordinates": [ 123.9276512, 10.31349 ] } },
{ "type": "Feature", "properties": { "id": 95484703, "lat": 10.3135793, "lon": 123.9275772, "amenity_type": "tertiary", "amenity": "Doctor F.E. Zuellig Avenue", "lgu": "Cebu City" }, "geometry": { "type": "Point", "coordinates": [ 123.9275772, 10.3135793 ] } },
{ "type": "Feature", "properties": { "id": 95484704, "lat": 10.3220186, "lon": 123.9302269, "amenity_type": "tertiary", "amenity": "F.F. Cruz Avenue", "lgu": "Cebu City" }, "geometry": { "type": "Point", "coordinates": [ 123.9302269, 10.3220186 ] } },
{ "type": "Feature", "properties": { "id": 95484706, "lat": 10.3182834, "lon": 123.9281534, "amenity_type": "tertiary", "amenity": "F.F. Cruz Avenue", "lgu": "Cebu City" }, "geometry": { "type": "Point", "coordinates": [ 123.9281534, 10.3182834 ] } },
{ "type": "Feature", "properties": { "id": 95484707, "lat": 10.3170567, "lon": 123.928359, "amenity_type": "tertiary", "amenity": "F.F. Cruz Avenue", "lgu": "Cebu City" }, "geometry": { "type": "Point", "coordinates": [ 123.928359, 10.3170567 ] } },
{ "type": "Feature", "properties": { "id": 96521497, "lat": 10.3198167, "lon": 123.8867572, "amenity_type": "tertiary", "amenity": "Andres Abellana Street", "lgu": "Cebu City" }, "geometry": { "type": "Point", "coordinates": [ 123.8867572, 10.3198167 ] } },
{ "type": "Feature", "properties": { "id": 96913616, "lat": 10.2953792, "lon": 123.8866304, "amenity_type": "tertiary", "amenity": "Carlock Street", "lgu": "Cebu City" }, "geometry": { "type": "Point", "coordinates": [ 123.8866304, 10.2953792 ] } },
{ "type": "Feature", "properties": { "id": 96913617, "lat": 10.2967647, "lon": 123.8857897, "amenity_type": "secondary", "amenity": "Tres de Abril Street", "lgu": "Cebu City" }, "geometry": { "type": "Point", "coordinates": [ 123.8857897, 10.2967647 ] } },
{ "type": "Feature", "properties": { "id": 96913665, "lat": 10.2927501, "lon": 123.9042496, "amenity_type": "secondary", "amenity": "M.J. Cuenco Avenue", "lgu": "Cebu City" }, "geometry": { "type": "Point", "coordinates": [ 123.9042496, 10.2927501 ] } },
{ "type": "Feature", "properties": { "id": 96913884, "lat": 10.2920262, "lon": 123.9011613, "amenity_type": "tertiary", "amenity": "Dionisio Jakosalem Street", "lgu": "Cebu City" }, "geometry": { "type": "Point", "coordinates": [ 123.9011613, 10.2920262 ] } },
{ "type": "Feature", "properties": { "id": 96943190, "lat": 10.3417587, "lon": 123.8892376, "amenity_type": "tertiary", "amenity": "Salinas Drive Extension", "lgu": "Cebu City" }, "geometry": { "type": "Point", "coordinates": [ 123.8892376, 10.3417587 ] } },
{ "type": "Feature", "properties": { "id": 96943192, "lat": 10.3378723, "lon": 123.8907085, "amenity_type": "tertiary", "amenity": "Salinas Drive Extension", "lgu": "Cebu City" }, "geometry": { "type": "Point", "coordinates": [ 123.8907085, 10.3378723 ] } },
{ "type": "Feature", "properties": { "id": 97521374, "lat": 10.2970271, "lon": 123.8978138, "amenity_type": "secondary", "amenity": "Osmeña Boulevard", "lgu": "Cebu City" }, "geometry": { "type": "Point", "coordinates": [ 123.8978138, 10.2970271 ] } },
{ "type": "Feature", "properties": { "id": 97531747, "lat": 10.3230721, "lon": 123.8847172, "amenity_type": "tertiary", "amenity": "Andres Abellana Extension", "lgu": "Cebu City" }, "geometry": { "type": "Point", "coordinates": [ 123.8847172, 10.3230721 ] } },
{ "type": "Feature", "properties": { "id": 97908229, "lat": 10.3036822, "lon": 123.9127554, "amenity_type": "secondary", "amenity": "General Maxilom Avenue Extension", "lgu": "Cebu City" }, "geometry": { "type": "Point", "coordinates": [ 123.9127554, 10.3036822 ] } },
{ "type": "Feature", "properties": { "id": 97908230, "lat": 10.3060915, "lon": 123.9158209, "amenity_type": "trunk", "amenity": "Sergio Osmeña Avenue", "lgu": "Cebu City" }, "geometry": { "type": "Point", "coordinates": [ 123.9158209, 10.3060915 ] } },
{ "type": "Feature", "properties": { "id": 97954214, "lat": 10.3194671, "lon": 123.9202366, "amenity_type": "primary", "amenity": "Lopez Jaena Street", "lgu": "Cebu City" }, "geometry": { "type": "Point", "coordinates": [ 123.9202366, 10.3194671 ] } },
{ "type": "Feature", "properties": { "id": 97954216, "lat": 10.3186199, "lon": 123.9191607, "amenity_type": "primary", "amenity": "Lopez Jaena Street", "lgu": "Cebu City" }, "geometry": { "type": "Point", "coordinates": [ 123.9191607, 10.3186199 ] } },
{ "type": "Feature", "properties": { "id": 98166876, "lat": 10.3784, "lon": 123.9261611, "amenity_type": "tertiary", "amenity": "Unnamed road corridor", "lgu": "Cebu City" }, "geometry": { "type": "Point", "coordinates": [ 123.9261611, 10.3784 ] } },
{ "type": "Feature", "properties": { "id": 98166965, "lat": 10.3833099, "lon": 123.9302335, "amenity_type": "tertiary", "amenity": "Unnamed road corridor", "lgu": "Cebu City" }, "geometry": { "type": "Point", "coordinates": [ 123.9302335, 10.3833099 ] } },
{ "type": "Feature", "properties": { "id": 98166985, "lat": 10.3937429, "lon": 123.926947, "amenity_type": "tertiary", "amenity": "Unnamed road corridor", "lgu": "Cebu City" }, "geometry": { "type": "Point", "coordinates": [ 123.926947, 10.3937429 ] } },
{ "type": "Feature", "properties": { "id": 98167004, "lat": 10.3969636, "lon": 123.9258227, "amenity_type": "tertiary", "amenity": "Unnamed road corridor", "lgu": "Cebu City" }, "geometry": { "type": "Point", "coordinates": [ 123.9258227, 10.3969636 ] } },
{ "type": "Feature", "properties": { "id": 98167381, "lat": 10.3916363, "lon": 123.9295298, "amenity_type": "tertiary", "amenity": "Unnamed road corridor", "lgu": "Cebu City" }, "geometry": { "type": "Point", "coordinates": [ 123.9295298, 10.3916363 ] } },
{ "type": "Feature", "properties": { "id": 98259854, "lat": 10.3775452, "lon": 123.9178944, "amenity_type": "tertiary", "amenity": "San Jose Road", "lgu": "Cebu City" }, "geometry": { "type": "Point", "coordinates": [ 123.9178944, 10.3775452 ] } },
{ "type": "Feature", "properties": { "id": 98260084, "lat": 10.3971031, "lon": 123.9114016, "amenity_type": "tertiary", "amenity": "Unnamed road corridor", "lgu": "Cebu City" }, "geometry": { "type": "Point", "coordinates": [ 123.9114016, 10.3971031 ] } },
{ "type": "Feature", "properties": { "id": 98260085, "lat": 10.3981742, "lon": 123.9062514, "amenity_type": "tertiary", "amenity": "Unnamed road corridor", "lgu": "Cebu City" }, "geometry": { "type": "Point", "coordinates": [ 123.9062514, 10.3981742 ] } },
{ "type": "Feature", "properties": { "id": 98260329, "lat": 10.3993002, "lon": 123.9066896, "amenity_type": "tertiary", "amenity": "Unnamed road corridor", "lgu": "Cebu City" }, "geometry": { "type": "Point", "coordinates": [ 123.9066896, 10.3993002 ] } },
{ "type": "Feature", "properties": { "id": 98260351, "lat": 10.3703591, "lon": 123.8821425, "amenity_type": "tertiary", "amenity": "Busay-Budlaan Road", "lgu": "Cebu City" }, "geometry": { "type": "Point", "coordinates": [ 123.8821425, 10.3703591 ] } },
{ "type": "Feature", "properties": { "id": 98264132, "lat": 10.3926365, "lon": 123.8520884, "amenity_type": "tertiary", "amenity": "Unnamed road corridor", "lgu": "Cebu City" }, "geometry": { "type": "Point", "coordinates": [ 123.8520884, 10.3926365 ] } },
{ "type": "Feature", "properties": { "id": 98264158, "lat": 10.3721788, "lon": 123.8442746, "amenity_type": "tertiary", "amenity": "Bonbon-Sudlon Road", "lgu": "Cebu City" }, "geometry": { "type": "Point", "coordinates": [ 123.8442746, 10.3721788 ] } },
{ "type": "Feature", "properties": { "id": 98264159, "lat": 10.3744844, "lon": 123.8523287, "amenity_type": "tertiary", "amenity": "Unnamed road corridor", "lgu": "Cebu City" }, "geometry": { "type": "Point", "coordinates": [ 123.8523287, 10.3744844 ] } },
{ "type": "Feature", "properties": { "id": 98264167, "lat": 10.3679045, "lon": 123.860496, "amenity_type": "tertiary", "amenity": "Unnamed road corridor", "lgu": "Cebu City" }, "geometry": { "type": "Point", "coordinates": [ 123.860496, 10.3679045 ] } },
{ "type": "Feature", "properties": { "id": 98409389, "lat": 10.3446492, "lon": 123.892954, "amenity_type": "tertiary", "amenity": "Unnamed road corridor", "lgu": "Cebu City" }, "geometry": { "type": "Point", "coordinates": [ 123.892954, 10.3446492 ] } },
{ "type": "Feature", "properties": { "id": 98409390, "lat": 10.3438824, "lon": 123.8919848, "amenity_type": "tertiary", "amenity": "Unnamed road corridor", "lgu": "Cebu City" }, "geometry": { "type": "Point", "coordinates": [ 123.8919848, 10.3438824 ] } },
{ "type": "Feature", "properties": { "id": 98409399, "lat": 10.3317373, "lon": 123.8742413, "amenity_type": "tertiary", "amenity": "Unnamed road corridor", "lgu": "Cebu City" }, "geometry": { "type": "Point", "coordinates": [ 123.8742413, 10.3317373 ] } },
{ "type": "Feature", "properties": { "id": 98409401, "lat": 10.3352031, "lon": 123.8694994, "amenity_type": "tertiary", "amenity": "Sapangdaku Road", "lgu": "Cebu City" }, "geometry": { "type": "Point", "coordinates": [ 123.8694994, 10.3352031 ] } },
{ "type": "Feature", "properties": { "id": 98409417, "lat": 10.3353362, "lon": 123.8665399, "amenity_type": "tertiary", "amenity": "Buhisan Road", "lgu": "Cebu City" }, "geometry": { "type": "Point", "coordinates": [ 123.8665399, 10.3353362 ] } },
{ "type": "Feature", "properties": { "id": 98409418, "lat": 10.3325759, "lon": 123.8535289, "amenity_type": "tertiary", "amenity": "Buhisan Road", "lgu": "Cebu City" }, "geometry": { "type": "Point", "coordinates": [ 123.8535289, 10.3325759 ] } },
{ "type": "Feature", "properties": { "id": 98409421, "lat": 10.3355105, "lon": 123.8666885, "amenity_type": "tertiary", "amenity": "Buhisan Road", "lgu": "Cebu City" }, "geometry": { "type": "Point", "coordinates": [ 123.8666885, 10.3355105 ] } },
{ "type": "Feature", "properties": { "id": 98409494, "lat": 10.3182756, "lon": 123.8766682, "amenity_type": "tertiary", "amenity": "Unnamed road corridor", "lgu": "Cebu City" }, "geometry": { "type": "Point", "coordinates": [ 123.8766682, 10.3182756 ] } },
{ "type": "Feature", "properties": { "id": 98409676, "lat": 10.3266807, "lon": 123.888193, "amenity_type": "tertiary", "amenity": "Unnamed road corridor", "lgu": "Cebu City" }, "geometry": { "type": "Point", "coordinates": [ 123.888193, 10.3266807 ] } },
{ "type": "Feature", "properties": { "id": 98430106, "lat": 10.3164679, "lon": 123.8874842, "amenity_type": "secondary", "amenity": "M. Velez Street", "lgu": "Cebu City" }, "geometry": { "type": "Point", "coordinates": [ 123.8874842, 10.3164679 ] } },
{ "type": "Feature", "properties": { "id": 98430107, "lat": 10.3168359, "lon": 123.8885536, "amenity_type": "secondary", "amenity": "M. Velez Street", "lgu": "Cebu City" }, "geometry": { "type": "Point", "coordinates": [ 123.8885536, 10.3168359 ] } },
{ "type": "Feature", "properties": { "id": 98430111, "lat": 10.3252399, "lon": 123.8880779, "amenity_type": "tertiary", "amenity": "Unnamed road corridor", "lgu": "Cebu City" }, "geometry": { "type": "Point", "coordinates": [ 123.8880779, 10.3252399 ] } },
{ "type": "Feature", "properties": { "id": 98430114, "lat": 10.3243929, "lon": 123.8841159, "amenity_type": "tertiary", "amenity": "Singson Road", "lgu": "Cebu City" }, "geometry": { "type": "Point", "coordinates": [ 123.8841159, 10.3243929 ] } },
{ "type": "Feature", "properties": { "id": 98430152, "lat": 10.321198, "lon": 123.8808798, "amenity_type": "tertiary", "amenity": "Gervacio Quijada Street", "lgu": "Cebu City" }, "geometry": { "type": "Point", "coordinates": [ 123.8808798, 10.321198 ] } },
{ "type": "Feature", "properties": { "id": 98430251, "lat": 10.3233946, "lon": 123.8869415, "amenity_type": "tertiary", "amenity": "Andres Abellana Extension", "lgu": "Cebu City" }, "geometry": { "type": "Point", "coordinates": [ 123.8869415, 10.3233946 ] } },
{ "type": "Feature", "properties": { "id": 98430268, "lat": 10.3241919, "lon": 123.8876066, "amenity_type": "tertiary", "amenity": "Tipolo Ville Road", "lgu": "Cebu City" }, "geometry": { "type": "Point", "coordinates": [ 123.8876066, 10.3241919 ] } },
{ "type": "Feature", "properties": { "id": 98430269, "lat": 10.3239501, "lon": 123.8854004, "amenity_type": "tertiary", "amenity": "Andres Abellana Street", "lgu": "Cebu City" }, "geometry": { "type": "Point", "coordinates": [ 123.8854004, 10.3239501 ] } },
{ "type": "Feature", "properties": { "id": 98430311, "lat": 10.3127015, "lon": 123.8827208, "amenity_type": "tertiary", "amenity": "J. Fortich Street", "lgu": "Cebu City" }, "geometry": { "type": "Point", "coordinates": [ 123.8827208, 10.3127015 ] } },
{ "type": "Feature", "properties": { "id": 98430356, "lat": 10.3119272, "lon": 123.8784345, "amenity_type": "secondary", "amenity": "Ramon Duterte Street", "lgu": "Cebu City" }, "geometry": { "type": "Point", "coordinates": [ 123.8784345, 10.3119272 ] } },
{ "type": "Feature", "properties": { "id": 98430361, "lat": 10.314098, "lon": 123.8808456, "amenity_type": "secondary", "amenity": "Ramon Duterte Street", "lgu": "Cebu City" }, "geometry": { "type": "Point", "coordinates": [ 123.8808456, 10.314098 ] } },
{ "type": "Feature", "properties": { "id": 98430658, "lat": 10.3098553, "lon": 123.8827091, "amenity_type": "tertiary", "amenity": "I. Limkakeng Street", "lgu": "Cebu City" }, "geometry": { "type": "Point", "coordinates": [ 123.8827091, 10.3098553 ] } },
{ "type": "Feature", "properties": { "id": 98430671, "lat": 10.3079223, "lon": 123.8831602, "amenity_type": "tertiary", "amenity": "Dr. Pablo Abella Street", "lgu": "Cebu City" }, "geometry": { "type": "Point", "coordinates": [ 123.8831602, 10.3079223 ] } },
{ "type": "Feature", "properties": { "id": 98430765, "lat": 10.3111955, "lon": 123.8502408, "amenity_type": "tertiary", "amenity": "Buhisan Road", "lgu": "Cebu City" }, "geometry": { "type": "Point", "coordinates": [ 123.8502408, 10.3111955 ] } },
{ "type": "Feature", "properties": { "id": 98430896, "lat": 10.3024441, "lon": 123.8855734, "amenity_type": "tertiary", "amenity": "Lucio Lopez Drive", "lgu": "Cebu City" }, "geometry": { "type": "Point", "coordinates": [ 123.8855734, 10.3024441 ] } },
{ "type": "Feature", "properties": { "id": 98430897, "lat": 10.3025055, "lon": 123.8847954, "amenity_type": "tertiary", "amenity": "Lucio Lopez Drive", "lgu": "Cebu City" }, "geometry": { "type": "Point", "coordinates": [ 123.8847954, 10.3025055 ] } },
{ "type": "Feature", "properties": { "id": 98430899, "lat": 10.3010263, "lon": 123.8846229, "amenity_type": "tertiary", "amenity": "A. Lopez Street", "lgu": "Cebu City" }, "geometry": { "type": "Point", "coordinates": [ 123.8846229, 10.3010263 ] } },
{ "type": "Feature", "properties": { "id": 98571908, "lat": 10.2966531, "lon": 123.8693241, "amenity_type": "tertiary", "amenity": "Taurus Street", "lgu": "Cebu City" }, "geometry": { "type": "Point", "coordinates": [ 123.8693241, 10.2966531 ] } },
{ "type": "Feature", "properties": { "id": 98571914, "lat": 10.2967368, "lon": 123.8673837, "amenity_type": "tertiary", "amenity": "Buhisan Road", "lgu": "Cebu City" }, "geometry": { "type": "Point", "coordinates": [ 123.8673837, 10.2967368 ] } },
{ "type": "Feature", "properties": { "id": 98571916, "lat": 10.2990288, "lon": 123.8698878, "amenity_type": "secondary", "amenity": "Francisco Llamas Street", "lgu": "Cebu City" }, "geometry": { "type": "Point", "coordinates": [ 123.8698878, 10.2990288 ] } },
{ "type": "Feature", "properties": { "id": 98571917, "lat": 10.2984566, "lon": 123.8698427, "amenity_type": "secondary", "amenity": "Francisco Llamas Street", "lgu": "Cebu City" }, "geometry": { "type": "Point", "coordinates": [ 123.8698427, 10.2984566 ] } },
{ "type": "Feature", "properties": { "id": 98571928, "lat": 10.2958895, "lon": 123.8742787, "amenity_type": "tertiary", "amenity": "Tres de Abril Street", "lgu": "Cebu City" }, "geometry": { "type": "Point", "coordinates": [ 123.8742787, 10.2958895 ] } },
{ "type": "Feature", "properties": { "id": 98571929, "lat": 10.2974594, "lon": 123.8785597, "amenity_type": "tertiary", "amenity": "Tres de Abril Street", "lgu": "Cebu City" }, "geometry": { "type": "Point", "coordinates": [ 123.8785597, 10.2974594 ] } },
{ "type": "Feature", "properties": { "id": 98571931, "lat": 10.2979617, "lon": 123.88507, "amenity_type": "secondary", "amenity": "A. Lopez Street", "lgu": "Cebu City" }, "geometry": { "type": "Point", "coordinates": [ 123.88507, 10.2979617 ] } },
{ "type": "Feature", "properties": { "id": 98683742, "lat": 10.2959649, "lon": 123.8729799, "amenity_type": "tertiary", "amenity": "Pablo S. Atillo Street", "lgu": "Cebu City" }, "geometry": { "type": "Point", "coordinates": [ 123.8729799, 10.2959649 ] } },
{ "type": "Feature", "properties": { "id": 98683744, "lat": 10.2943206, "lon": 123.8749791, "amenity_type": "tertiary", "amenity": "Pablo S. Atillo Street", "lgu": "Cebu City" }, "geometry": { "type": "Point", "coordinates": [ 123.8749791, 10.2943206 ] } },
{ "type": "Feature", "properties": { "id": 98683764, "lat": 10.2928493, "lon": 123.8753571, "amenity_type": "tertiary", "amenity": "Gabriel Elorde Street", "lgu": "Cebu City" }, "geometry": { "type": "Point", "coordinates": [ 123.8753571, 10.2928493 ] } },
{ "type": "Feature", "properties": { "id": 98683771, "lat": 10.2961942, "lon": 123.8843369, "amenity_type": "primary", "amenity": "Natalio Bacalso Avenue", "lgu": "Cebu City" }, "geometry": { "type": "Point", "coordinates": [ 123.8843369, 10.2961942 ] } },
{ "type": "Feature", "properties": { "id": 98683772, "lat": 10.2946301, "lon": 123.8820402, "amenity_type": "primary", "amenity": "Natalio Bacalso Avenue", "lgu": "Cebu City" }, "geometry": { "type": "Point", "coordinates": [ 123.8820402, 10.2946301 ] } },
{ "type": "Feature", "properties": { "id": 98683775, "lat": 10.2920152, "lon": 123.8771512, "amenity_type": "tertiary", "amenity": "Maria Gochan Street", "lgu": "Cebu City" }, "geometry": { "type": "Point", "coordinates": [ 123.8771512, 10.2920152 ] } },
{ "type": "Feature", "properties": { "id": 98683821, "lat": 10.2897367, "lon": 123.8704077, "amenity_type": "primary", "amenity": "Mambaling Underpass", "lgu": "Cebu City" }, "geometry": { "type": "Point", "coordinates": [ 123.8704077, 10.2897367 ] } },
{ "type": "Feature", "properties": { "id": 98683845, "lat": 10.2904451, "lon": 123.8662376, "amenity_type": "tertiary", "amenity": "Macopa Street", "lgu": "Cebu City" }, "geometry": { "type": "Point", "coordinates": [ 123.8662376, 10.2904451 ] } },
{ "type": "Feature", "properties": { "id": 98683882, "lat": 10.2868606, "lon": 123.8609173, "amenity_type": "tertiary", "amenity": "E. Corro Street", "lgu": "Cebu City" }, "geometry": { "type": "Point", "coordinates": [ 123.8609173, 10.2868606 ] } },
{ "type": "Feature", "properties": { "id": 98683887, "lat": 10.2879419, "lon": 123.859524, "amenity_type": "tertiary", "amenity": "E. Corro Street", "lgu": "Cebu City" }, "geometry": { "type": "Point", "coordinates": [ 123.859524, 10.2879419 ] } },
{ "type": "Feature", "properties": { "id": 98683993, "lat": 10.2936975, "lon": 123.8832393, "amenity_type": "tertiary", "amenity": "R. Padilla Street", "lgu": "Cebu City" }, "geometry": { "type": "Point", "coordinates": [ 123.8832393, 10.2936975 ] } },
{ "type": "Feature", "properties": { "id": 98683995, "lat": 10.2915591, "lon": 123.8808544, "amenity_type": "secondary", "amenity": "Candido Padilla Street", "lgu": "Cebu City" }, "geometry": { "type": "Point", "coordinates": [ 123.8808544, 10.2915591 ] } },
{ "type": "Feature", "properties": { "id": 98683996, "lat": 10.2911484, "lon": 123.8791711, "amenity_type": "secondary", "amenity": "Candido Padilla Street", "lgu": "Cebu City" }, "geometry": { "type": "Point", "coordinates": [ 123.8791711, 10.2911484 ] } },
{ "type": "Feature", "properties": { "id": 98839907, "lat": 10.292183, "lon": 123.8884855, "amenity_type": "tertiary", "amenity": "Tupas Street", "lgu": "Cebu City" }, "geometry": { "type": "Point", "coordinates": [ 123.8884855, 10.292183 ] } },
{ "type": "Feature", "properties": { "id": 98839982, "lat": 10.2880353, "lon": 123.8701748, "amenity_type": "tertiary", "amenity": "Colonel A. Cabreros Street", "lgu": "Cebu City" }, "geometry": { "type": "Point", "coordinates": [ 123.8701748, 10.2880353 ] } },
{ "type": "Feature", "properties": { "id": 98840036, "lat": 10.2797734, "lon": 123.8569237, "amenity_type": "tertiary", "amenity": "I. Tabura Street", "lgu": "Cebu City" }, "geometry": { "type": "Point", "coordinates": [ 123.8569237, 10.2797734 ] } },
{ "type": "Feature", "properties": { "id": 98969696, "lat": 10.3088853, "lon": 123.8523723, "amenity_type": "tertiary", "amenity": "Buhisan Road", "lgu": "Cebu City" }, "geometry": { "type": "Point", "coordinates": [ 123.8523723, 10.3088853 ] } },
{ "type": "Feature", "properties": { "id": 98969697, "lat": 10.3105027, "lon": 123.8508695, "amenity_type": "tertiary", "amenity": "Unnamed road corridor", "lgu": "Cebu City" }, "geometry": { "type": "Point", "coordinates": [ 123.8508695, 10.3105027 ] } },
{ "type": "Feature", "properties": { "id": 99142667, "lat": 10.277014, "lon": 123.8811453, "amenity_type": "trunk", "amenity": "Cebu South Coastal Road", "lgu": "Cebu City" }, "geometry": { "type": "Point", "coordinates": [ 123.8811453, 10.277014 ] } },
{ "type": "Feature", "properties": { "id": 99142681, "lat": 10.2737603, "lon": 123.8715246, "amenity_type": "tertiary", "amenity": "Banog Road", "lgu": "Cebu City" }, "geometry": { "type": "Point", "coordinates": [ 123.8715246, 10.2737603 ] } },
{ "type": "Feature", "properties": { "id": 102243388, "lat": 10.3703493, "lon": 123.9200878, "amenity_type": "secondary", "amenity": "Governor M. Cuenco Avenue", "lgu": "Cebu City" }, "geometry": { "type": "Point", "coordinates": [ 123.9200878, 10.3703493 ] } },
{ "type": "Feature", "properties": { "id": 102243389, "lat": 10.3714169, "lon": 123.923467, "amenity_type": "secondary", "amenity": "Governor M. Cuenco Avenue", "lgu": "Cebu City" }, "geometry": { "type": "Point", "coordinates": [ 123.923467, 10.3714169 ] } },
{ "type": "Feature", "properties": { "id": 102243392, "lat": 10.4184823, "lon": 123.9154601, "amenity_type": "secondary", "amenity": "Unnamed road corridor", "lgu": "Cebu City" }, "geometry": { "type": "Point", "coordinates": [ 123.9154601, 10.4184823 ] } },
{ "type": "Feature", "properties": { "id": 102243393, "lat": 10.4216711, "lon": 123.9156323, "amenity_type": "secondary", "amenity": "Unnamed road corridor", "lgu": "Cebu City" }, "geometry": { "type": "Point", "coordinates": [ 123.9156323, 10.4216711 ] } },
{ "type": "Feature", "properties": { "id": 102243400, "lat": 10.3386575, "lon": 123.8804808, "amenity_type": "tertiary", "amenity": "CPDRC", "lgu": "Cebu City" }, "geometry": { "type": "Point", "coordinates": [ 123.8804808, 10.3386575 ] } },
{ "type": "Feature", "properties": { "id": 102243401, "lat": 10.3358781, "lon": 123.8803485, "amenity_type": "tertiary", "amenity": "CPDRC", "lgu": "Cebu City" }, "geometry": { "type": "Point", "coordinates": [ 123.8803485, 10.3358781 ] } },
{ "type": "Feature", "properties": { "id": 102243402, "lat": 10.3321276, "lon": 123.8798598, "amenity_type": "tertiary", "amenity": "Unnamed road corridor", "lgu": "Cebu City" }, "geometry": { "type": "Point", "coordinates": [ 123.8798598, 10.3321276 ] } },
{ "type": "Feature", "properties": { "id": 102243403, "lat": 10.3344786, "lon": 123.8792788, "amenity_type": "tertiary", "amenity": "Unnamed road corridor", "lgu": "Cebu City" }, "geometry": { "type": "Point", "coordinates": [ 123.8792788, 10.3344786 ] } },
{ "type": "Feature", "properties": { "id": 102243404, "lat": 10.2929993, "lon": 123.8798597, "amenity_type": "primary", "amenity": "Natalio Bacalso Avenue", "lgu": "Cebu City" }, "geometry": { "type": "Point", "coordinates": [ 123.8798597, 10.2929993 ] } },
{ "type": "Feature", "properties": { "id": 102243405, "lat": 10.2932139, "lon": 123.8801629, "amenity_type": "primary", "amenity": "Natalio Bacalso Avenue", "lgu": "Cebu City" }, "geometry": { "type": "Point", "coordinates": [ 123.8801629, 10.2932139 ] } },
{ "type": "Feature", "properties": { "id": 102243406, "lat": 10.2937781, "lon": 123.8810304, "amenity_type": "primary", "amenity": "Natalio Bacalso Avenue", "lgu": "Cebu City" }, "geometry": { "type": "Point", "coordinates": [ 123.8810304, 10.2937781 ] } },
{ "type": "Feature", "properties": { "id": 102243410, "lat": 10.3025549, "lon": 123.8603549, "amenity_type": "tertiary", "amenity": "Buhisan Road", "lgu": "Cebu City" }, "geometry": { "type": "Point", "coordinates": [ 123.8603549, 10.3025549 ] } },
{ "type": "Feature", "properties": { "id": 102243411, "lat": 10.2996991, "lon": 123.8633144, "amenity_type": "tertiary", "amenity": "Buhisan Road", "lgu": "Cebu City" }, "geometry": { "type": "Point", "coordinates": [ 123.8633144, 10.2996991 ] } },
{ "type": "Feature", "properties": { "id": 102243416, "lat": 10.3001894, "lon": 123.9093149, "amenity_type": "trunk", "amenity": "Sergio Osmeña Avenue", "lgu": "Cebu City" }, "geometry": { "type": "Point", "coordinates": [ 123.9093149, 10.3001894 ] } },
{ "type": "Feature", "properties": { "id": 102243417, "lat": 10.3008479, "lon": 123.9097911, "amenity_type": "trunk", "amenity": "Sergio Osmeña Avenue", "lgu": "Cebu City" }, "geometry": { "type": "Point", "coordinates": [ 123.9097911, 10.3008479 ] } },
{ "type": "Feature", "properties": { "id": 102243418, "lat": 10.3001725, "lon": 123.9093861, "amenity_type": "trunk", "amenity": "Sergio Osmeña Avenue", "lgu": "Cebu City" }, "geometry": { "type": "Point", "coordinates": [ 123.9093861, 10.3001725 ] } },
{ "type": "Feature", "properties": { "id": 102243419, "lat": 10.2995157, "lon": 123.9089454, "amenity_type": "trunk", "amenity": "Sergio Osmeña Avenue", "lgu": "Cebu City" }, "geometry": { "type": "Point", "coordinates": [ 123.9089454, 10.2995157 ] } },
{ "type": "Feature", "properties": { "id": 102243420, "lat": 10.3015002, "lon": 123.910193, "amenity_type": "trunk", "amenity": "Sergio Osmeña Avenue", "lgu": "Cebu City" }, "geometry": { "type": "Point", "coordinates": [ 123.910193, 10.3015002 ] } },
{ "type": "Feature", "properties": { "id": 102243421, "lat": 10.3013572, "lon": 123.9100071, "amenity_type": "trunk", "amenity": "Sergio Osmeña Avenue", "lgu": "Cebu City" }, "geometry": { "type": "Point", "coordinates": [ 123.9100071, 10.3013572 ] } },
{ "type": "Feature", "properties": { "id": 102243422, "lat": 10.3015762, "lon": 123.9102545, "amenity_type": "trunk", "amenity": "Sergio Osmeña Avenue", "lgu": "Cebu City" }, "geometry": { "type": "Point", "coordinates": [ 123.9102545, 10.3015762 ] } },
{ "type": "Feature", "properties": { "id": 102243423, "lat": 10.3015488, "lon": 123.9101472, "amenity_type": "trunk", "amenity": "Sergio Osmeña Avenue", "lgu": "Cebu City" }, "geometry": { "type": "Point", "coordinates": [ 123.9101472, 10.3015488 ] } },
{ "type": "Feature", "properties": { "id": 102243424, "lat": 10.3019295, "lon": 123.9083962, "amenity_type": "tertiary", "amenity": "T. Padilla Street", "lgu": "Cebu City" }, "geometry": { "type": "Point", "coordinates": [ 123.9083962, 10.3019295 ] } },
{ "type": "Feature", "properties": { "id": 102243425, "lat": 10.3019291, "lon": 123.9085053, "amenity_type": "tertiary", "amenity": "T. Padilla Street", "lgu": "Cebu City" }, "geometry": { "type": "Point", "coordinates": [ 123.9085053, 10.3019291 ] } },
{ "type": "Feature", "properties": { "id": 102243426, "lat": 10.3007886, "lon": 123.9064669, "amenity_type": "secondary", "amenity": "M.J. Cuenco Avenue", "lgu": "Cebu City" }, "geometry": { "type": "Point", "coordinates": [ 123.9064669, 10.3007886 ] } },
{ "type": "Feature", "properties": { "id": 102243427, "lat": 10.3004657, "lon": 123.906423, "amenity_type": "secondary", "amenity": "M.J. Cuenco Avenue", "lgu": "Cebu City" }, "geometry": { "type": "Point", "coordinates": [ 123.906423, 10.3004657 ] } },
{ "type": "Feature", "properties": { "id": 102243428, "lat": 10.3017534, "lon": 123.9037689, "amenity_type": "tertiary", "amenity": "T. Padilla Street", "lgu": "Cebu City" }, "geometry": { "type": "Point", "coordinates": [ 123.9037689, 10.3017534 ] } },
{ "type": "Feature", "properties": { "id": 102243429, "lat": 10.3018377, "lon": 123.9051937, "amenity_type": "tertiary", "amenity": "T. Padilla Street", "lgu": "Cebu City" }, "geometry": { "type": "Point", "coordinates": [ 123.9051937, 10.3018377 ] } },
{ "type": "Feature", "properties": { "id": 103098809, "lat": 10.3284649, "lon": 123.8961251, "amenity_type": "tertiary", "amenity": "Sudlon", "lgu": "Cebu City" }, "geometry": { "type": "Point", "coordinates": [ 123.8961251, 10.3284649 ] } },
{ "type": "Feature", "properties": { "id": 103098811, "lat": 10.328566, "lon": 123.8969196, "amenity_type": "tertiary", "amenity": "Sudlon", "lgu": "Cebu City" }, "geometry": { "type": "Point", "coordinates": [ 123.8969196, 10.328566 ] } },
{ "type": "Feature", "properties": { "id": 103098826, "lat": 10.335651, "lon": 123.8924333, "amenity_type": "tertiary", "amenity": "Salinas Drive Extension", "lgu": "Cebu City" }, "geometry": { "type": "Point", "coordinates": [ 123.8924333, 10.335651 ] } },
{ "type": "Feature", "properties": { "id": 103098835, "lat": 10.3123317, "lon": 123.9161811, "amenity_type": "primary", "amenity": "Juan Luna Avenue", "lgu": "Cebu City" }, "geometry": { "type": "Point", "coordinates": [ 123.9161811, 10.3123317 ] } },
{ "type": "Feature", "properties": { "id": 103098836, "lat": 10.3116094, "lon": 123.9167831, "amenity_type": "primary", "amenity": "Juan Luna Avenue", "lgu": "Cebu City" }, "geometry": { "type": "Point", "coordinates": [ 123.9167831, 10.3116094 ] } },
{ "type": "Feature", "properties": { "id": 103098838, "lat": 10.311184, "lon": 123.9220753, "amenity_type": "trunk", "amenity": "Sergio Osmeña Avenue", "lgu": "Cebu City" }, "geometry": { "type": "Point", "coordinates": [ 123.9220753, 10.311184 ] } },
{ "type": "Feature", "properties": { "id": 103098840, "lat": 10.311616, "lon": 123.920993, "amenity_type": "secondary", "amenity": "Kaohsiung Street", "lgu": "Cebu City" }, "geometry": { "type": "Point", "coordinates": [ 123.920993, 10.311616 ] } },
{ "type": "Feature", "properties": { "id": 103098842, "lat": 10.3121219, "lon": 123.9232354, "amenity_type": "trunk", "amenity": "Sergio Osmeña Avenue", "lgu": "Cebu City" }, "geometry": { "type": "Point", "coordinates": [ 123.9232354, 10.3121219 ] } },
{ "type": "Feature", "properties": { "id": 103534915, "lat": 10.3126761, "lon": 123.9165651, "amenity_type": "secondary", "amenity": "A. Soriano Jr. Avenue", "lgu": "Cebu City" }, "geometry": { "type": "Point", "coordinates": [ 123.9165651, 10.3126761 ] } },
{ "type": "Feature", "properties": { "id": 103534918, "lat": 10.3123371, "lon": 123.9162458, "amenity_type": "secondary", "amenity": "A. Soriano Jr. Avenue", "lgu": "Cebu City" }, "geometry": { "type": "Point", "coordinates": [ 123.9162458, 10.3123371 ] } },
{ "type": "Feature", "properties": { "id": 103534921, "lat": 10.3124568, "lon": 123.9163927, "amenity_type": "secondary", "amenity": "A. Soriano Jr. Avenue", "lgu": "Cebu City" }, "geometry": { "type": "Point", "coordinates": [ 123.9163927, 10.3124568 ] } },
{ "type": "Feature", "properties": { "id": 104217179, "lat": 10.3704521, "lon": 123.874248, "amenity_type": "tertiary", "amenity": "Roosevelt Drive", "lgu": "Cebu City" }, "geometry": { "type": "Point", "coordinates": [ 123.874248, 10.3704521 ] } },
{ "type": "Feature", "properties": { "id": 110515534, "lat": 10.3342625, "lon": 123.882251, "amenity_type": "tertiary", "amenity": "Unnamed road corridor", "lgu": "Cebu City" }, "geometry": { "type": "Point", "coordinates": [ 123.882251, 10.3342625 ] } },
{ "type": "Feature", "properties": { "id": 111478770, "lat": 10.398701, "lon": 123.8587938, "amenity_type": "tertiary", "amenity": "Unnamed road corridor", "lgu": "Cebu City" }, "geometry": { "type": "Point", "coordinates": [ 123.8587938, 10.398701 ] } },
{ "type": "Feature", "properties": { "id": 111478772, "lat": 10.3990751, "lon": 123.8988969, "amenity_type": "tertiary", "amenity": "Unnamed road corridor", "lgu": "Cebu City" }, "geometry": { "type": "Point", "coordinates": [ 123.8988969, 10.3990751 ] } },
{ "type": "Feature", "properties": { "id": 111504241, "lat": 10.3991037, "lon": 123.9031729, "amenity_type": "tertiary", "amenity": "Unnamed road corridor", "lgu": "Cebu City" }, "geometry": { "type": "Point", "coordinates": [ 123.9031729, 10.3991037 ] } },
{ "type": "Feature", "properties": { "id": 111504242, "lat": 10.4163443, "lon": 123.905713, "amenity_type": "tertiary", "amenity": "Barangay Agsungot Cebu city", "lgu": "Cebu City" }, "geometry": { "type": "Point", "coordinates": [ 123.905713, 10.4163443 ] } },
{ "type": "Feature", "properties": { "id": 113662961, "lat": 10.4094667, "lon": 123.8779684, "amenity_type": "tertiary", "amenity": "Unnamed road corridor", "lgu": "Cebu City" }, "geometry": { "type": "Point", "coordinates": [ 123.8779684, 10.4094667 ] } },
{ "type": "Feature", "properties": { "id": 113775609, "lat": 10.3738302, "lon": 123.8537155, "amenity_type": "tertiary", "amenity": "Unnamed road corridor", "lgu": "Cebu City" }, "geometry": { "type": "Point", "coordinates": [ 123.8537155, 10.3738302 ] } },
{ "type": "Feature", "properties": { "id": 113775620, "lat": 10.4235358, "lon": 123.8808996, "amenity_type": "tertiary", "amenity": "Unnamed road corridor", "lgu": "Cebu City" }, "geometry": { "type": "Point", "coordinates": [ 123.8808996, 10.4235358 ] } },
{ "type": "Feature", "properties": { "id": 119022020, "lat": 10.3995941, "lon": 123.8958775, "amenity_type": "tertiary", "amenity": "Unnamed road corridor", "lgu": "Cebu City" }, "geometry": { "type": "Point", "coordinates": [ 123.8958775, 10.3995941 ] } },
{ "type": "Feature", "properties": { "id": 119022021, "lat": 10.4044148, "lon": 123.8870924, "amenity_type": "tertiary", "amenity": "Unnamed road corridor", "lgu": "Cebu City" }, "geometry": { "type": "Point", "coordinates": [ 123.8870924, 10.4044148 ] } },
{ "type": "Feature", "properties": { "id": 123337380, "lat": 10.3723947, "lon": 123.881851, "amenity_type": "tertiary", "amenity": "Busay-Budlaan Road", "lgu": "Cebu City" }, "geometry": { "type": "Point", "coordinates": [ 123.881851, 10.3723947 ] } },
{ "type": "Feature", "properties": { "id": 123337386, "lat": 10.3683721, "lon": 123.8794758, "amenity_type": "tertiary", "amenity": "Busay-Budlaan Road", "lgu": "Cebu City" }, "geometry": { "type": "Point", "coordinates": [ 123.8794758, 10.3683721 ] } },
{ "type": "Feature", "properties": { "id": 124129197, "lat": 10.3460033, "lon": 123.8728785, "amenity_type": "tertiary", "amenity": "Unnamed road corridor", "lgu": "Cebu City" }, "geometry": { "type": "Point", "coordinates": [ 123.8728785, 10.3460033 ] } },
{ "type": "Feature", "properties": { "id": 131156575, "lat": 10.2899014, "lon": 123.8728685, "amenity_type": "primary", "amenity": "Natalio Bacalso Avenue", "lgu": "Cebu City" }, "geometry": { "type": "Point", "coordinates": [ 123.8728685, 10.2899014 ] } },
{ "type": "Feature", "properties": { "id": 131156577, "lat": 10.292039, "lon": 123.8786173, "amenity_type": "secondary", "amenity": "Natalio Bacalso Avenue", "lgu": "Cebu City" }, "geometry": { "type": "Point", "coordinates": [ 123.8786173, 10.292039 ] } },
{ "type": "Feature", "properties": { "id": 131156578, "lat": 10.2925956, "lon": 123.8792643, "amenity_type": "secondary", "amenity": "Natalio Bacalso Avenue", "lgu": "Cebu City" }, "geometry": { "type": "Point", "coordinates": [ 123.8792643, 10.2925956 ] } },
{ "type": "Feature", "properties": { "id": 131156579, "lat": 10.2906469, "lon": 123.8762927, "amenity_type": "secondary", "amenity": "Natalio Bacalso Avenue", "lgu": "Cebu City" }, "geometry": { "type": "Point", "coordinates": [ 123.8762927, 10.2906469 ] } },
{ "type": "Feature", "properties": { "id": 131156581, "lat": 10.2913691, "lon": 123.8773987, "amenity_type": "primary", "amenity": "Mambaling Flyover", "lgu": "Cebu City" }, "geometry": { "type": "Point", "coordinates": [ 123.8773987, 10.2913691 ] } },
{ "type": "Feature", "properties": { "id": 131156582, "lat": 10.2925831, "lon": 123.8792677, "amenity_type": "primary", "amenity": "Natalio Bacalso Avenue", "lgu": "Cebu City" }, "geometry": { "type": "Point", "coordinates": [ 123.8792677, 10.2925831 ] } },
{ "type": "Feature", "properties": { "id": 131156586, "lat": 10.2903861, "lon": 123.875604, "amenity_type": "primary", "amenity": "Natalio Bacalso Avenue", "lgu": "Cebu City" }, "geometry": { "type": "Point", "coordinates": [ 123.875604, 10.2903861 ] } },
{ "type": "Feature", "properties": { "id": 131156587, "lat": 10.2903393, "lon": 123.8756132, "amenity_type": "primary", "amenity": "Natalio Bacalso Avenue", "lgu": "Cebu City" }, "geometry": { "type": "Point", "coordinates": [ 123.8756132, 10.2903393 ] } },
{ "type": "Feature", "properties": { "id": 131562983, "lat": 10.400734, "lon": 123.924136, "amenity_type": "tertiary", "amenity": "Unnamed road corridor", "lgu": "Cebu City" }, "geometry": { "type": "Point", "coordinates": [ 123.924136, 10.400734 ] } },
{ "type": "Feature", "properties": { "id": 141330603, "lat": 10.3988259, "lon": 123.8586993, "amenity_type": "tertiary", "amenity": "Unnamed road corridor", "lgu": "Cebu City" }, "geometry": { "type": "Point", "coordinates": [ 123.8586993, 10.3988259 ] } },
{ "type": "Feature", "properties": { "id": 154104314, "lat": 10.3041123, "lon": 123.8926205, "amenity_type": "tertiary", "amenity": "J. Urgello Street", "lgu": "Cebu City" }, "geometry": { "type": "Point", "coordinates": [ 123.8926205, 10.3041123 ] } },
{ "type": "Feature", "properties": { "id": 155016590, "lat": 10.3035522, "lon": 123.8930692, "amenity_type": "tertiary", "amenity": "Uytengsu Street", "lgu": "Cebu City" }, "geometry": { "type": "Point", "coordinates": [ 123.8930692, 10.3035522 ] } },
{ "type": "Feature", "properties": { "id": 155742383, "lat": 10.3072435, "lon": 123.8796662, "amenity_type": "tertiary", "amenity": "Dr. Pablo Abella Street", "lgu": "Cebu City" }, "geometry": { "type": "Point", "coordinates": [ 123.8796662, 10.3072435 ] } },
{ "type": "Feature", "properties": { "id": 155744728, "lat": 10.312932, "lon": 123.9001846, "amenity_type": "tertiary", "amenity": "Queens' Road", "lgu": "Cebu City" }, "geometry": { "type": "Point", "coordinates": [ 123.9001846, 10.312932 ] } },
{ "type": "Feature", "properties": { "id": 155749919, "lat": 10.3300603, "lon": 123.8935661, "amenity_type": "tertiary", "amenity": "Doña Modesta Gaisano Street", "lgu": "Cebu City" }, "geometry": { "type": "Point", "coordinates": [ 123.8935661, 10.3300603 ] } },
{ "type": "Feature", "properties": { "id": 158658784, "lat": 10.3780074, "lon": 123.8654322, "amenity_type": "tertiary", "amenity": "Unnamed road corridor", "lgu": "Cebu City" }, "geometry": { "type": "Point", "coordinates": [ 123.8654322, 10.3780074 ] } },
{ "type": "Feature", "properties": { "id": 159782894, "lat": 10.3044126, "lon": 123.8991604, "amenity_type": "tertiary", "amenity": "F. Ramos Extension", "lgu": "Cebu City" }, "geometry": { "type": "Point", "coordinates": [ 123.8991604, 10.3044126 ] } },
{ "type": "Feature", "properties": { "id": 159782899, "lat": 10.307701, "lon": 123.8993185, "amenity_type": "tertiary", "amenity": "Natividad B. Toring Street", "lgu": "Cebu City" }, "geometry": { "type": "Point", "coordinates": [ 123.8993185, 10.307701 ] } },
{ "type": "Feature", "properties": { "id": 160891959, "lat": 10.3124146, "lon": 123.9004742, "amenity_type": "tertiary", "amenity": "F. Sotto Drive", "lgu": "Cebu City" }, "geometry": { "type": "Point", "coordinates": [ 123.9004742, 10.3124146 ] } },
{ "type": "Feature", "properties": { "id": 160891960, "lat": 10.3119321, "lon": 123.900144, "amenity_type": "tertiary", "amenity": "F. Sotto Drive", "lgu": "Cebu City" }, "geometry": { "type": "Point", "coordinates": [ 123.900144, 10.3119321 ] } },
{ "type": "Feature", "properties": { "id": 160891963, "lat": 10.3128545, "lon": 123.8997008, "amenity_type": "tertiary", "amenity": "Queens' Road", "lgu": "Cebu City" }, "geometry": { "type": "Point", "coordinates": [ 123.8997008, 10.3128545 ] } },
{ "type": "Feature", "properties": { "id": 160891965, "lat": 10.3115468, "lon": 123.9002167, "amenity_type": "secondary", "amenity": "General Maxilom Avenue", "lgu": "Cebu City" }, "geometry": { "type": "Point", "coordinates": [ 123.9002167, 10.3115468 ] } },
{ "type": "Feature", "properties": { "id": 160891967, "lat": 10.3115409, "lon": 123.9006264, "amenity_type": "secondary", "amenity": "General Maxilom Avenue", "lgu": "Cebu City" }, "geometry": { "type": "Point", "coordinates": [ 123.9006264, 10.3115409 ] } },
{ "type": "Feature", "properties": { "id": 160891969, "lat": 10.3114446, "lon": 123.9011277, "amenity_type": "secondary", "amenity": "General Maxilom Avenue", "lgu": "Cebu City" }, "geometry": { "type": "Point", "coordinates": [ 123.9011277, 10.3114446 ] } },
{ "type": "Feature", "properties": { "id": 160891970, "lat": 10.3114871, "lon": 123.9006268, "amenity_type": "secondary", "amenity": "General Maxilom Avenue", "lgu": "Cebu City" }, "geometry": { "type": "Point", "coordinates": [ 123.9006268, 10.3114871 ] } },
{ "type": "Feature", "properties": { "id": 161842494, "lat": 10.371713, "lon": 123.8565356, "amenity_type": "tertiary", "amenity": "Unnamed road corridor", "lgu": "Cebu City" }, "geometry": { "type": "Point", "coordinates": [ 123.8565356, 10.371713 ] } },
{ "type": "Feature", "properties": { "id": 202797690, "lat": 10.3123591, "lon": 123.8929863, "amenity_type": "tertiary", "amenity": "Governor M. Roa Street", "lgu": "Cebu City" }, "geometry": { "type": "Point", "coordinates": [ 123.8929863, 10.3123591 ] } },
{ "type": "Feature", "properties": { "id": 208163289, "lat": 10.3358948, "lon": 123.9071746, "amenity_type": "tertiary", "amenity": "Omega Street", "lgu": "Cebu City" }, "geometry": { "type": "Point", "coordinates": [ 123.9071746, 10.3358948 ] } },
{ "type": "Feature", "properties": { "id": 208163300, "lat": 10.2916095, "lon": 123.903256, "amenity_type": "tertiary", "amenity": "M.L. Quezon Boulevard", "lgu": "Cebu City" }, "geometry": { "type": "Point", "coordinates": [ 123.903256, 10.2916095 ] } },
{ "type": "Feature", "properties": { "id": 208507294, "lat": 10.3490962, "lon": 123.8908337, "amenity_type": "primary", "amenity": "Cebu-Balamban Transcentral Highway", "lgu": "Cebu City" }, "geometry": { "type": "Point", "coordinates": [ 123.8908337, 10.3490962 ] } },
{ "type": "Feature", "properties": { "id": 209903215, "lat": 10.2951645, "lon": 123.906649, "amenity_type": "trunk", "amenity": "Cebu South Coastal Road", "lgu": "Cebu City" }, "geometry": { "type": "Point", "coordinates": [ 123.906649, 10.2951645 ] } },
{ "type": "Feature", "properties": { "id": 209903555, "lat": 10.2966952, "lon": 123.907536, "amenity_type": "trunk", "amenity": "Sergio Osmeña Avenue", "lgu": "Cebu City" }, "geometry": { "type": "Point", "coordinates": [ 123.907536, 10.2966952 ] } },
{ "type": "Feature", "properties": { "id": 209950114, "lat": 10.3653761, "lon": 123.9140053, "amenity_type": "secondary", "amenity": "Governor M. Cuenco Avenue", "lgu": "Cebu City" }, "geometry": { "type": "Point", "coordinates": [ 123.9140053, 10.3653761 ] } },
{ "type": "Feature", "properties": { "id": 209950115, "lat": 10.3653577, "lon": 123.9139598, "amenity_type": "secondary", "amenity": "Governor M. Cuenco Avenue", "lgu": "Cebu City" }, "geometry": { "type": "Point", "coordinates": [ 123.9139598, 10.3653577 ] } },
{ "type": "Feature", "properties": { "id": 209950116, "lat": 10.3658104, "lon": 123.9138324, "amenity_type": "secondary", "amenity": "Governor M. Cuenco Avenue", "lgu": "Cebu City" }, "geometry": { "type": "Point", "coordinates": [ 123.9138324, 10.3658104 ] } },
{ "type": "Feature", "properties": { "id": 209950117, "lat": 10.3664316, "lon": 123.9139234, "amenity_type": "secondary", "amenity": "Governor M. Cuenco Avenue", "lgu": "Cebu City" }, "geometry": { "type": "Point", "coordinates": [ 123.9139234, 10.3664316 ] } },
{ "type": "Feature", "properties": { "id": 209950118, "lat": 10.3658184, "lon": 123.9139252, "amenity_type": "secondary", "amenity": "Governor M. Cuenco Avenue", "lgu": "Cebu City" }, "geometry": { "type": "Point", "coordinates": [ 123.9139252, 10.3658184 ] } },
{ "type": "Feature", "properties": { "id": 209996710, "lat": 10.3664413, "lon": 123.9138373, "amenity_type": "secondary", "amenity": "Governor M. Cuenco Avenue", "lgu": "Cebu City" }, "geometry": { "type": "Point", "coordinates": [ 123.9138373, 10.3664413 ] } },
{ "type": "Feature", "properties": { "id": 210004602, "lat": 10.3073903, "lon": 123.906566, "amenity_type": "secondary", "amenity": "M.J. Cuenco Avenue", "lgu": "Cebu City" }, "geometry": { "type": "Point", "coordinates": [ 123.906566, 10.3073903 ] } },
{ "type": "Feature", "properties": { "id": 211374684, "lat": 10.299237, "lon": 123.8961759, "amenity_type": "primary", "amenity": "P. del Rosario Street", "lgu": "Cebu City" }, "geometry": { "type": "Point", "coordinates": [ 123.8961759, 10.299237 ] } },
{ "type": "Feature", "properties": { "id": 211375163, "lat": 10.2995649, "lon": 123.8968048, "amenity_type": "primary", "amenity": "P. del Rosario Street", "lgu": "Cebu City" }, "geometry": { "type": "Point", "coordinates": [ 123.8968048, 10.2995649 ] } },
{ "type": "Feature", "properties": { "id": 213453376, "lat": 10.2977996, "lon": 123.9037493, "amenity_type": "tertiary", "amenity": "Mabini Street", "lgu": "Cebu City" }, "geometry": { "type": "Point", "coordinates": [ 123.9037493, 10.2977996 ] } },
{ "type": "Feature", "properties": { "id": 213467354, "lat": 10.2986174, "lon": 123.9037042, "amenity_type": "secondary", "amenity": "Mabini Street", "lgu": "Cebu City" }, "geometry": { "type": "Point", "coordinates": [ 123.9037042, 10.2986174 ] } },
{ "type": "Feature", "properties": { "id": 213467356, "lat": 10.2985555, "lon": 123.9048958, "amenity_type": "tertiary", "amenity": "Zulueta Street", "lgu": "Cebu City" }, "geometry": { "type": "Point", "coordinates": [ 123.9048958, 10.2985555 ] } },
{ "type": "Feature", "properties": { "id": 214574260, "lat": 10.3562013, "lon": 123.8931391, "amenity_type": "tertiary", "amenity": "Paseo Salud", "lgu": "Cebu City" }, "geometry": { "type": "Point", "coordinates": [ 123.8931391, 10.3562013 ] } },
{ "type": "Feature", "properties": { "id": 214574262, "lat": 10.3555007, "lon": 123.8903579, "amenity_type": "tertiary", "amenity": "Paseo John-John", "lgu": "Cebu City" }, "geometry": { "type": "Point", "coordinates": [ 123.8903579, 10.3555007 ] } },
{ "type": "Feature", "properties": { "id": 214574306, "lat": 10.355603, "lon": 123.896063, "amenity_type": "tertiary", "amenity": "Paseo Michel", "lgu": "Cebu City" }, "geometry": { "type": "Point", "coordinates": [ 123.896063, 10.355603 ] } },
{ "type": "Feature", "properties": { "id": 220299915, "lat": 10.3061891, "lon": 123.8780101, "amenity_type": "tertiary", "amenity": "Dr. Pablo Abella Street", "lgu": "Cebu City" }, "geometry": { "type": "Point", "coordinates": [ 123.8780101, 10.3061891 ] } },
{ "type": "Feature", "properties": { "id": 221565574, "lat": 10.346213, "lon": 123.8670331, "amenity_type": "tertiary", "amenity": "Kalunasan Road", "lgu": "Cebu City" }, "geometry": { "type": "Point", "coordinates": [ 123.8670331, 10.346213 ] } },
{ "type": "Feature", "properties": { "id": 223358260, "lat": 10.2954202, "lon": 123.8933702, "amenity_type": "tertiary", "amenity": "Panganiban Street", "lgu": "Cebu City" }, "geometry": { "type": "Point", "coordinates": [ 123.8933702, 10.2954202 ] } },
{ "type": "Feature", "properties": { "id": 225540239, "lat": 10.2971292, "lon": 123.8920665, "amenity_type": "tertiary", "amenity": "Panganiban Street", "lgu": "Cebu City" }, "geometry": { "type": "Point", "coordinates": [ 123.8920665, 10.2971292 ] } },
{ "type": "Feature", "properties": { "id": 231454461, "lat": 10.2977308, "lon": 123.8850681, "amenity_type": "tertiary", "amenity": "Tres de Abril Street", "lgu": "Cebu City" }, "geometry": { "type": "Point", "coordinates": [ 123.8850681, 10.2977308 ] } },
{ "type": "Feature", "properties": { "id": 231454463, "lat": 10.2977756, "lon": 123.8861622, "amenity_type": "secondary", "amenity": "Katipunan Street", "lgu": "Cebu City" }, "geometry": { "type": "Point", "coordinates": [ 123.8861622, 10.2977756 ] } },
{ "type": "Feature", "properties": { "id": 233472314, "lat": 10.2976142, "lon": 123.9037711, "amenity_type": "tertiary", "amenity": "Mabini Street", "lgu": "Cebu City" }, "geometry": { "type": "Point", "coordinates": [ 123.9037711, 10.2976142 ] } },
{ "type": "Feature", "properties": { "id": 233472315, "lat": 10.2973747, "lon": 123.9037991, "amenity_type": "tertiary", "amenity": "Mabini Street", "lgu": "Cebu City" }, "geometry": { "type": "Point", "coordinates": [ 123.9037991, 10.2973747 ] } },
{ "type": "Feature", "properties": { "id": 233472316, "lat": 10.29807, "lon": 123.9060026, "amenity_type": "secondary", "amenity": "M.J. Cuenco Avenue", "lgu": "Cebu City" }, "geometry": { "type": "Point", "coordinates": [ 123.9060026, 10.29807 ] } },
{ "type": "Feature", "properties": { "id": 233472318, "lat": 10.2977196, "lon": 123.9059376, "amenity_type": "secondary", "amenity": "M.J. Cuenco Avenue", "lgu": "Cebu City" }, "geometry": { "type": "Point", "coordinates": [ 123.9059376, 10.2977196 ] } },
{ "type": "Feature", "properties": { "id": 233472319, "lat": 10.297448, "lon": 123.9078171, "amenity_type": "trunk", "amenity": "Sergio Osmeña Avenue", "lgu": "Cebu City" }, "geometry": { "type": "Point", "coordinates": [ 123.9078171, 10.297448 ] } },
{ "type": "Feature", "properties": { "id": 233472320, "lat": 10.2983937, "lon": 123.9084237, "amenity_type": "trunk", "amenity": "Sergio Osmeña Avenue", "lgu": "Cebu City" }, "geometry": { "type": "Point", "coordinates": [ 123.9084237, 10.2983937 ] } },
{ "type": "Feature", "properties": { "id": 233472321, "lat": 10.2974059, "lon": 123.9078892, "amenity_type": "trunk", "amenity": "Sergio Osmeña Avenue", "lgu": "Cebu City" }, "geometry": { "type": "Point", "coordinates": [ 123.9078892, 10.2974059 ] } },
{ "type": "Feature", "properties": { "id": 233472322, "lat": 10.2967372, "lon": 123.9074668, "amenity_type": "trunk", "amenity": "Sergio Osmeña Avenue", "lgu": "Cebu City" }, "geometry": { "type": "Point", "coordinates": [ 123.9074668, 10.2967372 ] } },
{ "type": "Feature", "properties": { "id": 233472323, "lat": 10.2967748, "lon": 123.9088797, "amenity_type": "tertiary", "amenity": "C. Arellano Boulevard", "lgu": "Cebu City" }, "geometry": { "type": "Point", "coordinates": [ 123.9088797, 10.2967748 ] } },
{ "type": "Feature", "properties": { "id": 233472324, "lat": 10.2974202, "lon": 123.9092189, "amenity_type": "tertiary", "amenity": "C. Arellano Boulevard", "lgu": "Cebu City" }, "geometry": { "type": "Point", "coordinates": [ 123.9092189, 10.2974202 ] } },
{ "type": "Feature", "properties": { "id": 234946827, "lat": 10.3170809, "lon": 123.9284114, "amenity_type": "trunk", "amenity": "Ouano Avenue", "lgu": "Cebu City" }, "geometry": { "type": "Point", "coordinates": [ 123.9284114, 10.3170809 ] } },
{ "type": "Feature", "properties": { "id": 234947397, "lat": 10.3196886, "lon": 123.9298289, "amenity_type": "secondary", "amenity": "E.O. Perez Street", "lgu": "Cebu City" }, "geometry": { "type": "Point", "coordinates": [ 123.9298289, 10.3196886 ] } },
{ "type": "Feature", "properties": { "id": 234947400, "lat": 10.3200861, "lon": 123.9289937, "amenity_type": "tertiary", "amenity": "F.F. Cruz Avenue", "lgu": "Cebu City" }, "geometry": { "type": "Point", "coordinates": [ 123.9289937, 10.3200861 ] } },
{ "type": "Feature", "properties": { "id": 234947405, "lat": 10.3188186, "lon": 123.9283654, "amenity_type": "tertiary", "amenity": "F.F. Cruz Avenue", "lgu": "Cebu City" }, "geometry": { "type": "Point", "coordinates": [ 123.9283654, 10.3188186 ] } },
{ "type": "Feature", "properties": { "id": 235306720, "lat": 10.3042445, "lon": 123.8931673, "amenity_type": "tertiary", "amenity": "Ascension Street", "lgu": "Cebu City" }, "geometry": { "type": "Point", "coordinates": [ 123.8931673, 10.3042445 ] } },
{ "type": "Feature", "properties": { "id": 235308607, "lat": 10.2969767, "lon": 123.8948851, "amenity_type": "tertiary", "amenity": "Sanciangko Street", "lgu": "Cebu City" }, "geometry": { "type": "Point", "coordinates": [ 123.8948851, 10.2969767 ] } },
{ "type": "Feature", "properties": { "id": 235308608, "lat": 10.2950162, "lon": 123.8954074, "amenity_type": "secondary", "amenity": "Colon Street", "lgu": "Cebu City" }, "geometry": { "type": "Point", "coordinates": [ 123.8954074, 10.2950162 ] } },
{ "type": "Feature", "properties": { "id": 235308610, "lat": 10.2990107, "lon": 123.8981811, "amenity_type": "tertiary", "amenity": "Pelaez Street", "lgu": "Cebu City" }, "geometry": { "type": "Point", "coordinates": [ 123.8981811, 10.2990107 ] } },
{ "type": "Feature", "properties": { "id": 235308611, "lat": 10.2963875, "lon": 123.8962707, "amenity_type": "tertiary", "amenity": "Leon Kilat Street", "lgu": "Cebu City" }, "geometry": { "type": "Point", "coordinates": [ 123.8962707, 10.2963875 ] } },
{ "type": "Feature", "properties": { "id": 235308614, "lat": 10.2989567, "lon": 123.8952077, "amenity_type": "tertiary", "amenity": "J. Alcantara Street", "lgu": "Cebu City" }, "geometry": { "type": "Point", "coordinates": [ 123.8952077, 10.2989567 ] } },
{ "type": "Feature", "properties": { "id": 235308615, "lat": 10.2986779, "lon": 123.8956008, "amenity_type": "tertiary", "amenity": "Leon Kilat Street", "lgu": "Cebu City" }, "geometry": { "type": "Point", "coordinates": [ 123.8956008, 10.2986779 ] } },
{ "type": "Feature", "properties": { "id": 235308616, "lat": 10.3048046, "lon": 123.8927186, "amenity_type": "tertiary", "amenity": "V. Urgello Street", "lgu": "Cebu City" }, "geometry": { "type": "Point", "coordinates": [ 123.8927186, 10.3048046 ] } },
{ "type": "Feature", "properties": { "id": 235308617, "lat": 10.2966767, "lon": 123.899157, "amenity_type": "tertiary", "amenity": "Legaspi Street", "lgu": "Cebu City" }, "geometry": { "type": "Point", "coordinates": [ 123.899157, 10.2966767 ] } },
{ "type": "Feature", "properties": { "id": 235308618, "lat": 10.2979622, "lon": 123.8978905, "amenity_type": "tertiary", "amenity": "Sanciangko Street", "lgu": "Cebu City" }, "geometry": { "type": "Point", "coordinates": [ 123.8978905, 10.2979622 ] } },
{ "type": "Feature", "properties": { "id": 235310450, "lat": 10.2998823, "lon": 123.9038343, "amenity_type": "secondary", "amenity": "Mabini Street", "lgu": "Cebu City" }, "geometry": { "type": "Point", "coordinates": [ 123.9038343, 10.2998823 ] } },
{ "type": "Feature", "properties": { "id": 235310454, "lat": 10.3067702, "lon": 123.9100749, "amenity_type": "secondary", "amenity": "General Maxilom Avenue Extension", "lgu": "Cebu City" }, "geometry": { "type": "Point", "coordinates": [ 123.9100749, 10.3067702 ] } },
{ "type": "Feature", "properties": { "id": 235310459, "lat": 10.2959873, "lon": 123.8997539, "amenity_type": "tertiary", "amenity": "Vicente Gullas Street", "lgu": "Cebu City" }, "geometry": { "type": "Point", "coordinates": [ 123.8997539, 10.2959873 ] } },
{ "type": "Feature", "properties": { "id": 235310463, "lat": 10.2970131, "lon": 123.9057931, "amenity_type": "secondary", "amenity": "M.J. Cuenco Avenue", "lgu": "Cebu City" }, "geometry": { "type": "Point", "coordinates": [ 123.9057931, 10.2970131 ] } },
{ "type": "Feature", "properties": { "id": 235314414, "lat": 10.307091, "lon": 123.909788, "amenity_type": "secondary", "amenity": "General Maxilom Avenue Extension", "lgu": "Cebu City" }, "geometry": { "type": "Point", "coordinates": [ 123.909788, 10.307091 ] } },
{ "type": "Feature", "properties": { "id": 235314416, "lat": 10.3017881, "lon": 123.90961, "amenity_type": "tertiary", "amenity": "T. Padilla Street", "lgu": "Cebu City" }, "geometry": { "type": "Point", "coordinates": [ 123.90961, 10.3017881 ] } },
{ "type": "Feature", "properties": { "id": 235314418, "lat": 10.3204991, "lon": 123.9260572, "amenity_type": "secondary", "amenity": "M. Logarta Avenue", "lgu": "Cebu City" }, "geometry": { "type": "Point", "coordinates": [ 123.9260572, 10.3204991 ] } },
{ "type": "Feature", "properties": { "id": 235314420, "lat": 10.3061236, "lon": 123.9106154, "amenity_type": "secondary", "amenity": "General Maxilom Avenue Extension", "lgu": "Cebu City" }, "geometry": { "type": "Point", "coordinates": [ 123.9106154, 10.3061236 ] } },
{ "type": "Feature", "properties": { "id": 235314421, "lat": 10.3019406, "lon": 123.9074474, "amenity_type": "tertiary", "amenity": "T. Padilla Street", "lgu": "Cebu City" }, "geometry": { "type": "Point", "coordinates": [ 123.9074474, 10.3019406 ] } },
{ "type": "Feature", "properties": { "id": 235314845, "lat": 10.3204683, "lon": 123.9277211, "amenity_type": "secondary", "amenity": "E.O. Perez Street", "lgu": "Cebu City" }, "geometry": { "type": "Point", "coordinates": [ 123.9277211, 10.3204683 ] } },
{ "type": "Feature", "properties": { "id": 235317803, "lat": 10.321888, "lon": 123.930323, "amenity_type": "tertiary", "amenity": "F.F. Cruz Avenue", "lgu": "Cebu City" }, "geometry": { "type": "Point", "coordinates": [ 123.930323, 10.321888 ] } },
{ "type": "Feature", "properties": { "id": 235384735, "lat": 10.3192373, "lon": 123.8996238, "amenity_type": "secondary", "amenity": "Gorordo Avenue", "lgu": "Cebu City" }, "geometry": { "type": "Point", "coordinates": [ 123.8996238, 10.3192373 ] } },
{ "type": "Feature", "properties": { "id": 235384736, "lat": 10.3132962, "lon": 123.9173579, "amenity_type": "secondary", "amenity": "A. Soriano Jr. Avenue", "lgu": "Cebu City" }, "geometry": { "type": "Point", "coordinates": [ 123.9173579, 10.3132962 ] } },
{ "type": "Feature", "properties": { "id": 235384737, "lat": 10.3125523, "lon": 123.9161326, "amenity_type": "primary", "amenity": "Juan Luna Avenue", "lgu": "Cebu City" }, "geometry": { "type": "Point", "coordinates": [ 123.9161326, 10.3125523 ] } },
{ "type": "Feature", "properties": { "id": 235384968, "lat": 10.31906, "lon": 123.9117069, "amenity_type": "primary", "amenity": "Pope John Paul Ⅱ Avenue", "lgu": "Cebu City" }, "geometry": { "type": "Point", "coordinates": [ 123.9117069, 10.31906 ] } },
{ "type": "Feature", "properties": { "id": 235384969, "lat": 10.31834, "lon": 123.9079546, "amenity_type": "secondary", "amenity": "Cardinal Rosales Avenue", "lgu": "Cebu City" }, "geometry": { "type": "Point", "coordinates": [ 123.9079546, 10.31834 ] } },
{ "type": "Feature", "properties": { "id": 235384970, "lat": 10.3170533, "lon": 123.9086888, "amenity_type": "tertiary", "amenity": "Samar Loop", "lgu": "Cebu City" }, "geometry": { "type": "Point", "coordinates": [ 123.9086888, 10.3170533 ] } },
{ "type": "Feature", "properties": { "id": 235386284, "lat": 10.3088219, "lon": 123.9191775, "amenity_type": "trunk", "amenity": "Sergio Osmeña Avenue", "lgu": "Cebu City" }, "geometry": { "type": "Point", "coordinates": [ 123.9191775, 10.3088219 ] } },
{ "type": "Feature", "properties": { "id": 235386285, "lat": 10.3096918, "lon": 123.9183756, "amenity_type": "primary", "amenity": "Juan Luna Avenue", "lgu": "Cebu City" }, "geometry": { "type": "Point", "coordinates": [ 123.9183756, 10.3096918 ] } },
{ "type": "Feature", "properties": { "id": 235386286, "lat": 10.3128595, "lon": 123.9192065, "amenity_type": "secondary", "amenity": "Kaohsiung Street", "lgu": "Cebu City" }, "geometry": { "type": "Point", "coordinates": [ 123.9192065, 10.3128595 ] } },
{ "type": "Feature", "properties": { "id": 235388694, "lat": 10.305814, "lon": 123.9109908, "amenity_type": "secondary", "amenity": "General Maxilom Avenue Extension", "lgu": "Cebu City" }, "geometry": { "type": "Point", "coordinates": [ 123.9109908, 10.305814 ] } },
{ "type": "Feature", "properties": { "id": 235388695, "lat": 10.3071607, "lon": 123.909845, "amenity_type": "secondary", "amenity": "General Maxilom Avenue Extension", "lgu": "Cebu City" }, "geometry": { "type": "Point", "coordinates": [ 123.909845, 10.3071607 ] } },
{ "type": "Feature", "properties": { "id": 235388696, "lat": 10.3068242, "lon": 123.9101495, "amenity_type": "secondary", "amenity": "General Maxilom Avenue Extension", "lgu": "Cebu City" }, "geometry": { "type": "Point", "coordinates": [ 123.9101495, 10.3068242 ] } },
{ "type": "Feature", "properties": { "id": 235388767, "lat": 10.3010151, "lon": 123.9027, "amenity_type": "tertiary", "amenity": "Sikatuna Street", "lgu": "Cebu City" }, "geometry": { "type": "Point", "coordinates": [ 123.9027, 10.3010151 ] } },
{ "type": "Feature", "properties": { "id": 235390026, "lat": 10.2927746, "lon": 123.9041827, "amenity_type": "secondary", "amenity": "M.J. Cuenco Avenue", "lgu": "Cebu City" }, "geometry": { "type": "Point", "coordinates": [ 123.9041827, 10.2927746 ] } },
{ "type": "Feature", "properties": { "id": 235390027, "lat": 10.3062412, "lon": 123.9050785, "amenity_type": "primary", "amenity": "Imus Avenue", "lgu": "Cebu City" }, "geometry": { "type": "Point", "coordinates": [ 123.9050785, 10.3062412 ] } },
{ "type": "Feature", "properties": { "id": 235390028, "lat": 10.2964784, "lon": 123.8931774, "amenity_type": "tertiary", "amenity": "Sanciangko Street", "lgu": "Cebu City" }, "geometry": { "type": "Point", "coordinates": [ 123.8931774, 10.2964784 ] } },
{ "type": "Feature", "properties": { "id": 235390029, "lat": 10.2928746, "lon": 123.8986314, "amenity_type": "tertiary", "amenity": "Manalili Street", "lgu": "Cebu City" }, "geometry": { "type": "Point", "coordinates": [ 123.8986314, 10.2928746 ] } },
{ "type": "Feature", "properties": { "id": 235390030, "lat": 10.2979905, "lon": 123.8915184, "amenity_type": "tertiary", "amenity": "Panganiban Street", "lgu": "Cebu City" }, "geometry": { "type": "Point", "coordinates": [ 123.8915184, 10.2979905 ] } },
{ "type": "Feature", "properties": { "id": 235390255, "lat": 10.2977378, "lon": 123.890538, "amenity_type": "primary", "amenity": "Natalio Bacalso Avenue", "lgu": "Cebu City" }, "geometry": { "type": "Point", "coordinates": [ 123.890538, 10.2977378 ] } },
{ "type": "Feature", "properties": { "id": 235464417, "lat": 10.3211712, "lon": 123.904357, "amenity_type": "secondary", "amenity": "Archbishop Reyes Avenue", "lgu": "Cebu City" }, "geometry": { "type": "Point", "coordinates": [ 123.904357, 10.3211712 ] } },
{ "type": "Feature", "properties": { "id": 235464418, "lat": 10.3167899, "lon": 123.9021838, "amenity_type": "secondary", "amenity": "Archbishop Reyes Avenue", "lgu": "Cebu City" }, "geometry": { "type": "Point", "coordinates": [ 123.9021838, 10.3167899 ] } },
{ "type": "Feature", "properties": { "id": 235464420, "lat": 10.3190667, "lon": 123.9032322, "amenity_type": "secondary", "amenity": "Archbishop Reyes Avenue", "lgu": "Cebu City" }, "geometry": { "type": "Point", "coordinates": [ 123.9032322, 10.3190667 ] } },
{ "type": "Feature", "properties": { "id": 235464444, "lat": 10.3198037, "lon": 123.9035246, "amenity_type": "secondary", "amenity": "Archbishop Reyes Avenue", "lgu": "Cebu City" }, "geometry": { "type": "Point", "coordinates": [ 123.9035246, 10.3198037 ] } },
{ "type": "Feature", "properties": { "id": 235464553, "lat": 10.318491, "lon": 123.8996152, "amenity_type": "secondary", "amenity": "N. Escario Street", "lgu": "Cebu City" }, "geometry": { "type": "Point", "coordinates": [ 123.8996152, 10.318491 ] } },
{ "type": "Feature", "properties": { "id": 235465333, "lat": 10.2975045, "lon": 123.8789848, "amenity_type": "tertiary", "amenity": "Tres de Abril Street", "lgu": "Cebu City" }, "geometry": { "type": "Point", "coordinates": [ 123.8789848, 10.2975045 ] } },
{ "type": "Feature", "properties": { "id": 235465334, "lat": 10.2959489, "lon": 123.8699581, "amenity_type": "secondary", "amenity": "Francisco Llamas Street", "lgu": "Cebu City" }, "geometry": { "type": "Point", "coordinates": [ 123.8699581, 10.2959489 ] } },
{ "type": "Feature", "properties": { "id": 235465335, "lat": 10.2986361, "lon": 123.8826738, "amenity_type": "secondary", "amenity": "Katipunan Street", "lgu": "Cebu City" }, "geometry": { "type": "Point", "coordinates": [ 123.8826738, 10.2986361 ] } },
{ "type": "Feature", "properties": { "id": 235465336, "lat": 10.3165507, "lon": 123.8899957, "amenity_type": "secondary", "amenity": "G. Garcia Street", "lgu": "Cebu City" }, "geometry": { "type": "Point", "coordinates": [ 123.8899957, 10.3165507 ] } },
{ "type": "Feature", "properties": { "id": 235466214, "lat": 10.3079203, "lon": 123.8866807, "amenity_type": "secondary", "amenity": "Vicente Rama Avenue", "lgu": "Cebu City" }, "geometry": { "type": "Point", "coordinates": [ 123.8866807, 10.3079203 ] } },
{ "type": "Feature", "properties": { "id": 235466215, "lat": 10.3162972, "lon": 123.9058703, "amenity_type": "secondary", "amenity": "Cardinal Rosales Avenue", "lgu": "Cebu City" }, "geometry": { "type": "Point", "coordinates": [ 123.9058703, 10.3162972 ] } },
{ "type": "Feature", "properties": { "id": 235466216, "lat": 10.3177152, "lon": 123.9026, "amenity_type": "secondary", "amenity": "Archbishop Reyes Avenue", "lgu": "Cebu City" }, "geometry": { "type": "Point", "coordinates": [ 123.9026, 10.3177152 ] } },
{ "type": "Feature", "properties": { "id": 235466219, "lat": 10.3162356, "lon": 123.9057893, "amenity_type": "tertiary", "amenity": "Samar Loop", "lgu": "Cebu City" }, "geometry": { "type": "Point", "coordinates": [ 123.9057893, 10.3162356 ] } },
{ "type": "Feature", "properties": { "id": 235466223, "lat": 10.3098832, "lon": 123.9052195, "amenity_type": "secondary", "amenity": "General Maxilom Avenue", "lgu": "Cebu City" }, "geometry": { "type": "Point", "coordinates": [ 123.9052195, 10.3098832 ] } },
{ "type": "Feature", "properties": { "id": 235466224, "lat": 10.3140545, "lon": 123.9022671, "amenity_type": "secondary", "amenity": "Gorordo Avenue", "lgu": "Cebu City" }, "geometry": { "type": "Point", "coordinates": [ 123.9022671, 10.3140545 ] } },
{ "type": "Feature", "properties": { "id": 235466225, "lat": 10.2969395, "lon": 123.8870807, "amenity_type": "primary", "amenity": "Natalio Bacalso Avenue", "lgu": "Cebu City" }, "geometry": { "type": "Point", "coordinates": [ 123.8870807, 10.2969395 ] } },
{ "type": "Feature", "properties": { "id": 235466226, "lat": 10.2972124, "lon": 123.8886637, "amenity_type": "primary", "amenity": "Natalio Bacalso Avenue", "lgu": "Cebu City" }, "geometry": { "type": "Point", "coordinates": [ 123.8886637, 10.2972124 ] } },
{ "type": "Feature", "properties": { "id": 235634434, "lat": 10.3859003, "lon": 123.8558625, "amenity_type": "primary", "amenity": "Cebu-Balamban Transcentral Highway", "lgu": "Cebu City" }, "geometry": { "type": "Point", "coordinates": [ 123.8558625, 10.3859003 ] } },
{ "type": "Feature", "properties": { "id": 235634706, "lat": 10.3161125, "lon": 123.8902213, "amenity_type": "secondary", "amenity": "N. Escario Street", "lgu": "Cebu City" }, "geometry": { "type": "Point", "coordinates": [ 123.8902213, 10.3161125 ] } },
{ "type": "Feature", "properties": { "id": 235634716, "lat": 10.3162118, "lon": 123.8910014, "amenity_type": "secondary", "amenity": "N. Escario Street", "lgu": "Cebu City" }, "geometry": { "type": "Point", "coordinates": [ 123.8910014, 10.3162118 ] } },
{ "type": "Feature", "properties": { "id": 235634863, "lat": 10.3097731, "lon": 123.8927494, "amenity_type": "secondary", "amenity": "Fuente Osmeña Circle", "lgu": "Cebu City" }, "geometry": { "type": "Point", "coordinates": [ 123.8927494, 10.3097731 ] } },
{ "type": "Feature", "properties": { "id": 235635149, "lat": 10.2997372, "lon": 123.8968227, "amenity_type": "secondary", "amenity": "Osmeña Boulevard", "lgu": "Cebu City" }, "geometry": { "type": "Point", "coordinates": [ 123.8968227, 10.2997372 ] } },
{ "type": "Feature", "properties": { "id": 235635423, "lat": 10.2958571, "lon": 123.8973656, "amenity_type": "secondary", "amenity": "Colon Street", "lgu": "Cebu City" }, "geometry": { "type": "Point", "coordinates": [ 123.8973656, 10.2958571 ] } },
{ "type": "Feature", "properties": { "id": 235635468, "lat": 10.2960527, "lon": 123.8951545, "amenity_type": "tertiary", "amenity": "A. Borromeo Street", "lgu": "Cebu City" }, "geometry": { "type": "Point", "coordinates": [ 123.8951545, 10.2960527 ] } },
{ "type": "Feature", "properties": { "id": 235635721, "lat": 10.2933089, "lon": 123.8962487, "amenity_type": "tertiary", "amenity": "Magallanes Street", "lgu": "Cebu City" }, "geometry": { "type": "Point", "coordinates": [ 123.8962487, 10.2933089 ] } },
{ "type": "Feature", "properties": { "id": 235635722, "lat": 10.2934863, "lon": 123.8971315, "amenity_type": "tertiary", "amenity": "Magallanes Street", "lgu": "Cebu City" }, "geometry": { "type": "Point", "coordinates": [ 123.8971315, 10.2934863 ] } },
{ "type": "Feature", "properties": { "id": 235636725, "lat": 10.2928138, "lon": 123.8972995, "amenity_type": "tertiary", "amenity": "Escaño Street", "lgu": "Cebu City" }, "geometry": { "type": "Point", "coordinates": [ 123.8972995, 10.2928138 ] } },
{ "type": "Feature", "properties": { "id": 235636726, "lat": 10.2915896, "lon": 123.8979186, "amenity_type": "tertiary", "amenity": "M.C. Briones Street", "lgu": "Cebu City" }, "geometry": { "type": "Point", "coordinates": [ 123.8979186, 10.2915896 ] } },
{ "type": "Feature", "properties": { "id": 235636727, "lat": 10.2939232, "lon": 123.9048092, "amenity_type": "secondary", "amenity": "M.J. Cuenco Avenue", "lgu": "Cebu City" }, "geometry": { "type": "Point", "coordinates": [ 123.9048092, 10.2939232 ] } },
{ "type": "Feature", "properties": { "id": 235636728, "lat": 10.2937552, "lon": 123.9040196, "amenity_type": "secondary", "amenity": "Osmeña Boulevard", "lgu": "Cebu City" }, "geometry": { "type": "Point", "coordinates": [ 123.9040196, 10.2937552 ] } },
{ "type": "Feature", "properties": { "id": 235636767, "lat": 10.2942032, "lon": 123.9039254, "amenity_type": "tertiary", "amenity": "Lapu-Lapu Street", "lgu": "Cebu City" }, "geometry": { "type": "Point", "coordinates": [ 123.9039254, 10.2942032 ] } },
{ "type": "Feature", "properties": { "id": 235636841, "lat": 10.2947116, "lon": 123.90372, "amenity_type": "tertiary", "amenity": "Legaspi Street", "lgu": "Cebu City" }, "geometry": { "type": "Point", "coordinates": [ 123.90372, 10.2947116 ] } },
{ "type": "Feature", "properties": { "id": 235636887, "lat": 10.3003566, "lon": 123.8983288, "amenity_type": "primary", "amenity": "P. del Rosario Street", "lgu": "Cebu City" }, "geometry": { "type": "Point", "coordinates": [ 123.8983288, 10.3003566 ] } },
{ "type": "Feature", "properties": { "id": 235639065, "lat": 10.4114273, "lon": 123.8497096, "amenity_type": "primary", "amenity": "Cebu-Balamban Transcentral Highway", "lgu": "Cebu City" }, "geometry": { "type": "Point", "coordinates": [ 123.8497096, 10.4114273 ] } },
{ "type": "Feature", "properties": { "id": 236092220, "lat": 10.3398063, "lon": 123.9060279, "amenity_type": "tertiary", "amenity": "Camp Lapu-Lapu Road", "lgu": "Cebu City" }, "geometry": { "type": "Point", "coordinates": [ 123.9060279, 10.3398063 ] } },
{ "type": "Feature", "properties": { "id": 236092573, "lat": 10.3364347, "lon": 123.9077693, "amenity_type": "tertiary", "amenity": "San Miguel Street", "lgu": "Cebu City" }, "geometry": { "type": "Point", "coordinates": [ 123.9077693, 10.3364347 ] } },
{ "type": "Feature", "properties": { "id": 236092574, "lat": 10.3339257, "lon": 123.9071757, "amenity_type": "tertiary", "amenity": "San Miguel Road", "lgu": "Cebu City" }, "geometry": { "type": "Point", "coordinates": [ 123.9071757, 10.3339257 ] } },
{ "type": "Feature", "properties": { "id": 236092834, "lat": 10.3303298, "lon": 123.9060936, "amenity_type": "tertiary", "amenity": "Geonzon Street", "lgu": "Cebu City" }, "geometry": { "type": "Point", "coordinates": [ 123.9060936, 10.3303298 ] } },
{ "type": "Feature", "properties": { "id": 236092835, "lat": 10.3308983, "lon": 123.9083564, "amenity_type": "tertiary", "amenity": "I. Villa Street", "lgu": "Cebu City" }, "geometry": { "type": "Point", "coordinates": [ 123.9083564, 10.3308983 ] } },
{ "type": "Feature", "properties": { "id": 236093276, "lat": 10.3293366, "lon": 123.9017073, "amenity_type": "primary", "amenity": "Salinas Drive", "lgu": "Cebu City" }, "geometry": { "type": "Point", "coordinates": [ 123.9017073, 10.3293366 ] } },
{ "type": "Feature", "properties": { "id": 236093277, "lat": 10.32789, "lon": 123.9045466, "amenity_type": "primary", "amenity": "Salinas Drive", "lgu": "Cebu City" }, "geometry": { "type": "Point", "coordinates": [ 123.9045466, 10.32789 ] } },
{ "type": "Feature", "properties": { "id": 236093278, "lat": 10.3240849, "lon": 123.8983908, "amenity_type": "secondary", "amenity": "Gorordo Avenue", "lgu": "Cebu City" }, "geometry": { "type": "Point", "coordinates": [ 123.8983908, 10.3240849 ] } },
{ "type": "Feature", "properties": { "id": 236093279, "lat": 10.3287274, "lon": 123.9049894, "amenity_type": "tertiary", "amenity": "Geonzon Street", "lgu": "Cebu City" }, "geometry": { "type": "Point", "coordinates": [ 123.9049894, 10.3287274 ] } },
{ "type": "Feature", "properties": { "id": 236093526, "lat": 10.3161738, "lon": 123.8908938, "amenity_type": "secondary", "amenity": "N. Escario Street", "lgu": "Cebu City" }, "geometry": { "type": "Point", "coordinates": [ 123.8908938, 10.3161738 ] } },
{ "type": "Feature", "properties": { "id": 236094246, "lat": 10.2940701, "lon": 123.898574, "amenity_type": "tertiary", "amenity": "Magallanes Street", "lgu": "Cebu City" }, "geometry": { "type": "Point", "coordinates": [ 123.898574, 10.2940701 ] } },
{ "type": "Feature", "properties": { "id": 236094247, "lat": 10.2937268, "lon": 123.8979499, "amenity_type": "tertiary", "amenity": "Magallanes Street", "lgu": "Cebu City" }, "geometry": { "type": "Point", "coordinates": [ 123.8979499, 10.2937268 ] } },
{ "type": "Feature", "properties": { "id": 236094248, "lat": 10.292407, "lon": 123.8982905, "amenity_type": "tertiary", "amenity": "Jose Leyson Street", "lgu": "Cebu City" }, "geometry": { "type": "Point", "coordinates": [ 123.8982905, 10.292407 ] } },
{ "type": "Feature", "properties": { "id": 236157710, "lat": 10.2998461, "lon": 123.8777277, "amenity_type": "secondary", "amenity": "Katipunan Street", "lgu": "Cebu City" }, "geometry": { "type": "Point", "coordinates": [ 123.8777277, 10.2998461 ] } },
{ "type": "Feature", "properties": { "id": 236157711, "lat": 10.3000188, "lon": 123.8770131, "amenity_type": "secondary", "amenity": "Katipunan Street", "lgu": "Cebu City" }, "geometry": { "type": "Point", "coordinates": [ 123.8770131, 10.3000188 ] } },
{ "type": "Feature", "properties": { "id": 236157715, "lat": 10.3011685, "lon": 123.8783419, "amenity_type": "secondary", "amenity": "Salvador Extension", "lgu": "Cebu City" }, "geometry": { "type": "Point", "coordinates": [ 123.8783419, 10.3011685 ] } },
{ "type": "Feature", "properties": { "id": 236157716, "lat": 10.302792, "lon": 123.8778381, "amenity_type": "secondary", "amenity": "Salvador Extension", "lgu": "Cebu City" }, "geometry": { "type": "Point", "coordinates": [ 123.8778381, 10.302792 ] } },
{ "type": "Feature", "properties": { "id": 236313683, "lat": 10.3162644, "lon": 123.8908608, "amenity_type": "secondary", "amenity": "N. Escario Street", "lgu": "Cebu City" }, "geometry": { "type": "Point", "coordinates": [ 123.8908608, 10.3162644 ] } },
{ "type": "Feature", "properties": { "id": 236314287, "lat": 10.304013, "lon": 123.8771541, "amenity_type": "secondary", "amenity": "Salvador Extension", "lgu": "Cebu City" }, "geometry": { "type": "Point", "coordinates": [ 123.8771541, 10.304013 ] } },
{ "type": "Feature", "properties": { "id": 236316522, "lat": 10.3302296, "lon": 123.8803419, "amenity_type": "secondary", "amenity": "J. Labra Street", "lgu": "Cebu City" }, "geometry": { "type": "Point", "coordinates": [ 123.8803419, 10.3302296 ] } },
{ "type": "Feature", "properties": { "id": 236316523, "lat": 10.317149, "lon": 123.8851014, "amenity_type": "secondary", "amenity": "Vicente Rama Avenue", "lgu": "Cebu City" }, "geometry": { "type": "Point", "coordinates": [ 123.8851014, 10.317149 ] } },
{ "type": "Feature", "properties": { "id": 236316524, "lat": 10.3081598, "lon": 123.8866645, "amenity_type": "secondary", "amenity": "Vicente Rama Avenue", "lgu": "Cebu City" }, "geometry": { "type": "Point", "coordinates": [ 123.8866645, 10.3081598 ] } },
{ "type": "Feature", "properties": { "id": 236316781, "lat": 10.3110018, "lon": 123.8975467, "amenity_type": "secondary", "amenity": "General Maxilom Avenue", "lgu": "Cebu City" }, "geometry": { "type": "Point", "coordinates": [ 123.8975467, 10.3110018 ] } },
{ "type": "Feature", "properties": { "id": 236316931, "lat": 10.3126984, "lon": 123.898758, "amenity_type": "tertiary", "amenity": "Queens' Road", "lgu": "Cebu City" }, "geometry": { "type": "Point", "coordinates": [ 123.898758, 10.3126984 ] } },
{ "type": "Feature", "properties": { "id": 236316932, "lat": 10.3170332, "lon": 123.9007247, "amenity_type": "secondary", "amenity": "Gorordo Avenue", "lgu": "Cebu City" }, "geometry": { "type": "Point", "coordinates": [ 123.9007247, 10.3170332 ] } },
{ "type": "Feature", "properties": { "id": 236316933, "lat": 10.3127641, "lon": 123.9005998, "amenity_type": "tertiary", "amenity": "F. Sotto Drive", "lgu": "Cebu City" }, "geometry": { "type": "Point", "coordinates": [ 123.9005998, 10.3127641 ] } },
{ "type": "Feature", "properties": { "id": 236316934, "lat": 10.3151585, "lon": 123.901675, "amenity_type": "secondary", "amenity": "Gorordo Avenue", "lgu": "Cebu City" }, "geometry": { "type": "Point", "coordinates": [ 123.901675, 10.3151585 ] } },
{ "type": "Feature", "properties": { "id": 236317851, "lat": 10.3174106, "lon": 123.9024571, "amenity_type": "secondary", "amenity": "Archbishop Reyes Avenue", "lgu": "Cebu City" }, "geometry": { "type": "Point", "coordinates": [ 123.9024571, 10.3174106 ] } },
{ "type": "Feature", "properties": { "id": 236318798, "lat": 10.3202556, "lon": 123.9040198, "amenity_type": "tertiary", "amenity": "Mindanao Avenue", "lgu": "Cebu City" }, "geometry": { "type": "Point", "coordinates": [ 123.9040198, 10.3202556 ] } },
{ "type": "Feature", "properties": { "id": 236318800, "lat": 10.3203853, "lon": 123.9038939, "amenity_type": "secondary", "amenity": "Archbishop Reyes Avenue", "lgu": "Cebu City" }, "geometry": { "type": "Point", "coordinates": [ 123.9038939, 10.3203853 ] } },
{ "type": "Feature", "properties": { "id": 236318802, "lat": 10.3194261, "lon": 123.9064577, "amenity_type": "tertiary", "amenity": "Mindanao Avenue", "lgu": "Cebu City" }, "geometry": { "type": "Point", "coordinates": [ 123.9064577, 10.3194261 ] } },
{ "type": "Feature", "properties": { "id": 236319170, "lat": 10.3184181, "lon": 123.9079449, "amenity_type": "tertiary", "amenity": "Samar Loop", "lgu": "Cebu City" }, "geometry": { "type": "Point", "coordinates": [ 123.9079449, 10.3184181 ] } },
{ "type": "Feature", "properties": { "id": 236319171, "lat": 10.3189294, "lon": 123.9085586, "amenity_type": "secondary", "amenity": "Cardinal Rosales Avenue", "lgu": "Cebu City" }, "geometry": { "type": "Point", "coordinates": [ 123.9085586, 10.3189294 ] } },
{ "type": "Feature", "properties": { "id": 236319228, "lat": 10.3162012, "lon": 123.9057212, "amenity_type": "secondary", "amenity": "Cardinal Rosales Avenue", "lgu": "Cebu City" }, "geometry": { "type": "Point", "coordinates": [ 123.9057212, 10.3162012 ] } },
{ "type": "Feature", "properties": { "id": 236319279, "lat": 10.3257714, "lon": 123.9076802, "amenity_type": "primary", "amenity": "Pope John Paul Ⅱ Avenue", "lgu": "Cebu City" }, "geometry": { "type": "Point", "coordinates": [ 123.9076802, 10.3257714 ] } },
{ "type": "Feature", "properties": { "id": 236319625, "lat": 10.3065126, "lon": 123.9161439, "amenity_type": "trunk", "amenity": "Sergio Osmeña Avenue", "lgu": "Cebu City" }, "geometry": { "type": "Point", "coordinates": [ 123.9161439, 10.3065126 ] } },
{ "type": "Feature", "properties": { "id": 236319626, "lat": 10.3099311, "lon": 123.9203536, "amenity_type": "trunk", "amenity": "Sergio Osmeña Avenue", "lgu": "Cebu City" }, "geometry": { "type": "Point", "coordinates": [ 123.9203536, 10.3099311 ] } },
{ "type": "Feature", "properties": { "id": 236319627, "lat": 10.3111615, "lon": 123.9213622, "amenity_type": "secondary", "amenity": "Kaohsiung Street", "lgu": "Cebu City" }, "geometry": { "type": "Point", "coordinates": [ 123.9213622, 10.3111615 ] } },
{ "type": "Feature", "properties": { "id": 236319981, "lat": 10.3108217, "lon": 123.8926637, "amenity_type": "secondary", "amenity": "Osmeña Boulevard", "lgu": "Cebu City" }, "geometry": { "type": "Point", "coordinates": [ 123.8926637, 10.3108217 ] } },
{ "type": "Feature", "properties": { "id": 236319982, "lat": 10.3162464, "lon": 123.8909589, "amenity_type": "secondary", "amenity": "Osmeña Boulevard", "lgu": "Cebu City" }, "geometry": { "type": "Point", "coordinates": [ 123.8909589, 10.3162464 ] } },
{ "type": "Feature", "properties": { "id": 236319983, "lat": 10.3153108, "lon": 123.8912805, "amenity_type": "secondary", "amenity": "Osmeña Boulevard", "lgu": "Cebu City" }, "geometry": { "type": "Point", "coordinates": [ 123.8912805, 10.3153108 ] } },
{ "type": "Feature", "properties": { "id": 236319984, "lat": 10.3149304, "lon": 123.883148, "amenity_type": "secondary", "amenity": "Ramon Duterte Street", "lgu": "Cebu City" }, "geometry": { "type": "Point", "coordinates": [ 123.883148, 10.3149304 ] } },
{ "type": "Feature", "properties": { "id": 236322085, "lat": 10.2929908, "lon": 123.9010991, "amenity_type": "tertiary", "amenity": "Dionisio Jakosalem Street", "lgu": "Cebu City" }, "geometry": { "type": "Point", "coordinates": [ 123.9010991, 10.2929908 ] } },
{ "type": "Feature", "properties": { "id": 236322086, "lat": 10.2927908, "lon": 123.8853634, "amenity_type": "secondary", "amenity": "Candido Padilla Street", "lgu": "Cebu City" }, "geometry": { "type": "Point", "coordinates": [ 123.8853634, 10.2927908 ] } },
{ "type": "Feature", "properties": { "id": 236322088, "lat": 10.2976857, "lon": 123.9011643, "amenity_type": "secondary", "amenity": "Colon Street", "lgu": "Cebu City" }, "geometry": { "type": "Point", "coordinates": [ 123.9011643, 10.2976857 ] } },
{ "type": "Feature", "properties": { "id": 236322091, "lat": 10.2926776, "lon": 123.8871051, "amenity_type": "tertiary", "amenity": "Carlock Street", "lgu": "Cebu City" }, "geometry": { "type": "Point", "coordinates": [ 123.8871051, 10.2926776 ] } },
{ "type": "Feature", "properties": { "id": 236322374, "lat": 10.3158728, "lon": 123.9082799, "amenity_type": "tertiary", "amenity": "Samar Loop", "lgu": "Cebu City" }, "geometry": { "type": "Point", "coordinates": [ 123.9082799, 10.3158728 ] } },
{ "type": "Feature", "properties": { "id": 236322595, "lat": 10.302193, "lon": 123.9020555, "amenity_type": "tertiary", "amenity": "Sikatuna Street", "lgu": "Cebu City" }, "geometry": { "type": "Point", "coordinates": [ 123.9020555, 10.302193 ] } },
{ "type": "Feature", "properties": { "id": 236322790, "lat": 10.2963973, "lon": 123.8984425, "amenity_type": "secondary", "amenity": "Colon Street", "lgu": "Cebu City" }, "geometry": { "type": "Point", "coordinates": [ 123.8984425, 10.2963973 ] } },
{ "type": "Feature", "properties": { "id": 236323132, "lat": 10.3126191, "lon": 123.9113761, "amenity_type": "primary", "amenity": "M.J. Cuenco Avenue", "lgu": "Cebu City" }, "geometry": { "type": "Point", "coordinates": [ 123.9113761, 10.3126191 ] } },
{ "type": "Feature", "properties": { "id": 236323247, "lat": 10.3170589, "lon": 123.9087875, "amenity_type": "tertiary", "amenity": "Samar Loop", "lgu": "Cebu City" }, "geometry": { "type": "Point", "coordinates": [ 123.9087875, 10.3170589 ] } },
{ "type": "Feature", "properties": { "id": 236323812, "lat": 10.3216701, "lon": 123.9046342, "amenity_type": "secondary", "amenity": "Archbishop Reyes Avenue", "lgu": "Cebu City" }, "geometry": { "type": "Point", "coordinates": [ 123.9046342, 10.3216701 ] } },
{ "type": "Feature", "properties": { "id": 236324164, "lat": 10.3712403, "lon": 123.9244206, "amenity_type": "secondary", "amenity": "H. Abellana Street", "lgu": "Cebu City" }, "geometry": { "type": "Point", "coordinates": [ 123.9244206, 10.3712403 ] } },
{ "type": "Feature", "properties": { "id": 236482768, "lat": 10.3170412, "lon": 123.9177248, "amenity_type": "primary", "amenity": "M.J. Cuenco Avenue", "lgu": "Cebu City" }, "geometry": { "type": "Point", "coordinates": [ 123.9177248, 10.3170412 ] } },
{ "type": "Feature", "properties": { "id": 236483866, "lat": 10.2950811, "lon": 123.9048104, "amenity_type": "tertiary", "amenity": "Urdaneta Street", "lgu": "Cebu City" }, "geometry": { "type": "Point", "coordinates": [ 123.9048104, 10.2950811 ] } },
{ "type": "Feature", "properties": { "id": 236483867, "lat": 10.2920579, "lon": 123.8998581, "amenity_type": "tertiary", "amenity": "M.C. Briones Street", "lgu": "Cebu City" }, "geometry": { "type": "Point", "coordinates": [ 123.8998581, 10.2920579 ] } },
{ "type": "Feature", "properties": { "id": 236483868, "lat": 10.3084972, "lon": 123.9070568, "amenity_type": "primary", "amenity": "Imus Avenue", "lgu": "Cebu City" }, "geometry": { "type": "Point", "coordinates": [ 123.9070568, 10.3084972 ] } },
{ "type": "Feature", "properties": { "id": 236483869, "lat": 10.2936119, "lon": 123.8976385, "amenity_type": "tertiary", "amenity": "Magallanes Street", "lgu": "Cebu City" }, "geometry": { "type": "Point", "coordinates": [ 123.8976385, 10.2936119 ] } },
{ "type": "Feature", "properties": { "id": 236483870, "lat": 10.2952556, "lon": 123.9053139, "amenity_type": "secondary", "amenity": "M.J. Cuenco Avenue", "lgu": "Cebu City" }, "geometry": { "type": "Point", "coordinates": [ 123.9053139, 10.2952556 ] } },
{ "type": "Feature", "properties": { "id": 236483871, "lat": 10.3097044, "lon": 123.9056501, "amenity_type": "secondary", "amenity": "General Maxilom Avenue", "lgu": "Cebu City" }, "geometry": { "type": "Point", "coordinates": [ 123.9056501, 10.3097044 ] } },
{ "type": "Feature", "properties": { "id": 236483872, "lat": 10.2961582, "lon": 123.9042483, "amenity_type": "tertiary", "amenity": "Jereza Street", "lgu": "Cebu City" }, "geometry": { "type": "Point", "coordinates": [ 123.9042483, 10.2961582 ] } },
{ "type": "Feature", "properties": { "id": 236483873, "lat": 10.2934905, "lon": 123.9004759, "amenity_type": "tertiary", "amenity": "F. Gonzales Street", "lgu": "Cebu City" }, "geometry": { "type": "Point", "coordinates": [ 123.9004759, 10.2934905 ] } },
{ "type": "Feature", "properties": { "id": 236483874, "lat": 10.2955918, "lon": 123.9046173, "amenity_type": "tertiary", "amenity": "Lapu-Lapu Street", "lgu": "Cebu City" }, "geometry": { "type": "Point", "coordinates": [ 123.9046173, 10.2955918 ] } },
{ "type": "Feature", "properties": { "id": 236483875, "lat": 10.310286, "lon": 123.9084019, "amenity_type": "primary", "amenity": "M.J. Cuenco Avenue", "lgu": "Cebu City" }, "geometry": { "type": "Point", "coordinates": [ 123.9084019, 10.310286 ] } },
{ "type": "Feature", "properties": { "id": 236483876, "lat": 10.2963094, "lon": 123.9049864, "amenity_type": "tertiary", "amenity": "Lapu-Lapu Street", "lgu": "Cebu City" }, "geometry": { "type": "Point", "coordinates": [ 123.9049864, 10.2963094 ] } },
{ "type": "Feature", "properties": { "id": 236483877, "lat": 10.2928464, "lon": 123.8980024, "amenity_type": "tertiary", "amenity": "F. Calderon Street", "lgu": "Cebu City" }, "geometry": { "type": "Point", "coordinates": [ 123.8980024, 10.2928464 ] } },
{ "type": "Feature", "properties": { "id": 236484374, "lat": 10.2877217, "lon": 123.8724788, "amenity_type": "tertiary", "amenity": "L. Gabuya Street", "lgu": "Cebu City" }, "geometry": { "type": "Point", "coordinates": [ 123.8724788, 10.2877217 ] } },
{ "type": "Feature", "properties": { "id": 236484376, "lat": 10.2845544, "lon": 123.8684808, "amenity_type": "tertiary", "amenity": "L. Gabuya Street", "lgu": "Cebu City" }, "geometry": { "type": "Point", "coordinates": [ 123.8684808, 10.2845544 ] } },
{ "type": "Feature", "properties": { "id": 236485709, "lat": 10.2935361, "lon": 123.8889583, "amenity_type": "secondary", "amenity": "Candido Padilla Street", "lgu": "Cebu City" }, "geometry": { "type": "Point", "coordinates": [ 123.8889583, 10.2935361 ] } },
{ "type": "Feature", "properties": { "id": 236485710, "lat": 10.292489, "lon": 123.8918773, "amenity_type": "tertiary", "amenity": "Tupas Street", "lgu": "Cebu City" }, "geometry": { "type": "Point", "coordinates": [ 123.8918773, 10.292489 ] } },
{ "type": "Feature", "properties": { "id": 236485721, "lat": 10.296774, "lon": 123.8894506, "amenity_type": "tertiary", "amenity": "Tres de Abril Street", "lgu": "Cebu City" }, "geometry": { "type": "Point", "coordinates": [ 123.8894506, 10.296774 ] } },
{ "type": "Feature", "properties": { "id": 236485828, "lat": 10.2939646, "lon": 123.8914761, "amenity_type": "secondary", "amenity": "Candido Padilla Street", "lgu": "Cebu City" }, "geometry": { "type": "Point", "coordinates": [ 123.8914761, 10.2939646 ] } },
{ "type": "Feature", "properties": { "id": 236485838, "lat": 10.2942725, "lon": 123.893365, "amenity_type": "secondary", "amenity": "Candido Padilla Street", "lgu": "Cebu City" }, "geometry": { "type": "Point", "coordinates": [ 123.893365, 10.2942725 ] } },
{ "type": "Feature", "properties": { "id": 236486666, "lat": 10.2993094, "lon": 123.9062268, "amenity_type": "secondary", "amenity": "M.J. Cuenco Avenue", "lgu": "Cebu City" }, "geometry": { "type": "Point", "coordinates": [ 123.9062268, 10.2993094 ] } },
{ "type": "Feature", "properties": { "id": 236486667, "lat": 10.2939442, "lon": 123.9029011, "amenity_type": "tertiary", "amenity": "P. Burgos Street", "lgu": "Cebu City" }, "geometry": { "type": "Point", "coordinates": [ 123.9029011, 10.2939442 ] } },
{ "type": "Feature", "properties": { "id": 236541781, "lat": 10.2897905, "lon": 123.871854, "amenity_type": "secondary", "amenity": "Natalio Bacalso Avenue", "lgu": "Cebu City" }, "geometry": { "type": "Point", "coordinates": [ 123.871854, 10.2897905 ] } },
{ "type": "Feature", "properties": { "id": 236541782, "lat": 10.2891497, "lon": 123.8675385, "amenity_type": "primary", "amenity": "Natalio Bacalso Avenue", "lgu": "Cebu City" }, "geometry": { "type": "Point", "coordinates": [ 123.8675385, 10.2891497 ] } },
{ "type": "Feature", "properties": { "id": 236552906, "lat": 10.2984388, "lon": 123.8933177, "amenity_type": "primary", "amenity": "Natalio Bacalso Avenue", "lgu": "Cebu City" }, "geometry": { "type": "Point", "coordinates": [ 123.8933177, 10.2984388 ] } },
{ "type": "Feature", "properties": { "id": 236552911, "lat": 10.2977263, "lon": 123.8910426, "amenity_type": "primary", "amenity": "Natalio Bacalso Avenue", "lgu": "Cebu City" }, "geometry": { "type": "Point", "coordinates": [ 123.8910426, 10.2977263 ] } },
{ "type": "Feature", "properties": { "id": 236552913, "lat": 10.2974516, "lon": 123.8903083, "amenity_type": "primary", "amenity": "Natalio Bacalso Avenue", "lgu": "Cebu City" }, "geometry": { "type": "Point", "coordinates": [ 123.8903083, 10.2974516 ] } },
{ "type": "Feature", "properties": { "id": 236557609, "lat": 10.3199874, "lon": 123.9098532, "amenity_type": "secondary", "amenity": "Cardinal Rosales Avenue", "lgu": "Cebu City" }, "geometry": { "type": "Point", "coordinates": [ 123.9098532, 10.3199874 ] } },
{ "type": "Feature", "properties": { "id": 236557610, "lat": 10.3136937, "lon": 123.9135201, "amenity_type": "primary", "amenity": "M.J. Cuenco Avenue", "lgu": "Cebu City" }, "geometry": { "type": "Point", "coordinates": [ 123.9135201, 10.3136937 ] } },
{ "type": "Feature", "properties": { "id": 236557612, "lat": 10.307571, "lon": 123.9063034, "amenity_type": "primary", "amenity": "Imus Avenue", "lgu": "Cebu City" }, "geometry": { "type": "Point", "coordinates": [ 123.9063034, 10.307571 ] } },
{ "type": "Feature", "properties": { "id": 236557613, "lat": 10.2960408, "lon": 123.905566, "amenity_type": "secondary", "amenity": "M.J. Cuenco Avenue", "lgu": "Cebu City" }, "geometry": { "type": "Point", "coordinates": [ 123.905566, 10.2960408 ] } },
{ "type": "Feature", "properties": { "id": 236557614, "lat": 10.3065868, "lon": 123.9058845, "amenity_type": "secondary", "amenity": "M.J. Cuenco Avenue", "lgu": "Cebu City" }, "geometry": { "type": "Point", "coordinates": [ 123.9058845, 10.3065868 ] } },
{ "type": "Feature", "properties": { "id": 236557615, "lat": 10.3142822, "lon": 123.9146947, "amenity_type": "primary", "amenity": "M.J. Cuenco Avenue", "lgu": "Cebu City" }, "geometry": { "type": "Point", "coordinates": [ 123.9146947, 10.3142822 ] } },
{ "type": "Feature", "properties": { "id": 237210379, "lat": 10.3043094, "lon": 123.9120913, "amenity_type": "secondary", "amenity": "General Maxilom Avenue Extension", "lgu": "Cebu City" }, "geometry": { "type": "Point", "coordinates": [ 123.9120913, 10.3043094 ] } },
{ "type": "Feature", "properties": { "id": 237210381, "lat": 10.3053414, "lon": 123.9112511, "amenity_type": "secondary", "amenity": "General Maxilom Avenue Extension", "lgu": "Cebu City" }, "geometry": { "type": "Point", "coordinates": [ 123.9112511, 10.3053414 ] } },
{ "type": "Feature", "properties": { "id": 237211293, "lat": 10.3096106, "lon": 123.9185964, "amenity_type": "primary", "amenity": "Juan Luna Avenue", "lgu": "Cebu City" }, "geometry": { "type": "Point", "coordinates": [ 123.9185964, 10.3096106 ] } },
{ "type": "Feature", "properties": { "id": 237211294, "lat": 10.3037215, "lon": 123.9063129, "amenity_type": "secondary", "amenity": "M.J. Cuenco Avenue", "lgu": "Cebu City" }, "geometry": { "type": "Point", "coordinates": [ 123.9063129, 10.3037215 ] } },
{ "type": "Feature", "properties": { "id": 237283341, "lat": 10.3003151, "lon": 123.9035841, "amenity_type": "secondary", "amenity": "Bonifacio Street", "lgu": "Cebu City" }, "geometry": { "type": "Point", "coordinates": [ 123.9035841, 10.3003151 ] } },
{ "type": "Feature", "properties": { "id": 237283342, "lat": 10.3020631, "lon": 123.9021118, "amenity_type": "tertiary", "amenity": "Sikatuna Street", "lgu": "Cebu City" }, "geometry": { "type": "Point", "coordinates": [ 123.9021118, 10.3020631 ] } },
{ "type": "Feature", "properties": { "id": 237284021, "lat": 10.2962217, "lon": 123.9085759, "amenity_type": "tertiary", "amenity": "C. Arellano Boulevard", "lgu": "Cebu City" }, "geometry": { "type": "Point", "coordinates": [ 123.9085759, 10.2962217 ] } },
{ "type": "Feature", "properties": { "id": 237284022, "lat": 10.2984161, "lon": 123.9071698, "amenity_type": "tertiary", "amenity": "V. Sotto Street", "lgu": "Cebu City" }, "geometry": { "type": "Point", "coordinates": [ 123.9071698, 10.2984161 ] } },
{ "type": "Feature", "properties": { "id": 237284023, "lat": 10.3020072, "lon": 123.910763, "amenity_type": "trunk", "amenity": "Sergio Osmeña Avenue", "lgu": "Cebu City" }, "geometry": { "type": "Point", "coordinates": [ 123.910763, 10.3020072 ] } },
{ "type": "Feature", "properties": { "id": 237284024, "lat": 10.3008548, "lon": 123.9011902, "amenity_type": "tertiary", "amenity": "Dionisio Jakosalem Street", "lgu": "Cebu City" }, "geometry": { "type": "Point", "coordinates": [ 123.9011902, 10.3008548 ] } },
{ "type": "Feature", "properties": { "id": 237284025, "lat": 10.3017507, "lon": 123.9007977, "amenity_type": "tertiary", "amenity": "Dionisio Jakosalem Street", "lgu": "Cebu City" }, "geometry": { "type": "Point", "coordinates": [ 123.9007977, 10.3017507 ] } },
{ "type": "Feature", "properties": { "id": 237284026, "lat": 10.3016253, "lon": 123.9102109, "amenity_type": "trunk", "amenity": "Sergio Osmeña Avenue", "lgu": "Cebu City" }, "geometry": { "type": "Point", "coordinates": [ 123.9102109, 10.3016253 ] } },
{ "type": "Feature", "properties": { "id": 237284542, "lat": 10.298705, "lon": 123.9035486, "amenity_type": "secondary", "amenity": "Sikatuna Street", "lgu": "Cebu City" }, "geometry": { "type": "Point", "coordinates": [ 123.9035486, 10.298705 ] } },
{ "type": "Feature", "properties": { "id": 237284544, "lat": 10.2990945, "lon": 123.9017327, "amenity_type": "tertiary", "amenity": "Dionisio Jakosalem Street", "lgu": "Cebu City" }, "geometry": { "type": "Point", "coordinates": [ 123.9017327, 10.2990945 ] } },
{ "type": "Feature", "properties": { "id": 237284546, "lat": 10.299667, "lon": 123.9016271, "amenity_type": "tertiary", "amenity": "Dionisio Jakosalem Street", "lgu": "Cebu City" }, "geometry": { "type": "Point", "coordinates": [ 123.9016271, 10.299667 ] } },
{ "type": "Feature", "properties": { "id": 237285224, "lat": 10.304978, "lon": 123.8867061, "amenity_type": "secondary", "amenity": "Vicente Rama Avenue", "lgu": "Cebu City" }, "geometry": { "type": "Point", "coordinates": [ 123.8867061, 10.304978 ] } },
{ "type": "Feature", "properties": { "id": 237285227, "lat": 10.2995461, "lon": 123.8871485, "amenity_type": "secondary", "amenity": "Vicente Rama Avenue", "lgu": "Cebu City" }, "geometry": { "type": "Point", "coordinates": [ 123.8871485, 10.2995461 ] } },
{ "type": "Feature", "properties": { "id": 237286437, "lat": 10.2965827, "lon": 123.9010757, "amenity_type": "tertiary", "amenity": "Vicente Gullas Street", "lgu": "Cebu City" }, "geometry": { "type": "Point", "coordinates": [ 123.9010757, 10.2965827 ] } },
{ "type": "Feature", "properties": { "id": 237286438, "lat": 10.3020665, "lon": 123.9107217, "amenity_type": "trunk", "amenity": "Sergio Osmeña Avenue", "lgu": "Cebu City" }, "geometry": { "type": "Point", "coordinates": [ 123.9107217, 10.3020665 ] } },
{ "type": "Feature", "properties": { "id": 237286439, "lat": 10.2962753, "lon": 123.901977, "amenity_type": "tertiary", "amenity": "Dionisio Jakosalem Street", "lgu": "Cebu City" }, "geometry": { "type": "Point", "coordinates": [ 123.901977, 10.2962753 ] } },
{ "type": "Feature", "properties": { "id": 237286440, "lat": 10.3036014, "lon": 123.9126596, "amenity_type": "secondary", "amenity": "General Maxilom Avenue Extension", "lgu": "Cebu City" }, "geometry": { "type": "Point", "coordinates": [ 123.9126596, 10.3036014 ] } },
{ "type": "Feature", "properties": { "id": 237392054, "lat": 10.3308473, "lon": 123.8987104, "amenity_type": "primary", "amenity": "Salinas Drive", "lgu": "Cebu City" }, "geometry": { "type": "Point", "coordinates": [ 123.8987104, 10.3308473 ] } },
{ "type": "Feature", "properties": { "id": 237393660, "lat": 10.2920742, "lon": 123.8982102, "amenity_type": "tertiary", "amenity": "F. Calderon Street", "lgu": "Cebu City" }, "geometry": { "type": "Point", "coordinates": [ 123.8982102, 10.2920742 ] } },
{ "type": "Feature", "properties": { "id": 237393661, "lat": 10.2975162, "lon": 123.8966967, "amenity_type": "tertiary", "amenity": "Sanciangko Street", "lgu": "Cebu City" }, "geometry": { "type": "Point", "coordinates": [ 123.8966967, 10.2975162 ] } },
{ "type": "Feature", "properties": { "id": 237448558, "lat": 10.2985252, "lon": 123.89912, "amenity_type": "tertiary", "amenity": "Sanciangko Street", "lgu": "Cebu City" }, "geometry": { "type": "Point", "coordinates": [ 123.89912, 10.2985252 ] } },
{ "type": "Feature", "properties": { "id": 237448559, "lat": 10.2984077, "lon": 123.9002053, "amenity_type": "tertiary", "amenity": "Junquera Street", "lgu": "Cebu City" }, "geometry": { "type": "Point", "coordinates": [ 123.9002053, 10.2984077 ] } },
{ "type": "Feature", "properties": { "id": 237448560, "lat": 10.3109325, "lon": 123.9038703, "amenity_type": "secondary", "amenity": "Gorordo Avenue", "lgu": "Cebu City" }, "geometry": { "type": "Point", "coordinates": [ 123.9038703, 10.3109325 ] } },
{ "type": "Feature", "properties": { "id": 237448561, "lat": 10.2958747, "lon": 123.9009339, "amenity_type": "tertiary", "amenity": "Legaspi Street", "lgu": "Cebu City" }, "geometry": { "type": "Point", "coordinates": [ 123.9009339, 10.2958747 ] } },
{ "type": "Feature", "properties": { "id": 237448562, "lat": 10.3098517, "lon": 123.8944181, "amenity_type": "secondary", "amenity": "General Maxilom Avenue", "lgu": "Cebu City" }, "geometry": { "type": "Point", "coordinates": [ 123.8944181, 10.3098517 ] } },
{ "type": "Feature", "properties": { "id": 237448563, "lat": 10.3107835, "lon": 123.9038025, "amenity_type": "secondary", "amenity": "General Maxilom Avenue", "lgu": "Cebu City" }, "geometry": { "type": "Point", "coordinates": [ 123.9038025, 10.3107835 ] } },
{ "type": "Feature", "properties": { "id": 237448564, "lat": 10.3013528, "lon": 123.898559, "amenity_type": "tertiary", "amenity": "Junquera Street", "lgu": "Cebu City" }, "geometry": { "type": "Point", "coordinates": [ 123.898559, 10.3013528 ] } },
{ "type": "Feature", "properties": { "id": 237586315, "lat": 10.3712404, "lon": 123.8777535, "amenity_type": "primary", "amenity": "Cebu-Balamban Transcentral Highway", "lgu": "Cebu City" }, "geometry": { "type": "Point", "coordinates": [ 123.8777535, 10.3712404 ] } },
{ "type": "Feature", "properties": { "id": 237587811, "lat": 10.2984824, "lon": 123.8971246, "amenity_type": "secondary", "amenity": "Osmeña Boulevard", "lgu": "Cebu City" }, "geometry": { "type": "Point", "coordinates": [ 123.8971246, 10.2984824 ] } },
{ "type": "Feature", "properties": { "id": 237587813, "lat": 10.2921616, "lon": 123.9002845, "amenity_type": "tertiary", "amenity": "M.C. Briones Street", "lgu": "Cebu City" }, "geometry": { "type": "Point", "coordinates": [ 123.9002845, 10.2921616 ] } },
{ "type": "Feature", "properties": { "id": 237587814, "lat": 10.2927928, "lon": 123.8936222, "amenity_type": "tertiary", "amenity": "Tupas Street", "lgu": "Cebu City" }, "geometry": { "type": "Point", "coordinates": [ 123.8936222, 10.2927928 ] } },
{ "type": "Feature", "properties": { "id": 237589180, "lat": 10.2946507, "lon": 123.9014897, "amenity_type": "tertiary", "amenity": "Dionisio Jakosalem Street", "lgu": "Cebu City" }, "geometry": { "type": "Point", "coordinates": [ 123.9014897, 10.2946507 ] } },
{ "type": "Feature", "properties": { "id": 237590245, "lat": 10.3186166, "lon": 123.9030212, "amenity_type": "secondary", "amenity": "Archbishop Reyes Avenue", "lgu": "Cebu City" }, "geometry": { "type": "Point", "coordinates": [ 123.9030212, 10.3186166 ] } },
{ "type": "Feature", "properties": { "id": 237590248, "lat": 10.3231262, "lon": 123.9055936, "amenity_type": "secondary", "amenity": "Archbishop Reyes Avenue", "lgu": "Cebu City" }, "geometry": { "type": "Point", "coordinates": [ 123.9055936, 10.3231262 ] } },
{ "type": "Feature", "properties": { "id": 237590251, "lat": 10.3188218, "lon": 123.9031155, "amenity_type": "secondary", "amenity": "Archbishop Reyes Avenue", "lgu": "Cebu City" }, "geometry": { "type": "Point", "coordinates": [ 123.9031155, 10.3188218 ] } },
{ "type": "Feature", "properties": { "id": 237590253, "lat": 10.3250141, "lon": 123.9068672, "amenity_type": "secondary", "amenity": "Archbishop Reyes Avenue", "lgu": "Cebu City" }, "geometry": { "type": "Point", "coordinates": [ 123.9068672, 10.3250141 ] } },
{ "type": "Feature", "properties": { "id": 237590255, "lat": 10.3189367, "lon": 123.9031705, "amenity_type": "secondary", "amenity": "Archbishop Reyes Avenue", "lgu": "Cebu City" }, "geometry": { "type": "Point", "coordinates": [ 123.9031705, 10.3189367 ] } },
{ "type": "Feature", "properties": { "id": 237590257, "lat": 10.3201003, "lon": 123.9030934, "amenity_type": "secondary", "amenity": "N. Escario Street", "lgu": "Cebu City" }, "geometry": { "type": "Point", "coordinates": [ 123.9030934, 10.3201003 ] } },
{ "type": "Feature", "properties": { "id": 237594355, "lat": 10.3170972, "lon": 123.9035875, "amenity_type": "tertiary", "amenity": "Luzon Avenue", "lgu": "Cebu City" }, "geometry": { "type": "Point", "coordinates": [ 123.9035875, 10.3170972 ] } },
{ "type": "Feature", "properties": { "id": 237597771, "lat": 10.3187499, "lon": 123.8857917, "amenity_type": "tertiary", "amenity": "L. Bacayo Street", "lgu": "Cebu City" }, "geometry": { "type": "Point", "coordinates": [ 123.8857917, 10.3187499 ] } },
{ "type": "Feature", "properties": { "id": 237598977, "lat": 10.2951179, "lon": 123.8973226, "amenity_type": "tertiary", "amenity": "A. Borromeo Street", "lgu": "Cebu City" }, "geometry": { "type": "Point", "coordinates": [ 123.8973226, 10.2951179 ] } },
{ "type": "Feature", "properties": { "id": 237599373, "lat": 10.2922144, "lon": 123.8989243, "amenity_type": "tertiary", "amenity": "Jose Leyson Street", "lgu": "Cebu City" }, "geometry": { "type": "Point", "coordinates": [ 123.8989243, 10.2922144 ] } },
{ "type": "Feature", "properties": { "id": 237599374, "lat": 10.2943292, "lon": 123.9026952, "amenity_type": "secondary", "amenity": "Osmeña Boulevard", "lgu": "Cebu City" }, "geometry": { "type": "Point", "coordinates": [ 123.9026952, 10.2943292 ] } },
{ "type": "Feature", "properties": { "id": 237600485, "lat": 10.3159464, "lon": 123.8908835, "amenity_type": "secondary", "amenity": "Osmeña Boulevard", "lgu": "Cebu City" }, "geometry": { "type": "Point", "coordinates": [ 123.8908835, 10.3159464 ] } },
{ "type": "Feature", "properties": { "id": 237602066, "lat": 10.2970037, "lon": 123.8884804, "amenity_type": "tertiary", "amenity": "Vicente Rama Avenue", "lgu": "Cebu City" }, "geometry": { "type": "Point", "coordinates": [ 123.8884804, 10.2970037 ] } },
{ "type": "Feature", "properties": { "id": 237602067, "lat": 10.2965941, "lon": 123.8875353, "amenity_type": "tertiary", "amenity": "Tres de Abril Street", "lgu": "Cebu City" }, "geometry": { "type": "Point", "coordinates": [ 123.8875353, 10.2965941 ] } },
{ "type": "Feature", "properties": { "id": 237602068, "lat": 10.29199, "lon": 123.8823159, "amenity_type": "secondary", "amenity": "Candido Padilla Street", "lgu": "Cebu City" }, "geometry": { "type": "Point", "coordinates": [ 123.8823159, 10.29199 ] } },
{ "type": "Feature", "properties": { "id": 237602069, "lat": 10.2933058, "lon": 123.892244, "amenity_type": "tertiary", "amenity": "Lakandula Street", "lgu": "Cebu City" }, "geometry": { "type": "Point", "coordinates": [ 123.892244, 10.2933058 ] } },
{ "type": "Feature", "properties": { "id": 237602070, "lat": 10.2953503, "lon": 123.8832823, "amenity_type": "primary", "amenity": "Natalio Bacalso Avenue", "lgu": "Cebu City" }, "geometry": { "type": "Point", "coordinates": [ 123.8832823, 10.2953503 ] } },
{ "type": "Feature", "properties": { "id": 237602071, "lat": 10.2950517, "lon": 123.8827466, "amenity_type": "tertiary", "amenity": "R. Padilla", "lgu": "Cebu City" }, "geometry": { "type": "Point", "coordinates": [ 123.8827466, 10.2950517 ] } },
{ "type": "Feature", "properties": { "id": 237602073, "lat": 10.2937943, "lon": 123.8869217, "amenity_type": "tertiary", "amenity": "Carlock Street", "lgu": "Cebu City" }, "geometry": { "type": "Point", "coordinates": [ 123.8869217, 10.2937943 ] } },
{ "type": "Feature", "properties": { "id": 237680914, "lat": 10.2894195, "lon": 123.8690967, "amenity_type": "secondary", "amenity": "Natalio Bacalso Avenue", "lgu": "Cebu City" }, "geometry": { "type": "Point", "coordinates": [ 123.8690967, 10.2894195 ] } },
{ "type": "Feature", "properties": { "id": 237680915, "lat": 10.2857381, "lon": 123.8566969, "amenity_type": "tertiary", "amenity": "E. Sabellano Street", "lgu": "Cebu City" }, "geometry": { "type": "Point", "coordinates": [ 123.8566969, 10.2857381 ] } },
{ "type": "Feature", "properties": { "id": 237680916, "lat": 10.2909993, "lon": 123.862057, "amenity_type": "tertiary", "amenity": "E. Sabellano Street", "lgu": "Cebu City" }, "geometry": { "type": "Point", "coordinates": [ 123.862057, 10.2909993 ] } },
{ "type": "Feature", "properties": { "id": 237680917, "lat": 10.2845824, "lon": 123.8598092, "amenity_type": "primary", "amenity": "Natalio Bacalso Avenue", "lgu": "Cebu City" }, "geometry": { "type": "Point", "coordinates": [ 123.8598092, 10.2845824 ] } },
{ "type": "Feature", "properties": { "id": 237682506, "lat": 10.2950733, "lon": 123.8826633, "amenity_type": "primary", "amenity": "Natalio Bacalso Avenue", "lgu": "Cebu City" }, "geometry": { "type": "Point", "coordinates": [ 123.8826633, 10.2950733 ] } },
{ "type": "Feature", "properties": { "id": 237682507, "lat": 10.2973389, "lon": 123.9001231, "amenity_type": "secondary", "amenity": "Colon Street", "lgu": "Cebu City" }, "geometry": { "type": "Point", "coordinates": [ 123.9001231, 10.2973389 ] } },
{ "type": "Feature", "properties": { "id": 237682508, "lat": 10.2997262, "lon": 123.8994602, "amenity_type": "tertiary", "amenity": "Junquera Street", "lgu": "Cebu City" }, "geometry": { "type": "Point", "coordinates": [ 123.8994602, 10.2997262 ] } },
{ "type": "Feature", "properties": { "id": 237684337, "lat": 10.2925064, "lon": 123.9016737, "amenity_type": "tertiary", "amenity": "M.C. Briones Street", "lgu": "Cebu City" }, "geometry": { "type": "Point", "coordinates": [ 123.9016737, 10.2925064 ] } },
{ "type": "Feature", "properties": { "id": 237686218, "lat": 10.2911798, "lon": 123.8771821, "amenity_type": "secondary", "amenity": "Natalio Bacalso Avenue", "lgu": "Cebu City" }, "geometry": { "type": "Point", "coordinates": [ 123.8771821, 10.2911798 ] } },
{ "type": "Feature", "properties": { "id": 237686219, "lat": 10.2910558, "lon": 123.8772809, "amenity_type": "secondary", "amenity": "Natalio Bacalso Avenue", "lgu": "Cebu City" }, "geometry": { "type": "Point", "coordinates": [ 123.8772809, 10.2910558 ] } },
{ "type": "Feature", "properties": { "id": 237686220, "lat": 10.2909259, "lon": 123.8774497, "amenity_type": "secondary", "amenity": "F. Vestil Street", "lgu": "Cebu City" }, "geometry": { "type": "Point", "coordinates": [ 123.8774497, 10.2909259 ] } },
{ "type": "Feature", "properties": { "id": 237686221, "lat": 10.2844665, "lon": 123.8806545, "amenity_type": "secondary", "amenity": "F. Vestil Street", "lgu": "Cebu City" }, "geometry": { "type": "Point", "coordinates": [ 123.8806545, 10.2844665 ] } },
{ "type": "Feature", "properties": { "id": 237686222, "lat": 10.2907521, "lon": 123.8775209, "amenity_type": "secondary", "amenity": "C Padiilla", "lgu": "Cebu City" }, "geometry": { "type": "Point", "coordinates": [ 123.8775209, 10.2907521 ] } },
{ "type": "Feature", "properties": { "id": 237743595, "lat": 10.297237, "lon": 123.8877081, "amenity_type": "primary", "amenity": "Natalio Bacalso Avenue", "lgu": "Cebu City" }, "geometry": { "type": "Point", "coordinates": [ 123.8877081, 10.297237 ] } },
{ "type": "Feature", "properties": { "id": 237743596, "lat": 10.2971874, "lon": 123.8873182, "amenity_type": "primary", "amenity": "Natalio Bacalso Avenue", "lgu": "Cebu City" }, "geometry": { "type": "Point", "coordinates": [ 123.8873182, 10.2971874 ] } },
{ "type": "Feature", "properties": { "id": 237743597, "lat": 10.2951792, "lon": 123.9026382, "amenity_type": "tertiary", "amenity": "Legaspi Street", "lgu": "Cebu City" }, "geometry": { "type": "Point", "coordinates": [ 123.9026382, 10.2951792 ] } },
{ "type": "Feature", "properties": { "id": 237745556, "lat": 10.300348, "lon": 123.9064083, "amenity_type": "secondary", "amenity": "M.J. Cuenco Avenue", "lgu": "Cebu City" }, "geometry": { "type": "Point", "coordinates": [ 123.9064083, 10.300348 ] } },
{ "type": "Feature", "properties": { "id": 237745557, "lat": 10.3097195, "lon": 123.9202789, "amenity_type": "trunk", "amenity": "Sergio Osmeña Avenue", "lgu": "Cebu City" }, "geometry": { "type": "Point", "coordinates": [ 123.9202789, 10.3097195 ] } },
{ "type": "Feature", "properties": { "id": 237745558, "lat": 10.3000765, "lon": 123.9031289, "amenity_type": "secondary", "amenity": "Sikatuna Street", "lgu": "Cebu City" }, "geometry": { "type": "Point", "coordinates": [ 123.9031289, 10.3000765 ] } },
{ "type": "Feature", "properties": { "id": 237745559, "lat": 10.3123967, "lon": 123.9162646, "amenity_type": "primary", "amenity": "Juan Luna Avenue", "lgu": "Cebu City" }, "geometry": { "type": "Point", "coordinates": [ 123.9162646, 10.3123967 ] } },
{ "type": "Feature", "properties": { "id": 237745560, "lat": 10.293552, "lon": 123.9065411, "amenity_type": "tertiary", "amenity": "Legaspi Extension", "lgu": "Cebu City" }, "geometry": { "type": "Point", "coordinates": [ 123.9065411, 10.293552 ] } },
{ "type": "Feature", "properties": { "id": 237748763, "lat": 10.2942041, "lon": 123.905627, "amenity_type": "tertiary", "amenity": "Legaspi Extension", "lgu": "Cebu City" }, "geometry": { "type": "Point", "coordinates": [ 123.905627, 10.2942041 ] } },
{ "type": "Feature", "properties": { "id": 237748764, "lat": 10.2952691, "lon": 123.9035003, "amenity_type": "tertiary", "amenity": "P. Burgos Street", "lgu": "Cebu City" }, "geometry": { "type": "Point", "coordinates": [ 123.9035003, 10.2952691 ] } },
{ "type": "Feature", "properties": { "id": 237748765, "lat": 10.2948193, "lon": 123.9051415, "amenity_type": "secondary", "amenity": "M.J. Cuenco Avenue", "lgu": "Cebu City" }, "geometry": { "type": "Point", "coordinates": [ 123.9051415, 10.2948193 ] } },
{ "type": "Feature", "properties": { "id": 237749470, "lat": 10.3078317, "lon": 123.9085816, "amenity_type": "secondary", "amenity": "General Maxilom Avenue Extension", "lgu": "Cebu City" }, "geometry": { "type": "Point", "coordinates": [ 123.9085816, 10.3078317 ] } },
{ "type": "Feature", "properties": { "id": 237982297, "lat": 10.3155888, "lon": 123.9081609, "amenity_type": "tertiary", "amenity": "Samar Loop", "lgu": "Cebu City" }, "geometry": { "type": "Point", "coordinates": [ 123.9081609, 10.3155888 ] } },
{ "type": "Feature", "properties": { "id": 237983863, "lat": 10.337737, "lon": 123.9299418, "amenity_type": "secondary", "amenity": "A. S. Fortuna Street", "lgu": "Cebu City" }, "geometry": { "type": "Point", "coordinates": [ 123.9299418, 10.337737 ] } },
{ "type": "Feature", "properties": { "id": 237993511, "lat": 10.3411101, "lon": 123.911889, "amenity_type": "secondary", "amenity": "Governor M. Cuenco Avenue", "lgu": "Cebu City" }, "geometry": { "type": "Point", "coordinates": [ 123.911889, 10.3411101 ] } },
{ "type": "Feature", "properties": { "id": 237993512, "lat": 10.3420971, "lon": 123.9120027, "amenity_type": "secondary", "amenity": "Governor M. Cuenco Avenue", "lgu": "Cebu City" }, "geometry": { "type": "Point", "coordinates": [ 123.9120027, 10.3420971 ] } },
{ "type": "Feature", "properties": { "id": 237994588, "lat": 10.2954582, "lon": 123.9040492, "amenity_type": "tertiary", "amenity": "Urdaneta Street", "lgu": "Cebu City" }, "geometry": { "type": "Point", "coordinates": [ 123.9040492, 10.2954582 ] } },
{ "type": "Feature", "properties": { "id": 237994589, "lat": 10.2971353, "lon": 123.904095, "amenity_type": "tertiary", "amenity": "Vicente Gullas Street", "lgu": "Cebu City" }, "geometry": { "type": "Point", "coordinates": [ 123.904095, 10.2971353 ] } },
{ "type": "Feature", "properties": { "id": 237994590, "lat": 10.3019206, "lon": 123.9087605, "amenity_type": "tertiary", "amenity": "T. Padilla Street", "lgu": "Cebu City" }, "geometry": { "type": "Point", "coordinates": [ 123.9087605, 10.3019206 ] } },
{ "type": "Feature", "properties": { "id": 237994942, "lat": 10.3230151, "lon": 123.9244997, "amenity_type": "secondary", "amenity": "Hernan Cortes Street", "lgu": "Cebu City" }, "geometry": { "type": "Point", "coordinates": [ 123.9244997, 10.3230151 ] } },
{ "type": "Feature", "properties": { "id": 238047880, "lat": 10.3224066, "lon": 123.9237399, "amenity_type": "primary", "amenity": "Lopez Jaena Street", "lgu": "Cebu City" }, "geometry": { "type": "Point", "coordinates": [ 123.9237399, 10.3224066 ] } },
{ "type": "Feature", "properties": { "id": 238257088, "lat": 10.2970559, "lon": 123.9029837, "amenity_type": "tertiary", "amenity": "Vicente Gullas Street", "lgu": "Cebu City" }, "geometry": { "type": "Point", "coordinates": [ 123.9029837, 10.2970559 ] } },
{ "type": "Feature", "properties": { "id": 238257090, "lat": 10.3156746, "lon": 123.9070934, "amenity_type": "tertiary", "amenity": "Samar Loop", "lgu": "Cebu City" }, "geometry": { "type": "Point", "coordinates": [ 123.9070934, 10.3156746 ] } },
{ "type": "Feature", "properties": { "id": 238257091, "lat": 10.2964279, "lon": 123.9037151, "amenity_type": "tertiary", "amenity": "Mabini Street", "lgu": "Cebu City" }, "geometry": { "type": "Point", "coordinates": [ 123.9037151, 10.2964279 ] } },
{ "type": "Feature", "properties": { "id": 238292816, "lat": 10.316793, "lon": 123.9247834, "amenity_type": "secondary", "amenity": "M. Logarta Avenue", "lgu": "Cebu City" }, "geometry": { "type": "Point", "coordinates": [ 123.9247834, 10.316793 ] } },
{ "type": "Feature", "properties": { "id": 249316202, "lat": 10.3181231, "lon": 123.8980294, "amenity_type": "secondary", "amenity": "N. Escario Street", "lgu": "Cebu City" }, "geometry": { "type": "Point", "coordinates": [ 123.8980294, 10.3181231 ] } },
{ "type": "Feature", "properties": { "id": 249316203, "lat": 10.3182824, "lon": 123.8987311, "amenity_type": "secondary", "amenity": "N. Escario Street", "lgu": "Cebu City" }, "geometry": { "type": "Point", "coordinates": [ 123.8987311, 10.3182824 ] } },
{ "type": "Feature", "properties": { "id": 249321034, "lat": 10.3263919, "lon": 123.928184, "amenity_type": "primary", "amenity": "M.C. Briones Street", "lgu": "Cebu City" }, "geometry": { "type": "Point", "coordinates": [ 123.928184, 10.3263919 ] } },
{ "type": "Feature", "properties": { "id": 249321035, "lat": 10.3275062, "lon": 123.9293786, "amenity_type": "primary", "amenity": "M.C. Briones Street", "lgu": "Cebu City" }, "geometry": { "type": "Point", "coordinates": [ 123.9293786, 10.3275062 ] } },
{ "type": "Feature", "properties": { "id": 251913253, "lat": 10.3094197, "lon": 123.8437737, "amenity_type": "tertiary", "amenity": "Buhisan Road", "lgu": "Cebu City" }, "geometry": { "type": "Point", "coordinates": [ 123.8437737, 10.3094197 ] } },
{ "type": "Feature", "properties": { "id": 252230336, "lat": 10.2993473, "lon": 123.8698676, "amenity_type": "secondary", "amenity": "Francisco Llamas Street", "lgu": "Cebu City" }, "geometry": { "type": "Point", "coordinates": [ 123.8698676, 10.2993473 ] } },
{ "type": "Feature", "properties": { "id": 252230337, "lat": 10.297963, "lon": 123.8697752, "amenity_type": "secondary", "amenity": "Francisco Llamas Street", "lgu": "Cebu City" }, "geometry": { "type": "Point", "coordinates": [ 123.8697752, 10.297963 ] } },
{ "type": "Feature", "properties": { "id": 252230338, "lat": 10.2979591, "lon": 123.8698195, "amenity_type": "secondary", "amenity": "Francisco Llamas Street", "lgu": "Cebu City" }, "geometry": { "type": "Point", "coordinates": [ 123.8698195, 10.2979591 ] } },
{ "type": "Feature", "properties": { "id": 252230339, "lat": 10.3005339, "lon": 123.8700722, "amenity_type": "secondary", "amenity": "Francisco Llamas Street", "lgu": "Cebu City" }, "geometry": { "type": "Point", "coordinates": [ 123.8700722, 10.3005339 ] } },
{ "type": "Feature", "properties": { "id": 252230342, "lat": 10.2988825, "lon": 123.8698089, "amenity_type": "secondary", "amenity": "Francisco Llamas Street", "lgu": "Cebu City" }, "geometry": { "type": "Point", "coordinates": [ 123.8698089, 10.2988825 ] } },
{ "type": "Feature", "properties": { "id": 256698323, "lat": 10.4060858, "lon": 123.8651709, "amenity_type": "tertiary", "amenity": "Unnamed road corridor", "lgu": "Cebu City" }, "geometry": { "type": "Point", "coordinates": [ 123.8651709, 10.4060858 ] } },
{ "type": "Feature", "properties": { "id": 257865077, "lat": 10.3104456, "lon": 123.8961585, "amenity_type": "secondary", "amenity": "General Maxilom Avenue", "lgu": "Cebu City" }, "geometry": { "type": "Point", "coordinates": [ 123.8961585, 10.3104456 ] } },
{ "type": "Feature", "properties": { "id": 262492549, "lat": 10.4136819, "lon": 123.8717872, "amenity_type": "tertiary", "amenity": "Unnamed road corridor", "lgu": "Cebu City" }, "geometry": { "type": "Point", "coordinates": [ 123.8717872, 10.4136819 ] } },
{ "type": "Feature", "properties": { "id": 262492570, "lat": 10.4136118, "lon": 123.8732677, "amenity_type": "tertiary", "amenity": "Unnamed road corridor", "lgu": "Cebu City" }, "geometry": { "type": "Point", "coordinates": [ 123.8732677, 10.4136118 ] } },
{ "type": "Feature", "properties": { "id": 262492571, "lat": 10.4133639, "lon": 123.8769075, "amenity_type": "tertiary", "amenity": "Unnamed road corridor", "lgu": "Cebu City" }, "geometry": { "type": "Point", "coordinates": [ 123.8769075, 10.4133639 ] } },
{ "type": "Feature", "properties": { "id": 262492572, "lat": 10.4163676, "lon": 123.8825348, "amenity_type": "tertiary", "amenity": "Unnamed road corridor", "lgu": "Cebu City" }, "geometry": { "type": "Point", "coordinates": [ 123.8825348, 10.4163676 ] } },
{ "type": "Feature", "properties": { "id": 262492573, "lat": 10.4218223, "lon": 123.886149, "amenity_type": "tertiary", "amenity": "Unnamed road corridor", "lgu": "Cebu City" }, "geometry": { "type": "Point", "coordinates": [ 123.886149, 10.4218223 ] } },
{ "type": "Feature", "properties": { "id": 267622691, "lat": 10.3099921, "lon": 123.9181297, "amenity_type": "primary", "amenity": "Juan Luna Avenue", "lgu": "Cebu City" }, "geometry": { "type": "Point", "coordinates": [ 123.9181297, 10.3099921 ] } },
{ "type": "Feature", "properties": { "id": 267623053, "lat": 10.3054429, "lon": 123.9112981, "amenity_type": "secondary", "amenity": "General Maxilom Avenue Extension", "lgu": "Cebu City" }, "geometry": { "type": "Point", "coordinates": [ 123.9112981, 10.3054429 ] } },
{ "type": "Feature", "properties": { "id": 290801492, "lat": 10.3320724, "lon": 123.9102481, "amenity_type": "secondary", "amenity": "Governor M. Cuenco Avenue", "lgu": "Cebu City" }, "geometry": { "type": "Point", "coordinates": [ 123.9102481, 10.3320724 ] } },
{ "type": "Feature", "properties": { "id": 296905667, "lat": 10.3297908, "lon": 123.9217666, "amenity_type": "secondary", "amenity": "Hernan Cortes Street", "lgu": "Cebu City" }, "geometry": { "type": "Point", "coordinates": [ 123.9217666, 10.3297908 ] } },
{ "type": "Feature", "properties": { "id": 296905755, "lat": 10.341992, "lon": 123.9177697, "amenity_type": "secondary", "amenity": "A. S. Fortuna Street", "lgu": "Cebu City" }, "geometry": { "type": "Point", "coordinates": [ 123.9177697, 10.341992 ] } },
{ "type": "Feature", "properties": { "id": 296905756, "lat": 10.3386518, "lon": 123.9244731, "amenity_type": "secondary", "amenity": "Hernan Cortes Street", "lgu": "Cebu City" }, "geometry": { "type": "Point", "coordinates": [ 123.9244731, 10.3386518 ] } },
{ "type": "Feature", "properties": { "id": 299232170, "lat": 10.3493888, "lon": 123.9051832, "amenity_type": "tertiary", "amenity": "Paseo Eulalia", "lgu": "Cebu City" }, "geometry": { "type": "Point", "coordinates": [ 123.9051832, 10.3493888 ] } },
{ "type": "Feature", "properties": { "id": 304632203, "lat": 10.3231944, "lon": 123.9246275, "amenity_type": "primary", "amenity": "M.C. Briones Street", "lgu": "Cebu City" }, "geometry": { "type": "Point", "coordinates": [ 123.9246275, 10.3231944 ] } },
{ "type": "Feature", "properties": { "id": 306641270, "lat": 10.3346409, "lon": 123.9255756, "amenity_type": "tertiary", "amenity": "P. Basubas Street", "lgu": "Cebu City" }, "geometry": { "type": "Point", "coordinates": [ 123.9255756, 10.3346409 ] } },
{ "type": "Feature", "properties": { "id": 306641272, "lat": 10.3349398, "lon": 123.9240761, "amenity_type": "tertiary", "amenity": "P. Basubas Street", "lgu": "Cebu City" }, "geometry": { "type": "Point", "coordinates": [ 123.9240761, 10.3349398 ] } },
{ "type": "Feature", "properties": { "id": 311726475, "lat": 10.33634, "lon": 123.9238708, "amenity_type": "secondary", "amenity": "Hernan Cortes Street", "lgu": "Cebu City" }, "geometry": { "type": "Point", "coordinates": [ 123.9238708, 10.33634 ] } },
{ "type": "Feature", "properties": { "id": 316468035, "lat": 10.2949412, "lon": 123.8893532, "amenity_type": "tertiary", "amenity": "J.M. Basa Street", "lgu": "Cebu City" }, "geometry": { "type": "Point", "coordinates": [ 123.8893532, 10.2949412 ] } },
{ "type": "Feature", "properties": { "id": 316468038, "lat": 10.2923098, "lon": 123.8905729, "amenity_type": "tertiary", "amenity": "Tupas Street", "lgu": "Cebu City" }, "geometry": { "type": "Point", "coordinates": [ 123.8905729, 10.2923098 ] } },
{ "type": "Feature", "properties": { "id": 332545512, "lat": 10.2877511, "lon": 123.8929572, "amenity_type": "trunk", "amenity": "Cebu South Coastal Road", "lgu": "Cebu City" }, "geometry": { "type": "Point", "coordinates": [ 123.8929572, 10.2877511 ] } },
{ "type": "Feature", "properties": { "id": 332545513, "lat": 10.2905895, "lon": 123.9009333, "amenity_type": "secondary", "amenity": "Cebu South Coastal Road", "lgu": "Cebu City" }, "geometry": { "type": "Point", "coordinates": [ 123.9009333, 10.2905895 ] } },
{ "type": "Feature", "properties": { "id": 332545514, "lat": 10.3087114, "lon": 123.9072282, "amenity_type": "primary", "amenity": "Imus Avenue", "lgu": "Cebu City" }, "geometry": { "type": "Point", "coordinates": [ 123.9072282, 10.3087114 ] } },
{ "type": "Feature", "properties": { "id": 332545515, "lat": 10.3078266, "lon": 123.9063531, "amenity_type": "primary", "amenity": "Imus Avenue", "lgu": "Cebu City" }, "geometry": { "type": "Point", "coordinates": [ 123.9063531, 10.3078266 ] } },
{ "type": "Feature", "properties": { "id": 363270505, "lat": 10.4140529, "lon": 123.9055184, "amenity_type": "tertiary", "amenity": "Barangay Binaliw", "lgu": "Cebu City" }, "geometry": { "type": "Point", "coordinates": [ 123.9055184, 10.4140529 ] } },
{ "type": "Feature", "properties": { "id": 363270656, "lat": 10.4029225, "lon": 123.9055343, "amenity_type": "tertiary", "amenity": "Pit-os Road", "lgu": "Cebu City" }, "geometry": { "type": "Point", "coordinates": [ 123.9055343, 10.4029225 ] } },
{ "type": "Feature", "properties": { "id": 363679482, "lat": 10.3562722, "lon": 123.9195888, "amenity_type": "secondary", "amenity": "Manuel L. Quezon Avenue", "lgu": "Cebu City" }, "geometry": { "type": "Point", "coordinates": [ 123.9195888, 10.3562722 ] } },
{ "type": "Feature", "properties": { "id": 371854662, "lat": 10.3277634, "lon": 123.8919248, "amenity_type": "tertiary", "amenity": "Friendship Street", "lgu": "Cebu City" }, "geometry": { "type": "Point", "coordinates": [ 123.8919248, 10.3277634 ] } },
{ "type": "Feature", "properties": { "id": 371854768, "lat": 10.3264372, "lon": 123.8923128, "amenity_type": "tertiary", "amenity": "Friendship Street", "lgu": "Cebu City" }, "geometry": { "type": "Point", "coordinates": [ 123.8923128, 10.3264372 ] } },
{ "type": "Feature", "properties": { "id": 389815649, "lat": 10.2809764, "lon": 123.8550077, "amenity_type": "tertiary", "amenity": "E. Sabellano Street", "lgu": "Cebu City" }, "geometry": { "type": "Point", "coordinates": [ 123.8550077, 10.2809764 ] } },
{ "type": "Feature", "properties": { "id": 389815650, "lat": 10.2819067, "lon": 123.8556183, "amenity_type": "tertiary", "amenity": "E. Sabellano Street", "lgu": "Cebu City" }, "geometry": { "type": "Point", "coordinates": [ 123.8556183, 10.2819067 ] } },
{ "type": "Feature", "properties": { "id": 401163380, "lat": 10.2947247, "lon": 123.8931609, "amenity_type": "tertiary", "amenity": "Tres de Abril Street", "lgu": "Cebu City" }, "geometry": { "type": "Point", "coordinates": [ 123.8931609, 10.2947247 ] } },
{ "type": "Feature", "properties": { "id": 401441916, "lat": 10.2930686, "lon": 123.895058, "amenity_type": "tertiary", "amenity": "Magallanes Street", "lgu": "Cebu City" }, "geometry": { "type": "Point", "coordinates": [ 123.895058, 10.2930686 ] } },
{ "type": "Feature", "properties": { "id": 401441917, "lat": 10.2931218, "lon": 123.8953045, "amenity_type": "tertiary", "amenity": "Magallanes Street", "lgu": "Cebu City" }, "geometry": { "type": "Point", "coordinates": [ 123.8953045, 10.2931218 ] } },
{ "type": "Feature", "properties": { "id": 417862136, "lat": 10.3187981, "lon": 123.8780478, "amenity_type": "tertiary", "amenity": "Unnamed road corridor", "lgu": "Cebu City" }, "geometry": { "type": "Point", "coordinates": [ 123.8780478, 10.3187981 ] } },
{ "type": "Feature", "properties": { "id": 420188771, "lat": 10.2905928, "lon": 123.9006544, "amenity_type": "trunk", "amenity": "Cebu South Coastal Road", "lgu": "Cebu City" }, "geometry": { "type": "Point", "coordinates": [ 123.9006544, 10.2905928 ] } },
{ "type": "Feature", "properties": { "id": 420188775, "lat": 10.2914624, "lon": 123.9031466, "amenity_type": "secondary", "amenity": "Cebu South Coastal Road", "lgu": "Cebu City" }, "geometry": { "type": "Point", "coordinates": [ 123.9031466, 10.2914624 ] } },
{ "type": "Feature", "properties": { "id": 420188778, "lat": 10.2900305, "lon": 123.8990887, "amenity_type": "trunk", "amenity": "Cebu South Coastal Road", "lgu": "Cebu City" }, "geometry": { "type": "Point", "coordinates": [ 123.8990887, 10.2900305 ] } },
{ "type": "Feature", "properties": { "id": 420188786, "lat": 10.2804693, "lon": 123.8821989, "amenity_type": "trunk", "amenity": "Cebu South Coastal Road", "lgu": "Cebu City" }, "geometry": { "type": "Point", "coordinates": [ 123.8821989, 10.2804693 ] } },
{ "type": "Feature", "properties": { "id": 420188790, "lat": 10.2906278, "lon": 123.9001453, "amenity_type": "secondary", "amenity": "Cebu South Coastal Road", "lgu": "Cebu City" }, "geometry": { "type": "Point", "coordinates": [ 123.9001453, 10.2906278 ] } },
{ "type": "Feature", "properties": { "id": 420189567, "lat": 10.2850883, "lon": 123.8866149, "amenity_type": "trunk", "amenity": "Cebu South Coastal Road", "lgu": "Cebu City" }, "geometry": { "type": "Point", "coordinates": [ 123.8866149, 10.2850883 ] } },
{ "type": "Feature", "properties": { "id": 421053851, "lat": 10.2850235, "lon": 123.8803596, "amenity_type": "secondary", "amenity": "F. Vestil Street", "lgu": "Cebu City" }, "geometry": { "type": "Point", "coordinates": [ 123.8803596, 10.2850235 ] } },
{ "type": "Feature", "properties": { "id": 421053852, "lat": 10.2907546, "lon": 123.8762299, "amenity_type": "secondary", "amenity": "Natalio Bacalso Avenue", "lgu": "Cebu City" }, "geometry": { "type": "Point", "coordinates": [ 123.8762299, 10.2907546 ] } },
{ "type": "Feature", "properties": { "id": 421053854, "lat": 10.2814084, "lon": 123.8829713, "amenity_type": "trunk", "amenity": "Cebu South Coastal Road", "lgu": "Cebu City" }, "geometry": { "type": "Point", "coordinates": [ 123.8829713, 10.2814084 ] } },
{ "type": "Feature", "properties": { "id": 424234989, "lat": 10.3434044, "lon": 123.9137381, "amenity_type": "secondary", "amenity": "A. S. Fortuna Street", "lgu": "Cebu City" }, "geometry": { "type": "Point", "coordinates": [ 123.9137381, 10.3434044 ] } },
{ "type": "Feature", "properties": { "id": 453884420, "lat": 10.3230522, "lon": 123.9244698, "amenity_type": "primary", "amenity": "Lopez Jaena Street", "lgu": "Cebu City" }, "geometry": { "type": "Point", "coordinates": [ 123.9244698, 10.3230522 ] } },
{ "type": "Feature", "properties": { "id": 482585839, "lat": 10.353032, "lon": 123.8881449, "amenity_type": "tertiary", "amenity": "Paseo John-John", "lgu": "Cebu City" }, "geometry": { "type": "Point", "coordinates": [ 123.8881449, 10.353032 ] } },
{ "type": "Feature", "properties": { "id": 590032358, "lat": 10.3128265, "lon": 123.9215452, "amenity_type": "secondary", "amenity": "F. Urot Street", "lgu": "Cebu City" }, "geometry": { "type": "Point", "coordinates": [ 123.9215452, 10.3128265 ] } },
{ "type": "Feature", "properties": { "id": 590032359, "lat": 10.3128424, "lon": 123.9215346, "amenity_type": "secondary", "amenity": "F. Urot Street", "lgu": "Cebu City" }, "geometry": { "type": "Point", "coordinates": [ 123.9215346, 10.3128424 ] } },
{ "type": "Feature", "properties": { "id": 590032360, "lat": 10.3118915, "lon": 123.9207664, "amenity_type": "secondary", "amenity": "Kaohsiung Street", "lgu": "Cebu City" }, "geometry": { "type": "Point", "coordinates": [ 123.9207664, 10.3118915 ] } },
{ "type": "Feature", "properties": { "id": 597911939, "lat": 10.3200659, "lon": 123.9260246, "amenity_type": "secondary", "amenity": "M. Logarta Avenue", "lgu": "Cebu City" }, "geometry": { "type": "Point", "coordinates": [ 123.9260246, 10.3200659 ] } },
{ "type": "Feature", "properties": { "id": 597911940, "lat": 10.3159017, "lon": 123.9243481, "amenity_type": "secondary", "amenity": "M. Logarta Avenue", "lgu": "Cebu City" }, "geometry": { "type": "Point", "coordinates": [ 123.9243481, 10.3159017 ] } },
{ "type": "Feature", "properties": { "id": 597911941, "lat": 10.3162254, "lon": 123.9245249, "amenity_type": "secondary", "amenity": "Gatewalk Drive", "lgu": "Cebu City" }, "geometry": { "type": "Point", "coordinates": [ 123.9245249, 10.3162254 ] } },
{ "type": "Feature", "properties": { "id": 597911942, "lat": 10.3153129, "lon": 123.9237398, "amenity_type": "secondary", "amenity": "M. Logarta Avenue", "lgu": "Cebu City" }, "geometry": { "type": "Point", "coordinates": [ 123.9237398, 10.3153129 ] } },
{ "type": "Feature", "properties": { "id": 597911943, "lat": 10.3147264, "lon": 123.9262254, "amenity_type": "trunk", "amenity": "Ouano Avenue", "lgu": "Cebu City" }, "geometry": { "type": "Point", "coordinates": [ 123.9262254, 10.3147264 ] } },
{ "type": "Feature", "properties": { "id": 601269569, "lat": 10.3073893, "lon": 123.8962322, "amenity_type": "tertiary", "amenity": "F. Ramos Street", "lgu": "Cebu City" }, "geometry": { "type": "Point", "coordinates": [ 123.8962322, 10.3073893 ] } },
{ "type": "Feature", "properties": { "id": 601269570, "lat": 10.3059745, "lon": 123.8973061, "amenity_type": "tertiary", "amenity": "F. Ramos Street", "lgu": "Cebu City" }, "geometry": { "type": "Point", "coordinates": [ 123.8973061, 10.3059745 ] } },
{ "type": "Feature", "properties": { "id": 601269571, "lat": 10.3100314, "lon": 123.8949497, "amenity_type": "secondary", "amenity": "General Maxilom Avenue", "lgu": "Cebu City" }, "geometry": { "type": "Point", "coordinates": [ 123.8949497, 10.3100314 ] } },
{ "type": "Feature", "properties": { "id": 601269572, "lat": 10.3114112, "lon": 123.8995054, "amenity_type": "secondary", "amenity": "General Maxilom Avenue", "lgu": "Cebu City" }, "geometry": { "type": "Point", "coordinates": [ 123.8995054, 10.3114112 ] } },
{ "type": "Feature", "properties": { "id": 608998082, "lat": 10.2918389, "lon": 123.8989516, "amenity_type": "tertiary", "amenity": "M.C. Briones Street", "lgu": "Cebu City" }, "geometry": { "type": "Point", "coordinates": [ 123.8989516, 10.2918389 ] } },
{ "type": "Feature", "properties": { "id": 609118563, "lat": 10.2913655, "lon": 123.8984001, "amenity_type": "tertiary", "amenity": "F. Calderon Street", "lgu": "Cebu City" }, "geometry": { "type": "Point", "coordinates": [ 123.8984001, 10.2913655 ] } },
{ "type": "Feature", "properties": { "id": 609125263, "lat": 10.2915763, "lon": 123.9007425, "amenity_type": "tertiary", "amenity": "M.L. Quezon Boulevard", "lgu": "Cebu City" }, "geometry": { "type": "Point", "coordinates": [ 123.9007425, 10.2915763 ] } },
{ "type": "Feature", "properties": { "id": 609125265, "lat": 10.2912582, "lon": 123.8993301, "amenity_type": "tertiary", "amenity": "M.L. Quezon Boulevard", "lgu": "Cebu City" }, "geometry": { "type": "Point", "coordinates": [ 123.8993301, 10.2912582 ] } },
{ "type": "Feature", "properties": { "id": 609125267, "lat": 10.2916328, "lon": 123.8994924, "amenity_type": "tertiary", "amenity": "Plaridel Street", "lgu": "Cebu City" }, "geometry": { "type": "Point", "coordinates": [ 123.8994924, 10.2916328 ] } },
{ "type": "Feature", "properties": { "id": 609278984, "lat": 10.2948391, "lon": 123.8905681, "amenity_type": "tertiary", "amenity": "Vicente Rama Avenue", "lgu": "Cebu City" }, "geometry": { "type": "Point", "coordinates": [ 123.8905681, 10.2948391 ] } },
{ "type": "Feature", "properties": { "id": 609528663, "lat": 10.299191, "lon": 123.8939908, "amenity_type": "tertiary", "amenity": "J. Alcantara Street", "lgu": "Cebu City" }, "geometry": { "type": "Point", "coordinates": [ 123.8939908, 10.299191 ] } },
{ "type": "Feature", "properties": { "id": 609531372, "lat": 10.299504, "lon": 123.8891593, "amenity_type": "tertiary", "amenity": "J. Alcantara Street", "lgu": "Cebu City" }, "geometry": { "type": "Point", "coordinates": [ 123.8891593, 10.299504 ] } },
{ "type": "Feature", "properties": { "id": 609553054, "lat": 10.293863, "lon": 123.9046881, "amenity_type": "secondary", "amenity": "M.J. Cuenco Avenue", "lgu": "Cebu City" }, "geometry": { "type": "Point", "coordinates": [ 123.9046881, 10.293863 ] } },
{ "type": "Feature", "properties": { "id": 609764119, "lat": 10.2919261, "lon": 123.9028762, "amenity_type": "tertiary", "amenity": "Lapu-Lapu Street", "lgu": "Cebu City" }, "geometry": { "type": "Point", "coordinates": [ 123.9028762, 10.2919261 ] } },
{ "type": "Feature", "properties": { "id": 609969635, "lat": 10.2831253, "lon": 123.8847642, "amenity_type": "trunk", "amenity": "Cebu South Coastal Road", "lgu": "Cebu City" }, "geometry": { "type": "Point", "coordinates": [ 123.8847642, 10.2831253 ] } },
{ "type": "Feature", "properties": { "id": 610072131, "lat": 10.2862808, "lon": 123.8798884, "amenity_type": "secondary", "amenity": "F. Vestil Street", "lgu": "Cebu City" }, "geometry": { "type": "Point", "coordinates": [ 123.8798884, 10.2862808 ] } },
{ "type": "Feature", "properties": { "id": 610072132, "lat": 10.2863076, "lon": 123.8799816, "amenity_type": "secondary", "amenity": "F. Vestil Street", "lgu": "Cebu City" }, "geometry": { "type": "Point", "coordinates": [ 123.8799816, 10.2863076 ] } },
{ "type": "Feature", "properties": { "id": 610072133, "lat": 10.2886906, "lon": 123.8787339, "amenity_type": "secondary", "amenity": "F. Vestil Street", "lgu": "Cebu City" }, "geometry": { "type": "Point", "coordinates": [ 123.8787339, 10.2886906 ] } },
{ "type": "Feature", "properties": { "id": 610072134, "lat": 10.2886656, "lon": 123.878633, "amenity_type": "secondary", "amenity": "F. Vestil Street", "lgu": "Cebu City" }, "geometry": { "type": "Point", "coordinates": [ 123.878633, 10.2886656 ] } },
{ "type": "Feature", "properties": { "id": 610097454, "lat": 10.4188999, "lon": 123.9036728, "amenity_type": "tertiary", "amenity": "Unnamed road corridor", "lgu": "Cebu City" }, "geometry": { "type": "Point", "coordinates": [ 123.9036728, 10.4188999 ] } },
{ "type": "Feature", "properties": { "id": 610097455, "lat": 10.4184543, "lon": 123.9047621, "amenity_type": "tertiary", "amenity": "Unnamed road corridor", "lgu": "Cebu City" }, "geometry": { "type": "Point", "coordinates": [ 123.9047621, 10.4184543 ] } },
{ "type": "Feature", "properties": { "id": 610277768, "lat": 10.2913769, "lon": 123.8775964, "amenity_type": "tertiary", "amenity": "Maria Gochan Street", "lgu": "Cebu City" }, "geometry": { "type": "Point", "coordinates": [ 123.8775964, 10.2913769 ] } },
{ "type": "Feature", "properties": { "id": 611823984, "lat": 10.3114973, "lon": 123.893202, "amenity_type": "tertiary", "amenity": "J. Llorente Street", "lgu": "Cebu City" }, "geometry": { "type": "Point", "coordinates": [ 123.893202, 10.3114973 ] } },
{ "type": "Feature", "properties": { "id": 612335324, "lat": 10.3025731, "lon": 123.8930186, "amenity_type": "tertiary", "amenity": "J. Urgello Street", "lgu": "Cebu City" }, "geometry": { "type": "Point", "coordinates": [ 123.8930186, 10.3025731 ] } },
{ "type": "Feature", "properties": { "id": 612716345, "lat": 10.3175709, "lon": 123.8916398, "amenity_type": "tertiary", "amenity": "Villalon Drive", "lgu": "Cebu City" }, "geometry": { "type": "Point", "coordinates": [ 123.8916398, 10.3175709 ] } },
{ "type": "Feature", "properties": { "id": 612719338, "lat": 10.2991018, "lon": 123.8884316, "amenity_type": "tertiary", "amenity": "J. Alcantara Street", "lgu": "Cebu City" }, "geometry": { "type": "Point", "coordinates": [ 123.8884316, 10.2991018 ] } },
{ "type": "Feature", "properties": { "id": 613847962, "lat": 10.2979135, "lon": 123.9034906, "amenity_type": "secondary", "amenity": "Colon Street", "lgu": "Cebu City" }, "geometry": { "type": "Point", "coordinates": [ 123.9034906, 10.2979135 ] } },
{ "type": "Feature", "properties": { "id": 613847963, "lat": 10.2979879, "lon": 123.9034819, "amenity_type": "secondary", "amenity": "Colon Street", "lgu": "Cebu City" }, "geometry": { "type": "Point", "coordinates": [ 123.9034819, 10.2979879 ] } },
{ "type": "Feature", "properties": { "id": 614434692, "lat": 10.3362466, "lon": 123.9073725, "amenity_type": "tertiary", "amenity": "San Miguel Street", "lgu": "Cebu City" }, "geometry": { "type": "Point", "coordinates": [ 123.9073725, 10.3362466 ] } },
{ "type": "Feature", "properties": { "id": 614623805, "lat": 10.3799695, "lon": 123.8902424, "amenity_type": "tertiary", "amenity": "Budlaan Road", "lgu": "Cebu City" }, "geometry": { "type": "Point", "coordinates": [ 123.8902424, 10.3799695 ] } },
{ "type": "Feature", "properties": { "id": 614623806, "lat": 10.3798628, "lon": 123.8876313, "amenity_type": "tertiary", "amenity": "Budlaan Road", "lgu": "Cebu City" }, "geometry": { "type": "Point", "coordinates": [ 123.8876313, 10.3798628 ] } },
{ "type": "Feature", "properties": { "id": 614623807, "lat": 10.3775244, "lon": 123.8840976, "amenity_type": "tertiary", "amenity": "Busay-Budlaan Road", "lgu": "Cebu City" }, "geometry": { "type": "Point", "coordinates": [ 123.8840976, 10.3775244 ] } },
{ "type": "Feature", "properties": { "id": 614656885, "lat": 10.3661076, "lon": 123.8629937, "amenity_type": "tertiary", "amenity": "Babag Road", "lgu": "Cebu City" }, "geometry": { "type": "Point", "coordinates": [ 123.8629937, 10.3661076 ] } },
{ "type": "Feature", "properties": { "id": 614740325, "lat": 10.3080612, "lon": 123.9030067, "amenity_type": "tertiary", "amenity": "General Echavez Street", "lgu": "Cebu City" }, "geometry": { "type": "Point", "coordinates": [ 123.9030067, 10.3080612 ] } },
{ "type": "Feature", "properties": { "id": 616342655, "lat": 10.3310828, "lon": 123.9084252, "amenity_type": "tertiary", "amenity": "Jose Maria Del Mar Avenue", "lgu": "Cebu City" }, "geometry": { "type": "Point", "coordinates": [ 123.9084252, 10.3310828 ] } },
{ "type": "Feature", "properties": { "id": 616490369, "lat": 10.3277486, "lon": 123.8895194, "amenity_type": "tertiary", "amenity": "Villalon Drive", "lgu": "Cebu City" }, "geometry": { "type": "Point", "coordinates": [ 123.8895194, 10.3277486 ] } },
{ "type": "Feature", "properties": { "id": 616490376, "lat": 10.3244684, "lon": 123.8867796, "amenity_type": "tertiary", "amenity": "Unnamed road corridor", "lgu": "Cebu City" }, "geometry": { "type": "Point", "coordinates": [ 123.8867796, 10.3244684 ] } },
{ "type": "Feature", "properties": { "id": 616490379, "lat": 10.3285444, "lon": 123.8900067, "amenity_type": "tertiary", "amenity": "Unnamed road corridor", "lgu": "Cebu City" }, "geometry": { "type": "Point", "coordinates": [ 123.8900067, 10.3285444 ] } },
{ "type": "Feature", "properties": { "id": 616490384, "lat": 10.3234482, "lon": 123.8910113, "amenity_type": "tertiary", "amenity": "Acacia Street", "lgu": "Cebu City" }, "geometry": { "type": "Point", "coordinates": [ 123.8910113, 10.3234482 ] } },
{ "type": "Feature", "properties": { "id": 616490387, "lat": 10.3243731, "lon": 123.8922249, "amenity_type": "tertiary", "amenity": "Friendship Street", "lgu": "Cebu City" }, "geometry": { "type": "Point", "coordinates": [ 123.8922249, 10.3243731 ] } },
{ "type": "Feature", "properties": { "id": 617110421, "lat": 10.3329149, "lon": 123.9104319, "amenity_type": "secondary", "amenity": "Governor M. Cuenco Avenue", "lgu": "Cebu City" }, "geometry": { "type": "Point", "coordinates": [ 123.9104319, 10.3329149 ] } },
{ "type": "Feature", "properties": { "id": 617422024, "lat": 10.3262545, "lon": 123.8898344, "amenity_type": "tertiary", "amenity": "Villalon Drive", "lgu": "Cebu City" }, "geometry": { "type": "Point", "coordinates": [ 123.8898344, 10.3262545 ] } },
{ "type": "Feature", "properties": { "id": 617836410, "lat": 10.3288836, "lon": 123.8890749, "amenity_type": "tertiary", "amenity": "Unnamed road corridor", "lgu": "Cebu City" }, "geometry": { "type": "Point", "coordinates": [ 123.8890749, 10.3288836 ] } },
{ "type": "Feature", "properties": { "id": 617838479, "lat": 10.3239864, "lon": 123.8883165, "amenity_type": "tertiary", "amenity": "Unnamed road corridor", "lgu": "Cebu City" }, "geometry": { "type": "Point", "coordinates": [ 123.8883165, 10.3239864 ] } },
{ "type": "Feature", "properties": { "id": 618545501, "lat": 10.3227366, "lon": 123.8856915, "amenity_type": "tertiary", "amenity": "Andres Abellana Street", "lgu": "Cebu City" }, "geometry": { "type": "Point", "coordinates": [ 123.8856915, 10.3227366 ] } },
{ "type": "Feature", "properties": { "id": 618573121, "lat": 10.3239515, "lon": 123.8707497, "amenity_type": "tertiary", "amenity": "Unnamed road corridor", "lgu": "Cebu City" }, "geometry": { "type": "Point", "coordinates": [ 123.8707497, 10.3239515 ] } },
{ "type": "Feature", "properties": { "id": 618573124, "lat": 10.3239824, "lon": 123.8706957, "amenity_type": "tertiary", "amenity": "Unnamed road corridor", "lgu": "Cebu City" }, "geometry": { "type": "Point", "coordinates": [ 123.8706957, 10.3239824 ] } },
{ "type": "Feature", "properties": { "id": 618573127, "lat": 10.3196953, "lon": 123.8739506, "amenity_type": "tertiary", "amenity": "Unnamed road corridor", "lgu": "Cebu City" }, "geometry": { "type": "Point", "coordinates": [ 123.8739506, 10.3196953 ] } },
{ "type": "Feature", "properties": { "id": 618691764, "lat": 10.3189306, "lon": 123.8753502, "amenity_type": "tertiary", "amenity": "Unnamed road corridor", "lgu": "Cebu City" }, "geometry": { "type": "Point", "coordinates": [ 123.8753502, 10.3189306 ] } },
{ "type": "Feature", "properties": { "id": 618691765, "lat": 10.3209788, "lon": 123.8722058, "amenity_type": "tertiary", "amenity": "Unnamed road corridor", "lgu": "Cebu City" }, "geometry": { "type": "Point", "coordinates": [ 123.8722058, 10.3209788 ] } },
{ "type": "Feature", "properties": { "id": 618691766, "lat": 10.3225991, "lon": 123.8709279, "amenity_type": "tertiary", "amenity": "Unnamed road corridor", "lgu": "Cebu City" }, "geometry": { "type": "Point", "coordinates": [ 123.8709279, 10.3225991 ] } },
{ "type": "Feature", "properties": { "id": 618810666, "lat": 10.3289034, "lon": 123.8877361, "amenity_type": "tertiary", "amenity": "Unnamed road corridor", "lgu": "Cebu City" }, "geometry": { "type": "Point", "coordinates": [ 123.8877361, 10.3289034 ] } },
{ "type": "Feature", "properties": { "id": 618974072, "lat": 10.3111467, "lon": 123.9027689, "amenity_type": "secondary", "amenity": "General Maxilom Avenue", "lgu": "Cebu City" }, "geometry": { "type": "Point", "coordinates": [ 123.9027689, 10.3111467 ] } },
{ "type": "Feature", "properties": { "id": 618975159, "lat": 10.3114942, "lon": 123.8995192, "amenity_type": "secondary", "amenity": "General Maxilom Avenue", "lgu": "Cebu City" }, "geometry": { "type": "Point", "coordinates": [ 123.8995192, 10.3114942 ] } },
{ "type": "Feature", "properties": { "id": 618975161, "lat": 10.3114729, "lon": 123.900199, "amenity_type": "secondary", "amenity": "General Maxilom Avenue", "lgu": "Cebu City" }, "geometry": { "type": "Point", "coordinates": [ 123.900199, 10.3114729 ] } },
{ "type": "Feature", "properties": { "id": 618976310, "lat": 10.3044198, "lon": 123.9121463, "amenity_type": "secondary", "amenity": "General Maxilom Avenue Extension", "lgu": "Cebu City" }, "geometry": { "type": "Point", "coordinates": [ 123.9121463, 10.3044198 ] } },
{ "type": "Feature", "properties": { "id": 618976311, "lat": 10.303693, "lon": 123.912668, "amenity_type": "trunk", "amenity": "Sergio Osmeña Avenue", "lgu": "Cebu City" }, "geometry": { "type": "Point", "coordinates": [ 123.912668, 10.303693 ] } },
{ "type": "Feature", "properties": { "id": 618976664, "lat": 10.3121763, "lon": 123.8860354, "amenity_type": "secondary", "amenity": "Vicente Rama Avenue", "lgu": "Cebu City" }, "geometry": { "type": "Point", "coordinates": [ 123.8860354, 10.3121763 ] } },
{ "type": "Feature", "properties": { "id": 618976790, "lat": 10.3114885, "lon": 123.9012762, "amenity_type": "secondary", "amenity": "General Maxilom Avenue", "lgu": "Cebu City" }, "geometry": { "type": "Point", "coordinates": [ 123.9012762, 10.3114885 ] } },
{ "type": "Feature", "properties": { "id": 618976791, "lat": 10.3111024, "lon": 123.9026996, "amenity_type": "secondary", "amenity": "General Maxilom Avenue", "lgu": "Cebu City" }, "geometry": { "type": "Point", "coordinates": [ 123.9026996, 10.3111024 ] } },
{ "type": "Feature", "properties": { "id": 620642396, "lat": 10.3601723, "lon": 123.9256599, "amenity_type": "tertiary", "amenity": "Elias Cortes Street", "lgu": "Cebu City" }, "geometry": { "type": "Point", "coordinates": [ 123.9256599, 10.3601723 ] } },
{ "type": "Feature", "properties": { "id": 620642397, "lat": 10.3606253, "lon": 123.9267048, "amenity_type": "tertiary", "amenity": "Elias Cortes Street", "lgu": "Cebu City" }, "geometry": { "type": "Point", "coordinates": [ 123.9267048, 10.3606253 ] } },
{ "type": "Feature", "properties": { "id": 620642398, "lat": 10.3423141, "lon": 123.9200931, "amenity_type": "tertiary", "amenity": "P. Remedio Street", "lgu": "Cebu City" }, "geometry": { "type": "Point", "coordinates": [ 123.9200931, 10.3423141 ] } },
{ "type": "Feature", "properties": { "id": 620642401, "lat": 10.3496187, "lon": 123.9214878, "amenity_type": "tertiary", "amenity": "P. Remedio Street", "lgu": "Cebu City" }, "geometry": { "type": "Point", "coordinates": [ 123.9214878, 10.3496187 ] } },
{ "type": "Feature", "properties": { "id": 620642402, "lat": 10.3503464, "lon": 123.9232559, "amenity_type": "tertiary", "amenity": "P. Remedio Street", "lgu": "Cebu City" }, "geometry": { "type": "Point", "coordinates": [ 123.9232559, 10.3503464 ] } },
{ "type": "Feature", "properties": { "id": 620730423, "lat": 10.3590516, "lon": 123.9256538, "amenity_type": "tertiary", "amenity": "Elias Cortes Street", "lgu": "Cebu City" }, "geometry": { "type": "Point", "coordinates": [ 123.9256538, 10.3590516 ] } },
{ "type": "Feature", "properties": { "id": 620757602, "lat": 10.3464894, "lon": 123.9289902, "amenity_type": "secondary", "amenity": "Manuel L. Quezon Avenue", "lgu": "Cebu City" }, "geometry": { "type": "Point", "coordinates": [ 123.9289902, 10.3464894 ] } },
{ "type": "Feature", "properties": { "id": 620762738, "lat": 10.3394257, "lon": 123.9248772, "amenity_type": "secondary", "amenity": "A. S. Fortuna Street", "lgu": "Cebu City" }, "geometry": { "type": "Point", "coordinates": [ 123.9248772, 10.3394257 ] } },
{ "type": "Feature", "properties": { "id": 620775363, "lat": 10.3522668, "lon": 123.9245453, "amenity_type": "tertiary", "amenity": "Elias Cortes Street", "lgu": "Cebu City" }, "geometry": { "type": "Point", "coordinates": [ 123.9245453, 10.3522668 ] } },
{ "type": "Feature", "properties": { "id": 620835660, "lat": 10.3615035, "lon": 123.9278458, "amenity_type": "tertiary", "amenity": "Gregorio Suico Street", "lgu": "Cebu City" }, "geometry": { "type": "Point", "coordinates": [ 123.9278458, 10.3615035 ] } },
{ "type": "Feature", "properties": { "id": 620835661, "lat": 10.3615249, "lon": 123.9288577, "amenity_type": "tertiary", "amenity": "P. L. Sanchez Street", "lgu": "Cebu City" }, "geometry": { "type": "Point", "coordinates": [ 123.9288577, 10.3615249 ] } },
{ "type": "Feature", "properties": { "id": 620835662, "lat": 10.3607808, "lon": 123.929929, "amenity_type": "tertiary", "amenity": "P. L. Sanchez Street", "lgu": "Cebu City" }, "geometry": { "type": "Point", "coordinates": [ 123.929929, 10.3607808 ] } },
{ "type": "Feature", "properties": { "id": 620919098, "lat": 10.3395078, "lon": 123.9246349, "amenity_type": "secondary", "amenity": "A. S. Fortuna Street", "lgu": "Cebu City" }, "geometry": { "type": "Point", "coordinates": [ 123.9246349, 10.3395078 ] } },
{ "type": "Feature", "properties": { "id": 620995885, "lat": 10.3550406, "lon": 123.9226946, "amenity_type": "tertiary", "amenity": "E. Aguirre Street", "lgu": "Cebu City" }, "geometry": { "type": "Point", "coordinates": [ 123.9226946, 10.3550406 ] } },
{ "type": "Feature", "properties": { "id": 621089186, "lat": 10.3127993, "lon": 123.8969577, "amenity_type": "tertiary", "amenity": "Queens' Road", "lgu": "Cebu City" }, "geometry": { "type": "Point", "coordinates": [ 123.8969577, 10.3127993 ] } },
{ "type": "Feature", "properties": { "id": 621089187, "lat": 10.3124734, "lon": 123.8982397, "amenity_type": "tertiary", "amenity": "Gotianuy Street", "lgu": "Cebu City" }, "geometry": { "type": "Point", "coordinates": [ 123.8982397, 10.3124734 ] } },
{ "type": "Feature", "properties": { "id": 621288754, "lat": 10.345245, "lon": 123.8930368, "amenity_type": "tertiary", "amenity": "Unnamed road corridor", "lgu": "Cebu City" }, "geometry": { "type": "Point", "coordinates": [ 123.8930368, 10.345245 ] } },
{ "type": "Feature", "properties": { "id": 621288755, "lat": 10.3361558, "lon": 123.8918499, "amenity_type": "tertiary", "amenity": "Salinas Drive Extension", "lgu": "Cebu City" }, "geometry": { "type": "Point", "coordinates": [ 123.8918499, 10.3361558 ] } },
{ "type": "Feature", "properties": { "id": 621374811, "lat": 10.3435724, "lon": 123.8944125, "amenity_type": "primary", "amenity": "Veterans Drive", "lgu": "Cebu City" }, "geometry": { "type": "Point", "coordinates": [ 123.8944125, 10.3435724 ] } },
{ "type": "Feature", "properties": { "id": 621374812, "lat": 10.3445999, "lon": 123.8937545, "amenity_type": "primary", "amenity": "Veterans Drive", "lgu": "Cebu City" }, "geometry": { "type": "Point", "coordinates": [ 123.8937545, 10.3445999 ] } },
{ "type": "Feature", "properties": { "id": 621374813, "lat": 10.3426178, "lon": 123.8955786, "amenity_type": "primary", "amenity": "Veterans Drive", "lgu": "Cebu City" }, "geometry": { "type": "Point", "coordinates": [ 123.8955786, 10.3426178 ] } },
{ "type": "Feature", "properties": { "id": 621453891, "lat": 10.3433262, "lon": 123.8906913, "amenity_type": "tertiary", "amenity": "Unnamed road corridor", "lgu": "Cebu City" }, "geometry": { "type": "Point", "coordinates": [ 123.8906913, 10.3433262 ] } },
{ "type": "Feature", "properties": { "id": 621535021, "lat": 10.3263234, "lon": 123.8879461, "amenity_type": "tertiary", "amenity": "Unnamed road corridor", "lgu": "Cebu City" }, "geometry": { "type": "Point", "coordinates": [ 123.8879461, 10.3263234 ] } },
{ "type": "Feature", "properties": { "id": 621535022, "lat": 10.3246887, "lon": 123.8902801, "amenity_type": "tertiary", "amenity": "Villalon Drive", "lgu": "Cebu City" }, "geometry": { "type": "Point", "coordinates": [ 123.8902801, 10.3246887 ] } },
{ "type": "Feature", "properties": { "id": 622363717, "lat": 10.3388874, "lon": 123.8654333, "amenity_type": "tertiary", "amenity": "Sapangdaku Road", "lgu": "Cebu City" }, "geometry": { "type": "Point", "coordinates": [ 123.8654333, 10.3388874 ] } },
{ "type": "Feature", "properties": { "id": 623092663, "lat": 10.307371, "lon": 123.8541215, "amenity_type": "tertiary", "amenity": "Buhisan Road", "lgu": "Cebu City" }, "geometry": { "type": "Point", "coordinates": [ 123.8541215, 10.307371 ] } },
{ "type": "Feature", "properties": { "id": 623092664, "lat": 10.3054627, "lon": 123.8570316, "amenity_type": "tertiary", "amenity": "Buhisan Road", "lgu": "Cebu City" }, "geometry": { "type": "Point", "coordinates": [ 123.8570316, 10.3054627 ] } },
{ "type": "Feature", "properties": { "id": 624696030, "lat": 10.2802589, "lon": 123.8551689, "amenity_type": "tertiary", "amenity": "Quiot Pardo Road", "lgu": "Cebu City" }, "geometry": { "type": "Point", "coordinates": [ 123.8551689, 10.2802589 ] } },
{ "type": "Feature", "properties": { "id": 624730119, "lat": 10.2903582, "lon": 123.8706591, "amenity_type": "secondary", "amenity": "Francisco Llamas Street", "lgu": "Cebu City" }, "geometry": { "type": "Point", "coordinates": [ 123.8706591, 10.2903582 ] } },
{ "type": "Feature", "properties": { "id": 624741694, "lat": 10.2933252, "lon": 123.876164, "amenity_type": "tertiary", "amenity": "Pablo S. Atillo Street", "lgu": "Cebu City" }, "geometry": { "type": "Point", "coordinates": [ 123.876164, 10.2933252 ] } },
{ "type": "Feature", "properties": { "id": 624771958, "lat": 10.2891994, "lon": 123.8679819, "amenity_type": "primary", "amenity": "Natalio Bacalso Avenue", "lgu": "Cebu City" }, "geometry": { "type": "Point", "coordinates": [ 123.8679819, 10.2891994 ] } },
{ "type": "Feature", "properties": { "id": 624776130, "lat": 10.2921938, "lon": 123.870987, "amenity_type": "tertiary", "amenity": "Gabriel Elorde Street", "lgu": "Cebu City" }, "geometry": { "type": "Point", "coordinates": [ 123.870987, 10.2921938 ] } },
{ "type": "Feature", "properties": { "id": 625487363, "lat": 10.3278394, "lon": 123.9217582, "amenity_type": "secondary", "amenity": "Hernan Cortes Street", "lgu": "Cebu City" }, "geometry": { "type": "Point", "coordinates": [ 123.9217582, 10.3278394 ] } },
{ "type": "Feature", "properties": { "id": 626712424, "lat": 10.3578097, "lon": 123.9263962, "amenity_type": "tertiary", "amenity": "Elias Cortes Street", "lgu": "Cebu City" }, "geometry": { "type": "Point", "coordinates": [ 123.9263962, 10.3578097 ] } },
{ "type": "Feature", "properties": { "id": 626778757, "lat": 10.369602, "lon": 123.9274088, "amenity_type": "secondary", "amenity": "H. Abellana Street", "lgu": "Cebu City" }, "geometry": { "type": "Point", "coordinates": [ 123.9274088, 10.369602 ] } },
{ "type": "Feature", "properties": { "id": 627369551, "lat": 10.3388638, "lon": 123.9273209, "amenity_type": "secondary", "amenity": "A. S. Fortuna Street", "lgu": "Cebu City" }, "geometry": { "type": "Point", "coordinates": [ 123.9273209, 10.3388638 ] } },
{ "type": "Feature", "properties": { "id": 627369554, "lat": 10.3325452, "lon": 123.9227798, "amenity_type": "secondary", "amenity": "Hernan Cortes Street", "lgu": "Cebu City" }, "geometry": { "type": "Point", "coordinates": [ 123.9227798, 10.3325452 ] } },
{ "type": "Feature", "properties": { "id": 627907089, "lat": 10.3810788, "lon": 123.9154986, "amenity_type": "tertiary", "amenity": "Kauswagan Road", "lgu": "Cebu City" }, "geometry": { "type": "Point", "coordinates": [ 123.9154986, 10.3810788 ] } },
{ "type": "Feature", "properties": { "id": 627907091, "lat": 10.3888077, "lon": 123.9152421, "amenity_type": "tertiary", "amenity": "Kauswagan Road", "lgu": "Cebu City" }, "geometry": { "type": "Point", "coordinates": [ 123.9152421, 10.3888077 ] } },
{ "type": "Feature", "properties": { "id": 628031532, "lat": 10.3850428, "lon": 123.9213585, "amenity_type": "secondary", "amenity": "Bacayan - Pit-os Road", "lgu": "Cebu City" }, "geometry": { "type": "Point", "coordinates": [ 123.9213585, 10.3850428 ] } },
{ "type": "Feature", "properties": { "id": 629175097, "lat": 10.2923227, "lon": 123.871943, "amenity_type": "tertiary", "amenity": "Gabriel Elorde Street", "lgu": "Cebu City" }, "geometry": { "type": "Point", "coordinates": [ 123.871943, 10.2923227 ] } },
{ "type": "Feature", "properties": { "id": 629584903, "lat": 10.2833673, "lon": 123.8817664, "amenity_type": "secondary", "amenity": "F. Vestil Street", "lgu": "Cebu City" }, "geometry": { "type": "Point", "coordinates": [ 123.8817664, 10.2833673 ] } },
{ "type": "Feature", "properties": { "id": 629584904, "lat": 10.2855522, "lon": 123.8801013, "amenity_type": "secondary", "amenity": "F. Vestil Street", "lgu": "Cebu City" }, "geometry": { "type": "Point", "coordinates": [ 123.8801013, 10.2855522 ] } },
{ "type": "Feature", "properties": { "id": 629584905, "lat": 10.2855807, "lon": 123.8801853, "amenity_type": "secondary", "amenity": "F. Vestil Street", "lgu": "Cebu City" }, "geometry": { "type": "Point", "coordinates": [ 123.8801853, 10.2855807 ] } },
{ "type": "Feature", "properties": { "id": 629613942, "lat": 10.2978027, "lon": 123.8851169, "amenity_type": "secondary", "amenity": "A. Lopez Street", "lgu": "Cebu City" }, "geometry": { "type": "Point", "coordinates": [ 123.8851169, 10.2978027 ] } },
{ "type": "Feature", "properties": { "id": 629613945, "lat": 10.2978012, "lon": 123.8850312, "amenity_type": "secondary", "amenity": "A. Lopez Street", "lgu": "Cebu City" }, "geometry": { "type": "Point", "coordinates": [ 123.8850312, 10.2978012 ] } },
{ "type": "Feature", "properties": { "id": 630305258, "lat": 10.2956668, "lon": 123.8731829, "amenity_type": "tertiary", "amenity": "Pablo S. Atillo Street", "lgu": "Cebu City" }, "geometry": { "type": "Point", "coordinates": [ 123.8731829, 10.2956668 ] } },
{ "type": "Feature", "properties": { "id": 630305259, "lat": 10.2952574, "lon": 123.8735604, "amenity_type": "tertiary", "amenity": "Pablo S. Atillo Street", "lgu": "Cebu City" }, "geometry": { "type": "Point", "coordinates": [ 123.8735604, 10.2952574 ] } },
{ "type": "Feature", "properties": { "id": 630902367, "lat": 10.2984536, "lon": 123.8697576, "amenity_type": "secondary", "amenity": "Francisco Llamas Street", "lgu": "Cebu City" }, "geometry": { "type": "Point", "coordinates": [ 123.8697576, 10.2984536 ] } },
{ "type": "Feature", "properties": { "id": 632562093, "lat": 10.2992545, "lon": 123.893735, "amenity_type": "tertiary", "amenity": "J. Alcantara Street", "lgu": "Cebu City" }, "geometry": { "type": "Point", "coordinates": [ 123.893735, 10.2992545 ] } },
{ "type": "Feature", "properties": { "id": 647916739, "lat": 10.3322922, "lon": 123.9090168, "amenity_type": "tertiary", "amenity": "Jose Maria Del Mar Avenue", "lgu": "Cebu City" }, "geometry": { "type": "Point", "coordinates": [ 123.9090168, 10.3322922 ] } },
{ "type": "Feature", "properties": { "id": 654841568, "lat": 10.3279247, "lon": 123.9086336, "amenity_type": "secondary", "amenity": "Governor M. Cuenco Avenue", "lgu": "Cebu City" }, "geometry": { "type": "Point", "coordinates": [ 123.9086336, 10.3279247 ] } },
{ "type": "Feature", "properties": { "id": 654841699, "lat": 10.3322579, "lon": 123.90989, "amenity_type": "tertiary", "amenity": "Road 15", "lgu": "Cebu City" }, "geometry": { "type": "Point", "coordinates": [ 123.90989, 10.3322579 ] } },
{ "type": "Feature", "properties": { "id": 654841700, "lat": 10.332155, "lon": 123.9102707, "amenity_type": "secondary", "amenity": "Governor M. Cuenco Avenue", "lgu": "Cebu City" }, "geometry": { "type": "Point", "coordinates": [ 123.9102707, 10.332155 ] } },
{ "type": "Feature", "properties": { "id": 654841701, "lat": 10.3319126, "lon": 123.9102057, "amenity_type": "secondary", "amenity": "Governor M. Cuenco Avenue", "lgu": "Cebu City" }, "geometry": { "type": "Point", "coordinates": [ 123.9102057, 10.3319126 ] } },
{ "type": "Feature", "properties": { "id": 661090844, "lat": 10.3164066, "lon": 123.8912655, "amenity_type": "secondary", "amenity": "N. Escario Street", "lgu": "Cebu City" }, "geometry": { "type": "Point", "coordinates": [ 123.8912655, 10.3164066 ] } },
{ "type": "Feature", "properties": { "id": 661090845, "lat": 10.3168442, "lon": 123.8927839, "amenity_type": "secondary", "amenity": "N. Escario Street", "lgu": "Cebu City" }, "geometry": { "type": "Point", "coordinates": [ 123.8927839, 10.3168442 ] } },
{ "type": "Feature", "properties": { "id": 661321328, "lat": 10.3007704, "lon": 123.8963001, "amenity_type": "secondary", "amenity": "Osmeña Boulevard", "lgu": "Cebu City" }, "geometry": { "type": "Point", "coordinates": [ 123.8963001, 10.3007704 ] } },
{ "type": "Feature", "properties": { "id": 661321329, "lat": 10.3021353, "lon": 123.8958943, "amenity_type": "tertiary", "amenity": "R.R. Landon Street", "lgu": "Cebu City" }, "geometry": { "type": "Point", "coordinates": [ 123.8958943, 10.3021353 ] } },
{ "type": "Feature", "properties": { "id": 661321330, "lat": 10.3046644, "lon": 123.8950545, "amenity_type": "secondary", "amenity": "Osmeña Boulevard", "lgu": "Cebu City" }, "geometry": { "type": "Point", "coordinates": [ 123.8950545, 10.3046644 ] } },
{ "type": "Feature", "properties": { "id": 666117626, "lat": 10.4143979, "lon": 123.8296171, "amenity_type": "primary", "amenity": "Cebu-Balamban Transcentral Highway", "lgu": "Cebu City" }, "geometry": { "type": "Point", "coordinates": [ 123.8296171, 10.4143979 ] } },
{ "type": "Feature", "properties": { "id": 671183182, "lat": 10.3310474, "lon": 123.9084835, "amenity_type": "tertiary", "amenity": "Jose Maria Del Mar Avenue", "lgu": "Cebu City" }, "geometry": { "type": "Point", "coordinates": [ 123.9084835, 10.3310474 ] } },
{ "type": "Feature", "properties": { "id": 672956912, "lat": 10.2976002, "lon": 123.9059161, "amenity_type": "secondary", "amenity": "M.J. Cuenco Avenue", "lgu": "Cebu City" }, "geometry": { "type": "Point", "coordinates": [ 123.9059161, 10.2976002 ] } },
{ "type": "Feature", "properties": { "id": 672956932, "lat": 10.3434227, "lon": 123.9133394, "amenity_type": "secondary", "amenity": "A. S. Fortuna Street", "lgu": "Cebu City" }, "geometry": { "type": "Point", "coordinates": [ 123.9133394, 10.3434227 ] } },
{ "type": "Feature", "properties": { "id": 672956944, "lat": 10.3458348, "lon": 123.9127107, "amenity_type": "secondary", "amenity": "Governor M. Cuenco Avenue", "lgu": "Cebu City" }, "geometry": { "type": "Point", "coordinates": [ 123.9127107, 10.3458348 ] } },
{ "type": "Feature", "properties": { "id": 672956946, "lat": 10.3208167, "lon": 123.911094, "amenity_type": "secondary", "amenity": "F. Cabahug Street", "lgu": "Cebu City" }, "geometry": { "type": "Point", "coordinates": [ 123.911094, 10.3208167 ] } },
{ "type": "Feature", "properties": { "id": 672956955, "lat": 10.3192187, "lon": 123.925745, "amenity_type": "secondary", "amenity": "M. Logarta Avenue", "lgu": "Cebu City" }, "geometry": { "type": "Point", "coordinates": [ 123.925745, 10.3192187 ] } },
{ "type": "Feature", "properties": { "id": 672956980, "lat": 10.3179939, "lon": 123.9254554, "amenity_type": "secondary", "amenity": "M. Logarta Avenue", "lgu": "Cebu City" }, "geometry": { "type": "Point", "coordinates": [ 123.9254554, 10.3179939 ] } },
{ "type": "Feature", "properties": { "id": 672956982, "lat": 10.3167488, "lon": 123.9311546, "amenity_type": "tertiary", "amenity": "Doctor F.E. Zuellig Avenue", "lgu": "Cebu City" }, "geometry": { "type": "Point", "coordinates": [ 123.9311546, 10.3167488 ] } },
{ "type": "Feature", "properties": { "id": 672956983, "lat": 10.3200096, "lon": 123.9290368, "amenity_type": "secondary", "amenity": "E.O. Perez Street", "lgu": "Cebu City" }, "geometry": { "type": "Point", "coordinates": [ 123.9290368, 10.3200096 ] } },
{ "type": "Feature", "properties": { "id": 672956984, "lat": 10.3194346, "lon": 123.928754, "amenity_type": "tertiary", "amenity": "F.F. Cruz Avenue", "lgu": "Cebu City" }, "geometry": { "type": "Point", "coordinates": [ 123.928754, 10.3194346 ] } },
{ "type": "Feature", "properties": { "id": 676981690, "lat": 10.3501144, "lon": 123.8694033, "amenity_type": "tertiary", "amenity": "Unnamed road corridor", "lgu": "Cebu City" }, "geometry": { "type": "Point", "coordinates": [ 123.8694033, 10.3501144 ] } },
{ "type": "Feature", "properties": { "id": 678334142, "lat": 10.3258368, "lon": 123.9075992, "amenity_type": "secondary", "amenity": "Governor M. Cuenco Avenue", "lgu": "Cebu City" }, "geometry": { "type": "Point", "coordinates": [ 123.9075992, 10.3258368 ] } },
{ "type": "Feature", "properties": { "id": 678343144, "lat": 10.3203826, "lon": 123.9038157, "amenity_type": "secondary", "amenity": "Mindanao Avenue", "lgu": "Cebu City" }, "geometry": { "type": "Point", "coordinates": [ 123.9038157, 10.3203826 ] } },
{ "type": "Feature", "properties": { "id": 678343145, "lat": 10.3204378, "lon": 123.9038448, "amenity_type": "secondary", "amenity": "Mindanao Avenue", "lgu": "Cebu City" }, "geometry": { "type": "Point", "coordinates": [ 123.9038448, 10.3204378 ] } },
{ "type": "Feature", "properties": { "id": 678343154, "lat": 10.3184641, "lon": 123.8916019, "amenity_type": "tertiary", "amenity": "Villalon Drive", "lgu": "Cebu City" }, "geometry": { "type": "Point", "coordinates": [ 123.8916019, 10.3184641 ] } },
{ "type": "Feature", "properties": { "id": 678343155, "lat": 10.3184641, "lon": 123.8915943, "amenity_type": "tertiary", "amenity": "Villalon Drive", "lgu": "Cebu City" }, "geometry": { "type": "Point", "coordinates": [ 123.8915943, 10.3184641 ] } },
{ "type": "Feature", "properties": { "id": 691841690, "lat": 10.3286027, "lon": 123.9089367, "amenity_type": "secondary", "amenity": "Governor M. Cuenco Avenue", "lgu": "Cebu City" }, "geometry": { "type": "Point", "coordinates": [ 123.9089367, 10.3286027 ] } },
{ "type": "Feature", "properties": { "id": 692906854, "lat": 10.3328414, "lon": 123.8838122, "amenity_type": "tertiary", "amenity": "Unnamed road corridor", "lgu": "Cebu City" }, "geometry": { "type": "Point", "coordinates": [ 123.8838122, 10.3328414 ] } },
{ "type": "Feature", "properties": { "id": 692906855, "lat": 10.3346304, "lon": 123.8826344, "amenity_type": "tertiary", "amenity": "Maya", "lgu": "Cebu City" }, "geometry": { "type": "Point", "coordinates": [ 123.8826344, 10.3346304 ] } },
{ "type": "Feature", "properties": { "id": 692906869, "lat": 10.3371951, "lon": 123.8803635, "amenity_type": "tertiary", "amenity": "CPDRC", "lgu": "Cebu City" }, "geometry": { "type": "Point", "coordinates": [ 123.8803635, 10.3371951 ] } },
{ "type": "Feature", "properties": { "id": 692906870, "lat": 10.3380418, "lon": 123.8804741, "amenity_type": "tertiary", "amenity": "CPDRC", "lgu": "Cebu City" }, "geometry": { "type": "Point", "coordinates": [ 123.8804741, 10.3380418 ] } },
{ "type": "Feature", "properties": { "id": 692906871, "lat": 10.3405433, "lon": 123.8776181, "amenity_type": "tertiary", "amenity": "Unnamed road corridor", "lgu": "Cebu City" }, "geometry": { "type": "Point", "coordinates": [ 123.8776181, 10.3405433 ] } },
{ "type": "Feature", "properties": { "id": 692912207, "lat": 10.3342204, "lon": 123.8819476, "amenity_type": "tertiary", "amenity": "Orchids Avenue", "lgu": "Cebu City" }, "geometry": { "type": "Point", "coordinates": [ 123.8819476, 10.3342204 ] } },
{ "type": "Feature", "properties": { "id": 703248071, "lat": 10.2835567, "lon": 123.885006, "amenity_type": "trunk", "amenity": "Cebu South Coastal Road", "lgu": "Cebu City" }, "geometry": { "type": "Point", "coordinates": [ 123.885006, 10.2835567 ] } },
{ "type": "Feature", "properties": { "id": 703248072, "lat": 10.282467, "lon": 123.8839719, "amenity_type": "trunk", "amenity": "Cebu South Coastal Road", "lgu": "Cebu City" }, "geometry": { "type": "Point", "coordinates": [ 123.8839719, 10.282467 ] } },
{ "type": "Feature", "properties": { "id": 717801273, "lat": 10.32704, "lon": 123.9060282, "amenity_type": "primary", "amenity": "Salinas Drive", "lgu": "Cebu City" }, "geometry": { "type": "Point", "coordinates": [ 123.9060282, 10.32704 ] } },
{ "type": "Feature", "properties": { "id": 717801274, "lat": 10.327189, "lon": 123.905766, "amenity_type": "primary", "amenity": "Salinas Drive", "lgu": "Cebu City" }, "geometry": { "type": "Point", "coordinates": [ 123.905766, 10.327189 ] } },
{ "type": "Feature", "properties": { "id": 717801275, "lat": 10.3271041, "lon": 123.9059126, "amenity_type": "primary", "amenity": "Salinas Drive", "lgu": "Cebu City" }, "geometry": { "type": "Point", "coordinates": [ 123.9059126, 10.3271041 ] } },
{ "type": "Feature", "properties": { "id": 717801276, "lat": 10.32708, "lon": 123.905955, "amenity_type": "primary", "amenity": "Salinas Drive", "lgu": "Cebu City" }, "geometry": { "type": "Point", "coordinates": [ 123.905955, 10.32708 ] } },
{ "type": "Feature", "properties": { "id": 725232630, "lat": 10.3119169, "lon": 123.903366, "amenity_type": "secondary", "amenity": "Gorordo Avenue", "lgu": "Cebu City" }, "geometry": { "type": "Point", "coordinates": [ 123.903366, 10.3119169 ] } },
{ "type": "Feature", "properties": { "id": 725232631, "lat": 10.3126628, "lon": 123.9029939, "amenity_type": "secondary", "amenity": "Gorordo Avenue", "lgu": "Cebu City" }, "geometry": { "type": "Point", "coordinates": [ 123.9029939, 10.3126628 ] } },
{ "type": "Feature", "properties": { "id": 785017511, "lat": 10.2910738, "lon": 123.9017348, "amenity_type": "secondary", "amenity": "Cebu South Coastal Road", "lgu": "Cebu City" }, "geometry": { "type": "Point", "coordinates": [ 123.9017348, 10.2910738 ] } },
{ "type": "Feature", "properties": { "id": 785017512, "lat": 10.3116601, "lon": 123.9224756, "amenity_type": "trunk", "amenity": "Sergio Osmeña Avenue", "lgu": "Cebu City" }, "geometry": { "type": "Point", "coordinates": [ 123.9224756, 10.3116601 ] } },
{ "type": "Feature", "properties": { "id": 785017513, "lat": 10.2820223, "lon": 123.883219, "amenity_type": "secondary", "amenity": "F. Vestil Street", "lgu": "Cebu City" }, "geometry": { "type": "Point", "coordinates": [ 123.883219, 10.2820223 ] } },
{ "type": "Feature", "properties": { "id": 785017514, "lat": 10.2849748, "lon": 123.8802884, "amenity_type": "secondary", "amenity": "F. Vestil Street", "lgu": "Cebu City" }, "geometry": { "type": "Point", "coordinates": [ 123.8802884, 10.2849748 ] } },
{ "type": "Feature", "properties": { "id": 785020949, "lat": 10.2839449, "lon": 123.8811426, "amenity_type": "secondary", "amenity": "F. Vestil Street", "lgu": "Cebu City" }, "geometry": { "type": "Point", "coordinates": [ 123.8811426, 10.2839449 ] } },
{ "type": "Feature", "properties": { "id": 785103936, "lat": 10.2975737, "lon": 123.8821421, "amenity_type": "tertiary", "amenity": "Tres de Abril Street", "lgu": "Cebu City" }, "geometry": { "type": "Point", "coordinates": [ 123.8821421, 10.2975737 ] } },
{ "type": "Feature", "properties": { "id": 787095032, "lat": 10.3160959, "lon": 123.9059129, "amenity_type": "tertiary", "amenity": "Samar Loop", "lgu": "Cebu City" }, "geometry": { "type": "Point", "coordinates": [ 123.9059129, 10.3160959 ] } },
{ "type": "Feature", "properties": { "id": 787095033, "lat": 10.316128, "lon": 123.906263, "amenity_type": "tertiary", "amenity": "Samar Loop", "lgu": "Cebu City" }, "geometry": { "type": "Point", "coordinates": [ 123.906263, 10.316128 ] } },
{ "type": "Feature", "properties": { "id": 799038989, "lat": 10.2987291, "lon": 123.8943259, "amenity_type": "primary", "amenity": "Natalio Bacalso Avenue", "lgu": "Cebu City" }, "geometry": { "type": "Point", "coordinates": [ 123.8943259, 10.2987291 ] } },
{ "type": "Feature", "properties": { "id": 799047744, "lat": 10.2982161, "lon": 123.892128, "amenity_type": "primary", "amenity": "Natalio Bacalso Avenue", "lgu": "Cebu City" }, "geometry": { "type": "Point", "coordinates": [ 123.892128, 10.2982161 ] } },
{ "type": "Feature", "properties": { "id": 821634513, "lat": 10.2864817, "lon": 123.8614906, "amenity_type": "tertiary", "amenity": "E. Corro Street", "lgu": "Cebu City" }, "geometry": { "type": "Point", "coordinates": [ 123.8614906, 10.2864817 ] } },
{ "type": "Feature", "properties": { "id": 821634514, "lat": 10.2930336, "lon": 123.8949005, "amenity_type": "tertiary", "amenity": "Tupas Street", "lgu": "Cebu City" }, "geometry": { "type": "Point", "coordinates": [ 123.8949005, 10.2930336 ] } },
{ "type": "Feature", "properties": { "id": 821634515, "lat": 10.2933401, "lon": 123.8803372, "amenity_type": "primary", "amenity": "Natalio Bacalso Avenue", "lgu": "Cebu City" }, "geometry": { "type": "Point", "coordinates": [ 123.8803372, 10.2933401 ] } },
{ "type": "Feature", "properties": { "id": 847477232, "lat": 10.3007348, "lon": 123.909627, "amenity_type": "trunk", "amenity": "Sergio Osmeña Avenue", "lgu": "Cebu City" }, "geometry": { "type": "Point", "coordinates": [ 123.909627, 10.3007348 ] } },
{ "type": "Feature", "properties": { "id": 847919203, "lat": 10.3160785, "lon": 123.8863741, "amenity_type": "secondary", "amenity": "M. Velez Street", "lgu": "Cebu City" }, "geometry": { "type": "Point", "coordinates": [ 123.8863741, 10.3160785 ] } },
{ "type": "Feature", "properties": { "id": 847931765, "lat": 10.3269002, "lon": 123.8820914, "amenity_type": "secondary", "amenity": "Vicente Rama Avenue", "lgu": "Cebu City" }, "geometry": { "type": "Point", "coordinates": [ 123.8820914, 10.3269002 ] } },
{ "type": "Feature", "properties": { "id": 854414213, "lat": 10.3761953, "lon": 123.8823282, "amenity_type": "tertiary", "amenity": "Busay-Budlaan Road", "lgu": "Cebu City" }, "geometry": { "type": "Point", "coordinates": [ 123.8823282, 10.3761953 ] } },
{ "type": "Feature", "properties": { "id": 854463865, "lat": 10.2951316, "lon": 123.8827462, "amenity_type": "primary", "amenity": "Natalio Bacalso Avenue", "lgu": "Cebu City" }, "geometry": { "type": "Point", "coordinates": [ 123.8827462, 10.2951316 ] } },
{ "type": "Feature", "properties": { "id": 854463866, "lat": 10.295022, "lon": 123.8828185, "amenity_type": "primary", "amenity": "Natalio Bacalso Avenue", "lgu": "Cebu City" }, "geometry": { "type": "Point", "coordinates": [ 123.8828185, 10.295022 ] } },
{ "type": "Feature", "properties": { "id": 854463869, "lat": 10.2949611, "lon": 123.8827366, "amenity_type": "primary", "amenity": "Natalio Bacalso Avenue", "lgu": "Cebu City" }, "geometry": { "type": "Point", "coordinates": [ 123.8827366, 10.2949611 ] } },
{ "type": "Feature", "properties": { "id": 854774726, "lat": 10.3161564, "lon": 123.8905319, "amenity_type": "secondary", "amenity": "N. Escario Street", "lgu": "Cebu City" }, "geometry": { "type": "Point", "coordinates": [ 123.8905319, 10.3161564 ] } },
{ "type": "Feature", "properties": { "id": 854774727, "lat": 10.316318, "lon": 123.8912951, "amenity_type": "secondary", "amenity": "N. Escario Street", "lgu": "Cebu City" }, "geometry": { "type": "Point", "coordinates": [ 123.8912951, 10.316318 ] } },
{ "type": "Feature", "properties": { "id": 854774728, "lat": 10.3163012, "lon": 123.8909709, "amenity_type": "secondary", "amenity": "N. Escario Street", "lgu": "Cebu City" }, "geometry": { "type": "Point", "coordinates": [ 123.8909709, 10.3163012 ] } },
{ "type": "Feature", "properties": { "id": 854782192, "lat": 10.3165547, "lon": 123.8919561, "amenity_type": "secondary", "amenity": "N. Escario Street", "lgu": "Cebu City" }, "geometry": { "type": "Point", "coordinates": [ 123.8919561, 10.3165547 ] } },
{ "type": "Feature", "properties": { "id": 854782193, "lat": 10.3165626, "lon": 123.8917041, "amenity_type": "secondary", "amenity": "N. Escario Street", "lgu": "Cebu City" }, "geometry": { "type": "Point", "coordinates": [ 123.8917041, 10.3165626 ] } },
{ "type": "Feature", "properties": { "id": 854782194, "lat": 10.3166145, "lon": 123.8919898, "amenity_type": "tertiary", "amenity": "Villalon Drive", "lgu": "Cebu City" }, "geometry": { "type": "Point", "coordinates": [ 123.8919898, 10.3166145 ] } },
{ "type": "Feature", "properties": { "id": 854782195, "lat": 10.3166402, "lon": 123.8919257, "amenity_type": "secondary", "amenity": "N. Escario Street", "lgu": "Cebu City" }, "geometry": { "type": "Point", "coordinates": [ 123.8919257, 10.3166402 ] } },
{ "type": "Feature", "properties": { "id": 854782196, "lat": 10.3164759, "lon": 123.8917351, "amenity_type": "secondary", "amenity": "N. Escario Street", "lgu": "Cebu City" }, "geometry": { "type": "Point", "coordinates": [ 123.8917351, 10.3164759 ] } },
{ "type": "Feature", "properties": { "id": 854792190, "lat": 10.3176165, "lon": 123.9029494, "amenity_type": "tertiary", "amenity": "Luzon Avenue", "lgu": "Cebu City" }, "geometry": { "type": "Point", "coordinates": [ 123.9029494, 10.3176165 ] } },
{ "type": "Feature", "properties": { "id": 855186406, "lat": 10.3020767, "lon": 123.9020459, "amenity_type": "primary", "amenity": "P. del Rosario Street", "lgu": "Cebu City" }, "geometry": { "type": "Point", "coordinates": [ 123.9020459, 10.3020767 ] } },
{ "type": "Feature", "properties": { "id": 855186407, "lat": 10.3019859, "lon": 123.9021007, "amenity_type": "primary", "amenity": "P. del Rosario Street", "lgu": "Cebu City" }, "geometry": { "type": "Point", "coordinates": [ 123.9021007, 10.3019859 ] } },
{ "type": "Feature", "properties": { "id": 855186420, "lat": 10.3068751, "lon": 123.9055558, "amenity_type": "primary", "amenity": "Imus Avenue", "lgu": "Cebu City" }, "geometry": { "type": "Point", "coordinates": [ 123.9055558, 10.3068751 ] } },
{ "type": "Feature", "properties": { "id": 855186421, "lat": 10.3067895, "lon": 123.9056719, "amenity_type": "primary", "amenity": "Imus Avenue", "lgu": "Cebu City" }, "geometry": { "type": "Point", "coordinates": [ 123.9056719, 10.3067895 ] } },
{ "type": "Feature", "properties": { "id": 855186423, "lat": 10.3066001, "lon": 123.905532, "amenity_type": "primary", "amenity": "Imus Avenue", "lgu": "Cebu City" }, "geometry": { "type": "Point", "coordinates": [ 123.905532, 10.3066001 ] } },
{ "type": "Feature", "properties": { "id": 855205154, "lat": 10.3008822, "lon": 123.8993099, "amenity_type": "primary", "amenity": "P. del Rosario Street", "lgu": "Cebu City" }, "geometry": { "type": "Point", "coordinates": [ 123.8993099, 10.3008822 ] } },
{ "type": "Feature", "properties": { "id": 855241188, "lat": 10.2945264, "lon": 123.8919427, "amenity_type": "tertiary", "amenity": "Lakandula Street", "lgu": "Cebu City" }, "geometry": { "type": "Point", "coordinates": [ 123.8919427, 10.2945264 ] } },
{ "type": "Feature", "properties": { "id": 855241189, "lat": 10.2941385, "lon": 123.8926243, "amenity_type": "secondary", "amenity": "Candido Padilla Street", "lgu": "Cebu City" }, "geometry": { "type": "Point", "coordinates": [ 123.8926243, 10.2941385 ] } },
{ "type": "Feature", "properties": { "id": 855241192, "lat": 10.2942397, "lon": 123.8935931, "amenity_type": "tertiary", "amenity": "Tres de Abril Street", "lgu": "Cebu City" }, "geometry": { "type": "Point", "coordinates": [ 123.8935931, 10.2942397 ] } },
{ "type": "Feature", "properties": { "id": 855246335, "lat": 10.2969196, "lon": 123.8860959, "amenity_type": "primary", "amenity": "Natalio Bacalso Avenue", "lgu": "Cebu City" }, "geometry": { "type": "Point", "coordinates": [ 123.8860959, 10.2969196 ] } },
{ "type": "Feature", "properties": { "id": 855246339, "lat": 10.2972388, "lon": 123.888301, "amenity_type": "secondary", "amenity": "Vicente Rama Avenue", "lgu": "Cebu City" }, "geometry": { "type": "Point", "coordinates": [ 123.888301, 10.2972388 ] } },
{ "type": "Feature", "properties": { "id": 855246340, "lat": 10.2972947, "lon": 123.8881913, "amenity_type": "primary", "amenity": "Natalio Bacalso Avenue", "lgu": "Cebu City" }, "geometry": { "type": "Point", "coordinates": [ 123.8881913, 10.2972947 ] } },
{ "type": "Feature", "properties": { "id": 855284272, "lat": 10.3049072, "lon": 123.8999052, "amenity_type": "tertiary", "amenity": "Dionisio Jakosalem Street", "lgu": "Cebu City" }, "geometry": { "type": "Point", "coordinates": [ 123.8999052, 10.3049072 ] } },
{ "type": "Feature", "properties": { "id": 855300940, "lat": 10.3338572, "lon": 123.9096473, "amenity_type": "tertiary", "amenity": "Jose Maria Del Mar Avenue", "lgu": "Cebu City" }, "geometry": { "type": "Point", "coordinates": [ 123.9096473, 10.3338572 ] } },
{ "type": "Feature", "properties": { "id": 855300941, "lat": 10.3353453, "lon": 123.9108992, "amenity_type": "secondary", "amenity": "Governor M. Cuenco Avenue", "lgu": "Cebu City" }, "geometry": { "type": "Point", "coordinates": [ 123.9108992, 10.3353453 ] } },
{ "type": "Feature", "properties": { "id": 855311024, "lat": 10.3224154, "lon": 123.905129, "amenity_type": "secondary", "amenity": "Archbishop Reyes Avenue", "lgu": "Cebu City" }, "geometry": { "type": "Point", "coordinates": [ 123.905129, 10.3224154 ] } },
{ "type": "Feature", "properties": { "id": 855311025, "lat": 10.3221444, "lon": 123.9049496, "amenity_type": "secondary", "amenity": "Archbishop Reyes Avenue", "lgu": "Cebu City" }, "geometry": { "type": "Point", "coordinates": [ 123.9049496, 10.3221444 ] } },
{ "type": "Feature", "properties": { "id": 855311026, "lat": 10.3224851, "lon": 123.9051749, "amenity_type": "secondary", "amenity": "Archbishop Reyes Avenue", "lgu": "Cebu City" }, "geometry": { "type": "Point", "coordinates": [ 123.9051749, 10.3224851 ] } },
{ "type": "Feature", "properties": { "id": 855311027, "lat": 10.3195654, "lon": 123.9092263, "amenity_type": "secondary", "amenity": "Cardinal Rosales Avenue", "lgu": "Cebu City" }, "geometry": { "type": "Point", "coordinates": [ 123.9092263, 10.3195654 ] } },
{ "type": "Feature", "properties": { "id": 855311028, "lat": 10.3196293, "lon": 123.9091216, "amenity_type": "secondary", "amenity": "Cardinal Rosales Avenue", "lgu": "Cebu City" }, "geometry": { "type": "Point", "coordinates": [ 123.9091216, 10.3196293 ] } },
{ "type": "Feature", "properties": { "id": 855311029, "lat": 10.3201655, "lon": 123.9099497, "amenity_type": "secondary", "amenity": "Cardinal Rosales Avenue", "lgu": "Cebu City" }, "geometry": { "type": "Point", "coordinates": [ 123.9099497, 10.3201655 ] } },
{ "type": "Feature", "properties": { "id": 855311035, "lat": 10.3211882, "lon": 123.9104915, "amenity_type": "primary", "amenity": "Pope John Paul Ⅱ Avenue", "lgu": "Cebu City" }, "geometry": { "type": "Point", "coordinates": [ 123.9104915, 10.3211882 ] } },
{ "type": "Feature", "properties": { "id": 855311036, "lat": 10.3209852, "lon": 123.9105268, "amenity_type": "primary", "amenity": "Pope John Paul Ⅱ Avenue", "lgu": "Cebu City" }, "geometry": { "type": "Point", "coordinates": [ 123.9105268, 10.3209852 ] } },
{ "type": "Feature", "properties": { "id": 855731364, "lat": 10.3141376, "lon": 123.9144034, "amenity_type": "primary", "amenity": "M.J. Cuenco Avenue", "lgu": "Cebu City" }, "geometry": { "type": "Point", "coordinates": [ 123.9144034, 10.3141376 ] } },
{ "type": "Feature", "properties": { "id": 855731365, "lat": 10.3144723, "lon": 123.9150857, "amenity_type": "primary", "amenity": "M.J. Cuenco Avenue", "lgu": "Cebu City" }, "geometry": { "type": "Point", "coordinates": [ 123.9150857, 10.3144723 ] } },
{ "type": "Feature", "properties": { "id": 859954371, "lat": 10.3736325, "lon": 123.8623217, "amenity_type": "tertiary", "amenity": "Unnamed road corridor", "lgu": "Cebu City" }, "geometry": { "type": "Point", "coordinates": [ 123.8623217, 10.3736325 ] } },
{ "type": "Feature", "properties": { "id": 893995433, "lat": 10.3346054, "lon": 123.9234151, "amenity_type": "secondary", "amenity": "Hernan Cortes Street", "lgu": "Cebu City" }, "geometry": { "type": "Point", "coordinates": [ 123.9234151, 10.3346054 ] } },
{ "type": "Feature", "properties": { "id": 894155993, "lat": 10.2938839, "lon": 123.9011339, "amenity_type": "tertiary", "amenity": "Magallanes Street", "lgu": "Cebu City" }, "geometry": { "type": "Point", "coordinates": [ 123.9011339, 10.2938839 ] } },
{ "type": "Feature", "properties": { "id": 894155994, "lat": 10.2953318, "lon": 123.9004302, "amenity_type": "secondary", "amenity": "Osmeña Boulevard", "lgu": "Cebu City" }, "geometry": { "type": "Point", "coordinates": [ 123.9004302, 10.2953318 ] } },
{ "type": "Feature", "properties": { "id": 894499541, "lat": 10.3447285, "lon": 123.908603, "amenity_type": "tertiary", "amenity": "Paseo Saturnino", "lgu": "Cebu City" }, "geometry": { "type": "Point", "coordinates": [ 123.908603, 10.3447285 ] } },
{ "type": "Feature", "properties": { "id": 894964345, "lat": 10.3185875, "lon": 123.9224451, "amenity_type": "secondary", "amenity": "Gatewalk Drive", "lgu": "Cebu City" }, "geometry": { "type": "Point", "coordinates": [ 123.9224451, 10.3185875 ] } },
{ "type": "Feature", "properties": { "id": 896030616, "lat": 10.3257588, "lon": 123.9274915, "amenity_type": "primary", "amenity": "M.C. Briones Street", "lgu": "Cebu City" }, "geometry": { "type": "Point", "coordinates": [ 123.9274915, 10.3257588 ] } },
{ "type": "Feature", "properties": { "id": 896035245, "lat": 10.3418294, "lon": 123.9253528, "amenity_type": "secondary", "amenity": "Hernan Cortes Street", "lgu": "Cebu City" }, "geometry": { "type": "Point", "coordinates": [ 123.9253528, 10.3418294 ] } },
{ "type": "Feature", "properties": { "id": 896035246, "lat": 10.3468965, "lon": 123.9270998, "amenity_type": "secondary", "amenity": "Hernan Cortes Street", "lgu": "Cebu City" }, "geometry": { "type": "Point", "coordinates": [ 123.9270998, 10.3468965 ] } },
{ "type": "Feature", "properties": { "id": 896035253, "lat": 10.3386548, "lon": 123.9282156, "amenity_type": "secondary", "amenity": "A. S. Fortuna Street", "lgu": "Cebu City" }, "geometry": { "type": "Point", "coordinates": [ 123.9282156, 10.3386548 ] } },
{ "type": "Feature", "properties": { "id": 896035254, "lat": 10.3385562, "lon": 123.928504, "amenity_type": "secondary", "amenity": "A. S. Fortuna Street", "lgu": "Cebu City" }, "geometry": { "type": "Point", "coordinates": [ 123.928504, 10.3385562 ] } },
{ "type": "Feature", "properties": { "id": 896256832, "lat": 10.3480962, "lon": 123.9268249, "amenity_type": "secondary", "amenity": "Manuel L. Quezon Avenue", "lgu": "Cebu City" }, "geometry": { "type": "Point", "coordinates": [ 123.9268249, 10.3480962 ] } },
{ "type": "Feature", "properties": { "id": 896256833, "lat": 10.3515119, "lon": 123.9237979, "amenity_type": "secondary", "amenity": "Manuel L. Quezon Avenue", "lgu": "Cebu City" }, "geometry": { "type": "Point", "coordinates": [ 123.9237979, 10.3515119 ] } },
{ "type": "Feature", "properties": { "id": 897179501, "lat": 10.3194821, "lon": 123.9258756, "amenity_type": "tertiary", "amenity": "S. O. Albaño Street", "lgu": "Cebu City" }, "geometry": { "type": "Point", "coordinates": [ 123.9258756, 10.3194821 ] } },
{ "type": "Feature", "properties": { "id": 897179506, "lat": 10.3207073, "lon": 123.9259211, "amenity_type": "secondary", "amenity": "Hernan Cortes Street", "lgu": "Cebu City" }, "geometry": { "type": "Point", "coordinates": [ 123.9259211, 10.3207073 ] } },
{ "type": "Feature", "properties": { "id": 897340822, "lat": 10.3880877, "lon": 123.9270959, "amenity_type": "tertiary", "amenity": "Unnamed road corridor", "lgu": "Cebu City" }, "geometry": { "type": "Point", "coordinates": [ 123.9270959, 10.3880877 ] } },
{ "type": "Feature", "properties": { "id": 897504041, "lat": 10.3983351, "lon": 123.8957572, "amenity_type": "tertiary", "amenity": "Unnamed road corridor", "lgu": "Cebu City" }, "geometry": { "type": "Point", "coordinates": [ 123.8957572, 10.3983351 ] } },
{ "type": "Feature", "properties": { "id": 897504042, "lat": 10.3981227, "lon": 123.8959072, "amenity_type": "tertiary", "amenity": "Unnamed road corridor", "lgu": "Cebu City" }, "geometry": { "type": "Point", "coordinates": [ 123.8959072, 10.3981227 ] } },
{ "type": "Feature", "properties": { "id": 897536258, "lat": 10.3237543, "lon": 123.8905714, "amenity_type": "tertiary", "amenity": "Villalon Drive", "lgu": "Cebu City" }, "geometry": { "type": "Point", "coordinates": [ 123.8905714, 10.3237543 ] } },
{ "type": "Feature", "properties": { "id": 897844090, "lat": 10.3789062, "lon": 123.8859235, "amenity_type": "tertiary", "amenity": "Budlaan Road", "lgu": "Cebu City" }, "geometry": { "type": "Point", "coordinates": [ 123.8859235, 10.3789062 ] } },
{ "type": "Feature", "properties": { "id": 898249614, "lat": 10.3157164, "lon": 123.8918099, "amenity_type": "tertiary", "amenity": "Governor M. Roa Street", "lgu": "Cebu City" }, "geometry": { "type": "Point", "coordinates": [ 123.8918099, 10.3157164 ] } },
{ "type": "Feature", "properties": { "id": 899705908, "lat": 10.3088083, "lon": 123.9072175, "amenity_type": "primary", "amenity": "M.J. Cuenco Avenue", "lgu": "Cebu City" }, "geometry": { "type": "Point", "coordinates": [ 123.9072175, 10.3088083 ] } },
{ "type": "Feature", "properties": { "id": 899705909, "lat": 10.3087818, "lon": 123.9072561, "amenity_type": "primary", "amenity": "M.J. Cuenco Avenue", "lgu": "Cebu City" }, "geometry": { "type": "Point", "coordinates": [ 123.9072561, 10.3087818 ] } },
{ "type": "Feature", "properties": { "id": 899705910, "lat": 10.3088761, "lon": 123.9070417, "amenity_type": "secondary", "amenity": "General Maxilom Avenue", "lgu": "Cebu City" }, "geometry": { "type": "Point", "coordinates": [ 123.9070417, 10.3088761 ] } },
{ "type": "Feature", "properties": { "id": 899737971, "lat": 10.2933787, "lon": 123.9069973, "amenity_type": "tertiary", "amenity": "C. Arellano Boulevard", "lgu": "Cebu City" }, "geometry": { "type": "Point", "coordinates": [ 123.9069973, 10.2933787 ] } },
{ "type": "Feature", "properties": { "id": 899759059, "lat": 10.3035905, "lon": 123.9127471, "amenity_type": "trunk", "amenity": "Sergio Osmeña Avenue", "lgu": "Cebu City" }, "geometry": { "type": "Point", "coordinates": [ 123.9127471, 10.3035905 ] } },
{ "type": "Feature", "properties": { "id": 899806171, "lat": 10.3153259, "lon": 123.9298362, "amenity_type": "tertiary", "amenity": "Doctor F.E. Zuellig Avenue", "lgu": "Cebu City" }, "geometry": { "type": "Point", "coordinates": [ 123.9298362, 10.3153259 ] } },
{ "type": "Feature", "properties": { "id": 900615504, "lat": 10.3214175, "lon": 123.9256783, "amenity_type": "secondary", "amenity": "Hernan Cortes Street", "lgu": "Cebu City" }, "geometry": { "type": "Point", "coordinates": [ 123.9256783, 10.3214175 ] } },
{ "type": "Feature", "properties": { "id": 900615505, "lat": 10.3216354, "lon": 123.9255673, "amenity_type": "secondary", "amenity": "Hernan Cortes Street", "lgu": "Cebu City" }, "geometry": { "type": "Point", "coordinates": [ 123.9255673, 10.3216354 ] } },
{ "type": "Feature", "properties": { "id": 900615506, "lat": 10.3214399, "lon": 123.9257224, "amenity_type": "secondary", "amenity": "Hernan Cortes Street", "lgu": "Cebu City" }, "geometry": { "type": "Point", "coordinates": [ 123.9257224, 10.3214399 ] } },
{ "type": "Feature", "properties": { "id": 901058738, "lat": 10.2939701, "lon": 123.906071, "amenity_type": "tertiary", "amenity": "Legaspi Extension", "lgu": "Cebu City" }, "geometry": { "type": "Point", "coordinates": [ 123.906071, 10.2939701 ] } },
{ "type": "Feature", "properties": { "id": 902536288, "lat": 10.3016326, "lon": 123.9008232, "amenity_type": "tertiary", "amenity": "Dionisio Jakosalem Street", "lgu": "Cebu City" }, "geometry": { "type": "Point", "coordinates": [ 123.9008232, 10.3016326 ] } },
{ "type": "Feature", "properties": { "id": 902950132, "lat": 10.3088978, "lon": 123.8918553, "amenity_type": "secondary", "amenity": "B. Rodriguez Street", "lgu": "Cebu City" }, "geometry": { "type": "Point", "coordinates": [ 123.8918553, 10.3088978 ] } },
{ "type": "Feature", "properties": { "id": 902979204, "lat": 10.3067179, "lon": 123.9056179, "amenity_type": "primary", "amenity": "Imus Avenue", "lgu": "Cebu City" }, "geometry": { "type": "Point", "coordinates": [ 123.9056179, 10.3067179 ] } },
{ "type": "Feature", "properties": { "id": 902979205, "lat": 10.30681, "lon": 123.9055012, "amenity_type": "primary", "amenity": "Imus Avenue", "lgu": "Cebu City" }, "geometry": { "type": "Point", "coordinates": [ 123.9055012, 10.30681 ] } },
{ "type": "Feature", "properties": { "id": 902979206, "lat": 10.3063889, "lon": 123.9060842, "amenity_type": "secondary", "amenity": "M.J. Cuenco Avenue", "lgu": "Cebu City" }, "geometry": { "type": "Point", "coordinates": [ 123.9060842, 10.3063889 ] } },
{ "type": "Feature", "properties": { "id": 902979207, "lat": 10.3061202, "lon": 123.9060818, "amenity_type": "secondary", "amenity": "M.J. Cuenco Avenue", "lgu": "Cebu City" }, "geometry": { "type": "Point", "coordinates": [ 123.9060818, 10.3061202 ] } },
{ "type": "Feature", "properties": { "id": 902979208, "lat": 10.3061389, "lon": 123.9061372, "amenity_type": "secondary", "amenity": "M.J. Cuenco Avenue", "lgu": "Cebu City" }, "geometry": { "type": "Point", "coordinates": [ 123.9061372, 10.3061389 ] } },
{ "type": "Feature", "properties": { "id": 902979209, "lat": 10.3067347, "lon": 123.9055364, "amenity_type": "secondary", "amenity": "M.J. Cuenco Avenue", "lgu": "Cebu City" }, "geometry": { "type": "Point", "coordinates": [ 123.9055364, 10.3067347 ] } },
{ "type": "Feature", "properties": { "id": 902979210, "lat": 10.3065201, "lon": 123.9058177, "amenity_type": "secondary", "amenity": "M.J. Cuenco Avenue", "lgu": "Cebu City" }, "geometry": { "type": "Point", "coordinates": [ 123.9058177, 10.3065201 ] } },
{ "type": "Feature", "properties": { "id": 903719895, "lat": 10.3113926, "lon": 123.9036353, "amenity_type": "secondary", "amenity": "Gorordo Avenue", "lgu": "Cebu City" }, "geometry": { "type": "Point", "coordinates": [ 123.9036353, 10.3113926 ] } },
{ "type": "Feature", "properties": { "id": 903719896, "lat": 10.3132536, "lon": 123.902698, "amenity_type": "secondary", "amenity": "Gorordo Avenue", "lgu": "Cebu City" }, "geometry": { "type": "Point", "coordinates": [ 123.902698, 10.3132536 ] } },
{ "type": "Feature", "properties": { "id": 903719897, "lat": 10.3213247, "lon": 123.911946, "amenity_type": "secondary", "amenity": "F. Cabahug Street", "lgu": "Cebu City" }, "geometry": { "type": "Point", "coordinates": [ 123.911946, 10.3213247 ] } },
{ "type": "Feature", "properties": { "id": 903719898, "lat": 10.3180929, "lon": 123.9186561, "amenity_type": "primary", "amenity": "M.J. Cuenco Avenue", "lgu": "Cebu City" }, "geometry": { "type": "Point", "coordinates": [ 123.9186561, 10.3180929 ] } },
{ "type": "Feature", "properties": { "id": 903719899, "lat": 10.2948841, "lon": 123.9014185, "amenity_type": "secondary", "amenity": "Osmeña Boulevard", "lgu": "Cebu City" }, "geometry": { "type": "Point", "coordinates": [ 123.9014185, 10.2948841 ] } },
{ "type": "Feature", "properties": { "id": 903719900, "lat": 10.2952468, "lon": 123.901663, "amenity_type": "tertiary", "amenity": "Dionisio Jakosalem Street", "lgu": "Cebu City" }, "geometry": { "type": "Point", "coordinates": [ 123.901663, 10.2952468 ] } },
{ "type": "Feature", "properties": { "id": 904108006, "lat": 10.3167114, "lon": 123.8881853, "amenity_type": "secondary", "amenity": "M. Velez Street", "lgu": "Cebu City" }, "geometry": { "type": "Point", "coordinates": [ 123.8881853, 10.3167114 ] } },
{ "type": "Feature", "properties": { "id": 904108007, "lat": 10.3234201, "lon": 123.8836622, "amenity_type": "secondary", "amenity": "Vicente Rama Avenue", "lgu": "Cebu City" }, "geometry": { "type": "Point", "coordinates": [ 123.8836622, 10.3234201 ] } },
{ "type": "Feature", "properties": { "id": 904108008, "lat": 10.3248184, "lon": 123.8859485, "amenity_type": "tertiary", "amenity": "Singson Road", "lgu": "Cebu City" }, "geometry": { "type": "Point", "coordinates": [ 123.8859485, 10.3248184 ] } },
{ "type": "Feature", "properties": { "id": 904236153, "lat": 10.3534652, "lon": 123.8882642, "amenity_type": "tertiary", "amenity": "Paseo John-John", "lgu": "Cebu City" }, "geometry": { "type": "Point", "coordinates": [ 123.8882642, 10.3534652 ] } },
{ "type": "Feature", "properties": { "id": 904328239, "lat": 10.2897832, "lon": 123.8707033, "amenity_type": "secondary", "amenity": "Francisco Llamas Street", "lgu": "Cebu City" }, "geometry": { "type": "Point", "coordinates": [ 123.8707033, 10.2897832 ] } },
{ "type": "Feature", "properties": { "id": 904338936, "lat": 10.3157816, "lon": 123.8854013, "amenity_type": "secondary", "amenity": "Vicente Rama Avenue", "lgu": "Cebu City" }, "geometry": { "type": "Point", "coordinates": [ 123.8854013, 10.3157816 ] } },
{ "type": "Feature", "properties": { "id": 904338937, "lat": 10.3156132, "lon": 123.8854388, "amenity_type": "secondary", "amenity": "Vicente Rama Avenue", "lgu": "Cebu City" }, "geometry": { "type": "Point", "coordinates": [ 123.8854388, 10.3156132 ] } },
{ "type": "Feature", "properties": { "id": 904405468, "lat": 10.3434978, "lon": 123.9128412, "amenity_type": "secondary", "amenity": "A. S. Fortuna Street", "lgu": "Cebu City" }, "geometry": { "type": "Point", "coordinates": [ 123.9128412, 10.3434978 ] } },
{ "type": "Feature", "properties": { "id": 904881466, "lat": 10.3144424, "lon": 123.9145549, "amenity_type": "primary", "amenity": "Pope John Paul Ⅱ Avenue", "lgu": "Cebu City" }, "geometry": { "type": "Point", "coordinates": [ 123.9145549, 10.3144424 ] } },
{ "type": "Feature", "properties": { "id": 904958888, "lat": 10.3166511, "lon": 123.8922262, "amenity_type": "secondary", "amenity": "N. Escario Street", "lgu": "Cebu City" }, "geometry": { "type": "Point", "coordinates": [ 123.8922262, 10.3166511 ] } },
{ "type": "Feature", "properties": { "id": 904958889, "lat": 10.3168038, "lon": 123.8924088, "amenity_type": "secondary", "amenity": "N. Escario Street", "lgu": "Cebu City" }, "geometry": { "type": "Point", "coordinates": [ 123.8924088, 10.3168038 ] } },
{ "type": "Feature", "properties": { "id": 906068124, "lat": 10.3112699, "lon": 123.9220028, "amenity_type": "trunk", "amenity": "Sergio Osmeña Avenue", "lgu": "Cebu City" }, "geometry": { "type": "Point", "coordinates": [ 123.9220028, 10.3112699 ] } },
{ "type": "Feature", "properties": { "id": 906954999, "lat": 10.3155591, "lon": 123.9056355, "amenity_type": "secondary", "amenity": "Cardinal Rosales Avenue", "lgu": "Cebu City" }, "geometry": { "type": "Point", "coordinates": [ 123.9056355, 10.3155591 ] } },
{ "type": "Feature", "properties": { "id": 906955000, "lat": 10.3134543, "lon": 123.9029513, "amenity_type": "secondary", "amenity": "Cardinal Rosales Avenue", "lgu": "Cebu City" }, "geometry": { "type": "Point", "coordinates": [ 123.9029513, 10.3134543 ] } },
{ "type": "Feature", "properties": { "id": 914908826, "lat": 10.3012488, "lon": 123.8999838, "amenity_type": "primary", "amenity": "P. del Rosario Street", "lgu": "Cebu City" }, "geometry": { "type": "Point", "coordinates": [ 123.8999838, 10.3012488 ] } },
{ "type": "Feature", "properties": { "id": 914908827, "lat": 10.3015444, "lon": 123.9005446, "amenity_type": "primary", "amenity": "P. del Rosario Street", "lgu": "Cebu City" }, "geometry": { "type": "Point", "coordinates": [ 123.9005446, 10.3015444 ] } },
{ "type": "Feature", "properties": { "id": 914908828, "lat": 10.3014966, "lon": 123.9005556, "amenity_type": "primary", "amenity": "P. del Rosario Street", "lgu": "Cebu City" }, "geometry": { "type": "Point", "coordinates": [ 123.9005556, 10.3014966 ] } },
{ "type": "Feature", "properties": { "id": 922086607, "lat": 10.2927688, "lon": 123.8762637, "amenity_type": "tertiary", "amenity": "San Bernardino Street", "lgu": "Cebu City" }, "geometry": { "type": "Point", "coordinates": [ 123.8762637, 10.2927688 ] } },
{ "type": "Feature", "properties": { "id": 922086608, "lat": 10.2925915, "lon": 123.8765203, "amenity_type": "tertiary", "amenity": "San Bernardino Street", "lgu": "Cebu City" }, "geometry": { "type": "Point", "coordinates": [ 123.8765203, 10.2925915 ] } },
{ "type": "Feature", "properties": { "id": 922312336, "lat": 10.3139494, "lon": 123.9252398, "amenity_type": "trunk", "amenity": "Ouano Avenue", "lgu": "Cebu City" }, "geometry": { "type": "Point", "coordinates": [ 123.9252398, 10.3139494 ] } },
{ "type": "Feature", "properties": { "id": 922312337, "lat": 10.3145684, "lon": 123.9263404, "amenity_type": "trunk", "amenity": "Ouano Avenue", "lgu": "Cebu City" }, "geometry": { "type": "Point", "coordinates": [ 123.9263404, 10.3145684 ] } },
{ "type": "Feature", "properties": { "id": 922312338, "lat": 10.3139425, "lon": 123.9255405, "amenity_type": "trunk", "amenity": "Ouano Avenue", "lgu": "Cebu City" }, "geometry": { "type": "Point", "coordinates": [ 123.9255405, 10.3139425 ] } },
{ "type": "Feature", "properties": { "id": 922365856, "lat": 10.3205316, "lon": 123.9260067, "amenity_type": "secondary", "amenity": "E.O. Perez Street", "lgu": "Cebu City" }, "geometry": { "type": "Point", "coordinates": [ 123.9260067, 10.3205316 ] } },
{ "type": "Feature", "properties": { "id": 922365859, "lat": 10.3206778, "lon": 123.9293756, "amenity_type": "tertiary", "amenity": "F.F. Cruz Avenue", "lgu": "Cebu City" }, "geometry": { "type": "Point", "coordinates": [ 123.9293756, 10.3206778 ] } },
{ "type": "Feature", "properties": { "id": 922365860, "lat": 10.3205976, "lon": 123.9295059, "amenity_type": "tertiary", "amenity": "F.F. Cruz Avenue", "lgu": "Cebu City" }, "geometry": { "type": "Point", "coordinates": [ 123.9295059, 10.3205976 ] } },
{ "type": "Feature", "properties": { "id": 922781381, "lat": 10.3169105, "lon": 123.9311722, "amenity_type": "tertiary", "amenity": "Doctor F.E. Zuellig Avenue", "lgu": "Cebu City" }, "geometry": { "type": "Point", "coordinates": [ 123.9311722, 10.3169105 ] } },
{ "type": "Feature", "properties": { "id": 923588766, "lat": 10.3132037, "lon": 123.9245953, "amenity_type": "trunk", "amenity": "Ouano Avenue", "lgu": "Cebu City" }, "geometry": { "type": "Point", "coordinates": [ 123.9245953, 10.3132037 ] } },
{ "type": "Feature", "properties": { "id": 926502408, "lat": 10.2942866, "lon": 123.9048869, "amenity_type": "secondary", "amenity": "M.J. Cuenco Avenue", "lgu": "Cebu City" }, "geometry": { "type": "Point", "coordinates": [ 123.9048869, 10.2942866 ] } },
{ "type": "Feature", "properties": { "id": 926502409, "lat": 10.2945565, "lon": 123.9050216, "amenity_type": "secondary", "amenity": "M.J. Cuenco Avenue", "lgu": "Cebu City" }, "geometry": { "type": "Point", "coordinates": [ 123.9050216, 10.2945565 ] } },
{ "type": "Feature", "properties": { "id": 926502410, "lat": 10.2945052, "lon": 123.9050339, "amenity_type": "tertiary", "amenity": "Legaspi Extension", "lgu": "Cebu City" }, "geometry": { "type": "Point", "coordinates": [ 123.9050339, 10.2945052 ] } },
{ "type": "Feature", "properties": { "id": 926502411, "lat": 10.2945353, "lon": 123.9050591, "amenity_type": "secondary", "amenity": "M.J. Cuenco Avenue", "lgu": "Cebu City" }, "geometry": { "type": "Point", "coordinates": [ 123.9050591, 10.2945353 ] } },
{ "type": "Feature", "properties": { "id": 929584283, "lat": 10.3167445, "lon": 123.9237659, "amenity_type": "secondary", "amenity": "Gatewalk Drive", "lgu": "Cebu City" }, "geometry": { "type": "Point", "coordinates": [ 123.9237659, 10.3167445 ] } },
{ "type": "Feature", "properties": { "id": 930839299, "lat": 10.3089046, "lon": 123.9068573, "amenity_type": "secondary", "amenity": "General Maxilom Avenue", "lgu": "Cebu City" }, "geometry": { "type": "Point", "coordinates": [ 123.9068573, 10.3089046 ] } },
{ "type": "Feature", "properties": { "id": 931734644, "lat": 10.2805453, "lon": 123.8645639, "amenity_type": "tertiary", "amenity": "L. Gabuya Street", "lgu": "Cebu City" }, "geometry": { "type": "Point", "coordinates": [ 123.8645639, 10.2805453 ] } },
{ "type": "Feature", "properties": { "id": 932666815, "lat": 10.3113443, "lon": 123.8831584, "amenity_type": "tertiary", "amenity": "I. Limkakeng Street", "lgu": "Cebu City" }, "geometry": { "type": "Point", "coordinates": [ 123.8831584, 10.3113443 ] } },
{ "type": "Feature", "properties": { "id": 933210527, "lat": 10.2945172, "lon": 123.8821089, "amenity_type": "primary", "amenity": "Natalio Bacalso Avenue", "lgu": "Cebu City" }, "geometry": { "type": "Point", "coordinates": [ 123.8821089, 10.2945172 ] } },
{ "type": "Feature", "properties": { "id": 933391495, "lat": 10.3287832, "lon": 123.9051377, "amenity_type": "tertiary", "amenity": "Geonzon Street", "lgu": "Cebu City" }, "geometry": { "type": "Point", "coordinates": [ 123.9051377, 10.3287832 ] } },
{ "type": "Feature", "properties": { "id": 933836497, "lat": 10.2859082, "lon": 123.8800452, "amenity_type": "tertiary", "amenity": "Banog Road", "lgu": "Cebu City" }, "geometry": { "type": "Point", "coordinates": [ 123.8800452, 10.2859082 ] } },
{ "type": "Feature", "properties": { "id": 933881064, "lat": 10.297711, "lon": 123.8974877, "amenity_type": "secondary", "amenity": "Osmeña Boulevard", "lgu": "Cebu City" }, "geometry": { "type": "Point", "coordinates": [ 123.8974877, 10.297711 ] } },
{ "type": "Feature", "properties": { "id": 933881065, "lat": 10.2943598, "lon": 123.9049714, "amenity_type": "tertiary", "amenity": "Legaspi Extension", "lgu": "Cebu City" }, "geometry": { "type": "Point", "coordinates": [ 123.9049714, 10.2943598 ] } },
{ "type": "Feature", "properties": { "id": 933881066, "lat": 10.2944117, "lon": 123.9050413, "amenity_type": "secondary", "amenity": "M.J. Cuenco Avenue", "lgu": "Cebu City" }, "geometry": { "type": "Point", "coordinates": [ 123.9050413, 10.2944117 ] } },
{ "type": "Feature", "properties": { "id": 933881067, "lat": 10.2976944, "lon": 123.8974388, "amenity_type": "secondary", "amenity": "Osmeña Boulevard", "lgu": "Cebu City" }, "geometry": { "type": "Point", "coordinates": [ 123.8974388, 10.2976944 ] } },
{ "type": "Feature", "properties": { "id": 933881068, "lat": 10.2977302, "lon": 123.8974215, "amenity_type": "tertiary", "amenity": "Sanciangko Street", "lgu": "Cebu City" }, "geometry": { "type": "Point", "coordinates": [ 123.8974215, 10.2977302 ] } },
{ "type": "Feature", "properties": { "id": 933881069, "lat": 10.2962716, "lon": 123.8982274, "amenity_type": "secondary", "amenity": "Colon Street", "lgu": "Cebu City" }, "geometry": { "type": "Point", "coordinates": [ 123.8982274, 10.2962716 ] } },
{ "type": "Feature", "properties": { "id": 934653731, "lat": 10.2920104, "lon": 123.8993882, "amenity_type": "tertiary", "amenity": "Plaridel Street", "lgu": "Cebu City" }, "geometry": { "type": "Point", "coordinates": [ 123.8993882, 10.2920104 ] } },
{ "type": "Feature", "properties": { "id": 935192310, "lat": 10.3124634, "lon": 123.9248859, "amenity_type": "tertiary", "amenity": "Doctor F.E. Zuellig Avenue", "lgu": "Cebu City" }, "geometry": { "type": "Point", "coordinates": [ 123.9248859, 10.3124634 ] } },
{ "type": "Feature", "properties": { "id": 936762292, "lat": 10.3170262, "lon": 123.8930663, "amenity_type": "secondary", "amenity": "N. Escario Street", "lgu": "Cebu City" }, "geometry": { "type": "Point", "coordinates": [ 123.8930663, 10.3170262 ] } },
{ "type": "Feature", "properties": { "id": 936762293, "lat": 10.3170649, "lon": 123.8933028, "amenity_type": "tertiary", "amenity": "Juana Osmeña Street", "lgu": "Cebu City" }, "geometry": { "type": "Point", "coordinates": [ 123.8933028, 10.3170649 ] } },
{ "type": "Feature", "properties": { "id": 936762294, "lat": 10.3171525, "lon": 123.8936713, "amenity_type": "secondary", "amenity": "N. Escario Street", "lgu": "Cebu City" }, "geometry": { "type": "Point", "coordinates": [ 123.8936713, 10.3171525 ] } },
{ "type": "Feature", "properties": { "id": 936762295, "lat": 10.3174009, "lon": 123.8943607, "amenity_type": "secondary", "amenity": "N. Escario Street", "lgu": "Cebu City" }, "geometry": { "type": "Point", "coordinates": [ 123.8943607, 10.3174009 ] } },
{ "type": "Feature", "properties": { "id": 936762296, "lat": 10.3171804, "lon": 123.8935089, "amenity_type": "secondary", "amenity": "N. Escario Street", "lgu": "Cebu City" }, "geometry": { "type": "Point", "coordinates": [ 123.8935089, 10.3171804 ] } },
{ "type": "Feature", "properties": { "id": 936770901, "lat": 10.3114112, "lon": 123.8925058, "amenity_type": "secondary", "amenity": "Osmeña Boulevard", "lgu": "Cebu City" }, "geometry": { "type": "Point", "coordinates": [ 123.8925058, 10.3114112 ] } },
{ "type": "Feature", "properties": { "id": 936770902, "lat": 10.3131553, "lon": 123.8918809, "amenity_type": "secondary", "amenity": "Osmeña Boulevard", "lgu": "Cebu City" }, "geometry": { "type": "Point", "coordinates": [ 123.8918809, 10.3131553 ] } },
{ "type": "Feature", "properties": { "id": 936770903, "lat": 10.3112909, "lon": 123.8926165, "amenity_type": "tertiary", "amenity": "J. Llorente Street", "lgu": "Cebu City" }, "geometry": { "type": "Point", "coordinates": [ 123.8926165, 10.3112909 ] } },
{ "type": "Feature", "properties": { "id": 936775914, "lat": 10.3185867, "lon": 123.9080101, "amenity_type": "secondary", "amenity": "Cardinal Rosales Avenue", "lgu": "Cebu City" }, "geometry": { "type": "Point", "coordinates": [ 123.9080101, 10.3185867 ] } },
{ "type": "Feature", "properties": { "id": 936779615, "lat": 10.3155984, "lon": 123.9055303, "amenity_type": "secondary", "amenity": "Cardinal Rosales Avenue", "lgu": "Cebu City" }, "geometry": { "type": "Point", "coordinates": [ 123.9055303, 10.3155984 ] } },
{ "type": "Feature", "properties": { "id": 936779616, "lat": 10.3158109, "lon": 123.9057136, "amenity_type": "secondary", "amenity": "Cardinal Rosales Avenue", "lgu": "Cebu City" }, "geometry": { "type": "Point", "coordinates": [ 123.9057136, 10.3158109 ] } },
{ "type": "Feature", "properties": { "id": 936779617, "lat": 10.3160749, "lon": 123.9056816, "amenity_type": "secondary", "amenity": "Cardinal Rosales Avenue", "lgu": "Cebu City" }, "geometry": { "type": "Point", "coordinates": [ 123.9056816, 10.3160749 ] } },
{ "type": "Feature", "properties": { "id": 936783368, "lat": 10.296938, "lon": 123.8989349, "amenity_type": "tertiary", "amenity": "Pelaez Street", "lgu": "Cebu City" }, "geometry": { "type": "Point", "coordinates": [ 123.8989349, 10.296938 ] } },
{ "type": "Feature", "properties": { "id": 936783369, "lat": 10.296622, "lon": 123.8988292, "amenity_type": "secondary", "amenity": "Colon Street", "lgu": "Cebu City" }, "geometry": { "type": "Point", "coordinates": [ 123.8988292, 10.296622 ] } },
{ "type": "Feature", "properties": { "id": 937916515, "lat": 10.3032189, "lon": 123.8954356, "amenity_type": "secondary", "amenity": "Osmeña Boulevard", "lgu": "Cebu City" }, "geometry": { "type": "Point", "coordinates": [ 123.8954356, 10.3032189 ] } },
{ "type": "Feature", "properties": { "id": 937916516, "lat": 10.3023179, "lon": 123.8959038, "amenity_type": "secondary", "amenity": "Osmeña Boulevard", "lgu": "Cebu City" }, "geometry": { "type": "Point", "coordinates": [ 123.8959038, 10.3023179 ] } },
{ "type": "Feature", "properties": { "id": 937916517, "lat": 10.3022697, "lon": 123.8957703, "amenity_type": "secondary", "amenity": "Osmeña Boulevard", "lgu": "Cebu City" }, "geometry": { "type": "Point", "coordinates": [ 123.8957703, 10.3022697 ] } },
{ "type": "Feature", "properties": { "id": 937916519, "lat": 10.3037307, "lon": 123.8952516, "amenity_type": "secondary", "amenity": "Osmeña Boulevard", "lgu": "Cebu City" }, "geometry": { "type": "Point", "coordinates": [ 123.8952516, 10.3037307 ] } },
{ "type": "Feature", "properties": { "id": 937916520, "lat": 10.3026942, "lon": 123.8956237, "amenity_type": "secondary", "amenity": "Osmeña Boulevard", "lgu": "Cebu City" }, "geometry": { "type": "Point", "coordinates": [ 123.8956237, 10.3026942 ] } },
{ "type": "Feature", "properties": { "id": 937916521, "lat": 10.3037515, "lon": 123.8953832, "amenity_type": "secondary", "amenity": "Osmeña Boulevard", "lgu": "Cebu City" }, "geometry": { "type": "Point", "coordinates": [ 123.8953832, 10.3037515 ] } },
{ "type": "Feature", "properties": { "id": 937916522, "lat": 10.303874, "lon": 123.8953394, "amenity_type": "secondary", "amenity": "Osmeña Boulevard", "lgu": "Cebu City" }, "geometry": { "type": "Point", "coordinates": [ 123.8953394, 10.303874 ] } },
{ "type": "Feature", "properties": { "id": 937916524, "lat": 10.303192, "lon": 123.8955848, "amenity_type": "secondary", "amenity": "Osmeña Boulevard", "lgu": "Cebu City" }, "geometry": { "type": "Point", "coordinates": [ 123.8955848, 10.303192 ] } },
{ "type": "Feature", "properties": { "id": 937916528, "lat": 10.3081295, "lon": 123.8935461, "amenity_type": "secondary", "amenity": "Osmeña Boulevard", "lgu": "Cebu City" }, "geometry": { "type": "Point", "coordinates": [ 123.8935461, 10.3081295 ] } },
{ "type": "Feature", "properties": { "id": 937924629, "lat": 10.2980005, "lon": 123.8916606, "amenity_type": "primary", "amenity": "Natalio Bacalso Avenue", "lgu": "Cebu City" }, "geometry": { "type": "Point", "coordinates": [ 123.8916606, 10.2980005 ] } },
{ "type": "Feature", "properties": { "id": 937924630, "lat": 10.2982145, "lon": 123.8918611, "amenity_type": "primary", "amenity": "Natalio Bacalso Avenue", "lgu": "Cebu City" }, "geometry": { "type": "Point", "coordinates": [ 123.8918611, 10.2982145 ] } },
{ "type": "Feature", "properties": { "id": 937924631, "lat": 10.2983786, "lon": 123.892291, "amenity_type": "primary", "amenity": "Natalio Bacalso Avenue", "lgu": "Cebu City" }, "geometry": { "type": "Point", "coordinates": [ 123.892291, 10.2983786 ] } },
{ "type": "Feature", "properties": { "id": 937924632, "lat": 10.2982798, "lon": 123.8923258, "amenity_type": "primary", "amenity": "Natalio Bacalso Avenue", "lgu": "Cebu City" }, "geometry": { "type": "Point", "coordinates": [ 123.8923258, 10.2982798 ] } },
{ "type": "Feature", "properties": { "id": 937924633, "lat": 10.2984219, "lon": 123.8924632, "amenity_type": "primary", "amenity": "Natalio Bacalso Avenue", "lgu": "Cebu City" }, "geometry": { "type": "Point", "coordinates": [ 123.8924632, 10.2984219 ] } },
{ "type": "Feature", "properties": { "id": 937924634, "lat": 10.2983598, "lon": 123.8927132, "amenity_type": "primary", "amenity": "Natalio Bacalso Avenue", "lgu": "Cebu City" }, "geometry": { "type": "Point", "coordinates": [ 123.8927132, 10.2983598 ] } },
{ "type": "Feature", "properties": { "id": 937924635, "lat": 10.2983162, "lon": 123.8924793, "amenity_type": "primary", "amenity": "Natalio Bacalso Avenue", "lgu": "Cebu City" }, "geometry": { "type": "Point", "coordinates": [ 123.8924793, 10.2983162 ] } },
{ "type": "Feature", "properties": { "id": 937924636, "lat": 10.2985458, "lon": 123.8931176, "amenity_type": "primary", "amenity": "Natalio Bacalso Avenue", "lgu": "Cebu City" }, "geometry": { "type": "Point", "coordinates": [ 123.8931176, 10.2985458 ] } },
{ "type": "Feature", "properties": { "id": 937924638, "lat": 10.2988972, "lon": 123.8953666, "amenity_type": "primary", "amenity": "Natalio Bacalso Avenue", "lgu": "Cebu City" }, "geometry": { "type": "Point", "coordinates": [ 123.8953666, 10.2988972 ] } },
{ "type": "Feature", "properties": { "id": 937924639, "lat": 10.2987984, "lon": 123.8954461, "amenity_type": "primary", "amenity": "Natalio Bacalso Avenue", "lgu": "Cebu City" }, "geometry": { "type": "Point", "coordinates": [ 123.8954461, 10.2987984 ] } },
{ "type": "Feature", "properties": { "id": 937924640, "lat": 10.2989293, "lon": 123.8955028, "amenity_type": "primary", "amenity": "Natalio Bacalso Avenue", "lgu": "Cebu City" }, "geometry": { "type": "Point", "coordinates": [ 123.8955028, 10.2989293 ] } },
{ "type": "Feature", "properties": { "id": 937924641, "lat": 10.2988983, "lon": 123.8955646, "amenity_type": "primary", "amenity": "Natalio Bacalso Avenue", "lgu": "Cebu City" }, "geometry": { "type": "Point", "coordinates": [ 123.8955646, 10.2988983 ] } },
{ "type": "Feature", "properties": { "id": 937924642, "lat": 10.2988727, "lon": 123.8955219, "amenity_type": "tertiary", "amenity": "Leon Kilat Street", "lgu": "Cebu City" }, "geometry": { "type": "Point", "coordinates": [ 123.8955219, 10.2988727 ] } },
{ "type": "Feature", "properties": { "id": 937924644, "lat": 10.2990054, "lon": 123.8957226, "amenity_type": "primary", "amenity": "P. del Rosario Street", "lgu": "Cebu City" }, "geometry": { "type": "Point", "coordinates": [ 123.8957226, 10.2990054 ] } },
{ "type": "Feature", "properties": { "id": 937924645, "lat": 10.2994688, "lon": 123.8966174, "amenity_type": "primary", "amenity": "P. del Rosario Street", "lgu": "Cebu City" }, "geometry": { "type": "Point", "coordinates": [ 123.8966174, 10.2994688 ] } },
{ "type": "Feature", "properties": { "id": 937950799, "lat": 10.2974915, "lon": 123.8873051, "amenity_type": "secondary", "amenity": "Katipunan Street", "lgu": "Cebu City" }, "geometry": { "type": "Point", "coordinates": [ 123.8873051, 10.2974915 ] } },
{ "type": "Feature", "properties": { "id": 937957049, "lat": 10.3084708, "lon": 123.8866384, "amenity_type": "secondary", "amenity": "Vicente Rama Avenue", "lgu": "Cebu City" }, "geometry": { "type": "Point", "coordinates": [ 123.8866384, 10.3084708 ] } },
{ "type": "Feature", "properties": { "id": 938273364, "lat": 10.3004681, "lon": 123.8990395, "amenity_type": "tertiary", "amenity": "Junquera Street", "lgu": "Cebu City" }, "geometry": { "type": "Point", "coordinates": [ 123.8990395, 10.3004681 ] } },
{ "type": "Feature", "properties": { "id": 938278131, "lat": 10.3109066, "lon": 123.8928969, "amenity_type": "secondary", "amenity": "Osmeña Boulevard", "lgu": "Cebu City" }, "geometry": { "type": "Point", "coordinates": [ 123.8928969, 10.3109066 ] } },
{ "type": "Feature", "properties": { "id": 938638108, "lat": 10.2949892, "lon": 123.8966565, "amenity_type": "tertiary", "amenity": "Leon Kilat Street", "lgu": "Cebu City" }, "geometry": { "type": "Point", "coordinates": [ 123.8966565, 10.2949892 ] } },
{ "type": "Feature", "properties": { "id": 938638111, "lat": 10.2935419, "lon": 123.8973557, "amenity_type": "tertiary", "amenity": "Magallanes Street", "lgu": "Cebu City" }, "geometry": { "type": "Point", "coordinates": [ 123.8973557, 10.2935419 ] } },
{ "type": "Feature", "properties": { "id": 938638112, "lat": 10.2933347, "lon": 123.89725, "amenity_type": "tertiary", "amenity": "Escaño Street", "lgu": "Cebu City" }, "geometry": { "type": "Point", "coordinates": [ 123.89725, 10.2933347 ] } },
{ "type": "Feature", "properties": { "id": 938643339, "lat": 10.2963392, "lon": 123.8982029, "amenity_type": "secondary", "amenity": "Osmeña Boulevard", "lgu": "Cebu City" }, "geometry": { "type": "Point", "coordinates": [ 123.8982029, 10.2963392 ] } },
{ "type": "Feature", "properties": { "id": 938655274, "lat": 10.2948081, "lon": 123.9015836, "amenity_type": "secondary", "amenity": "Osmeña Boulevard", "lgu": "Cebu City" }, "geometry": { "type": "Point", "coordinates": [ 123.9015836, 10.2948081 ] } },
{ "type": "Feature", "properties": { "id": 938655275, "lat": 10.2948911, "lon": 123.9015549, "amenity_type": "tertiary", "amenity": "Dionisio Jakosalem Street", "lgu": "Cebu City" }, "geometry": { "type": "Point", "coordinates": [ 123.9015549, 10.2948911 ] } },
{ "type": "Feature", "properties": { "id": 938655276, "lat": 10.2955053, "lon": 123.90184, "amenity_type": "tertiary", "amenity": "Legaspi Street", "lgu": "Cebu City" }, "geometry": { "type": "Point", "coordinates": [ 123.90184, 10.2955053 ] } },
{ "type": "Feature", "properties": { "id": 938655278, "lat": 10.2968596, "lon": 123.9021413, "amenity_type": "tertiary", "amenity": "Dionisio Jakosalem Street", "lgu": "Cebu City" }, "geometry": { "type": "Point", "coordinates": [ 123.9021413, 10.2968596 ] } },
{ "type": "Feature", "properties": { "id": 938655279, "lat": 10.2977972, "lon": 123.9021154, "amenity_type": "secondary", "amenity": "Colon Street", "lgu": "Cebu City" }, "geometry": { "type": "Point", "coordinates": [ 123.9021154, 10.2977972 ] } },
{ "type": "Feature", "properties": { "id": 938655280, "lat": 10.2977264, "lon": 123.902069, "amenity_type": "tertiary", "amenity": "Dionisio Jakosalem Street", "lgu": "Cebu City" }, "geometry": { "type": "Point", "coordinates": [ 123.902069, 10.2977264 ] } },
{ "type": "Feature", "properties": { "id": 938754256, "lat": 10.3041135, "lon": 123.9000597, "amenity_type": "tertiary", "amenity": "Dionisio Jakosalem Street", "lgu": "Cebu City" }, "geometry": { "type": "Point", "coordinates": [ 123.9000597, 10.3041135 ] } },
{ "type": "Feature", "properties": { "id": 938754264, "lat": 10.3058347, "lon": 123.8998215, "amenity_type": "tertiary", "amenity": "Dionisio Jakosalem Street", "lgu": "Cebu City" }, "geometry": { "type": "Point", "coordinates": [ 123.8998215, 10.3058347 ] } },
{ "type": "Feature", "properties": { "id": 938754265, "lat": 10.3066397, "lon": 123.8997211, "amenity_type": "tertiary", "amenity": "Dionisio Jakosalem Street", "lgu": "Cebu City" }, "geometry": { "type": "Point", "coordinates": [ 123.8997211, 10.3066397 ] } },
{ "type": "Feature", "properties": { "id": 938754274, "lat": 10.3088807, "lon": 123.8996842, "amenity_type": "tertiary", "amenity": "Dionisio Jakosalem Street", "lgu": "Cebu City" }, "geometry": { "type": "Point", "coordinates": [ 123.8996842, 10.3088807 ] } },
{ "type": "Feature", "properties": { "id": 938754277, "lat": 10.3111824, "lon": 123.899782, "amenity_type": "tertiary", "amenity": "Dionisio Jakosalem Street", "lgu": "Cebu City" }, "geometry": { "type": "Point", "coordinates": [ 123.899782, 10.3111824 ] } },
{ "type": "Feature", "properties": { "id": 938754278, "lat": 10.3113604, "lon": 123.8998041, "amenity_type": "tertiary", "amenity": "Dionisio Jakosalem Street", "lgu": "Cebu City" }, "geometry": { "type": "Point", "coordinates": [ 123.8998041, 10.3113604 ] } },
{ "type": "Feature", "properties": { "id": 938767452, "lat": 10.2962598, "lon": 123.8983295, "amenity_type": "secondary", "amenity": "Osmeña Boulevard", "lgu": "Cebu City" }, "geometry": { "type": "Point", "coordinates": [ 123.8983295, 10.2962598 ] } },
{ "type": "Feature", "properties": { "id": 938767454, "lat": 10.2964343, "lon": 123.8996402, "amenity_type": "tertiary", "amenity": "Legaspi Street", "lgu": "Cebu City" }, "geometry": { "type": "Point", "coordinates": [ 123.8996402, 10.2964343 ] } },
{ "type": "Feature", "properties": { "id": 938815168, "lat": 10.2932698, "lon": 123.9025444, "amenity_type": "tertiary", "amenity": "P. Burgos Street", "lgu": "Cebu City" }, "geometry": { "type": "Point", "coordinates": [ 123.9025444, 10.2932698 ] } },
{ "type": "Feature", "properties": { "id": 938815169, "lat": 10.2929141, "lon": 123.9023682, "amenity_type": "tertiary", "amenity": "P. Burgos Street", "lgu": "Cebu City" }, "geometry": { "type": "Point", "coordinates": [ 123.9023682, 10.2929141 ] } },
{ "type": "Feature", "properties": { "id": 939120272, "lat": 10.2962342, "lon": 123.9000592, "amenity_type": "tertiary", "amenity": "Legaspi Street", "lgu": "Cebu City" }, "geometry": { "type": "Point", "coordinates": [ 123.9000592, 10.2962342 ] } },
{ "type": "Feature", "properties": { "id": 939125642, "lat": 10.3027733, "lon": 123.897745, "amenity_type": "tertiary", "amenity": "R.R. Landon Street", "lgu": "Cebu City" }, "geometry": { "type": "Point", "coordinates": [ 123.897745, 10.3027733 ] } },
{ "type": "Feature", "properties": { "id": 939125644, "lat": 10.3024697, "lon": 123.8968374, "amenity_type": "tertiary", "amenity": "R.R. Landon Street", "lgu": "Cebu City" }, "geometry": { "type": "Point", "coordinates": [ 123.8968374, 10.3024697 ] } },
{ "type": "Feature", "properties": { "id": 939125648, "lat": 10.2974404, "lon": 123.8986726, "amenity_type": "tertiary", "amenity": "Pelaez Street", "lgu": "Cebu City" }, "geometry": { "type": "Point", "coordinates": [ 123.8986726, 10.2974404 ] } },
{ "type": "Feature", "properties": { "id": 939128986, "lat": 10.3044411, "lon": 123.8999799, "amenity_type": "tertiary", "amenity": "Dionisio Jakosalem Street", "lgu": "Cebu City" }, "geometry": { "type": "Point", "coordinates": [ 123.8999799, 10.3044411 ] } },
{ "type": "Feature", "properties": { "id": 939132667, "lat": 10.3069097, "lon": 123.8965966, "amenity_type": "tertiary", "amenity": "F. Ramos Street", "lgu": "Cebu City" }, "geometry": { "type": "Point", "coordinates": [ 123.8965966, 10.3069097 ] } },
{ "type": "Feature", "properties": { "id": 939153204, "lat": 10.3108067, "lon": 123.8953083, "amenity_type": "tertiary", "amenity": "Juana Osmeña Street", "lgu": "Cebu City" }, "geometry": { "type": "Point", "coordinates": [ 123.8953083, 10.3108067 ] } },
{ "type": "Feature", "properties": { "id": 939153205, "lat": 10.3104485, "lon": 123.8953762, "amenity_type": "tertiary", "amenity": "Juana Osmeña Street", "lgu": "Cebu City" }, "geometry": { "type": "Point", "coordinates": [ 123.8953762, 10.3104485 ] } },
{ "type": "Feature", "properties": { "id": 939153208, "lat": 10.3102346, "lon": 123.8954239, "amenity_type": "tertiary", "amenity": "Juana Osmeña Street", "lgu": "Cebu City" }, "geometry": { "type": "Point", "coordinates": [ 123.8954239, 10.3102346 ] } },
{ "type": "Feature", "properties": { "id": 939153209, "lat": 10.310078, "lon": 123.894843, "amenity_type": "secondary", "amenity": "General Maxilom Avenue", "lgu": "Cebu City" }, "geometry": { "type": "Point", "coordinates": [ 123.894843, 10.310078 ] } },
{ "type": "Feature", "properties": { "id": 939153210, "lat": 10.3102584, "lon": 123.8953736, "amenity_type": "secondary", "amenity": "General Maxilom Avenue", "lgu": "Cebu City" }, "geometry": { "type": "Point", "coordinates": [ 123.8953736, 10.3102584 ] } },
{ "type": "Feature", "properties": { "id": 939153217, "lat": 10.3090659, "lon": 123.8949702, "amenity_type": "tertiary", "amenity": "F. Ramos Street", "lgu": "Cebu City" }, "geometry": { "type": "Point", "coordinates": [ 123.8949702, 10.3090659 ] } },
{ "type": "Feature", "properties": { "id": 939153218, "lat": 10.3094611, "lon": 123.894665, "amenity_type": "tertiary", "amenity": "F. Ramos Street", "lgu": "Cebu City" }, "geometry": { "type": "Point", "coordinates": [ 123.894665, 10.3094611 ] } },
{ "type": "Feature", "properties": { "id": 939184388, "lat": 10.2977715, "lon": 123.9005504, "amenity_type": "tertiary", "amenity": "Junquera Street", "lgu": "Cebu City" }, "geometry": { "type": "Point", "coordinates": [ 123.9005504, 10.2977715 ] } },
{ "type": "Feature", "properties": { "id": 939184389, "lat": 10.2990358, "lon": 123.8998598, "amenity_type": "tertiary", "amenity": "Junquera Street", "lgu": "Cebu City" }, "geometry": { "type": "Point", "coordinates": [ 123.8998598, 10.2990358 ] } },
{ "type": "Feature", "properties": { "id": 939187203, "lat": 10.3063292, "lon": 123.9060522, "amenity_type": "secondary", "amenity": "M.J. Cuenco Avenue", "lgu": "Cebu City" }, "geometry": { "type": "Point", "coordinates": [ 123.9060522, 10.3063292 ] } },
{ "type": "Feature", "properties": { "id": 939187204, "lat": 10.3063826, "lon": 123.9061451, "amenity_type": "secondary", "amenity": "M.J. Cuenco Avenue", "lgu": "Cebu City" }, "geometry": { "type": "Point", "coordinates": [ 123.9061451, 10.3063826 ] } },
{ "type": "Feature", "properties": { "id": 939240884, "lat": 10.3110885, "lon": 123.8920424, "amenity_type": "tertiary", "amenity": "J. Llorente Street", "lgu": "Cebu City" }, "geometry": { "type": "Point", "coordinates": [ 123.8920424, 10.3110885 ] } },
{ "type": "Feature", "properties": { "id": 939256235, "lat": 10.3007251, "lon": 123.8989052, "amenity_type": "tertiary", "amenity": "Junquera Street", "lgu": "Cebu City" }, "geometry": { "type": "Point", "coordinates": [ 123.8989052, 10.3007251 ] } },
{ "type": "Feature", "properties": { "id": 939355090, "lat": 10.3191933, "lon": 123.9258337, "amenity_type": "secondary", "amenity": "M. Logarta Avenue", "lgu": "Cebu City" }, "geometry": { "type": "Point", "coordinates": [ 123.9258337, 10.3191933 ] } },
{ "type": "Feature", "properties": { "id": 939355093, "lat": 10.3195771, "lon": 123.9259524, "amenity_type": "secondary", "amenity": "M. Logarta Avenue", "lgu": "Cebu City" }, "geometry": { "type": "Point", "coordinates": [ 123.9259524, 10.3195771 ] } },
{ "type": "Feature", "properties": { "id": 939355094, "lat": 10.3195926, "lon": 123.9258603, "amenity_type": "secondary", "amenity": "M. Logarta Avenue", "lgu": "Cebu City" }, "geometry": { "type": "Point", "coordinates": [ 123.9258603, 10.3195926 ] } },
{ "type": "Feature", "properties": { "id": 939355096, "lat": 10.3204728, "lon": 123.9259646, "amenity_type": "secondary", "amenity": "M. Logarta Avenue", "lgu": "Cebu City" }, "geometry": { "type": "Point", "coordinates": [ 123.9259646, 10.3204728 ] } },
{ "type": "Feature", "properties": { "id": 958104998, "lat": 10.3149232, "lon": 123.9017984, "amenity_type": "secondary", "amenity": "Gorordo Avenue", "lgu": "Cebu City" }, "geometry": { "type": "Point", "coordinates": [ 123.9017984, 10.3149232 ] } },
{ "type": "Feature", "properties": { "id": 958104999, "lat": 10.3153836, "lon": 123.9015633, "amenity_type": "secondary", "amenity": "Gorordo Avenue", "lgu": "Cebu City" }, "geometry": { "type": "Point", "coordinates": [ 123.9015633, 10.3153836 ] } },
{ "type": "Feature", "properties": { "id": 959649615, "lat": 10.299423, "lon": 123.8969187, "amenity_type": "secondary", "amenity": "Osmeña Boulevard", "lgu": "Cebu City" }, "geometry": { "type": "Point", "coordinates": [ 123.8969187, 10.299423 ] } },
{ "type": "Feature", "properties": { "id": 959649616, "lat": 10.2999529, "lon": 123.8975549, "amenity_type": "primary", "amenity": "P. del Rosario Street", "lgu": "Cebu City" }, "geometry": { "type": "Point", "coordinates": [ 123.8975549, 10.2999529 ] } },
{ "type": "Feature", "properties": { "id": 959659402, "lat": 10.3010229, "lon": 123.8963691, "amenity_type": "secondary", "amenity": "Osmeña Boulevard", "lgu": "Cebu City" }, "geometry": { "type": "Point", "coordinates": [ 123.8963691, 10.3010229 ] } },
{ "type": "Feature", "properties": { "id": 959659403, "lat": 10.2993884, "lon": 123.8967995, "amenity_type": "secondary", "amenity": "Osmeña Boulevard", "lgu": "Cebu City" }, "geometry": { "type": "Point", "coordinates": [ 123.8967995, 10.2993884 ] } },
{ "type": "Feature", "properties": { "id": 959660119, "lat": 10.3024366, "lon": 123.9005062, "amenity_type": "tertiary", "amenity": "Dionisio Jakosalem Street", "lgu": "Cebu City" }, "geometry": { "type": "Point", "coordinates": [ 123.9005062, 10.3024366 ] } },
{ "type": "Feature", "properties": { "id": 959660120, "lat": 10.301972, "lon": 123.9017893, "amenity_type": "primary", "amenity": "P. del Rosario Street", "lgu": "Cebu City" }, "geometry": { "type": "Point", "coordinates": [ 123.9017893, 10.301972 ] } },
{ "type": "Feature", "properties": { "id": 959660608, "lat": 10.3024356, "lon": 123.902324, "amenity_type": "primary", "amenity": "Imus Avenue", "lgu": "Cebu City" }, "geometry": { "type": "Point", "coordinates": [ 123.902324, 10.3024356 ] } },
{ "type": "Feature", "properties": { "id": 959692823, "lat": 10.3164967, "lon": 123.9289717, "amenity_type": "tertiary", "amenity": "F.F. Cruz Avenue", "lgu": "Cebu City" }, "geometry": { "type": "Point", "coordinates": [ 123.9289717, 10.3164967 ] } },
{ "type": "Feature", "properties": { "id": 959692824, "lat": 10.316662, "lon": 123.9289638, "amenity_type": "trunk", "amenity": "Ouano Avenue", "lgu": "Cebu City" }, "geometry": { "type": "Point", "coordinates": [ 123.9289638, 10.316662 ] } },
{ "type": "Feature", "properties": { "id": 959692828, "lat": 10.3178581, "lon": 123.9297519, "amenity_type": "trunk", "amenity": "Ouano Avenue", "lgu": "Cebu City" }, "geometry": { "type": "Point", "coordinates": [ 123.9297519, 10.3178581 ] } },
{ "type": "Feature", "properties": { "id": 959723981, "lat": 10.3248852, "lon": 123.9068259, "amenity_type": "secondary", "amenity": "Archbishop Reyes Avenue", "lgu": "Cebu City" }, "geometry": { "type": "Point", "coordinates": [ 123.9068259, 10.3248852 ] } },
{ "type": "Feature", "properties": { "id": 959723982, "lat": 10.3233696, "lon": 123.9090647, "amenity_type": "primary", "amenity": "Pope John Paul Ⅱ Avenue", "lgu": "Cebu City" }, "geometry": { "type": "Point", "coordinates": [ 123.9090647, 10.3233696 ] } },
{ "type": "Feature", "properties": { "id": 959723983, "lat": 10.326108, "lon": 123.9078684, "amenity_type": "secondary", "amenity": "Governor M. Cuenco Avenue", "lgu": "Cebu City" }, "geometry": { "type": "Point", "coordinates": [ 123.9078684, 10.326108 ] } },
{ "type": "Feature", "properties": { "id": 959723984, "lat": 10.3232334, "lon": 123.9092426, "amenity_type": "primary", "amenity": "Pope John Paul Ⅱ Avenue", "lgu": "Cebu City" }, "geometry": { "type": "Point", "coordinates": [ 123.9092426, 10.3232334 ] } },
{ "type": "Feature", "properties": { "id": 959732972, "lat": 10.2990632, "lon": 123.894627, "amenity_type": "tertiary", "amenity": "J. Alcantara Street", "lgu": "Cebu City" }, "geometry": { "type": "Point", "coordinates": [ 123.894627, 10.2990632 ] } },
{ "type": "Feature", "properties": { "id": 959732973, "lat": 10.2979063, "lon": 123.8958298, "amenity_type": "tertiary", "amenity": "Leon Kilat Street", "lgu": "Cebu City" }, "geometry": { "type": "Point", "coordinates": [ 123.8958298, 10.2979063 ] } },
{ "type": "Feature", "properties": { "id": 959735857, "lat": 10.3168065, "lon": 123.9063029, "amenity_type": "secondary", "amenity": "Cardinal Rosales Avenue", "lgu": "Cebu City" }, "geometry": { "type": "Point", "coordinates": [ 123.9063029, 10.3168065 ] } },
{ "type": "Feature", "properties": { "id": 959738497, "lat": 10.2973026, "lon": 123.8894697, "amenity_type": "primary", "amenity": "Natalio Bacalso Avenue", "lgu": "Cebu City" }, "geometry": { "type": "Point", "coordinates": [ 123.8894697, 10.2973026 ] } },
{ "type": "Feature", "properties": { "id": 959738498, "lat": 10.2974219, "lon": 123.8894221, "amenity_type": "primary", "amenity": "Natalio Bacalso Avenue", "lgu": "Cebu City" }, "geometry": { "type": "Point", "coordinates": [ 123.8894221, 10.2974219 ] } },
{ "type": "Feature", "properties": { "id": 959738499, "lat": 10.2973972, "lon": 123.8891761, "amenity_type": "primary", "amenity": "Natalio Bacalso Avenue", "lgu": "Cebu City" }, "geometry": { "type": "Point", "coordinates": [ 123.8891761, 10.2973972 ] } },
{ "type": "Feature", "properties": { "id": 959738500, "lat": 10.2972728, "lon": 123.8891982, "amenity_type": "primary", "amenity": "Natalio Bacalso Avenue", "lgu": "Cebu City" }, "geometry": { "type": "Point", "coordinates": [ 123.8891982, 10.2972728 ] } },
{ "type": "Feature", "properties": { "id": 965861726, "lat": 10.3118201, "lon": 123.9254077, "amenity_type": "tertiary", "amenity": "Doctor F.E. Zuellig Avenue", "lgu": "Cebu City" }, "geometry": { "type": "Point", "coordinates": [ 123.9254077, 10.3118201 ] } },
{ "type": "Feature", "properties": { "id": 977882922, "lat": 10.3335283, "lon": 123.8732014, "amenity_type": "tertiary", "amenity": "Sapangdaku Road", "lgu": "Cebu City" }, "geometry": { "type": "Point", "coordinates": [ 123.8732014, 10.3335283 ] } },
{ "type": "Feature", "properties": { "id": 977882923, "lat": 10.3352616, "lon": 123.8722446, "amenity_type": "tertiary", "amenity": "Sapangdaku Road", "lgu": "Cebu City" }, "geometry": { "type": "Point", "coordinates": [ 123.8722446, 10.3352616 ] } },
{ "type": "Feature", "properties": { "id": 983796020, "lat": 10.3259377, "lon": 123.9075176, "amenity_type": "secondary", "amenity": "Governor M. Cuenco Avenue", "lgu": "Cebu City" }, "geometry": { "type": "Point", "coordinates": [ 123.9075176, 10.3259377 ] } },
{ "type": "Feature", "properties": { "id": 983796021, "lat": 10.3260299, "lon": 123.907382, "amenity_type": "primary", "amenity": "Salinas Drive", "lgu": "Cebu City" }, "geometry": { "type": "Point", "coordinates": [ 123.907382, 10.3260299 ] } },
{ "type": "Feature", "properties": { "id": 983796022, "lat": 10.3260579, "lon": 123.9074095, "amenity_type": "primary", "amenity": "Salinas Drive", "lgu": "Cebu City" }, "geometry": { "type": "Point", "coordinates": [ 123.9074095, 10.3260579 ] } },
{ "type": "Feature", "properties": { "id": 1012317415, "lat": 10.2955309, "lon": 123.9085922, "amenity_type": "tertiary", "amenity": "Unnamed road corridor", "lgu": "Cebu City" }, "geometry": { "type": "Point", "coordinates": [ 123.9085922, 10.2955309 ] } },
{ "type": "Feature", "properties": { "id": 1018779967, "lat": 10.280861, "lon": 123.8557665, "amenity_type": "tertiary", "amenity": "I. Tabura Street", "lgu": "Cebu City" }, "geometry": { "type": "Point", "coordinates": [ 123.8557665, 10.280861 ] } },
{ "type": "Feature", "properties": { "id": 1019897600, "lat": 10.3204263, "lon": 123.9260164, "amenity_type": "secondary", "amenity": "E.O. Perez Street", "lgu": "Cebu City" }, "geometry": { "type": "Point", "coordinates": [ 123.9260164, 10.3204263 ] } },
{ "type": "Feature", "properties": { "id": 1024094491, "lat": 10.2818928, "lon": 123.8834218, "amenity_type": "trunk", "amenity": "Cebu South Coastal Road", "lgu": "Cebu City" }, "geometry": { "type": "Point", "coordinates": [ 123.8834218, 10.2818928 ] } },
{ "type": "Feature", "properties": { "id": 1037907541, "lat": 10.3131664, "lon": 123.9242525, "amenity_type": "trunk", "amenity": "Ouano Avenue", "lgu": "Cebu City" }, "geometry": { "type": "Point", "coordinates": [ 123.9242525, 10.3131664 ] } },
{ "type": "Feature", "properties": { "id": 1037907542, "lat": 10.3130209, "lon": 123.9243617, "amenity_type": "trunk", "amenity": "Ouano Avenue", "lgu": "Cebu City" }, "geometry": { "type": "Point", "coordinates": [ 123.9243617, 10.3130209 ] } },
{ "type": "Feature", "properties": { "id": 1044378551, "lat": 10.3089129, "lon": 123.9190947, "amenity_type": "trunk", "amenity": "Sergio Osmeña Avenue", "lgu": "Cebu City" }, "geometry": { "type": "Point", "coordinates": [ 123.9190947, 10.3089129 ] } },
{ "type": "Feature", "properties": { "id": 1059711877, "lat": 10.3072059, "lon": 123.8795896, "amenity_type": "tertiary", "amenity": "Dr. Pablo Abella Street", "lgu": "Cebu City" }, "geometry": { "type": "Point", "coordinates": [ 123.8795896, 10.3072059 ] } },
{ "type": "Feature", "properties": { "id": 1059762369, "lat": 10.4070042, "lon": 123.903989, "amenity_type": "tertiary", "amenity": "Barangay Pit os", "lgu": "Cebu City" }, "geometry": { "type": "Point", "coordinates": [ 123.903989, 10.4070042 ] } },
{ "type": "Feature", "properties": { "id": 1060254440, "lat": 10.3987026, "lon": 123.8585925, "amenity_type": "primary", "amenity": "Cebu-Balamban Transcentral Highway", "lgu": "Cebu City" }, "geometry": { "type": "Point", "coordinates": [ 123.8585925, 10.3987026 ] } },
{ "type": "Feature", "properties": { "id": 1081702327, "lat": 10.3657166, "lon": 123.8692425, "amenity_type": "tertiary", "amenity": "Babag Road", "lgu": "Cebu City" }, "geometry": { "type": "Point", "coordinates": [ 123.8692425, 10.3657166 ] } },
{ "type": "Feature", "properties": { "id": 1081702345, "lat": 10.3275804, "lon": 123.9084745, "amenity_type": "secondary", "amenity": "Governor M. Cuenco Avenue", "lgu": "Cebu City" }, "geometry": { "type": "Point", "coordinates": [ 123.9084745, 10.3275804 ] } },
{ "type": "Feature", "properties": { "id": 1081706277, "lat": 10.3104374, "lon": 123.8929198, "amenity_type": "secondary", "amenity": "Fuente Osmeña Circle", "lgu": "Cebu City" }, "geometry": { "type": "Point", "coordinates": [ 123.8929198, 10.3104374 ] } },
{ "type": "Feature", "properties": { "id": 1081706278, "lat": 10.3099079, "lon": 123.8934563, "amenity_type": "secondary", "amenity": "Fuente Osmeña Circle", "lgu": "Cebu City" }, "geometry": { "type": "Point", "coordinates": [ 123.8934563, 10.3099079 ] } },
{ "type": "Feature", "properties": { "id": 1081706279, "lat": 10.2945035, "lon": 123.8940853, "amenity_type": "secondary", "amenity": "Colon Street", "lgu": "Cebu City" }, "geometry": { "type": "Point", "coordinates": [ 123.8940853, 10.2945035 ] } },
{ "type": "Feature", "properties": { "id": 1081706280, "lat": 10.2945473, "lon": 123.8942146, "amenity_type": "secondary", "amenity": "Colon Street", "lgu": "Cebu City" }, "geometry": { "type": "Point", "coordinates": [ 123.8942146, 10.2945473 ] } },
{ "type": "Feature", "properties": { "id": 1081706281, "lat": 10.3092436, "lon": 123.8932983, "amenity_type": "secondary", "amenity": "Fuente Osmeña Circle", "lgu": "Cebu City" }, "geometry": { "type": "Point", "coordinates": [ 123.8932983, 10.3092436 ] } },
{ "type": "Feature", "properties": { "id": 1081706282, "lat": 10.2924169, "lon": 123.8973361, "amenity_type": "tertiary", "amenity": "Escaño Street", "lgu": "Cebu City" }, "geometry": { "type": "Point", "coordinates": [ 123.8973361, 10.2924169 ] } },
{ "type": "Feature", "properties": { "id": 1083960758, "lat": 10.3309176, "lon": 123.9084476, "amenity_type": "tertiary", "amenity": "Jose Maria Del Mar Avenue", "lgu": "Cebu City" }, "geometry": { "type": "Point", "coordinates": [ 123.9084476, 10.3309176 ] } },
{ "type": "Feature", "properties": { "id": 1083960759, "lat": 10.3310079, "lon": 123.9084227, "amenity_type": "tertiary", "amenity": "I. Villa Street", "lgu": "Cebu City" }, "geometry": { "type": "Point", "coordinates": [ 123.9084227, 10.3310079 ] } },
{ "type": "Feature", "properties": { "id": 1083960760, "lat": 10.3309887, "lon": 123.9083315, "amenity_type": "tertiary", "amenity": "Jose Maria Del Mar Avenue", "lgu": "Cebu City" }, "geometry": { "type": "Point", "coordinates": [ 123.9083315, 10.3309887 ] } },
{ "type": "Feature", "properties": { "id": 1083961746, "lat": 10.3307662, "lon": 123.9062345, "amenity_type": "tertiary", "amenity": "Geonzon Street", "lgu": "Cebu City" }, "geometry": { "type": "Point", "coordinates": [ 123.9062345, 10.3307662 ] } },
{ "type": "Feature", "properties": { "id": 1083961749, "lat": 10.3300587, "lon": 123.905799, "amenity_type": "tertiary", "amenity": "Geonzon Street", "lgu": "Cebu City" }, "geometry": { "type": "Point", "coordinates": [ 123.905799, 10.3300587 ] } },
{ "type": "Feature", "properties": { "id": 1083961750, "lat": 10.3305749, "lon": 123.9061175, "amenity_type": "tertiary", "amenity": "Geonzon Street", "lgu": "Cebu City" }, "geometry": { "type": "Point", "coordinates": [ 123.9061175, 10.3305749 ] } },
{ "type": "Feature", "properties": { "id": 1083961751, "lat": 10.3310159, "lon": 123.906514, "amenity_type": "tertiary", "amenity": "Geonzon Street", "lgu": "Cebu City" }, "geometry": { "type": "Point", "coordinates": [ 123.906514, 10.3310159 ] } },
{ "type": "Feature", "properties": { "id": 1083961752, "lat": 10.330517, "lon": 123.9062094, "amenity_type": "tertiary", "amenity": "Geonzon Street", "lgu": "Cebu City" }, "geometry": { "type": "Point", "coordinates": [ 123.9062094, 10.330517 ] } },
{ "type": "Feature", "properties": { "id": 1083961753, "lat": 10.3297143, "lon": 123.9057086, "amenity_type": "tertiary", "amenity": "Geonzon Street", "lgu": "Cebu City" }, "geometry": { "type": "Point", "coordinates": [ 123.9057086, 10.3297143 ] } },
{ "type": "Feature", "properties": { "id": 1083961755, "lat": 10.329192, "lon": 123.9053854, "amenity_type": "tertiary", "amenity": "Geonzon Street", "lgu": "Cebu City" }, "geometry": { "type": "Point", "coordinates": [ 123.9053854, 10.329192 ] } },
{ "type": "Feature", "properties": { "id": 1083961756, "lat": 10.3294172, "lon": 123.9054023, "amenity_type": "tertiary", "amenity": "Geonzon Street", "lgu": "Cebu City" }, "geometry": { "type": "Point", "coordinates": [ 123.9054023, 10.3294172 ] } },
{ "type": "Feature", "properties": { "id": 1083962113, "lat": 10.3316098, "lon": 123.9068814, "amenity_type": "tertiary", "amenity": "Geonzon Street", "lgu": "Cebu City" }, "geometry": { "type": "Point", "coordinates": [ 123.9068814, 10.3316098 ] } },
{ "type": "Feature", "properties": { "id": 1083962114, "lat": 10.3318177, "lon": 123.9069778, "amenity_type": "tertiary", "amenity": "Geonzon Street", "lgu": "Cebu City" }, "geometry": { "type": "Point", "coordinates": [ 123.9069778, 10.3318177 ] } },
{ "type": "Feature", "properties": { "id": 1083962115, "lat": 10.331846, "lon": 123.9069321, "amenity_type": "tertiary", "amenity": "Geonzon Street", "lgu": "Cebu City" }, "geometry": { "type": "Point", "coordinates": [ 123.9069321, 10.331846 ] } },
{ "type": "Feature", "properties": { "id": 1083962116, "lat": 10.3314629, "lon": 123.907675, "amenity_type": "tertiary", "amenity": "I. Villa Street", "lgu": "Cebu City" }, "geometry": { "type": "Point", "coordinates": [ 123.907675, 10.3314629 ] } },
{ "type": "Feature", "properties": { "id": 1083962117, "lat": 10.3313435, "lon": 123.9076343, "amenity_type": "tertiary", "amenity": "I. Villa Street", "lgu": "Cebu City" }, "geometry": { "type": "Point", "coordinates": [ 123.9076343, 10.3313435 ] } },
{ "type": "Feature", "properties": { "id": 1083962118, "lat": 10.3317813, "lon": 123.9069244, "amenity_type": "tertiary", "amenity": "I. Villa Street", "lgu": "Cebu City" }, "geometry": { "type": "Point", "coordinates": [ 123.9069244, 10.3317813 ] } },
{ "type": "Feature", "properties": { "id": 1094769555, "lat": 10.3344561, "lon": 123.8830009, "amenity_type": "tertiary", "amenity": "Maya", "lgu": "Cebu City" }, "geometry": { "type": "Point", "coordinates": [ 123.8830009, 10.3344561 ] } },
{ "type": "Feature", "properties": { "id": 1116001384, "lat": 10.3285141, "lon": 123.9088972, "amenity_type": "secondary", "amenity": "Governor M. Cuenco Avenue", "lgu": "Cebu City" }, "geometry": { "type": "Point", "coordinates": [ 123.9088972, 10.3285141 ] } },
{ "type": "Feature", "properties": { "id": 1116001385, "lat": 10.3285617, "lon": 123.9089184, "amenity_type": "secondary", "amenity": "Governor M. Cuenco Avenue", "lgu": "Cebu City" }, "geometry": { "type": "Point", "coordinates": [ 123.9089184, 10.3285617 ] } },
{ "type": "Feature", "properties": { "id": 1116001386, "lat": 10.3286678, "lon": 123.9089645, "amenity_type": "secondary", "amenity": "Governor M. Cuenco Avenue", "lgu": "Cebu City" }, "geometry": { "type": "Point", "coordinates": [ 123.9089645, 10.3286678 ] } },
{ "type": "Feature", "properties": { "id": 1116001387, "lat": 10.3284058, "lon": 123.9088489, "amenity_type": "secondary", "amenity": "Governor M. Cuenco Avenue", "lgu": "Cebu City" }, "geometry": { "type": "Point", "coordinates": [ 123.9088489, 10.3284058 ] } },
{ "type": "Feature", "properties": { "id": 1116002092, "lat": 10.3317283, "lon": 123.9101554, "amenity_type": "secondary", "amenity": "Governor M. Cuenco Avenue", "lgu": "Cebu City" }, "geometry": { "type": "Point", "coordinates": [ 123.9101554, 10.3317283 ] } },
{ "type": "Feature", "properties": { "id": 1116002957, "lat": 10.3400145, "lon": 123.9116131, "amenity_type": "tertiary", "amenity": "Camp Lapu-Lapu Road", "lgu": "Cebu City" }, "geometry": { "type": "Point", "coordinates": [ 123.9116131, 10.3400145 ] } },
{ "type": "Feature", "properties": { "id": 1116002958, "lat": 10.3384635, "lon": 123.9114441, "amenity_type": "secondary", "amenity": "Governor M. Cuenco Avenue", "lgu": "Cebu City" }, "geometry": { "type": "Point", "coordinates": [ 123.9114441, 10.3384635 ] } },
{ "type": "Feature", "properties": { "id": 1116006070, "lat": 10.3400464, "lon": 123.9114115, "amenity_type": "tertiary", "amenity": "Camp Lapu-Lapu Road", "lgu": "Cebu City" }, "geometry": { "type": "Point", "coordinates": [ 123.9114115, 10.3400464 ] } },
{ "type": "Feature", "properties": { "id": 1116014261, "lat": 10.2944292, "lon": 123.9051851, "amenity_type": "tertiary", "amenity": "Legaspi Extension", "lgu": "Cebu City" }, "geometry": { "type": "Point", "coordinates": [ 123.9051851, 10.2944292 ] } },
{ "type": "Feature", "properties": { "id": 1116014262, "lat": 10.2937999, "lon": 123.9060771, "amenity_type": "tertiary", "amenity": "Legaspi Extension", "lgu": "Cebu City" }, "geometry": { "type": "Point", "coordinates": [ 123.9060771, 10.2937999 ] } },
{ "type": "Feature", "properties": { "id": 1116014263, "lat": 10.2938635, "lon": 123.9059622, "amenity_type": "tertiary", "amenity": "Legaspi Extension", "lgu": "Cebu City" }, "geometry": { "type": "Point", "coordinates": [ 123.9059622, 10.2938635 ] } },
{ "type": "Feature", "properties": { "id": 1116014264, "lat": 10.2938412, "lon": 123.9063077, "amenity_type": "tertiary", "amenity": "Legaspi Extension", "lgu": "Cebu City" }, "geometry": { "type": "Point", "coordinates": [ 123.9063077, 10.2938412 ] } },
{ "type": "Feature", "properties": { "id": 1120737938, "lat": 10.2898358, "lon": 123.8719178, "amenity_type": "primary", "amenity": "Mambaling Underpass", "lgu": "Cebu City" }, "geometry": { "type": "Point", "coordinates": [ 123.8719178, 10.2898358 ] } },
{ "type": "Feature", "properties": { "id": 1120737939, "lat": 10.2898638, "lon": 123.87287, "amenity_type": "primary", "amenity": "Natalio Bacalso Avenue", "lgu": "Cebu City" }, "geometry": { "type": "Point", "coordinates": [ 123.87287, 10.2898638 ] } },
{ "type": "Feature", "properties": { "id": 1120737940, "lat": 10.2892419, "lon": 123.8679843, "amenity_type": "primary", "amenity": "Natalio Bacalso Avenue", "lgu": "Cebu City" }, "geometry": { "type": "Point", "coordinates": [ 123.8679843, 10.2892419 ] } },
{ "type": "Feature", "properties": { "id": 1120879927, "lat": 10.3290068, "lon": 123.8899171, "amenity_type": "tertiary", "amenity": "Unnamed road corridor", "lgu": "Cebu City" }, "geometry": { "type": "Point", "coordinates": [ 123.8899171, 10.3290068 ] } },
{ "type": "Feature", "properties": { "id": 1123834269, "lat": 10.2895299, "lon": 123.8692528, "amenity_type": "secondary", "amenity": "Natalio Bacalso Avenue", "lgu": "Cebu City" }, "geometry": { "type": "Point", "coordinates": [ 123.8692528, 10.2895299 ] } },
{ "type": "Feature", "properties": { "id": 1123834270, "lat": 10.2902606, "lon": 123.8747745, "amenity_type": "primary", "amenity": "Natalio Bacalso Avenue", "lgu": "Cebu City" }, "geometry": { "type": "Point", "coordinates": [ 123.8747745, 10.2902606 ] } },
{ "type": "Feature", "properties": { "id": 1123834271, "lat": 10.2899205, "lon": 123.8733457, "amenity_type": "primary", "amenity": "Natalio Bacalso Avenue", "lgu": "Cebu City" }, "geometry": { "type": "Point", "coordinates": [ 123.8733457, 10.2899205 ] } },
{ "type": "Feature", "properties": { "id": 1123834272, "lat": 10.2889317, "lon": 123.8670416, "amenity_type": "primary", "amenity": "Natalio Bacalso Avenue", "lgu": "Cebu City" }, "geometry": { "type": "Point", "coordinates": [ 123.8670416, 10.2889317 ] } },
{ "type": "Feature", "properties": { "id": 1137515313, "lat": 10.3280737, "lon": 123.9087012, "amenity_type": "secondary", "amenity": "Governor M. Cuenco Avenue", "lgu": "Cebu City" }, "geometry": { "type": "Point", "coordinates": [ 123.9087012, 10.3280737 ] } },
{ "type": "Feature", "properties": { "id": 1137515314, "lat": 10.3279874, "lon": 123.9086621, "amenity_type": "secondary", "amenity": "Governor M. Cuenco Avenue", "lgu": "Cebu City" }, "geometry": { "type": "Point", "coordinates": [ 123.9086621, 10.3279874 ] } },
{ "type": "Feature", "properties": { "id": 1147539540, "lat": 10.3111579, "lon": 123.8939353, "amenity_type": "tertiary", "amenity": "J. Llorente Street", "lgu": "Cebu City" }, "geometry": { "type": "Point", "coordinates": [ 123.8939353, 10.3111579 ] } },
{ "type": "Feature", "properties": { "id": 1147539548, "lat": 10.3150927, "lon": 123.8922709, "amenity_type": "tertiary", "amenity": "Don Jose Avila Street", "lgu": "Cebu City" }, "geometry": { "type": "Point", "coordinates": [ 123.8922709, 10.3150927 ] } },
{ "type": "Feature", "properties": { "id": 1147542483, "lat": 10.3124849, "lon": 123.8980288, "amenity_type": "tertiary", "amenity": "Queens' Road", "lgu": "Cebu City" }, "geometry": { "type": "Point", "coordinates": [ 123.8980288, 10.3124849 ] } },
{ "type": "Feature", "properties": { "id": 1147542484, "lat": 10.3123447, "lon": 123.8980222, "amenity_type": "tertiary", "amenity": "Queens' Road", "lgu": "Cebu City" }, "geometry": { "type": "Point", "coordinates": [ 123.8980222, 10.3123447 ] } },
{ "type": "Feature", "properties": { "id": 1149801471, "lat": 10.3817605, "lon": 123.9209554, "amenity_type": "secondary", "amenity": "Miñoza Street", "lgu": "Cebu City" }, "geometry": { "type": "Point", "coordinates": [ 123.9209554, 10.3817605 ] } },
{ "type": "Feature", "properties": { "id": 1149806989, "lat": 10.3115762, "lon": 123.922548, "amenity_type": "trunk", "amenity": "Sergio Osmeña Avenue", "lgu": "Cebu City" }, "geometry": { "type": "Point", "coordinates": [ 123.922548, 10.3115762 ] } },
{ "type": "Feature", "properties": { "id": 1152889630, "lat": 10.3141327, "lon": 123.9047508, "amenity_type": "secondary", "amenity": "Cardinal Rosales Avenue", "lgu": "Cebu City" }, "geometry": { "type": "Point", "coordinates": [ 123.9047508, 10.3141327 ] } },
{ "type": "Feature", "properties": { "id": 1152893635, "lat": 10.3148278, "lon": 123.9052432, "amenity_type": "secondary", "amenity": "Cardinal Rosales Avenue", "lgu": "Cebu City" }, "geometry": { "type": "Point", "coordinates": [ 123.9052432, 10.3148278 ] } },
{ "type": "Feature", "properties": { "id": 1153119396, "lat": 10.291696, "lon": 123.9023131, "amenity_type": "tertiary", "amenity": "M.L. Quezon Boulevard", "lgu": "Cebu City" }, "geometry": { "type": "Point", "coordinates": [ 123.9023131, 10.291696 ] } },
{ "type": "Feature", "properties": { "id": 1154306408, "lat": 10.3182933, "lon": 123.9254437, "amenity_type": "secondary", "amenity": "M. Logarta Avenue", "lgu": "Cebu City" }, "geometry": { "type": "Point", "coordinates": [ 123.9254437, 10.3182933 ] } },
{ "type": "Feature", "properties": { "id": 1155282496, "lat": 10.2815084, "lon": 123.8832268, "amenity_type": "trunk", "amenity": "Cebu South Coastal Road", "lgu": "Cebu City" }, "geometry": { "type": "Point", "coordinates": [ 123.8832268, 10.2815084 ] } },
{ "type": "Feature", "properties": { "id": 1155282497, "lat": 10.2818199, "lon": 123.8834375, "amenity_type": "secondary", "amenity": "F. Vestil Street", "lgu": "Cebu City" }, "geometry": { "type": "Point", "coordinates": [ 123.8834375, 10.2818199 ] } },
{ "type": "Feature", "properties": { "id": 1157967297, "lat": 10.2986, "lon": 123.8944301, "amenity_type": "primary", "amenity": "Natalio Bacalso Avenue", "lgu": "Cebu City" }, "geometry": { "type": "Point", "coordinates": [ 123.8944301, 10.2986 ] } },
{ "type": "Feature", "properties": { "id": 1157975081, "lat": 10.2897161, "lon": 123.8705832, "amenity_type": "secondary", "amenity": "Natalio Bacalso Avenue", "lgu": "Cebu City" }, "geometry": { "type": "Point", "coordinates": [ 123.8705832, 10.2897161 ] } },
{ "type": "Feature", "properties": { "id": 1157975082, "lat": 10.2897101, "lon": 123.8704259, "amenity_type": "secondary", "amenity": "Natalio Bacalso Avenue", "lgu": "Cebu City" }, "geometry": { "type": "Point", "coordinates": [ 123.8704259, 10.2897101 ] } },
{ "type": "Feature", "properties": { "id": 1158588595, "lat": 10.2963185, "lon": 123.8981667, "amenity_type": "tertiary", "amenity": "P. Lopez Street", "lgu": "Cebu City" }, "geometry": { "type": "Point", "coordinates": [ 123.8981667, 10.2963185 ] } },
{ "type": "Feature", "properties": { "id": 1171880840, "lat": 10.3036833, "lon": 123.9001092, "amenity_type": "tertiary", "amenity": "Dionisio Jakosalem Street", "lgu": "Cebu City" }, "geometry": { "type": "Point", "coordinates": [ 123.9001092, 10.3036833 ] } },
{ "type": "Feature", "properties": { "id": 1188547713, "lat": 10.320048, "lon": 123.9259325, "amenity_type": "secondary", "amenity": "M. Logarta Avenue", "lgu": "Cebu City" }, "geometry": { "type": "Point", "coordinates": [ 123.9259325, 10.320048 ] } },
{ "type": "Feature", "properties": { "id": 1188547714, "lat": 10.320375, "lon": 123.9276215, "amenity_type": "secondary", "amenity": "E.O. Perez Street", "lgu": "Cebu City" }, "geometry": { "type": "Point", "coordinates": [ 123.9276215, 10.320375 ] } },
{ "type": "Feature", "properties": { "id": 1188547715, "lat": 10.3211133, "lon": 123.9258928, "amenity_type": "secondary", "amenity": "Hernan Cortes Street", "lgu": "Cebu City" }, "geometry": { "type": "Point", "coordinates": [ 123.9258928, 10.3211133 ] } },
{ "type": "Feature", "properties": { "id": 1191533127, "lat": 10.299372, "lon": 123.8796765, "amenity_type": "secondary", "amenity": "Katipunan Street", "lgu": "Cebu City" }, "geometry": { "type": "Point", "coordinates": [ 123.8796765, 10.299372 ] } },
{ "type": "Feature", "properties": { "id": 1191533128, "lat": 10.2995505, "lon": 123.8789499, "amenity_type": "secondary", "amenity": "Katipunan Street", "lgu": "Cebu City" }, "geometry": { "type": "Point", "coordinates": [ 123.8789499, 10.2995505 ] } },
{ "type": "Feature", "properties": { "id": 1191533129, "lat": 10.2996064, "lon": 123.8787201, "amenity_type": "secondary", "amenity": "Katipunan Street", "lgu": "Cebu City" }, "geometry": { "type": "Point", "coordinates": [ 123.8787201, 10.2996064 ] } },
{ "type": "Feature", "properties": { "id": 1191533130, "lat": 10.2996648, "lon": 123.8784779, "amenity_type": "secondary", "amenity": "Katipunan Street", "lgu": "Cebu City" }, "geometry": { "type": "Point", "coordinates": [ 123.8784779, 10.2996648 ] } },
{ "type": "Feature", "properties": { "id": 1194903323, "lat": 10.3146623, "lon": 123.8910314, "amenity_type": "tertiary", "amenity": "Don Jose Avila Street", "lgu": "Cebu City" }, "geometry": { "type": "Point", "coordinates": [ 123.8910314, 10.3146623 ] } },
{ "type": "Feature", "properties": { "id": 1206557195, "lat": 10.3243073, "lon": 123.8710042, "amenity_type": "tertiary", "amenity": "Unnamed road corridor", "lgu": "Cebu City" }, "geometry": { "type": "Point", "coordinates": [ 123.8710042, 10.3243073 ] } },
{ "type": "Feature", "properties": { "id": 1206557196, "lat": 10.3243815, "lon": 123.8709403, "amenity_type": "tertiary", "amenity": "Unnamed road corridor", "lgu": "Cebu City" }, "geometry": { "type": "Point", "coordinates": [ 123.8709403, 10.3243815 ] } },
{ "type": "Feature", "properties": { "id": 1207204799, "lat": 10.3332879, "lon": 123.9094242, "amenity_type": "tertiary", "amenity": "Jose Maria Del Mar Avenue", "lgu": "Cebu City" }, "geometry": { "type": "Point", "coordinates": [ 123.9094242, 10.3332879 ] } },
{ "type": "Feature", "properties": { "id": 1207348048, "lat": 10.344828, "lon": 123.9084639, "amenity_type": "tertiary", "amenity": "Paseo Saturnino", "lgu": "Cebu City" }, "geometry": { "type": "Point", "coordinates": [ 123.9084639, 10.344828 ] } },
{ "type": "Feature", "properties": { "id": 1207348714, "lat": 10.3534104, "lon": 123.8882155, "amenity_type": "tertiary", "amenity": "Paseo John-John", "lgu": "Cebu City" }, "geometry": { "type": "Point", "coordinates": [ 123.8882155, 10.3534104 ] } },
{ "type": "Feature", "properties": { "id": 1216169779, "lat": 10.2965802, "lon": 123.8686471, "amenity_type": "tertiary", "amenity": "Buhisan Road", "lgu": "Cebu City" }, "geometry": { "type": "Point", "coordinates": [ 123.8686471, 10.2965802 ] } },
{ "type": "Feature", "properties": { "id": 1231301645, "lat": 10.3178662, "lon": 123.9073523, "amenity_type": "secondary", "amenity": "Cardinal Rosales Avenue", "lgu": "Cebu City" }, "geometry": { "type": "Point", "coordinates": [ 123.9073523, 10.3178662 ] } },
{ "type": "Feature", "properties": { "id": 1231301646, "lat": 10.317781, "lon": 123.9074176, "amenity_type": "secondary", "amenity": "Cardinal Rosales Avenue", "lgu": "Cebu City" }, "geometry": { "type": "Point", "coordinates": [ 123.9074176, 10.317781 ] } },
{ "type": "Feature", "properties": { "id": 1231307360, "lat": 10.3534838, "lon": 123.8882416, "amenity_type": "tertiary", "amenity": "Paseo John-John", "lgu": "Cebu City" }, "geometry": { "type": "Point", "coordinates": [ 123.8882416, 10.3534838 ] } },
{ "type": "Feature", "properties": { "id": 1231307361, "lat": 10.3534289, "lon": 123.8881929, "amenity_type": "tertiary", "amenity": "Paseo John-John", "lgu": "Cebu City" }, "geometry": { "type": "Point", "coordinates": [ 123.8881929, 10.3534289 ] } },
{ "type": "Feature", "properties": { "id": 1278397431, "lat": 10.3160072, "lon": 123.891042, "amenity_type": "secondary", "amenity": "Osmeña Boulevard", "lgu": "Cebu City" }, "geometry": { "type": "Point", "coordinates": [ 123.891042, 10.3160072 ] } },
{ "type": "Feature", "properties": { "id": 1278397432, "lat": 10.3152525, "lon": 123.8911309, "amenity_type": "secondary", "amenity": "Osmeña Boulevard", "lgu": "Cebu City" }, "geometry": { "type": "Point", "coordinates": [ 123.8911309, 10.3152525 ] } },
{ "type": "Feature", "properties": { "id": 1288882074, "lat": 10.3962866, "lon": 123.8592445, "amenity_type": "primary", "amenity": "Cebu-Balamban Transcentral Highway", "lgu": "Cebu City" }, "geometry": { "type": "Point", "coordinates": [ 123.8592445, 10.3962866 ] } },
{ "type": "Feature", "properties": { "id": 1288882075, "lat": 10.3979254, "lon": 123.8586607, "amenity_type": "primary", "amenity": "Cebu-Balamban Transcentral Highway", "lgu": "Cebu City" }, "geometry": { "type": "Point", "coordinates": [ 123.8586607, 10.3979254 ] } },
{ "type": "Feature", "properties": { "id": 1288882077, "lat": 10.3971473, "lon": 123.8589239, "amenity_type": "primary", "amenity": "Cebu-Balamban Transcentral Highway", "lgu": "Cebu City" }, "geometry": { "type": "Point", "coordinates": [ 123.8589239, 10.3971473 ] } },
{ "type": "Feature", "properties": { "id": 1288882078, "lat": 10.3983622, "lon": 123.858694, "amenity_type": "primary", "amenity": "Cebu-Balamban Transcentral Highway", "lgu": "Cebu City" }, "geometry": { "type": "Point", "coordinates": [ 123.858694, 10.3983622 ] } },
{ "type": "Feature", "properties": { "id": 1289768677, "lat": 10.3124859, "lon": 123.9160497, "amenity_type": "primary", "amenity": "Juan Luna Avenue", "lgu": "Cebu City" }, "geometry": { "type": "Point", "coordinates": [ 123.9160497, 10.3124859 ] } },
{ "type": "Feature", "properties": { "id": 1289768678, "lat": 10.3129499, "lon": 123.9157856, "amenity_type": "primary", "amenity": "Juan Luna Avenue", "lgu": "Cebu City" }, "geometry": { "type": "Point", "coordinates": [ 123.9157856, 10.3129499 ] } },
{ "type": "Feature", "properties": { "id": 1289771412, "lat": 10.3119881, "lon": 123.9206878, "amenity_type": "secondary", "amenity": "Kaohsiung Street", "lgu": "Cebu City" }, "geometry": { "type": "Point", "coordinates": [ 123.9206878, 10.3119881 ] } },
{ "type": "Feature", "properties": { "id": 1289771413, "lat": 10.3118525, "lon": 123.9207995, "amenity_type": "secondary", "amenity": "Kaohsiung Street", "lgu": "Cebu City" }, "geometry": { "type": "Point", "coordinates": [ 123.9207995, 10.3118525 ] } },
{ "type": "Feature", "properties": { "id": 1289772322, "lat": 10.3182015, "lon": 123.9028254, "amenity_type": "secondary", "amenity": "Archbishop Reyes Avenue", "lgu": "Cebu City" }, "geometry": { "type": "Point", "coordinates": [ 123.9028254, 10.3182015 ] } },
{ "type": "Feature", "properties": { "id": 1289776705, "lat": 10.3240521, "lon": 123.9062025, "amenity_type": "secondary", "amenity": "Archbishop Reyes Avenue", "lgu": "Cebu City" }, "geometry": { "type": "Point", "coordinates": [ 123.9062025, 10.3240521 ] } },
{ "type": "Feature", "properties": { "id": 1289776707, "lat": 10.3239491, "lon": 123.9061345, "amenity_type": "secondary", "amenity": "Archbishop Reyes Avenue", "lgu": "Cebu City" }, "geometry": { "type": "Point", "coordinates": [ 123.9061345, 10.3239491 ] } },
{ "type": "Feature", "properties": { "id": 1289776708, "lat": 10.3239029, "lon": 123.9061016, "amenity_type": "secondary", "amenity": "Archbishop Reyes Avenue", "lgu": "Cebu City" }, "geometry": { "type": "Point", "coordinates": [ 123.9061016, 10.3239029 ] } },
{ "type": "Feature", "properties": { "id": 1289776709, "lat": 10.3238098, "lon": 123.9060401, "amenity_type": "secondary", "amenity": "Archbishop Reyes Avenue", "lgu": "Cebu City" }, "geometry": { "type": "Point", "coordinates": [ 123.9060401, 10.3238098 ] } },
{ "type": "Feature", "properties": { "id": 1293348466, "lat": 10.3095481, "lon": 123.91849, "amenity_type": "primary", "amenity": "Juan Luna Avenue", "lgu": "Cebu City" }, "geometry": { "type": "Point", "coordinates": [ 123.91849, 10.3095481 ] } },
{ "type": "Feature", "properties": { "id": 1293348468, "lat": 10.3097769, "lon": 123.9184547, "amenity_type": "primary", "amenity": "Juan Luna Avenue", "lgu": "Cebu City" }, "geometry": { "type": "Point", "coordinates": [ 123.9184547, 10.3097769 ] } },
{ "type": "Feature", "properties": { "id": 1293348469, "lat": 10.3100797, "lon": 123.9181957, "amenity_type": "primary", "amenity": "Juan Luna Avenue", "lgu": "Cebu City" }, "geometry": { "type": "Point", "coordinates": [ 123.9181957, 10.3100797 ] } },
{ "type": "Feature", "properties": { "id": 1293348470, "lat": 10.3091953, "lon": 123.9187812, "amenity_type": "primary", "amenity": "Juan Luna Avenue", "lgu": "Cebu City" }, "geometry": { "type": "Point", "coordinates": [ 123.9187812, 10.3091953 ] } },
{ "type": "Feature", "properties": { "id": 1294663801, "lat": 10.311034, "lon": 123.9173966, "amenity_type": "primary", "amenity": "Juan Luna Avenue", "lgu": "Cebu City" }, "geometry": { "type": "Point", "coordinates": [ 123.9173966, 10.311034 ] } },
{ "type": "Feature", "properties": { "id": 1294663802, "lat": 10.311323, "lon": 123.9171582, "amenity_type": "primary", "amenity": "Juan Luna Avenue", "lgu": "Cebu City" }, "geometry": { "type": "Point", "coordinates": [ 123.9171582, 10.311323 ] } },
{ "type": "Feature", "properties": { "id": 1294663804, "lat": 10.3109688, "lon": 123.9173156, "amenity_type": "primary", "amenity": "Juan Luna Avenue", "lgu": "Cebu City" }, "geometry": { "type": "Point", "coordinates": [ 123.9173156, 10.3109688 ] } },
{ "type": "Feature", "properties": { "id": 1294663806, "lat": 10.3107682, "lon": 123.9174824, "amenity_type": "primary", "amenity": "Juan Luna Avenue", "lgu": "Cebu City" }, "geometry": { "type": "Point", "coordinates": [ 123.9174824, 10.3107682 ] } },
{ "type": "Feature", "properties": { "id": 1294670511, "lat": 10.3057496, "lon": 123.9109143, "amenity_type": "secondary", "amenity": "General Maxilom Avenue Extension", "lgu": "Cebu City" }, "geometry": { "type": "Point", "coordinates": [ 123.9109143, 10.3057496 ] } },
{ "type": "Feature", "properties": { "id": 1294670512, "lat": 10.306182, "lon": 123.9106906, "amenity_type": "secondary", "amenity": "General Maxilom Avenue Extension", "lgu": "Cebu City" }, "geometry": { "type": "Point", "coordinates": [ 123.9106906, 10.306182 ] } },
{ "type": "Feature", "properties": { "id": 1295515515, "lat": 10.3308378, "lon": 123.9098465, "amenity_type": "secondary", "amenity": "Governor M. Cuenco Avenue", "lgu": "Cebu City" }, "geometry": { "type": "Point", "coordinates": [ 123.9098465, 10.3308378 ] } },
{ "type": "Feature", "properties": { "id": 1296759963, "lat": 10.2899972, "lon": 123.8733399, "amenity_type": "primary", "amenity": "Natalio Bacalso Avenue", "lgu": "Cebu City" }, "geometry": { "type": "Point", "coordinates": [ 123.8733399, 10.2899972 ] } },
{ "type": "Feature", "properties": { "id": 1296759964, "lat": 10.2901258, "lon": 123.8745193, "amenity_type": "primary", "amenity": "Natalio Bacalso Avenue", "lgu": "Cebu City" }, "geometry": { "type": "Point", "coordinates": [ 123.8745193, 10.2901258 ] } },
{ "type": "Feature", "properties": { "id": 1314778622, "lat": 10.3159804, "lon": 123.9018667, "amenity_type": "secondary", "amenity": "Archbishop Reyes Avenue", "lgu": "Cebu City" }, "geometry": { "type": "Point", "coordinates": [ 123.9018667, 10.3159804 ] } },
{ "type": "Feature", "properties": { "id": 1315622544, "lat": 10.2935758, "lon": 123.9012168, "amenity_type": "tertiary", "amenity": "Dionisio Jakosalem Street", "lgu": "Cebu City" }, "geometry": { "type": "Point", "coordinates": [ 123.9012168, 10.2935758 ] } },
{ "type": "Feature", "properties": { "id": 1315622545, "lat": 10.2933173, "lon": 123.9027074, "amenity_type": "tertiary", "amenity": "Magallanes Street", "lgu": "Cebu City" }, "geometry": { "type": "Point", "coordinates": [ 123.9027074, 10.2933173 ] } },
{ "type": "Feature", "properties": { "id": 1315622546, "lat": 10.2930519, "lon": 123.8999914, "amenity_type": "tertiary", "amenity": "Lincoln Street", "lgu": "Cebu City" }, "geometry": { "type": "Point", "coordinates": [ 123.8999914, 10.2930519 ] } },
{ "type": "Feature", "properties": { "id": 1315622547, "lat": 10.2926134, "lon": 123.8995151, "amenity_type": "tertiary", "amenity": "Plaridel Street", "lgu": "Cebu City" }, "geometry": { "type": "Point", "coordinates": [ 123.8995151, 10.2926134 ] } },
{ "type": "Feature", "properties": { "id": 1315622548, "lat": 10.2969746, "lon": 123.8994388, "amenity_type": "secondary", "amenity": "Colon Street", "lgu": "Cebu City" }, "geometry": { "type": "Point", "coordinates": [ 123.8994388, 10.2969746 ] } },
{ "type": "Feature", "properties": { "id": 1315622551, "lat": 10.2990985, "lon": 123.9033456, "amenity_type": "secondary", "amenity": "Sikatuna Street", "lgu": "Cebu City" }, "geometry": { "type": "Point", "coordinates": [ 123.9033456, 10.2990985 ] } },
{ "type": "Feature", "properties": { "id": 1315622553, "lat": 10.299514, "lon": 123.9032422, "amenity_type": "secondary", "amenity": "Sikatuna Street", "lgu": "Cebu City" }, "geometry": { "type": "Point", "coordinates": [ 123.9032422, 10.299514 ] } },
{ "type": "Feature", "properties": { "id": 1315622554, "lat": 10.2991197, "lon": 123.9038155, "amenity_type": "secondary", "amenity": "Mabini Street", "lgu": "Cebu City" }, "geometry": { "type": "Point", "coordinates": [ 123.9038155, 10.2991197 ] } },
{ "type": "Feature", "properties": { "id": 1315622555, "lat": 10.2999525, "lon": 123.8906478, "amenity_type": "tertiary", "amenity": "J. Alcantara Street", "lgu": "Cebu City" }, "geometry": { "type": "Point", "coordinates": [ 123.8906478, 10.2999525 ] } },
{ "type": "Feature", "properties": { "id": 1315622556, "lat": 10.2914673, "lon": 123.9002221, "amenity_type": "tertiary", "amenity": "M.L. Quezon Boulevard", "lgu": "Cebu City" }, "geometry": { "type": "Point", "coordinates": [ 123.9002221, 10.2914673 ] } },
{ "type": "Feature", "properties": { "id": 1315622559, "lat": 10.2908795, "lon": 123.8977293, "amenity_type": "tertiary", "amenity": "M.L. Quezon Boulevard", "lgu": "Cebu City" }, "geometry": { "type": "Point", "coordinates": [ 123.8977293, 10.2908795 ] } },
{ "type": "Feature", "properties": { "id": 1315622560, "lat": 10.2943092, "lon": 123.8993775, "amenity_type": "tertiary", "amenity": "Magallanes Street", "lgu": "Cebu City" }, "geometry": { "type": "Point", "coordinates": [ 123.8993775, 10.2943092 ] } },
{ "type": "Feature", "properties": { "id": 1315622561, "lat": 10.2933141, "lon": 123.8983433, "amenity_type": "tertiary", "amenity": "Lincoln Street", "lgu": "Cebu City" }, "geometry": { "type": "Point", "coordinates": [ 123.8983433, 10.2933141 ] } },
{ "type": "Feature", "properties": { "id": 1315622562, "lat": 10.2938683, "lon": 123.8989163, "amenity_type": "tertiary", "amenity": "Manalili Street", "lgu": "Cebu City" }, "geometry": { "type": "Point", "coordinates": [ 123.8989163, 10.2938683 ] } },
{ "type": "Feature", "properties": { "id": 1316045982, "lat": 10.40148, "lon": 123.9091884, "amenity_type": "tertiary", "amenity": "Pit-os Road", "lgu": "Cebu City" }, "geometry": { "type": "Point", "coordinates": [ 123.9091884, 10.40148 ] } },
{ "type": "Feature", "properties": { "id": 1316048002, "lat": 10.3979872, "lon": 123.9055738, "amenity_type": "tertiary", "amenity": "Unnamed road corridor", "lgu": "Cebu City" }, "geometry": { "type": "Point", "coordinates": [ 123.9055738, 10.3979872 ] } },
{ "type": "Feature", "properties": { "id": 1323359152, "lat": 10.3015678, "lon": 123.8706038, "amenity_type": "secondary", "amenity": "Katipunan Street", "lgu": "Cebu City" }, "geometry": { "type": "Point", "coordinates": [ 123.8706038, 10.3015678 ] } },
{ "type": "Feature", "properties": { "id": 1324325796, "lat": 10.316678, "lon": 123.9044536, "amenity_type": "tertiary", "amenity": "Luzon Avenue", "lgu": "Cebu City" }, "geometry": { "type": "Point", "coordinates": [ 123.9044536, 10.316678 ] } },
{ "type": "Feature", "properties": { "id": 1324325797, "lat": 10.316448, "lon": 123.9049696, "amenity_type": "tertiary", "amenity": "Luzon Avenue", "lgu": "Cebu City" }, "geometry": { "type": "Point", "coordinates": [ 123.9049696, 10.316448 ] } },
{ "type": "Feature", "properties": { "id": 1324328418, "lat": 10.3104974, "lon": 123.890402, "amenity_type": "tertiary", "amenity": "J. Llorente Street", "lgu": "Cebu City" }, "geometry": { "type": "Point", "coordinates": [ 123.890402, 10.3104974 ] } },
{ "type": "Feature", "properties": { "id": 1324613693, "lat": 10.2976444, "lon": 123.9102817, "amenity_type": "tertiary", "amenity": "V. Sotto Street", "lgu": "Cebu City" }, "geometry": { "type": "Point", "coordinates": [ 123.9102817, 10.2976444 ] } },
{ "type": "Feature", "properties": { "id": 1324613701, "lat": 10.2953512, "lon": 123.9089155, "amenity_type": "tertiary", "amenity": "Unnamed road corridor", "lgu": "Cebu City" }, "geometry": { "type": "Point", "coordinates": [ 123.9089155, 10.2953512 ] } },
{ "type": "Feature", "properties": { "id": 1324613705, "lat": 10.2929738, "lon": 123.9076378, "amenity_type": "tertiary", "amenity": "Legaspi Extension", "lgu": "Cebu City" }, "geometry": { "type": "Point", "coordinates": [ 123.9076378, 10.2929738 ] } },
{ "type": "Feature", "properties": { "id": 1324625806, "lat": 10.3321209, "lon": 123.9102015, "amenity_type": "tertiary", "amenity": "Road 15", "lgu": "Cebu City" }, "geometry": { "type": "Point", "coordinates": [ 123.9102015, 10.3321209 ] } },
{ "type": "Feature", "properties": { "id": 1324625807, "lat": 10.3324776, "lon": 123.9093874, "amenity_type": "tertiary", "amenity": "Road 15", "lgu": "Cebu City" }, "geometry": { "type": "Point", "coordinates": [ 123.9093874, 10.3324776 ] } },
{ "type": "Feature", "properties": { "id": 1324631405, "lat": 10.2927376, "lon": 123.8794874, "amenity_type": "primary", "amenity": "Natalio Bacalso Avenue", "lgu": "Cebu City" }, "geometry": { "type": "Point", "coordinates": [ 123.8794874, 10.2927376 ] } },
{ "type": "Feature", "properties": { "id": 1324631406, "lat": 10.2938557, "lon": 123.8809774, "amenity_type": "primary", "amenity": "Natalio Bacalso Avenue", "lgu": "Cebu City" }, "geometry": { "type": "Point", "coordinates": [ 123.8809774, 10.2938557 ] } },
{ "type": "Feature", "properties": { "id": 1324664831, "lat": 10.3124745, "lon": 123.8974772, "amenity_type": "tertiary", "amenity": "Queens' Road", "lgu": "Cebu City" }, "geometry": { "type": "Point", "coordinates": [ 123.8974772, 10.3124745 ] } },
{ "type": "Feature", "properties": { "id": 1324934665, "lat": 10.3200309, "lon": 123.9291439, "amenity_type": "tertiary", "amenity": "F.F. Cruz Avenue", "lgu": "Cebu City" }, "geometry": { "type": "Point", "coordinates": [ 123.9291439, 10.3200309 ] } },
{ "type": "Feature", "properties": { "id": 1324940094, "lat": 10.2901083, "lon": 123.8739504, "amenity_type": "primary", "amenity": "Natalio Bacalso Avenue", "lgu": "Cebu City" }, "geometry": { "type": "Point", "coordinates": [ 123.8739504, 10.2901083 ] } },
{ "type": "Feature", "properties": { "id": 1324967239, "lat": 10.3105281, "lon": 123.8961613, "amenity_type": "secondary", "amenity": "General Maxilom Avenue", "lgu": "Cebu City" }, "geometry": { "type": "Point", "coordinates": [ 123.8961613, 10.3105281 ] } },
{ "type": "Feature", "properties": { "id": 1324967987, "lat": 10.3110288, "lon": 123.8980373, "amenity_type": "secondary", "amenity": "General Maxilom Avenue", "lgu": "Cebu City" }, "geometry": { "type": "Point", "coordinates": [ 123.8980373, 10.3110288 ] } },
{ "type": "Feature", "properties": { "id": 1326430767, "lat": 10.3228084, "lon": 123.9241951, "amenity_type": "primary", "amenity": "Lopez Jaena Street", "lgu": "Cebu City" }, "geometry": { "type": "Point", "coordinates": [ 123.9241951, 10.3228084 ] } },
{ "type": "Feature", "properties": { "id": 1326431315, "lat": 10.3176583, "lon": 123.9252125, "amenity_type": "secondary", "amenity": "M. Logarta Avenue", "lgu": "Cebu City" }, "geometry": { "type": "Point", "coordinates": [ 123.9252125, 10.3176583 ] } },
{ "type": "Feature", "properties": { "id": 1326435165, "lat": 10.3151237, "lon": 123.9237346, "amenity_type": "secondary", "amenity": "M. Logarta Avenue", "lgu": "Cebu City" }, "geometry": { "type": "Point", "coordinates": [ 123.9237346, 10.3151237 ] } },
{ "type": "Feature", "properties": { "id": 1326435166, "lat": 10.3144433, "lon": 123.9231822, "amenity_type": "secondary", "amenity": "M. Logarta Avenue", "lgu": "Cebu City" }, "geometry": { "type": "Point", "coordinates": [ 123.9231822, 10.3144433 ] } },
{ "type": "Feature", "properties": { "id": 1326436016, "lat": 10.3282039, "lon": 123.9215891, "amenity_type": "secondary", "amenity": "Hernan Cortes Street", "lgu": "Cebu City" }, "geometry": { "type": "Point", "coordinates": [ 123.9215891, 10.3282039 ] } },
{ "type": "Feature", "properties": { "id": 1326436017, "lat": 10.3286523, "lon": 123.9213611, "amenity_type": "secondary", "amenity": "Hernan Cortes Street", "lgu": "Cebu City" }, "geometry": { "type": "Point", "coordinates": [ 123.9213611, 10.3286523 ] } },
{ "type": "Feature", "properties": { "id": 1326436694, "lat": 10.2909569, "lon": 123.8981304, "amenity_type": "tertiary", "amenity": "M.L. Quezon Boulevard", "lgu": "Cebu City" }, "geometry": { "type": "Point", "coordinates": [ 123.8981304, 10.2909569 ] } },
{ "type": "Feature", "properties": { "id": 1326457295, "lat": 10.3315226, "lon": 123.9100936, "amenity_type": "secondary", "amenity": "Governor M. Cuenco Avenue", "lgu": "Cebu City" }, "geometry": { "type": "Point", "coordinates": [ 123.9100936, 10.3315226 ] } },
{ "type": "Feature", "properties": { "id": 1327156764, "lat": 10.310948, "lon": 123.9174679, "amenity_type": "primary", "amenity": "Juan Luna Avenue", "lgu": "Cebu City" }, "geometry": { "type": "Point", "coordinates": [ 123.9174679, 10.310948 ] } },
{ "type": "Feature", "properties": { "id": 1327156765, "lat": 10.3107167, "lon": 123.9176595, "amenity_type": "primary", "amenity": "Juan Luna Avenue", "lgu": "Cebu City" }, "geometry": { "type": "Point", "coordinates": [ 123.9176595, 10.3107167 ] } },
{ "type": "Feature", "properties": { "id": 1327160150, "lat": 10.3216779, "lon": 123.8841302, "amenity_type": "secondary", "amenity": "Vicente Rama Avenue", "lgu": "Cebu City" }, "geometry": { "type": "Point", "coordinates": [ 123.8841302, 10.3216779 ] } },
{ "type": "Feature", "properties": { "id": 1327160151, "lat": 10.3196303, "lon": 123.8845654, "amenity_type": "secondary", "amenity": "Vicente Rama Avenue", "lgu": "Cebu City" }, "geometry": { "type": "Point", "coordinates": [ 123.8845654, 10.3196303 ] } },
{ "type": "Feature", "properties": { "id": 1327163666, "lat": 10.3211114, "lon": 123.9257941, "amenity_type": "secondary", "amenity": "Hernan Cortes Street", "lgu": "Cebu City" }, "geometry": { "type": "Point", "coordinates": [ 123.9257941, 10.3211114 ] } },
{ "type": "Feature", "properties": { "id": 1327164914, "lat": 10.3028409, "lon": 123.9019284, "amenity_type": "tertiary", "amenity": "Sikatuna Street", "lgu": "Cebu City" }, "geometry": { "type": "Point", "coordinates": [ 123.9019284, 10.3028409 ] } },
{ "type": "Feature", "properties": { "id": 1327164915, "lat": 10.3045567, "lon": 123.9016159, "amenity_type": "tertiary", "amenity": "Sikatuna Street", "lgu": "Cebu City" }, "geometry": { "type": "Point", "coordinates": [ 123.9016159, 10.3045567 ] } },
{ "type": "Feature", "properties": { "id": 1327166927, "lat": 10.3315617, "lon": 123.9086884, "amenity_type": "tertiary", "amenity": "Jose Maria Del Mar Avenue", "lgu": "Cebu City" }, "geometry": { "type": "Point", "coordinates": [ 123.9086884, 10.3315617 ] } },
{ "type": "Feature", "properties": { "id": 1327166928, "lat": 10.3328774, "lon": 123.9092602, "amenity_type": "tertiary", "amenity": "Jose Maria Del Mar Avenue", "lgu": "Cebu City" }, "geometry": { "type": "Point", "coordinates": [ 123.9092602, 10.3328774 ] } },
{ "type": "Feature", "properties": { "id": 1327176566, "lat": 10.3149137, "lon": 123.8917546, "amenity_type": "tertiary", "amenity": "Don Jose Avila Street", "lgu": "Cebu City" }, "geometry": { "type": "Point", "coordinates": [ 123.8917546, 10.3149137 ] } },
{ "type": "Feature", "properties": { "id": 1328724326, "lat": 10.3185444, "lon": 123.8850683, "amenity_type": "tertiary", "amenity": "L. Bacayo Street", "lgu": "Cebu City" }, "geometry": { "type": "Point", "coordinates": [ 123.8850683, 10.3185444 ] } },
{ "type": "Feature", "properties": { "id": 1328724327, "lat": 10.3185056, "lon": 123.8848041, "amenity_type": "secondary", "amenity": "Vicente Rama Avenue", "lgu": "Cebu City" }, "geometry": { "type": "Point", "coordinates": [ 123.8848041, 10.3185056 ] } },
{ "type": "Feature", "properties": { "id": 1328738101, "lat": 10.3206602, "lon": 123.9108782, "amenity_type": "secondary", "amenity": "F. Cabahug Street", "lgu": "Cebu City" }, "geometry": { "type": "Point", "coordinates": [ 123.9108782, 10.3206602 ] } },
{ "type": "Feature", "properties": { "id": 1328738102, "lat": 10.3206761, "lon": 123.9107585, "amenity_type": "secondary", "amenity": "Cardinal Rosales Avenue", "lgu": "Cebu City" }, "geometry": { "type": "Point", "coordinates": [ 123.9107585, 10.3206761 ] } },
{ "type": "Feature", "properties": { "id": 1328738103, "lat": 10.3206522, "lon": 123.9108171, "amenity_type": "primary", "amenity": "Pope John Paul Ⅱ Avenue", "lgu": "Cebu City" }, "geometry": { "type": "Point", "coordinates": [ 123.9108171, 10.3206522 ] } },
{ "type": "Feature", "properties": { "id": 1330087773, "lat": 10.3073579, "lon": 123.8866835, "amenity_type": "secondary", "amenity": "Vicente Rama Avenue", "lgu": "Cebu City" }, "geometry": { "type": "Point", "coordinates": [ 123.8866835, 10.3073579 ] } },
{ "type": "Feature", "properties": { "id": 1330579436, "lat": 10.3163289, "lon": 123.9054316, "amenity_type": "tertiary", "amenity": "Luzon Avenue", "lgu": "Cebu City" }, "geometry": { "type": "Point", "coordinates": [ 123.9054316, 10.3163289 ] } },
{ "type": "Feature", "properties": { "id": 1330579437, "lat": 10.316915, "lon": 123.9040503, "amenity_type": "tertiary", "amenity": "Luzon Avenue", "lgu": "Cebu City" }, "geometry": { "type": "Point", "coordinates": [ 123.9040503, 10.316915 ] } },
{ "type": "Feature", "properties": { "id": 1332404566, "lat": 10.3074927, "lon": 123.8762184, "amenity_type": "secondary", "amenity": "Ramon Duterte Street", "lgu": "Cebu City" }, "geometry": { "type": "Point", "coordinates": [ 123.8762184, 10.3074927 ] } },
{ "type": "Feature", "properties": { "id": 1337679204, "lat": 10.3142189, "lon": 123.9045584, "amenity_type": "secondary", "amenity": "Cardinal Rosales Avenue", "lgu": "Cebu City" }, "geometry": { "type": "Point", "coordinates": [ 123.9045584, 10.3142189 ] } },
{ "type": "Feature", "properties": { "id": 1337679205, "lat": 10.3138114, "lon": 123.9036907, "amenity_type": "secondary", "amenity": "Cardinal Rosales Avenue", "lgu": "Cebu City" }, "geometry": { "type": "Point", "coordinates": [ 123.9036907, 10.3138114 ] } },
{ "type": "Feature", "properties": { "id": 1337680661, "lat": 10.3995379, "lon": 123.9228984, "amenity_type": "tertiary", "amenity": "Unnamed road corridor", "lgu": "Cebu City" }, "geometry": { "type": "Point", "coordinates": [ 123.9228984, 10.3995379 ] } },
{ "type": "Feature", "properties": { "id": 1337681081, "lat": 10.3773888, "lon": 123.8918307, "amenity_type": "tertiary", "amenity": "Budlaan Road", "lgu": "Cebu City" }, "geometry": { "type": "Point", "coordinates": [ 123.8918307, 10.3773888 ] } },
{ "type": "Feature", "properties": { "id": 1337942772, "lat": 10.3419973, "lon": 123.8756848, "amenity_type": "tertiary", "amenity": "Unnamed road corridor", "lgu": "Cebu City" }, "geometry": { "type": "Point", "coordinates": [ 123.8756848, 10.3419973 ] } },
{ "type": "Feature", "properties": { "id": 1338599968, "lat": 10.3082346, "lon": 123.8821525, "amenity_type": "tertiary", "amenity": "I. Limkakeng Street", "lgu": "Cebu City" }, "geometry": { "type": "Point", "coordinates": [ 123.8821525, 10.3082346 ] } },
{ "type": "Feature", "properties": { "id": 1339486039, "lat": 10.3756652, "lon": 123.8522016, "amenity_type": "primary", "amenity": "Cebu-Balamban Transcentral Highway", "lgu": "Cebu City" }, "geometry": { "type": "Point", "coordinates": [ 123.8522016, 10.3756652 ] } },
{ "type": "Feature", "properties": { "id": 1339704931, "lat": 10.3400376, "lon": 123.9231484, "amenity_type": "secondary", "amenity": "A. S. Fortuna Street", "lgu": "Cebu City" }, "geometry": { "type": "Point", "coordinates": [ 123.9231484, 10.3400376 ] } },
{ "type": "Feature", "properties": { "id": 1339704933, "lat": 10.3396083, "lon": 123.9247347, "amenity_type": "secondary", "amenity": "Hernan Cortes Street", "lgu": "Cebu City" }, "geometry": { "type": "Point", "coordinates": [ 123.9247347, 10.3396083 ] } },
{ "type": "Feature", "properties": { "id": 1339810887, "lat": 10.3738705, "lon": 123.882015, "amenity_type": "tertiary", "amenity": "Busay-Budlaan Road", "lgu": "Cebu City" }, "geometry": { "type": "Point", "coordinates": [ 123.882015, 10.3738705 ] } },
{ "type": "Feature", "properties": { "id": 1339810888, "lat": 10.3749843, "lon": 123.8824368, "amenity_type": "tertiary", "amenity": "Busay-Budlaan Road", "lgu": "Cebu City" }, "geometry": { "type": "Point", "coordinates": [ 123.8824368, 10.3749843 ] } },
{ "type": "Feature", "properties": { "id": 1339870354, "lat": 10.3394546, "lon": 123.9246892, "amenity_type": "secondary", "amenity": "Hernan Cortes Street", "lgu": "Cebu City" }, "geometry": { "type": "Point", "coordinates": [ 123.9246892, 10.3394546 ] } },
{ "type": "Feature", "properties": { "id": 1339871060, "lat": 10.3506349, "lon": 123.9245074, "amenity_type": "secondary", "amenity": "Manuel L. Quezon Avenue", "lgu": "Cebu City" }, "geometry": { "type": "Point", "coordinates": [ 123.9245074, 10.3506349 ] } },
{ "type": "Feature", "properties": { "id": 1339871061, "lat": 10.3495707, "lon": 123.9253892, "amenity_type": "secondary", "amenity": "Manuel L. Quezon Avenue", "lgu": "Cebu City" }, "geometry": { "type": "Point", "coordinates": [ 123.9253892, 10.3495707 ] } },
{ "type": "Feature", "properties": { "id": 1340075106, "lat": 10.3237084, "lon": 123.8924029, "amenity_type": "tertiary", "amenity": "Friendship Street", "lgu": "Cebu City" }, "geometry": { "type": "Point", "coordinates": [ 123.8924029, 10.3237084 ] } },
{ "type": "Feature", "properties": { "id": 1340215890, "lat": 10.3112275, "lon": 123.9091677, "amenity_type": "primary", "amenity": "M.J. Cuenco Avenue", "lgu": "Cebu City" }, "geometry": { "type": "Point", "coordinates": [ 123.9091677, 10.3112275 ] } },
{ "type": "Feature", "properties": { "id": 1340215891, "lat": 10.3116277, "lon": 123.9095988, "amenity_type": "primary", "amenity": "M.J. Cuenco Avenue", "lgu": "Cebu City" }, "geometry": { "type": "Point", "coordinates": [ 123.9095988, 10.3116277 ] } },
{ "type": "Feature", "properties": { "id": 1340215892, "lat": 10.3113393, "lon": 123.9092808, "amenity_type": "primary", "amenity": "M.J. Cuenco Avenue", "lgu": "Cebu City" }, "geometry": { "type": "Point", "coordinates": [ 123.9092808, 10.3113393 ] } },
{ "type": "Feature", "properties": { "id": 1340220476, "lat": 10.2956277, "lon": 123.8997187, "amenity_type": "secondary", "amenity": "Osmeña Boulevard", "lgu": "Cebu City" }, "geometry": { "type": "Point", "coordinates": [ 123.8997187, 10.2956277 ] } },
{ "type": "Feature", "properties": { "id": 1340480916, "lat": 10.3298625, "lon": 123.8976611, "amenity_type": "secondary", "amenity": "Gorordo Avenue", "lgu": "Cebu City" }, "geometry": { "type": "Point", "coordinates": [ 123.8976611, 10.3298625 ] } },
{ "type": "Feature", "properties": { "id": 1340725656, "lat": 10.2928309, "lon": 123.9032466, "amenity_type": "tertiary", "amenity": "Lapu-Lapu Street", "lgu": "Cebu City" }, "geometry": { "type": "Point", "coordinates": [ 123.9032466, 10.2928309 ] } },
{ "type": "Feature", "properties": { "id": 1340725657, "lat": 10.2931734, "lon": 123.9030851, "amenity_type": "tertiary", "amenity": "Magallanes Street", "lgu": "Cebu City" }, "geometry": { "type": "Point", "coordinates": [ 123.9030851, 10.2931734 ] } },
{ "type": "Feature", "properties": { "id": 1340725658, "lat": 10.2924596, "lon": 123.9030848, "amenity_type": "tertiary", "amenity": "Lapu-Lapu Street", "lgu": "Cebu City" }, "geometry": { "type": "Point", "coordinates": [ 123.9030848, 10.2924596 ] } },
{ "type": "Feature", "properties": { "id": 1341242381, "lat": 10.3127362, "lon": 123.9166933, "amenity_type": "secondary", "amenity": "A. Soriano Jr. Avenue", "lgu": "Cebu City" }, "geometry": { "type": "Point", "coordinates": [ 123.9166933, 10.3127362 ] } },
{ "type": "Feature", "properties": { "id": 1342388895, "lat": 10.3178362, "lon": 123.9026529, "amenity_type": "secondary", "amenity": "Archbishop Reyes Avenue", "lgu": "Cebu City" }, "geometry": { "type": "Point", "coordinates": [ 123.9026529, 10.3178362 ] } },
{ "type": "Feature", "properties": { "id": 1342640691, "lat": 10.3047432, "lon": 123.9039794, "amenity_type": "primary", "amenity": "Imus Avenue", "lgu": "Cebu City" }, "geometry": { "type": "Point", "coordinates": [ 123.9039794, 10.3047432 ] } },
{ "type": "Feature", "properties": { "id": 1342640692, "lat": 10.3055144, "lon": 123.90454, "amenity_type": "primary", "amenity": "Imus Avenue", "lgu": "Cebu City" }, "geometry": { "type": "Point", "coordinates": [ 123.90454, 10.3055144 ] } },
{ "type": "Feature", "properties": { "id": 1342640693, "lat": 10.3056912, "lon": 123.9048655, "amenity_type": "primary", "amenity": "Imus Avenue", "lgu": "Cebu City" }, "geometry": { "type": "Point", "coordinates": [ 123.9048655, 10.3056912 ] } },
{ "type": "Feature", "properties": { "id": 1342640698, "lat": 10.3023562, "lon": 123.9065143, "amenity_type": "secondary", "amenity": "M.J. Cuenco Avenue", "lgu": "Cebu City" }, "geometry": { "type": "Point", "coordinates": [ 123.9065143, 10.3023562 ] } },
{ "type": "Feature", "properties": { "id": 1342640699, "lat": 10.3052948, "lon": 123.9061334, "amenity_type": "secondary", "amenity": "M.J. Cuenco Avenue", "lgu": "Cebu City" }, "geometry": { "type": "Point", "coordinates": [ 123.9061334, 10.3052948 ] } },
{ "type": "Feature", "properties": { "id": 1343633815, "lat": 10.3387575, "lon": 123.911492, "amenity_type": "secondary", "amenity": "Governor M. Cuenco Avenue", "lgu": "Cebu City" }, "geometry": { "type": "Point", "coordinates": [ 123.911492, 10.3387575 ] } },
{ "type": "Feature", "properties": { "id": 1343976794, "lat": 10.3154078, "lon": 123.9016613, "amenity_type": "secondary", "amenity": "Archbishop Reyes Avenue", "lgu": "Cebu City" }, "geometry": { "type": "Point", "coordinates": [ 123.9016613, 10.3154078 ] } },
{ "type": "Feature", "properties": { "id": 1344931809, "lat": 10.3165411, "lon": 123.9046432, "amenity_type": "tertiary", "amenity": "Luzon Avenue", "lgu": "Cebu City" }, "geometry": { "type": "Point", "coordinates": [ 123.9046432, 10.3165411 ] } },
{ "type": "Feature", "properties": { "id": 1344931810, "lat": 10.3172522, "lon": 123.9035978, "amenity_type": "tertiary", "amenity": "Luzon Avenue", "lgu": "Cebu City" }, "geometry": { "type": "Point", "coordinates": [ 123.9035978, 10.3172522 ] } },
{ "type": "Feature", "properties": { "id": 1350833721, "lat": 10.2882788, "lon": 123.8651047, "amenity_type": "primary", "amenity": "Natalio Bacalso Avenue", "lgu": "Cebu City" }, "geometry": { "type": "Point", "coordinates": [ 123.8651047, 10.2882788 ] } },
{ "type": "Feature", "properties": { "id": 1350833723, "lat": 10.2890751, "lon": 123.8676009, "amenity_type": "primary", "amenity": "Natalio Bacalso Avenue", "lgu": "Cebu City" }, "geometry": { "type": "Point", "coordinates": [ 123.8676009, 10.2890751 ] } },
{ "type": "Feature", "properties": { "id": 1351753131, "lat": 10.2845334, "lon": 123.8807207, "amenity_type": "secondary", "amenity": "F. Vestil Street", "lgu": "Cebu City" }, "geometry": { "type": "Point", "coordinates": [ 123.8807207, 10.2845334 ] } },
{ "type": "Feature", "properties": { "id": 1351753132, "lat": 10.2841499, "lon": 123.8810586, "amenity_type": "secondary", "amenity": "F. Vestil Street", "lgu": "Cebu City" }, "geometry": { "type": "Point", "coordinates": [ 123.8810586, 10.2841499 ] } },
{ "type": "Feature", "properties": { "id": 1356842496, "lat": 10.3447916, "lon": 123.9084583, "amenity_type": "tertiary", "amenity": "Paseo Saturnino", "lgu": "Cebu City" }, "geometry": { "type": "Point", "coordinates": [ 123.9084583, 10.3447916 ] } },
{ "type": "Feature", "properties": { "id": 1356842498, "lat": 10.3447793, "lon": 123.9086085, "amenity_type": "tertiary", "amenity": "Paseo Saturnino", "lgu": "Cebu City" }, "geometry": { "type": "Point", "coordinates": [ 123.9086085, 10.3447793 ] } },
{ "type": "Feature", "properties": { "id": 1356860342, "lat": 10.3184116, "lon": 123.9078674, "amenity_type": "secondary", "amenity": "Cardinal Rosales Avenue", "lgu": "Cebu City" }, "geometry": { "type": "Point", "coordinates": [ 123.9078674, 10.3184116 ] } },
{ "type": "Feature", "properties": { "id": 1357704058, "lat": 10.2951576, "lon": 123.9008448, "amenity_type": "secondary", "amenity": "Osmeña Boulevard", "lgu": "Cebu City" }, "geometry": { "type": "Point", "coordinates": [ 123.9008448, 10.2951576 ] } },
{ "type": "Feature", "properties": { "id": 1357709155, "lat": 10.3190583, "lon": 123.9142971, "amenity_type": "tertiary", "amenity": "S. Cabahug Street", "lgu": "Cebu City" }, "geometry": { "type": "Point", "coordinates": [ 123.9142971, 10.3190583 ] } },
{ "type": "Feature", "properties": { "id": 1360860440, "lat": 10.3123634, "lon": 123.8976824, "amenity_type": "tertiary", "amenity": "Queens' Road", "lgu": "Cebu City" }, "geometry": { "type": "Point", "coordinates": [ 123.8976824, 10.3123634 ] } },
{ "type": "Feature", "properties": { "id": 1363019683, "lat": 10.3368114, "lon": 123.9111567, "amenity_type": "secondary", "amenity": "Governor M. Cuenco Avenue", "lgu": "Cebu City" }, "geometry": { "type": "Point", "coordinates": [ 123.9111567, 10.3368114 ] } },
{ "type": "Feature", "properties": { "id": 1363019684, "lat": 10.3382668, "lon": 123.9114121, "amenity_type": "secondary", "amenity": "Governor M. Cuenco Avenue", "lgu": "Cebu City" }, "geometry": { "type": "Point", "coordinates": [ 123.9114121, 10.3382668 ] } },
{ "type": "Feature", "properties": { "id": 1363722319, "lat": 10.3434392, "lon": 123.9122946, "amenity_type": "tertiary", "amenity": "Paseo Saturnino", "lgu": "Cebu City" }, "geometry": { "type": "Point", "coordinates": [ 123.9122946, 10.3434392 ] } },
{ "type": "Feature", "properties": { "id": 1363722320, "lat": 10.3433531, "lon": 123.9123427, "amenity_type": "secondary", "amenity": "Governor M. Cuenco Avenue", "lgu": "Cebu City" }, "geometry": { "type": "Point", "coordinates": [ 123.9123427, 10.3433531 ] } },
{ "type": "Feature", "properties": { "id": 1363722321, "lat": 10.343572, "lon": 123.912319, "amenity_type": "secondary", "amenity": "A. S. Fortuna Street", "lgu": "Cebu City" }, "geometry": { "type": "Point", "coordinates": [ 123.912319, 10.343572 ] } },
{ "type": "Feature", "properties": { "id": 1363725523, "lat": 10.3435158, "lon": 123.9122427, "amenity_type": "secondary", "amenity": "Governor M. Cuenco Avenue", "lgu": "Cebu City" }, "geometry": { "type": "Point", "coordinates": [ 123.9122427, 10.3435158 ] } },
{ "type": "Feature", "properties": { "id": 1363725524, "lat": 10.3434955, "lon": 123.9123709, "amenity_type": "secondary", "amenity": "Governor M. Cuenco Avenue", "lgu": "Cebu City" }, "geometry": { "type": "Point", "coordinates": [ 123.9123709, 10.3434955 ] } },
{ "type": "Feature", "properties": { "id": 1364960732, "lat": 10.3201074, "lon": 123.9291009, "amenity_type": "secondary", "amenity": "E.O. Perez Street", "lgu": "Cebu City" }, "geometry": { "type": "Point", "coordinates": [ 123.9291009, 10.3201074 ] } },
{ "type": "Feature", "properties": { "id": 1364965110, "lat": 10.3304234, "lon": 123.8978255, "amenity_type": "secondary", "amenity": "Gorordo Avenue", "lgu": "Cebu City" }, "geometry": { "type": "Point", "coordinates": [ 123.8978255, 10.3304234 ] } },
{ "type": "Feature", "properties": { "id": 1364965112, "lat": 10.3309803, "lon": 123.8980208, "amenity_type": "secondary", "amenity": "Gorordo Avenue", "lgu": "Cebu City" }, "geometry": { "type": "Point", "coordinates": [ 123.8980208, 10.3309803 ] } },
{ "type": "Feature", "properties": { "id": 1369016661, "lat": 10.3243674, "lon": 123.9234426, "amenity_type": "secondary", "amenity": "Hernan Cortes Street", "lgu": "Cebu City" }, "geometry": { "type": "Point", "coordinates": [ 123.9234426, 10.3243674 ] } },
{ "type": "Feature", "properties": { "id": 1376043371, "lat": 10.3170273, "lon": 123.8897674, "amenity_type": "secondary", "amenity": "G. Garcia Street", "lgu": "Cebu City" }, "geometry": { "type": "Point", "coordinates": [ 123.8897674, 10.3170273 ] } },
{ "type": "Feature", "properties": { "id": 1376043372, "lat": 10.3152609, "lon": 123.8904922, "amenity_type": "tertiary", "amenity": "Don Gil Garcia Street", "lgu": "Cebu City" }, "geometry": { "type": "Point", "coordinates": [ 123.8904922, 10.3152609 ] } },
{ "type": "Feature", "properties": { "id": 1376054095, "lat": 10.3356244, "lon": 123.9078168, "amenity_type": "tertiary", "amenity": "San Miguel Road", "lgu": "Cebu City" }, "geometry": { "type": "Point", "coordinates": [ 123.9078168, 10.3356244 ] } },
{ "type": "Feature", "properties": { "id": 1376054096, "lat": 10.3324627, "lon": 123.9066954, "amenity_type": "tertiary", "amenity": "San Miguel Road", "lgu": "Cebu City" }, "geometry": { "type": "Point", "coordinates": [ 123.9066954, 10.3324627 ] } },
{ "type": "Feature", "properties": { "id": 1376054097, "lat": 10.3368874, "lon": 123.9058836, "amenity_type": "tertiary", "amenity": "Omega Street", "lgu": "Cebu City" }, "geometry": { "type": "Point", "coordinates": [ 123.9058836, 10.3368874 ] } },
{ "type": "Feature", "properties": { "id": 1379560692, "lat": 10.3432309, "lon": 123.9123202, "amenity_type": "secondary", "amenity": "Governor M. Cuenco Avenue", "lgu": "Cebu City" }, "geometry": { "type": "Point", "coordinates": [ 123.9123202, 10.3432309 ] } },
{ "type": "Feature", "properties": { "id": 1379560693, "lat": 10.3441202, "lon": 123.9103342, "amenity_type": "tertiary", "amenity": "Paseo Saturnino", "lgu": "Cebu City" }, "geometry": { "type": "Point", "coordinates": [ 123.9103342, 10.3441202 ] } },
{ "type": "Feature", "properties": { "id": 1380178750, "lat": 10.3973928, "lon": 123.858964, "amenity_type": "primary", "amenity": "Cebu-Balamban Transcentral Highway", "lgu": "Cebu City" }, "geometry": { "type": "Point", "coordinates": [ 123.858964, 10.3973928 ] } },
{ "type": "Feature", "properties": { "id": 1382204832, "lat": 10.3310288, "lon": 123.8800266, "amenity_type": "secondary", "amenity": "J. Labra Street", "lgu": "Cebu City" }, "geometry": { "type": "Point", "coordinates": [ 123.8800266, 10.3310288 ] } },
{ "type": "Feature", "properties": { "id": 1414559432, "lat": 10.3270143, "lon": 123.9082505, "amenity_type": "secondary", "amenity": "Governor M. Cuenco Avenue", "lgu": "Cebu City" }, "geometry": { "type": "Point", "coordinates": [ 123.9082505, 10.3270143 ] } },
{ "type": "Feature", "properties": { "id": 1414559433, "lat": 10.3260798, "lon": 123.907655, "amenity_type": "secondary", "amenity": "Governor M. Cuenco Avenue", "lgu": "Cebu City" }, "geometry": { "type": "Point", "coordinates": [ 123.907655, 10.3260798 ] } },
{ "type": "Feature", "properties": { "id": 1414575016, "lat": 10.410916, "lon": 123.8782183, "amenity_type": "tertiary", "amenity": "Unnamed road corridor", "lgu": "Cebu City" }, "geometry": { "type": "Point", "coordinates": [ 123.8782183, 10.410916 ] } },
{ "type": "Feature", "properties": { "id": 1414575017, "lat": 10.4121819, "lon": 123.8788239, "amenity_type": "tertiary", "amenity": "Unnamed road corridor", "lgu": "Cebu City" }, "geometry": { "type": "Point", "coordinates": [ 123.8788239, 10.4121819 ] } },
{ "type": "Feature", "properties": { "id": 1415121452, "lat": 10.3160456, "lon": 123.905786, "amenity_type": "secondary", "amenity": "Cardinal Rosales Avenue", "lgu": "Cebu City" }, "geometry": { "type": "Point", "coordinates": [ 123.905786, 10.3160456 ] } },
{ "type": "Feature", "properties": { "id": 1415121453, "lat": 10.3160121, "lon": 123.906234, "amenity_type": "tertiary", "amenity": "Samar Loop", "lgu": "Cebu City" }, "geometry": { "type": "Point", "coordinates": [ 123.906234, 10.3160121 ] } },
{ "type": "Feature", "properties": { "id": 1415121454, "lat": 10.3158436, "lon": 123.9056082, "amenity_type": "secondary", "amenity": "Cardinal Rosales Avenue", "lgu": "Cebu City" }, "geometry": { "type": "Point", "coordinates": [ 123.9056082, 10.3158436 ] } },
{ "type": "Feature", "properties": { "id": 1415121455, "lat": 10.3161995, "lon": 123.9059417, "amenity_type": "tertiary", "amenity": "Samar Loop", "lgu": "Cebu City" }, "geometry": { "type": "Point", "coordinates": [ 123.9059417, 10.3161995 ] } },
{ "type": "Feature", "properties": { "id": 1415121456, "lat": 10.3168183, "lon": 123.9064069, "amenity_type": "secondary", "amenity": "Cardinal Rosales Avenue", "lgu": "Cebu City" }, "geometry": { "type": "Point", "coordinates": [ 123.9064069, 10.3168183 ] } },
{ "type": "Feature", "properties": { "id": 1417459250, "lat": 10.3751664, "lon": 123.8525492, "amenity_type": "primary", "amenity": "Cebu-Balamban Transcentral Highway", "lgu": "Cebu City" }, "geometry": { "type": "Point", "coordinates": [ 123.8525492, 10.3751664 ] } },
{ "type": "Feature", "properties": { "id": 1417459251, "lat": 10.3753623, "lon": 123.8522642, "amenity_type": "primary", "amenity": "Cebu-Balamban Transcentral Highway", "lgu": "Cebu City" }, "geometry": { "type": "Point", "coordinates": [ 123.8522642, 10.3753623 ] } },
{ "type": "Feature", "properties": { "id": 1417987479, "lat": 10.292598, "lon": 123.8734363, "amenity_type": "tertiary", "amenity": "Gabriel Elorde Street", "lgu": "Cebu City" }, "geometry": { "type": "Point", "coordinates": [ 123.8734363, 10.292598 ] } },
{ "type": "Feature", "properties": { "id": 1418239202, "lat": 10.3086037, "lon": 123.8908379, "amenity_type": "tertiary", "amenity": "C. Rodriguez Street", "lgu": "Cebu City" }, "geometry": { "type": "Point", "coordinates": [ 123.8908379, 10.3086037 ] } },
{ "type": "Feature", "properties": { "id": 1418577444, "lat": 10.298118, "lon": 123.8919054, "amenity_type": "primary", "amenity": "Natalio Bacalso Avenue", "lgu": "Cebu City" }, "geometry": { "type": "Point", "coordinates": [ 123.8919054, 10.298118 ] } },
{ "type": "Feature", "properties": { "id": 1418601739, "lat": 10.2948491, "lon": 123.8906206, "amenity_type": "tertiary", "amenity": "T. Abella Street", "lgu": "Cebu City" }, "geometry": { "type": "Point", "coordinates": [ 123.8906206, 10.2948491 ] } },
{ "type": "Feature", "properties": { "id": 1419097569, "lat": 10.3106474, "lon": 123.9040493, "amenity_type": "secondary", "amenity": "General Maxilom Avenue", "lgu": "Cebu City" }, "geometry": { "type": "Point", "coordinates": [ 123.9040493, 10.3106474 ] } },
{ "type": "Feature", "properties": { "id": 1419097570, "lat": 10.3107494, "lon": 123.9039444, "amenity_type": "secondary", "amenity": "Gorordo Avenue", "lgu": "Cebu City" }, "geometry": { "type": "Point", "coordinates": [ 123.9039444, 10.3107494 ] } },
{ "type": "Feature", "properties": { "id": 1420105703, "lat": 10.3185758, "lon": 123.9191085, "amenity_type": "primary", "amenity": "Lopez Jaena Street", "lgu": "Cebu City" }, "geometry": { "type": "Point", "coordinates": [ 123.9191085, 10.3185758 ] } },
{ "type": "Feature", "properties": { "id": 1420106478, "lat": 10.3202551, "lon": 123.9213116, "amenity_type": "secondary", "amenity": "Gatewalk Drive", "lgu": "Cebu City" }, "geometry": { "type": "Point", "coordinates": [ 123.9213116, 10.3202551 ] } },
{ "type": "Feature", "properties": { "id": 1420296356, "lat": 10.3159011, "lon": 123.9293019, "amenity_type": "tertiary", "amenity": "F.F. Cruz Avenue", "lgu": "Cebu City" }, "geometry": { "type": "Point", "coordinates": [ 123.9293019, 10.3159011 ] } },
{ "type": "Feature", "properties": { "id": 1420660183, "lat": 10.2977468, "lon": 123.8974705, "amenity_type": "tertiary", "amenity": "Sanciangko Street", "lgu": "Cebu City" }, "geometry": { "type": "Point", "coordinates": [ 123.8974705, 10.2977468 ] } },
{ "type": "Feature", "properties": { "id": 1423467178, "lat": 10.3392943, "lon": 123.9254063, "amenity_type": "secondary", "amenity": "A. S. Fortuna Street", "lgu": "Cebu City" }, "geometry": { "type": "Point", "coordinates": [ 123.9254063, 10.3392943 ] } },
{ "type": "Feature", "properties": { "id": 1423467179, "lat": 10.3394403, "lon": 123.9248772, "amenity_type": "secondary", "amenity": "A. S. Fortuna Street", "lgu": "Cebu City" }, "geometry": { "type": "Point", "coordinates": [ 123.9248772, 10.3394403 ] } },
{ "type": "Feature", "properties": { "id": 1423467182, "lat": 10.3391074, "lon": 123.9261801, "amenity_type": "secondary", "amenity": "A. S. Fortuna Street", "lgu": "Cebu City" }, "geometry": { "type": "Point", "coordinates": [ 123.9261801, 10.3391074 ] } },
{ "type": "Feature", "properties": { "id": 1427501665, "lat": 10.3113305, "lon": 123.8986843, "amenity_type": "secondary", "amenity": "General Maxilom Avenue", "lgu": "Cebu City" }, "geometry": { "type": "Point", "coordinates": [ 123.8986843, 10.3113305 ] } },
{ "type": "Feature", "properties": { "id": 1427501666, "lat": 10.3111919, "lon": 123.8981883, "amenity_type": "tertiary", "amenity": "Gotianuy Street", "lgu": "Cebu City" }, "geometry": { "type": "Point", "coordinates": [ 123.8981883, 10.3111919 ] } },
{ "type": "Feature", "properties": { "id": 1428931326, "lat": 10.2960891, "lon": 123.8986748, "amenity_type": "secondary", "amenity": "Osmeña Boulevard", "lgu": "Cebu City" }, "geometry": { "type": "Point", "coordinates": [ 123.8986748, 10.2960891 ] } },
{ "type": "Feature", "properties": { "id": 1431166185, "lat": 10.3125055, "lon": 123.8950215, "amenity_type": "tertiary", "amenity": "Don Ramon Aboitiz Street", "lgu": "Cebu City" }, "geometry": { "type": "Point", "coordinates": [ 123.8950215, 10.3125055 ] } },
{ "type": "Feature", "properties": { "id": 1431166186, "lat": 10.3117405, "lon": 123.8951343, "amenity_type": "tertiary", "amenity": "Juana Osmeña Street", "lgu": "Cebu City" }, "geometry": { "type": "Point", "coordinates": [ 123.8951343, 10.3117405 ] } },
{ "type": "Feature", "properties": { "id": 1441823375, "lat": 10.2824237, "lon": 123.8829139, "amenity_type": "secondary", "amenity": "F. Vestil Street", "lgu": "Cebu City" }, "geometry": { "type": "Point", "coordinates": [ 123.8829139, 10.2824237 ] } },
{ "type": "Feature", "properties": { "id": 1441823376, "lat": 10.2829578, "lon": 123.8823397, "amenity_type": "secondary", "amenity": "F. Vestil Street", "lgu": "Cebu City" }, "geometry": { "type": "Point", "coordinates": [ 123.8823397, 10.2829578 ] } },
{ "type": "Feature", "properties": { "id": 1441823377, "lat": 10.2828909, "lon": 123.8822809, "amenity_type": "secondary", "amenity": "F. Vestil Street", "lgu": "Cebu City" }, "geometry": { "type": "Point", "coordinates": [ 123.8822809, 10.2828909 ] } },
{ "type": "Feature", "properties": { "id": 1441823378, "lat": 10.2829434, "lon": 123.8822242, "amenity_type": "secondary", "amenity": "F. Vestil Street", "lgu": "Cebu City" }, "geometry": { "type": "Point", "coordinates": [ 123.8822242, 10.2829434 ] } },
{ "type": "Feature", "properties": { "id": 1443617518, "lat": 10.2989037, "lon": 123.8954601, "amenity_type": "tertiary", "amenity": "Leon Kilat Street", "lgu": "Cebu City" }, "geometry": { "type": "Point", "coordinates": [ 123.8954601, 10.2989037 ] } },
{ "type": "Feature", "properties": { "id": 1443622000, "lat": 10.3413287, "lon": 123.9119014, "amenity_type": "secondary", "amenity": "Governor M. Cuenco Avenue", "lgu": "Cebu City" }, "geometry": { "type": "Point", "coordinates": [ 123.9119014, 10.3413287 ] } },
{ "type": "Feature", "properties": { "id": 1443622001, "lat": 10.3415453, "lon": 123.9119098, "amenity_type": "secondary", "amenity": "Governor M. Cuenco Avenue", "lgu": "Cebu City" }, "geometry": { "type": "Point", "coordinates": [ 123.9119098, 10.3415453 ] } },
{ "type": "Feature", "properties": { "id": 1443622002, "lat": 10.3405831, "lon": 123.9117965, "amenity_type": "secondary", "amenity": "Governor M. Cuenco Avenue", "lgu": "Cebu City" }, "geometry": { "type": "Point", "coordinates": [ 123.9117965, 10.3405831 ] } },
{ "type": "Feature", "properties": { "id": 1443622003, "lat": 10.3408059, "lon": 123.9118356, "amenity_type": "secondary", "amenity": "Governor M. Cuenco Avenue", "lgu": "Cebu City" }, "geometry": { "type": "Point", "coordinates": [ 123.9118356, 10.3408059 ] } },
{ "type": "Feature", "properties": { "id": 1443622004, "lat": 10.3409552, "lon": 123.9118618, "amenity_type": "secondary", "amenity": "Governor M. Cuenco Avenue", "lgu": "Cebu City" }, "geometry": { "type": "Point", "coordinates": [ 123.9118618, 10.3409552 ] } },
{ "type": "Feature", "properties": { "id": 1444098377, "lat": 10.3922381, "lon": 123.9267644, "amenity_type": "tertiary", "amenity": "Unnamed road corridor", "lgu": "Cebu City" }, "geometry": { "type": "Point", "coordinates": [ 123.9267644, 10.3922381 ] } },
{ "type": "Feature", "properties": { "id": 1444098378, "lat": 10.3898711, "lon": 123.9268511, "amenity_type": "tertiary", "amenity": "Unnamed road corridor", "lgu": "Cebu City" }, "geometry": { "type": "Point", "coordinates": [ 123.9268511, 10.3898711 ] } },
{ "type": "Feature", "properties": { "id": 1444098380, "lat": 10.3950342, "lon": 123.9264668, "amenity_type": "tertiary", "amenity": "Unnamed road corridor", "lgu": "Cebu City" }, "geometry": { "type": "Point", "coordinates": [ 123.9264668, 10.3950342 ] } },
{ "type": "Feature", "properties": { "id": 1454123865, "lat": 10.3293744, "lon": 123.909258, "amenity_type": "secondary", "amenity": "Governor M. Cuenco Avenue", "lgu": "Cebu City" }, "geometry": { "type": "Point", "coordinates": [ 123.909258, 10.3293744 ] } },
{ "type": "Feature", "properties": { "id": 1454123866, "lat": 10.3301083, "lon": 123.9095648, "amenity_type": "secondary", "amenity": "Governor M. Cuenco Avenue", "lgu": "Cebu City" }, "geometry": { "type": "Point", "coordinates": [ 123.9095648, 10.3301083 ] } },
{ "type": "Feature", "properties": { "id": 1454123867, "lat": 10.3302471, "lon": 123.9096226, "amenity_type": "secondary", "amenity": "Governor M. Cuenco Avenue", "lgu": "Cebu City" }, "geometry": { "type": "Point", "coordinates": [ 123.9096226, 10.3302471 ] } },
{ "type": "Feature", "properties": { "id": 1454400086, "lat": 10.2924297, "lon": 123.8790567, "amenity_type": "primary", "amenity": "Natalio Bacalso Avenue", "lgu": "Cebu City" }, "geometry": { "type": "Point", "coordinates": [ 123.8790567, 10.2924297 ] } },
{ "type": "Feature", "properties": { "id": 1454400088, "lat": 10.2918844, "lon": 123.8782107, "amenity_type": "secondary", "amenity": "Natalio Bacalso Avenue", "lgu": "Cebu City" }, "geometry": { "type": "Point", "coordinates": [ 123.8782107, 10.2918844 ] } },
{ "type": "Feature", "properties": { "id": 1454400090, "lat": 10.2925694, "lon": 123.8792722, "amenity_type": "secondary", "amenity": "Natalio Bacalso Avenue", "lgu": "Cebu City" }, "geometry": { "type": "Point", "coordinates": [ 123.8792722, 10.2925694 ] } },
{ "type": "Feature", "properties": { "id": 1454400092, "lat": 10.2934283, "lon": 123.8804817, "amenity_type": "primary", "amenity": "Natalio Bacalso Avenue", "lgu": "Cebu City" }, "geometry": { "type": "Point", "coordinates": [ 123.8804817, 10.2934283 ] } },
{ "type": "Feature", "properties": { "id": 1454400093, "lat": 10.2934536, "lon": 123.8804651, "amenity_type": "primary", "amenity": "Natalio Bacalso Avenue", "lgu": "Cebu City" }, "geometry": { "type": "Point", "coordinates": [ 123.8804651, 10.2934536 ] } },
{ "type": "Feature", "properties": { "id": 1455431847, "lat": 10.3147953, "lon": 123.8914141, "amenity_type": "tertiary", "amenity": "Don Jose Avila Street", "lgu": "Cebu City" }, "geometry": { "type": "Point", "coordinates": [ 123.8914141, 10.3147953 ] } },
{ "type": "Feature", "properties": { "id": 1456030781, "lat": 10.3166031, "lon": 123.9240151, "amenity_type": "secondary", "amenity": "Gatewalk Drive", "lgu": "Cebu City" }, "geometry": { "type": "Point", "coordinates": [ 123.9240151, 10.3166031 ] } },
{ "type": "Feature", "properties": { "id": 1456286309, "lat": 10.321629, "lon": 123.912428, "amenity_type": "secondary", "amenity": "F. Cabahug Street", "lgu": "Cebu City" }, "geometry": { "type": "Point", "coordinates": [ 123.912428, 10.321629 ] } },
{ "type": "Feature", "properties": { "id": 1456816228, "lat": 10.3087873, "lon": 123.8936581, "amenity_type": "secondary", "amenity": "Osmeña Boulevard", "lgu": "Cebu City" }, "geometry": { "type": "Point", "coordinates": [ 123.8936581, 10.3087873 ] } },
{ "type": "Feature", "properties": { "id": 1457954994, "lat": 10.3285741, "lon": 123.8957587, "amenity_type": "tertiary", "amenity": "Sudlon", "lgu": "Cebu City" }, "geometry": { "type": "Point", "coordinates": [ 123.8957587, 10.3285741 ] } },
{ "type": "Feature", "properties": { "id": 1457954995, "lat": 10.328532, "lon": 123.8961484, "amenity_type": "tertiary", "amenity": "Sudlon", "lgu": "Cebu City" }, "geometry": { "type": "Point", "coordinates": [ 123.8961484, 10.328532 ] } },
{ "type": "Feature", "properties": { "id": 1457954996, "lat": 10.3285451, "lon": 123.8957354, "amenity_type": "tertiary", "amenity": "Sudlon", "lgu": "Cebu City" }, "geometry": { "type": "Point", "coordinates": [ 123.8957354, 10.3285451 ] } },
{ "type": "Feature", "properties": { "id": 1457954997, "lat": 10.3285212, "lon": 123.8966177, "amenity_type": "tertiary", "amenity": "Sudlon", "lgu": "Cebu City" }, "geometry": { "type": "Point", "coordinates": [ 123.8966177, 10.3285212 ] } },
{ "type": "Feature", "properties": { "id": 1458791307, "lat": 10.3252357, "lon": 123.9080138, "amenity_type": "primary", "amenity": "Pope John Paul Ⅱ Avenue", "lgu": "Cebu City" }, "geometry": { "type": "Point", "coordinates": [ 123.9080138, 10.3252357 ] } },
{ "type": "Feature", "properties": { "id": 1458791308, "lat": 10.3252007, "lon": 123.907942, "amenity_type": "primary", "amenity": "Pope John Paul Ⅱ Avenue", "lgu": "Cebu City" }, "geometry": { "type": "Point", "coordinates": [ 123.907942, 10.3252007 ] } },
{ "type": "Feature", "properties": { "id": 1459254944, "lat": 10.2931959, "lon": 123.8954347, "amenity_type": "tertiary", "amenity": "Panganiban Street", "lgu": "Cebu City" }, "geometry": { "type": "Point", "coordinates": [ 123.8954347, 10.2931959 ] } },
{ "type": "Feature", "properties": { "id": 1459346264, "lat": 10.3026619, "lon": 123.8845637, "amenity_type": "tertiary", "amenity": "Lucio Lopez Drive", "lgu": "Cebu City" }, "geometry": { "type": "Point", "coordinates": [ 123.8845637, 10.3026619 ] } },
{ "type": "Feature", "properties": { "id": 1460570757, "lat": 10.3903008, "lon": 123.8562232, "amenity_type": "tertiary", "amenity": "Unnamed road corridor", "lgu": "Cebu City" }, "geometry": { "type": "Point", "coordinates": [ 123.8562232, 10.3903008 ] } },
{ "type": "Feature", "properties": { "id": 1460570760, "lat": 10.3982692, "lon": 123.8512526, "amenity_type": "tertiary", "amenity": "Unnamed road corridor", "lgu": "Cebu City" }, "geometry": { "type": "Point", "coordinates": [ 123.8512526, 10.3982692 ] } },
{ "type": "Feature", "properties": { "id": 1460586457, "lat": 10.4091167, "lon": 123.9298885, "amenity_type": "tertiary", "amenity": "Unnamed road corridor", "lgu": "Cebu City" }, "geometry": { "type": "Point", "coordinates": [ 123.9298885, 10.4091167 ] } },
{ "type": "Feature", "properties": { "id": 1460606971, "lat": 10.3987629, "lon": 123.9253948, "amenity_type": "tertiary", "amenity": "Unnamed road corridor", "lgu": "Cebu City" }, "geometry": { "type": "Point", "coordinates": [ 123.9253948, 10.3987629 ] } },
{ "type": "Feature", "properties": { "id": 1460770378, "lat": 10.406356, "lon": 123.9186348, "amenity_type": "secondary", "amenity": "Agpasan-Binaliw-Cebu City Road", "lgu": "Cebu City" }, "geometry": { "type": "Point", "coordinates": [ 123.9186348, 10.406356 ] } },
{ "type": "Feature", "properties": { "id": 1462528950, "lat": 10.2891995, "lon": 123.8677426, "amenity_type": "primary", "amenity": "Natalio Bacalso Avenue", "lgu": "Cebu City" }, "geometry": { "type": "Point", "coordinates": [ 123.8677426, 10.2891995 ] } },
{ "type": "Feature", "properties": { "id": 1469220210, "lat": 10.4099087, "lon": 123.9179352, "amenity_type": "secondary", "amenity": "Agpasan-Binaliw-Cebu City Road", "lgu": "Cebu City" }, "geometry": { "type": "Point", "coordinates": [ 123.9179352, 10.4099087 ] } },
{ "type": "Feature", "properties": { "id": 1469315819, "lat": 10.3962265, "lon": 123.9141058, "amenity_type": "tertiary", "amenity": "Kauswagan Road", "lgu": "Cebu City" }, "geometry": { "type": "Point", "coordinates": [ 123.9141058, 10.3962265 ] } },
{ "type": "Feature", "properties": { "id": 1469323654, "lat": 10.3944818, "lon": 123.9154299, "amenity_type": "tertiary", "amenity": "Kauswagan Road", "lgu": "Cebu City" }, "geometry": { "type": "Point", "coordinates": [ 123.9154299, 10.3944818 ] } },
{ "type": "Feature", "properties": { "id": 1469555581, "lat": 10.3160855, "lon": 123.9135427, "amenity_type": "primary", "amenity": "Pope John Paul Ⅱ Avenue", "lgu": "Cebu City" }, "geometry": { "type": "Point", "coordinates": [ 123.9135427, 10.3160855 ] } },
{ "type": "Feature", "properties": { "id": 1469555591, "lat": 10.3210529, "lon": 123.9114938, "amenity_type": "secondary", "amenity": "F. Cabahug Street", "lgu": "Cebu City" }, "geometry": { "type": "Point", "coordinates": [ 123.9114938, 10.3210529 ] } },
{ "type": "Feature", "properties": { "id": 1469631983, "lat": 10.3214782, "lon": 123.9102269, "amenity_type": "primary", "amenity": "Pope John Paul Ⅱ Avenue", "lgu": "Cebu City" }, "geometry": { "type": "Point", "coordinates": [ 123.9102269, 10.3214782 ] } },
{ "type": "Feature", "properties": { "id": 1469631984, "lat": 10.3205443, "lon": 123.9108808, "amenity_type": "primary", "amenity": "Pope John Paul Ⅱ Avenue", "lgu": "Cebu City" }, "geometry": { "type": "Point", "coordinates": [ 123.9108808, 10.3205443 ] } },
{ "type": "Feature", "properties": { "id": 1469631985, "lat": 10.3200767, "lon": 123.9111621, "amenity_type": "primary", "amenity": "Pope John Paul Ⅱ Avenue", "lgu": "Cebu City" }, "geometry": { "type": "Point", "coordinates": [ 123.9111621, 10.3200767 ] } },
{ "type": "Feature", "properties": { "id": 1469879475, "lat": 10.3282308, "lon": 123.9087712, "amenity_type": "secondary", "amenity": "Governor M. Cuenco Avenue", "lgu": "Cebu City" }, "geometry": { "type": "Point", "coordinates": [ 123.9087712, 10.3282308 ] } },
{ "type": "Feature", "properties": { "id": 1469879476, "lat": 10.3281245, "lon": 123.9087241, "amenity_type": "secondary", "amenity": "Governor M. Cuenco Avenue", "lgu": "Cebu City" }, "geometry": { "type": "Point", "coordinates": [ 123.9087241, 10.3281245 ] } },
{ "type": "Feature", "properties": { "id": 1469898831, "lat": 10.3161627, "lon": 123.9245433, "amenity_type": "secondary", "amenity": "M. Logarta Avenue", "lgu": "Cebu City" }, "geometry": { "type": "Point", "coordinates": [ 123.9245433, 10.3161627 ] } },
{ "type": "Feature", "properties": { "id": 1469898832, "lat": 10.3161571, "lon": 123.9244773, "amenity_type": "secondary", "amenity": "Gatewalk Drive", "lgu": "Cebu City" }, "geometry": { "type": "Point", "coordinates": [ 123.9244773, 10.3161571 ] } },
{ "type": "Feature", "properties": { "id": 1469900542, "lat": 10.3163611, "lon": 123.9242098, "amenity_type": "secondary", "amenity": "Gatewalk Drive", "lgu": "Cebu City" }, "geometry": { "type": "Point", "coordinates": [ 123.9242098, 10.3163611 ] } },
{ "type": "Feature", "properties": { "id": 1471026422, "lat": 10.3212473, "lon": 123.9223974, "amenity_type": "primary", "amenity": "Lopez Jaena Street", "lgu": "Cebu City" }, "geometry": { "type": "Point", "coordinates": [ 123.9223974, 10.3212473 ] } },
{ "type": "Feature", "properties": { "id": 1471104548, "lat": 10.3120106, "lon": 123.9164489, "amenity_type": "primary", "amenity": "Juan Luna Avenue", "lgu": "Cebu City" }, "geometry": { "type": "Point", "coordinates": [ 123.9164489, 10.3120106 ] } },
{ "type": "Feature", "properties": { "id": 1471104549, "lat": 10.312077, "lon": 123.9165314, "amenity_type": "primary", "amenity": "Juan Luna Avenue", "lgu": "Cebu City" }, "geometry": { "type": "Point", "coordinates": [ 123.9165314, 10.312077 ] } },
{ "type": "Feature", "properties": { "id": 1471104550, "lat": 10.310288, "lon": 123.9180178, "amenity_type": "primary", "amenity": "Juan Luna Avenue", "lgu": "Cebu City" }, "geometry": { "type": "Point", "coordinates": [ 123.9180178, 10.310288 ] } },
{ "type": "Feature", "properties": { "id": 1471104551, "lat": 10.3102229, "lon": 123.9179381, "amenity_type": "primary", "amenity": "Juan Luna Avenue", "lgu": "Cebu City" }, "geometry": { "type": "Point", "coordinates": [ 123.9179381, 10.3102229 ] } },
{ "type": "Feature", "properties": { "id": 1471104552, "lat": 10.3104298, "lon": 123.9178981, "amenity_type": "primary", "amenity": "Juan Luna Avenue", "lgu": "Cebu City" }, "geometry": { "type": "Point", "coordinates": [ 123.9178981, 10.3104298 ] } },
{ "type": "Feature", "properties": { "id": 1471144314, "lat": 10.3695288, "lon": 123.9167782, "amenity_type": "secondary", "amenity": "Miñoza Street", "lgu": "Cebu City" }, "geometry": { "type": "Point", "coordinates": [ 123.9167782, 10.3695288 ] } },
{ "type": "Feature", "properties": { "id": 1471144315, "lat": 10.3692737, "lon": 123.9167119, "amenity_type": "secondary", "amenity": "Governor M. Cuenco Avenue", "lgu": "Cebu City" }, "geometry": { "type": "Point", "coordinates": [ 123.9167119, 10.3692737 ] } },
{ "type": "Feature", "properties": { "id": 1471144316, "lat": 10.3685225, "lon": 123.9154018, "amenity_type": "secondary", "amenity": "Governor M. Cuenco Avenue", "lgu": "Cebu City" }, "geometry": { "type": "Point", "coordinates": [ 123.9154018, 10.3685225 ] } },
{ "type": "Feature", "properties": { "id": 1471144317, "lat": 10.3677341, "lon": 123.9141548, "amenity_type": "secondary", "amenity": "Governor M. Cuenco Avenue", "lgu": "Cebu City" }, "geometry": { "type": "Point", "coordinates": [ 123.9141548, 10.3677341 ] } },
{ "type": "Feature", "properties": { "id": 1471144318, "lat": 10.3673369, "lon": 123.9139495, "amenity_type": "secondary", "amenity": "Governor M. Cuenco Avenue", "lgu": "Cebu City" }, "geometry": { "type": "Point", "coordinates": [ 123.9139495, 10.3673369 ] } },
{ "type": "Feature", "properties": { "id": 1471144319, "lat": 10.367549, "lon": 123.9138448, "amenity_type": "tertiary", "amenity": "Budlaan Road", "lgu": "Cebu City" }, "geometry": { "type": "Point", "coordinates": [ 123.9138448, 10.367549 ] } },
{ "type": "Feature", "properties": { "id": 1471144320, "lat": 10.3669992, "lon": 123.9139054, "amenity_type": "secondary", "amenity": "Governor M. Cuenco Avenue", "lgu": "Cebu City" }, "geometry": { "type": "Point", "coordinates": [ 123.9139054, 10.3669992 ] } },
{ "type": "Feature", "properties": { "id": 1471144321, "lat": 10.3669984, "lon": 123.9138626, "amenity_type": "secondary", "amenity": "Governor M. Cuenco Avenue", "lgu": "Cebu City" }, "geometry": { "type": "Point", "coordinates": [ 123.9138626, 10.3669984 ] } },
{ "type": "Feature", "properties": { "id": 1471290740, "lat": 10.3326007, "lon": 123.9091497, "amenity_type": "tertiary", "amenity": "Jose Maria Del Mar Avenue", "lgu": "Cebu City" }, "geometry": { "type": "Point", "coordinates": [ 123.9091497, 10.3326007 ] } },
{ "type": "Feature", "properties": { "id": 1471290744, "lat": 10.3346449, "lon": 123.9099715, "amenity_type": "tertiary", "amenity": "Jose Maria Del Mar Avenue", "lgu": "Cebu City" }, "geometry": { "type": "Point", "coordinates": [ 123.9099715, 10.3346449 ] } },
{ "type": "Feature", "properties": { "id": 1471422034, "lat": 10.3280602, "lon": 123.9045941, "amenity_type": "tertiary", "amenity": "Geonzon Street", "lgu": "Cebu City" }, "geometry": { "type": "Point", "coordinates": [ 123.9045941, 10.3280602 ] } },
{ "type": "Feature", "properties": { "id": 1471422035, "lat": 10.3282916, "lon": 123.904841, "amenity_type": "tertiary", "amenity": "Geonzon Street", "lgu": "Cebu City" }, "geometry": { "type": "Point", "coordinates": [ 123.904841, 10.3282916 ] } },
{ "type": "Feature", "properties": { "id": 1471463195, "lat": 10.3765294, "lon": 123.9196377, "amenity_type": "secondary", "amenity": "Miñoza Street", "lgu": "Cebu City" }, "geometry": { "type": "Point", "coordinates": [ 123.9196377, 10.3765294 ] } },
{ "type": "Feature", "properties": { "id": 1471463196, "lat": 10.3782072, "lon": 123.9200778, "amenity_type": "secondary", "amenity": "Miñoza Street", "lgu": "Cebu City" }, "geometry": { "type": "Point", "coordinates": [ 123.9200778, 10.3782072 ] } },
{ "type": "Feature", "properties": { "id": 1471463197, "lat": 10.376426, "lon": 123.9193726, "amenity_type": "tertiary", "amenity": "San Jose Road", "lgu": "Cebu City" }, "geometry": { "type": "Point", "coordinates": [ 123.9193726, 10.376426 ] } },
{ "type": "Feature", "properties": { "id": 1471724533, "lat": 10.3579387, "lon": 123.8847721, "amenity_type": "primary", "amenity": "Cebu-Balamban Transcentral Highway", "lgu": "Cebu City" }, "geometry": { "type": "Point", "coordinates": [ 123.8847721, 10.3579387 ] } },
{ "type": "Feature", "properties": { "id": 1471724534, "lat": 10.3612896, "lon": 123.8835228, "amenity_type": "primary", "amenity": "Cebu-Balamban Transcentral Highway", "lgu": "Cebu City" }, "geometry": { "type": "Point", "coordinates": [ 123.8835228, 10.3612896 ] } },
{ "type": "Feature", "properties": { "id": 1471773929, "lat": 10.3431382, "lon": 123.9121817, "amenity_type": "secondary", "amenity": "Governor M. Cuenco Avenue", "lgu": "Cebu City" }, "geometry": { "type": "Point", "coordinates": [ 123.9121817, 10.3431382 ] } },
{ "type": "Feature", "properties": { "id": 1471782236, "lat": 10.3165514, "lon": 123.9288571, "amenity_type": "trunk", "amenity": "Ouano Avenue", "lgu": "Cebu City" }, "geometry": { "type": "Point", "coordinates": [ 123.9288571, 10.3165514 ] } },
{ "type": "Feature", "properties": { "id": 1471798944, "lat": 10.342893, "lon": 123.9122619, "amenity_type": "secondary", "amenity": "Governor M. Cuenco Avenue", "lgu": "Cebu City" }, "geometry": { "type": "Point", "coordinates": [ 123.9122619, 10.342893 ] } },
{ "type": "Feature", "properties": { "id": 1471798945, "lat": 10.3427243, "lon": 123.9121136, "amenity_type": "secondary", "amenity": "Governor M. Cuenco Avenue", "lgu": "Cebu City" }, "geometry": { "type": "Point", "coordinates": [ 123.9121136, 10.3427243 ] } },
{ "type": "Feature", "properties": { "id": 1471825922, "lat": 10.4184643, "lon": 123.8430261, "amenity_type": "primary", "amenity": "Cebu-Balamban Transcentral Highway", "lgu": "Cebu City" }, "geometry": { "type": "Point", "coordinates": [ 123.8430261, 10.4184643 ] } },
{ "type": "Feature", "properties": { "id": 1471825923, "lat": 10.4025166, "lon": 123.856091, "amenity_type": "primary", "amenity": "Cebu-Balamban Transcentral Highway", "lgu": "Cebu City" }, "geometry": { "type": "Point", "coordinates": [ 123.856091, 10.4025166 ] } },
{ "type": "Feature", "properties": { "id": 1472015727, "lat": 10.3218189, "lon": 123.9100162, "amenity_type": "primary", "amenity": "Pope John Paul Ⅱ Avenue", "lgu": "Cebu City" }, "geometry": { "type": "Point", "coordinates": [ 123.9100162, 10.3218189 ] } },
{ "type": "Feature", "properties": { "id": 1472047673, "lat": 10.3231189, "lon": 123.9243405, "amenity_type": "secondary", "amenity": "Hernan Cortes Street", "lgu": "Cebu City" }, "geometry": { "type": "Point", "coordinates": [ 123.9243405, 10.3231189 ] } },
{ "type": "Feature", "properties": { "id": 1472049210, "lat": 10.3604275, "lon": 123.9154027, "amenity_type": "secondary", "amenity": "Governor M. Cuenco Avenue", "lgu": "Cebu City" }, "geometry": { "type": "Point", "coordinates": [ 123.9154027, 10.3604275 ] } },
{ "type": "Feature", "properties": { "id": 1472049211, "lat": 10.3628287, "lon": 123.9147315, "amenity_type": "secondary", "amenity": "Governor M. Cuenco Avenue", "lgu": "Cebu City" }, "geometry": { "type": "Point", "coordinates": [ 123.9147315, 10.3628287 ] } },
{ "type": "Feature", "properties": { "id": 1472052949, "lat": 10.3717798, "lon": 123.8825497, "amenity_type": "tertiary", "amenity": "Busay-Budlaan Road", "lgu": "Cebu City" }, "geometry": { "type": "Point", "coordinates": [ 123.8825497, 10.3717798 ] } },
{ "type": "Feature", "properties": { "id": 1472052950, "lat": 10.3692094, "lon": 123.8812025, "amenity_type": "tertiary", "amenity": "Busay-Budlaan Road", "lgu": "Cebu City" }, "geometry": { "type": "Point", "coordinates": [ 123.8812025, 10.3692094 ] } },
{ "type": "Feature", "properties": { "id": 1472056225, "lat": 10.3735237, "lon": 123.8814263, "amenity_type": "tertiary", "amenity": "Busay-Budlaan Road", "lgu": "Cebu City" }, "geometry": { "type": "Point", "coordinates": [ 123.8814263, 10.3735237 ] } },
{ "type": "Feature", "properties": { "id": 1472066136, "lat": 10.3488692, "lon": 123.9132686, "amenity_type": "secondary", "amenity": "Governor M. Cuenco Avenue", "lgu": "Cebu City" }, "geometry": { "type": "Point", "coordinates": [ 123.9132686, 10.3488692 ] } },
{ "type": "Feature", "properties": { "id": 1472066477, "lat": 10.3739057, "lon": 123.8816663, "amenity_type": "tertiary", "amenity": "Busay-Budlaan Road", "lgu": "Cebu City" }, "geometry": { "type": "Point", "coordinates": [ 123.8816663, 10.3739057 ] } },
{ "type": "Feature", "properties": { "id": 1472079128, "lat": 10.3685863, "lon": 123.8736588, "amenity_type": "tertiary", "amenity": "Roosevelt Drive", "lgu": "Cebu City" }, "geometry": { "type": "Point", "coordinates": [ 123.8736588, 10.3685863 ] } },
{ "type": "Feature", "properties": { "id": 1472079129, "lat": 10.3690135, "lon": 123.8735523, "amenity_type": "tertiary", "amenity": "Roosevelt Drive", "lgu": "Cebu City" }, "geometry": { "type": "Point", "coordinates": [ 123.8735523, 10.3690135 ] } },
{ "type": "Feature", "properties": { "id": 1472094829, "lat": 10.3277729, "lon": 123.9047517, "amenity_type": "primary", "amenity": "Salinas Drive", "lgu": "Cebu City" }, "geometry": { "type": "Point", "coordinates": [ 123.9047517, 10.3277729 ] } },
{ "type": "Feature", "properties": { "id": 1472094830, "lat": 10.327857, "lon": 123.9046052, "amenity_type": "primary", "amenity": "Salinas Drive", "lgu": "Cebu City" }, "geometry": { "type": "Point", "coordinates": [ 123.9046052, 10.327857 ] } },
{ "type": "Feature", "properties": { "id": 1472094831, "lat": 10.3278018, "lon": 123.904701, "amenity_type": "primary", "amenity": "Salinas Drive", "lgu": "Cebu City" }, "geometry": { "type": "Point", "coordinates": [ 123.904701, 10.3278018 ] } },
{ "type": "Feature", "properties": { "id": 1472094832, "lat": 10.3278294, "lon": 123.9046531, "amenity_type": "primary", "amenity": "Salinas Drive", "lgu": "Cebu City" }, "geometry": { "type": "Point", "coordinates": [ 123.9046531, 10.3278294 ] } },
{ "type": "Feature", "properties": { "id": 1472107574, "lat": 10.3180283, "lon": 123.9253557, "amenity_type": "secondary", "amenity": "M. Logarta Avenue", "lgu": "Cebu City" }, "geometry": { "type": "Point", "coordinates": [ 123.9253557, 10.3180283 ] } },
{ "type": "Feature", "properties": { "id": 1472107576, "lat": 10.3187027, "lon": 123.9256789, "amenity_type": "secondary", "amenity": "M. Logarta Avenue", "lgu": "Cebu City" }, "geometry": { "type": "Point", "coordinates": [ 123.9256789, 10.3187027 ] } },
{ "type": "Feature", "properties": { "id": 1472107577, "lat": 10.3187284, "lon": 123.9255884, "amenity_type": "secondary", "amenity": "M. Logarta Avenue", "lgu": "Cebu City" }, "geometry": { "type": "Point", "coordinates": [ 123.9255884, 10.3187284 ] } },
{ "type": "Feature", "properties": { "id": 1472107578, "lat": 10.3182646, "lon": 123.9255407, "amenity_type": "secondary", "amenity": "M. Logarta Avenue", "lgu": "Cebu City" }, "geometry": { "type": "Point", "coordinates": [ 123.9255407, 10.3182646 ] } },
{ "type": "Feature", "properties": { "id": 1472108050, "lat": 10.3274961, "lon": 123.9052324, "amenity_type": "primary", "amenity": "Salinas Drive", "lgu": "Cebu City" }, "geometry": { "type": "Point", "coordinates": [ 123.9052324, 10.3274961 ] } },
{ "type": "Feature", "properties": { "id": 1472108051, "lat": 10.3276311, "lon": 123.9049986, "amenity_type": "primary", "amenity": "Salinas Drive", "lgu": "Cebu City" }, "geometry": { "type": "Point", "coordinates": [ 123.9049986, 10.3276311 ] } },
{ "type": "Feature", "properties": { "id": 1472430247, "lat": 10.318098, "lon": 123.9081485, "amenity_type": "tertiary", "amenity": "Samar Loop", "lgu": "Cebu City" }, "geometry": { "type": "Point", "coordinates": [ 123.9081485, 10.318098 ] } },
{ "type": "Feature", "properties": { "id": 1472430248, "lat": 10.3181836, "lon": 123.9082206, "amenity_type": "tertiary", "amenity": "Samar Loop", "lgu": "Cebu City" }, "geometry": { "type": "Point", "coordinates": [ 123.9082206, 10.3181836 ] } },
{ "type": "Feature", "properties": { "id": 1472732914, "lat": 10.2864356, "lon": 123.8878731, "amenity_type": "trunk", "amenity": "Cebu South Coastal Road", "lgu": "Cebu City" }, "geometry": { "type": "Point", "coordinates": [ 123.8878731, 10.2864356 ] } },
{ "type": "Feature", "properties": { "id": 1472732915, "lat": 10.2874635, "lon": 123.8889157, "amenity_type": "trunk", "amenity": "Cebu South Coastal Road", "lgu": "Cebu City" }, "geometry": { "type": "Point", "coordinates": [ 123.8889157, 10.2874635 ] } },
{ "type": "Feature", "properties": { "id": 1472764357, "lat": 10.340068, "lon": 123.9111696, "amenity_type": "tertiary", "amenity": "Camp Lapu-Lapu Road", "lgu": "Cebu City" }, "geometry": { "type": "Point", "coordinates": [ 123.9111696, 10.340068 ] } },
{ "type": "Feature", "properties": { "id": 1472764358, "lat": 10.3400729, "lon": 123.9111065, "amenity_type": "tertiary", "amenity": "Camp Lapu-Lapu Road", "lgu": "Cebu City" }, "geometry": { "type": "Point", "coordinates": [ 123.9111065, 10.3400729 ] } },
{ "type": "Feature", "properties": { "id": 1473724155, "lat": 10.3435181, "lon": 123.9134646, "amenity_type": "secondary", "amenity": "A. S. Fortuna Street", "lgu": "Cebu City" }, "geometry": { "type": "Point", "coordinates": [ 123.9134646, 10.3435181 ] } },
{ "type": "Feature", "properties": { "id": 1473724156, "lat": 10.3436526, "lon": 123.9122661, "amenity_type": "secondary", "amenity": "Governor M. Cuenco Avenue", "lgu": "Cebu City" }, "geometry": { "type": "Point", "coordinates": [ 123.9122661, 10.3436526 ] } },
{ "type": "Feature", "properties": { "id": 1473914092, "lat": 10.3025262, "lon": 123.9112662, "amenity_type": "trunk", "amenity": "Sergio Osmeña Avenue", "lgu": "Cebu City" }, "geometry": { "type": "Point", "coordinates": [ 123.9112662, 10.3025262 ] } },
{ "type": "Feature", "properties": { "id": 1473914093, "lat": 10.3031181, "lon": 123.9119769, "amenity_type": "trunk", "amenity": "Sergio Osmeña Avenue", "lgu": "Cebu City" }, "geometry": { "type": "Point", "coordinates": [ 123.9119769, 10.3031181 ] } },
{ "type": "Feature", "properties": { "id": 1473914094, "lat": 10.3034425, "lon": 123.9125627, "amenity_type": "trunk", "amenity": "Sergio Osmeña Avenue", "lgu": "Cebu City" }, "geometry": { "type": "Point", "coordinates": [ 123.9125627, 10.3034425 ] } },
{ "type": "Feature", "properties": { "id": 1473914095, "lat": 10.3024651, "lon": 123.9113134, "amenity_type": "trunk", "amenity": "Sergio Osmeña Avenue", "lgu": "Cebu City" }, "geometry": { "type": "Point", "coordinates": [ 123.9113134, 10.3024651 ] } },
{ "type": "Feature", "properties": { "id": 1473924057, "lat": 10.3408068, "lon": 123.8891815, "amenity_type": "tertiary", "amenity": "Salinas Drive Extension", "lgu": "Cebu City" }, "geometry": { "type": "Point", "coordinates": [ 123.8891815, 10.3408068 ] } },
{ "type": "Feature", "properties": { "id": 1473924437, "lat": 10.3414892, "lon": 123.8891431, "amenity_type": "tertiary", "amenity": "Salinas Drive Extension", "lgu": "Cebu City" }, "geometry": { "type": "Point", "coordinates": [ 123.8891431, 10.3414892 ] } },
{ "type": "Feature", "properties": { "id": 1473926688, "lat": 10.3204451, "lon": 123.9105803, "amenity_type": "secondary", "amenity": "Cardinal Rosales Avenue", "lgu": "Cebu City" }, "geometry": { "type": "Point", "coordinates": [ 123.9105803, 10.3204451 ] } },
{ "type": "Feature", "properties": { "id": 1473926689, "lat": 10.3112562, "lon": 123.9170771, "amenity_type": "primary", "amenity": "Juan Luna Avenue", "lgu": "Cebu City" }, "geometry": { "type": "Point", "coordinates": [ 123.9170771, 10.3112562 ] } },
{ "type": "Feature", "properties": { "id": 1473926690, "lat": 10.3116765, "lon": 123.9168659, "amenity_type": "primary", "amenity": "Juan Luna Avenue", "lgu": "Cebu City" }, "geometry": { "type": "Point", "coordinates": [ 123.9168659, 10.3116765 ] } },
{ "type": "Feature", "properties": { "id": 1473937268, "lat": 10.2825197, "lon": 123.8826817, "amenity_type": "secondary", "amenity": "F. Vestil Street", "lgu": "Cebu City" }, "geometry": { "type": "Point", "coordinates": [ 123.8826817, 10.2825197 ] } },
{ "type": "Feature", "properties": { "id": 1473937269, "lat": 10.2821141, "lon": 123.8836329, "amenity_type": "trunk", "amenity": "Cebu South Coastal Road", "lgu": "Cebu City" }, "geometry": { "type": "Point", "coordinates": [ 123.8836329, 10.2821141 ] } },
{ "type": "Feature", "properties": { "id": 1473937270, "lat": 10.2845474, "lon": 123.8859514, "amenity_type": "trunk", "amenity": "Cebu South Coastal Road", "lgu": "Cebu City" }, "geometry": { "type": "Point", "coordinates": [ 123.8859514, 10.2845474 ] } },
{ "type": "Feature", "properties": { "id": 1473946010, "lat": 10.3302206, "lon": 123.897767, "amenity_type": "secondary", "amenity": "Gorordo Avenue", "lgu": "Cebu City" }, "geometry": { "type": "Point", "coordinates": [ 123.897767, 10.3302206 ] } },
{ "type": "Feature", "properties": { "id": 1473946011, "lat": 10.3305725, "lon": 123.8978733, "amenity_type": "secondary", "amenity": "Gorordo Avenue", "lgu": "Cebu City" }, "geometry": { "type": "Point", "coordinates": [ 123.8978733, 10.3305725 ] } },
{ "type": "Feature", "properties": { "id": 1473981444, "lat": 10.3307129, "lon": 123.8979226, "amenity_type": "secondary", "amenity": "Gorordo Avenue", "lgu": "Cebu City" }, "geometry": { "type": "Point", "coordinates": [ 123.8979226, 10.3307129 ] } },
{ "type": "Feature", "properties": { "id": 1474014886, "lat": 10.3273731, "lon": 123.9054457, "amenity_type": "primary", "amenity": "Salinas Drive", "lgu": "Cebu City" }, "geometry": { "type": "Point", "coordinates": [ 123.9054457, 10.3273731 ] } },
{ "type": "Feature", "properties": { "id": 1474023669, "lat": 10.3104384, "lon": 123.9177585, "amenity_type": "primary", "amenity": "Juan Luna Avenue", "lgu": "Cebu City" }, "geometry": { "type": "Point", "coordinates": [ 123.9177585, 10.3104384 ] } },
{ "type": "Feature", "properties": { "id": 1474023670, "lat": 10.3086675, "lon": 123.918989, "amenity_type": "trunk", "amenity": "Sergio Osmeña Avenue", "lgu": "Cebu City" }, "geometry": { "type": "Point", "coordinates": [ 123.918989, 10.3086675 ] } },
{ "type": "Feature", "properties": { "id": 1474023671, "lat": 10.3039426, "lon": 123.9129778, "amenity_type": "trunk", "amenity": "Sergio Osmeña Avenue", "lgu": "Cebu City" }, "geometry": { "type": "Point", "coordinates": [ 123.9129778, 10.3039426 ] } },
{ "type": "Feature", "properties": { "id": 1474023672, "lat": 10.3029299, "lon": 123.9119049, "amenity_type": "trunk", "amenity": "Sergio Osmeña Avenue", "lgu": "Cebu City" }, "geometry": { "type": "Point", "coordinates": [ 123.9119049, 10.3029299 ] } },
{ "type": "Feature", "properties": { "id": 1474023673, "lat": 10.2981661, "lon": 123.9092583, "amenity_type": "tertiary", "amenity": "V. Sotto Street", "lgu": "Cebu City" }, "geometry": { "type": "Point", "coordinates": [ 123.9092583, 10.2981661 ] } },
{ "type": "Feature", "properties": { "id": 1474023674, "lat": 10.2984271, "lon": 123.9085916, "amenity_type": "tertiary", "amenity": "V. Sotto Street", "lgu": "Cebu City" }, "geometry": { "type": "Point", "coordinates": [ 123.9085916, 10.2984271 ] } },
{ "type": "Feature", "properties": { "id": 1474023675, "lat": 10.2984476, "lon": 123.9085125, "amenity_type": "tertiary", "amenity": "V. Sotto Street", "lgu": "Cebu City" }, "geometry": { "type": "Point", "coordinates": [ 123.9085125, 10.2984476 ] } },
{ "type": "Feature", "properties": { "id": 1474023676, "lat": 10.2985177, "lon": 123.9084906, "amenity_type": "trunk", "amenity": "Sergio Osmeña Avenue", "lgu": "Cebu City" }, "geometry": { "type": "Point", "coordinates": [ 123.9084906, 10.2985177 ] } },
{ "type": "Feature", "properties": { "id": 1474023677, "lat": 10.2984881, "lon": 123.9080572, "amenity_type": "tertiary", "amenity": "V. Sotto Street", "lgu": "Cebu City" }, "geometry": { "type": "Point", "coordinates": [ 123.9080572, 10.2984881 ] } },
{ "type": "Feature", "properties": { "id": 1474023678, "lat": 10.2986962, "lon": 123.9084917, "amenity_type": "trunk", "amenity": "Sergio Osmeña Avenue", "lgu": "Cebu City" }, "geometry": { "type": "Point", "coordinates": [ 123.9084917, 10.2986962 ] } },
{ "type": "Feature", "properties": { "id": 1474023679, "lat": 10.2981506, "lon": 123.9082922, "amenity_type": "trunk", "amenity": "Sergio Osmeña Avenue", "lgu": "Cebu City" }, "geometry": { "type": "Point", "coordinates": [ 123.9082922, 10.2981506 ] } },
{ "type": "Feature", "properties": { "id": 1474023683, "lat": 10.2984795, "lon": 123.908278, "amenity_type": "tertiary", "amenity": "V. Sotto Street", "lgu": "Cebu City" }, "geometry": { "type": "Point", "coordinates": [ 123.908278, 10.2984795 ] } },
{ "type": "Feature", "properties": { "id": 1474023684, "lat": 10.2977323, "lon": 123.9080657, "amenity_type": "trunk", "amenity": "Sergio Osmeña Avenue", "lgu": "Cebu City" }, "geometry": { "type": "Point", "coordinates": [ 123.9080657, 10.2977323 ] } },
{ "type": "Feature", "properties": { "id": 1474173533, "lat": 10.3139582, "lon": 123.9015507, "amenity_type": "tertiary", "amenity": "F. Sotto Drive", "lgu": "Cebu City" }, "geometry": { "type": "Point", "coordinates": [ 123.9015507, 10.3139582 ] } },
{ "type": "Feature", "properties": { "id": 1474173534, "lat": 10.314616, "lon": 123.9016956, "amenity_type": "tertiary", "amenity": "F. Sotto Drive", "lgu": "Cebu City" }, "geometry": { "type": "Point", "coordinates": [ 123.9016956, 10.314616 ] } },
{ "type": "Feature", "properties": { "id": 1474201978, "lat": 10.3393139, "lon": 123.8899009, "amenity_type": "tertiary", "amenity": "Salinas Drive Extension", "lgu": "Cebu City" }, "geometry": { "type": "Point", "coordinates": [ 123.8899009, 10.3393139 ] } },
{ "type": "Feature", "properties": { "id": 1474201979, "lat": 10.3399412, "lon": 123.8895369, "amenity_type": "tertiary", "amenity": "Salinas Drive Extension", "lgu": "Cebu City" }, "geometry": { "type": "Point", "coordinates": [ 123.8895369, 10.3399412 ] } },
{ "type": "Feature", "properties": { "id": 1474219297, "lat": 10.3315924, "lon": 123.8984787, "amenity_type": "primary", "amenity": "Veterans Drive", "lgu": "Cebu City" }, "geometry": { "type": "Point", "coordinates": [ 123.8984787, 10.3315924 ] } },
{ "type": "Feature", "properties": { "id": 1474221378, "lat": 10.3284407, "lon": 123.8974237, "amenity_type": "secondary", "amenity": "Gorordo Avenue", "lgu": "Cebu City" }, "geometry": { "type": "Point", "coordinates": [ 123.8974237, 10.3284407 ] } },
{ "type": "Feature", "properties": { "id": 1474221379, "lat": 10.328799, "lon": 123.8973907, "amenity_type": "secondary", "amenity": "Gorordo Avenue", "lgu": "Cebu City" }, "geometry": { "type": "Point", "coordinates": [ 123.8973907, 10.328799 ] } },
{ "type": "Feature", "properties": { "id": 1474248151, "lat": 10.3087256, "lon": 123.8866162, "amenity_type": "secondary", "amenity": "Vicente Rama Avenue", "lgu": "Cebu City" }, "geometry": { "type": "Point", "coordinates": [ 123.8866162, 10.3087256 ] } },
{ "type": "Feature", "properties": { "id": 1474249820, "lat": 10.3459838, "lon": 123.9127345, "amenity_type": "secondary", "amenity": "Governor M. Cuenco Avenue", "lgu": "Cebu City" }, "geometry": { "type": "Point", "coordinates": [ 123.9127345, 10.3459838 ] } },
{ "type": "Feature", "properties": { "id": 1474249821, "lat": 10.3454259, "lon": 123.9126322, "amenity_type": "secondary", "amenity": "Governor M. Cuenco Avenue", "lgu": "Cebu City" }, "geometry": { "type": "Point", "coordinates": [ 123.9126322, 10.3454259 ] } },
{ "type": "Feature", "properties": { "id": 1474249822, "lat": 10.3461522, "lon": 123.9127615, "amenity_type": "secondary", "amenity": "Governor M. Cuenco Avenue", "lgu": "Cebu City" }, "geometry": { "type": "Point", "coordinates": [ 123.9127615, 10.3461522 ] } },
{ "type": "Feature", "properties": { "id": 1474263955, "lat": 10.3107006, "lon": 123.9214864, "amenity_type": "trunk", "amenity": "Sergio Osmeña Avenue", "lgu": "Cebu City" }, "geometry": { "type": "Point", "coordinates": [ 123.9214864, 10.3107006 ] } },
{ "type": "Feature", "properties": { "id": 1474365842, "lat": 10.294567, "lon": 123.9007913, "amenity_type": "tertiary", "amenity": "F. Gonzales Street", "lgu": "Cebu City" }, "geometry": { "type": "Point", "coordinates": [ 123.9007913, 10.294567 ] } },
{ "type": "Feature", "properties": { "id": 1474477708, "lat": 10.3056173, "lon": 123.8946434, "amenity_type": "tertiary", "amenity": "V. Urgello Street", "lgu": "Cebu City" }, "geometry": { "type": "Point", "coordinates": [ 123.8946434, 10.3056173 ] } },
{ "type": "Feature", "properties": { "id": 1474483122, "lat": 10.3068163, "lon": 123.8942809, "amenity_type": "secondary", "amenity": "Osmeña Boulevard", "lgu": "Cebu City" }, "geometry": { "type": "Point", "coordinates": [ 123.8942809, 10.3068163 ] } },
{ "type": "Feature", "properties": { "id": 1474495938, "lat": 10.305834, "lon": 123.8945046, "amenity_type": "secondary", "amenity": "Osmeña Boulevard", "lgu": "Cebu City" }, "geometry": { "type": "Point", "coordinates": [ 123.8945046, 10.305834 ] } },
{ "type": "Feature", "properties": { "id": 1474495939, "lat": 10.3065799, "lon": 123.8942298, "amenity_type": "secondary", "amenity": "Osmeña Boulevard", "lgu": "Cebu City" }, "geometry": { "type": "Point", "coordinates": [ 123.8942298, 10.3065799 ] } },
{ "type": "Feature", "properties": { "id": 1474497935, "lat": 10.3039829, "lon": 123.8951583, "amenity_type": "secondary", "amenity": "Osmeña Boulevard", "lgu": "Cebu City" }, "geometry": { "type": "Point", "coordinates": [ 123.8951583, 10.3039829 ] } },
{ "type": "Feature", "properties": { "id": 1474500475, "lat": 10.3020551, "lon": 123.8958431, "amenity_type": "secondary", "amenity": "Osmeña Boulevard", "lgu": "Cebu City" }, "geometry": { "type": "Point", "coordinates": [ 123.8958431, 10.3020551 ] } },
{ "type": "Feature", "properties": { "id": 1474520537, "lat": 10.3076932, "lon": 123.89399, "amenity_type": "secondary", "amenity": "Osmeña Boulevard", "lgu": "Cebu City" }, "geometry": { "type": "Point", "coordinates": [ 123.89399, 10.3076932 ] } },
{ "type": "Feature", "properties": { "id": 1474540418, "lat": 10.2916793, "lon": 123.9002201, "amenity_type": "tertiary", "amenity": "F. Gonzales Street", "lgu": "Cebu City" }, "geometry": { "type": "Point", "coordinates": [ 123.9002201, 10.2916793 ] } },
{ "type": "Feature", "properties": { "id": 1474540419, "lat": 10.2922822, "lon": 123.9007697, "amenity_type": "tertiary", "amenity": "M.C. Briones Street", "lgu": "Cebu City" }, "geometry": { "type": "Point", "coordinates": [ 123.9007697, 10.2922822 ] } },
{ "type": "Feature", "properties": { "id": 1474540420, "lat": 10.2954578, "lon": 123.9001256, "amenity_type": "secondary", "amenity": "Osmeña Boulevard", "lgu": "Cebu City" }, "geometry": { "type": "Point", "coordinates": [ 123.9001256, 10.2954578 ] } },
{ "type": "Feature", "properties": { "id": 1474540421, "lat": 10.2957926, "lon": 123.8993301, "amenity_type": "secondary", "amenity": "Osmeña Boulevard", "lgu": "Cebu City" }, "geometry": { "type": "Point", "coordinates": [ 123.8993301, 10.2957926 ] } },
{ "type": "Feature", "properties": { "id": 1474540422, "lat": 10.2968103, "lon": 123.8991536, "amenity_type": "secondary", "amenity": "Colon Street", "lgu": "Cebu City" }, "geometry": { "type": "Point", "coordinates": [ 123.8991536, 10.2968103 ] } },
{ "type": "Feature", "properties": { "id": 1474540423, "lat": 10.297047, "lon": 123.9021367, "amenity_type": "tertiary", "amenity": "Dionisio Jakosalem Street", "lgu": "Cebu City" }, "geometry": { "type": "Point", "coordinates": [ 123.9021367, 10.297047 ] } },
{ "type": "Feature", "properties": { "id": 1474540427, "lat": 10.2956389, "lon": 123.9017861, "amenity_type": "tertiary", "amenity": "Dionisio Jakosalem Street", "lgu": "Cebu City" }, "geometry": { "type": "Point", "coordinates": [ 123.9017861, 10.2956389 ] } },
{ "type": "Feature", "properties": { "id": 1474540428, "lat": 10.2950251, "lon": 123.9011282, "amenity_type": "secondary", "amenity": "Osmeña Boulevard", "lgu": "Cebu City" }, "geometry": { "type": "Point", "coordinates": [ 123.9011282, 10.2950251 ] } },
{ "type": "Feature", "properties": { "id": 1474540429, "lat": 10.2943135, "lon": 123.9014022, "amenity_type": "tertiary", "amenity": "Dionisio Jakosalem Street", "lgu": "Cebu City" }, "geometry": { "type": "Point", "coordinates": [ 123.9014022, 10.2943135 ] } },
{ "type": "Feature", "properties": { "id": 1474540430, "lat": 10.2939975, "lon": 123.9013217, "amenity_type": "tertiary", "amenity": "Dionisio Jakosalem Street", "lgu": "Cebu City" }, "geometry": { "type": "Point", "coordinates": [ 123.9013217, 10.2939975 ] } },
{ "type": "Feature", "properties": { "id": 1474540431, "lat": 10.2939752, "lon": 123.9008063, "amenity_type": "tertiary", "amenity": "Magallanes Street", "lgu": "Cebu City" }, "geometry": { "type": "Point", "coordinates": [ 123.9008063, 10.2939752 ] } },
{ "type": "Feature", "properties": { "id": 1474540432, "lat": 10.2925184, "lon": 123.9010727, "amenity_type": "tertiary", "amenity": "Dionisio Jakosalem Street", "lgu": "Cebu City" }, "geometry": { "type": "Point", "coordinates": [ 123.9010727, 10.2925184 ] } },
{ "type": "Feature", "properties": { "id": 1474540433, "lat": 10.2935253, "lon": 123.9026907, "amenity_type": "tertiary", "amenity": "P. Burgos Street", "lgu": "Cebu City" }, "geometry": { "type": "Point", "coordinates": [ 123.9026907, 10.2935253 ] } },
{ "type": "Feature", "properties": { "id": 1474540434, "lat": 10.2945418, "lon": 123.9031858, "amenity_type": "tertiary", "amenity": "P. Burgos Street", "lgu": "Cebu City" }, "geometry": { "type": "Point", "coordinates": [ 123.9031858, 10.2945418 ] } },
{ "type": "Feature", "properties": { "id": 1474550289, "lat": 10.2935744, "lon": 123.9044432, "amenity_type": "secondary", "amenity": "Osmeña Boulevard", "lgu": "Cebu City" }, "geometry": { "type": "Point", "coordinates": [ 123.9044432, 10.2935744 ] } },
{ "type": "Feature", "properties": { "id": 1474550290, "lat": 10.2953987, "lon": 123.8966868, "amenity_type": "tertiary", "amenity": "A. Borromeo Street", "lgu": "Cebu City" }, "geometry": { "type": "Point", "coordinates": [ 123.8966868, 10.2953987 ] } },
{ "type": "Feature", "properties": { "id": 1474550291, "lat": 10.3000225, "lon": 123.898045, "amenity_type": "tertiary", "amenity": "Pelaez Street", "lgu": "Cebu City" }, "geometry": { "type": "Point", "coordinates": [ 123.898045, 10.3000225 ] } },
{ "type": "Feature", "properties": { "id": 1474559064, "lat": 10.3062182, "lon": 123.8944947, "amenity_type": "secondary", "amenity": "Osmeña Boulevard", "lgu": "Cebu City" }, "geometry": { "type": "Point", "coordinates": [ 123.8944947, 10.3062182 ] } },
{ "type": "Feature", "properties": { "id": 1474559065, "lat": 10.3055144, "lon": 123.8947462, "amenity_type": "secondary", "amenity": "Osmeña Boulevard", "lgu": "Cebu City" }, "geometry": { "type": "Point", "coordinates": [ 123.8947462, 10.3055144 ] } },
{ "type": "Feature", "properties": { "id": 1474559066, "lat": 10.305444, "lon": 123.89464, "amenity_type": "secondary", "amenity": "Osmeña Boulevard", "lgu": "Cebu City" }, "geometry": { "type": "Point", "coordinates": [ 123.89464, 10.305444 ] } },
{ "type": "Feature", "properties": { "id": 1474559067, "lat": 10.3057852, "lon": 123.8946496, "amenity_type": "secondary", "amenity": "Osmeña Boulevard", "lgu": "Cebu City" }, "geometry": { "type": "Point", "coordinates": [ 123.8946496, 10.3057852 ] } },
{ "type": "Feature", "properties": { "id": 1474559068, "lat": 10.295938, "lon": 123.8989938, "amenity_type": "secondary", "amenity": "Osmeña Boulevard", "lgu": "Cebu City" }, "geometry": { "type": "Point", "coordinates": [ 123.8989938, 10.295938 ] } },
{ "type": "Feature", "properties": { "id": 1474559069, "lat": 10.2952461, "lon": 123.9006378, "amenity_type": "secondary", "amenity": "Osmeña Boulevard", "lgu": "Cebu City" }, "geometry": { "type": "Point", "coordinates": [ 123.9006378, 10.2952461 ] } },
{ "type": "Feature", "properties": { "id": 1474562559, "lat": 10.2948396, "lon": 123.8979479, "amenity_type": "tertiary", "amenity": "A. Borromeo Street", "lgu": "Cebu City" }, "geometry": { "type": "Point", "coordinates": [ 123.8979479, 10.2948396 ] } },
{ "type": "Feature", "properties": { "id": 1475672630, "lat": 10.3246295, "lon": 123.8850347, "amenity_type": "tertiary", "amenity": "Singson Road", "lgu": "Cebu City" }, "geometry": { "type": "Point", "coordinates": [ 123.8850347, 10.3246295 ] } },
{ "type": "Feature", "properties": { "id": 1475949942, "lat": 10.3180365, "lon": 123.8777462, "amenity_type": "tertiary", "amenity": "Unnamed road corridor", "lgu": "Cebu City" }, "geometry": { "type": "Point", "coordinates": [ 123.8777462, 10.3180365 ] } },
{ "type": "Feature", "properties": { "id": 1475976833, "lat": 10.3140701, "lon": 123.8824486, "amenity_type": "tertiary", "amenity": "J. Fortich Street", "lgu": "Cebu City" }, "geometry": { "type": "Point", "coordinates": [ 123.8824486, 10.3140701 ] } },
{ "type": "Feature", "properties": { "id": 1476188442, "lat": 10.2968563, "lon": 123.8887306, "amenity_type": "tertiary", "amenity": "Tres de Abril Street", "lgu": "Cebu City" }, "geometry": { "type": "Point", "coordinates": [ 123.8887306, 10.2968563 ] } },
{ "type": "Feature", "properties": { "id": 1476188443, "lat": 10.2964793, "lon": 123.8901282, "amenity_type": "tertiary", "amenity": "Tres de Abril Street", "lgu": "Cebu City" }, "geometry": { "type": "Point", "coordinates": [ 123.8901282, 10.2964793 ] } },
{ "type": "Feature", "properties": { "id": 1476188444, "lat": 10.2963374, "lon": 123.8903603, "amenity_type": "tertiary", "amenity": "Tres de Abril Street", "lgu": "Cebu City" }, "geometry": { "type": "Point", "coordinates": [ 123.8903603, 10.2963374 ] } },
{ "type": "Feature", "properties": { "id": 1476223061, "lat": 10.2977787, "lon": 123.9018738, "amenity_type": "secondary", "amenity": "Colon Street", "lgu": "Cebu City" }, "geometry": { "type": "Point", "coordinates": [ 123.9018738, 10.2977787 ] } },
{ "type": "Feature", "properties": { "id": 1476223062, "lat": 10.3003586, "lon": 123.9032159, "amenity_type": "secondary", "amenity": "Bonifacio Street", "lgu": "Cebu City" }, "geometry": { "type": "Point", "coordinates": [ 123.9032159, 10.3003586 ] } },
{ "type": "Feature", "properties": { "id": 1476223063, "lat": 10.2983336, "lon": 123.9062347, "amenity_type": "tertiary", "amenity": "V. Sotto Street", "lgu": "Cebu City" }, "geometry": { "type": "Point", "coordinates": [ 123.9062347, 10.2983336 ] } },
{ "type": "Feature", "properties": { "id": 1476246575, "lat": 10.2980959, "lon": 123.8916101, "amenity_type": "primary", "amenity": "Natalio Bacalso Avenue", "lgu": "Cebu City" }, "geometry": { "type": "Point", "coordinates": [ 123.8916101, 10.2980959 ] } },
{ "type": "Feature", "properties": { "id": 1476246581, "lat": 10.2985203, "lon": 123.887716, "amenity_type": "tertiary", "amenity": "J. Alcantara Street", "lgu": "Cebu City" }, "geometry": { "type": "Point", "coordinates": [ 123.887716, 10.2985203 ] } },
{ "type": "Feature", "properties": { "id": 1476254597, "lat": 10.2960868, "lon": 123.8844014, "amenity_type": "primary", "amenity": "Natalio Bacalso Avenue", "lgu": "Cebu City" }, "geometry": { "type": "Point", "coordinates": [ 123.8844014, 10.2960868 ] } },
{ "type": "Feature", "properties": { "id": 1476254598, "lat": 10.2957893, "lon": 123.8839122, "amenity_type": "primary", "amenity": "Natalio Bacalso Avenue", "lgu": "Cebu City" }, "geometry": { "type": "Point", "coordinates": [ 123.8839122, 10.2957893 ] } },
{ "type": "Feature", "properties": { "id": 1476254599, "lat": 10.2959017, "lon": 123.8838389, "amenity_type": "primary", "amenity": "Natalio Bacalso Avenue", "lgu": "Cebu City" }, "geometry": { "type": "Point", "coordinates": [ 123.8838389, 10.2959017 ] } },
{ "type": "Feature", "properties": { "id": 1476254600, "lat": 10.2954654, "lon": 123.883212, "amenity_type": "primary", "amenity": "Natalio Bacalso Avenue", "lgu": "Cebu City" }, "geometry": { "type": "Point", "coordinates": [ 123.883212, 10.2954654 ] } },
{ "type": "Feature", "properties": { "id": 1476254601, "lat": 10.2963586, "lon": 123.8849211, "amenity_type": "primary", "amenity": "Natalio Bacalso Avenue", "lgu": "Cebu City" }, "geometry": { "type": "Point", "coordinates": [ 123.8849211, 10.2963586 ] } },
{ "type": "Feature", "properties": { "id": 1476254602, "lat": 10.2965845, "lon": 123.885483, "amenity_type": "primary", "amenity": "Natalio Bacalso Avenue", "lgu": "Cebu City" }, "geometry": { "type": "Point", "coordinates": [ 123.885483, 10.2965845 ] } },
{ "type": "Feature", "properties": { "id": 1476254603, "lat": 10.2964628, "lon": 123.8848679, "amenity_type": "primary", "amenity": "Natalio Bacalso Avenue", "lgu": "Cebu City" }, "geometry": { "type": "Point", "coordinates": [ 123.8848679, 10.2964628 ] } },
{ "type": "Feature", "properties": { "id": 1476254604, "lat": 10.2970932, "lon": 123.8868217, "amenity_type": "primary", "amenity": "Natalio Bacalso Avenue", "lgu": "Cebu City" }, "geometry": { "type": "Point", "coordinates": [ 123.8868217, 10.2970932 ] } },
{ "type": "Feature", "properties": { "id": 1476254605, "lat": 10.2966977, "lon": 123.8854323, "amenity_type": "primary", "amenity": "Natalio Bacalso Avenue", "lgu": "Cebu City" }, "geometry": { "type": "Point", "coordinates": [ 123.8854323, 10.2966977 ] } },
{ "type": "Feature", "properties": { "id": 1476254606, "lat": 10.2972797, "lon": 123.8880588, "amenity_type": "primary", "amenity": "Natalio Bacalso Avenue", "lgu": "Cebu City" }, "geometry": { "type": "Point", "coordinates": [ 123.8880588, 10.2972797 ] } },
{ "type": "Feature", "properties": { "id": 1476278525, "lat": 10.2889361, "lon": 123.8741815, "amenity_type": "tertiary", "amenity": "L. Gabuya Street", "lgu": "Cebu City" }, "geometry": { "type": "Point", "coordinates": [ 123.8741815, 10.2889361 ] } },
{ "type": "Feature", "properties": { "id": 1476311863, "lat": 10.2865706, "lon": 123.8708647, "amenity_type": "tertiary", "amenity": "L. Gabuya Street", "lgu": "Cebu City" }, "geometry": { "type": "Point", "coordinates": [ 123.8708647, 10.2865706 ] } },
{ "type": "Feature", "properties": { "id": 1476529079, "lat": 10.325409, "lon": 123.8922752, "amenity_type": "tertiary", "amenity": "Friendship Street", "lgu": "Cebu City" }, "geometry": { "type": "Point", "coordinates": [ 123.8922752, 10.325409 ] } },
{ "type": "Feature", "properties": { "id": 1476530065, "lat": 10.3292679, "lon": 123.8915444, "amenity_type": "tertiary", "amenity": "Friendship Street", "lgu": "Cebu City" }, "geometry": { "type": "Point", "coordinates": [ 123.8915444, 10.3292679 ] } },
{ "type": "Feature", "properties": { "id": 1476533744, "lat": 10.3290439, "lon": 123.8951607, "amenity_type": "tertiary", "amenity": "Doña Modesta Gaisano Street", "lgu": "Cebu City" }, "geometry": { "type": "Point", "coordinates": [ 123.8951607, 10.3290439 ] } },
{ "type": "Feature", "properties": { "id": 1476549250, "lat": 10.2984064, "lon": 123.8930122, "amenity_type": "primary", "amenity": "Natalio Bacalso Avenue", "lgu": "Cebu City" }, "geometry": { "type": "Point", "coordinates": [ 123.8930122, 10.2984064 ] } },
{ "type": "Feature", "properties": { "id": 1476549251, "lat": 10.2984737, "lon": 123.8927127, "amenity_type": "primary", "amenity": "Natalio Bacalso Avenue", "lgu": "Cebu City" }, "geometry": { "type": "Point", "coordinates": [ 123.8927127, 10.2984737 ] } },
{ "type": "Feature", "properties": { "id": 1476549252, "lat": 10.302578, "lon": 123.8958064, "amenity_type": "secondary", "amenity": "Osmeña Boulevard", "lgu": "Cebu City" }, "geometry": { "type": "Point", "coordinates": [ 123.8958064, 10.302578 ] } },
{ "type": "Feature", "properties": { "id": 1476549253, "lat": 10.3025429, "lon": 123.895676, "amenity_type": "secondary", "amenity": "Osmeña Boulevard", "lgu": "Cebu City" }, "geometry": { "type": "Point", "coordinates": [ 123.895676, 10.3025429 ] } },
{ "type": "Feature", "properties": { "id": 1476560782, "lat": 10.3167671, "lon": 123.8919352, "amenity_type": "tertiary", "amenity": "Villalon Drive", "lgu": "Cebu City" }, "geometry": { "type": "Point", "coordinates": [ 123.8919352, 10.3167671 ] } },
{ "type": "Feature", "properties": { "id": 1476563217, "lat": 10.3234786, "lon": 123.8919387, "amenity_type": "tertiary", "amenity": "Acacia Street", "lgu": "Cebu City" }, "geometry": { "type": "Point", "coordinates": [ 123.8919387, 10.3234786 ] } },
{ "type": "Feature", "properties": { "id": 1476584634, "lat": 10.3299649, "lon": 123.8913788, "amenity_type": "tertiary", "amenity": "Justice Street", "lgu": "Cebu City" }, "geometry": { "type": "Point", "coordinates": [ 123.8913788, 10.3299649 ] } },
{ "type": "Feature", "properties": { "id": 1476588326, "lat": 10.3294334, "lon": 123.8867402, "amenity_type": "tertiary", "amenity": "Unnamed road corridor", "lgu": "Cebu City" }, "geometry": { "type": "Point", "coordinates": [ 123.8867402, 10.3294334 ] } },
{ "type": "Feature", "properties": { "id": 1476589593, "lat": 10.3298092, "lon": 123.8859967, "amenity_type": "tertiary", "amenity": "Unnamed road corridor", "lgu": "Cebu City" }, "geometry": { "type": "Point", "coordinates": [ 123.8859967, 10.3298092 ] } },
{ "type": "Feature", "properties": { "id": 1476610073, "lat": 10.3157992, "lon": 123.885591, "amenity_type": "secondary", "amenity": "M. Velez Street", "lgu": "Cebu City" }, "geometry": { "type": "Point", "coordinates": [ 123.885591, 10.3157992 ] } },
{ "type": "Feature", "properties": { "id": 1476610075, "lat": 10.2987464, "lon": 123.88496, "amenity_type": "tertiary", "amenity": "A. Lopez Street", "lgu": "Cebu City" }, "geometry": { "type": "Point", "coordinates": [ 123.88496, 10.2987464 ] } },
{ "type": "Feature", "properties": { "id": 1476610076, "lat": 10.3026386, "lon": 123.8865125, "amenity_type": "tertiary", "amenity": "Lucio Lopez Drive", "lgu": "Cebu City" }, "geometry": { "type": "Point", "coordinates": [ 123.8865125, 10.3026386 ] } },
{ "type": "Feature", "properties": { "id": 1476610077, "lat": 10.3028989, "lon": 123.8867324, "amenity_type": "secondary", "amenity": "Vicente Rama Avenue", "lgu": "Cebu City" }, "geometry": { "type": "Point", "coordinates": [ 123.8867324, 10.3028989 ] } },
{ "type": "Feature", "properties": { "id": 1476610078, "lat": 10.3016588, "lon": 123.8866949, "amenity_type": "secondary", "amenity": "Vicente Rama Avenue", "lgu": "Cebu City" }, "geometry": { "type": "Point", "coordinates": [ 123.8866949, 10.3016588 ] } },
{ "type": "Feature", "properties": { "id": 1476613529, "lat": 10.3342135, "lon": 123.8830438, "amenity_type": "tertiary", "amenity": "Maya", "lgu": "Cebu City" }, "geometry": { "type": "Point", "coordinates": [ 123.8830438, 10.3342135 ] } },
{ "type": "Feature", "properties": { "id": 1476619346, "lat": 10.3339595, "lon": 123.882088, "amenity_type": "tertiary", "amenity": "Unnamed road corridor", "lgu": "Cebu City" }, "geometry": { "type": "Point", "coordinates": [ 123.882088, 10.3339595 ] } },
{ "type": "Feature", "properties": { "id": 1476624066, "lat": 10.3346778, "lon": 123.88124, "amenity_type": "tertiary", "amenity": "CPDRC", "lgu": "Cebu City" }, "geometry": { "type": "Point", "coordinates": [ 123.88124, 10.3346778 ] } },
{ "type": "Feature", "properties": { "id": 1476627546, "lat": 10.3390734, "lon": 123.8795051, "amenity_type": "tertiary", "amenity": "Unnamed road corridor", "lgu": "Cebu City" }, "geometry": { "type": "Point", "coordinates": [ 123.8795051, 10.3390734 ] } },
{ "type": "Feature", "properties": { "id": 1476627888, "lat": 10.3386522, "lon": 123.879588, "amenity_type": "tertiary", "amenity": "Unnamed road corridor", "lgu": "Cebu City" }, "geometry": { "type": "Point", "coordinates": [ 123.879588, 10.3386522 ] } },
{ "type": "Feature", "properties": { "id": 1476628660, "lat": 10.33764, "lon": 123.8791768, "amenity_type": "tertiary", "amenity": "Unnamed road corridor", "lgu": "Cebu City" }, "geometry": { "type": "Point", "coordinates": [ 123.8791768, 10.33764 ] } },
{ "type": "Feature", "properties": { "id": 1476632650, "lat": 10.3309008, "lon": 123.8794927, "amenity_type": "tertiary", "amenity": "Sapangdaku Road", "lgu": "Cebu City" }, "geometry": { "type": "Point", "coordinates": [ 123.8794927, 10.3309008 ] } },
{ "type": "Feature", "properties": { "id": 1476634694, "lat": 10.3173164, "lon": 123.8938958, "amenity_type": "secondary", "amenity": "N. Escario Street", "lgu": "Cebu City" }, "geometry": { "type": "Point", "coordinates": [ 123.8938958, 10.3173164 ] } },
{ "type": "Feature", "properties": { "id": 1476646425, "lat": 10.2924035, "lon": 123.8656173, "amenity_type": "tertiary", "amenity": "Macopa Street", "lgu": "Cebu City" }, "geometry": { "type": "Point", "coordinates": [ 123.8656173, 10.2924035 ] } },
{ "type": "Feature", "properties": { "id": 1476646426, "lat": 10.29277, "lon": 123.8655712, "amenity_type": "tertiary", "amenity": "E. Sabellano Street", "lgu": "Cebu City" }, "geometry": { "type": "Point", "coordinates": [ 123.8655712, 10.29277 ] } },
{ "type": "Feature", "properties": { "id": 1476649049, "lat": 10.3216499, "lon": 123.8859355, "amenity_type": "tertiary", "amenity": "Andres Abellana Street", "lgu": "Cebu City" }, "geometry": { "type": "Point", "coordinates": [ 123.8859355, 10.3216499 ] } },
{ "type": "Feature", "properties": { "id": 1476649395, "lat": 10.3207552, "lon": 123.8861354, "amenity_type": "tertiary", "amenity": "Andres Abellana Street", "lgu": "Cebu City" }, "geometry": { "type": "Point", "coordinates": [ 123.8861354, 10.3207552 ] } },
{ "type": "Feature", "properties": { "id": 1476652763, "lat": 10.3283979, "lon": 123.8894002, "amenity_type": "tertiary", "amenity": "Villalon Drive", "lgu": "Cebu City" }, "geometry": { "type": "Point", "coordinates": [ 123.8894002, 10.3283979 ] } },
{ "type": "Feature", "properties": { "id": 1476652764, "lat": 10.3287838, "lon": 123.8899706, "amenity_type": "tertiary", "amenity": "Unnamed road corridor", "lgu": "Cebu City" }, "geometry": { "type": "Point", "coordinates": [ 123.8899706, 10.3287838 ] } },
{ "type": "Feature", "properties": { "id": 1476652765, "lat": 10.329314, "lon": 123.8975023, "amenity_type": "secondary", "amenity": "Gorordo Avenue", "lgu": "Cebu City" }, "geometry": { "type": "Point", "coordinates": [ 123.8975023, 10.329314 ] } },
{ "type": "Feature", "properties": { "id": 1476909564, "lat": 10.301605, "lon": 123.9065494, "amenity_type": "secondary", "amenity": "M.J. Cuenco Avenue", "lgu": "Cebu City" }, "geometry": { "type": "Point", "coordinates": [ 123.9065494, 10.301605 ] } },
{ "type": "Feature", "properties": { "id": 1476909565, "lat": 10.301177, "lon": 123.9065181, "amenity_type": "secondary", "amenity": "M.J. Cuenco Avenue", "lgu": "Cebu City" }, "geometry": { "type": "Point", "coordinates": [ 123.9065181, 10.301177 ] } },
{ "type": "Feature", "properties": { "id": 1476937320, "lat": 10.3098745, "lon": 123.8943617, "amenity_type": "tertiary", "amenity": "F. Ramos Street", "lgu": "Cebu City" }, "geometry": { "type": "Point", "coordinates": [ 123.8943617, 10.3098745 ] } },
{ "type": "Feature", "properties": { "id": 1476966777, "lat": 10.2820209, "lon": 123.8657269, "amenity_type": "tertiary", "amenity": "L. Gabuya Street", "lgu": "Cebu City" }, "geometry": { "type": "Point", "coordinates": [ 123.8657269, 10.2820209 ] } },
{ "type": "Feature", "properties": { "id": 1476973810, "lat": 10.3169927, "lon": 123.8932179, "amenity_type": "secondary", "amenity": "N. Escario Street", "lgu": "Cebu City" }, "geometry": { "type": "Point", "coordinates": [ 123.8932179, 10.3169927 ] } },
{ "type": "Feature", "properties": { "id": 1476981242, "lat": 10.2842149, "lon": 123.8779392, "amenity_type": "tertiary", "amenity": "Banog Road", "lgu": "Cebu City" }, "geometry": { "type": "Point", "coordinates": [ 123.8779392, 10.2842149 ] } },
{ "type": "Feature", "properties": { "id": 1476982509, "lat": 10.3201703, "lon": 123.90461, "amenity_type": "tertiary", "amenity": "Mindanao Avenue", "lgu": "Cebu City" }, "geometry": { "type": "Point", "coordinates": [ 123.90461, 10.3201703 ] } },
{ "type": "Feature", "properties": { "id": 1476982510, "lat": 10.3203129, "lon": 123.9042247, "amenity_type": "tertiary", "amenity": "Mindanao Avenue", "lgu": "Cebu City" }, "geometry": { "type": "Point", "coordinates": [ 123.9042247, 10.3203129 ] } },
{ "type": "Feature", "properties": { "id": 1476982511, "lat": 10.319987, "lon": 123.9058876, "amenity_type": "tertiary", "amenity": "Mindanao Avenue", "lgu": "Cebu City" }, "geometry": { "type": "Point", "coordinates": [ 123.9058876, 10.319987 ] } },
{ "type": "Feature", "properties": { "id": 1476982512, "lat": 10.3194001, "lon": 123.9066691, "amenity_type": "tertiary", "amenity": "Mindanao Avenue", "lgu": "Cebu City" }, "geometry": { "type": "Point", "coordinates": [ 123.9066691, 10.3194001 ] } },
{ "type": "Feature", "properties": { "id": 1476982513, "lat": 10.3199946, "lon": 123.9056665, "amenity_type": "tertiary", "amenity": "Mindanao Avenue", "lgu": "Cebu City" }, "geometry": { "type": "Point", "coordinates": [ 123.9056665, 10.3199946 ] } },
{ "type": "Feature", "properties": { "id": 1476982514, "lat": 10.3200649, "lon": 123.9051698, "amenity_type": "tertiary", "amenity": "Mindanao Avenue", "lgu": "Cebu City" }, "geometry": { "type": "Point", "coordinates": [ 123.9051698, 10.3200649 ] } },
{ "type": "Feature", "properties": { "id": 1476982515, "lat": 10.3188395, "lon": 123.907236, "amenity_type": "tertiary", "amenity": "Mindanao Avenue", "lgu": "Cebu City" }, "geometry": { "type": "Point", "coordinates": [ 123.907236, 10.3188395 ] } },
{ "type": "Feature", "properties": { "id": 1476982516, "lat": 10.3185689, "lon": 123.9075799, "amenity_type": "tertiary", "amenity": "Mindanao Avenue", "lgu": "Cebu City" }, "geometry": { "type": "Point", "coordinates": [ 123.9075799, 10.3185689 ] } },
{ "type": "Feature", "properties": { "id": 1476982517, "lat": 10.3188065, "lon": 123.9074573, "amenity_type": "tertiary", "amenity": "Mindanao Avenue", "lgu": "Cebu City" }, "geometry": { "type": "Point", "coordinates": [ 123.9074573, 10.3188065 ] } },
{ "type": "Feature", "properties": { "id": 1476982518, "lat": 10.3186053, "lon": 123.9077099, "amenity_type": "tertiary", "amenity": "Mindanao Avenue", "lgu": "Cebu City" }, "geometry": { "type": "Point", "coordinates": [ 123.9077099, 10.3186053 ] } },
{ "type": "Feature", "properties": { "id": 1476994891, "lat": 10.3161999, "lon": 123.9055193, "amenity_type": "tertiary", "amenity": "Luzon Avenue", "lgu": "Cebu City" }, "geometry": { "type": "Point", "coordinates": [ 123.9055193, 10.3161999 ] } },
{ "type": "Feature", "properties": { "id": 1476998986, "lat": 10.3053064, "lon": 123.8998812, "amenity_type": "tertiary", "amenity": "Dionisio Jakosalem Street", "lgu": "Cebu City" }, "geometry": { "type": "Point", "coordinates": [ 123.8998812, 10.3053064 ] } },
{ "type": "Feature", "properties": { "id": 1476998987, "lat": 10.30642, "lon": 123.899748, "amenity_type": "tertiary", "amenity": "Dionisio Jakosalem Street", "lgu": "Cebu City" }, "geometry": { "type": "Point", "coordinates": [ 123.899748, 10.30642 ] } },
{ "type": "Feature", "properties": { "id": 1477000434, "lat": 10.3159587, "lon": 123.9087453, "amenity_type": "tertiary", "amenity": "Samar Loop", "lgu": "Cebu City" }, "geometry": { "type": "Point", "coordinates": [ 123.9087453, 10.3159587 ] } },
{ "type": "Feature", "properties": { "id": 1477002037, "lat": 10.3158098, "lon": 123.9071189, "amenity_type": "tertiary", "amenity": "Samar Loop", "lgu": "Cebu City" }, "geometry": { "type": "Point", "coordinates": [ 123.9071189, 10.3158098 ] } },
{ "type": "Feature", "properties": { "id": 1477019689, "lat": 10.3105176, "lon": 123.9042687, "amenity_type": "secondary", "amenity": "General Maxilom Avenue", "lgu": "Cebu City" }, "geometry": { "type": "Point", "coordinates": [ 123.9042687, 10.3105176 ] } },
{ "type": "Feature", "properties": { "id": 1477019692, "lat": 10.3018996, "lon": 123.9019174, "amenity_type": "primary", "amenity": "P. del Rosario Street", "lgu": "Cebu City" }, "geometry": { "type": "Point", "coordinates": [ 123.9019174, 10.3018996 ] } },
{ "type": "Feature", "properties": { "id": 1477019693, "lat": 10.3016532, "lon": 123.9010804, "amenity_type": "primary", "amenity": "P. del Rosario Street", "lgu": "Cebu City" }, "geometry": { "type": "Point", "coordinates": [ 123.9010804, 10.3016532 ] } },
{ "type": "Feature", "properties": { "id": 1477019694, "lat": 10.3032785, "lon": 123.9029244, "amenity_type": "primary", "amenity": "Imus Avenue", "lgu": "Cebu City" }, "geometry": { "type": "Point", "coordinates": [ 123.9029244, 10.3032785 ] } },
{ "type": "Feature", "properties": { "id": 1477019695, "lat": 10.3062276, "lon": 123.9052597, "amenity_type": "primary", "amenity": "Imus Avenue", "lgu": "Cebu City" }, "geometry": { "type": "Point", "coordinates": [ 123.9052597, 10.3062276 ] } },
{ "type": "Feature", "properties": { "id": 1477019698, "lat": 10.3107368, "lon": 123.9037304, "amenity_type": "secondary", "amenity": "General Maxilom Avenue", "lgu": "Cebu City" }, "geometry": { "type": "Point", "coordinates": [ 123.9037304, 10.3107368 ] } },
{ "type": "Feature", "properties": { "id": 1477019699, "lat": 10.3113861, "lon": 123.9017275, "amenity_type": "secondary", "amenity": "General Maxilom Avenue", "lgu": "Cebu City" }, "geometry": { "type": "Point", "coordinates": [ 123.9017275, 10.3113861 ] } },
{ "type": "Feature", "properties": { "id": 1477019702, "lat": 10.3049561, "lon": 123.8980685, "amenity_type": "tertiary", "amenity": "F. Ramos Street", "lgu": "Cebu City" }, "geometry": { "type": "Point", "coordinates": [ 123.8980685, 10.3049561 ] } },
{ "type": "Feature", "properties": { "id": 1477802138, "lat": 10.3141076, "lon": 123.8923793, "amenity_type": "tertiary", "amenity": "Governor M. Roa Street", "lgu": "Cebu City" }, "geometry": { "type": "Point", "coordinates": [ 123.8923793, 10.3141076 ] } },
{ "type": "Feature", "properties": { "id": 1477816510, "lat": 10.3201226, "lon": 123.90433, "amenity_type": "tertiary", "amenity": "Mindanao Avenue", "lgu": "Cebu City" }, "geometry": { "type": "Point", "coordinates": [ 123.90433, 10.3201226 ] } },
{ "type": "Feature", "properties": { "id": 1479268660, "lat": 10.3032737, "lon": 123.8600077, "amenity_type": "tertiary", "amenity": "Buhisan Road", "lgu": "Cebu City" }, "geometry": { "type": "Point", "coordinates": [ 123.8600077, 10.3032737 ] } },
{ "type": "Feature", "properties": { "id": 1479268661, "lat": 10.302791, "lon": 123.8603538, "amenity_type": "tertiary", "amenity": "Buhisan Road", "lgu": "Cebu City" }, "geometry": { "type": "Point", "coordinates": [ 123.8603538, 10.302791 ] } },
{ "type": "Feature", "properties": { "id": 1479278864, "lat": 10.2991485, "lon": 123.8941723, "amenity_type": "tertiary", "amenity": "J. Alcantara Street", "lgu": "Cebu City" }, "geometry": { "type": "Point", "coordinates": [ 123.8941723, 10.2991485 ] } },
{ "type": "Feature", "properties": { "id": 1479278865, "lat": 10.3005973, "lon": 123.8987839, "amenity_type": "primary", "amenity": "P. del Rosario Street", "lgu": "Cebu City" }, "geometry": { "type": "Point", "coordinates": [ 123.8987839, 10.3005973 ] } },
{ "type": "Feature", "properties": { "id": 1479278867, "lat": 10.3018203, "lon": 123.9012953, "amenity_type": "primary", "amenity": "P. del Rosario Street", "lgu": "Cebu City" }, "geometry": { "type": "Point", "coordinates": [ 123.9012953, 10.3018203 ] } },
{ "type": "Feature", "properties": { "id": 1479313267, "lat": 10.3033608, "lon": 123.9001358, "amenity_type": "tertiary", "amenity": "Dionisio Jakosalem Street", "lgu": "Cebu City" }, "geometry": { "type": "Point", "coordinates": [ 123.9001358, 10.3033608 ] } },
{ "type": "Feature", "properties": { "id": 1479313268, "lat": 10.3032019, "lon": 123.9001835, "amenity_type": "tertiary", "amenity": "Dionisio Jakosalem Street", "lgu": "Cebu City" }, "geometry": { "type": "Point", "coordinates": [ 123.9001835, 10.3032019 ] } },
{ "type": "Feature", "properties": { "id": 1479329664, "lat": 10.3200469, "lon": 123.90463, "amenity_type": "tertiary", "amenity": "Mindanao Avenue", "lgu": "Cebu City" }, "geometry": { "type": "Point", "coordinates": [ 123.90463, 10.3200469 ] } },
{ "type": "Feature", "properties": { "id": 1479340275, "lat": 10.2865333, "lon": 123.8616105, "amenity_type": "primary", "amenity": "Natalio Bacalso Avenue", "lgu": "Cebu City" }, "geometry": { "type": "Point", "coordinates": [ 123.8616105, 10.2865333 ] } },
{ "type": "Feature", "properties": { "id": 1479340276, "lat": 10.2869585, "lon": 123.8622089, "amenity_type": "primary", "amenity": "Natalio Bacalso Avenue", "lgu": "Cebu City" }, "geometry": { "type": "Point", "coordinates": [ 123.8622089, 10.2869585 ] } },
{ "type": "Feature", "properties": { "id": 1479340277, "lat": 10.2866044, "lon": 123.8615499, "amenity_type": "primary", "amenity": "Natalio Bacalso Avenue", "lgu": "Cebu City" }, "geometry": { "type": "Point", "coordinates": [ 123.8615499, 10.2866044 ] } },
{ "type": "Feature", "properties": { "id": 1479340278, "lat": 10.2873233, "lon": 123.8627728, "amenity_type": "primary", "amenity": "Natalio Bacalso Avenue", "lgu": "Cebu City" }, "geometry": { "type": "Point", "coordinates": [ 123.8627728, 10.2873233 ] } },
{ "type": "Feature", "properties": { "id": 1479340279, "lat": 10.2880962, "lon": 123.8647546, "amenity_type": "primary", "amenity": "Natalio Bacalso Avenue", "lgu": "Cebu City" }, "geometry": { "type": "Point", "coordinates": [ 123.8647546, 10.2880962 ] } },
{ "type": "Feature", "properties": { "id": 1479340280, "lat": 10.28741, "lon": 123.8627458, "amenity_type": "primary", "amenity": "Natalio Bacalso Avenue", "lgu": "Cebu City" }, "geometry": { "type": "Point", "coordinates": [ 123.8627458, 10.28741 ] } },
{ "type": "Feature", "properties": { "id": 1479340281, "lat": 10.2870349, "lon": 123.8621603, "amenity_type": "primary", "amenity": "Natalio Bacalso Avenue", "lgu": "Cebu City" }, "geometry": { "type": "Point", "coordinates": [ 123.8621603, 10.2870349 ] } },
{ "type": "Feature", "properties": { "id": 1480354254, "lat": 10.371555, "lon": 123.9238807, "amenity_type": "secondary", "amenity": "Governor M. Cuenco Avenue", "lgu": "Cebu City" }, "geometry": { "type": "Point", "coordinates": [ 123.9238807, 10.371555 ] } },
{ "type": "Feature", "properties": { "id": 1480376165, "lat": 10.3144868, "lon": 123.8905256, "amenity_type": "tertiary", "amenity": "Don Jose Avila Street", "lgu": "Cebu City" }, "geometry": { "type": "Point", "coordinates": [ 123.8905256, 10.3144868 ] } },
{ "type": "Feature", "properties": { "id": 1480376166, "lat": 10.315883, "lon": 123.890012, "amenity_type": "tertiary", "amenity": "N. Escario Street", "lgu": "Cebu City" }, "geometry": { "type": "Point", "coordinates": [ 123.890012, 10.315883 ] } },
{ "type": "Feature", "properties": { "id": 1480835852, "lat": 10.2903184, "lon": 123.8993986, "amenity_type": "trunk", "amenity": "Cebu South Coastal Road", "lgu": "Cebu City" }, "geometry": { "type": "Point", "coordinates": [ 123.8993986, 10.2903184 ] } },
{ "type": "Feature", "properties": { "id": 1480835853, "lat": 10.2902416, "lon": 123.8994545, "amenity_type": "trunk", "amenity": "Cebu South Coastal Road", "lgu": "Cebu City" }, "geometry": { "type": "Point", "coordinates": [ 123.8994545, 10.2902416 ] } },
{ "type": "Feature", "properties": { "id": 25937229, "lat": 10.3312742, "lon": 123.9363675, "amenity_type": "tertiary", "amenity": "A. S. Fortuna Street", "lgu": "Mandaue City" }, "geometry": { "type": "Point", "coordinates": [ 123.9363675, 10.3312742 ] } },
{ "type": "Feature", "properties": { "id": 28960128, "lat": 10.3331455, "lon": 123.9370766, "amenity_type": "primary", "amenity": "M.C. Briones Street", "lgu": "Mandaue City" }, "geometry": { "type": "Point", "coordinates": [ 123.9370766, 10.3331455 ] } },
{ "type": "Feature", "properties": { "id": 28960129, "lat": 10.3273533, "lon": 123.9658665, "amenity_type": "primary", "amenity": "Marcelo Fernan Bridge", "lgu": "Mandaue City" }, "geometry": { "type": "Point", "coordinates": [ 123.9658665, 10.3273533 ] } },
{ "type": "Feature", "properties": { "id": 29337032, "lat": 10.341736, "lon": 123.947291, "amenity_type": "primary", "amenity": "Cebu North Road", "lgu": "Mandaue City" }, "geometry": { "type": "Point", "coordinates": [ 123.947291, 10.341736 ] } },
{ "type": "Feature", "properties": { "id": 29451535, "lat": 10.3669073, "lon": 123.9357452, "amenity_type": "secondary", "amenity": "H. Abellana Street", "lgu": "Mandaue City" }, "geometry": { "type": "Point", "coordinates": [ 123.9357452, 10.3669073 ] } },
{ "type": "Feature", "properties": { "id": 34168717, "lat": 10.3352693, "lon": 123.9601174, "amenity_type": "primary", "amenity": "United Nations Avenue", "lgu": "Mandaue City" }, "geometry": { "type": "Point", "coordinates": [ 123.9601174, 10.3352693 ] } },
{ "type": "Feature", "properties": { "id": 34168723, "lat": 10.3276037, "lon": 123.9657748, "amenity_type": "primary", "amenity": "Marcelo Fernan Bridge", "lgu": "Mandaue City" }, "geometry": { "type": "Point", "coordinates": [ 123.9657748, 10.3276037 ] } },
{ "type": "Feature", "properties": { "id": 34168815, "lat": 10.3374161, "lon": 123.9483328, "amenity_type": "tertiary", "amenity": "P. Burgos Street", "lgu": "Mandaue City" }, "geometry": { "type": "Point", "coordinates": [ 123.9483328, 10.3374161 ] } },
{ "type": "Feature", "properties": { "id": 34230205, "lat": 10.3344679, "lon": 123.9388439, "amenity_type": "primary", "amenity": "Maguikay Flyover", "lgu": "Mandaue City" }, "geometry": { "type": "Point", "coordinates": [ 123.9388439, 10.3344679 ] } },
{ "type": "Feature", "properties": { "id": 34230793, "lat": 10.3358082, "lon": 123.9406686, "amenity_type": "primary", "amenity": "M.C. Briones Street", "lgu": "Mandaue City" }, "geometry": { "type": "Point", "coordinates": [ 123.9406686, 10.3358082 ] } },
{ "type": "Feature", "properties": { "id": 34230794, "lat": 10.3344331, "lon": 123.9389037, "amenity_type": "primary", "amenity": "M.C. Briones Street", "lgu": "Mandaue City" }, "geometry": { "type": "Point", "coordinates": [ 123.9389037, 10.3344331 ] } },
{ "type": "Feature", "properties": { "id": 34230795, "lat": 10.3343525, "lon": 123.9386236, "amenity_type": "primary", "amenity": "M.C. Briones Street", "lgu": "Mandaue City" }, "geometry": { "type": "Point", "coordinates": [ 123.9386236, 10.3343525 ] } },
{ "type": "Feature", "properties": { "id": 34237299, "lat": 10.3360554, "lon": 123.9410761, "amenity_type": "primary", "amenity": "M.C. Briones Street", "lgu": "Mandaue City" }, "geometry": { "type": "Point", "coordinates": [ 123.9410761, 10.3360554 ] } },
{ "type": "Feature", "properties": { "id": 34237904, "lat": 10.3342971, "lon": 123.938654, "amenity_type": "primary", "amenity": "M.C. Briones Street", "lgu": "Mandaue City" }, "geometry": { "type": "Point", "coordinates": [ 123.938654, 10.3342971 ] } },
{ "type": "Feature", "properties": { "id": 34237905, "lat": 10.3334482, "lon": 123.9372724, "amenity_type": "primary", "amenity": "M.C. Briones Street", "lgu": "Mandaue City" }, "geometry": { "type": "Point", "coordinates": [ 123.9372724, 10.3334482 ] } },
{ "type": "Feature", "properties": { "id": 34319230, "lat": 10.341143, "lon": 123.9574549, "amenity_type": "trunk", "amenity": "D.M. Cortes Avenue", "lgu": "Mandaue City" }, "geometry": { "type": "Point", "coordinates": [ 123.9574549, 10.341143 ] } },
{ "type": "Feature", "properties": { "id": 34415873, "lat": 10.3360572, "lon": 123.9338186, "amenity_type": "tertiary", "amenity": "V. Albano Street", "lgu": "Mandaue City" }, "geometry": { "type": "Point", "coordinates": [ 123.9338186, 10.3360572 ] } },
{ "type": "Feature", "properties": { "id": 34415874, "lat": 10.3360609, "lon": 123.9366759, "amenity_type": "tertiary", "amenity": "L. Jayme Street", "lgu": "Mandaue City" }, "geometry": { "type": "Point", "coordinates": [ 123.9366759, 10.3360609 ] } },
{ "type": "Feature", "properties": { "id": 34415879, "lat": 10.3402637, "lon": 123.9338003, "amenity_type": "tertiary", "amenity": "Bakilid-Maguikay Road", "lgu": "Mandaue City" }, "geometry": { "type": "Point", "coordinates": [ 123.9338003, 10.3402637 ] } },
{ "type": "Feature", "properties": { "id": 34415882, "lat": 10.3355879, "lon": 123.9451252, "amenity_type": "tertiary", "amenity": "S.B. Cabahug Street", "lgu": "Mandaue City" }, "geometry": { "type": "Point", "coordinates": [ 123.9451252, 10.3355879 ] } },
{ "type": "Feature", "properties": { "id": 34415883, "lat": 10.3347736, "lon": 123.9455453, "amenity_type": "tertiary", "amenity": "Don G. LL. Ouano Street", "lgu": "Mandaue City" }, "geometry": { "type": "Point", "coordinates": [ 123.9455453, 10.3347736 ] } },
{ "type": "Feature", "properties": { "id": 34415884, "lat": 10.3320077, "lon": 123.9378868, "amenity_type": "tertiary", "amenity": "B. B. Cabahug Street", "lgu": "Mandaue City" }, "geometry": { "type": "Point", "coordinates": [ 123.9378868, 10.3320077 ] } },
{ "type": "Feature", "properties": { "id": 34487532, "lat": 10.3307426, "lon": 123.9364475, "amenity_type": "tertiary", "amenity": "B. B. Cabahug Street", "lgu": "Mandaue City" }, "geometry": { "type": "Point", "coordinates": [ 123.9364475, 10.3307426 ] } },
{ "type": "Feature", "properties": { "id": 34487534, "lat": 10.3301352, "lon": 123.9434306, "amenity_type": "tertiary", "amenity": "S.B. Cabahug Street", "lgu": "Mandaue City" }, "geometry": { "type": "Point", "coordinates": [ 123.9434306, 10.3301352 ] } },
{ "type": "Feature", "properties": { "id": 37334825, "lat": 10.342751, "lon": 123.9412967, "amenity_type": "tertiary", "amenity": "Juez M. O. Echavez Street", "lgu": "Mandaue City" }, "geometry": { "type": "Point", "coordinates": [ 123.9412967, 10.342751 ] } },
{ "type": "Feature", "properties": { "id": 37700509, "lat": 10.3431868, "lon": 123.9599488, "amenity_type": "trunk", "amenity": "D.M. Cortes Avenue", "lgu": "Mandaue City" }, "geometry": { "type": "Point", "coordinates": [ 123.9599488, 10.3431868 ] } },
{ "type": "Feature", "properties": { "id": 37700514, "lat": 10.3455839, "lon": 123.9612527, "amenity_type": "tertiary", "amenity": "S. E. Jayme Street", "lgu": "Mandaue City" }, "geometry": { "type": "Point", "coordinates": [ 123.9612527, 10.3455839 ] } },
{ "type": "Feature", "properties": { "id": 37700518, "lat": 10.3452068, "lon": 123.951941, "amenity_type": "tertiary", "amenity": "S. E. Jayme Street", "lgu": "Mandaue City" }, "geometry": { "type": "Point", "coordinates": [ 123.951941, 10.3452068 ] } },
{ "type": "Feature", "properties": { "id": 37825175, "lat": 10.3437486, "lon": 123.9342592, "amenity_type": "tertiary", "amenity": "M. Ceniza Street", "lgu": "Mandaue City" }, "geometry": { "type": "Point", "coordinates": [ 123.9342592, 10.3437486 ] } },
{ "type": "Feature", "properties": { "id": 37825179, "lat": 10.3467978, "lon": 123.9352731, "amenity_type": "tertiary", "amenity": "M. Ceniza Street", "lgu": "Mandaue City" }, "geometry": { "type": "Point", "coordinates": [ 123.9352731, 10.3467978 ] } },
{ "type": "Feature", "properties": { "id": 37936127, "lat": 10.3348311, "lon": 123.9405441, "amenity_type": "primary", "amenity": "A.C. Cortes Avenue", "lgu": "Mandaue City" }, "geometry": { "type": "Point", "coordinates": [ 123.9405441, 10.3348311 ] } },
{ "type": "Feature", "properties": { "id": 37936128, "lat": 10.3351473, "lon": 123.9397958, "amenity_type": "primary", "amenity": "A.C. Cortes Avenue", "lgu": "Mandaue City" }, "geometry": { "type": "Point", "coordinates": [ 123.9397958, 10.3351473 ] } },
{ "type": "Feature", "properties": { "id": 45652169, "lat": 10.3520913, "lon": 123.9534531, "amenity_type": "tertiary", "amenity": "Basak-Labogon Road", "lgu": "Mandaue City" }, "geometry": { "type": "Point", "coordinates": [ 123.9534531, 10.3520913 ] } },
{ "type": "Feature", "properties": { "id": 45661998, "lat": 10.3407431, "lon": 123.9571521, "amenity_type": "trunk", "amenity": "D.M. Cortes Avenue", "lgu": "Mandaue City" }, "geometry": { "type": "Point", "coordinates": [ 123.9571521, 10.3407431 ] } },
{ "type": "Feature", "properties": { "id": 45662000, "lat": 10.34023, "lon": 123.9566782, "amenity_type": "trunk", "amenity": "D.M. Cortes Avenue", "lgu": "Mandaue City" }, "geometry": { "type": "Point", "coordinates": [ 123.9566782, 10.34023 ] } },
{ "type": "Feature", "properties": { "id": 45662004, "lat": 10.3411553, "lon": 123.9575111, "amenity_type": "trunk", "amenity": "D.M. Cortes Avenue", "lgu": "Mandaue City" }, "geometry": { "type": "Point", "coordinates": [ 123.9575111, 10.3411553 ] } },
{ "type": "Feature", "properties": { "id": 47419246, "lat": 10.3694948, "lon": 123.9403947, "amenity_type": "tertiary", "amenity": "Victor Vega Street", "lgu": "Mandaue City" }, "geometry": { "type": "Point", "coordinates": [ 123.9403947, 10.3694948 ] } },
{ "type": "Feature", "properties": { "id": 48169171, "lat": 10.3309778, "lon": 123.9337703, "amenity_type": "primary", "amenity": "M.C. Briones Street", "lgu": "Mandaue City" }, "geometry": { "type": "Point", "coordinates": [ 123.9337703, 10.3309778 ] } },
{ "type": "Feature", "properties": { "id": 52253088, "lat": 10.3325346, "lon": 123.9496084, "amenity_type": "tertiary", "amenity": "Don G. LL. Ouano Street", "lgu": "Mandaue City" }, "geometry": { "type": "Point", "coordinates": [ 123.9496084, 10.3325346 ] } },
{ "type": "Feature", "properties": { "id": 52253089, "lat": 10.3407252, "lon": 123.9572476, "amenity_type": "trunk", "amenity": "D.M. Cortes Avenue", "lgu": "Mandaue City" }, "geometry": { "type": "Point", "coordinates": [ 123.9572476, 10.3407252 ] } },
{ "type": "Feature", "properties": { "id": 52253090, "lat": 10.3306469, "lon": 123.9479555, "amenity_type": "trunk", "amenity": "D.M. Cortes Avenue", "lgu": "Mandaue City" }, "geometry": { "type": "Point", "coordinates": [ 123.9479555, 10.3306469 ] } },
{ "type": "Feature", "properties": { "id": 68906518, "lat": 10.3465485, "lon": 123.9642878, "amenity_type": "trunk", "amenity": "D.M. Cortes Avenue", "lgu": "Mandaue City" }, "geometry": { "type": "Point", "coordinates": [ 123.9642878, 10.3465485 ] } },
{ "type": "Feature", "properties": { "id": 68906519, "lat": 10.3490976, "lon": 123.9678339, "amenity_type": "trunk", "amenity": "Cansaga Bay Bridge", "lgu": "Mandaue City" }, "geometry": { "type": "Point", "coordinates": [ 123.9678339, 10.3490976 ] } },
{ "type": "Feature", "properties": { "id": 70108540, "lat": 10.3455145, "lon": 123.9629642, "amenity_type": "trunk", "amenity": "D.M. Cortes Avenue", "lgu": "Mandaue City" }, "geometry": { "type": "Point", "coordinates": [ 123.9629642, 10.3455145 ] } },
{ "type": "Feature", "properties": { "id": 70108542, "lat": 10.3464884, "lon": 123.9643388, "amenity_type": "trunk", "amenity": "D.M. Cortes Avenue", "lgu": "Mandaue City" }, "geometry": { "type": "Point", "coordinates": [ 123.9643388, 10.3464884 ] } },
{ "type": "Feature", "properties": { "id": 70108544, "lat": 10.3490314, "lon": 123.9678825, "amenity_type": "trunk", "amenity": "Cansaga Bay Bridge", "lgu": "Mandaue City" }, "geometry": { "type": "Point", "coordinates": [ 123.9678825, 10.3490314 ] } },
{ "type": "Feature", "properties": { "id": 72372642, "lat": 10.3582334, "lon": 123.9498825, "amenity_type": "primary", "amenity": "M.C. Briones Street", "lgu": "Mandaue City" }, "geometry": { "type": "Point", "coordinates": [ 123.9498825, 10.3582334 ] } },
{ "type": "Feature", "properties": { "id": 72372643, "lat": 10.3412355, "lon": 123.947092, "amenity_type": "primary", "amenity": "M.C. Briones Street", "lgu": "Mandaue City" }, "geometry": { "type": "Point", "coordinates": [ 123.947092, 10.3412355 ] } },
{ "type": "Feature", "properties": { "id": 72372644, "lat": 10.3410071, "lon": 123.947047, "amenity_type": "primary", "amenity": "M.C. Briones Street", "lgu": "Mandaue City" }, "geometry": { "type": "Point", "coordinates": [ 123.947047, 10.3410071 ] } },
{ "type": "Feature", "properties": { "id": 72372651, "lat": 10.3426189, "lon": 123.9476385, "amenity_type": "primary", "amenity": "Cebu North Road", "lgu": "Mandaue City" }, "geometry": { "type": "Point", "coordinates": [ 123.9476385, 10.3426189 ] } },
{ "type": "Feature", "properties": { "id": 72372653, "lat": 10.3425368, "lon": 123.947513, "amenity_type": "primary", "amenity": "Cebu North Road", "lgu": "Mandaue City" }, "geometry": { "type": "Point", "coordinates": [ 123.947513, 10.3425368 ] } },
{ "type": "Feature", "properties": { "id": 72372654, "lat": 10.341975, "lon": 123.9475437, "amenity_type": "primary", "amenity": "Cebu North Road", "lgu": "Mandaue City" }, "geometry": { "type": "Point", "coordinates": [ 123.9475437, 10.341975 ] } },
{ "type": "Feature", "properties": { "id": 72372656, "lat": 10.3420333, "lon": 123.9473832, "amenity_type": "primary", "amenity": "Cebu North Road", "lgu": "Mandaue City" }, "geometry": { "type": "Point", "coordinates": [ 123.9473832, 10.3420333 ] } },
{ "type": "Feature", "properties": { "id": 74877300, "lat": 10.3415008, "lon": 123.9472064, "amenity_type": "primary", "amenity": "Cebu North Road", "lgu": "Mandaue City" }, "geometry": { "type": "Point", "coordinates": [ 123.9472064, 10.3415008 ] } },
{ "type": "Feature", "properties": { "id": 74877313, "lat": 10.3400013, "lon": 123.9514275, "amenity_type": "primary", "amenity": "United Nations Avenue", "lgu": "Mandaue City" }, "geometry": { "type": "Point", "coordinates": [ 123.9514275, 10.3400013 ] } },
{ "type": "Feature", "properties": { "id": 77711239, "lat": 10.3735077, "lon": 123.9676701, "amenity_type": "tertiary", "amenity": "Governor F. B. Harrison Avenue", "lgu": "Mandaue City" }, "geometry": { "type": "Point", "coordinates": [ 123.9676701, 10.3735077 ] } },
{ "type": "Feature", "properties": { "id": 79291934, "lat": 10.3579582, "lon": 123.9355323, "amenity_type": "tertiary", "amenity": "B. Suico Street", "lgu": "Mandaue City" }, "geometry": { "type": "Point", "coordinates": [ 123.9355323, 10.3579582 ] } },
{ "type": "Feature", "properties": { "id": 79291935, "lat": 10.348412, "lon": 123.935602, "amenity_type": "tertiary", "amenity": "M. Ceniza Street", "lgu": "Mandaue City" }, "geometry": { "type": "Point", "coordinates": [ 123.935602, 10.348412 ] } },
{ "type": "Feature", "properties": { "id": 81459170, "lat": 10.4013736, "lon": 123.9337569, "amenity_type": "tertiary", "amenity": "Unnamed road corridor", "lgu": "Mandaue City" }, "geometry": { "type": "Point", "coordinates": [ 123.9337569, 10.4013736 ] } },
{ "type": "Feature", "properties": { "id": 81459172, "lat": 10.3791735, "lon": 123.9358716, "amenity_type": "tertiary", "amenity": "Unnamed road corridor", "lgu": "Mandaue City" }, "geometry": { "type": "Point", "coordinates": [ 123.9358716, 10.3791735 ] } },
{ "type": "Feature", "properties": { "id": 93818920, "lat": 10.3495976, "lon": 123.9362176, "amenity_type": "tertiary", "amenity": "B. Suico Street", "lgu": "Mandaue City" }, "geometry": { "type": "Point", "coordinates": [ 123.9362176, 10.3495976 ] } },
{ "type": "Feature", "properties": { "id": 93818938, "lat": 10.347551, "lon": 123.9418744, "amenity_type": "tertiary", "amenity": "P. C. Suico Street", "lgu": "Mandaue City" }, "geometry": { "type": "Point", "coordinates": [ 123.9418744, 10.347551 ] } },
{ "type": "Feature", "properties": { "id": 93819227, "lat": 10.3588031, "lon": 123.9416551, "amenity_type": "tertiary", "amenity": "P. L. Sanchez Street", "lgu": "Mandaue City" }, "geometry": { "type": "Point", "coordinates": [ 123.9416551, 10.3588031 ] } },
{ "type": "Feature", "properties": { "id": 96027254, "lat": 10.3322844, "lon": 123.9556103, "amenity_type": "tertiary", "amenity": "R. A. Ouano Street", "lgu": "Mandaue City" }, "geometry": { "type": "Point", "coordinates": [ 123.9556103, 10.3322844 ] } },
{ "type": "Feature", "properties": { "id": 96027256, "lat": 10.3331105, "lon": 123.9568704, "amenity_type": "tertiary", "amenity": "R. A. Ouano Street", "lgu": "Mandaue City" }, "geometry": { "type": "Point", "coordinates": [ 123.9568704, 10.3331105 ] } },
{ "type": "Feature", "properties": { "id": 96675917, "lat": 10.3356872, "lon": 123.9436599, "amenity_type": "tertiary", "amenity": "Don G. LL. Ouano Street", "lgu": "Mandaue City" }, "geometry": { "type": "Point", "coordinates": [ 123.9436599, 10.3356872 ] } },
{ "type": "Feature", "properties": { "id": 96675918, "lat": 10.3358509, "lon": 123.9430282, "amenity_type": "tertiary", "amenity": "Don G. LL. Ouano Street", "lgu": "Mandaue City" }, "geometry": { "type": "Point", "coordinates": [ 123.9430282, 10.3358509 ] } },
{ "type": "Feature", "properties": { "id": 96780533, "lat": 10.3386079, "lon": 123.9673097, "amenity_type": "tertiary", "amenity": "Unnamed road corridor", "lgu": "Mandaue City" }, "geometry": { "type": "Point", "coordinates": [ 123.9673097, 10.3386079 ] } },
{ "type": "Feature", "properties": { "id": 96907795, "lat": 10.3504161, "lon": 123.956136, "amenity_type": "tertiary", "amenity": "Labogon-Paknaan Road", "lgu": "Mandaue City" }, "geometry": { "type": "Point", "coordinates": [ 123.956136, 10.3504161 ] } },
{ "type": "Feature", "properties": { "id": 96907823, "lat": 10.353431, "lon": 123.9532215, "amenity_type": "tertiary", "amenity": "Labogon Interior Road", "lgu": "Mandaue City" }, "geometry": { "type": "Point", "coordinates": [ 123.9532215, 10.353431 ] } },
{ "type": "Feature", "properties": { "id": 96907825, "lat": 10.3545003, "lon": 123.9562509, "amenity_type": "tertiary", "amenity": "Labogon Interior Road", "lgu": "Mandaue City" }, "geometry": { "type": "Point", "coordinates": [ 123.9562509, 10.3545003 ] } },
{ "type": "Feature", "properties": { "id": 97365802, "lat": 10.359893, "lon": 123.930954, "amenity_type": "tertiary", "amenity": "P. L. Sanchez Street", "lgu": "Mandaue City" }, "geometry": { "type": "Point", "coordinates": [ 123.930954, 10.359893 ] } },
{ "type": "Feature", "properties": { "id": 97365832, "lat": 10.359963, "lon": 123.9326869, "amenity_type": "tertiary", "amenity": "P. L. Sanchez Street", "lgu": "Mandaue City" }, "geometry": { "type": "Point", "coordinates": [ 123.9326869, 10.359963 ] } },
{ "type": "Feature", "properties": { "id": 97366787, "lat": 10.3704873, "lon": 123.9312116, "amenity_type": "tertiary", "amenity": "Unnamed road corridor", "lgu": "Mandaue City" }, "geometry": { "type": "Point", "coordinates": [ 123.9312116, 10.3704873 ] } },
{ "type": "Feature", "properties": { "id": 97367108, "lat": 10.3693276, "lon": 123.9385271, "amenity_type": "tertiary", "amenity": "Aurelio V. Alivio Senior Street", "lgu": "Mandaue City" }, "geometry": { "type": "Point", "coordinates": [ 123.9385271, 10.3693276 ] } },
{ "type": "Feature", "properties": { "id": 97367113, "lat": 10.3667442, "lon": 123.9418685, "amenity_type": "tertiary", "amenity": "Unnamed road corridor", "lgu": "Mandaue City" }, "geometry": { "type": "Point", "coordinates": [ 123.9418685, 10.3667442 ] } },
{ "type": "Feature", "properties": { "id": 97367212, "lat": 10.3693857, "lon": 123.9430652, "amenity_type": "tertiary", "amenity": "Pedro I. Ouano Street", "lgu": "Mandaue City" }, "geometry": { "type": "Point", "coordinates": [ 123.9430652, 10.3693857 ] } },
{ "type": "Feature", "properties": { "id": 97367219, "lat": 10.3713073, "lon": 123.9456761, "amenity_type": "tertiary", "amenity": "Unnamed road corridor", "lgu": "Mandaue City" }, "geometry": { "type": "Point", "coordinates": [ 123.9456761, 10.3713073 ] } },
{ "type": "Feature", "properties": { "id": 97367225, "lat": 10.3724477, "lon": 123.9484547, "amenity_type": "tertiary", "amenity": "Unnamed road corridor", "lgu": "Mandaue City" }, "geometry": { "type": "Point", "coordinates": [ 123.9484547, 10.3724477 ] } },
{ "type": "Feature", "properties": { "id": 97367242, "lat": 10.3719704, "lon": 123.9493748, "amenity_type": "tertiary", "amenity": "Magnolia Street", "lgu": "Mandaue City" }, "geometry": { "type": "Point", "coordinates": [ 123.9493748, 10.3719704 ] } },
{ "type": "Feature", "properties": { "id": 97519968, "lat": 10.368263, "lon": 123.954152, "amenity_type": "tertiary", "amenity": "Upper Jagobiao Road", "lgu": "Mandaue City" }, "geometry": { "type": "Point", "coordinates": [ 123.954152, 10.368263 ] } },
{ "type": "Feature", "properties": { "id": 97519969, "lat": 10.3659804, "lon": 123.9578962, "amenity_type": "tertiary", "amenity": "Acacia Hills Road", "lgu": "Mandaue City" }, "geometry": { "type": "Point", "coordinates": [ 123.9578962, 10.3659804 ] } },
{ "type": "Feature", "properties": { "id": 97519971, "lat": 10.3672021, "lon": 123.9598978, "amenity_type": "tertiary", "amenity": "Tomas P. Go Road", "lgu": "Mandaue City" }, "geometry": { "type": "Point", "coordinates": [ 123.9598978, 10.3672021 ] } },
{ "type": "Feature", "properties": { "id": 97519989, "lat": 10.3714802, "lon": 123.9590219, "amenity_type": "tertiary", "amenity": "Nangka Purok 1 - V & G Access Road", "lgu": "Mandaue City" }, "geometry": { "type": "Point", "coordinates": [ 123.9590219, 10.3714802 ] } },
{ "type": "Feature", "properties": { "id": 97810467, "lat": 10.3387154, "lon": 123.95512, "amenity_type": "trunk", "amenity": "D.M. Cortes Avenue", "lgu": "Mandaue City" }, "geometry": { "type": "Point", "coordinates": [ 123.95512, 10.3387154 ] } },
{ "type": "Feature", "properties": { "id": 97810468, "lat": 10.3385994, "lon": 123.9549756, "amenity_type": "trunk", "amenity": "D.M. Cortes Avenue", "lgu": "Mandaue City" }, "geometry": { "type": "Point", "coordinates": [ 123.9549756, 10.3385994 ] } },
{ "type": "Feature", "properties": { "id": 97810795, "lat": 10.3386442, "lon": 123.955113, "amenity_type": "primary", "amenity": "United Nations Avenue", "lgu": "Mandaue City" }, "geometry": { "type": "Point", "coordinates": [ 123.955113, 10.3386442 ] } },
{ "type": "Feature", "properties": { "id": 97810796, "lat": 10.3385939, "lon": 123.9552225, "amenity_type": "primary", "amenity": "United Nations Avenue", "lgu": "Mandaue City" }, "geometry": { "type": "Point", "coordinates": [ 123.9552225, 10.3385939 ] } },
{ "type": "Feature", "properties": { "id": 97908344, "lat": 10.3301548, "lon": 123.9484413, "amenity_type": "primary", "amenity": "A.C. Cortes Avenue", "lgu": "Mandaue City" }, "geometry": { "type": "Point", "coordinates": [ 123.9484413, 10.3301548 ] } },
{ "type": "Feature", "properties": { "id": 97908347, "lat": 10.3308654, "lon": 123.9473142, "amenity_type": "primary", "amenity": "A.C. Cortes Avenue", "lgu": "Mandaue City" }, "geometry": { "type": "Point", "coordinates": [ 123.9473142, 10.3308654 ] } },
{ "type": "Feature", "properties": { "id": 97908348, "lat": 10.3300484, "lon": 123.94759, "amenity_type": "trunk", "amenity": "D.M. Cortes Avenue", "lgu": "Mandaue City" }, "geometry": { "type": "Point", "coordinates": [ 123.94759, 10.3300484 ] } },
{ "type": "Feature", "properties": { "id": 97908351, "lat": 10.3352812, "lon": 123.951589, "amenity_type": "trunk", "amenity": "D.M. Cortes Avenue", "lgu": "Mandaue City" }, "geometry": { "type": "Point", "coordinates": [ 123.951589, 10.3352812 ] } },
{ "type": "Feature", "properties": { "id": 97908560, "lat": 10.3387994, "lon": 123.9550743, "amenity_type": "primary", "amenity": "United Nations Avenue", "lgu": "Mandaue City" }, "geometry": { "type": "Point", "coordinates": [ 123.9550743, 10.3387994 ] } },
{ "type": "Feature", "properties": { "id": 97908561, "lat": 10.3403529, "lon": 123.9507414, "amenity_type": "primary", "amenity": "United Nations Avenue", "lgu": "Mandaue City" }, "geometry": { "type": "Point", "coordinates": [ 123.9507414, 10.3403529 ] } },
{ "type": "Feature", "properties": { "id": 97908564, "lat": 10.3395509, "lon": 123.9560276, "amenity_type": "trunk", "amenity": "D.M. Cortes Avenue", "lgu": "Mandaue City" }, "geometry": { "type": "Point", "coordinates": [ 123.9560276, 10.3395509 ] } },
{ "type": "Feature", "properties": { "id": 97925531, "lat": 10.3756283, "lon": 123.9602117, "amenity_type": "tertiary", "amenity": "V & G Drive", "lgu": "Mandaue City" }, "geometry": { "type": "Point", "coordinates": [ 123.9602117, 10.3756283 ] } },
{ "type": "Feature", "properties": { "id": 97925532, "lat": 10.3745045, "lon": 123.9603787, "amenity_type": "tertiary", "amenity": "V & G Drive", "lgu": "Mandaue City" }, "geometry": { "type": "Point", "coordinates": [ 123.9603787, 10.3745045 ] } },
{ "type": "Feature", "properties": { "id": 97925550, "lat": 10.3741487, "lon": 123.9614487, "amenity_type": "tertiary", "amenity": "V&G Access Road", "lgu": "Mandaue City" }, "geometry": { "type": "Point", "coordinates": [ 123.9614487, 10.3741487 ] } },
{ "type": "Feature", "properties": { "id": 97925563, "lat": 10.3733332, "lon": 123.9654675, "amenity_type": "tertiary", "amenity": "Purok 4 Road - V&G - Laray Access Road", "lgu": "Mandaue City" }, "geometry": { "type": "Point", "coordinates": [ 123.9654675, 10.3733332 ] } },
{ "type": "Feature", "properties": { "id": 98087178, "lat": 10.3829519, "lon": 123.9405048, "amenity_type": "tertiary", "amenity": "Unnamed road corridor", "lgu": "Mandaue City" }, "geometry": { "type": "Point", "coordinates": [ 123.9405048, 10.3829519 ] } },
{ "type": "Feature", "properties": { "id": 98087186, "lat": 10.3742865, "lon": 123.9550638, "amenity_type": "tertiary", "amenity": "Unnamed road corridor", "lgu": "Mandaue City" }, "geometry": { "type": "Point", "coordinates": [ 123.9550638, 10.3742865 ] } },
{ "type": "Feature", "properties": { "id": 98087199, "lat": 10.3833648, "lon": 123.9564678, "amenity_type": "tertiary", "amenity": "M. Pepito Street", "lgu": "Mandaue City" }, "geometry": { "type": "Point", "coordinates": [ 123.9564678, 10.3833648 ] } },
{ "type": "Feature", "properties": { "id": 98087268, "lat": 10.378971, "lon": 123.9540176, "amenity_type": "tertiary", "amenity": "Columbus Street", "lgu": "Mandaue City" }, "geometry": { "type": "Point", "coordinates": [ 123.9540176, 10.378971 ] } },
{ "type": "Feature", "properties": { "id": 98087270, "lat": 10.3802029, "lon": 123.9512911, "amenity_type": "tertiary", "amenity": "Columbus Street", "lgu": "Mandaue City" }, "geometry": { "type": "Point", "coordinates": [ 123.9512911, 10.3802029 ] } },
{ "type": "Feature", "properties": { "id": 98087277, "lat": 10.3762669, "lon": 123.9566931, "amenity_type": "tertiary", "amenity": "Hatamosa Street", "lgu": "Mandaue City" }, "geometry": { "type": "Point", "coordinates": [ 123.9566931, 10.3762669 ] } },
{ "type": "Feature", "properties": { "id": 98087325, "lat": 10.3730109, "lon": 123.9485307, "amenity_type": "tertiary", "amenity": "Unnamed road corridor", "lgu": "Mandaue City" }, "geometry": { "type": "Point", "coordinates": [ 123.9485307, 10.3730109 ] } },
{ "type": "Feature", "properties": { "id": 98087352, "lat": 10.3772593, "lon": 123.9620636, "amenity_type": "primary", "amenity": "Cebu North Road", "lgu": "Mandaue City" }, "geometry": { "type": "Point", "coordinates": [ 123.9620636, 10.3772593 ] } },
{ "type": "Feature", "properties": { "id": 98087353, "lat": 10.3771659, "lon": 123.9619225, "amenity_type": "primary", "amenity": "Cebu North Road", "lgu": "Mandaue City" }, "geometry": { "type": "Point", "coordinates": [ 123.9619225, 10.3771659 ] } },
{ "type": "Feature", "properties": { "id": 98087357, "lat": 10.3852961, "lon": 123.9625708, "amenity_type": "tertiary", "amenity": "Diversion Road", "lgu": "Mandaue City" }, "geometry": { "type": "Point", "coordinates": [ 123.9625708, 10.3852961 ] } },
{ "type": "Feature", "properties": { "id": 98087359, "lat": 10.3787458, "lon": 123.9640346, "amenity_type": "primary", "amenity": "Cebu North Road", "lgu": "Mandaue City" }, "geometry": { "type": "Point", "coordinates": [ 123.9640346, 10.3787458 ] } },
{ "type": "Feature", "properties": { "id": 98167069, "lat": 10.3822052, "lon": 123.935715, "amenity_type": "tertiary", "amenity": "Unnamed road corridor", "lgu": "Mandaue City" }, "geometry": { "type": "Point", "coordinates": [ 123.935715, 10.3822052 ] } },
{ "type": "Feature", "properties": { "id": 98167724, "lat": 10.3972995, "lon": 123.9516612, "amenity_type": "tertiary", "amenity": "Unnamed road corridor", "lgu": "Mandaue City" }, "geometry": { "type": "Point", "coordinates": [ 123.9516612, 10.3972995 ] } },
{ "type": "Feature", "properties": { "id": 99190181, "lat": 10.3957764, "lon": 123.958428, "amenity_type": "tertiary", "amenity": "Diversion Road", "lgu": "Mandaue City" }, "geometry": { "type": "Point", "coordinates": [ 123.958428, 10.3957764 ] } },
{ "type": "Feature", "properties": { "id": 99190182, "lat": 10.3988284, "lon": 123.9546826, "amenity_type": "tertiary", "amenity": "Unnamed road corridor", "lgu": "Mandaue City" }, "geometry": { "type": "Point", "coordinates": [ 123.9546826, 10.3988284 ] } },
{ "type": "Feature", "properties": { "id": 161841792, "lat": 10.3987188, "lon": 123.9523468, "amenity_type": "tertiary", "amenity": "Unnamed road corridor", "lgu": "Mandaue City" }, "geometry": { "type": "Point", "coordinates": [ 123.9523468, 10.3987188 ] } },
{ "type": "Feature", "properties": { "id": 209553124, "lat": 10.3743899, "lon": 123.9557423, "amenity_type": "primary", "amenity": "Cebu North Road", "lgu": "Mandaue City" }, "geometry": { "type": "Point", "coordinates": [ 123.9557423, 10.3743899 ] } },
{ "type": "Feature", "properties": { "id": 210155876, "lat": 10.3296996, "lon": 123.9449748, "amenity_type": "tertiary", "amenity": "P. Burgos Street", "lgu": "Mandaue City" }, "geometry": { "type": "Point", "coordinates": [ 123.9449748, 10.3296996 ] } },
{ "type": "Feature", "properties": { "id": 234947390, "lat": 10.3303948, "lon": 123.9367961, "amenity_type": "tertiary", "amenity": "A. del Rosario Street", "lgu": "Mandaue City" }, "geometry": { "type": "Point", "coordinates": [ 123.9367961, 10.3303948 ] } },
{ "type": "Feature", "properties": { "id": 234947403, "lat": 10.3297877, "lon": 123.9334174, "amenity_type": "tertiary", "amenity": "A. del Rosario Street", "lgu": "Mandaue City" }, "geometry": { "type": "Point", "coordinates": [ 123.9334174, 10.3297877 ] } },
{ "type": "Feature", "properties": { "id": 234947404, "lat": 10.3337492, "lon": 123.9425649, "amenity_type": "primary", "amenity": "A.C. Cortes Avenue", "lgu": "Mandaue City" }, "geometry": { "type": "Point", "coordinates": [ 123.9425649, 10.3337492 ] } },
{ "type": "Feature", "properties": { "id": 237983870, "lat": 10.3371736, "lon": 123.9379473, "amenity_type": "secondary", "amenity": "Manuel L. Quezon Avenue", "lgu": "Mandaue City" }, "geometry": { "type": "Point", "coordinates": [ 123.9379473, 10.3371736 ] } },
{ "type": "Feature", "properties": { "id": 237983873, "lat": 10.3387169, "lon": 123.9549629, "amenity_type": "primary", "amenity": "United Nations Avenue", "lgu": "Mandaue City" }, "geometry": { "type": "Point", "coordinates": [ 123.9549629, 10.3387169 ] } },
{ "type": "Feature", "properties": { "id": 237983875, "lat": 10.3405086, "lon": 123.9467507, "amenity_type": "primary", "amenity": "M.C. Briones Street", "lgu": "Mandaue City" }, "geometry": { "type": "Point", "coordinates": [ 123.9467507, 10.3405086 ] } },
{ "type": "Feature", "properties": { "id": 237983882, "lat": 10.3334306, "lon": 123.9346074, "amenity_type": "secondary", "amenity": "A. S. Fortuna Street", "lgu": "Mandaue City" }, "geometry": { "type": "Point", "coordinates": [ 123.9346074, 10.3334306 ] } },
{ "type": "Feature", "properties": { "id": 237986160, "lat": 10.3396124, "lon": 123.9460144, "amenity_type": "primary", "amenity": "M.C. Briones Street", "lgu": "Mandaue City" }, "geometry": { "type": "Point", "coordinates": [ 123.9460144, 10.3396124 ] } },
{ "type": "Feature", "properties": { "id": 237986164, "lat": 10.3356397, "lon": 123.9405596, "amenity_type": "primary", "amenity": "M.C. Briones Street", "lgu": "Mandaue City" }, "geometry": { "type": "Point", "coordinates": [ 123.9405596, 10.3356397 ] } },
{ "type": "Feature", "properties": { "id": 237986166, "lat": 10.3348706, "lon": 123.9335444, "amenity_type": "secondary", "amenity": "A. S. Fortuna Street", "lgu": "Mandaue City" }, "geometry": { "type": "Point", "coordinates": [ 123.9335444, 10.3348706 ] } },
{ "type": "Feature", "properties": { "id": 237986167, "lat": 10.3385561, "lon": 123.9357246, "amenity_type": "tertiary", "amenity": "V. Albano Street", "lgu": "Mandaue City" }, "geometry": { "type": "Point", "coordinates": [ 123.9357246, 10.3385561 ] } },
{ "type": "Feature", "properties": { "id": 237993510, "lat": 10.3308331, "lon": 123.9337972, "amenity_type": "primary", "amenity": "M.C. Briones Street", "lgu": "Mandaue City" }, "geometry": { "type": "Point", "coordinates": [ 123.9337972, 10.3308331 ] } },
{ "type": "Feature", "properties": { "id": 237993514, "lat": 10.3303066, "lon": 123.9375192, "amenity_type": "tertiary", "amenity": "A. del Rosario Street", "lgu": "Mandaue City" }, "geometry": { "type": "Point", "coordinates": [ 123.9375192, 10.3303066 ] } },
{ "type": "Feature", "properties": { "id": 238041963, "lat": 10.3378207, "lon": 123.9435807, "amenity_type": "primary", "amenity": "M.C. Briones Street", "lgu": "Mandaue City" }, "geometry": { "type": "Point", "coordinates": [ 123.9435807, 10.3378207 ] } },
{ "type": "Feature", "properties": { "id": 242680396, "lat": 10.3351574, "lon": 123.9396848, "amenity_type": "primary", "amenity": "M.C. Briones Street", "lgu": "Mandaue City" }, "geometry": { "type": "Point", "coordinates": [ 123.9396848, 10.3351574 ] } },
{ "type": "Feature", "properties": { "id": 249852452, "lat": 10.399548, "lon": 123.9540048, "amenity_type": "tertiary", "amenity": "Unnamed road corridor", "lgu": "Mandaue City" }, "geometry": { "type": "Point", "coordinates": [ 123.9540048, 10.399548 ] } },
{ "type": "Feature", "properties": { "id": 249852472, "lat": 10.3999556, "lon": 123.9534271, "amenity_type": "tertiary", "amenity": "Unnamed road corridor", "lgu": "Mandaue City" }, "geometry": { "type": "Point", "coordinates": [ 123.9534271, 10.3999556 ] } },
{ "type": "Feature", "properties": { "id": 255630594, "lat": 10.3340741, "lon": 123.9593656, "amenity_type": "tertiary", "amenity": "R. A. Ouano Street", "lgu": "Mandaue City" }, "geometry": { "type": "Point", "coordinates": [ 123.9593656, 10.3340741 ] } },
{ "type": "Feature", "properties": { "id": 355293214, "lat": 10.3855956, "lon": 123.9466925, "amenity_type": "tertiary", "amenity": "Columbus Street", "lgu": "Mandaue City" }, "geometry": { "type": "Point", "coordinates": [ 123.9466925, 10.3855956 ] } },
{ "type": "Feature", "properties": { "id": 362877281, "lat": 10.3334764, "lon": 123.9480497, "amenity_type": "tertiary", "amenity": "Don G. LL. Ouano Street", "lgu": "Mandaue City" }, "geometry": { "type": "Point", "coordinates": [ 123.9480497, 10.3334764 ] } },
{ "type": "Feature", "properties": { "id": 368713175, "lat": 10.3306793, "lon": 123.9370346, "amenity_type": "tertiary", "amenity": "A. S. Fortuna Street", "lgu": "Mandaue City" }, "geometry": { "type": "Point", "coordinates": [ 123.9370346, 10.3306793 ] } },
{ "type": "Feature", "properties": { "id": 408787459, "lat": 10.340929, "lon": 123.9471315, "amenity_type": "tertiary", "amenity": "S.B. Cabahug Street", "lgu": "Mandaue City" }, "geometry": { "type": "Point", "coordinates": [ 123.9471315, 10.340929 ] } },
{ "type": "Feature", "properties": { "id": 451686532, "lat": 10.3741258, "lon": 123.9606199, "amenity_type": "tertiary", "amenity": "V & G Drive", "lgu": "Mandaue City" }, "geometry": { "type": "Point", "coordinates": [ 123.9606199, 10.3741258 ] } },
{ "type": "Feature", "properties": { "id": 451689267, "lat": 10.3748783, "lon": 123.9625792, "amenity_type": "tertiary", "amenity": "V&G Subd. - Cansaga - Purok 4 Access Road", "lgu": "Mandaue City" }, "geometry": { "type": "Point", "coordinates": [ 123.9625792, 10.3748783 ] } },
{ "type": "Feature", "properties": { "id": 455153194, "lat": 10.3762485, "lon": 123.9588792, "amenity_type": "primary", "amenity": "Cebu North Road", "lgu": "Mandaue City" }, "geometry": { "type": "Point", "coordinates": [ 123.9588792, 10.3762485 ] } },
{ "type": "Feature", "properties": { "id": 455158554, "lat": 10.3732621, "lon": 123.9603109, "amenity_type": "tertiary", "amenity": "V&G Access Road", "lgu": "Mandaue City" }, "geometry": { "type": "Point", "coordinates": [ 123.9603109, 10.3732621 ] } },
{ "type": "Feature", "properties": { "id": 459893586, "lat": 10.3732959, "lon": 123.949727, "amenity_type": "tertiary", "amenity": "Unnamed road corridor", "lgu": "Mandaue City" }, "geometry": { "type": "Point", "coordinates": [ 123.949727, 10.3732959 ] } },
{ "type": "Feature", "properties": { "id": 476002432, "lat": 10.3427344, "lon": 123.9657628, "amenity_type": "tertiary", "amenity": "Unnamed road corridor", "lgu": "Mandaue City" }, "geometry": { "type": "Point", "coordinates": [ 123.9657628, 10.3427344 ] } },
{ "type": "Feature", "properties": { "id": 486279167, "lat": 10.3406551, "lon": 123.9497492, "amenity_type": "tertiary", "amenity": "P. Burgos Street", "lgu": "Mandaue City" }, "geometry": { "type": "Point", "coordinates": [ 123.9497492, 10.3406551 ] } },
{ "type": "Feature", "properties": { "id": 590032321, "lat": 10.3351764, "lon": 123.9395993, "amenity_type": "secondary", "amenity": "Manuel L. Quezon Avenue", "lgu": "Mandaue City" }, "geometry": { "type": "Point", "coordinates": [ 123.9395993, 10.3351764 ] } },
{ "type": "Feature", "properties": { "id": 590032323, "lat": 10.3352119, "lon": 123.9396435, "amenity_type": "secondary", "amenity": "Manuel L. Quezon Avenue", "lgu": "Mandaue City" }, "geometry": { "type": "Point", "coordinates": [ 123.9396435, 10.3352119 ] } },
{ "type": "Feature", "properties": { "id": 590032366, "lat": 10.3352003, "lon": 123.9443246, "amenity_type": "tertiary", "amenity": "Don G. LL. Ouano Street", "lgu": "Mandaue City" }, "geometry": { "type": "Point", "coordinates": [ 123.9443246, 10.3352003 ] } },
{ "type": "Feature", "properties": { "id": 612613943, "lat": 10.33142, "lon": 123.9541517, "amenity_type": "tertiary", "amenity": "R. A. Ouano Street", "lgu": "Mandaue City" }, "geometry": { "type": "Point", "coordinates": [ 123.9541517, 10.33142 ] } },
{ "type": "Feature", "properties": { "id": 614722872, "lat": 10.375931, "lon": 123.9432906, "amenity_type": "tertiary", "amenity": "Unnamed road corridor", "lgu": "Mandaue City" }, "geometry": { "type": "Point", "coordinates": [ 123.9432906, 10.375931 ] } },
{ "type": "Feature", "properties": { "id": 614722875, "lat": 10.3747805, "lon": 123.9467501, "amenity_type": "tertiary", "amenity": "Unnamed road corridor", "lgu": "Mandaue City" }, "geometry": { "type": "Point", "coordinates": [ 123.9467501, 10.3747805 ] } },
{ "type": "Feature", "properties": { "id": 614722878, "lat": 10.3739341, "lon": 123.9481707, "amenity_type": "tertiary", "amenity": "Unnamed road corridor", "lgu": "Mandaue City" }, "geometry": { "type": "Point", "coordinates": [ 123.9481707, 10.3739341 ] } },
{ "type": "Feature", "properties": { "id": 614722880, "lat": 10.3721818, "lon": 123.9488037, "amenity_type": "tertiary", "amenity": "Unnamed road corridor", "lgu": "Mandaue City" }, "geometry": { "type": "Point", "coordinates": [ 123.9488037, 10.3721818 ] } },
{ "type": "Feature", "properties": { "id": 614722882, "lat": 10.3704269, "lon": 123.9529797, "amenity_type": "tertiary", "amenity": "C. Congson Street", "lgu": "Mandaue City" }, "geometry": { "type": "Point", "coordinates": [ 123.9529797, 10.3704269 ] } },
{ "type": "Feature", "properties": { "id": 614742272, "lat": 10.3791244, "lon": 123.9386507, "amenity_type": "tertiary", "amenity": "Unnamed road corridor", "lgu": "Mandaue City" }, "geometry": { "type": "Point", "coordinates": [ 123.9386507, 10.3791244 ] } },
{ "type": "Feature", "properties": { "id": 614742273, "lat": 10.3788141, "lon": 123.938927, "amenity_type": "tertiary", "amenity": "Unnamed road corridor", "lgu": "Mandaue City" }, "geometry": { "type": "Point", "coordinates": [ 123.938927, 10.3788141 ] } },
{ "type": "Feature", "properties": { "id": 614742286, "lat": 10.3778837, "lon": 123.9400648, "amenity_type": "tertiary", "amenity": "Unnamed road corridor", "lgu": "Mandaue City" }, "geometry": { "type": "Point", "coordinates": [ 123.9400648, 10.3778837 ] } },
{ "type": "Feature", "properties": { "id": 614747219, "lat": 10.3732888, "lon": 123.9526269, "amenity_type": "tertiary", "amenity": "Pandayan Street", "lgu": "Mandaue City" }, "geometry": { "type": "Point", "coordinates": [ 123.9526269, 10.3732888 ] } },
{ "type": "Feature", "properties": { "id": 614747221, "lat": 10.373151, "lon": 123.9543264, "amenity_type": "tertiary", "amenity": "Pandayan Street", "lgu": "Mandaue City" }, "geometry": { "type": "Point", "coordinates": [ 123.9543264, 10.373151 ] } },
{ "type": "Feature", "properties": { "id": 614747222, "lat": 10.3738357, "lon": 123.9544676, "amenity_type": "tertiary", "amenity": "M. Pepito Street", "lgu": "Mandaue City" }, "geometry": { "type": "Point", "coordinates": [ 123.9544676, 10.3738357 ] } },
{ "type": "Feature", "properties": { "id": 620511927, "lat": 10.342124, "lon": 123.9370358, "amenity_type": "tertiary", "amenity": "V. Albaño Street", "lgu": "Mandaue City" }, "geometry": { "type": "Point", "coordinates": [ 123.9370358, 10.342124 ] } },
{ "type": "Feature", "properties": { "id": 620618081, "lat": 10.349037, "lon": 123.9355896, "amenity_type": "tertiary", "amenity": "M. Ceniza Street", "lgu": "Mandaue City" }, "geometry": { "type": "Point", "coordinates": [ 123.9355896, 10.349037 ] } },
{ "type": "Feature", "properties": { "id": 620639162, "lat": 10.3498735, "lon": 123.9489295, "amenity_type": "primary", "amenity": "M.C. Briones Street", "lgu": "Mandaue City" }, "geometry": { "type": "Point", "coordinates": [ 123.9489295, 10.3498735 ] } },
{ "type": "Feature", "properties": { "id": 620835663, "lat": 10.3604772, "lon": 123.9342141, "amenity_type": "tertiary", "amenity": "P. L. Sanchez Street", "lgu": "Mandaue City" }, "geometry": { "type": "Point", "coordinates": [ 123.9342141, 10.3604772 ] } },
{ "type": "Feature", "properties": { "id": 620835664, "lat": 10.3611698, "lon": 123.9354962, "amenity_type": "tertiary", "amenity": "P. L. Sanchez Street", "lgu": "Mandaue City" }, "geometry": { "type": "Point", "coordinates": [ 123.9354962, 10.3611698 ] } },
{ "type": "Feature", "properties": { "id": 621090520, "lat": 10.3923192, "lon": 123.9616593, "amenity_type": "tertiary", "amenity": "Diversion Road", "lgu": "Mandaue City" }, "geometry": { "type": "Point", "coordinates": [ 123.9616593, 10.3923192 ] } },
{ "type": "Feature", "properties": { "id": 621090522, "lat": 10.3918352, "lon": 123.9617028, "amenity_type": "tertiary", "amenity": "Diversion Road", "lgu": "Mandaue City" }, "geometry": { "type": "Point", "coordinates": [ 123.9617028, 10.3918352 ] } },
{ "type": "Feature", "properties": { "id": 621090545, "lat": 10.3787933, "lon": 123.9641008, "amenity_type": "primary", "amenity": "Cebu North Road", "lgu": "Mandaue City" }, "geometry": { "type": "Point", "coordinates": [ 123.9641008, 10.3787933 ] } },
{ "type": "Feature", "properties": { "id": 626778766, "lat": 10.3698859, "lon": 123.9366388, "amenity_type": "tertiary", "amenity": "J. Mayol", "lgu": "Mandaue City" }, "geometry": { "type": "Point", "coordinates": [ 123.9366388, 10.3698859 ] } },
{ "type": "Feature", "properties": { "id": 628228009, "lat": 10.3501173, "lon": 123.934781, "amenity_type": "tertiary", "amenity": "B. Suico Street", "lgu": "Mandaue City" }, "geometry": { "type": "Point", "coordinates": [ 123.934781, 10.3501173 ] } },
{ "type": "Feature", "properties": { "id": 628228010, "lat": 10.3539497, "lon": 123.9341809, "amenity_type": "tertiary", "amenity": "B. Suico Street", "lgu": "Mandaue City" }, "geometry": { "type": "Point", "coordinates": [ 123.9341809, 10.3539497 ] } },
{ "type": "Feature", "properties": { "id": 628228011, "lat": 10.352159, "lon": 123.9341539, "amenity_type": "tertiary", "amenity": "B. Suico Street", "lgu": "Mandaue City" }, "geometry": { "type": "Point", "coordinates": [ 123.9341539, 10.352159 ] } },
{ "type": "Feature", "properties": { "id": 668599805, "lat": 10.3771189, "lon": 123.9332402, "amenity_type": "tertiary", "amenity": "Unnamed road corridor", "lgu": "Mandaue City" }, "geometry": { "type": "Point", "coordinates": [ 123.9332402, 10.3771189 ] } },
{ "type": "Feature", "properties": { "id": 668806548, "lat": 10.3705127, "lon": 123.9532481, "amenity_type": "primary", "amenity": "Cebu North Road", "lgu": "Mandaue City" }, "geometry": { "type": "Point", "coordinates": [ 123.9532481, 10.3705127 ] } },
{ "type": "Feature", "properties": { "id": 669041813, "lat": 10.3716994, "lon": 123.9682587, "amenity_type": "tertiary", "amenity": "Unnamed road corridor", "lgu": "Mandaue City" }, "geometry": { "type": "Point", "coordinates": [ 123.9682587, 10.3716994 ] } },
{ "type": "Feature", "properties": { "id": 670138391, "lat": 10.339078, "lon": 123.9635771, "amenity_type": "tertiary", "amenity": "Unnamed road corridor", "lgu": "Mandaue City" }, "geometry": { "type": "Point", "coordinates": [ 123.9635771, 10.339078 ] } },
{ "type": "Feature", "properties": { "id": 670164400, "lat": 10.3327206, "lon": 123.9442257, "amenity_type": "tertiary", "amenity": "S.B. Cabahug Street", "lgu": "Mandaue City" }, "geometry": { "type": "Point", "coordinates": [ 123.9442257, 10.3327206 ] } },
{ "type": "Feature", "properties": { "id": 670640943, "lat": 10.3405087, "lon": 123.9350705, "amenity_type": "secondary", "amenity": "Manuel L. Quezon Avenue", "lgu": "Mandaue City" }, "geometry": { "type": "Point", "coordinates": [ 123.9350705, 10.3405087 ] } },
{ "type": "Feature", "properties": { "id": 672956969, "lat": 10.3414147, "lon": 123.9476593, "amenity_type": "primary", "amenity": "United Nations Avenue", "lgu": "Mandaue City" }, "geometry": { "type": "Point", "coordinates": [ 123.9476593, 10.3414147 ] } },
{ "type": "Feature", "properties": { "id": 672956971, "lat": 10.3319541, "lon": 123.9626192, "amenity_type": "primary", "amenity": "United Nations Avenue", "lgu": "Mandaue City" }, "geometry": { "type": "Point", "coordinates": [ 123.9626192, 10.3319541 ] } },
{ "type": "Feature", "properties": { "id": 672956979, "lat": 10.331915, "lon": 123.9625597, "amenity_type": "primary", "amenity": "United Nations Avenue", "lgu": "Mandaue City" }, "geometry": { "type": "Point", "coordinates": [ 123.9625597, 10.331915 ] } },
{ "type": "Feature", "properties": { "id": 725235885, "lat": 10.330462, "lon": 123.9478419, "amenity_type": "trunk", "amenity": "D.M. Cortes Avenue", "lgu": "Mandaue City" }, "geometry": { "type": "Point", "coordinates": [ 123.9478419, 10.330462 ] } },
{ "type": "Feature", "properties": { "id": 725235886, "lat": 10.3294629, "lon": 123.9492291, "amenity_type": "primary", "amenity": "A.C. Cortes Avenue", "lgu": "Mandaue City" }, "geometry": { "type": "Point", "coordinates": [ 123.9492291, 10.3294629 ] } },
{ "type": "Feature", "properties": { "id": 749744786, "lat": 10.3346905, "lon": 123.9390373, "amenity_type": "primary", "amenity": "M.C. Briones Street", "lgu": "Mandaue City" }, "geometry": { "type": "Point", "coordinates": [ 123.9390373, 10.3346905 ] } },
{ "type": "Feature", "properties": { "id": 749744787, "lat": 10.3336225, "lon": 123.9425022, "amenity_type": "primary", "amenity": "A.C. Cortes Avenue", "lgu": "Mandaue City" }, "geometry": { "type": "Point", "coordinates": [ 123.9425022, 10.3336225 ] } },
{ "type": "Feature", "properties": { "id": 855765583, "lat": 10.3374749, "lon": 123.9347257, "amenity_type": "tertiary", "amenity": "V. Albano Street", "lgu": "Mandaue City" }, "geometry": { "type": "Point", "coordinates": [ 123.9347257, 10.3374749 ] } },
{ "type": "Feature", "properties": { "id": 855768717, "lat": 10.3393382, "lon": 123.9462897, "amenity_type": "tertiary", "amenity": "S.B. Cabahug Street", "lgu": "Mandaue City" }, "geometry": { "type": "Point", "coordinates": [ 123.9462897, 10.3393382 ] } },
{ "type": "Feature", "properties": { "id": 855770825, "lat": 10.3391678, "lon": 123.9454825, "amenity_type": "primary", "amenity": "M.C. Briones Street", "lgu": "Mandaue City" }, "geometry": { "type": "Point", "coordinates": [ 123.9454825, 10.3391678 ] } },
{ "type": "Feature", "properties": { "id": 856183901, "lat": 10.3873262, "lon": 123.9418802, "amenity_type": "tertiary", "amenity": "Unnamed road corridor", "lgu": "Mandaue City" }, "geometry": { "type": "Point", "coordinates": [ 123.9418802, 10.3873262 ] } },
{ "type": "Feature", "properties": { "id": 856219279, "lat": 10.3806504, "lon": 123.9679345, "amenity_type": "primary", "amenity": "Cebu North Road", "lgu": "Mandaue City" }, "geometry": { "type": "Point", "coordinates": [ 123.9679345, 10.3806504 ] } },
{ "type": "Feature", "properties": { "id": 856219280, "lat": 10.3788437, "lon": 123.964177, "amenity_type": "primary", "amenity": "Cebu North Road", "lgu": "Mandaue City" }, "geometry": { "type": "Point", "coordinates": [ 123.964177, 10.3788437 ] } },
{ "type": "Feature", "properties": { "id": 858759481, "lat": 10.3672132, "lon": 123.951685, "amenity_type": "primary", "amenity": "M.C. Briones Street", "lgu": "Mandaue City" }, "geometry": { "type": "Point", "coordinates": [ 123.951685, 10.3672132 ] } },
{ "type": "Feature", "properties": { "id": 860501105, "lat": 10.3324106, "lon": 123.9441322, "amenity_type": "tertiary", "amenity": "S.B. Cabahug Street", "lgu": "Mandaue City" }, "geometry": { "type": "Point", "coordinates": [ 123.9441322, 10.3324106 ] } },
{ "type": "Feature", "properties": { "id": 860501106, "lat": 10.3386025, "lon": 123.9460676, "amenity_type": "tertiary", "amenity": "S.B. Cabahug Street", "lgu": "Mandaue City" }, "geometry": { "type": "Point", "coordinates": [ 123.9460676, 10.3386025 ] } },
{ "type": "Feature", "properties": { "id": 891261294, "lat": 10.335081, "lon": 123.9397083, "amenity_type": "primary", "amenity": "A.C. Cortes Avenue", "lgu": "Mandaue City" }, "geometry": { "type": "Point", "coordinates": [ 123.9397083, 10.335081 ] } },
{ "type": "Feature", "properties": { "id": 894061264, "lat": 10.3318978, "lon": 123.9486716, "amenity_type": "trunk", "amenity": "D.M. Cortes Avenue", "lgu": "Mandaue City" }, "geometry": { "type": "Point", "coordinates": [ 123.9486716, 10.3318978 ] } },
{ "type": "Feature", "properties": { "id": 894061265, "lat": 10.331451, "lon": 123.9514966, "amenity_type": "tertiary", "amenity": "Don G. LL. Ouano Street", "lgu": "Mandaue City" }, "geometry": { "type": "Point", "coordinates": [ 123.9514966, 10.331451 ] } },
{ "type": "Feature", "properties": { "id": 894071652, "lat": 10.3355244, "lon": 123.940323, "amenity_type": "primary", "amenity": "Maguikay Flyover", "lgu": "Mandaue City" }, "geometry": { "type": "Point", "coordinates": [ 123.940323, 10.3355244 ] } },
{ "type": "Feature", "properties": { "id": 894071659, "lat": 10.3301402, "lon": 123.9382409, "amenity_type": "tertiary", "amenity": "A. del Rosario Street", "lgu": "Mandaue City" }, "geometry": { "type": "Point", "coordinates": [ 123.9382409, 10.3301402 ] } },
{ "type": "Feature", "properties": { "id": 895754595, "lat": 10.3363813, "lon": 123.9478792, "amenity_type": "tertiary", "amenity": "P. Burgos Street", "lgu": "Mandaue City" }, "geometry": { "type": "Point", "coordinates": [ 123.9478792, 10.3363813 ] } },
{ "type": "Feature", "properties": { "id": 895754600, "lat": 10.3343578, "lon": 123.9465891, "amenity_type": "tertiary", "amenity": "Don G. LL. Ouano Street", "lgu": "Mandaue City" }, "geometry": { "type": "Point", "coordinates": [ 123.9465891, 10.3343578 ] } },
{ "type": "Feature", "properties": { "id": 895754601, "lat": 10.3345562, "lon": 123.9462098, "amenity_type": "tertiary", "amenity": "Don G. LL. Ouano Street", "lgu": "Mandaue City" }, "geometry": { "type": "Point", "coordinates": [ 123.9462098, 10.3345562 ] } },
{ "type": "Feature", "properties": { "id": 895754605, "lat": 10.3329776, "lon": 123.9463968, "amenity_type": "tertiary", "amenity": "P. Burgos Street", "lgu": "Mandaue City" }, "geometry": { "type": "Point", "coordinates": [ 123.9463968, 10.3329776 ] } },
{ "type": "Feature", "properties": { "id": 895756026, "lat": 10.3364881, "lon": 123.9421576, "amenity_type": "tertiary", "amenity": "Don G. LL. Ouano Street", "lgu": "Mandaue City" }, "geometry": { "type": "Point", "coordinates": [ 123.9421576, 10.3364881 ] } },
{ "type": "Feature", "properties": { "id": 895756027, "lat": 10.3367275, "lon": 123.9420209, "amenity_type": "primary", "amenity": "M.C. Briones Street", "lgu": "Mandaue City" }, "geometry": { "type": "Point", "coordinates": [ 123.9420209, 10.3367275 ] } },
{ "type": "Feature", "properties": { "id": 895756028, "lat": 10.3365381, "lon": 123.9422161, "amenity_type": "tertiary", "amenity": "Don G. LL. Ouano Street", "lgu": "Mandaue City" }, "geometry": { "type": "Point", "coordinates": [ 123.9422161, 10.3365381 ] } },
{ "type": "Feature", "properties": { "id": 895756029, "lat": 10.3364409, "lon": 123.9416224, "amenity_type": "primary", "amenity": "M.C. Briones Street", "lgu": "Mandaue City" }, "geometry": { "type": "Point", "coordinates": [ 123.9416224, 10.3364409 ] } },
{ "type": "Feature", "properties": { "id": 896030611, "lat": 10.3363163, "lon": 123.9320424, "amenity_type": "secondary", "amenity": "A. S. Fortuna Street", "lgu": "Mandaue City" }, "geometry": { "type": "Point", "coordinates": [ 123.9320424, 10.3363163 ] } },
{ "type": "Feature", "properties": { "id": 896030613, "lat": 10.3354179, "lon": 123.9330573, "amenity_type": "secondary", "amenity": "A. S. Fortuna Street", "lgu": "Mandaue City" }, "geometry": { "type": "Point", "coordinates": [ 123.9330573, 10.3354179 ] } },
{ "type": "Feature", "properties": { "id": 896035250, "lat": 10.339282, "lon": 123.9330129, "amenity_type": "tertiary", "amenity": "Sacris Road", "lgu": "Mandaue City" }, "geometry": { "type": "Point", "coordinates": [ 123.9330129, 10.339282 ] } },
{ "type": "Feature", "properties": { "id": 896035252, "lat": 10.3395906, "lon": 123.9312502, "amenity_type": "tertiary", "amenity": "Aniceto Seno Road", "lgu": "Mandaue City" }, "geometry": { "type": "Point", "coordinates": [ 123.9312502, 10.3395906 ] } },
{ "type": "Feature", "properties": { "id": 896256837, "lat": 10.3420414, "lon": 123.9336751, "amenity_type": "secondary", "amenity": "Manuel L. Quezon Avenue", "lgu": "Mandaue City" }, "geometry": { "type": "Point", "coordinates": [ 123.9336751, 10.3420414 ] } },
{ "type": "Feature", "properties": { "id": 896256838, "lat": 10.3437596, "lon": 123.932057, "amenity_type": "secondary", "amenity": "Manuel L. Quezon Avenue", "lgu": "Mandaue City" }, "geometry": { "type": "Point", "coordinates": [ 123.932057, 10.3437596 ] } },
{ "type": "Feature", "properties": { "id": 896256839, "lat": 10.3409567, "lon": 123.9340965, "amenity_type": "tertiary", "amenity": "Bakilid-Maguikay Road", "lgu": "Mandaue City" }, "geometry": { "type": "Point", "coordinates": [ 123.9340965, 10.3409567 ] } },
{ "type": "Feature", "properties": { "id": 897340813, "lat": 10.3727925, "lon": 123.9312444, "amenity_type": "tertiary", "amenity": "Unnamed road corridor", "lgu": "Mandaue City" }, "geometry": { "type": "Point", "coordinates": [ 123.9312444, 10.3727925 ] } },
{ "type": "Feature", "properties": { "id": 897340814, "lat": 10.3732792, "lon": 123.9312691, "amenity_type": "tertiary", "amenity": "Unnamed road corridor", "lgu": "Mandaue City" }, "geometry": { "type": "Point", "coordinates": [ 123.9312691, 10.3732792 ] } },
{ "type": "Feature", "properties": { "id": 897340815, "lat": 10.3767549, "lon": 123.9345699, "amenity_type": "tertiary", "amenity": "Unnamed road corridor", "lgu": "Mandaue City" }, "geometry": { "type": "Point", "coordinates": [ 123.9345699, 10.3767549 ] } },
{ "type": "Feature", "properties": { "id": 897340816, "lat": 10.3755734, "lon": 123.9358664, "amenity_type": "tertiary", "amenity": "Victor Vega Street", "lgu": "Mandaue City" }, "geometry": { "type": "Point", "coordinates": [ 123.9358664, 10.3755734 ] } },
{ "type": "Feature", "properties": { "id": 897760801, "lat": 10.3646357, "lon": 123.9444441, "amenity_type": "secondary", "amenity": "H. Abellana Street", "lgu": "Mandaue City" }, "geometry": { "type": "Point", "coordinates": [ 123.9444441, 10.3646357 ] } },
{ "type": "Feature", "properties": { "id": 897760802, "lat": 10.3657585, "lon": 123.9426912, "amenity_type": "tertiary", "amenity": "Victor Vega Street", "lgu": "Mandaue City" }, "geometry": { "type": "Point", "coordinates": [ 123.9426912, 10.3657585 ] } },
{ "type": "Feature", "properties": { "id": 897760806, "lat": 10.3676405, "lon": 123.9405393, "amenity_type": "tertiary", "amenity": "Aurelio V. Alivio Senior Street", "lgu": "Mandaue City" }, "geometry": { "type": "Point", "coordinates": [ 123.9405393, 10.3676405 ] } },
{ "type": "Feature", "properties": { "id": 897760807, "lat": 10.363342, "lon": 123.9473324, "amenity_type": "secondary", "amenity": "H. Abellana Street", "lgu": "Mandaue City" }, "geometry": { "type": "Point", "coordinates": [ 123.9473324, 10.363342 ] } },
{ "type": "Feature", "properties": { "id": 897760812, "lat": 10.3621539, "lon": 123.9488036, "amenity_type": "secondary", "amenity": "H. Abellana Street", "lgu": "Mandaue City" }, "geometry": { "type": "Point", "coordinates": [ 123.9488036, 10.3621539 ] } },
{ "type": "Feature", "properties": { "id": 898267725, "lat": 10.3636744, "lon": 123.9381996, "amenity_type": "tertiary", "amenity": "B. Suico Street", "lgu": "Mandaue City" }, "geometry": { "type": "Point", "coordinates": [ 123.9381996, 10.3636744 ] } },
{ "type": "Feature", "properties": { "id": 898267726, "lat": 10.3592867, "lon": 123.9315211, "amenity_type": "tertiary", "amenity": "P. L. Sanchez Street", "lgu": "Mandaue City" }, "geometry": { "type": "Point", "coordinates": [ 123.9315211, 10.3592867 ] } },
{ "type": "Feature", "properties": { "id": 898267730, "lat": 10.3617828, "lon": 123.9367555, "amenity_type": "tertiary", "amenity": "P. L. Sanchez Street", "lgu": "Mandaue City" }, "geometry": { "type": "Point", "coordinates": [ 123.9367555, 10.3617828 ] } },
{ "type": "Feature", "properties": { "id": 898267731, "lat": 10.3651131, "lon": 123.9388431, "amenity_type": "tertiary", "amenity": "B. Suico Street", "lgu": "Mandaue City" }, "geometry": { "type": "Point", "coordinates": [ 123.9388431, 10.3651131 ] } },
{ "type": "Feature", "properties": { "id": 898267732, "lat": 10.3651575, "lon": 123.9412081, "amenity_type": "secondary", "amenity": "H. Abellana Street", "lgu": "Mandaue City" }, "geometry": { "type": "Point", "coordinates": [ 123.9412081, 10.3651575 ] } },
{ "type": "Feature", "properties": { "id": 898267736, "lat": 10.3684106, "lon": 123.9352552, "amenity_type": "tertiary", "amenity": "J. Mayol", "lgu": "Mandaue City" }, "geometry": { "type": "Point", "coordinates": [ 123.9352552, 10.3684106 ] } },
{ "type": "Feature", "properties": { "id": 898484901, "lat": 10.3456228, "lon": 123.963128, "amenity_type": "trunk", "amenity": "D.M. Cortes Avenue", "lgu": "Mandaue City" }, "geometry": { "type": "Point", "coordinates": [ 123.963128, 10.3456228 ] } },
{ "type": "Feature", "properties": { "id": 898484902, "lat": 10.3456484, "lon": 123.9631023, "amenity_type": "trunk", "amenity": "D.M. Cortes Avenue", "lgu": "Mandaue City" }, "geometry": { "type": "Point", "coordinates": [ 123.9631023, 10.3456484 ] } },
{ "type": "Feature", "properties": { "id": 899031008, "lat": 10.3451004, "lon": 123.9478261, "amenity_type": "primary", "amenity": "M.C. Briones Street", "lgu": "Mandaue City" }, "geometry": { "type": "Point", "coordinates": [ 123.9478261, 10.3451004 ] } },
{ "type": "Feature", "properties": { "id": 899031010, "lat": 10.3535915, "lon": 123.9498178, "amenity_type": "primary", "amenity": "M.C. Briones Street", "lgu": "Mandaue City" }, "geometry": { "type": "Point", "coordinates": [ 123.9498178, 10.3535915 ] } },
{ "type": "Feature", "properties": { "id": 899031011, "lat": 10.3543808, "lon": 123.9499102, "amenity_type": "primary", "amenity": "M.C. Briones Street", "lgu": "Mandaue City" }, "geometry": { "type": "Point", "coordinates": [ 123.9499102, 10.3543808 ] } },
{ "type": "Feature", "properties": { "id": 899345858, "lat": 10.3533848, "lon": 123.950259, "amenity_type": "tertiary", "amenity": "Basak-Labogon Road", "lgu": "Mandaue City" }, "geometry": { "type": "Point", "coordinates": [ 123.950259, 10.3533848 ] } },
{ "type": "Feature", "properties": { "id": 899345871, "lat": 10.3498219, "lon": 123.9560441, "amenity_type": "tertiary", "amenity": "Labogon-Paknaan Road", "lgu": "Mandaue City" }, "geometry": { "type": "Point", "coordinates": [ 123.9560441, 10.3498219 ] } },
{ "type": "Feature", "properties": { "id": 899742854, "lat": 10.3743998, "lon": 123.9548625, "amenity_type": "tertiary", "amenity": "M. Pepito Street", "lgu": "Mandaue City" }, "geometry": { "type": "Point", "coordinates": [ 123.9548625, 10.3743998 ] } },
{ "type": "Feature", "properties": { "id": 899742855, "lat": 10.398517, "lon": 123.9523768, "amenity_type": "tertiary", "amenity": "Unnamed road corridor", "lgu": "Mandaue City" }, "geometry": { "type": "Point", "coordinates": [ 123.9523768, 10.398517 ] } },
{ "type": "Feature", "properties": { "id": 901481810, "lat": 10.3745805, "lon": 123.9603563, "amenity_type": "tertiary", "amenity": "V & G Drive", "lgu": "Mandaue City" }, "geometry": { "type": "Point", "coordinates": [ 123.9603563, 10.3745805 ] } },
{ "type": "Feature", "properties": { "id": 906966522, "lat": 10.3317139, "lon": 123.9458418, "amenity_type": "tertiary", "amenity": "P. Burgos Street", "lgu": "Mandaue City" }, "geometry": { "type": "Point", "coordinates": [ 123.9458418, 10.3317139 ] } },
{ "type": "Feature", "properties": { "id": 921332303, "lat": 10.3523591, "lon": 123.9572657, "amenity_type": "tertiary", "amenity": "Labogon Interior Road", "lgu": "Mandaue City" }, "geometry": { "type": "Point", "coordinates": [ 123.9572657, 10.3523591 ] } },
{ "type": "Feature", "properties": { "id": 921334935, "lat": 10.338851, "lon": 123.9447125, "amenity_type": "tertiary", "amenity": "N. S. Cabahug Street", "lgu": "Mandaue City" }, "geometry": { "type": "Point", "coordinates": [ 123.9447125, 10.338851 ] } },
{ "type": "Feature", "properties": { "id": 921916210, "lat": 10.3314051, "lon": 123.9462188, "amenity_type": "primary", "amenity": "A.C. Cortes Avenue", "lgu": "Mandaue City" }, "geometry": { "type": "Point", "coordinates": [ 123.9462188, 10.3314051 ] } },
{ "type": "Feature", "properties": { "id": 921916212, "lat": 10.3305672, "lon": 123.9475613, "amenity_type": "primary", "amenity": "A.C. Cortes Avenue", "lgu": "Mandaue City" }, "geometry": { "type": "Point", "coordinates": [ 123.9475613, 10.3305672 ] } },
{ "type": "Feature", "properties": { "id": 921916213, "lat": 10.3315188, "lon": 123.9462745, "amenity_type": "primary", "amenity": "A.C. Cortes Avenue", "lgu": "Mandaue City" }, "geometry": { "type": "Point", "coordinates": [ 123.9462745, 10.3315188 ] } },
{ "type": "Feature", "properties": { "id": 921941864, "lat": 10.3318465, "lon": 123.9457528, "amenity_type": "primary", "amenity": "A.C. Cortes Avenue", "lgu": "Mandaue City" }, "geometry": { "type": "Point", "coordinates": [ 123.9457528, 10.3318465 ] } },
{ "type": "Feature", "properties": { "id": 921941865, "lat": 10.3317303, "lon": 123.9456931, "amenity_type": "primary", "amenity": "A.C. Cortes Avenue", "lgu": "Mandaue City" }, "geometry": { "type": "Point", "coordinates": [ 123.9456931, 10.3317303 ] } },
{ "type": "Feature", "properties": { "id": 921952449, "lat": 10.3349928, "lon": 123.9398719, "amenity_type": "primary", "amenity": "A.C. Cortes Avenue", "lgu": "Mandaue City" }, "geometry": { "type": "Point", "coordinates": [ 123.9398719, 10.3349928 ] } },
{ "type": "Feature", "properties": { "id": 922381407, "lat": 10.3319973, "lon": 123.9354406, "amenity_type": "primary", "amenity": "M.C. Briones Street", "lgu": "Mandaue City" }, "geometry": { "type": "Point", "coordinates": [ 123.9354406, 10.3319973 ] } },
{ "type": "Feature", "properties": { "id": 922781382, "lat": 10.3394654, "lon": 123.9492322, "amenity_type": "tertiary", "amenity": "P. Burgos Street", "lgu": "Mandaue City" }, "geometry": { "type": "Point", "coordinates": [ 123.9492322, 10.3394654 ] } },
{ "type": "Feature", "properties": { "id": 922781384, "lat": 10.3322304, "lon": 123.9448858, "amenity_type": "primary", "amenity": "A.C. Cortes Avenue", "lgu": "Mandaue City" }, "geometry": { "type": "Point", "coordinates": [ 123.9448858, 10.3322304 ] } },
{ "type": "Feature", "properties": { "id": 922781385, "lat": 10.335071, "lon": 123.9398193, "amenity_type": "primary", "amenity": "M.C. Briones Street", "lgu": "Mandaue City" }, "geometry": { "type": "Point", "coordinates": [ 123.9398193, 10.335071 ] } },
{ "type": "Feature", "properties": { "id": 922781386, "lat": 10.3389288, "lon": 123.9343719, "amenity_type": "tertiary", "amenity": "L. Jayme Street", "lgu": "Mandaue City" }, "geometry": { "type": "Point", "coordinates": [ 123.9343719, 10.3389288 ] } },
{ "type": "Feature", "properties": { "id": 922781387, "lat": 10.3323531, "lon": 123.9449439, "amenity_type": "primary", "amenity": "A.C. Cortes Avenue", "lgu": "Mandaue City" }, "geometry": { "type": "Point", "coordinates": [ 123.9449439, 10.3323531 ] } },
{ "type": "Feature", "properties": { "id": 928114564, "lat": 10.339813, "lon": 123.9673293, "amenity_type": "tertiary", "amenity": "Unnamed road corridor", "lgu": "Mandaue City" }, "geometry": { "type": "Point", "coordinates": [ 123.9673293, 10.339813 ] } },
{ "type": "Feature", "properties": { "id": 933668550, "lat": 10.3347117, "lon": 123.9405259, "amenity_type": "primary", "amenity": "A.C. Cortes Avenue", "lgu": "Mandaue City" }, "geometry": { "type": "Point", "coordinates": [ 123.9405259, 10.3347117 ] } },
{ "type": "Feature", "properties": { "id": 939350259, "lat": 10.3349859, "lon": 123.9396998, "amenity_type": "primary", "amenity": "M.C. Briones Street", "lgu": "Mandaue City" }, "geometry": { "type": "Point", "coordinates": [ 123.9396998, 10.3349859 ] } },
{ "type": "Feature", "properties": { "id": 939350260, "lat": 10.3348882, "lon": 123.9401098, "amenity_type": "primary", "amenity": "A.C. Cortes Avenue", "lgu": "Mandaue City" }, "geometry": { "type": "Point", "coordinates": [ 123.9401098, 10.3348882 ] } },
{ "type": "Feature", "properties": { "id": 962447843, "lat": 10.3714214, "lon": 123.9512422, "amenity_type": "tertiary", "amenity": "Magnolia Street", "lgu": "Mandaue City" }, "geometry": { "type": "Point", "coordinates": [ 123.9512422, 10.3714214 ] } },
{ "type": "Feature", "properties": { "id": 1036183558, "lat": 10.3763184, "lon": 123.9588756, "amenity_type": "primary", "amenity": "Cebu North Road", "lgu": "Mandaue City" }, "geometry": { "type": "Point", "coordinates": [ 123.9588756, 10.3763184 ] } },
{ "type": "Feature", "properties": { "id": 1036183559, "lat": 10.3772236, "lon": 123.9618847, "amenity_type": "primary", "amenity": "Cebu North Road", "lgu": "Mandaue City" }, "geometry": { "type": "Point", "coordinates": [ 123.9618847, 10.3772236 ] } },
{ "type": "Feature", "properties": { "id": 1036183561, "lat": 10.3807017, "lon": 123.9679164, "amenity_type": "primary", "amenity": "Cebu North Road", "lgu": "Mandaue City" }, "geometry": { "type": "Point", "coordinates": [ 123.9679164, 10.3807017 ] } },
{ "type": "Feature", "properties": { "id": 1036183562, "lat": 10.381248, "lon": 123.9692463, "amenity_type": "primary", "amenity": "Cebu North Road", "lgu": "Mandaue City" }, "geometry": { "type": "Point", "coordinates": [ 123.9692463, 10.381248 ] } },
{ "type": "Feature", "properties": { "id": 1036183566, "lat": 10.3787946, "lon": 123.9640004, "amenity_type": "primary", "amenity": "Cebu North Road", "lgu": "Mandaue City" }, "geometry": { "type": "Point", "coordinates": [ 123.9640004, 10.3787946 ] } },
{ "type": "Feature", "properties": { "id": 1036183567, "lat": 10.3788425, "lon": 123.9640642, "amenity_type": "primary", "amenity": "Cebu North Road", "lgu": "Mandaue City" }, "geometry": { "type": "Point", "coordinates": [ 123.9640642, 10.3788425 ] } },
{ "type": "Feature", "properties": { "id": 1036183568, "lat": 10.3811952, "lon": 123.9692709, "amenity_type": "primary", "amenity": "Cebu North Road", "lgu": "Mandaue City" }, "geometry": { "type": "Point", "coordinates": [ 123.9692709, 10.3811952 ] } },
{ "type": "Feature", "properties": { "id": 1036183570, "lat": 10.3801183, "lon": 123.9666313, "amenity_type": "primary", "amenity": "Cebu North Road", "lgu": "Mandaue City" }, "geometry": { "type": "Point", "coordinates": [ 123.9666313, 10.3801183 ] } },
{ "type": "Feature", "properties": { "id": 1139103127, "lat": 10.3382905, "lon": 123.9564295, "amenity_type": "primary", "amenity": "United Nations Avenue", "lgu": "Mandaue City" }, "geometry": { "type": "Point", "coordinates": [ 123.9564295, 10.3382905 ] } },
{ "type": "Feature", "properties": { "id": 1152387705, "lat": 10.3375649, "lon": 123.9617416, "amenity_type": "tertiary", "amenity": "Unnamed road corridor", "lgu": "Mandaue City" }, "geometry": { "type": "Point", "coordinates": [ 123.9617416, 10.3375649 ] } },
{ "type": "Feature", "properties": { "id": 1153630682, "lat": 10.390672, "lon": 123.9426634, "amenity_type": "tertiary", "amenity": "Columbus Street", "lgu": "Mandaue City" }, "geometry": { "type": "Point", "coordinates": [ 123.9426634, 10.390672 ] } },
{ "type": "Feature", "properties": { "id": 1153630683, "lat": 10.3903261, "lon": 123.9430918, "amenity_type": "tertiary", "amenity": "Columbus Street", "lgu": "Mandaue City" }, "geometry": { "type": "Point", "coordinates": [ 123.9430918, 10.3903261 ] } },
{ "type": "Feature", "properties": { "id": 1153630684, "lat": 10.390672, "lon": 123.9426848, "amenity_type": "tertiary", "amenity": "Columbus Street", "lgu": "Mandaue City" }, "geometry": { "type": "Point", "coordinates": [ 123.9426848, 10.390672 ] } },
{ "type": "Feature", "properties": { "id": 1159170443, "lat": 10.3402333, "lon": 123.9466599, "amenity_type": "tertiary", "amenity": "S.B. Cabahug Street", "lgu": "Mandaue City" }, "geometry": { "type": "Point", "coordinates": [ 123.9466599, 10.3402333 ] } },
{ "type": "Feature", "properties": { "id": 1184324084, "lat": 10.3620251, "lon": 123.9491322, "amenity_type": "secondary", "amenity": "H. Abellana Street", "lgu": "Mandaue City" }, "geometry": { "type": "Point", "coordinates": [ 123.9491322, 10.3620251 ] } },
{ "type": "Feature", "properties": { "id": 1184324085, "lat": 10.3619792, "lon": 123.9495256, "amenity_type": "secondary", "amenity": "H. Abellana Street", "lgu": "Mandaue City" }, "geometry": { "type": "Point", "coordinates": [ 123.9495256, 10.3619792 ] } },
{ "type": "Feature", "properties": { "id": 1184324086, "lat": 10.3622679, "lon": 123.9497883, "amenity_type": "primary", "amenity": "M.C. Briones Street", "lgu": "Mandaue City" }, "geometry": { "type": "Point", "coordinates": [ 123.9497883, 10.3622679 ] } },
{ "type": "Feature", "properties": { "id": 1184324087, "lat": 10.3618961, "lon": 123.9497439, "amenity_type": "primary", "amenity": "M.C. Briones Street", "lgu": "Mandaue City" }, "geometry": { "type": "Point", "coordinates": [ 123.9497439, 10.3618961 ] } },
{ "type": "Feature", "properties": { "id": 1185411908, "lat": 10.3713345, "lon": 123.9536687, "amenity_type": "primary", "amenity": "Cebu North Road", "lgu": "Mandaue City" }, "geometry": { "type": "Point", "coordinates": [ 123.9536687, 10.3713345 ] } },
{ "type": "Feature", "properties": { "id": 1185411909, "lat": 10.3728181, "lon": 123.9544658, "amenity_type": "primary", "amenity": "Cebu North Road", "lgu": "Mandaue City" }, "geometry": { "type": "Point", "coordinates": [ 123.9544658, 10.3728181 ] } },
{ "type": "Feature", "properties": { "id": 1185411913, "lat": 10.3755215, "lon": 123.9564168, "amenity_type": "primary", "amenity": "Cebu North Road", "lgu": "Mandaue City" }, "geometry": { "type": "Point", "coordinates": [ 123.9564168, 10.3755215 ] } },
{ "type": "Feature", "properties": { "id": 1185411915, "lat": 10.3740958, "lon": 123.9552748, "amenity_type": "primary", "amenity": "Cebu North Road", "lgu": "Mandaue City" }, "geometry": { "type": "Point", "coordinates": [ 123.9552748, 10.3740958 ] } },
{ "type": "Feature", "properties": { "id": 1207315453, "lat": 10.3399449, "lon": 123.9464853, "amenity_type": "tertiary", "amenity": "S.B. Cabahug Street", "lgu": "Mandaue City" }, "geometry": { "type": "Point", "coordinates": [ 123.9464853, 10.3399449 ] } },
{ "type": "Feature", "properties": { "id": 1207315454, "lat": 10.3400207, "lon": 123.9463973, "amenity_type": "primary", "amenity": "M.C. Briones Street", "lgu": "Mandaue City" }, "geometry": { "type": "Point", "coordinates": [ 123.9463973, 10.3400207 ] } },
{ "type": "Feature", "properties": { "id": 1241303712, "lat": 10.3756619, "lon": 123.9557502, "amenity_type": "tertiary", "amenity": "M. Pepito Street", "lgu": "Mandaue City" }, "geometry": { "type": "Point", "coordinates": [ 123.9557502, 10.3756619 ] } },
{ "type": "Feature", "properties": { "id": 1308935258, "lat": 10.3773175, "lon": 123.9620246, "amenity_type": "primary", "amenity": "Cebu North Road", "lgu": "Mandaue City" }, "geometry": { "type": "Point", "coordinates": [ 123.9620246, 10.3773175 ] } },
{ "type": "Feature", "properties": { "id": 1308935259, "lat": 10.3780251, "lon": 123.9630841, "amenity_type": "primary", "amenity": "Cebu North Road", "lgu": "Mandaue City" }, "geometry": { "type": "Point", "coordinates": [ 123.9630841, 10.3780251 ] } },
{ "type": "Feature", "properties": { "id": 1316059312, "lat": 10.3917882, "lon": 123.9419992, "amenity_type": "tertiary", "amenity": "Unnamed road corridor", "lgu": "Mandaue City" }, "geometry": { "type": "Point", "coordinates": [ 123.9419992, 10.3917882 ] } },
{ "type": "Feature", "properties": { "id": 1324330843, "lat": 10.3407382, "lon": 123.9468653, "amenity_type": "primary", "amenity": "M.C. Briones Street", "lgu": "Mandaue City" }, "geometry": { "type": "Point", "coordinates": [ 123.9468653, 10.3407382 ] } },
{ "type": "Feature", "properties": { "id": 1324330844, "lat": 10.3402831, "lon": 123.946607, "amenity_type": "primary", "amenity": "M.C. Briones Street", "lgu": "Mandaue City" }, "geometry": { "type": "Point", "coordinates": [ 123.946607, 10.3402831 ] } },
{ "type": "Feature", "properties": { "id": 1324331403, "lat": 10.3408858, "lon": 123.9489563, "amenity_type": "primary", "amenity": "United Nations Avenue", "lgu": "Mandaue City" }, "geometry": { "type": "Point", "coordinates": [ 123.9489563, 10.3408858 ] } },
{ "type": "Feature", "properties": { "id": 1324331404, "lat": 10.3412627, "lon": 123.9479075, "amenity_type": "primary", "amenity": "United Nations Avenue", "lgu": "Mandaue City" }, "geometry": { "type": "Point", "coordinates": [ 123.9479075, 10.3412627 ] } },
{ "type": "Feature", "properties": { "id": 1324946314, "lat": 10.3705157, "lon": 123.9532991, "amenity_type": "primary", "amenity": "Cebu North Road", "lgu": "Mandaue City" }, "geometry": { "type": "Point", "coordinates": [ 123.9532991, 10.3705157 ] } },
{ "type": "Feature", "properties": { "id": 1324946315, "lat": 10.3724013, "lon": 123.9542457, "amenity_type": "primary", "amenity": "Cebu North Road", "lgu": "Mandaue City" }, "geometry": { "type": "Point", "coordinates": [ 123.9542457, 10.3724013 ] } },
{ "type": "Feature", "properties": { "id": 1324946316, "lat": 10.372151, "lon": 123.9541117, "amenity_type": "primary", "amenity": "Cebu North Road", "lgu": "Mandaue City" }, "geometry": { "type": "Point", "coordinates": [ 123.9541117, 10.372151 ] } },
{ "type": "Feature", "properties": { "id": 1337825916, "lat": 10.3746431, "lon": 123.9603415, "amenity_type": "tertiary", "amenity": "V & G Drive", "lgu": "Mandaue City" }, "geometry": { "type": "Point", "coordinates": [ 123.9603415, 10.3746431 ] } },
{ "type": "Feature", "properties": { "id": 1337825917, "lat": 10.3745381, "lon": 123.9603652, "amenity_type": "tertiary", "amenity": "V & G Drive", "lgu": "Mandaue City" }, "geometry": { "type": "Point", "coordinates": [ 123.9603652, 10.3745381 ] } },
{ "type": "Feature", "properties": { "id": 1339700673, "lat": 10.3624254, "lon": 123.9484396, "amenity_type": "secondary", "amenity": "H. Abellana Street", "lgu": "Mandaue City" }, "geometry": { "type": "Point", "coordinates": [ 123.9484396, 10.3624254 ] } },
{ "type": "Feature", "properties": { "id": 1339700674, "lat": 10.3623278, "lon": 123.9485505, "amenity_type": "secondary", "amenity": "H. Abellana Street", "lgu": "Mandaue City" }, "geometry": { "type": "Point", "coordinates": [ 123.9485505, 10.3623278 ] } },
{ "type": "Feature", "properties": { "id": 1339700800, "lat": 10.361604, "lon": 123.9497209, "amenity_type": "primary", "amenity": "M.C. Briones Street", "lgu": "Mandaue City" }, "geometry": { "type": "Point", "coordinates": [ 123.9497209, 10.361604 ] } },
{ "type": "Feature", "properties": { "id": 1339702168, "lat": 10.3797495, "lon": 123.9660504, "amenity_type": "primary", "amenity": "Cebu North Road", "lgu": "Mandaue City" }, "geometry": { "type": "Point", "coordinates": [ 123.9660504, 10.3797495 ] } },
{ "type": "Feature", "properties": { "id": 1339702170, "lat": 10.3789097, "lon": 123.9641597, "amenity_type": "primary", "amenity": "Cebu North Road", "lgu": "Mandaue City" }, "geometry": { "type": "Point", "coordinates": [ 123.9641597, 10.3789097 ] } },
{ "type": "Feature", "properties": { "id": 1339702171, "lat": 10.3780795, "lon": 123.963049, "amenity_type": "primary", "amenity": "Cebu North Road", "lgu": "Mandaue City" }, "geometry": { "type": "Point", "coordinates": [ 123.963049, 10.3780795 ] } },
{ "type": "Feature", "properties": { "id": 1339841509, "lat": 10.3324118, "lon": 123.9357935, "amenity_type": "primary", "amenity": "M.C. Briones Street", "lgu": "Mandaue City" }, "geometry": { "type": "Point", "coordinates": [ 123.9357935, 10.3324118 ] } },
{ "type": "Feature", "properties": { "id": 1339842113, "lat": 10.3321033, "lon": 123.9355992, "amenity_type": "primary", "amenity": "M.C. Briones Street", "lgu": "Mandaue City" }, "geometry": { "type": "Point", "coordinates": [ 123.9355992, 10.3321033 ] } },
{ "type": "Feature", "properties": { "id": 1339842398, "lat": 10.3322334, "lon": 123.9354503, "amenity_type": "secondary", "amenity": "A. S. Fortuna Street", "lgu": "Mandaue City" }, "geometry": { "type": "Point", "coordinates": [ 123.9354503, 10.3322334 ] } },
{ "type": "Feature", "properties": { "id": 1339844105, "lat": 10.3317926, "lon": 123.9357945, "amenity_type": "tertiary", "amenity": "A. S. Fortuna Street", "lgu": "Mandaue City" }, "geometry": { "type": "Point", "coordinates": [ 123.9357945, 10.3317926 ] } },
{ "type": "Feature", "properties": { "id": 1339880342, "lat": 10.3755783, "lon": 123.9601834, "amenity_type": "tertiary", "amenity": "V & G Drive", "lgu": "Mandaue City" }, "geometry": { "type": "Point", "coordinates": [ 123.9601834, 10.3755783 ] } },
{ "type": "Feature", "properties": { "id": 1339882296, "lat": 10.3745545, "lon": 123.9603388, "amenity_type": "tertiary", "amenity": "V & G Drive", "lgu": "Mandaue City" }, "geometry": { "type": "Point", "coordinates": [ 123.9603388, 10.3745545 ] } },
{ "type": "Feature", "properties": { "id": 1340209289, "lat": 10.3792431, "lon": 123.9647949, "amenity_type": "primary", "amenity": "Cebu North Road", "lgu": "Mandaue City" }, "geometry": { "type": "Point", "coordinates": [ 123.9647949, 10.3792431 ] } },
{ "type": "Feature", "properties": { "id": 1340224414, "lat": 10.3979031, "lon": 123.9559191, "amenity_type": "tertiary", "amenity": "Unnamed road corridor", "lgu": "Mandaue City" }, "geometry": { "type": "Point", "coordinates": [ 123.9559191, 10.3979031 ] } },
{ "type": "Feature", "properties": { "id": 1342176254, "lat": 10.3705747, "lon": 123.9533539, "amenity_type": "primary", "amenity": "Cebu North Road", "lgu": "Mandaue City" }, "geometry": { "type": "Point", "coordinates": [ 123.9533539, 10.3705747 ] } },
{ "type": "Feature", "properties": { "id": 1342176255, "lat": 10.3717951, "lon": 123.9540011, "amenity_type": "primary", "amenity": "Cebu North Road", "lgu": "Mandaue City" }, "geometry": { "type": "Point", "coordinates": [ 123.9540011, 10.3717951 ] } },
{ "type": "Feature", "properties": { "id": 1360929383, "lat": 10.3701287, "lon": 123.953208, "amenity_type": "primary", "amenity": "M.C. Briones Street", "lgu": "Mandaue City" }, "geometry": { "type": "Point", "coordinates": [ 123.953208, 10.3701287 ] } },
{ "type": "Feature", "properties": { "id": 1360929384, "lat": 10.3703257, "lon": 123.953232, "amenity_type": "primary", "amenity": "M.C. Briones Street", "lgu": "Mandaue City" }, "geometry": { "type": "Point", "coordinates": [ 123.953232, 10.3703257 ] } },
{ "type": "Feature", "properties": { "id": 1360929385, "lat": 10.3634551, "lon": 123.9499958, "amenity_type": "primary", "amenity": "M.C. Briones Street", "lgu": "Mandaue City" }, "geometry": { "type": "Point", "coordinates": [ 123.9499958, 10.3634551 ] } },
{ "type": "Feature", "properties": { "id": 1362794464, "lat": 10.3389136, "lon": 123.9451409, "amenity_type": "primary", "amenity": "M.C. Briones Street", "lgu": "Mandaue City" }, "geometry": { "type": "Point", "coordinates": [ 123.9451409, 10.3389136 ] } },
{ "type": "Feature", "properties": { "id": 1363724761, "lat": 10.332125, "lon": 123.9355082, "amenity_type": "secondary", "amenity": "A. S. Fortuna Street", "lgu": "Mandaue City" }, "geometry": { "type": "Point", "coordinates": [ 123.9355082, 10.332125 ] } },
{ "type": "Feature", "properties": { "id": 1364964031, "lat": 10.338699, "lon": 123.9553459, "amenity_type": "primary", "amenity": "United Nations Avenue", "lgu": "Mandaue City" }, "geometry": { "type": "Point", "coordinates": [ 123.9553459, 10.338699 ] } },
{ "type": "Feature", "properties": { "id": 1374321522, "lat": 10.3409451, "lon": 123.9469539, "amenity_type": "primary", "amenity": "M.C. Briones Street", "lgu": "Mandaue City" }, "geometry": { "type": "Point", "coordinates": [ 123.9469539, 10.3409451 ] } },
{ "type": "Feature", "properties": { "id": 1375606439, "lat": 10.3388491, "lon": 123.954635, "amenity_type": "primary", "amenity": "United Nations Avenue", "lgu": "Mandaue City" }, "geometry": { "type": "Point", "coordinates": [ 123.954635, 10.3388491 ] } },
{ "type": "Feature", "properties": { "id": 1376434596, "lat": 10.3417649, "lon": 123.9474665, "amenity_type": "primary", "amenity": "Cebu North Road", "lgu": "Mandaue City" }, "geometry": { "type": "Point", "coordinates": [ 123.9474665, 10.3417649 ] } },
{ "type": "Feature", "properties": { "id": 1382899271, "lat": 10.3454267, "lon": 123.9594631, "amenity_type": "tertiary", "amenity": "S. E. Jayme Street", "lgu": "Mandaue City" }, "geometry": { "type": "Point", "coordinates": [ 123.9594631, 10.3454267 ] } },
{ "type": "Feature", "properties": { "id": 1382899277, "lat": 10.3459969, "lon": 123.9571855, "amenity_type": "tertiary", "amenity": "S. E. Jayme Street", "lgu": "Mandaue City" }, "geometry": { "type": "Point", "coordinates": [ 123.9571855, 10.3459969 ] } },
{ "type": "Feature", "properties": { "id": 1388002437, "lat": 10.3356887, "lon": 123.9589574, "amenity_type": "primary", "amenity": "United Nations Avenue", "lgu": "Mandaue City" }, "geometry": { "type": "Point", "coordinates": [ 123.9589574, 10.3356887 ] } },
{ "type": "Feature", "properties": { "id": 1397725618, "lat": 10.340929, "lon": 123.9665223, "amenity_type": "tertiary", "amenity": "Unnamed road corridor", "lgu": "Mandaue City" }, "geometry": { "type": "Point", "coordinates": [ 123.9665223, 10.340929 ] } },
{ "type": "Feature", "properties": { "id": 1397725619, "lat": 10.3403846, "lon": 123.9667225, "amenity_type": "tertiary", "amenity": "Unnamed road corridor", "lgu": "Mandaue City" }, "geometry": { "type": "Point", "coordinates": [ 123.9667225, 10.3403846 ] } },
{ "type": "Feature", "properties": { "id": 1416855550, "lat": 10.3786262, "lon": 123.9641026, "amenity_type": "tertiary", "amenity": "Governor F. B. Harrison Avenue", "lgu": "Mandaue City" }, "geometry": { "type": "Point", "coordinates": [ 123.9641026, 10.3786262 ] } },
{ "type": "Feature", "properties": { "id": 1416867994, "lat": 10.3714006, "lon": 123.9678758, "amenity_type": "tertiary", "amenity": "Unnamed road corridor", "lgu": "Mandaue City" }, "geometry": { "type": "Point", "coordinates": [ 123.9678758, 10.3714006 ] } },
{ "type": "Feature", "properties": { "id": 1416867995, "lat": 10.3714352, "lon": 123.9679168, "amenity_type": "tertiary", "amenity": "Unnamed road corridor", "lgu": "Mandaue City" }, "geometry": { "type": "Point", "coordinates": [ 123.9679168, 10.3714352 ] } },
{ "type": "Feature", "properties": { "id": 1416899108, "lat": 10.3327634, "lon": 123.9491875, "amenity_type": "tertiary", "amenity": "Don G. LL. Ouano Street", "lgu": "Mandaue City" }, "geometry": { "type": "Point", "coordinates": [ 123.9491875, 10.3327634 ] } },
{ "type": "Feature", "properties": { "id": 1416903947, "lat": 10.3460413, "lon": 123.9474009, "amenity_type": "tertiary", "amenity": "P. C. Suico Street", "lgu": "Mandaue City" }, "geometry": { "type": "Point", "coordinates": [ 123.9474009, 10.3460413 ] } },
{ "type": "Feature", "properties": { "id": 1416919735, "lat": 10.3485552, "lon": 123.9560576, "amenity_type": "tertiary", "amenity": "Labogon-Paknaan Road", "lgu": "Mandaue City" }, "geometry": { "type": "Point", "coordinates": [ 123.9560576, 10.3485552 ] } },
{ "type": "Feature", "properties": { "id": 1420662369, "lat": 10.3408239, "lon": 123.9445948, "amenity_type": "tertiary", "amenity": "Juez M. O. Echavez Street", "lgu": "Mandaue City" }, "geometry": { "type": "Point", "coordinates": [ 123.9445948, 10.3408239 ] } },
{ "type": "Feature", "properties": { "id": 1420662370, "lat": 10.3397665, "lon": 123.9444789, "amenity_type": "tertiary", "amenity": "Juez M. O. Echavez Street", "lgu": "Mandaue City" }, "geometry": { "type": "Point", "coordinates": [ 123.9444789, 10.3397665 ] } },
{ "type": "Feature", "properties": { "id": 1421478141, "lat": 10.3621085, "lon": 123.9373908, "amenity_type": "tertiary", "amenity": "B. Suico Street", "lgu": "Mandaue City" }, "geometry": { "type": "Point", "coordinates": [ 123.9373908, 10.3621085 ] } },
{ "type": "Feature", "properties": { "id": 1421661484, "lat": 10.3327353, "lon": 123.9492374, "amenity_type": "tertiary", "amenity": "Don G. LL. Ouano Street", "lgu": "Mandaue City" }, "geometry": { "type": "Point", "coordinates": [ 123.9492374, 10.3327353 ] } },
{ "type": "Feature", "properties": { "id": 1421665860, "lat": 10.3352164, "lon": 123.9473777, "amenity_type": "tertiary", "amenity": "P. Burgos Street", "lgu": "Mandaue City" }, "geometry": { "type": "Point", "coordinates": [ 123.9473777, 10.3352164 ] } },
{ "type": "Feature", "properties": { "id": 1422960937, "lat": 10.3388414, "lon": 123.9552631, "amenity_type": "trunk", "amenity": "D.M. Cortes Avenue", "lgu": "Mandaue City" }, "geometry": { "type": "Point", "coordinates": [ 123.9552631, 10.3388414 ] } },
{ "type": "Feature", "properties": { "id": 1422960941, "lat": 10.3403339, "lon": 123.956921, "amenity_type": "trunk", "amenity": "D.M. Cortes Avenue", "lgu": "Mandaue City" }, "geometry": { "type": "Point", "coordinates": [ 123.956921, 10.3403339 ] } },
{ "type": "Feature", "properties": { "id": 1422960943, "lat": 10.3397357, "lon": 123.9562011, "amenity_type": "trunk", "amenity": "D.M. Cortes Avenue", "lgu": "Mandaue City" }, "geometry": { "type": "Point", "coordinates": [ 123.9562011, 10.3397357 ] } },
{ "type": "Feature", "properties": { "id": 1422960944, "lat": 10.3398697, "lon": 123.9564046, "amenity_type": "trunk", "amenity": "D.M. Cortes Avenue", "lgu": "Mandaue City" }, "geometry": { "type": "Point", "coordinates": [ 123.9564046, 10.3398697 ] } },
{ "type": "Feature", "properties": { "id": 1422960948, "lat": 10.3379056, "lon": 123.9541458, "amenity_type": "trunk", "amenity": "D.M. Cortes Avenue", "lgu": "Mandaue City" }, "geometry": { "type": "Point", "coordinates": [ 123.9541458, 10.3379056 ] } },
{ "type": "Feature", "properties": { "id": 1422960949, "lat": 10.3381825, "lon": 123.9544742, "amenity_type": "trunk", "amenity": "D.M. Cortes Avenue", "lgu": "Mandaue City" }, "geometry": { "type": "Point", "coordinates": [ 123.9544742, 10.3381825 ] } },
{ "type": "Feature", "properties": { "id": 1422961438, "lat": 10.3309034, "lon": 123.9481052, "amenity_type": "trunk", "amenity": "D.M. Cortes Avenue", "lgu": "Mandaue City" }, "geometry": { "type": "Point", "coordinates": [ 123.9481052, 10.3309034 ] } },
{ "type": "Feature", "properties": { "id": 1451007722, "lat": 10.3303122, "lon": 123.9352056, "amenity_type": "tertiary", "amenity": "A. del Rosario Street", "lgu": "Mandaue City" }, "geometry": { "type": "Point", "coordinates": [ 123.9352056, 10.3303122 ] } },
{ "type": "Feature", "properties": { "id": 1459384343, "lat": 10.3705287, "lon": 123.9525404, "amenity_type": "tertiary", "amenity": "Cambiohan Street", "lgu": "Mandaue City" }, "geometry": { "type": "Point", "coordinates": [ 123.9525404, 10.3705287 ] } },
{ "type": "Feature", "properties": { "id": 1459614314, "lat": 10.3413057, "lon": 123.9663045, "amenity_type": "tertiary", "amenity": "Unnamed road corridor", "lgu": "Mandaue City" }, "geometry": { "type": "Point", "coordinates": [ 123.9663045, 10.3413057 ] } },
{ "type": "Feature", "properties": { "id": 1459614316, "lat": 10.3387906, "lon": 123.9653914, "amenity_type": "tertiary", "amenity": "Umapad Road", "lgu": "Mandaue City" }, "geometry": { "type": "Point", "coordinates": [ 123.9653914, 10.3387906 ] } },
{ "type": "Feature", "properties": { "id": 1459614317, "lat": 10.336243, "lon": 123.9601301, "amenity_type": "tertiary", "amenity": "Unnamed road corridor", "lgu": "Mandaue City" }, "geometry": { "type": "Point", "coordinates": [ 123.9601301, 10.336243 ] } },
{ "type": "Feature", "properties": { "id": 1460586177, "lat": 10.3960243, "lon": 123.9383991, "amenity_type": "tertiary", "amenity": "Unnamed road corridor", "lgu": "Mandaue City" }, "geometry": { "type": "Point", "coordinates": [ 123.9383991, 10.3960243 ] } },
{ "type": "Feature", "properties": { "id": 1466372571, "lat": 10.3788099, "lon": 123.938788, "amenity_type": "tertiary", "amenity": "Unnamed road corridor", "lgu": "Mandaue City" }, "geometry": { "type": "Point", "coordinates": [ 123.938788, 10.3788099 ] } },
{ "type": "Feature", "properties": { "id": 1466372572, "lat": 10.3787209, "lon": 123.9386424, "amenity_type": "tertiary", "amenity": "Unnamed road corridor", "lgu": "Mandaue City" }, "geometry": { "type": "Point", "coordinates": [ 123.9386424, 10.3787209 ] } },
{ "type": "Feature", "properties": { "id": 1466372577, "lat": 10.3686889, "lon": 123.9431619, "amenity_type": "tertiary", "amenity": "Pedro I. Ouano Street", "lgu": "Mandaue City" }, "geometry": { "type": "Point", "coordinates": [ 123.9431619, 10.3686889 ] } },
{ "type": "Feature", "properties": { "id": 1466372578, "lat": 10.3682635, "lon": 123.9424803, "amenity_type": "tertiary", "amenity": "Pedro I. Ouano Street", "lgu": "Mandaue City" }, "geometry": { "type": "Point", "coordinates": [ 123.9424803, 10.3682635 ] } },
{ "type": "Feature", "properties": { "id": 1469873200, "lat": 10.3731165, "lon": 123.9376266, "amenity_type": "tertiary", "amenity": "Victor Vega Street", "lgu": "Mandaue City" }, "geometry": { "type": "Point", "coordinates": [ 123.9376266, 10.3731165 ] } },
{ "type": "Feature", "properties": { "id": 1469874426, "lat": 10.3671777, "lon": 123.9422492, "amenity_type": "tertiary", "amenity": "Victor Vega Street", "lgu": "Mandaue City" }, "geometry": { "type": "Point", "coordinates": [ 123.9422492, 10.3671777 ] } },
{ "type": "Feature", "properties": { "id": 1471463192, "lat": 10.3786604, "lon": 123.9385402, "amenity_type": "tertiary", "amenity": "Unnamed road corridor", "lgu": "Mandaue City" }, "geometry": { "type": "Point", "coordinates": [ 123.9385402, 10.3786604 ] } },
{ "type": "Feature", "properties": { "id": 1471483135, "lat": 10.3321451, "lon": 123.9354175, "amenity_type": "primary", "amenity": "M.C. Briones Street", "lgu": "Mandaue City" }, "geometry": { "type": "Point", "coordinates": [ 123.9354175, 10.3321451 ] } },
{ "type": "Feature", "properties": { "id": 1471488218, "lat": 10.3707834, "lon": 123.9521524, "amenity_type": "tertiary", "amenity": "Magnolia Street", "lgu": "Mandaue City" }, "geometry": { "type": "Point", "coordinates": [ 123.9521524, 10.3707834 ] } },
{ "type": "Feature", "properties": { "id": 1471743349, "lat": 10.3303782, "lon": 123.9478699, "amenity_type": "primary", "amenity": "A.C. Cortes Avenue", "lgu": "Mandaue City" }, "geometry": { "type": "Point", "coordinates": [ 123.9478699, 10.3303782 ] } },
{ "type": "Feature", "properties": { "id": 1471743350, "lat": 10.3305419, "lon": 123.9478225, "amenity_type": "primary", "amenity": "A.C. Cortes Avenue", "lgu": "Mandaue City" }, "geometry": { "type": "Point", "coordinates": [ 123.9478225, 10.3305419 ] } },
{ "type": "Feature", "properties": { "id": 1471745584, "lat": 10.389855, "lon": 123.9558311, "amenity_type": "tertiary", "amenity": "M. Pepito Street", "lgu": "Mandaue City" }, "geometry": { "type": "Point", "coordinates": [ 123.9558311, 10.389855 ] } },
{ "type": "Feature", "properties": { "id": 1471745585, "lat": 10.3908108, "lon": 123.9561798, "amenity_type": "tertiary", "amenity": "M. Pepito Street", "lgu": "Mandaue City" }, "geometry": { "type": "Point", "coordinates": [ 123.9561798, 10.3908108 ] } },
{ "type": "Feature", "properties": { "id": 1471780840, "lat": 10.368477, "lon": 123.9308941, "amenity_type": "secondary", "amenity": "H. Abellana Street", "lgu": "Mandaue City" }, "geometry": { "type": "Point", "coordinates": [ 123.9308941, 10.368477 ] } },
{ "type": "Feature", "properties": { "id": 1471787353, "lat": 10.3751028, "lon": 123.931889, "amenity_type": "tertiary", "amenity": "Unnamed road corridor", "lgu": "Mandaue City" }, "geometry": { "type": "Point", "coordinates": [ 123.931889, 10.3751028 ] } },
{ "type": "Feature", "properties": { "id": 1471793434, "lat": 10.3767406, "lon": 123.9610266, "amenity_type": "primary", "amenity": "Cebu North Road", "lgu": "Mandaue City" }, "geometry": { "type": "Point", "coordinates": [ 123.9610266, 10.3767406 ] } },
{ "type": "Feature", "properties": { "id": 1471793435, "lat": 10.3768017, "lon": 123.9610249, "amenity_type": "primary", "amenity": "Cebu North Road", "lgu": "Mandaue City" }, "geometry": { "type": "Point", "coordinates": [ 123.9610249, 10.3768017 ] } },
{ "type": "Feature", "properties": { "id": 1471793436, "lat": 10.3769503, "lon": 123.9615042, "amenity_type": "primary", "amenity": "Cebu North Road", "lgu": "Mandaue City" }, "geometry": { "type": "Point", "coordinates": [ 123.9615042, 10.3769503 ] } },
{ "type": "Feature", "properties": { "id": 1471793437, "lat": 10.3770106, "lon": 123.9614918, "amenity_type": "primary", "amenity": "Cebu North Road", "lgu": "Mandaue City" }, "geometry": { "type": "Point", "coordinates": [ 123.9614918, 10.3770106 ] } },
{ "type": "Feature", "properties": { "id": 1471810202, "lat": 10.3391338, "lon": 123.95385, "amenity_type": "primary", "amenity": "United Nations Avenue", "lgu": "Mandaue City" }, "geometry": { "type": "Point", "coordinates": [ 123.95385, 10.3391338 ] } },
{ "type": "Feature", "properties": { "id": 1471810204, "lat": 10.3393445, "lon": 123.9535482, "amenity_type": "primary", "amenity": "United Nations Avenue", "lgu": "Mandaue City" }, "geometry": { "type": "Point", "coordinates": [ 123.9535482, 10.3393445 ] } },
{ "type": "Feature", "properties": { "id": 1471825413, "lat": 10.3449205, "lon": 123.962188, "amenity_type": "trunk", "amenity": "D.M. Cortes Avenue", "lgu": "Mandaue City" }, "geometry": { "type": "Point", "coordinates": [ 123.962188, 10.3449205 ] } },
{ "type": "Feature", "properties": { "id": 1471829165, "lat": 10.3441681, "lon": 123.9652744, "amenity_type": "tertiary", "amenity": "Unnamed road corridor", "lgu": "Mandaue City" }, "geometry": { "type": "Point", "coordinates": [ 123.9652744, 10.3441681 ] } },
{ "type": "Feature", "properties": { "id": 1471829166, "lat": 10.3448841, "lon": 123.9642496, "amenity_type": "tertiary", "amenity": "Unnamed road corridor", "lgu": "Mandaue City" }, "geometry": { "type": "Point", "coordinates": [ 123.9642496, 10.3448841 ] } },
{ "type": "Feature", "properties": { "id": 1471829167, "lat": 10.3456095, "lon": 123.9632225, "amenity_type": "tertiary", "amenity": "Unnamed road corridor", "lgu": "Mandaue City" }, "geometry": { "type": "Point", "coordinates": [ 123.9632225, 10.3456095 ] } },
{ "type": "Feature", "properties": { "id": 1472009514, "lat": 10.3376432, "lon": 123.9579295, "amenity_type": "primary", "amenity": "United Nations Avenue", "lgu": "Mandaue City" }, "geometry": { "type": "Point", "coordinates": [ 123.9579295, 10.3376432 ] } },
{ "type": "Feature", "properties": { "id": 1472009515, "lat": 10.3383903, "lon": 123.9557706, "amenity_type": "primary", "amenity": "United Nations Avenue", "lgu": "Mandaue City" }, "geometry": { "type": "Point", "coordinates": [ 123.9557706, 10.3383903 ] } },
{ "type": "Feature", "properties": { "id": 1472043673, "lat": 10.3433469, "lon": 123.9476329, "amenity_type": "primary", "amenity": "M.C. Briones Street", "lgu": "Mandaue City" }, "geometry": { "type": "Point", "coordinates": [ 123.9476329, 10.3433469 ] } },
{ "type": "Feature", "properties": { "id": 1472097806, "lat": 10.3340245, "lon": 123.9402112, "amenity_type": "tertiary", "amenity": "B. B. Cabahug Street", "lgu": "Mandaue City" }, "geometry": { "type": "Point", "coordinates": [ 123.9402112, 10.3340245 ] } },
{ "type": "Feature", "properties": { "id": 1472440193, "lat": 10.3930181, "lon": 123.9410639, "amenity_type": "tertiary", "amenity": "Unnamed road corridor", "lgu": "Mandaue City" }, "geometry": { "type": "Point", "coordinates": [ 123.9410639, 10.3930181 ] } },
{ "type": "Feature", "properties": { "id": 1472440201, "lat": 10.381402, "lon": 123.9405274, "amenity_type": "tertiary", "amenity": "Unnamed road corridor", "lgu": "Mandaue City" }, "geometry": { "type": "Point", "coordinates": [ 123.9405274, 10.381402 ] } },
{ "type": "Feature", "properties": { "id": 1472440202, "lat": 10.380049, "lon": 123.9397817, "amenity_type": "tertiary", "amenity": "Unnamed road corridor", "lgu": "Mandaue City" }, "geometry": { "type": "Point", "coordinates": [ 123.9397817, 10.380049 ] } },
{ "type": "Feature", "properties": { "id": 1472454613, "lat": 10.3350273, "lon": 123.9400339, "amenity_type": "primary", "amenity": "A.C. Cortes Avenue", "lgu": "Mandaue City" }, "geometry": { "type": "Point", "coordinates": [ 123.9400339, 10.3350273 ] } },
{ "type": "Feature", "properties": { "id": 1472462772, "lat": 10.3559115, "lon": 123.9480868, "amenity_type": "tertiary", "amenity": "P. L. Sanchez Street", "lgu": "Mandaue City" }, "geometry": { "type": "Point", "coordinates": [ 123.9480868, 10.3559115 ] } },
{ "type": "Feature", "properties": { "id": 1472464626, "lat": 10.3718335, "lon": 123.9503253, "amenity_type": "tertiary", "amenity": "Magnolia Street", "lgu": "Mandaue City" }, "geometry": { "type": "Point", "coordinates": [ 123.9503253, 10.3718335 ] } },
{ "type": "Feature", "properties": { "id": 1472464628, "lat": 10.3719269, "lon": 123.9499769, "amenity_type": "tertiary", "amenity": "Magnolia Street", "lgu": "Mandaue City" }, "geometry": { "type": "Point", "coordinates": [ 123.9499769, 10.3719269 ] } },
{ "type": "Feature", "properties": { "id": 1472476015, "lat": 10.379512, "lon": 123.9654004, "amenity_type": "primary", "amenity": "Cebu North Road", "lgu": "Mandaue City" }, "geometry": { "type": "Point", "coordinates": [ 123.9654004, 10.379512 ] } },
{ "type": "Feature", "properties": { "id": 1472477484, "lat": 10.3776171, "lon": 123.9336069, "amenity_type": "tertiary", "amenity": "Unnamed road corridor", "lgu": "Mandaue City" }, "geometry": { "type": "Point", "coordinates": [ 123.9336069, 10.3776171 ] } },
{ "type": "Feature", "properties": { "id": 1472477485, "lat": 10.378278, "lon": 123.9334199, "amenity_type": "tertiary", "amenity": "Unnamed road corridor", "lgu": "Mandaue City" }, "geometry": { "type": "Point", "coordinates": [ 123.9334199, 10.378278 ] } },
{ "type": "Feature", "properties": { "id": 1472477486, "lat": 10.3775538, "lon": 123.9335557, "amenity_type": "tertiary", "amenity": "Unnamed road corridor", "lgu": "Mandaue City" }, "geometry": { "type": "Point", "coordinates": [ 123.9335557, 10.3775538 ] } },
{ "type": "Feature", "properties": { "id": 1472490698, "lat": 10.3312091, "lon": 123.9467707, "amenity_type": "primary", "amenity": "A.C. Cortes Avenue", "lgu": "Mandaue City" }, "geometry": { "type": "Point", "coordinates": [ 123.9467707, 10.3312091 ] } },
{ "type": "Feature", "properties": { "id": 1472504808, "lat": 10.3309388, "lon": 123.9469653, "amenity_type": "primary", "amenity": "A.C. Cortes Avenue", "lgu": "Mandaue City" }, "geometry": { "type": "Point", "coordinates": [ 123.9469653, 10.3309388 ] } },
{ "type": "Feature", "properties": { "id": 1472521189, "lat": 10.3348125, "lon": 123.9394506, "amenity_type": "primary", "amenity": "M.C. Briones Street", "lgu": "Mandaue City" }, "geometry": { "type": "Point", "coordinates": [ 123.9394506, 10.3348125 ] } },
{ "type": "Feature", "properties": { "id": 1472521190, "lat": 10.3349193, "lon": 123.9396061, "amenity_type": "primary", "amenity": "M.C. Briones Street", "lgu": "Mandaue City" }, "geometry": { "type": "Point", "coordinates": [ 123.9396061, 10.3349193 ] } },
{ "type": "Feature", "properties": { "id": 1472521191, "lat": 10.3353159, "lon": 123.9399049, "amenity_type": "primary", "amenity": "M.C. Briones Street", "lgu": "Mandaue City" }, "geometry": { "type": "Point", "coordinates": [ 123.9399049, 10.3353159 ] } },
{ "type": "Feature", "properties": { "id": 1472521192, "lat": 10.3414414, "lon": 123.9472968, "amenity_type": "primary", "amenity": "M.C. Briones Street", "lgu": "Mandaue City" }, "geometry": { "type": "Point", "coordinates": [ 123.9472968, 10.3414414 ] } },
{ "type": "Feature", "properties": { "id": 1472521193, "lat": 10.3416267, "lon": 123.9473928, "amenity_type": "primary", "amenity": "M.C. Briones Street", "lgu": "Mandaue City" }, "geometry": { "type": "Point", "coordinates": [ 123.9473928, 10.3416267 ] } },
{ "type": "Feature", "properties": { "id": 1472521194, "lat": 10.3429837, "lon": 123.9476278, "amenity_type": "primary", "amenity": "Cebu North Road", "lgu": "Mandaue City" }, "geometry": { "type": "Point", "coordinates": [ 123.9476278, 10.3429837 ] } },
{ "type": "Feature", "properties": { "id": 1473669688, "lat": 10.3435238, "lon": 123.947851, "amenity_type": "tertiary", "amenity": "S. E. Jayme Street", "lgu": "Mandaue City" }, "geometry": { "type": "Point", "coordinates": [ 123.947851, 10.3435238 ] } },
{ "type": "Feature", "properties": { "id": 1473706830, "lat": 10.3449865, "lon": 123.962275, "amenity_type": "trunk", "amenity": "D.M. Cortes Avenue", "lgu": "Mandaue City" }, "geometry": { "type": "Point", "coordinates": [ 123.962275, 10.3449865 ] } },
{ "type": "Feature", "properties": { "id": 1473706831, "lat": 10.3449497, "lon": 123.9622265, "amenity_type": "trunk", "amenity": "D.M. Cortes Avenue", "lgu": "Mandaue City" }, "geometry": { "type": "Point", "coordinates": [ 123.9622265, 10.3449497 ] } },
{ "type": "Feature", "properties": { "id": 1473706832, "lat": 10.3452116, "lon": 123.9625725, "amenity_type": "trunk", "amenity": "D.M. Cortes Avenue", "lgu": "Mandaue City" }, "geometry": { "type": "Point", "coordinates": [ 123.9625725, 10.3452116 ] } },
{ "type": "Feature", "properties": { "id": 1473706833, "lat": 10.3394147, "lon": 123.9558782, "amenity_type": "trunk", "amenity": "D.M. Cortes Avenue", "lgu": "Mandaue City" }, "geometry": { "type": "Point", "coordinates": [ 123.9558782, 10.3394147 ] } },
{ "type": "Feature", "properties": { "id": 1473706834, "lat": 10.3392993, "lon": 123.9557559, "amenity_type": "trunk", "amenity": "D.M. Cortes Avenue", "lgu": "Mandaue City" }, "geometry": { "type": "Point", "coordinates": [ 123.9557559, 10.3392993 ] } },
{ "type": "Feature", "properties": { "id": 1473706835, "lat": 10.3390856, "lon": 123.9555285, "amenity_type": "trunk", "amenity": "D.M. Cortes Avenue", "lgu": "Mandaue City" }, "geometry": { "type": "Point", "coordinates": [ 123.9555285, 10.3390856 ] } },
{ "type": "Feature", "properties": { "id": 1473706836, "lat": 10.3391481, "lon": 123.9555951, "amenity_type": "trunk", "amenity": "D.M. Cortes Avenue", "lgu": "Mandaue City" }, "geometry": { "type": "Point", "coordinates": [ 123.9555951, 10.3391481 ] } },
{ "type": "Feature", "properties": { "id": 1473706837, "lat": 10.3389934, "lon": 123.9554293, "amenity_type": "trunk", "amenity": "D.M. Cortes Avenue", "lgu": "Mandaue City" }, "geometry": { "type": "Point", "coordinates": [ 123.9554293, 10.3389934 ] } },
{ "type": "Feature", "properties": { "id": 1473706838, "lat": 10.3384369, "lon": 123.9547758, "amenity_type": "trunk", "amenity": "D.M. Cortes Avenue", "lgu": "Mandaue City" }, "geometry": { "type": "Point", "coordinates": [ 123.9547758, 10.3384369 ] } },
{ "type": "Feature", "properties": { "id": 1474215087, "lat": 10.3331638, "lon": 123.9393135, "amenity_type": "tertiary", "amenity": "B. B. Cabahug Street", "lgu": "Mandaue City" }, "geometry": { "type": "Point", "coordinates": [ 123.9393135, 10.3331638 ] } },
{ "type": "Feature", "properties": { "id": 1474215088, "lat": 10.3311198, "lon": 123.9455864, "amenity_type": "tertiary", "amenity": "P. Burgos Street", "lgu": "Mandaue City" }, "geometry": { "type": "Point", "coordinates": [ 123.9455864, 10.3311198 ] } },
{ "type": "Feature", "properties": { "id": 1474215090, "lat": 10.3314658, "lon": 123.9457376, "amenity_type": "tertiary", "amenity": "P. Burgos Street", "lgu": "Mandaue City" }, "geometry": { "type": "Point", "coordinates": [ 123.9457376, 10.3314658 ] } },
{ "type": "Feature", "properties": { "id": 1474238244, "lat": 10.3437757, "lon": 123.9476012, "amenity_type": "primary", "amenity": "M.C. Briones Street", "lgu": "Mandaue City" }, "geometry": { "type": "Point", "coordinates": [ 123.9476012, 10.3437757 ] } },
{ "type": "Feature", "properties": { "id": 1474238246, "lat": 10.3390516, "lon": 123.9543712, "amenity_type": "primary", "amenity": "United Nations Avenue", "lgu": "Mandaue City" }, "geometry": { "type": "Point", "coordinates": [ 123.9543712, 10.3390516 ] } },
{ "type": "Feature", "properties": { "id": 1475638812, "lat": 10.3932984, "lon": 123.9609416, "amenity_type": "tertiary", "amenity": "Diversion Road", "lgu": "Mandaue City" }, "geometry": { "type": "Point", "coordinates": [ 123.9609416, 10.3932984 ] } },
{ "type": "Feature", "properties": { "id": 1480376164, "lat": 10.3995501, "lon": 123.9526013, "amenity_type": "tertiary", "amenity": "Unnamed road corridor", "lgu": "Mandaue City" }, "geometry": { "type": "Point", "coordinates": [ 123.9526013, 10.3995501 ] } },
{ "type": "Feature", "properties": { "id": 1480425821, "lat": 10.3348027, "lon": 123.9393125, "amenity_type": "primary", "amenity": "Maguikay Flyover", "lgu": "Mandaue City" }, "geometry": { "type": "Point", "coordinates": [ 123.9393125, 10.3348027 ] } },
{ "type": "Feature", "properties": { "id": 1480425822, "lat": 10.3744572, "lon": 123.9604044, "amenity_type": "tertiary", "amenity": "V & G Drive", "lgu": "Mandaue City" }, "geometry": { "type": "Point", "coordinates": [ 123.9604044, 10.3744572 ] } },
{ "type": "Feature", "properties": { "id": 1490201807, "lat": 10.3751289, "lon": 123.9362135, "amenity_type": "tertiary", "amenity": "Victor Vega Street", "lgu": "Mandaue City" }, "geometry": { "type": "Point", "coordinates": [ 123.9362135, 10.3751289 ] } },
{ "type": "Feature", "properties": { "id": 27751190, "lat": 10.3199493, "lon": 123.9555674, "amenity_type": "primary", "amenity": "Mandaue-Mactan Bridge", "lgu": "Lapu-Lapu City" }, "geometry": { "type": "Point", "coordinates": [ 123.9555674, 10.3199493 ] } },
{ "type": "Feature", "properties": { "id": 28811051, "lat": 10.2819247, "lon": 123.9905141, "amenity_type": "primary", "amenity": "Mactan Circumferential Road", "lgu": "Lapu-Lapu City" }, "geometry": { "type": "Point", "coordinates": [ 123.9905141, 10.2819247 ] } },
{ "type": "Feature", "properties": { "id": 28811131, "lat": 10.3273323, "lon": 123.9790435, "amenity_type": "primary", "amenity": "Manuel L. Quezon National Highway", "lgu": "Lapu-Lapu City" }, "geometry": { "type": "Point", "coordinates": [ 123.9790435, 10.3273323 ] } },
{ "type": "Feature", "properties": { "id": 28811294, "lat": 10.2881929, "lon": 123.9993726, "amenity_type": "primary", "amenity": "Mactan Circumferential Road", "lgu": "Lapu-Lapu City" }, "geometry": { "type": "Point", "coordinates": [ 123.9993726, 10.2881929 ] } },
{ "type": "Feature", "properties": { "id": 28811351, "lat": 10.2809109, "lon": 123.9719158, "amenity_type": "primary", "amenity": "Basak - Marigondon Road", "lgu": "Lapu-Lapu City" }, "geometry": { "type": "Point", "coordinates": [ 123.9719158, 10.2809109 ] } },
{ "type": "Feature", "properties": { "id": 28811719, "lat": 10.3301354, "lon": 123.9837844, "amenity_type": "primary", "amenity": "Manuel L. Quezon National Highway", "lgu": "Lapu-Lapu City" }, "geometry": { "type": "Point", "coordinates": [ 123.9837844, 10.3301354 ] } },
{ "type": "Feature", "properties": { "id": 28832919, "lat": 10.3237413, "lon": 123.9432896, "amenity_type": "trunk", "amenity": "Don Andres Soriano Avenue", "lgu": "Lapu-Lapu City" }, "geometry": { "type": "Point", "coordinates": [ 123.9432896, 10.3237413 ] } },
{ "type": "Feature", "properties": { "id": 28960131, "lat": 10.3232647, "lon": 123.9694178, "amenity_type": "primary", "amenity": "Marcelo Fernan Bridge", "lgu": "Lapu-Lapu City" }, "geometry": { "type": "Point", "coordinates": [ 123.9694178, 10.3232647 ] } },
{ "type": "Feature", "properties": { "id": 29397382, "lat": 10.3110512, "lon": 123.9486207, "amenity_type": "primary", "amenity": "Lopez Jaena Street", "lgu": "Lapu-Lapu City" }, "geometry": { "type": "Point", "coordinates": [ 123.9486207, 10.3110512 ] } },
{ "type": "Feature", "properties": { "id": 32834716, "lat": 10.2923892, "lon": 123.967919, "amenity_type": "secondary", "amenity": "General Aviation Road", "lgu": "Lapu-Lapu City" }, "geometry": { "type": "Point", "coordinates": [ 123.967919, 10.2923892 ] } },
{ "type": "Feature", "properties": { "id": 47872167, "lat": 10.3041888, "lon": 123.9801811, "amenity_type": "secondary", "amenity": "General Aviation Road", "lgu": "Lapu-Lapu City" }, "geometry": { "type": "Point", "coordinates": [ 123.9801811, 10.3041888 ] } },
{ "type": "Feature", "properties": { "id": 48169169, "lat": 10.3292898, "lon": 123.9316554, "amenity_type": "primary", "amenity": "M.C. Briones Street", "lgu": "Lapu-Lapu City" }, "geometry": { "type": "Point", "coordinates": [ 123.9316554, 10.3292898 ] } },
{ "type": "Feature", "properties": { "id": 51816634, "lat": 10.3241758, "lon": 123.942222, "amenity_type": "trunk", "amenity": "Don Andres Soriano Avenue", "lgu": "Lapu-Lapu City" }, "geometry": { "type": "Point", "coordinates": [ 123.942222, 10.3241758 ] } },
{ "type": "Feature", "properties": { "id": 72370222, "lat": 10.2720739, "lon": 123.9457701, "amenity_type": "primary", "amenity": "Manuel L. Quezon National Highway", "lgu": "Lapu-Lapu City" }, "geometry": { "type": "Point", "coordinates": [ 123.9457701, 10.2720739 ] } },
{ "type": "Feature", "properties": { "id": 72370223, "lat": 10.2633339, "lon": 123.9476488, "amenity_type": "primary", "amenity": "Manuel L. Quezon National Highway", "lgu": "Lapu-Lapu City" }, "geometry": { "type": "Point", "coordinates": [ 123.9476488, 10.2633339 ] } },
{ "type": "Feature", "properties": { "id": 72370224, "lat": 10.2920225, "lon": 123.9454456, "amenity_type": "primary", "amenity": "Tiangge Road", "lgu": "Lapu-Lapu City" }, "geometry": { "type": "Point", "coordinates": [ 123.9454456, 10.2920225 ] } },
{ "type": "Feature", "properties": { "id": 72370225, "lat": 10.2785336, "lon": 123.9450446, "amenity_type": "primary", "amenity": "Manuel L. Quezon National Highway", "lgu": "Lapu-Lapu City" }, "geometry": { "type": "Point", "coordinates": [ 123.9450446, 10.2785336 ] } },
{ "type": "Feature", "properties": { "id": 72370227, "lat": 10.2714062, "lon": 123.9707269, "amenity_type": "primary", "amenity": "Mactan Circumferential National Road", "lgu": "Lapu-Lapu City" }, "geometry": { "type": "Point", "coordinates": [ 123.9707269, 10.2714062 ] } },
{ "type": "Feature", "properties": { "id": 76158514, "lat": 10.3193868, "lon": 123.9308918, "amenity_type": "secondary", "amenity": "E.O. Perez Street", "lgu": "Lapu-Lapu City" }, "geometry": { "type": "Point", "coordinates": [ 123.9308918, 10.3193868 ] } },
{ "type": "Feature", "properties": { "id": 77592870, "lat": 10.3244987, "lon": 123.9413232, "amenity_type": "trunk", "amenity": "Don Andres Soriano Avenue", "lgu": "Lapu-Lapu City" }, "geometry": { "type": "Point", "coordinates": [ 123.9413232, 10.3244987 ] } },
{ "type": "Feature", "properties": { "id": 77594102, "lat": 10.3247663, "lon": 123.936039, "amenity_type": "trunk", "amenity": "Ouano Avenue", "lgu": "Lapu-Lapu City" }, "geometry": { "type": "Point", "coordinates": [ 123.936039, 10.3247663 ] } },
{ "type": "Feature", "properties": { "id": 77594104, "lat": 10.3246488, "lon": 123.9413498, "amenity_type": "trunk", "amenity": "Ouano Avenue", "lgu": "Lapu-Lapu City" }, "geometry": { "type": "Point", "coordinates": [ 123.9413498, 10.3246488 ] } },
{ "type": "Feature", "properties": { "id": 77709881, "lat": 10.3209838, "lon": 123.9674485, "amenity_type": "primary", "amenity": "Manuel L. Quezon National Highway", "lgu": "Lapu-Lapu City" }, "geometry": { "type": "Point", "coordinates": [ 123.9674485, 10.3209838 ] } },
{ "type": "Feature", "properties": { "id": 77709883, "lat": 10.315933, "lon": 123.9577029, "amenity_type": "primary", "amenity": "Maximo V. Patalinjug Jr. Avenue", "lgu": "Lapu-Lapu City" }, "geometry": { "type": "Point", "coordinates": [ 123.9577029, 10.315933 ] } },
{ "type": "Feature", "properties": { "id": 77709886, "lat": 10.3144711, "lon": 123.9584497, "amenity_type": "primary", "amenity": "Maximo V. Patalinjug Jr. Avenue", "lgu": "Lapu-Lapu City" }, "geometry": { "type": "Point", "coordinates": [ 123.9584497, 10.3144711 ] } },
{ "type": "Feature", "properties": { "id": 77709890, "lat": 10.3227303, "lon": 123.9705902, "amenity_type": "primary", "amenity": "Manuel L. Quezon National Highway", "lgu": "Lapu-Lapu City" }, "geometry": { "type": "Point", "coordinates": [ 123.9705902, 10.3227303 ] } },
{ "type": "Feature", "properties": { "id": 77709891, "lat": 10.3246965, "lon": 123.9744674, "amenity_type": "primary", "amenity": "Manuel L. Quezon National Highway", "lgu": "Lapu-Lapu City" }, "geometry": { "type": "Point", "coordinates": [ 123.9744674, 10.3246965 ] } },
{ "type": "Feature", "properties": { "id": 77709893, "lat": 10.3226359, "lon": 123.9700725, "amenity_type": "primary", "amenity": "Manuel L. Quezon National Highway", "lgu": "Lapu-Lapu City" }, "geometry": { "type": "Point", "coordinates": [ 123.9700725, 10.3226359 ] } },
{ "type": "Feature", "properties": { "id": 77710789, "lat": 10.3125542, "lon": 123.9599043, "amenity_type": "primary", "amenity": "Maximo V. Patalinjug Jr. Avenue", "lgu": "Lapu-Lapu City" }, "geometry": { "type": "Point", "coordinates": [ 123.9599043, 10.3125542 ] } },
{ "type": "Feature", "properties": { "id": 80316635, "lat": 10.3192437, "lon": 123.9308757, "amenity_type": "secondary", "amenity": "E.O. Perez Street", "lgu": "Lapu-Lapu City" }, "geometry": { "type": "Point", "coordinates": [ 123.9308757, 10.3192437 ] } },
{ "type": "Feature", "properties": { "id": 95609407, "lat": 10.323897, "lon": 123.9428591, "amenity_type": "trunk", "amenity": "Don Andres Soriano Avenue", "lgu": "Lapu-Lapu City" }, "geometry": { "type": "Point", "coordinates": [ 123.9428591, 10.323897 ] } },
{ "type": "Feature", "properties": { "id": 95609408, "lat": 10.3238146, "lon": 123.9435542, "amenity_type": "trunk", "amenity": "D.M. Cortes Avenue", "lgu": "Lapu-Lapu City" }, "geometry": { "type": "Point", "coordinates": [ 123.9435542, 10.3238146 ] } },
{ "type": "Feature", "properties": { "id": 97908353, "lat": 10.3280469, "lon": 123.9511121, "amenity_type": "primary", "amenity": "A.C. Cortes Avenue", "lgu": "Lapu-Lapu City" }, "geometry": { "type": "Point", "coordinates": [ 123.9511121, 10.3280469 ] } },
{ "type": "Feature", "properties": { "id": 99448653, "lat": 10.3102348, "lon": 123.9997856, "amenity_type": "secondary", "amenity": "Mactan Airport Road", "lgu": "Lapu-Lapu City" }, "geometry": { "type": "Point", "coordinates": [ 123.9997856, 10.3102348 ] } },
{ "type": "Feature", "properties": { "id": 99448685, "lat": 10.3172886, "lon": 123.9928398, "amenity_type": "secondary", "amenity": "General Aviation Road", "lgu": "Lapu-Lapu City" }, "geometry": { "type": "Point", "coordinates": [ 123.9928398, 10.3172886 ] } },
{ "type": "Feature", "properties": { "id": 99981651, "lat": 10.3125141, "lon": 123.988292, "amenity_type": "secondary", "amenity": "General Aviation Road", "lgu": "Lapu-Lapu City" }, "geometry": { "type": "Point", "coordinates": [ 123.988292, 10.3125141 ] } },
{ "type": "Feature", "properties": { "id": 102243432, "lat": 10.3245362, "lon": 123.9412219, "amenity_type": "trunk", "amenity": "Ouano Avenue", "lgu": "Lapu-Lapu City" }, "geometry": { "type": "Point", "coordinates": [ 123.9412219, 10.3245362 ] } },
{ "type": "Feature", "properties": { "id": 102243433, "lat": 10.3247014, "lon": 123.941234, "amenity_type": "trunk", "amenity": "Ouano Avenue", "lgu": "Lapu-Lapu City" }, "geometry": { "type": "Point", "coordinates": [ 123.941234, 10.3247014 ] } },
{ "type": "Feature", "properties": { "id": 102243434, "lat": 10.3250557, "lon": 123.9403307, "amenity_type": "trunk", "amenity": "Ouano Avenue", "lgu": "Lapu-Lapu City" }, "geometry": { "type": "Point", "coordinates": [ 123.9403307, 10.3250557 ] } },
{ "type": "Feature", "properties": { "id": 102243435, "lat": 10.3245623, "lon": 123.9411468, "amenity_type": "trunk", "amenity": "Ouano Avenue", "lgu": "Lapu-Lapu City" }, "geometry": { "type": "Point", "coordinates": [ 123.9411468, 10.3245623 ] } },
{ "type": "Feature", "properties": { "id": 102381377, "lat": 10.3227861, "lon": 123.9695113, "amenity_type": "primary", "amenity": "Marcelo Fernan Bridge", "lgu": "Lapu-Lapu City" }, "geometry": { "type": "Point", "coordinates": [ 123.9695113, 10.3227861 ] } },
{ "type": "Feature", "properties": { "id": 207885571, "lat": 10.295231, "lon": 123.9710677, "amenity_type": "secondary", "amenity": "General Aviation Road", "lgu": "Lapu-Lapu City" }, "geometry": { "type": "Point", "coordinates": [ 123.9710677, 10.295231 ] } },
{ "type": "Feature", "properties": { "id": 207885572, "lat": 10.2957689, "lon": 123.964803, "amenity_type": "primary", "amenity": "Maximo V. Patalinjug Jr. Avenue", "lgu": "Lapu-Lapu City" }, "geometry": { "type": "Point", "coordinates": [ 123.964803, 10.2957689 ] } },
{ "type": "Feature", "properties": { "id": 207885574, "lat": 10.2910295, "lon": 123.9670524, "amenity_type": "primary", "amenity": "Maximo V. Patalinjug Jr. Avenue", "lgu": "Lapu-Lapu City" }, "geometry": { "type": "Point", "coordinates": [ 123.9670524, 10.2910295 ] } },
{ "type": "Feature", "properties": { "id": 209908204, "lat": 10.3130484, "lon": 123.9562722, "amenity_type": "primary", "amenity": "Manuel L. Quezon National Highway", "lgu": "Lapu-Lapu City" }, "geometry": { "type": "Point", "coordinates": [ 123.9562722, 10.3130484 ] } },
{ "type": "Feature", "properties": { "id": 209908214, "lat": 10.3165115, "lon": 123.9613965, "amenity_type": "primary", "amenity": "Manuel L. Quezon National Highway", "lgu": "Lapu-Lapu City" }, "geometry": { "type": "Point", "coordinates": [ 123.9613965, 10.3165115 ] } },
{ "type": "Feature", "properties": { "id": 209908220, "lat": 10.3143397, "lon": 123.9583362, "amenity_type": "primary", "amenity": "Manuel L. Quezon National Highway", "lgu": "Lapu-Lapu City" }, "geometry": { "type": "Point", "coordinates": [ 123.9583362, 10.3143397 ] } },
{ "type": "Feature", "properties": { "id": 209909203, "lat": 10.3144416, "lon": 123.9583264, "amenity_type": "primary", "amenity": "Manuel L. Quezon National Highway", "lgu": "Lapu-Lapu City" }, "geometry": { "type": "Point", "coordinates": [ 123.9583264, 10.3144416 ] } },
{ "type": "Feature", "properties": { "id": 209909205, "lat": 10.3127732, "lon": 123.9596262, "amenity_type": "primary", "amenity": "Maximo V. Patalinjug Jr. Avenue", "lgu": "Lapu-Lapu City" }, "geometry": { "type": "Point", "coordinates": [ 123.9596262, 10.3127732 ] } },
{ "type": "Feature", "properties": { "id": 234946828, "lat": 10.3185543, "lon": 123.9320306, "amenity_type": "secondary", "amenity": "E.O. Perez Street", "lgu": "Lapu-Lapu City" }, "geometry": { "type": "Point", "coordinates": [ 123.9320306, 10.3185543 ] } },
{ "type": "Feature", "properties": { "id": 234947388, "lat": 10.3193668, "lon": 123.9306208, "amenity_type": "secondary", "amenity": "E.O. Perez Street", "lgu": "Lapu-Lapu City" }, "geometry": { "type": "Point", "coordinates": [ 123.9306208, 10.3193668 ] } },
{ "type": "Feature", "properties": { "id": 234947389, "lat": 10.3145988, "lon": 123.9587202, "amenity_type": "primary", "amenity": "Manuel L. Quezon National Highway", "lgu": "Lapu-Lapu City" }, "geometry": { "type": "Point", "coordinates": [ 123.9587202, 10.3145988 ] } },
{ "type": "Feature", "properties": { "id": 234947396, "lat": 10.3110177, "lon": 123.9516295, "amenity_type": "primary", "amenity": "G. Y. Dela Serna Street", "lgu": "Lapu-Lapu City" }, "geometry": { "type": "Point", "coordinates": [ 123.9516295, 10.3110177 ] } },
{ "type": "Feature", "properties": { "id": 234947398, "lat": 10.3128407, "lon": 123.9518531, "amenity_type": "primary", "amenity": "A. L. Ngujo Sr. Street", "lgu": "Lapu-Lapu City" }, "geometry": { "type": "Point", "coordinates": [ 123.9518531, 10.3128407 ] } },
{ "type": "Feature", "properties": { "id": 234947402, "lat": 10.3116332, "lon": 123.9539497, "amenity_type": "primary", "amenity": "Manuel Luis Quezon National Highway", "lgu": "Lapu-Lapu City" }, "geometry": { "type": "Point", "coordinates": [ 123.9539497, 10.3116332 ] } },
{ "type": "Feature", "properties": { "id": 235150258, "lat": 10.3247682, "lon": 123.9360275, "amenity_type": "trunk", "amenity": "Ouano Avenue", "lgu": "Lapu-Lapu City" }, "geometry": { "type": "Point", "coordinates": [ 123.9360275, 10.3247682 ] } },
{ "type": "Feature", "properties": { "id": 235314846, "lat": 10.3195492, "lon": 123.9308294, "amenity_type": "trunk", "amenity": "Ouano Avenue", "lgu": "Lapu-Lapu City" }, "geometry": { "type": "Point", "coordinates": [ 123.9308294, 10.3195492 ] } },
{ "type": "Feature", "properties": { "id": 235317804, "lat": 10.325338, "lon": 123.9370067, "amenity_type": "trunk", "amenity": "Ouano Avenue", "lgu": "Lapu-Lapu City" }, "geometry": { "type": "Point", "coordinates": [ 123.9370067, 10.325338 ] } },
{ "type": "Feature", "properties": { "id": 235626191, "lat": 10.3127259, "lon": 123.9533994, "amenity_type": "primary", "amenity": "A. L. Ngujo Sr. Street", "lgu": "Lapu-Lapu City" }, "geometry": { "type": "Point", "coordinates": [ 123.9533994, 10.3127259 ] } },
{ "type": "Feature", "properties": { "id": 235626314, "lat": 10.3235641, "lon": 123.9719881, "amenity_type": "primary", "amenity": "Manuel L. Quezon National Highway", "lgu": "Lapu-Lapu City" }, "geometry": { "type": "Point", "coordinates": [ 123.9719881, 10.3235641 ] } },
{ "type": "Feature", "properties": { "id": 235626350, "lat": 10.3269154, "lon": 123.9784786, "amenity_type": "primary", "amenity": "Manuel L. Quezon National Highway", "lgu": "Lapu-Lapu City" }, "geometry": { "type": "Point", "coordinates": [ 123.9784786, 10.3269154 ] } },
{ "type": "Feature", "properties": { "id": 235627272, "lat": 10.3099096, "lon": 123.9491185, "amenity_type": "primary", "amenity": "G. Y. Dela Serna Street", "lgu": "Lapu-Lapu City" }, "geometry": { "type": "Point", "coordinates": [ 123.9491185, 10.3099096 ] } },
{ "type": "Feature", "properties": { "id": 235627273, "lat": 10.3120413, "lon": 123.9503286, "amenity_type": "primary", "amenity": "Lopez Jaena Street", "lgu": "Lapu-Lapu City" }, "geometry": { "type": "Point", "coordinates": [ 123.9503286, 10.3120413 ] } },
{ "type": "Feature", "properties": { "id": 235627274, "lat": 10.3101015, "lon": 123.9481502, "amenity_type": "primary", "amenity": "P. Rodriguez Street", "lgu": "Lapu-Lapu City" }, "geometry": { "type": "Point", "coordinates": [ 123.9481502, 10.3101015 ] } },
{ "type": "Feature", "properties": { "id": 235723558, "lat": 10.3223715, "lon": 123.9695393, "amenity_type": "primary", "amenity": "Manuel L. Quezon National Highway", "lgu": "Lapu-Lapu City" }, "geometry": { "type": "Point", "coordinates": [ 123.9695393, 10.3223715 ] } },
{ "type": "Feature", "properties": { "id": 237982302, "lat": 10.32566, "lon": 123.9387445, "amenity_type": "trunk", "amenity": "Ouano Avenue", "lgu": "Lapu-Lapu City" }, "geometry": { "type": "Point", "coordinates": [ 123.9387445, 10.32566 ] } },
{ "type": "Feature", "properties": { "id": 237983880, "lat": 10.3251692, "lon": 123.9395439, "amenity_type": "trunk", "amenity": "Ouano Avenue", "lgu": "Lapu-Lapu City" }, "geometry": { "type": "Point", "coordinates": [ 123.9395439, 10.3251692 ] } },
{ "type": "Feature", "properties": { "id": 237986163, "lat": 10.3295071, "lon": 123.931694, "amenity_type": "primary", "amenity": "M.C. Briones Street", "lgu": "Lapu-Lapu City" }, "geometry": { "type": "Point", "coordinates": [ 123.931694, 10.3295071 ] } },
{ "type": "Feature", "properties": { "id": 238044525, "lat": 10.3280908, "lon": 123.946419, "amenity_type": "trunk", "amenity": "D.M. Cortes Avenue", "lgu": "Lapu-Lapu City" }, "geometry": { "type": "Point", "coordinates": [ 123.946419, 10.3280908 ] } },
{ "type": "Feature", "properties": { "id": 244648551, "lat": 10.3184259, "lon": 123.9325046, "amenity_type": "secondary", "amenity": "E.O. Perez Street", "lgu": "Lapu-Lapu City" }, "geometry": { "type": "Point", "coordinates": [ 123.9325046, 10.3184259 ] } },
{ "type": "Feature", "properties": { "id": 420014429, "lat": 10.3104303, "lon": 124.0110976, "amenity_type": "primary", "amenity": "Mactan Circumferential Road", "lgu": "Lapu-Lapu City" }, "geometry": { "type": "Point", "coordinates": [ 124.0110976, 10.3104303 ] } },
{ "type": "Feature", "properties": { "id": 420014430, "lat": 10.3104289, "lon": 124.0110672, "amenity_type": "primary", "amenity": "Mactan Circumferential Road", "lgu": "Lapu-Lapu City" }, "geometry": { "type": "Point", "coordinates": [ 124.0110672, 10.3104289 ] } },
{ "type": "Feature", "properties": { "id": 558411398, "lat": 10.2704896, "lon": 123.9438274, "amenity_type": "trunk", "amenity": "Cebu-Cordova Link Expressway", "lgu": "Lapu-Lapu City" }, "geometry": { "type": "Point", "coordinates": [ 123.9438274, 10.2704896 ] } },
{ "type": "Feature", "properties": { "id": 589178640, "lat": 10.3237539, "lon": 123.9685693, "amenity_type": "primary", "amenity": "Marcelo Fernan Bridge", "lgu": "Lapu-Lapu City" }, "geometry": { "type": "Point", "coordinates": [ 123.9685693, 10.3237539 ] } },
{ "type": "Feature", "properties": { "id": 589178641, "lat": 10.3229904, "lon": 123.9710694, "amenity_type": "primary", "amenity": "Marcelo Fernan Bridge", "lgu": "Lapu-Lapu City" }, "geometry": { "type": "Point", "coordinates": [ 123.9710694, 10.3229904 ] } },
{ "type": "Feature", "properties": { "id": 590000489, "lat": 10.2841808, "lon": 123.9443443, "amenity_type": "primary", "amenity": "Tiangge Road", "lgu": "Lapu-Lapu City" }, "geometry": { "type": "Point", "coordinates": [ 123.9443443, 10.2841808 ] } },
{ "type": "Feature", "properties": { "id": 590032322, "lat": 10.3248959, "lon": 123.9529179, "amenity_type": "primary", "amenity": "A.C. Cortes Avenue", "lgu": "Lapu-Lapu City" }, "geometry": { "type": "Point", "coordinates": [ 123.9529179, 10.3248959 ] } },
{ "type": "Feature", "properties": { "id": 590032352, "lat": 10.3243612, "lon": 123.9418127, "amenity_type": "trunk", "amenity": "Don Andres Soriano Avenue", "lgu": "Lapu-Lapu City" }, "geometry": { "type": "Point", "coordinates": [ 123.9418127, 10.3243612 ] } },
{ "type": "Feature", "properties": { "id": 594406447, "lat": 10.3250906, "lon": 123.9444685, "amenity_type": "trunk", "amenity": "D.M. Cortes Avenue", "lgu": "Lapu-Lapu City" }, "geometry": { "type": "Point", "coordinates": [ 123.9444685, 10.3250906 ] } },
{ "type": "Feature", "properties": { "id": 594406448, "lat": 10.3239711, "lon": 123.9436958, "amenity_type": "trunk", "amenity": "D.M. Cortes Avenue", "lgu": "Lapu-Lapu City" }, "geometry": { "type": "Point", "coordinates": [ 123.9436958, 10.3239711 ] } },
{ "type": "Feature", "properties": { "id": 627388258, "lat": 10.3218651, "lon": 123.9326344, "amenity_type": "trunk", "amenity": "Ouano Avenue", "lgu": "Lapu-Lapu City" }, "geometry": { "type": "Point", "coordinates": [ 123.9326344, 10.3218651 ] } },
{ "type": "Feature", "properties": { "id": 665725062, "lat": 10.3239035, "lon": 123.9534558, "amenity_type": "primary", "amenity": "A.C. Cortes Avenue", "lgu": "Lapu-Lapu City" }, "geometry": { "type": "Point", "coordinates": [ 123.9534558, 10.3239035 ] } },
{ "type": "Feature", "properties": { "id": 665725063, "lat": 10.3199655, "lon": 123.9555992, "amenity_type": "primary", "amenity": "Mandaue-Mactan Bridge", "lgu": "Lapu-Lapu City" }, "geometry": { "type": "Point", "coordinates": [ 123.9555992, 10.3199655 ] } },
{ "type": "Feature", "properties": { "id": 665725064, "lat": 10.3150837, "lon": 123.958131, "amenity_type": "primary", "amenity": "Maximo V. Patalinjug Jr. Avenue", "lgu": "Lapu-Lapu City" }, "geometry": { "type": "Point", "coordinates": [ 123.958131, 10.3150837 ] } },
{ "type": "Feature", "properties": { "id": 665725065, "lat": 10.3147014, "lon": 123.9584192, "amenity_type": "primary", "amenity": "Maximo V. Patalinjug Jr. Avenue", "lgu": "Lapu-Lapu City" }, "geometry": { "type": "Point", "coordinates": [ 123.9584192, 10.3147014 ] } },
{ "type": "Feature", "properties": { "id": 691846605, "lat": 10.3159271, "lon": 123.9577555, "amenity_type": "primary", "amenity": "Maximo V. Patalinjug Jr. Avenue", "lgu": "Lapu-Lapu City" }, "geometry": { "type": "Point", "coordinates": [ 123.9577555, 10.3159271 ] } },
{ "type": "Feature", "properties": { "id": 691846606, "lat": 10.3252041, "lon": 123.9528145, "amenity_type": "primary", "amenity": "A.C. Cortes Avenue", "lgu": "Lapu-Lapu City" }, "geometry": { "type": "Point", "coordinates": [ 123.9528145, 10.3252041 ] } },
{ "type": "Feature", "properties": { "id": 749734944, "lat": 10.3033718, "lon": 124.0058557, "amenity_type": "primary", "amenity": "Mactan Circumferential Road", "lgu": "Lapu-Lapu City" }, "geometry": { "type": "Point", "coordinates": [ 124.0058557, 10.3033718 ] } },
{ "type": "Feature", "properties": { "id": 784991223, "lat": 10.3142188, "lon": 123.9580578, "amenity_type": "primary", "amenity": "Manuel L. Quezon National Highway", "lgu": "Lapu-Lapu City" }, "geometry": { "type": "Point", "coordinates": [ 123.9580578, 10.3142188 ] } },
{ "type": "Feature", "properties": { "id": 784991224, "lat": 10.3146582, "lon": 123.9583466, "amenity_type": "primary", "amenity": "Maximo V. Patalinjug Jr. Avenue", "lgu": "Lapu-Lapu City" }, "geometry": { "type": "Point", "coordinates": [ 123.9583466, 10.3146582 ] } },
{ "type": "Feature", "properties": { "id": 784991225, "lat": 10.3143161, "lon": 123.9585456, "amenity_type": "primary", "amenity": "Maximo V. Patalinjug Jr. Avenue", "lgu": "Lapu-Lapu City" }, "geometry": { "type": "Point", "coordinates": [ 123.9585456, 10.3143161 ] } },
{ "type": "Feature", "properties": { "id": 784991226, "lat": 10.314519, "lon": 123.9585252, "amenity_type": "primary", "amenity": "Maximo V. Patalinjug Jr. Avenue", "lgu": "Lapu-Lapu City" }, "geometry": { "type": "Point", "coordinates": [ 123.9585252, 10.314519 ] } },
{ "type": "Feature", "properties": { "id": 784991227, "lat": 10.3144552, "lon": 123.9585116, "amenity_type": "primary", "amenity": "Manuel L. Quezon National Highway", "lgu": "Lapu-Lapu City" }, "geometry": { "type": "Point", "coordinates": [ 123.9585116, 10.3144552 ] } },
{ "type": "Feature", "properties": { "id": 784991228, "lat": 10.3141572, "lon": 123.9580433, "amenity_type": "primary", "amenity": "Manuel L. Quezon National Highway", "lgu": "Lapu-Lapu City" }, "geometry": { "type": "Point", "coordinates": [ 123.9580433, 10.3141572 ] } },
{ "type": "Feature", "properties": { "id": 784991229, "lat": 10.3145349, "lon": 123.9584632, "amenity_type": "primary", "amenity": "Manuel L. Quezon National Highway", "lgu": "Lapu-Lapu City" }, "geometry": { "type": "Point", "coordinates": [ 123.9584632, 10.3145349 ] } },
{ "type": "Feature", "properties": { "id": 784991230, "lat": 10.314667, "lon": 123.9586599, "amenity_type": "primary", "amenity": "Manuel L. Quezon National Highway", "lgu": "Lapu-Lapu City" }, "geometry": { "type": "Point", "coordinates": [ 123.9586599, 10.314667 ] } },
{ "type": "Feature", "properties": { "id": 853610904, "lat": 10.3105439, "lon": 123.9505211, "amenity_type": "primary", "amenity": "G. Y. Dela Serna Street", "lgu": "Lapu-Lapu City" }, "geometry": { "type": "Point", "coordinates": [ 123.9505211, 10.3105439 ] } },
{ "type": "Feature", "properties": { "id": 853610907, "lat": 10.3121102, "lon": 123.9545839, "amenity_type": "primary", "amenity": "A. L. Ngujo Sr. Street", "lgu": "Lapu-Lapu City" }, "geometry": { "type": "Point", "coordinates": [ 123.9545839, 10.3121102 ] } },
{ "type": "Feature", "properties": { "id": 854426065, "lat": 10.326203, "lon": 123.9452416, "amenity_type": "trunk", "amenity": "D.M. Cortes Avenue", "lgu": "Lapu-Lapu City" }, "geometry": { "type": "Point", "coordinates": [ 123.9452416, 10.326203 ] } },
{ "type": "Feature", "properties": { "id": 855826461, "lat": 10.3244714, "lon": 123.9413933, "amenity_type": "trunk", "amenity": "Don Andres Soriano Avenue", "lgu": "Lapu-Lapu City" }, "geometry": { "type": "Point", "coordinates": [ 123.9413933, 10.3244714 ] } },
{ "type": "Feature", "properties": { "id": 855826462, "lat": 10.3246041, "lon": 123.9414509, "amenity_type": "trunk", "amenity": "Don Andres Soriano Avenue", "lgu": "Lapu-Lapu City" }, "geometry": { "type": "Point", "coordinates": [ 123.9414509, 10.3246041 ] } },
{ "type": "Feature", "properties": { "id": 860501103, "lat": 10.3264947, "lon": 123.95205, "amenity_type": "primary", "amenity": "A.C. Cortes Avenue", "lgu": "Lapu-Lapu City" }, "geometry": { "type": "Point", "coordinates": [ 123.95205, 10.3264947 ] } },
{ "type": "Feature", "properties": { "id": 860501104, "lat": 10.3239264, "lon": 123.953483, "amenity_type": "primary", "amenity": "A.C. Cortes Avenue", "lgu": "Lapu-Lapu City" }, "geometry": { "type": "Point", "coordinates": [ 123.953483, 10.3239264 ] } },
{ "type": "Feature", "properties": { "id": 894056386, "lat": 10.3263734, "lon": 123.9453724, "amenity_type": "trunk", "amenity": "D.M. Cortes Avenue", "lgu": "Lapu-Lapu City" }, "geometry": { "type": "Point", "coordinates": [ 123.9453724, 10.3263734 ] } },
{ "type": "Feature", "properties": { "id": 894980838, "lat": 10.2756497, "lon": 123.9508855, "amenity_type": "primary", "amenity": "Cordova Bypass Road", "lgu": "Lapu-Lapu City" }, "geometry": { "type": "Point", "coordinates": [ 123.9508855, 10.2756497 ] } },
{ "type": "Feature", "properties": { "id": 899763834, "lat": 10.2730725, "lon": 123.9456792, "amenity_type": "primary", "amenity": "Manuel L. Quezon National Highway", "lgu": "Lapu-Lapu City" }, "geometry": { "type": "Point", "coordinates": [ 123.9456792, 10.2730725 ] } },
{ "type": "Feature", "properties": { "id": 906966519, "lat": 10.319159, "lon": 123.9305854, "amenity_type": "trunk", "amenity": "Ouano Avenue", "lgu": "Lapu-Lapu City" }, "geometry": { "type": "Point", "coordinates": [ 123.9305854, 10.319159 ] } },
{ "type": "Feature", "properties": { "id": 915054860, "lat": 10.3286386, "lon": 123.9305803, "amenity_type": "primary", "amenity": "M.C. Briones Street", "lgu": "Lapu-Lapu City" }, "geometry": { "type": "Point", "coordinates": [ 123.9305803, 10.3286386 ] } },
{ "type": "Feature", "properties": { "id": 915054861, "lat": 10.3285988, "lon": 123.930604, "amenity_type": "primary", "amenity": "M.C. Briones Street", "lgu": "Lapu-Lapu City" }, "geometry": { "type": "Point", "coordinates": [ 123.930604, 10.3285988 ] } },
{ "type": "Feature", "properties": { "id": 921982771, "lat": 10.3194784, "lon": 123.9306915, "amenity_type": "secondary", "amenity": "E.O. Perez Street", "lgu": "Lapu-Lapu City" }, "geometry": { "type": "Point", "coordinates": [ 123.9306915, 10.3194784 ] } },
{ "type": "Feature", "properties": { "id": 921982772, "lat": 10.3193939, "lon": 123.9307316, "amenity_type": "trunk", "amenity": "Ouano Avenue", "lgu": "Lapu-Lapu City" }, "geometry": { "type": "Point", "coordinates": [ 123.9307316, 10.3193939 ] } },
{ "type": "Feature", "properties": { "id": 921982773, "lat": 10.3194513, "lon": 123.9305808, "amenity_type": "trunk", "amenity": "Ouano Avenue", "lgu": "Lapu-Lapu City" }, "geometry": { "type": "Point", "coordinates": [ 123.9305808, 10.3194513 ] } },
{ "type": "Feature", "properties": { "id": 922378777, "lat": 10.3286633, "lon": 123.9307831, "amenity_type": "primary", "amenity": "M.C. Briones Street", "lgu": "Lapu-Lapu City" }, "geometry": { "type": "Point", "coordinates": [ 123.9307831, 10.3286633 ] } },
{ "type": "Feature", "properties": { "id": 923627898, "lat": 10.3263608, "lon": 123.9522083, "amenity_type": "primary", "amenity": "A.C. Cortes Avenue", "lgu": "Lapu-Lapu City" }, "geometry": { "type": "Point", "coordinates": [ 123.9522083, 10.3263608 ] } },
{ "type": "Feature", "properties": { "id": 926677883, "lat": 10.2753443, "lon": 123.9504462, "amenity_type": "primary", "amenity": "Cordova Bypass Road", "lgu": "Lapu-Lapu City" }, "geometry": { "type": "Point", "coordinates": [ 123.9504462, 10.2753443 ] } },
{ "type": "Feature", "properties": { "id": 933120213, "lat": 10.3287866, "lon": 123.9309827, "amenity_type": "primary", "amenity": "M.C. Briones Street", "lgu": "Lapu-Lapu City" }, "geometry": { "type": "Point", "coordinates": [ 123.9309827, 10.3287866 ] } },
{ "type": "Feature", "properties": { "id": 933846685, "lat": 10.3245182, "lon": 123.9412711, "amenity_type": "trunk", "amenity": "Ouano Avenue", "lgu": "Lapu-Lapu City" }, "geometry": { "type": "Point", "coordinates": [ 123.9412711, 10.3245182 ] } },
{ "type": "Feature", "properties": { "id": 935664545, "lat": 10.3246677, "lon": 123.9413066, "amenity_type": "trunk", "amenity": "Ouano Avenue", "lgu": "Lapu-Lapu City" }, "geometry": { "type": "Point", "coordinates": [ 123.9413066, 10.3246677 ] } },
{ "type": "Feature", "properties": { "id": 959692825, "lat": 10.321656, "lon": 123.9327418, "amenity_type": "trunk", "amenity": "Ouano Avenue", "lgu": "Lapu-Lapu City" }, "geometry": { "type": "Point", "coordinates": [ 123.9327418, 10.321656 ] } },
{ "type": "Feature", "properties": { "id": 959692826, "lat": 10.3188901, "lon": 123.9317383, "amenity_type": "secondary", "amenity": "E.O. Perez Street", "lgu": "Lapu-Lapu City" }, "geometry": { "type": "Point", "coordinates": [ 123.9317383, 10.3188901 ] } },
{ "type": "Feature", "properties": { "id": 959692827, "lat": 10.318986, "lon": 123.9313303, "amenity_type": "secondary", "amenity": "E.O. Perez Street", "lgu": "Lapu-Lapu City" }, "geometry": { "type": "Point", "coordinates": [ 123.9313303, 10.318986 ] } },
{ "type": "Feature", "properties": { "id": 1053191134, "lat": 10.2704331, "lon": 123.9438875, "amenity_type": "trunk", "amenity": "Cebu-Cordova Link Expressway", "lgu": "Lapu-Lapu City" }, "geometry": { "type": "Point", "coordinates": [ 123.9438875, 10.2704331 ] } },
{ "type": "Feature", "properties": { "id": 1055343895, "lat": 10.2722894, "lon": 123.9457481, "amenity_type": "primary", "amenity": "Manuel L. Quezon National Highway", "lgu": "Lapu-Lapu City" }, "geometry": { "type": "Point", "coordinates": [ 123.9457481, 10.2722894 ] } },
{ "type": "Feature", "properties": { "id": 1055343896, "lat": 10.2728242, "lon": 123.9457024, "amenity_type": "primary", "amenity": "Manuel L. Quezon National Highway", "lgu": "Lapu-Lapu City" }, "geometry": { "type": "Point", "coordinates": [ 123.9457024, 10.2728242 ] } },
{ "type": "Feature", "properties": { "id": 1055343897, "lat": 10.2719391, "lon": 123.9451745, "amenity_type": "trunk", "amenity": "Cebu-Cordova Link Expressway", "lgu": "Lapu-Lapu City" }, "geometry": { "type": "Point", "coordinates": [ 123.9451745, 10.2719391 ] } },
{ "type": "Feature", "properties": { "id": 1055343899, "lat": 10.2715672, "lon": 123.9447562, "amenity_type": "trunk", "amenity": "Cebu-Cordova Link Expressway", "lgu": "Lapu-Lapu City" }, "geometry": { "type": "Point", "coordinates": [ 123.9447562, 10.2715672 ] } },
{ "type": "Feature", "properties": { "id": 1055343900, "lat": 10.2721372, "lon": 123.9455419, "amenity_type": "trunk", "amenity": "Cebu-Cordova Link Expressway", "lgu": "Lapu-Lapu City" }, "geometry": { "type": "Point", "coordinates": [ 123.9455419, 10.2721372 ] } },
{ "type": "Feature", "properties": { "id": 1055350504, "lat": 10.2725479, "lon": 123.9461456, "amenity_type": "primary", "amenity": "Cordova Bypass Road", "lgu": "Lapu-Lapu City" }, "geometry": { "type": "Point", "coordinates": [ 123.9461456, 10.2725479 ] } },
{ "type": "Feature", "properties": { "id": 1059749230, "lat": 10.2919214, "lon": 123.9666534, "amenity_type": "primary", "amenity": "Maximo V. Patalinjug Jr. Avenue", "lgu": "Lapu-Lapu City" }, "geometry": { "type": "Point", "coordinates": [ 123.9666534, 10.2919214 ] } },
{ "type": "Feature", "properties": { "id": 1059749232, "lat": 10.2915288, "lon": 123.9668324, "amenity_type": "primary", "amenity": "Maximo V. Patalinjug Jr. Avenue", "lgu": "Lapu-Lapu City" }, "geometry": { "type": "Point", "coordinates": [ 123.9668324, 10.2915288 ] } },
{ "type": "Feature", "properties": { "id": 1080542882, "lat": 10.2712563, "lon": 123.9458699, "amenity_type": "primary", "amenity": "Manuel L. Quezon National Highway", "lgu": "Lapu-Lapu City" }, "geometry": { "type": "Point", "coordinates": [ 123.9458699, 10.2712563 ] } },
{ "type": "Feature", "properties": { "id": 1104622226, "lat": 10.2987798, "lon": 123.974904, "amenity_type": "secondary", "amenity": "General Aviation Road", "lgu": "Lapu-Lapu City" }, "geometry": { "type": "Point", "coordinates": [ 123.974904, 10.2987798 ] } },
{ "type": "Feature", "properties": { "id": 1104622227, "lat": 10.297139, "lon": 123.9732461, "amenity_type": "secondary", "amenity": "General Aviation Road", "lgu": "Lapu-Lapu City" }, "geometry": { "type": "Point", "coordinates": [ 123.9732461, 10.297139 ] } },
{ "type": "Feature", "properties": { "id": 1165012920, "lat": 10.288554, "lon": 123.9680995, "amenity_type": "primary", "amenity": "Basak - Marigondon Road", "lgu": "Lapu-Lapu City" }, "geometry": { "type": "Point", "coordinates": [ 123.9680995, 10.288554 ] } },
{ "type": "Feature", "properties": { "id": 1165012921, "lat": 10.2860537, "lon": 123.9691556, "amenity_type": "primary", "amenity": "Basak - Marigondon Road", "lgu": "Lapu-Lapu City" }, "geometry": { "type": "Point", "coordinates": [ 123.9691556, 10.2860537 ] } },
{ "type": "Feature", "properties": { "id": 1165012922, "lat": 10.2860537, "lon": 123.9691556, "amenity_type": "primary", "amenity": "Basak - Marigondon Road", "lgu": "Lapu-Lapu City" }, "geometry": { "type": "Point", "coordinates": [ 123.9691556, 10.2860537 ] } },
{ "type": "Feature", "properties": { "id": 1185205402, "lat": 10.3266634, "lon": 123.9519537, "amenity_type": "primary", "amenity": "A.C. Cortes Avenue", "lgu": "Lapu-Lapu City" }, "geometry": { "type": "Point", "coordinates": [ 123.9519537, 10.3266634 ] } },
{ "type": "Feature", "properties": { "id": 1185205403, "lat": 10.3258892, "lon": 123.9523745, "amenity_type": "primary", "amenity": "A.C. Cortes Avenue", "lgu": "Lapu-Lapu City" }, "geometry": { "type": "Point", "coordinates": [ 123.9523745, 10.3258892 ] } },
{ "type": "Feature", "properties": { "id": 1193674531, "lat": 10.3291063, "lon": 123.9311487, "amenity_type": "primary", "amenity": "M.C. Briones Street", "lgu": "Lapu-Lapu City" }, "geometry": { "type": "Point", "coordinates": [ 123.9311487, 10.3291063 ] } },
{ "type": "Feature", "properties": { "id": 1193674533, "lat": 10.3288539, "lon": 123.930856, "amenity_type": "primary", "amenity": "M.C. Briones Street", "lgu": "Lapu-Lapu City" }, "geometry": { "type": "Point", "coordinates": [ 123.930856, 10.3288539 ] } },
{ "type": "Feature", "properties": { "id": 1193674534, "lat": 10.3289835, "lon": 123.9310143, "amenity_type": "primary", "amenity": "M.C. Briones Street", "lgu": "Lapu-Lapu City" }, "geometry": { "type": "Point", "coordinates": [ 123.9310143, 10.3289835 ] } },
{ "type": "Feature", "properties": { "id": 1193674535, "lat": 10.328734, "lon": 123.9306928, "amenity_type": "primary", "amenity": "M.C. Briones Street", "lgu": "Lapu-Lapu City" }, "geometry": { "type": "Point", "coordinates": [ 123.9306928, 10.328734 ] } },
{ "type": "Feature", "properties": { "id": 1289772263, "lat": 10.3260431, "lon": 123.9766685, "amenity_type": "primary", "amenity": "Manuel L. Quezon National Highway", "lgu": "Lapu-Lapu City" }, "geometry": { "type": "Point", "coordinates": [ 123.9766685, 10.3260431 ] } },
{ "type": "Feature", "properties": { "id": 1289772264, "lat": 10.3260971, "lon": 123.9769968, "amenity_type": "primary", "amenity": "Manuel L. Quezon National Highway", "lgu": "Lapu-Lapu City" }, "geometry": { "type": "Point", "coordinates": [ 123.9769968, 10.3260971 ] } },
{ "type": "Feature", "properties": { "id": 1289772265, "lat": 10.3259486, "lon": 123.9767274, "amenity_type": "primary", "amenity": "Manuel L. Quezon National Highway", "lgu": "Lapu-Lapu City" }, "geometry": { "type": "Point", "coordinates": [ 123.9767274, 10.3259486 ] } },
{ "type": "Feature", "properties": { "id": 1289772267, "lat": 10.3259275, "lon": 123.97646, "amenity_type": "primary", "amenity": "Manuel L. Quezon National Highway", "lgu": "Lapu-Lapu City" }, "geometry": { "type": "Point", "coordinates": [ 123.97646, 10.3259275 ] } },
{ "type": "Feature", "properties": { "id": 1324079387, "lat": 10.2757711, "lon": 123.9747393, "amenity_type": "primary", "amenity": "Basak - Marigondon Road", "lgu": "Lapu-Lapu City" }, "geometry": { "type": "Point", "coordinates": [ 123.9747393, 10.2757711 ] } },
{ "type": "Feature", "properties": { "id": 1324079388, "lat": 10.2751301, "lon": 123.9751119, "amenity_type": "primary", "amenity": "Basak - Marigondon Road", "lgu": "Lapu-Lapu City" }, "geometry": { "type": "Point", "coordinates": [ 123.9751119, 10.2751301 ] } },
{ "type": "Feature", "properties": { "id": 1324332733, "lat": 10.3241563, "lon": 123.9352299, "amenity_type": "trunk", "amenity": "Ouano Avenue", "lgu": "Lapu-Lapu City" }, "geometry": { "type": "Point", "coordinates": [ 123.9352299, 10.3241563 ] } },
{ "type": "Feature", "properties": { "id": 1324333952, "lat": 10.3222424, "lon": 123.9695497, "amenity_type": "primary", "amenity": "Manuel L. Quezon National Highway", "lgu": "Lapu-Lapu City" }, "geometry": { "type": "Point", "coordinates": [ 123.9695497, 10.3222424 ] } },
{ "type": "Feature", "properties": { "id": 1324333953, "lat": 10.3218931, "lon": 123.9688954, "amenity_type": "primary", "amenity": "Manuel L. Quezon National Highway", "lgu": "Lapu-Lapu City" }, "geometry": { "type": "Point", "coordinates": [ 123.9688954, 10.3218931 ] } },
{ "type": "Feature", "properties": { "id": 1328973958, "lat": 10.3112401, "lon": 123.9527219, "amenity_type": "primary", "amenity": "G. Y. Dela Serna Street", "lgu": "Lapu-Lapu City" }, "geometry": { "type": "Point", "coordinates": [ 123.9527219, 10.3112401 ] } },
{ "type": "Feature", "properties": { "id": 1349368610, "lat": 10.3207511, "lon": 123.967264, "amenity_type": "primary", "amenity": "Manuel L. Quezon National Highway", "lgu": "Lapu-Lapu City" }, "geometry": { "type": "Point", "coordinates": [ 123.967264, 10.3207511 ] } },
{ "type": "Feature", "properties": { "id": 1349368611, "lat": 10.3172379, "lon": 123.9622202, "amenity_type": "primary", "amenity": "Manuel L. Quezon National Highway", "lgu": "Lapu-Lapu City" }, "geometry": { "type": "Point", "coordinates": [ 123.9622202, 10.3172379 ] } },
{ "type": "Feature", "properties": { "id": 1349498004, "lat": 10.3192011, "lon": 123.9649108, "amenity_type": "primary", "amenity": "Manuel L. Quezon National Highway", "lgu": "Lapu-Lapu City" }, "geometry": { "type": "Point", "coordinates": [ 123.9649108, 10.3192011 ] } },
{ "type": "Feature", "properties": { "id": 1349498005, "lat": 10.3183307, "lon": 123.9639405, "amenity_type": "primary", "amenity": "Manuel L. Quezon National Highway", "lgu": "Lapu-Lapu City" }, "geometry": { "type": "Point", "coordinates": [ 123.9639405, 10.3183307 ] } },
{ "type": "Feature", "properties": { "id": 1362790500, "lat": 10.323759, "lon": 123.9726857, "amenity_type": "primary", "amenity": "Manuel L. Quezon National Highway", "lgu": "Lapu-Lapu City" }, "geometry": { "type": "Point", "coordinates": [ 123.9726857, 10.323759 ] } },
{ "type": "Feature", "properties": { "id": 1362790501, "lat": 10.3249505, "lon": 123.974698, "amenity_type": "primary", "amenity": "Manuel L. Quezon National Highway", "lgu": "Lapu-Lapu City" }, "geometry": { "type": "Point", "coordinates": [ 123.974698, 10.3249505 ] } },
{ "type": "Feature", "properties": { "id": 1368964894, "lat": 10.3184338, "lon": 123.9638648, "amenity_type": "primary", "amenity": "Manuel L. Quezon National Highway", "lgu": "Lapu-Lapu City" }, "geometry": { "type": "Point", "coordinates": [ 123.9638648, 10.3184338 ] } },
{ "type": "Feature", "properties": { "id": 1368964895, "lat": 10.3190432, "lon": 123.9649128, "amenity_type": "primary", "amenity": "Manuel L. Quezon National Highway", "lgu": "Lapu-Lapu City" }, "geometry": { "type": "Point", "coordinates": [ 123.9649128, 10.3190432 ] } },
{ "type": "Feature", "properties": { "id": 1368964897, "lat": 10.3185439, "lon": 123.9639918, "amenity_type": "primary", "amenity": "Manuel L. Quezon National Highway", "lgu": "Lapu-Lapu City" }, "geometry": { "type": "Point", "coordinates": [ 123.9639918, 10.3185439 ] } },
{ "type": "Feature", "properties": { "id": 1395644019, "lat": 10.3150878, "lon": 123.9582017, "amenity_type": "primary", "amenity": "Maximo V. Patalinjug Jr. Avenue", "lgu": "Lapu-Lapu City" }, "geometry": { "type": "Point", "coordinates": [ 123.9582017, 10.3150878 ] } },
{ "type": "Feature", "properties": { "id": 1422944996, "lat": 10.3244979, "lon": 123.9415986, "amenity_type": "trunk", "amenity": "Don Andres Soriano Avenue", "lgu": "Lapu-Lapu City" }, "geometry": { "type": "Point", "coordinates": [ 123.9415986, 10.3244979 ] } },
{ "type": "Feature", "properties": { "id": 1422944997, "lat": 10.3244388, "lon": 123.9415549, "amenity_type": "trunk", "amenity": "Don Andres Soriano Avenue", "lgu": "Lapu-Lapu City" }, "geometry": { "type": "Point", "coordinates": [ 123.9415549, 10.3244388 ] } },
{ "type": "Feature", "properties": { "id": 1457390463, "lat": 10.3240333, "lon": 123.9425376, "amenity_type": "trunk", "amenity": "Don Andres Soriano Avenue", "lgu": "Lapu-Lapu City" }, "geometry": { "type": "Point", "coordinates": [ 123.9425376, 10.3240333 ] } },
{ "type": "Feature", "properties": { "id": 1459152178, "lat": 10.3113167, "lon": 124.0067121, "amenity_type": "primary", "amenity": "Manuel L. Quezon National Highway", "lgu": "Lapu-Lapu City" }, "geometry": { "type": "Point", "coordinates": [ 124.0067121, 10.3113167 ] } },
{ "type": "Feature", "properties": { "id": 1459152179, "lat": 10.3105622, "lon": 124.0098052, "amenity_type": "primary", "amenity": "Manuel L. Quezon National Highway", "lgu": "Lapu-Lapu City" }, "geometry": { "type": "Point", "coordinates": [ 124.0098052, 10.3105622 ] } },
{ "type": "Feature", "properties": { "id": 1459156062, "lat": 10.3084185, "lon": 123.9842969, "amenity_type": "secondary", "amenity": "General Aviation Road", "lgu": "Lapu-Lapu City" }, "geometry": { "type": "Point", "coordinates": [ 123.9842969, 10.3084185 ] } },
{ "type": "Feature", "properties": { "id": 1459156063, "lat": 10.3099112, "lon": 123.9888415, "amenity_type": "secondary", "amenity": "Mactan Airport Road", "lgu": "Lapu-Lapu City" }, "geometry": { "type": "Point", "coordinates": [ 123.9888415, 10.3099112 ] } },
{ "type": "Feature", "properties": { "id": 1459156541, "lat": 10.2925349, "lon": 123.9994568, "amenity_type": "primary", "amenity": "Mactan Circumferential Road", "lgu": "Lapu-Lapu City" }, "geometry": { "type": "Point", "coordinates": [ 123.9994568, 10.2925349 ] } },
{ "type": "Feature", "properties": { "id": 1459160141, "lat": 10.3183913, "lon": 123.9962564, "amenity_type": "primary", "amenity": "Manuel L. Quezon National Highway", "lgu": "Lapu-Lapu City" }, "geometry": { "type": "Point", "coordinates": [ 123.9962564, 10.3183913 ] } },
{ "type": "Feature", "properties": { "id": 1459160526, "lat": 10.3258175, "lon": 123.990764, "amenity_type": "primary", "amenity": "Manuel L. Quezon National Highway", "lgu": "Lapu-Lapu City" }, "geometry": { "type": "Point", "coordinates": [ 123.990764, 10.3258175 ] } },
{ "type": "Feature", "properties": { "id": 1459329454, "lat": 10.2757821, "lon": 123.9784968, "amenity_type": "primary", "amenity": "Mactan Circumferential National Road", "lgu": "Lapu-Lapu City" }, "geometry": { "type": "Point", "coordinates": [ 123.9784968, 10.2757821 ] } },
{ "type": "Feature", "properties": { "id": 1459335899, "lat": 10.3009246, "lon": 123.9770685, "amenity_type": "secondary", "amenity": "General Aviation Road", "lgu": "Lapu-Lapu City" }, "geometry": { "type": "Point", "coordinates": [ 123.9770685, 10.3009246 ] } },
{ "type": "Feature", "properties": { "id": 1459396070, "lat": 10.2693472, "lon": 123.9619849, "amenity_type": "primary", "amenity": "Cordova Bypass Road", "lgu": "Lapu-Lapu City" }, "geometry": { "type": "Point", "coordinates": [ 123.9619849, 10.2693472 ] } },
{ "type": "Feature", "properties": { "id": 1459396071, "lat": 10.2698928, "lon": 123.9607151, "amenity_type": "primary", "amenity": "Cordova Bypass Road", "lgu": "Lapu-Lapu City" }, "geometry": { "type": "Point", "coordinates": [ 123.9607151, 10.2698928 ] } },
{ "type": "Feature", "properties": { "id": 1459418369, "lat": 10.2742584, "lon": 123.9568935, "amenity_type": "primary", "amenity": "Cordova Bypass Road", "lgu": "Lapu-Lapu City" }, "geometry": { "type": "Point", "coordinates": [ 123.9568935, 10.2742584 ] } },
{ "type": "Feature", "properties": { "id": 1459418370, "lat": 10.2742029, "lon": 123.9567871, "amenity_type": "primary", "amenity": "Cordova Bypass Road", "lgu": "Lapu-Lapu City" }, "geometry": { "type": "Point", "coordinates": [ 123.9567871, 10.2742029 ] } },
{ "type": "Feature", "properties": { "id": 1459588542, "lat": 10.3029202, "lon": 123.9471728, "amenity_type": "primary", "amenity": "Tiangge Road", "lgu": "Lapu-Lapu City" }, "geometry": { "type": "Point", "coordinates": [ 123.9471728, 10.3029202 ] } },
{ "type": "Feature", "properties": { "id": 1459598851, "lat": 10.2832195, "lon": 123.9444812, "amenity_type": "primary", "amenity": "Manuel L. Quezon National Highway", "lgu": "Lapu-Lapu City" }, "geometry": { "type": "Point", "coordinates": [ 123.9444812, 10.2832195 ] } },
{ "type": "Feature", "properties": { "id": 1459608031, "lat": 10.3077186, "lon": 123.9479614, "amenity_type": "primary", "amenity": "Tiangge Road", "lgu": "Lapu-Lapu City" }, "geometry": { "type": "Point", "coordinates": [ 123.9479614, 10.3077186 ] } },
{ "type": "Feature", "properties": { "id": 1465286690, "lat": 10.2725971, "lon": 123.9457225, "amenity_type": "primary", "amenity": "Manuel L. Quezon National Highway", "lgu": "Lapu-Lapu City" }, "geometry": { "type": "Point", "coordinates": [ 123.9457225, 10.2725971 ] } },
{ "type": "Feature", "properties": { "id": 1467336432, "lat": 10.3284592, "lon": 123.9900396, "amenity_type": "primary", "amenity": "Manuel L. Quezon National Highway", "lgu": "Lapu-Lapu City" }, "geometry": { "type": "Point", "coordinates": [ 123.9900396, 10.3284592 ] } },
{ "type": "Feature", "properties": { "id": 1467388723, "lat": 10.3307305, "lon": 123.9890372, "amenity_type": "primary", "amenity": "Manuel L. Quezon National Highway", "lgu": "Lapu-Lapu City" }, "geometry": { "type": "Point", "coordinates": [ 123.9890372, 10.3307305 ] } },
{ "type": "Feature", "properties": { "id": 1468429480, "lat": 10.3008123, "lon": 123.9622385, "amenity_type": "primary", "amenity": "Maximo V. Patalinjug Jr. Avenue", "lgu": "Lapu-Lapu City" }, "geometry": { "type": "Point", "coordinates": [ 123.9622385, 10.3008123 ] } },
{ "type": "Feature", "properties": { "id": 1468429481, "lat": 10.3006975, "lon": 123.9622217, "amenity_type": "primary", "amenity": "Maximo V. Patalinjug Jr. Avenue", "lgu": "Lapu-Lapu City" }, "geometry": { "type": "Point", "coordinates": [ 123.9622217, 10.3006975 ] } },
{ "type": "Feature", "properties": { "id": 1468507989, "lat": 10.3002291, "lon": 123.9625781, "amenity_type": "primary", "amenity": "Maximo V. Patalinjug Jr. Avenue", "lgu": "Lapu-Lapu City" }, "geometry": { "type": "Point", "coordinates": [ 123.9625781, 10.3002291 ] } },
{ "type": "Feature", "properties": { "id": 1468575904, "lat": 10.3256646, "lon": 123.9759824, "amenity_type": "primary", "amenity": "Manuel L. Quezon National Highway", "lgu": "Lapu-Lapu City" }, "geometry": { "type": "Point", "coordinates": [ 123.9759824, 10.3256646 ] } },
{ "type": "Feature", "properties": { "id": 1468575905, "lat": 10.3258286, "lon": 123.9765112, "amenity_type": "primary", "amenity": "Manuel L. Quezon National Highway", "lgu": "Lapu-Lapu City" }, "geometry": { "type": "Point", "coordinates": [ 123.9765112, 10.3258286 ] } },
{ "type": "Feature", "properties": { "id": 1468575906, "lat": 10.326423, "lon": 123.97759, "amenity_type": "primary", "amenity": "Manuel L. Quezon National Highway", "lgu": "Lapu-Lapu City" }, "geometry": { "type": "Point", "coordinates": [ 123.97759, 10.326423 ] } },
{ "type": "Feature", "properties": { "id": 1468575907, "lat": 10.3261891, "lon": 123.9769315, "amenity_type": "primary", "amenity": "Manuel L. Quezon National Highway", "lgu": "Lapu-Lapu City" }, "geometry": { "type": "Point", "coordinates": [ 123.9769315, 10.3261891 ] } },
{ "type": "Feature", "properties": { "id": 1468575908, "lat": 10.3254869, "lon": 123.9756597, "amenity_type": "primary", "amenity": "Manuel L. Quezon National Highway", "lgu": "Lapu-Lapu City" }, "geometry": { "type": "Point", "coordinates": [ 123.9756597, 10.3254869 ] } },
{ "type": "Feature", "properties": { "id": 1468575910, "lat": 10.3253617, "lon": 123.9756598, "amenity_type": "primary", "amenity": "Manuel L. Quezon National Highway", "lgu": "Lapu-Lapu City" }, "geometry": { "type": "Point", "coordinates": [ 123.9756598, 10.3253617 ] } },
{ "type": "Feature", "properties": { "id": 1468575911, "lat": 10.3256023, "lon": 123.9760981, "amenity_type": "primary", "amenity": "Manuel L. Quezon National Highway", "lgu": "Lapu-Lapu City" }, "geometry": { "type": "Point", "coordinates": [ 123.9760981, 10.3256023 ] } },
{ "type": "Feature", "properties": { "id": 1468587537, "lat": 10.3201663, "lon": 123.994455, "amenity_type": "primary", "amenity": "Manuel L. Quezon National Highway", "lgu": "Lapu-Lapu City" }, "geometry": { "type": "Point", "coordinates": [ 123.994455, 10.3201663 ] } },
{ "type": "Feature", "properties": { "id": 1468587540, "lat": 10.3268032, "lon": 123.978038, "amenity_type": "primary", "amenity": "Manuel L. Quezon National Highway", "lgu": "Lapu-Lapu City" }, "geometry": { "type": "Point", "coordinates": [ 123.978038, 10.3268032 ] } },
{ "type": "Feature", "properties": { "id": 1468587541, "lat": 10.3272849, "lon": 123.9790781, "amenity_type": "primary", "amenity": "Manuel L. Quezon National Highway", "lgu": "Lapu-Lapu City" }, "geometry": { "type": "Point", "coordinates": [ 123.9790781, 10.3272849 ] } },
{ "type": "Feature", "properties": { "id": 1468591818, "lat": 10.2998604, "lon": 123.9466627, "amenity_type": "primary", "amenity": "Tiangge Road", "lgu": "Lapu-Lapu City" }, "geometry": { "type": "Point", "coordinates": [ 123.9466627, 10.2998604 ] } },
{ "type": "Feature", "properties": { "id": 1468595048, "lat": 10.3137958, "lon": 123.9589998, "amenity_type": "primary", "amenity": "Maximo V. Patalinjug Jr. Avenue", "lgu": "Lapu-Lapu City" }, "geometry": { "type": "Point", "coordinates": [ 123.9589998, 10.3137958 ] } },
{ "type": "Feature", "properties": { "id": 1468595049, "lat": 10.3044357, "lon": 123.9606115, "amenity_type": "primary", "amenity": "Maximo V. Patalinjug Jr. Avenue", "lgu": "Lapu-Lapu City" }, "geometry": { "type": "Point", "coordinates": [ 123.9606115, 10.3044357 ] } },
{ "type": "Feature", "properties": { "id": 1468595050, "lat": 10.304439, "lon": 123.9606954, "amenity_type": "primary", "amenity": "Maximo V. Patalinjug Jr. Avenue", "lgu": "Lapu-Lapu City" }, "geometry": { "type": "Point", "coordinates": [ 123.9606954, 10.304439 ] } },
{ "type": "Feature", "properties": { "id": 1468811037, "lat": 10.3088637, "lon": 123.9608848, "amenity_type": "primary", "amenity": "Maximo V. Patalinjug Jr. Avenue", "lgu": "Lapu-Lapu City" }, "geometry": { "type": "Point", "coordinates": [ 123.9608848, 10.3088637 ] } },
{ "type": "Feature", "properties": { "id": 1468811038, "lat": 10.3088484, "lon": 123.960998, "amenity_type": "primary", "amenity": "Maximo V. Patalinjug Jr. Avenue", "lgu": "Lapu-Lapu City" }, "geometry": { "type": "Point", "coordinates": [ 123.960998, 10.3088484 ] } },
{ "type": "Feature", "properties": { "id": 1469195591, "lat": 10.2714065, "lon": 123.9446611, "amenity_type": "trunk", "amenity": "Cebu-Cordova Link Expressway", "lgu": "Lapu-Lapu City" }, "geometry": { "type": "Point", "coordinates": [ 123.9446611, 10.2714065 ] } },
{ "type": "Feature", "properties": { "id": 1469195592, "lat": 10.2724515, "lon": 123.9457342, "amenity_type": "primary", "amenity": "Manuel L. Quezon National Highway", "lgu": "Lapu-Lapu City" }, "geometry": { "type": "Point", "coordinates": [ 123.9457342, 10.2724515 ] } },
{ "type": "Feature", "properties": { "id": 1469195593, "lat": 10.272185, "lon": 123.9454224, "amenity_type": "trunk", "amenity": "Cebu-Cordova Link Expressway", "lgu": "Lapu-Lapu City" }, "geometry": { "type": "Point", "coordinates": [ 123.9454224, 10.272185 ] } },
{ "type": "Feature", "properties": { "id": 1469195594, "lat": 10.2722982, "lon": 123.9456572, "amenity_type": "trunk", "amenity": "Cebu-Cordova Link Expressway", "lgu": "Lapu-Lapu City" }, "geometry": { "type": "Point", "coordinates": [ 123.9456572, 10.2722982 ] } },
{ "type": "Feature", "properties": { "id": 1469195595, "lat": 10.2717802, "lon": 123.9458015, "amenity_type": "primary", "amenity": "Manuel L. Quezon National Highway", "lgu": "Lapu-Lapu City" }, "geometry": { "type": "Point", "coordinates": [ 123.9458015, 10.2717802 ] } },
{ "type": "Feature", "properties": { "id": 1469195596, "lat": 10.2739349, "lon": 123.945675, "amenity_type": "primary", "amenity": "Manuel L. Quezon National Highway", "lgu": "Lapu-Lapu City" }, "geometry": { "type": "Point", "coordinates": [ 123.945675, 10.2739349 ] } },
{ "type": "Feature", "properties": { "id": 1469201631, "lat": 10.2715853, "lon": 123.945826, "amenity_type": "primary", "amenity": "Manuel L. Quezon National Highway", "lgu": "Lapu-Lapu City" }, "geometry": { "type": "Point", "coordinates": [ 123.945826, 10.2715853 ] } },
{ "type": "Feature", "properties": { "id": 1469207353, "lat": 10.2997518, "lon": 123.9628436, "amenity_type": "primary", "amenity": "Maximo V. Patalinjug Jr. Avenue", "lgu": "Lapu-Lapu City" }, "geometry": { "type": "Point", "coordinates": [ 123.9628436, 10.2997518 ] } },
{ "type": "Feature", "properties": { "id": 1469208975, "lat": 10.2997375, "lon": 123.9628163, "amenity_type": "primary", "amenity": "Maximo V. Patalinjug Jr. Avenue", "lgu": "Lapu-Lapu City" }, "geometry": { "type": "Point", "coordinates": [ 123.9628163, 10.2997375 ] } },
{ "type": "Feature", "properties": { "id": 1469210909, "lat": 10.314323, "lon": 123.9586436, "amenity_type": "primary", "amenity": "Maximo V. Patalinjug Jr. Avenue", "lgu": "Lapu-Lapu City" }, "geometry": { "type": "Point", "coordinates": [ 123.9586436, 10.314323 ] } },
{ "type": "Feature", "properties": { "id": 1469215083, "lat": 10.3154285, "lon": 123.9597119, "amenity_type": "primary", "amenity": "Manuel L. Quezon National Highway", "lgu": "Lapu-Lapu City" }, "geometry": { "type": "Point", "coordinates": [ 123.9597119, 10.3154285 ] } },
{ "type": "Feature", "properties": { "id": 1469325536, "lat": 10.3014583, "lon": 123.9616962, "amenity_type": "primary", "amenity": "Maximo V. Patalinjug Jr. Avenue", "lgu": "Lapu-Lapu City" }, "geometry": { "type": "Point", "coordinates": [ 123.9616962, 10.3014583 ] } },
{ "type": "Feature", "properties": { "id": 1469325537, "lat": 10.3015078, "lon": 123.9617492, "amenity_type": "primary", "amenity": "Maximo V. Patalinjug Jr. Avenue", "lgu": "Lapu-Lapu City" }, "geometry": { "type": "Point", "coordinates": [ 123.9617492, 10.3015078 ] } },
{ "type": "Feature", "properties": { "id": 1469591142, "lat": 10.3123059, "lon": 124.0054411, "amenity_type": "primary", "amenity": "Manuel L. Quezon National Highway", "lgu": "Lapu-Lapu City" }, "geometry": { "type": "Point", "coordinates": [ 124.0054411, 10.3123059 ] } },
{ "type": "Feature", "properties": { "id": 1469591143, "lat": 10.3128602, "lon": 124.0047438, "amenity_type": "primary", "amenity": "Manuel L. Quezon National Highway", "lgu": "Lapu-Lapu City" }, "geometry": { "type": "Point", "coordinates": [ 124.0047438, 10.3128602 ] } },
{ "type": "Feature", "properties": { "id": 1469591144, "lat": 10.3222566, "lon": 123.9928942, "amenity_type": "primary", "amenity": "Manuel L. Quezon National Highway", "lgu": "Lapu-Lapu City" }, "geometry": { "type": "Point", "coordinates": [ 123.9928942, 10.3222566 ] } },
{ "type": "Feature", "properties": { "id": 1469591145, "lat": 10.3241498, "lon": 123.9914754, "amenity_type": "primary", "amenity": "Manuel L. Quezon National Highway", "lgu": "Lapu-Lapu City" }, "geometry": { "type": "Point", "coordinates": [ 123.9914754, 10.3241498 ] } },
{ "type": "Feature", "properties": { "id": 1469591146, "lat": 10.3104964, "lon": 124.0082289, "amenity_type": "primary", "amenity": "Manuel L. Quezon National Highway", "lgu": "Lapu-Lapu City" }, "geometry": { "type": "Point", "coordinates": [ 124.0082289, 10.3104964 ] } },
{ "type": "Feature", "properties": { "id": 1469591147, "lat": 10.3105027, "lon": 124.0078561, "amenity_type": "primary", "amenity": "Manuel L. Quezon National Highway", "lgu": "Lapu-Lapu City" }, "geometry": { "type": "Point", "coordinates": [ 124.0078561, 10.3105027 ] } },
{ "type": "Feature", "properties": { "id": 1469591148, "lat": 10.3136533, "lon": 124.0037418, "amenity_type": "primary", "amenity": "Manuel L. Quezon National Highway", "lgu": "Lapu-Lapu City" }, "geometry": { "type": "Point", "coordinates": [ 124.0037418, 10.3136533 ] } },
{ "type": "Feature", "properties": { "id": 1469591151, "lat": 10.3159743, "lon": 123.9997195, "amenity_type": "primary", "amenity": "Manuel L. Quezon National Highway", "lgu": "Lapu-Lapu City" }, "geometry": { "type": "Point", "coordinates": [ 123.9997195, 10.3159743 ] } },
{ "type": "Feature", "properties": { "id": 1469591152, "lat": 10.3170486, "lon": 123.9981152, "amenity_type": "primary", "amenity": "Manuel L. Quezon National Highway", "lgu": "Lapu-Lapu City" }, "geometry": { "type": "Point", "coordinates": [ 123.9981152, 10.3170486 ] } },
{ "type": "Feature", "properties": { "id": 1469591153, "lat": 10.3171604, "lon": 123.997882, "amenity_type": "primary", "amenity": "Manuel L. Quezon National Highway", "lgu": "Lapu-Lapu City" }, "geometry": { "type": "Point", "coordinates": [ 123.997882, 10.3171604 ] } },
{ "type": "Feature", "properties": { "id": 1469591154, "lat": 10.3172441, "lon": 123.9976788, "amenity_type": "primary", "amenity": "Manuel L. Quezon National Highway", "lgu": "Lapu-Lapu City" }, "geometry": { "type": "Point", "coordinates": [ 123.9976788, 10.3172441 ] } },
{ "type": "Feature", "properties": { "id": 1469591155, "lat": 10.3145309, "lon": 124.0021871, "amenity_type": "primary", "amenity": "Manuel L. Quezon National Highway", "lgu": "Lapu-Lapu City" }, "geometry": { "type": "Point", "coordinates": [ 124.0021871, 10.3145309 ] } },
{ "type": "Feature", "properties": { "id": 1471743352, "lat": 10.3107432, "lon": 123.9607502, "amenity_type": "primary", "amenity": "Maximo V. Patalinjug Jr. Avenue", "lgu": "Lapu-Lapu City" }, "geometry": { "type": "Point", "coordinates": [ 123.9607502, 10.3107432 ] } },
{ "type": "Feature", "properties": { "id": 1471743353, "lat": 10.3107479, "lon": 123.9608636, "amenity_type": "primary", "amenity": "Maximo V. Patalinjug Jr. Avenue", "lgu": "Lapu-Lapu City" }, "geometry": { "type": "Point", "coordinates": [ 123.9608636, 10.3107479 ] } },
{ "type": "Feature", "properties": { "id": 1471743354, "lat": 10.3111874, "lon": 123.9607939, "amenity_type": "primary", "amenity": "Maximo V. Patalinjug Jr. Avenue", "lgu": "Lapu-Lapu City" }, "geometry": { "type": "Point", "coordinates": [ 123.9607939, 10.3111874 ] } },
{ "type": "Feature", "properties": { "id": 1471743355, "lat": 10.3111638, "lon": 123.9606769, "amenity_type": "primary", "amenity": "Maximo V. Patalinjug Jr. Avenue", "lgu": "Lapu-Lapu City" }, "geometry": { "type": "Point", "coordinates": [ 123.9606769, 10.3111638 ] } },
{ "type": "Feature", "properties": { "id": 1472420000, "lat": 10.3259429, "lon": 123.9379222, "amenity_type": "trunk", "amenity": "Ouano Avenue", "lgu": "Lapu-Lapu City" }, "geometry": { "type": "Point", "coordinates": [ 123.9379222, 10.3259429 ] } },
{ "type": "Feature", "properties": { "id": 1472420001, "lat": 10.3257695, "lon": 123.9379102, "amenity_type": "trunk", "amenity": "Ouano Avenue", "lgu": "Lapu-Lapu City" }, "geometry": { "type": "Point", "coordinates": [ 123.9379102, 10.3257695 ] } },
{ "type": "Feature", "properties": { "id": 1472484727, "lat": 10.326951, "lon": 123.9519033, "amenity_type": "primary", "amenity": "A.C. Cortes Avenue", "lgu": "Lapu-Lapu City" }, "geometry": { "type": "Point", "coordinates": [ 123.9519033, 10.326951 ] } },
{ "type": "Feature", "properties": { "id": 1472487881, "lat": 10.3292293, "lon": 123.9498043, "amenity_type": "primary", "amenity": "A.C. Cortes Avenue", "lgu": "Lapu-Lapu City" }, "geometry": { "type": "Point", "coordinates": [ 123.9498043, 10.3292293 ] } },
{ "type": "Feature", "properties": { "id": 1472487883, "lat": 10.3272897, "lon": 123.9517154, "amenity_type": "primary", "amenity": "A.C. Cortes Avenue", "lgu": "Lapu-Lapu City" }, "geometry": { "type": "Point", "coordinates": [ 123.9517154, 10.3272897 ] } },
{ "type": "Feature", "properties": { "id": 1473724157, "lat": 10.3269136, "lon": 123.9518126, "amenity_type": "primary", "amenity": "A.C. Cortes Avenue", "lgu": "Lapu-Lapu City" }, "geometry": { "type": "Point", "coordinates": [ 123.9518126, 10.3269136 ] } },
{ "type": "Feature", "properties": { "id": 1473724158, "lat": 10.3272347, "lon": 123.9516206, "amenity_type": "primary", "amenity": "A.C. Cortes Avenue", "lgu": "Lapu-Lapu City" }, "geometry": { "type": "Point", "coordinates": [ 123.9516206, 10.3272347 ] } },
{ "type": "Feature", "properties": { "id": 1474023667, "lat": 10.3199753, "lon": 123.9309143, "amenity_type": "trunk", "amenity": "Ouano Avenue", "lgu": "Lapu-Lapu City" }, "geometry": { "type": "Point", "coordinates": [ 123.9309143, 10.3199753 ] } },
{ "type": "Feature", "properties": { "id": 1474023668, "lat": 10.319655, "lon": 123.9307078, "amenity_type": "trunk", "amenity": "Ouano Avenue", "lgu": "Lapu-Lapu City" }, "geometry": { "type": "Point", "coordinates": [ 123.9307078, 10.319655 ] } },
{ "type": "Feature", "properties": { "id": 1474248293, "lat": 10.3251611, "lon": 123.9753023, "amenity_type": "primary", "amenity": "Manuel L. Quezon National Highway", "lgu": "Lapu-Lapu City" }, "geometry": { "type": "Point", "coordinates": [ 123.9753023, 10.3251611 ] } },
{ "type": "Feature", "properties": { "id": 1474248294, "lat": 10.3221152, "lon": 123.9693013, "amenity_type": "primary", "amenity": "Manuel L. Quezon National Highway", "lgu": "Lapu-Lapu City" }, "geometry": { "type": "Point", "coordinates": [ 123.9693013, 10.3221152 ] } },
{ "type": "Feature", "properties": { "id": 1474248295, "lat": 10.3140211, "lon": 123.9588397, "amenity_type": "primary", "amenity": "Maximo V. Patalinjug Jr. Avenue", "lgu": "Lapu-Lapu City" }, "geometry": { "type": "Point", "coordinates": [ 123.9588397, 10.3140211 ] } },
{ "type": "Feature", "properties": { "id": 1480425816, "lat": 10.3279813, "lon": 123.9510268, "amenity_type": "primary", "amenity": "A.C. Cortes Avenue", "lgu": "Lapu-Lapu City" }, "geometry": { "type": "Point", "coordinates": [ 123.9510268, 10.3279813 ] } },
{ "type": "Feature", "properties": { "id": 69348030, "lat": 10.2611503, "lon": 123.8350817, "amenity_type": "primary", "amenity": "Natalio Bacalso Avenue", "lgu": "Talisay City" }, "geometry": { "type": "Point", "coordinates": [ 123.8350817, 10.2611503 ] } },
{ "type": "Feature", "properties": { "id": 69348031, "lat": 10.2606441, "lon": 123.833855, "amenity_type": "primary", "amenity": "Natalio Bacalso Avenue", "lgu": "Talisay City" }, "geometry": { "type": "Point", "coordinates": [ 123.833855, 10.2606441 ] } },
{ "type": "Feature", "properties": { "id": 77593966, "lat": 10.2523647, "lon": 123.8518839, "amenity_type": "trunk", "amenity": "Cebu South Coastal Road", "lgu": "Talisay City" }, "geometry": { "type": "Point", "coordinates": [ 123.8518839, 10.2523647 ] } },
{ "type": "Feature", "properties": { "id": 77595039, "lat": 10.2534815, "lon": 123.8346469, "amenity_type": "trunk", "amenity": "Cebu South Coastal Road", "lgu": "Talisay City" }, "geometry": { "type": "Point", "coordinates": [ 123.8346469, 10.2534815 ] } },
{ "type": "Feature", "properties": { "id": 77595040, "lat": 10.2519326, "lon": 123.8533117, "amenity_type": "trunk", "amenity": "Cebu South Coastal Road", "lgu": "Talisay City" }, "geometry": { "type": "Point", "coordinates": [ 123.8533117, 10.2519326 ] } },
{ "type": "Feature", "properties": { "id": 77595042, "lat": 10.253584, "lon": 123.834671, "amenity_type": "trunk", "amenity": "Cebu South Coastal Road", "lgu": "Talisay City" }, "geometry": { "type": "Point", "coordinates": [ 123.834671, 10.253584 ] } },
{ "type": "Feature", "properties": { "id": 80482770, "lat": 10.265266, "lon": 123.8366284, "amenity_type": "secondary", "amenity": "Rafael Rabaya Street", "lgu": "Talisay City" }, "geometry": { "type": "Point", "coordinates": [ 123.8366284, 10.265266 ] } },
{ "type": "Feature", "properties": { "id": 98840145, "lat": 10.2699742, "lon": 123.845282, "amenity_type": "primary", "amenity": "Natalio Bacalso Avenue", "lgu": "Talisay City" }, "geometry": { "type": "Point", "coordinates": [ 123.845282, 10.2699742 ] } },
{ "type": "Feature", "properties": { "id": 98840146, "lat": 10.2718052, "lon": 123.8471524, "amenity_type": "primary", "amenity": "Natalio Bacalso Avenue", "lgu": "Talisay City" }, "geometry": { "type": "Point", "coordinates": [ 123.8471524, 10.2718052 ] } },
{ "type": "Feature", "properties": { "id": 99142668, "lat": 10.2605294, "lon": 123.8721197, "amenity_type": "trunk", "amenity": "Cebu South Coastal Road", "lgu": "Talisay City" }, "geometry": { "type": "Point", "coordinates": [ 123.8721197, 10.2605294 ] } },
{ "type": "Feature", "properties": { "id": 99142669, "lat": 10.2587326, "lon": 123.870176, "amenity_type": "trunk", "amenity": "Cebu South Coastal Road", "lgu": "Talisay City" }, "geometry": { "type": "Point", "coordinates": [ 123.870176, 10.2587326 ] } },
{ "type": "Feature", "properties": { "id": 99142670, "lat": 10.2604557, "lon": 123.872208, "amenity_type": "trunk", "amenity": "Cebu South Coastal Road", "lgu": "Talisay City" }, "geometry": { "type": "Point", "coordinates": [ 123.872208, 10.2604557 ] } },
{ "type": "Feature", "properties": { "id": 99181903, "lat": 10.2577546, "lon": 123.8670939, "amenity_type": "trunk", "amenity": "Cebu South Coastal Road", "lgu": "Talisay City" }, "geometry": { "type": "Point", "coordinates": [ 123.8670939, 10.2577546 ] } },
{ "type": "Feature", "properties": { "id": 99181904, "lat": 10.2586433, "lon": 123.8702262, "amenity_type": "trunk", "amenity": "Cebu South Coastal Road", "lgu": "Talisay City" }, "geometry": { "type": "Point", "coordinates": [ 123.8702262, 10.2586433 ] } },
{ "type": "Feature", "properties": { "id": 104215040, "lat": 10.2626699, "lon": 123.838633, "amenity_type": "primary", "amenity": "Natalio Bacalso Avenue", "lgu": "Talisay City" }, "geometry": { "type": "Point", "coordinates": [ 123.838633, 10.2626699 ] } },
{ "type": "Feature", "properties": { "id": 104215041, "lat": 10.2639973, "lon": 123.8399321, "amenity_type": "primary", "amenity": "Natalio Bacalso Avenue", "lgu": "Talisay City" }, "geometry": { "type": "Point", "coordinates": [ 123.8399321, 10.2639973 ] } },
{ "type": "Feature", "properties": { "id": 104215042, "lat": 10.2627012, "lon": 123.8386119, "amenity_type": "primary", "amenity": "Natalio Bacalso Avenue", "lgu": "Talisay City" }, "geometry": { "type": "Point", "coordinates": [ 123.8386119, 10.2627012 ] } },
{ "type": "Feature", "properties": { "id": 104215043, "lat": 10.2620857, "lon": 123.8375475, "amenity_type": "primary", "amenity": "Natalio Bacalso Avenue", "lgu": "Talisay City" }, "geometry": { "type": "Point", "coordinates": [ 123.8375475, 10.2620857 ] } },
{ "type": "Feature", "properties": { "id": 104215044, "lat": 10.2631324, "lon": 123.8389764, "amenity_type": "primary", "amenity": "Natalio Bacalso Avenue", "lgu": "Talisay City" }, "geometry": { "type": "Point", "coordinates": [ 123.8389764, 10.2631324 ] } },
{ "type": "Feature", "properties": { "id": 104215045, "lat": 10.2610197, "lon": 123.8351271, "amenity_type": "primary", "amenity": "Natalio Bacalso Avenue", "lgu": "Talisay City" }, "geometry": { "type": "Point", "coordinates": [ 123.8351271, 10.2610197 ] } },
{ "type": "Feature", "properties": { "id": 104215046, "lat": 10.2605742, "lon": 123.8338774, "amenity_type": "primary", "amenity": "Natalio Bacalso Avenue", "lgu": "Talisay City" }, "geometry": { "type": "Point", "coordinates": [ 123.8338774, 10.2605742 ] } },
{ "type": "Feature", "properties": { "id": 104215047, "lat": 10.2595642, "lon": 123.829154, "amenity_type": "primary", "amenity": "Natalio Bacalso Avenue", "lgu": "Talisay City" }, "geometry": { "type": "Point", "coordinates": [ 123.829154, 10.2595642 ] } },
{ "type": "Feature", "properties": { "id": 104215049, "lat": 10.2621556, "lon": 123.8375133, "amenity_type": "primary", "amenity": "Natalio Bacalso Avenue", "lgu": "Talisay City" }, "geometry": { "type": "Point", "coordinates": [ 123.8375133, 10.2621556 ] } },
{ "type": "Feature", "properties": { "id": 210007042, "lat": 10.2635575, "lon": 123.8394486, "amenity_type": "primary", "amenity": "Tabunok Flyover", "lgu": "Talisay City" }, "geometry": { "type": "Point", "coordinates": [ 123.8394486, 10.2635575 ] } },
{ "type": "Feature", "properties": { "id": 235389465, "lat": 10.2722654, "lon": 123.8478811, "amenity_type": "primary", "amenity": "Natalio Bacalso Avenue", "lgu": "Talisay City" }, "geometry": { "type": "Point", "coordinates": [ 123.8478811, 10.2722654 ] } },
{ "type": "Feature", "properties": { "id": 236545359, "lat": 10.2668105, "lon": 123.8424021, "amenity_type": "primary", "amenity": "Natalio Bacalso Avenue", "lgu": "Talisay City" }, "geometry": { "type": "Point", "coordinates": [ 123.8424021, 10.2668105 ] } },
{ "type": "Feature", "properties": { "id": 237738347, "lat": 10.2766093, "lon": 123.852391, "amenity_type": "primary", "amenity": "Natalio Bacalso Avenue", "lgu": "Talisay City" }, "geometry": { "type": "Point", "coordinates": [ 123.852391, 10.2766093 ] } },
{ "type": "Feature", "properties": { "id": 402072505, "lat": 10.2632334, "lon": 123.8400051, "amenity_type": "secondary", "amenity": "Rafael Rabaya Street", "lgu": "Talisay City" }, "geometry": { "type": "Point", "coordinates": [ 123.8400051, 10.2632334 ] } },
{ "type": "Feature", "properties": { "id": 421052925, "lat": 10.2663135, "lon": 123.8771033, "amenity_type": "trunk", "amenity": "Cebu South Coastal Road", "lgu": "Talisay City" }, "geometry": { "type": "Point", "coordinates": [ 123.8771033, 10.2663135 ] } },
{ "type": "Feature", "properties": { "id": 609990646, "lat": 10.2732665, "lon": 123.8796452, "amenity_type": "trunk", "amenity": "Cebu South Coastal Road", "lgu": "Talisay City" }, "geometry": { "type": "Point", "coordinates": [ 123.8796452, 10.2732665 ] } },
{ "type": "Feature", "properties": { "id": 610005599, "lat": 10.2654551, "lon": 123.8765375, "amenity_type": "trunk", "amenity": "Cebu South Coastal Road", "lgu": "Talisay City" }, "geometry": { "type": "Point", "coordinates": [ 123.8765375, 10.2654551 ] } },
{ "type": "Feature", "properties": { "id": 785017544, "lat": 10.2655659, "lon": 123.87646, "amenity_type": "trunk", "amenity": "Cebu South Coastal Road", "lgu": "Talisay City" }, "geometry": { "type": "Point", "coordinates": [ 123.87646, 10.2655659 ] } },
{ "type": "Feature", "properties": { "id": 785017545, "lat": 10.2650517, "lon": 123.8761875, "amenity_type": "trunk", "amenity": "Cebu South Coastal Road", "lgu": "Talisay City" }, "geometry": { "type": "Point", "coordinates": [ 123.8761875, 10.2650517 ] } },
{ "type": "Feature", "properties": { "id": 785017546, "lat": 10.2637366, "lon": 123.8748844, "amenity_type": "trunk", "amenity": "Cebu South Coastal Road", "lgu": "Talisay City" }, "geometry": { "type": "Point", "coordinates": [ 123.8748844, 10.2637366 ] } },
{ "type": "Feature", "properties": { "id": 785017547, "lat": 10.2633342, "lon": 123.8747039, "amenity_type": "trunk", "amenity": "Cebu South Coastal Road", "lgu": "Talisay City" }, "geometry": { "type": "Point", "coordinates": [ 123.8747039, 10.2633342 ] } },
{ "type": "Feature", "properties": { "id": 785017549, "lat": 10.2613857, "lon": 123.8730169, "amenity_type": "trunk", "amenity": "Cebu South Coastal Road", "lgu": "Talisay City" }, "geometry": { "type": "Point", "coordinates": [ 123.8730169, 10.2613857 ] } },
{ "type": "Feature", "properties": { "id": 785017550, "lat": 10.2614584, "lon": 123.8729227, "amenity_type": "trunk", "amenity": "Cebu South Coastal Road", "lgu": "Talisay City" }, "geometry": { "type": "Point", "coordinates": [ 123.8729227, 10.2614584 ] } },
{ "type": "Feature", "properties": { "id": 785017551, "lat": 10.2514135, "lon": 123.8486506, "amenity_type": "trunk", "amenity": "Cebu South Coastal Road", "lgu": "Talisay City" }, "geometry": { "type": "Point", "coordinates": [ 123.8486506, 10.2514135 ] } },
{ "type": "Feature", "properties": { "id": 785017552, "lat": 10.257649, "lon": 123.8670611, "amenity_type": "trunk", "amenity": "Cebu South Coastal Road", "lgu": "Talisay City" }, "geometry": { "type": "Point", "coordinates": [ 123.8670611, 10.257649 ] } },
{ "type": "Feature", "properties": { "id": 785017553, "lat": 10.2578362, "lon": 123.8605675, "amenity_type": "trunk", "amenity": "Cebu South Coastal Road", "lgu": "Talisay City" }, "geometry": { "type": "Point", "coordinates": [ 123.8605675, 10.2578362 ] } },
{ "type": "Feature", "properties": { "id": 785017554, "lat": 10.2566676, "lon": 123.8595771, "amenity_type": "trunk", "amenity": "Cebu South Coastal Road", "lgu": "Talisay City" }, "geometry": { "type": "Point", "coordinates": [ 123.8595771, 10.2566676 ] } },
{ "type": "Feature", "properties": { "id": 785017555, "lat": 10.2558505, "lon": 123.8588009, "amenity_type": "trunk", "amenity": "Cebu South Coastal Road", "lgu": "Talisay City" }, "geometry": { "type": "Point", "coordinates": [ 123.8588009, 10.2558505 ] } },
{ "type": "Feature", "properties": { "id": 785017556, "lat": 10.2546846, "lon": 123.8578892, "amenity_type": "trunk", "amenity": "Cebu South Coastal Road", "lgu": "Talisay City" }, "geometry": { "type": "Point", "coordinates": [ 123.8578892, 10.2546846 ] } },
{ "type": "Feature", "properties": { "id": 785017557, "lat": 10.2535983, "lon": 123.856889, "amenity_type": "trunk", "amenity": "Cebu South Coastal Road", "lgu": "Talisay City" }, "geometry": { "type": "Point", "coordinates": [ 123.856889, 10.2535983 ] } },
{ "type": "Feature", "properties": { "id": 785017558, "lat": 10.2528662, "lon": 123.8560882, "amenity_type": "trunk", "amenity": "Cebu South Coastal Road", "lgu": "Talisay City" }, "geometry": { "type": "Point", "coordinates": [ 123.8560882, 10.2528662 ] } },
{ "type": "Feature", "properties": { "id": 785017559, "lat": 10.253233, "lon": 123.8565915, "amenity_type": "secondary", "amenity": "Rafael Rabaya Street", "lgu": "Talisay City" }, "geometry": { "type": "Point", "coordinates": [ 123.8565915, 10.253233 ] } },
{ "type": "Feature", "properties": { "id": 785017560, "lat": 10.2585741, "lon": 123.8639943, "amenity_type": "trunk", "amenity": "Cebu South Coastal Road", "lgu": "Talisay City" }, "geometry": { "type": "Point", "coordinates": [ 123.8639943, 10.2585741 ] } },
{ "type": "Feature", "properties": { "id": 785017561, "lat": 10.2580452, "lon": 123.8610902, "amenity_type": "trunk", "amenity": "Cebu South Coastal Road", "lgu": "Talisay City" }, "geometry": { "type": "Point", "coordinates": [ 123.8610902, 10.2580452 ] } },
{ "type": "Feature", "properties": { "id": 785017562, "lat": 10.2524126, "lon": 123.8397646, "amenity_type": "trunk", "amenity": "Cebu South Coastal Road", "lgu": "Talisay City" }, "geometry": { "type": "Point", "coordinates": [ 123.8397646, 10.2524126 ] } },
{ "type": "Feature", "properties": { "id": 785017563, "lat": 10.2528946, "lon": 123.837665, "amenity_type": "trunk", "amenity": "Cebu South Coastal Road", "lgu": "Talisay City" }, "geometry": { "type": "Point", "coordinates": [ 123.837665, 10.2528946 ] } },
{ "type": "Feature", "properties": { "id": 785017564, "lat": 10.2529233, "lon": 123.8370056, "amenity_type": "trunk", "amenity": "Cebu South Coastal Road", "lgu": "Talisay City" }, "geometry": { "type": "Point", "coordinates": [ 123.8370056, 10.2529233 ] } },
{ "type": "Feature", "properties": { "id": 785017565, "lat": 10.2525405, "lon": 123.8385764, "amenity_type": "trunk", "amenity": "Cebu South Coastal Road", "lgu": "Talisay City" }, "geometry": { "type": "Point", "coordinates": [ 123.8385764, 10.2525405 ] } },
{ "type": "Feature", "properties": { "id": 821637001, "lat": 10.2717308, "lon": 123.847203, "amenity_type": "primary", "amenity": "Natalio Bacalso Avenue", "lgu": "Talisay City" }, "geometry": { "type": "Point", "coordinates": [ 123.847203, 10.2717308 ] } },
{ "type": "Feature", "properties": { "id": 821637002, "lat": 10.2721579, "lon": 123.847856, "amenity_type": "primary", "amenity": "Natalio Bacalso Avenue", "lgu": "Talisay City" }, "geometry": { "type": "Point", "coordinates": [ 123.847856, 10.2721579 ] } },
{ "type": "Feature", "properties": { "id": 821637003, "lat": 10.2712041, "lon": 123.8465093, "amenity_type": "primary", "amenity": "Natalio Bacalso Avenue", "lgu": "Talisay City" }, "geometry": { "type": "Point", "coordinates": [ 123.8465093, 10.2712041 ] } },
{ "type": "Feature", "properties": { "id": 821637004, "lat": 10.2715904, "lon": 123.8468356, "amenity_type": "primary", "amenity": "Natalio Bacalso Avenue", "lgu": "Talisay City" }, "geometry": { "type": "Point", "coordinates": [ 123.8468356, 10.2715904 ] } },
{ "type": "Feature", "properties": { "id": 903973908, "lat": 10.2797611, "lon": 123.8817256, "amenity_type": "trunk", "amenity": "Cebu South Coastal Road", "lgu": "Talisay City" }, "geometry": { "type": "Point", "coordinates": [ 123.8817256, 10.2797611 ] } },
{ "type": "Feature", "properties": { "id": 904328238, "lat": 10.2791481, "lon": 123.8549574, "amenity_type": "primary", "amenity": "Natalio Bacalso Avenue", "lgu": "Talisay City" }, "geometry": { "type": "Point", "coordinates": [ 123.8549574, 10.2791481 ] } },
{ "type": "Feature", "properties": { "id": 905322537, "lat": 10.2644217, "lon": 123.8402884, "amenity_type": "primary", "amenity": "Natalio Bacalso Avenue", "lgu": "Talisay City" }, "geometry": { "type": "Point", "coordinates": [ 123.8402884, 10.2644217 ] } },
{ "type": "Feature", "properties": { "id": 905322538, "lat": 10.2644518, "lon": 123.8402538, "amenity_type": "primary", "amenity": "Natalio Bacalso Avenue", "lgu": "Talisay City" }, "geometry": { "type": "Point", "coordinates": [ 123.8402538, 10.2644518 ] } },
{ "type": "Feature", "properties": { "id": 905322539, "lat": 10.2669448, "lon": 123.8426172, "amenity_type": "primary", "amenity": "Natalio Bacalso Avenue", "lgu": "Talisay City" }, "geometry": { "type": "Point", "coordinates": [ 123.8426172, 10.2669448 ] } },
{ "type": "Feature", "properties": { "id": 905322540, "lat": 10.2651022, "lon": 123.8409318, "amenity_type": "primary", "amenity": "Natalio Bacalso Avenue", "lgu": "Talisay City" }, "geometry": { "type": "Point", "coordinates": [ 123.8409318, 10.2651022 ] } },
{ "type": "Feature", "properties": { "id": 988838917, "lat": 10.2635643, "lon": 123.8394569, "amenity_type": "secondary", "amenity": "Rafael Rabaya Street", "lgu": "Talisay City" }, "geometry": { "type": "Point", "coordinates": [ 123.8394569, 10.2635643 ] } },
{ "type": "Feature", "properties": { "id": 988839718, "lat": 10.2640604, "lon": 123.8398426, "amenity_type": "primary", "amenity": "Natalio Bacalso Avenue", "lgu": "Talisay City" }, "geometry": { "type": "Point", "coordinates": [ 123.8398426, 10.2640604 ] } },
{ "type": "Feature", "properties": { "id": 988839719, "lat": 10.2630681, "lon": 123.8390524, "amenity_type": "primary", "amenity": "Natalio Bacalso Avenue", "lgu": "Talisay City" }, "geometry": { "type": "Point", "coordinates": [ 123.8390524, 10.2630681 ] } },
{ "type": "Feature", "properties": { "id": 1083138507, "lat": 10.2515067, "lon": 123.8456499, "amenity_type": "trunk", "amenity": "Cebu South Coastal Road", "lgu": "Talisay City" }, "geometry": { "type": "Point", "coordinates": [ 123.8456499, 10.2515067 ] } },
{ "type": "Feature", "properties": { "id": 1083138508, "lat": 10.2516252, "lon": 123.8467247, "amenity_type": "trunk", "amenity": "Cebu South Coastal Road", "lgu": "Talisay City" }, "geometry": { "type": "Point", "coordinates": [ 123.8467247, 10.2516252 ] } },
{ "type": "Feature", "properties": { "id": 1083138509, "lat": 10.2519649, "lon": 123.8432507, "amenity_type": "trunk", "amenity": "Cebu South Coastal Road", "lgu": "Talisay City" }, "geometry": { "type": "Point", "coordinates": [ 123.8432507, 10.2519649 ] } },
{ "type": "Feature", "properties": { "id": 1083138510, "lat": 10.2519572, "lon": 123.8421645, "amenity_type": "trunk", "amenity": "Cebu South Coastal Road", "lgu": "Talisay City" }, "geometry": { "type": "Point", "coordinates": [ 123.8421645, 10.2519572 ] } },
{ "type": "Feature", "properties": { "id": 1147782868, "lat": 10.2663604, "lon": 123.8420796, "amenity_type": "primary", "amenity": "Natalio Bacalso Avenue", "lgu": "Talisay City" }, "geometry": { "type": "Point", "coordinates": [ 123.8420796, 10.2663604 ] } },
{ "type": "Feature", "properties": { "id": 1147783625, "lat": 10.2663231, "lon": 123.84195, "amenity_type": "primary", "amenity": "Natalio Bacalso Avenue", "lgu": "Talisay City" }, "geometry": { "type": "Point", "coordinates": [ 123.84195, 10.2663231 ] } },
{ "type": "Feature", "properties": { "id": 1147783628, "lat": 10.2666184, "lon": 123.8423133, "amenity_type": "primary", "amenity": "Natalio Bacalso Avenue", "lgu": "Talisay City" }, "geometry": { "type": "Point", "coordinates": [ 123.8423133, 10.2666184 ] } },
{ "type": "Feature", "properties": { "id": 1147848759, "lat": 10.2625721, "lon": 123.8410928, "amenity_type": "secondary", "amenity": "Rafael Rabaya Street", "lgu": "Talisay City" }, "geometry": { "type": "Point", "coordinates": [ 123.8410928, 10.2625721 ] } },
{ "type": "Feature", "properties": { "id": 1147848760, "lat": 10.257884, "lon": 123.8488607, "amenity_type": "secondary", "amenity": "Rafael Rabaya Street", "lgu": "Talisay City" }, "geometry": { "type": "Point", "coordinates": [ 123.8488607, 10.257884 ] } },
{ "type": "Feature", "properties": { "id": 1324331437, "lat": 10.2540235, "lon": 123.8322461, "amenity_type": "trunk", "amenity": "Cebu South Coastal Road", "lgu": "Talisay City" }, "geometry": { "type": "Point", "coordinates": [ 123.8322461, 10.2540235 ] } },
{ "type": "Feature", "properties": { "id": 1324331438, "lat": 10.2545513, "lon": 123.8299344, "amenity_type": "trunk", "amenity": "Cebu South Coastal Road", "lgu": "Talisay City" }, "geometry": { "type": "Point", "coordinates": [ 123.8299344, 10.2545513 ] } },
{ "type": "Feature", "properties": { "id": 1326429948, "lat": 10.2741262, "lon": 123.8498806, "amenity_type": "primary", "amenity": "Natalio Bacalso Avenue", "lgu": "Talisay City" }, "geometry": { "type": "Point", "coordinates": [ 123.8498806, 10.2741262 ] } },
{ "type": "Feature", "properties": { "id": 1326429949, "lat": 10.2736351, "lon": 123.849379, "amenity_type": "primary", "amenity": "Natalio Bacalso Avenue", "lgu": "Talisay City" }, "geometry": { "type": "Point", "coordinates": [ 123.849379, 10.2736351 ] } },
{ "type": "Feature", "properties": { "id": 1340017145, "lat": 10.2699168, "lon": 123.8453206, "amenity_type": "primary", "amenity": "Natalio Bacalso Avenue", "lgu": "Talisay City" }, "geometry": { "type": "Point", "coordinates": [ 123.8453206, 10.2699168 ] } },
{ "type": "Feature", "properties": { "id": 1340017147, "lat": 10.2678357, "lon": 123.8433321, "amenity_type": "primary", "amenity": "Natalio Bacalso Avenue", "lgu": "Talisay City" }, "geometry": { "type": "Point", "coordinates": [ 123.8433321, 10.2678357 ] } },
{ "type": "Feature", "properties": { "id": 1340017149, "lat": 10.2671815, "lon": 123.8427344, "amenity_type": "primary", "amenity": "Natalio Bacalso Avenue", "lgu": "Talisay City" }, "geometry": { "type": "Point", "coordinates": [ 123.8427344, 10.2671815 ] } },
{ "type": "Feature", "properties": { "id": 1340017150, "lat": 10.2677981, "lon": 123.8433769, "amenity_type": "primary", "amenity": "Natalio Bacalso Avenue", "lgu": "Talisay City" }, "geometry": { "type": "Point", "coordinates": [ 123.8433769, 10.2677981 ] } },
{ "type": "Feature", "properties": { "id": 1345398847, "lat": 10.2657616, "lon": 123.8415296, "amenity_type": "primary", "amenity": "Natalio Bacalso Avenue", "lgu": "Talisay City" }, "geometry": { "type": "Point", "coordinates": [ 123.8415296, 10.2657616 ] } },
{ "type": "Feature", "properties": { "id": 1345398849, "lat": 10.2658721, "lon": 123.84163, "amenity_type": "primary", "amenity": "Natalio Bacalso Avenue", "lgu": "Talisay City" }, "geometry": { "type": "Point", "coordinates": [ 123.84163, 10.2658721 ] } },
{ "type": "Feature", "properties": { "id": 1345398850, "lat": 10.2658133, "lon": 123.8415762, "amenity_type": "primary", "amenity": "Natalio Bacalso Avenue", "lgu": "Talisay City" }, "geometry": { "type": "Point", "coordinates": [ 123.8415762, 10.2658133 ] } },
{ "type": "Feature", "properties": { "id": 1345398852, "lat": 10.2658136, "lon": 123.8414753, "amenity_type": "primary", "amenity": "Natalio Bacalso Avenue", "lgu": "Talisay City" }, "geometry": { "type": "Point", "coordinates": [ 123.8414753, 10.2658136 ] } },
{ "type": "Feature", "properties": { "id": 1345398853, "lat": 10.2658639, "lon": 123.8415232, "amenity_type": "primary", "amenity": "Natalio Bacalso Avenue", "lgu": "Talisay City" }, "geometry": { "type": "Point", "coordinates": [ 123.8415232, 10.2658639 ] } },
{ "type": "Feature", "properties": { "id": 1345398855, "lat": 10.2651578, "lon": 123.8408692, "amenity_type": "primary", "amenity": "Natalio Bacalso Avenue", "lgu": "Talisay City" }, "geometry": { "type": "Point", "coordinates": [ 123.8408692, 10.2651578 ] } },
{ "type": "Feature", "properties": { "id": 1350833904, "lat": 10.2728373, "lon": 123.848541, "amenity_type": "primary", "amenity": "Natalio Bacalso Avenue", "lgu": "Talisay City" }, "geometry": { "type": "Point", "coordinates": [ 123.848541, 10.2728373 ] } },
{ "type": "Feature", "properties": { "id": 1350833905, "lat": 10.2733965, "lon": 123.8491317, "amenity_type": "primary", "amenity": "Natalio Bacalso Avenue", "lgu": "Talisay City" }, "geometry": { "type": "Point", "coordinates": [ 123.8491317, 10.2733965 ] } },
{ "type": "Feature", "properties": { "id": 1382927503, "lat": 10.2712527, "lon": 123.8464426, "amenity_type": "primary", "amenity": "Natalio Bacalso Avenue", "lgu": "Talisay City" }, "geometry": { "type": "Point", "coordinates": [ 123.8464426, 10.2712527 ] } },
{ "type": "Feature", "properties": { "id": 1382927504, "lat": 10.2715197, "lon": 123.8468927, "amenity_type": "primary", "amenity": "Natalio Bacalso Avenue", "lgu": "Talisay City" }, "geometry": { "type": "Point", "coordinates": [ 123.8468927, 10.2715197 ] } },
{ "type": "Feature", "properties": { "id": 1423812590, "lat": 10.2590206, "lon": 123.8629425, "amenity_type": "trunk", "amenity": "Cebu South Coastal Road", "lgu": "Talisay City" }, "geometry": { "type": "Point", "coordinates": [ 123.8629425, 10.2590206 ] } },
{ "type": "Feature", "properties": { "id": 1423812591, "lat": 10.2583545, "lon": 123.8652774, "amenity_type": "trunk", "amenity": "Cebu South Coastal Road", "lgu": "Talisay City" }, "geometry": { "type": "Point", "coordinates": [ 123.8652774, 10.2583545 ] } },
{ "type": "Feature", "properties": { "id": 1474473376, "lat": 10.2543841, "lon": 123.8312501, "amenity_type": "trunk", "amenity": "Cebu South Coastal Road", "lgu": "Talisay City" }, "geometry": { "type": "Point", "coordinates": [ 123.8312501, 10.2543841 ] } },
{ "type": "Feature", "properties": { "id": 1474559454, "lat": 10.2682464, "lon": 123.8314547, "amenity_type": "secondary", "amenity": "Rafael Rabaya Street", "lgu": "Talisay City" }, "geometry": { "type": "Point", "coordinates": [ 123.8314547, 10.2682464 ] } },
{ "type": "Feature", "properties": { "id": 1474801403, "lat": 10.261516, "lon": 123.8363802, "amenity_type": "primary", "amenity": "Natalio Bacalso Avenue", "lgu": "Talisay City" }, "geometry": { "type": "Point", "coordinates": [ 123.8363802, 10.261516 ] } },
{ "type": "Feature", "properties": { "id": 1474801405, "lat": 10.2616032, "lon": 123.83635, "amenity_type": "primary", "amenity": "Natalio Bacalso Avenue", "lgu": "Talisay City" }, "geometry": { "type": "Point", "coordinates": [ 123.83635, 10.2616032 ] } },
{ "type": "Feature", "properties": { "id": 1474801406, "lat": 10.2615371, "lon": 123.83614, "amenity_type": "primary", "amenity": "Natalio Bacalso Avenue", "lgu": "Talisay City" }, "geometry": { "type": "Point", "coordinates": [ 123.83614, 10.2615371 ] } },
{ "type": "Feature", "properties": { "id": 1474801407, "lat": 10.2614277, "lon": 123.8361802, "amenity_type": "primary", "amenity": "Natalio Bacalso Avenue", "lgu": "Talisay City" }, "geometry": { "type": "Point", "coordinates": [ 123.8361802, 10.2614277 ] } },
{ "type": "Feature", "properties": { "id": 1474826001, "lat": 10.2706674, "lon": 123.846018, "amenity_type": "primary", "amenity": "Natalio Bacalso Avenue", "lgu": "Talisay City" }, "geometry": { "type": "Point", "coordinates": [ 123.846018, 10.2706674 ] } },
{ "type": "Feature", "properties": { "id": 1474826002, "lat": 10.2707132, "lon": 123.8459621, "amenity_type": "primary", "amenity": "Natalio Bacalso Avenue", "lgu": "Talisay City" }, "geometry": { "type": "Point", "coordinates": [ 123.8459621, 10.2707132 ] } },
{ "type": "Feature", "properties": { "id": 1474826003, "lat": 10.2706532, "lon": 123.8459077, "amenity_type": "primary", "amenity": "Natalio Bacalso Avenue", "lgu": "Talisay City" }, "geometry": { "type": "Point", "coordinates": [ 123.8459077, 10.2706532 ] } },
{ "type": "Feature", "properties": { "id": 1474826005, "lat": 10.2709118, "lon": 123.8461378, "amenity_type": "primary", "amenity": "Natalio Bacalso Avenue", "lgu": "Talisay City" }, "geometry": { "type": "Point", "coordinates": [ 123.8461378, 10.2709118 ] } },
{ "type": "Feature", "properties": { "id": 1474826006, "lat": 10.2708761, "lon": 123.846204, "amenity_type": "primary", "amenity": "Natalio Bacalso Avenue", "lgu": "Talisay City" }, "geometry": { "type": "Point", "coordinates": [ 123.846204, 10.2708761 ] } },
{ "type": "Feature", "properties": { "id": 1474826007, "lat": 10.2705939, "lon": 123.8459508, "amenity_type": "primary", "amenity": "Natalio Bacalso Avenue", "lgu": "Talisay City" }, "geometry": { "type": "Point", "coordinates": [ 123.8459508, 10.2705939 ] } },
{ "type": "Feature", "properties": { "id": 1474830304, "lat": 10.2671216, "lon": 123.8427819, "amenity_type": "primary", "amenity": "Natalio Bacalso Avenue", "lgu": "Talisay City" }, "geometry": { "type": "Point", "coordinates": [ 123.8427819, 10.2671216 ] } },
{ "type": "Feature", "properties": { "id": 1474830305, "lat": 10.266986, "lon": 123.8425644, "amenity_type": "primary", "amenity": "Natalio Bacalso Avenue", "lgu": "Talisay City" }, "geometry": { "type": "Point", "coordinates": [ 123.8425644, 10.266986 ] } },
{ "type": "Feature", "properties": { "id": 1474830307, "lat": 10.2669495, "lon": 123.8425318, "amenity_type": "primary", "amenity": "Natalio Bacalso Avenue", "lgu": "Talisay City" }, "geometry": { "type": "Point", "coordinates": [ 123.8425318, 10.2669495 ] } },
{ "type": "Feature", "properties": { "id": 1474830308, "lat": 10.2669153, "lon": 123.8425898, "amenity_type": "primary", "amenity": "Natalio Bacalso Avenue", "lgu": "Talisay City" }, "geometry": { "type": "Point", "coordinates": [ 123.8425898, 10.2669153 ] } },
{ "type": "Feature", "properties": { "id": 1474830310, "lat": 10.2673366, "lon": 123.8429813, "amenity_type": "primary", "amenity": "Natalio Bacalso Avenue", "lgu": "Talisay City" }, "geometry": { "type": "Point", "coordinates": [ 123.8429813, 10.2673366 ] } },
{ "type": "Feature", "properties": { "id": 1474830311, "lat": 10.2675658, "lon": 123.843179, "amenity_type": "primary", "amenity": "Natalio Bacalso Avenue", "lgu": "Talisay City" }, "geometry": { "type": "Point", "coordinates": [ 123.843179, 10.2675658 ] } },
{ "type": "Feature", "properties": { "id": 1474830312, "lat": 10.2673008, "lon": 123.842949, "amenity_type": "primary", "amenity": "Natalio Bacalso Avenue", "lgu": "Talisay City" }, "geometry": { "type": "Point", "coordinates": [ 123.842949, 10.2673008 ] } },
{ "type": "Feature", "properties": { "id": 1474830318, "lat": 10.2681485, "lon": 123.8436904, "amenity_type": "primary", "amenity": "Natalio Bacalso Avenue", "lgu": "Talisay City" }, "geometry": { "type": "Point", "coordinates": [ 123.8436904, 10.2681485 ] } },
{ "type": "Feature", "properties": { "id": 1474830319, "lat": 10.2678709, "lon": 123.8433649, "amenity_type": "primary", "amenity": "Natalio Bacalso Avenue", "lgu": "Talisay City" }, "geometry": { "type": "Point", "coordinates": [ 123.8433649, 10.2678709 ] } },
{ "type": "Feature", "properties": { "id": 1474830322, "lat": 10.2685049, "lon": 123.8439327, "amenity_type": "primary", "amenity": "Natalio Bacalso Avenue", "lgu": "Talisay City" }, "geometry": { "type": "Point", "coordinates": [ 123.8439327, 10.2685049 ] } },
{ "type": "Feature", "properties": { "id": 1474830323, "lat": 10.268464, "lon": 123.8439753, "amenity_type": "primary", "amenity": "Natalio Bacalso Avenue", "lgu": "Talisay City" }, "geometry": { "type": "Point", "coordinates": [ 123.8439753, 10.268464 ] } },
{ "type": "Feature", "properties": { "id": 1474830325, "lat": 10.2685067, "lon": 123.8440144, "amenity_type": "primary", "amenity": "Natalio Bacalso Avenue", "lgu": "Talisay City" }, "geometry": { "type": "Point", "coordinates": [ 123.8440144, 10.2685067 ] } },
{ "type": "Feature", "properties": { "id": 1474830326, "lat": 10.2685481, "lon": 123.8439721, "amenity_type": "primary", "amenity": "Natalio Bacalso Avenue", "lgu": "Talisay City" }, "geometry": { "type": "Point", "coordinates": [ 123.8439721, 10.2685481 ] } },
{ "type": "Feature", "properties": { "id": 1474830327, "lat": 10.2678341, "lon": 123.8434062, "amenity_type": "primary", "amenity": "Natalio Bacalso Avenue", "lgu": "Talisay City" }, "geometry": { "type": "Point", "coordinates": [ 123.8434062, 10.2678341 ] } },
{ "type": "Feature", "properties": { "id": 1474830328, "lat": 10.268898, "lon": 123.8442915, "amenity_type": "primary", "amenity": "Natalio Bacalso Avenue", "lgu": "Talisay City" }, "geometry": { "type": "Point", "coordinates": [ 123.8442915, 10.268898 ] } },
{ "type": "Feature", "properties": { "id": 1474830331, "lat": 10.2692566, "lon": 123.8447071, "amenity_type": "primary", "amenity": "Natalio Bacalso Avenue", "lgu": "Talisay City" }, "geometry": { "type": "Point", "coordinates": [ 123.8447071, 10.2692566 ] } },
{ "type": "Feature", "properties": { "id": 1474830332, "lat": 10.269298, "lon": 123.8446576, "amenity_type": "primary", "amenity": "Natalio Bacalso Avenue", "lgu": "Talisay City" }, "geometry": { "type": "Point", "coordinates": [ 123.8446576, 10.269298 ] } },
{ "type": "Feature", "properties": { "id": 1474830333, "lat": 10.2692287, "lon": 123.8446811, "amenity_type": "primary", "amenity": "Natalio Bacalso Avenue", "lgu": "Talisay City" }, "geometry": { "type": "Point", "coordinates": [ 123.8446811, 10.2692287 ] } },
{ "type": "Feature", "properties": { "id": 1474830335, "lat": 10.2692482, "lon": 123.8446109, "amenity_type": "primary", "amenity": "Natalio Bacalso Avenue", "lgu": "Talisay City" }, "geometry": { "type": "Point", "coordinates": [ 123.8446109, 10.2692482 ] } },
{ "type": "Feature", "properties": { "id": 1474830336, "lat": 10.2681873, "lon": 123.8436479, "amenity_type": "primary", "amenity": "Natalio Bacalso Avenue", "lgu": "Talisay City" }, "geometry": { "type": "Point", "coordinates": [ 123.8436479, 10.2681873 ] } },
{ "type": "Feature", "properties": { "id": 1474830337, "lat": 10.2692069, "lon": 123.844661, "amenity_type": "primary", "amenity": "Natalio Bacalso Avenue", "lgu": "Talisay City" }, "geometry": { "type": "Point", "coordinates": [ 123.844661, 10.2692069 ] } },
{ "type": "Feature", "properties": { "id": 1474830338, "lat": 10.2688642, "lon": 123.8443446, "amenity_type": "primary", "amenity": "Natalio Bacalso Avenue", "lgu": "Talisay City" }, "geometry": { "type": "Point", "coordinates": [ 123.8443446, 10.2688642 ] } },
{ "type": "Feature", "properties": { "id": 1474850789, "lat": 10.266035, "lon": 123.8417815, "amenity_type": "primary", "amenity": "Natalio Bacalso Avenue", "lgu": "Talisay City" }, "geometry": { "type": "Point", "coordinates": [ 123.8417815, 10.266035 ] } },
{ "type": "Feature", "properties": { "id": 1474850790, "lat": 10.2659742, "lon": 123.8416262, "amenity_type": "primary", "amenity": "Natalio Bacalso Avenue", "lgu": "Talisay City" }, "geometry": { "type": "Point", "coordinates": [ 123.8416262, 10.2659742 ] } },
{ "type": "Feature", "properties": { "id": 1474850791, "lat": 10.2667741, "lon": 123.842458, "amenity_type": "primary", "amenity": "Natalio Bacalso Avenue", "lgu": "Talisay City" }, "geometry": { "type": "Point", "coordinates": [ 123.842458, 10.2667741 ] } },
{ "type": "Feature", "properties": { "id": 1474850792, "lat": 10.266664, "lon": 123.8422664, "amenity_type": "primary", "amenity": "Natalio Bacalso Avenue", "lgu": "Talisay City" }, "geometry": { "type": "Point", "coordinates": [ 123.8422664, 10.266664 ] } },
{ "type": "Feature", "properties": { "id": 1474850793, "lat": 10.2666165, "lon": 123.8422228, "amenity_type": "primary", "amenity": "Natalio Bacalso Avenue", "lgu": "Talisay City" }, "geometry": { "type": "Point", "coordinates": [ 123.8422228, 10.2666165 ] } },
{ "type": "Feature", "properties": { "id": 1474850794, "lat": 10.2665706, "lon": 123.8422701, "amenity_type": "primary", "amenity": "Natalio Bacalso Avenue", "lgu": "Talisay City" }, "geometry": { "type": "Point", "coordinates": [ 123.8422701, 10.2665706 ] } },
{ "type": "Feature", "properties": { "id": 1475632011, "lat": 10.2627877, "lon": 123.8407409, "amenity_type": "secondary", "amenity": "Rafael Rabaya Street", "lgu": "Talisay City" }, "geometry": { "type": "Point", "coordinates": [ 123.8407409, 10.2627877 ] } },
{ "type": "Feature", "properties": { "id": 1475632013, "lat": 10.267466, "lon": 123.8429883, "amenity_type": "primary", "amenity": "Natalio Bacalso Avenue", "lgu": "Talisay City" }, "geometry": { "type": "Point", "coordinates": [ 123.8429883, 10.267466 ] } },
{ "type": "Feature", "properties": { "id": 1475632014, "lat": 10.267697, "lon": 123.8432026, "amenity_type": "primary", "amenity": "Natalio Bacalso Avenue", "lgu": "Talisay City" }, "geometry": { "type": "Point", "coordinates": [ 123.8432026, 10.267697 ] } },
{ "type": "Feature", "properties": { "id": 1476321946, "lat": 10.2693678, "lon": 123.8784085, "amenity_type": "trunk", "amenity": "Cebu South Coastal Road", "lgu": "Talisay City" }, "geometry": { "type": "Point", "coordinates": [ 123.8784085, 10.2693678 ] } },
{ "type": "Feature", "properties": { "id": 1476656273, "lat": 10.2541557, "lon": 123.8574343, "amenity_type": "trunk", "amenity": "Cebu South Coastal Road", "lgu": "Talisay City" }, "geometry": { "type": "Point", "coordinates": [ 123.8574343, 10.2541557 ] } },
{ "type": "Feature", "properties": { "id": 1476672567, "lat": 10.2796008, "lon": 123.85541, "amenity_type": "primary", "amenity": "Natalio Bacalso Avenue", "lgu": "Talisay City" }, "geometry": { "type": "Point", "coordinates": [ 123.85541, 10.2796008 ] } },
{ "type": "Feature", "properties": { "id": 1476674255, "lat": 10.2789319, "lon": 123.8547391, "amenity_type": "primary", "amenity": "Natalio Bacalso Avenue", "lgu": "Talisay City" }, "geometry": { "type": "Point", "coordinates": [ 123.8547391, 10.2789319 ] } },
{ "type": "Feature", "properties": { "id": 1476908731, "lat": 10.2738903, "lon": 123.8496427, "amenity_type": "primary", "amenity": "Natalio Bacalso Avenue", "lgu": "Talisay City" }, "geometry": { "type": "Point", "coordinates": [ 123.8496427, 10.2738903 ] } },
{ "type": "Feature", "properties": { "id": 1476944542, "lat": 10.2722616, "lon": 123.8479498, "amenity_type": "primary", "amenity": "Natalio Bacalso Avenue", "lgu": "Talisay City" }, "geometry": { "type": "Point", "coordinates": [ 123.8479498, 10.2722616 ] } },
{ "type": "Feature", "properties": { "id": 1476944543, "lat": 10.2719541, "lon": 123.8475499, "amenity_type": "primary", "amenity": "Natalio Bacalso Avenue", "lgu": "Talisay City" }, "geometry": { "type": "Point", "coordinates": [ 123.8475499, 10.2719541 ] } },
{ "type": "Feature", "properties": { "id": 1476944544, "lat": 10.2720292, "lon": 123.8474971, "amenity_type": "primary", "amenity": "Natalio Bacalso Avenue", "lgu": "Talisay City" }, "geometry": { "type": "Point", "coordinates": [ 123.8474971, 10.2720292 ] } },
{ "type": "Feature", "properties": { "id": 1476977313, "lat": 10.2653747, "lon": 123.8764686, "amenity_type": "trunk", "amenity": "Cebu South Coastal Road", "lgu": "Talisay City" }, "geometry": { "type": "Point", "coordinates": [ 123.8764686, 10.2653747 ] } },
{ "type": "Feature", "properties": { "id": 1476977317, "lat": 10.2657223, "lon": 123.8767658, "amenity_type": "trunk", "amenity": "Cebu South Coastal Road", "lgu": "Talisay City" }, "geometry": { "type": "Point", "coordinates": [ 123.8767658, 10.2657223 ] } },
{ "type": "Feature", "properties": { "id": 1476977321, "lat": 10.2573582, "lon": 123.8684141, "amenity_type": "trunk", "amenity": "Cebu South Coastal Road", "lgu": "Talisay City" }, "geometry": { "type": "Point", "coordinates": [ 123.8684141, 10.2573582 ] } },
{ "type": "Feature", "properties": { "id": 1476977322, "lat": 10.2575126, "lon": 123.8677905, "amenity_type": "trunk", "amenity": "Cebu South Coastal Road", "lgu": "Talisay City" }, "geometry": { "type": "Point", "coordinates": [ 123.8677905, 10.2575126 ] } },
{ "type": "Feature", "properties": { "id": 1476977323, "lat": 10.2572546, "lon": 123.8684085, "amenity_type": "trunk", "amenity": "Cebu South Coastal Road", "lgu": "Talisay City" }, "geometry": { "type": "Point", "coordinates": [ 123.8684085, 10.2572546 ] } },
{ "type": "Feature", "properties": { "id": 1476977324, "lat": 10.2574111, "lon": 123.8677638, "amenity_type": "trunk", "amenity": "Cebu South Coastal Road", "lgu": "Talisay City" }, "geometry": { "type": "Point", "coordinates": [ 123.8677638, 10.2574111 ] } },
{ "type": "Feature", "properties": { "id": 98087358, "lat": 10.3848052, "lon": 123.9749791, "amenity_type": "primary", "amenity": "Cebu North Road", "lgu": "Consolacion" }, "geometry": { "type": "Point", "coordinates": [ 123.9749791, 10.3848052 ] } },
{ "type": "Feature", "properties": { "id": 858757489, "lat": 10.3889276, "lon": 123.9801563, "amenity_type": "primary", "amenity": "Cebu North Road", "lgu": "Consolacion" }, "geometry": { "type": "Point", "coordinates": [ 123.9801563, 10.3889276 ] } },
{ "type": "Feature", "properties": { "id": 1468733156, "lat": 10.382771, "lon": 123.9718525, "amenity_type": "primary", "amenity": "Cebu North Road", "lgu": "Consolacion" }, "geometry": { "type": "Point", "coordinates": [ 123.9718525, 10.382771 ] } },
{ "type": "Feature", "properties": { "id": 1468733157, "lat": 10.3827432, "lon": 123.9718682, "amenity_type": "primary", "amenity": "Cebu North Road", "lgu": "Consolacion" }, "geometry": { "type": "Point", "coordinates": [ 123.9718682, 10.3827432 ] } },
{ "type": "Feature", "properties": { "id": 204344827, "lat": 10.2361812, "lon": 123.7758738, "amenity_type": "trunk", "amenity": "Natalio Bacalso Avenue", "lgu": "Minglanilla" }, "geometry": { "type": "Point", "coordinates": [ 123.7758738, 10.2361812 ] } },
{ "type": "Feature", "properties": { "id": 1374643652, "lat": 10.2401992, "lon": 123.7819511, "amenity_type": "trunk", "amenity": "Natalio Bacalso Avenue", "lgu": "Minglanilla" }, "geometry": { "type": "Point", "coordinates": [ 123.7819511, 10.2401992 ] } },
{ "type": "Feature", "properties": { "id": 1474007447, "lat": 10.2394752, "lon": 123.7804124, "amenity_type": "trunk", "amenity": "Natalio Bacalso Avenue", "lgu": "Minglanilla" }, "geometry": { "type": "Point", "coordinates": [ 123.7804124, 10.2394752 ] } }
]
}
