{"type": "FeatureCollection", "features": [{"type": "Feature", "geometry": {"type": "Point", "coordinates": [123.8965661, 10.3181392]}, "properties": {"id": "ChIJr_0AkzeZqTMRUmoqlN1Edyk", "amenity_type": "restaurant", "amenity": "10 Dove Street Confectionery", "lgu": "Cebu City"}}, {"type": "Feature", "geometry": {"type": "Point", "coordinates": [123.8783323, 10.3124987]}, "properties": {"id": "ChIJFTb9PwCfqTMRO9CKp396MuY", "amenity_type": "cafe", "amenity": "100 Percent Cafe", "lgu": "Cebu City"}}, {"type": "Feature", "geometry": {"type": "Point", "coordinates": [123.8840538, 10.3039668]}, "properties": {"id": "ChIJJVluNACfqTMRJlUQNDKaMoU", "amenity_type": "restaurant", "amenity": "24-Seven Convenience Store", "lgu": "Cebu City"}}, {"type": "Feature", "geometry": {"type": "Point", "coordinates": [123.895565, 10.3081163]}, "properties": {"id": "ChIJsW6EsE-ZqTMRNP0dSnYx2fc", "amenity_type": "restaurant", "amenity": "24/7 Quickmart", "lgu": "Cebu City"}}, {"type": "Feature", "geometry": {"type": "Point", "coordinates": [123.9056717, 10.3380519]}, "properties": {"id": "ChIJF7a6a1WZqTMRK_hXNRDEG5M", "amenity_type": "restaurant", "amenity": "5G Coffee House", "lgu": "Cebu City"}}, {"type": "Feature", "geometry": {"type": "Point", "coordinates": [123.9121908, 10.3046295]}, "properties": {"id": "ChIJr5e_ImaZqTMRGJW9Tw0ZF5c", "amenity_type": "restaurant", "amenity": "7 Eleven", "lgu": "Cebu City"}}, {"type": "Feature", "geometry": {"type": "Point", "coordinates": [123.9018787, 10.3168381]}, "properties": {"id": "ChIJuYcw_ESZqTMRBjEPvBSCS4Q", "amenity_type": "restaurant", "amenity": "7 Eleven", "lgu": "Cebu City"}}, {"type": "Feature", "geometry": {"type": "Point", "coordinates": [123.8979228, 10.3296726]}, "properties": {"id": "ChIJ0ZNpkyWZqTMRRzTLLNpq2kM", "amenity_type": "convenience_store", "amenity": "7-Eleven", "lgu": "Cebu City"}}, {"type": "Feature", "geometry": {"type": "Point", "coordinates": [123.8902067, 10.3157648]}, "properties": {"id": "ChIJ1XISOUqZqTMRJBLiZJ-totk", "amenity_type": "convenience_store", "amenity": "7-Eleven", "lgu": "Cebu City"}}, {"type": "Feature", "geometry": {"type": "Point", "coordinates": [123.9094211, 10.3328132]}, "properties": {"id": "ChIJ23VC9k6ZqTMRrIEDPLbDyk8", "amenity_type": "convenience_store", "amenity": "7-Eleven", "lgu": "Cebu City"}}, {"type": "Feature", "geometry": {"type": "Point", "coordinates": [123.9133797, 10.3139872]}, "properties": {"id": "ChIJ66rFWWuZqTMRyQi-tQMedOw", "amenity_type": "convenience_store", "amenity": "7-Eleven", "lgu": "Cebu City"}}, {"type": "Feature", "geometry": {"type": "Point", "coordinates": [123.9049334, 10.338265]}, "properties": {"id": "ChIJ7U4NW_GZqTMRn0SWHMQBZKU", "amenity_type": "convenience_store", "amenity": "7-Eleven", "lgu": "Cebu City"}}, {"type": "Feature", "geometry": {"type": "Point", "coordinates": [123.9065414, 10.3323373]}, "properties": {"id": "ChIJ87PWqYuZqTMR6sFNz-44_Mk", "amenity_type": "convenience_store", "amenity": "7-Eleven", "lgu": "Cebu City"}}, {"type": "Feature", "geometry": {"type": "Point", "coordinates": [123.9011244, 10.3095768]}, "properties": {"id": "ChIJ88IgaESZqTMRpMWDbNPEtJE", "amenity_type": "convenience_store", "amenity": "7-Eleven", "lgu": "Cebu City"}}, {"type": "Feature", "geometry": {"type": "Point", "coordinates": [123.906928, 10.3184896]}, "properties": {"id": "ChIJAezEOT6ZqTMR_CyyGsqIO8k", "amenity_type": "convenience_store", "amenity": "7-Eleven", "lgu": "Cebu City"}}, {"type": "Feature", "geometry": {"type": "Point", "coordinates": [123.9151389, 10.3243818]}, "properties": {"id": "ChIJByuoUbOZqTMRf8nqbS9xT84", "amenity_type": "convenience_store", "amenity": "7-Eleven", "lgu": "Cebu City"}}, {"type": "Feature", "geometry": {"type": "Point", "coordinates": [123.906299, 10.3022569]}, "properties": {"id": "ChIJDzymuF2ZqTMR3mQprZiPJx0", "amenity_type": "convenience_store", "amenity": "7-Eleven", "lgu": "Cebu City"}}, {"type": "Feature", "geometry": {"type": "Point", "coordinates": [123.8961723, 10.3106674]}, "properties": {"id": "ChIJF2LOYz6ZqTMRHtxk5NYxm8Y", "amenity_type": "convenience_store", "amenity": "7-Eleven", "lgu": "Cebu City"}}, {"type": "Feature", "geometry": {"type": "Point", "coordinates": [123.8833342, 10.3150897]}, "properties": {"id": "ChIJI-HoreWfqTMRRLlDsxrJlFQ", "amenity_type": "convenience_store", "amenity": "7-Eleven", "lgu": "Cebu City"}}, {"type": "Feature", "geometry": {"type": "Point", "coordinates": [123.9112379, 10.3123299]}, "properties": {"id": "ChIJO4fQq2uZqTMRaUkIGc9eTng", "amenity_type": "convenience_store", "amenity": "7-Eleven", "lgu": "Cebu City"}}, {"type": "Feature", "geometry": {"type": "Point", "coordinates": [123.9034453, 10.3287111]}, "properties": {"id": "ChIJP3wKlCOZqTMRSuylpiEgPO8", "amenity_type": "convenience_store", "amenity": "7-Eleven", "lgu": "Cebu City"}}, {"type": "Feature", "geometry": {"type": "Point", "coordinates": [123.8951521, 10.3105108]}, "properties": {"id": "ChIJRxHiQk-ZqTMR2GLEy3c9E80", "amenity_type": "convenience_store", "amenity": "7-Eleven", "lgu": "Cebu City"}}, {"type": "Feature", "geometry": {"type": "Point", "coordinates": [123.8991784, 10.3211532]}, "properties": {"id": "ChIJVSP1ot6ZqTMRiT54ePjQyxk", "amenity_type": "convenience_store", "amenity": "7-Eleven", "lgu": "Cebu City"}}, {"type": "Feature", "geometry": {"type": "Point", "coordinates": [123.8911082, 10.2923585]}, "properties": {"id": "ChIJVz5JgPybqTMR-AyLf1CfkY8", "amenity_type": "convenience_store", "amenity": "7-Eleven", "lgu": "Cebu City"}}, {"type": "Feature", "geometry": {"type": "Point", "coordinates": [123.8848765, 10.2980196]}, "properties": {"id": "ChIJZ_n6EACcqTMRqD55ybNQp4w", "amenity_type": "convenience_store", "amenity": "7-Eleven", "lgu": "Cebu City"}}, {"type": "Feature", "geometry": {"type": "Point", "coordinates": [123.9067398, 10.3291339]}, "properties": {"id": "ChIJ_1izEiKZqTMRTzXl5biWzdE", "amenity_type": "convenience_store", "amenity": "7-Eleven", "lgu": "Cebu City"}}, {"type": "Feature", "geometry": {"type": "Point", "coordinates": [123.9025078, 10.3178266]}, "properties": {"id": "ChIJaR4fzTiZqTMRLMsayHiicwc", "amenity_type": "convenience_store", "amenity": "7-Eleven", "lgu": "Cebu City"}}, {"type": "Feature", "geometry": {"type": "Point", "coordinates": [123.8939357, 10.3174968]}, "properties": {"id": "ChIJaZ-vLTaZqTMRYceSElR3i2E", "amenity_type": "convenience_store", "amenity": "7-Eleven", "lgu": "Cebu City"}}, {"type": "Feature", "geometry": {"type": "Point", "coordinates": [123.8988531, 10.2968589]}, "properties": {"id": "ChIJbTx8m-KbqTMRJjg48g284GA", "amenity_type": "convenience_store", "amenity": "7-Eleven", "lgu": "Cebu City"}}, {"type": "Feature", "geometry": {"type": "Point", "coordinates": [123.9044282, 10.296925]}, "properties": {"id": "ChIJc6SnZV-ZqTMRDog0TXYUlMA", "amenity_type": "convenience_store", "amenity": "7-Eleven", "lgu": "Cebu City"}}, {"type": "Feature", "geometry": {"type": "Point", "coordinates": [123.870799, 10.3014099]}, "properties": {"id": "ChIJc6l2bKeeqTMRh-gMkCOKsaM", "amenity_type": "convenience_store", "amenity": "7-Eleven", "lgu": "Cebu City"}}, {"type": "Feature", "geometry": {"type": "Point", "coordinates": [123.9054404, 10.3129286]}, "properties": {"id": "ChIJcTB2Vp2ZqTMRTuAvwqhBRPU", "amenity_type": "convenience_store", "amenity": "7-Eleven", "lgu": "Cebu City"}}, {"type": "Feature", "geometry": {"type": "Point", "coordinates": [123.8981597, 10.302208]}, "properties": {"id": "ChIJfZp6o1mZqTMRMF3Fo_VavQk", "amenity_type": "convenience_store", "amenity": "7-Eleven", "lgu": "Cebu City"}}, {"type": "Feature", "geometry": {"type": "Point", "coordinates": [123.9046875, 10.3311875]}, "properties": {"id": "ChIJfbRfciGZqTMRGLl9Hu0zvik", "amenity_type": "convenience_store", "amenity": "7-Eleven", "lgu": "Cebu City"}}, {"type": "Feature", "geometry": {"type": "Point", "coordinates": [123.9079675, 10.3309434]}, "properties": {"id": "ChIJiVf7PACZqTMRdD6ml7UyOPo", "amenity_type": "convenience_store", "amenity": "7-Eleven", "lgu": "Cebu City"}}, {"type": "Feature", "geometry": {"type": "Point", "coordinates": [123.9092417, 10.31698]}, "properties": {"id": "ChIJid1t9OeZqTMRNi3E_jgzKWw", "amenity_type": "convenience_store", "amenity": "7-Eleven", "lgu": "Cebu City"}}, {"type": "Feature", "geometry": {"type": "Point", "coordinates": [123.9071046, 10.3332973]}, "properties": {"id": "ChIJlY50PSCZqTMRTtHfmh_TXWU", "amenity_type": "convenience_store", "amenity": "7-Eleven", "lgu": "Cebu City"}}, {"type": "Feature", "geometry": {"type": "Point", "coordinates": [123.888353, 10.2969674]}, "properties": {"id": "ChIJlx0Iyv-bqTMRzhHqYg4H-7I", "amenity_type": "convenience_store", "amenity": "7-Eleven", "lgu": "Cebu City"}}, {"type": "Feature", "geometry": {"type": "Point", "coordinates": [123.9086553, 10.3266518]}, "properties": {"id": "ChIJlxl9jCSZqTMRAbPnLoCPhyE", "amenity_type": "convenience_store", "amenity": "7-Eleven", "lgu": "Cebu City"}}, {"type": "Feature", "geometry": {"type": "Point", "coordinates": [123.8780611, 10.3012504]}, "properties": {"id": "ChIJn7RuYemfqTMRjSt900t77Fs", "amenity_type": "convenience_store", "amenity": "7-Eleven", "lgu": "Cebu City"}}, {"type": "Feature", "geometry": {"type": "Point", "coordinates": [123.8715178, 10.2869695]}, "properties": {"id": "ChIJnZPVQDudqTMRMUr_fpt-Bro", "amenity_type": "convenience_store", "amenity": "7-Eleven", "lgu": "Cebu City"}}, {"type": "Feature", "geometry": {"type": "Point", "coordinates": [123.8589411, 10.2899854]}, "properties": {"id": "ChIJo3fqizycqTMR0pmQYbSnpuQ", "amenity_type": "convenience_store", "amenity": "7-Eleven", "lgu": "Cebu City"}}, {"type": "Feature", "geometry": {"type": "Point", "coordinates": [123.8936833, 10.2988419]}, "properties": {"id": "ChIJpytINlaZqTMRiMEy38qmGiY", "amenity_type": "convenience_store", "amenity": "7-Eleven", "lgu": "Cebu City"}}, {"type": "Feature", "geometry": {"type": "Point", "coordinates": [123.8909365, 10.3030968]}, "properties": {"id": "ChIJr9HxCVSZqTMR-hlsL1NYYag", "amenity_type": "convenience_store", "amenity": "7-Eleven", "lgu": "Cebu City"}}, {"type": "Feature", "geometry": {"type": "Point", "coordinates": [123.9069977, 10.2935976]}, "properties": {"id": "ChIJsVuaHSKbqTMRY_MFZ4l6SVI", "amenity_type": "convenience_store", "amenity": "7-Eleven", "lgu": "Cebu City"}}, {"type": "Feature", "geometry": {"type": "Point", "coordinates": [123.9052422, 10.3152609]}, "properties": {"id": "ChIJtS3LVHKZqTMRen5h8nwTQmA", "amenity_type": "convenience_store", "amenity": "7-Eleven", "lgu": "Cebu City"}}, {"type": "Feature", "geometry": {"type": "Point", "coordinates": [123.8925625, 10.3109375]}, "properties": {"id": "ChIJtY-llU6ZqTMRdhZZwQCUJD8", "amenity_type": "convenience_store", "amenity": "7-Eleven", "lgu": "Cebu City"}}, {"type": "Feature", "geometry": {"type": "Point", "coordinates": [123.9055456, 10.3286004]}, "properties": {"id": "ChIJudCahveZqTMR75W9pqgw9_Y", "amenity_type": "convenience_store", "amenity": "7-Eleven", "lgu": "Cebu City"}}, {"type": "Feature", "geometry": {"type": "Point", "coordinates": [123.9037764, 10.2985137]}, "properties": {"id": "ChIJwarG_raZqTMRPbql0SOeio4", "amenity_type": "convenience_store", "amenity": "7-Eleven", "lgu": "Cebu City"}}, {"type": "Feature", "geometry": {"type": "Point", "coordinates": [123.8631522, 10.2876894]}, "properties": {"id": "ChIJwcCs9j2cqTMR8-wmwwi_gME", "amenity_type": "convenience_store", "amenity": "7-Eleven", "lgu": "Cebu City"}}, {"type": "Feature", "geometry": {"type": "Point", "coordinates": [123.8799678, 10.2915678]}, "properties": {"id": "ChIJyb3X2QWcqTMRTj7pwfqsqMw", "amenity_type": "convenience_store", "amenity": "7-Eleven", "lgu": "Cebu City"}}, {"type": "Feature", "geometry": {"type": "Point", "coordinates": [123.9037108, 10.3197456]}, "properties": {"id": "ChIJz7Gu3D6ZqTMRxe55kPBKjtI", "amenity_type": "convenience_store", "amenity": "7-Eleven", "lgu": "Cebu City"}}, {"type": "Feature", "geometry": {"type": "Point", "coordinates": [123.9082914, 10.3320171]}, "properties": {"id": "ChIJN5CqdQCZqTMRUwEni8QR3YM", "amenity_type": "convenience_store", "amenity": "7-Eleven - 38 Park Avenue", "lgu": "Cebu City"}}, {"type": "Feature", "geometry": {"type": "Point", "coordinates": [123.9055124, 10.3142853]}, "properties": {"id": "ChIJQZh3YECZqTMRuucSfgJtTv4", "amenity_type": "convenience_store", "amenity": "7-Eleven 2 Quad", "lgu": "Cebu City"}}, {"type": "Feature", "geometry": {"type": "Point", "coordinates": [123.899735, 10.318361]}, "properties": {"id": "ChIJ71TVSACZqTMRR9zKLmqgNJM", "amenity_type": "convenience_store", "amenity": "7-Eleven JUANITA BLDG", "lgu": "Cebu City"}}, {"type": "Feature", "geometry": {"type": "Point", "coordinates": [123.8986633, 10.3300042]}, "properties": {"id": "ChIJTVHZRgCZqTMRmUWxpSW2J1c", "amenity_type": "convenience_store", "amenity": "7-Eleven JY Square", "lgu": "Cebu City"}}, {"type": "Feature", "geometry": {"type": "Point", "coordinates": [123.875482, 10.2901212]}, "properties": {"id": "ChIJncODMwCdqTMRpSp4J-ZrR7c", "amenity_type": "convenience_store", "amenity": "7-Eleven Mambaling Hi-way (N. Bacalso Avenue-Cebu South Road)", "lgu": "Cebu City"}}, {"type": "Feature", "geometry": {"type": "Point", "coordinates": [123.8981716, 10.2987199]}, "properties": {"id": "ChIJ56azfGSZqTMRc5tCWhE1Fmw", "amenity_type": "convenience_store", "amenity": "7-Eleven PELAEZ CEBU", "lgu": "Cebu City"}}, {"type": "Feature", "geometry": {"type": "Point", "coordinates": [123.9025, 10.3174391]}, "properties": {"id": "ChIJUWImQQCZqTMRZrxZ4-mxOAI", "amenity_type": "convenience_store", "amenity": "7-eleven", "lgu": "Cebu City"}}, {"type": "Feature", "geometry": {"type": "Point", "coordinates": [123.9086507, 10.3270496]}, "properties": {"id": "ChIJK6szBwCZqTMRPNEWAdSILdY", "amenity_type": "restaurant", "amenity": "7/11 The Pad Co-Living", "lgu": "Cebu City"}}, {"type": "Feature", "geometry": {"type": "Point", "coordinates": [123.9089412, 10.3280289]}, "properties": {"id": "ChIJG9_J88ShqTMRf3LZ4nE3NrE", "amenity_type": "restaurant", "amenity": "7107 Restaurant - Cebu City", "lgu": "Cebu City"}}, {"type": "Feature", "geometry": {"type": "Point", "coordinates": [123.903865, 10.328607]}, "properties": {"id": "ChIJpVItliOZqTMRXsb7d5a1X90", "amenity_type": "restaurant", "amenity": "868 Bakeshop", "lgu": "Cebu City"}}, {"type": "Feature", "geometry": {"type": "Point", "coordinates": [123.9062603, 10.3235401]}, "properties": {"id": "ChIJo3noKACZqTMRH9k1XzeD_Pc", "amenity_type": "restaurant", "amenity": "AKI Store", "lgu": "Cebu City"}}, {"type": "Feature", "geometry": {"type": "Point", "coordinates": [123.9057076, 10.3302678]}, "properties": {"id": "ChIJSz-_hiGZqTMRld4U6plOZvg", "amenity_type": "restaurant", "amenity": "Abaca Baking Company® (Coffee Shop) - Filinvest Cyberzone, IT Park", "lgu": "Cebu City"}}, {"type": "Feature", "geometry": {"type": "Point", "coordinates": [123.8921143, 10.3099002]}, "properties": {"id": "ChIJV8OyYk6ZqTMR-H3oOkuqGoA", "amenity_type": "restaurant", "amenity": "Abaca Baking Company® (Coffee Shop) - Robinsons Cybergate", "lgu": "Cebu City"}}, {"type": "Feature", "geometry": {"type": "Point", "coordinates": [123.9098361, 10.3281056]}, "properties": {"id": "ChIJ4X4i5hiZqTMRbrc4DMK1gXA", "amenity_type": "restaurant", "amenity": "Abaca Baking Company® (Restaurant) - Crossroads", "lgu": "Cebu City"}}, {"type": "Feature", "geometry": {"type": "Point", "coordinates": [123.8921821, 10.3108841]}, "properties": {"id": "ChIJ8xsImk6ZqTMRRnYZV1dm1fE", "amenity_type": "restaurant", "amenity": "Abiyo Uno", "lgu": "Cebu City"}}, {"type": "Feature", "geometry": {"type": "Point", "coordinates": [123.8902952, 10.3131998]}, "properties": {"id": "ChIJc4cbqXGZqTMRw2KA-IEkQRk", "amenity_type": "restaurant", "amenity": "Abli Cebu", "lgu": "Cebu City"}}, {"type": "Feature", "geometry": {"type": "Point", "coordinates": [123.8919049, 10.3231511]}, "properties": {"id": "ChIJc7IY5zOZqTMRKC_F-qIVjNc", "amenity_type": "restaurant", "amenity": "Acacia Steakhouse", "lgu": "Cebu City"}}, {"type": "Feature", "geometry": {"type": "Point", "coordinates": [123.8981425, 10.3004149]}, "properties": {"id": "ChIJpe0YsVmZqTMRZwxhJF3iS5Q", "amenity_type": "restaurant", "amenity": "Alberto's Pizza", "lgu": "Cebu City"}}, {"type": "Feature", "geometry": {"type": "Point", "coordinates": [123.8946398, 10.3114479]}, "properties": {"id": "ChIJOb-NJU-ZqTMRvICO_JDIV3A", "amenity_type": "restaurant", "amenity": "Alejandro's Crispy Pata", "lgu": "Cebu City"}}, {"type": "Feature", "geometry": {"type": "Point", "coordinates": [123.8642068, 10.28021]}, "properties": {"id": "ChIJ2z7qHwydqTMRLnxc2cH5vAM", "amenity_type": "restaurant", "amenity": "Amay’s Store", "lgu": "Cebu City"}}, {"type": "Feature", "geometry": {"type": "Point", "coordinates": [123.8906187, 10.3131703]}, "properties": {"id": "ChIJ69bv70uZqTMRInCT2-cCN9w", "amenity_type": "restaurant", "amenity": "Andy's Crunchicken", "lgu": "Cebu City"}}, {"type": "Feature", "geometry": {"type": "Point", "coordinates": [123.8987593, 10.3303364]}, "properties": {"id": "ChIJ4yK67iWZqTMRRFpMUusYBKE", "amenity_type": "restaurant", "amenity": "Angelica Bakeshop, Inc.", "lgu": "Cebu City"}}, {"type": "Feature", "geometry": {"type": "Point", "coordinates": [123.875575, 10.2905559]}, "properties": {"id": "ChIJ1fzpWwWcqTMRv9JZkPQpQOY", "amenity_type": "restaurant", "amenity": "Angels Burger", "lgu": "Cebu City"}}, {"type": "Feature", "geometry": {"type": "Point", "coordinates": [123.9016671, 10.3324001]}, "properties": {"id": "ChIJ_e802yaZqTMRD_h1zO-En2w", "amenity_type": "restaurant", "amenity": "Anita's Bakeshop Main", "lgu": "Cebu City"}}, {"type": "Feature", "geometry": {"type": "Point", "coordinates": [123.8927512, 10.3114647]}, "properties": {"id": "ChIJo6yDx06ZqTMR4RH-ruV3N_g", "amenity_type": "restaurant", "amenity": "Anita's Bakeshop- Fuente Osmeña Branch", "lgu": "Cebu City"}}, {"type": "Feature", "geometry": {"type": "Point", "coordinates": [123.90018, 10.3317269]}, "properties": {"id": "ChIJRX1bjCaZqTMRXHn92gzU_kw", "amenity_type": "restaurant", "amenity": "Anita's Home Bakeshop, Inc.", "lgu": "Cebu City"}}, {"type": "Feature", "geometry": {"type": "Point", "coordinates": [123.8976972, 10.3303688]}, "properties": {"id": "ChIJ0VxoxCWZqTMRZQmO-Vql6R0", "amenity_type": "restaurant", "amenity": "Anita’s Bakeshop", "lgu": "Cebu City"}}, {"type": "Feature", "geometry": {"type": "Point", "coordinates": [123.8968658, 10.3356199]}, "properties": {"id": "ChIJndRuByiZqTMRWrKfZq3FAOk", "amenity_type": "restaurant", "amenity": "Anzani New Mediterranean Restaurant", "lgu": "Cebu City"}}, {"type": "Feature", "geometry": {"type": "Point", "coordinates": [123.886166, 10.3117833]}, "properties": {"id": "ChIJZX6HyUyZqTMRGdt935iZh-k", "amenity_type": "restaurant", "amenity": "Arbee's", "lgu": "Cebu City"}}, {"type": "Feature", "geometry": {"type": "Point", "coordinates": [123.89055, 10.323758]}, "properties": {"id": "ChIJi6iWxDOZqTMRKPGQDvpWCh0", "amenity_type": "restaurant", "amenity": "Arbees Bakeshop", "lgu": "Cebu City"}}, {"type": "Feature", "geometry": {"type": "Point", "coordinates": [123.905136, 10.318214]}, "properties": {"id": "ChIJ5VM7Xz6ZqTMR4GtjRkUGwn0", "amenity_type": "restaurant", "amenity": "Army Navy - Ayala Center Cebu", "lgu": "Cebu City"}}, {"type": "Feature", "geometry": {"type": "Point", "coordinates": [123.9053877, 10.3307629]}, "properties": {"id": "ChIJg1UAnCGZqTMRh4DLFalPNgM", "amenity_type": "restaurant", "amenity": "Army Navy - IT Park", "lgu": "Cebu City"}}, {"type": "Feature", "geometry": {"type": "Point", "coordinates": [123.9058626, 10.3219724]}, "properties": {"id": "ChIJU8ugO_6ZqTMRol7W72q-fmM", "amenity_type": "restaurant", "amenity": "Arnelyn Sari-Sari Store", "lgu": "Cebu City"}}, {"type": "Feature", "geometry": {"type": "Point", "coordinates": [123.8915482, 10.3137344]}, "properties": {"id": "ChIJU3j9YEmZqTMRpLpyNqy2nUQ", "amenity_type": "restaurant", "amenity": "Asia Town Trading", "lgu": "Cebu City"}}, {"type": "Feature", "geometry": {"type": "Point", "coordinates": [123.9110838, 10.3209197]}, "properties": {"id": "ChIJpxDV9BaZqTMRJqisoY0TEs0", "amenity_type": "restaurant", "amenity": "Assi Mart", "lgu": "Cebu City"}}, {"type": "Feature", "geometry": {"type": "Point", "coordinates": [123.896111, 10.318144]}, "properties": {"id": "ChIJ84pHkjeZqTMRfXL7GtEcQQs", "amenity_type": "restaurant", "amenity": "Axis Mall", "lgu": "Cebu City"}}, {"type": "Feature", "geometry": {"type": "Point", "coordinates": [123.895024, 10.2984557]}, "properties": {"id": "ChIJWxoMXLaZqTMR0_A_gL_N5oM", "amenity_type": "restaurant", "amenity": "Ayer's Lechon", "lgu": "Cebu City"}}, {"type": "Feature", "geometry": {"type": "Point", "coordinates": [123.8961682, 10.3106213]}, "properties": {"id": "ChIJjSWMZ0-ZqTMRK8_rNvazr78", "amenity_type": "restaurant", "amenity": "Ayer's Lechon", "lgu": "Cebu City"}}, {"type": "Feature", "geometry": {"type": "Point", "coordinates": [123.9070437, 10.3307927]}, "properties": {"id": "ChIJRR_1PV-ZqTMRFEw4k7Uw7zw", "amenity_type": "restaurant", "amenity": "Ayer's Lechon - Cbloc Food Court", "lgu": "Cebu City"}}, {"type": "Feature", "geometry": {"type": "Point", "coordinates": [123.9065689, 10.3275597]}, "properties": {"id": "ChIJxb6hGjGZqTMRdCxVYp_YneU", "amenity_type": "restaurant", "amenity": "Ayers Lechon House", "lgu": "Cebu City"}}, {"type": "Feature", "geometry": {"type": "Point", "coordinates": [123.9007277, 10.2975271]}, "properties": {"id": "ChIJXw6_-keZqTMRv_0_iVQuxtQ", "amenity_type": "restaurant", "amenity": "Ayers lechon - 138 Mall", "lgu": "Cebu City"}}, {"type": "Feature", "geometry": {"type": "Point", "coordinates": [123.8618834, 10.2818938]}, "properties": {"id": "ChIJf9eIbs6fqTMRfOdT-uXkgj0", "amenity_type": "restaurant", "amenity": "BF BIGFUDGE", "lgu": "Cebu City"}}, {"type": "Feature", "geometry": {"type": "Point", "coordinates": [123.8946384, 10.3461087]}, "properties": {"id": "ChIJA8vZ1s-YqTMR1ErWp9IBlHQ", "amenity_type": "restaurant", "amenity": "BakeArt", "lgu": "Cebu City"}}, {"type": "Feature", "geometry": {"type": "Point", "coordinates": [123.8726302, 10.3773937]}, "properties": {"id": "ChIJwUoL2c-hqTMRtvCeNCL8i5c", "amenity_type": "restaurant", "amenity": "Balay Sa Busay", "lgu": "Cebu City"}}, {"type": "Feature", "geometry": {"type": "Point", "coordinates": [123.9007798, 10.3190829]}, "properties": {"id": "ChIJ0bz_kxWZqTMRR5imL7T1psU", "amenity_type": "restaurant", "amenity": "Banana Pancake Trail", "lgu": "Cebu City"}}, {"type": "Feature", "geometry": {"type": "Point", "coordinates": [123.9040022, 10.3292581]}, "properties": {"id": "ChIJ5ZrqMICZqTMR-Wht_rxnaWk", "amenity_type": "cafe", "amenity": "Basement Cafe", "lgu": "Cebu City"}}, {"type": "Feature", "geometry": {"type": "Point", "coordinates": [123.9030976, 10.3202245]}, "properties": {"id": "ChIJt_lFpj6ZqTMRX3NRZfuqIVk", "amenity_type": "restaurant", "amenity": "Bean Date", "lgu": "Cebu City"}}, {"type": "Feature", "geometry": {"type": "Point", "coordinates": [123.8946609, 10.2970148]}, "properties": {"id": "ChIJW4X42HWbqTMR3jOPD0juVv8", "amenity_type": "cafe", "amenity": "Beaned Cafe - Cebu", "lgu": "Cebu City"}}, {"type": "Feature", "geometry": {"type": "Point", "coordinates": [123.907184, 10.3295099]}, "properties": {"id": "ChIJrZ6ZGyKZqTMRJ2RpwYib0XU", "amenity_type": "restaurant", "amenity": "Beanleaf", "lgu": "Cebu City"}}, {"type": "Feature", "geometry": {"type": "Point", "coordinates": [123.9148166, 10.3199818]}, "properties": {"id": "ChIJ0wtwHZmZqTMRSZ1z0r1FYhQ", "amenity_type": "cafe", "amenity": "Bee Cafe Cebu", "lgu": "Cebu City"}}, {"type": "Feature", "geometry": {"type": "Point", "coordinates": [123.9090234, 10.328279]}, "properties": {"id": "ChIJPf_y_06ZqTMRpf16ceOieLM", "amenity_type": "restaurant", "amenity": "Bell+Amadeus", "lgu": "Cebu City"}}, {"type": "Feature", "geometry": {"type": "Point", "coordinates": [123.898257, 10.3116217]}, "properties": {"id": "ChIJA-Ee4EWZqTMRSOK7DH2ZkaA", "amenity_type": "restaurant", "amenity": "Betty's", "lgu": "Cebu City"}}, {"type": "Feature", "geometry": {"type": "Point", "coordinates": [123.8959951, 10.3075613]}, "properties": {"id": "ChIJEYHJ5U-ZqTMR7HAi_fsBGQc", "amenity_type": "restaurant", "amenity": "Betty's Bakeshop", "lgu": "Cebu City"}}, {"type": "Feature", "geometry": {"type": "Point", "coordinates": [123.8623451, 10.2868916]}, "properties": {"id": "ChIJ23q_cz6cqTMRldVUy8wsO_c", "amenity_type": "restaurant", "amenity": "Biaño's Pizza", "lgu": "Cebu City"}}, {"type": "Feature", "geometry": {"type": "Point", "coordinates": [123.8750535, 10.3006326]}, "properties": {"id": "ChIJURUhD6ieqTMRfRj0xcFf3ys", "amenity_type": "restaurant", "amenity": "Biaño's Pizza", "lgu": "Cebu City"}}, {"type": "Feature", "geometry": {"type": "Point", "coordinates": [123.9019485, 10.3290876]}, "properties": {"id": "ChIJd_UgdCSZqTMRAD2PxIn90hY", "amenity_type": "restaurant", "amenity": "Big+Plus Mart", "lgu": "Cebu City"}}, {"type": "Feature", "geometry": {"type": "Point", "coordinates": [123.9057505, 10.3180532]}, "properties": {"id": "ChIJwdAejT6ZqTMR2thM050cw2o", "amenity_type": "cafe", "amenity": "Bigby's Cafe and Restaurant Ayala Center Cebu", "lgu": "Cebu City"}}, {"type": "Feature", "geometry": {"type": "Point", "coordinates": [123.8959846, 10.3150189]}, "properties": {"id": "ChIJdbcuYkiZqTMRSZtqI6pAM1s", "amenity_type": "restaurant", "amenity": "Bintana Coffee House", "lgu": "Cebu City"}}, {"type": "Feature", "geometry": {"type": "Point", "coordinates": [123.9051872, 10.3222664]}, "properties": {"id": "ChIJ625JUQCZqTMRWak6aXfQq9I", "amenity_type": "restaurant", "amenity": "Bits & Bite Convenience Store", "lgu": "Cebu City"}}, {"type": "Feature", "geometry": {"type": "Point", "coordinates": [123.8810017, 10.281338]}, "properties": {"id": "ChIJw3AGBQucqTMRl21sPlN6x7I", "amenity_type": "restaurant", "amenity": "Blackbeard's Seafood Island", "lgu": "Cebu City"}}, {"type": "Feature", "geometry": {"type": "Point", "coordinates": [123.9052619, 10.3294093]}, "properties": {"id": "ChIJ882sMiKZqTMRTYuITBWCEYQ", "amenity_type": "restaurant", "amenity": "Bo's Coffee", "lgu": "Cebu City"}}, {"type": "Feature", "geometry": {"type": "Point", "coordinates": [123.891228, 10.3145848]}, "properties": {"id": "ChIJk79N1kuZqTMRZtQLduHJr3A", "amenity_type": "restaurant", "amenity": "Bo's Coffee", "lgu": "Cebu City"}}, {"type": "Feature", "geometry": {"type": "Point", "coordinates": [123.8948805, 10.3125224]}, "properties": {"id": "ChIJlcEqzkiZqTMRU7Q8BcVN_Pw", "amenity_type": "restaurant", "amenity": "Bo's Coffee (Baseline)", "lgu": "Cebu City"}}, {"type": "Feature", "geometry": {"type": "Point", "coordinates": [123.9049821, 10.300016]}, "properties": {"id": "ChIJa1PMgSaZqTMROqfQmZGR7Eo", "amenity_type": "restaurant", "amenity": "Bo's Coffee (Casa Gorordo)", "lgu": "Cebu City"}}, {"type": "Feature", "geometry": {"type": "Point", "coordinates": [123.8924788, 10.3139876]}, "properties": {"id": "ChIJZxBmbUmZqTMRXMg23PM0ip0", "amenity_type": "restaurant", "amenity": "Bo's Coffee (Cebu Doctors)", "lgu": "Cebu City"}}, {"type": "Feature", "geometry": {"type": "Point", "coordinates": [123.895142, 10.309087]}, "properties": {"id": "ChIJj4NXuk-ZqTMRjhPLIrCcnRM", "amenity_type": "restaurant", "amenity": "Bo's Coffee (Raintree)", "lgu": "Cebu City"}}, {"type": "Feature", "geometry": {"type": "Point", "coordinates": [123.8774052, 10.2779285]}, "properties": {"id": "ChIJV5NlPgucqTMRFH7huHT_ZCA", "amenity_type": "restaurant", "amenity": "Bo's Coffee (SM Seaside)", "lgu": "Cebu City"}}, {"type": "Feature", "geometry": {"type": "Point", "coordinates": [123.8811245, 10.2810101]}, "properties": {"id": "ChIJV9u9pamhqTMR7XeAb8M65Iw", "amenity_type": "restaurant", "amenity": "Botejyu SM Seaside City Cebu", "lgu": "Cebu City"}}, {"type": "Feature", "geometry": {"type": "Point", "coordinates": [123.8591622, 10.2885258]}, "properties": {"id": "ChIJq8fFajycqTMRH0xM6yFXbgA", "amenity_type": "restaurant", "amenity": "Bread Buns Bakeshop", "lgu": "Cebu City"}}, {"type": "Feature", "geometry": {"type": "Point", "coordinates": [123.9048836, 10.3194073]}, "properties": {"id": "ChIJD2Zuqz-ZqTMR8OkgVvUGiJ8", "amenity_type": "restaurant", "amenity": "BreadTalk Ayala Center Cebu", "lgu": "Cebu City"}}, {"type": "Feature", "geometry": {"type": "Point", "coordinates": [123.9079829, 10.3317129]}, "properties": {"id": "ChIJJci21yGZqTMRa_SMQiEjOg4", "amenity_type": "restaurant", "amenity": "Brewmance", "lgu": "Cebu City"}}, {"type": "Feature", "geometry": {"type": "Point", "coordinates": [123.87964, 10.2920009]}, "properties": {"id": "ChIJ9dT70gWcqTMRxaBatGTlbq4", "amenity_type": "restaurant", "amenity": "Buko Republic", "lgu": "Cebu City"}}, {"type": "Feature", "geometry": {"type": "Point", "coordinates": [123.8811091, 10.28105]}, "properties": {"id": "ChIJAcwtbAucqTMR8vxr1ueB9Xk", "amenity_type": "restaurant", "amenity": "Burger King - SM Seaside", "lgu": "Cebu City"}}, {"type": "Feature", "geometry": {"type": "Point", "coordinates": [123.9010008, 10.3182698]}, "properties": {"id": "ChIJ9_21MlyZqTMRHoEQC5Lbl9A", "amenity_type": "restaurant", "amenity": "C.BREW", "lgu": "Cebu City"}}, {"type": "Feature", "geometry": {"type": "Point", "coordinates": [123.9049519, 10.3177757]}, "properties": {"id": "ChIJP-eFrcWZqTMRn3UMJqvtFSE", "amenity_type": "restaurant", "amenity": "CIBO - Ayala Center Cebu L1", "lgu": "Cebu City"}}, {"type": "Feature", "geometry": {"type": "Point", "coordinates": [123.9066475, 10.3293814]}, "properties": {"id": "ChIJdd6LbwCZqTMRRx2zsdYLFP4", "amenity_type": "restaurant", "amenity": "COFFEE BEAR IT PARK", "lgu": "Cebu City"}}, {"type": "Feature", "geometry": {"type": "Point", "coordinates": [123.8965244, 10.3101459]}, "properties": {"id": "ChIJ23XsyOyZqTMRmqkP_7hagIw", "amenity_type": "restaurant", "amenity": "COFFEE SPOT - MANGO CEBU", "lgu": "Cebu City"}}, {"type": "Feature", "geometry": {"type": "Point", "coordinates": [123.9051943, 10.3257915]}, "properties": {"id": "ChIJm4lIJyOZqTMRDbayViJHX8o", "amenity_type": "cafe", "amenity": "Cafe Fortuna", "lgu": "Cebu City"}}, {"type": "Feature", "geometry": {"type": "Point", "coordinates": [123.9097498, 10.3297717]}, "properties": {"id": "ChIJp2mNyhiZqTMRxU7Ju0goKgY", "amenity_type": "cafe", "amenity": "Cafe Georg", "lgu": "Cebu City"}}, {"type": "Feature", "geometry": {"type": "Point", "coordinates": [123.8925684, 10.3169638]}, "properties": {"id": "ChIJ0QnZHzaZqTMRUNXIQmrejbw", "amenity_type": "cafe", "amenity": "Cafe Talk Library", "lgu": "Cebu City"}}, {"type": "Feature", "geometry": {"type": "Point", "coordinates": [123.8940157, 10.3178944]}, "properties": {"id": "ChIJez2WNDaZqTMRY3GyT4JCPCE", "amenity_type": "restaurant", "amenity": "Cafè Sarree", "lgu": "Cebu City"}}, {"type": "Feature", "geometry": {"type": "Point", "coordinates": [123.9109563, 10.3296471]}, "properties": {"id": "ChIJNXfc1R6ZqTMRiC3tIoUgr-8", "amenity_type": "restaurant", "amenity": "Café Acelo", "lgu": "Cebu City"}}, {"type": "Feature", "geometry": {"type": "Point", "coordinates": [123.882078, 10.2825469]}, "properties": {"id": "ChIJOfq4YQucqTMRgEJ3iGgO8uM", "amenity_type": "restaurant", "amenity": "Café Laguna", "lgu": "Cebu City"}}, {"type": "Feature", "geometry": {"type": "Point", "coordinates": [123.9000926, 10.3211963]}, "properties": {"id": "ChIJua7saUeZqTMRQL7zbZtGE2E", "amenity_type": "restaurant", "amenity": "Capu Coffee - Cebu", "lgu": "Cebu City"}}, {"type": "Feature", "geometry": {"type": "Point", "coordinates": [123.8906829, 10.314444]}, "properties": {"id": "ChIJEcsl0EuZqTMRDvRzX2Aojvs", "amenity_type": "restaurant", "amenity": "Cardinal Coffea", "lgu": "Cebu City"}}, {"type": "Feature", "geometry": {"type": "Point", "coordinates": [123.8965443, 10.3299176]}, "properties": {"id": "ChIJedqxyfGZqTMRBemJ93UBdn0", "amenity_type": "restaurant", "amenity": "Cary's Lechon & Roast Beef", "lgu": "Cebu City"}}, {"type": "Feature", "geometry": {"type": "Point", "coordinates": [123.8955917, 10.307147]}, "properties": {"id": "ChIJ_UvkI1CZqTMRx592R5kp8SM", "amenity_type": "restaurant", "amenity": "Casa Verde", "lgu": "Cebu City"}}, {"type": "Feature", "geometry": {"type": "Point", "coordinates": [123.8987197, 10.2929515]}, "properties": {"id": "ChIJG5EXEOObqTMRV9tXXzc_mGM", "amenity_type": "restaurant", "amenity": "Cebu Lumpia House", "lgu": "Cebu City"}}, {"type": "Feature", "geometry": {"type": "Point", "coordinates": [123.9048101, 10.319477]}, "properties": {"id": "ChIJa1cosYiZqTMRCRgx2UfkbjQ", "amenity_type": "restaurant", "amenity": "Cebu The Samgyup 31 Premium Grill 세부 더삼겹 31", "lgu": "Cebu City"}}, {"type": "Feature", "geometry": {"type": "Point", "coordinates": [123.8950367, 10.3173711]}, "properties": {"id": "ChIJ4QJS2jeZqTMR51n-0fqNQK0", "amenity_type": "restaurant", "amenity": "Cebu's Original Lechon Belly", "lgu": "Cebu City"}}, {"type": "Feature", "geometry": {"type": "Point", "coordinates": [123.881324, 10.280764]}, "properties": {"id": "ChIJzea1RgucqTMR-ICKrcklheo", "amenity_type": "restaurant", "amenity": "Cebu's Original Lechon Belly - SM Seaside City Cebu", "lgu": "Cebu City"}}, {"type": "Feature", "geometry": {"type": "Point", "coordinates": [123.9040386, 10.3283264]}, "properties": {"id": "ChIJ1aB-JliZqTMRfYYwrFyY5WQ", "amenity_type": "restaurant", "amenity": "Cebu's Tasty Lechon Lahug Branch", "lgu": "Cebu City"}}, {"type": "Feature", "geometry": {"type": "Point", "coordinates": [123.8937334, 10.2987114]}, "properties": {"id": "ChIJw2nPrxiZqTMRvAJP6xYc1hE", "amenity_type": "restaurant", "amenity": "Cebu's Tasty Lechon Seaoil South Bus", "lgu": "Cebu City"}}, {"type": "Feature", "geometry": {"type": "Point", "coordinates": [123.882172, 10.2823079]}, "properties": {"id": "ChIJs2soFAucqTMR-oG9xbbiqhY", "amenity_type": "restaurant", "amenity": "Chewy Junior", "lgu": "Cebu City"}}, {"type": "Feature", "geometry": {"type": "Point", "coordinates": [123.9023838, 10.3291933]}, "properties": {"id": "ChIJbT79dOSZqTMR1PvIuqCLizs", "amenity_type": "restaurant", "amenity": "Chika-Chon", "lgu": "Cebu City"}}, {"type": "Feature", "geometry": {"type": "Point", "coordinates": [123.9037099, 10.2952228]}, "properties": {"id": "ChIJtT7UhCKbqTMR5rnqBYE-dlY", "amenity_type": "restaurant", "amenity": "Chika-an Cebuano Kitchen - Patria de Cebu", "lgu": "Cebu City"}}, {"type": "Feature", "geometry": {"type": "Point", "coordinates": [123.8739236, 10.3003988]}, "properties": {"id": "ChIJUfpUDKeeqTMRab8rRI3Eia0", "amenity_type": "restaurant", "amenity": "Chilen Chicharon", "lgu": "Cebu City"}}, {"type": "Feature", "geometry": {"type": "Point", "coordinates": [123.869402, 10.2997959]}, "properties": {"id": "ChIJJ2555B2cqTMRCoA-o7kls6g", "amenity_type": "restaurant", "amenity": "Chin Sticks", "lgu": "Cebu City"}}, {"type": "Feature", "geometry": {"type": "Point", "coordinates": [123.882549, 10.281557]}, "properties": {"id": "ChIJ1wnKBAucqTMRSF3hLLOs1Rw", "amenity_type": "restaurant", "amenity": "Choobi Choobi", "lgu": "Cebu City"}}, {"type": "Feature", "geometry": {"type": "Point", "coordinates": [123.8581892, 10.2881601]}, "properties": {"id": "ChIJtaUQCTycqTMRsrckmtXv6UA", "amenity_type": "restaurant", "amenity": "Chooks To Go - Quiot", "lgu": "Cebu City"}}, {"type": "Feature", "geometry": {"type": "Point", "coordinates": [123.9073391, 10.3287558]}, "properties": {"id": "ChIJj07GFyKZqTMR9WfmA19Mdxw", "amenity_type": "restaurant", "amenity": "Chowabungga", "lgu": "Cebu City"}}, {"type": "Feature", "geometry": {"type": "Point", "coordinates": [123.8828064, 10.326163]}, "properties": {"id": "ChIJz0VuX8yeqTMRL0nA_TWj7HM", "amenity_type": "restaurant", "amenity": "CnT Lechon - Guadalupe", "lgu": "Cebu City"}}, {"type": "Feature", "geometry": {"type": "Point", "coordinates": [123.904702, 10.318302]}, "properties": {"id": "ChIJd_fo_D6ZqTMRtKqV_Qt0js4", "amenity_type": "restaurant", "amenity": "Coffee Dream Shop Franchise", "lgu": "Cebu City"}}, {"type": "Feature", "geometry": {"type": "Point", "coordinates": [123.880402, 10.2816474]}, "properties": {"id": "ChIJuyXlTQCdqTMRzAdncOQaHag", "amenity_type": "restaurant", "amenity": "Coffee Spot - SM Seaside City Cebu", "lgu": "Cebu City"}}, {"type": "Feature", "geometry": {"type": "Point", "coordinates": [123.8854217, 10.2917487]}, "properties": {"id": "ChIJ18LoLgCdqTMRiqQ06jakvCI", "amenity_type": "restaurant", "amenity": "Cold Crush Halo-Halo", "lgu": "Cebu City"}}, {"type": "Feature", "geometry": {"type": "Point", "coordinates": [123.8806068, 10.2817312]}, "properties": {"id": "ChIJJ58oKgCdqTMRPPLXxCx4KBg", "amenity_type": "restaurant", "amenity": "Colimited Thai Street Food, Cebu", "lgu": "Cebu City"}}, {"type": "Feature", "geometry": {"type": "Point", "coordinates": [123.9129714, 10.3192153]}, "properties": {"id": "ChIJq2W-2ICZqTMRwZLFFLGfQb0", "amenity_type": "restaurant", "amenity": "Come Buy convenience & ticketing", "lgu": "Cebu City"}}, {"type": "Feature", "geometry": {"type": "Point", "coordinates": [123.9070437, 10.3307927]}, "properties": {"id": "ChIJI8307heZqTMRqelf4oFqqv4", "amenity_type": "restaurant", "amenity": "Common Ground Store", "lgu": "Cebu City"}}, {"type": "Feature", "geometry": {"type": "Point", "coordinates": [123.9095402, 10.3282752]}, "properties": {"id": "ChIJHQ3QPziZqTMR1CCqBDU00Ys", "amenity_type": "restaurant", "amenity": "Commonly Uncommon Coffee", "lgu": "Cebu City"}}, {"type": "Feature", "geometry": {"type": "Point", "coordinates": [123.9094541, 10.327895]}, "properties": {"id": "ChIJq8QErBGZqTMR_6DrquLK57w", "amenity_type": "restaurant", "amenity": "CookPub-Cebu Banilad", "lgu": "Cebu City"}}, {"type": "Feature", "geometry": {"type": "Point", "coordinates": [123.9122656, 10.3242268]}, "properties": {"id": "ChIJyU_EYBeZqTMRXyjm_d4dthU", "amenity_type": "restaurant", "amenity": "Corner Bakery Cebu", "lgu": "Cebu City"}}, {"type": "Feature", "geometry": {"type": "Point", "coordinates": [123.8916521, 10.3108167]}, "properties": {"id": "ChIJA7YYhk6ZqTMR03cKqepd78o", "amenity_type": "restaurant", "amenity": "Cream n' Bake", "lgu": "Cebu City"}}, {"type": "Feature", "geometry": {"type": "Point", "coordinates": [123.879783, 10.291642]}, "properties": {"id": "ChIJYfrb0AWcqTMRWerf1ovZlu8", "amenity_type": "restaurant", "amenity": "Creamee D-lite", "lgu": "Cebu City"}}, {"type": "Feature", "geometry": {"type": "Point", "coordinates": [123.90279, 10.3201148]}, "properties": {"id": "ChIJLWMYEjmZqTMR3ofj_yPXZ_w", "amenity_type": "restaurant", "amenity": "Cribs", "lgu": "Cebu City"}}, {"type": "Feature", "geometry": {"type": "Point", "coordinates": [123.8584959, 10.2843708]}, "properties": {"id": "ChIJq38sjF2dqTMRbqxk7Fhhu08", "amenity_type": "cafe", "amenity": "Cynthia's Cafe and Grocery", "lgu": "Cebu City"}}, {"type": "Feature", "geometry": {"type": "Point", "coordinates": [123.8991368, 10.3168784]}, "properties": {"id": "ChIJ2wvpejiZqTMRtEOj4GnXRic", "amenity_type": "restaurant", "amenity": "DBP Store", "lgu": "Cebu City"}}, {"type": "Feature", "geometry": {"type": "Point", "coordinates": [123.9022918, 10.3292559]}, "properties": {"id": "ChIJofiq9T6ZqTMR0BnaCNErVnE", "amenity_type": "restaurant", "amenity": "Da-In Korean Restaurant", "lgu": "Cebu City"}}, {"type": "Feature", "geometry": {"type": "Point", "coordinates": [123.9049616, 10.3187377]}, "properties": {"id": "ChIJueFepD-ZqTMRsyoF0OlOzEc", "amenity_type": "restaurant", "amenity": "Dessert Factory - Ayala Center Cebu", "lgu": "Cebu City"}}, {"type": "Feature", "geometry": {"type": "Point", "coordinates": [123.9038348, 10.297983]}, "properties": {"id": "ChIJOe9bwluZqTMR1Nnd8NlQFEU", "amenity_type": "restaurant", "amenity": "Diners JuncTion", "lgu": "Cebu City"}}, {"type": "Feature", "geometry": {"type": "Point", "coordinates": [123.8690729, 10.2823472]}, "properties": {"id": "ChIJx_f0bQCdqTMRxQAKFW5LVzk", "amenity_type": "restaurant", "amenity": "Dodong Store", "lgu": "Cebu City"}}, {"type": "Feature", "geometry": {"type": "Point", "coordinates": [123.9063409, 10.3141313]}, "properties": {"id": "ChIJs-pDeZKZqTMRYxDeWJ0RidI", "amenity_type": "restaurant", "amenity": "Dolores sari-sari store", "lgu": "Cebu City"}}, {"type": "Feature", "geometry": {"type": "Point", "coordinates": [123.8610133, 10.2838558]}, "properties": {"id": "ChIJTRXp-sydqTMR5TTLJrAZXQM", "amenity_type": "restaurant", "amenity": "Dongkoy's store", "lgu": "Cebu City"}}, {"type": "Feature", "geometry": {"type": "Point", "coordinates": [123.8927289, 10.3116704]}, "properties": {"id": "ChIJOeEsF3-ZqTMRw4-mkIuCnCY", "amenity_type": "restaurant", "amenity": "Dr. Coffee - Cebu Main", "lgu": "Cebu City"}}, {"type": "Feature", "geometry": {"type": "Point", "coordinates": [123.869389, 10.2996079]}, "properties": {"id": "ChIJ5d205h2cqTMRZEzF8zkvjCE", "amenity_type": "restaurant", "amenity": "Dunkin Donuts", "lgu": "Cebu City"}}, {"type": "Feature", "geometry": {"type": "Point", "coordinates": [123.8801086, 10.2820685]}, "properties": {"id": "ChIJM07YfQucqTMRU8YTSmcr3tw", "amenity_type": "restaurant", "amenity": "Dunkin' - SM Seaside", "lgu": "Cebu City"}}, {"type": "Feature", "geometry": {"type": "Point", "coordinates": [123.9004581, 10.2977391]}, "properties": {"id": "ChIJ8c0Cm-KbqTMRHtk22fsfbA0", "amenity_type": "restaurant", "amenity": "Dunkin' - Super Metro Colon", "lgu": "Cebu City"}}, {"type": "Feature", "geometry": {"type": "Point", "coordinates": [123.8985572, 10.330689]}, "properties": {"id": "ChIJ3SJe6CWZqTMR2FaIPSBe1F0", "amenity_type": "restaurant", "amenity": "Dunkin' Donuts", "lgu": "Cebu City"}}, {"type": "Feature", "geometry": {"type": "Point", "coordinates": [123.892612, 10.310691]}, "properties": {"id": "ChIJx7UPk06ZqTMRobHXniSxgBc", "amenity_type": "restaurant", "amenity": "Dunkin' Donuts", "lgu": "Cebu City"}}, {"type": "Feature", "geometry": {"type": "Point", "coordinates": [123.9051239, 10.3181806]}, "properties": {"id": "ChIJvbMD_z6ZqTMRXPwTYVzKuPM", "amenity_type": "restaurant", "amenity": "Dunkin' Donuts, Ayala Center Cebu", "lgu": "Cebu City"}}, {"type": "Feature", "geometry": {"type": "Point", "coordinates": [123.8643991, 10.2831805]}, "properties": {"id": "ChIJSbb6BQCdqTMRdjqafhVddUI", "amenity_type": "restaurant", "amenity": "EKYANG STORE", "lgu": "Cebu City"}}, {"type": "Feature", "geometry": {"type": "Point", "coordinates": [123.805687, 10.4196668]}, "properties": {"id": "ChIJt3hV0GahqTMREDOBtM6HHJY", "amenity_type": "cafe", "amenity": "EZ Cafe & Bistro", "lgu": "Cebu City"}}, {"type": "Feature", "geometry": {"type": "Point", "coordinates": [123.9009058, 10.3208173]}, "properties": {"id": "ChIJEcitlUSZqTMRI26rJqudKzo", "amenity_type": "restaurant", "amenity": "Eat Fresh Cebu", "lgu": "Cebu City"}}, {"type": "Feature", "geometry": {"type": "Point", "coordinates": [123.902425, 10.3170836]}, "properties": {"id": "ChIJh9jZx4OZqTMRJI8MFkrcuEU", "amenity_type": "restaurant", "amenity": "Eat&", "lgu": "Cebu City"}}, {"type": "Feature", "geometry": {"type": "Point", "coordinates": [123.8991838, 10.3124335]}, "properties": {"id": "ChIJZyaQIhuZqTMRNbC_zPdcpYs", "amenity_type": "restaurant", "amenity": "Eddie's Log Cabin", "lgu": "Cebu City"}}, {"type": "Feature", "geometry": {"type": "Point", "coordinates": [123.894749, 10.317814]}, "properties": {"id": "ChIJDYhmzjeZqTMRpo0c4PjUYAU", "amenity_type": "cafe", "amenity": "Espresso Bay Cafe", "lgu": "Cebu City"}}, {"type": "Feature", "geometry": {"type": "Point", "coordinates": [123.8758409, 10.3095721]}, "properties": {"id": "ChIJmcSb7n6fqTMR9X62PDNQtTE", "amenity_type": "restaurant", "amenity": "Ettas Cucina + Bar - Paseo Arcenas", "lgu": "Cebu City"}}, {"type": "Feature", "geometry": {"type": "Point", "coordinates": [123.9070635, 10.3279009]}, "properties": {"id": "ChIJATEpZCKZqTMRO0mt6kISZRs", "amenity_type": "restaurant", "amenity": "FC-CONVERGYS I3", "lgu": "Cebu City"}}, {"type": "Feature", "geometry": {"type": "Point", "coordinates": [123.9063976, 10.3271417]}, "properties": {"id": "ChIJq6pq9CKZqTMR-oExZhm0CSA", "amenity_type": "restaurant", "amenity": "FC-CONVERGYS LINK", "lgu": "Cebu City"}}, {"type": "Feature", "geometry": {"type": "Point", "coordinates": [123.8841889, 10.2977204]}, "properties": {"id": "ChIJ3aASIsedqTMRhOpxarEtyxU", "amenity_type": "restaurant", "amenity": "Family Mart", "lgu": "Cebu City"}}, {"type": "Feature", "geometry": {"type": "Point", "coordinates": [123.8872868, 10.3082143]}, "properties": {"id": "ChIJAcsHCtSZqTMRW-Gbjqz0ja0", "amenity_type": "restaurant", "amenity": "Family Mart", "lgu": "Cebu City"}}, {"type": "Feature", "geometry": {"type": "Point", "coordinates": [123.8868678, 10.2996259]}, "properties": {"id": "ChIJM0IRqCWZqTMR49lqmwE61dY", "amenity_type": "restaurant", "amenity": "Family Mart Phoenix V. Rama", "lgu": "Cebu City"}}, {"type": "Feature", "geometry": {"type": "Point", "coordinates": [123.905147, 10.3182239]}, "properties": {"id": "ChIJM-LuAT-ZqTMR5qqRS4tAkT4", "amenity_type": "restaurant", "amenity": "Figaro Coffee - Ayala Center Cebu", "lgu": "Cebu City"}}, {"type": "Feature", "geometry": {"type": "Point", "coordinates": [123.880866, 10.2718112]}, "properties": {"id": "ChIJTZBp5oidqTMRW-SP-QpVH1k", "amenity_type": "restaurant", "amenity": "Fina", "lgu": "Cebu City"}}, {"type": "Feature", "geometry": {"type": "Point", "coordinates": [123.8962232, 10.3133638]}, "properties": {"id": "ChIJ66tgWiqZqTMRnSAfht3Flaw", "amenity_type": "cafe", "amenity": "Flinders Lane Cafe", "lgu": "Cebu City"}}, {"type": "Feature", "geometry": {"type": "Point", "coordinates": [123.9026226, 10.3136039]}, "properties": {"id": "ChIJ18591UCZqTMRt1kk3OsU-Oc", "amenity_type": "restaurant", "amenity": "Florence", "lgu": "Cebu City"}}, {"type": "Feature", "geometry": {"type": "Point", "coordinates": [123.8980023, 10.3109052]}, "properties": {"id": "ChIJn7137ImZqTMRP_ZPvEQSOsc", "amenity_type": "restaurant", "amenity": "Funhan Mart Cebu", "lgu": "Cebu City"}}, {"type": "Feature", "geometry": {"type": "Point", "coordinates": [123.8771909, 10.2918081]}, "properties": {"id": "ChIJNxhAOHadqTMRVFcwUNd6aYw", "amenity_type": "restaurant", "amenity": "GAL One Stop Convenience Store", "lgu": "Cebu City"}}, {"type": "Feature", "geometry": {"type": "Point", "coordinates": [123.9069231, 10.3326818]}, "properties": {"id": "ChIJvYp6deCYqTMRMFhfQZOBV9A", "amenity_type": "restaurant", "amenity": "GLENN MINI MART", "lgu": "Cebu City"}}, {"type": "Feature", "geometry": {"type": "Point", "coordinates": [123.8741556, 10.284431]}, "properties": {"id": "ChIJyX-xcRKcqTMRQFa_9DE29Pk", "amenity_type": "restaurant", "amenity": "GXLZ Computers", "lgu": "Cebu City"}}, {"type": "Feature", "geometry": {"type": "Point", "coordinates": [123.8916945, 10.313436]}, "properties": {"id": "ChIJmzOPXkmZqTMRFYjfC8L2fgw", "amenity_type": "restaurant", "amenity": "GY Convenience Store", "lgu": "Cebu City"}}, {"type": "Feature", "geometry": {"type": "Point", "coordinates": [123.9107472, 10.3066467]}, "properties": {"id": "ChIJu4-6X2iZqTMRdn_PxWI8OYg", "amenity_type": "restaurant", "amenity": "Gaisano Mart", "lgu": "Cebu City"}}, {"type": "Feature", "geometry": {"type": "Point", "coordinates": [123.9051822, 10.318902]}, "properties": {"id": "ChIJj0_X-j6ZqTMRPMtmCokVHtM", "amenity_type": "restaurant", "amenity": "Gelatissimo - Ayala Center Cebu", "lgu": "Cebu City"}}, {"type": "Feature", "geometry": {"type": "Point", "coordinates": [123.8839012, 10.3231673]}, "properties": {"id": "ChIJvSpPajWZqTMR3A6kE5pZQC4", "amenity_type": "restaurant", "amenity": "Gene's Salvaro de Cebu", "lgu": "Cebu City"}}, {"type": "Feature", "geometry": {"type": "Point", "coordinates": [123.9070437, 10.3307927]}, "properties": {"id": "ChIJHaYcrNSZqTMRm3QWSh1oTHM", "amenity_type": "restaurant", "amenity": "Gerry's IT Park Cebu (Gerry's Grill)", "lgu": "Cebu City"}}, {"type": "Feature", "geometry": {"type": "Point", "coordinates": [123.880922, 10.2809139]}, "properties": {"id": "ChIJ0fc2QwucqTMR48lb_xdkcxw", "amenity_type": "restaurant", "amenity": "Goldilocks", "lgu": "Cebu City"}}, {"type": "Feature", "geometry": {"type": "Point", "coordinates": [123.869505, 10.299849]}, "properties": {"id": "ChIJ1dPv5B2cqTMRd131ZwFucD4", "amenity_type": "restaurant", "amenity": "Goldilocks", "lgu": "Cebu City"}}, {"type": "Feature", "geometry": {"type": "Point", "coordinates": [123.9040443, 10.3184276]}, "properties": {"id": "ChIJ5VM7Xz6ZqTMRc8gCn8DcUts", "amenity_type": "restaurant", "amenity": "Goldilocks", "lgu": "Cebu City"}}, {"type": "Feature", "geometry": {"type": "Point", "coordinates": [123.89399, 10.3093585]}, "properties": {"id": "ChIJ5ecdUk6ZqTMRvVIUUqOyHiM", "amenity_type": "restaurant", "amenity": "Goldilocks", "lgu": "Cebu City"}}, {"type": "Feature", "geometry": {"type": "Point", "coordinates": [123.88456, 10.315234]}, "properties": {"id": "ChIJH2BT3LSeqTMRugEILTV9YtE", "amenity_type": "restaurant", "amenity": "Goldilocks", "lgu": "Cebu City"}}, {"type": "Feature", "geometry": {"type": "Point", "coordinates": [123.8840062, 10.3235911]}, "properties": {"id": "ChIJQYyQkMyeqTMRo-uGNgShBQc", "amenity_type": "restaurant", "amenity": "Goldilocks", "lgu": "Cebu City"}}, {"type": "Feature", "geometry": {"type": "Point", "coordinates": [123.9141301, 10.3023501]}, "properties": {"id": "ChIJb9e5tmWZqTMR7x-UyATLUmk", "amenity_type": "restaurant", "amenity": "Goldilocks", "lgu": "Cebu City"}}, {"type": "Feature", "geometry": {"type": "Point", "coordinates": [123.899412, 10.296745]}, "properties": {"id": "ChIJkaNRgeKbqTMR5rC-rVAhE0o", "amenity_type": "restaurant", "amenity": "Goldilocks", "lgu": "Cebu City"}}, {"type": "Feature", "geometry": {"type": "Point", "coordinates": [123.8703749, 10.2936229]}, "properties": {"id": "ChIJrZk2YxqcqTMR4xA6jtem1Yc", "amenity_type": "restaurant", "amenity": "Goldilocks", "lgu": "Cebu City"}}, {"type": "Feature", "geometry": {"type": "Point", "coordinates": [123.9172223, 10.312356]}, "properties": {"id": "ChIJt1DepW2ZqTMR7sgoBE07VQE", "amenity_type": "restaurant", "amenity": "Goldilocks", "lgu": "Cebu City"}}, {"type": "Feature", "geometry": {"type": "Point", "coordinates": [123.898706, 10.330296]}, "properties": {"id": "ChIJB25R2yWZqTMRCdP9pXbRkMk", "amenity_type": "restaurant", "amenity": "Goldilocks Bakeshop", "lgu": "Cebu City"}}, {"type": "Feature", "geometry": {"type": "Point", "coordinates": [123.8968081, 10.306816]}, "properties": {"id": "ChIJqR3f-o6ZqTMRYHtjUIbzJ4Q", "amenity_type": "restaurant", "amenity": "Good Cup Coffee Co.", "lgu": "Cebu City"}}, {"type": "Feature", "geometry": {"type": "Point", "coordinates": [123.899736, 10.317215]}, "properties": {"id": "ChIJb_cGijiZqTMRy-xyPKmnyyw", "amenity_type": "restaurant", "amenity": "Gorordo Convenience Store", "lgu": "Cebu City"}}, {"type": "Feature", "geometry": {"type": "Point", "coordinates": [123.9010949, 10.3154332]}, "properties": {"id": "ChIJx8rb0bmZqTMRIPfld3YpSAE", "amenity_type": "restaurant", "amenity": "Grab-N-Go Mini Mart", "lgu": "Cebu City"}}, {"type": "Feature", "geometry": {"type": "Point", "coordinates": [123.9049519, 10.3177757]}, "properties": {"id": "ChIJD2Zuqz-ZqTMRYdCljqVHLpI", "amenity_type": "restaurant", "amenity": "Greenwich", "lgu": "Cebu City"}}, {"type": "Feature", "geometry": {"type": "Point", "coordinates": [123.894321, 10.3144871]}, "properties": {"id": "ChIJ9wJbV0iZqTMRWpfpVuHnIEA", "amenity_type": "restaurant", "amenity": "HOMEBAKERS, INC.", "lgu": "Cebu City"}}, {"type": "Feature", "geometry": {"type": "Point", "coordinates": [123.8973081, 10.3124041]}, "properties": {"id": "ChIJ6ezjHUaZqTMRmZj1JYUJ-rc", "amenity_type": "restaurant", "amenity": "Halo", "lgu": "Cebu City"}}, {"type": "Feature", "geometry": {"type": "Point", "coordinates": [123.8899268, 10.3144334]}, "properties": {"id": "ChIJP1o8uEuZqTMR2JEzyTb2l1Q", "amenity_type": "restaurant", "amenity": "Han-nya Japanese Restaurant", "lgu": "Cebu City"}}, {"type": "Feature", "geometry": {"type": "Point", "coordinates": [123.8806068, 10.2817312]}, "properties": {"id": "ChIJCTt_EAucqTMRg3y53l3k9MM", "amenity_type": "restaurant", "amenity": "Harbour City", "lgu": "Cebu City"}}, {"type": "Feature", "geometry": {"type": "Point", "coordinates": [123.8808301, 10.281815]}, "properties": {"id": "ChIJR6nEAT-ZqTMRViQP6DPzA7g", "amenity_type": "restaurant", "amenity": "Harbour City Dimsum House", "lgu": "Cebu City"}}, {"type": "Feature", "geometry": {"type": "Point", "coordinates": [123.8723847, 10.2999655]}, "properties": {"id": "ChIJ544MMxycqTMRkC4FzeBLZ1o", "amenity_type": "restaurant", "amenity": "Heavenly Goodies Cakes & Pastries", "lgu": "Cebu City"}}, {"type": "Feature", "geometry": {"type": "Point", "coordinates": [123.8794666, 10.2992531]}, "properties": {"id": "ChIJF0-LCQKcqTMRh2hJQLaxNTA", "amenity_type": "restaurant", "amenity": "Henyo's Pizza", "lgu": "Cebu City"}}, {"type": "Feature", "geometry": {"type": "Point", "coordinates": [123.867398, 10.2930615]}, "properties": {"id": "ChIJCVpm6LCdqTMR31r9LbXqK5I", "amenity_type": "restaurant", "amenity": "Here Convenience Store", "lgu": "Cebu City"}}, {"type": "Feature", "geometry": {"type": "Point", "coordinates": [123.9048758, 10.327598]}, "properties": {"id": "ChIJ5WQefgCZqTMROnVuFMqT51A", "amenity_type": "restaurant", "amenity": "Highlands Coffee - Cebu Exchange Tower", "lgu": "Cebu City"}}, {"type": "Feature", "geometry": {"type": "Point", "coordinates": [123.9017215, 10.3177386]}, "properties": {"id": "ChIJN_ykxTiZqTMRZ59ExS6Cur4", "amenity_type": "restaurant", "amenity": "House of Lechon", "lgu": "Cebu City"}}, {"type": "Feature", "geometry": {"type": "Point", "coordinates": [123.901209, 10.3088279]}, "properties": {"id": "ChIJy_sxowSZqTMRSEwqMKVEDJw", "amenity_type": "restaurant", "amenity": "HueMann Coffee", "lgu": "Cebu City"}}, {"type": "Feature", "geometry": {"type": "Point", "coordinates": [123.9059738, 10.3181437]}, "properties": {"id": "ChIJu0hDTj6ZqTMRPmcPjvxY5gs", "amenity_type": "restaurant", "amenity": "Hukad", "lgu": "Cebu City"}}, {"type": "Feature", "geometry": {"type": "Point", "coordinates": [123.8918949, 10.3102443]}, "properties": {"id": "ChIJH2_XjU6ZqTMRNyr7MTHbATs", "amenity_type": "restaurant", "amenity": "Hukad Everyday Filipino", "lgu": "Cebu City"}}, {"type": "Feature", "geometry": {"type": "Point", "coordinates": [123.9030794, 10.328549]}, "properties": {"id": "ChIJGyGhCSOZqTMRDtxwgYUITlM", "amenity_type": "restaurant", "amenity": "Hwang Gung", "lgu": "Cebu City"}}, {"type": "Feature", "geometry": {"type": "Point", "coordinates": [123.9019488, 10.3290871]}, "properties": {"id": "ChIJe7unCZiZqTMRz2Za0TU5534", "amenity_type": "restaurant", "amenity": "IGO MART KOREAN GROCERY", "lgu": "Cebu City"}}, {"type": "Feature", "geometry": {"type": "Point", "coordinates": [123.9075923, 10.3149774]}, "properties": {"id": "ChIJoZo5KwCZqTMRPYXKo8GfIaQ", "amenity_type": "restaurant", "amenity": "Idam store", "lgu": "Cebu City"}}, {"type": "Feature", "geometry": {"type": "Point", "coordinates": [123.8808455, 10.2726983]}, "properties": {"id": "ChIJOXutUIedqTMR5N_O6pA6MPE", "amenity_type": "restaurant", "amenity": "Il Primo Italian Steakhouse - NUSTAR", "lgu": "Cebu City"}}, {"type": "Feature", "geometry": {"type": "Point", "coordinates": [123.9073923, 10.3123623]}, "properties": {"id": "ChIJa6GHA02ZqTMRWvkTH1gI0Ds", "amenity_type": "restaurant", "amenity": "Inday&Gilbert Store", "lgu": "Cebu City"}}, {"type": "Feature", "geometry": {"type": "Point", "coordinates": [123.8906089, 10.3090414]}, "properties": {"id": "ChIJG__cpkCZqTMRFTLRIWo5xmg", "amenity_type": "restaurant", "amenity": "Itchoy Batchoyan sa Cebu by Pares Batchoy Food House", "lgu": "Cebu City"}}, {"type": "Feature", "geometry": {"type": "Point", "coordinates": [123.9057056, 10.31754]}, "properties": {"id": "ChIJ5VM7Xz6ZqTMRamCF1xvVNPw", "amenity_type": "restaurant", "amenity": "J.Co Donuts & Coffee Reserve", "lgu": "Cebu City"}}, {"type": "Feature", "geometry": {"type": "Point", "coordinates": [123.9028535, 10.3125433]}, "properties": {"id": "ChIJba2HAwCZqTMRQOmNtzPfjug", "amenity_type": "restaurant", "amenity": "Jandhi Sari Sari store", "lgu": "Cebu City"}}, {"type": "Feature", "geometry": {"type": "Point", "coordinates": [123.8753694, 10.2897015]}, "properties": {"id": "ChIJRWc_EgCdqTMRdkTB29OFwUQ", "amenity_type": "restaurant", "amenity": "Japinas Convenience Store", "lgu": "Cebu City"}}, {"type": "Feature", "geometry": {"type": "Point", "coordinates": [123.8805611, 10.3140295]}, "properties": {"id": "ChIJt0sAw3KfqTMRW2eF6688m-U", "amenity_type": "restaurant", "amenity": "Joanna's Halo-halo Banawa - Cebu", "lgu": "Cebu City"}}, {"type": "Feature", "geometry": {"type": "Point", "coordinates": [123.9150142, 10.3239699]}, "properties": {"id": "ChIJrXSVnxCZqTMR0CnzU3PIBPA", "amenity_type": "restaurant", "amenity": "Joed's Lutong Hapon", "lgu": "Cebu City"}}, {"type": "Feature", "geometry": {"type": "Point", "coordinates": [123.8689533, 10.2892841]}, "properties": {"id": "ChIJS3wnHkecqTMRS5dbTVIv4H8", "amenity_type": "restaurant", "amenity": "John's Detox Bar", "lgu": "Cebu City"}}, {"type": "Feature", "geometry": {"type": "Point", "coordinates": [123.896231, 10.29581]}, "properties": {"id": "ChIJQ7aAMP2bqTMRS-j38EkzpYs", "amenity_type": "restaurant", "amenity": "Jollibee", "lgu": "Cebu City"}}, {"type": "Feature", "geometry": {"type": "Point", "coordinates": [123.8994081, 10.2966879]}, "properties": {"id": "ChIJSZRU6-KbqTMRiQPv4LklOCc", "amenity_type": "restaurant", "amenity": "Jollibee - Colonade", "lgu": "Cebu City"}}, {"type": "Feature", "geometry": {"type": "Point", "coordinates": [123.8807054, 10.281657]}, "properties": {"id": "ChIJS3DzeQucqTMRgs_ssBcJO_g", "amenity_type": "restaurant", "amenity": "Jollibee - SM Seaside City Cebu", "lgu": "Cebu City"}}, {"type": "Feature", "geometry": {"type": "Point", "coordinates": [123.9002233, 10.317337]}, "properties": {"id": "ChIJPYFGjTiZqTMRUNQbPjuLtic", "amenity_type": "restaurant", "amenity": "Journeys Café", "lgu": "Cebu City"}}, {"type": "Feature", "geometry": {"type": "Point", "coordinates": [123.9082541, 10.319659]}, "properties": {"id": "ChIJqeP4DgCZqTMRJ1ulouv-ebM", "amenity_type": "restaurant", "amenity": "Jowi and Zach Sari Sari Store", "lgu": "Cebu City"}}, {"type": "Feature", "geometry": {"type": "Point", "coordinates": [123.90181, 10.314599]}, "properties": {"id": "ChIJPedXN0eZqTMROrHk9-K7fAw", "amenity_type": "restaurant", "amenity": "Julie's Bakeshop", "lgu": "Cebu City"}}, {"type": "Feature", "geometry": {"type": "Point", "coordinates": [123.9135464, 10.3164276]}, "properties": {"id": "ChIJkQYqgxSZqTMRZ7Z6PR8m2U0", "amenity_type": "restaurant", "amenity": "Julie's Bakeshop", "lgu": "Cebu City"}}, {"type": "Feature", "geometry": {"type": "Point", "coordinates": [123.8999529, 10.2987166]}, "properties": {"id": "ChIJ8Rht91iZqTMRMsXmHune-dw", "amenity_type": "restaurant", "amenity": "Julie's Bakeshop - Junquera Cosmopolitan", "lgu": "Cebu City"}}, {"type": "Feature", "geometry": {"type": "Point", "coordinates": [123.8709312, 10.3014045]}, "properties": {"id": "ChIJW-BNbKeeqTMRjALpU_3i5LY", "amenity_type": "restaurant", "amenity": "Julmer Food Ventures", "lgu": "Cebu City"}}, {"type": "Feature", "geometry": {"type": "Point", "coordinates": [123.9077857, 10.3203377]}, "properties": {"id": "ChIJoXWURKuZqTMRHW1WcjKCje4", "amenity_type": "restaurant", "amenity": "Juv's Sari-Sari Store", "lgu": "Cebu City"}}, {"type": "Feature", "geometry": {"type": "Point", "coordinates": [123.8856808, 10.3229994]}, "properties": {"id": "ChIJralirjSZqTMRtPCIPquKygo", "amenity_type": "restaurant", "amenity": "K.T. Cakes Unlimited", "lgu": "Cebu City"}}, {"type": "Feature", "geometry": {"type": "Point", "coordinates": [123.8806155, 10.2815085]}, "properties": {"id": "ChIJ92WoXQucqTMRuG5iAXoVvCs", "amenity_type": "restaurant", "amenity": "KFC", "lgu": "Cebu City"}}, {"type": "Feature", "geometry": {"type": "Point", "coordinates": [123.9070001, 10.327896]}, "properties": {"id": "ChIJuUJwaCKZqTMRrauA4Bd1YYY", "amenity_type": "restaurant", "amenity": "KFC", "lgu": "Cebu City"}}, {"type": "Feature", "geometry": {"type": "Point", "coordinates": [123.9084073, 10.3242854]}, "properties": {"id": "ChIJPZ8CNdOZqTMR8ZSryvCezOk", "amenity_type": "restaurant", "amenity": "KOA MART", "lgu": "Cebu City"}}, {"type": "Feature", "geometry": {"type": "Point", "coordinates": [123.9004669, 10.3116761]}, "properties": {"id": "ChIJ-yz5ATmZqTMRY4kfg-KvNWA", "amenity_type": "restaurant", "amenity": "KOA Tree House", "lgu": "Cebu City"}}, {"type": "Feature", "geometry": {"type": "Point", "coordinates": [123.9142917, 10.3247621]}, "properties": {"id": "ChIJoSwIxOqZqTMR2R3TPpsrtWY", "amenity_type": "restaurant", "amenity": "Kaayoo The Filipino Kitchen", "lgu": "Cebu City"}}, {"type": "Feature", "geometry": {"type": "Point", "coordinates": [123.9143092, 10.3151364]}, "properties": {"id": "ChIJm9wUTRaZqTMRU1lV0IGPB8s", "amenity_type": "restaurant", "amenity": "Kaffee Alde Mabolo", "lgu": "Cebu City"}}, {"type": "Feature", "geometry": {"type": "Point", "coordinates": [123.9014842, 10.3198304]}, "properties": {"id": "ChIJKevMxHeZqTMRcJb8a4mOyXo", "amenity_type": "restaurant", "amenity": "Kamp Craft Coffee and Roastery", "lgu": "Cebu City"}}, {"type": "Feature", "geometry": {"type": "Point", "coordinates": [123.8992836, 10.3236878]}, "properties": {"id": "ChIJBW1bVwCZqTMRq5vTzpk9Ets", "amenity_type": "restaurant", "amenity": "Kanday Store", "lgu": "Cebu City"}}, {"type": "Feature", "geometry": {"type": "Point", "coordinates": [123.9128742, 10.304048]}, "properties": {"id": "ChIJ0-0RE2aZqTMRmvg6t7ywHtk", "amenity_type": "restaurant", "amenity": "Kanna Coffee and Tea", "lgu": "Cebu City"}}, {"type": "Feature", "geometry": {"type": "Point", "coordinates": [123.8604353, 10.2835681]}, "properties": {"id": "ChIJF4RRKQCdqTMR2WMfjAbwN5Y", "amenity_type": "restaurant", "amenity": "Kennith's Store", "lgu": "Cebu City"}}, {"type": "Feature", "geometry": {"type": "Point", "coordinates": [123.9058483, 10.3238223]}, "properties": {"id": "ChIJ9_3L-s6ZqTMRHC4mRwKj4rw", "amenity_type": "restaurant", "amenity": "King Savers Mart", "lgu": "Cebu City"}}, {"type": "Feature", "geometry": {"type": "Point", "coordinates": [123.9072414, 10.3286835]}, "properties": {"id": "ChIJne3eZiKZqTMRtadApSn_i_s", "amenity_type": "restaurant", "amenity": "Kitchen Lemon", "lgu": "Cebu City"}}, {"type": "Feature", "geometry": {"type": "Point", "coordinates": [123.8958336, 10.3131822]}, "properties": {"id": "ChIJHz2BciSZqTMRiyA5n9U6I0c", "amenity_type": "cafe", "amenity": "Krave Cafe", "lgu": "Cebu City"}}, {"type": "Feature", "geometry": {"type": "Point", "coordinates": [123.9071297, 10.3283976]}, "properties": {"id": "ChIJ3b61ciKZqTMRuZ3d_GOHxn0", "amenity_type": "restaurant", "amenity": "Krispy Kreme Doughnuts", "lgu": "Cebu City"}}, {"type": "Feature", "geometry": {"type": "Point", "coordinates": [123.9047628, 10.3195636]}, "properties": {"id": "ChIJn2IM-z6ZqTMRS-NZEEffR6U", "amenity_type": "restaurant", "amenity": "Krispy Kreme Doughnuts", "lgu": "Cebu City"}}, {"type": "Feature", "geometry": {"type": "Point", "coordinates": [123.897392, 10.3300815]}, "properties": {"id": "ChIJCyHNkoCZqTMRTnJfFlRBu1Q", "amenity_type": "restaurant", "amenity": "Kuy's Lechon Restaurant", "lgu": "Cebu City"}}, {"type": "Feature", "geometry": {"type": "Point", "coordinates": [123.903819, 10.328731]}, "properties": {"id": "ChIJuTQNliOZqTMRBdMDzZbdFt4", "amenity_type": "restaurant", "amenity": "Kya Eatery", "lgu": "Cebu City"}}, {"type": "Feature", "geometry": {"type": "Point", "coordinates": [123.8732997, 10.3705118]}, "properties": {"id": "ChIJ1_p9pDefqTMRgcpeRTwy7Lc", "amenity_type": "restaurant", "amenity": "LASA BUSAY Modern Filipino Food", "lgu": "Cebu City"}}, {"type": "Feature", "geometry": {"type": "Point", "coordinates": [123.9107172, 10.3153489]}, "properties": {"id": "ChIJcZ1DAACZqTMRhvZdhcK5C2g", "amenity_type": "restaurant", "amenity": "LUISA STORE", "lgu": "Cebu City"}}, {"type": "Feature", "geometry": {"type": "Point", "coordinates": [123.9000911, 10.3211878]}, "properties": {"id": "ChIJeYTUwjiZqTMRm4ax3WIofeI", "amenity_type": "restaurant", "amenity": "La Buona Italian Restaurant", "lgu": "Cebu City"}}, {"type": "Feature", "geometry": {"type": "Point", "coordinates": [123.8829472, 10.312103]}, "properties": {"id": "ChIJ9zCbLRufqTMR_vV85mGzd0k", "amenity_type": "restaurant", "amenity": "La Casa Vieja", "lgu": "Cebu City"}}, {"type": "Feature", "geometry": {"type": "Point", "coordinates": [123.909074, 10.3284419]}, "properties": {"id": "ChIJXynq7BiZqTMR0hQJKzr07vw", "amenity_type": "restaurant", "amenity": "La Marea", "lgu": "Cebu City"}}, {"type": "Feature", "geometry": {"type": "Point", "coordinates": [123.8981652, 10.3262134]}, "properties": {"id": "ChIJaejjSiWZqTMRePxkwZemv2M", "amenity_type": "restaurant", "amenity": "La Parisienne Cebu", "lgu": "Cebu City"}}, {"type": "Feature", "geometry": {"type": "Point", "coordinates": [123.8708464, 10.3726654]}, "properties": {"id": "ChIJ4bm_IdifqTMRuRWlFayTlak", "amenity_type": "restaurant", "amenity": "La Parisienne Sky", "lgu": "Cebu City"}}, {"type": "Feature", "geometry": {"type": "Point", "coordinates": [123.9039943, 10.3276212]}, "properties": {"id": "ChIJlwE_egCZqTMRasYhwNUpiqU", "amenity_type": "restaurant", "amenity": "La Tegola Cucina Italiana - The Esplanade", "lgu": "Cebu City"}}, {"type": "Feature", "geometry": {"type": "Point", "coordinates": [123.8868446, 10.3027669]}, "properties": {"id": "ChIJgRc4GQCZqTMRBqZfHZN-BUA", "amenity_type": "restaurant", "amenity": "Lagtang talisay city, cebu", "lgu": "Cebu City"}}, {"type": "Feature", "geometry": {"type": "Point", "coordinates": [123.9059044, 10.3188965]}, "properties": {"id": "ChIJzXNlXD6ZqTMRVnTIpSHIBu0", "amenity_type": "restaurant", "amenity": "Laguna Garden Café", "lgu": "Cebu City"}}, {"type": "Feature", "geometry": {"type": "Point", "coordinates": [123.9100897, 10.3204806]}, "properties": {"id": "ChIJ3884ahaZqTMRGp7LdRqvkrk", "amenity_type": "restaurant", "amenity": "Landers Superstore Cebu", "lgu": "Cebu City"}}, {"type": "Feature", "geometry": {"type": "Point", "coordinates": [123.8978045, 10.310677]}, "properties": {"id": "ChIJy9mGb-yZqTMRm1AwAqXqgFs", "amenity_type": "restaurant", "amenity": "Lechon Queen", "lgu": "Cebu City"}}, {"type": "Feature", "geometry": {"type": "Point", "coordinates": [123.8801458, 10.2817588]}, "properties": {"id": "ChIJKzrHTEqdqTMRdm2jXrRn4RY", "amenity_type": "restaurant", "amenity": "Lechoneria SM Seaside Cebu", "lgu": "Cebu City"}}, {"type": "Feature", "geometry": {"type": "Point", "coordinates": [123.8997585, 10.3172336]}, "properties": {"id": "ChIJ504OijiZqTMRdeV3zNf_an8", "amenity_type": "restaurant", "amenity": "Leih Amor Store", "lgu": "Cebu City"}}, {"type": "Feature", "geometry": {"type": "Point", "coordinates": [123.901766, 10.3270805]}, "properties": {"id": "ChIJWXkP8byZqTMR8FB_7g1QOfY", "amenity_type": "restaurant", "amenity": "LexFour Convenience Store", "lgu": "Cebu City"}}, {"type": "Feature", "geometry": {"type": "Point", "coordinates": [123.869225, 10.299745]}, "properties": {"id": "ChIJfWzM4x2cqTMR8wTK-Zv1Sjw", "amenity_type": "restaurant", "amenity": "Leylam Shawarma", "lgu": "Cebu City"}}, {"type": "Feature", "geometry": {"type": "Point", "coordinates": [123.9027715, 10.3109572]}, "properties": {"id": "ChIJVT6VfmaZqTMR5M_f2n1dERE", "amenity_type": "restaurant", "amenity": "Lighthouse Restaurant", "lgu": "Cebu City"}}, {"type": "Feature", "geometry": {"type": "Point", "coordinates": [123.8969364, 10.3061073]}, "properties": {"id": "ChIJASiJCVCZqTMR9F-YIoMq0bo", "amenity_type": "cafe", "amenity": "Lobby Cafe", "lgu": "Cebu City"}}, {"type": "Feature", "geometry": {"type": "Point", "coordinates": [123.8869884, 10.3164723]}, "properties": {"id": "ChIJJ7z4wEqZqTMRQfx2BANQ47I", "amenity_type": "restaurant", "amenity": "Lola Eats", "lgu": "Cebu City"}}, {"type": "Feature", "geometry": {"type": "Point", "coordinates": [123.9055468, 10.301795]}, "properties": {"id": "ChIJhyO-zV2ZqTMR8NdWz5zYVfg", "amenity_type": "restaurant", "amenity": "Lolo Tinong's", "lgu": "Cebu City"}}, {"type": "Feature", "geometry": {"type": "Point", "coordinates": [123.8943659, 10.3053082]}, "properties": {"id": "ChIJO76yU1CZqTMRDHf3Khy9QJ0", "amenity_type": "restaurant", "amenity": "Lucky 7 Convenience Store", "lgu": "Cebu City"}}, {"type": "Feature", "geometry": {"type": "Point", "coordinates": [123.9036474, 10.2929098]}, "properties": {"id": "ChIJ8fcKaeGbqTMRCe2eC0RhCeM", "amenity_type": "restaurant", "amenity": "Lucky 7 Supermart", "lgu": "Cebu City"}}, {"type": "Feature", "geometry": {"type": "Point", "coordinates": [123.9073705, 10.3213]}, "properties": {"id": "ChIJP8x0wZWZqTMRA6yT80_g2fc", "amenity_type": "restaurant", "amenity": "Luffy's Mini Mart", "lgu": "Cebu City"}}, {"type": "Feature", "geometry": {"type": "Point", "coordinates": [123.89231, 10.3108396]}, "properties": {"id": "ChIJMUxTlk6ZqTMRb6rATEaXG2A", "amenity_type": "restaurant", "amenity": "M Citi Suites", "lgu": "Cebu City"}}, {"type": "Feature", "geometry": {"type": "Point", "coordinates": [123.8835455, 10.2928857]}, "properties": {"id": "ChIJGdoTfl6dqTMR20S_gUNZTe0", "amenity_type": "restaurant", "amenity": "MAple3 Convenience Store", "lgu": "Cebu City"}}, {"type": "Feature", "geometry": {"type": "Point", "coordinates": [123.8685822, 10.2939573]}, "properties": {"id": "ChIJhTYCfRmcqTMRSZzXaMe6RKU", "amenity_type": "restaurant", "amenity": "Magic Melt Foods, Inc.", "lgu": "Cebu City"}}, {"type": "Feature", "geometry": {"type": "Point", "coordinates": [123.8851421, 10.2979219]}, "properties": {"id": "ChIJ-Ul9BACcqTMRVZzOhtdCByM", "amenity_type": "restaurant", "amenity": "Mang Tinapay More Than a Bakeshop", "lgu": "Cebu City"}}, {"type": "Feature", "geometry": {"type": "Point", "coordinates": [123.899663, 10.3187719]}, "properties": {"id": "ChIJ0bm9qjmZqTMRD1nWGnL_iqM", "amenity_type": "restaurant", "amenity": "Marty Mart", "lgu": "Cebu City"}}, {"type": "Feature", "geometry": {"type": "Point", "coordinates": [123.8805849, 10.2819004]}, "properties": {"id": "ChIJZQ16ewucqTMR40L9OB3SnbI", "amenity_type": "restaurant", "amenity": "Max’s Restaurant", "lgu": "Cebu City"}}, {"type": "Feature", "geometry": {"type": "Point", "coordinates": [123.869651, 10.299655]}, "properties": {"id": "ChIJO-vg5R2cqTMRcY4mCJ5oToM", "amenity_type": "restaurant", "amenity": "May Abohan", "lgu": "Cebu City"}}, {"type": "Feature", "geometry": {"type": "Point", "coordinates": [123.8983333, 10.3305556]}, "properties": {"id": "ChIJCe_E3SWZqTMRvIlgahPVzeg", "amenity_type": "restaurant", "amenity": "McDonald's", "lgu": "Cebu City"}}, {"type": "Feature", "geometry": {"type": "Point", "coordinates": [123.8930541, 10.3106706]}, "properties": {"id": "ChIJG1_gKlCZqTMRcx1TIOTDtXk", "amenity_type": "restaurant", "amenity": "McDonald's", "lgu": "Cebu City"}}, {"type": "Feature", "geometry": {"type": "Point", "coordinates": [123.8708677, 10.2901216]}, "properties": {"id": "ChIJiQ9nkBCcqTMRqTv6T2vNwv4", "amenity_type": "restaurant", "amenity": "McDonald's", "lgu": "Cebu City"}}, {"type": "Feature", "geometry": {"type": "Point", "coordinates": [123.9067383, 10.3322229]}, "properties": {"id": "ChIJh0h6tSGZqTMRdwSqw5iygpA", "amenity_type": "restaurant", "amenity": "McDonald's Aegis", "lgu": "Cebu City"}}, {"type": "Feature", "geometry": {"type": "Point", "coordinates": [123.9070429, 10.3307975]}, "properties": {"id": "ChIJB7tIOtOZqTMRnEQIZQm7pPQ", "amenity_type": "restaurant", "amenity": "Meatogether Ayala Malls Central Bloc Cebu", "lgu": "Cebu City"}}, {"type": "Feature", "geometry": {"type": "Point", "coordinates": [123.8766338, 10.3002198]}, "properties": {"id": "ChIJEb95PQKcqTMRdXZtVdYA7nI", "amenity_type": "restaurant", "amenity": "Melton's Halo-Halo", "lgu": "Cebu City"}}, {"type": "Feature", "geometry": {"type": "Point", "coordinates": [123.880091, 10.2816257]}, "properties": {"id": "ChIJfSjXggycqTMRoOeQTyRXFJc", "amenity_type": "restaurant", "amenity": "Mesa", "lgu": "Cebu City"}}, {"type": "Feature", "geometry": {"type": "Point", "coordinates": [123.9039241, 10.3173018]}, "properties": {"id": "ChIJw-AD_z6ZqTMRAxRxSJlurxY", "amenity_type": "restaurant", "amenity": "Metro Supermarket", "lgu": "Cebu City"}}, {"type": "Feature", "geometry": {"type": "Point", "coordinates": [123.9075694, 10.3299042]}, "properties": {"id": "ChIJ5TRwln-ZqTMRsotsK2o2-Jo", "amenity_type": "restaurant", "amenity": "Metro Supermarket IT Park", "lgu": "Cebu City"}}, {"type": "Feature", "geometry": {"type": "Point", "coordinates": [123.9015498, 10.3184798]}, "properties": {"id": "ChIJo6h_i7uZqTMRUag2pVcyw7g", "amenity_type": "restaurant", "amenity": "Misfits Coffee", "lgu": "Cebu City"}}, {"type": "Feature", "geometry": {"type": "Point", "coordinates": [123.8891835, 10.3170917]}, "properties": {"id": "ChIJASQ0dEqZqTMRkamRnNAcvmc", "amenity_type": "restaurant", "amenity": "Mommy Auring's Lechon Cebu", "lgu": "Cebu City"}}, {"type": "Feature", "geometry": {"type": "Point", "coordinates": [123.873492, 10.3009865]}, "properties": {"id": "ChIJC96PGaieqTMR3T1w5hTEc5g", "amenity_type": "restaurant", "amenity": "Monbi's Halo Halo", "lgu": "Cebu City"}}, {"type": "Feature", "geometry": {"type": "Point", "coordinates": [123.9014067, 10.3148643]}, "properties": {"id": "ChIJvftTR0eZqTMRWhUb33nqcy4", "amenity_type": "restaurant", "amenity": "Motor Ace Maxi Mart", "lgu": "Cebu City"}}, {"type": "Feature", "geometry": {"type": "Point", "coordinates": [123.8811875, 10.2725291]}, "properties": {"id": "ChIJb6kdsJOdqTMRZATzH-FjDOo", "amenity_type": "restaurant", "amenity": "Mott 32 Cebu - NUSTAR", "lgu": "Cebu City"}}, {"type": "Feature", "geometry": {"type": "Point", "coordinates": [123.8898262, 10.3520307]}, "properties": {"id": "ChIJYYmijsuYqTMR8IMYwEVTpKI", "amenity_type": "restaurant", "amenity": "Mr. A Bar & Restaurant", "lgu": "Cebu City"}}, {"type": "Feature", "geometry": {"type": "Point", "coordinates": [123.9069449, 10.332836]}, "properties": {"id": "ChIJI7YuarKZqTMRtTLKOHJlgLo", "amenity_type": "restaurant", "amenity": "Mrs. Kate Mini Mart", "lgu": "Cebu City"}}, {"type": "Feature", "geometry": {"type": "Point", "coordinates": [123.8949466, 10.3114079]}, "properties": {"id": "ChIJT3n9ME-ZqTMRHq-qls45sK4", "amenity_type": "restaurant", "amenity": "Muvanz Pocherohan And Seafoods", "lgu": "Cebu City"}}, {"type": "Feature", "geometry": {"type": "Point", "coordinates": [123.9054645, 10.3309984]}, "properties": {"id": "ChIJR9f6fwCZqTMR8AWNqiH5zb4", "amenity_type": "restaurant", "amenity": "Myeongdong24 - Cebu IT Park", "lgu": "Cebu City"}}, {"type": "Feature", "geometry": {"type": "Point", "coordinates": [123.9032019, 10.3133662]}, "properties": {"id": "ChIJv5rpJ0GZqTMRmGyEHMGxvmY", "amenity_type": "restaurant", "amenity": "NCR 24HR STORE", "lgu": "Cebu City"}}, {"type": "Feature", "geometry": {"type": "Point", "coordinates": [123.906092, 10.314452]}, "properties": {"id": "ChIJWcddaECZqTMRmTAlGBHtXT8", "amenity_type": "restaurant", "amenity": "Nanay Lydz Halo - Halo", "lgu": "Cebu City"}}, {"type": "Feature", "geometry": {"type": "Point", "coordinates": [123.8911582, 10.3124262]}, "properties": {"id": "ChIJZVGpxUuZqTMRUVltapTlaT8", "amenity_type": "restaurant", "amenity": "Ned Nanay's Grill", "lgu": "Cebu City"}}, {"type": "Feature", "geometry": {"type": "Point", "coordinates": [123.9061016, 10.3267826]}, "properties": {"id": "ChIJId5KjiOZqTMRzOJZI-ApAwc", "amenity_type": "restaurant", "amenity": "Nom Nom", "lgu": "Cebu City"}}, {"type": "Feature", "geometry": {"type": "Point", "coordinates": [123.9045939, 10.2956779]}, "properties": {"id": "ChIJMcS_2W-ZqTMRTYQLdzIaCaQ", "amenity_type": "cafe", "amenity": "Nyor! Cafe + Bistro", "lgu": "Cebu City"}}, {"type": "Feature", "geometry": {"type": "Point", "coordinates": [123.9005209, 10.2937929]}, "properties": {"id": "ChIJS9rruuObqTMRcVmNObuM0mQ", "amenity_type": "restaurant", "amenity": "O Eatery", "lgu": "Cebu City"}}, {"type": "Feature", "geometry": {"type": "Point", "coordinates": [123.9100318, 10.3280201]}, "properties": {"id": "ChIJozQqKrWeqTMRSVvAkBiirxQ", "amenity_type": "restaurant", "amenity": "Olio Restaurant & Lounge", "lgu": "Cebu City"}}, {"type": "Feature", "geometry": {"type": "Point", "coordinates": [123.881781, 10.291755]}, "properties": {"id": "ChIJ2YwGXwacqTMReeKMFeK9tMI", "amenity_type": "restaurant", "amenity": "Ondoy's Lechon", "lgu": "Cebu City"}}, {"type": "Feature", "geometry": {"type": "Point", "coordinates": [123.9006872, 10.3319982]}, "properties": {"id": "ChIJqcdsewCZqTMRLOE8bt_1-HQ", "amenity_type": "restaurant", "amenity": "Onward Coffee", "lgu": "Cebu City"}}, {"type": "Feature", "geometry": {"type": "Point", "coordinates": [123.890045, 10.303049]}, "properties": {"id": "ChIJhyE-9VOZqTMRddVTkV7uk9I", "amenity_type": "restaurant", "amenity": "Options 24 Convenience Store", "lgu": "Cebu City"}}, {"type": "Feature", "geometry": {"type": "Point", "coordinates": [123.8802517, 10.2915606]}, "properties": {"id": "ChIJAWoM1gWcqTMRf7qArF7SwGA", "amenity_type": "restaurant", "amenity": "Orange Brutus", "lgu": "Cebu City"}}, {"type": "Feature", "geometry": {"type": "Point", "coordinates": [123.8938528, 10.3102516]}, "properties": {"id": "ChIJUY-8HQCZqTMRIPcXeGt8EFc", "amenity_type": "restaurant", "amenity": "PEAK&PI", "lgu": "Cebu City"}}, {"type": "Feature", "geometry": {"type": "Point", "coordinates": [123.8928052, 10.3037937]}, "properties": {"id": "ChIJUaliOFGZqTMRYEiyz_D3OS0", "amenity_type": "restaurant", "amenity": "PLK 24/7 Convenience Store", "lgu": "Cebu City"}}, {"type": "Feature", "geometry": {"type": "Point", "coordinates": [123.9010546, 10.3184507]}, "properties": {"id": "ChIJ6wtgOC2ZqTMRhwUE2e03NTA", "amenity_type": "restaurant", "amenity": "POTLUK Pantry & Tasting Room", "lgu": "Cebu City"}}, {"type": "Feature", "geometry": {"type": "Point", "coordinates": [123.9094447, 10.3248237]}, "properties": {"id": "ChIJc1tlpXyZqTMR1Zdi3efdJKo", "amenity_type": "restaurant", "amenity": "PUESTO RESTAURANT", "lgu": "Cebu City"}}, {"type": "Feature", "geometry": {"type": "Point", "coordinates": [123.911151, 10.3123849]}, "properties": {"id": "ChIJE1Wyq2uZqTMRVWP7mKNEbf8", "amenity_type": "restaurant", "amenity": "Pan De Manila Persimmon", "lgu": "Cebu City"}}, {"type": "Feature", "geometry": {"type": "Point", "coordinates": [123.9090174, 10.3319056]}, "properties": {"id": "ChIJLz3VcB-ZqTMRVVTG-imO0Kg", "amenity_type": "restaurant", "amenity": "Pan de Manila eBloc 1", "lgu": "Cebu City"}}, {"type": "Feature", "geometry": {"type": "Point", "coordinates": [123.9049794, 10.3192535]}, "properties": {"id": "ChIJq6qq_T6ZqTMR4c1VYFngTA8", "amenity_type": "restaurant", "amenity": "Pancake house ayala cebu", "lgu": "Cebu City"}}, {"type": "Feature", "geometry": {"type": "Point", "coordinates": [123.8991409, 10.3186541]}, "properties": {"id": "ChIJMRKSya-ZqTMRkXID4LteT0k", "amenity_type": "restaurant", "amenity": "Papa V Good Food", "lgu": "Cebu City"}}, {"type": "Feature", "geometry": {"type": "Point", "coordinates": [123.8982641, 10.3030148]}, "properties": {"id": "ChIJJRJnFVqZqTMREjc9wDdYgcE", "amenity_type": "restaurant", "amenity": "Park N Go", "lgu": "Cebu City"}}, {"type": "Feature", "geometry": {"type": "Point", "coordinates": [123.9164034, 10.311366]}, "properties": {"id": "ChIJc57JTWyZqTMRklnLTbAq33E", "amenity_type": "restaurant", "amenity": "Parr’t Ebelle Seafood Restaurant", "lgu": "Cebu City"}}, {"type": "Feature", "geometry": {"type": "Point", "coordinates": [123.896144, 10.3106145]}, "properties": {"id": "ChIJK4H-ck-ZqTMRPiBB5h5nByI", "amenity_type": "restaurant", "amenity": "Pink Restaurant Lounge & Bar Games", "lgu": "Cebu City"}}, {"type": "Feature", "geometry": {"type": "Point", "coordinates": [123.8862397, 10.3117963]}, "properties": {"id": "ChIJ6STEyUyZqTMRABicf4kpaJE", "amenity_type": "restaurant", "amenity": "Pixie's Sinugba - V.Rama Cebu", "lgu": "Cebu City"}}, {"type": "Feature", "geometry": {"type": "Point", "coordinates": [123.9039461, 10.3177982]}, "properties": {"id": "ChIJayk_PT-ZqTMRGHEpLC0G3fI", "amenity_type": "restaurant", "amenity": "Potato Corner", "lgu": "Cebu City"}}, {"type": "Feature", "geometry": {"type": "Point", "coordinates": [123.905143, 10.318225]}, "properties": {"id": "ChIJw-AD_z6ZqTMRfsD_87GCA3k", "amenity_type": "restaurant", "amenity": "Potato Corner", "lgu": "Cebu City"}}, {"type": "Feature", "geometry": {"type": "Point", "coordinates": [123.8814742, 10.2818038]}, "properties": {"id": "ChIJd9MGFAucqTMRKNXrraXVmD0", "amenity_type": "restaurant", "amenity": "Potato Corner - Food Court", "lgu": "Cebu City"}}, {"type": "Feature", "geometry": {"type": "Point", "coordinates": [123.903771, 10.32865]}, "properties": {"id": "ChIJpT5QliOZqTMRa_0Z6ozfEj0", "amenity_type": "restaurant", "amenity": "Princess & Faith Kitchenette", "lgu": "Cebu City"}}, {"type": "Feature", "geometry": {"type": "Point", "coordinates": [123.9047189, 10.3125199]}, "properties": {"id": "ChIJfynVQQCZqTMRPL5qPUZdJDg", "amenity_type": "restaurant", "amenity": "Punched Coffee, Mabuhay Tower", "lgu": "Cebu City"}}, {"type": "Feature", "geometry": {"type": "Point", "coordinates": [123.902954, 10.3194509]}, "properties": {"id": "ChIJd0bAyT6ZqTMRRHTeycrcrwE", "amenity_type": "restaurant", "amenity": "Pusô Bistro & Bar", "lgu": "Cebu City"}}, {"type": "Feature", "geometry": {"type": "Point", "coordinates": [123.9015265, 10.2916279]}, "properties": {"id": "ChIJ7_v_TACbqTMRs18gMJTZWEs", "amenity_type": "restaurant", "amenity": "Pusô Village", "lgu": "Cebu City"}}, {"type": "Feature", "geometry": {"type": "Point", "coordinates": [123.9023857, 10.3167203]}, "properties": {"id": "ChIJUQMBEQCZqTMRWVJdc--c-wk", "amenity_type": "restaurant", "amenity": "Quickstop - One Montage", "lgu": "Cebu City"}}, {"type": "Feature", "geometry": {"type": "Point", "coordinates": [123.9096791, 10.3196893]}, "properties": {"id": "ChIJC9fYQwCZqTMRNjNbSStvAlg", "amenity_type": "restaurant", "amenity": "QuikStop", "lgu": "Cebu City"}}, {"type": "Feature", "geometry": {"type": "Point", "coordinates": [123.906911, 10.327853]}, "properties": {"id": "ChIJgwlIiyKZqTMRwjnf6Pvnf84", "amenity_type": "restaurant", "amenity": "Quikstop", "lgu": "Cebu City"}}, {"type": "Feature", "geometry": {"type": "Point", "coordinates": [123.9050723, 10.3292866]}, "properties": {"id": "ChIJS7Ld8uKZqTMRAnDAjxIajM8", "amenity_type": "restaurant", "amenity": "Quikstop - Filinvest Cyberzone", "lgu": "Cebu City"}}, {"type": "Feature", "geometry": {"type": "Point", "coordinates": [123.9090369, 10.3319222]}, "properties": {"id": "ChIJMWLQ0dqZqTMRCWVtt3kIQAM", "amenity_type": "restaurant", "amenity": "Quikstop - eBloc 1 Tower Branch", "lgu": "Cebu City"}}, {"type": "Feature", "geometry": {"type": "Point", "coordinates": [123.9038093, 10.3195076]}, "properties": {"id": "ChIJSW8sMfyZqTMRz2JyNX5oujA", "amenity_type": "restaurant", "amenity": "Quikstop Ayala Branch", "lgu": "Cebu City"}}, {"type": "Feature", "geometry": {"type": "Point", "coordinates": [123.9087756, 10.3241741]}, "properties": {"id": "ChIJOXsNftmZqTMRJ7W8w38hL8Y", "amenity_type": "restaurant", "amenity": "Quikstop Crown Bldg Mabolo Branch", "lgu": "Cebu City"}}, {"type": "Feature", "geometry": {"type": "Point", "coordinates": [123.880024, 10.28174]}, "properties": {"id": "ChIJ0cTZgQucqTMR4xvJC6LnlXE", "amenity_type": "restaurant", "amenity": "RACKS SM Seaside Cebu", "lgu": "Cebu City"}}, {"type": "Feature", "geometry": {"type": "Point", "coordinates": [123.8902901, 10.3128513]}, "properties": {"id": "ChIJwTXC0veZqTMRXElLwK_g8ZM", "amenity_type": "restaurant", "amenity": "Raul's Restaurant", "lgu": "Cebu City"}}, {"type": "Feature", "geometry": {"type": "Point", "coordinates": [123.9171124, 10.3120904]}, "properties": {"id": "ChIJ_QOy7G2ZqTMRs1Bro5jRkmY", "amenity_type": "restaurant", "amenity": "Red Ribbon", "lgu": "Cebu City"}}, {"type": "Feature", "geometry": {"type": "Point", "coordinates": [123.8954964, 10.2983536]}, "properties": {"id": "ChIJgxuqw1eZqTMRc96LhO7VSkQ", "amenity_type": "restaurant", "amenity": "Red Ribbon Emall", "lgu": "Cebu City"}}, {"type": "Feature", "geometry": {"type": "Point", "coordinates": [123.863408, 10.285197]}, "properties": {"id": "ChIJa1A-UACdqTMRrVvZiBqzk60", "amenity_type": "restaurant", "amenity": "Ricky Opaw Store", "lgu": "Cebu City"}}, {"type": "Feature", "geometry": {"type": "Point", "coordinates": [123.8958505, 10.3183168]}, "properties": {"id": "ChIJEae3ljeZqTMRk9DvOna4Aeg", "amenity_type": "restaurant", "amenity": "Rico's Lechon", "lgu": "Cebu City"}}, {"type": "Feature", "geometry": {"type": "Point", "coordinates": [123.9068644, 10.3303923]}, "properties": {"id": "ChIJ44fPB2GZqTMR4hPslKa8UsE", "amenity_type": "restaurant", "amenity": "Rico's Lechon - AyalaMalls Central Bloc", "lgu": "Cebu City"}}, {"type": "Feature", "geometry": {"type": "Point", "coordinates": [123.909506, 10.3135504]}, "properties": {"id": "ChIJz6DdE0-ZqTMR2JYqCEncMls", "amenity_type": "restaurant", "amenity": "Rita Store Ayala Access, Mactan Road", "lgu": "Cebu City"}}, {"type": "Feature", "geometry": {"type": "Point", "coordinates": [123.904755, 10.3286293]}, "properties": {"id": "ChIJhUTlNQCZqTMRB1tchddkNiQ", "amenity_type": "restaurant", "amenity": "Robinsons Supermarket Filinvest Shoppes Cebu IT Park", "lgu": "Cebu City"}}, {"type": "Feature", "geometry": {"type": "Point", "coordinates": [123.8929892, 10.30335]}, "properties": {"id": "ChIJqTSVOVGZqTMRcCxoe6SDJ1c", "amenity_type": "restaurant", "amenity": "Royal Pension House", "lgu": "Cebu City"}}, {"type": "Feature", "geometry": {"type": "Point", "coordinates": [123.8954226, 10.3149181]}, "properties": {"id": "ChIJa9yx_kiZqTMRbUWbMp0fOe4", "amenity_type": "restaurant", "amenity": "Ryan's Pizzarelli House", "lgu": "Cebu City"}}, {"type": "Feature", "geometry": {"type": "Point", "coordinates": [123.8794969, 10.3307846]}, "properties": {"id": "ChIJDZXJHn2fqTMRovPoV9RlE3U", "amenity_type": "restaurant", "amenity": "SAVE 8 FAMILY MART", "lgu": "Cebu City"}}, {"type": "Feature", "geometry": {"type": "Point", "coordinates": [123.9075593, 10.3212113]}, "properties": {"id": "ChIJ2SIzfQCZqTMRm7PmnEw2ukU", "amenity_type": "restaurant", "amenity": "SHASHAON STORE", "lgu": "Cebu City"}}, {"type": "Feature", "geometry": {"type": "Point", "coordinates": [123.902589, 10.324885]}, "properties": {"id": "ChIJiauXpzyZqTMRb8jRQMtHhFU", "amenity_type": "restaurant", "amenity": "Sacris Store", "lgu": "Cebu City"}}, {"type": "Feature", "geometry": {"type": "Point", "coordinates": [123.8940458, 10.3127301]}, "properties": {"id": "ChIJYYktjlGZqTMR9BSQ84T1JmA", "amenity_type": "restaurant", "amenity": "Saffron Sips - Cebu- Indian Restaurant", "lgu": "Cebu City"}}, {"type": "Feature", "geometry": {"type": "Point", "coordinates": [123.8851896, 10.3157438]}, "properties": {"id": "ChIJW21uKLWeqTMRPtTcMRuxKp8", "amenity_type": "restaurant", "amenity": "San Jose Bakeshop Banawa Branch", "lgu": "Cebu City"}}, {"type": "Feature", "geometry": {"type": "Point", "coordinates": [123.8699908, 10.294343]}, "properties": {"id": "ChIJw3gewxucqTMRde6SXReKiuc", "amenity_type": "restaurant", "amenity": "San Jose Bakeshop Labangon Branch", "lgu": "Cebu City"}}, {"type": "Feature", "geometry": {"type": "Point", "coordinates": [123.8919859, 10.3169556]}, "properties": {"id": "ChIJYybE_EmZqTMRohUE7SWlIzM", "amenity_type": "restaurant", "amenity": "San Jose Bakeshop Villalon Branch", "lgu": "Cebu City"}}, {"type": "Feature", "geometry": {"type": "Point", "coordinates": [123.878794, 10.2909286]}, "properties": {"id": "ChIJnWHN1gWcqTMRkaS3NOcoU2s", "amenity_type": "restaurant", "amenity": "Santino's", "lgu": "Cebu City"}}, {"type": "Feature", "geometry": {"type": "Point", "coordinates": [123.9095675, 10.3238931]}, "properties": {"id": "ChIJtX6qc-GZqTMRPiEdNdIKAws", "amenity_type": "restaurant", "amenity": "Savstop Convenience Store", "lgu": "Cebu City"}}, {"type": "Feature", "geometry": {"type": "Point", "coordinates": [123.891817, 10.3111839]}, "properties": {"id": "ChIJc44nEbyZqTMRHpWWeEBqASA", "amenity_type": "restaurant", "amenity": "Seared Prime", "lgu": "Cebu City"}}, {"type": "Feature", "geometry": {"type": "Point", "coordinates": [123.9048117, 10.317349]}, "properties": {"id": "ChIJ9fj_-D6ZqTMRZzeAHqnLunE", "amenity_type": "restaurant", "amenity": "Seattle's Best Coffee - Ayala Cebu", "lgu": "Cebu City"}}, {"type": "Feature", "geometry": {"type": "Point", "coordinates": [123.9051598, 10.3185358]}, "properties": {"id": "ChIJYRJmhtCZqTMRk_WJqKG5dFU", "amenity_type": "restaurant", "amenity": "Seoul Korean Grill + Cuisine", "lgu": "Cebu City"}}, {"type": "Feature", "geometry": {"type": "Point", "coordinates": [123.9091928, 10.327794]}, "properties": {"id": "ChIJ0zELMhmZqTMRJa1pQnYs2Yg", "amenity_type": "restaurant", "amenity": "Seoul Minimart", "lgu": "Cebu City"}}, {"type": "Feature", "geometry": {"type": "Point", "coordinates": [123.904885, 10.318151]}, "properties": {"id": "ChIJw-AD_z6ZqTMRAh6YaMI6qCc", "amenity_type": "restaurant", "amenity": "Shakey's Pizza Parlor 3rdfloor", "lgu": "Cebu City"}}, {"type": "Feature", "geometry": {"type": "Point", "coordinates": [123.860769, 10.28539]}, "properties": {"id": "ChIJ7eUv3-udqTMR-zvnYWGV9Fs", "amenity_type": "restaurant", "amenity": "Shell", "lgu": "Cebu City"}}, {"type": "Feature", "geometry": {"type": "Point", "coordinates": [123.887169, 10.298798]}, "properties": {"id": "ChIJ9Z1WZ1WZqTMR2hJuKbH4cH8", "amenity_type": "restaurant", "amenity": "Shell", "lgu": "Cebu City"}}, {"type": "Feature", "geometry": {"type": "Point", "coordinates": [123.8994126, 10.3203694]}, "properties": {"id": "ChIJYzjODSmZqTMRH4L0YouWuqg", "amenity_type": "restaurant", "amenity": "Shell", "lgu": "Cebu City"}}, {"type": "Feature", "geometry": {"type": "Point", "coordinates": [123.900133, 10.330387]}, "properties": {"id": "ChIJZ8OGixGZqTMRwBDH-0tnB-Q", "amenity_type": "restaurant", "amenity": "Shell", "lgu": "Cebu City"}}, {"type": "Feature", "geometry": {"type": "Point", "coordinates": [123.8993142, 10.3205185]}, "properties": {"id": "ChIJY2hPmzmZqTMRHom5blAewPM", "amenity_type": "restaurant", "amenity": "Shell Select", "lgu": "Cebu City"}}, {"type": "Feature", "geometry": {"type": "Point", "coordinates": [123.900236, 10.330504]}, "properties": {"id": "ChIJtSUdKSSZqTMRCfWrzPDsm-g", "amenity_type": "restaurant", "amenity": "Shell Select", "lgu": "Cebu City"}}, {"type": "Feature", "geometry": {"type": "Point", "coordinates": [123.907384, 10.325405]}, "properties": {"id": "ChIJhcjfsSKZqTMRt7y4NH5X4TE", "amenity_type": "restaurant", "amenity": "Shop", "lgu": "Cebu City"}}, {"type": "Feature", "geometry": {"type": "Point", "coordinates": [123.9053738, 10.3275456]}, "properties": {"id": "ChIJuVShKH6ZqTMR8In966UEqD0", "amenity_type": "restaurant", "amenity": "Shopee Unclaimed Parcels by Chelle Edem", "lgu": "Cebu City"}}, {"type": "Feature", "geometry": {"type": "Point", "coordinates": [123.9136893, 10.3245217]}, "properties": {"id": "ChIJ03RzAxqZqTMRgaHF39hQJ9E", "amenity_type": "restaurant", "amenity": "Sialo Cebu", "lgu": "Cebu City"}}, {"type": "Feature", "geometry": {"type": "Point", "coordinates": [123.9149828, 10.3239156]}, "properties": {"id": "ChIJIUbcZRqZqTMR5vCBAHQXCVE", "amenity_type": "restaurant", "amenity": "Sinangag Station", "lgu": "Cebu City"}}, {"type": "Feature", "geometry": {"type": "Point", "coordinates": [123.9026177, 10.3200254]}, "properties": {"id": "ChIJoaIOsz6ZqTMRYrKg9L5mMjk", "amenity_type": "restaurant", "amenity": "Sinangag Station", "lgu": "Cebu City"}}, {"type": "Feature", "geometry": {"type": "Point", "coordinates": [123.8819009, 10.2821661]}, "properties": {"id": "ChIJK5dmBQucqTMRiwBUlop6b5c", "amenity_type": "restaurant", "amenity": "Sizzling Plate", "lgu": "Cebu City"}}, {"type": "Feature", "geometry": {"type": "Point", "coordinates": [123.9037097, 10.3294898]}, "properties": {"id": "ChIJt58UBwCZqTMRN4uVEiIcFgw", "amenity_type": "restaurant", "amenity": "Skintouch Lahug Cebu City", "lgu": "Cebu City"}}, {"type": "Feature", "geometry": {"type": "Point", "coordinates": [123.891932, 10.310405]}, "properties": {"id": "ChIJL9DiHTyZqTMRwm6LY8DW6lM", "amenity_type": "restaurant", "amenity": "Snakyard", "lgu": "Cebu City"}}, {"type": "Feature", "geometry": {"type": "Point", "coordinates": [123.907294, 10.328396]}, "properties": {"id": "ChIJ0RFrbiKZqTMR-agrJku8dlg", "amenity_type": "cafe", "amenity": "Soho Park | Cafe & Restaurant", "lgu": "Cebu City"}}, {"type": "Feature", "geometry": {"type": "Point", "coordinates": [123.8710791, 10.3013685]}, "properties": {"id": "ChIJf3R1cqeeqTMR3n-N_pRSKzo", "amenity_type": "restaurant", "amenity": "Sol's Halo Halo and Desserts", "lgu": "Cebu City"}}, {"type": "Feature", "geometry": {"type": "Point", "coordinates": [123.8699483, 10.2868533]}, "properties": {"id": "ChIJf91BzkCdqTMRw9SkQpDOcWc", "amenity_type": "restaurant", "amenity": "Sol's Halo Halo and Desserts Cabreros", "lgu": "Cebu City"}}, {"type": "Feature", "geometry": {"type": "Point", "coordinates": [123.9048322, 10.3217516]}, "properties": {"id": "ChIJfwieEXqZqTMRILPb0WsoBco", "amenity_type": "restaurant", "amenity": "Sol's Halo-Halo Amd Dessert Sa Brgy. Luz", "lgu": "Cebu City"}}, {"type": "Feature", "geometry": {"type": "Point", "coordinates": [123.9119531, 10.3128375]}, "properties": {"id": "ChIJ-X6yW1OZqTMR_pkva4a8PGk", "amenity_type": "restaurant", "amenity": "Sols Halohalo & Desserts Mabolo, M.J. Cuenco Ave., Cebu City", "lgu": "Cebu City"}}, {"type": "Feature", "geometry": {"type": "Point", "coordinates": [123.8989246, 10.3210655]}, "properties": {"id": "ChIJ3QHJKgCZqTMRymeCrPGmjZo", "amenity_type": "restaurant", "amenity": "Sol’s Halo Halo - Lahug", "lgu": "Cebu City"}}, {"type": "Feature", "geometry": {"type": "Point", "coordinates": [123.9080588, 10.3246918]}, "properties": {"id": "ChIJEx4D_heZqTMRpRu-gHkLKJE", "amenity_type": "restaurant", "amenity": "Somac Korean Restaurant", "lgu": "Cebu City"}}, {"type": "Feature", "geometry": {"type": "Point", "coordinates": [123.9072069, 10.3297006]}, "properties": {"id": "ChIJWWBJDQCZqTMRaW0uOE4A0Jk", "amenity_type": "cafe", "amenity": "Sparrow Cafe Culture", "lgu": "Cebu City"}}, {"type": "Feature", "geometry": {"type": "Point", "coordinates": [123.9053486, 10.3156663]}, "properties": {"id": "ChIJF510OfeZqTMRnDgcIim6O6I", "amenity_type": "cafe", "amenity": "Spence Cafe & Kitchen", "lgu": "Cebu City"}}, {"type": "Feature", "geometry": {"type": "Point", "coordinates": [123.9099137, 10.3197424]}, "properties": {"id": "ChIJJW8iL2WZqTMR63akRjoaLyI", "amenity_type": "restaurant", "amenity": "Stamp Coffee House", "lgu": "Cebu City"}}, {"type": "Feature", "geometry": {"type": "Point", "coordinates": [123.9053877, 10.3307629]}, "properties": {"id": "ChIJQy7nnCGZqTMR4msjFs3d4xk", "amenity_type": "restaurant", "amenity": "Starbucks - eBloc 2 Tower Branch", "lgu": "Cebu City"}}, {"type": "Feature", "geometry": {"type": "Point", "coordinates": [123.9057056, 10.31754]}, "properties": {"id": "ChIJR6nEAT-ZqTMRgOintPoXTgw", "amenity_type": "restaurant", "amenity": "Starbucks Ayala Center Annex Level 4", "lgu": "Cebu City"}}, {"type": "Feature", "geometry": {"type": "Point", "coordinates": [123.8812814, 10.2815406]}, "properties": {"id": "ChIJTfIrZQucqTMR4d2ifDwGmIQ", "amenity_type": "restaurant", "amenity": "Starbucks SM Seaside", "lgu": "Cebu City"}}, {"type": "Feature", "geometry": {"type": "Point", "coordinates": [123.9001891, 10.2975285]}, "properties": {"id": "ChIJj7DwhViZqTMRyGWb1e--yd8", "amenity_type": "restaurant", "amenity": "Starbucks Super Metro Colon", "lgu": "Cebu City"}}, {"type": "Feature", "geometry": {"type": "Point", "coordinates": [123.8939221, 10.3131417]}, "properties": {"id": "ChIJlw5plTKZqTMRl6XAgPtXDQ8", "amenity_type": "cafe", "amenity": "Stone & Pebble Cafe", "lgu": "Cebu City"}}, {"type": "Feature", "geometry": {"type": "Point", "coordinates": [123.901599, 10.3295964]}, "properties": {"id": "ChIJVxd_u5afqTMRgmOsnFQn2jI", "amenity_type": "restaurant", "amenity": "Street8 Food Hub", "lgu": "Cebu City"}}, {"type": "Feature", "geometry": {"type": "Point", "coordinates": [123.8923564, 10.316516]}, "properties": {"id": "ChIJL9RH70mZqTMR3vTEnrw_t3E", "amenity_type": "restaurant", "amenity": "Sugar Free Haven", "lgu": "Cebu City"}}, {"type": "Feature", "geometry": {"type": "Point", "coordinates": [123.9039241, 10.3173018]}, "properties": {"id": "ChIJz7Np_j6ZqTMRe1p8LkRUNn0", "amenity_type": "restaurant", "amenity": "Suisse Cottage best bread", "lgu": "Cebu City"}}, {"type": "Feature", "geometry": {"type": "Point", "coordinates": [123.9052768, 10.3184834]}, "properties": {"id": "ChIJtbwl9z6ZqTMRre9Ge6vIbz0", "amenity_type": "restaurant", "amenity": "TGI FRIDAYS", "lgu": "Cebu City"}}, {"type": "Feature", "geometry": {"type": "Point", "coordinates": [123.8984095, 10.3306778]}, "properties": {"id": "ChIJiSwu3yWZqTMRO8pxFWQjJNY", "amenity_type": "cafe", "amenity": "Tablea Chocolate Cafe", "lgu": "Cebu City"}}, {"type": "Feature", "geometry": {"type": "Point", "coordinates": [123.9126417, 10.3224796]}, "properties": {"id": "ChIJK7SY4ECZqTMRZ04koG8BDXQ", "amenity_type": "cafe", "amenity": "Tamp Cafe & Co. KASAMBAGAN", "lgu": "Cebu City"}}, {"type": "Feature", "geometry": {"type": "Point", "coordinates": [123.9002956, 10.3318792]}, "properties": {"id": "ChIJHYgmjSaZqTMRprjnw80UUkw", "amenity_type": "restaurant", "amenity": "Tatang's Extra Crispy Boneless Lechon", "lgu": "Cebu City"}}, {"type": "Feature", "geometry": {"type": "Point", "coordinates": [123.9049466, 10.31811]}, "properties": {"id": "ChIJHybSqj-ZqTMRV7tfAtONx1E", "amenity_type": "restaurant", "amenity": "Taters ( Ayala Center Cebu )", "lgu": "Cebu City"}}, {"type": "Feature", "geometry": {"type": "Point", "coordinates": [123.87395, 10.2902449]}, "properties": {"id": "ChIJzSDTBxCcqTMR8I9pWpkW5cE", "amenity_type": "restaurant", "amenity": "Teri Hot Pandesal With Malunggay", "lgu": "Cebu City"}}, {"type": "Feature", "geometry": {"type": "Point", "coordinates": [123.9119685, 10.3035455]}, "properties": {"id": "ChIJA7UbSWaZqTMR-mTQBddMhpA", "amenity_type": "restaurant", "amenity": "The Coffee Bean & Tea Leaf", "lgu": "Cebu City"}}, {"type": "Feature", "geometry": {"type": "Point", "coordinates": [123.891932, 10.310405]}, "properties": {"id": "ChIJAS-BiE6ZqTMRWV1TP8Bhzd4", "amenity_type": "restaurant", "amenity": "The Coffee Bean & Tea Leaf", "lgu": "Cebu City"}}, {"type": "Feature", "geometry": {"type": "Point", "coordinates": [123.8799074, 10.2821466]}, "properties": {"id": "ChIJBTOfXQucqTMRtUrjs8Q5MxI", "amenity_type": "restaurant", "amenity": "The Coffee Bean & Tea Leaf", "lgu": "Cebu City"}}, {"type": "Feature", "geometry": {"type": "Point", "coordinates": [123.868873, 10.296171]}, "properties": {"id": "ChIJHyycqR6cqTMRK7_huNTE6PU", "amenity_type": "restaurant", "amenity": "The Coffee Bunker", "lgu": "Cebu City"}}, {"type": "Feature", "geometry": {"type": "Point", "coordinates": [123.8948378, 10.3088659]}, "properties": {"id": "ChIJsW6EsE-ZqTMRme3FrykKgFM", "amenity_type": "restaurant", "amenity": "The Coffee Hut", "lgu": "Cebu City"}}, {"type": "Feature", "geometry": {"type": "Point", "coordinates": [123.8799276, 10.2821016]}, "properties": {"id": "ChIJw9cbFgucqTMRaNP9dErlsjo", "amenity_type": "restaurant", "amenity": "The French Baker", "lgu": "Cebu City"}}, {"type": "Feature", "geometry": {"type": "Point", "coordinates": [123.905712, 10.3168127]}, "properties": {"id": "ChIJ5VM7Xz6ZqTMRp40T3vHck7M", "amenity_type": "restaurant", "amenity": "The Marketplace Ayala Center Cebu", "lgu": "Cebu City"}}, {"type": "Feature", "geometry": {"type": "Point", "coordinates": [123.9045261, 10.3128745]}, "properties": {"id": "ChIJmW7-GkGZqTMRiG012PHP5fU", "amenity_type": "restaurant", "amenity": "The Pig and Palm", "lgu": "Cebu City"}}, {"type": "Feature", "geometry": {"type": "Point", "coordinates": [123.9059466, 10.317699]}, "properties": {"id": "ChIJJ2um4j6ZqTMR6H72E9Nk51o", "amenity_type": "restaurant", "amenity": "The Social", "lgu": "Cebu City"}}, {"type": "Feature", "geometry": {"type": "Point", "coordinates": [123.9044453, 10.3130091]}, "properties": {"id": "ChIJmRAOPgCZqTMRDaUk9jFpCv4", "amenity_type": "restaurant", "amenity": "The Spring", "lgu": "Cebu City"}}, {"type": "Feature", "geometry": {"type": "Point", "coordinates": [123.8816199, 10.2811542]}, "properties": {"id": "ChIJpboxFQucqTMRHB85xzsxU0c", "amenity_type": "restaurant", "amenity": "The Spud Diner", "lgu": "Cebu City"}}, {"type": "Feature", "geometry": {"type": "Point", "coordinates": [123.9086043, 10.3268921]}, "properties": {"id": "ChIJw7JZ3uuZqTMRLx3FGou5jMg", "amenity_type": "restaurant", "amenity": "Three Two Brew", "lgu": "Cebu City"}}, {"type": "Feature", "geometry": {"type": "Point", "coordinates": [123.913031, 10.3227477]}, "properties": {"id": "ChIJK8FWebCZqTMRnFI3sLazYXg", "amenity_type": "restaurant", "amenity": "Tightrope Coffee", "lgu": "Cebu City"}}, {"type": "Feature", "geometry": {"type": "Point", "coordinates": [123.8955578, 10.3100463]}, "properties": {"id": "ChIJgWajC0-ZqTMRs0Cibj7WBWM", "amenity_type": "restaurant", "amenity": "Titay's Liloan Rosquillos and Delicacies, Inc.", "lgu": "Cebu City"}}, {"type": "Feature", "geometry": {"type": "Point", "coordinates": [123.8922701, 10.2945417]}, "properties": {"id": "ChIJc4lwPPybqTMRjHsUZWyKv_w", "amenity_type": "restaurant", "amenity": "Tokyo Sweets", "lgu": "Cebu City"}}, {"type": "Feature", "geometry": {"type": "Point", "coordinates": [123.880604, 10.281271]}, "properties": {"id": "ChIJm587ZwucqTMRPe8l5LbPjX4", "amenity_type": "restaurant", "amenity": "Tokyo Tokyo", "lgu": "Cebu City"}}, {"type": "Feature", "geometry": {"type": "Point", "coordinates": [123.8815387, 10.2800696]}, "properties": {"id": "ChIJb2RFay-dqTMRATb3Kah9kl8", "amenity_type": "restaurant", "amenity": "Tong Yang, SM Seaside Cebu", "lgu": "Cebu City"}}, {"type": "Feature", "geometry": {"type": "Point", "coordinates": [123.8708577, 10.3706646]}, "properties": {"id": "ChIJ05K0ulufqTMRD6TIgEY1-U8", "amenity_type": "restaurant", "amenity": "Top of Cebu", "lgu": "Cebu City"}}, {"type": "Feature", "geometry": {"type": "Point", "coordinates": [123.9094188, 10.3283157]}, "properties": {"id": "ChIJAQAAQOWYqTMR81oOCoMRnGM", "amenity_type": "restaurant", "amenity": "Trattoria da Gianni", "lgu": "Cebu City"}}, {"type": "Feature", "geometry": {"type": "Point", "coordinates": [123.9050178, 10.3182075]}, "properties": {"id": "ChIJ_Su55T6ZqTMRlZsjRimIKUg", "amenity_type": "restaurant", "amenity": "Tsim Sha Tsui Dimsum & Tea Bar", "lgu": "Cebu City"}}, {"type": "Feature", "geometry": {"type": "Point", "coordinates": [123.8957927, 10.3175532]}, "properties": {"id": "ChIJB8D36DeZqTMRy51jpcv_DyI", "amenity_type": "restaurant", "amenity": "Uncle John's - Escario", "lgu": "Cebu City"}}, {"type": "Feature", "geometry": {"type": "Point", "coordinates": [123.9058365, 10.3124356]}, "properties": {"id": "ChIJtwj9N9OZqTMRp0U8Hlv8fQ8", "amenity_type": "restaurant", "amenity": "Uncle John's - Tech Tower Sumilon Rd", "lgu": "Cebu City"}}, {"type": "Feature", "geometry": {"type": "Point", "coordinates": [123.8977776, 10.2969323]}, "properties": {"id": "ChIJsUWlr-KbqTMRcrEi1lCr8YI", "amenity_type": "restaurant", "amenity": "Unitop - Cebu City", "lgu": "Cebu City"}}, {"type": "Feature", "geometry": {"type": "Point", "coordinates": [123.8932132, 10.3152425]}, "properties": {"id": "ChIJZcDTBD-ZqTMR9WvIKBUefAE", "amenity_type": "restaurant", "amenity": "Unity Coffee • Vinyl", "lgu": "Cebu City"}}, {"type": "Feature", "geometry": {"type": "Point", "coordinates": [123.907964, 10.3119832]}, "properties": {"id": "ChIJ3fSkGPeZqTMRN2j5HU7mRQs", "amenity_type": "restaurant", "amenity": "Urban Kitchen - Cebu", "lgu": "Cebu City"}}, {"type": "Feature", "geometry": {"type": "Point", "coordinates": [123.869346, 10.2997599]}, "properties": {"id": "ChIJlxKN4x2cqTMR__JjFk_O3zA", "amenity_type": "restaurant", "amenity": "Virginia", "lgu": "Cebu City"}}, {"type": "Feature", "geometry": {"type": "Point", "coordinates": [123.8783, 10.3270953]}, "properties": {"id": "ChIJWepORs6eqTMRBXsiRBm20GQ", "amenity_type": "restaurant", "amenity": "Viviola Takada", "lgu": "Cebu City"}}, {"type": "Feature", "geometry": {"type": "Point", "coordinates": [123.8873706, 10.2931232]}, "properties": {"id": "ChIJx7aN5lWbqTMR17g7iw2zAzs", "amenity_type": "restaurant", "amenity": "WEEmart Convenience Store", "lgu": "Cebu City"}}, {"type": "Feature", "geometry": {"type": "Point", "coordinates": [123.8941448, 10.3080508]}, "properties": {"id": "ChIJEYf90U-ZqTMR92OYq92Njlg", "amenity_type": "restaurant", "amenity": "Wang Shan Lo Chinese Cuisine", "lgu": "Cebu City"}}, {"type": "Feature", "geometry": {"type": "Point", "coordinates": [123.8706238, 10.3014617]}, "properties": {"id": "ChIJ0wUKa6eeqTMRiK6rx4kuQ10", "amenity_type": "restaurant", "amenity": "Way Tugpahay Siomai Sa Tisa", "lgu": "Cebu City"}}, {"type": "Feature", "geometry": {"type": "Point", "coordinates": [123.9065126, 10.3295989]}, "properties": {"id": "ChIJDSDhtZCZqTMRByKUih-_Dt8", "amenity_type": "restaurant", "amenity": "Yang Hero Cebu IT Park", "lgu": "Cebu City"}}, {"type": "Feature", "geometry": {"type": "Point", "coordinates": [123.905129, 10.318417]}, "properties": {"id": "ChIJVVVV5T2ZqTMRvHcjvGgjQGI", "amenity_type": "restaurant", "amenity": "Yellow Cab Pizza Co.", "lgu": "Cebu City"}}, {"type": "Feature", "geometry": {"type": "Point", "coordinates": [123.9058947, 10.3305416]}, "properties": {"id": "ChIJpXsbhSGZqTMRICoPiS3NgcI", "amenity_type": "restaurant", "amenity": "Yellow Cab Pizza Co.", "lgu": "Cebu City"}}, {"type": "Feature", "geometry": {"type": "Point", "coordinates": [123.8930344, 10.319736]}, "properties": {"id": "ChIJ8UAR9DaZqTMR06b5F9kA7zU", "amenity_type": "restaurant", "amenity": "Yor's Adobong Chicharon", "lgu": "Cebu City"}}, {"type": "Feature", "geometry": {"type": "Point", "coordinates": [123.9088745, 10.326854]}, "properties": {"id": "ChIJmzg4ZACZqTMRJXBY1uiOoSA", "amenity_type": "cafe", "amenity": "Your Daily Go Cafe", "lgu": "Cebu City"}}, {"type": "Feature", "geometry": {"type": "Point", "coordinates": [123.8929591, 10.311304]}, "properties": {"id": "ChIJp5EkwU6ZqTMRm5sQK2OJkZQ", "amenity_type": "restaurant", "amenity": "Yoyi's Pastries & Desserts", "lgu": "Cebu City"}}, {"type": "Feature", "geometry": {"type": "Point", "coordinates": [123.8857856, 10.3144954]}, "properties": {"id": "ChIJ95viNaSZqTMRGAp0qNVO9Ts", "amenity_type": "cafe", "amenity": "Zero-x Cafe", "lgu": "Cebu City"}}, {"type": "Feature", "geometry": {"type": "Point", "coordinates": [123.8843269, 10.2928226]}, "properties": {"id": "ChIJqaqqagecqTMRRcKVMwLbzsQ", "amenity_type": "restaurant", "amenity": "samsung ji due", "lgu": "Cebu City"}}, {"type": "Feature", "geometry": {"type": "Point", "coordinates": [123.9059571, 10.3219522]}, "properties": {"id": "ChIJj_9jsD2ZqTMRYsecIMttL5E", "amenity_type": "restaurant", "amenity": "yoly store", "lgu": "Cebu City"}}, {"type": "Feature", "geometry": {"type": "Point", "coordinates": [123.9085433, 10.3247659]}, "properties": {"id": "ChIJPxvZ-xeZqTMRdPnwcKQ7RtA", "amenity_type": "restaurant", "amenity": "⁠PICKUP COFFEE - The Greenery", "lgu": "Cebu City"}}, {"type": "Feature", "geometry": {"type": "Point", "coordinates": [123.908365, 10.3313632]}, "properties": {"id": "ChIJp_B-ZB-ZqTMR-8CeHTVG4pQ", "amenity_type": "restaurant", "amenity": "知暮里 NEW CHIBORI JAPANESE RESTAURANT", "lgu": "Cebu City"}}, {"type": "Feature", "geometry": {"type": "Point", "coordinates": [123.9037137, 10.3280196]}, "properties": {"id": "ChIJBxI6VgCZqTMR43fTduTca7s", "amenity_type": "restaurant", "amenity": "부들세부 Boodle cebu", "lgu": "Cebu City"}}, {"type": "Feature", "geometry": {"type": "Point", "coordinates": [123.9537122, 10.3715167]}, "properties": {"id": "ChIJ0zPgNSOjqTMRqMUPXx76BCM", "amenity_type": "cafe", "amenity": "28th Avenue Cafe - Consolacion", "lgu": "Consolacion"}}, {"type": "Feature", "geometry": {"type": "Point", "coordinates": [123.9661823, 10.3800388]}, "properties": {"id": "ChIJg4bhvmejqTMRSiYTAp-jdYU", "amenity_type": "convenience_store", "amenity": "7-Eleven", "lgu": "Consolacion"}}, {"type": "Feature", "geometry": {"type": "Point", "coordinates": [123.9698853, 10.3814058]}, "properties": {"id": "ChIJieUkNACjqTMRYZIGanQLUOE", "amenity_type": "convenience_store", "amenity": "7-Eleven", "lgu": "Consolacion"}}, {"type": "Feature", "geometry": {"type": "Point", "coordinates": [123.9586953, 10.3764165]}, "properties": {"id": "ChIJk26ckqSiqTMRr4PRybcOOmY", "amenity_type": "convenience_store", "amenity": "7-Eleven", "lgu": "Consolacion"}}, {"type": "Feature", "geometry": {"type": "Point", "coordinates": [123.9496068, 10.3621018]}, "properties": {"id": "ChIJtTdNn3OYqTMRCDvJtXD63us", "amenity_type": "convenience_store", "amenity": "7-Eleven", "lgu": "Consolacion"}}, {"type": "Feature", "geometry": {"type": "Point", "coordinates": [123.9803906, 10.3601375]}, "properties": {"id": "ChIJHXlFF8GXqTMRFz1lVJ9eB9k", "amenity_type": "convenience_store", "amenity": "7-Eleven (4901) Tayud Lacion", "lgu": "Consolacion"}}, {"type": "Feature", "geometry": {"type": "Point", "coordinates": [123.9698154, 10.3814132]}, "properties": {"id": "ChIJfT1vaQCjqTMRPIv7CEEKeGc", "amenity_type": "convenience_store", "amenity": "7-Eleven Pitogo", "lgu": "Consolacion"}}, {"type": "Feature", "geometry": {"type": "Point", "coordinates": [123.9600428, 10.3750063]}, "properties": {"id": "ChIJrVdhuw2jqTMR6QZJMRMCy-U", "amenity_type": "convenience_store", "amenity": "7-Eleven citymall consolacion 1863", "lgu": "Consolacion"}}, {"type": "Feature", "geometry": {"type": "Point", "coordinates": [123.9792761, 10.3629697]}, "properties": {"id": "ChIJLyVraP6XqTMRprCwtjCXk0k", "amenity_type": "restaurant", "amenity": "ABCR General Merchandise", "lgu": "Consolacion"}}, {"type": "Feature", "geometry": {"type": "Point", "coordinates": [123.9579683, 10.3828407]}, "properties": {"id": "ChIJcSTAtb6iqTMRvdj4RfbYc3A", "amenity_type": "restaurant", "amenity": "AJ Store", "lgu": "Consolacion"}}, {"type": "Feature", "geometry": {"type": "Point", "coordinates": [123.9621787, 10.3703425]}, "properties": {"id": "ChIJfzf3gdijqTMRXX1JJBiv7E0", "amenity_type": "restaurant", "amenity": "Ac & kb store", "lgu": "Consolacion"}}, {"type": "Feature", "geometry": {"type": "Point", "coordinates": [123.9728267, 10.383352]}, "properties": {"id": "ChIJO5biGWG9qTMRudwawXEMSgg", "amenity_type": "restaurant", "amenity": "Akosi Caffé", "lgu": "Consolacion"}}, {"type": "Feature", "geometry": {"type": "Point", "coordinates": [123.958057, 10.376472]}, "properties": {"id": "ChIJBVnlVqOiqTMRdtUfzYRinW4", "amenity_type": "restaurant", "amenity": "Alberto's Pizza", "lgu": "Consolacion"}}, {"type": "Feature", "geometry": {"type": "Point", "coordinates": [123.9724527, 10.3806668]}, "properties": {"id": "ChIJbT7PO-SjqTMRkjfzrAkJfY4", "amenity_type": "restaurant", "amenity": "AllEn One Grocery and Payment Center- Jugan, Consolacion", "lgu": "Consolacion"}}, {"type": "Feature", "geometry": {"type": "Point", "coordinates": [123.9620165, 10.3638591]}, "properties": {"id": "ChIJT5e68QiYqTMRkE6kF3_BFgk", "amenity_type": "restaurant", "amenity": "Amelyn's Sari-Sari Store", "lgu": "Consolacion"}}, {"type": "Feature", "geometry": {"type": "Point", "coordinates": [123.9567812, 10.3756062]}, "properties": {"id": "ChIJmdaki6GiqTMRkZkGagD1RJc", "amenity_type": "restaurant", "amenity": "Angel's Burger", "lgu": "Consolacion"}}, {"type": "Feature", "geometry": {"type": "Point", "coordinates": [123.9571411, 10.3857898]}, "properties": {"id": "ChIJ15K1Q7-iqTMRJW1I2Ssw6Ew", "amenity_type": "restaurant", "amenity": "Angel's Hamburger", "lgu": "Consolacion"}}, {"type": "Feature", "geometry": {"type": "Point", "coordinates": [123.9688203, 10.3810171]}, "properties": {"id": "ChIJA2mQj22jqTMRpNcmTsPywUM", "amenity_type": "restaurant", "amenity": "Angel's Pizza - Consolacion", "lgu": "Consolacion"}}, {"type": "Feature", "geometry": {"type": "Point", "coordinates": [123.960312, 10.37507]}, "properties": {"id": "ChIJz-hh76SiqTMR1lx9lLIWrRI", "amenity_type": "restaurant", "amenity": "Arbees Bakeshop", "lgu": "Consolacion"}}, {"type": "Feature", "geometry": {"type": "Point", "coordinates": [123.9566278, 10.3918699]}, "properties": {"id": "ChIJK8jzKomjqTMRrlXcQify6KM", "amenity_type": "restaurant", "amenity": "Area21", "lgu": "Consolacion"}}, {"type": "Feature", "geometry": {"type": "Point", "coordinates": [123.9641768, 10.3699802]}, "properties": {"id": "ChIJcylWvgWjqTMROkYDAJHb2aw", "amenity_type": "restaurant", "amenity": "Auring Store", "lgu": "Consolacion"}}, {"type": "Feature", "geometry": {"type": "Point", "coordinates": [123.968767, 10.3745763]}, "properties": {"id": "ChIJ3S1-p7mjqTMRAHs8A0FHoS8", "amenity_type": "restaurant", "amenity": "Baby Girl's Store", "lgu": "Consolacion"}}, {"type": "Feature", "geometry": {"type": "Point", "coordinates": [123.9608275, 10.3768462]}, "properties": {"id": "ChIJn1b8v4SjqTMRts8HfEypMJI", "amenity_type": "restaurant", "amenity": "Baiks Barbecue", "lgu": "Consolacion"}}, {"type": "Feature", "geometry": {"type": "Point", "coordinates": [123.9669738, 10.3803958]}, "properties": {"id": "ChIJWULvCACjqTMRdgft86o4EAg", "amenity_type": "restaurant", "amenity": "Baka Naman - Consolacion", "lgu": "Consolacion"}}, {"type": "Feature", "geometry": {"type": "Point", "coordinates": [123.964846, 10.379547]}, "properties": {"id": "ChIJf4VilrCiqTMRYwW1BHuARZk", "amenity_type": "restaurant", "amenity": "Baker Bob", "lgu": "Consolacion"}}, {"type": "Feature", "geometry": {"type": "Point", "coordinates": [123.9564166, 10.3628778]}, "properties": {"id": "ChIJeVDCNSaZqTMRJoB-XOWvZbk", "amenity_type": "restaurant", "amenity": "BalaySaPinakagwapoSaMandaue", "lgu": "Consolacion"}}, {"type": "Feature", "geometry": {"type": "Point", "coordinates": [123.9696323, 10.370494]}, "properties": {"id": "ChIJPSAyh4WjqTMR7t_bw4XWoRw", "amenity_type": "restaurant", "amenity": "Batch Choyan", "lgu": "Consolacion"}}, {"type": "Feature", "geometry": {"type": "Point", "coordinates": [123.9605212, 10.3764304]}, "properties": {"id": "ChIJZ51W0qSiqTMR2wDUHJi5394", "amenity_type": "restaurant", "amenity": "Bea's Bakeshop", "lgu": "Consolacion"}}, {"type": "Feature", "geometry": {"type": "Point", "coordinates": [123.9576593, 10.3702664]}, "properties": {"id": "ChIJufnkXkWjqTMR77gzPCfyxrs", "amenity_type": "restaurant", "amenity": "Bean Caff", "lgu": "Consolacion"}}, {"type": "Feature", "geometry": {"type": "Point", "coordinates": [123.9817852, 10.3651332]}, "properties": {"id": "ChIJtSRNemW9qTMRLwebM6ElezY", "amenity_type": "restaurant", "amenity": "Bebe Store", "lgu": "Consolacion"}}, {"type": "Feature", "geometry": {"type": "Point", "coordinates": [123.9582829, 10.3707414]}, "properties": {"id": "ChIJl8VEiyGjqTMRHao4eFTY9c0", "amenity_type": "restaurant", "amenity": "Bebie Reston Store", "lgu": "Consolacion"}}, {"type": "Feature", "geometry": {"type": "Point", "coordinates": [123.9658163, 10.3749298]}, "properties": {"id": "ChIJ7399pp2jqTMRZEpQPfxz6W4", "amenity_type": "restaurant", "amenity": "BellyBoy Lechon Belly", "lgu": "Consolacion"}}, {"type": "Feature", "geometry": {"type": "Point", "coordinates": [123.9697523, 10.3844953]}, "properties": {"id": "ChIJLQndHHSjqTMRKFCByz3rJxQ", "amenity_type": "restaurant", "amenity": "Benjamins - Consolacion", "lgu": "Consolacion"}}, {"type": "Feature", "geometry": {"type": "Point", "coordinates": [123.9598572, 10.3706476]}, "properties": {"id": "ChIJ-6FCbgCjqTMRbScNnI-Rjl8", "amenity_type": "restaurant", "amenity": "Bestie's Café", "lgu": "Consolacion"}}, {"type": "Feature", "geometry": {"type": "Point", "coordinates": [123.9601894, 10.3723713]}, "properties": {"id": "ChIJycJ8DwajqTMRebmtS9jPDl8", "amenity_type": "restaurant", "amenity": "Big Fat Straws Consolacion Branch", "lgu": "Consolacion"}}, {"type": "Feature", "geometry": {"type": "Point", "coordinates": [123.9643033, 10.3697463]}, "properties": {"id": "ChIJwVcy0LWjqTMRntJsK0e9fLg", "amenity_type": "restaurant", "amenity": "Bing's place", "lgu": "Consolacion"}}, {"type": "Feature", "geometry": {"type": "Point", "coordinates": [123.9732843, 10.3819825]}, "properties": {"id": "ChIJC1yo5rSiqTMRq86_6fprCic", "amenity_type": "cafe", "amenity": "Bohemian Cafe", "lgu": "Consolacion"}}, {"type": "Feature", "geometry": {"type": "Point", "coordinates": [123.9640145, 10.3797873]}, "properties": {"id": "ChIJoUEZRQCjqTMROoGdRBD3aYA", "amenity_type": "restaurant", "amenity": "Bo’s Coffee - SM City Consolacion", "lgu": "Consolacion"}}, {"type": "Feature", "geometry": {"type": "Point", "coordinates": [123.9646592, 10.3795616]}, "properties": {"id": "ChIJNf93u56jqTMRyWIMWNJxEYM", "amenity_type": "restaurant", "amenity": "BreadTalk - SM City Consolacion", "lgu": "Consolacion"}}, {"type": "Feature", "geometry": {"type": "Point", "coordinates": [123.9724759, 10.370714]}, "properties": {"id": "ChIJxyT7SCujqTMRpViX4PmXmYE", "amenity_type": "restaurant", "amenity": "Brew Szn Main (Consolacion)", "lgu": "Consolacion"}}, {"type": "Feature", "geometry": {"type": "Point", "coordinates": [123.9571983, 10.3751514]}, "properties": {"id": "ChIJfXgSDQCjqTMRoWjbt_e853E", "amenity_type": "restaurant", "amenity": "Brewed Coffee LA' TEA - Consolacion Branch", "lgu": "Consolacion"}}, {"type": "Feature", "geometry": {"type": "Point", "coordinates": [123.9540057, 10.3720885]}, "properties": {"id": "ChIJzcQh9vWjqTMRnLSG9D3qW-s", "amenity_type": "restaurant", "amenity": "Bubble Bean Café", "lgu": "Consolacion"}}, {"type": "Feature", "geometry": {"type": "Point", "coordinates": [123.9616494, 10.3740885]}, "properties": {"id": "ChIJdxfDOSijqTMRBHzHVPMNakw", "amenity_type": "restaurant", "amenity": "Buono Donuts", "lgu": "Consolacion"}}, {"type": "Feature", "geometry": {"type": "Point", "coordinates": [123.9567874, 10.3928565]}, "properties": {"id": "ChIJ68yZGXejqTMRQn0dfMQUFXo", "amenity_type": "restaurant", "amenity": "CALAMITEA", "lgu": "Consolacion"}}, {"type": "Feature", "geometry": {"type": "Point", "coordinates": [123.9658618, 10.384922]}, "properties": {"id": "ChIJX_MgKQGjqTMRSoubk7YvDog", "amenity_type": "restaurant", "amenity": "CCA Club and Events", "lgu": "Consolacion"}}, {"type": "Feature", "geometry": {"type": "Point", "coordinates": [123.964861, 10.3796049]}, "properties": {"id": "ChIJDzBWpbCiqTMRQYCTn2o_GTc", "amenity_type": "restaurant", "amenity": "CK SM Consolacion", "lgu": "Consolacion"}}, {"type": "Feature", "geometry": {"type": "Point", "coordinates": [123.9517549, 10.3709144]}, "properties": {"id": "ChIJy2vW3qmjqTMRznyUglrTRf8", "amenity_type": "restaurant", "amenity": "Cadimas Store", "lgu": "Consolacion"}}, {"type": "Feature", "geometry": {"type": "Point", "coordinates": [123.9599723, 10.3803925]}, "properties": {"id": "ChIJy3Vn4Ka9qTMRx7VuhYZnfY4", "amenity_type": "cafe", "amenity": "Cafe Naku", "lgu": "Consolacion"}}, {"type": "Feature", "geometry": {"type": "Point", "coordinates": [123.9437624, 10.3908492]}, "properties": {"id": "ChIJJeWGESWjqTMRqU5QgqiMbZ4", "amenity_type": "cafe", "amenity": "Cafe Sikwate", "lgu": "Consolacion"}}, {"type": "Feature", "geometry": {"type": "Point", "coordinates": [123.9610342, 10.3747157]}, "properties": {"id": "ChIJHeWpqeWjqTMR4fxRLMVCkS4", "amenity_type": "restaurant", "amenity": "Cake-on the-go", "lgu": "Consolacion"}}, {"type": "Feature", "geometry": {"type": "Point", "coordinates": [123.9612357, 10.3767167]}, "properties": {"id": "ChIJjzAe1bqiqTMR_KAXgKjOSCw", "amenity_type": "restaurant", "amenity": "Cansaga Convenience Store", "lgu": "Consolacion"}}, {"type": "Feature", "geometry": {"type": "Point", "coordinates": [123.9542937, 10.3721083]}, "properties": {"id": "ChIJyTJRjKGiqTMRoVM2-9d7vfM", "amenity_type": "restaurant", "amenity": "Carlo's Batchoy", "lgu": "Consolacion"}}, {"type": "Feature", "geometry": {"type": "Point", "coordinates": [123.9664662, 10.3703061]}, "properties": {"id": "ChIJM0wg-XqjqTMR0xUC7ZzGW-k", "amenity_type": "restaurant", "amenity": "Carmeline Bakeshop", "lgu": "Consolacion"}}, {"type": "Feature", "geometry": {"type": "Point", "coordinates": [123.9630968, 10.3853851]}, "properties": {"id": "ChIJdasAbLOjqTMRHfg4D6XKx3U", "amenity_type": "restaurant", "amenity": "Carmen's Store", "lgu": "Consolacion"}}, {"type": "Feature", "geometry": {"type": "Point", "coordinates": [123.9634589, 10.3812552]}, "properties": {"id": "ChIJM7Ulq7CiqTMR2ClrB2OQpp0", "amenity_type": "restaurant", "amenity": "Cebu's Original Lechon Belly - SM City Consolacion", "lgu": "Consolacion"}}, {"type": "Feature", "geometry": {"type": "Point", "coordinates": [123.9692887, 10.3689799]}, "properties": {"id": "ChIJce8jWzujqTMR1Dw8Zqlv95s", "amenity_type": "restaurant", "amenity": "Che's Delights", "lgu": "Consolacion"}}, {"type": "Feature", "geometry": {"type": "Point", "coordinates": [123.9695581, 10.3798019]}, "properties": {"id": "ChIJE-Gu02GjqTMRA1j0GZb8r3A", "amenity_type": "restaurant", "amenity": "Chemay's Cake", "lgu": "Consolacion"}}, {"type": "Feature", "geometry": {"type": "Point", "coordinates": [123.9646542, 10.3803681]}, "properties": {"id": "ChIJBcttsLCiqTMR3lRLmbzgZjM", "amenity_type": "restaurant", "amenity": "Chika-an Cebuano Kitchen - SM Consolacion", "lgu": "Consolacion"}}, {"type": "Feature", "geometry": {"type": "Point", "coordinates": [123.9565752, 10.3754989]}, "properties": {"id": "ChIJGXdfEaOiqTMRnKuC6sAnfK4", "amenity_type": "restaurant", "amenity": "Chooks To Go", "lgu": "Consolacion"}}, {"type": "Feature", "geometry": {"type": "Point", "coordinates": [123.956743, 10.3756212]}, "properties": {"id": "ChIJk80RzIyjqTMR2EgXJZq_E2Q", "amenity_type": "restaurant", "amenity": "Chrisjos Direct selling", "lgu": "Consolacion"}}, {"type": "Feature", "geometry": {"type": "Point", "coordinates": [123.9293845, 10.4284228]}, "properties": {"id": "ChIJ_Vdl78ajqTMR9Dz5tcZMAeA", "amenity_type": "restaurant", "amenity": "Citylights Camp & Diner", "lgu": "Consolacion"}}, {"type": "Feature", "geometry": {"type": "Point", "coordinates": [123.964161, 10.37976]}, "properties": {"id": "ChIJF6KgMwCjqTMRLQYcqBVHjbw", "amenity_type": "restaurant", "amenity": "Coffee Bean", "lgu": "Consolacion"}}, {"type": "Feature", "geometry": {"type": "Point", "coordinates": [123.9557037, 10.3792501]}, "properties": {"id": "ChIJ5TDNVwCjqTMRgml3tUuLUyU", "amenity_type": "restaurant", "amenity": "Consolacion C7 Eatery", "lgu": "Consolacion"}}, {"type": "Feature", "geometry": {"type": "Point", "coordinates": [123.9726143, 10.3831489]}, "properties": {"id": "ChIJA3GyclijqTMREQqm2l2MEXo", "amenity_type": "restaurant", "amenity": "Cyria’s Kandingan", "lgu": "Consolacion"}}, {"type": "Feature", "geometry": {"type": "Point", "coordinates": [123.954559, 10.363006]}, "properties": {"id": "ChIJhys9KwCZqTMRVHpku3deg8E", "amenity_type": "restaurant", "amenity": "DKAFE AND SARI SARI STORE", "lgu": "Consolacion"}}, {"type": "Feature", "geometry": {"type": "Point", "coordinates": [123.9652094, 10.3796255]}, "properties": {"id": "ChIJ26OceN6jqTMRnAqI72vwfnQ", "amenity_type": "restaurant", "amenity": "DM Lacion", "lgu": "Consolacion"}}, {"type": "Feature", "geometry": {"type": "Point", "coordinates": [123.9550542, 10.3741185]}, "properties": {"id": "ChIJwez44Y2jqTMRCY6y81ullD0", "amenity_type": "restaurant", "amenity": "DON 77 MINIMART", "lgu": "Consolacion"}}, {"type": "Feature", "geometry": {"type": "Point", "coordinates": [123.9592718, 10.3716411]}, "properties": {"id": "ChIJXfxYrE-jqTMR1oHRseQz_ak", "amenity_type": "restaurant", "amenity": "Dacorp", "lgu": "Consolacion"}}, {"type": "Feature", "geometry": {"type": "Point", "coordinates": [123.9714618, 10.3799918]}, "properties": {"id": "ChIJ1TqCTR6jqTMRXuBHbJUujLA", "amenity_type": "restaurant", "amenity": "Day To Day Store - Porta Coeli", "lgu": "Consolacion"}}, {"type": "Feature", "geometry": {"type": "Point", "coordinates": [123.9603579, 10.3748342]}, "properties": {"id": "ChIJDVLNkM6jqTMRiTZ4Hh8yH7M", "amenity_type": "restaurant", "amenity": "Diaper Store", "lgu": "Consolacion"}}, {"type": "Feature", "geometry": {"type": "Point", "coordinates": [123.9666763, 10.3745141]}, "properties": {"id": "ChIJ44DHRQCjqTMRsnaRDO52-QE", "amenity_type": "restaurant", "amenity": "Don Eping Piaya", "lgu": "Consolacion"}}, {"type": "Feature", "geometry": {"type": "Point", "coordinates": [123.9546398, 10.3724237]}, "properties": {"id": "ChIJN6wTNwCjqTMR49xKiCFb0Kg", "amenity_type": "restaurant", "amenity": "Don Lemon - Consolacion Branch", "lgu": "Consolacion"}}, {"type": "Feature", "geometry": {"type": "Point", "coordinates": [123.9596722, 10.3762772]}, "properties": {"id": "ChIJL0b4mbGjqTMRzvlczFr3FFo", "amenity_type": "restaurant", "amenity": "Don Macchiatos Consolacion", "lgu": "Consolacion"}}, {"type": "Feature", "geometry": {"type": "Point", "coordinates": [123.9709252, 10.3821413]}, "properties": {"id": "ChIJ54owfQCjqTMREHP6nJvyPss", "amenity_type": "restaurant", "amenity": "Dreamers Coffee - Pitogo Branch", "lgu": "Consolacion"}}, {"type": "Feature", "geometry": {"type": "Point", "coordinates": [123.9579721, 10.3764107]}, "properties": {"id": "ChIJ2ylXg5yjqTMR-tReGELMCzw", "amenity_type": "restaurant", "amenity": "Driptea Consolacion", "lgu": "Consolacion"}}, {"type": "Feature", "geometry": {"type": "Point", "coordinates": [123.964963, 10.3798285]}, "properties": {"id": "ChIJix5ivrCiqTMRHF77exjOBhA", "amenity_type": "restaurant", "amenity": "Dunkin' - SM City Consolacion", "lgu": "Consolacion"}}, {"type": "Feature", "geometry": {"type": "Point", "coordinates": [123.9771461, 10.3639382]}, "properties": {"id": "ChIJffkb4WWXqTMRpz7a4RMHGKw", "amenity_type": "restaurant", "amenity": "Ebing’s Convenience Store", "lgu": "Consolacion"}}, {"type": "Feature", "geometry": {"type": "Point", "coordinates": [123.9659047, 10.3687534]}, "properties": {"id": "ChIJzWTdCgCjqTMRmInAqK2Lv-0", "amenity_type": "restaurant", "amenity": "Eden Bakeshop", "lgu": "Consolacion"}}, {"type": "Feature", "geometry": {"type": "Point", "coordinates": [123.9636611, 10.3783455]}, "properties": {"id": "ChIJNw1xgbqiqTMRlJnrLmXX4_Y", "amenity_type": "restaurant", "amenity": "Eleven J Bakeshop", "lgu": "Consolacion"}}, {"type": "Feature", "geometry": {"type": "Point", "coordinates": [123.9513364, 10.3644399]}, "properties": {"id": "ChIJ4fNzTwCZqTMR7RF3otboh54", "amenity_type": "restaurant", "amenity": "Epen Bate", "lgu": "Consolacion"}}, {"type": "Feature", "geometry": {"type": "Point", "coordinates": [123.9689941, 10.3787593]}, "properties": {"id": "ChIJy7BTZLGiqTMRpIgTWQcoig8", "amenity_type": "restaurant", "amenity": "Erika's Hopia de Cebu factory", "lgu": "Consolacion"}}, {"type": "Feature", "geometry": {"type": "Point", "coordinates": [123.9633058, 10.3756954]}, "properties": {"id": "ChIJKTpRUKWiqTMRQxZJXDuQ2T4", "amenity_type": "restaurant", "amenity": "Ernesto Cebulicious Lechon", "lgu": "Consolacion"}}, {"type": "Feature", "geometry": {"type": "Point", "coordinates": [123.9677632, 10.3857917]}, "properties": {"id": "ChIJ69CPSciiqTMRSL9EO61Uyt0", "amenity_type": "restaurant", "amenity": "Feastea Japanese Milktea", "lgu": "Consolacion"}}, {"type": "Feature", "geometry": {"type": "Point", "coordinates": [123.9686346, 10.3740406]}, "properties": {"id": "ChIJ8-aaRgCjqTMRdaCcAmCZJdI", "amenity_type": "restaurant", "amenity": "Fresh Spring Rolls by Ari", "lgu": "Consolacion"}}, {"type": "Feature", "geometry": {"type": "Point", "coordinates": [123.9616498, 10.3756323]}, "properties": {"id": "ChIJlYqOEEOjqTMRRNuRogU4xRw", "amenity_type": "restaurant", "amenity": "Frontliners Puto Sikwate", "lgu": "Consolacion"}}, {"type": "Feature", "geometry": {"type": "Point", "coordinates": [123.9616578, 10.3701685]}, "properties": {"id": "ChIJy4GUXKaiqTMR6qBV4j7Adsk", "amenity_type": "restaurant", "amenity": "Gab-gab's", "lgu": "Consolacion"}}, {"type": "Feature", "geometry": {"type": "Point", "coordinates": [123.9568087, 10.3863207]}, "properties": {"id": "ChIJz-eUGwCjqTMR1rTtdGru4zs", "amenity_type": "restaurant", "amenity": "Girline Store", "lgu": "Consolacion"}}, {"type": "Feature", "geometry": {"type": "Point", "coordinates": [123.9767031, 10.3626875]}, "properties": {"id": "ChIJMwANiKmXqTMRl4Q1Y1XXB84", "amenity_type": "restaurant", "amenity": "Glory Pride Store", "lgu": "Consolacion"}}, {"type": "Feature", "geometry": {"type": "Point", "coordinates": [123.9646104, 10.3775393]}, "properties": {"id": "ChIJ3aV30iijqTMRcTtGXWUcZb0", "amenity_type": "restaurant", "amenity": "Golden Bowl Pancit Canton", "lgu": "Consolacion"}}, {"type": "Feature", "geometry": {"type": "Point", "coordinates": [123.9646723, 10.379635]}, "properties": {"id": "ChIJ5XAwU7eiqTMR-ZKFrMQSFpQ", "amenity_type": "restaurant", "amenity": "Goldilocks - SM City Consolacion", "lgu": "Consolacion"}}, {"type": "Feature", "geometry": {"type": "Point", "coordinates": [123.9718061, 10.3716718]}, "properties": {"id": "ChIJ2ReecEqjqTMROfoVt-MI_JA", "amenity_type": "restaurant", "amenity": "Goodie Brownies", "lgu": "Consolacion"}}, {"type": "Feature", "geometry": {"type": "Point", "coordinates": [123.964232, 10.3779836]}, "properties": {"id": "ChIJ8YYRerCiqTMRkNcVYsLXSlw", "amenity_type": "restaurant", "amenity": "Gwels Daily Bread", "lgu": "Consolacion"}}, {"type": "Feature", "geometry": {"type": "Point", "coordinates": [123.9611851, 10.3730284]}, "properties": {"id": "ChIJU3S9FGOjqTMRNOlwBR6Qk04", "amenity_type": "restaurant", "amenity": "Hangry Henry", "lgu": "Consolacion"}}, {"type": "Feature", "geometry": {"type": "Point", "coordinates": [123.9580107, 10.3736865]}, "properties": {"id": "ChIJFUCSkW6jqTMR7tRQ3I-9Q8E", "amenity_type": "restaurant", "amenity": "Happy Brew - Consolacion", "lgu": "Consolacion"}}, {"type": "Feature", "geometry": {"type": "Point", "coordinates": [123.9584891, 10.3763878]}, "properties": {"id": "ChIJq7_qqKSiqTMRL_ooh3TRjLE", "amenity_type": "restaurant", "amenity": "Happy~Haus Donuts", "lgu": "Consolacion"}}, {"type": "Feature", "geometry": {"type": "Point", "coordinates": [123.9680522, 10.3886397]}, "properties": {"id": "ChIJh627aQCjqTMRNHrDTQ4hk8Q", "amenity_type": "restaurant", "amenity": "Has Bean Grinding", "lgu": "Consolacion"}}, {"type": "Feature", "geometry": {"type": "Point", "coordinates": [123.9582562, 10.3707146]}, "properties": {"id": "ChIJofECUtCjqTMRMCDq2sYsgeI", "amenity_type": "restaurant", "amenity": "Heartily 'K'akes", "lgu": "Consolacion"}}, {"type": "Feature", "geometry": {"type": "Point", "coordinates": [123.9589979, 10.3650372]}, "properties": {"id": "ChIJW3NQSj2ZqTMRkPB00dZnLPk", "amenity_type": "restaurant", "amenity": "Helen Store", "lgu": "Consolacion"}}, {"type": "Feature", "geometry": {"type": "Point", "coordinates": [123.9628064, 10.3751495]}, "properties": {"id": "ChIJV3cra0ajqTMRcy4WAS8RYE4", "amenity_type": "restaurant", "amenity": "Hi Brew - Consolacion", "lgu": "Consolacion"}}, {"type": "Feature", "geometry": {"type": "Point", "coordinates": [123.9584389, 10.3764206]}, "properties": {"id": "ChIJGZD19ACjqTMRVkITXW-b8Qw", "amenity_type": "restaurant", "amenity": "IDX STORE", "lgu": "Consolacion"}}, {"type": "Feature", "geometry": {"type": "Point", "coordinates": [123.9618815, 10.3643457]}, "properties": {"id": "ChIJn7iwUYaZqTMR3D0hjQ2wYQg", "amenity_type": "cafe", "amenity": "Inato Cafe", "lgu": "Consolacion"}}, {"type": "Feature", "geometry": {"type": "Point", "coordinates": [123.9633757, 10.379759]}, "properties": {"id": "ChIJj4gzc7qiqTMRONGYjesm0n8", "amenity_type": "restaurant", "amenity": "Inday Sara Bakeshop", "lgu": "Consolacion"}}, {"type": "Feature", "geometry": {"type": "Point", "coordinates": [123.9754956, 10.3559252]}, "properties": {"id": "ChIJNfXgX2WXqTMRCZnWxh8MMdI", "amenity_type": "restaurant", "amenity": "Island Tea Co., Ceylon Coffee & All Day Breakfast Club - Consolacion", "lgu": "Consolacion"}}, {"type": "Feature", "geometry": {"type": "Point", "coordinates": [123.9666001, 10.3799202]}, "properties": {"id": "ChIJfyGM2LCiqTMR0SpmZ3kXjWE", "amenity_type": "restaurant", "amenity": "JERBEE'S BAKESHOP", "lgu": "Consolacion"}}, {"type": "Feature", "geometry": {"type": "Point", "coordinates": [123.9654158, 10.3631317]}, "properties": {"id": "ChIJWxYon4aZqTMR14cNkbyFiBc", "amenity_type": "restaurant", "amenity": "JUNIE-TERRY STORE", "lgu": "Consolacion"}}, {"type": "Feature", "geometry": {"type": "Point", "coordinates": [123.9575495, 10.3839292]}, "properties": {"id": "ChIJOenzeICjqTMR7Lm5Arwut74", "amenity_type": "restaurant", "amenity": "Janice Store", "lgu": "Consolacion"}}, {"type": "Feature", "geometry": {"type": "Point", "coordinates": [123.9636869, 10.3792634]}, "properties": {"id": "ChIJ74Wbd7qiqTMR9RyFQ-Mgq_k", "amenity_type": "restaurant", "amenity": "Janielle's Bakeshop", "lgu": "Consolacion"}}, {"type": "Feature", "geometry": {"type": "Point", "coordinates": [123.9733162, 10.3775311]}, "properties": {"id": "ChIJuRnx4UajqTMRNY7kKf4_1Ms", "amenity_type": "restaurant", "amenity": "Janna's Store", "lgu": "Consolacion"}}, {"type": "Feature", "geometry": {"type": "Point", "coordinates": [123.9584764, 10.3708248]}, "properties": {"id": "ChIJ9ZCgRrmjqTMRdbUAbZed-N0", "amenity_type": "restaurant", "amenity": "Jessie Sira-Sira Store", "lgu": "Consolacion"}}, {"type": "Feature", "geometry": {"type": "Point", "coordinates": [123.9657449, 10.3797983]}, "properties": {"id": "ChIJ2S8l0D-jqTMRoeHVD56zCoQ", "amenity_type": "restaurant", "amenity": "Joanna's Halo-Halo Consolacion", "lgu": "Consolacion"}}, {"type": "Feature", "geometry": {"type": "Point", "coordinates": [123.9599761, 10.3762661]}, "properties": {"id": "ChIJj0Szy6SiqTMRtLq725Zg6Vg", "amenity_type": "restaurant", "amenity": "Jollibee - Consolacion", "lgu": "Consolacion"}}, {"type": "Feature", "geometry": {"type": "Point", "coordinates": [123.9570163, 10.37358]}, "properties": {"id": "ChIJLQpqXamjqTMRVgVw70zk2fc", "amenity_type": "cafe", "amenity": "JuanBats Cafe - Consolacion", "lgu": "Consolacion"}}, {"type": "Feature", "geometry": {"type": "Point", "coordinates": [123.9736226, 10.3786412]}, "properties": {"id": "ChIJjzhL2mKjqTMRASP0DpTj6Jk", "amenity_type": "restaurant", "amenity": "Julie's Bakeshop", "lgu": "Consolacion"}}, {"type": "Feature", "geometry": {"type": "Point", "coordinates": [123.9682183, 10.3805372]}, "properties": {"id": "ChIJrR0Nw7CiqTMRNcj2YoJvAPU", "amenity_type": "restaurant", "amenity": "Julie's Bakeshop", "lgu": "Consolacion"}}, {"type": "Feature", "geometry": {"type": "Point", "coordinates": [123.9594513, 10.3737012]}, "properties": {"id": "ChIJh2h92nyjqTMRq7jXnvU26jg", "amenity_type": "restaurant", "amenity": "K'offee Qonuts", "lgu": "Consolacion"}}, {"type": "Feature", "geometry": {"type": "Point", "coordinates": [123.9657616, 10.3757477]}, "properties": {"id": "ChIJq24gwdWjqTMRGaULz-QzIdI", "amenity_type": "restaurant", "amenity": "K-BTS Katrina's Box of Tasty Stuff", "lgu": "Consolacion"}}, {"type": "Feature", "geometry": {"type": "Point", "coordinates": [123.9641477, 10.3805942]}, "properties": {"id": "ChIJt0OMvbCiqTMRgrfq8a3cP24", "amenity_type": "restaurant", "amenity": "KFC", "lgu": "Consolacion"}}, {"type": "Feature", "geometry": {"type": "Point", "coordinates": [123.9660796, 10.3684361]}, "properties": {"id": "ChIJe3sjV6iiqTMRzpj_qbz4h2c", "amenity_type": "restaurant", "amenity": "KFL'S Bakeshop", "lgu": "Consolacion"}}, {"type": "Feature", "geometry": {"type": "Point", "coordinates": [123.9577381, 10.3970315]}, "properties": {"id": "ChIJX376sIqjqTMRKZje0qxx874", "amenity_type": "cafe", "amenity": "Kahoy Cafe", "lgu": "Consolacion"}}, {"type": "Feature", "geometry": {"type": "Point", "coordinates": [123.9494978, 10.3733286]}, "properties": {"id": "ChIJw-rA2emjqTMRQSUmoucKSFo", "amenity_type": "restaurant", "amenity": "Kaizer’s Store", "lgu": "Consolacion"}}, {"type": "Feature", "geometry": {"type": "Point", "coordinates": [123.9613386, 10.37283]}, "properties": {"id": "ChIJF7PlJgCjqTMRB8RgiszEImU", "amenity_type": "restaurant", "amenity": "Kan-anan Ni Nanay SPG", "lgu": "Consolacion"}}, {"type": "Feature", "geometry": {"type": "Point", "coordinates": [123.9640306, 10.378725]}, "properties": {"id": "ChIJSeMMCXqjqTMRFuJHFi318ME", "amenity_type": "restaurant", "amenity": "Kaye Dee Enterprise", "lgu": "Consolacion"}}, {"type": "Feature", "geometry": {"type": "Point", "coordinates": [123.9652094, 10.3796255]}, "properties": {"id": "ChIJ5fWXwQ-jqTMRcR_5OIQL-0w", "amenity_type": "restaurant", "amenity": "Kusinang Gamay", "lgu": "Consolacion"}}, {"type": "Feature", "geometry": {"type": "Point", "coordinates": [123.9640393, 10.3802241]}, "properties": {"id": "ChIJ7f2HbF2XqTMRAF9JMrOaW2Q", "amenity_type": "restaurant", "amenity": "Kuya J Restaurant - SM City Consolacion", "lgu": "Consolacion"}}, {"type": "Feature", "geometry": {"type": "Point", "coordinates": [123.9610434, 10.3740676]}, "properties": {"id": "ChIJHxV8KwCjqTMRyTSEUgFLe3A", "amenity_type": "restaurant", "amenity": "L' Macchiatos", "lgu": "Consolacion"}}, {"type": "Feature", "geometry": {"type": "Point", "coordinates": [123.9624392, 10.3832416]}, "properties": {"id": "ChIJJS_F47-jqTMRANs4g_Ivq4k", "amenity_type": "restaurant", "amenity": "Lechon ni El Presidente", "lgu": "Consolacion"}}, {"type": "Feature", "geometry": {"type": "Point", "coordinates": [123.9649569, 10.3803658]}, "properties": {"id": "ChIJY-s4t7CiqTMR3oniQD5gaXk", "amenity_type": "restaurant", "amenity": "Leona's Cakes And Pastries", "lgu": "Consolacion"}}, {"type": "Feature", "geometry": {"type": "Point", "coordinates": [123.9622115, 10.3702466]}, "properties": {"id": "ChIJSdnfPACjqTMRDUtWztPrTac", "amenity_type": "restaurant", "amenity": "Lhor Dave fried chicken", "lgu": "Consolacion"}}, {"type": "Feature", "geometry": {"type": "Point", "coordinates": [123.960703, 10.375342]}, "properties": {"id": "ChIJK5ZT56SiqTMRdRsDHw2Pl3k", "amenity_type": "restaurant", "amenity": "Linda Painitan", "lgu": "Consolacion"}}, {"type": "Feature", "geometry": {"type": "Point", "coordinates": [123.9631223, 10.3659943]}, "properties": {"id": "ChIJBeE812KZqTMRKHibvwfz6Uw", "amenity_type": "restaurant", "amenity": "Little Chefs", "lgu": "Consolacion"}}, {"type": "Feature", "geometry": {"type": "Point", "coordinates": [123.9537771, 10.375353]}, "properties": {"id": "ChIJvV1fWqKiqTMRMS4UkDfzkGU", "amenity_type": "restaurant", "amenity": "Lloydstah's Tavern", "lgu": "Consolacion"}}, {"type": "Feature", "geometry": {"type": "Point", "coordinates": [123.9582742, 10.374728]}, "properties": {"id": "ChIJ--Wde76jqTMRLAQrskO9lu8", "amenity_type": "restaurant", "amenity": "Lokacion Food Park", "lgu": "Consolacion"}}, {"type": "Feature", "geometry": {"type": "Point", "coordinates": [123.9808141, 10.3609662]}, "properties": {"id": "ChIJW4QzIPyXqTMRRa2uaPFlVNg", "amenity_type": "restaurant", "amenity": "Lolo Tinong's Bakery", "lgu": "Consolacion"}}, {"type": "Feature", "geometry": {"type": "Point", "coordinates": [123.9705433, 10.3688095]}, "properties": {"id": "ChIJzaKqIfejqTMRY11uWvSBHjs", "amenity_type": "restaurant", "amenity": "LuEsra Bistro", "lgu": "Consolacion"}}, {"type": "Feature", "geometry": {"type": "Point", "coordinates": [123.9671893, 10.3778008]}, "properties": {"id": "ChIJl1g8r7GiqTMRvrjtlmMlcx4", "amenity_type": "restaurant", "amenity": "Lyndon's Eatery", "lgu": "Consolacion"}}, {"type": "Feature", "geometry": {"type": "Point", "coordinates": [123.9615204, 10.3702614]}, "properties": {"id": "ChIJFRZEXKaiqTMRJv2g1DDNxcc", "amenity_type": "restaurant", "amenity": "MIGGY'S MALUNGGAY PANDESAL STATION", "lgu": "Consolacion"}}, {"type": "Feature", "geometry": {"type": "Point", "coordinates": [123.9621682, 10.3774682]}, "properties": {"id": "ChIJY2WcwbqiqTMRqb_DdtQxRtc", "amenity_type": "restaurant", "amenity": "MR.N Bread Cakes & Pastries", "lgu": "Consolacion"}}, {"type": "Feature", "geometry": {"type": "Point", "coordinates": [123.954309, 10.377692]}, "properties": {"id": "ChIJz7lBxcyjqTMRqmKjT8gDoQg", "amenity_type": "restaurant", "amenity": "MS Store", "lgu": "Consolacion"}}, {"type": "Feature", "geometry": {"type": "Point", "coordinates": [123.9583373, 10.376864]}, "properties": {"id": "ChIJ_depV0ijqTMR4fwySSlBwro", "amenity_type": "cafe", "amenity": "Maca Café - Coffee & Tea (MACA TEAH CAFE)", "lgu": "Consolacion"}}, {"type": "Feature", "geometry": {"type": "Point", "coordinates": [123.9717637, 10.3793051]}, "properties": {"id": "ChIJa-BKGwCjqTMR2j8_Hi1CtQ0", "amenity_type": "restaurant", "amenity": "Maiqui's Bread. Cakes. Pastries (Jugan 1 Branch)", "lgu": "Consolacion"}}, {"type": "Feature", "geometry": {"type": "Point", "coordinates": [123.964437, 10.380033]}, "properties": {"id": "ChIJB_LPqfujqTMRW9S_rAsA9g8", "amenity_type": "restaurant", "amenity": "Majestic SM Consolacion", "lgu": "Consolacion"}}, {"type": "Feature", "geometry": {"type": "Point", "coordinates": [123.9599911, 10.37479]}, "properties": {"id": "ChIJk26ckqSiqTMRS1T1Dy6_Xnc", "amenity_type": "restaurant", "amenity": "Mang Inasal CityMall Consolacion", "lgu": "Consolacion"}}, {"type": "Feature", "geometry": {"type": "Point", "coordinates": [123.9690994, 10.3793907]}, "properties": {"id": "ChIJSXYgfgCjqTMReKAxO9q89nQ", "amenity_type": "restaurant", "amenity": "Maya Bakes Me Happy", "lgu": "Consolacion"}}, {"type": "Feature", "geometry": {"type": "Point", "coordinates": [123.9541434, 10.3718762]}, "properties": {"id": "ChIJmVeaT4qjqTMRLU4O-RIrK2Y", "amenity_type": "restaurant", "amenity": "Mc & Mc Fresh Fruits and Goods", "lgu": "Consolacion"}}, {"type": "Feature", "geometry": {"type": "Point", "coordinates": [123.9614997, 10.3702479]}, "properties": {"id": "ChIJL2xa4QCjqTMRe3FT9NJIPqk", "amenity_type": "restaurant", "amenity": "Mcbread13 Convenience Store", "lgu": "Consolacion"}}, {"type": "Feature", "geometry": {"type": "Point", "coordinates": [123.962935, 10.3854683]}, "properties": {"id": "ChIJ-62O-8CjqTMRyEd7YgYZ78U", "amenity_type": "restaurant", "amenity": "Meow Meow Store", "lgu": "Consolacion"}}, {"type": "Feature", "geometry": {"type": "Point", "coordinates": [123.9688429, 10.3787167]}, "properties": {"id": "ChIJI80HYaKjqTMRhffAq3YjRqU", "amenity_type": "restaurant", "amenity": "Merai Bread and Pastry House", "lgu": "Consolacion"}}, {"type": "Feature", "geometry": {"type": "Point", "coordinates": [123.95523, 10.378543]}, "properties": {"id": "ChIJaYMDA3OjqTMRaEIu-pMKOdU", "amenity_type": "restaurant", "amenity": "Mercy Store / RB Alivio Travel & Tour", "lgu": "Consolacion"}}, {"type": "Feature", "geometry": {"type": "Point", "coordinates": [123.9643934, 10.3780897]}, "properties": {"id": "ChIJC57oxqujqTMRD4QLTuI-B3w", "amenity_type": "restaurant", "amenity": "Merlyn Eatery", "lgu": "Consolacion"}}, {"type": "Feature", "geometry": {"type": "Point", "coordinates": [123.9546606, 10.3787828]}, "properties": {"id": "ChIJq3DTEL2iqTMRg3XU__a_Uus", "amenity_type": "restaurant", "amenity": "Monet's Sari-Sari Store", "lgu": "Consolacion"}}, {"type": "Feature", "geometry": {"type": "Point", "coordinates": [123.96076, 10.3739879]}, "properties": {"id": "ChIJO4stVKSiqTMRY-VJmBs8YZA", "amenity_type": "restaurant", "amenity": "Mr. K Pandesal", "lgu": "Consolacion"}}, {"type": "Feature", "geometry": {"type": "Point", "coordinates": [123.955445, 10.3743159]}, "properties": {"id": "ChIJDXWTUqKiqTMR8fbx-T726bc", "amenity_type": "restaurant", "amenity": "Mr. Liempo", "lgu": "Consolacion"}}, {"type": "Feature", "geometry": {"type": "Point", "coordinates": [123.9750979, 10.3846405]}, "properties": {"id": "ChIJh4vPVDW9qTMRtjXccjEHyPE", "amenity_type": "restaurant", "amenity": "Mr. Liempo", "lgu": "Consolacion"}}, {"type": "Feature", "geometry": {"type": "Point", "coordinates": [123.9687593, 10.3687511]}, "properties": {"id": "ChIJCVpgLACjqTMRjq9V-gbTchQ", "amenity_type": "restaurant", "amenity": "NAWI MOBILE STOCKIST", "lgu": "Consolacion"}}, {"type": "Feature", "geometry": {"type": "Point", "coordinates": [123.9601001, 10.375207]}, "properties": {"id": "ChIJd8Kr6c2jqTMRaUtLMWMRAko", "amenity_type": "restaurant", "amenity": "Nanay Belen's Bakeshop", "lgu": "Consolacion"}}, {"type": "Feature", "geometry": {"type": "Point", "coordinates": [123.939653, 10.4275144]}, "properties": {"id": "ChIJ9Rg8J_CjqTMRQD_sJJU-Suw", "amenity_type": "cafe", "amenity": "Nanda Cafe Consolacion", "lgu": "Consolacion"}}, {"type": "Feature", "geometry": {"type": "Point", "coordinates": [123.9557946, 10.3707142]}, "properties": {"id": "ChIJN4Q7T2OjqTMRl5CJFGoqcqM", "amenity_type": "restaurant", "amenity": "NashToff Store", "lgu": "Consolacion"}}, {"type": "Feature", "geometry": {"type": "Point", "coordinates": [123.9641793, 10.3698212]}, "properties": {"id": "ChIJEX7Pl1KjqTMRVLpchRWuBS8", "amenity_type": "restaurant", "amenity": "Nathiña beauty shop/Cutea milktea", "lgu": "Consolacion"}}, {"type": "Feature", "geometry": {"type": "Point", "coordinates": [123.9657113, 10.3761916]}, "properties": {"id": "ChIJFe9K6MmjqTMRj9gJKriRs38", "amenity_type": "cafe", "amenity": "New Orleans Cafe", "lgu": "Consolacion"}}, {"type": "Feature", "geometry": {"type": "Point", "coordinates": [123.9705577, 10.3816394]}, "properties": {"id": "ChIJz81nJ4mjqTMRrEL_vPpoFB8", "amenity_type": "restaurant", "amenity": "Ngohiong Express - Consolacion", "lgu": "Consolacion"}}, {"type": "Feature", "geometry": {"type": "Point", "coordinates": [123.9716058, 10.3757444]}, "properties": {"id": "ChIJ-TBwbXOjqTMRNS41q8WtRtk", "amenity_type": "restaurant", "amenity": "Nida's Store", "lgu": "Consolacion"}}, {"type": "Feature", "geometry": {"type": "Point", "coordinates": [123.962225, 10.3745305]}, "properties": {"id": "ChIJDeWFXACjqTMRYBZ742ANExk", "amenity_type": "restaurant", "amenity": "Nik’ Smoke & Grill (2nd site)", "lgu": "Consolacion"}}, {"type": "Feature", "geometry": {"type": "Point", "coordinates": [123.980382, 10.3599227]}, "properties": {"id": "ChIJgTuep16XqTMRXMNu7Pmj7YY", "amenity_type": "cafe", "amenity": "Nineteen88 Cafe", "lgu": "Consolacion"}}, {"type": "Feature", "geometry": {"type": "Point", "coordinates": [123.922639, 10.4235971]}, "properties": {"id": "ChIJp-hpdwOjqTMR-4bkZuUrNfA", "amenity_type": "restaurant", "amenity": "North Peak Café", "lgu": "Consolacion"}}, {"type": "Feature", "geometry": {"type": "Point", "coordinates": [123.9540045, 10.3720868]}, "properties": {"id": "ChIJCeGR5rCjqTMRRYywbK3CPzo", "amenity_type": "cafe", "amenity": "NÚ Cafe", "lgu": "Consolacion"}}, {"type": "Feature", "geometry": {"type": "Point", "coordinates": [123.9690652, 10.3887874]}, "properties": {"id": "ChIJS1YqJkCjqTMRDU6gm73cN10", "amenity_type": "restaurant", "amenity": "O Siblings ShopSmart Convenience Store", "lgu": "Consolacion"}}, {"type": "Feature", "geometry": {"type": "Point", "coordinates": [123.9743928, 10.3721462]}, "properties": {"id": "ChIJ66objwqjqTMRNFPllucaUws", "amenity_type": "restaurant", "amenity": "OVERBREW", "lgu": "Consolacion"}}, {"type": "Feature", "geometry": {"type": "Point", "coordinates": [123.9561506, 10.3750475]}, "properties": {"id": "ChIJSQ2sQ7-jqTMR1Ddvx9Xtdbs", "amenity_type": "restaurant", "amenity": "Oh Flora Coffee & Flowers", "lgu": "Consolacion"}}, {"type": "Feature", "geometry": {"type": "Point", "coordinates": [123.9561488, 10.3750453]}, "properties": {"id": "ChIJJa2ozb2jqTMRRGI-uKr9kOA", "amenity_type": "cafe", "amenity": "Oh! Cafe and Patisserie", "lgu": "Consolacion"}}, {"type": "Feature", "geometry": {"type": "Point", "coordinates": [123.95831, 10.3769052]}, "properties": {"id": "ChIJoxikUVOjqTMRyUpYg2g_fkk", "amenity_type": "restaurant", "amenity": "Onepiece Chicken", "lgu": "Consolacion"}}, {"type": "Feature", "geometry": {"type": "Point", "coordinates": [123.9647829, 10.3799905]}, "properties": {"id": "ChIJIfx8VbeiqTMRof1mP5Yk8wI", "amenity_type": "restaurant", "amenity": "Orange Brutus - SM Consolacion", "lgu": "Consolacion"}}, {"type": "Feature", "geometry": {"type": "Point", "coordinates": [123.9629389, 10.3785374]}, "properties": {"id": "ChIJuevGibqiqTMR8qWmZ1hT2Kk", "amenity_type": "restaurant", "amenity": "Orosia Food Park", "lgu": "Consolacion"}}, {"type": "Feature", "geometry": {"type": "Point", "coordinates": [123.9809903, 10.3640668]}, "properties": {"id": "ChIJE_UrUquXqTMRm1p47TX5_8A", "amenity_type": "restaurant", "amenity": "Oyao Store.", "lgu": "Consolacion"}}, {"type": "Feature", "geometry": {"type": "Point", "coordinates": [123.9688668, 10.3747706]}, "properties": {"id": "ChIJrUJdDq6iqTMRIR_0vlSR1gE", "amenity_type": "restaurant", "amenity": "PANEDAR Bakeshop", "lgu": "Consolacion"}}, {"type": "Feature", "geometry": {"type": "Point", "coordinates": [123.9732634, 10.3777365]}, "properties": {"id": "ChIJo3tCBACjqTMRkHAajtlcFuA", "amenity_type": "restaurant", "amenity": "PARAGADS BAKESHOP", "lgu": "Consolacion"}}, {"type": "Feature", "geometry": {"type": "Point", "coordinates": [123.9634325, 10.3781009]}, "properties": {"id": "ChIJiZrYAMSjqTMRo35XxGoxDLQ", "amenity_type": "restaurant", "amenity": "PM's Corner", "lgu": "Consolacion"}}, {"type": "Feature", "geometry": {"type": "Point", "coordinates": [123.9653019, 10.3793401]}, "properties": {"id": "ChIJrS41MgCjqTMRP2Dbnk70s1s", "amenity_type": "restaurant", "amenity": "Pan de Manila", "lgu": "Consolacion"}}, {"type": "Feature", "geometry": {"type": "Point", "coordinates": [123.930117, 10.4285257]}, "properties": {"id": "ChIJhSfwCgSjqTMR2ufwdV4JQyA", "amenity_type": "restaurant", "amenity": "Panoypoy Heights", "lgu": "Consolacion"}}, {"type": "Feature", "geometry": {"type": "Point", "coordinates": [123.9683469, 10.3721216]}, "properties": {"id": "ChIJyXiQlq6iqTMR-A7l-UcLC04", "amenity_type": "restaurant", "amenity": "Paragads Bakeshop", "lgu": "Consolacion"}}, {"type": "Feature", "geometry": {"type": "Point", "coordinates": [123.9602669, 10.3755201]}, "properties": {"id": "ChIJlY_FwqSiqTMRjb6-fEwhpxw", "amenity_type": "restaurant", "amenity": "Park N Go Bakery", "lgu": "Consolacion"}}, {"type": "Feature", "geometry": {"type": "Point", "coordinates": [123.9633335, 10.3784085]}, "properties": {"id": "ChIJbdtLKQCjqTMRKxx5qU32EVk", "amenity_type": "restaurant", "amenity": "Pickup Coffee", "lgu": "Consolacion"}}, {"type": "Feature", "geometry": {"type": "Point", "coordinates": [123.9660332, 10.3800702]}, "properties": {"id": "ChIJYy3A2rCiqTMRMOOIKyL6BtU", "amenity_type": "restaurant", "amenity": "Pinoy Pao", "lgu": "Consolacion"}}, {"type": "Feature", "geometry": {"type": "Point", "coordinates": [123.9643828, 10.3803928]}, "properties": {"id": "ChIJXWM6qbCiqTMRfhMwO8KcWw8", "amenity_type": "restaurant", "amenity": "Potato Corner", "lgu": "Consolacion"}}, {"type": "Feature", "geometry": {"type": "Point", "coordinates": [123.9763952, 10.3710811]}, "properties": {"id": "ChIJ4Xey3BW9qTMRKYX33eLOG1w", "amenity_type": "cafe", "amenity": "Puliki Cafe", "lgu": "Consolacion"}}, {"type": "Feature", "geometry": {"type": "Point", "coordinates": [123.9589833, 10.3764825]}, "properties": {"id": "ChIJkx3uDc-jqTMRTte6T5hndZg", "amenity_type": "restaurant", "amenity": "Purple Yam consolacion", "lgu": "Consolacion"}}, {"type": "Feature", "geometry": {"type": "Point", "coordinates": [123.9700375, 10.3796722]}, "properties": {"id": "ChIJG9lDAJCjqTMRe0x_0bGAKZ0", "amenity_type": "restaurant", "amenity": "QQ Store", "lgu": "Consolacion"}}, {"type": "Feature", "geometry": {"type": "Point", "coordinates": [123.9645887, 10.3805364]}, "properties": {"id": "ChIJkZTdubCiqTMR4iyr7Q76rfM", "amenity_type": "restaurant", "amenity": "RR-SM CONSOLACION", "lgu": "Consolacion"}}, {"type": "Feature", "geometry": {"type": "Point", "coordinates": [123.9600264, 10.3748114]}, "properties": {"id": "ChIJk26ckqSiqTMRcytFH9uRElk", "amenity_type": "restaurant", "amenity": "Red Ribbon CityMall Consolacion", "lgu": "Consolacion"}}, {"type": "Feature", "geometry": {"type": "Point", "coordinates": [123.9720212, 10.379721]}, "properties": {"id": "ChIJ8Ywqf1ujqTMRlUvYAatsbd8", "amenity_type": "cafe", "amenity": "Renato's Cafe", "lgu": "Consolacion"}}, {"type": "Feature", "geometry": {"type": "Point", "coordinates": [123.9679779, 10.3742708]}, "properties": {"id": "ChIJ-cOoWxujqTMRLIjG9m6B_K4", "amenity_type": "cafe", "amenity": "Roce Cafe", "lgu": "Consolacion"}}, {"type": "Feature", "geometry": {"type": "Point", "coordinates": [123.9624583, 10.385185]}, "properties": {"id": "ChIJ4SNSU0KjqTMRBohR1QZdVc0", "amenity_type": "restaurant", "amenity": "Romel's Store", "lgu": "Consolacion"}}, {"type": "Feature", "geometry": {"type": "Point", "coordinates": [123.9640086, 10.3787009]}, "properties": {"id": "ChIJmwt7yJ6jqTMRKUv8fPv825M", "amenity_type": "restaurant", "amenity": "RuChiFe Bakeshop", "lgu": "Consolacion"}}, {"type": "Feature", "geometry": {"type": "Point", "coordinates": [123.9733113, 10.3710746]}, "properties": {"id": "ChIJxR3GeHGjqTMRrXxxENBzyww", "amenity_type": "restaurant", "amenity": "SEZE Convenience Store", "lgu": "Consolacion"}}, {"type": "Feature", "geometry": {"type": "Point", "coordinates": [123.9698807, 10.3706686]}, "properties": {"id": "ChIJ0YhSHQCjqTMRphiCbr7RTrc", "amenity_type": "restaurant", "amenity": "SLIDES - Consolacion", "lgu": "Consolacion"}}, {"type": "Feature", "geometry": {"type": "Point", "coordinates": [123.9651242, 10.379821]}, "properties": {"id": "ChIJsRpKiG-jqTMRCletfmU12TY", "amenity_type": "restaurant", "amenity": "SM Foodcourt Consolacion", "lgu": "Consolacion"}}, {"type": "Feature", "geometry": {"type": "Point", "coordinates": [123.9763952, 10.3710811]}, "properties": {"id": "ChIJ9dlMTQC9qTMR3fSJ1Xy2A10", "amenity_type": "restaurant", "amenity": "SOLING'S SARI-SARI STORE", "lgu": "Consolacion"}}, {"type": "Feature", "geometry": {"type": "Point", "coordinates": [123.9652008, 10.3802437]}, "properties": {"id": "ChIJ6353XkCjqTMRy75X2F1NYcQ", "amenity_type": "restaurant", "amenity": "STREET YARD", "lgu": "Consolacion"}}, {"type": "Feature", "geometry": {"type": "Point", "coordinates": [123.9695045, 10.3704357]}, "properties": {"id": "ChIJxwRdHhWjqTMRya09mjhWj5o", "amenity_type": "restaurant", "amenity": "Sailor eatery", "lgu": "Consolacion"}}, {"type": "Feature", "geometry": {"type": "Point", "coordinates": [123.9569626, 10.3725506]}, "properties": {"id": "ChIJeW9fl9KjqTMRNPUf113kTck", "amenity_type": "cafe", "amenity": "Scooby’s Cafe - Consolacion", "lgu": "Consolacion"}}, {"type": "Feature", "geometry": {"type": "Point", "coordinates": [123.9648443, 10.3803104]}, "properties": {"id": "ChIJYfwbzTKjqTMRzecsJ52jj80", "amenity_type": "restaurant", "amenity": "Seoul Korean Grill • Cuisine - SM City Consolacion", "lgu": "Consolacion"}}, {"type": "Feature", "geometry": {"type": "Point", "coordinates": [123.96417, 10.380616]}, "properties": {"id": "ChIJGQbSL22ZqTMRly8ZIS-lOHQ", "amenity_type": "restaurant", "amenity": "Shawarma House", "lgu": "Consolacion"}}, {"type": "Feature", "geometry": {"type": "Point", "coordinates": [123.9701907, 10.3817204]}, "properties": {"id": "ChIJDwFNPECjqTMRcmU8ofKkPPA", "amenity_type": "restaurant", "amenity": "Shell Mobility SM Consolacion", "lgu": "Consolacion"}}, {"type": "Feature", "geometry": {"type": "Point", "coordinates": [123.9663697, 10.3796789]}, "properties": {"id": "ChIJe3OL3rCiqTMRR6nLX8RZhuQ", "amenity_type": "restaurant", "amenity": "Shell SHOP", "lgu": "Consolacion"}}, {"type": "Feature", "geometry": {"type": "Point", "coordinates": [123.9657033, 10.3759473]}, "properties": {"id": "ChIJV6MUKjGjqTMRs0o205uTqss", "amenity_type": "restaurant", "amenity": "Sidescape Brunch", "lgu": "Consolacion"}}, {"type": "Feature", "geometry": {"type": "Point", "coordinates": [123.9536528, 10.3710386]}, "properties": {"id": "ChIJh3FmxKGiqTMRCSWpNYK9dSc", "amenity_type": "restaurant", "amenity": "Sindo's Lechon Manok", "lgu": "Consolacion"}}, {"type": "Feature", "geometry": {"type": "Point", "coordinates": [123.9673672, 10.3808641]}, "properties": {"id": "ChIJo9njXQCjqTMRDPvD-D1o8QU", "amenity_type": "restaurant", "amenity": "SipUp Coffee ☕", "lgu": "Consolacion"}}, {"type": "Feature", "geometry": {"type": "Point", "coordinates": [123.956212, 10.3721437]}, "properties": {"id": "ChIJ2QcDQxKjqTMROF1jOyrINbQ", "amenity_type": "restaurant", "amenity": "Sippin' Days", "lgu": "Consolacion"}}, {"type": "Feature", "geometry": {"type": "Point", "coordinates": [123.9639185, 10.3853077]}, "properties": {"id": "ChIJmacW6vyjqTMRBTFYWfjr1B0", "amenity_type": "restaurant", "amenity": "Slick Brews", "lgu": "Consolacion"}}, {"type": "Feature", "geometry": {"type": "Point", "coordinates": [123.9604392, 10.3702095]}, "properties": {"id": "ChIJ2RktFPmjqTMRA_aZa62eJco", "amenity_type": "cafe", "amenity": "Spill The Beans Cafe", "lgu": "Consolacion"}}, {"type": "Feature", "geometry": {"type": "Point", "coordinates": [123.9769812, 10.3777355]}, "properties": {"id": "ChIJw4pQZkq9qTMRrvGuedAOQuc", "amenity_type": "restaurant", "amenity": "Starback Coffee Shop", "lgu": "Consolacion"}}, {"type": "Feature", "geometry": {"type": "Point", "coordinates": [123.9617845, 10.3703288]}, "properties": {"id": "ChIJVW9eZgCjqTMReK3kllKgmyc", "amenity_type": "cafe", "amenity": "Starblack Cafe - Consolacion", "lgu": "Consolacion"}}, {"type": "Feature", "geometry": {"type": "Point", "coordinates": [123.965081, 10.3797985]}, "properties": {"id": "ChIJSeKuzmWjqTMReRviLR3qy18", "amenity_type": "restaurant", "amenity": "Starbucks SM City Consolacion", "lgu": "Consolacion"}}, {"type": "Feature", "geometry": {"type": "Point", "coordinates": [123.9581405, 10.3863243]}, "properties": {"id": "ChIJwanRE2ejqTMR_scbeoqi6Co", "amenity_type": "restaurant", "amenity": "Sulu's Coffee", "lgu": "Consolacion"}}, {"type": "Feature", "geometry": {"type": "Point", "coordinates": [123.9655879, 10.3681594]}, "properties": {"id": "ChIJXxuRHQCjqTMRQMpbNyYLrTc", "amenity_type": "restaurant", "amenity": "Sulu's Coffee Nangka Branch", "lgu": "Consolacion"}}, {"type": "Feature", "geometry": {"type": "Point", "coordinates": [123.9640068, 10.3798414]}, "properties": {"id": "ChIJeXtdFACjqTMRfCSWCKVNFDA", "amenity_type": "restaurant", "amenity": "Sunburst SM City Consolacion", "lgu": "Consolacion"}}, {"type": "Feature", "geometry": {"type": "Point", "coordinates": [123.9544052, 10.3739085]}, "properties": {"id": "ChIJYcsP8TqjqTMR-L2fF4JzHjQ", "amenity_type": "restaurant", "amenity": "Sweet Darling Milktea & More", "lgu": "Consolacion"}}, {"type": "Feature", "geometry": {"type": "Point", "coordinates": [123.9504254, 10.3742109]}, "properties": {"id": "ChIJNUE5ABmjqTMRe1Y0x6-dCN4", "amenity_type": "restaurant", "amenity": "Tasha's Korean Grill and Restaurant", "lgu": "Consolacion"}}, {"type": "Feature", "geometry": {"type": "Point", "coordinates": [123.964376, 10.3853608]}, "properties": {"id": "ChIJ8yrSRd-jqTMRdXbFx1jgaE8", "amenity_type": "restaurant", "amenity": "Tatskie Store", "lgu": "Consolacion"}}, {"type": "Feature", "geometry": {"type": "Point", "coordinates": [123.9575389, 10.3840152]}, "properties": {"id": "ChIJ78T3-mqjqTMR_-gRULNXkzE", "amenity_type": "restaurant", "amenity": "Telming's Store", "lgu": "Consolacion"}}, {"type": "Feature", "geometry": {"type": "Point", "coordinates": [123.9745477, 10.3648568]}, "properties": {"id": "ChIJXwr6BACYqTMROTzr672EuOg", "amenity_type": "restaurant", "amenity": "Temyong's Talaba", "lgu": "Consolacion"}}, {"type": "Feature", "geometry": {"type": "Point", "coordinates": [123.9671144, 10.3801201]}, "properties": {"id": "ChIJu7ak5SmjqTMR8dsLLTlhUys", "amenity_type": "restaurant", "amenity": "Tess Lechon Pitogo", "lgu": "Consolacion"}}, {"type": "Feature", "geometry": {"type": "Point", "coordinates": [123.9739565, 10.362504]}, "properties": {"id": "ChIJseO3jBuZqTMRuKtOALtTIlA", "amenity_type": "restaurant", "amenity": "The Avanti Coffee", "lgu": "Consolacion"}}, {"type": "Feature", "geometry": {"type": "Point", "coordinates": [123.9651959, 10.3791661]}, "properties": {"id": "ChIJC38pKQCjqTMR9qN-_Z1IkYE", "amenity_type": "restaurant", "amenity": "The Queen’s Cup, Consolacion", "lgu": "Consolacion"}}, {"type": "Feature", "geometry": {"type": "Point", "coordinates": [123.9626659, 10.3749204]}, "properties": {"id": "ChIJZ1k6SgCjqTMRLtBTxwIgLxY", "amenity_type": "restaurant", "amenity": "TipXY'Z Smoke and Grill", "lgu": "Consolacion"}}, {"type": "Feature", "geometry": {"type": "Point", "coordinates": [123.9593775, 10.3737133]}, "properties": {"id": "ChIJO2F7oPajqTMRq4F8XiFcSRs", "amenity_type": "restaurant", "amenity": "Tipsy Wings Consolacion", "lgu": "Consolacion"}}, {"type": "Feature", "geometry": {"type": "Point", "coordinates": [123.9737174, 10.3713011]}, "properties": {"id": "ChIJa5YXBgCjqTMRlENABKMGIT0", "amenity_type": "restaurant", "amenity": "Touch of Rosey", "lgu": "Consolacion"}}, {"type": "Feature", "geometry": {"type": "Point", "coordinates": [123.9588371, 10.3752764]}, "properties": {"id": "ChIJJzzfLgCjqTMRecrj7DHgpXU", "amenity_type": "restaurant", "amenity": "Uncle Brew", "lgu": "Consolacion"}}, {"type": "Feature", "geometry": {"type": "Point", "coordinates": [123.9547769, 10.3735843]}, "properties": {"id": "ChIJCy0brzSjqTMROUlegOg2r3g", "amenity_type": "restaurant", "amenity": "Uncle Brew Poblacion Consolacion", "lgu": "Consolacion"}}, {"type": "Feature", "geometry": {"type": "Point", "coordinates": [123.9534614, 10.3790881]}, "properties": {"id": "ChIJs90MZQCjqTMR56YrXgolv5s", "amenity_type": "restaurant", "amenity": "Uncle Brew Pulpogan", "lgu": "Consolacion"}}, {"type": "Feature", "geometry": {"type": "Point", "coordinates": [123.9658011, 10.3803219]}, "properties": {"id": "ChIJfyrMFwCjqTMR8xFtZ6pCU8A", "amenity_type": "cafe", "amenity": "Unplanned Cafe", "lgu": "Consolacion"}}, {"type": "Feature", "geometry": {"type": "Point", "coordinates": [123.9388426, 10.379279]}, "properties": {"id": "ChIJjYZsif6jqTMRB_j1Yvz7ZT8", "amenity_type": "restaurant", "amenity": "Uric Acid Carenderia", "lgu": "Consolacion"}}, {"type": "Feature", "geometry": {"type": "Point", "coordinates": [123.9670945, 10.3641167]}, "properties": {"id": "ChIJZY_3WQaYqTMRc6s4bluvjwc", "amenity_type": "restaurant", "amenity": "VILBAR RESIDENCE", "lgu": "Consolacion"}}, {"type": "Feature", "geometry": {"type": "Point", "coordinates": [123.9728042, 10.3701528]}, "properties": {"id": "ChIJq4Y-yIOjqTMRxU7D4_UDm6o", "amenity_type": "restaurant", "amenity": "Vedetian Home Goodies", "lgu": "Consolacion"}}, {"type": "Feature", "geometry": {"type": "Point", "coordinates": [123.9642857, 10.370264]}, "properties": {"id": "ChIJw6_yVaKjqTMR59BU5sE3MUY", "amenity_type": "restaurant", "amenity": "Yes Pastries", "lgu": "Consolacion"}}, {"type": "Feature", "geometry": {"type": "Point", "coordinates": [123.9835728, 10.3709386]}, "properties": {"id": "ChIJT2aOBQC9qTMRe6NS5Htt8GM", "amenity_type": "restaurant", "amenity": "Yolanda Store", "lgu": "Consolacion"}}, {"type": "Feature", "geometry": {"type": "Point", "coordinates": [123.9539518, 10.3750005]}, "properties": {"id": "ChIJ3aXpNR2jqTMRuTeAyVqV4JA", "amenity_type": "restaurant", "amenity": "Yoly's Store", "lgu": "Consolacion"}}, {"type": "Feature", "geometry": {"type": "Point", "coordinates": [123.9661243, 10.3799387]}, "properties": {"id": "ChIJHdKJNwCjqTMR1_AZRXbnsY4", "amenity_type": "restaurant", "amenity": "erikas delight bakeshop", "lgu": "Consolacion"}}, {"type": "Feature", "geometry": {"type": "Point", "coordinates": [123.9657767, 10.3757925]}, "properties": {"id": "ChIJJSOkMQWjqTMRAwvBvsTegYQ", "amenity_type": "restaurant", "amenity": "iJ's Food Hab-hab", "lgu": "Consolacion"}}, {"type": "Feature", "geometry": {"type": "Point", "coordinates": [123.9640306, 10.378725]}, "properties": {"id": "ChIJ85XG8k6jqTMR3s9CxA2J3oQ", "amenity_type": "restaurant", "amenity": "potpot", "lgu": "Consolacion"}}, {"type": "Feature", "geometry": {"type": "Point", "coordinates": [123.963836, 10.385745]}, "properties": {"id": "ChIJ-ZTo4CijqTMRB7JDCQxkhbY", "amenity_type": "restaurant", "amenity": "twits hub c”,)", "lgu": "Consolacion"}}, {"type": "Feature", "geometry": {"type": "Point", "coordinates": [123.9683205, 10.3721934]}, "properties": {"id": "ChIJ3-k78jijqTMReqLKJv0MvF0", "amenity_type": "restaurant", "amenity": "𝗨𝗡𝗟𝗜𝗠𝗜𝗧𝗘𝗗 𝗧𝗨𝗦𝗟𝗢𝗕 𝗕𝗨𝗪𝗔 - 𝗟𝗮𝗿𝗮𝘆 𝗕𝗿𝗮𝗻𝗰𝗵", "lgu": "Consolacion"}}, {"type": "Feature", "geometry": {"type": "Point", "coordinates": [123.9610696, 10.30966]}, "properties": {"id": "ChIJLTi-MwqZqTMRIfi4HP14-y0", "amenity_type": "restaurant", "amenity": "24hr Store LCDAG", "lgu": "Lapu-Lapu City"}}, {"type": "Feature", "geometry": {"type": "Point", "coordinates": [123.948439, 10.3112804]}, "properties": {"id": "ChIJ9c-xkqSZqTMRoJIPu2K70cE", "amenity_type": "restaurant", "amenity": "38 Coffee - Poblacion Lapu Lapu", "lgu": "Lapu-Lapu City"}}, {"type": "Feature", "geometry": {"type": "Point", "coordinates": [123.9501672, 10.3245063]}, "properties": {"id": "ChIJ-7gHGgCZqTMRMANerQ_NQAA", "amenity_type": "convenience_store", "amenity": "7-Eleven", "lgu": "Lapu-Lapu City"}}, {"type": "Feature", "geometry": {"type": "Point", "coordinates": [123.9513507, 10.3020097]}, "properties": {"id": "ChIJ-XL6wZKZqTMR0KhsXzCG8AI", "amenity_type": "convenience_store", "amenity": "7-Eleven", "lgu": "Lapu-Lapu City"}}, {"type": "Feature", "geometry": {"type": "Point", "coordinates": [123.9945783, 10.2838701]}, "properties": {"id": "ChIJ3aOiArWQqTMRPDbSoWLIBKY", "amenity_type": "convenience_store", "amenity": "7-Eleven", "lgu": "Lapu-Lapu City"}}, {"type": "Feature", "geometry": {"type": "Point", "coordinates": [124.0117581, 10.3078721]}, "properties": {"id": "ChIJ6yAGfhmXqTMRi8q__7pHwF0", "amenity_type": "convenience_store", "amenity": "7-Eleven", "lgu": "Lapu-Lapu City"}}, {"type": "Feature", "geometry": {"type": "Point", "coordinates": [123.9755745, 10.2961227]}, "properties": {"id": "ChIJ7ThHOyOXqTMR7t7anx777ME", "amenity_type": "convenience_store", "amenity": "7-Eleven", "lgu": "Lapu-Lapu City"}}, {"type": "Feature", "geometry": {"type": "Point", "coordinates": [123.9919037, 10.3098566]}, "properties": {"id": "ChIJ9aSB_muXqTMRnzA1GzueKVg", "amenity_type": "convenience_store", "amenity": "7-Eleven", "lgu": "Lapu-Lapu City"}}, {"type": "Feature", "geometry": {"type": "Point", "coordinates": [123.9932923, 10.301622]}, "properties": {"id": "ChIJBQCRNwCXqTMRC3VmNUtZx2Q", "amenity_type": "convenience_store", "amenity": "7-Eleven", "lgu": "Lapu-Lapu City"}}, {"type": "Feature", "geometry": {"type": "Point", "coordinates": [123.9443451, 10.2871659]}, "properties": {"id": "ChIJBbA3hyaaqTMRCGJIgnFjNl8", "amenity_type": "convenience_store", "amenity": "7-Eleven", "lgu": "Lapu-Lapu City"}}, {"type": "Feature", "geometry": {"type": "Point", "coordinates": [123.954037, 10.311403]}, "properties": {"id": "ChIJCWDuacCZqTMRqyS9NTkzR3M", "amenity_type": "convenience_store", "amenity": "7-Eleven", "lgu": "Lapu-Lapu City"}}, {"type": "Feature", "geometry": {"type": "Point", "coordinates": [123.9216876, 10.3208911]}, "properties": {"id": "ChIJD9CpVA6ZqTMRPNdfbQ7Jimk", "amenity_type": "convenience_store", "amenity": "7-Eleven", "lgu": "Lapu-Lapu City"}}, {"type": "Feature", "geometry": {"type": "Point", "coordinates": [123.9899532, 10.2908985]}, "properties": {"id": "ChIJMVKSEHuXqTMR28WHDUPG5jw", "amenity_type": "convenience_store", "amenity": "7-Eleven", "lgu": "Lapu-Lapu City"}}, {"type": "Feature", "geometry": {"type": "Point", "coordinates": [123.9784032, 10.315576]}, "properties": {"id": "ChIJNefLjC-XqTMRjwULHCJXi34", "amenity_type": "convenience_store", "amenity": "7-Eleven", "lgu": "Lapu-Lapu City"}}, {"type": "Feature", "geometry": {"type": "Point", "coordinates": [123.9433138, 10.3269117]}, "properties": {"id": "ChIJOT_LQLKZqTMRZcqI2bzTyt8", "amenity_type": "convenience_store", "amenity": "7-Eleven", "lgu": "Lapu-Lapu City"}}, {"type": "Feature", "geometry": {"type": "Point", "coordinates": [123.952301, 10.325749]}, "properties": {"id": "ChIJP7XHjLWZqTMRLhWkMVamBN8", "amenity_type": "convenience_store", "amenity": "7-Eleven", "lgu": "Lapu-Lapu City"}}, {"type": "Feature", "geometry": {"type": "Point", "coordinates": [123.9331117, 10.3260353]}, "properties": {"id": "ChIJPWVWnKmZqTMRYjymBejbUSI", "amenity_type": "convenience_store", "amenity": "7-Eleven", "lgu": "Lapu-Lapu City"}}, {"type": "Feature", "geometry": {"type": "Point", "coordinates": [123.9771719, 10.3256125]}, "properties": {"id": "ChIJW2TsmtKXqTMRUYqGY7-xiZE", "amenity_type": "convenience_store", "amenity": "7-Eleven", "lgu": "Lapu-Lapu City"}}, {"type": "Feature", "geometry": {"type": "Point", "coordinates": [123.9212076, 10.3117364]}, "properties": {"id": "ChIJW3h1csKZqTMRb5g0YkJZ1B8", "amenity_type": "convenience_store", "amenity": "7-Eleven", "lgu": "Lapu-Lapu City"}}, {"type": "Feature", "geometry": {"type": "Point", "coordinates": [123.9784419, 10.299667]}, "properties": {"id": "ChIJYbo16bKXqTMR_5IfxI_u9os", "amenity_type": "convenience_store", "amenity": "7-Eleven", "lgu": "Lapu-Lapu City"}}, {"type": "Feature", "geometry": {"type": "Point", "coordinates": [123.9317886, 10.3223756]}, "properties": {"id": "ChIJdRLxCqiZqTMRz5Nu5eN74Fo", "amenity_type": "convenience_store", "amenity": "7-Eleven", "lgu": "Lapu-Lapu City"}}, {"type": "Feature", "geometry": {"type": "Point", "coordinates": [123.9564456, 10.3126735]}, "properties": {"id": "ChIJg_RxVgCZqTMRaJtTwOmKXC8", "amenity_type": "convenience_store", "amenity": "7-Eleven", "lgu": "Lapu-Lapu City"}}, {"type": "Feature", "geometry": {"type": "Point", "coordinates": [123.9434321, 10.3056742]}, "properties": {"id": "ChIJjezfKQCZqTMR_VyY-UKfVec", "amenity_type": "convenience_store", "amenity": "7-Eleven", "lgu": "Lapu-Lapu City"}}, {"type": "Feature", "geometry": {"type": "Point", "coordinates": [123.9784782, 10.271984]}, "properties": {"id": "ChIJkXn1F6GQqTMRIa0-ak4lT1s", "amenity_type": "convenience_store", "amenity": "7-Eleven", "lgu": "Lapu-Lapu City"}}, {"type": "Feature", "geometry": {"type": "Point", "coordinates": [123.9628842, 10.3013341]}, "properties": {"id": "ChIJmzcXnO-ZqTMR_sTfiTd2-Fc", "amenity_type": "convenience_store", "amenity": "7-Eleven", "lgu": "Lapu-Lapu City"}}, {"type": "Feature", "geometry": {"type": "Point", "coordinates": [123.929626, 10.3172353]}, "properties": {"id": "ChIJn89iGgqZqTMRZOMbEPCXUf0", "amenity_type": "convenience_store", "amenity": "7-Eleven", "lgu": "Lapu-Lapu City"}}, {"type": "Feature", "geometry": {"type": "Point", "coordinates": [123.9558835, 10.3033324]}, "properties": {"id": "ChIJtf9tXOyZqTMRy77BPCXXXdM", "amenity_type": "convenience_store", "amenity": "7-Eleven", "lgu": "Lapu-Lapu City"}}, {"type": "Feature", "geometry": {"type": "Point", "coordinates": [123.9672831, 10.2908467]}, "properties": {"id": "ChIJtyql-viZqTMR3xIq0Ev4hlw", "amenity_type": "convenience_store", "amenity": "7-Eleven", "lgu": "Lapu-Lapu City"}}, {"type": "Feature", "geometry": {"type": "Point", "coordinates": [123.9632595, 10.3176766]}, "properties": {"id": "ChIJxWnbT8WZqTMRstKsuTEC8Ug", "amenity_type": "convenience_store", "amenity": "7-Eleven", "lgu": "Lapu-Lapu City"}}, {"type": "Feature", "geometry": {"type": "Point", "coordinates": [124.0095589, 10.3069695]}, "properties": {"id": "ChIJyc1kwMmXqTMRS8EGN2t2Uq4", "amenity_type": "convenience_store", "amenity": "7-Eleven", "lgu": "Lapu-Lapu City"}}, {"type": "Feature", "geometry": {"type": "Point", "coordinates": [123.9752066, 10.2747023]}, "properties": {"id": "ChIJl39FXqeQqTMRek86pzlqSpk", "amenity_type": "convenience_store", "amenity": "7-Eleven (1509) Marigondon", "lgu": "Lapu-Lapu City"}}, {"type": "Feature", "geometry": {"type": "Point", "coordinates": [123.9538634, 10.3100596]}, "properties": {"id": "ChIJRyUfJgCZqTMR7B8qmCwYzGk", "amenity_type": "convenience_store", "amenity": "7-Eleven (5365) Humay Humay Lapu Lapu", "lgu": "Lapu-Lapu City"}}, {"type": "Feature", "geometry": {"type": "Point", "coordinates": [123.9695462, 10.2846457]}, "properties": {"id": "ChIJNQZqWAGaqTMRzI6AVZOedGk", "amenity_type": "convenience_store", "amenity": "7-Eleven 1071 Savers Plaza", "lgu": "Lapu-Lapu City"}}, {"type": "Feature", "geometry": {"type": "Point", "coordinates": [123.9639199, 10.2982191]}, "properties": {"id": "ChIJnfxaGzCZqTMRamBtMe6jmLk", "amenity_type": "convenience_store", "amenity": "7-Eleven 3111 CTS Mactan", "lgu": "Lapu-Lapu City"}}, {"type": "Feature", "geometry": {"type": "Point", "coordinates": [123.9670942, 10.3204022]}, "properties": {"id": "ChIJBx46AtGZqTMRsCSTbROSO80", "amenity_type": "convenience_store", "amenity": "7-Eleven Lapu Lapu Arcade", "lgu": "Lapu-Lapu City"}}, {"type": "Feature", "geometry": {"type": "Point", "coordinates": [123.9611603, 10.3108894]}, "properties": {"id": "ChIJv9KIeACZqTMRm-g0oMqcxDo", "amenity_type": "convenience_store", "amenity": "7-Eleven Lapu-lapu Airbase", "lgu": "Lapu-Lapu City"}}, {"type": "Feature", "geometry": {"type": "Point", "coordinates": [123.9987022, 10.2953101]}, "properties": {"id": "ChIJ3ReENQ-XqTMRCEempBFTK1g", "amenity_type": "restaurant", "amenity": "7107 Restaurant", "lgu": "Lapu-Lapu City"}}, {"type": "Feature", "geometry": {"type": "Point", "coordinates": [123.9571241, 10.3130385]}, "properties": {"id": "ChIJz9eDJGqZqTMRbp3F985Le-I", "amenity_type": "restaurant", "amenity": "777 CONVENIENCE STORE", "lgu": "Lapu-Lapu City"}}, {"type": "Feature", "geometry": {"type": "Point", "coordinates": [123.9483418, 10.3131245]}, "properties": {"id": "ChIJQ2zihAqZqTMRqDfVMB45RwE", "amenity_type": "restaurant", "amenity": "777 Convenience Store", "lgu": "Lapu-Lapu City"}}, {"type": "Feature", "geometry": {"type": "Point", "coordinates": [123.9509673, 10.3241085]}, "properties": {"id": "ChIJA_DqRWCZqTMRkR6ZiIAXdMk", "amenity_type": "restaurant", "amenity": "A&M Variety Store", "lgu": "Lapu-Lapu City"}}, {"type": "Feature", "geometry": {"type": "Point", "coordinates": [123.9550397, 10.3097301]}, "properties": {"id": "ChIJk6STj4iZqTMRnku0Rqa6MRs", "amenity_type": "restaurant", "amenity": "A.C Minimart", "lgu": "Lapu-Lapu City"}}, {"type": "Feature", "geometry": {"type": "Point", "coordinates": [124.0094019, 10.3072969]}, "properties": {"id": "ChIJq-4wirKXqTMR05Ha8nm34gA", "amenity_type": "cafe", "amenity": "AT@HERE BAKERY CAFE", "lgu": "Lapu-Lapu City"}}, {"type": "Feature", "geometry": {"type": "Point", "coordinates": [123.9487756, 10.3254031]}, "properties": {"id": "ChIJe0R7dACZqTMRcflPpXYG1Fw", "amenity_type": "restaurant", "amenity": "AZ Sari-Sari Store", "lgu": "Lapu-Lapu City"}}, {"type": "Feature", "geometry": {"type": "Point", "coordinates": [123.9388932, 10.3203556]}, "properties": {"id": "ChIJkxAfG1qZqTMR0wbIgs5xyuE", "amenity_type": "restaurant", "amenity": "Abaca Baking Company® (Restaurant) - The Boardwalk - Mandani Bay, Mandaue", "lgu": "Lapu-Lapu City"}}, {"type": "Feature", "geometry": {"type": "Point", "coordinates": [123.9383414, 10.31988]}, "properties": {"id": "ChIJj_9zWQCZqTMR9chTd9Xi11k", "amenity_type": "restaurant", "amenity": "Acacia Steakhouse Mandani Bay", "lgu": "Lapu-Lapu City"}}, {"type": "Feature", "geometry": {"type": "Point", "coordinates": [123.9980829, 10.293297]}, "properties": {"id": "ChIJn7nq8LSQqTMRe_5QiKLaJ-A", "amenity_type": "restaurant", "amenity": "Ace Crab(mactan)", "lgu": "Lapu-Lapu City"}}, {"type": "Feature", "geometry": {"type": "Point", "coordinates": [123.9482395, 10.3098415]}, "properties": {"id": "ChIJ65Mfga2ZqTMR1oevw_glvJY", "amenity_type": "restaurant", "amenity": "Akapi", "lgu": "Lapu-Lapu City"}}, {"type": "Feature", "geometry": {"type": "Point", "coordinates": [123.9506127, 10.3131407]}, "properties": {"id": "ChIJ8SbZrEeZqTMRCmKBDb-RCuI", "amenity_type": "restaurant", "amenity": "Akire Foodshoppe & Catering Service", "lgu": "Lapu-Lapu City"}}, {"type": "Feature", "geometry": {"type": "Point", "coordinates": [123.947896, 10.3302407]}, "properties": {"id": "ChIJcd5Npk2YqTMR3pyAKph_qfg", "amenity_type": "restaurant", "amenity": "Albertos Pizza", "lgu": "Lapu-Lapu City"}}, {"type": "Feature", "geometry": {"type": "Point", "coordinates": [123.97684, 10.328372]}, "properties": {"id": "ChIJzQULW4CXqTMRespKnSg0gQk", "amenity_type": "restaurant", "amenity": "Allegro Restaurant", "lgu": "Lapu-Lapu City"}}, {"type": "Feature", "geometry": {"type": "Point", "coordinates": [123.9320937, 10.3236704]}, "properties": {"id": "ChIJyRmmscqZqTMRHqhyw4vGNyM", "amenity_type": "restaurant", "amenity": "Amaretto", "lgu": "Lapu-Lapu City"}}, {"type": "Feature", "geometry": {"type": "Point", "coordinates": [123.9620672, 10.3006923]}, "properties": {"id": "ChIJNXhGue-ZqTMRfqG27Ms7eQE", "amenity_type": "restaurant", "amenity": "Andok's Basak", "lgu": "Lapu-Lapu City"}}, {"type": "Feature", "geometry": {"type": "Point", "coordinates": [123.9185478, 10.312247]}, "properties": {"id": "ChIJAQAAcG2ZqTMRn1Z1fgLH5WU", "amenity_type": "restaurant", "amenity": "Anitas Home Bakeshop - SM Cebu", "lgu": "Lapu-Lapu City"}}, {"type": "Feature", "geometry": {"type": "Point", "coordinates": [123.968863, 10.316701]}, "properties": {"id": "ChIJPSKuGdqZqTMRHe2cSRGCaLs", "amenity_type": "restaurant", "amenity": "Arbee's Bakeshop", "lgu": "Lapu-Lapu City"}}, {"type": "Feature", "geometry": {"type": "Point", "coordinates": [123.9506738, 10.3107891]}, "properties": {"id": "ChIJEy9ZLJSZqTMR8FxvNkELz-w", "amenity_type": "restaurant", "amenity": "Ason Painitan", "lgu": "Lapu-Lapu City"}}, {"type": "Feature", "geometry": {"type": "Point", "coordinates": [123.9563994, 10.3127761]}, "properties": {"id": "ChIJjeI3JwCZqTMRcHNJ3rGNVho", "amenity_type": "restaurant", "amenity": "BLUE ENERGY SIBIN ILIBIN (5291)", "lgu": "Lapu-Lapu City"}}, {"type": "Feature", "geometry": {"type": "Point", "coordinates": [123.9887401, 10.3122325]}, "properties": {"id": "ChIJnYNZDACXqTMRjOIB6605fV4", "amenity_type": "restaurant", "amenity": "BON COFFEESHOP", "lgu": "Lapu-Lapu City"}}, {"type": "Feature", "geometry": {"type": "Point", "coordinates": [123.95192, 10.3099603]}, "properties": {"id": "ChIJY-f4GFqZqTMR4CU6fxG0SRI", "amenity_type": "cafe", "amenity": "BOOQIE'S Cafe", "lgu": "Lapu-Lapu City"}}, {"type": "Feature", "geometry": {"type": "Point", "coordinates": [123.9633441, 10.3006509]}, "properties": {"id": "ChIJ09kQj--ZqTMRdnj7LkWA1hg", "amenity_type": "restaurant", "amenity": "Bacolod's Bongbong's Finest Delicacies", "lgu": "Lapu-Lapu City"}}, {"type": "Feature", "geometry": {"type": "Point", "coordinates": [123.945877, 10.2900719]}, "properties": {"id": "ChIJWabfPSeaqTMR0qjYy7nc3wQ", "amenity_type": "restaurant", "amenity": "BakerStreet", "lgu": "Lapu-Lapu City"}}, {"type": "Feature", "geometry": {"type": "Point", "coordinates": [123.9486836, 10.3129332]}, "properties": {"id": "ChIJkUBiN3WZqTMRNmdUZSTXSPE", "amenity_type": "cafe", "amenity": "Basdako Cafe", "lgu": "Lapu-Lapu City"}}, {"type": "Feature", "geometry": {"type": "Point", "coordinates": [123.94322, 10.3298125]}, "properties": {"id": "ChIJJWY-z7KZqTMRwQ1Mw7sZP2I", "amenity_type": "restaurant", "amenity": "Bebong's Cakes and Pastries", "lgu": "Lapu-Lapu City"}}, {"type": "Feature", "geometry": {"type": "Point", "coordinates": [123.9612702, 10.3108117]}, "properties": {"id": "ChIJeerW-cKZqTMRcne6rcRWTQc", "amenity_type": "restaurant", "amenity": "Bellyciously Delicious Mr. Liempo", "lgu": "Lapu-Lapu City"}}, {"type": "Feature", "geometry": {"type": "Point", "coordinates": [123.9602812, 10.3061596]}, "properties": {"id": "ChIJcUByD-mZqTMRpnXLrOhr3RM", "amenity_type": "restaurant", "amenity": "Best Brew", "lgu": "Lapu-Lapu City"}}, {"type": "Feature", "geometry": {"type": "Point", "coordinates": [123.9181856, 10.3120113]}, "properties": {"id": "ChIJ3Q-PjG2ZqTMRkgGPwzEuf3E", "amenity_type": "restaurant", "amenity": "Bo's Coffee (Fiesta Strip)", "lgu": "Lapu-Lapu City"}}, {"type": "Feature", "geometry": {"type": "Point", "coordinates": [123.979044, 10.315631]}, "properties": {"id": "ChIJJ0XSOGOXqTMR45BfGNsqKU4", "amenity_type": "restaurant", "amenity": "Bo's Coffee (Mactan)", "lgu": "Lapu-Lapu City"}}, {"type": "Feature", "geometry": {"type": "Point", "coordinates": [123.9340964, 10.3254178]}, "properties": {"id": "ChIJ7R7bMKmZqTMRg8qHC3C-pSA", "amenity_type": "restaurant", "amenity": "Bo's Coffee (Parkmall)", "lgu": "Lapu-Lapu City"}}, {"type": "Feature", "geometry": {"type": "Point", "coordinates": [123.9623145, 10.3023152]}, "properties": {"id": "ChIJxZVwDe-ZqTMROe5uoNq1A6g", "amenity_type": "restaurant", "amenity": "Bo's Coffee (Pueblo Verde)", "lgu": "Lapu-Lapu City"}}, {"type": "Feature", "geometry": {"type": "Point", "coordinates": [123.9843803, 10.3051871]}, "properties": {"id": "ChIJ7f2HbF2XqTMRmcS332z6Tco", "amenity_type": "restaurant", "amenity": "Bo's Coffee (SM Consolacion)", "lgu": "Lapu-Lapu City"}}, {"type": "Feature", "geometry": {"type": "Point", "coordinates": [123.968717, 10.2872747]}, "properties": {"id": "ChIJ6xMYNQCbqTMRxTNswchro7U", "amenity_type": "restaurant", "amenity": "Bo’s Coffee (Basak Market)", "lgu": "Lapu-Lapu City"}}, {"type": "Feature", "geometry": {"type": "Point", "coordinates": [123.940978, 10.327183]}, "properties": {"id": "ChIJq9sPja2ZqTMRmS_erdbXGrI", "amenity_type": "restaurant", "amenity": "Bread Cottage", "lgu": "Lapu-Lapu City"}}, {"type": "Feature", "geometry": {"type": "Point", "coordinates": [123.9191756, 10.3124322]}, "properties": {"id": "ChIJmxDjCG2ZqTMRQX34aAdbDik", "amenity_type": "restaurant", "amenity": "BreadTalk", "lgu": "Lapu-Lapu City"}}, {"type": "Feature", "geometry": {"type": "Point", "coordinates": [123.9327309, 10.3268902]}, "properties": {"id": "ChIJ9YbDKaqZqTMRdt49oPZl4ZM", "amenity_type": "restaurant", "amenity": "Buffet 101", "lgu": "Lapu-Lapu City"}}, {"type": "Feature", "geometry": {"type": "Point", "coordinates": [123.9990428, 10.2821566]}, "properties": {"id": "ChIJJynwsRyRqTMRlJVO34PfZo4", "amenity_type": "restaurant", "amenity": "Buko Seaside bar and Restaurant", "lgu": "Lapu-Lapu City"}}, {"type": "Feature", "geometry": {"type": "Point", "coordinates": [123.9500011, 10.3136542]}, "properties": {"id": "ChIJJ6vdTQCZqTMRaa5hcvUNW_8", "amenity_type": "restaurant", "amenity": "CA PE KA", "lgu": "Lapu-Lapu City"}}, {"type": "Feature", "geometry": {"type": "Point", "coordinates": [123.9326474, 10.3263259]}, "properties": {"id": "ChIJwcBxqCyZqTMRxuxDvpQEYZE", "amenity_type": "cafe", "amenity": "CAP Daily Cafe - Mandaue", "lgu": "Lapu-Lapu City"}}, {"type": "Feature", "geometry": {"type": "Point", "coordinates": [123.9176463, 10.3097778]}, "properties": {"id": "ChIJ-xs53G2ZqTMRFsyZ8r1p1Ns", "amenity_type": "restaurant", "amenity": "CNT Lechon - SM Cebu Across", "lgu": "Lapu-Lapu City"}}, {"type": "Feature", "geometry": {"type": "Point", "coordinates": [124.0095137, 10.3074498]}, "properties": {"id": "ChIJtQwPoJ6XqTMRTb-CyrXlfpQ", "amenity_type": "restaurant", "amenity": "CRACKIN' CRAB CEBU", "lgu": "Lapu-Lapu City"}}, {"type": "Feature", "geometry": {"type": "Point", "coordinates": [123.9194676, 10.3117493]}, "properties": {"id": "ChIJU-08vm2ZqTMRXNE7HOcdZqg", "amenity_type": "restaurant", "amenity": "Cabalen", "lgu": "Lapu-Lapu City"}}, {"type": "Feature", "geometry": {"type": "Point", "coordinates": [124.0231901, 10.3099535]}, "properties": {"id": "ChIJAxPWL7eXqTMRnAmytLofdiU", "amenity_type": "restaurant", "amenity": "Cabana Restaurant", "lgu": "Lapu-Lapu City"}}, {"type": "Feature", "geometry": {"type": "Point", "coordinates": [123.9698808, 10.2858047]}, "properties": {"id": "ChIJSbLtbwCbqTMRvHVfBPliTmg", "amenity_type": "cafe", "amenity": "Cafe Mafia Lapu-Lapu", "lgu": "Lapu-Lapu City"}}, {"type": "Feature", "geometry": {"type": "Point", "coordinates": [123.9330044, 10.326121]}, "properties": {"id": "ChIJGa3hnKmZqTMRm1B9QgnCEgE", "amenity_type": "cafe", "amenity": "Cafe Namoo", "lgu": "Lapu-Lapu City"}}, {"type": "Feature", "geometry": {"type": "Point", "coordinates": [123.9980195, 10.2858849]}, "properties": {"id": "ChIJey5ACjaXqTMRdcAXeiMkqjQ", "amenity_type": "cafe", "amenity": "Cafe Point Roasters Cafe", "lgu": "Lapu-Lapu City"}}, {"type": "Feature", "geometry": {"type": "Point", "coordinates": [123.9496547, 10.3121123]}, "properties": {"id": "ChIJf9OUTb6ZqTMRQeHHq9JIl1s", "amenity_type": "cafe", "amenity": "Cafe ROQ", "lgu": "Lapu-Lapu City"}}, {"type": "Feature", "geometry": {"type": "Point", "coordinates": [123.9982891, 10.2938295]}, "properties": {"id": "ChIJF3ACXT2XqTMR3JW7Cvc-Jd0", "amenity_type": "cafe", "amenity": "Cafe Soom", "lgu": "Lapu-Lapu City"}}, {"type": "Feature", "geometry": {"type": "Point", "coordinates": [123.9632449, 10.3011839]}, "properties": {"id": "ChIJHZtQhO-ZqTMRgF6gn8WR2nU", "amenity_type": "cafe", "amenity": "Cafe Talk", "lgu": "Lapu-Lapu City"}}, {"type": "Feature", "geometry": {"type": "Point", "coordinates": [123.9366963, 10.3248354]}, "properties": {"id": "ChIJG5Flxa6ZqTMRtgQZxhwkyXc", "amenity_type": "cafe", "amenity": "Cafe bai", "lgu": "Lapu-Lapu City"}}, {"type": "Feature", "geometry": {"type": "Point", "coordinates": [123.9776119, 10.3259309]}, "properties": {"id": "ChIJ4Q7TsA0GqTMRvsP02XWi7G4", "amenity_type": "cafe", "amenity": "Cafe de France Bakeshop Inc.", "lgu": "Lapu-Lapu City"}}, {"type": "Feature", "geometry": {"type": "Point", "coordinates": [123.917981, 10.312254]}, "properties": {"id": "ChIJE8Ywd22ZqTMRi-DvGhBNoFo", "amenity_type": "restaurant", "amenity": "Cakes R' Us", "lgu": "Lapu-Lapu City"}}, {"type": "Feature", "geometry": {"type": "Point", "coordinates": [123.9335595, 10.3256971]}, "properties": {"id": "ChIJ5z-JCqmZqTMRPVmylCqrVHY", "amenity_type": "restaurant", "amenity": "Cebu's Original Lechon Belly", "lgu": "Lapu-Lapu City"}}, {"type": "Feature", "geometry": {"type": "Point", "coordinates": [123.9790861, 10.3157029]}, "properties": {"id": "ChIJI-EScZyXqTMRiI3LKO-6ePU", "amenity_type": "restaurant", "amenity": "Cebu's Original Lechon Belly", "lgu": "Lapu-Lapu City"}}, {"type": "Feature", "geometry": {"type": "Point", "coordinates": [123.955312, 10.312851]}, "properties": {"id": "ChIJUaGAIcGZqTMRApyP5NOp9mI", "amenity_type": "restaurant", "amenity": "Cebu's Original Lechon Belly", "lgu": "Lapu-Lapu City"}}, {"type": "Feature", "geometry": {"type": "Point", "coordinates": [123.9810806, 10.2977919]}, "properties": {"id": "ChIJdQzpef6cqTMRxoaoH9uauWw", "amenity_type": "restaurant", "amenity": "Chef Ro-J Cuisine", "lgu": "Lapu-Lapu City"}}, {"type": "Feature", "geometry": {"type": "Point", "coordinates": [123.9538069, 10.3236018]}, "properties": {"id": "ChIJvc2J2xWZqTMRmSuKGFVRIco", "amenity_type": "restaurant", "amenity": "Cherry Store", "lgu": "Lapu-Lapu City"}}, {"type": "Feature", "geometry": {"type": "Point", "coordinates": [123.933941, 10.324897]}, "properties": {"id": "ChIJq68JEKmZqTMRV5Eyg9vS1mU", "amenity_type": "restaurant", "amenity": "Chewy Junior", "lgu": "Lapu-Lapu City"}}, {"type": "Feature", "geometry": {"type": "Point", "coordinates": [123.9341005, 10.3258532]}, "properties": {"id": "ChIJcy6RC6mZqTMRMmqxYFEuBZs", "amenity_type": "restaurant", "amenity": "Chika-an Cebuano Kitchen - Parkmall", "lgu": "Lapu-Lapu City"}}, {"type": "Feature", "geometry": {"type": "Point", "coordinates": [123.9554421, 10.3129767]}, "properties": {"id": "ChIJ7VJbHZWZqTMR0PzuNd4VOu0", "amenity_type": "cafe", "amenity": "Chikowo Cafe", "lgu": "Lapu-Lapu City"}}, {"type": "Feature", "geometry": {"type": "Point", "coordinates": [123.935139, 10.325227]}, "properties": {"id": "ChIJAa1ROKmZqTMR2ckEgd-4Tyc", "amenity_type": "restaurant", "amenity": "Choobi Choobi", "lgu": "Lapu-Lapu City"}}, {"type": "Feature", "geometry": {"type": "Point", "coordinates": [123.9615891, 10.3025401]}, "properties": {"id": "ChIJY-g0Gu-ZqTMRNEpAEoBNgR8", "amenity_type": "restaurant", "amenity": "Choobi Choobi", "lgu": "Lapu-Lapu City"}}, {"type": "Feature", "geometry": {"type": "Point", "coordinates": [123.9630803, 10.3170196]}, "properties": {"id": "ChIJKec2R8WZqTMRU262wl8va7Q", "amenity_type": "restaurant", "amenity": "Chowking Gaisano Mactan", "lgu": "Lapu-Lapu City"}}, {"type": "Feature", "geometry": {"type": "Point", "coordinates": [123.9488265, 10.310975]}, "properties": {"id": "ChIJ8-wUI76ZqTMR-ghxtcf4QQU", "amenity_type": "restaurant", "amenity": "Christopher store", "lgu": "Lapu-Lapu City"}}, {"type": "Feature", "geometry": {"type": "Point", "coordinates": [124.0220977, 10.3104602]}, "properties": {"id": "ChIJX6VkJACXqTMRi1XraH3nI2E", "amenity_type": "restaurant", "amenity": "Coco Cebu Restaurant", "lgu": "Lapu-Lapu City"}}, {"type": "Feature", "geometry": {"type": "Point", "coordinates": [124.0074375, 10.3041875]}, "properties": {"id": "ChIJjbPVQCiXqTMRCxiD3QPC38g", "amenity_type": "cafe", "amenity": "Cocolicious Cafe", "lgu": "Lapu-Lapu City"}}, {"type": "Feature", "geometry": {"type": "Point", "coordinates": [123.9793879, 10.3161939]}, "properties": {"id": "ChIJrUA8OmOXqTMRbVe0hybQkMs", "amenity_type": "restaurant", "amenity": "Coffee Dream", "lgu": "Lapu-Lapu City"}}, {"type": "Feature", "geometry": {"type": "Point", "coordinates": [123.9484835, 10.3249406]}, "properties": {"id": "ChIJo7STAJmZqTMRSAs9YaR1aQc", "amenity_type": "restaurant", "amenity": "Coffee Postal Express 6014", "lgu": "Lapu-Lapu City"}}, {"type": "Feature", "geometry": {"type": "Point", "coordinates": [123.958102, 10.3127985]}, "properties": {"id": "ChIJXXKS3ICZqTMRQvJu6r7EBr0", "amenity_type": "restaurant", "amenity": "Coffee Shop", "lgu": "Lapu-Lapu City"}}, {"type": "Feature", "geometry": {"type": "Point", "coordinates": [123.9341772, 10.321328]}, "properties": {"id": "ChIJV_xxcgCZqTMRZaf_gmBa2sI", "amenity_type": "restaurant", "amenity": "Coffee Spot", "lgu": "Lapu-Lapu City"}}, {"type": "Feature", "geometry": {"type": "Point", "coordinates": [123.9761934, 10.3263938]}, "properties": {"id": "ChIJCWLI9H-XqTMRFi4bg7qI2ZI", "amenity_type": "restaurant", "amenity": "CookPub - Cebu Mactan 쿡펍 막탄점", "lgu": "Lapu-Lapu City"}}, {"type": "Feature", "geometry": {"type": "Point", "coordinates": [123.948029, 10.3107897]}, "properties": {"id": "ChIJMVkhKaSZqTMRNZ29yoXEtm0", "amenity_type": "restaurant", "amenity": "Corner Store", "lgu": "Lapu-Lapu City"}}, {"type": "Feature", "geometry": {"type": "Point", "coordinates": [124.0211489, 10.3059546]}, "properties": {"id": "ChIJ2aQvC-KWqTMR5I3oWKMBi_4", "amenity_type": "restaurant", "amenity": "Cowrie Cove at Shangri-La Mactan, Cebu", "lgu": "Lapu-Lapu City"}}, {"type": "Feature", "geometry": {"type": "Point", "coordinates": [123.9506168, 10.3243565]}, "properties": {"id": "ChIJ-TuqcLaZqTMRpbhA7Rsfw3M", "amenity_type": "restaurant", "amenity": "Daisy Convenience Store", "lgu": "Lapu-Lapu City"}}, {"type": "Feature", "geometry": {"type": "Point", "coordinates": [123.9514014, 10.3128158]}, "properties": {"id": "ChIJQ6ph1zCZqTMR5fn_WqfYRw0", "amenity_type": "cafe", "amenity": "Dayun Cafe", "lgu": "Lapu-Lapu City"}}, {"type": "Feature", "geometry": {"type": "Point", "coordinates": [124.0361392, 10.3199996]}, "properties": {"id": "ChIJb4TcJ1qXqTMRiHBq7vdPH4Y", "amenity_type": "restaurant", "amenity": "Dip (Nikkei Restaurant)", "lgu": "Lapu-Lapu City"}}, {"type": "Feature", "geometry": {"type": "Point", "coordinates": [123.931985, 10.3235461]}, "properties": {"id": "ChIJB3BVqxCZqTMRbKBR_BmWHuQ", "amenity_type": "restaurant", "amenity": "Dr. Coffee - JamesTown", "lgu": "Lapu-Lapu City"}}, {"type": "Feature", "geometry": {"type": "Point", "coordinates": [123.9776145, 10.3258809]}, "properties": {"id": "ChIJCbj-g3-XqTMRutCn68Wwzwo", "amenity_type": "restaurant", "amenity": "Dunkin Donuts", "lgu": "Lapu-Lapu City"}}, {"type": "Feature", "geometry": {"type": "Point", "coordinates": [123.9633351, 10.3006869]}, "properties": {"id": "ChIJ7xV1ku-ZqTMRe-R4RjVOT7I", "amenity_type": "restaurant", "amenity": "Dunkin'", "lgu": "Lapu-Lapu City"}}, {"type": "Feature", "geometry": {"type": "Point", "coordinates": [123.951075, 10.3112809]}, "properties": {"id": "ChIJczjkwL-ZqTMR9yK7DXvLSDk", "amenity_type": "restaurant", "amenity": "Dunkin' Donuts", "lgu": "Lapu-Lapu City"}}, {"type": "Feature", "geometry": {"type": "Point", "coordinates": [123.9793584, 10.3161526]}, "properties": {"id": "ChIJLfkxU2GXqTMR9mcVNcCfRqY", "amenity_type": "restaurant", "amenity": "Dunkin' Donuts| MCIA Departure", "lgu": "Lapu-Lapu City"}}, {"type": "Feature", "geometry": {"type": "Point", "coordinates": [123.9175452, 10.3114254]}, "properties": {"id": "ChIJjbuWlW2ZqTMR4RqmlN-HRGo", "amenity_type": "restaurant", "amenity": "Dunkin'donuts SM City Cebu", "lgu": "Lapu-Lapu City"}}, {"type": "Feature", "geometry": {"type": "Point", "coordinates": [123.9522407, 10.3070641]}, "properties": {"id": "ChIJtfJSEpOZqTMRwpxDEPGsInk", "amenity_type": "restaurant", "amenity": "EA STORE", "lgu": "Lapu-Lapu City"}}, {"type": "Feature", "geometry": {"type": "Point", "coordinates": [123.9973789, 10.2824326]}, "properties": {"id": "ChIJVRPidCyRqTMRX-zeKNyniY8", "amenity_type": "restaurant", "amenity": "ENCANTO RESTO BAR", "lgu": "Lapu-Lapu City"}}, {"type": "Feature", "geometry": {"type": "Point", "coordinates": [123.9569894, 10.3111391]}, "properties": {"id": "ChIJ1zL1cQCZqTMRyYhTJfiL9f4", "amenity_type": "restaurant", "amenity": "Edna Store", "lgu": "Lapu-Lapu City"}}, {"type": "Feature", "geometry": {"type": "Point", "coordinates": [123.9497344, 10.3109625]}, "properties": {"id": "ChIJtbaaRQCZqTMRCceOcr3a8I0", "amenity_type": "restaurant", "amenity": "Edwin Perodes Store", "lgu": "Lapu-Lapu City"}}, {"type": "Feature", "geometry": {"type": "Point", "coordinates": [123.9340869, 10.3213673]}, "properties": {"id": "ChIJa6thCYqZqTMR05fd3ay1R_k", "amenity_type": "restaurant", "amenity": "Elevate Coffee", "lgu": "Lapu-Lapu City"}}, {"type": "Feature", "geometry": {"type": "Point", "coordinates": [123.9608592, 10.3024964]}, "properties": {"id": "ChIJzcMz4-6ZqTMR7vOqlq-3R-U", "amenity_type": "restaurant", "amenity": "Eloisa Royal Suites", "lgu": "Lapu-Lapu City"}}, {"type": "Feature", "geometry": {"type": "Point", "coordinates": [123.9505159, 10.3116866]}, "properties": {"id": "ChIJiaFIt7-ZqTMRbjb9Ev2JltE", "amenity_type": "restaurant", "amenity": "FRY8 Corndog Food and Beverage Stall", "lgu": "Lapu-Lapu City"}}, {"type": "Feature", "geometry": {"type": "Point", "coordinates": [123.9622528, 10.3021007]}, "properties": {"id": "ChIJL4qxDe-ZqTMR4zoc-adPNvk", "amenity_type": "restaurant", "amenity": "Famous Belgian", "lgu": "Lapu-Lapu City"}}, {"type": "Feature", "geometry": {"type": "Point", "coordinates": [123.9339699, 10.32494]}, "properties": {"id": "ChIJGU4TEKmZqTMRKZXasjSY1Cg", "amenity_type": "restaurant", "amenity": "Famous Belgian Waffles", "lgu": "Lapu-Lapu City"}}, {"type": "Feature", "geometry": {"type": "Point", "coordinates": [123.945189, 10.2901476]}, "properties": {"id": "ChIJj-pnZQCbqTMRRitIox0k0wU", "amenity_type": "restaurant", "amenity": "Fika Brew Coffee House", "lgu": "Lapu-Lapu City"}}, {"type": "Feature", "geometry": {"type": "Point", "coordinates": [123.9875441, 10.3049907]}, "properties": {"id": "ChIJYzmDNciXqTMR9iO0I5VcA-w", "amenity_type": "restaurant", "amenity": "Flavour Coffee Station", "lgu": "Lapu-Lapu City"}}, {"type": "Feature", "geometry": {"type": "Point", "coordinates": [123.9589512, 10.3111421]}, "properties": {"id": "ChIJVej2LgCZqTMRD2xyJYOhn2k", "amenity_type": "restaurant", "amenity": "GDC Store", "lgu": "Lapu-Lapu City"}}, {"type": "Feature", "geometry": {"type": "Point", "coordinates": [123.9518266, 10.3140592]}, "properties": {"id": "ChIJie2TGTGZqTMR1tJYEqxAKoo", "amenity_type": "restaurant", "amenity": "Gabrielle Store", "lgu": "Lapu-Lapu City"}}, {"type": "Feature", "geometry": {"type": "Point", "coordinates": [123.9187097, 10.3104775]}, "properties": {"id": "ChIJqaBjb22ZqTMRkEy3GVCgQw0", "amenity_type": "restaurant", "amenity": "Gelatissimo - SM City Cebu", "lgu": "Lapu-Lapu City"}}, {"type": "Feature", "geometry": {"type": "Point", "coordinates": [123.9985928, 10.2916263]}, "properties": {"id": "ChIJMwbEbkyXqTMRjWOexkbVtA4", "amenity_type": "restaurant", "amenity": "Gold Mango Grill & Restaurant", "lgu": "Lapu-Lapu City"}}, {"type": "Feature", "geometry": {"type": "Point", "coordinates": [123.949652, 10.3106119]}, "properties": {"id": "ChIJ00_rK76ZqTMRfHbmIqMDk3k", "amenity_type": "restaurant", "amenity": "Goldilocks", "lgu": "Lapu-Lapu City"}}, {"type": "Feature", "geometry": {"type": "Point", "coordinates": [123.955467, 10.313207]}, "properties": {"id": "ChIJYdwj4MCZqTMRnwUjzCvSrdY", "amenity_type": "restaurant", "amenity": "Goldilocks", "lgu": "Lapu-Lapu City"}}, {"type": "Feature", "geometry": {"type": "Point", "coordinates": [123.9699199, 10.286462]}, "properties": {"id": "ChIJiw-vgwGaqTMR2Ad1r95yV5k", "amenity_type": "restaurant", "amenity": "Goldilocks", "lgu": "Lapu-Lapu City"}}, {"type": "Feature", "geometry": {"type": "Point", "coordinates": [123.952472, 10.310748]}, "properties": {"id": "ChIJx48Q97-ZqTMR1eCu4P4Kg8M", "amenity_type": "restaurant", "amenity": "Goldilocks", "lgu": "Lapu-Lapu City"}}, {"type": "Feature", "geometry": {"type": "Point", "coordinates": [123.9343235, 10.325233]}, "properties": {"id": "ChIJy6FIaqmZqTMRj4uqAtIip-k", "amenity_type": "restaurant", "amenity": "Goldilocks", "lgu": "Lapu-Lapu City"}}, {"type": "Feature", "geometry": {"type": "Point", "coordinates": [123.9626289, 10.3172804]}, "properties": {"id": "ChIJp0AUOMWZqTMRrX76szBSX4A", "amenity_type": "restaurant", "amenity": "Goldilocks Bakeshop - Gaisano Mactan", "lgu": "Lapu-Lapu City"}}, {"type": "Feature", "geometry": {"type": "Point", "coordinates": [123.93398, 10.32532]}, "properties": {"id": "ChIJlXpeEqmZqTMRfFYkNXJTpos", "amenity_type": "restaurant", "amenity": "Goto King", "lgu": "Lapu-Lapu City"}}, {"type": "Feature", "geometry": {"type": "Point", "coordinates": [123.9491331, 10.3132479]}, "properties": {"id": "ChIJkVUYoN2ZqTMRyDxybB-lJnU", "amenity_type": "restaurant", "amenity": "Grainsmart Café Opon", "lgu": "Lapu-Lapu City"}}, {"type": "Feature", "geometry": {"type": "Point", "coordinates": [123.9178164, 10.3114191]}, "properties": {"id": "ChIJ9cxWIACZqTMRJz71j3oHwuo", "amenity_type": "restaurant", "amenity": "Halo-Halo Story (SM City Cebu Branch)", "lgu": "Lapu-Lapu City"}}, {"type": "Feature", "geometry": {"type": "Point", "coordinates": [123.9219571, 10.320954]}, "properties": {"id": "ChIJWUPKA0KZqTMRmHl4BnEIRXA", "amenity_type": "restaurant", "amenity": "Handuraw Pizza Mandaue", "lgu": "Lapu-Lapu City"}}, {"type": "Feature", "geometry": {"type": "Point", "coordinates": [123.9777818, 10.3240978]}, "properties": {"id": "ChIJOUHXX_KXqTMR3rq5NuT30wk", "amenity_type": "restaurant", "amenity": "Hollys Coffee", "lgu": "Lapu-Lapu City"}}, {"type": "Feature", "geometry": {"type": "Point", "coordinates": [123.9767804, 10.3285045]}, "properties": {"id": "ChIJQcp0hBmXqTMRFcsQp201ihY", "amenity_type": "restaurant", "amenity": "Hungry Steak", "lgu": "Lapu-Lapu City"}}, {"type": "Feature", "geometry": {"type": "Point", "coordinates": [123.9530609, 10.3106065]}, "properties": {"id": "ChIJvdU67wGZqTMRNNER1PsLlnU", "amenity_type": "restaurant", "amenity": "Hybrid Coffee", "lgu": "Lapu-Lapu City"}}, {"type": "Feature", "geometry": {"type": "Point", "coordinates": [123.9504656, 10.309405]}, "properties": {"id": "ChIJG_IjMgCZqTMRdDL1lp53d-o", "amenity_type": "cafe", "amenity": "Isla del Cafe Lapulapu", "lgu": "Lapu-Lapu City"}}, {"type": "Feature", "geometry": {"type": "Point", "coordinates": [123.918601, 10.310984]}, "properties": {"id": "ChIJ1R7vj22ZqTMRHW6v8rrSO6Y", "amenity_type": "restaurant", "amenity": "J.CO Donuts & Coffee", "lgu": "Lapu-Lapu City"}}, {"type": "Feature", "geometry": {"type": "Point", "coordinates": [123.9697385, 10.3221917]}, "properties": {"id": "ChIJH0_8q9aZqTMRluNg6YztK_g", "amenity_type": "restaurant", "amenity": "Jalslee's Grill", "lgu": "Lapu-Lapu City"}}, {"type": "Feature", "geometry": {"type": "Point", "coordinates": [123.948029, 10.3107897]}, "properties": {"id": "ChIJIdhse2qZqTMR9LSaI5x5HXo", "amenity_type": "restaurant", "amenity": "Jlay sarisari store", "lgu": "Lapu-Lapu City"}}, {"type": "Feature", "geometry": {"type": "Point", "coordinates": [123.9499804, 10.3100611]}, "properties": {"id": "ChIJK9kRg5WZqTMRtY-sAF53KxY", "amenity_type": "restaurant", "amenity": "Jollibee", "lgu": "Lapu-Lapu City"}}, {"type": "Feature", "geometry": {"type": "Point", "coordinates": [123.9263512, 10.3199469]}, "properties": {"id": "ChIJl-oN-guZqTMR7ANJrQSCyS4", "amenity_type": "restaurant", "amenity": "Jollibee", "lgu": "Lapu-Lapu City"}}, {"type": "Feature", "geometry": {"type": "Point", "coordinates": [123.9352709, 10.3248841]}, "properties": {"id": "ChIJNU6dMKmZqTMRGwJnGug1y6g", "amenity_type": "restaurant", "amenity": "Jollibee – Parkmall", "lgu": "Lapu-Lapu City"}}, {"type": "Feature", "geometry": {"type": "Point", "coordinates": [123.9612173, 10.3113179]}, "properties": {"id": "ChIJu2KvRKuZqTMRPTZHspc8UK8", "amenity_type": "restaurant", "amenity": "JollyMart Convenience Store", "lgu": "Lapu-Lapu City"}}, {"type": "Feature", "geometry": {"type": "Point", "coordinates": [123.934769, 10.3247248]}, "properties": {"id": "ChIJHRNfCamZqTMRIWYPptAka3M", "amenity_type": "restaurant", "amenity": "Joven's Grill & Seafood", "lgu": "Lapu-Lapu City"}}, {"type": "Feature", "geometry": {"type": "Point", "coordinates": [123.9495876, 10.310787]}, "properties": {"id": "ChIJcYTLLb6ZqTMRTXLDCpC4yzI", "amenity_type": "restaurant", "amenity": "Julie's Bakeshop S.Osmena, Lapulapu", "lgu": "Lapu-Lapu City"}}, {"type": "Feature", "geometry": {"type": "Point", "coordinates": [123.9449182, 10.306403]}, "properties": {"id": "ChIJ3y0GPJCZqTMRRoqHrqBjg8I", "amenity_type": "restaurant", "amenity": "KM's Sari-Sari Store", "lgu": "Lapu-Lapu City"}}, {"type": "Feature", "geometry": {"type": "Point", "coordinates": [123.9562763, 10.3093496]}, "properties": {"id": "ChIJr7wzNX-ZqTMRnuCQny9UxWg", "amenity_type": "restaurant", "amenity": "Kaniz Convenience Store", "lgu": "Lapu-Lapu City"}}, {"type": "Feature", "geometry": {"type": "Point", "coordinates": [123.9330625, 10.3263125]}, "properties": {"id": "ChIJ_95jJtKZqTMRGIyYttjs7Os", "amenity_type": "restaurant", "amenity": "Kape Tano", "lgu": "Lapu-Lapu City"}}, {"type": "Feature", "geometry": {"type": "Point", "coordinates": [123.9986375, 10.2904019]}, "properties": {"id": "ChIJfyFMLEWXqTMRPP474Qww1l4", "amenity_type": "cafe", "amenity": "Kemi cafe", "lgu": "Lapu-Lapu City"}}, {"type": "Feature", "geometry": {"type": "Point", "coordinates": [123.944551, 10.324978]}, "properties": {"id": "ChIJHVOMebGZqTMRa8r_KYrqva4", "amenity_type": "restaurant", "amenity": "Kingston 12 Next Level", "lgu": "Lapu-Lapu City"}}, {"type": "Feature", "geometry": {"type": "Point", "coordinates": [123.9187197, 10.3106209]}, "properties": {"id": "ChIJX5FMfm2ZqTMR3HizFLpRZLA", "amenity_type": "restaurant", "amenity": "Krispy Kreme Doughnuts", "lgu": "Lapu-Lapu City"}}, {"type": "Feature", "geometry": {"type": "Point", "coordinates": [123.9926748, 10.2816039]}, "properties": {"id": "ChIJuXx8A8aZqTMRdImOO6Hd0Js", "amenity_type": "restaurant", "amenity": "Kumedor", "lgu": "Lapu-Lapu City"}}, {"type": "Feature", "geometry": {"type": "Point", "coordinates": [123.9268804, 10.3156112]}, "properties": {"id": "ChIJU12iVkCZqTMRZwrlEUT3sUU", "amenity_type": "restaurant", "amenity": "Kvyn's Coffee Bar", "lgu": "Lapu-Lapu City"}}, {"type": "Feature", "geometry": {"type": "Point", "coordinates": [123.9610523, 10.3088588]}, "properties": {"id": "ChIJe2eQN-WZqTMR_ynNTIv7RFI", "amenity_type": "restaurant", "amenity": "L2J's Minimart", "lgu": "Lapu-Lapu City"}}, {"type": "Feature", "geometry": {"type": "Point", "coordinates": [123.9932743, 10.2830056]}, "properties": {"id": "ChIJZzb0rhmRqTMRjStU67H12a4", "amenity_type": "restaurant", "amenity": "LIKEALOCALRESTAURANT", "lgu": "Lapu-Lapu City"}}, {"type": "Feature", "geometry": {"type": "Point", "coordinates": [123.9983427, 10.2864371]}, "properties": {"id": "ChIJXR2AoTWXqTMRxCRmTvFDfq8", "amenity_type": "restaurant", "amenity": "Labuyo Native Restaurant", "lgu": "Lapu-Lapu City"}}, {"type": "Feature", "geometry": {"type": "Point", "coordinates": [123.9468983, 10.308802]}, "properties": {"id": "ChIJd_sxPDiZqTMRuWuCng__3RY", "amenity_type": "cafe", "amenity": "Lala G Cafe & Resto", "lgu": "Lapu-Lapu City"}}, {"type": "Feature", "geometry": {"type": "Point", "coordinates": [123.9519778, 10.3129311]}, "properties": {"id": "ChIJGxoKRQCZqTMRUIaLKvqIaf8", "amenity_type": "restaurant", "amenity": "Lapu-Lapu city college", "lgu": "Lapu-Lapu City"}}, {"type": "Feature", "geometry": {"type": "Point", "coordinates": [123.9189067, 10.3128091]}, "properties": {"id": "ChIJjQ2FYW2ZqTMRSr9S0kN0ckI", "amenity_type": "restaurant", "amenity": "Leona's Cakes And Pastries", "lgu": "Lapu-Lapu City"}}, {"type": "Feature", "geometry": {"type": "Point", "coordinates": [123.942617, 10.328662]}, "properties": {"id": "ChIJfwP8jbKZqTMRg8CmWSRjfLQ", "amenity_type": "restaurant", "amenity": "Ley Lam", "lgu": "Lapu-Lapu City"}}, {"type": "Feature", "geometry": {"type": "Point", "coordinates": [123.942638, 10.3283159]}, "properties": {"id": "ChIJsTzmi7KZqTMRYarKTey2f5E", "amenity_type": "restaurant", "amenity": "Life Mart", "lgu": "Lapu-Lapu City"}}, {"type": "Feature", "geometry": {"type": "Point", "coordinates": [123.960862, 10.3135582]}, "properties": {"id": "ChIJV3aMNQCZqTMREaNPDTvjFrM", "amenity_type": "restaurant", "amenity": "Lilet's Sari-Sari Store", "lgu": "Lapu-Lapu City"}}, {"type": "Feature", "geometry": {"type": "Point", "coordinates": [123.9328603, 10.3255633]}, "properties": {"id": "ChIJKe8LYTmZqTMRsx_Aq7cFFwI", "amenity_type": "restaurant", "amenity": "Linear Coffee Roasters", "lgu": "Lapu-Lapu City"}}, {"type": "Feature", "geometry": {"type": "Point", "coordinates": [123.934244, 10.325182]}, "properties": {"id": "ChIJBf4GFKmZqTMR3_MYURDneAk", "amenity_type": "restaurant", "amenity": "Ling Nam Parkmall", "lgu": "Lapu-Lapu City"}}, {"type": "Feature", "geometry": {"type": "Point", "coordinates": [123.9512591, 10.3107675]}, "properties": {"id": "ChIJTwQhLvOZqTMR4dkTIw4o8E8", "amenity_type": "restaurant", "amenity": "Logang Pier Milktea", "lgu": "Lapu-Lapu City"}}, {"type": "Feature", "geometry": {"type": "Point", "coordinates": [123.9839328, 10.3002223]}, "properties": {"id": "ChIJJ8HrqlmXqTMRxDwWl8wRw2k", "amenity_type": "cafe", "amenity": "M cafe", "lgu": "Lapu-Lapu City"}}, {"type": "Feature", "geometry": {"type": "Point", "coordinates": [123.9316007, 10.3246984]}, "properties": {"id": "ChIJVfnr5v2ZqTMROmO7zr-w6R8", "amenity_type": "restaurant", "amenity": "MANIMOGO KOREAN RESTAURANT MANDAUE BRANCH", "lgu": "Lapu-Lapu City"}}, {"type": "Feature", "geometry": {"type": "Point", "coordinates": [123.93282, 10.3209449]}, "properties": {"id": "ChIJhe3VcgCZqTMRHBu4EurGnds", "amenity_type": "restaurant", "amenity": "MESHIYA JAPANESE BBQ", "lgu": "Lapu-Lapu City"}}, {"type": "Feature", "geometry": {"type": "Point", "coordinates": [123.9429631, 10.3060842]}, "properties": {"id": "ChIJBSsY0XSZqTMRSp8C3cxeah4", "amenity_type": "restaurant", "amenity": "MK Noodles and Cakes", "lgu": "Lapu-Lapu City"}}, {"type": "Feature", "geometry": {"type": "Point", "coordinates": [123.9481777, 10.3096778]}, "properties": {"id": "ChIJN9eVaACZqTMRAKLEdnnOIRs", "amenity_type": "cafe", "amenity": "MNLS CRAVING CAFE", "lgu": "Lapu-Lapu City"}}, {"type": "Feature", "geometry": {"type": "Point", "coordinates": [123.9514807, 10.3126525]}, "properties": {"id": "ChIJhZnZyHaZqTMRYIaVHzHWLgw", "amenity_type": "restaurant", "amenity": "MR. NOSEY BAKESHOP", "lgu": "Lapu-Lapu City"}}, {"type": "Feature", "geometry": {"type": "Point", "coordinates": [123.9538063, 10.3257327]}, "properties": {"id": "ChIJMU-Qa8qZqTMRfVUfwN57bxc", "amenity_type": "restaurant", "amenity": "Magic Siomai Station", "lgu": "Lapu-Lapu City"}}, {"type": "Feature", "geometry": {"type": "Point", "coordinates": [123.9482333, 10.3099657]}, "properties": {"id": "ChIJ4SGiWNCZqTMR-lVkd-MkqPs", "amenity_type": "restaurant", "amenity": "Maldough's Corner", "lgu": "Lapu-Lapu City"}}, {"type": "Feature", "geometry": {"type": "Point", "coordinates": [123.9196494, 10.3125295]}, "properties": {"id": "ChIJPbL4KwCZqTMRA5opmqlII8M", "amenity_type": "restaurant", "amenity": "Manam SM City Cebu", "lgu": "Lapu-Lapu City"}}, {"type": "Feature", "geometry": {"type": "Point", "coordinates": [123.9344337, 10.325112]}, "properties": {"id": "ChIJmyfdP6mZqTMRvRwsUEMZnNo", "amenity_type": "restaurant", "amenity": "Mang Inasal", "lgu": "Lapu-Lapu City"}}, {"type": "Feature", "geometry": {"type": "Point", "coordinates": [123.942714, 10.3283425]}, "properties": {"id": "ChIJzSpPibKZqTMRu2zzrimEoVc", "amenity_type": "restaurant", "amenity": "Mang Inasal", "lgu": "Lapu-Lapu City"}}, {"type": "Feature", "geometry": {"type": "Point", "coordinates": [123.9509685, 10.3109239]}, "properties": {"id": "ChIJiQ64VZKZqTMRF-akr9eBSJg", "amenity_type": "restaurant", "amenity": "Maoni Coffee and Massage Spa", "lgu": "Lapu-Lapu City"}}, {"type": "Feature", "geometry": {"type": "Point", "coordinates": [123.9366945, 10.3247012]}, "properties": {"id": "ChIJVVVVVQCZqTMR4cyJI02wTgo", "amenity_type": "restaurant", "amenity": "Marble + Grain Steakhouse", "lgu": "Lapu-Lapu City"}}, {"type": "Feature", "geometry": {"type": "Point", "coordinates": [123.999153, 10.2888731]}, "properties": {"id": "ChIJiZSyrl6XqTMRZfSk3VtCBcQ", "amenity_type": "restaurant", "amenity": "Maribago Grill", "lgu": "Lapu-Lapu City"}}, {"type": "Feature", "geometry": {"type": "Point", "coordinates": [123.9764468, 10.3276396]}, "properties": {"id": "ChIJYUeMa8aXqTMR2F-jtc68bqg", "amenity_type": "restaurant", "amenity": "Marina Garden Café", "lgu": "Lapu-Lapu City"}}, {"type": "Feature", "geometry": {"type": "Point", "coordinates": [123.91792, 10.310717]}, "properties": {"id": "ChIJkUmcj22ZqTMRwzJJ3i-09YQ", "amenity_type": "restaurant", "amenity": "Marina Seafood", "lgu": "Lapu-Lapu City"}}, {"type": "Feature", "geometry": {"type": "Point", "coordinates": [123.918132, 10.311721]}, "properties": {"id": "ChIJr9PzdW2ZqTMRZRo13k3hHag", "amenity_type": "restaurant", "amenity": "Max’s Restaurant", "lgu": "Lapu-Lapu City"}}, {"type": "Feature", "geometry": {"type": "Point", "coordinates": [123.9620843, 10.3167672]}, "properties": {"id": "ChIJFcT__cSZqTMRedpXT7RFGvY", "amenity_type": "restaurant", "amenity": "McDonald's", "lgu": "Lapu-Lapu City"}}, {"type": "Feature", "geometry": {"type": "Point", "coordinates": [123.9330021, 10.3214813]}, "properties": {"id": "ChIJN1Zx0aeZqTMRsI_pvXAgpf8", "amenity_type": "restaurant", "amenity": "McDonald's Cebu North Reclamation", "lgu": "Lapu-Lapu City"}}, {"type": "Feature", "geometry": {"type": "Point", "coordinates": [123.9437588, 10.326192]}, "properties": {"id": "ChIJk_HUCQCZqTMRdJTntXHo6Ug", "amenity_type": "restaurant", "amenity": "Messy Bite Seafood & Grill", "lgu": "Lapu-Lapu City"}}, {"type": "Feature", "geometry": {"type": "Point", "coordinates": [123.950927, 10.312248]}, "properties": {"id": "ChIJY95ypL-ZqTMREZ9A2HMo1Rc", "amenity_type": "restaurant", "amenity": "Mini Box Trading", "lgu": "Lapu-Lapu City"}}, {"type": "Feature", "geometry": {"type": "Point", "coordinates": [123.93398, 10.32532]}, "properties": {"id": "ChIJHY64bKmZqTMRMwp_Rnic8sY", "amenity_type": "restaurant", "amenity": "Mister Donut", "lgu": "Lapu-Lapu City"}}, {"type": "Feature", "geometry": {"type": "Point", "coordinates": [123.943517, 10.326839]}, "properties": {"id": "ChIJo-mXR7KZqTMRteSzBpPBf0w", "amenity_type": "restaurant", "amenity": "Moira's Bakeshop", "lgu": "Lapu-Lapu City"}}, {"type": "Feature", "geometry": {"type": "Point", "coordinates": [124.023066, 10.3116943]}, "properties": {"id": "ChIJD-DnAzaXqTMRzs3G_E9lKh0", "amenity_type": "restaurant", "amenity": "Morning Glory Grill", "lgu": "Lapu-Lapu City"}}, {"type": "Feature", "geometry": {"type": "Point", "coordinates": [123.9773248, 10.3289974]}, "properties": {"id": "ChIJ6UQtgZ2XqTMR8wjvEmfEtPQ", "amenity_type": "restaurant", "amenity": "Mr. Crab - Cebu Yacht Club", "lgu": "Lapu-Lapu City"}}, {"type": "Feature", "geometry": {"type": "Point", "coordinates": [123.9468076, 10.2998107]}, "properties": {"id": "ChIJ-Rlic46ZqTMRcu29FBxsLmg", "amenity_type": "restaurant", "amenity": "Mr. Liempo", "lgu": "Lapu-Lapu City"}}, {"type": "Feature", "geometry": {"type": "Point", "coordinates": [123.9522629, 10.311015]}, "properties": {"id": "ChIJqWvC87-ZqTMRRT6v_6fXYnc", "amenity_type": "restaurant", "amenity": "Mr. Liempo", "lgu": "Lapu-Lapu City"}}, {"type": "Feature", "geometry": {"type": "Point", "coordinates": [123.963134, 10.300543]}, "properties": {"id": "ChIJG1Vxku-ZqTMRcCI5MuA9E8Q", "amenity_type": "restaurant", "amenity": "Mr. Ngo", "lgu": "Lapu-Lapu City"}}, {"type": "Feature", "geometry": {"type": "Point", "coordinates": [123.9514942, 10.3128633]}, "properties": {"id": "ChIJy4CpSgCZqTMRIK5hNjsb7oY", "amenity_type": "restaurant", "amenity": "Mr. Waffles", "lgu": "Lapu-Lapu City"}}, {"type": "Feature", "geometry": {"type": "Point", "coordinates": [123.9611433, 10.3092718]}, "properties": {"id": "ChIJrZ_ZUeCZqTMR5TJMGuinCpE", "amenity_type": "restaurant", "amenity": "Namaste", "lgu": "Lapu-Lapu City"}}, {"type": "Feature", "geometry": {"type": "Point", "coordinates": [123.9514539, 10.3127548]}, "properties": {"id": "ChIJQ53wdL-ZqTMRi-TpbzkYfuI", "amenity_type": "restaurant", "amenity": "Nanay Belen's Bakeshop", "lgu": "Lapu-Lapu City"}}, {"type": "Feature", "geometry": {"type": "Point", "coordinates": [123.9521948, 10.3111042]}, "properties": {"id": "ChIJR5kt8r-ZqTMR76N6-HL1-wE", "amenity_type": "restaurant", "amenity": "Nicey Burger Junction", "lgu": "Lapu-Lapu City"}}, {"type": "Feature", "geometry": {"type": "Point", "coordinates": [124.0043385, 10.3048377]}, "properties": {"id": "ChIJxXHs-yWXqTMRLhov9qbbNis", "amenity_type": "restaurant", "amenity": "Nimo Brew", "lgu": "Lapu-Lapu City"}}, {"type": "Feature", "geometry": {"type": "Point", "coordinates": [123.9502942, 10.3250391]}, "properties": {"id": "ChIJ3UAYegCZqTMRWID7bkk97Oc", "amenity_type": "restaurant", "amenity": "Norma Flores Store Cambaro Mandaue City", "lgu": "Lapu-Lapu City"}}, {"type": "Feature", "geometry": {"type": "Point", "coordinates": [123.9630993, 10.3108402]}, "properties": {"id": "ChIJGbqySACZqTMRWCTJ3HQsDCU", "amenity_type": "restaurant", "amenity": "On What Grounds? OWG Coffee", "lgu": "Lapu-Lapu City"}}, {"type": "Feature", "geometry": {"type": "Point", "coordinates": [123.9193209, 10.312314]}, "properties": {"id": "ChIJwedaewCZqTMROQFsbL-rEH0", "amenity_type": "restaurant", "amenity": "Ooma", "lgu": "Lapu-Lapu City"}}, {"type": "Feature", "geometry": {"type": "Point", "coordinates": [123.9340109, 10.3254089]}, "properties": {"id": "ChIJRZb_E6mZqTMRKhv9WS76Z-g", "amenity_type": "restaurant", "amenity": "Orange Brutus - Parkmall", "lgu": "Lapu-Lapu City"}}, {"type": "Feature", "geometry": {"type": "Point", "coordinates": [123.9342352, 10.3257917]}, "properties": {"id": "ChIJoaxwDKmZqTMRb1wODt9yh8Q", "amenity_type": "restaurant", "amenity": "Persian Kebab Tandoori", "lgu": "Lapu-Lapu City"}}, {"type": "Feature", "geometry": {"type": "Point", "coordinates": [123.9761448, 10.326413]}, "properties": {"id": "ChIJs-N8l0GXqTMRXD9GO4jNZgU", "amenity_type": "restaurant", "amenity": "Pho19 - Mactan 포19 막탄점", "lgu": "Lapu-Lapu City"}}, {"type": "Feature", "geometry": {"type": "Point", "coordinates": [123.9497919, 10.3326178]}, "properties": {"id": "ChIJTWJlrUuYqTMRuXtuhBLwC6U", "amenity_type": "restaurant", "amenity": "Pizza Pedrico’s Food Corporation - BSC VisMin", "lgu": "Lapu-Lapu City"}}, {"type": "Feature", "geometry": {"type": "Point", "coordinates": [123.9422638, 10.3286996]}, "properties": {"id": "ChIJ6R0akrKZqTMRBpiTgkEZ2S4", "amenity_type": "restaurant", "amenity": "Potato Corner", "lgu": "Lapu-Lapu City"}}, {"type": "Feature", "geometry": {"type": "Point", "coordinates": [123.933941, 10.324897]}, "properties": {"id": "ChIJExFvFKmZqTMRu4rHCkjhWfU", "amenity_type": "restaurant", "amenity": "Potato Corner", "lgu": "Lapu-Lapu City"}}, {"type": "Feature", "geometry": {"type": "Point", "coordinates": [123.9552058, 10.3129255]}, "properties": {"id": "ChIJWSjC38CZqTMREZI0ZfaBpss", "amenity_type": "restaurant", "amenity": "Potato Corner", "lgu": "Lapu-Lapu City"}}, {"type": "Feature", "geometry": {"type": "Point", "coordinates": [123.963133, 10.300524]}, "properties": {"id": "ChIJzwZ6ku-ZqTMRV80aRE_F7Sk", "amenity_type": "restaurant", "amenity": "Potato Corner", "lgu": "Lapu-Lapu City"}}, {"type": "Feature", "geometry": {"type": "Point", "coordinates": [123.9451505, 10.3049746]}, "properties": {"id": "ChIJu_hM7FSZqTMRB0b6gRk7SDY", "amenity_type": "restaurant", "amenity": "Punay Store", "lgu": "Lapu-Lapu City"}}, {"type": "Feature", "geometry": {"type": "Point", "coordinates": [123.952488, 10.3107709]}, "properties": {"id": "ChIJYU8D97-ZqTMRqmPDvAQpNlI", "amenity_type": "restaurant", "amenity": "Purefoods Tender Juicy Hotdog", "lgu": "Lapu-Lapu City"}}, {"type": "Feature", "geometry": {"type": "Point", "coordinates": [123.9320255, 10.3235967]}, "properties": {"id": "ChIJ80Aj0tiZqTMRV6Mz7bpdvNk", "amenity_type": "cafe", "amenity": "Quintessential Cafe - Mandaue", "lgu": "Lapu-Lapu City"}}, {"type": "Feature", "geometry": {"type": "Point", "coordinates": [123.9550095, 10.3117365]}, "properties": {"id": "ChIJ77Q-9EqZqTMROGNg0W14AaE", "amenity_type": "restaurant", "amenity": "R Balbuena", "lgu": "Lapu-Lapu City"}}, {"type": "Feature", "geometry": {"type": "Point", "coordinates": [123.9629178, 10.3161562]}, "properties": {"id": "ChIJ01SIp9aZqTMRImfOuc4tFlU", "amenity_type": "restaurant", "amenity": "Rai-Rai Ken", "lgu": "Lapu-Lapu City"}}, {"type": "Feature", "geometry": {"type": "Point", "coordinates": [123.962851, 10.30177]}, "properties": {"id": "ChIJOZ2adu-ZqTMR9RmMVodXcU4", "amenity_type": "restaurant", "amenity": "Ready to Eat", "lgu": "Lapu-Lapu City"}}, {"type": "Feature", "geometry": {"type": "Point", "coordinates": [123.9982817, 10.2921239]}, "properties": {"id": "ChIJL25WpeOXqTMROJwLXTIeB9o", "amenity_type": "restaurant", "amenity": "Red Crab Restaurant", "lgu": "Lapu-Lapu City"}}, {"type": "Feature", "geometry": {"type": "Point", "coordinates": [123.951941, 10.310511]}, "properties": {"id": "ChIJ56nE5L-ZqTMRqdtGokfWOus", "amenity_type": "restaurant", "amenity": "Red Ribbon", "lgu": "Lapu-Lapu City"}}, {"type": "Feature", "geometry": {"type": "Point", "coordinates": [123.9700183, 10.2863622]}, "properties": {"id": "ChIJt6I2gwGaqTMREakQKDYux3I", "amenity_type": "restaurant", "amenity": "Red Ribbon", "lgu": "Lapu-Lapu City"}}, {"type": "Feature", "geometry": {"type": "Point", "coordinates": [123.9779985, 10.3236986]}, "properties": {"id": "ChIJBwibV36XqTMRDBySw5nkBlI", "amenity_type": "restaurant", "amenity": "Rico's Lechon", "lgu": "Lapu-Lapu City"}}, {"type": "Feature", "geometry": {"type": "Point", "coordinates": [123.9320533, 10.3249724]}, "properties": {"id": "ChIJIZh4ArCZqTMRCqNBVXGJOZA", "amenity_type": "restaurant", "amenity": "Rico's Lechon", "lgu": "Lapu-Lapu City"}}, {"type": "Feature", "geometry": {"type": "Point", "coordinates": [123.9503672, 10.3121354]}, "properties": {"id": "ChIJJco__PyZqTMR45dkAZPp0V8", "amenity_type": "restaurant", "amenity": "Rosalie Store", "lgu": "Lapu-Lapu City"}}, {"type": "Feature", "geometry": {"type": "Point", "coordinates": [123.9382572, 10.3198198]}, "properties": {"id": "ChIJy_BLvHyZqTMRGMlN-nCTM3Y", "amenity_type": "restaurant", "amenity": "SAKURA by SHIRAISHI of Tokyo", "lgu": "Lapu-Lapu City"}}, {"type": "Feature", "geometry": {"type": "Point", "coordinates": [123.9240869, 10.3148551]}, "properties": {"id": "ChIJJadmUn2ZqTMRQ_i7wW32oaE", "amenity_type": "restaurant", "amenity": "SM Hypermarket", "lgu": "Lapu-Lapu City"}}, {"type": "Feature", "geometry": {"type": "Point", "coordinates": [123.9330255, 10.3250495]}, "properties": {"id": "ChIJAQC0qKmZqTMRLdFbNwyGLTI", "amenity_type": "restaurant", "amenity": "STREET YARD", "lgu": "Lapu-Lapu City"}}, {"type": "Feature", "geometry": {"type": "Point", "coordinates": [123.9190476, 10.3107396]}, "properties": {"id": "ChIJEffIAFWZqTMR114WOkQrGEM", "amenity_type": "restaurant", "amenity": "STREET YARD", "lgu": "Lapu-Lapu City"}}, {"type": "Feature", "geometry": {"type": "Point", "coordinates": [123.9318327, 10.3250862]}, "properties": {"id": "ChIJ_ZfJbySZqTMRrT38W1PQSRI", "amenity_type": "restaurant", "amenity": "Samgyupsalamat Mandaue", "lgu": "Lapu-Lapu City"}}, {"type": "Feature", "geometry": {"type": "Point", "coordinates": [123.945593, 10.324038]}, "properties": {"id": "ChIJHbuDz5mZqTMRa6SBepbbG6Q", "amenity_type": "restaurant", "amenity": "Samson store", "lgu": "Lapu-Lapu City"}}, {"type": "Feature", "geometry": {"type": "Point", "coordinates": [123.96301, 10.31672]}, "properties": {"id": "ChIJ2VzkOsWZqTMRhs9h8Mv9KWk", "amenity_type": "restaurant", "amenity": "Santino's", "lgu": "Lapu-Lapu City"}}, {"type": "Feature", "geometry": {"type": "Point", "coordinates": [123.918238, 10.312322]}, "properties": {"id": "ChIJJ_UPbm2ZqTMRlReKc-8GgxQ", "amenity_type": "restaurant", "amenity": "Sbarro", "lgu": "Lapu-Lapu City"}}, {"type": "Feature", "geometry": {"type": "Point", "coordinates": [123.9728752, 10.3234184]}, "properties": {"id": "ChIJXXz2tNWZqTMRkn3UcDBKe7A", "amenity_type": "restaurant", "amenity": "Scape Skydeck", "lgu": "Lapu-Lapu City"}}, {"type": "Feature", "geometry": {"type": "Point", "coordinates": [123.976191, 10.3284224]}, "properties": {"id": "ChIJ13X0ag2XqTMRgQlb1_xFHJA", "amenity_type": "restaurant", "amenity": "Seafood Boil Grill & Restaurant", "lgu": "Lapu-Lapu City"}}, {"type": "Feature", "geometry": {"type": "Point", "coordinates": [123.9460923, 10.3275344]}, "properties": {"id": "ChIJ-7xG72CZqTMRCHI9Scv7MPU", "amenity_type": "restaurant", "amenity": "Seafood Boil Grill & Restaurant - Mandaue", "lgu": "Lapu-Lapu City"}}, {"type": "Feature", "geometry": {"type": "Point", "coordinates": [123.9500862, 10.3113293]}, "properties": {"id": "ChIJIbRMumyZqTMRLJ5Z3KdI3zM", "amenity_type": "restaurant", "amenity": "Sebu Cha Opon", "lgu": "Lapu-Lapu City"}}, {"type": "Feature", "geometry": {"type": "Point", "coordinates": [123.9642039, 10.3184642]}, "properties": {"id": "ChIJ4UHpBtCZqTMRSSsQYNO0YjQ", "amenity_type": "restaurant", "amenity": "Shamrock Mactan", "lgu": "Lapu-Lapu City"}}, {"type": "Feature", "geometry": {"type": "Point", "coordinates": [123.9551548, 10.3091398]}, "properties": {"id": "ChIJczMWRgCZqTMRylTScLShQLE", "amenity_type": "restaurant", "amenity": "Sharon’s Store", "lgu": "Lapu-Lapu City"}}, {"type": "Feature", "geometry": {"type": "Point", "coordinates": [123.9338627, 10.3267636]}, "properties": {"id": "ChIJ92Kd5dGZqTMRm8pN6FvwTpI", "amenity_type": "restaurant", "amenity": "Sheche Merchandise Market", "lgu": "Lapu-Lapu City"}}, {"type": "Feature", "geometry": {"type": "Point", "coordinates": [123.973419, 10.324395]}, "properties": {"id": "ChIJYZhXCtWZqTMRHYYSLDEsHPk", "amenity_type": "restaurant", "amenity": "Shell", "lgu": "Lapu-Lapu City"}}, {"type": "Feature", "geometry": {"type": "Point", "coordinates": [123.950844, 10.327994]}, "properties": {"id": "ChIJZ386EbWZqTMRnmFKkX6X5Is", "amenity_type": "restaurant", "amenity": "Shell", "lgu": "Lapu-Lapu City"}}, {"type": "Feature", "geometry": {"type": "Point", "coordinates": [123.9729617, 10.3236599]}, "properties": {"id": "ChIJkVsOutWZqTMRIaGs-Kz_JEM", "amenity_type": "restaurant", "amenity": "Shell", "lgu": "Lapu-Lapu City"}}, {"type": "Feature", "geometry": {"type": "Point", "coordinates": [123.961235, 10.308636]}, "properties": {"id": "ChIJr2yJK-iZqTMRYXL3eTq4A40", "amenity_type": "restaurant", "amenity": "Shell", "lgu": "Lapu-Lapu City"}}, {"type": "Feature", "geometry": {"type": "Point", "coordinates": [123.9612069, 10.308876]}, "properties": {"id": "ChIJywD7KuiZqTMRn5XpBehoePE", "amenity_type": "restaurant", "amenity": "Shell Select", "lgu": "Lapu-Lapu City"}}, {"type": "Feature", "geometry": {"type": "Point", "coordinates": [123.961348, 10.3012599]}, "properties": {"id": "ChIJ1wvGre-ZqTMRVzLi9Typ-L4", "amenity_type": "restaurant", "amenity": "Shop", "lgu": "Lapu-Lapu City"}}, {"type": "Feature", "geometry": {"type": "Point", "coordinates": [123.960866, 10.311465]}, "properties": {"id": "ChIJlRMsq8OZqTMR8R6IwhRBpVs", "amenity_type": "restaurant", "amenity": "Shop", "lgu": "Lapu-Lapu City"}}, {"type": "Feature", "geometry": {"type": "Point", "coordinates": [123.9334178, 10.3255834]}, "properties": {"id": "ChIJlQPPdKmZqTMROuamaEUSlYk", "amenity_type": "restaurant", "amenity": "Slate District", "lgu": "Lapu-Lapu City"}}, {"type": "Feature", "geometry": {"type": "Point", "coordinates": [123.9565291, 10.3112175]}, "properties": {"id": "ChIJMXpMAMGZqTMRPJrNYGGdj4c", "amenity_type": "restaurant", "amenity": "Snack Bar", "lgu": "Lapu-Lapu City"}}, {"type": "Feature", "geometry": {"type": "Point", "coordinates": [123.950929, 10.312242]}, "properties": {"id": "ChIJT6pzpL-ZqTMRW2fznwJeI24", "amenity_type": "restaurant", "amenity": "Southwings", "lgu": "Lapu-Lapu City"}}, {"type": "Feature", "geometry": {"type": "Point", "coordinates": [123.9194006, 10.3115557]}, "properties": {"id": "ChIJt1DepW2ZqTMRLFIIzOTSXKk", "amenity_type": "restaurant", "amenity": "Starbucks", "lgu": "Lapu-Lapu City"}}, {"type": "Feature", "geometry": {"type": "Point", "coordinates": [123.9187763, 10.3105282]}, "properties": {"id": "ChIJu6Dbg3KZqTMR9s_yk7UkufE", "amenity_type": "restaurant", "amenity": "Starbucks", "lgu": "Lapu-Lapu City"}}, {"type": "Feature", "geometry": {"type": "Point", "coordinates": [123.977541, 10.325193]}, "properties": {"id": "ChIJL2Jnn3-XqTMRBKdcSosSzrw", "amenity_type": "restaurant", "amenity": "Starbucks Mactan Marina Mall", "lgu": "Lapu-Lapu City"}}, {"type": "Feature", "geometry": {"type": "Point", "coordinates": [124.0061401, 10.3055149]}, "properties": {"id": "ChIJA3VW-ayXqTMRAJcZxg3yxNQ", "amenity_type": "restaurant", "amenity": "Steakhouse Casanta Secret Garden", "lgu": "Lapu-Lapu City"}}, {"type": "Feature", "geometry": {"type": "Point", "coordinates": [123.9480943, 10.310776]}, "properties": {"id": "ChIJWRpHQIKZqTMRFqUPQUGqkic", "amenity_type": "cafe", "amenity": "Sugar Cafe Lapu-Lapu", "lgu": "Lapu-Lapu City"}}, {"type": "Feature", "geometry": {"type": "Point", "coordinates": [123.944679, 10.329174]}, "properties": {"id": "ChIJvdCAIbOZqTMRQIIC8kza8rc", "amenity_type": "restaurant", "amenity": "Sugaryn Cakes", "lgu": "Lapu-Lapu City"}}, {"type": "Feature", "geometry": {"type": "Point", "coordinates": [123.9529094, 10.3111127]}, "properties": {"id": "ChIJ7xcQOgCZqTMRL9Cu7rowFnU", "amenity_type": "restaurant", "amenity": "Sugus General Merchandise", "lgu": "Lapu-Lapu City"}}, {"type": "Feature", "geometry": {"type": "Point", "coordinates": [123.947103, 10.3031642]}, "properties": {"id": "ChIJlxTpfZWZqTMRj1W4Jg2LO6I", "amenity_type": "restaurant", "amenity": "Summer store", "lgu": "Lapu-Lapu City"}}, {"type": "Feature", "geometry": {"type": "Point", "coordinates": [123.9974123, 10.290321]}, "properties": {"id": "ChIJlbdpADaXqTMRwFx0XLIF8G4", "amenity_type": "restaurant", "amenity": "THE MART CEBU", "lgu": "Lapu-Lapu City"}}, {"type": "Feature", "geometry": {"type": "Point", "coordinates": [123.9630531, 10.3160787]}, "properties": {"id": "ChIJs3j418SZqTMRGC7A-Y3UIk4", "amenity_type": "cafe", "amenity": "TNTS CAFE & CO.", "lgu": "Lapu-Lapu City"}}, {"type": "Feature", "geometry": {"type": "Point", "coordinates": [123.9448431, 10.3069863]}, "properties": {"id": "ChIJr547X6eZqTMRjyVB7rIsJl4", "amenity_type": "restaurant", "amenity": "Tampus Store", "lgu": "Lapu-Lapu City"}}, {"type": "Feature", "geometry": {"type": "Point", "coordinates": [123.9438261, 10.3261765]}, "properties": {"id": "ChIJL87GVwCZqTMRVQrFQZVxXIM", "amenity_type": "restaurant", "amenity": "Tamtam Dessert Shop", "lgu": "Lapu-Lapu City"}}, {"type": "Feature", "geometry": {"type": "Point", "coordinates": [123.91834, 10.311995]}, "properties": {"id": "ChIJM1kucW2ZqTMR8hnT6WegVH8", "amenity_type": "restaurant", "amenity": "Tapa King", "lgu": "Lapu-Lapu City"}}, {"type": "Feature", "geometry": {"type": "Point", "coordinates": [123.9452853, 10.3053141]}, "properties": {"id": "ChIJ_S2iO5GZqTMRupz6vA5RihM", "amenity_type": "restaurant", "amenity": "Tata Ochea Store", "lgu": "Lapu-Lapu City"}}, {"type": "Feature", "geometry": {"type": "Point", "coordinates": [123.9539223, 10.3043376]}, "properties": {"id": "ChIJFWkSHQCZqTMR06QFKBpGGJI", "amenity_type": "restaurant", "amenity": "Tejano Store", "lgu": "Lapu-Lapu City"}}, {"type": "Feature", "geometry": {"type": "Point", "coordinates": [123.918421, 10.312196]}, "properties": {"id": "ChIJAQAAcG2ZqTMRFgSGZZxuVhE", "amenity_type": "restaurant", "amenity": "Tesoro Marketing Corporation - SM Cebu", "lgu": "Lapu-Lapu City"}}, {"type": "Feature", "geometry": {"type": "Point", "coordinates": [123.948749, 10.311072]}, "properties": {"id": "ChIJr_wyI76ZqTMRF-OVEA-s6zs", "amenity_type": "restaurant", "amenity": "Tess Lechon", "lgu": "Lapu-Lapu City"}}, {"type": "Feature", "geometry": {"type": "Point", "coordinates": [124.0122353, 10.3076979]}, "properties": {"id": "ChIJLatr2BuXqTMR8tQZAqH6ZSk", "amenity_type": "restaurant", "amenity": "The Civet Coffee Roasters", "lgu": "Lapu-Lapu City"}}, {"type": "Feature", "geometry": {"type": "Point", "coordinates": [123.919293, 10.3122583]}, "properties": {"id": "ChIJt1DepW2ZqTMRD494JmP7iQ4", "amenity_type": "restaurant", "amenity": "The Coffee Bean & Tea Leaf", "lgu": "Lapu-Lapu City"}}, {"type": "Feature", "geometry": {"type": "Point", "coordinates": [124.0236218, 10.3097901]}, "properties": {"id": "ChIJQUWnz2eXqTMRokdRtiJuaJQ", "amenity_type": "restaurant", "amenity": "The Cove Beach Resto", "lgu": "Lapu-Lapu City"}}, {"type": "Feature", "geometry": {"type": "Point", "coordinates": [123.9931381, 10.2828146]}, "properties": {"id": "ChIJVZTCHo-RqTMRKpMlC4vv5k8", "amenity_type": "restaurant", "amenity": "The Crab Seafood & Grill", "lgu": "Lapu-Lapu City"}}, {"type": "Feature", "geometry": {"type": "Point", "coordinates": [123.9344906, 10.3250734]}, "properties": {"id": "ChIJwbhsFqmZqTMRAHY8Jq2FLMA", "amenity_type": "restaurant", "amenity": "The Dessert Factory - Parkmall", "lgu": "Lapu-Lapu City"}}, {"type": "Feature", "geometry": {"type": "Point", "coordinates": [123.917725, 10.3116328]}, "properties": {"id": "ChIJsxsghW2ZqTMRpQpJk4k04X8", "amenity_type": "restaurant", "amenity": "The French Baker", "lgu": "Lapu-Lapu City"}}, {"type": "Feature", "geometry": {"type": "Point", "coordinates": [123.9688736, 10.2711986]}, "properties": {"id": "ChIJ7ZrHr6qbqTMR4djiyJMWcNA", "amenity_type": "restaurant", "amenity": "The Giddy Goat", "lgu": "Lapu-Lapu City"}}, {"type": "Feature", "geometry": {"type": "Point", "coordinates": [123.9741509, 10.2742888]}, "properties": {"id": "ChIJk6Qd-MKbqTMR8slokOqIHaM", "amenity_type": "restaurant", "amenity": "The High Grounds Coffee", "lgu": "Lapu-Lapu City"}}, {"type": "Feature", "geometry": {"type": "Point", "coordinates": [123.977016, 10.2980158]}, "properties": {"id": "ChIJXTQvwm2RqTMR76KSIJQOYGg", "amenity_type": "cafe", "amenity": "The Not Today Cafe", "lgu": "Lapu-Lapu City"}}, {"type": "Feature", "geometry": {"type": "Point", "coordinates": [123.9651652, 10.3189822]}, "properties": {"id": "ChIJA01w9S-ZqTMRMI6d5x3sXdI", "amenity_type": "cafe", "amenity": "The Public Cafe", "lgu": "Lapu-Lapu City"}}, {"type": "Feature", "geometry": {"type": "Point", "coordinates": [123.9178747, 10.307228]}, "properties": {"id": "ChIJ-3EENm6ZqTMR3pm3UD03Hq8", "amenity_type": "cafe", "amenity": "The Recess Cafe & Resto", "lgu": "Lapu-Lapu City"}}, {"type": "Feature", "geometry": {"type": "Point", "coordinates": [123.9642286, 10.3107715]}, "properties": {"id": "ChIJoRmWwECZqTMRyj2ppHzyLmM", "amenity_type": "cafe", "amenity": "Tons Cafe", "lgu": "Lapu-Lapu City"}}, {"type": "Feature", "geometry": {"type": "Point", "coordinates": [123.9491818, 10.3112456]}, "properties": {"id": "ChIJVZ2RnBCZqTMRRmiFCaRoqFM", "amenity_type": "restaurant", "amenity": "Tony's Lechon", "lgu": "Lapu-Lapu City"}}, {"type": "Feature", "geometry": {"type": "Point", "coordinates": [123.9587782, 10.3137175]}, "properties": {"id": "ChIJhxyRaN-ZqTMRhBeleuCE5Ak", "amenity_type": "restaurant", "amenity": "Tri-C Mart", "lgu": "Lapu-Lapu City"}}, {"type": "Feature", "geometry": {"type": "Point", "coordinates": [123.9434292, 10.3061719]}, "properties": {"id": "ChIJnc_FfxeZqTMR-TzHXGqZ0f4", "amenity_type": "restaurant", "amenity": "Triple E Store", "lgu": "Lapu-Lapu City"}}, {"type": "Feature", "geometry": {"type": "Point", "coordinates": [123.9339291, 10.3253878]}, "properties": {"id": "ChIJ6XmQEqmZqTMRK6G5QAEsm1U", "amenity_type": "restaurant", "amenity": "Turks Cebu", "lgu": "Lapu-Lapu City"}}, {"type": "Feature", "geometry": {"type": "Point", "coordinates": [123.9541297, 10.3113232]}, "properties": {"id": "ChIJNQKBawCZqTMRsykCVWVpHYM", "amenity_type": "restaurant", "amenity": "Twenty911", "lgu": "Lapu-Lapu City"}}, {"type": "Feature", "geometry": {"type": "Point", "coordinates": [123.9886653, 10.2934822]}, "properties": {"id": "ChIJrRFWVX6XqTMRBC-zQPUXFIk", "amenity_type": "cafe", "amenity": "UkeHub Cafe", "lgu": "Lapu-Lapu City"}}, {"type": "Feature", "geometry": {"type": "Point", "coordinates": [123.9795434, 10.3161724]}, "properties": {"id": "ChIJ9wYBTGOXqTMR3g2AZz58plQ", "amenity_type": "restaurant", "amenity": "Ulli's Streets of Asia - MCIA Domestic Terminal", "lgu": "Lapu-Lapu City"}}, {"type": "Feature", "geometry": {"type": "Point", "coordinates": [123.9442171, 10.3283353]}, "properties": {"id": "ChIJgy0GHACZqTMR8yp_zDStdDY", "amenity_type": "restaurant", "amenity": "Uncle Brew Prime", "lgu": "Lapu-Lapu City"}}, {"type": "Feature", "geometry": {"type": "Point", "coordinates": [123.9329206, 10.3250692]}, "properties": {"id": "ChIJ2fGoqKmZqTMRFo2vcS8uV5c", "amenity_type": "restaurant", "amenity": "Uncle John's - Parkmall", "lgu": "Lapu-Lapu City"}}, {"type": "Feature", "geometry": {"type": "Point", "coordinates": [123.9514125, 10.3111409]}, "properties": {"id": "ChIJ70v0wL-ZqTMRoUX8yrpvC4M", "amenity_type": "restaurant", "amenity": "Unitop", "lgu": "Lapu-Lapu City"}}, {"type": "Feature", "geometry": {"type": "Point", "coordinates": [123.9564876, 10.3111785]}, "properties": {"id": "ChIJd6Cau8GZqTMRh6WdPt5MUTI", "amenity_type": "restaurant", "amenity": "Ur So Pre Tea", "lgu": "Lapu-Lapu City"}}, {"type": "Feature", "geometry": {"type": "Point", "coordinates": [123.9487332, 10.3129604]}, "properties": {"id": "ChIJafWgXU2ZqTMRK4dTP_Iacnw", "amenity_type": "cafe", "amenity": "UrbanCafe Lapu Lapu", "lgu": "Lapu-Lapu City"}}, {"type": "Feature", "geometry": {"type": "Point", "coordinates": [123.9347599, 10.3256873]}, "properties": {"id": "ChIJaxN2FKmZqTMRkwc-xICJt8E", "amenity_type": "restaurant", "amenity": "Veranda", "lgu": "Lapu-Lapu City"}}, {"type": "Feature", "geometry": {"type": "Point", "coordinates": [123.9522842, 10.3105899]}, "properties": {"id": "ChIJoSK8LBmZqTMRmDCCFg7_J_s", "amenity_type": "restaurant", "amenity": "Vita bella coffee and tea shop", "lgu": "Lapu-Lapu City"}}, {"type": "Feature", "geometry": {"type": "Point", "coordinates": [123.9502088, 10.3118796]}, "properties": {"id": "ChIJmwaCfgCZqTMRRvz198ZBXu8", "amenity_type": "restaurant", "amenity": "Waffle Joy (Waffles @39)", "lgu": "Lapu-Lapu City"}}, {"type": "Feature", "geometry": {"type": "Point", "coordinates": [123.942669, 10.328788]}, "properties": {"id": "ChIJ6945krKZqTMR3-nsY-2jbQ0", "amenity_type": "restaurant", "amenity": "Waffle Time", "lgu": "Lapu-Lapu City"}}, {"type": "Feature", "geometry": {"type": "Point", "coordinates": [123.9538644, 10.3257763]}, "properties": {"id": "ChIJ9fjDa8qZqTMRfJcghivk_NI", "amenity_type": "restaurant", "amenity": "Waffle Time", "lgu": "Lapu-Lapu City"}}, {"type": "Feature", "geometry": {"type": "Point", "coordinates": [123.933941, 10.324897]}, "properties": {"id": "ChIJq68JEKmZqTMR5j_qSq515XM", "amenity_type": "restaurant", "amenity": "Waffle Time", "lgu": "Lapu-Lapu City"}}, {"type": "Feature", "geometry": {"type": "Point", "coordinates": [123.951393, 10.312551]}, "properties": {"id": "ChIJNZXxwL-ZqTMRoKYgAr9Cm1A", "amenity_type": "restaurant", "amenity": "Waffle Time Sosyoland", "lgu": "Lapu-Lapu City"}}, {"type": "Feature", "geometry": {"type": "Point", "coordinates": [123.936862, 10.3250609]}, "properties": {"id": "ChIJB4QKeL2ZqTMRWImWaSnXlyY", "amenity_type": "restaurant", "amenity": "Wallstreet Coffee + Bar", "lgu": "Lapu-Lapu City"}}, {"type": "Feature", "geometry": {"type": "Point", "coordinates": [123.9500961, 10.3109656]}, "properties": {"id": "ChIJ0e5BVQCZqTMR_gfO_CR3jWg", "amenity_type": "restaurant", "amenity": "Wasted Barista", "lgu": "Lapu-Lapu City"}}, {"type": "Feature", "geometry": {"type": "Point", "coordinates": [123.9770757, 10.2725936]}, "properties": {"id": "ChIJl1xjj3yRqTMRjtOQ9HPRBlc", "amenity_type": "cafe", "amenity": "Wave Cafe", "lgu": "Lapu-Lapu City"}}, {"type": "Feature", "geometry": {"type": "Point", "coordinates": [123.9554573, 10.3171769]}, "properties": {"id": "ChIJF6Or-eaZqTMRP6gQTY9BZDw", "amenity_type": "restaurant", "amenity": "Wilfredo Store", "lgu": "Lapu-Lapu City"}}, {"type": "Feature", "geometry": {"type": "Point", "coordinates": [123.9180096, 10.3127527]}, "properties": {"id": "ChIJvzzDVgCZqTMR0-nPRsAfH-E", "amenity_type": "restaurant", "amenity": "Wolfgang's Steakhouse Grill - Cebu City", "lgu": "Lapu-Lapu City"}}, {"type": "Feature", "geometry": {"type": "Point", "coordinates": [123.9350688, 10.3258787]}, "properties": {"id": "ChIJ10nfQ6mZqTMRpoDcZsWZRb8", "amenity_type": "restaurant", "amenity": "YO!Latino Restobar", "lgu": "Lapu-Lapu City"}}, {"type": "Feature", "geometry": {"type": "Point", "coordinates": [123.9776559, 10.3242106]}, "properties": {"id": "ChIJq_o8T8yXqTMRBHHRJLyvKcc", "amenity_type": "restaurant", "amenity": "Yega Restaurant", "lgu": "Lapu-Lapu City"}}, {"type": "Feature", "geometry": {"type": "Point", "coordinates": [123.9504468, 10.3134907]}, "properties": {"id": "ChIJC81jnCuZqTMRIUiCQ0gjFX4", "amenity_type": "restaurant", "amenity": "Yen-yen Store", "lgu": "Lapu-Lapu City"}}, {"type": "Feature", "geometry": {"type": "Point", "coordinates": [123.962981, 10.317247]}, "properties": {"id": "ChIJ26hkPsWZqTMR0DRjhjJfwa0", "amenity_type": "restaurant", "amenity": "Zagu", "lgu": "Lapu-Lapu City"}}, {"type": "Feature", "geometry": {"type": "Point", "coordinates": [123.9459108, 10.3078896]}, "properties": {"id": "ChIJYzwtZ36ZqTMRkSCa8FcPMPQ", "amenity_type": "restaurant", "amenity": "Zeñaby", "lgu": "Lapu-Lapu City"}}, {"type": "Feature", "geometry": {"type": "Point", "coordinates": [123.9949271, 10.2844788]}, "properties": {"id": "ChIJ59UGeuORqTMRHFKWJ_olAkk", "amenity_type": "cafe", "amenity": "a-cafe", "lgu": "Lapu-Lapu City"}}, {"type": "Feature", "geometry": {"type": "Point", "coordinates": [123.9521066, 10.3071923]}, "properties": {"id": "ChIJE87jq4-ZqTMRCf31xIipfYE", "amenity_type": "cafe", "amenity": "mhyz cafe", "lgu": "Lapu-Lapu City"}}, {"type": "Feature", "geometry": {"type": "Point", "coordinates": [123.9494266, 10.3108168]}, "properties": {"id": "ChIJLTEH8GSZqTMR9sLLtuG-6-U", "amenity_type": "restaurant", "amenity": "uncle brew poblacion lapu lapu city", "lgu": "Lapu-Lapu City"}}, {"type": "Feature", "geometry": {"type": "Point", "coordinates": [123.9351028, 10.3407787]}, "properties": {"id": "ChIJ_bYsWleYqTMRRaHZX3sl2Hc", "amenity_type": "restaurant", "amenity": "032 Ngohiong House", "lgu": "Mandaue City"}}, {"type": "Feature", "geometry": {"type": "Point", "coordinates": [123.9277306, 10.360727]}, "properties": {"id": "ChIJ_yeZerKZqTMRkfL9hegEhKg", "amenity_type": "restaurant", "amenity": "24SEVEN STOP CONVENIENCE STORE", "lgu": "Mandaue City"}}, {"type": "Feature", "geometry": {"type": "Point", "coordinates": [123.9203635, 10.3420139]}, "properties": {"id": "ChIJ3SHqx_qYqTMRs8OH0ZcfleE", "amenity_type": "convenience_store", "amenity": "7-Eleven", "lgu": "Mandaue City"}}, {"type": "Feature", "geometry": {"type": "Point", "coordinates": [123.9196122, 10.3254141]}, "properties": {"id": "ChIJ4Z70JQWZqTMRG10hNE2UEHA", "amenity_type": "convenience_store", "amenity": "7-Eleven", "lgu": "Mandaue City"}}, {"type": "Feature", "geometry": {"type": "Point", "coordinates": [123.9243752, 10.3713741]}, "properties": {"id": "ChIJ5Uy7qXiiqTMRD7pnUDnPJlU", "amenity_type": "convenience_store", "amenity": "7-Eleven", "lgu": "Mandaue City"}}, {"type": "Feature", "geometry": {"type": "Point", "coordinates": [123.9131746, 10.3490748]}, "properties": {"id": "ChIJ9wNNIQCZqTMRzwjPGhuwQS0", "amenity_type": "convenience_store", "amenity": "7-Eleven", "lgu": "Mandaue City"}}, {"type": "Feature", "geometry": {"type": "Point", "coordinates": [123.9214401, 10.3859553]}, "properties": {"id": "ChIJG4PM7V-jqTMRW0skzZnucrk", "amenity_type": "convenience_store", "amenity": "7-Eleven", "lgu": "Mandaue City"}}, {"type": "Feature", "geometry": {"type": "Point", "coordinates": [123.9279589, 10.347184]}, "properties": {"id": "ChIJHUVz0fWYqTMRsmByn29ds3w", "amenity_type": "convenience_store", "amenity": "7-Eleven", "lgu": "Mandaue City"}}, {"type": "Feature", "geometry": {"type": "Point", "coordinates": [123.924909, 10.3398201]}, "properties": {"id": "ChIJLREggPmYqTMRXtOoyg1HiUM", "amenity_type": "convenience_store", "amenity": "7-Eleven", "lgu": "Mandaue City"}}, {"type": "Feature", "geometry": {"type": "Point", "coordinates": [123.9082514, 10.3411304]}, "properties": {"id": "ChIJM4OyAACZqTMRwSy6Xon1O-c", "amenity_type": "convenience_store", "amenity": "7-Eleven", "lgu": "Mandaue City"}}, {"type": "Feature", "geometry": {"type": "Point", "coordinates": [123.9502234, 10.3565257]}, "properties": {"id": "ChIJRcpDL4uZqTMRqC31Y_GCvq0", "amenity_type": "convenience_store", "amenity": "7-Eleven", "lgu": "Mandaue City"}}, {"type": "Feature", "geometry": {"type": "Point", "coordinates": [123.9334987, 10.3423864]}, "properties": {"id": "ChIJU3O_-DCZqTMRpyb3ADk_A1c", "amenity_type": "convenience_store", "amenity": "7-Eleven", "lgu": "Mandaue City"}}, {"type": "Feature", "geometry": {"type": "Point", "coordinates": [123.9325951, 10.3297618]}, "properties": {"id": "ChIJr7L2-qqZqTMRH0im-gAFcCI", "amenity_type": "convenience_store", "amenity": "7-Eleven", "lgu": "Mandaue City"}}, {"type": "Feature", "geometry": {"type": "Point", "coordinates": [123.926779, 10.325341]}, "properties": {"id": "ChIJx6kq8QaZqTMRrxrc7dCKEE8", "amenity_type": "convenience_store", "amenity": "7-Eleven", "lgu": "Mandaue City"}}, {"type": "Feature", "geometry": {"type": "Point", "coordinates": [123.9486962, 10.3493062]}, "properties": {"id": "ChIJP5OJdGqYqTMRh_0ktf54juk", "amenity_type": "restaurant", "amenity": "8 In 1 Food Concept", "lgu": "Mandaue City"}}, {"type": "Feature", "geometry": {"type": "Point", "coordinates": [123.9256166, 10.3392349]}, "properties": {"id": "ChIJgYBBcPmYqTMRMtWnzHw2FvA", "amenity_type": "restaurant", "amenity": "888 CONVENIENCE STORE", "lgu": "Mandaue City"}}, {"type": "Feature", "geometry": {"type": "Point", "coordinates": [123.9203886, 10.3430655]}, "properties": {"id": "ChIJ3QmLC_CYqTMRBsTcRcBcX8c", "amenity_type": "restaurant", "amenity": "Abcd Convenience Store", "lgu": "Mandaue City"}}, {"type": "Feature", "geometry": {"type": "Point", "coordinates": [123.9449133, 10.3354536]}, "properties": {"id": "ChIJn4_bEGaZqTMRlAM0RiVkPQg", "amenity_type": "restaurant", "amenity": "All Seasons Buffet Mandaue City", "lgu": "Mandaue City"}}, {"type": "Feature", "geometry": {"type": "Point", "coordinates": [123.9263663, 10.3408539]}, "properties": {"id": "ChIJl9WlVACZqTMRnBVpPlNmxww", "amenity_type": "restaurant", "amenity": "Amber store", "lgu": "Mandaue City"}}, {"type": "Feature", "geometry": {"type": "Point", "coordinates": [123.9511476, 10.3343691]}, "properties": {"id": "ChIJwfcw3UmYqTMRsjFB-ADEcDo", "amenity_type": "restaurant", "amenity": "Amosup Slop Chest", "lgu": "Mandaue City"}}, {"type": "Feature", "geometry": {"type": "Point", "coordinates": [123.9487711, 10.3407561]}, "properties": {"id": "ChIJb8rhQEaYqTMR_6iUZTlhp5k", "amenity_type": "restaurant", "amenity": "Andy's Crunchicken - Pacific Mall", "lgu": "Mandaue City"}}, {"type": "Feature", "geometry": {"type": "Point", "coordinates": [123.9288631, 10.3469384]}, "properties": {"id": "ChIJBaZB3PWYqTMRvkFDRM2rD6Y", "amenity_type": "restaurant", "amenity": "Anita's Bakeshop - Cabancalan Mandaue Branch", "lgu": "Mandaue City"}}, {"type": "Feature", "geometry": {"type": "Point", "coordinates": [123.9112988, 10.3434261]}, "properties": {"id": "ChIJsUYNLOaYqTMRnKIv-vNQQTM", "amenity_type": "restaurant", "amenity": "Antica Osteria", "lgu": "Mandaue City"}}, {"type": "Feature", "geometry": {"type": "Point", "coordinates": [123.9134197, 10.3433065]}, "properties": {"id": "ChIJ1yYzAeaYqTMRfxYskNHZ8jc", "amenity_type": "restaurant", "amenity": "Arbee's Bakeshop", "lgu": "Mandaue City"}}, {"type": "Feature", "geometry": {"type": "Point", "coordinates": [123.9417128, 10.3363351]}, "properties": {"id": "ChIJCyrNHU6YqTMRGmoP0C8kpVo", "amenity_type": "restaurant", "amenity": "Arbee's Bakeshop", "lgu": "Mandaue City"}}, {"type": "Feature", "geometry": {"type": "Point", "coordinates": [123.922453, 10.331685]}, "properties": {"id": "ChIJWT1fZwKZqTMRrBY-zWwrchw", "amenity_type": "restaurant", "amenity": "Arbee's Bakeshop", "lgu": "Mandaue City"}}, {"type": "Feature", "geometry": {"type": "Point", "coordinates": [123.9133934, 10.3508038]}, "properties": {"id": "ChIJAQQjguuYqTMRk4p9iIOULmI", "amenity_type": "restaurant", "amenity": "Assi Mart", "lgu": "Mandaue City"}}, {"type": "Feature", "geometry": {"type": "Point", "coordinates": [123.9305254, 10.3372327]}, "properties": {"id": "ChIJc2jHuBCZqTMRxdJrDWP4Gr4", "amenity_type": "restaurant", "amenity": "B Mart Cebu", "lgu": "Mandaue City"}}, {"type": "Feature", "geometry": {"type": "Point", "coordinates": [123.9287179, 10.3382746]}, "properties": {"id": "ChIJdevtBVWZqTMRrG8BeYQj7lc", "amenity_type": "restaurant", "amenity": "BOCA", "lgu": "Mandaue City"}}, {"type": "Feature", "geometry": {"type": "Point", "coordinates": [123.9204853, 10.3374867]}, "properties": {"id": "ChIJ37vnJQCZqTMRYw31cGSIMz0", "amenity_type": "restaurant", "amenity": "BONI STORE", "lgu": "Mandaue City"}}, {"type": "Feature", "geometry": {"type": "Point", "coordinates": [123.9093316, 10.3455167]}, "properties": {"id": "ChIJdR0VPuiYqTMRGntBcfno1FE", "amenity_type": "restaurant", "amenity": "Bake & More", "lgu": "Mandaue City"}}, {"type": "Feature", "geometry": {"type": "Point", "coordinates": [123.9172711, 10.3421572]}, "properties": {"id": "ChIJL5FjbuWYqTMRVo5d3AZRqPI", "amenity_type": "cafe", "amenity": "Balai Brunch by Cafeplus Coffee", "lgu": "Mandaue City"}}, {"type": "Feature", "geometry": {"type": "Point", "coordinates": [123.9335908, 10.3279748]}, "properties": {"id": "ChIJa0QBtquZqTMRN0F5nTXTZU4", "amenity_type": "restaurant", "amenity": "Bea's Bread Basket", "lgu": "Mandaue City"}}, {"type": "Feature", "geometry": {"type": "Point", "coordinates": [123.9124631, 10.3413193]}, "properties": {"id": "ChIJby8JlJCYqTMRm-KxFzUQGXo", "amenity_type": "restaurant", "amenity": "Bo's Coffee (Banilad Town Center)", "lgu": "Mandaue City"}}, {"type": "Feature", "geometry": {"type": "Point", "coordinates": [123.9331329, 10.3351488]}, "properties": {"id": "ChIJEzLjMFSYqTMRQrohe2wjKDU", "amenity_type": "restaurant", "amenity": "Bo's Coffee (J Mall)", "lgu": "Mandaue City"}}, {"type": "Feature", "geometry": {"type": "Point", "coordinates": [123.9128125, 10.3431875]}, "properties": {"id": "ChIJdfrJOOWYqTMRaX32HKG7bf8", "amenity_type": "restaurant", "amenity": "BonDawon restaurant", "lgu": "Mandaue City"}}, {"type": "Feature", "geometry": {"type": "Point", "coordinates": [123.9203072, 10.3376085]}, "properties": {"id": "ChIJcVqKo_yYqTMRCYClkHXRnqc", "amenity_type": "restaurant", "amenity": "Bossings Store", "lgu": "Mandaue City"}}, {"type": "Feature", "geometry": {"type": "Point", "coordinates": [123.9444526, 10.3331739]}, "properties": {"id": "ChIJwQX3TpGZqTMRFz0PdfLnTwg", "amenity_type": "cafe", "amenity": "Brewed Delights Cafe - Mandaue North, Cebu", "lgu": "Mandaue City"}}, {"type": "Feature", "geometry": {"type": "Point", "coordinates": [123.9591868, 10.342545]}, "properties": {"id": "ChIJsxd45TuYqTMRiY_H7RE7T0o", "amenity_type": "restaurant", "amenity": "Butter B's Bakeshop", "lgu": "Mandaue City"}}, {"type": "Feature", "geometry": {"type": "Point", "coordinates": [123.9332695, 10.368917]}, "properties": {"id": "ChIJixHfCn-YqTMRXCRvTtmRZEU", "amenity_type": "restaurant", "amenity": "C's Best Litson Manok & Liempo", "lgu": "Mandaue City"}}, {"type": "Feature", "geometry": {"type": "Point", "coordinates": [123.9481395, 10.3405616]}, "properties": {"id": "ChIJB_rHckaYqTMRBj6g6qigrWs", "amenity_type": "restaurant", "amenity": "CK Pacific Mall Mandaue", "lgu": "Mandaue City"}}, {"type": "Feature", "geometry": {"type": "Point", "coordinates": [123.9186617, 10.3261428]}, "properties": {"id": "ChIJt4M_QaSZqTMRBiQGRqfMlHY", "amenity_type": "restaurant", "amenity": "COLLAB CEBU", "lgu": "Mandaue City"}}, {"type": "Feature", "geometry": {"type": "Point", "coordinates": [123.920058, 10.3413143]}, "properties": {"id": "ChIJtY-6ax-ZqTMRzwQxMXjYK40", "amenity_type": "cafe", "amenity": "Cafe Elim", "lgu": "Mandaue City"}}, {"type": "Feature", "geometry": {"type": "Point", "coordinates": [123.9109897, 10.3392726]}, "properties": {"id": "ChIJ5Vx81eCYqTMRkMlXhxznjzU", "amenity_type": "cafe", "amenity": "Cafe Talk", "lgu": "Mandaue City"}}, {"type": "Feature", "geometry": {"type": "Point", "coordinates": [123.9134303, 10.350722]}, "properties": {"id": "ChIJBdBzgeuYqTMR1uHuW5lkhz8", "amenity_type": "restaurant", "amenity": "Calda Pizza", "lgu": "Mandaue City"}}, {"type": "Feature", "geometry": {"type": "Point", "coordinates": [123.9487624, 10.3495688]}, "properties": {"id": "ChIJiWZ71h-9qTMRakhxaW6fT8I", "amenity_type": "restaurant", "amenity": "Cebu's Original Lechon Belly", "lgu": "Mandaue City"}}, {"type": "Feature", "geometry": {"type": "Point", "coordinates": [123.9251408, 10.3704408]}, "properties": {"id": "ChIJ7ZyI85CYqTMRHjKbWnjNDR4", "amenity_type": "cafe", "amenity": "Celso's Crib Cafe", "lgu": "Mandaue City"}}, {"type": "Feature", "geometry": {"type": "Point", "coordinates": [123.9307706, 10.3418799]}, "properties": {"id": "ChIJfTHopK6ZqTMRsNGJpD-lp88", "amenity_type": "restaurant", "amenity": "Celyn Store", "lgu": "Mandaue City"}}, {"type": "Feature", "geometry": {"type": "Point", "coordinates": [123.9437797, 10.3605988]}, "properties": {"id": "ChIJFR0RyuWZqTMRTMPhzOgD4_o", "amenity_type": "restaurant", "amenity": "Chai’s Tasty Lechon - Cebu", "lgu": "Mandaue City"}}, {"type": "Feature", "geometry": {"type": "Point", "coordinates": [123.9280567, 10.3386182]}, "properties": {"id": "ChIJ90vV4PiYqTMR3d0FSJPRpGw", "amenity_type": "cafe", "amenity": "Chef's Table Cafe (Mandaue Branch)", "lgu": "Mandaue City"}}, {"type": "Feature", "geometry": {"type": "Point", "coordinates": [123.9121234, 10.3408965]}, "properties": {"id": "ChIJuc6Npv6ZqTMRQ49spm8W7Cc", "amenity_type": "restaurant", "amenity": "CheongDamBTC", "lgu": "Mandaue City"}}, {"type": "Feature", "geometry": {"type": "Point", "coordinates": [123.9558931, 10.3471662]}, "properties": {"id": "ChIJb2r1Nj6YqTMRGe-R0J09-go", "amenity_type": "restaurant", "amenity": "Chooks To Go", "lgu": "Mandaue City"}}, {"type": "Feature", "geometry": {"type": "Point", "coordinates": [123.9367066, 10.3309406]}, "properties": {"id": "ChIJU3iAV8iZqTMRQ7QLcQy1rnY", "amenity_type": "restaurant", "amenity": "Coco + Maco Patisserie", "lgu": "Mandaue City"}}, {"type": "Feature", "geometry": {"type": "Point", "coordinates": [123.9137546, 10.3431876]}, "properties": {"id": "ChIJhZq-BuaYqTMR-tWAJtoB-mE", "amenity_type": "restaurant", "amenity": "Coffee Factory Main", "lgu": "Mandaue City"}}, {"type": "Feature", "geometry": {"type": "Point", "coordinates": [123.9340041, 10.3301432]}, "properties": {"id": "ChIJGbAFwmaZqTMR5nvTJ5-97pQ", "amenity_type": "restaurant", "amenity": "Coffee Spot - Guizo, Mandaue City", "lgu": "Mandaue City"}}, {"type": "Feature", "geometry": {"type": "Point", "coordinates": [123.9181238, 10.3418738]}, "properties": {"id": "ChIJ-aD2dwCZqTMRXeKeEHYHmxw", "amenity_type": "restaurant", "amenity": "Commonly Uncommon Coffee", "lgu": "Mandaue City"}}, {"type": "Feature", "geometry": {"type": "Point", "coordinates": [123.9111337, 10.3423391]}, "properties": {"id": "ChIJF5ewEACZqTMRcv1gYrXpIUo", "amenity_type": "restaurant", "amenity": "Convenience Store @ The Almonds", "lgu": "Mandaue City"}}, {"type": "Feature", "geometry": {"type": "Point", "coordinates": [123.9213399, 10.3864627]}, "properties": {"id": "ChIJpZ2bsXWjqTMRYDRMq0UpK_I", "amenity_type": "restaurant", "amenity": "Coolers Delight Halo Halo", "lgu": "Mandaue City"}}, {"type": "Feature", "geometry": {"type": "Point", "coordinates": [123.9265139, 10.3457167]}, "properties": {"id": "ChIJT3ewlPaYqTMR6xk7Tu49qYE", "amenity_type": "restaurant", "amenity": "Cristina 'Tinay' Store", "lgu": "Mandaue City"}}, {"type": "Feature", "geometry": {"type": "Point", "coordinates": [123.9478549, 10.3408377]}, "properties": {"id": "ChIJHRWGckaYqTMRNd8uWy8i75k", "amenity_type": "restaurant", "amenity": "Dimsum Break", "lgu": "Mandaue City"}}, {"type": "Feature", "geometry": {"type": "Point", "coordinates": [123.9364028, 10.3684649]}, "properties": {"id": "ChIJRQu4yXiYqTMRwxlM5VHNSyk", "amenity_type": "restaurant", "amenity": "Din's Lechon", "lgu": "Mandaue City"}}, {"type": "Feature", "geometry": {"type": "Point", "coordinates": [123.9317833, 10.3443223]}, "properties": {"id": "ChIJFzAxWleYqTMRaUQmpXHBYsc", "amenity_type": "restaurant", "amenity": "Don Benito's", "lgu": "Mandaue City"}}, {"type": "Feature", "geometry": {"type": "Point", "coordinates": [123.9489008, 10.3504287]}, "properties": {"id": "ChIJ-xTmMEiZqTMRydicA6UR5wo", "amenity_type": "restaurant", "amenity": "Doppio Coffee", "lgu": "Mandaue City"}}, {"type": "Feature", "geometry": {"type": "Point", "coordinates": [123.9123504, 10.34568]}, "properties": {"id": "ChIJ6Rr6azmZqTMRXXHnRd_P14c", "amenity_type": "restaurant", "amenity": "Dosage Coffee", "lgu": "Mandaue City"}}, {"type": "Feature", "geometry": {"type": "Point", "coordinates": [123.909282, 10.3455797]}, "properties": {"id": "ChIJ0WI_PuiYqTMR5nj52agGfJY", "amenity_type": "restaurant", "amenity": "Drip And Draft", "lgu": "Mandaue City"}}, {"type": "Feature", "geometry": {"type": "Point", "coordinates": [123.9110941, 10.3394518]}, "properties": {"id": "ChIJm9I50OaYqTMRgkIbANiqKvg", "amenity_type": "restaurant", "amenity": "Dunkin Donuts", "lgu": "Mandaue City"}}, {"type": "Feature", "geometry": {"type": "Point", "coordinates": [123.9487135, 10.3500735]}, "properties": {"id": "ChIJffemU0GYqTMRQEHqOZOKs1w", "amenity_type": "restaurant", "amenity": "Dunkin' - Insular Square", "lgu": "Mandaue City"}}, {"type": "Feature", "geometry": {"type": "Point", "coordinates": [123.9145639, 10.3649274]}, "properties": {"id": "ChIJhbM8MZqYqTMR8s20rDKLDME", "amenity_type": "restaurant", "amenity": "Eli's Lechon Cebu", "lgu": "Mandaue City"}}, {"type": "Feature", "geometry": {"type": "Point", "coordinates": [123.9449298, 10.3339272]}, "properties": {"id": "ChIJw5huMkOZqTMRqLOrx7IhT7g", "amenity_type": "restaurant", "amenity": "Eliz Grill", "lgu": "Mandaue City"}}, {"type": "Feature", "geometry": {"type": "Point", "coordinates": [123.914176, 10.3432043]}, "properties": {"id": "ChIJNVbIr7SZqTMRfUYz2s0ODWI", "amenity_type": "restaurant", "amenity": "Enjoy Venti", "lgu": "Mandaue City"}}, {"type": "Feature", "geometry": {"type": "Point", "coordinates": [123.938004, 10.3655583]}, "properties": {"id": "ChIJp7NttGyZqTMRYG-rs-UQdJI", "amenity_type": "restaurant", "amenity": "Equilibrium Intertrade Corporation", "lgu": "Mandaue City"}}, {"type": "Feature", "geometry": {"type": "Point", "coordinates": [123.9337825, 10.3350185]}, "properties": {"id": "ChIJTdwJFwCZqTMRxd_UajWvYzQ", "amenity_type": "restaurant", "amenity": "Ettas Cucina + Bar - JMall", "lgu": "Mandaue City"}}, {"type": "Feature", "geometry": {"type": "Point", "coordinates": [123.9291213, 10.343354]}, "properties": {"id": "ChIJOf2yKQCZqTMRHw_JIBMVGfE", "amenity_type": "restaurant", "amenity": "FABS MiniMart", "lgu": "Mandaue City"}}, {"type": "Feature", "geometry": {"type": "Point", "coordinates": [123.9134238, 10.3492868]}, "properties": {"id": "ChIJS_CU9uuYqTMRjAC7JXNAE94", "amenity_type": "restaurant", "amenity": "FC-BANILAD", "lgu": "Mandaue City"}}, {"type": "Feature", "geometry": {"type": "Point", "coordinates": [123.9174273, 10.342483]}, "properties": {"id": "ChIJcxM8b-WYqTMRIoZsYNPqUrU", "amenity_type": "restaurant", "amenity": "Fat Dois", "lgu": "Mandaue City"}}, {"type": "Feature", "geometry": {"type": "Point", "coordinates": [123.9305969, 10.3371638]}, "properties": {"id": "ChIJEfwU2OaYqTMRao0N40L9AYs", "amenity_type": "restaurant", "amenity": "GALBI KING", "lgu": "Mandaue City"}}, {"type": "Feature", "geometry": {"type": "Point", "coordinates": [123.909768, 10.3441934]}, "properties": {"id": "ChIJb2mwdeiYqTMRm2VEHNVq8Uc", "amenity_type": "restaurant", "amenity": "Giuseppe Pizzeria & Sicilian Roast", "lgu": "Mandaue City"}}, {"type": "Feature", "geometry": {"type": "Point", "coordinates": [123.9480027, 10.3407063]}, "properties": {"id": "ChIJ1ZTFEkaYqTMRvv-6OgsbF9A", "amenity_type": "restaurant", "amenity": "Goldilocks", "lgu": "Mandaue City"}}, {"type": "Feature", "geometry": {"type": "Point", "coordinates": [123.9111446, 10.3394121]}, "properties": {"id": "ChIJEfhq0uaYqTMRuZLdXixeEbQ", "amenity_type": "restaurant", "amenity": "Goldilocks", "lgu": "Mandaue City"}}, {"type": "Feature", "geometry": {"type": "Point", "coordinates": [123.9397133, 10.3353134]}, "properties": {"id": "ChIJQVpjiVGYqTMRD21B6FZxv8g", "amenity_type": "restaurant", "amenity": "Goldilocks", "lgu": "Mandaue City"}}, {"type": "Feature", "geometry": {"type": "Point", "coordinates": [123.9337129, 10.3355301]}, "properties": {"id": "ChIJxX4dMVSYqTMRIz8vXxiGohk", "amenity_type": "restaurant", "amenity": "Goldilocks", "lgu": "Mandaue City"}}, {"type": "Feature", "geometry": {"type": "Point", "coordinates": [123.9197222, 10.3411111]}, "properties": {"id": "ChIJeZFTzvqYqTMRpGhym9FbgQ8", "amenity_type": "restaurant", "amenity": "HAMAKAZE Ramen", "lgu": "Mandaue City"}}, {"type": "Feature", "geometry": {"type": "Point", "coordinates": [123.9414748, 10.3690885]}, "properties": {"id": "ChIJIRsfqT-ZqTMRBn5tuGh6E2I", "amenity_type": "restaurant", "amenity": "Halo-Halo Central", "lgu": "Mandaue City"}}, {"type": "Feature", "geometry": {"type": "Point", "coordinates": [123.9450898, 10.3351105]}, "properties": {"id": "ChIJD5d-bQCZqTMRqFQsrwTVPmc", "amenity_type": "restaurant", "amenity": "Hapon Coffee", "lgu": "Mandaue City"}}, {"type": "Feature", "geometry": {"type": "Point", "coordinates": [123.9479758, 10.3562849]}, "properties": {"id": "ChIJY8H4LGyYqTMRmljXixJSECo", "amenity_type": "restaurant", "amenity": "Happy - Haus", "lgu": "Mandaue City"}}, {"type": "Feature", "geometry": {"type": "Point", "coordinates": [123.9149933, 10.3272738]}, "properties": {"id": "ChIJYRgCXwCZqTMRu5MV6LVN3UU", "amenity_type": "restaurant", "amenity": "Happy Coffee", "lgu": "Mandaue City"}}, {"type": "Feature", "geometry": {"type": "Point", "coordinates": [123.9188749, 10.3430117]}, "properties": {"id": "ChIJ5bv3rJmZqTMRRKNrXH1Ksqo", "amenity_type": "restaurant", "amenity": "Harina by: Mimosas", "lgu": "Mandaue City"}}, {"type": "Feature", "geometry": {"type": "Point", "coordinates": [123.9147197, 10.341588]}, "properties": {"id": "ChIJ5bvReTeZqTMRABc2vywtvMc", "amenity_type": "restaurant", "amenity": "Hidden Eats by Phatbastard Cebu", "lgu": "Mandaue City"}}, {"type": "Feature", "geometry": {"type": "Point", "coordinates": [123.9324956, 10.3684111]}, "properties": {"id": "ChIJk3oNO2iZqTMRIUqzqtg6udo", "amenity_type": "cafe", "amenity": "Hidden Tables Cafe", "lgu": "Mandaue City"}}, {"type": "Feature", "geometry": {"type": "Point", "coordinates": [123.934252, 10.3348401]}, "properties": {"id": "ChIJow75RgCZqTMRWvDRKKK0hJU", "amenity_type": "restaurant", "amenity": "Hoshino Coffee - SM J Mall", "lgu": "Mandaue City"}}, {"type": "Feature", "geometry": {"type": "Point", "coordinates": [123.910667, 10.3332792]}, "properties": {"id": "ChIJ2W8yNA6ZqTMR2gg76ADGvAI", "amenity_type": "restaurant", "amenity": "House of Lechon", "lgu": "Mandaue City"}}, {"type": "Feature", "geometry": {"type": "Point", "coordinates": [123.9341806, 10.3672512]}, "properties": {"id": "ChIJg1j6xIGZqTMRrmWcGpDFhdU", "amenity_type": "restaurant", "amenity": "JJS Korean Food & Grocery Cebu", "lgu": "Mandaue City"}}, {"type": "Feature", "geometry": {"type": "Point", "coordinates": [123.9293251, 10.3466262]}, "properties": {"id": "ChIJQUu-gV-ZqTMRteXhKtSXXDw", "amenity_type": "restaurant", "amenity": "JNJ Convenience Store", "lgu": "Mandaue City"}}, {"type": "Feature", "geometry": {"type": "Point", "coordinates": [123.9184371, 10.369368]}, "properties": {"id": "ChIJ1cjVnOyZqTMRCNwACgu8ooI", "amenity_type": "restaurant", "amenity": "Jj’s Halo-Halo & Desserts (Talamban)", "lgu": "Mandaue City"}}, {"type": "Feature", "geometry": {"type": "Point", "coordinates": [123.9212882, 10.3275219]}, "properties": {"id": "ChIJYd_OEwCZqTMRxum6hNIroZc", "amenity_type": "restaurant", "amenity": "Joanna's Halo-halo PANAGDAIT", "lgu": "Mandaue City"}}, {"type": "Feature", "geometry": {"type": "Point", "coordinates": [123.920632, 10.327176]}, "properties": {"id": "ChIJyVvYvwSZqTMRZvr3ElG9WJg", "amenity_type": "restaurant", "amenity": "Joe Eatery", "lgu": "Mandaue City"}}, {"type": "Feature", "geometry": {"type": "Point", "coordinates": [123.9165916, 10.3693719]}, "properties": {"id": "ChIJqePD-JyYqTMRW3zhDSF-LM8", "amenity_type": "restaurant", "amenity": "Joules Lechon Manok", "lgu": "Mandaue City"}}, {"type": "Feature", "geometry": {"type": "Point", "coordinates": [123.9141673, 10.3675602]}, "properties": {"id": "ChIJ3S4cHZqYqTMR7pxzdRSqnF0", "amenity_type": "restaurant", "amenity": "Julie's Bakeshop", "lgu": "Mandaue City"}}, {"type": "Feature", "geometry": {"type": "Point", "coordinates": [123.9351282, 10.3303081]}, "properties": {"id": "ChIJo70QUwCZqTMRJvd2ZnZRDsA", "amenity_type": "restaurant", "amenity": "Jumbles Halo-Halo", "lgu": "Mandaue City"}}, {"type": "Feature", "geometry": {"type": "Point", "coordinates": [123.9278412, 10.3684024]}, "properties": {"id": "ChIJk9h-eLuZqTMRuV5-T0xGK7A", "amenity_type": "restaurant", "amenity": "KAPE TA! COFFEE", "lgu": "Mandaue City"}}, {"type": "Feature", "geometry": {"type": "Point", "coordinates": [123.9143336, 10.3529153]}, "properties": {"id": "ChIJX2dtrOyYqTMRt90-PuSse-s", "amenity_type": "restaurant", "amenity": "KFC", "lgu": "Mandaue City"}}, {"type": "Feature", "geometry": {"type": "Point", "coordinates": [123.9252931, 10.3493924]}, "properties": {"id": "ChIJ69c4OieZqTMRqqy8NZNbuB8", "amenity_type": "restaurant", "amenity": "KLAA MART", "lgu": "Mandaue City"}}, {"type": "Feature", "geometry": {"type": "Point", "coordinates": [123.9326423, 10.3353269]}, "properties": {"id": "ChIJY_ZJNIiZqTMRDrTDBmiftxk", "amenity_type": "restaurant", "amenity": "Kmart 24", "lgu": "Mandaue City"}}, {"type": "Feature", "geometry": {"type": "Point", "coordinates": [123.920134, 10.3414821]}, "properties": {"id": "ChIJBcDrIx6ZqTMRGMgiUUGBLPs", "amenity_type": "restaurant", "amenity": "Kurofune Cebu - Authentic Japanese Unagi & Tempura restaurant", "lgu": "Mandaue City"}}, {"type": "Feature", "geometry": {"type": "Point", "coordinates": [123.9196829, 10.3260771]}, "properties": {"id": "ChIJV-RT1gSZqTMRkItToE4YuPM", "amenity_type": "restaurant", "amenity": "Kusina Clasica", "lgu": "Mandaue City"}}, {"type": "Feature", "geometry": {"type": "Point", "coordinates": [123.9302526, 10.3447026]}, "properties": {"id": "ChIJD86aEQiZqTMRypVLRu0wR-c", "amenity_type": "restaurant", "amenity": "Kuya Insik", "lgu": "Mandaue City"}}, {"type": "Feature", "geometry": {"type": "Point", "coordinates": [123.9117506, 10.3434279]}, "properties": {"id": "ChIJezouj-aYqTMRWd2gwrwOKAA", "amenity_type": "cafe", "amenity": "La Panetteria Di Luigi Bakeshop and Cafe", "lgu": "Mandaue City"}}, {"type": "Feature", "geometry": {"type": "Point", "coordinates": [123.9214086, 10.3415365]}, "properties": {"id": "ChIJmRXMUGeZqTMRTuxf_YDHTsw", "amenity_type": "restaurant", "amenity": "Laundryhan", "lgu": "Mandaue City"}}, {"type": "Feature", "geometry": {"type": "Point", "coordinates": [123.923176, 10.324582]}, "properties": {"id": "ChIJ1YXqvgWZqTMRDu7cYXqv028", "amenity_type": "restaurant", "amenity": "Lolo Tinong's Bakery", "lgu": "Mandaue City"}}, {"type": "Feature", "geometry": {"type": "Point", "coordinates": [123.9130649, 10.343317]}, "properties": {"id": "ChIJBQS0u-OZqTMRYb83WX0Xtvc", "amenity_type": "cafe", "amenity": "Lorenzo's Cafe - Cebu City", "lgu": "Mandaue City"}}, {"type": "Feature", "geometry": {"type": "Point", "coordinates": [123.9124819, 10.3387381]}, "properties": {"id": "ChIJB8EObAGZqTMR6shVgjFxpYI", "amenity_type": "restaurant", "amenity": "Loring store", "lgu": "Mandaue City"}}, {"type": "Feature", "geometry": {"type": "Point", "coordinates": [123.9231917, 10.3344408]}, "properties": {"id": "ChIJC9c23QuZqTMRWsxiysYUvfk", "amenity_type": "restaurant", "amenity": "M", "lgu": "Mandaue City"}}, {"type": "Feature", "geometry": {"type": "Point", "coordinates": [123.9305301, 10.3413276]}, "properties": {"id": "ChIJgU3nXACZqTMR2WRl7a59zbY", "amenity_type": "restaurant", "amenity": "M. Igot store", "lgu": "Mandaue City"}}, {"type": "Feature", "geometry": {"type": "Point", "coordinates": [123.9288437, 10.3453706]}, "properties": {"id": "ChIJjdQbQPaYqTMRhbTI6sNo6Uc", "amenity_type": "restaurant", "amenity": "MA SURLE", "lgu": "Mandaue City"}}, {"type": "Feature", "geometry": {"type": "Point", "coordinates": [123.9121013, 10.3432921]}, "properties": {"id": "ChIJt9fJI-aYqTMRUgL8yPgAyDc", "amenity_type": "restaurant", "amenity": "Machiya Mart", "lgu": "Mandaue City"}}, {"type": "Feature", "geometry": {"type": "Point", "coordinates": [123.9119898, 10.342926]}, "properties": {"id": "ChIJs5FxPOGYqTMRcRCCaUTxo5M", "amenity_type": "restaurant", "amenity": "Magic Melt", "lgu": "Mandaue City"}}, {"type": "Feature", "geometry": {"type": "Point", "coordinates": [123.9476639, 10.340654]}, "properties": {"id": "ChIJYf_AE0aYqTMReCJIMqD8wUo", "amenity_type": "restaurant", "amenity": "Mang Inasal", "lgu": "Mandaue City"}}, {"type": "Feature", "geometry": {"type": "Point", "coordinates": [123.9131579, 10.3488204]}, "properties": {"id": "ChIJ4Y-b--uYqTMRBiNpFs0_Z0k", "amenity_type": "restaurant", "amenity": "Marjoe's Convenience Store", "lgu": "Mandaue City"}}, {"type": "Feature", "geometry": {"type": "Point", "coordinates": [123.910463, 10.343695]}, "properties": {"id": "ChIJWfG51ueYqTMRNGe8sTkZrKc", "amenity_type": "restaurant", "amenity": "Maroo Korean Restaurant", "lgu": "Mandaue City"}}, {"type": "Feature", "geometry": {"type": "Point", "coordinates": [123.9110244, 10.3395105]}, "properties": {"id": "ChIJ-xNT1uaYqTMRWBYHsg4OR0g", "amenity_type": "restaurant", "amenity": "Masarap Kimbop", "lgu": "Mandaue City"}}, {"type": "Feature", "geometry": {"type": "Point", "coordinates": [123.9244526, 10.3393684]}, "properties": {"id": "ChIJcW_P0PuYqTMR2vJygPUHe_0", "amenity_type": "restaurant", "amenity": "McDonald's AS Fortuna", "lgu": "Mandaue City"}}, {"type": "Feature", "geometry": {"type": "Point", "coordinates": [123.9092514, 10.3453607]}, "properties": {"id": "ChIJIf_Ft5qZqTMRUqvfynqfXdM", "amenity_type": "cafe", "amenity": "Merci Dessert Cafe", "lgu": "Mandaue City"}}, {"type": "Feature", "geometry": {"type": "Point", "coordinates": [123.9244294, 10.3398357]}, "properties": {"id": "ChIJi1ov1PuYqTMRhhEKLJBk34g", "amenity_type": "restaurant", "amenity": "Metro Supermarket", "lgu": "Mandaue City"}}, {"type": "Feature", "geometry": {"type": "Point", "coordinates": [123.9192812, 10.3259862]}, "properties": {"id": "ChIJxaN31RqZqTMRWgeSCwagMZM", "amenity_type": "restaurant", "amenity": "Mirandz Chow & Grill", "lgu": "Mandaue City"}}, {"type": "Feature", "geometry": {"type": "Point", "coordinates": [123.9102842, 10.3351581]}, "properties": {"id": "ChIJ94LAMOCYqTMR1bn0Ve0HHe0", "amenity_type": "restaurant", "amenity": "Montezas Eatery", "lgu": "Mandaue City"}}, {"type": "Feature", "geometry": {"type": "Point", "coordinates": [123.9522174, 10.3524161]}, "properties": {"id": "ChIJHVemSWuYqTMRiR0eZJzzDWw", "amenity_type": "restaurant", "amenity": "Mr. Liempo", "lgu": "Mandaue City"}}, {"type": "Feature", "geometry": {"type": "Point", "coordinates": [123.9589737, 10.3423252]}, "properties": {"id": "ChIJeQRr5TuYqTMR3Uc3SPEV3_Y", "amenity_type": "restaurant", "amenity": "Mr. Liempo", "lgu": "Mandaue City"}}, {"type": "Feature", "geometry": {"type": "Point", "coordinates": [123.9483361, 10.3624594]}, "properties": {"id": "ChIJm2zfwXOYqTMRYaRZuR9CGr8", "amenity_type": "restaurant", "amenity": "Mr. Liempo", "lgu": "Mandaue City"}}, {"type": "Feature", "geometry": {"type": "Point", "coordinates": [123.909968, 10.3440849]}, "properties": {"id": "ChIJP3JvYuaYqTMR3BAk24mB1PU", "amenity_type": "restaurant", "amenity": "My Greek Taverna, Best Greek Mediterranean Restaurant, Cebu", "lgu": "Mandaue City"}}, {"type": "Feature", "geometry": {"type": "Point", "coordinates": [123.926206, 10.3489449]}, "properties": {"id": "ChIJZdVfZ_SYqTMRXnnUJuVYh0A", "amenity_type": "restaurant", "amenity": "Myra 828 Budget Convenience Store", "lgu": "Mandaue City"}}, {"type": "Feature", "geometry": {"type": "Point", "coordinates": [123.91083, 10.3360752]}, "properties": {"id": "ChIJmRNXWmKZqTMR3iXyCTMlrQg", "amenity_type": "restaurant", "amenity": "Nanay Preding's Sari-sari Store", "lgu": "Mandaue City"}}, {"type": "Feature", "geometry": {"type": "Point", "coordinates": [123.947847, 10.3462289]}, "properties": {"id": "ChIJX74RcEGYqTMR--GVX0w6_T8", "amenity_type": "restaurant", "amenity": "Ngohiong Express - Tabok", "lgu": "Mandaue City"}}, {"type": "Feature", "geometry": {"type": "Point", "coordinates": [123.9214462, 10.3543669]}, "properties": {"id": "ChIJoRfu1l-ZqTMRDLFWO0858zU", "amenity_type": "restaurant", "amenity": "No Problem STK", "lgu": "Mandaue City"}}, {"type": "Feature", "geometry": {"type": "Point", "coordinates": [123.9323134, 10.3364513]}, "properties": {"id": "ChIJcd9i0fuYqTMRpsEJ9a43mQ8", "amenity_type": "restaurant", "amenity": "Nonki Japanese Restaurant (Main - Mandaue)", "lgu": "Mandaue City"}}, {"type": "Feature", "geometry": {"type": "Point", "coordinates": [123.916209, 10.327322]}, "properties": {"id": "ChIJjeI2oRuZqTMR8hLROMrngF4", "amenity_type": "restaurant", "amenity": "Oceanarium Restaurant", "lgu": "Mandaue City"}}, {"type": "Feature", "geometry": {"type": "Point", "coordinates": [123.9332398, 10.3769416]}, "properties": {"id": "ChIJPd0BZZijqTMRVo0PlFkdHKw", "amenity_type": "restaurant", "amenity": "One Stop Minimart", "lgu": "Mandaue City"}}, {"type": "Feature", "geometry": {"type": "Point", "coordinates": [123.9487946, 10.340748]}, "properties": {"id": "ChIJ1ZTFEkaYqTMRzBQQHOu0wHU", "amenity_type": "restaurant", "amenity": "Orange Brutus", "lgu": "Mandaue City"}}, {"type": "Feature", "geometry": {"type": "Point", "coordinates": [123.9134918, 10.3510528]}, "properties": {"id": "ChIJJUMDguuYqTMRYtHEzf5tVsQ", "amenity_type": "restaurant", "amenity": "Orange Brutus - Rosedale Banilad", "lgu": "Mandaue City"}}, {"type": "Feature", "geometry": {"type": "Point", "coordinates": [123.9504516, 10.3352792]}, "properties": {"id": "ChIJddM9nUmYqTMRL7vXF1wsAes", "amenity_type": "restaurant", "amenity": "Oyster Bay Seafood Restaurant", "lgu": "Mandaue City"}}, {"type": "Feature", "geometry": {"type": "Point", "coordinates": [123.9198092, 10.3263339]}, "properties": {"id": "ChIJiVSj0ASZqTMRFRbH9CqvgiA", "amenity_type": "restaurant", "amenity": "Pan De Manila Kasambagan", "lgu": "Mandaue City"}}, {"type": "Feature", "geometry": {"type": "Point", "coordinates": [123.912185, 10.340861]}, "properties": {"id": "ChIJCWPn8uaYqTMRdXEBPDisVqw", "amenity_type": "restaurant", "amenity": "Pan de Manila Banilad Town Center", "lgu": "Mandaue City"}}, {"type": "Feature", "geometry": {"type": "Point", "coordinates": [123.9120422, 10.3396531]}, "properties": {"id": "ChIJ259JFPiZqTMRmhbBtvrsCOU", "amenity_type": "restaurant", "amenity": "Pastel Fruity Halo-Halo Banilad", "lgu": "Mandaue City"}}, {"type": "Feature", "geometry": {"type": "Point", "coordinates": [123.911242, 10.34025]}, "properties": {"id": "ChIJO7xV5-aYqTMRJhawgzqki94", "amenity_type": "restaurant", "amenity": "Pearl Korean Meat Shop & Restaurant", "lgu": "Mandaue City"}}, {"type": "Feature", "geometry": {"type": "Point", "coordinates": [123.9108715, 10.3358212]}, "properties": {"id": "ChIJuVTbOcCZqTMRKItKuLwiIMQ", "amenity_type": "restaurant", "amenity": "Pedlex Store", "lgu": "Mandaue City"}}, {"type": "Feature", "geometry": {"type": "Point", "coordinates": [123.938, 10.3303]}, "properties": {"id": "ChIJ30shxayZqTMR2ebcctLd74U", "amenity_type": "restaurant", "amenity": "Phillips Seafood Philippines Corporation.", "lgu": "Mandaue City"}}, {"type": "Feature", "geometry": {"type": "Point", "coordinates": [123.9154813, 10.3534418]}, "properties": {"id": "ChIJy4rrMJOYqTMR4Zog79NfjxM", "amenity_type": "restaurant", "amenity": "Pixie's Sinugba", "lgu": "Mandaue City"}}, {"type": "Feature", "geometry": {"type": "Point", "coordinates": [123.9482744, 10.3407715]}, "properties": {"id": "ChIJ0wS3FEaYqTMRwJYf7-GSqqs", "amenity_type": "restaurant", "amenity": "Potato Corner", "lgu": "Mandaue City"}}, {"type": "Feature", "geometry": {"type": "Point", "coordinates": [123.912995, 10.3412161]}, "properties": {"id": "ChIJMbELi-aYqTMRh8nr-JYyvIo", "amenity_type": "restaurant", "amenity": "Potato Corner", "lgu": "Mandaue City"}}, {"type": "Feature", "geometry": {"type": "Point", "coordinates": [123.9173501, 10.3425539]}, "properties": {"id": "ChIJhbHjv-uZqTMRaJ83MyLyvCc", "amenity_type": "cafe", "amenity": "Precious Brew Cafe - A.S. Fortuna", "lgu": "Mandaue City"}}, {"type": "Feature", "geometry": {"type": "Point", "coordinates": [123.943576, 10.3328667]}, "properties": {"id": "ChIJZYTTEmqZqTMRShPn4gJTHK8", "amenity_type": "restaurant", "amenity": "Psalms Coffee & Pastry Cebu", "lgu": "Mandaue City"}}, {"type": "Feature", "geometry": {"type": "Point", "coordinates": [123.9124769, 10.3418031]}, "properties": {"id": "ChIJZYZqXpSZqTMR8rhXy2oGeu4", "amenity_type": "restaurant", "amenity": "Pukot Kitchen Cebu", "lgu": "Mandaue City"}}, {"type": "Feature", "geometry": {"type": "Point", "coordinates": [123.9116401, 10.3377439]}, "properties": {"id": "ChIJ7d9VPeGYqTMRr03IxohZUa0", "amenity_type": "restaurant", "amenity": "Pusan MART", "lgu": "Mandaue City"}}, {"type": "Feature", "geometry": {"type": "Point", "coordinates": [123.947999, 10.340852]}, "properties": {"id": "ChIJqalGa0aYqTMRHJiGGZf7yxI", "amenity_type": "restaurant", "amenity": "RR-PACIFIC MALL", "lgu": "Mandaue City"}}, {"type": "Feature", "geometry": {"type": "Point", "coordinates": [123.9180546, 10.3425352]}, "properties": {"id": "ChIJzcfiXOWYqTMRwD_-IquKrbY", "amenity_type": "restaurant", "amenity": "Ramen Yushoken Cebu", "lgu": "Mandaue City"}}, {"type": "Feature", "geometry": {"type": "Point", "coordinates": [123.9276849, 10.3407431]}, "properties": {"id": "ChIJQ-iTFwCZqTMR21krOZ-fIqU", "amenity_type": "restaurant", "amenity": "Rolly Store", "lgu": "Mandaue City"}}, {"type": "Feature", "geometry": {"type": "Point", "coordinates": [123.9501667, 10.3558484]}, "properties": {"id": "ChIJtQQl-WyYqTMRawcVovAb85I", "amenity_type": "restaurant", "amenity": "Rulls Home Bakeshop", "lgu": "Mandaue City"}}, {"type": "Feature", "geometry": {"type": "Point", "coordinates": [123.9138323, 10.3435924]}, "properties": {"id": "ChIJbTa5V6mZqTMRZVZmHXwzyKk", "amenity_type": "restaurant", "amenity": "Saberon Store", "lgu": "Mandaue City"}}, {"type": "Feature", "geometry": {"type": "Point", "coordinates": [123.9228375, 10.35288]}, "properties": {"id": "ChIJJaTaRfOYqTMRI7dnWr22b-o", "amenity_type": "restaurant", "amenity": "Sachi Authentic Japanese Ramen And Okonomiyaki", "lgu": "Mandaue City"}}, {"type": "Feature", "geometry": {"type": "Point", "coordinates": [123.9501597, 10.3354813]}, "properties": {"id": "ChIJmfVRmEmYqTMRnWdWxiTyB4k", "amenity_type": "restaurant", "amenity": "San Sebastian Seafood Specialties", "lgu": "Mandaue City"}}, {"type": "Feature", "geometry": {"type": "Point", "coordinates": [123.9113242, 10.3382264]}, "properties": {"id": "ChIJqxhaIeGYqTMRs9cFqMYN3qY", "amenity_type": "restaurant", "amenity": "Sandy's Bakeshop", "lgu": "Mandaue City"}}, {"type": "Feature", "geometry": {"type": "Point", "coordinates": [123.9110151, 10.339297]}, "properties": {"id": "ChIJIzOA1eCYqTMRrH50uX_nUvA", "amenity_type": "cafe", "amenity": "Seoul Dessert Cafe by Seoulbing since2015", "lgu": "Mandaue City"}}, {"type": "Feature", "geometry": {"type": "Point", "coordinates": [123.9194579, 10.3416772]}, "properties": {"id": "ChIJJdxLyvqYqTMRgM8VMpdOwyk", "amenity_type": "restaurant", "amenity": "Shakey's Pizza Parlor", "lgu": "Mandaue City"}}, {"type": "Feature", "geometry": {"type": "Point", "coordinates": [123.9151558, 10.3630961]}, "properties": {"id": "ChIJ5bJM8euYqTMRU0tlwOwpIP8", "amenity_type": "restaurant", "amenity": "Shebz Cakes & Brownies", "lgu": "Mandaue City"}}, {"type": "Feature", "geometry": {"type": "Point", "coordinates": [123.926432, 10.345542]}, "properties": {"id": "ChIJC2FFd_mYqTMRDSq9Qa57GkA", "amenity_type": "restaurant", "amenity": "Shell", "lgu": "Mandaue City"}}, {"type": "Feature", "geometry": {"type": "Point", "coordinates": [123.912194, 10.344617]}, "properties": {"id": "ChIJs0Zr-V-ZqTMRIya8_otssA4", "amenity_type": "restaurant", "amenity": "Shell", "lgu": "Mandaue City"}}, {"type": "Feature", "geometry": {"type": "Point", "coordinates": [123.925409, 10.3394431]}, "properties": {"id": "ChIJHXQpevmYqTMRm17Aa9rzQvY", "amenity_type": "restaurant", "amenity": "Shell Select", "lgu": "Mandaue City"}}, {"type": "Feature", "geometry": {"type": "Point", "coordinates": [123.9112239, 10.3436093]}, "properties": {"id": "ChIJ_xnEsfCZqTMR2JX505eVd0o", "amenity_type": "restaurant", "amenity": "Shin Mikana Philippines Supermart Cebu", "lgu": "Mandaue City"}}, {"type": "Feature", "geometry": {"type": "Point", "coordinates": [123.9309544, 10.3448316]}, "properties": {"id": "ChIJ8dITk1iYqTMRU6fDNvzt3a4", "amenity_type": "restaurant", "amenity": "Shop", "lgu": "Mandaue City"}}, {"type": "Feature", "geometry": {"type": "Point", "coordinates": [123.9130771, 10.3473666]}, "properties": {"id": "ChIJWTe-T-mYqTMR3ReUb0R1aj0", "amenity_type": "restaurant", "amenity": "Silogan Ni Gian", "lgu": "Mandaue City"}}, {"type": "Feature", "geometry": {"type": "Point", "coordinates": [123.9341259, 10.3351928]}, "properties": {"id": "ChIJ5YdjJVSYqTMRnGl-Dc2DEdc", "amenity_type": "restaurant", "amenity": "Snakyard", "lgu": "Mandaue City"}}, {"type": "Feature", "geometry": {"type": "Point", "coordinates": [123.9180548, 10.3272396]}, "properties": {"id": "ChIJe4gLCECZqTMRuYlD3ADFdQY", "amenity_type": "restaurant", "amenity": "Socarrat", "lgu": "Mandaue City"}}, {"type": "Feature", "geometry": {"type": "Point", "coordinates": [123.9283847, 10.369023]}, "properties": {"id": "ChIJPe1NdPmZqTMRWIEsfkWKKD8", "amenity_type": "restaurant", "amenity": "Sol's Halo-Halo and Desserts Canduman", "lgu": "Mandaue City"}}, {"type": "Feature", "geometry": {"type": "Point", "coordinates": [123.9365606, 10.338967]}, "properties": {"id": "ChIJb-W70aeZqTMRoZmZjK-Cxsc", "amenity_type": "restaurant", "amenity": "Sol's Halo-Halo and Refreshments", "lgu": "Mandaue City"}}, {"type": "Feature", "geometry": {"type": "Point", "coordinates": [123.9146685, 10.354591]}, "properties": {"id": "ChIJ6ZCysv6ZqTMRd2lM4EuPA2g", "amenity_type": "restaurant", "amenity": "Sol’s Halohalo & Desserts", "lgu": "Mandaue City"}}, {"type": "Feature", "geometry": {"type": "Point", "coordinates": [123.929578, 10.3464524]}, "properties": {"id": "ChIJu8ArPwCZqTMR6-yyiyCWXSk", "amenity_type": "cafe", "amenity": "Starblack Cafe - Casuntingan, Mandaue", "lgu": "Mandaue City"}}, {"type": "Feature", "geometry": {"type": "Point", "coordinates": [123.9179341, 10.3423547]}, "properties": {"id": "ChIJJf5dqPiYqTMRRRB4QBP_-A4", "amenity_type": "restaurant", "amenity": "Starbucks Oakridge Business Park", "lgu": "Mandaue City"}}, {"type": "Feature", "geometry": {"type": "Point", "coordinates": [123.9291452, 10.3431579]}, "properties": {"id": "ChIJkQI2FsWZqTMRDLwTE7-FdZI", "amenity_type": "cafe", "amenity": "Stoplight Cafe", "lgu": "Mandaue City"}}, {"type": "Feature", "geometry": {"type": "Point", "coordinates": [123.9183797, 10.343142]}, "properties": {"id": "ChIJU8CDbK6ZqTMRDl19opLy4E8", "amenity_type": "restaurant", "amenity": "Sunburst Fried Chicken Oakridge Cebu", "lgu": "Mandaue City"}}, {"type": "Feature", "geometry": {"type": "Point", "coordinates": [123.9259366, 10.3511011]}, "properties": {"id": "ChIJpzkxnNGZqTMRPWb5nZGCCfc", "amenity_type": "restaurant", "amenity": "Sux Cebu, PH", "lgu": "Mandaue City"}}, {"type": "Feature", "geometry": {"type": "Point", "coordinates": [123.9219411, 10.3486025]}, "properties": {"id": "ChIJhQtZ__CYqTMRGJdnTh1xwoU", "amenity_type": "cafe", "amenity": "Tablea Chocolate Cafe", "lgu": "Mandaue City"}}, {"type": "Feature", "geometry": {"type": "Point", "coordinates": [123.9302714, 10.337708]}, "properties": {"id": "ChIJ62agzn6ZqTMR_qoQsVM33Cg", "amenity_type": "restaurant", "amenity": "Tasty 24 Convenience Store", "lgu": "Mandaue City"}}, {"type": "Feature", "geometry": {"type": "Point", "coordinates": [123.9195508, 10.341578]}, "properties": {"id": "ChIJFVIYyvqYqTMRDmetS6-FEj4", "amenity_type": "restaurant", "amenity": "Tavolata® Design Center of Cebu", "lgu": "Mandaue City"}}, {"type": "Feature", "geometry": {"type": "Point", "coordinates": [123.9402009, 10.3378023]}, "properties": {"id": "ChIJCwdyylGYqTMRkKu0R1Bdp_I", "amenity_type": "restaurant", "amenity": "The Cakerie Cebu", "lgu": "Mandaue City"}}, {"type": "Feature", "geometry": {"type": "Point", "coordinates": [123.919214, 10.3417389]}, "properties": {"id": "ChIJYVauSuWYqTMRp5PlozAcGow", "amenity_type": "restaurant", "amenity": "The Coffee Bean & Tea Leaf", "lgu": "Mandaue City"}}, {"type": "Feature", "geometry": {"type": "Point", "coordinates": [123.9313076, 10.3372169]}, "properties": {"id": "ChIJL5iYKwCZqTMRMr8kMVU3Xcw", "amenity_type": "restaurant", "amenity": "The Convenience Store", "lgu": "Mandaue City"}}, {"type": "Feature", "geometry": {"type": "Point", "coordinates": [123.9287282, 10.3677449]}, "properties": {"id": "ChIJo1qpiNGjqTMRIGzU1kPc6jU", "amenity_type": "cafe", "amenity": "The Hideout Cafe Cebu", "lgu": "Mandaue City"}}, {"type": "Feature", "geometry": {"type": "Point", "coordinates": [123.9272142, 10.3406399]}, "properties": {"id": "ChIJtzxltvmYqTMRw1OkCDXFMYw", "amenity_type": "restaurant", "amenity": "The Man Cave", "lgu": "Mandaue City"}}, {"type": "Feature", "geometry": {"type": "Point", "coordinates": [123.9187997, 10.3424987]}, "properties": {"id": "ChIJM5e7UeWYqTMRCb7ZvWWZhGY", "amenity_type": "restaurant", "amenity": "The Marketplace Oakridge", "lgu": "Mandaue City"}}, {"type": "Feature", "geometry": {"type": "Point", "coordinates": [123.9198932, 10.3262593]}, "properties": {"id": "ChIJs0_T4qWZqTMRwKTdPd-DpaA", "amenity_type": "cafe", "amenity": "Third Wave Coffee Cebu - Bloq Cafe", "lgu": "Mandaue City"}}, {"type": "Feature", "geometry": {"type": "Point", "coordinates": [123.9252475, 10.3396899]}, "properties": {"id": "ChIJf-rOjyKZqTMRIL0VeBnUCY0", "amenity_type": "restaurant", "amenity": "Tiger Crab Cebu 타이거크랩 세부", "lgu": "Mandaue City"}}, {"type": "Feature", "geometry": {"type": "Point", "coordinates": [123.9115941, 10.3434938]}, "properties": {"id": "ChIJh9UarjyZqTMRnXgPFf5oFpk", "amenity_type": "restaurant", "amenity": "Tightrope Coffee One Paseo", "lgu": "Mandaue City"}}, {"type": "Feature", "geometry": {"type": "Point", "coordinates": [123.9128992, 10.3391175]}, "properties": {"id": "ChIJv9Ed8I2ZqTMRZhknNuTanM4", "amenity_type": "restaurant", "amenity": "Tiyoy's & Myrn's Sari Sari Store", "lgu": "Mandaue City"}}, {"type": "Feature", "geometry": {"type": "Point", "coordinates": [123.9132753, 10.3507454]}, "properties": {"id": "ChIJy-yxROmYqTMR7P0gBtFPhX8", "amenity_type": "restaurant", "amenity": "Topokkiman 떡볶이맨", "lgu": "Mandaue City"}}, {"type": "Feature", "geometry": {"type": "Point", "coordinates": [123.947715, 10.3407569]}, "properties": {"id": "ChIJjZW6ckaYqTMRDiPKm-y_f0U", "amenity_type": "restaurant", "amenity": "Turks Pacific Mall", "lgu": "Mandaue City"}}, {"type": "Feature", "geometry": {"type": "Point", "coordinates": [123.9174, 10.3261003]}, "properties": {"id": "ChIJbUsS-i6ZqTMRGBYb-IGkaqI", "amenity_type": "restaurant", "amenity": "UCC Clockwork Bonifacio Cebu", "lgu": "Mandaue City"}}, {"type": "Feature", "geometry": {"type": "Point", "coordinates": [123.9132238, 10.3494465]}, "properties": {"id": "ChIJNT2u8-uYqTMRzzvtGoD_S6c", "amenity_type": "convenience_store", "amenity": "Uncle John's (Ministop)", "lgu": "Mandaue City"}}, {"type": "Feature", "geometry": {"type": "Point", "coordinates": [123.9218612, 10.3362214]}, "properties": {"id": "ChIJC_CmyiaZqTMR5hIRCiG5TaQ", "amenity_type": "restaurant", "amenity": "Urban Deca Homes Building-16, Unit-103,Hernan Cortes", "lgu": "Mandaue City"}}, {"type": "Feature", "geometry": {"type": "Point", "coordinates": [123.9291138, 10.3280052]}, "properties": {"id": "ChIJ95MJJACZqTMRsyLjv6QTkl4", "amenity_type": "restaurant", "amenity": "Urban Valuemart Convenience Store", "lgu": "Mandaue City"}}, {"type": "Feature", "geometry": {"type": "Point", "coordinates": [123.9159806, 10.363558]}, "properties": {"id": "ChIJR2BUZpqYqTMRzuvb9ddIF0Y", "amenity_type": "cafe", "amenity": "Vamos Cafe at 1073-13 Kalubihan (Sitio Tago), Talamban Cebu City 6000", "lgu": "Mandaue City"}}, {"type": "Feature", "geometry": {"type": "Point", "coordinates": [123.9138079, 10.3671608]}, "properties": {"id": "ChIJBxyy_ZuYqTMRHc-wRbO3G2Q", "amenity_type": "cafe", "amenity": "Ven’s Cafe", "lgu": "Mandaue City"}}, {"type": "Feature", "geometry": {"type": "Point", "coordinates": [123.9176186, 10.326414]}, "properties": {"id": "ChIJwVUP5jiZqTMR0dopRbSAY9c", "amenity_type": "restaurant", "amenity": "Vienna Kaffeehaus", "lgu": "Mandaue City"}}, {"type": "Feature", "geometry": {"type": "Point", "coordinates": [123.9311373, 10.3455043]}, "properties": {"id": "ChIJA8U5u1iYqTMRMt0_Ee3jS8o", "amenity_type": "restaurant", "amenity": "Waffle Time", "lgu": "Mandaue City"}}, {"type": "Feature", "geometry": {"type": "Point", "coordinates": [123.9223763, 10.3267028]}, "properties": {"id": "ChIJKWs8XASZqTMRyTpME-w7ah4", "amenity_type": "restaurant", "amenity": "Wendears Cake", "lgu": "Mandaue City"}}, {"type": "Feature", "geometry": {"type": "Point", "coordinates": [123.945765, 10.364305]}, "properties": {"id": "ChIJffkutnaYqTMRuoxQklLj5Wg", "amenity_type": "restaurant", "amenity": "Wenggay's", "lgu": "Mandaue City"}}, {"type": "Feature", "geometry": {"type": "Point", "coordinates": [123.925978, 10.3390349]}, "properties": {"id": "ChIJY5yWbfmYqTMR54jJfIVqOXk", "amenity_type": "restaurant", "amenity": "Yeedang Dduk Bang Korean Traditional Cake", "lgu": "Mandaue City"}}, {"type": "Feature", "geometry": {"type": "Point", "coordinates": [123.9219385, 10.3359109]}, "properties": {"id": "ChIJuXsWbiqZqTMRX5HmNjBrDGI", "amenity_type": "restaurant", "amenity": "Z Mart Convenience Store", "lgu": "Mandaue City"}}, {"type": "Feature", "geometry": {"type": "Point", "coordinates": [123.947939, 10.340667]}, "properties": {"id": "ChIJ1ZTFEkaYqTMRvbSUSjF5fs0", "amenity_type": "restaurant", "amenity": "Zagu", "lgu": "Mandaue City"}}, {"type": "Feature", "geometry": {"type": "Point", "coordinates": [123.9481008, 10.3407714]}, "properties": {"id": "ChIJLbqVbEaYqTMRnPndqdYnMO4", "amenity_type": "restaurant", "amenity": "Zubuchon", "lgu": "Mandaue City"}}, {"type": "Feature", "geometry": {"type": "Point", "coordinates": [123.9179011, 10.3269369]}, "properties": {"id": "ChIJNwKtMZaZqTMR1ah_jrkvdDw", "amenity_type": "restaurant", "amenity": "dragonfly café. – Bonifacio District", "lgu": "Mandaue City"}}, {"type": "Feature", "geometry": {"type": "Point", "coordinates": [123.9093362, 10.3450355]}, "properties": {"id": "ChIJzTby_iyZqTMRZF8tfPkDbAE", "amenity_type": "restaurant", "amenity": "happy hippos", "lgu": "Mandaue City"}}, {"type": "Feature", "geometry": {"type": "Point", "coordinates": [123.9291009, 10.3433467]}, "properties": {"id": "ChIJbzbRg0qZqTMR76WDZhG-pBs", "amenity_type": "restaurant", "amenity": "hopNshop Minimart", "lgu": "Mandaue City"}}, {"type": "Feature", "geometry": {"type": "Point", "coordinates": [123.9196018, 10.3413297]}, "properties": {"id": "ChIJU12ozvqYqTMRL3NUXOtJcIU", "amenity_type": "restaurant", "amenity": "luca's test kitchen", "lgu": "Mandaue City"}}, {"type": "Feature", "geometry": {"type": "Point", "coordinates": [123.925862, 10.3390365]}, "properties": {"id": "ChIJjwXePACZqTMREzBZ-vGSkOQ", "amenity_type": "restaurant", "amenity": "moooo0", "lgu": "Mandaue City"}}, {"type": "Feature", "geometry": {"type": "Point", "coordinates": [123.9301408, 10.3375729]}, "properties": {"id": "ChIJCw_rJZyZqTMRewCF7vIsH9w", "amenity_type": "restaurant", "amenity": "老乡超市", "lgu": "Mandaue City"}}, {"type": "Feature", "geometry": {"type": "Point", "coordinates": [123.7850374, 10.2420552]}, "properties": {"id": "ChIJfQDyAQB3qTMRwTwKYvppNoQ", "amenity_type": "restaurant", "amenity": "7 Eleven 5648 Seaoil Minglanilla", "lgu": "Minglanilla"}}, {"type": "Feature", "geometry": {"type": "Point", "coordinates": [123.7831746, 10.2363401]}, "properties": {"id": "ChIJO4cHfwB3qTMRY1v1ohpVJ-A", "amenity_type": "convenience_store", "amenity": "7-Eleven", "lgu": "Minglanilla"}}, {"type": "Feature", "geometry": {"type": "Point", "coordinates": [123.7793719, 10.2391924]}, "properties": {"id": "ChIJb3HTtKB3qTMRYHV-pPEfUEg", "amenity_type": "convenience_store", "amenity": "7-Eleven", "lgu": "Minglanilla"}}, {"type": "Feature", "geometry": {"type": "Point", "coordinates": [123.7922847, 10.2394874]}, "properties": {"id": "ChIJvwz7TwB3qTMR7JTvx2OUdiw", "amenity_type": "convenience_store", "amenity": "7-Eleven", "lgu": "Minglanilla"}}, {"type": "Feature", "geometry": {"type": "Point", "coordinates": [123.764179, 10.2592296]}, "properties": {"id": "ChIJeagpvbx3qTMR-uI4RgXUWaE", "amenity_type": "restaurant", "amenity": "ALPHA MINI GROCERY", "lgu": "Minglanilla"}}, {"type": "Feature", "geometry": {"type": "Point", "coordinates": [123.7859184, 10.2430018]}, "properties": {"id": "ChIJdecLqrl3qTMRFrZyR8mgz0w", "amenity_type": "restaurant", "amenity": "Americano Grill", "lgu": "Minglanilla"}}, {"type": "Feature", "geometry": {"type": "Point", "coordinates": [123.7878344, 10.2359784]}, "properties": {"id": "ChIJFec0KQB3qTMR7M9gHI3J2oM", "amenity_type": "restaurant", "amenity": "At 5 AM Coffee", "lgu": "Minglanilla"}}, {"type": "Feature", "geometry": {"type": "Point", "coordinates": [123.7885715, 10.2432483]}, "properties": {"id": "ChIJd9dzXQB3qTMRV_UqCUTEkJE", "amenity_type": "restaurant", "amenity": "DREWL SIZZLE & GRILL", "lgu": "Minglanilla"}}, {"type": "Feature", "geometry": {"type": "Point", "coordinates": [123.7879596, 10.2426343]}, "properties": {"id": "ChIJl_jnkvV3qTMRZjSd6t_47Ao", "amenity_type": "cafe", "amenity": "El’s Cafe", "lgu": "Minglanilla"}}, {"type": "Feature", "geometry": {"type": "Point", "coordinates": [123.7844629, 10.2320701]}, "properties": {"id": "ChIJVXmvMDR5qTMR9nwosH_MR5U", "amenity_type": "cafe", "amenity": "Grainsmart Cafe - Lower Tungkop Minglanilla", "lgu": "Minglanilla"}}, {"type": "Feature", "geometry": {"type": "Point", "coordinates": [123.782607, 10.2318703]}, "properties": {"id": "ChIJp3xLHwB5qTMRNfe1upIikOc", "amenity_type": "cafe", "amenity": "Hideout Cafe", "lgu": "Minglanilla"}}, {"type": "Feature", "geometry": {"type": "Point", "coordinates": [123.7858063, 10.2328543]}, "properties": {"id": "ChIJi_xJUeN5qTMR9LKdu0TeBso", "amenity_type": "restaurant", "amenity": "Juan Café - Minglanilla", "lgu": "Minglanilla"}}, {"type": "Feature", "geometry": {"type": "Point", "coordinates": [123.7761982, 10.237644]}, "properties": {"id": "ChIJddsa7vR3qTMRqLv7mFhZuPM", "amenity_type": "restaurant", "amenity": "KJT Food Hauz", "lgu": "Minglanilla"}}, {"type": "Feature", "geometry": {"type": "Point", "coordinates": [123.7809185, 10.2395971]}, "properties": {"id": "ChIJJ34bEh53qTMRScvFUfUhTYk", "amenity_type": "restaurant", "amenity": "Parrt Ebelle Tinola Minglanilla", "lgu": "Minglanilla"}}, {"type": "Feature", "geometry": {"type": "Point", "coordinates": [123.7830372, 10.2362318]}, "properties": {"id": "ChIJ-SLEeQB3qTMRe-QE_TUy56w", "amenity_type": "cafe", "amenity": "Povlato Cafe and Resto", "lgu": "Minglanilla"}}, {"type": "Feature", "geometry": {"type": "Point", "coordinates": [123.8576875, 10.2661875]}, "properties": {"id": "ChIJGY9aXemdqTMRH3EQP38rJL8", "amenity_type": "restaurant", "amenity": "1824MARKETPLACE", "lgu": "Talisay City"}}, {"type": "Feature", "geometry": {"type": "Point", "coordinates": [123.8591566, 10.269416]}, "properties": {"id": "ChIJpU1balycqTMRt9bxcrRHKTQ", "amenity_type": "restaurant", "amenity": "2 Niña´s Bakeshop", "lgu": "Talisay City"}}, {"type": "Feature", "geometry": {"type": "Point", "coordinates": [123.8437372, 10.2670711]}, "properties": {"id": "ChIJNZbcjmydqTMR7UVJJuOsfiU", "amenity_type": "restaurant", "amenity": "21 South Burger", "lgu": "Talisay City"}}, {"type": "Feature", "geometry": {"type": "Point", "coordinates": [123.843512, 10.2466035]}, "properties": {"id": "ChIJ9eQRqVydqTMRgANQsaf9Wvw", "amenity_type": "restaurant", "amenity": "38 Coffee", "lgu": "Talisay City"}}, {"type": "Feature", "geometry": {"type": "Point", "coordinates": [123.8574037, 10.2766723]}, "properties": {"id": "ChIJ7Zw_UV-dqTMRU8FNbBBrHoM", "amenity_type": "restaurant", "amenity": "38 Coffee - Pardo-Inayawan Branch", "lgu": "Talisay City"}}, {"type": "Feature", "geometry": {"type": "Point", "coordinates": [123.8240729, 10.2390984]}, "properties": {"id": "ChIJNZr3AACdqTMRBnL408ebRsg", "amenity_type": "restaurant", "amenity": "4 A's Lechon", "lgu": "Talisay City"}}, {"type": "Feature", "geometry": {"type": "Point", "coordinates": [123.8503019, 10.2720227]}, "properties": {"id": "ChIJUZEpKACdqTMRPrnGTeQf_Rg", "amenity_type": "restaurant", "amenity": "4-11 variety", "lgu": "Talisay City"}}, {"type": "Feature", "geometry": {"type": "Point", "coordinates": [123.8282151, 10.2378771]}, "properties": {"id": "ChIJA6CXJgCdqTMRlIygHy1r0wk", "amenity_type": "restaurant", "amenity": "5J's BakeHouse", "lgu": "Talisay City"}}, {"type": "Feature", "geometry": {"type": "Point", "coordinates": [123.8498603, 10.2733278]}, "properties": {"id": "ChIJv6B1WACdqTMRVuc2qia4_LU", "amenity_type": "restaurant", "amenity": "69 street bar", "lgu": "Talisay City"}}, {"type": "Feature", "geometry": {"type": "Point", "coordinates": [123.8399435, 10.2408447]}, "properties": {"id": "ChIJ3xkqaHudqTMRBPWyhEJgs54", "amenity_type": "convenience_store", "amenity": "7-Eleven", "lgu": "Talisay City"}}, {"type": "Feature", "geometry": {"type": "Point", "coordinates": [123.8476479, 10.2590276]}, "properties": {"id": "ChIJ4z7awWOdqTMRB5K1h8uCTQQ", "amenity_type": "convenience_store", "amenity": "7-Eleven", "lgu": "Talisay City"}}, {"type": "Feature", "geometry": {"type": "Point", "coordinates": [123.854733, 10.278644]}, "properties": {"id": "ChIJ7eN_e0acqTMRkNFP8caXKEo", "amenity_type": "convenience_store", "amenity": "7-Eleven", "lgu": "Talisay City"}}, {"type": "Feature", "geometry": {"type": "Point", "coordinates": [123.8394225, 10.2537714]}, "properties": {"id": "ChIJB1QD0YydqTMREelYiYi-sOE", "amenity_type": "convenience_store", "amenity": "7-Eleven", "lgu": "Talisay City"}}, {"type": "Feature", "geometry": {"type": "Point", "coordinates": [123.8492724, 10.2731879]}, "properties": {"id": "ChIJIwInzFGcqTMRuX_C1xFeJzo", "amenity_type": "convenience_store", "amenity": "7-Eleven", "lgu": "Talisay City"}}, {"type": "Feature", "geometry": {"type": "Point", "coordinates": [123.8240887, 10.2391752]}, "properties": {"id": "ChIJKRlaWrqdqTMRNBB_HTfEXWY", "amenity_type": "convenience_store", "amenity": "7-Eleven", "lgu": "Talisay City"}}, {"type": "Feature", "geometry": {"type": "Point", "coordinates": [123.8541213, 10.2517126]}, "properties": {"id": "ChIJL9SDCQCdqTMRHuCWTUxwlfI", "amenity_type": "convenience_store", "amenity": "7-Eleven", "lgu": "Talisay City"}}, {"type": "Feature", "geometry": {"type": "Point", "coordinates": [123.7952073, 10.2452873]}, "properties": {"id": "ChIJNSnSHQB3qTMRIjdRzJxH2rM", "amenity_type": "convenience_store", "amenity": "7-Eleven", "lgu": "Talisay City"}}, {"type": "Feature", "geometry": {"type": "Point", "coordinates": [123.8590026, 10.2698354]}, "properties": {"id": "ChIJP-5ZDUidqTMR3Vy5Y0Bj5us", "amenity_type": "convenience_store", "amenity": "7-Eleven", "lgu": "Talisay City"}}, {"type": "Feature", "geometry": {"type": "Point", "coordinates": [123.8280836, 10.2459907]}, "properties": {"id": "ChIJSfb-EbCdqTMREjERHEwbBhY", "amenity_type": "convenience_store", "amenity": "7-Eleven", "lgu": "Talisay City"}}, {"type": "Feature", "geometry": {"type": "Point", "coordinates": [123.8397472, 10.2446648]}, "properties": {"id": "ChIJUwchJgCdqTMR5ZOUJcwBOFE", "amenity_type": "convenience_store", "amenity": "7-Eleven", "lgu": "Talisay City"}}, {"type": "Feature", "geometry": {"type": "Point", "coordinates": [123.8366476, 10.265438]}, "properties": {"id": "ChIJXbThMl2dqTMRhHcl92loAig", "amenity_type": "convenience_store", "amenity": "7-Eleven", "lgu": "Talisay City"}}, {"type": "Feature", "geometry": {"type": "Point", "coordinates": [123.8475969, 10.2423601]}, "properties": {"id": "ChIJ_UGDawCdqTMRSECg_rybxKA", "amenity_type": "convenience_store", "amenity": "7-Eleven", "lgu": "Talisay City"}}, {"type": "Feature", "geometry": {"type": "Point", "coordinates": [123.797227, 10.241593]}, "properties": {"id": "ChIJc9CzjzOdqTMR-9JPuIaVoBs", "amenity_type": "convenience_store", "amenity": "7-Eleven", "lgu": "Talisay City"}}, {"type": "Feature", "geometry": {"type": "Point", "coordinates": [123.8558711, 10.2628592]}, "properties": {"id": "ChIJd_49x32dqTMRo1MWG5EAvyo", "amenity_type": "convenience_store", "amenity": "7-Eleven", "lgu": "Talisay City"}}, {"type": "Feature", "geometry": {"type": "Point", "coordinates": [123.8390084, 10.2492058]}, "properties": {"id": "ChIJebslUB6dqTMRD2N1NgOJ590", "amenity_type": "convenience_store", "amenity": "7-Eleven", "lgu": "Talisay City"}}, {"type": "Feature", "geometry": {"type": "Point", "coordinates": [123.8133692, 10.2447207]}, "properties": {"id": "ChIJeyHaxemdqTMRzoIeOKNisHg", "amenity_type": "convenience_store", "amenity": "7-Eleven", "lgu": "Talisay City"}}, {"type": "Feature", "geometry": {"type": "Point", "coordinates": [123.8269892, 10.259035]}, "properties": {"id": "ChIJq8-nTQ6dqTMRB3vy1a0nhCs", "amenity_type": "convenience_store", "amenity": "7-Eleven", "lgu": "Talisay City"}}, {"type": "Feature", "geometry": {"type": "Point", "coordinates": [123.860251, 10.2518609]}, "properties": {"id": "ChIJqawSpO2cqTMRzrTFHXF7jR0", "amenity_type": "convenience_store", "amenity": "7-Eleven", "lgu": "Talisay City"}}, {"type": "Feature", "geometry": {"type": "Point", "coordinates": [123.8459041, 10.2519102]}, "properties": {"id": "ChIJr-WjkeOcqTMRFtJQUvN6Zjg", "amenity_type": "convenience_store", "amenity": "7-Eleven", "lgu": "Talisay City"}}, {"type": "Feature", "geometry": {"type": "Point", "coordinates": [123.8537328, 10.2815481]}, "properties": {"id": "ChIJt725EgCdqTMRJYHBymOKRF4", "amenity_type": "convenience_store", "amenity": "7-Eleven", "lgu": "Talisay City"}}, {"type": "Feature", "geometry": {"type": "Point", "coordinates": [123.8454717, 10.2601905]}, "properties": {"id": "ChIJuyQfGwCdqTMRVblAJP-0sek", "amenity_type": "convenience_store", "amenity": "7-Eleven", "lgu": "Talisay City"}}, {"type": "Feature", "geometry": {"type": "Point", "coordinates": [123.8413281, 10.2637875]}, "properties": {"id": "ChIJvznS3v-cqTMRl4Wk8ySTDms", "amenity_type": "convenience_store", "amenity": "7-Eleven", "lgu": "Talisay City"}}, {"type": "Feature", "geometry": {"type": "Point", "coordinates": [123.859764, 10.2746378]}, "properties": {"id": "ChIJyRmgsRydqTMRz-qFYdud2w8", "amenity_type": "convenience_store", "amenity": "7-Eleven", "lgu": "Talisay City"}}, {"type": "Feature", "geometry": {"type": "Point", "coordinates": [123.8274637, 10.2461108]}, "properties": {"id": "ChIJj6RC9nqdqTMRe_4F8Ki3bKU", "amenity_type": "cafe", "amenity": "88Garden Cafe", "lgu": "Talisay City"}}, {"type": "Feature", "geometry": {"type": "Point", "coordinates": [123.8398037, 10.2557891]}, "properties": {"id": "ChIJpeeFWaudqTMR21udrei_gOo", "amenity_type": "restaurant", "amenity": "8flix and Chill Talisay", "lgu": "Talisay City"}}, {"type": "Feature", "geometry": {"type": "Point", "coordinates": [123.8032606, 10.2491715]}, "properties": {"id": "ChIJv-gXxV2dqTMRN6I4b8YmuwU", "amenity_type": "restaurant", "amenity": "AA BBQ Minglanilla", "lgu": "Talisay City"}}, {"type": "Feature", "geometry": {"type": "Point", "coordinates": [123.8139225, 10.2435859]}, "properties": {"id": "ChIJEYRZo0adqTMRgZPWejqPfbs", "amenity_type": "restaurant", "amenity": "ABELLA BAKESHOP", "lgu": "Talisay City"}}, {"type": "Feature", "geometry": {"type": "Point", "coordinates": [123.7769358, 10.2559409]}, "properties": {"id": "ChIJw-Keg1F3qTMRKp0LAsdicBQ", "amenity_type": "restaurant", "amenity": "ABOVE GROUND", "lgu": "Talisay City"}}, {"type": "Feature", "geometry": {"type": "Point", "coordinates": [123.8310879, 10.2431325]}, "properties": {"id": "ChIJL0GTdtGdqTMR_tBKp7zcvGc", "amenity_type": "restaurant", "amenity": "AG FLAMES CONVENIENCE STORE", "lgu": "Talisay City"}}, {"type": "Feature", "geometry": {"type": "Point", "coordinates": [123.8599016, 10.2747039]}, "properties": {"id": "ChIJ_UeZD0OcqTMRrqMzz6ZxuK4", "amenity_type": "restaurant", "amenity": "AHL RICHIE & ROSE Bakeshop", "lgu": "Talisay City"}}, {"type": "Feature", "geometry": {"type": "Point", "coordinates": [123.8302653, 10.2394192]}, "properties": {"id": "ChIJVz1oOAqdqTMRlhLzKKpnvPY", "amenity_type": "restaurant", "amenity": "AJ Minimart", "lgu": "Talisay City"}}, {"type": "Feature", "geometry": {"type": "Point", "coordinates": [123.8413013, 10.2446608]}, "properties": {"id": "ChIJHVv2ymCdqTMRkfJ2otBy_t8", "amenity_type": "restaurant", "amenity": "AKD Lechon", "lgu": "Talisay City"}}, {"type": "Feature", "geometry": {"type": "Point", "coordinates": [123.8279382, 10.2378531]}, "properties": {"id": "ChIJlYWUdzCdqTMRrgaSCjyFVfI", "amenity_type": "restaurant", "amenity": "ANGKINGS LECHON MANOK AND LIEMPO HOUSE", "lgu": "Talisay City"}}, {"type": "Feature", "geometry": {"type": "Point", "coordinates": [123.8286037, 10.2460875]}, "properties": {"id": "ChIJyfgkPj2dqTMRyWqO9xAqtUs", "amenity_type": "restaurant", "amenity": "ANOSHII", "lgu": "Talisay City"}}, {"type": "Feature", "geometry": {"type": "Point", "coordinates": [123.8648034, 10.2662144]}, "properties": {"id": "ChIJo1CRrhSdqTMRBjlERQ4zO54", "amenity_type": "restaurant", "amenity": "ARIEL&CINDY STORE", "lgu": "Talisay City"}}, {"type": "Feature", "geometry": {"type": "Point", "coordinates": [123.86489, 10.2661786]}, "properties": {"id": "ChIJ4xsAEyWdqTMRzywvJG6cMk8", "amenity_type": "restaurant", "amenity": "Aa cakes and lechon package", "lgu": "Talisay City"}}, {"type": "Feature", "geometry": {"type": "Point", "coordinates": [123.829631, 10.259824]}, "properties": {"id": "ChIJ9V90fA-dqTMRqNOapZBUtEw", "amenity_type": "restaurant", "amenity": "Abling's Lechon", "lgu": "Talisay City"}}, {"type": "Feature", "geometry": {"type": "Point", "coordinates": [123.8392287, 10.245819]}, "properties": {"id": "ChIJlwts9BydqTMRPEvUr5mpCug", "amenity_type": "restaurant", "amenity": "Adlawan Store", "lgu": "Talisay City"}}, {"type": "Feature", "geometry": {"type": "Point", "coordinates": [123.838431, 10.2643279]}, "properties": {"id": "ChIJCQu9XwCdqTMRneGPfEY5nqc", "amenity_type": "restaurant", "amenity": "Ahl Richie & Ahl Rose", "lgu": "Talisay City"}}, {"type": "Feature", "geometry": {"type": "Point", "coordinates": [123.8218303, 10.2467011]}, "properties": {"id": "ChIJD3gQeQCdqTMRok0WfFfv5xM", "amenity_type": "restaurant", "amenity": "Aida’s Cake", "lgu": "Talisay City"}}, {"type": "Feature", "geometry": {"type": "Point", "coordinates": [123.8413759, 10.2639004]}, "properties": {"id": "ChIJ40wEIJidqTMRYY7knk7sxl0", "amenity_type": "cafe", "amenity": "Akasya Cafe", "lgu": "Talisay City"}}, {"type": "Feature", "geometry": {"type": "Point", "coordinates": [123.8244255, 10.2445765]}, "properties": {"id": "ChIJa2MdueedqTMRT9bWipopAYQ", "amenity_type": "cafe", "amenity": "Akasya Cafe (Pooc branch)", "lgu": "Talisay City"}}, {"type": "Feature", "geometry": {"type": "Point", "coordinates": [123.8297444, 10.2403686]}, "properties": {"id": "ChIJo24TUwCdqTMRx0Ry7U51jbo", "amenity_type": "restaurant", "amenity": "AkiYumi's Mini Mart", "lgu": "Talisay City"}}, {"type": "Feature", "geometry": {"type": "Point", "coordinates": [123.841119, 10.2621469]}, "properties": {"id": "ChIJW5aUKf6cqTMRQVAyTdcut7s", "amenity_type": "restaurant", "amenity": "Alberto's Pizza", "lgu": "Talisay City"}}, {"type": "Feature", "geometry": {"type": "Point", "coordinates": [123.8247184, 10.2458299]}, "properties": {"id": "ChIJH6gA1D2dqTMRAS8WCb2_VSM", "amenity_type": "restaurant", "amenity": "Alcodia BAKESHOP", "lgu": "Talisay City"}}, {"type": "Feature", "geometry": {"type": "Point", "coordinates": [123.8424736, 10.2473906]}, "properties": {"id": "ChIJAbn7Ie2dqTMRxY3VuL3LjpM", "amenity_type": "restaurant", "amenity": "Aleli's Sweet Treats", "lgu": "Talisay City"}}, {"type": "Feature", "geometry": {"type": "Point", "coordinates": [123.8370451, 10.2518204]}, "properties": {"id": "ChIJ76hhdACdqTMRed1IUTg9eR4", "amenity_type": "restaurant", "amenity": "Alfaro store", "lgu": "Talisay City"}}, {"type": "Feature", "geometry": {"type": "Point", "coordinates": [123.8361572, 10.240177]}, "properties": {"id": "ChIJ6V5aveOdqTMRQ-UbHLt_Evc", "amenity_type": "restaurant", "amenity": "Alfredo Nabua", "lgu": "Talisay City"}}, {"type": "Feature", "geometry": {"type": "Point", "coordinates": [123.8449596, 10.2457712]}, "properties": {"id": "ChIJo0a66gKdqTMRhYoQxR7C5YA", "amenity_type": "restaurant", "amenity": "AllEn One Grocery and Payment Center - Talisay City", "lgu": "Talisay City"}}, {"type": "Feature", "geometry": {"type": "Point", "coordinates": [123.8486795, 10.2733271]}, "properties": {"id": "ChIJxRVv7FGdqTMRf5V5QHap6FQ", "amenity_type": "restaurant", "amenity": "Almari Store", "lgu": "Talisay City"}}, {"type": "Feature", "geometry": {"type": "Point", "coordinates": [123.8649632, 10.276347]}, "properties": {"id": "ChIJuT4ZBwCdqTMRAw13DcbRb6E", "amenity_type": "restaurant", "amenity": "Alsola Sari-Sari Store", "lgu": "Talisay City"}}, {"type": "Feature", "geometry": {"type": "Point", "coordinates": [123.8371469, 10.2518275]}, "properties": {"id": "ChIJzQiRL62dqTMRIea-TxaDCGE", "amenity_type": "restaurant", "amenity": "Amy Cakes and Pastries Manufacturing", "lgu": "Talisay City"}}, {"type": "Feature", "geometry": {"type": "Point", "coordinates": [123.8252414, 10.2588007]}, "properties": {"id": "ChIJQVyNbA6dqTMRzLifjFt4fcg", "amenity_type": "restaurant", "amenity": "Ang Lechon Manok Ni Sr. Pedro", "lgu": "Talisay City"}}, {"type": "Feature", "geometry": {"type": "Point", "coordinates": [123.8279144, 10.2533846]}, "properties": {"id": "ChIJCaluUQCdqTMR1jAWMUofKaw", "amenity_type": "restaurant", "amenity": "Ann store", "lgu": "Talisay City"}}, {"type": "Feature", "geometry": {"type": "Point", "coordinates": [123.8282647, 10.2542785]}, "properties": {"id": "ChIJR8AAFZWfqTMRhanmAJ1OusA", "amenity_type": "restaurant", "amenity": "Annie's Bakeshop", "lgu": "Talisay City"}}, {"type": "Feature", "geometry": {"type": "Point", "coordinates": [123.863217, 10.2588429]}, "properties": {"id": "ChIJGf1xtPScqTMRAuiTdDWpvUk", "amenity_type": "restaurant", "amenity": "Arabian Mix Grill", "lgu": "Talisay City"}}, {"type": "Feature", "geometry": {"type": "Point", "coordinates": [123.8327895, 10.25128]}, "properties": {"id": "ChIJPf-_eBmdqTMRwhTuWNGmJt8", "amenity_type": "restaurant", "amenity": "Arbee's Bakeshop", "lgu": "Talisay City"}}, {"type": "Feature", "geometry": {"type": "Point", "coordinates": [123.824059, 10.2393938]}, "properties": {"id": "ChIJy9tx9DmdqTMRD3DJ3c6FAVc", "amenity_type": "restaurant", "amenity": "Arbee's Bakeshop", "lgu": "Talisay City"}}, {"type": "Feature", "geometry": {"type": "Point", "coordinates": [123.860009, 10.2744655]}, "properties": {"id": "ChIJo6NAYwCdqTMR19Ac52hYC_A", "amenity_type": "restaurant", "amenity": "Arbee's Bakeshop (Cogon, Pardo Branch)", "lgu": "Talisay City"}}, {"type": "Feature", "geometry": {"type": "Point", "coordinates": [123.8493785, 10.2734604]}, "properties": {"id": "ChIJy0hJ-UacqTMRGQ5A-U4ony4", "amenity_type": "restaurant", "amenity": "Arbee's Bakeshop - Bulacao", "lgu": "Talisay City"}}, {"type": "Feature", "geometry": {"type": "Point", "coordinates": [123.8564357, 10.2705119]}, "properties": {"id": "ChIJ98MrINCdqTMRTXf8gwEMNBo", "amenity_type": "restaurant", "amenity": "Arbee's Bakeshop, Inayawan Branch", "lgu": "Talisay City"}}, {"type": "Feature", "geometry": {"type": "Point", "coordinates": [123.8392961, 10.2449689]}, "properties": {"id": "ChIJI13m7gOdqTMRn2FXHOAPs0w", "amenity_type": "restaurant", "amenity": "Arbees Bakeshop", "lgu": "Talisay City"}}, {"type": "Feature", "geometry": {"type": "Point", "coordinates": [123.8539274, 10.2774357]}, "properties": {"id": "ChIJC0ygoe-dqTMRLN-4epil2iw", "amenity_type": "restaurant", "amenity": "ArkiBuddies", "lgu": "Talisay City"}}, {"type": "Feature", "geometry": {"type": "Point", "coordinates": [123.8338196, 10.2670638]}, "properties": {"id": "ChIJQcv8w6mdqTMRhkzvMtBNvpw", "amenity_type": "restaurant", "amenity": "Art & Mie Halo-Halo", "lgu": "Talisay City"}}, {"type": "Feature", "geometry": {"type": "Point", "coordinates": [123.8358476, 10.2403954]}, "properties": {"id": "ChIJ6bJFwRmdqTMRoGbPTukSZqE", "amenity_type": "restaurant", "amenity": "Arvin Store", "lgu": "Talisay City"}}, {"type": "Feature", "geometry": {"type": "Point", "coordinates": [123.8566548, 10.2701582]}, "properties": {"id": "ChIJc-A4OtudqTMR_O2lL6TXZ6M", "amenity_type": "restaurant", "amenity": "Arvin's Breads and Pastries", "lgu": "Talisay City"}}, {"type": "Feature", "geometry": {"type": "Point", "coordinates": [123.8240591, 10.2394174]}, "properties": {"id": "ChIJsSHsVgCdqTMRnO2XNlWsvJU", "amenity_type": "restaurant", "amenity": "Ate Cool", "lgu": "Talisay City"}}, {"type": "Feature", "geometry": {"type": "Point", "coordinates": [123.8558021, 10.2709223]}, "properties": {"id": "ChIJZbL59sGdqTMRMhjXZMi0LPo", "amenity_type": "restaurant", "amenity": "Ating's Green Gate", "lgu": "Talisay City"}}, {"type": "Feature", "geometry": {"type": "Point", "coordinates": [123.8242778, 10.24237]}, "properties": {"id": "ChIJdYIFphidqTMRZ5I5uPqrJmo", "amenity_type": "restaurant", "amenity": "Aurie's Kitchenette Pooc", "lgu": "Talisay City"}}, {"type": "Feature", "geometry": {"type": "Point", "coordinates": [123.8244142, 10.244229]}, "properties": {"id": "ChIJdf742CudqTMRFfCfST453i4", "amenity_type": "restaurant", "amenity": "Aventino's Pizza - Pooc, Talisay", "lgu": "Talisay City"}}, {"type": "Feature", "geometry": {"type": "Point", "coordinates": [123.8357863, 10.240235]}, "properties": {"id": "ChIJPbnWvSGdqTMR6HN-qNUfMkM", "amenity_type": "restaurant", "amenity": "Azucarbyshanne Cakes", "lgu": "Talisay City"}}, {"type": "Feature", "geometry": {"type": "Point", "coordinates": [123.8242689, 10.2382441]}, "properties": {"id": "ChIJy7kQVTedqTMRmc-Bj98X-A0", "amenity_type": "restaurant", "amenity": "BEEF PARES & MAMI", "lgu": "Talisay City"}}, {"type": "Feature", "geometry": {"type": "Point", "coordinates": [123.8561146, 10.2676649]}, "properties": {"id": "ChIJKafF3LydqTMRuHI96pruBsg", "amenity_type": "restaurant", "amenity": "BEN 11 CONVENIENCE STORE", "lgu": "Talisay City"}}, {"type": "Feature", "geometry": {"type": "Point", "coordinates": [123.8562207, 10.2683896]}, "properties": {"id": "ChIJlz4ZZlmcqTMRmXsnoPpwjdE", "amenity_type": "cafe", "amenity": "BENJBEN STORE AND CAFE", "lgu": "Talisay City"}}, {"type": "Feature", "geometry": {"type": "Point", "coordinates": [123.7970845, 10.2421859]}, "properties": {"id": "ChIJifPCKQCdqTMReeNEs2uPLWI", "amenity_type": "restaurant", "amenity": "BRADDEX - Minglanilla", "lgu": "Talisay City"}}, {"type": "Feature", "geometry": {"type": "Point", "coordinates": [123.839297, 10.2515155]}, "properties": {"id": "ChIJpShUS4GdqTMR44dnIl-1XJU", "amenity_type": "cafe", "amenity": "BRBL Cafe Print", "lgu": "Talisay City"}}, {"type": "Feature", "geometry": {"type": "Point", "coordinates": [123.7775108, 10.2626715]}, "properties": {"id": "ChIJCz-Yw5J3qTMRptkdYkfppxc", "amenity_type": "restaurant", "amenity": "BUKID Coffee / Bed & Breakfast", "lgu": "Talisay City"}}, {"type": "Feature", "geometry": {"type": "Point", "coordinates": [123.8432759, 10.2393307]}, "properties": {"id": "ChIJt2CQLxSdqTMRW_GVve3-MVI", "amenity_type": "restaurant", "amenity": "Bake-ni-Malou", "lgu": "Talisay City"}}, {"type": "Feature", "geometry": {"type": "Point", "coordinates": [123.8391605, 10.2505012]}, "properties": {"id": "ChIJi98lcB6dqTMRBd6m0BO1-K8", "amenity_type": "restaurant", "amenity": "Baker´s Street", "lgu": "Talisay City"}}, {"type": "Feature", "geometry": {"type": "Point", "coordinates": [123.8400198, 10.2376272]}, "properties": {"id": "ChIJEx5C6yedqTMR7xBNMjPmphw", "amenity_type": "restaurant", "amenity": "Bakeshop & Gen Merchandise", "lgu": "Talisay City"}}, {"type": "Feature", "geometry": {"type": "Point", "coordinates": [123.8541346, 10.2784798]}, "properties": {"id": "ChIJB8I5cUacqTMRFxiLKavwqgs", "amenity_type": "restaurant", "amenity": "Balamban Liempo Cebu", "lgu": "Talisay City"}}, {"type": "Feature", "geometry": {"type": "Point", "coordinates": [123.85799, 10.2784307]}, "properties": {"id": "ChIJ37d1HQCdqTMR-lA-3vqPl58", "amenity_type": "restaurant", "amenity": "Bamboo Barracks Tapay & Roti", "lgu": "Talisay City"}}, {"type": "Feature", "geometry": {"type": "Point", "coordinates": [123.8425243, 10.2494847]}, "properties": {"id": "ChIJi3FwIgCdqTMRisBMKbuqZXw", "amenity_type": "restaurant", "amenity": "Bascon Streets", "lgu": "Talisay City"}}, {"type": "Feature", "geometry": {"type": "Point", "coordinates": [123.8244503, 10.2381885]}, "properties": {"id": "ChIJfYRobHqdqTMRRO8fcTkZZyQ", "amenity_type": "restaurant", "amenity": "Batchoyan sa Pooc", "lgu": "Talisay City"}}, {"type": "Feature", "geometry": {"type": "Point", "coordinates": [123.796698, 10.2432759]}, "properties": {"id": "ChIJbdknMgCdqTMRjgoVwQnl7bk", "amenity_type": "restaurant", "amenity": "Bean Chosen", "lgu": "Talisay City"}}, {"type": "Feature", "geometry": {"type": "Point", "coordinates": [123.8390034, 10.2497634]}, "properties": {"id": "ChIJMRb6FLudqTMROCXfQkXKKtg", "amenity_type": "restaurant", "amenity": "Bean there coffee & trim by HimBon's", "lgu": "Talisay City"}}, {"type": "Feature", "geometry": {"type": "Point", "coordinates": [123.8541484, 10.27842]}, "properties": {"id": "ChIJHZD2dkacqTMRLDewmqRInOs", "amenity_type": "restaurant", "amenity": "Bells Halo-Halo", "lgu": "Talisay City"}}, {"type": "Feature", "geometry": {"type": "Point", "coordinates": [123.8424415, 10.2472483]}, "properties": {"id": "ChIJdwqucXidqTMRiNAQIWCnKCY", "amenity_type": "restaurant", "amenity": "Bells Halo-halo", "lgu": "Talisay City"}}, {"type": "Feature", "geometry": {"type": "Point", "coordinates": [123.8560822, 10.2626567]}, "properties": {"id": "ChIJ_W0EjPSdqTMRIEvooH3WBeg", "amenity_type": "cafe", "amenity": "Berella Cafe", "lgu": "Talisay City"}}, {"type": "Feature", "geometry": {"type": "Point", "coordinates": [123.7969494, 10.2426369]}, "properties": {"id": "ChIJ_YKydFidqTMRl-etpAMlsng", "amenity_type": "restaurant", "amenity": "Bernadette's Lechon", "lgu": "Talisay City"}}, {"type": "Feature", "geometry": {"type": "Point", "coordinates": [123.8521021, 10.2791823]}, "properties": {"id": "ChIJocxjYIGdqTMR0y965ue35qE", "amenity_type": "restaurant", "amenity": "Beth Store", "lgu": "Talisay City"}}, {"type": "Feature", "geometry": {"type": "Point", "coordinates": [123.842979, 10.266995]}, "properties": {"id": "ChIJEZtBGlWcqTMR67C8K2fMgJQ", "amenity_type": "restaurant", "amenity": "Biaño's Pizza", "lgu": "Talisay City"}}, {"type": "Feature", "geometry": {"type": "Point", "coordinates": [123.8244499, 10.2453474]}, "properties": {"id": "ChIJDcIUKjydqTMRPrHXzKXl3gM", "amenity_type": "restaurant", "amenity": "Bienvenue Convenience Store", "lgu": "Talisay City"}}, {"type": "Feature", "geometry": {"type": "Point", "coordinates": [123.8433395, 10.271415]}, "properties": {"id": "ChIJ5eY6_LOdqTMRDw1YwC2YNIE", "amenity_type": "restaurant", "amenity": "Bing's Halo-Halo", "lgu": "Talisay City"}}, {"type": "Feature", "geometry": {"type": "Point", "coordinates": [123.8407314, 10.2615811]}, "properties": {"id": "ChIJ1aomGM-dqTMRGbfht72r_v4", "amenity_type": "restaurant", "amenity": "Bistro 318", "lgu": "Talisay City"}}, {"type": "Feature", "geometry": {"type": "Point", "coordinates": [123.8597751, 10.2746286]}, "properties": {"id": "ChIJkfga8tadqTMRvfgZztdaMTI", "amenity_type": "restaurant", "amenity": "Bke", "lgu": "Talisay City"}}, {"type": "Feature", "geometry": {"type": "Point", "coordinates": [123.7994, 10.2420519]}, "properties": {"id": "ChIJ26CXGJedqTMRLOEw0fnz104", "amenity_type": "cafe", "amenity": "Blanc Space Cafe", "lgu": "Talisay City"}}, {"type": "Feature", "geometry": {"type": "Point", "coordinates": [123.8520679, 10.2761239]}, "properties": {"id": "ChIJ7YKccgedqTMRIEKB74UOStA", "amenity_type": "restaurant", "amenity": "Blended Milk Coffee", "lgu": "Talisay City"}}, {"type": "Feature", "geometry": {"type": "Point", "coordinates": [123.8396817, 10.2416036]}, "properties": {"id": "ChIJ745YtBmdqTMROyyM8r7Xq-E", "amenity_type": "restaurant", "amenity": "Bliss Pastries", "lgu": "Talisay City"}}, {"type": "Feature", "geometry": {"type": "Point", "coordinates": [123.8112891, 10.243753]}, "properties": {"id": "ChIJq2j8NDWZqTMRtPbLatSqHJ8", "amenity_type": "restaurant", "amenity": "Block 6, Lot 29", "lgu": "Talisay City"}}, {"type": "Feature", "geometry": {"type": "Point", "coordinates": [123.8313319, 10.2594772]}, "properties": {"id": "ChIJnaS_KQOdqTMRb6CZ_0Oey8U", "amenity_type": "cafe", "amenity": "Boss Bebeh Bistro Cafe", "lgu": "Talisay City"}}, {"type": "Feature", "geometry": {"type": "Point", "coordinates": [123.8573923, 10.2663081]}, "properties": {"id": "ChIJt2J0q4CdqTMRspjN829Sfr8", "amenity_type": "restaurant", "amenity": "Boz Roje", "lgu": "Talisay City"}}, {"type": "Feature", "geometry": {"type": "Point", "coordinates": [123.8228456, 10.2382193]}, "properties": {"id": "ChIJiYS3YQCdqTMRW8MnMm58TJk", "amenity_type": "restaurant", "amenity": "Brain Bites", "lgu": "Talisay City"}}, {"type": "Feature", "geometry": {"type": "Point", "coordinates": [123.8559037, 10.2806727]}, "properties": {"id": "ChIJc4Y0QNudqTMR7FRi5gRHGHw", "amenity_type": "restaurant", "amenity": "Brewing Club Co. Pardo-Talisay Distributor - Roasted Coffee Beans Supplies", "lgu": "Talisay City"}}, {"type": "Feature", "geometry": {"type": "Point", "coordinates": [123.8392335, 10.2524493]}, "properties": {"id": "ChIJa8hIbACdqTMRmVd4wIRLAYY", "amenity_type": "restaurant", "amenity": "Brewskofi Foods and Snacks", "lgu": "Talisay City"}}, {"type": "Feature", "geometry": {"type": "Point", "coordinates": [123.8392074, 10.2491643]}, "properties": {"id": "ChIJ5-eiTx6dqTMRrbWpsbKpGwg", "amenity_type": "restaurant", "amenity": "Brown Toast", "lgu": "Talisay City"}}, {"type": "Feature", "geometry": {"type": "Point", "coordinates": [123.8604587, 10.2553334]}, "properties": {"id": "ChIJ8Xv4jjOdqTMRV5wjk-9C3lY", "amenity_type": "restaurant", "amenity": "Bugsy Resto", "lgu": "Talisay City"}}, {"type": "Feature", "geometry": {"type": "Point", "coordinates": [123.824385, 10.2384845]}, "properties": {"id": "ChIJ_bsqADqdqTMRS4ffeNNwY3s", "amenity_type": "restaurant", "amenity": "Bukoni Buki", "lgu": "Talisay City"}}, {"type": "Feature", "geometry": {"type": "Point", "coordinates": [123.843553, 10.2442367]}, "properties": {"id": "ChIJMSTrbaedqTMRi7D7LYMz3Wk", "amenity_type": "restaurant", "amenity": "CBG Commissary", "lgu": "Talisay City"}}, {"type": "Feature", "geometry": {"type": "Point", "coordinates": [123.8592332, 10.2756688]}, "properties": {"id": "ChIJ6aviPhSdqTMRMT1FB0hO0kc", "amenity_type": "restaurant", "amenity": "CHOI--PISO--WIFI", "lgu": "Talisay City"}}, {"type": "Feature", "geometry": {"type": "Point", "coordinates": [123.8480575, 10.2439516]}, "properties": {"id": "ChIJk_iccFydqTMRDlo-mu7WlII", "amenity_type": "restaurant", "amenity": "CLIFFORD EMBORNAS", "lgu": "Talisay City"}}, {"type": "Feature", "geometry": {"type": "Point", "coordinates": [123.817834, 10.24526]}, "properties": {"id": "ChIJle1kJACdqTMROuoGPvOjQiY", "amenity_type": "cafe", "amenity": "Cafe De Karlito", "lgu": "Talisay City"}}, {"type": "Feature", "geometry": {"type": "Point", "coordinates": [123.8549951, 10.280474]}, "properties": {"id": "ChIJiVQTVUacqTMREB07nYh7suU", "amenity_type": "cafe", "amenity": "Cafe Eufemia", "lgu": "Talisay City"}}, {"type": "Feature", "geometry": {"type": "Point", "coordinates": [123.8426971, 10.2670467]}, "properties": {"id": "ChIJUdEaBFWcqTMRKGcO_VaS-nc", "amenity_type": "cafe", "amenity": "Cafe Nea Italiana - Tabunok", "lgu": "Talisay City"}}, {"type": "Feature", "geometry": {"type": "Point", "coordinates": [123.8243596, 10.2443261]}, "properties": {"id": "ChIJof8LoD6dqTMRWUahBaedjZU", "amenity_type": "cafe", "amenity": "Cafe de Sugbo", "lgu": "Talisay City"}}, {"type": "Feature", "geometry": {"type": "Point", "coordinates": [123.8391445, 10.2376207]}, "properties": {"id": "ChIJUcBP_p-dqTMR6GLBoIkTmGc", "amenity_type": "restaurant", "amenity": "Cake Retailers", "lgu": "Talisay City"}}, {"type": "Feature", "geometry": {"type": "Point", "coordinates": [123.8572693, 10.2768081]}, "properties": {"id": "ChIJud5ITEedqTMRcQHXLNk2ohw", "amenity_type": "restaurant", "amenity": "Cake Vessel", "lgu": "Talisay City"}}, {"type": "Feature", "geometry": {"type": "Point", "coordinates": [123.830131, 10.26023]}, "properties": {"id": "ChIJScSdiQWdqTMRPydKvzvyjHU", "amenity_type": "restaurant", "amenity": "Calda Pizza", "lgu": "Talisay City"}}, {"type": "Feature", "geometry": {"type": "Point", "coordinates": [123.8256799, 10.2498106]}, "properties": {"id": "ChIJJ0IAZxadqTMRPhB1AVyh0S0", "amenity_type": "restaurant", "amenity": "Calvins Kitchen", "lgu": "Talisay City"}}, {"type": "Feature", "geometry": {"type": "Point", "coordinates": [123.8377325, 10.2443643]}, "properties": {"id": "ChIJZULzyaOdqTMRl_eL67nFC8A", "amenity_type": "restaurant", "amenity": "Carla's Abode", "lgu": "Talisay City"}}, {"type": "Feature", "geometry": {"type": "Point", "coordinates": [123.8467863, 10.2424595]}, "properties": {"id": "ChIJ719KKNycqTMR8lsbSF9t2Pk", "amenity_type": "restaurant", "amenity": "Carlas Halo-Halo", "lgu": "Talisay City"}}, {"type": "Feature", "geometry": {"type": "Point", "coordinates": [123.8269597, 10.2383941]}, "properties": {"id": "ChIJG3UC7yWdqTMRPGM4lORBxV0", "amenity_type": "restaurant", "amenity": "Carybian Halo-halo", "lgu": "Talisay City"}}, {"type": "Feature", "geometry": {"type": "Point", "coordinates": [123.8250697, 10.2408052]}, "properties": {"id": "ChIJ_2dA2PedqTMRK0QJQd4qUCA", "amenity_type": "restaurant", "amenity": "Casa Nerissa", "lgu": "Talisay City"}}, {"type": "Feature", "geometry": {"type": "Point", "coordinates": [123.8137544, 10.242029]}, "properties": {"id": "ChIJpfeDh0adqTMRtwgwjebpc8g", "amenity_type": "restaurant", "amenity": "Causin's Store", "lgu": "Talisay City"}}, {"type": "Feature", "geometry": {"type": "Point", "coordinates": [123.8398369, 10.240847]}, "properties": {"id": "ChIJzd7U40idqTMRm4LTj0vZYCU", "amenity_type": "restaurant", "amenity": "Cebu Cardinal Bakeshop - Dumlog Branch", "lgu": "Talisay City"}}, {"type": "Feature", "geometry": {"type": "Point", "coordinates": [123.842361, 10.265405]}, "properties": {"id": "ChIJy4lgXlWcqTMRqIJATYl8eRo", "amenity_type": "restaurant", "amenity": "Cebu's Original Lechon Belly", "lgu": "Talisay City"}}, {"type": "Feature", "geometry": {"type": "Point", "coordinates": [123.8463609, 10.2426289]}, "properties": {"id": "ChIJbVd1hN6cqTMRIEj8ZgdzYFU", "amenity_type": "restaurant", "amenity": "Celia's Lechon", "lgu": "Talisay City"}}, {"type": "Feature", "geometry": {"type": "Point", "coordinates": [123.8255748, 10.2397328]}, "properties": {"id": "ChIJB8k2UACdqTMR6bjv_eNC8Qs", "amenity_type": "restaurant", "amenity": "Cesa Store and Internetan", "lgu": "Talisay City"}}, {"type": "Feature", "geometry": {"type": "Point", "coordinates": [123.8547118, 10.274053]}, "properties": {"id": "ChIJh75MJgCdqTMR1R9cShVECJI", "amenity_type": "restaurant", "amenity": "Cesar mini Store", "lgu": "Talisay City"}}, {"type": "Feature", "geometry": {"type": "Point", "coordinates": [123.8464556, 10.2709587]}, "properties": {"id": "ChIJPZHT_ladqTMRAlfIWCMXi9g", "amenity_type": "restaurant", "amenity": "Chak's Chill & Resto", "lgu": "Talisay City"}}, {"type": "Feature", "geometry": {"type": "Point", "coordinates": [123.856331, 10.2697016]}, "properties": {"id": "ChIJEVFCD0ydqTMRqlnIZdlVdrY", "amenity_type": "restaurant", "amenity": "Charmie Store", "lgu": "Talisay City"}}, {"type": "Feature", "geometry": {"type": "Point", "coordinates": [123.7763519, 10.263266]}, "properties": {"id": "ChIJTVhDjoJ3qTMRWPVJQVcP7DE", "amenity_type": "restaurant", "amenity": "Chef's Corner Bistro - Gullas Heights", "lgu": "Talisay City"}}, {"type": "Feature", "geometry": {"type": "Point", "coordinates": [123.8226822, 10.2383366]}, "properties": {"id": "ChIJK0YaSQCdqTMRNrLYFF9bwJQ", "amenity_type": "restaurant", "amenity": "ChicksAya", "lgu": "Talisay City"}}, {"type": "Feature", "geometry": {"type": "Point", "coordinates": [123.8308935, 10.2366487]}, "properties": {"id": "ChIJJf_4RQCdqTMRxjn4jn1b3vM", "amenity_type": "restaurant", "amenity": "Ching food services", "lgu": "Talisay City"}}, {"type": "Feature", "geometry": {"type": "Point", "coordinates": [123.8487895, 10.2731599]}, "properties": {"id": "ChIJGw5YxlGcqTMRb78DNbUKpLo", "amenity_type": "restaurant", "amenity": "Chook's To Go", "lgu": "Talisay City"}}, {"type": "Feature", "geometry": {"type": "Point", "coordinates": [123.839001, 10.2493036]}, "properties": {"id": "ChIJbRtHUB6dqTMRSA-aeEd5rWo", "amenity_type": "restaurant", "amenity": "Chooks To Go", "lgu": "Talisay City"}}, {"type": "Feature", "geometry": {"type": "Point", "coordinates": [123.8234935, 10.258824]}, "properties": {"id": "ChIJW4wyww2dqTMR8cH9P_PRgeE", "amenity_type": "restaurant", "amenity": "Chowking", "lgu": "Talisay City"}}, {"type": "Feature", "geometry": {"type": "Point", "coordinates": [123.8418385, 10.2659046]}, "properties": {"id": "ChIJP2sFLwCdqTMRkXAKGedZauA", "amenity_type": "restaurant", "amenity": "Chowking - Tabunok", "lgu": "Talisay City"}}, {"type": "Feature", "geometry": {"type": "Point", "coordinates": [123.86489, 10.2661786]}, "properties": {"id": "ChIJjdSPta6dqTMRJmbxLBbwwSQ", "amenity_type": "restaurant", "amenity": "Cion's Mart", "lgu": "Talisay City"}}, {"type": "Feature", "geometry": {"type": "Point", "coordinates": [123.8116696, 10.2553589]}, "properties": {"id": "ChIJ6fhNBN2dqTMRis3YjYxnkkQ", "amenity_type": "restaurant", "amenity": "Cocina Calza Food Express", "lgu": "Talisay City"}}, {"type": "Feature", "geometry": {"type": "Point", "coordinates": [123.7930169, 10.2444176]}, "properties": {"id": "ChIJ7QhVCAB3qTMRrqRZRKDuO_4", "amenity_type": "restaurant", "amenity": "Coffee Bear", "lgu": "Talisay City"}}, {"type": "Feature", "geometry": {"type": "Point", "coordinates": [123.8448295, 10.258049]}, "properties": {"id": "ChIJbenvwIeZqTMRgiWuz2cNBQ4", "amenity_type": "restaurant", "amenity": "Coffee Chronicles", "lgu": "Talisay City"}}, {"type": "Feature", "geometry": {"type": "Point", "coordinates": [123.8236716, 10.2590081]}, "properties": {"id": "ChIJPcdlziKdqTMR886ViFY7tvM", "amenity_type": "restaurant", "amenity": "Coffee Project Cebu", "lgu": "Talisay City"}}, {"type": "Feature", "geometry": {"type": "Point", "coordinates": [123.8446929, 10.2460726]}, "properties": {"id": "ChIJNbUWosadqTMR9jrjwuvmSLc", "amenity_type": "restaurant", "amenity": "Coffeetivity", "lgu": "Talisay City"}}, {"type": "Feature", "geometry": {"type": "Point", "coordinates": [123.8607284, 10.2757909]}, "properties": {"id": "ChIJfROtZgCdqTMROf_nYrFGpbY", "amenity_type": "restaurant", "amenity": "Cogon pardo", "lgu": "Talisay City"}}, {"type": "Feature", "geometry": {"type": "Point", "coordinates": [123.8243357, 10.2443375]}, "properties": {"id": "ChIJpzfrQQCdqTMRy0uN4TgQwSY", "amenity_type": "restaurant", "amenity": "ComputerTabai/Kapetabai", "lgu": "Talisay City"}}, {"type": "Feature", "geometry": {"type": "Point", "coordinates": [123.8240942, 10.2387154]}, "properties": {"id": "ChIJA9FLUACdqTMRDuP6r-P1c5c", "amenity_type": "restaurant", "amenity": "Conputer/Kape ta bai", "lgu": "Talisay City"}}, {"type": "Feature", "geometry": {"type": "Point", "coordinates": [123.8475059, 10.2518603]}, "properties": {"id": "ChIJw-aSb-ScqTMRIUaH-Frj890", "amenity_type": "restaurant", "amenity": "Convenience Store", "lgu": "Talisay City"}}, {"type": "Feature", "geometry": {"type": "Point", "coordinates": [123.8242255, 10.2378358]}, "properties": {"id": "ChIJH8BxUzedqTMRUgXCglWGgxM", "amenity_type": "restaurant", "amenity": "Convenience Store in Pooc, Talisay City, Cebu", "lgu": "Talisay City"}}, {"type": "Feature", "geometry": {"type": "Point", "coordinates": [123.826041, 10.2611868]}, "properties": {"id": "ChIJAYpTZ3qdqTMRJALcSWePvJU", "amenity_type": "restaurant", "amenity": "Cooee Tribe", "lgu": "Talisay City"}}, {"type": "Feature", "geometry": {"type": "Point", "coordinates": [123.8409905, 10.2464699]}, "properties": {"id": "ChIJNeSo_R-dqTMRVApOZro2BgA", "amenity_type": "restaurant", "amenity": "Cool Savers Halo Halo", "lgu": "Talisay City"}}, {"type": "Feature", "geometry": {"type": "Point", "coordinates": [123.8189249, 10.2578394]}, "properties": {"id": "ChIJDTixsKSdqTMRSPeypd-SiqY", "amenity_type": "restaurant", "amenity": "Coolers Delight - Linao Branch", "lgu": "Talisay City"}}, {"type": "Feature", "geometry": {"type": "Point", "coordinates": [123.856116, 10.2689509]}, "properties": {"id": "ChIJhS-b9K2dqTMRIG1tkCixUW8", "amenity_type": "restaurant", "amenity": "Corner 9 Coffee", "lgu": "Talisay City"}}, {"type": "Feature", "geometry": {"type": "Point", "coordinates": [123.8363114, 10.245704]}, "properties": {"id": "ChIJEwUK7iGdqTMRUwgHjXU13aU", "amenity_type": "restaurant", "amenity": "Corner Store", "lgu": "Talisay City"}}, {"type": "Feature", "geometry": {"type": "Point", "coordinates": [123.8568461, 10.279786]}, "properties": {"id": "ChIJNVam3EacqTMRdSKm22tNSI0", "amenity_type": "restaurant", "amenity": "Crack", "lgu": "Talisay City"}}, {"type": "Feature", "geometry": {"type": "Point", "coordinates": [123.8381558, 10.2395042]}, "properties": {"id": "ChIJVaaWY2GdqTMRiwpcNkDLzo8", "amenity_type": "restaurant", "amenity": "Crisita's Pastries and Cakes", "lgu": "Talisay City"}}, {"type": "Feature", "geometry": {"type": "Point", "coordinates": [123.8309041, 10.2414169]}, "properties": {"id": "ChIJtQ0kg1-dqTMRjmihHTiF-1A", "amenity_type": "restaurant", "amenity": "Cuppa Milktea Station", "lgu": "Talisay City"}}, {"type": "Feature", "geometry": {"type": "Point", "coordinates": [123.8307938, 10.2533454]}, "properties": {"id": "ChIJgYVzdwCdqTMRs9ujDC-pp3M", "amenity_type": "restaurant", "amenity": "Cynzil Mini-mart", "lgu": "Talisay City"}}, {"type": "Feature", "geometry": {"type": "Point", "coordinates": [123.8384165, 10.2374998]}, "properties": {"id": "ChIJmfAqOzCdqTMRE7B0Z7wKzNg", "amenity_type": "restaurant", "amenity": "D&D Sweets and Treats", "lgu": "Talisay City"}}, {"type": "Feature", "geometry": {"type": "Point", "coordinates": [123.7979439, 10.2466215]}, "properties": {"id": "ChIJNSjvNyCdqTMRKmKIox94nLg", "amenity_type": "restaurant", "amenity": "D' Food Spot", "lgu": "Talisay City"}}, {"type": "Feature", "geometry": {"type": "Point", "coordinates": [123.8478517, 10.2717882]}, "properties": {"id": "ChIJTRgi8IOdqTMR3v7DgYfzw5w", "amenity_type": "restaurant", "amenity": "DK's Sari Sari Store", "lgu": "Talisay City"}}, {"type": "Feature", "geometry": {"type": "Point", "coordinates": [123.8562399, 10.2691284]}, "properties": {"id": "ChIJA4JVInedqTMR2v4HzjZktqU", "amenity_type": "cafe", "amenity": "DKNA Internet Cafe", "lgu": "Talisay City"}}, {"type": "Feature", "geometry": {"type": "Point", "coordinates": [123.8381499, 10.2472251]}, "properties": {"id": "ChIJW7b3HwCdqTMRTud2BD9U_E0", "amenity_type": "restaurant", "amenity": "DODO AND NADET STORE", "lgu": "Talisay City"}}, {"type": "Feature", "geometry": {"type": "Point", "coordinates": [123.8304599, 10.2521598]}, "properties": {"id": "ChIJh2eNwqedqTMRS-RSpgOZCW4", "amenity_type": "restaurant", "amenity": "DON MACCHIATOS - MOHON BRANCH", "lgu": "Talisay City"}}, {"type": "Feature", "geometry": {"type": "Point", "coordinates": [123.8627105, 10.2736231]}, "properties": {"id": "ChIJwXjXb9KdqTMR8LlOduaEEYQ", "amenity_type": "restaurant", "amenity": "Daday Store", "lgu": "Talisay City"}}, {"type": "Feature", "geometry": {"type": "Point", "coordinates": [123.8241248, 10.2408331]}, "properties": {"id": "ChIJFUq3lXydqTMRRM3WQ2IQbkQ", "amenity_type": "restaurant", "amenity": "Daily Chronicles", "lgu": "Talisay City"}}, {"type": "Feature", "geometry": {"type": "Point", "coordinates": [123.8244239, 10.2446868]}, "properties": {"id": "ChIJYRvKIgCdqTMR3Z5sXIsa6E0", "amenity_type": "restaurant", "amenity": "DanBam K-Mart Pooc", "lgu": "Talisay City"}}, {"type": "Feature", "geometry": {"type": "Point", "coordinates": [123.8418328, 10.2499432]}, "properties": {"id": "ChIJwUKIDwCdqTMR6X1JV2HiHfY", "amenity_type": "restaurant", "amenity": "DanDong’s Place", "lgu": "Talisay City"}}, {"type": "Feature", "geometry": {"type": "Point", "coordinates": [123.8241371, 10.2436503]}, "properties": {"id": "ChIJhzsmQ6SdqTMRzN9bFILoWTo", "amenity_type": "restaurant", "amenity": "DanTEA", "lgu": "Talisay City"}}, {"type": "Feature", "geometry": {"type": "Point", "coordinates": [123.8097492, 10.2425967]}, "properties": {"id": "ChIJqdh3PQadqTMRk5KyA7gqHeY", "amenity_type": "restaurant", "amenity": "Delia Muaña's Store", "lgu": "Talisay City"}}, {"type": "Feature", "geometry": {"type": "Point", "coordinates": [123.8305511, 10.2420403]}, "properties": {"id": "ChIJJfERrySdqTMRgJJXmogJzSY", "amenity_type": "restaurant", "amenity": "Deshi Bakehop", "lgu": "Talisay City"}}, {"type": "Feature", "geometry": {"type": "Point", "coordinates": [123.8232404, 10.2613281]}, "properties": {"id": "ChIJn8QnmhqdqTMRc8cy_cNulU4", "amenity_type": "restaurant", "amenity": "Diana’s Halo-Halo Overload", "lgu": "Talisay City"}}, {"type": "Feature", "geometry": {"type": "Point", "coordinates": [123.8646207, 10.266824]}, "properties": {"id": "ChIJcdPdcACdqTMRWETfZHP3eJ4", "amenity_type": "restaurant", "amenity": "Dianna's Dessert Station", "lgu": "Talisay City"}}, {"type": "Feature", "geometry": {"type": "Point", "coordinates": [123.8089475, 10.2539144]}, "properties": {"id": "ChIJ-eETvGidqTMRL72mkSMjmOI", "amenity_type": "restaurant", "amenity": "Dickong's Halo-Halo and Barbeque", "lgu": "Talisay City"}}, {"type": "Feature", "geometry": {"type": "Point", "coordinates": [123.837076, 10.2377793]}, "properties": {"id": "ChIJsSS9FlGdqTMRQ9QxigzyC4Q", "amenity_type": "restaurant", "amenity": "Dico's Coffee House", "lgu": "Talisay City"}}, {"type": "Feature", "geometry": {"type": "Point", "coordinates": [123.8401078, 10.2577745]}, "properties": {"id": "ChIJOxyEjgKdqTMRabNlweHDlrE", "amenity_type": "restaurant", "amenity": "Diona's Cakes and Pastries", "lgu": "Talisay City"}}, {"type": "Feature", "geometry": {"type": "Point", "coordinates": [123.8318638, 10.2452909]}, "properties": {"id": "ChIJkXZTMFidqTMRiL7hZMq3QHM", "amenity_type": "restaurant", "amenity": "Dix Lechon", "lgu": "Talisay City"}}, {"type": "Feature", "geometry": {"type": "Point", "coordinates": [123.8384525, 10.2442443]}, "properties": {"id": "ChIJTffK9LidqTMR3Yolz65F_GM", "amenity_type": "restaurant", "amenity": "Djep Store", "lgu": "Talisay City"}}, {"type": "Feature", "geometry": {"type": "Point", "coordinates": [123.818701, 10.2519071]}, "properties": {"id": "ChIJX9aWRQCdqTMRmg0FC5E6IaA", "amenity_type": "restaurant", "amenity": "Dog House", "lgu": "Talisay City"}}, {"type": "Feature", "geometry": {"type": "Point", "coordinates": [123.8240535, 10.2400474]}, "properties": {"id": "ChIJvccziTmdqTMRkR9oZmyEtx0", "amenity_type": "restaurant", "amenity": "Don Franco's Lechon Manok", "lgu": "Talisay City"}}, {"type": "Feature", "geometry": {"type": "Point", "coordinates": [123.8240628, 10.2400202]}, "properties": {"id": "ChIJtYabeACdqTMRSc48_2uE-Q4", "amenity_type": "restaurant", "amenity": "Don Franco's Pooc", "lgu": "Talisay City"}}, {"type": "Feature", "geometry": {"type": "Point", "coordinates": [123.8241423, 10.2383195]}, "properties": {"id": "ChIJN6rgiMqdqTMRtDaUydwVUAk", "amenity_type": "restaurant", "amenity": "Don Macchiatos", "lgu": "Talisay City"}}, {"type": "Feature", "geometry": {"type": "Point", "coordinates": [123.8396439, 10.244886]}, "properties": {"id": "ChIJyXdoBwCdqTMRU_S5y3gbTyU", "amenity_type": "restaurant", "amenity": "Don Macchiatos", "lgu": "Talisay City"}}, {"type": "Feature", "geometry": {"type": "Point", "coordinates": [123.8562612, 10.270348]}, "properties": {"id": "ChIJhw3puaCdqTMRvJwuSDrrvpk", "amenity_type": "restaurant", "amenity": "Don Macchiatos Inayawan", "lgu": "Talisay City"}}, {"type": "Feature", "geometry": {"type": "Point", "coordinates": [123.8243342, 10.2443423]}, "properties": {"id": "ChIJfQ8cou6dqTMRVLasoymyoh8", "amenity_type": "restaurant", "amenity": "Don Pablo Coffee", "lgu": "Talisay City"}}, {"type": "Feature", "geometry": {"type": "Point", "coordinates": [123.8613888, 10.2763853]}, "properties": {"id": "ChIJn6LQOUKcqTMRjwIbSZorsuA", "amenity_type": "restaurant", "amenity": "Don Pablo Coffee", "lgu": "Talisay City"}}, {"type": "Feature", "geometry": {"type": "Point", "coordinates": [123.8381309, 10.2399081]}, "properties": {"id": "ChIJ4cImkrKdqTMRv8U2UlDl2Ug", "amenity_type": "restaurant", "amenity": "DoughJoy Cebu", "lgu": "Talisay City"}}, {"type": "Feature", "geometry": {"type": "Point", "coordinates": [123.8541722, 10.280262]}, "properties": {"id": "ChIJ3ZH0SMGdqTMR_0hwt3TUdFc", "amenity_type": "restaurant", "amenity": "Dreamers Coffee - Poblacion Pardo", "lgu": "Talisay City"}}, {"type": "Feature", "geometry": {"type": "Point", "coordinates": [123.844167, 10.2466089]}, "properties": {"id": "ChIJY4q8IQCdqTMR6yq8abtbvR8", "amenity_type": "restaurant", "amenity": "Dreamers Coffee Jose Rizal St. Talisay", "lgu": "Talisay City"}}, {"type": "Feature", "geometry": {"type": "Point", "coordinates": [123.8557374, 10.2800254]}, "properties": {"id": "ChIJc6i7H_2dqTMRqAY3k5w1oac", "amenity_type": "restaurant", "amenity": "Driptea Pardo", "lgu": "Talisay City"}}, {"type": "Feature", "geometry": {"type": "Point", "coordinates": [123.829842, 10.2598539]}, "properties": {"id": "ChIJ_1CmfQ-dqTMR-RfsESqCxkw", "amenity_type": "restaurant", "amenity": "Dunkin Donuts", "lgu": "Talisay City"}}, {"type": "Feature", "geometry": {"type": "Point", "coordinates": [123.8421149, 10.2658744]}, "properties": {"id": "ChIJS782WlWcqTMRc6pXvfJW2-Q", "amenity_type": "restaurant", "amenity": "Dunkin'", "lgu": "Talisay City"}}, {"type": "Feature", "geometry": {"type": "Point", "coordinates": [123.859604, 10.257377]}, "properties": {"id": "ChIJd_oclPOcqTMRhDWDSjcysT4", "amenity_type": "restaurant", "amenity": "Dunkin' Donuts", "lgu": "Talisay City"}}, {"type": "Feature", "geometry": {"type": "Point", "coordinates": [123.7974785, 10.2446916]}, "properties": {"id": "ChIJ57PeMQSdqTMROHUUNMgwu9k", "amenity_type": "restaurant", "amenity": "EATSKINA LOKAL", "lgu": "Talisay City"}}, {"type": "Feature", "geometry": {"type": "Point", "coordinates": [123.7972766, 10.2455832]}, "properties": {"id": "ChIJ7X-BR5KdqTMRoQy2f1gpVNg", "amenity_type": "restaurant", "amenity": "ELSA Coffee House", "lgu": "Talisay City"}}, {"type": "Feature", "geometry": {"type": "Point", "coordinates": [123.8206498, 10.2530134]}, "properties": {"id": "ChIJu-ehZwCdqTMR0u4EqBiHvkA", "amenity_type": "restaurant", "amenity": "ENN-ENN STORE MOHON TALISAY", "lgu": "Talisay City"}}, {"type": "Feature", "geometry": {"type": "Point", "coordinates": [123.8240156, 10.239873]}, "properties": {"id": "ChIJlclTiTmdqTMRoMJYhrNdGyc", "amenity_type": "restaurant", "amenity": "ER FRIED CHICKEN", "lgu": "Talisay City"}}, {"type": "Feature", "geometry": {"type": "Point", "coordinates": [123.8024916, 10.2558324]}, "properties": {"id": "ChIJo3-udACdqTMRTIhTZnxxfPQ", "amenity_type": "restaurant", "amenity": "EUT", "lgu": "Talisay City"}}, {"type": "Feature", "geometry": {"type": "Point", "coordinates": [123.8230654, 10.2388061]}, "properties": {"id": "ChIJb0E0vIWdqTMRzxnDBL8oSqY", "amenity_type": "restaurant", "amenity": "EVANGELINE STORE", "lgu": "Talisay City"}}, {"type": "Feature", "geometry": {"type": "Point", "coordinates": [123.840687, 10.2517928]}, "properties": {"id": "ChIJybqMO0adqTMRAhgfBtrIUBk", "amenity_type": "restaurant", "amenity": "EVELYN'S STORE", "lgu": "Talisay City"}}, {"type": "Feature", "geometry": {"type": "Point", "coordinates": [123.8533045, 10.2551576]}, "properties": {"id": "ChIJFRdpHACdqTMRYmuDgeqXEvc", "amenity_type": "cafe", "amenity": "Ei8ht Cafe", "lgu": "Talisay City"}}, {"type": "Feature", "geometry": {"type": "Point", "coordinates": [123.8615501, 10.2767829]}, "properties": {"id": "ChIJrfqPmqOdqTMRS1hoAe2WN70", "amenity_type": "restaurant", "amenity": "Elizabeth Bakeshop", "lgu": "Talisay City"}}, {"type": "Feature", "geometry": {"type": "Point", "coordinates": [123.8281706, 10.254039]}, "properties": {"id": "ChIJQ2x97hCdqTMRMIIPdhfzo9w", "amenity_type": "restaurant", "amenity": "Em $ EMS Breadhouse", "lgu": "Talisay City"}}, {"type": "Feature", "geometry": {"type": "Point", "coordinates": [123.8173883, 10.2434145]}, "properties": {"id": "ChIJ_5q_gPGdqTMRAbDAkF_uALE", "amenity_type": "restaurant", "amenity": "Emma's Canteen", "lgu": "Talisay City"}}, {"type": "Feature", "geometry": {"type": "Point", "coordinates": [123.8391544, 10.2468937]}, "properties": {"id": "ChIJWb2QiB-dqTMRP0NP7U5WSN8", "amenity_type": "restaurant", "amenity": "Emma's Chicken House", "lgu": "Talisay City"}}, {"type": "Feature", "geometry": {"type": "Point", "coordinates": [123.8278759, 10.2456909]}, "properties": {"id": "ChIJU1kG3OydqTMRH-Ewz69c4_w", "amenity_type": "restaurant", "amenity": "FRANCHA BBQ GRILL HOUSE", "lgu": "Talisay City"}}, {"type": "Feature", "geometry": {"type": "Point", "coordinates": [123.8262159, 10.2613914]}, "properties": {"id": "ChIJB7MvKQCdqTMRDOb6tYn6M4o", "amenity_type": "restaurant", "amenity": "Family Mart - Antara", "lgu": "Talisay City"}}, {"type": "Feature", "geometry": {"type": "Point", "coordinates": [123.8408841, 10.245197]}, "properties": {"id": "ChIJBVD5Mm-dqTMRv9ppIqJmp_I", "amenity_type": "restaurant", "amenity": "Fianna Store", "lgu": "Talisay City"}}, {"type": "Feature", "geometry": {"type": "Point", "coordinates": [123.8247327, 10.2459623]}, "properties": {"id": "ChIJpXMjTACdqTMRfavwavvAzog", "amenity_type": "restaurant", "amenity": "Four Sister's Graham Bar", "lgu": "Talisay City"}}, {"type": "Feature", "geometry": {"type": "Point", "coordinates": [123.8476821, 10.2424279]}, "properties": {"id": "ChIJO8My49idqTMRgLw5GR3kAC4", "amenity_type": "restaurant", "amenity": "GAZ Diner", "lgu": "Talisay City"}}, {"type": "Feature", "geometry": {"type": "Point", "coordinates": [123.8294673, 10.241252]}, "properties": {"id": "ChIJ9wLiVvCdqTMRwM7bc08IUbw", "amenity_type": "restaurant", "amenity": "GC Delights - Your Comfort Food", "lgu": "Talisay City"}}, {"type": "Feature", "geometry": {"type": "Point", "coordinates": [123.8574049, 10.2763582]}, "properties": {"id": "ChIJO7NlcUScqTMRGXVrl0jNpuU", "amenity_type": "restaurant", "amenity": "Gaisano Saversmart Inayawan", "lgu": "Talisay City"}}, {"type": "Feature", "geometry": {"type": "Point", "coordinates": [123.8255957, 10.2496578]}, "properties": {"id": "ChIJx7Y8tRSdqTMRDaoNgSP67gM", "amenity_type": "restaurant", "amenity": "Gavin’s Big Bites", "lgu": "Talisay City"}}, {"type": "Feature", "geometry": {"type": "Point", "coordinates": [123.855971, 10.2635617]}, "properties": {"id": "ChIJ6-p-J_acqTMRww4lxTXoe4Q", "amenity_type": "restaurant", "amenity": "Gealon", "lgu": "Talisay City"}}, {"type": "Feature", "geometry": {"type": "Point", "coordinates": [123.8425243, 10.2494847]}, "properties": {"id": "ChIJyZUXGtedqTMRGY5ayk-EfVE", "amenity_type": "restaurant", "amenity": "Geena Store", "lgu": "Talisay City"}}, {"type": "Feature", "geometry": {"type": "Point", "coordinates": [123.8472684, 10.2433487]}, "properties": {"id": "ChIJr4of4M-dqTMRviK1ERwDGzk", "amenity_type": "restaurant", "amenity": "Gelly's Store", "lgu": "Talisay City"}}, {"type": "Feature", "geometry": {"type": "Point", "coordinates": [123.8474902, 10.2427385]}, "properties": {"id": "ChIJxR6aWMadqTMRw9gLu1yBiSI", "amenity_type": "restaurant", "amenity": "Georgie's Grill House Talisay Branch", "lgu": "Talisay City"}}, {"type": "Feature", "geometry": {"type": "Point", "coordinates": [123.836288, 10.2399362]}, "properties": {"id": "ChIJjTyvlaGdqTMRg1bP2rLjkJY", "amenity_type": "restaurant", "amenity": "Go Mart Express (Dumlog)", "lgu": "Talisay City"}}, {"type": "Feature", "geometry": {"type": "Point", "coordinates": [123.8562788, 10.270294]}, "properties": {"id": "ChIJc0mno1ucqTMR_t99euzFZPg", "amenity_type": "restaurant", "amenity": "Golden Buns Bakeshop", "lgu": "Talisay City"}}, {"type": "Feature", "geometry": {"type": "Point", "coordinates": [123.8596732, 10.2573661]}, "properties": {"id": "ChIJLQXIlvOcqTMRCpwzjKDXh58", "amenity_type": "restaurant", "amenity": "Goldilocks", "lgu": "Talisay City"}}, {"type": "Feature", "geometry": {"type": "Point", "coordinates": [123.8489468, 10.2735021]}, "properties": {"id": "ChIJ_boq11GcqTMR76W2Czc7VhA", "amenity_type": "restaurant", "amenity": "Goldilocks", "lgu": "Talisay City"}}, {"type": "Feature", "geometry": {"type": "Point", "coordinates": [123.842343, 10.265666]}, "properties": {"id": "ChIJTVHTZ1WcqTMRCBBHlyXpCoQ", "amenity_type": "restaurant", "amenity": "Goldilocks Bakeshop", "lgu": "Talisay City"}}, {"type": "Feature", "geometry": {"type": "Point", "coordinates": [123.7955188, 10.2447811]}, "properties": {"id": "ChIJo8aFj1R3qTMRCYDIy6kcrew", "amenity_type": "restaurant", "amenity": "Gonetea Refreshment Hub", "lgu": "Talisay City"}}, {"type": "Feature", "geometry": {"type": "Point", "coordinates": [123.8589325, 10.2663902]}, "properties": {"id": "ChIJoQRFYTydqTMRZVjLT3121XU", "amenity_type": "restaurant", "amenity": "GooeySchweetz", "lgu": "Talisay City"}}, {"type": "Feature", "geometry": {"type": "Point", "coordinates": [123.8213319, 10.2554454]}, "properties": {"id": "ChIJ-W2YU_CdqTMRm-sp-jGyLqM", "amenity_type": "restaurant", "amenity": "Gray Yard Coffee", "lgu": "Talisay City"}}, {"type": "Feature", "geometry": {"type": "Point", "coordinates": [123.8600946, 10.2747362]}, "properties": {"id": "ChIJ_TTGC0OcqTMRJ3QUiRJGVW8", "amenity_type": "restaurant", "amenity": "H & R Convenience Store", "lgu": "Talisay City"}}, {"type": "Feature", "geometry": {"type": "Point", "coordinates": [123.8595689, 10.2741144]}, "properties": {"id": "ChIJyWPQTZmdqTMRmI2g4A1ZpyU", "amenity_type": "restaurant", "amenity": "HAROLD STORE", "lgu": "Talisay City"}}, {"type": "Feature", "geometry": {"type": "Point", "coordinates": [123.8223643, 10.2583255]}, "properties": {"id": "ChIJL9-7PRydqTMRAnhomec0sGA", "amenity_type": "restaurant", "amenity": "HASHTAG MINIMART", "lgu": "Talisay City"}}, {"type": "Feature", "geometry": {"type": "Point", "coordinates": [123.8414909, 10.2388139]}, "properties": {"id": "ChIJh0RUewCdqTMRLiyNx-HK0Uc", "amenity_type": "restaurant", "amenity": "HELEN LITO STORE", "lgu": "Talisay City"}}, {"type": "Feature", "geometry": {"type": "Point", "coordinates": [123.860419, 10.255715]}, "properties": {"id": "ChIJ78ntVPKcqTMRQFC6tFEqcQ4", "amenity_type": "convenience_store", "amenity": "HENDRY FAMILYMART", "lgu": "Talisay City"}}, {"type": "Feature", "geometry": {"type": "Point", "coordinates": [123.8618629, 10.2769293]}, "properties": {"id": "ChIJKa1yAgWdqTMRoLLnIXGTJJA", "amenity_type": "restaurant", "amenity": "Halovérs Dessert Cebu Tagunol Cogon Branch", "lgu": "Talisay City"}}, {"type": "Feature", "geometry": {"type": "Point", "coordinates": [123.8415997, 10.2654129]}, "properties": {"id": "ChIJRXBfVlWcqTMRhuPce4s1GV8", "amenity_type": "restaurant", "amenity": "Happy - Haus Donuts", "lgu": "Talisay City"}}, {"type": "Feature", "geometry": {"type": "Point", "coordinates": [123.7768332, 10.2632478]}, "properties": {"id": "ChIJz0sRVQB3qTMRoL0WrX72oIg", "amenity_type": "cafe", "amenity": "Happy Sip Cafe", "lgu": "Talisay City"}}, {"type": "Feature", "geometry": {"type": "Point", "coordinates": [123.8382645, 10.2397714]}, "properties": {"id": "ChIJe7T0OiudqTMRkrPGSiuSG9o", "amenity_type": "restaurant", "amenity": "Happysweets Creation Cake Shop", "lgu": "Talisay City"}}, {"type": "Feature", "geometry": {"type": "Point", "coordinates": [123.8430082, 10.2389586]}, "properties": {"id": "ChIJoby6J6ydqTMRVWTyHlPtHF4", "amenity_type": "cafe", "amenity": "Hayahay Cafe", "lgu": "Talisay City"}}, {"type": "Feature", "geometry": {"type": "Point", "coordinates": [123.8145387, 10.2423835]}, "properties": {"id": "ChIJzfzjPCOdqTMRX4_lQRvp5T8", "amenity_type": "restaurant", "amenity": "Heyhez Delights", "lgu": "Talisay City"}}, {"type": "Feature", "geometry": {"type": "Point", "coordinates": [123.8252276, 10.2484747]}, "properties": {"id": "ChIJN3AlagCdqTMRr3-dT1PC8cA", "amenity_type": "restaurant", "amenity": "Honey's Halo - Halo", "lgu": "Talisay City"}}, {"type": "Feature", "geometry": {"type": "Point", "coordinates": [123.79939, 10.242854]}, "properties": {"id": "ChIJmeOnA_WdqTMRekPhFn2qKd8", "amenity_type": "restaurant", "amenity": "Humayan Food Park", "lgu": "Talisay City"}}, {"type": "Feature", "geometry": {"type": "Point", "coordinates": [123.8240626, 10.2406539]}, "properties": {"id": "ChIJ2xNDgTmdqTMRraUkGSVPIZk", "amenity_type": "restaurant", "amenity": "I & R Eatery", "lgu": "Talisay City"}}, {"type": "Feature", "geometry": {"type": "Point", "coordinates": [123.8566719, 10.2799589]}, "properties": {"id": "ChIJ5aGOKgCdqTMRUaTQvIjzSiU", "amenity_type": "restaurant", "amenity": "I tabura st. Pardo cebu city", "lgu": "Talisay City"}}, {"type": "Feature", "geometry": {"type": "Point", "coordinates": [123.8770983, 10.2651374]}, "properties": {"id": "ChIJQfGSjnycqTMRCHxUULvy_Xg", "amenity_type": "restaurant", "amenity": "IL Corso Filinvest Malls", "lgu": "Talisay City"}}, {"type": "Feature", "geometry": {"type": "Point", "coordinates": [123.8161837, 10.2455513]}, "properties": {"id": "ChIJaV5_g9WdqTMR6VPlbZqMYBQ", "amenity_type": "restaurant", "amenity": "ILA BERNS BBQ - Food Near Me Talisay City Cebu", "lgu": "Talisay City"}}, {"type": "Feature", "geometry": {"type": "Point", "coordinates": [123.8242331, 10.238198]}, "properties": {"id": "ChIJ-ez7VDedqTMRMmiKwLYh5EU", "amenity_type": "restaurant", "amenity": "ISKINA LECHON MANOK", "lgu": "Talisay City"}}, {"type": "Feature", "geometry": {"type": "Point", "coordinates": [123.8310895, 10.2431483]}, "properties": {"id": "ChIJrxTJAhydqTMREM5t-5a6R7Q", "amenity_type": "restaurant", "amenity": "Inato Eats", "lgu": "Talisay City"}}, {"type": "Feature", "geometry": {"type": "Point", "coordinates": [123.8556894, 10.2669304]}, "properties": {"id": "ChIJv7-dHQCdqTMR7jRYlmsUdA4", "amenity_type": "restaurant", "amenity": "Inayawan Chapel St. Augustine de Hippo", "lgu": "Talisay City"}}, {"type": "Feature", "geometry": {"type": "Point", "coordinates": [123.8565073, 10.2722402]}, "properties": {"id": "ChIJPeuMCoydqTMR7dGFl4aLMwY", "amenity_type": "restaurant", "amenity": "Isla del Café - Inayawan", "lgu": "Talisay City"}}, {"type": "Feature", "geometry": {"type": "Point", "coordinates": [123.7923222, 10.2442735]}, "properties": {"id": "ChIJCxQBVh93qTMRYUBC8KG6n3k", "amenity_type": "restaurant", "amenity": "Isla del Café - Minglanilla", "lgu": "Talisay City"}}, {"type": "Feature", "geometry": {"type": "Point", "coordinates": [123.8465285, 10.2443738]}, "properties": {"id": "ChIJtWKDj5OdqTMR4IUg23jfETg", "amenity_type": "restaurant", "amenity": "Isla del Café - Talisay", "lgu": "Talisay City"}}, {"type": "Feature", "geometry": {"type": "Point", "coordinates": [123.8193332, 10.2581547]}, "properties": {"id": "ChIJ23hRfACdqTMR2nf6L4Vo0ow", "amenity_type": "restaurant", "amenity": "Iyoy's Kandingan", "lgu": "Talisay City"}}, {"type": "Feature", "geometry": {"type": "Point", "coordinates": [123.8351652, 10.2369537]}, "properties": {"id": "ChIJh6uP-fOdqTMRTvrlOKjge8o", "amenity_type": "restaurant", "amenity": "JK's Snack Haus", "lgu": "Talisay City"}}, {"type": "Feature", "geometry": {"type": "Point", "coordinates": [123.8420667, 10.247493]}, "properties": {"id": "ChIJSSiUO-CcqTMR2utGZnMltpM", "amenity_type": "restaurant", "amenity": "JOEF'S BAKESHOP", "lgu": "Talisay City"}}, {"type": "Feature", "geometry": {"type": "Point", "coordinates": [123.8576337, 10.2782049]}, "properties": {"id": "ChIJUWE7E52dqTMRL1baF_Vg5dU", "amenity_type": "restaurant", "amenity": "JOHNCHRIS' VARIETY STORE", "lgu": "Talisay City"}}, {"type": "Feature", "geometry": {"type": "Point", "coordinates": [123.8243146, 10.2380996]}, "properties": {"id": "ChIJlYf-VDedqTMR30F7NZeGjVI", "amenity_type": "restaurant", "amenity": "JR's Fried Chicken", "lgu": "Talisay City"}}, {"type": "Feature", "geometry": {"type": "Point", "coordinates": [123.8259396, 10.2503107]}, "properties": {"id": "ChIJeYNY8_KdqTMR0MSsWC8ibDY", "amenity_type": "restaurant", "amenity": "JZ Convenience Store", "lgu": "Talisay City"}}, {"type": "Feature", "geometry": {"type": "Point", "coordinates": [123.837743, 10.2371383]}, "properties": {"id": "ChIJ1-MpZ1GdqTMR5DzZqPdFjxw", "amenity_type": "restaurant", "amenity": "Jade's Sweets Cakes and Pastries Shop", "lgu": "Talisay City"}}, {"type": "Feature", "geometry": {"type": "Point", "coordinates": [123.807006, 10.2475119]}, "properties": {"id": "ChIJhRwE8c2dqTMRUVGMHLBl-0s", "amenity_type": "restaurant", "amenity": "Jamo's Eatery", "lgu": "Talisay City"}}, {"type": "Feature", "geometry": {"type": "Point", "coordinates": [123.8579258, 10.2762657]}, "properties": {"id": "ChIJqx__bwCdqTMRViUD4OySZs0", "amenity_type": "restaurant", "amenity": "Jarbee's Bakeshop", "lgu": "Talisay City"}}, {"type": "Feature", "geometry": {"type": "Point", "coordinates": [123.8384456, 10.2611089]}, "properties": {"id": "ChIJ7_iKjxWdqTMRBz_lqirja7Y", "amenity_type": "restaurant", "amenity": "JavaHigh - Talisay", "lgu": "Talisay City"}}, {"type": "Feature", "geometry": {"type": "Point", "coordinates": [123.860321, 10.2559274]}, "properties": {"id": "ChIJ49KJgVWdqTMR2XQaSoIAKYg", "amenity_type": "restaurant", "amenity": "Jayrence Food Hub", "lgu": "Talisay City"}}, {"type": "Feature", "geometry": {"type": "Point", "coordinates": [123.827036, 10.2458983]}, "properties": {"id": "ChIJX2qeoAKdqTMRB7S2oTlRL5M", "amenity_type": "restaurant", "amenity": "Ja’s MiniMart", "lgu": "Talisay City"}}, {"type": "Feature", "geometry": {"type": "Point", "coordinates": [123.8596933, 10.2654565]}, "properties": {"id": "ChIJK2WjHV-cqTMRlkOef54gQYw", "amenity_type": "restaurant", "amenity": "Jb Bakeshop", "lgu": "Talisay City"}}, {"type": "Feature", "geometry": {"type": "Point", "coordinates": [123.8540675, 10.269838]}, "properties": {"id": "ChIJ6ftWR1qcqTMRlWMnO9Fxmug", "amenity_type": "restaurant", "amenity": "Jcor Breadshop & Mdse", "lgu": "Talisay City"}}, {"type": "Feature", "geometry": {"type": "Point", "coordinates": [123.8526088, 10.2718851]}, "properties": {"id": "ChIJhaK3CTmdqTMRulcn-4QmkVg", "amenity_type": "cafe", "amenity": "Jessie cafe", "lgu": "Talisay City"}}, {"type": "Feature", "geometry": {"type": "Point", "coordinates": [123.827192, 10.2511709]}, "properties": {"id": "ChIJSVdHBEedqTMR4FAIygKabHc", "amenity_type": "restaurant", "amenity": "Joah's Food and Baking Tools", "lgu": "Talisay City"}}, {"type": "Feature", "geometry": {"type": "Point", "coordinates": [123.8362012, 10.2373263]}, "properties": {"id": "ChIJAbuCzrGdqTMRoJhy7sv7xPE", "amenity_type": "restaurant", "amenity": "Joan's Place", "lgu": "Talisay City"}}, {"type": "Feature", "geometry": {"type": "Point", "coordinates": [123.8363079, 10.2366421]}, "properties": {"id": "ChIJn9DjpSidqTMRzI76nXoHB1M", "amenity_type": "restaurant", "amenity": "Jopay´s Corner", "lgu": "Talisay City"}}, {"type": "Feature", "geometry": {"type": "Point", "coordinates": [123.854446, 10.2629563]}, "properties": {"id": "ChIJhZK4ahadqTMRpeR_eHVpeAo", "amenity_type": "restaurant", "amenity": "Joy store", "lgu": "Talisay City"}}, {"type": "Feature", "geometry": {"type": "Point", "coordinates": [123.859465, 10.2748997]}, "properties": {"id": "ChIJgYetw3udqTMRQAAg4Wdu4wY", "amenity_type": "restaurant", "amenity": "JuanPlace", "lgu": "Talisay City"}}, {"type": "Feature", "geometry": {"type": "Point", "coordinates": [123.8392335, 10.2524493]}, "properties": {"id": "ChIJGcsU2pmdqTMRuM_jkUJx2Tc", "amenity_type": "restaurant", "amenity": "Jularie Marcillo", "lgu": "Talisay City"}}, {"type": "Feature", "geometry": {"type": "Point", "coordinates": [123.829333, 10.252602]}, "properties": {"id": "ChIJ0yMUrhCdqTMRVnfZAGhBsnU", "amenity_type": "restaurant", "amenity": "Julie's Bakeshop", "lgu": "Talisay City"}}, {"type": "Feature", "geometry": {"type": "Point", "coordinates": [123.8392699, 10.2452571]}, "properties": {"id": "ChIJIZeOWFGdqTMROlgLsWoNnu0", "amenity_type": "restaurant", "amenity": "Julie's Bakeshop", "lgu": "Talisay City"}}, {"type": "Feature", "geometry": {"type": "Point", "coordinates": [123.8574031, 10.2766723]}, "properties": {"id": "ChIJqyLEDEScqTMRtcmBaVyfJO8", "amenity_type": "restaurant", "amenity": "Julie's Bakeshop", "lgu": "Talisay City"}}, {"type": "Feature", "geometry": {"type": "Point", "coordinates": [123.841158, 10.2652616]}, "properties": {"id": "ChIJtzL5WlWcqTMRj7aBM6_WN5s", "amenity_type": "restaurant", "amenity": "Julie's Bakeshop", "lgu": "Talisay City"}}, {"type": "Feature", "geometry": {"type": "Point", "coordinates": [123.8612596, 10.2649854]}, "properties": {"id": "ChIJo8gbXQCdqTMRwPZBeTLzoBk", "amenity_type": "restaurant", "amenity": "Julie's Bakeshop Emilio Jaca, Inayawan", "lgu": "Talisay City"}}, {"type": "Feature", "geometry": {"type": "Point", "coordinates": [123.8242303, 10.2385291]}, "properties": {"id": "ChIJkTLP0TKdqTMRgd_Iag7ZxfU", "amenity_type": "restaurant", "amenity": "Julie's Bakeshop Pooc", "lgu": "Talisay City"}}, {"type": "Feature", "geometry": {"type": "Point", "coordinates": [123.8646097, 10.2517772]}, "properties": {"id": "ChIJl4vKuJKcqTMRnJR8qOlMykY", "amenity_type": "restaurant", "amenity": "Juling's Kilawan", "lgu": "Talisay City"}}, {"type": "Feature", "geometry": {"type": "Point", "coordinates": [123.8485991, 10.2739041]}, "properties": {"id": "ChIJ206D2VGcqTMR423HEO46eG8", "amenity_type": "restaurant", "amenity": "K and J Store", "lgu": "Talisay City"}}, {"type": "Feature", "geometry": {"type": "Point", "coordinates": [123.8241424, 10.2383112]}, "properties": {"id": "ChIJ-2_qaQCdqTMRe72JlEoQvgI", "amenity_type": "restaurant", "amenity": "K&D Pares Express Hub", "lgu": "Talisay City"}}, {"type": "Feature", "geometry": {"type": "Point", "coordinates": [123.8372171, 10.2406453]}, "properties": {"id": "ChIJi0gzMCKdqTMR5qt5imc78RM", "amenity_type": "restaurant", "amenity": "KMA and RRR Lechon", "lgu": "Talisay City"}}, {"type": "Feature", "geometry": {"type": "Point", "coordinates": [123.8219955, 10.2423918]}, "properties": {"id": "ChIJNbUuTQCdqTMRe0Ko_hH3A2I", "amenity_type": "restaurant", "amenity": "KMART TALISAY", "lgu": "Talisay City"}}, {"type": "Feature", "geometry": {"type": "Point", "coordinates": [123.8256207, 10.249726]}, "properties": {"id": "ChIJj73faESdqTMR2moH_3NPLZI", "amenity_type": "restaurant", "amenity": "KOPI ton.", "lgu": "Talisay City"}}, {"type": "Feature", "geometry": {"type": "Point", "coordinates": [123.825348, 10.24096]}, "properties": {"id": "ChIJ906gzjudqTMRRElaGnNhp-I", "amenity_type": "restaurant", "amenity": "KUSINA NI MAMA KAP", "lgu": "Talisay City"}}, {"type": "Feature", "geometry": {"type": "Point", "coordinates": [123.854138, 10.2632293]}, "properties": {"id": "ChIJTRiIONSdqTMRbtp-ndcsQX0", "amenity_type": "restaurant", "amenity": "Kapehan Piso Wifi", "lgu": "Talisay City"}}, {"type": "Feature", "geometry": {"type": "Point", "coordinates": [123.8620128, 10.2761614]}, "properties": {"id": "ChIJbVdZjfqdqTMROe77cmdzB9Y", "amenity_type": "restaurant", "amenity": "Khly Delights", "lgu": "Talisay City"}}, {"type": "Feature", "geometry": {"type": "Point", "coordinates": [123.8633062, 10.2635629]}, "properties": {"id": "ChIJ4SdWemOdqTMR4pPRH0PMjWY", "amenity_type": "restaurant", "amenity": "Kiki and Zizi Store", "lgu": "Talisay City"}}, {"type": "Feature", "geometry": {"type": "Point", "coordinates": [123.8368866, 10.2497559]}, "properties": {"id": "ChIJzzSFgF-dqTMR2ziY4SovMXQ", "amenity_type": "restaurant", "amenity": "King Crab Capital Seafoods Restaurant", "lgu": "Talisay City"}}, {"type": "Feature", "geometry": {"type": "Point", "coordinates": [123.8291137, 10.2526753]}, "properties": {"id": "ChIJH51GKWmdqTMRdd5AwT3WR1Y", "amenity_type": "restaurant", "amenity": "King David Store", "lgu": "Talisay City"}}, {"type": "Feature", "geometry": {"type": "Point", "coordinates": [123.8392728, 10.2516777]}, "properties": {"id": "ChIJHUiNVwSdqTMRQ6GBZhnvTSk", "amenity_type": "restaurant", "amenity": "Kohicebu Coffee Shop", "lgu": "Talisay City"}}, {"type": "Feature", "geometry": {"type": "Point", "coordinates": [123.8559436, 10.2689447]}, "properties": {"id": "ChIJ7w1mJwCdqTMRkE8UVJIRoPY", "amenity_type": "restaurant", "amenity": "Kopitana & Toast", "lgu": "Talisay City"}}, {"type": "Feature", "geometry": {"type": "Point", "coordinates": [123.859706, 10.2745154]}, "properties": {"id": "ChIJM6gArxSdqTMR6Q48Lic06HM", "amenity_type": "restaurant", "amenity": "Kurtella’s Cakes and Treats", "lgu": "Talisay City"}}, {"type": "Feature", "geometry": {"type": "Point", "coordinates": [123.7980293, 10.2382402]}, "properties": {"id": "ChIJyfwhSgCdqTMR7oTzPcU6H_8", "amenity_type": "restaurant", "amenity": "Kusina Olala - Fish Port", "lgu": "Talisay City"}}, {"type": "Feature", "geometry": {"type": "Point", "coordinates": [123.8333158, 10.2672367]}, "properties": {"id": "ChIJp9D4cnmdqTMRcai2NWci0ig", "amenity_type": "restaurant", "amenity": "Kusina ni Jhefprox", "lgu": "Talisay City"}}, {"type": "Feature", "geometry": {"type": "Point", "coordinates": [123.8106058, 10.2410171]}, "properties": {"id": "ChIJ3cUjdHidqTMR2QfIRxxnwNw", "amenity_type": "restaurant", "amenity": "Kustumer", "lgu": "Talisay City"}}, {"type": "Feature", "geometry": {"type": "Point", "coordinates": [123.8629586, 10.2592503]}, "properties": {"id": "ChIJPwwGFwucqTMRg_xiZSiMlwo", "amenity_type": "restaurant", "amenity": "Kuya J SM Seaside City", "lgu": "Talisay City"}}, {"type": "Feature", "geometry": {"type": "Point", "coordinates": [123.830114, 10.259774]}, "properties": {"id": "ChIJFe4dkbGdqTMRzCef_901tAI", "amenity_type": "restaurant", "amenity": "Kuzina Guadalupe - Talisay", "lgu": "Talisay City"}}, {"type": "Feature", "geometry": {"type": "Point", "coordinates": [123.8404186, 10.264754]}, "properties": {"id": "ChIJjcgcEACdqTMRN-QeqN244vU", "amenity_type": "restaurant", "amenity": "Kyam’s Grill Tabunok", "lgu": "Talisay City"}}, {"type": "Feature", "geometry": {"type": "Point", "coordinates": [123.8569809, 10.2664423]}, "properties": {"id": "ChIJLRK9hLidqTMRkeAvPpbXPF8", "amenity_type": "restaurant", "amenity": "Kyzer's Empanada and Other Dainties", "lgu": "Talisay City"}}, {"type": "Feature", "geometry": {"type": "Point", "coordinates": [123.8391848, 10.2464263]}, "properties": {"id": "ChIJaXEBLQ6dqTMRaoO2hZqlULw", "amenity_type": "restaurant", "amenity": "LAL CONVENIENCE STORE", "lgu": "Talisay City"}}, {"type": "Feature", "geometry": {"type": "Point", "coordinates": [123.8301561, 10.2392524]}, "properties": {"id": "ChIJpcXnIA6dqTMRA32gEFOM-Vk", "amenity_type": "restaurant", "amenity": "LM Store", "lgu": "Talisay City"}}, {"type": "Feature", "geometry": {"type": "Point", "coordinates": [123.798249, 10.2462663]}, "properties": {"id": "ChIJZ2qLsW2dqTMRlCnEmuTVSYY", "amenity_type": "restaurant", "amenity": "LR’s Halo-Halo & Silogan", "lgu": "Talisay City"}}, {"type": "Feature", "geometry": {"type": "Point", "coordinates": [123.8569403, 10.2746499]}, "properties": {"id": "ChIJMaEwkUScqTMRWekDjPfIZAM", "amenity_type": "restaurant", "amenity": "Lakshmi Bakery", "lgu": "Talisay City"}}, {"type": "Feature", "geometry": {"type": "Point", "coordinates": [123.8797653, 10.2677329]}, "properties": {"id": "ChIJzRDDIXqcqTMRbnSescx91O4", "amenity_type": "restaurant", "amenity": "Lantaw Il Corso", "lgu": "Talisay City"}}, {"type": "Feature", "geometry": {"type": "Point", "coordinates": [123.8505232, 10.2435488]}, "properties": {"id": "ChIJe_ue-2adqTMRvqzbo3O94K4", "amenity_type": "restaurant", "amenity": "Larangan Ni Magam", "lgu": "Talisay City"}}, {"type": "Feature", "geometry": {"type": "Point", "coordinates": [123.7968703, 10.2428177]}, "properties": {"id": "ChIJFfFTPl6dqTMRKrXxfH-1a9I", "amenity_type": "restaurant", "amenity": "Laurencia's Grill and Restaurant Minglanilla, Cebu", "lgu": "Talisay City"}}, {"type": "Feature", "geometry": {"type": "Point", "coordinates": [123.8420279, 10.2485453]}, "properties": {"id": "ChIJrUsXNtCdqTMRR2zOmUnZDEI", "amenity_type": "restaurant", "amenity": "Lechonan ni lolosoy", "lgu": "Talisay City"}}, {"type": "Feature", "geometry": {"type": "Point", "coordinates": [123.8442344, 10.2439875]}, "properties": {"id": "ChIJh0eo4uudqTMR4miITzSsFS0", "amenity_type": "restaurant", "amenity": "Leslie's Lechon", "lgu": "Talisay City"}}, {"type": "Feature", "geometry": {"type": "Point", "coordinates": [123.829684, 10.259832]}, "properties": {"id": "ChIJmzhpfA-dqTMRohOeYGSI_jg", "amenity_type": "restaurant", "amenity": "Leylam Shawarma", "lgu": "Talisay City"}}, {"type": "Feature", "geometry": {"type": "Point", "coordinates": [123.7995641, 10.2394043]}, "properties": {"id": "ChIJdahjmuidqTMR0RyXD5CCJYI", "amenity_type": "cafe", "amenity": "Links Cafe", "lgu": "Talisay City"}}, {"type": "Feature", "geometry": {"type": "Point", "coordinates": [123.8357931, 10.2391526]}, "properties": {"id": "ChIJMdCI_XCdqTMR3YSmS043rq0", "amenity_type": "restaurant", "amenity": "Lion's Crib", "lgu": "Talisay City"}}, {"type": "Feature", "geometry": {"type": "Point", "coordinates": [123.8390084, 10.2497638]}, "properties": {"id": "ChIJf4bjbC6dqTMR8zKtbHdvz4E", "amenity_type": "cafe", "amenity": "Little Nook Cafe", "lgu": "Talisay City"}}, {"type": "Feature", "geometry": {"type": "Point", "coordinates": [123.83514, 10.2369818]}, "properties": {"id": "ChIJO_8DXnadqTMRnZhVltDOZhI", "amenity_type": "restaurant", "amenity": "Lloyd Convenience Store", "lgu": "Talisay City"}}, {"type": "Feature", "geometry": {"type": "Point", "coordinates": [123.8262671, 10.2538384]}, "properties": {"id": "ChIJMVjWpZOdqTMRVE2R0iefZo4", "amenity_type": "restaurant", "amenity": "Lluvias Bakeshop", "lgu": "Talisay City"}}, {"type": "Feature", "geometry": {"type": "Point", "coordinates": [123.8053209, 10.2508187]}, "properties": {"id": "ChIJ588B6UmdqTMR3SGXf7xbkxk", "amenity_type": "restaurant", "amenity": "Los Compañeros Restaurant", "lgu": "Talisay City"}}, {"type": "Feature", "geometry": {"type": "Point", "coordinates": [123.857952, 10.2695305]}, "properties": {"id": "ChIJl7wy4o6dqTMRlyArtY-ok4s", "amenity_type": "restaurant", "amenity": "Love Customized Cakes", "lgu": "Talisay City"}}, {"type": "Feature", "geometry": {"type": "Point", "coordinates": [123.8291454, 10.2461378]}, "properties": {"id": "ChIJN1e3G1edqTMRY47d9ZKeWXM", "amenity_type": "restaurant", "amenity": "Lugaw ni Bossing", "lgu": "Talisay City"}}, {"type": "Feature", "geometry": {"type": "Point", "coordinates": [123.8392647, 10.2470529]}, "properties": {"id": "ChIJZSn8gc6dqTMR9yQP6eHJG4s", "amenity_type": "restaurant", "amenity": "Luv Tea Ka", "lgu": "Talisay City"}}, {"type": "Feature", "geometry": {"type": "Point", "coordinates": [123.8303685, 10.2522916]}, "properties": {"id": "ChIJf5R_5v6dqTMRDvUYgd5eYR4", "amenity_type": "restaurant", "amenity": "Lyrix's Kape", "lgu": "Talisay City"}}, {"type": "Feature", "geometry": {"type": "Point", "coordinates": [123.8484943, 10.2737158]}, "properties": {"id": "ChIJO3KN21GcqTMR_zSnFst77uU", "amenity_type": "restaurant", "amenity": "M & C Convenience Store", "lgu": "Talisay City"}}, {"type": "Feature", "geometry": {"type": "Point", "coordinates": [123.8562893, 10.2694726]}, "properties": {"id": "ChIJnyb0wFucqTMRjojtoS0EDMw", "amenity_type": "restaurant", "amenity": "M.B. Family Bakeshop", "lgu": "Talisay City"}}, {"type": "Feature", "geometry": {"type": "Point", "coordinates": [123.855384, 10.2747227]}, "properties": {"id": "ChIJK_JH4UScqTMRj-7gyD2kPuA", "amenity_type": "restaurant", "amenity": "M2M Store", "lgu": "Talisay City"}}, {"type": "Feature", "geometry": {"type": "Point", "coordinates": [123.8480575, 10.2439516]}, "properties": {"id": "ChIJc9FAmNOdqTMRJGxySRBaKGQ", "amenity_type": "restaurant", "amenity": "MARGA AND BELLA SARI SARI STORE", "lgu": "Talisay City"}}, {"type": "Feature", "geometry": {"type": "Point", "coordinates": [123.8144821, 10.2450103]}, "properties": {"id": "ChIJsejHR0GdqTMRsOnPAIEyZAc", "amenity_type": "restaurant", "amenity": "MIG'Z BAKESHOP", "lgu": "Talisay City"}}, {"type": "Feature", "geometry": {"type": "Point", "coordinates": [123.8315448, 10.246134]}, "properties": {"id": "ChIJ_fVSlCKdqTMRYfrAVorpgkw", "amenity_type": "restaurant", "amenity": "MILA CARENDERIA", "lgu": "Talisay City"}}, {"type": "Feature", "geometry": {"type": "Point", "coordinates": [123.8323961, 10.2361748]}, "properties": {"id": "ChIJB_pDVACdqTMRvuXn7Vq2EnU", "amenity_type": "restaurant", "amenity": "MINI KAWBOI GRILL", "lgu": "Talisay City"}}, {"type": "Feature", "geometry": {"type": "Point", "coordinates": [123.8646164, 10.2660127]}, "properties": {"id": "ChIJHTe5wc2dqTMRjg6YKtP_Wfk", "amenity_type": "restaurant", "amenity": "MIRAS STORE", "lgu": "Talisay City"}}, {"type": "Feature", "geometry": {"type": "Point", "coordinates": [123.8240845, 10.2406094]}, "properties": {"id": "ChIJK9dvgTmdqTMRl9HlZ7-XrKM", "amenity_type": "restaurant", "amenity": "MKJS FOOD HOUSE", "lgu": "Talisay City"}}, {"type": "Feature", "geometry": {"type": "Point", "coordinates": [123.8507062, 10.2725363]}, "properties": {"id": "ChIJIxFxRnmdqTMRLJQ9LctMGrY", "amenity_type": "restaurant", "amenity": "MN Elements", "lgu": "Talisay City"}}, {"type": "Feature", "geometry": {"type": "Point", "coordinates": [123.8256937, 10.2541955]}, "properties": {"id": "ChIJBRSibBGdqTMRY8wItsr-PYo", "amenity_type": "restaurant", "amenity": "MSG BAKESHOP", "lgu": "Talisay City"}}, {"type": "Feature", "geometry": {"type": "Point", "coordinates": [123.845637, 10.2538515]}, "properties": {"id": "ChIJu_8G-52dqTMRa61iESDGP8A", "amenity_type": "restaurant", "amenity": "Ma DAHON KAPE", "lgu": "Talisay City"}}, {"type": "Feature", "geometry": {"type": "Point", "coordinates": [123.823199, 10.2389555]}, "properties": {"id": "ChIJ58m0reWdqTMRi678mXvxpKs", "amenity_type": "restaurant", "amenity": "Maam Ester Store", "lgu": "Talisay City"}}, {"type": "Feature", "geometry": {"type": "Point", "coordinates": [123.8313846, 10.2440471]}, "properties": {"id": "ChIJoX3XFyOdqTMRvyUOVhsQ7GA", "amenity_type": "restaurant", "amenity": "Mac Jake Bake Shop", "lgu": "Talisay City"}}, {"type": "Feature", "geometry": {"type": "Point", "coordinates": [123.8195099, 10.2384218]}, "properties": {"id": "ChIJv-5DIGudqTMRh3UOGnZR4DM", "amenity_type": "cafe", "amenity": "Maharlika Cafe", "lgu": "Talisay City"}}, {"type": "Feature", "geometry": {"type": "Point", "coordinates": [123.8406728, 10.2554657]}, "properties": {"id": "ChIJg-8nfwCdqTMRRzDwojaqzPM", "amenity_type": "restaurant", "amenity": "Maia's Bake House", "lgu": "Talisay City"}}, {"type": "Feature", "geometry": {"type": "Point", "coordinates": [123.8271798, 10.2419463]}, "properties": {"id": "ChIJZzqkQwCdqTMR9H8r3DNp40I", "amenity_type": "restaurant", "amenity": "Mamo's Biko", "lgu": "Talisay City"}}, {"type": "Feature", "geometry": {"type": "Point", "coordinates": [123.848658, 10.243853]}, "properties": {"id": "ChIJyz4Mvd2cqTMRy8fGH3v3N7A", "amenity_type": "restaurant", "amenity": "Mang Tinapay", "lgu": "Talisay City"}}, {"type": "Feature", "geometry": {"type": "Point", "coordinates": [123.8391295, 10.2630344]}, "properties": {"id": "ChIJQ2SkQQCdqTMRMUcUeCITr18", "amenity_type": "restaurant", "amenity": "Mang Tinapay More Than a Bakeshop", "lgu": "Talisay City"}}, {"type": "Feature", "geometry": {"type": "Point", "coordinates": [123.8558753, 10.2823608]}, "properties": {"id": "ChIJc1WrekecqTMReuwqY8V46Qo", "amenity_type": "restaurant", "amenity": "Mang Tinapay More than a Bakeshop", "lgu": "Talisay City"}}, {"type": "Feature", "geometry": {"type": "Point", "coordinates": [123.8226506, 10.2581648]}, "properties": {"id": "ChIJI60Wh2aZqTMRFjGdol73v7E", "amenity_type": "restaurant", "amenity": "Mani Mogo Korean Restaurant with Daega", "lgu": "Talisay City"}}, {"type": "Feature", "geometry": {"type": "Point", "coordinates": [123.847998, 10.2688317]}, "properties": {"id": "ChIJ8w7-r1WdqTMRlUmaqfMdUjY", "amenity_type": "restaurant", "amenity": "MarBen Convenient Store", "lgu": "Talisay City"}}, {"type": "Feature", "geometry": {"type": "Point", "coordinates": [123.8388168, 10.2382336]}, "properties": {"id": "ChIJ8W14CKWdqTMRTwVO4azunuA", "amenity_type": "restaurant", "amenity": "Marcel Home Bakery", "lgu": "Talisay City"}}, {"type": "Feature", "geometry": {"type": "Point", "coordinates": [123.8340343, 10.2500517]}, "properties": {"id": "ChIJ7a5t_8SdqTMR2GApuSgk-lk", "amenity_type": "restaurant", "amenity": "Maria Luisa Compound", "lgu": "Talisay City"}}, {"type": "Feature", "geometry": {"type": "Point", "coordinates": [123.7973723, 10.2419898]}, "properties": {"id": "ChIJcb71O8ydqTMRyhgbC6ZErK4", "amenity_type": "restaurant", "amenity": "Marilou Eatery", "lgu": "Talisay City"}}, {"type": "Feature", "geometry": {"type": "Point", "coordinates": [123.8290427, 10.2394565]}, "properties": {"id": "ChIJF5yqtLSdqTMRZanwvaZrWMo", "amenity_type": "restaurant", "amenity": "MarzFood Kitchen", "lgu": "Talisay City"}}, {"type": "Feature", "geometry": {"type": "Point", "coordinates": [123.8253541, 10.2460299]}, "properties": {"id": "ChIJKzCPSACdqTMRDMYbhluKcKY", "amenity_type": "cafe", "amenity": "MaxCafe", "lgu": "Talisay City"}}, {"type": "Feature", "geometry": {"type": "Point", "coordinates": [123.8370962, 10.2466698]}, "properties": {"id": "ChIJXxfsYAadqTMRqW6FXX-E3-o", "amenity_type": "restaurant", "amenity": "Maximo Store", "lgu": "Talisay City"}}, {"type": "Feature", "geometry": {"type": "Point", "coordinates": [123.8577535, 10.2661833]}, "properties": {"id": "ChIJ3anvLFmcqTMRnNEludJxNd4", "amenity_type": "restaurant", "amenity": "Mazena Eatery", "lgu": "Talisay City"}}, {"type": "Feature", "geometry": {"type": "Point", "coordinates": [123.8179201, 10.257991]}, "properties": {"id": "ChIJqcU-Wm2dqTMR4yFZzyxjQ8I", "amenity_type": "restaurant", "amenity": "McDonald's Southcoast Talisay", "lgu": "Talisay City"}}, {"type": "Feature", "geometry": {"type": "Point", "coordinates": [123.8436852, 10.267054]}, "properties": {"id": "ChIJgcRg4bqdqTMRy26-2nayEC4", "amenity_type": "restaurant", "amenity": "Melton's Halo-Halo", "lgu": "Talisay City"}}, {"type": "Feature", "geometry": {"type": "Point", "coordinates": [123.8112013, 10.2558257]}, "properties": {"id": "ChIJy0ph726dqTMRN5Aq-fwhkL4", "amenity_type": "restaurant", "amenity": "Melton's Halo-Halo - P. Margarita", "lgu": "Talisay City"}}, {"type": "Feature", "geometry": {"type": "Point", "coordinates": [123.8555372, 10.2810285]}, "properties": {"id": "ChIJs7q0BUecqTMRxZk_ajkITgQ", "amenity_type": "restaurant", "amenity": "Melton's Halo-Halo - Pardo", "lgu": "Talisay City"}}, {"type": "Feature", "geometry": {"type": "Point", "coordinates": [123.84333, 10.266911]}, "properties": {"id": "ChIJmfJhRwCdqTMRwSXFNgBAYBQ", "amenity_type": "restaurant", "amenity": "Melton's Halo-Halo South Town Centre", "lgu": "Talisay City"}}, {"type": "Feature", "geometry": {"type": "Point", "coordinates": [123.8444662, 10.2402977]}, "properties": {"id": "ChIJBeh2L9mcqTMR5VHKDK2RKYY", "amenity_type": "restaurant", "amenity": "Mia Faith Bakeshop & Sari-Sari Store", "lgu": "Talisay City"}}, {"type": "Feature", "geometry": {"type": "Point", "coordinates": [123.8200273, 10.2519244]}, "properties": {"id": "ChIJ-c3MwWudqTMR5iTbFtkimwM", "amenity_type": "restaurant", "amenity": "Mia Sofia Store", "lgu": "Talisay City"}}, {"type": "Feature", "geometry": {"type": "Point", "coordinates": [123.856474, 10.2721662]}, "properties": {"id": "ChIJWe7YGQCdqTMRyOPpkE37-pw", "amenity_type": "restaurant", "amenity": "Mikz Snack Bar", "lgu": "Talisay City"}}, {"type": "Feature", "geometry": {"type": "Point", "coordinates": [123.8462243, 10.2428822]}, "properties": {"id": "ChIJAdgmhN6cqTMRvKGUsxoSiRQ", "amenity_type": "restaurant", "amenity": "Mila Garces Lechon", "lgu": "Talisay City"}}, {"type": "Feature", "geometry": {"type": "Point", "coordinates": [123.850209, 10.2657097]}, "properties": {"id": "ChIJl4SiYQCdqTMRgeVNg6Rvkuk", "amenity_type": "restaurant", "amenity": "Miles Store", "lgu": "Talisay City"}}, {"type": "Feature", "geometry": {"type": "Point", "coordinates": [123.8310151, 10.2429732]}, "properties": {"id": "ChIJ-bmUXCOdqTMRkV1kC1Xcj4c", "amenity_type": "restaurant", "amenity": "Miljak Store Sari Sari Store", "lgu": "Talisay City"}}, {"type": "Feature", "geometry": {"type": "Point", "coordinates": [123.8561494, 10.2635698]}, "properties": {"id": "ChIJg7xsXwCdqTMR6ZHvtAafRv4", "amenity_type": "restaurant", "amenity": "Milk Tea Shop", "lgu": "Talisay City"}}, {"type": "Feature", "geometry": {"type": "Point", "coordinates": [123.8286472, 10.2460949]}, "properties": {"id": "ChIJCWp9TZWdqTMRhHr_XYnpPeg", "amenity_type": "cafe", "amenity": "Milk and Mac Cafe", "lgu": "Talisay City"}}, {"type": "Feature", "geometry": {"type": "Point", "coordinates": [123.8219299, 10.2385177]}, "properties": {"id": "ChIJrYdnsSGdqTMRLMVSvFRpRt4", "amenity_type": "restaurant", "amenity": "Mini Tambayan", "lgu": "Talisay City"}}, {"type": "Feature", "geometry": {"type": "Point", "coordinates": [123.8562298, 10.2678904]}, "properties": {"id": "ChIJ69zVLludqTMRrcalnLRp-28", "amenity_type": "cafe", "amenity": "Minishopp cafe inayawan", "lgu": "Talisay City"}}, {"type": "Feature", "geometry": {"type": "Point", "coordinates": [123.8002022, 10.248541]}, "properties": {"id": "ChIJr8MsZDCdqTMRoelmydITXcw", "amenity_type": "restaurant", "amenity": "Mizuhiki Japanese Restaurant-Minglanilla", "lgu": "Talisay City"}}, {"type": "Feature", "geometry": {"type": "Point", "coordinates": [123.8440817, 10.2402075]}, "properties": {"id": "ChIJJZewUTudqTMRv5S71BNdJA8", "amenity_type": "restaurant", "amenity": "Mommy Pearlshake", "lgu": "Talisay City"}}, {"type": "Feature", "geometry": {"type": "Point", "coordinates": [123.8473293, 10.2431869]}, "properties": {"id": "ChIJ-ceDJwCdqTMRqnYDTIenCUU", "amenity_type": "restaurant", "amenity": "Mommy’s Store", "lgu": "Talisay City"}}, {"type": "Feature", "geometry": {"type": "Point", "coordinates": [123.8460961, 10.2440019]}, "properties": {"id": "ChIJT4onGMWdqTMRfXfyEd4QDSY", "amenity_type": "restaurant", "amenity": "Mood Coffee", "lgu": "Talisay City"}}, {"type": "Feature", "geometry": {"type": "Point", "coordinates": [123.8413071, 10.2604109]}, "properties": {"id": "ChIJF5JK-QGdqTMRkHyMYvebtnY", "amenity_type": "restaurant", "amenity": "More Bites", "lgu": "Talisay City"}}, {"type": "Feature", "geometry": {"type": "Point", "coordinates": [123.8257342, 10.2496783]}, "properties": {"id": "ChIJbwlzJQCdqTMRrkZpPMtR7L4", "amenity_type": "restaurant", "amenity": "Mr Dim Bakeshop", "lgu": "Talisay City"}}, {"type": "Feature", "geometry": {"type": "Point", "coordinates": [123.8400042, 10.2405881]}, "properties": {"id": "ChIJF4SKRiedqTMRPzuHVggyRFc", "amenity_type": "restaurant", "amenity": "Mr. BAKESHOP", "lgu": "Talisay City"}}, {"type": "Feature", "geometry": {"type": "Point", "coordinates": [123.8572723, 10.2817448]}, "properties": {"id": "ChIJExOrSEecqTMRQZUCmtnF4vs", "amenity_type": "restaurant", "amenity": "Mr. Gee Corner Shop", "lgu": "Talisay City"}}, {"type": "Feature", "geometry": {"type": "Point", "coordinates": [123.8560817, 10.2685338]}, "properties": {"id": "ChIJcw1jbZOdqTMRSC8vAQC7pL8", "amenity_type": "restaurant", "amenity": "Mr. Lemon - Inayawan", "lgu": "Talisay City"}}, {"type": "Feature", "geometry": {"type": "Point", "coordinates": [123.840916, 10.262927]}, "properties": {"id": "ChIJZwia1QGdqTMRN4P2urHNrc4", "amenity_type": "restaurant", "amenity": "Mr. Liempo", "lgu": "Talisay City"}}, {"type": "Feature", "geometry": {"type": "Point", "coordinates": [123.8135627, 10.2445633]}, "properties": {"id": "ChIJpcqDVEGdqTMRcWjozKPTAso", "amenity_type": "restaurant", "amenity": "Mr. Liempo", "lgu": "Talisay City"}}, {"type": "Feature", "geometry": {"type": "Point", "coordinates": [123.8252935, 10.2487012]}, "properties": {"id": "ChIJP2dnu4edqTMRx29XASmPMlc", "amenity_type": "restaurant", "amenity": "Mr.Qualitea - Mohon Branch", "lgu": "Talisay City"}}, {"type": "Feature", "geometry": {"type": "Point", "coordinates": [123.8392335, 10.2524493]}, "properties": {"id": "ChIJ_b9-RQCdqTMRGWjAzhKrS4U", "amenity_type": "restaurant", "amenity": "Muddy Park Café", "lgu": "Talisay City"}}, {"type": "Feature", "geometry": {"type": "Point", "coordinates": [123.8126056, 10.2443758]}, "properties": {"id": "ChIJJTEkCACdqTMR__3DlJx0YYE", "amenity_type": "restaurant", "amenity": "N&H Store", "lgu": "Talisay City"}}, {"type": "Feature", "geometry": {"type": "Point", "coordinates": [123.8477796, 10.2719199]}, "properties": {"id": "ChIJgaQbPACdqTMR_kDyYgmpA44", "amenity_type": "restaurant", "amenity": "N-J-J STORE", "lgu": "Talisay City"}}, {"type": "Feature", "geometry": {"type": "Point", "coordinates": [123.8313661, 10.2598926]}, "properties": {"id": "ChIJWQSZfnudqTMR5IcEEi1J3a0", "amenity_type": "restaurant", "amenity": "NADELA'S EATERY", "lgu": "Talisay City"}}, {"type": "Feature", "geometry": {"type": "Point", "coordinates": [123.8427974, 10.2526433]}, "properties": {"id": "ChIJCWCzyumdqTMR2JGNdQb0eVM", "amenity_type": "restaurant", "amenity": "NOY LECOY stk + bbq", "lgu": "Talisay City"}}, {"type": "Feature", "geometry": {"type": "Point", "coordinates": [123.8563424, 10.2664879]}, "properties": {"id": "ChIJNZEwGFmcqTMRSNetgrYHAcI", "amenity_type": "restaurant", "amenity": "Nanay Belen's Bakeshop", "lgu": "Talisay City"}}, {"type": "Feature", "geometry": {"type": "Point", "coordinates": [123.8389206, 10.2489544]}, "properties": {"id": "ChIJx6I7Uh6dqTMRFDX3Pw0V_jc", "amenity_type": "restaurant", "amenity": "Nanay Belen's Bakeshop", "lgu": "Talisay City"}}, {"type": "Feature", "geometry": {"type": "Point", "coordinates": [123.8505403, 10.2649948]}, "properties": {"id": "ChIJT7ePw1ecqTMR9qHVQnrM0LA", "amenity_type": "restaurant", "amenity": "Nanay Ester Store", "lgu": "Talisay City"}}, {"type": "Feature", "geometry": {"type": "Point", "coordinates": [123.8547815, 10.2806663]}, "properties": {"id": "ChIJ57tCq0ecqTMRz8OYc0AkV-0", "amenity_type": "restaurant", "amenity": "Nancy Store", "lgu": "Talisay City"}}, {"type": "Feature", "geometry": {"type": "Point", "coordinates": [123.8301981, 10.2390851]}, "properties": {"id": "ChIJS2SPXgCdqTMRe6PndNZhcLk", "amenity_type": "restaurant", "amenity": "Nhing's Store", "lgu": "Talisay City"}}, {"type": "Feature", "geometry": {"type": "Point", "coordinates": [123.8280161, 10.2459686]}, "properties": {"id": "ChIJ--coYACdqTMRWR9NBLhKEGE", "amenity_type": "cafe", "amenity": "Nong Ben's Cafe + Bar", "lgu": "Talisay City"}}, {"type": "Feature", "geometry": {"type": "Point", "coordinates": [123.8608201, 10.265463]}, "properties": {"id": "ChIJ1cND5PWdqTMR9KureetzCHA", "amenity_type": "restaurant", "amenity": "Ocampo Family", "lgu": "Talisay City"}}, {"type": "Feature", "geometry": {"type": "Point", "coordinates": [123.8114067, 10.2555879]}, "properties": {"id": "ChIJncOawG6dqTMRU5fvAiLHRY8", "amenity_type": "restaurant", "amenity": "Orange Brutus - Plaza Margarita Minglanilla", "lgu": "Talisay City"}}, {"type": "Feature", "geometry": {"type": "Point", "coordinates": [123.799085, 10.2415154]}, "properties": {"id": "ChIJme8XckOdqTMRKPUk5AsxQg0", "amenity_type": "restaurant", "amenity": "Outcasts FoodHub", "lgu": "Talisay City"}}, {"type": "Feature", "geometry": {"type": "Point", "coordinates": [123.7926079, 10.2443239]}, "properties": {"id": "ChIJjUXUC-N3qTMRq-Awyf5tVGg", "amenity_type": "restaurant", "amenity": "PAPSY'S BBQ - Minglanilla", "lgu": "Talisay City"}}, {"type": "Feature", "geometry": {"type": "Point", "coordinates": [123.8233755, 10.2590121]}, "properties": {"id": "ChIJCYYlEtedqTMR3gZCG8B9eds", "amenity_type": "restaurant", "amenity": "PICKUP COFFEE - Starmall Talisay", "lgu": "Talisay City"}}, {"type": "Feature", "geometry": {"type": "Point", "coordinates": [123.8496753, 10.2426942]}, "properties": {"id": "ChIJt95WDACdqTMRPb5TcFs0wPg", "amenity_type": "cafe", "amenity": "Paharuhay Cafe", "lgu": "Talisay City"}}, {"type": "Feature", "geometry": {"type": "Point", "coordinates": [123.8425533, 10.2659005]}, "properties": {"id": "ChIJIy0naFWcqTMRXyyyksmzPmg", "amenity_type": "restaurant", "amenity": "Pan De Manila Gaisano Grand Fiesta Mall", "lgu": "Talisay City"}}, {"type": "Feature", "geometry": {"type": "Point", "coordinates": [123.8114185, 10.2555703]}, "properties": {"id": "ChIJM4To6G6dqTMRPDezHJT1Tjs", "amenity_type": "restaurant", "amenity": "Pan De Manila Plaza Margarita", "lgu": "Talisay City"}}, {"type": "Feature", "geometry": {"type": "Point", "coordinates": [123.8563387, 10.2664841]}, "properties": {"id": "ChIJ-c4wGFmcqTMRyFf2Z4iaJoI", "amenity_type": "restaurant", "amenity": "Pan De Sugbo", "lgu": "Talisay City"}}, {"type": "Feature", "geometry": {"type": "Point", "coordinates": [123.8765409, 10.2651803]}, "properties": {"id": "ChIJb5kZY3ycqTMRwZnQeXOFv40", "amenity_type": "restaurant", "amenity": "Parilya", "lgu": "Talisay City"}}, {"type": "Feature", "geometry": {"type": "Point", "coordinates": [123.8393033, 10.2452563]}, "properties": {"id": "ChIJgQ9mXpCdqTMRHU4P-Y0BAHk", "amenity_type": "restaurant", "amenity": "Partea Go - Dumlog", "lgu": "Talisay City"}}, {"type": "Feature", "geometry": {"type": "Point", "coordinates": [123.842022, 10.2657879]}, "properties": {"id": "ChIJg80oW1WcqTMRCRivd3E5geM", "amenity_type": "restaurant", "amenity": "Pinoy Pao", "lgu": "Talisay City"}}, {"type": "Feature", "geometry": {"type": "Point", "coordinates": [123.7975497, 10.2446609]}, "properties": {"id": "ChIJ3x---rOdqTMRCnj9ky3v7B8", "amenity_type": "restaurant", "amenity": "Pleasant Blend", "lgu": "Talisay City"}}, {"type": "Feature", "geometry": {"type": "Point", "coordinates": [123.8231259, 10.2592424]}, "properties": {"id": "ChIJHUATwg2dqTMRogPldUZRKyU", "amenity_type": "restaurant", "amenity": "Potato Corner", "lgu": "Talisay City"}}, {"type": "Feature", "geometry": {"type": "Point", "coordinates": [123.8420093, 10.2654713]}, "properties": {"id": "ChIJS782WlWcqTMR00eyCtR1dWE", "amenity_type": "restaurant", "amenity": "Potato Corner", "lgu": "Talisay City"}}, {"type": "Feature", "geometry": {"type": "Point", "coordinates": [123.8297515, 10.2597628]}, "properties": {"id": "ChIJh7aufQ-dqTMRAWpCFnjplMY", "amenity_type": "restaurant", "amenity": "Potato Corner", "lgu": "Talisay City"}}, {"type": "Feature", "geometry": {"type": "Point", "coordinates": [123.8597418, 10.257494]}, "properties": {"id": "ChIJsZtTkfOcqTMR6-SpsItUj3k", "amenity_type": "restaurant", "amenity": "Potato Corner", "lgu": "Talisay City"}}, {"type": "Feature", "geometry": {"type": "Point", "coordinates": [123.8590186, 10.2753931]}, "properties": {"id": "ChIJkQ5pnkOcqTMRtKogqg1nKGY", "amenity_type": "restaurant", "amenity": "Princess Bakeshop", "lgu": "Talisay City"}}, {"type": "Feature", "geometry": {"type": "Point", "coordinates": [123.8472153, 10.2450732]}, "properties": {"id": "ChIJ68Ee__OZqTMRONmSrNwMYmk", "amenity_type": "cafe", "amenity": "Pull & Brew Cafe", "lgu": "Talisay City"}}, {"type": "Feature", "geometry": {"type": "Point", "coordinates": [123.8221123, 10.2383095]}, "properties": {"id": "ChIJsUSZT52dqTMRgtLiQQ2A_ZY", "amenity_type": "restaurant", "amenity": "Pungko-pungko sa Baybay", "lgu": "Talisay City"}}, {"type": "Feature", "geometry": {"type": "Point", "coordinates": [123.84185, 10.2656309]}, "properties": {"id": "ChIJOfxzWlWcqTMR7B6aH7bMEGE", "amenity_type": "restaurant", "amenity": "Purefoods Tender Juicy", "lgu": "Talisay City"}}, {"type": "Feature", "geometry": {"type": "Point", "coordinates": [123.8230469, 10.2387895]}, "properties": {"id": "ChIJE3JVNlGdqTMRK95kqMBQ8Wk", "amenity_type": "restaurant", "amenity": "Purok tabay", "lgu": "Talisay City"}}, {"type": "Feature", "geometry": {"type": "Point", "coordinates": [123.8350626, 10.2375899]}, "properties": {"id": "ChIJI4krQQCdqTMR4UrQLQQZEZ0", "amenity_type": "restaurant", "amenity": "Putoportz Kakanin", "lgu": "Talisay City"}}, {"type": "Feature", "geometry": {"type": "Point", "coordinates": [123.8411407, 10.2640033]}, "properties": {"id": "ChIJsXCaSwB3qTMRuE1ZRhhbNpk", "amenity_type": "restaurant", "amenity": "QWERTY Coffee - Talisay, Cebu", "lgu": "Talisay City"}}, {"type": "Feature", "geometry": {"type": "Point", "coordinates": [123.8296411, 10.2395859]}, "properties": {"id": "ChIJ94UINjqdqTMRgfBEZcr3MI8", "amenity_type": "restaurant", "amenity": "Qoffee & Co.", "lgu": "Talisay City"}}, {"type": "Feature", "geometry": {"type": "Point", "coordinates": [123.8372748, 10.2382888]}, "properties": {"id": "ChIJyfU-HOSdqTMR2ePuCaT_gBw", "amenity_type": "restaurant", "amenity": "R and J Store - Deca Homes Talisay City, Cebu", "lgu": "Talisay City"}}, {"type": "Feature", "geometry": {"type": "Point", "coordinates": [123.8476681, 10.2427145]}, "properties": {"id": "ChIJ5y4LM9ycqTMRahrWScsoMKw", "amenity_type": "restaurant", "amenity": "RENDEZVOUS MINI-MART", "lgu": "Talisay City"}}, {"type": "Feature", "geometry": {"type": "Point", "coordinates": [123.7907798, 10.243793]}, "properties": {"id": "ChIJ8U3ZneR3qTMRnOU_pE_Q7HM", "amenity_type": "convenience_store", "amenity": "ROSE MINISTOP", "lgu": "Talisay City"}}, {"type": "Feature", "geometry": {"type": "Point", "coordinates": [123.8357866, 10.2372234]}, "properties": {"id": "ChIJIVc1UrGdqTMRyZ6LXeRe9hE", "amenity_type": "restaurant", "amenity": "RRCC Sweets and Pastries", "lgu": "Talisay City"}}, {"type": "Feature", "geometry": {"type": "Point", "coordinates": [123.8215879, 10.2507046]}, "properties": {"id": "ChIJHxJaAwCdqTMRhadBO7fVVKs", "amenity_type": "restaurant", "amenity": "RV's Cakes", "lgu": "Talisay City"}}, {"type": "Feature", "geometry": {"type": "Point", "coordinates": [123.8588588, 10.2754828]}, "properties": {"id": "ChIJ0RM6nEOcqTMRUzJmcf65nzI", "amenity_type": "restaurant", "amenity": "Rab's Tea Cup", "lgu": "Talisay City"}}, {"type": "Feature", "geometry": {"type": "Point", "coordinates": [123.7935842, 10.2448956]}, "properties": {"id": "ChIJkfaiTQB3qTMRsP2KMPhmzSs", "amenity_type": "restaurant", "amenity": "Ramen Shack PH - Minglanilla", "lgu": "Talisay City"}}, {"type": "Feature", "geometry": {"type": "Point", "coordinates": [123.8450924, 10.2457662]}, "properties": {"id": "ChIJodZOd_qdqTMRuNDpydrC0dU", "amenity_type": "restaurant", "amenity": "Ramen Shack PH - Talisay", "lgu": "Talisay City"}}, {"type": "Feature", "geometry": {"type": "Point", "coordinates": [123.85999, 10.2747391]}, "properties": {"id": "ChIJMyEse6KdqTMRplZpkebVsSE", "amenity_type": "cafe", "amenity": "Random Cafe - Cogon Pardo", "lgu": "Talisay City"}}, {"type": "Feature", "geometry": {"type": "Point", "coordinates": [123.8318842, 10.251544]}, "properties": {"id": "ChIJNxNXEQCdqTMRjZpcbgjPEoA", "amenity_type": "cafe", "amenity": "Reina’s Bean & Brew | Starblack Cafe", "lgu": "Talisay City"}}, {"type": "Feature", "geometry": {"type": "Point", "coordinates": [123.8555225, 10.2689295]}, "properties": {"id": "ChIJYYVgLM-dqTMRmgKD96JlR8k", "amenity_type": "restaurant", "amenity": "Remz lechon & customize cakes", "lgu": "Talisay City"}}, {"type": "Feature", "geometry": {"type": "Point", "coordinates": [123.8574698, 10.2548847]}, "properties": {"id": "ChIJ0XXhs--cqTMRW4pmWUObbzk", "amenity_type": "restaurant", "amenity": "Rex's Kandingan Sa SRP", "lgu": "Talisay City"}}, {"type": "Feature", "geometry": {"type": "Point", "coordinates": [123.8172875, 10.2464107]}, "properties": {"id": "ChIJnWvLXuidqTMRnBOcnU5tCdc", "amenity_type": "restaurant", "amenity": "Reyana's Cakes & Cupcakes", "lgu": "Talisay City"}}, {"type": "Feature", "geometry": {"type": "Point", "coordinates": [123.8495699, 10.2732553]}, "properties": {"id": "ChIJywXNFO6dqTMRc5SgqizF5xw", "amenity_type": "restaurant", "amenity": "Rich Sari-Sari Store & General Merchandise", "lgu": "Talisay City"}}, {"type": "Feature", "geometry": {"type": "Point", "coordinates": [123.8619291, 10.2647845]}, "properties": {"id": "ChIJM9kqVQCdqTMRPkXE5HEr4f0", "amenity_type": "restaurant", "amenity": "Rose Dishwashing Liquid Kit", "lgu": "Talisay City"}}, {"type": "Feature", "geometry": {"type": "Point", "coordinates": [123.8396297, 10.2429055]}, "properties": {"id": "ChIJS-2e7CCdqTMRjpFVKrS9s4c", "amenity_type": "restaurant", "amenity": "Royal Rush", "lgu": "Talisay City"}}, {"type": "Feature", "geometry": {"type": "Point", "coordinates": [123.8262486, 10.2731572]}, "properties": {"id": "ChIJXRpuOpqdqTMRAN8-iei-gt4", "amenity_type": "restaurant", "amenity": "Rusamie & Jacko's Halo-halo", "lgu": "Talisay City"}}, {"type": "Feature", "geometry": {"type": "Point", "coordinates": [123.8470496, 10.2420036]}, "properties": {"id": "ChIJoWgzxo6dqTMRO-DDFb08jPI", "amenity_type": "restaurant", "amenity": "Ruthy's Lechon", "lgu": "Talisay City"}}, {"type": "Feature", "geometry": {"type": "Point", "coordinates": [123.8391653, 10.2513215]}, "properties": {"id": "ChIJ0cUaHgCdqTMRBovuZ91Sg-Q", "amenity_type": "restaurant", "amenity": "S'KeNa Bistro", "lgu": "Talisay City"}}, {"type": "Feature", "geometry": {"type": "Point", "coordinates": [123.8298168, 10.2486687]}, "properties": {"id": "ChIJFZtmAkOdqTMRyXnf0dfGGZ0", "amenity_type": "restaurant", "amenity": "SEVILLA SARI-SARI STORE", "lgu": "Talisay City"}}, {"type": "Feature", "geometry": {"type": "Point", "coordinates": [123.855503, 10.2527713]}, "properties": {"id": "ChIJZwvhSe6cqTMRUXt2Dn8s6XU", "amenity_type": "restaurant", "amenity": "SRP Food & Drinks", "lgu": "Talisay City"}}, {"type": "Feature", "geometry": {"type": "Point", "coordinates": [123.8556442, 10.279644]}, "properties": {"id": "ChIJuyWNAYSdqTMRUeBC1FZG_jE", "amenity_type": "restaurant", "amenity": "Sa Atong Balay", "lgu": "Talisay City"}}, {"type": "Feature", "geometry": {"type": "Point", "coordinates": [123.8476178, 10.2425564]}, "properties": {"id": "ChIJ4-YK_medqTMRaXtwoxpkYWg", "amenity_type": "restaurant", "amenity": "Safire", "lgu": "Talisay City"}}, {"type": "Feature", "geometry": {"type": "Point", "coordinates": [123.8570535, 10.2707073]}, "properties": {"id": "ChIJr-3Rd1ucqTMR6ogK3DzHL-Y", "amenity_type": "restaurant", "amenity": "Sam Sam Malunggay Pandesal", "lgu": "Talisay City"}}, {"type": "Feature", "geometry": {"type": "Point", "coordinates": [123.8476325, 10.2424199]}, "properties": {"id": "ChIJ6aDRXwCdqTMRWDnG4i2HHPE", "amenity_type": "restaurant", "amenity": "Sattou's Sky Lounge", "lgu": "Talisay City"}}, {"type": "Feature", "geometry": {"type": "Point", "coordinates": [123.8561211, 10.2691543]}, "properties": {"id": "ChIJEZcAncSdqTMRvFUfHux4R58", "amenity_type": "restaurant", "amenity": "Sebu Cha Inayawan", "lgu": "Talisay City"}}, {"type": "Feature", "geometry": {"type": "Point", "coordinates": [123.8337912, 10.2361461]}, "properties": {"id": "ChIJV62dbC-dqTMR7i_T7V6TfIw", "amenity_type": "restaurant", "amenity": "Sheena Anne Bakeshop", "lgu": "Talisay City"}}, {"type": "Feature", "geometry": {"type": "Point", "coordinates": [123.8331343, 10.2432701]}, "properties": {"id": "ChIJEZqnCeidqTMRQ_RPR_WuTnk", "amenity_type": "restaurant", "amenity": "Sheila’s Baked Goodies", "lgu": "Talisay City"}}, {"type": "Feature", "geometry": {"type": "Point", "coordinates": [123.812523, 10.255713]}, "properties": {"id": "ChIJydgXmm6dqTMRf01liU7KkFs", "amenity_type": "restaurant", "amenity": "Shell", "lgu": "Talisay City"}}, {"type": "Feature", "geometry": {"type": "Point", "coordinates": [123.8213401, 10.2381493]}, "properties": {"id": "ChIJl_rjKQCdqTMRMmt3JqiVqAw", "amenity_type": "restaurant", "amenity": "Siargao Vibes sa Pooc Talisay", "lgu": "Talisay City"}}, {"type": "Feature", "geometry": {"type": "Point", "coordinates": [123.7948355, 10.2679662]}, "properties": {"id": "ChIJ95r-DAB3qTMR0rmEh4Nl-wY", "amenity_type": "restaurant", "amenity": "Side Street Café", "lgu": "Talisay City"}}, {"type": "Feature", "geometry": {"type": "Point", "coordinates": [123.8240664, 10.2390288]}, "properties": {"id": "ChIJCapP9zmdqTMRc272Hv3PdGo", "amenity_type": "restaurant", "amenity": "Silvier's", "lgu": "Talisay City"}}, {"type": "Feature", "geometry": {"type": "Point", "coordinates": [123.8361024, 10.2375388]}, "properties": {"id": "ChIJbeu9RgCdqTMR79fsz0C4SOg", "amenity_type": "restaurant", "amenity": "Sisay Coffee", "lgu": "Talisay City"}}, {"type": "Feature", "geometry": {"type": "Point", "coordinates": [123.8531065, 10.2662183]}, "properties": {"id": "ChIJZxeGhAqdqTMR4tHDYSK0tGs", "amenity_type": "restaurant", "amenity": "Sitio Kaluwasan Chapel", "lgu": "Talisay City"}}, {"type": "Feature", "geometry": {"type": "Point", "coordinates": [123.8603949, 10.2790213]}, "properties": {"id": "ChIJSXPYki6ZqTMR0o318_2QJ0g", "amenity_type": "restaurant", "amenity": "Sizz + Brew", "lgu": "Talisay City"}}, {"type": "Feature", "geometry": {"type": "Point", "coordinates": [123.8240831, 10.2381476]}, "properties": {"id": "ChIJz4qR0XSdqTMRx5QpSHuj3eU", "amenity_type": "restaurant", "amenity": "Skina Habhab", "lgu": "Talisay City"}}, {"type": "Feature", "geometry": {"type": "Point", "coordinates": [123.8153396, 10.255964]}, "properties": {"id": "ChIJQfg4HEGdqTMRApaiTkfI2a0", "amenity_type": "cafe", "amenity": "Skye Garden Cafe", "lgu": "Talisay City"}}, {"type": "Feature", "geometry": {"type": "Point", "coordinates": [123.8778764, 10.266461]}, "properties": {"id": "ChIJp-u9ERGdqTMRRHzbMM_aHIg", "amenity_type": "restaurant", "amenity": "Slate District", "lgu": "Talisay City"}}, {"type": "Feature", "geometry": {"type": "Point", "coordinates": [123.8123458, 10.2444733]}, "properties": {"id": "ChIJe5YQbAKdqTMRWDauaVQFNeg", "amenity_type": "restaurant", "amenity": "Smokey's Fab Caffé and Snack Bar", "lgu": "Talisay City"}}, {"type": "Feature", "geometry": {"type": "Point", "coordinates": [123.819744, 10.238461]}, "properties": {"id": "ChIJwzlrGFCdqTMRvwj3W_UxRsE", "amenity_type": "restaurant", "amenity": "Sofia's Store", "lgu": "Talisay City"}}, {"type": "Feature", "geometry": {"type": "Point", "coordinates": [123.8024341, 10.2491408]}, "properties": {"id": "ChIJpVHiagCdqTMRNb9yOZtJRSc", "amenity_type": "restaurant", "amenity": "Sol's Halo-halo", "lgu": "Talisay City"}}, {"type": "Feature", "geometry": {"type": "Point", "coordinates": [123.8399285, 10.25772]}, "properties": {"id": "ChIJEQO6g-OdqTMRcam6ZaC4kgg", "amenity_type": "restaurant", "amenity": "Sol's Halohalo & Desserts", "lgu": "Talisay City"}}, {"type": "Feature", "geometry": {"type": "Point", "coordinates": [123.8476689, 10.2454717]}, "properties": {"id": "ChIJXygIWeecqTMRWiRiGXyEd1Q", "amenity_type": "restaurant", "amenity": "Sol's Halohalo And Desserts", "lgu": "Talisay City"}}, {"type": "Feature", "geometry": {"type": "Point", "coordinates": [123.856118, 10.2677802]}, "properties": {"id": "ChIJewk48i-dqTMRqE1-HzYPNKQ", "amenity_type": "restaurant", "amenity": "Sols Halo-Halo Inayawan", "lgu": "Talisay City"}}, {"type": "Feature", "geometry": {"type": "Point", "coordinates": [123.8601499, 10.2520194]}, "properties": {"id": "ChIJw_upa3adqTMR70Yk2DZPGT0", "amenity_type": "restaurant", "amenity": "Sols Halo-Halo San Roque Talisay", "lgu": "Talisay City"}}, {"type": "Feature", "geometry": {"type": "Point", "coordinates": [123.8590496, 10.2688489]}, "properties": {"id": "ChIJbbQSTqqdqTMRAZfpjItM9OQ", "amenity_type": "restaurant", "amenity": "Sonia's Sari-Sari Store", "lgu": "Talisay City"}}, {"type": "Feature", "geometry": {"type": "Point", "coordinates": [123.8241265, 10.2383837]}, "properties": {"id": "ChIJLx7W4POdqTMRp4CdeImZjyI", "amenity_type": "restaurant", "amenity": "Sonny's", "lgu": "Talisay City"}}, {"type": "Feature", "geometry": {"type": "Point", "coordinates": [123.8225469, 10.2573125]}, "properties": {"id": "ChIJvZxdpbmdqTMRq467vMHBYSo", "amenity_type": "restaurant", "amenity": "South Mart", "lgu": "Talisay City"}}, {"type": "Feature", "geometry": {"type": "Point", "coordinates": [123.8487818, 10.2579525]}, "properties": {"id": "ChIJ3VeDsPucqTMRvL42AihEOlY", "amenity_type": "restaurant", "amenity": "St Chow", "lgu": "Talisay City"}}, {"type": "Feature", "geometry": {"type": "Point", "coordinates": [123.838826, 10.2448531]}, "properties": {"id": "ChIJObQoRiCdqTMRW_3unOFToG0", "amenity_type": "restaurant", "amenity": "Star Frappe'", "lgu": "Talisay City"}}, {"type": "Feature", "geometry": {"type": "Point", "coordinates": [123.8506888, 10.2723788]}, "properties": {"id": "ChIJgTbv-LidqTMRezWV73BHrOM", "amenity_type": "restaurant", "amenity": "Star Frappe’ Bulacao", "lgu": "Talisay City"}}, {"type": "Feature", "geometry": {"type": "Point", "coordinates": [123.8573161, 10.2713394]}, "properties": {"id": "ChIJCXriZgCdqTMR-umpKM1BuHk", "amenity_type": "cafe", "amenity": "Starblack Cafe", "lgu": "Talisay City"}}, {"type": "Feature", "geometry": {"type": "Point", "coordinates": [123.8246662, 10.2545796]}, "properties": {"id": "ChIJuxDGMQCdqTMR38ROYtg2beQ", "amenity_type": "cafe", "amenity": "Starblack Cafe BF Better Homes", "lgu": "Talisay City"}}, {"type": "Feature", "geometry": {"type": "Point", "coordinates": [123.843498, 10.2441502]}, "properties": {"id": "ChIJFeBlFXKdqTMRYitRFhqJDyk", "amenity_type": "restaurant", "amenity": "Steph’s Residence", "lgu": "Talisay City"}}, {"type": "Feature", "geometry": {"type": "Point", "coordinates": [123.8395078, 10.2554987]}, "properties": {"id": "ChIJnYEtawCdqTMRLajfhdr3lyw", "amenity_type": "restaurant", "amenity": "Strive Coffee", "lgu": "Talisay City"}}, {"type": "Feature", "geometry": {"type": "Point", "coordinates": [123.8392197, 10.2453817]}, "properties": {"id": "ChIJB4c-ZQCdqTMRG9WIQ1vnmlA", "amenity_type": "restaurant", "amenity": "Strive Coffee Brewers Commisary", "lgu": "Talisay City"}}, {"type": "Feature", "geometry": {"type": "Point", "coordinates": [123.8567162, 10.2724381]}, "properties": {"id": "ChIJpbFGRlucqTMRkVxYpvjsy0Y", "amenity_type": "cafe", "amenity": "Sugar Cafe", "lgu": "Talisay City"}}, {"type": "Feature", "geometry": {"type": "Point", "coordinates": [123.8436081, 10.2444492]}, "properties": {"id": "ChIJtSGqftSdqTMRbKP0xCrShcU", "amenity_type": "restaurant", "amenity": "Sweet E's by Ynah Java", "lgu": "Talisay City"}}, {"type": "Feature", "geometry": {"type": "Point", "coordinates": [123.8410893, 10.2434774]}, "properties": {"id": "ChIJc9igZBadqTMR2BBfqgfcEw4", "amenity_type": "restaurant", "amenity": "Sweetsavannah", "lgu": "Talisay City"}}, {"type": "Feature", "geometry": {"type": "Point", "coordinates": [123.8287017, 10.237514]}, "properties": {"id": "ChIJ9x_oDDCdqTMRErTuJ7PK_gA", "amenity_type": "restaurant", "amenity": "TABOCO EATERY", "lgu": "Talisay City"}}, {"type": "Feature", "geometry": {"type": "Point", "coordinates": [123.8261015, 10.2448926]}, "properties": {"id": "ChIJZcIJCKidqTMReEmx52mwxdA", "amenity_type": "restaurant", "amenity": "TANOC SNACK BAR", "lgu": "Talisay City"}}, {"type": "Feature", "geometry": {"type": "Point", "coordinates": [123.8584351, 10.2658738]}, "properties": {"id": "ChIJh5gF116cqTMRSp8MhNr-A9A", "amenity_type": "restaurant", "amenity": "TEA STORE", "lgu": "Talisay City"}}, {"type": "Feature", "geometry": {"type": "Point", "coordinates": [123.8488538, 10.241896]}, "properties": {"id": "ChIJc-YqtXqdqTMR49NDcXQiq4Q", "amenity_type": "restaurant", "amenity": "Talisay Litson Food Park", "lgu": "Talisay City"}}, {"type": "Feature", "geometry": {"type": "Point", "coordinates": [123.8264216, 10.2628068]}, "properties": {"id": "ChIJCTH_mmOdqTMRbZzYF0tHrzA", "amenity_type": "restaurant", "amenity": "Talisay Tower Garden Restaurant", "lgu": "Talisay City"}}, {"type": "Feature", "geometry": {"type": "Point", "coordinates": [123.8286137, 10.2460819]}, "properties": {"id": "ChIJbcxDAVedqTMRrLWyqmWp8sM", "amenity_type": "restaurant", "amenity": "Tanoshii Cebu", "lgu": "Talisay City"}}, {"type": "Feature", "geometry": {"type": "Point", "coordinates": [123.8574996, 10.2766583]}, "properties": {"id": "ChIJ80tLc0ScqTMRGVm__eyGcyo", "amenity_type": "restaurant", "amenity": "Tazzy Convenience Store", "lgu": "Talisay City"}}, {"type": "Feature", "geometry": {"type": "Point", "coordinates": [123.8420554, 10.2474166]}, "properties": {"id": "ChIJw6DfIwCdqTMRRkV6ACgcMkA", "amenity_type": "restaurant", "amenity": "Tea Break", "lgu": "Talisay City"}}, {"type": "Feature", "geometry": {"type": "Point", "coordinates": [123.8402963, 10.2400137]}, "properties": {"id": "ChIJjUOWCBWdqTMRhHe13nmwMvo", "amenity_type": "restaurant", "amenity": "Tea Break - Ondo Rardo Market", "lgu": "Talisay City"}}, {"type": "Feature", "geometry": {"type": "Point", "coordinates": [123.8392411, 10.2442318]}, "properties": {"id": "ChIJffDHXwGdqTMRBvGUeNPw37c", "amenity_type": "restaurant", "amenity": "Teen The Hon", "lgu": "Talisay City"}}, {"type": "Feature", "geometry": {"type": "Point", "coordinates": [123.8103461, 10.2417485]}, "properties": {"id": "ChIJZyTjndedqTMRRPr8myRV06w", "amenity_type": "restaurant", "amenity": "Teting's Sisigan", "lgu": "Talisay City"}}, {"type": "Feature", "geometry": {"type": "Point", "coordinates": [123.857601, 10.2782149]}, "properties": {"id": "ChIJ6QdD8X-dqTMRzEk_FW5P6zY", "amenity_type": "cafe", "amenity": "Thad Internet Cafe", "lgu": "Talisay City"}}, {"type": "Feature", "geometry": {"type": "Point", "coordinates": [123.849869, 10.2727707]}, "properties": {"id": "ChIJp2MMcACdqTMR2erxObUjUNY", "amenity_type": "restaurant", "amenity": "The Coffee and Milk Tea", "lgu": "Talisay City"}}, {"type": "Feature", "geometry": {"type": "Point", "coordinates": [123.8597248, 10.2745372]}, "properties": {"id": "ChIJRy0MITCdqTMRebUmGjbZdIc", "amenity_type": "restaurant", "amenity": "The Crumb Cebu", "lgu": "Talisay City"}}, {"type": "Feature", "geometry": {"type": "Point", "coordinates": [123.8523053, 10.2752052]}, "properties": {"id": "ChIJlVi6enidqTMRcBlSyN60CMk", "amenity_type": "restaurant", "amenity": "The Good Brew Tambayan Foodpark", "lgu": "Talisay City"}}, {"type": "Feature", "geometry": {"type": "Point", "coordinates": [123.8586898, 10.2731315]}, "properties": {"id": "ChIJIdjHcwCdqTMRh0QJh9EVO0k", "amenity_type": "restaurant", "amenity": "The Megs and Migz Corner", "lgu": "Talisay City"}}, {"type": "Feature", "geometry": {"type": "Point", "coordinates": [123.7970443, 10.2419649]}, "properties": {"id": "ChIJa3LzElmdqTMRTzNfzQ7SFvs", "amenity_type": "restaurant", "amenity": "The Selah Café", "lgu": "Talisay City"}}, {"type": "Feature", "geometry": {"type": "Point", "coordinates": [123.8112269, 10.2558561]}, "properties": {"id": "ChIJ78rPUG6dqTMRNFwaOCJzgY0", "amenity_type": "restaurant", "amenity": "Tina's Carenderia and Barbecue Grill Haus", "lgu": "Talisay City"}}, {"type": "Feature", "geometry": {"type": "Point", "coordinates": [123.8539274, 10.2774357]}, "properties": {"id": "ChIJ9c5LwAGdqTMRCt04R1Ek0iI", "amenity_type": "restaurant", "amenity": "Tindahan ni Inday Rose", "lgu": "Talisay City"}}, {"type": "Feature", "geometry": {"type": "Point", "coordinates": [123.8559166, 10.2802442]}, "properties": {"id": "ChIJOy2-1rmdqTMRNuAG16rej5o", "amenity_type": "restaurant", "amenity": "Tindahan ni Inday Rose", "lgu": "Talisay City"}}, {"type": "Feature", "geometry": {"type": "Point", "coordinates": [123.846899, 10.2430106]}, "properties": {"id": "ChIJwVxDVDOdqTMRUGYK_nyuN6w", "amenity_type": "restaurant", "amenity": "TipTop Convenience Store", "lgu": "Talisay City"}}, {"type": "Feature", "geometry": {"type": "Point", "coordinates": [123.8495274, 10.2732528]}, "properties": {"id": "ChIJd3bRMlCcqTMRiKEfDFtDaYU", "amenity_type": "restaurant", "amenity": "Tres Maria's Convenience Store", "lgu": "Talisay City"}}, {"type": "Feature", "geometry": {"type": "Point", "coordinates": [123.845449, 10.2703543]}, "properties": {"id": "ChIJR0oF7VOcqTMRKFwyD41WHRw", "amenity_type": "restaurant", "amenity": "Triple A & D Eatery", "lgu": "Talisay City"}}, {"type": "Feature", "geometry": {"type": "Point", "coordinates": [123.8118181, 10.2530882]}, "properties": {"id": "ChIJfzLABgCdqTMR2lI4aXbMHxw", "amenity_type": "restaurant", "amenity": "Tungkil minglanilla cebu", "lgu": "Talisay City"}}, {"type": "Feature", "geometry": {"type": "Point", "coordinates": [123.8309515, 10.2519139]}, "properties": {"id": "ChIJ47MT9hmdqTMR9WUyMeyDDJ4", "amenity_type": "restaurant", "amenity": "Twin's Eatery", "lgu": "Talisay City"}}, {"type": "Feature", "geometry": {"type": "Point", "coordinates": [123.8311177, 10.2520303]}, "properties": {"id": "ChIJTxYCQgCdqTMRzRexIXiH0Pk", "amenity_type": "cafe", "amenity": "Twin’s Cafe’ and Tuslob Buwa", "lgu": "Talisay City"}}, {"type": "Feature", "geometry": {"type": "Point", "coordinates": [123.7939185, 10.244665]}, "properties": {"id": "ChIJj5F04np3qTMRS97M_G_8s8E", "amenity_type": "restaurant", "amenity": "Tēology Café", "lgu": "Talisay City"}}, {"type": "Feature", "geometry": {"type": "Point", "coordinates": [123.8394235, 10.2452322]}, "properties": {"id": "ChIJw0jPPiCdqTMR3Rhunxxz6ac", "amenity_type": "restaurant", "amenity": "UNCLE BREW", "lgu": "Talisay City"}}, {"type": "Feature", "geometry": {"type": "Point", "coordinates": [123.8451843, 10.2453825]}, "properties": {"id": "ChIJy2bhIN6cqTMR2NvsU5Oqc1E", "amenity_type": "restaurant", "amenity": "Uling Roaster", "lgu": "Talisay City"}}, {"type": "Feature", "geometry": {"type": "Point", "coordinates": [123.8568104, 10.2737912]}, "properties": {"id": "ChIJqe5FjmidqTMR9UFiUC5JUXg", "amenity_type": "restaurant", "amenity": "Uncle Brew - Inayawan Branch", "lgu": "Talisay City"}}, {"type": "Feature", "geometry": {"type": "Point", "coordinates": [123.7965782, 10.2459349]}, "properties": {"id": "ChIJQ1vpKwCdqTMRvf3Izikxi9c", "amenity_type": "restaurant", "amenity": "Uncle Brew Prime", "lgu": "Talisay City"}}, {"type": "Feature", "geometry": {"type": "Point", "coordinates": [123.8427961, 10.2669243]}, "properties": {"id": "ChIJSUqNnNWdqTMRY_yOA0P-tN0", "amenity_type": "restaurant", "amenity": "Uncle Brew Prime - Bulacao Talisay", "lgu": "Talisay City"}}, {"type": "Feature", "geometry": {"type": "Point", "coordinates": [123.8551186, 10.2803652]}, "properties": {"id": "ChIJC09kphidqTMR_GcRB7MbqoI", "amenity_type": "restaurant", "amenity": "Uncle Brew Prime Pardo", "lgu": "Talisay City"}}, {"type": "Feature", "geometry": {"type": "Point", "coordinates": [123.8583564, 10.2701063]}, "properties": {"id": "ChIJsyKPLHedqTMRJ-PZ68QeD94", "amenity_type": "restaurant", "amenity": "Undo's Sari-sari Store & Sweet Bites", "lgu": "Talisay City"}}, {"type": "Feature", "geometry": {"type": "Point", "coordinates": [123.8590056, 10.2583017]}, "properties": {"id": "ChIJa1Jp5NqdqTMR3FQ3g_i2Eds", "amenity_type": "restaurant", "amenity": "Updraft Coffee", "lgu": "Talisay City"}}, {"type": "Feature", "geometry": {"type": "Point", "coordinates": [123.8249118, 10.2458603]}, "properties": {"id": "ChIJAfB_0T2dqTMRpjNxbwjIcow", "amenity_type": "convenience_store", "amenity": "Uweng & Son's Familymart", "lgu": "Talisay City"}}, {"type": "Feature", "geometry": {"type": "Point", "coordinates": [123.853542, 10.2778837]}, "properties": {"id": "ChIJW6cMnwqdqTMRQbN8zAxoDaA", "amenity_type": "restaurant", "amenity": "Vasso Milk Tea, Frappe & Coffee - Pardo", "lgu": "Talisay City"}}, {"type": "Feature", "geometry": {"type": "Point", "coordinates": [123.8329242, 10.2601466]}, "properties": {"id": "ChIJLZP3SgSdqTMRI0GfrG3oVUE", "amenity_type": "restaurant", "amenity": "Vergara Eatery", "lgu": "Talisay City"}}, {"type": "Feature", "geometry": {"type": "Point", "coordinates": [123.8601689, 10.2650067]}, "properties": {"id": "ChIJXQKJSYOdqTMRDa3T-sWNyJg", "amenity_type": "restaurant", "amenity": "Vernel Store", "lgu": "Talisay City"}}, {"type": "Feature", "geometry": {"type": "Point", "coordinates": [123.8405649, 10.2607573]}, "properties": {"id": "ChIJJQyjcgKdqTMRBGFEPJKAy3w", "amenity_type": "restaurant", "amenity": "Victoria's Halo Halo", "lgu": "Talisay City"}}, {"type": "Feature", "geometry": {"type": "Point", "coordinates": [123.8563945, 10.2663774]}, "properties": {"id": "ChIJt9HRbUudqTMRaKmYeUzO3hA", "amenity_type": "restaurant", "amenity": "Virgo Milktea Inayawan Branch", "lgu": "Talisay City"}}, {"type": "Feature", "geometry": {"type": "Point", "coordinates": [123.8113576, 10.2561846]}, "properties": {"id": "ChIJDTIGcDmdqTMR1OdZeVXv7Cs", "amenity_type": "restaurant", "amenity": "WINGMAN Unlimited Chicken Wings Minglanilla", "lgu": "Talisay City"}}, {"type": "Feature", "geometry": {"type": "Point", "coordinates": [123.843669, 10.267168]}, "properties": {"id": "ChIJgYI3AVWcqTMR33PRtVCsv0Q", "amenity_type": "restaurant", "amenity": "Waffle Time", "lgu": "Talisay City"}}, {"type": "Feature", "geometry": {"type": "Point", "coordinates": [123.859643, 10.257429]}, "properties": {"id": "ChIJsZtTkfOcqTMRh28r5NbZ294", "amenity_type": "restaurant", "amenity": "Waffle Time", "lgu": "Talisay City"}}, {"type": "Feature", "geometry": {"type": "Point", "coordinates": [123.7969209, 10.2424524]}, "properties": {"id": "ChIJJVxlfwCdqTMRWJtCTULVNF4", "amenity_type": "cafe", "amenity": "Wander Cafe", "lgu": "Talisay City"}}, {"type": "Feature", "geometry": {"type": "Point", "coordinates": [123.8380448, 10.2381207]}, "properties": {"id": "ChIJuUhRUlGdqTMRUFDVbW_l6vQ", "amenity_type": "restaurant", "amenity": "Windeb Store", "lgu": "Talisay City"}}, {"type": "Feature", "geometry": {"type": "Point", "coordinates": [123.8562331, 10.2686192]}, "properties": {"id": "ChIJowGjFHudqTMRIRJLn1n1hl4", "amenity_type": "restaurant", "amenity": "Winterbelle Bean & Leaf Inayawan Pick Up Point", "lgu": "Talisay City"}}, {"type": "Feature", "geometry": {"type": "Point", "coordinates": [123.8508532, 10.2726352]}, "properties": {"id": "ChIJwbbEY3CdqTMR4jtlwFolZ2Y", "amenity_type": "restaurant", "amenity": "Xiejun's Payag", "lgu": "Talisay City"}}, {"type": "Feature", "geometry": {"type": "Point", "coordinates": [123.8446297, 10.2459692]}, "properties": {"id": "ChIJmW2bAQCdqTMRH-7NF0wVKj4", "amenity_type": "cafe", "amenity": "Xybrew Cafe", "lgu": "Talisay City"}}, {"type": "Feature", "geometry": {"type": "Point", "coordinates": [123.8543838, 10.2810451]}, "properties": {"id": "ChIJxeHbsUecqTMRszYuV7Plvcw", "amenity_type": "restaurant", "amenity": "YUMI YUKI STORE", "lgu": "Talisay City"}}, {"type": "Feature", "geometry": {"type": "Point", "coordinates": [123.8584313, 10.2804059]}, "properties": {"id": "ChIJMyrkKhidqTMRM9hBFDuJPiM", "amenity_type": "restaurant", "amenity": "Yar's Kafe", "lgu": "Talisay City"}}, {"type": "Feature", "geometry": {"type": "Point", "coordinates": [123.8576757, 10.2795495]}, "properties": {"id": "ChIJieHjj7edqTMRsQgMssgX8Tw", "amenity_type": "restaurant", "amenity": "Yla Gracia Store", "lgu": "Talisay City"}}, {"type": "Feature", "geometry": {"type": "Point", "coordinates": [123.8242671, 10.241514]}, "properties": {"id": "ChIJ2wODegCdqTMR5bOdaVlNVak", "amenity_type": "restaurant", "amenity": "Z- Café", "lgu": "Talisay City"}}, {"type": "Feature", "geometry": {"type": "Point", "coordinates": [123.8562478, 10.2802927]}, "properties": {"id": "ChIJSaAvgEydqTMRjiUTDb66FnQ", "amenity_type": "restaurant", "amenity": "ZHAGU MILK TEA", "lgu": "Talisay City"}}, {"type": "Feature", "geometry": {"type": "Point", "coordinates": [123.8418566, 10.247599]}, "properties": {"id": "ChIJZXABl32dqTMR3LPmOUTXFGs", "amenity_type": "restaurant", "amenity": "ZIA's STORE", "lgu": "Talisay City"}}, {"type": "Feature", "geometry": {"type": "Point", "coordinates": [123.8401897, 10.2388924]}, "properties": {"id": "ChIJF03IdDGdqTMRkNaESPK0PM4", "amenity_type": "restaurant", "amenity": "ZONE FIVE", "lgu": "Talisay City"}}, {"type": "Feature", "geometry": {"type": "Point", "coordinates": [123.8512498, 10.2633773]}, "properties": {"id": "ChIJc51j-oOdqTMR6KjuDegQZho", "amenity_type": "restaurant", "amenity": "Zeke's Store RoadEnd Bilyaran", "lgu": "Talisay City"}}, {"type": "Feature", "geometry": {"type": "Point", "coordinates": [123.8395872, 10.2488684]}, "properties": {"id": "ChIJd8s2Sh6dqTMRgkf4N0nIkTY", "amenity_type": "restaurant", "amenity": "goldilocks", "lgu": "Talisay City"}}, {"type": "Feature", "geometry": {"type": "Point", "coordinates": [123.851685, 10.2757427]}, "properties": {"id": "ChIJl-lejGudqTMR8pQBVp7ql_I", "amenity_type": "restaurant", "amenity": "lakwatsa milktea house bulacao", "lgu": "Talisay City"}}, {"type": "Feature", "geometry": {"type": "Point", "coordinates": [123.8241382, 10.2436503]}, "properties": {"id": "ChIJEwBx8oGdqTMRMpNUnys32Do", "amenity_type": "restaurant", "amenity": "mekhael store", "lgu": "Talisay City"}}, {"type": "Feature", "geometry": {"type": "Point", "coordinates": [123.8294623, 10.2519787]}, "properties": {"id": "ChIJPzQ6DQ-dqTMRHXVJMbNWWfE", "amenity_type": "restaurant", "amenity": "memer's cakes & pastries", "lgu": "Talisay City"}}, {"type": "Feature", "geometry": {"type": "Point", "coordinates": [123.8292255, 10.2528577]}, "properties": {"id": "ChIJ5xA2MgCdqTMRgmwUBbIUga8", "amenity_type": "restaurant", "amenity": "resley ann mabala cabando", "lgu": "Talisay City"}}, {"type": "Feature", "geometry": {"type": "Point", "coordinates": [123.8597751, 10.2746286]}, "properties": {"id": "ChIJeyrN1SmdqTMRm-o4ucjXwoY", "amenity_type": "restaurant", "amenity": "sc", "lgu": "Talisay City"}}, {"type": "Feature", "geometry": {"type": "Point", "coordinates": [123.8561064, 10.2804943]}, "properties": {"id": "ChIJlSx0e-CdqTMRw59r_SYHIVk", "amenity_type": "cafe", "amenity": "the koh-fee cebu city uno cafe", "lgu": "Talisay City"}}, {"type": "Feature", "geometry": {"type": "Point", "coordinates": [123.8552233, 10.2786053]}, "properties": {"id": "ChIJ_THB3xydqTMRTHdW_ELp_jU", "amenity_type": "restaurant", "amenity": "Ñyorito Kape", "lgu": "Talisay City"}}]}