{"type": "FeatureCollection", "features": [{"type": "Feature", "geometry": {"type": "Point", "coordinates": [123.87649, 10.2921362]}, "properties": {"id": "2179391644", "amenity_type": "clinic", "amenity": "Mambaling Health Center"}}, {"type": "Feature", "geometry": {"type": "Point", "coordinates": [123.907792, 10.3090599]}, "properties": {"id": "4049614390", "amenity_type": "clinic", "amenity": "Cebu Skin Clinic"}}, {"type": "Feature", "geometry": {"type": "Point", "coordinates": [123.8851477, 10.3175148]}, "properties": {"id": "4118002090", "amenity_type": "clinic", "amenity": "Metro Cebu Kidney Dialysis Center"}}, {"type": "Feature", "geometry": {"type": "Point", "coordinates": [123.8972113, 10.2989044]}, "properties": {"id": "4122422390", "amenity_type": "clinic", "amenity": "Fortune Care Clinic"}}, {"type": "Feature", "geometry": {"type": "Point", "coordinates": [123.9436116, 10.3300298]}, "properties": {"id": "4302562290", "amenity_type": "clinic", "amenity": "Dr. Jojo Cortes Clinic"}}, {"type": "Feature", "geometry": {"type": "Point", "coordinates": [123.9455445, 10.3316948]}, "properties": {"id": "4302562790", "amenity_type": "clinic", "amenity": "Marie Stopes"}}, {"type": "Feature", "geometry": {"type": "Point", "coordinates": [123.8818025, 10.2895124]}, "properties": {"id": "4340937722", "amenity_type": "clinic", "amenity": "Alaska Mambaling Barangay Health Center"}}, {"type": "Feature", "geometry": {"type": "Point", "coordinates": [123.9334485, 10.3265841]}, "properties": {"id": "4447144789", "amenity_type": "clinic", "amenity": "HearthHub Clinic"}}, {"type": "Feature", "geometry": {"type": "Point", "coordinates": [123.9315776, 10.329083]}, "properties": {"id": "4741655243", "amenity_type": "clinic", "amenity": "Community clinic"}}, {"type": "Feature", "geometry": {"type": "Point", "coordinates": [123.9307507, 10.4090205]}, "properties": {"id": "4888205822", "amenity_type": "clinic", "amenity": "Kauswagan Community Clinic and Social Center"}}, {"type": "Feature", "geometry": {"type": "Point", "coordinates": [123.9062045, 10.3236716]}, "properties": {"id": "4942410126", "amenity_type": "clinic", "amenity": "Barangay Luz Health Center"}}, {"type": "Feature", "geometry": {"type": "Point", "coordinates": [123.9454867, 10.2802455]}, "properties": {"id": "5385358124", "amenity_type": "clinic", "amenity": "Babag Health Center"}}, {"type": "Feature", "geometry": {"type": "Point", "coordinates": [123.9051556, 10.3181901]}, "properties": {"id": "5507339621", "amenity_type": "clinic", "amenity": "Chiropractic Clinic"}}, {"type": "Feature", "geometry": {"type": "Point", "coordinates": [123.8807426, 10.2804974]}, "properties": {"id": "5519778825", "amenity_type": "clinic", "amenity": "Kaiser Mecial Clinic"}}, {"type": "Feature", "geometry": {"type": "Point", "coordinates": [123.8843725, 10.3150927]}, "properties": {"id": "5519793521", "amenity_type": "clinic", "amenity": "The One Family Clinic & Laboratory"}}, {"type": "Feature", "geometry": {"type": "Point", "coordinates": [123.8714657, 10.2854585]}, "properties": {"id": "5846373352", "amenity_type": "clinic", "amenity": "Dr. Alicia Yuipco- Delfin Clinic"}}, {"type": "Feature", "geometry": {"type": "Point", "coordinates": [123.8852785, 10.2964483]}, "properties": {"id": "6357446985", "amenity_type": "clinic", "amenity": "Cebu Dog and Cat"}}, {"type": "Feature", "geometry": {"type": "Point", "coordinates": [123.8803815, 10.3255992]}, "properties": {"id": "6357875073", "amenity_type": "clinic", "amenity": "Unnamed health"}}, {"type": "Feature", "geometry": {"type": "Point", "coordinates": [123.8405344, 10.2603372]}, "properties": {"id": "7015939292", "amenity_type": "clinic", "amenity": "Serenety Wellness Clinic (Healthcare Center)"}}, {"type": "Feature", "geometry": {"type": "Point", "coordinates": [123.9647618, 10.3162743]}, "properties": {"id": "7130431686", "amenity_type": "clinic", "amenity": "Lapu-Lapu City Social Hygiene Clinic"}}, {"type": "Feature", "geometry": {"type": "Point", "coordinates": [123.9089799, 10.3081492]}, "properties": {"id": "7141236985", "amenity_type": "clinic", "amenity": "Cebu City Social Hygiene Clinic"}}, {"type": "Feature", "geometry": {"type": "Point", "coordinates": [123.9030522, 10.2945321]}, "properties": {"id": "7141264185", "amenity_type": "clinic", "amenity": "Cebu Sagrada Corazon Health Services, Inc."}}, {"type": "Feature", "geometry": {"type": "Point", "coordinates": [123.9005112, 10.3148458]}, "properties": {"id": "7170935585", "amenity_type": "clinic", "amenity": "Nuclear Medicine - Perpetual Soccur Hospital"}}, {"type": "Feature", "geometry": {"type": "Point", "coordinates": [123.9005891, 10.3148173]}, "properties": {"id": "7173788586", "amenity_type": "clinic", "amenity": "Cebu Urologic Institute - Perpetual Succour Hospital"}}, {"type": "Feature", "geometry": {"type": "Point", "coordinates": [123.8703078, 10.287983]}, "properties": {"id": "7815546585", "amenity_type": "clinic", "amenity": "Glory Reborn Birthing Center"}}, {"type": "Feature", "geometry": {"type": "Point", "coordinates": [123.9025495, 10.297792]}, "properties": {"id": "7843264785", "amenity_type": "clinic", "amenity": "St Peter - Paul Medical Clinic"}}, {"type": "Feature", "geometry": {"type": "Point", "coordinates": [123.8883113, 10.3166661]}, "properties": {"id": "9395626417", "amenity_type": "clinic", "amenity": "Supercare Cebu"}}, {"type": "Feature", "geometry": {"type": "Point", "coordinates": [123.9470043, 10.3030502]}, "properties": {"id": "9905565534", "amenity_type": "clinic", "amenity": "Tapang Medical Clinic"}}, {"type": "Feature", "geometry": {"type": "Point", "coordinates": [123.9652602, 10.2962618]}, "properties": {"id": "10213231718", "amenity_type": "clinic", "amenity": "OMDC Medical Diagnostic Clinic"}}, {"type": "Feature", "geometry": {"type": "Point", "coordinates": [123.9760213, 10.3129263]}, "properties": {"id": "10838117336", "amenity_type": "clinic", "amenity": "Unnamed health"}}, {"type": "Feature", "geometry": {"type": "Point", "coordinates": [123.9692423, 10.2844351]}, "properties": {"id": "11017829403", "amenity_type": "clinic", "amenity": "Expert Care MEdical Clinic"}}, {"type": "Feature", "geometry": {"type": "Point", "coordinates": [123.8795033, 10.2975699]}, "properties": {"id": "11555599369", "amenity_type": "clinic", "amenity": "City Doctors Med Clinic And Pharmacy"}}, {"type": "Feature", "geometry": {"type": "Point", "coordinates": [123.878107, 10.3009639]}, "properties": {"id": "11875317495", "amenity_type": "clinic", "amenity": "Kevlo Skin Clinic"}}, {"type": "Feature", "geometry": {"type": "Point", "coordinates": [123.9121982, 10.3441351]}, "properties": {"id": "11879062895", "amenity_type": "clinic", "amenity": "Int'l Acupuncture and medical Clinic"}}, {"type": "Feature", "geometry": {"type": "Point", "coordinates": [123.8984341, 10.3048701]}, "properties": {"id": "12876599202", "amenity_type": "clinic", "amenity": "Alpha diagnostic center"}}, {"type": "Feature", "geometry": {"type": "Point", "coordinates": [123.9140751, 10.3508875]}, "properties": {"id": "13508203456", "amenity_type": "clinic", "amenity": "Skin Doctors"}}, {"type": "Feature", "geometry": {"type": "Point", "coordinates": [123.9071123, 10.3193711]}, "properties": {"id": "150954402", "amenity_type": "clinic", "amenity": "Maxicare Healthcare Corporation - Primary Care Center"}}, {"type": "Feature", "geometry": {"type": "Point", "coordinates": [123.8855364, 10.2969858]}, "properties": {"id": "286883114", "amenity_type": "clinic", "amenity": "Uy Medical Clinic"}}, {"type": "Feature", "geometry": {"type": "Point", "coordinates": [123.9612265, 10.3435321]}, "properties": {"id": "344072539", "amenity_type": "clinic", "amenity": "Cebu Institute of Medicine Community Medico-Social Services Primary Care & Lying-in Center"}}, {"type": "Feature", "geometry": {"type": "Point", "coordinates": [123.9626693, 10.3782245]}, "properties": {"id": "374383815", "amenity_type": "clinic", "amenity": "LH Prime - Medical Clinic"}}, {"type": "Feature", "geometry": {"type": "Point", "coordinates": [123.8967311, 10.3105314]}, "properties": {"id": "425699296", "amenity_type": "clinic", "amenity": "SuperCare Medical Services Inc. - Cebu"}}, {"type": "Feature", "geometry": {"type": "Point", "coordinates": [123.893554, 10.3114263]}, "properties": {"id": "425874494", "amenity_type": "clinic", "amenity": "Unnamed health"}}, {"type": "Feature", "geometry": {"type": "Point", "coordinates": [123.9560412, 10.3320249]}, "properties": {"id": "458019598", "amenity_type": "clinic", "amenity": "Barangay Umapad Health Center"}}, {"type": "Feature", "geometry": {"type": "Point", "coordinates": [123.9418969, 10.3249161]}, "properties": {"id": "459318994", "amenity_type": "clinic", "amenity": "Mandaue City Health Department"}}, {"type": "Feature", "geometry": {"type": "Point", "coordinates": [123.8944538, 10.2970422]}, "properties": {"id": "895442392", "amenity_type": "clinic", "amenity": "Nationwide Health Systems"}}, {"type": "Feature", "geometry": {"type": "Point", "coordinates": [123.9675915, 10.2892108]}, "properties": {"id": "899084678", "amenity_type": "clinic", "amenity": "Hi-Precision Diagnostics"}}, {"type": "Feature", "geometry": {"type": "Point", "coordinates": [123.983024, 10.2601663]}, "properties": {"id": "1117008132", "amenity_type": "clinic", "amenity": "Unnamed health"}}, {"type": "Feature", "geometry": {"type": "Point", "coordinates": [123.8895684, 10.3097759]}, "properties": {"id": "1147544412", "amenity_type": "clinic", "amenity": "Chong Hua Medical Mall"}}, {"type": "Feature", "geometry": {"type": "Point", "coordinates": [123.8561667, 10.2806014]}, "properties": {"id": "1257380167", "amenity_type": "clinic", "amenity": "Montejo Medical Clinic"}}, {"type": "Feature", "geometry": {"type": "Point", "coordinates": [123.8943086, 10.331567]}, "properties": {"id": "1443596510", "amenity_type": "clinic", "amenity": "Sugbo Bagong Urgent Care and Ambulatory Services Center"}}, {"type": "Feature", "geometry": {"type": "Point", "coordinates": [123.9056663, 10.2942293]}, "properties": {"id": "380438493", "amenity_type": "doctors", "amenity": "Friendly Care Clinic"}}, {"type": "Feature", "geometry": {"type": "Point", "coordinates": [123.9347944, 10.3244929]}, "properties": {"id": "490429598", "amenity_type": "doctors", "amenity": "MetroCebu Oral Rehabilatation Center"}}, {"type": "Feature", "geometry": {"type": "Point", "coordinates": [123.8371629, 10.2615866]}, "properties": {"id": "1511434752", "amenity_type": "doctors", "amenity": "Simbajon Medical Clinic"}}, {"type": "Feature", "geometry": {"type": "Point", "coordinates": [123.9543698, 10.3717694]}, "properties": {"id": "1596062988", "amenity_type": "doctors", "amenity": "Leyson Family Clinic"}}, {"type": "Feature", "geometry": {"type": "Point", "coordinates": [123.8909237, 10.3103052]}, "properties": {"id": "2105137357", "amenity_type": "doctors", "amenity": "Feminine Fertility Center"}}, {"type": "Feature", "geometry": {"type": "Point", "coordinates": [123.9430759, 10.337953]}, "properties": {"id": "2141052244", "amenity_type": "doctors", "amenity": "Affliated Doctors Clinic"}}, {"type": "Feature", "geometry": {"type": "Point", "coordinates": [123.942846, 10.3378398]}, "properties": {"id": "2141326866", "amenity_type": "doctors", "amenity": "Unnamed health"}}, {"type": "Feature", "geometry": {"type": "Point", "coordinates": [123.9578723, 10.3763396]}, "properties": {"id": "2943053849", "amenity_type": "doctors", "amenity": "Dr. Veronica N. Alivio's Lying-in Clinic"}}, {"type": "Feature", "geometry": {"type": "Point", "coordinates": [123.8412167, 10.2632973]}, "properties": {"id": "4047131089", "amenity_type": "doctors", "amenity": "Unnamed health"}}, {"type": "Feature", "geometry": {"type": "Point", "coordinates": [123.814561, 10.2440198]}, "properties": {"id": "4263673189", "amenity_type": "doctors", "amenity": "Hilot house Sammy"}}, {"type": "Feature", "geometry": {"type": "Point", "coordinates": [123.8556026, 10.2792119]}, "properties": {"id": "4340940589", "amenity_type": "doctors", "amenity": "Pardo Health Center"}}, {"type": "Feature", "geometry": {"type": "Point", "coordinates": [123.8962955, 10.3075643]}, "properties": {"id": "4441554193", "amenity_type": "doctors", "amenity": "Dr. Wilfredo Ypil Clinic"}}, {"type": "Feature", "geometry": {"type": "Point", "coordinates": [123.9662013, 10.2926017]}, "properties": {"id": "4695663293", "amenity_type": "doctors", "amenity": "LH Prime Medical Clinic"}}, {"type": "Feature", "geometry": {"type": "Point", "coordinates": [123.8608827, 10.2534554]}, "properties": {"id": "5539823801", "amenity_type": "doctors", "amenity": "The Doctors Clinic"}}, {"type": "Feature", "geometry": {"type": "Point", "coordinates": [123.9662301, 10.2925307]}, "properties": {"id": "6694461217", "amenity_type": "doctors", "amenity": "Villamor Eye Clinic"}}, {"type": "Feature", "geometry": {"type": "Point", "coordinates": [123.9022728, 10.3149391]}, "properties": {"id": "7045928185", "amenity_type": "doctors", "amenity": "Unnamed health"}}, {"type": "Feature", "geometry": {"type": "Point", "coordinates": [123.8920051, 10.3082054]}, "properties": {"id": "7128883388", "amenity_type": "doctors", "amenity": "Unnamed health"}}, {"type": "Feature", "geometry": {"type": "Point", "coordinates": [123.9543666, 10.3661441]}, "properties": {"id": "7169131894", "amenity_type": "doctors", "amenity": "Unnamed health"}}, {"type": "Feature", "geometry": {"type": "Point", "coordinates": [123.9418169, 10.3249634]}, "properties": {"id": "7305118792", "amenity_type": "doctors", "amenity": "Mandaue City Social Hygiene Clinic"}}, {"type": "Feature", "geometry": {"type": "Point", "coordinates": [123.8292123, 10.2535519]}, "properties": {"id": "7305118793", "amenity_type": "doctors", "amenity": "Talisay City Social Hygiene Clinic"}}, {"type": "Feature", "geometry": {"type": "Point", "coordinates": [123.9030564, 10.2945733]}, "properties": {"id": "8345877680", "amenity_type": "doctors", "amenity": "Unnamed health"}}, {"type": "Feature", "geometry": {"type": "Point", "coordinates": [123.9317009, 10.3223001]}, "properties": {"id": "8346310210", "amenity_type": "doctors", "amenity": "Unnamed health"}}, {"type": "Feature", "geometry": {"type": "Point", "coordinates": [123.8988881, 10.3192252]}, "properties": {"id": "8346330054", "amenity_type": "doctors", "amenity": "Unnamed health"}}, {"type": "Feature", "geometry": {"type": "Point", "coordinates": [123.9090013, 10.3081782]}, "properties": {"id": "8347739282", "amenity_type": "doctors", "amenity": "Unnamed health"}}, {"type": "Feature", "geometry": {"type": "Point", "coordinates": [123.8931414, 10.3112288]}, "properties": {"id": "8347739291", "amenity_type": "doctors", "amenity": "Hi-Precision Diagnostics"}}, {"type": "Feature", "geometry": {"type": "Point", "coordinates": [123.9014509, 10.3000885]}, "properties": {"id": "8695736464", "amenity_type": "doctors", "amenity": "Alcantara Children's Medical Clinic"}}, {"type": "Feature", "geometry": {"type": "Point", "coordinates": [123.9647302, 10.2966389]}, "properties": {"id": "11011294613", "amenity_type": "doctors", "amenity": "Skindoctors"}}, {"type": "Feature", "geometry": {"type": "Point", "coordinates": [123.9178073, 10.3268054]}, "properties": {"id": "12468346601", "amenity_type": "doctors", "amenity": "Toledomed Cebu"}}, {"type": "Feature", "geometry": {"type": "Point", "coordinates": [123.9239637, 10.3511504]}, "properties": {"id": "12743913388", "amenity_type": "doctors", "amenity": "Unnamed health"}}, {"type": "Feature", "geometry": {"type": "Point", "coordinates": [123.8730604, 10.2957144]}, "properties": {"id": "13030791885", "amenity_type": "doctors", "amenity": "Punta Princesa Health Center"}}, {"type": "Feature", "geometry": {"type": "Point", "coordinates": [123.9031595, 10.2991741]}, "properties": {"id": "13040661450", "amenity_type": "doctors", "amenity": "Pari-an Health Center"}}, {"type": "Feature", "geometry": {"type": "Point", "coordinates": [123.9095448, 10.324343]}, "properties": {"id": "13361420202", "amenity_type": "doctors", "amenity": "Dr RMU"}}, {"type": "Feature", "geometry": {"type": "Point", "coordinates": [123.8928188, 10.2978143]}, "properties": {"id": "226499165", "amenity_type": "doctors", "amenity": "Cebu City Medical Center Pediatrics"}}, {"type": "Feature", "geometry": {"type": "Point", "coordinates": [123.9578098, 10.3764047]}, "properties": {"id": "638127839", "amenity_type": "doctors", "amenity": "Consolacion Primary Health Facility"}}, {"type": "Feature", "geometry": {"type": "Point", "coordinates": [123.7986669, 10.2438933]}, "properties": {"id": "854148464", "amenity_type": "doctors", "amenity": "Minglanilla Rural Health Unit"}}, {"type": "Feature", "geometry": {"type": "Point", "coordinates": [123.9671261, 10.2909968]}, "properties": {"id": "1163516117", "amenity_type": "doctors", "amenity": "Arcibal Medical Clinic"}}, {"type": "Feature", "geometry": {"type": "Point", "coordinates": [123.7954767, 10.2457008]}, "properties": {"id": "1362729422", "amenity_type": "doctors", "amenity": "Minglanilla Rural Health Unit Ⅰ"}}, {"type": "Feature", "geometry": {"type": "Point", "coordinates": [123.8975009, 10.2908808]}, "properties": {"id": "1368629884", "amenity_type": "doctors", "amenity": "Ermita Health Center"}}, {"type": "Feature", "geometry": {"type": "Point", "coordinates": [123.8278179, 10.2592382]}, "properties": {"id": "1419070928", "amenity_type": "doctors", "amenity": "Talisay City Health Unit Ⅲ"}}, {"type": "Feature", "geometry": {"type": "Point", "coordinates": [123.9124513, 10.3406648]}, "properties": {"id": "1693132815", "amenity_type": "dentist", "amenity": "Prodent Advanced Oral Health"}}, {"type": "Feature", "geometry": {"type": "Point", "coordinates": [123.898463, 10.3125445]}, "properties": {"id": "2841366672", "amenity_type": "dentist", "amenity": "Dental Innovations"}}, {"type": "Feature", "geometry": {"type": "Point", "coordinates": [123.8998248, 10.317229]}, "properties": {"id": "2841688305", "amenity_type": "dentist", "amenity": "Dr. Oliver Lim Seno Zugbu Aesthetic Dental Clinic"}}, {"type": "Feature", "geometry": {"type": "Point", "coordinates": [123.8995163, 10.3171313]}, "properties": {"id": "2841691202", "amenity_type": "dentist", "amenity": "Jueco Dental Clinic"}}, {"type": "Feature", "geometry": {"type": "Point", "coordinates": [123.9034854, 10.310538]}, "properties": {"id": "2850364640", "amenity_type": "dentist", "amenity": "Mint Dental Clinic"}}, {"type": "Feature", "geometry": {"type": "Point", "coordinates": [123.9025148, 10.3180095]}, "properties": {"id": "3761347218", "amenity_type": "dentist", "amenity": "Affinity Dental"}}, {"type": "Feature", "geometry": {"type": "Point", "coordinates": [123.9623393, 10.3012078]}, "properties": {"id": "3796420959", "amenity_type": "dentist", "amenity": "QPM Dental Care Clinic"}}, {"type": "Feature", "geometry": {"type": "Point", "coordinates": [123.9021561, 10.2947276]}, "properties": {"id": "4322706190", "amenity_type": "dentist", "amenity": "My Dentist"}}, {"type": "Feature", "geometry": {"type": "Point", "coordinates": [123.8940194, 10.3105528]}, "properties": {"id": "4326423422", "amenity_type": "dentist", "amenity": "Dean Cesa Dental Clinic"}}, {"type": "Feature", "geometry": {"type": "Point", "coordinates": [123.8963731, 10.3134291]}, "properties": {"id": "4540577389", "amenity_type": "dentist", "amenity": "Cebú Dental Care Center"}}, {"type": "Feature", "geometry": {"type": "Point", "coordinates": [123.8800319, 10.2823093]}, "properties": {"id": "4604950394", "amenity_type": "dentist", "amenity": "Cebu Smiles Dentistry"}}, {"type": "Feature", "geometry": {"type": "Point", "coordinates": [123.8603055, 10.2560042]}, "properties": {"id": "4746275223", "amenity_type": "dentist", "amenity": "Dr. Marchie C.Mabala Dental Clinic"}}, {"type": "Feature", "geometry": {"type": "Point", "coordinates": [123.8426767, 10.2669388]}, "properties": {"id": "4746755625", "amenity_type": "dentist", "amenity": "Unnamed health"}}, {"type": "Feature", "geometry": {"type": "Point", "coordinates": [123.8943769, 10.3054958]}, "properties": {"id": "4854318521", "amenity_type": "dentist", "amenity": "Dr. Jose Niñal II General Dentistry & Orthodontics"}}, {"type": "Feature", "geometry": {"type": "Point", "coordinates": [123.8895871, 10.3105581]}, "properties": {"id": "4947883821", "amenity_type": "dentist", "amenity": "Lynnette Chu, D.M.D."}}, {"type": "Feature", "geometry": {"type": "Point", "coordinates": [123.9135591, 10.3500518]}, "properties": {"id": "5267242729", "amenity_type": "dentist", "amenity": "All Smiles Dental Clinic"}}, {"type": "Feature", "geometry": {"type": "Point", "coordinates": [123.8954943, 10.3127927]}, "properties": {"id": "5594348125", "amenity_type": "dentist", "amenity": "Blinky Dental Clinic"}}, {"type": "Feature", "geometry": {"type": "Point", "coordinates": [124.0099453, 10.3068748]}, "properties": {"id": "5907483588", "amenity_type": "dentist", "amenity": "Newtown World Dental clinic"}}, {"type": "Feature", "geometry": {"type": "Point", "coordinates": [123.9676858, 10.2897583]}, "properties": {"id": "6226278336", "amenity_type": "dentist", "amenity": "Du Baguio"}}, {"type": "Feature", "geometry": {"type": "Point", "coordinates": [123.8827658, 10.2977035]}, "properties": {"id": "7509644085", "amenity_type": "dentist", "amenity": "Dr. Blinky Dental Clinic"}}, {"type": "Feature", "geometry": {"type": "Point", "coordinates": [123.8586586, 10.2899818]}, "properties": {"id": "9467920619", "amenity_type": "dentist", "amenity": "April Carmelle Dy"}}, {"type": "Feature", "geometry": {"type": "Point", "coordinates": [123.9290453, 10.3278629]}, "properties": {"id": "9521652408", "amenity_type": "dentist", "amenity": "Unnamed health"}}, {"type": "Feature", "geometry": {"type": "Point", "coordinates": [123.9209679, 10.3820128]}, "properties": {"id": "9884254617", "amenity_type": "dentist", "amenity": "KD dental clinic"}}, {"type": "Feature", "geometry": {"type": "Point", "coordinates": [123.8929215, 10.3163179]}, "properties": {"id": "10208475973", "amenity_type": "dentist", "amenity": "Sabandal Dental Clinic"}}, {"type": "Feature", "geometry": {"type": "Point", "coordinates": [123.8781933, 10.2974669]}, "properties": {"id": "10731981457", "amenity_type": "dentist", "amenity": "Rhed Owl Dental Clinic"}}, {"type": "Feature", "geometry": {"type": "Point", "coordinates": [123.8239904, 10.2574357]}, "properties": {"id": "10885842556", "amenity_type": "dentist", "amenity": "Pardillo Dental Clinic"}}, {"type": "Feature", "geometry": {"type": "Point", "coordinates": [123.9647862, 10.2968144]}, "properties": {"id": "11011294612", "amenity_type": "dentist", "amenity": "Unnamed health"}}, {"type": "Feature", "geometry": {"type": "Point", "coordinates": [123.9652031, 10.2966793]}, "properties": {"id": "11011294616", "amenity_type": "dentist", "amenity": "Dental Cube"}}, {"type": "Feature", "geometry": {"type": "Point", "coordinates": [123.8999522, 10.3172186]}, "properties": {"id": "11413766269", "amenity_type": "dentist", "amenity": "Cebu Dental Implants - Zugbu Aesthetic Dental Clinic Services Philippines"}}, {"type": "Feature", "geometry": {"type": "Point", "coordinates": [123.9638688, 10.2983536]}, "properties": {"id": "11520071318", "amenity_type": "dentist", "amenity": "Adental"}}, {"type": "Feature", "geometry": {"type": "Point", "coordinates": [123.9056316, 10.3234018]}, "properties": {"id": "11759887246", "amenity_type": "dentist", "amenity": "msDental clinic"}}, {"type": "Feature", "geometry": {"type": "Point", "coordinates": [123.954739, 10.3734952]}, "properties": {"id": "11777649506", "amenity_type": "dentist", "amenity": "Gale's Dental Care Clinic"}}, {"type": "Feature", "geometry": {"type": "Point", "coordinates": [123.8790733, 10.2988053]}, "properties": {"id": "11843045944", "amenity_type": "dentist", "amenity": "Daclan Dental Clinic"}}, {"type": "Feature", "geometry": {"type": "Point", "coordinates": [123.9131972, 10.3494338]}, "properties": {"id": "11878641201", "amenity_type": "dentist", "amenity": "J-Ann Dental Care"}}, {"type": "Feature", "geometry": {"type": "Point", "coordinates": [123.933355, 10.326651]}, "properties": {"id": "12393350798", "amenity_type": "dentist", "amenity": "Edem Dental Clinic"}}, {"type": "Feature", "geometry": {"type": "Point", "coordinates": [123.9484932, 10.3302766]}, "properties": {"id": "12464404101", "amenity_type": "dentist", "amenity": "Nlrthside Dental Clinic"}}, {"type": "Feature", "geometry": {"type": "Point", "coordinates": [123.9779311, 10.3264446]}, "properties": {"id": "12468906502", "amenity_type": "dentist", "amenity": "Mamguan Dentist"}}, {"type": "Feature", "geometry": {"type": "Point", "coordinates": [123.9741759, 10.3243406]}, "properties": {"id": "12468909901", "amenity_type": "dentist", "amenity": "Quality Dental"}}, {"type": "Feature", "geometry": {"type": "Point", "coordinates": [123.9178848, 10.3265542]}, "properties": {"id": "12473487391", "amenity_type": "dentist", "amenity": "China Denetal Clinic"}}, {"type": "Feature", "geometry": {"type": "Point", "coordinates": [123.9361909, 10.3391879]}, "properties": {"id": "12517709329", "amenity_type": "dentist", "amenity": "Joghin's Dental Clinic"}}, {"type": "Feature", "geometry": {"type": "Point", "coordinates": [123.9245675, 10.3503598]}, "properties": {"id": "12743913369", "amenity_type": "dentist", "amenity": "Sotto Arcilla"}}, {"type": "Feature", "geometry": {"type": "Point", "coordinates": [123.9494796, 10.3107379]}, "properties": {"id": "12764346379", "amenity_type": "dentist", "amenity": "Glare Dental Clinic"}}, {"type": "Feature", "geometry": {"type": "Point", "coordinates": [123.9519354, 10.3121585]}, "properties": {"id": "12767859999", "amenity_type": "dentist", "amenity": "Kilaton Dental Clinic"}}, {"type": "Feature", "geometry": {"type": "Point", "coordinates": [123.9632647, 10.3784006]}, "properties": {"id": "12917800531", "amenity_type": "dentist", "amenity": "Prestige Dental Clinic"}}, {"type": "Feature", "geometry": {"type": "Point", "coordinates": [123.89885, 10.3049813]}, "properties": {"id": "12963851501", "amenity_type": "dentist", "amenity": "Unnamed health"}}, {"type": "Feature", "geometry": {"type": "Point", "coordinates": [123.9073392, 10.3288312]}, "properties": {"id": "13064781030", "amenity_type": "dentist", "amenity": "Smile Specialist Dental Care"}}, {"type": "Feature", "geometry": {"type": "Point", "coordinates": [123.9095857, 10.3243219]}, "properties": {"id": "13361420213", "amenity_type": "dentist", "amenity": "Metro Smile"}}, {"type": "Feature", "geometry": {"type": "Point", "coordinates": [123.913881, 10.3507632]}, "properties": {"id": "13508183726", "amenity_type": "dentist", "amenity": "Pristine Dental Care"}}, {"type": "Feature", "geometry": {"type": "Point", "coordinates": [123.9297858, 10.3377518]}, "properties": {"id": "13568840755", "amenity_type": "dentist", "amenity": "Dr. Cortes Dental"}}, {"type": "Feature", "geometry": {"type": "Point", "coordinates": [123.9269963, 10.3390326]}, "properties": {"id": "13611000935", "amenity_type": "dentist", "amenity": "Unnamed health"}}, {"type": "Feature", "geometry": {"type": "Point", "coordinates": [123.9140975, 10.3435061]}, "properties": {"id": "13619404171", "amenity_type": "dentist", "amenity": "Dr. Danjun Bercede Dental Clinic"}}, {"type": "Feature", "geometry": {"type": "Point", "coordinates": [123.9128396, 10.3453518]}, "properties": {"id": "13619503667", "amenity_type": "dentist", "amenity": "Dione Rey L Tan Dental Clinic"}}, {"type": "Feature", "geometry": {"type": "Point", "coordinates": [123.9134528, 10.3491768]}, "properties": {"id": "13629174361", "amenity_type": "dentist", "amenity": "Ruflo Dental Clinic"}}, {"type": "Feature", "geometry": {"type": "Point", "coordinates": [123.9706846, 10.315954]}, "properties": {"id": "607906401", "amenity_type": "dentist", "amenity": "Dental Office"}}, {"type": "Feature", "geometry": {"type": "Point", "coordinates": [123.894911, 10.305543]}, "properties": {"id": "ChIJtcd1RVCZqTMRu-Dimp3v_rc", "amenity_type": "pharmacy", "amenity": "5th Avenue Pharmacy"}}, {"type": "Feature", "geometry": {"type": "Point", "coordinates": [123.89089, 10.3088719]}, "properties": {"id": "ChIJU4xj502ZqTMRk2UHt5MPuHc", "amenity_type": "pharmacy", "amenity": "Botikang Pinoy"}}, {"type": "Feature", "geometry": {"type": "Point", "coordinates": [123.899197, 10.2969949]}, "properties": {"id": "ChIJGQ2KguKbqTMRnidRQPiPcZU", "amenity_type": "pharmacy", "amenity": "Citidrug 2-in-1 Drugstore"}}, {"type": "Feature", "geometry": {"type": "Point", "coordinates": [123.8994662, 10.3149776]}, "properties": {"id": "ChIJGSCioUeZqTMRoEtKZcN6X34", "amenity_type": "pharmacy", "amenity": "Coco Life Health Care"}}, {"type": "Feature", "geometry": {"type": "Point", "coordinates": [123.892862, 10.3128776]}, "properties": {"id": "ChIJE9-iMkqZqTMRoygtNhIMpPE", "amenity_type": "pharmacy", "amenity": "Completesolution Pharmacy and General Merchandise"}}, {"type": "Feature", "geometry": {"type": "Point", "coordinates": [123.8945379, 10.3053681]}, "properties": {"id": "ChIJh8QWUlCZqTMRPVt9nb3zLDc", "amenity_type": "pharmacy", "amenity": "Dr. Iben Ting Pharmacy"}}, {"type": "Feature", "geometry": {"type": "Point", "coordinates": [123.884613, 10.31874]}, "properties": {"id": "ChIJa_xax8qeqTMR9tb7B5zhXN4", "amenity_type": "pharmacy", "amenity": "Extreme Xcience Product Center"}}, {"type": "Feature", "geometry": {"type": "Point", "coordinates": [123.8956858, 10.3159146]}, "properties": {"id": "ChIJ1RhdFkiZqTMRAsZjG9F1200", "amenity_type": "pharmacy", "amenity": "ExtremeXcience Incorporated"}}, {"type": "Feature", "geometry": {"type": "Point", "coordinates": [123.908147, 10.3020149]}, "properties": {"id": "ChIJEbLjX2eZqTMRJkNyHi3NYgQ", "amenity_type": "pharmacy", "amenity": "Farmacia Ignacio"}}, {"type": "Feature", "geometry": {"type": "Point", "coordinates": [123.9150409, 10.3184049]}, "properties": {"id": "ChIJz0z56ROZqTMRaZyekJXmNNs", "amenity_type": "pharmacy", "amenity": "Farmacia Ni Dok"}}, {"type": "Feature", "geometry": {"type": "Point", "coordinates": [123.8800774, 10.3303003]}, "properties": {"id": "ChIJUThKgdGeqTMRLaWxMa22ipo", "amenity_type": "pharmacy", "amenity": "GENERIKA DRUGSTORE"}}, {"type": "Feature", "geometry": {"type": "Point", "coordinates": [123.9141351, 10.3047226]}, "properties": {"id": "ChIJxTT3AFeZqTMRrLjJ4xDOOYE", "amenity_type": "pharmacy", "amenity": "GENERIKA DRUGSTORE REGIONAL OFFICE"}}, {"type": "Feature", "geometry": {"type": "Point", "coordinates": [123.9009488, 10.297578]}, "properties": {"id": "ChIJsbQnlliZqTMRMj4gEOgwS9E", "amenity_type": "pharmacy", "amenity": "Generika"}}, {"type": "Feature", "geometry": {"type": "Point", "coordinates": [123.8979827, 10.3311633]}, "properties": {"id": "ChIJ-ScRCSaZqTMRZVLU4gjd5yE", "amenity_type": "pharmacy", "amenity": "Generika Drugstore"}}, {"type": "Feature", "geometry": {"type": "Point", "coordinates": [123.9054957, 10.3222655]}, "properties": {"id": "ChIJGf2hoxWZqTMR29whoVJNfBs", "amenity_type": "pharmacy", "amenity": "Generika Drugstore"}}, {"type": "Feature", "geometry": {"type": "Point", "coordinates": [123.890527, 10.294689]}, "properties": {"id": "ChIJcf4Xl_6bqTMRudRiTuJqDs0", "amenity_type": "pharmacy", "amenity": "Generika Drugstore"}}, {"type": "Feature", "geometry": {"type": "Point", "coordinates": [123.8988727, 10.2961209]}, "properties": {"id": "ChIJlb4jtVCZqTMRAwsj7_DrwhM", "amenity_type": "pharmacy", "amenity": "Generika Drugstore"}}, {"type": "Feature", "geometry": {"type": "Point", "coordinates": [123.8968888, 10.2935011]}, "properties": {"id": "ChIJCwrYzRWbqTMRf-u9hSXrWVs", "amenity_type": "pharmacy", "amenity": "Generika Drugstore (Magallanes Branch)"}}, {"type": "Feature", "geometry": {"type": "Point", "coordinates": [123.8699077, 10.2958383]}, "properties": {"id": "ChIJfWMh9hucqTMRJhnI1RACgx4", "amenity_type": "pharmacy", "amenity": "Generika Drugstore - Punta Princesa"}}, {"type": "Feature", "geometry": {"type": "Point", "coordinates": [123.8846963, 10.3003828]}, "properties": {"id": "ChIJwwMntJOfqTMRDsT7hT-pv6o", "amenity_type": "pharmacy", "amenity": "Generika Drugstore Labangon A. Lopez St."}}, {"type": "Feature", "geometry": {"type": "Point", "coordinates": [123.8741474, 10.2889591]}, "properties": {"id": "ChIJhTpcWQCdqTMRIfqoHqqWdhA", "amenity_type": "pharmacy", "amenity": "Generika Drugstore Mambaling"}}, {"type": "Feature", "geometry": {"type": "Point", "coordinates": [123.8873516, 10.3290207]}, "properties": {"id": "ChIJgUL5Fi2ZqTMR8kKNsd-jtZE", "amenity_type": "pharmacy", "amenity": "Generika drugstore"}}, {"type": "Feature", "geometry": {"type": "Point", "coordinates": [123.8967291, 10.3069065]}, "properties": {"id": "ChIJi6awAVCZqTMR5N8SGppn3sI", "amenity_type": "pharmacy", "amenity": "Green World Woo Tekh Philippines Incorporated"}}, {"type": "Feature", "geometry": {"type": "Point", "coordinates": [123.8821078, 10.3265485]}, "properties": {"id": "ChIJq0DOus2eqTMREOqEFitTPdg", "amenity_type": "pharmacy", "amenity": "Healty Pharmacy"}}, {"type": "Feature", "geometry": {"type": "Point", "coordinates": [123.8946703, 10.3131045]}, "properties": {"id": "ChIJea813EiZqTMRLmWBmiU4kCk", "amenity_type": "pharmacy", "amenity": "Jvzea Pharmaceuticals"}}, {"type": "Feature", "geometry": {"type": "Point", "coordinates": [123.864607, 10.2883769]}, "properties": {"id": "ChIJMWO8ORacqTMRKTBd6u0KBv4", "amenity_type": "pharmacy", "amenity": "La Nueva Pharmacy Basak Pardo"}}, {"type": "Feature", "geometry": {"type": "Point", "coordinates": [123.8853148, 10.2976891]}, "properties": {"id": "ChIJuZPUDACcqTMReF7ByNgHcpI", "amenity_type": "pharmacy", "amenity": "La Nueva Pharmacy Tres De Abril"}}, {"type": "Feature", "geometry": {"type": "Point", "coordinates": [123.8922138, 10.316833]}, "properties": {"id": "ChIJm6KJ5EmZqTMRZ5nsE8cYOYI", "amenity_type": "pharmacy", "amenity": "Lema Pharmaceuticals Inc"}}, {"type": "Feature", "geometry": {"type": "Point", "coordinates": [123.900018, 10.305584]}, "properties": {"id": "ChIJHy5wIVuZqTMRQ8PjjPOWuWA", "amenity_type": "pharmacy", "amenity": "M Lhuillier Pharmacy"}}, {"type": "Feature", "geometry": {"type": "Point", "coordinates": [123.892571, 10.312992]}, "properties": {"id": "ChIJ08VKRkmZqTMRxM2mULvpWuU", "amenity_type": "pharmacy", "amenity": "Mega Value Drug Store"}}, {"type": "Feature", "geometry": {"type": "Point", "coordinates": [123.8921255, 10.3109297]}, "properties": {"id": "ChIJQQ5Cl06ZqTMRKJXKGoFD_6w", "amenity_type": "pharmacy", "amenity": "Megavalue Drugstore"}}, {"type": "Feature", "geometry": {"type": "Point", "coordinates": [123.9041061, 10.3190505]}, "properties": {"id": "ChIJR6nEAT-ZqTMR7Nw1hjug7uw", "amenity_type": "pharmacy", "amenity": "Mercury Drug"}}, {"type": "Feature", "geometry": {"type": "Point", "coordinates": [123.9057247, 10.3282608]}, "properties": {"id": "ChIJlTnfTiKZqTMR3ZsGpz9DpwI", "amenity_type": "pharmacy", "amenity": "Mercury Drug"}}, {"type": "Feature", "geometry": {"type": "Point", "coordinates": [123.8610891, 10.2863416]}, "properties": {"id": "ChIJaZ5fZD6cqTMRByrgDC2nRAQ", "amenity_type": "pharmacy", "amenity": "Mercury Drug - Cebu City Basak Pardo"}}, {"type": "Feature", "geometry": {"type": "Point", "coordinates": [123.8938962, 10.3464523]}, "properties": {"id": "ChIJX0lwMs6YqTMROjZyJhbinwg", "amenity_type": "pharmacy", "amenity": "Mercury Drug - Cebu City Busay"}}, {"type": "Feature", "geometry": {"type": "Point", "coordinates": [123.897527, 10.2957154]}, "properties": {"id": "ChIJYyxcSwCbqTMR1pDPr-TlSZM", "amenity_type": "pharmacy", "amenity": "Mercury Drug - Cebu City Colon"}}, {"type": "Feature", "geometry": {"type": "Point", "coordinates": [123.8860701, 10.3161051]}, "properties": {"id": "ChIJfS910kqZqTMRF6uGWske33o", "amenity_type": "pharmacy", "amenity": "Mercury Drug - Cebu City Guadalupe"}}, {"type": "Feature", "geometry": {"type": "Point", "coordinates": [123.9164287, 10.3127681]}, "properties": {"id": "ChIJ87gF4myZqTMRIcupkvBH4QU", "amenity_type": "pharmacy", "amenity": "Mercury Drug - Cebu City Mabolo A. Soriano"}}, {"type": "Feature", "geometry": {"type": "Point", "coordinates": [123.8915141, 10.3149469]}, "properties": {"id": "ChIJ2UQigUmZqTMRIhmrHW2GCBI", "amenity_type": "pharmacy", "amenity": "Mercury Drug - Cebu City Osmeña Avila"}}, {"type": "Feature", "geometry": {"type": "Point", "coordinates": [123.8697273, 10.2966203]}, "properties": {"id": "ChIJR9a5DxycqTMR3wm2YfH29Jc", "amenity_type": "pharmacy", "amenity": "Mercury Drug - Cebu City Punta Princesa"}}, {"type": "Feature", "geometry": {"type": "Point", "coordinates": [123.8985862, 10.2963171]}, "properties": {"id": "ChIJbV0vl-KbqTMR8sCBgGy4qrE", "amenity_type": "pharmacy", "amenity": "Mercury Drug - Metro Colon"}}, {"type": "Feature", "geometry": {"type": "Point", "coordinates": [123.8939964, 10.3099531]}, "properties": {"id": "ChIJETqz_U6ZqTMRaqZf10Msx-I", "amenity_type": "pharmacy", "amenity": "Mercury Drug Pharmacy Fuente"}}, {"type": "Feature", "geometry": {"type": "Point", "coordinates": [123.8705277, 10.2904559]}, "properties": {"id": "ChIJMerTvBCcqTMR2JG6_7rqNEQ", "amenity_type": "pharmacy", "amenity": "Metro Pharmacy"}}, {"type": "Feature", "geometry": {"type": "Point", "coordinates": [123.8999784, 10.2976918]}, "properties": {"id": "ChIJx2zniFiZqTMRGPd65IOK8BM", "amenity_type": "pharmacy", "amenity": "Metro Pharmacy"}}, {"type": "Feature", "geometry": {"type": "Point", "coordinates": [123.8959601, 10.3075914]}, "properties": {"id": "ChIJpTq15U-ZqTMRgnA9ZB7k8WU", "amenity_type": "pharmacy", "amenity": "Mom's Best Value Pharmacy"}}, {"type": "Feature", "geometry": {"type": "Point", "coordinates": [123.9005143, 10.315423]}, "properties": {"id": "ChIJSQ47nkeZqTMRzgTHomI6i5A", "amenity_type": "pharmacy", "amenity": "Pharmacy"}}, {"type": "Feature", "geometry": {"type": "Point", "coordinates": [123.8896, 10.3134327]}, "properties": {"id": "ChIJTXfNjEuZqTMRduLqQO--ku8", "amenity_type": "pharmacy", "amenity": "Prosel Pharmaceuticals and Distributors Incorporated"}}, {"type": "Feature", "geometry": {"type": "Point", "coordinates": [123.886326, 10.319208]}, "properties": {"id": "ChIJE8uuNzWZqTMRWcbCZp3giYY", "amenity_type": "pharmacy", "amenity": "Rose Institute Of Cosmetology And Pharmacy"}}, {"type": "Feature", "geometry": {"type": "Point", "coordinates": [123.9151896, 10.3182169]}, "properties": {"id": "ChIJ48uiu-yZqTMRv3EyGmh_07Y", "amenity_type": "pharmacy", "amenity": "Rose Pharmacy"}}, {"type": "Feature", "geometry": {"type": "Point", "coordinates": [123.8901511, 10.3030412]}, "properties": {"id": "ChIJ6RxLDQCZqTMR4wGoOE4wuzI", "amenity_type": "pharmacy", "amenity": "Rose Pharmacy"}}, {"type": "Feature", "geometry": {"type": "Point", "coordinates": [123.8868881, 10.3063432]}, "properties": {"id": "ChIJS0Ss3FKZqTMRWEz8Gnn_jvU", "amenity_type": "pharmacy", "amenity": "Rose Pharmacy"}}, {"type": "Feature", "geometry": {"type": "Point", "coordinates": [123.8944889, 10.3066137]}, "properties": {"id": "ChIJUe1FLlCZqTMRPICm8MZT--E", "amenity_type": "pharmacy", "amenity": "Rose Pharmacy"}}, {"type": "Feature", "geometry": {"type": "Point", "coordinates": [123.8963701, 10.3070405]}, "properties": {"id": "ChIJfVxl_U-ZqTMRY-vgewdQ8Bs", "amenity_type": "pharmacy", "amenity": "Rose Pharmacy"}}, {"type": "Feature", "geometry": {"type": "Point", "coordinates": [123.8918428, 10.3150509]}, "properties": {"id": "ChIJh5Nmg0mZqTMRDwLsCBHOABY", "amenity_type": "pharmacy", "amenity": "Rose Pharmacy"}}, {"type": "Feature", "geometry": {"type": "Point", "coordinates": [123.8953976, 10.298178]}, "properties": {"id": "ChIJw3Thw1eZqTMRiOzAP3zk1rk", "amenity_type": "pharmacy", "amenity": "Rose Pharmacy"}}, {"type": "Feature", "geometry": {"type": "Point", "coordinates": [123.9070437, 10.3307927]}, "properties": {"id": "ChIJx6T8aZyZqTMRDraUIjC9iaA", "amenity_type": "pharmacy", "amenity": "Rose Pharmacy"}}, {"type": "Feature", "geometry": {"type": "Point", "coordinates": [123.9040191, 10.3187234]}, "properties": {"id": "ChIJz8QBrz-ZqTMRAEPmrSdK-M4", "amenity_type": "pharmacy", "amenity": "Rose Pharmacy"}}, {"type": "Feature", "geometry": {"type": "Point", "coordinates": [123.8994622, 10.2968505]}, "properties": {"id": "ChIJud4RgeKbqTMR0KfqRHlL2kM", "amenity_type": "pharmacy", "amenity": "Rose Pharmacy - Colonade"}}, {"type": "Feature", "geometry": {"type": "Point", "coordinates": [123.8578774, 10.288006]}, "properties": {"id": "ChIJi-tGTbWdqTMRLKzE6qKCfGM", "amenity_type": "pharmacy", "amenity": "Rose Pharmacy - Quiot"}}, {"type": "Feature", "geometry": {"type": "Point", "coordinates": [123.9060727, 10.3170693]}, "properties": {"id": "ChIJBZ3pfwCZqTMR7NlZe6gUUmM", "amenity_type": "pharmacy", "amenity": "Rose Pharmacy - The Market place Ayala"}}, {"type": "Feature", "geometry": {"type": "Point", "coordinates": [123.9034646, 10.3286754]}, "properties": {"id": "ChIJAfxnxbSZqTMRVASgql-Z8p8", "amenity_type": "pharmacy", "amenity": "Rose Pharmacy AVC Salinas, Lahug"}}, {"type": "Feature", "geometry": {"type": "Point", "coordinates": [123.8939452, 10.3168072]}, "properties": {"id": "ChIJVbLEt26ZqTMR3U9zpLm_t4s", "amenity_type": "pharmacy", "amenity": "Rose Pharmacy Capitol Site Escario"}}, {"type": "Feature", "geometry": {"type": "Point", "coordinates": [123.9062157, 10.301764]}, "properties": {"id": "ChIJc2NUa06ZqTMRF3grh7ZfvW4", "amenity_type": "pharmacy", "amenity": "Rose Pharmacy Cebu Catmon"}}, {"type": "Feature", "geometry": {"type": "Point", "coordinates": [123.9150675, 10.3142857]}, "properties": {"id": "ChIJz0fzymyZqTMRLL-BmKBPbO0", "amenity_type": "pharmacy", "amenity": "Rose Pharmacy Express Inn"}}, {"type": "Feature", "geometry": {"type": "Point", "coordinates": [123.8933665, 10.3106398]}, "properties": {"id": "ChIJi6eh_k6ZqTMRIB_T7TrUoSQ", "amenity_type": "pharmacy", "amenity": "Rose Pharmacy Fuente Osmena"}}, {"type": "Feature", "geometry": {"type": "Point", "coordinates": [123.884574, 10.3152739]}, "properties": {"id": "ChIJ0R_53LSeqTMRiRb606bNo7U", "amenity_type": "pharmacy", "amenity": "Rose Pharmacy Gaisano Capital One Pavillion"}}, {"type": "Feature", "geometry": {"type": "Point", "coordinates": [123.8963228, 10.296599]}, "properties": {"id": "ChIJM6Qtz-KbqTMRerQBXpJw_2k", "amenity_type": "pharmacy", "amenity": "Rose Pharmacy Gaisano Capital South"}}, {"type": "Feature", "geometry": {"type": "Point", "coordinates": [123.8860073, 10.319409]}, "properties": {"id": "ChIJMebQNzWZqTMR1mJa2LmRHmM", "amenity_type": "pharmacy", "amenity": "Rose Pharmacy Inc."}}, {"type": "Feature", "geometry": {"type": "Point", "coordinates": [123.8991177, 10.3006373]}, "properties": {"id": "ChIJAftanqaZqTMRu9r6ErBhH6A", "amenity_type": "pharmacy", "amenity": "Rose Pharmacy Junquera P. Del Rosario St. Cebu City"}}, {"type": "Feature", "geometry": {"type": "Point", "coordinates": [123.8976952, 10.3303341]}, "properties": {"id": "ChIJ8ZBU5iWZqTMR2-0KKKzPMmc", "amenity_type": "pharmacy", "amenity": "Rose Pharmacy Jy Square One Lahug"}}, {"type": "Feature", "geometry": {"type": "Point", "coordinates": [123.869631, 10.295091]}, "properties": {"id": "ChIJYZM3CBycqTMRc8UmwYoANKc", "amenity_type": "pharmacy", "amenity": "Rose Pharmacy Metro Fresh N' Easy"}}, {"type": "Feature", "geometry": {"type": "Point", "coordinates": [123.8771181, 10.304022]}, "properties": {"id": "ChIJs4S11qieqTMRWHFYv0fwBRc", "amenity_type": "pharmacy", "amenity": "Rose Pharmacy Salvador Extension Labangon"}}, {"type": "Feature", "geometry": {"type": "Point", "coordinates": [123.8976623, 10.3302647]}, "properties": {"id": "ChIJFyDM8yWZqTMRPLDDW6ZM_BY", "amenity_type": "pharmacy", "amenity": "Rose Pharmacy Sanson Road Lahug"}}, {"type": "Feature", "geometry": {"type": "Point", "coordinates": [123.8711071, 10.2896297]}, "properties": {"id": "ChIJJXl5lRCcqTMRrJWgfEsPgSg", "amenity_type": "pharmacy", "amenity": "Rose Pharmacy Shopwise Mall Basak"}}, {"type": "Feature", "geometry": {"type": "Point", "coordinates": [123.9077693, 10.3315496]}, "properties": {"id": "ChIJP7_z2SGZqTMRbQDVqbmj_w0", "amenity_type": "pharmacy", "amenity": "Rose Pharmacy Skyrise 1 Bldg Cebu I.T.Park"}}, {"type": "Feature", "geometry": {"type": "Point", "coordinates": [123.906432, 10.3301474]}, "properties": {"id": "ChIJObeDo1SZqTMRpQjXRinNYQQ", "amenity_type": "pharmacy", "amenity": "Rose Pharmacy Skyrise 4A Cebu I.T. Park"}}, {"type": "Feature", "geometry": {"type": "Point", "coordinates": [123.9065579, 10.3274187]}, "properties": {"id": "ChIJdwFK8pOZqTMRJ0g8iNiSVK0", "amenity_type": "pharmacy", "amenity": "Rose Pharmacy | i2 Building - Cebu IT Park"}}, {"type": "Feature", "geometry": {"type": "Point", "coordinates": [123.8945403, 10.3128984]}, "properties": {"id": "ChIJM8q-OG6ZqTMRKelTLNE1BLs", "amenity_type": "pharmacy", "amenity": "SOUTHSTAR DRUG BASE LINE CEBU CITY"}}, {"type": "Feature", "geometry": {"type": "Point", "coordinates": [123.8918866, 10.3109331]}, "properties": {"id": "ChIJ73jihU6ZqTMRGPPUY8lC9Hg", "amenity_type": "pharmacy", "amenity": "Southstar Drug Cebu Capitol Site Robinsons Cybergate"}}, {"type": "Feature", "geometry": {"type": "Point", "coordinates": [123.9008548, 10.3285748]}, "properties": {"id": "ChIJDXgRmQOZqTMRdt1u_SI573k", "amenity_type": "pharmacy", "amenity": "Southstar Drug Cebu Kamputhaw Baseline"}}, {"type": "Feature", "geometry": {"type": "Point", "coordinates": [123.9114473, 10.3037455]}, "properties": {"id": "ChIJQx2QT2aZqTMRdWT19939Pa0", "amenity_type": "pharmacy", "amenity": "Southstar Drug Cebu Robinsons Galleria"}}, {"type": "Feature", "geometry": {"type": "Point", "coordinates": [123.9005135, 10.3115198]}, "properties": {"id": "ChIJR8x1O4iZqTMRwubGnS-UpOM", "amenity_type": "pharmacy", "amenity": "Southstar Drug Cebu Robinsons Galleria"}}, {"type": "Feature", "geometry": {"type": "Point", "coordinates": [123.8938408, 10.3104177]}, "properties": {"id": "ChIJc89C406ZqTMRgkaWKvUEv1k", "amenity_type": "pharmacy", "amenity": "TGP The Generics Pharmacy"}}, {"type": "Feature", "geometry": {"type": "Point", "coordinates": [123.8980634, 10.295635]}, "properties": {"id": "ChIJD4p-0OKbqTMRy-jsjQyaSE4", "amenity_type": "pharmacy", "amenity": "TGP The Generics Pharmacy (Colon St Cor Lopez, Cebu)"}}, {"type": "Feature", "geometry": {"type": "Point", "coordinates": [123.8776129, 10.3000584]}, "properties": {"id": "ChIJE7ug06CeqTMRqoTZOjQa0bw", "amenity_type": "pharmacy", "amenity": "TGP The Generics Pharmacy (Katipunan Street, Toledo)"}}, {"type": "Feature", "geometry": {"type": "Point", "coordinates": [123.884884, 10.318736]}, "properties": {"id": "ChIJYVOtucqeqTMRIr4a34ubvhA", "amenity_type": "pharmacy", "amenity": "TGP The Generics Pharmacy (Regner Meier Zentrum Bldg, Cebu)"}}, {"type": "Feature", "geometry": {"type": "Point", "coordinates": [123.881079, 10.3291553]}, "properties": {"id": "ChIJ21H9GdKeqTMREia5lxD1Ob8", "amenity_type": "pharmacy", "amenity": "The Generics Pharmacy"}}, {"type": "Feature", "geometry": {"type": "Point", "coordinates": [123.8899829, 10.3084436]}, "properties": {"id": "ChIJ9xdz6k2ZqTMRtPrMcLCunUs", "amenity_type": "pharmacy", "amenity": "Three Sixty"}}, {"type": "Feature", "geometry": {"type": "Point", "coordinates": [123.8728911, 10.2901176]}, "properties": {"id": "ChIJqYlCdBCcqTMRDn8kbr1S8xc", "amenity_type": "pharmacy", "amenity": "Three Sixty Pharmacy"}}, {"type": "Feature", "geometry": {"type": "Point", "coordinates": [123.8698545, 10.2944411]}, "properties": {"id": "ChIJaQiKdhucqTMRhhD0WciTcaA", "amenity_type": "pharmacy", "amenity": "Three Sixty Pharmacy - Punta Princesa"}}, {"type": "Feature", "geometry": {"type": "Point", "coordinates": [123.8762854, 10.300273]}, "properties": {"id": "ChIJ1Xfi6RucqTMRx4Fk6_8vuoE", "amenity_type": "pharmacy", "amenity": "ThreeSixty Pharmacy"}}, {"type": "Feature", "geometry": {"type": "Point", "coordinates": [123.8938285, 10.2983887]}, "properties": {"id": "ChIJLXQ6heKbqTMRG7NejLvL4p4", "amenity_type": "pharmacy", "amenity": "ThreeSixty Pharmacy"}}, {"type": "Feature", "geometry": {"type": "Point", "coordinates": [123.9114615, 10.3120383]}, "properties": {"id": "ChIJX-Sgr2uZqTMRWSj0lcLB66A", "amenity_type": "pharmacy", "amenity": "ThreeSixty Pharmacy"}}, {"type": "Feature", "geometry": {"type": "Point", "coordinates": [123.905612, 10.3019611]}, "properties": {"id": "ChIJY52Jy12ZqTMRaFvQaCGRNIw", "amenity_type": "pharmacy", "amenity": "ThreeSixty Pharmacy - T. Padilla Branch"}}, {"type": "Feature", "geometry": {"type": "Point", "coordinates": [123.8854217, 10.3165227]}, "properties": {"id": "ChIJ1ZQAFNKeqTMRDt451lqvh3o", "amenity_type": "pharmacy", "amenity": "ThreeSixty Pharmacy - V Rama"}}, {"type": "Feature", "geometry": {"type": "Point", "coordinates": [123.8695229, 10.3004964]}, "properties": {"id": "ChIJ1Xfi6RucqTMR23-agG4wClc", "amenity_type": "pharmacy", "amenity": "Threesixty Pharmacy"}}, {"type": "Feature", "geometry": {"type": "Point", "coordinates": [123.8917189, 10.3110286]}, "properties": {"id": "ChIJ5_fUL0yZqTMRg8HghxarMyU", "amenity_type": "pharmacy", "amenity": "Threesixty Pharmacy"}}, {"type": "Feature", "geometry": {"type": "Point", "coordinates": [123.8587324, 10.2836215]}, "properties": {"id": "ChIJXbAMOD-cqTMRlJLkjY6HU-s", "amenity_type": "pharmacy", "amenity": "Threesixty Pharmacy"}}, {"type": "Feature", "geometry": {"type": "Point", "coordinates": [123.892207, 10.3164882]}, "properties": {"id": "ChIJJz3h5UmZqTMReT6MRSXASAQ", "amenity_type": "pharmacy", "amenity": "Threesixty Pharmacy - Escario Branch"}}, {"type": "Feature", "geometry": {"type": "Point", "coordinates": [123.8910214, 10.3085421]}, "properties": {"id": "ChIJXyYze1KZqTMRGsCkwRkmgnA", "amenity_type": "pharmacy", "amenity": "VSMMC DOH PHARMACY"}}, {"type": "Feature", "geometry": {"type": "Point", "coordinates": [123.8807045, 10.2829133]}, "properties": {"id": "ChIJ7SYAdQCdqTMR2AVtX5JIE2Q", "amenity_type": "pharmacy", "amenity": "WATSONS - SM Seaside Cebu Department Store"}}, {"type": "Feature", "geometry": {"type": "Point", "coordinates": [123.8962804, 10.3181163]}, "properties": {"id": "ChIJK8Z7kMeZqTMRPKUjA6k9suI", "amenity_type": "pharmacy", "amenity": "WATSONS AXIS ENTERTAINMENT AVE ESCARIO CEBU"}}, {"type": "Feature", "geometry": {"type": "Point", "coordinates": [123.9046058, 10.3176994]}, "properties": {"id": "ChIJX28gTLSZqTMR8zBQMByKTpY", "amenity_type": "pharmacy", "amenity": "WATSONS AYALA CENTER CEBU MALL 1"}}, {"type": "Feature", "geometry": {"type": "Point", "coordinates": [123.9058511, 10.3174033]}, "properties": {"id": "ChIJQemarz-ZqTMRpsFWhl12wbw", "amenity_type": "pharmacy", "amenity": "WATSONS AYALA CENTER CEBU MALL 2"}}, {"type": "Feature", "geometry": {"type": "Point", "coordinates": [123.9006624, 10.2977768]}, "properties": {"id": "ChIJL6_xsSmZqTMRg8N4r5EMVv0", "amenity_type": "pharmacy", "amenity": "WATSONS CEBU BUSINESS HOTEL"}}, {"type": "Feature", "geometry": {"type": "Point", "coordinates": [123.895407, 10.297921]}, "properties": {"id": "ChIJbcXy51eZqTMRqpNukNekMao", "amenity_type": "pharmacy", "amenity": "WATSONS ELIZABETH MALL"}}, {"type": "Feature", "geometry": {"type": "Point", "coordinates": [123.8800922, 10.2915289]}, "properties": {"id": "ChIJ53w8JCedqTMRltlCU42FRi0", "amenity_type": "pharmacy", "amenity": "WATSONS GAISANO GRAND MALL JAI ALAI"}}, {"type": "Feature", "geometry": {"type": "Point", "coordinates": [123.8930538, 10.3108563]}, "properties": {"id": "ChIJ_SwZ6k6ZqTMRj8DTLDKYquo", "amenity_type": "pharmacy", "amenity": "WATSONS MA. CRISTINA BLDG"}}, {"type": "Feature", "geometry": {"type": "Point", "coordinates": [123.8917749, 10.310899]}, "properties": {"id": "ChIJCVoOBEyZqTMRLY6LH4Q526I", "amenity_type": "pharmacy", "amenity": "WATSONS ROBINSONS CYBERGATE CEBU"}}, {"type": "Feature", "geometry": {"type": "Point", "coordinates": [123.9113578, 10.3046812]}, "properties": {"id": "ChIJfxdXbGaZqTMR0cC3FAfZu5Q", "amenity_type": "pharmacy", "amenity": "WATSONS ROBINSONS GALLERIA CEBU"}}, {"type": "Feature", "geometry": {"type": "Point", "coordinates": [123.91711, 10.3125]}, "properties": {"id": "ChIJJaGCLwGZqTMRXfcBwTyeLeI", "amenity_type": "pharmacy", "amenity": "WATSONS SM CITY CEBU RELOCATION"}}, {"type": "Feature", "geometry": {"type": "Point", "coordinates": [123.8813908, 10.2820741]}, "properties": {"id": "ChIJLw-57RadqTMRq6miJdKhr6Q", "amenity_type": "pharmacy", "amenity": "WATSONS SM SEASIDE MALL 1"}}, {"type": "Feature", "geometry": {"type": "Point", "coordinates": [123.8809244, 10.2818458]}, "properties": {"id": "ChIJT7pPcAucqTMRmujvjEuifKE", "amenity_type": "pharmacy", "amenity": "WATSONS SM SEASIDE MALL 2"}}, {"type": "Feature", "geometry": {"type": "Point", "coordinates": [123.88075, 10.282605]}, "properties": {"id": "ChIJuy4_We-dqTMRpYXv0x5OJbc", "amenity_type": "pharmacy", "amenity": "WATSONS SM SEASIDE MALL DEPARTMENT STORE"}}, {"type": "Feature", "geometry": {"type": "Point", "coordinates": [123.898674, 10.2966804]}, "properties": {"id": "ChIJOz5NE22bqTMR1tzAWldwXKk", "amenity_type": "pharmacy", "amenity": "WATSONS THE EDEN COLON"}}, {"type": "Feature", "geometry": {"type": "Point", "coordinates": [123.9057395, 10.3283134]}, "properties": {"id": "ChIJOfqnVOiZqTMR3VPYgGiZP4s", "amenity_type": "pharmacy", "amenity": "WATSONS THE WALK ABAD ST CEBU"}}, {"type": "Feature", "geometry": {"type": "Point", "coordinates": [123.9058969, 10.3283717]}, "properties": {"id": "ChIJh11asryZqTMR6f8h5EKylkw", "amenity_type": "pharmacy", "amenity": "Watson's Pharmacy"}}, {"type": "Feature", "geometry": {"type": "Point", "coordinates": [123.89892, 10.330471]}, "properties": {"id": "ChIJ1QmF3CWZqTMR-vHv3dRqa1w", "amenity_type": "pharmacy", "amenity": "Watsons"}}, {"type": "Feature", "geometry": {"type": "Point", "coordinates": [123.8962337, 10.3180584]}, "properties": {"id": "ChIJGdacNgCZqTMRDb4aRNFQ-Rg", "amenity_type": "pharmacy", "amenity": "Watsons - Vibo"}}, {"type": "Feature", "geometry": {"type": "Point", "coordinates": [123.9073986, 10.3300893]}, "properties": {"id": "ChIJoW-E1_yZqTMRuyPidn76JIA", "amenity_type": "pharmacy", "amenity": "Watsons Ayala Malls Central Bloc"}}, {"type": "Feature", "geometry": {"type": "Point", "coordinates": [123.9005939, 10.2978375]}, "properties": {"id": "ChIJSTXNk1iZqTMRs8vKNni0iB8", "amenity_type": "pharmacy", "amenity": "Watsons pharmacy"}}, {"type": "Feature", "geometry": {"type": "Point", "coordinates": [123.9601511, 10.3751953]}, "properties": {"id": "ChIJV7Ai6aSiqTMRkqx0SqO1kdw", "amenity_type": "pharmacy", "amenity": "ALFAR Pharmacy"}}, {"type": "Feature", "geometry": {"type": "Point", "coordinates": [123.9586019, 10.3757942]}, "properties": {"id": "ChIJfYqAoaSiqTMRvu-tMxOJWKM", "amenity_type": "pharmacy", "amenity": "Arendain's Pharmacy & General Merchandise"}}, {"type": "Feature", "geometry": {"type": "Point", "coordinates": [123.974908, 10.3849029]}, "properties": {"id": "ChIJxWG5voCjqTMR52GwosSKhE0", "amenity_type": "pharmacy", "amenity": "BING PHARMACY- YATI LILOAN"}}, {"type": "Feature", "geometry": {"type": "Point", "coordinates": [123.9602757, 10.3754043]}, "properties": {"id": "ChIJS5uF6KSiqTMR_BjIDp1qji8", "amenity_type": "pharmacy", "amenity": "Bing Pharmacy"}}, {"type": "Feature", "geometry": {"type": "Point", "coordinates": [123.956674, 10.3761544]}, "properties": {"id": "ChIJ6RM1g9-jqTMRXtMz0IeUNQo", "amenity_type": "pharmacy", "amenity": "Biomed Pharmacy - Consolacion"}}, {"type": "Feature", "geometry": {"type": "Point", "coordinates": [123.980757, 10.361245]}, "properties": {"id": "ChIJp7PXJvyXqTMRivzMGVRLhBA", "amenity_type": "pharmacy", "amenity": "Budie's Point Pharmacy & Convenience Store"}}, {"type": "Feature", "geometry": {"type": "Point", "coordinates": [123.9685237, 10.3806649]}, "properties": {"id": "ChIJE-Cws7aiqTMRYECsH7gaBJk", "amenity_type": "pharmacy", "amenity": "CEDLAR'S Pharmacy"}}, {"type": "Feature", "geometry": {"type": "Point", "coordinates": [123.9519869, 10.3672354]}, "properties": {"id": "ChIJRXt8RXWYqTMRPFOUckhg7bQ", "amenity_type": "pharmacy", "amenity": "D' Seven Pharmacy And General Mdse."}}, {"type": "Feature", "geometry": {"type": "Point", "coordinates": [123.9547748, 10.3735917]}, "properties": {"id": "ChIJLzVxOKKiqTMRYbDYChYnaUk", "amenity_type": "pharmacy", "amenity": "Ecpy"}}, {"type": "Feature", "geometry": {"type": "Point", "coordinates": [123.9603253, 10.3751551]}, "properties": {"id": "ChIJoedZ76SiqTMRnbaeqwguhYM", "amenity_type": "pharmacy", "amenity": "Emmanuel Pharmacy"}}, {"type": "Feature", "geometry": {"type": "Point", "coordinates": [123.9601004, 10.3754403]}, "properties": {"id": "ChIJTWP56aSiqTMRr1mzVtasi1w", "amenity_type": "pharmacy", "amenity": "Evercare Pharmacy"}}, {"type": "Feature", "geometry": {"type": "Point", "coordinates": [123.971382, 10.3824423]}, "properties": {"id": "ChIJseQnTbSiqTMREpeRN41Gmog", "amenity_type": "pharmacy", "amenity": "F and J Pharmacy and General Merchandise"}}, {"type": "Feature", "geometry": {"type": "Point", "coordinates": [123.9657785, 10.3802612]}, "properties": {"id": "ChIJN1yjz7CiqTMR070FTw8joxs", "amenity_type": "pharmacy", "amenity": "FARMACIAS ZAMORA CORP"}}, {"type": "Feature", "geometry": {"type": "Point", "coordinates": [123.9589731, 10.3764424]}, "properties": {"id": "ChIJK5r6OgCjqTMRY8QTSOxd5OQ", "amenity_type": "pharmacy", "amenity": "Generika Consolacion"}}, {"type": "Feature", "geometry": {"type": "Point", "coordinates": [123.9554907, 10.3796059]}, "properties": {"id": "ChIJ292XO6KiqTMRArvmORspagU", "amenity_type": "pharmacy", "amenity": "Generika Drugstore"}}, {"type": "Feature", "geometry": {"type": "Point", "coordinates": [123.9624112, 10.3776793]}, "properties": {"id": "ChIJ-3QQXgCjqTMR56NOu4nOvbM", "amenity_type": "pharmacy", "amenity": "Healthway Pharmacy"}}, {"type": "Feature", "geometry": {"type": "Point", "coordinates": [123.9640798, 10.3650216]}, "properties": {"id": "ChIJCbbcNgCZqTMRhPB8bgBICaU", "amenity_type": "pharmacy", "amenity": "Intra Marou"}}, {"type": "Feature", "geometry": {"type": "Point", "coordinates": [123.9514566, 10.366568]}, "properties": {"id": "ChIJa4SGPnWYqTMRQZpApcWf2mI", "amenity_type": "pharmacy", "amenity": "Jagobiao Pharmacy and General Merchandise"}}, {"type": "Feature", "geometry": {"type": "Point", "coordinates": [123.9536704, 10.3707805]}, "properties": {"id": "ChIJ23P1xaGiqTMRVlqEllgPoS0", "amenity_type": "pharmacy", "amenity": "KONZEPT DRUG & CONVENIENCE STORE"}}, {"type": "Feature", "geometry": {"type": "Point", "coordinates": [123.9810802, 10.3613171]}, "properties": {"id": "ChIJ8Sc9JPyXqTMRYXDm9_dWjGo", "amenity_type": "pharmacy", "amenity": "Krisjames Pharmacy"}}, {"type": "Feature", "geometry": {"type": "Point", "coordinates": [123.9573058, 10.3855872]}, "properties": {"id": "ChIJAZHeRr-iqTMRntTFHwWGFU4", "amenity_type": "pharmacy", "amenity": "LARRAH MAE PHARMACY"}}, {"type": "Feature", "geometry": {"type": "Point", "coordinates": [123.9602952, 10.3752868]}, "properties": {"id": "ChIJHyXV5qSiqTMRoIlmrBuTSIY", "amenity_type": "pharmacy", "amenity": "Malunjao's Pharmacy & General Merchandise"}}, {"type": "Feature", "geometry": {"type": "Point", "coordinates": [123.9602321, 10.3767689]}, "properties": {"id": "ChIJe3weM7uiqTMR_8AuvXfALJ0", "amenity_type": "pharmacy", "amenity": "Mercury Drug (Work)"}}, {"type": "Feature", "geometry": {"type": "Point", "coordinates": [123.9685305, 10.3806706]}, "properties": {"id": "ChIJxba2s7aiqTMRqje6F5g-kZM", "amenity_type": "pharmacy", "amenity": "Molly PHARMACY"}}, {"type": "Feature", "geometry": {"type": "Point", "coordinates": [123.9515217, 10.3665114]}, "properties": {"id": "ChIJrycoPHWYqTMRpggP1VQgibs", "amenity_type": "pharmacy", "amenity": "NORCH MED Pharmacy"}}, {"type": "Feature", "geometry": {"type": "Point", "coordinates": [123.9686755, 10.3809927]}, "properties": {"id": "ChIJp6GaVACjqTMRKOr4rhBzI70", "amenity_type": "pharmacy", "amenity": "North Med Pharmacy"}}, {"type": "Feature", "geometry": {"type": "Point", "coordinates": [123.9592968, 10.373772]}, "properties": {"id": "ChIJzzRFXkKZqTMRswE8yE45pp4", "amenity_type": "pharmacy", "amenity": "RHEAN Pharmacy"}}, {"type": "Feature", "geometry": {"type": "Point", "coordinates": [123.9603509, 10.3749495]}, "properties": {"id": "ChIJv3UG5qSiqTMRe7ZKJjm9eIU", "amenity_type": "pharmacy", "amenity": "RPY Pharmacy"}}, {"type": "Feature", "geometry": {"type": "Point", "coordinates": [123.9677263, 10.3818277]}, "properties": {"id": "ChIJ5X4fJgCjqTMR1JU7KVajVqE", "amenity_type": "pharmacy", "amenity": "Right Care Pharmacy"}}, {"type": "Feature", "geometry": {"type": "Point", "coordinates": [123.980403, 10.3601553]}, "properties": {"id": "ChIJ_e8rPgCXqTMRdH7l9H6NlEo", "amenity_type": "pharmacy", "amenity": "Rose Pharmacy"}}, {"type": "Feature", "geometry": {"type": "Point", "coordinates": [123.9602393, 10.3759535]}, "properties": {"id": "ChIJUacJagCjqTMRshDRGpKAx70", "amenity_type": "pharmacy", "amenity": "Rose Pharmacy - ADM Building"}}, {"type": "Feature", "geometry": {"type": "Point", "coordinates": [123.969382, 10.380892]}, "properties": {"id": "ChIJT12xqbaiqTMRvtJgytT7RY8", "amenity_type": "pharmacy", "amenity": "Rose Pharmacy - CPG Arcade"}}, {"type": "Feature", "geometry": {"type": "Point", "coordinates": [123.9562254, 10.375612]}, "properties": {"id": "ChIJ2eqoRgCjqTMRbgp561kr34Y", "amenity_type": "pharmacy", "amenity": "Rose Pharmacy - Jomabo Building"}}, {"type": "Feature", "geometry": {"type": "Point", "coordinates": [123.9515053, 10.366509]}, "properties": {"id": "ChIJJ_YpPHWYqTMRMokhE-82ewo", "amenity_type": "pharmacy", "amenity": "SURESAVE PHARMACY"}}, {"type": "Feature", "geometry": {"type": "Point", "coordinates": [123.9523132, 10.3677356]}, "properties": {"id": "ChIJcZkYVHWYqTMRdg42r7Om41s", "amenity_type": "pharmacy", "amenity": "Sal's Pharmacy"}}, {"type": "Feature", "geometry": {"type": "Point", "coordinates": [123.9665416, 10.3798725]}, "properties": {"id": "ChIJI2Pq2LCiqTMRJJklMorZk8Y", "amenity_type": "pharmacy", "amenity": "Shan Pharmacy"}}, {"type": "Feature", "geometry": {"type": "Point", "coordinates": [123.9556292, 10.3789299]}, "properties": {"id": "ChIJl2Lb4ryiqTMRAT1kh-24b68", "amenity_type": "pharmacy", "amenity": "SoliMed Pharmacy"}}, {"type": "Feature", "geometry": {"type": "Point", "coordinates": [123.9685048, 10.3806565]}, "properties": {"id": "ChIJE8HeYZWjqTMRScEzkRVpeCE", "amenity_type": "pharmacy", "amenity": "Sunrise Pharmacy - Consolacion"}}, {"type": "Feature", "geometry": {"type": "Point", "coordinates": [123.955482, 10.3801906]}, "properties": {"id": "ChIJNc1Urb2iqTMRmLV-OPq8K6M", "amenity_type": "pharmacy", "amenity": "TGP The Generics Pharmacy"}}, {"type": "Feature", "geometry": {"type": "Point", "coordinates": [123.9600644, 10.375464]}, "properties": {"id": "ChIJz13RAByjqTMR8K5HuIdYdMw", "amenity_type": "pharmacy", "amenity": "TGP The Generics Pharmacy (Cansaga, Consolacion)"}}, {"type": "Feature", "geometry": {"type": "Point", "coordinates": [123.952212, 10.3674359]}, "properties": {"id": "ChIJ523OW2KZqTMRbJx16ctXtsk", "amenity_type": "pharmacy", "amenity": "TGP The Generics Pharmacy (Jagobiao, Mandaue)"}}, {"type": "Feature", "geometry": {"type": "Point", "coordinates": [123.965815, 10.38042]}, "properties": {"id": "ChIJv-EUJwCjqTMRE6H610xEKU0", "amenity_type": "pharmacy", "amenity": "TGP The Generics Pharmacy (Lamac, Consolacion)"}}, {"type": "Feature", "geometry": {"type": "Point", "coordinates": [123.9808177, 10.3609872]}, "properties": {"id": "ChIJKXy4IfyXqTMREpzsJnAOAw4", "amenity_type": "pharmacy", "amenity": "The Generics Pharmacy"}}, {"type": "Feature", "geometry": {"type": "Point", "coordinates": [123.9551745, 10.3739032]}, "properties": {"id": "ChIJrQ4-TKKiqTMRs3miaqc6WxU", "amenity_type": "pharmacy", "amenity": "Thinkcare Pharmacy"}}, {"type": "Feature", "geometry": {"type": "Point", "coordinates": [123.9600371, 10.3756415]}, "properties": {"id": "ChIJt5jZw6SiqTMRIAFkXo0RRdY", "amenity_type": "pharmacy", "amenity": "Three Sixty Pharmacy"}}, {"type": "Feature", "geometry": {"type": "Point", "coordinates": [123.9500368, 10.3625257]}, "properties": {"id": "ChIJkTQQdnOYqTMRKJIscuNeKHc", "amenity_type": "pharmacy", "amenity": "ThreeSixty Pharmacy"}}, {"type": "Feature", "geometry": {"type": "Point", "coordinates": [123.9578604, 10.3760566]}, "properties": {"id": "ChIJXznsW6OiqTMRCqIoukPoDko", "amenity_type": "pharmacy", "amenity": "Trumas"}}, {"type": "Feature", "geometry": {"type": "Point", "coordinates": [123.9661793, 10.3800186]}, "properties": {"id": "ChIJn9NGDfijqTMRLGTH9lmS7l0", "amenity_type": "pharmacy", "amenity": "VIDI-C PHARMACY"}}, {"type": "Feature", "geometry": {"type": "Point", "coordinates": [123.962331, 10.381679]}, "properties": {"id": "ChIJK4-D3gOjqTMRo16GPxuydlg", "amenity_type": "pharmacy", "amenity": "WATSONS DISTRIBUTION CENTER CEBU"}}, {"type": "Feature", "geometry": {"type": "Point", "coordinates": [123.9592079, 10.3749519]}, "properties": {"id": "ChIJk26ckqSiqTMRUpNLwdav5zg", "amenity_type": "pharmacy", "amenity": "WATSONS SAVEMORE CITY MALL CONSOLACION"}}, {"type": "Feature", "geometry": {"type": "Point", "coordinates": [123.964149, 10.380639]}, "properties": {"id": "ChIJtUahsBmjqTMRByPuZHJO2_w", "amenity_type": "pharmacy", "amenity": "WATSONS SM CITY CONSOLACION"}}, {"type": "Feature", "geometry": {"type": "Point", "coordinates": [123.9569043, 10.3757354]}, "properties": {"id": "ChIJuWPrGACjqTMR2geHcsuNPZ4", "amenity_type": "pharmacy", "amenity": "Watsons building"}}, {"type": "Feature", "geometry": {"type": "Point", "coordinates": [123.9550629, 10.3319565]}, "properties": {"id": "ChIJe1sUrjWYqTMRRpQcWk6cSqc", "amenity_type": "pharmacy", "amenity": "FMC Biopolymer"}}, {"type": "Feature", "geometry": {"type": "Point", "coordinates": [123.956254, 10.303238]}, "properties": {"id": "ChIJofajROyZqTMRDSYqi4t5XTg", "amenity_type": "pharmacy", "amenity": "Farmacia"}}, {"type": "Feature", "geometry": {"type": "Point", "coordinates": [123.9642051, 10.2785318]}, "properties": {"id": "ChIJ4ZKq4A-aqTMRMcVpOHzG3D4", "amenity_type": "pharmacy", "amenity": "Farmacia Ni Dok"}}, {"type": "Feature", "geometry": {"type": "Point", "coordinates": [123.9686523, 10.2864727]}, "properties": {"id": "ChIJKW8P1_6bqTMRkRcD4WK5Xq0", "amenity_type": "pharmacy", "amenity": "Generika Drugstore"}}, {"type": "Feature", "geometry": {"type": "Point", "coordinates": [123.9407943, 10.3268399]}, "properties": {"id": "ChIJO4Hd9K2ZqTMRTPlppsPBhlk", "amenity_type": "pharmacy", "amenity": "Generika Drugstore"}}, {"type": "Feature", "geometry": {"type": "Point", "coordinates": [123.9972694, 10.3159562]}, "properties": {"id": "ChIJWfypzHKXqTMR7iJZx17JkkU", "amenity_type": "pharmacy", "amenity": "Generika Drugstore"}}, {"type": "Feature", "geometry": {"type": "Point", "coordinates": [123.9744828, 10.276767]}, "properties": {"id": "ChIJQ82wCgCbqTMRMcQAo3QSVFM", "amenity_type": "pharmacy", "amenity": "Generika Pharmacy"}}, {"type": "Feature", "geometry": {"type": "Point", "coordinates": [123.9506494, 10.3104978]}, "properties": {"id": "ChIJGeIS2r-ZqTMRydikMWDMxXs", "amenity_type": "pharmacy", "amenity": "LN Pharmacy"}}, {"type": "Feature", "geometry": {"type": "Point", "coordinates": [123.9418755, 10.3284926]}, "properties": {"id": "ChIJlcIchLKZqTMRjVUANx3tTGc", "amenity_type": "pharmacy", "amenity": "La Nueva Pharmacy Mandaue"}}, {"type": "Feature", "geometry": {"type": "Point", "coordinates": [123.9523458, 10.3129202]}, "properties": {"id": "ChIJ9zaNbQCZqTMRqUyei7WTW3c", "amenity_type": "pharmacy", "amenity": "Maystar Pharmacy"}}, {"type": "Feature", "geometry": {"type": "Point", "coordinates": [123.943102, 10.3295389]}, "properties": {"id": "ChIJFZwrx7KZqTMR46RD1cTmQkU", "amenity_type": "pharmacy", "amenity": "Mercury Drug"}}, {"type": "Feature", "geometry": {"type": "Point", "coordinates": [123.96734, 10.2899719]}, "properties": {"id": "ChIJAbAKkviZqTMRt95Q41AH_mY", "amenity_type": "pharmacy", "amenity": "Mercury Drug - Lapu-Lapu City Basak"}}, {"type": "Feature", "geometry": {"type": "Point", "coordinates": [123.952057, 10.3109439]}, "properties": {"id": "ChIJ8agc8r-ZqTMRv0p1JOUSKA0", "amenity_type": "pharmacy", "amenity": "Mercury Drug - Lapu-Lapu City G. Y. Dela Serna"}}, {"type": "Feature", "geometry": {"type": "Point", "coordinates": [123.9515365, 10.3025446]}, "properties": {"id": "ChIJ5ecw3JKZqTMRGtp8tALr7Cw", "amenity_type": "pharmacy", "amenity": "Mercury Drug - Lapu-Lapu City Gun-ob"}}, {"type": "Feature", "geometry": {"type": "Point", "coordinates": [124.0099235, 10.3075024]}, "properties": {"id": "ChIJ_duTOjKXqTMRGmrGzGdcZKc", "amenity_type": "pharmacy", "amenity": "Mercury Drug - Lapu-Lapu City Mactan"}}, {"type": "Feature", "geometry": {"type": "Point", "coordinates": [123.9498672, 10.3118605]}, "properties": {"id": "ChIJ-TSmTL6ZqTMRPJjn6rj6Uxc", "amenity_type": "pharmacy", "amenity": "Mercury Drug - Lapu-Lapu City Poblacion"}}, {"type": "Feature", "geometry": {"type": "Point", "coordinates": [123.940767, 10.3272844]}, "properties": {"id": "ChIJs6dCkq2ZqTMRCuB5ZweNfjU", "amenity_type": "pharmacy", "amenity": "Mercury Drug - Mandaue City Mantuyong"}}, {"type": "Feature", "geometry": {"type": "Point", "coordinates": [123.9516643, 10.3128774]}, "properties": {"id": "ChIJM5JXcb-ZqTMRAKDmn42a-c0", "amenity_type": "pharmacy", "amenity": "PHARMACY"}}, {"type": "Feature", "geometry": {"type": "Point", "coordinates": [123.947258, 10.3298839]}, "properties": {"id": "ChIJWY3MGaaZqTMRp6hS_C7xco0", "amenity_type": "pharmacy", "amenity": "Pharmaplus"}}, {"type": "Feature", "geometry": {"type": "Point", "coordinates": [123.9513816, 10.3022439]}, "properties": {"id": "ChIJB10Ms0KZqTMRL0tgpsypubk", "amenity_type": "pharmacy", "amenity": "Rose Pharmacy"}}, {"type": "Feature", "geometry": {"type": "Point", "coordinates": [123.9452832, 10.3263948]}, "properties": {"id": "ChIJE9Z3_GmZqTMR3IJnojCzFWE", "amenity_type": "pharmacy", "amenity": "Rose Pharmacy"}}, {"type": "Feature", "geometry": {"type": "Point", "coordinates": [123.9638705, 10.2983027]}, "properties": {"id": "ChIJXYM75--ZqTMRd7CzZcRmWs4", "amenity_type": "pharmacy", "amenity": "Rose Pharmacy"}}, {"type": "Feature", "geometry": {"type": "Point", "coordinates": [123.9182793, 10.3143498]}, "properties": {"id": "ChIJcfuqVg2ZqTMR7CfoHnTqKZg", "amenity_type": "pharmacy", "amenity": "Rose Pharmacy"}}, {"type": "Feature", "geometry": {"type": "Point", "coordinates": [123.9178164, 10.3114191]}, "properties": {"id": "ChIJndt6oG2ZqTMRPG15HkpoHhQ", "amenity_type": "pharmacy", "amenity": "Rose Pharmacy"}}, {"type": "Feature", "geometry": {"type": "Point", "coordinates": [123.9560028, 10.3130988]}, "properties": {"id": "ChIJz3zNLMGZqTMRKNf60ZdQObY", "amenity_type": "pharmacy", "amenity": "Rose Pharmacy - GMC Lapulapu"}}, {"type": "Feature", "geometry": {"type": "Point", "coordinates": [123.9491175, 10.3111441]}, "properties": {"id": "ChIJXd0wzr-ZqTMR8Lzu7z5LVNI", "amenity_type": "pharmacy", "amenity": "Rose Pharmacy - Radaza LapuLapu"}}, {"type": "Feature", "geometry": {"type": "Point", "coordinates": [123.962334, 10.301176]}, "properties": {"id": "ChIJTZ_3ou-ZqTMRIdm152IcshI", "amenity_type": "pharmacy", "amenity": "Rose Pharmacy - Robinsons's MEPZ"}}, {"type": "Feature", "geometry": {"type": "Point", "coordinates": [123.9629131, 10.3167793]}, "properties": {"id": "ChIJ8XstO8WZqTMRmX3Z3UQ7DwQ", "amenity_type": "pharmacy", "amenity": "Rose Pharmacy Gaisano Capital Mactan Island Mall"}}, {"type": "Feature", "geometry": {"type": "Point", "coordinates": [123.9703773, 10.28648]}, "properties": {"id": "ChIJoylPfwGaqTMRgXXh5UlhN3I", "amenity_type": "pharmacy", "amenity": "Rose Pharmacy Gaisano Grand Mall Basak"}}, {"type": "Feature", "geometry": {"type": "Point", "coordinates": [123.9424781, 10.3283989]}, "properties": {"id": "ChIJmxZvhrKZqTMRZrzJU2y1_Pw", "amenity_type": "pharmacy", "amenity": "Rose Pharmacy Gaisano Grand Mall Centro Mandaue"}}, {"type": "Feature", "geometry": {"type": "Point", "coordinates": [123.9652712, 10.2998457]}, "properties": {"id": "ChIJH8KJT8yZqTMRurlvUjZhiRo", "amenity_type": "pharmacy", "amenity": "Rose Pharmacy MEPZ II Basak"}}, {"type": "Feature", "geometry": {"type": "Point", "coordinates": [123.9775545, 10.3262613]}, "properties": {"id": "ChIJTX9Pg3-XqTMRi3RbgokH_nQ", "amenity_type": "pharmacy", "amenity": "Rose Pharmacy Marina Mall Mactan"}}, {"type": "Feature", "geometry": {"type": "Point", "coordinates": [123.9451379, 10.2901171]}, "properties": {"id": "ChIJz87hHgCbqTMRNFU0cznE2Xc", "amenity_type": "pharmacy", "amenity": "Rose pharmacy"}}, {"type": "Feature", "geometry": {"type": "Point", "coordinates": [123.9757859, 10.3262547]}, "properties": {"id": "ChIJ2YZJ93-XqTMRdrfJJ8vP7a0", "amenity_type": "pharmacy", "amenity": "Southstar Drug Lapu-Lapu Cebu Island Central Mall"}}, {"type": "Feature", "geometry": {"type": "Point", "coordinates": [123.9833355, 10.3232661]}, "properties": {"id": "ChIJWUhRrtiXqTMRYmyAujs2L18", "amenity_type": "pharmacy", "amenity": "Southstar Drug Lapu-Lapu Cebu Island Central Mall"}}, {"type": "Feature", "geometry": {"type": "Point", "coordinates": [123.9776786, 10.3260327]}, "properties": {"id": "ChIJscFdm3-XqTMRazIjJCKzUbc", "amenity_type": "pharmacy", "amenity": "TGP The Generics Pharmacy"}}, {"type": "Feature", "geometry": {"type": "Point", "coordinates": [123.9411258, 10.3283204]}, "properties": {"id": "ChIJI1TxeK2ZqTMROFXFaN2NoPw", "amenity_type": "pharmacy", "amenity": "TGP The Generics Pharmacy (A. Del Rosario Street, Mandaue)"}}, {"type": "Feature", "geometry": {"type": "Point", "coordinates": [123.9511573, 10.3125536]}, "properties": {"id": "ChIJe-MC05qZqTMR9qawJ8771uQ", "amenity_type": "pharmacy", "amenity": "TGP The Generics Pharmacy (Lopez-Jaena Street, Lapu-Lapu)"}}, {"type": "Feature", "geometry": {"type": "Point", "coordinates": [123.9444244, 10.2788823]}, "properties": {"id": "ChIJdVxtJDuaqTMRJf5bxDhledM", "amenity_type": "pharmacy", "amenity": "The Generics Pharmacy"}}, {"type": "Feature", "geometry": {"type": "Point", "coordinates": [123.9628738, 10.2998929]}, "properties": {"id": "ChIJrwvk6e-ZqTMRITaQiXCxBxM", "amenity_type": "pharmacy", "amenity": "The Generics Pharmacy - Basak Lapu-Lapu City, Cebu"}}, {"type": "Feature", "geometry": {"type": "Point", "coordinates": [123.9710372, 10.2859466]}, "properties": {"id": "ChIJtaPGnAGaqTMRdNflWOzPjlE", "amenity_type": "pharmacy", "amenity": "The Generics Pharmacy - Gaisano Lapu-Lapu City, Cebu"}}, {"type": "Feature", "geometry": {"type": "Point", "coordinates": [123.9783207, 10.2993824]}, "properties": {"id": "ChIJpf3ErlmXqTMRDY0GW8gtG6k", "amenity_type": "pharmacy", "amenity": "ThreeSixty Pharmacy - Basak Cagodoy Bankal"}}, {"type": "Feature", "geometry": {"type": "Point", "coordinates": [123.924148, 10.323048]}, "properties": {"id": "ChIJVWcJ-AWZqTMRThNaj16Bi6M", "amenity_type": "pharmacy", "amenity": "ThreeSixty Pharmacy - Subangdako Branch"}}, {"type": "Feature", "geometry": {"type": "Point", "coordinates": [123.9574642, 10.3135789]}, "properties": {"id": "ChIJhwo8wr-ZqTMRhz-tWtqb5Qw", "amenity_type": "pharmacy", "amenity": "ThreeSixty Pharmacy - Ybanez & Voloso"}}, {"type": "Feature", "geometry": {"type": "Point", "coordinates": [123.9621826, 10.3012087]}, "properties": {"id": "ChIJca2yo--ZqTMRTFrT2d5HlCY", "amenity_type": "pharmacy", "amenity": "Threesixty Pharmacy"}}, {"type": "Feature", "geometry": {"type": "Point", "coordinates": [123.9645104, 10.2960452]}, "properties": {"id": "ChIJT_1wMACZqTMRlO2nWDYuIE8", "amenity_type": "pharmacy", "amenity": "WATSONS BASAK LAPU LAPU"}}, {"type": "Feature", "geometry": {"type": "Point", "coordinates": [123.9511321, 10.3125568]}, "properties": {"id": "ChIJ28qcTTWZqTMRH4sKQjmPRhA", "amenity_type": "pharmacy", "amenity": "WATSONS CHUG BLDG LAPU LAPU"}}, {"type": "Feature", "geometry": {"type": "Point", "coordinates": [123.9629098, 10.3165732]}, "properties": {"id": "ChIJI7fBJMWZqTMRmY4MSgWY0Uk", "amenity_type": "pharmacy", "amenity": "WATSONS GAISANO ISLAND MALL MACTAN"}}, {"type": "Feature", "geometry": {"type": "Point", "coordinates": [123.9517264, 10.3112342]}, "properties": {"id": "ChIJT_SWV02ZqTMRBxgHb3p1CRs", "amenity_type": "pharmacy", "amenity": "WATSONS GV HOTEL LAPU LAPU"}}, {"type": "Feature", "geometry": {"type": "Point", "coordinates": [123.9758581, 10.3265828]}, "properties": {"id": "ChIJIWx3HYCXqTMRmLU7ubAJ7BA", "amenity_type": "pharmacy", "amenity": "WATSONS ISLAND CENTRAL MACTAN"}}, {"type": "Feature", "geometry": {"type": "Point", "coordinates": [123.9956883, 10.2846059]}, "properties": {"id": "ChIJJcmBAnCRqTMR4eT269nfBzg", "amenity_type": "pharmacy", "amenity": "WATSONS JTO 2 MARIBAGO"}}, {"type": "Feature", "geometry": {"type": "Point", "coordinates": [124.0124837, 10.3077692]}, "properties": {"id": "ChIJ80L_iOWXqTMR9qmR7SQGLes", "amenity_type": "pharmacy", "amenity": "WATSONS MACTAN NEWTOWN LAPU-LAPU"}}, {"type": "Feature", "geometry": {"type": "Point", "coordinates": [123.9788047, 10.3266565]}, "properties": {"id": "ChIJ29TIHLOXqTMRfKL6YaoCaWM", "amenity_type": "pharmacy", "amenity": "WATSONS MAHI CENTER MACTAN"}}, {"type": "Feature", "geometry": {"type": "Point", "coordinates": [123.933979, 10.324902]}, "properties": {"id": "ChIJV_OQDKmZqTMR6Axz6IkAHV0", "amenity_type": "pharmacy", "amenity": "WATSONS PARKMALL MANDAUE"}}, {"type": "Feature", "geometry": {"type": "Point", "coordinates": [123.977883, 10.326015]}, "properties": {"id": "ChIJIcQ1f3-XqTMR6dApeVpJ5eI", "amenity_type": "pharmacy", "amenity": "WATSONS SAVEMORE MACTAN"}}, {"type": "Feature", "geometry": {"type": "Point", "coordinates": [123.9975025, 10.2864607]}, "properties": {"id": "ChIJ8xICXzWXqTMRhSahdZHb248", "amenity_type": "pharmacy", "amenity": "WATSONS SAVEMORE MARIBAGO CEBU"}}, {"type": "Feature", "geometry": {"type": "Point", "coordinates": [123.9633583, 10.3007463]}, "properties": {"id": "ChIJv2B_7BaZqTMRjxv7iV3ZSWo", "amenity_type": "pharmacy", "amenity": "WATSONS SAVEMORE PRIMARK MACTAN"}}, {"type": "Feature", "geometry": {"type": "Point", "coordinates": [123.9183318, 10.3117152]}, "properties": {"id": "ChIJs3swdm2ZqTMRrNl-brPRD7s", "amenity_type": "pharmacy", "amenity": "WATSONS SM CITY CEBU ANNEX NORTHWING"}}, {"type": "Feature", "geometry": {"type": "Point", "coordinates": [123.91792, 10.312277]}, "properties": {"id": "ChIJj5G8cm2ZqTMRSiouL9RrIqQ", "amenity_type": "pharmacy", "amenity": "WATSONS SM CITY CEBU DEPARTMENT STORE"}}, {"type": "Feature", "geometry": {"type": "Point", "coordinates": [123.918449, 10.3116907]}, "properties": {"id": "ChIJJQXdd22ZqTMRApoOUa8NGRo", "amenity_type": "pharmacy", "amenity": "WATSONS SM CITY CEBU MALL 2"}}, {"type": "Feature", "geometry": {"type": "Point", "coordinates": [123.9239117, 10.3152079]}, "properties": {"id": "ChIJfc3OogyZqTMRWWYQaCFy2i0", "amenity_type": "pharmacy", "amenity": "WATSONS SM HYPERMARKET CEBU"}}, {"type": "Feature", "geometry": {"type": "Point", "coordinates": [123.9632058, 10.3006288]}, "properties": {"id": "ChIJFRJAj--ZqTMRoRVQMB4E_-Q", "amenity_type": "pharmacy", "amenity": "WATSONS SM HYPERMARKET LAPU-LAPU"}}, {"type": "Feature", "geometry": {"type": "Point", "coordinates": [123.9423094, 10.3285454]}, "properties": {"id": "ChIJv0LJj7KZqTMRcGW66pnbe4I", "amenity_type": "pharmacy", "amenity": "Watsons"}}, {"type": "Feature", "geometry": {"type": "Point", "coordinates": [123.9956474, 10.2845848]}, "properties": {"id": "ChIJO_N8QgCRqTMRnED7V9PpgQA", "amenity_type": "pharmacy", "amenity": "Watsons Maribago"}}, {"type": "Feature", "geometry": {"type": "Point", "coordinates": [123.9376353, 10.3203127]}, "properties": {"id": "ChIJdyuZz_eZqTMRx5OomDMhsvE", "amenity_type": "pharmacy", "amenity": "Watsons Pharmacy - Mandani Bay"}}, {"type": "Feature", "geometry": {"type": "Point", "coordinates": [124.0123918, 10.3076726]}, "properties": {"id": "ChIJsy63YRmXqTMRrXF6WlEcQtQ", "amenity_type": "pharmacy", "amenity": "Watsons Pharmarcy"}}, {"type": "Feature", "geometry": {"type": "Point", "coordinates": [123.9837932, 10.2963086]}, "properties": {"id": "ChIJQwcCPwCXqTMRSrxmr1TkuqY", "amenity_type": "pharmacy", "amenity": "Watsons Savemore Primark Mactan"}}, {"type": "Feature", "geometry": {"type": "Point", "coordinates": [123.9307303, 10.3154015]}, "properties": {"id": "ChIJjxjwe6CZqTMRobArNz1Oe88", "amenity_type": "pharmacy", "amenity": "Zuellig Pharma Corporation Cebu Warehouse"}}, {"type": "Feature", "geometry": {"type": "Point", "coordinates": [123.9322227, 10.3680756]}, "properties": {"id": "ChIJ7yC3s3-YqTMR-XliQ9QW8e8", "amenity_type": "pharmacy", "amenity": "Botika ni Mama"}}, {"type": "Feature", "geometry": {"type": "Point", "coordinates": [123.9151546, 10.3685092]}, "properties": {"id": "ChIJC7Maa5yYqTMRm8XDgWExrk8", "amenity_type": "pharmacy", "amenity": "Botika ni Mama"}}, {"type": "Feature", "geometry": {"type": "Point", "coordinates": [123.9238366, 10.3242317]}, "properties": {"id": "ChIJM97u6QWZqTMRl1CuuUgvXg4", "amenity_type": "pharmacy", "amenity": "Farmacia Ni Dok"}}, {"type": "Feature", "geometry": {"type": "Point", "coordinates": [123.9332539, 10.342357]}, "properties": {"id": "ChIJG1dpJsaZqTMRQcuC7GE60uI", "amenity_type": "pharmacy", "amenity": "First Bay Pharma Distributor"}}, {"type": "Feature", "geometry": {"type": "Point", "coordinates": [123.9495503, 10.3613395]}, "properties": {"id": "ChIJubwLr3OYqTMRMnuphzugj4g", "amenity_type": "pharmacy", "amenity": "Generika"}}, {"type": "Feature", "geometry": {"type": "Point", "coordinates": [123.9212228, 10.3865064]}, "properties": {"id": "ChIJjQlUcGaiqTMRJMPlWQRKDxI", "amenity_type": "pharmacy", "amenity": "Generika Drugstore Bacayan"}}, {"type": "Feature", "geometry": {"type": "Point", "coordinates": [123.933224, 10.334868]}, "properties": {"id": "ChIJI8SwTFSYqTMR3CXdn7H5oUQ", "amenity_type": "pharmacy", "amenity": "JB Orchid Pharmaceuticals Incorpoated"}}, {"type": "Feature", "geometry": {"type": "Point", "coordinates": [123.9333333, 10.3333333]}, "properties": {"id": "ChIJJbfd4lSYqTMRDOjbcbIye_k", "amenity_type": "pharmacy", "amenity": "Jumbolon Philippines Inc"}}, {"type": "Feature", "geometry": {"type": "Point", "coordinates": [123.9162269, 10.3687904]}, "properties": {"id": "ChIJdwvElneiqTMRKFmFWIsBOaA", "amenity_type": "pharmacy", "amenity": "Mercury Drug"}}, {"type": "Feature", "geometry": {"type": "Point", "coordinates": [123.950139, 10.354986]}, "properties": {"id": "ChIJi-nC9GyYqTMRhdZaluwb1Q0", "amenity_type": "pharmacy", "amenity": "Mercury Drug - Mandaue City Basak Fatima"}}, {"type": "Feature", "geometry": {"type": "Point", "coordinates": [123.939029, 10.334906]}, "properties": {"id": "ChIJ2bjqM1KYqTMRWHxSGqUcry4", "amenity_type": "pharmacy", "amenity": "Mercury Drug - Mandaue City Maguikay"}}, {"type": "Feature", "geometry": {"type": "Point", "coordinates": [123.9201929, 10.3415248]}, "properties": {"id": "ChIJH7hYLgCZqTMRBV9iJLK7huI", "amenity_type": "pharmacy", "amenity": "Rose Pharmacy"}}, {"type": "Feature", "geometry": {"type": "Point", "coordinates": [123.9192635, 10.3699898]}, "properties": {"id": "ChIJb0tqGwCZqTMRgFcBsvI4JxU", "amenity_type": "pharmacy", "amenity": "Rose Pharmacy"}}, {"type": "Feature", "geometry": {"type": "Point", "coordinates": [123.950501, 10.335625]}, "properties": {"id": "ChIJlciQokmYqTMR2IdRhNF45VE", "amenity_type": "pharmacy", "amenity": "Rose Pharmacy - Bridges Town Square Mandaue"}}, {"type": "Feature", "geometry": {"type": "Point", "coordinates": [123.949476, 10.3619428]}, "properties": {"id": "ChIJ_Qz_aTWZqTMRy5xE-9Lq7dc", "amenity_type": "pharmacy", "amenity": "Rose Pharmacy - Canduman"}}, {"type": "Feature", "geometry": {"type": "Point", "coordinates": [123.9290196, 10.3268896]}, "properties": {"id": "ChIJCVVXSAeZqTMRVPdSglRxnlY", "amenity_type": "pharmacy", "amenity": "Rose Pharmacy Arcada 5 Tipolo"}}, {"type": "Feature", "geometry": {"type": "Point", "coordinates": [123.925271, 10.3395591]}, "properties": {"id": "ChIJNy5FfvmYqTMRvSffX_Fso64", "amenity_type": "pharmacy", "amenity": "Rose Pharmacy Bakilid Mandaue"}}, {"type": "Feature", "geometry": {"type": "Point", "coordinates": [123.9198078, 10.3256085]}, "properties": {"id": "ChIJ-a-mKAWZqTMRewV7k16pea8", "amenity_type": "pharmacy", "amenity": "Rose Pharmacy GAGFA IT Center Kasambagan"}}, {"type": "Feature", "geometry": {"type": "Point", "coordinates": [123.931084, 10.3453604]}, "properties": {"id": "ChIJU-5Fu1iYqTMRxyPnCNZedcY", "amenity_type": "pharmacy", "amenity": "Rose Pharmacy Gaisano Capital Casuntingan"}}, {"type": "Feature", "geometry": {"type": "Point", "coordinates": [123.913619, 10.365944]}, "properties": {"id": "ChIJo9-6YpmYqTMREqiihKNqEsk", "amenity_type": "pharmacy", "amenity": "Rose Pharmacy Gaisano Grand Mall Talamban"}}, {"type": "Feature", "geometry": {"type": "Point", "coordinates": [123.9365322, 10.3326414]}, "properties": {"id": "ChIJJ0HhYCyZqTMREWQxY2c1sKw", "amenity_type": "pharmacy", "amenity": "Rose Pharmacy Guizo Mandaue"}}, {"type": "Feature", "geometry": {"type": "Point", "coordinates": [123.9484509, 10.3501417]}, "properties": {"id": "ChIJ46iWQGqYqTMRb7e87IYeqAY", "amenity_type": "pharmacy", "amenity": "Rose Pharmacy Insular Square"}}, {"type": "Feature", "geometry": {"type": "Point", "coordinates": [123.9154872, 10.3612189]}, "properties": {"id": "ChIJwzrj7pCYqTMRkiIhpXrtsas", "amenity_type": "pharmacy", "amenity": "Rose Pharmacy M Cuenco Ave Talamban"}}, {"type": "Feature", "geometry": {"type": "Point", "coordinates": [123.9176173, 10.3264047]}, "properties": {"id": "ChIJ2RCO7hqZqTMRmrcWwo42iGA", "amenity_type": "pharmacy", "amenity": "Rose Pharmacy Robinsons Easymart Kasambagan"}}, {"type": "Feature", "geometry": {"type": "Point", "coordinates": [123.9214414, 10.3281659]}, "properties": {"id": "ChIJh12IS0mZqTMRHwSuz5RAQEY", "amenity_type": "pharmacy", "amenity": "Rose Pharmacy Store Support Center"}}, {"type": "Feature", "geometry": {"type": "Point", "coordinates": [123.9091608, 10.3452138]}, "properties": {"id": "ChIJ79pzFuiYqTMReq00lX8ZuqM", "amenity_type": "pharmacy", "amenity": "Rose Pharmacy Strip Mall Maria Luisa Banilad"}}, {"type": "Feature", "geometry": {"type": "Point", "coordinates": [123.9118061, 10.3387863]}, "properties": {"id": "ChIJnW6aM-GYqTMRoMN2bYZmKfk", "amenity_type": "pharmacy", "amenity": "Rose Pharmacy UC Banilad"}}, {"type": "Feature", "geometry": {"type": "Point", "coordinates": [123.9481693, 10.3459328]}, "properties": {"id": "ChIJN9-UaUGYqTMRSQuqc2kErS0", "amenity_type": "pharmacy", "amenity": "Rose Pharmacy VNU Arcade Pakanan"}}, {"type": "Feature", "geometry": {"type": "Point", "coordinates": [123.934021, 10.3352457]}, "properties": {"id": "ChIJZQoM1_uYqTMRXwaY-2TWE1c", "amenity_type": "pharmacy", "amenity": "Rose Pharmacy sm J Mall"}}, {"type": "Feature", "geometry": {"type": "Point", "coordinates": [123.9128691, 10.3454758]}, "properties": {"id": "ChIJQ8XUojGZqTMRvXMMQDO33lU", "amenity_type": "pharmacy", "amenity": "Rose Pharmacy | Banilad Place Residences"}}, {"type": "Feature", "geometry": {"type": "Point", "coordinates": [123.9128969, 10.3409428]}, "properties": {"id": "ChIJzRvviuaYqTMRAtar7g31-aU", "amenity_type": "pharmacy", "amenity": "Rose Pharmacy | Banilad Town Centre"}}, {"type": "Feature", "geometry": {"type": "Point", "coordinates": [123.9213899, 10.3281973]}, "properties": {"id": "ChIJ5UfFSzWZqTMR1F1cnn8hcaU", "amenity_type": "pharmacy", "amenity": "Rosexpress Medicine Delivery"}}, {"type": "Feature", "geometry": {"type": "Point", "coordinates": [123.9326829, 10.3666773]}, "properties": {"id": "ChIJ43W0S5GZqTMR9eemuCgvLBA", "amenity_type": "pharmacy", "amenity": "Southstar Drug Warehouse Cebu"}}, {"type": "Feature", "geometry": {"type": "Point", "coordinates": [123.9491025, 10.3514483]}, "properties": {"id": "ChIJebg0TWqYqTMR9pdFDglF1yM", "amenity_type": "pharmacy", "amenity": "TGP The Generics Pharmacy (National Highway Fatima, Mandaue)"}}, {"type": "Feature", "geometry": {"type": "Point", "coordinates": [123.938855, 10.3360229]}, "properties": {"id": "ChIJ1aCSgVGYqTMRTRw6_neRwPA", "amenity_type": "pharmacy", "amenity": "The Generics Pharmacy"}}, {"type": "Feature", "geometry": {"type": "Point", "coordinates": [123.948593, 10.343235]}, "properties": {"id": "ChIJVWqSwEaYqTMRbd13SiOjgd4", "amenity_type": "pharmacy", "amenity": "The Realmed Pharmacy"}}, {"type": "Feature", "geometry": {"type": "Point", "coordinates": [123.9252296, 10.3495252]}, "properties": {"id": "ChIJ-ZONSvOYqTMRtQFHLRddzcY", "amenity_type": "pharmacy", "amenity": "Three Sixty Pharmacy"}}, {"type": "Feature", "geometry": {"type": "Point", "coordinates": [123.9358247, 10.3316249]}, "properties": {"id": "ChIJpV5NKBeZqTMRILQ1Jquzs3s", "amenity_type": "pharmacy", "amenity": "Three Sixty Pharmacy"}}, {"type": "Feature", "geometry": {"type": "Point", "coordinates": [123.9334453, 10.3676551]}, "properties": {"id": "ChIJifm4_36YqTMRP-WrdLzsptg", "amenity_type": "pharmacy", "amenity": "ThreeSixty Pharmacy"}}, {"type": "Feature", "geometry": {"type": "Point", "coordinates": [123.9113027, 10.3384748]}, "properties": {"id": "ChIJcyKpPIWZqTMRGLbK9P2yV-4", "amenity_type": "pharmacy", "amenity": "WATSONS GAISANO COUNTRY MALL BANILAD"}}, {"type": "Feature", "geometry": {"type": "Point", "coordinates": [123.9190043, 10.3433602]}, "properties": {"id": "ChIJ02uqZVyZqTMRo7jwRWx_aUk", "amenity_type": "pharmacy", "amenity": "WATSONS OAKRIDGE IT CENTER TOWER 2"}}, {"type": "Feature", "geometry": {"type": "Point", "coordinates": [123.9483897, 10.3404582]}, "properties": {"id": "ChIJi1hibUaYqTMRaOD4GJZWR10", "amenity_type": "pharmacy", "amenity": "WATSONS PACIFIC MALL MANDAUE"}}, {"type": "Feature", "geometry": {"type": "Point", "coordinates": [123.9489597, 10.3627011]}, "properties": {"id": "ChIJiVMTkXOYqTMRvK9ALPt8NbU", "amenity_type": "pharmacy", "amenity": "WATSONS SAVEMORE BASAK"}}, {"type": "Feature", "geometry": {"type": "Point", "coordinates": [123.9489115, 10.3626591]}, "properties": {"id": "ChIJkfOlq9SZqTMRPvGK-uT4g54", "amenity_type": "pharmacy", "amenity": "WATSONS SAVEMORE CANDUMAN"}}, {"type": "Feature", "geometry": {"type": "Point", "coordinates": [123.938991, 10.3353672]}, "properties": {"id": "ChIJccbzolCYqTMRBnV9mhF_d3k", "amenity_type": "pharmacy", "amenity": "WATSONS SAVEMORE MAGUIKAY"}}, {"type": "Feature", "geometry": {"type": "Point", "coordinates": [123.934111, 10.33546]}, "properties": {"id": "ChIJed0MUfqZqTMRK-sgFwerf74", "amenity_type": "pharmacy", "amenity": "WATSONS SM CITY J MALL DEPARTMENT STORE"}}, {"type": "Feature", "geometry": {"type": "Point", "coordinates": [123.934111, 10.33546]}, "properties": {"id": "ChIJmQDLewOZqTMRnUb1cpDkPn8", "amenity_type": "pharmacy", "amenity": "WATSONS SM CITY J MALL HYPERMARKET"}}, {"type": "Feature", "geometry": {"type": "Point", "coordinates": [123.9138799, 10.3506798]}, "properties": {"id": "ChIJq4lgrvWZqTMR6utx90CJdCQ", "amenity_type": "pharmacy", "amenity": "WATSONS VERVE POINT TALAMBAN"}}, {"type": "Feature", "geometry": {"type": "Point", "coordinates": [123.8392525, 10.2542345]}, "properties": {"id": "ChIJGVdSEB2dqTMRX3GJ4TLcqgQ", "amenity_type": "pharmacy", "amenity": "A1 Child Pharmacy"}}, {"type": "Feature", "geometry": {"type": "Point", "coordinates": [123.8562555, 10.2691559]}, "properties": {"id": "ChIJU7S6w1ucqTMRG5Tc-zoMUT4", "amenity_type": "pharmacy", "amenity": "ALFAR Pharmacy"}}, {"type": "Feature", "geometry": {"type": "Point", "coordinates": [123.8381421, 10.2373761]}, "properties": {"id": "ChIJGXxRn52dqTMRyHXYVZZ-VHQ", "amenity_type": "pharmacy", "amenity": "ANNIE PHARMACY"}}, {"type": "Feature", "geometry": {"type": "Point", "coordinates": [123.8388554, 10.2489783]}, "properties": {"id": "ChIJofsu6kGdqTMRibaSrZwfSgw", "amenity_type": "pharmacy", "amenity": "Alfar Pharmacy"}}, {"type": "Feature", "geometry": {"type": "Point", "coordinates": [123.8232252, 10.2588966]}, "properties": {"id": "ChIJPU6BdpidqTMRznD9zSPu9zc", "amenity_type": "pharmacy", "amenity": "AllDay RX - Talisay"}}, {"type": "Feature", "geometry": {"type": "Point", "coordinates": [123.8534061, 10.2777585]}, "properties": {"id": "ChIJl2RF5kWcqTMRIy-mRapPY-o", "amenity_type": "pharmacy", "amenity": "Amvicelan Pharmacy"}}, {"type": "Feature", "geometry": {"type": "Point", "coordinates": [123.8561, 10.279776]}, "properties": {"id": "ChIJhTxJ70acqTMRBMdp0vkbg4A", "amenity_type": "pharmacy", "amenity": "Angel Eric Pharmacy"}}, {"type": "Feature", "geometry": {"type": "Point", "coordinates": [123.8448932, 10.2457944]}, "properties": {"id": "ChIJm_YabQCdqTMRfOa1qK1DkP4", "amenity_type": "pharmacy", "amenity": "Annie Pharmacy Talisay City"}}, {"type": "Feature", "geometry": {"type": "Point", "coordinates": [123.8561786, 10.2702128]}, "properties": {"id": "ChIJiyIuukScqTMRy4plXPt-fWk", "amenity_type": "pharmacy", "amenity": "Arvin’s Pharmacy"}}, {"type": "Feature", "geometry": {"type": "Point", "coordinates": [123.8394751, 10.2434523]}, "properties": {"id": "ChIJ8caU8yCdqTMRDosUMIkkAJI", "amenity_type": "pharmacy", "amenity": "BIAZ PHARMACY"}}, {"type": "Feature", "geometry": {"type": "Point", "coordinates": [123.8563306, 10.2695989]}, "properties": {"id": "ChIJ6Uqbv1ucqTMR4mWFQSRjYK0", "amenity_type": "pharmacy", "amenity": "BOTICA NINO"}}, {"type": "Feature", "geometry": {"type": "Point", "coordinates": [123.8569078, 10.2736778]}, "properties": {"id": "ChIJ3TFzukScqTMRV1FEuzWJE4Y", "amenity_type": "pharmacy", "amenity": "Bkc Pharmacy"}}, {"type": "Feature", "geometry": {"type": "Point", "coordinates": [123.8294623, 10.2519787]}, "properties": {"id": "ChIJW39Js5SdqTMR14AUdAzyk-o", "amenity_type": "pharmacy", "amenity": "Botica John"}}, {"type": "Feature", "geometry": {"type": "Point", "coordinates": [123.860025, 10.274879]}, "properties": {"id": "ChIJK_IOBkOcqTMRaPwo6-eWFBA", "amenity_type": "pharmacy", "amenity": "Botika Ni Mama"}}, {"type": "Feature", "geometry": {"type": "Point", "coordinates": [123.840016, 10.25808]}, "properties": {"id": "ChIJB4UtigKdqTMRyj99gpmYde0", "amenity_type": "pharmacy", "amenity": "CHI PHARMACY"}}, {"type": "Feature", "geometry": {"type": "Point", "coordinates": [123.8566507, 10.2800958]}, "properties": {"id": "ChIJm3163kacqTMRWLfZiIWCYcU", "amenity_type": "pharmacy", "amenity": "Click Pharmacy and General Merchandise"}}, {"type": "Feature", "geometry": {"type": "Point", "coordinates": [123.8085944, 10.2467746]}, "properties": {"id": "ChIJ3S8KQuydqTMRVI6jWYAybWk", "amenity_type": "pharmacy", "amenity": "Curly"}}, {"type": "Feature", "geometry": {"type": "Point", "coordinates": [123.8387497, 10.2539683]}, "properties": {"id": "ChIJCc5lBB2dqTMR9F7H69qZlg0", "amenity_type": "pharmacy", "amenity": "D&R Pharmacy"}}, {"type": "Feature", "geometry": {"type": "Point", "coordinates": [123.8391747, 10.2541734]}, "properties": {"id": "ChIJR9WQj1CdqTMRK_FbDyfRb4c", "amenity_type": "pharmacy", "amenity": "DRS PHARMACY & GENERAL MERCHANDISE"}}, {"type": "Feature", "geometry": {"type": "Point", "coordinates": [123.837072, 10.2377751]}, "properties": {"id": "ChIJe83ypNGdqTMRB5sPvtsc4X8", "amenity_type": "pharmacy", "amenity": "DaisyMed Pharmacy"}}, {"type": "Feature", "geometry": {"type": "Point", "coordinates": [123.8626953, 10.2788181]}, "properties": {"id": "ChIJuUa5xEGcqTMRCapbVn6iXdc", "amenity_type": "pharmacy", "amenity": "Dial's Pharmacy"}}, {"type": "Feature", "geometry": {"type": "Point", "coordinates": [123.8122003, 10.2445739]}, "properties": {"id": "ChIJa7v7CUSdqTMRz3legPS1exQ", "amenity_type": "pharmacy", "amenity": "Dran Cyber Cafe"}}, {"type": "Feature", "geometry": {"type": "Point", "coordinates": [123.8262592, 10.2595347]}, "properties": {"id": "ChIJz5PmRA6dqTMRugpKryibztQ", "amenity_type": "pharmacy", "amenity": "Emma's Pharmacy"}}, {"type": "Feature", "geometry": {"type": "Point", "coordinates": [123.8250992, 10.2616042]}, "properties": {"id": "ChIJV4wDuxKdqTMReP2N2i6Bq10", "amenity_type": "pharmacy", "amenity": "Emzcey Pharmacy"}}, {"type": "Feature", "geometry": {"type": "Point", "coordinates": [123.8498339, 10.2451132]}, "properties": {"id": "ChIJ8zXMgOecqTMRlrcri9qYuzk", "amenity_type": "pharmacy", "amenity": "Ens Pharmacy"}}, {"type": "Feature", "geometry": {"type": "Point", "coordinates": [123.8248099, 10.2458307]}, "properties": {"id": "ChIJ8UTg0z2dqTMRIxk4FeSCnbg", "amenity_type": "pharmacy", "amenity": "Ent Pharmacy"}}, {"type": "Feature", "geometry": {"type": "Point", "coordinates": [123.8391061, 10.2542706]}, "properties": {"id": "ChIJbY4bJgCdqTMR3FBKNQcM5_Q", "amenity_type": "pharmacy", "amenity": "Everyday Pharmacy"}}, {"type": "Feature", "geometry": {"type": "Point", "coordinates": [123.8532107, 10.2775407]}, "properties": {"id": "ChIJfx-U7kWcqTMR0U0m98C-gHk", "amenity_type": "pharmacy", "amenity": "Farmacia Alma"}}, {"type": "Feature", "geometry": {"type": "Point", "coordinates": [123.8392995, 10.2462361]}, "properties": {"id": "ChIJUTK7-bGdqTMR39F1GGkuAtE", "amenity_type": "pharmacy", "amenity": "Farmacia Delfin"}}, {"type": "Feature", "geometry": {"type": "Point", "coordinates": [123.8386941, 10.2538432]}, "properties": {"id": "ChIJuz1cTQCdqTMRiTvmhxE3AD0", "amenity_type": "pharmacy", "amenity": "Farmacia Sto. Niño"}}, {"type": "Feature", "geometry": {"type": "Point", "coordinates": [123.8571254, 10.2662561]}, "properties": {"id": "ChIJbxdnL1mcqTMRZLG7JcmmEDU", "amenity_type": "pharmacy", "amenity": "Farmacia ni Mama"}}, {"type": "Feature", "geometry": {"type": "Point", "coordinates": [123.824042, 10.2395186]}, "properties": {"id": "ChIJa5-f9DmdqTMRC-INKK-F1NI", "amenity_type": "pharmacy", "amenity": "Four C Pharmacy"}}, {"type": "Feature", "geometry": {"type": "Point", "coordinates": [123.8550273, 10.2494648]}, "properties": {"id": "ChIJM9ITKu-cqTMRfp2sLag9seI", "amenity_type": "pharmacy", "amenity": "GENERIKA DRUGSTORE"}}, {"type": "Feature", "geometry": {"type": "Point", "coordinates": [123.8561926, 10.2665823]}, "properties": {"id": "ChIJZWdnF1mcqTMRA-s_5T_wdEI", "amenity_type": "pharmacy", "amenity": "GINA PHARMACY"}}, {"type": "Feature", "geometry": {"type": "Point", "coordinates": [123.856341, 10.25025]}, "properties": {"id": "ChIJ7T4vwO6cqTMRaCfWEFl5hT4", "amenity_type": "pharmacy", "amenity": "GP Pharma and Nutraceuticals"}}, {"type": "Feature", "geometry": {"type": "Point", "coordinates": [123.8248229, 10.2458557]}, "properties": {"id": "ChIJv4wBcQCdqTMRQ19qOCCKVIM", "amenity_type": "pharmacy", "amenity": "Gabriel's Pharmacy"}}, {"type": "Feature", "geometry": {"type": "Point", "coordinates": [123.8382938, 10.2641212]}, "properties": {"id": "ChIJJ-ywvgCdqTMRMEPdwUPy9hE", "amenity_type": "pharmacy", "amenity": "Generika Drugstore"}}, {"type": "Feature", "geometry": {"type": "Point", "coordinates": [123.855695, 10.280121]}, "properties": {"id": "ChIJO9FB-0acqTMR22mkFlgncCo", "amenity_type": "pharmacy", "amenity": "Generika Drugstore"}}, {"type": "Feature", "geometry": {"type": "Point", "coordinates": [123.8574615, 10.2763605]}, "properties": {"id": "ChIJ9ZImWQCdqTMR4Nv3P5OHWrY", "amenity_type": "pharmacy", "amenity": "Generika Drugstore - Inayawan"}}, {"type": "Feature", "geometry": {"type": "Point", "coordinates": [123.8608476, 10.2532255]}, "properties": {"id": "ChIJIaTjxZKdqTMRmdg_uLvzuVU", "amenity_type": "pharmacy", "amenity": "Generika Drugstore San Roque Talisay"}}, {"type": "Feature", "geometry": {"type": "Point", "coordinates": [123.8392931, 10.2449308]}, "properties": {"id": "ChIJyYqWNgCdqTMRu-3Hz3cZl9o", "amenity_type": "pharmacy", "amenity": "Generika Dumlog Talisay"}}, {"type": "Feature", "geometry": {"type": "Point", "coordinates": [123.839283, 10.2541392]}, "properties": {"id": "ChIJMUYUgFSdqTMRmN9yWF5_NJI", "amenity_type": "pharmacy", "amenity": "Gia Pharmacy"}}, {"type": "Feature", "geometry": {"type": "Point", "coordinates": [123.8405644, 10.2484323]}, "properties": {"id": "ChIJzyRUDQCdqTMRCfcCL1gyrFQ", "amenity_type": "pharmacy", "amenity": "Grainsmart"}}, {"type": "Feature", "geometry": {"type": "Point", "coordinates": [123.8402213, 10.2485033]}, "properties": {"id": "ChIJpT8hzR-dqTMRgM-Qh6h8aRg", "amenity_type": "pharmacy", "amenity": "Grenah's Pharmacy"}}, {"type": "Feature", "geometry": {"type": "Point", "coordinates": [123.8291447, 10.2526305]}, "properties": {"id": "ChIJiaKisRCdqTMRTDhfVrSfnaQ", "amenity_type": "pharmacy", "amenity": "Hfc Pharmacy"}}, {"type": "Feature", "geometry": {"type": "Point", "coordinates": [123.8561512, 10.267152]}, "properties": {"id": "ChIJE_-rbFmcqTMR8T0MB6Pogx4", "amenity_type": "pharmacy", "amenity": "La Nueva Pharmacy Inayawan"}}, {"type": "Feature", "geometry": {"type": "Point", "coordinates": [123.8391975, 10.2538957]}, "properties": {"id": "ChIJp_3Dsa6dqTMRKvCrL7krm7g", "amenity_type": "pharmacy", "amenity": "La Nueva Pharmacy Talisay"}}, {"type": "Feature", "geometry": {"type": "Point", "coordinates": [123.8128588, 10.2559655]}, "properties": {"id": "ChIJZcFVm26dqTMRzMWu6-dKqj8", "amenity_type": "pharmacy", "amenity": "MIKAELA'S PHARMACY AND GENERAL MERCHANDISE"}}, {"type": "Feature", "geometry": {"type": "Point", "coordinates": [123.8256182, 10.2496733]}, "properties": {"id": "ChIJKZXLIQCdqTMRZ-MSflWFBNM", "amenity_type": "pharmacy", "amenity": "MediLife Pharmacy"}}, {"type": "Feature", "geometry": {"type": "Point", "coordinates": [123.8121866, 10.244572]}, "properties": {"id": "ChIJZQC3Vf2dqTMRx-eybX7vaf8", "amenity_type": "pharmacy", "amenity": "Medsite Drugs"}}, {"type": "Feature", "geometry": {"type": "Point", "coordinates": [123.8387965, 10.2489997]}, "properties": {"id": "ChIJEciGW86dqTMRFKk0rMiIKzU", "amenity_type": "pharmacy", "amenity": "Mercury Drug"}}, {"type": "Feature", "geometry": {"type": "Point", "coordinates": [123.8541782, 10.2785686]}, "properties": {"id": "ChIJFc6gdkacqTMR0gR4m4FvOQE", "amenity_type": "pharmacy", "amenity": "Mercury Drug"}}, {"type": "Feature", "geometry": {"type": "Point", "coordinates": [123.855781, 10.2802598]}, "properties": {"id": "ChIJlyo140acqTMRGoWHQ17mBYk", "amenity_type": "pharmacy", "amenity": "Mercury Drug"}}, {"type": "Feature", "geometry": {"type": "Point", "coordinates": [123.8486865, 10.2727786]}, "properties": {"id": "ChIJBYZDuFGcqTMRwQfR4C89kXo", "amenity_type": "pharmacy", "amenity": "Mercury Drug - Cebu City Bulacao Pardo"}}, {"type": "Feature", "geometry": {"type": "Point", "coordinates": [123.809141, 10.2540982]}, "properties": {"id": "ChIJNVoZYZidqTMRV98KjAcxGs0", "amenity_type": "pharmacy", "amenity": "Mercury Drug - Minglanilla Linao"}}, {"type": "Feature", "geometry": {"type": "Point", "coordinates": [123.7957287, 10.245186]}, "properties": {"id": "ChIJOznmT054qTMRhPwpgw-swEc", "amenity_type": "pharmacy", "amenity": "Mercury Drug - Minglanilla Poblacion"}}, {"type": "Feature", "geometry": {"type": "Point", "coordinates": [123.839151, 10.263014]}, "properties": {"id": "ChIJkz7xsgGdqTMRBakXJEBIwqc", "amenity_type": "pharmacy", "amenity": "Mercury Drug - Talisay City Tabunok"}}, {"type": "Feature", "geometry": {"type": "Point", "coordinates": [123.8401454, 10.2644606]}, "properties": {"id": "ChIJFxc6EACdqTMRlGJrBy8euy8", "amenity_type": "pharmacy", "amenity": "Mercury Drug - Talisay City Tabunok N. Bacalso Ave."}}, {"type": "Feature", "geometry": {"type": "Point", "coordinates": [123.8538102, 10.2694204]}, "properties": {"id": "ChIJp8eksCCdqTMR4Sbc48K3X14", "amenity_type": "pharmacy", "amenity": "Nathan and kate drugstore"}}, {"type": "Feature", "geometry": {"type": "Point", "coordinates": [123.8564081, 10.2805337]}, "properties": {"id": "ChIJy0uZH0ecqTMRfeLXu4yZEms", "amenity_type": "pharmacy", "amenity": "Ns Pharmacy And General Merchandise"}}, {"type": "Feature", "geometry": {"type": "Point", "coordinates": [123.8246231, 10.2461362]}, "properties": {"id": "ChIJC8z360adqTMR8Q81zhixMBU", "amenity_type": "pharmacy", "amenity": "Oscor Pharmacy"}}, {"type": "Feature", "geometry": {"type": "Point", "coordinates": [123.8310996, 10.2432506]}, "properties": {"id": "ChIJydDaSxOdqTMR8G2cnQoO4Sk", "amenity_type": "pharmacy", "amenity": "PharmaSulit"}}, {"type": "Feature", "geometry": {"type": "Point", "coordinates": [123.8474692, 10.2426578]}, "properties": {"id": "ChIJvZNsMtycqTMR9UNzgIyIJa4", "amenity_type": "pharmacy", "amenity": "Pharmacy Street"}}, {"type": "Feature", "geometry": {"type": "Point", "coordinates": [123.8565611, 10.2713899]}, "properties": {"id": "ChIJC0RbbVucqTMRFd9yePD8zyw", "amenity_type": "pharmacy", "amenity": "Pharmariner Drugstore And Gen. Merchandise"}}, {"type": "Feature", "geometry": {"type": "Point", "coordinates": [123.8469076, 10.2440481]}, "properties": {"id": "ChIJlwpj8redqTMRnwNRhTEQy9g", "amenity_type": "pharmacy", "amenity": "Pharmelia Pharmacy"}}, {"type": "Feature", "geometry": {"type": "Point", "coordinates": [123.8522665, 10.2770913]}, "properties": {"id": "ChIJR4DQYU-cqTMRMeY5nli1eqE", "amenity_type": "pharmacy", "amenity": "Preferred Pharmacy and General Merchandise"}}, {"type": "Feature", "geometry": {"type": "Point", "coordinates": [123.825869, 10.258967]}, "properties": {"id": "ChIJdd6KQQ6dqTMRRoVEmqxbOvQ", "amenity_type": "pharmacy", "amenity": "Pro Drug"}}, {"type": "Feature", "geometry": {"type": "Point", "coordinates": [123.855959, 10.2806291]}, "properties": {"id": "ChIJH9MnGgCdqTMRnjyU0g52xzg", "amenity_type": "pharmacy", "amenity": "Promedical Drug Pharmacy"}}, {"type": "Feature", "geometry": {"type": "Point", "coordinates": [123.8564388, 10.2699146]}, "properties": {"id": "ChIJGYtMTQCdqTMR8L-_LbT57xA", "amenity_type": "pharmacy", "amenity": "Purchaser's Pharmacy"}}, {"type": "Feature", "geometry": {"type": "Point", "coordinates": [123.8550588, 10.2804182]}, "properties": {"id": "ChIJJfI0_kacqTMRy4ToCcNWT-M", "amenity_type": "pharmacy", "amenity": "Purchaser's Pharmacy-TABURA"}}, {"type": "Feature", "geometry": {"type": "Point", "coordinates": [123.8395016, 10.2434627]}, "properties": {"id": "ChIJAQ1VYgCdqTMRLPLiItcGNNI", "amenity_type": "pharmacy", "amenity": "Riaz Pharmacy"}}, {"type": "Feature", "geometry": {"type": "Point", "coordinates": [123.8595015, 10.2571044]}, "properties": {"id": "ChIJ-aH5lPOcqTMR-WZWBkdqc_w", "amenity_type": "pharmacy", "amenity": "Rose Pharmacy"}}, {"type": "Feature", "geometry": {"type": "Point", "coordinates": [123.8596153, 10.2747041]}, "properties": {"id": "ChIJP0I_xyidqTMRlQQNf3Nf0Ys", "amenity_type": "pharmacy", "amenity": "Rose Pharmacy"}}, {"type": "Feature", "geometry": {"type": "Point", "coordinates": [123.8052483, 10.2510473]}, "properties": {"id": "ChIJp3H2OoydqTMRFYE7idDXpqI", "amenity_type": "pharmacy", "amenity": "Rose Pharmacy"}}, {"type": "Feature", "geometry": {"type": "Point", "coordinates": [123.8175659, 10.2580586]}, "properties": {"id": "ChIJs_KhXm2dqTMRaSXUgD-sPqo", "amenity_type": "pharmacy", "amenity": "Rose Pharmacy"}}, {"type": "Feature", "geometry": {"type": "Point", "coordinates": [123.8393286, 10.2631221]}, "properties": {"id": "ChIJf52nTACdqTMRfcyjsclM3dE", "amenity_type": "pharmacy", "amenity": "Rose Pharmacy - Paseo Anastacia"}}, {"type": "Feature", "geometry": {"type": "Point", "coordinates": [123.8393085, 10.2447759]}, "properties": {"id": "ChIJryrok3ydqTMRtWny5IJX7Pg", "amenity_type": "pharmacy", "amenity": "Rose Pharmacy Dumlog Bascon Talisay"}}, {"type": "Feature", "geometry": {"type": "Point", "coordinates": [123.841999, 10.265523]}, "properties": {"id": "ChIJBbEqWlWcqTMRJB0qUEBoIWk", "amenity_type": "pharmacy", "amenity": "Rose Pharmacy Gaisano Grand Fiesta Mall"}}, {"type": "Feature", "geometry": {"type": "Point", "coordinates": [123.8561125, 10.2689535]}, "properties": {"id": "ChIJtcl3NgCdqTMRS_JYY_I3KSo", "amenity_type": "pharmacy", "amenity": "Rose Pharmacy Inayawan"}}, {"type": "Feature", "geometry": {"type": "Point", "coordinates": [123.838831, 10.263724]}, "properties": {"id": "ChIJE0yYXgCdqTMRYtXYKWLeX4c", "amenity_type": "pharmacy", "amenity": "Rose Pharmacy Lagtang Tabunok"}}, {"type": "Feature", "geometry": {"type": "Point", "coordinates": [123.8115507, 10.255558]}, "properties": {"id": "ChIJrbcJ726dqTMRhkdPLtAz2EU", "amenity_type": "pharmacy", "amenity": "Rose Pharmacy Plaza Margarita"}}, {"type": "Feature", "geometry": {"type": "Point", "coordinates": [123.8490868, 10.2736325]}, "properties": {"id": "ChIJrQ55TeGbqTMR-PZciXAnUaQ", "amenity_type": "pharmacy", "amenity": "Rose Pharmacy Prince Warehouse Club Bulacao"}}, {"type": "Feature", "geometry": {"type": "Point", "coordinates": [123.8410878, 10.2627658]}, "properties": {"id": "ChIJWQV41QGdqTMR4nmrCPLFKbc", "amenity_type": "pharmacy", "amenity": "Rose Pharmacy Rabaya St.Tabunok"}}, {"type": "Feature", "geometry": {"type": "Point", "coordinates": [123.8547995, 10.2787271]}, "properties": {"id": "ChIJd5INyg2dqTMRtWfXPUeQUBs", "amenity_type": "pharmacy", "amenity": "Rose Pharmacy- Pardo"}}, {"type": "Feature", "geometry": {"type": "Point", "coordinates": [123.8382761, 10.2623226]}, "properties": {"id": "ChIJp3YzOvqdqTMRyLkEgcit4rc", "amenity_type": "pharmacy", "amenity": "SOUTHSTAR DRUG"}}, {"type": "Feature", "geometry": {"type": "Point", "coordinates": [123.8000336, 10.2472097]}, "properties": {"id": "ChIJZxrBLNidqTMRSz1PHNZS-_k", "amenity_type": "pharmacy", "amenity": "SOUTHSTAR DRUG ROBINSONS MINGLANILLA CEBU"}}, {"type": "Feature", "geometry": {"type": "Point", "coordinates": [123.8177583, 10.2576609]}, "properties": {"id": "ChIJB7B_RG2dqTMR0YLXxgp9iWs", "amenity_type": "pharmacy", "amenity": "SOVEREIGN PHARMACY"}}, {"type": "Feature", "geometry": {"type": "Point", "coordinates": [123.8394714, 10.2543238]}, "properties": {"id": "ChIJIyeA42mdqTMR2d4I-BUj-tw", "amenity_type": "pharmacy", "amenity": "Savemed Pharmacy, Talisay city"}}, {"type": "Feature", "geometry": {"type": "Point", "coordinates": [123.856693, 10.2739361]}, "properties": {"id": "ChIJkW6aSQCdqTMR3J7AyxZSI6c", "amenity_type": "pharmacy", "amenity": "Shawe Pharmacy"}}, {"type": "Feature", "geometry": {"type": "Point", "coordinates": [123.829781, 10.2598349]}, "properties": {"id": "ChIJwYJSfA-dqTMRBdjST3spDxQ", "amenity_type": "pharmacy", "amenity": "Southstar Drug Talisay Cebu Lawaan III"}}, {"type": "Feature", "geometry": {"type": "Point", "coordinates": [123.8266022, 10.2513058]}, "properties": {"id": "ChIJf1PTZgCdqTMRY02GCAudGcI", "amenity_type": "pharmacy", "amenity": "TEDI Pharmacy"}}, {"type": "Feature", "geometry": {"type": "Point", "coordinates": [123.8283389, 10.2460727]}, "properties": {"id": "ChIJH5XcmnudqTMRAUv8daANZ_0", "amenity_type": "pharmacy", "amenity": "TGP The Generics Pharmacy"}}, {"type": "Feature", "geometry": {"type": "Point", "coordinates": [123.8567389, 10.2743342]}, "properties": {"id": "ChIJW9IYvkScqTMRNCqw2bwOjKw", "amenity_type": "pharmacy", "amenity": "TGP The Generics Pharmacy (F Jaca St, Cebu)"}}, {"type": "Feature", "geometry": {"type": "Point", "coordinates": [123.8517094, 10.2760564]}, "properties": {"id": "ChIJlZVY9kacqTMRPAi5p96yWuo", "amenity_type": "pharmacy", "amenity": "TGP The Generics Pharmacy (South Road Poblacion Pardo, Cebu)"}}, {"type": "Feature", "geometry": {"type": "Point", "coordinates": [123.8556794, 10.2800171]}, "properties": {"id": "ChIJF2_VXgCdqTMRkRGEkHWWy-A", "amenity_type": "pharmacy", "amenity": "The Generics Pharmacy - Pardo Church"}}, {"type": "Feature", "geometry": {"type": "Point", "coordinates": [123.8240658, 10.2388999]}, "properties": {"id": "ChIJ9dON-TmdqTMR_NMiZDWoQ4I", "amenity_type": "pharmacy", "amenity": "Three L.Pharmacy"}}, {"type": "Feature", "geometry": {"type": "Point", "coordinates": [123.8305548, 10.2521313]}, "properties": {"id": "ChIJw8J0-BmdqTMRyuu98EiU_-g", "amenity_type": "pharmacy", "amenity": "Three Sixty Pharmacy - Fidel Bas cor R Geraldez st."}}, {"type": "Feature", "geometry": {"type": "Point", "coordinates": [123.8560652, 10.2795]}, "properties": {"id": "ChIJpX4z6EacqTMRwDX7hnB2wzk", "amenity_type": "pharmacy", "amenity": "ThreeSixty Pharmacy"}}, {"type": "Feature", "geometry": {"type": "Point", "coordinates": [123.8411197, 10.2604798]}, "properties": {"id": "ChIJnYuw-AGdqTMRMfAm-PhGXsw", "amenity_type": "pharmacy", "amenity": "ThreeSixty Pharmacy - South Agora Building"}}, {"type": "Feature", "geometry": {"type": "Point", "coordinates": [123.838032, 10.264223]}, "properties": {"id": "ChIJ9Y0Z9ACdqTMR0BOOnvnMjds", "amenity_type": "pharmacy", "amenity": "Threesixty Pharmacy"}}, {"type": "Feature", "geometry": {"type": "Point", "coordinates": [123.8602083, 10.2748463]}, "properties": {"id": "ChIJOePLMgCdqTMR-2olE_IOKdg", "amenity_type": "pharmacy", "amenity": "Threesixty Pharmacy - Cogon"}}, {"type": "Feature", "geometry": {"type": "Point", "coordinates": [123.8388294, 10.2489078]}, "properties": {"id": "ChIJJfhOUh6dqTMRYijNs9moHoE", "amenity_type": "pharmacy", "amenity": "Threesixty Pharmacy - Sangi Road"}}, {"type": "Feature", "geometry": {"type": "Point", "coordinates": [123.8486836, 10.2439191]}, "properties": {"id": "ChIJC4hkvd2cqTMRzBpOPaY-qyo", "amenity_type": "pharmacy", "amenity": "VRV PHARMACY"}}, {"type": "Feature", "geometry": {"type": "Point", "coordinates": [123.8554732, 10.2788724]}, "properties": {"id": "ChIJIaulhkacqTMRJT1ykVh9t_A", "amenity_type": "pharmacy", "amenity": "Vinori Pharmacy"}}, {"type": "Feature", "geometry": {"type": "Point", "coordinates": [123.8260041, 10.2501219]}, "properties": {"id": "ChIJcwcRXxadqTMRIYe40maBPE0", "amenity_type": "pharmacy", "amenity": "Vital Pharmacy And General Merchandise"}}, {"type": "Feature", "geometry": {"type": "Point", "coordinates": [123.8770962, 10.2651402]}, "properties": {"id": "ChIJPbGSmEOdqTMRAFxUgmeOZFY", "amenity_type": "pharmacy", "amenity": "WATSONS FILINVEST IL CORSO CEBU"}}, {"type": "Feature", "geometry": {"type": "Point", "coordinates": [123.8417354, 10.2654724]}, "properties": {"id": "ChIJRdkBlMKdqTMRBHSWQ7GzqlE", "amenity_type": "pharmacy", "amenity": "WATSONS GAISANO GRAND FIESTA MALL TABUNOK"}}, {"type": "Feature", "geometry": {"type": "Point", "coordinates": [123.7927264, 10.2443671]}, "properties": {"id": "ChIJ73i-z--dqTMRVH-VKkzoULE", "amenity_type": "pharmacy", "amenity": "WATSONS GAISANO GRAND MINGLANILLA"}}, {"type": "Feature", "geometry": {"type": "Point", "coordinates": [123.8382735, 10.2623336]}, "properties": {"id": "ChIJR7JNa0mdqTMRscir_zhWL2Y", "amenity_type": "pharmacy", "amenity": "WATSONS RF VILLO CENTER SOUTH TABUNOK"}}, {"type": "Feature", "geometry": {"type": "Point", "coordinates": [123.8436342, 10.2668904]}, "properties": {"id": "ChIJQykMBlWcqTMRbewSO6R3U2I", "amenity_type": "pharmacy", "amenity": "WATSONS SOUTH TOWN CENTRE TABUNOK"}}, {"type": "Feature", "geometry": {"type": "Point", "coordinates": [123.8570472, 10.2819707]}, "properties": {"id": "ChIJCcUARUecqTMROO56Ur1j-ak", "amenity_type": "pharmacy", "amenity": "Wen's Pharmacy"}}, {"type": "Feature", "geometry": {"type": "Point", "coordinates": [123.8494601, 10.2448828]}, "properties": {"id": "ChIJ3frRgd2cqTMRkcWPZyaLKe8", "amenity_type": "pharmacy", "amenity": "Yanem Eighteen Pharmacy"}}, {"type": "Feature", "geometry": {"type": "Point", "coordinates": [123.8494952, 10.2448921]}, "properties": {"id": "ChIJsQ3Vgd2cqTMR-g0_YFeq9J8", "amenity_type": "pharmacy", "amenity": "addiel Pharmacy"}}, {"type": "Feature", "geometry": {"type": "Point", "coordinates": [123.8242563, 10.2446828]}, "properties": {"id": "ChIJe9JSPgCdqTMRKt4ZKqcqq6Q", "amenity_type": "pharmacy", "amenity": "st. roque pharmacy"}}]}