{"type": "FeatureCollection", "features": [{"type": "Feature", "geometry": {"type": "Point", "coordinates": [123.8979719, 10.3313114]}, "properties": {"id": 2126257880, "amenity_type": "marketplace", "amenity": "Unnamed grocery"}}, {"type": "Feature", "geometry": {"type": "Point", "coordinates": [123.8989382, 10.3318902]}, "properties": {"id": 3182113257, "amenity_type": "marketplace", "amenity": "Lahug Market"}}, {"type": "Feature", "geometry": {"type": "Point", "coordinates": [123.9805427, 10.3007358]}, "properties": {"id": 4617877692, "amenity_type": "marketplace", "amenity": "Pajac Wet Market"}}, {"type": "Feature", "geometry": {"type": "Point", "coordinates": [123.9222796, 10.3961012]}, "properties": {"id": 5581833955, "amenity_type": "marketplace", "amenity": "Pit-os Public Market"}}, {"type": "Feature", "geometry": {"type": "Point", "coordinates": [123.8740805, 10.28971]}, "properties": {"id": 5846393438, "amenity_type": "marketplace", "amenity": "Tabada Public Market"}}, {"type": "Feature", "geometry": {"type": "Point", "coordinates": [123.968978, 10.2868775]}, "properties": {"id": 7244388167, "amenity_type": "marketplace", "amenity": "Unnamed grocery"}}, {"type": "Feature", "geometry": {"type": "Point", "coordinates": [123.9247314, 10.350546]}, "properties": {"id": 7401965134, "amenity_type": "marketplace", "amenity": "Cabancalan Mini Market"}}, {"type": "Feature", "geometry": {"type": "Point", "coordinates": [123.8691384, 10.2949359]}, "properties": {"id": 7409755885, "amenity_type": "marketplace", "amenity": "Punta Princesa Public Market"}}, {"type": "Feature", "geometry": {"type": "Point", "coordinates": [123.9213462, 10.3861683]}, "properties": {"id": 7416565885, "amenity_type": "marketplace", "amenity": "Bacayan Public Market"}}, {"type": "Feature", "geometry": {"type": "Point", "coordinates": [123.9502065, 10.3557324]}, "properties": {"id": 7637096586, "amenity_type": "marketplace", "amenity": "Basak Tyangi"}}, {"type": "Feature", "geometry": {"type": "Point", "coordinates": [123.9085388, 10.3117865]}, "properties": {"id": 10892465897, "amenity_type": "marketplace", "amenity": "Unnamed grocery"}}, {"type": "Feature", "geometry": {"type": "Point", "coordinates": [123.9060321, 10.321997]}, "properties": {"id": 11817509751, "amenity_type": "marketplace", "amenity": "Public Market Barangay Luz"}}, {"type": "Feature", "geometry": {"type": "Point", "coordinates": [123.9251154, 10.34959]}, "properties": {"id": 12743913327, "amenity_type": "marketplace", "amenity": "Inse Loling's Market"}}, {"type": "Feature", "geometry": {"type": "Point", "coordinates": [123.9503086, 10.3108589]}, "properties": {"id": 47870461, "amenity_type": "marketplace", "amenity": "Lapu-Lapu City Public Market"}}, {"type": "Feature", "geometry": {"type": "Point", "coordinates": [123.8852419, 10.3159047]}, "properties": {"id": 207704673, "amenity_type": "marketplace", "amenity": "Banawa Public Market"}}, {"type": "Feature", "geometry": {"type": "Point", "coordinates": [123.899841, 10.2917163]}, "properties": {"id": 241568591, "amenity_type": "marketplace", "amenity": "Carbon Unit 3 Public Market"}}, {"type": "Feature", "geometry": {"type": "Point", "coordinates": [123.8992822, 10.3045675]}, "properties": {"id": 282040498, "amenity_type": "marketplace", "amenity": "F. Ramos Public Market"}}, {"type": "Feature", "geometry": {"type": "Point", "coordinates": [123.8557098, 10.2794988]}, "properties": {"id": 308237871, "amenity_type": "marketplace", "amenity": "Pardo Public Market"}}, {"type": "Feature", "geometry": {"type": "Point", "coordinates": [123.8980233, 10.2912434]}, "properties": {"id": 335725378, "amenity_type": "marketplace", "amenity": "Carbon Unit 1 Public Market"}}, {"type": "Feature", "geometry": {"type": "Point", "coordinates": [123.8989673, 10.2914802]}, "properties": {"id": 335725779, "amenity_type": "marketplace", "amenity": "Carbon Interim Public Market"}}, {"type": "Feature", "geometry": {"type": "Point", "coordinates": [123.9158652, 10.360436]}, "properties": {"id": 355848025, "amenity_type": "marketplace", "amenity": "Cabancalan Test Market"}}, {"type": "Feature", "geometry": {"type": "Point", "coordinates": [123.9159366, 10.3600389]}, "properties": {"id": 355848026, "amenity_type": "marketplace", "amenity": "Cabancalan Market"}}, {"type": "Feature", "geometry": {"type": "Point", "coordinates": [123.838473, 10.263398]}, "properties": {"id": 402324001, "amenity_type": "marketplace", "amenity": "Talisay City Public Market"}}, {"type": "Feature", "geometry": {"type": "Point", "coordinates": [123.8914401, 10.289665]}, "properties": {"id": 420187149, "amenity_type": "marketplace", "amenity": "Cebu City Fish Market"}}, {"type": "Feature", "geometry": {"type": "Point", "coordinates": [123.8566176, 10.2704833]}, "properties": {"id": 472435813, "amenity_type": "marketplace", "amenity": "Inayawan Public Market"}}, {"type": "Feature", "geometry": {"type": "Point", "coordinates": [123.9608193, 10.3750833]}, "properties": {"id": 577608098, "amenity_type": "marketplace", "amenity": "Consolacion Public Market"}}, {"type": "Feature", "geometry": {"type": "Point", "coordinates": [123.8919861, 10.2914629]}, "properties": {"id": 609537243, "amenity_type": "marketplace", "amenity": "Pasil Fish Market"}}, {"type": "Feature", "geometry": {"type": "Point", "coordinates": [123.9414342, 10.3276686]}, "properties": {"id": 855780899, "amenity_type": "marketplace", "amenity": "Mandaue City Public Market"}}, {"type": "Feature", "geometry": {"type": "Point", "coordinates": [123.8386014, 10.2633379]}, "properties": {"id": 930834742, "amenity_type": "marketplace", "amenity": "Talisay City Public Market"}}, {"type": "Feature", "geometry": {"type": "Point", "coordinates": [123.9043482, 10.3015293]}, "properties": {"id": 1119902685, "amenity_type": "marketplace", "amenity": "Tiburcio Padilla Public Market"}}, {"type": "Feature", "geometry": {"type": "Point", "coordinates": [123.7984801, 10.2417411]}, "properties": {"id": 1139295030, "amenity_type": "marketplace", "amenity": "The Marketplace Minglanilla"}}, {"type": "Feature", "geometry": {"type": "Point", "coordinates": [123.907989, 10.3116626]}, "properties": {"id": 1172321959, "amenity_type": "marketplace", "amenity": "Hipodromo Public Market"}}, {"type": "Feature", "geometry": {"type": "Point", "coordinates": [123.9329032, 10.368259]}, "properties": {"id": 1208983114, "amenity_type": "marketplace", "amenity": "Unnamed grocery"}}, {"type": "Feature", "geometry": {"type": "Point", "coordinates": [123.9148656, 10.318054]}, "properties": {"id": 1284550290, "amenity_type": "marketplace", "amenity": "Unnamed grocery"}}, {"type": "Feature", "geometry": {"type": "Point", "coordinates": [123.9351264, 10.3409933]}, "properties": {"id": 1354574440, "amenity_type": "marketplace", "amenity": "JJ Market Place"}}, {"type": "Feature", "geometry": {"type": "Point", "coordinates": [123.8911713, 10.2955046]}, "properties": {"id": 12658509, "amenity_type": "marketplace", "amenity": "Tabo-an Public Market"}}, {"type": "Feature", "geometry": {"type": "Point", "coordinates": [123.9523026, 10.3262532]}, "properties": {"id": 355114441, "amenity_type": "supermarket", "amenity": "Johann Commercial"}}, {"type": "Feature", "geometry": {"type": "Point", "coordinates": [123.8953864, 10.2979824]}, "properties": {"id": 369910696, "amenity_type": "supermarket", "amenity": "Healtea"}}, {"type": "Feature", "geometry": {"type": "Point", "coordinates": [123.9495527, 10.332877]}, "properties": {"id": 369910743, "amenity_type": "supermarket", "amenity": "Metro Fresh & Easy"}}, {"type": "Feature", "geometry": {"type": "Point", "coordinates": [123.950264, 10.31213]}, "properties": {"id": 413986507, "amenity_type": "supermarket", "amenity": "168 Hypermart"}}, {"type": "Feature", "geometry": {"type": "Point", "coordinates": [123.9345302, 10.3246806]}, "properties": {"id": 490429596, "amenity_type": "supermarket", "amenity": "SaveMore"}}, {"type": "Feature", "geometry": {"type": "Point", "coordinates": [123.8296974, 10.2599363]}, "properties": {"id": 771212795, "amenity_type": "supermarket", "amenity": "Robinsons Supermarket"}}, {"type": "Feature", "geometry": {"type": "Point", "coordinates": [123.8940836, 10.3093385]}, "properties": {"id": 1272670847, "amenity_type": "supermarket", "amenity": "Robinsons Supermarket"}}, {"type": "Feature", "geometry": {"type": "Point", "coordinates": [123.9128729, 10.3408718]}, "properties": {"id": 1595938801, "amenity_type": "supermarket", "amenity": "Robinsons Supermarket"}}, {"type": "Feature", "geometry": {"type": "Point", "coordinates": [123.9052072, 10.3182032]}, "properties": {"id": 1686604490, "amenity_type": "supermarket", "amenity": "The Marketplace"}}, {"type": "Feature", "geometry": {"type": "Point", "coordinates": [123.93875, 10.3356293]}, "properties": {"id": 1909506238, "amenity_type": "supermarket", "amenity": "Unitop Maguikay"}}, {"type": "Feature", "geometry": {"type": "Point", "coordinates": [123.9521345, 10.311]}, "properties": {"id": 2086017043, "amenity_type": "supermarket", "amenity": "168"}}, {"type": "Feature", "geometry": {"type": "Point", "coordinates": [123.898246, 10.3303692]}, "properties": {"id": 2126256880, "amenity_type": "supermarket", "amenity": "JY Supermarket"}}, {"type": "Feature", "geometry": {"type": "Point", "coordinates": [123.9344114, 10.3359703]}, "properties": {"id": 2134823185, "amenity_type": "supermarket", "amenity": "J Centre Mall"}}, {"type": "Feature", "geometry": {"type": "Point", "coordinates": [123.9490407, 10.3626679]}, "properties": {"id": 2134915601, "amenity_type": "supermarket", "amenity": "Savemore"}}, {"type": "Feature", "geometry": {"type": "Point", "coordinates": [123.9112453, 10.3210795]}, "properties": {"id": 2769574024, "amenity_type": "supermarket", "amenity": "Assi Mart"}}, {"type": "Feature", "geometry": {"type": "Point", "coordinates": [123.8990279, 10.2969301]}, "properties": {"id": 2830634059, "amenity_type": "supermarket", "amenity": "Metro Wholesale Mart"}}, {"type": "Feature", "geometry": {"type": "Point", "coordinates": [123.8953005, 10.3178999]}, "properties": {"id": 2844172101, "amenity_type": "supermarket", "amenity": "Robinsons EasyMart"}}, {"type": "Feature", "geometry": {"type": "Point", "coordinates": [123.9655006, 10.3801729]}, "properties": {"id": 2947255510, "amenity_type": "supermarket", "amenity": "Savemore"}}, {"type": "Feature", "geometry": {"type": "Point", "coordinates": [123.9678502, 10.2902442]}, "properties": {"id": 3105254991, "amenity_type": "supermarket", "amenity": "Gaisano Savers Mart"}}, {"type": "Feature", "geometry": {"type": "Point", "coordinates": [123.9058414, 10.31686]}, "properties": {"id": 3560252374, "amenity_type": "supermarket", "amenity": "Rustan's Supermarket"}}, {"type": "Feature", "geometry": {"type": "Point", "coordinates": [123.9136128, 10.3666441]}, "properties": {"id": 3591257071, "amenity_type": "supermarket", "amenity": "Gaisano Grand Mall Talamban"}}, {"type": "Feature", "geometry": {"type": "Point", "coordinates": [123.9106666, 10.3396607]}, "properties": {"id": 3591340405, "amenity_type": "supermarket", "amenity": "Gaisano"}}, {"type": "Feature", "geometry": {"type": "Point", "coordinates": [123.8430413, 10.266767]}, "properties": {"id": 4043132000, "amenity_type": "supermarket", "amenity": "Robinsons Supermarket"}}, {"type": "Feature", "geometry": {"type": "Point", "coordinates": [123.9484124, 10.3504218]}, "properties": {"id": 4047221705, "amenity_type": "supermarket", "amenity": "SM supermaket"}}, {"type": "Feature", "geometry": {"type": "Point", "coordinates": [123.8406111, 10.2646479]}, "properties": {"id": 4063026765, "amenity_type": "supermarket", "amenity": "Happy Mart"}}, {"type": "Feature", "geometry": {"type": "Point", "coordinates": [123.8591856, 10.2572311]}, "properties": {"id": 4173736304, "amenity_type": "supermarket", "amenity": "Gaisano Capital SRP"}}, {"type": "Feature", "geometry": {"type": "Point", "coordinates": [123.9309033, 10.3454018]}, "properties": {"id": 4347773292, "amenity_type": "supermarket", "amenity": "Gaisano Capital Casuntingan"}}, {"type": "Feature", "geometry": {"type": "Point", "coordinates": [123.8798232, 10.2818791]}, "properties": {"id": 4404045290, "amenity_type": "supermarket", "amenity": "Savemore Seaside City"}}, {"type": "Feature", "geometry": {"type": "Point", "coordinates": [123.9597549, 10.3748425]}, "properties": {"id": 4546578389, "amenity_type": "supermarket", "amenity": "SM Savemore"}}, {"type": "Feature", "geometry": {"type": "Point", "coordinates": [123.9496388, 10.310479]}, "properties": {"id": 4572587311, "amenity_type": "supermarket", "amenity": "PC Mactan"}}, {"type": "Feature", "geometry": {"type": "Point", "coordinates": [123.9173915, 10.3252323]}, "properties": {"id": 4631928089, "amenity_type": "supermarket", "amenity": "Fooda Saversmart"}}, {"type": "Feature", "geometry": {"type": "Point", "coordinates": [123.9483658, 10.3407767]}, "properties": {"id": 4631974292, "amenity_type": "supermarket", "amenity": "Metro Supermarket"}}, {"type": "Feature", "geometry": {"type": "Point", "coordinates": [123.9758383, 10.3267059]}, "properties": {"id": 4648425092, "amenity_type": "supermarket", "amenity": "Robinsons Supermarket"}}, {"type": "Feature", "geometry": {"type": "Point", "coordinates": [123.955997, 10.3131603]}, "properties": {"id": 4665562390, "amenity_type": "supermarket", "amenity": "Metro"}}, {"type": "Feature", "geometry": {"type": "Point", "coordinates": [123.9339704, 10.3358058]}, "properties": {"id": 4741660205, "amenity_type": "supermarket", "amenity": "SM Hypermarket"}}, {"type": "Feature", "geometry": {"type": "Point", "coordinates": [123.8310092, 10.2498471]}, "properties": {"id": 4884650721, "amenity_type": "supermarket", "amenity": "Zabeth's Store"}}, {"type": "Feature", "geometry": {"type": "Point", "coordinates": [123.8787931, 10.3046838]}, "properties": {"id": 4937096900, "amenity_type": "supermarket", "amenity": "Nofrills"}}, {"type": "Feature", "geometry": {"type": "Point", "coordinates": [123.8260041, 10.3637408]}, "properties": {"id": 4970176984, "amenity_type": "supermarket", "amenity": "RA Enterprises"}}, {"type": "Feature", "geometry": {"type": "Point", "coordinates": [123.9183265, 10.3695268]}, "properties": {"id": 5047595224, "amenity_type": "supermarket", "amenity": "Robinsons Supermarket"}}, {"type": "Feature", "geometry": {"type": "Point", "coordinates": [123.853956, 10.2779625]}, "properties": {"id": 5354790522, "amenity_type": "supermarket", "amenity": "Wellcome Supermarket"}}, {"type": "Feature", "geometry": {"type": "Point", "coordinates": [123.9437088, 10.3268685]}, "properties": {"id": 5744866021, "amenity_type": "supermarket", "amenity": "Unnamed grocery"}}, {"type": "Feature", "geometry": {"type": "Point", "coordinates": [123.917776, 10.3263767]}, "properties": {"id": 5905595662, "amenity_type": "supermarket", "amenity": "Robinsons Easymart"}}, {"type": "Feature", "geometry": {"type": "Point", "coordinates": [123.9043637, 10.3076554]}, "properties": {"id": 6186084402, "amenity_type": "supermarket", "amenity": "Lorega San Miguel Public Market"}}, {"type": "Feature", "geometry": {"type": "Point", "coordinates": [123.8925418, 10.3046651]}, "properties": {"id": 6791984023, "amenity_type": "supermarket", "amenity": "Fresh Mart"}}, {"type": "Feature", "geometry": {"type": "Point", "coordinates": [123.8945143, 10.3128875]}, "properties": {"id": 6994221677, "amenity_type": "supermarket", "amenity": "Robinsons Supermarket"}}, {"type": "Feature", "geometry": {"type": "Point", "coordinates": [123.9706706, 10.2866383]}, "properties": {"id": 7103844002, "amenity_type": "supermarket", "amenity": "Gaisano Grand Mall Supermarket"}}, {"type": "Feature", "geometry": {"type": "Point", "coordinates": [123.9632001, 10.3165685]}, "properties": {"id": 7111851104, "amenity_type": "supermarket", "amenity": "Unnamed grocery"}}, {"type": "Feature", "geometry": {"type": "Point", "coordinates": [124.0131151, 10.3077824]}, "properties": {"id": 7140626602, "amenity_type": "supermarket", "amenity": "Robinson's Easy Mart"}}, {"type": "Feature", "geometry": {"type": "Point", "coordinates": [123.8384827, 10.2608259]}, "properties": {"id": 7229485487, "amenity_type": "supermarket", "amenity": "Shopwell"}}, {"type": "Feature", "geometry": {"type": "Point", "coordinates": [123.951346, 10.312406]}, "properties": {"id": 7229485490, "amenity_type": "supermarket", "amenity": "Sosyo Supermart"}}, {"type": "Feature", "geometry": {"type": "Point", "coordinates": [123.9072908, 10.3301785]}, "properties": {"id": 7273839444, "amenity_type": "supermarket", "amenity": "Metro Supermarket"}}, {"type": "Feature", "geometry": {"type": "Point", "coordinates": [123.7973727, 10.2414662]}, "properties": {"id": 7350241986, "amenity_type": "supermarket", "amenity": "Longwin General Merchandise"}}, {"type": "Feature", "geometry": {"type": "Point", "coordinates": [123.8818656, 10.2909345]}, "properties": {"id": 7354112985, "amenity_type": "supermarket", "amenity": "Henyo's pizza stall"}}, {"type": "Feature", "geometry": {"type": "Point", "coordinates": [123.9212708, 10.3837615]}, "properties": {"id": 7375837076, "amenity_type": "supermarket", "amenity": "Bacayan Savers Mart"}}, {"type": "Feature", "geometry": {"type": "Point", "coordinates": [123.8696896, 10.2996821]}, "properties": {"id": 7409770785, "amenity_type": "supermarket", "amenity": "Gaisano Supermarket"}}, {"type": "Feature", "geometry": {"type": "Point", "coordinates": [123.9838998, 10.2962624]}, "properties": {"id": 7788525485, "amenity_type": "supermarket", "amenity": "Savemore"}}, {"type": "Feature", "geometry": {"type": "Point", "coordinates": [123.7944778, 10.2452799]}, "properties": {"id": 8078500118, "amenity_type": "supermarket", "amenity": "Metro Fresh and Easy"}}, {"type": "Feature", "geometry": {"type": "Point", "coordinates": [123.8003302, 10.2476013]}, "properties": {"id": 8082904718, "amenity_type": "supermarket", "amenity": "Robinsons Supermarket"}}, {"type": "Feature", "geometry": {"type": "Point", "coordinates": [123.8132065, 10.256065]}, "properties": {"id": 8082916632, "amenity_type": "supermarket", "amenity": "Noy Tilano Market"}}, {"type": "Feature", "geometry": {"type": "Point", "coordinates": [123.9037965, 10.3173947]}, "properties": {"id": 8103161517, "amenity_type": "supermarket", "amenity": "Metro Gaisano Supermarket"}}, {"type": "Feature", "geometry": {"type": "Point", "coordinates": [123.8438748, 10.2670179]}, "properties": {"id": 8285894417, "amenity_type": "supermarket", "amenity": "Robinsons Supermarket"}}, {"type": "Feature", "geometry": {"type": "Point", "coordinates": [123.8984053, 10.2961116]}, "properties": {"id": 8696673058, "amenity_type": "supermarket", "amenity": "Metro Supermarket"}}, {"type": "Feature", "geometry": {"type": "Point", "coordinates": [123.9647777, 10.2904635]}, "properties": {"id": 9273632211, "amenity_type": "supermarket", "amenity": "Baker's Alley Lapu-Lapu City"}}, {"type": "Feature", "geometry": {"type": "Point", "coordinates": [123.9098104, 10.3203994]}, "properties": {"id": 9455623117, "amenity_type": "supermarket", "amenity": "Landers Superstore Cebu Membership Shopping"}}, {"type": "Feature", "geometry": {"type": "Point", "coordinates": [123.9472615, 10.2905737]}, "properties": {"id": 9547075717, "amenity_type": "supermarket", "amenity": "GM Store"}}, {"type": "Feature", "geometry": {"type": "Point", "coordinates": [123.8176059, 10.2586167]}, "properties": {"id": 10227828717, "amenity_type": "supermarket", "amenity": "Puregold"}}, {"type": "Feature", "geometry": {"type": "Point", "coordinates": [123.8984543, 10.3116757]}, "properties": {"id": 10300105110, "amenity_type": "supermarket", "amenity": "Puregold"}}, {"type": "Feature", "geometry": {"type": "Point", "coordinates": [123.9549396, 10.3727465]}, "properties": {"id": 10300105209, "amenity_type": "supermarket", "amenity": "Puregold"}}, {"type": "Feature", "geometry": {"type": "Point", "coordinates": [123.9506197, 10.3899148]}, "properties": {"id": 10587614161, "amenity_type": "supermarket", "amenity": "Bitoon Store"}}, {"type": "Feature", "geometry": {"type": "Point", "coordinates": [123.8231456, 10.2593295]}, "properties": {"id": 10632535636, "amenity_type": "supermarket", "amenity": "All Day Supermarket"}}, {"type": "Feature", "geometry": {"type": "Point", "coordinates": [123.9905941, 10.2901186]}, "properties": {"id": 10786693513, "amenity_type": "supermarket", "amenity": "Go Mart Express"}}, {"type": "Feature", "geometry": {"type": "Point", "coordinates": [123.9620507, 10.2994795]}, "properties": {"id": 10847817169, "amenity_type": "supermarket", "amenity": "Gaisano Grand Mall Supermarket"}}, {"type": "Feature", "geometry": {"type": "Point", "coordinates": [124.0092216, 10.3064506]}, "properties": {"id": 10933616423, "amenity_type": "supermarket", "amenity": "H Mart Asian Grocery"}}, {"type": "Feature", "geometry": {"type": "Point", "coordinates": [123.9649975, 10.296017]}, "properties": {"id": 11011206870, "amenity_type": "supermarket", "amenity": "merrymart"}}, {"type": "Feature", "geometry": {"type": "Point", "coordinates": [123.9652207, 10.296242]}, "properties": {"id": 11011288101, "amenity_type": "supermarket", "amenity": "merrymart"}}, {"type": "Feature", "geometry": {"type": "Point", "coordinates": [123.9138218, 10.3094467]}, "properties": {"id": 11919178111, "amenity_type": "supermarket", "amenity": "G-Market"}}, {"type": "Feature", "geometry": {"type": "Point", "coordinates": [123.8224022, 10.2550739]}, "properties": {"id": 12385754501, "amenity_type": "supermarket", "amenity": "Colonnade Supermarket"}}, {"type": "Feature", "geometry": {"type": "Point", "coordinates": [123.9760301, 10.325839]}, "properties": {"id": 12470916101, "amenity_type": "supermarket", "amenity": "Robinsons Supermarket"}}, {"type": "Feature", "geometry": {"type": "Point", "coordinates": [123.9096658, 10.3456164]}, "properties": {"id": 12548924926, "amenity_type": "supermarket", "amenity": "Market Square"}}, {"type": "Feature", "geometry": {"type": "Point", "coordinates": [123.9058746, 10.3237879]}, "properties": {"id": 12825447186, "amenity_type": "supermarket", "amenity": "KingSavers Mart"}}, {"type": "Feature", "geometry": {"type": "Point", "coordinates": [123.9189084, 10.3425133]}, "properties": {"id": 13206157396, "amenity_type": "supermarket", "amenity": "The MarketPlace"}}, {"type": "Feature", "geometry": {"type": "Point", "coordinates": [123.8947931, 10.3124887]}, "properties": {"id": 13334781901, "amenity_type": "supermarket", "amenity": "Robinsons Supermarket"}}, {"type": "Feature", "geometry": {"type": "Point", "coordinates": [123.9189875, 10.3414875]}, "properties": {"id": 13542482027, "amenity_type": "supermarket", "amenity": "CDO Foodstore"}}, {"type": "Feature", "geometry": {"type": "Point", "coordinates": [123.9327919, 10.3355578]}, "properties": {"id": 13545205001, "amenity_type": "supermarket", "amenity": "K Mart 24 - Korean Grocery"}}, {"type": "Feature", "geometry": {"type": "Point", "coordinates": [124.0095878, 10.3078823]}, "properties": {"id": 13573099001, "amenity_type": "supermarket", "amenity": "Metro Supermarket"}}, {"type": "Feature", "geometry": {"type": "Point", "coordinates": [123.9145736, 10.3434665]}, "properties": {"id": 13619404172, "amenity_type": "supermarket", "amenity": "Meet at Fresh HMART"}}, {"type": "Feature", "geometry": {"type": "Point", "coordinates": [123.9245746, 10.3147966]}, "properties": {"id": 85131922, "amenity_type": "supermarket", "amenity": "SM HyperMarket"}}, {"type": "Feature", "geometry": {"type": "Point", "coordinates": [123.9775085, 10.3258124]}, "properties": {"id": 134726470, "amenity_type": "supermarket", "amenity": "Savemore Mactan"}}, {"type": "Feature", "geometry": {"type": "Point", "coordinates": [123.8695302, 10.2950264]}, "properties": {"id": 155941636, "amenity_type": "supermarket", "amenity": "Tita Gwapa Supertinda"}}, {"type": "Feature", "geometry": {"type": "Point", "coordinates": [123.8840282, 10.3236258]}, "properties": {"id": 179733892, "amenity_type": "supermarket", "amenity": "Fooda Saversmart"}}, {"type": "Feature", "geometry": {"type": "Point", "coordinates": [123.8984603, 10.3116804]}, "properties": {"id": 230293127, "amenity_type": "supermarket", "amenity": "Puregold"}}, {"type": "Feature", "geometry": {"type": "Point", "coordinates": [123.9137511, 10.3061597]}, "properties": {"id": 231880062, "amenity_type": "supermarket", "amenity": "Prince WareHouse Club"}}, {"type": "Feature", "geometry": {"type": "Point", "coordinates": [123.9001494, 10.2969024]}, "properties": {"id": 231977418, "amenity_type": "supermarket", "amenity": "Colonnade Supermarket"}}, {"type": "Feature", "geometry": {"type": "Point", "coordinates": [123.9024601, 10.2921128]}, "properties": {"id": 242565003, "amenity_type": "supermarket", "amenity": "La Nueva Supermarket"}}, {"type": "Feature", "geometry": {"type": "Point", "coordinates": [123.9036109, 10.2928319]}, "properties": {"id": 249316211, "amenity_type": "supermarket", "amenity": "Lucky 7 Supermart"}}, {"type": "Feature", "geometry": {"type": "Point", "coordinates": [123.8702336, 10.2903718]}, "properties": {"id": 286883955, "amenity_type": "supermarket", "amenity": "Super Metro"}}, {"type": "Feature", "geometry": {"type": "Point", "coordinates": [123.9628598, 10.3019171]}, "properties": {"id": 299410005, "amenity_type": "supermarket", "amenity": "Robinsons Supermarket"}}, {"type": "Feature", "geometry": {"type": "Point", "coordinates": [123.9522545, 10.3105383]}, "properties": {"id": 312176906, "amenity_type": "supermarket", "amenity": "La Nueva"}}, {"type": "Feature", "geometry": {"type": "Point", "coordinates": [123.795081, 10.2448166]}, "properties": {"id": 363758988, "amenity_type": "supermarket", "amenity": "La Nueva Supermart"}}, {"type": "Feature", "geometry": {"type": "Point", "coordinates": [123.9468591, 10.3317077]}, "properties": {"id": 459313361, "amenity_type": "supermarket", "amenity": "Prince Warehouse Club"}}, {"type": "Feature", "geometry": {"type": "Point", "coordinates": [123.9408504, 10.326718]}, "properties": {"id": 459313368, "amenity_type": "supermarket", "amenity": "Colonnade Supermarket Mandaue"}}, {"type": "Feature", "geometry": {"type": "Point", "coordinates": [123.8574724, 10.2763729]}, "properties": {"id": 527926392, "amenity_type": "supermarket", "amenity": "Gaisano Saversmart Inayawan"}}, {"type": "Feature", "geometry": {"type": "Point", "coordinates": [123.8745524, 10.3096851]}, "properties": {"id": 539902014, "amenity_type": "supermarket", "amenity": "Metro Supermarket"}}, {"type": "Feature", "geometry": {"type": "Point", "coordinates": [123.9244401, 10.3399395]}, "properties": {"id": 582151846, "amenity_type": "supermarket", "amenity": "Metro Supermarket"}}, {"type": "Feature", "geometry": {"type": "Point", "coordinates": [123.9036304, 10.2932351]}, "properties": {"id": 600478138, "amenity_type": "supermarket", "amenity": "Lucky 7 Supermarket"}}, {"type": "Feature", "geometry": {"type": "Point", "coordinates": [123.9033902, 10.3020542]}, "properties": {"id": 614517540, "amenity_type": "supermarket", "amenity": "Gaisano Savemart"}}, {"type": "Feature", "geometry": {"type": "Point", "coordinates": [123.9095798, 10.3207168]}, "properties": {"id": 615950129, "amenity_type": "supermarket", "amenity": "Landers Superstore Cebu"}}, {"type": "Feature", "geometry": {"type": "Point", "coordinates": [123.8710523, 10.2890821]}, "properties": {"id": 624768675, "amenity_type": "supermarket", "amenity": "Shopwise"}}, {"type": "Feature", "geometry": {"type": "Point", "coordinates": [123.9341967, 10.3664303]}, "properties": {"id": 626778762, "amenity_type": "supermarket", "amenity": "San Rose Market"}}, {"type": "Feature", "geometry": {"type": "Point", "coordinates": [123.9678885, 10.290149]}, "properties": {"id": 665214352, "amenity_type": "supermarket", "amenity": "Gaisano Savers Mart"}}, {"type": "Feature", "geometry": {"type": "Point", "coordinates": [123.9633509, 10.3004992]}, "properties": {"id": 746561572, "amenity_type": "supermarket", "amenity": "SM Hypermart"}}, {"type": "Feature", "geometry": {"type": "Point", "coordinates": [123.9657061, 10.2845687]}, "properties": {"id": 888546468, "amenity_type": "supermarket", "amenity": "Shopwise Express"}}, {"type": "Feature", "geometry": {"type": "Point", "coordinates": [123.938929, 10.3352946]}, "properties": {"id": 891261296, "amenity_type": "supermarket", "amenity": "Savemore Market"}}, {"type": "Feature", "geometry": {"type": "Point", "coordinates": [123.9408445, 10.3267254]}, "properties": {"id": 933315848, "amenity_type": "supermarket", "amenity": "Colonade Supermarket"}}, {"type": "Feature", "geometry": {"type": "Point", "coordinates": [123.9552357, 10.3131955]}, "properties": {"id": 1174906481, "amenity_type": "supermarket", "amenity": "Super Metro"}}, {"type": "Feature", "geometry": {"type": "Point", "coordinates": [123.9318882, 10.3680021]}, "properties": {"id": 1174906482, "amenity_type": "supermarket", "amenity": "Metro Supermarket Canduman"}}, {"type": "Feature", "geometry": {"type": "Point", "coordinates": [123.8763689, 10.3112533]}, "properties": {"id": 1267684300, "amenity_type": "supermarket", "amenity": "The Marketplace"}}, {"type": "Feature", "geometry": {"type": "Point", "coordinates": [123.7992607, 10.2415171]}, "properties": {"id": 1426041571, "amenity_type": "supermarket", "amenity": "O!Save Supermarket Philippines"}}, {"type": "Feature", "geometry": {"type": "Point", "coordinates": [123.9339478, 10.3167191]}, "properties": {"id": 413986522, "amenity_type": "mall", "amenity": "Boardwalk Plaza"}}, {"type": "Feature", "geometry": {"type": "Point", "coordinates": [123.9507157, 10.3357868]}, "properties": {"id": 679207388, "amenity_type": "mall", "amenity": "BR Town Square"}}, {"type": "Feature", "geometry": {"type": "Point", "coordinates": [123.8986009, 10.3302827]}, "properties": {"id": 1508435161, "amenity_type": "mall", "amenity": "Jy Square Centre"}}, {"type": "Feature", "geometry": {"type": "Point", "coordinates": [123.8994678, 10.2972477]}, "properties": {"id": 8936233717, "amenity_type": "mall", "amenity": "Iconique Mall"}}, {"type": "Feature", "geometry": {"type": "Point", "coordinates": [123.8944209, 10.2980301]}, "properties": {"id": 9716924881, "amenity_type": "mall", "amenity": "CityMall Bacalso"}}, {"type": "Feature", "geometry": {"type": "Point", "coordinates": [123.8778053, 10.2664299]}, "properties": {"id": 11468705743, "amenity_type": "mall", "amenity": "Il Corso"}}, {"type": "Feature", "geometry": {"type": "Point", "coordinates": [123.9479434, 10.3295885]}, "properties": {"id": 12303142198, "amenity_type": "mall", "amenity": "Springwood District"}}, {"type": "Feature", "geometry": {"type": "Point", "coordinates": [123.9181416, 10.3116298]}, "properties": {"id": 29261597, "amenity_type": "mall", "amenity": "SM City Cebu"}}, {"type": "Feature", "geometry": {"type": "Point", "coordinates": [123.9051572, 10.3180958]}, "properties": {"id": 29261598, "amenity_type": "mall", "amenity": "Ayala Center Cebu"}}, {"type": "Feature", "geometry": {"type": "Point", "coordinates": [123.9702288, 10.2864546]}, "properties": {"id": 47026589, "amenity_type": "mall", "amenity": "Gaisano Grand Mall Mactan"}}, {"type": "Feature", "geometry": {"type": "Point", "coordinates": [123.9483273, 10.3404955]}, "properties": {"id": 72373053, "amenity_type": "mall", "amenity": "Pacific Mall Mandaue"}}, {"type": "Feature", "geometry": {"type": "Point", "coordinates": [123.9171549, 10.3136321]}, "properties": {"id": 84086337, "amenity_type": "mall", "amenity": "APM Mall"}}, {"type": "Feature", "geometry": {"type": "Point", "coordinates": [123.9105445, 10.3396423]}, "properties": {"id": 93839848, "amenity_type": "mall", "amenity": "Gaisano Country Mall"}}, {"type": "Feature", "geometry": {"type": "Point", "coordinates": [123.9339112, 10.3248873]}, "properties": {"id": 97924558, "amenity_type": "mall", "amenity": "Parkmall"}}, {"type": "Feature", "geometry": {"type": "Point", "coordinates": [123.8940659, 10.3093144]}, "properties": {"id": 129602061, "amenity_type": "mall", "amenity": "Robinsons Fuente"}}, {"type": "Feature", "geometry": {"type": "Point", "coordinates": [123.8919399, 10.3104349]}, "properties": {"id": 129602063, "amenity_type": "mall", "amenity": "Robinsons Cybergate Cebu"}}, {"type": "Feature", "geometry": {"type": "Point", "coordinates": [123.8423289, 10.2654121]}, "properties": {"id": 131051173, "amenity_type": "mall", "amenity": "Gaisano Grand Fiesta Mall"}}, {"type": "Feature", "geometry": {"type": "Point", "coordinates": [123.9125801, 10.3409129]}, "properties": {"id": 132902333, "amenity_type": "mall", "amenity": "Banilad Town Center"}}, {"type": "Feature", "geometry": {"type": "Point", "coordinates": [123.9549543, 10.3729385]}, "properties": {"id": 146342874, "amenity_type": "mall", "amenity": "Fooda"}}, {"type": "Feature", "geometry": {"type": "Point", "coordinates": [123.8959591, 10.3100682]}, "properties": {"id": 155744081, "amenity_type": "mall", "amenity": "Two Mango"}}, {"type": "Feature", "geometry": {"type": "Point", "coordinates": [123.8964482, 10.3102012]}, "properties": {"id": 155744082, "amenity_type": "mall", "amenity": "One Mango"}}, {"type": "Feature", "geometry": {"type": "Point", "coordinates": [123.9058194, 10.3284146]}, "properties": {"id": 155748229, "amenity_type": "mall", "amenity": "The Walk"}}, {"type": "Feature", "geometry": {"type": "Point", "coordinates": [123.8693354, 10.2995971]}, "properties": {"id": 155930841, "amenity_type": "mall", "amenity": "Gaisano Capital Tisa"}}, {"type": "Feature", "geometry": {"type": "Point", "coordinates": [123.9074101, 10.3307099]}, "properties": {"id": 156416254, "amenity_type": "mall", "amenity": "Ayala Malls Central Bloc"}}, {"type": "Feature", "geometry": {"type": "Point", "coordinates": [123.9343911, 10.3357854]}, "properties": {"id": 181595819, "amenity_type": "mall", "amenity": "SM City JMall"}}, {"type": "Feature", "geometry": {"type": "Point", "coordinates": [123.9488529, 10.3625507]}, "properties": {"id": 189316203, "amenity_type": "mall", "amenity": "Save More Canduman"}}, {"type": "Feature", "geometry": {"type": "Point", "coordinates": [123.8953402, 10.3095603]}, "properties": {"id": 202730464, "amenity_type": "mall", "amenity": "Raintree Mall"}}, {"type": "Feature", "geometry": {"type": "Point", "coordinates": [123.8845037, 10.3150859]}, "properties": {"id": 207704676, "amenity_type": "mall", "amenity": "One Pavillion Mall"}}, {"type": "Feature", "geometry": {"type": "Point", "coordinates": [123.9135162, 10.3663253]}, "properties": {"id": 209950119, "amenity_type": "mall", "amenity": "Gaisano Grand Mall Talamban"}}, {"type": "Feature", "geometry": {"type": "Point", "coordinates": [123.9135276, 10.3091986]}, "properties": {"id": 231880189, "amenity_type": "mall", "amenity": "GMall of Cebu"}}, {"type": "Feature", "geometry": {"type": "Point", "coordinates": [123.9179295, 10.3141755]}, "properties": {"id": 265536981, "amenity_type": "mall", "amenity": "APM Mall"}}, {"type": "Feature", "geometry": {"type": "Point", "coordinates": [123.8898399, 10.3086987]}, "properties": {"id": 283299163, "amenity_type": "mall", "amenity": "City Soho Mall"}}, {"type": "Feature", "geometry": {"type": "Point", "coordinates": [123.9096052, 10.3281592]}, "properties": {"id": 286775838, "amenity_type": "mall", "amenity": "Unnamed grocery"}}, {"type": "Feature", "geometry": {"type": "Point", "coordinates": [123.933013, 10.3265595]}, "properties": {"id": 290891194, "amenity_type": "mall", "amenity": "City Time Square"}}, {"type": "Feature", "geometry": {"type": "Point", "coordinates": [123.9359192, 10.3320173]}, "properties": {"id": 290891578, "amenity_type": "mall", "amenity": "North Atrium"}}, {"type": "Feature", "geometry": {"type": "Point", "coordinates": [123.963137, 10.3168003]}, "properties": {"id": 299455146, "amenity_type": "mall", "amenity": "Gaisano Island Mall Mactan"}}, {"type": "Feature", "geometry": {"type": "Point", "coordinates": [123.9594912, 10.3745417]}, "properties": {"id": 350541643, "amenity_type": "mall", "amenity": "City Mall Consolacion"}}, {"type": "Feature", "geometry": {"type": "Point", "coordinates": [123.7958333, 10.2446479]}, "properties": {"id": 363759076, "amenity_type": "mall", "amenity": "Novo Minglanilla"}}, {"type": "Feature", "geometry": {"type": "Point", "coordinates": [123.792917, 10.244078]}, "properties": {"id": 363832814, "amenity_type": "mall", "amenity": "Gaisano Grand Mall Minglanilla"}}, {"type": "Feature", "geometry": {"type": "Point", "coordinates": [123.9109927, 10.304175]}, "properties": {"id": 375611654, "amenity_type": "mall", "amenity": "Robinsons Galleria Cebu"}}, {"type": "Feature", "geometry": {"type": "Point", "coordinates": [123.8177, 10.258532]}, "properties": {"id": 421272562, "amenity_type": "mall", "amenity": "South Coast Centre"}}, {"type": "Feature", "geometry": {"type": "Point", "coordinates": [123.8234163, 10.2591033]}, "properties": {"id": 421272894, "amenity_type": "mall", "amenity": "Starmall Talisay"}}, {"type": "Feature", "geometry": {"type": "Point", "coordinates": [123.8924749, 10.3128627]}, "properties": {"id": 426086151, "amenity_type": "mall", "amenity": "Coco Mall"}}, {"type": "Feature", "geometry": {"type": "Point", "coordinates": [123.9483964, 10.3501896]}, "properties": {"id": 430918361, "amenity_type": "mall", "amenity": "Insular Square Mall"}}, {"type": "Feature", "geometry": {"type": "Point", "coordinates": [123.9423885, 10.3286798]}, "properties": {"id": 459313377, "amenity_type": "mall", "amenity": "Gaisano Grand Mall Mandaue"}}, {"type": "Feature", "geometry": {"type": "Point", "coordinates": [123.9185159, 10.3117408]}, "properties": {"id": 539905149, "amenity_type": "mall", "amenity": "SM City Cebu"}}, {"type": "Feature", "geometry": {"type": "Point", "coordinates": [123.879912, 10.2918952]}, "properties": {"id": 611225002, "amenity_type": "mall", "amenity": "Gaisano Grand Jai-alai"}}, {"type": "Feature", "geometry": {"type": "Point", "coordinates": [123.918471, 10.3693689]}, "properties": {"id": 628222573, "amenity_type": "mall", "amenity": "Times Square Talamban"}}, {"type": "Feature", "geometry": {"type": "Point", "coordinates": [123.993275, 10.2831742]}, "properties": {"id": 638937631, "amenity_type": "mall", "amenity": "Shangs Island Town Center"}}, {"type": "Feature", "geometry": {"type": "Point", "coordinates": [123.9343975, 10.3357267]}, "properties": {"id": 821829490, "amenity_type": "mall", "amenity": "SM City JMall"}}, {"type": "Feature", "geometry": {"type": "Point", "coordinates": [123.8593671, 10.2573991]}, "properties": {"id": 854392349, "amenity_type": "mall", "amenity": "Gaisano Capital SRP"}}, {"type": "Feature", "geometry": {"type": "Point", "coordinates": [123.9643282, 10.3806352]}, "properties": {"id": 915773039, "amenity_type": "mall", "amenity": "SM City Consolacion"}}, {"type": "Feature", "geometry": {"type": "Point", "coordinates": [123.8777819, 10.2663944]}, "properties": {"id": 1083135350, "amenity_type": "mall", "amenity": "Unnamed grocery"}}, {"type": "Feature", "geometry": {"type": "Point", "coordinates": [123.9838864, 10.2962248]}, "properties": {"id": 1154403918, "amenity_type": "mall", "amenity": "Primark Town Center Mactan"}}, {"type": "Feature", "geometry": {"type": "Point", "coordinates": [124.0094712, 10.3072984]}, "properties": {"id": 1155046471, "amenity_type": "mall", "amenity": "LG Garden Walk"}}, {"type": "Feature", "geometry": {"type": "Point", "coordinates": [123.97855, 10.299745]}, "properties": {"id": 1166003553, "amenity_type": "mall", "amenity": "Unnamed grocery"}}, {"type": "Feature", "geometry": {"type": "Point", "coordinates": [123.9620542, 10.2996898]}, "properties": {"id": 1166259040, "amenity_type": "mall", "amenity": "Gaisano Grand Plaza Mactan"}}, {"type": "Feature", "geometry": {"type": "Point", "coordinates": [123.9759124, 10.3264529]}, "properties": {"id": 1230770153, "amenity_type": "mall", "amenity": "Island Central"}}, {"type": "Feature", "geometry": {"type": "Point", "coordinates": [123.964073, 10.2986326]}, "properties": {"id": 1240005479, "amenity_type": "mall", "amenity": "City Time Square - Mactan"}}, {"type": "Feature", "geometry": {"type": "Point", "coordinates": [123.9337478, 10.321973]}, "properties": {"id": 1249721640, "amenity_type": "mall", "amenity": "NorthDrive Mall"}}, {"type": "Feature", "geometry": {"type": "Point", "coordinates": [123.8945906, 10.3114524]}, "properties": {"id": 1290386970, "amenity_type": "mall", "amenity": "Unnamed grocery"}}, {"type": "Feature", "geometry": {"type": "Point", "coordinates": [123.9057061, 10.3188185]}, "properties": {"id": 1290802930, "amenity_type": "mall", "amenity": "Unnamed grocery"}}, {"type": "Feature", "geometry": {"type": "Point", "coordinates": [123.9068208, 10.3305718]}, "properties": {"id": 1293810435, "amenity_type": "mall", "amenity": "Central Bloc"}}, {"type": "Feature", "geometry": {"type": "Point", "coordinates": [123.8995604, 10.2966397]}, "properties": {"id": 1343412858, "amenity_type": "mall", "amenity": "Colonnade Mall"}}, {"type": "Feature", "geometry": {"type": "Point", "coordinates": [123.899783, 10.2968511]}, "properties": {"id": 1343412861, "amenity_type": "mall", "amenity": "Colonnade Mall"}}, {"type": "Feature", "geometry": {"type": "Point", "coordinates": [123.8999598, 10.2965626]}, "properties": {"id": 1343412862, "amenity_type": "mall", "amenity": "Unnamed grocery"}}, {"type": "Feature", "geometry": {"type": "Point", "coordinates": [123.8994385, 10.2972725]}, "properties": {"id": 1343418431, "amenity_type": "mall", "amenity": "Iconique Mall"}}, {"type": "Feature", "geometry": {"type": "Point", "coordinates": [123.8780719, 10.2661377]}, "properties": {"id": 1359032952, "amenity_type": "mall", "amenity": "Unnamed grocery"}}, {"type": "Feature", "geometry": {"type": "Point", "coordinates": [123.9521157, 10.3117516]}, "properties": {"id": 1378822097, "amenity_type": "mall", "amenity": "Longwin"}}, {"type": "Feature", "geometry": {"type": "Point", "coordinates": [123.8812404, 10.2818369]}, "properties": {"id": 7722019, "amenity_type": "mall", "amenity": "SM Seaside City Cebu"}}, {"type": "Feature", "geometry": {"type": "Point", "coordinates": [123.8956171, 10.2974495]}, "properties": {"id": 12664888, "amenity_type": "mall", "amenity": "One Central Mall"}}, {"type": "Feature", "geometry": {"type": "Point", "coordinates": [123.7955612, 10.2446491]}, "properties": {"id": 18750208, "amenity_type": "mall", "amenity": "Mark Mall"}}, {"type": "Feature", "geometry": {"type": "Point", "coordinates": [123.9187176, 10.3121016]}, "properties": {"id": 19954038, "amenity_type": "mall", "amenity": "The Northwing at SM City Cebu"}}, {"type": "Feature", "geometry": {"type": "Point", "coordinates": [123.9110704, 10.3209183]}, "properties": {"id": 355114603, "amenity_type": "convenience", "amenity": "24 Convenience Store"}}, {"type": "Feature", "geometry": {"type": "Point", "coordinates": [123.810343, 10.263616]}, "properties": {"id": 1558806944, "amenity_type": "convenience", "amenity": "Unnamed grocery"}}, {"type": "Feature", "geometry": {"type": "Point", "coordinates": [123.8936809, 10.2988852]}, "properties": {"id": 1674652490, "amenity_type": "convenience", "amenity": "7-Eleven"}}, {"type": "Feature", "geometry": {"type": "Point", "coordinates": [123.9076817, 10.3253426]}, "properties": {"id": 1693110140, "amenity_type": "convenience", "amenity": "C24"}}, {"type": "Feature", "geometry": {"type": "Point", "coordinates": [123.9517968, 10.370845]}, "properties": {"id": 1933215556, "amenity_type": "convenience", "amenity": "Dimas Sari Sari"}}, {"type": "Feature", "geometry": {"type": "Point", "coordinates": [123.9521205, 10.3707418]}, "properties": {"id": 1933218058, "amenity_type": "convenience", "amenity": "Yum Yum Sari Sari"}}, {"type": "Feature", "geometry": {"type": "Point", "coordinates": [123.9024954, 10.3178224]}, "properties": {"id": 2126241901, "amenity_type": "convenience", "amenity": "7-Eleven"}}, {"type": "Feature", "geometry": {"type": "Point", "coordinates": [123.9020035, 10.3290791]}, "properties": {"id": 2126255762, "amenity_type": "convenience", "amenity": "H-Mart"}}, {"type": "Feature", "geometry": {"type": "Point", "coordinates": [123.8985515, 10.3300607]}, "properties": {"id": 2126288520, "amenity_type": "convenience", "amenity": "7-Eleven"}}, {"type": "Feature", "geometry": {"type": "Point", "coordinates": [123.9072781, 10.3287306]}, "properties": {"id": 2126293982, "amenity_type": "convenience", "amenity": "7-Eleven"}}, {"type": "Feature", "geometry": {"type": "Point", "coordinates": [123.9124067, 10.3430731]}, "properties": {"id": 2126300695, "amenity_type": "convenience", "amenity": "7-Eleven"}}, {"type": "Feature", "geometry": {"type": "Point", "coordinates": [123.9341869, 10.3352145]}, "properties": {"id": 2257824570, "amenity_type": "convenience", "amenity": "7-Eleven"}}, {"type": "Feature", "geometry": {"type": "Point", "coordinates": [123.9337631, 10.3209599]}, "properties": {"id": 2257964608, "amenity_type": "convenience", "amenity": "7-Eleven"}}, {"type": "Feature", "geometry": {"type": "Point", "coordinates": [123.8998476, 10.3186737]}, "properties": {"id": 2454823509, "amenity_type": "convenience", "amenity": "Marty Mart"}}, {"type": "Feature", "geometry": {"type": "Point", "coordinates": [123.8189665, 10.3178214]}, "properties": {"id": 2609207518, "amenity_type": "convenience", "amenity": "Unnamed grocery"}}, {"type": "Feature", "geometry": {"type": "Point", "coordinates": [123.916686, 10.3486117]}, "properties": {"id": 2669659632, "amenity_type": "convenience", "amenity": "Unnamed grocery"}}, {"type": "Feature", "geometry": {"type": "Point", "coordinates": [123.9121725, 10.3438003]}, "properties": {"id": 2772298662, "amenity_type": "convenience", "amenity": "Koreana Grocery"}}, {"type": "Feature", "geometry": {"type": "Point", "coordinates": [123.8939283, 10.3174677]}, "properties": {"id": 2814741790, "amenity_type": "convenience", "amenity": "7-Eleven"}}, {"type": "Feature", "geometry": {"type": "Point", "coordinates": [123.8989265, 10.2967952]}, "properties": {"id": 2830634062, "amenity_type": "convenience", "amenity": "7-Eleven"}}, {"type": "Feature", "geometry": {"type": "Point", "coordinates": [123.8957255, 10.317547]}, "properties": {"id": 2843686573, "amenity_type": "convenience", "amenity": "Uncle John's Escario"}}, {"type": "Feature", "geometry": {"type": "Point", "coordinates": [123.8951388, 10.3104871]}, "properties": {"id": 2857981812, "amenity_type": "convenience", "amenity": "7-Eleven"}}, {"type": "Feature", "geometry": {"type": "Point", "coordinates": [123.9026526, 10.3135348]}, "properties": {"id": 2860419707, "amenity_type": "convenience", "amenity": "Florence Convenience Store"}}, {"type": "Feature", "geometry": {"type": "Point", "coordinates": [123.9009377, 10.3113504]}, "properties": {"id": 2885402396, "amenity_type": "convenience", "amenity": "Helpa Store"}}, {"type": "Feature", "geometry": {"type": "Point", "coordinates": [123.9021294, 10.3172685]}, "properties": {"id": 2887286012, "amenity_type": "convenience", "amenity": "2Five8"}}, {"type": "Feature", "geometry": {"type": "Point", "coordinates": [123.9065009, 10.3323392]}, "properties": {"id": 2943143986, "amenity_type": "convenience", "amenity": "7-Eleven"}}, {"type": "Feature", "geometry": {"type": "Point", "coordinates": [123.9672427, 10.2908454]}, "properties": {"id": 3105254992, "amenity_type": "convenience", "amenity": "7-Eleven"}}, {"type": "Feature", "geometry": {"type": "Point", "coordinates": [123.8926422, 10.313528]}, "properties": {"id": 3140263634, "amenity_type": "convenience", "amenity": "7-Eleven"}}, {"type": "Feature", "geometry": {"type": "Point", "coordinates": [123.8921001, 10.3151244]}, "properties": {"id": 3180207257, "amenity_type": "convenience", "amenity": "Your Convenience Store"}}, {"type": "Feature", "geometry": {"type": "Point", "coordinates": [123.8748734, 10.3701414]}, "properties": {"id": 3182186029, "amenity_type": "convenience", "amenity": "Del Mar's Store"}}, {"type": "Feature", "geometry": {"type": "Point", "coordinates": [123.8755278, 10.3710991]}, "properties": {"id": 3182190142, "amenity_type": "convenience", "amenity": "KGL Store"}}, {"type": "Feature", "geometry": {"type": "Point", "coordinates": [123.8750397, 10.3716664]}, "properties": {"id": 3182191066, "amenity_type": "convenience", "amenity": "Virge Store"}}, {"type": "Feature", "geometry": {"type": "Point", "coordinates": [123.9149609, 10.3141116]}, "properties": {"id": 3205689565, "amenity_type": "convenience", "amenity": "Gaisano Mart"}}, {"type": "Feature", "geometry": {"type": "Point", "coordinates": [123.9055939, 10.328644]}, "properties": {"id": 3211910121, "amenity_type": "convenience", "amenity": "7-Eleven"}}, {"type": "Feature", "geometry": {"type": "Point", "coordinates": [123.9069729, 10.3185102]}, "properties": {"id": 3213589061, "amenity_type": "convenience", "amenity": "7-Eleven"}}, {"type": "Feature", "geometry": {"type": "Point", "coordinates": [123.885163, 10.31729]}, "properties": {"id": 3215235761, "amenity_type": "convenience", "amenity": "7-Eleven"}}, {"type": "Feature", "geometry": {"type": "Point", "coordinates": [123.9033766, 10.3286937]}, "properties": {"id": 3217463561, "amenity_type": "convenience", "amenity": "7-Eleven"}}, {"type": "Feature", "geometry": {"type": "Point", "coordinates": [123.8910497, 10.3089494]}, "properties": {"id": 3217487661, "amenity_type": "convenience", "amenity": "7-Eleven"}}, {"type": "Feature", "geometry": {"type": "Point", "coordinates": [123.8809055, 10.3294795]}, "properties": {"id": 3219798561, "amenity_type": "convenience", "amenity": "7-Eleven"}}, {"type": "Feature", "geometry": {"type": "Point", "coordinates": [123.8822897, 10.3263308]}, "properties": {"id": 3219801002, "amenity_type": "convenience", "amenity": "Uncle John's"}}, {"type": "Feature", "geometry": {"type": "Point", "coordinates": [123.8901936, 10.3158039]}, "properties": {"id": 3222022561, "amenity_type": "convenience", "amenity": "7-Eleven"}}, {"type": "Feature", "geometry": {"type": "Point", "coordinates": [123.8949769, 10.3052017]}, "properties": {"id": 3388689727, "amenity_type": "convenience", "amenity": "7-Eleven"}}, {"type": "Feature", "geometry": {"type": "Point", "coordinates": [123.8969752, 10.3067262]}, "properties": {"id": 3388689728, "amenity_type": "convenience", "amenity": "7-Eleven"}}, {"type": "Feature", "geometry": {"type": "Point", "coordinates": [123.8956326, 10.3076609]}, "properties": {"id": 3389180036, "amenity_type": "convenience", "amenity": "Zalos"}}, {"type": "Feature", "geometry": {"type": "Point", "coordinates": [123.9325352, 10.3298096]}, "properties": {"id": 3528541442, "amenity_type": "convenience", "amenity": "7-Eleven"}}, {"type": "Feature", "geometry": {"type": "Point", "coordinates": [123.9155791, 10.3603602]}, "properties": {"id": 3528542484, "amenity_type": "convenience", "amenity": "7-Eleven"}}, {"type": "Feature", "geometry": {"type": "Point", "coordinates": [123.9132404, 10.3495203]}, "properties": {"id": 3545969050, "amenity_type": "convenience", "amenity": "Uncle John's"}}, {"type": "Feature", "geometry": {"type": "Point", "coordinates": [123.9406132, 10.334557]}, "properties": {"id": 3545969795, "amenity_type": "convenience", "amenity": "7-Eleven"}}, {"type": "Feature", "geometry": {"type": "Point", "coordinates": [123.9267632, 10.325329]}, "properties": {"id": 3545972064, "amenity_type": "convenience", "amenity": "7-Eleven"}}, {"type": "Feature", "geometry": {"type": "Point", "coordinates": [123.9670625, 10.3203644]}, "properties": {"id": 3545976931, "amenity_type": "convenience", "amenity": "7-Eleven"}}, {"type": "Feature", "geometry": {"type": "Point", "coordinates": [123.9054698, 10.31428]}, "properties": {"id": 3553476661, "amenity_type": "convenience", "amenity": "7-Eleven"}}, {"type": "Feature", "geometry": {"type": "Point", "coordinates": [123.8939769, 10.3082975]}, "properties": {"id": 3563070993, "amenity_type": "convenience", "amenity": "7-Eleven"}}, {"type": "Feature", "geometry": {"type": "Point", "coordinates": [123.897828, 10.2945896]}, "properties": {"id": 3564257978, "amenity_type": "convenience", "amenity": "7-Eleven"}}, {"type": "Feature", "geometry": {"type": "Point", "coordinates": [123.9112111, 10.3122955]}, "properties": {"id": 3570621118, "amenity_type": "convenience", "amenity": "7-Eleven"}}, {"type": "Feature", "geometry": {"type": "Point", "coordinates": [123.913563, 10.3254724]}, "properties": {"id": 3575751664, "amenity_type": "convenience", "amenity": "Merry Mart"}}, {"type": "Feature", "geometry": {"type": "Point", "coordinates": [123.9197692, 10.3253147]}, "properties": {"id": 3604610251, "amenity_type": "convenience", "amenity": "7-Eleven"}}, {"type": "Feature", "geometry": {"type": "Point", "coordinates": [123.8925735, 10.3109462]}, "properties": {"id": 3661404463, "amenity_type": "convenience", "amenity": "7-Eleven"}}, {"type": "Feature", "geometry": {"type": "Point", "coordinates": [123.9070946, 10.333326]}, "properties": {"id": 3733992796, "amenity_type": "convenience", "amenity": "7-Eleven"}}, {"type": "Feature", "geometry": {"type": "Point", "coordinates": [123.9037275, 10.3197351]}, "properties": {"id": 3777096269, "amenity_type": "convenience", "amenity": "7-Eleven"}}, {"type": "Feature", "geometry": {"type": "Point", "coordinates": [123.907299, 10.3283256]}, "properties": {"id": 3784851448, "amenity_type": "convenience", "amenity": "Quik Stop"}}, {"type": "Feature", "geometry": {"type": "Point", "coordinates": [123.9212327, 10.3117172]}, "properties": {"id": 3789667620, "amenity_type": "convenience", "amenity": "7-Eleven"}}, {"type": "Feature", "geometry": {"type": "Point", "coordinates": [123.9587452, 10.3764165]}, "properties": {"id": 3789691519, "amenity_type": "convenience", "amenity": "7-Eleven"}}, {"type": "Feature", "geometry": {"type": "Point", "coordinates": [123.9628987, 10.3013475]}, "properties": {"id": 3796461574, "amenity_type": "convenience", "amenity": "7-Eleven"}}, {"type": "Feature", "geometry": {"type": "Point", "coordinates": [123.9038156, 10.3195438]}, "properties": {"id": 3812244326, "amenity_type": "convenience", "amenity": "Quick Stop"}}, {"type": "Feature", "geometry": {"type": "Point", "coordinates": [123.8875192, 10.3166202]}, "properties": {"id": 3899433180, "amenity_type": "convenience", "amenity": "RedHours"}}, {"type": "Feature", "geometry": {"type": "Point", "coordinates": [123.9495495, 10.3620447]}, "properties": {"id": 4005032652, "amenity_type": "convenience", "amenity": "7-Eleven"}}, {"type": "Feature", "geometry": {"type": "Point", "coordinates": [123.9595557, 10.3765173]}, "properties": {"id": 4025131467, "amenity_type": "convenience", "amenity": "Sukiya Houseware Trading"}}, {"type": "Feature", "geometry": {"type": "Point", "coordinates": [123.8390215, 10.2492045]}, "properties": {"id": 4047179626, "amenity_type": "convenience", "amenity": "7-Eleven"}}, {"type": "Feature", "geometry": {"type": "Point", "coordinates": [123.8376964, 10.2565694]}, "properties": {"id": 4092078775, "amenity_type": "convenience", "amenity": "Store"}}, {"type": "Feature", "geometry": {"type": "Point", "coordinates": [123.9011182, 10.3096202]}, "properties": {"id": 4137477448, "amenity_type": "convenience", "amenity": "7-Eleven"}}, {"type": "Feature", "geometry": {"type": "Point", "coordinates": [123.9002542, 10.3304611]}, "properties": {"id": 4167397734, "amenity_type": "convenience", "amenity": "Shell Select"}}, {"type": "Feature", "geometry": {"type": "Point", "coordinates": [123.8933845, 10.3455992]}, "properties": {"id": 4167423211, "amenity_type": "convenience", "amenity": "RR&V Sari-sari Store"}}, {"type": "Feature", "geometry": {"type": "Point", "coordinates": [123.8981702, 10.3021646]}, "properties": {"id": 4167476394, "amenity_type": "convenience", "amenity": "7-Eleven"}}, {"type": "Feature", "geometry": {"type": "Point", "coordinates": [123.8383471, 10.2384836]}, "properties": {"id": 4176623593, "amenity_type": "convenience", "amenity": "Arvin Store"}}, {"type": "Feature", "geometry": {"type": "Point", "coordinates": [123.9367932, 10.3310408]}, "properties": {"id": 4185827567, "amenity_type": "convenience", "amenity": "Nook Express"}}, {"type": "Feature", "geometry": {"type": "Point", "coordinates": [123.9428677, 10.3301187]}, "properties": {"id": 4189296818, "amenity_type": "convenience", "amenity": "Nery Store"}}, {"type": "Feature", "geometry": {"type": "Point", "coordinates": [123.890548, 10.2948096]}, "properties": {"id": 4195029292, "amenity_type": "convenience", "amenity": "7-Eleven"}}, {"type": "Feature", "geometry": {"type": "Point", "coordinates": [123.8848224, 10.2980352]}, "properties": {"id": 4195049813, "amenity_type": "convenience", "amenity": "7-Eleven"}}, {"type": "Feature", "geometry": {"type": "Point", "coordinates": [123.8942804, 10.2928359]}, "properties": {"id": 4195049837, "amenity_type": "convenience", "amenity": "7-Eleven"}}, {"type": "Feature", "geometry": {"type": "Point", "coordinates": [123.9027903, 10.2936015]}, "properties": {"id": 4207022905, "amenity_type": "convenience", "amenity": "7-Eleven"}}, {"type": "Feature", "geometry": {"type": "Point", "coordinates": [123.8972226, 10.2930202]}, "properties": {"id": 4228652031, "amenity_type": "convenience", "amenity": "Kerrian's Store"}}, {"type": "Feature", "geometry": {"type": "Point", "coordinates": [123.9306744, 10.3138702]}, "properties": {"id": 4307045893, "amenity_type": "convenience", "amenity": "BS Store"}}, {"type": "Feature", "geometry": {"type": "Point", "coordinates": [123.9010265, 10.2977621]}, "properties": {"id": 4450941628, "amenity_type": "convenience", "amenity": "7-Eleven"}}, {"type": "Feature", "geometry": {"type": "Point", "coordinates": [123.8394603, 10.2434714]}, "properties": {"id": 4462666089, "amenity_type": "convenience", "amenity": "Basalo Store"}}, {"type": "Feature", "geometry": {"type": "Point", "coordinates": [123.9490613, 10.3492513]}, "properties": {"id": 4552061608, "amenity_type": "convenience", "amenity": "Shell Select"}}, {"type": "Feature", "geometry": {"type": "Point", "coordinates": [123.9789813, 10.3162364]}, "properties": {"id": 4583428389, "amenity_type": "convenience", "amenity": "Unnamed grocery"}}, {"type": "Feature", "geometry": {"type": "Point", "coordinates": [123.9043828, 10.2969874]}, "properties": {"id": 4622721289, "amenity_type": "convenience", "amenity": "7-Eleven"}}, {"type": "Feature", "geometry": {"type": "Point", "coordinates": [123.9089207, 10.3049262]}, "properties": {"id": 4644092591, "amenity_type": "convenience", "amenity": "7-Eleven"}}, {"type": "Feature", "geometry": {"type": "Point", "coordinates": [123.9385356, 10.3345893]}, "properties": {"id": 4644285189, "amenity_type": "convenience", "amenity": "7-Eleven"}}, {"type": "Feature", "geometry": {"type": "Point", "coordinates": [123.8797864, 10.29145]}, "properties": {"id": 4664675291, "amenity_type": "convenience", "amenity": "7-Eleven"}}, {"type": "Feature", "geometry": {"type": "Point", "coordinates": [123.8797754, 10.2914174]}, "properties": {"id": 4664689392, "amenity_type": "convenience", "amenity": "7-Eleven"}}, {"type": "Feature", "geometry": {"type": "Point", "coordinates": [123.8697554, 10.2958846]}, "properties": {"id": 4664860490, "amenity_type": "convenience", "amenity": "7-Eleven"}}, {"type": "Feature", "geometry": {"type": "Point", "coordinates": [123.881512, 10.2939655]}, "properties": {"id": 4664882589, "amenity_type": "convenience", "amenity": "7-Eleven"}}, {"type": "Feature", "geometry": {"type": "Point", "coordinates": [123.8707601, 10.3015164]}, "properties": {"id": 4664882889, "amenity_type": "convenience", "amenity": "7-Eleven"}}, {"type": "Feature", "geometry": {"type": "Point", "coordinates": [123.8204568, 10.2463183]}, "properties": {"id": 4690458292, "amenity_type": "convenience", "amenity": "Unnamed grocery"}}, {"type": "Feature", "geometry": {"type": "Point", "coordinates": [123.824558, 10.245902]}, "properties": {"id": 4690458293, "amenity_type": "convenience", "amenity": "Edwina Store"}}, {"type": "Feature", "geometry": {"type": "Point", "coordinates": [123.8243573, 10.2453107]}, "properties": {"id": 4690463994, "amenity_type": "convenience", "amenity": "Unnamed grocery"}}, {"type": "Feature", "geometry": {"type": "Point", "coordinates": [123.8240403, 10.2384461]}, "properties": {"id": 4690467994, "amenity_type": "convenience", "amenity": "Unnamed grocery"}}, {"type": "Feature", "geometry": {"type": "Point", "coordinates": [123.8240398, 10.2424685]}, "properties": {"id": 4690483692, "amenity_type": "convenience", "amenity": "Rein Store"}}, {"type": "Feature", "geometry": {"type": "Point", "coordinates": [123.8343265, 10.2506139]}, "properties": {"id": 4690483693, "amenity_type": "convenience", "amenity": "Geraldez Marketing"}}, {"type": "Feature", "geometry": {"type": "Point", "coordinates": [123.8303863, 10.2520546]}, "properties": {"id": 4690486692, "amenity_type": "convenience", "amenity": "Perleen Store"}}, {"type": "Feature", "geometry": {"type": "Point", "coordinates": [123.9752842, 10.2746383]}, "properties": {"id": 4708436293, "amenity_type": "convenience", "amenity": "7-Eleven"}}, {"type": "Feature", "geometry": {"type": "Point", "coordinates": [123.9745182, 10.2766662]}, "properties": {"id": 4708436297, "amenity_type": "convenience", "amenity": "Metro Value Mart"}}, {"type": "Feature", "geometry": {"type": "Point", "coordinates": [123.9219524, 10.3114744]}, "properties": {"id": 4716616992, "amenity_type": "convenience", "amenity": "Bonjour"}}, {"type": "Feature", "geometry": {"type": "Point", "coordinates": [123.9432528, 10.3268994]}, "properties": {"id": 4741654811, "amenity_type": "convenience", "amenity": "7-Eleven"}}, {"type": "Feature", "geometry": {"type": "Point", "coordinates": [123.838365, 10.256772]}, "properties": {"id": 4746779321, "amenity_type": "convenience", "amenity": "Unnamed grocery"}}, {"type": "Feature", "geometry": {"type": "Point", "coordinates": [123.8336739, 10.2369255]}, "properties": {"id": 4752200523, "amenity_type": "convenience", "amenity": "12pcs"}}, {"type": "Feature", "geometry": {"type": "Point", "coordinates": [123.9600012, 10.3749606]}, "properties": {"id": 4801461322, "amenity_type": "convenience", "amenity": "7-Eleven"}}, {"type": "Feature", "geometry": {"type": "Point", "coordinates": [123.8430764, 10.2647099]}, "properties": {"id": 4827789821, "amenity_type": "convenience", "amenity": "Eatery & Sari-sari store"}}, {"type": "Feature", "geometry": {"type": "Point", "coordinates": [123.9661871, 10.3800277]}, "properties": {"id": 4842059621, "amenity_type": "convenience", "amenity": "7-Eleven"}}, {"type": "Feature", "geometry": {"type": "Point", "coordinates": [123.9560022, 10.3499543]}, "properties": {"id": 4852824621, "amenity_type": "convenience", "amenity": "Unnamed grocery"}}, {"type": "Feature", "geometry": {"type": "Point", "coordinates": [123.9330969, 10.326361]}, "properties": {"id": 4875466285, "amenity_type": "convenience", "amenity": "Unnamed grocery"}}, {"type": "Feature", "geometry": {"type": "Point", "coordinates": [123.9065186, 10.3249004]}, "properties": {"id": 4929945209, "amenity_type": "convenience", "amenity": "Route Stop"}}, {"type": "Feature", "geometry": {"type": "Point", "coordinates": [123.9784526, 10.3161234]}, "properties": {"id": 4942416325, "amenity_type": "convenience", "amenity": "7-Eleven"}}, {"type": "Feature", "geometry": {"type": "Point", "coordinates": [123.9321059, 10.3236009]}, "properties": {"id": 4945248621, "amenity_type": "convenience", "amenity": "7-Eleven"}}, {"type": "Feature", "geometry": {"type": "Point", "coordinates": [123.8947918, 10.3155768]}, "properties": {"id": 4993878521, "amenity_type": "convenience", "amenity": "Zipp Mart"}}, {"type": "Feature", "geometry": {"type": "Point", "coordinates": [123.9943763, 10.2838759]}, "properties": {"id": 5015704821, "amenity_type": "convenience", "amenity": "Cuk Cuk"}}, {"type": "Feature", "geometry": {"type": "Point", "coordinates": [123.9946452, 10.2841427]}, "properties": {"id": 5015711025, "amenity_type": "convenience", "amenity": "Korean Mart"}}, {"type": "Feature", "geometry": {"type": "Point", "coordinates": [123.9121846, 10.3046525]}, "properties": {"id": 5104431923, "amenity_type": "convenience", "amenity": "7-Eleven"}}, {"type": "Feature", "geometry": {"type": "Point", "coordinates": [123.8922775, 10.3150665]}, "properties": {"id": 5161826522, "amenity_type": "convenience", "amenity": "Angel's Burger"}}, {"type": "Feature", "geometry": {"type": "Point", "coordinates": [123.914118, 10.352146]}, "properties": {"id": 5217380533, "amenity_type": "convenience", "amenity": "7-Eleven"}}, {"type": "Feature", "geometry": {"type": "Point", "coordinates": [123.9132795, 10.3508249]}, "properties": {"id": 5261325691, "amenity_type": "convenience", "amenity": "Assi Mart"}}, {"type": "Feature", "geometry": {"type": "Point", "coordinates": [123.9203261, 10.3418014]}, "properties": {"id": 5274423408, "amenity_type": "convenience", "amenity": "7-Eleven"}}, {"type": "Feature", "geometry": {"type": "Point", "coordinates": [123.9146367, 10.3473446]}, "properties": {"id": 5281338485, "amenity_type": "convenience", "amenity": "PesoStore"}}, {"type": "Feature", "geometry": {"type": "Point", "coordinates": [123.8547369, 10.2787888]}, "properties": {"id": 5354783322, "amenity_type": "convenience", "amenity": "7-Eleven"}}, {"type": "Feature", "geometry": {"type": "Point", "coordinates": [123.8992008, 10.3210737]}, "properties": {"id": 5371521975, "amenity_type": "convenience", "amenity": "7-Eleven"}}, {"type": "Feature", "geometry": {"type": "Point", "coordinates": [123.9522086, 10.3257814]}, "properties": {"id": 5425891522, "amenity_type": "convenience", "amenity": "7-Eleven"}}, {"type": "Feature", "geometry": {"type": "Point", "coordinates": [123.9054131, 10.3128452]}, "properties": {"id": 5440124464, "amenity_type": "convenience", "amenity": "7-Eleven"}}, {"type": "Feature", "geometry": {"type": "Point", "coordinates": [124.0015615, 10.314622]}, "properties": {"id": 5479212020, "amenity_type": "convenience", "amenity": "Kai Convenience Store"}}, {"type": "Feature", "geometry": {"type": "Point", "coordinates": [123.897921, 10.3296691]}, "properties": {"id": 5482108438, "amenity_type": "convenience", "amenity": "7-Eleven"}}, {"type": "Feature", "geometry": {"type": "Point", "coordinates": [123.8283309, 10.3656194]}, "properties": {"id": 5485695521, "amenity_type": "convenience", "amenity": "Arnel's Store"}}, {"type": "Feature", "geometry": {"type": "Point", "coordinates": [123.9760006, 10.3257773]}, "properties": {"id": 5489951222, "amenity_type": "convenience", "amenity": "7-Eleven"}}, {"type": "Feature", "geometry": {"type": "Point", "coordinates": [124.0137627, 10.3106618]}, "properties": {"id": 5491239048, "amenity_type": "convenience", "amenity": "7-Eleven"}}, {"type": "Feature", "geometry": {"type": "Point", "coordinates": [123.889159, 10.2994605]}, "properties": {"id": 5519789923, "amenity_type": "convenience", "amenity": "7-Eleven"}}, {"type": "Feature", "geometry": {"type": "Point", "coordinates": [123.9919347, 10.3098801]}, "properties": {"id": 5537237404, "amenity_type": "convenience", "amenity": "7-Eleven"}}, {"type": "Feature", "geometry": {"type": "Point", "coordinates": [123.9094944, 10.3071935]}, "properties": {"id": 5537245968, "amenity_type": "convenience", "amenity": "Roldan Store"}}, {"type": "Feature", "geometry": {"type": "Point", "coordinates": [123.9093898, 10.30727]}, "properties": {"id": 5537245974, "amenity_type": "convenience", "amenity": "Paul Store"}}, {"type": "Feature", "geometry": {"type": "Point", "coordinates": [123.8480949, 10.2512459]}, "properties": {"id": 5539813956, "amenity_type": "convenience", "amenity": "Snack Hub"}}, {"type": "Feature", "geometry": {"type": "Point", "coordinates": [123.8474798, 10.2518095]}, "properties": {"id": 5539815805, "amenity_type": "convenience", "amenity": "Unnamed grocery"}}, {"type": "Feature", "geometry": {"type": "Point", "coordinates": [123.860298, 10.2518835]}, "properties": {"id": 5539834436, "amenity_type": "convenience", "amenity": "7-Eleven"}}, {"type": "Feature", "geometry": {"type": "Point", "coordinates": [123.8602403, 10.2521963]}, "properties": {"id": 5539836787, "amenity_type": "convenience", "amenity": "DIY"}}, {"type": "Feature", "geometry": {"type": "Point", "coordinates": [123.8269956, 10.259082]}, "properties": {"id": 5582264096, "amenity_type": "convenience", "amenity": "7-Eleven"}}, {"type": "Feature", "geometry": {"type": "Point", "coordinates": [123.8993383, 10.3000902]}, "properties": {"id": 5625905950, "amenity_type": "convenience", "amenity": "7-Eleven"}}, {"type": "Feature", "geometry": {"type": "Point", "coordinates": [123.9301654, 10.3374336]}, "properties": {"id": 5637460219, "amenity_type": "convenience", "amenity": "Hongda Supermarket"}}, {"type": "Feature", "geometry": {"type": "Point", "coordinates": [123.9040698, 10.3283052]}, "properties": {"id": 5640007453, "amenity_type": "convenience", "amenity": "Uncle John's"}}, {"type": "Feature", "geometry": {"type": "Point", "coordinates": [123.907163, 10.2986576]}, "properties": {"id": 5657571121, "amenity_type": "convenience", "amenity": "Sheila's mini mart"}}, {"type": "Feature", "geometry": {"type": "Point", "coordinates": [123.9063356, 10.3022265]}, "properties": {"id": 5667044891, "amenity_type": "convenience", "amenity": "7-Eleven"}}, {"type": "Feature", "geometry": {"type": "Point", "coordinates": [124.0351114, 10.3233744]}, "properties": {"id": 5668239949, "amenity_type": "convenience", "amenity": "Ging-Ging Store"}}, {"type": "Feature", "geometry": {"type": "Point", "coordinates": [123.8610943, 10.253497]}, "properties": {"id": 5668480973, "amenity_type": "convenience", "amenity": "Diane Sari-sari store"}}, {"type": "Feature", "geometry": {"type": "Point", "coordinates": [123.9121008, 10.3432953]}, "properties": {"id": 5668744322, "amenity_type": "convenience", "amenity": "Machiya Mart"}}, {"type": "Feature", "geometry": {"type": "Point", "coordinates": [123.8950221, 10.3125663]}, "properties": {"id": 5671904771, "amenity_type": "convenience", "amenity": "Contact Point"}}, {"type": "Feature", "geometry": {"type": "Point", "coordinates": [123.8883372, 10.2969941]}, "properties": {"id": 5748451997, "amenity_type": "convenience", "amenity": "7-Eleven"}}, {"type": "Feature", "geometry": {"type": "Point", "coordinates": [123.8582098, 10.2545331]}, "properties": {"id": 5788984962, "amenity_type": "convenience", "amenity": "Jumbo"}}, {"type": "Feature", "geometry": {"type": "Point", "coordinates": [123.849581, 10.2511796]}, "properties": {"id": 5788985655, "amenity_type": "convenience", "amenity": "Select"}}, {"type": "Feature", "geometry": {"type": "Point", "coordinates": [123.9763155, 10.3127888]}, "properties": {"id": 5793438456, "amenity_type": "convenience", "amenity": "Whs Smith"}}, {"type": "Feature", "geometry": {"type": "Point", "coordinates": [123.9759713, 10.3261325]}, "properties": {"id": 5828588189, "amenity_type": "convenience", "amenity": "Unnamed grocery"}}, {"type": "Feature", "geometry": {"type": "Point", "coordinates": [123.8706487, 10.2863593]}, "properties": {"id": 5846373349, "amenity_type": "convenience", "amenity": "Tin-tin and Linzanmel Store"}}, {"type": "Feature", "geometry": {"type": "Point", "coordinates": [123.8803755, 10.3135801]}, "properties": {"id": 5856614940, "amenity_type": "convenience", "amenity": "7-Eleven"}}, {"type": "Feature", "geometry": {"type": "Point", "coordinates": [123.9784075, 10.2996355]}, "properties": {"id": 5902143390, "amenity_type": "convenience", "amenity": "7-Eleven"}}, {"type": "Feature", "geometry": {"type": "Point", "coordinates": [123.8693958, 10.2906155]}, "properties": {"id": 5906751187, "amenity_type": "convenience", "amenity": "Alynn's Store"}}, {"type": "Feature", "geometry": {"type": "Point", "coordinates": [124.0148405, 10.3079085]}, "properties": {"id": 5908153186, "amenity_type": "convenience", "amenity": "7-Eleven"}}, {"type": "Feature", "geometry": {"type": "Point", "coordinates": [124.0118067, 10.3078551]}, "properties": {"id": 5908159586, "amenity_type": "convenience", "amenity": "7-Eleven"}}, {"type": "Feature", "geometry": {"type": "Point", "coordinates": [123.8775945, 10.3122659]}, "properties": {"id": 5984272640, "amenity_type": "convenience", "amenity": "Shell Select"}}, {"type": "Feature", "geometry": {"type": "Point", "coordinates": [123.8779407, 10.3122631]}, "properties": {"id": 5984272784, "amenity_type": "convenience", "amenity": "Lucky Ace"}}, {"type": "Feature", "geometry": {"type": "Point", "coordinates": [123.8425994, 10.3366523]}, "properties": {"id": 5994704605, "amenity_type": "convenience", "amenity": "Pamutan Bagsakan Center"}}, {"type": "Feature", "geometry": {"type": "Point", "coordinates": [123.8736084, 10.3728341]}, "properties": {"id": 6043557321, "amenity_type": "convenience", "amenity": "Timmy Store"}}, {"type": "Feature", "geometry": {"type": "Point", "coordinates": [123.905845, 10.3296966]}, "properties": {"id": 6047664085, "amenity_type": "convenience", "amenity": "7-Eleven"}}, {"type": "Feature", "geometry": {"type": "Point", "coordinates": [123.9029584, 10.3135494]}, "properties": {"id": 6054524197, "amenity_type": "convenience", "amenity": "Antique's"}}, {"type": "Feature", "geometry": {"type": "Point", "coordinates": [123.8392878, 10.2447944]}, "properties": {"id": 6170410686, "amenity_type": "convenience", "amenity": "Ultra Mart"}}, {"type": "Feature", "geometry": {"type": "Point", "coordinates": [123.9333645, 10.3261932]}, "properties": {"id": 6174649505, "amenity_type": "convenience", "amenity": "7-Eleven"}}, {"type": "Feature", "geometry": {"type": "Point", "coordinates": [123.8375362, 10.3093225]}, "properties": {"id": 6320064088, "amenity_type": "convenience", "amenity": "Sari Sari Store"}}, {"type": "Feature", "geometry": {"type": "Point", "coordinates": [123.9217308, 10.3208876]}, "properties": {"id": 6374338161, "amenity_type": "convenience", "amenity": "7-Eleven"}}, {"type": "Feature", "geometry": {"type": "Point", "coordinates": [123.9048858, 10.3382549]}, "properties": {"id": 6387212787, "amenity_type": "convenience", "amenity": "7-Eleven"}}, {"type": "Feature", "geometry": {"type": "Point", "coordinates": [123.8953292, 10.3336939]}, "properties": {"id": 6401766035, "amenity_type": "convenience", "amenity": "7-Eleven"}}, {"type": "Feature", "geometry": {"type": "Point", "coordinates": [123.9037569, 10.2928039]}, "properties": {"id": 6471975985, "amenity_type": "convenience", "amenity": "7-Eleven"}}, {"type": "Feature", "geometry": {"type": "Point", "coordinates": [123.9689763, 10.316844]}, "properties": {"id": 6780418286, "amenity_type": "convenience", "amenity": "Unnamed grocery"}}, {"type": "Feature", "geometry": {"type": "Point", "coordinates": [123.9014688, 10.2957812]}, "properties": {"id": 6907621615, "amenity_type": "convenience", "amenity": "Glenn Grocery Mart"}}, {"type": "Feature", "geometry": {"type": "Point", "coordinates": [123.9039834, 10.2960777]}, "properties": {"id": 6907675812, "amenity_type": "convenience", "amenity": "7-Eleven"}}, {"type": "Feature", "geometry": {"type": "Point", "coordinates": [123.907, 10.293649]}, "properties": {"id": 6914765107, "amenity_type": "convenience", "amenity": "7-Eleven"}}, {"type": "Feature", "geometry": {"type": "Point", "coordinates": [123.8561356, 10.2676895]}, "properties": {"id": 6923900245, "amenity_type": "convenience", "amenity": "Ben 11"}}, {"type": "Feature", "geometry": {"type": "Point", "coordinates": [123.995122, 10.3188079]}, "properties": {"id": 6988723665, "amenity_type": "convenience", "amenity": "Unnamed grocery"}}, {"type": "Feature", "geometry": {"type": "Point", "coordinates": [123.8974361, 10.3107143]}, "properties": {"id": 7044794936, "amenity_type": "convenience", "amenity": "7-Eleven"}}, {"type": "Feature", "geometry": {"type": "Point", "coordinates": [123.8833452, 10.3150955]}, "properties": {"id": 7130262284, "amenity_type": "convenience", "amenity": "7-Eleven"}}, {"type": "Feature", "geometry": {"type": "Point", "coordinates": [123.9179683, 10.3729252]}, "properties": {"id": 7229485488, "amenity_type": "convenience", "amenity": "C247 Convenience Store"}}, {"type": "Feature", "geometry": {"type": "Point", "coordinates": [124.008, 10.3104175]}, "properties": {"id": 7229485489, "amenity_type": "convenience", "amenity": "Hytm Mart"}}, {"type": "Feature", "geometry": {"type": "Point", "coordinates": [123.9282116, 10.3689335]}, "properties": {"id": 7229485586, "amenity_type": "convenience", "amenity": "ZION CENTRALE CONVENIENCE STORE"}}, {"type": "Feature", "geometry": {"type": "Point", "coordinates": [123.9237779, 10.3241881]}, "properties": {"id": 7229485587, "amenity_type": "convenience", "amenity": "EZ7 MART"}}, {"type": "Feature", "geometry": {"type": "Point", "coordinates": [123.8550704, 10.2805105]}, "properties": {"id": 7229485589, "amenity_type": "convenience", "amenity": "Mac Convenience"}}, {"type": "Feature", "geometry": {"type": "Point", "coordinates": [123.9173877, 10.3715661]}, "properties": {"id": 7229485685, "amenity_type": "convenience", "amenity": "Towerville Convenience Store"}}, {"type": "Feature", "geometry": {"type": "Point", "coordinates": [123.9136357, 10.3225284]}, "properties": {"id": 7229485686, "amenity_type": "convenience", "amenity": "Oki-oki"}}, {"type": "Feature", "geometry": {"type": "Point", "coordinates": [123.963926, 10.2981734]}, "properties": {"id": 7234860956, "amenity_type": "convenience", "amenity": "7-Eleven"}}, {"type": "Feature", "geometry": {"type": "Point", "coordinates": [123.9249231, 10.3398405]}, "properties": {"id": 7260034935, "amenity_type": "convenience", "amenity": "7-Eleven"}}, {"type": "Feature", "geometry": {"type": "Point", "coordinates": [123.9096246, 10.3330383]}, "properties": {"id": 7273839443, "amenity_type": "convenience", "amenity": "7-Eleven"}}, {"type": "Feature", "geometry": {"type": "Point", "coordinates": [123.9279492, 10.3471889]}, "properties": {"id": 7389867034, "amenity_type": "convenience", "amenity": "7-Eleven"}}, {"type": "Feature", "geometry": {"type": "Point", "coordinates": [123.8781076, 10.3013038]}, "properties": {"id": 7409694386, "amenity_type": "convenience", "amenity": "7-Eleven"}}, {"type": "Feature", "geometry": {"type": "Point", "coordinates": [123.8760424, 10.3101838]}, "properties": {"id": 7409741985, "amenity_type": "convenience", "amenity": "7-Eleven"}}, {"type": "Feature", "geometry": {"type": "Point", "coordinates": [123.9213948, 10.3858755]}, "properties": {"id": 7416575585, "amenity_type": "convenience", "amenity": "7-Eleven"}}, {"type": "Feature", "geometry": {"type": "Point", "coordinates": [123.790381, 10.3032044]}, "properties": {"id": 7687873786, "amenity_type": "convenience", "amenity": "Kanluntaw Store"}}, {"type": "Feature", "geometry": {"type": "Point", "coordinates": [123.7927852, 10.3142752]}, "properties": {"id": 7687873787, "amenity_type": "convenience", "amenity": "Agnes Store"}}, {"type": "Feature", "geometry": {"type": "Point", "coordinates": [123.909686, 10.3048351]}, "properties": {"id": 8068799787, "amenity_type": "convenience", "amenity": "7-Eleven"}}, {"type": "Feature", "geometry": {"type": "Point", "coordinates": [123.8085489, 10.25362]}, "properties": {"id": 8332752962, "amenity_type": "convenience", "amenity": "Pao Pao Store"}}, {"type": "Feature", "geometry": {"type": "Point", "coordinates": [123.8738252, 10.300595]}, "properties": {"id": 8349554893, "amenity_type": "convenience", "amenity": "Banjo's Online Shop"}}, {"type": "Feature", "geometry": {"type": "Point", "coordinates": [123.9448102, 10.333776]}, "properties": {"id": 8398752253, "amenity_type": "convenience", "amenity": "7-Eleven"}}, {"type": "Feature", "geometry": {"type": "Point", "coordinates": [123.9390784, 10.325144]}, "properties": {"id": 8421926424, "amenity_type": "convenience", "amenity": "Unnamed grocery"}}, {"type": "Feature", "geometry": {"type": "Point", "coordinates": [123.8375215, 10.3091171]}, "properties": {"id": 8479337747, "amenity_type": "convenience", "amenity": "Sari Sari Store"}}, {"type": "Feature", "geometry": {"type": "Point", "coordinates": [123.9509367, 10.3278154]}, "properties": {"id": 8558814711, "amenity_type": "convenience", "amenity": "Shell Select"}}, {"type": "Feature", "geometry": {"type": "Point", "coordinates": [123.8696334, 10.2602742]}, "properties": {"id": 8562702063, "amenity_type": "convenience", "amenity": "Manayon Store"}}, {"type": "Feature", "geometry": {"type": "Point", "coordinates": [123.9240593, 10.3375289]}, "properties": {"id": 8666252364, "amenity_type": "convenience", "amenity": "Unnamed grocery"}}, {"type": "Feature", "geometry": {"type": "Point", "coordinates": [123.8997496, 10.3055088]}, "properties": {"id": 8696556336, "amenity_type": "convenience", "amenity": "7-Eleven"}}, {"type": "Feature", "geometry": {"type": "Point", "coordinates": [123.8981438, 10.2986952]}, "properties": {"id": 8699777992, "amenity_type": "convenience", "amenity": "7-Eleven"}}, {"type": "Feature", "geometry": {"type": "Point", "coordinates": [123.8991818, 10.3002489]}, "properties": {"id": 8700212159, "amenity_type": "convenience", "amenity": "7-Eleven"}}, {"type": "Feature", "geometry": {"type": "Point", "coordinates": [123.906476, 10.3071187]}, "properties": {"id": 8700236840, "amenity_type": "convenience", "amenity": "Workplace"}}, {"type": "Feature", "geometry": {"type": "Point", "coordinates": [123.8980663, 10.297981]}, "properties": {"id": 8921534234, "amenity_type": "convenience", "amenity": "Takera’s Convenience Store"}}, {"type": "Feature", "geometry": {"type": "Point", "coordinates": [123.9154651, 10.4179879]}, "properties": {"id": 9006611297, "amenity_type": "convenience", "amenity": "Huruta Store"}}, {"type": "Feature", "geometry": {"type": "Point", "coordinates": [123.8717812, 10.4000184]}, "properties": {"id": 9178011260, "amenity_type": "convenience", "amenity": "Unnamed grocery"}}, {"type": "Feature", "geometry": {"type": "Point", "coordinates": [123.9558768, 10.30332]}, "properties": {"id": 9326127134, "amenity_type": "convenience", "amenity": "7-Eleven"}}, {"type": "Feature", "geometry": {"type": "Point", "coordinates": [123.8967944, 10.2939112]}, "properties": {"id": 9461925617, "amenity_type": "convenience", "amenity": "Injoy Negosyo ng Bayan"}}, {"type": "Feature", "geometry": {"type": "Point", "coordinates": [123.9026431, 10.3174405]}, "properties": {"id": 9684240783, "amenity_type": "convenience", "amenity": "7-Eleven"}}, {"type": "Feature", "geometry": {"type": "Point", "coordinates": [123.8979257, 10.3164249]}, "properties": {"id": 9684287921, "amenity_type": "convenience", "amenity": "JJJC Sari Sari Store"}}, {"type": "Feature", "geometry": {"type": "Point", "coordinates": [123.8961779, 10.3106586]}, "properties": {"id": 9725934816, "amenity_type": "convenience", "amenity": "7-Eleven"}}, {"type": "Feature", "geometry": {"type": "Point", "coordinates": [123.8945336, 10.3139535]}, "properties": {"id": 9764235646, "amenity_type": "convenience", "amenity": "Quik Stop"}}, {"type": "Feature", "geometry": {"type": "Point", "coordinates": [123.8955468, 10.3081574]}, "properties": {"id": 9777987444, "amenity_type": "convenience", "amenity": "Quickstop"}}, {"type": "Feature", "geometry": {"type": "Point", "coordinates": [123.9134065, 10.3139102]}, "properties": {"id": 9840901193, "amenity_type": "convenience", "amenity": "7-Eleven"}}, {"type": "Feature", "geometry": {"type": "Point", "coordinates": [123.9102972, 10.312425]}, "properties": {"id": 9840914185, "amenity_type": "convenience", "amenity": "FamilyMart"}}, {"type": "Feature", "geometry": {"type": "Point", "coordinates": [123.8491831, 10.2732771]}, "properties": {"id": 9849264381, "amenity_type": "convenience", "amenity": "7-Eleven"}}, {"type": "Feature", "geometry": {"type": "Point", "coordinates": [123.8549544, 10.2541023]}, "properties": {"id": 9849821014, "amenity_type": "convenience", "amenity": "Shop"}}, {"type": "Feature", "geometry": {"type": "Point", "coordinates": [123.9824171, 10.2604841]}, "properties": {"id": 10215978334, "amenity_type": "convenience", "amenity": "Poppa Banana"}}, {"type": "Feature", "geometry": {"type": "Point", "coordinates": [123.8805207, 10.3140846]}, "properties": {"id": 10603910513, "amenity_type": "convenience", "amenity": "Side Store"}}, {"type": "Feature", "geometry": {"type": "Point", "coordinates": [123.9069579, 10.3149341]}, "properties": {"id": 10681161184, "amenity_type": "convenience", "amenity": "White Tindahan"}}, {"type": "Feature", "geometry": {"type": "Point", "coordinates": [123.8783486, 10.2974309]}, "properties": {"id": 10732006635, "amenity_type": "convenience", "amenity": "Jerrori"}}, {"type": "Feature", "geometry": {"type": "Point", "coordinates": [123.8563875, 10.2671909]}, "properties": {"id": 10774594325, "amenity_type": "convenience", "amenity": "7-Eleven"}}, {"type": "Feature", "geometry": {"type": "Point", "coordinates": [123.9017381, 10.3199633]}, "properties": {"id": 10786480561, "amenity_type": "convenience", "amenity": "Quik Stop"}}, {"type": "Feature", "geometry": {"type": "Point", "coordinates": [123.9899786, 10.2908688]}, "properties": {"id": 10786689500, "amenity_type": "convenience", "amenity": "7-Eleven"}}, {"type": "Feature", "geometry": {"type": "Point", "coordinates": [123.8471818, 10.2703039]}, "properties": {"id": 10867431080, "amenity_type": "convenience", "amenity": "Two Sister Store"}}, {"type": "Feature", "geometry": {"type": "Point", "coordinates": [123.8945624, 10.3064553]}, "properties": {"id": 10895550958, "amenity_type": "convenience", "amenity": "MerryMart"}}, {"type": "Feature", "geometry": {"type": "Point", "coordinates": [123.8910389, 10.2922658]}, "properties": {"id": 10901157526, "amenity_type": "convenience", "amenity": "7-Eleven"}}, {"type": "Feature", "geometry": {"type": "Point", "coordinates": [123.9092129, 10.316973]}, "properties": {"id": 10939197952, "amenity_type": "convenience", "amenity": "7-Eleven"}}, {"type": "Feature", "geometry": {"type": "Point", "coordinates": [123.8280091, 10.2460062]}, "properties": {"id": 10983464705, "amenity_type": "convenience", "amenity": "7-Eleven"}}, {"type": "Feature", "geometry": {"type": "Point", "coordinates": [123.8476602, 10.2423681]}, "properties": {"id": 10983464805, "amenity_type": "convenience", "amenity": "7-Eleven"}}, {"type": "Feature", "geometry": {"type": "Point", "coordinates": [123.8240671, 10.2386469]}, "properties": {"id": 10983464806, "amenity_type": "convenience", "amenity": "7-11 Pooc Talisay"}}, {"type": "Feature", "geometry": {"type": "Point", "coordinates": [124.0095403, 10.3069828]}, "properties": {"id": 11017752924, "amenity_type": "convenience", "amenity": "7-Eleven"}}, {"type": "Feature", "geometry": {"type": "Point", "coordinates": [123.9695786, 10.2846442]}, "properties": {"id": 11017829396, "amenity_type": "convenience", "amenity": "7-Eleven"}}, {"type": "Feature", "geometry": {"type": "Point", "coordinates": [123.7971691, 10.2415946]}, "properties": {"id": 11068567405, "amenity_type": "convenience", "amenity": "7-Eleven"}}, {"type": "Feature", "geometry": {"type": "Point", "coordinates": [123.9502959, 10.2968309]}, "properties": {"id": 11137460998, "amenity_type": "convenience", "amenity": "easy shop1"}}, {"type": "Feature", "geometry": {"type": "Point", "coordinates": [123.9253722, 10.3394703]}, "properties": {"id": 11201262445, "amenity_type": "convenience", "amenity": "Shell Shop"}}, {"type": "Feature", "geometry": {"type": "Point", "coordinates": [123.9331741, 10.3677396]}, "properties": {"id": 11201593813, "amenity_type": "convenience", "amenity": "Unnamed grocery"}}, {"type": "Feature", "geometry": {"type": "Point", "coordinates": [123.9243778, 10.3713436]}, "properties": {"id": 11399608975, "amenity_type": "convenience", "amenity": "7-Eleven"}}, {"type": "Feature", "geometry": {"type": "Point", "coordinates": [123.9804165, 10.3602526]}, "properties": {"id": 11468702672, "amenity_type": "convenience", "amenity": "7-Eleven"}}, {"type": "Feature", "geometry": {"type": "Point", "coordinates": [123.949163, 10.3330069]}, "properties": {"id": 11468737369, "amenity_type": "convenience", "amenity": "7-Eleven"}}, {"type": "Feature", "geometry": {"type": "Point", "coordinates": [123.7951659, 10.2453128]}, "properties": {"id": 11469041171, "amenity_type": "convenience", "amenity": "7-Eleven"}}, {"type": "Feature", "geometry": {"type": "Point", "coordinates": [123.8009292, 10.2477474]}, "properties": {"id": 11469041370, "amenity_type": "convenience", "amenity": "Everyday mart"}}, {"type": "Feature", "geometry": {"type": "Point", "coordinates": [123.8091922, 10.2540409]}, "properties": {"id": 11469042669, "amenity_type": "convenience", "amenity": "Enzo's meat marker"}}, {"type": "Feature", "geometry": {"type": "Point", "coordinates": [123.860558, 10.2572406]}, "properties": {"id": 11469055969, "amenity_type": "convenience", "amenity": "Shop"}}, {"type": "Feature", "geometry": {"type": "Point", "coordinates": [123.9460399, 10.2953204]}, "properties": {"id": 11469133770, "amenity_type": "convenience", "amenity": "Metro market"}}, {"type": "Feature", "geometry": {"type": "Point", "coordinates": [123.9920109, 10.3026077]}, "properties": {"id": 11472016977, "amenity_type": "convenience", "amenity": "Carlos store"}}, {"type": "Feature", "geometry": {"type": "Point", "coordinates": [123.9812749, 10.3009949]}, "properties": {"id": 11472018773, "amenity_type": "convenience", "amenity": "Vivianne minimart"}}, {"type": "Feature", "geometry": {"type": "Point", "coordinates": [123.9756304, 10.2961176]}, "properties": {"id": 11472332269, "amenity_type": "convenience", "amenity": "7-Eleven"}}, {"type": "Feature", "geometry": {"type": "Point", "coordinates": [123.9334512, 10.3424201]}, "properties": {"id": 11493451569, "amenity_type": "convenience", "amenity": "7-Eleven"}}, {"type": "Feature", "geometry": {"type": "Point", "coordinates": [123.9121935, 10.3444794]}, "properties": {"id": 11493497669, "amenity_type": "convenience", "amenity": "Shell Select"}}, {"type": "Feature", "geometry": {"type": "Point", "coordinates": [123.9461369, 10.2959873]}, "properties": {"id": 11496700055, "amenity_type": "convenience", "amenity": "Eats Quickie Time"}}, {"type": "Feature", "geometry": {"type": "Point", "coordinates": [123.8998421, 10.3184158]}, "properties": {"id": 11763164964, "amenity_type": "convenience", "amenity": "7-Eleven"}}, {"type": "Feature", "geometry": {"type": "Point", "coordinates": [123.9058203, 10.3124676]}, "properties": {"id": 11770123772, "amenity_type": "convenience", "amenity": "Uncle John's CBP"}}, {"type": "Feature", "geometry": {"type": "Point", "coordinates": [123.9550475, 10.3740928]}, "properties": {"id": 11777649385, "amenity_type": "convenience", "amenity": "Don 77 Minimart"}}, {"type": "Feature", "geometry": {"type": "Point", "coordinates": [123.9146903, 10.3545947]}, "properties": {"id": 11840534033, "amenity_type": "convenience", "amenity": "L&H General Merchendise"}}, {"type": "Feature", "geometry": {"type": "Point", "coordinates": [123.9156573, 10.3583434]}, "properties": {"id": 11840534041, "amenity_type": "convenience", "amenity": "Andy Store"}}, {"type": "Feature", "geometry": {"type": "Point", "coordinates": [123.9158061, 10.3588466]}, "properties": {"id": 11840534050, "amenity_type": "convenience", "amenity": "Saranghe Mini Mart 24 - Chicken Beer"}}, {"type": "Feature", "geometry": {"type": "Point", "coordinates": [123.9046843, 10.3215216]}, "properties": {"id": 11870820322, "amenity_type": "convenience", "amenity": "Carmen Store"}}, {"type": "Feature", "geometry": {"type": "Point", "coordinates": [123.9055668, 10.3229097]}, "properties": {"id": 11870840363, "amenity_type": "convenience", "amenity": "Juliet General Marchendise"}}, {"type": "Feature", "geometry": {"type": "Point", "coordinates": [123.9131768, 10.3491079]}, "properties": {"id": 11878641192, "amenity_type": "convenience", "amenity": "7-Eleven"}}, {"type": "Feature", "geometry": {"type": "Point", "coordinates": [123.9132229, 10.3492528]}, "properties": {"id": 11878641193, "amenity_type": "convenience", "amenity": "Unnamed grocery"}}, {"type": "Feature", "geometry": {"type": "Point", "coordinates": [123.9105262, 10.3338934]}, "properties": {"id": 11880181171, "amenity_type": "convenience", "amenity": "Merly"}}, {"type": "Feature", "geometry": {"type": "Point", "coordinates": [123.9105802, 10.3341227]}, "properties": {"id": 11880181174, "amenity_type": "convenience", "amenity": "Unnamed grocery"}}, {"type": "Feature", "geometry": {"type": "Point", "coordinates": [123.9107388, 10.3350456]}, "properties": {"id": 11880181181, "amenity_type": "convenience", "amenity": "Scarlet Store"}}, {"type": "Feature", "geometry": {"type": "Point", "coordinates": [123.9107723, 10.3352392]}, "properties": {"id": 11880181184, "amenity_type": "convenience", "amenity": "Unnamed grocery"}}, {"type": "Feature", "geometry": {"type": "Point", "coordinates": [123.9112759, 10.3380678]}, "properties": {"id": 11880181252, "amenity_type": "restaurant", "amenity": "J&M Minimart and Eatery"}}, {"type": "Feature", "geometry": {"type": "Point", "coordinates": [123.9150828, 10.3243313]}, "properties": {"id": 11917031843, "amenity_type": "convenience", "amenity": "7-Eleven"}}, {"type": "Feature", "geometry": {"type": "Point", "coordinates": [123.9363551, 10.3390236]}, "properties": {"id": 11987419959, "amenity_type": "convenience", "amenity": "Morning Mart Philippines"}}, {"type": "Feature", "geometry": {"type": "Point", "coordinates": [123.9154627, 10.359153]}, "properties": {"id": 12179915233, "amenity_type": "convenience", "amenity": "Unnamed grocery"}}, {"type": "Feature", "geometry": {"type": "Point", "coordinates": [123.792289, 10.2394737]}, "properties": {"id": 12185353265, "amenity_type": "convenience", "amenity": "7-Eleven"}}, {"type": "Feature", "geometry": {"type": "Point", "coordinates": [123.8742107, 10.300605]}, "properties": {"id": 12283233375, "amenity_type": "convenience", "amenity": "AYP Water Technology"}}, {"type": "Feature", "geometry": {"type": "Point", "coordinates": [123.8486289, 10.273914]}, "properties": {"id": 12412028270, "amenity_type": "convenience", "amenity": "K and J Store"}}, {"type": "Feature", "geometry": {"type": "Point", "coordinates": [123.95386, 10.3100821]}, "properties": {"id": 12463222303, "amenity_type": "convenience", "amenity": "7-Eleven"}}, {"type": "Feature", "geometry": {"type": "Point", "coordinates": [123.9942413, 10.3011389]}, "properties": {"id": 12463289801, "amenity_type": "convenience", "amenity": "7-Eleven"}}, {"type": "Feature", "geometry": {"type": "Point", "coordinates": [123.956384, 10.3126499]}, "properties": {"id": 12465279601, "amenity_type": "convenience", "amenity": "7-Eleven"}}, {"type": "Feature", "geometry": {"type": "Point", "coordinates": [123.9956832, 10.3089717]}, "properties": {"id": 12466064601, "amenity_type": "convenience", "amenity": "Kate & Kita store"}}, {"type": "Feature", "geometry": {"type": "Point", "coordinates": [123.8955792, 10.3180975]}, "properties": {"id": 12468807103, "amenity_type": "convenience", "amenity": "Robinson easymart"}}, {"type": "Feature", "geometry": {"type": "Point", "coordinates": [123.9632839, 10.3177194]}, "properties": {"id": 12470912701, "amenity_type": "convenience", "amenity": "7-Eleven"}}, {"type": "Feature", "geometry": {"type": "Point", "coordinates": [123.9316157, 10.3440925]}, "properties": {"id": 12517713220, "amenity_type": "convenience", "amenity": "Daddy's Angel Store"}}, {"type": "Feature", "geometry": {"type": "Point", "coordinates": [123.9308761, 10.3448663]}, "properties": {"id": 12517713256, "amenity_type": "convenience", "amenity": "Unnamed grocery"}}, {"type": "Feature", "geometry": {"type": "Point", "coordinates": [123.9306045, 10.3451387]}, "properties": {"id": 12517713263, "amenity_type": "convenience", "amenity": "Unnamed grocery"}}, {"type": "Feature", "geometry": {"type": "Point", "coordinates": [123.9296282, 10.3461938]}, "properties": {"id": 12517713330, "amenity_type": "convenience", "amenity": "Nooda Mart"}}, {"type": "Feature", "geometry": {"type": "Point", "coordinates": [123.9295957, 10.3462156]}, "properties": {"id": 12517713331, "amenity_type": "convenience", "amenity": "C-Let General Merchandise"}}, {"type": "Feature", "geometry": {"type": "Point", "coordinates": [123.9382205, 10.3362204]}, "properties": {"id": 12520036535, "amenity_type": "convenience", "amenity": "Tebow Store"}}, {"type": "Feature", "geometry": {"type": "Point", "coordinates": [123.9208084, 10.3550584]}, "properties": {"id": 12522204005, "amenity_type": "convenience", "amenity": "Unnamed grocery"}}, {"type": "Feature", "geometry": {"type": "Point", "coordinates": [123.9159986, 10.3602721]}, "properties": {"id": 12522204075, "amenity_type": "convenience", "amenity": "Lerk's Store"}}, {"type": "Feature", "geometry": {"type": "Point", "coordinates": [123.9217204, 10.3540709]}, "properties": {"id": 12522256752, "amenity_type": "convenience", "amenity": "Titing Lanshanan"}}, {"type": "Feature", "geometry": {"type": "Point", "coordinates": [123.9266282, 10.3482674]}, "properties": {"id": 12525724707, "amenity_type": "convenience", "amenity": "Cris Sari-sari Store"}}, {"type": "Feature", "geometry": {"type": "Point", "coordinates": [123.9264826, 10.3484225]}, "properties": {"id": 12525724725, "amenity_type": "convenience", "amenity": "Two A's Saduban Mini Mart"}}, {"type": "Feature", "geometry": {"type": "Point", "coordinates": [123.9257095, 10.3492988]}, "properties": {"id": 12525724792, "amenity_type": "convenience", "amenity": "738 Tienda"}}, {"type": "Feature", "geometry": {"type": "Point", "coordinates": [123.9251187, 10.3500069]}, "properties": {"id": 12525724860, "amenity_type": "convenience", "amenity": "Nenz Store"}}, {"type": "Feature", "geometry": {"type": "Point", "coordinates": [123.9246346, 10.3506057]}, "properties": {"id": 12525724898, "amenity_type": "convenience", "amenity": "Armelle Store"}}, {"type": "Feature", "geometry": {"type": "Point", "coordinates": [123.9220691, 10.3537266]}, "properties": {"id": 12525725149, "amenity_type": "convenience", "amenity": "Unnamed grocery"}}, {"type": "Feature", "geometry": {"type": "Point", "coordinates": [123.9297409, 10.3463762]}, "properties": {"id": 12528688167, "amenity_type": "convenience", "amenity": "Tendahan ni Benyang"}}, {"type": "Feature", "geometry": {"type": "Point", "coordinates": [123.9295484, 10.3465141]}, "properties": {"id": 12528699619, "amenity_type": "convenience", "amenity": "Noyvic Sari-Sari Store"}}, {"type": "Feature", "geometry": {"type": "Point", "coordinates": [123.9295216, 10.3465299]}, "properties": {"id": 12528699620, "amenity_type": "convenience", "amenity": "Rich B Store"}}, {"type": "Feature", "geometry": {"type": "Point", "coordinates": [123.9289483, 10.3468934]}, "properties": {"id": 12528699664, "amenity_type": "convenience", "amenity": "Unnamed grocery"}}, {"type": "Feature", "geometry": {"type": "Point", "coordinates": [123.9289905, 10.3468762]}, "properties": {"id": 12528699665, "amenity_type": "convenience", "amenity": "Santi Liam Store"}}, {"type": "Feature", "geometry": {"type": "Point", "coordinates": [123.92822, 10.3473294]}, "properties": {"id": 12528699738, "amenity_type": "convenience", "amenity": "Unnamed grocery"}}, {"type": "Feature", "geometry": {"type": "Point", "coordinates": [123.9358757, 10.34]}, "properties": {"id": 12535636211, "amenity_type": "convenience", "amenity": "Elve's Store"}}, {"type": "Feature", "geometry": {"type": "Point", "coordinates": [123.9343636, 10.3414611]}, "properties": {"id": 12535636400, "amenity_type": "convenience", "amenity": "Mira Store"}}, {"type": "Feature", "geometry": {"type": "Point", "coordinates": [123.9339915, 10.3418398]}, "properties": {"id": 12535636443, "amenity_type": "convenience", "amenity": "Allin Store"}}, {"type": "Feature", "geometry": {"type": "Point", "coordinates": [123.9339184, 10.3419196]}, "properties": {"id": 12535636476, "amenity_type": "convenience", "amenity": "Marlyn Store"}}, {"type": "Feature", "geometry": {"type": "Point", "coordinates": [123.9607093, 10.3116137]}, "properties": {"id": 12547934605, "amenity_type": "convenience", "amenity": "Renee Convenience Store"}}, {"type": "Feature", "geometry": {"type": "Point", "coordinates": [123.9612104, 10.3088223]}, "properties": {"id": 12547934621, "amenity_type": "convenience", "amenity": "Shell Select"}}, {"type": "Feature", "geometry": {"type": "Point", "coordinates": [123.8126368, 10.2558336]}, "properties": {"id": 12606253238, "amenity_type": "convenience", "amenity": "Shell Select"}}, {"type": "Feature", "geometry": {"type": "Point", "coordinates": [123.8608238, 10.2853623]}, "properties": {"id": 12608720334, "amenity_type": "convenience", "amenity": "Shell Shop"}}, {"type": "Feature", "geometry": {"type": "Point", "coordinates": [123.8541, 10.2515975]}, "properties": {"id": 12704871334, "amenity_type": "convenience", "amenity": "7-Eleven"}}, {"type": "Feature", "geometry": {"type": "Point", "coordinates": [123.8748031, 10.2900912]}, "properties": {"id": 12704882143, "amenity_type": "convenience", "amenity": "7-Eleven"}}, {"type": "Feature", "geometry": {"type": "Point", "coordinates": [123.9169513, 10.3583711]}, "properties": {"id": 12728085766, "amenity_type": "convenience", "amenity": "Lensky Store"}}, {"type": "Feature", "geometry": {"type": "Point", "coordinates": [123.9215357, 10.3539295]}, "properties": {"id": 12735881156, "amenity_type": "convenience", "amenity": "4CJ Store"}}, {"type": "Feature", "geometry": {"type": "Point", "coordinates": [123.9213564, 10.35417]}, "properties": {"id": 12735881159, "amenity_type": "convenience", "amenity": "Golden Sales Minimart"}}, {"type": "Feature", "geometry": {"type": "Point", "coordinates": [123.9212645, 10.3542236]}, "properties": {"id": 12735881161, "amenity_type": "convenience", "amenity": "D&G mini-mart Walk In Store"}}, {"type": "Feature", "geometry": {"type": "Point", "coordinates": [123.9210989, 10.3544361]}, "properties": {"id": 12735881175, "amenity_type": "convenience", "amenity": "Rexivan Store"}}, {"type": "Feature", "geometry": {"type": "Point", "coordinates": [123.9190412, 10.3571062]}, "properties": {"id": 12735886546, "amenity_type": "convenience", "amenity": "Kurbada Minimart"}}, {"type": "Feature", "geometry": {"type": "Point", "coordinates": [123.9189379, 10.3572289]}, "properties": {"id": 12735886548, "amenity_type": "convenience", "amenity": "Maelanie Convenience Store"}}, {"type": "Feature", "geometry": {"type": "Point", "coordinates": [123.9189175, 10.3572434]}, "properties": {"id": 12735886549, "amenity_type": "convenience", "amenity": "Divina's Store"}}, {"type": "Feature", "geometry": {"type": "Point", "coordinates": [123.9188705, 10.3572876]}, "properties": {"id": 12735886553, "amenity_type": "convenience", "amenity": "Juvi Store"}}, {"type": "Feature", "geometry": {"type": "Point", "coordinates": [123.9188474, 10.3573018]}, "properties": {"id": 12735886554, "amenity_type": "convenience", "amenity": "Emelyn Shop"}}, {"type": "Feature", "geometry": {"type": "Point", "coordinates": [123.9183653, 10.3575093]}, "properties": {"id": 12735886602, "amenity_type": "convenience", "amenity": "Unnamed grocery"}}, {"type": "Feature", "geometry": {"type": "Point", "coordinates": [123.91832, 10.3575251]}, "properties": {"id": 12735886603, "amenity_type": "convenience", "amenity": "Unnamed grocery"}}, {"type": "Feature", "geometry": {"type": "Point", "coordinates": [123.9244616, 10.3505155]}, "properties": {"id": 12743913376, "amenity_type": "convenience", "amenity": "Violet Convenience Store"}}, {"type": "Feature", "geometry": {"type": "Point", "coordinates": [123.9241806, 10.3508889]}, "properties": {"id": 12743913383, "amenity_type": "convenience", "amenity": "Reg Store"}}, {"type": "Feature", "geometry": {"type": "Point", "coordinates": [123.9233445, 10.3519093]}, "properties": {"id": 12743939309, "amenity_type": "convenience", "amenity": "Unnamed grocery"}}, {"type": "Feature", "geometry": {"type": "Point", "coordinates": [123.9263391, 10.3482905]}, "properties": {"id": 12747133993, "amenity_type": "convenience", "amenity": "J&S Store"}}, {"type": "Feature", "geometry": {"type": "Point", "coordinates": [123.9257759, 10.3489235]}, "properties": {"id": 12747135204, "amenity_type": "convenience", "amenity": "Tres Marias Store"}}, {"type": "Feature", "geometry": {"type": "Point", "coordinates": [123.9257544, 10.3489495]}, "properties": {"id": 12747135205, "amenity_type": "convenience", "amenity": "Unnamed grocery"}}, {"type": "Feature", "geometry": {"type": "Point", "coordinates": [123.9254476, 10.3493364]}, "properties": {"id": 12747135214, "amenity_type": "convenience", "amenity": "J5 Sari Sari Store"}}, {"type": "Feature", "geometry": {"type": "Point", "coordinates": [123.9251915, 10.3495735]}, "properties": {"id": 12747135215, "amenity_type": "convenience", "amenity": "Unnamed grocery"}}, {"type": "Feature", "geometry": {"type": "Point", "coordinates": [123.9487805, 10.3110881]}, "properties": {"id": 12762802224, "amenity_type": "convenience", "amenity": "Christopher Store"}}, {"type": "Feature", "geometry": {"type": "Point", "coordinates": [123.9541514, 10.3127154]}, "properties": {"id": 12764571375, "amenity_type": "convenience", "amenity": "Bragat's Store"}}, {"type": "Feature", "geometry": {"type": "Point", "coordinates": [123.9512955, 10.3145052]}, "properties": {"id": 12764577278, "amenity_type": "convenience", "amenity": "PJJ Store"}}, {"type": "Feature", "geometry": {"type": "Point", "coordinates": [123.9509195, 10.3136671]}, "properties": {"id": 12767866016, "amenity_type": "convenience", "amenity": "Matutinao Store"}}, {"type": "Feature", "geometry": {"type": "Point", "coordinates": [123.9512476, 10.3144856]}, "properties": {"id": 12768454940, "amenity_type": "convenience", "amenity": "Liza Store"}}, {"type": "Feature", "geometry": {"type": "Point", "coordinates": [123.911937, 10.3034155]}, "properties": {"id": 12771234512, "amenity_type": "convenience", "amenity": "Quik Stop"}}, {"type": "Feature", "geometry": {"type": "Point", "coordinates": [123.9044, 10.2968593]}, "properties": {"id": 12835675901, "amenity_type": "convenience", "amenity": "Mahusay Store"}}, {"type": "Feature", "geometry": {"type": "Point", "coordinates": [123.904325, 10.2967569]}, "properties": {"id": 12835677501, "amenity_type": "convenience", "amenity": "Bell B Store"}}, {"type": "Feature", "geometry": {"type": "Point", "coordinates": [123.9026087, 10.2991633]}, "properties": {"id": 12835840001, "amenity_type": "convenience", "amenity": "Kizziah Store"}}, {"type": "Feature", "geometry": {"type": "Point", "coordinates": [123.9020369, 10.2989767]}, "properties": {"id": 12835840101, "amenity_type": "convenience", "amenity": "Kizziah Store 2"}}, {"type": "Feature", "geometry": {"type": "Point", "coordinates": [123.9040869, 10.2972409]}, "properties": {"id": 12836181101, "amenity_type": "convenience", "amenity": "Hanzo Jam"}}, {"type": "Feature", "geometry": {"type": "Point", "coordinates": [123.9772229, 10.3256056]}, "properties": {"id": 12840674802, "amenity_type": "convenience", "amenity": "7-Eleven"}}, {"type": "Feature", "geometry": {"type": "Point", "coordinates": [123.9495742, 10.3341934]}, "properties": {"id": 12841030701, "amenity_type": "convenience", "amenity": "Shell select"}}, {"type": "Feature", "geometry": {"type": "Point", "coordinates": [123.933523, 10.3232301]}, "properties": {"id": 12841030902, "amenity_type": "convenience", "amenity": "Unnamed grocery"}}, {"type": "Feature", "geometry": {"type": "Point", "coordinates": [123.9234646, 10.3241926]}, "properties": {"id": 12841031102, "amenity_type": "convenience", "amenity": "Unnamed grocery"}}, {"type": "Feature", "geometry": {"type": "Point", "coordinates": [123.9154663, 10.3248746]}, "properties": {"id": 12841036101, "amenity_type": "convenience", "amenity": "Shell shop"}}, {"type": "Feature", "geometry": {"type": "Point", "coordinates": [123.9042983, 10.2970129]}, "properties": {"id": 12848324101, "amenity_type": "convenience", "amenity": "Jap-jap Store"}}, {"type": "Feature", "geometry": {"type": "Point", "coordinates": [123.8945671, 10.3071686]}, "properties": {"id": 12856930101, "amenity_type": "convenience", "amenity": "KZ"}}, {"type": "Feature", "geometry": {"type": "Point", "coordinates": [123.8974598, 10.3077256]}, "properties": {"id": 12900667201, "amenity_type": "convenience", "amenity": "7-Eleven"}}, {"type": "Feature", "geometry": {"type": "Point", "coordinates": [123.8705862, 10.3356999]}, "properties": {"id": 12944400202, "amenity_type": "convenience", "amenity": "Merose"}}, {"type": "Feature", "geometry": {"type": "Point", "coordinates": [123.8716311, 10.3359692]}, "properties": {"id": 12944409501, "amenity_type": "convenience", "amenity": "Unnamed grocery"}}, {"type": "Feature", "geometry": {"type": "Point", "coordinates": [123.8728536, 10.3348478]}, "properties": {"id": 12944409601, "amenity_type": "convenience", "amenity": "Unnamed grocery"}}, {"type": "Feature", "geometry": {"type": "Point", "coordinates": [123.8731329, 10.3326491]}, "properties": {"id": 12944423902, "amenity_type": "convenience", "amenity": "Unnamed grocery"}}, {"type": "Feature", "geometry": {"type": "Point", "coordinates": [123.8726679, 10.3338053]}, "properties": {"id": 12944424004, "amenity_type": "convenience", "amenity": "Unnamed grocery"}}, {"type": "Feature", "geometry": {"type": "Point", "coordinates": [123.8743855, 10.3315896]}, "properties": {"id": 12944434901, "amenity_type": "convenience", "amenity": "Unnamed grocery"}}, {"type": "Feature", "geometry": {"type": "Point", "coordinates": [123.8766288, 10.3310245]}, "properties": {"id": 12944435001, "amenity_type": "convenience", "amenity": "Unnamed grocery"}}, {"type": "Feature", "geometry": {"type": "Point", "coordinates": [123.8989059, 10.3049959]}, "properties": {"id": 12960441301, "amenity_type": "convenience", "amenity": "Unnamed grocery"}}, {"type": "Feature", "geometry": {"type": "Point", "coordinates": [123.8999442, 10.3052513]}, "properties": {"id": 12963851601, "amenity_type": "convenience", "amenity": "Unnamed grocery"}}, {"type": "Feature", "geometry": {"type": "Point", "coordinates": [123.8977664, 10.3055484]}, "properties": {"id": 12963903136, "amenity_type": "convenience", "amenity": "Unnamed grocery"}}, {"type": "Feature", "geometry": {"type": "Point", "coordinates": [123.8905895, 10.2978207]}, "properties": {"id": 12985589301, "amenity_type": "convenience", "amenity": "7-Eleven"}}, {"type": "Feature", "geometry": {"type": "Point", "coordinates": [123.8905895, 10.2978207]}, "properties": {"id": 12985625803, "amenity_type": "convenience", "amenity": "7eleven"}}, {"type": "Feature", "geometry": {"type": "Point", "coordinates": [123.8988665, 10.303107]}, "properties": {"id": 12987197602, "amenity_type": "convenience", "amenity": "Nice Juan"}}, {"type": "Feature", "geometry": {"type": "Point", "coordinates": [123.9663845, 10.3796702]}, "properties": {"id": 13019935503, "amenity_type": "convenience", "amenity": "Shell Shop"}}, {"type": "Feature", "geometry": {"type": "Point", "coordinates": [123.8747703, 10.3004445]}, "properties": {"id": 13030943674, "amenity_type": "convenience", "amenity": "Shell Shop"}}, {"type": "Feature", "geometry": {"type": "Point", "coordinates": [123.8872681, 10.3082112]}, "properties": {"id": 13033129329, "amenity_type": "convenience", "amenity": "FamilyMart"}}, {"type": "Feature", "geometry": {"type": "Point", "coordinates": [123.8841735, 10.3157749]}, "properties": {"id": 13033345056, "amenity_type": "convenience", "amenity": "Unnamed grocery"}}, {"type": "Feature", "geometry": {"type": "Point", "coordinates": [123.8413373, 10.2637773]}, "properties": {"id": 13040587145, "amenity_type": "convenience", "amenity": "7-Eleven"}}, {"type": "Feature", "geometry": {"type": "Point", "coordinates": [123.9108635, 10.3024907]}, "properties": {"id": 13044377188, "amenity_type": "convenience", "amenity": "Shell Select"}}, {"type": "Feature", "geometry": {"type": "Point", "coordinates": [123.911996, 10.317954]}, "properties": {"id": 13047759211, "amenity_type": "convenience", "amenity": "Shell Shop"}}, {"type": "Feature", "geometry": {"type": "Point", "coordinates": [123.9050183, 10.338048]}, "properties": {"id": 13047796964, "amenity_type": "convenience", "amenity": "323 Minimart"}}, {"type": "Feature", "geometry": {"type": "Point", "coordinates": [123.9161722, 10.3249791]}, "properties": {"id": 13049241457, "amenity_type": "convenience", "amenity": "Shell Select"}}, {"type": "Feature", "geometry": {"type": "Point", "coordinates": [123.9143742, 10.3527635]}, "properties": {"id": 13062837496, "amenity_type": "convenience", "amenity": "Shell Select"}}, {"type": "Feature", "geometry": {"type": "Point", "coordinates": [123.939602, 10.3654778]}, "properties": {"id": 13062889357, "amenity_type": "convenience", "amenity": "Shell Select"}}, {"type": "Feature", "geometry": {"type": "Point", "coordinates": [123.94205, 10.3371653]}, "properties": {"id": 13064574641, "amenity_type": "convenience", "amenity": "Shell Select"}}, {"type": "Feature", "geometry": {"type": "Point", "coordinates": [123.9945913, 10.2838597]}, "properties": {"id": 13070338686, "amenity_type": "convenience", "amenity": "7-Eleven"}}, {"type": "Feature", "geometry": {"type": "Point", "coordinates": [123.9537969, 10.3373758]}, "properties": {"id": 13076935008, "amenity_type": "convenience", "amenity": "Shell Select"}}, {"type": "Feature", "geometry": {"type": "Point", "coordinates": [123.9646634, 10.3464719]}, "properties": {"id": 13092518529, "amenity_type": "convenience", "amenity": "JanRon Store"}}, {"type": "Feature", "geometry": {"type": "Point", "coordinates": [123.922403, 10.3353592]}, "properties": {"id": 13152194806, "amenity_type": "convenience", "amenity": "Unnamed grocery"}}, {"type": "Feature", "geometry": {"type": "Point", "coordinates": [123.9138407, 10.3433141]}, "properties": {"id": 13188173585, "amenity_type": "convenience", "amenity": "D'4GIGZ General Merchendise"}}, {"type": "Feature", "geometry": {"type": "Point", "coordinates": [123.9314861, 10.3370409]}, "properties": {"id": 13251607314, "amenity_type": "convenience", "amenity": "The Convenience Store"}}, {"type": "Feature", "geometry": {"type": "Point", "coordinates": [123.8934611, 10.3130307]}, "properties": {"id": 13288275346, "amenity_type": "convenience", "amenity": "7-Eleven"}}, {"type": "Feature", "geometry": {"type": "Point", "coordinates": [123.8943646, 10.3129621]}, "properties": {"id": 13288275350, "amenity_type": "convenience", "amenity": "Uncle John's"}}, {"type": "Feature", "geometry": {"type": "Point", "coordinates": [123.9096024, 10.3238961]}, "properties": {"id": 13361301498, "amenity_type": "convenience", "amenity": "Savstop"}}, {"type": "Feature", "geometry": {"type": "Point", "coordinates": [123.9018017, 10.31807]}, "properties": {"id": 13362943251, "amenity_type": "convenience", "amenity": "7-Eleven"}}, {"type": "Feature", "geometry": {"type": "Point", "coordinates": [123.9037923, 10.2985202]}, "properties": {"id": 13363205577, "amenity_type": "convenience", "amenity": "7-Eleven"}}, {"type": "Feature", "geometry": {"type": "Point", "coordinates": [124.0547692, 10.2554829]}, "properties": {"id": 13368474366, "amenity_type": "convenience", "amenity": "Mary Jane Store"}}, {"type": "Feature", "geometry": {"type": "Point", "coordinates": [123.9537512, 10.3052799]}, "properties": {"id": 13533575701, "amenity_type": "convenience", "amenity": "MyeongDong HMart"}}, {"type": "Feature", "geometry": {"type": "Point", "coordinates": [123.9296087, 10.3171646]}, "properties": {"id": 103623504, "amenity_type": "convenience", "amenity": "7-Eleven"}}, {"type": "Feature", "geometry": {"type": "Point", "coordinates": [123.8339355, 10.2362482]}, "properties": {"id": 128274765, "amenity_type": "convenience", "amenity": "Unnamed grocery"}}, {"type": "Feature", "geometry": {"type": "Point", "coordinates": [123.9424709, 10.336785]}, "properties": {"id": 245656774, "amenity_type": "convenience", "amenity": "7-Eleven"}}, {"type": "Feature", "geometry": {"type": "Point", "coordinates": [123.8958984, 10.3129534]}, "properties": {"id": 282866444, "amenity_type": "convenience", "amenity": "7-Eleven"}}, {"type": "Feature", "geometry": {"type": "Point", "coordinates": [123.9014617, 10.3161378]}, "properties": {"id": 282881380, "amenity_type": "convenience", "amenity": "JDL Quickshop"}}, {"type": "Feature", "geometry": {"type": "Point", "coordinates": [123.8424361, 10.3366369]}, "properties": {"id": 389748091, "amenity_type": "convenience", "amenity": "Nong Ime Store & Eatery"}}, {"type": "Feature", "geometry": {"type": "Point", "coordinates": [123.8393674, 10.2489714]}, "properties": {"id": 404024241, "amenity_type": "convenience", "amenity": "Gaisano Mart"}}, {"type": "Feature", "geometry": {"type": "Point", "coordinates": [123.8952151, 10.3020061]}, "properties": {"id": 437711366, "amenity_type": "convenience", "amenity": "7-Eleven"}}, {"type": "Feature", "geometry": {"type": "Point", "coordinates": [123.9484677, 10.3466836]}, "properties": {"id": 458025643, "amenity_type": "convenience", "amenity": "7-Eleven"}}, {"type": "Feature", "geometry": {"type": "Point", "coordinates": [123.8690907, 10.2579744]}, "properties": {"id": 473464824, "amenity_type": "convenience", "amenity": "Shell Select"}}, {"type": "Feature", "geometry": {"type": "Point", "coordinates": [123.869244, 10.257744]}, "properties": {"id": 473464858, "amenity_type": "fuel", "amenity": "Shell SRP"}}, {"type": "Feature", "geometry": {"type": "Point", "coordinates": [123.8428672, 10.2388912]}, "properties": {"id": 492901021, "amenity_type": "convenience", "amenity": "Quilaton Store"}}, {"type": "Feature", "geometry": {"type": "Point", "coordinates": [123.8436932, 10.239672]}, "properties": {"id": 506862423, "amenity_type": "convenience", "amenity": "Apron Store"}}, {"type": "Feature", "geometry": {"type": "Point", "coordinates": [123.8434577, 10.2395337]}, "properties": {"id": 506862430, "amenity_type": "convenience", "amenity": "Cabanig Store"}}, {"type": "Feature", "geometry": {"type": "Point", "coordinates": [123.8448103, 10.2406217]}, "properties": {"id": 508559088, "amenity_type": "convenience", "amenity": "4M and J store"}}, {"type": "Feature", "geometry": {"type": "Point", "coordinates": [123.8446598, 10.2406552]}, "properties": {"id": 508559089, "amenity_type": "convenience", "amenity": "Amor and lowell Store"}}, {"type": "Feature", "geometry": {"type": "Point", "coordinates": [123.8597006, 10.2746335]}, "properties": {"id": 527926393, "amenity_type": "convenience", "amenity": "7-Eleven"}}, {"type": "Feature", "geometry": {"type": "Point", "coordinates": [123.9062857, 10.3022343]}, "properties": {"id": 614513896, "amenity_type": "convenience", "amenity": "Unnamed grocery"}}, {"type": "Feature", "geometry": {"type": "Point", "coordinates": [123.779222, 10.2392191]}, "properties": {"id": 624154293, "amenity_type": "convenience", "amenity": "7-Eleven"}}, {"type": "Feature", "geometry": {"type": "Point", "coordinates": [123.8636566, 10.2880745]}, "properties": {"id": 624948457, "amenity_type": "convenience", "amenity": "Shell Shop"}}, {"type": "Feature", "geometry": {"type": "Point", "coordinates": [123.9178485, 10.3693859]}, "properties": {"id": 732272062, "amenity_type": "convenience", "amenity": "7-Eleven"}}, {"type": "Feature", "geometry": {"type": "Point", "coordinates": [123.8426187, 10.3366354]}, "properties": {"id": 763030748, "amenity_type": "convenience", "amenity": "Unnamed grocery"}}, {"type": "Feature", "geometry": {"type": "Point", "coordinates": [123.88245, 10.2951687]}, "properties": {"id": 854463863, "amenity_type": "convenience", "amenity": "Shell Select"}}, {"type": "Feature", "geometry": {"type": "Point", "coordinates": [123.7853973, 10.2422127]}, "properties": {"id": 901498634, "amenity_type": "convenience", "amenity": "Shell Select"}}, {"type": "Feature", "geometry": {"type": "Point", "coordinates": [123.9730888, 10.3235772]}, "properties": {"id": 925940645, "amenity_type": "convenience", "amenity": "Shell"}}, {"type": "Feature", "geometry": {"type": "Point", "coordinates": [123.8303369, 10.259789]}, "properties": {"id": 993792305, "amenity_type": "convenience", "amenity": "Shell Select"}}, {"type": "Feature", "geometry": {"type": "Point", "coordinates": [123.9476696, 10.3724915]}, "properties": {"id": 1189961330, "amenity_type": "convenience", "amenity": "CCC Yellow Store"}}, {"type": "Feature", "geometry": {"type": "Point", "coordinates": [123.9853267, 10.3042381]}, "properties": {"id": 1203013786, "amenity_type": "convenience", "amenity": "GO Mart Express"}}, {"type": "Feature", "geometry": {"type": "Point", "coordinates": [123.9865213, 10.2949755]}, "properties": {"id": 1237722027, "amenity_type": "convenience", "amenity": "Robinsons Easymart"}}, {"type": "Feature", "geometry": {"type": "Point", "coordinates": [123.7994362, 10.2468894]}, "properties": {"id": 1240077416, "amenity_type": "convenience", "amenity": "Unnamed grocery"}}, {"type": "Feature", "geometry": {"type": "Point", "coordinates": [123.7913698, 10.2438408]}, "properties": {"id": 1240077424, "amenity_type": "convenience", "amenity": "Unnamed grocery"}}, {"type": "Feature", "geometry": {"type": "Point", "coordinates": [123.9318468, 10.3214755]}, "properties": {"id": 1249708828, "amenity_type": "convenience", "amenity": "Shell Select"}}, {"type": "Feature", "geometry": {"type": "Point", "coordinates": [123.915903, 10.4233602]}, "properties": {"id": 1274011623, "amenity_type": "convenience", "amenity": "Unnamed grocery"}}, {"type": "Feature", "geometry": {"type": "Point", "coordinates": [123.9564832, 10.3112094]}, "properties": {"id": 1285448271, "amenity_type": "convenience", "amenity": "Unnamed grocery"}}, {"type": "Feature", "geometry": {"type": "Point", "coordinates": [123.9540444, 10.3113976]}, "properties": {"id": 1328973961, "amenity_type": "convenience", "amenity": "7-Eleven"}}, {"type": "Feature", "geometry": {"type": "Point", "coordinates": [123.8448796, 10.2692073]}, "properties": {"id": 1361879131, "amenity_type": "convenience", "amenity": "Shell Select"}}, {"type": "Feature", "geometry": {"type": "Point", "coordinates": [123.8495019, 10.2446167]}, "properties": {"id": 1375463027, "amenity_type": "convenience", "amenity": "Metro Value Mart"}}, {"type": "Feature", "geometry": {"type": "Point", "coordinates": [123.9073185, 10.3340246]}, "properties": {"id": 1376054064, "amenity_type": "convenience", "amenity": "7-Eleven"}}, {"type": "Feature", "geometry": {"type": "Point", "coordinates": [123.8458597, 10.2518737]}, "properties": {"id": 1418864435, "amenity_type": "convenience", "amenity": "7-Eleven"}}, {"type": "Feature", "geometry": {"type": "Point", "coordinates": [123.9443228, 10.2872624]}, "properties": {"id": 1420321086, "amenity_type": "convenience", "amenity": "7-Eleven"}}, {"type": "Feature", "geometry": {"type": "Point", "coordinates": [123.9415148, 10.3285179]}, "properties": {"id": 1421669118, "amenity_type": "convenience", "amenity": "Shell Select"}}, {"type": "Feature", "geometry": {"type": "Point", "coordinates": [123.9624841, 10.3778446]}, "properties": {"id": 1423799085, "amenity_type": "convenience", "amenity": "Unnamed grocery"}}, {"type": "Feature", "geometry": {"type": "Point", "coordinates": [124.0543865, 10.2556911]}, "properties": {"id": 1457635795, "amenity_type": "convenience", "amenity": "Olango Island Convenience Store"}}]}