{"type": "FeatureCollection", "features": [{"type": "Feature", "geometry": {"type": "Point", "coordinates": [123.9040433, 10.2986579]}, "properties": {"id": "ChIJQYJWH1-ZqTMRL8vTiCw8NSk", "amenity_type": "tourist_attraction", "amenity": "1730 Jesuit House", "lgu": "Cebu City"}}, {"type": "Feature", "geometry": {"type": "Point", "coordinates": [123.9012257, 10.3340267]}, "properties": {"id": "ChIJHUlipniZqTMRgHons7sSuaE", "amenity_type": "lodging", "amenity": "26th Avenue Guesthouse", "lgu": "Cebu City"}}, {"type": "Feature", "geometry": {"type": "Point", "coordinates": [123.9074031, 10.3331525]}, "properties": {"id": "ChIJXzHnGCCZqTMRFaLxyseYui0", "amenity_type": "lodging", "amenity": "Alba Uno Hotel", "lgu": "Cebu City"}}, {"type": "Feature", "geometry": {"type": "Point", "coordinates": [123.90375, 10.3094336]}, "properties": {"id": "ChIJB1NVlEOZqTMRnmWoOsIVN50", "amenity_type": "lodging", "amenity": "AllSon's Inn", "lgu": "Cebu City"}}, {"type": "Feature", "geometry": {"type": "Point", "coordinates": [123.9035807, 10.3092536]}, "properties": {"id": "ChIJz9eCRKyZqTMRxK-aGEoOIGc", "amenity_type": "lodging", "amenity": "Almond Suites", "lgu": "Cebu City"}}, {"type": "Feature", "geometry": {"type": "Point", "coordinates": [123.899447, 10.309881]}, "properties": {"id": "ChIJqVrGs0WZqTMRqqQyBKCWCWo", "amenity_type": "lodging", "amenity": "Alto Pension House", "lgu": "Cebu City"}}, {"type": "Feature", "geometry": {"type": "Point", "coordinates": [123.8894362, 10.317351]}, "properties": {"id": "ChIJ6xlvd0qZqTMRr4KjCN5WLDQ", "amenity_type": "lodging", "amenity": "Amethyst Boutique Hotel Cebu", "lgu": "Cebu City"}}, {"type": "Feature", "geometry": {"type": "Point", "coordinates": [123.8981022, 10.2992366]}, "properties": {"id": "ChIJn7X9OliZqTMROYyA-bukf0k", "amenity_type": "lodging", "amenity": "Angels Pension houseTenant referral only", "lgu": "Cebu City"}}, {"type": "Feature", "geometry": {"type": "Point", "coordinates": [123.9076554, 10.3334235]}, "properties": {"id": "ChIJXT_HGCCZqTMRezm3RjOCb4g", "amenity_type": "lodging", "amenity": "Anri Pension House", "lgu": "Cebu City"}}, {"type": "Feature", "geometry": {"type": "Point", "coordinates": [123.9035625, 10.2961373]}, "properties": {"id": "ChIJT7kt7uGbqTMRE9pS3Ayv3ao", "amenity_type": "tourist_attraction", "amenity": "Archdiocesan Museum of Cebu", "lgu": "Cebu City"}}, {"type": "Feature", "geometry": {"type": "Point", "coordinates": [123.9040602, 10.3064718]}, "properties": {"id": "ChIJiUfgPQCZqTMRysb9xzQxmlk", "amenity_type": "tourist_attraction", "amenity": "Ardex Tambayan", "lgu": "Cebu City"}}, {"type": "Feature", "geometry": {"type": "Point", "coordinates": [123.91004, 10.3128033]}, "properties": {"id": "ChIJd0KiYwCZqTMR1zS_jDGPO0I", "amenity_type": "tourist_attraction", "amenity": "Argao planta", "lgu": "Cebu City"}}, {"type": "Feature", "geometry": {"type": "Point", "coordinates": [123.8774881, 10.3038213]}, "properties": {"id": "ChIJbewhEACfqTMRApvn_oQBQZ4", "amenity_type": "tourist_attraction", "amenity": "Arvin Valle", "lgu": "Cebu City"}}, {"type": "Feature", "geometry": {"type": "Point", "coordinates": [123.884083, 10.298521]}, "properties": {"id": "ChIJC96PGaieqTMRT3UhcJH3Epw", "amenity_type": "lodging", "amenity": "Athalia Building", "lgu": "Cebu City"}}, {"type": "Feature", "geometry": {"type": "Point", "coordinates": [123.8960731, 10.3183828]}, "properties": {"id": "ChIJdxY6YwCZqTMRJ9Rdh9Uf0Xc", "amenity_type": "tourist_attraction", "amenity": "Axis Avenue of Lights", "lgu": "Cebu City"}}, {"type": "Feature", "geometry": {"type": "Point", "coordinates": [123.8929645, 10.313421]}, "properties": {"id": "ChIJv_5aBe-ZqTMRYfIEMOx9Doc", "amenity_type": "lodging", "amenity": "Bayfront Hotel Cebu - Capitol Site", "lgu": "Cebu City"}}, {"type": "Feature", "geometry": {"type": "Point", "coordinates": [123.8896094, 10.3331125]}, "properties": {"id": "ChIJdWAY9omZqTMR5PT1YBVRFhM", "amenity_type": "tourist_attraction", "amenity": "Beverly Hills Lahug Cebu City", "lgu": "Cebu City"}}, {"type": "Feature", "geometry": {"type": "Point", "coordinates": [123.88544, 10.315699]}, "properties": {"id": "ChIJa8YrKrWeqTMRUmeeQNYZ4OA", "amenity_type": "lodging", "amenity": "Bongavilla Beach Resort & Spa", "lgu": "Cebu City"}}, {"type": "Feature", "geometry": {"type": "Point", "coordinates": [123.8925778, 10.2994328]}, "properties": {"id": "ChIJuxIAGQCZqTMRLg6VPhXaGUs", "amenity_type": "tourist_attraction", "amenity": "Box mini Private, Sambag 1, Cebu city", "lgu": "Cebu City"}}, {"type": "Feature", "geometry": {"type": "Point", "coordinates": [123.9039259, 10.328264]}, "properties": {"id": "ChIJO88KUwCfqTMRXjMon7rGBD0", "amenity_type": "tourist_attraction", "amenity": "Busay Cebu", "lgu": "Cebu City"}}, {"type": "Feature", "geometry": {"type": "Point", "coordinates": [123.899131, 10.2914389]}, "properties": {"id": "ChIJkw4YkuSbqTMRj-KNt73Rp_w", "amenity_type": "tourist_attraction", "amenity": "Carbon Market", "lgu": "Cebu City"}}, {"type": "Feature", "geometry": {"type": "Point", "coordinates": [123.911479, 10.3187219]}, "properties": {"id": "ChIJEalesxWZqTMRXDp52gxWuPo", "amenity_type": "tourist_attraction", "amenity": "Carmelite Monastery", "lgu": "Cebu City"}}, {"type": "Feature", "geometry": {"type": "Point", "coordinates": [123.9163928, 10.3223248]}, "properties": {"id": "ChIJteVFQwCZqTMRjG4qh49SmW4", "amenity_type": "tourist_attraction", "amenity": "Casa De Cacao", "lgu": "Cebu City"}}, {"type": "Feature", "geometry": {"type": "Point", "coordinates": [123.9048616, 10.299913]}, "properties": {"id": "ChIJdZVg9F6ZqTMRbU7ErBLR6vU", "amenity_type": "tourist_attraction", "amenity": "Casa Gorordo Museum", "lgu": "Cebu City"}}, {"type": "Feature", "geometry": {"type": "Point", "coordinates": [123.9119862, 10.3238403]}, "properties": {"id": "ChIJp2lbZheZqTMR7TLFFL3T6n0", "amenity_type": "lodging", "amenity": "Casa Loreto B&B", "lgu": "Cebu City"}}, {"type": "Feature", "geometry": {"type": "Point", "coordinates": [123.8959931, 10.313101]}, "properties": {"id": "ChIJG-hAvEiZqTMR4UEoocRnlAg", "amenity_type": "lodging", "amenity": "Casa Rosario Hotel", "lgu": "Cebu City"}}, {"type": "Feature", "geometry": {"type": "Point", "coordinates": [123.8981974, 10.3076235]}, "properties": {"id": "ChIJJSDyO0WZqTMRXaEQquMpzFk", "amenity_type": "tourist_attraction", "amenity": "Casino Español de Cebu", "lgu": "Cebu City"}}, {"type": "Feature", "geometry": {"type": "Point", "coordinates": [123.9138739, 10.3226077]}, "properties": {"id": "ChIJfWHcMheZqTMRRo96BsPdbUk", "amenity_type": "lodging", "amenity": "Castle Peak Hotel", "lgu": "Cebu City"}}, {"type": "Feature", "geometry": {"type": "Point", "coordinates": [123.8998914, 10.2982908]}, "properties": {"id": "ChIJN46R-SKZqTMRW81jt6naGFk", "amenity_type": "lodging", "amenity": "Cebu Backpackers Hostel", "lgu": "Cebu City"}}, {"type": "Feature", "geometry": {"type": "Point", "coordinates": [123.9007358, 10.2977752]}, "properties": {"id": "ChIJc8ZDkViZqTMRpqBHqfANjSI", "amenity_type": "lodging", "amenity": "Cebu Business Hotel", "lgu": "Cebu City"}}, {"type": "Feature", "geometry": {"type": "Point", "coordinates": [123.8918445, 10.3163258]}, "properties": {"id": "ChIJkd_I8UmZqTMRvcp1KpRpEXs", "amenity_type": "lodging", "amenity": "Cebu Capitol Central Hotel & Suites", "lgu": "Cebu City"}}, {"type": "Feature", "geometry": {"type": "Point", "coordinates": [123.8989615, 10.2970616]}, "properties": {"id": "ChIJdTpaeFiZqTMRfGWB8x5U_6o", "amenity_type": "lodging", "amenity": "Cebu Century Hotel", "lgu": "Cebu City"}}, {"type": "Feature", "geometry": {"type": "Point", "coordinates": [123.894274, 10.311692]}, "properties": {"id": "ChIJCxCLJU-ZqTMRFlaKows-y28", "amenity_type": "lodging", "amenity": "Cebu Century Plaza Hotel", "lgu": "Cebu City"}}, {"type": "Feature", "geometry": {"type": "Point", "coordinates": [123.8954441, 10.3005725]}, "properties": {"id": "ChIJf4X5EVeZqTMRQ_EpX26alNA", "amenity_type": "tourist_attraction", "amenity": "Cebu City Sports Center", "lgu": "Cebu City"}}, {"type": "Feature", "geometry": {"type": "Point", "coordinates": [123.913479, 10.3206788]}, "properties": {"id": "ChIJT2EdT3GZqTMR23I5HKvPEZE", "amenity_type": "lodging", "amenity": "Cebu Family Suites powered by Cocotel", "lgu": "Cebu City"}}, {"type": "Feature", "geometry": {"type": "Point", "coordinates": [123.8955108, 10.3183864]}, "properties": {"id": "ChIJ69rb5DeZqTMROYkGsbyQ6WM", "amenity_type": "lodging", "amenity": "Cebu Grand Hotel", "lgu": "Cebu City"}}, {"type": "Feature", "geometry": {"type": "Point", "coordinates": [123.8923123, 10.3416833]}, "properties": {"id": "ChIJg9XobtGYqTMRlFw9lOZf1_M", "amenity_type": "lodging", "amenity": "Cebu Guest Inn", "lgu": "Cebu City"}}, {"type": "Feature", "geometry": {"type": "Point", "coordinates": [123.8938474, 10.3464845]}, "properties": {"id": "ChIJVc96Lc6YqTMRt5RwGMxedlU", "amenity_type": "lodging", "amenity": "Cebu Hilltop Hotel", "lgu": "Cebu City"}}, {"type": "Feature", "geometry": {"type": "Point", "coordinates": [123.8905612, 10.3130777]}, "properties": {"id": "ChIJZ8Tl-0uZqTMRNgSFFMEg6hs", "amenity_type": "lodging", "amenity": "Cebu Hotel Plus", "lgu": "Cebu City"}}, {"type": "Feature", "geometry": {"type": "Point", "coordinates": [123.8908334, 10.3163291]}, "properties": {"id": "ChIJadEVV0yZqTMRekT3PI-8Jwc", "amenity_type": "tourist_attraction", "amenity": "Cebu Kilometer Zero", "lgu": "Cebu City"}}, {"type": "Feature", "geometry": {"type": "Point", "coordinates": [123.8872791, 10.3122628]}, "properties": {"id": "ChIJmeVzvkyZqTMRyAruCgIdPwU", "amenity_type": "lodging", "amenity": "Cebu Leisure Lodge", "lgu": "Cebu City"}}, {"type": "Feature", "geometry": {"type": "Point", "coordinates": [123.9029952, 10.2955765]}, "properties": {"id": "ChIJlWUN8-GbqTMRepueypood48", "amenity_type": "tourist_attraction", "amenity": "Cebu Metropolitan Cathedral", "lgu": "Cebu City"}}, {"type": "Feature", "geometry": {"type": "Point", "coordinates": [123.8973106, 10.3185465]}, "properties": {"id": "ChIJmbXsobCZqTMRHO6zrj0W9lU", "amenity_type": "lodging", "amenity": "Cebu Mini Hotel", "lgu": "Cebu City"}}, {"type": "Feature", "geometry": {"type": "Point", "coordinates": [123.896342, 10.3013452]}, "properties": {"id": "ChIJVVVVWVeZqTMRl7svJzEKQdE", "amenity_type": "tourist_attraction", "amenity": "Cebu Normal University Museum", "lgu": "Cebu City"}}, {"type": "Feature", "geometry": {"type": "Point", "coordinates": [123.902264, 10.3288533]}, "properties": {"id": "ChIJW2O3gyOZqTMRoUp0c3PiDXE", "amenity_type": "lodging", "amenity": "Cebu Northwinds Hotel", "lgu": "Cebu City"}}, {"type": "Feature", "geometry": {"type": "Point", "coordinates": [123.903079, 10.3202607]}, "properties": {"id": "ChIJc8mvsT6ZqTMRrPp8G7jlLT0", "amenity_type": "lodging", "amenity": "Cebu Parklane International Hotel", "lgu": "Cebu City"}}, {"type": "Feature", "geometry": {"type": "Point", "coordinates": [123.8906336, 10.3168489]}, "properties": {"id": "ChIJ44n4BUqZqTMRnTzd5jeE0gQ", "amenity_type": "tourist_attraction", "amenity": "Cebu Provincial Capitol", "lgu": "Cebu City"}}, {"type": "Feature", "geometry": {"type": "Point", "coordinates": [123.9093043, 10.3200506]}, "properties": {"id": "ChIJscevspmZqTMR5Obr8qGoQ4o", "amenity_type": "lodging", "amenity": "Cebu Quincentennial Hotel", "lgu": "Cebu City"}}, {"type": "Feature", "geometry": {"type": "Point", "coordinates": [123.8900955, 10.3154083]}, "properties": {"id": "ChIJJ4s_NEqZqTMRh6LHKq63UTo", "amenity_type": "lodging", "amenity": "Cebu R Hotel", "lgu": "Cebu City"}}, {"type": "Feature", "geometry": {"type": "Point", "coordinates": [123.8854366, 10.3156992]}, "properties": {"id": "ChIJV5J8xYCfqTMRK-t4_Ljbg20", "amenity_type": "tourist_attraction", "amenity": "Cebu Random Finds", "lgu": "Cebu City"}}, {"type": "Feature", "geometry": {"type": "Point", "coordinates": [123.8646969, 10.288078]}, "properties": {"id": "ChIJAXTN18KdqTMRXYi33J7nLgU", "amenity_type": "tourist_attraction", "amenity": "Cebu Tour Guide", "lgu": "Cebu City"}}, {"type": "Feature", "geometry": {"type": "Point", "coordinates": [123.8589648, 10.2888034]}, "properties": {"id": "ChIJQ5l2xgiZqTMRdKTg9DmzCv4", "amenity_type": "lodging", "amenity": "Cebu Tourist INN", "lgu": "Cebu City"}}, {"type": "Feature", "geometry": {"type": "Point", "coordinates": [123.8969974, 10.3307323]}, "properties": {"id": "ChIJm-wlKBaZqTMRdu32VNkS5kY", "amenity_type": "lodging", "amenity": "Cebu Transient Rooms", "lgu": "Cebu City"}}, {"type": "Feature", "geometry": {"type": "Point", "coordinates": [123.866337, 10.2814184]}, "properties": {"id": "ChIJcyAkKmucqTMRdezbCIH3nLA", "amenity_type": "lodging", "amenity": "Cebu Wetland Resort", "lgu": "Cebu City"}}, {"type": "Feature", "geometry": {"type": "Point", "coordinates": [123.8953638, 10.2979608]}, "properties": {"id": "ChIJ11vBDACZqTMRNxp1TGePUnk", "amenity_type": "tourist_attraction", "amenity": "Cebu city", "lgu": "Cebu City"}}, {"type": "Feature", "geometry": {"type": "Point", "coordinates": [123.8982163, 10.2963199]}, "properties": {"id": "ChIJpw3EveKbqTMR9H5KrBpLrNE", "amenity_type": "lodging", "amenity": "Cebu transient rooms", "lgu": "Cebu City"}}, {"type": "Feature", "geometry": {"type": "Point", "coordinates": [123.8982511, 10.2962749]}, "properties": {"id": "ChIJ9xeFHgCbqTMRt17R5Lkft8U", "amenity_type": "tourist_attraction", "amenity": "Cebu-ya Crossing", "lgu": "Cebu City"}}, {"type": "Feature", "geometry": {"type": "Point", "coordinates": [123.8981365, 10.2980205]}, "properties": {"id": "ChIJzelREliZqTMRbBwf5_wben8", "amenity_type": "lodging", "amenity": "Cebuview Tourist Inn", "lgu": "Cebu City"}}, {"type": "Feature", "geometry": {"type": "Point", "coordinates": [123.8778229, 10.2817974]}, "properties": {"id": "ChIJ95A-5AycqTMRAigIv9nsSQs", "amenity_type": "tourist_attraction", "amenity": "Chapel of San Pedro Calungsod", "lgu": "Cebu City"}}, {"type": "Feature", "geometry": {"type": "Point", "coordinates": [123.9003122, 10.2989144]}, "properties": {"id": "ChIJf0-17v6ZqTMRru9Cp3zvMKM", "amenity_type": "lodging", "amenity": "Che and James Guest House", "lgu": "Cebu City"}}, {"type": "Feature", "geometry": {"type": "Point", "coordinates": [123.9111991, 10.3042607]}, "properties": {"id": "ChIJVVfSEB-ZqTMRgJ1YSstDLTQ", "amenity_type": "tourist_attraction", "amenity": "Christmas Village og Love", "lgu": "Cebu City"}}, {"type": "Feature", "geometry": {"type": "Point", "coordinates": [123.901803, 10.316145]}, "properties": {"id": "ChIJm0iFLN6ZqTMRsTUOXVHB084", "amenity_type": "lodging", "amenity": "City Stay Cebu", "lgu": "Cebu City"}}, {"type": "Feature", "geometry": {"type": "Point", "coordinates": [123.8973022, 10.3056885]}, "properties": {"id": "ChIJc6yApVqZqTMRqySbvCnm7T8", "amenity_type": "lodging", "amenity": "City Suites Ramos Tower", "lgu": "Cebu City"}}, {"type": "Feature", "geometry": {"type": "Point", "coordinates": [123.9036644, 10.2979797]}, "properties": {"id": "ChIJ4dWUPl-ZqTMRRAXUfxKt42s", "amenity_type": "tourist_attraction", "amenity": "Colon Obelisk arcae", "lgu": "Cebu City"}}, {"type": "Feature", "geometry": {"type": "Point", "coordinates": [123.894077, 10.3080134]}, "properties": {"id": "ChIJKSX60k-ZqTMR6LAVn86QP4M", "amenity_type": "lodging", "amenity": "Crown Regency Hotel & Towers", "lgu": "Cebu City"}}, {"type": "Feature", "geometry": {"type": "Point", "coordinates": [123.9016647, 10.32975]}, "properties": {"id": "ChIJO7I8ESSZqTMRsjABytp4VdE", "amenity_type": "lodging", "amenity": "Crowne Garden Hotel", "lgu": "Cebu City"}}, {"type": "Feature", "geometry": {"type": "Point", "coordinates": [123.8920517, 10.3112987]}, "properties": {"id": "ChIJvS_Tok6ZqTMRd4PyBLNiZgM", "amenity_type": "lodging", "amenity": "Cuarto Hotel Cebu", "lgu": "Cebu City"}}, {"type": "Feature", "geometry": {"type": "Point", "coordinates": [123.8977827, 10.3025163]}, "properties": {"id": "ChIJXVjhUYSZqTMRVMXcCy42kbs", "amenity_type": "lodging", "amenity": "Diamond Hall Cebu", "lgu": "Cebu City"}}, {"type": "Feature", "geometry": {"type": "Point", "coordinates": [123.8969354, 10.3061156]}, "properties": {"id": "ChIJz3CVClCZqTMRnbPqpqzAWgg", "amenity_type": "lodging", "amenity": "Diplomat Hotel Cebu", "lgu": "Cebu City"}}, {"type": "Feature", "geometry": {"type": "Point", "coordinates": [123.8968613, 10.3338276]}, "properties": {"id": "ChIJQWc3XiiZqTMRa3p8Y5DXrEE", "amenity_type": "lodging", "amenity": "Double A at Mivesa", "lgu": "Cebu City"}}, {"type": "Feature", "geometry": {"type": "Point", "coordinates": [123.9019721, 10.3115413]}, "properties": {"id": "ChIJwd0FORqZqTMRNojinghJTD0", "amenity_type": "lodging", "amenity": "Down South Hostel, Cebu city", "lgu": "Cebu City"}}, {"type": "Feature", "geometry": {"type": "Point", "coordinates": [123.8982283, 10.2962772]}, "properties": {"id": "ChIJtUqLDKibqTMRvX48jFWyLX8", "amenity_type": "tourist_attraction", "amenity": "Downtown Cebu City", "lgu": "Cebu City"}}, {"type": "Feature", "geometry": {"type": "Point", "coordinates": [123.9035352, 10.309044]}, "properties": {"id": "ChIJzU3MekOZqTMRu51x_Epm7Ls", "amenity_type": "lodging", "amenity": "Dragon Home Inn", "lgu": "Cebu City"}}, {"type": "Feature", "geometry": {"type": "Point", "coordinates": [123.8897222, 10.3122222]}, "properties": {"id": "ChIJo9CEckyZqTMRsOWcZ7F3G6A", "amenity_type": "lodging", "amenity": "Dynasty Tourist Inn", "lgu": "Cebu City"}}, {"type": "Feature", "geometry": {"type": "Point", "coordinates": [123.9025934, 10.3108839]}, "properties": {"id": "ChIJ02QlTwCZqTMRN-3FPj_xPu0", "amenity_type": "tourist_attraction", "amenity": "Eason 一世", "lgu": "Cebu City"}}, {"type": "Feature", "geometry": {"type": "Point", "coordinates": [123.8935012, 10.3106572]}, "properties": {"id": "ChIJba8X-06ZqTMROeIepFxcMjQ", "amenity_type": "lodging", "amenity": "Elegant Circle Inn", "lgu": "Cebu City"}}, {"type": "Feature", "geometry": {"type": "Point", "coordinates": [123.8935274, 10.3179038]}, "properties": {"id": "ChIJ9ZjMMDaZqTMRR86QdZljiaU", "amenity_type": "lodging", "amenity": "Escario Central Hotel", "lgu": "Cebu City"}}, {"type": "Feature", "geometry": {"type": "Point", "coordinates": [123.8930644, 10.3115672]}, "properties": {"id": "ChIJr7JOz06ZqTMRkGsxmFJoGks", "amenity_type": "lodging", "amenity": "Executive Pension", "lgu": "Cebu City"}}, {"type": "Feature", "geometry": {"type": "Point", "coordinates": [123.8971555, 10.2990792]}, "properties": {"id": "ChIJbSk-JliZqTMR8l11vcbxvIY", "amenity_type": "lodging", "amenity": "Express Inn Osmena", "lgu": "Cebu City"}}, {"type": "Feature", "geometry": {"type": "Point", "coordinates": [123.8941189, 10.3038074]}, "properties": {"id": "ChIJISbRH1GZqTMRqp24p3b0sBc", "amenity_type": "lodging", "amenity": "Familia Pension House", "lgu": "Cebu City"}}, {"type": "Feature", "geometry": {"type": "Point", "coordinates": [123.9090124, 10.3335821]}, "properties": {"id": "ChIJERud7h-ZqTMRAlf7hPnHbFw", "amenity_type": "lodging", "amenity": "Felix Bnb", "lgu": "Cebu City"}}, {"type": "Feature", "geometry": {"type": "Point", "coordinates": [123.8817315, 10.2713631]}, "properties": {"id": "ChIJH5u-OnecqTMRlls-lYZ7n4M", "amenity_type": "lodging", "amenity": "Fili Hotel at NUSTAR Resort Cebu", "lgu": "Cebu City"}}, {"type": "Feature", "geometry": {"type": "Point", "coordinates": [123.905636, 10.292457]}, "properties": {"id": "ChIJiYix3uCbqTMRAqkwfbD7es0", "amenity_type": "tourist_attraction", "amenity": "Fort San Pedro", "lgu": "Cebu City"}}, {"type": "Feature", "geometry": {"type": "Point", "coordinates": [123.8804684, 10.2829604]}, "properties": {"id": "ChIJWxk2FACdqTMRVSlZu3usEO8", "amenity_type": "tourist_attraction", "amenity": "Front Facing Pinkie Pie at SM Department Store", "lgu": "Cebu City"}}, {"type": "Feature", "geometry": {"type": "Point", "coordinates": [123.8941215, 10.3110233]}, "properties": {"id": "ChIJ5_fUL0yZqTMRhGuA6HWAT3U", "amenity_type": "lodging", "amenity": "Fuente Hotel de Cebu", "lgu": "Cebu City"}}, {"type": "Feature", "geometry": {"type": "Point", "coordinates": [123.8927511, 10.312439]}, "properties": {"id": "ChIJhSp0SEmZqTMRm9QQFZ5E_gA", "amenity_type": "lodging", "amenity": "Fuente Oro Business Suites", "lgu": "Cebu City"}}, {"type": "Feature", "geometry": {"type": "Point", "coordinates": [123.8936769, 10.3102031]}, "properties": {"id": "ChIJSy3DeQCZqTMRQOLGvV13yW4", "amenity_type": "lodging", "amenity": "Fuente osmena cebu city", "lgu": "Cebu City"}}, {"type": "Feature", "geometry": {"type": "Point", "coordinates": [123.894217, 10.294464]}, "properties": {"id": "ChIJbzHo9fybqTMRK_LNeAbDZu4", "amenity_type": "lodging", "amenity": "GLOJAM Town Apartelle", "lgu": "Cebu City"}}, {"type": "Feature", "geometry": {"type": "Point", "coordinates": [123.8933777, 10.296878]}, "properties": {"id": "ChIJiTH4_leZqTMROxnye9eNnwU", "amenity_type": "lodging", "amenity": "Global 88 Apartelle", "lgu": "Cebu City"}}, {"type": "Feature", "geometry": {"type": "Point", "coordinates": [123.8981706, 10.340663]}, "properties": {"id": "ChIJwQ3KH9qYqTMRiX2vvF5-pcI", "amenity_type": "tourist_attraction", "amenity": "Goddess of Mercy", "lgu": "Cebu City"}}, {"type": "Feature", "geometry": {"type": "Point", "coordinates": [123.8941821, 10.3018931]}, "properties": {"id": "ChIJ4x77J1eZqTMR2SHCZ6h7pIs", "amenity_type": "lodging", "amenity": "Goland Pension House & Dormitory by SMS Hospitality", "lgu": "Cebu City"}}, {"type": "Feature", "geometry": {"type": "Point", "coordinates": [123.890929, 10.3138406]}, "properties": {"id": "ChIJAQAA0EuZqTMRa-VZiB1rJ0M", "amenity_type": "tourist_attraction", "amenity": "Governors' Gallery", "lgu": "Cebu City"}}, {"type": "Feature", "geometry": {"type": "Point", "coordinates": [123.8905223, 10.3142694]}, "properties": {"id": "ChIJk3YHxUuZqTMRUKJN9AxH9j4", "amenity_type": "lodging", "amenity": "Gran Tierra Suites", "lgu": "Cebu City"}}, {"type": "Feature", "geometry": {"type": "Point", "coordinates": [123.906814, 10.3058929]}, "properties": {"id": "ChIJ2W_dEV2ZqTMRzMPi2dqSOFQ", "amenity_type": "tourist_attraction", "amenity": "Grand Tejero Cockpit Arena", "lgu": "Cebu City"}}, {"type": "Feature", "geometry": {"type": "Point", "coordinates": [123.7824685, 10.390784]}, "properties": {"id": "ChIJsahA-3ALqTMRcTMmRRshTjw", "amenity_type": "lodging", "amenity": "Guillen Plantaciones Resort Farm", "lgu": "Cebu City"}}, {"type": "Feature", "geometry": {"type": "Point", "coordinates": [123.8908134, 10.3134494]}, "properties": {"id": "ChIJM-jk5EuZqTMR8U2RqVFRPLg", "amenity_type": "lodging", "amenity": "Hamersons Hotel Cebu", "lgu": "Cebu City"}}, {"type": "Feature", "geometry": {"type": "Point", "coordinates": [123.9045862, 10.2956808]}, "properties": {"id": "ChIJr7hXOGabqTMRCDHBnnTbKxU", "amenity_type": "lodging", "amenity": "HappyNest Hostel Cebu", "lgu": "Cebu City"}}, {"type": "Feature", "geometry": {"type": "Point", "coordinates": [123.8991125, 10.3196171]}, "properties": {"id": "ChIJPTKTpDmZqTMRNBOwcrVHv70", "amenity_type": "lodging", "amenity": "Harolds Hotel Cebu City", "lgu": "Cebu City"}}, {"type": "Feature", "geometry": {"type": "Point", "coordinates": [123.9030021, 10.2988637]}, "properties": {"id": "ChIJVVUJKV-ZqTMRQqcSUyQMRLo", "amenity_type": "lodging", "amenity": "Heaven's Pension House", "lgu": "Cebu City"}}, {"type": "Feature", "geometry": {"type": "Point", "coordinates": [123.9035745, 10.2988468]}, "properties": {"id": "ChIJhwbYF6KhqTMRnblKTxe9bqo", "amenity_type": "tourist_attraction", "amenity": "Heritage of Cebu Monument", "lgu": "Cebu City"}}, {"type": "Feature", "geometry": {"type": "Point", "coordinates": [123.8929228, 10.3183234]}, "properties": {"id": "ChIJL1s_MBSZqTMRyDffXQ-NxCQ", "amenity_type": "lodging", "amenity": "Hideaway 903 bnb", "lgu": "Cebu City"}}, {"type": "Feature", "geometry": {"type": "Point", "coordinates": [123.909306, 10.316972]}, "properties": {"id": "ChIJc7grKrWeqTMRpVenIVc_UmE", "amenity_type": "lodging", "amenity": "Holiday Inn Cebu City by IHG", "lgu": "Cebu City"}}, {"type": "Feature", "geometry": {"type": "Point", "coordinates": [123.9110502, 10.3296134]}, "properties": {"id": "ChIJnegG2R6ZqTMRLdJMuXY_bEw", "amenity_type": "lodging", "amenity": "Holiday Spa Hotel", "lgu": "Cebu City"}}, {"type": "Feature", "geometry": {"type": "Point", "coordinates": [123.9092805, 10.3170212]}, "properties": {"id": "ChIJ0-Sht_GZqTMR7pS9F8JP2GA", "amenity_type": "lodging", "amenity": "Hop Inn Hotel Cebu City", "lgu": "Cebu City"}}, {"type": "Feature", "geometry": {"type": "Point", "coordinates": [123.8948654, 10.2969068]}, "properties": {"id": "ChIJgWY_KwCbqTMRB-t4Ck3AhGY", "amenity_type": "lodging", "amenity": "Hope Pension House", "lgu": "Cebu City"}}, {"type": "Feature", "geometry": {"type": "Point", "coordinates": [123.8958341, 10.3131638]}, "properties": {"id": "ChIJm-GLrkmZqTMRdBXuU3nvOu0", "amenity_type": "lodging", "amenity": "Hostel 7 Cebu", "lgu": "Cebu City"}}, {"type": "Feature", "geometry": {"type": "Point", "coordinates": [123.9022355, 10.3166293]}, "properties": {"id": "ChIJ1az0qziZqTMRh25Wpd3WiMw", "amenity_type": "lodging", "amenity": "Hotel Elizabeth Cebu", "lgu": "Cebu City"}}, {"type": "Feature", "geometry": {"type": "Point", "coordinates": [123.8941161, 10.3145681]}, "properties": {"id": "ChIJuQkNvraZqTMRQVCEY-3zhKo", "amenity_type": "lodging", "amenity": "Hotel One", "lgu": "Cebu City"}}, {"type": "Feature", "geometry": {"type": "Point", "coordinates": [123.9125, 10.305]}, "properties": {"id": "ChIJeXIkrGiZqTMR8L_JqIbOQJI", "amenity_type": "lodging", "amenity": "Hotel Pier Cuatro - 2 Star", "lgu": "Cebu City"}}, {"type": "Feature", "geometry": {"type": "Point", "coordinates": [123.897782, 10.2978171]}, "properties": {"id": "ChIJtcfI_leZqTMRE5g-Rp19VY4", "amenity_type": "lodging", "amenity": "Hotel Sogo - Cebu", "lgu": "Cebu City"}}, {"type": "Feature", "geometry": {"type": "Point", "coordinates": [123.8959999, 10.321902]}, "properties": {"id": "ChIJHTrhKnmZqTMRK-5ey8OmqRk", "amenity_type": "lodging", "amenity": "House of Eleanor", "lgu": "Cebu City"}}, {"type": "Feature", "geometry": {"type": "Point", "coordinates": [123.8854366, 10.3156992]}, "properties": {"id": "ChIJozQqKrWeqTMRXdEI8xt404I", "amenity_type": "lodging", "amenity": "Intosan Resort", "lgu": "Cebu City"}}, {"type": "Feature", "geometry": {"type": "Point", "coordinates": [123.8931727, 10.2893463]}, "properties": {"id": "ChIJB619QvqbqTMR1iey9nPDTuM", "amenity_type": "lodging", "amenity": "JRM (Mariner's)Travellers Inn", "lgu": "Cebu City"}}, {"type": "Feature", "geometry": {"type": "Point", "coordinates": [123.893664, 10.3067146]}, "properties": {"id": "ChIJVVUlzlGZqTMRlQYlogH7vUw", "amenity_type": "lodging", "amenity": "Jacith Pension House", "lgu": "Cebu City"}}, {"type": "Feature", "geometry": {"type": "Point", "coordinates": [123.891297, 10.312583]}, "properties": {"id": "ChIJk2TA_0uZqTMRfJkfO8wLrlU", "amenity_type": "lodging", "amenity": "Jasmin Pension House", "lgu": "Cebu City"}}, {"type": "Feature", "geometry": {"type": "Point", "coordinates": [123.8854366, 10.3156992]}, "properties": {"id": "ChIJzRtNRHefqTMRlITY_0QhyuM", "amenity_type": "lodging", "amenity": "Jo.Ceb", "lgu": "Cebu City"}}, {"type": "Feature", "geometry": {"type": "Point", "coordinates": [123.8796533, 10.3211434]}, "properties": {"id": "ChIJB3YOn1qfqTMRK35NDEcv4L8", "amenity_type": "tourist_attraction", "amenity": "Jovan-Chris P. Chicken & Rellik Rellik", "lgu": "Cebu City"}}, {"type": "Feature", "geometry": {"type": "Point", "coordinates": [123.8644898, 10.290659]}, "properties": {"id": "ChIJ40-A7RecqTMR3k8P-RT__BU", "amenity_type": "tourist_attraction", "amenity": "Jumalon Butterfly Sanctuary And Art Gallery", "lgu": "Cebu City"}}, {"type": "Feature", "geometry": {"type": "Point", "coordinates": [123.8688062, 10.2897096]}, "properties": {"id": "ChIJUyI2-zKdqTMRkmeM31fs2-Q", "amenity_type": "lodging", "amenity": "KRYST TOURIST INN", "lgu": "Cebu City"}}, {"type": "Feature", "geometry": {"type": "Point", "coordinates": [123.8619996, 10.2870649]}, "properties": {"id": "ChIJn4q83z2cqTMR0CyLm92aSho", "amenity_type": "lodging", "amenity": "Kaizen Pension House", "lgu": "Cebu City"}}, {"type": "Feature", "geometry": {"type": "Point", "coordinates": [123.9007609, 10.3439804]}, "properties": {"id": "ChIJDf9gawCZqTMRPgKpAWAxzkE", "amenity_type": "tourist_attraction", "amenity": "Kalachuchi-an Overlooking View", "lgu": "Cebu City"}}, {"type": "Feature", "geometry": {"type": "Point", "coordinates": [123.9119254, 10.3237159]}, "properties": {"id": "ChIJlZFLSWiZqTMR7vv8a8ZYyHE", "amenity_type": "lodging", "amenity": "Kasa Boutique Hotel - Kasambagan", "lgu": "Cebu City"}}, {"type": "Feature", "geometry": {"type": "Point", "coordinates": [123.8815228, 10.2713121]}, "properties": {"id": "ChIJW5-ww6udqTMR_uvgl6H8feI", "amenity_type": "tourist_attraction", "amenity": "Kawit Light Beacon", "lgu": "Cebu City"}}, {"type": "Feature", "geometry": {"type": "Point", "coordinates": [123.9022302, 10.3120982]}, "properties": {"id": "ChIJ262p4YWZqTMRzPFwqX-y5h4", "amenity_type": "lodging", "amenity": "Klowei Transient Home", "lgu": "Cebu City"}}, {"type": "Feature", "geometry": {"type": "Point", "coordinates": [123.898379, 10.3314518]}, "properties": {"id": "ChIJ_zms8yCZqTMRHYqGVRNryC8", "amenity_type": "tourist_attraction", "amenity": "LBM Transport Corridor Pt.A", "lgu": "Cebu City"}}, {"type": "Feature", "geometry": {"type": "Point", "coordinates": [123.8245387, 10.3754768]}, "properties": {"id": "ChIJveOEGpufqTMRyDXa2bA5myU", "amenity_type": "lodging", "amenity": "Lava Mountain River Farm", "lgu": "Cebu City"}}, {"type": "Feature", "geometry": {"type": "Point", "coordinates": [123.880759, 10.3209978]}, "properties": {"id": "ChIJi5rMPgCfqTMRESfiNM6PvlE", "amenity_type": "tourist_attraction", "amenity": "Leaning Tower of Yoga", "lgu": "Cebu City"}}, {"type": "Feature", "geometry": {"type": "Point", "coordinates": [123.8927557, 10.296514]}, "properties": {"id": "ChIJ8aOHb8SbqTMRu6TQBw88B8c", "amenity_type": "lodging", "amenity": "Leo's Inn", "lgu": "Cebu City"}}, {"type": "Feature", "geometry": {"type": "Point", "coordinates": [123.8934224, 10.3173187]}, "properties": {"id": "ChIJDc1S7DeZqTMRD8zajawEIQM", "amenity_type": "lodging", "amenity": "Lex Hotel Cebu", "lgu": "Cebu City"}}, {"type": "Feature", "geometry": {"type": "Point", "coordinates": [123.8539933, 10.2989125]}, "properties": {"id": "ChIJC9_zSQCdqTMRH9Ef6EBZMNE", "amenity_type": "tourist_attraction", "amenity": "Linao Sa Nazareth (TUBOD BUHISAN CEBU CITY)", "lgu": "Cebu City"}}, {"type": "Feature", "geometry": {"type": "Point", "coordinates": [123.8499629, 10.3001404]}, "properties": {"id": "ChIJ1cvy2OadqTMRPOlJ5dCyyB0", "amenity_type": "tourist_attraction", "amenity": "Lumadnong Swimming Pool", "lgu": "Cebu City"}}, {"type": "Feature", "geometry": {"type": "Point", "coordinates": [123.89231, 10.3108396]}, "properties": {"id": "ChIJMUxTlk6ZqTMRb6rATEaXG2A", "amenity_type": "lodging", "amenity": "M Citi Suites", "lgu": "Cebu City"}}, {"type": "Feature", "geometry": {"type": "Point", "coordinates": [123.894165, 10.3105425]}, "properties": {"id": "ChIJb6aHbpWZqTMRELq7gKfG974", "amenity_type": "lodging", "amenity": "MARITIME SEAMAN DORMITORY FUENTE CEBU CITY", "lgu": "Cebu City"}}, {"type": "Feature", "geometry": {"type": "Point", "coordinates": [123.8981971, 10.3027701]}, "properties": {"id": "ChIJi1_jFwCZqTMReKeWw-ieF1I", "amenity_type": "tourist_attraction", "amenity": "MASAHE DE CEBU", "lgu": "Cebu City"}}, {"type": "Feature", "geometry": {"type": "Point", "coordinates": [123.8945865, 10.3155211]}, "properties": {"id": "ChIJ1ZvfoHGZqTMRNe_uOx9khIo", "amenity_type": "lodging", "amenity": "MCA Suites by Hiverooms", "lgu": "Cebu City"}}, {"type": "Feature", "geometry": {"type": "Point", "coordinates": [123.9019709, 10.3204998]}, "properties": {"id": "ChIJ40DZUDmZqTMR-VOP6aFTBVc", "amenity_type": "lodging", "amenity": "MJ Hotel & Suites", "lgu": "Cebu City"}}, {"type": "Feature", "geometry": {"type": "Point", "coordinates": [123.9063614, 10.3142919]}, "properties": {"id": "ChIJU2ypFECZqTMRJp_u5_1Zrpk", "amenity_type": "lodging", "amenity": "Magabelle Guesthouse", "lgu": "Cebu City"}}, {"type": "Feature", "geometry": {"type": "Point", "coordinates": [123.9019549, 10.2935626]}, "properties": {"id": "ChIJQVwA2-ObqTMR--ZXFjrCXiQ", "amenity_type": "tourist_attraction", "amenity": "Magellan's Cross", "lgu": "Cebu City"}}, {"type": "Feature", "geometry": {"type": "Point", "coordinates": [123.8948755, 10.3070174]}, "properties": {"id": "ChIJOU8g6lCZqTMRDhxcY8I0Lyk", "amenity_type": "lodging", "amenity": "Magnolia Pension", "lgu": "Cebu City"}}, {"type": "Feature", "geometry": {"type": "Point", "coordinates": [123.8732763, 10.2909084]}, "properties": {"id": "ChIJV6m2HECdqTMRMgVMNbIU278", "amenity_type": "lodging", "amenity": "Mambaling Pension House 1", "lgu": "Cebu City"}}, {"type": "Feature", "geometry": {"type": "Point", "coordinates": [123.8726899, 10.2909522]}, "properties": {"id": "ChIJgYekB6adqTMRGQlSGs7xMiA", "amenity_type": "lodging", "amenity": "Mambaling Pension House 2", "lgu": "Cebu City"}}, {"type": "Feature", "geometry": {"type": "Point", "coordinates": [123.9032783, 10.3198424]}, "properties": {"id": "ChIJiVFrsD6ZqTMRDkLpdo7759o", "amenity_type": "lodging", "amenity": "Mandarin Plaza Hotel", "lgu": "Cebu City"}}, {"type": "Feature", "geometry": {"type": "Point", "coordinates": [123.9025547, 10.3107861]}, "properties": {"id": "ChIJy_0cnUaZqTMRcU3hpnZc2Mw", "amenity_type": "lodging", "amenity": "Mango Park Hotel", "lgu": "Cebu City"}}, {"type": "Feature", "geometry": {"type": "Point", "coordinates": [123.9004195, 10.2999252]}, "properties": {"id": "ChIJ4ZswOwCZqTMRnHKe-eA7ZiA", "amenity_type": "tourist_attraction", "amenity": "Manigos & Fukushima Integrated Farm", "lgu": "Cebu City"}}, {"type": "Feature", "geometry": {"type": "Point", "coordinates": [123.8974558, 10.3417299]}, "properties": {"id": "ChIJX_qEFtqYqTMRXLB5YKVbEYQ", "amenity_type": "lodging", "amenity": "Marco Polo Plaza Cebu", "lgu": "Cebu City"}}, {"type": "Feature", "geometry": {"type": "Point", "coordinates": [123.8844648, 10.2904373]}, "properties": {"id": "ChIJfcRjBACdqTMR0t2IgLhE_ko", "amenity_type": "tourist_attraction", "amenity": "Marie Stella cho", "lgu": "Cebu City"}}, {"type": "Feature", "geometry": {"type": "Point", "coordinates": [123.8646178, 10.2851525]}, "properties": {"id": "ChIJ-X1K7YOdqTMRjxTuDmPm8Nw", "amenity_type": "tourist_attraction", "amenity": "Mart Andre R. Fernandez", "lgu": "Cebu City"}}, {"type": "Feature", "geometry": {"type": "Point", "coordinates": [123.8902688, 10.3246767]}, "properties": {"id": "ChIJs8eiGzSZqTMR4BnligHzP7U", "amenity_type": "lodging", "amenity": "Mayflower Inn", "lgu": "Cebu City"}}, {"type": "Feature", "geometry": {"type": "Point", "coordinates": [123.9026801, 10.3313256]}, "properties": {"id": "ChIJ4Vm4siaZqTMRISv16iNQN58", "amenity_type": "lodging", "amenity": "Metro Park Hotel", "lgu": "Cebu City"}}, {"type": "Feature", "geometry": {"type": "Point", "coordinates": [123.9140641, 10.3219068]}, "properties": {"id": "ChIJ_W0U1hCZqTMRY_PmTqQSX8g", "amenity_type": "lodging", "amenity": "Mezzo Hotel", "lgu": "Cebu City"}}, {"type": "Feature", "geometry": {"type": "Point", "coordinates": [123.8826533, 10.2975534]}, "properties": {"id": "ChIJa3rWl5mdqTMRlEJ2NJXfmz4", "amenity_type": "tourist_attraction", "amenity": "Michael Navarro's Mansion", "lgu": "Cebu City"}}, {"type": "Feature", "geometry": {"type": "Point", "coordinates": [123.9021057, 10.2941085]}, "properties": {"id": "ChIJp45-1uObqTMRKiyk55UEjGY", "amenity_type": "tourist_attraction", "amenity": "Minor Basilica of the Holy Child of Cebu (Basilica Minore Del Sto. Niño de Cebu)", "lgu": "Cebu City"}}, {"type": "Feature", "geometry": {"type": "Point", "coordinates": [123.8815066, 10.298376]}, "properties": {"id": "ChIJ3624yy2dqTMRvuZiJaQ8tYc", "amenity_type": "lodging", "amenity": "Moonstar Cebu", "lgu": "Cebu City"}}, {"type": "Feature", "geometry": {"type": "Point", "coordinates": [123.9064311, 10.303791]}, "properties": {"id": "ChIJkRLIDF2ZqTMRYsvjh5V6j3M", "amenity_type": "tourist_attraction", "amenity": "Museo Sugbo", "lgu": "Cebu City"}}, {"type": "Feature", "geometry": {"type": "Point", "coordinates": [123.895262, 10.3121741]}, "properties": {"id": "ChIJ8ZVZy0iZqTMRw8bIBH31tSs", "amenity_type": "lodging", "amenity": "NS Royal Hotel", "lgu": "Cebu City"}}, {"type": "Feature", "geometry": {"type": "Point", "coordinates": [123.880803, 10.2721471]}, "properties": {"id": "ChIJxfT9I1WdqTMRiqcYGYapnLw", "amenity_type": "lodging", "amenity": "NUSTAR Resort Cebu", "lgu": "Cebu City"}}, {"type": "Feature", "geometry": {"type": "Point", "coordinates": [123.9109979, 10.3191985]}, "properties": {"id": "ChIJiacczRWZqTMRx8rVSE2dIVQ", "amenity_type": "lodging", "amenity": "New Era Cebu Pension Inn Inc.", "lgu": "Cebu City"}}, {"type": "Feature", "geometry": {"type": "Point", "coordinates": [123.8991772, 10.3019111]}, "properties": {"id": "ChIJmfyOO1qZqTMR4gL2cxMy0tA", "amenity_type": "lodging", "amenity": "OYO 703 Gplace", "lgu": "Cebu City"}}, {"type": "Feature", "geometry": {"type": "Point", "coordinates": [123.8852063, 10.3154415]}, "properties": {"id": "ChIJhQ4DZv2fqTMRJhhhY9eER8Q", "amenity_type": "lodging", "amenity": "Oceana Resort", "lgu": "Cebu City"}}, {"type": "Feature", "geometry": {"type": "Point", "coordinates": [123.8958342, 10.2973943]}, "properties": {"id": "ChIJBy7GWP2bqTMRcwxWh2mqUnU", "amenity_type": "lodging", "amenity": "One Central Hotel", "lgu": "Cebu City"}}, {"type": "Feature", "geometry": {"type": "Point", "coordinates": [123.8961329, 10.3172892]}, "properties": {"id": "ChIJ69rb5DeZqTMRfNGBX2itk9U", "amenity_type": "tourist_attraction", "amenity": "Our Lady of the Sacred Heart Parish", "lgu": "Cebu City"}}, {"type": "Feature", "geometry": {"type": "Point", "coordinates": [123.8972112, 10.3128236]}, "properties": {"id": "ChIJxZmjGUaZqTMRR5u5Tob6zGI", "amenity_type": "tourist_attraction", "amenity": "Our Mother of Perpetual Help - Redemptorist Church", "lgu": "Cebu City"}}, {"type": "Feature", "geometry": {"type": "Point", "coordinates": [123.8794743, 10.3071268]}, "properties": {"id": "ChIJKcSMdQCfqTMRn8cIXGDu8NM", "amenity_type": "tourist_attraction", "amenity": "PHDream", "lgu": "Cebu City"}}, {"type": "Feature", "geometry": {"type": "Point", "coordinates": [123.8954428, 10.3054951]}, "properties": {"id": "ChIJHWHRXVCZqTMREpGQ28OUiuo", "amenity_type": "lodging", "amenity": "Pacific Pensionne House", "lgu": "Cebu City"}}, {"type": "Feature", "geometry": {"type": "Point", "coordinates": [123.8991687, 10.2950404]}, "properties": {"id": "ChIJH31t--KbqTMRCBPqIw_ap9M", "amenity_type": "lodging", "amenity": "Pacific Tourist Inn - Manalili", "lgu": "Cebu City"}}, {"type": "Feature", "geometry": {"type": "Point", "coordinates": [123.902118, 10.3063091]}, "properties": {"id": "ChIJ94CrU1uZqTMRAPXss2giR9Q", "amenity_type": "lodging", "amenity": "Palazzo Pensionne - 2.5 Star", "lgu": "Cebu City"}}, {"type": "Feature", "geometry": {"type": "Point", "coordinates": [123.899969, 10.2985051]}, "properties": {"id": "ChIJiQGd9liZqTMRX8l9J4jjUPU", "amenity_type": "lodging", "amenity": "Palm Grass The Cebu Heritage Hotel", "lgu": "Cebu City"}}, {"type": "Feature", "geometry": {"type": "Point", "coordinates": [123.8941876, 10.3149443]}, "properties": {"id": "ChIJTdd-knKZqTMRZ6lo5mIFj2g", "amenity_type": "lodging", "amenity": "Paragon Suites", "lgu": "Cebu City"}}, {"type": "Feature", "geometry": {"type": "Point", "coordinates": [123.889345, 10.313991]}, "properties": {"id": "ChIJI-Q9vUuZqTMReWgG8h-y65w", "amenity_type": "tourist_attraction", "amenity": "Philippine Chinese Spiritual Temple", "lgu": "Cebu City"}}, {"type": "Feature", "geometry": {"type": "Point", "coordinates": [123.879426, 10.3209856]}, "properties": {"id": "ChIJR3ruO0WfqTMRGBL1kQa3o_k", "amenity_type": "tourist_attraction", "amenity": "Pillar of wisdom", "lgu": "Cebu City"}}, {"type": "Feature", "geometry": {"type": "Point", "coordinates": [123.9051262, 10.2931907]}, "properties": {"id": "ChIJ1x1EHOGbqTMR5_q34HlTerk", "amenity_type": "tourist_attraction", "amenity": "Plaza Independencia", "lgu": "Cebu City"}}, {"type": "Feature", "geometry": {"type": "Point", "coordinates": [123.8892618, 10.2903933]}, "properties": {"id": "ChIJ_YfgbwDrqzMR1Qox8Oj6hQU", "amenity_type": "tourist_attraction", "amenity": "Poblacion Badian Cebu", "lgu": "Cebu City"}}, {"type": "Feature", "geometry": {"type": "Point", "coordinates": [123.897506, 10.330002]}, "properties": {"id": "ChIJJxDW8SWZqTMRerKFmhlf_Vk", "amenity_type": "lodging", "amenity": "Prestigio", "lgu": "Cebu City"}}, {"type": "Feature", "geometry": {"type": "Point", "coordinates": [123.8948841, 10.3089706]}, "properties": {"id": "ChIJyfcqAn-ZqTMRdH9Y2GhqYvw", "amenity_type": "lodging", "amenity": "Primeway Suites Cebu", "lgu": "Cebu City"}}, {"type": "Feature", "geometry": {"type": "Point", "coordinates": [123.909507, 10.328227]}, "properties": {"id": "ChIJm2Mp6xiZqTMRemzTwBMXRVk", "amenity_type": "tourist_attraction", "amenity": "Qube Gallery", "lgu": "Cebu City"}}, {"type": "Feature", "geometry": {"type": "Point", "coordinates": [123.903053, 10.3193763]}, "properties": {"id": "ChIJm4OrCxSfqTMRLfBAb696MG8", "amenity_type": "lodging", "amenity": "Quest Hotel and Conference Center - Cebu", "lgu": "Cebu City"}}, {"type": "Feature", "geometry": {"type": "Point", "coordinates": [123.8989881, 10.3425943]}, "properties": {"id": "ChIJBSJbFAeZqTMR4VHMIryOclk", "amenity_type": "tourist_attraction", "amenity": "Rads Travel and Tours", "lgu": "Cebu City"}}, {"type": "Feature", "geometry": {"type": "Point", "coordinates": [123.9037752, 10.296025]}, "properties": {"id": "ChIJ__-v5-GbqTMRZsiTt-BnJLw", "amenity_type": "tourist_attraction", "amenity": "Rajah Humabon Monument & Humabon Historical Marker", "lgu": "Cebu City"}}, {"type": "Feature", "geometry": {"type": "Point", "coordinates": [123.8937906, 10.3103677]}, "properties": {"id": "ChIJLbHm_E6ZqTMRnBIgLPvLUdI", "amenity_type": "lodging", "amenity": "Rajah Park Hotel", "lgu": "Cebu City"}}, {"type": "Feature", "geometry": {"type": "Point", "coordinates": [123.8688125, 10.2896875]}, "properties": {"id": "ChIJfxaWNRecqTMRuFzuH1CZ6bc", "amenity_type": "lodging", "amenity": "RedDoorz near Baclay Drive Super Metro", "lgu": "Cebu City"}}, {"type": "Feature", "geometry": {"type": "Point", "coordinates": [123.8867128, 10.3233164]}, "properties": {"id": "ChIJjbWCWzOZqTMRvm_ZfSL-ekQ", "amenity_type": "lodging", "amenity": "Remedios House", "lgu": "Cebu City"}}, {"type": "Feature", "geometry": {"type": "Point", "coordinates": [123.8619225, 10.3067361]}, "properties": {"id": "ChIJH29TyJieqTMRb_5fcBzIDWY", "amenity_type": "lodging", "amenity": "Ring Resthouse", "lgu": "Cebu City"}}, {"type": "Feature", "geometry": {"type": "Point", "coordinates": [123.8986903, 10.3031712]}, "properties": {"id": "ChIJXRBPR1qZqTMRU9w0tiP-E6o", "amenity_type": "lodging", "amenity": "Robe's Pension House", "lgu": "Cebu City"}}, {"type": "Feature", "geometry": {"type": "Point", "coordinates": [123.8983275, 10.3176557]}, "properties": {"id": "ChIJ05I2ewCZqTMRhXFJQGR5SqE", "amenity_type": "tourist_attraction", "amenity": "Rose karyl cortes", "lgu": "Cebu City"}}, {"type": "Feature", "geometry": {"type": "Point", "coordinates": [123.8938567, 10.3051685]}, "properties": {"id": "ChIJMVE7ClGZqTMRTndr0qi6NYw", "amenity_type": "lodging", "amenity": "Roseate Pensione", "lgu": "Cebu City"}}, {"type": "Feature", "geometry": {"type": "Point", "coordinates": [123.8918922, 10.3158776]}, "properties": {"id": "ChIJHcdXjEmZqTMR5RIYST1NZz0", "amenity_type": "lodging", "amenity": "Rublin Hotel Cebu", "lgu": "Cebu City"}}, {"type": "Feature", "geometry": {"type": "Point", "coordinates": [123.9139748, 10.314437]}, "properties": {"id": "ChIJEyWnqmyZqTMRrrqU4cQyuvc", "amenity_type": "tourist_attraction", "amenity": "Saint Joseph the Patriarch Parish Church - Mabolo, Cebu City", "lgu": "Cebu City"}}, {"type": "Feature", "geometry": {"type": "Point", "coordinates": [123.9029421, 10.2934338]}, "properties": {"id": "ChIJ__-_XeGbqTMRCvSGTNmYh4g", "amenity_type": "lodging", "amenity": "Sampaguita Suites", "lgu": "Cebu City"}}, {"type": "Feature", "geometry": {"type": "Point", "coordinates": [123.9152907, 10.3247558]}, "properties": {"id": "ChIJBcCjoBCZqTMR6eiaTPj17po", "amenity_type": "lodging", "amenity": "Sarrosa International Hotel & Residential Suites", "lgu": "Cebu City"}}, {"type": "Feature", "geometry": {"type": "Point", "coordinates": [123.9069729, 10.3177013]}, "properties": {"id": "ChIJYTodHCGZqTMRctjzc1NnwGk", "amenity_type": "lodging", "amenity": "Seda Ayala Center Cebu", "lgu": "Cebu City"}}, {"type": "Feature", "geometry": {"type": "Point", "coordinates": [123.8626812, 10.3771034]}, "properties": {"id": "ChIJCbpCDmCfqTMRd1MMY7nuWw8", "amenity_type": "lodging", "amenity": "Serenity Farm and Resort Busay", "lgu": "Cebu City"}}, {"type": "Feature", "geometry": {"type": "Point", "coordinates": [123.8690934, 10.3086242]}, "properties": {"id": "ChIJZ1ujV46fqTMRnfjf4je4PFQ", "amenity_type": "tourist_attraction", "amenity": "Seth's Oasis", "lgu": "Cebu City"}}, {"type": "Feature", "geometry": {"type": "Point", "coordinates": [123.899708, 10.3058411]}, "properties": {"id": "ChIJmWpTJ1uZqTMRtrfyet0Poxo", "amenity_type": "lodging", "amenity": "Shejoje Poshtel Hostel", "lgu": "Cebu City"}}, {"type": "Feature", "geometry": {"type": "Point", "coordinates": [123.8959376, 10.3185396]}, "properties": {"id": "ChIJE3LAbwCZqTMRGMlclP8ewPQ", "amenity_type": "tourist_attraction", "amenity": "Sining Cebu Monument", "lgu": "Cebu City"}}, {"type": "Feature", "geometry": {"type": "Point", "coordinates": [123.8941119, 10.3078635]}, "properties": {"id": "ChIJz_XF1U-ZqTMRLuh28VvaWq0", "amenity_type": "tourist_attraction", "amenity": "Sky Experience Adventure", "lgu": "Cebu City"}}, {"type": "Feature", "geometry": {"type": "Point", "coordinates": [123.8600563, 10.3686442]}, "properties": {"id": "ChIJpfOXpZCfqTMRvO_xiz1910s", "amenity_type": "lodging", "amenity": "Soul Sierra", "lgu": "Cebu City"}}, {"type": "Feature", "geometry": {"type": "Point", "coordinates": [123.8976274, 10.2999013]}, "properties": {"id": "ChIJH7JqzVmZqTMRekdik6U_mg0", "amenity_type": "tourist_attraction", "amenity": "Sto. Rosario Parish", "lgu": "Cebu City"}}, {"type": "Feature", "geometry": {"type": "Point", "coordinates": [123.9019282, 10.2923284]}, "properties": {"id": "ChIJAaoG--ObqTMRRGDPktel7bk", "amenity_type": "tourist_attraction", "amenity": "Sugbu Chinese Heritage Museum", "lgu": "Cebu City"}}, {"type": "Feature", "geometry": {"type": "Point", "coordinates": [123.9168406, 10.3071817]}, "properties": {"id": "ChIJH2dXVG6ZqTMRojLDDDlkRrA", "amenity_type": "lodging", "amenity": "Sugbutel Family Hotel", "lgu": "Cebu City"}}, {"type": "Feature", "geometry": {"type": "Point", "coordinates": [123.867985, 10.307409]}, "properties": {"id": "ChIJuZUKo6OeqTMRDe5KPlRcC38", "amenity_type": "lodging", "amenity": "THE PURRFECT BOOKSTORE", "lgu": "Cebu City"}}, {"type": "Feature", "geometry": {"type": "Point", "coordinates": [123.8911419, 10.295522]}, "properties": {"id": "ChIJocIZfv6bqTMRMHD_dmj-wqg", "amenity_type": "tourist_attraction", "amenity": "Taboan Public Market", "lgu": "Cebu City"}}, {"type": "Feature", "geometry": {"type": "Point", "coordinates": [123.8990527, 10.3088973]}, "properties": {"id": "ChIJIbDGqEWZqTMRoelsHQAPXYs", "amenity_type": "tourist_attraction", "amenity": "The Archdiocesan Shrine of the Most Sacred Heart of Jesus", "lgu": "Cebu City"}}, {"type": "Feature", "geometry": {"type": "Point", "coordinates": [123.8830231, 10.2818699]}, "properties": {"id": "ChIJXZDS_wqcqTMRtjB3-gvX4X4", "amenity_type": "tourist_attraction", "amenity": "The Cube - SM Seaside City", "lgu": "Cebu City"}}, {"type": "Feature", "geometry": {"type": "Point", "coordinates": [123.914153, 10.314338]}, "properties": {"id": "ChIJfRI3rGyZqTMRBWJSbUL8GgA", "amenity_type": "tourist_attraction", "amenity": "The Millennium Park", "lgu": "Cebu City"}}, {"type": "Feature", "geometry": {"type": "Point", "coordinates": [123.8643691, 10.3000947]}, "properties": {"id": "ChIJM1Qmg6idqTMRcT-LMnq1Nvo", "amenity_type": "lodging", "amenity": "The Nest @ Cebu", "lgu": "Cebu City"}}, {"type": "Feature", "geometry": {"type": "Point", "coordinates": [123.9086056, 10.3272392]}, "properties": {"id": "ChIJiUhyyFCZqTMRh40SfNjj-qo", "amenity_type": "lodging", "amenity": "The Pad Co-Living", "lgu": "Cebu City"}}, {"type": "Feature", "geometry": {"type": "Point", "coordinates": [123.9020735, 10.3183181]}, "properties": {"id": "ChIJf3SFOOWZqTMRHW59kWyT6n4", "amenity_type": "lodging", "amenity": "The Partridge Guesthouse - 2.5 Star", "lgu": "Cebu City"}}, {"type": "Feature", "geometry": {"type": "Point", "coordinates": [123.911817, 10.313082]}, "properties": {"id": "ChIJ1S3jykKZqTMRQJtv2zP4Vzs", "amenity_type": "lodging", "amenity": "The Persimmon Cebu", "lgu": "Cebu City"}}, {"type": "Feature", "geometry": {"type": "Point", "coordinates": [123.8865494, 10.3614287]}, "properties": {"id": "ChIJNc2Y66eZqTMRyPD_5Pxm4cg", "amenity_type": "lodging", "amenity": "The Secret Hut", "lgu": "Cebu City"}}, {"type": "Feature", "geometry": {"type": "Point", "coordinates": [123.9023268, 10.3121191]}, "properties": {"id": "ChIJz_wi8lOZqTMRpcyKxRIeIZM", "amenity_type": "lodging", "amenity": "Transient Rooms Cebu City", "lgu": "Cebu City"}}, {"type": "Feature", "geometry": {"type": "Point", "coordinates": [123.898498, 10.2922348]}, "properties": {"id": "ChIJ5U8gYOObqTMR9VlHCHeG6YM", "amenity_type": "lodging", "amenity": "Travelers Home Pension House", "lgu": "Cebu City"}}, {"type": "Feature", "geometry": {"type": "Point", "coordinates": [123.8986396, 10.3172701]}, "properties": {"id": "ChIJNclPmaWZqTMR1NrN6K7-fvc", "amenity_type": "lodging", "amenity": "U Feel Home Guesthouse", "lgu": "Cebu City"}}, {"type": "Feature", "geometry": {"type": "Point", "coordinates": [123.8895457, 10.3015723]}, "properties": {"id": "ChIJRQwOD2mZqTMRxficdn7xsYU", "amenity_type": "tourist_attraction", "amenity": "Uncle Third", "lgu": "Cebu City"}}, {"type": "Feature", "geometry": {"type": "Point", "coordinates": [123.8983322, 10.300141]}, "properties": {"id": "ChIJQRl4S1iZqTMRZzvp3uOXAFg", "amenity_type": "tourist_attraction", "amenity": "University of San Carlos Museum", "lgu": "Cebu City"}}, {"type": "Feature", "geometry": {"type": "Point", "coordinates": [123.894134, 10.315607]}, "properties": {"id": "ChIJa-Afs0mZqTMR0FOXoQImySY", "amenity_type": "lodging", "amenity": "Vacation Hotel Cebu", "lgu": "Cebu City"}}, {"type": "Feature", "geometry": {"type": "Point", "coordinates": [123.9045043, 10.3247918]}, "properties": {"id": "ChIJ8YGNzzyZqTMRqErRGAqxdck", "amenity_type": "lodging", "amenity": "Waterfront Cebu City Hotel & Casino", "lgu": "Cebu City"}}, {"type": "Feature", "geometry": {"type": "Point", "coordinates": [123.9014872, 10.320089]}, "properties": {"id": "ChIJU1O8RTmZqTMRvo6rDn8dQKM", "amenity_type": "lodging", "amenity": "Wellcome Hotel", "lgu": "Cebu City"}}, {"type": "Feature", "geometry": {"type": "Point", "coordinates": [123.8654552, 10.2925591]}, "properties": {"id": "ChIJq6qqqvmZqTMRhl6EaHS4YnI", "amenity_type": "lodging", "amenity": "Westview Pension by RedDoorz", "lgu": "Cebu City"}}, {"type": "Feature", "geometry": {"type": "Point", "coordinates": [123.8820366, 10.3144365]}, "properties": {"id": "ChIJNY2kCIafqTMR487Pqwv1prM", "amenity_type": "tourist_attraction", "amenity": "Wiggy Ventures", "lgu": "Cebu City"}}, {"type": "Feature", "geometry": {"type": "Point", "coordinates": [123.9014366, 10.3083273]}, "properties": {"id": "ChIJ6ZVAjESZqTMR0Svev5SPWUw", "amenity_type": "lodging", "amenity": "Win's Pension House", "lgu": "Cebu City"}}, {"type": "Feature", "geometry": {"type": "Point", "coordinates": [123.8964992, 10.3310314]}, "properties": {"id": "ChIJQVmidwCZqTMRLfc5Pe9glHI", "amenity_type": "lodging", "amenity": "Wjv inn", "lgu": "Cebu City"}}, {"type": "Feature", "geometry": {"type": "Point", "coordinates": [123.9039535, 10.2992716]}, "properties": {"id": "ChIJmRDV5l6ZqTMR_TGUzibVfww", "amenity_type": "tourist_attraction", "amenity": "Yap-San Diego Ancestral House", "lgu": "Cebu City"}}, {"type": "Feature", "geometry": {"type": "Point", "coordinates": [123.860049, 10.2872608]}, "properties": {"id": "ChIJs8s9reWdqTMRRqGxkV24zcg", "amenity_type": "lodging", "amenity": "Zebu Transients", "lgu": "Cebu City"}}, {"type": "Feature", "geometry": {"type": "Point", "coordinates": [123.9071744, 10.3333023]}, "properties": {"id": "ChIJQx7VOyCZqTMRj5OAFWrMrsw", "amenity_type": "lodging", "amenity": "Zerenity Hotel & Suites", "lgu": "Cebu City"}}, {"type": "Feature", "geometry": {"type": "Point", "coordinates": [123.8980801, 10.320637]}, "properties": {"id": "ChIJGZvNFQCZqTMR2iVYSWr3tM0", "amenity_type": "tourist_attraction", "amenity": "cEBuKid", "lgu": "Cebu City"}}, {"type": "Feature", "geometry": {"type": "Point", "coordinates": [123.858378, 10.2998637]}, "properties": {"id": "ChIJA3VhW9GdqTMRod_G4esDqq4", "amenity_type": "tourist_attraction", "amenity": "lantaw city view", "lgu": "Cebu City"}}, {"type": "Feature", "geometry": {"type": "Point", "coordinates": [123.8935974, 10.3128524]}, "properties": {"id": "ChIJWcbZPL-ZqTMRxRmC9-jgx4o", "amenity_type": "lodging", "amenity": "lyf Cebu City", "lgu": "Cebu City"}}, {"type": "Feature", "geometry": {"type": "Point", "coordinates": [123.8933989, 10.3084012]}, "properties": {"id": "ChIJ7YIcOEKZqTMRA2oX2OGjV_w", "amenity_type": "tourist_attraction", "amenity": "南方第１４陸軍病院関係者慰霊碑", "lgu": "Cebu City"}}, {"type": "Feature", "geometry": {"type": "Point", "coordinates": [123.9616286, 10.3785642]}, "properties": {"id": "ChIJi4I0YwmjqTMRvP88T3ga8UA", "amenity_type": "lodging", "amenity": "Aling's Place", "lgu": "Consolacion"}}, {"type": "Feature", "geometry": {"type": "Point", "coordinates": [123.961862, 10.374941]}, "properties": {"id": "ChIJR764ZgCjqTMRO1ULBQFv6Z0", "amenity_type": "lodging", "amenity": "Balay ni Ghar ug ni Fred", "lgu": "Consolacion"}}, {"type": "Feature", "geometry": {"type": "Point", "coordinates": [123.965146, 10.373822]}, "properties": {"id": "ChIJ5UJkMQCjqTMRVBQmNIsDHCI", "amenity_type": "lodging", "amenity": "Balay ni Kayle", "lgu": "Consolacion"}}, {"type": "Feature", "geometry": {"type": "Point", "coordinates": [123.9445467, 10.3785826]}, "properties": {"id": "ChIJR20XOgCjqTMRWzOHilbw9pM", "amenity_type": "tourist_attraction", "amenity": "Balay ni kenjie", "lgu": "Consolacion"}}, {"type": "Feature", "geometry": {"type": "Point", "coordinates": [123.9631223, 10.3659943]}, "properties": {"id": "ChIJ4R1tVyqZqTMRYdcAKu20IyQ", "amenity_type": "lodging", "amenity": "Banin’s PAYAG", "lgu": "Consolacion"}}, {"type": "Feature", "geometry": {"type": "Point", "coordinates": [123.974392, 10.376936]}, "properties": {"id": "ChIJJVaUbACjqTMRt_F5UDLvQ0g", "amenity_type": "lodging", "amenity": "Bogsty’s Lodging House", "lgu": "Consolacion"}}, {"type": "Feature", "geometry": {"type": "Point", "coordinates": [123.942134, 10.3910892]}, "properties": {"id": "ChIJ8yGmm_SjqTMRckBbRVydLls", "amenity_type": "tourist_attraction", "amenity": "Carding Farm", "lgu": "Consolacion"}}, {"type": "Feature", "geometry": {"type": "Point", "coordinates": [123.9640421, 10.3818902]}, "properties": {"id": "ChIJ-bamLQCjqTMRwboPma8HzJc", "amenity_type": "lodging", "amenity": "Consolacion", "lgu": "Consolacion"}}, {"type": "Feature", "geometry": {"type": "Point", "coordinates": [123.9728089, 10.37008]}, "properties": {"id": "ChIJBznrfKuiqTMRX5S_E6mMKVE", "amenity_type": "lodging", "amenity": "Consolacion close to SM Mall , 30 mins to Airport", "lgu": "Consolacion"}}, {"type": "Feature", "geometry": {"type": "Point", "coordinates": [124.0413367, 10.3284012]}, "properties": {"id": "ChIJiUmUwPSZqTMRlHXJO0tymu0", "amenity_type": "lodging", "amenity": "Coral Point Gardens Resort", "lgu": "Consolacion"}}, {"type": "Feature", "geometry": {"type": "Point", "coordinates": [123.9598079, 10.3790879]}, "properties": {"id": "ChIJO0nlpZmjqTMR0it3fSffZUA", "amenity_type": "lodging", "amenity": "Cueva", "lgu": "Consolacion"}}, {"type": "Feature", "geometry": {"type": "Point", "coordinates": [123.9596328, 10.3761912]}, "properties": {"id": "ChIJ2Q_Gt6SiqTMRMSxHKUsTzVY", "amenity_type": "lodging", "amenity": "Daddy's World", "lgu": "Consolacion"}}, {"type": "Feature", "geometry": {"type": "Point", "coordinates": [123.9616684, 10.3779508]}, "properties": {"id": "ChIJDZi6Eg6jqTMR2hxiSDxXWbU", "amenity_type": "lodging", "amenity": "ESKINA PAJO", "lgu": "Consolacion"}}, {"type": "Feature", "geometry": {"type": "Point", "coordinates": [123.9692983, 10.3695742]}, "properties": {"id": "ChIJP8SXtoajqTMR3Ov1DgiTtgc", "amenity_type": "lodging", "amenity": "Edlee's Place", "lgu": "Consolacion"}}, {"type": "Feature", "geometry": {"type": "Point", "coordinates": [123.9712197, 10.3792966]}, "properties": {"id": "ChIJj1FAY92jqTMRaUHpU4DZq5c", "amenity_type": "lodging", "amenity": "GT Mountain View Jugan", "lgu": "Consolacion"}}, {"type": "Feature", "geometry": {"type": "Point", "coordinates": [123.9669639, 10.3710787]}, "properties": {"id": "ChIJsUwumUOjqTMRcMSe-RGOGn0", "amenity_type": "lodging", "amenity": "House ni Boss Cairon", "lgu": "Consolacion"}}, {"type": "Feature", "geometry": {"type": "Point", "coordinates": [123.9815798, 10.3656137]}, "properties": {"id": "ChIJYRFANrG9qTMRLxYk36gyk1w", "amenity_type": "tourist_attraction", "amenity": "Hunong diri Nes", "lgu": "Consolacion"}}, {"type": "Feature", "geometry": {"type": "Point", "coordinates": [123.941793, 10.3731798]}, "properties": {"id": "ChIJp15fhg2jqTMRSw3ZyXLwtNM", "amenity_type": "lodging", "amenity": "JR Maxilom Transient House in Cebu", "lgu": "Consolacion"}}, {"type": "Feature", "geometry": {"type": "Point", "coordinates": [123.9590284, 10.3713184]}, "properties": {"id": "ChIJE7phcYqjqTMRVqbzcpTubVA", "amenity_type": "lodging", "amenity": "Julia", "lgu": "Consolacion"}}, {"type": "Feature", "geometry": {"type": "Point", "coordinates": [123.9654119, 10.3971133]}, "properties": {"id": "ChIJ071O5rGjqTMRME6WJ075954", "amenity_type": "tourist_attraction", "amenity": "KDG Aviary", "lgu": "Consolacion"}}, {"type": "Feature", "geometry": {"type": "Point", "coordinates": [123.9745416, 10.376958]}, "properties": {"id": "ChIJoS160hKjqTMR3ewxpDxY2QU", "amenity_type": "lodging", "amenity": "LUNA HOUSE", "lgu": "Consolacion"}}, {"type": "Feature", "geometry": {"type": "Point", "coordinates": [123.9651141, 10.3801937]}, "properties": {"id": "ChIJ66PAQS2jqTMRJ7ssxAc42Gs", "amenity_type": "lodging", "amenity": "Maglasang Avenue", "lgu": "Consolacion"}}, {"type": "Feature", "geometry": {"type": "Point", "coordinates": [123.9741833, 10.3724037]}, "properties": {"id": "ChIJTyA5RACjqTMRCK9eos16zrw", "amenity_type": "lodging", "amenity": "MayorD’s Place", "lgu": "Consolacion"}}, {"type": "Feature", "geometry": {"type": "Point", "coordinates": [123.9597767, 10.3755477]}, "properties": {"id": "ChIJL9UCWgCjqTMRucsJmyyJaqk", "amenity_type": "lodging", "amenity": "Motel hourly rate", "lgu": "Consolacion"}}, {"type": "Feature", "geometry": {"type": "Point", "coordinates": [123.9612781, 10.3800027]}, "properties": {"id": "ChIJT9vAOgCjqTMR-LbhfqCsn7w", "amenity_type": "lodging", "amenity": "Pulpogan consolacion", "lgu": "Consolacion"}}, {"type": "Feature", "geometry": {"type": "Point", "coordinates": [123.9708469, 10.3692944]}, "properties": {"id": "ChIJqxIPj3ijqTMRei0OJX9witQ", "amenity_type": "lodging", "amenity": "Purechoice/Cepi Staff house", "lgu": "Consolacion"}}, {"type": "Feature", "geometry": {"type": "Point", "coordinates": [123.9680229, 10.3772552]}, "properties": {"id": "ChIJS9ANRI2ZqTMRXcO3g69axmw", "amenity_type": "lodging", "amenity": "Queensland consolacion", "lgu": "Consolacion"}}, {"type": "Feature", "geometry": {"type": "Point", "coordinates": [123.9628151, 10.3732741]}, "properties": {"id": "ChIJmwcoGQCjqTMRiiO4prmvKqo", "amenity_type": "lodging", "amenity": "Randy mamites", "lgu": "Consolacion"}}, {"type": "Feature", "geometry": {"type": "Point", "coordinates": [123.9593978, 10.3757014]}, "properties": {"id": "ChIJf4uNvqSiqTMR-AcJS6O7Zqs", "amenity_type": "lodging", "amenity": "Roadside Pension House", "lgu": "Consolacion"}}, {"type": "Feature", "geometry": {"type": "Point", "coordinates": [123.9617053, 10.3733965]}, "properties": {"id": "ChIJTZuyeOujqTMRIszPng29EwM", "amenity_type": "lodging", "amenity": "Ronnie & Rosa House", "lgu": "Consolacion"}}, {"type": "Feature", "geometry": {"type": "Point", "coordinates": [123.9626378, 10.3730678]}, "properties": {"id": "ChIJPVJAvqWiqTMR8TvVPq2Mt-c", "amenity_type": "lodging", "amenity": "SAKURA GUEST HOUSE", "lgu": "Consolacion"}}, {"type": "Feature", "geometry": {"type": "Point", "coordinates": [123.9662108, 10.3684258]}, "properties": {"id": "ChIJf_syYcGjqTMRH3yowthi4EQ", "amenity_type": "lodging", "amenity": "Shiela Aguitong", "lgu": "Consolacion"}}, {"type": "Feature", "geometry": {"type": "Point", "coordinates": [123.964428, 10.379951]}, "properties": {"id": "ChIJr4URo7CiqTMREgJxC9Rgwrg", "amenity_type": "lodging", "amenity": "South Shores", "lgu": "Consolacion"}}, {"type": "Feature", "geometry": {"type": "Point", "coordinates": [123.9239853, 10.4032007]}, "properties": {"id": "ChIJDQh5BlGiqTMRvLCP2PbyP5w", "amenity_type": "lodging", "amenity": "St. John's Country Palace", "lgu": "Consolacion"}}, {"type": "Feature", "geometry": {"type": "Point", "coordinates": [123.9699485, 10.3501342]}, "properties": {"id": "ChIJrVtNQQCZqTMRTxR8Ux4Aru0", "amenity_type": "tourist_attraction", "amenity": "Statue of The Seven - Pyro", "lgu": "Consolacion"}}, {"type": "Feature", "geometry": {"type": "Point", "coordinates": [123.9631884, 10.3685073]}, "properties": {"id": "ChIJoQpkTDajqTMRVqBFx39_49w", "amenity_type": "lodging", "amenity": "The Kee's", "lgu": "Consolacion"}}, {"type": "Feature", "geometry": {"type": "Point", "coordinates": [123.9736543, 10.3398859]}, "properties": {"id": "ChIJZ9ESAQCZqTMR5vj9r0GNq90", "amenity_type": "tourist_attraction", "amenity": "Umapad Mangrove Area", "lgu": "Consolacion"}}, {"type": "Feature", "geometry": {"type": "Point", "coordinates": [123.9591566, 10.3734895]}, "properties": {"id": "ChIJ_dzQZKSiqTMR27OBpZpMp8Q", "amenity_type": "lodging", "amenity": "WJV inn Consolacion", "lgu": "Consolacion"}}, {"type": "Feature", "geometry": {"type": "Point", "coordinates": [123.9406487, 10.4266815]}, "properties": {"id": "ChIJsa14kSmjqTMRdPJps62vUmQ", "amenity_type": "lodging", "amenity": "Wooloo", "lgu": "Consolacion"}}, {"type": "Feature", "geometry": {"type": "Point", "coordinates": [123.947306, 10.370814]}, "properties": {"id": "ChIJVbA5PgCjqTMRfwe_OhEU7jM", "amenity_type": "tourist_attraction", "amenity": "aryel", "lgu": "Consolacion"}}, {"type": "Feature", "geometry": {"type": "Point", "coordinates": [123.9691026, 10.3793894]}, "properties": {"id": "ChIJ4-MscwCjqTMRZ70op67aHxc", "amenity_type": "lodging", "amenity": "balay sa dato", "lgu": "Consolacion"}}, {"type": "Feature", "geometry": {"type": "Point", "coordinates": [123.9625834, 10.3749558]}, "properties": {"id": "ChIJoeQhCzqjqTMRCKnMFNfJCC0", "amenity_type": "lodging", "amenity": "nangkaville apts", "lgu": "Consolacion"}}, {"type": "Feature", "geometry": {"type": "Point", "coordinates": [124.0011993, 10.2864043]}, "properties": {"id": "ChIJTflJejOXqTMRbhRL-bfxLfU", "amenity_type": "lodging", "amenity": "1521 Mactan Resort", "lgu": "Lapu-Lapu City"}}, {"type": "Feature", "geometry": {"type": "Point", "coordinates": [123.9959018, 10.3157252]}, "properties": {"id": "ChIJm7kUpaWXqTMRf_M5B2MOfQY", "amenity_type": "lodging", "amenity": "3MS TOURIST INN", "lgu": "Lapu-Lapu City"}}, {"type": "Feature", "geometry": {"type": "Point", "coordinates": [123.962255, 10.3175115]}, "properties": {"id": "ChIJ8xfZ-MCZqTMRQBNfpOFU6CE", "amenity_type": "lodging", "amenity": "ACE Penzionne", "lgu": "Lapu-Lapu City"}}, {"type": "Feature", "geometry": {"type": "Point", "coordinates": [123.9843852, 10.2752649]}, "properties": {"id": "ChIJL30uGACRqTMRvR5eYBKRdTc", "amenity_type": "lodging", "amenity": "AOSMEC Pool Camp Hotel", "lgu": "Lapu-Lapu City"}}, {"type": "Feature", "geometry": {"type": "Point", "coordinates": [123.9864092, 10.2787703]}, "properties": {"id": "ChIJkfObJbCQqTMR2oBW3BXhW_g", "amenity_type": "lodging", "amenity": "AOSMEC Square Hotel", "lgu": "Lapu-Lapu City"}}, {"type": "Feature", "geometry": {"type": "Point", "coordinates": [123.936436, 10.2872219]}, "properties": {"id": "ChIJzRSKQrSbqTMRclvWnc4Ams8", "amenity_type": "tourist_attraction", "amenity": "Agwanta Treehouse", "lgu": "Lapu-Lapu City"}}, {"type": "Feature", "geometry": {"type": "Point", "coordinates": [123.9931215, 10.2782061]}, "properties": {"id": "ChIJGQ_f1raQqTMRESJ0br4jVXA", "amenity_type": "lodging", "amenity": "Alfheim Poolvilla Resort", "lgu": "Lapu-Lapu City"}}, {"type": "Feature", "geometry": {"type": "Point", "coordinates": [123.9466275, 10.2980236]}, "properties": {"id": "ChIJTSkim46ZqTMRA7jRjgzVIaE", "amenity_type": "lodging", "amenity": "Alt Complex", "lgu": "Lapu-Lapu City"}}, {"type": "Feature", "geometry": {"type": "Point", "coordinates": [124.025533, 10.313828]}, "properties": {"id": "ChIJ7-c9hPuWqTMRSI9TusqnP0o", "amenity_type": "lodging", "amenity": "Aozora Seaside Mactan", "lgu": "Lapu-Lapu City"}}, {"type": "Feature", "geometry": {"type": "Point", "coordinates": [123.9544579, 10.3101507]}, "properties": {"id": "ChIJRzNaJMCZqTMRBCyTZB_2GjE", "amenity_type": "lodging", "amenity": "Axis Pension Hotel", "lgu": "Lapu-Lapu City"}}, {"type": "Feature", "geometry": {"type": "Point", "coordinates": [123.9602237, 10.3061675]}, "properties": {"id": "ChIJtXZ3FOmZqTMRroAq9ID5Z5o", "amenity_type": "lodging", "amenity": "BCBP Mactan Breakfast Fellowship Venue", "lgu": "Lapu-Lapu City"}}, {"type": "Feature", "geometry": {"type": "Point", "coordinates": [123.9647601, 10.3146972]}, "properties": {"id": "ChIJg8UgApmZqTMRkRVq8cIx6Mk", "amenity_type": "lodging", "amenity": "BEDS & FRIENDS Hostel Mactan", "lgu": "Lapu-Lapu City"}}, {"type": "Feature", "geometry": {"type": "Point", "coordinates": [123.9328515, 10.3255397]}, "properties": {"id": "ChIJ2842n6mZqTMR2FUWCYIFVy0", "amenity_type": "lodging", "amenity": "BIG Hotel - Mandaue Cebu", "lgu": "Lapu-Lapu City"}}, {"type": "Feature", "geometry": {"type": "Point", "coordinates": [123.9630929, 10.3140462]}, "properties": {"id": "ChIJc-jnr8SZqTMRNbKggJqPsIk", "amenity_type": "lodging", "amenity": "BMIGOS INN v2.0", "lgu": "Lapu-Lapu City"}}, {"type": "Feature", "geometry": {"type": "Point", "coordinates": [124.0014995, 10.3023035]}, "properties": {"id": "ChIJjxxKsKmXqTMRx9q2VwJpCDE", "amenity_type": "lodging", "amenity": "Barrio House Mactan", "lgu": "Lapu-Lapu City"}}, {"type": "Feature", "geometry": {"type": "Point", "coordinates": [123.9212061, 10.3118418]}, "properties": {"id": "ChIJF-BO8HKZqTMRki7lh_0pniM", "amenity_type": "lodging", "amenity": "Bayfront Hotel Cebu North Reclamation", "lgu": "Lapu-Lapu City"}}, {"type": "Feature", "geometry": {"type": "Point", "coordinates": [124.026354, 10.3141]}, "properties": {"id": "ChIJjce2kPuWqTMRYP6-ZLEpvHw", "amenity_type": "lodging", "amenity": "Be Resort Mactan", "lgu": "Lapu-Lapu City"}}, {"type": "Feature", "geometry": {"type": "Point", "coordinates": [124.0003102, 10.2875282]}, "properties": {"id": "ChIJAUcc3zSXqTMR6E6jrOLk728", "amenity_type": "lodging", "amenity": "Bluewater Maribago Beach Resort", "lgu": "Lapu-Lapu City"}}, {"type": "Feature", "geometry": {"type": "Point", "coordinates": [123.9658681, 10.2931535]}, "properties": {"id": "ChIJ7adz-viZqTMRBozhRYC0USU", "amenity_type": "lodging", "amenity": "BnT Inn (Airport hotel and Hostel)", "lgu": "Lapu-Lapu City"}}, {"type": "Feature", "geometry": {"type": "Point", "coordinates": [123.9588234, 10.313682]}, "properties": {"id": "ChIJG_6Km-GZqTMRbgWCP5sRcLE", "amenity_type": "lodging", "amenity": "Bridgeview Hotel", "lgu": "Lapu-Lapu City"}}, {"type": "Feature", "geometry": {"type": "Point", "coordinates": [123.9595355, 10.3128967]}, "properties": {"id": "ChIJNzaS6sOZqTMRMRmeyXEZIqE", "amenity_type": "lodging", "amenity": "Budget Rooms Mactan Cebu", "lgu": "Lapu-Lapu City"}}, {"type": "Feature", "geometry": {"type": "Point", "coordinates": [123.9181856, 10.3120113]}, "properties": {"id": "ChIJbb8QRwCZqTMRLxUhd1gc7lg", "amenity_type": "tourist_attraction", "amenity": "CEBU CITY PHILIPPINES", "lgu": "Lapu-Lapu City"}}, {"type": "Feature", "geometry": {"type": "Point", "coordinates": [123.9597855, 10.2805815]}, "properties": {"id": "ChIJ6TRkcxqaqTMRqsEHcfqQSBk", "amenity_type": "lodging", "amenity": "CJL TRANSIENT HOUSE B-Basak Lapu-lapu City Cebu,Mactan", "lgu": "Lapu-Lapu City"}}, {"type": "Feature", "geometry": {"type": "Point", "coordinates": [123.9543731, 10.312582]}, "properties": {"id": "ChIJpbKpi3KZqTMRZvNFVxnDGk4", "amenity_type": "lodging", "amenity": "Camora transient rooms", "lgu": "Lapu-Lapu City"}}, {"type": "Feature", "geometry": {"type": "Point", "coordinates": [123.9529094, 10.3131603]}, "properties": {"id": "ChIJyyixncCZqTMRkvzht1XIdOQ", "amenity_type": "lodging", "amenity": "Casa Norberto Pension House", "lgu": "Lapu-Lapu City"}}, {"type": "Feature", "geometry": {"type": "Point", "coordinates": [123.9768311, 10.3257295]}, "properties": {"id": "ChIJtVSFcQCXqTMRAUxUlkW2kHQ", "amenity_type": "tourist_attraction", "amenity": "Cat Haven Feeding Spot", "lgu": "Lapu-Lapu City"}}, {"type": "Feature", "geometry": {"type": "Point", "coordinates": [123.9629442, 10.3181916]}, "properties": {"id": "ChIJGR8bXcWZqTMR_4tPJaY43NY", "amenity_type": "lodging", "amenity": "Cebu Dulcinea Hotel - Mactan Lapu Lapu Airport Transit Hotel", "lgu": "Lapu-Lapu City"}}, {"type": "Feature", "geometry": {"type": "Point", "coordinates": [123.9754802, 10.3283793]}, "properties": {"id": "ChIJAeMZOKaXqTMRKevsTa2OYkU", "amenity_type": "tourist_attraction", "amenity": "Cebu Island Hopping", "lgu": "Lapu-Lapu City"}}, {"type": "Feature", "geometry": {"type": "Point", "coordinates": [123.9290491, 10.3215087]}, "properties": {"id": "ChIJUwHYcgiZqTMRS0t5hwMbMAE", "amenity_type": "lodging", "amenity": "Cebu Westown Lagoon", "lgu": "Lapu-Lapu City"}}, {"type": "Feature", "geometry": {"type": "Point", "coordinates": [123.9993767, 10.2865516]}, "properties": {"id": "ChIJq9OIPjWXqTMRjB-is53s6oA", "amenity_type": "lodging", "amenity": "Cebu White Sands Resort and Spa", "lgu": "Lapu-Lapu City"}}, {"type": "Feature", "geometry": {"type": "Point", "coordinates": [123.9579762, 10.312912]}, "properties": {"id": "ChIJbSG4YMGZqTMRaDCD-db2sZY", "amenity_type": "lodging", "amenity": "Chambre Hotel Mactan", "lgu": "Lapu-Lapu City"}}, {"type": "Feature", "geometry": {"type": "Point", "coordinates": [123.9760131, 10.3217538]}, "properties": {"id": "ChIJOaxJNNaZqTMRLTJiRL8nuVI", "amenity_type": "lodging", "amenity": "Clockwork Orange Luxury Suites", "lgu": "Lapu-Lapu City"}}, {"type": "Feature", "geometry": {"type": "Point", "coordinates": [123.9986569, 10.2903964]}, "properties": {"id": "ChIJ0-RDCzaXqTMR3WBWspW7-jU", "amenity_type": "lodging", "amenity": "Coconut Pension House", "lgu": "Lapu-Lapu City"}}, {"type": "Feature", "geometry": {"type": "Point", "coordinates": [123.9601312, 10.3159286]}, "properties": {"id": "ChIJn9XiLOWZqTMRGohhVWK_LQk", "amenity_type": "lodging", "amenity": "Connecting Flight Mactan Cebu Hostel", "lgu": "Lapu-Lapu City"}}, {"type": "Feature", "geometry": {"type": "Point", "coordinates": [124.0061286, 10.2883261]}, "properties": {"id": "ChIJt2xmRzKXqTMRrsTGrKWYPwM", "amenity_type": "lodging", "amenity": "Costabella Tropical Beach Hotel", "lgu": "Lapu-Lapu City"}}, {"type": "Feature", "geometry": {"type": "Point", "coordinates": [123.9716685, 10.2927247]}, "properties": {"id": "ChIJHU1Fz6uZqTMRwUxXSbW7Eyw", "amenity_type": "lodging", "amenity": "Cozy Inn Mactan", "lgu": "Lapu-Lapu City"}}, {"type": "Feature", "geometry": {"type": "Point", "coordinates": [124.0137914, 10.3106135]}, "properties": {"id": "ChIJn3TY6oyXqTMRi1RHXN8dIR4", "amenity_type": "lodging", "amenity": "Cristina Pension House", "lgu": "Lapu-Lapu City"}}, {"type": "Feature", "geometry": {"type": "Point", "coordinates": [123.9918752, 10.2786101]}, "properties": {"id": "ChIJc6C-uNqZqTMRY7ZWbEJDbQg", "amenity_type": "lodging", "amenity": "Cube9 Resort and Spa", "lgu": "Lapu-Lapu City"}}, {"type": "Feature", "geometry": {"type": "Point", "coordinates": [123.9674531, 10.3249471]}, "properties": {"id": "ChIJLa6SIACZqTMRAc6Wu98tfBc", "amenity_type": "tourist_attraction", "amenity": "Dayagdal's Fishing Spot", "lgu": "Lapu-Lapu City"}}, {"type": "Feature", "geometry": {"type": "Point", "coordinates": [123.9363932, 10.2821621]}, "properties": {"id": "ChIJvWVgkPSbqTMR_F6KKCI4ka8", "amenity_type": "lodging", "amenity": "Dormi Bene Pension Inn", "lgu": "Lapu-Lapu City"}}, {"type": "Feature", "geometry": {"type": "Point", "coordinates": [123.9608592, 10.3024964]}, "properties": {"id": "ChIJzcMz4-6ZqTMR7vOqlq-3R-U", "amenity_type": "lodging", "amenity": "Eloisa Royal Suites", "lgu": "Lapu-Lapu City"}}, {"type": "Feature", "geometry": {"type": "Point", "coordinates": [123.9861638, 10.3045982]}, "properties": {"id": "ChIJh8qTO6SXqTMRkVRrNdxLCO0", "amenity_type": "tourist_attraction", "amenity": "Elsi the LCIC cat", "lgu": "Lapu-Lapu City"}}, {"type": "Feature", "geometry": {"type": "Point", "coordinates": [123.9592859, 10.3094675]}, "properties": {"id": "ChIJdeO2RAmZqTMR0qd6UV5y7DI", "amenity_type": "lodging", "amenity": "Express Inn Lapu-Lapu Branch", "lgu": "Lapu-Lapu City"}}, {"type": "Feature", "geometry": {"type": "Point", "coordinates": [123.9836411, 10.2594543]}, "properties": {"id": "ChIJYZ6yLpuQqTMR5JvxuK0ilto", "amenity_type": "lodging", "amenity": "Feelgood Dive Resort", "lgu": "Lapu-Lapu City"}}, {"type": "Feature", "geometry": {"type": "Point", "coordinates": [123.9683949, 10.3166769]}, "properties": {"id": "ChIJc6sF4kWZqTMRx1JRMbp-6vs", "amenity_type": "lodging", "amenity": "Gallarde's Pension House", "lgu": "Lapu-Lapu City"}}, {"type": "Feature", "geometry": {"type": "Point", "coordinates": [123.9660223, 10.2696237]}, "properties": {"id": "ChIJhzgNurebqTMR0SLp1iAkMlg", "amenity_type": "lodging", "amenity": "Gem's Paradise Resort", "lgu": "Lapu-Lapu City"}}, {"type": "Feature", "geometry": {"type": "Point", "coordinates": [123.9492918, 10.321627]}, "properties": {"id": "ChIJ1S_BSwCZqTMRoCVUevdD1FY", "amenity_type": "tourist_attraction", "amenity": "Geo Tech Solutions", "lgu": "Lapu-Lapu City"}}, {"type": "Feature", "geometry": {"type": "Point", "coordinates": [123.9679031, 10.3211145]}, "properties": {"id": "ChIJ7UNUFtGZqTMRM1MLoQ1gSMk", "amenity_type": "lodging", "amenity": "Goldberry Suites & Hotel Mactan", "lgu": "Lapu-Lapu City"}}, {"type": "Feature", "geometry": {"type": "Point", "coordinates": [123.9282091, 10.3112017]}, "properties": {"id": "ChIJ4bU_-RKZqTMR9nQwm2zH74I", "amenity_type": "tourist_attraction", "amenity": "Gothong Private Wharf", "lgu": "Lapu-Lapu City"}}, {"type": "Feature", "geometry": {"type": "Point", "coordinates": [123.9749357, 10.2813057]}, "properties": {"id": "ChIJhXI7lIibqTMRz2jLt410Bic", "amenity_type": "tourist_attraction", "amenity": "Guba na Sakyanan", "lgu": "Lapu-Lapu City"}}, {"type": "Feature", "geometry": {"type": "Point", "coordinates": [123.9668838, 10.3165141]}, "properties": {"id": "ChIJydHRQdyZqTMR4txhTmkUGIM", "amenity_type": "lodging", "amenity": "Halfway House Hostel", "lgu": "Lapu-Lapu City"}}, {"type": "Feature", "geometry": {"type": "Point", "coordinates": [124.0086583, 10.2900397]}, "properties": {"id": "ChIJU_IxCS6XqTMRV2W5EBLoxlU", "amenity_type": "lodging", "amenity": "Happy Beach Cebu, Mactan", "lgu": "Lapu-Lapu City"}}, {"type": "Feature", "geometry": {"type": "Point", "coordinates": [123.9621443, 10.3113284]}, "properties": {"id": "ChIJvXkNez6YqTMRvxN2JOHwyrM", "amenity_type": "lodging", "amenity": "IT compound", "lgu": "Lapu-Lapu City"}}, {"type": "Feature", "geometry": {"type": "Point", "coordinates": [123.975611, 10.3222111]}, "properties": {"id": "ChIJl_kGGG-ZqTMR8hxhM4oSons", "amenity_type": "lodging", "amenity": "Jiji's Hostel", "lgu": "Lapu-Lapu City"}}, {"type": "Feature", "geometry": {"type": "Point", "coordinates": [123.9955854, 10.282778]}, "properties": {"id": "ChIJA8aOt7WQqTMRfJ6wYOO_eUs", "amenity_type": "lodging", "amenity": "Jpark Island Resort and Waterpark, Cebu", "lgu": "Lapu-Lapu City"}}, {"type": "Feature", "geometry": {"type": "Point", "coordinates": [123.96709, 10.3163392]}, "properties": {"id": "ChIJb9v5i-qZqTMRt0bSZzUfVno", "amenity_type": "lodging", "amenity": "Kaimito House", "lgu": "Lapu-Lapu City"}}, {"type": "Feature", "geometry": {"type": "Point", "coordinates": [123.9649095, 10.3168646]}, "properties": {"id": "ChIJ9wxSIAiXqTMRmFa3bIlqD2A", "amenity_type": "tourist_attraction", "amenity": "Kalipayan Solas Seaside Beach", "lgu": "Lapu-Lapu City"}}, {"type": "Feature", "geometry": {"type": "Point", "coordinates": [123.9981474, 10.286228]}, "properties": {"id": "ChIJC9AcRjWXqTMRyWkMmLHzAlU", "amenity_type": "lodging", "amenity": "Karancho Beach House", "lgu": "Lapu-Lapu City"}}, {"type": "Feature", "geometry": {"type": "Point", "coordinates": [123.9504601, 10.3078042]}, "properties": {"id": "ChIJ4fRvUIaZqTMR-GeiGoIWbBE", "amenity_type": "lodging", "amenity": "Kave’s Lodging House ( 24 Hours)", "lgu": "Lapu-Lapu City"}}, {"type": "Feature", "geometry": {"type": "Point", "coordinates": [123.9659656, 10.2864714]}, "properties": {"id": "ChIJazt7AwOaqTMRMQSLUTCsems", "amenity_type": "lodging", "amenity": "Lapu-Lapu Cottages & Restaurant", "lgu": "Lapu-Lapu City"}}, {"type": "Feature", "geometry": {"type": "Point", "coordinates": [123.9614199, 10.3015218]}, "properties": {"id": "ChIJwS4vfgCZqTMRECAaOKM9b34", "amenity_type": "tourist_attraction", "amenity": "Lapu-Lapu Petron Lake", "lgu": "Lapu-Lapu City"}}, {"type": "Feature", "geometry": {"type": "Point", "coordinates": [123.9959226, 10.3157159]}, "properties": {"id": "ChIJc9c9htuXqTMRhMtpGpQuyYs", "amenity_type": "lodging", "amenity": "LapuLapu Transient House", "lgu": "Lapu-Lapu City"}}, {"type": "Feature", "geometry": {"type": "Point", "coordinates": [123.9673679, 10.3153926]}, "properties": {"id": "ChIJnR03UtqZqTMRr9Ct5JXzGE0", "amenity_type": "lodging", "amenity": "Little Norway Guest House", "lgu": "Lapu-Lapu City"}}, {"type": "Feature", "geometry": {"type": "Point", "coordinates": [123.9448435, 10.3310997]}, "properties": {"id": "ChIJszKf3EyYqTMR4Ek2V5_Wm5I", "amenity_type": "lodging", "amenity": "Lord's Pension House", "lgu": "Lapu-Lapu City"}}, {"type": "Feature", "geometry": {"type": "Point", "coordinates": [123.9738525, 10.3198121]}, "properties": {"id": "ChIJOzMLg4CZqTMRcznsTwV-_bw", "amenity_type": "lodging", "amenity": "MACTAN AIRPORT HILLTOP HOTEL", "lgu": "Lapu-Lapu City"}}, {"type": "Feature", "geometry": {"type": "Point", "coordinates": [123.9715689, 10.3179084]}, "properties": {"id": "ChIJ9WCJpa-ZqTMR_edYzTEr7Xo", "amenity_type": "lodging", "amenity": "Mactan Airport Guesthouse", "lgu": "Lapu-Lapu City"}}, {"type": "Feature", "geometry": {"type": "Point", "coordinates": [124.0005007, 10.3080177]}, "properties": {"id": "ChIJNQ2mtrqXqTMR3xkkK-8_Quc", "amenity_type": "lodging", "amenity": "Mactan Hostel", "lgu": "Lapu-Lapu City"}}, {"type": "Feature", "geometry": {"type": "Point", "coordinates": [123.960184, 10.3159324]}, "properties": {"id": "ChIJa__SM9GZqTMRm6O3kGFgGYg", "amenity_type": "lodging", "amenity": "Mactan-Cebu Airport Budget HoteL", "lgu": "Lapu-Lapu City"}}, {"type": "Feature", "geometry": {"type": "Point", "coordinates": [123.9642532, 10.2818972]}, "properties": {"id": "ChIJI_usTwCbqTMRg5F3A5UdknY", "amenity_type": "tourist_attraction", "amenity": "Magaam Eethu", "lgu": "Lapu-Lapu City"}}, {"type": "Feature", "geometry": {"type": "Point", "coordinates": [123.9384725, 10.3199756]}, "properties": {"id": "ChIJo37_OxqZqTMRhv5v7olRrTI", "amenity_type": "tourist_attraction", "amenity": "Mandani Bay Boardwalk", "lgu": "Lapu-Lapu City"}}, {"type": "Feature", "geometry": {"type": "Point", "coordinates": [123.9370113, 10.3285048]}, "properties": {"id": "ChIJUWTCfgCZqTMRdI0d0_9nZkg", "amenity_type": "tourist_attraction", "amenity": "Mandaue", "lgu": "Lapu-Lapu City"}}, {"type": "Feature", "geometry": {"type": "Point", "coordinates": [123.9713853, 10.2626463]}, "properties": {"id": "ChIJlTHQK16bqTMRsHhv74V3dWU", "amenity_type": "lodging", "amenity": "Mariegold Villa Resort", "lgu": "Lapu-Lapu City"}}, {"type": "Feature", "geometry": {"type": "Point", "coordinates": [123.990573, 10.29132]}, "properties": {"id": "ChIJY6COGEyXqTMREpHuolWXvis", "amenity_type": "lodging", "amenity": "Matilde's House - Mactan Cebu Transient House", "lgu": "Lapu-Lapu City"}}, {"type": "Feature", "geometry": {"type": "Point", "coordinates": [123.9486111, 10.3125]}, "properties": {"id": "ChIJKaKxab6ZqTMR2ATZPLtq2S0", "amenity_type": "tourist_attraction", "amenity": "Nuestra Señora de Regla Parish National Shrine", "lgu": "Lapu-Lapu City"}}, {"type": "Feature", "geometry": {"type": "Point", "coordinates": [123.9524188, 10.3057261]}, "properties": {"id": "ChIJ_egNnKOZqTMRsb1G9BiGBPQ", "amenity_type": "lodging", "amenity": "OYO 685 K Fortune Apartelle", "lgu": "Lapu-Lapu City"}}, {"type": "Feature", "geometry": {"type": "Point", "coordinates": [123.9448306, 10.3254348]}, "properties": {"id": "ChIJgzBhZrGZqTMRht5eVJWq818", "amenity_type": "lodging", "amenity": "PMG Pension House", "lgu": "Lapu-Lapu City"}}, {"type": "Feature", "geometry": {"type": "Point", "coordinates": [123.9729694, 10.2556673]}, "properties": {"id": "ChIJYf1u53iaqTMRkIP4iV91zuw", "amenity_type": "lodging", "amenity": "Pacific Cebu Resort International Inc.", "lgu": "Lapu-Lapu City"}}, {"type": "Feature", "geometry": {"type": "Point", "coordinates": [124.028205, 10.3159485]}, "properties": {"id": "ChIJHwnMwfuWqTMRgrCyn2XQ3pc", "amenity_type": "lodging", "amenity": "Palmbeach Resort, Mactan, Cebu", "lgu": "Lapu-Lapu City"}}, {"type": "Feature", "geometry": {"type": "Point", "coordinates": [123.9828074, 10.2605254]}, "properties": {"id": "ChIJT1YrBpuQqTMRo2EU1FusETE", "amenity_type": "lodging", "amenity": "Plantation Bay, a Real Resort with a Real Spa", "lgu": "Lapu-Lapu City"}}, {"type": "Feature", "geometry": {"type": "Point", "coordinates": [123.9722147, 10.3197437]}, "properties": {"id": "ChIJD0B6XQCZqTMRUUw0y7OI5Mg", "amenity_type": "tourist_attraction", "amenity": "Pusok", "lgu": "Lapu-Lapu City"}}, {"type": "Feature", "geometry": {"type": "Point", "coordinates": [123.9510738, 10.3107057]}, "properties": {"id": "ChIJP-HBcQCZqTMRzlD5zi1pjG4", "amenity_type": "lodging", "amenity": "QUINN ALORA BODY & FOOT MASSAGE SERVICES", "lgu": "Lapu-Lapu City"}}, {"type": "Feature", "geometry": {"type": "Point", "coordinates": [123.9474376, 10.30528]}, "properties": {"id": "ChIJbVvPu32ZqTMR654ATL7dSV0", "amenity_type": "lodging", "amenity": "Queensland Hotel Drive Inn - Lapu Lapu", "lgu": "Lapu-Lapu City"}}, {"type": "Feature", "geometry": {"type": "Point", "coordinates": [123.9194217, 10.3098183]}, "properties": {"id": "ChIJ98_q922ZqTMRzevEqZ2sjhw", "amenity_type": "lodging", "amenity": "Radisson Blu Hotel, Cebu", "lgu": "Lapu-Lapu City"}}, {"type": "Feature", "geometry": {"type": "Point", "coordinates": [123.9932226, 10.3125281]}, "properties": {"id": "ChIJ4wWwI9uXqTMRA8g0zPl2Ynk", "amenity_type": "lodging", "amenity": "RedDoorz @ 3Ms Tourist Inn", "lgu": "Lapu-Lapu City"}}, {"type": "Feature", "geometry": {"type": "Point", "coordinates": [123.9485625, 10.2974375]}, "properties": {"id": "ChIJ14_enwacqTMRPN-s97swsZ0", "amenity_type": "lodging", "amenity": "RedDoorz Hostel @ St. Paul Village LapuLapu", "lgu": "Lapu-Lapu City"}}, {"type": "Feature", "geometry": {"type": "Point", "coordinates": [123.9466333, 10.3275475]}, "properties": {"id": "ChIJ-xz5NzqZqTMRklZ79x0hvq8", "amenity_type": "lodging", "amenity": "RedDoorz Plus New Era Budget Hotel Mandaue former RedDoorz Plus near UV Mandaue Cebu", "lgu": "Lapu-Lapu City"}}, {"type": "Feature", "geometry": {"type": "Point", "coordinates": [123.9750581, 10.2631813]}, "properties": {"id": "ChIJoV-h9p2QqTMR23FTQLCGOSo", "amenity_type": "lodging", "amenity": "RedDoorz Plus near Camella La Brisa Lapulapu", "lgu": "Lapu-Lapu City"}}, {"type": "Feature", "geometry": {"type": "Point", "coordinates": [123.9656888, 10.28456]}, "properties": {"id": "ChIJy4u3YwOaqTMR0MrLLbM5BOY", "amenity_type": "lodging", "amenity": "RedDoorz near Shopwise Basak-Sudtunggan Lapu Lapu", "lgu": "Lapu-Lapu City"}}, {"type": "Feature", "geometry": {"type": "Point", "coordinates": [123.9515012, 10.3338654]}, "properties": {"id": "ChIJSXMmGUqYqTMRkdTU7ZXETYw", "amenity_type": "lodging", "amenity": "Residenz Inn", "lgu": "Lapu-Lapu City"}}, {"type": "Feature", "geometry": {"type": "Point", "coordinates": [124.0290799, 10.2530581]}, "properties": {"id": "ChIJ753o0BqRqTMROLOtgZEtOxA", "amenity_type": "lodging", "amenity": "Sagastrand Beach Resort", "lgu": "Lapu-Lapu City"}}, {"type": "Feature", "geometry": {"type": "Point", "coordinates": [124.0200301, 10.3081301]}, "properties": {"id": "ChIJK3Gx-OGWqTMROX_qKq-4KGs", "amenity_type": "lodging", "amenity": "Shangri-La Mactan, Cebu", "lgu": "Lapu-Lapu City"}}, {"type": "Feature", "geometry": {"type": "Point", "coordinates": [124.0231906, 10.3102726]}, "properties": {"id": "ChIJ7WcyPeOWqTMREG1ywuQD6Ys", "amenity_type": "lodging", "amenity": "THE MARK RESORT", "lgu": "Lapu-Lapu City"}}, {"type": "Feature", "geometry": {"type": "Point", "coordinates": [124.0068711, 10.2899858]}, "properties": {"id": "ChIJxcttJDKXqTMRCgiih6FD72E", "amenity_type": "lodging", "amenity": "Tambuli Seaside Resort and Spa", "lgu": "Lapu-Lapu City"}}, {"type": "Feature", "geometry": {"type": "Point", "coordinates": [123.9948348, 10.2788644]}, "properties": {"id": "ChIJtwZmULaQqTMRmNUsD4eh4PI", "amenity_type": "lodging", "amenity": "The Beach Park-Hadsan", "lgu": "Lapu-Lapu City"}}, {"type": "Feature", "geometry": {"type": "Point", "coordinates": [123.9677576, 10.3214794]}, "properties": {"id": "ChIJmVt4a9GZqTMRRuNZfE1R8QQ", "amenity_type": "lodging", "amenity": "The Bellavista Hotel", "lgu": "Lapu-Lapu City"}}, {"type": "Feature", "geometry": {"type": "Point", "coordinates": [124.0193458, 10.3035254]}, "properties": {"id": "ChIJW619zx-XqTMRT1yPdbXw78A", "amenity_type": "lodging", "amenity": "The Mactan Newtown Beach", "lgu": "Lapu-Lapu City"}}, {"type": "Feature", "geometry": {"type": "Point", "coordinates": [123.9589662, 10.3125819]}, "properties": {"id": "ChIJ8RVHsb-ZqTMRvRQ0ogCkyfw", "amenity_type": "lodging", "amenity": "The Pocket Hotel", "lgu": "Lapu-Lapu City"}}, {"type": "Feature", "geometry": {"type": "Point", "coordinates": [123.9651724, 10.3189757]}, "properties": {"id": "ChIJbQ-LkK6ZqTMRpU-sWO2KR2g", "amenity_type": "lodging", "amenity": "The Public Hostel", "lgu": "Lapu-Lapu City"}}, {"type": "Feature", "geometry": {"type": "Point", "coordinates": [124.0157325, 10.2987618]}, "properties": {"id": "ChIJsdZwfxqcqTMRG47Cf7M9pAk", "amenity_type": "lodging", "amenity": "The Reef Island Resort", "lgu": "Lapu-Lapu City"}}, {"type": "Feature", "geometry": {"type": "Point", "coordinates": [123.9615481, 10.316059]}, "properties": {"id": "ChIJ_1B1TgCZqTMR40UWf75qHfw", "amenity_type": "lodging", "amenity": "Transient House near Mactan Airport", "lgu": "Lapu-Lapu City"}}, {"type": "Feature", "geometry": {"type": "Point", "coordinates": [123.977083, 10.3253814]}, "properties": {"id": "ChIJWStU5mmXqTMR6tG-wsNvQgk", "amenity_type": "lodging", "amenity": "Travelbee Airport Inn", "lgu": "Lapu-Lapu City"}}, {"type": "Feature", "geometry": {"type": "Point", "coordinates": [123.9520062, 10.3131034]}, "properties": {"id": "ChIJjbZjUwCZqTMRCtPQIOejBAI", "amenity_type": "tourist_attraction", "amenity": "Upper Lapu-lapu Falls", "lgu": "Lapu-Lapu City"}}, {"type": "Feature", "geometry": {"type": "Point", "coordinates": [124.0090272, 10.3063003]}, "properties": {"id": "ChIJteV40BmXqTMR1zdw6xYruo0", "amenity_type": "lodging", "amenity": "Very Good Hotel", "lgu": "Lapu-Lapu City"}}, {"type": "Feature", "geometry": {"type": "Point", "coordinates": [123.9523135, 10.3036407]}, "properties": {"id": "ChIJyyqQV4CZqTMR8Oihi-aqf4I", "amenity_type": "lodging", "amenity": "Victoria's Travellers Inn", "lgu": "Lapu-Lapu City"}}, {"type": "Feature", "geometry": {"type": "Point", "coordinates": [124.0161361, 10.2998733]}, "properties": {"id": "ChIJ23AvqCGXqTMRPT62H-il-Sc", "amenity_type": "lodging", "amenity": "Vista Mar Beach Resort & Country Club", "lgu": "Lapu-Lapu City"}}, {"type": "Feature", "geometry": {"type": "Point", "coordinates": [123.9657188, 10.3200177]}, "properties": {"id": "ChIJBUzmbNGZqTMRnTGniLEk9N0", "amenity_type": "lodging", "amenity": "WJV INN PUSOK", "lgu": "Lapu-Lapu City"}}, {"type": "Feature", "geometry": {"type": "Point", "coordinates": [123.9827708, 10.3061957]}, "properties": {"id": "ChIJV-uNlFyXqTMR06MsLEW7iWQ", "amenity_type": "lodging", "amenity": "WJV Inn Hangar", "lgu": "Lapu-Lapu City"}}, {"type": "Feature", "geometry": {"type": "Point", "coordinates": [123.9632321, 10.3302073]}, "properties": {"id": "ChIJF5VQajeZqTMRTTNdqhMN-SE", "amenity_type": "lodging", "amenity": "WaterWorld Cebu", "lgu": "Lapu-Lapu City"}}, {"type": "Feature", "geometry": {"type": "Point", "coordinates": [123.9779633, 10.3168295]}, "properties": {"id": "ChIJQ3xGVcWYqTMRzSwC1tkklkc", "amenity_type": "lodging", "amenity": "Waterfront Airport Hotel & Casino Mactan", "lgu": "Lapu-Lapu City"}}, {"type": "Feature", "geometry": {"type": "Point", "coordinates": [123.9649371, 10.2969274]}, "properties": {"id": "ChIJ_18XrSGZqTMRi4VhGOH0EI4", "amenity_type": "tourist_attraction", "amenity": "Watever KTV", "lgu": "Lapu-Lapu City"}}, {"type": "Feature", "geometry": {"type": "Point", "coordinates": [123.9408865, 10.3276176]}, "properties": {"id": "ChIJxTTP2u-ZqTMRwVKr94vBNP8", "amenity_type": "lodging", "amenity": "Wjv-inn Mandaue Centro", "lgu": "Lapu-Lapu City"}}, {"type": "Feature", "geometry": {"type": "Point", "coordinates": [123.9521031, 10.3117282]}, "properties": {"id": "ChIJ5zrJRa6ZqTMRh90Jy505400", "amenity_type": "lodging", "amenity": "You and Me Inn", "lgu": "Lapu-Lapu City"}}, {"type": "Feature", "geometry": {"type": "Point", "coordinates": [123.9367827, 10.3248348]}, "properties": {"id": "ChIJIQUXxK6ZqTMR4GNoEFEgLjs", "amenity_type": "lodging", "amenity": "bai Hotel Cebu", "lgu": "Lapu-Lapu City"}}, {"type": "Feature", "geometry": {"type": "Point", "coordinates": [123.975157, 10.326076]}, "properties": {"id": "ChIJo0SffgCXqTMRTFDk4Qbmfc4", "amenity_type": "tourist_attraction", "amenity": "ronda, st cruz", "lgu": "Lapu-Lapu City"}}, {"type": "Feature", "geometry": {"type": "Point", "coordinates": [123.929307, 10.338882]}, "properties": {"id": "ChIJX3818viYqTMRuPvi8Ihc4Lc", "amenity_type": "lodging", "amenity": "Allure Hotel & Suites", "lgu": "Mandaue City"}}, {"type": "Feature", "geometry": {"type": "Point", "coordinates": [123.9219854, 10.3276021]}, "properties": {"id": "ChIJo0FUhwSZqTMR4EsAV9Vv4NY", "amenity_type": "lodging", "amenity": "Alpa City Suites", "lgu": "Mandaue City"}}, {"type": "Feature", "geometry": {"type": "Point", "coordinates": [123.9361803, 10.3306681]}, "properties": {"id": "ChIJJ-txqayZqTMRYwPlq3oNLL4", "amenity_type": "lodging", "amenity": "Apartelle Zee", "lgu": "Mandaue City"}}, {"type": "Feature", "geometry": {"type": "Point", "coordinates": [123.9235997, 10.3743154]}, "properties": {"id": "ChIJnWHYInmiqTMRNb-Uub9srqg", "amenity_type": "tourist_attraction", "amenity": "Archival's Eco-House", "lgu": "Mandaue City"}}, {"type": "Feature", "geometry": {"type": "Point", "coordinates": [123.9108125, 10.3448125]}, "properties": {"id": "ChIJV82PYeiYqTMRsCj6_VoCUDg", "amenity_type": "lodging", "amenity": "Asmara Urban Resort & Lifestyle Village Inc.", "lgu": "Mandaue City"}}, {"type": "Feature", "geometry": {"type": "Point", "coordinates": [123.9289577, 10.3284228]}, "properties": {"id": "ChIJT2uu9_yYqTMRHSyHBy3mmrM", "amenity_type": "lodging", "amenity": "Cebu Backpackers' Place", "lgu": "Mandaue City"}}, {"type": "Feature", "geometry": {"type": "Point", "coordinates": [123.9436428, 10.3345882]}, "properties": {"id": "ChIJj8nFl_SZqTMR9ZRQQrcu3rk", "amenity_type": "tourist_attraction", "amenity": "Cebu mandaue", "lgu": "Mandaue City"}}, {"type": "Feature", "geometry": {"type": "Point", "coordinates": [123.9170895, 10.3256491]}, "properties": {"id": "ChIJxYp5TA2ZqTMR8HpubBYJW28", "amenity_type": "lodging", "amenity": "Citi Park Hotel", "lgu": "Mandaue City"}}, {"type": "Feature", "geometry": {"type": "Point", "coordinates": [123.9209895, 10.3274363]}, "properties": {"id": "ChIJNaLAkQSZqTMRZulbzgyKPmU", "amenity_type": "lodging", "amenity": "Cityscape Hotel Cebu and Mandaue (Official)", "lgu": "Mandaue City"}}, {"type": "Feature", "geometry": {"type": "Point", "coordinates": [123.9300831, 10.3681902]}, "properties": {"id": "ChIJNVdDCEeZqTMR_vk1TasmWkU", "amenity_type": "lodging", "amenity": "Cornerstone Manor Inn", "lgu": "Mandaue City"}}, {"type": "Feature", "geometry": {"type": "Point", "coordinates": [123.9107686, 10.3585053]}, "properties": {"id": "ChIJ8z8T0ZWYqTMRE57h00Gphes", "amenity_type": "tourist_attraction", "amenity": "D' Family Park", "lgu": "Mandaue City"}}, {"type": "Feature", "geometry": {"type": "Point", "coordinates": [123.942128, 10.3352101]}, "properties": {"id": "ChIJ907Yyf2YqTMRygxlls5DbUs", "amenity_type": "lodging", "amenity": "Dohera Hotel", "lgu": "Mandaue City"}}, {"type": "Feature", "geometry": {"type": "Point", "coordinates": [123.9130027, 10.3415278]}, "properties": {"id": "ChIJh6YlnC-ZqTMRGAqOCoYLjXQ", "amenity_type": "lodging", "amenity": "Eia by Dawata", "lgu": "Mandaue City"}}, {"type": "Feature", "geometry": {"type": "Point", "coordinates": [123.9274764, 10.3478716]}, "properties": {"id": "ChIJuQBLraGZqTMROEAPfRA1iUA", "amenity_type": "tourist_attraction", "amenity": "Explore Cebu with Ray", "lgu": "Mandaue City"}}, {"type": "Feature", "geometry": {"type": "Point", "coordinates": [123.939241, 10.3356453]}, "properties": {"id": "ChIJRVsHdQCZqTMRqF5d-unyAiE", "amenity_type": "tourist_attraction", "amenity": "Finetrehan", "lgu": "Mandaue City"}}, {"type": "Feature", "geometry": {"type": "Point", "coordinates": [123.92244, 10.329685]}, "properties": {"id": "ChIJe5AwpAOZqTMRfFT0Sm26hYI", "amenity_type": "lodging", "amenity": "Freewilly Guest House", "lgu": "Mandaue City"}}, {"type": "Feature", "geometry": {"type": "Point", "coordinates": [123.9092505, 10.3519898]}, "properties": {"id": "ChIJ8TpSgh-ZqTMRj8ansTIEG9c", "amenity_type": "lodging", "amenity": "House Happiness", "lgu": "Mandaue City"}}, {"type": "Feature", "geometry": {"type": "Point", "coordinates": [123.9476734, 10.3497199]}, "properties": {"id": "ChIJJ8aD4dyZqTMRohYm2c5Zno8", "amenity_type": "lodging", "amenity": "Insular Square Inn", "lgu": "Mandaue City"}}, {"type": "Feature", "geometry": {"type": "Point", "coordinates": [123.9343325, 10.3350934]}, "properties": {"id": "ChIJFx7nDgCZqTMR9ZhMQBtHtWc", "amenity_type": "tourist_attraction", "amenity": "J DISTRICT", "lgu": "Mandaue City"}}, {"type": "Feature", "geometry": {"type": "Point", "coordinates": [123.9386595, 10.3610739]}, "properties": {"id": "ChIJgZYZMwCZqTMRw9XRuRUP_Kc", "amenity_type": "tourist_attraction", "amenity": "JBCC AVIARY", "lgu": "Mandaue City"}}, {"type": "Feature", "geometry": {"type": "Point", "coordinates": [123.9170128, 10.3778976]}, "properties": {"id": "ChIJRbfvcgCjqTMRrMor1mtO0Eg", "amenity_type": "tourist_attraction", "amenity": "Kabayuan Ni Lhuillier", "lgu": "Mandaue City"}}, {"type": "Feature", "geometry": {"type": "Point", "coordinates": [123.9262268, 10.366731]}, "properties": {"id": "ChIJLVujYQCZqTMR57w9pKtieuo", "amenity_type": "tourist_attraction", "amenity": "Knight Juanito King Scouthall (Leaders' Council)", "lgu": "Mandaue City"}}, {"type": "Feature", "geometry": {"type": "Point", "coordinates": [123.9129771, 10.3648579]}, "properties": {"id": "ChIJ8XvpIKObqTMRFVpNy153mMo", "amenity_type": "tourist_attraction", "amenity": "LF Cebu Tour Package", "lgu": "Mandaue City"}}, {"type": "Feature", "geometry": {"type": "Point", "coordinates": [123.927645, 10.3256496]}, "properties": {"id": "ChIJ5dFEHQeZqTMRRrq9o6LOOTY", "amenity_type": "lodging", "amenity": "Leope Hotel", "lgu": "Mandaue City"}}, {"type": "Feature", "geometry": {"type": "Point", "coordinates": [123.9209189, 10.3244305]}, "properties": {"id": "ChIJNxb3RgCZqTMR2ZanXoKX5VU", "amenity_type": "tourist_attraction", "amenity": "Lim Salamanca", "lgu": "Mandaue City"}}, {"type": "Feature", "geometry": {"type": "Point", "coordinates": [123.9245077, 10.3382832]}, "properties": {"id": "ChIJB52l4_uYqTMRCQJQMay5TBU", "amenity_type": "lodging", "amenity": "Lylie Hotel", "lgu": "Mandaue City"}}, {"type": "Feature", "geometry": {"type": "Point", "coordinates": [123.9540299, 10.3381384]}, "properties": {"id": "ChIJ31-S8zeYqTMRhmCV0T1CRH8", "amenity_type": "lodging", "amenity": "Maayo Hotel", "lgu": "Mandaue City"}}, {"type": "Feature", "geometry": {"type": "Point", "coordinates": [123.9117275, 10.3356327]}, "properties": {"id": "ChIJpck9uuGYqTMRniQppjWAwZA", "amenity_type": "lodging", "amenity": "Main Hotel and Suites", "lgu": "Mandaue City"}}, {"type": "Feature", "geometry": {"type": "Point", "coordinates": [123.9224701, 10.3429604]}, "properties": {"id": "ChIJK-NJhPCYqTMR6gUP31IgBeg", "amenity_type": "lodging", "amenity": "Mandaue Transient House", "lgu": "Mandaue City"}}, {"type": "Feature", "geometry": {"type": "Point", "coordinates": [123.9225196, 10.3429686]}, "properties": {"id": "ChIJczxZktOZqTMRlaGc4M0hoOY", "amenity_type": "lodging", "amenity": "Mandaue Transient House", "lgu": "Mandaue City"}}, {"type": "Feature", "geometry": {"type": "Point", "coordinates": [123.9161035, 10.342047]}, "properties": {"id": "ChIJH74_AOaYqTMRVz0cIcjWt0U", "amenity_type": "lodging", "amenity": "Mango Tree House", "lgu": "Mandaue City"}}, {"type": "Feature", "geometry": {"type": "Point", "coordinates": [123.9376003, 10.3338597]}, "properties": {"id": "ChIJEYMRo1OYqTMR2h8nULoTi7k", "amenity_type": "lodging", "amenity": "Metro Park Hotel - Mandaue", "lgu": "Mandaue City"}}, {"type": "Feature", "geometry": {"type": "Point", "coordinates": [123.9094445, 10.3393117]}, "properties": {"id": "ChIJA4r4sOCYqTMRcGJ3sam6Fq8", "amenity_type": "lodging", "amenity": "Montebello Hotel, Cebu", "lgu": "Mandaue City"}}, {"type": "Feature", "geometry": {"type": "Point", "coordinates": [123.9524525, 10.3364916]}, "properties": {"id": "ChIJp5r-eLOZqTMRUG0Or7nf05U", "amenity_type": "lodging", "amenity": "New Era Mandaue Budget Hotel", "lgu": "Mandaue City"}}, {"type": "Feature", "geometry": {"type": "Point", "coordinates": [123.9361361, 10.3398552]}, "properties": {"id": "ChIJ-WtwtVCYqTMR3az2RR_Sh3s", "amenity_type": "lodging", "amenity": "OYO 749 La Maria Pension And Tourist Inn Hotel", "lgu": "Mandaue City"}}, {"type": "Feature", "geometry": {"type": "Point", "coordinates": [123.9266805, 10.3574954]}, "properties": {"id": "ChIJfVWuPDuZqTMRCrmU7hMY5u0", "amenity_type": "tourist_attraction", "amenity": "Ozkanding team", "lgu": "Mandaue City"}}, {"type": "Feature", "geometry": {"type": "Point", "coordinates": [123.9580888, 10.3453346]}, "properties": {"id": "ChIJ-5ffOQCZqTMRX5KggJqYmTs", "amenity_type": "tourist_attraction", "amenity": "Paknaan, Mandaue City, Cebu", "lgu": "Mandaue City"}}, {"type": "Feature", "geometry": {"type": "Point", "coordinates": [123.9223438, 10.3658227]}, "properties": {"id": "ChIJDcJgIgaZqTMR90HmtGloefo", "amenity_type": "tourist_attraction", "amenity": "Paseo susano 15", "lgu": "Mandaue City"}}, {"type": "Feature", "geometry": {"type": "Point", "coordinates": [123.922925, 10.3381193]}, "properties": {"id": "ChIJXQ9MjvuYqTMRyavyzpfx1i0", "amenity_type": "lodging", "amenity": "Queensland Hotel", "lgu": "Mandaue City"}}, {"type": "Feature", "geometry": {"type": "Point", "coordinates": [123.9500968, 10.3582727]}, "properties": {"id": "ChIJVXEoeG2YqTMR9QW8Ft_1QHY", "amenity_type": "lodging", "amenity": "RE-CJC Pension House", "lgu": "Mandaue City"}}, {"type": "Feature", "geometry": {"type": "Point", "coordinates": [123.9242304, 10.3499846]}, "properties": {"id": "ChIJI6q5evOYqTMRMzGMJlTXbUw", "amenity_type": "lodging", "amenity": "Ranile's Pension House", "lgu": "Mandaue City"}}, {"type": "Feature", "geometry": {"type": "Point", "coordinates": [123.9214959, 10.3289414]}, "properties": {"id": "ChIJ04eqhwSZqTMRAnWNhFwbsUs", "amenity_type": "lodging", "amenity": "RedDoorz @ Asiana Pension Inn Mandaue City", "lgu": "Mandaue City"}}, {"type": "Feature", "geometry": {"type": "Point", "coordinates": [123.9510272, 10.3553339]}, "properties": {"id": "ChIJ7bXA6GyYqTMR1sk_fdHxmMg", "amenity_type": "lodging", "amenity": "RedDoorz @ Dona Jacinta Basak Mandaue", "lgu": "Mandaue City"}}, {"type": "Feature", "geometry": {"type": "Point", "coordinates": [123.937435, 10.3338749]}, "properties": {"id": "ChIJVVURolOYqTMR8PyAWKZODhM", "amenity_type": "lodging", "amenity": "RedDoorz @ Highway Mandaue", "lgu": "Mandaue City"}}, {"type": "Feature", "geometry": {"type": "Point", "coordinates": [123.9361363, 10.3398697]}, "properties": {"id": "ChIJX1DZfD6ZqTMRYjEB-6nL6-o", "amenity_type": "lodging", "amenity": "RedDoorz @ La Maria Pension & Tourist Inn", "lgu": "Mandaue City"}}, {"type": "Feature", "geometry": {"type": "Point", "coordinates": [123.9491875, 10.3473125]}, "properties": {"id": "ChIJ29j-S0CYqTMRNRx2B8jpkQ0", "amenity_type": "lodging", "amenity": "RedDoorz @ Leoncia Apartelle Mandaue City", "lgu": "Mandaue City"}}, {"type": "Feature", "geometry": {"type": "Point", "coordinates": [123.9392533, 10.3312763]}, "properties": {"id": "ChIJ0S_i01KYqTMRm6TH507kMcQ", "amenity_type": "lodging", "amenity": "RedDoorz @ Maanyag Pension House Mandaue", "lgu": "Mandaue City"}}, {"type": "Feature", "geometry": {"type": "Point", "coordinates": [123.9358561, 10.3374181]}, "properties": {"id": "ChIJx3SS9o6ZqTMRGzqO_65ZDrM", "amenity_type": "lodging", "amenity": "RedDoorz Hotel Booking by JNM", "lgu": "Mandaue City"}}, {"type": "Feature", "geometry": {"type": "Point", "coordinates": [123.932198, 10.351631]}, "properties": {"id": "ChIJ6affGQCZqTMRCNIUP_QBIjs", "amenity_type": "tourist_attraction", "amenity": "Renalyn's house", "lgu": "Mandaue City"}}, {"type": "Feature", "geometry": {"type": "Point", "coordinates": [123.9404358, 10.3336781]}, "properties": {"id": "ChIJJ0WlLwCZqTMRyfGWZdH_IME", "amenity_type": "tourist_attraction", "amenity": "Renante", "lgu": "Mandaue City"}}, {"type": "Feature", "geometry": {"type": "Point", "coordinates": [123.9426436, 10.3314163]}, "properties": {"id": "ChIJe3JgCQCZqTMRKm7uQC7gUGI", "amenity_type": "tourist_attraction", "amenity": "Renante", "lgu": "Mandaue City"}}, {"type": "Feature", "geometry": {"type": "Point", "coordinates": [123.9110767, 10.332565]}, "properties": {"id": "ChIJ39emPACZqTMR4CyAXEJZHdQ", "amenity_type": "tourist_attraction", "amenity": "Ronie", "lgu": "Mandaue City"}}, {"type": "Feature", "geometry": {"type": "Point", "coordinates": [123.9239591, 10.3240338]}, "properties": {"id": "ChIJwXzkcQOZqTMRsG9yX80RPnM", "amenity_type": "lodging", "amenity": "S&M Hotel - Mandaue", "lgu": "Mandaue City"}}, {"type": "Feature", "geometry": {"type": "Point", "coordinates": [123.926175, 10.3488963]}, "properties": {"id": "ChIJbxN1z4yYqTMRnWMyIoLgn-4", "amenity_type": "lodging", "amenity": "Sabina Suites", "lgu": "Mandaue City"}}, {"type": "Feature", "geometry": {"type": "Point", "coordinates": [123.923319, 10.3344258]}, "properties": {"id": "ChIJx3RLqXmZqTMRrgzgasTsb18", "amenity_type": "lodging", "amenity": "Sagami Stay Cebu", "lgu": "Mandaue City"}}, {"type": "Feature", "geometry": {"type": "Point", "coordinates": [123.9437517, 10.3332377]}, "properties": {"id": "ChIJq6qmr02YqTMRW8Tj4BbDbxI", "amenity_type": "lodging", "amenity": "Salome's Pension", "lgu": "Mandaue City"}}, {"type": "Feature", "geometry": {"type": "Point", "coordinates": [123.9086196, 10.3406997]}, "properties": {"id": "ChIJwxrD4saZqTMRETxLE1n4jns", "amenity_type": "lodging", "amenity": "TRANSIT Guest House", "lgu": "Mandaue City"}}, {"type": "Feature", "geometry": {"type": "Point", "coordinates": [123.9313767, 10.3370751]}, "properties": {"id": "ChIJP7d2mPiYqTMRzK7LiwpmltE", "amenity_type": "lodging", "amenity": "The Orchard Cebu", "lgu": "Mandaue City"}}, {"type": "Feature", "geometry": {"type": "Point", "coordinates": [123.9305133, 10.3285698]}, "properties": {"id": "ChIJRbFYVWOZqTMRYOLmOBAXTwo", "amenity_type": "tourist_attraction", "amenity": "Tipolo skywalk", "lgu": "Mandaue City"}}, {"type": "Feature", "geometry": {"type": "Point", "coordinates": [123.9343921, 10.3348759]}, "properties": {"id": "ChIJk1jKSFSYqTMRnQfrHdph96M", "amenity_type": "lodging", "amenity": "Toyoko Inn Cebu", "lgu": "Mandaue City"}}, {"type": "Feature", "geometry": {"type": "Point", "coordinates": [123.9354299, 10.3310823]}, "properties": {"id": "ChIJgdw4-pOZqTMRrfTMXs7yyQM", "amenity_type": "tourist_attraction", "amenity": "Travel tour guide", "lgu": "Mandaue City"}}, {"type": "Feature", "geometry": {"type": "Point", "coordinates": [123.9362207, 10.366386]}, "properties": {"id": "ChIJh5aABtmZqTMRgCiRBg7PRns", "amenity_type": "lodging", "amenity": "WJV INN CANDUMAN", "lgu": "Mandaue City"}}, {"type": "Feature", "geometry": {"type": "Point", "coordinates": [123.9501554, 10.3570581]}, "properties": {"id": "ChIJOcRyOkyZqTMRZezJRkq1sC0", "amenity_type": "lodging", "amenity": "WJV Inn Basak Mandaue", "lgu": "Mandaue City"}}, {"type": "Feature", "geometry": {"type": "Point", "coordinates": [123.9250548, 10.3483965]}, "properties": {"id": "ChIJ-wigQACZqTMRT1gPK6odvPI", "amenity_type": "lodging", "amenity": "WJV Inn Cabancalan", "lgu": "Mandaue City"}}, {"type": "Feature", "geometry": {"type": "Point", "coordinates": [123.9339162, 10.3416775]}, "properties": {"id": "ChIJY5xcYZeZqTMR9UQXWULr0yk", "amenity_type": "lodging", "amenity": "WJV Inn Casuntingan", "lgu": "Mandaue City"}}, {"type": "Feature", "geometry": {"type": "Point", "coordinates": [123.9301043, 10.3613436]}, "properties": {"id": "ChIJn_ZxFgCZqTMR8vvDQJZnRCg", "amenity_type": "tourist_attraction", "amenity": "balay sa pinaka pogi ng buong kalawakan", "lgu": "Mandaue City"}}, {"type": "Feature", "geometry": {"type": "Point", "coordinates": [123.9141252, 10.356777]}, "properties": {"id": "ChIJk2YC0UmZqTMRuLM-ghx7lZY", "amenity_type": "lodging", "amenity": "ゲストハウス＆シェアハウス Cebu Style", "lgu": "Mandaue City"}}, {"type": "Feature", "geometry": {"type": "Point", "coordinates": [123.787914, 10.2426564]}, "properties": {"id": "ChIJwbsdJX6dqTMR9eB7BRkSoS4", "amenity_type": "lodging", "amenity": "DLT Suites", "lgu": "Minglanilla"}}, {"type": "Feature", "geometry": {"type": "Point", "coordinates": [123.82243, 10.2433719]}, "properties": {"id": "ChIJPfTQMjmdqTMRC-7h9jSFAjw", "amenity_type": "lodging", "amenity": "AQua Cainta Resort", "lgu": "Talisay City"}}, {"type": "Feature", "geometry": {"type": "Point", "coordinates": [123.8327426, 10.2361087]}, "properties": {"id": "ChIJSeZC5SedqTMRh_F9NCf_wzw", "amenity_type": "lodging", "amenity": "Aeo mangoujuicesan zone 3 purok malinawon", "lgu": "Talisay City"}}, {"type": "Feature", "geometry": {"type": "Point", "coordinates": [123.8607987, 10.2711702]}, "properties": {"id": "ChIJ4cZrOQCdqTMRXLMAwUeLbvw", "amenity_type": "lodging", "amenity": "Angelica's Home", "lgu": "Talisay City"}}, {"type": "Feature", "geometry": {"type": "Point", "coordinates": [123.8606572, 10.2742422]}, "properties": {"id": "ChIJa46VWT-dqTMRxTzCAsSOAtY", "amenity_type": "lodging", "amenity": "Antonio Abangan Compound", "lgu": "Talisay City"}}, {"type": "Feature", "geometry": {"type": "Point", "coordinates": [123.8223954, 10.243495]}, "properties": {"id": "ChIJnSgUzT6dqTMRmyha18iK_sE", "amenity_type": "lodging", "amenity": "Aqua Cainta Resort Homestay", "lgu": "Talisay City"}}, {"type": "Feature", "geometry": {"type": "Point", "coordinates": [123.837395, 10.2401897]}, "properties": {"id": "ChIJ4V8IA7OdqTMRdeXXzHIcmb8", "amenity_type": "lodging", "amenity": "Arobo", "lgu": "Talisay City"}}, {"type": "Feature", "geometry": {"type": "Point", "coordinates": [123.8497376, 10.2431722]}, "properties": {"id": "ChIJ37cGEN2cqTMROL2jIwYro7A", "amenity_type": "lodging", "amenity": "Aznar Beach Resort", "lgu": "Talisay City"}}, {"type": "Feature", "geometry": {"type": "Point", "coordinates": [123.8481061, 10.2440081]}, "properties": {"id": "ChIJdzTzVu2dqTMRoBTIO1U75Nk", "amenity_type": "tourist_attraction", "amenity": "Aznar Floating Cottage", "lgu": "Talisay City"}}, {"type": "Feature", "geometry": {"type": "Point", "coordinates": [123.8241423, 10.2383194]}, "properties": {"id": "ChIJ8_FXK5KdqTMRV9MAUcLwCk0", "amenity_type": "lodging", "amenity": "B&B JanPetTam", "lgu": "Talisay City"}}, {"type": "Feature", "geometry": {"type": "Point", "coordinates": [123.8577324, 10.2664629]}, "properties": {"id": "ChIJ0d0c7LGdqTMRhc1T7QzsXDI", "amenity_type": "lodging", "amenity": "BGS PLACE INAYAWAN", "lgu": "Talisay City"}}, {"type": "Feature", "geometry": {"type": "Point", "coordinates": [123.8357621, 10.2363243]}, "properties": {"id": "ChIJla9csiidqTMR-goCqhH92i8", "amenity_type": "lodging", "amenity": "Basha house", "lgu": "Talisay City"}}, {"type": "Feature", "geometry": {"type": "Point", "coordinates": [123.8271812, 10.2369854]}, "properties": {"id": "ChIJE2TfT82dqTMRTyw-eL4h860", "amenity_type": "tourist_attraction", "amenity": "Biasong Beach", "lgu": "Talisay City"}}, {"type": "Feature", "geometry": {"type": "Point", "coordinates": [123.8292033, 10.2402627]}, "properties": {"id": "ChIJjzAqZwCdqTMRvvVq-m68n30", "amenity_type": "lodging", "amenity": "Biasong Talisay Bayswater", "lgu": "Talisay City"}}, {"type": "Feature", "geometry": {"type": "Point", "coordinates": [123.8589354, 10.2800525]}, "properties": {"id": "ChIJxaJzEgCdqTMRXoIvaoqf4MY", "amenity_type": "lodging", "amenity": "Bittick", "lgu": "Talisay City"}}, {"type": "Feature", "geometry": {"type": "Point", "coordinates": [123.8417969, 10.2375691]}, "properties": {"id": "ChIJQXg2eACdqTMR6R2SwLvn1t0", "amenity_type": "tourist_attraction", "amenity": "Broken Wall of Talisay", "lgu": "Talisay City"}}, {"type": "Feature", "geometry": {"type": "Point", "coordinates": [123.841814, 10.2375856]}, "properties": {"id": "ChIJs821OACdqTMRbprsdr88d1s", "amenity_type": "tourist_attraction", "amenity": "Broken Wall of Talisay", "lgu": "Talisay City"}}, {"type": "Feature", "geometry": {"type": "Point", "coordinates": [123.8637377, 10.2672214]}, "properties": {"id": "ChIJi_ySGCmdqTMR1CBcii0zMjI", "amenity_type": "lodging", "amenity": "Bryan mahilum", "lgu": "Talisay City"}}, {"type": "Feature", "geometry": {"type": "Point", "coordinates": [123.82099, 10.2777464]}, "properties": {"id": "ChIJgexFGwCdqTMRdTcK3At8FcQ", "amenity_type": "tourist_attraction", "amenity": "Camp Site, Tubahan Libes", "lgu": "Talisay City"}}, {"type": "Feature", "geometry": {"type": "Point", "coordinates": [123.8621425, 10.2647126]}, "properties": {"id": "ChIJY91lpmedqTMRsEdukr708UU", "amenity_type": "lodging", "amenity": "Casa Jaca", "lgu": "Talisay City"}}, {"type": "Feature", "geometry": {"type": "Point", "coordinates": [123.8220978, 10.24226]}, "properties": {"id": "ChIJyz58IjmdqTMRZVIxvTHz1hY", "amenity_type": "lodging", "amenity": "Casa Talisay Sleeps 6 with Garage", "lgu": "Talisay City"}}, {"type": "Feature", "geometry": {"type": "Point", "coordinates": [123.8169485, 10.2755464]}, "properties": {"id": "ChIJ83aGSwCdqTMRYDXhvRkcgZk", "amenity_type": "lodging", "amenity": "Casa Vista by Hooga Home", "lgu": "Talisay City"}}, {"type": "Feature", "geometry": {"type": "Point", "coordinates": [123.8299866, 10.2434664]}, "properties": {"id": "ChIJbXdOSyOdqTMRjAFHoxAfr68", "amenity_type": "lodging", "amenity": "Casathea Hometel Cebu", "lgu": "Talisay City"}}, {"type": "Feature", "geometry": {"type": "Point", "coordinates": [123.8237915, 10.24543]}, "properties": {"id": "ChIJA_9Bhj6dqTMRFDXQh6Psaec", "amenity_type": "lodging", "amenity": "Cebu's Hidden Gem", "lgu": "Talisay City"}}, {"type": "Feature", "geometry": {"type": "Point", "coordinates": [123.8390884, 10.2520849]}, "properties": {"id": "ChIJo6qqqhqdqTMRS_g8PA-XWzI", "amenity_type": "lodging", "amenity": "Celbyrne Pension Hauz", "lgu": "Talisay City"}}, {"type": "Feature", "geometry": {"type": "Point", "coordinates": [123.8582651, 10.2826235]}, "properties": {"id": "ChIJU9VmcwCdqTMRmYMkputyHDo", "amenity_type": "tourist_attraction", "amenity": "Chris ann", "lgu": "Talisay City"}}, {"type": "Feature", "geometry": {"type": "Point", "coordinates": [123.8309178, 10.2418916]}, "properties": {"id": "ChIJb8KnOi2dqTMRkWLa01QBMwQ", "amenity_type": "lodging", "amenity": "Ciotarz Inn", "lgu": "Talisay City"}}, {"type": "Feature", "geometry": {"type": "Point", "coordinates": [123.8358585, 10.2385796]}, "properties": {"id": "ChIJEQSkuzqdqTMRYf-L_Dq_VnA", "amenity_type": "lodging", "amenity": "Creative tinsmith", "lgu": "Talisay City"}}, {"type": "Feature", "geometry": {"type": "Point", "coordinates": [123.833955, 10.2464979]}, "properties": {"id": "ChIJ2fq8nRidqTMRt671KgbUT8A", "amenity_type": "tourist_attraction", "amenity": "Crocolandia", "lgu": "Talisay City"}}, {"type": "Feature", "geometry": {"type": "Point", "coordinates": [123.826946, 10.239253]}, "properties": {"id": "ChIJ5bLJKQCdqTMRV9G450_u6h4", "amenity_type": "lodging", "amenity": "D'BUSON'S TRAVELERS HOME", "lgu": "Talisay City"}}, {"type": "Feature", "geometry": {"type": "Point", "coordinates": [123.8242301, 10.2376024]}, "properties": {"id": "ChIJQR-y2wOdqTMRsuJKyl_S-tU", "amenity_type": "tourist_attraction", "amenity": "Dagat sa Pooc", "lgu": "Talisay City"}}, {"type": "Feature", "geometry": {"type": "Point", "coordinates": [123.8175929, 10.2578374]}, "properties": {"id": "ChIJGb1Osg6dqTMR6Rrw8wQLdz0", "amenity_type": "lodging", "amenity": "Dosi Hotel", "lgu": "Talisay City"}}, {"type": "Feature", "geometry": {"type": "Point", "coordinates": [123.839957, 10.275196]}, "properties": {"id": "ChIJZ8LtoLKdqTMRmhCnHSPpYj0", "amenity_type": "lodging", "amenity": "Elegant 3BR Private Home in Vista Grande", "lgu": "Talisay City"}}, {"type": "Feature", "geometry": {"type": "Point", "coordinates": [123.8539274, 10.2774357]}, "properties": {"id": "ChIJB6vQpRudqTMRPZvwMdptMhE", "amenity_type": "tourist_attraction", "amenity": "GSR Travel and Tours", "lgu": "Talisay City"}}, {"type": "Feature", "geometry": {"type": "Point", "coordinates": [123.8574255, 10.2709182]}, "properties": {"id": "ChIJ8SAoUACdqTMRfwRMikkw3NY", "amenity_type": "lodging", "amenity": "GV", "lgu": "Talisay City"}}, {"type": "Feature", "geometry": {"type": "Point", "coordinates": [123.842235, 10.2668523]}, "properties": {"id": "ChIJ14PBPFWcqTMR5bTNTs21kyw", "amenity_type": "lodging", "amenity": "GV Hotel Talisay", "lgu": "Talisay City"}}, {"type": "Feature", "geometry": {"type": "Point", "coordinates": [123.8339569, 10.2347829]}, "properties": {"id": "ChIJsZnYHy-dqTMRWv5jr-yPgNw", "amenity_type": "lodging", "amenity": "Gallego Private Resort", "lgu": "Talisay City"}}, {"type": "Feature", "geometry": {"type": "Point", "coordinates": [123.8380051, 10.2403082]}, "properties": {"id": "ChIJ8-UJgxudqTMRWALVLrigVeU", "amenity_type": "lodging", "amenity": "Gavinzki's Crib", "lgu": "Talisay City"}}, {"type": "Feature", "geometry": {"type": "Point", "coordinates": [123.8436586, 10.2663263]}, "properties": {"id": "ChIJc18zq02dqTMRGY78odSOxaU", "amenity_type": "lodging", "amenity": "Glenn Pension House", "lgu": "Talisay City"}}, {"type": "Feature", "geometry": {"type": "Point", "coordinates": [123.8317162, 10.245479]}, "properties": {"id": "ChIJQ_B4nnidqTMRty67XyBYFtE", "amenity_type": "lodging", "amenity": "Green Getz Inn", "lgu": "Talisay City"}}, {"type": "Feature", "geometry": {"type": "Point", "coordinates": [123.8206253, 10.2411509]}, "properties": {"id": "ChIJGem9WDidqTMRZXNssOZ9UiY", "amenity_type": "lodging", "amenity": "Hidden Gem: Cebu's Best Escape", "lgu": "Talisay City"}}, {"type": "Feature", "geometry": {"type": "Point", "coordinates": [123.8206177, 10.2410774]}, "properties": {"id": "ChIJvf6-WDidqTMRnPb8VzBvp1Q", "amenity_type": "lodging", "amenity": "Hidden Gem: Cebu's Best Escape", "lgu": "Talisay City"}}, {"type": "Feature", "geometry": {"type": "Point", "coordinates": [123.8648496, 10.2685582]}, "properties": {"id": "ChIJ6cjiewCdqTMRopY4z3DogvI", "amenity_type": "lodging", "amenity": "Hydee Lynn racaza", "lgu": "Talisay City"}}, {"type": "Feature", "geometry": {"type": "Point", "coordinates": [123.8589348, 10.2663772]}, "properties": {"id": "ChIJQSRpyJedqTMRTOphCw4_hgI", "amenity_type": "lodging", "amenity": "Ila Tosiong", "lgu": "Talisay City"}}, {"type": "Feature", "geometry": {"type": "Point", "coordinates": [123.8583827, 10.2673542]}, "properties": {"id": "ChIJZwimDACdqTMR48faCaVoFY0", "amenity_type": "lodging", "amenity": "Inday jacky lemoran", "lgu": "Talisay City"}}, {"type": "Feature", "geometry": {"type": "Point", "coordinates": [123.8376663, 10.23683]}, "properties": {"id": "ChIJSVQOtDKdqTMRIyR2x7h2cqE", "amenity_type": "lodging", "amenity": "JC Biz", "lgu": "Talisay City"}}, {"type": "Feature", "geometry": {"type": "Point", "coordinates": [123.8258928, 10.2547551]}, "properties": {"id": "ChIJkQagUACdqTMRnxNrCnQmPEQ", "amenity_type": "tourist_attraction", "amenity": "JC's rooftop", "lgu": "Talisay City"}}, {"type": "Feature", "geometry": {"type": "Point", "coordinates": [123.8589798, 10.2681796]}, "properties": {"id": "ChIJh43rOBGdqTMRvWRjbsng_Vs", "amenity_type": "lodging", "amenity": "Jaca Garage", "lgu": "Talisay City"}}, {"type": "Feature", "geometry": {"type": "Point", "coordinates": [123.8568387, 10.2741279]}, "properties": {"id": "ChIJuwgCaACdqTMRyVlvv7Mvc-A", "amenity_type": "lodging", "amenity": "Jacquelene lemoran", "lgu": "Talisay City"}}, {"type": "Feature", "geometry": {"type": "Point", "coordinates": [123.8425032, 10.2638895]}, "properties": {"id": "ChIJxxkCwP-cqTMRkBhzbEQ338I", "amenity_type": "lodging", "amenity": "Jam Beach House", "lgu": "Talisay City"}}, {"type": "Feature", "geometry": {"type": "Point", "coordinates": [123.8319083, 10.2447013]}, "properties": {"id": "ChIJ03ouLgCdqTMRTknHqY-tqB0", "amenity_type": "lodging", "amenity": "Kathleen Montemayor Geronda", "lgu": "Talisay City"}}, {"type": "Feature", "geometry": {"type": "Point", "coordinates": [123.8614014, 10.2681136]}, "properties": {"id": "ChIJ7wwgkcmdqTMRuxuk8UpVmwY", "amenity_type": "lodging", "amenity": "Kumander Insiik", "lgu": "Talisay City"}}, {"type": "Feature", "geometry": {"type": "Point", "coordinates": [123.8054905, 10.2512853]}, "properties": {"id": "ChIJP0LkDwCdqTMRoZzmUIzmVBI", "amenity_type": "tourist_attraction", "amenity": "Kuya Jhames's habal habal", "lgu": "Talisay City"}}, {"type": "Feature", "geometry": {"type": "Point", "coordinates": [123.8580613, 10.265669]}, "properties": {"id": "ChIJPUlhdfydqTMRcEamu23Cjr4", "amenity_type": "lodging", "amenity": "LOB", "lgu": "Talisay City"}}, {"type": "Feature", "geometry": {"type": "Point", "coordinates": [123.8309182, 10.2418926]}, "properties": {"id": "ChIJbykCwLKdqTMRBfKZplzfgXo", "amenity_type": "lodging", "amenity": "Lala Land Short Stays", "lgu": "Talisay City"}}, {"type": "Feature", "geometry": {"type": "Point", "coordinates": [123.8648152, 10.2661677]}, "properties": {"id": "ChIJ5dWngqOdqTMR0L9hSeHJHgE", "amenity_type": "lodging", "amenity": "Lerma carin", "lgu": "Talisay City"}}, {"type": "Feature", "geometry": {"type": "Point", "coordinates": [123.8600929, 10.2743844]}, "properties": {"id": "ChIJFV2ziF6dqTMRHPXRgWHcAGU", "amenity_type": "lodging", "amenity": "Lerna carin", "lgu": "Talisay City"}}, {"type": "Feature", "geometry": {"type": "Point", "coordinates": [123.8335307, 10.2470412]}, "properties": {"id": "ChIJ-yncJgCdqTMR1hrIfYsbFOI", "amenity_type": "lodging", "amenity": "Lopez’s", "lgu": "Talisay City"}}, {"type": "Feature", "geometry": {"type": "Point", "coordinates": [123.8308733, 10.2482395]}, "properties": {"id": "ChIJ_eeCTQCdqTMRwDfyLQaxzRs", "amenity_type": "tourist_attraction", "amenity": "Love ko's memorial house", "lgu": "Talisay City"}}, {"type": "Feature", "geometry": {"type": "Point", "coordinates": [123.8318114, 10.2599177]}, "properties": {"id": "ChIJM6BtSgCdqTMRZs6XO1ezNcw", "amenity_type": "tourist_attraction", "amenity": "Love ko's old house near bridge", "lgu": "Talisay City"}}, {"type": "Feature", "geometry": {"type": "Point", "coordinates": [123.838792, 10.257916]}, "properties": {"id": "ChIJwQnaRQCdqTMRTxZIozHQE8Q", "amenity_type": "tourist_attraction", "amenity": "Love ko's tatai uturn slot", "lgu": "Talisay City"}}, {"type": "Feature", "geometry": {"type": "Point", "coordinates": [123.8221, 10.24226]}, "properties": {"id": "ChIJ-TZ8IjmdqTMRI1--WQs2q6k", "amenity_type": "lodging", "amenity": "Lovely 3-bed House in Talisay, Cebu, Philippines", "lgu": "Talisay City"}}, {"type": "Feature", "geometry": {"type": "Point", "coordinates": [123.8458642, 10.2542579]}, "properties": {"id": "ChIJVa0M8VWdqTMRn3VuRUtAoD0", "amenity_type": "lodging", "amenity": "M&J Pension House", "lgu": "Talisay City"}}, {"type": "Feature", "geometry": {"type": "Point", "coordinates": [123.8242949, 10.2390173]}, "properties": {"id": "ChIJU2m7GACdqTMRKQGBJIAWkI8", "amenity_type": "lodging", "amenity": "Medester B Hauz", "lgu": "Talisay City"}}, {"type": "Feature", "geometry": {"type": "Point", "coordinates": [123.7941903, 10.2437431]}, "properties": {"id": "ChIJ_7bO8oZ3qTMR9LrmyCEy-sY", "amenity_type": "lodging", "amenity": "Mingla Rooms", "lgu": "Talisay City"}}, {"type": "Feature", "geometry": {"type": "Point", "coordinates": [123.8432186, 10.2678501]}, "properties": {"id": "ChIJ4RSZuNqdqTMRKaGv-Aim1RI", "amenity_type": "lodging", "amenity": "Nacho Hostel Cebu", "lgu": "Talisay City"}}, {"type": "Feature", "geometry": {"type": "Point", "coordinates": [123.8225555, 10.2443476]}, "properties": {"id": "ChIJ55nswz6dqTMRTFyvgvcHllo", "amenity_type": "lodging", "amenity": "Our Home is your Home. The best place to spend your vacation.", "lgu": "Talisay City"}}, {"type": "Feature", "geometry": {"type": "Point", "coordinates": [123.8121458, 10.2382986]}, "properties": {"id": "ChIJX1F-JgCdqTMRzj6o45SLwWs", "amenity_type": "tourist_attraction", "amenity": "PUROK JASMINE 1", "lgu": "Talisay City"}}, {"type": "Feature", "geometry": {"type": "Point", "coordinates": [123.8522797, 10.2865981]}, "properties": {"id": "ChIJ4ct9fwCdqTMRwgPj9GWr5rI", "amenity_type": "tourist_attraction", "amenity": "Pardo viewdeck", "lgu": "Talisay City"}}, {"type": "Feature", "geometry": {"type": "Point", "coordinates": [123.8277116, 10.2481606]}, "properties": {"id": "ChIJe4Z3blydqTMRLgb6ALEI3xw", "amenity_type": "lodging", "amenity": "Parent de tily", "lgu": "Talisay City"}}, {"type": "Feature", "geometry": {"type": "Point", "coordinates": [123.86114, 10.2714353]}, "properties": {"id": "ChIJJ2ozGyGdqTMRYRf5rfYoio0", "amenity_type": "lodging", "amenity": "Patcho's house", "lgu": "Talisay City"}}, {"type": "Feature", "geometry": {"type": "Point", "coordinates": [123.8358458, 10.2366938]}, "properties": {"id": "ChIJBaypMPadqTMRuTPG75eUxxE", "amenity_type": "lodging", "amenity": "Phase 2, Block 8, Lot 10, Deca Homes Baywalk 2", "lgu": "Talisay City"}}, {"type": "Feature", "geometry": {"type": "Point", "coordinates": [123.8250728, 10.237507]}, "properties": {"id": "ChIJzcllujCdqTMROnDmyp3l5sg", "amenity_type": "lodging", "amenity": "Rainbow Beach Room & Cottage", "lgu": "Talisay City"}}, {"type": "Feature", "geometry": {"type": "Point", "coordinates": [123.8390859, 10.2520835]}, "properties": {"id": "ChIJpfUw2f-cqTMRYURsruu7wRE", "amenity_type": "lodging", "amenity": "RedDoorz near Talisay District Hospital", "lgu": "Talisay City"}}, {"type": "Feature", "geometry": {"type": "Point", "coordinates": [123.8648496, 10.2685582]}, "properties": {"id": "ChIJZ3AQWACdqTMR8LRhMj0YpR4", "amenity_type": "lodging", "amenity": "Rica rasonabe", "lgu": "Talisay City"}}, {"type": "Feature", "geometry": {"type": "Point", "coordinates": [123.846986, 10.272159]}, "properties": {"id": "ChIJGah3RwCdqTMRpNTq5V6BslQ", "amenity_type": "tourist_attraction", "amenity": "Riverside - Bulacao River", "lgu": "Talisay City"}}, {"type": "Feature", "geometry": {"type": "Point", "coordinates": [123.8363112, 10.2394951]}, "properties": {"id": "ChIJVWmYVm-dqTMRocfrOg0oNRQ", "amenity_type": "lodging", "amenity": "Romahan", "lgu": "Talisay City"}}, {"type": "Feature", "geometry": {"type": "Point", "coordinates": [123.871756, 10.270077]}, "properties": {"id": "ChIJ9UNroGWcqTMRboEcdJcxfbM", "amenity_type": "lodging", "amenity": "Routvisor Inn Aparhotel", "lgu": "Talisay City"}}, {"type": "Feature", "geometry": {"type": "Point", "coordinates": [123.8266167, 10.2396468]}, "properties": {"id": "ChIJtQULZQCdqTMRdNKvcb3FFmM", "amenity_type": "lodging", "amenity": "SEAMASTERS HOME", "lgu": "Talisay City"}}, {"type": "Feature", "geometry": {"type": "Point", "coordinates": [123.8241423, 10.2383194]}, "properties": {"id": "ChIJ63Z1-1-dqTMRV83IXiVRCCM", "amenity_type": "lodging", "amenity": "SENIOR PEDRO", "lgu": "Talisay City"}}, {"type": "Feature", "geometry": {"type": "Point", "coordinates": [123.8613162, 10.2585214]}, "properties": {"id": "ChIJK1KjKemdqTMRYmaHh9-_Nqs", "amenity_type": "tourist_attraction", "amenity": "SRP", "lgu": "Talisay City"}}, {"type": "Feature", "geometry": {"type": "Point", "coordinates": [123.8778304, 10.2654199]}, "properties": {"id": "ChIJA2rSTACdqTMRojp5tWmQkNM", "amenity_type": "tourist_attraction", "amenity": "Salty Cruise Cebu PH", "lgu": "Talisay City"}}, {"type": "Feature", "geometry": {"type": "Point", "coordinates": [123.8602319, 10.279746]}, "properties": {"id": "ChIJz4OpEQCdqTMRrq-b0puzjCQ", "amenity_type": "lodging", "amenity": "Santillan Kinasang-an", "lgu": "Talisay City"}}, {"type": "Feature", "geometry": {"type": "Point", "coordinates": [123.8546017, 10.2795084]}, "properties": {"id": "ChIJ5TyqXUacqTMRVXr50qCNsC4", "amenity_type": "tourist_attraction", "amenity": "Santo Tomas de Villanueva Parish", "lgu": "Talisay City"}}, {"type": "Feature", "geometry": {"type": "Point", "coordinates": [123.8477871, 10.2439448]}, "properties": {"id": "ChIJRzeRwd2cqTMRF_9eFv-tRYM", "amenity_type": "tourist_attraction", "amenity": "Sta. Teresa de Avila Church", "lgu": "Talisay City"}}, {"type": "Feature", "geometry": {"type": "Point", "coordinates": [123.8597751, 10.2746286]}, "properties": {"id": "ChIJSyf9QZadqTMROGgSLufhOiA", "amenity_type": "lodging", "amenity": "Star Legends Adventures", "lgu": "Talisay City"}}, {"type": "Feature", "geometry": {"type": "Point", "coordinates": [123.8606234, 10.2657129]}, "properties": {"id": "ChIJHUdYYACdqTMRQkO-DdWSOts", "amenity_type": "tourist_attraction", "amenity": "TAYA Roof Deck", "lgu": "Talisay City"}}, {"type": "Feature", "geometry": {"type": "Point", "coordinates": [123.8179666, 10.2576304]}, "properties": {"id": "ChIJP4RPosidqTMRuDrhyYfrTAg", "amenity_type": "lodging", "amenity": "Talisay Cebu Transient", "lgu": "Talisay City"}}, {"type": "Feature", "geometry": {"type": "Point", "coordinates": [123.8341936, 10.2668841]}, "properties": {"id": "ChIJ_zkS6qmdqTMRCpL3Nh3uvAY", "amenity_type": "lodging", "amenity": "The Hive Rentals", "lgu": "Talisay City"}}, {"type": "Feature", "geometry": {"type": "Point", "coordinates": [123.8610217, 10.2703039]}, "properties": {"id": "ChIJwRTVKgCdqTMRJthM8-8t5uc", "amenity_type": "tourist_attraction", "amenity": "The palm tree", "lgu": "Talisay City"}}, {"type": "Feature", "geometry": {"type": "Point", "coordinates": [123.8276432, 10.2581562]}, "properties": {"id": "ChIJq6qqzTudqTMRmRohWgWp0K0", "amenity_type": "lodging", "amenity": "Thrice Admirable Rentals", "lgu": "Talisay City"}}, {"type": "Feature", "geometry": {"type": "Point", "coordinates": [123.8562986, 10.270893]}, "properties": {"id": "ChIJR28dfACdqTMRaVjl4EXDlRs", "amenity_type": "lodging", "amenity": "Toledo", "lgu": "Talisay City"}}, {"type": "Feature", "geometry": {"type": "Point", "coordinates": [123.8085784, 10.2532882]}, "properties": {"id": "ChIJt3JwAvydqTMRj9za24ZbizM", "amenity_type": "lodging", "amenity": "Toncil Homestay", "lgu": "Talisay City"}}, {"type": "Feature", "geometry": {"type": "Point", "coordinates": [123.8001211, 10.2480095]}, "properties": {"id": "ChIJDaxKbJKdqTMRyLj6xiQZeMI", "amenity_type": "lodging", "amenity": "Travelbee Minglanilla Inn", "lgu": "Talisay City"}}, {"type": "Feature", "geometry": {"type": "Point", "coordinates": [123.7986719, 10.2621497]}, "properties": {"id": "ChIJ5-_YihWZqTMRCOZKasfVLH0", "amenity_type": "lodging", "amenity": "Tubod Flowing Water Resort", "lgu": "Talisay City"}}, {"type": "Feature", "geometry": {"type": "Point", "coordinates": [123.8263746, 10.2375252]}, "properties": {"id": "ChIJizQbHy-dqTMRh1y5PbTPykQ", "amenity_type": "lodging", "amenity": "VALAN BEACH RESORT", "lgu": "Talisay City"}}, {"type": "Feature", "geometry": {"type": "Point", "coordinates": [123.8751767, 10.2687969]}, "properties": {"id": "ChIJKRpyDwCdqTMRmGMfbSxwVGQ", "amenity_type": "tourist_attraction", "amenity": "Venue Arc 2", "lgu": "Talisay City"}}, {"type": "Feature", "geometry": {"type": "Point", "coordinates": [123.8360049, 10.2364843]}, "properties": {"id": "ChIJSXp2bK-dqTMR7SldkvnrcGk", "amenity_type": "lodging", "amenity": "Viktoria’s Place", "lgu": "Talisay City"}}, {"type": "Feature", "geometry": {"type": "Point", "coordinates": [123.8319074, 10.2362511]}, "properties": {"id": "ChIJAyVSVQWdqTMRHkuS5snoruA", "amenity_type": "lodging", "amenity": "Villa Teresita Resort", "lgu": "Talisay City"}}, {"type": "Feature", "geometry": {"type": "Point", "coordinates": [123.8409869, 10.2654265]}, "properties": {"id": "ChIJVdybDgCdqTMRsxguiLvP6c0", "amenity_type": "lodging", "amenity": "WJV Inn Tabunok 2", "lgu": "Talisay City"}}, {"type": "Feature", "geometry": {"type": "Point", "coordinates": [123.8314174, 10.2374853]}, "properties": {"id": "ChIJxVOXNgCdqTMRoW_m_fj3ua8", "amenity_type": "lodging", "amenity": "YKL CEBU Transient Houses2", "lgu": "Talisay City"}}, {"type": "Feature", "geometry": {"type": "Point", "coordinates": [123.8280868, 10.2478599]}, "properties": {"id": "ChIJn0l92RedqTMRaQ3h_LG7_cE", "amenity_type": "lodging", "amenity": "Your Home Away From Home", "lgu": "Talisay City"}}, {"type": "Feature", "geometry": {"type": "Point", "coordinates": [123.8659921, 10.2564103]}, "properties": {"id": "ChIJlXOURhabqTMRJQke80Bo_z4", "amenity_type": "lodging", "amenity": "rjc Hostel Bar Talisay City", "lgu": "Talisay City"}}, {"type": "Feature", "geometry": {"type": "Point", "coordinates": [123.8382578, 10.2578827]}, "properties": {"id": "ChIJbZkzWACdqTMRX-rY_OovQoc", "amenity_type": "tourist_attraction", "amenity": "tatai house", "lgu": "Talisay City"}}, {"type": "Feature", "geometry": {"type": "Point", "coordinates": [123.8309457, 10.2481273]}, "properties": {"id": "ChIJaydEPQCdqTMR8x8AvQGsFyc", "amenity_type": "tourist_attraction", "amenity": "​Paseo Feliz & Paseo Eustaquia", "lgu": "Talisay City"}}]}