{"type": "FeatureCollection", "features": [{"type": "Feature", "geometry": {"type": "Point", "coordinates": [123.8795628, 10.281912]}, "properties": {"id": "ChIJFQBMhQycqTMRvqDXfoOMvwg", "amenity_type": "sports_complex", "amenity": "2BR Unit 2426 Sanremo Oasis ARC Home Rentals", "lgu": "Cebu City"}}, {"type": "Feature", "geometry": {"type": "Point", "coordinates": [123.8928605, 10.2903995]}, "properties": {"id": "ChIJpe8y4X6YqTMRgH-69fFEuXk", "amenity_type": "sports_complex", "amenity": "AIM Global", "lgu": "Cebu City"}}, {"type": "Feature", "geometry": {"type": "Point", "coordinates": [123.8775334, 10.2944386]}, "properties": {"id": "ChIJJZ9-XwScqTMRvkfr4KeGF1w", "amenity_type": "sports_complex", "amenity": "AJC IT Solutions", "lgu": "Cebu City"}}, {"type": "Feature", "geometry": {"type": "Point", "coordinates": [123.9067295, 10.3250523]}, "properties": {"id": "ChIJoZrlSj2ZqTMRsrgiFxHPO4c", "amenity_type": "sports_complex", "amenity": "AVENIR", "lgu": "Cebu City"}}, {"type": "Feature", "geometry": {"type": "Point", "coordinates": [123.8952547, 10.3008664]}, "properties": {"id": "ChIJJSCCJVeZqTMRT0GTX63X8GI", "amenity_type": "sports_complex", "amenity": "Abellana Sport Complex", "lgu": "Cebu City"}}, {"type": "Feature", "geometry": {"type": "Point", "coordinates": [123.9106744, 10.3317564]}, "properties": {"id": "ChIJubrVheuYqTMREaZmH4ejafE", "amenity_type": "sports_complex", "amenity": "Aboitiz Equity Ventures Inc.", "lgu": "Cebu City"}}, {"type": "Feature", "geometry": {"type": "Point", "coordinates": [123.90375, 10.3094336]}, "properties": {"id": "ChIJB1NVlEOZqTMRnmWoOsIVN50", "amenity_type": "sports_complex", "amenity": "AllSon's Inn", "lgu": "Cebu City"}}, {"type": "Feature", "geometry": {"type": "Point", "coordinates": [123.8479288, 10.308397]}, "properties": {"id": "ChIJKTPLIu-fqTMRqAAQCoPhWkQ", "amenity_type": "park", "amenity": "Amaroo Nature Park Development", "lgu": "Cebu City"}}, {"type": "Feature", "geometry": {"type": "Point", "coordinates": [123.8788398, 10.2924972]}, "properties": {"id": "ChIJyZp7NgScqTMRG0GoPRH-sx8", "amenity_type": "sports_complex", "amenity": "Anoba Studio", "lgu": "Cebu City"}}, {"type": "Feature", "geometry": {"type": "Point", "coordinates": [123.9091749, 10.3172601]}, "properties": {"id": "ChIJ1Q5hehWZqTMRF9fnGweaM8E", "amenity_type": "park", "amenity": "Anytime Fitness Cebu Business Park", "lgu": "Cebu City"}}, {"type": "Feature", "geometry": {"type": "Point", "coordinates": [123.9075784, 10.3311007]}, "properties": {"id": "ChIJR21DN9eZqTMRrA_MDKrA4f8", "amenity_type": "park", "amenity": "Anytime Fitness Cebu I.T. Park", "lgu": "Cebu City"}}, {"type": "Feature", "geometry": {"type": "Point", "coordinates": [123.8863336, 10.296731]}, "properties": {"id": "ChIJ7dAHg_-bqTMR1DOiDJdZ0G4", "amenity_type": "sports_complex", "amenity": "Asia Glass Palace", "lgu": "Cebu City"}}, {"type": "Feature", "geometry": {"type": "Point", "coordinates": [123.8641391, 10.2814563]}, "properties": {"id": "ChIJJ0AnIaieqTMRTfLZtTZ-uWA", "amenity_type": "sports_complex", "amenity": "Atlas Shippers International, Inc.", "lgu": "Cebu City"}}, {"type": "Feature", "geometry": {"type": "Point", "coordinates": [123.9015876, 10.3296351]}, "properties": {"id": "ChIJAX2WEySZqTMRpKoCTNVPBrc", "amenity_type": "sports_complex", "amenity": "Audiopro Videonics (Cebu Appliance Center)", "lgu": "Cebu City"}}, {"type": "Feature", "geometry": {"type": "Point", "coordinates": [123.9062966, 10.3301641]}, "properties": {"id": "ChIJn8BSWCKZqTMRT4yrKd0YrZc", "amenity_type": "sports_complex", "amenity": "Author Solutions Philippines Incorporated", "lgu": "Cebu City"}}, {"type": "Feature", "geometry": {"type": "Point", "coordinates": [123.9063404, 10.3324209]}, "properties": {"id": "ChIJYyMR6iGZqTMRIFuUYYnIVfo", "amenity_type": "sports_complex", "amenity": "Avida Towers Cebu", "lgu": "Cebu City"}}, {"type": "Feature", "geometry": {"type": "Point", "coordinates": [123.8995914, 10.3198802]}, "properties": {"id": "ChIJLzwqnDmZqTMR2yO2Q0THCZU", "amenity_type": "sports_complex", "amenity": "BPI Cebu Lahug Branch", "lgu": "Cebu City"}}, {"type": "Feature", "geometry": {"type": "Point", "coordinates": [123.880813, 10.2933798]}, "properties": {"id": "ChIJKdJphP-bqTMRbXI_Fb8kVpk", "amenity_type": "sports_complex", "amenity": "BPI Cebu N. Bacalso Branch", "lgu": "Cebu City"}}, {"type": "Feature", "geometry": {"type": "Point", "coordinates": [123.9015308, 10.3181997]}, "properties": {"id": "ChIJPaPlpKyZqTMRfXtw0Ex6PdA", "amenity_type": "park", "amenity": "BagtikSolutions.Co", "lgu": "Cebu City"}}, {"type": "Feature", "geometry": {"type": "Point", "coordinates": [123.891073, 10.294098]}, "properties": {"id": "ChIJg5Lrpf6bqTMR5mA0kip3Zbs", "amenity_type": "sports_complex", "amenity": "Banco de Oro", "lgu": "Cebu City"}}, {"type": "Feature", "geometry": {"type": "Point", "coordinates": [123.891482, 10.2896675]}, "properties": {"id": "ChIJpxVYIPqbqTMRhsK6LH7eNgg", "amenity_type": "sports_complex", "amenity": "Bantay Dagat Commission - Cebu City Government", "lgu": "Cebu City"}}, {"type": "Feature", "geometry": {"type": "Point", "coordinates": [123.8887882, 10.2967977]}, "properties": {"id": "ChIJPTWPS_6bqTMRToHjT4WgsQY", "amenity_type": "sports_complex", "amenity": "Battle of Tres de Abril Marker", "lgu": "Cebu City"}}, {"type": "Feature", "geometry": {"type": "Point", "coordinates": [123.9076066, 10.3174183]}, "properties": {"id": "ChIJyVZl0T-ZqTMRmwHN1aBb0nI", "amenity_type": "sports_complex", "amenity": "Bayswater", "lgu": "Cebu City"}}, {"type": "Feature", "geometry": {"type": "Point", "coordinates": [123.9097234, 10.3197316]}, "properties": {"id": "ChIJn2IM-z6ZqTMRq_sGvc9IeOk", "amenity_type": "sports_complex", "amenity": "Belo Medical Group - Cebu", "lgu": "Cebu City"}}, {"type": "Feature", "geometry": {"type": "Point", "coordinates": [123.8809971, 10.3020678]}, "properties": {"id": "ChIJvU7gSQCfqTMRcGK0pfb_IEU", "amenity_type": "park", "amenity": "Benrubiom Street, Bliss Housing, Labangon", "lgu": "Cebu City"}}, {"type": "Feature", "geometry": {"type": "Point", "coordinates": [123.8713193, 10.2899885]}, "properties": {"id": "ChIJzQIgiRCcqTMRqDW45cNsUTI", "amenity_type": "sports_complex", "amenity": "Bible Study Center", "lgu": "Cebu City"}}, {"type": "Feature", "geometry": {"type": "Point", "coordinates": [123.8767281, 10.2905017]}, "properties": {"id": "ChIJOS2JlQWcqTMRIn0kP25JyIY", "amenity_type": "sports_complex", "amenity": "Bio-Plus Repair Center", "lgu": "Cebu City"}}, {"type": "Feature", "geometry": {"type": "Point", "coordinates": [123.8974357, 10.2949261]}, "properties": {"id": "ChIJyQcxLOObqTMR9ajOFnVO8bQ", "amenity_type": "park", "amenity": "Borromeo Plaza II", "lgu": "Cebu City"}}, {"type": "Feature", "geometry": {"type": "Point", "coordinates": [123.894877, 10.3058529]}, "properties": {"id": "ChIJgzAtRlCZqTMRXkiHTyp3OJo", "amenity_type": "park", "amenity": "Bradford Memorial Church 1913", "lgu": "Cebu City"}}, {"type": "Feature", "geometry": {"type": "Point", "coordinates": [123.9046468, 10.3038332]}, "properties": {"id": "ChIJAQDQ-VyZqTMREV2hyKsiDyM", "amenity_type": "sports_complex", "amenity": "Brgy. T. Padilla Sports Complex", "lgu": "Cebu City"}}, {"type": "Feature", "geometry": {"type": "Point", "coordinates": [123.8486112, 10.311976]}, "properties": {"id": "ChIJeZUdou-fqTMRjfzOHy-pcyA", "amenity_type": "park", "amenity": "Buhisan Dam View Deck", "lgu": "Cebu City"}}, {"type": "Feature", "geometry": {"type": "Point", "coordinates": [123.8470158, 10.3103758]}, "properties": {"id": "ChIJZyyexwafqTMRllFsgdjSvNU", "amenity_type": "park", "amenity": "Buhisan Eco Park", "lgu": "Cebu City"}}, {"type": "Feature", "geometry": {"type": "Point", "coordinates": [123.8832355, 10.3618601]}, "properties": {"id": "ChIJl3cTgUyfqTMR1JZ81wgICwc", "amenity_type": "sports_complex", "amenity": "Busay Sports Complex", "lgu": "Cebu City"}}, {"type": "Feature", "geometry": {"type": "Point", "coordinates": [123.907465, 10.3171878]}, "properties": {"id": "ChIJTTtaWgCZqTMRmExL0sIjxn8", "amenity_type": "park", "amenity": "CBP Central Park", "lgu": "Cebu City"}}, {"type": "Feature", "geometry": {"type": "Point", "coordinates": [123.8801458, 10.2817588]}, "properties": {"id": "ChIJ11nUcgucqTMRdrtW-ZNAECs", "amenity_type": "sports_complex", "amenity": "CHARLES & KEITH", "lgu": "Cebu City"}}, {"type": "Feature", "geometry": {"type": "Point", "coordinates": [123.9043212, 10.3242591]}, "properties": {"id": "ChIJEXBpwjyZqTMRQP4YaXA4AIA", "amenity_type": "sports_complex", "amenity": "CITIGYM", "lgu": "Cebu City"}}, {"type": "Feature", "geometry": {"type": "Point", "coordinates": [123.891636, 10.3168062]}, "properties": {"id": "ChIJKxKUzy2ZqTMRklrAkX2L0Dw", "amenity_type": "park", "amenity": "Capitol Heritage Park", "lgu": "Cebu City"}}, {"type": "Feature", "geometry": {"type": "Point", "coordinates": [123.899131, 10.2914389]}, "properties": {"id": "ChIJkw4YkuSbqTMRj-KNt73Rp_w", "amenity_type": "park", "amenity": "Carbon Market", "lgu": "Cebu City"}}, {"type": "Feature", "geometry": {"type": "Point", "coordinates": [123.8994983, 10.2912419]}, "properties": {"id": "ChIJLej52U6bqTMRV7SNvuMvuh8", "amenity_type": "park", "amenity": "Carbon Night Market", "lgu": "Cebu City"}}, {"type": "Feature", "geometry": {"type": "Point", "coordinates": [123.9027555, 10.328883]}, "properties": {"id": "ChIJv5ZhiSOZqTMRMwK6sM2ReZ4", "amenity_type": "sports_complex", "amenity": "Cataliya Thai Herb Spa", "lgu": "Cebu City"}}, {"type": "Feature", "geometry": {"type": "Point", "coordinates": [123.8839653, 10.298553]}, "properties": {"id": "ChIJN8JF3a2eqTMR_tETFj1j1Xs", "amenity_type": "sports_complex", "amenity": "Cebu AdConsultants, Inc.", "lgu": "Cebu City"}}, {"type": "Feature", "geometry": {"type": "Point", "coordinates": [123.9050119, 10.3115465]}, "properties": {"id": "ChIJ2X0DKACZqTMRWLAyrB-wxmk", "amenity_type": "park", "amenity": "Cebu Business Park", "lgu": "Cebu City"}}, {"type": "Feature", "geometry": {"type": "Point", "coordinates": [123.9021934, 10.2926115]}, "properties": {"id": "ChIJ_S3NjSWZqTMRBzXT2wwDNEw", "amenity_type": "sports_complex", "amenity": "Cebu City", "lgu": "Cebu City"}}, {"type": "Feature", "geometry": {"type": "Point", "coordinates": [123.8850029, 10.3372721]}, "properties": {"id": "ChIJA2SeEgCfqTMRy6hXVWxhdws", "amenity_type": "park", "amenity": "Cebu City Botanical & Wildlife Center", "lgu": "Cebu City"}}, {"type": "Feature", "geometry": {"type": "Point", "coordinates": [123.8918916, 10.2921912]}, "properties": {"id": "ChIJnymbkC6bqTMRg5714hrA8KQ", "amenity_type": "park", "amenity": "Cebu City Children's Park and Playground", "lgu": "Cebu City"}}, {"type": "Feature", "geometry": {"type": "Point", "coordinates": [123.9049514, 10.2930062]}, "properties": {"id": "ChIJwY0vHOGbqTMRONDE_Nrwbcc", "amenity_type": "park", "amenity": "Cebu City Goverment - Parks and Playgrounds Commission", "lgu": "Cebu City"}}, {"type": "Feature", "geometry": {"type": "Point", "coordinates": [123.891482, 10.2896675]}, "properties": {"id": "ChIJpxVYIPqbqTMRKp6nI4Vep5A", "amenity_type": "sports_complex", "amenity": "Cebu City Goverment - Slum Improvement and Resettlement (SIR)", "lgu": "Cebu City"}}, {"type": "Feature", "geometry": {"type": "Point", "coordinates": [123.8954441, 10.3005725]}, "properties": {"id": "ChIJf4X5EVeZqTMRQ_EpX26alNA", "amenity_type": "stadium", "amenity": "Cebu City Sports Center", "lgu": "Cebu City"}}, {"type": "Feature", "geometry": {"type": "Point", "coordinates": [123.89084, 10.2927319]}, "properties": {"id": "ChIJFyn4UPmbqTMRYqosrolSp84", "amenity_type": "sports_complex", "amenity": "Cebu City Sports Institute", "lgu": "Cebu City"}}, {"type": "Feature", "geometry": {"type": "Point", "coordinates": [123.8954955, 10.2967879]}, "properties": {"id": "ChIJ-zMFav2bqTMRU0eVmWJL8_0", "amenity_type": "sports_complex", "amenity": "Cebu Coliseum", "lgu": "Cebu City"}}, {"type": "Feature", "geometry": {"type": "Point", "coordinates": [123.880588, 10.2795021]}, "properties": {"id": "ChIJvTvYdACdqTMR0P8I6SJaXi4", "amenity_type": "park", "amenity": "Cebu Fun Park", "lgu": "Cebu City"}}, {"type": "Feature", "geometry": {"type": "Point", "coordinates": [123.9027816, 10.3113696]}, "properties": {"id": "ChIJDyXRnUaZqTMR49O7Eft5Ujk", "amenity_type": "sports_complex", "amenity": "Cebu Guest House", "lgu": "Cebu City"}}, {"type": "Feature", "geometry": {"type": "Point", "coordinates": [123.8472905, 10.3101781]}, "properties": {"id": "ChIJtSnELYSeqTMRQqPG-w9c_70", "amenity_type": "park", "amenity": "Cebu Hillyland", "lgu": "Cebu City"}}, {"type": "Feature", "geometry": {"type": "Point", "coordinates": [123.9076659, 10.3315987]}, "properties": {"id": "ChIJrV4M2iGZqTMRhEvoL8U2p0E", "amenity_type": "park", "amenity": "Cebu I T Park Studio with internet and Netflix", "lgu": "Cebu City"}}, {"type": "Feature", "geometry": {"type": "Point", "coordinates": [123.9081332, 10.3298721]}, "properties": {"id": "ChIJzQIV3CGZqTMRlWk_9p1F2hQ", "amenity_type": "park", "amenity": "Cebu IT Park", "lgu": "Cebu City"}}, {"type": "Feature", "geometry": {"type": "Point", "coordinates": [123.8785948, 10.2811506]}, "properties": {"id": "ChIJS5JJOgadqTMRUJqM5_VlPyo", "amenity_type": "park", "amenity": "Cebu Ocean Park", "lgu": "Cebu City"}}, {"type": "Feature", "geometry": {"type": "Point", "coordinates": [123.89471, 10.3178202]}, "properties": {"id": "ChIJxzMDzzeZqTMRxfDF-LFpTj4", "amenity_type": "park", "amenity": "Cebu Pension Plaza", "lgu": "Cebu City"}}, {"type": "Feature", "geometry": {"type": "Point", "coordinates": [123.895392, 10.3294412]}, "properties": {"id": "ChIJZ1Z-_lyZqTMR4iyfZOEluYA", "amenity_type": "sports_complex", "amenity": "Cebu Provincial Sports Complex", "lgu": "Cebu City"}}, {"type": "Feature", "geometry": {"type": "Point", "coordinates": [123.9031541, 10.3111549]}, "properties": {"id": "ChIJn47ZJmaZqTMRibho0wEA_eI", "amenity_type": "sports_complex", "amenity": "Cebu Realty & Brokerage", "lgu": "Cebu City"}}, {"type": "Feature", "geometry": {"type": "Point", "coordinates": [123.884934, 10.2979401]}, "properties": {"id": "ChIJjZDrEQCcqTMRHzl9u4U3N74", "amenity_type": "sports_complex", "amenity": "Cebuana Lhuillier Pawnshop - Labangon 1", "lgu": "Cebu City"}}, {"type": "Feature", "geometry": {"type": "Point", "coordinates": [123.8981365, 10.2980205]}, "properties": {"id": "ChIJzelREliZqTMRbBwf5_wben8", "amenity_type": "sports_complex", "amenity": "Cebuview Tourist Inn", "lgu": "Cebu City"}}, {"type": "Feature", "geometry": {"type": "Point", "coordinates": [123.8673687, 10.3141588]}, "properties": {"id": "ChIJU4E_P7yeqTMRmYjKAQ_D5kY", "amenity_type": "park", "amenity": "Celestial Garden", "lgu": "Cebu City"}}, {"type": "Feature", "geometry": {"type": "Point", "coordinates": [123.9077528, 10.3162997]}, "properties": {"id": "ChIJn6Q2AACZqTMRE5Cz64H7xMM", "amenity_type": "park", "amenity": "Central Park", "lgu": "Cebu City"}}, {"type": "Feature", "geometry": {"type": "Point", "coordinates": [123.904281, 10.318455]}, "properties": {"id": "ChIJQ3xGVcWYqTMR6S-PWL3yFoI", "amenity_type": "sports_complex", "amenity": "Centre for International Education Global College Inc.", "lgu": "Cebu City"}}, {"type": "Feature", "geometry": {"type": "Point", "coordinates": [123.8946069, 10.3114841]}, "properties": {"id": "ChIJk6PeHOSZqTMRpqmW4LDqBjo", "amenity_type": "park", "amenity": "Century Plaza Complex", "lgu": "Cebu City"}}, {"type": "Feature", "geometry": {"type": "Point", "coordinates": [123.9073391, 10.3287558]}, "properties": {"id": "ChIJj07GFyKZqTMR9WfmA19Mdxw", "amenity_type": "sports_complex", "amenity": "Chowabungga", "lgu": "Cebu City"}}, {"type": "Feature", "geometry": {"type": "Point", "coordinates": [123.887758, 10.299971]}, "properties": {"id": "ChIJ__-TEVWZqTMRvcqMhFQt53A", "amenity_type": "park", "amenity": "Christ the King Grotto", "lgu": "Cebu City"}}, {"type": "Feature", "geometry": {"type": "Point", "coordinates": [123.9070653, 10.3168765]}, "properties": {"id": "ChIJ2RGnwz-ZqTMRCtMnJYxjAMs", "amenity_type": "sports_complex", "amenity": "City Sports Club Cebu, Inc.", "lgu": "Cebu City"}}, {"type": "Feature", "geometry": {"type": "Point", "coordinates": [123.8994858, 10.3054678]}, "properties": {"id": "ChIJIesONY-ZqTMRF69CjrSCC6I", "amenity_type": "park", "amenity": "City Square Plaza", "lgu": "Cebu City"}}, {"type": "Feature", "geometry": {"type": "Point", "coordinates": [123.9063899, 10.3272504]}, "properties": {"id": "ChIJAQAAACmZqTMRrufQH0EmIrQ", "amenity_type": "sports_complex", "amenity": "CoDev Philippines", "lgu": "Cebu City"}}, {"type": "Feature", "geometry": {"type": "Point", "coordinates": [123.8906051, 10.2978091]}, "properties": {"id": "ChIJQ3xGVcWYqTMRCazCHvTNsSw", "amenity_type": "sports_complex", "amenity": "College of Technological Sciences - Cebu", "lgu": "Cebu City"}}, {"type": "Feature", "geometry": {"type": "Point", "coordinates": [123.9032912, 10.3186053]}, "properties": {"id": "ChIJv2TjYTiZqTMRR5FLgvAL4M8", "amenity_type": "sports_complex", "amenity": "Colliers International", "lgu": "Cebu City"}}, {"type": "Feature", "geometry": {"type": "Point", "coordinates": [123.9021934, 10.2926115]}, "properties": {"id": "ChIJ1fVoEACbqTMRfHWHPegm-8M", "amenity_type": "park", "amenity": "Colon", "lgu": "Cebu City"}}, {"type": "Feature", "geometry": {"type": "Point", "coordinates": [123.9122656, 10.3242268]}, "properties": {"id": "ChIJyU_EYBeZqTMRXyjm_d4dthU", "amenity_type": "sports_complex", "amenity": "Corner Bakery Cebu", "lgu": "Cebu City"}}, {"type": "Feature", "geometry": {"type": "Point", "coordinates": [123.9068258, 10.3290473]}, "properties": {"id": "ChIJHVu_jhWZqTMRfSazpOB0u5U", "amenity_type": "sports_complex", "amenity": "Customer Benefits Services", "lgu": "Cebu City"}}, {"type": "Feature", "geometry": {"type": "Point", "coordinates": [123.8777863, 10.3252465]}, "properties": {"id": "ChIJ6yQqMQCfqTMRvOm_NDLBUNc", "amenity_type": "park", "amenity": "DJC Cebu Garden", "lgu": "Cebu City"}}, {"type": "Feature", "geometry": {"type": "Point", "coordinates": [123.9042661, 10.3108055]}, "properties": {"id": "ChIJsSo0UuCbqTMRfb-DRQJk5Wo", "amenity_type": "sports_complex", "amenity": "Department of Labor and Employment - Region VII Central Visayas", "lgu": "Cebu City"}}, {"type": "Feature", "geometry": {"type": "Point", "coordinates": [123.8827804, 10.2823046]}, "properties": {"id": "ChIJx_2QYgCdqTMRGD6XcVTCxTM", "amenity_type": "park", "amenity": "Designated Smoking area", "lgu": "Cebu City"}}, {"type": "Feature", "geometry": {"type": "Point", "coordinates": [123.9024627, 10.3194346]}, "properties": {"id": "ChIJ0eZe5j6ZqTMRD62xUkUeqSo", "amenity_type": "sports_complex", "amenity": "Diamond Suites and Residences", "lgu": "Cebu City"}}, {"type": "Feature", "geometry": {"type": "Point", "coordinates": [123.8826072, 10.2952476]}, "properties": {"id": "ChIJETPTIwGcqTMR-iMvyt66MO4", "amenity_type": "sports_complex", "amenity": "Do it Marketing", "lgu": "Cebu City"}}, {"type": "Feature", "geometry": {"type": "Point", "coordinates": [123.8911796, 10.2954412]}, "properties": {"id": "ChIJoWONgP6bqTMRz8M9g7aDkm8", "amenity_type": "sports_complex", "amenity": "Dones 27", "lgu": "Cebu City"}}, {"type": "Feature", "geometry": {"type": "Point", "coordinates": [123.875743, 10.290557]}, "properties": {"id": "ChIJf7UzFQ-cqTMRpMHDCymEuTE", "amenity_type": "sports_complex", "amenity": "Doworth Corporation", "lgu": "Cebu City"}}, {"type": "Feature", "geometry": {"type": "Point", "coordinates": [123.9071706, 10.3075383]}, "properties": {"id": "ChIJQbvakUKZqTMREmJfSE0UT84", "amenity_type": "park", "amenity": "Doña Pepang Heritage Park", "lgu": "Cebu City"}}, {"type": "Feature", "geometry": {"type": "Point", "coordinates": [123.8994618, 10.3149823]}, "properties": {"id": "ChIJQwuioUeZqTMRdLLkgCOMJgk", "amenity_type": "park", "amenity": "Dr. Plaza, Jonathan", "lgu": "Cebu City"}}, {"type": "Feature", "geometry": {"type": "Point", "coordinates": [123.9035352, 10.309044]}, "properties": {"id": "ChIJzU3MekOZqTMRu51x_Epm7Ls", "amenity_type": "sports_complex", "amenity": "Dragon Home Inn", "lgu": "Cebu City"}}, {"type": "Feature", "geometry": {"type": "Point", "coordinates": [123.8853718, 10.2942464]}, "properties": {"id": "ChIJ_-ybsQCcqTMRwxGGKWKKc-U", "amenity_type": "sports_complex", "amenity": "Duljo-Fatima Sports Complex II", "lgu": "Cebu City"}}, {"type": "Feature", "geometry": {"type": "Point", "coordinates": [123.9083093, 10.3266567]}, "properties": {"id": "ChIJn4rkGBiZqTMRvhXS_nBRf4g", "amenity_type": "sports_complex", "amenity": "E-MO Dormitory", "lgu": "Cebu City"}}, {"type": "Feature", "geometry": {"type": "Point", "coordinates": [123.9065412, 10.3274456]}, "properties": {"id": "ChIJETj2YCKZqTMR28NZJ3P23mQ", "amenity_type": "sports_complex", "amenity": "Eastern Communications", "lgu": "Cebu City"}}, {"type": "Feature", "geometry": {"type": "Point", "coordinates": [123.8806967, 10.2956085]}, "properties": {"id": "ChIJnWKEXQCdqTMRcyzVCNky1-k", "amenity_type": "park", "amenity": "Espacio CIT", "lgu": "Cebu City"}}, {"type": "Feature", "geometry": {"type": "Point", "coordinates": [123.8982514, 10.3088152]}, "properties": {"id": "ChIJ5-E8c0WZqTMRl_XfV23NVlI", "amenity_type": "park", "amenity": "Eukaristiya - Garden of Thanksgiving", "lgu": "Cebu City"}}, {"type": "Feature", "geometry": {"type": "Point", "coordinates": [123.8736954, 10.2898607]}, "properties": {"id": "ChIJbSLxVwWcqTMRBfLAuiVp7YM", "amenity_type": "sports_complex", "amenity": "Eurotiles - Cebu Bionic Builders Supply Inc.", "lgu": "Cebu City"}}, {"type": "Feature", "geometry": {"type": "Point", "coordinates": [123.9034702, 10.3189309]}, "properties": {"id": "ChIJq_kM-z6ZqTMRsyVfcGexyjw", "amenity_type": "sports_complex", "amenity": "Exatech - Abenson Inc.", "lgu": "Cebu City"}}, {"type": "Feature", "geometry": {"type": "Point", "coordinates": [123.9097482, 10.3282002]}, "properties": {"id": "ChIJWef16hiZqTMRFKeaEHBN2Lo", "amenity_type": "sports_complex", "amenity": "Expose Hairstyling", "lgu": "Cebu City"}}, {"type": "Feature", "geometry": {"type": "Point", "coordinates": [123.9059747, 10.3122085]}, "properties": {"id": "ChIJXRr0gkCZqTMRe-Gocy2c1_g", "amenity_type": "park", "amenity": "F45 Training Cebu Business Park", "lgu": "Cebu City"}}, {"type": "Feature", "geometry": {"type": "Point", "coordinates": [123.8975946, 10.2933146]}, "properties": {"id": "ChIJ2cwbW-ObqTMR4tzhhkB7vR4", "amenity_type": "park", "amenity": "Freedom Park", "lgu": "Cebu City"}}, {"type": "Feature", "geometry": {"type": "Point", "coordinates": [123.8931559, 10.3098543]}, "properties": {"id": "ChIJzS-uWE6ZqTMR7yjRf5E9bt0", "amenity_type": "park", "amenity": "Fuente Osmeña Circle", "lgu": "Cebu City"}}, {"type": "Feature", "geometry": {"type": "Point", "coordinates": [123.9006547, 10.3109372]}, "properties": {"id": "ChIJV8QQIxiZqTMRTp7wb1oWzsI", "amenity_type": "sports_complex", "amenity": "G2G Sports Center", "lgu": "Cebu City"}}, {"type": "Feature", "geometry": {"type": "Point", "coordinates": [123.9056848, 10.2944841]}, "properties": {"id": "ChIJt3D2UeCbqTMR3kG0OKknkds", "amenity_type": "park", "amenity": "GMC Plaza", "lgu": "Cebu City"}}, {"type": "Feature", "geometry": {"type": "Point", "coordinates": [123.9057991, 10.3316433]}, "properties": {"id": "ChIJaUnkI66ZqTMR83y5ccVhcvs", "amenity_type": "park", "amenity": "Garden Bloc", "lgu": "Cebu City"}}, {"type": "Feature", "geometry": {"type": "Point", "coordinates": [123.874151, 10.289902]}, "properties": {"id": "ChIJNZso4wGcqTMR4MjsOGB05wQ", "amenity_type": "sports_complex", "amenity": "Globe Gcash - Prime Asia Pawn and Jewelry Shop, Katipunan", "lgu": "Cebu City"}}, {"type": "Feature", "geometry": {"type": "Point", "coordinates": [123.870527, 10.301553]}, "properties": {"id": "ChIJFcDczjqfqTMRYB3QZt3UvZ0", "amenity_type": "park", "amenity": "Globe cell site", "lgu": "Cebu City"}}, {"type": "Feature", "geometry": {"type": "Point", "coordinates": [123.907488, 10.3317245]}, "properties": {"id": "ChIJ9939Yh-ZqTMRrvsxQh3dcE0", "amenity_type": "sports_complex", "amenity": "Globewest Finance Corporation", "lgu": "Cebu City"}}, {"type": "Feature", "geometry": {"type": "Point", "coordinates": [123.8953638, 10.3296145]}, "properties": {"id": "ChIJVVVVEi-ZqTMRoiHzoP9Afhs", "amenity_type": "park", "amenity": "Governor's Cup", "lgu": "Cebu City"}}, {"type": "Feature", "geometry": {"type": "Point", "coordinates": [123.9025387, 10.3176425]}, "properties": {"id": "ChIJJxk_yD6ZqTMRCZZ6JH79Vi4", "amenity_type": "sports_complex", "amenity": "Grand Cenia by Filinvest", "lgu": "Cebu City"}}, {"type": "Feature", "geometry": {"type": "Point", "coordinates": [123.909355, 10.326878]}, "properties": {"id": "ChIJw-YxZxiZqTMRWfAXe6rMOcs", "amenity_type": "sports_complex", "amenity": "Grand Residences Cebu", "lgu": "Cebu City"}}, {"type": "Feature", "geometry": {"type": "Point", "coordinates": [123.8842927, 10.3224078]}, "properties": {"id": "ChIJf9WjaMueqTMRJYj6ez8-nP4", "amenity_type": "sports_complex", "amenity": "Guadalupe Sports Complex", "lgu": "Cebu City"}}, {"type": "Feature", "geometry": {"type": "Point", "coordinates": [123.8808301, 10.281815]}, "properties": {"id": "ChIJR6nEAT-ZqTMRViQP6DPzA7g", "amenity_type": "sports_complex", "amenity": "Harbour City Dimsum House", "lgu": "Cebu City"}}, {"type": "Feature", "geometry": {"type": "Point", "coordinates": [123.8842534, 10.2958665]}, "properties": {"id": "ChIJ0TsZ5wCcqTMR_vZ_8bbjuAk", "amenity_type": "sports_complex", "amenity": "Helpmate, Incorporated", "lgu": "Cebu City"}}, {"type": "Feature", "geometry": {"type": "Point", "coordinates": [123.9035745, 10.2988468]}, "properties": {"id": "ChIJhwbYF6KhqTMRnblKTxe9bqo", "amenity_type": "park", "amenity": "Heritage of Cebu Monument", "lgu": "Cebu City"}}, {"type": "Feature", "geometry": {"type": "Point", "coordinates": [123.8842202, 10.2958798]}, "properties": {"id": "ChIJtVS08gCcqTMRr4g1DaaFp0k", "amenity_type": "sports_complex", "amenity": "Hitrust Finance Corporation", "lgu": "Cebu City"}}, {"type": "Feature", "geometry": {"type": "Point", "coordinates": [123.9059738, 10.3181437]}, "properties": {"id": "ChIJu0hDTj6ZqTMRPmcPjvxY5gs", "amenity_type": "sports_complex", "amenity": "Hukad", "lgu": "Cebu City"}}, {"type": "Feature", "geometry": {"type": "Point", "coordinates": [123.8985022, 10.3259285]}, "properties": {"id": "ChIJOR0AyzqZqTMRfa820hRpl34", "amenity_type": "park", "amenity": "Ibabao Park", "lgu": "Cebu City"}}, {"type": "Feature", "geometry": {"type": "Point", "coordinates": [123.903921, 10.318133]}, "properties": {"id": "ChIJ4fX0Hz-ZqTMRHA0PGFG4x_k", "amenity_type": "sports_complex", "amenity": "Imperial", "lgu": "Cebu City"}}, {"type": "Feature", "geometry": {"type": "Point", "coordinates": [123.906238, 10.328018]}, "properties": {"id": "ChIJeZ5RWCKZqTMRV4zGCuBl5Ug", "amenity_type": "sports_complex", "amenity": "Innoland Development Corporation.", "lgu": "Cebu City"}}, {"type": "Feature", "geometry": {"type": "Point", "coordinates": [123.9079543, 10.31802]}, "properties": {"id": "ChIJDxxAgRWZqTMRPAzsOKl2SuU", "amenity_type": "park", "amenity": "Innove Plaza", "lgu": "Cebu City"}}, {"type": "Feature", "geometry": {"type": "Point", "coordinates": [123.8822288, 10.2922223]}, "properties": {"id": "ChIJdQqO8AacqTMRGyGmn9e91uI", "amenity_type": "sports_complex", "amenity": "Interope Corporation", "lgu": "Cebu City"}}, {"type": "Feature", "geometry": {"type": "Point", "coordinates": [123.8931727, 10.2893463]}, "properties": {"id": "ChIJB619QvqbqTMR1iey9nPDTuM", "amenity_type": "sports_complex", "amenity": "JRM (Mariner's)Travellers Inn", "lgu": "Cebu City"}}, {"type": "Feature", "geometry": {"type": "Point", "coordinates": [123.902612, 10.313642]}, "properties": {"id": "ChIJ4dssoDiZqTMR5xmRtogh4qw", "amenity_type": "sports_complex", "amenity": "JRS Express", "lgu": "Cebu City"}}, {"type": "Feature", "geometry": {"type": "Point", "coordinates": [123.90627, 10.3277718]}, "properties": {"id": "ChIJR6A-WSKZqTMRHppwD-UjSi4", "amenity_type": "sports_complex", "amenity": "Japan Intertrade Call Center Corporation", "lgu": "Cebu City"}}, {"type": "Feature", "geometry": {"type": "Point", "coordinates": [123.8899201, 10.2963939]}, "properties": {"id": "ChIJp8bfXv6bqTMRZG8qLwwPUOw", "amenity_type": "sports_complex", "amenity": "Jewelry Trade Show", "lgu": "Cebu City"}}, {"type": "Feature", "geometry": {"type": "Point", "coordinates": [123.9053559, 10.294792]}, "properties": {"id": "ChIJKxF8ZbybqTMR9WPUSidJ87Q", "amenity_type": "park", "amenity": "Jollibee", "lgu": "Cebu City"}}, {"type": "Feature", "geometry": {"type": "Point", "coordinates": [123.8644898, 10.290659]}, "properties": {"id": "ChIJ40-A7RecqTMR3k8P-RT__BU", "amenity_type": "park", "amenity": "Jumalon Butterfly Sanctuary And Art Gallery", "lgu": "Cebu City"}}, {"type": "Feature", "geometry": {"type": "Point", "coordinates": [123.9070001, 10.327896]}, "properties": {"id": "ChIJuUJwaCKZqTMRrauA4Bd1YYY", "amenity_type": "sports_complex", "amenity": "KFC", "lgu": "Cebu City"}}, {"type": "Feature", "geometry": {"type": "Point", "coordinates": [123.9042094, 10.3217302]}, "properties": {"id": "ChIJVVVVETqZqTMRi1tcAAAsW90", "amenity_type": "sports_complex", "amenity": "KING PROPERTIES", "lgu": "Cebu City"}}, {"type": "Feature", "geometry": {"type": "Point", "coordinates": [123.9088673, 10.3180206]}, "properties": {"id": "ChIJ124ON-eZqTMRaa44qb5sxI8", "amenity_type": "park", "amenity": "KMC | Lexmark Plaza 3, Cebu", "lgu": "Cebu City"}}, {"type": "Feature", "geometry": {"type": "Point", "coordinates": [123.8594918, 10.283354]}, "properties": {"id": "ChIJjyMNpxycqTMRfuPYR-FtXFs", "amenity_type": "sports_complex", "amenity": "Kingdom Hall of Jehovah's Witnesses", "lgu": "Cebu City"}}, {"type": "Feature", "geometry": {"type": "Point", "coordinates": [123.8695696, 10.3000407]}, "properties": {"id": "ChIJoyLd8BucqTMRjD9mzpfU20M", "amenity_type": "sports_complex", "amenity": "Kiwi South", "lgu": "Cebu City"}}, {"type": "Feature", "geometry": {"type": "Point", "coordinates": [123.9047628, 10.3195636]}, "properties": {"id": "ChIJn2IM-z6ZqTMRS-NZEEffR6U", "amenity_type": "sports_complex", "amenity": "Krispy Kreme Doughnuts", "lgu": "Cebu City"}}, {"type": "Feature", "geometry": {"type": "Point", "coordinates": [123.8949087, 10.2959148]}, "properties": {"id": "ChIJHUiVEf2bqTMRkGhA_xG1M9Q", "amenity_type": "sports_complex", "amenity": "La Gloria Residence Inn", "lgu": "Cebu City"}}, {"type": "Feature", "geometry": {"type": "Point", "coordinates": [123.888698, 10.2969339]}, "properties": {"id": "ChIJCZaPSv6bqTMRXLMdGdYf9Ys", "amenity_type": "sports_complex", "amenity": "La Prueba Construction", "lgu": "Cebu City"}}, {"type": "Feature", "geometry": {"type": "Point", "coordinates": [123.9059044, 10.3188965]}, "properties": {"id": "ChIJzXNlXD6ZqTMRVnTIpSHIBu0", "amenity_type": "sports_complex", "amenity": "Laguna Garden Café", "lgu": "Cebu City"}}, {"type": "Feature", "geometry": {"type": "Point", "coordinates": [123.9041907, 10.306614]}, "properties": {"id": "ChIJr8QTYgCZqTMRI-IrgnwUcIM", "amenity_type": "sports_complex", "amenity": "Lorega Sports Complex", "lgu": "Cebu City"}}, {"type": "Feature", "geometry": {"type": "Point", "coordinates": [123.9052085, 10.3222946]}, "properties": {"id": "ChIJBVe7TDyZqTMR0iEAlS1knIY", "amenity_type": "sports_complex", "amenity": "M Lhuillier - Cabantan", "lgu": "Cebu City"}}, {"type": "Feature", "geometry": {"type": "Point", "coordinates": [123.8741608, 10.2902239]}, "properties": {"id": "ChIJN9lKlAWcqTMRAWK6fG6G7kU", "amenity_type": "sports_complex", "amenity": "M Lhuillier - Mambaling 1", "lgu": "Cebu City"}}, {"type": "Feature", "geometry": {"type": "Point", "coordinates": [123.8946854, 10.3237241]}, "properties": {"id": "ChIJO9M5VgCZqTMR_6rVfWXwUO0", "amenity_type": "park", "amenity": "MANCAO Field", "lgu": "Cebu City"}}, {"type": "Feature", "geometry": {"type": "Point", "coordinates": [123.9144677, 10.3128412]}, "properties": {"id": "ChIJvTdDkGyZqTMRVrhX-Fjz6yk", "amenity_type": "sports_complex", "amenity": "Mabolo Sports Complex", "lgu": "Cebu City"}}, {"type": "Feature", "geometry": {"type": "Point", "coordinates": [123.9063614, 10.3142919]}, "properties": {"id": "ChIJU2ypFECZqTMRJp_u5_1Zrpk", "amenity_type": "sports_complex", "amenity": "Magabelle Guesthouse", "lgu": "Cebu City"}}, {"type": "Feature", "geometry": {"type": "Point", "coordinates": [123.9070199, 10.3341807]}, "properties": {"id": "ChIJu170cACZqTMRArR2HoMFoVg", "amenity_type": "sports_complex", "amenity": "Magnum Sports Complex", "lgu": "Cebu City"}}, {"type": "Feature", "geometry": {"type": "Point", "coordinates": [123.886406, 10.297296]}, "properties": {"id": "ChIJB39Bjf-bqTMRn-SkiGXqAbM", "amenity_type": "sports_complex", "amenity": "Mandaue Atlas Motors", "lgu": "Cebu City"}}, {"type": "Feature", "geometry": {"type": "Point", "coordinates": [123.883735, 10.295966]}, "properties": {"id": "ChIJL2Ru8ACcqTMR_aHL45RwNF8", "amenity_type": "sports_complex", "amenity": "Manpower Resources Of Asia, Incorporated - Ceb", "lgu": "Cebu City"}}, {"type": "Feature", "geometry": {"type": "Point", "coordinates": [123.8986364, 10.3111317]}, "properties": {"id": "ChIJVe6H3EWZqTMR1DZKI0SDVrU", "amenity_type": "park", "amenity": "Manros Plaza", "lgu": "Cebu City"}}, {"type": "Feature", "geometry": {"type": "Point", "coordinates": [123.8974558, 10.3417299]}, "properties": {"id": "ChIJX_qEFtqYqTMRXLB5YKVbEYQ", "amenity_type": "park", "amenity": "Marco Polo Plaza Cebu", "lgu": "Cebu City"}}, {"type": "Feature", "geometry": {"type": "Point", "coordinates": [123.9041061, 10.3190505]}, "properties": {"id": "ChIJR6nEAT-ZqTMR7Nw1hjug7uw", "amenity_type": "sports_complex", "amenity": "Mercury Drug", "lgu": "Cebu City"}}, {"type": "Feature", "geometry": {"type": "Point", "coordinates": [123.9034185, 10.3275326]}, "properties": {"id": "ChIJOUKTcCOZqTMRh9HWlyKMB_0", "amenity_type": "sports_complex", "amenity": "Metro Sports Center", "lgu": "Cebu City"}}, {"type": "Feature", "geometry": {"type": "Point", "coordinates": [123.8675877, 10.2818312]}, "properties": {"id": "ChIJkZE2JaudqTMRxntB_0N5iZ4", "amenity_type": "park", "amenity": "Mika's Haven", "lgu": "Cebu City"}}, {"type": "Feature", "geometry": {"type": "Point", "coordinates": [123.88115, 10.29166]}, "properties": {"id": "ChIJQ6To2gWcqTMRuAKZ51Sxbp8", "amenity_type": "sports_complex", "amenity": "MoneyGram", "lgu": "Cebu City"}}, {"type": "Feature", "geometry": {"type": "Point", "coordinates": [123.8931675, 10.3098574]}, "properties": {"id": "ChIJqQ_l-1GZqTMRpfX00OE2hR4", "amenity_type": "park", "amenity": "Moontraveler", "lgu": "Cebu City"}}, {"type": "Feature", "geometry": {"type": "Point", "coordinates": [123.8830759, 10.2950873]}, "properties": {"id": "ChIJk5ayowWcqTMRL42C1WwQoBY", "amenity_type": "sports_complex", "amenity": "Motortrade", "lgu": "Cebu City"}}, {"type": "Feature", "geometry": {"type": "Point", "coordinates": [123.8742785, 10.3711179]}, "properties": {"id": "ChIJAQAAAE2fqTMRzRCgt8lYPJQ", "amenity_type": "park", "amenity": "Mountain View Nature's Park", "lgu": "Cebu City"}}, {"type": "Feature", "geometry": {"type": "Point", "coordinates": [123.8717528, 10.3726955]}, "properties": {"id": "ChIJkWLlf1mfqTMRedQiCGkqXI4", "amenity_type": "park", "amenity": "Mountain View Natures Park", "lgu": "Cebu City"}}, {"type": "Feature", "geometry": {"type": "Point", "coordinates": [123.9053428, 10.3306676]}, "properties": {"id": "ChIJgSaugiGZqTMRZbbIAkJrtIQ", "amenity_type": "sports_complex", "amenity": "NEC Telecom Software Philippines, Inc.", "lgu": "Cebu City"}}, {"type": "Feature", "geometry": {"type": "Point", "coordinates": [123.9064075, 10.3282858]}, "properties": {"id": "ChIJ52PfXyKZqTMR5klEgxfJpvc", "amenity_type": "sports_complex", "amenity": "Nerubia", "lgu": "Cebu City"}}, {"type": "Feature", "geometry": {"type": "Point", "coordinates": [123.9109979, 10.3191985]}, "properties": {"id": "ChIJiacczRWZqTMRx8rVSE2dIVQ", "amenity_type": "sports_complex", "amenity": "New Era Cebu Pension Inn Inc.", "lgu": "Cebu City"}}, {"type": "Feature", "geometry": {"type": "Point", "coordinates": [123.8788002, 10.288614]}, "properties": {"id": "ChIJcdyxVwCdqTMRQTz6FTPdXDA", "amenity_type": "park", "amenity": "Nilo Montes", "lgu": "Cebu City"}}, {"type": "Feature", "geometry": {"type": "Point", "coordinates": [123.8991411, 10.3192395]}, "properties": {"id": "ChIJrd2ErzmZqTMRx6OCNOh8qak", "amenity_type": "sports_complex", "amenity": "Ocean Jet Fast Ferries", "lgu": "Cebu City"}}, {"type": "Feature", "geometry": {"type": "Point", "coordinates": [123.8962355, 10.3052424]}, "properties": {"id": "ChIJfz0c9vOZqTMRZSCf-qyHH7M", "amenity_type": "stadium", "amenity": "Online marketing", "lgu": "Cebu City"}}, {"type": "Feature", "geometry": {"type": "Point", "coordinates": [123.8903585, 10.3273466]}, "properties": {"id": "ChIJl4PtIjCZqTMRpXrjcQ8dYDY", "amenity_type": "sports_complex", "amenity": "Paddlestack Pickleball Courts", "lgu": "Cebu City"}}, {"type": "Feature", "geometry": {"type": "Point", "coordinates": [123.9090174, 10.3319056]}, "properties": {"id": "ChIJLz3VcB-ZqTMRVVTG-imO0Kg", "amenity_type": "sports_complex", "amenity": "Pan de Manila eBloc 1", "lgu": "Cebu City"}}, {"type": "Feature", "geometry": {"type": "Point", "coordinates": [123.8550829, 10.2950296]}, "properties": {"id": "ChIJWbImNQCdqTMRD8CNm2PokC0", "amenity_type": "park", "amenity": "Pardo sitio, kinasang-an", "lgu": "Cebu City"}}, {"type": "Feature", "geometry": {"type": "Point", "coordinates": [123.8988069, 10.3314301]}, "properties": {"id": "ChIJVVXFcSaZqTMRoJS_5hmU08U", "amenity_type": "park", "amenity": "Park", "lgu": "Cebu City"}}, {"type": "Feature", "geometry": {"type": "Point", "coordinates": [123.9048268, 10.3146356]}, "properties": {"id": "ChIJQ3lhfUCZqTMR2URLrPASrVY", "amenity_type": "park", "amenity": "Park View", "lgu": "Cebu City"}}, {"type": "Feature", "geometry": {"type": "Point", "coordinates": [123.8797768, 10.303082]}, "properties": {"id": "ChIJUQEVO5GfqTMRoRWakbjLfHY", "amenity_type": "park", "amenity": "PeaceMount Memorials", "lgu": "Cebu City"}}, {"type": "Feature", "geometry": {"type": "Point", "coordinates": [123.9082174, 10.3311923]}, "properties": {"id": "ChIJIZQjYx-ZqTMRLVbpbBivvA8", "amenity_type": "sports_complex", "amenity": "Penthouse", "lgu": "Cebu City"}}, {"type": "Feature", "geometry": {"type": "Point", "coordinates": [123.877662, 10.297345]}, "properties": {"id": "ChIJK8dfVAKcqTMR5JE41xmAySE", "amenity_type": "sports_complex", "amenity": "Philippine Beads", "lgu": "Cebu City"}}, {"type": "Feature", "geometry": {"type": "Point", "coordinates": [123.9057646, 10.3152057]}, "properties": {"id": "ChIJc9dBe0CZqTMRyaZSV-icXDA", "amenity_type": "sports_complex", "amenity": "Pioneer Insurance", "lgu": "Cebu City"}}, {"type": "Feature", "geometry": {"type": "Point", "coordinates": [123.905066, 10.318026]}, "properties": {"id": "ChIJR6nEAT-ZqTMR1bzs4KE91vQ", "amenity_type": "sports_complex", "amenity": "Planet Sports", "lgu": "Cebu City"}}, {"type": "Feature", "geometry": {"type": "Point", "coordinates": [123.9051262, 10.2931907]}, "properties": {"id": "ChIJ1x1EHOGbqTMR5_q34HlTerk", "amenity_type": "park", "amenity": "Plaza Independencia", "lgu": "Cebu City"}}, {"type": "Feature", "geometry": {"type": "Point", "coordinates": [123.8951244, 10.2934835]}, "properties": {"id": "ChIJd9MxTwCbqTMRcaIf1_Aq0CE", "amenity_type": "park", "amenity": "Plaza Independencia", "lgu": "Cebu City"}}, {"type": "Feature", "geometry": {"type": "Point", "coordinates": [123.9011953, 10.3096017]}, "properties": {"id": "ChIJtxeWQkSZqTMR8XajExpUCFg", "amenity_type": "park", "amenity": "Plaza Nouvelle", "lgu": "Cebu City"}}, {"type": "Feature", "geometry": {"type": "Point", "coordinates": [123.9017527, 10.2931939]}, "properties": {"id": "ChIJ36j2RSqbqTMRDxxN9VAO6IE", "amenity_type": "park", "amenity": "Plaza Sugbu", "lgu": "Cebu City"}}, {"type": "Feature", "geometry": {"type": "Point", "coordinates": [123.9003122, 10.2901915]}, "properties": {"id": "ChIJ7aumJgCbqTMRFjmZiSKPFbM", "amenity_type": "park", "amenity": "Plaza sa Katawhan", "lgu": "Cebu City"}}, {"type": "Feature", "geometry": {"type": "Point", "coordinates": [123.889083, 10.34824]}, "properties": {"id": "ChIJ28VIrs2YqTMR3BOmOyP_oiU", "amenity_type": "park", "amenity": "Plazaville", "lgu": "Cebu City"}}, {"type": "Feature", "geometry": {"type": "Point", "coordinates": [123.9039541, 10.3241311]}, "properties": {"id": "ChIJK7XB4CKZqTMR3UQiPPrGjxI", "amenity_type": "sports_complex", "amenity": "Pool Aquarius (CITIGYM)", "lgu": "Cebu City"}}, {"type": "Feature", "geometry": {"type": "Point", "coordinates": [123.9084921, 10.3222513]}, "properties": {"id": "ChIJfeL4ChaZqTMRN9CHGVT9j30", "amenity_type": "sports_complex", "amenity": "Pope John XXIII Seminary", "lgu": "Cebu City"}}, {"type": "Feature", "geometry": {"type": "Point", "coordinates": [123.897506, 10.330002]}, "properties": {"id": "ChIJJxDW8SWZqTMRerKFmhlf_Vk", "amenity_type": "sports_complex", "amenity": "Prestigio", "lgu": "Cebu City"}}, {"type": "Feature", "geometry": {"type": "Point", "coordinates": [123.8947154, 10.3092009]}, "properties": {"id": "ChIJg9f-lJSZqTMRl-Dbu07CJEw", "amenity_type": "park", "amenity": "Primeway Plaza", "lgu": "Cebu City"}}, {"type": "Feature", "geometry": {"type": "Point", "coordinates": [123.9034702, 10.3186294]}, "properties": {"id": "ChIJzXYqZD6ZqTMR28hkkE8zcNc", "amenity_type": "sports_complex", "amenity": "Punongbayan & Araullo", "lgu": "Cebu City"}}, {"type": "Feature", "geometry": {"type": "Point", "coordinates": [123.8931173, 10.3098794]}, "properties": {"id": "ChIJ81i2HQCZqTMRfqV4-dUl2Q8", "amenity_type": "park", "amenity": "Pusa sa Fuente Circle", "lgu": "Cebu City"}}, {"type": "Feature", "geometry": {"type": "Point", "coordinates": [123.8852281, 10.2975888]}, "properties": {"id": "ChIJZ0WuFameqTMR6YdQAsTQzTw", "amenity_type": "sports_complex", "amenity": "Raquel Pawnshop", "lgu": "Cebu City"}}, {"type": "Feature", "geometry": {"type": "Point", "coordinates": [123.9012475, 10.3315177]}, "properties": {"id": "ChIJ__9vviaZqTMRZWZC-MtYgUM", "amenity_type": "sports_complex", "amenity": "RedDoorz", "lgu": "Cebu City"}}, {"type": "Feature", "geometry": {"type": "Point", "coordinates": [123.879886, 10.2811615]}, "properties": {"id": "ChIJQ-JVWgCdqTMRXkkBYYSSlB0", "amenity_type": "park", "amenity": "SM SESDE", "lgu": "Cebu City"}}, {"type": "Feature", "geometry": {"type": "Point", "coordinates": [123.8552821, 10.3712849]}, "properties": {"id": "ChIJIZuZLe6fqTMRbFYuHglJhi8", "amenity_type": "park", "amenity": "Sachiko's Little Kyoto", "lgu": "Cebu City"}}, {"type": "Feature", "geometry": {"type": "Point", "coordinates": [123.8993655, 10.3100234]}, "properties": {"id": "ChIJs3ZapUWZqTMRZnBRY10Qv3U", "amenity_type": "sports_complex", "amenity": "Sacred Heart Center", "lgu": "Cebu City"}}, {"type": "Feature", "geometry": {"type": "Point", "coordinates": [123.9159801, 10.3111534]}, "properties": {"id": "ChIJlaeDKZSZqTMR8Q2QYTSNZXs", "amenity_type": "park", "amenity": "Sales Evergreen Park", "lgu": "Cebu City"}}, {"type": "Feature", "geometry": {"type": "Point", "coordinates": [123.8904244, 10.3017781]}, "properties": {"id": "ChIJp-84FlSZqTMRy3f4gO73LEY", "amenity_type": "sports_complex", "amenity": "Sambag 1 Sports Center", "lgu": "Cebu City"}}, {"type": "Feature", "geometry": {"type": "Point", "coordinates": [123.9029421, 10.2934338]}, "properties": {"id": "ChIJ__-_XeGbqTMRCvSGTNmYh4g", "amenity_type": "park", "amenity": "Sampaguita Suites", "lgu": "Cebu City"}}, {"type": "Feature", "geometry": {"type": "Point", "coordinates": [123.9086323, 10.3233689]}, "properties": {"id": "ChIJD8nuMBaZqTMR_ZXF-vglRbs", "amenity_type": "sports_complex", "amenity": "San Carlos Seminary College", "lgu": "Cebu City"}}, {"type": "Feature", "geometry": {"type": "Point", "coordinates": [123.9084703, 10.3346311]}, "properties": {"id": "ChIJh171pi2ZqTMRIip2dmW7xQg", "amenity_type": "park", "amenity": "San miguel fruitstand", "lgu": "Cebu City"}}, {"type": "Feature", "geometry": {"type": "Point", "coordinates": [123.9055198, 10.3278636]}, "properties": {"id": "ChIJx2Vu9zuZqTMR3u5laX5s4is", "amenity_type": "park", "amenity": "Seating area", "lgu": "Cebu City"}}, {"type": "Feature", "geometry": {"type": "Point", "coordinates": [123.9048117, 10.317349]}, "properties": {"id": "ChIJ9fj_-D6ZqTMRZzeAHqnLunE", "amenity_type": "sports_complex", "amenity": "Seattle's Best Coffee - Ayala Cebu", "lgu": "Cebu City"}}, {"type": "Feature", "geometry": {"type": "Point", "coordinates": [123.9069729, 10.3177013]}, "properties": {"id": "ChIJYTodHCGZqTMRctjzc1NnwGk", "amenity_type": "sports_complex", "amenity": "Seda Ayala Center Cebu", "lgu": "Cebu City"}}, {"type": "Feature", "geometry": {"type": "Point", "coordinates": [123.9015069, 10.2922959]}, "properties": {"id": "ChIJx4Nv9uObqTMRGFMN-u7faPY", "amenity_type": "park", "amenity": "Senior Citizen Park", "lgu": "Cebu City"}}, {"type": "Feature", "geometry": {"type": "Point", "coordinates": [123.9026177, 10.3200254]}, "properties": {"id": "ChIJoaIOsz6ZqTMRYrKg9L5mMjk", "amenity_type": "sports_complex", "amenity": "Sinangag Station", "lgu": "Cebu City"}}, {"type": "Feature", "geometry": {"type": "Point", "coordinates": [123.9065139, 10.3231765]}, "properties": {"id": "ChIJG0IznDKZqTMRpJJWQOMz_ew", "amenity_type": "sports_complex", "amenity": "Sitio Abellana Sports Complex Brgy. Luz Cebu City", "lgu": "Cebu City"}}, {"type": "Feature", "geometry": {"type": "Point", "coordinates": [123.8696926, 10.3035914]}, "properties": {"id": "ChIJN8E4XwCfqTMRZOhnleOSsNE", "amenity_type": "park", "amenity": "Sitio Manol", "lgu": "Cebu City"}}, {"type": "Feature", "geometry": {"type": "Point", "coordinates": [123.8803979, 10.280702]}, "properties": {"id": "ChIJdcjIFgucqTMR-kymV6QRuqA", "amenity_type": "park", "amenity": "Sky Park Garden", "lgu": "Cebu City"}}, {"type": "Feature", "geometry": {"type": "Point", "coordinates": [123.9039481, 10.3292515]}, "properties": {"id": "ChIJczbbwSOZqTMRq0KezbXa6Ks", "amenity_type": "sports_complex", "amenity": "Soco Studio Unit", "lgu": "Cebu City"}}, {"type": "Feature", "geometry": {"type": "Point", "coordinates": [123.8598844, 10.308487]}, "properties": {"id": "ChIJN0L2KgCfqTMRhNRwNyJuspg", "amenity_type": "park", "amenity": "South Hills Park", "lgu": "Cebu City"}}, {"type": "Feature", "geometry": {"type": "Point", "coordinates": [123.8927938, 10.293747]}, "properties": {"id": "ChIJAQDA6OObqTMR2YGulj9vZjI", "amenity_type": "sports_complex", "amenity": "Specialty Food Concepts", "lgu": "Cebu City"}}, {"type": "Feature", "geometry": {"type": "Point", "coordinates": [123.9046047, 10.321957]}, "properties": {"id": "ChIJZwdnw0-ZqTMRKdsfb7bGz_M", "amenity_type": "sports_complex", "amenity": "Sprach Institut-Cebu", "lgu": "Cebu City"}}, {"type": "Feature", "geometry": {"type": "Point", "coordinates": [123.8867112, 10.2971946]}, "properties": {"id": "ChIJO2LCkv-bqTMRIZ4NzcXIjD4", "amenity_type": "sports_complex", "amenity": "St. Francis Memorial Homes", "lgu": "Cebu City"}}, {"type": "Feature", "geometry": {"type": "Point", "coordinates": [123.9057056, 10.31754]}, "properties": {"id": "ChIJR6nEAT-ZqTMRgOintPoXTgw", "amenity_type": "sports_complex", "amenity": "Starbucks Ayala Center Annex Level 4", "lgu": "Cebu City"}}, {"type": "Feature", "geometry": {"type": "Point", "coordinates": [123.859979, 10.2945707]}, "properties": {"id": "ChIJ5elHBwCdqTMRmH_OHKAI2Qc", "amenity_type": "park", "amenity": "Sto.Niño Ground", "lgu": "Cebu City"}}, {"type": "Feature", "geometry": {"type": "Point", "coordinates": [123.905548, 10.332001]}, "properties": {"id": "ChIJ1VelYgCZqTMRg5DovUwAgQA", "amenity_type": "park", "amenity": "Streetfood", "lgu": "Cebu City"}}, {"type": "Feature", "geometry": {"type": "Point", "coordinates": [123.9052768, 10.3184834]}, "properties": {"id": "ChIJtbwl9z6ZqTMRre9Ge6vIbz0", "amenity_type": "sports_complex", "amenity": "TGI FRIDAYS", "lgu": "Cebu City"}}, {"type": "Feature", "geometry": {"type": "Point", "coordinates": [123.8911419, 10.295522]}, "properties": {"id": "ChIJocIZfv6bqTMRMHD_dmj-wqg", "amenity_type": "park", "amenity": "Taboan Public Market", "lgu": "Cebu City"}}, {"type": "Feature", "geometry": {"type": "Point", "coordinates": [123.9087665, 10.3018303]}, "properties": {"id": "ChIJcSO1xWuZqTMRTgghPIkCZkU", "amenity_type": "sports_complex", "amenity": "Tejero Sports Complex", "lgu": "Cebu City"}}, {"type": "Feature", "geometry": {"type": "Point", "coordinates": [123.9042644, 10.3275376]}, "properties": {"id": "ChIJLYbNjXOZqTMR1iUdEbRwwpg", "amenity_type": "park", "amenity": "The Esplanade", "lgu": "Cebu City"}}, {"type": "Feature", "geometry": {"type": "Point", "coordinates": [123.9059788, 10.3183343]}, "properties": {"id": "ChIJFVJR4z6ZqTMRhrX_nvTVc3k", "amenity_type": "sports_complex", "amenity": "The Face Shop - Ayala Center Cebu", "lgu": "Cebu City"}}, {"type": "Feature", "geometry": {"type": "Point", "coordinates": [123.889731, 10.2955758]}, "properties": {"id": "ChIJLdf8WuCbqTMRB12hjuI1pqc", "amenity_type": "park", "amenity": "The Faith Hub", "lgu": "Cebu City"}}, {"type": "Feature", "geometry": {"type": "Point", "coordinates": [123.914153, 10.314338]}, "properties": {"id": "ChIJfRI3rGyZqTMRBWJSbUL8GgA", "amenity_type": "park", "amenity": "The Millennium Park", "lgu": "Cebu City"}}, {"type": "Feature", "geometry": {"type": "Point", "coordinates": [123.9003533, 10.3220512]}, "properties": {"id": "ChIJ43NexTuZqTMRxpWItSl-3Dc", "amenity_type": "sports_complex", "amenity": "The Padgett Place", "lgu": "Cebu City"}}, {"type": "Feature", "geometry": {"type": "Point", "coordinates": [123.911817, 10.313082]}, "properties": {"id": "ChIJ1S3jykKZqTMRQJtv2zP4Vzs", "amenity_type": "sports_complex", "amenity": "The Persimmon Cebu", "lgu": "Cebu City"}}, {"type": "Feature", "geometry": {"type": "Point", "coordinates": [123.9059257, 10.3188399]}, "properties": {"id": "ChIJ0YRqVz6ZqTMRwkf_Mvby5V4", "amenity_type": "park", "amenity": "The Terraces", "lgu": "Cebu City"}}, {"type": "Feature", "geometry": {"type": "Point", "coordinates": [123.9034702, 10.3189309]}, "properties": {"id": "ChIJn2IM-z6ZqTMRfDuTKmGXEQc", "amenity_type": "sports_complex", "amenity": "Thinking Tools Incorporated", "lgu": "Cebu City"}}, {"type": "Feature", "geometry": {"type": "Point", "coordinates": [123.9085752, 10.297179]}, "properties": {"id": "ChIJaemkikKZqTMREQ5gDKmFef4", "amenity_type": "sports_complex", "amenity": "Tinago Sports Complex", "lgu": "Cebu City"}}, {"type": "Feature", "geometry": {"type": "Point", "coordinates": [123.8434488, 10.3076145]}, "properties": {"id": "ChIJr9GQ24CeqTMRjPabiMHpQ3E", "amenity_type": "park", "amenity": "Tree Tunnel", "lgu": "Cebu City"}}, {"type": "Feature", "geometry": {"type": "Point", "coordinates": [123.8972885, 10.3066514]}, "properties": {"id": "ChIJjXbkqlqZqTMRU5aJf_BGVzg", "amenity_type": "park", "amenity": "Trends Plaza", "lgu": "Cebu City"}}, {"type": "Feature", "geometry": {"type": "Point", "coordinates": [123.8661408, 10.3076497]}, "properties": {"id": "ChIJaXD4EWmfqTMRHLETB5uOjPo", "amenity_type": "park", "amenity": "UDHT-2 Mini-Park", "lgu": "Cebu City"}}, {"type": "Feature", "geometry": {"type": "Point", "coordinates": [123.8985169, 10.3447324]}, "properties": {"id": "ChIJhdTBc-uZqTMRAV5APwj69z0", "amenity_type": "park", "amenity": "VISCOM VIEW PARK Camp Lapu-Lapu", "lgu": "Cebu City"}}, {"type": "Feature", "geometry": {"type": "Point", "coordinates": [123.8800358, 10.2991486]}, "properties": {"id": "ChIJ-4uY4AGcqTMReu7cfOa2Y5M", "amenity_type": "sports_complex", "amenity": "VRD Kitchen Furnishing Center", "lgu": "Cebu City"}}, {"type": "Feature", "geometry": {"type": "Point", "coordinates": [123.912047, 10.3038243]}, "properties": {"id": "ChIJq2IdQWaZqTMRwAM6-07QJa4", "amenity_type": "park", "amenity": "Verandah Fountain", "lgu": "Cebu City"}}, {"type": "Feature", "geometry": {"type": "Point", "coordinates": [123.90371, 10.317885]}, "properties": {"id": "ChIJ-__NIz-ZqTMROdZCLeu6Svw", "amenity_type": "park", "amenity": "Walking Wings", "lgu": "Cebu City"}}, {"type": "Feature", "geometry": {"type": "Point", "coordinates": [123.890793, 10.294666]}, "properties": {"id": "ChIJX4XmmP6bqTMRwKovSyj_7VU", "amenity_type": "sports_complex", "amenity": "Western Union", "lgu": "Cebu City"}}, {"type": "Feature", "geometry": {"type": "Point", "coordinates": [123.887862, 10.292256]}, "properties": {"id": "ChIJk_J36PibqTMR9n_ekl7f06o", "amenity_type": "sports_complex", "amenity": "Western Union", "lgu": "Cebu City"}}, {"type": "Feature", "geometry": {"type": "Point", "coordinates": [123.8819127, 10.2969052]}, "properties": {"id": "ChIJp8bfXv6bqTMRBOWAUx9NPS4", "amenity_type": "sports_complex", "amenity": "Wooden Bangles", "lgu": "Cebu City"}}, {"type": "Feature", "geometry": {"type": "Point", "coordinates": [123.90543, 10.31898]}, "properties": {"id": "ChIJ5VM7Xz6ZqTMR1aSlskIH_EY", "amenity_type": "park", "amenity": "Yak Pak", "lgu": "Cebu City"}}, {"type": "Feature", "geometry": {"type": "Point", "coordinates": [123.900116, 10.3055209]}, "properties": {"id": "ChIJOQ8yIluZqTMRCWWnOLtigsk", "amenity_type": "park", "amenity": "Z Plaza Bldg.", "lgu": "Cebu City"}}, {"type": "Feature", "geometry": {"type": "Point", "coordinates": [123.902605, 10.3157397]}, "properties": {"id": "ChIJdYAjq0CZqTMRxvRe_qSwSMs", "amenity_type": "sports_complex", "amenity": "ZEN Rooms Schweizer Cebu", "lgu": "Cebu City"}}, {"type": "Feature", "geometry": {"type": "Point", "coordinates": [123.8718252, 10.2882313]}, "properties": {"id": "ChIJaZotawCdqTMRdMbhztrMMAY", "amenity_type": "park", "amenity": "fernando nadiera", "lgu": "Cebu City"}}, {"type": "Feature", "geometry": {"type": "Point", "coordinates": [123.903122, 10.329269]}, "properties": {"id": "ChIJBTXz8iOZqTMRmgDJtH2OEEA", "amenity_type": "sports_complex", "amenity": "ideatoki", "lgu": "Cebu City"}}, {"type": "Feature", "geometry": {"type": "Point", "coordinates": [123.88483, 10.293111]}, "properties": {"id": "ChIJ55fxQPybqTMRdqyFfaDiM3A", "amenity_type": "sports_complex", "amenity": "ishowcebu lights audio and staging rentals", "lgu": "Cebu City"}}, {"type": "Feature", "geometry": {"type": "Point", "coordinates": [123.8984147, 10.3124452]}, "properties": {"id": "ChIJq6rqbEaZqTMRv59LxrLRd0o", "amenity_type": "park", "amenity": "unit 103 tango plaza building", "lgu": "Cebu City"}}, {"type": "Feature", "geometry": {"type": "Point", "coordinates": [123.9373483, 10.3816426]}, "properties": {"id": "ChIJh9ARHgCjqTMR9GSc2hf7Ur0", "amenity_type": "park", "amenity": "ACAC Enduro Park", "lgu": "Consolacion"}}, {"type": "Feature", "geometry": {"type": "Point", "coordinates": [123.9680627, 10.3815367]}, "properties": {"id": "ChIJcUQ5LACjqTMRoniMYrD_C3U", "amenity_type": "park", "amenity": "ANKOL DAPS TAMBAYAN AUTO CARE", "lgu": "Consolacion"}}, {"type": "Feature", "geometry": {"type": "Point", "coordinates": [123.9557012, 10.3767823]}, "properties": {"id": "ChIJNUU3B_WYqTMR8_QNnS1kVFM", "amenity_type": "sports_complex", "amenity": "Accessoria Incorporated", "lgu": "Consolacion"}}, {"type": "Feature", "geometry": {"type": "Point", "coordinates": [123.9727358, 10.3785012]}, "properties": {"id": "ChIJD-EyDLOiqTMRpn-mQn7ce3g", "amenity_type": "sports_complex", "amenity": "All Weather Wicker Cebu", "lgu": "Consolacion"}}, {"type": "Feature", "geometry": {"type": "Point", "coordinates": [123.9623789, 10.3783666]}, "properties": {"id": "ChIJ-ZwV87qiqTMRdP4UJVTsnb0", "amenity_type": "sports_complex", "amenity": "ArcSnaps - Cebu Photobooth", "lgu": "Consolacion"}}, {"type": "Feature", "geometry": {"type": "Point", "coordinates": [123.964851, 10.3800434]}, "properties": {"id": "ChIJf4VilrCiqTMR3P4A--CmbrA", "amenity_type": "sports_complex", "amenity": "Asianic", "lgu": "Consolacion"}}, {"type": "Feature", "geometry": {"type": "Point", "coordinates": [123.9639863, 10.3799781]}, "properties": {"id": "ChIJP7slU7eiqTMRbjb6aCsbxB4", "amenity_type": "sports_complex", "amenity": "BDO SM City Consolacion Cebu", "lgu": "Consolacion"}}, {"type": "Feature", "geometry": {"type": "Point", "coordinates": [123.962961, 10.3781248]}, "properties": {"id": "ChIJf5D9gbqiqTMRQds7OVXLLWg", "amenity_type": "sports_complex", "amenity": "BPI Cebu Consolacion Branch", "lgu": "Consolacion"}}, {"type": "Feature", "geometry": {"type": "Point", "coordinates": [123.9609499, 10.3752551]}, "properties": {"id": "ChIJ60LPGKWiqTMRj68Yy6HqR1A", "amenity_type": "sports_complex", "amenity": "CEBU BSR ETHANIM CHEMICALS INC.", "lgu": "Consolacion"}}, {"type": "Feature", "geometry": {"type": "Point", "coordinates": [123.964861, 10.3796049]}, "properties": {"id": "ChIJDzBWpbCiqTMRQYCTn2o_GTc", "amenity_type": "sports_complex", "amenity": "CK SM Consolacion", "lgu": "Consolacion"}}, {"type": "Feature", "geometry": {"type": "Point", "coordinates": [123.9698248, 10.3505788]}, "properties": {"id": "ChIJE3c_tB6YqTMRWdsgTvqjitM", "amenity_type": "park", "amenity": "Cansaga Bay Bridge Park", "lgu": "Consolacion"}}, {"type": "Feature", "geometry": {"type": "Point", "coordinates": [123.9433527, 10.3990296]}, "properties": {"id": "ChIJQTF0LQCjqTMRCuIDDVrLExM", "amenity_type": "park", "amenity": "Cebu Aeromodelers Club RC Flying Field - Monte de Pedra/Bukid Field", "lgu": "Consolacion"}}, {"type": "Feature", "geometry": {"type": "Point", "coordinates": [123.9684959, 10.3767]}, "properties": {"id": "ChIJW2fG8LCiqTMRwIzS165sIsI", "amenity_type": "sports_complex", "amenity": "Cebu Federation of Dairy Cooperatives", "lgu": "Consolacion"}}, {"type": "Feature", "geometry": {"type": "Point", "coordinates": [123.9634368, 10.3787049]}, "properties": {"id": "ChIJB8B4e7qiqTMRYqZYgYNh1iQ", "amenity_type": "sports_complex", "amenity": "Cebu Home and Builders Centre Consolacion", "lgu": "Consolacion"}}, {"type": "Feature", "geometry": {"type": "Point", "coordinates": [123.9629705, 10.3632518]}, "properties": {"id": "ChIJLf_blgiYqTMRZ8n9ZAF3L74", "amenity_type": "sports_complex", "amenity": "CebuFest", "lgu": "Consolacion"}}, {"type": "Feature", "geometry": {"type": "Point", "coordinates": [123.9601102, 10.3757035]}, "properties": {"id": "ChIJ3bc4waSiqTMRixbdD0k6T2w", "amenity_type": "sports_complex", "amenity": "Cebuana Lhuillier", "lgu": "Consolacion"}}, {"type": "Feature", "geometry": {"type": "Point", "coordinates": [123.9607469, 10.3768314]}, "properties": {"id": "ChIJx-ZMZ6SiqTMR_mM13cLG_Tg", "amenity_type": "sports_complex", "amenity": "Cebuana Lhuillier Pawnshop - Consolacion 2", "lgu": "Consolacion"}}, {"type": "Feature", "geometry": {"type": "Point", "coordinates": [123.9600468, 10.3749179]}, "properties": {"id": "ChIJRRZVKwCjqTMROSzY8a_Tc9U", "amenity_type": "park", "amenity": "Chops Children's Park", "lgu": "Consolacion"}}, {"type": "Feature", "geometry": {"type": "Point", "coordinates": [123.9559477, 10.3885585]}, "properties": {"id": "ChIJ4wQrd2ijqTMRabUYkXlmKac", "amenity_type": "park", "amenity": "Chyle's Place", "lgu": "Consolacion"}}, {"type": "Feature", "geometry": {"type": "Point", "coordinates": [123.9647688, 10.3797181]}, "properties": {"id": "ChIJi-YzB7qiqTMReKFgnWVFYNQ", "amenity_type": "sports_complex", "amenity": "Cyberzone - SM City Consolacion", "lgu": "Consolacion"}}, {"type": "Feature", "geometry": {"type": "Point", "coordinates": [123.9536025, 10.3646206]}, "properties": {"id": "ChIJeb3e1TKZqTMRsDoUxr7IRfc", "amenity_type": "park", "amenity": "DECA Homes Play Ground", "lgu": "Consolacion"}}, {"type": "Feature", "geometry": {"type": "Point", "coordinates": [123.964428, 10.379951]}, "properties": {"id": "ChIJr4URo7CiqTMRZcMfd6ZQBI0", "amenity_type": "sports_complex", "amenity": "David's Salon - SM City Consolacion", "lgu": "Consolacion"}}, {"type": "Feature", "geometry": {"type": "Point", "coordinates": [123.9631521, 10.3785381]}, "properties": {"id": "ChIJnb9Q0aSiqTMRyvKOKvyi93s", "amenity_type": "sports_complex", "amenity": "Deanleif Properties & Realty Ventures", "lgu": "Consolacion"}}, {"type": "Feature", "geometry": {"type": "Point", "coordinates": [123.964963, 10.3798285]}, "properties": {"id": "ChIJix5ivrCiqTMRHF77exjOBhA", "amenity_type": "sports_complex", "amenity": "Dunkin' - SM City Consolacion", "lgu": "Consolacion"}}, {"type": "Feature", "geometry": {"type": "Point", "coordinates": [123.96076, 10.3739879]}, "properties": {"id": "ChIJO4stVKSiqTMRfx4K9wksB0k", "amenity_type": "sports_complex", "amenity": "E. Cpay Ang Payment Center Ng Bayan", "lgu": "Consolacion"}}, {"type": "Feature", "geometry": {"type": "Point", "coordinates": [123.9556647, 10.3649283]}, "properties": {"id": "ChIJUzYnbACZqTMRfwbBrB3T1ds", "amenity_type": "park", "amenity": "E.C.S. PLAZA", "lgu": "Consolacion"}}, {"type": "Feature", "geometry": {"type": "Point", "coordinates": [123.9545117, 10.3665411]}, "properties": {"id": "ChIJPdRrkwqYqTMRUlQptYDYsEs", "amenity_type": "park", "amenity": "ECS Sunken Garden", "lgu": "Consolacion"}}, {"type": "Feature", "geometry": {"type": "Point", "coordinates": [123.964862, 10.3796956]}, "properties": {"id": "ChIJf4VilrCiqTMR-jnz8_L_0R4", "amenity_type": "sports_complex", "amenity": "EO Executive Optical - SM City Consolacion", "lgu": "Consolacion"}}, {"type": "Feature", "geometry": {"type": "Point", "coordinates": [123.967316, 10.3802539]}, "properties": {"id": "ChIJB3UcLrGiqTMR40sR5TzAcb4", "amenity_type": "sports_complex", "amenity": "Erdijo Corporation", "lgu": "Consolacion"}}, {"type": "Feature", "geometry": {"type": "Point", "coordinates": [123.964428, 10.379951]}, "properties": {"id": "ChIJr4URo7CiqTMRaUZFxV0tqDQ", "amenity_type": "sports_complex", "amenity": "Expressions SM Consolacion", "lgu": "Consolacion"}}, {"type": "Feature", "geometry": {"type": "Point", "coordinates": [123.9612729, 10.376556]}, "properties": {"id": "ChIJo8QGrqSiqTMR1dZM6nIDXak", "amenity_type": "sports_complex", "amenity": "FJB Pawnshop", "lgu": "Consolacion"}}, {"type": "Feature", "geometry": {"type": "Point", "coordinates": [123.9652795, 10.3441463]}, "properties": {"id": "ChIJ2aFp6oCZqTMRUY2wPb1ArS0", "amenity_type": "park", "amenity": "FOX BRIDGE", "lgu": "Consolacion"}}, {"type": "Feature", "geometry": {"type": "Point", "coordinates": [123.9673898, 10.3732008]}, "properties": {"id": "ChIJr5SY966iqTMR6iGInu-L2IU", "amenity_type": "sports_complex", "amenity": "Farmers Supreme Corporation", "lgu": "Consolacion"}}, {"type": "Feature", "geometry": {"type": "Point", "coordinates": [123.960268, 10.376805]}, "properties": {"id": "ChIJ5e9cMruiqTMRVQ1GxBgs0fQ", "amenity_type": "sports_complex", "amenity": "Frewill Finance Corporation", "lgu": "Consolacion"}}, {"type": "Feature", "geometry": {"type": "Point", "coordinates": [123.9317061, 10.4013734]}, "properties": {"id": "ChIJdWWFZ_iiqTMRdhaEruDS1i4", "amenity_type": "park", "amenity": "Genesis Valley", "lgu": "Consolacion"}}, {"type": "Feature", "geometry": {"type": "Point", "coordinates": [123.9649646, 10.3788308]}, "properties": {"id": "ChIJIY7pi7CiqTMR_sjXMLQ0X18", "amenity_type": "sports_complex", "amenity": "Global Dominion Financing, Inc. Consolacion Branch", "lgu": "Consolacion"}}, {"type": "Feature", "geometry": {"type": "Point", "coordinates": [123.9646723, 10.379635]}, "properties": {"id": "ChIJ5XAwU7eiqTMR-ZKFrMQSFpQ", "amenity_type": "sports_complex", "amenity": "Goldilocks - SM City Consolacion", "lgu": "Consolacion"}}, {"type": "Feature", "geometry": {"type": "Point", "coordinates": [123.96062, 10.3741417]}, "properties": {"id": "ChIJef0n-KSiqTMRivI_PNLOGd8", "amenity_type": "sports_complex", "amenity": "HL Henry Lhuillier Pawnshop", "lgu": "Consolacion"}}, {"type": "Feature", "geometry": {"type": "Point", "coordinates": [123.9589019, 10.3764385]}, "properties": {"id": "ChIJNVbRraSiqTMR_fU3uAJbrMA", "amenity_type": "sports_complex", "amenity": "Informatics", "lgu": "Consolacion"}}, {"type": "Feature", "geometry": {"type": "Point", "coordinates": [123.9608906, 10.3763104]}, "properties": {"id": "ChIJPa811KSiqTMRa6CfG_Ohfn8", "amenity_type": "sports_complex", "amenity": "JB-Claifranz", "lgu": "Consolacion"}}, {"type": "Feature", "geometry": {"type": "Point", "coordinates": [123.9605955, 10.3768946]}, "properties": {"id": "ChIJ0eDlLbuiqTMRHXI51eQK84A", "amenity_type": "sports_complex", "amenity": "JGC Financing Company, Inc.", "lgu": "Consolacion"}}, {"type": "Feature", "geometry": {"type": "Point", "coordinates": [123.961515, 10.3758463]}, "properties": {"id": "ChIJz4vvbLWiqTMRItv4VCaZ8AA", "amenity_type": "sports_complex", "amenity": "John Faver store", "lgu": "Consolacion"}}, {"type": "Feature", "geometry": {"type": "Point", "coordinates": [123.9598708, 10.3763743]}, "properties": {"id": "ChIJQepFJwCjqTMROHPXO8XbtfU", "amenity_type": "park", "amenity": "Jollibee Consolacion -> Carpark", "lgu": "Consolacion"}}, {"type": "Feature", "geometry": {"type": "Point", "coordinates": [123.9615298, 10.3700633]}, "properties": {"id": "ChIJIZfrW6aiqTMRGvrW08WmqPs", "amenity_type": "sports_complex", "amenity": "Joy In Full Christian Learning Center", "lgu": "Consolacion"}}, {"type": "Feature", "geometry": {"type": "Point", "coordinates": [123.9740023, 10.3520696]}, "properties": {"id": "ChIJp4tNCK-ZqTMRVJcVikdkwiQ", "amenity_type": "park", "amenity": "Junie abing", "lgu": "Consolacion"}}, {"type": "Feature", "geometry": {"type": "Point", "coordinates": [123.9628924, 10.3785766]}, "properties": {"id": "ChIJ85ScrqSiqTMR-Q0xeZxUqPM", "amenity_type": "sports_complex", "amenity": "Kumon Consolacion Cebu Center", "lgu": "Consolacion"}}, {"type": "Feature", "geometry": {"type": "Point", "coordinates": [123.9657571, 10.3758168]}, "properties": {"id": "ChIJWW3G1FSjqTMR43Rq8pvZ_mw", "amenity_type": "park", "amenity": "La Pubblico Food Park", "lgu": "Consolacion"}}, {"type": "Feature", "geometry": {"type": "Point", "coordinates": [123.974592, 10.364321]}, "properties": {"id": "ChIJU6RMXgCZqTMRfRu5Y_QRRws", "amenity_type": "park", "amenity": "Libo Tambayan", "lgu": "Consolacion"}}, {"type": "Feature", "geometry": {"type": "Point", "coordinates": [123.9582742, 10.374728]}, "properties": {"id": "ChIJ--Wde76jqTMRLAQrskO9lu8", "amenity_type": "park", "amenity": "Lokacion Food Park", "lgu": "Consolacion"}}, {"type": "Feature", "geometry": {"type": "Point", "coordinates": [123.9717966, 10.3437797]}, "properties": {"id": "ChIJV-GK_92ZqTMRMluLrUFxYdY", "amenity_type": "park", "amenity": "Mangrove Eco Park at 605 Pakna-an Mandaue City", "lgu": "Consolacion"}}, {"type": "Feature", "geometry": {"type": "Point", "coordinates": [123.9602321, 10.3767689]}, "properties": {"id": "ChIJe3weM7uiqTMR_8AuvXfALJ0", "amenity_type": "sports_complex", "amenity": "Mercury Drug (Work)", "lgu": "Consolacion"}}, {"type": "Feature", "geometry": {"type": "Point", "coordinates": [123.964846, 10.379547]}, "properties": {"id": "ChIJf4VilrCiqTMRcvlxWVj_0R0", "amenity_type": "sports_complex", "amenity": "My Phone", "lgu": "Consolacion"}}, {"type": "Feature", "geometry": {"type": "Point", "coordinates": [123.9684492, 10.3761807]}, "properties": {"id": "ChIJv6Lp5bGiqTMR9DFJ8RMnG4Q", "amenity_type": "park", "amenity": "Nature's Spring", "lgu": "Consolacion"}}, {"type": "Feature", "geometry": {"type": "Point", "coordinates": [123.9831518, 10.370397]}, "properties": {"id": "ChIJNV06dry9qTMRbjGr9Lib5OM", "amenity_type": "park", "amenity": "Nery’s Place - Tayud Consolacion", "lgu": "Consolacion"}}, {"type": "Feature", "geometry": {"type": "Point", "coordinates": [123.9647829, 10.3799905]}, "properties": {"id": "ChIJIfx8VbeiqTMRof1mP5Yk8wI", "amenity_type": "sports_complex", "amenity": "Orange Brutus - SM Consolacion", "lgu": "Consolacion"}}, {"type": "Feature", "geometry": {"type": "Point", "coordinates": [123.9629389, 10.3785374]}, "properties": {"id": "ChIJuevGibqiqTMR8qWmZ1hT2Kk", "amenity_type": "park", "amenity": "Orosia Food Park", "lgu": "Consolacion"}}, {"type": "Feature", "geometry": {"type": "Point", "coordinates": [123.964846, 10.379547]}, "properties": {"id": "ChIJf4VilrCiqTMRDsQj5g3NWp4", "amenity_type": "sports_complex", "amenity": "Pabder", "lgu": "Consolacion"}}, {"type": "Feature", "geometry": {"type": "Point", "coordinates": [123.9370676, 10.3889297]}, "properties": {"id": "ChIJLWJrAiGjqTMR1khs38zAjT0", "amenity_type": "park", "amenity": "Padillo's Property", "lgu": "Consolacion"}}, {"type": "Feature", "geometry": {"type": "Point", "coordinates": [123.9664118, 10.3800781]}, "properties": {"id": "ChIJpQmW2bCiqTMR6KCEJ5-58Mg", "amenity_type": "sports_complex", "amenity": "Palawan Pawnshop", "lgu": "Consolacion"}}, {"type": "Feature", "geometry": {"type": "Point", "coordinates": [123.9599553, 10.3759426]}, "properties": {"id": "ChIJpfhrxqSiqTMRSb1wQtH1BvA", "amenity_type": "sports_complex", "amenity": "Palawan Pawnshop", "lgu": "Consolacion"}}, {"type": "Feature", "geometry": {"type": "Point", "coordinates": [123.960345, 10.374343]}, "properties": {"id": "ChIJ_dKD96SiqTMR7yPIYXok6dE", "amenity_type": "sports_complex", "amenity": "Petronas Lubricants", "lgu": "Consolacion"}}, {"type": "Feature", "geometry": {"type": "Point", "coordinates": [123.9660332, 10.3800702]}, "properties": {"id": "ChIJYy3A2rCiqTMRMOOIKyL6BtU", "amenity_type": "sports_complex", "amenity": "Pinoy Pao", "lgu": "Consolacion"}}, {"type": "Feature", "geometry": {"type": "Point", "coordinates": [123.9713923, 10.3668673]}, "properties": {"id": "ChIJcfLtWqqiqTMRyjBUNM8uiOI", "amenity_type": "sports_complex", "amenity": "Police Regional Training Center 7", "lgu": "Consolacion"}}, {"type": "Feature", "geometry": {"type": "Point", "coordinates": [123.960454, 10.376219]}, "properties": {"id": "ChIJrXPA0aSiqTMRw6pUNQ86cvw", "amenity_type": "sports_complex", "amenity": "Premium Graphics Asia Center Incorporated", "lgu": "Consolacion"}}, {"type": "Feature", "geometry": {"type": "Point", "coordinates": [123.9674915, 10.3806892]}, "properties": {"id": "ChIJp4my8GGjqTMReBbfGM7H8IY", "amenity_type": "park", "amenity": "Queens FoodPark - Bus Terminal", "lgu": "Consolacion"}}, {"type": "Feature", "geometry": {"type": "Point", "coordinates": [123.9674965, 10.3806538]}, "properties": {"id": "ChIJS_I0RQCjqTMRzAfd5PhGn6Y", "amenity_type": "park", "amenity": "Queens Foodpark & KTV Consolacion", "lgu": "Consolacion"}}, {"type": "Feature", "geometry": {"type": "Point", "coordinates": [123.960659, 10.3764789]}, "properties": {"id": "ChIJs2AJ06SiqTMRDOiTfzmZSzY", "amenity_type": "sports_complex", "amenity": "RCBC BRANCH - CONSOLACION", "lgu": "Consolacion"}}, {"type": "Feature", "geometry": {"type": "Point", "coordinates": [123.9646347, 10.3799901]}, "properties": {"id": "ChIJr4URo7CiqTMR5kxX1qEsLPc", "amenity_type": "sports_complex", "amenity": "Salon de Rose - SM City Consolacion", "lgu": "Consolacion"}}, {"type": "Feature", "geometry": {"type": "Point", "coordinates": [123.964846, 10.379547]}, "properties": {"id": "ChIJf4VilrCiqTMRwAICmnzIusc", "amenity_type": "sports_complex", "amenity": "Samsung", "lgu": "Consolacion"}}, {"type": "Feature", "geometry": {"type": "Point", "coordinates": [123.9707492, 10.3859431]}, "properties": {"id": "ChIJnXsMcgCjqTMR18GumKpBM_g", "amenity_type": "park", "amenity": "Septer's Woods", "lgu": "Consolacion"}}, {"type": "Feature", "geometry": {"type": "Point", "coordinates": [123.964428, 10.379951]}, "properties": {"id": "ChIJr4URo7CiqTMRDIA55pBnxtc", "amenity_type": "sports_complex", "amenity": "Silverworks", "lgu": "Consolacion"}}, {"type": "Feature", "geometry": {"type": "Point", "coordinates": [123.964846, 10.379547]}, "properties": {"id": "ChIJf4VilrCiqTMRLOOnFn08mE4", "amenity_type": "sports_complex", "amenity": "Sports House", "lgu": "Consolacion"}}, {"type": "Feature", "geometry": {"type": "Point", "coordinates": [123.9662931, 10.3800252]}, "properties": {"id": "ChIJq9uJ2bCiqTMRJK16SGO0zmM", "amenity_type": "sports_complex", "amenity": "The Pork Shop - Pitogo Branch", "lgu": "Consolacion"}}, {"type": "Feature", "geometry": {"type": "Point", "coordinates": [123.9133837, 10.4061605]}, "properties": {"id": "ChIJUx46VEmiqTMRezSBgzolhYY", "amenity_type": "park", "amenity": "The Topiary", "lgu": "Consolacion"}}, {"type": "Feature", "geometry": {"type": "Point", "coordinates": [123.986504, 10.36336]}, "properties": {"id": "ChIJLURdbACXqTMRbr6qpqIzC2Y", "amenity_type": "park", "amenity": "Tilhaong Motocross Track", "lgu": "Consolacion"}}, {"type": "Feature", "geometry": {"type": "Point", "coordinates": [123.9282415, 10.4371947]}, "properties": {"id": "ChIJU7UbL-yjqTMRspyN8Lq_Q2Y", "amenity_type": "park", "amenity": "Twin Creeks Heritage & Nature Park", "lgu": "Consolacion"}}, {"type": "Feature", "geometry": {"type": "Point", "coordinates": [123.9683161, 10.380169]}, "properties": {"id": "ChIJ09kdT7GiqTMRZuZ0Pvxj5KI", "amenity_type": "sports_complex", "amenity": "Usana Associate", "lgu": "Consolacion"}}, {"type": "Feature", "geometry": {"type": "Point", "coordinates": [123.9455558, 10.3964139]}, "properties": {"id": "ChIJrygyOgCjqTMR7c6OxtR6gAU", "amenity_type": "park", "amenity": "Windfields Enduro Park", "lgu": "Consolacion"}}, {"type": "Feature", "geometry": {"type": "Point", "coordinates": [123.9644785, 10.3795485]}, "properties": {"id": "ChIJaZ61DQCjqTMRQkz2YP8ukEI", "amenity_type": "park", "amenity": "sm consolacion", "lgu": "Consolacion"}}, {"type": "Feature", "geometry": {"type": "Point", "coordinates": [124.024564, 10.310502]}, "properties": {"id": "ChIJg52xdgCXqTMRlpxm6g1IyY8", "amenity_type": "park", "amenity": "2025パラセーリング&アイランドホッピング", "lgu": "Lapu-Lapu City"}}, {"type": "Feature", "geometry": {"type": "Point", "coordinates": [123.953217, 10.3051608]}, "properties": {"id": "ChIJeU0lvuyZqTMRhqgTORj4hLI", "amenity_type": "sports_complex", "amenity": "2GO -Lapulapu", "lgu": "Lapu-Lapu City"}}, {"type": "Feature", "geometry": {"type": "Point", "coordinates": [123.9898653, 10.3071035]}, "properties": {"id": "ChIJo4TgagCXqTMR0vy02FJIJcs", "amenity_type": "park", "amenity": "3EØ FRM LAPU-LAPU CITY", "lgu": "Lapu-Lapu City"}}, {"type": "Feature", "geometry": {"type": "Point", "coordinates": [123.9695462, 10.2846457]}, "properties": {"id": "ChIJNQZqWAGaqTMRzI6AVZOedGk", "amenity_type": "park", "amenity": "7-Eleven 1071 Savers Plaza", "lgu": "Lapu-Lapu City"}}, {"type": "Feature", "geometry": {"type": "Point", "coordinates": [123.962255, 10.3175115]}, "properties": {"id": "ChIJ8xfZ-MCZqTMRQBNfpOFU6CE", "amenity_type": "sports_complex", "amenity": "ACE Penzionne", "lgu": "Lapu-Lapu City"}}, {"type": "Feature", "geometry": {"type": "Point", "coordinates": [123.959874, 10.3108889]}, "properties": {"id": "ChIJxfZoFcKZqTMRZGMuZDBgfNc", "amenity_type": "sports_complex", "amenity": "ATWOC LAPU-LAPU", "lgu": "Lapu-Lapu City"}}, {"type": "Feature", "geometry": {"type": "Point", "coordinates": [123.9618035, 10.2917436]}, "properties": {"id": "ChIJvZqStx2aqTMR89uJS_8pXQ4", "amenity_type": "park", "amenity": "Adsia Logistics Inc.", "lgu": "Lapu-Lapu City"}}, {"type": "Feature", "geometry": {"type": "Point", "coordinates": [123.9615061, 10.3119547]}, "properties": {"id": "ChIJ0zGoCMOZqTMRpr1HrPJNylE", "amenity_type": "sports_complex", "amenity": "Advance Institute of Technology Inc.", "lgu": "Lapu-Lapu City"}}, {"type": "Feature", "geometry": {"type": "Point", "coordinates": [123.9615448, 10.2800067]}, "properties": {"id": "ChIJAQCQeBCaqTMRi4bZm74i1ck", "amenity_type": "park", "amenity": "Aguas Property", "lgu": "Lapu-Lapu City"}}, {"type": "Feature", "geometry": {"type": "Point", "coordinates": [123.936436, 10.2872219]}, "properties": {"id": "ChIJzRSKQrSbqTMRclvWnc4Ams8", "amenity_type": "park", "amenity": "Agwanta Treehouse", "lgu": "Lapu-Lapu City"}}, {"type": "Feature", "geometry": {"type": "Point", "coordinates": [123.9992054, 10.2954152]}, "properties": {"id": "ChIJuWrYJDiXqTMRctqfHp9tvew", "amenity_type": "park", "amenity": "AlGabe Bldg & Residences", "lgu": "Lapu-Lapu City"}}, {"type": "Feature", "geometry": {"type": "Point", "coordinates": [123.9466275, 10.2980236]}, "properties": {"id": "ChIJTSkim46ZqTMRA7jRjgzVIaE", "amenity_type": "sports_complex", "amenity": "Alt Complex", "lgu": "Lapu-Lapu City"}}, {"type": "Feature", "geometry": {"type": "Point", "coordinates": [123.9958151, 10.3102181]}, "properties": {"id": "ChIJMeJAmGyXqTMRb8JI7QWOlRc", "amenity_type": "park", "amenity": "Anthurium Inn", "lgu": "Lapu-Lapu City"}}, {"type": "Feature", "geometry": {"type": "Point", "coordinates": [123.951312, 10.302559]}, "properties": {"id": "ChIJcXHPudKZqTMRoLzwufDtWSE", "amenity_type": "park", "amenity": "Arki Tambayan Food Park", "lgu": "Lapu-Lapu City"}}, {"type": "Feature", "geometry": {"type": "Point", "coordinates": [123.9575578, 10.3108539]}, "properties": {"id": "ChIJ0zO9S8CZqTMR2r8ED_YSyOM", "amenity_type": "sports_complex", "amenity": "Asian Learning Center", "lgu": "Lapu-Lapu City"}}, {"type": "Feature", "geometry": {"type": "Point", "coordinates": [123.9596381, 10.3150498]}, "properties": {"id": "ChIJURjTB8WZqTMRLw4OwwFp8tk", "amenity_type": "sports_complex", "amenity": "Avon Lapu-Lapu Branch", "lgu": "Lapu-Lapu City"}}, {"type": "Feature", "geometry": {"type": "Point", "coordinates": [123.9237854, 10.3169271]}, "properties": {"id": "ChIJ4YTWSACZqTMRIHl8_JihEzQ", "amenity_type": "park", "amenity": "Ayala Gatewalk -> Open Plaza Area", "lgu": "Lapu-Lapu City"}}, {"type": "Feature", "geometry": {"type": "Point", "coordinates": [123.9592639, 10.3148407]}, "properties": {"id": "ChIJBfp399yZqTMRS2kO3U-U2s0", "amenity_type": "park", "amenity": "BF Mactan Strip", "lgu": "Lapu-Lapu City"}}, {"type": "Feature", "geometry": {"type": "Point", "coordinates": [123.992406, 10.2925634]}, "properties": {"id": "ChIJSU50MEmXqTMRMBV5M0CGavk", "amenity_type": "park", "amenity": "BF Townhomes Phase II Park", "lgu": "Lapu-Lapu City"}}, {"type": "Feature", "geometry": {"type": "Point", "coordinates": [123.966582, 10.2914824]}, "properties": {"id": "ChIJq6qqqh2aqTMR_gcSZ7QZ_JQ", "amenity_type": "park", "amenity": "BGSA Web Hosting Services", "lgu": "Lapu-Lapu City"}}, {"type": "Feature", "geometry": {"type": "Point", "coordinates": [123.9953468, 10.3083048]}, "properties": {"id": "ChIJKVIMfd2XqTMRBXNu9tDX63M", "amenity_type": "park", "amenity": "BTC Pickleball Lapu-lapu", "lgu": "Lapu-Lapu City"}}, {"type": "Feature", "geometry": {"type": "Point", "coordinates": [123.941158, 10.2728128]}, "properties": {"id": "ChIJd4rEbwCbqTMRaLlRlL7pY-k", "amenity_type": "park", "amenity": "Babag 2 lapu lapu city pueblo de oro basketball gym", "lgu": "Lapu-Lapu City"}}, {"type": "Feature", "geometry": {"type": "Point", "coordinates": [123.94214, 10.2743489]}, "properties": {"id": "ChIJr4DhJDiaqTMRBkbfhuTbV90", "amenity_type": "sports_complex", "amenity": "Babag Sports Complex", "lgu": "Lapu-Lapu City"}}, {"type": "Feature", "geometry": {"type": "Point", "coordinates": [123.9969654, 10.2927924]}, "properties": {"id": "ChIJCbGwQwCXqTMR7QJiXK-dSyc", "amenity_type": "park", "amenity": "Bagumbayan 2 Hawan Field", "lgu": "Lapu-Lapu City"}}, {"type": "Feature", "geometry": {"type": "Point", "coordinates": [123.9973986, 10.2929834]}, "properties": {"id": "ChIJpdLbAACXqTMR_a7OgDp_3jE", "amenity_type": "park", "amenity": "Bagumbayan Big Narra Tree", "lgu": "Lapu-Lapu City"}}, {"type": "Feature", "geometry": {"type": "Point", "coordinates": [123.9989059, 10.3116006]}, "properties": {"id": "ChIJZUVbQwCXqTMReXC03f7fC1Y", "amenity_type": "park", "amenity": "Balay ni Brolyo", "lgu": "Lapu-Lapu City"}}, {"type": "Feature", "geometry": {"type": "Point", "coordinates": [123.9263646, 10.3242455]}, "properties": {"id": "ChIJyXamNQCZqTMR_-TmIKVSLQo", "amenity_type": "sports_complex", "amenity": "Ball Brothers Sports Center", "lgu": "Lapu-Lapu City"}}, {"type": "Feature", "geometry": {"type": "Point", "coordinates": [124.002194, 10.286498]}, "properties": {"id": "ChIJV9l7mjSXqTMR6tUGyXK5MXA", "amenity_type": "park", "amenity": "Beachcombers", "lgu": "Lapu-Lapu City"}}, {"type": "Feature", "geometry": {"type": "Point", "coordinates": [123.9671889, 10.2909255]}, "properties": {"id": "ChIJy89cIPqZqTMR3sPCkp_wkBM", "amenity_type": "park", "amenity": "Biaños Pizza", "lgu": "Lapu-Lapu City"}}, {"type": "Feature", "geometry": {"type": "Point", "coordinates": [124.0276308, 10.3205153]}, "properties": {"id": "ChIJxUwJkQiXqTMRS0ubMs67TMg", "amenity_type": "park", "amenity": "Bluetong cottage", "lgu": "Lapu-Lapu City"}}, {"type": "Feature", "geometry": {"type": "Point", "coordinates": [124.0011428, 10.2867261]}, "properties": {"id": "ChIJDydegeqXqTMRaRm-bdDOGXY", "amenity_type": "park", "amenity": "Bluewater Garden", "lgu": "Lapu-Lapu City"}}, {"type": "Feature", "geometry": {"type": "Point", "coordinates": [123.949758, 10.309734]}, "properties": {"id": "ChIJu10pnZWZqTMRfOopaXoIhOM", "amenity_type": "sports_complex", "amenity": "Boardwalk Business Ventures, Inc. - Lapu-Lapu", "lgu": "Lapu-Lapu City"}}, {"type": "Feature", "geometry": {"type": "Point", "coordinates": [123.9359907, 10.3233879]}, "properties": {"id": "ChIJB3JFVgCZqTMRyCc1k1JPpoY", "amenity_type": "park", "amenity": "Bon Odori Festival", "lgu": "Lapu-Lapu City"}}, {"type": "Feature", "geometry": {"type": "Point", "coordinates": [123.9360278, 10.3233333]}, "properties": {"id": "ChIJgfAMFwCZqTMRjtLDPgHBPIs", "amenity_type": "park", "amenity": "Bon Odori Festival", "lgu": "Lapu-Lapu City"}}, {"type": "Feature", "geometry": {"type": "Point", "coordinates": [123.9567484, 10.3179223]}, "properties": {"id": "ChIJy7bCWACZqTMRwJqN2l380Xg", "amenity_type": "park", "amenity": "Bridge Park", "lgu": "Lapu-Lapu City"}}, {"type": "Feature", "geometry": {"type": "Point", "coordinates": [123.9595355, 10.3128967]}, "properties": {"id": "ChIJNzaS6sOZqTMRMRmeyXEZIqE", "amenity_type": "sports_complex", "amenity": "Budget Rooms Mactan Cebu", "lgu": "Lapu-Lapu City"}}, {"type": "Feature", "geometry": {"type": "Point", "coordinates": [123.9784395, 10.2996676]}, "properties": {"id": "ChIJI5MQASmXqTMRZ5Ged6gDCnk", "amenity_type": "park", "amenity": "C PLAZA", "lgu": "Lapu-Lapu City"}}, {"type": "Feature", "geometry": {"type": "Point", "coordinates": [123.959528, 10.2817332]}, "properties": {"id": "ChIJHX7oidebqTMRMGhZaFBp0wM", "amenity_type": "park", "amenity": "CMJredelosa Mini Park", "lgu": "Lapu-Lapu City"}}, {"type": "Feature", "geometry": {"type": "Point", "coordinates": [123.9845815, 10.2988482]}, "properties": {"id": "ChIJwQvK4FqXqTMRhBEVg0SPw4Q", "amenity_type": "park", "amenity": "Camella Homes Lagoon", "lgu": "Lapu-Lapu City"}}, {"type": "Feature", "geometry": {"type": "Point", "coordinates": [123.985557, 10.3004791]}, "properties": {"id": "ChIJtVJgT1uXqTMRhHxFjZ1VqX4", "amenity_type": "stadium", "amenity": "Camella Homes Tennis Court", "lgu": "Lapu-Lapu City"}}, {"type": "Feature", "geometry": {"type": "Point", "coordinates": [124.0137072, 10.307672]}, "properties": {"id": "ChIJQ1TFX06XqTMRd8jzoBwaL6M", "amenity_type": "park", "amenity": "Car Rental and Van Rental by JMC Travel Tour Consultancy Services", "lgu": "Lapu-Lapu City"}}, {"type": "Feature", "geometry": {"type": "Point", "coordinates": [123.9499517, 10.3288909]}, "properties": {"id": "ChIJU_bakU2YqTMRt_wcfF8tB5g", "amenity_type": "sports_complex", "amenity": "Cebu Easy Rent-A-Car / Transport & Tours", "lgu": "Lapu-Lapu City"}}, {"type": "Feature", "geometry": {"type": "Point", "coordinates": [123.960199, 10.2869248]}, "properties": {"id": "ChIJJUmnTxyaqTMRpcgzrnFn9UY", "amenity_type": "park", "amenity": "Cebu Interior Agency", "lgu": "Lapu-Lapu City"}}, {"type": "Feature", "geometry": {"type": "Point", "coordinates": [123.9664297, 10.2809916]}, "properties": {"id": "ChIJLQQCAlCZqTMRbketMgO5aF4", "amenity_type": "park", "amenity": "Cebu JT Land Realty", "lgu": "Lapu-Lapu City"}}, {"type": "Feature", "geometry": {"type": "Point", "coordinates": [123.96271, 10.2939262]}, "properties": {"id": "ChIJh3KEtx2aqTMRiP76us2EJZI", "amenity_type": "park", "amenity": "Cebu Light Industrial Park, Admin Bldg.", "lgu": "Lapu-Lapu City"}}, {"type": "Feature", "geometry": {"type": "Point", "coordinates": [123.9290491, 10.3215087]}, "properties": {"id": "ChIJUwHYcgiZqTMRS0t5hwMbMAE", "amenity_type": "sports_complex", "amenity": "Cebu Westown Lagoon", "lgu": "Lapu-Lapu City"}}, {"type": "Feature", "geometry": {"type": "Point", "coordinates": [123.9436428, 10.3345882]}, "properties": {"id": "ChIJj8nFl_SZqTMR9ZRQQrcu3rk", "amenity_type": "park", "amenity": "Cebu mandaue", "lgu": "Lapu-Lapu City"}}, {"type": "Feature", "geometry": {"type": "Point", "coordinates": [123.9481408, 10.3097359]}, "properties": {"id": "ChIJAZn7-b6ZqTMRTP0KO0D8s68", "amenity_type": "sports_complex", "amenity": "Chamara Boutique & Tailoring", "lgu": "Lapu-Lapu City"}}, {"type": "Feature", "geometry": {"type": "Point", "coordinates": [123.9520682, 10.3244959]}, "properties": {"id": "ChIJK4xGTk2ZqTMRYgqd7NiGG_8", "amenity_type": "park", "amenity": "Christian Galido", "lgu": "Lapu-Lapu City"}}, {"type": "Feature", "geometry": {"type": "Point", "coordinates": [123.9637469, 10.2983545]}, "properties": {"id": "ChIJ7w_ZgIiZqTMRTt04_QlJfGc", "amenity_type": "park", "amenity": "City Times Square - Mactan", "lgu": "Lapu-Lapu City"}}, {"type": "Feature", "geometry": {"type": "Point", "coordinates": [124.0052671, 10.3127506]}, "properties": {"id": "ChIJf7KYNBCXqTMRwOtRVmKOAUc", "amenity_type": "park", "amenity": "Cleverlearn Residences", "lgu": "Lapu-Lapu City"}}, {"type": "Feature", "geometry": {"type": "Point", "coordinates": [123.9836824, 10.269808]}, "properties": {"id": "ChIJE1m8SwCRqTMRXNeDfBI3HpA", "amenity_type": "park", "amenity": "Coral Bike park Marigondon,Ilaya", "lgu": "Lapu-Lapu City"}}, {"type": "Feature", "geometry": {"type": "Point", "coordinates": [124.0412646, 10.3285622]}, "properties": {"id": "ChIJUfBuOmiWqTMRwnflYkHkOvs", "amenity_type": "park", "amenity": "Coralpoint Gardens Suites and Residences", "lgu": "Lapu-Lapu City"}}, {"type": "Feature", "geometry": {"type": "Point", "coordinates": [123.964659, 10.318282]}, "properties": {"id": "ChIJkYo7CNCZqTMRuGUV-iXR6Xo", "amenity_type": "sports_complex", "amenity": "Cosmetic Surgery Center of Asia", "lgu": "Lapu-Lapu City"}}, {"type": "Feature", "geometry": {"type": "Point", "coordinates": [123.9575737, 10.3141036]}, "properties": {"id": "ChIJd6nJT8GZqTMRSwFNYBq9jUw", "amenity_type": "sports_complex", "amenity": "Cosmopolitan Memorial Chapels - LapuLapu Branch", "lgu": "Lapu-Lapu City"}}, {"type": "Feature", "geometry": {"type": "Point", "coordinates": [124.0147388, 10.2956206]}, "properties": {"id": "ChIJGcYFFEiXqTMR4WARa1cjO_c", "amenity_type": "park", "amenity": "Crimson Beach side", "lgu": "Lapu-Lapu City"}}, {"type": "Feature", "geometry": {"type": "Point", "coordinates": [123.9603242, 10.3059942]}, "properties": {"id": "ChIJ-bI3FOmZqTMRePSXo5pCWhk", "amenity_type": "sports_complex", "amenity": "Crown Regency Suites & Residences", "lgu": "Lapu-Lapu City"}}, {"type": "Feature", "geometry": {"type": "Point", "coordinates": [123.9656643, 10.3165262]}, "properties": {"id": "ChIJ6bvA7tqZqTMRXhkUHboigrU", "amenity_type": "sports_complex", "amenity": "DSWD", "lgu": "Lapu-Lapu City"}}, {"type": "Feature", "geometry": {"type": "Point", "coordinates": [124.0276401, 10.3205803]}, "properties": {"id": "ChIJLx_4twaXqTMRy8wbQTpuIWU", "amenity_type": "park", "amenity": "Danilo's White Beach Cottage", "lgu": "Lapu-Lapu City"}}, {"type": "Feature", "geometry": {"type": "Point", "coordinates": [123.9674531, 10.3249471]}, "properties": {"id": "ChIJLa6SIACZqTMRAc6Wu98tfBc", "amenity_type": "park", "amenity": "Dayagdal's Fishing Spot", "lgu": "Lapu-Lapu City"}}, {"type": "Feature", "geometry": {"type": "Point", "coordinates": [123.9491584, 10.313228]}, "properties": {"id": "ChIJ_adLSgCZqTMRuhkXhs2akjc", "amenity_type": "park", "amenity": "Dhelz Foodpark KTV", "lgu": "Lapu-Lapu City"}}, {"type": "Feature", "geometry": {"type": "Point", "coordinates": [124.0000941, 10.287466]}, "properties": {"id": "ChIJhd-S6zSXqTMRj-BZR2Smj-w", "amenity_type": "park", "amenity": "Dolpo Kids Club", "lgu": "Lapu-Lapu City"}}, {"type": "Feature", "geometry": {"type": "Point", "coordinates": [123.987059, 10.2645922]}, "properties": {"id": "ChIJwe0ZcZeQqTMRcQyI7b112-M", "amenity_type": "park", "amenity": "Duawon Beach", "lgu": "Lapu-Lapu City"}}, {"type": "Feature", "geometry": {"type": "Point", "coordinates": [123.9777003, 10.3241047]}, "properties": {"id": "ChIJ163PmDaZqTMRQvhLgMIouUg", "amenity_type": "park", "amenity": "EL Spa", "lgu": "Lapu-Lapu City"}}, {"type": "Feature", "geometry": {"type": "Point", "coordinates": [123.9628669, 10.3169031]}, "properties": {"id": "ChIJG4xkPMWZqTMR6cxJCHFfDXs", "amenity_type": "sports_complex", "amenity": "Echo Appliance Center", "lgu": "Lapu-Lapu City"}}, {"type": "Feature", "geometry": {"type": "Point", "coordinates": [123.9608592, 10.3024964]}, "properties": {"id": "ChIJzcMz4-6ZqTMR7vOqlq-3R-U", "amenity_type": "sports_complex", "amenity": "Eloisa Royal Suites", "lgu": "Lapu-Lapu City"}}, {"type": "Feature", "geometry": {"type": "Point", "coordinates": [123.9861638, 10.3045982]}, "properties": {"id": "ChIJh8qTO6SXqTMRkVRrNdxLCO0", "amenity_type": "park", "amenity": "Elsi the LCIC cat", "lgu": "Lapu-Lapu City"}}, {"type": "Feature", "geometry": {"type": "Point", "coordinates": [123.963815, 10.2831214]}, "properties": {"id": "ChIJpTilNBuaqTMR4fDtaWTZmuk", "amenity_type": "park", "amenity": "Engaged Marketer", "lgu": "Lapu-Lapu City"}}, {"type": "Feature", "geometry": {"type": "Point", "coordinates": [123.9225247, 10.3190831]}, "properties": {"id": "ChIJHSlzjw6ZqTMRni8S4zxCA_c", "amenity_type": "park", "amenity": "Esplanade", "lgu": "Lapu-Lapu City"}}, {"type": "Feature", "geometry": {"type": "Point", "coordinates": [123.9679905, 10.3248777]}, "properties": {"id": "ChIJq6raodOZqTMRsLlot-8m7Po", "amenity_type": "park", "amenity": "Filipino Seafarers Memorial", "lgu": "Lapu-Lapu City"}}, {"type": "Feature", "geometry": {"type": "Point", "coordinates": [123.962358, 10.2999167]}, "properties": {"id": "ChIJwdCWt52ZqTMRNVx5XkodLN0", "amenity_type": "park", "amenity": "Gaisano Grand Plaza Mactan", "lgu": "Lapu-Lapu City"}}, {"type": "Feature", "geometry": {"type": "Point", "coordinates": [123.9674318, 10.2903954]}, "properties": {"id": "ChIJxahU7PiZqTMR5MUmmTUZsQk", "amenity_type": "park", "amenity": "Gaisano Saversmart Mactan", "lgu": "Lapu-Lapu City"}}, {"type": "Feature", "geometry": {"type": "Point", "coordinates": [123.9845807, 10.2608814]}, "properties": {"id": "ChIJ5YXPXZqQqTMRAUTXYe0eF_M", "amenity_type": "park", "amenity": "Galapagos Beach", "lgu": "Lapu-Lapu City"}}, {"type": "Feature", "geometry": {"type": "Point", "coordinates": [123.9245783, 10.3175291]}, "properties": {"id": "ChIJXWGEcgyZqTMRQ6lPq4tAK7c", "amenity_type": "park", "amenity": "Garden District", "lgu": "Lapu-Lapu City"}}, {"type": "Feature", "geometry": {"type": "Point", "coordinates": [123.9225723, 10.318048]}, "properties": {"id": "ChIJj-omLwyZqTMRnLMu6e9NPJE", "amenity_type": "park", "amenity": "Gatewalk Park", "lgu": "Lapu-Lapu City"}}, {"type": "Feature", "geometry": {"type": "Point", "coordinates": [123.9492918, 10.321627]}, "properties": {"id": "ChIJ1S_BSwCZqTMRoCVUevdD1FY", "amenity_type": "park", "amenity": "Geo Tech Solutions", "lgu": "Lapu-Lapu City"}}, {"type": "Feature", "geometry": {"type": "Point", "coordinates": [123.9638589, 10.3107475]}, "properties": {"id": "ChIJ0QsYLd2ZqTMRbXVD5fjNpHQ", "amenity_type": "sports_complex", "amenity": "Ginne Apartelle", "lgu": "Lapu-Lapu City"}}, {"type": "Feature", "geometry": {"type": "Point", "coordinates": [123.9624159, 10.317706]}, "properties": {"id": "ChIJzWnWacWZqTMRNAZkdNrfEH4", "amenity_type": "sports_complex", "amenity": "Glam Factor Beauty & Scents Shop", "lgu": "Lapu-Lapu City"}}, {"type": "Feature", "geometry": {"type": "Point", "coordinates": [123.9626289, 10.3172804]}, "properties": {"id": "ChIJp0AUOMWZqTMRrX76szBSX4A", "amenity_type": "sports_complex", "amenity": "Goldilocks Bakeshop - Gaisano Mactan", "lgu": "Lapu-Lapu City"}}, {"type": "Feature", "geometry": {"type": "Point", "coordinates": [123.9282091, 10.3112017]}, "properties": {"id": "ChIJ4bU_-RKZqTMR9nQwm2zH74I", "amenity_type": "park", "amenity": "Gothong Private Wharf", "lgu": "Lapu-Lapu City"}}, {"type": "Feature", "geometry": {"type": "Point", "coordinates": [123.995255, 10.313085]}, "properties": {"id": "ChIJf2lfNwCXqTMRbx5LhKZ5Wpw", "amenity_type": "park", "amenity": "Grahi", "lgu": "Lapu-Lapu City"}}, {"type": "Feature", "geometry": {"type": "Point", "coordinates": [123.9233887, 10.3139789]}, "properties": {"id": "ChIJPdQI6DaZqTMR_3MnusP0V6w", "amenity_type": "park", "amenity": "Green Corridor", "lgu": "Lapu-Lapu City"}}, {"type": "Feature", "geometry": {"type": "Point", "coordinates": [123.9423794, 10.3255969]}, "properties": {"id": "ChIJsXDpYq-ZqTMRd5IDa39GYR4", "amenity_type": "park", "amenity": "Green Promenade", "lgu": "Lapu-Lapu City"}}, {"type": "Feature", "geometry": {"type": "Point", "coordinates": [123.9749357, 10.2813057]}, "properties": {"id": "ChIJhXI7lIibqTMRz2jLt410Bic", "amenity_type": "park", "amenity": "Guba na Sakyanan", "lgu": "Lapu-Lapu City"}}, {"type": "Feature", "geometry": {"type": "Point", "coordinates": [123.9950131, 10.2793316]}, "properties": {"id": "ChIJbXgyQwCRqTMRHGCBVxUn-HI", "amenity_type": "park", "amenity": "Hadsan Beach -Agus Lapu-Lapu City", "lgu": "Lapu-Lapu City"}}, {"type": "Feature", "geometry": {"type": "Point", "coordinates": [124.0086583, 10.2900397]}, "properties": {"id": "ChIJU_IxCS6XqTMRV2W5EBLoxlU", "amenity_type": "park", "amenity": "Happy Beach Cebu, Mactan", "lgu": "Lapu-Lapu City"}}, {"type": "Feature", "geometry": {"type": "Point", "coordinates": [123.9982229, 10.300722]}, "properties": {"id": "ChIJ11mOQz-XqTMRAXoREurQqpU", "amenity_type": "park", "amenity": "Haven Of Peace Memorial Garden", "lgu": "Lapu-Lapu City"}}, {"type": "Feature", "geometry": {"type": "Point", "coordinates": [123.967625, 10.28934]}, "properties": {"id": "ChIJqeewzQmaqTMRJ9WroHREHMA", "amenity_type": "park", "amenity": "Hi-Precision Diagnostics- Mactan, Cebu", "lgu": "Lapu-Lapu City"}}, {"type": "Feature", "geometry": {"type": "Point", "coordinates": [123.9858524, 10.2901039]}, "properties": {"id": "ChIJQamTMQCXqTMR36sOyKKU1wA", "amenity_type": "park", "amenity": "Hidden Cliff of Lapu-Lapu", "lgu": "Lapu-Lapu City"}}, {"type": "Feature", "geometry": {"type": "Point", "coordinates": [123.989915, 10.3078254]}, "properties": {"id": "ChIJVYbbpmmXqTMRgr_0y7cMIEg", "amenity_type": "park", "amenity": "Home", "lgu": "Lapu-Lapu City"}}, {"type": "Feature", "geometry": {"type": "Point", "coordinates": [123.9576533, 10.3052052]}, "properties": {"id": "ChIJq5WH7uuZqTMRjPEPDLbKWtY", "amenity_type": "stadium", "amenity": "Hoops Dome", "lgu": "Lapu-Lapu City"}}, {"type": "Feature", "geometry": {"type": "Point", "coordinates": [123.94289, 10.2870783]}, "properties": {"id": "ChIJXSWdEgCbqTMR3KOPRIZiWhI", "amenity_type": "park", "amenity": "IT pArk", "lgu": "Lapu-Lapu City"}}, {"type": "Feature", "geometry": {"type": "Point", "coordinates": [123.9902019, 10.3295135]}, "properties": {"id": "ChIJobWfdZyXqTMRlog4I-nqgJQ", "amenity_type": "park", "amenity": "Ibo Sport Complex", "lgu": "Lapu-Lapu City"}}, {"type": "Feature", "geometry": {"type": "Point", "coordinates": [123.954371, 10.312115]}, "properties": {"id": "ChIJCfs8X8CZqTMROWnyMyim9wM", "amenity_type": "park", "amenity": "Imperial Appliance Plaza", "lgu": "Lapu-Lapu City"}}, {"type": "Feature", "geometry": {"type": "Point", "coordinates": [123.95989, 10.315068]}, "properties": {"id": "ChIJD_VTjOqZqTMRgHOVkhriMSE", "amenity_type": "sports_complex", "amenity": "Interlace Web Solutions", "lgu": "Lapu-Lapu City"}}, {"type": "Feature", "geometry": {"type": "Point", "coordinates": [124.030494, 10.3223822]}, "properties": {"id": "ChIJiwISPsGXqTMRcH4hQWrOJlc", "amenity_type": "park", "amenity": "J&J BEACH", "lgu": "Lapu-Lapu City"}}, {"type": "Feature", "geometry": {"type": "Point", "coordinates": [123.9594604, 10.2816596]}, "properties": {"id": "ChIJQ8D591ibqTMRumn9KTWuvdI", "amenity_type": "park", "amenity": "Josephine Sponas OFFICIAL RESIDENCE", "lgu": "Lapu-Lapu City"}}, {"type": "Feature", "geometry": {"type": "Point", "coordinates": [123.961041, 10.2910239]}, "properties": {"id": "ChIJJem-f_OZqTMRL90vGq3ywQI", "amenity_type": "park", "amenity": "Jurassic park", "lgu": "Lapu-Lapu City"}}, {"type": "Feature", "geometry": {"type": "Point", "coordinates": [123.9212031, 10.3158125]}, "properties": {"id": "ChIJweRU5zqZqTMRgicIr3-9X-k", "amenity_type": "park", "amenity": "Kalidhay Park", "lgu": "Lapu-Lapu City"}}, {"type": "Feature", "geometry": {"type": "Point", "coordinates": [123.9649095, 10.3168646]}, "properties": {"id": "ChIJ9wxSIAiXqTMRmFa3bIlqD2A", "amenity_type": "park", "amenity": "Kalipayan Solas Seaside Beach", "lgu": "Lapu-Lapu City"}}, {"type": "Feature", "geometry": {"type": "Point", "coordinates": [124.0298318, 10.3220326]}, "properties": {"id": "ChIJ9eW9NQCXqTMRKWWqrO-WknM", "amenity_type": "park", "amenity": "Khyrein’s Resthouse", "lgu": "Lapu-Lapu City"}}, {"type": "Feature", "geometry": {"type": "Point", "coordinates": [123.9252579, 10.3198157]}, "properties": {"id": "ChIJVVWVMQmZqTMRKF9Gf6A2hyY", "amenity_type": "stadium", "amenity": "Kimwa Gym", "lgu": "Lapu-Lapu City"}}, {"type": "Feature", "geometry": {"type": "Point", "coordinates": [123.9503345, 10.3096117]}, "properties": {"id": "ChIJw6oH0cqZqTMR6_PFgYwbswU", "amenity_type": "park", "amenity": "LBC Express - Lapu-Lapu Market", "lgu": "Lapu-Lapu City"}}, {"type": "Feature", "geometry": {"type": "Point", "coordinates": [124.015789, 10.3010042]}, "properties": {"id": "ChIJbZeTkSGXqTMRgFo6hqOnw5o", "amenity_type": "park", "amenity": "La Mirada Residences, Mactan", "lgu": "Lapu-Lapu City"}}, {"type": "Feature", "geometry": {"type": "Point", "coordinates": [123.9529129, 10.3107131]}, "properties": {"id": "ChIJRyYABcCZqTMR2kjXwuI79x8", "amenity_type": "sports_complex", "amenity": "Lamac Multipurpose Cooperative - Lapu-Lapu", "lgu": "Lapu-Lapu City"}}, {"type": "Feature", "geometry": {"type": "Point", "coordinates": [123.9258887, 10.322667]}, "properties": {"id": "ChIJwyDGHQaZqTMRyBNSQy_L2hk", "amenity_type": "park", "amenity": "Landmark Plaza", "lgu": "Lapu-Lapu City"}}, {"type": "Feature", "geometry": {"type": "Point", "coordinates": [123.9505172, 10.3106538]}, "properties": {"id": "ChIJz1_vtO2ZqTMRToldEBDiOIw", "amenity_type": "park", "amenity": "Lapu - Lapu City Public Market", "lgu": "Lapu-Lapu City"}}, {"type": "Feature", "geometry": {"type": "Point", "coordinates": [123.9508142, 10.3091669]}, "properties": {"id": "ChIJBf9gaZWZqTMRCB0_isxfYoM", "amenity_type": "sports_complex", "amenity": "Lapu Lapu Sports Complex", "lgu": "Lapu-Lapu City"}}, {"type": "Feature", "geometry": {"type": "Point", "coordinates": [123.9639483, 10.3183756]}, "properties": {"id": "ChIJ_VLFZACZqTMRW4HMbJIZ_LA", "amenity_type": "park", "amenity": "Lapu lapu city cebu", "lgu": "Lapu-Lapu City"}}, {"type": "Feature", "geometry": {"type": "Point", "coordinates": [123.9639483, 10.3183756]}, "properties": {"id": "ChIJG8Rz2f6ZqTMRLC6gsQOv6Ro", "amenity_type": "sports_complex", "amenity": "Lapu-Lapu", "lgu": "Lapu-Lapu City"}}, {"type": "Feature", "geometry": {"type": "Point", "coordinates": [123.9494018, 10.3122997]}, "properties": {"id": "ChIJo5quWr6ZqTMRRPdqpwr67sg", "amenity_type": "park", "amenity": "Lapu-Lapu City Auditorium", "lgu": "Lapu-Lapu City"}}, {"type": "Feature", "geometry": {"type": "Point", "coordinates": [123.9495067, 10.3118029]}, "properties": {"id": "ChIJiTFzSb6ZqTMR7gAbRRAArWo", "amenity_type": "park", "amenity": "Lapu-Lapu City Basketball Complex", "lgu": "Lapu-Lapu City"}}, {"type": "Feature", "geometry": {"type": "Point", "coordinates": [123.9509173, 10.3092027]}, "properties": {"id": "ChIJAQBwbJWZqTMRUIENc06_IF4", "amenity_type": "stadium", "amenity": "Lapu-Lapu City Cockfighting Arena", "lgu": "Lapu-Lapu City"}}, {"type": "Feature", "geometry": {"type": "Point", "coordinates": [123.9650923, 10.3166639]}, "properties": {"id": "ChIJk46awtqZqTMRvG3XypMjpGw", "amenity_type": "park", "amenity": "Lapu-Lapu City Hall", "lgu": "Lapu-Lapu City"}}, {"type": "Feature", "geometry": {"type": "Point", "coordinates": [123.957092, 10.3175199]}, "properties": {"id": "ChIJe1YOacaZqTMRnoLk8S08RpA", "amenity_type": "park", "amenity": "Lapu-Lapu City Senior Citizen's Park", "lgu": "Lapu-Lapu City"}}, {"type": "Feature", "geometry": {"type": "Point", "coordinates": [123.9574073, 10.3061492]}, "properties": {"id": "ChIJq4e6-uuZqTMRi4bnnW7SRZ4", "amenity_type": "park", "amenity": "Lapu-Lapu City Skate Park", "lgu": "Lapu-Lapu City"}}, {"type": "Feature", "geometry": {"type": "Point", "coordinates": [123.9614199, 10.3015218]}, "properties": {"id": "ChIJwS4vfgCZqTMRECAaOKM9b34", "amenity_type": "park", "amenity": "Lapu-Lapu Petron Lake", "lgu": "Lapu-Lapu City"}}, {"type": "Feature", "geometry": {"type": "Point", "coordinates": [123.9653599, 10.3174367]}, "properties": {"id": "ChIJBT66l9qZqTMRQpLlgNNCVWE", "amenity_type": "sports_complex", "amenity": "Lapu-lapu Sports Complex", "lgu": "Lapu-Lapu City"}}, {"type": "Feature", "geometry": {"type": "Point", "coordinates": [123.9722147, 10.2667391]}, "properties": {"id": "ChIJh9SBEgCbqTMR0LutKrJ-UI8", "amenity_type": "park", "amenity": "Lapu-lapu city", "lgu": "Lapu-Lapu City"}}, {"type": "Feature", "geometry": {"type": "Point", "coordinates": [123.950255, 10.310521]}, "properties": {"id": "ChIJd75_1r-ZqTMRj5T6Fgqji8o", "amenity_type": "park", "amenity": "Lapulapu City Public Market", "lgu": "Lapu-Lapu City"}}, {"type": "Feature", "geometry": {"type": "Point", "coordinates": [124.0152841, 10.3113842]}, "properties": {"id": "ChIJv57vuByXqTMRVxIpurXB7Vg", "amenity_type": "park", "amenity": "Lapulapu Monument", "lgu": "Lapu-Lapu City"}}, {"type": "Feature", "geometry": {"type": "Point", "coordinates": [123.966805, 10.290092]}, "properties": {"id": "ChIJn-X-iviZqTMRfmUbxUmsEQU", "amenity_type": "park", "amenity": "Larrazabal Eye - Basak", "lgu": "Lapu-Lapu City"}}, {"type": "Feature", "geometry": {"type": "Point", "coordinates": [123.956261, 10.3034557]}, "properties": {"id": "ChIJi3DEQuyZqTMR5KWWaazm3H4", "amenity_type": "sports_complex", "amenity": "Lito Inso Photography", "lgu": "Lapu-Lapu City"}}, {"type": "Feature", "geometry": {"type": "Point", "coordinates": [123.9257665, 10.31406]}, "properties": {"id": "ChIJj5w1RAuZqTMRYD5dUg_MyAk", "amenity_type": "park", "amenity": "Lucky Plaza", "lgu": "Lapu-Lapu City"}}, {"type": "Feature", "geometry": {"type": "Point", "coordinates": [123.949763, 10.3108272]}, "properties": {"id": "ChIJbaqr0r-ZqTMRnq9tkmJOmRE", "amenity_type": "park", "amenity": "Lugawan Station Public Market", "lgu": "Lapu-Lapu City"}}, {"type": "Feature", "geometry": {"type": "Point", "coordinates": [123.9640273, 10.3003812]}, "properties": {"id": "ChIJwftCX-WZqTMRqc1tiVe6dac", "amenity_type": "park", "amenity": "MEPZ2 Lagoon", "lgu": "Lapu-Lapu City"}}, {"type": "Feature", "geometry": {"type": "Point", "coordinates": [123.9431901, 10.3257377]}, "properties": {"id": "ChIJ8VUG7bKZqTMRXKxMzU2NZ1U", "amenity_type": "sports_complex", "amenity": "MMPAA (Ministry of Music and Performing Arts Academy)", "lgu": "Lapu-Lapu City"}}, {"type": "Feature", "geometry": {"type": "Point", "coordinates": [123.9638531, 10.2990463]}, "properties": {"id": "ChIJkdvJGwaaqTMR6AfeL6InXOE", "amenity_type": "park", "amenity": "Mactan", "lgu": "Lapu-Lapu City"}}, {"type": "Feature", "geometry": {"type": "Point", "coordinates": [123.9751759, 10.3153252]}, "properties": {"id": "ChIJq6qqnWKXqTMRWCtHjrQPhtQ", "amenity_type": "park", "amenity": "Mactan Airbase Aircraft Park", "lgu": "Lapu-Lapu City"}}, {"type": "Feature", "geometry": {"type": "Point", "coordinates": [123.9669585, 10.3117473]}, "properties": {"id": "ChIJa9uEXtyZqTMRlSDz3HHoz4A", "amenity_type": "sports_complex", "amenity": "Mactan Benito Ebuen Air Base athletics field", "lgu": "Lapu-Lapu City"}}, {"type": "Feature", "geometry": {"type": "Point", "coordinates": [123.993187, 10.312559]}, "properties": {"id": "ChIJF7lztW2XqTMRsUDKDIlxR38", "amenity_type": "park", "amenity": "Mactan Golden Motel - 1 Star", "lgu": "Lapu-Lapu City"}}, {"type": "Feature", "geometry": {"type": "Point", "coordinates": [123.9746534, 10.2799993]}, "properties": {"id": "ChIJ7xOu9AeaqTMR-vz595YabtY", "amenity_type": "park", "amenity": "Mactan Island Memorial Garden", "lgu": "Lapu-Lapu City"}}, {"type": "Feature", "geometry": {"type": "Point", "coordinates": [124.0174755, 10.3082854]}, "properties": {"id": "ChIJM7NtPQCXqTMRMuA7epnnWPs", "amenity_type": "park", "amenity": "Mactan Newtown Beaches", "lgu": "Lapu-Lapu City"}}, {"type": "Feature", "geometry": {"type": "Point", "coordinates": [124.013578, 10.3080385]}, "properties": {"id": "ChIJgQ7K-xuXqTMR2W6lMNY1NxA", "amenity_type": "park", "amenity": "Mactan Newtown Mrs B.", "lgu": "Lapu-Lapu City"}}, {"type": "Feature", "geometry": {"type": "Point", "coordinates": [123.9620725, 10.3173501]}, "properties": {"id": "ChIJTTWPacWZqTMRQZnjczQbgEw", "amenity_type": "sports_complex", "amenity": "Mactan Pension House, Mactan", "lgu": "Lapu-Lapu City"}}, {"type": "Feature", "geometry": {"type": "Point", "coordinates": [123.9609033, 10.3156706]}, "properties": {"id": "ChIJZZH1WMSZqTMRdbfdPzJODCc", "amenity_type": "park", "amenity": "Mactan Poona Zone", "lgu": "Lapu-Lapu City"}}, {"type": "Feature", "geometry": {"type": "Point", "coordinates": [124.0152507, 10.3108234]}, "properties": {"id": "ChIJ3xcIQNCXqTMR5QCimnAfri4", "amenity_type": "park", "amenity": "Mactan Shrine", "lgu": "Lapu-Lapu City"}}, {"type": "Feature", "geometry": {"type": "Point", "coordinates": [123.9649682, 10.2953483]}, "properties": {"id": "ChIJ4RJbzM2ZqTMRtQMbsLsf_yU", "amenity_type": "park", "amenity": "Mactan Town Center", "lgu": "Lapu-Lapu City"}}, {"type": "Feature", "geometry": {"type": "Point", "coordinates": [124.0111283, 10.305527]}, "properties": {"id": "ChIJa0deIQCXqTMRf6PmoCdLMM8", "amenity_type": "park", "amenity": "Mactan lapu-lapu city", "lgu": "Lapu-Lapu City"}}, {"type": "Feature", "geometry": {"type": "Point", "coordinates": [123.9833557, 10.3136169]}, "properties": {"id": "ChIJ3yW9O2GXqTMRwTKES0Vh0Is", "amenity_type": "park", "amenity": "Mactan-Cebu International Airport", "lgu": "Lapu-Lapu City"}}, {"type": "Feature", "geometry": {"type": "Point", "coordinates": [123.9642532, 10.2818972]}, "properties": {"id": "ChIJI_usTwCbqTMRg5F3A5UdknY", "amenity_type": "park", "amenity": "Magaam Eethu", "lgu": "Lapu-Lapu City"}}, {"type": "Feature", "geometry": {"type": "Point", "coordinates": [124.0152778, 10.3108333]}, "properties": {"id": "ChIJaWQelRyXqTMRVFOehBPdGPs", "amenity_type": "park", "amenity": "Magellan's Marker", "lgu": "Lapu-Lapu City"}}, {"type": "Feature", "geometry": {"type": "Point", "coordinates": [123.9236733, 10.3128635]}, "properties": {"id": "ChIJ2RmtHwCZqTMRujlUTWba6cA", "amenity_type": "park", "amenity": "Mahiga Creekside Park", "lgu": "Lapu-Lapu City"}}, {"type": "Feature", "geometry": {"type": "Point", "coordinates": [124.0297478, 10.3170035]}, "properties": {"id": "ChIJgZ_cTgCXqTMRRp7HO8bfFEg", "amenity_type": "park", "amenity": "Malingin Beach / Cave", "lgu": "Lapu-Lapu City"}}, {"type": "Feature", "geometry": {"type": "Point", "coordinates": [123.9384725, 10.3199756]}, "properties": {"id": "ChIJo37_OxqZqTMRhv5v7olRrTI", "amenity_type": "park", "amenity": "Mandani Bay Boardwalk", "lgu": "Lapu-Lapu City"}}, {"type": "Feature", "geometry": {"type": "Point", "coordinates": [123.9369862, 10.3206842]}, "properties": {"id": "ChIJm71kjyeZqTMRDnBGzjd8yEQ", "amenity_type": "park", "amenity": "Mandani Bay Green Promenade", "lgu": "Lapu-Lapu City"}}, {"type": "Feature", "geometry": {"type": "Point", "coordinates": [123.9370113, 10.3285048]}, "properties": {"id": "ChIJUWTCfgCZqTMRdI0d0_9nZkg", "amenity_type": "park", "amenity": "Mandaue", "lgu": "Lapu-Lapu City"}}, {"type": "Feature", "geometry": {"type": "Point", "coordinates": [123.9427271, 10.3278985]}, "properties": {"id": "ChIJ_e4MaImYqTMRcqXd9aER-ak", "amenity_type": "sports_complex", "amenity": "Mandaue", "lgu": "Lapu-Lapu City"}}, {"type": "Feature", "geometry": {"type": "Point", "coordinates": [123.9429734, 10.32746]}, "properties": {"id": "ChIJQal5Z7KZqTMRFcu9gkc0tPA", "amenity_type": "park", "amenity": "Mandaue City Garden", "lgu": "Lapu-Lapu City"}}, {"type": "Feature", "geometry": {"type": "Point", "coordinates": [123.940904, 10.324005]}, "properties": {"id": "ChIJozzwL66ZqTMRdg6VUEqoD9E", "amenity_type": "sports_complex", "amenity": "Mandaue City Sports and Cultural Complex", "lgu": "Lapu-Lapu City"}}, {"type": "Feature", "geometry": {"type": "Point", "coordinates": [123.9415054, 10.3239579]}, "properties": {"id": "ChIJvwHsLK6ZqTMRbWFIil21-6Y", "amenity_type": "sports_complex", "amenity": "Mandaue City Sports and Cultural Complex", "lgu": "Lapu-Lapu City"}}, {"type": "Feature", "geometry": {"type": "Point", "coordinates": [123.9428, 10.3277785]}, "properties": {"id": "ChIJdSLZHwCZqTMRibaqP1oi0qE", "amenity_type": "park", "amenity": "Mandaue Clock Tower", "lgu": "Lapu-Lapu City"}}, {"type": "Feature", "geometry": {"type": "Point", "coordinates": [123.9681524, 10.3396217]}, "properties": {"id": "ChIJM34kYhOZqTMRoHttA3l1wQo", "amenity_type": "park", "amenity": "Mandaue Green Learning Park", "lgu": "Lapu-Lapu City"}}, {"type": "Feature", "geometry": {"type": "Point", "coordinates": [123.9427271, 10.3278985]}, "properties": {"id": "ChIJWVqFNACZqTMRiNgLmvqWtvI", "amenity_type": "park", "amenity": "Mandaue Heritage Plaza", "lgu": "Lapu-Lapu City"}}, {"type": "Feature", "geometry": {"type": "Point", "coordinates": [123.957233, 10.3242344]}, "properties": {"id": "ChIJy3VZ4cuZqTMR98fc12JGlrs", "amenity_type": "park", "amenity": "Mangroves", "lgu": "Lapu-Lapu City"}}, {"type": "Feature", "geometry": {"type": "Point", "coordinates": [123.9913691, 10.3126554]}, "properties": {"id": "ChIJ18b_fW6XqTMR_P_RdKsV06Q", "amenity_type": "sports_complex", "amenity": "Matab-ang Sports Gym", "lgu": "Lapu-Lapu City"}}, {"type": "Feature", "geometry": {"type": "Point", "coordinates": [124.0078186, 10.3047113]}, "properties": {"id": "ChIJlz0bOj6XqTMRmDu5DKMqXpc", "amenity_type": "park", "amenity": "Mercato de Mactan Food Park", "lgu": "Lapu-Lapu City"}}, {"type": "Feature", "geometry": {"type": "Point", "coordinates": [123.952057, 10.3109439]}, "properties": {"id": "ChIJ8agc8r-ZqTMRv0p1JOUSKA0", "amenity_type": "sports_complex", "amenity": "Mercury Drug - Lapu-Lapu City G. Y. Dela Serna", "lgu": "Lapu-Lapu City"}}, {"type": "Feature", "geometry": {"type": "Point", "coordinates": [123.9501787, 10.3108053]}, "properties": {"id": "ChIJEefh0b-ZqTMRKQ_T2upKQI0", "amenity_type": "park", "amenity": "Merkado sa Opon", "lgu": "Lapu-Lapu City"}}, {"type": "Feature", "geometry": {"type": "Point", "coordinates": [123.9680938, 10.3248934]}, "properties": {"id": "ChIJAVOSl9OZqTMRKFuj71JIJUI", "amenity_type": "park", "amenity": "Millennium Park", "lgu": "Lapu-Lapu City"}}, {"type": "Feature", "geometry": {"type": "Point", "coordinates": [123.9619804, 10.2832678]}, "properties": {"id": "ChIJ__9vERuaqTMRqLAYrDyCywU", "amenity_type": "park", "amenity": "Mini-Park", "lgu": "Lapu-Lapu City"}}, {"type": "Feature", "geometry": {"type": "Point", "coordinates": [123.9479973, 10.3135342]}, "properties": {"id": "ChIJIdbRi76ZqTMR2Mt9lKRBZiw", "amenity_type": "park", "amenity": "Muelle Osmeña Lighthouse", "lgu": "Lapu-Lapu City"}}, {"type": "Feature", "geometry": {"type": "Point", "coordinates": [124.0025596, 10.2907942]}, "properties": {"id": "ChIJIZLltTaXqTMRjNudtnMHSx4", "amenity_type": "park", "amenity": "Mundo Island", "lgu": "Lapu-Lapu City"}}, {"type": "Feature", "geometry": {"type": "Point", "coordinates": [124.0234039, 10.3105249]}, "properties": {"id": "ChIJy_ZIRuOWqTMRtd9KZoBMn3A", "amenity_type": "park", "amenity": "Mövenpick Cebu", "lgu": "Lapu-Lapu City"}}, {"type": "Feature", "geometry": {"type": "Point", "coordinates": [123.9483908, 10.3121385]}, "properties": {"id": "ChIJVVWlab6ZqTMRr8A0KHTqaiE", "amenity_type": "park", "amenity": "NSDR Park", "lgu": "Lapu-Lapu City"}}, {"type": "Feature", "geometry": {"type": "Point", "coordinates": [123.944267, 10.324202]}, "properties": {"id": "ChIJe1kUoLGZqTMRglgFjAiroPo", "amenity_type": "park", "amenity": "Norkis Park", "lgu": "Lapu-Lapu City"}}, {"type": "Feature", "geometry": {"type": "Point", "coordinates": [124.0174755, 10.3082854]}, "properties": {"id": "ChIJk9uvKwCXqTMRKcwSsXi4790", "amenity_type": "park", "amenity": "OBS4L", "lgu": "Lapu-Lapu City"}}, {"type": "Feature", "geometry": {"type": "Point", "coordinates": [123.9790727, 10.2823276]}, "properties": {"id": "ChIJ6w37Tb6ZqTMRV2RPOJPvLYI", "amenity_type": "park", "amenity": "OYO 693 Titan Residence Mactan", "lgu": "Lapu-Lapu City"}}, {"type": "Feature", "geometry": {"type": "Point", "coordinates": [123.9703044, 10.2864632]}, "properties": {"id": "ChIJ63JgnAGaqTMRrUprrN9TYt0", "amenity_type": "park", "amenity": "Ocean Jet - Skyliner Mactan", "lgu": "Lapu-Lapu City"}}, {"type": "Feature", "geometry": {"type": "Point", "coordinates": [123.9633829, 10.3140523]}, "properties": {"id": "ChIJfYf4scSZqTMRB3ADn0aExnE", "amenity_type": "park", "amenity": "Old Street Plaza", "lgu": "Lapu-Lapu City"}}, {"type": "Feature", "geometry": {"type": "Point", "coordinates": [124.0085437, 10.2897676]}, "properties": {"id": "ChIJl2IaIDGXqTMRHJ4rAKwGnp4", "amenity_type": "park", "amenity": "Old Tambuli", "lgu": "Lapu-Lapu City"}}, {"type": "Feature", "geometry": {"type": "Point", "coordinates": [123.948828, 10.312909]}, "properties": {"id": "ChIJKcvq9b6ZqTMRZ26pBgsoNUM", "amenity_type": "park", "amenity": "Opon Plaza", "lgu": "Lapu-Lapu City"}}, {"type": "Feature", "geometry": {"type": "Point", "coordinates": [123.9717875, 10.2775247]}, "properties": {"id": "ChIJvwPEKQaaqTMR9JrKgDTHxu0", "amenity_type": "park", "amenity": "Orchard Forest", "lgu": "Lapu-Lapu City"}}, {"type": "Feature", "geometry": {"type": "Point", "coordinates": [123.9526813, 10.3064515]}, "properties": {"id": "ChIJn9q3tJSZqTMRpJK6U0M43SA", "amenity_type": "sports_complex", "amenity": "PEREZ GO CIMAFRANCA AVANZADO and Associates", "lgu": "Lapu-Lapu City"}}, {"type": "Feature", "geometry": {"type": "Point", "coordinates": [123.9604066, 10.3017089]}, "properties": {"id": "ChIJAxEWAQCZqTMRpE7Zt4irrNc", "amenity_type": "park", "amenity": "Pacific Grande Residence Entrance Gate", "lgu": "Lapu-Lapu City"}}, {"type": "Feature", "geometry": {"type": "Point", "coordinates": [123.9857319, 10.2992891]}, "properties": {"id": "ChIJtz5Q1FqXqTMR9XZFglxv_x0", "amenity_type": "park", "amenity": "Pacific Villa 1 Park", "lgu": "Lapu-Lapu City"}}, {"type": "Feature", "geometry": {"type": "Point", "coordinates": [123.9853653, 10.2989811]}, "properties": {"id": "ChIJ03NuKFuXqTMRJ2hKQPOG7zQ", "amenity_type": "park", "amenity": "Pacific Villa Lagoon", "lgu": "Lapu-Lapu City"}}, {"type": "Feature", "geometry": {"type": "Point", "coordinates": [123.9511514, 10.310735]}, "properties": {"id": "ChIJ4Qkp3b-ZqTMRLJV10bFy29U", "amenity_type": "sports_complex", "amenity": "Pacifica Agrivet Supplies", "lgu": "Lapu-Lapu City"}}, {"type": "Feature", "geometry": {"type": "Point", "coordinates": [123.949346, 10.3113816]}, "properties": {"id": "ChIJq38WN76ZqTMRwVxLu0HpFlQ", "amenity_type": "sports_complex", "amenity": "Pacifica Agrivet Supplies Inc. - Lapulapu-Osmena", "lgu": "Lapu-Lapu City"}}, {"type": "Feature", "geometry": {"type": "Point", "coordinates": [124.0413239, 10.2192317]}, "properties": {"id": "ChIJU_Wu28GRqTMRkAid9vdewsI", "amenity_type": "sports_complex", "amenity": "Pangan-an Island Sports Complex", "lgu": "Lapu-Lapu City"}}, {"type": "Feature", "geometry": {"type": "Point", "coordinates": [123.9423737, 10.2722241]}, "properties": {"id": "ChIJ4_GF7EeaqTMReQZDDsqESuY", "amenity_type": "park", "amenity": "Park Place Cebu", "lgu": "Lapu-Lapu City"}}, {"type": "Feature", "geometry": {"type": "Point", "coordinates": [123.993223, 10.2968756]}, "properties": {"id": "ChIJsyeF4PiXqTMRSmJm2wKli5A", "amenity_type": "park", "amenity": "Park at Sevilla Extension", "lgu": "Lapu-Lapu City"}}, {"type": "Feature", "geometry": {"type": "Point", "coordinates": [123.9890666, 10.2801016]}, "properties": {"id": "ChIJnwcoCrGQqTMRILJKAxY_TdI", "amenity_type": "park", "amenity": "Pawod Dako", "lgu": "Lapu-Lapu City"}}, {"type": "Feature", "geometry": {"type": "Point", "coordinates": [123.9841627, 10.2600645]}, "properties": {"id": "ChIJ3TdOawCRqTMR4xqylC5mDjU", "amenity_type": "park", "amenity": "Payag ni Master EGA", "lgu": "Lapu-Lapu City"}}, {"type": "Feature", "geometry": {"type": "Point", "coordinates": [123.9801927, 10.2574836]}, "properties": {"id": "ChIJ3860ua6RqTMRf0bHYOMm8s8", "amenity_type": "park", "amenity": "Phercris Beach", "lgu": "Lapu-Lapu City"}}, {"type": "Feature", "geometry": {"type": "Point", "coordinates": [123.9522307, 10.3267278]}, "properties": {"id": "ChIJQ3xGVcWYqTMRwu95T6jjGbA", "amenity_type": "sports_complex", "amenity": "Philippine Spring Water Resources, Inc.", "lgu": "Lapu-Lapu City"}}, {"type": "Feature", "geometry": {"type": "Point", "coordinates": [124.014848, 10.3105856]}, "properties": {"id": "ChIJt_5QkByXqTMRrvG56vOEdrY", "amenity_type": "park", "amenity": "Plaza Magellan", "lgu": "Lapu-Lapu City"}}, {"type": "Feature", "geometry": {"type": "Point", "coordinates": [123.9769196, 10.3128778]}, "properties": {"id": "ChIJr7pWmuyXqTMRYlcgf110xTQ", "amenity_type": "park", "amenity": "Plaza Premium Lounge (International Departures, Terminal 2)", "lgu": "Lapu-Lapu City"}}, {"type": "Feature", "geometry": {"type": "Point", "coordinates": [123.9790242, 10.3157313]}, "properties": {"id": "ChIJ00-4G2OXqTMReqBgUsTlsBU", "amenity_type": "park", "amenity": "Plaza Premium Lounge Cebu (Domestic Departures, Terminal 1)", "lgu": "Lapu-Lapu City"}}, {"type": "Feature", "geometry": {"type": "Point", "coordinates": [123.9490241, 10.3126637]}, "properties": {"id": "ChIJ4bEIWb6ZqTMRFS8ArYDXz6Q", "amenity_type": "park", "amenity": "Plaza Rizal", "lgu": "Lapu-Lapu City"}}, {"type": "Feature", "geometry": {"type": "Point", "coordinates": [123.977276, 10.2947653]}, "properties": {"id": "ChIJEwxxPACXqTMRH5tFTArZ_dY", "amenity_type": "park", "amenity": "Plumera Clubhouse", "lgu": "Lapu-Lapu City"}}, {"type": "Feature", "geometry": {"type": "Point", "coordinates": [123.9954935, 10.2825932]}, "properties": {"id": "ChIJNZqxvFmRqTMR_EhxLQPaxgw", "amenity_type": "park", "amenity": "Pororo Park", "lgu": "Lapu-Lapu City"}}, {"type": "Feature", "geometry": {"type": "Point", "coordinates": [123.9841478, 10.2967077]}, "properties": {"id": "ChIJd0wmp9SXqTMRqvIttsPkT4o", "amenity_type": "park", "amenity": "Primark Center Mactan", "lgu": "Lapu-Lapu City"}}, {"type": "Feature", "geometry": {"type": "Point", "coordinates": [123.9420763, 10.2722332]}, "properties": {"id": "ChIJb4hYy--bqTMRx7fYEipv4u8", "amenity_type": "park", "amenity": "Pueblo De Oro Traffic Circle", "lgu": "Lapu-Lapu City"}}, {"type": "Feature", "geometry": {"type": "Point", "coordinates": [123.9722147, 10.3197437]}, "properties": {"id": "ChIJD0B6XQCZqTMRUUw0y7OI5Mg", "amenity_type": "park", "amenity": "Pusok", "lgu": "Lapu-Lapu City"}}, {"type": "Feature", "geometry": {"type": "Point", "coordinates": [123.9510738, 10.3107057]}, "properties": {"id": "ChIJP-HBcQCZqTMRzlD5zi1pjG4", "amenity_type": "park", "amenity": "QUINN ALORA BODY & FOOT MASSAGE SERVICES", "lgu": "Lapu-Lapu City"}}, {"type": "Feature", "geometry": {"type": "Point", "coordinates": [123.9840579, 10.2817213]}, "properties": {"id": "ChIJUeRMXgCRqTMR31di3_uoxE4", "amenity_type": "sports_complex", "amenity": "RK Sports Center", "lgu": "Lapu-Lapu City"}}, {"type": "Feature", "geometry": {"type": "Point", "coordinates": [123.9499047, 10.310074]}, "properties": {"id": "ChIJ1bY2nZWZqTMRW9taQIFIS5Q", "amenity_type": "park", "amenity": "Radaza Plaza", "lgu": "Lapu-Lapu City"}}, {"type": "Feature", "geometry": {"type": "Point", "coordinates": [123.9592804, 10.3095755]}, "properties": {"id": "ChIJNx0xBcKZqTMRry9XfsPIzRQ", "amenity_type": "sports_complex", "amenity": "RedDoorz @ Express Inn Lapu Lapu", "lgu": "Lapu-Lapu City"}}, {"type": "Feature", "geometry": {"type": "Point", "coordinates": [123.9656888, 10.28456]}, "properties": {"id": "ChIJy4u3YwOaqTMR0MrLLbM5BOY", "amenity_type": "park", "amenity": "RedDoorz near Shopwise Basak-Sudtunggan Lapu Lapu", "lgu": "Lapu-Lapu City"}}, {"type": "Feature", "geometry": {"type": "Point", "coordinates": [123.9404358, 10.3336781]}, "properties": {"id": "ChIJJ0WlLwCZqTMRyfGWZdH_IME", "amenity_type": "park", "amenity": "Renante", "lgu": "Lapu-Lapu City"}}, {"type": "Feature", "geometry": {"type": "Point", "coordinates": [123.9426436, 10.3314163]}, "properties": {"id": "ChIJe3JgCQCZqTMRKm7uQC7gUGI", "amenity_type": "park", "amenity": "Renante", "lgu": "Lapu-Lapu City"}}, {"type": "Feature", "geometry": {"type": "Point", "coordinates": [123.9364424, 10.2825892]}, "properties": {"id": "ChIJMcrz7webqTMR1vXJ35QHzfw", "amenity_type": "park", "amenity": "Renante's Plant Stands", "lgu": "Lapu-Lapu City"}}, {"type": "Feature", "geometry": {"type": "Point", "coordinates": [123.942532, 10.3268039]}, "properties": {"id": "ChIJWfVpE7KZqTMRgotVcw-5af4", "amenity_type": "park", "amenity": "Rizal & Bonifacio Memorial", "lgu": "Lapu-Lapu City"}}, {"type": "Feature", "geometry": {"type": "Point", "coordinates": [123.9428629, 10.3049815]}, "properties": {"id": "ChIJ-QVYDQCZqTMRmPznKv04HK0", "amenity_type": "park", "amenity": "SK956 Pet Area", "lgu": "Lapu-Lapu City"}}, {"type": "Feature", "geometry": {"type": "Point", "coordinates": [124.0343142, 10.2577564]}, "properties": {"id": "ChIJ01nhxBaRqTMRdk9jdAckOkw", "amenity_type": "sports_complex", "amenity": "San Vicente Sports Complex", "lgu": "Lapu-Lapu City"}}, {"type": "Feature", "geometry": {"type": "Point", "coordinates": [124.0473684, 10.2661899]}, "properties": {"id": "ChIJmzMToEaRqTMR1286lF-6b90", "amenity_type": "sports_complex", "amenity": "Santa Rosa Sports Complex", "lgu": "Lapu-Lapu City"}}, {"type": "Feature", "geometry": {"type": "Point", "coordinates": [124.0290369, 10.3217281]}, "properties": {"id": "ChIJG89ReUOXqTMRZnQhvjvmGck", "amenity_type": "park", "amenity": "Santorini Ocean View Deck", "lgu": "Lapu-Lapu City"}}, {"type": "Feature", "geometry": {"type": "Point", "coordinates": [123.9826803, 10.2630113]}, "properties": {"id": "ChIJaQ6L15uQqTMRyK3Nnsik7DQ", "amenity_type": "park", "amenity": "Savannah Park", "lgu": "Lapu-Lapu City"}}, {"type": "Feature", "geometry": {"type": "Point", "coordinates": [124.0200301, 10.3081301]}, "properties": {"id": "ChIJK3Gx-OGWqTMROX_qKq-4KGs", "amenity_type": "park", "amenity": "Shangri-La Mactan, Cebu", "lgu": "Lapu-Lapu City"}}, {"type": "Feature", "geometry": {"type": "Point", "coordinates": [124.0218382, 10.3069578]}, "properties": {"id": "ChIJ4XlctOqXqTMRT0YZ6e5O1Vc", "amenity_type": "park", "amenity": "Shangri-la Beach side", "lgu": "Lapu-Lapu City"}}, {"type": "Feature", "geometry": {"type": "Point", "coordinates": [123.952517, 10.310591]}, "properties": {"id": "ChIJlZ7N-b-ZqTMRnBy8j7EGTUw", "amenity_type": "sports_complex", "amenity": "Sikatuna Security Agency Inc.", "lgu": "Lapu-Lapu City"}}, {"type": "Feature", "geometry": {"type": "Point", "coordinates": [124.0262121, 10.3146431]}, "properties": {"id": "ChIJ_8ZHLwCXqTMRqCPras46QlQ", "amenity_type": "park", "amenity": "Sitio Bout Public Access to Public Beach", "lgu": "Lapu-Lapu City"}}, {"type": "Feature", "geometry": {"type": "Point", "coordinates": [123.9537227, 10.3015581]}, "properties": {"id": "ChIJL1N5DgCZqTMR59e0-kiFLrw", "amenity_type": "park", "amenity": "Smokey Mountain", "lgu": "Lapu-Lapu City"}}, {"type": "Feature", "geometry": {"type": "Point", "coordinates": [123.9720313, 10.2796974]}, "properties": {"id": "ChIJdxghLwaaqTMRG-7HXLpDraA", "amenity_type": "park", "amenity": "Soltana Nature Residences", "lgu": "Lapu-Lapu City"}}, {"type": "Feature", "geometry": {"type": "Point", "coordinates": [123.950929, 10.312242]}, "properties": {"id": "ChIJT6pzpL-ZqTMRW2fznwJeI24", "amenity_type": "sports_complex", "amenity": "Southwings", "lgu": "Lapu-Lapu City"}}, {"type": "Feature", "geometry": {"type": "Point", "coordinates": [123.9703703, 10.2551012]}, "properties": {"id": "ChIJIcZcTHmaqTMRGucL2_tRCFs", "amenity_type": "park", "amenity": "Suba-Basbas Public Beach", "lgu": "Lapu-Lapu City"}}, {"type": "Feature", "geometry": {"type": "Point", "coordinates": [123.9685781, 10.2864791]}, "properties": {"id": "ChIJI-E2zQOaqTMRhldzhvPUTnY", "amenity_type": "park", "amenity": "Sudtunggan Tailoring", "lgu": "Lapu-Lapu City"}}, {"type": "Feature", "geometry": {"type": "Point", "coordinates": [124.0248225, 10.3133864]}, "properties": {"id": "ChIJgzFupweXqTMR7iZtP4-I_JI", "amenity_type": "park", "amenity": "Sugar babe (The Beach House) Punta", "lgu": "Lapu-Lapu City"}}, {"type": "Feature", "geometry": {"type": "Point", "coordinates": [123.954459, 10.3116919]}, "properties": {"id": "ChIJoxCvXMCZqTMRYBBe6bfFu7Q", "amenity_type": "sports_complex", "amenity": "Sun Gold Furniture", "lgu": "Lapu-Lapu City"}}, {"type": "Feature", "geometry": {"type": "Point", "coordinates": [123.9827296, 10.3276921]}, "properties": {"id": "ChIJfysP_zKXqTMRabEOgXsoch4", "amenity_type": "park", "amenity": "TPM Park Onsemi", "lgu": "Lapu-Lapu City"}}, {"type": "Feature", "geometry": {"type": "Point", "coordinates": [124.0038135, 10.3163835]}, "properties": {"id": "ChIJbQhFTmGXqTMRukT6ricaofU", "amenity_type": "park", "amenity": "Tambayan sa mangroves", "lgu": "Lapu-Lapu City"}}, {"type": "Feature", "geometry": {"type": "Point", "coordinates": [123.9631936, 10.288572]}, "properties": {"id": "ChIJQ3xGVcWYqTMR5-hSUadTV_M", "amenity_type": "park", "amenity": "Teradyne Philippines Limited", "lgu": "Lapu-Lapu City"}}, {"type": "Feature", "geometry": {"type": "Point", "coordinates": [123.9955291, 10.2793503]}, "properties": {"id": "ChIJZ0_5Q7aQqTMR5Ky1xkCr4Pg", "amenity_type": "park", "amenity": "The Beach Park Hadsan by Hiverooms", "lgu": "Lapu-Lapu City"}}, {"type": "Feature", "geometry": {"type": "Point", "coordinates": [123.9948348, 10.2788644]}, "properties": {"id": "ChIJtwZmULaQqTMRmNUsD4eh4PI", "amenity_type": "park", "amenity": "The Beach Park-Hadsan", "lgu": "Lapu-Lapu City"}}, {"type": "Feature", "geometry": {"type": "Point", "coordinates": [124.0132362, 10.3078943]}, "properties": {"id": "ChIJ35410xuXqTMRfG7LlzOmTys", "amenity_type": "park", "amenity": "The Mactan Newtown", "lgu": "Lapu-Lapu City"}}, {"type": "Feature", "geometry": {"type": "Point", "coordinates": [124.0193458, 10.3035254]}, "properties": {"id": "ChIJW619zx-XqTMRT1yPdbXw78A", "amenity_type": "park", "amenity": "The Mactan Newtown Beach", "lgu": "Lapu-Lapu City"}}, {"type": "Feature", "geometry": {"type": "Point", "coordinates": [123.9951407, 10.2833833]}, "properties": {"id": "ChIJUd7GB7WQqTMR0LYNDmumjE8", "amenity_type": "park", "amenity": "The Palace Casino Cebu", "lgu": "Lapu-Lapu City"}}, {"type": "Feature", "geometry": {"type": "Point", "coordinates": [123.9387038, 10.3221925]}, "properties": {"id": "ChIJnWV0YQCZqTMRsi1L6h8znrg", "amenity_type": "park", "amenity": "The Park at Mandani Bay", "lgu": "Lapu-Lapu City"}}, {"type": "Feature", "geometry": {"type": "Point", "coordinates": [123.9601139, 10.3158836]}, "properties": {"id": "ChIJp3mtgNmZqTMRS1Eph6uUt9w", "amenity_type": "sports_complex", "amenity": "The Stopover Hostel - Mactan", "lgu": "Lapu-Lapu City"}}, {"type": "Feature", "geometry": {"type": "Point", "coordinates": [123.9861095, 10.2632145]}, "properties": {"id": "ChIJp_Zn_ZmQqTMRlmi_WfwGL6k", "amenity_type": "park", "amenity": "Tonggo Beach", "lgu": "Lapu-Lapu City"}}, {"type": "Feature", "geometry": {"type": "Point", "coordinates": [123.986118, 10.263534]}, "properties": {"id": "ChIJlSkM4pmQqTMRqUJCUtPnWB8", "amenity_type": "park", "amenity": "Tonggo Beach Original", "lgu": "Lapu-Lapu City"}}, {"type": "Feature", "geometry": {"type": "Point", "coordinates": [124.0150951, 10.3078837]}, "properties": {"id": "ChIJIyGDGRyXqTMRZJgH4HF2fb0", "amenity_type": "park", "amenity": "Tower 1 Plaza Magellan", "lgu": "Lapu-Lapu City"}}, {"type": "Feature", "geometry": {"type": "Point", "coordinates": [123.9354299, 10.3310823]}, "properties": {"id": "ChIJgdw4-pOZqTMRrfTMXs7yyQM", "amenity_type": "park", "amenity": "Travel tour guide", "lgu": "Lapu-Lapu City"}}, {"type": "Feature", "geometry": {"type": "Point", "coordinates": [123.9652046, 10.3286976]}, "properties": {"id": "ChIJhTHftdKZqTMRk50DqWwQSwU", "amenity_type": "park", "amenity": "Umapad Brgy. Park", "lgu": "Lapu-Lapu City"}}, {"type": "Feature", "geometry": {"type": "Point", "coordinates": [123.9841978, 10.260274]}, "properties": {"id": "ChIJ_e8i95qQqTMRG0k2tgaKzFw", "amenity_type": "park", "amenity": "Uncle Mike's", "lgu": "Lapu-Lapu City"}}, {"type": "Feature", "geometry": {"type": "Point", "coordinates": [123.9514125, 10.3111409]}, "properties": {"id": "ChIJ70v0wL-ZqTMRoUX8yrpvC4M", "amenity_type": "park", "amenity": "Unitop", "lgu": "Lapu-Lapu City"}}, {"type": "Feature", "geometry": {"type": "Point", "coordinates": [123.9520062, 10.3131034]}, "properties": {"id": "ChIJjbZjUwCZqTMRCtPQIOejBAI", "amenity_type": "park", "amenity": "Upper Lapu-lapu Falls", "lgu": "Lapu-Lapu City"}}, {"type": "Feature", "geometry": {"type": "Point", "coordinates": [124.0188378, 10.3102359]}, "properties": {"id": "ChIJA7kaWQCXqTMRGYRE3rFrADs", "amenity_type": "park", "amenity": "VIKING HOPPING TRAVEL AND TOURS", "lgu": "Lapu-Lapu City"}}, {"type": "Feature", "geometry": {"type": "Point", "coordinates": [124.0180972, 10.3062607]}, "properties": {"id": "ChIJLVIjJgCXqTMRRan6yoEwxQw", "amenity_type": "park", "amenity": "Venue for events near Mactan beach", "lgu": "Lapu-Lapu City"}}, {"type": "Feature", "geometry": {"type": "Point", "coordinates": [123.9737819, 10.2829916]}, "properties": {"id": "ChIJ1YWhewCaqTMRR8MxJICOXC0", "amenity_type": "park", "amenity": "Villas Magallanes Club House", "lgu": "Lapu-Lapu City"}}, {"type": "Feature", "geometry": {"type": "Point", "coordinates": [123.9486111, 10.3125]}, "properties": {"id": "ChIJKaKxab6ZqTMR2ATZPLtq2S0", "amenity_type": "park", "amenity": "Virgen de la Regla National Shrine", "lgu": "Lapu-Lapu City"}}, {"type": "Feature", "geometry": {"type": "Point", "coordinates": [123.9434159, 10.3288241]}, "properties": {"id": "ChIJJWY-z7KZqTMRs6uWUBL5M_g", "amenity_type": "sports_complex", "amenity": "Virgo Financing Corporation", "lgu": "Lapu-Lapu City"}}, {"type": "Feature", "geometry": {"type": "Point", "coordinates": [124.0325479, 10.3210925]}, "properties": {"id": "ChIJvbvaAQCXqTMR5PI_dkbD8MQ", "amenity_type": "park", "amenity": "Waiting Shed sa Lupa", "lgu": "Lapu-Lapu City"}}, {"type": "Feature", "geometry": {"type": "Point", "coordinates": [123.9649371, 10.2969274]}, "properties": {"id": "ChIJ_18XrSGZqTMRi4VhGOH0EI4", "amenity_type": "park", "amenity": "Watever KTV", "lgu": "Lapu-Lapu City"}}, {"type": "Feature", "geometry": {"type": "Point", "coordinates": [123.9628968, 10.316721]}, "properties": {"id": "ChIJpckUO8WZqTMRVF5Qy6BLMwo", "amenity_type": "sports_complex", "amenity": "Wellcom Telecom Supermarket - Gaisano Mactan", "lgu": "Lapu-Lapu City"}}, {"type": "Feature", "geometry": {"type": "Point", "coordinates": [123.950463, 10.311684]}, "properties": {"id": "ChIJ4eQbt7-ZqTMRkq6GnepoH60", "amenity_type": "sports_complex", "amenity": "Western Union", "lgu": "Lapu-Lapu City"}}, {"type": "Feature", "geometry": {"type": "Point", "coordinates": [123.9703044, 10.2864632]}, "properties": {"id": "ChIJ63JgnAGaqTMRQUlTBVKEZV4", "amenity_type": "park", "amenity": "Western Union", "lgu": "Lapu-Lapu City"}}, {"type": "Feature", "geometry": {"type": "Point", "coordinates": [123.9528991, 10.3106813]}, "properties": {"id": "ChIJFTvACMCZqTMRmIRpO1JltpU", "amenity_type": "park", "amenity": "Western Union", "lgu": "Lapu-Lapu City"}}, {"type": "Feature", "geometry": {"type": "Point", "coordinates": [123.9431475, 10.3275549]}, "properties": {"id": "ChIJO2JNXrKZqTMRjA8VGhSNXAI", "amenity_type": "sports_complex", "amenity": "Western Union", "lgu": "Lapu-Lapu City"}}, {"type": "Feature", "geometry": {"type": "Point", "coordinates": [123.9496635, 10.3102125]}, "properties": {"id": "ChIJmWzzNL6ZqTMRYRg7euLN8Tc", "amenity_type": "sports_complex", "amenity": "Western Union", "lgu": "Lapu-Lapu City"}}, {"type": "Feature", "geometry": {"type": "Point", "coordinates": [123.9495509, 10.3110848]}, "properties": {"id": "ChIJkXaQbZWZqTMRknc6Ra7uj6s", "amenity_type": "sports_complex", "amenity": "Western Union - Exquisite Pawnshops and Jewelry-Osmena", "lgu": "Lapu-Lapu City"}}, {"type": "Feature", "geometry": {"type": "Point", "coordinates": [123.950259, 10.310014]}, "properties": {"id": "ChIJLR-qfpWZqTMRhOKY4071dio", "amenity_type": "sports_complex", "amenity": "Western Union - Prime Asia Pawn and Jewelry Shop, Inc.-Gun-ob", "lgu": "Lapu-Lapu City"}}, {"type": "Feature", "geometry": {"type": "Point", "coordinates": [123.94066, 10.284856]}, "properties": {"id": "ChIJIyyfnS-aqTMRiXYDJZ3aaRU", "amenity_type": "park", "amenity": "Zone Lato", "lgu": "Lapu-Lapu City"}}, {"type": "Feature", "geometry": {"type": "Point", "coordinates": [123.9389958, 10.3235035]}, "properties": {"id": "ChIJfV9jeHiZqTMRDCIWZn7arNM", "amenity_type": "sports_complex", "amenity": "choi sports center", "lgu": "Lapu-Lapu City"}}, {"type": "Feature", "geometry": {"type": "Point", "coordinates": [124.0123147, 10.3134732]}, "properties": {"id": "ChIJT0mUBWeXqTMRaV4UrZSCecI", "amenity_type": "park", "amenity": "isla noah", "lgu": "Lapu-Lapu City"}}, {"type": "Feature", "geometry": {"type": "Point", "coordinates": [123.9777887, 10.2757142]}, "properties": {"id": "ChIJ8Yg6GQCRqTMRXpyEGroMt4U", "amenity_type": "park", "amenity": "marigondon beach port", "lgu": "Lapu-Lapu City"}}, {"type": "Feature", "geometry": {"type": "Point", "coordinates": [124.0059005, 10.2881416]}, "properties": {"id": "ChIJ3X8wsLmXqTMRnDw289-nn6U", "amenity_type": "park", "amenity": "skuldive", "lgu": "Lapu-Lapu City"}}, {"type": "Feature", "geometry": {"type": "Point", "coordinates": [123.9151604, 10.3418219]}, "properties": {"id": "ChIJOSa75-WYqTMRdDLt6NUslos", "amenity_type": "sports_complex", "amenity": "(DENR) Environmental Management Bureau - Region 7 (Central Visayas), Mandaue City, Cebu", "lgu": "Mandaue City"}}, {"type": "Feature", "geometry": {"type": "Point", "coordinates": [123.9266295, 10.3866096]}, "properties": {"id": "ChIJKwaEfQCjqTMRa0Vh5HfR0oc", "amenity_type": "park", "amenity": "360 view deck", "lgu": "Mandaue City"}}, {"type": "Feature", "geometry": {"type": "Point", "coordinates": [123.9205004, 10.3408664]}, "properties": {"id": "ChIJX9Xoq1SYqTMRodKXtK7RGFE", "amenity_type": "sports_complex", "amenity": "856 G Gallery", "lgu": "Mandaue City"}}, {"type": "Feature", "geometry": {"type": "Point", "coordinates": [123.9262776, 10.324672]}, "properties": {"id": "ChIJC-LSBQmZqTMRVQilKJwcxE0", "amenity_type": "park", "amenity": "ANGEL LOVE HENRY", "lgu": "Mandaue City"}}, {"type": "Feature", "geometry": {"type": "Point", "coordinates": [123.9219854, 10.3276021]}, "properties": {"id": "ChIJo0FUhwSZqTMR4EsAV9Vv4NY", "amenity_type": "sports_complex", "amenity": "Alpa City Suites", "lgu": "Mandaue City"}}, {"type": "Feature", "geometry": {"type": "Point", "coordinates": [123.9570442, 10.3516371]}, "properties": {"id": "ChIJ28RVj_aZqTMRWgRBaffiqWA", "amenity_type": "sports_complex", "amenity": "Amadeo Sports Center", "lgu": "Mandaue City"}}, {"type": "Feature", "geometry": {"type": "Point", "coordinates": [123.913, 10.3376]}, "properties": {"id": "ChIJD7j7Z-GYqTMR_jzqmiP1yps", "amenity_type": "sports_complex", "amenity": "Amuse Foods, Inc.", "lgu": "Mandaue City"}}, {"type": "Feature", "geometry": {"type": "Point", "coordinates": [123.9280191, 10.3643521]}, "properties": {"id": "ChIJJbfd4lSYqTMRS3ATC-Ydt6k", "amenity_type": "park", "amenity": "Angelicum Garden of Angels", "lgu": "Mandaue City"}}, {"type": "Feature", "geometry": {"type": "Point", "coordinates": [123.9224259, 10.3401009]}, "properties": {"id": "ChIJs0F4UlSYqTMRnEX0ZAGlyOM", "amenity_type": "sports_complex", "amenity": "Azcor Lighting Systems", "lgu": "Mandaue City"}}, {"type": "Feature", "geometry": {"type": "Point", "coordinates": [123.9192138, 10.3414155]}, "properties": {"id": "ChIJ--yBR-WYqTMRUikgItWdB_w", "amenity_type": "sports_complex", "amenity": "BDO ATM - Cebu – A.S. Fortuna", "lgu": "Mandaue City"}}, {"type": "Feature", "geometry": {"type": "Point", "coordinates": [123.9410403, 10.3671665]}, "properties": {"id": "ChIJCReKflSjqTMRHDE8yUSQhZ4", "amenity_type": "park", "amenity": "Bamboo Green", "lgu": "Mandaue City"}}, {"type": "Feature", "geometry": {"type": "Point", "coordinates": [123.9201486, 10.3412435]}, "properties": {"id": "ChIJ0ScxxPqYqTMRq6KD4eqUonI", "amenity_type": "sports_complex", "amenity": "Business Walls", "lgu": "Mandaue City"}}, {"type": "Feature", "geometry": {"type": "Point", "coordinates": [123.9442798, 10.3350977]}, "properties": {"id": "ChIJifIgX8SZqTMRx8U5p-mTMz0", "amenity_type": "park", "amenity": "Butuanon River View Deck", "lgu": "Mandaue City"}}, {"type": "Feature", "geometry": {"type": "Point", "coordinates": [123.923538, 10.340199]}, "properties": {"id": "ChIJCVS5NfqYqTMR0_chCxQncSc", "amenity_type": "sports_complex", "amenity": "CSi Studios", "lgu": "Mandaue City"}}, {"type": "Feature", "geometry": {"type": "Point", "coordinates": [123.916974, 10.326377]}, "properties": {"id": "ChIJP-hfAhuZqTMRF-5IGYNEKCg", "amenity_type": "park", "amenity": "Cacao Garden", "lgu": "Mandaue City"}}, {"type": "Feature", "geometry": {"type": "Point", "coordinates": [123.9159676, 10.3433182]}, "properties": {"id": "ChIJ-TmDee-YqTMRU_dG5PPYRC8", "amenity_type": "sports_complex", "amenity": "Cebu Home and Builders Centre", "lgu": "Mandaue City"}}, {"type": "Feature", "geometry": {"type": "Point", "coordinates": [123.9165082, 10.3389405]}, "properties": {"id": "ChIJHzm1fOSYqTMRC7axYsoc5cY", "amenity_type": "park", "amenity": "Cebu Memorial Park", "lgu": "Mandaue City"}}, {"type": "Feature", "geometry": {"type": "Point", "coordinates": [123.9330001, 10.346599]}, "properties": {"id": "ChIJX59xSgCZqTMRcUFrJJK0lrk", "amenity_type": "sports_complex", "amenity": "Cebu Sports Hub", "lgu": "Mandaue City"}}, {"type": "Feature", "geometry": {"type": "Point", "coordinates": [123.9163972, 10.3375629]}, "properties": {"id": "ChIJQ3xGVcWYqTMRQwxN8cHdmzg", "amenity_type": "sports_complex", "amenity": "Coast Pacific Manufacturing Corporation", "lgu": "Mandaue City"}}, {"type": "Feature", "geometry": {"type": "Point", "coordinates": [123.9569917, 10.3483217]}, "properties": {"id": "ChIJA4C_PQCZqTMRgbt8LB-gvGA", "amenity_type": "park", "amenity": "Copenhagen Main Residence", "lgu": "Mandaue City"}}, {"type": "Feature", "geometry": {"type": "Point", "coordinates": [123.923278, 10.340032]}, "properties": {"id": "ChIJ04XTSvqYqTMRm0TOLGqPBXg", "amenity_type": "sports_complex", "amenity": "Creative Nations International", "lgu": "Mandaue City"}}, {"type": "Feature", "geometry": {"type": "Point", "coordinates": [123.9159474, 10.3636515]}, "properties": {"id": "ChIJj2ADh2iZqTMRIN3UqAOimi0", "amenity_type": "park", "amenity": "Cupta's farm", "lgu": "Mandaue City"}}, {"type": "Feature", "geometry": {"type": "Point", "coordinates": [123.9107686, 10.3585053]}, "properties": {"id": "ChIJ8z8T0ZWYqTMRE57h00Gphes", "amenity_type": "park", "amenity": "D' Family Park", "lgu": "Mandaue City"}}, {"type": "Feature", "geometry": {"type": "Point", "coordinates": [123.9194278, 10.3412832]}, "properties": {"id": "ChIJtdgPzfqYqTMR65xqgYxbwjs", "amenity_type": "sports_complex", "amenity": "DEWFOAM", "lgu": "Mandaue City"}}, {"type": "Feature", "geometry": {"type": "Point", "coordinates": [123.9504265, 10.3566146]}, "properties": {"id": "ChIJW-D_Bm2YqTMRs9yw76DXwIQ", "amenity_type": "park", "amenity": "Dea Woong Garden", "lgu": "Mandaue City"}}, {"type": "Feature", "geometry": {"type": "Point", "coordinates": [123.9401578, 10.3416337]}, "properties": {"id": "ChIJu4woBgCZqTMRsrgdOK30h0Q", "amenity_type": "park", "amenity": "Delma aguirre altaya", "lgu": "Mandaue City"}}, {"type": "Feature", "geometry": {"type": "Point", "coordinates": [123.9196236, 10.3417828]}, "properties": {"id": "ChIJLahHtvqYqTMRAGoKNmzdAH0", "amenity_type": "sports_complex", "amenity": "Design Center of Cebu", "lgu": "Mandaue City"}}, {"type": "Feature", "geometry": {"type": "Point", "coordinates": [123.9432364, 10.337832]}, "properties": {"id": "ChIJvQcXtk-YqTMR8asBtEZGsTQ", "amenity_type": "park", "amenity": "Diamond Plaza", "lgu": "Mandaue City"}}, {"type": "Feature", "geometry": {"type": "Point", "coordinates": [123.8978917, 10.3572859]}, "properties": {"id": "ChIJq6rqM7iYqTMRigsAs2auM9w", "amenity_type": "park", "amenity": "Emerald Lake Valley", "lgu": "Mandaue City"}}, {"type": "Feature", "geometry": {"type": "Point", "coordinates": [123.9243476, 10.3395837]}, "properties": {"id": "ChIJcd9i0fuYqTMRt6ibzaF9Kho", "amenity_type": "sports_complex", "amenity": "Eurotiles - Cebu Home Depot (Cebu Oversea)", "lgu": "Mandaue City"}}, {"type": "Feature", "geometry": {"type": "Point", "coordinates": [123.9315108, 10.3442446]}, "properties": {"id": "ChIJqwE-jFiYqTMRV_hFPY6hqhs", "amenity_type": "park", "amenity": "Ev. Park", "lgu": "Mandaue City"}}, {"type": "Feature", "geometry": {"type": "Point", "coordinates": [123.9248658, 10.3392676]}, "properties": {"id": "ChIJ2du71_uYqTMRGnbyjo92y2o", "amenity_type": "sports_complex", "amenity": "Eye Level Philippines Mandaue", "lgu": "Mandaue City"}}, {"type": "Feature", "geometry": {"type": "Point", "coordinates": [123.9109889, 10.3592925]}, "properties": {"id": "ChIJc2YdQwCZqTMRJLlbDC1Zpzg", "amenity_type": "park", "amenity": "Family Park Swimming Pool Talamban", "lgu": "Mandaue City"}}, {"type": "Feature", "geometry": {"type": "Point", "coordinates": [123.9145938, 10.3549443]}, "properties": {"id": "ChIJyW0jcSeZqTMR0b9f4EWpuEc", "amenity_type": "park", "amenity": "Family Park Talamban Entrance", "lgu": "Mandaue City"}}, {"type": "Feature", "geometry": {"type": "Point", "coordinates": [123.9181376, 10.3368874]}, "properties": {"id": "ChIJHzznEQCZqTMRKsO6HPOU6PM", "amenity_type": "park", "amenity": "GKC Burial Site", "lgu": "Mandaue City"}}, {"type": "Feature", "geometry": {"type": "Point", "coordinates": [123.9117034, 10.3380569]}, "properties": {"id": "ChIJnde8POGYqTMR3MPj-qiGUhs", "amenity_type": "park", "amenity": "GQS Plaza", "lgu": "Mandaue City"}}, {"type": "Feature", "geometry": {"type": "Point", "coordinates": [123.9240527, 10.3423817]}, "properties": {"id": "ChIJQaxvLHqZqTMRS8RFDqCO1tk", "amenity_type": "sports_complex", "amenity": "Game Changer sports facility", "lgu": "Mandaue City"}}, {"type": "Feature", "geometry": {"type": "Point", "coordinates": [123.9191845, 10.3434926]}, "properties": {"id": "ChIJ_xYpHOaYqTMR9vo1K8j4efk", "amenity_type": "sports_complex", "amenity": "Golden Abc Inc.", "lgu": "Mandaue City"}}, {"type": "Feature", "geometry": {"type": "Point", "coordinates": [123.9179998, 10.3248149]}, "properties": {"id": "ChIJpXRxd-GZqTMRb6POOZe9tT8", "amenity_type": "park", "amenity": "Greenland", "lgu": "Mandaue City"}}, {"type": "Feature", "geometry": {"type": "Point", "coordinates": [123.9482655, 10.352733]}, "properties": {"id": "ChIJL55wUgCZqTMRL0EQcxbt9YM", "amenity_type": "park", "amenity": "Hermag Dimpas Bakantihan", "lgu": "Mandaue City"}}, {"type": "Feature", "geometry": {"type": "Point", "coordinates": [123.9175937, 10.3421166]}, "properties": {"id": "ChIJCat-BVaYqTMRt63VSb-eX9Q", "amenity_type": "park", "amenity": "Human Heart Nature Mandaue Cebu Branch", "lgu": "Mandaue City"}}, {"type": "Feature", "geometry": {"type": "Point", "coordinates": [123.9420613, 10.33381]}, "properties": {"id": "ChIJi-eo9U2YqTMRSveWI42N_aM", "amenity_type": "park", "amenity": "Imperial Appliance Plaza Mandaue Branch", "lgu": "Mandaue City"}}, {"type": "Feature", "geometry": {"type": "Point", "coordinates": [123.9243476, 10.3395837]}, "properties": {"id": "ChIJXbyIaOWYqTMRd4tm72GtajU", "amenity_type": "sports_complex", "amenity": "Intelaface", "lgu": "Mandaue City"}}, {"type": "Feature", "geometry": {"type": "Point", "coordinates": [123.9203113, 10.3408937]}, "properties": {"id": "ChIJcd9i0fuYqTMRSEhY7CI26Go", "amenity_type": "sports_complex", "amenity": "Janther Pools & Spamaster Services", "lgu": "Mandaue City"}}, {"type": "Feature", "geometry": {"type": "Point", "coordinates": [123.9185483, 10.3244705]}, "properties": {"id": "ChIJOb2SRgCZqTMRSdTeBvjSTxk", "amenity_type": "park", "amenity": "Kartzone", "lgu": "Mandaue City"}}, {"type": "Feature", "geometry": {"type": "Point", "coordinates": [123.9247868, 10.3289693]}, "properties": {"id": "ChIJ3VM9EACZqTMRJaexUAJNAMc", "amenity_type": "park", "amenity": "LAMBO", "lgu": "Mandaue City"}}, {"type": "Feature", "geometry": {"type": "Point", "coordinates": [123.9186842, 10.3430668]}, "properties": {"id": "ChIJzelc-O-YqTMR32O2eFCvgfw", "amenity_type": "sports_complex", "amenity": "LH Ventures Group", "lgu": "Mandaue City"}}, {"type": "Feature", "geometry": {"type": "Point", "coordinates": [123.9420076, 10.332363]}, "properties": {"id": "ChIJWW5BWgCZqTMRhSJSfZZ31oU", "amenity_type": "sports_complex", "amenity": "MTDY Sports Center", "lgu": "Mandaue City"}}, {"type": "Feature", "geometry": {"type": "Point", "coordinates": [123.9236087, 10.3343047]}, "properties": {"id": "ChIJk78lbfyYqTMRUnH4AOAkor4", "amenity_type": "sports_complex", "amenity": "Mandaue Foam - Main Branch", "lgu": "Mandaue City"}}, {"type": "Feature", "geometry": {"type": "Point", "coordinates": [123.9203473, 10.3423594]}, "properties": {"id": "ChIJcd9i0fuYqTMRpk151HqAkHA", "amenity_type": "sports_complex", "amenity": "Mandaue PrintShop Corporation", "lgu": "Mandaue City"}}, {"type": "Feature", "geometry": {"type": "Point", "coordinates": [123.8966728, 10.3565349]}, "properties": {"id": "ChIJZ_1qi7eYqTMRdAJlzBxSLtY", "amenity_type": "park", "amenity": "Maria Luisa Highlands Clubhouse and Park", "lgu": "Mandaue City"}}, {"type": "Feature", "geometry": {"type": "Point", "coordinates": [123.9154018, 10.3444658]}, "properties": {"id": "ChIJjQ-kbu-YqTMRAfeP31TqvbM", "amenity_type": "sports_complex", "amenity": "Midori Residences", "lgu": "Mandaue City"}}, {"type": "Feature", "geometry": {"type": "Point", "coordinates": [123.916587, 10.3449242]}, "properties": {"id": "ChIJF3ahp--YqTMR77JAxZWeNNM", "amenity_type": "sports_complex", "amenity": "Missionaries of Africa Seminary", "lgu": "Mandaue City"}}, {"type": "Feature", "geometry": {"type": "Point", "coordinates": [123.8715738, 10.3995411]}, "properties": {"id": "ChIJBeMWxG6hqTMRqrRmWNRSU8A", "amenity_type": "park", "amenity": "Mt. Kang-Irag Campsite, Sirao", "lgu": "Mandaue City"}}, {"type": "Feature", "geometry": {"type": "Point", "coordinates": [123.9267393, 10.3382537]}, "properties": {"id": "ChIJl8-juyBOG2ER7tNJZ5KDju0", "amenity_type": "park", "amenity": "NOW Realty & Brokerage", "lgu": "Mandaue City"}}, {"type": "Feature", "geometry": {"type": "Point", "coordinates": [123.91487, 10.3564522]}, "properties": {"id": "ChIJJewzlJOYqTMRTkjs5qWalnQ", "amenity_type": "park", "amenity": "Nasipit Commercial Plaza", "lgu": "Mandaue City"}}, {"type": "Feature", "geometry": {"type": "Point", "coordinates": [123.9238918, 10.3367567]}, "properties": {"id": "ChIJQ3xGVcWYqTMRkm1mgxiuY54", "amenity_type": "sports_complex", "amenity": "Ng Khai Development Corporation", "lgu": "Mandaue City"}}, {"type": "Feature", "geometry": {"type": "Point", "coordinates": [123.94861, 10.3477112]}, "properties": {"id": "ChIJ0eGyv0GYqTMRJ0oDjCMV3lc", "amenity_type": "park", "amenity": "North Road Plaza", "lgu": "Mandaue City"}}, {"type": "Feature", "geometry": {"type": "Point", "coordinates": [123.9190946, 10.3428639]}, "properties": {"id": "ChIJKdJAUeWYqTMRTrkGxVnITD8", "amenity_type": "park", "amenity": "Oakridge Business Park", "lgu": "Mandaue City"}}, {"type": "Feature", "geometry": {"type": "Point", "coordinates": [123.9196372, 10.3410945]}, "properties": {"id": "ChIJDQdizvqYqTMRJbQY_4T0PAI", "amenity_type": "sports_complex", "amenity": "Oftana Suites", "lgu": "Mandaue City"}}, {"type": "Feature", "geometry": {"type": "Point", "coordinates": [123.9274203, 10.3477018]}, "properties": {"id": "ChIJEXOMQ6SZqTMRrrkw78EzOh8", "amenity_type": "park", "amenity": "PROXSTONE VERTICAL VENTURES AND ENTERPRISES SOLUTION INC.", "lgu": "Mandaue City"}}, {"type": "Feature", "geometry": {"type": "Point", "coordinates": [123.945003, 10.344684]}, "properties": {"id": "ChIJn03DSACZqTMR9xFJKjvJeGs", "amenity_type": "sports_complex", "amenity": "Pickaball Sports Center", "lgu": "Mandaue City"}}, {"type": "Feature", "geometry": {"type": "Point", "coordinates": [123.9302596, 10.3745627]}, "properties": {"id": "ChIJ6RkQZQCjqTMRdJy9JAd2Ec8", "amenity_type": "park", "amenity": "Plaza Residence", "lgu": "Mandaue City"}}, {"type": "Feature", "geometry": {"type": "Point", "coordinates": [123.9661117, 10.340685]}, "properties": {"id": "ChIJf7cfvlmZqTMRJPz7uqlCors", "amenity_type": "park", "amenity": "Purok Center", "lgu": "Mandaue City"}}, {"type": "Feature", "geometry": {"type": "Point", "coordinates": [123.9246598, 10.3450183]}, "properties": {"id": "ChIJl-Hh2ZOZqTMRG2hT0QDNshk", "amenity_type": "park", "amenity": "Purok Marites", "lgu": "Mandaue City"}}, {"type": "Feature", "geometry": {"type": "Point", "coordinates": [123.9247479, 10.3622552]}, "properties": {"id": "ChIJAymvBFOZqTMRBh1-jHeNdMk", "amenity_type": "park", "amenity": "SOYO Adventure Camp", "lgu": "Mandaue City"}}, {"type": "Feature", "geometry": {"type": "Point", "coordinates": [123.9221555, 10.3287303]}, "properties": {"id": "ChIJpe6FLgCZqTMRnmxO1R36nhA", "amenity_type": "park", "amenity": "SVV Plaza", "lgu": "Mandaue City"}}, {"type": "Feature", "geometry": {"type": "Point", "coordinates": [123.926175, 10.3488963]}, "properties": {"id": "ChIJbxN1z4yYqTMRnWMyIoLgn-4", "amenity_type": "sports_complex", "amenity": "Sabina Suites", "lgu": "Mandaue City"}}, {"type": "Feature", "geometry": {"type": "Point", "coordinates": [123.9248039, 10.3258321]}, "properties": {"id": "ChIJnTAxQgCZqTMRGidr1o7eRp8", "amenity_type": "park", "amenity": "San Roque Park", "lgu": "Mandaue City"}}, {"type": "Feature", "geometry": {"type": "Point", "coordinates": [123.924847, 10.339267]}, "properties": {"id": "ChIJjbpQffmYqTMRSSVmpRVbtUI", "amenity_type": "sports_complex", "amenity": "Scan Asia Overseas, Inc.", "lgu": "Mandaue City"}}, {"type": "Feature", "geometry": {"type": "Point", "coordinates": [123.9255771, 10.3393624]}, "properties": {"id": "ChIJC2FFd_mYqTMRDSq9Qa57GkA", "amenity_type": "sports_complex", "amenity": "Shell", "lgu": "Mandaue City"}}, {"type": "Feature", "geometry": {"type": "Point", "coordinates": [123.8658416, 10.4061578]}, "properties": {"id": "ChIJH7-Frg-hqTMRcR-eubefklo", "amenity_type": "park", "amenity": "Sirao Garden", "lgu": "Mandaue City"}}, {"type": "Feature", "geometry": {"type": "Point", "coordinates": [123.9487281, 10.3381118]}, "properties": {"id": "ChIJ37fjkGSZqTMR9vLprx5Ewqc", "amenity_type": "sports_complex", "amenity": "SmashYard Sports Center", "lgu": "Mandaue City"}}, {"type": "Feature", "geometry": {"type": "Point", "coordinates": [123.9457031, 10.3347875]}, "properties": {"id": "ChIJYw5KPACZqTMRZkzfcOrcA4E", "amenity_type": "park", "amenity": "Tapokanan sa Ibabao", "lgu": "Mandaue City"}}, {"type": "Feature", "geometry": {"type": "Point", "coordinates": [123.9313767, 10.3370751]}, "properties": {"id": "ChIJP7d2mPiYqTMRzK7LiwpmltE", "amenity_type": "sports_complex", "amenity": "The Orchard Cebu", "lgu": "Mandaue City"}}, {"type": "Feature", "geometry": {"type": "Point", "coordinates": [123.9164042, 10.3386309]}, "properties": {"id": "ChIJB6rXJwCZqTMRIt7i7l31678", "amenity_type": "park", "amenity": "Tupas", "lgu": "Mandaue City"}}, {"type": "Feature", "geometry": {"type": "Point", "coordinates": [123.9212631, 10.3408506]}, "properties": {"id": "ChIJKdJAUeWYqTMRId-smjZmYYQ", "amenity_type": "sports_complex", "amenity": "TyFarma Audit Tax Consultancy", "lgu": "Mandaue City"}}, {"type": "Feature", "geometry": {"type": "Point", "coordinates": [123.9401578, 10.3705783]}, "properties": {"id": "ChIJC2YIdACjqTMRXVnv1fLVitU", "amenity_type": "park", "amenity": "Upg's", "lgu": "Mandaue City"}}, {"type": "Feature", "geometry": {"type": "Point", "coordinates": [123.9238972, 10.3399183]}, "properties": {"id": "ChIJhafnNPqYqTMRfYSkazjaMYw", "amenity_type": "sports_complex", "amenity": "Virtual Staff Finder", "lgu": "Mandaue City"}}, {"type": "Feature", "geometry": {"type": "Point", "coordinates": [123.9185753, 10.3437264]}, "properties": {"id": "ChIJAQDAZT6ZqTMREIR_Ag0nyac", "amenity_type": "sports_complex", "amenity": "Vivant Corporation", "lgu": "Mandaue City"}}, {"type": "Feature", "geometry": {"type": "Point", "coordinates": [123.91815, 10.3215523]}, "properties": {"id": "ChIJzfsMUgCZqTMRnimBW4N6euE", "amenity_type": "park", "amenity": "WWE 999", "lgu": "Mandaue City"}}, {"type": "Feature", "geometry": {"type": "Point", "coordinates": [123.915341, 10.34344]}, "properties": {"id": "ChIJi5nrYe-YqTMRQ1L4M3cN920", "amenity_type": "sports_complex", "amenity": "Webfocus Solutions, Incorporated", "lgu": "Mandaue City"}}, {"type": "Feature", "geometry": {"type": "Point", "coordinates": [123.9218169, 10.3731727]}, "properties": {"id": "ChIJ81Ri45SjqTMRgUtRYZykdkk", "amenity_type": "park", "amenity": "YLAYA SLAUGHTER HOUSE RIDERS", "lgu": "Mandaue City"}}, {"type": "Feature", "geometry": {"type": "Point", "coordinates": [123.923442, 10.340145]}, "properties": {"id": "ChIJHRt_NfqYqTMRQVkH0KH3DWw", "amenity_type": "sports_complex", "amenity": "ZigZagWebs", "lgu": "Mandaue City"}}, {"type": "Feature", "geometry": {"type": "Point", "coordinates": [123.9198793, 10.3247336]}, "properties": {"id": "ChIJJf6wBJWZqTMRCbon8-MlMYE", "amenity_type": "park", "amenity": "panagdai", "lgu": "Mandaue City"}}, {"type": "Feature", "geometry": {"type": "Point", "coordinates": [123.9331874, 10.3677899]}, "properties": {"id": "ChIJRZi9JQCZqTMRJ7sUAe6Xfd4", "amenity_type": "park", "amenity": "piryahan", "lgu": "Mandaue City"}}, {"type": "Feature", "geometry": {"type": "Point", "coordinates": [123.7866681, 10.2444207]}, "properties": {"id": "ChIJpWLnXQB3qTMRjvDKAu7HecM", "amenity_type": "park", "amenity": "Rosewood Park", "lgu": "Minglanilla"}}, {"type": "Feature", "geometry": {"type": "Point", "coordinates": [123.8625113, 10.2783505]}, "properties": {"id": "ChIJQ1f6aRCcqTMRajj2VFuPUsU", "amenity_type": "sports_complex", "amenity": "ABCED System Corporation", "lgu": "Talisay City"}}, {"type": "Feature", "geometry": {"type": "Point", "coordinates": [123.8579089, 10.2816173]}, "properties": {"id": "ChIJnSULjkScqTMR-eIxGd-vY64", "amenity_type": "sports_complex", "amenity": "Angelrel Manpower Services", "lgu": "Talisay City"}}, {"type": "Feature", "geometry": {"type": "Point", "coordinates": [123.7998492, 10.2490092]}, "properties": {"id": "ChIJ_y9nBv6dqTMRNSihzGB6L8k", "amenity_type": "park", "amenity": "Anjo World Theme Park", "lgu": "Talisay City"}}, {"type": "Feature", "geometry": {"type": "Point", "coordinates": [123.8101643, 10.2549348]}, "properties": {"id": "ChIJS57_3JSdqTMRHAghPlfU0-E", "amenity_type": "park", "amenity": "BYD Cebu Plaza Margarita", "lgu": "Talisay City"}}, {"type": "Feature", "geometry": {"type": "Point", "coordinates": [123.8541346, 10.2784798]}, "properties": {"id": "ChIJB8I5cUacqTMRFxiLKavwqgs", "amenity_type": "sports_complex", "amenity": "Balamban Liempo Cebu", "lgu": "Talisay City"}}, {"type": "Feature", "geometry": {"type": "Point", "coordinates": [123.8624095, 10.2642211]}, "properties": {"id": "ChIJszViwV-cqTMRUJWUgsyPuz0", "amenity_type": "sports_complex", "amenity": "Bethlehem Day Care Center Foundation Inc.", "lgu": "Talisay City"}}, {"type": "Feature", "geometry": {"type": "Point", "coordinates": [123.8563347, 10.2697423]}, "properties": {"id": "ChIJU6WNSlqcqTMRaFUZzdvwXSQ", "amenity_type": "sports_complex", "amenity": "Blue Diamond Travel and Tours", "lgu": "Talisay City"}}, {"type": "Feature", "geometry": {"type": "Point", "coordinates": [123.8593167, 10.2751341]}, "properties": {"id": "ChIJ9yvUCkOcqTMReIGV_RVkVlQ", "amenity_type": "sports_complex", "amenity": "Blue Orange Technology", "lgu": "Talisay City"}}, {"type": "Feature", "geometry": {"type": "Point", "coordinates": [123.85863, 10.276326]}, "properties": {"id": "ChIJ5-FukkOcqTMR9gcCJbTiKiQ", "amenity_type": "sports_complex", "amenity": "Blueorange Gamefarm", "lgu": "Talisay City"}}, {"type": "Feature", "geometry": {"type": "Point", "coordinates": [123.860025, 10.274879]}, "properties": {"id": "ChIJK_IOBkOcqTMRaPwo6-eWFBA", "amenity_type": "sports_complex", "amenity": "Botika Ni Mama", "lgu": "Talisay City"}}, {"type": "Feature", "geometry": {"type": "Point", "coordinates": [123.8277561, 10.2975859]}, "properties": {"id": "ChIJfeELq5udqTMR8DCPmXPaxEE", "amenity_type": "park", "amenity": "Bu-ad Bike Park", "lgu": "Talisay City"}}, {"type": "Feature", "geometry": {"type": "Point", "coordinates": [123.7975448, 10.2503878]}, "properties": {"id": "ChIJDTso6V-dqTMR21533NFoWKk", "amenity_type": "park", "amenity": "Buen Camino Memorial Garden", "lgu": "Talisay City"}}, {"type": "Feature", "geometry": {"type": "Point", "coordinates": [123.8432213, 10.2722465]}, "properties": {"id": "ChIJAQCwAlOcqTMRDieWOLEIFwA", "amenity_type": "stadium", "amenity": "Bulacao Sports and Activity Center", "lgu": "Talisay City"}}, {"type": "Feature", "geometry": {"type": "Point", "coordinates": [123.8588789, 10.275497]}, "properties": {"id": "ChIJaVcjnEOcqTMRYa5zndKHE2A", "amenity_type": "sports_complex", "amenity": "Bulls Eye Sports Tailoring", "lgu": "Talisay City"}}, {"type": "Feature", "geometry": {"type": "Point", "coordinates": [123.874082, 10.2686316]}, "properties": {"id": "ChIJaYyZLACdqTMRN--7Mgg_eqQ", "amenity_type": "stadium", "amenity": "CDM Events Ground", "lgu": "Talisay City"}}, {"type": "Feature", "geometry": {"type": "Point", "coordinates": [123.8569072, 10.2740873]}, "properties": {"id": "ChIJdx5BrPudqTMRVvfeXqFSe4c", "amenity_type": "park", "amenity": "CEBU EVERGREEN MEMORIAL PARK", "lgu": "Talisay City"}}, {"type": "Feature", "geometry": {"type": "Point", "coordinates": [123.8665367, 10.2661007]}, "properties": {"id": "ChIJM2iPJWGcqTMRlpuFqcP_FbU", "amenity_type": "sports_complex", "amenity": "Cebu Common Treatment Facility Incorporated", "lgu": "Talisay City"}}, {"type": "Feature", "geometry": {"type": "Point", "coordinates": [123.8665977, 10.2600597]}, "properties": {"id": "ChIJt5hlU4qcqTMRazasHvVVf-U", "amenity_type": "park", "amenity": "Cebu Evergreen Memorial Park", "lgu": "Talisay City"}}, {"type": "Feature", "geometry": {"type": "Point", "coordinates": [123.8583295, 10.2727937]}, "properties": {"id": "ChIJQ3xGVcWYqTMRwGGn5cmuIP8", "amenity_type": "sports_complex", "amenity": "Cebu Natura Crafts Philippines, Inc.", "lgu": "Talisay City"}}, {"type": "Feature", "geometry": {"type": "Point", "coordinates": [123.8499643, 10.2702903]}, "properties": {"id": "ChIJj2yQilCcqTMRDVIWuSrKfNQ", "amenity_type": "sports_complex", "amenity": "Cebu RTK Marketing, Inc.", "lgu": "Talisay City"}}, {"type": "Feature", "geometry": {"type": "Point", "coordinates": [123.8539274, 10.2774357]}, "properties": {"id": "ChIJ6_ixv6eeqTMRDu4O1WT9m8I", "amenity_type": "sports_complex", "amenity": "Cebu Wedding Photographer - Happy Face Photography", "lgu": "Talisay City"}}, {"type": "Feature", "geometry": {"type": "Point", "coordinates": [123.8531514, 10.2771758]}, "properties": {"id": "ChIJ30Kn_EacqTMRGtqHvsOV7Dg", "amenity_type": "sports_complex", "amenity": "Cebuana Lhuillier Pawnshop - N. Bacalso 2", "lgu": "Talisay City"}}, {"type": "Feature", "geometry": {"type": "Point", "coordinates": [123.7962867, 10.2490307]}, "properties": {"id": "ChIJq6qqK-B3qTMRqDzkvLOwJGM", "amenity_type": "park", "amenity": "Celestial Meadows Memorial Garden", "lgu": "Talisay City"}}, {"type": "Feature", "geometry": {"type": "Point", "coordinates": [123.8770363, 10.2650539]}, "properties": {"id": "ChIJvQSyjnycqTMRlFh2HvmPekc", "amenity_type": "park", "amenity": "Central Piazza", "lgu": "Talisay City"}}, {"type": "Feature", "geometry": {"type": "Point", "coordinates": [123.8772075, 10.2672358]}, "properties": {"id": "ChIJxRwGtkidqTMRh7bTY0YS_EU", "amenity_type": "park", "amenity": "City di Mare Open Park", "lgu": "Talisay City"}}, {"type": "Feature", "geometry": {"type": "Point", "coordinates": [123.8484894, 10.2432883]}, "properties": {"id": "ChIJ5aSYsN2cqTMR1eSvQSczRZk", "amenity_type": "sports_complex", "amenity": "City of Talisay Sports Complex", "lgu": "Talisay City"}}, {"type": "Feature", "geometry": {"type": "Point", "coordinates": [123.86096, 10.2703065]}, "properties": {"id": "ChIJUTS5fQCdqTMRbKszQRag4Dw", "amenity_type": "park", "amenity": "Cogon Pardo park", "lgu": "Talisay City"}}, {"type": "Feature", "geometry": {"type": "Point", "coordinates": [123.8599092, 10.274617]}, "properties": {"id": "ChIJb0RwcgCdqTMR-3ptbBySkjI", "amenity_type": "park", "amenity": "Cogon main street", "lgu": "Talisay City"}}, {"type": "Feature", "geometry": {"type": "Point", "coordinates": [123.855956, 10.279114]}, "properties": {"id": "ChIJ6-ABk0acqTMRlGqNkuuhtxA", "amenity_type": "sports_complex", "amenity": "Copytech Services", "lgu": "Talisay City"}}, {"type": "Feature", "geometry": {"type": "Point", "coordinates": [123.833955, 10.2464979]}, "properties": {"id": "ChIJ2fq8nRidqTMRt671KgbUT8A", "amenity_type": "park", "amenity": "Crocolandia", "lgu": "Talisay City"}}, {"type": "Feature", "geometry": {"type": "Point", "coordinates": [123.8556626, 10.2799029]}, "properties": {"id": "ChIJFSZ5AhecqTMRmbhbXOkUtHc", "amenity_type": "sports_complex", "amenity": "DV Motors", "lgu": "Talisay City"}}, {"type": "Feature", "geometry": {"type": "Point", "coordinates": [123.8144162, 10.2608879]}, "properties": {"id": "ChIJgxJ2DF-dqTMRCsByw5_JtYQ", "amenity_type": "park", "amenity": "Daruhan sa Upper Linao", "lgu": "Talisay City"}}, {"type": "Feature", "geometry": {"type": "Point", "coordinates": [123.8394961, 10.2415428]}, "properties": {"id": "ChIJdz-nBqmdqTMR1rX_ZQcO84E", "amenity_type": "park", "amenity": "Dumlog Food Park", "lgu": "Talisay City"}}, {"type": "Feature", "geometry": {"type": "Point", "coordinates": [123.8615769, 10.2598076]}, "properties": {"id": "ChIJYc7TFR6dqTMR8ULRA8jPByg", "amenity_type": "stadium", "amenity": "Dynamic Herb-Borromeo Sports Complex", "lgu": "Talisay City"}}, {"type": "Feature", "geometry": {"type": "Point", "coordinates": [123.8591129, 10.2658333]}, "properties": {"id": "ChIJgTVe3l6cqTMRdg9-W1T35PQ", "amenity_type": "sports_complex", "amenity": "Enfant Du Mekong", "lgu": "Talisay City"}}, {"type": "Feature", "geometry": {"type": "Point", "coordinates": [123.8561741, 10.2802294]}, "properties": {"id": "ChIJHSGr5kacqTMRRDj8635FoQY", "amenity_type": "sports_complex", "amenity": "Escalante Rewinding Services", "lgu": "Talisay City"}}, {"type": "Feature", "geometry": {"type": "Point", "coordinates": [123.8571254, 10.2662561]}, "properties": {"id": "ChIJbxdnL1mcqTMRZLG7JcmmEDU", "amenity_type": "sports_complex", "amenity": "Farmacia ni Mama", "lgu": "Talisay City"}}, {"type": "Feature", "geometry": {"type": "Point", "coordinates": [123.7974774, 10.2480772]}, "properties": {"id": "ChIJO3sSajWdqTMRLypK3TiHCII", "amenity_type": "park", "amenity": "Finisterre Gardenz", "lgu": "Talisay City"}}, {"type": "Feature", "geometry": {"type": "Point", "coordinates": [123.8574049, 10.2763582]}, "properties": {"id": "ChIJO7NlcUScqTMRGXVrl0jNpuU", "amenity_type": "sports_complex", "amenity": "Gaisano Saversmart Inayawan", "lgu": "Talisay City"}}, {"type": "Feature", "geometry": {"type": "Point", "coordinates": [123.8458293, 10.2724483]}, "properties": {"id": "ChIJlexyKwCdqTMRY7_g2cdgsJI", "amenity_type": "park", "amenity": "Gazebo area", "lgu": "Talisay City"}}, {"type": "Feature", "geometry": {"type": "Point", "coordinates": [123.855695, 10.280121]}, "properties": {"id": "ChIJO9FB-0acqTMR22mkFlgncCo", "amenity_type": "sports_complex", "amenity": "Generika Drugstore", "lgu": "Talisay City"}}, {"type": "Feature", "geometry": {"type": "Point", "coordinates": [123.8547751, 10.2789654]}, "properties": {"id": "ChIJM8fsfA2dqTMRnlcZZnw13cY", "amenity_type": "sports_complex", "amenity": "Globe Gcash - Prime Asia Pawn and Jewelry Shop, Cebu South Road", "lgu": "Talisay City"}}, {"type": "Feature", "geometry": {"type": "Point", "coordinates": [123.8489124, 10.2732642]}, "properties": {"id": "ChIJ14v-0VGcqTMR3cn6-lq2_xc", "amenity_type": "sports_complex", "amenity": "Globelines (Pardo)", "lgu": "Talisay City"}}, {"type": "Feature", "geometry": {"type": "Point", "coordinates": [123.855726, 10.2791129]}, "properties": {"id": "ChIJj1-cjUacqTMRwGCDyY2ELFY", "amenity_type": "sports_complex", "amenity": "H Lhuillier", "lgu": "Talisay City"}}, {"type": "Feature", "geometry": {"type": "Point", "coordinates": [123.8397332, 10.2570453]}, "properties": {"id": "ChIJ_Rhs2A2dqTMRsfyh72__nMY", "amenity_type": "park", "amenity": "Hanalu lee", "lgu": "Talisay City"}}, {"type": "Feature", "geometry": {"type": "Point", "coordinates": [123.8451191, 10.2457021]}, "properties": {"id": "ChIJ0wsnTOedqTMROG2j6JMg47s", "amenity_type": "park", "amenity": "Hey Neybor Food Park", "lgu": "Talisay City"}}, {"type": "Feature", "geometry": {"type": "Point", "coordinates": [123.79939, 10.242854]}, "properties": {"id": "ChIJmeOnA_WdqTMRekPhFn2qKd8", "amenity_type": "park", "amenity": "Humayan Food Park", "lgu": "Talisay City"}}, {"type": "Feature", "geometry": {"type": "Point", "coordinates": [123.8808874, 10.2689073]}, "properties": {"id": "ChIJfZxyXACdqTMRuhC2VHX_cBw", "amenity_type": "park", "amenity": "IL Corso coastal area", "lgu": "Talisay City"}}, {"type": "Feature", "geometry": {"type": "Point", "coordinates": [123.8556714, 10.2691659]}, "properties": {"id": "ChIJ-4Tp0VucqTMRF59rY6BEuus", "amenity_type": "sports_complex", "amenity": "Inayawan Sports Complex", "lgu": "Talisay City"}}, {"type": "Feature", "geometry": {"type": "Point", "coordinates": [123.8538628, 10.263747]}, "properties": {"id": "ChIJ27GlKQCdqTMRZRnn4urJrUw", "amenity_type": "park", "amenity": "KILID BANSUHAN", "lgu": "Talisay City"}}, {"type": "Feature", "geometry": {"type": "Point", "coordinates": [123.857327, 10.2756441]}, "properties": {"id": "ChIJh1j5fEScqTMRrg67gCb1qDo", "amenity_type": "sports_complex", "amenity": "Kingdom Hall of Jehovah’s Witnesses", "lgu": "Talisay City"}}, {"type": "Feature", "geometry": {"type": "Point", "coordinates": [123.854627, 10.275734]}, "properties": {"id": "ChIJ3VZpB0WcqTMRegIK08vgZVo", "amenity_type": "sports_complex", "amenity": "Lets GO Pinoy", "lgu": "Talisay City"}}, {"type": "Feature", "geometry": {"type": "Point", "coordinates": [123.8483757, 10.2419823]}, "properties": {"id": "ChIJuWwOXQCdqTMR4jWAFnWT5Kw", "amenity_type": "park", "amenity": "Liberation Park Market", "lgu": "Talisay City"}}, {"type": "Feature", "geometry": {"type": "Point", "coordinates": [123.8557981, 10.2790703]}, "properties": {"id": "ChIJRxXJkkacqTMRrCEd6hdcmlM", "amenity_type": "sports_complex", "amenity": "Living Word Christian Fellowship Pardo Outreach- Ganzon Building", "lgu": "Talisay City"}}, {"type": "Feature", "geometry": {"type": "Point", "coordinates": [123.8558805, 10.2799357]}, "properties": {"id": "ChIJmwRr5UacqTMRXpUSubK6lz8", "amenity_type": "sports_complex", "amenity": "M Lhuillier - Pardo", "lgu": "Talisay City"}}, {"type": "Feature", "geometry": {"type": "Point", "coordinates": [123.7932303, 10.2451189]}, "properties": {"id": "ChIJDYW9seN3qTMReVuPdSBYFwI", "amenity_type": "park", "amenity": "MGD Gamefarm", "lgu": "Talisay City"}}, {"type": "Feature", "geometry": {"type": "Point", "coordinates": [123.8192369, 10.2381755]}, "properties": {"id": "ChIJgdHK9fedqTMRjVz01w_oFj0", "amenity_type": "park", "amenity": "Maharlika Seaside Park", "lgu": "Talisay City"}}, {"type": "Feature", "geometry": {"type": "Point", "coordinates": [123.830312, 10.2405887]}, "properties": {"id": "ChIJE50DIgCdqTMRPFjsLVYx0KI", "amenity_type": "park", "amenity": "Malibu Residences Clubhouse & Pool", "lgu": "Talisay City"}}, {"type": "Feature", "geometry": {"type": "Point", "coordinates": [123.829212, 10.2401812]}, "properties": {"id": "ChIJU2TrYgCdqTMRR0IlhWMY9dg", "amenity_type": "park", "amenity": "Malibu Residences Rotonda", "lgu": "Talisay City"}}, {"type": "Feature", "geometry": {"type": "Point", "coordinates": [123.8396545, 10.2559642]}, "properties": {"id": "ChIJwXqNygKdqTMRcMzrm_kiQPA", "amenity_type": "park", "amenity": "Manubags Garden", "lgu": "Talisay City"}}, {"type": "Feature", "geometry": {"type": "Point", "coordinates": [123.8541782, 10.2785686]}, "properties": {"id": "ChIJFc6gdkacqTMR0gR4m4FvOQE", "amenity_type": "sports_complex", "amenity": "Mercury Drug", "lgu": "Talisay City"}}, {"type": "Feature", "geometry": {"type": "Point", "coordinates": [123.8555341, 10.2689166]}, "properties": {"id": "ChIJT2mh0VucqTMRbgTxWAddc1M", "amenity_type": "sports_complex", "amenity": "MoneyGram", "lgu": "Talisay City"}}, {"type": "Feature", "geometry": {"type": "Point", "coordinates": [123.8565159, 10.2710399]}, "properties": {"id": "ChIJx0w1olucqTMRtx_0bEm59sA", "amenity_type": "sports_complex", "amenity": "MoneyGram", "lgu": "Talisay City"}}, {"type": "Feature", "geometry": {"type": "Point", "coordinates": [123.8583337, 10.272673]}, "properties": {"id": "ChIJ6ytQrFycqTMRn4Eo-Xourd4", "amenity_type": "park", "amenity": "Naturefresh Purified Drinking Water", "lgu": "Talisay City"}}, {"type": "Feature", "geometry": {"type": "Point", "coordinates": [123.8491764, 10.2806393]}, "properties": {"id": "ChIJ-bJ1vUicqTMR-TlWuAmOZQo", "amenity_type": "sports_complex", "amenity": "Newtown Estates Cebu", "lgu": "Talisay City"}}, {"type": "Feature", "geometry": {"type": "Point", "coordinates": [123.8581565, 10.281936]}, "properties": {"id": "ChIJ4fwC7T2ZqTMRUgJMkVxukpY", "amenity_type": "sports_complex", "amenity": "Nickelstick Eskrima", "lgu": "Talisay City"}}, {"type": "Feature", "geometry": {"type": "Point", "coordinates": [123.8565, 10.270858]}, "properties": {"id": "ChIJGwXMdFucqTMRoc-pkYDANls", "amenity_type": "sports_complex", "amenity": "Palawan Pawnshop", "lgu": "Talisay City"}}, {"type": "Feature", "geometry": {"type": "Point", "coordinates": [123.8563387, 10.2664841]}, "properties": {"id": "ChIJ-c4wGFmcqTMRyFf2Z4iaJoI", "amenity_type": "sports_complex", "amenity": "Pan De Sugbo", "lgu": "Talisay City"}}, {"type": "Feature", "geometry": {"type": "Point", "coordinates": [123.856105, 10.278492]}, "properties": {"id": "ChIJZ518mUacqTMRvXfvvDQGwz4", "amenity_type": "sports_complex", "amenity": "Pardo Civic Center Multi-Purpose Gym", "lgu": "Talisay City"}}, {"type": "Feature", "geometry": {"type": "Point", "coordinates": [123.829803, 10.254159]}, "properties": {"id": "ChIJw6m0gxCdqTMR8sypbNaV4sU", "amenity_type": "park", "amenity": "Park", "lgu": "Talisay City"}}, {"type": "Feature", "geometry": {"type": "Point", "coordinates": [123.8540406, 10.2777952]}, "properties": {"id": "ChIJh-t920WcqTMR1eMh7-tgbwg", "amenity_type": "park", "amenity": "Platinum Plaza", "lgu": "Talisay City"}}, {"type": "Feature", "geometry": {"type": "Point", "coordinates": [123.8475633, 10.2427499]}, "properties": {"id": "ChIJoWUpBrmdqTMRxufDNh-QUf4", "amenity_type": "park", "amenity": "Plaza ne George", "lgu": "Talisay City"}}, {"type": "Feature", "geometry": {"type": "Point", "coordinates": [123.8489846, 10.2628117]}, "properties": {"id": "ChIJoVD3SCidqTMR5mujj0hrWA0", "amenity_type": "park", "amenity": "Purok Matinabangon Center", "lgu": "Talisay City"}}, {"type": "Feature", "geometry": {"type": "Point", "coordinates": [123.854603, 10.278582]}, "properties": {"id": "ChIJt_i3e0acqTMRp4yY8DOtMsw", "amenity_type": "sports_complex", "amenity": "RBCS", "lgu": "Talisay City"}}, {"type": "Feature", "geometry": {"type": "Point", "coordinates": [123.791157, 10.250352]}, "properties": {"id": "ChIJY-gNzOB3qTMRvfgBcI5Q7Go", "amenity_type": "park", "amenity": "San Josemaria Village", "lgu": "Talisay City"}}, {"type": "Feature", "geometry": {"type": "Point", "coordinates": [123.7976724, 10.2513239]}, "properties": {"id": "ChIJgfhJmcedqTMRiPlS4SHfbTs", "amenity_type": "park", "amenity": "Sanctuary Memorial Park", "lgu": "Talisay City"}}, {"type": "Feature", "geometry": {"type": "Point", "coordinates": [123.8546017, 10.2795084]}, "properties": {"id": "ChIJ5TyqXUacqTMRVXr50qCNsC4", "amenity_type": "sports_complex", "amenity": "Santo Tomas de Villanueva Parish", "lgu": "Talisay City"}}, {"type": "Feature", "geometry": {"type": "Point", "coordinates": [123.8228084, 10.2627669]}, "properties": {"id": "ChIJS3fIlI6dqTMRZoXMSCVNRyU", "amenity_type": "park", "amenity": "Seaview Heights Off-Road Bicycle Trails", "lgu": "Talisay City"}}, {"type": "Feature", "geometry": {"type": "Point", "coordinates": [123.8339723, 10.2608889]}, "properties": {"id": "ChIJfaOqIwSdqTMRhIWBiUrp1nE", "amenity_type": "park", "amenity": "Senior Citizens Park", "lgu": "Talisay City"}}, {"type": "Feature", "geometry": {"type": "Point", "coordinates": [123.8000125, 10.2498139]}, "properties": {"id": "ChIJVcpbjgidqTMRHI-48VL-9tM", "amenity_type": "park", "amenity": "Snow World Cebu", "lgu": "Talisay City"}}, {"type": "Feature", "geometry": {"type": "Point", "coordinates": [123.8772987, 10.264848]}, "properties": {"id": "ChIJt7BeinycqTMRv5AJOJIlhNs", "amenity_type": "park", "amenity": "Stellar The Musical Dancing Fountain", "lgu": "Talisay City"}}, {"type": "Feature", "geometry": {"type": "Point", "coordinates": [123.8241275, 10.2585936]}, "properties": {"id": "ChIJ7TrL8K2dqTMRAGpBmHrrZIQ", "amenity_type": "sports_complex", "amenity": "Talisay", "lgu": "Talisay City"}}, {"type": "Feature", "geometry": {"type": "Point", "coordinates": [123.8486423, 10.242142]}, "properties": {"id": "ChIJG2H7AQCdqTMR7h9zw3UitTE", "amenity_type": "park", "amenity": "Talisay City Liberation Park", "lgu": "Talisay City"}}, {"type": "Feature", "geometry": {"type": "Point", "coordinates": [123.8295996, 10.2543863]}, "properties": {"id": "ChIJDbm1hhCdqTMRwh7r9kt9UEw", "amenity_type": "park", "amenity": "Talisay City Walking Park & Garden", "lgu": "Talisay City"}}, {"type": "Feature", "geometry": {"type": "Point", "coordinates": [123.8488538, 10.241896]}, "properties": {"id": "ChIJc-YqtXqdqTMR49NDcXQiq4Q", "amenity_type": "park", "amenity": "Talisay Litson Food Park", "lgu": "Talisay City"}}, {"type": "Feature", "geometry": {"type": "Point", "coordinates": [123.830665, 10.2539133]}, "properties": {"id": "ChIJLzAmDPGdqTMRN8TcyJ2LUeY", "amenity_type": "park", "amenity": "Talisay Skate Park", "lgu": "Talisay City"}}, {"type": "Feature", "geometry": {"type": "Point", "coordinates": [123.8742644, 10.2700647]}, "properties": {"id": "ChIJiUVeZgCdqTMRcZPYYaVn4sA", "amenity_type": "park", "amenity": "Tent City", "lgu": "Talisay City"}}, {"type": "Feature", "geometry": {"type": "Point", "coordinates": [123.8602738, 10.2751389]}, "properties": {"id": "ChIJEwu-qUOcqTMRgkSWsTFyctc", "amenity_type": "sports_complex", "amenity": "Tessie Housing Materials", "lgu": "Talisay City"}}, {"type": "Feature", "geometry": {"type": "Point", "coordinates": [123.8511963, 10.2724587]}, "properties": {"id": "ChIJb-lqaVCcqTMRZ8UranNAUEA", "amenity_type": "sports_complex", "amenity": "Teves Compound", "lgu": "Talisay City"}}, {"type": "Feature", "geometry": {"type": "Point", "coordinates": [123.8569352, 10.2743764]}, "properties": {"id": "ChIJJ-5QMkecqTMRqtQYbiu0JDo", "amenity_type": "sports_complex", "amenity": "The Church of Jesus Christ of Latter-day Saints", "lgu": "Talisay City"}}, {"type": "Feature", "geometry": {"type": "Point", "coordinates": [123.8623772, 10.2600701]}, "properties": {"id": "ChIJf_97SBudqTMRlfvg19-H3wA", "amenity_type": "park", "amenity": "The Flying Pig Park", "lgu": "Talisay City"}}, {"type": "Feature", "geometry": {"type": "Point", "coordinates": [123.805633, 10.2613914]}, "properties": {"id": "ChIJfezbDQCdqTMROtSOHZwXQ_s", "amenity_type": "park", "amenity": "The Three People Memorial Place", "lgu": "Talisay City"}}, {"type": "Feature", "geometry": {"type": "Point", "coordinates": [123.8271725, 10.2645497]}, "properties": {"id": "ChIJmXOMVaedqTMRcMLm4pQ_Xx8", "amenity_type": "park", "amenity": "Tierra Grande View Deck", "lgu": "Talisay City"}}, {"type": "Feature", "geometry": {"type": "Point", "coordinates": [123.860664, 10.2606126]}, "properties": {"id": "ChIJKZcwJQCdqTMRBtFkXguKxF0", "amenity_type": "park", "amenity": "Wendel quimno", "lgu": "Talisay City"}}, {"type": "Feature", "geometry": {"type": "Point", "coordinates": [123.8545959, 10.2782502]}, "properties": {"id": "ChIJBbGPeEacqTMRYtwaSEJqmOY", "amenity_type": "sports_complex", "amenity": "Xpress Money", "lgu": "Talisay City"}}, {"type": "Feature", "geometry": {"type": "Point", "coordinates": [123.8564847, 10.2708652]}, "properties": {"id": "ChIJMVG-o1ucqTMRi0CnpPlCEDQ", "amenity_type": "sports_complex", "amenity": "Xpress Money", "lgu": "Talisay City"}}, {"type": "Feature", "geometry": {"type": "Point", "coordinates": [123.8782874, 10.2658843]}, "properties": {"id": "ChIJGwXYitGdqTMRXX2oQC8f2fE", "amenity_type": "park", "amenity": "iCanali", "lgu": "Talisay City"}}, {"type": "Feature", "geometry": {"type": "Point", "coordinates": [123.853926, 10.272632]}, "properties": {"id": "ChIJEy_QOACdqTMRzNaFXvPm23c", "amenity_type": "park", "amenity": "junmar besario", "lgu": "Talisay City"}}]}