{"type": "FeatureCollection", "features": [{"type": "Feature", "geometry": {"type": "Point", "coordinates": [123.9065554, 10.3245825]}, "properties": {"id": 25710827, "amenity_type": "secondary", "amenity": "Archbishop Reyes Avenue", "lgu": "Cebu City"}}, {"type": "Feature", "geometry": {"type": "Point", "coordinates": [123.8907957, 10.3161918]}, "properties": {"id": 25800031, "amenity_type": "secondary", "amenity": "Osmeña Boulevard", "lgu": "Cebu City"}}, {"type": "Feature", "geometry": {"type": "Point", "coordinates": [123.8972299, 10.2985014]}, "properties": {"id": 25801800, "amenity_type": "secondary", "amenity": "Osmeña Boulevard", "lgu": "Cebu City"}}, {"type": "Feature", "geometry": {"type": "Point", "coordinates": [123.9008286, 10.2990445]}, "properties": {"id": 25802488, "amenity_type": "tertiary", "amenity": "Sanciangko Street", "lgu": "Cebu City"}}, {"type": "Feature", "geometry": {"type": "Point", "coordinates": [123.8969022, 10.2939883]}, "properties": {"id": 25937030, "amenity_type": "tertiary", "amenity": "Leon Kilat Street", "lgu": "Cebu City"}}, {"type": "Feature", "geometry": {"type": "Point", "coordinates": [123.9039408, 10.3106747]}, "properties": {"id": 25937225, "amenity_type": "secondary", "amenity": "Gorordo Avenue", "lgu": "Cebu City"}}, {"type": "Feature", "geometry": {"type": "Point", "coordinates": [123.9214006, 10.3274554]}, "properties": {"id": 28817154, "amenity_type": "secondary", "amenity": "F. Cabahug Street", "lgu": "Cebu City"}}, {"type": "Feature", "geometry": {"type": "Point", "coordinates": [123.9163334, 10.3155497]}, "properties": {"id": 28817564, "amenity_type": "primary", "amenity": "M.J. Cuenco Avenue", "lgu": "Cebu City"}}, {"type": "Feature", "geometry": {"type": "Point", "coordinates": [123.9039834, 10.2926194]}, "properties": {"id": 28833617, "amenity_type": "trunk", "amenity": "Cebu South Coastal Road", "lgu": "Cebu City"}}, {"type": "Feature", "geometry": {"type": "Point", "coordinates": [123.9188807, 10.3092675]}, "properties": {"id": 28833618, "amenity_type": "primary", "amenity": "Juan Luna Avenue", "lgu": "Cebu City"}}, {"type": "Feature", "geometry": {"type": "Point", "coordinates": [123.9039247, 10.3204189]}, "properties": {"id": 28834353, "amenity_type": "secondary", "amenity": "Archbishop Reyes Avenue", "lgu": "Cebu City"}}, {"type": "Feature", "geometry": {"type": "Point", "coordinates": [123.9033265, 10.3192859]}, "properties": {"id": 28834354, "amenity_type": "secondary", "amenity": "Archbishop Reyes Avenue", "lgu": "Cebu City"}}, {"type": "Feature", "geometry": {"type": "Point", "coordinates": [123.8922448, 10.3158692]}, "properties": {"id": 28834962, "amenity_type": "tertiary", "amenity": "F. Ramos Extension", "lgu": "Cebu City"}}, {"type": "Feature", "geometry": {"type": "Point", "coordinates": [123.9089353, 10.2993398]}, "properties": {"id": 28908647, "amenity_type": "trunk", "amenity": "Sergio Osmeña Avenue", "lgu": "Cebu City"}}, {"type": "Feature", "geometry": {"type": "Point", "coordinates": [123.899834, 10.3115027]}, "properties": {"id": 28909509, "amenity_type": "tertiary", "amenity": "Dionisio Jakosalem Street", "lgu": "Cebu City"}}, {"type": "Feature", "geometry": {"type": "Point", "coordinates": [123.8992223, 10.2932736]}, "properties": {"id": 28909514, "amenity_type": "tertiary", "amenity": "Lincoln Street", "lgu": "Cebu City"}}, {"type": "Feature", "geometry": {"type": "Point", "coordinates": [123.8979571, 10.2943522]}, "properties": {"id": 28909516, "amenity_type": "tertiary", "amenity": "P. Lopez Street", "lgu": "Cebu City"}}, {"type": "Feature", "geometry": {"type": "Point", "coordinates": [123.899275, 10.2950277]}, "properties": {"id": 28909518, "amenity_type": "tertiary", "amenity": "Manalili Street", "lgu": "Cebu City"}}, {"type": "Feature", "geometry": {"type": "Point", "coordinates": [123.9002268, 10.2925392]}, "properties": {"id": 28909519, "amenity_type": "tertiary", "amenity": "F. Gonzales Street", "lgu": "Cebu City"}}, {"type": "Feature", "geometry": {"type": "Point", "coordinates": [123.8969793, 10.2996545]}, "properties": {"id": 28925803, "amenity_type": "primary", "amenity": "P. del Rosario Street", "lgu": "Cebu City"}}, {"type": "Feature", "geometry": {"type": "Point", "coordinates": [123.8776783, 10.2913322]}, "properties": {"id": 28925805, "amenity_type": "secondary", "amenity": "Natalio Bacalso Avenue", "lgu": "Cebu City"}}, {"type": "Feature", "geometry": {"type": "Point", "coordinates": [123.8916056, 10.312143]}, "properties": {"id": 28951497, "amenity_type": "tertiary", "amenity": "Don Gil Garcia Street", "lgu": "Cebu City"}}, {"type": "Feature", "geometry": {"type": "Point", "coordinates": [123.8876442, 10.317909]}, "properties": {"id": 28951498, "amenity_type": "tertiary", "amenity": "Andres Abellana Street", "lgu": "Cebu City"}}, {"type": "Feature", "geometry": {"type": "Point", "coordinates": [123.8879412, 10.2978815]}, "properties": {"id": 28951499, "amenity_type": "secondary", "amenity": "Vicente Rama Avenue", "lgu": "Cebu City"}}, {"type": "Feature", "geometry": {"type": "Point", "coordinates": [123.8892149, 10.3170023]}, "properties": {"id": 28951500, "amenity_type": "secondary", "amenity": "M. Velez Street", "lgu": "Cebu City"}}, {"type": "Feature", "geometry": {"type": "Point", "coordinates": [123.8867775, 10.3190269]}, "properties": {"id": 28951501, "amenity_type": "tertiary", "amenity": "L. Bacayo Street", "lgu": "Cebu City"}}, {"type": "Feature", "geometry": {"type": "Point", "coordinates": [123.8901934, 10.3160525]}, "properties": {"id": 28956724, "amenity_type": "secondary", "amenity": "G. Garcia Street", "lgu": "Cebu City"}}, {"type": "Feature", "geometry": {"type": "Point", "coordinates": [123.8905205, 10.3160506]}, "properties": {"id": 28956725, "amenity_type": "secondary", "amenity": "N. Escario Street", "lgu": "Cebu City"}}, {"type": "Feature", "geometry": {"type": "Point", "coordinates": [123.9005606, 10.3061833]}, "properties": {"id": 28957488, "amenity_type": "tertiary", "amenity": "Sikatuna Street", "lgu": "Cebu City"}}, {"type": "Feature", "geometry": {"type": "Point", "coordinates": [123.9019077, 10.2983867]}, "properties": {"id": 28957489, "amenity_type": "tertiary", "amenity": "Dionisio Jakosalem Street", "lgu": "Cebu City"}}, {"type": "Feature", "geometry": {"type": "Point", "coordinates": [123.8981888, 10.303869]}, "properties": {"id": 28957492, "amenity_type": "tertiary", "amenity": "Junquera Street", "lgu": "Cebu City"}}, {"type": "Feature", "geometry": {"type": "Point", "coordinates": [123.8910056, 10.3126007]}, "properties": {"id": 29261572, "amenity_type": "tertiary", "amenity": "Jasmine Street", "lgu": "Cebu City"}}, {"type": "Feature", "geometry": {"type": "Point", "coordinates": [123.8918459, 10.310009]}, "properties": {"id": 29261573, "amenity_type": "tertiary", "amenity": "Don Mariano Cui Street", "lgu": "Cebu City"}}, {"type": "Feature", "geometry": {"type": "Point", "coordinates": [123.8911527, 10.3210503]}, "properties": {"id": 29261588, "amenity_type": "tertiary", "amenity": "Villalon Drive", "lgu": "Cebu City"}}, {"type": "Feature", "geometry": {"type": "Point", "coordinates": [123.8957821, 10.3127692]}, "properties": {"id": 29261594, "amenity_type": "tertiary", "amenity": "Don Ramon Aboitiz Street", "lgu": "Cebu City"}}, {"type": "Feature", "geometry": {"type": "Point", "coordinates": [123.8906614, 10.3133589]}, "properties": {"id": 29261596, "amenity_type": "tertiary", "amenity": "Don Mariano Cui Street", "lgu": "Cebu City"}}, {"type": "Feature", "geometry": {"type": "Point", "coordinates": [123.885924, 10.3546585]}, "properties": {"id": 29290599, "amenity_type": "primary", "amenity": "Cebu-Balamban Transcentral Highway", "lgu": "Cebu City"}}, {"type": "Feature", "geometry": {"type": "Point", "coordinates": [123.8982993, 10.3310435]}, "properties": {"id": 29290601, "amenity_type": "primary", "amenity": "Salinas Drive", "lgu": "Cebu City"}}, {"type": "Feature", "geometry": {"type": "Point", "coordinates": [123.8978501, 10.3305064]}, "properties": {"id": 29290602, "amenity_type": "secondary", "amenity": "Gorordo Avenue", "lgu": "Cebu City"}}, {"type": "Feature", "geometry": {"type": "Point", "coordinates": [123.8924282, 10.3305697]}, "properties": {"id": 29291209, "amenity_type": "tertiary", "amenity": "Justice Street", "lgu": "Cebu City"}}, {"type": "Feature", "geometry": {"type": "Point", "coordinates": [123.9027091, 10.2978555]}, "properties": {"id": 29451501, "amenity_type": "secondary", "amenity": "Colon Street", "lgu": "Cebu City"}}, {"type": "Feature", "geometry": {"type": "Point", "coordinates": [123.901929, 10.3061789]}, "properties": {"id": 29451508, "amenity_type": "tertiary", "amenity": "General Echavez Street", "lgu": "Cebu City"}}, {"type": "Feature", "geometry": {"type": "Point", "coordinates": [123.8911094, 10.2931478]}, "properties": {"id": 29451510, "amenity_type": "tertiary", "amenity": "T. Abella Street", "lgu": "Cebu City"}}, {"type": "Feature", "geometry": {"type": "Point", "coordinates": [123.870362, 10.2925967]}, "properties": {"id": 29451511, "amenity_type": "secondary", "amenity": "Francisco Llamas Street", "lgu": "Cebu City"}}, {"type": "Feature", "geometry": {"type": "Point", "coordinates": [123.926361, 10.3450398]}, "properties": {"id": 29451512, "amenity_type": "secondary", "amenity": "Hernan Cortes Street", "lgu": "Cebu City"}}, {"type": "Feature", "geometry": {"type": "Point", "coordinates": [123.8805544, 10.3303947]}, "properties": {"id": 29451526, "amenity_type": "secondary", "amenity": "J. Labra Street", "lgu": "Cebu City"}}, {"type": "Feature", "geometry": {"type": "Point", "coordinates": [123.9260214, 10.3207067]}, "properties": {"id": 29451527, "amenity_type": "secondary", "amenity": "Hernan Cortes Street", "lgu": "Cebu City"}}, {"type": "Feature", "geometry": {"type": "Point", "coordinates": [123.9030399, 10.3017025]}, "properties": {"id": 29451533, "amenity_type": "tertiary", "amenity": "T. Padilla Street", "lgu": "Cebu City"}}, {"type": "Feature", "geometry": {"type": "Point", "coordinates": [123.9180612, 10.3729436]}, "properties": {"id": 29840348, "amenity_type": "secondary", "amenity": "Miñoza Street", "lgu": "Cebu City"}}, {"type": "Feature", "geometry": {"type": "Point", "coordinates": [123.915757, 10.360197]}, "properties": {"id": 32744073, "amenity_type": "secondary", "amenity": "Manuel L. Quezon Avenue", "lgu": "Cebu City"}}, {"type": "Feature", "geometry": {"type": "Point", "coordinates": [123.9052344, 10.3149615]}, "properties": {"id": 32834710, "amenity_type": "secondary", "amenity": "Cardinal Rosales Avenue", "lgu": "Cebu City"}}, {"type": "Feature", "geometry": {"type": "Point", "coordinates": [123.8875508, 10.3079354]}, "properties": {"id": 32834729, "amenity_type": "secondary", "amenity": "B. Rodriguez Street", "lgu": "Cebu City"}}, {"type": "Feature", "geometry": {"type": "Point", "coordinates": [123.9121004, 10.3434759]}, "properties": {"id": 32834732, "amenity_type": "tertiary", "amenity": "Paseo Saturnino", "lgu": "Cebu City"}}, {"type": "Feature", "geometry": {"type": "Point", "coordinates": [123.9216333, 10.3463095]}, "properties": {"id": 34130899, "amenity_type": "tertiary", "amenity": "P. Remedio Street", "lgu": "Cebu City"}}, {"type": "Feature", "geometry": {"type": "Point", "coordinates": [123.9280201, 10.3422037]}, "properties": {"id": 34415877, "amenity_type": "tertiary", "amenity": "Aniceto Seno Road", "lgu": "Cebu City"}}, {"type": "Feature", "geometry": {"type": "Point", "coordinates": [123.9308972, 10.3384987]}, "properties": {"id": 34415880, "amenity_type": "tertiary", "amenity": "E. V. Espina Street", "lgu": "Cebu City"}}, {"type": "Feature", "geometry": {"type": "Point", "coordinates": [123.897737, 10.3583348]}, "properties": {"id": 34617490, "amenity_type": "tertiary", "amenity": "Paseo Elisabeth", "lgu": "Cebu City"}}, {"type": "Feature", "geometry": {"type": "Point", "coordinates": [123.8994553, 10.3570184]}, "properties": {"id": 34617508, "amenity_type": "tertiary", "amenity": "Paseo Don Sergio", "lgu": "Cebu City"}}, {"type": "Feature", "geometry": {"type": "Point", "coordinates": [123.8976191, 10.3368994]}, "properties": {"id": 34946939, "amenity_type": "primary", "amenity": "Veterans Drive", "lgu": "Cebu City"}}, {"type": "Feature", "geometry": {"type": "Point", "coordinates": [123.9244058, 10.354703]}, "properties": {"id": 37729738, "amenity_type": "tertiary", "amenity": "Elias Cortes Street", "lgu": "Cebu City"}}, {"type": "Feature", "geometry": {"type": "Point", "coordinates": [123.9254009, 10.3565317]}, "properties": {"id": 37729740, "amenity_type": "tertiary", "amenity": "Elias Cortes Street", "lgu": "Cebu City"}}, {"type": "Feature", "geometry": {"type": "Point", "coordinates": [123.9257814, 10.3242207]}, "properties": {"id": 37981564, "amenity_type": "primary", "amenity": "M.C. Briones Street", "lgu": "Cebu City"}}, {"type": "Feature", "geometry": {"type": "Point", "coordinates": [123.9094583, 10.3406387]}, "properties": {"id": 38423907, "amenity_type": "tertiary", "amenity": "Camp Lapu-Lapu Road", "lgu": "Cebu City"}}, {"type": "Feature", "geometry": {"type": "Point", "coordinates": [123.9071105, 10.3408716]}, "properties": {"id": 38423911, "amenity_type": "tertiary", "amenity": "Camp Lapu-Lapu Road", "lgu": "Cebu City"}}, {"type": "Feature", "geometry": {"type": "Point", "coordinates": [123.9046752, 10.3280155]}, "properties": {"id": 38423933, "amenity_type": "tertiary", "amenity": "Geonzon Street", "lgu": "Cebu City"}}, {"type": "Feature", "geometry": {"type": "Point", "coordinates": [123.9066017, 10.3313609]}, "properties": {"id": 38423935, "amenity_type": "tertiary", "amenity": "Geonzon Street", "lgu": "Cebu City"}}, {"type": "Feature", "geometry": {"type": "Point", "coordinates": [123.9065044, 10.3321061]}, "properties": {"id": 38423941, "amenity_type": "tertiary", "amenity": "San Miguel Road", "lgu": "Cebu City"}}, {"type": "Feature", "geometry": {"type": "Point", "coordinates": [123.9080121, 10.3362578]}, "properties": {"id": 38423943, "amenity_type": "tertiary", "amenity": "San Miguel Street", "lgu": "Cebu City"}}, {"type": "Feature", "geometry": {"type": "Point", "coordinates": [123.9075713, 10.3360816]}, "properties": {"id": 38423944, "amenity_type": "tertiary", "amenity": "San Miguel Street", "lgu": "Cebu City"}}, {"type": "Feature", "geometry": {"type": "Point", "coordinates": [123.9112386, 10.340063]}, "properties": {"id": 38426293, "amenity_type": "tertiary", "amenity": "Camp Lapu-Lapu Road", "lgu": "Cebu City"}}, {"type": "Feature", "geometry": {"type": "Point", "coordinates": [123.8816986, 10.283554]}, "properties": {"id": 38475968, "amenity_type": "secondary", "amenity": "F. Vestil Street", "lgu": "Cebu City"}}, {"type": "Feature", "geometry": {"type": "Point", "coordinates": [123.9075934, 10.3261463]}, "properties": {"id": 38569952, "amenity_type": "secondary", "amenity": "Archbishop Reyes - M. Cuenco Flyover", "lgu": "Cebu City"}}, {"type": "Feature", "geometry": {"type": "Point", "coordinates": [123.9081969, 10.3270544]}, "properties": {"id": 38569953, "amenity_type": "secondary", "amenity": "Governor M. Cuenco Avenue", "lgu": "Cebu City"}}, {"type": "Feature", "geometry": {"type": "Point", "coordinates": [123.9074899, 10.325734]}, "properties": {"id": 38569954, "amenity_type": "secondary", "amenity": "Archbishop Reyes Avenue", "lgu": "Cebu City"}}, {"type": "Feature", "geometry": {"type": "Point", "coordinates": [123.9010589, 10.3133621]}, "properties": {"id": 38571875, "amenity_type": "tertiary", "amenity": "F. Sotto Drive", "lgu": "Cebu City"}}, {"type": "Feature", "geometry": {"type": "Point", "coordinates": [123.9004626, 10.3129773]}, "properties": {"id": 38571879, "amenity_type": "tertiary", "amenity": "Queens' Road", "lgu": "Cebu City"}}, {"type": "Feature", "geometry": {"type": "Point", "coordinates": [123.8982075, 10.3117762]}, "properties": {"id": 38571880, "amenity_type": "tertiary", "amenity": "Gotianuy Street", "lgu": "Cebu City"}}, {"type": "Feature", "geometry": {"type": "Point", "coordinates": [123.89051, 10.3095316]}, "properties": {"id": 38572557, "amenity_type": "tertiary", "amenity": "C. Rodriguez Street", "lgu": "Cebu City"}}, {"type": "Feature", "geometry": {"type": "Point", "coordinates": [123.9124852, 10.3447224]}, "properties": {"id": 38607199, "amenity_type": "secondary", "amenity": "Governor M. Cuenco Avenue", "lgu": "Cebu City"}}, {"type": "Feature", "geometry": {"type": "Point", "coordinates": [123.9119358, 10.3413874]}, "properties": {"id": 38607200, "amenity_type": "secondary", "amenity": "Governor M. Cuenco Avenue", "lgu": "Cebu City"}}, {"type": "Feature", "geometry": {"type": "Point", "coordinates": [123.9122747, 10.3433832]}, "properties": {"id": 38607201, "amenity_type": "secondary", "amenity": "Governor M. Cuenco Avenue", "lgu": "Cebu City"}}, {"type": "Feature", "geometry": {"type": "Point", "coordinates": [123.9120524, 10.3418704]}, "properties": {"id": 38607202, "amenity_type": "secondary", "amenity": "Governor M. Cuenco Avenue", "lgu": "Cebu City"}}, {"type": "Feature", "geometry": {"type": "Point", "coordinates": [123.9125246, 10.3435416]}, "properties": {"id": 38607203, "amenity_type": "secondary", "amenity": "A. S. Fortuna Street", "lgu": "Cebu City"}}, {"type": "Feature", "geometry": {"type": "Point", "coordinates": [123.9127599, 10.3436511]}, "properties": {"id": 38607204, "amenity_type": "secondary", "amenity": "A. S. Fortuna Street", "lgu": "Cebu City"}}, {"type": "Feature", "geometry": {"type": "Point", "coordinates": [123.9123414, 10.3437139]}, "properties": {"id": 38607205, "amenity_type": "secondary", "amenity": "A. S. Fortuna Street", "lgu": "Cebu City"}}, {"type": "Feature", "geometry": {"type": "Point", "coordinates": [123.9123942, 10.3436333]}, "properties": {"id": 38607206, "amenity_type": "secondary", "amenity": "Governor M. Cuenco Avenue", "lgu": "Cebu City"}}, {"type": "Feature", "geometry": {"type": "Point", "coordinates": [123.9125487, 10.3447128]}, "properties": {"id": 38607207, "amenity_type": "secondary", "amenity": "Governor M. Cuenco Avenue", "lgu": "Cebu City"}}, {"type": "Feature", "geometry": {"type": "Point", "coordinates": [123.9108522, 10.3207037]}, "properties": {"id": 39158485, "amenity_type": "secondary", "amenity": "F. Cabahug Street", "lgu": "Cebu City"}}, {"type": "Feature", "geometry": {"type": "Point", "coordinates": [123.9021537, 10.3196249]}, "properties": {"id": 39306441, "amenity_type": "secondary", "amenity": "N. Escario Street", "lgu": "Cebu City"}}, {"type": "Feature", "geometry": {"type": "Point", "coordinates": [123.9009136, 10.319028]}, "properties": {"id": 39306442, "amenity_type": "secondary", "amenity": "N. Escario Street", "lgu": "Cebu City"}}, {"type": "Feature", "geometry": {"type": "Point", "coordinates": [123.9042779, 10.3211685]}, "properties": {"id": 39306443, "amenity_type": "secondary", "amenity": "Archbishop Reyes Avenue", "lgu": "Cebu City"}}, {"type": "Feature", "geometry": {"type": "Point", "coordinates": [123.9035737, 10.3197512]}, "properties": {"id": 39306444, "amenity_type": "secondary", "amenity": "Archbishop Reyes Avenue", "lgu": "Cebu City"}}, {"type": "Feature", "geometry": {"type": "Point", "coordinates": [123.9147287, 10.3558396]}, "properties": {"id": 39819194, "amenity_type": "secondary", "amenity": "Governor M. Cuenco Avenue", "lgu": "Cebu City"}}, {"type": "Feature", "geometry": {"type": "Point", "coordinates": [123.9066768, 10.326581]}, "properties": {"id": 39819799, "amenity_type": "primary", "amenity": "Salinas Drive", "lgu": "Cebu City"}}, {"type": "Feature", "geometry": {"type": "Point", "coordinates": [123.9050871, 10.3002837]}, "properties": {"id": 40070379, "amenity_type": "secondary", "amenity": "Bonifacio Street", "lgu": "Cebu City"}}, {"type": "Feature", "geometry": {"type": "Point", "coordinates": [123.9084129, 10.2984676]}, "properties": {"id": 40897963, "amenity_type": "tertiary", "amenity": "V. Sotto Street", "lgu": "Cebu City"}}, {"type": "Feature", "geometry": {"type": "Point", "coordinates": [123.9050246, 10.2967681]}, "properties": {"id": 40897968, "amenity_type": "tertiary", "amenity": "Vicente Gullas Street", "lgu": "Cebu City"}}, {"type": "Feature", "geometry": {"type": "Point", "coordinates": [123.9044665, 10.2943652]}, "properties": {"id": 40897999, "amenity_type": "tertiary", "amenity": "Legaspi Street", "lgu": "Cebu City"}}, {"type": "Feature", "geometry": {"type": "Point", "coordinates": [123.9117398, 10.34026]}, "properties": {"id": 41108891, "amenity_type": "secondary", "amenity": "Governor M. Cuenco Avenue", "lgu": "Cebu City"}}, {"type": "Feature", "geometry": {"type": "Point", "coordinates": [123.9117067, 10.340066]}, "properties": {"id": 41108892, "amenity_type": "secondary", "amenity": "Governor M. Cuenco Avenue", "lgu": "Cebu City"}}, {"type": "Feature", "geometry": {"type": "Point", "coordinates": [123.905183, 10.3384272]}, "properties": {"id": 42560859, "amenity_type": "tertiary", "amenity": "Camp Lapu-Lapu Road", "lgu": "Cebu City"}}, {"type": "Feature", "geometry": {"type": "Point", "coordinates": [123.9106688, 10.3354561]}, "properties": {"id": 42560860, "amenity_type": "tertiary", "amenity": "Jose Maria Del Mar Avenue", "lgu": "Cebu City"}}, {"type": "Feature", "geometry": {"type": "Point", "coordinates": [123.91776, 10.3200457]}, "properties": {"id": 42745272, "amenity_type": "tertiary", "amenity": "S. Cabahug Street", "lgu": "Cebu City"}}, {"type": "Feature", "geometry": {"type": "Point", "coordinates": [123.8773521, 10.290882]}, "properties": {"id": 42864232, "amenity_type": "secondary", "amenity": "F. Vestil Street", "lgu": "Cebu City"}}, {"type": "Feature", "geometry": {"type": "Point", "coordinates": [123.9225956, 10.3260669]}, "properties": {"id": 45489270, "amenity_type": "secondary", "amenity": "Hernan Cortes Street", "lgu": "Cebu City"}}, {"type": "Feature", "geometry": {"type": "Point", "coordinates": [123.9252163, 10.3221513]}, "properties": {"id": 45489280, "amenity_type": "secondary", "amenity": "Hernan Cortes Street", "lgu": "Cebu City"}}, {"type": "Feature", "geometry": {"type": "Point", "coordinates": [123.9238135, 10.3238438]}, "properties": {"id": 45489305, "amenity_type": "secondary", "amenity": "Hernan Cortes Street", "lgu": "Cebu City"}}, {"type": "Feature", "geometry": {"type": "Point", "coordinates": [123.9245762, 10.3230158]}, "properties": {"id": 45489315, "amenity_type": "secondary", "amenity": "Hernan Cortes Street", "lgu": "Cebu City"}}, {"type": "Feature", "geometry": {"type": "Point", "coordinates": [123.9076573, 10.2945663]}, "properties": {"id": 47066292, "amenity_type": "tertiary", "amenity": "C. Arellano Boulevard", "lgu": "Cebu City"}}, {"type": "Feature", "geometry": {"type": "Point", "coordinates": [123.9099016, 10.297845]}, "properties": {"id": 47066293, "amenity_type": "tertiary", "amenity": "V. Sotto Street", "lgu": "Cebu City"}}, {"type": "Feature", "geometry": {"type": "Point", "coordinates": [123.9244632, 10.3231593]}, "properties": {"id": 47066300, "amenity_type": "secondary", "amenity": "Hernan Cortes Street", "lgu": "Cebu City"}}, {"type": "Feature", "geometry": {"type": "Point", "coordinates": [123.9250658, 10.3221653]}, "properties": {"id": 47066301, "amenity_type": "secondary", "amenity": "Hernan Cortes Street", "lgu": "Cebu City"}}, {"type": "Feature", "geometry": {"type": "Point", "coordinates": [123.9037646, 10.2929164]}, "properties": {"id": 47244771, "amenity_type": "tertiary", "amenity": "Magallanes Street", "lgu": "Cebu City"}}, {"type": "Feature", "geometry": {"type": "Point", "coordinates": [123.9035585, 10.2934705]}, "properties": {"id": 47244772, "amenity_type": "tertiary", "amenity": "Lapu-Lapu Street", "lgu": "Cebu City"}}, {"type": "Feature", "geometry": {"type": "Point", "coordinates": [123.9034627, 10.2921612]}, "properties": {"id": 47244773, "amenity_type": "tertiary", "amenity": "M.C. Briones Street", "lgu": "Cebu City"}}, {"type": "Feature", "geometry": {"type": "Point", "coordinates": [123.8994806, 10.2920358]}, "properties": {"id": 47244774, "amenity_type": "tertiary", "amenity": "Jose Leyson Street", "lgu": "Cebu City"}}, {"type": "Feature", "geometry": {"type": "Point", "coordinates": [123.8978482, 10.2934402]}, "properties": {"id": 47244775, "amenity_type": "tertiary", "amenity": "F. Calderon Street", "lgu": "Cebu City"}}, {"type": "Feature", "geometry": {"type": "Point", "coordinates": [123.8974319, 10.2919295]}, "properties": {"id": 47244776, "amenity_type": "tertiary", "amenity": "Escaño Street", "lgu": "Cebu City"}}, {"type": "Feature", "geometry": {"type": "Point", "coordinates": [123.8984566, 10.2961984]}, "properties": {"id": 47244777, "amenity_type": "secondary", "amenity": "Osmeña Boulevard", "lgu": "Cebu City"}}, {"type": "Feature", "geometry": {"type": "Point", "coordinates": [123.8985647, 10.2945575]}, "properties": {"id": 47244780, "amenity_type": "tertiary", "amenity": "A. Borromeo Street", "lgu": "Cebu City"}}, {"type": "Feature", "geometry": {"type": "Point", "coordinates": [123.921602, 10.310866]}, "properties": {"id": 47245025, "amenity_type": "secondary", "amenity": "Kaohsiung Street", "lgu": "Cebu City"}}, {"type": "Feature", "geometry": {"type": "Point", "coordinates": [123.9210703, 10.3124484]}, "properties": {"id": 47573731, "amenity_type": "secondary", "amenity": "F. Urot Street", "lgu": "Cebu City"}}, {"type": "Feature", "geometry": {"type": "Point", "coordinates": [123.9221711, 10.3133959]}, "properties": {"id": 47573733, "amenity_type": "secondary", "amenity": "F. Urot Street", "lgu": "Cebu City"}}, {"type": "Feature", "geometry": {"type": "Point", "coordinates": [123.9238911, 10.3238427]}, "properties": {"id": 48227339, "amenity_type": "secondary", "amenity": "Hernan Cortes Street", "lgu": "Cebu City"}}, {"type": "Feature", "geometry": {"type": "Point", "coordinates": [123.9078771, 10.3183334]}, "properties": {"id": 48734496, "amenity_type": "tertiary", "amenity": "Samar Loop", "lgu": "Cebu City"}}, {"type": "Feature", "geometry": {"type": "Point", "coordinates": [123.9055828, 10.3067932]}, "properties": {"id": 49037238, "amenity_type": "secondary", "amenity": "M.J. Cuenco Avenue", "lgu": "Cebu City"}}, {"type": "Feature", "geometry": {"type": "Point", "coordinates": [123.9058263, 10.3161728]}, "properties": {"id": 50815001, "amenity_type": "secondary", "amenity": "Cardinal Rosales Avenue", "lgu": "Cebu City"}}, {"type": "Feature", "geometry": {"type": "Point", "coordinates": [123.9039638, 10.3170023]}, "properties": {"id": 50815080, "amenity_type": "tertiary", "amenity": "Luzon Avenue", "lgu": "Cebu City"}}, {"type": "Feature", "geometry": {"type": "Point", "coordinates": [123.9028976, 10.317509]}, "properties": {"id": 50815095, "amenity_type": "tertiary", "amenity": "Luzon Avenue", "lgu": "Cebu City"}}, {"type": "Feature", "geometry": {"type": "Point", "coordinates": [123.9107337, 10.3344552]}, "properties": {"id": 50866334, "amenity_type": "secondary", "amenity": "Governor M. Cuenco Avenue", "lgu": "Cebu City"}}, {"type": "Feature", "geometry": {"type": "Point", "coordinates": [123.911605, 10.3394462]}, "properties": {"id": 50869750, "amenity_type": "secondary", "amenity": "Governor M. Cuenco Avenue", "lgu": "Cebu City"}}, {"type": "Feature", "geometry": {"type": "Point", "coordinates": [123.9057582, 10.3161384]}, "properties": {"id": 50873804, "amenity_type": "tertiary", "amenity": "Samar Loop", "lgu": "Cebu City"}}, {"type": "Feature", "geometry": {"type": "Point", "coordinates": [123.9052626, 10.3201212]}, "properties": {"id": 50873805, "amenity_type": "tertiary", "amenity": "Mindanao Avenue", "lgu": "Cebu City"}}, {"type": "Feature", "geometry": {"type": "Point", "coordinates": [123.9036736, 10.3136369]}, "properties": {"id": 50875248, "amenity_type": "secondary", "amenity": "Cardinal Rosales Avenue", "lgu": "Cebu City"}}, {"type": "Feature", "geometry": {"type": "Point", "coordinates": [123.9066758, 10.3319328]}, "properties": {"id": 51372046, "amenity_type": "tertiary", "amenity": "I. Villa Street", "lgu": "Cebu City"}}, {"type": "Feature", "geometry": {"type": "Point", "coordinates": [123.9102814, 10.3352578]}, "properties": {"id": 51372086, "amenity_type": "tertiary", "amenity": "Jose Maria Del Mar Avenue", "lgu": "Cebu City"}}, {"type": "Feature", "geometry": {"type": "Point", "coordinates": [123.9067607, 10.3320192]}, "properties": {"id": 51372097, "amenity_type": "tertiary", "amenity": "I. Villa Street", "lgu": "Cebu City"}}, {"type": "Feature", "geometry": {"type": "Point", "coordinates": [123.8984016, 10.2979585]}, "properties": {"id": 51777216, "amenity_type": "tertiary", "amenity": "Pelaez Street", "lgu": "Cebu City"}}, {"type": "Feature", "geometry": {"type": "Point", "coordinates": [123.9262346, 10.3206304]}, "properties": {"id": 51816108, "amenity_type": "secondary", "amenity": "E.O. Perez Street", "lgu": "Cebu City"}}, {"type": "Feature", "geometry": {"type": "Point", "coordinates": [123.9261715, 10.3204954]}, "properties": {"id": 51816109, "amenity_type": "secondary", "amenity": "E.O. Perez Street", "lgu": "Cebu City"}}, {"type": "Feature", "geometry": {"type": "Point", "coordinates": [123.9231384, 10.3122331]}, "properties": {"id": 52254221, "amenity_type": "trunk", "amenity": "Sergio Osmeña Avenue", "lgu": "Cebu City"}}, {"type": "Feature", "geometry": {"type": "Point", "coordinates": [123.9239827, 10.3129488]}, "properties": {"id": 52254223, "amenity_type": "trunk", "amenity": "Sergio Osmeña Avenue", "lgu": "Cebu City"}}, {"type": "Feature", "geometry": {"type": "Point", "coordinates": [123.9259695, 10.3204199]}, "properties": {"id": 52332158, "amenity_type": "secondary", "amenity": "M. Logarta Avenue", "lgu": "Cebu City"}}, {"type": "Feature", "geometry": {"type": "Point", "coordinates": [123.9250037, 10.3170715]}, "properties": {"id": 52333118, "amenity_type": "secondary", "amenity": "M. Logarta Avenue", "lgu": "Cebu City"}}, {"type": "Feature", "geometry": {"type": "Point", "coordinates": [123.9221251, 10.313439]}, "properties": {"id": 52333119, "amenity_type": "secondary", "amenity": "F. Urot Street", "lgu": "Cebu City"}}, {"type": "Feature", "geometry": {"type": "Point", "coordinates": [123.922852, 10.3141911]}, "properties": {"id": 52333120, "amenity_type": "secondary", "amenity": "M. Logarta Avenue", "lgu": "Cebu City"}}, {"type": "Feature", "geometry": {"type": "Point", "coordinates": [123.922925, 10.3141348]}, "properties": {"id": 52333121, "amenity_type": "secondary", "amenity": "M. Logarta Avenue", "lgu": "Cebu City"}}, {"type": "Feature", "geometry": {"type": "Point", "coordinates": [123.9051304, 10.2997409]}, "properties": {"id": 52336398, "amenity_type": "secondary", "amenity": "Eduardo Aboitiz Street", "lgu": "Cebu City"}}, {"type": "Feature", "geometry": {"type": "Point", "coordinates": [123.8982304, 10.3024278]}, "properties": {"id": 52372261, "amenity_type": "tertiary", "amenity": "Junquera Street", "lgu": "Cebu City"}}, {"type": "Feature", "geometry": {"type": "Point", "coordinates": [123.9073015, 10.3086191]}, "properties": {"id": 52385857, "amenity_type": "secondary", "amenity": "General Maxilom Avenue Extension", "lgu": "Cebu City"}}, {"type": "Feature", "geometry": {"type": "Point", "coordinates": [123.9071443, 10.3087668]}, "properties": {"id": 52385865, "amenity_type": "primary", "amenity": "Imus Avenue", "lgu": "Cebu City"}}, {"type": "Feature", "geometry": {"type": "Point", "coordinates": [123.9072093, 10.3087676]}, "properties": {"id": 52385872, "amenity_type": "secondary", "amenity": "General Maxilom Avenue Extension", "lgu": "Cebu City"}}, {"type": "Feature", "geometry": {"type": "Point", "coordinates": [123.8940458, 10.3096806]}, "properties": {"id": 52385879, "amenity_type": "secondary", "amenity": "General Maxilom Avenue", "lgu": "Cebu City"}}, {"type": "Feature", "geometry": {"type": "Point", "coordinates": [123.9074783, 10.3091121]}, "properties": {"id": 52385881, "amenity_type": "primary", "amenity": "M.J. Cuenco Avenue", "lgu": "Cebu City"}}, {"type": "Feature", "geometry": {"type": "Point", "coordinates": [123.9085289, 10.3079647]}, "properties": {"id": 52385894, "amenity_type": "secondary", "amenity": "General Maxilom Avenue Extension", "lgu": "Cebu City"}}, {"type": "Feature", "geometry": {"type": "Point", "coordinates": [123.8922645, 10.2962148]}, "properties": {"id": 53804929, "amenity_type": "tertiary", "amenity": "Sanciangko Street", "lgu": "Cebu City"}}, {"type": "Feature", "geometry": {"type": "Point", "coordinates": [123.8910682, 10.3107399]}, "properties": {"id": 53804930, "amenity_type": "tertiary", "amenity": "J. Llorente Street", "lgu": "Cebu City"}}, {"type": "Feature", "geometry": {"type": "Point", "coordinates": [123.8947088, 10.3108055]}, "properties": {"id": 53804932, "amenity_type": "tertiary", "amenity": "J. Llorente Street", "lgu": "Cebu City"}}, {"type": "Feature", "geometry": {"type": "Point", "coordinates": [123.9285428, 10.3313405]}, "properties": {"id": 59914531, "amenity_type": "tertiary", "amenity": "P. Basubas Street", "lgu": "Cebu City"}}, {"type": "Feature", "geometry": {"type": "Point", "coordinates": [123.8977452, 10.3072972]}, "properties": {"id": 62011098, "amenity_type": "tertiary", "amenity": "V. Ranudo Street", "lgu": "Cebu City"}}, {"type": "Feature", "geometry": {"type": "Point", "coordinates": [123.8598406, 10.2845474]}, "properties": {"id": 62072998, "amenity_type": "primary", "amenity": "Natalio Bacalso Avenue", "lgu": "Cebu City"}}, {"type": "Feature", "geometry": {"type": "Point", "coordinates": [123.9036975, 10.3099583]}, "properties": {"id": 62103039, "amenity_type": "tertiary", "amenity": "General Echavez Street", "lgu": "Cebu City"}}, {"type": "Feature", "geometry": {"type": "Point", "coordinates": [123.9025034, 10.3067472]}, "properties": {"id": 62103040, "amenity_type": "tertiary", "amenity": "General Echavez Street", "lgu": "Cebu City"}}, {"type": "Feature", "geometry": {"type": "Point", "coordinates": [123.8706048, 10.379808]}, "properties": {"id": 65423518, "amenity_type": "primary", "amenity": "Cebu-Balamban Transcentral Highway", "lgu": "Cebu City"}}, {"type": "Feature", "geometry": {"type": "Point", "coordinates": [123.8641004, 10.3795831]}, "properties": {"id": 69364432, "amenity_type": "primary", "amenity": "Cebu-Balamban Transcentral Highway", "lgu": "Cebu City"}}, {"type": "Feature", "geometry": {"type": "Point", "coordinates": [123.8674356, 10.3788848]}, "properties": {"id": 69364433, "amenity_type": "primary", "amenity": "Cebu-Balamban Transcentral Highway", "lgu": "Cebu City"}}, {"type": "Feature", "geometry": {"type": "Point", "coordinates": [123.8566895, 10.3764427]}, "properties": {"id": 69364434, "amenity_type": "primary", "amenity": "Cebu-Balamban Transcentral Highway", "lgu": "Cebu City"}}, {"type": "Feature", "geometry": {"type": "Point", "coordinates": [123.8606499, 10.3777609]}, "properties": {"id": 69364435, "amenity_type": "primary", "amenity": "Cebu-Balamban Transcentral Highway", "lgu": "Cebu City"}}, {"type": "Feature", "geometry": {"type": "Point", "coordinates": [123.9054487, 10.2941228]}, "properties": {"id": 75612286, "amenity_type": "tertiary", "amenity": "Legaspi Extension", "lgu": "Cebu City"}}, {"type": "Feature", "geometry": {"type": "Point", "coordinates": [123.9021025, 10.2974224]}, "properties": {"id": 76344245, "amenity_type": "tertiary", "amenity": "Dionisio Jakosalem Street", "lgu": "Cebu City"}}, {"type": "Feature", "geometry": {"type": "Point", "coordinates": [123.9022923, 10.3002611]}, "properties": {"id": 76344246, "amenity_type": "tertiary", "amenity": "Bonifacio Street", "lgu": "Cebu City"}}, {"type": "Feature", "geometry": {"type": "Point", "coordinates": [123.9246725, 10.3208512]}, "properties": {"id": 77592868, "amenity_type": "tertiary", "amenity": "S. O. Albaño Street", "lgu": "Cebu City"}}, {"type": "Feature", "geometry": {"type": "Point", "coordinates": [123.9241022, 10.3128114]}, "properties": {"id": 77592871, "amenity_type": "trunk", "amenity": "Sergio Osmeña Avenue", "lgu": "Cebu City"}}, {"type": "Feature", "geometry": {"type": "Point", "coordinates": [123.9049639, 10.2944533]}, "properties": {"id": 77593968, "amenity_type": "secondary", "amenity": "M.J. Cuenco Avenue", "lgu": "Cebu City"}}, {"type": "Feature", "geometry": {"type": "Point", "coordinates": [123.9067204, 10.2951241]}, "properties": {"id": 77593969, "amenity_type": "trunk", "amenity": "Cebu South Coastal Road", "lgu": "Cebu City"}}, {"type": "Feature", "geometry": {"type": "Point", "coordinates": [123.8865737, 10.2851832]}, "properties": {"id": 77593971, "amenity_type": "trunk", "amenity": "Cebu South Coastal Road", "lgu": "Cebu City"}}, {"type": "Feature", "geometry": {"type": "Point", "coordinates": [123.8577594, 10.2797683]}, "properties": {"id": 77593972, "amenity_type": "tertiary", "amenity": "F. Jaca Street", "lgu": "Cebu City"}}, {"type": "Feature", "geometry": {"type": "Point", "coordinates": [123.9032089, 10.2915924]}, "properties": {"id": 77593974, "amenity_type": "secondary", "amenity": "Cebu South Coastal Road", "lgu": "Cebu City"}}, {"type": "Feature", "geometry": {"type": "Point", "coordinates": [123.9081145, 10.2980015]}, "properties": {"id": 77594022, "amenity_type": "trunk", "amenity": "Sergio Osmeña Avenue", "lgu": "Cebu City"}}, {"type": "Feature", "geometry": {"type": "Point", "coordinates": [123.9275996, 10.3155589]}, "properties": {"id": 77594101, "amenity_type": "trunk", "amenity": "Ouano Avenue", "lgu": "Cebu City"}}, {"type": "Feature", "geometry": {"type": "Point", "coordinates": [123.9040281, 10.2925591]}, "properties": {"id": 77594106, "amenity_type": "trunk", "amenity": "Cebu South Coastal Road", "lgu": "Cebu City"}}, {"type": "Feature", "geometry": {"type": "Point", "coordinates": [123.90155, 10.3017829]}, "properties": {"id": 77594857, "amenity_type": "primary", "amenity": "P. del Rosario Street", "lgu": "Cebu City"}}, {"type": "Feature", "geometry": {"type": "Point", "coordinates": [123.9028316, 10.3029487]}, "properties": {"id": 77594858, "amenity_type": "primary", "amenity": "Imus Avenue", "lgu": "Cebu City"}}, {"type": "Feature", "geometry": {"type": "Point", "coordinates": [123.9022509, 10.3018336]}, "properties": {"id": 77594859, "amenity_type": "tertiary", "amenity": "Sikatuna Street", "lgu": "Cebu City"}}, {"type": "Feature", "geometry": {"type": "Point", "coordinates": [123.894885, 10.3047481]}, "properties": {"id": 77594863, "amenity_type": "secondary", "amenity": "Osmeña Boulevard", "lgu": "Cebu City"}}, {"type": "Feature", "geometry": {"type": "Point", "coordinates": [123.9009163, 10.3017104]}, "properties": {"id": 77594864, "amenity_type": "primary", "amenity": "P. del Rosario Street", "lgu": "Cebu City"}}, {"type": "Feature", "geometry": {"type": "Point", "coordinates": [123.9087954, 10.2983593]}, "properties": {"id": 77594865, "amenity_type": "tertiary", "amenity": "V. Sotto Street", "lgu": "Cebu City"}}, {"type": "Feature", "geometry": {"type": "Point", "coordinates": [123.9072902, 10.2931567]}, "properties": {"id": 77594867, "amenity_type": "tertiary", "amenity": "Legaspi Extension", "lgu": "Cebu City"}}, {"type": "Feature", "geometry": {"type": "Point", "coordinates": [123.9006192, 10.2906698]}, "properties": {"id": 77721334, "amenity_type": "trunk", "amenity": "Cebu South Coastal Road", "lgu": "Cebu City"}}, {"type": "Feature", "geometry": {"type": "Point", "coordinates": [123.8989548, 10.3030728]}, "properties": {"id": 78001733, "amenity_type": "tertiary", "amenity": "R.R. Landon Street", "lgu": "Cebu City"}}, {"type": "Feature", "geometry": {"type": "Point", "coordinates": [123.9102634, 10.3016361]}, "properties": {"id": 78488744, "amenity_type": "tertiary", "amenity": "T. Padilla Street", "lgu": "Cebu City"}}, {"type": "Feature", "geometry": {"type": "Point", "coordinates": [123.8888877, 10.296532]}, "properties": {"id": 78490451, "amenity_type": "tertiary", "amenity": "Vicente Rama Avenue", "lgu": "Cebu City"}}, {"type": "Feature", "geometry": {"type": "Point", "coordinates": [123.893663, 10.2943519]}, "properties": {"id": 78603309, "amenity_type": "secondary", "amenity": "Colon Street", "lgu": "Cebu City"}}, {"type": "Feature", "geometry": {"type": "Point", "coordinates": [123.9028255, 10.2960038]}, "properties": {"id": 78604781, "amenity_type": "tertiary", "amenity": "P. Gomez Street", "lgu": "Cebu City"}}, {"type": "Feature", "geometry": {"type": "Point", "coordinates": [123.8759096, 10.2898987]}, "properties": {"id": 79474355, "amenity_type": "tertiary", "amenity": "L. Gabuya Street", "lgu": "Cebu City"}}, {"type": "Feature", "geometry": {"type": "Point", "coordinates": [123.8508904, 10.3747941]}, "properties": {"id": 79587220, "amenity_type": "tertiary", "amenity": "Bonbon-Sudlon Road", "lgu": "Cebu City"}}, {"type": "Feature", "geometry": {"type": "Point", "coordinates": [123.8679032, 10.2935511]}, "properties": {"id": 79885800, "amenity_type": "tertiary", "amenity": "E. Sabellano Street", "lgu": "Cebu City"}}, {"type": "Feature", "geometry": {"type": "Point", "coordinates": [123.840306, 10.3193841]}, "properties": {"id": 79886152, "amenity_type": "tertiary", "amenity": "Buhisan Road", "lgu": "Cebu City"}}, {"type": "Feature", "geometry": {"type": "Point", "coordinates": [123.8486496, 10.311577]}, "properties": {"id": 79886153, "amenity_type": "tertiary", "amenity": "Buhisan Road", "lgu": "Cebu City"}}, {"type": "Feature", "geometry": {"type": "Point", "coordinates": [123.8737905, 10.3007979]}, "properties": {"id": 79886154, "amenity_type": "secondary", "amenity": "Katipunan Street", "lgu": "Cebu City"}}, {"type": "Feature", "geometry": {"type": "Point", "coordinates": [123.8767267, 10.3313543]}, "properties": {"id": 79886163, "amenity_type": "tertiary", "amenity": "Sapangdaku Road", "lgu": "Cebu City"}}, {"type": "Feature", "geometry": {"type": "Point", "coordinates": [123.8877011, 10.2973994]}, "properties": {"id": 80316061, "amenity_type": "secondary", "amenity": "Katipunan Street", "lgu": "Cebu City"}}, {"type": "Feature", "geometry": {"type": "Point", "coordinates": [123.8854578, 10.297279]}, "properties": {"id": 80316062, "amenity_type": "secondary", "amenity": "Tres de Abril Street", "lgu": "Cebu City"}}, {"type": "Feature", "geometry": {"type": "Point", "coordinates": [123.9298959, 10.3197936]}, "properties": {"id": 80316633, "amenity_type": "secondary", "amenity": "E.O. Perez Street", "lgu": "Cebu City"}}, {"type": "Feature", "geometry": {"type": "Point", "coordinates": [123.9284694, 10.3171335]}, "properties": {"id": 80316701, "amenity_type": "tertiary", "amenity": "F.F. Cruz Avenue", "lgu": "Cebu City"}}, {"type": "Feature", "geometry": {"type": "Point", "coordinates": [123.9165942, 10.414558]}, "properties": {"id": 80317125, "amenity_type": "secondary", "amenity": "Agpasan-Binaliw-Cebu City Road", "lgu": "Cebu City"}}, {"type": "Feature", "geometry": {"type": "Point", "coordinates": [123.9307852, 10.3646559]}, "properties": {"id": 80317161, "amenity_type": "tertiary", "amenity": "Gregorio Suico Street", "lgu": "Cebu City"}}, {"type": "Feature", "geometry": {"type": "Point", "coordinates": [123.9275898, 10.3612773]}, "properties": {"id": 80317162, "amenity_type": "tertiary", "amenity": "Gregorio Suico Street", "lgu": "Cebu City"}}, {"type": "Feature", "geometry": {"type": "Point", "coordinates": [123.9107527, 10.3206129]}, "properties": {"id": 80318411, "amenity_type": "primary", "amenity": "Pope John Paul Ⅱ Avenue", "lgu": "Cebu City"}}, {"type": "Feature", "geometry": {"type": "Point", "coordinates": [123.9108113, 10.320589]}, "properties": {"id": 80318412, "amenity_type": "secondary", "amenity": "Cardinal Rosales Avenue", "lgu": "Cebu City"}}, {"type": "Feature", "geometry": {"type": "Point", "coordinates": [123.9085951, 10.3191517]}, "properties": {"id": 80318413, "amenity_type": "secondary", "amenity": "Cardinal Rosales Avenue", "lgu": "Cebu City"}}, {"type": "Feature", "geometry": {"type": "Point", "coordinates": [123.9076166, 10.3257367]}, "properties": {"id": 80318416, "amenity_type": "primary", "amenity": "Pope John Paul Ⅱ Avenue", "lgu": "Cebu City"}}, {"type": "Feature", "geometry": {"type": "Point", "coordinates": [123.9075312, 10.3258629]}, "properties": {"id": 80318417, "amenity_type": "primary", "amenity": "Pope John Paul Ⅱ Avenue", "lgu": "Cebu City"}}, {"type": "Feature", "geometry": {"type": "Point", "coordinates": [123.9077453, 10.3259798]}, "properties": {"id": 80318418, "amenity_type": "secondary", "amenity": "Governor M. Cuenco Avenue", "lgu": "Cebu City"}}, {"type": "Feature", "geometry": {"type": "Point", "coordinates": [123.9075856, 10.3259116]}, "properties": {"id": 80318419, "amenity_type": "primary", "amenity": "Pope John Paul Ⅱ Avenue", "lgu": "Cebu City"}}, {"type": "Feature", "geometry": {"type": "Point", "coordinates": [123.9161999, 10.3123914]}, "properties": {"id": 80318420, "amenity_type": "secondary", "amenity": "A. Soriano Jr. Avenue", "lgu": "Cebu City"}}, {"type": "Feature", "geometry": {"type": "Point", "coordinates": [123.8772797, 10.2911512]}, "properties": {"id": 80318422, "amenity_type": "secondary", "amenity": "F. Vestil Street", "lgu": "Cebu City"}}, {"type": "Feature", "geometry": {"type": "Point", "coordinates": [123.8771833, 10.2910843]}, "properties": {"id": 80318423, "amenity_type": "secondary", "amenity": "F. Vestil Street", "lgu": "Cebu City"}}, {"type": "Feature", "geometry": {"type": "Point", "coordinates": [123.8689407, 10.2894694]}, "properties": {"id": 80318424, "amenity_type": "primary", "amenity": "Mambaling Underpass", "lgu": "Cebu City"}}, {"type": "Feature", "geometry": {"type": "Point", "coordinates": [123.871849, 10.28989]}, "properties": {"id": 80318425, "amenity_type": "secondary", "amenity": "Natalio Bacalso Avenue", "lgu": "Cebu City"}}, {"type": "Feature", "geometry": {"type": "Point", "coordinates": [123.8569048, 10.2812458]}, "properties": {"id": 80318427, "amenity_type": "primary", "amenity": "Natalio Bacalso Avenue", "lgu": "Cebu City"}}, {"type": "Feature", "geometry": {"type": "Point", "coordinates": [123.8920879, 10.2983123]}, "properties": {"id": 80318428, "amenity_type": "primary", "amenity": "Natalio Bacalso Avenue", "lgu": "Cebu City"}}, {"type": "Feature", "geometry": {"type": "Point", "coordinates": [123.9130683, 10.3169868]}, "properties": {"id": 80318459, "amenity_type": "primary", "amenity": "Pope John Paul Ⅱ Avenue", "lgu": "Cebu City"}}, {"type": "Feature", "geometry": {"type": "Point", "coordinates": [123.9190898, 10.3088282]}, "properties": {"id": 80318460, "amenity_type": "primary", "amenity": "Juan Luna Avenue", "lgu": "Cebu City"}}, {"type": "Feature", "geometry": {"type": "Point", "coordinates": [123.9149994, 10.3137837]}, "properties": {"id": 80318461, "amenity_type": "primary", "amenity": "Juan Luna Avenue", "lgu": "Cebu City"}}, {"type": "Feature", "geometry": {"type": "Point", "coordinates": [123.9126669, 10.3175766]}, "properties": {"id": 80318463, "amenity_type": "tertiary", "amenity": "S. Cabahug Street", "lgu": "Cebu City"}}, {"type": "Feature", "geometry": {"type": "Point", "coordinates": [123.91558, 10.3205826]}, "properties": {"id": 80394555, "amenity_type": "tertiary", "amenity": "S. Cabahug Street", "lgu": "Cebu City"}}, {"type": "Feature", "geometry": {"type": "Point", "coordinates": [123.929464, 10.3158846]}, "properties": {"id": 80396246, "amenity_type": "tertiary", "amenity": "F.F. Cruz Avenue", "lgu": "Cebu City"}}, {"type": "Feature", "geometry": {"type": "Point", "coordinates": [123.9067286, 10.2936042]}, "properties": {"id": 80675938, "amenity_type": "tertiary", "amenity": "Legaspi Extension", "lgu": "Cebu City"}}, {"type": "Feature", "geometry": {"type": "Point", "coordinates": [123.9073714, 10.2932428]}, "properties": {"id": 80675939, "amenity_type": "tertiary", "amenity": "Legaspi Extension", "lgu": "Cebu City"}}, {"type": "Feature", "geometry": {"type": "Point", "coordinates": [123.9065589, 10.2950706]}, "properties": {"id": 80675940, "amenity_type": "tertiary", "amenity": "Sergio Osmeña Avenue", "lgu": "Cebu City"}}, {"type": "Feature", "geometry": {"type": "Point", "coordinates": [123.9061512, 10.2938427]}, "properties": {"id": 80675941, "amenity_type": "tertiary", "amenity": "Sergio Osmeña Avenue", "lgu": "Cebu City"}}, {"type": "Feature", "geometry": {"type": "Point", "coordinates": [123.9067074, 10.2949873]}, "properties": {"id": 80675985, "amenity_type": "tertiary", "amenity": "Sergio Osmeña Avenue", "lgu": "Cebu City"}}, {"type": "Feature", "geometry": {"type": "Point", "coordinates": [123.8984222, 10.4229371]}, "properties": {"id": 81344512, "amenity_type": "tertiary", "amenity": "Unnamed road corridor", "lgu": "Cebu City"}}, {"type": "Feature", "geometry": {"type": "Point", "coordinates": [123.8800288, 10.331607]}, "properties": {"id": 81344549, "amenity_type": "tertiary", "amenity": "Unnamed road corridor", "lgu": "Cebu City"}}, {"type": "Feature", "geometry": {"type": "Point", "coordinates": [123.8799921, 10.3387262]}, "properties": {"id": 81345477, "amenity_type": "tertiary", "amenity": "CPDRC", "lgu": "Cebu City"}}, {"type": "Feature", "geometry": {"type": "Point", "coordinates": [123.9255062, 10.4052312]}, "properties": {"id": 81459171, "amenity_type": "tertiary", "amenity": "Unnamed road corridor", "lgu": "Cebu City"}}, {"type": "Feature", "geometry": {"type": "Point", "coordinates": [123.9030769, 10.3707668]}, "properties": {"id": 81459448, "amenity_type": "tertiary", "amenity": "Budlaan Road", "lgu": "Cebu City"}}, {"type": "Feature", "geometry": {"type": "Point", "coordinates": [123.9050779, 10.2946635]}, "properties": {"id": 82162374, "amenity_type": "secondary", "amenity": "M.J. Cuenco Avenue", "lgu": "Cebu City"}}, {"type": "Feature", "geometry": {"type": "Point", "coordinates": [123.900168, 10.2941531]}, "properties": {"id": 82162375, "amenity_type": "tertiary", "amenity": "Magallanes Street", "lgu": "Cebu City"}}, {"type": "Feature", "geometry": {"type": "Point", "coordinates": [123.9037033, 10.2981922]}, "properties": {"id": 82162396, "amenity_type": "secondary", "amenity": "Mabini Street", "lgu": "Cebu City"}}, {"type": "Feature", "geometry": {"type": "Point", "coordinates": [123.9026414, 10.2924891]}, "properties": {"id": 82172582, "amenity_type": "tertiary", "amenity": "M.C. Briones Street", "lgu": "Cebu City"}}, {"type": "Feature", "geometry": {"type": "Point", "coordinates": [123.9059207, 10.29397]}, "properties": {"id": 82172584, "amenity_type": "tertiary", "amenity": "Sergio Osmeña Avenue", "lgu": "Cebu City"}}, {"type": "Feature", "geometry": {"type": "Point", "coordinates": [123.8906612, 10.3087737]}, "properties": {"id": 82487162, "amenity_type": "secondary", "amenity": "B. Rodriguez Street", "lgu": "Cebu City"}}, {"type": "Feature", "geometry": {"type": "Point", "coordinates": [123.8954491, 10.3084285]}, "properties": {"id": 82487339, "amenity_type": "tertiary", "amenity": "F. Ramos Street", "lgu": "Cebu City"}}, {"type": "Feature", "geometry": {"type": "Point", "coordinates": [123.8939444, 10.3099278]}, "properties": {"id": 82487340, "amenity_type": "secondary", "amenity": "General Maxilom Avenue", "lgu": "Cebu City"}}, {"type": "Feature", "geometry": {"type": "Point", "coordinates": [123.8942343, 10.3098762]}, "properties": {"id": 82487341, "amenity_type": "secondary", "amenity": "General Maxilom Avenue", "lgu": "Cebu City"}}, {"type": "Feature", "geometry": {"type": "Point", "coordinates": [123.8920642, 10.3130602]}, "properties": {"id": 82487342, "amenity_type": "secondary", "amenity": "Osmeña Boulevard", "lgu": "Cebu City"}}, {"type": "Feature", "geometry": {"type": "Point", "coordinates": [123.8943791, 10.3174596]}, "properties": {"id": 82487361, "amenity_type": "secondary", "amenity": "N. Escario Street", "lgu": "Cebu City"}}, {"type": "Feature", "geometry": {"type": "Point", "coordinates": [123.8962908, 10.317808]}, "properties": {"id": 82487363, "amenity_type": "secondary", "amenity": "N. Escario Street", "lgu": "Cebu City"}}, {"type": "Feature", "geometry": {"type": "Point", "coordinates": [123.897239, 10.3286016]}, "properties": {"id": 83672930, "amenity_type": "tertiary", "amenity": "Sudlon", "lgu": "Cebu City"}}, {"type": "Feature", "geometry": {"type": "Point", "coordinates": [123.8918484, 10.3302998]}, "properties": {"id": 83672931, "amenity_type": "tertiary", "amenity": "Justice Street", "lgu": "Cebu City"}}, {"type": "Feature", "geometry": {"type": "Point", "coordinates": [123.9157087, 10.3128817]}, "properties": {"id": 85131865, "amenity_type": "primary", "amenity": "Juan Luna Avenue", "lgu": "Cebu City"}}, {"type": "Feature", "geometry": {"type": "Point", "coordinates": [123.9154812, 10.3132939]}, "properties": {"id": 85131876, "amenity_type": "primary", "amenity": "Juan Luna Avenue", "lgu": "Cebu City"}}, {"type": "Feature", "geometry": {"type": "Point", "coordinates": [123.9154075, 10.3132272]}, "properties": {"id": 85131937, "amenity_type": "primary", "amenity": "Juan Luna Avenue", "lgu": "Cebu City"}}, {"type": "Feature", "geometry": {"type": "Point", "coordinates": [123.9150722, 10.3138348]}, "properties": {"id": 85131947, "amenity_type": "primary", "amenity": "Juan Luna Avenue", "lgu": "Cebu City"}}, {"type": "Feature", "geometry": {"type": "Point", "coordinates": [123.9273161, 10.3610167]}, "properties": {"id": 93553707, "amenity_type": "tertiary", "amenity": "Elias Cortes Street", "lgu": "Cebu City"}}, {"type": "Feature", "geometry": {"type": "Point", "coordinates": [123.9166881, 10.3971915]}, "properties": {"id": 93553709, "amenity_type": "tertiary", "amenity": "Unnamed road corridor", "lgu": "Cebu City"}}, {"type": "Feature", "geometry": {"type": "Point", "coordinates": [123.9192929, 10.3968474]}, "properties": {"id": 93553710, "amenity_type": "tertiary", "amenity": "Unnamed road corridor", "lgu": "Cebu City"}}, {"type": "Feature", "geometry": {"type": "Point", "coordinates": [123.9213223, 10.3951389]}, "properties": {"id": 93553711, "amenity_type": "secondary", "amenity": "Bacayan - Pit-os Road", "lgu": "Cebu City"}}, {"type": "Feature", "geometry": {"type": "Point", "coordinates": [123.9205545, 10.3798363]}, "properties": {"id": 93553712, "amenity_type": "secondary", "amenity": "Miñoza Street", "lgu": "Cebu City"}}, {"type": "Feature", "geometry": {"type": "Point", "coordinates": [123.8999879, 10.2942631]}, "properties": {"id": 94057148, "amenity_type": "tertiary", "amenity": "Plaridel Street", "lgu": "Cebu City"}}, {"type": "Feature", "geometry": {"type": "Point", "coordinates": [123.8980015, 10.2955763]}, "properties": {"id": 94057150, "amenity_type": "tertiary", "amenity": "P. Lopez Street", "lgu": "Cebu City"}}, {"type": "Feature", "geometry": {"type": "Point", "coordinates": [123.8916978, 10.2960049]}, "properties": {"id": 94057151, "amenity_type": "tertiary", "amenity": "Sanciangko Street", "lgu": "Cebu City"}}, {"type": "Feature", "geometry": {"type": "Point", "coordinates": [123.8918498, 10.2960878]}, "properties": {"id": 94057152, "amenity_type": "tertiary", "amenity": "Sanciangko Street", "lgu": "Cebu City"}}, {"type": "Feature", "geometry": {"type": "Point", "coordinates": [123.8948391, 10.2939023]}, "properties": {"id": 94057153, "amenity_type": "tertiary", "amenity": "Panganiban Street", "lgu": "Cebu City"}}, {"type": "Feature", "geometry": {"type": "Point", "coordinates": [123.8907523, 10.2943421]}, "properties": {"id": 94057155, "amenity_type": "tertiary", "amenity": "T. Abella Street", "lgu": "Cebu City"}}, {"type": "Feature", "geometry": {"type": "Point", "coordinates": [123.8904084, 10.2956506]}, "properties": {"id": 94057156, "amenity_type": "tertiary", "amenity": "T. Abella Street", "lgu": "Cebu City"}}, {"type": "Feature", "geometry": {"type": "Point", "coordinates": [123.8910801, 10.2961109]}, "properties": {"id": 94057159, "amenity_type": "tertiary", "amenity": "Tres de Abril Street", "lgu": "Cebu City"}}, {"type": "Feature", "geometry": {"type": "Point", "coordinates": [123.8976026, 10.291193]}, "properties": {"id": 94079766, "amenity_type": "tertiary", "amenity": "Escaño Street", "lgu": "Cebu City"}}, {"type": "Feature", "geometry": {"type": "Point", "coordinates": [123.9020783, 10.2922589]}, "properties": {"id": 94079773, "amenity_type": "tertiary", "amenity": "P. Burgos Street", "lgu": "Cebu City"}}, {"type": "Feature", "geometry": {"type": "Point", "coordinates": [123.9001493, 10.2920085]}, "properties": {"id": 94079775, "amenity_type": "tertiary", "amenity": "F. Gonzales Street", "lgu": "Cebu City"}}, {"type": "Feature", "geometry": {"type": "Point", "coordinates": [123.8922702, 10.2955593]}, "properties": {"id": 94079838, "amenity_type": "tertiary", "amenity": "Tres de Abril Street", "lgu": "Cebu City"}}, {"type": "Feature", "geometry": {"type": "Point", "coordinates": [123.8917155, 10.295479]}, "properties": {"id": 94079843, "amenity_type": "tertiary", "amenity": "Lakandula Street", "lgu": "Cebu City"}}, {"type": "Feature", "geometry": {"type": "Point", "coordinates": [123.8887122, 10.2946508]}, "properties": {"id": 94079850, "amenity_type": "tertiary", "amenity": "B. Aranas Street", "lgu": "Cebu City"}}, {"type": "Feature", "geometry": {"type": "Point", "coordinates": [123.8861356, 10.2965161]}, "properties": {"id": 94079871, "amenity_type": "tertiary", "amenity": "Tres de Abril Street", "lgu": "Cebu City"}}, {"type": "Feature", "geometry": {"type": "Point", "coordinates": [123.8942306, 10.2935928]}, "properties": {"id": 94079954, "amenity_type": "tertiary", "amenity": "Tres de Abril Street", "lgu": "Cebu City"}}, {"type": "Feature", "geometry": {"type": "Point", "coordinates": [123.8898352, 10.2955557]}, "properties": {"id": 94079960, "amenity_type": "tertiary", "amenity": "Vicente Rama Avenue", "lgu": "Cebu City"}}, {"type": "Feature", "geometry": {"type": "Point", "coordinates": [123.8879716, 10.2987191]}, "properties": {"id": 94079974, "amenity_type": "tertiary", "amenity": "J. Alcantara Street", "lgu": "Cebu City"}}, {"type": "Feature", "geometry": {"type": "Point", "coordinates": [123.8935494, 10.3004204]}, "properties": {"id": 94080156, "amenity_type": "tertiary", "amenity": "J. Urgello Street", "lgu": "Cebu City"}}, {"type": "Feature", "geometry": {"type": "Point", "coordinates": [123.8938116, 10.3052494]}, "properties": {"id": 94080239, "amenity_type": "tertiary", "amenity": "V. Urgello Street", "lgu": "Cebu City"}}, {"type": "Feature", "geometry": {"type": "Point", "coordinates": [123.8982269, 10.3047736]}, "properties": {"id": 94080405, "amenity_type": "tertiary", "amenity": "F. Ramos Street", "lgu": "Cebu City"}}, {"type": "Feature", "geometry": {"type": "Point", "coordinates": [123.8993133, 10.3074334]}, "properties": {"id": 94080468, "amenity_type": "tertiary", "amenity": "V. Ranudo Street", "lgu": "Cebu City"}}, {"type": "Feature", "geometry": {"type": "Point", "coordinates": [123.9041748, 10.3047603]}, "properties": {"id": 94080775, "amenity_type": "primary", "amenity": "Imus Avenue", "lgu": "Cebu City"}}, {"type": "Feature", "geometry": {"type": "Point", "coordinates": [123.9034878, 10.3040611]}, "properties": {"id": 94080778, "amenity_type": "primary", "amenity": "Imus Avenue", "lgu": "Cebu City"}}, {"type": "Feature", "geometry": {"type": "Point", "coordinates": [123.9021507, 10.3021946]}, "properties": {"id": 94080796, "amenity_type": "primary", "amenity": "Imus Avenue", "lgu": "Cebu City"}}, {"type": "Feature", "geometry": {"type": "Point", "coordinates": [123.9035955, 10.3039801]}, "properties": {"id": 94080798, "amenity_type": "primary", "amenity": "Imus Avenue", "lgu": "Cebu City"}}, {"type": "Feature", "geometry": {"type": "Point", "coordinates": [123.9009741, 10.2954696]}, "properties": {"id": 94080966, "amenity_type": "tertiary", "amenity": "Plaridel Extension", "lgu": "Cebu City"}}, {"type": "Feature", "geometry": {"type": "Point", "coordinates": [123.9042688, 10.2949007]}, "properties": {"id": 94080969, "amenity_type": "tertiary", "amenity": "Lapu-Lapu Street", "lgu": "Cebu City"}}, {"type": "Feature", "geometry": {"type": "Point", "coordinates": [123.9051208, 10.2957663]}, "properties": {"id": 94081019, "amenity_type": "tertiary", "amenity": "Jereza Street", "lgu": "Cebu City"}}, {"type": "Feature", "geometry": {"type": "Point", "coordinates": [123.9015615, 10.2917787]}, "properties": {"id": 94081130, "amenity_type": "tertiary", "amenity": "M.L. Quezon Boulevard", "lgu": "Cebu City"}}, {"type": "Feature", "geometry": {"type": "Point", "coordinates": [123.8885873, 10.3080798]}, "properties": {"id": 94081403, "amenity_type": "secondary", "amenity": "B. Rodriguez Street", "lgu": "Cebu City"}}, {"type": "Feature", "geometry": {"type": "Point", "coordinates": [123.8898066, 10.3082952]}, "properties": {"id": 94081414, "amenity_type": "secondary", "amenity": "B. Rodriguez Street", "lgu": "Cebu City"}}, {"type": "Feature", "geometry": {"type": "Point", "coordinates": [123.8875496, 10.3080201]}, "properties": {"id": 94081417, "amenity_type": "secondary", "amenity": "B. Rodriguez Street", "lgu": "Cebu City"}}, {"type": "Feature", "geometry": {"type": "Point", "coordinates": [123.8885915, 10.3080117]}, "properties": {"id": 94081421, "amenity_type": "secondary", "amenity": "B. Rodriguez Street", "lgu": "Cebu City"}}, {"type": "Feature", "geometry": {"type": "Point", "coordinates": [123.8925787, 10.2996028]}, "properties": {"id": 94081428, "amenity_type": "tertiary", "amenity": "J. Alcantara Street", "lgu": "Cebu City"}}, {"type": "Feature", "geometry": {"type": "Point", "coordinates": [123.8881964, 10.2989169]}, "properties": {"id": 94081431, "amenity_type": "tertiary", "amenity": "J. Alcantara Street", "lgu": "Cebu City"}}, {"type": "Feature", "geometry": {"type": "Point", "coordinates": [123.8898697, 10.2973585]}, "properties": {"id": 94081438, "amenity_type": "primary", "amenity": "Natalio Bacalso Avenue", "lgu": "Cebu City"}}, {"type": "Feature", "geometry": {"type": "Point", "coordinates": [123.8895197, 10.2974312]}, "properties": {"id": 94081443, "amenity_type": "primary", "amenity": "Natalio Bacalso Avenue", "lgu": "Cebu City"}}, {"type": "Feature", "geometry": {"type": "Point", "coordinates": [123.8886097, 10.2973384]}, "properties": {"id": 94081448, "amenity_type": "primary", "amenity": "Natalio Bacalso Avenue", "lgu": "Cebu City"}}, {"type": "Feature", "geometry": {"type": "Point", "coordinates": [123.8895936, 10.2973159]}, "properties": {"id": 94081453, "amenity_type": "primary", "amenity": "Natalio Bacalso Avenue", "lgu": "Cebu City"}}, {"type": "Feature", "geometry": {"type": "Point", "coordinates": [123.8938945, 10.2944369]}, "properties": {"id": 94081459, "amenity_type": "secondary", "amenity": "Colon Street", "lgu": "Cebu City"}}, {"type": "Feature", "geometry": {"type": "Point", "coordinates": [123.8941546, 10.3147602]}, "properties": {"id": 94498648, "amenity_type": "tertiary", "amenity": "Juana Osmeña Street", "lgu": "Cebu City"}}, {"type": "Feature", "geometry": {"type": "Point", "coordinates": [123.893142, 10.315394]}, "properties": {"id": 94498661, "amenity_type": "tertiary", "amenity": "Don Jose Avila Street", "lgu": "Cebu City"}}, {"type": "Feature", "geometry": {"type": "Point", "coordinates": [123.8932744, 10.3133881]}, "properties": {"id": 94498668, "amenity_type": "tertiary", "amenity": "M.P. Yap Street", "lgu": "Cebu City"}}, {"type": "Feature", "geometry": {"type": "Point", "coordinates": [123.8913414, 10.3147701]}, "properties": {"id": 94498670, "amenity_type": "tertiary", "amenity": "Don Jose Avila Street", "lgu": "Cebu City"}}, {"type": "Feature", "geometry": {"type": "Point", "coordinates": [123.8967409, 10.3323714]}, "properties": {"id": 95047094, "amenity_type": "tertiary", "amenity": "Salinas Drive Extension", "lgu": "Cebu City"}}, {"type": "Feature", "geometry": {"type": "Point", "coordinates": [123.8946197, 10.3339351]}, "properties": {"id": 95047096, "amenity_type": "tertiary", "amenity": "Salinas Drive Extension", "lgu": "Cebu City"}}, {"type": "Feature", "geometry": {"type": "Point", "coordinates": [123.9132825, 10.3180435]}, "properties": {"id": 95047140, "amenity_type": "tertiary", "amenity": "S. Cabahug Street", "lgu": "Cebu City"}}, {"type": "Feature", "geometry": {"type": "Point", "coordinates": [123.9149929, 10.322079]}, "properties": {"id": 95047144, "amenity_type": "tertiary", "amenity": "President Roxas Street", "lgu": "Cebu City"}}, {"type": "Feature", "geometry": {"type": "Point", "coordinates": [123.8906679, 10.329397]}, "properties": {"id": 95188447, "amenity_type": "tertiary", "amenity": "Justice Street", "lgu": "Cebu City"}}, {"type": "Feature", "geometry": {"type": "Point", "coordinates": [123.8889754, 10.3269942]}, "properties": {"id": 95188464, "amenity_type": "tertiary", "amenity": "Unnamed road corridor", "lgu": "Cebu City"}}, {"type": "Feature", "geometry": {"type": "Point", "coordinates": [123.8851389, 10.3307492]}, "properties": {"id": 95188469, "amenity_type": "tertiary", "amenity": "Unnamed road corridor", "lgu": "Cebu City"}}, {"type": "Feature", "geometry": {"type": "Point", "coordinates": [123.8896912, 10.3285839]}, "properties": {"id": 95188470, "amenity_type": "tertiary", "amenity": "Villalon Drive", "lgu": "Cebu City"}}, {"type": "Feature", "geometry": {"type": "Point", "coordinates": [123.8897162, 10.3283584]}, "properties": {"id": 95188475, "amenity_type": "tertiary", "amenity": "Unnamed road corridor", "lgu": "Cebu City"}}, {"type": "Feature", "geometry": {"type": "Point", "coordinates": [123.8931967, 10.3349693]}, "properties": {"id": 95188555, "amenity_type": "tertiary", "amenity": "Salinas Drive Extension", "lgu": "Cebu City"}}, {"type": "Feature", "geometry": {"type": "Point", "coordinates": [123.8896519, 10.3429457]}, "properties": {"id": 95188644, "amenity_type": "tertiary", "amenity": "Unnamed road corridor", "lgu": "Cebu City"}}, {"type": "Feature", "geometry": {"type": "Point", "coordinates": [123.8891894, 10.342177]}, "properties": {"id": 95188646, "amenity_type": "tertiary", "amenity": "Salinas Drive Extension", "lgu": "Cebu City"}}, {"type": "Feature", "geometry": {"type": "Point", "coordinates": [123.9208965, 10.3271909]}, "properties": {"id": 95196988, "amenity_type": "secondary", "amenity": "F. Cabahug Street", "lgu": "Cebu City"}}, {"type": "Feature", "geometry": {"type": "Point", "coordinates": [123.9167446, 10.3244685]}, "properties": {"id": 95196993, "amenity_type": "secondary", "amenity": "F. Cabahug Street", "lgu": "Cebu City"}}, {"type": "Feature", "geometry": {"type": "Point", "coordinates": [123.9077972, 10.295968]}, "properties": {"id": 95484664, "amenity_type": "tertiary", "amenity": "Unnamed road corridor", "lgu": "Cebu City"}}, {"type": "Feature", "geometry": {"type": "Point", "coordinates": [123.9191823, 10.3089066]}, "properties": {"id": 95484666, "amenity_type": "primary", "amenity": "Juan Luna Avenue", "lgu": "Cebu City"}}, {"type": "Feature", "geometry": {"type": "Point", "coordinates": [123.9276512, 10.31349]}, "properties": {"id": 95484702, "amenity_type": "tertiary", "amenity": "Doctor F.E. Zuellig Avenue", "lgu": "Cebu City"}}, {"type": "Feature", "geometry": {"type": "Point", "coordinates": [123.9275772, 10.3135793]}, "properties": {"id": 95484703, "amenity_type": "tertiary", "amenity": "Doctor F.E. Zuellig Avenue", "lgu": "Cebu City"}}, {"type": "Feature", "geometry": {"type": "Point", "coordinates": [123.9302269, 10.3220186]}, "properties": {"id": 95484704, "amenity_type": "tertiary", "amenity": "F.F. Cruz Avenue", "lgu": "Cebu City"}}, {"type": "Feature", "geometry": {"type": "Point", "coordinates": [123.9281534, 10.3182834]}, "properties": {"id": 95484706, "amenity_type": "tertiary", "amenity": "F.F. Cruz Avenue", "lgu": "Cebu City"}}, {"type": "Feature", "geometry": {"type": "Point", "coordinates": [123.928359, 10.3170567]}, "properties": {"id": 95484707, "amenity_type": "tertiary", "amenity": "F.F. Cruz Avenue", "lgu": "Cebu City"}}, {"type": "Feature", "geometry": {"type": "Point", "coordinates": [123.8867572, 10.3198167]}, "properties": {"id": 96521497, "amenity_type": "tertiary", "amenity": "Andres Abellana Street", "lgu": "Cebu City"}}, {"type": "Feature", "geometry": {"type": "Point", "coordinates": [123.8866304, 10.2953792]}, "properties": {"id": 96913616, "amenity_type": "tertiary", "amenity": "Carlock Street", "lgu": "Cebu City"}}, {"type": "Feature", "geometry": {"type": "Point", "coordinates": [123.8857897, 10.2967647]}, "properties": {"id": 96913617, "amenity_type": "secondary", "amenity": "Tres de Abril Street", "lgu": "Cebu City"}}, {"type": "Feature", "geometry": {"type": "Point", "coordinates": [123.9042496, 10.2927501]}, "properties": {"id": 96913665, "amenity_type": "secondary", "amenity": "M.J. Cuenco Avenue", "lgu": "Cebu City"}}, {"type": "Feature", "geometry": {"type": "Point", "coordinates": [123.9011613, 10.2920262]}, "properties": {"id": 96913884, "amenity_type": "tertiary", "amenity": "Dionisio Jakosalem Street", "lgu": "Cebu City"}}, {"type": "Feature", "geometry": {"type": "Point", "coordinates": [123.8892376, 10.3417587]}, "properties": {"id": 96943190, "amenity_type": "tertiary", "amenity": "Salinas Drive Extension", "lgu": "Cebu City"}}, {"type": "Feature", "geometry": {"type": "Point", "coordinates": [123.8907085, 10.3378723]}, "properties": {"id": 96943192, "amenity_type": "tertiary", "amenity": "Salinas Drive Extension", "lgu": "Cebu City"}}, {"type": "Feature", "geometry": {"type": "Point", "coordinates": [123.8978138, 10.2970271]}, "properties": {"id": 97521374, "amenity_type": "secondary", "amenity": "Osmeña Boulevard", "lgu": "Cebu City"}}, {"type": "Feature", "geometry": {"type": "Point", "coordinates": [123.8847172, 10.3230721]}, "properties": {"id": 97531747, "amenity_type": "tertiary", "amenity": "Andres Abellana Extension", "lgu": "Cebu City"}}, {"type": "Feature", "geometry": {"type": "Point", "coordinates": [123.9127554, 10.3036822]}, "properties": {"id": 97908229, "amenity_type": "secondary", "amenity": "General Maxilom Avenue Extension", "lgu": "Cebu City"}}, {"type": "Feature", "geometry": {"type": "Point", "coordinates": [123.9158209, 10.3060915]}, "properties": {"id": 97908230, "amenity_type": "trunk", "amenity": "Sergio Osmeña Avenue", "lgu": "Cebu City"}}, {"type": "Feature", "geometry": {"type": "Point", "coordinates": [123.9202366, 10.3194671]}, "properties": {"id": 97954214, "amenity_type": "primary", "amenity": "Lopez Jaena Street", "lgu": "Cebu City"}}, {"type": "Feature", "geometry": {"type": "Point", "coordinates": [123.9191607, 10.3186199]}, "properties": {"id": 97954216, "amenity_type": "primary", "amenity": "Lopez Jaena Street", "lgu": "Cebu City"}}, {"type": "Feature", "geometry": {"type": "Point", "coordinates": [123.9261611, 10.3784]}, "properties": {"id": 98166876, "amenity_type": "tertiary", "amenity": "Unnamed road corridor", "lgu": "Cebu City"}}, {"type": "Feature", "geometry": {"type": "Point", "coordinates": [123.9302335, 10.3833099]}, "properties": {"id": 98166965, "amenity_type": "tertiary", "amenity": "Unnamed road corridor", "lgu": "Cebu City"}}, {"type": "Feature", "geometry": {"type": "Point", "coordinates": [123.926947, 10.3937429]}, "properties": {"id": 98166985, "amenity_type": "tertiary", "amenity": "Unnamed road corridor", "lgu": "Cebu City"}}, {"type": "Feature", "geometry": {"type": "Point", "coordinates": [123.9258227, 10.3969636]}, "properties": {"id": 98167004, "amenity_type": "tertiary", "amenity": "Unnamed road corridor", "lgu": "Cebu City"}}, {"type": "Feature", "geometry": {"type": "Point", "coordinates": [123.9295298, 10.3916363]}, "properties": {"id": 98167381, "amenity_type": "tertiary", "amenity": "Unnamed road corridor", "lgu": "Cebu City"}}, {"type": "Feature", "geometry": {"type": "Point", "coordinates": [123.9178944, 10.3775452]}, "properties": {"id": 98259854, "amenity_type": "tertiary", "amenity": "San Jose Road", "lgu": "Cebu City"}}, {"type": "Feature", "geometry": {"type": "Point", "coordinates": [123.9114016, 10.3971031]}, "properties": {"id": 98260084, "amenity_type": "tertiary", "amenity": "Unnamed road corridor", "lgu": "Cebu City"}}, {"type": "Feature", "geometry": {"type": "Point", "coordinates": [123.9062514, 10.3981742]}, "properties": {"id": 98260085, "amenity_type": "tertiary", "amenity": "Unnamed road corridor", "lgu": "Cebu City"}}, {"type": "Feature", "geometry": {"type": "Point", "coordinates": [123.9066896, 10.3993002]}, "properties": {"id": 98260329, "amenity_type": "tertiary", "amenity": "Unnamed road corridor", "lgu": "Cebu City"}}, {"type": "Feature", "geometry": {"type": "Point", "coordinates": [123.8821425, 10.3703591]}, "properties": {"id": 98260351, "amenity_type": "tertiary", "amenity": "Busay-Budlaan Road", "lgu": "Cebu City"}}, {"type": "Feature", "geometry": {"type": "Point", "coordinates": [123.8520884, 10.3926365]}, "properties": {"id": 98264132, "amenity_type": "tertiary", "amenity": "Unnamed road corridor", "lgu": "Cebu City"}}, {"type": "Feature", "geometry": {"type": "Point", "coordinates": [123.8442746, 10.3721788]}, "properties": {"id": 98264158, "amenity_type": "tertiary", "amenity": "Bonbon-Sudlon Road", "lgu": "Cebu City"}}, {"type": "Feature", "geometry": {"type": "Point", "coordinates": [123.8523287, 10.3744844]}, "properties": {"id": 98264159, "amenity_type": "tertiary", "amenity": "Unnamed road corridor", "lgu": "Cebu City"}}, {"type": "Feature", "geometry": {"type": "Point", "coordinates": [123.860496, 10.3679045]}, "properties": {"id": 98264167, "amenity_type": "tertiary", "amenity": "Unnamed road corridor", "lgu": "Cebu City"}}, {"type": "Feature", "geometry": {"type": "Point", "coordinates": [123.892954, 10.3446492]}, "properties": {"id": 98409389, "amenity_type": "tertiary", "amenity": "Unnamed road corridor", "lgu": "Cebu City"}}, {"type": "Feature", "geometry": {"type": "Point", "coordinates": [123.8919848, 10.3438824]}, "properties": {"id": 98409390, "amenity_type": "tertiary", "amenity": "Unnamed road corridor", "lgu": "Cebu City"}}, {"type": "Feature", "geometry": {"type": "Point", "coordinates": [123.8742413, 10.3317373]}, "properties": {"id": 98409399, "amenity_type": "tertiary", "amenity": "Unnamed road corridor", "lgu": "Cebu City"}}, {"type": "Feature", "geometry": {"type": "Point", "coordinates": [123.8694994, 10.3352031]}, "properties": {"id": 98409401, "amenity_type": "tertiary", "amenity": "Sapangdaku Road", "lgu": "Cebu City"}}, {"type": "Feature", "geometry": {"type": "Point", "coordinates": [123.8665399, 10.3353362]}, "properties": {"id": 98409417, "amenity_type": "tertiary", "amenity": "Buhisan Road", "lgu": "Cebu City"}}, {"type": "Feature", "geometry": {"type": "Point", "coordinates": [123.8535289, 10.3325759]}, "properties": {"id": 98409418, "amenity_type": "tertiary", "amenity": "Buhisan Road", "lgu": "Cebu City"}}, {"type": "Feature", "geometry": {"type": "Point", "coordinates": [123.8666885, 10.3355105]}, "properties": {"id": 98409421, "amenity_type": "tertiary", "amenity": "Buhisan Road", "lgu": "Cebu City"}}, {"type": "Feature", "geometry": {"type": "Point", "coordinates": [123.8766682, 10.3182756]}, "properties": {"id": 98409494, "amenity_type": "tertiary", "amenity": "Unnamed road corridor", "lgu": "Cebu City"}}, {"type": "Feature", "geometry": {"type": "Point", "coordinates": [123.888193, 10.3266807]}, "properties": {"id": 98409676, "amenity_type": "tertiary", "amenity": "Unnamed road corridor", "lgu": "Cebu City"}}, {"type": "Feature", "geometry": {"type": "Point", "coordinates": [123.8874842, 10.3164679]}, "properties": {"id": 98430106, "amenity_type": "secondary", "amenity": "M. Velez Street", "lgu": "Cebu City"}}, {"type": "Feature", "geometry": {"type": "Point", "coordinates": [123.8885536, 10.3168359]}, "properties": {"id": 98430107, "amenity_type": "secondary", "amenity": "M. Velez Street", "lgu": "Cebu City"}}, {"type": "Feature", "geometry": {"type": "Point", "coordinates": [123.8880779, 10.3252399]}, "properties": {"id": 98430111, "amenity_type": "tertiary", "amenity": "Unnamed road corridor", "lgu": "Cebu City"}}, {"type": "Feature", "geometry": {"type": "Point", "coordinates": [123.8841159, 10.3243929]}, "properties": {"id": 98430114, "amenity_type": "tertiary", "amenity": "Singson Road", "lgu": "Cebu City"}}, {"type": "Feature", "geometry": {"type": "Point", "coordinates": [123.8808798, 10.321198]}, "properties": {"id": 98430152, "amenity_type": "tertiary", "amenity": "Gervacio Quijada Street", "lgu": "Cebu City"}}, {"type": "Feature", "geometry": {"type": "Point", "coordinates": [123.8869415, 10.3233946]}, "properties": {"id": 98430251, "amenity_type": "tertiary", "amenity": "Andres Abellana Extension", "lgu": "Cebu City"}}, {"type": "Feature", "geometry": {"type": "Point", "coordinates": [123.8876066, 10.3241919]}, "properties": {"id": 98430268, "amenity_type": "tertiary", "amenity": "Tipolo Ville Road", "lgu": "Cebu City"}}, {"type": "Feature", "geometry": {"type": "Point", "coordinates": [123.8854004, 10.3239501]}, "properties": {"id": 98430269, "amenity_type": "tertiary", "amenity": "Andres Abellana Street", "lgu": "Cebu City"}}, {"type": "Feature", "geometry": {"type": "Point", "coordinates": [123.8827208, 10.3127015]}, "properties": {"id": 98430311, "amenity_type": "tertiary", "amenity": "J. Fortich Street", "lgu": "Cebu City"}}, {"type": "Feature", "geometry": {"type": "Point", "coordinates": [123.8784345, 10.3119272]}, "properties": {"id": 98430356, "amenity_type": "secondary", "amenity": "Ramon Duterte Street", "lgu": "Cebu City"}}, {"type": "Feature", "geometry": {"type": "Point", "coordinates": [123.8808456, 10.314098]}, "properties": {"id": 98430361, "amenity_type": "secondary", "amenity": "Ramon Duterte Street", "lgu": "Cebu City"}}, {"type": "Feature", "geometry": {"type": "Point", "coordinates": [123.8827091, 10.3098553]}, "properties": {"id": 98430658, "amenity_type": "tertiary", "amenity": "I. Limkakeng Street", "lgu": "Cebu City"}}, {"type": "Feature", "geometry": {"type": "Point", "coordinates": [123.8831602, 10.3079223]}, "properties": {"id": 98430671, "amenity_type": "tertiary", "amenity": "Dr. Pablo Abella Street", "lgu": "Cebu City"}}, {"type": "Feature", "geometry": {"type": "Point", "coordinates": [123.8502408, 10.3111955]}, "properties": {"id": 98430765, "amenity_type": "tertiary", "amenity": "Buhisan Road", "lgu": "Cebu City"}}, {"type": "Feature", "geometry": {"type": "Point", "coordinates": [123.8855734, 10.3024441]}, "properties": {"id": 98430896, "amenity_type": "tertiary", "amenity": "Lucio Lopez Drive", "lgu": "Cebu City"}}, {"type": "Feature", "geometry": {"type": "Point", "coordinates": [123.8847954, 10.3025055]}, "properties": {"id": 98430897, "amenity_type": "tertiary", "amenity": "Lucio Lopez Drive", "lgu": "Cebu City"}}, {"type": "Feature", "geometry": {"type": "Point", "coordinates": [123.8846229, 10.3010263]}, "properties": {"id": 98430899, "amenity_type": "tertiary", "amenity": "A. Lopez Street", "lgu": "Cebu City"}}, {"type": "Feature", "geometry": {"type": "Point", "coordinates": [123.8693241, 10.2966531]}, "properties": {"id": 98571908, "amenity_type": "tertiary", "amenity": "Taurus Street", "lgu": "Cebu City"}}, {"type": "Feature", "geometry": {"type": "Point", "coordinates": [123.8673837, 10.2967368]}, "properties": {"id": 98571914, "amenity_type": "tertiary", "amenity": "Buhisan Road", "lgu": "Cebu City"}}, {"type": "Feature", "geometry": {"type": "Point", "coordinates": [123.8698878, 10.2990288]}, "properties": {"id": 98571916, "amenity_type": "secondary", "amenity": "Francisco Llamas Street", "lgu": "Cebu City"}}, {"type": "Feature", "geometry": {"type": "Point", "coordinates": [123.8698427, 10.2984566]}, "properties": {"id": 98571917, "amenity_type": "secondary", "amenity": "Francisco Llamas Street", "lgu": "Cebu City"}}, {"type": "Feature", "geometry": {"type": "Point", "coordinates": [123.8742787, 10.2958895]}, "properties": {"id": 98571928, "amenity_type": "tertiary", "amenity": "Tres de Abril Street", "lgu": "Cebu City"}}, {"type": "Feature", "geometry": {"type": "Point", "coordinates": [123.8785597, 10.2974594]}, "properties": {"id": 98571929, "amenity_type": "tertiary", "amenity": "Tres de Abril Street", "lgu": "Cebu City"}}, {"type": "Feature", "geometry": {"type": "Point", "coordinates": [123.88507, 10.2979617]}, "properties": {"id": 98571931, "amenity_type": "secondary", "amenity": "A. Lopez Street", "lgu": "Cebu City"}}, {"type": "Feature", "geometry": {"type": "Point", "coordinates": [123.8729799, 10.2959649]}, "properties": {"id": 98683742, "amenity_type": "tertiary", "amenity": "Pablo S. Atillo Street", "lgu": "Cebu City"}}, {"type": "Feature", "geometry": {"type": "Point", "coordinates": [123.8749791, 10.2943206]}, "properties": {"id": 98683744, "amenity_type": "tertiary", "amenity": "Pablo S. Atillo Street", "lgu": "Cebu City"}}, {"type": "Feature", "geometry": {"type": "Point", "coordinates": [123.8753571, 10.2928493]}, "properties": {"id": 98683764, "amenity_type": "tertiary", "amenity": "Gabriel Elorde Street", "lgu": "Cebu City"}}, {"type": "Feature", "geometry": {"type": "Point", "coordinates": [123.8843369, 10.2961942]}, "properties": {"id": 98683771, "amenity_type": "primary", "amenity": "Natalio Bacalso Avenue", "lgu": "Cebu City"}}, {"type": "Feature", "geometry": {"type": "Point", "coordinates": [123.8820402, 10.2946301]}, "properties": {"id": 98683772, "amenity_type": "primary", "amenity": "Natalio Bacalso Avenue", "lgu": "Cebu City"}}, {"type": "Feature", "geometry": {"type": "Point", "coordinates": [123.8771512, 10.2920152]}, "properties": {"id": 98683775, "amenity_type": "tertiary", "amenity": "Maria Gochan Street", "lgu": "Cebu City"}}, {"type": "Feature", "geometry": {"type": "Point", "coordinates": [123.8704077, 10.2897367]}, "properties": {"id": 98683821, "amenity_type": "primary", "amenity": "Mambaling Underpass", "lgu": "Cebu City"}}, {"type": "Feature", "geometry": {"type": "Point", "coordinates": [123.8662376, 10.2904451]}, "properties": {"id": 98683845, "amenity_type": "tertiary", "amenity": "Macopa Street", "lgu": "Cebu City"}}, {"type": "Feature", "geometry": {"type": "Point", "coordinates": [123.8609173, 10.2868606]}, "properties": {"id": 98683882, "amenity_type": "tertiary", "amenity": "E. Corro Street", "lgu": "Cebu City"}}, {"type": "Feature", "geometry": {"type": "Point", "coordinates": [123.859524, 10.2879419]}, "properties": {"id": 98683887, "amenity_type": "tertiary", "amenity": "E. Corro Street", "lgu": "Cebu City"}}, {"type": "Feature", "geometry": {"type": "Point", "coordinates": [123.8832393, 10.2936975]}, "properties": {"id": 98683993, "amenity_type": "tertiary", "amenity": "R. Padilla Street", "lgu": "Cebu City"}}, {"type": "Feature", "geometry": {"type": "Point", "coordinates": [123.8808544, 10.2915591]}, "properties": {"id": 98683995, "amenity_type": "secondary", "amenity": "Candido Padilla Street", "lgu": "Cebu City"}}, {"type": "Feature", "geometry": {"type": "Point", "coordinates": [123.8791711, 10.2911484]}, "properties": {"id": 98683996, "amenity_type": "secondary", "amenity": "Candido Padilla Street", "lgu": "Cebu City"}}, {"type": "Feature", "geometry": {"type": "Point", "coordinates": [123.8884855, 10.292183]}, "properties": {"id": 98839907, "amenity_type": "tertiary", "amenity": "Tupas Street", "lgu": "Cebu City"}}, {"type": "Feature", "geometry": {"type": "Point", "coordinates": [123.8701748, 10.2880353]}, "properties": {"id": 98839982, "amenity_type": "tertiary", "amenity": "Colonel A. Cabreros Street", "lgu": "Cebu City"}}, {"type": "Feature", "geometry": {"type": "Point", "coordinates": [123.8569237, 10.2797734]}, "properties": {"id": 98840036, "amenity_type": "tertiary", "amenity": "I. Tabura Street", "lgu": "Cebu City"}}, {"type": "Feature", "geometry": {"type": "Point", "coordinates": [123.8523723, 10.3088853]}, "properties": {"id": 98969696, "amenity_type": "tertiary", "amenity": "Buhisan Road", "lgu": "Cebu City"}}, {"type": "Feature", "geometry": {"type": "Point", "coordinates": [123.8508695, 10.3105027]}, "properties": {"id": 98969697, "amenity_type": "tertiary", "amenity": "Unnamed road corridor", "lgu": "Cebu City"}}, {"type": "Feature", "geometry": {"type": "Point", "coordinates": [123.8715246, 10.2737603]}, "properties": {"id": 99142681, "amenity_type": "tertiary", "amenity": "Banog Road", "lgu": "Cebu City"}}, {"type": "Feature", "geometry": {"type": "Point", "coordinates": [123.9200878, 10.3703493]}, "properties": {"id": 102243388, "amenity_type": "secondary", "amenity": "Governor M. Cuenco Avenue", "lgu": "Cebu City"}}, {"type": "Feature", "geometry": {"type": "Point", "coordinates": [123.923467, 10.3714169]}, "properties": {"id": 102243389, "amenity_type": "secondary", "amenity": "Governor M. Cuenco Avenue", "lgu": "Cebu City"}}, {"type": "Feature", "geometry": {"type": "Point", "coordinates": [123.9154601, 10.4184823]}, "properties": {"id": 102243392, "amenity_type": "secondary", "amenity": "Unnamed road corridor", "lgu": "Cebu City"}}, {"type": "Feature", "geometry": {"type": "Point", "coordinates": [123.9156323, 10.4216711]}, "properties": {"id": 102243393, "amenity_type": "secondary", "amenity": "Unnamed road corridor", "lgu": "Cebu City"}}, {"type": "Feature", "geometry": {"type": "Point", "coordinates": [123.8804808, 10.3386575]}, "properties": {"id": 102243400, "amenity_type": "tertiary", "amenity": "CPDRC", "lgu": "Cebu City"}}, {"type": "Feature", "geometry": {"type": "Point", "coordinates": [123.8803485, 10.3358781]}, "properties": {"id": 102243401, "amenity_type": "tertiary", "amenity": "CPDRC", "lgu": "Cebu City"}}, {"type": "Feature", "geometry": {"type": "Point", "coordinates": [123.8798598, 10.3321276]}, "properties": {"id": 102243402, "amenity_type": "tertiary", "amenity": "Unnamed road corridor", "lgu": "Cebu City"}}, {"type": "Feature", "geometry": {"type": "Point", "coordinates": [123.8792788, 10.3344786]}, "properties": {"id": 102243403, "amenity_type": "tertiary", "amenity": "Unnamed road corridor", "lgu": "Cebu City"}}, {"type": "Feature", "geometry": {"type": "Point", "coordinates": [123.8798597, 10.2929993]}, "properties": {"id": 102243404, "amenity_type": "primary", "amenity": "Natalio Bacalso Avenue", "lgu": "Cebu City"}}, {"type": "Feature", "geometry": {"type": "Point", "coordinates": [123.8801629, 10.2932139]}, "properties": {"id": 102243405, "amenity_type": "primary", "amenity": "Natalio Bacalso Avenue", "lgu": "Cebu City"}}, {"type": "Feature", "geometry": {"type": "Point", "coordinates": [123.8810304, 10.2937781]}, "properties": {"id": 102243406, "amenity_type": "primary", "amenity": "Natalio Bacalso Avenue", "lgu": "Cebu City"}}, {"type": "Feature", "geometry": {"type": "Point", "coordinates": [123.8603549, 10.3025549]}, "properties": {"id": 102243410, "amenity_type": "tertiary", "amenity": "Buhisan Road", "lgu": "Cebu City"}}, {"type": "Feature", "geometry": {"type": "Point", "coordinates": [123.8633144, 10.2996991]}, "properties": {"id": 102243411, "amenity_type": "tertiary", "amenity": "Buhisan Road", "lgu": "Cebu City"}}, {"type": "Feature", "geometry": {"type": "Point", "coordinates": [123.9093149, 10.3001894]}, "properties": {"id": 102243416, "amenity_type": "trunk", "amenity": "Sergio Osmeña Avenue", "lgu": "Cebu City"}}, {"type": "Feature", "geometry": {"type": "Point", "coordinates": [123.9097911, 10.3008479]}, "properties": {"id": 102243417, "amenity_type": "trunk", "amenity": "Sergio Osmeña Avenue", "lgu": "Cebu City"}}, {"type": "Feature", "geometry": {"type": "Point", "coordinates": [123.9093861, 10.3001725]}, "properties": {"id": 102243418, "amenity_type": "trunk", "amenity": "Sergio Osmeña Avenue", "lgu": "Cebu City"}}, {"type": "Feature", "geometry": {"type": "Point", "coordinates": [123.9089454, 10.2995157]}, "properties": {"id": 102243419, "amenity_type": "trunk", "amenity": "Sergio Osmeña Avenue", "lgu": "Cebu City"}}, {"type": "Feature", "geometry": {"type": "Point", "coordinates": [123.910193, 10.3015002]}, "properties": {"id": 102243420, "amenity_type": "trunk", "amenity": "Sergio Osmeña Avenue", "lgu": "Cebu City"}}, {"type": "Feature", "geometry": {"type": "Point", "coordinates": [123.9100071, 10.3013572]}, "properties": {"id": 102243421, "amenity_type": "trunk", "amenity": "Sergio Osmeña Avenue", "lgu": "Cebu City"}}, {"type": "Feature", "geometry": {"type": "Point", "coordinates": [123.9102545, 10.3015762]}, "properties": {"id": 102243422, "amenity_type": "trunk", "amenity": "Sergio Osmeña Avenue", "lgu": "Cebu City"}}, {"type": "Feature", "geometry": {"type": "Point", "coordinates": [123.9101472, 10.3015488]}, "properties": {"id": 102243423, "amenity_type": "trunk", "amenity": "Sergio Osmeña Avenue", "lgu": "Cebu City"}}, {"type": "Feature", "geometry": {"type": "Point", "coordinates": [123.9083962, 10.3019295]}, "properties": {"id": 102243424, "amenity_type": "tertiary", "amenity": "T. Padilla Street", "lgu": "Cebu City"}}, {"type": "Feature", "geometry": {"type": "Point", "coordinates": [123.9085053, 10.3019291]}, "properties": {"id": 102243425, "amenity_type": "tertiary", "amenity": "T. Padilla Street", "lgu": "Cebu City"}}, {"type": "Feature", "geometry": {"type": "Point", "coordinates": [123.9064669, 10.3007886]}, "properties": {"id": 102243426, "amenity_type": "secondary", "amenity": "M.J. Cuenco Avenue", "lgu": "Cebu City"}}, {"type": "Feature", "geometry": {"type": "Point", "coordinates": [123.906423, 10.3004657]}, "properties": {"id": 102243427, "amenity_type": "secondary", "amenity": "M.J. Cuenco Avenue", "lgu": "Cebu City"}}, {"type": "Feature", "geometry": {"type": "Point", "coordinates": [123.9037689, 10.3017534]}, "properties": {"id": 102243428, "amenity_type": "tertiary", "amenity": "T. Padilla Street", "lgu": "Cebu City"}}, {"type": "Feature", "geometry": {"type": "Point", "coordinates": [123.9051937, 10.3018377]}, "properties": {"id": 102243429, "amenity_type": "tertiary", "amenity": "T. Padilla Street", "lgu": "Cebu City"}}, {"type": "Feature", "geometry": {"type": "Point", "coordinates": [123.8961251, 10.3284649]}, "properties": {"id": 103098809, "amenity_type": "tertiary", "amenity": "Sudlon", "lgu": "Cebu City"}}, {"type": "Feature", "geometry": {"type": "Point", "coordinates": [123.8969196, 10.328566]}, "properties": {"id": 103098811, "amenity_type": "tertiary", "amenity": "Sudlon", "lgu": "Cebu City"}}, {"type": "Feature", "geometry": {"type": "Point", "coordinates": [123.8924333, 10.335651]}, "properties": {"id": 103098826, "amenity_type": "tertiary", "amenity": "Salinas Drive Extension", "lgu": "Cebu City"}}, {"type": "Feature", "geometry": {"type": "Point", "coordinates": [123.9161811, 10.3123317]}, "properties": {"id": 103098835, "amenity_type": "primary", "amenity": "Juan Luna Avenue", "lgu": "Cebu City"}}, {"type": "Feature", "geometry": {"type": "Point", "coordinates": [123.9167831, 10.3116094]}, "properties": {"id": 103098836, "amenity_type": "primary", "amenity": "Juan Luna Avenue", "lgu": "Cebu City"}}, {"type": "Feature", "geometry": {"type": "Point", "coordinates": [123.9220753, 10.311184]}, "properties": {"id": 103098838, "amenity_type": "trunk", "amenity": "Sergio Osmeña Avenue", "lgu": "Cebu City"}}, {"type": "Feature", "geometry": {"type": "Point", "coordinates": [123.920993, 10.311616]}, "properties": {"id": 103098840, "amenity_type": "secondary", "amenity": "Kaohsiung Street", "lgu": "Cebu City"}}, {"type": "Feature", "geometry": {"type": "Point", "coordinates": [123.9232354, 10.3121219]}, "properties": {"id": 103098842, "amenity_type": "trunk", "amenity": "Sergio Osmeña Avenue", "lgu": "Cebu City"}}, {"type": "Feature", "geometry": {"type": "Point", "coordinates": [123.9165651, 10.3126761]}, "properties": {"id": 103534915, "amenity_type": "secondary", "amenity": "A. Soriano Jr. Avenue", "lgu": "Cebu City"}}, {"type": "Feature", "geometry": {"type": "Point", "coordinates": [123.9162458, 10.3123371]}, "properties": {"id": 103534918, "amenity_type": "secondary", "amenity": "A. Soriano Jr. Avenue", "lgu": "Cebu City"}}, {"type": "Feature", "geometry": {"type": "Point", "coordinates": [123.9163927, 10.3124568]}, "properties": {"id": 103534921, "amenity_type": "secondary", "amenity": "A. Soriano Jr. Avenue", "lgu": "Cebu City"}}, {"type": "Feature", "geometry": {"type": "Point", "coordinates": [123.874248, 10.3704521]}, "properties": {"id": 104217179, "amenity_type": "tertiary", "amenity": "Roosevelt Drive", "lgu": "Cebu City"}}, {"type": "Feature", "geometry": {"type": "Point", "coordinates": [123.882251, 10.3342625]}, "properties": {"id": 110515534, "amenity_type": "tertiary", "amenity": "Unnamed road corridor", "lgu": "Cebu City"}}, {"type": "Feature", "geometry": {"type": "Point", "coordinates": [123.8587938, 10.398701]}, "properties": {"id": 111478770, "amenity_type": "tertiary", "amenity": "Unnamed road corridor", "lgu": "Cebu City"}}, {"type": "Feature", "geometry": {"type": "Point", "coordinates": [123.8988969, 10.3990751]}, "properties": {"id": 111478772, "amenity_type": "tertiary", "amenity": "Unnamed road corridor", "lgu": "Cebu City"}}, {"type": "Feature", "geometry": {"type": "Point", "coordinates": [123.9031729, 10.3991037]}, "properties": {"id": 111504241, "amenity_type": "tertiary", "amenity": "Unnamed road corridor", "lgu": "Cebu City"}}, {"type": "Feature", "geometry": {"type": "Point", "coordinates": [123.905713, 10.4163443]}, "properties": {"id": 111504242, "amenity_type": "tertiary", "amenity": "Barangay Agsungot Cebu city", "lgu": "Cebu City"}}, {"type": "Feature", "geometry": {"type": "Point", "coordinates": [123.8779684, 10.4094667]}, "properties": {"id": 113662961, "amenity_type": "tertiary", "amenity": "Unnamed road corridor", "lgu": "Cebu City"}}, {"type": "Feature", "geometry": {"type": "Point", "coordinates": [123.8537155, 10.3738302]}, "properties": {"id": 113775609, "amenity_type": "tertiary", "amenity": "Unnamed road corridor", "lgu": "Cebu City"}}, {"type": "Feature", "geometry": {"type": "Point", "coordinates": [123.8808996, 10.4235358]}, "properties": {"id": 113775620, "amenity_type": "tertiary", "amenity": "Unnamed road corridor", "lgu": "Cebu City"}}, {"type": "Feature", "geometry": {"type": "Point", "coordinates": [123.8958775, 10.3995941]}, "properties": {"id": 119022020, "amenity_type": "tertiary", "amenity": "Unnamed road corridor", "lgu": "Cebu City"}}, {"type": "Feature", "geometry": {"type": "Point", "coordinates": [123.8870924, 10.4044148]}, "properties": {"id": 119022021, "amenity_type": "tertiary", "amenity": "Unnamed road corridor", "lgu": "Cebu City"}}, {"type": "Feature", "geometry": {"type": "Point", "coordinates": [123.881851, 10.3723947]}, "properties": {"id": 123337380, "amenity_type": "tertiary", "amenity": "Busay-Budlaan Road", "lgu": "Cebu City"}}, {"type": "Feature", "geometry": {"type": "Point", "coordinates": [123.8794758, 10.3683721]}, "properties": {"id": 123337386, "amenity_type": "tertiary", "amenity": "Busay-Budlaan Road", "lgu": "Cebu City"}}, {"type": "Feature", "geometry": {"type": "Point", "coordinates": [123.8728785, 10.3460033]}, "properties": {"id": 124129197, "amenity_type": "tertiary", "amenity": "Unnamed road corridor", "lgu": "Cebu City"}}, {"type": "Feature", "geometry": {"type": "Point", "coordinates": [123.8728685, 10.2899014]}, "properties": {"id": 131156575, "amenity_type": "primary", "amenity": "Natalio Bacalso Avenue", "lgu": "Cebu City"}}, {"type": "Feature", "geometry": {"type": "Point", "coordinates": [123.8786173, 10.292039]}, "properties": {"id": 131156577, "amenity_type": "secondary", "amenity": "Natalio Bacalso Avenue", "lgu": "Cebu City"}}, {"type": "Feature", "geometry": {"type": "Point", "coordinates": [123.8792643, 10.2925956]}, "properties": {"id": 131156578, "amenity_type": "secondary", "amenity": "Natalio Bacalso Avenue", "lgu": "Cebu City"}}, {"type": "Feature", "geometry": {"type": "Point", "coordinates": [123.8762927, 10.2906469]}, "properties": {"id": 131156579, "amenity_type": "secondary", "amenity": "Natalio Bacalso Avenue", "lgu": "Cebu City"}}, {"type": "Feature", "geometry": {"type": "Point", "coordinates": [123.8773987, 10.2913691]}, "properties": {"id": 131156581, "amenity_type": "primary", "amenity": "Mambaling Flyover", "lgu": "Cebu City"}}, {"type": "Feature", "geometry": {"type": "Point", "coordinates": [123.8792677, 10.2925831]}, "properties": {"id": 131156582, "amenity_type": "primary", "amenity": "Natalio Bacalso Avenue", "lgu": "Cebu City"}}, {"type": "Feature", "geometry": {"type": "Point", "coordinates": [123.875604, 10.2903861]}, "properties": {"id": 131156586, "amenity_type": "primary", "amenity": "Natalio Bacalso Avenue", "lgu": "Cebu City"}}, {"type": "Feature", "geometry": {"type": "Point", "coordinates": [123.8756132, 10.2903393]}, "properties": {"id": 131156587, "amenity_type": "primary", "amenity": "Natalio Bacalso Avenue", "lgu": "Cebu City"}}, {"type": "Feature", "geometry": {"type": "Point", "coordinates": [123.924136, 10.400734]}, "properties": {"id": 131562983, "amenity_type": "tertiary", "amenity": "Unnamed road corridor", "lgu": "Cebu City"}}, {"type": "Feature", "geometry": {"type": "Point", "coordinates": [123.8586993, 10.3988259]}, "properties": {"id": 141330603, "amenity_type": "tertiary", "amenity": "Unnamed road corridor", "lgu": "Cebu City"}}, {"type": "Feature", "geometry": {"type": "Point", "coordinates": [123.8926205, 10.3041123]}, "properties": {"id": 154104314, "amenity_type": "tertiary", "amenity": "J. Urgello Street", "lgu": "Cebu City"}}, {"type": "Feature", "geometry": {"type": "Point", "coordinates": [123.8930692, 10.3035522]}, "properties": {"id": 155016590, "amenity_type": "tertiary", "amenity": "Uytengsu Street", "lgu": "Cebu City"}}, {"type": "Feature", "geometry": {"type": "Point", "coordinates": [123.8796662, 10.3072435]}, "properties": {"id": 155742383, "amenity_type": "tertiary", "amenity": "Dr. Pablo Abella Street", "lgu": "Cebu City"}}, {"type": "Feature", "geometry": {"type": "Point", "coordinates": [123.9001846, 10.312932]}, "properties": {"id": 155744728, "amenity_type": "tertiary", "amenity": "Queens' Road", "lgu": "Cebu City"}}, {"type": "Feature", "geometry": {"type": "Point", "coordinates": [123.8935661, 10.3300603]}, "properties": {"id": 155749919, "amenity_type": "tertiary", "amenity": "Doña Modesta Gaisano Street", "lgu": "Cebu City"}}, {"type": "Feature", "geometry": {"type": "Point", "coordinates": [123.8654322, 10.3780074]}, "properties": {"id": 158658784, "amenity_type": "tertiary", "amenity": "Unnamed road corridor", "lgu": "Cebu City"}}, {"type": "Feature", "geometry": {"type": "Point", "coordinates": [123.8991604, 10.3044126]}, "properties": {"id": 159782894, "amenity_type": "tertiary", "amenity": "F. Ramos Extension", "lgu": "Cebu City"}}, {"type": "Feature", "geometry": {"type": "Point", "coordinates": [123.8993185, 10.307701]}, "properties": {"id": 159782899, "amenity_type": "tertiary", "amenity": "Natividad B. Toring Street", "lgu": "Cebu City"}}, {"type": "Feature", "geometry": {"type": "Point", "coordinates": [123.9004742, 10.3124146]}, "properties": {"id": 160891959, "amenity_type": "tertiary", "amenity": "F. Sotto Drive", "lgu": "Cebu City"}}, {"type": "Feature", "geometry": {"type": "Point", "coordinates": [123.900144, 10.3119321]}, "properties": {"id": 160891960, "amenity_type": "tertiary", "amenity": "F. Sotto Drive", "lgu": "Cebu City"}}, {"type": "Feature", "geometry": {"type": "Point", "coordinates": [123.8997008, 10.3128545]}, "properties": {"id": 160891963, "amenity_type": "tertiary", "amenity": "Queens' Road", "lgu": "Cebu City"}}, {"type": "Feature", "geometry": {"type": "Point", "coordinates": [123.9002167, 10.3115468]}, "properties": {"id": 160891965, "amenity_type": "secondary", "amenity": "General Maxilom Avenue", "lgu": "Cebu City"}}, {"type": "Feature", "geometry": {"type": "Point", "coordinates": [123.9006264, 10.3115409]}, "properties": {"id": 160891967, "amenity_type": "secondary", "amenity": "General Maxilom Avenue", "lgu": "Cebu City"}}, {"type": "Feature", "geometry": {"type": "Point", "coordinates": [123.9011277, 10.3114446]}, "properties": {"id": 160891969, "amenity_type": "secondary", "amenity": "General Maxilom Avenue", "lgu": "Cebu City"}}, {"type": "Feature", "geometry": {"type": "Point", "coordinates": [123.9006268, 10.3114871]}, "properties": {"id": 160891970, "amenity_type": "secondary", "amenity": "General Maxilom Avenue", "lgu": "Cebu City"}}, {"type": "Feature", "geometry": {"type": "Point", "coordinates": [123.8565356, 10.371713]}, "properties": {"id": 161842494, "amenity_type": "tertiary", "amenity": "Unnamed road corridor", "lgu": "Cebu City"}}, {"type": "Feature", "geometry": {"type": "Point", "coordinates": [123.8929863, 10.3123591]}, "properties": {"id": 202797690, "amenity_type": "tertiary", "amenity": "Governor M. Roa Street", "lgu": "Cebu City"}}, {"type": "Feature", "geometry": {"type": "Point", "coordinates": [123.9071746, 10.3358948]}, "properties": {"id": 208163289, "amenity_type": "tertiary", "amenity": "Omega Street", "lgu": "Cebu City"}}, {"type": "Feature", "geometry": {"type": "Point", "coordinates": [123.903256, 10.2916095]}, "properties": {"id": 208163300, "amenity_type": "tertiary", "amenity": "M.L. Quezon Boulevard", "lgu": "Cebu City"}}, {"type": "Feature", "geometry": {"type": "Point", "coordinates": [123.8908337, 10.3490962]}, "properties": {"id": 208507294, "amenity_type": "primary", "amenity": "Cebu-Balamban Transcentral Highway", "lgu": "Cebu City"}}, {"type": "Feature", "geometry": {"type": "Point", "coordinates": [123.906649, 10.2951645]}, "properties": {"id": 209903215, "amenity_type": "trunk", "amenity": "Cebu South Coastal Road", "lgu": "Cebu City"}}, {"type": "Feature", "geometry": {"type": "Point", "coordinates": [123.907536, 10.2966952]}, "properties": {"id": 209903555, "amenity_type": "trunk", "amenity": "Sergio Osmeña Avenue", "lgu": "Cebu City"}}, {"type": "Feature", "geometry": {"type": "Point", "coordinates": [123.9140053, 10.3653761]}, "properties": {"id": 209950114, "amenity_type": "secondary", "amenity": "Governor M. Cuenco Avenue", "lgu": "Cebu City"}}, {"type": "Feature", "geometry": {"type": "Point", "coordinates": [123.9139598, 10.3653577]}, "properties": {"id": 209950115, "amenity_type": "secondary", "amenity": "Governor M. Cuenco Avenue", "lgu": "Cebu City"}}, {"type": "Feature", "geometry": {"type": "Point", "coordinates": [123.9138324, 10.3658104]}, "properties": {"id": 209950116, "amenity_type": "secondary", "amenity": "Governor M. Cuenco Avenue", "lgu": "Cebu City"}}, {"type": "Feature", "geometry": {"type": "Point", "coordinates": [123.9139234, 10.3664316]}, "properties": {"id": 209950117, "amenity_type": "secondary", "amenity": "Governor M. Cuenco Avenue", "lgu": "Cebu City"}}, {"type": "Feature", "geometry": {"type": "Point", "coordinates": [123.9139252, 10.3658184]}, "properties": {"id": 209950118, "amenity_type": "secondary", "amenity": "Governor M. Cuenco Avenue", "lgu": "Cebu City"}}, {"type": "Feature", "geometry": {"type": "Point", "coordinates": [123.9138373, 10.3664413]}, "properties": {"id": 209996710, "amenity_type": "secondary", "amenity": "Governor M. Cuenco Avenue", "lgu": "Cebu City"}}, {"type": "Feature", "geometry": {"type": "Point", "coordinates": [123.906566, 10.3073903]}, "properties": {"id": 210004602, "amenity_type": "secondary", "amenity": "M.J. Cuenco Avenue", "lgu": "Cebu City"}}, {"type": "Feature", "geometry": {"type": "Point", "coordinates": [123.8961759, 10.299237]}, "properties": {"id": 211374684, "amenity_type": "primary", "amenity": "P. del Rosario Street", "lgu": "Cebu City"}}, {"type": "Feature", "geometry": {"type": "Point", "coordinates": [123.8968048, 10.2995649]}, "properties": {"id": 211375163, "amenity_type": "primary", "amenity": "P. del Rosario Street", "lgu": "Cebu City"}}, {"type": "Feature", "geometry": {"type": "Point", "coordinates": [123.9037493, 10.2977996]}, "properties": {"id": 213453376, "amenity_type": "tertiary", "amenity": "Mabini Street", "lgu": "Cebu City"}}, {"type": "Feature", "geometry": {"type": "Point", "coordinates": [123.9037042, 10.2986174]}, "properties": {"id": 213467354, "amenity_type": "secondary", "amenity": "Mabini Street", "lgu": "Cebu City"}}, {"type": "Feature", "geometry": {"type": "Point", "coordinates": [123.9048958, 10.2985555]}, "properties": {"id": 213467356, "amenity_type": "tertiary", "amenity": "Zulueta Street", "lgu": "Cebu City"}}, {"type": "Feature", "geometry": {"type": "Point", "coordinates": [123.8931391, 10.3562013]}, "properties": {"id": 214574260, "amenity_type": "tertiary", "amenity": "Paseo Salud", "lgu": "Cebu City"}}, {"type": "Feature", "geometry": {"type": "Point", "coordinates": [123.8903579, 10.3555007]}, "properties": {"id": 214574262, "amenity_type": "tertiary", "amenity": "Paseo John-John", "lgu": "Cebu City"}}, {"type": "Feature", "geometry": {"type": "Point", "coordinates": [123.896063, 10.355603]}, "properties": {"id": 214574306, "amenity_type": "tertiary", "amenity": "Paseo Michel", "lgu": "Cebu City"}}, {"type": "Feature", "geometry": {"type": "Point", "coordinates": [123.8780101, 10.3061891]}, "properties": {"id": 220299915, "amenity_type": "tertiary", "amenity": "Dr. Pablo Abella Street", "lgu": "Cebu City"}}, {"type": "Feature", "geometry": {"type": "Point", "coordinates": [123.8670331, 10.346213]}, "properties": {"id": 221565574, "amenity_type": "tertiary", "amenity": "Kalunasan Road", "lgu": "Cebu City"}}, {"type": "Feature", "geometry": {"type": "Point", "coordinates": [123.8933702, 10.2954202]}, "properties": {"id": 223358260, "amenity_type": "tertiary", "amenity": "Panganiban Street", "lgu": "Cebu City"}}, {"type": "Feature", "geometry": {"type": "Point", "coordinates": [123.8920665, 10.2971292]}, "properties": {"id": 225540239, "amenity_type": "tertiary", "amenity": "Panganiban Street", "lgu": "Cebu City"}}, {"type": "Feature", "geometry": {"type": "Point", "coordinates": [123.8850681, 10.2977308]}, "properties": {"id": 231454461, "amenity_type": "tertiary", "amenity": "Tres de Abril Street", "lgu": "Cebu City"}}, {"type": "Feature", "geometry": {"type": "Point", "coordinates": [123.8861622, 10.2977756]}, "properties": {"id": 231454463, "amenity_type": "secondary", "amenity": "Katipunan Street", "lgu": "Cebu City"}}, {"type": "Feature", "geometry": {"type": "Point", "coordinates": [123.9037711, 10.2976142]}, "properties": {"id": 233472314, "amenity_type": "tertiary", "amenity": "Mabini Street", "lgu": "Cebu City"}}, {"type": "Feature", "geometry": {"type": "Point", "coordinates": [123.9037991, 10.2973747]}, "properties": {"id": 233472315, "amenity_type": "tertiary", "amenity": "Mabini Street", "lgu": "Cebu City"}}, {"type": "Feature", "geometry": {"type": "Point", "coordinates": [123.9060026, 10.29807]}, "properties": {"id": 233472316, "amenity_type": "secondary", "amenity": "M.J. Cuenco Avenue", "lgu": "Cebu City"}}, {"type": "Feature", "geometry": {"type": "Point", "coordinates": [123.9059376, 10.2977196]}, "properties": {"id": 233472318, "amenity_type": "secondary", "amenity": "M.J. Cuenco Avenue", "lgu": "Cebu City"}}, {"type": "Feature", "geometry": {"type": "Point", "coordinates": [123.9078171, 10.297448]}, "properties": {"id": 233472319, "amenity_type": "trunk", "amenity": "Sergio Osmeña Avenue", "lgu": "Cebu City"}}, {"type": "Feature", "geometry": {"type": "Point", "coordinates": [123.9084237, 10.2983937]}, "properties": {"id": 233472320, "amenity_type": "trunk", "amenity": "Sergio Osmeña Avenue", "lgu": "Cebu City"}}, {"type": "Feature", "geometry": {"type": "Point", "coordinates": [123.9078892, 10.2974059]}, "properties": {"id": 233472321, "amenity_type": "trunk", "amenity": "Sergio Osmeña Avenue", "lgu": "Cebu City"}}, {"type": "Feature", "geometry": {"type": "Point", "coordinates": [123.9074668, 10.2967372]}, "properties": {"id": 233472322, "amenity_type": "trunk", "amenity": "Sergio Osmeña Avenue", "lgu": "Cebu City"}}, {"type": "Feature", "geometry": {"type": "Point", "coordinates": [123.9088797, 10.2967748]}, "properties": {"id": 233472323, "amenity_type": "tertiary", "amenity": "C. Arellano Boulevard", "lgu": "Cebu City"}}, {"type": "Feature", "geometry": {"type": "Point", "coordinates": [123.9092189, 10.2974202]}, "properties": {"id": 233472324, "amenity_type": "tertiary", "amenity": "C. Arellano Boulevard", "lgu": "Cebu City"}}, {"type": "Feature", "geometry": {"type": "Point", "coordinates": [123.9284114, 10.3170809]}, "properties": {"id": 234946827, "amenity_type": "trunk", "amenity": "Ouano Avenue", "lgu": "Cebu City"}}, {"type": "Feature", "geometry": {"type": "Point", "coordinates": [123.9298289, 10.3196886]}, "properties": {"id": 234947397, "amenity_type": "secondary", "amenity": "E.O. Perez Street", "lgu": "Cebu City"}}, {"type": "Feature", "geometry": {"type": "Point", "coordinates": [123.9289937, 10.3200861]}, "properties": {"id": 234947400, "amenity_type": "tertiary", "amenity": "F.F. Cruz Avenue", "lgu": "Cebu City"}}, {"type": "Feature", "geometry": {"type": "Point", "coordinates": [123.9283654, 10.3188186]}, "properties": {"id": 234947405, "amenity_type": "tertiary", "amenity": "F.F. Cruz Avenue", "lgu": "Cebu City"}}, {"type": "Feature", "geometry": {"type": "Point", "coordinates": [123.8931673, 10.3042445]}, "properties": {"id": 235306720, "amenity_type": "tertiary", "amenity": "Ascension Street", "lgu": "Cebu City"}}, {"type": "Feature", "geometry": {"type": "Point", "coordinates": [123.8948851, 10.2969767]}, "properties": {"id": 235308607, "amenity_type": "tertiary", "amenity": "Sanciangko Street", "lgu": "Cebu City"}}, {"type": "Feature", "geometry": {"type": "Point", "coordinates": [123.8954074, 10.2950162]}, "properties": {"id": 235308608, "amenity_type": "secondary", "amenity": "Colon Street", "lgu": "Cebu City"}}, {"type": "Feature", "geometry": {"type": "Point", "coordinates": [123.8981811, 10.2990107]}, "properties": {"id": 235308610, "amenity_type": "tertiary", "amenity": "Pelaez Street", "lgu": "Cebu City"}}, {"type": "Feature", "geometry": {"type": "Point", "coordinates": [123.8962707, 10.2963875]}, "properties": {"id": 235308611, "amenity_type": "tertiary", "amenity": "Leon Kilat Street", "lgu": "Cebu City"}}, {"type": "Feature", "geometry": {"type": "Point", "coordinates": [123.8952077, 10.2989567]}, "properties": {"id": 235308614, "amenity_type": "tertiary", "amenity": "J. Alcantara Street", "lgu": "Cebu City"}}, {"type": "Feature", "geometry": {"type": "Point", "coordinates": [123.8956008, 10.2986779]}, "properties": {"id": 235308615, "amenity_type": "tertiary", "amenity": "Leon Kilat Street", "lgu": "Cebu City"}}, {"type": "Feature", "geometry": {"type": "Point", "coordinates": [123.8927186, 10.3048046]}, "properties": {"id": 235308616, "amenity_type": "tertiary", "amenity": "V. Urgello Street", "lgu": "Cebu City"}}, {"type": "Feature", "geometry": {"type": "Point", "coordinates": [123.899157, 10.2966767]}, "properties": {"id": 235308617, "amenity_type": "tertiary", "amenity": "Legaspi Street", "lgu": "Cebu City"}}, {"type": "Feature", "geometry": {"type": "Point", "coordinates": [123.8978905, 10.2979622]}, "properties": {"id": 235308618, "amenity_type": "tertiary", "amenity": "Sanciangko Street", "lgu": "Cebu City"}}, {"type": "Feature", "geometry": {"type": "Point", "coordinates": [123.9038343, 10.2998823]}, "properties": {"id": 235310450, "amenity_type": "secondary", "amenity": "Mabini Street", "lgu": "Cebu City"}}, {"type": "Feature", "geometry": {"type": "Point", "coordinates": [123.9100749, 10.3067702]}, "properties": {"id": 235310454, "amenity_type": "secondary", "amenity": "General Maxilom Avenue Extension", "lgu": "Cebu City"}}, {"type": "Feature", "geometry": {"type": "Point", "coordinates": [123.8997539, 10.2959873]}, "properties": {"id": 235310459, "amenity_type": "tertiary", "amenity": "Vicente Gullas Street", "lgu": "Cebu City"}}, {"type": "Feature", "geometry": {"type": "Point", "coordinates": [123.9057931, 10.2970131]}, "properties": {"id": 235310463, "amenity_type": "secondary", "amenity": "M.J. Cuenco Avenue", "lgu": "Cebu City"}}, {"type": "Feature", "geometry": {"type": "Point", "coordinates": [123.909788, 10.307091]}, "properties": {"id": 235314414, "amenity_type": "secondary", "amenity": "General Maxilom Avenue Extension", "lgu": "Cebu City"}}, {"type": "Feature", "geometry": {"type": "Point", "coordinates": [123.90961, 10.3017881]}, "properties": {"id": 235314416, "amenity_type": "tertiary", "amenity": "T. Padilla Street", "lgu": "Cebu City"}}, {"type": "Feature", "geometry": {"type": "Point", "coordinates": [123.9260572, 10.3204991]}, "properties": {"id": 235314418, "amenity_type": "secondary", "amenity": "M. Logarta Avenue", "lgu": "Cebu City"}}, {"type": "Feature", "geometry": {"type": "Point", "coordinates": [123.9106154, 10.3061236]}, "properties": {"id": 235314420, "amenity_type": "secondary", "amenity": "General Maxilom Avenue Extension", "lgu": "Cebu City"}}, {"type": "Feature", "geometry": {"type": "Point", "coordinates": [123.9074474, 10.3019406]}, "properties": {"id": 235314421, "amenity_type": "tertiary", "amenity": "T. Padilla Street", "lgu": "Cebu City"}}, {"type": "Feature", "geometry": {"type": "Point", "coordinates": [123.9277211, 10.3204683]}, "properties": {"id": 235314845, "amenity_type": "secondary", "amenity": "E.O. Perez Street", "lgu": "Cebu City"}}, {"type": "Feature", "geometry": {"type": "Point", "coordinates": [123.930323, 10.321888]}, "properties": {"id": 235317803, "amenity_type": "tertiary", "amenity": "F.F. Cruz Avenue", "lgu": "Cebu City"}}, {"type": "Feature", "geometry": {"type": "Point", "coordinates": [123.8996238, 10.3192373]}, "properties": {"id": 235384735, "amenity_type": "secondary", "amenity": "Gorordo Avenue", "lgu": "Cebu City"}}, {"type": "Feature", "geometry": {"type": "Point", "coordinates": [123.9173579, 10.3132962]}, "properties": {"id": 235384736, "amenity_type": "secondary", "amenity": "A. Soriano Jr. Avenue", "lgu": "Cebu City"}}, {"type": "Feature", "geometry": {"type": "Point", "coordinates": [123.9161326, 10.3125523]}, "properties": {"id": 235384737, "amenity_type": "primary", "amenity": "Juan Luna Avenue", "lgu": "Cebu City"}}, {"type": "Feature", "geometry": {"type": "Point", "coordinates": [123.9117069, 10.31906]}, "properties": {"id": 235384968, "amenity_type": "primary", "amenity": "Pope John Paul Ⅱ Avenue", "lgu": "Cebu City"}}, {"type": "Feature", "geometry": {"type": "Point", "coordinates": [123.9079546, 10.31834]}, "properties": {"id": 235384969, "amenity_type": "secondary", "amenity": "Cardinal Rosales Avenue", "lgu": "Cebu City"}}, {"type": "Feature", "geometry": {"type": "Point", "coordinates": [123.9086888, 10.3170533]}, "properties": {"id": 235384970, "amenity_type": "tertiary", "amenity": "Samar Loop", "lgu": "Cebu City"}}, {"type": "Feature", "geometry": {"type": "Point", "coordinates": [123.9191775, 10.3088219]}, "properties": {"id": 235386284, "amenity_type": "trunk", "amenity": "Sergio Osmeña Avenue", "lgu": "Cebu City"}}, {"type": "Feature", "geometry": {"type": "Point", "coordinates": [123.9183756, 10.3096918]}, "properties": {"id": 235386285, "amenity_type": "primary", "amenity": "Juan Luna Avenue", "lgu": "Cebu City"}}, {"type": "Feature", "geometry": {"type": "Point", "coordinates": [123.9192065, 10.3128595]}, "properties": {"id": 235386286, "amenity_type": "secondary", "amenity": "Kaohsiung Street", "lgu": "Cebu City"}}, {"type": "Feature", "geometry": {"type": "Point", "coordinates": [123.9109908, 10.305814]}, "properties": {"id": 235388694, "amenity_type": "secondary", "amenity": "General Maxilom Avenue Extension", "lgu": "Cebu City"}}, {"type": "Feature", "geometry": {"type": "Point", "coordinates": [123.909845, 10.3071607]}, "properties": {"id": 235388695, "amenity_type": "secondary", "amenity": "General Maxilom Avenue Extension", "lgu": "Cebu City"}}, {"type": "Feature", "geometry": {"type": "Point", "coordinates": [123.9101495, 10.3068242]}, "properties": {"id": 235388696, "amenity_type": "secondary", "amenity": "General Maxilom Avenue Extension", "lgu": "Cebu City"}}, {"type": "Feature", "geometry": {"type": "Point", "coordinates": [123.9027, 10.3010151]}, "properties": {"id": 235388767, "amenity_type": "tertiary", "amenity": "Sikatuna Street", "lgu": "Cebu City"}}, {"type": "Feature", "geometry": {"type": "Point", "coordinates": [123.9041827, 10.2927746]}, "properties": {"id": 235390026, "amenity_type": "secondary", "amenity": "M.J. Cuenco Avenue", "lgu": "Cebu City"}}, {"type": "Feature", "geometry": {"type": "Point", "coordinates": [123.9050785, 10.3062412]}, "properties": {"id": 235390027, "amenity_type": "primary", "amenity": "Imus Avenue", "lgu": "Cebu City"}}, {"type": "Feature", "geometry": {"type": "Point", "coordinates": [123.8931774, 10.2964784]}, "properties": {"id": 235390028, "amenity_type": "tertiary", "amenity": "Sanciangko Street", "lgu": "Cebu City"}}, {"type": "Feature", "geometry": {"type": "Point", "coordinates": [123.8986314, 10.2928746]}, "properties": {"id": 235390029, "amenity_type": "tertiary", "amenity": "Manalili Street", "lgu": "Cebu City"}}, {"type": "Feature", "geometry": {"type": "Point", "coordinates": [123.8915184, 10.2979905]}, "properties": {"id": 235390030, "amenity_type": "tertiary", "amenity": "Panganiban Street", "lgu": "Cebu City"}}, {"type": "Feature", "geometry": {"type": "Point", "coordinates": [123.890538, 10.2977378]}, "properties": {"id": 235390255, "amenity_type": "primary", "amenity": "Natalio Bacalso Avenue", "lgu": "Cebu City"}}, {"type": "Feature", "geometry": {"type": "Point", "coordinates": [123.904357, 10.3211712]}, "properties": {"id": 235464417, "amenity_type": "secondary", "amenity": "Archbishop Reyes Avenue", "lgu": "Cebu City"}}, {"type": "Feature", "geometry": {"type": "Point", "coordinates": [123.9021838, 10.3167899]}, "properties": {"id": 235464418, "amenity_type": "secondary", "amenity": "Archbishop Reyes Avenue", "lgu": "Cebu City"}}, {"type": "Feature", "geometry": {"type": "Point", "coordinates": [123.9032322, 10.3190667]}, "properties": {"id": 235464420, "amenity_type": "secondary", "amenity": "Archbishop Reyes Avenue", "lgu": "Cebu City"}}, {"type": "Feature", "geometry": {"type": "Point", "coordinates": [123.9035246, 10.3198037]}, "properties": {"id": 235464444, "amenity_type": "secondary", "amenity": "Archbishop Reyes Avenue", "lgu": "Cebu City"}}, {"type": "Feature", "geometry": {"type": "Point", "coordinates": [123.8996152, 10.318491]}, "properties": {"id": 235464553, "amenity_type": "secondary", "amenity": "N. Escario Street", "lgu": "Cebu City"}}, {"type": "Feature", "geometry": {"type": "Point", "coordinates": [123.8789848, 10.2975045]}, "properties": {"id": 235465333, "amenity_type": "tertiary", "amenity": "Tres de Abril Street", "lgu": "Cebu City"}}, {"type": "Feature", "geometry": {"type": "Point", "coordinates": [123.8699581, 10.2959489]}, "properties": {"id": 235465334, "amenity_type": "secondary", "amenity": "Francisco Llamas Street", "lgu": "Cebu City"}}, {"type": "Feature", "geometry": {"type": "Point", "coordinates": [123.8826738, 10.2986361]}, "properties": {"id": 235465335, "amenity_type": "secondary", "amenity": "Katipunan Street", "lgu": "Cebu City"}}, {"type": "Feature", "geometry": {"type": "Point", "coordinates": [123.8899957, 10.3165507]}, "properties": {"id": 235465336, "amenity_type": "secondary", "amenity": "G. Garcia Street", "lgu": "Cebu City"}}, {"type": "Feature", "geometry": {"type": "Point", "coordinates": [123.8866807, 10.3079203]}, "properties": {"id": 235466214, "amenity_type": "secondary", "amenity": "Vicente Rama Avenue", "lgu": "Cebu City"}}, {"type": "Feature", "geometry": {"type": "Point", "coordinates": [123.9058703, 10.3162972]}, "properties": {"id": 235466215, "amenity_type": "secondary", "amenity": "Cardinal Rosales Avenue", "lgu": "Cebu City"}}, {"type": "Feature", "geometry": {"type": "Point", "coordinates": [123.9026, 10.3177152]}, "properties": {"id": 235466216, "amenity_type": "secondary", "amenity": "Archbishop Reyes Avenue", "lgu": "Cebu City"}}, {"type": "Feature", "geometry": {"type": "Point", "coordinates": [123.9057893, 10.3162356]}, "properties": {"id": 235466219, "amenity_type": "tertiary", "amenity": "Samar Loop", "lgu": "Cebu City"}}, {"type": "Feature", "geometry": {"type": "Point", "coordinates": [123.9052195, 10.3098832]}, "properties": {"id": 235466223, "amenity_type": "secondary", "amenity": "General Maxilom Avenue", "lgu": "Cebu City"}}, {"type": "Feature", "geometry": {"type": "Point", "coordinates": [123.9022671, 10.3140545]}, "properties": {"id": 235466224, "amenity_type": "secondary", "amenity": "Gorordo Avenue", "lgu": "Cebu City"}}, {"type": "Feature", "geometry": {"type": "Point", "coordinates": [123.8870807, 10.2969395]}, "properties": {"id": 235466225, "amenity_type": "primary", "amenity": "Natalio Bacalso Avenue", "lgu": "Cebu City"}}, {"type": "Feature", "geometry": {"type": "Point", "coordinates": [123.8886637, 10.2972124]}, "properties": {"id": 235466226, "amenity_type": "primary", "amenity": "Natalio Bacalso Avenue", "lgu": "Cebu City"}}, {"type": "Feature", "geometry": {"type": "Point", "coordinates": [123.8558625, 10.3859003]}, "properties": {"id": 235634434, "amenity_type": "primary", "amenity": "Cebu-Balamban Transcentral Highway", "lgu": "Cebu City"}}, {"type": "Feature", "geometry": {"type": "Point", "coordinates": [123.8902213, 10.3161125]}, "properties": {"id": 235634706, "amenity_type": "secondary", "amenity": "N. Escario Street", "lgu": "Cebu City"}}, {"type": "Feature", "geometry": {"type": "Point", "coordinates": [123.8910014, 10.3162118]}, "properties": {"id": 235634716, "amenity_type": "secondary", "amenity": "N. Escario Street", "lgu": "Cebu City"}}, {"type": "Feature", "geometry": {"type": "Point", "coordinates": [123.8927494, 10.3097731]}, "properties": {"id": 235634863, "amenity_type": "secondary", "amenity": "Fuente Osmeña Circle", "lgu": "Cebu City"}}, {"type": "Feature", "geometry": {"type": "Point", "coordinates": [123.8968227, 10.2997372]}, "properties": {"id": 235635149, "amenity_type": "secondary", "amenity": "Osmeña Boulevard", "lgu": "Cebu City"}}, {"type": "Feature", "geometry": {"type": "Point", "coordinates": [123.8973656, 10.2958571]}, "properties": {"id": 235635423, "amenity_type": "secondary", "amenity": "Colon Street", "lgu": "Cebu City"}}, {"type": "Feature", "geometry": {"type": "Point", "coordinates": [123.8951545, 10.2960527]}, "properties": {"id": 235635468, "amenity_type": "tertiary", "amenity": "A. Borromeo Street", "lgu": "Cebu City"}}, {"type": "Feature", "geometry": {"type": "Point", "coordinates": [123.8962487, 10.2933089]}, "properties": {"id": 235635721, "amenity_type": "tertiary", "amenity": "Magallanes Street", "lgu": "Cebu City"}}, {"type": "Feature", "geometry": {"type": "Point", "coordinates": [123.8971315, 10.2934863]}, "properties": {"id": 235635722, "amenity_type": "tertiary", "amenity": "Magallanes Street", "lgu": "Cebu City"}}, {"type": "Feature", "geometry": {"type": "Point", "coordinates": [123.8972995, 10.2928138]}, "properties": {"id": 235636725, "amenity_type": "tertiary", "amenity": "Escaño Street", "lgu": "Cebu City"}}, {"type": "Feature", "geometry": {"type": "Point", "coordinates": [123.8979186, 10.2915896]}, "properties": {"id": 235636726, "amenity_type": "tertiary", "amenity": "M.C. Briones Street", "lgu": "Cebu City"}}, {"type": "Feature", "geometry": {"type": "Point", "coordinates": [123.9048092, 10.2939232]}, "properties": {"id": 235636727, "amenity_type": "secondary", "amenity": "M.J. Cuenco Avenue", "lgu": "Cebu City"}}, {"type": "Feature", "geometry": {"type": "Point", "coordinates": [123.9040196, 10.2937552]}, "properties": {"id": 235636728, "amenity_type": "secondary", "amenity": "Osmeña Boulevard", "lgu": "Cebu City"}}, {"type": "Feature", "geometry": {"type": "Point", "coordinates": [123.9039254, 10.2942032]}, "properties": {"id": 235636767, "amenity_type": "tertiary", "amenity": "Lapu-Lapu Street", "lgu": "Cebu City"}}, {"type": "Feature", "geometry": {"type": "Point", "coordinates": [123.90372, 10.2947116]}, "properties": {"id": 235636841, "amenity_type": "tertiary", "amenity": "Legaspi Street", "lgu": "Cebu City"}}, {"type": "Feature", "geometry": {"type": "Point", "coordinates": [123.8983288, 10.3003566]}, "properties": {"id": 235636887, "amenity_type": "primary", "amenity": "P. del Rosario Street", "lgu": "Cebu City"}}, {"type": "Feature", "geometry": {"type": "Point", "coordinates": [123.8497096, 10.4114273]}, "properties": {"id": 235639065, "amenity_type": "primary", "amenity": "Cebu-Balamban Transcentral Highway", "lgu": "Cebu City"}}, {"type": "Feature", "geometry": {"type": "Point", "coordinates": [123.9060279, 10.3398063]}, "properties": {"id": 236092220, "amenity_type": "tertiary", "amenity": "Camp Lapu-Lapu Road", "lgu": "Cebu City"}}, {"type": "Feature", "geometry": {"type": "Point", "coordinates": [123.9077693, 10.3364347]}, "properties": {"id": 236092573, "amenity_type": "tertiary", "amenity": "San Miguel Street", "lgu": "Cebu City"}}, {"type": "Feature", "geometry": {"type": "Point", "coordinates": [123.9071757, 10.3339257]}, "properties": {"id": 236092574, "amenity_type": "tertiary", "amenity": "San Miguel Road", "lgu": "Cebu City"}}, {"type": "Feature", "geometry": {"type": "Point", "coordinates": [123.9060936, 10.3303298]}, "properties": {"id": 236092834, "amenity_type": "tertiary", "amenity": "Geonzon Street", "lgu": "Cebu City"}}, {"type": "Feature", "geometry": {"type": "Point", "coordinates": [123.9083564, 10.3308983]}, "properties": {"id": 236092835, "amenity_type": "tertiary", "amenity": "I. Villa Street", "lgu": "Cebu City"}}, {"type": "Feature", "geometry": {"type": "Point", "coordinates": [123.9017073, 10.3293366]}, "properties": {"id": 236093276, "amenity_type": "primary", "amenity": "Salinas Drive", "lgu": "Cebu City"}}, {"type": "Feature", "geometry": {"type": "Point", "coordinates": [123.9045466, 10.32789]}, "properties": {"id": 236093277, "amenity_type": "primary", "amenity": "Salinas Drive", "lgu": "Cebu City"}}, {"type": "Feature", "geometry": {"type": "Point", "coordinates": [123.8983908, 10.3240849]}, "properties": {"id": 236093278, "amenity_type": "secondary", "amenity": "Gorordo Avenue", "lgu": "Cebu City"}}, {"type": "Feature", "geometry": {"type": "Point", "coordinates": [123.9049894, 10.3287274]}, "properties": {"id": 236093279, "amenity_type": "tertiary", "amenity": "Geonzon Street", "lgu": "Cebu City"}}, {"type": "Feature", "geometry": {"type": "Point", "coordinates": [123.8908938, 10.3161738]}, "properties": {"id": 236093526, "amenity_type": "secondary", "amenity": "N. Escario Street", "lgu": "Cebu City"}}, {"type": "Feature", "geometry": {"type": "Point", "coordinates": [123.898574, 10.2940701]}, "properties": {"id": 236094246, "amenity_type": "tertiary", "amenity": "Magallanes Street", "lgu": "Cebu City"}}, {"type": "Feature", "geometry": {"type": "Point", "coordinates": [123.8979499, 10.2937268]}, "properties": {"id": 236094247, "amenity_type": "tertiary", "amenity": "Magallanes Street", "lgu": "Cebu City"}}, {"type": "Feature", "geometry": {"type": "Point", "coordinates": [123.8982905, 10.292407]}, "properties": {"id": 236094248, "amenity_type": "tertiary", "amenity": "Jose Leyson Street", "lgu": "Cebu City"}}, {"type": "Feature", "geometry": {"type": "Point", "coordinates": [123.8777277, 10.2998461]}, "properties": {"id": 236157710, "amenity_type": "secondary", "amenity": "Katipunan Street", "lgu": "Cebu City"}}, {"type": "Feature", "geometry": {"type": "Point", "coordinates": [123.8770131, 10.3000188]}, "properties": {"id": 236157711, "amenity_type": "secondary", "amenity": "Katipunan Street", "lgu": "Cebu City"}}, {"type": "Feature", "geometry": {"type": "Point", "coordinates": [123.8783419, 10.3011685]}, "properties": {"id": 236157715, "amenity_type": "secondary", "amenity": "Salvador Extension", "lgu": "Cebu City"}}, {"type": "Feature", "geometry": {"type": "Point", "coordinates": [123.8778381, 10.302792]}, "properties": {"id": 236157716, "amenity_type": "secondary", "amenity": "Salvador Extension", "lgu": "Cebu City"}}, {"type": "Feature", "geometry": {"type": "Point", "coordinates": [123.8908608, 10.3162644]}, "properties": {"id": 236313683, "amenity_type": "secondary", "amenity": "N. Escario Street", "lgu": "Cebu City"}}, {"type": "Feature", "geometry": {"type": "Point", "coordinates": [123.8771541, 10.304013]}, "properties": {"id": 236314287, "amenity_type": "secondary", "amenity": "Salvador Extension", "lgu": "Cebu City"}}, {"type": "Feature", "geometry": {"type": "Point", "coordinates": [123.8803419, 10.3302296]}, "properties": {"id": 236316522, "amenity_type": "secondary", "amenity": "J. Labra Street", "lgu": "Cebu City"}}, {"type": "Feature", "geometry": {"type": "Point", "coordinates": [123.8851014, 10.317149]}, "properties": {"id": 236316523, "amenity_type": "secondary", "amenity": "Vicente Rama Avenue", "lgu": "Cebu City"}}, {"type": "Feature", "geometry": {"type": "Point", "coordinates": [123.8866645, 10.3081598]}, "properties": {"id": 236316524, "amenity_type": "secondary", "amenity": "Vicente Rama Avenue", "lgu": "Cebu City"}}, {"type": "Feature", "geometry": {"type": "Point", "coordinates": [123.8975467, 10.3110018]}, "properties": {"id": 236316781, "amenity_type": "secondary", "amenity": "General Maxilom Avenue", "lgu": "Cebu City"}}, {"type": "Feature", "geometry": {"type": "Point", "coordinates": [123.898758, 10.3126984]}, "properties": {"id": 236316931, "amenity_type": "tertiary", "amenity": "Queens' Road", "lgu": "Cebu City"}}, {"type": "Feature", "geometry": {"type": "Point", "coordinates": [123.9007247, 10.3170332]}, "properties": {"id": 236316932, "amenity_type": "secondary", "amenity": "Gorordo Avenue", "lgu": "Cebu City"}}, {"type": "Feature", "geometry": {"type": "Point", "coordinates": [123.9005998, 10.3127641]}, "properties": {"id": 236316933, "amenity_type": "tertiary", "amenity": "F. Sotto Drive", "lgu": "Cebu City"}}, {"type": "Feature", "geometry": {"type": "Point", "coordinates": [123.901675, 10.3151585]}, "properties": {"id": 236316934, "amenity_type": "secondary", "amenity": "Gorordo Avenue", "lgu": "Cebu City"}}, {"type": "Feature", "geometry": {"type": "Point", "coordinates": [123.9024571, 10.3174106]}, "properties": {"id": 236317851, "amenity_type": "secondary", "amenity": "Archbishop Reyes Avenue", "lgu": "Cebu City"}}, {"type": "Feature", "geometry": {"type": "Point", "coordinates": [123.9040198, 10.3202556]}, "properties": {"id": 236318798, "amenity_type": "tertiary", "amenity": "Mindanao Avenue", "lgu": "Cebu City"}}, {"type": "Feature", "geometry": {"type": "Point", "coordinates": [123.9038939, 10.3203853]}, "properties": {"id": 236318800, "amenity_type": "secondary", "amenity": "Archbishop Reyes Avenue", "lgu": "Cebu City"}}, {"type": "Feature", "geometry": {"type": "Point", "coordinates": [123.9064577, 10.3194261]}, "properties": {"id": 236318802, "amenity_type": "tertiary", "amenity": "Mindanao Avenue", "lgu": "Cebu City"}}, {"type": "Feature", "geometry": {"type": "Point", "coordinates": [123.9079449, 10.3184181]}, "properties": {"id": 236319170, "amenity_type": "tertiary", "amenity": "Samar Loop", "lgu": "Cebu City"}}, {"type": "Feature", "geometry": {"type": "Point", "coordinates": [123.9085586, 10.3189294]}, "properties": {"id": 236319171, "amenity_type": "secondary", "amenity": "Cardinal Rosales Avenue", "lgu": "Cebu City"}}, {"type": "Feature", "geometry": {"type": "Point", "coordinates": [123.9057212, 10.3162012]}, "properties": {"id": 236319228, "amenity_type": "secondary", "amenity": "Cardinal Rosales Avenue", "lgu": "Cebu City"}}, {"type": "Feature", "geometry": {"type": "Point", "coordinates": [123.9076802, 10.3257714]}, "properties": {"id": 236319279, "amenity_type": "primary", "amenity": "Pope John Paul Ⅱ Avenue", "lgu": "Cebu City"}}, {"type": "Feature", "geometry": {"type": "Point", "coordinates": [123.9161439, 10.3065126]}, "properties": {"id": 236319625, "amenity_type": "trunk", "amenity": "Sergio Osmeña Avenue", "lgu": "Cebu City"}}, {"type": "Feature", "geometry": {"type": "Point", "coordinates": [123.9203536, 10.3099311]}, "properties": {"id": 236319626, "amenity_type": "trunk", "amenity": "Sergio Osmeña Avenue", "lgu": "Cebu City"}}, {"type": "Feature", "geometry": {"type": "Point", "coordinates": [123.9213622, 10.3111615]}, "properties": {"id": 236319627, "amenity_type": "secondary", "amenity": "Kaohsiung Street", "lgu": "Cebu City"}}, {"type": "Feature", "geometry": {"type": "Point", "coordinates": [123.8926637, 10.3108217]}, "properties": {"id": 236319981, "amenity_type": "secondary", "amenity": "Osmeña Boulevard", "lgu": "Cebu City"}}, {"type": "Feature", "geometry": {"type": "Point", "coordinates": [123.8909589, 10.3162464]}, "properties": {"id": 236319982, "amenity_type": "secondary", "amenity": "Osmeña Boulevard", "lgu": "Cebu City"}}, {"type": "Feature", "geometry": {"type": "Point", "coordinates": [123.8912805, 10.3153108]}, "properties": {"id": 236319983, "amenity_type": "secondary", "amenity": "Osmeña Boulevard", "lgu": "Cebu City"}}, {"type": "Feature", "geometry": {"type": "Point", "coordinates": [123.883148, 10.3149304]}, "properties": {"id": 236319984, "amenity_type": "secondary", "amenity": "Ramon Duterte Street", "lgu": "Cebu City"}}, {"type": "Feature", "geometry": {"type": "Point", "coordinates": [123.9010991, 10.2929908]}, "properties": {"id": 236322085, "amenity_type": "tertiary", "amenity": "Dionisio Jakosalem Street", "lgu": "Cebu City"}}, {"type": "Feature", "geometry": {"type": "Point", "coordinates": [123.8853634, 10.2927908]}, "properties": {"id": 236322086, "amenity_type": "secondary", "amenity": "Candido Padilla Street", "lgu": "Cebu City"}}, {"type": "Feature", "geometry": {"type": "Point", "coordinates": [123.9011643, 10.2976857]}, "properties": {"id": 236322088, "amenity_type": "secondary", "amenity": "Colon Street", "lgu": "Cebu City"}}, {"type": "Feature", "geometry": {"type": "Point", "coordinates": [123.8871051, 10.2926776]}, "properties": {"id": 236322091, "amenity_type": "tertiary", "amenity": "Carlock Street", "lgu": "Cebu City"}}, {"type": "Feature", "geometry": {"type": "Point", "coordinates": [123.9082799, 10.3158728]}, "properties": {"id": 236322374, "amenity_type": "tertiary", "amenity": "Samar Loop", "lgu": "Cebu City"}}, {"type": "Feature", "geometry": {"type": "Point", "coordinates": [123.9020555, 10.302193]}, "properties": {"id": 236322595, "amenity_type": "tertiary", "amenity": "Sikatuna Street", "lgu": "Cebu City"}}, {"type": "Feature", "geometry": {"type": "Point", "coordinates": [123.8984425, 10.2963973]}, "properties": {"id": 236322790, "amenity_type": "secondary", "amenity": "Colon Street", "lgu": "Cebu City"}}, {"type": "Feature", "geometry": {"type": "Point", "coordinates": [123.9113761, 10.3126191]}, "properties": {"id": 236323132, "amenity_type": "primary", "amenity": "M.J. Cuenco Avenue", "lgu": "Cebu City"}}, {"type": "Feature", "geometry": {"type": "Point", "coordinates": [123.9087875, 10.3170589]}, "properties": {"id": 236323247, "amenity_type": "tertiary", "amenity": "Samar Loop", "lgu": "Cebu City"}}, {"type": "Feature", "geometry": {"type": "Point", "coordinates": [123.9046342, 10.3216701]}, "properties": {"id": 236323812, "amenity_type": "secondary", "amenity": "Archbishop Reyes Avenue", "lgu": "Cebu City"}}, {"type": "Feature", "geometry": {"type": "Point", "coordinates": [123.9244206, 10.3712403]}, "properties": {"id": 236324164, "amenity_type": "secondary", "amenity": "H. Abellana Street", "lgu": "Cebu City"}}, {"type": "Feature", "geometry": {"type": "Point", "coordinates": [123.9177248, 10.3170412]}, "properties": {"id": 236482768, "amenity_type": "primary", "amenity": "M.J. Cuenco Avenue", "lgu": "Cebu City"}}, {"type": "Feature", "geometry": {"type": "Point", "coordinates": [123.9048104, 10.2950811]}, "properties": {"id": 236483866, "amenity_type": "tertiary", "amenity": "Urdaneta Street", "lgu": "Cebu City"}}, {"type": "Feature", "geometry": {"type": "Point", "coordinates": [123.8998581, 10.2920579]}, "properties": {"id": 236483867, "amenity_type": "tertiary", "amenity": "M.C. Briones Street", "lgu": "Cebu City"}}, {"type": "Feature", "geometry": {"type": "Point", "coordinates": [123.9070568, 10.3084972]}, "properties": {"id": 236483868, "amenity_type": "primary", "amenity": "Imus Avenue", "lgu": "Cebu City"}}, {"type": "Feature", "geometry": {"type": "Point", "coordinates": [123.8976385, 10.2936119]}, "properties": {"id": 236483869, "amenity_type": "tertiary", "amenity": "Magallanes Street", "lgu": "Cebu City"}}, {"type": "Feature", "geometry": {"type": "Point", "coordinates": [123.9053139, 10.2952556]}, "properties": {"id": 236483870, "amenity_type": "secondary", "amenity": "M.J. Cuenco Avenue", "lgu": "Cebu City"}}, {"type": "Feature", "geometry": {"type": "Point", "coordinates": [123.9056501, 10.3097044]}, "properties": {"id": 236483871, "amenity_type": "secondary", "amenity": "General Maxilom Avenue", "lgu": "Cebu City"}}, {"type": "Feature", "geometry": {"type": "Point", "coordinates": [123.9042483, 10.2961582]}, "properties": {"id": 236483872, "amenity_type": "tertiary", "amenity": "Jereza Street", "lgu": "Cebu City"}}, {"type": "Feature", "geometry": {"type": "Point", "coordinates": [123.9004759, 10.2934905]}, "properties": {"id": 236483873, "amenity_type": "tertiary", "amenity": "F. Gonzales Street", "lgu": "Cebu City"}}, {"type": "Feature", "geometry": {"type": "Point", "coordinates": [123.9046173, 10.2955918]}, "properties": {"id": 236483874, "amenity_type": "tertiary", "amenity": "Lapu-Lapu Street", "lgu": "Cebu City"}}, {"type": "Feature", "geometry": {"type": "Point", "coordinates": [123.9084019, 10.310286]}, "properties": {"id": 236483875, "amenity_type": "primary", "amenity": "M.J. Cuenco Avenue", "lgu": "Cebu City"}}, {"type": "Feature", "geometry": {"type": "Point", "coordinates": [123.9049864, 10.2963094]}, "properties": {"id": 236483876, "amenity_type": "tertiary", "amenity": "Lapu-Lapu Street", "lgu": "Cebu City"}}, {"type": "Feature", "geometry": {"type": "Point", "coordinates": [123.8980024, 10.2928464]}, "properties": {"id": 236483877, "amenity_type": "tertiary", "amenity": "F. Calderon Street", "lgu": "Cebu City"}}, {"type": "Feature", "geometry": {"type": "Point", "coordinates": [123.8724788, 10.2877217]}, "properties": {"id": 236484374, "amenity_type": "tertiary", "amenity": "L. Gabuya Street", "lgu": "Cebu City"}}, {"type": "Feature", "geometry": {"type": "Point", "coordinates": [123.8684808, 10.2845544]}, "properties": {"id": 236484376, "amenity_type": "tertiary", "amenity": "L. Gabuya Street", "lgu": "Cebu City"}}, {"type": "Feature", "geometry": {"type": "Point", "coordinates": [123.8889583, 10.2935361]}, "properties": {"id": 236485709, "amenity_type": "secondary", "amenity": "Candido Padilla Street", "lgu": "Cebu City"}}, {"type": "Feature", "geometry": {"type": "Point", "coordinates": [123.8918773, 10.292489]}, "properties": {"id": 236485710, "amenity_type": "tertiary", "amenity": "Tupas Street", "lgu": "Cebu City"}}, {"type": "Feature", "geometry": {"type": "Point", "coordinates": [123.8894506, 10.296774]}, "properties": {"id": 236485721, "amenity_type": "tertiary", "amenity": "Tres de Abril Street", "lgu": "Cebu City"}}, {"type": "Feature", "geometry": {"type": "Point", "coordinates": [123.8914761, 10.2939646]}, "properties": {"id": 236485828, "amenity_type": "secondary", "amenity": "Candido Padilla Street", "lgu": "Cebu City"}}, {"type": "Feature", "geometry": {"type": "Point", "coordinates": [123.893365, 10.2942725]}, "properties": {"id": 236485838, "amenity_type": "secondary", "amenity": "Candido Padilla Street", "lgu": "Cebu City"}}, {"type": "Feature", "geometry": {"type": "Point", "coordinates": [123.9062268, 10.2993094]}, "properties": {"id": 236486666, "amenity_type": "secondary", "amenity": "M.J. Cuenco Avenue", "lgu": "Cebu City"}}, {"type": "Feature", "geometry": {"type": "Point", "coordinates": [123.9029011, 10.2939442]}, "properties": {"id": 236486667, "amenity_type": "tertiary", "amenity": "P. Burgos Street", "lgu": "Cebu City"}}, {"type": "Feature", "geometry": {"type": "Point", "coordinates": [123.871854, 10.2897905]}, "properties": {"id": 236541781, "amenity_type": "secondary", "amenity": "Natalio Bacalso Avenue", "lgu": "Cebu City"}}, {"type": "Feature", "geometry": {"type": "Point", "coordinates": [123.8675385, 10.2891497]}, "properties": {"id": 236541782, "amenity_type": "primary", "amenity": "Natalio Bacalso Avenue", "lgu": "Cebu City"}}, {"type": "Feature", "geometry": {"type": "Point", "coordinates": [123.8933177, 10.2984388]}, "properties": {"id": 236552906, "amenity_type": "primary", "amenity": "Natalio Bacalso Avenue", "lgu": "Cebu City"}}, {"type": "Feature", "geometry": {"type": "Point", "coordinates": [123.8910426, 10.2977263]}, "properties": {"id": 236552911, "amenity_type": "primary", "amenity": "Natalio Bacalso Avenue", "lgu": "Cebu City"}}, {"type": "Feature", "geometry": {"type": "Point", "coordinates": [123.8903083, 10.2974516]}, "properties": {"id": 236552913, "amenity_type": "primary", "amenity": "Natalio Bacalso Avenue", "lgu": "Cebu City"}}, {"type": "Feature", "geometry": {"type": "Point", "coordinates": [123.9098532, 10.3199874]}, "properties": {"id": 236557609, "amenity_type": "secondary", "amenity": "Cardinal Rosales Avenue", "lgu": "Cebu City"}}, {"type": "Feature", "geometry": {"type": "Point", "coordinates": [123.9135201, 10.3136937]}, "properties": {"id": 236557610, "amenity_type": "primary", "amenity": "M.J. Cuenco Avenue", "lgu": "Cebu City"}}, {"type": "Feature", "geometry": {"type": "Point", "coordinates": [123.9063034, 10.307571]}, "properties": {"id": 236557612, "amenity_type": "primary", "amenity": "Imus Avenue", "lgu": "Cebu City"}}, {"type": "Feature", "geometry": {"type": "Point", "coordinates": [123.905566, 10.2960408]}, "properties": {"id": 236557613, "amenity_type": "secondary", "amenity": "M.J. Cuenco Avenue", "lgu": "Cebu City"}}, {"type": "Feature", "geometry": {"type": "Point", "coordinates": [123.9058845, 10.3065868]}, "properties": {"id": 236557614, "amenity_type": "secondary", "amenity": "M.J. Cuenco Avenue", "lgu": "Cebu City"}}, {"type": "Feature", "geometry": {"type": "Point", "coordinates": [123.9146947, 10.3142822]}, "properties": {"id": 236557615, "amenity_type": "primary", "amenity": "M.J. Cuenco Avenue", "lgu": "Cebu City"}}, {"type": "Feature", "geometry": {"type": "Point", "coordinates": [123.9120913, 10.3043094]}, "properties": {"id": 237210379, "amenity_type": "secondary", "amenity": "General Maxilom Avenue Extension", "lgu": "Cebu City"}}, {"type": "Feature", "geometry": {"type": "Point", "coordinates": [123.9112511, 10.3053414]}, "properties": {"id": 237210381, "amenity_type": "secondary", "amenity": "General Maxilom Avenue Extension", "lgu": "Cebu City"}}, {"type": "Feature", "geometry": {"type": "Point", "coordinates": [123.9185964, 10.3096106]}, "properties": {"id": 237211293, "amenity_type": "primary", "amenity": "Juan Luna Avenue", "lgu": "Cebu City"}}, {"type": "Feature", "geometry": {"type": "Point", "coordinates": [123.9063129, 10.3037215]}, "properties": {"id": 237211294, "amenity_type": "secondary", "amenity": "M.J. Cuenco Avenue", "lgu": "Cebu City"}}, {"type": "Feature", "geometry": {"type": "Point", "coordinates": [123.9035841, 10.3003151]}, "properties": {"id": 237283341, "amenity_type": "secondary", "amenity": "Bonifacio Street", "lgu": "Cebu City"}}, {"type": "Feature", "geometry": {"type": "Point", "coordinates": [123.9021118, 10.3020631]}, "properties": {"id": 237283342, "amenity_type": "tertiary", "amenity": "Sikatuna Street", "lgu": "Cebu City"}}, {"type": "Feature", "geometry": {"type": "Point", "coordinates": [123.9085759, 10.2962217]}, "properties": {"id": 237284021, "amenity_type": "tertiary", "amenity": "C. Arellano Boulevard", "lgu": "Cebu City"}}, {"type": "Feature", "geometry": {"type": "Point", "coordinates": [123.9071698, 10.2984161]}, "properties": {"id": 237284022, "amenity_type": "tertiary", "amenity": "V. Sotto Street", "lgu": "Cebu City"}}, {"type": "Feature", "geometry": {"type": "Point", "coordinates": [123.910763, 10.3020072]}, "properties": {"id": 237284023, "amenity_type": "trunk", "amenity": "Sergio Osmeña Avenue", "lgu": "Cebu City"}}, {"type": "Feature", "geometry": {"type": "Point", "coordinates": [123.9011902, 10.3008548]}, "properties": {"id": 237284024, "amenity_type": "tertiary", "amenity": "Dionisio Jakosalem Street", "lgu": "Cebu City"}}, {"type": "Feature", "geometry": {"type": "Point", "coordinates": [123.9007977, 10.3017507]}, "properties": {"id": 237284025, "amenity_type": "tertiary", "amenity": "Dionisio Jakosalem Street", "lgu": "Cebu City"}}, {"type": "Feature", "geometry": {"type": "Point", "coordinates": [123.9102109, 10.3016253]}, "properties": {"id": 237284026, "amenity_type": "trunk", "amenity": "Sergio Osmeña Avenue", "lgu": "Cebu City"}}, {"type": "Feature", "geometry": {"type": "Point", "coordinates": [123.9035486, 10.298705]}, "properties": {"id": 237284542, "amenity_type": "secondary", "amenity": "Sikatuna Street", "lgu": "Cebu City"}}, {"type": "Feature", "geometry": {"type": "Point", "coordinates": [123.9017327, 10.2990945]}, "properties": {"id": 237284544, "amenity_type": "tertiary", "amenity": "Dionisio Jakosalem Street", "lgu": "Cebu City"}}, {"type": "Feature", "geometry": {"type": "Point", "coordinates": [123.9016271, 10.299667]}, "properties": {"id": 237284546, "amenity_type": "tertiary", "amenity": "Dionisio Jakosalem Street", "lgu": "Cebu City"}}, {"type": "Feature", "geometry": {"type": "Point", "coordinates": [123.8867061, 10.304978]}, "properties": {"id": 237285224, "amenity_type": "secondary", "amenity": "Vicente Rama Avenue", "lgu": "Cebu City"}}, {"type": "Feature", "geometry": {"type": "Point", "coordinates": [123.8871485, 10.2995461]}, "properties": {"id": 237285227, "amenity_type": "secondary", "amenity": "Vicente Rama Avenue", "lgu": "Cebu City"}}, {"type": "Feature", "geometry": {"type": "Point", "coordinates": [123.9010757, 10.2965827]}, "properties": {"id": 237286437, "amenity_type": "tertiary", "amenity": "Vicente Gullas Street", "lgu": "Cebu City"}}, {"type": "Feature", "geometry": {"type": "Point", "coordinates": [123.9107217, 10.3020665]}, "properties": {"id": 237286438, "amenity_type": "trunk", "amenity": "Sergio Osmeña Avenue", "lgu": "Cebu City"}}, {"type": "Feature", "geometry": {"type": "Point", "coordinates": [123.901977, 10.2962753]}, "properties": {"id": 237286439, "amenity_type": "tertiary", "amenity": "Dionisio Jakosalem Street", "lgu": "Cebu City"}}, {"type": "Feature", "geometry": {"type": "Point", "coordinates": [123.9126596, 10.3036014]}, "properties": {"id": 237286440, "amenity_type": "secondary", "amenity": "General Maxilom Avenue Extension", "lgu": "Cebu City"}}, {"type": "Feature", "geometry": {"type": "Point", "coordinates": [123.8987104, 10.3308473]}, "properties": {"id": 237392054, "amenity_type": "primary", "amenity": "Salinas Drive", "lgu": "Cebu City"}}, {"type": "Feature", "geometry": {"type": "Point", "coordinates": [123.8982102, 10.2920742]}, "properties": {"id": 237393660, "amenity_type": "tertiary", "amenity": "F. Calderon Street", "lgu": "Cebu City"}}, {"type": "Feature", "geometry": {"type": "Point", "coordinates": [123.8966967, 10.2975162]}, "properties": {"id": 237393661, "amenity_type": "tertiary", "amenity": "Sanciangko Street", "lgu": "Cebu City"}}, {"type": "Feature", "geometry": {"type": "Point", "coordinates": [123.89912, 10.2985252]}, "properties": {"id": 237448558, "amenity_type": "tertiary", "amenity": "Sanciangko Street", "lgu": "Cebu City"}}, {"type": "Feature", "geometry": {"type": "Point", "coordinates": [123.9002053, 10.2984077]}, "properties": {"id": 237448559, "amenity_type": "tertiary", "amenity": "Junquera Street", "lgu": "Cebu City"}}, {"type": "Feature", "geometry": {"type": "Point", "coordinates": [123.9038703, 10.3109325]}, "properties": {"id": 237448560, "amenity_type": "secondary", "amenity": "Gorordo Avenue", "lgu": "Cebu City"}}, {"type": "Feature", "geometry": {"type": "Point", "coordinates": [123.9009339, 10.2958747]}, "properties": {"id": 237448561, "amenity_type": "tertiary", "amenity": "Legaspi Street", "lgu": "Cebu City"}}, {"type": "Feature", "geometry": {"type": "Point", "coordinates": [123.8944181, 10.3098517]}, "properties": {"id": 237448562, "amenity_type": "secondary", "amenity": "General Maxilom Avenue", "lgu": "Cebu City"}}, {"type": "Feature", "geometry": {"type": "Point", "coordinates": [123.9038025, 10.3107835]}, "properties": {"id": 237448563, "amenity_type": "secondary", "amenity": "General Maxilom Avenue", "lgu": "Cebu City"}}, {"type": "Feature", "geometry": {"type": "Point", "coordinates": [123.898559, 10.3013528]}, "properties": {"id": 237448564, "amenity_type": "tertiary", "amenity": "Junquera Street", "lgu": "Cebu City"}}, {"type": "Feature", "geometry": {"type": "Point", "coordinates": [123.8777535, 10.3712404]}, "properties": {"id": 237586315, "amenity_type": "primary", "amenity": "Cebu-Balamban Transcentral Highway", "lgu": "Cebu City"}}, {"type": "Feature", "geometry": {"type": "Point", "coordinates": [123.8971246, 10.2984824]}, "properties": {"id": 237587811, "amenity_type": "secondary", "amenity": "Osmeña Boulevard", "lgu": "Cebu City"}}, {"type": "Feature", "geometry": {"type": "Point", "coordinates": [123.9002845, 10.2921616]}, "properties": {"id": 237587813, "amenity_type": "tertiary", "amenity": "M.C. Briones Street", "lgu": "Cebu City"}}, {"type": "Feature", "geometry": {"type": "Point", "coordinates": [123.8936222, 10.2927928]}, "properties": {"id": 237587814, "amenity_type": "tertiary", "amenity": "Tupas Street", "lgu": "Cebu City"}}, {"type": "Feature", "geometry": {"type": "Point", "coordinates": [123.9014897, 10.2946507]}, "properties": {"id": 237589180, "amenity_type": "tertiary", "amenity": "Dionisio Jakosalem Street", "lgu": "Cebu City"}}, {"type": "Feature", "geometry": {"type": "Point", "coordinates": [123.9030212, 10.3186166]}, "properties": {"id": 237590245, "amenity_type": "secondary", "amenity": "Archbishop Reyes Avenue", "lgu": "Cebu City"}}, {"type": "Feature", "geometry": {"type": "Point", "coordinates": [123.9055936, 10.3231262]}, "properties": {"id": 237590248, "amenity_type": "secondary", "amenity": "Archbishop Reyes Avenue", "lgu": "Cebu City"}}, {"type": "Feature", "geometry": {"type": "Point", "coordinates": [123.9031155, 10.3188218]}, "properties": {"id": 237590251, "amenity_type": "secondary", "amenity": "Archbishop Reyes Avenue", "lgu": "Cebu City"}}, {"type": "Feature", "geometry": {"type": "Point", "coordinates": [123.9068672, 10.3250141]}, "properties": {"id": 237590253, "amenity_type": "secondary", "amenity": "Archbishop Reyes Avenue", "lgu": "Cebu City"}}, {"type": "Feature", "geometry": {"type": "Point", "coordinates": [123.9031705, 10.3189367]}, "properties": {"id": 237590255, "amenity_type": "secondary", "amenity": "Archbishop Reyes Avenue", "lgu": "Cebu City"}}, {"type": "Feature", "geometry": {"type": "Point", "coordinates": [123.9030934, 10.3201003]}, "properties": {"id": 237590257, "amenity_type": "secondary", "amenity": "N. Escario Street", "lgu": "Cebu City"}}, {"type": "Feature", "geometry": {"type": "Point", "coordinates": [123.9035875, 10.3170972]}, "properties": {"id": 237594355, "amenity_type": "tertiary", "amenity": "Luzon Avenue", "lgu": "Cebu City"}}, {"type": "Feature", "geometry": {"type": "Point", "coordinates": [123.8857917, 10.3187499]}, "properties": {"id": 237597771, "amenity_type": "tertiary", "amenity": "L. Bacayo Street", "lgu": "Cebu City"}}, {"type": "Feature", "geometry": {"type": "Point", "coordinates": [123.8973226, 10.2951179]}, "properties": {"id": 237598977, "amenity_type": "tertiary", "amenity": "A. Borromeo Street", "lgu": "Cebu City"}}, {"type": "Feature", "geometry": {"type": "Point", "coordinates": [123.8989243, 10.2922144]}, "properties": {"id": 237599373, "amenity_type": "tertiary", "amenity": "Jose Leyson Street", "lgu": "Cebu City"}}, {"type": "Feature", "geometry": {"type": "Point", "coordinates": [123.9026952, 10.2943292]}, "properties": {"id": 237599374, "amenity_type": "secondary", "amenity": "Osmeña Boulevard", "lgu": "Cebu City"}}, {"type": "Feature", "geometry": {"type": "Point", "coordinates": [123.8908835, 10.3159464]}, "properties": {"id": 237600485, "amenity_type": "secondary", "amenity": "Osmeña Boulevard", "lgu": "Cebu City"}}, {"type": "Feature", "geometry": {"type": "Point", "coordinates": [123.8884804, 10.2970037]}, "properties": {"id": 237602066, "amenity_type": "tertiary", "amenity": "Vicente Rama Avenue", "lgu": "Cebu City"}}, {"type": "Feature", "geometry": {"type": "Point", "coordinates": [123.8875353, 10.2965941]}, "properties": {"id": 237602067, "amenity_type": "tertiary", "amenity": "Tres de Abril Street", "lgu": "Cebu City"}}, {"type": "Feature", "geometry": {"type": "Point", "coordinates": [123.8823159, 10.29199]}, "properties": {"id": 237602068, "amenity_type": "secondary", "amenity": "Candido Padilla Street", "lgu": "Cebu City"}}, {"type": "Feature", "geometry": {"type": "Point", "coordinates": [123.892244, 10.2933058]}, "properties": {"id": 237602069, "amenity_type": "tertiary", "amenity": "Lakandula Street", "lgu": "Cebu City"}}, {"type": "Feature", "geometry": {"type": "Point", "coordinates": [123.8832823, 10.2953503]}, "properties": {"id": 237602070, "amenity_type": "primary", "amenity": "Natalio Bacalso Avenue", "lgu": "Cebu City"}}, {"type": "Feature", "geometry": {"type": "Point", "coordinates": [123.8827466, 10.2950517]}, "properties": {"id": 237602071, "amenity_type": "tertiary", "amenity": "R. Padilla", "lgu": "Cebu City"}}, {"type": "Feature", "geometry": {"type": "Point", "coordinates": [123.8869217, 10.2937943]}, "properties": {"id": 237602073, "amenity_type": "tertiary", "amenity": "Carlock Street", "lgu": "Cebu City"}}, {"type": "Feature", "geometry": {"type": "Point", "coordinates": [123.8690967, 10.2894195]}, "properties": {"id": 237680914, "amenity_type": "secondary", "amenity": "Natalio Bacalso Avenue", "lgu": "Cebu City"}}, {"type": "Feature", "geometry": {"type": "Point", "coordinates": [123.8566969, 10.2857381]}, "properties": {"id": 237680915, "amenity_type": "tertiary", "amenity": "E. Sabellano Street", "lgu": "Cebu City"}}, {"type": "Feature", "geometry": {"type": "Point", "coordinates": [123.862057, 10.2909993]}, "properties": {"id": 237680916, "amenity_type": "tertiary", "amenity": "E. Sabellano Street", "lgu": "Cebu City"}}, {"type": "Feature", "geometry": {"type": "Point", "coordinates": [123.8598092, 10.2845824]}, "properties": {"id": 237680917, "amenity_type": "primary", "amenity": "Natalio Bacalso Avenue", "lgu": "Cebu City"}}, {"type": "Feature", "geometry": {"type": "Point", "coordinates": [123.8826633, 10.2950733]}, "properties": {"id": 237682506, "amenity_type": "primary", "amenity": "Natalio Bacalso Avenue", "lgu": "Cebu City"}}, {"type": "Feature", "geometry": {"type": "Point", "coordinates": [123.9001231, 10.2973389]}, "properties": {"id": 237682507, "amenity_type": "secondary", "amenity": "Colon Street", "lgu": "Cebu City"}}, {"type": "Feature", "geometry": {"type": "Point", "coordinates": [123.8994602, 10.2997262]}, "properties": {"id": 237682508, "amenity_type": "tertiary", "amenity": "Junquera Street", "lgu": "Cebu City"}}, {"type": "Feature", "geometry": {"type": "Point", "coordinates": [123.9016737, 10.2925064]}, "properties": {"id": 237684337, "amenity_type": "tertiary", "amenity": "M.C. Briones Street", "lgu": "Cebu City"}}, {"type": "Feature", "geometry": {"type": "Point", "coordinates": [123.8771821, 10.2911798]}, "properties": {"id": 237686218, "amenity_type": "secondary", "amenity": "Natalio Bacalso Avenue", "lgu": "Cebu City"}}, {"type": "Feature", "geometry": {"type": "Point", "coordinates": [123.8772809, 10.2910558]}, "properties": {"id": 237686219, "amenity_type": "secondary", "amenity": "Natalio Bacalso Avenue", "lgu": "Cebu City"}}, {"type": "Feature", "geometry": {"type": "Point", "coordinates": [123.8774497, 10.2909259]}, "properties": {"id": 237686220, "amenity_type": "secondary", "amenity": "F. Vestil Street", "lgu": "Cebu City"}}, {"type": "Feature", "geometry": {"type": "Point", "coordinates": [123.8806545, 10.2844665]}, "properties": {"id": 237686221, "amenity_type": "secondary", "amenity": "F. Vestil Street", "lgu": "Cebu City"}}, {"type": "Feature", "geometry": {"type": "Point", "coordinates": [123.8775209, 10.2907521]}, "properties": {"id": 237686222, "amenity_type": "secondary", "amenity": "C Padiilla", "lgu": "Cebu City"}}, {"type": "Feature", "geometry": {"type": "Point", "coordinates": [123.8877081, 10.297237]}, "properties": {"id": 237743595, "amenity_type": "primary", "amenity": "Natalio Bacalso Avenue", "lgu": "Cebu City"}}, {"type": "Feature", "geometry": {"type": "Point", "coordinates": [123.8873182, 10.2971874]}, "properties": {"id": 237743596, "amenity_type": "primary", "amenity": "Natalio Bacalso Avenue", "lgu": "Cebu City"}}, {"type": "Feature", "geometry": {"type": "Point", "coordinates": [123.9026382, 10.2951792]}, "properties": {"id": 237743597, "amenity_type": "tertiary", "amenity": "Legaspi Street", "lgu": "Cebu City"}}, {"type": "Feature", "geometry": {"type": "Point", "coordinates": [123.9064083, 10.300348]}, "properties": {"id": 237745556, "amenity_type": "secondary", "amenity": "M.J. Cuenco Avenue", "lgu": "Cebu City"}}, {"type": "Feature", "geometry": {"type": "Point", "coordinates": [123.9202789, 10.3097195]}, "properties": {"id": 237745557, "amenity_type": "trunk", "amenity": "Sergio Osmeña Avenue", "lgu": "Cebu City"}}, {"type": "Feature", "geometry": {"type": "Point", "coordinates": [123.9031289, 10.3000765]}, "properties": {"id": 237745558, "amenity_type": "secondary", "amenity": "Sikatuna Street", "lgu": "Cebu City"}}, {"type": "Feature", "geometry": {"type": "Point", "coordinates": [123.9162646, 10.3123967]}, "properties": {"id": 237745559, "amenity_type": "primary", "amenity": "Juan Luna Avenue", "lgu": "Cebu City"}}, {"type": "Feature", "geometry": {"type": "Point", "coordinates": [123.9065411, 10.293552]}, "properties": {"id": 237745560, "amenity_type": "tertiary", "amenity": "Legaspi Extension", "lgu": "Cebu City"}}, {"type": "Feature", "geometry": {"type": "Point", "coordinates": [123.905627, 10.2942041]}, "properties": {"id": 237748763, "amenity_type": "tertiary", "amenity": "Legaspi Extension", "lgu": "Cebu City"}}, {"type": "Feature", "geometry": {"type": "Point", "coordinates": [123.9035003, 10.2952691]}, "properties": {"id": 237748764, "amenity_type": "tertiary", "amenity": "P. Burgos Street", "lgu": "Cebu City"}}, {"type": "Feature", "geometry": {"type": "Point", "coordinates": [123.9051415, 10.2948193]}, "properties": {"id": 237748765, "amenity_type": "secondary", "amenity": "M.J. Cuenco Avenue", "lgu": "Cebu City"}}, {"type": "Feature", "geometry": {"type": "Point", "coordinates": [123.9085816, 10.3078317]}, "properties": {"id": 237749470, "amenity_type": "secondary", "amenity": "General Maxilom Avenue Extension", "lgu": "Cebu City"}}, {"type": "Feature", "geometry": {"type": "Point", "coordinates": [123.9081609, 10.3155888]}, "properties": {"id": 237982297, "amenity_type": "tertiary", "amenity": "Samar Loop", "lgu": "Cebu City"}}, {"type": "Feature", "geometry": {"type": "Point", "coordinates": [123.9299418, 10.337737]}, "properties": {"id": 237983863, "amenity_type": "secondary", "amenity": "A. S. Fortuna Street", "lgu": "Cebu City"}}, {"type": "Feature", "geometry": {"type": "Point", "coordinates": [123.911889, 10.3411101]}, "properties": {"id": 237993511, "amenity_type": "secondary", "amenity": "Governor M. Cuenco Avenue", "lgu": "Cebu City"}}, {"type": "Feature", "geometry": {"type": "Point", "coordinates": [123.9120027, 10.3420971]}, "properties": {"id": 237993512, "amenity_type": "secondary", "amenity": "Governor M. Cuenco Avenue", "lgu": "Cebu City"}}, {"type": "Feature", "geometry": {"type": "Point", "coordinates": [123.9040492, 10.2954582]}, "properties": {"id": 237994588, "amenity_type": "tertiary", "amenity": "Urdaneta Street", "lgu": "Cebu City"}}, {"type": "Feature", "geometry": {"type": "Point", "coordinates": [123.904095, 10.2971353]}, "properties": {"id": 237994589, "amenity_type": "tertiary", "amenity": "Vicente Gullas Street", "lgu": "Cebu City"}}, {"type": "Feature", "geometry": {"type": "Point", "coordinates": [123.9087605, 10.3019206]}, "properties": {"id": 237994590, "amenity_type": "tertiary", "amenity": "T. Padilla Street", "lgu": "Cebu City"}}, {"type": "Feature", "geometry": {"type": "Point", "coordinates": [123.9244997, 10.3230151]}, "properties": {"id": 237994942, "amenity_type": "secondary", "amenity": "Hernan Cortes Street", "lgu": "Cebu City"}}, {"type": "Feature", "geometry": {"type": "Point", "coordinates": [123.9237399, 10.3224066]}, "properties": {"id": 238047880, "amenity_type": "primary", "amenity": "Lopez Jaena Street", "lgu": "Cebu City"}}, {"type": "Feature", "geometry": {"type": "Point", "coordinates": [123.9029837, 10.2970559]}, "properties": {"id": 238257088, "amenity_type": "tertiary", "amenity": "Vicente Gullas Street", "lgu": "Cebu City"}}, {"type": "Feature", "geometry": {"type": "Point", "coordinates": [123.9070934, 10.3156746]}, "properties": {"id": 238257090, "amenity_type": "tertiary", "amenity": "Samar Loop", "lgu": "Cebu City"}}, {"type": "Feature", "geometry": {"type": "Point", "coordinates": [123.9037151, 10.2964279]}, "properties": {"id": 238257091, "amenity_type": "tertiary", "amenity": "Mabini Street", "lgu": "Cebu City"}}, {"type": "Feature", "geometry": {"type": "Point", "coordinates": [123.9247834, 10.316793]}, "properties": {"id": 238292816, "amenity_type": "secondary", "amenity": "M. Logarta Avenue", "lgu": "Cebu City"}}, {"type": "Feature", "geometry": {"type": "Point", "coordinates": [123.8980294, 10.3181231]}, "properties": {"id": 249316202, "amenity_type": "secondary", "amenity": "N. Escario Street", "lgu": "Cebu City"}}, {"type": "Feature", "geometry": {"type": "Point", "coordinates": [123.8987311, 10.3182824]}, "properties": {"id": 249316203, "amenity_type": "secondary", "amenity": "N. Escario Street", "lgu": "Cebu City"}}, {"type": "Feature", "geometry": {"type": "Point", "coordinates": [123.928184, 10.3263919]}, "properties": {"id": 249321034, "amenity_type": "primary", "amenity": "M.C. Briones Street", "lgu": "Cebu City"}}, {"type": "Feature", "geometry": {"type": "Point", "coordinates": [123.9293786, 10.3275062]}, "properties": {"id": 249321035, "amenity_type": "primary", "amenity": "M.C. Briones Street", "lgu": "Cebu City"}}, {"type": "Feature", "geometry": {"type": "Point", "coordinates": [123.8437737, 10.3094197]}, "properties": {"id": 251913253, "amenity_type": "tertiary", "amenity": "Buhisan Road", "lgu": "Cebu City"}}, {"type": "Feature", "geometry": {"type": "Point", "coordinates": [123.8698676, 10.2993473]}, "properties": {"id": 252230336, "amenity_type": "secondary", "amenity": "Francisco Llamas Street", "lgu": "Cebu City"}}, {"type": "Feature", "geometry": {"type": "Point", "coordinates": [123.8697752, 10.297963]}, "properties": {"id": 252230337, "amenity_type": "secondary", "amenity": "Francisco Llamas Street", "lgu": "Cebu City"}}, {"type": "Feature", "geometry": {"type": "Point", "coordinates": [123.8698195, 10.2979591]}, "properties": {"id": 252230338, "amenity_type": "secondary", "amenity": "Francisco Llamas Street", "lgu": "Cebu City"}}, {"type": "Feature", "geometry": {"type": "Point", "coordinates": [123.8700722, 10.3005339]}, "properties": {"id": 252230339, "amenity_type": "secondary", "amenity": "Francisco Llamas Street", "lgu": "Cebu City"}}, {"type": "Feature", "geometry": {"type": "Point", "coordinates": [123.8698089, 10.2988825]}, "properties": {"id": 252230342, "amenity_type": "secondary", "amenity": "Francisco Llamas Street", "lgu": "Cebu City"}}, {"type": "Feature", "geometry": {"type": "Point", "coordinates": [123.8651709, 10.4060858]}, "properties": {"id": 256698323, "amenity_type": "tertiary", "amenity": "Unnamed road corridor", "lgu": "Cebu City"}}, {"type": "Feature", "geometry": {"type": "Point", "coordinates": [123.8961585, 10.3104456]}, "properties": {"id": 257865077, "amenity_type": "secondary", "amenity": "General Maxilom Avenue", "lgu": "Cebu City"}}, {"type": "Feature", "geometry": {"type": "Point", "coordinates": [123.8717872, 10.4136819]}, "properties": {"id": 262492549, "amenity_type": "tertiary", "amenity": "Unnamed road corridor", "lgu": "Cebu City"}}, {"type": "Feature", "geometry": {"type": "Point", "coordinates": [123.8732677, 10.4136118]}, "properties": {"id": 262492570, "amenity_type": "tertiary", "amenity": "Unnamed road corridor", "lgu": "Cebu City"}}, {"type": "Feature", "geometry": {"type": "Point", "coordinates": [123.8769075, 10.4133639]}, "properties": {"id": 262492571, "amenity_type": "tertiary", "amenity": "Unnamed road corridor", "lgu": "Cebu City"}}, {"type": "Feature", "geometry": {"type": "Point", "coordinates": [123.8825348, 10.4163676]}, "properties": {"id": 262492572, "amenity_type": "tertiary", "amenity": "Unnamed road corridor", "lgu": "Cebu City"}}, {"type": "Feature", "geometry": {"type": "Point", "coordinates": [123.886149, 10.4218223]}, "properties": {"id": 262492573, "amenity_type": "tertiary", "amenity": "Unnamed road corridor", "lgu": "Cebu City"}}, {"type": "Feature", "geometry": {"type": "Point", "coordinates": [123.9181297, 10.3099921]}, "properties": {"id": 267622691, "amenity_type": "primary", "amenity": "Juan Luna Avenue", "lgu": "Cebu City"}}, {"type": "Feature", "geometry": {"type": "Point", "coordinates": [123.9112981, 10.3054429]}, "properties": {"id": 267623053, "amenity_type": "secondary", "amenity": "General Maxilom Avenue Extension", "lgu": "Cebu City"}}, {"type": "Feature", "geometry": {"type": "Point", "coordinates": [123.9102481, 10.3320724]}, "properties": {"id": 290801492, "amenity_type": "secondary", "amenity": "Governor M. Cuenco Avenue", "lgu": "Cebu City"}}, {"type": "Feature", "geometry": {"type": "Point", "coordinates": [123.9217666, 10.3297908]}, "properties": {"id": 296905667, "amenity_type": "secondary", "amenity": "Hernan Cortes Street", "lgu": "Cebu City"}}, {"type": "Feature", "geometry": {"type": "Point", "coordinates": [123.9177697, 10.341992]}, "properties": {"id": 296905755, "amenity_type": "secondary", "amenity": "A. S. Fortuna Street", "lgu": "Cebu City"}}, {"type": "Feature", "geometry": {"type": "Point", "coordinates": [123.9244731, 10.3386518]}, "properties": {"id": 296905756, "amenity_type": "secondary", "amenity": "Hernan Cortes Street", "lgu": "Cebu City"}}, {"type": "Feature", "geometry": {"type": "Point", "coordinates": [123.9051832, 10.3493888]}, "properties": {"id": 299232170, "amenity_type": "tertiary", "amenity": "Paseo Eulalia", "lgu": "Cebu City"}}, {"type": "Feature", "geometry": {"type": "Point", "coordinates": [123.9246275, 10.3231944]}, "properties": {"id": 304632203, "amenity_type": "primary", "amenity": "M.C. Briones Street", "lgu": "Cebu City"}}, {"type": "Feature", "geometry": {"type": "Point", "coordinates": [123.9255756, 10.3346409]}, "properties": {"id": 306641270, "amenity_type": "tertiary", "amenity": "P. Basubas Street", "lgu": "Cebu City"}}, {"type": "Feature", "geometry": {"type": "Point", "coordinates": [123.9240761, 10.3349398]}, "properties": {"id": 306641272, "amenity_type": "tertiary", "amenity": "P. Basubas Street", "lgu": "Cebu City"}}, {"type": "Feature", "geometry": {"type": "Point", "coordinates": [123.9238708, 10.33634]}, "properties": {"id": 311726475, "amenity_type": "secondary", "amenity": "Hernan Cortes Street", "lgu": "Cebu City"}}, {"type": "Feature", "geometry": {"type": "Point", "coordinates": [123.8893532, 10.2949412]}, "properties": {"id": 316468035, "amenity_type": "tertiary", "amenity": "J.M. Basa Street", "lgu": "Cebu City"}}, {"type": "Feature", "geometry": {"type": "Point", "coordinates": [123.8905729, 10.2923098]}, "properties": {"id": 316468038, "amenity_type": "tertiary", "amenity": "Tupas Street", "lgu": "Cebu City"}}, {"type": "Feature", "geometry": {"type": "Point", "coordinates": [123.9009333, 10.2905895]}, "properties": {"id": 332545513, "amenity_type": "secondary", "amenity": "Cebu South Coastal Road", "lgu": "Cebu City"}}, {"type": "Feature", "geometry": {"type": "Point", "coordinates": [123.9072282, 10.3087114]}, "properties": {"id": 332545514, "amenity_type": "primary", "amenity": "Imus Avenue", "lgu": "Cebu City"}}, {"type": "Feature", "geometry": {"type": "Point", "coordinates": [123.9063531, 10.3078266]}, "properties": {"id": 332545515, "amenity_type": "primary", "amenity": "Imus Avenue", "lgu": "Cebu City"}}, {"type": "Feature", "geometry": {"type": "Point", "coordinates": [123.9055184, 10.4140529]}, "properties": {"id": 363270505, "amenity_type": "tertiary", "amenity": "Barangay Binaliw", "lgu": "Cebu City"}}, {"type": "Feature", "geometry": {"type": "Point", "coordinates": [123.9055343, 10.4029225]}, "properties": {"id": 363270656, "amenity_type": "tertiary", "amenity": "Pit-os Road", "lgu": "Cebu City"}}, {"type": "Feature", "geometry": {"type": "Point", "coordinates": [123.9195888, 10.3562722]}, "properties": {"id": 363679482, "amenity_type": "secondary", "amenity": "Manuel L. Quezon Avenue", "lgu": "Cebu City"}}, {"type": "Feature", "geometry": {"type": "Point", "coordinates": [123.8919248, 10.3277634]}, "properties": {"id": 371854662, "amenity_type": "tertiary", "amenity": "Friendship Street", "lgu": "Cebu City"}}, {"type": "Feature", "geometry": {"type": "Point", "coordinates": [123.8923128, 10.3264372]}, "properties": {"id": 371854768, "amenity_type": "tertiary", "amenity": "Friendship Street", "lgu": "Cebu City"}}, {"type": "Feature", "geometry": {"type": "Point", "coordinates": [123.8550077, 10.2809764]}, "properties": {"id": 389815649, "amenity_type": "tertiary", "amenity": "E. Sabellano Street", "lgu": "Cebu City"}}, {"type": "Feature", "geometry": {"type": "Point", "coordinates": [123.8556183, 10.2819067]}, "properties": {"id": 389815650, "amenity_type": "tertiary", "amenity": "E. Sabellano Street", "lgu": "Cebu City"}}, {"type": "Feature", "geometry": {"type": "Point", "coordinates": [123.8931609, 10.2947247]}, "properties": {"id": 401163380, "amenity_type": "tertiary", "amenity": "Tres de Abril Street", "lgu": "Cebu City"}}, {"type": "Feature", "geometry": {"type": "Point", "coordinates": [123.895058, 10.2930686]}, "properties": {"id": 401441916, "amenity_type": "tertiary", "amenity": "Magallanes Street", "lgu": "Cebu City"}}, {"type": "Feature", "geometry": {"type": "Point", "coordinates": [123.8953045, 10.2931218]}, "properties": {"id": 401441917, "amenity_type": "tertiary", "amenity": "Magallanes Street", "lgu": "Cebu City"}}, {"type": "Feature", "geometry": {"type": "Point", "coordinates": [123.8780478, 10.3187981]}, "properties": {"id": 417862136, "amenity_type": "tertiary", "amenity": "Unnamed road corridor", "lgu": "Cebu City"}}, {"type": "Feature", "geometry": {"type": "Point", "coordinates": [123.9006544, 10.2905928]}, "properties": {"id": 420188771, "amenity_type": "trunk", "amenity": "Cebu South Coastal Road", "lgu": "Cebu City"}}, {"type": "Feature", "geometry": {"type": "Point", "coordinates": [123.9031466, 10.2914624]}, "properties": {"id": 420188775, "amenity_type": "secondary", "amenity": "Cebu South Coastal Road", "lgu": "Cebu City"}}, {"type": "Feature", "geometry": {"type": "Point", "coordinates": [123.8821989, 10.2804693]}, "properties": {"id": 420188786, "amenity_type": "trunk", "amenity": "Cebu South Coastal Road", "lgu": "Cebu City"}}, {"type": "Feature", "geometry": {"type": "Point", "coordinates": [123.9001453, 10.2906278]}, "properties": {"id": 420188790, "amenity_type": "secondary", "amenity": "Cebu South Coastal Road", "lgu": "Cebu City"}}, {"type": "Feature", "geometry": {"type": "Point", "coordinates": [123.8866149, 10.2850883]}, "properties": {"id": 420189567, "amenity_type": "trunk", "amenity": "Cebu South Coastal Road", "lgu": "Cebu City"}}, {"type": "Feature", "geometry": {"type": "Point", "coordinates": [123.8803596, 10.2850235]}, "properties": {"id": 421053851, "amenity_type": "secondary", "amenity": "F. Vestil Street", "lgu": "Cebu City"}}, {"type": "Feature", "geometry": {"type": "Point", "coordinates": [123.8762299, 10.2907546]}, "properties": {"id": 421053852, "amenity_type": "secondary", "amenity": "Natalio Bacalso Avenue", "lgu": "Cebu City"}}, {"type": "Feature", "geometry": {"type": "Point", "coordinates": [123.8829713, 10.2814084]}, "properties": {"id": 421053854, "amenity_type": "trunk", "amenity": "Cebu South Coastal Road", "lgu": "Cebu City"}}, {"type": "Feature", "geometry": {"type": "Point", "coordinates": [123.9137381, 10.3434044]}, "properties": {"id": 424234989, "amenity_type": "secondary", "amenity": "A. S. Fortuna Street", "lgu": "Cebu City"}}, {"type": "Feature", "geometry": {"type": "Point", "coordinates": [123.9244698, 10.3230522]}, "properties": {"id": 453884420, "amenity_type": "primary", "amenity": "Lopez Jaena Street", "lgu": "Cebu City"}}, {"type": "Feature", "geometry": {"type": "Point", "coordinates": [123.8881449, 10.353032]}, "properties": {"id": 482585839, "amenity_type": "tertiary", "amenity": "Paseo John-John", "lgu": "Cebu City"}}, {"type": "Feature", "geometry": {"type": "Point", "coordinates": [123.9215452, 10.3128265]}, "properties": {"id": 590032358, "amenity_type": "secondary", "amenity": "F. Urot Street", "lgu": "Cebu City"}}, {"type": "Feature", "geometry": {"type": "Point", "coordinates": [123.9215346, 10.3128424]}, "properties": {"id": 590032359, "amenity_type": "secondary", "amenity": "F. Urot Street", "lgu": "Cebu City"}}, {"type": "Feature", "geometry": {"type": "Point", "coordinates": [123.9207664, 10.3118915]}, "properties": {"id": 590032360, "amenity_type": "secondary", "amenity": "Kaohsiung Street", "lgu": "Cebu City"}}, {"type": "Feature", "geometry": {"type": "Point", "coordinates": [123.9260246, 10.3200659]}, "properties": {"id": 597911939, "amenity_type": "secondary", "amenity": "M. Logarta Avenue", "lgu": "Cebu City"}}, {"type": "Feature", "geometry": {"type": "Point", "coordinates": [123.9243481, 10.3159017]}, "properties": {"id": 597911940, "amenity_type": "secondary", "amenity": "M. Logarta Avenue", "lgu": "Cebu City"}}, {"type": "Feature", "geometry": {"type": "Point", "coordinates": [123.9245249, 10.3162254]}, "properties": {"id": 597911941, "amenity_type": "secondary", "amenity": "Gatewalk Drive", "lgu": "Cebu City"}}, {"type": "Feature", "geometry": {"type": "Point", "coordinates": [123.9237398, 10.3153129]}, "properties": {"id": 597911942, "amenity_type": "secondary", "amenity": "M. Logarta Avenue", "lgu": "Cebu City"}}, {"type": "Feature", "geometry": {"type": "Point", "coordinates": [123.9262254, 10.3147264]}, "properties": {"id": 597911943, "amenity_type": "trunk", "amenity": "Ouano Avenue", "lgu": "Cebu City"}}, {"type": "Feature", "geometry": {"type": "Point", "coordinates": [123.8962322, 10.3073893]}, "properties": {"id": 601269569, "amenity_type": "tertiary", "amenity": "F. Ramos Street", "lgu": "Cebu City"}}, {"type": "Feature", "geometry": {"type": "Point", "coordinates": [123.8973061, 10.3059745]}, "properties": {"id": 601269570, "amenity_type": "tertiary", "amenity": "F. Ramos Street", "lgu": "Cebu City"}}, {"type": "Feature", "geometry": {"type": "Point", "coordinates": [123.8949497, 10.3100314]}, "properties": {"id": 601269571, "amenity_type": "secondary", "amenity": "General Maxilom Avenue", "lgu": "Cebu City"}}, {"type": "Feature", "geometry": {"type": "Point", "coordinates": [123.8995054, 10.3114112]}, "properties": {"id": 601269572, "amenity_type": "secondary", "amenity": "General Maxilom Avenue", "lgu": "Cebu City"}}, {"type": "Feature", "geometry": {"type": "Point", "coordinates": [123.8989516, 10.2918389]}, "properties": {"id": 608998082, "amenity_type": "tertiary", "amenity": "M.C. Briones Street", "lgu": "Cebu City"}}, {"type": "Feature", "geometry": {"type": "Point", "coordinates": [123.8984001, 10.2913655]}, "properties": {"id": 609118563, "amenity_type": "tertiary", "amenity": "F. Calderon Street", "lgu": "Cebu City"}}, {"type": "Feature", "geometry": {"type": "Point", "coordinates": [123.9007425, 10.2915763]}, "properties": {"id": 609125263, "amenity_type": "tertiary", "amenity": "M.L. Quezon Boulevard", "lgu": "Cebu City"}}, {"type": "Feature", "geometry": {"type": "Point", "coordinates": [123.8993301, 10.2912582]}, "properties": {"id": 609125265, "amenity_type": "tertiary", "amenity": "M.L. Quezon Boulevard", "lgu": "Cebu City"}}, {"type": "Feature", "geometry": {"type": "Point", "coordinates": [123.8994924, 10.2916328]}, "properties": {"id": 609125267, "amenity_type": "tertiary", "amenity": "Plaridel Street", "lgu": "Cebu City"}}, {"type": "Feature", "geometry": {"type": "Point", "coordinates": [123.8905681, 10.2948391]}, "properties": {"id": 609278984, "amenity_type": "tertiary", "amenity": "Vicente Rama Avenue", "lgu": "Cebu City"}}, {"type": "Feature", "geometry": {"type": "Point", "coordinates": [123.8939908, 10.299191]}, "properties": {"id": 609528663, "amenity_type": "tertiary", "amenity": "J. Alcantara Street", "lgu": "Cebu City"}}, {"type": "Feature", "geometry": {"type": "Point", "coordinates": [123.8891593, 10.299504]}, "properties": {"id": 609531372, "amenity_type": "tertiary", "amenity": "J. Alcantara Street", "lgu": "Cebu City"}}, {"type": "Feature", "geometry": {"type": "Point", "coordinates": [123.9046881, 10.293863]}, "properties": {"id": 609553054, "amenity_type": "secondary", "amenity": "M.J. Cuenco Avenue", "lgu": "Cebu City"}}, {"type": "Feature", "geometry": {"type": "Point", "coordinates": [123.9028762, 10.2919261]}, "properties": {"id": 609764119, "amenity_type": "tertiary", "amenity": "Lapu-Lapu Street", "lgu": "Cebu City"}}, {"type": "Feature", "geometry": {"type": "Point", "coordinates": [123.8847642, 10.2831253]}, "properties": {"id": 609969635, "amenity_type": "trunk", "amenity": "Cebu South Coastal Road", "lgu": "Cebu City"}}, {"type": "Feature", "geometry": {"type": "Point", "coordinates": [123.8798884, 10.2862808]}, "properties": {"id": 610072131, "amenity_type": "secondary", "amenity": "F. Vestil Street", "lgu": "Cebu City"}}, {"type": "Feature", "geometry": {"type": "Point", "coordinates": [123.8799816, 10.2863076]}, "properties": {"id": 610072132, "amenity_type": "secondary", "amenity": "F. Vestil Street", "lgu": "Cebu City"}}, {"type": "Feature", "geometry": {"type": "Point", "coordinates": [123.8787339, 10.2886906]}, "properties": {"id": 610072133, "amenity_type": "secondary", "amenity": "F. Vestil Street", "lgu": "Cebu City"}}, {"type": "Feature", "geometry": {"type": "Point", "coordinates": [123.878633, 10.2886656]}, "properties": {"id": 610072134, "amenity_type": "secondary", "amenity": "F. Vestil Street", "lgu": "Cebu City"}}, {"type": "Feature", "geometry": {"type": "Point", "coordinates": [123.9036728, 10.4188999]}, "properties": {"id": 610097454, "amenity_type": "tertiary", "amenity": "Unnamed road corridor", "lgu": "Cebu City"}}, {"type": "Feature", "geometry": {"type": "Point", "coordinates": [123.9047621, 10.4184543]}, "properties": {"id": 610097455, "amenity_type": "tertiary", "amenity": "Unnamed road corridor", "lgu": "Cebu City"}}, {"type": "Feature", "geometry": {"type": "Point", "coordinates": [123.8775964, 10.2913769]}, "properties": {"id": 610277768, "amenity_type": "tertiary", "amenity": "Maria Gochan Street", "lgu": "Cebu City"}}, {"type": "Feature", "geometry": {"type": "Point", "coordinates": [123.893202, 10.3114973]}, "properties": {"id": 611823984, "amenity_type": "tertiary", "amenity": "J. Llorente Street", "lgu": "Cebu City"}}, {"type": "Feature", "geometry": {"type": "Point", "coordinates": [123.8930186, 10.3025731]}, "properties": {"id": 612335324, "amenity_type": "tertiary", "amenity": "J. Urgello Street", "lgu": "Cebu City"}}, {"type": "Feature", "geometry": {"type": "Point", "coordinates": [123.8916398, 10.3175709]}, "properties": {"id": 612716345, "amenity_type": "tertiary", "amenity": "Villalon Drive", "lgu": "Cebu City"}}, {"type": "Feature", "geometry": {"type": "Point", "coordinates": [123.8884316, 10.2991018]}, "properties": {"id": 612719338, "amenity_type": "tertiary", "amenity": "J. Alcantara Street", "lgu": "Cebu City"}}, {"type": "Feature", "geometry": {"type": "Point", "coordinates": [123.9034906, 10.2979135]}, "properties": {"id": 613847962, "amenity_type": "secondary", "amenity": "Colon Street", "lgu": "Cebu City"}}, {"type": "Feature", "geometry": {"type": "Point", "coordinates": [123.9034819, 10.2979879]}, "properties": {"id": 613847963, "amenity_type": "secondary", "amenity": "Colon Street", "lgu": "Cebu City"}}, {"type": "Feature", "geometry": {"type": "Point", "coordinates": [123.9073725, 10.3362466]}, "properties": {"id": 614434692, "amenity_type": "tertiary", "amenity": "San Miguel Street", "lgu": "Cebu City"}}, {"type": "Feature", "geometry": {"type": "Point", "coordinates": [123.8902424, 10.3799695]}, "properties": {"id": 614623805, "amenity_type": "tertiary", "amenity": "Budlaan Road", "lgu": "Cebu City"}}, {"type": "Feature", "geometry": {"type": "Point", "coordinates": [123.8876313, 10.3798628]}, "properties": {"id": 614623806, "amenity_type": "tertiary", "amenity": "Budlaan Road", "lgu": "Cebu City"}}, {"type": "Feature", "geometry": {"type": "Point", "coordinates": [123.8840976, 10.3775244]}, "properties": {"id": 614623807, "amenity_type": "tertiary", "amenity": "Busay-Budlaan Road", "lgu": "Cebu City"}}, {"type": "Feature", "geometry": {"type": "Point", "coordinates": [123.8629937, 10.3661076]}, "properties": {"id": 614656885, "amenity_type": "tertiary", "amenity": "Babag Road", "lgu": "Cebu City"}}, {"type": "Feature", "geometry": {"type": "Point", "coordinates": [123.9030067, 10.3080612]}, "properties": {"id": 614740325, "amenity_type": "tertiary", "amenity": "General Echavez Street", "lgu": "Cebu City"}}, {"type": "Feature", "geometry": {"type": "Point", "coordinates": [123.9084252, 10.3310828]}, "properties": {"id": 616342655, "amenity_type": "tertiary", "amenity": "Jose Maria Del Mar Avenue", "lgu": "Cebu City"}}, {"type": "Feature", "geometry": {"type": "Point", "coordinates": [123.8895194, 10.3277486]}, "properties": {"id": 616490369, "amenity_type": "tertiary", "amenity": "Villalon Drive", "lgu": "Cebu City"}}, {"type": "Feature", "geometry": {"type": "Point", "coordinates": [123.8867796, 10.3244684]}, "properties": {"id": 616490376, "amenity_type": "tertiary", "amenity": "Unnamed road corridor", "lgu": "Cebu City"}}, {"type": "Feature", "geometry": {"type": "Point", "coordinates": [123.8900067, 10.3285444]}, "properties": {"id": 616490379, "amenity_type": "tertiary", "amenity": "Unnamed road corridor", "lgu": "Cebu City"}}, {"type": "Feature", "geometry": {"type": "Point", "coordinates": [123.8910113, 10.3234482]}, "properties": {"id": 616490384, "amenity_type": "tertiary", "amenity": "Acacia Street", "lgu": "Cebu City"}}, {"type": "Feature", "geometry": {"type": "Point", "coordinates": [123.8922249, 10.3243731]}, "properties": {"id": 616490387, "amenity_type": "tertiary", "amenity": "Friendship Street", "lgu": "Cebu City"}}, {"type": "Feature", "geometry": {"type": "Point", "coordinates": [123.9104319, 10.3329149]}, "properties": {"id": 617110421, "amenity_type": "secondary", "amenity": "Governor M. Cuenco Avenue", "lgu": "Cebu City"}}, {"type": "Feature", "geometry": {"type": "Point", "coordinates": [123.8898344, 10.3262545]}, "properties": {"id": 617422024, "amenity_type": "tertiary", "amenity": "Villalon Drive", "lgu": "Cebu City"}}, {"type": "Feature", "geometry": {"type": "Point", "coordinates": [123.8890749, 10.3288836]}, "properties": {"id": 617836410, "amenity_type": "tertiary", "amenity": "Unnamed road corridor", "lgu": "Cebu City"}}, {"type": "Feature", "geometry": {"type": "Point", "coordinates": [123.8883165, 10.3239864]}, "properties": {"id": 617838479, "amenity_type": "tertiary", "amenity": "Unnamed road corridor", "lgu": "Cebu City"}}, {"type": "Feature", "geometry": {"type": "Point", "coordinates": [123.8856915, 10.3227366]}, "properties": {"id": 618545501, "amenity_type": "tertiary", "amenity": "Andres Abellana Street", "lgu": "Cebu City"}}, {"type": "Feature", "geometry": {"type": "Point", "coordinates": [123.8707497, 10.3239515]}, "properties": {"id": 618573121, "amenity_type": "tertiary", "amenity": "Unnamed road corridor", "lgu": "Cebu City"}}, {"type": "Feature", "geometry": {"type": "Point", "coordinates": [123.8706957, 10.3239824]}, "properties": {"id": 618573124, "amenity_type": "tertiary", "amenity": "Unnamed road corridor", "lgu": "Cebu City"}}, {"type": "Feature", "geometry": {"type": "Point", "coordinates": [123.8739506, 10.3196953]}, "properties": {"id": 618573127, "amenity_type": "tertiary", "amenity": "Unnamed road corridor", "lgu": "Cebu City"}}, {"type": "Feature", "geometry": {"type": "Point", "coordinates": [123.8753502, 10.3189306]}, "properties": {"id": 618691764, "amenity_type": "tertiary", "amenity": "Unnamed road corridor", "lgu": "Cebu City"}}, {"type": "Feature", "geometry": {"type": "Point", "coordinates": [123.8722058, 10.3209788]}, "properties": {"id": 618691765, "amenity_type": "tertiary", "amenity": "Unnamed road corridor", "lgu": "Cebu City"}}, {"type": "Feature", "geometry": {"type": "Point", "coordinates": [123.8709279, 10.3225991]}, "properties": {"id": 618691766, "amenity_type": "tertiary", "amenity": "Unnamed road corridor", "lgu": "Cebu City"}}, {"type": "Feature", "geometry": {"type": "Point", "coordinates": [123.8877361, 10.3289034]}, "properties": {"id": 618810666, "amenity_type": "tertiary", "amenity": "Unnamed road corridor", "lgu": "Cebu City"}}, {"type": "Feature", "geometry": {"type": "Point", "coordinates": [123.9027689, 10.3111467]}, "properties": {"id": 618974072, "amenity_type": "secondary", "amenity": "General Maxilom Avenue", "lgu": "Cebu City"}}, {"type": "Feature", "geometry": {"type": "Point", "coordinates": [123.8995192, 10.3114942]}, "properties": {"id": 618975159, "amenity_type": "secondary", "amenity": "General Maxilom Avenue", "lgu": "Cebu City"}}, {"type": "Feature", "geometry": {"type": "Point", "coordinates": [123.900199, 10.3114729]}, "properties": {"id": 618975161, "amenity_type": "secondary", "amenity": "General Maxilom Avenue", "lgu": "Cebu City"}}, {"type": "Feature", "geometry": {"type": "Point", "coordinates": [123.9121463, 10.3044198]}, "properties": {"id": 618976310, "amenity_type": "secondary", "amenity": "General Maxilom Avenue Extension", "lgu": "Cebu City"}}, {"type": "Feature", "geometry": {"type": "Point", "coordinates": [123.912668, 10.303693]}, "properties": {"id": 618976311, "amenity_type": "trunk", "amenity": "Sergio Osmeña Avenue", "lgu": "Cebu City"}}, {"type": "Feature", "geometry": {"type": "Point", "coordinates": [123.8860354, 10.3121763]}, "properties": {"id": 618976664, "amenity_type": "secondary", "amenity": "Vicente Rama Avenue", "lgu": "Cebu City"}}, {"type": "Feature", "geometry": {"type": "Point", "coordinates": [123.9012762, 10.3114885]}, "properties": {"id": 618976790, "amenity_type": "secondary", "amenity": "General Maxilom Avenue", "lgu": "Cebu City"}}, {"type": "Feature", "geometry": {"type": "Point", "coordinates": [123.9026996, 10.3111024]}, "properties": {"id": 618976791, "amenity_type": "secondary", "amenity": "General Maxilom Avenue", "lgu": "Cebu City"}}, {"type": "Feature", "geometry": {"type": "Point", "coordinates": [123.9256599, 10.3601723]}, "properties": {"id": 620642396, "amenity_type": "tertiary", "amenity": "Elias Cortes Street", "lgu": "Cebu City"}}, {"type": "Feature", "geometry": {"type": "Point", "coordinates": [123.9267048, 10.3606253]}, "properties": {"id": 620642397, "amenity_type": "tertiary", "amenity": "Elias Cortes Street", "lgu": "Cebu City"}}, {"type": "Feature", "geometry": {"type": "Point", "coordinates": [123.9200931, 10.3423141]}, "properties": {"id": 620642398, "amenity_type": "tertiary", "amenity": "P. Remedio Street", "lgu": "Cebu City"}}, {"type": "Feature", "geometry": {"type": "Point", "coordinates": [123.9214878, 10.3496187]}, "properties": {"id": 620642401, "amenity_type": "tertiary", "amenity": "P. Remedio Street", "lgu": "Cebu City"}}, {"type": "Feature", "geometry": {"type": "Point", "coordinates": [123.9232559, 10.3503464]}, "properties": {"id": 620642402, "amenity_type": "tertiary", "amenity": "P. Remedio Street", "lgu": "Cebu City"}}, {"type": "Feature", "geometry": {"type": "Point", "coordinates": [123.9256538, 10.3590516]}, "properties": {"id": 620730423, "amenity_type": "tertiary", "amenity": "Elias Cortes Street", "lgu": "Cebu City"}}, {"type": "Feature", "geometry": {"type": "Point", "coordinates": [123.9289902, 10.3464894]}, "properties": {"id": 620757602, "amenity_type": "secondary", "amenity": "Manuel L. Quezon Avenue", "lgu": "Cebu City"}}, {"type": "Feature", "geometry": {"type": "Point", "coordinates": [123.9248772, 10.3394257]}, "properties": {"id": 620762738, "amenity_type": "secondary", "amenity": "A. S. Fortuna Street", "lgu": "Cebu City"}}, {"type": "Feature", "geometry": {"type": "Point", "coordinates": [123.9245453, 10.3522668]}, "properties": {"id": 620775363, "amenity_type": "tertiary", "amenity": "Elias Cortes Street", "lgu": "Cebu City"}}, {"type": "Feature", "geometry": {"type": "Point", "coordinates": [123.9278458, 10.3615035]}, "properties": {"id": 620835660, "amenity_type": "tertiary", "amenity": "Gregorio Suico Street", "lgu": "Cebu City"}}, {"type": "Feature", "geometry": {"type": "Point", "coordinates": [123.9288577, 10.3615249]}, "properties": {"id": 620835661, "amenity_type": "tertiary", "amenity": "P. L. Sanchez Street", "lgu": "Cebu City"}}, {"type": "Feature", "geometry": {"type": "Point", "coordinates": [123.929929, 10.3607808]}, "properties": {"id": 620835662, "amenity_type": "tertiary", "amenity": "P. L. Sanchez Street", "lgu": "Cebu City"}}, {"type": "Feature", "geometry": {"type": "Point", "coordinates": [123.9246349, 10.3395078]}, "properties": {"id": 620919098, "amenity_type": "secondary", "amenity": "A. S. Fortuna Street", "lgu": "Cebu City"}}, {"type": "Feature", "geometry": {"type": "Point", "coordinates": [123.9226946, 10.3550406]}, "properties": {"id": 620995885, "amenity_type": "tertiary", "amenity": "E. Aguirre Street", "lgu": "Cebu City"}}, {"type": "Feature", "geometry": {"type": "Point", "coordinates": [123.8969577, 10.3127993]}, "properties": {"id": 621089186, "amenity_type": "tertiary", "amenity": "Queens' Road", "lgu": "Cebu City"}}, {"type": "Feature", "geometry": {"type": "Point", "coordinates": [123.8982397, 10.3124734]}, "properties": {"id": 621089187, "amenity_type": "tertiary", "amenity": "Gotianuy Street", "lgu": "Cebu City"}}, {"type": "Feature", "geometry": {"type": "Point", "coordinates": [123.8930368, 10.345245]}, "properties": {"id": 621288754, "amenity_type": "tertiary", "amenity": "Unnamed road corridor", "lgu": "Cebu City"}}, {"type": "Feature", "geometry": {"type": "Point", "coordinates": [123.8918499, 10.3361558]}, "properties": {"id": 621288755, "amenity_type": "tertiary", "amenity": "Salinas Drive Extension", "lgu": "Cebu City"}}, {"type": "Feature", "geometry": {"type": "Point", "coordinates": [123.8944125, 10.3435724]}, "properties": {"id": 621374811, "amenity_type": "primary", "amenity": "Veterans Drive", "lgu": "Cebu City"}}, {"type": "Feature", "geometry": {"type": "Point", "coordinates": [123.8937545, 10.3445999]}, "properties": {"id": 621374812, "amenity_type": "primary", "amenity": "Veterans Drive", "lgu": "Cebu City"}}, {"type": "Feature", "geometry": {"type": "Point", "coordinates": [123.8955786, 10.3426178]}, "properties": {"id": 621374813, "amenity_type": "primary", "amenity": "Veterans Drive", "lgu": "Cebu City"}}, {"type": "Feature", "geometry": {"type": "Point", "coordinates": [123.8906913, 10.3433262]}, "properties": {"id": 621453891, "amenity_type": "tertiary", "amenity": "Unnamed road corridor", "lgu": "Cebu City"}}, {"type": "Feature", "geometry": {"type": "Point", "coordinates": [123.8879461, 10.3263234]}, "properties": {"id": 621535021, "amenity_type": "tertiary", "amenity": "Unnamed road corridor", "lgu": "Cebu City"}}, {"type": "Feature", "geometry": {"type": "Point", "coordinates": [123.8902801, 10.3246887]}, "properties": {"id": 621535022, "amenity_type": "tertiary", "amenity": "Villalon Drive", "lgu": "Cebu City"}}, {"type": "Feature", "geometry": {"type": "Point", "coordinates": [123.8654333, 10.3388874]}, "properties": {"id": 622363717, "amenity_type": "tertiary", "amenity": "Sapangdaku Road", "lgu": "Cebu City"}}, {"type": "Feature", "geometry": {"type": "Point", "coordinates": [123.8541215, 10.307371]}, "properties": {"id": 623092663, "amenity_type": "tertiary", "amenity": "Buhisan Road", "lgu": "Cebu City"}}, {"type": "Feature", "geometry": {"type": "Point", "coordinates": [123.8570316, 10.3054627]}, "properties": {"id": 623092664, "amenity_type": "tertiary", "amenity": "Buhisan Road", "lgu": "Cebu City"}}, {"type": "Feature", "geometry": {"type": "Point", "coordinates": [123.8551689, 10.2802589]}, "properties": {"id": 624696030, "amenity_type": "tertiary", "amenity": "Quiot Pardo Road", "lgu": "Cebu City"}}, {"type": "Feature", "geometry": {"type": "Point", "coordinates": [123.8706591, 10.2903582]}, "properties": {"id": 624730119, "amenity_type": "secondary", "amenity": "Francisco Llamas Street", "lgu": "Cebu City"}}, {"type": "Feature", "geometry": {"type": "Point", "coordinates": [123.876164, 10.2933252]}, "properties": {"id": 624741694, "amenity_type": "tertiary", "amenity": "Pablo S. Atillo Street", "lgu": "Cebu City"}}, {"type": "Feature", "geometry": {"type": "Point", "coordinates": [123.8679819, 10.2891994]}, "properties": {"id": 624771958, "amenity_type": "primary", "amenity": "Natalio Bacalso Avenue", "lgu": "Cebu City"}}, {"type": "Feature", "geometry": {"type": "Point", "coordinates": [123.870987, 10.2921938]}, "properties": {"id": 624776130, "amenity_type": "tertiary", "amenity": "Gabriel Elorde Street", "lgu": "Cebu City"}}, {"type": "Feature", "geometry": {"type": "Point", "coordinates": [123.9217582, 10.3278394]}, "properties": {"id": 625487363, "amenity_type": "secondary", "amenity": "Hernan Cortes Street", "lgu": "Cebu City"}}, {"type": "Feature", "geometry": {"type": "Point", "coordinates": [123.9263962, 10.3578097]}, "properties": {"id": 626712424, "amenity_type": "tertiary", "amenity": "Elias Cortes Street", "lgu": "Cebu City"}}, {"type": "Feature", "geometry": {"type": "Point", "coordinates": [123.9274088, 10.369602]}, "properties": {"id": 626778757, "amenity_type": "secondary", "amenity": "H. Abellana Street", "lgu": "Cebu City"}}, {"type": "Feature", "geometry": {"type": "Point", "coordinates": [123.9273209, 10.3388638]}, "properties": {"id": 627369551, "amenity_type": "secondary", "amenity": "A. S. Fortuna Street", "lgu": "Cebu City"}}, {"type": "Feature", "geometry": {"type": "Point", "coordinates": [123.9227798, 10.3325452]}, "properties": {"id": 627369554, "amenity_type": "secondary", "amenity": "Hernan Cortes Street", "lgu": "Cebu City"}}, {"type": "Feature", "geometry": {"type": "Point", "coordinates": [123.9154986, 10.3810788]}, "properties": {"id": 627907089, "amenity_type": "tertiary", "amenity": "Kauswagan Road", "lgu": "Cebu City"}}, {"type": "Feature", "geometry": {"type": "Point", "coordinates": [123.9152421, 10.3888077]}, "properties": {"id": 627907091, "amenity_type": "tertiary", "amenity": "Kauswagan Road", "lgu": "Cebu City"}}, {"type": "Feature", "geometry": {"type": "Point", "coordinates": [123.9213585, 10.3850428]}, "properties": {"id": 628031532, "amenity_type": "secondary", "amenity": "Bacayan - Pit-os Road", "lgu": "Cebu City"}}, {"type": "Feature", "geometry": {"type": "Point", "coordinates": [123.871943, 10.2923227]}, "properties": {"id": 629175097, "amenity_type": "tertiary", "amenity": "Gabriel Elorde Street", "lgu": "Cebu City"}}, {"type": "Feature", "geometry": {"type": "Point", "coordinates": [123.8817664, 10.2833673]}, "properties": {"id": 629584903, "amenity_type": "secondary", "amenity": "F. Vestil Street", "lgu": "Cebu City"}}, {"type": "Feature", "geometry": {"type": "Point", "coordinates": [123.8801013, 10.2855522]}, "properties": {"id": 629584904, "amenity_type": "secondary", "amenity": "F. Vestil Street", "lgu": "Cebu City"}}, {"type": "Feature", "geometry": {"type": "Point", "coordinates": [123.8801853, 10.2855807]}, "properties": {"id": 629584905, "amenity_type": "secondary", "amenity": "F. Vestil Street", "lgu": "Cebu City"}}, {"type": "Feature", "geometry": {"type": "Point", "coordinates": [123.8851169, 10.2978027]}, "properties": {"id": 629613942, "amenity_type": "secondary", "amenity": "A. Lopez Street", "lgu": "Cebu City"}}, {"type": "Feature", "geometry": {"type": "Point", "coordinates": [123.8850312, 10.2978012]}, "properties": {"id": 629613945, "amenity_type": "secondary", "amenity": "A. Lopez Street", "lgu": "Cebu City"}}, {"type": "Feature", "geometry": {"type": "Point", "coordinates": [123.8731829, 10.2956668]}, "properties": {"id": 630305258, "amenity_type": "tertiary", "amenity": "Pablo S. Atillo Street", "lgu": "Cebu City"}}, {"type": "Feature", "geometry": {"type": "Point", "coordinates": [123.8735604, 10.2952574]}, "properties": {"id": 630305259, "amenity_type": "tertiary", "amenity": "Pablo S. Atillo Street", "lgu": "Cebu City"}}, {"type": "Feature", "geometry": {"type": "Point", "coordinates": [123.8697576, 10.2984536]}, "properties": {"id": 630902367, "amenity_type": "secondary", "amenity": "Francisco Llamas Street", "lgu": "Cebu City"}}, {"type": "Feature", "geometry": {"type": "Point", "coordinates": [123.893735, 10.2992545]}, "properties": {"id": 632562093, "amenity_type": "tertiary", "amenity": "J. Alcantara Street", "lgu": "Cebu City"}}, {"type": "Feature", "geometry": {"type": "Point", "coordinates": [123.9090168, 10.3322922]}, "properties": {"id": 647916739, "amenity_type": "tertiary", "amenity": "Jose Maria Del Mar Avenue", "lgu": "Cebu City"}}, {"type": "Feature", "geometry": {"type": "Point", "coordinates": [123.9086336, 10.3279247]}, "properties": {"id": 654841568, "amenity_type": "secondary", "amenity": "Governor M. Cuenco Avenue", "lgu": "Cebu City"}}, {"type": "Feature", "geometry": {"type": "Point", "coordinates": [123.90989, 10.3322579]}, "properties": {"id": 654841699, "amenity_type": "tertiary", "amenity": "Road 15", "lgu": "Cebu City"}}, {"type": "Feature", "geometry": {"type": "Point", "coordinates": [123.9102707, 10.332155]}, "properties": {"id": 654841700, "amenity_type": "secondary", "amenity": "Governor M. Cuenco Avenue", "lgu": "Cebu City"}}, {"type": "Feature", "geometry": {"type": "Point", "coordinates": [123.9102057, 10.3319126]}, "properties": {"id": 654841701, "amenity_type": "secondary", "amenity": "Governor M. Cuenco Avenue", "lgu": "Cebu City"}}, {"type": "Feature", "geometry": {"type": "Point", "coordinates": [123.8912655, 10.3164066]}, "properties": {"id": 661090844, "amenity_type": "secondary", "amenity": "N. Escario Street", "lgu": "Cebu City"}}, {"type": "Feature", "geometry": {"type": "Point", "coordinates": [123.8927839, 10.3168442]}, "properties": {"id": 661090845, "amenity_type": "secondary", "amenity": "N. Escario Street", "lgu": "Cebu City"}}, {"type": "Feature", "geometry": {"type": "Point", "coordinates": [123.8963001, 10.3007704]}, "properties": {"id": 661321328, "amenity_type": "secondary", "amenity": "Osmeña Boulevard", "lgu": "Cebu City"}}, {"type": "Feature", "geometry": {"type": "Point", "coordinates": [123.8958943, 10.3021353]}, "properties": {"id": 661321329, "amenity_type": "tertiary", "amenity": "R.R. Landon Street", "lgu": "Cebu City"}}, {"type": "Feature", "geometry": {"type": "Point", "coordinates": [123.8950545, 10.3046644]}, "properties": {"id": 661321330, "amenity_type": "secondary", "amenity": "Osmeña Boulevard", "lgu": "Cebu City"}}, {"type": "Feature", "geometry": {"type": "Point", "coordinates": [123.8296171, 10.4143979]}, "properties": {"id": 666117626, "amenity_type": "primary", "amenity": "Cebu-Balamban Transcentral Highway", "lgu": "Cebu City"}}, {"type": "Feature", "geometry": {"type": "Point", "coordinates": [123.9084835, 10.3310474]}, "properties": {"id": 671183182, "amenity_type": "tertiary", "amenity": "Jose Maria Del Mar Avenue", "lgu": "Cebu City"}}, {"type": "Feature", "geometry": {"type": "Point", "coordinates": [123.9059161, 10.2976002]}, "properties": {"id": 672956912, "amenity_type": "secondary", "amenity": "M.J. Cuenco Avenue", "lgu": "Cebu City"}}, {"type": "Feature", "geometry": {"type": "Point", "coordinates": [123.9133394, 10.3434227]}, "properties": {"id": 672956932, "amenity_type": "secondary", "amenity": "A. S. Fortuna Street", "lgu": "Cebu City"}}, {"type": "Feature", "geometry": {"type": "Point", "coordinates": [123.9127107, 10.3458348]}, "properties": {"id": 672956944, "amenity_type": "secondary", "amenity": "Governor M. Cuenco Avenue", "lgu": "Cebu City"}}, {"type": "Feature", "geometry": {"type": "Point", "coordinates": [123.911094, 10.3208167]}, "properties": {"id": 672956946, "amenity_type": "secondary", "amenity": "F. Cabahug Street", "lgu": "Cebu City"}}, {"type": "Feature", "geometry": {"type": "Point", "coordinates": [123.925745, 10.3192187]}, "properties": {"id": 672956955, "amenity_type": "secondary", "amenity": "M. Logarta Avenue", "lgu": "Cebu City"}}, {"type": "Feature", "geometry": {"type": "Point", "coordinates": [123.9254554, 10.3179939]}, "properties": {"id": 672956980, "amenity_type": "secondary", "amenity": "M. Logarta Avenue", "lgu": "Cebu City"}}, {"type": "Feature", "geometry": {"type": "Point", "coordinates": [123.9311546, 10.3167488]}, "properties": {"id": 672956982, "amenity_type": "tertiary", "amenity": "Doctor F.E. Zuellig Avenue", "lgu": "Cebu City"}}, {"type": "Feature", "geometry": {"type": "Point", "coordinates": [123.9290368, 10.3200096]}, "properties": {"id": 672956983, "amenity_type": "secondary", "amenity": "E.O. Perez Street", "lgu": "Cebu City"}}, {"type": "Feature", "geometry": {"type": "Point", "coordinates": [123.928754, 10.3194346]}, "properties": {"id": 672956984, "amenity_type": "tertiary", "amenity": "F.F. Cruz Avenue", "lgu": "Cebu City"}}, {"type": "Feature", "geometry": {"type": "Point", "coordinates": [123.8694033, 10.3501144]}, "properties": {"id": 676981690, "amenity_type": "tertiary", "amenity": "Unnamed road corridor", "lgu": "Cebu City"}}, {"type": "Feature", "geometry": {"type": "Point", "coordinates": [123.9075992, 10.3258368]}, "properties": {"id": 678334142, "amenity_type": "secondary", "amenity": "Governor M. Cuenco Avenue", "lgu": "Cebu City"}}, {"type": "Feature", "geometry": {"type": "Point", "coordinates": [123.9038157, 10.3203826]}, "properties": {"id": 678343144, "amenity_type": "secondary", "amenity": "Mindanao Avenue", "lgu": "Cebu City"}}, {"type": "Feature", "geometry": {"type": "Point", "coordinates": [123.9038448, 10.3204378]}, "properties": {"id": 678343145, "amenity_type": "secondary", "amenity": "Mindanao Avenue", "lgu": "Cebu City"}}, {"type": "Feature", "geometry": {"type": "Point", "coordinates": [123.8916019, 10.3184641]}, "properties": {"id": 678343154, "amenity_type": "tertiary", "amenity": "Villalon Drive", "lgu": "Cebu City"}}, {"type": "Feature", "geometry": {"type": "Point", "coordinates": [123.8915943, 10.3184641]}, "properties": {"id": 678343155, "amenity_type": "tertiary", "amenity": "Villalon Drive", "lgu": "Cebu City"}}, {"type": "Feature", "geometry": {"type": "Point", "coordinates": [123.9089367, 10.3286027]}, "properties": {"id": 691841690, "amenity_type": "secondary", "amenity": "Governor M. Cuenco Avenue", "lgu": "Cebu City"}}, {"type": "Feature", "geometry": {"type": "Point", "coordinates": [123.8838122, 10.3328414]}, "properties": {"id": 692906854, "amenity_type": "tertiary", "amenity": "Unnamed road corridor", "lgu": "Cebu City"}}, {"type": "Feature", "geometry": {"type": "Point", "coordinates": [123.8826344, 10.3346304]}, "properties": {"id": 692906855, "amenity_type": "tertiary", "amenity": "Maya", "lgu": "Cebu City"}}, {"type": "Feature", "geometry": {"type": "Point", "coordinates": [123.8803635, 10.3371951]}, "properties": {"id": 692906869, "amenity_type": "tertiary", "amenity": "CPDRC", "lgu": "Cebu City"}}, {"type": "Feature", "geometry": {"type": "Point", "coordinates": [123.8804741, 10.3380418]}, "properties": {"id": 692906870, "amenity_type": "tertiary", "amenity": "CPDRC", "lgu": "Cebu City"}}, {"type": "Feature", "geometry": {"type": "Point", "coordinates": [123.8776181, 10.3405433]}, "properties": {"id": 692906871, "amenity_type": "tertiary", "amenity": "Unnamed road corridor", "lgu": "Cebu City"}}, {"type": "Feature", "geometry": {"type": "Point", "coordinates": [123.8819476, 10.3342204]}, "properties": {"id": 692912207, "amenity_type": "tertiary", "amenity": "Orchids Avenue", "lgu": "Cebu City"}}, {"type": "Feature", "geometry": {"type": "Point", "coordinates": [123.885006, 10.2835567]}, "properties": {"id": 703248071, "amenity_type": "trunk", "amenity": "Cebu South Coastal Road", "lgu": "Cebu City"}}, {"type": "Feature", "geometry": {"type": "Point", "coordinates": [123.8839719, 10.282467]}, "properties": {"id": 703248072, "amenity_type": "trunk", "amenity": "Cebu South Coastal Road", "lgu": "Cebu City"}}, {"type": "Feature", "geometry": {"type": "Point", "coordinates": [123.9060282, 10.32704]}, "properties": {"id": 717801273, "amenity_type": "primary", "amenity": "Salinas Drive", "lgu": "Cebu City"}}, {"type": "Feature", "geometry": {"type": "Point", "coordinates": [123.905766, 10.327189]}, "properties": {"id": 717801274, "amenity_type": "primary", "amenity": "Salinas Drive", "lgu": "Cebu City"}}, {"type": "Feature", "geometry": {"type": "Point", "coordinates": [123.9059126, 10.3271041]}, "properties": {"id": 717801275, "amenity_type": "primary", "amenity": "Salinas Drive", "lgu": "Cebu City"}}, {"type": "Feature", "geometry": {"type": "Point", "coordinates": [123.905955, 10.32708]}, "properties": {"id": 717801276, "amenity_type": "primary", "amenity": "Salinas Drive", "lgu": "Cebu City"}}, {"type": "Feature", "geometry": {"type": "Point", "coordinates": [123.903366, 10.3119169]}, "properties": {"id": 725232630, "amenity_type": "secondary", "amenity": "Gorordo Avenue", "lgu": "Cebu City"}}, {"type": "Feature", "geometry": {"type": "Point", "coordinates": [123.9029939, 10.3126628]}, "properties": {"id": 725232631, "amenity_type": "secondary", "amenity": "Gorordo Avenue", "lgu": "Cebu City"}}, {"type": "Feature", "geometry": {"type": "Point", "coordinates": [123.9017348, 10.2910738]}, "properties": {"id": 785017511, "amenity_type": "secondary", "amenity": "Cebu South Coastal Road", "lgu": "Cebu City"}}, {"type": "Feature", "geometry": {"type": "Point", "coordinates": [123.9224756, 10.3116601]}, "properties": {"id": 785017512, "amenity_type": "trunk", "amenity": "Sergio Osmeña Avenue", "lgu": "Cebu City"}}, {"type": "Feature", "geometry": {"type": "Point", "coordinates": [123.883219, 10.2820223]}, "properties": {"id": 785017513, "amenity_type": "secondary", "amenity": "F. Vestil Street", "lgu": "Cebu City"}}, {"type": "Feature", "geometry": {"type": "Point", "coordinates": [123.8802884, 10.2849748]}, "properties": {"id": 785017514, "amenity_type": "secondary", "amenity": "F. Vestil Street", "lgu": "Cebu City"}}, {"type": "Feature", "geometry": {"type": "Point", "coordinates": [123.8811426, 10.2839449]}, "properties": {"id": 785020949, "amenity_type": "secondary", "amenity": "F. Vestil Street", "lgu": "Cebu City"}}, {"type": "Feature", "geometry": {"type": "Point", "coordinates": [123.8821421, 10.2975737]}, "properties": {"id": 785103936, "amenity_type": "tertiary", "amenity": "Tres de Abril Street", "lgu": "Cebu City"}}, {"type": "Feature", "geometry": {"type": "Point", "coordinates": [123.9059129, 10.3160959]}, "properties": {"id": 787095032, "amenity_type": "tertiary", "amenity": "Samar Loop", "lgu": "Cebu City"}}, {"type": "Feature", "geometry": {"type": "Point", "coordinates": [123.906263, 10.316128]}, "properties": {"id": 787095033, "amenity_type": "tertiary", "amenity": "Samar Loop", "lgu": "Cebu City"}}, {"type": "Feature", "geometry": {"type": "Point", "coordinates": [123.8943259, 10.2987291]}, "properties": {"id": 799038989, "amenity_type": "primary", "amenity": "Natalio Bacalso Avenue", "lgu": "Cebu City"}}, {"type": "Feature", "geometry": {"type": "Point", "coordinates": [123.892128, 10.2982161]}, "properties": {"id": 799047744, "amenity_type": "primary", "amenity": "Natalio Bacalso Avenue", "lgu": "Cebu City"}}, {"type": "Feature", "geometry": {"type": "Point", "coordinates": [123.8614906, 10.2864817]}, "properties": {"id": 821634513, "amenity_type": "tertiary", "amenity": "E. Corro Street", "lgu": "Cebu City"}}, {"type": "Feature", "geometry": {"type": "Point", "coordinates": [123.8949005, 10.2930336]}, "properties": {"id": 821634514, "amenity_type": "tertiary", "amenity": "Tupas Street", "lgu": "Cebu City"}}, {"type": "Feature", "geometry": {"type": "Point", "coordinates": [123.8803372, 10.2933401]}, "properties": {"id": 821634515, "amenity_type": "primary", "amenity": "Natalio Bacalso Avenue", "lgu": "Cebu City"}}, {"type": "Feature", "geometry": {"type": "Point", "coordinates": [123.909627, 10.3007348]}, "properties": {"id": 847477232, "amenity_type": "trunk", "amenity": "Sergio Osmeña Avenue", "lgu": "Cebu City"}}, {"type": "Feature", "geometry": {"type": "Point", "coordinates": [123.8863741, 10.3160785]}, "properties": {"id": 847919203, "amenity_type": "secondary", "amenity": "M. Velez Street", "lgu": "Cebu City"}}, {"type": "Feature", "geometry": {"type": "Point", "coordinates": [123.8820914, 10.3269002]}, "properties": {"id": 847931765, "amenity_type": "secondary", "amenity": "Vicente Rama Avenue", "lgu": "Cebu City"}}, {"type": "Feature", "geometry": {"type": "Point", "coordinates": [123.8823282, 10.3761953]}, "properties": {"id": 854414213, "amenity_type": "tertiary", "amenity": "Busay-Budlaan Road", "lgu": "Cebu City"}}, {"type": "Feature", "geometry": {"type": "Point", "coordinates": [123.8827462, 10.2951316]}, "properties": {"id": 854463865, "amenity_type": "primary", "amenity": "Natalio Bacalso Avenue", "lgu": "Cebu City"}}, {"type": "Feature", "geometry": {"type": "Point", "coordinates": [123.8828185, 10.295022]}, "properties": {"id": 854463866, "amenity_type": "primary", "amenity": "Natalio Bacalso Avenue", "lgu": "Cebu City"}}, {"type": "Feature", "geometry": {"type": "Point", "coordinates": [123.8827366, 10.2949611]}, "properties": {"id": 854463869, "amenity_type": "primary", "amenity": "Natalio Bacalso Avenue", "lgu": "Cebu City"}}, {"type": "Feature", "geometry": {"type": "Point", "coordinates": [123.8905319, 10.3161564]}, "properties": {"id": 854774726, "amenity_type": "secondary", "amenity": "N. Escario Street", "lgu": "Cebu City"}}, {"type": "Feature", "geometry": {"type": "Point", "coordinates": [123.8912951, 10.316318]}, "properties": {"id": 854774727, "amenity_type": "secondary", "amenity": "N. Escario Street", "lgu": "Cebu City"}}, {"type": "Feature", "geometry": {"type": "Point", "coordinates": [123.8909709, 10.3163012]}, "properties": {"id": 854774728, "amenity_type": "secondary", "amenity": "N. Escario Street", "lgu": "Cebu City"}}, {"type": "Feature", "geometry": {"type": "Point", "coordinates": [123.8919561, 10.3165547]}, "properties": {"id": 854782192, "amenity_type": "secondary", "amenity": "N. Escario Street", "lgu": "Cebu City"}}, {"type": "Feature", "geometry": {"type": "Point", "coordinates": [123.8917041, 10.3165626]}, "properties": {"id": 854782193, "amenity_type": "secondary", "amenity": "N. Escario Street", "lgu": "Cebu City"}}, {"type": "Feature", "geometry": {"type": "Point", "coordinates": [123.8919898, 10.3166145]}, "properties": {"id": 854782194, "amenity_type": "tertiary", "amenity": "Villalon Drive", "lgu": "Cebu City"}}, {"type": "Feature", "geometry": {"type": "Point", "coordinates": [123.8919257, 10.3166402]}, "properties": {"id": 854782195, "amenity_type": "secondary", "amenity": "N. Escario Street", "lgu": "Cebu City"}}, {"type": "Feature", "geometry": {"type": "Point", "coordinates": [123.8917351, 10.3164759]}, "properties": {"id": 854782196, "amenity_type": "secondary", "amenity": "N. Escario Street", "lgu": "Cebu City"}}, {"type": "Feature", "geometry": {"type": "Point", "coordinates": [123.9029494, 10.3176165]}, "properties": {"id": 854792190, "amenity_type": "tertiary", "amenity": "Luzon Avenue", "lgu": "Cebu City"}}, {"type": "Feature", "geometry": {"type": "Point", "coordinates": [123.9020459, 10.3020767]}, "properties": {"id": 855186406, "amenity_type": "primary", "amenity": "P. del Rosario Street", "lgu": "Cebu City"}}, {"type": "Feature", "geometry": {"type": "Point", "coordinates": [123.9021007, 10.3019859]}, "properties": {"id": 855186407, "amenity_type": "primary", "amenity": "P. del Rosario Street", "lgu": "Cebu City"}}, {"type": "Feature", "geometry": {"type": "Point", "coordinates": [123.9055558, 10.3068751]}, "properties": {"id": 855186420, "amenity_type": "primary", "amenity": "Imus Avenue", "lgu": "Cebu City"}}, {"type": "Feature", "geometry": {"type": "Point", "coordinates": [123.9056719, 10.3067895]}, "properties": {"id": 855186421, "amenity_type": "primary", "amenity": "Imus Avenue", "lgu": "Cebu City"}}, {"type": "Feature", "geometry": {"type": "Point", "coordinates": [123.905532, 10.3066001]}, "properties": {"id": 855186423, "amenity_type": "primary", "amenity": "Imus Avenue", "lgu": "Cebu City"}}, {"type": "Feature", "geometry": {"type": "Point", "coordinates": [123.8993099, 10.3008822]}, "properties": {"id": 855205154, "amenity_type": "primary", "amenity": "P. del Rosario Street", "lgu": "Cebu City"}}, {"type": "Feature", "geometry": {"type": "Point", "coordinates": [123.8919427, 10.2945264]}, "properties": {"id": 855241188, "amenity_type": "tertiary", "amenity": "Lakandula Street", "lgu": "Cebu City"}}, {"type": "Feature", "geometry": {"type": "Point", "coordinates": [123.8926243, 10.2941385]}, "properties": {"id": 855241189, "amenity_type": "secondary", "amenity": "Candido Padilla Street", "lgu": "Cebu City"}}, {"type": "Feature", "geometry": {"type": "Point", "coordinates": [123.8935931, 10.2942397]}, "properties": {"id": 855241192, "amenity_type": "tertiary", "amenity": "Tres de Abril Street", "lgu": "Cebu City"}}, {"type": "Feature", "geometry": {"type": "Point", "coordinates": [123.8860959, 10.2969196]}, "properties": {"id": 855246335, "amenity_type": "primary", "amenity": "Natalio Bacalso Avenue", "lgu": "Cebu City"}}, {"type": "Feature", "geometry": {"type": "Point", "coordinates": [123.888301, 10.2972388]}, "properties": {"id": 855246339, "amenity_type": "secondary", "amenity": "Vicente Rama Avenue", "lgu": "Cebu City"}}, {"type": "Feature", "geometry": {"type": "Point", "coordinates": [123.8881913, 10.2972947]}, "properties": {"id": 855246340, "amenity_type": "primary", "amenity": "Natalio Bacalso Avenue", "lgu": "Cebu City"}}, {"type": "Feature", "geometry": {"type": "Point", "coordinates": [123.8999052, 10.3049072]}, "properties": {"id": 855284272, "amenity_type": "tertiary", "amenity": "Dionisio Jakosalem Street", "lgu": "Cebu City"}}, {"type": "Feature", "geometry": {"type": "Point", "coordinates": [123.9096473, 10.3338572]}, "properties": {"id": 855300940, "amenity_type": "tertiary", "amenity": "Jose Maria Del Mar Avenue", "lgu": "Cebu City"}}, {"type": "Feature", "geometry": {"type": "Point", "coordinates": [123.9108992, 10.3353453]}, "properties": {"id": 855300941, "amenity_type": "secondary", "amenity": "Governor M. Cuenco Avenue", "lgu": "Cebu City"}}, {"type": "Feature", "geometry": {"type": "Point", "coordinates": [123.905129, 10.3224154]}, "properties": {"id": 855311024, "amenity_type": "secondary", "amenity": "Archbishop Reyes Avenue", "lgu": "Cebu City"}}, {"type": "Feature", "geometry": {"type": "Point", "coordinates": [123.9049496, 10.3221444]}, "properties": {"id": 855311025, "amenity_type": "secondary", "amenity": "Archbishop Reyes Avenue", "lgu": "Cebu City"}}, {"type": "Feature", "geometry": {"type": "Point", "coordinates": [123.9051749, 10.3224851]}, "properties": {"id": 855311026, "amenity_type": "secondary", "amenity": "Archbishop Reyes Avenue", "lgu": "Cebu City"}}, {"type": "Feature", "geometry": {"type": "Point", "coordinates": [123.9092263, 10.3195654]}, "properties": {"id": 855311027, "amenity_type": "secondary", "amenity": "Cardinal Rosales Avenue", "lgu": "Cebu City"}}, {"type": "Feature", "geometry": {"type": "Point", "coordinates": [123.9091216, 10.3196293]}, "properties": {"id": 855311028, "amenity_type": "secondary", "amenity": "Cardinal Rosales Avenue", "lgu": "Cebu City"}}, {"type": "Feature", "geometry": {"type": "Point", "coordinates": [123.9099497, 10.3201655]}, "properties": {"id": 855311029, "amenity_type": "secondary", "amenity": "Cardinal Rosales Avenue", "lgu": "Cebu City"}}, {"type": "Feature", "geometry": {"type": "Point", "coordinates": [123.9104915, 10.3211882]}, "properties": {"id": 855311035, "amenity_type": "primary", "amenity": "Pope John Paul Ⅱ Avenue", "lgu": "Cebu City"}}, {"type": "Feature", "geometry": {"type": "Point", "coordinates": [123.9105268, 10.3209852]}, "properties": {"id": 855311036, "amenity_type": "primary", "amenity": "Pope John Paul Ⅱ Avenue", "lgu": "Cebu City"}}, {"type": "Feature", "geometry": {"type": "Point", "coordinates": [123.9144034, 10.3141376]}, "properties": {"id": 855731364, "amenity_type": "primary", "amenity": "M.J. Cuenco Avenue", "lgu": "Cebu City"}}, {"type": "Feature", "geometry": {"type": "Point", "coordinates": [123.9150857, 10.3144723]}, "properties": {"id": 855731365, "amenity_type": "primary", "amenity": "M.J. Cuenco Avenue", "lgu": "Cebu City"}}, {"type": "Feature", "geometry": {"type": "Point", "coordinates": [123.8623217, 10.3736325]}, "properties": {"id": 859954371, "amenity_type": "tertiary", "amenity": "Unnamed road corridor", "lgu": "Cebu City"}}, {"type": "Feature", "geometry": {"type": "Point", "coordinates": [123.9234151, 10.3346054]}, "properties": {"id": 893995433, "amenity_type": "secondary", "amenity": "Hernan Cortes Street", "lgu": "Cebu City"}}, {"type": "Feature", "geometry": {"type": "Point", "coordinates": [123.9011339, 10.2938839]}, "properties": {"id": 894155993, "amenity_type": "tertiary", "amenity": "Magallanes Street", "lgu": "Cebu City"}}, {"type": "Feature", "geometry": {"type": "Point", "coordinates": [123.9004302, 10.2953318]}, "properties": {"id": 894155994, "amenity_type": "secondary", "amenity": "Osmeña Boulevard", "lgu": "Cebu City"}}, {"type": "Feature", "geometry": {"type": "Point", "coordinates": [123.908603, 10.3447285]}, "properties": {"id": 894499541, "amenity_type": "tertiary", "amenity": "Paseo Saturnino", "lgu": "Cebu City"}}, {"type": "Feature", "geometry": {"type": "Point", "coordinates": [123.9224451, 10.3185875]}, "properties": {"id": 894964345, "amenity_type": "secondary", "amenity": "Gatewalk Drive", "lgu": "Cebu City"}}, {"type": "Feature", "geometry": {"type": "Point", "coordinates": [123.9274915, 10.3257588]}, "properties": {"id": 896030616, "amenity_type": "primary", "amenity": "M.C. Briones Street", "lgu": "Cebu City"}}, {"type": "Feature", "geometry": {"type": "Point", "coordinates": [123.9253528, 10.3418294]}, "properties": {"id": 896035245, "amenity_type": "secondary", "amenity": "Hernan Cortes Street", "lgu": "Cebu City"}}, {"type": "Feature", "geometry": {"type": "Point", "coordinates": [123.9270998, 10.3468965]}, "properties": {"id": 896035246, "amenity_type": "secondary", "amenity": "Hernan Cortes Street", "lgu": "Cebu City"}}, {"type": "Feature", "geometry": {"type": "Point", "coordinates": [123.9282156, 10.3386548]}, "properties": {"id": 896035253, "amenity_type": "secondary", "amenity": "A. S. Fortuna Street", "lgu": "Cebu City"}}, {"type": "Feature", "geometry": {"type": "Point", "coordinates": [123.928504, 10.3385562]}, "properties": {"id": 896035254, "amenity_type": "secondary", "amenity": "A. S. Fortuna Street", "lgu": "Cebu City"}}, {"type": "Feature", "geometry": {"type": "Point", "coordinates": [123.9268249, 10.3480962]}, "properties": {"id": 896256832, "amenity_type": "secondary", "amenity": "Manuel L. Quezon Avenue", "lgu": "Cebu City"}}, {"type": "Feature", "geometry": {"type": "Point", "coordinates": [123.9237979, 10.3515119]}, "properties": {"id": 896256833, "amenity_type": "secondary", "amenity": "Manuel L. Quezon Avenue", "lgu": "Cebu City"}}, {"type": "Feature", "geometry": {"type": "Point", "coordinates": [123.9258756, 10.3194821]}, "properties": {"id": 897179501, "amenity_type": "tertiary", "amenity": "S. O. Albaño Street", "lgu": "Cebu City"}}, {"type": "Feature", "geometry": {"type": "Point", "coordinates": [123.9259211, 10.3207073]}, "properties": {"id": 897179506, "amenity_type": "secondary", "amenity": "Hernan Cortes Street", "lgu": "Cebu City"}}, {"type": "Feature", "geometry": {"type": "Point", "coordinates": [123.9270959, 10.3880877]}, "properties": {"id": 897340822, "amenity_type": "tertiary", "amenity": "Unnamed road corridor", "lgu": "Cebu City"}}, {"type": "Feature", "geometry": {"type": "Point", "coordinates": [123.8957572, 10.3983351]}, "properties": {"id": 897504041, "amenity_type": "tertiary", "amenity": "Unnamed road corridor", "lgu": "Cebu City"}}, {"type": "Feature", "geometry": {"type": "Point", "coordinates": [123.8959072, 10.3981227]}, "properties": {"id": 897504042, "amenity_type": "tertiary", "amenity": "Unnamed road corridor", "lgu": "Cebu City"}}, {"type": "Feature", "geometry": {"type": "Point", "coordinates": [123.8905714, 10.3237543]}, "properties": {"id": 897536258, "amenity_type": "tertiary", "amenity": "Villalon Drive", "lgu": "Cebu City"}}, {"type": "Feature", "geometry": {"type": "Point", "coordinates": [123.8859235, 10.3789062]}, "properties": {"id": 897844090, "amenity_type": "tertiary", "amenity": "Budlaan Road", "lgu": "Cebu City"}}, {"type": "Feature", "geometry": {"type": "Point", "coordinates": [123.8918099, 10.3157164]}, "properties": {"id": 898249614, "amenity_type": "tertiary", "amenity": "Governor M. Roa Street", "lgu": "Cebu City"}}, {"type": "Feature", "geometry": {"type": "Point", "coordinates": [123.9072175, 10.3088083]}, "properties": {"id": 899705908, "amenity_type": "primary", "amenity": "M.J. Cuenco Avenue", "lgu": "Cebu City"}}, {"type": "Feature", "geometry": {"type": "Point", "coordinates": [123.9072561, 10.3087818]}, "properties": {"id": 899705909, "amenity_type": "primary", "amenity": "M.J. Cuenco Avenue", "lgu": "Cebu City"}}, {"type": "Feature", "geometry": {"type": "Point", "coordinates": [123.9070417, 10.3088761]}, "properties": {"id": 899705910, "amenity_type": "secondary", "amenity": "General Maxilom Avenue", "lgu": "Cebu City"}}, {"type": "Feature", "geometry": {"type": "Point", "coordinates": [123.9069973, 10.2933787]}, "properties": {"id": 899737971, "amenity_type": "tertiary", "amenity": "C. Arellano Boulevard", "lgu": "Cebu City"}}, {"type": "Feature", "geometry": {"type": "Point", "coordinates": [123.9127471, 10.3035905]}, "properties": {"id": 899759059, "amenity_type": "trunk", "amenity": "Sergio Osmeña Avenue", "lgu": "Cebu City"}}, {"type": "Feature", "geometry": {"type": "Point", "coordinates": [123.9298362, 10.3153259]}, "properties": {"id": 899806171, "amenity_type": "tertiary", "amenity": "Doctor F.E. Zuellig Avenue", "lgu": "Cebu City"}}, {"type": "Feature", "geometry": {"type": "Point", "coordinates": [123.9256783, 10.3214175]}, "properties": {"id": 900615504, "amenity_type": "secondary", "amenity": "Hernan Cortes Street", "lgu": "Cebu City"}}, {"type": "Feature", "geometry": {"type": "Point", "coordinates": [123.9255673, 10.3216354]}, "properties": {"id": 900615505, "amenity_type": "secondary", "amenity": "Hernan Cortes Street", "lgu": "Cebu City"}}, {"type": "Feature", "geometry": {"type": "Point", "coordinates": [123.9257224, 10.3214399]}, "properties": {"id": 900615506, "amenity_type": "secondary", "amenity": "Hernan Cortes Street", "lgu": "Cebu City"}}, {"type": "Feature", "geometry": {"type": "Point", "coordinates": [123.906071, 10.2939701]}, "properties": {"id": 901058738, "amenity_type": "tertiary", "amenity": "Legaspi Extension", "lgu": "Cebu City"}}, {"type": "Feature", "geometry": {"type": "Point", "coordinates": [123.9008232, 10.3016326]}, "properties": {"id": 902536288, "amenity_type": "tertiary", "amenity": "Dionisio Jakosalem Street", "lgu": "Cebu City"}}, {"type": "Feature", "geometry": {"type": "Point", "coordinates": [123.8918553, 10.3088978]}, "properties": {"id": 902950132, "amenity_type": "secondary", "amenity": "B. Rodriguez Street", "lgu": "Cebu City"}}, {"type": "Feature", "geometry": {"type": "Point", "coordinates": [123.9056179, 10.3067179]}, "properties": {"id": 902979204, "amenity_type": "primary", "amenity": "Imus Avenue", "lgu": "Cebu City"}}, {"type": "Feature", "geometry": {"type": "Point", "coordinates": [123.9055012, 10.30681]}, "properties": {"id": 902979205, "amenity_type": "primary", "amenity": "Imus Avenue", "lgu": "Cebu City"}}, {"type": "Feature", "geometry": {"type": "Point", "coordinates": [123.9060842, 10.3063889]}, "properties": {"id": 902979206, "amenity_type": "secondary", "amenity": "M.J. Cuenco Avenue", "lgu": "Cebu City"}}, {"type": "Feature", "geometry": {"type": "Point", "coordinates": [123.9060818, 10.3061202]}, "properties": {"id": 902979207, "amenity_type": "secondary", "amenity": "M.J. Cuenco Avenue", "lgu": "Cebu City"}}, {"type": "Feature", "geometry": {"type": "Point", "coordinates": [123.9061372, 10.3061389]}, "properties": {"id": 902979208, "amenity_type": "secondary", "amenity": "M.J. Cuenco Avenue", "lgu": "Cebu City"}}, {"type": "Feature", "geometry": {"type": "Point", "coordinates": [123.9055364, 10.3067347]}, "properties": {"id": 902979209, "amenity_type": "secondary", "amenity": "M.J. Cuenco Avenue", "lgu": "Cebu City"}}, {"type": "Feature", "geometry": {"type": "Point", "coordinates": [123.9058177, 10.3065201]}, "properties": {"id": 902979210, "amenity_type": "secondary", "amenity": "M.J. Cuenco Avenue", "lgu": "Cebu City"}}, {"type": "Feature", "geometry": {"type": "Point", "coordinates": [123.9036353, 10.3113926]}, "properties": {"id": 903719895, "amenity_type": "secondary", "amenity": "Gorordo Avenue", "lgu": "Cebu City"}}, {"type": "Feature", "geometry": {"type": "Point", "coordinates": [123.902698, 10.3132536]}, "properties": {"id": 903719896, "amenity_type": "secondary", "amenity": "Gorordo Avenue", "lgu": "Cebu City"}}, {"type": "Feature", "geometry": {"type": "Point", "coordinates": [123.911946, 10.3213247]}, "properties": {"id": 903719897, "amenity_type": "secondary", "amenity": "F. Cabahug Street", "lgu": "Cebu City"}}, {"type": "Feature", "geometry": {"type": "Point", "coordinates": [123.9186561, 10.3180929]}, "properties": {"id": 903719898, "amenity_type": "primary", "amenity": "M.J. Cuenco Avenue", "lgu": "Cebu City"}}, {"type": "Feature", "geometry": {"type": "Point", "coordinates": [123.9014185, 10.2948841]}, "properties": {"id": 903719899, "amenity_type": "secondary", "amenity": "Osmeña Boulevard", "lgu": "Cebu City"}}, {"type": "Feature", "geometry": {"type": "Point", "coordinates": [123.901663, 10.2952468]}, "properties": {"id": 903719900, "amenity_type": "tertiary", "amenity": "Dionisio Jakosalem Street", "lgu": "Cebu City"}}, {"type": "Feature", "geometry": {"type": "Point", "coordinates": [123.8881853, 10.3167114]}, "properties": {"id": 904108006, "amenity_type": "secondary", "amenity": "M. Velez Street", "lgu": "Cebu City"}}, {"type": "Feature", "geometry": {"type": "Point", "coordinates": [123.8836622, 10.3234201]}, "properties": {"id": 904108007, "amenity_type": "secondary", "amenity": "Vicente Rama Avenue", "lgu": "Cebu City"}}, {"type": "Feature", "geometry": {"type": "Point", "coordinates": [123.8859485, 10.3248184]}, "properties": {"id": 904108008, "amenity_type": "tertiary", "amenity": "Singson Road", "lgu": "Cebu City"}}, {"type": "Feature", "geometry": {"type": "Point", "coordinates": [123.8882642, 10.3534652]}, "properties": {"id": 904236153, "amenity_type": "tertiary", "amenity": "Paseo John-John", "lgu": "Cebu City"}}, {"type": "Feature", "geometry": {"type": "Point", "coordinates": [123.8707033, 10.2897832]}, "properties": {"id": 904328239, "amenity_type": "secondary", "amenity": "Francisco Llamas Street", "lgu": "Cebu City"}}, {"type": "Feature", "geometry": {"type": "Point", "coordinates": [123.8854013, 10.3157816]}, "properties": {"id": 904338936, "amenity_type": "secondary", "amenity": "Vicente Rama Avenue", "lgu": "Cebu City"}}, {"type": "Feature", "geometry": {"type": "Point", "coordinates": [123.8854388, 10.3156132]}, "properties": {"id": 904338937, "amenity_type": "secondary", "amenity": "Vicente Rama Avenue", "lgu": "Cebu City"}}, {"type": "Feature", "geometry": {"type": "Point", "coordinates": [123.9128412, 10.3434978]}, "properties": {"id": 904405468, "amenity_type": "secondary", "amenity": "A. S. Fortuna Street", "lgu": "Cebu City"}}, {"type": "Feature", "geometry": {"type": "Point", "coordinates": [123.9145549, 10.3144424]}, "properties": {"id": 904881466, "amenity_type": "primary", "amenity": "Pope John Paul Ⅱ Avenue", "lgu": "Cebu City"}}, {"type": "Feature", "geometry": {"type": "Point", "coordinates": [123.8922262, 10.3166511]}, "properties": {"id": 904958888, "amenity_type": "secondary", "amenity": "N. Escario Street", "lgu": "Cebu City"}}, {"type": "Feature", "geometry": {"type": "Point", "coordinates": [123.8924088, 10.3168038]}, "properties": {"id": 904958889, "amenity_type": "secondary", "amenity": "N. Escario Street", "lgu": "Cebu City"}}, {"type": "Feature", "geometry": {"type": "Point", "coordinates": [123.9220028, 10.3112699]}, "properties": {"id": 906068124, "amenity_type": "trunk", "amenity": "Sergio Osmeña Avenue", "lgu": "Cebu City"}}, {"type": "Feature", "geometry": {"type": "Point", "coordinates": [123.9056355, 10.3155591]}, "properties": {"id": 906954999, "amenity_type": "secondary", "amenity": "Cardinal Rosales Avenue", "lgu": "Cebu City"}}, {"type": "Feature", "geometry": {"type": "Point", "coordinates": [123.9029513, 10.3134543]}, "properties": {"id": 906955000, "amenity_type": "secondary", "amenity": "Cardinal Rosales Avenue", "lgu": "Cebu City"}}, {"type": "Feature", "geometry": {"type": "Point", "coordinates": [123.8999838, 10.3012488]}, "properties": {"id": 914908826, "amenity_type": "primary", "amenity": "P. del Rosario Street", "lgu": "Cebu City"}}, {"type": "Feature", "geometry": {"type": "Point", "coordinates": [123.9005446, 10.3015444]}, "properties": {"id": 914908827, "amenity_type": "primary", "amenity": "P. del Rosario Street", "lgu": "Cebu City"}}, {"type": "Feature", "geometry": {"type": "Point", "coordinates": [123.9005556, 10.3014966]}, "properties": {"id": 914908828, "amenity_type": "primary", "amenity": "P. del Rosario Street", "lgu": "Cebu City"}}, {"type": "Feature", "geometry": {"type": "Point", "coordinates": [123.8762637, 10.2927688]}, "properties": {"id": 922086607, "amenity_type": "tertiary", "amenity": "San Bernardino Street", "lgu": "Cebu City"}}, {"type": "Feature", "geometry": {"type": "Point", "coordinates": [123.8765203, 10.2925915]}, "properties": {"id": 922086608, "amenity_type": "tertiary", "amenity": "San Bernardino Street", "lgu": "Cebu City"}}, {"type": "Feature", "geometry": {"type": "Point", "coordinates": [123.9252398, 10.3139494]}, "properties": {"id": 922312336, "amenity_type": "trunk", "amenity": "Ouano Avenue", "lgu": "Cebu City"}}, {"type": "Feature", "geometry": {"type": "Point", "coordinates": [123.9263404, 10.3145684]}, "properties": {"id": 922312337, "amenity_type": "trunk", "amenity": "Ouano Avenue", "lgu": "Cebu City"}}, {"type": "Feature", "geometry": {"type": "Point", "coordinates": [123.9255405, 10.3139425]}, "properties": {"id": 922312338, "amenity_type": "trunk", "amenity": "Ouano Avenue", "lgu": "Cebu City"}}, {"type": "Feature", "geometry": {"type": "Point", "coordinates": [123.9260067, 10.3205316]}, "properties": {"id": 922365856, "amenity_type": "secondary", "amenity": "E.O. Perez Street", "lgu": "Cebu City"}}, {"type": "Feature", "geometry": {"type": "Point", "coordinates": [123.9293756, 10.3206778]}, "properties": {"id": 922365859, "amenity_type": "tertiary", "amenity": "F.F. Cruz Avenue", "lgu": "Cebu City"}}, {"type": "Feature", "geometry": {"type": "Point", "coordinates": [123.9295059, 10.3205976]}, "properties": {"id": 922365860, "amenity_type": "tertiary", "amenity": "F.F. Cruz Avenue", "lgu": "Cebu City"}}, {"type": "Feature", "geometry": {"type": "Point", "coordinates": [123.9311722, 10.3169105]}, "properties": {"id": 922781381, "amenity_type": "tertiary", "amenity": "Doctor F.E. Zuellig Avenue", "lgu": "Cebu City"}}, {"type": "Feature", "geometry": {"type": "Point", "coordinates": [123.9245953, 10.3132037]}, "properties": {"id": 923588766, "amenity_type": "trunk", "amenity": "Ouano Avenue", "lgu": "Cebu City"}}, {"type": "Feature", "geometry": {"type": "Point", "coordinates": [123.9048869, 10.2942866]}, "properties": {"id": 926502408, "amenity_type": "secondary", "amenity": "M.J. Cuenco Avenue", "lgu": "Cebu City"}}, {"type": "Feature", "geometry": {"type": "Point", "coordinates": [123.9050216, 10.2945565]}, "properties": {"id": 926502409, "amenity_type": "secondary", "amenity": "M.J. Cuenco Avenue", "lgu": "Cebu City"}}, {"type": "Feature", "geometry": {"type": "Point", "coordinates": [123.9050339, 10.2945052]}, "properties": {"id": 926502410, "amenity_type": "tertiary", "amenity": "Legaspi Extension", "lgu": "Cebu City"}}, {"type": "Feature", "geometry": {"type": "Point", "coordinates": [123.9050591, 10.2945353]}, "properties": {"id": 926502411, "amenity_type": "secondary", "amenity": "M.J. Cuenco Avenue", "lgu": "Cebu City"}}, {"type": "Feature", "geometry": {"type": "Point", "coordinates": [123.9237659, 10.3167445]}, "properties": {"id": 929584283, "amenity_type": "secondary", "amenity": "Gatewalk Drive", "lgu": "Cebu City"}}, {"type": "Feature", "geometry": {"type": "Point", "coordinates": [123.9068573, 10.3089046]}, "properties": {"id": 930839299, "amenity_type": "secondary", "amenity": "General Maxilom Avenue", "lgu": "Cebu City"}}, {"type": "Feature", "geometry": {"type": "Point", "coordinates": [123.8645639, 10.2805453]}, "properties": {"id": 931734644, "amenity_type": "tertiary", "amenity": "L. Gabuya Street", "lgu": "Cebu City"}}, {"type": "Feature", "geometry": {"type": "Point", "coordinates": [123.8831584, 10.3113443]}, "properties": {"id": 932666815, "amenity_type": "tertiary", "amenity": "I. Limkakeng Street", "lgu": "Cebu City"}}, {"type": "Feature", "geometry": {"type": "Point", "coordinates": [123.8821089, 10.2945172]}, "properties": {"id": 933210527, "amenity_type": "primary", "amenity": "Natalio Bacalso Avenue", "lgu": "Cebu City"}}, {"type": "Feature", "geometry": {"type": "Point", "coordinates": [123.9051377, 10.3287832]}, "properties": {"id": 933391495, "amenity_type": "tertiary", "amenity": "Geonzon Street", "lgu": "Cebu City"}}, {"type": "Feature", "geometry": {"type": "Point", "coordinates": [123.8800452, 10.2859082]}, "properties": {"id": 933836497, "amenity_type": "tertiary", "amenity": "Banog Road", "lgu": "Cebu City"}}, {"type": "Feature", "geometry": {"type": "Point", "coordinates": [123.8974877, 10.297711]}, "properties": {"id": 933881064, "amenity_type": "secondary", "amenity": "Osmeña Boulevard", "lgu": "Cebu City"}}, {"type": "Feature", "geometry": {"type": "Point", "coordinates": [123.9049714, 10.2943598]}, "properties": {"id": 933881065, "amenity_type": "tertiary", "amenity": "Legaspi Extension", "lgu": "Cebu City"}}, {"type": "Feature", "geometry": {"type": "Point", "coordinates": [123.9050413, 10.2944117]}, "properties": {"id": 933881066, "amenity_type": "secondary", "amenity": "M.J. Cuenco Avenue", "lgu": "Cebu City"}}, {"type": "Feature", "geometry": {"type": "Point", "coordinates": [123.8974388, 10.2976944]}, "properties": {"id": 933881067, "amenity_type": "secondary", "amenity": "Osmeña Boulevard", "lgu": "Cebu City"}}, {"type": "Feature", "geometry": {"type": "Point", "coordinates": [123.8974215, 10.2977302]}, "properties": {"id": 933881068, "amenity_type": "tertiary", "amenity": "Sanciangko Street", "lgu": "Cebu City"}}, {"type": "Feature", "geometry": {"type": "Point", "coordinates": [123.8982274, 10.2962716]}, "properties": {"id": 933881069, "amenity_type": "secondary", "amenity": "Colon Street", "lgu": "Cebu City"}}, {"type": "Feature", "geometry": {"type": "Point", "coordinates": [123.8993882, 10.2920104]}, "properties": {"id": 934653731, "amenity_type": "tertiary", "amenity": "Plaridel Street", "lgu": "Cebu City"}}, {"type": "Feature", "geometry": {"type": "Point", "coordinates": [123.9248859, 10.3124634]}, "properties": {"id": 935192310, "amenity_type": "tertiary", "amenity": "Doctor F.E. Zuellig Avenue", "lgu": "Cebu City"}}, {"type": "Feature", "geometry": {"type": "Point", "coordinates": [123.8930663, 10.3170262]}, "properties": {"id": 936762292, "amenity_type": "secondary", "amenity": "N. Escario Street", "lgu": "Cebu City"}}, {"type": "Feature", "geometry": {"type": "Point", "coordinates": [123.8933028, 10.3170649]}, "properties": {"id": 936762293, "amenity_type": "tertiary", "amenity": "Juana Osmeña Street", "lgu": "Cebu City"}}, {"type": "Feature", "geometry": {"type": "Point", "coordinates": [123.8936713, 10.3171525]}, "properties": {"id": 936762294, "amenity_type": "secondary", "amenity": "N. Escario Street", "lgu": "Cebu City"}}, {"type": "Feature", "geometry": {"type": "Point", "coordinates": [123.8943607, 10.3174009]}, "properties": {"id": 936762295, "amenity_type": "secondary", "amenity": "N. Escario Street", "lgu": "Cebu City"}}, {"type": "Feature", "geometry": {"type": "Point", "coordinates": [123.8935089, 10.3171804]}, "properties": {"id": 936762296, "amenity_type": "secondary", "amenity": "N. Escario Street", "lgu": "Cebu City"}}, {"type": "Feature", "geometry": {"type": "Point", "coordinates": [123.8925058, 10.3114112]}, "properties": {"id": 936770901, "amenity_type": "secondary", "amenity": "Osmeña Boulevard", "lgu": "Cebu City"}}, {"type": "Feature", "geometry": {"type": "Point", "coordinates": [123.8918809, 10.3131553]}, "properties": {"id": 936770902, "amenity_type": "secondary", "amenity": "Osmeña Boulevard", "lgu": "Cebu City"}}, {"type": "Feature", "geometry": {"type": "Point", "coordinates": [123.8926165, 10.3112909]}, "properties": {"id": 936770903, "amenity_type": "tertiary", "amenity": "J. Llorente Street", "lgu": "Cebu City"}}, {"type": "Feature", "geometry": {"type": "Point", "coordinates": [123.9080101, 10.3185867]}, "properties": {"id": 936775914, "amenity_type": "secondary", "amenity": "Cardinal Rosales Avenue", "lgu": "Cebu City"}}, {"type": "Feature", "geometry": {"type": "Point", "coordinates": [123.9055303, 10.3155984]}, "properties": {"id": 936779615, "amenity_type": "secondary", "amenity": "Cardinal Rosales Avenue", "lgu": "Cebu City"}}, {"type": "Feature", "geometry": {"type": "Point", "coordinates": [123.9057136, 10.3158109]}, "properties": {"id": 936779616, "amenity_type": "secondary", "amenity": "Cardinal Rosales Avenue", "lgu": "Cebu City"}}, {"type": "Feature", "geometry": {"type": "Point", "coordinates": [123.9056816, 10.3160749]}, "properties": {"id": 936779617, "amenity_type": "secondary", "amenity": "Cardinal Rosales Avenue", "lgu": "Cebu City"}}, {"type": "Feature", "geometry": {"type": "Point", "coordinates": [123.8989349, 10.296938]}, "properties": {"id": 936783368, "amenity_type": "tertiary", "amenity": "Pelaez Street", "lgu": "Cebu City"}}, {"type": "Feature", "geometry": {"type": "Point", "coordinates": [123.8988292, 10.296622]}, "properties": {"id": 936783369, "amenity_type": "secondary", "amenity": "Colon Street", "lgu": "Cebu City"}}, {"type": "Feature", "geometry": {"type": "Point", "coordinates": [123.8954356, 10.3032189]}, "properties": {"id": 937916515, "amenity_type": "secondary", "amenity": "Osmeña Boulevard", "lgu": "Cebu City"}}, {"type": "Feature", "geometry": {"type": "Point", "coordinates": [123.8959038, 10.3023179]}, "properties": {"id": 937916516, "amenity_type": "secondary", "amenity": "Osmeña Boulevard", "lgu": "Cebu City"}}, {"type": "Feature", "geometry": {"type": "Point", "coordinates": [123.8957703, 10.3022697]}, "properties": {"id": 937916517, "amenity_type": "secondary", "amenity": "Osmeña Boulevard", "lgu": "Cebu City"}}, {"type": "Feature", "geometry": {"type": "Point", "coordinates": [123.8952516, 10.3037307]}, "properties": {"id": 937916519, "amenity_type": "secondary", "amenity": "Osmeña Boulevard", "lgu": "Cebu City"}}, {"type": "Feature", "geometry": {"type": "Point", "coordinates": [123.8956237, 10.3026942]}, "properties": {"id": 937916520, "amenity_type": "secondary", "amenity": "Osmeña Boulevard", "lgu": "Cebu City"}}, {"type": "Feature", "geometry": {"type": "Point", "coordinates": [123.8953832, 10.3037515]}, "properties": {"id": 937916521, "amenity_type": "secondary", "amenity": "Osmeña Boulevard", "lgu": "Cebu City"}}, {"type": "Feature", "geometry": {"type": "Point", "coordinates": [123.8953394, 10.303874]}, "properties": {"id": 937916522, "amenity_type": "secondary", "amenity": "Osmeña Boulevard", "lgu": "Cebu City"}}, {"type": "Feature", "geometry": {"type": "Point", "coordinates": [123.8955848, 10.303192]}, "properties": {"id": 937916524, "amenity_type": "secondary", "amenity": "Osmeña Boulevard", "lgu": "Cebu City"}}, {"type": "Feature", "geometry": {"type": "Point", "coordinates": [123.8935461, 10.3081295]}, "properties": {"id": 937916528, "amenity_type": "secondary", "amenity": "Osmeña Boulevard", "lgu": "Cebu City"}}, {"type": "Feature", "geometry": {"type": "Point", "coordinates": [123.8916606, 10.2980005]}, "properties": {"id": 937924629, "amenity_type": "primary", "amenity": "Natalio Bacalso Avenue", "lgu": "Cebu City"}}, {"type": "Feature", "geometry": {"type": "Point", "coordinates": [123.8918611, 10.2982145]}, "properties": {"id": 937924630, "amenity_type": "primary", "amenity": "Natalio Bacalso Avenue", "lgu": "Cebu City"}}, {"type": "Feature", "geometry": {"type": "Point", "coordinates": [123.892291, 10.2983786]}, "properties": {"id": 937924631, "amenity_type": "primary", "amenity": "Natalio Bacalso Avenue", "lgu": "Cebu City"}}, {"type": "Feature", "geometry": {"type": "Point", "coordinates": [123.8923258, 10.2982798]}, "properties": {"id": 937924632, "amenity_type": "primary", "amenity": "Natalio Bacalso Avenue", "lgu": "Cebu City"}}, {"type": "Feature", "geometry": {"type": "Point", "coordinates": [123.8924632, 10.2984219]}, "properties": {"id": 937924633, "amenity_type": "primary", "amenity": "Natalio Bacalso Avenue", "lgu": "Cebu City"}}, {"type": "Feature", "geometry": {"type": "Point", "coordinates": [123.8927132, 10.2983598]}, "properties": {"id": 937924634, "amenity_type": "primary", "amenity": "Natalio Bacalso Avenue", "lgu": "Cebu City"}}, {"type": "Feature", "geometry": {"type": "Point", "coordinates": [123.8924793, 10.2983162]}, "properties": {"id": 937924635, "amenity_type": "primary", "amenity": "Natalio Bacalso Avenue", "lgu": "Cebu City"}}, {"type": "Feature", "geometry": {"type": "Point", "coordinates": [123.8931176, 10.2985458]}, "properties": {"id": 937924636, "amenity_type": "primary", "amenity": "Natalio Bacalso Avenue", "lgu": "Cebu City"}}, {"type": "Feature", "geometry": {"type": "Point", "coordinates": [123.8953666, 10.2988972]}, "properties": {"id": 937924638, "amenity_type": "primary", "amenity": "Natalio Bacalso Avenue", "lgu": "Cebu City"}}, {"type": "Feature", "geometry": {"type": "Point", "coordinates": [123.8954461, 10.2987984]}, "properties": {"id": 937924639, "amenity_type": "primary", "amenity": "Natalio Bacalso Avenue", "lgu": "Cebu City"}}, {"type": "Feature", "geometry": {"type": "Point", "coordinates": [123.8955028, 10.2989293]}, "properties": {"id": 937924640, "amenity_type": "primary", "amenity": "Natalio Bacalso Avenue", "lgu": "Cebu City"}}, {"type": "Feature", "geometry": {"type": "Point", "coordinates": [123.8955646, 10.2988983]}, "properties": {"id": 937924641, "amenity_type": "primary", "amenity": "Natalio Bacalso Avenue", "lgu": "Cebu City"}}, {"type": "Feature", "geometry": {"type": "Point", "coordinates": [123.8955219, 10.2988727]}, "properties": {"id": 937924642, "amenity_type": "tertiary", "amenity": "Leon Kilat Street", "lgu": "Cebu City"}}, {"type": "Feature", "geometry": {"type": "Point", "coordinates": [123.8957226, 10.2990054]}, "properties": {"id": 937924644, "amenity_type": "primary", "amenity": "P. del Rosario Street", "lgu": "Cebu City"}}, {"type": "Feature", "geometry": {"type": "Point", "coordinates": [123.8966174, 10.2994688]}, "properties": {"id": 937924645, "amenity_type": "primary", "amenity": "P. del Rosario Street", "lgu": "Cebu City"}}, {"type": "Feature", "geometry": {"type": "Point", "coordinates": [123.8873051, 10.2974915]}, "properties": {"id": 937950799, "amenity_type": "secondary", "amenity": "Katipunan Street", "lgu": "Cebu City"}}, {"type": "Feature", "geometry": {"type": "Point", "coordinates": [123.8866384, 10.3084708]}, "properties": {"id": 937957049, "amenity_type": "secondary", "amenity": "Vicente Rama Avenue", "lgu": "Cebu City"}}, {"type": "Feature", "geometry": {"type": "Point", "coordinates": [123.8990395, 10.3004681]}, "properties": {"id": 938273364, "amenity_type": "tertiary", "amenity": "Junquera Street", "lgu": "Cebu City"}}, {"type": "Feature", "geometry": {"type": "Point", "coordinates": [123.8928969, 10.3109066]}, "properties": {"id": 938278131, "amenity_type": "secondary", "amenity": "Osmeña Boulevard", "lgu": "Cebu City"}}, {"type": "Feature", "geometry": {"type": "Point", "coordinates": [123.8966565, 10.2949892]}, "properties": {"id": 938638108, "amenity_type": "tertiary", "amenity": "Leon Kilat Street", "lgu": "Cebu City"}}, {"type": "Feature", "geometry": {"type": "Point", "coordinates": [123.8973557, 10.2935419]}, "properties": {"id": 938638111, "amenity_type": "tertiary", "amenity": "Magallanes Street", "lgu": "Cebu City"}}, {"type": "Feature", "geometry": {"type": "Point", "coordinates": [123.89725, 10.2933347]}, "properties": {"id": 938638112, "amenity_type": "tertiary", "amenity": "Escaño Street", "lgu": "Cebu City"}}, {"type": "Feature", "geometry": {"type": "Point", "coordinates": [123.8982029, 10.2963392]}, "properties": {"id": 938643339, "amenity_type": "secondary", "amenity": "Osmeña Boulevard", "lgu": "Cebu City"}}, {"type": "Feature", "geometry": {"type": "Point", "coordinates": [123.9015836, 10.2948081]}, "properties": {"id": 938655274, "amenity_type": "secondary", "amenity": "Osmeña Boulevard", "lgu": "Cebu City"}}, {"type": "Feature", "geometry": {"type": "Point", "coordinates": [123.9015549, 10.2948911]}, "properties": {"id": 938655275, "amenity_type": "tertiary", "amenity": "Dionisio Jakosalem Street", "lgu": "Cebu City"}}, {"type": "Feature", "geometry": {"type": "Point", "coordinates": [123.90184, 10.2955053]}, "properties": {"id": 938655276, "amenity_type": "tertiary", "amenity": "Legaspi Street", "lgu": "Cebu City"}}, {"type": "Feature", "geometry": {"type": "Point", "coordinates": [123.9021413, 10.2968596]}, "properties": {"id": 938655278, "amenity_type": "tertiary", "amenity": "Dionisio Jakosalem Street", "lgu": "Cebu City"}}, {"type": "Feature", "geometry": {"type": "Point", "coordinates": [123.9021154, 10.2977972]}, "properties": {"id": 938655279, "amenity_type": "secondary", "amenity": "Colon Street", "lgu": "Cebu City"}}, {"type": "Feature", "geometry": {"type": "Point", "coordinates": [123.902069, 10.2977264]}, "properties": {"id": 938655280, "amenity_type": "tertiary", "amenity": "Dionisio Jakosalem Street", "lgu": "Cebu City"}}, {"type": "Feature", "geometry": {"type": "Point", "coordinates": [123.9000597, 10.3041135]}, "properties": {"id": 938754256, "amenity_type": "tertiary", "amenity": "Dionisio Jakosalem Street", "lgu": "Cebu City"}}, {"type": "Feature", "geometry": {"type": "Point", "coordinates": [123.8998215, 10.3058347]}, "properties": {"id": 938754264, "amenity_type": "tertiary", "amenity": "Dionisio Jakosalem Street", "lgu": "Cebu City"}}, {"type": "Feature", "geometry": {"type": "Point", "coordinates": [123.8997211, 10.3066397]}, "properties": {"id": 938754265, "amenity_type": "tertiary", "amenity": "Dionisio Jakosalem Street", "lgu": "Cebu City"}}, {"type": "Feature", "geometry": {"type": "Point", "coordinates": [123.8996842, 10.3088807]}, "properties": {"id": 938754274, "amenity_type": "tertiary", "amenity": "Dionisio Jakosalem Street", "lgu": "Cebu City"}}, {"type": "Feature", "geometry": {"type": "Point", "coordinates": [123.899782, 10.3111824]}, "properties": {"id": 938754277, "amenity_type": "tertiary", "amenity": "Dionisio Jakosalem Street", "lgu": "Cebu City"}}, {"type": "Feature", "geometry": {"type": "Point", "coordinates": [123.8998041, 10.3113604]}, "properties": {"id": 938754278, "amenity_type": "tertiary", "amenity": "Dionisio Jakosalem Street", "lgu": "Cebu City"}}, {"type": "Feature", "geometry": {"type": "Point", "coordinates": [123.8983295, 10.2962598]}, "properties": {"id": 938767452, "amenity_type": "secondary", "amenity": "Osmeña Boulevard", "lgu": "Cebu City"}}, {"type": "Feature", "geometry": {"type": "Point", "coordinates": [123.8996402, 10.2964343]}, "properties": {"id": 938767454, "amenity_type": "tertiary", "amenity": "Legaspi Street", "lgu": "Cebu City"}}, {"type": "Feature", "geometry": {"type": "Point", "coordinates": [123.9025444, 10.2932698]}, "properties": {"id": 938815168, "amenity_type": "tertiary", "amenity": "P. Burgos Street", "lgu": "Cebu City"}}, {"type": "Feature", "geometry": {"type": "Point", "coordinates": [123.9023682, 10.2929141]}, "properties": {"id": 938815169, "amenity_type": "tertiary", "amenity": "P. Burgos Street", "lgu": "Cebu City"}}, {"type": "Feature", "geometry": {"type": "Point", "coordinates": [123.9000592, 10.2962342]}, "properties": {"id": 939120272, "amenity_type": "tertiary", "amenity": "Legaspi Street", "lgu": "Cebu City"}}, {"type": "Feature", "geometry": {"type": "Point", "coordinates": [123.897745, 10.3027733]}, "properties": {"id": 939125642, "amenity_type": "tertiary", "amenity": "R.R. Landon Street", "lgu": "Cebu City"}}, {"type": "Feature", "geometry": {"type": "Point", "coordinates": [123.8968374, 10.3024697]}, "properties": {"id": 939125644, "amenity_type": "tertiary", "amenity": "R.R. Landon Street", "lgu": "Cebu City"}}, {"type": "Feature", "geometry": {"type": "Point", "coordinates": [123.8986726, 10.2974404]}, "properties": {"id": 939125648, "amenity_type": "tertiary", "amenity": "Pelaez Street", "lgu": "Cebu City"}}, {"type": "Feature", "geometry": {"type": "Point", "coordinates": [123.8999799, 10.3044411]}, "properties": {"id": 939128986, "amenity_type": "tertiary", "amenity": "Dionisio Jakosalem Street", "lgu": "Cebu City"}}, {"type": "Feature", "geometry": {"type": "Point", "coordinates": [123.8965966, 10.3069097]}, "properties": {"id": 939132667, "amenity_type": "tertiary", "amenity": "F. Ramos Street", "lgu": "Cebu City"}}, {"type": "Feature", "geometry": {"type": "Point", "coordinates": [123.8953083, 10.3108067]}, "properties": {"id": 939153204, "amenity_type": "tertiary", "amenity": "Juana Osmeña Street", "lgu": "Cebu City"}}, {"type": "Feature", "geometry": {"type": "Point", "coordinates": [123.8953762, 10.3104485]}, "properties": {"id": 939153205, "amenity_type": "tertiary", "amenity": "Juana Osmeña Street", "lgu": "Cebu City"}}, {"type": "Feature", "geometry": {"type": "Point", "coordinates": [123.8954239, 10.3102346]}, "properties": {"id": 939153208, "amenity_type": "tertiary", "amenity": "Juana Osmeña Street", "lgu": "Cebu City"}}, {"type": "Feature", "geometry": {"type": "Point", "coordinates": [123.894843, 10.310078]}, "properties": {"id": 939153209, "amenity_type": "secondary", "amenity": "General Maxilom Avenue", "lgu": "Cebu City"}}, {"type": "Feature", "geometry": {"type": "Point", "coordinates": [123.8953736, 10.3102584]}, "properties": {"id": 939153210, "amenity_type": "secondary", "amenity": "General Maxilom Avenue", "lgu": "Cebu City"}}, {"type": "Feature", "geometry": {"type": "Point", "coordinates": [123.8949702, 10.3090659]}, "properties": {"id": 939153217, "amenity_type": "tertiary", "amenity": "F. Ramos Street", "lgu": "Cebu City"}}, {"type": "Feature", "geometry": {"type": "Point", "coordinates": [123.894665, 10.3094611]}, "properties": {"id": 939153218, "amenity_type": "tertiary", "amenity": "F. Ramos Street", "lgu": "Cebu City"}}, {"type": "Feature", "geometry": {"type": "Point", "coordinates": [123.9005504, 10.2977715]}, "properties": {"id": 939184388, "amenity_type": "tertiary", "amenity": "Junquera Street", "lgu": "Cebu City"}}, {"type": "Feature", "geometry": {"type": "Point", "coordinates": [123.8998598, 10.2990358]}, "properties": {"id": 939184389, "amenity_type": "tertiary", "amenity": "Junquera Street", "lgu": "Cebu City"}}, {"type": "Feature", "geometry": {"type": "Point", "coordinates": [123.9060522, 10.3063292]}, "properties": {"id": 939187203, "amenity_type": "secondary", "amenity": "M.J. Cuenco Avenue", "lgu": "Cebu City"}}, {"type": "Feature", "geometry": {"type": "Point", "coordinates": [123.9061451, 10.3063826]}, "properties": {"id": 939187204, "amenity_type": "secondary", "amenity": "M.J. Cuenco Avenue", "lgu": "Cebu City"}}, {"type": "Feature", "geometry": {"type": "Point", "coordinates": [123.8920424, 10.3110885]}, "properties": {"id": 939240884, "amenity_type": "tertiary", "amenity": "J. Llorente Street", "lgu": "Cebu City"}}, {"type": "Feature", "geometry": {"type": "Point", "coordinates": [123.8989052, 10.3007251]}, "properties": {"id": 939256235, "amenity_type": "tertiary", "amenity": "Junquera Street", "lgu": "Cebu City"}}, {"type": "Feature", "geometry": {"type": "Point", "coordinates": [123.9258337, 10.3191933]}, "properties": {"id": 939355090, "amenity_type": "secondary", "amenity": "M. Logarta Avenue", "lgu": "Cebu City"}}, {"type": "Feature", "geometry": {"type": "Point", "coordinates": [123.9259524, 10.3195771]}, "properties": {"id": 939355093, "amenity_type": "secondary", "amenity": "M. Logarta Avenue", "lgu": "Cebu City"}}, {"type": "Feature", "geometry": {"type": "Point", "coordinates": [123.9258603, 10.3195926]}, "properties": {"id": 939355094, "amenity_type": "secondary", "amenity": "M. Logarta Avenue", "lgu": "Cebu City"}}, {"type": "Feature", "geometry": {"type": "Point", "coordinates": [123.9259646, 10.3204728]}, "properties": {"id": 939355096, "amenity_type": "secondary", "amenity": "M. Logarta Avenue", "lgu": "Cebu City"}}, {"type": "Feature", "geometry": {"type": "Point", "coordinates": [123.9017984, 10.3149232]}, "properties": {"id": 958104998, "amenity_type": "secondary", "amenity": "Gorordo Avenue", "lgu": "Cebu City"}}, {"type": "Feature", "geometry": {"type": "Point", "coordinates": [123.9015633, 10.3153836]}, "properties": {"id": 958104999, "amenity_type": "secondary", "amenity": "Gorordo Avenue", "lgu": "Cebu City"}}, {"type": "Feature", "geometry": {"type": "Point", "coordinates": [123.8969187, 10.299423]}, "properties": {"id": 959649615, "amenity_type": "secondary", "amenity": "Osmeña Boulevard", "lgu": "Cebu City"}}, {"type": "Feature", "geometry": {"type": "Point", "coordinates": [123.8975549, 10.2999529]}, "properties": {"id": 959649616, "amenity_type": "primary", "amenity": "P. del Rosario Street", "lgu": "Cebu City"}}, {"type": "Feature", "geometry": {"type": "Point", "coordinates": [123.8963691, 10.3010229]}, "properties": {"id": 959659402, "amenity_type": "secondary", "amenity": "Osmeña Boulevard", "lgu": "Cebu City"}}, {"type": "Feature", "geometry": {"type": "Point", "coordinates": [123.8967995, 10.2993884]}, "properties": {"id": 959659403, "amenity_type": "secondary", "amenity": "Osmeña Boulevard", "lgu": "Cebu City"}}, {"type": "Feature", "geometry": {"type": "Point", "coordinates": [123.9005062, 10.3024366]}, "properties": {"id": 959660119, "amenity_type": "tertiary", "amenity": "Dionisio Jakosalem Street", "lgu": "Cebu City"}}, {"type": "Feature", "geometry": {"type": "Point", "coordinates": [123.9017893, 10.301972]}, "properties": {"id": 959660120, "amenity_type": "primary", "amenity": "P. del Rosario Street", "lgu": "Cebu City"}}, {"type": "Feature", "geometry": {"type": "Point", "coordinates": [123.902324, 10.3024356]}, "properties": {"id": 959660608, "amenity_type": "primary", "amenity": "Imus Avenue", "lgu": "Cebu City"}}, {"type": "Feature", "geometry": {"type": "Point", "coordinates": [123.9289717, 10.3164967]}, "properties": {"id": 959692823, "amenity_type": "tertiary", "amenity": "F.F. Cruz Avenue", "lgu": "Cebu City"}}, {"type": "Feature", "geometry": {"type": "Point", "coordinates": [123.9289638, 10.316662]}, "properties": {"id": 959692824, "amenity_type": "trunk", "amenity": "Ouano Avenue", "lgu": "Cebu City"}}, {"type": "Feature", "geometry": {"type": "Point", "coordinates": [123.9297519, 10.3178581]}, "properties": {"id": 959692828, "amenity_type": "trunk", "amenity": "Ouano Avenue", "lgu": "Cebu City"}}, {"type": "Feature", "geometry": {"type": "Point", "coordinates": [123.9068259, 10.3248852]}, "properties": {"id": 959723981, "amenity_type": "secondary", "amenity": "Archbishop Reyes Avenue", "lgu": "Cebu City"}}, {"type": "Feature", "geometry": {"type": "Point", "coordinates": [123.9090647, 10.3233696]}, "properties": {"id": 959723982, "amenity_type": "primary", "amenity": "Pope John Paul Ⅱ Avenue", "lgu": "Cebu City"}}, {"type": "Feature", "geometry": {"type": "Point", "coordinates": [123.9078684, 10.326108]}, "properties": {"id": 959723983, "amenity_type": "secondary", "amenity": "Governor M. Cuenco Avenue", "lgu": "Cebu City"}}, {"type": "Feature", "geometry": {"type": "Point", "coordinates": [123.9092426, 10.3232334]}, "properties": {"id": 959723984, "amenity_type": "primary", "amenity": "Pope John Paul Ⅱ Avenue", "lgu": "Cebu City"}}, {"type": "Feature", "geometry": {"type": "Point", "coordinates": [123.894627, 10.2990632]}, "properties": {"id": 959732972, "amenity_type": "tertiary", "amenity": "J. Alcantara Street", "lgu": "Cebu City"}}, {"type": "Feature", "geometry": {"type": "Point", "coordinates": [123.8958298, 10.2979063]}, "properties": {"id": 959732973, "amenity_type": "tertiary", "amenity": "Leon Kilat Street", "lgu": "Cebu City"}}, {"type": "Feature", "geometry": {"type": "Point", "coordinates": [123.9063029, 10.3168065]}, "properties": {"id": 959735857, "amenity_type": "secondary", "amenity": "Cardinal Rosales Avenue", "lgu": "Cebu City"}}, {"type": "Feature", "geometry": {"type": "Point", "coordinates": [123.8894697, 10.2973026]}, "properties": {"id": 959738497, "amenity_type": "primary", "amenity": "Natalio Bacalso Avenue", "lgu": "Cebu City"}}, {"type": "Feature", "geometry": {"type": "Point", "coordinates": [123.8894221, 10.2974219]}, "properties": {"id": 959738498, "amenity_type": "primary", "amenity": "Natalio Bacalso Avenue", "lgu": "Cebu City"}}, {"type": "Feature", "geometry": {"type": "Point", "coordinates": [123.8891761, 10.2973972]}, "properties": {"id": 959738499, "amenity_type": "primary", "amenity": "Natalio Bacalso Avenue", "lgu": "Cebu City"}}, {"type": "Feature", "geometry": {"type": "Point", "coordinates": [123.8891982, 10.2972728]}, "properties": {"id": 959738500, "amenity_type": "primary", "amenity": "Natalio Bacalso Avenue", "lgu": "Cebu City"}}, {"type": "Feature", "geometry": {"type": "Point", "coordinates": [123.9254077, 10.3118201]}, "properties": {"id": 965861726, "amenity_type": "tertiary", "amenity": "Doctor F.E. Zuellig Avenue", "lgu": "Cebu City"}}, {"type": "Feature", "geometry": {"type": "Point", "coordinates": [123.8732014, 10.3335283]}, "properties": {"id": 977882922, "amenity_type": "tertiary", "amenity": "Sapangdaku Road", "lgu": "Cebu City"}}, {"type": "Feature", "geometry": {"type": "Point", "coordinates": [123.8722446, 10.3352616]}, "properties": {"id": 977882923, "amenity_type": "tertiary", "amenity": "Sapangdaku Road", "lgu": "Cebu City"}}, {"type": "Feature", "geometry": {"type": "Point", "coordinates": [123.9075176, 10.3259377]}, "properties": {"id": 983796020, "amenity_type": "secondary", "amenity": "Governor M. Cuenco Avenue", "lgu": "Cebu City"}}, {"type": "Feature", "geometry": {"type": "Point", "coordinates": [123.907382, 10.3260299]}, "properties": {"id": 983796021, "amenity_type": "primary", "amenity": "Salinas Drive", "lgu": "Cebu City"}}, {"type": "Feature", "geometry": {"type": "Point", "coordinates": [123.9074095, 10.3260579]}, "properties": {"id": 983796022, "amenity_type": "primary", "amenity": "Salinas Drive", "lgu": "Cebu City"}}, {"type": "Feature", "geometry": {"type": "Point", "coordinates": [123.9085922, 10.2955309]}, "properties": {"id": 1012317415, "amenity_type": "tertiary", "amenity": "Unnamed road corridor", "lgu": "Cebu City"}}, {"type": "Feature", "geometry": {"type": "Point", "coordinates": [123.8557665, 10.280861]}, "properties": {"id": 1018779967, "amenity_type": "tertiary", "amenity": "I. Tabura Street", "lgu": "Cebu City"}}, {"type": "Feature", "geometry": {"type": "Point", "coordinates": [123.9260164, 10.3204263]}, "properties": {"id": 1019897600, "amenity_type": "secondary", "amenity": "E.O. Perez Street", "lgu": "Cebu City"}}, {"type": "Feature", "geometry": {"type": "Point", "coordinates": [123.8834218, 10.2818928]}, "properties": {"id": 1024094491, "amenity_type": "trunk", "amenity": "Cebu South Coastal Road", "lgu": "Cebu City"}}, {"type": "Feature", "geometry": {"type": "Point", "coordinates": [123.9242525, 10.3131664]}, "properties": {"id": 1037907541, "amenity_type": "trunk", "amenity": "Ouano Avenue", "lgu": "Cebu City"}}, {"type": "Feature", "geometry": {"type": "Point", "coordinates": [123.9243617, 10.3130209]}, "properties": {"id": 1037907542, "amenity_type": "trunk", "amenity": "Ouano Avenue", "lgu": "Cebu City"}}, {"type": "Feature", "geometry": {"type": "Point", "coordinates": [123.9190947, 10.3089129]}, "properties": {"id": 1044378551, "amenity_type": "trunk", "amenity": "Sergio Osmeña Avenue", "lgu": "Cebu City"}}, {"type": "Feature", "geometry": {"type": "Point", "coordinates": [123.8795896, 10.3072059]}, "properties": {"id": 1059711877, "amenity_type": "tertiary", "amenity": "Dr. Pablo Abella Street", "lgu": "Cebu City"}}, {"type": "Feature", "geometry": {"type": "Point", "coordinates": [123.903989, 10.4070042]}, "properties": {"id": 1059762369, "amenity_type": "tertiary", "amenity": "Barangay Pit os", "lgu": "Cebu City"}}, {"type": "Feature", "geometry": {"type": "Point", "coordinates": [123.8585925, 10.3987026]}, "properties": {"id": 1060254440, "amenity_type": "primary", "amenity": "Cebu-Balamban Transcentral Highway", "lgu": "Cebu City"}}, {"type": "Feature", "geometry": {"type": "Point", "coordinates": [123.8692425, 10.3657166]}, "properties": {"id": 1081702327, "amenity_type": "tertiary", "amenity": "Babag Road", "lgu": "Cebu City"}}, {"type": "Feature", "geometry": {"type": "Point", "coordinates": [123.9084745, 10.3275804]}, "properties": {"id": 1081702345, "amenity_type": "secondary", "amenity": "Governor M. Cuenco Avenue", "lgu": "Cebu City"}}, {"type": "Feature", "geometry": {"type": "Point", "coordinates": [123.8929198, 10.3104374]}, "properties": {"id": 1081706277, "amenity_type": "secondary", "amenity": "Fuente Osmeña Circle", "lgu": "Cebu City"}}, {"type": "Feature", "geometry": {"type": "Point", "coordinates": [123.8934563, 10.3099079]}, "properties": {"id": 1081706278, "amenity_type": "secondary", "amenity": "Fuente Osmeña Circle", "lgu": "Cebu City"}}, {"type": "Feature", "geometry": {"type": "Point", "coordinates": [123.8940853, 10.2945035]}, "properties": {"id": 1081706279, "amenity_type": "secondary", "amenity": "Colon Street", "lgu": "Cebu City"}}, {"type": "Feature", "geometry": {"type": "Point", "coordinates": [123.8942146, 10.2945473]}, "properties": {"id": 1081706280, "amenity_type": "secondary", "amenity": "Colon Street", "lgu": "Cebu City"}}, {"type": "Feature", "geometry": {"type": "Point", "coordinates": [123.8932983, 10.3092436]}, "properties": {"id": 1081706281, "amenity_type": "secondary", "amenity": "Fuente Osmeña Circle", "lgu": "Cebu City"}}, {"type": "Feature", "geometry": {"type": "Point", "coordinates": [123.8973361, 10.2924169]}, "properties": {"id": 1081706282, "amenity_type": "tertiary", "amenity": "Escaño Street", "lgu": "Cebu City"}}, {"type": "Feature", "geometry": {"type": "Point", "coordinates": [123.9084476, 10.3309176]}, "properties": {"id": 1083960758, "amenity_type": "tertiary", "amenity": "Jose Maria Del Mar Avenue", "lgu": "Cebu City"}}, {"type": "Feature", "geometry": {"type": "Point", "coordinates": [123.9084227, 10.3310079]}, "properties": {"id": 1083960759, "amenity_type": "tertiary", "amenity": "I. Villa Street", "lgu": "Cebu City"}}, {"type": "Feature", "geometry": {"type": "Point", "coordinates": [123.9083315, 10.3309887]}, "properties": {"id": 1083960760, "amenity_type": "tertiary", "amenity": "Jose Maria Del Mar Avenue", "lgu": "Cebu City"}}, {"type": "Feature", "geometry": {"type": "Point", "coordinates": [123.9062345, 10.3307662]}, "properties": {"id": 1083961746, "amenity_type": "tertiary", "amenity": "Geonzon Street", "lgu": "Cebu City"}}, {"type": "Feature", "geometry": {"type": "Point", "coordinates": [123.905799, 10.3300587]}, "properties": {"id": 1083961749, "amenity_type": "tertiary", "amenity": "Geonzon Street", "lgu": "Cebu City"}}, {"type": "Feature", "geometry": {"type": "Point", "coordinates": [123.9061175, 10.3305749]}, "properties": {"id": 1083961750, "amenity_type": "tertiary", "amenity": "Geonzon Street", "lgu": "Cebu City"}}, {"type": "Feature", "geometry": {"type": "Point", "coordinates": [123.906514, 10.3310159]}, "properties": {"id": 1083961751, "amenity_type": "tertiary", "amenity": "Geonzon Street", "lgu": "Cebu City"}}, {"type": "Feature", "geometry": {"type": "Point", "coordinates": [123.9062094, 10.330517]}, "properties": {"id": 1083961752, "amenity_type": "tertiary", "amenity": "Geonzon Street", "lgu": "Cebu City"}}, {"type": "Feature", "geometry": {"type": "Point", "coordinates": [123.9057086, 10.3297143]}, "properties": {"id": 1083961753, "amenity_type": "tertiary", "amenity": "Geonzon Street", "lgu": "Cebu City"}}, {"type": "Feature", "geometry": {"type": "Point", "coordinates": [123.9053854, 10.329192]}, "properties": {"id": 1083961755, "amenity_type": "tertiary", "amenity": "Geonzon Street", "lgu": "Cebu City"}}, {"type": "Feature", "geometry": {"type": "Point", "coordinates": [123.9054023, 10.3294172]}, "properties": {"id": 1083961756, "amenity_type": "tertiary", "amenity": "Geonzon Street", "lgu": "Cebu City"}}, {"type": "Feature", "geometry": {"type": "Point", "coordinates": [123.9068814, 10.3316098]}, "properties": {"id": 1083962113, "amenity_type": "tertiary", "amenity": "Geonzon Street", "lgu": "Cebu City"}}, {"type": "Feature", "geometry": {"type": "Point", "coordinates": [123.9069778, 10.3318177]}, "properties": {"id": 1083962114, "amenity_type": "tertiary", "amenity": "Geonzon Street", "lgu": "Cebu City"}}, {"type": "Feature", "geometry": {"type": "Point", "coordinates": [123.9069321, 10.331846]}, "properties": {"id": 1083962115, "amenity_type": "tertiary", "amenity": "Geonzon Street", "lgu": "Cebu City"}}, {"type": "Feature", "geometry": {"type": "Point", "coordinates": [123.907675, 10.3314629]}, "properties": {"id": 1083962116, "amenity_type": "tertiary", "amenity": "I. Villa Street", "lgu": "Cebu City"}}, {"type": "Feature", "geometry": {"type": "Point", "coordinates": [123.9076343, 10.3313435]}, "properties": {"id": 1083962117, "amenity_type": "tertiary", "amenity": "I. Villa Street", "lgu": "Cebu City"}}, {"type": "Feature", "geometry": {"type": "Point", "coordinates": [123.9069244, 10.3317813]}, "properties": {"id": 1083962118, "amenity_type": "tertiary", "amenity": "I. Villa Street", "lgu": "Cebu City"}}, {"type": "Feature", "geometry": {"type": "Point", "coordinates": [123.8830009, 10.3344561]}, "properties": {"id": 1094769555, "amenity_type": "tertiary", "amenity": "Maya", "lgu": "Cebu City"}}, {"type": "Feature", "geometry": {"type": "Point", "coordinates": [123.9088972, 10.3285141]}, "properties": {"id": 1116001384, "amenity_type": "secondary", "amenity": "Governor M. Cuenco Avenue", "lgu": "Cebu City"}}, {"type": "Feature", "geometry": {"type": "Point", "coordinates": [123.9089184, 10.3285617]}, "properties": {"id": 1116001385, "amenity_type": "secondary", "amenity": "Governor M. Cuenco Avenue", "lgu": "Cebu City"}}, {"type": "Feature", "geometry": {"type": "Point", "coordinates": [123.9089645, 10.3286678]}, "properties": {"id": 1116001386, "amenity_type": "secondary", "amenity": "Governor M. Cuenco Avenue", "lgu": "Cebu City"}}, {"type": "Feature", "geometry": {"type": "Point", "coordinates": [123.9088489, 10.3284058]}, "properties": {"id": 1116001387, "amenity_type": "secondary", "amenity": "Governor M. Cuenco Avenue", "lgu": "Cebu City"}}, {"type": "Feature", "geometry": {"type": "Point", "coordinates": [123.9101554, 10.3317283]}, "properties": {"id": 1116002092, "amenity_type": "secondary", "amenity": "Governor M. Cuenco Avenue", "lgu": "Cebu City"}}, {"type": "Feature", "geometry": {"type": "Point", "coordinates": [123.9116131, 10.3400145]}, "properties": {"id": 1116002957, "amenity_type": "tertiary", "amenity": "Camp Lapu-Lapu Road", "lgu": "Cebu City"}}, {"type": "Feature", "geometry": {"type": "Point", "coordinates": [123.9114441, 10.3384635]}, "properties": {"id": 1116002958, "amenity_type": "secondary", "amenity": "Governor M. Cuenco Avenue", "lgu": "Cebu City"}}, {"type": "Feature", "geometry": {"type": "Point", "coordinates": [123.9114115, 10.3400464]}, "properties": {"id": 1116006070, "amenity_type": "tertiary", "amenity": "Camp Lapu-Lapu Road", "lgu": "Cebu City"}}, {"type": "Feature", "geometry": {"type": "Point", "coordinates": [123.9051851, 10.2944292]}, "properties": {"id": 1116014261, "amenity_type": "tertiary", "amenity": "Legaspi Extension", "lgu": "Cebu City"}}, {"type": "Feature", "geometry": {"type": "Point", "coordinates": [123.9060771, 10.2937999]}, "properties": {"id": 1116014262, "amenity_type": "tertiary", "amenity": "Legaspi Extension", "lgu": "Cebu City"}}, {"type": "Feature", "geometry": {"type": "Point", "coordinates": [123.9059622, 10.2938635]}, "properties": {"id": 1116014263, "amenity_type": "tertiary", "amenity": "Legaspi Extension", "lgu": "Cebu City"}}, {"type": "Feature", "geometry": {"type": "Point", "coordinates": [123.9063077, 10.2938412]}, "properties": {"id": 1116014264, "amenity_type": "tertiary", "amenity": "Legaspi Extension", "lgu": "Cebu City"}}, {"type": "Feature", "geometry": {"type": "Point", "coordinates": [123.8719178, 10.2898358]}, "properties": {"id": 1120737938, "amenity_type": "primary", "amenity": "Mambaling Underpass", "lgu": "Cebu City"}}, {"type": "Feature", "geometry": {"type": "Point", "coordinates": [123.87287, 10.2898638]}, "properties": {"id": 1120737939, "amenity_type": "primary", "amenity": "Natalio Bacalso Avenue", "lgu": "Cebu City"}}, {"type": "Feature", "geometry": {"type": "Point", "coordinates": [123.8679843, 10.2892419]}, "properties": {"id": 1120737940, "amenity_type": "primary", "amenity": "Natalio Bacalso Avenue", "lgu": "Cebu City"}}, {"type": "Feature", "geometry": {"type": "Point", "coordinates": [123.8899171, 10.3290068]}, "properties": {"id": 1120879927, "amenity_type": "tertiary", "amenity": "Unnamed road corridor", "lgu": "Cebu City"}}, {"type": "Feature", "geometry": {"type": "Point", "coordinates": [123.8692528, 10.2895299]}, "properties": {"id": 1123834269, "amenity_type": "secondary", "amenity": "Natalio Bacalso Avenue", "lgu": "Cebu City"}}, {"type": "Feature", "geometry": {"type": "Point", "coordinates": [123.8747745, 10.2902606]}, "properties": {"id": 1123834270, "amenity_type": "primary", "amenity": "Natalio Bacalso Avenue", "lgu": "Cebu City"}}, {"type": "Feature", "geometry": {"type": "Point", "coordinates": [123.8733457, 10.2899205]}, "properties": {"id": 1123834271, "amenity_type": "primary", "amenity": "Natalio Bacalso Avenue", "lgu": "Cebu City"}}, {"type": "Feature", "geometry": {"type": "Point", "coordinates": [123.8670416, 10.2889317]}, "properties": {"id": 1123834272, "amenity_type": "primary", "amenity": "Natalio Bacalso Avenue", "lgu": "Cebu City"}}, {"type": "Feature", "geometry": {"type": "Point", "coordinates": [123.9087012, 10.3280737]}, "properties": {"id": 1137515313, "amenity_type": "secondary", "amenity": "Governor M. Cuenco Avenue", "lgu": "Cebu City"}}, {"type": "Feature", "geometry": {"type": "Point", "coordinates": [123.9086621, 10.3279874]}, "properties": {"id": 1137515314, "amenity_type": "secondary", "amenity": "Governor M. Cuenco Avenue", "lgu": "Cebu City"}}, {"type": "Feature", "geometry": {"type": "Point", "coordinates": [123.8939353, 10.3111579]}, "properties": {"id": 1147539540, "amenity_type": "tertiary", "amenity": "J. Llorente Street", "lgu": "Cebu City"}}, {"type": "Feature", "geometry": {"type": "Point", "coordinates": [123.8922709, 10.3150927]}, "properties": {"id": 1147539548, "amenity_type": "tertiary", "amenity": "Don Jose Avila Street", "lgu": "Cebu City"}}, {"type": "Feature", "geometry": {"type": "Point", "coordinates": [123.8980288, 10.3124849]}, "properties": {"id": 1147542483, "amenity_type": "tertiary", "amenity": "Queens' Road", "lgu": "Cebu City"}}, {"type": "Feature", "geometry": {"type": "Point", "coordinates": [123.8980222, 10.3123447]}, "properties": {"id": 1147542484, "amenity_type": "tertiary", "amenity": "Queens' Road", "lgu": "Cebu City"}}, {"type": "Feature", "geometry": {"type": "Point", "coordinates": [123.9209554, 10.3817605]}, "properties": {"id": 1149801471, "amenity_type": "secondary", "amenity": "Miñoza Street", "lgu": "Cebu City"}}, {"type": "Feature", "geometry": {"type": "Point", "coordinates": [123.922548, 10.3115762]}, "properties": {"id": 1149806989, "amenity_type": "trunk", "amenity": "Sergio Osmeña Avenue", "lgu": "Cebu City"}}, {"type": "Feature", "geometry": {"type": "Point", "coordinates": [123.9047508, 10.3141327]}, "properties": {"id": 1152889630, "amenity_type": "secondary", "amenity": "Cardinal Rosales Avenue", "lgu": "Cebu City"}}, {"type": "Feature", "geometry": {"type": "Point", "coordinates": [123.9052432, 10.3148278]}, "properties": {"id": 1152893635, "amenity_type": "secondary", "amenity": "Cardinal Rosales Avenue", "lgu": "Cebu City"}}, {"type": "Feature", "geometry": {"type": "Point", "coordinates": [123.9023131, 10.291696]}, "properties": {"id": 1153119396, "amenity_type": "tertiary", "amenity": "M.L. Quezon Boulevard", "lgu": "Cebu City"}}, {"type": "Feature", "geometry": {"type": "Point", "coordinates": [123.9254437, 10.3182933]}, "properties": {"id": 1154306408, "amenity_type": "secondary", "amenity": "M. Logarta Avenue", "lgu": "Cebu City"}}, {"type": "Feature", "geometry": {"type": "Point", "coordinates": [123.8832268, 10.2815084]}, "properties": {"id": 1155282496, "amenity_type": "trunk", "amenity": "Cebu South Coastal Road", "lgu": "Cebu City"}}, {"type": "Feature", "geometry": {"type": "Point", "coordinates": [123.8834375, 10.2818199]}, "properties": {"id": 1155282497, "amenity_type": "secondary", "amenity": "F. Vestil Street", "lgu": "Cebu City"}}, {"type": "Feature", "geometry": {"type": "Point", "coordinates": [123.8944301, 10.2986]}, "properties": {"id": 1157967297, "amenity_type": "primary", "amenity": "Natalio Bacalso Avenue", "lgu": "Cebu City"}}, {"type": "Feature", "geometry": {"type": "Point", "coordinates": [123.8705832, 10.2897161]}, "properties": {"id": 1157975081, "amenity_type": "secondary", "amenity": "Natalio Bacalso Avenue", "lgu": "Cebu City"}}, {"type": "Feature", "geometry": {"type": "Point", "coordinates": [123.8704259, 10.2897101]}, "properties": {"id": 1157975082, "amenity_type": "secondary", "amenity": "Natalio Bacalso Avenue", "lgu": "Cebu City"}}, {"type": "Feature", "geometry": {"type": "Point", "coordinates": [123.8981667, 10.2963185]}, "properties": {"id": 1158588595, "amenity_type": "tertiary", "amenity": "P. Lopez Street", "lgu": "Cebu City"}}, {"type": "Feature", "geometry": {"type": "Point", "coordinates": [123.9001092, 10.3036833]}, "properties": {"id": 1171880840, "amenity_type": "tertiary", "amenity": "Dionisio Jakosalem Street", "lgu": "Cebu City"}}, {"type": "Feature", "geometry": {"type": "Point", "coordinates": [123.9259325, 10.320048]}, "properties": {"id": 1188547713, "amenity_type": "secondary", "amenity": "M. Logarta Avenue", "lgu": "Cebu City"}}, {"type": "Feature", "geometry": {"type": "Point", "coordinates": [123.9276215, 10.320375]}, "properties": {"id": 1188547714, "amenity_type": "secondary", "amenity": "E.O. Perez Street", "lgu": "Cebu City"}}, {"type": "Feature", "geometry": {"type": "Point", "coordinates": [123.9258928, 10.3211133]}, "properties": {"id": 1188547715, "amenity_type": "secondary", "amenity": "Hernan Cortes Street", "lgu": "Cebu City"}}, {"type": "Feature", "geometry": {"type": "Point", "coordinates": [123.8796765, 10.299372]}, "properties": {"id": 1191533127, "amenity_type": "secondary", "amenity": "Katipunan Street", "lgu": "Cebu City"}}, {"type": "Feature", "geometry": {"type": "Point", "coordinates": [123.8789499, 10.2995505]}, "properties": {"id": 1191533128, "amenity_type": "secondary", "amenity": "Katipunan Street", "lgu": "Cebu City"}}, {"type": "Feature", "geometry": {"type": "Point", "coordinates": [123.8787201, 10.2996064]}, "properties": {"id": 1191533129, "amenity_type": "secondary", "amenity": "Katipunan Street", "lgu": "Cebu City"}}, {"type": "Feature", "geometry": {"type": "Point", "coordinates": [123.8784779, 10.2996648]}, "properties": {"id": 1191533130, "amenity_type": "secondary", "amenity": "Katipunan Street", "lgu": "Cebu City"}}, {"type": "Feature", "geometry": {"type": "Point", "coordinates": [123.8910314, 10.3146623]}, "properties": {"id": 1194903323, "amenity_type": "tertiary", "amenity": "Don Jose Avila Street", "lgu": "Cebu City"}}, {"type": "Feature", "geometry": {"type": "Point", "coordinates": [123.8710042, 10.3243073]}, "properties": {"id": 1206557195, "amenity_type": "tertiary", "amenity": "Unnamed road corridor", "lgu": "Cebu City"}}, {"type": "Feature", "geometry": {"type": "Point", "coordinates": [123.8709403, 10.3243815]}, "properties": {"id": 1206557196, "amenity_type": "tertiary", "amenity": "Unnamed road corridor", "lgu": "Cebu City"}}, {"type": "Feature", "geometry": {"type": "Point", "coordinates": [123.9094242, 10.3332879]}, "properties": {"id": 1207204799, "amenity_type": "tertiary", "amenity": "Jose Maria Del Mar Avenue", "lgu": "Cebu City"}}, {"type": "Feature", "geometry": {"type": "Point", "coordinates": [123.9084639, 10.344828]}, "properties": {"id": 1207348048, "amenity_type": "tertiary", "amenity": "Paseo Saturnino", "lgu": "Cebu City"}}, {"type": "Feature", "geometry": {"type": "Point", "coordinates": [123.8882155, 10.3534104]}, "properties": {"id": 1207348714, "amenity_type": "tertiary", "amenity": "Paseo John-John", "lgu": "Cebu City"}}, {"type": "Feature", "geometry": {"type": "Point", "coordinates": [123.8686471, 10.2965802]}, "properties": {"id": 1216169779, "amenity_type": "tertiary", "amenity": "Buhisan Road", "lgu": "Cebu City"}}, {"type": "Feature", "geometry": {"type": "Point", "coordinates": [123.9073523, 10.3178662]}, "properties": {"id": 1231301645, "amenity_type": "secondary", "amenity": "Cardinal Rosales Avenue", "lgu": "Cebu City"}}, {"type": "Feature", "geometry": {"type": "Point", "coordinates": [123.9074176, 10.317781]}, "properties": {"id": 1231301646, "amenity_type": "secondary", "amenity": "Cardinal Rosales Avenue", "lgu": "Cebu City"}}, {"type": "Feature", "geometry": {"type": "Point", "coordinates": [123.8882416, 10.3534838]}, "properties": {"id": 1231307360, "amenity_type": "tertiary", "amenity": "Paseo John-John", "lgu": "Cebu City"}}, {"type": "Feature", "geometry": {"type": "Point", "coordinates": [123.8881929, 10.3534289]}, "properties": {"id": 1231307361, "amenity_type": "tertiary", "amenity": "Paseo John-John", "lgu": "Cebu City"}}, {"type": "Feature", "geometry": {"type": "Point", "coordinates": [123.891042, 10.3160072]}, "properties": {"id": 1278397431, "amenity_type": "secondary", "amenity": "Osmeña Boulevard", "lgu": "Cebu City"}}, {"type": "Feature", "geometry": {"type": "Point", "coordinates": [123.8911309, 10.3152525]}, "properties": {"id": 1278397432, "amenity_type": "secondary", "amenity": "Osmeña Boulevard", "lgu": "Cebu City"}}, {"type": "Feature", "geometry": {"type": "Point", "coordinates": [123.8592445, 10.3962866]}, "properties": {"id": 1288882074, "amenity_type": "primary", "amenity": "Cebu-Balamban Transcentral Highway", "lgu": "Cebu City"}}, {"type": "Feature", "geometry": {"type": "Point", "coordinates": [123.8586607, 10.3979254]}, "properties": {"id": 1288882075, "amenity_type": "primary", "amenity": "Cebu-Balamban Transcentral Highway", "lgu": "Cebu City"}}, {"type": "Feature", "geometry": {"type": "Point", "coordinates": [123.8589239, 10.3971473]}, "properties": {"id": 1288882077, "amenity_type": "primary", "amenity": "Cebu-Balamban Transcentral Highway", "lgu": "Cebu City"}}, {"type": "Feature", "geometry": {"type": "Point", "coordinates": [123.858694, 10.3983622]}, "properties": {"id": 1288882078, "amenity_type": "primary", "amenity": "Cebu-Balamban Transcentral Highway", "lgu": "Cebu City"}}, {"type": "Feature", "geometry": {"type": "Point", "coordinates": [123.9160497, 10.3124859]}, "properties": {"id": 1289768677, "amenity_type": "primary", "amenity": "Juan Luna Avenue", "lgu": "Cebu City"}}, {"type": "Feature", "geometry": {"type": "Point", "coordinates": [123.9157856, 10.3129499]}, "properties": {"id": 1289768678, "amenity_type": "primary", "amenity": "Juan Luna Avenue", "lgu": "Cebu City"}}, {"type": "Feature", "geometry": {"type": "Point", "coordinates": [123.9206878, 10.3119881]}, "properties": {"id": 1289771412, "amenity_type": "secondary", "amenity": "Kaohsiung Street", "lgu": "Cebu City"}}, {"type": "Feature", "geometry": {"type": "Point", "coordinates": [123.9207995, 10.3118525]}, "properties": {"id": 1289771413, "amenity_type": "secondary", "amenity": "Kaohsiung Street", "lgu": "Cebu City"}}, {"type": "Feature", "geometry": {"type": "Point", "coordinates": [123.9028254, 10.3182015]}, "properties": {"id": 1289772322, "amenity_type": "secondary", "amenity": "Archbishop Reyes Avenue", "lgu": "Cebu City"}}, {"type": "Feature", "geometry": {"type": "Point", "coordinates": [123.9062025, 10.3240521]}, "properties": {"id": 1289776705, "amenity_type": "secondary", "amenity": "Archbishop Reyes Avenue", "lgu": "Cebu City"}}, {"type": "Feature", "geometry": {"type": "Point", "coordinates": [123.9061345, 10.3239491]}, "properties": {"id": 1289776707, "amenity_type": "secondary", "amenity": "Archbishop Reyes Avenue", "lgu": "Cebu City"}}, {"type": "Feature", "geometry": {"type": "Point", "coordinates": [123.9061016, 10.3239029]}, "properties": {"id": 1289776708, "amenity_type": "secondary", "amenity": "Archbishop Reyes Avenue", "lgu": "Cebu City"}}, {"type": "Feature", "geometry": {"type": "Point", "coordinates": [123.9060401, 10.3238098]}, "properties": {"id": 1289776709, "amenity_type": "secondary", "amenity": "Archbishop Reyes Avenue", "lgu": "Cebu City"}}, {"type": "Feature", "geometry": {"type": "Point", "coordinates": [123.91849, 10.3095481]}, "properties": {"id": 1293348466, "amenity_type": "primary", "amenity": "Juan Luna Avenue", "lgu": "Cebu City"}}, {"type": "Feature", "geometry": {"type": "Point", "coordinates": [123.9184547, 10.3097769]}, "properties": {"id": 1293348468, "amenity_type": "primary", "amenity": "Juan Luna Avenue", "lgu": "Cebu City"}}, {"type": "Feature", "geometry": {"type": "Point", "coordinates": [123.9181957, 10.3100797]}, "properties": {"id": 1293348469, "amenity_type": "primary", "amenity": "Juan Luna Avenue", "lgu": "Cebu City"}}, {"type": "Feature", "geometry": {"type": "Point", "coordinates": [123.9187812, 10.3091953]}, "properties": {"id": 1293348470, "amenity_type": "primary", "amenity": "Juan Luna Avenue", "lgu": "Cebu City"}}, {"type": "Feature", "geometry": {"type": "Point", "coordinates": [123.9173966, 10.311034]}, "properties": {"id": 1294663801, "amenity_type": "primary", "amenity": "Juan Luna Avenue", "lgu": "Cebu City"}}, {"type": "Feature", "geometry": {"type": "Point", "coordinates": [123.9171582, 10.311323]}, "properties": {"id": 1294663802, "amenity_type": "primary", "amenity": "Juan Luna Avenue", "lgu": "Cebu City"}}, {"type": "Feature", "geometry": {"type": "Point", "coordinates": [123.9173156, 10.3109688]}, "properties": {"id": 1294663804, "amenity_type": "primary", "amenity": "Juan Luna Avenue", "lgu": "Cebu City"}}, {"type": "Feature", "geometry": {"type": "Point", "coordinates": [123.9174824, 10.3107682]}, "properties": {"id": 1294663806, "amenity_type": "primary", "amenity": "Juan Luna Avenue", "lgu": "Cebu City"}}, {"type": "Feature", "geometry": {"type": "Point", "coordinates": [123.9109143, 10.3057496]}, "properties": {"id": 1294670511, "amenity_type": "secondary", "amenity": "General Maxilom Avenue Extension", "lgu": "Cebu City"}}, {"type": "Feature", "geometry": {"type": "Point", "coordinates": [123.9106906, 10.306182]}, "properties": {"id": 1294670512, "amenity_type": "secondary", "amenity": "General Maxilom Avenue Extension", "lgu": "Cebu City"}}, {"type": "Feature", "geometry": {"type": "Point", "coordinates": [123.9098465, 10.3308378]}, "properties": {"id": 1295515515, "amenity_type": "secondary", "amenity": "Governor M. Cuenco Avenue", "lgu": "Cebu City"}}, {"type": "Feature", "geometry": {"type": "Point", "coordinates": [123.8733399, 10.2899972]}, "properties": {"id": 1296759963, "amenity_type": "primary", "amenity": "Natalio Bacalso Avenue", "lgu": "Cebu City"}}, {"type": "Feature", "geometry": {"type": "Point", "coordinates": [123.8745193, 10.2901258]}, "properties": {"id": 1296759964, "amenity_type": "primary", "amenity": "Natalio Bacalso Avenue", "lgu": "Cebu City"}}, {"type": "Feature", "geometry": {"type": "Point", "coordinates": [123.9018667, 10.3159804]}, "properties": {"id": 1314778622, "amenity_type": "secondary", "amenity": "Archbishop Reyes Avenue", "lgu": "Cebu City"}}, {"type": "Feature", "geometry": {"type": "Point", "coordinates": [123.9012168, 10.2935758]}, "properties": {"id": 1315622544, "amenity_type": "tertiary", "amenity": "Dionisio Jakosalem Street", "lgu": "Cebu City"}}, {"type": "Feature", "geometry": {"type": "Point", "coordinates": [123.9027074, 10.2933173]}, "properties": {"id": 1315622545, "amenity_type": "tertiary", "amenity": "Magallanes Street", "lgu": "Cebu City"}}, {"type": "Feature", "geometry": {"type": "Point", "coordinates": [123.8999914, 10.2930519]}, "properties": {"id": 1315622546, "amenity_type": "tertiary", "amenity": "Lincoln Street", "lgu": "Cebu City"}}, {"type": "Feature", "geometry": {"type": "Point", "coordinates": [123.8995151, 10.2926134]}, "properties": {"id": 1315622547, "amenity_type": "tertiary", "amenity": "Plaridel Street", "lgu": "Cebu City"}}, {"type": "Feature", "geometry": {"type": "Point", "coordinates": [123.8994388, 10.2969746]}, "properties": {"id": 1315622548, "amenity_type": "secondary", "amenity": "Colon Street", "lgu": "Cebu City"}}, {"type": "Feature", "geometry": {"type": "Point", "coordinates": [123.9033456, 10.2990985]}, "properties": {"id": 1315622551, "amenity_type": "secondary", "amenity": "Sikatuna Street", "lgu": "Cebu City"}}, {"type": "Feature", "geometry": {"type": "Point", "coordinates": [123.9032422, 10.299514]}, "properties": {"id": 1315622553, "amenity_type": "secondary", "amenity": "Sikatuna Street", "lgu": "Cebu City"}}, {"type": "Feature", "geometry": {"type": "Point", "coordinates": [123.9038155, 10.2991197]}, "properties": {"id": 1315622554, "amenity_type": "secondary", "amenity": "Mabini Street", "lgu": "Cebu City"}}, {"type": "Feature", "geometry": {"type": "Point", "coordinates": [123.8906478, 10.2999525]}, "properties": {"id": 1315622555, "amenity_type": "tertiary", "amenity": "J. Alcantara Street", "lgu": "Cebu City"}}, {"type": "Feature", "geometry": {"type": "Point", "coordinates": [123.9002221, 10.2914673]}, "properties": {"id": 1315622556, "amenity_type": "tertiary", "amenity": "M.L. Quezon Boulevard", "lgu": "Cebu City"}}, {"type": "Feature", "geometry": {"type": "Point", "coordinates": [123.8977293, 10.2908795]}, "properties": {"id": 1315622559, "amenity_type": "tertiary", "amenity": "M.L. Quezon Boulevard", "lgu": "Cebu City"}}, {"type": "Feature", "geometry": {"type": "Point", "coordinates": [123.8993775, 10.2943092]}, "properties": {"id": 1315622560, "amenity_type": "tertiary", "amenity": "Magallanes Street", "lgu": "Cebu City"}}, {"type": "Feature", "geometry": {"type": "Point", "coordinates": [123.8983433, 10.2933141]}, "properties": {"id": 1315622561, "amenity_type": "tertiary", "amenity": "Lincoln Street", "lgu": "Cebu City"}}, {"type": "Feature", "geometry": {"type": "Point", "coordinates": [123.8989163, 10.2938683]}, "properties": {"id": 1315622562, "amenity_type": "tertiary", "amenity": "Manalili Street", "lgu": "Cebu City"}}, {"type": "Feature", "geometry": {"type": "Point", "coordinates": [123.9091884, 10.40148]}, "properties": {"id": 1316045982, "amenity_type": "tertiary", "amenity": "Pit-os Road", "lgu": "Cebu City"}}, {"type": "Feature", "geometry": {"type": "Point", "coordinates": [123.9055738, 10.3979872]}, "properties": {"id": 1316048002, "amenity_type": "tertiary", "amenity": "Unnamed road corridor", "lgu": "Cebu City"}}, {"type": "Feature", "geometry": {"type": "Point", "coordinates": [123.8706038, 10.3015678]}, "properties": {"id": 1323359152, "amenity_type": "secondary", "amenity": "Katipunan Street", "lgu": "Cebu City"}}, {"type": "Feature", "geometry": {"type": "Point", "coordinates": [123.9044536, 10.316678]}, "properties": {"id": 1324325796, "amenity_type": "tertiary", "amenity": "Luzon Avenue", "lgu": "Cebu City"}}, {"type": "Feature", "geometry": {"type": "Point", "coordinates": [123.9049696, 10.316448]}, "properties": {"id": 1324325797, "amenity_type": "tertiary", "amenity": "Luzon Avenue", "lgu": "Cebu City"}}, {"type": "Feature", "geometry": {"type": "Point", "coordinates": [123.890402, 10.3104974]}, "properties": {"id": 1324328418, "amenity_type": "tertiary", "amenity": "J. Llorente Street", "lgu": "Cebu City"}}, {"type": "Feature", "geometry": {"type": "Point", "coordinates": [123.9102817, 10.2976444]}, "properties": {"id": 1324613693, "amenity_type": "tertiary", "amenity": "V. Sotto Street", "lgu": "Cebu City"}}, {"type": "Feature", "geometry": {"type": "Point", "coordinates": [123.9089155, 10.2953512]}, "properties": {"id": 1324613701, "amenity_type": "tertiary", "amenity": "Unnamed road corridor", "lgu": "Cebu City"}}, {"type": "Feature", "geometry": {"type": "Point", "coordinates": [123.9076378, 10.2929738]}, "properties": {"id": 1324613705, "amenity_type": "tertiary", "amenity": "Legaspi Extension", "lgu": "Cebu City"}}, {"type": "Feature", "geometry": {"type": "Point", "coordinates": [123.9102015, 10.3321209]}, "properties": {"id": 1324625806, "amenity_type": "tertiary", "amenity": "Road 15", "lgu": "Cebu City"}}, {"type": "Feature", "geometry": {"type": "Point", "coordinates": [123.9093874, 10.3324776]}, "properties": {"id": 1324625807, "amenity_type": "tertiary", "amenity": "Road 15", "lgu": "Cebu City"}}, {"type": "Feature", "geometry": {"type": "Point", "coordinates": [123.8794874, 10.2927376]}, "properties": {"id": 1324631405, "amenity_type": "primary", "amenity": "Natalio Bacalso Avenue", "lgu": "Cebu City"}}, {"type": "Feature", "geometry": {"type": "Point", "coordinates": [123.8809774, 10.2938557]}, "properties": {"id": 1324631406, "amenity_type": "primary", "amenity": "Natalio Bacalso Avenue", "lgu": "Cebu City"}}, {"type": "Feature", "geometry": {"type": "Point", "coordinates": [123.8974772, 10.3124745]}, "properties": {"id": 1324664831, "amenity_type": "tertiary", "amenity": "Queens' Road", "lgu": "Cebu City"}}, {"type": "Feature", "geometry": {"type": "Point", "coordinates": [123.9291439, 10.3200309]}, "properties": {"id": 1324934665, "amenity_type": "tertiary", "amenity": "F.F. Cruz Avenue", "lgu": "Cebu City"}}, {"type": "Feature", "geometry": {"type": "Point", "coordinates": [123.8739504, 10.2901083]}, "properties": {"id": 1324940094, "amenity_type": "primary", "amenity": "Natalio Bacalso Avenue", "lgu": "Cebu City"}}, {"type": "Feature", "geometry": {"type": "Point", "coordinates": [123.8961613, 10.3105281]}, "properties": {"id": 1324967239, "amenity_type": "secondary", "amenity": "General Maxilom Avenue", "lgu": "Cebu City"}}, {"type": "Feature", "geometry": {"type": "Point", "coordinates": [123.8980373, 10.3110288]}, "properties": {"id": 1324967987, "amenity_type": "secondary", "amenity": "General Maxilom Avenue", "lgu": "Cebu City"}}, {"type": "Feature", "geometry": {"type": "Point", "coordinates": [123.9241951, 10.3228084]}, "properties": {"id": 1326430767, "amenity_type": "primary", "amenity": "Lopez Jaena Street", "lgu": "Cebu City"}}, {"type": "Feature", "geometry": {"type": "Point", "coordinates": [123.9252125, 10.3176583]}, "properties": {"id": 1326431315, "amenity_type": "secondary", "amenity": "M. Logarta Avenue", "lgu": "Cebu City"}}, {"type": "Feature", "geometry": {"type": "Point", "coordinates": [123.9237346, 10.3151237]}, "properties": {"id": 1326435165, "amenity_type": "secondary", "amenity": "M. Logarta Avenue", "lgu": "Cebu City"}}, {"type": "Feature", "geometry": {"type": "Point", "coordinates": [123.9231822, 10.3144433]}, "properties": {"id": 1326435166, "amenity_type": "secondary", "amenity": "M. Logarta Avenue", "lgu": "Cebu City"}}, {"type": "Feature", "geometry": {"type": "Point", "coordinates": [123.9215891, 10.3282039]}, "properties": {"id": 1326436016, "amenity_type": "secondary", "amenity": "Hernan Cortes Street", "lgu": "Cebu City"}}, {"type": "Feature", "geometry": {"type": "Point", "coordinates": [123.9213611, 10.3286523]}, "properties": {"id": 1326436017, "amenity_type": "secondary", "amenity": "Hernan Cortes Street", "lgu": "Cebu City"}}, {"type": "Feature", "geometry": {"type": "Point", "coordinates": [123.8981304, 10.2909569]}, "properties": {"id": 1326436694, "amenity_type": "tertiary", "amenity": "M.L. Quezon Boulevard", "lgu": "Cebu City"}}, {"type": "Feature", "geometry": {"type": "Point", "coordinates": [123.9100936, 10.3315226]}, "properties": {"id": 1326457295, "amenity_type": "secondary", "amenity": "Governor M. Cuenco Avenue", "lgu": "Cebu City"}}, {"type": "Feature", "geometry": {"type": "Point", "coordinates": [123.9174679, 10.310948]}, "properties": {"id": 1327156764, "amenity_type": "primary", "amenity": "Juan Luna Avenue", "lgu": "Cebu City"}}, {"type": "Feature", "geometry": {"type": "Point", "coordinates": [123.9176595, 10.3107167]}, "properties": {"id": 1327156765, "amenity_type": "primary", "amenity": "Juan Luna Avenue", "lgu": "Cebu City"}}, {"type": "Feature", "geometry": {"type": "Point", "coordinates": [123.8841302, 10.3216779]}, "properties": {"id": 1327160150, "amenity_type": "secondary", "amenity": "Vicente Rama Avenue", "lgu": "Cebu City"}}, {"type": "Feature", "geometry": {"type": "Point", "coordinates": [123.8845654, 10.3196303]}, "properties": {"id": 1327160151, "amenity_type": "secondary", "amenity": "Vicente Rama Avenue", "lgu": "Cebu City"}}, {"type": "Feature", "geometry": {"type": "Point", "coordinates": [123.9257941, 10.3211114]}, "properties": {"id": 1327163666, "amenity_type": "secondary", "amenity": "Hernan Cortes Street", "lgu": "Cebu City"}}, {"type": "Feature", "geometry": {"type": "Point", "coordinates": [123.9019284, 10.3028409]}, "properties": {"id": 1327164914, "amenity_type": "tertiary", "amenity": "Sikatuna Street", "lgu": "Cebu City"}}, {"type": "Feature", "geometry": {"type": "Point", "coordinates": [123.9016159, 10.3045567]}, "properties": {"id": 1327164915, "amenity_type": "tertiary", "amenity": "Sikatuna Street", "lgu": "Cebu City"}}, {"type": "Feature", "geometry": {"type": "Point", "coordinates": [123.9086884, 10.3315617]}, "properties": {"id": 1327166927, "amenity_type": "tertiary", "amenity": "Jose Maria Del Mar Avenue", "lgu": "Cebu City"}}, {"type": "Feature", "geometry": {"type": "Point", "coordinates": [123.9092602, 10.3328774]}, "properties": {"id": 1327166928, "amenity_type": "tertiary", "amenity": "Jose Maria Del Mar Avenue", "lgu": "Cebu City"}}, {"type": "Feature", "geometry": {"type": "Point", "coordinates": [123.8917546, 10.3149137]}, "properties": {"id": 1327176566, "amenity_type": "tertiary", "amenity": "Don Jose Avila Street", "lgu": "Cebu City"}}, {"type": "Feature", "geometry": {"type": "Point", "coordinates": [123.8850683, 10.3185444]}, "properties": {"id": 1328724326, "amenity_type": "tertiary", "amenity": "L. Bacayo Street", "lgu": "Cebu City"}}, {"type": "Feature", "geometry": {"type": "Point", "coordinates": [123.8848041, 10.3185056]}, "properties": {"id": 1328724327, "amenity_type": "secondary", "amenity": "Vicente Rama Avenue", "lgu": "Cebu City"}}, {"type": "Feature", "geometry": {"type": "Point", "coordinates": [123.9108782, 10.3206602]}, "properties": {"id": 1328738101, "amenity_type": "secondary", "amenity": "F. Cabahug Street", "lgu": "Cebu City"}}, {"type": "Feature", "geometry": {"type": "Point", "coordinates": [123.9107585, 10.3206761]}, "properties": {"id": 1328738102, "amenity_type": "secondary", "amenity": "Cardinal Rosales Avenue", "lgu": "Cebu City"}}, {"type": "Feature", "geometry": {"type": "Point", "coordinates": [123.9108171, 10.3206522]}, "properties": {"id": 1328738103, "amenity_type": "primary", "amenity": "Pope John Paul Ⅱ Avenue", "lgu": "Cebu City"}}, {"type": "Feature", "geometry": {"type": "Point", "coordinates": [123.8866835, 10.3073579]}, "properties": {"id": 1330087773, "amenity_type": "secondary", "amenity": "Vicente Rama Avenue", "lgu": "Cebu City"}}, {"type": "Feature", "geometry": {"type": "Point", "coordinates": [123.9054316, 10.3163289]}, "properties": {"id": 1330579436, "amenity_type": "tertiary", "amenity": "Luzon Avenue", "lgu": "Cebu City"}}, {"type": "Feature", "geometry": {"type": "Point", "coordinates": [123.9040503, 10.316915]}, "properties": {"id": 1330579437, "amenity_type": "tertiary", "amenity": "Luzon Avenue", "lgu": "Cebu City"}}, {"type": "Feature", "geometry": {"type": "Point", "coordinates": [123.8762184, 10.3074927]}, "properties": {"id": 1332404566, "amenity_type": "secondary", "amenity": "Ramon Duterte Street", "lgu": "Cebu City"}}, {"type": "Feature", "geometry": {"type": "Point", "coordinates": [123.9045584, 10.3142189]}, "properties": {"id": 1337679204, "amenity_type": "secondary", "amenity": "Cardinal Rosales Avenue", "lgu": "Cebu City"}}, {"type": "Feature", "geometry": {"type": "Point", "coordinates": [123.9036907, 10.3138114]}, "properties": {"id": 1337679205, "amenity_type": "secondary", "amenity": "Cardinal Rosales Avenue", "lgu": "Cebu City"}}, {"type": "Feature", "geometry": {"type": "Point", "coordinates": [123.9228984, 10.3995379]}, "properties": {"id": 1337680661, "amenity_type": "tertiary", "amenity": "Unnamed road corridor", "lgu": "Cebu City"}}, {"type": "Feature", "geometry": {"type": "Point", "coordinates": [123.8918307, 10.3773888]}, "properties": {"id": 1337681081, "amenity_type": "tertiary", "amenity": "Budlaan Road", "lgu": "Cebu City"}}, {"type": "Feature", "geometry": {"type": "Point", "coordinates": [123.8756848, 10.3419973]}, "properties": {"id": 1337942772, "amenity_type": "tertiary", "amenity": "Unnamed road corridor", "lgu": "Cebu City"}}, {"type": "Feature", "geometry": {"type": "Point", "coordinates": [123.8821525, 10.3082346]}, "properties": {"id": 1338599968, "amenity_type": "tertiary", "amenity": "I. Limkakeng Street", "lgu": "Cebu City"}}, {"type": "Feature", "geometry": {"type": "Point", "coordinates": [123.8522016, 10.3756652]}, "properties": {"id": 1339486039, "amenity_type": "primary", "amenity": "Cebu-Balamban Transcentral Highway", "lgu": "Cebu City"}}, {"type": "Feature", "geometry": {"type": "Point", "coordinates": [123.9231484, 10.3400376]}, "properties": {"id": 1339704931, "amenity_type": "secondary", "amenity": "A. S. Fortuna Street", "lgu": "Cebu City"}}, {"type": "Feature", "geometry": {"type": "Point", "coordinates": [123.9247347, 10.3396083]}, "properties": {"id": 1339704933, "amenity_type": "secondary", "amenity": "Hernan Cortes Street", "lgu": "Cebu City"}}, {"type": "Feature", "geometry": {"type": "Point", "coordinates": [123.882015, 10.3738705]}, "properties": {"id": 1339810887, "amenity_type": "tertiary", "amenity": "Busay-Budlaan Road", "lgu": "Cebu City"}}, {"type": "Feature", "geometry": {"type": "Point", "coordinates": [123.8824368, 10.3749843]}, "properties": {"id": 1339810888, "amenity_type": "tertiary", "amenity": "Busay-Budlaan Road", "lgu": "Cebu City"}}, {"type": "Feature", "geometry": {"type": "Point", "coordinates": [123.9246892, 10.3394546]}, "properties": {"id": 1339870354, "amenity_type": "secondary", "amenity": "Hernan Cortes Street", "lgu": "Cebu City"}}, {"type": "Feature", "geometry": {"type": "Point", "coordinates": [123.9245074, 10.3506349]}, "properties": {"id": 1339871060, "amenity_type": "secondary", "amenity": "Manuel L. Quezon Avenue", "lgu": "Cebu City"}}, {"type": "Feature", "geometry": {"type": "Point", "coordinates": [123.9253892, 10.3495707]}, "properties": {"id": 1339871061, "amenity_type": "secondary", "amenity": "Manuel L. Quezon Avenue", "lgu": "Cebu City"}}, {"type": "Feature", "geometry": {"type": "Point", "coordinates": [123.8924029, 10.3237084]}, "properties": {"id": 1340075106, "amenity_type": "tertiary", "amenity": "Friendship Street", "lgu": "Cebu City"}}, {"type": "Feature", "geometry": {"type": "Point", "coordinates": [123.9091677, 10.3112275]}, "properties": {"id": 1340215890, "amenity_type": "primary", "amenity": "M.J. Cuenco Avenue", "lgu": "Cebu City"}}, {"type": "Feature", "geometry": {"type": "Point", "coordinates": [123.9095988, 10.3116277]}, "properties": {"id": 1340215891, "amenity_type": "primary", "amenity": "M.J. Cuenco Avenue", "lgu": "Cebu City"}}, {"type": "Feature", "geometry": {"type": "Point", "coordinates": [123.9092808, 10.3113393]}, "properties": {"id": 1340215892, "amenity_type": "primary", "amenity": "M.J. Cuenco Avenue", "lgu": "Cebu City"}}, {"type": "Feature", "geometry": {"type": "Point", "coordinates": [123.8997187, 10.2956277]}, "properties": {"id": 1340220476, "amenity_type": "secondary", "amenity": "Osmeña Boulevard", "lgu": "Cebu City"}}, {"type": "Feature", "geometry": {"type": "Point", "coordinates": [123.8976611, 10.3298625]}, "properties": {"id": 1340480916, "amenity_type": "secondary", "amenity": "Gorordo Avenue", "lgu": "Cebu City"}}, {"type": "Feature", "geometry": {"type": "Point", "coordinates": [123.9032466, 10.2928309]}, "properties": {"id": 1340725656, "amenity_type": "tertiary", "amenity": "Lapu-Lapu Street", "lgu": "Cebu City"}}, {"type": "Feature", "geometry": {"type": "Point", "coordinates": [123.9030851, 10.2931734]}, "properties": {"id": 1340725657, "amenity_type": "tertiary", "amenity": "Magallanes Street", "lgu": "Cebu City"}}, {"type": "Feature", "geometry": {"type": "Point", "coordinates": [123.9030848, 10.2924596]}, "properties": {"id": 1340725658, "amenity_type": "tertiary", "amenity": "Lapu-Lapu Street", "lgu": "Cebu City"}}, {"type": "Feature", "geometry": {"type": "Point", "coordinates": [123.9166933, 10.3127362]}, "properties": {"id": 1341242381, "amenity_type": "secondary", "amenity": "A. Soriano Jr. Avenue", "lgu": "Cebu City"}}, {"type": "Feature", "geometry": {"type": "Point", "coordinates": [123.9026529, 10.3178362]}, "properties": {"id": 1342388895, "amenity_type": "secondary", "amenity": "Archbishop Reyes Avenue", "lgu": "Cebu City"}}, {"type": "Feature", "geometry": {"type": "Point", "coordinates": [123.9039794, 10.3047432]}, "properties": {"id": 1342640691, "amenity_type": "primary", "amenity": "Imus Avenue", "lgu": "Cebu City"}}, {"type": "Feature", "geometry": {"type": "Point", "coordinates": [123.90454, 10.3055144]}, "properties": {"id": 1342640692, "amenity_type": "primary", "amenity": "Imus Avenue", "lgu": "Cebu City"}}, {"type": "Feature", "geometry": {"type": "Point", "coordinates": [123.9048655, 10.3056912]}, "properties": {"id": 1342640693, "amenity_type": "primary", "amenity": "Imus Avenue", "lgu": "Cebu City"}}, {"type": "Feature", "geometry": {"type": "Point", "coordinates": [123.9065143, 10.3023562]}, "properties": {"id": 1342640698, "amenity_type": "secondary", "amenity": "M.J. Cuenco Avenue", "lgu": "Cebu City"}}, {"type": "Feature", "geometry": {"type": "Point", "coordinates": [123.9061334, 10.3052948]}, "properties": {"id": 1342640699, "amenity_type": "secondary", "amenity": "M.J. Cuenco Avenue", "lgu": "Cebu City"}}, {"type": "Feature", "geometry": {"type": "Point", "coordinates": [123.911492, 10.3387575]}, "properties": {"id": 1343633815, "amenity_type": "secondary", "amenity": "Governor M. Cuenco Avenue", "lgu": "Cebu City"}}, {"type": "Feature", "geometry": {"type": "Point", "coordinates": [123.9016613, 10.3154078]}, "properties": {"id": 1343976794, "amenity_type": "secondary", "amenity": "Archbishop Reyes Avenue", "lgu": "Cebu City"}}, {"type": "Feature", "geometry": {"type": "Point", "coordinates": [123.9046432, 10.3165411]}, "properties": {"id": 1344931809, "amenity_type": "tertiary", "amenity": "Luzon Avenue", "lgu": "Cebu City"}}, {"type": "Feature", "geometry": {"type": "Point", "coordinates": [123.9035978, 10.3172522]}, "properties": {"id": 1344931810, "amenity_type": "tertiary", "amenity": "Luzon Avenue", "lgu": "Cebu City"}}, {"type": "Feature", "geometry": {"type": "Point", "coordinates": [123.8651047, 10.2882788]}, "properties": {"id": 1350833721, "amenity_type": "primary", "amenity": "Natalio Bacalso Avenue", "lgu": "Cebu City"}}, {"type": "Feature", "geometry": {"type": "Point", "coordinates": [123.8676009, 10.2890751]}, "properties": {"id": 1350833723, "amenity_type": "primary", "amenity": "Natalio Bacalso Avenue", "lgu": "Cebu City"}}, {"type": "Feature", "geometry": {"type": "Point", "coordinates": [123.8807207, 10.2845334]}, "properties": {"id": 1351753131, "amenity_type": "secondary", "amenity": "F. Vestil Street", "lgu": "Cebu City"}}, {"type": "Feature", "geometry": {"type": "Point", "coordinates": [123.8810586, 10.2841499]}, "properties": {"id": 1351753132, "amenity_type": "secondary", "amenity": "F. Vestil Street", "lgu": "Cebu City"}}, {"type": "Feature", "geometry": {"type": "Point", "coordinates": [123.9084583, 10.3447916]}, "properties": {"id": 1356842496, "amenity_type": "tertiary", "amenity": "Paseo Saturnino", "lgu": "Cebu City"}}, {"type": "Feature", "geometry": {"type": "Point", "coordinates": [123.9086085, 10.3447793]}, "properties": {"id": 1356842498, "amenity_type": "tertiary", "amenity": "Paseo Saturnino", "lgu": "Cebu City"}}, {"type": "Feature", "geometry": {"type": "Point", "coordinates": [123.9078674, 10.3184116]}, "properties": {"id": 1356860342, "amenity_type": "secondary", "amenity": "Cardinal Rosales Avenue", "lgu": "Cebu City"}}, {"type": "Feature", "geometry": {"type": "Point", "coordinates": [123.9008448, 10.2951576]}, "properties": {"id": 1357704058, "amenity_type": "secondary", "amenity": "Osmeña Boulevard", "lgu": "Cebu City"}}, {"type": "Feature", "geometry": {"type": "Point", "coordinates": [123.9142971, 10.3190583]}, "properties": {"id": 1357709155, "amenity_type": "tertiary", "amenity": "S. Cabahug Street", "lgu": "Cebu City"}}, {"type": "Feature", "geometry": {"type": "Point", "coordinates": [123.8976824, 10.3123634]}, "properties": {"id": 1360860440, "amenity_type": "tertiary", "amenity": "Queens' Road", "lgu": "Cebu City"}}, {"type": "Feature", "geometry": {"type": "Point", "coordinates": [123.9111567, 10.3368114]}, "properties": {"id": 1363019683, "amenity_type": "secondary", "amenity": "Governor M. Cuenco Avenue", "lgu": "Cebu City"}}, {"type": "Feature", "geometry": {"type": "Point", "coordinates": [123.9114121, 10.3382668]}, "properties": {"id": 1363019684, "amenity_type": "secondary", "amenity": "Governor M. Cuenco Avenue", "lgu": "Cebu City"}}, {"type": "Feature", "geometry": {"type": "Point", "coordinates": [123.9122946, 10.3434392]}, "properties": {"id": 1363722319, "amenity_type": "tertiary", "amenity": "Paseo Saturnino", "lgu": "Cebu City"}}, {"type": "Feature", "geometry": {"type": "Point", "coordinates": [123.9123427, 10.3433531]}, "properties": {"id": 1363722320, "amenity_type": "secondary", "amenity": "Governor M. Cuenco Avenue", "lgu": "Cebu City"}}, {"type": "Feature", "geometry": {"type": "Point", "coordinates": [123.912319, 10.343572]}, "properties": {"id": 1363722321, "amenity_type": "secondary", "amenity": "A. S. Fortuna Street", "lgu": "Cebu City"}}, {"type": "Feature", "geometry": {"type": "Point", "coordinates": [123.9122427, 10.3435158]}, "properties": {"id": 1363725523, "amenity_type": "secondary", "amenity": "Governor M. Cuenco Avenue", "lgu": "Cebu City"}}, {"type": "Feature", "geometry": {"type": "Point", "coordinates": [123.9123709, 10.3434955]}, "properties": {"id": 1363725524, "amenity_type": "secondary", "amenity": "Governor M. Cuenco Avenue", "lgu": "Cebu City"}}, {"type": "Feature", "geometry": {"type": "Point", "coordinates": [123.9291009, 10.3201074]}, "properties": {"id": 1364960732, "amenity_type": "secondary", "amenity": "E.O. Perez Street", "lgu": "Cebu City"}}, {"type": "Feature", "geometry": {"type": "Point", "coordinates": [123.8978255, 10.3304234]}, "properties": {"id": 1364965110, "amenity_type": "secondary", "amenity": "Gorordo Avenue", "lgu": "Cebu City"}}, {"type": "Feature", "geometry": {"type": "Point", "coordinates": [123.8980208, 10.3309803]}, "properties": {"id": 1364965112, "amenity_type": "secondary", "amenity": "Gorordo Avenue", "lgu": "Cebu City"}}, {"type": "Feature", "geometry": {"type": "Point", "coordinates": [123.9234426, 10.3243674]}, "properties": {"id": 1369016661, "amenity_type": "secondary", "amenity": "Hernan Cortes Street", "lgu": "Cebu City"}}, {"type": "Feature", "geometry": {"type": "Point", "coordinates": [123.8897674, 10.3170273]}, "properties": {"id": 1376043371, "amenity_type": "secondary", "amenity": "G. Garcia Street", "lgu": "Cebu City"}}, {"type": "Feature", "geometry": {"type": "Point", "coordinates": [123.8904922, 10.3152609]}, "properties": {"id": 1376043372, "amenity_type": "tertiary", "amenity": "Don Gil Garcia Street", "lgu": "Cebu City"}}, {"type": "Feature", "geometry": {"type": "Point", "coordinates": [123.9078168, 10.3356244]}, "properties": {"id": 1376054095, "amenity_type": "tertiary", "amenity": "San Miguel Road", "lgu": "Cebu City"}}, {"type": "Feature", "geometry": {"type": "Point", "coordinates": [123.9066954, 10.3324627]}, "properties": {"id": 1376054096, "amenity_type": "tertiary", "amenity": "San Miguel Road", "lgu": "Cebu City"}}, {"type": "Feature", "geometry": {"type": "Point", "coordinates": [123.9058836, 10.3368874]}, "properties": {"id": 1376054097, "amenity_type": "tertiary", "amenity": "Omega Street", "lgu": "Cebu City"}}, {"type": "Feature", "geometry": {"type": "Point", "coordinates": [123.9123202, 10.3432309]}, "properties": {"id": 1379560692, "amenity_type": "secondary", "amenity": "Governor M. Cuenco Avenue", "lgu": "Cebu City"}}, {"type": "Feature", "geometry": {"type": "Point", "coordinates": [123.9103342, 10.3441202]}, "properties": {"id": 1379560693, "amenity_type": "tertiary", "amenity": "Paseo Saturnino", "lgu": "Cebu City"}}, {"type": "Feature", "geometry": {"type": "Point", "coordinates": [123.858964, 10.3973928]}, "properties": {"id": 1380178750, "amenity_type": "primary", "amenity": "Cebu-Balamban Transcentral Highway", "lgu": "Cebu City"}}, {"type": "Feature", "geometry": {"type": "Point", "coordinates": [123.8800266, 10.3310288]}, "properties": {"id": 1382204832, "amenity_type": "secondary", "amenity": "J. Labra Street", "lgu": "Cebu City"}}, {"type": "Feature", "geometry": {"type": "Point", "coordinates": [123.9082505, 10.3270143]}, "properties": {"id": 1414559432, "amenity_type": "secondary", "amenity": "Governor M. Cuenco Avenue", "lgu": "Cebu City"}}, {"type": "Feature", "geometry": {"type": "Point", "coordinates": [123.907655, 10.3260798]}, "properties": {"id": 1414559433, "amenity_type": "secondary", "amenity": "Governor M. Cuenco Avenue", "lgu": "Cebu City"}}, {"type": "Feature", "geometry": {"type": "Point", "coordinates": [123.8782183, 10.410916]}, "properties": {"id": 1414575016, "amenity_type": "tertiary", "amenity": "Unnamed road corridor", "lgu": "Cebu City"}}, {"type": "Feature", "geometry": {"type": "Point", "coordinates": [123.8788239, 10.4121819]}, "properties": {"id": 1414575017, "amenity_type": "tertiary", "amenity": "Unnamed road corridor", "lgu": "Cebu City"}}, {"type": "Feature", "geometry": {"type": "Point", "coordinates": [123.905786, 10.3160456]}, "properties": {"id": 1415121452, "amenity_type": "secondary", "amenity": "Cardinal Rosales Avenue", "lgu": "Cebu City"}}, {"type": "Feature", "geometry": {"type": "Point", "coordinates": [123.906234, 10.3160121]}, "properties": {"id": 1415121453, "amenity_type": "tertiary", "amenity": "Samar Loop", "lgu": "Cebu City"}}, {"type": "Feature", "geometry": {"type": "Point", "coordinates": [123.9056082, 10.3158436]}, "properties": {"id": 1415121454, "amenity_type": "secondary", "amenity": "Cardinal Rosales Avenue", "lgu": "Cebu City"}}, {"type": "Feature", "geometry": {"type": "Point", "coordinates": [123.9059417, 10.3161995]}, "properties": {"id": 1415121455, "amenity_type": "tertiary", "amenity": "Samar Loop", "lgu": "Cebu City"}}, {"type": "Feature", "geometry": {"type": "Point", "coordinates": [123.9064069, 10.3168183]}, "properties": {"id": 1415121456, "amenity_type": "secondary", "amenity": "Cardinal Rosales Avenue", "lgu": "Cebu City"}}, {"type": "Feature", "geometry": {"type": "Point", "coordinates": [123.8525492, 10.3751664]}, "properties": {"id": 1417459250, "amenity_type": "primary", "amenity": "Cebu-Balamban Transcentral Highway", "lgu": "Cebu City"}}, {"type": "Feature", "geometry": {"type": "Point", "coordinates": [123.8522642, 10.3753623]}, "properties": {"id": 1417459251, "amenity_type": "primary", "amenity": "Cebu-Balamban Transcentral Highway", "lgu": "Cebu City"}}, {"type": "Feature", "geometry": {"type": "Point", "coordinates": [123.8734363, 10.292598]}, "properties": {"id": 1417987479, "amenity_type": "tertiary", "amenity": "Gabriel Elorde Street", "lgu": "Cebu City"}}, {"type": "Feature", "geometry": {"type": "Point", "coordinates": [123.8908379, 10.3086037]}, "properties": {"id": 1418239202, "amenity_type": "tertiary", "amenity": "C. Rodriguez Street", "lgu": "Cebu City"}}, {"type": "Feature", "geometry": {"type": "Point", "coordinates": [123.8919054, 10.298118]}, "properties": {"id": 1418577444, "amenity_type": "primary", "amenity": "Natalio Bacalso Avenue", "lgu": "Cebu City"}}, {"type": "Feature", "geometry": {"type": "Point", "coordinates": [123.8906206, 10.2948491]}, "properties": {"id": 1418601739, "amenity_type": "tertiary", "amenity": "T. Abella Street", "lgu": "Cebu City"}}, {"type": "Feature", "geometry": {"type": "Point", "coordinates": [123.9040493, 10.3106474]}, "properties": {"id": 1419097569, "amenity_type": "secondary", "amenity": "General Maxilom Avenue", "lgu": "Cebu City"}}, {"type": "Feature", "geometry": {"type": "Point", "coordinates": [123.9039444, 10.3107494]}, "properties": {"id": 1419097570, "amenity_type": "secondary", "amenity": "Gorordo Avenue", "lgu": "Cebu City"}}, {"type": "Feature", "geometry": {"type": "Point", "coordinates": [123.9191085, 10.3185758]}, "properties": {"id": 1420105703, "amenity_type": "primary", "amenity": "Lopez Jaena Street", "lgu": "Cebu City"}}, {"type": "Feature", "geometry": {"type": "Point", "coordinates": [123.9213116, 10.3202551]}, "properties": {"id": 1420106478, "amenity_type": "secondary", "amenity": "Gatewalk Drive", "lgu": "Cebu City"}}, {"type": "Feature", "geometry": {"type": "Point", "coordinates": [123.9293019, 10.3159011]}, "properties": {"id": 1420296356, "amenity_type": "tertiary", "amenity": "F.F. Cruz Avenue", "lgu": "Cebu City"}}, {"type": "Feature", "geometry": {"type": "Point", "coordinates": [123.8974705, 10.2977468]}, "properties": {"id": 1420660183, "amenity_type": "tertiary", "amenity": "Sanciangko Street", "lgu": "Cebu City"}}, {"type": "Feature", "geometry": {"type": "Point", "coordinates": [123.9254063, 10.3392943]}, "properties": {"id": 1423467178, "amenity_type": "secondary", "amenity": "A. S. Fortuna Street", "lgu": "Cebu City"}}, {"type": "Feature", "geometry": {"type": "Point", "coordinates": [123.9248772, 10.3394403]}, "properties": {"id": 1423467179, "amenity_type": "secondary", "amenity": "A. S. Fortuna Street", "lgu": "Cebu City"}}, {"type": "Feature", "geometry": {"type": "Point", "coordinates": [123.9261801, 10.3391074]}, "properties": {"id": 1423467182, "amenity_type": "secondary", "amenity": "A. S. Fortuna Street", "lgu": "Cebu City"}}, {"type": "Feature", "geometry": {"type": "Point", "coordinates": [123.8986843, 10.3113305]}, "properties": {"id": 1427501665, "amenity_type": "secondary", "amenity": "General Maxilom Avenue", "lgu": "Cebu City"}}, {"type": "Feature", "geometry": {"type": "Point", "coordinates": [123.8981883, 10.3111919]}, "properties": {"id": 1427501666, "amenity_type": "tertiary", "amenity": "Gotianuy Street", "lgu": "Cebu City"}}, {"type": "Feature", "geometry": {"type": "Point", "coordinates": [123.8986748, 10.2960891]}, "properties": {"id": 1428931326, "amenity_type": "secondary", "amenity": "Osmeña Boulevard", "lgu": "Cebu City"}}, {"type": "Feature", "geometry": {"type": "Point", "coordinates": [123.8950215, 10.3125055]}, "properties": {"id": 1431166185, "amenity_type": "tertiary", "amenity": "Don Ramon Aboitiz Street", "lgu": "Cebu City"}}, {"type": "Feature", "geometry": {"type": "Point", "coordinates": [123.8951343, 10.3117405]}, "properties": {"id": 1431166186, "amenity_type": "tertiary", "amenity": "Juana Osmeña Street", "lgu": "Cebu City"}}, {"type": "Feature", "geometry": {"type": "Point", "coordinates": [123.8829139, 10.2824237]}, "properties": {"id": 1441823375, "amenity_type": "secondary", "amenity": "F. Vestil Street", "lgu": "Cebu City"}}, {"type": "Feature", "geometry": {"type": "Point", "coordinates": [123.8823397, 10.2829578]}, "properties": {"id": 1441823376, "amenity_type": "secondary", "amenity": "F. Vestil Street", "lgu": "Cebu City"}}, {"type": "Feature", "geometry": {"type": "Point", "coordinates": [123.8822809, 10.2828909]}, "properties": {"id": 1441823377, "amenity_type": "secondary", "amenity": "F. Vestil Street", "lgu": "Cebu City"}}, {"type": "Feature", "geometry": {"type": "Point", "coordinates": [123.8822242, 10.2829434]}, "properties": {"id": 1441823378, "amenity_type": "secondary", "amenity": "F. Vestil Street", "lgu": "Cebu City"}}, {"type": "Feature", "geometry": {"type": "Point", "coordinates": [123.8954601, 10.2989037]}, "properties": {"id": 1443617518, "amenity_type": "tertiary", "amenity": "Leon Kilat Street", "lgu": "Cebu City"}}, {"type": "Feature", "geometry": {"type": "Point", "coordinates": [123.9119014, 10.3413287]}, "properties": {"id": 1443622000, "amenity_type": "secondary", "amenity": "Governor M. Cuenco Avenue", "lgu": "Cebu City"}}, {"type": "Feature", "geometry": {"type": "Point", "coordinates": [123.9119098, 10.3415453]}, "properties": {"id": 1443622001, "amenity_type": "secondary", "amenity": "Governor M. Cuenco Avenue", "lgu": "Cebu City"}}, {"type": "Feature", "geometry": {"type": "Point", "coordinates": [123.9117965, 10.3405831]}, "properties": {"id": 1443622002, "amenity_type": "secondary", "amenity": "Governor M. Cuenco Avenue", "lgu": "Cebu City"}}, {"type": "Feature", "geometry": {"type": "Point", "coordinates": [123.9118356, 10.3408059]}, "properties": {"id": 1443622003, "amenity_type": "secondary", "amenity": "Governor M. Cuenco Avenue", "lgu": "Cebu City"}}, {"type": "Feature", "geometry": {"type": "Point", "coordinates": [123.9118618, 10.3409552]}, "properties": {"id": 1443622004, "amenity_type": "secondary", "amenity": "Governor M. Cuenco Avenue", "lgu": "Cebu City"}}, {"type": "Feature", "geometry": {"type": "Point", "coordinates": [123.9267644, 10.3922381]}, "properties": {"id": 1444098377, "amenity_type": "tertiary", "amenity": "Unnamed road corridor", "lgu": "Cebu City"}}, {"type": "Feature", "geometry": {"type": "Point", "coordinates": [123.9268511, 10.3898711]}, "properties": {"id": 1444098378, "amenity_type": "tertiary", "amenity": "Unnamed road corridor", "lgu": "Cebu City"}}, {"type": "Feature", "geometry": {"type": "Point", "coordinates": [123.9264668, 10.3950342]}, "properties": {"id": 1444098380, "amenity_type": "tertiary", "amenity": "Unnamed road corridor", "lgu": "Cebu City"}}, {"type": "Feature", "geometry": {"type": "Point", "coordinates": [123.909258, 10.3293744]}, "properties": {"id": 1454123865, "amenity_type": "secondary", "amenity": "Governor M. Cuenco Avenue", "lgu": "Cebu City"}}, {"type": "Feature", "geometry": {"type": "Point", "coordinates": [123.9095648, 10.3301083]}, "properties": {"id": 1454123866, "amenity_type": "secondary", "amenity": "Governor M. Cuenco Avenue", "lgu": "Cebu City"}}, {"type": "Feature", "geometry": {"type": "Point", "coordinates": [123.9096226, 10.3302471]}, "properties": {"id": 1454123867, "amenity_type": "secondary", "amenity": "Governor M. Cuenco Avenue", "lgu": "Cebu City"}}, {"type": "Feature", "geometry": {"type": "Point", "coordinates": [123.8790567, 10.2924297]}, "properties": {"id": 1454400086, "amenity_type": "primary", "amenity": "Natalio Bacalso Avenue", "lgu": "Cebu City"}}, {"type": "Feature", "geometry": {"type": "Point", "coordinates": [123.8782107, 10.2918844]}, "properties": {"id": 1454400088, "amenity_type": "secondary", "amenity": "Natalio Bacalso Avenue", "lgu": "Cebu City"}}, {"type": "Feature", "geometry": {"type": "Point", "coordinates": [123.8792722, 10.2925694]}, "properties": {"id": 1454400090, "amenity_type": "secondary", "amenity": "Natalio Bacalso Avenue", "lgu": "Cebu City"}}, {"type": "Feature", "geometry": {"type": "Point", "coordinates": [123.8804817, 10.2934283]}, "properties": {"id": 1454400092, "amenity_type": "primary", "amenity": "Natalio Bacalso Avenue", "lgu": "Cebu City"}}, {"type": "Feature", "geometry": {"type": "Point", "coordinates": [123.8804651, 10.2934536]}, "properties": {"id": 1454400093, "amenity_type": "primary", "amenity": "Natalio Bacalso Avenue", "lgu": "Cebu City"}}, {"type": "Feature", "geometry": {"type": "Point", "coordinates": [123.8914141, 10.3147953]}, "properties": {"id": 1455431847, "amenity_type": "tertiary", "amenity": "Don Jose Avila Street", "lgu": "Cebu City"}}, {"type": "Feature", "geometry": {"type": "Point", "coordinates": [123.9240151, 10.3166031]}, "properties": {"id": 1456030781, "amenity_type": "secondary", "amenity": "Gatewalk Drive", "lgu": "Cebu City"}}, {"type": "Feature", "geometry": {"type": "Point", "coordinates": [123.912428, 10.321629]}, "properties": {"id": 1456286309, "amenity_type": "secondary", "amenity": "F. Cabahug Street", "lgu": "Cebu City"}}, {"type": "Feature", "geometry": {"type": "Point", "coordinates": [123.8936581, 10.3087873]}, "properties": {"id": 1456816228, "amenity_type": "secondary", "amenity": "Osmeña Boulevard", "lgu": "Cebu City"}}, {"type": "Feature", "geometry": {"type": "Point", "coordinates": [123.8957587, 10.3285741]}, "properties": {"id": 1457954994, "amenity_type": "tertiary", "amenity": "Sudlon", "lgu": "Cebu City"}}, {"type": "Feature", "geometry": {"type": "Point", "coordinates": [123.8961484, 10.328532]}, "properties": {"id": 1457954995, "amenity_type": "tertiary", "amenity": "Sudlon", "lgu": "Cebu City"}}, {"type": "Feature", "geometry": {"type": "Point", "coordinates": [123.8957354, 10.3285451]}, "properties": {"id": 1457954996, "amenity_type": "tertiary", "amenity": "Sudlon", "lgu": "Cebu City"}}, {"type": "Feature", "geometry": {"type": "Point", "coordinates": [123.8966177, 10.3285212]}, "properties": {"id": 1457954997, "amenity_type": "tertiary", "amenity": "Sudlon", "lgu": "Cebu City"}}, {"type": "Feature", "geometry": {"type": "Point", "coordinates": [123.9080138, 10.3252357]}, "properties": {"id": 1458791307, "amenity_type": "primary", "amenity": "Pope John Paul Ⅱ Avenue", "lgu": "Cebu City"}}, {"type": "Feature", "geometry": {"type": "Point", "coordinates": [123.907942, 10.3252007]}, "properties": {"id": 1458791308, "amenity_type": "primary", "amenity": "Pope John Paul Ⅱ Avenue", "lgu": "Cebu City"}}, {"type": "Feature", "geometry": {"type": "Point", "coordinates": [123.8954347, 10.2931959]}, "properties": {"id": 1459254944, "amenity_type": "tertiary", "amenity": "Panganiban Street", "lgu": "Cebu City"}}, {"type": "Feature", "geometry": {"type": "Point", "coordinates": [123.8845637, 10.3026619]}, "properties": {"id": 1459346264, "amenity_type": "tertiary", "amenity": "Lucio Lopez Drive", "lgu": "Cebu City"}}, {"type": "Feature", "geometry": {"type": "Point", "coordinates": [123.8562232, 10.3903008]}, "properties": {"id": 1460570757, "amenity_type": "tertiary", "amenity": "Unnamed road corridor", "lgu": "Cebu City"}}, {"type": "Feature", "geometry": {"type": "Point", "coordinates": [123.8512526, 10.3982692]}, "properties": {"id": 1460570760, "amenity_type": "tertiary", "amenity": "Unnamed road corridor", "lgu": "Cebu City"}}, {"type": "Feature", "geometry": {"type": "Point", "coordinates": [123.9298885, 10.4091167]}, "properties": {"id": 1460586457, "amenity_type": "tertiary", "amenity": "Unnamed road corridor", "lgu": "Cebu City"}}, {"type": "Feature", "geometry": {"type": "Point", "coordinates": [123.9253948, 10.3987629]}, "properties": {"id": 1460606971, "amenity_type": "tertiary", "amenity": "Unnamed road corridor", "lgu": "Cebu City"}}, {"type": "Feature", "geometry": {"type": "Point", "coordinates": [123.9186348, 10.406356]}, "properties": {"id": 1460770378, "amenity_type": "secondary", "amenity": "Agpasan-Binaliw-Cebu City Road", "lgu": "Cebu City"}}, {"type": "Feature", "geometry": {"type": "Point", "coordinates": [123.8677426, 10.2891995]}, "properties": {"id": 1462528950, "amenity_type": "primary", "amenity": "Natalio Bacalso Avenue", "lgu": "Cebu City"}}, {"type": "Feature", "geometry": {"type": "Point", "coordinates": [123.9179352, 10.4099087]}, "properties": {"id": 1469220210, "amenity_type": "secondary", "amenity": "Agpasan-Binaliw-Cebu City Road", "lgu": "Cebu City"}}, {"type": "Feature", "geometry": {"type": "Point", "coordinates": [123.9141058, 10.3962265]}, "properties": {"id": 1469315819, "amenity_type": "tertiary", "amenity": "Kauswagan Road", "lgu": "Cebu City"}}, {"type": "Feature", "geometry": {"type": "Point", "coordinates": [123.9154299, 10.3944818]}, "properties": {"id": 1469323654, "amenity_type": "tertiary", "amenity": "Kauswagan Road", "lgu": "Cebu City"}}, {"type": "Feature", "geometry": {"type": "Point", "coordinates": [123.9135427, 10.3160855]}, "properties": {"id": 1469555581, "amenity_type": "primary", "amenity": "Pope John Paul Ⅱ Avenue", "lgu": "Cebu City"}}, {"type": "Feature", "geometry": {"type": "Point", "coordinates": [123.9114938, 10.3210529]}, "properties": {"id": 1469555591, "amenity_type": "secondary", "amenity": "F. Cabahug Street", "lgu": "Cebu City"}}, {"type": "Feature", "geometry": {"type": "Point", "coordinates": [123.9102269, 10.3214782]}, "properties": {"id": 1469631983, "amenity_type": "primary", "amenity": "Pope John Paul Ⅱ Avenue", "lgu": "Cebu City"}}, {"type": "Feature", "geometry": {"type": "Point", "coordinates": [123.9108808, 10.3205443]}, "properties": {"id": 1469631984, "amenity_type": "primary", "amenity": "Pope John Paul Ⅱ Avenue", "lgu": "Cebu City"}}, {"type": "Feature", "geometry": {"type": "Point", "coordinates": [123.9111621, 10.3200767]}, "properties": {"id": 1469631985, "amenity_type": "primary", "amenity": "Pope John Paul Ⅱ Avenue", "lgu": "Cebu City"}}, {"type": "Feature", "geometry": {"type": "Point", "coordinates": [123.9087712, 10.3282308]}, "properties": {"id": 1469879475, "amenity_type": "secondary", "amenity": "Governor M. Cuenco Avenue", "lgu": "Cebu City"}}, {"type": "Feature", "geometry": {"type": "Point", "coordinates": [123.9087241, 10.3281245]}, "properties": {"id": 1469879476, "amenity_type": "secondary", "amenity": "Governor M. Cuenco Avenue", "lgu": "Cebu City"}}, {"type": "Feature", "geometry": {"type": "Point", "coordinates": [123.9245433, 10.3161627]}, "properties": {"id": 1469898831, "amenity_type": "secondary", "amenity": "M. Logarta Avenue", "lgu": "Cebu City"}}, {"type": "Feature", "geometry": {"type": "Point", "coordinates": [123.9244773, 10.3161571]}, "properties": {"id": 1469898832, "amenity_type": "secondary", "amenity": "Gatewalk Drive", "lgu": "Cebu City"}}, {"type": "Feature", "geometry": {"type": "Point", "coordinates": [123.9242098, 10.3163611]}, "properties": {"id": 1469900542, "amenity_type": "secondary", "amenity": "Gatewalk Drive", "lgu": "Cebu City"}}, {"type": "Feature", "geometry": {"type": "Point", "coordinates": [123.9223974, 10.3212473]}, "properties": {"id": 1471026422, "amenity_type": "primary", "amenity": "Lopez Jaena Street", "lgu": "Cebu City"}}, {"type": "Feature", "geometry": {"type": "Point", "coordinates": [123.9164489, 10.3120106]}, "properties": {"id": 1471104548, "amenity_type": "primary", "amenity": "Juan Luna Avenue", "lgu": "Cebu City"}}, {"type": "Feature", "geometry": {"type": "Point", "coordinates": [123.9165314, 10.312077]}, "properties": {"id": 1471104549, "amenity_type": "primary", "amenity": "Juan Luna Avenue", "lgu": "Cebu City"}}, {"type": "Feature", "geometry": {"type": "Point", "coordinates": [123.9180178, 10.310288]}, "properties": {"id": 1471104550, "amenity_type": "primary", "amenity": "Juan Luna Avenue", "lgu": "Cebu City"}}, {"type": "Feature", "geometry": {"type": "Point", "coordinates": [123.9179381, 10.3102229]}, "properties": {"id": 1471104551, "amenity_type": "primary", "amenity": "Juan Luna Avenue", "lgu": "Cebu City"}}, {"type": "Feature", "geometry": {"type": "Point", "coordinates": [123.9178981, 10.3104298]}, "properties": {"id": 1471104552, "amenity_type": "primary", "amenity": "Juan Luna Avenue", "lgu": "Cebu City"}}, {"type": "Feature", "geometry": {"type": "Point", "coordinates": [123.9167782, 10.3695288]}, "properties": {"id": 1471144314, "amenity_type": "secondary", "amenity": "Miñoza Street", "lgu": "Cebu City"}}, {"type": "Feature", "geometry": {"type": "Point", "coordinates": [123.9167119, 10.3692737]}, "properties": {"id": 1471144315, "amenity_type": "secondary", "amenity": "Governor M. Cuenco Avenue", "lgu": "Cebu City"}}, {"type": "Feature", "geometry": {"type": "Point", "coordinates": [123.9154018, 10.3685225]}, "properties": {"id": 1471144316, "amenity_type": "secondary", "amenity": "Governor M. Cuenco Avenue", "lgu": "Cebu City"}}, {"type": "Feature", "geometry": {"type": "Point", "coordinates": [123.9141548, 10.3677341]}, "properties": {"id": 1471144317, "amenity_type": "secondary", "amenity": "Governor M. Cuenco Avenue", "lgu": "Cebu City"}}, {"type": "Feature", "geometry": {"type": "Point", "coordinates": [123.9139495, 10.3673369]}, "properties": {"id": 1471144318, "amenity_type": "secondary", "amenity": "Governor M. Cuenco Avenue", "lgu": "Cebu City"}}, {"type": "Feature", "geometry": {"type": "Point", "coordinates": [123.9138448, 10.367549]}, "properties": {"id": 1471144319, "amenity_type": "tertiary", "amenity": "Budlaan Road", "lgu": "Cebu City"}}, {"type": "Feature", "geometry": {"type": "Point", "coordinates": [123.9139054, 10.3669992]}, "properties": {"id": 1471144320, "amenity_type": "secondary", "amenity": "Governor M. Cuenco Avenue", "lgu": "Cebu City"}}, {"type": "Feature", "geometry": {"type": "Point", "coordinates": [123.9138626, 10.3669984]}, "properties": {"id": 1471144321, "amenity_type": "secondary", "amenity": "Governor M. Cuenco Avenue", "lgu": "Cebu City"}}, {"type": "Feature", "geometry": {"type": "Point", "coordinates": [123.9091497, 10.3326007]}, "properties": {"id": 1471290740, "amenity_type": "tertiary", "amenity": "Jose Maria Del Mar Avenue", "lgu": "Cebu City"}}, {"type": "Feature", "geometry": {"type": "Point", "coordinates": [123.9099715, 10.3346449]}, "properties": {"id": 1471290744, "amenity_type": "tertiary", "amenity": "Jose Maria Del Mar Avenue", "lgu": "Cebu City"}}, {"type": "Feature", "geometry": {"type": "Point", "coordinates": [123.9045941, 10.3280602]}, "properties": {"id": 1471422034, "amenity_type": "tertiary", "amenity": "Geonzon Street", "lgu": "Cebu City"}}, {"type": "Feature", "geometry": {"type": "Point", "coordinates": [123.904841, 10.3282916]}, "properties": {"id": 1471422035, "amenity_type": "tertiary", "amenity": "Geonzon Street", "lgu": "Cebu City"}}, {"type": "Feature", "geometry": {"type": "Point", "coordinates": [123.9196377, 10.3765294]}, "properties": {"id": 1471463195, "amenity_type": "secondary", "amenity": "Miñoza Street", "lgu": "Cebu City"}}, {"type": "Feature", "geometry": {"type": "Point", "coordinates": [123.9200778, 10.3782072]}, "properties": {"id": 1471463196, "amenity_type": "secondary", "amenity": "Miñoza Street", "lgu": "Cebu City"}}, {"type": "Feature", "geometry": {"type": "Point", "coordinates": [123.9193726, 10.376426]}, "properties": {"id": 1471463197, "amenity_type": "tertiary", "amenity": "San Jose Road", "lgu": "Cebu City"}}, {"type": "Feature", "geometry": {"type": "Point", "coordinates": [123.8847721, 10.3579387]}, "properties": {"id": 1471724533, "amenity_type": "primary", "amenity": "Cebu-Balamban Transcentral Highway", "lgu": "Cebu City"}}, {"type": "Feature", "geometry": {"type": "Point", "coordinates": [123.8835228, 10.3612896]}, "properties": {"id": 1471724534, "amenity_type": "primary", "amenity": "Cebu-Balamban Transcentral Highway", "lgu": "Cebu City"}}, {"type": "Feature", "geometry": {"type": "Point", "coordinates": [123.9121817, 10.3431382]}, "properties": {"id": 1471773929, "amenity_type": "secondary", "amenity": "Governor M. Cuenco Avenue", "lgu": "Cebu City"}}, {"type": "Feature", "geometry": {"type": "Point", "coordinates": [123.9288571, 10.3165514]}, "properties": {"id": 1471782236, "amenity_type": "trunk", "amenity": "Ouano Avenue", "lgu": "Cebu City"}}, {"type": "Feature", "geometry": {"type": "Point", "coordinates": [123.9122619, 10.342893]}, "properties": {"id": 1471798944, "amenity_type": "secondary", "amenity": "Governor M. Cuenco Avenue", "lgu": "Cebu City"}}, {"type": "Feature", "geometry": {"type": "Point", "coordinates": [123.9121136, 10.3427243]}, "properties": {"id": 1471798945, "amenity_type": "secondary", "amenity": "Governor M. Cuenco Avenue", "lgu": "Cebu City"}}, {"type": "Feature", "geometry": {"type": "Point", "coordinates": [123.8430261, 10.4184643]}, "properties": {"id": 1471825922, "amenity_type": "primary", "amenity": "Cebu-Balamban Transcentral Highway", "lgu": "Cebu City"}}, {"type": "Feature", "geometry": {"type": "Point", "coordinates": [123.856091, 10.4025166]}, "properties": {"id": 1471825923, "amenity_type": "primary", "amenity": "Cebu-Balamban Transcentral Highway", "lgu": "Cebu City"}}, {"type": "Feature", "geometry": {"type": "Point", "coordinates": [123.9100162, 10.3218189]}, "properties": {"id": 1472015727, "amenity_type": "primary", "amenity": "Pope John Paul Ⅱ Avenue", "lgu": "Cebu City"}}, {"type": "Feature", "geometry": {"type": "Point", "coordinates": [123.9243405, 10.3231189]}, "properties": {"id": 1472047673, "amenity_type": "secondary", "amenity": "Hernan Cortes Street", "lgu": "Cebu City"}}, {"type": "Feature", "geometry": {"type": "Point", "coordinates": [123.9154027, 10.3604275]}, "properties": {"id": 1472049210, "amenity_type": "secondary", "amenity": "Governor M. Cuenco Avenue", "lgu": "Cebu City"}}, {"type": "Feature", "geometry": {"type": "Point", "coordinates": [123.9147315, 10.3628287]}, "properties": {"id": 1472049211, "amenity_type": "secondary", "amenity": "Governor M. Cuenco Avenue", "lgu": "Cebu City"}}, {"type": "Feature", "geometry": {"type": "Point", "coordinates": [123.8825497, 10.3717798]}, "properties": {"id": 1472052949, "amenity_type": "tertiary", "amenity": "Busay-Budlaan Road", "lgu": "Cebu City"}}, {"type": "Feature", "geometry": {"type": "Point", "coordinates": [123.8812025, 10.3692094]}, "properties": {"id": 1472052950, "amenity_type": "tertiary", "amenity": "Busay-Budlaan Road", "lgu": "Cebu City"}}, {"type": "Feature", "geometry": {"type": "Point", "coordinates": [123.8814263, 10.3735237]}, "properties": {"id": 1472056225, "amenity_type": "tertiary", "amenity": "Busay-Budlaan Road", "lgu": "Cebu City"}}, {"type": "Feature", "geometry": {"type": "Point", "coordinates": [123.9132686, 10.3488692]}, "properties": {"id": 1472066136, "amenity_type": "secondary", "amenity": "Governor M. Cuenco Avenue", "lgu": "Cebu City"}}, {"type": "Feature", "geometry": {"type": "Point", "coordinates": [123.8816663, 10.3739057]}, "properties": {"id": 1472066477, "amenity_type": "tertiary", "amenity": "Busay-Budlaan Road", "lgu": "Cebu City"}}, {"type": "Feature", "geometry": {"type": "Point", "coordinates": [123.8736588, 10.3685863]}, "properties": {"id": 1472079128, "amenity_type": "tertiary", "amenity": "Roosevelt Drive", "lgu": "Cebu City"}}, {"type": "Feature", "geometry": {"type": "Point", "coordinates": [123.8735523, 10.3690135]}, "properties": {"id": 1472079129, "amenity_type": "tertiary", "amenity": "Roosevelt Drive", "lgu": "Cebu City"}}, {"type": "Feature", "geometry": {"type": "Point", "coordinates": [123.9047517, 10.3277729]}, "properties": {"id": 1472094829, "amenity_type": "primary", "amenity": "Salinas Drive", "lgu": "Cebu City"}}, {"type": "Feature", "geometry": {"type": "Point", "coordinates": [123.9046052, 10.327857]}, "properties": {"id": 1472094830, "amenity_type": "primary", "amenity": "Salinas Drive", "lgu": "Cebu City"}}, {"type": "Feature", "geometry": {"type": "Point", "coordinates": [123.904701, 10.3278018]}, "properties": {"id": 1472094831, "amenity_type": "primary", "amenity": "Salinas Drive", "lgu": "Cebu City"}}, {"type": "Feature", "geometry": {"type": "Point", "coordinates": [123.9046531, 10.3278294]}, "properties": {"id": 1472094832, "amenity_type": "primary", "amenity": "Salinas Drive", "lgu": "Cebu City"}}, {"type": "Feature", "geometry": {"type": "Point", "coordinates": [123.9253557, 10.3180283]}, "properties": {"id": 1472107574, "amenity_type": "secondary", "amenity": "M. Logarta Avenue", "lgu": "Cebu City"}}, {"type": "Feature", "geometry": {"type": "Point", "coordinates": [123.9256789, 10.3187027]}, "properties": {"id": 1472107576, "amenity_type": "secondary", "amenity": "M. Logarta Avenue", "lgu": "Cebu City"}}, {"type": "Feature", "geometry": {"type": "Point", "coordinates": [123.9255884, 10.3187284]}, "properties": {"id": 1472107577, "amenity_type": "secondary", "amenity": "M. Logarta Avenue", "lgu": "Cebu City"}}, {"type": "Feature", "geometry": {"type": "Point", "coordinates": [123.9255407, 10.3182646]}, "properties": {"id": 1472107578, "amenity_type": "secondary", "amenity": "M. Logarta Avenue", "lgu": "Cebu City"}}, {"type": "Feature", "geometry": {"type": "Point", "coordinates": [123.9052324, 10.3274961]}, "properties": {"id": 1472108050, "amenity_type": "primary", "amenity": "Salinas Drive", "lgu": "Cebu City"}}, {"type": "Feature", "geometry": {"type": "Point", "coordinates": [123.9049986, 10.3276311]}, "properties": {"id": 1472108051, "amenity_type": "primary", "amenity": "Salinas Drive", "lgu": "Cebu City"}}, {"type": "Feature", "geometry": {"type": "Point", "coordinates": [123.9081485, 10.318098]}, "properties": {"id": 1472430247, "amenity_type": "tertiary", "amenity": "Samar Loop", "lgu": "Cebu City"}}, {"type": "Feature", "geometry": {"type": "Point", "coordinates": [123.9082206, 10.3181836]}, "properties": {"id": 1472430248, "amenity_type": "tertiary", "amenity": "Samar Loop", "lgu": "Cebu City"}}, {"type": "Feature", "geometry": {"type": "Point", "coordinates": [123.9111696, 10.340068]}, "properties": {"id": 1472764357, "amenity_type": "tertiary", "amenity": "Camp Lapu-Lapu Road", "lgu": "Cebu City"}}, {"type": "Feature", "geometry": {"type": "Point", "coordinates": [123.9111065, 10.3400729]}, "properties": {"id": 1472764358, "amenity_type": "tertiary", "amenity": "Camp Lapu-Lapu Road", "lgu": "Cebu City"}}, {"type": "Feature", "geometry": {"type": "Point", "coordinates": [123.9134646, 10.3435181]}, "properties": {"id": 1473724155, "amenity_type": "secondary", "amenity": "A. S. Fortuna Street", "lgu": "Cebu City"}}, {"type": "Feature", "geometry": {"type": "Point", "coordinates": [123.9122661, 10.3436526]}, "properties": {"id": 1473724156, "amenity_type": "secondary", "amenity": "Governor M. Cuenco Avenue", "lgu": "Cebu City"}}, {"type": "Feature", "geometry": {"type": "Point", "coordinates": [123.9112662, 10.3025262]}, "properties": {"id": 1473914092, "amenity_type": "trunk", "amenity": "Sergio Osmeña Avenue", "lgu": "Cebu City"}}, {"type": "Feature", "geometry": {"type": "Point", "coordinates": [123.9119769, 10.3031181]}, "properties": {"id": 1473914093, "amenity_type": "trunk", "amenity": "Sergio Osmeña Avenue", "lgu": "Cebu City"}}, {"type": "Feature", "geometry": {"type": "Point", "coordinates": [123.9125627, 10.3034425]}, "properties": {"id": 1473914094, "amenity_type": "trunk", "amenity": "Sergio Osmeña Avenue", "lgu": "Cebu City"}}, {"type": "Feature", "geometry": {"type": "Point", "coordinates": [123.9113134, 10.3024651]}, "properties": {"id": 1473914095, "amenity_type": "trunk", "amenity": "Sergio Osmeña Avenue", "lgu": "Cebu City"}}, {"type": "Feature", "geometry": {"type": "Point", "coordinates": [123.8891815, 10.3408068]}, "properties": {"id": 1473924057, "amenity_type": "tertiary", "amenity": "Salinas Drive Extension", "lgu": "Cebu City"}}, {"type": "Feature", "geometry": {"type": "Point", "coordinates": [123.8891431, 10.3414892]}, "properties": {"id": 1473924437, "amenity_type": "tertiary", "amenity": "Salinas Drive Extension", "lgu": "Cebu City"}}, {"type": "Feature", "geometry": {"type": "Point", "coordinates": [123.9105803, 10.3204451]}, "properties": {"id": 1473926688, "amenity_type": "secondary", "amenity": "Cardinal Rosales Avenue", "lgu": "Cebu City"}}, {"type": "Feature", "geometry": {"type": "Point", "coordinates": [123.9170771, 10.3112562]}, "properties": {"id": 1473926689, "amenity_type": "primary", "amenity": "Juan Luna Avenue", "lgu": "Cebu City"}}, {"type": "Feature", "geometry": {"type": "Point", "coordinates": [123.9168659, 10.3116765]}, "properties": {"id": 1473926690, "amenity_type": "primary", "amenity": "Juan Luna Avenue", "lgu": "Cebu City"}}, {"type": "Feature", "geometry": {"type": "Point", "coordinates": [123.8826817, 10.2825197]}, "properties": {"id": 1473937268, "amenity_type": "secondary", "amenity": "F. Vestil Street", "lgu": "Cebu City"}}, {"type": "Feature", "geometry": {"type": "Point", "coordinates": [123.8836329, 10.2821141]}, "properties": {"id": 1473937269, "amenity_type": "trunk", "amenity": "Cebu South Coastal Road", "lgu": "Cebu City"}}, {"type": "Feature", "geometry": {"type": "Point", "coordinates": [123.8859514, 10.2845474]}, "properties": {"id": 1473937270, "amenity_type": "trunk", "amenity": "Cebu South Coastal Road", "lgu": "Cebu City"}}, {"type": "Feature", "geometry": {"type": "Point", "coordinates": [123.897767, 10.3302206]}, "properties": {"id": 1473946010, "amenity_type": "secondary", "amenity": "Gorordo Avenue", "lgu": "Cebu City"}}, {"type": "Feature", "geometry": {"type": "Point", "coordinates": [123.8978733, 10.3305725]}, "properties": {"id": 1473946011, "amenity_type": "secondary", "amenity": "Gorordo Avenue", "lgu": "Cebu City"}}, {"type": "Feature", "geometry": {"type": "Point", "coordinates": [123.8979226, 10.3307129]}, "properties": {"id": 1473981444, "amenity_type": "secondary", "amenity": "Gorordo Avenue", "lgu": "Cebu City"}}, {"type": "Feature", "geometry": {"type": "Point", "coordinates": [123.9054457, 10.3273731]}, "properties": {"id": 1474014886, "amenity_type": "primary", "amenity": "Salinas Drive", "lgu": "Cebu City"}}, {"type": "Feature", "geometry": {"type": "Point", "coordinates": [123.9177585, 10.3104384]}, "properties": {"id": 1474023669, "amenity_type": "primary", "amenity": "Juan Luna Avenue", "lgu": "Cebu City"}}, {"type": "Feature", "geometry": {"type": "Point", "coordinates": [123.918989, 10.3086675]}, "properties": {"id": 1474023670, "amenity_type": "trunk", "amenity": "Sergio Osmeña Avenue", "lgu": "Cebu City"}}, {"type": "Feature", "geometry": {"type": "Point", "coordinates": [123.9129778, 10.3039426]}, "properties": {"id": 1474023671, "amenity_type": "trunk", "amenity": "Sergio Osmeña Avenue", "lgu": "Cebu City"}}, {"type": "Feature", "geometry": {"type": "Point", "coordinates": [123.9119049, 10.3029299]}, "properties": {"id": 1474023672, "amenity_type": "trunk", "amenity": "Sergio Osmeña Avenue", "lgu": "Cebu City"}}, {"type": "Feature", "geometry": {"type": "Point", "coordinates": [123.9092583, 10.2981661]}, "properties": {"id": 1474023673, "amenity_type": "tertiary", "amenity": "V. Sotto Street", "lgu": "Cebu City"}}, {"type": "Feature", "geometry": {"type": "Point", "coordinates": [123.9085916, 10.2984271]}, "properties": {"id": 1474023674, "amenity_type": "tertiary", "amenity": "V. Sotto Street", "lgu": "Cebu City"}}, {"type": "Feature", "geometry": {"type": "Point", "coordinates": [123.9085125, 10.2984476]}, "properties": {"id": 1474023675, "amenity_type": "tertiary", "amenity": "V. Sotto Street", "lgu": "Cebu City"}}, {"type": "Feature", "geometry": {"type": "Point", "coordinates": [123.9084906, 10.2985177]}, "properties": {"id": 1474023676, "amenity_type": "trunk", "amenity": "Sergio Osmeña Avenue", "lgu": "Cebu City"}}, {"type": "Feature", "geometry": {"type": "Point", "coordinates": [123.9080572, 10.2984881]}, "properties": {"id": 1474023677, "amenity_type": "tertiary", "amenity": "V. Sotto Street", "lgu": "Cebu City"}}, {"type": "Feature", "geometry": {"type": "Point", "coordinates": [123.9084917, 10.2986962]}, "properties": {"id": 1474023678, "amenity_type": "trunk", "amenity": "Sergio Osmeña Avenue", "lgu": "Cebu City"}}, {"type": "Feature", "geometry": {"type": "Point", "coordinates": [123.9082922, 10.2981506]}, "properties": {"id": 1474023679, "amenity_type": "trunk", "amenity": "Sergio Osmeña Avenue", "lgu": "Cebu City"}}, {"type": "Feature", "geometry": {"type": "Point", "coordinates": [123.908278, 10.2984795]}, "properties": {"id": 1474023683, "amenity_type": "tertiary", "amenity": "V. Sotto Street", "lgu": "Cebu City"}}, {"type": "Feature", "geometry": {"type": "Point", "coordinates": [123.9080657, 10.2977323]}, "properties": {"id": 1474023684, "amenity_type": "trunk", "amenity": "Sergio Osmeña Avenue", "lgu": "Cebu City"}}, {"type": "Feature", "geometry": {"type": "Point", "coordinates": [123.9015507, 10.3139582]}, "properties": {"id": 1474173533, "amenity_type": "tertiary", "amenity": "F. Sotto Drive", "lgu": "Cebu City"}}, {"type": "Feature", "geometry": {"type": "Point", "coordinates": [123.9016956, 10.314616]}, "properties": {"id": 1474173534, "amenity_type": "tertiary", "amenity": "F. Sotto Drive", "lgu": "Cebu City"}}, {"type": "Feature", "geometry": {"type": "Point", "coordinates": [123.8899009, 10.3393139]}, "properties": {"id": 1474201978, "amenity_type": "tertiary", "amenity": "Salinas Drive Extension", "lgu": "Cebu City"}}, {"type": "Feature", "geometry": {"type": "Point", "coordinates": [123.8895369, 10.3399412]}, "properties": {"id": 1474201979, "amenity_type": "tertiary", "amenity": "Salinas Drive Extension", "lgu": "Cebu City"}}, {"type": "Feature", "geometry": {"type": "Point", "coordinates": [123.8984787, 10.3315924]}, "properties": {"id": 1474219297, "amenity_type": "primary", "amenity": "Veterans Drive", "lgu": "Cebu City"}}, {"type": "Feature", "geometry": {"type": "Point", "coordinates": [123.8974237, 10.3284407]}, "properties": {"id": 1474221378, "amenity_type": "secondary", "amenity": "Gorordo Avenue", "lgu": "Cebu City"}}, {"type": "Feature", "geometry": {"type": "Point", "coordinates": [123.8973907, 10.328799]}, "properties": {"id": 1474221379, "amenity_type": "secondary", "amenity": "Gorordo Avenue", "lgu": "Cebu City"}}, {"type": "Feature", "geometry": {"type": "Point", "coordinates": [123.8866162, 10.3087256]}, "properties": {"id": 1474248151, "amenity_type": "secondary", "amenity": "Vicente Rama Avenue", "lgu": "Cebu City"}}, {"type": "Feature", "geometry": {"type": "Point", "coordinates": [123.9127345, 10.3459838]}, "properties": {"id": 1474249820, "amenity_type": "secondary", "amenity": "Governor M. Cuenco Avenue", "lgu": "Cebu City"}}, {"type": "Feature", "geometry": {"type": "Point", "coordinates": [123.9126322, 10.3454259]}, "properties": {"id": 1474249821, "amenity_type": "secondary", "amenity": "Governor M. Cuenco Avenue", "lgu": "Cebu City"}}, {"type": "Feature", "geometry": {"type": "Point", "coordinates": [123.9127615, 10.3461522]}, "properties": {"id": 1474249822, "amenity_type": "secondary", "amenity": "Governor M. Cuenco Avenue", "lgu": "Cebu City"}}, {"type": "Feature", "geometry": {"type": "Point", "coordinates": [123.9214864, 10.3107006]}, "properties": {"id": 1474263955, "amenity_type": "trunk", "amenity": "Sergio Osmeña Avenue", "lgu": "Cebu City"}}, {"type": "Feature", "geometry": {"type": "Point", "coordinates": [123.9007913, 10.294567]}, "properties": {"id": 1474365842, "amenity_type": "tertiary", "amenity": "F. Gonzales Street", "lgu": "Cebu City"}}, {"type": "Feature", "geometry": {"type": "Point", "coordinates": [123.8946434, 10.3056173]}, "properties": {"id": 1474477708, "amenity_type": "tertiary", "amenity": "V. Urgello Street", "lgu": "Cebu City"}}, {"type": "Feature", "geometry": {"type": "Point", "coordinates": [123.8942809, 10.3068163]}, "properties": {"id": 1474483122, "amenity_type": "secondary", "amenity": "Osmeña Boulevard", "lgu": "Cebu City"}}, {"type": "Feature", "geometry": {"type": "Point", "coordinates": [123.8945046, 10.305834]}, "properties": {"id": 1474495938, "amenity_type": "secondary", "amenity": "Osmeña Boulevard", "lgu": "Cebu City"}}, {"type": "Feature", "geometry": {"type": "Point", "coordinates": [123.8942298, 10.3065799]}, "properties": {"id": 1474495939, "amenity_type": "secondary", "amenity": "Osmeña Boulevard", "lgu": "Cebu City"}}, {"type": "Feature", "geometry": {"type": "Point", "coordinates": [123.8951583, 10.3039829]}, "properties": {"id": 1474497935, "amenity_type": "secondary", "amenity": "Osmeña Boulevard", "lgu": "Cebu City"}}, {"type": "Feature", "geometry": {"type": "Point", "coordinates": [123.8958431, 10.3020551]}, "properties": {"id": 1474500475, "amenity_type": "secondary", "amenity": "Osmeña Boulevard", "lgu": "Cebu City"}}, {"type": "Feature", "geometry": {"type": "Point", "coordinates": [123.89399, 10.3076932]}, "properties": {"id": 1474520537, "amenity_type": "secondary", "amenity": "Osmeña Boulevard", "lgu": "Cebu City"}}, {"type": "Feature", "geometry": {"type": "Point", "coordinates": [123.9002201, 10.2916793]}, "properties": {"id": 1474540418, "amenity_type": "tertiary", "amenity": "F. Gonzales Street", "lgu": "Cebu City"}}, {"type": "Feature", "geometry": {"type": "Point", "coordinates": [123.9007697, 10.2922822]}, "properties": {"id": 1474540419, "amenity_type": "tertiary", "amenity": "M.C. Briones Street", "lgu": "Cebu City"}}, {"type": "Feature", "geometry": {"type": "Point", "coordinates": [123.9001256, 10.2954578]}, "properties": {"id": 1474540420, "amenity_type": "secondary", "amenity": "Osmeña Boulevard", "lgu": "Cebu City"}}, {"type": "Feature", "geometry": {"type": "Point", "coordinates": [123.8993301, 10.2957926]}, "properties": {"id": 1474540421, "amenity_type": "secondary", "amenity": "Osmeña Boulevard", "lgu": "Cebu City"}}, {"type": "Feature", "geometry": {"type": "Point", "coordinates": [123.8991536, 10.2968103]}, "properties": {"id": 1474540422, "amenity_type": "secondary", "amenity": "Colon Street", "lgu": "Cebu City"}}, {"type": "Feature", "geometry": {"type": "Point", "coordinates": [123.9021367, 10.297047]}, "properties": {"id": 1474540423, "amenity_type": "tertiary", "amenity": "Dionisio Jakosalem Street", "lgu": "Cebu City"}}, {"type": "Feature", "geometry": {"type": "Point", "coordinates": [123.9017861, 10.2956389]}, "properties": {"id": 1474540427, "amenity_type": "tertiary", "amenity": "Dionisio Jakosalem Street", "lgu": "Cebu City"}}, {"type": "Feature", "geometry": {"type": "Point", "coordinates": [123.9011282, 10.2950251]}, "properties": {"id": 1474540428, "amenity_type": "secondary", "amenity": "Osmeña Boulevard", "lgu": "Cebu City"}}, {"type": "Feature", "geometry": {"type": "Point", "coordinates": [123.9014022, 10.2943135]}, "properties": {"id": 1474540429, "amenity_type": "tertiary", "amenity": "Dionisio Jakosalem Street", "lgu": "Cebu City"}}, {"type": "Feature", "geometry": {"type": "Point", "coordinates": [123.9013217, 10.2939975]}, "properties": {"id": 1474540430, "amenity_type": "tertiary", "amenity": "Dionisio Jakosalem Street", "lgu": "Cebu City"}}, {"type": "Feature", "geometry": {"type": "Point", "coordinates": [123.9008063, 10.2939752]}, "properties": {"id": 1474540431, "amenity_type": "tertiary", "amenity": "Magallanes Street", "lgu": "Cebu City"}}, {"type": "Feature", "geometry": {"type": "Point", "coordinates": [123.9010727, 10.2925184]}, "properties": {"id": 1474540432, "amenity_type": "tertiary", "amenity": "Dionisio Jakosalem Street", "lgu": "Cebu City"}}, {"type": "Feature", "geometry": {"type": "Point", "coordinates": [123.9026907, 10.2935253]}, "properties": {"id": 1474540433, "amenity_type": "tertiary", "amenity": "P. Burgos Street", "lgu": "Cebu City"}}, {"type": "Feature", "geometry": {"type": "Point", "coordinates": [123.9031858, 10.2945418]}, "properties": {"id": 1474540434, "amenity_type": "tertiary", "amenity": "P. Burgos Street", "lgu": "Cebu City"}}, {"type": "Feature", "geometry": {"type": "Point", "coordinates": [123.9044432, 10.2935744]}, "properties": {"id": 1474550289, "amenity_type": "secondary", "amenity": "Osmeña Boulevard", "lgu": "Cebu City"}}, {"type": "Feature", "geometry": {"type": "Point", "coordinates": [123.8966868, 10.2953987]}, "properties": {"id": 1474550290, "amenity_type": "tertiary", "amenity": "A. Borromeo Street", "lgu": "Cebu City"}}, {"type": "Feature", "geometry": {"type": "Point", "coordinates": [123.898045, 10.3000225]}, "properties": {"id": 1474550291, "amenity_type": "tertiary", "amenity": "Pelaez Street", "lgu": "Cebu City"}}, {"type": "Feature", "geometry": {"type": "Point", "coordinates": [123.8944947, 10.3062182]}, "properties": {"id": 1474559064, "amenity_type": "secondary", "amenity": "Osmeña Boulevard", "lgu": "Cebu City"}}, {"type": "Feature", "geometry": {"type": "Point", "coordinates": [123.8947462, 10.3055144]}, "properties": {"id": 1474559065, "amenity_type": "secondary", "amenity": "Osmeña Boulevard", "lgu": "Cebu City"}}, {"type": "Feature", "geometry": {"type": "Point", "coordinates": [123.89464, 10.305444]}, "properties": {"id": 1474559066, "amenity_type": "secondary", "amenity": "Osmeña Boulevard", "lgu": "Cebu City"}}, {"type": "Feature", "geometry": {"type": "Point", "coordinates": [123.8946496, 10.3057852]}, "properties": {"id": 1474559067, "amenity_type": "secondary", "amenity": "Osmeña Boulevard", "lgu": "Cebu City"}}, {"type": "Feature", "geometry": {"type": "Point", "coordinates": [123.8989938, 10.295938]}, "properties": {"id": 1474559068, "amenity_type": "secondary", "amenity": "Osmeña Boulevard", "lgu": "Cebu City"}}, {"type": "Feature", "geometry": {"type": "Point", "coordinates": [123.9006378, 10.2952461]}, "properties": {"id": 1474559069, "amenity_type": "secondary", "amenity": "Osmeña Boulevard", "lgu": "Cebu City"}}, {"type": "Feature", "geometry": {"type": "Point", "coordinates": [123.8979479, 10.2948396]}, "properties": {"id": 1474562559, "amenity_type": "tertiary", "amenity": "A. Borromeo Street", "lgu": "Cebu City"}}, {"type": "Feature", "geometry": {"type": "Point", "coordinates": [123.8850347, 10.3246295]}, "properties": {"id": 1475672630, "amenity_type": "tertiary", "amenity": "Singson Road", "lgu": "Cebu City"}}, {"type": "Feature", "geometry": {"type": "Point", "coordinates": [123.8777462, 10.3180365]}, "properties": {"id": 1475949942, "amenity_type": "tertiary", "amenity": "Unnamed road corridor", "lgu": "Cebu City"}}, {"type": "Feature", "geometry": {"type": "Point", "coordinates": [123.8824486, 10.3140701]}, "properties": {"id": 1475976833, "amenity_type": "tertiary", "amenity": "J. Fortich Street", "lgu": "Cebu City"}}, {"type": "Feature", "geometry": {"type": "Point", "coordinates": [123.8887306, 10.2968563]}, "properties": {"id": 1476188442, "amenity_type": "tertiary", "amenity": "Tres de Abril Street", "lgu": "Cebu City"}}, {"type": "Feature", "geometry": {"type": "Point", "coordinates": [123.8901282, 10.2964793]}, "properties": {"id": 1476188443, "amenity_type": "tertiary", "amenity": "Tres de Abril Street", "lgu": "Cebu City"}}, {"type": "Feature", "geometry": {"type": "Point", "coordinates": [123.8903603, 10.2963374]}, "properties": {"id": 1476188444, "amenity_type": "tertiary", "amenity": "Tres de Abril Street", "lgu": "Cebu City"}}, {"type": "Feature", "geometry": {"type": "Point", "coordinates": [123.9018738, 10.2977787]}, "properties": {"id": 1476223061, "amenity_type": "secondary", "amenity": "Colon Street", "lgu": "Cebu City"}}, {"type": "Feature", "geometry": {"type": "Point", "coordinates": [123.9032159, 10.3003586]}, "properties": {"id": 1476223062, "amenity_type": "secondary", "amenity": "Bonifacio Street", "lgu": "Cebu City"}}, {"type": "Feature", "geometry": {"type": "Point", "coordinates": [123.9062347, 10.2983336]}, "properties": {"id": 1476223063, "amenity_type": "tertiary", "amenity": "V. Sotto Street", "lgu": "Cebu City"}}, {"type": "Feature", "geometry": {"type": "Point", "coordinates": [123.8916101, 10.2980959]}, "properties": {"id": 1476246575, "amenity_type": "primary", "amenity": "Natalio Bacalso Avenue", "lgu": "Cebu City"}}, {"type": "Feature", "geometry": {"type": "Point", "coordinates": [123.887716, 10.2985203]}, "properties": {"id": 1476246581, "amenity_type": "tertiary", "amenity": "J. Alcantara Street", "lgu": "Cebu City"}}, {"type": "Feature", "geometry": {"type": "Point", "coordinates": [123.8844014, 10.2960868]}, "properties": {"id": 1476254597, "amenity_type": "primary", "amenity": "Natalio Bacalso Avenue", "lgu": "Cebu City"}}, {"type": "Feature", "geometry": {"type": "Point", "coordinates": [123.8839122, 10.2957893]}, "properties": {"id": 1476254598, "amenity_type": "primary", "amenity": "Natalio Bacalso Avenue", "lgu": "Cebu City"}}, {"type": "Feature", "geometry": {"type": "Point", "coordinates": [123.8838389, 10.2959017]}, "properties": {"id": 1476254599, "amenity_type": "primary", "amenity": "Natalio Bacalso Avenue", "lgu": "Cebu City"}}, {"type": "Feature", "geometry": {"type": "Point", "coordinates": [123.883212, 10.2954654]}, "properties": {"id": 1476254600, "amenity_type": "primary", "amenity": "Natalio Bacalso Avenue", "lgu": "Cebu City"}}, {"type": "Feature", "geometry": {"type": "Point", "coordinates": [123.8849211, 10.2963586]}, "properties": {"id": 1476254601, "amenity_type": "primary", "amenity": "Natalio Bacalso Avenue", "lgu": "Cebu City"}}, {"type": "Feature", "geometry": {"type": "Point", "coordinates": [123.885483, 10.2965845]}, "properties": {"id": 1476254602, "amenity_type": "primary", "amenity": "Natalio Bacalso Avenue", "lgu": "Cebu City"}}, {"type": "Feature", "geometry": {"type": "Point", "coordinates": [123.8848679, 10.2964628]}, "properties": {"id": 1476254603, "amenity_type": "primary", "amenity": "Natalio Bacalso Avenue", "lgu": "Cebu City"}}, {"type": "Feature", "geometry": {"type": "Point", "coordinates": [123.8868217, 10.2970932]}, "properties": {"id": 1476254604, "amenity_type": "primary", "amenity": "Natalio Bacalso Avenue", "lgu": "Cebu City"}}, {"type": "Feature", "geometry": {"type": "Point", "coordinates": [123.8854323, 10.2966977]}, "properties": {"id": 1476254605, "amenity_type": "primary", "amenity": "Natalio Bacalso Avenue", "lgu": "Cebu City"}}, {"type": "Feature", "geometry": {"type": "Point", "coordinates": [123.8880588, 10.2972797]}, "properties": {"id": 1476254606, "amenity_type": "primary", "amenity": "Natalio Bacalso Avenue", "lgu": "Cebu City"}}, {"type": "Feature", "geometry": {"type": "Point", "coordinates": [123.8741815, 10.2889361]}, "properties": {"id": 1476278525, "amenity_type": "tertiary", "amenity": "L. Gabuya Street", "lgu": "Cebu City"}}, {"type": "Feature", "geometry": {"type": "Point", "coordinates": [123.8708647, 10.2865706]}, "properties": {"id": 1476311863, "amenity_type": "tertiary", "amenity": "L. Gabuya Street", "lgu": "Cebu City"}}, {"type": "Feature", "geometry": {"type": "Point", "coordinates": [123.8922752, 10.325409]}, "properties": {"id": 1476529079, "amenity_type": "tertiary", "amenity": "Friendship Street", "lgu": "Cebu City"}}, {"type": "Feature", "geometry": {"type": "Point", "coordinates": [123.8915444, 10.3292679]}, "properties": {"id": 1476530065, "amenity_type": "tertiary", "amenity": "Friendship Street", "lgu": "Cebu City"}}, {"type": "Feature", "geometry": {"type": "Point", "coordinates": [123.8951607, 10.3290439]}, "properties": {"id": 1476533744, "amenity_type": "tertiary", "amenity": "Doña Modesta Gaisano Street", "lgu": "Cebu City"}}, {"type": "Feature", "geometry": {"type": "Point", "coordinates": [123.8930122, 10.2984064]}, "properties": {"id": 1476549250, "amenity_type": "primary", "amenity": "Natalio Bacalso Avenue", "lgu": "Cebu City"}}, {"type": "Feature", "geometry": {"type": "Point", "coordinates": [123.8927127, 10.2984737]}, "properties": {"id": 1476549251, "amenity_type": "primary", "amenity": "Natalio Bacalso Avenue", "lgu": "Cebu City"}}, {"type": "Feature", "geometry": {"type": "Point", "coordinates": [123.8958064, 10.302578]}, "properties": {"id": 1476549252, "amenity_type": "secondary", "amenity": "Osmeña Boulevard", "lgu": "Cebu City"}}, {"type": "Feature", "geometry": {"type": "Point", "coordinates": [123.895676, 10.3025429]}, "properties": {"id": 1476549253, "amenity_type": "secondary", "amenity": "Osmeña Boulevard", "lgu": "Cebu City"}}, {"type": "Feature", "geometry": {"type": "Point", "coordinates": [123.8919352, 10.3167671]}, "properties": {"id": 1476560782, "amenity_type": "tertiary", "amenity": "Villalon Drive", "lgu": "Cebu City"}}, {"type": "Feature", "geometry": {"type": "Point", "coordinates": [123.8919387, 10.3234786]}, "properties": {"id": 1476563217, "amenity_type": "tertiary", "amenity": "Acacia Street", "lgu": "Cebu City"}}, {"type": "Feature", "geometry": {"type": "Point", "coordinates": [123.8913788, 10.3299649]}, "properties": {"id": 1476584634, "amenity_type": "tertiary", "amenity": "Justice Street", "lgu": "Cebu City"}}, {"type": "Feature", "geometry": {"type": "Point", "coordinates": [123.8867402, 10.3294334]}, "properties": {"id": 1476588326, "amenity_type": "tertiary", "amenity": "Unnamed road corridor", "lgu": "Cebu City"}}, {"type": "Feature", "geometry": {"type": "Point", "coordinates": [123.8859967, 10.3298092]}, "properties": {"id": 1476589593, "amenity_type": "tertiary", "amenity": "Unnamed road corridor", "lgu": "Cebu City"}}, {"type": "Feature", "geometry": {"type": "Point", "coordinates": [123.885591, 10.3157992]}, "properties": {"id": 1476610073, "amenity_type": "secondary", "amenity": "M. Velez Street", "lgu": "Cebu City"}}, {"type": "Feature", "geometry": {"type": "Point", "coordinates": [123.88496, 10.2987464]}, "properties": {"id": 1476610075, "amenity_type": "tertiary", "amenity": "A. Lopez Street", "lgu": "Cebu City"}}, {"type": "Feature", "geometry": {"type": "Point", "coordinates": [123.8865125, 10.3026386]}, "properties": {"id": 1476610076, "amenity_type": "tertiary", "amenity": "Lucio Lopez Drive", "lgu": "Cebu City"}}, {"type": "Feature", "geometry": {"type": "Point", "coordinates": [123.8867324, 10.3028989]}, "properties": {"id": 1476610077, "amenity_type": "secondary", "amenity": "Vicente Rama Avenue", "lgu": "Cebu City"}}, {"type": "Feature", "geometry": {"type": "Point", "coordinates": [123.8866949, 10.3016588]}, "properties": {"id": 1476610078, "amenity_type": "secondary", "amenity": "Vicente Rama Avenue", "lgu": "Cebu City"}}, {"type": "Feature", "geometry": {"type": "Point", "coordinates": [123.8830438, 10.3342135]}, "properties": {"id": 1476613529, "amenity_type": "tertiary", "amenity": "Maya", "lgu": "Cebu City"}}, {"type": "Feature", "geometry": {"type": "Point", "coordinates": [123.882088, 10.3339595]}, "properties": {"id": 1476619346, "amenity_type": "tertiary", "amenity": "Unnamed road corridor", "lgu": "Cebu City"}}, {"type": "Feature", "geometry": {"type": "Point", "coordinates": [123.88124, 10.3346778]}, "properties": {"id": 1476624066, "amenity_type": "tertiary", "amenity": "CPDRC", "lgu": "Cebu City"}}, {"type": "Feature", "geometry": {"type": "Point", "coordinates": [123.8795051, 10.3390734]}, "properties": {"id": 1476627546, "amenity_type": "tertiary", "amenity": "Unnamed road corridor", "lgu": "Cebu City"}}, {"type": "Feature", "geometry": {"type": "Point", "coordinates": [123.879588, 10.3386522]}, "properties": {"id": 1476627888, "amenity_type": "tertiary", "amenity": "Unnamed road corridor", "lgu": "Cebu City"}}, {"type": "Feature", "geometry": {"type": "Point", "coordinates": [123.8791768, 10.33764]}, "properties": {"id": 1476628660, "amenity_type": "tertiary", "amenity": "Unnamed road corridor", "lgu": "Cebu City"}}, {"type": "Feature", "geometry": {"type": "Point", "coordinates": [123.8794927, 10.3309008]}, "properties": {"id": 1476632650, "amenity_type": "tertiary", "amenity": "Sapangdaku Road", "lgu": "Cebu City"}}, {"type": "Feature", "geometry": {"type": "Point", "coordinates": [123.8938958, 10.3173164]}, "properties": {"id": 1476634694, "amenity_type": "secondary", "amenity": "N. Escario Street", "lgu": "Cebu City"}}, {"type": "Feature", "geometry": {"type": "Point", "coordinates": [123.8656173, 10.2924035]}, "properties": {"id": 1476646425, "amenity_type": "tertiary", "amenity": "Macopa Street", "lgu": "Cebu City"}}, {"type": "Feature", "geometry": {"type": "Point", "coordinates": [123.8655712, 10.29277]}, "properties": {"id": 1476646426, "amenity_type": "tertiary", "amenity": "E. Sabellano Street", "lgu": "Cebu City"}}, {"type": "Feature", "geometry": {"type": "Point", "coordinates": [123.8859355, 10.3216499]}, "properties": {"id": 1476649049, "amenity_type": "tertiary", "amenity": "Andres Abellana Street", "lgu": "Cebu City"}}, {"type": "Feature", "geometry": {"type": "Point", "coordinates": [123.8861354, 10.3207552]}, "properties": {"id": 1476649395, "amenity_type": "tertiary", "amenity": "Andres Abellana Street", "lgu": "Cebu City"}}, {"type": "Feature", "geometry": {"type": "Point", "coordinates": [123.8894002, 10.3283979]}, "properties": {"id": 1476652763, "amenity_type": "tertiary", "amenity": "Villalon Drive", "lgu": "Cebu City"}}, {"type": "Feature", "geometry": {"type": "Point", "coordinates": [123.8899706, 10.3287838]}, "properties": {"id": 1476652764, "amenity_type": "tertiary", "amenity": "Unnamed road corridor", "lgu": "Cebu City"}}, {"type": "Feature", "geometry": {"type": "Point", "coordinates": [123.8975023, 10.329314]}, "properties": {"id": 1476652765, "amenity_type": "secondary", "amenity": "Gorordo Avenue", "lgu": "Cebu City"}}, {"type": "Feature", "geometry": {"type": "Point", "coordinates": [123.9065494, 10.301605]}, "properties": {"id": 1476909564, "amenity_type": "secondary", "amenity": "M.J. Cuenco Avenue", "lgu": "Cebu City"}}, {"type": "Feature", "geometry": {"type": "Point", "coordinates": [123.9065181, 10.301177]}, "properties": {"id": 1476909565, "amenity_type": "secondary", "amenity": "M.J. Cuenco Avenue", "lgu": "Cebu City"}}, {"type": "Feature", "geometry": {"type": "Point", "coordinates": [123.8943617, 10.3098745]}, "properties": {"id": 1476937320, "amenity_type": "tertiary", "amenity": "F. Ramos Street", "lgu": "Cebu City"}}, {"type": "Feature", "geometry": {"type": "Point", "coordinates": [123.8657269, 10.2820209]}, "properties": {"id": 1476966777, "amenity_type": "tertiary", "amenity": "L. Gabuya Street", "lgu": "Cebu City"}}, {"type": "Feature", "geometry": {"type": "Point", "coordinates": [123.8932179, 10.3169927]}, "properties": {"id": 1476973810, "amenity_type": "secondary", "amenity": "N. Escario Street", "lgu": "Cebu City"}}, {"type": "Feature", "geometry": {"type": "Point", "coordinates": [123.8779392, 10.2842149]}, "properties": {"id": 1476981242, "amenity_type": "tertiary", "amenity": "Banog Road", "lgu": "Cebu City"}}, {"type": "Feature", "geometry": {"type": "Point", "coordinates": [123.90461, 10.3201703]}, "properties": {"id": 1476982509, "amenity_type": "tertiary", "amenity": "Mindanao Avenue", "lgu": "Cebu City"}}, {"type": "Feature", "geometry": {"type": "Point", "coordinates": [123.9042247, 10.3203129]}, "properties": {"id": 1476982510, "amenity_type": "tertiary", "amenity": "Mindanao Avenue", "lgu": "Cebu City"}}, {"type": "Feature", "geometry": {"type": "Point", "coordinates": [123.9058876, 10.319987]}, "properties": {"id": 1476982511, "amenity_type": "tertiary", "amenity": "Mindanao Avenue", "lgu": "Cebu City"}}, {"type": "Feature", "geometry": {"type": "Point", "coordinates": [123.9066691, 10.3194001]}, "properties": {"id": 1476982512, "amenity_type": "tertiary", "amenity": "Mindanao Avenue", "lgu": "Cebu City"}}, {"type": "Feature", "geometry": {"type": "Point", "coordinates": [123.9056665, 10.3199946]}, "properties": {"id": 1476982513, "amenity_type": "tertiary", "amenity": "Mindanao Avenue", "lgu": "Cebu City"}}, {"type": "Feature", "geometry": {"type": "Point", "coordinates": [123.9051698, 10.3200649]}, "properties": {"id": 1476982514, "amenity_type": "tertiary", "amenity": "Mindanao Avenue", "lgu": "Cebu City"}}, {"type": "Feature", "geometry": {"type": "Point", "coordinates": [123.907236, 10.3188395]}, "properties": {"id": 1476982515, "amenity_type": "tertiary", "amenity": "Mindanao Avenue", "lgu": "Cebu City"}}, {"type": "Feature", "geometry": {"type": "Point", "coordinates": [123.9075799, 10.3185689]}, "properties": {"id": 1476982516, "amenity_type": "tertiary", "amenity": "Mindanao Avenue", "lgu": "Cebu City"}}, {"type": "Feature", "geometry": {"type": "Point", "coordinates": [123.9074573, 10.3188065]}, "properties": {"id": 1476982517, "amenity_type": "tertiary", "amenity": "Mindanao Avenue", "lgu": "Cebu City"}}, {"type": "Feature", "geometry": {"type": "Point", "coordinates": [123.9077099, 10.3186053]}, "properties": {"id": 1476982518, "amenity_type": "tertiary", "amenity": "Mindanao Avenue", "lgu": "Cebu City"}}, {"type": "Feature", "geometry": {"type": "Point", "coordinates": [123.9055193, 10.3161999]}, "properties": {"id": 1476994891, "amenity_type": "tertiary", "amenity": "Luzon Avenue", "lgu": "Cebu City"}}, {"type": "Feature", "geometry": {"type": "Point", "coordinates": [123.8998812, 10.3053064]}, "properties": {"id": 1476998986, "amenity_type": "tertiary", "amenity": "Dionisio Jakosalem Street", "lgu": "Cebu City"}}, {"type": "Feature", "geometry": {"type": "Point", "coordinates": [123.899748, 10.30642]}, "properties": {"id": 1476998987, "amenity_type": "tertiary", "amenity": "Dionisio Jakosalem Street", "lgu": "Cebu City"}}, {"type": "Feature", "geometry": {"type": "Point", "coordinates": [123.9087453, 10.3159587]}, "properties": {"id": 1477000434, "amenity_type": "tertiary", "amenity": "Samar Loop", "lgu": "Cebu City"}}, {"type": "Feature", "geometry": {"type": "Point", "coordinates": [123.9071189, 10.3158098]}, "properties": {"id": 1477002037, "amenity_type": "tertiary", "amenity": "Samar Loop", "lgu": "Cebu City"}}, {"type": "Feature", "geometry": {"type": "Point", "coordinates": [123.9042687, 10.3105176]}, "properties": {"id": 1477019689, "amenity_type": "secondary", "amenity": "General Maxilom Avenue", "lgu": "Cebu City"}}, {"type": "Feature", "geometry": {"type": "Point", "coordinates": [123.9019174, 10.3018996]}, "properties": {"id": 1477019692, "amenity_type": "primary", "amenity": "P. del Rosario Street", "lgu": "Cebu City"}}, {"type": "Feature", "geometry": {"type": "Point", "coordinates": [123.9010804, 10.3016532]}, "properties": {"id": 1477019693, "amenity_type": "primary", "amenity": "P. del Rosario Street", "lgu": "Cebu City"}}, {"type": "Feature", "geometry": {"type": "Point", "coordinates": [123.9029244, 10.3032785]}, "properties": {"id": 1477019694, "amenity_type": "primary", "amenity": "Imus Avenue", "lgu": "Cebu City"}}, {"type": "Feature", "geometry": {"type": "Point", "coordinates": [123.9052597, 10.3062276]}, "properties": {"id": 1477019695, "amenity_type": "primary", "amenity": "Imus Avenue", "lgu": "Cebu City"}}, {"type": "Feature", "geometry": {"type": "Point", "coordinates": [123.9037304, 10.3107368]}, "properties": {"id": 1477019698, "amenity_type": "secondary", "amenity": "General Maxilom Avenue", "lgu": "Cebu City"}}, {"type": "Feature", "geometry": {"type": "Point", "coordinates": [123.9017275, 10.3113861]}, "properties": {"id": 1477019699, "amenity_type": "secondary", "amenity": "General Maxilom Avenue", "lgu": "Cebu City"}}, {"type": "Feature", "geometry": {"type": "Point", "coordinates": [123.8980685, 10.3049561]}, "properties": {"id": 1477019702, "amenity_type": "tertiary", "amenity": "F. Ramos Street", "lgu": "Cebu City"}}, {"type": "Feature", "geometry": {"type": "Point", "coordinates": [123.8923793, 10.3141076]}, "properties": {"id": 1477802138, "amenity_type": "tertiary", "amenity": "Governor M. Roa Street", "lgu": "Cebu City"}}, {"type": "Feature", "geometry": {"type": "Point", "coordinates": [123.90433, 10.3201226]}, "properties": {"id": 1477816510, "amenity_type": "tertiary", "amenity": "Mindanao Avenue", "lgu": "Cebu City"}}, {"type": "Feature", "geometry": {"type": "Point", "coordinates": [123.8600077, 10.3032737]}, "properties": {"id": 1479268660, "amenity_type": "tertiary", "amenity": "Buhisan Road", "lgu": "Cebu City"}}, {"type": "Feature", "geometry": {"type": "Point", "coordinates": [123.8603538, 10.302791]}, "properties": {"id": 1479268661, "amenity_type": "tertiary", "amenity": "Buhisan Road", "lgu": "Cebu City"}}, {"type": "Feature", "geometry": {"type": "Point", "coordinates": [123.8941723, 10.2991485]}, "properties": {"id": 1479278864, "amenity_type": "tertiary", "amenity": "J. Alcantara Street", "lgu": "Cebu City"}}, {"type": "Feature", "geometry": {"type": "Point", "coordinates": [123.8987839, 10.3005973]}, "properties": {"id": 1479278865, "amenity_type": "primary", "amenity": "P. del Rosario Street", "lgu": "Cebu City"}}, {"type": "Feature", "geometry": {"type": "Point", "coordinates": [123.9012953, 10.3018203]}, "properties": {"id": 1479278867, "amenity_type": "primary", "amenity": "P. del Rosario Street", "lgu": "Cebu City"}}, {"type": "Feature", "geometry": {"type": "Point", "coordinates": [123.9001358, 10.3033608]}, "properties": {"id": 1479313267, "amenity_type": "tertiary", "amenity": "Dionisio Jakosalem Street", "lgu": "Cebu City"}}, {"type": "Feature", "geometry": {"type": "Point", "coordinates": [123.9001835, 10.3032019]}, "properties": {"id": 1479313268, "amenity_type": "tertiary", "amenity": "Dionisio Jakosalem Street", "lgu": "Cebu City"}}, {"type": "Feature", "geometry": {"type": "Point", "coordinates": [123.90463, 10.3200469]}, "properties": {"id": 1479329664, "amenity_type": "tertiary", "amenity": "Mindanao Avenue", "lgu": "Cebu City"}}, {"type": "Feature", "geometry": {"type": "Point", "coordinates": [123.8616105, 10.2865333]}, "properties": {"id": 1479340275, "amenity_type": "primary", "amenity": "Natalio Bacalso Avenue", "lgu": "Cebu City"}}, {"type": "Feature", "geometry": {"type": "Point", "coordinates": [123.8622089, 10.2869585]}, "properties": {"id": 1479340276, "amenity_type": "primary", "amenity": "Natalio Bacalso Avenue", "lgu": "Cebu City"}}, {"type": "Feature", "geometry": {"type": "Point", "coordinates": [123.8615499, 10.2866044]}, "properties": {"id": 1479340277, "amenity_type": "primary", "amenity": "Natalio Bacalso Avenue", "lgu": "Cebu City"}}, {"type": "Feature", "geometry": {"type": "Point", "coordinates": [123.8627728, 10.2873233]}, "properties": {"id": 1479340278, "amenity_type": "primary", "amenity": "Natalio Bacalso Avenue", "lgu": "Cebu City"}}, {"type": "Feature", "geometry": {"type": "Point", "coordinates": [123.8647546, 10.2880962]}, "properties": {"id": 1479340279, "amenity_type": "primary", "amenity": "Natalio Bacalso Avenue", "lgu": "Cebu City"}}, {"type": "Feature", "geometry": {"type": "Point", "coordinates": [123.8627458, 10.28741]}, "properties": {"id": 1479340280, "amenity_type": "primary", "amenity": "Natalio Bacalso Avenue", "lgu": "Cebu City"}}, {"type": "Feature", "geometry": {"type": "Point", "coordinates": [123.8621603, 10.2870349]}, "properties": {"id": 1479340281, "amenity_type": "primary", "amenity": "Natalio Bacalso Avenue", "lgu": "Cebu City"}}, {"type": "Feature", "geometry": {"type": "Point", "coordinates": [123.9238807, 10.371555]}, "properties": {"id": 1480354254, "amenity_type": "secondary", "amenity": "Governor M. Cuenco Avenue", "lgu": "Cebu City"}}, {"type": "Feature", "geometry": {"type": "Point", "coordinates": [123.8905256, 10.3144868]}, "properties": {"id": 1480376165, "amenity_type": "tertiary", "amenity": "Don Jose Avila Street", "lgu": "Cebu City"}}, {"type": "Feature", "geometry": {"type": "Point", "coordinates": [123.890012, 10.315883]}, "properties": {"id": 1480376166, "amenity_type": "tertiary", "amenity": "N. Escario Street", "lgu": "Cebu City"}}, {"type": "Feature", "geometry": {"type": "Point", "coordinates": [123.8993986, 10.2903184]}, "properties": {"id": 1480835852, "amenity_type": "trunk", "amenity": "Cebu South Coastal Road", "lgu": "Cebu City"}}, {"type": "Feature", "geometry": {"type": "Point", "coordinates": [123.8994545, 10.2902416]}, "properties": {"id": 1480835853, "amenity_type": "trunk", "amenity": "Cebu South Coastal Road", "lgu": "Cebu City"}}, {"type": "Feature", "geometry": {"type": "Point", "coordinates": [123.9363675, 10.3312742]}, "properties": {"id": 25937229, "amenity_type": "tertiary", "amenity": "A. S. Fortuna Street", "lgu": "Mandaue City"}}, {"type": "Feature", "geometry": {"type": "Point", "coordinates": [123.9370766, 10.3331455]}, "properties": {"id": 28960128, "amenity_type": "primary", "amenity": "M.C. Briones Street", "lgu": "Mandaue City"}}, {"type": "Feature", "geometry": {"type": "Point", "coordinates": [123.947291, 10.341736]}, "properties": {"id": 29337032, "amenity_type": "primary", "amenity": "Cebu North Road", "lgu": "Mandaue City"}}, {"type": "Feature", "geometry": {"type": "Point", "coordinates": [123.9357452, 10.3669073]}, "properties": {"id": 29451535, "amenity_type": "secondary", "amenity": "H. Abellana Street", "lgu": "Mandaue City"}}, {"type": "Feature", "geometry": {"type": "Point", "coordinates": [123.9601174, 10.3352693]}, "properties": {"id": 34168717, "amenity_type": "primary", "amenity": "United Nations Avenue", "lgu": "Mandaue City"}}, {"type": "Feature", "geometry": {"type": "Point", "coordinates": [123.9483328, 10.3374161]}, "properties": {"id": 34168815, "amenity_type": "tertiary", "amenity": "P. Burgos Street", "lgu": "Mandaue City"}}, {"type": "Feature", "geometry": {"type": "Point", "coordinates": [123.9388439, 10.3344679]}, "properties": {"id": 34230205, "amenity_type": "primary", "amenity": "Maguikay Flyover", "lgu": "Mandaue City"}}, {"type": "Feature", "geometry": {"type": "Point", "coordinates": [123.9406686, 10.3358082]}, "properties": {"id": 34230793, "amenity_type": "primary", "amenity": "M.C. Briones Street", "lgu": "Mandaue City"}}, {"type": "Feature", "geometry": {"type": "Point", "coordinates": [123.9389037, 10.3344331]}, "properties": {"id": 34230794, "amenity_type": "primary", "amenity": "M.C. Briones Street", "lgu": "Mandaue City"}}, {"type": "Feature", "geometry": {"type": "Point", "coordinates": [123.9386236, 10.3343525]}, "properties": {"id": 34230795, "amenity_type": "primary", "amenity": "M.C. Briones Street", "lgu": "Mandaue City"}}, {"type": "Feature", "geometry": {"type": "Point", "coordinates": [123.9410761, 10.3360554]}, "properties": {"id": 34237299, "amenity_type": "primary", "amenity": "M.C. Briones Street", "lgu": "Mandaue City"}}, {"type": "Feature", "geometry": {"type": "Point", "coordinates": [123.938654, 10.3342971]}, "properties": {"id": 34237904, "amenity_type": "primary", "amenity": "M.C. Briones Street", "lgu": "Mandaue City"}}, {"type": "Feature", "geometry": {"type": "Point", "coordinates": [123.9372724, 10.3334482]}, "properties": {"id": 34237905, "amenity_type": "primary", "amenity": "M.C. Briones Street", "lgu": "Mandaue City"}}, {"type": "Feature", "geometry": {"type": "Point", "coordinates": [123.9574549, 10.341143]}, "properties": {"id": 34319230, "amenity_type": "trunk", "amenity": "D.M. Cortes Avenue", "lgu": "Mandaue City"}}, {"type": "Feature", "geometry": {"type": "Point", "coordinates": [123.9338186, 10.3360572]}, "properties": {"id": 34415873, "amenity_type": "tertiary", "amenity": "V. Albano Street", "lgu": "Mandaue City"}}, {"type": "Feature", "geometry": {"type": "Point", "coordinates": [123.9366759, 10.3360609]}, "properties": {"id": 34415874, "amenity_type": "tertiary", "amenity": "L. Jayme Street", "lgu": "Mandaue City"}}, {"type": "Feature", "geometry": {"type": "Point", "coordinates": [123.9338003, 10.3402637]}, "properties": {"id": 34415879, "amenity_type": "tertiary", "amenity": "Bakilid-Maguikay Road", "lgu": "Mandaue City"}}, {"type": "Feature", "geometry": {"type": "Point", "coordinates": [123.9451252, 10.3355879]}, "properties": {"id": 34415882, "amenity_type": "tertiary", "amenity": "S.B. Cabahug Street", "lgu": "Mandaue City"}}, {"type": "Feature", "geometry": {"type": "Point", "coordinates": [123.9455453, 10.3347736]}, "properties": {"id": 34415883, "amenity_type": "tertiary", "amenity": "Don G. LL. Ouano Street", "lgu": "Mandaue City"}}, {"type": "Feature", "geometry": {"type": "Point", "coordinates": [123.9378868, 10.3320077]}, "properties": {"id": 34415884, "amenity_type": "tertiary", "amenity": "B. B. Cabahug Street", "lgu": "Mandaue City"}}, {"type": "Feature", "geometry": {"type": "Point", "coordinates": [123.9364475, 10.3307426]}, "properties": {"id": 34487532, "amenity_type": "tertiary", "amenity": "B. B. Cabahug Street", "lgu": "Mandaue City"}}, {"type": "Feature", "geometry": {"type": "Point", "coordinates": [123.9434306, 10.3301352]}, "properties": {"id": 34487534, "amenity_type": "tertiary", "amenity": "S.B. Cabahug Street", "lgu": "Mandaue City"}}, {"type": "Feature", "geometry": {"type": "Point", "coordinates": [123.9412967, 10.342751]}, "properties": {"id": 37334825, "amenity_type": "tertiary", "amenity": "Juez M. O. Echavez Street", "lgu": "Mandaue City"}}, {"type": "Feature", "geometry": {"type": "Point", "coordinates": [123.9599488, 10.3431868]}, "properties": {"id": 37700509, "amenity_type": "trunk", "amenity": "D.M. Cortes Avenue", "lgu": "Mandaue City"}}, {"type": "Feature", "geometry": {"type": "Point", "coordinates": [123.9612527, 10.3455839]}, "properties": {"id": 37700514, "amenity_type": "tertiary", "amenity": "S. E. Jayme Street", "lgu": "Mandaue City"}}, {"type": "Feature", "geometry": {"type": "Point", "coordinates": [123.951941, 10.3452068]}, "properties": {"id": 37700518, "amenity_type": "tertiary", "amenity": "S. E. Jayme Street", "lgu": "Mandaue City"}}, {"type": "Feature", "geometry": {"type": "Point", "coordinates": [123.9342592, 10.3437486]}, "properties": {"id": 37825175, "amenity_type": "tertiary", "amenity": "M. Ceniza Street", "lgu": "Mandaue City"}}, {"type": "Feature", "geometry": {"type": "Point", "coordinates": [123.9352731, 10.3467978]}, "properties": {"id": 37825179, "amenity_type": "tertiary", "amenity": "M. Ceniza Street", "lgu": "Mandaue City"}}, {"type": "Feature", "geometry": {"type": "Point", "coordinates": [123.9405441, 10.3348311]}, "properties": {"id": 37936127, "amenity_type": "primary", "amenity": "A.C. Cortes Avenue", "lgu": "Mandaue City"}}, {"type": "Feature", "geometry": {"type": "Point", "coordinates": [123.9397958, 10.3351473]}, "properties": {"id": 37936128, "amenity_type": "primary", "amenity": "A.C. Cortes Avenue", "lgu": "Mandaue City"}}, {"type": "Feature", "geometry": {"type": "Point", "coordinates": [123.9534531, 10.3520913]}, "properties": {"id": 45652169, "amenity_type": "tertiary", "amenity": "Basak-Labogon Road", "lgu": "Mandaue City"}}, {"type": "Feature", "geometry": {"type": "Point", "coordinates": [123.9571521, 10.3407431]}, "properties": {"id": 45661998, "amenity_type": "trunk", "amenity": "D.M. Cortes Avenue", "lgu": "Mandaue City"}}, {"type": "Feature", "geometry": {"type": "Point", "coordinates": [123.9566782, 10.34023]}, "properties": {"id": 45662000, "amenity_type": "trunk", "amenity": "D.M. Cortes Avenue", "lgu": "Mandaue City"}}, {"type": "Feature", "geometry": {"type": "Point", "coordinates": [123.9575111, 10.3411553]}, "properties": {"id": 45662004, "amenity_type": "trunk", "amenity": "D.M. Cortes Avenue", "lgu": "Mandaue City"}}, {"type": "Feature", "geometry": {"type": "Point", "coordinates": [123.9403947, 10.3694948]}, "properties": {"id": 47419246, "amenity_type": "tertiary", "amenity": "Victor Vega Street", "lgu": "Mandaue City"}}, {"type": "Feature", "geometry": {"type": "Point", "coordinates": [123.9337703, 10.3309778]}, "properties": {"id": 48169171, "amenity_type": "primary", "amenity": "M.C. Briones Street", "lgu": "Mandaue City"}}, {"type": "Feature", "geometry": {"type": "Point", "coordinates": [123.9496084, 10.3325346]}, "properties": {"id": 52253088, "amenity_type": "tertiary", "amenity": "Don G. LL. Ouano Street", "lgu": "Mandaue City"}}, {"type": "Feature", "geometry": {"type": "Point", "coordinates": [123.9572476, 10.3407252]}, "properties": {"id": 52253089, "amenity_type": "trunk", "amenity": "D.M. Cortes Avenue", "lgu": "Mandaue City"}}, {"type": "Feature", "geometry": {"type": "Point", "coordinates": [123.9479555, 10.3306469]}, "properties": {"id": 52253090, "amenity_type": "trunk", "amenity": "D.M. Cortes Avenue", "lgu": "Mandaue City"}}, {"type": "Feature", "geometry": {"type": "Point", "coordinates": [123.9642878, 10.3465485]}, "properties": {"id": 68906518, "amenity_type": "trunk", "amenity": "D.M. Cortes Avenue", "lgu": "Mandaue City"}}, {"type": "Feature", "geometry": {"type": "Point", "coordinates": [123.9678339, 10.3490976]}, "properties": {"id": 68906519, "amenity_type": "trunk", "amenity": "Cansaga Bay Bridge", "lgu": "Mandaue City"}}, {"type": "Feature", "geometry": {"type": "Point", "coordinates": [123.9629642, 10.3455145]}, "properties": {"id": 70108540, "amenity_type": "trunk", "amenity": "D.M. Cortes Avenue", "lgu": "Mandaue City"}}, {"type": "Feature", "geometry": {"type": "Point", "coordinates": [123.9643388, 10.3464884]}, "properties": {"id": 70108542, "amenity_type": "trunk", "amenity": "D.M. Cortes Avenue", "lgu": "Mandaue City"}}, {"type": "Feature", "geometry": {"type": "Point", "coordinates": [123.9678825, 10.3490314]}, "properties": {"id": 70108544, "amenity_type": "trunk", "amenity": "Cansaga Bay Bridge", "lgu": "Mandaue City"}}, {"type": "Feature", "geometry": {"type": "Point", "coordinates": [123.9498825, 10.3582334]}, "properties": {"id": 72372642, "amenity_type": "primary", "amenity": "M.C. Briones Street", "lgu": "Mandaue City"}}, {"type": "Feature", "geometry": {"type": "Point", "coordinates": [123.947092, 10.3412355]}, "properties": {"id": 72372643, "amenity_type": "primary", "amenity": "M.C. Briones Street", "lgu": "Mandaue City"}}, {"type": "Feature", "geometry": {"type": "Point", "coordinates": [123.947047, 10.3410071]}, "properties": {"id": 72372644, "amenity_type": "primary", "amenity": "M.C. Briones Street", "lgu": "Mandaue City"}}, {"type": "Feature", "geometry": {"type": "Point", "coordinates": [123.9476385, 10.3426189]}, "properties": {"id": 72372651, "amenity_type": "primary", "amenity": "Cebu North Road", "lgu": "Mandaue City"}}, {"type": "Feature", "geometry": {"type": "Point", "coordinates": [123.947513, 10.3425368]}, "properties": {"id": 72372653, "amenity_type": "primary", "amenity": "Cebu North Road", "lgu": "Mandaue City"}}, {"type": "Feature", "geometry": {"type": "Point", "coordinates": [123.9475437, 10.341975]}, "properties": {"id": 72372654, "amenity_type": "primary", "amenity": "Cebu North Road", "lgu": "Mandaue City"}}, {"type": "Feature", "geometry": {"type": "Point", "coordinates": [123.9473832, 10.3420333]}, "properties": {"id": 72372656, "amenity_type": "primary", "amenity": "Cebu North Road", "lgu": "Mandaue City"}}, {"type": "Feature", "geometry": {"type": "Point", "coordinates": [123.9472064, 10.3415008]}, "properties": {"id": 74877300, "amenity_type": "primary", "amenity": "Cebu North Road", "lgu": "Mandaue City"}}, {"type": "Feature", "geometry": {"type": "Point", "coordinates": [123.9514275, 10.3400013]}, "properties": {"id": 74877313, "amenity_type": "primary", "amenity": "United Nations Avenue", "lgu": "Mandaue City"}}, {"type": "Feature", "geometry": {"type": "Point", "coordinates": [123.9676701, 10.3735077]}, "properties": {"id": 77711239, "amenity_type": "tertiary", "amenity": "Governor F. B. Harrison Avenue", "lgu": "Mandaue City"}}, {"type": "Feature", "geometry": {"type": "Point", "coordinates": [123.9355323, 10.3579582]}, "properties": {"id": 79291934, "amenity_type": "tertiary", "amenity": "B. Suico Street", "lgu": "Mandaue City"}}, {"type": "Feature", "geometry": {"type": "Point", "coordinates": [123.935602, 10.348412]}, "properties": {"id": 79291935, "amenity_type": "tertiary", "amenity": "M. Ceniza Street", "lgu": "Mandaue City"}}, {"type": "Feature", "geometry": {"type": "Point", "coordinates": [123.9337569, 10.4013736]}, "properties": {"id": 81459170, "amenity_type": "tertiary", "amenity": "Unnamed road corridor", "lgu": "Mandaue City"}}, {"type": "Feature", "geometry": {"type": "Point", "coordinates": [123.9358716, 10.3791735]}, "properties": {"id": 81459172, "amenity_type": "tertiary", "amenity": "Unnamed road corridor", "lgu": "Mandaue City"}}, {"type": "Feature", "geometry": {"type": "Point", "coordinates": [123.9362176, 10.3495976]}, "properties": {"id": 93818920, "amenity_type": "tertiary", "amenity": "B. Suico Street", "lgu": "Mandaue City"}}, {"type": "Feature", "geometry": {"type": "Point", "coordinates": [123.9418744, 10.347551]}, "properties": {"id": 93818938, "amenity_type": "tertiary", "amenity": "P. C. Suico Street", "lgu": "Mandaue City"}}, {"type": "Feature", "geometry": {"type": "Point", "coordinates": [123.9416551, 10.3588031]}, "properties": {"id": 93819227, "amenity_type": "tertiary", "amenity": "P. L. Sanchez Street", "lgu": "Mandaue City"}}, {"type": "Feature", "geometry": {"type": "Point", "coordinates": [123.9556103, 10.3322844]}, "properties": {"id": 96027254, "amenity_type": "tertiary", "amenity": "R. A. Ouano Street", "lgu": "Mandaue City"}}, {"type": "Feature", "geometry": {"type": "Point", "coordinates": [123.9568704, 10.3331105]}, "properties": {"id": 96027256, "amenity_type": "tertiary", "amenity": "R. A. Ouano Street", "lgu": "Mandaue City"}}, {"type": "Feature", "geometry": {"type": "Point", "coordinates": [123.9436599, 10.3356872]}, "properties": {"id": 96675917, "amenity_type": "tertiary", "amenity": "Don G. LL. Ouano Street", "lgu": "Mandaue City"}}, {"type": "Feature", "geometry": {"type": "Point", "coordinates": [123.9430282, 10.3358509]}, "properties": {"id": 96675918, "amenity_type": "tertiary", "amenity": "Don G. LL. Ouano Street", "lgu": "Mandaue City"}}, {"type": "Feature", "geometry": {"type": "Point", "coordinates": [123.9673097, 10.3386079]}, "properties": {"id": 96780533, "amenity_type": "tertiary", "amenity": "Unnamed road corridor", "lgu": "Mandaue City"}}, {"type": "Feature", "geometry": {"type": "Point", "coordinates": [123.956136, 10.3504161]}, "properties": {"id": 96907795, "amenity_type": "tertiary", "amenity": "Labogon-Paknaan Road", "lgu": "Mandaue City"}}, {"type": "Feature", "geometry": {"type": "Point", "coordinates": [123.9532215, 10.353431]}, "properties": {"id": 96907823, "amenity_type": "tertiary", "amenity": "Labogon Interior Road", "lgu": "Mandaue City"}}, {"type": "Feature", "geometry": {"type": "Point", "coordinates": [123.9562509, 10.3545003]}, "properties": {"id": 96907825, "amenity_type": "tertiary", "amenity": "Labogon Interior Road", "lgu": "Mandaue City"}}, {"type": "Feature", "geometry": {"type": "Point", "coordinates": [123.930954, 10.359893]}, "properties": {"id": 97365802, "amenity_type": "tertiary", "amenity": "P. L. Sanchez Street", "lgu": "Mandaue City"}}, {"type": "Feature", "geometry": {"type": "Point", "coordinates": [123.9326869, 10.359963]}, "properties": {"id": 97365832, "amenity_type": "tertiary", "amenity": "P. L. Sanchez Street", "lgu": "Mandaue City"}}, {"type": "Feature", "geometry": {"type": "Point", "coordinates": [123.9312116, 10.3704873]}, "properties": {"id": 97366787, "amenity_type": "tertiary", "amenity": "Unnamed road corridor", "lgu": "Mandaue City"}}, {"type": "Feature", "geometry": {"type": "Point", "coordinates": [123.9385271, 10.3693276]}, "properties": {"id": 97367108, "amenity_type": "tertiary", "amenity": "Aurelio V. Alivio Senior Street", "lgu": "Mandaue City"}}, {"type": "Feature", "geometry": {"type": "Point", "coordinates": [123.9418685, 10.3667442]}, "properties": {"id": 97367113, "amenity_type": "tertiary", "amenity": "Unnamed road corridor", "lgu": "Mandaue City"}}, {"type": "Feature", "geometry": {"type": "Point", "coordinates": [123.9430652, 10.3693857]}, "properties": {"id": 97367212, "amenity_type": "tertiary", "amenity": "Pedro I. Ouano Street", "lgu": "Mandaue City"}}, {"type": "Feature", "geometry": {"type": "Point", "coordinates": [123.9456761, 10.3713073]}, "properties": {"id": 97367219, "amenity_type": "tertiary", "amenity": "Unnamed road corridor", "lgu": "Mandaue City"}}, {"type": "Feature", "geometry": {"type": "Point", "coordinates": [123.9484547, 10.3724477]}, "properties": {"id": 97367225, "amenity_type": "tertiary", "amenity": "Unnamed road corridor", "lgu": "Mandaue City"}}, {"type": "Feature", "geometry": {"type": "Point", "coordinates": [123.9493748, 10.3719704]}, "properties": {"id": 97367242, "amenity_type": "tertiary", "amenity": "Magnolia Street", "lgu": "Mandaue City"}}, {"type": "Feature", "geometry": {"type": "Point", "coordinates": [123.954152, 10.368263]}, "properties": {"id": 97519968, "amenity_type": "tertiary", "amenity": "Upper Jagobiao Road", "lgu": "Mandaue City"}}, {"type": "Feature", "geometry": {"type": "Point", "coordinates": [123.9578962, 10.3659804]}, "properties": {"id": 97519969, "amenity_type": "tertiary", "amenity": "Acacia Hills Road", "lgu": "Mandaue City"}}, {"type": "Feature", "geometry": {"type": "Point", "coordinates": [123.9598978, 10.3672021]}, "properties": {"id": 97519971, "amenity_type": "tertiary", "amenity": "Tomas P. Go Road", "lgu": "Mandaue City"}}, {"type": "Feature", "geometry": {"type": "Point", "coordinates": [123.9590219, 10.3714802]}, "properties": {"id": 97519989, "amenity_type": "tertiary", "amenity": "Nangka Purok 1 - V & G Access Road", "lgu": "Mandaue City"}}, {"type": "Feature", "geometry": {"type": "Point", "coordinates": [123.95512, 10.3387154]}, "properties": {"id": 97810467, "amenity_type": "trunk", "amenity": "D.M. Cortes Avenue", "lgu": "Mandaue City"}}, {"type": "Feature", "geometry": {"type": "Point", "coordinates": [123.9549756, 10.3385994]}, "properties": {"id": 97810468, "amenity_type": "trunk", "amenity": "D.M. Cortes Avenue", "lgu": "Mandaue City"}}, {"type": "Feature", "geometry": {"type": "Point", "coordinates": [123.955113, 10.3386442]}, "properties": {"id": 97810795, "amenity_type": "primary", "amenity": "United Nations Avenue", "lgu": "Mandaue City"}}, {"type": "Feature", "geometry": {"type": "Point", "coordinates": [123.9552225, 10.3385939]}, "properties": {"id": 97810796, "amenity_type": "primary", "amenity": "United Nations Avenue", "lgu": "Mandaue City"}}, {"type": "Feature", "geometry": {"type": "Point", "coordinates": [123.9484413, 10.3301548]}, "properties": {"id": 97908344, "amenity_type": "primary", "amenity": "A.C. Cortes Avenue", "lgu": "Mandaue City"}}, {"type": "Feature", "geometry": {"type": "Point", "coordinates": [123.9473142, 10.3308654]}, "properties": {"id": 97908347, "amenity_type": "primary", "amenity": "A.C. Cortes Avenue", "lgu": "Mandaue City"}}, {"type": "Feature", "geometry": {"type": "Point", "coordinates": [123.94759, 10.3300484]}, "properties": {"id": 97908348, "amenity_type": "trunk", "amenity": "D.M. Cortes Avenue", "lgu": "Mandaue City"}}, {"type": "Feature", "geometry": {"type": "Point", "coordinates": [123.951589, 10.3352812]}, "properties": {"id": 97908351, "amenity_type": "trunk", "amenity": "D.M. Cortes Avenue", "lgu": "Mandaue City"}}, {"type": "Feature", "geometry": {"type": "Point", "coordinates": [123.9550743, 10.3387994]}, "properties": {"id": 97908560, "amenity_type": "primary", "amenity": "United Nations Avenue", "lgu": "Mandaue City"}}, {"type": "Feature", "geometry": {"type": "Point", "coordinates": [123.9507414, 10.3403529]}, "properties": {"id": 97908561, "amenity_type": "primary", "amenity": "United Nations Avenue", "lgu": "Mandaue City"}}, {"type": "Feature", "geometry": {"type": "Point", "coordinates": [123.9560276, 10.3395509]}, "properties": {"id": 97908564, "amenity_type": "trunk", "amenity": "D.M. Cortes Avenue", "lgu": "Mandaue City"}}, {"type": "Feature", "geometry": {"type": "Point", "coordinates": [123.9602117, 10.3756283]}, "properties": {"id": 97925531, "amenity_type": "tertiary", "amenity": "V & G Drive", "lgu": "Mandaue City"}}, {"type": "Feature", "geometry": {"type": "Point", "coordinates": [123.9603787, 10.3745045]}, "properties": {"id": 97925532, "amenity_type": "tertiary", "amenity": "V & G Drive", "lgu": "Mandaue City"}}, {"type": "Feature", "geometry": {"type": "Point", "coordinates": [123.9614487, 10.3741487]}, "properties": {"id": 97925550, "amenity_type": "tertiary", "amenity": "V&G Access Road", "lgu": "Mandaue City"}}, {"type": "Feature", "geometry": {"type": "Point", "coordinates": [123.9654675, 10.3733332]}, "properties": {"id": 97925563, "amenity_type": "tertiary", "amenity": "Purok 4 Road - V&G - Laray Access Road", "lgu": "Mandaue City"}}, {"type": "Feature", "geometry": {"type": "Point", "coordinates": [123.9405048, 10.3829519]}, "properties": {"id": 98087178, "amenity_type": "tertiary", "amenity": "Unnamed road corridor", "lgu": "Mandaue City"}}, {"type": "Feature", "geometry": {"type": "Point", "coordinates": [123.9550638, 10.3742865]}, "properties": {"id": 98087186, "amenity_type": "tertiary", "amenity": "Unnamed road corridor", "lgu": "Mandaue City"}}, {"type": "Feature", "geometry": {"type": "Point", "coordinates": [123.9564678, 10.3833648]}, "properties": {"id": 98087199, "amenity_type": "tertiary", "amenity": "M. Pepito Street", "lgu": "Mandaue City"}}, {"type": "Feature", "geometry": {"type": "Point", "coordinates": [123.9540176, 10.378971]}, "properties": {"id": 98087268, "amenity_type": "tertiary", "amenity": "Columbus Street", "lgu": "Mandaue City"}}, {"type": "Feature", "geometry": {"type": "Point", "coordinates": [123.9512911, 10.3802029]}, "properties": {"id": 98087270, "amenity_type": "tertiary", "amenity": "Columbus Street", "lgu": "Mandaue City"}}, {"type": "Feature", "geometry": {"type": "Point", "coordinates": [123.9566931, 10.3762669]}, "properties": {"id": 98087277, "amenity_type": "tertiary", "amenity": "Hatamosa Street", "lgu": "Mandaue City"}}, {"type": "Feature", "geometry": {"type": "Point", "coordinates": [123.9485307, 10.3730109]}, "properties": {"id": 98087325, "amenity_type": "tertiary", "amenity": "Unnamed road corridor", "lgu": "Mandaue City"}}, {"type": "Feature", "geometry": {"type": "Point", "coordinates": [123.9620636, 10.3772593]}, "properties": {"id": 98087352, "amenity_type": "primary", "amenity": "Cebu North Road", "lgu": "Mandaue City"}}, {"type": "Feature", "geometry": {"type": "Point", "coordinates": [123.9619225, 10.3771659]}, "properties": {"id": 98087353, "amenity_type": "primary", "amenity": "Cebu North Road", "lgu": "Mandaue City"}}, {"type": "Feature", "geometry": {"type": "Point", "coordinates": [123.9625708, 10.3852961]}, "properties": {"id": 98087357, "amenity_type": "tertiary", "amenity": "Diversion Road", "lgu": "Mandaue City"}}, {"type": "Feature", "geometry": {"type": "Point", "coordinates": [123.9640346, 10.3787458]}, "properties": {"id": 98087359, "amenity_type": "primary", "amenity": "Cebu North Road", "lgu": "Mandaue City"}}, {"type": "Feature", "geometry": {"type": "Point", "coordinates": [123.935715, 10.3822052]}, "properties": {"id": 98167069, "amenity_type": "tertiary", "amenity": "Unnamed road corridor", "lgu": "Mandaue City"}}, {"type": "Feature", "geometry": {"type": "Point", "coordinates": [123.9516612, 10.3972995]}, "properties": {"id": 98167724, "amenity_type": "tertiary", "amenity": "Unnamed road corridor", "lgu": "Mandaue City"}}, {"type": "Feature", "geometry": {"type": "Point", "coordinates": [123.958428, 10.3957764]}, "properties": {"id": 99190181, "amenity_type": "tertiary", "amenity": "Diversion Road", "lgu": "Mandaue City"}}, {"type": "Feature", "geometry": {"type": "Point", "coordinates": [123.9546826, 10.3988284]}, "properties": {"id": 99190182, "amenity_type": "tertiary", "amenity": "Unnamed road corridor", "lgu": "Mandaue City"}}, {"type": "Feature", "geometry": {"type": "Point", "coordinates": [123.9523468, 10.3987188]}, "properties": {"id": 161841792, "amenity_type": "tertiary", "amenity": "Unnamed road corridor", "lgu": "Mandaue City"}}, {"type": "Feature", "geometry": {"type": "Point", "coordinates": [123.9557423, 10.3743899]}, "properties": {"id": 209553124, "amenity_type": "primary", "amenity": "Cebu North Road", "lgu": "Mandaue City"}}, {"type": "Feature", "geometry": {"type": "Point", "coordinates": [123.9449748, 10.3296996]}, "properties": {"id": 210155876, "amenity_type": "tertiary", "amenity": "P. Burgos Street", "lgu": "Mandaue City"}}, {"type": "Feature", "geometry": {"type": "Point", "coordinates": [123.9367961, 10.3303948]}, "properties": {"id": 234947390, "amenity_type": "tertiary", "amenity": "A. del Rosario Street", "lgu": "Mandaue City"}}, {"type": "Feature", "geometry": {"type": "Point", "coordinates": [123.9334174, 10.3297877]}, "properties": {"id": 234947403, "amenity_type": "tertiary", "amenity": "A. del Rosario Street", "lgu": "Mandaue City"}}, {"type": "Feature", "geometry": {"type": "Point", "coordinates": [123.9425649, 10.3337492]}, "properties": {"id": 234947404, "amenity_type": "primary", "amenity": "A.C. Cortes Avenue", "lgu": "Mandaue City"}}, {"type": "Feature", "geometry": {"type": "Point", "coordinates": [123.9379473, 10.3371736]}, "properties": {"id": 237983870, "amenity_type": "secondary", "amenity": "Manuel L. Quezon Avenue", "lgu": "Mandaue City"}}, {"type": "Feature", "geometry": {"type": "Point", "coordinates": [123.9549629, 10.3387169]}, "properties": {"id": 237983873, "amenity_type": "primary", "amenity": "United Nations Avenue", "lgu": "Mandaue City"}}, {"type": "Feature", "geometry": {"type": "Point", "coordinates": [123.9467507, 10.3405086]}, "properties": {"id": 237983875, "amenity_type": "primary", "amenity": "M.C. Briones Street", "lgu": "Mandaue City"}}, {"type": "Feature", "geometry": {"type": "Point", "coordinates": [123.9346074, 10.3334306]}, "properties": {"id": 237983882, "amenity_type": "secondary", "amenity": "A. S. Fortuna Street", "lgu": "Mandaue City"}}, {"type": "Feature", "geometry": {"type": "Point", "coordinates": [123.9460144, 10.3396124]}, "properties": {"id": 237986160, "amenity_type": "primary", "amenity": "M.C. Briones Street", "lgu": "Mandaue City"}}, {"type": "Feature", "geometry": {"type": "Point", "coordinates": [123.9405596, 10.3356397]}, "properties": {"id": 237986164, "amenity_type": "primary", "amenity": "M.C. Briones Street", "lgu": "Mandaue City"}}, {"type": "Feature", "geometry": {"type": "Point", "coordinates": [123.9335444, 10.3348706]}, "properties": {"id": 237986166, "amenity_type": "secondary", "amenity": "A. S. Fortuna Street", "lgu": "Mandaue City"}}, {"type": "Feature", "geometry": {"type": "Point", "coordinates": [123.9357246, 10.3385561]}, "properties": {"id": 237986167, "amenity_type": "tertiary", "amenity": "V. Albano Street", "lgu": "Mandaue City"}}, {"type": "Feature", "geometry": {"type": "Point", "coordinates": [123.9337972, 10.3308331]}, "properties": {"id": 237993510, "amenity_type": "primary", "amenity": "M.C. Briones Street", "lgu": "Mandaue City"}}, {"type": "Feature", "geometry": {"type": "Point", "coordinates": [123.9375192, 10.3303066]}, "properties": {"id": 237993514, "amenity_type": "tertiary", "amenity": "A. del Rosario Street", "lgu": "Mandaue City"}}, {"type": "Feature", "geometry": {"type": "Point", "coordinates": [123.9435807, 10.3378207]}, "properties": {"id": 238041963, "amenity_type": "primary", "amenity": "M.C. Briones Street", "lgu": "Mandaue City"}}, {"type": "Feature", "geometry": {"type": "Point", "coordinates": [123.9396848, 10.3351574]}, "properties": {"id": 242680396, "amenity_type": "primary", "amenity": "M.C. Briones Street", "lgu": "Mandaue City"}}, {"type": "Feature", "geometry": {"type": "Point", "coordinates": [123.9540048, 10.399548]}, "properties": {"id": 249852452, "amenity_type": "tertiary", "amenity": "Unnamed road corridor", "lgu": "Mandaue City"}}, {"type": "Feature", "geometry": {"type": "Point", "coordinates": [123.9534271, 10.3999556]}, "properties": {"id": 249852472, "amenity_type": "tertiary", "amenity": "Unnamed road corridor", "lgu": "Mandaue City"}}, {"type": "Feature", "geometry": {"type": "Point", "coordinates": [123.9593656, 10.3340741]}, "properties": {"id": 255630594, "amenity_type": "tertiary", "amenity": "R. A. Ouano Street", "lgu": "Mandaue City"}}, {"type": "Feature", "geometry": {"type": "Point", "coordinates": [123.9466925, 10.3855956]}, "properties": {"id": 355293214, "amenity_type": "tertiary", "amenity": "Columbus Street", "lgu": "Mandaue City"}}, {"type": "Feature", "geometry": {"type": "Point", "coordinates": [123.9480497, 10.3334764]}, "properties": {"id": 362877281, "amenity_type": "tertiary", "amenity": "Don G. LL. Ouano Street", "lgu": "Mandaue City"}}, {"type": "Feature", "geometry": {"type": "Point", "coordinates": [123.9370346, 10.3306793]}, "properties": {"id": 368713175, "amenity_type": "tertiary", "amenity": "A. S. Fortuna Street", "lgu": "Mandaue City"}}, {"type": "Feature", "geometry": {"type": "Point", "coordinates": [123.9471315, 10.340929]}, "properties": {"id": 408787459, "amenity_type": "tertiary", "amenity": "S.B. Cabahug Street", "lgu": "Mandaue City"}}, {"type": "Feature", "geometry": {"type": "Point", "coordinates": [123.9606199, 10.3741258]}, "properties": {"id": 451686532, "amenity_type": "tertiary", "amenity": "V & G Drive", "lgu": "Mandaue City"}}, {"type": "Feature", "geometry": {"type": "Point", "coordinates": [123.9625792, 10.3748783]}, "properties": {"id": 451689267, "amenity_type": "tertiary", "amenity": "V&G Subd. - Cansaga - Purok 4 Access Road", "lgu": "Mandaue City"}}, {"type": "Feature", "geometry": {"type": "Point", "coordinates": [123.9588792, 10.3762485]}, "properties": {"id": 455153194, "amenity_type": "primary", "amenity": "Cebu North Road", "lgu": "Mandaue City"}}, {"type": "Feature", "geometry": {"type": "Point", "coordinates": [123.9603109, 10.3732621]}, "properties": {"id": 455158554, "amenity_type": "tertiary", "amenity": "V&G Access Road", "lgu": "Mandaue City"}}, {"type": "Feature", "geometry": {"type": "Point", "coordinates": [123.949727, 10.3732959]}, "properties": {"id": 459893586, "amenity_type": "tertiary", "amenity": "Unnamed road corridor", "lgu": "Mandaue City"}}, {"type": "Feature", "geometry": {"type": "Point", "coordinates": [123.9657628, 10.3427344]}, "properties": {"id": 476002432, "amenity_type": "tertiary", "amenity": "Unnamed road corridor", "lgu": "Mandaue City"}}, {"type": "Feature", "geometry": {"type": "Point", "coordinates": [123.9497492, 10.3406551]}, "properties": {"id": 486279167, "amenity_type": "tertiary", "amenity": "P. Burgos Street", "lgu": "Mandaue City"}}, {"type": "Feature", "geometry": {"type": "Point", "coordinates": [123.9395993, 10.3351764]}, "properties": {"id": 590032321, "amenity_type": "secondary", "amenity": "Manuel L. Quezon Avenue", "lgu": "Mandaue City"}}, {"type": "Feature", "geometry": {"type": "Point", "coordinates": [123.9396435, 10.3352119]}, "properties": {"id": 590032323, "amenity_type": "secondary", "amenity": "Manuel L. Quezon Avenue", "lgu": "Mandaue City"}}, {"type": "Feature", "geometry": {"type": "Point", "coordinates": [123.9443246, 10.3352003]}, "properties": {"id": 590032366, "amenity_type": "tertiary", "amenity": "Don G. LL. Ouano Street", "lgu": "Mandaue City"}}, {"type": "Feature", "geometry": {"type": "Point", "coordinates": [123.9541517, 10.33142]}, "properties": {"id": 612613943, "amenity_type": "tertiary", "amenity": "R. A. Ouano Street", "lgu": "Mandaue City"}}, {"type": "Feature", "geometry": {"type": "Point", "coordinates": [123.9432906, 10.375931]}, "properties": {"id": 614722872, "amenity_type": "tertiary", "amenity": "Unnamed road corridor", "lgu": "Mandaue City"}}, {"type": "Feature", "geometry": {"type": "Point", "coordinates": [123.9467501, 10.3747805]}, "properties": {"id": 614722875, "amenity_type": "tertiary", "amenity": "Unnamed road corridor", "lgu": "Mandaue City"}}, {"type": "Feature", "geometry": {"type": "Point", "coordinates": [123.9481707, 10.3739341]}, "properties": {"id": 614722878, "amenity_type": "tertiary", "amenity": "Unnamed road corridor", "lgu": "Mandaue City"}}, {"type": "Feature", "geometry": {"type": "Point", "coordinates": [123.9488037, 10.3721818]}, "properties": {"id": 614722880, "amenity_type": "tertiary", "amenity": "Unnamed road corridor", "lgu": "Mandaue City"}}, {"type": "Feature", "geometry": {"type": "Point", "coordinates": [123.9529797, 10.3704269]}, "properties": {"id": 614722882, "amenity_type": "tertiary", "amenity": "C. Congson Street", "lgu": "Mandaue City"}}, {"type": "Feature", "geometry": {"type": "Point", "coordinates": [123.9386507, 10.3791244]}, "properties": {"id": 614742272, "amenity_type": "tertiary", "amenity": "Unnamed road corridor", "lgu": "Mandaue City"}}, {"type": "Feature", "geometry": {"type": "Point", "coordinates": [123.938927, 10.3788141]}, "properties": {"id": 614742273, "amenity_type": "tertiary", "amenity": "Unnamed road corridor", "lgu": "Mandaue City"}}, {"type": "Feature", "geometry": {"type": "Point", "coordinates": [123.9400648, 10.3778837]}, "properties": {"id": 614742286, "amenity_type": "tertiary", "amenity": "Unnamed road corridor", "lgu": "Mandaue City"}}, {"type": "Feature", "geometry": {"type": "Point", "coordinates": [123.9526269, 10.3732888]}, "properties": {"id": 614747219, "amenity_type": "tertiary", "amenity": "Pandayan Street", "lgu": "Mandaue City"}}, {"type": "Feature", "geometry": {"type": "Point", "coordinates": [123.9543264, 10.373151]}, "properties": {"id": 614747221, "amenity_type": "tertiary", "amenity": "Pandayan Street", "lgu": "Mandaue City"}}, {"type": "Feature", "geometry": {"type": "Point", "coordinates": [123.9544676, 10.3738357]}, "properties": {"id": 614747222, "amenity_type": "tertiary", "amenity": "M. Pepito Street", "lgu": "Mandaue City"}}, {"type": "Feature", "geometry": {"type": "Point", "coordinates": [123.9370358, 10.342124]}, "properties": {"id": 620511927, "amenity_type": "tertiary", "amenity": "V. Albaño Street", "lgu": "Mandaue City"}}, {"type": "Feature", "geometry": {"type": "Point", "coordinates": [123.9355896, 10.349037]}, "properties": {"id": 620618081, "amenity_type": "tertiary", "amenity": "M. Ceniza Street", "lgu": "Mandaue City"}}, {"type": "Feature", "geometry": {"type": "Point", "coordinates": [123.9489295, 10.3498735]}, "properties": {"id": 620639162, "amenity_type": "primary", "amenity": "M.C. Briones Street", "lgu": "Mandaue City"}}, {"type": "Feature", "geometry": {"type": "Point", "coordinates": [123.9342141, 10.3604772]}, "properties": {"id": 620835663, "amenity_type": "tertiary", "amenity": "P. L. Sanchez Street", "lgu": "Mandaue City"}}, {"type": "Feature", "geometry": {"type": "Point", "coordinates": [123.9354962, 10.3611698]}, "properties": {"id": 620835664, "amenity_type": "tertiary", "amenity": "P. L. Sanchez Street", "lgu": "Mandaue City"}}, {"type": "Feature", "geometry": {"type": "Point", "coordinates": [123.9616593, 10.3923192]}, "properties": {"id": 621090520, "amenity_type": "tertiary", "amenity": "Diversion Road", "lgu": "Mandaue City"}}, {"type": "Feature", "geometry": {"type": "Point", "coordinates": [123.9617028, 10.3918352]}, "properties": {"id": 621090522, "amenity_type": "tertiary", "amenity": "Diversion Road", "lgu": "Mandaue City"}}, {"type": "Feature", "geometry": {"type": "Point", "coordinates": [123.9641008, 10.3787933]}, "properties": {"id": 621090545, "amenity_type": "primary", "amenity": "Cebu North Road", "lgu": "Mandaue City"}}, {"type": "Feature", "geometry": {"type": "Point", "coordinates": [123.9366388, 10.3698859]}, "properties": {"id": 626778766, "amenity_type": "tertiary", "amenity": "J. Mayol", "lgu": "Mandaue City"}}, {"type": "Feature", "geometry": {"type": "Point", "coordinates": [123.934781, 10.3501173]}, "properties": {"id": 628228009, "amenity_type": "tertiary", "amenity": "B. Suico Street", "lgu": "Mandaue City"}}, {"type": "Feature", "geometry": {"type": "Point", "coordinates": [123.9341809, 10.3539497]}, "properties": {"id": 628228010, "amenity_type": "tertiary", "amenity": "B. Suico Street", "lgu": "Mandaue City"}}, {"type": "Feature", "geometry": {"type": "Point", "coordinates": [123.9341539, 10.352159]}, "properties": {"id": 628228011, "amenity_type": "tertiary", "amenity": "B. Suico Street", "lgu": "Mandaue City"}}, {"type": "Feature", "geometry": {"type": "Point", "coordinates": [123.9332402, 10.3771189]}, "properties": {"id": 668599805, "amenity_type": "tertiary", "amenity": "Unnamed road corridor", "lgu": "Mandaue City"}}, {"type": "Feature", "geometry": {"type": "Point", "coordinates": [123.9532481, 10.3705127]}, "properties": {"id": 668806548, "amenity_type": "primary", "amenity": "Cebu North Road", "lgu": "Mandaue City"}}, {"type": "Feature", "geometry": {"type": "Point", "coordinates": [123.9682587, 10.3716994]}, "properties": {"id": 669041813, "amenity_type": "tertiary", "amenity": "Unnamed road corridor", "lgu": "Mandaue City"}}, {"type": "Feature", "geometry": {"type": "Point", "coordinates": [123.9635771, 10.339078]}, "properties": {"id": 670138391, "amenity_type": "tertiary", "amenity": "Unnamed road corridor", "lgu": "Mandaue City"}}, {"type": "Feature", "geometry": {"type": "Point", "coordinates": [123.9442257, 10.3327206]}, "properties": {"id": 670164400, "amenity_type": "tertiary", "amenity": "S.B. Cabahug Street", "lgu": "Mandaue City"}}, {"type": "Feature", "geometry": {"type": "Point", "coordinates": [123.9350705, 10.3405087]}, "properties": {"id": 670640943, "amenity_type": "secondary", "amenity": "Manuel L. Quezon Avenue", "lgu": "Mandaue City"}}, {"type": "Feature", "geometry": {"type": "Point", "coordinates": [123.9476593, 10.3414147]}, "properties": {"id": 672956969, "amenity_type": "primary", "amenity": "United Nations Avenue", "lgu": "Mandaue City"}}, {"type": "Feature", "geometry": {"type": "Point", "coordinates": [123.9626192, 10.3319541]}, "properties": {"id": 672956971, "amenity_type": "primary", "amenity": "United Nations Avenue", "lgu": "Mandaue City"}}, {"type": "Feature", "geometry": {"type": "Point", "coordinates": [123.9625597, 10.331915]}, "properties": {"id": 672956979, "amenity_type": "primary", "amenity": "United Nations Avenue", "lgu": "Mandaue City"}}, {"type": "Feature", "geometry": {"type": "Point", "coordinates": [123.9478419, 10.330462]}, "properties": {"id": 725235885, "amenity_type": "trunk", "amenity": "D.M. Cortes Avenue", "lgu": "Mandaue City"}}, {"type": "Feature", "geometry": {"type": "Point", "coordinates": [123.9492291, 10.3294629]}, "properties": {"id": 725235886, "amenity_type": "primary", "amenity": "A.C. Cortes Avenue", "lgu": "Mandaue City"}}, {"type": "Feature", "geometry": {"type": "Point", "coordinates": [123.9390373, 10.3346905]}, "properties": {"id": 749744786, "amenity_type": "primary", "amenity": "M.C. Briones Street", "lgu": "Mandaue City"}}, {"type": "Feature", "geometry": {"type": "Point", "coordinates": [123.9425022, 10.3336225]}, "properties": {"id": 749744787, "amenity_type": "primary", "amenity": "A.C. Cortes Avenue", "lgu": "Mandaue City"}}, {"type": "Feature", "geometry": {"type": "Point", "coordinates": [123.9347257, 10.3374749]}, "properties": {"id": 855765583, "amenity_type": "tertiary", "amenity": "V. Albano Street", "lgu": "Mandaue City"}}, {"type": "Feature", "geometry": {"type": "Point", "coordinates": [123.9462897, 10.3393382]}, "properties": {"id": 855768717, "amenity_type": "tertiary", "amenity": "S.B. Cabahug Street", "lgu": "Mandaue City"}}, {"type": "Feature", "geometry": {"type": "Point", "coordinates": [123.9454825, 10.3391678]}, "properties": {"id": 855770825, "amenity_type": "primary", "amenity": "M.C. Briones Street", "lgu": "Mandaue City"}}, {"type": "Feature", "geometry": {"type": "Point", "coordinates": [123.9418802, 10.3873262]}, "properties": {"id": 856183901, "amenity_type": "tertiary", "amenity": "Unnamed road corridor", "lgu": "Mandaue City"}}, {"type": "Feature", "geometry": {"type": "Point", "coordinates": [123.9679345, 10.3806504]}, "properties": {"id": 856219279, "amenity_type": "primary", "amenity": "Cebu North Road", "lgu": "Mandaue City"}}, {"type": "Feature", "geometry": {"type": "Point", "coordinates": [123.964177, 10.3788437]}, "properties": {"id": 856219280, "amenity_type": "primary", "amenity": "Cebu North Road", "lgu": "Mandaue City"}}, {"type": "Feature", "geometry": {"type": "Point", "coordinates": [123.951685, 10.3672132]}, "properties": {"id": 858759481, "amenity_type": "primary", "amenity": "M.C. Briones Street", "lgu": "Mandaue City"}}, {"type": "Feature", "geometry": {"type": "Point", "coordinates": [123.9441322, 10.3324106]}, "properties": {"id": 860501105, "amenity_type": "tertiary", "amenity": "S.B. Cabahug Street", "lgu": "Mandaue City"}}, {"type": "Feature", "geometry": {"type": "Point", "coordinates": [123.9460676, 10.3386025]}, "properties": {"id": 860501106, "amenity_type": "tertiary", "amenity": "S.B. Cabahug Street", "lgu": "Mandaue City"}}, {"type": "Feature", "geometry": {"type": "Point", "coordinates": [123.9397083, 10.335081]}, "properties": {"id": 891261294, "amenity_type": "primary", "amenity": "A.C. Cortes Avenue", "lgu": "Mandaue City"}}, {"type": "Feature", "geometry": {"type": "Point", "coordinates": [123.9486716, 10.3318978]}, "properties": {"id": 894061264, "amenity_type": "trunk", "amenity": "D.M. Cortes Avenue", "lgu": "Mandaue City"}}, {"type": "Feature", "geometry": {"type": "Point", "coordinates": [123.9514966, 10.331451]}, "properties": {"id": 894061265, "amenity_type": "tertiary", "amenity": "Don G. LL. Ouano Street", "lgu": "Mandaue City"}}, {"type": "Feature", "geometry": {"type": "Point", "coordinates": [123.940323, 10.3355244]}, "properties": {"id": 894071652, "amenity_type": "primary", "amenity": "Maguikay Flyover", "lgu": "Mandaue City"}}, {"type": "Feature", "geometry": {"type": "Point", "coordinates": [123.9382409, 10.3301402]}, "properties": {"id": 894071659, "amenity_type": "tertiary", "amenity": "A. del Rosario Street", "lgu": "Mandaue City"}}, {"type": "Feature", "geometry": {"type": "Point", "coordinates": [123.9478792, 10.3363813]}, "properties": {"id": 895754595, "amenity_type": "tertiary", "amenity": "P. Burgos Street", "lgu": "Mandaue City"}}, {"type": "Feature", "geometry": {"type": "Point", "coordinates": [123.9465891, 10.3343578]}, "properties": {"id": 895754600, "amenity_type": "tertiary", "amenity": "Don G. LL. Ouano Street", "lgu": "Mandaue City"}}, {"type": "Feature", "geometry": {"type": "Point", "coordinates": [123.9462098, 10.3345562]}, "properties": {"id": 895754601, "amenity_type": "tertiary", "amenity": "Don G. LL. Ouano Street", "lgu": "Mandaue City"}}, {"type": "Feature", "geometry": {"type": "Point", "coordinates": [123.9463968, 10.3329776]}, "properties": {"id": 895754605, "amenity_type": "tertiary", "amenity": "P. Burgos Street", "lgu": "Mandaue City"}}, {"type": "Feature", "geometry": {"type": "Point", "coordinates": [123.9421576, 10.3364881]}, "properties": {"id": 895756026, "amenity_type": "tertiary", "amenity": "Don G. LL. Ouano Street", "lgu": "Mandaue City"}}, {"type": "Feature", "geometry": {"type": "Point", "coordinates": [123.9420209, 10.3367275]}, "properties": {"id": 895756027, "amenity_type": "primary", "amenity": "M.C. Briones Street", "lgu": "Mandaue City"}}, {"type": "Feature", "geometry": {"type": "Point", "coordinates": [123.9422161, 10.3365381]}, "properties": {"id": 895756028, "amenity_type": "tertiary", "amenity": "Don G. LL. Ouano Street", "lgu": "Mandaue City"}}, {"type": "Feature", "geometry": {"type": "Point", "coordinates": [123.9416224, 10.3364409]}, "properties": {"id": 895756029, "amenity_type": "primary", "amenity": "M.C. Briones Street", "lgu": "Mandaue City"}}, {"type": "Feature", "geometry": {"type": "Point", "coordinates": [123.9320424, 10.3363163]}, "properties": {"id": 896030611, "amenity_type": "secondary", "amenity": "A. S. Fortuna Street", "lgu": "Mandaue City"}}, {"type": "Feature", "geometry": {"type": "Point", "coordinates": [123.9330573, 10.3354179]}, "properties": {"id": 896030613, "amenity_type": "secondary", "amenity": "A. S. Fortuna Street", "lgu": "Mandaue City"}}, {"type": "Feature", "geometry": {"type": "Point", "coordinates": [123.9330129, 10.339282]}, "properties": {"id": 896035250, "amenity_type": "tertiary", "amenity": "Sacris Road", "lgu": "Mandaue City"}}, {"type": "Feature", "geometry": {"type": "Point", "coordinates": [123.9312502, 10.3395906]}, "properties": {"id": 896035252, "amenity_type": "tertiary", "amenity": "Aniceto Seno Road", "lgu": "Mandaue City"}}, {"type": "Feature", "geometry": {"type": "Point", "coordinates": [123.9336751, 10.3420414]}, "properties": {"id": 896256837, "amenity_type": "secondary", "amenity": "Manuel L. Quezon Avenue", "lgu": "Mandaue City"}}, {"type": "Feature", "geometry": {"type": "Point", "coordinates": [123.932057, 10.3437596]}, "properties": {"id": 896256838, "amenity_type": "secondary", "amenity": "Manuel L. Quezon Avenue", "lgu": "Mandaue City"}}, {"type": "Feature", "geometry": {"type": "Point", "coordinates": [123.9340965, 10.3409567]}, "properties": {"id": 896256839, "amenity_type": "tertiary", "amenity": "Bakilid-Maguikay Road", "lgu": "Mandaue City"}}, {"type": "Feature", "geometry": {"type": "Point", "coordinates": [123.9312444, 10.3727925]}, "properties": {"id": 897340813, "amenity_type": "tertiary", "amenity": "Unnamed road corridor", "lgu": "Mandaue City"}}, {"type": "Feature", "geometry": {"type": "Point", "coordinates": [123.9312691, 10.3732792]}, "properties": {"id": 897340814, "amenity_type": "tertiary", "amenity": "Unnamed road corridor", "lgu": "Mandaue City"}}, {"type": "Feature", "geometry": {"type": "Point", "coordinates": [123.9345699, 10.3767549]}, "properties": {"id": 897340815, "amenity_type": "tertiary", "amenity": "Unnamed road corridor", "lgu": "Mandaue City"}}, {"type": "Feature", "geometry": {"type": "Point", "coordinates": [123.9358664, 10.3755734]}, "properties": {"id": 897340816, "amenity_type": "tertiary", "amenity": "Victor Vega Street", "lgu": "Mandaue City"}}, {"type": "Feature", "geometry": {"type": "Point", "coordinates": [123.9444441, 10.3646357]}, "properties": {"id": 897760801, "amenity_type": "secondary", "amenity": "H. Abellana Street", "lgu": "Mandaue City"}}, {"type": "Feature", "geometry": {"type": "Point", "coordinates": [123.9426912, 10.3657585]}, "properties": {"id": 897760802, "amenity_type": "tertiary", "amenity": "Victor Vega Street", "lgu": "Mandaue City"}}, {"type": "Feature", "geometry": {"type": "Point", "coordinates": [123.9405393, 10.3676405]}, "properties": {"id": 897760806, "amenity_type": "tertiary", "amenity": "Aurelio V. Alivio Senior Street", "lgu": "Mandaue City"}}, {"type": "Feature", "geometry": {"type": "Point", "coordinates": [123.9473324, 10.363342]}, "properties": {"id": 897760807, "amenity_type": "secondary", "amenity": "H. Abellana Street", "lgu": "Mandaue City"}}, {"type": "Feature", "geometry": {"type": "Point", "coordinates": [123.9488036, 10.3621539]}, "properties": {"id": 897760812, "amenity_type": "secondary", "amenity": "H. Abellana Street", "lgu": "Mandaue City"}}, {"type": "Feature", "geometry": {"type": "Point", "coordinates": [123.9381996, 10.3636744]}, "properties": {"id": 898267725, "amenity_type": "tertiary", "amenity": "B. Suico Street", "lgu": "Mandaue City"}}, {"type": "Feature", "geometry": {"type": "Point", "coordinates": [123.9315211, 10.3592867]}, "properties": {"id": 898267726, "amenity_type": "tertiary", "amenity": "P. L. Sanchez Street", "lgu": "Mandaue City"}}, {"type": "Feature", "geometry": {"type": "Point", "coordinates": [123.9367555, 10.3617828]}, "properties": {"id": 898267730, "amenity_type": "tertiary", "amenity": "P. L. Sanchez Street", "lgu": "Mandaue City"}}, {"type": "Feature", "geometry": {"type": "Point", "coordinates": [123.9388431, 10.3651131]}, "properties": {"id": 898267731, "amenity_type": "tertiary", "amenity": "B. Suico Street", "lgu": "Mandaue City"}}, {"type": "Feature", "geometry": {"type": "Point", "coordinates": [123.9412081, 10.3651575]}, "properties": {"id": 898267732, "amenity_type": "secondary", "amenity": "H. Abellana Street", "lgu": "Mandaue City"}}, {"type": "Feature", "geometry": {"type": "Point", "coordinates": [123.9352552, 10.3684106]}, "properties": {"id": 898267736, "amenity_type": "tertiary", "amenity": "J. Mayol", "lgu": "Mandaue City"}}, {"type": "Feature", "geometry": {"type": "Point", "coordinates": [123.963128, 10.3456228]}, "properties": {"id": 898484901, "amenity_type": "trunk", "amenity": "D.M. Cortes Avenue", "lgu": "Mandaue City"}}, {"type": "Feature", "geometry": {"type": "Point", "coordinates": [123.9631023, 10.3456484]}, "properties": {"id": 898484902, "amenity_type": "trunk", "amenity": "D.M. Cortes Avenue", "lgu": "Mandaue City"}}, {"type": "Feature", "geometry": {"type": "Point", "coordinates": [123.9478261, 10.3451004]}, "properties": {"id": 899031008, "amenity_type": "primary", "amenity": "M.C. Briones Street", "lgu": "Mandaue City"}}, {"type": "Feature", "geometry": {"type": "Point", "coordinates": [123.9498178, 10.3535915]}, "properties": {"id": 899031010, "amenity_type": "primary", "amenity": "M.C. Briones Street", "lgu": "Mandaue City"}}, {"type": "Feature", "geometry": {"type": "Point", "coordinates": [123.9499102, 10.3543808]}, "properties": {"id": 899031011, "amenity_type": "primary", "amenity": "M.C. Briones Street", "lgu": "Mandaue City"}}, {"type": "Feature", "geometry": {"type": "Point", "coordinates": [123.950259, 10.3533848]}, "properties": {"id": 899345858, "amenity_type": "tertiary", "amenity": "Basak-Labogon Road", "lgu": "Mandaue City"}}, {"type": "Feature", "geometry": {"type": "Point", "coordinates": [123.9560441, 10.3498219]}, "properties": {"id": 899345871, "amenity_type": "tertiary", "amenity": "Labogon-Paknaan Road", "lgu": "Mandaue City"}}, {"type": "Feature", "geometry": {"type": "Point", "coordinates": [123.9548625, 10.3743998]}, "properties": {"id": 899742854, "amenity_type": "tertiary", "amenity": "M. Pepito Street", "lgu": "Mandaue City"}}, {"type": "Feature", "geometry": {"type": "Point", "coordinates": [123.9523768, 10.398517]}, "properties": {"id": 899742855, "amenity_type": "tertiary", "amenity": "Unnamed road corridor", "lgu": "Mandaue City"}}, {"type": "Feature", "geometry": {"type": "Point", "coordinates": [123.9603563, 10.3745805]}, "properties": {"id": 901481810, "amenity_type": "tertiary", "amenity": "V & G Drive", "lgu": "Mandaue City"}}, {"type": "Feature", "geometry": {"type": "Point", "coordinates": [123.9458418, 10.3317139]}, "properties": {"id": 906966522, "amenity_type": "tertiary", "amenity": "P. Burgos Street", "lgu": "Mandaue City"}}, {"type": "Feature", "geometry": {"type": "Point", "coordinates": [123.9572657, 10.3523591]}, "properties": {"id": 921332303, "amenity_type": "tertiary", "amenity": "Labogon Interior Road", "lgu": "Mandaue City"}}, {"type": "Feature", "geometry": {"type": "Point", "coordinates": [123.9447125, 10.338851]}, "properties": {"id": 921334935, "amenity_type": "tertiary", "amenity": "N. S. Cabahug Street", "lgu": "Mandaue City"}}, {"type": "Feature", "geometry": {"type": "Point", "coordinates": [123.9462188, 10.3314051]}, "properties": {"id": 921916210, "amenity_type": "primary", "amenity": "A.C. Cortes Avenue", "lgu": "Mandaue City"}}, {"type": "Feature", "geometry": {"type": "Point", "coordinates": [123.9475613, 10.3305672]}, "properties": {"id": 921916212, "amenity_type": "primary", "amenity": "A.C. Cortes Avenue", "lgu": "Mandaue City"}}, {"type": "Feature", "geometry": {"type": "Point", "coordinates": [123.9462745, 10.3315188]}, "properties": {"id": 921916213, "amenity_type": "primary", "amenity": "A.C. Cortes Avenue", "lgu": "Mandaue City"}}, {"type": "Feature", "geometry": {"type": "Point", "coordinates": [123.9457528, 10.3318465]}, "properties": {"id": 921941864, "amenity_type": "primary", "amenity": "A.C. Cortes Avenue", "lgu": "Mandaue City"}}, {"type": "Feature", "geometry": {"type": "Point", "coordinates": [123.9456931, 10.3317303]}, "properties": {"id": 921941865, "amenity_type": "primary", "amenity": "A.C. Cortes Avenue", "lgu": "Mandaue City"}}, {"type": "Feature", "geometry": {"type": "Point", "coordinates": [123.9398719, 10.3349928]}, "properties": {"id": 921952449, "amenity_type": "primary", "amenity": "A.C. Cortes Avenue", "lgu": "Mandaue City"}}, {"type": "Feature", "geometry": {"type": "Point", "coordinates": [123.9354406, 10.3319973]}, "properties": {"id": 922381407, "amenity_type": "primary", "amenity": "M.C. Briones Street", "lgu": "Mandaue City"}}, {"type": "Feature", "geometry": {"type": "Point", "coordinates": [123.9492322, 10.3394654]}, "properties": {"id": 922781382, "amenity_type": "tertiary", "amenity": "P. Burgos Street", "lgu": "Mandaue City"}}, {"type": "Feature", "geometry": {"type": "Point", "coordinates": [123.9448858, 10.3322304]}, "properties": {"id": 922781384, "amenity_type": "primary", "amenity": "A.C. Cortes Avenue", "lgu": "Mandaue City"}}, {"type": "Feature", "geometry": {"type": "Point", "coordinates": [123.9398193, 10.335071]}, "properties": {"id": 922781385, "amenity_type": "primary", "amenity": "M.C. Briones Street", "lgu": "Mandaue City"}}, {"type": "Feature", "geometry": {"type": "Point", "coordinates": [123.9343719, 10.3389288]}, "properties": {"id": 922781386, "amenity_type": "tertiary", "amenity": "L. Jayme Street", "lgu": "Mandaue City"}}, {"type": "Feature", "geometry": {"type": "Point", "coordinates": [123.9449439, 10.3323531]}, "properties": {"id": 922781387, "amenity_type": "primary", "amenity": "A.C. Cortes Avenue", "lgu": "Mandaue City"}}, {"type": "Feature", "geometry": {"type": "Point", "coordinates": [123.9673293, 10.339813]}, "properties": {"id": 928114564, "amenity_type": "tertiary", "amenity": "Unnamed road corridor", "lgu": "Mandaue City"}}, {"type": "Feature", "geometry": {"type": "Point", "coordinates": [123.9405259, 10.3347117]}, "properties": {"id": 933668550, "amenity_type": "primary", "amenity": "A.C. Cortes Avenue", "lgu": "Mandaue City"}}, {"type": "Feature", "geometry": {"type": "Point", "coordinates": [123.9396998, 10.3349859]}, "properties": {"id": 939350259, "amenity_type": "primary", "amenity": "M.C. Briones Street", "lgu": "Mandaue City"}}, {"type": "Feature", "geometry": {"type": "Point", "coordinates": [123.9401098, 10.3348882]}, "properties": {"id": 939350260, "amenity_type": "primary", "amenity": "A.C. Cortes Avenue", "lgu": "Mandaue City"}}, {"type": "Feature", "geometry": {"type": "Point", "coordinates": [123.9512422, 10.3714214]}, "properties": {"id": 962447843, "amenity_type": "tertiary", "amenity": "Magnolia Street", "lgu": "Mandaue City"}}, {"type": "Feature", "geometry": {"type": "Point", "coordinates": [123.9588756, 10.3763184]}, "properties": {"id": 1036183558, "amenity_type": "primary", "amenity": "Cebu North Road", "lgu": "Mandaue City"}}, {"type": "Feature", "geometry": {"type": "Point", "coordinates": [123.9618847, 10.3772236]}, "properties": {"id": 1036183559, "amenity_type": "primary", "amenity": "Cebu North Road", "lgu": "Mandaue City"}}, {"type": "Feature", "geometry": {"type": "Point", "coordinates": [123.9679164, 10.3807017]}, "properties": {"id": 1036183561, "amenity_type": "primary", "amenity": "Cebu North Road", "lgu": "Mandaue City"}}, {"type": "Feature", "geometry": {"type": "Point", "coordinates": [123.9692463, 10.381248]}, "properties": {"id": 1036183562, "amenity_type": "primary", "amenity": "Cebu North Road", "lgu": "Mandaue City"}}, {"type": "Feature", "geometry": {"type": "Point", "coordinates": [123.9640004, 10.3787946]}, "properties": {"id": 1036183566, "amenity_type": "primary", "amenity": "Cebu North Road", "lgu": "Mandaue City"}}, {"type": "Feature", "geometry": {"type": "Point", "coordinates": [123.9640642, 10.3788425]}, "properties": {"id": 1036183567, "amenity_type": "primary", "amenity": "Cebu North Road", "lgu": "Mandaue City"}}, {"type": "Feature", "geometry": {"type": "Point", "coordinates": [123.9692709, 10.3811952]}, "properties": {"id": 1036183568, "amenity_type": "primary", "amenity": "Cebu North Road", "lgu": "Mandaue City"}}, {"type": "Feature", "geometry": {"type": "Point", "coordinates": [123.9666313, 10.3801183]}, "properties": {"id": 1036183570, "amenity_type": "primary", "amenity": "Cebu North Road", "lgu": "Mandaue City"}}, {"type": "Feature", "geometry": {"type": "Point", "coordinates": [123.9564295, 10.3382905]}, "properties": {"id": 1139103127, "amenity_type": "primary", "amenity": "United Nations Avenue", "lgu": "Mandaue City"}}, {"type": "Feature", "geometry": {"type": "Point", "coordinates": [123.9617416, 10.3375649]}, "properties": {"id": 1152387705, "amenity_type": "tertiary", "amenity": "Unnamed road corridor", "lgu": "Mandaue City"}}, {"type": "Feature", "geometry": {"type": "Point", "coordinates": [123.9426634, 10.390672]}, "properties": {"id": 1153630682, "amenity_type": "tertiary", "amenity": "Columbus Street", "lgu": "Mandaue City"}}, {"type": "Feature", "geometry": {"type": "Point", "coordinates": [123.9430918, 10.3903261]}, "properties": {"id": 1153630683, "amenity_type": "tertiary", "amenity": "Columbus Street", "lgu": "Mandaue City"}}, {"type": "Feature", "geometry": {"type": "Point", "coordinates": [123.9426848, 10.390672]}, "properties": {"id": 1153630684, "amenity_type": "tertiary", "amenity": "Columbus Street", "lgu": "Mandaue City"}}, {"type": "Feature", "geometry": {"type": "Point", "coordinates": [123.9466599, 10.3402333]}, "properties": {"id": 1159170443, "amenity_type": "tertiary", "amenity": "S.B. Cabahug Street", "lgu": "Mandaue City"}}, {"type": "Feature", "geometry": {"type": "Point", "coordinates": [123.9491322, 10.3620251]}, "properties": {"id": 1184324084, "amenity_type": "secondary", "amenity": "H. Abellana Street", "lgu": "Mandaue City"}}, {"type": "Feature", "geometry": {"type": "Point", "coordinates": [123.9495256, 10.3619792]}, "properties": {"id": 1184324085, "amenity_type": "secondary", "amenity": "H. Abellana Street", "lgu": "Mandaue City"}}, {"type": "Feature", "geometry": {"type": "Point", "coordinates": [123.9497883, 10.3622679]}, "properties": {"id": 1184324086, "amenity_type": "primary", "amenity": "M.C. Briones Street", "lgu": "Mandaue City"}}, {"type": "Feature", "geometry": {"type": "Point", "coordinates": [123.9497439, 10.3618961]}, "properties": {"id": 1184324087, "amenity_type": "primary", "amenity": "M.C. Briones Street", "lgu": "Mandaue City"}}, {"type": "Feature", "geometry": {"type": "Point", "coordinates": [123.9536687, 10.3713345]}, "properties": {"id": 1185411908, "amenity_type": "primary", "amenity": "Cebu North Road", "lgu": "Mandaue City"}}, {"type": "Feature", "geometry": {"type": "Point", "coordinates": [123.9544658, 10.3728181]}, "properties": {"id": 1185411909, "amenity_type": "primary", "amenity": "Cebu North Road", "lgu": "Mandaue City"}}, {"type": "Feature", "geometry": {"type": "Point", "coordinates": [123.9564168, 10.3755215]}, "properties": {"id": 1185411913, "amenity_type": "primary", "amenity": "Cebu North Road", "lgu": "Mandaue City"}}, {"type": "Feature", "geometry": {"type": "Point", "coordinates": [123.9552748, 10.3740958]}, "properties": {"id": 1185411915, "amenity_type": "primary", "amenity": "Cebu North Road", "lgu": "Mandaue City"}}, {"type": "Feature", "geometry": {"type": "Point", "coordinates": [123.9464853, 10.3399449]}, "properties": {"id": 1207315453, "amenity_type": "tertiary", "amenity": "S.B. Cabahug Street", "lgu": "Mandaue City"}}, {"type": "Feature", "geometry": {"type": "Point", "coordinates": [123.9463973, 10.3400207]}, "properties": {"id": 1207315454, "amenity_type": "primary", "amenity": "M.C. Briones Street", "lgu": "Mandaue City"}}, {"type": "Feature", "geometry": {"type": "Point", "coordinates": [123.9557502, 10.3756619]}, "properties": {"id": 1241303712, "amenity_type": "tertiary", "amenity": "M. Pepito Street", "lgu": "Mandaue City"}}, {"type": "Feature", "geometry": {"type": "Point", "coordinates": [123.9620246, 10.3773175]}, "properties": {"id": 1308935258, "amenity_type": "primary", "amenity": "Cebu North Road", "lgu": "Mandaue City"}}, {"type": "Feature", "geometry": {"type": "Point", "coordinates": [123.9630841, 10.3780251]}, "properties": {"id": 1308935259, "amenity_type": "primary", "amenity": "Cebu North Road", "lgu": "Mandaue City"}}, {"type": "Feature", "geometry": {"type": "Point", "coordinates": [123.9419992, 10.3917882]}, "properties": {"id": 1316059312, "amenity_type": "tertiary", "amenity": "Unnamed road corridor", "lgu": "Mandaue City"}}, {"type": "Feature", "geometry": {"type": "Point", "coordinates": [123.9468653, 10.3407382]}, "properties": {"id": 1324330843, "amenity_type": "primary", "amenity": "M.C. Briones Street", "lgu": "Mandaue City"}}, {"type": "Feature", "geometry": {"type": "Point", "coordinates": [123.946607, 10.3402831]}, "properties": {"id": 1324330844, "amenity_type": "primary", "amenity": "M.C. Briones Street", "lgu": "Mandaue City"}}, {"type": "Feature", "geometry": {"type": "Point", "coordinates": [123.9489563, 10.3408858]}, "properties": {"id": 1324331403, "amenity_type": "primary", "amenity": "United Nations Avenue", "lgu": "Mandaue City"}}, {"type": "Feature", "geometry": {"type": "Point", "coordinates": [123.9479075, 10.3412627]}, "properties": {"id": 1324331404, "amenity_type": "primary", "amenity": "United Nations Avenue", "lgu": "Mandaue City"}}, {"type": "Feature", "geometry": {"type": "Point", "coordinates": [123.9532991, 10.3705157]}, "properties": {"id": 1324946314, "amenity_type": "primary", "amenity": "Cebu North Road", "lgu": "Mandaue City"}}, {"type": "Feature", "geometry": {"type": "Point", "coordinates": [123.9542457, 10.3724013]}, "properties": {"id": 1324946315, "amenity_type": "primary", "amenity": "Cebu North Road", "lgu": "Mandaue City"}}, {"type": "Feature", "geometry": {"type": "Point", "coordinates": [123.9541117, 10.372151]}, "properties": {"id": 1324946316, "amenity_type": "primary", "amenity": "Cebu North Road", "lgu": "Mandaue City"}}, {"type": "Feature", "geometry": {"type": "Point", "coordinates": [123.9603415, 10.3746431]}, "properties": {"id": 1337825916, "amenity_type": "tertiary", "amenity": "V & G Drive", "lgu": "Mandaue City"}}, {"type": "Feature", "geometry": {"type": "Point", "coordinates": [123.9603652, 10.3745381]}, "properties": {"id": 1337825917, "amenity_type": "tertiary", "amenity": "V & G Drive", "lgu": "Mandaue City"}}, {"type": "Feature", "geometry": {"type": "Point", "coordinates": [123.9484396, 10.3624254]}, "properties": {"id": 1339700673, "amenity_type": "secondary", "amenity": "H. Abellana Street", "lgu": "Mandaue City"}}, {"type": "Feature", "geometry": {"type": "Point", "coordinates": [123.9485505, 10.3623278]}, "properties": {"id": 1339700674, "amenity_type": "secondary", "amenity": "H. Abellana Street", "lgu": "Mandaue City"}}, {"type": "Feature", "geometry": {"type": "Point", "coordinates": [123.9497209, 10.361604]}, "properties": {"id": 1339700800, "amenity_type": "primary", "amenity": "M.C. Briones Street", "lgu": "Mandaue City"}}, {"type": "Feature", "geometry": {"type": "Point", "coordinates": [123.9660504, 10.3797495]}, "properties": {"id": 1339702168, "amenity_type": "primary", "amenity": "Cebu North Road", "lgu": "Mandaue City"}}, {"type": "Feature", "geometry": {"type": "Point", "coordinates": [123.9641597, 10.3789097]}, "properties": {"id": 1339702170, "amenity_type": "primary", "amenity": "Cebu North Road", "lgu": "Mandaue City"}}, {"type": "Feature", "geometry": {"type": "Point", "coordinates": [123.963049, 10.3780795]}, "properties": {"id": 1339702171, "amenity_type": "primary", "amenity": "Cebu North Road", "lgu": "Mandaue City"}}, {"type": "Feature", "geometry": {"type": "Point", "coordinates": [123.9357935, 10.3324118]}, "properties": {"id": 1339841509, "amenity_type": "primary", "amenity": "M.C. Briones Street", "lgu": "Mandaue City"}}, {"type": "Feature", "geometry": {"type": "Point", "coordinates": [123.9355992, 10.3321033]}, "properties": {"id": 1339842113, "amenity_type": "primary", "amenity": "M.C. Briones Street", "lgu": "Mandaue City"}}, {"type": "Feature", "geometry": {"type": "Point", "coordinates": [123.9354503, 10.3322334]}, "properties": {"id": 1339842398, "amenity_type": "secondary", "amenity": "A. S. Fortuna Street", "lgu": "Mandaue City"}}, {"type": "Feature", "geometry": {"type": "Point", "coordinates": [123.9357945, 10.3317926]}, "properties": {"id": 1339844105, "amenity_type": "tertiary", "amenity": "A. S. Fortuna Street", "lgu": "Mandaue City"}}, {"type": "Feature", "geometry": {"type": "Point", "coordinates": [123.9601834, 10.3755783]}, "properties": {"id": 1339880342, "amenity_type": "tertiary", "amenity": "V & G Drive", "lgu": "Mandaue City"}}, {"type": "Feature", "geometry": {"type": "Point", "coordinates": [123.9603388, 10.3745545]}, "properties": {"id": 1339882296, "amenity_type": "tertiary", "amenity": "V & G Drive", "lgu": "Mandaue City"}}, {"type": "Feature", "geometry": {"type": "Point", "coordinates": [123.9647949, 10.3792431]}, "properties": {"id": 1340209289, "amenity_type": "primary", "amenity": "Cebu North Road", "lgu": "Mandaue City"}}, {"type": "Feature", "geometry": {"type": "Point", "coordinates": [123.9559191, 10.3979031]}, "properties": {"id": 1340224414, "amenity_type": "tertiary", "amenity": "Unnamed road corridor", "lgu": "Mandaue City"}}, {"type": "Feature", "geometry": {"type": "Point", "coordinates": [123.9533539, 10.3705747]}, "properties": {"id": 1342176254, "amenity_type": "primary", "amenity": "Cebu North Road", "lgu": "Mandaue City"}}, {"type": "Feature", "geometry": {"type": "Point", "coordinates": [123.9540011, 10.3717951]}, "properties": {"id": 1342176255, "amenity_type": "primary", "amenity": "Cebu North Road", "lgu": "Mandaue City"}}, {"type": "Feature", "geometry": {"type": "Point", "coordinates": [123.953208, 10.3701287]}, "properties": {"id": 1360929383, "amenity_type": "primary", "amenity": "M.C. Briones Street", "lgu": "Mandaue City"}}, {"type": "Feature", "geometry": {"type": "Point", "coordinates": [123.953232, 10.3703257]}, "properties": {"id": 1360929384, "amenity_type": "primary", "amenity": "M.C. Briones Street", "lgu": "Mandaue City"}}, {"type": "Feature", "geometry": {"type": "Point", "coordinates": [123.9499958, 10.3634551]}, "properties": {"id": 1360929385, "amenity_type": "primary", "amenity": "M.C. Briones Street", "lgu": "Mandaue City"}}, {"type": "Feature", "geometry": {"type": "Point", "coordinates": [123.9451409, 10.3389136]}, "properties": {"id": 1362794464, "amenity_type": "primary", "amenity": "M.C. Briones Street", "lgu": "Mandaue City"}}, {"type": "Feature", "geometry": {"type": "Point", "coordinates": [123.9355082, 10.332125]}, "properties": {"id": 1363724761, "amenity_type": "secondary", "amenity": "A. S. Fortuna Street", "lgu": "Mandaue City"}}, {"type": "Feature", "geometry": {"type": "Point", "coordinates": [123.9553459, 10.338699]}, "properties": {"id": 1364964031, "amenity_type": "primary", "amenity": "United Nations Avenue", "lgu": "Mandaue City"}}, {"type": "Feature", "geometry": {"type": "Point", "coordinates": [123.9469539, 10.3409451]}, "properties": {"id": 1374321522, "amenity_type": "primary", "amenity": "M.C. Briones Street", "lgu": "Mandaue City"}}, {"type": "Feature", "geometry": {"type": "Point", "coordinates": [123.954635, 10.3388491]}, "properties": {"id": 1375606439, "amenity_type": "primary", "amenity": "United Nations Avenue", "lgu": "Mandaue City"}}, {"type": "Feature", "geometry": {"type": "Point", "coordinates": [123.9474665, 10.3417649]}, "properties": {"id": 1376434596, "amenity_type": "primary", "amenity": "Cebu North Road", "lgu": "Mandaue City"}}, {"type": "Feature", "geometry": {"type": "Point", "coordinates": [123.9594631, 10.3454267]}, "properties": {"id": 1382899271, "amenity_type": "tertiary", "amenity": "S. E. Jayme Street", "lgu": "Mandaue City"}}, {"type": "Feature", "geometry": {"type": "Point", "coordinates": [123.9571855, 10.3459969]}, "properties": {"id": 1382899277, "amenity_type": "tertiary", "amenity": "S. E. Jayme Street", "lgu": "Mandaue City"}}, {"type": "Feature", "geometry": {"type": "Point", "coordinates": [123.9589574, 10.3356887]}, "properties": {"id": 1388002437, "amenity_type": "primary", "amenity": "United Nations Avenue", "lgu": "Mandaue City"}}, {"type": "Feature", "geometry": {"type": "Point", "coordinates": [123.9665223, 10.340929]}, "properties": {"id": 1397725618, "amenity_type": "tertiary", "amenity": "Unnamed road corridor", "lgu": "Mandaue City"}}, {"type": "Feature", "geometry": {"type": "Point", "coordinates": [123.9667225, 10.3403846]}, "properties": {"id": 1397725619, "amenity_type": "tertiary", "amenity": "Unnamed road corridor", "lgu": "Mandaue City"}}, {"type": "Feature", "geometry": {"type": "Point", "coordinates": [123.9641026, 10.3786262]}, "properties": {"id": 1416855550, "amenity_type": "tertiary", "amenity": "Governor F. B. Harrison Avenue", "lgu": "Mandaue City"}}, {"type": "Feature", "geometry": {"type": "Point", "coordinates": [123.9678758, 10.3714006]}, "properties": {"id": 1416867994, "amenity_type": "tertiary", "amenity": "Unnamed road corridor", "lgu": "Mandaue City"}}, {"type": "Feature", "geometry": {"type": "Point", "coordinates": [123.9679168, 10.3714352]}, "properties": {"id": 1416867995, "amenity_type": "tertiary", "amenity": "Unnamed road corridor", "lgu": "Mandaue City"}}, {"type": "Feature", "geometry": {"type": "Point", "coordinates": [123.9491875, 10.3327634]}, "properties": {"id": 1416899108, "amenity_type": "tertiary", "amenity": "Don G. LL. Ouano Street", "lgu": "Mandaue City"}}, {"type": "Feature", "geometry": {"type": "Point", "coordinates": [123.9474009, 10.3460413]}, "properties": {"id": 1416903947, "amenity_type": "tertiary", "amenity": "P. C. Suico Street", "lgu": "Mandaue City"}}, {"type": "Feature", "geometry": {"type": "Point", "coordinates": [123.9560576, 10.3485552]}, "properties": {"id": 1416919735, "amenity_type": "tertiary", "amenity": "Labogon-Paknaan Road", "lgu": "Mandaue City"}}, {"type": "Feature", "geometry": {"type": "Point", "coordinates": [123.9445948, 10.3408239]}, "properties": {"id": 1420662369, "amenity_type": "tertiary", "amenity": "Juez M. O. Echavez Street", "lgu": "Mandaue City"}}, {"type": "Feature", "geometry": {"type": "Point", "coordinates": [123.9444789, 10.3397665]}, "properties": {"id": 1420662370, "amenity_type": "tertiary", "amenity": "Juez M. O. Echavez Street", "lgu": "Mandaue City"}}, {"type": "Feature", "geometry": {"type": "Point", "coordinates": [123.9373908, 10.3621085]}, "properties": {"id": 1421478141, "amenity_type": "tertiary", "amenity": "B. Suico Street", "lgu": "Mandaue City"}}, {"type": "Feature", "geometry": {"type": "Point", "coordinates": [123.9492374, 10.3327353]}, "properties": {"id": 1421661484, "amenity_type": "tertiary", "amenity": "Don G. LL. Ouano Street", "lgu": "Mandaue City"}}, {"type": "Feature", "geometry": {"type": "Point", "coordinates": [123.9473777, 10.3352164]}, "properties": {"id": 1421665860, "amenity_type": "tertiary", "amenity": "P. Burgos Street", "lgu": "Mandaue City"}}, {"type": "Feature", "geometry": {"type": "Point", "coordinates": [123.9552631, 10.3388414]}, "properties": {"id": 1422960937, "amenity_type": "trunk", "amenity": "D.M. Cortes Avenue", "lgu": "Mandaue City"}}, {"type": "Feature", "geometry": {"type": "Point", "coordinates": [123.956921, 10.3403339]}, "properties": {"id": 1422960941, "amenity_type": "trunk", "amenity": "D.M. Cortes Avenue", "lgu": "Mandaue City"}}, {"type": "Feature", "geometry": {"type": "Point", "coordinates": [123.9562011, 10.3397357]}, "properties": {"id": 1422960943, "amenity_type": "trunk", "amenity": "D.M. Cortes Avenue", "lgu": "Mandaue City"}}, {"type": "Feature", "geometry": {"type": "Point", "coordinates": [123.9564046, 10.3398697]}, "properties": {"id": 1422960944, "amenity_type": "trunk", "amenity": "D.M. Cortes Avenue", "lgu": "Mandaue City"}}, {"type": "Feature", "geometry": {"type": "Point", "coordinates": [123.9541458, 10.3379056]}, "properties": {"id": 1422960948, "amenity_type": "trunk", "amenity": "D.M. Cortes Avenue", "lgu": "Mandaue City"}}, {"type": "Feature", "geometry": {"type": "Point", "coordinates": [123.9544742, 10.3381825]}, "properties": {"id": 1422960949, "amenity_type": "trunk", "amenity": "D.M. Cortes Avenue", "lgu": "Mandaue City"}}, {"type": "Feature", "geometry": {"type": "Point", "coordinates": [123.9481052, 10.3309034]}, "properties": {"id": 1422961438, "amenity_type": "trunk", "amenity": "D.M. Cortes Avenue", "lgu": "Mandaue City"}}, {"type": "Feature", "geometry": {"type": "Point", "coordinates": [123.9352056, 10.3303122]}, "properties": {"id": 1451007722, "amenity_type": "tertiary", "amenity": "A. del Rosario Street", "lgu": "Mandaue City"}}, {"type": "Feature", "geometry": {"type": "Point", "coordinates": [123.9525404, 10.3705287]}, "properties": {"id": 1459384343, "amenity_type": "tertiary", "amenity": "Cambiohan Street", "lgu": "Mandaue City"}}, {"type": "Feature", "geometry": {"type": "Point", "coordinates": [123.9663045, 10.3413057]}, "properties": {"id": 1459614314, "amenity_type": "tertiary", "amenity": "Unnamed road corridor", "lgu": "Mandaue City"}}, {"type": "Feature", "geometry": {"type": "Point", "coordinates": [123.9653914, 10.3387906]}, "properties": {"id": 1459614316, "amenity_type": "tertiary", "amenity": "Umapad Road", "lgu": "Mandaue City"}}, {"type": "Feature", "geometry": {"type": "Point", "coordinates": [123.9601301, 10.336243]}, "properties": {"id": 1459614317, "amenity_type": "tertiary", "amenity": "Unnamed road corridor", "lgu": "Mandaue City"}}, {"type": "Feature", "geometry": {"type": "Point", "coordinates": [123.9383991, 10.3960243]}, "properties": {"id": 1460586177, "amenity_type": "tertiary", "amenity": "Unnamed road corridor", "lgu": "Mandaue City"}}, {"type": "Feature", "geometry": {"type": "Point", "coordinates": [123.938788, 10.3788099]}, "properties": {"id": 1466372571, "amenity_type": "tertiary", "amenity": "Unnamed road corridor", "lgu": "Mandaue City"}}, {"type": "Feature", "geometry": {"type": "Point", "coordinates": [123.9386424, 10.3787209]}, "properties": {"id": 1466372572, "amenity_type": "tertiary", "amenity": "Unnamed road corridor", "lgu": "Mandaue City"}}, {"type": "Feature", "geometry": {"type": "Point", "coordinates": [123.9431619, 10.3686889]}, "properties": {"id": 1466372577, "amenity_type": "tertiary", "amenity": "Pedro I. Ouano Street", "lgu": "Mandaue City"}}, {"type": "Feature", "geometry": {"type": "Point", "coordinates": [123.9424803, 10.3682635]}, "properties": {"id": 1466372578, "amenity_type": "tertiary", "amenity": "Pedro I. Ouano Street", "lgu": "Mandaue City"}}, {"type": "Feature", "geometry": {"type": "Point", "coordinates": [123.9376266, 10.3731165]}, "properties": {"id": 1469873200, "amenity_type": "tertiary", "amenity": "Victor Vega Street", "lgu": "Mandaue City"}}, {"type": "Feature", "geometry": {"type": "Point", "coordinates": [123.9422492, 10.3671777]}, "properties": {"id": 1469874426, "amenity_type": "tertiary", "amenity": "Victor Vega Street", "lgu": "Mandaue City"}}, {"type": "Feature", "geometry": {"type": "Point", "coordinates": [123.9385402, 10.3786604]}, "properties": {"id": 1471463192, "amenity_type": "tertiary", "amenity": "Unnamed road corridor", "lgu": "Mandaue City"}}, {"type": "Feature", "geometry": {"type": "Point", "coordinates": [123.9354175, 10.3321451]}, "properties": {"id": 1471483135, "amenity_type": "primary", "amenity": "M.C. Briones Street", "lgu": "Mandaue City"}}, {"type": "Feature", "geometry": {"type": "Point", "coordinates": [123.9521524, 10.3707834]}, "properties": {"id": 1471488218, "amenity_type": "tertiary", "amenity": "Magnolia Street", "lgu": "Mandaue City"}}, {"type": "Feature", "geometry": {"type": "Point", "coordinates": [123.9478699, 10.3303782]}, "properties": {"id": 1471743349, "amenity_type": "primary", "amenity": "A.C. Cortes Avenue", "lgu": "Mandaue City"}}, {"type": "Feature", "geometry": {"type": "Point", "coordinates": [123.9478225, 10.3305419]}, "properties": {"id": 1471743350, "amenity_type": "primary", "amenity": "A.C. Cortes Avenue", "lgu": "Mandaue City"}}, {"type": "Feature", "geometry": {"type": "Point", "coordinates": [123.9558311, 10.389855]}, "properties": {"id": 1471745584, "amenity_type": "tertiary", "amenity": "M. Pepito Street", "lgu": "Mandaue City"}}, {"type": "Feature", "geometry": {"type": "Point", "coordinates": [123.9561798, 10.3908108]}, "properties": {"id": 1471745585, "amenity_type": "tertiary", "amenity": "M. Pepito Street", "lgu": "Mandaue City"}}, {"type": "Feature", "geometry": {"type": "Point", "coordinates": [123.9308941, 10.368477]}, "properties": {"id": 1471780840, "amenity_type": "secondary", "amenity": "H. Abellana Street", "lgu": "Mandaue City"}}, {"type": "Feature", "geometry": {"type": "Point", "coordinates": [123.931889, 10.3751028]}, "properties": {"id": 1471787353, "amenity_type": "tertiary", "amenity": "Unnamed road corridor", "lgu": "Mandaue City"}}, {"type": "Feature", "geometry": {"type": "Point", "coordinates": [123.9610266, 10.3767406]}, "properties": {"id": 1471793434, "amenity_type": "primary", "amenity": "Cebu North Road", "lgu": "Mandaue City"}}, {"type": "Feature", "geometry": {"type": "Point", "coordinates": [123.9610249, 10.3768017]}, "properties": {"id": 1471793435, "amenity_type": "primary", "amenity": "Cebu North Road", "lgu": "Mandaue City"}}, {"type": "Feature", "geometry": {"type": "Point", "coordinates": [123.9615042, 10.3769503]}, "properties": {"id": 1471793436, "amenity_type": "primary", "amenity": "Cebu North Road", "lgu": "Mandaue City"}}, {"type": "Feature", "geometry": {"type": "Point", "coordinates": [123.9614918, 10.3770106]}, "properties": {"id": 1471793437, "amenity_type": "primary", "amenity": "Cebu North Road", "lgu": "Mandaue City"}}, {"type": "Feature", "geometry": {"type": "Point", "coordinates": [123.95385, 10.3391338]}, "properties": {"id": 1471810202, "amenity_type": "primary", "amenity": "United Nations Avenue", "lgu": "Mandaue City"}}, {"type": "Feature", "geometry": {"type": "Point", "coordinates": [123.9535482, 10.3393445]}, "properties": {"id": 1471810204, "amenity_type": "primary", "amenity": "United Nations Avenue", "lgu": "Mandaue City"}}, {"type": "Feature", "geometry": {"type": "Point", "coordinates": [123.962188, 10.3449205]}, "properties": {"id": 1471825413, "amenity_type": "trunk", "amenity": "D.M. Cortes Avenue", "lgu": "Mandaue City"}}, {"type": "Feature", "geometry": {"type": "Point", "coordinates": [123.9652744, 10.3441681]}, "properties": {"id": 1471829165, "amenity_type": "tertiary", "amenity": "Unnamed road corridor", "lgu": "Mandaue City"}}, {"type": "Feature", "geometry": {"type": "Point", "coordinates": [123.9642496, 10.3448841]}, "properties": {"id": 1471829166, "amenity_type": "tertiary", "amenity": "Unnamed road corridor", "lgu": "Mandaue City"}}, {"type": "Feature", "geometry": {"type": "Point", "coordinates": [123.9632225, 10.3456095]}, "properties": {"id": 1471829167, "amenity_type": "tertiary", "amenity": "Unnamed road corridor", "lgu": "Mandaue City"}}, {"type": "Feature", "geometry": {"type": "Point", "coordinates": [123.9579295, 10.3376432]}, "properties": {"id": 1472009514, "amenity_type": "primary", "amenity": "United Nations Avenue", "lgu": "Mandaue City"}}, {"type": "Feature", "geometry": {"type": "Point", "coordinates": [123.9557706, 10.3383903]}, "properties": {"id": 1472009515, "amenity_type": "primary", "amenity": "United Nations Avenue", "lgu": "Mandaue City"}}, {"type": "Feature", "geometry": {"type": "Point", "coordinates": [123.9476329, 10.3433469]}, "properties": {"id": 1472043673, "amenity_type": "primary", "amenity": "M.C. Briones Street", "lgu": "Mandaue City"}}, {"type": "Feature", "geometry": {"type": "Point", "coordinates": [123.9402112, 10.3340245]}, "properties": {"id": 1472097806, "amenity_type": "tertiary", "amenity": "B. B. Cabahug Street", "lgu": "Mandaue City"}}, {"type": "Feature", "geometry": {"type": "Point", "coordinates": [123.9410639, 10.3930181]}, "properties": {"id": 1472440193, "amenity_type": "tertiary", "amenity": "Unnamed road corridor", "lgu": "Mandaue City"}}, {"type": "Feature", "geometry": {"type": "Point", "coordinates": [123.9405274, 10.381402]}, "properties": {"id": 1472440201, "amenity_type": "tertiary", "amenity": "Unnamed road corridor", "lgu": "Mandaue City"}}, {"type": "Feature", "geometry": {"type": "Point", "coordinates": [123.9397817, 10.380049]}, "properties": {"id": 1472440202, "amenity_type": "tertiary", "amenity": "Unnamed road corridor", "lgu": "Mandaue City"}}, {"type": "Feature", "geometry": {"type": "Point", "coordinates": [123.9400339, 10.3350273]}, "properties": {"id": 1472454613, "amenity_type": "primary", "amenity": "A.C. Cortes Avenue", "lgu": "Mandaue City"}}, {"type": "Feature", "geometry": {"type": "Point", "coordinates": [123.9480868, 10.3559115]}, "properties": {"id": 1472462772, "amenity_type": "tertiary", "amenity": "P. L. Sanchez Street", "lgu": "Mandaue City"}}, {"type": "Feature", "geometry": {"type": "Point", "coordinates": [123.9503253, 10.3718335]}, "properties": {"id": 1472464626, "amenity_type": "tertiary", "amenity": "Magnolia Street", "lgu": "Mandaue City"}}, {"type": "Feature", "geometry": {"type": "Point", "coordinates": [123.9499769, 10.3719269]}, "properties": {"id": 1472464628, "amenity_type": "tertiary", "amenity": "Magnolia Street", "lgu": "Mandaue City"}}, {"type": "Feature", "geometry": {"type": "Point", "coordinates": [123.9654004, 10.379512]}, "properties": {"id": 1472476015, "amenity_type": "primary", "amenity": "Cebu North Road", "lgu": "Mandaue City"}}, {"type": "Feature", "geometry": {"type": "Point", "coordinates": [123.9336069, 10.3776171]}, "properties": {"id": 1472477484, "amenity_type": "tertiary", "amenity": "Unnamed road corridor", "lgu": "Mandaue City"}}, {"type": "Feature", "geometry": {"type": "Point", "coordinates": [123.9334199, 10.378278]}, "properties": {"id": 1472477485, "amenity_type": "tertiary", "amenity": "Unnamed road corridor", "lgu": "Mandaue City"}}, {"type": "Feature", "geometry": {"type": "Point", "coordinates": [123.9335557, 10.3775538]}, "properties": {"id": 1472477486, "amenity_type": "tertiary", "amenity": "Unnamed road corridor", "lgu": "Mandaue City"}}, {"type": "Feature", "geometry": {"type": "Point", "coordinates": [123.9467707, 10.3312091]}, "properties": {"id": 1472490698, "amenity_type": "primary", "amenity": "A.C. Cortes Avenue", "lgu": "Mandaue City"}}, {"type": "Feature", "geometry": {"type": "Point", "coordinates": [123.9469653, 10.3309388]}, "properties": {"id": 1472504808, "amenity_type": "primary", "amenity": "A.C. Cortes Avenue", "lgu": "Mandaue City"}}, {"type": "Feature", "geometry": {"type": "Point", "coordinates": [123.9394506, 10.3348125]}, "properties": {"id": 1472521189, "amenity_type": "primary", "amenity": "M.C. Briones Street", "lgu": "Mandaue City"}}, {"type": "Feature", "geometry": {"type": "Point", "coordinates": [123.9396061, 10.3349193]}, "properties": {"id": 1472521190, "amenity_type": "primary", "amenity": "M.C. Briones Street", "lgu": "Mandaue City"}}, {"type": "Feature", "geometry": {"type": "Point", "coordinates": [123.9399049, 10.3353159]}, "properties": {"id": 1472521191, "amenity_type": "primary", "amenity": "M.C. Briones Street", "lgu": "Mandaue City"}}, {"type": "Feature", "geometry": {"type": "Point", "coordinates": [123.9472968, 10.3414414]}, "properties": {"id": 1472521192, "amenity_type": "primary", "amenity": "M.C. Briones Street", "lgu": "Mandaue City"}}, {"type": "Feature", "geometry": {"type": "Point", "coordinates": [123.9473928, 10.3416267]}, "properties": {"id": 1472521193, "amenity_type": "primary", "amenity": "M.C. Briones Street", "lgu": "Mandaue City"}}, {"type": "Feature", "geometry": {"type": "Point", "coordinates": [123.9476278, 10.3429837]}, "properties": {"id": 1472521194, "amenity_type": "primary", "amenity": "Cebu North Road", "lgu": "Mandaue City"}}, {"type": "Feature", "geometry": {"type": "Point", "coordinates": [123.947851, 10.3435238]}, "properties": {"id": 1473669688, "amenity_type": "tertiary", "amenity": "S. E. Jayme Street", "lgu": "Mandaue City"}}, {"type": "Feature", "geometry": {"type": "Point", "coordinates": [123.962275, 10.3449865]}, "properties": {"id": 1473706830, "amenity_type": "trunk", "amenity": "D.M. Cortes Avenue", "lgu": "Mandaue City"}}, {"type": "Feature", "geometry": {"type": "Point", "coordinates": [123.9622265, 10.3449497]}, "properties": {"id": 1473706831, "amenity_type": "trunk", "amenity": "D.M. Cortes Avenue", "lgu": "Mandaue City"}}, {"type": "Feature", "geometry": {"type": "Point", "coordinates": [123.9625725, 10.3452116]}, "properties": {"id": 1473706832, "amenity_type": "trunk", "amenity": "D.M. Cortes Avenue", "lgu": "Mandaue City"}}, {"type": "Feature", "geometry": {"type": "Point", "coordinates": [123.9558782, 10.3394147]}, "properties": {"id": 1473706833, "amenity_type": "trunk", "amenity": "D.M. Cortes Avenue", "lgu": "Mandaue City"}}, {"type": "Feature", "geometry": {"type": "Point", "coordinates": [123.9557559, 10.3392993]}, "properties": {"id": 1473706834, "amenity_type": "trunk", "amenity": "D.M. Cortes Avenue", "lgu": "Mandaue City"}}, {"type": "Feature", "geometry": {"type": "Point", "coordinates": [123.9555285, 10.3390856]}, "properties": {"id": 1473706835, "amenity_type": "trunk", "amenity": "D.M. Cortes Avenue", "lgu": "Mandaue City"}}, {"type": "Feature", "geometry": {"type": "Point", "coordinates": [123.9555951, 10.3391481]}, "properties": {"id": 1473706836, "amenity_type": "trunk", "amenity": "D.M. Cortes Avenue", "lgu": "Mandaue City"}}, {"type": "Feature", "geometry": {"type": "Point", "coordinates": [123.9554293, 10.3389934]}, "properties": {"id": 1473706837, "amenity_type": "trunk", "amenity": "D.M. Cortes Avenue", "lgu": "Mandaue City"}}, {"type": "Feature", "geometry": {"type": "Point", "coordinates": [123.9547758, 10.3384369]}, "properties": {"id": 1473706838, "amenity_type": "trunk", "amenity": "D.M. Cortes Avenue", "lgu": "Mandaue City"}}, {"type": "Feature", "geometry": {"type": "Point", "coordinates": [123.9393135, 10.3331638]}, "properties": {"id": 1474215087, "amenity_type": "tertiary", "amenity": "B. B. Cabahug Street", "lgu": "Mandaue City"}}, {"type": "Feature", "geometry": {"type": "Point", "coordinates": [123.9455864, 10.3311198]}, "properties": {"id": 1474215088, "amenity_type": "tertiary", "amenity": "P. Burgos Street", "lgu": "Mandaue City"}}, {"type": "Feature", "geometry": {"type": "Point", "coordinates": [123.9457376, 10.3314658]}, "properties": {"id": 1474215090, "amenity_type": "tertiary", "amenity": "P. Burgos Street", "lgu": "Mandaue City"}}, {"type": "Feature", "geometry": {"type": "Point", "coordinates": [123.9476012, 10.3437757]}, "properties": {"id": 1474238244, "amenity_type": "primary", "amenity": "M.C. Briones Street", "lgu": "Mandaue City"}}, {"type": "Feature", "geometry": {"type": "Point", "coordinates": [123.9543712, 10.3390516]}, "properties": {"id": 1474238246, "amenity_type": "primary", "amenity": "United Nations Avenue", "lgu": "Mandaue City"}}, {"type": "Feature", "geometry": {"type": "Point", "coordinates": [123.9609416, 10.3932984]}, "properties": {"id": 1475638812, "amenity_type": "tertiary", "amenity": "Diversion Road", "lgu": "Mandaue City"}}, {"type": "Feature", "geometry": {"type": "Point", "coordinates": [123.9526013, 10.3995501]}, "properties": {"id": 1480376164, "amenity_type": "tertiary", "amenity": "Unnamed road corridor", "lgu": "Mandaue City"}}, {"type": "Feature", "geometry": {"type": "Point", "coordinates": [123.9393125, 10.3348027]}, "properties": {"id": 1480425821, "amenity_type": "primary", "amenity": "Maguikay Flyover", "lgu": "Mandaue City"}}, {"type": "Feature", "geometry": {"type": "Point", "coordinates": [123.9604044, 10.3744572]}, "properties": {"id": 1480425822, "amenity_type": "tertiary", "amenity": "V & G Drive", "lgu": "Mandaue City"}}, {"type": "Feature", "geometry": {"type": "Point", "coordinates": [123.9362135, 10.3751289]}, "properties": {"id": 1490201807, "amenity_type": "tertiary", "amenity": "Victor Vega Street", "lgu": "Mandaue City"}}, {"type": "Feature", "geometry": {"type": "Point", "coordinates": [123.9905141, 10.2819247]}, "properties": {"id": 28811051, "amenity_type": "primary", "amenity": "Mactan Circumferential Road", "lgu": "Lapu-Lapu City"}}, {"type": "Feature", "geometry": {"type": "Point", "coordinates": [123.9790435, 10.3273323]}, "properties": {"id": 28811131, "amenity_type": "primary", "amenity": "Manuel L. Quezon National Highway", "lgu": "Lapu-Lapu City"}}, {"type": "Feature", "geometry": {"type": "Point", "coordinates": [123.9993726, 10.2881929]}, "properties": {"id": 28811294, "amenity_type": "primary", "amenity": "Mactan Circumferential Road", "lgu": "Lapu-Lapu City"}}, {"type": "Feature", "geometry": {"type": "Point", "coordinates": [123.9719158, 10.2809109]}, "properties": {"id": 28811351, "amenity_type": "primary", "amenity": "Basak - Marigondon Road", "lgu": "Lapu-Lapu City"}}, {"type": "Feature", "geometry": {"type": "Point", "coordinates": [123.9837844, 10.3301354]}, "properties": {"id": 28811719, "amenity_type": "primary", "amenity": "Manuel L. Quezon National Highway", "lgu": "Lapu-Lapu City"}}, {"type": "Feature", "geometry": {"type": "Point", "coordinates": [123.9432896, 10.3237413]}, "properties": {"id": 28832919, "amenity_type": "trunk", "amenity": "Don Andres Soriano Avenue", "lgu": "Lapu-Lapu City"}}, {"type": "Feature", "geometry": {"type": "Point", "coordinates": [123.9694178, 10.3232647]}, "properties": {"id": 28960131, "amenity_type": "primary", "amenity": "Marcelo Fernan Bridge", "lgu": "Lapu-Lapu City"}}, {"type": "Feature", "geometry": {"type": "Point", "coordinates": [123.9486207, 10.3110512]}, "properties": {"id": 29397382, "amenity_type": "primary", "amenity": "Lopez Jaena Street", "lgu": "Lapu-Lapu City"}}, {"type": "Feature", "geometry": {"type": "Point", "coordinates": [123.967919, 10.2923892]}, "properties": {"id": 32834716, "amenity_type": "secondary", "amenity": "General Aviation Road", "lgu": "Lapu-Lapu City"}}, {"type": "Feature", "geometry": {"type": "Point", "coordinates": [123.9801811, 10.3041888]}, "properties": {"id": 47872167, "amenity_type": "secondary", "amenity": "General Aviation Road", "lgu": "Lapu-Lapu City"}}, {"type": "Feature", "geometry": {"type": "Point", "coordinates": [123.9316554, 10.3292898]}, "properties": {"id": 48169169, "amenity_type": "primary", "amenity": "M.C. Briones Street", "lgu": "Lapu-Lapu City"}}, {"type": "Feature", "geometry": {"type": "Point", "coordinates": [123.942222, 10.3241758]}, "properties": {"id": 51816634, "amenity_type": "trunk", "amenity": "Don Andres Soriano Avenue", "lgu": "Lapu-Lapu City"}}, {"type": "Feature", "geometry": {"type": "Point", "coordinates": [123.9454456, 10.2920225]}, "properties": {"id": 72370224, "amenity_type": "primary", "amenity": "Tiangge Road", "lgu": "Lapu-Lapu City"}}, {"type": "Feature", "geometry": {"type": "Point", "coordinates": [123.9450446, 10.2785336]}, "properties": {"id": 72370225, "amenity_type": "primary", "amenity": "Manuel L. Quezon National Highway", "lgu": "Lapu-Lapu City"}}, {"type": "Feature", "geometry": {"type": "Point", "coordinates": [123.9707269, 10.2714062]}, "properties": {"id": 72370227, "amenity_type": "primary", "amenity": "Mactan Circumferential National Road", "lgu": "Lapu-Lapu City"}}, {"type": "Feature", "geometry": {"type": "Point", "coordinates": [123.9308918, 10.3193868]}, "properties": {"id": 76158514, "amenity_type": "secondary", "amenity": "E.O. Perez Street", "lgu": "Lapu-Lapu City"}}, {"type": "Feature", "geometry": {"type": "Point", "coordinates": [123.9413232, 10.3244987]}, "properties": {"id": 77592870, "amenity_type": "trunk", "amenity": "Don Andres Soriano Avenue", "lgu": "Lapu-Lapu City"}}, {"type": "Feature", "geometry": {"type": "Point", "coordinates": [123.936039, 10.3247663]}, "properties": {"id": 77594102, "amenity_type": "trunk", "amenity": "Ouano Avenue", "lgu": "Lapu-Lapu City"}}, {"type": "Feature", "geometry": {"type": "Point", "coordinates": [123.9413498, 10.3246488]}, "properties": {"id": 77594104, "amenity_type": "trunk", "amenity": "Ouano Avenue", "lgu": "Lapu-Lapu City"}}, {"type": "Feature", "geometry": {"type": "Point", "coordinates": [123.9674485, 10.3209838]}, "properties": {"id": 77709881, "amenity_type": "primary", "amenity": "Manuel L. Quezon National Highway", "lgu": "Lapu-Lapu City"}}, {"type": "Feature", "geometry": {"type": "Point", "coordinates": [123.9577029, 10.315933]}, "properties": {"id": 77709883, "amenity_type": "primary", "amenity": "Maximo V. Patalinjug Jr. Avenue", "lgu": "Lapu-Lapu City"}}, {"type": "Feature", "geometry": {"type": "Point", "coordinates": [123.9584497, 10.3144711]}, "properties": {"id": 77709886, "amenity_type": "primary", "amenity": "Maximo V. Patalinjug Jr. Avenue", "lgu": "Lapu-Lapu City"}}, {"type": "Feature", "geometry": {"type": "Point", "coordinates": [123.9705902, 10.3227303]}, "properties": {"id": 77709890, "amenity_type": "primary", "amenity": "Manuel L. Quezon National Highway", "lgu": "Lapu-Lapu City"}}, {"type": "Feature", "geometry": {"type": "Point", "coordinates": [123.9744674, 10.3246965]}, "properties": {"id": 77709891, "amenity_type": "primary", "amenity": "Manuel L. Quezon National Highway", "lgu": "Lapu-Lapu City"}}, {"type": "Feature", "geometry": {"type": "Point", "coordinates": [123.9700725, 10.3226359]}, "properties": {"id": 77709893, "amenity_type": "primary", "amenity": "Manuel L. Quezon National Highway", "lgu": "Lapu-Lapu City"}}, {"type": "Feature", "geometry": {"type": "Point", "coordinates": [123.9599043, 10.3125542]}, "properties": {"id": 77710789, "amenity_type": "primary", "amenity": "Maximo V. Patalinjug Jr. Avenue", "lgu": "Lapu-Lapu City"}}, {"type": "Feature", "geometry": {"type": "Point", "coordinates": [123.9308757, 10.3192437]}, "properties": {"id": 80316635, "amenity_type": "secondary", "amenity": "E.O. Perez Street", "lgu": "Lapu-Lapu City"}}, {"type": "Feature", "geometry": {"type": "Point", "coordinates": [123.9428591, 10.323897]}, "properties": {"id": 95609407, "amenity_type": "trunk", "amenity": "Don Andres Soriano Avenue", "lgu": "Lapu-Lapu City"}}, {"type": "Feature", "geometry": {"type": "Point", "coordinates": [123.9435542, 10.3238146]}, "properties": {"id": 95609408, "amenity_type": "trunk", "amenity": "D.M. Cortes Avenue", "lgu": "Lapu-Lapu City"}}, {"type": "Feature", "geometry": {"type": "Point", "coordinates": [123.9511121, 10.3280469]}, "properties": {"id": 97908353, "amenity_type": "primary", "amenity": "A.C. Cortes Avenue", "lgu": "Lapu-Lapu City"}}, {"type": "Feature", "geometry": {"type": "Point", "coordinates": [123.9997856, 10.3102348]}, "properties": {"id": 99448653, "amenity_type": "secondary", "amenity": "Mactan Airport Road", "lgu": "Lapu-Lapu City"}}, {"type": "Feature", "geometry": {"type": "Point", "coordinates": [123.9928398, 10.3172886]}, "properties": {"id": 99448685, "amenity_type": "secondary", "amenity": "General Aviation Road", "lgu": "Lapu-Lapu City"}}, {"type": "Feature", "geometry": {"type": "Point", "coordinates": [123.988292, 10.3125141]}, "properties": {"id": 99981651, "amenity_type": "secondary", "amenity": "General Aviation Road", "lgu": "Lapu-Lapu City"}}, {"type": "Feature", "geometry": {"type": "Point", "coordinates": [123.9412219, 10.3245362]}, "properties": {"id": 102243432, "amenity_type": "trunk", "amenity": "Ouano Avenue", "lgu": "Lapu-Lapu City"}}, {"type": "Feature", "geometry": {"type": "Point", "coordinates": [123.941234, 10.3247014]}, "properties": {"id": 102243433, "amenity_type": "trunk", "amenity": "Ouano Avenue", "lgu": "Lapu-Lapu City"}}, {"type": "Feature", "geometry": {"type": "Point", "coordinates": [123.9403307, 10.3250557]}, "properties": {"id": 102243434, "amenity_type": "trunk", "amenity": "Ouano Avenue", "lgu": "Lapu-Lapu City"}}, {"type": "Feature", "geometry": {"type": "Point", "coordinates": [123.9411468, 10.3245623]}, "properties": {"id": 102243435, "amenity_type": "trunk", "amenity": "Ouano Avenue", "lgu": "Lapu-Lapu City"}}, {"type": "Feature", "geometry": {"type": "Point", "coordinates": [123.9695113, 10.3227861]}, "properties": {"id": 102381377, "amenity_type": "primary", "amenity": "Marcelo Fernan Bridge", "lgu": "Lapu-Lapu City"}}, {"type": "Feature", "geometry": {"type": "Point", "coordinates": [123.9710677, 10.295231]}, "properties": {"id": 207885571, "amenity_type": "secondary", "amenity": "General Aviation Road", "lgu": "Lapu-Lapu City"}}, {"type": "Feature", "geometry": {"type": "Point", "coordinates": [123.964803, 10.2957689]}, "properties": {"id": 207885572, "amenity_type": "primary", "amenity": "Maximo V. Patalinjug Jr. Avenue", "lgu": "Lapu-Lapu City"}}, {"type": "Feature", "geometry": {"type": "Point", "coordinates": [123.9670524, 10.2910295]}, "properties": {"id": 207885574, "amenity_type": "primary", "amenity": "Maximo V. Patalinjug Jr. Avenue", "lgu": "Lapu-Lapu City"}}, {"type": "Feature", "geometry": {"type": "Point", "coordinates": [123.9562722, 10.3130484]}, "properties": {"id": 209908204, "amenity_type": "primary", "amenity": "Manuel L. Quezon National Highway", "lgu": "Lapu-Lapu City"}}, {"type": "Feature", "geometry": {"type": "Point", "coordinates": [123.9613965, 10.3165115]}, "properties": {"id": 209908214, "amenity_type": "primary", "amenity": "Manuel L. Quezon National Highway", "lgu": "Lapu-Lapu City"}}, {"type": "Feature", "geometry": {"type": "Point", "coordinates": [123.9583362, 10.3143397]}, "properties": {"id": 209908220, "amenity_type": "primary", "amenity": "Manuel L. Quezon National Highway", "lgu": "Lapu-Lapu City"}}, {"type": "Feature", "geometry": {"type": "Point", "coordinates": [123.9583264, 10.3144416]}, "properties": {"id": 209909203, "amenity_type": "primary", "amenity": "Manuel L. Quezon National Highway", "lgu": "Lapu-Lapu City"}}, {"type": "Feature", "geometry": {"type": "Point", "coordinates": [123.9596262, 10.3127732]}, "properties": {"id": 209909205, "amenity_type": "primary", "amenity": "Maximo V. Patalinjug Jr. Avenue", "lgu": "Lapu-Lapu City"}}, {"type": "Feature", "geometry": {"type": "Point", "coordinates": [123.9320306, 10.3185543]}, "properties": {"id": 234946828, "amenity_type": "secondary", "amenity": "E.O. Perez Street", "lgu": "Lapu-Lapu City"}}, {"type": "Feature", "geometry": {"type": "Point", "coordinates": [123.9306208, 10.3193668]}, "properties": {"id": 234947388, "amenity_type": "secondary", "amenity": "E.O. Perez Street", "lgu": "Lapu-Lapu City"}}, {"type": "Feature", "geometry": {"type": "Point", "coordinates": [123.9587202, 10.3145988]}, "properties": {"id": 234947389, "amenity_type": "primary", "amenity": "Manuel L. Quezon National Highway", "lgu": "Lapu-Lapu City"}}, {"type": "Feature", "geometry": {"type": "Point", "coordinates": [123.9516295, 10.3110177]}, "properties": {"id": 234947396, "amenity_type": "primary", "amenity": "G. Y. Dela Serna Street", "lgu": "Lapu-Lapu City"}}, {"type": "Feature", "geometry": {"type": "Point", "coordinates": [123.9518531, 10.3128407]}, "properties": {"id": 234947398, "amenity_type": "primary", "amenity": "A. L. Ngujo Sr. Street", "lgu": "Lapu-Lapu City"}}, {"type": "Feature", "geometry": {"type": "Point", "coordinates": [123.9539497, 10.3116332]}, "properties": {"id": 234947402, "amenity_type": "primary", "amenity": "Manuel Luis Quezon National Highway", "lgu": "Lapu-Lapu City"}}, {"type": "Feature", "geometry": {"type": "Point", "coordinates": [123.9360275, 10.3247682]}, "properties": {"id": 235150258, "amenity_type": "trunk", "amenity": "Ouano Avenue", "lgu": "Lapu-Lapu City"}}, {"type": "Feature", "geometry": {"type": "Point", "coordinates": [123.9308294, 10.3195492]}, "properties": {"id": 235314846, "amenity_type": "trunk", "amenity": "Ouano Avenue", "lgu": "Lapu-Lapu City"}}, {"type": "Feature", "geometry": {"type": "Point", "coordinates": [123.9370067, 10.325338]}, "properties": {"id": 235317804, "amenity_type": "trunk", "amenity": "Ouano Avenue", "lgu": "Lapu-Lapu City"}}, {"type": "Feature", "geometry": {"type": "Point", "coordinates": [123.9533994, 10.3127259]}, "properties": {"id": 235626191, "amenity_type": "primary", "amenity": "A. L. Ngujo Sr. Street", "lgu": "Lapu-Lapu City"}}, {"type": "Feature", "geometry": {"type": "Point", "coordinates": [123.9719881, 10.3235641]}, "properties": {"id": 235626314, "amenity_type": "primary", "amenity": "Manuel L. Quezon National Highway", "lgu": "Lapu-Lapu City"}}, {"type": "Feature", "geometry": {"type": "Point", "coordinates": [123.9784786, 10.3269154]}, "properties": {"id": 235626350, "amenity_type": "primary", "amenity": "Manuel L. Quezon National Highway", "lgu": "Lapu-Lapu City"}}, {"type": "Feature", "geometry": {"type": "Point", "coordinates": [123.9491185, 10.3099096]}, "properties": {"id": 235627272, "amenity_type": "primary", "amenity": "G. Y. Dela Serna Street", "lgu": "Lapu-Lapu City"}}, {"type": "Feature", "geometry": {"type": "Point", "coordinates": [123.9503286, 10.3120413]}, "properties": {"id": 235627273, "amenity_type": "primary", "amenity": "Lopez Jaena Street", "lgu": "Lapu-Lapu City"}}, {"type": "Feature", "geometry": {"type": "Point", "coordinates": [123.9481502, 10.3101015]}, "properties": {"id": 235627274, "amenity_type": "primary", "amenity": "P. Rodriguez Street", "lgu": "Lapu-Lapu City"}}, {"type": "Feature", "geometry": {"type": "Point", "coordinates": [123.9695393, 10.3223715]}, "properties": {"id": 235723558, "amenity_type": "primary", "amenity": "Manuel L. Quezon National Highway", "lgu": "Lapu-Lapu City"}}, {"type": "Feature", "geometry": {"type": "Point", "coordinates": [123.9387445, 10.32566]}, "properties": {"id": 237982302, "amenity_type": "trunk", "amenity": "Ouano Avenue", "lgu": "Lapu-Lapu City"}}, {"type": "Feature", "geometry": {"type": "Point", "coordinates": [123.9395439, 10.3251692]}, "properties": {"id": 237983880, "amenity_type": "trunk", "amenity": "Ouano Avenue", "lgu": "Lapu-Lapu City"}}, {"type": "Feature", "geometry": {"type": "Point", "coordinates": [123.931694, 10.3295071]}, "properties": {"id": 237986163, "amenity_type": "primary", "amenity": "M.C. Briones Street", "lgu": "Lapu-Lapu City"}}, {"type": "Feature", "geometry": {"type": "Point", "coordinates": [123.946419, 10.3280908]}, "properties": {"id": 238044525, "amenity_type": "trunk", "amenity": "D.M. Cortes Avenue", "lgu": "Lapu-Lapu City"}}, {"type": "Feature", "geometry": {"type": "Point", "coordinates": [123.9325046, 10.3184259]}, "properties": {"id": 244648551, "amenity_type": "secondary", "amenity": "E.O. Perez Street", "lgu": "Lapu-Lapu City"}}, {"type": "Feature", "geometry": {"type": "Point", "coordinates": [124.0110976, 10.3104303]}, "properties": {"id": 420014429, "amenity_type": "primary", "amenity": "Mactan Circumferential Road", "lgu": "Lapu-Lapu City"}}, {"type": "Feature", "geometry": {"type": "Point", "coordinates": [124.0110672, 10.3104289]}, "properties": {"id": 420014430, "amenity_type": "primary", "amenity": "Mactan Circumferential Road", "lgu": "Lapu-Lapu City"}}, {"type": "Feature", "geometry": {"type": "Point", "coordinates": [123.9438274, 10.2704896]}, "properties": {"id": 558411398, "amenity_type": "trunk", "amenity": "Cebu-Cordova Link Expressway", "lgu": "Lapu-Lapu City"}}, {"type": "Feature", "geometry": {"type": "Point", "coordinates": [123.9685693, 10.3237539]}, "properties": {"id": 589178640, "amenity_type": "primary", "amenity": "Marcelo Fernan Bridge", "lgu": "Lapu-Lapu City"}}, {"type": "Feature", "geometry": {"type": "Point", "coordinates": [123.9710694, 10.3229904]}, "properties": {"id": 589178641, "amenity_type": "primary", "amenity": "Marcelo Fernan Bridge", "lgu": "Lapu-Lapu City"}}, {"type": "Feature", "geometry": {"type": "Point", "coordinates": [123.9443443, 10.2841808]}, "properties": {"id": 590000489, "amenity_type": "primary", "amenity": "Tiangge Road", "lgu": "Lapu-Lapu City"}}, {"type": "Feature", "geometry": {"type": "Point", "coordinates": [123.9529179, 10.3248959]}, "properties": {"id": 590032322, "amenity_type": "primary", "amenity": "A.C. Cortes Avenue", "lgu": "Lapu-Lapu City"}}, {"type": "Feature", "geometry": {"type": "Point", "coordinates": [123.9418127, 10.3243612]}, "properties": {"id": 590032352, "amenity_type": "trunk", "amenity": "Don Andres Soriano Avenue", "lgu": "Lapu-Lapu City"}}, {"type": "Feature", "geometry": {"type": "Point", "coordinates": [123.9444685, 10.3250906]}, "properties": {"id": 594406447, "amenity_type": "trunk", "amenity": "D.M. Cortes Avenue", "lgu": "Lapu-Lapu City"}}, {"type": "Feature", "geometry": {"type": "Point", "coordinates": [123.9436958, 10.3239711]}, "properties": {"id": 594406448, "amenity_type": "trunk", "amenity": "D.M. Cortes Avenue", "lgu": "Lapu-Lapu City"}}, {"type": "Feature", "geometry": {"type": "Point", "coordinates": [123.9326344, 10.3218651]}, "properties": {"id": 627388258, "amenity_type": "trunk", "amenity": "Ouano Avenue", "lgu": "Lapu-Lapu City"}}, {"type": "Feature", "geometry": {"type": "Point", "coordinates": [123.9534558, 10.3239035]}, "properties": {"id": 665725062, "amenity_type": "primary", "amenity": "A.C. Cortes Avenue", "lgu": "Lapu-Lapu City"}}, {"type": "Feature", "geometry": {"type": "Point", "coordinates": [123.958131, 10.3150837]}, "properties": {"id": 665725064, "amenity_type": "primary", "amenity": "Maximo V. Patalinjug Jr. Avenue", "lgu": "Lapu-Lapu City"}}, {"type": "Feature", "geometry": {"type": "Point", "coordinates": [123.9584192, 10.3147014]}, "properties": {"id": 665725065, "amenity_type": "primary", "amenity": "Maximo V. Patalinjug Jr. Avenue", "lgu": "Lapu-Lapu City"}}, {"type": "Feature", "geometry": {"type": "Point", "coordinates": [123.9577555, 10.3159271]}, "properties": {"id": 691846605, "amenity_type": "primary", "amenity": "Maximo V. Patalinjug Jr. Avenue", "lgu": "Lapu-Lapu City"}}, {"type": "Feature", "geometry": {"type": "Point", "coordinates": [123.9528145, 10.3252041]}, "properties": {"id": 691846606, "amenity_type": "primary", "amenity": "A.C. Cortes Avenue", "lgu": "Lapu-Lapu City"}}, {"type": "Feature", "geometry": {"type": "Point", "coordinates": [124.0058557, 10.3033718]}, "properties": {"id": 749734944, "amenity_type": "primary", "amenity": "Mactan Circumferential Road", "lgu": "Lapu-Lapu City"}}, {"type": "Feature", "geometry": {"type": "Point", "coordinates": [123.9580578, 10.3142188]}, "properties": {"id": 784991223, "amenity_type": "primary", "amenity": "Manuel L. Quezon National Highway", "lgu": "Lapu-Lapu City"}}, {"type": "Feature", "geometry": {"type": "Point", "coordinates": [123.9583466, 10.3146582]}, "properties": {"id": 784991224, "amenity_type": "primary", "amenity": "Maximo V. Patalinjug Jr. Avenue", "lgu": "Lapu-Lapu City"}}, {"type": "Feature", "geometry": {"type": "Point", "coordinates": [123.9585456, 10.3143161]}, "properties": {"id": 784991225, "amenity_type": "primary", "amenity": "Maximo V. Patalinjug Jr. Avenue", "lgu": "Lapu-Lapu City"}}, {"type": "Feature", "geometry": {"type": "Point", "coordinates": [123.9585252, 10.314519]}, "properties": {"id": 784991226, "amenity_type": "primary", "amenity": "Maximo V. Patalinjug Jr. Avenue", "lgu": "Lapu-Lapu City"}}, {"type": "Feature", "geometry": {"type": "Point", "coordinates": [123.9585116, 10.3144552]}, "properties": {"id": 784991227, "amenity_type": "primary", "amenity": "Manuel L. Quezon National Highway", "lgu": "Lapu-Lapu City"}}, {"type": "Feature", "geometry": {"type": "Point", "coordinates": [123.9580433, 10.3141572]}, "properties": {"id": 784991228, "amenity_type": "primary", "amenity": "Manuel L. Quezon National Highway", "lgu": "Lapu-Lapu City"}}, {"type": "Feature", "geometry": {"type": "Point", "coordinates": [123.9584632, 10.3145349]}, "properties": {"id": 784991229, "amenity_type": "primary", "amenity": "Manuel L. Quezon National Highway", "lgu": "Lapu-Lapu City"}}, {"type": "Feature", "geometry": {"type": "Point", "coordinates": [123.9586599, 10.314667]}, "properties": {"id": 784991230, "amenity_type": "primary", "amenity": "Manuel L. Quezon National Highway", "lgu": "Lapu-Lapu City"}}, {"type": "Feature", "geometry": {"type": "Point", "coordinates": [123.9505211, 10.3105439]}, "properties": {"id": 853610904, "amenity_type": "primary", "amenity": "G. Y. Dela Serna Street", "lgu": "Lapu-Lapu City"}}, {"type": "Feature", "geometry": {"type": "Point", "coordinates": [123.9545839, 10.3121102]}, "properties": {"id": 853610907, "amenity_type": "primary", "amenity": "A. L. Ngujo Sr. Street", "lgu": "Lapu-Lapu City"}}, {"type": "Feature", "geometry": {"type": "Point", "coordinates": [123.9452416, 10.326203]}, "properties": {"id": 854426065, "amenity_type": "trunk", "amenity": "D.M. Cortes Avenue", "lgu": "Lapu-Lapu City"}}, {"type": "Feature", "geometry": {"type": "Point", "coordinates": [123.9413933, 10.3244714]}, "properties": {"id": 855826461, "amenity_type": "trunk", "amenity": "Don Andres Soriano Avenue", "lgu": "Lapu-Lapu City"}}, {"type": "Feature", "geometry": {"type": "Point", "coordinates": [123.9414509, 10.3246041]}, "properties": {"id": 855826462, "amenity_type": "trunk", "amenity": "Don Andres Soriano Avenue", "lgu": "Lapu-Lapu City"}}, {"type": "Feature", "geometry": {"type": "Point", "coordinates": [123.95205, 10.3264947]}, "properties": {"id": 860501103, "amenity_type": "primary", "amenity": "A.C. Cortes Avenue", "lgu": "Lapu-Lapu City"}}, {"type": "Feature", "geometry": {"type": "Point", "coordinates": [123.953483, 10.3239264]}, "properties": {"id": 860501104, "amenity_type": "primary", "amenity": "A.C. Cortes Avenue", "lgu": "Lapu-Lapu City"}}, {"type": "Feature", "geometry": {"type": "Point", "coordinates": [123.9453724, 10.3263734]}, "properties": {"id": 894056386, "amenity_type": "trunk", "amenity": "D.M. Cortes Avenue", "lgu": "Lapu-Lapu City"}}, {"type": "Feature", "geometry": {"type": "Point", "coordinates": [123.9456792, 10.2730725]}, "properties": {"id": 899763834, "amenity_type": "primary", "amenity": "Manuel L. Quezon National Highway", "lgu": "Lapu-Lapu City"}}, {"type": "Feature", "geometry": {"type": "Point", "coordinates": [123.9305854, 10.319159]}, "properties": {"id": 906966519, "amenity_type": "trunk", "amenity": "Ouano Avenue", "lgu": "Lapu-Lapu City"}}, {"type": "Feature", "geometry": {"type": "Point", "coordinates": [123.9305803, 10.3286386]}, "properties": {"id": 915054860, "amenity_type": "primary", "amenity": "M.C. Briones Street", "lgu": "Lapu-Lapu City"}}, {"type": "Feature", "geometry": {"type": "Point", "coordinates": [123.930604, 10.3285988]}, "properties": {"id": 915054861, "amenity_type": "primary", "amenity": "M.C. Briones Street", "lgu": "Lapu-Lapu City"}}, {"type": "Feature", "geometry": {"type": "Point", "coordinates": [123.9306915, 10.3194784]}, "properties": {"id": 921982771, "amenity_type": "secondary", "amenity": "E.O. Perez Street", "lgu": "Lapu-Lapu City"}}, {"type": "Feature", "geometry": {"type": "Point", "coordinates": [123.9307316, 10.3193939]}, "properties": {"id": 921982772, "amenity_type": "trunk", "amenity": "Ouano Avenue", "lgu": "Lapu-Lapu City"}}, {"type": "Feature", "geometry": {"type": "Point", "coordinates": [123.9305808, 10.3194513]}, "properties": {"id": 921982773, "amenity_type": "trunk", "amenity": "Ouano Avenue", "lgu": "Lapu-Lapu City"}}, {"type": "Feature", "geometry": {"type": "Point", "coordinates": [123.9307831, 10.3286633]}, "properties": {"id": 922378777, "amenity_type": "primary", "amenity": "M.C. Briones Street", "lgu": "Lapu-Lapu City"}}, {"type": "Feature", "geometry": {"type": "Point", "coordinates": [123.9522083, 10.3263608]}, "properties": {"id": 923627898, "amenity_type": "primary", "amenity": "A.C. Cortes Avenue", "lgu": "Lapu-Lapu City"}}, {"type": "Feature", "geometry": {"type": "Point", "coordinates": [123.9309827, 10.3287866]}, "properties": {"id": 933120213, "amenity_type": "primary", "amenity": "M.C. Briones Street", "lgu": "Lapu-Lapu City"}}, {"type": "Feature", "geometry": {"type": "Point", "coordinates": [123.9412711, 10.3245182]}, "properties": {"id": 933846685, "amenity_type": "trunk", "amenity": "Ouano Avenue", "lgu": "Lapu-Lapu City"}}, {"type": "Feature", "geometry": {"type": "Point", "coordinates": [123.9413066, 10.3246677]}, "properties": {"id": 935664545, "amenity_type": "trunk", "amenity": "Ouano Avenue", "lgu": "Lapu-Lapu City"}}, {"type": "Feature", "geometry": {"type": "Point", "coordinates": [123.9327418, 10.321656]}, "properties": {"id": 959692825, "amenity_type": "trunk", "amenity": "Ouano Avenue", "lgu": "Lapu-Lapu City"}}, {"type": "Feature", "geometry": {"type": "Point", "coordinates": [123.9317383, 10.3188901]}, "properties": {"id": 959692826, "amenity_type": "secondary", "amenity": "E.O. Perez Street", "lgu": "Lapu-Lapu City"}}, {"type": "Feature", "geometry": {"type": "Point", "coordinates": [123.9313303, 10.318986]}, "properties": {"id": 959692827, "amenity_type": "secondary", "amenity": "E.O. Perez Street", "lgu": "Lapu-Lapu City"}}, {"type": "Feature", "geometry": {"type": "Point", "coordinates": [123.9666534, 10.2919214]}, "properties": {"id": 1059749230, "amenity_type": "primary", "amenity": "Maximo V. Patalinjug Jr. Avenue", "lgu": "Lapu-Lapu City"}}, {"type": "Feature", "geometry": {"type": "Point", "coordinates": [123.9668324, 10.2915288]}, "properties": {"id": 1059749232, "amenity_type": "primary", "amenity": "Maximo V. Patalinjug Jr. Avenue", "lgu": "Lapu-Lapu City"}}, {"type": "Feature", "geometry": {"type": "Point", "coordinates": [123.974904, 10.2987798]}, "properties": {"id": 1104622226, "amenity_type": "secondary", "amenity": "General Aviation Road", "lgu": "Lapu-Lapu City"}}, {"type": "Feature", "geometry": {"type": "Point", "coordinates": [123.9732461, 10.297139]}, "properties": {"id": 1104622227, "amenity_type": "secondary", "amenity": "General Aviation Road", "lgu": "Lapu-Lapu City"}}, {"type": "Feature", "geometry": {"type": "Point", "coordinates": [123.9680995, 10.288554]}, "properties": {"id": 1165012920, "amenity_type": "primary", "amenity": "Basak - Marigondon Road", "lgu": "Lapu-Lapu City"}}, {"type": "Feature", "geometry": {"type": "Point", "coordinates": [123.9691556, 10.2860537]}, "properties": {"id": 1165012921, "amenity_type": "primary", "amenity": "Basak - Marigondon Road", "lgu": "Lapu-Lapu City"}}, {"type": "Feature", "geometry": {"type": "Point", "coordinates": [123.9691556, 10.2860537]}, "properties": {"id": 1165012922, "amenity_type": "primary", "amenity": "Basak - Marigondon Road", "lgu": "Lapu-Lapu City"}}, {"type": "Feature", "geometry": {"type": "Point", "coordinates": [123.9519537, 10.3266634]}, "properties": {"id": 1185205402, "amenity_type": "primary", "amenity": "A.C. Cortes Avenue", "lgu": "Lapu-Lapu City"}}, {"type": "Feature", "geometry": {"type": "Point", "coordinates": [123.9523745, 10.3258892]}, "properties": {"id": 1185205403, "amenity_type": "primary", "amenity": "A.C. Cortes Avenue", "lgu": "Lapu-Lapu City"}}, {"type": "Feature", "geometry": {"type": "Point", "coordinates": [123.9311487, 10.3291063]}, "properties": {"id": 1193674531, "amenity_type": "primary", "amenity": "M.C. Briones Street", "lgu": "Lapu-Lapu City"}}, {"type": "Feature", "geometry": {"type": "Point", "coordinates": [123.930856, 10.3288539]}, "properties": {"id": 1193674533, "amenity_type": "primary", "amenity": "M.C. Briones Street", "lgu": "Lapu-Lapu City"}}, {"type": "Feature", "geometry": {"type": "Point", "coordinates": [123.9310143, 10.3289835]}, "properties": {"id": 1193674534, "amenity_type": "primary", "amenity": "M.C. Briones Street", "lgu": "Lapu-Lapu City"}}, {"type": "Feature", "geometry": {"type": "Point", "coordinates": [123.9306928, 10.328734]}, "properties": {"id": 1193674535, "amenity_type": "primary", "amenity": "M.C. Briones Street", "lgu": "Lapu-Lapu City"}}, {"type": "Feature", "geometry": {"type": "Point", "coordinates": [123.9766685, 10.3260431]}, "properties": {"id": 1289772263, "amenity_type": "primary", "amenity": "Manuel L. Quezon National Highway", "lgu": "Lapu-Lapu City"}}, {"type": "Feature", "geometry": {"type": "Point", "coordinates": [123.9769968, 10.3260971]}, "properties": {"id": 1289772264, "amenity_type": "primary", "amenity": "Manuel L. Quezon National Highway", "lgu": "Lapu-Lapu City"}}, {"type": "Feature", "geometry": {"type": "Point", "coordinates": [123.9767274, 10.3259486]}, "properties": {"id": 1289772265, "amenity_type": "primary", "amenity": "Manuel L. Quezon National Highway", "lgu": "Lapu-Lapu City"}}, {"type": "Feature", "geometry": {"type": "Point", "coordinates": [123.97646, 10.3259275]}, "properties": {"id": 1289772267, "amenity_type": "primary", "amenity": "Manuel L. Quezon National Highway", "lgu": "Lapu-Lapu City"}}, {"type": "Feature", "geometry": {"type": "Point", "coordinates": [123.9747393, 10.2757711]}, "properties": {"id": 1324079387, "amenity_type": "primary", "amenity": "Basak - Marigondon Road", "lgu": "Lapu-Lapu City"}}, {"type": "Feature", "geometry": {"type": "Point", "coordinates": [123.9751119, 10.2751301]}, "properties": {"id": 1324079388, "amenity_type": "primary", "amenity": "Basak - Marigondon Road", "lgu": "Lapu-Lapu City"}}, {"type": "Feature", "geometry": {"type": "Point", "coordinates": [123.9352299, 10.3241563]}, "properties": {"id": 1324332733, "amenity_type": "trunk", "amenity": "Ouano Avenue", "lgu": "Lapu-Lapu City"}}, {"type": "Feature", "geometry": {"type": "Point", "coordinates": [123.9695497, 10.3222424]}, "properties": {"id": 1324333952, "amenity_type": "primary", "amenity": "Manuel L. Quezon National Highway", "lgu": "Lapu-Lapu City"}}, {"type": "Feature", "geometry": {"type": "Point", "coordinates": [123.9688954, 10.3218931]}, "properties": {"id": 1324333953, "amenity_type": "primary", "amenity": "Manuel L. Quezon National Highway", "lgu": "Lapu-Lapu City"}}, {"type": "Feature", "geometry": {"type": "Point", "coordinates": [123.9527219, 10.3112401]}, "properties": {"id": 1328973958, "amenity_type": "primary", "amenity": "G. Y. Dela Serna Street", "lgu": "Lapu-Lapu City"}}, {"type": "Feature", "geometry": {"type": "Point", "coordinates": [123.967264, 10.3207511]}, "properties": {"id": 1349368610, "amenity_type": "primary", "amenity": "Manuel L. Quezon National Highway", "lgu": "Lapu-Lapu City"}}, {"type": "Feature", "geometry": {"type": "Point", "coordinates": [123.9622202, 10.3172379]}, "properties": {"id": 1349368611, "amenity_type": "primary", "amenity": "Manuel L. Quezon National Highway", "lgu": "Lapu-Lapu City"}}, {"type": "Feature", "geometry": {"type": "Point", "coordinates": [123.9649108, 10.3192011]}, "properties": {"id": 1349498004, "amenity_type": "primary", "amenity": "Manuel L. Quezon National Highway", "lgu": "Lapu-Lapu City"}}, {"type": "Feature", "geometry": {"type": "Point", "coordinates": [123.9639405, 10.3183307]}, "properties": {"id": 1349498005, "amenity_type": "primary", "amenity": "Manuel L. Quezon National Highway", "lgu": "Lapu-Lapu City"}}, {"type": "Feature", "geometry": {"type": "Point", "coordinates": [123.9726857, 10.323759]}, "properties": {"id": 1362790500, "amenity_type": "primary", "amenity": "Manuel L. Quezon National Highway", "lgu": "Lapu-Lapu City"}}, {"type": "Feature", "geometry": {"type": "Point", "coordinates": [123.974698, 10.3249505]}, "properties": {"id": 1362790501, "amenity_type": "primary", "amenity": "Manuel L. Quezon National Highway", "lgu": "Lapu-Lapu City"}}, {"type": "Feature", "geometry": {"type": "Point", "coordinates": [123.9638648, 10.3184338]}, "properties": {"id": 1368964894, "amenity_type": "primary", "amenity": "Manuel L. Quezon National Highway", "lgu": "Lapu-Lapu City"}}, {"type": "Feature", "geometry": {"type": "Point", "coordinates": [123.9649128, 10.3190432]}, "properties": {"id": 1368964895, "amenity_type": "primary", "amenity": "Manuel L. Quezon National Highway", "lgu": "Lapu-Lapu City"}}, {"type": "Feature", "geometry": {"type": "Point", "coordinates": [123.9639918, 10.3185439]}, "properties": {"id": 1368964897, "amenity_type": "primary", "amenity": "Manuel L. Quezon National Highway", "lgu": "Lapu-Lapu City"}}, {"type": "Feature", "geometry": {"type": "Point", "coordinates": [123.9582017, 10.3150878]}, "properties": {"id": 1395644019, "amenity_type": "primary", "amenity": "Maximo V. Patalinjug Jr. Avenue", "lgu": "Lapu-Lapu City"}}, {"type": "Feature", "geometry": {"type": "Point", "coordinates": [123.9415986, 10.3244979]}, "properties": {"id": 1422944996, "amenity_type": "trunk", "amenity": "Don Andres Soriano Avenue", "lgu": "Lapu-Lapu City"}}, {"type": "Feature", "geometry": {"type": "Point", "coordinates": [123.9415549, 10.3244388]}, "properties": {"id": 1422944997, "amenity_type": "trunk", "amenity": "Don Andres Soriano Avenue", "lgu": "Lapu-Lapu City"}}, {"type": "Feature", "geometry": {"type": "Point", "coordinates": [123.9425376, 10.3240333]}, "properties": {"id": 1457390463, "amenity_type": "trunk", "amenity": "Don Andres Soriano Avenue", "lgu": "Lapu-Lapu City"}}, {"type": "Feature", "geometry": {"type": "Point", "coordinates": [124.0067121, 10.3113167]}, "properties": {"id": 1459152178, "amenity_type": "primary", "amenity": "Manuel L. Quezon National Highway", "lgu": "Lapu-Lapu City"}}, {"type": "Feature", "geometry": {"type": "Point", "coordinates": [124.0098052, 10.3105622]}, "properties": {"id": 1459152179, "amenity_type": "primary", "amenity": "Manuel L. Quezon National Highway", "lgu": "Lapu-Lapu City"}}, {"type": "Feature", "geometry": {"type": "Point", "coordinates": [123.9842969, 10.3084185]}, "properties": {"id": 1459156062, "amenity_type": "secondary", "amenity": "General Aviation Road", "lgu": "Lapu-Lapu City"}}, {"type": "Feature", "geometry": {"type": "Point", "coordinates": [123.9888415, 10.3099112]}, "properties": {"id": 1459156063, "amenity_type": "secondary", "amenity": "Mactan Airport Road", "lgu": "Lapu-Lapu City"}}, {"type": "Feature", "geometry": {"type": "Point", "coordinates": [123.9994568, 10.2925349]}, "properties": {"id": 1459156541, "amenity_type": "primary", "amenity": "Mactan Circumferential Road", "lgu": "Lapu-Lapu City"}}, {"type": "Feature", "geometry": {"type": "Point", "coordinates": [123.9962564, 10.3183913]}, "properties": {"id": 1459160141, "amenity_type": "primary", "amenity": "Manuel L. Quezon National Highway", "lgu": "Lapu-Lapu City"}}, {"type": "Feature", "geometry": {"type": "Point", "coordinates": [123.990764, 10.3258175]}, "properties": {"id": 1459160526, "amenity_type": "primary", "amenity": "Manuel L. Quezon National Highway", "lgu": "Lapu-Lapu City"}}, {"type": "Feature", "geometry": {"type": "Point", "coordinates": [123.9784968, 10.2757821]}, "properties": {"id": 1459329454, "amenity_type": "primary", "amenity": "Mactan Circumferential National Road", "lgu": "Lapu-Lapu City"}}, {"type": "Feature", "geometry": {"type": "Point", "coordinates": [123.9770685, 10.3009246]}, "properties": {"id": 1459335899, "amenity_type": "secondary", "amenity": "General Aviation Road", "lgu": "Lapu-Lapu City"}}, {"type": "Feature", "geometry": {"type": "Point", "coordinates": [123.9568935, 10.2742584]}, "properties": {"id": 1459418369, "amenity_type": "primary", "amenity": "Cordova Bypass Road", "lgu": "Lapu-Lapu City"}}, {"type": "Feature", "geometry": {"type": "Point", "coordinates": [123.9567871, 10.2742029]}, "properties": {"id": 1459418370, "amenity_type": "primary", "amenity": "Cordova Bypass Road", "lgu": "Lapu-Lapu City"}}, {"type": "Feature", "geometry": {"type": "Point", "coordinates": [123.9471728, 10.3029202]}, "properties": {"id": 1459588542, "amenity_type": "primary", "amenity": "Tiangge Road", "lgu": "Lapu-Lapu City"}}, {"type": "Feature", "geometry": {"type": "Point", "coordinates": [123.9444812, 10.2832195]}, "properties": {"id": 1459598851, "amenity_type": "primary", "amenity": "Manuel L. Quezon National Highway", "lgu": "Lapu-Lapu City"}}, {"type": "Feature", "geometry": {"type": "Point", "coordinates": [123.9479614, 10.3077186]}, "properties": {"id": 1459608031, "amenity_type": "primary", "amenity": "Tiangge Road", "lgu": "Lapu-Lapu City"}}, {"type": "Feature", "geometry": {"type": "Point", "coordinates": [123.9900396, 10.3284592]}, "properties": {"id": 1467336432, "amenity_type": "primary", "amenity": "Manuel L. Quezon National Highway", "lgu": "Lapu-Lapu City"}}, {"type": "Feature", "geometry": {"type": "Point", "coordinates": [123.9890372, 10.3307305]}, "properties": {"id": 1467388723, "amenity_type": "primary", "amenity": "Manuel L. Quezon National Highway", "lgu": "Lapu-Lapu City"}}, {"type": "Feature", "geometry": {"type": "Point", "coordinates": [123.9622385, 10.3008123]}, "properties": {"id": 1468429480, "amenity_type": "primary", "amenity": "Maximo V. Patalinjug Jr. Avenue", "lgu": "Lapu-Lapu City"}}, {"type": "Feature", "geometry": {"type": "Point", "coordinates": [123.9622217, 10.3006975]}, "properties": {"id": 1468429481, "amenity_type": "primary", "amenity": "Maximo V. Patalinjug Jr. Avenue", "lgu": "Lapu-Lapu City"}}, {"type": "Feature", "geometry": {"type": "Point", "coordinates": [123.9625781, 10.3002291]}, "properties": {"id": 1468507989, "amenity_type": "primary", "amenity": "Maximo V. Patalinjug Jr. Avenue", "lgu": "Lapu-Lapu City"}}, {"type": "Feature", "geometry": {"type": "Point", "coordinates": [123.9759824, 10.3256646]}, "properties": {"id": 1468575904, "amenity_type": "primary", "amenity": "Manuel L. Quezon National Highway", "lgu": "Lapu-Lapu City"}}, {"type": "Feature", "geometry": {"type": "Point", "coordinates": [123.9765112, 10.3258286]}, "properties": {"id": 1468575905, "amenity_type": "primary", "amenity": "Manuel L. Quezon National Highway", "lgu": "Lapu-Lapu City"}}, {"type": "Feature", "geometry": {"type": "Point", "coordinates": [123.97759, 10.326423]}, "properties": {"id": 1468575906, "amenity_type": "primary", "amenity": "Manuel L. Quezon National Highway", "lgu": "Lapu-Lapu City"}}, {"type": "Feature", "geometry": {"type": "Point", "coordinates": [123.9769315, 10.3261891]}, "properties": {"id": 1468575907, "amenity_type": "primary", "amenity": "Manuel L. Quezon National Highway", "lgu": "Lapu-Lapu City"}}, {"type": "Feature", "geometry": {"type": "Point", "coordinates": [123.9756597, 10.3254869]}, "properties": {"id": 1468575908, "amenity_type": "primary", "amenity": "Manuel L. Quezon National Highway", "lgu": "Lapu-Lapu City"}}, {"type": "Feature", "geometry": {"type": "Point", "coordinates": [123.9756598, 10.3253617]}, "properties": {"id": 1468575910, "amenity_type": "primary", "amenity": "Manuel L. Quezon National Highway", "lgu": "Lapu-Lapu City"}}, {"type": "Feature", "geometry": {"type": "Point", "coordinates": [123.9760981, 10.3256023]}, "properties": {"id": 1468575911, "amenity_type": "primary", "amenity": "Manuel L. Quezon National Highway", "lgu": "Lapu-Lapu City"}}, {"type": "Feature", "geometry": {"type": "Point", "coordinates": [123.994455, 10.3201663]}, "properties": {"id": 1468587537, "amenity_type": "primary", "amenity": "Manuel L. Quezon National Highway", "lgu": "Lapu-Lapu City"}}, {"type": "Feature", "geometry": {"type": "Point", "coordinates": [123.978038, 10.3268032]}, "properties": {"id": 1468587540, "amenity_type": "primary", "amenity": "Manuel L. Quezon National Highway", "lgu": "Lapu-Lapu City"}}, {"type": "Feature", "geometry": {"type": "Point", "coordinates": [123.9790781, 10.3272849]}, "properties": {"id": 1468587541, "amenity_type": "primary", "amenity": "Manuel L. Quezon National Highway", "lgu": "Lapu-Lapu City"}}, {"type": "Feature", "geometry": {"type": "Point", "coordinates": [123.9466627, 10.2998604]}, "properties": {"id": 1468591818, "amenity_type": "primary", "amenity": "Tiangge Road", "lgu": "Lapu-Lapu City"}}, {"type": "Feature", "geometry": {"type": "Point", "coordinates": [123.9589998, 10.3137958]}, "properties": {"id": 1468595048, "amenity_type": "primary", "amenity": "Maximo V. Patalinjug Jr. Avenue", "lgu": "Lapu-Lapu City"}}, {"type": "Feature", "geometry": {"type": "Point", "coordinates": [123.9606115, 10.3044357]}, "properties": {"id": 1468595049, "amenity_type": "primary", "amenity": "Maximo V. Patalinjug Jr. Avenue", "lgu": "Lapu-Lapu City"}}, {"type": "Feature", "geometry": {"type": "Point", "coordinates": [123.9606954, 10.304439]}, "properties": {"id": 1468595050, "amenity_type": "primary", "amenity": "Maximo V. Patalinjug Jr. Avenue", "lgu": "Lapu-Lapu City"}}, {"type": "Feature", "geometry": {"type": "Point", "coordinates": [123.9608848, 10.3088637]}, "properties": {"id": 1468811037, "amenity_type": "primary", "amenity": "Maximo V. Patalinjug Jr. Avenue", "lgu": "Lapu-Lapu City"}}, {"type": "Feature", "geometry": {"type": "Point", "coordinates": [123.960998, 10.3088484]}, "properties": {"id": 1468811038, "amenity_type": "primary", "amenity": "Maximo V. Patalinjug Jr. Avenue", "lgu": "Lapu-Lapu City"}}, {"type": "Feature", "geometry": {"type": "Point", "coordinates": [123.945675, 10.2739349]}, "properties": {"id": 1469195596, "amenity_type": "primary", "amenity": "Manuel L. Quezon National Highway", "lgu": "Lapu-Lapu City"}}, {"type": "Feature", "geometry": {"type": "Point", "coordinates": [123.9628436, 10.2997518]}, "properties": {"id": 1469207353, "amenity_type": "primary", "amenity": "Maximo V. Patalinjug Jr. Avenue", "lgu": "Lapu-Lapu City"}}, {"type": "Feature", "geometry": {"type": "Point", "coordinates": [123.9628163, 10.2997375]}, "properties": {"id": 1469208975, "amenity_type": "primary", "amenity": "Maximo V. Patalinjug Jr. Avenue", "lgu": "Lapu-Lapu City"}}, {"type": "Feature", "geometry": {"type": "Point", "coordinates": [123.9586436, 10.314323]}, "properties": {"id": 1469210909, "amenity_type": "primary", "amenity": "Maximo V. Patalinjug Jr. Avenue", "lgu": "Lapu-Lapu City"}}, {"type": "Feature", "geometry": {"type": "Point", "coordinates": [123.9597119, 10.3154285]}, "properties": {"id": 1469215083, "amenity_type": "primary", "amenity": "Manuel L. Quezon National Highway", "lgu": "Lapu-Lapu City"}}, {"type": "Feature", "geometry": {"type": "Point", "coordinates": [123.9616962, 10.3014583]}, "properties": {"id": 1469325536, "amenity_type": "primary", "amenity": "Maximo V. Patalinjug Jr. Avenue", "lgu": "Lapu-Lapu City"}}, {"type": "Feature", "geometry": {"type": "Point", "coordinates": [123.9617492, 10.3015078]}, "properties": {"id": 1469325537, "amenity_type": "primary", "amenity": "Maximo V. Patalinjug Jr. Avenue", "lgu": "Lapu-Lapu City"}}, {"type": "Feature", "geometry": {"type": "Point", "coordinates": [124.0054411, 10.3123059]}, "properties": {"id": 1469591142, "amenity_type": "primary", "amenity": "Manuel L. Quezon National Highway", "lgu": "Lapu-Lapu City"}}, {"type": "Feature", "geometry": {"type": "Point", "coordinates": [124.0047438, 10.3128602]}, "properties": {"id": 1469591143, "amenity_type": "primary", "amenity": "Manuel L. Quezon National Highway", "lgu": "Lapu-Lapu City"}}, {"type": "Feature", "geometry": {"type": "Point", "coordinates": [123.9928942, 10.3222566]}, "properties": {"id": 1469591144, "amenity_type": "primary", "amenity": "Manuel L. Quezon National Highway", "lgu": "Lapu-Lapu City"}}, {"type": "Feature", "geometry": {"type": "Point", "coordinates": [123.9914754, 10.3241498]}, "properties": {"id": 1469591145, "amenity_type": "primary", "amenity": "Manuel L. Quezon National Highway", "lgu": "Lapu-Lapu City"}}, {"type": "Feature", "geometry": {"type": "Point", "coordinates": [124.0082289, 10.3104964]}, "properties": {"id": 1469591146, "amenity_type": "primary", "amenity": "Manuel L. Quezon National Highway", "lgu": "Lapu-Lapu City"}}, {"type": "Feature", "geometry": {"type": "Point", "coordinates": [124.0078561, 10.3105027]}, "properties": {"id": 1469591147, "amenity_type": "primary", "amenity": "Manuel L. Quezon National Highway", "lgu": "Lapu-Lapu City"}}, {"type": "Feature", "geometry": {"type": "Point", "coordinates": [124.0037418, 10.3136533]}, "properties": {"id": 1469591148, "amenity_type": "primary", "amenity": "Manuel L. Quezon National Highway", "lgu": "Lapu-Lapu City"}}, {"type": "Feature", "geometry": {"type": "Point", "coordinates": [123.9997195, 10.3159743]}, "properties": {"id": 1469591151, "amenity_type": "primary", "amenity": "Manuel L. Quezon National Highway", "lgu": "Lapu-Lapu City"}}, {"type": "Feature", "geometry": {"type": "Point", "coordinates": [123.9981152, 10.3170486]}, "properties": {"id": 1469591152, "amenity_type": "primary", "amenity": "Manuel L. Quezon National Highway", "lgu": "Lapu-Lapu City"}}, {"type": "Feature", "geometry": {"type": "Point", "coordinates": [123.997882, 10.3171604]}, "properties": {"id": 1469591153, "amenity_type": "primary", "amenity": "Manuel L. Quezon National Highway", "lgu": "Lapu-Lapu City"}}, {"type": "Feature", "geometry": {"type": "Point", "coordinates": [123.9976788, 10.3172441]}, "properties": {"id": 1469591154, "amenity_type": "primary", "amenity": "Manuel L. Quezon National Highway", "lgu": "Lapu-Lapu City"}}, {"type": "Feature", "geometry": {"type": "Point", "coordinates": [124.0021871, 10.3145309]}, "properties": {"id": 1469591155, "amenity_type": "primary", "amenity": "Manuel L. Quezon National Highway", "lgu": "Lapu-Lapu City"}}, {"type": "Feature", "geometry": {"type": "Point", "coordinates": [123.9607502, 10.3107432]}, "properties": {"id": 1471743352, "amenity_type": "primary", "amenity": "Maximo V. Patalinjug Jr. Avenue", "lgu": "Lapu-Lapu City"}}, {"type": "Feature", "geometry": {"type": "Point", "coordinates": [123.9608636, 10.3107479]}, "properties": {"id": 1471743353, "amenity_type": "primary", "amenity": "Maximo V. Patalinjug Jr. Avenue", "lgu": "Lapu-Lapu City"}}, {"type": "Feature", "geometry": {"type": "Point", "coordinates": [123.9607939, 10.3111874]}, "properties": {"id": 1471743354, "amenity_type": "primary", "amenity": "Maximo V. Patalinjug Jr. Avenue", "lgu": "Lapu-Lapu City"}}, {"type": "Feature", "geometry": {"type": "Point", "coordinates": [123.9606769, 10.3111638]}, "properties": {"id": 1471743355, "amenity_type": "primary", "amenity": "Maximo V. Patalinjug Jr. Avenue", "lgu": "Lapu-Lapu City"}}, {"type": "Feature", "geometry": {"type": "Point", "coordinates": [123.9379222, 10.3259429]}, "properties": {"id": 1472420000, "amenity_type": "trunk", "amenity": "Ouano Avenue", "lgu": "Lapu-Lapu City"}}, {"type": "Feature", "geometry": {"type": "Point", "coordinates": [123.9379102, 10.3257695]}, "properties": {"id": 1472420001, "amenity_type": "trunk", "amenity": "Ouano Avenue", "lgu": "Lapu-Lapu City"}}, {"type": "Feature", "geometry": {"type": "Point", "coordinates": [123.9519033, 10.326951]}, "properties": {"id": 1472484727, "amenity_type": "primary", "amenity": "A.C. Cortes Avenue", "lgu": "Lapu-Lapu City"}}, {"type": "Feature", "geometry": {"type": "Point", "coordinates": [123.9498043, 10.3292293]}, "properties": {"id": 1472487881, "amenity_type": "primary", "amenity": "A.C. Cortes Avenue", "lgu": "Lapu-Lapu City"}}, {"type": "Feature", "geometry": {"type": "Point", "coordinates": [123.9517154, 10.3272897]}, "properties": {"id": 1472487883, "amenity_type": "primary", "amenity": "A.C. Cortes Avenue", "lgu": "Lapu-Lapu City"}}, {"type": "Feature", "geometry": {"type": "Point", "coordinates": [123.9518126, 10.3269136]}, "properties": {"id": 1473724157, "amenity_type": "primary", "amenity": "A.C. Cortes Avenue", "lgu": "Lapu-Lapu City"}}, {"type": "Feature", "geometry": {"type": "Point", "coordinates": [123.9516206, 10.3272347]}, "properties": {"id": 1473724158, "amenity_type": "primary", "amenity": "A.C. Cortes Avenue", "lgu": "Lapu-Lapu City"}}, {"type": "Feature", "geometry": {"type": "Point", "coordinates": [123.9309143, 10.3199753]}, "properties": {"id": 1474023667, "amenity_type": "trunk", "amenity": "Ouano Avenue", "lgu": "Lapu-Lapu City"}}, {"type": "Feature", "geometry": {"type": "Point", "coordinates": [123.9307078, 10.319655]}, "properties": {"id": 1474023668, "amenity_type": "trunk", "amenity": "Ouano Avenue", "lgu": "Lapu-Lapu City"}}, {"type": "Feature", "geometry": {"type": "Point", "coordinates": [123.9753023, 10.3251611]}, "properties": {"id": 1474248293, "amenity_type": "primary", "amenity": "Manuel L. Quezon National Highway", "lgu": "Lapu-Lapu City"}}, {"type": "Feature", "geometry": {"type": "Point", "coordinates": [123.9693013, 10.3221152]}, "properties": {"id": 1474248294, "amenity_type": "primary", "amenity": "Manuel L. Quezon National Highway", "lgu": "Lapu-Lapu City"}}, {"type": "Feature", "geometry": {"type": "Point", "coordinates": [123.9588397, 10.3140211]}, "properties": {"id": 1474248295, "amenity_type": "primary", "amenity": "Maximo V. Patalinjug Jr. Avenue", "lgu": "Lapu-Lapu City"}}, {"type": "Feature", "geometry": {"type": "Point", "coordinates": [123.9510268, 10.3279813]}, "properties": {"id": 1480425816, "amenity_type": "primary", "amenity": "A.C. Cortes Avenue", "lgu": "Lapu-Lapu City"}}, {"type": "Feature", "geometry": {"type": "Point", "coordinates": [123.8350817, 10.2611503]}, "properties": {"id": 69348030, "amenity_type": "primary", "amenity": "Natalio Bacalso Avenue", "lgu": "Talisay City"}}, {"type": "Feature", "geometry": {"type": "Point", "coordinates": [123.833855, 10.2606441]}, "properties": {"id": 69348031, "amenity_type": "primary", "amenity": "Natalio Bacalso Avenue", "lgu": "Talisay City"}}, {"type": "Feature", "geometry": {"type": "Point", "coordinates": [123.8518839, 10.2523647]}, "properties": {"id": 77593966, "amenity_type": "trunk", "amenity": "Cebu South Coastal Road", "lgu": "Talisay City"}}, {"type": "Feature", "geometry": {"type": "Point", "coordinates": [123.8346469, 10.2534815]}, "properties": {"id": 77595039, "amenity_type": "trunk", "amenity": "Cebu South Coastal Road", "lgu": "Talisay City"}}, {"type": "Feature", "geometry": {"type": "Point", "coordinates": [123.8533117, 10.2519326]}, "properties": {"id": 77595040, "amenity_type": "trunk", "amenity": "Cebu South Coastal Road", "lgu": "Talisay City"}}, {"type": "Feature", "geometry": {"type": "Point", "coordinates": [123.834671, 10.253584]}, "properties": {"id": 77595042, "amenity_type": "trunk", "amenity": "Cebu South Coastal Road", "lgu": "Talisay City"}}, {"type": "Feature", "geometry": {"type": "Point", "coordinates": [123.8366284, 10.265266]}, "properties": {"id": 80482770, "amenity_type": "secondary", "amenity": "Rafael Rabaya Street", "lgu": "Talisay City"}}, {"type": "Feature", "geometry": {"type": "Point", "coordinates": [123.845282, 10.2699742]}, "properties": {"id": 98840145, "amenity_type": "primary", "amenity": "Natalio Bacalso Avenue", "lgu": "Talisay City"}}, {"type": "Feature", "geometry": {"type": "Point", "coordinates": [123.8471524, 10.2718052]}, "properties": {"id": 98840146, "amenity_type": "primary", "amenity": "Natalio Bacalso Avenue", "lgu": "Talisay City"}}, {"type": "Feature", "geometry": {"type": "Point", "coordinates": [123.8721197, 10.2605294]}, "properties": {"id": 99142668, "amenity_type": "trunk", "amenity": "Cebu South Coastal Road", "lgu": "Talisay City"}}, {"type": "Feature", "geometry": {"type": "Point", "coordinates": [123.870176, 10.2587326]}, "properties": {"id": 99142669, "amenity_type": "trunk", "amenity": "Cebu South Coastal Road", "lgu": "Talisay City"}}, {"type": "Feature", "geometry": {"type": "Point", "coordinates": [123.872208, 10.2604557]}, "properties": {"id": 99142670, "amenity_type": "trunk", "amenity": "Cebu South Coastal Road", "lgu": "Talisay City"}}, {"type": "Feature", "geometry": {"type": "Point", "coordinates": [123.8670939, 10.2577546]}, "properties": {"id": 99181903, "amenity_type": "trunk", "amenity": "Cebu South Coastal Road", "lgu": "Talisay City"}}, {"type": "Feature", "geometry": {"type": "Point", "coordinates": [123.8702262, 10.2586433]}, "properties": {"id": 99181904, "amenity_type": "trunk", "amenity": "Cebu South Coastal Road", "lgu": "Talisay City"}}, {"type": "Feature", "geometry": {"type": "Point", "coordinates": [123.838633, 10.2626699]}, "properties": {"id": 104215040, "amenity_type": "primary", "amenity": "Natalio Bacalso Avenue", "lgu": "Talisay City"}}, {"type": "Feature", "geometry": {"type": "Point", "coordinates": [123.8399321, 10.2639973]}, "properties": {"id": 104215041, "amenity_type": "primary", "amenity": "Natalio Bacalso Avenue", "lgu": "Talisay City"}}, {"type": "Feature", "geometry": {"type": "Point", "coordinates": [123.8386119, 10.2627012]}, "properties": {"id": 104215042, "amenity_type": "primary", "amenity": "Natalio Bacalso Avenue", "lgu": "Talisay City"}}, {"type": "Feature", "geometry": {"type": "Point", "coordinates": [123.8375475, 10.2620857]}, "properties": {"id": 104215043, "amenity_type": "primary", "amenity": "Natalio Bacalso Avenue", "lgu": "Talisay City"}}, {"type": "Feature", "geometry": {"type": "Point", "coordinates": [123.8389764, 10.2631324]}, "properties": {"id": 104215044, "amenity_type": "primary", "amenity": "Natalio Bacalso Avenue", "lgu": "Talisay City"}}, {"type": "Feature", "geometry": {"type": "Point", "coordinates": [123.8351271, 10.2610197]}, "properties": {"id": 104215045, "amenity_type": "primary", "amenity": "Natalio Bacalso Avenue", "lgu": "Talisay City"}}, {"type": "Feature", "geometry": {"type": "Point", "coordinates": [123.8338774, 10.2605742]}, "properties": {"id": 104215046, "amenity_type": "primary", "amenity": "Natalio Bacalso Avenue", "lgu": "Talisay City"}}, {"type": "Feature", "geometry": {"type": "Point", "coordinates": [123.829154, 10.2595642]}, "properties": {"id": 104215047, "amenity_type": "primary", "amenity": "Natalio Bacalso Avenue", "lgu": "Talisay City"}}, {"type": "Feature", "geometry": {"type": "Point", "coordinates": [123.8375133, 10.2621556]}, "properties": {"id": 104215049, "amenity_type": "primary", "amenity": "Natalio Bacalso Avenue", "lgu": "Talisay City"}}, {"type": "Feature", "geometry": {"type": "Point", "coordinates": [123.8394486, 10.2635575]}, "properties": {"id": 210007042, "amenity_type": "primary", "amenity": "Tabunok Flyover", "lgu": "Talisay City"}}, {"type": "Feature", "geometry": {"type": "Point", "coordinates": [123.8478811, 10.2722654]}, "properties": {"id": 235389465, "amenity_type": "primary", "amenity": "Natalio Bacalso Avenue", "lgu": "Talisay City"}}, {"type": "Feature", "geometry": {"type": "Point", "coordinates": [123.8424021, 10.2668105]}, "properties": {"id": 236545359, "amenity_type": "primary", "amenity": "Natalio Bacalso Avenue", "lgu": "Talisay City"}}, {"type": "Feature", "geometry": {"type": "Point", "coordinates": [123.852391, 10.2766093]}, "properties": {"id": 237738347, "amenity_type": "primary", "amenity": "Natalio Bacalso Avenue", "lgu": "Talisay City"}}, {"type": "Feature", "geometry": {"type": "Point", "coordinates": [123.8400051, 10.2632334]}, "properties": {"id": 402072505, "amenity_type": "secondary", "amenity": "Rafael Rabaya Street", "lgu": "Talisay City"}}, {"type": "Feature", "geometry": {"type": "Point", "coordinates": [123.8771033, 10.2663135]}, "properties": {"id": 421052925, "amenity_type": "trunk", "amenity": "Cebu South Coastal Road", "lgu": "Talisay City"}}, {"type": "Feature", "geometry": {"type": "Point", "coordinates": [123.8796452, 10.2732665]}, "properties": {"id": 609990646, "amenity_type": "trunk", "amenity": "Cebu South Coastal Road", "lgu": "Talisay City"}}, {"type": "Feature", "geometry": {"type": "Point", "coordinates": [123.8765375, 10.2654551]}, "properties": {"id": 610005599, "amenity_type": "trunk", "amenity": "Cebu South Coastal Road", "lgu": "Talisay City"}}, {"type": "Feature", "geometry": {"type": "Point", "coordinates": [123.87646, 10.2655659]}, "properties": {"id": 785017544, "amenity_type": "trunk", "amenity": "Cebu South Coastal Road", "lgu": "Talisay City"}}, {"type": "Feature", "geometry": {"type": "Point", "coordinates": [123.8761875, 10.2650517]}, "properties": {"id": 785017545, "amenity_type": "trunk", "amenity": "Cebu South Coastal Road", "lgu": "Talisay City"}}, {"type": "Feature", "geometry": {"type": "Point", "coordinates": [123.8748844, 10.2637366]}, "properties": {"id": 785017546, "amenity_type": "trunk", "amenity": "Cebu South Coastal Road", "lgu": "Talisay City"}}, {"type": "Feature", "geometry": {"type": "Point", "coordinates": [123.8747039, 10.2633342]}, "properties": {"id": 785017547, "amenity_type": "trunk", "amenity": "Cebu South Coastal Road", "lgu": "Talisay City"}}, {"type": "Feature", "geometry": {"type": "Point", "coordinates": [123.8730169, 10.2613857]}, "properties": {"id": 785017549, "amenity_type": "trunk", "amenity": "Cebu South Coastal Road", "lgu": "Talisay City"}}, {"type": "Feature", "geometry": {"type": "Point", "coordinates": [123.8729227, 10.2614584]}, "properties": {"id": 785017550, "amenity_type": "trunk", "amenity": "Cebu South Coastal Road", "lgu": "Talisay City"}}, {"type": "Feature", "geometry": {"type": "Point", "coordinates": [123.8486506, 10.2514135]}, "properties": {"id": 785017551, "amenity_type": "trunk", "amenity": "Cebu South Coastal Road", "lgu": "Talisay City"}}, {"type": "Feature", "geometry": {"type": "Point", "coordinates": [123.8670611, 10.257649]}, "properties": {"id": 785017552, "amenity_type": "trunk", "amenity": "Cebu South Coastal Road", "lgu": "Talisay City"}}, {"type": "Feature", "geometry": {"type": "Point", "coordinates": [123.8605675, 10.2578362]}, "properties": {"id": 785017553, "amenity_type": "trunk", "amenity": "Cebu South Coastal Road", "lgu": "Talisay City"}}, {"type": "Feature", "geometry": {"type": "Point", "coordinates": [123.8595771, 10.2566676]}, "properties": {"id": 785017554, "amenity_type": "trunk", "amenity": "Cebu South Coastal Road", "lgu": "Talisay City"}}, {"type": "Feature", "geometry": {"type": "Point", "coordinates": [123.8588009, 10.2558505]}, "properties": {"id": 785017555, "amenity_type": "trunk", "amenity": "Cebu South Coastal Road", "lgu": "Talisay City"}}, {"type": "Feature", "geometry": {"type": "Point", "coordinates": [123.8578892, 10.2546846]}, "properties": {"id": 785017556, "amenity_type": "trunk", "amenity": "Cebu South Coastal Road", "lgu": "Talisay City"}}, {"type": "Feature", "geometry": {"type": "Point", "coordinates": [123.856889, 10.2535983]}, "properties": {"id": 785017557, "amenity_type": "trunk", "amenity": "Cebu South Coastal Road", "lgu": "Talisay City"}}, {"type": "Feature", "geometry": {"type": "Point", "coordinates": [123.8560882, 10.2528662]}, "properties": {"id": 785017558, "amenity_type": "trunk", "amenity": "Cebu South Coastal Road", "lgu": "Talisay City"}}, {"type": "Feature", "geometry": {"type": "Point", "coordinates": [123.8565915, 10.253233]}, "properties": {"id": 785017559, "amenity_type": "secondary", "amenity": "Rafael Rabaya Street", "lgu": "Talisay City"}}, {"type": "Feature", "geometry": {"type": "Point", "coordinates": [123.8639943, 10.2585741]}, "properties": {"id": 785017560, "amenity_type": "trunk", "amenity": "Cebu South Coastal Road", "lgu": "Talisay City"}}, {"type": "Feature", "geometry": {"type": "Point", "coordinates": [123.8610902, 10.2580452]}, "properties": {"id": 785017561, "amenity_type": "trunk", "amenity": "Cebu South Coastal Road", "lgu": "Talisay City"}}, {"type": "Feature", "geometry": {"type": "Point", "coordinates": [123.8397646, 10.2524126]}, "properties": {"id": 785017562, "amenity_type": "trunk", "amenity": "Cebu South Coastal Road", "lgu": "Talisay City"}}, {"type": "Feature", "geometry": {"type": "Point", "coordinates": [123.837665, 10.2528946]}, "properties": {"id": 785017563, "amenity_type": "trunk", "amenity": "Cebu South Coastal Road", "lgu": "Talisay City"}}, {"type": "Feature", "geometry": {"type": "Point", "coordinates": [123.8370056, 10.2529233]}, "properties": {"id": 785017564, "amenity_type": "trunk", "amenity": "Cebu South Coastal Road", "lgu": "Talisay City"}}, {"type": "Feature", "geometry": {"type": "Point", "coordinates": [123.8385764, 10.2525405]}, "properties": {"id": 785017565, "amenity_type": "trunk", "amenity": "Cebu South Coastal Road", "lgu": "Talisay City"}}, {"type": "Feature", "geometry": {"type": "Point", "coordinates": [123.847203, 10.2717308]}, "properties": {"id": 821637001, "amenity_type": "primary", "amenity": "Natalio Bacalso Avenue", "lgu": "Talisay City"}}, {"type": "Feature", "geometry": {"type": "Point", "coordinates": [123.847856, 10.2721579]}, "properties": {"id": 821637002, "amenity_type": "primary", "amenity": "Natalio Bacalso Avenue", "lgu": "Talisay City"}}, {"type": "Feature", "geometry": {"type": "Point", "coordinates": [123.8465093, 10.2712041]}, "properties": {"id": 821637003, "amenity_type": "primary", "amenity": "Natalio Bacalso Avenue", "lgu": "Talisay City"}}, {"type": "Feature", "geometry": {"type": "Point", "coordinates": [123.8468356, 10.2715904]}, "properties": {"id": 821637004, "amenity_type": "primary", "amenity": "Natalio Bacalso Avenue", "lgu": "Talisay City"}}, {"type": "Feature", "geometry": {"type": "Point", "coordinates": [123.8817256, 10.2797611]}, "properties": {"id": 903973908, "amenity_type": "trunk", "amenity": "Cebu South Coastal Road", "lgu": "Talisay City"}}, {"type": "Feature", "geometry": {"type": "Point", "coordinates": [123.8549574, 10.2791481]}, "properties": {"id": 904328238, "amenity_type": "primary", "amenity": "Natalio Bacalso Avenue", "lgu": "Talisay City"}}, {"type": "Feature", "geometry": {"type": "Point", "coordinates": [123.8402884, 10.2644217]}, "properties": {"id": 905322537, "amenity_type": "primary", "amenity": "Natalio Bacalso Avenue", "lgu": "Talisay City"}}, {"type": "Feature", "geometry": {"type": "Point", "coordinates": [123.8402538, 10.2644518]}, "properties": {"id": 905322538, "amenity_type": "primary", "amenity": "Natalio Bacalso Avenue", "lgu": "Talisay City"}}, {"type": "Feature", "geometry": {"type": "Point", "coordinates": [123.8426172, 10.2669448]}, "properties": {"id": 905322539, "amenity_type": "primary", "amenity": "Natalio Bacalso Avenue", "lgu": "Talisay City"}}, {"type": "Feature", "geometry": {"type": "Point", "coordinates": [123.8409318, 10.2651022]}, "properties": {"id": 905322540, "amenity_type": "primary", "amenity": "Natalio Bacalso Avenue", "lgu": "Talisay City"}}, {"type": "Feature", "geometry": {"type": "Point", "coordinates": [123.8394569, 10.2635643]}, "properties": {"id": 988838917, "amenity_type": "secondary", "amenity": "Rafael Rabaya Street", "lgu": "Talisay City"}}, {"type": "Feature", "geometry": {"type": "Point", "coordinates": [123.8398426, 10.2640604]}, "properties": {"id": 988839718, "amenity_type": "primary", "amenity": "Natalio Bacalso Avenue", "lgu": "Talisay City"}}, {"type": "Feature", "geometry": {"type": "Point", "coordinates": [123.8390524, 10.2630681]}, "properties": {"id": 988839719, "amenity_type": "primary", "amenity": "Natalio Bacalso Avenue", "lgu": "Talisay City"}}, {"type": "Feature", "geometry": {"type": "Point", "coordinates": [123.8456499, 10.2515067]}, "properties": {"id": 1083138507, "amenity_type": "trunk", "amenity": "Cebu South Coastal Road", "lgu": "Talisay City"}}, {"type": "Feature", "geometry": {"type": "Point", "coordinates": [123.8467247, 10.2516252]}, "properties": {"id": 1083138508, "amenity_type": "trunk", "amenity": "Cebu South Coastal Road", "lgu": "Talisay City"}}, {"type": "Feature", "geometry": {"type": "Point", "coordinates": [123.8432507, 10.2519649]}, "properties": {"id": 1083138509, "amenity_type": "trunk", "amenity": "Cebu South Coastal Road", "lgu": "Talisay City"}}, {"type": "Feature", "geometry": {"type": "Point", "coordinates": [123.8421645, 10.2519572]}, "properties": {"id": 1083138510, "amenity_type": "trunk", "amenity": "Cebu South Coastal Road", "lgu": "Talisay City"}}, {"type": "Feature", "geometry": {"type": "Point", "coordinates": [123.8420796, 10.2663604]}, "properties": {"id": 1147782868, "amenity_type": "primary", "amenity": "Natalio Bacalso Avenue", "lgu": "Talisay City"}}, {"type": "Feature", "geometry": {"type": "Point", "coordinates": [123.84195, 10.2663231]}, "properties": {"id": 1147783625, "amenity_type": "primary", "amenity": "Natalio Bacalso Avenue", "lgu": "Talisay City"}}, {"type": "Feature", "geometry": {"type": "Point", "coordinates": [123.8423133, 10.2666184]}, "properties": {"id": 1147783628, "amenity_type": "primary", "amenity": "Natalio Bacalso Avenue", "lgu": "Talisay City"}}, {"type": "Feature", "geometry": {"type": "Point", "coordinates": [123.8410928, 10.2625721]}, "properties": {"id": 1147848759, "amenity_type": "secondary", "amenity": "Rafael Rabaya Street", "lgu": "Talisay City"}}, {"type": "Feature", "geometry": {"type": "Point", "coordinates": [123.8488607, 10.257884]}, "properties": {"id": 1147848760, "amenity_type": "secondary", "amenity": "Rafael Rabaya Street", "lgu": "Talisay City"}}, {"type": "Feature", "geometry": {"type": "Point", "coordinates": [123.8322461, 10.2540235]}, "properties": {"id": 1324331437, "amenity_type": "trunk", "amenity": "Cebu South Coastal Road", "lgu": "Talisay City"}}, {"type": "Feature", "geometry": {"type": "Point", "coordinates": [123.8299344, 10.2545513]}, "properties": {"id": 1324331438, "amenity_type": "trunk", "amenity": "Cebu South Coastal Road", "lgu": "Talisay City"}}, {"type": "Feature", "geometry": {"type": "Point", "coordinates": [123.8498806, 10.2741262]}, "properties": {"id": 1326429948, "amenity_type": "primary", "amenity": "Natalio Bacalso Avenue", "lgu": "Talisay City"}}, {"type": "Feature", "geometry": {"type": "Point", "coordinates": [123.849379, 10.2736351]}, "properties": {"id": 1326429949, "amenity_type": "primary", "amenity": "Natalio Bacalso Avenue", "lgu": "Talisay City"}}, {"type": "Feature", "geometry": {"type": "Point", "coordinates": [123.8453206, 10.2699168]}, "properties": {"id": 1340017145, "amenity_type": "primary", "amenity": "Natalio Bacalso Avenue", "lgu": "Talisay City"}}, {"type": "Feature", "geometry": {"type": "Point", "coordinates": [123.8433321, 10.2678357]}, "properties": {"id": 1340017147, "amenity_type": "primary", "amenity": "Natalio Bacalso Avenue", "lgu": "Talisay City"}}, {"type": "Feature", "geometry": {"type": "Point", "coordinates": [123.8427344, 10.2671815]}, "properties": {"id": 1340017149, "amenity_type": "primary", "amenity": "Natalio Bacalso Avenue", "lgu": "Talisay City"}}, {"type": "Feature", "geometry": {"type": "Point", "coordinates": [123.8433769, 10.2677981]}, "properties": {"id": 1340017150, "amenity_type": "primary", "amenity": "Natalio Bacalso Avenue", "lgu": "Talisay City"}}, {"type": "Feature", "geometry": {"type": "Point", "coordinates": [123.8415296, 10.2657616]}, "properties": {"id": 1345398847, "amenity_type": "primary", "amenity": "Natalio Bacalso Avenue", "lgu": "Talisay City"}}, {"type": "Feature", "geometry": {"type": "Point", "coordinates": [123.84163, 10.2658721]}, "properties": {"id": 1345398849, "amenity_type": "primary", "amenity": "Natalio Bacalso Avenue", "lgu": "Talisay City"}}, {"type": "Feature", "geometry": {"type": "Point", "coordinates": [123.8415762, 10.2658133]}, "properties": {"id": 1345398850, "amenity_type": "primary", "amenity": "Natalio Bacalso Avenue", "lgu": "Talisay City"}}, {"type": "Feature", "geometry": {"type": "Point", "coordinates": [123.8414753, 10.2658136]}, "properties": {"id": 1345398852, "amenity_type": "primary", "amenity": "Natalio Bacalso Avenue", "lgu": "Talisay City"}}, {"type": "Feature", "geometry": {"type": "Point", "coordinates": [123.8415232, 10.2658639]}, "properties": {"id": 1345398853, "amenity_type": "primary", "amenity": "Natalio Bacalso Avenue", "lgu": "Talisay City"}}, {"type": "Feature", "geometry": {"type": "Point", "coordinates": [123.8408692, 10.2651578]}, "properties": {"id": 1345398855, "amenity_type": "primary", "amenity": "Natalio Bacalso Avenue", "lgu": "Talisay City"}}, {"type": "Feature", "geometry": {"type": "Point", "coordinates": [123.848541, 10.2728373]}, "properties": {"id": 1350833904, "amenity_type": "primary", "amenity": "Natalio Bacalso Avenue", "lgu": "Talisay City"}}, {"type": "Feature", "geometry": {"type": "Point", "coordinates": [123.8491317, 10.2733965]}, "properties": {"id": 1350833905, "amenity_type": "primary", "amenity": "Natalio Bacalso Avenue", "lgu": "Talisay City"}}, {"type": "Feature", "geometry": {"type": "Point", "coordinates": [123.8464426, 10.2712527]}, "properties": {"id": 1382927503, "amenity_type": "primary", "amenity": "Natalio Bacalso Avenue", "lgu": "Talisay City"}}, {"type": "Feature", "geometry": {"type": "Point", "coordinates": [123.8468927, 10.2715197]}, "properties": {"id": 1382927504, "amenity_type": "primary", "amenity": "Natalio Bacalso Avenue", "lgu": "Talisay City"}}, {"type": "Feature", "geometry": {"type": "Point", "coordinates": [123.8629425, 10.2590206]}, "properties": {"id": 1423812590, "amenity_type": "trunk", "amenity": "Cebu South Coastal Road", "lgu": "Talisay City"}}, {"type": "Feature", "geometry": {"type": "Point", "coordinates": [123.8652774, 10.2583545]}, "properties": {"id": 1423812591, "amenity_type": "trunk", "amenity": "Cebu South Coastal Road", "lgu": "Talisay City"}}, {"type": "Feature", "geometry": {"type": "Point", "coordinates": [123.8312501, 10.2543841]}, "properties": {"id": 1474473376, "amenity_type": "trunk", "amenity": "Cebu South Coastal Road", "lgu": "Talisay City"}}, {"type": "Feature", "geometry": {"type": "Point", "coordinates": [123.8314547, 10.2682464]}, "properties": {"id": 1474559454, "amenity_type": "secondary", "amenity": "Rafael Rabaya Street", "lgu": "Talisay City"}}, {"type": "Feature", "geometry": {"type": "Point", "coordinates": [123.8363802, 10.261516]}, "properties": {"id": 1474801403, "amenity_type": "primary", "amenity": "Natalio Bacalso Avenue", "lgu": "Talisay City"}}, {"type": "Feature", "geometry": {"type": "Point", "coordinates": [123.83635, 10.2616032]}, "properties": {"id": 1474801405, "amenity_type": "primary", "amenity": "Natalio Bacalso Avenue", "lgu": "Talisay City"}}, {"type": "Feature", "geometry": {"type": "Point", "coordinates": [123.83614, 10.2615371]}, "properties": {"id": 1474801406, "amenity_type": "primary", "amenity": "Natalio Bacalso Avenue", "lgu": "Talisay City"}}, {"type": "Feature", "geometry": {"type": "Point", "coordinates": [123.8361802, 10.2614277]}, "properties": {"id": 1474801407, "amenity_type": "primary", "amenity": "Natalio Bacalso Avenue", "lgu": "Talisay City"}}, {"type": "Feature", "geometry": {"type": "Point", "coordinates": [123.846018, 10.2706674]}, "properties": {"id": 1474826001, "amenity_type": "primary", "amenity": "Natalio Bacalso Avenue", "lgu": "Talisay City"}}, {"type": "Feature", "geometry": {"type": "Point", "coordinates": [123.8459621, 10.2707132]}, "properties": {"id": 1474826002, "amenity_type": "primary", "amenity": "Natalio Bacalso Avenue", "lgu": "Talisay City"}}, {"type": "Feature", "geometry": {"type": "Point", "coordinates": [123.8459077, 10.2706532]}, "properties": {"id": 1474826003, "amenity_type": "primary", "amenity": "Natalio Bacalso Avenue", "lgu": "Talisay City"}}, {"type": "Feature", "geometry": {"type": "Point", "coordinates": [123.8461378, 10.2709118]}, "properties": {"id": 1474826005, "amenity_type": "primary", "amenity": "Natalio Bacalso Avenue", "lgu": "Talisay City"}}, {"type": "Feature", "geometry": {"type": "Point", "coordinates": [123.846204, 10.2708761]}, "properties": {"id": 1474826006, "amenity_type": "primary", "amenity": "Natalio Bacalso Avenue", "lgu": "Talisay City"}}, {"type": "Feature", "geometry": {"type": "Point", "coordinates": [123.8459508, 10.2705939]}, "properties": {"id": 1474826007, "amenity_type": "primary", "amenity": "Natalio Bacalso Avenue", "lgu": "Talisay City"}}, {"type": "Feature", "geometry": {"type": "Point", "coordinates": [123.8427819, 10.2671216]}, "properties": {"id": 1474830304, "amenity_type": "primary", "amenity": "Natalio Bacalso Avenue", "lgu": "Talisay City"}}, {"type": "Feature", "geometry": {"type": "Point", "coordinates": [123.8425644, 10.266986]}, "properties": {"id": 1474830305, "amenity_type": "primary", "amenity": "Natalio Bacalso Avenue", "lgu": "Talisay City"}}, {"type": "Feature", "geometry": {"type": "Point", "coordinates": [123.8425318, 10.2669495]}, "properties": {"id": 1474830307, "amenity_type": "primary", "amenity": "Natalio Bacalso Avenue", "lgu": "Talisay City"}}, {"type": "Feature", "geometry": {"type": "Point", "coordinates": [123.8425898, 10.2669153]}, "properties": {"id": 1474830308, "amenity_type": "primary", "amenity": "Natalio Bacalso Avenue", "lgu": "Talisay City"}}, {"type": "Feature", "geometry": {"type": "Point", "coordinates": [123.8429813, 10.2673366]}, "properties": {"id": 1474830310, "amenity_type": "primary", "amenity": "Natalio Bacalso Avenue", "lgu": "Talisay City"}}, {"type": "Feature", "geometry": {"type": "Point", "coordinates": [123.843179, 10.2675658]}, "properties": {"id": 1474830311, "amenity_type": "primary", "amenity": "Natalio Bacalso Avenue", "lgu": "Talisay City"}}, {"type": "Feature", "geometry": {"type": "Point", "coordinates": [123.842949, 10.2673008]}, "properties": {"id": 1474830312, "amenity_type": "primary", "amenity": "Natalio Bacalso Avenue", "lgu": "Talisay City"}}, {"type": "Feature", "geometry": {"type": "Point", "coordinates": [123.8436904, 10.2681485]}, "properties": {"id": 1474830318, "amenity_type": "primary", "amenity": "Natalio Bacalso Avenue", "lgu": "Talisay City"}}, {"type": "Feature", "geometry": {"type": "Point", "coordinates": [123.8433649, 10.2678709]}, "properties": {"id": 1474830319, "amenity_type": "primary", "amenity": "Natalio Bacalso Avenue", "lgu": "Talisay City"}}, {"type": "Feature", "geometry": {"type": "Point", "coordinates": [123.8439327, 10.2685049]}, "properties": {"id": 1474830322, "amenity_type": "primary", "amenity": "Natalio Bacalso Avenue", "lgu": "Talisay City"}}, {"type": "Feature", "geometry": {"type": "Point", "coordinates": [123.8439753, 10.268464]}, "properties": {"id": 1474830323, "amenity_type": "primary", "amenity": "Natalio Bacalso Avenue", "lgu": "Talisay City"}}, {"type": "Feature", "geometry": {"type": "Point", "coordinates": [123.8440144, 10.2685067]}, "properties": {"id": 1474830325, "amenity_type": "primary", "amenity": "Natalio Bacalso Avenue", "lgu": "Talisay City"}}, {"type": "Feature", "geometry": {"type": "Point", "coordinates": [123.8439721, 10.2685481]}, "properties": {"id": 1474830326, "amenity_type": "primary", "amenity": "Natalio Bacalso Avenue", "lgu": "Talisay City"}}, {"type": "Feature", "geometry": {"type": "Point", "coordinates": [123.8434062, 10.2678341]}, "properties": {"id": 1474830327, "amenity_type": "primary", "amenity": "Natalio Bacalso Avenue", "lgu": "Talisay City"}}, {"type": "Feature", "geometry": {"type": "Point", "coordinates": [123.8442915, 10.268898]}, "properties": {"id": 1474830328, "amenity_type": "primary", "amenity": "Natalio Bacalso Avenue", "lgu": "Talisay City"}}, {"type": "Feature", "geometry": {"type": "Point", "coordinates": [123.8447071, 10.2692566]}, "properties": {"id": 1474830331, "amenity_type": "primary", "amenity": "Natalio Bacalso Avenue", "lgu": "Talisay City"}}, {"type": "Feature", "geometry": {"type": "Point", "coordinates": [123.8446576, 10.269298]}, "properties": {"id": 1474830332, "amenity_type": "primary", "amenity": "Natalio Bacalso Avenue", "lgu": "Talisay City"}}, {"type": "Feature", "geometry": {"type": "Point", "coordinates": [123.8446811, 10.2692287]}, "properties": {"id": 1474830333, "amenity_type": "primary", "amenity": "Natalio Bacalso Avenue", "lgu": "Talisay City"}}, {"type": "Feature", "geometry": {"type": "Point", "coordinates": [123.8446109, 10.2692482]}, "properties": {"id": 1474830335, "amenity_type": "primary", "amenity": "Natalio Bacalso Avenue", "lgu": "Talisay City"}}, {"type": "Feature", "geometry": {"type": "Point", "coordinates": [123.8436479, 10.2681873]}, "properties": {"id": 1474830336, "amenity_type": "primary", "amenity": "Natalio Bacalso Avenue", "lgu": "Talisay City"}}, {"type": "Feature", "geometry": {"type": "Point", "coordinates": [123.844661, 10.2692069]}, "properties": {"id": 1474830337, "amenity_type": "primary", "amenity": "Natalio Bacalso Avenue", "lgu": "Talisay City"}}, {"type": "Feature", "geometry": {"type": "Point", "coordinates": [123.8443446, 10.2688642]}, "properties": {"id": 1474830338, "amenity_type": "primary", "amenity": "Natalio Bacalso Avenue", "lgu": "Talisay City"}}, {"type": "Feature", "geometry": {"type": "Point", "coordinates": [123.8417815, 10.266035]}, "properties": {"id": 1474850789, "amenity_type": "primary", "amenity": "Natalio Bacalso Avenue", "lgu": "Talisay City"}}, {"type": "Feature", "geometry": {"type": "Point", "coordinates": [123.8416262, 10.2659742]}, "properties": {"id": 1474850790, "amenity_type": "primary", "amenity": "Natalio Bacalso Avenue", "lgu": "Talisay City"}}, {"type": "Feature", "geometry": {"type": "Point", "coordinates": [123.842458, 10.2667741]}, "properties": {"id": 1474850791, "amenity_type": "primary", "amenity": "Natalio Bacalso Avenue", "lgu": "Talisay City"}}, {"type": "Feature", "geometry": {"type": "Point", "coordinates": [123.8422664, 10.266664]}, "properties": {"id": 1474850792, "amenity_type": "primary", "amenity": "Natalio Bacalso Avenue", "lgu": "Talisay City"}}, {"type": "Feature", "geometry": {"type": "Point", "coordinates": [123.8422228, 10.2666165]}, "properties": {"id": 1474850793, "amenity_type": "primary", "amenity": "Natalio Bacalso Avenue", "lgu": "Talisay City"}}, {"type": "Feature", "geometry": {"type": "Point", "coordinates": [123.8422701, 10.2665706]}, "properties": {"id": 1474850794, "amenity_type": "primary", "amenity": "Natalio Bacalso Avenue", "lgu": "Talisay City"}}, {"type": "Feature", "geometry": {"type": "Point", "coordinates": [123.8407409, 10.2627877]}, "properties": {"id": 1475632011, "amenity_type": "secondary", "amenity": "Rafael Rabaya Street", "lgu": "Talisay City"}}, {"type": "Feature", "geometry": {"type": "Point", "coordinates": [123.8429883, 10.267466]}, "properties": {"id": 1475632013, "amenity_type": "primary", "amenity": "Natalio Bacalso Avenue", "lgu": "Talisay City"}}, {"type": "Feature", "geometry": {"type": "Point", "coordinates": [123.8432026, 10.267697]}, "properties": {"id": 1475632014, "amenity_type": "primary", "amenity": "Natalio Bacalso Avenue", "lgu": "Talisay City"}}, {"type": "Feature", "geometry": {"type": "Point", "coordinates": [123.8784085, 10.2693678]}, "properties": {"id": 1476321946, "amenity_type": "trunk", "amenity": "Cebu South Coastal Road", "lgu": "Talisay City"}}, {"type": "Feature", "geometry": {"type": "Point", "coordinates": [123.8574343, 10.2541557]}, "properties": {"id": 1476656273, "amenity_type": "trunk", "amenity": "Cebu South Coastal Road", "lgu": "Talisay City"}}, {"type": "Feature", "geometry": {"type": "Point", "coordinates": [123.85541, 10.2796008]}, "properties": {"id": 1476672567, "amenity_type": "primary", "amenity": "Natalio Bacalso Avenue", "lgu": "Talisay City"}}, {"type": "Feature", "geometry": {"type": "Point", "coordinates": [123.8547391, 10.2789319]}, "properties": {"id": 1476674255, "amenity_type": "primary", "amenity": "Natalio Bacalso Avenue", "lgu": "Talisay City"}}, {"type": "Feature", "geometry": {"type": "Point", "coordinates": [123.8496427, 10.2738903]}, "properties": {"id": 1476908731, "amenity_type": "primary", "amenity": "Natalio Bacalso Avenue", "lgu": "Talisay City"}}, {"type": "Feature", "geometry": {"type": "Point", "coordinates": [123.8479498, 10.2722616]}, "properties": {"id": 1476944542, "amenity_type": "primary", "amenity": "Natalio Bacalso Avenue", "lgu": "Talisay City"}}, {"type": "Feature", "geometry": {"type": "Point", "coordinates": [123.8475499, 10.2719541]}, "properties": {"id": 1476944543, "amenity_type": "primary", "amenity": "Natalio Bacalso Avenue", "lgu": "Talisay City"}}, {"type": "Feature", "geometry": {"type": "Point", "coordinates": [123.8474971, 10.2720292]}, "properties": {"id": 1476944544, "amenity_type": "primary", "amenity": "Natalio Bacalso Avenue", "lgu": "Talisay City"}}, {"type": "Feature", "geometry": {"type": "Point", "coordinates": [123.8764686, 10.2653747]}, "properties": {"id": 1476977313, "amenity_type": "trunk", "amenity": "Cebu South Coastal Road", "lgu": "Talisay City"}}, {"type": "Feature", "geometry": {"type": "Point", "coordinates": [123.8767658, 10.2657223]}, "properties": {"id": 1476977317, "amenity_type": "trunk", "amenity": "Cebu South Coastal Road", "lgu": "Talisay City"}}, {"type": "Feature", "geometry": {"type": "Point", "coordinates": [123.8684141, 10.2573582]}, "properties": {"id": 1476977321, "amenity_type": "trunk", "amenity": "Cebu South Coastal Road", "lgu": "Talisay City"}}, {"type": "Feature", "geometry": {"type": "Point", "coordinates": [123.8677905, 10.2575126]}, "properties": {"id": 1476977322, "amenity_type": "trunk", "amenity": "Cebu South Coastal Road", "lgu": "Talisay City"}}, {"type": "Feature", "geometry": {"type": "Point", "coordinates": [123.8684085, 10.2572546]}, "properties": {"id": 1476977323, "amenity_type": "trunk", "amenity": "Cebu South Coastal Road", "lgu": "Talisay City"}}, {"type": "Feature", "geometry": {"type": "Point", "coordinates": [123.8677638, 10.2574111]}, "properties": {"id": 1476977324, "amenity_type": "trunk", "amenity": "Cebu South Coastal Road", "lgu": "Talisay City"}}, {"type": "Feature", "geometry": {"type": "Point", "coordinates": [123.9749791, 10.3848052]}, "properties": {"id": 98087358, "amenity_type": "primary", "amenity": "Cebu North Road", "lgu": "Consolacion"}}, {"type": "Feature", "geometry": {"type": "Point", "coordinates": [123.9718525, 10.382771]}, "properties": {"id": 1468733156, "amenity_type": "primary", "amenity": "Cebu North Road", "lgu": "Consolacion"}}, {"type": "Feature", "geometry": {"type": "Point", "coordinates": [123.9718682, 10.3827432]}, "properties": {"id": 1468733157, "amenity_type": "primary", "amenity": "Cebu North Road", "lgu": "Consolacion"}}, {"type": "Feature", "geometry": {"type": "Point", "coordinates": [123.7758738, 10.2361812]}, "properties": {"id": 204344827, "amenity_type": "trunk", "amenity": "Natalio Bacalso Avenue", "lgu": "Minglanilla"}}, {"type": "Feature", "geometry": {"type": "Point", "coordinates": [123.7819511, 10.2401992]}, "properties": {"id": 1374643652, "amenity_type": "trunk", "amenity": "Natalio Bacalso Avenue", "lgu": "Minglanilla"}}, {"type": "Feature", "geometry": {"type": "Point", "coordinates": [123.7804124, 10.2394752]}, "properties": {"id": 1474007447, "amenity_type": "trunk", "amenity": "Natalio Bacalso Avenue", "lgu": "Minglanilla"}}]}