{"type": "FeatureCollection", "features": [{"type": "Feature", "geometry": {"type": "Point", "coordinates": [123.9692813, 10.292108]}, "properties": {"id": 369910645, "amenity_type": "school", "amenity": "St. Agustine International School"}}, {"type": "Feature", "geometry": {"type": "Point", "coordinates": [123.876072, 10.306683]}, "properties": {"id": 413986589, "amenity_type": "school", "amenity": "South Hills International School"}}, {"type": "Feature", "geometry": {"type": "Point", "coordinates": [123.9159152, 10.3375835]}, "properties": {"id": 962653756, "amenity_type": "school", "amenity": "Knowledge Garden"}}, {"type": "Feature", "geometry": {"type": "Point", "coordinates": [123.9525211, 10.370327]}, "properties": {"id": 1508411437, "amenity_type": "school", "amenity": "Mount Olives Christian Academy"}}, {"type": "Feature", "geometry": {"type": "Point", "coordinates": [123.9129611, 10.3486103]}, "properties": {"id": 1595998515, "amenity_type": "school", "amenity": "Woodridge International School"}}, {"type": "Feature", "geometry": {"type": "Point", "coordinates": [123.9101168, 10.3455079]}, "properties": {"id": 1595998518, "amenity_type": "school", "amenity": "PAREF Southcrest School, Inc."}}, {"type": "Feature", "geometry": {"type": "Point", "coordinates": [123.9002115, 10.3315726]}, "properties": {"id": 2126686790, "amenity_type": "school", "amenity": "CDLI"}}, {"type": "Feature", "geometry": {"type": "Point", "coordinates": [123.914021, 10.3662476]}, "properties": {"id": 2943806333, "amenity_type": "school", "amenity": "Exceptional Childrens Education Center - EC2"}}, {"type": "Feature", "geometry": {"type": "Point", "coordinates": [123.8995989, 10.3256849]}, "properties": {"id": 3082197017, "amenity_type": "school", "amenity": "PAREF Springdale School for Boys"}}, {"type": "Feature", "geometry": {"type": "Point", "coordinates": [123.9582129, 10.3864571]}, "properties": {"id": 4322460489, "amenity_type": "school", "amenity": "UNİCEP TURKİYE FOUNDATİON"}}, {"type": "Feature", "geometry": {"type": "Point", "coordinates": [123.9444716, 10.328465]}, "properties": {"id": 4335331193, "amenity_type": "school", "amenity": "Ikthus Main"}}, {"type": "Feature", "geometry": {"type": "Point", "coordinates": [123.9023228, 10.2976376]}, "properties": {"id": 4403877292, "amenity_type": "school", "amenity": "Protect Training Center"}}, {"type": "Feature", "geometry": {"type": "Point", "coordinates": [124.0390249, 10.3238747]}, "properties": {"id": 4414080558, "amenity_type": "school", "amenity": "Bayside"}}, {"type": "Feature", "geometry": {"type": "Point", "coordinates": [123.8159207, 10.2452784]}, "properties": {"id": 4457423993, "amenity_type": "school", "amenity": "Talisay Mind Power and Creativity Center"}}, {"type": "Feature", "geometry": {"type": "Point", "coordinates": [123.9642381, 10.3141915]}, "properties": {"id": 4665597789, "amenity_type": "school", "amenity": "Son Shine Kids International"}}, {"type": "Feature", "geometry": {"type": "Point", "coordinates": [123.9485956, 10.3116239]}, "properties": {"id": 4708436393, "amenity_type": "school", "amenity": "Saint Alphonsus Catholic School"}}, {"type": "Feature", "geometry": {"type": "Point", "coordinates": [123.8856702, 10.3101068]}, "properties": {"id": 4709153789, "amenity_type": "school", "amenity": "Childlink Learning Center"}}, {"type": "Feature", "geometry": {"type": "Point", "coordinates": [123.8601219, 10.256625]}, "properties": {"id": 4746279722, "amenity_type": "school", "amenity": "St. Ignatius de Loyola Preparatory School Inc."}}, {"type": "Feature", "geometry": {"type": "Point", "coordinates": [123.8978974, 10.3260706]}, "properties": {"id": 4783966125, "amenity_type": "school", "amenity": "Lahug Christian School, Inc."}}, {"type": "Feature", "geometry": {"type": "Point", "coordinates": [123.9044058, 10.3101444]}, "properties": {"id": 4839668739, "amenity_type": "school", "amenity": "Skills"}}, {"type": "Feature", "geometry": {"type": "Point", "coordinates": [123.9004865, 10.330174]}, "properties": {"id": 4855185324, "amenity_type": "school", "amenity": "North American Language Academy"}}, {"type": "Feature", "geometry": {"type": "Point", "coordinates": [123.9104971, 10.3261421]}, "properties": {"id": 4855214221, "amenity_type": "school", "amenity": "EV English Academy"}}, {"type": "Feature", "geometry": {"type": "Point", "coordinates": [123.9025869, 10.3309107]}, "properties": {"id": 4855214421, "amenity_type": "school", "amenity": "Yukun Chinese School"}}, {"type": "Feature", "geometry": {"type": "Point", "coordinates": [123.9586008, 10.3109282]}, "properties": {"id": 4896251722, "amenity_type": "school", "amenity": "Solid Rock Christian Academy"}}, {"type": "Feature", "geometry": {"type": "Point", "coordinates": [123.9497027, 10.3447959]}, "properties": {"id": 4936730622, "amenity_type": "school", "amenity": "Pope John Paul II Achievement and Learning Center"}}, {"type": "Feature", "geometry": {"type": "Point", "coordinates": [123.8933308, 10.3042771]}, "properties": {"id": 4942416328, "amenity_type": "school", "amenity": "Cebu Bradford School"}}, {"type": "Feature", "geometry": {"type": "Point", "coordinates": [123.9529291, 10.3796372]}, "properties": {"id": 5115113694, "amenity_type": "school", "amenity": "Sotero B. Cabahug FORUM for Literacy"}}, {"type": "Feature", "geometry": {"type": "Point", "coordinates": [123.9444975, 10.3284537]}, "properties": {"id": 5160134324, "amenity_type": "school", "amenity": "Mandaue Christian School"}}, {"type": "Feature", "geometry": {"type": "Point", "coordinates": [123.8837618, 10.3090353]}, "properties": {"id": 5222490574, "amenity_type": "school", "amenity": "Child Learning Foundation"}}, {"type": "Feature", "geometry": {"type": "Point", "coordinates": [123.9089744, 10.3073787]}, "properties": {"id": 5537244897, "amenity_type": "school", "amenity": "Carreta Night High School"}}, {"type": "Feature", "geometry": {"type": "Point", "coordinates": [123.9004214, 10.3303607]}, "properties": {"id": 5638733408, "amenity_type": "school", "amenity": "Kid's World Child Development Centre"}}, {"type": "Feature", "geometry": {"type": "Point", "coordinates": [123.9598521, 10.3031838]}, "properties": {"id": 5707368122, "amenity_type": "school", "amenity": "LHM Korean language Training Centre"}}, {"type": "Feature", "geometry": {"type": "Point", "coordinates": [123.8782538, 10.3121001]}, "properties": {"id": 5721412224, "amenity_type": "school", "amenity": "Gille1"}}, {"type": "Feature", "geometry": {"type": "Point", "coordinates": [123.8870819, 10.2982999]}, "properties": {"id": 5748441018, "amenity_type": "school", "amenity": "Bob Hughes Christian Academy"}}, {"type": "Feature", "geometry": {"type": "Point", "coordinates": [123.9125638, 10.3415836]}, "properties": {"id": 5804071254, "amenity_type": "school", "amenity": "Rivan IT Solutions"}}, {"type": "Feature", "geometry": {"type": "Point", "coordinates": [123.8660055, 10.2908599]}, "properties": {"id": 5899821683, "amenity_type": "school", "amenity": "First High School for the Hearing Impaired"}}, {"type": "Feature", "geometry": {"type": "Point", "coordinates": [123.9021452, 10.329536]}, "properties": {"id": 6043564537, "amenity_type": "school", "amenity": "STI Senior High"}}, {"type": "Feature", "geometry": {"type": "Point", "coordinates": [123.9914621, 10.3099882]}, "properties": {"id": 6420688390, "amenity_type": "school", "amenity": "Holy Kids Academy"}}, {"type": "Feature", "geometry": {"type": "Point", "coordinates": [123.8868903, 10.3175867]}, "properties": {"id": 6622482385, "amenity_type": "school", "amenity": "SMEAG Global Education"}}, {"type": "Feature", "geometry": {"type": "Point", "coordinates": [123.9763841, 10.300738]}, "properties": {"id": 6652708286, "amenity_type": "school", "amenity": "Cheynair Aviation"}}, {"type": "Feature", "geometry": {"type": "Point", "coordinates": [123.9723683, 10.3161472]}, "properties": {"id": 7041244830, "amenity_type": "school", "amenity": "EMD Carmelite School Foundation"}}, {"type": "Feature", "geometry": {"type": "Point", "coordinates": [123.8634585, 10.3388629]}, "properties": {"id": 7127368487, "amenity_type": "school", "amenity": "Sunshine Corner Ministry"}}, {"type": "Feature", "geometry": {"type": "Point", "coordinates": [123.9502193, 10.3087434]}, "properties": {"id": 7221752386, "amenity_type": "school", "amenity": "Home Care"}}, {"type": "Feature", "geometry": {"type": "Point", "coordinates": [123.9869533, 10.3055339]}, "properties": {"id": 7229687075, "amenity_type": "school", "amenity": "Absadithe Montessori School"}}, {"type": "Feature", "geometry": {"type": "Point", "coordinates": [123.9803122, 10.3004173]}, "properties": {"id": 7235013618, "amenity_type": "school", "amenity": "Holy Infant School Montessori"}}, {"type": "Feature", "geometry": {"type": "Point", "coordinates": [123.9502756, 10.3017084]}, "properties": {"id": 7644852756, "amenity_type": "school", "amenity": "Gun-ob Night High School"}}, {"type": "Feature", "geometry": {"type": "Point", "coordinates": [123.989599, 10.3075898]}, "properties": {"id": 7644855905, "amenity_type": "school", "amenity": "Bankal Night High School Extension"}}, {"type": "Feature", "geometry": {"type": "Point", "coordinates": [123.9632175, 10.2962462]}, "properties": {"id": 7644862349, "amenity_type": "school", "amenity": "Basak Night High School Extension"}}, {"type": "Feature", "geometry": {"type": "Point", "coordinates": [123.9719807, 10.3185468]}, "properties": {"id": 7644891789, "amenity_type": "school", "amenity": "Pusok Night High School"}}, {"type": "Feature", "geometry": {"type": "Point", "coordinates": [123.9578766, 10.3101548]}, "properties": {"id": 7644892937, "amenity_type": "school", "amenity": "Pajo Night High School"}}, {"type": "Feature", "geometry": {"type": "Point", "coordinates": [123.8378906, 10.3104134]}, "properties": {"id": 7650951032, "amenity_type": "school", "amenity": "Toong Elementary School"}}, {"type": "Feature", "geometry": {"type": "Point", "coordinates": [123.8383439, 10.310606]}, "properties": {"id": 7650951033, "amenity_type": "school", "amenity": "Toong National High School"}}, {"type": "Feature", "geometry": {"type": "Point", "coordinates": [123.8551515, 10.2787831]}, "properties": {"id": 7651011636, "amenity_type": "school", "amenity": "Pardo Night High School"}}, {"type": "Feature", "geometry": {"type": "Point", "coordinates": [123.8947615, 10.2904983]}, "properties": {"id": 7662685656, "amenity_type": "school", "amenity": "Pasil National High School - Night"}}, {"type": "Feature", "geometry": {"type": "Point", "coordinates": [123.8922175, 10.297435]}, "properties": {"id": 7662754126, "amenity_type": "school", "amenity": "Regino Mercado National High School - Night"}}, {"type": "Feature", "geometry": {"type": "Point", "coordinates": [123.915537, 10.3126993]}, "properties": {"id": 7662800979, "amenity_type": "school", "amenity": "Mabolo National High School"}}, {"type": "Feature", "geometry": {"type": "Point", "coordinates": [123.9067644, 10.3243557]}, "properties": {"id": 7662801984, "amenity_type": "school", "amenity": "Barrio Luz National High School"}}, {"type": "Feature", "geometry": {"type": "Point", "coordinates": [123.9119303, 10.3470062]}, "properties": {"id": 7662904709, "amenity_type": "school", "amenity": "Banilad Night High School"}}, {"type": "Feature", "geometry": {"type": "Point", "coordinates": [123.9575386, 10.3763936]}, "properties": {"id": 7668165435, "amenity_type": "school", "amenity": "Consolacion National Night High School"}}, {"type": "Feature", "geometry": {"type": "Point", "coordinates": [123.8515963, 10.4009791]}, "properties": {"id": 7686756816, "amenity_type": "school", "amenity": "Sibugay High School"}}, {"type": "Feature", "geometry": {"type": "Point", "coordinates": [123.8513679, 10.4008194]}, "properties": {"id": 7686756817, "amenity_type": "school", "amenity": "Sibugay Elementary School"}}, {"type": "Feature", "geometry": {"type": "Point", "coordinates": [123.7932024, 10.3066935]}, "properties": {"id": 7687892085, "amenity_type": "school", "amenity": "Hawanay Elementary School"}}, {"type": "Feature", "geometry": {"type": "Point", "coordinates": [123.8291762, 10.2366187]}, "properties": {"id": 7814393485, "amenity_type": "school", "amenity": "NEWSIM TRAINING SITE"}}, {"type": "Feature", "geometry": {"type": "Point", "coordinates": [123.9477564, 10.3121154]}, "properties": {"id": 7960337386, "amenity_type": "school", "amenity": "SACS Grade School"}}, {"type": "Feature", "geometry": {"type": "Point", "coordinates": [123.9475205, 10.3124065]}, "properties": {"id": 7960366886, "amenity_type": "school", "amenity": "SACS Grade School"}}, {"type": "Feature", "geometry": {"type": "Point", "coordinates": [123.8562557, 10.2721167]}, "properties": {"id": 7965869936, "amenity_type": "school", "amenity": "Inayawan National Night High School Extension"}}, {"type": "Feature", "geometry": {"type": "Point", "coordinates": [123.9132594, 10.3798391]}, "properties": {"id": 7968079149, "amenity_type": "school", "amenity": "San Jose Primary School"}}, {"type": "Feature", "geometry": {"type": "Point", "coordinates": [123.8910006, 10.2931862]}, "properties": {"id": 8078661020, "amenity_type": "school", "amenity": "St. Mary’s Academy of San Nicolas"}}, {"type": "Feature", "geometry": {"type": "Point", "coordinates": [123.8705486, 10.29366]}, "properties": {"id": 8286085417, "amenity_type": "school", "amenity": "Don Bosco Youth Center - Punta Princesa"}}, {"type": "Feature", "geometry": {"type": "Point", "coordinates": [123.9388597, 10.3347378]}, "properties": {"id": 8654021742, "amenity_type": "school", "amenity": "ACLC"}}, {"type": "Feature", "geometry": {"type": "Point", "coordinates": [123.8716006, 10.2951193]}, "properties": {"id": 9184386717, "amenity_type": "school", "amenity": "Punta Princesa National Night High School"}}, {"type": "Feature", "geometry": {"type": "Point", "coordinates": [123.9470734, 10.3301287]}, "properties": {"id": 9609959495, "amenity_type": "school", "amenity": "St John Paul II School"}}, {"type": "Feature", "geometry": {"type": "Point", "coordinates": [123.915799, 10.3557082]}, "properties": {"id": 9811211923, "amenity_type": "school", "amenity": "EV English Academy"}}, {"type": "Feature", "geometry": {"type": "Point", "coordinates": [123.9150829, 10.3555599]}, "properties": {"id": 9811212019, "amenity_type": "school", "amenity": "EV Academy"}}, {"type": "Feature", "geometry": {"type": "Point", "coordinates": [123.8906107, 10.3123642]}, "properties": {"id": 10065732217, "amenity_type": "school", "amenity": "International Skills Republic Academy"}}, {"type": "Feature", "geometry": {"type": "Point", "coordinates": [123.8740087, 10.2964307]}, "properties": {"id": 10732021477, "amenity_type": "school", "amenity": "Little Angels Montessori School of Cebu"}}, {"type": "Feature", "geometry": {"type": "Point", "coordinates": [123.7945488, 10.2438562]}, "properties": {"id": 10768613006, "amenity_type": "school", "amenity": "Minglanilla Christian Development Center"}}, {"type": "Feature", "geometry": {"type": "Point", "coordinates": [123.8920268, 10.2933971]}, "properties": {"id": 10774570979, "amenity_type": "school", "amenity": "YLAC San Nicolas"}}, {"type": "Feature", "geometry": {"type": "Point", "coordinates": [123.9008937, 10.3096217]}, "properties": {"id": 10875130171, "amenity_type": "school", "amenity": "Compass Education RoboTech Univercity"}}, {"type": "Feature", "geometry": {"type": "Point", "coordinates": [123.9073022, 10.314249]}, "properties": {"id": 10892472538, "amenity_type": "school", "amenity": "Hipodromo Night High School"}}, {"type": "Feature", "geometry": {"type": "Point", "coordinates": [123.9120379, 10.3431426]}, "properties": {"id": 11879062882, "amenity_type": "school", "amenity": "KA Art School"}}, {"type": "Feature", "geometry": {"type": "Point", "coordinates": [123.9120895, 10.343228]}, "properties": {"id": 11879062886, "amenity_type": "school", "amenity": "Worldly Wise Tutorial Center"}}, {"type": "Feature", "geometry": {"type": "Point", "coordinates": [123.8560084, 10.2668754]}, "properties": {"id": 12460949782, "amenity_type": "school", "amenity": "CBD College Inc."}}, {"type": "Feature", "geometry": {"type": "Point", "coordinates": [123.9376822, 10.3374003]}, "properties": {"id": 12538064945, "amenity_type": "school", "amenity": "Mandaue Ebenezer Alliance Academy"}}, {"type": "Feature", "geometry": {"type": "Point", "coordinates": [123.9264381, 10.3481846]}, "properties": {"id": 12747133990, "amenity_type": "school", "amenity": "M.V. Academy"}}, {"type": "Feature", "geometry": {"type": "Point", "coordinates": [123.9346674, 10.333272]}, "properties": {"id": 13571721404, "amenity_type": "school", "amenity": "Good Luck Education and Migration"}}, {"type": "Feature", "geometry": {"type": "Point", "coordinates": [123.9308251, 10.3374003]}, "properties": {"id": 13597254947, "amenity_type": "school", "amenity": "AYL Driving School"}}, {"type": "Feature", "geometry": {"type": "Point", "coordinates": [123.9268863, 10.3394795]}, "properties": {"id": 13611000932, "amenity_type": "school", "amenity": "Benedicto Technological Center"}}, {"type": "Feature", "geometry": {"type": "Point", "coordinates": [123.9213496, 10.34082]}, "properties": {"id": 13613646007, "amenity_type": "school", "amenity": "K4 Driving Acadey"}}, {"type": "Feature", "geometry": {"type": "Point", "coordinates": [123.9140498, 10.347854]}, "properties": {"id": 93827084, "amenity_type": "school", "amenity": "Bright Academy"}}, {"type": "Feature", "geometry": {"type": "Point", "coordinates": [123.8816606, 10.2999895]}, "properties": {"id": 155013886, "amenity_type": "school", "amenity": "Labangon BLISS Elementary School"}}, {"type": "Feature", "geometry": {"type": "Point", "coordinates": [123.8796264, 10.3004527]}, "properties": {"id": 155013890, "amenity_type": "school", "amenity": "Cebu City National Science High School"}}, {"type": "Feature", "geometry": {"type": "Point", "coordinates": [123.9047191, 10.3093145]}, "properties": {"id": 155282751, "amenity_type": "school", "amenity": "Sacred Heart School-Jesuit (Old Campus)"}}, {"type": "Feature", "geometry": {"type": "Point", "coordinates": [123.9000822, 10.31388]}, "properties": {"id": 155744992, "amenity_type": "school", "amenity": "USC Montessori Academy"}}, {"type": "Feature", "geometry": {"type": "Point", "coordinates": [123.8978612, 10.301758]}, "properties": {"id": 155927182, "amenity_type": "school", "amenity": "Philippine Christian Gospel School"}}, {"type": "Feature", "geometry": {"type": "Point", "coordinates": [123.8718317, 10.2946053]}, "properties": {"id": 155941639, "amenity_type": "school", "amenity": "Punta Princesa Elementary School"}}, {"type": "Feature", "geometry": {"type": "Point", "coordinates": [123.8987571, 10.2992081]}, "properties": {"id": 249318490, "amenity_type": "school", "amenity": "Wrocklage Yard"}}, {"type": "Feature", "geometry": {"type": "Point", "coordinates": [123.836094, 10.2650188]}, "properties": {"id": 252080309, "amenity_type": "school", "amenity": "St. Scholastica's Academy"}}, {"type": "Feature", "geometry": {"type": "Point", "coordinates": [123.8967066, 10.307375]}, "properties": {"id": 265556079, "amenity_type": "school", "amenity": "Cebu Institute of Medicine"}}, {"type": "Feature", "geometry": {"type": "Point", "coordinates": [123.9121386, 10.3467966]}, "properties": {"id": 265724139, "amenity_type": "school", "amenity": "Banilad Elementary School"}}, {"type": "Feature", "geometry": {"type": "Point", "coordinates": [123.881684, 10.3012822]}, "properties": {"id": 265726523, "amenity_type": "school", "amenity": "Don Sergio Osmeña, Sr. Memorial High School"}}, {"type": "Feature", "geometry": {"type": "Point", "coordinates": [123.8994947, 10.3168365]}, "properties": {"id": 275134065, "amenity_type": "school", "amenity": "Maria Montessori International School - Gorordo Campus"}}, {"type": "Feature", "geometry": {"type": "Point", "coordinates": [123.8995657, 10.316583]}, "properties": {"id": 279729126, "amenity_type": "school", "amenity": "La Manille School of Esthetics and Wellness"}}, {"type": "Feature", "geometry": {"type": "Point", "coordinates": [123.8857854, 10.2950435]}, "properties": {"id": 290897675, "amenity_type": "school", "amenity": "San Nicolas Elementary School"}}, {"type": "Feature", "geometry": {"type": "Point", "coordinates": [123.9668426, 10.3054415]}, "properties": {"id": 299409028, "amenity_type": "school", "amenity": "Bankal National High School"}}, {"type": "Feature", "geometry": {"type": "Point", "coordinates": [123.8899635, 10.2942824]}, "properties": {"id": 300842712, "amenity_type": "school", "amenity": "Don Carlos Gothong Memorial National High School"}}, {"type": "Feature", "geometry": {"type": "Point", "coordinates": [123.8397947, 10.2431016]}, "properties": {"id": 304342793, "amenity_type": "school", "amenity": "First Chinese Royal Academy"}}, {"type": "Feature", "geometry": {"type": "Point", "coordinates": [123.906188, 10.3813967]}, "properties": {"id": 312023048, "amenity_type": "school", "amenity": "Bonita Home for Girls"}}, {"type": "Feature", "geometry": {"type": "Point", "coordinates": [123.8988465, 10.332392]}, "properties": {"id": 312356727, "amenity_type": "school", "amenity": "Cambridge Child Development Centre"}}, {"type": "Feature", "geometry": {"type": "Point", "coordinates": [123.9475962, 10.3002163]}, "properties": {"id": 312362093, "amenity_type": "school", "amenity": "Proverb Ville Academy"}}, {"type": "Feature", "geometry": {"type": "Point", "coordinates": [123.9475889, 10.3090244]}, "properties": {"id": 312362188, "amenity_type": "school", "amenity": "Lapu-Lapu City Central Elementary School"}}, {"type": "Feature", "geometry": {"type": "Point", "coordinates": [123.9885743, 10.331006]}, "properties": {"id": 316532521, "amenity_type": "school", "amenity": "Ibo Elementary School"}}, {"type": "Feature", "geometry": {"type": "Point", "coordinates": [123.8548619, 10.2800091]}, "properties": {"id": 321929265, "amenity_type": "school", "amenity": "Holy Rosary School of Pardo"}}, {"type": "Feature", "geometry": {"type": "Point", "coordinates": [123.8655471, 10.2908726]}, "properties": {"id": 321929267, "amenity_type": "school", "amenity": "Don Vicente Rama Memorial National High School"}}, {"type": "Feature", "geometry": {"type": "Point", "coordinates": [123.9564709, 10.3861757]}, "properties": {"id": 363407097, "amenity_type": "school", "amenity": "Bagong Lipunan Elementary School"}}, {"type": "Feature", "geometry": {"type": "Point", "coordinates": [124.0713226, 10.2755103]}, "properties": {"id": 363434762, "amenity_type": "school", "amenity": "Caw-oy Elementary School"}}, {"type": "Feature", "geometry": {"type": "Point", "coordinates": [124.0599073, 10.2655986]}, "properties": {"id": 364122405, "amenity_type": "school", "amenity": "Tungasan Elementary School"}}, {"type": "Feature", "geometry": {"type": "Point", "coordinates": [124.0676777, 10.2714967]}, "properties": {"id": 364389514, "amenity_type": "school", "amenity": "Candagsao Elementary School"}}, {"type": "Feature", "geometry": {"type": "Point", "coordinates": [124.0708361, 10.2865247]}, "properties": {"id": 364769116, "amenity_type": "school", "amenity": "Tingo Elementary School"}}, {"type": "Feature", "geometry": {"type": "Point", "coordinates": [124.065141, 10.2864652]}, "properties": {"id": 364770434, "amenity_type": "school", "amenity": "Baring Elementary School"}}, {"type": "Feature", "geometry": {"type": "Point", "coordinates": [124.059878, 10.2759201]}, "properties": {"id": 368407923, "amenity_type": "school", "amenity": "Talima Elementary School"}}, {"type": "Feature", "geometry": {"type": "Point", "coordinates": [124.0531383, 10.2397792]}, "properties": {"id": 368437802, "amenity_type": "school", "amenity": "Suba Elementary School"}}, {"type": "Feature", "geometry": {"type": "Point", "coordinates": [124.0057813, 10.3111778]}, "properties": {"id": 379689460, "amenity_type": "school", "amenity": "International Academy of Film and Television"}}, {"type": "Feature", "geometry": {"type": "Point", "coordinates": [123.8388406, 10.2564814]}, "properties": {"id": 401884073, "amenity_type": "school", "amenity": "San Isidro Elementary School"}}, {"type": "Feature", "geometry": {"type": "Point", "coordinates": [123.8406748, 10.2634477]}, "properties": {"id": 401902913, "amenity_type": "school", "amenity": "Tabunoc Central Elementary School"}}, {"type": "Feature", "geometry": {"type": "Point", "coordinates": [123.841007, 10.2579197]}, "properties": {"id": 401912609, "amenity_type": "school", "amenity": "CBS"}}, {"type": "Feature", "geometry": {"type": "Point", "coordinates": [123.8496156, 10.2440226]}, "properties": {"id": 402307098, "amenity_type": "school", "amenity": "Malayan Academy"}}, {"type": "Feature", "geometry": {"type": "Point", "coordinates": [123.9087813, 10.3075039]}, "properties": {"id": 402568557, "amenity_type": "school", "amenity": "Carreta Elementary School"}}, {"type": "Feature", "geometry": {"type": "Point", "coordinates": [123.8398376, 10.2555088]}, "properties": {"id": 403989111, "amenity_type": "school", "amenity": "Unnamed education"}}, {"type": "Feature", "geometry": {"type": "Point", "coordinates": [123.8401399, 10.2565488]}, "properties": {"id": 403989233, "amenity_type": "school", "amenity": "Unnamed education"}}, {"type": "Feature", "geometry": {"type": "Point", "coordinates": [123.8457798, 10.2721194]}, "properties": {"id": 404020334, "amenity_type": "school", "amenity": "East Visayan Academy"}}, {"type": "Feature", "geometry": {"type": "Point", "coordinates": [123.8168806, 10.3025918]}, "properties": {"id": 422782777, "amenity_type": "school", "amenity": "Jaclupan Elementary School"}}, {"type": "Feature", "geometry": {"type": "Point", "coordinates": [123.7949238, 10.3606537]}, "properties": {"id": 422796847, "amenity_type": "school", "amenity": "Bitlang National High School"}}, {"type": "Feature", "geometry": {"type": "Point", "coordinates": [123.8849185, 10.3207691]}, "properties": {"id": 430280487, "amenity_type": "school", "amenity": "Ramon Duterte Memorial High School"}}, {"type": "Feature", "geometry": {"type": "Point", "coordinates": [123.942269, 10.3277365]}, "properties": {"id": 459313367, "amenity_type": "school", "amenity": "Unnamed education"}}, {"type": "Feature", "geometry": {"type": "Point", "coordinates": [123.9747, 10.3255222]}, "properties": {"id": 470946023, "amenity_type": "school", "amenity": "Pusok Elementary School"}}, {"type": "Feature", "geometry": {"type": "Point", "coordinates": [123.8029591, 10.2395179]}, "properties": {"id": 473523338, "amenity_type": "school", "amenity": "Calajo-an Elementary School"}}, {"type": "Feature", "geometry": {"type": "Point", "coordinates": [123.8094708, 10.2390505]}, "properties": {"id": 473529126, "amenity_type": "school", "amenity": "The Three H Redwood Academy"}}, {"type": "Feature", "geometry": {"type": "Point", "coordinates": [123.9651429, 10.3855948]}, "properties": {"id": 482985925, "amenity_type": "school", "amenity": "Lamac Elementary School"}}, {"type": "Feature", "geometry": {"type": "Point", "coordinates": [123.9684233, 10.270455]}, "properties": {"id": 490387959, "amenity_type": "school", "amenity": "Nissi Academy"}}, {"type": "Feature", "geometry": {"type": "Point", "coordinates": [123.8969344, 10.3189872]}, "properties": {"id": 542691636, "amenity_type": "school", "amenity": "Kamputhaw Elementary School"}}, {"type": "Feature", "geometry": {"type": "Point", "coordinates": [123.9501339, 10.3020345]}, "properties": {"id": 574663429, "amenity_type": "school", "amenity": "Gun-ob High School"}}, {"type": "Feature", "geometry": {"type": "Point", "coordinates": [123.9629671, 10.2960845]}, "properties": {"id": 574663496, "amenity_type": "school", "amenity": "Basak Elementary School"}}, {"type": "Feature", "geometry": {"type": "Point", "coordinates": [123.9726618, 10.2779995]}, "properties": {"id": 585270160, "amenity_type": "school", "amenity": "Marigondon National High School"}}, {"type": "Feature", "geometry": {"type": "Point", "coordinates": [123.8943902, 10.2904714]}, "properties": {"id": 609536587, "amenity_type": "school", "amenity": "Pasil Elementary School"}}, {"type": "Feature", "geometry": {"type": "Point", "coordinates": [123.8909799, 10.2906788]}, "properties": {"id": 609536604, "amenity_type": "school", "amenity": "Sawang Calero Elementary School"}}, {"type": "Feature", "geometry": {"type": "Point", "coordinates": [123.8958681, 10.2897445]}, "properties": {"id": 609760807, "amenity_type": "school", "amenity": "Don Bosco - Pasil, Cebu City"}}, {"type": "Feature", "geometry": {"type": "Point", "coordinates": [123.8955241, 10.3010824]}, "properties": {"id": 612407039, "amenity_type": "school", "amenity": "Abellana National High School"}}, {"type": "Feature", "geometry": {"type": "Point", "coordinates": [123.9578216, 10.3364377]}, "properties": {"id": 612615519, "amenity_type": "school", "amenity": "Mandaue Christian School"}}, {"type": "Feature", "geometry": {"type": "Point", "coordinates": [123.9028002, 10.2963894]}, "properties": {"id": 613560422, "amenity_type": "school", "amenity": "Young Ladies Association of Charity"}}, {"type": "Feature", "geometry": {"type": "Point", "coordinates": [123.869365, 10.4369433]}, "properties": {"id": 614306523, "amenity_type": "school", "amenity": "Adlaon Integrated School"}}, {"type": "Feature", "geometry": {"type": "Point", "coordinates": [123.9060868, 10.3365433]}, "properties": {"id": 614434693, "amenity_type": "school", "amenity": "Apas National High School"}}, {"type": "Feature", "geometry": {"type": "Point", "coordinates": [123.9022988, 10.3033704]}, "properties": {"id": 614520830, "amenity_type": "school", "amenity": "Zapatera Elementary School"}}, {"type": "Feature", "geometry": {"type": "Point", "coordinates": [123.9152304, 10.3124582]}, "properties": {"id": 615939907, "amenity_type": "school", "amenity": "Bagong Lipunan Elementary School"}}, {"type": "Feature", "geometry": {"type": "Point", "coordinates": [123.9072312, 10.313729]}, "properties": {"id": 616059707, "amenity_type": "school", "amenity": "Hipodromo Elementary School"}}, {"type": "Feature", "geometry": {"type": "Point", "coordinates": [123.9087639, 10.3262314]}, "properties": {"id": 616369941, "amenity_type": "school", "amenity": "Samantabhadra Institute"}}, {"type": "Feature", "geometry": {"type": "Point", "coordinates": [123.8809977, 10.3213626]}, "properties": {"id": 618781453, "amenity_type": "school", "amenity": "Beaconhouse St. Paul"}}, {"type": "Feature", "geometry": {"type": "Point", "coordinates": [123.8800203, 10.3201765]}, "properties": {"id": 619843383, "amenity_type": "school", "amenity": "Unnamed education"}}, {"type": "Feature", "geometry": {"type": "Point", "coordinates": [123.8776319, 10.3175489]}, "properties": {"id": 619855872, "amenity_type": "school", "amenity": "Banawa Elementary School"}}, {"type": "Feature", "geometry": {"type": "Point", "coordinates": [123.9209953, 10.3930698]}, "properties": {"id": 620846233, "amenity_type": "school", "amenity": "Cebu International School"}}, {"type": "Feature", "geometry": {"type": "Point", "coordinates": [123.9275478, 10.3470907]}, "properties": {"id": 620898182, "amenity_type": "school", "amenity": "Cabancalan I Elementary School"}}, {"type": "Feature", "geometry": {"type": "Point", "coordinates": [123.9338504, 10.3520003]}, "properties": {"id": 620906001, "amenity_type": "school", "amenity": "Tingub High School"}}, {"type": "Feature", "geometry": {"type": "Point", "coordinates": [123.9254319, 10.3445244]}, "properties": {"id": 620920400, "amenity_type": "school", "amenity": "Little Angels Montesorri School"}}, {"type": "Feature", "geometry": {"type": "Point", "coordinates": [123.9237907, 10.3420106]}, "properties": {"id": 620922578, "amenity_type": "school", "amenity": "Banilad Elementary School"}}, {"type": "Feature", "geometry": {"type": "Point", "coordinates": [123.8921249, 10.3423207]}, "properties": {"id": 621411807, "amenity_type": "school", "amenity": "Cebu Pelis Institute"}}, {"type": "Feature", "geometry": {"type": "Point", "coordinates": [123.7629591, 10.2623721]}, "properties": {"id": 624158597, "amenity_type": "school", "amenity": "Guindaruhan National High School"}}, {"type": "Feature", "geometry": {"type": "Point", "coordinates": [123.8494707, 10.2759655]}, "properties": {"id": 624255776, "amenity_type": "school", "amenity": "Bulacao Community Elementary School"}}, {"type": "Feature", "geometry": {"type": "Point", "coordinates": [123.8696767, 10.2878929]}, "properties": {"id": 624734222, "amenity_type": "school", "amenity": "Concord Technical Institute"}}, {"type": "Feature", "geometry": {"type": "Point", "coordinates": [123.8816146, 10.28823]}, "properties": {"id": 624766263, "amenity_type": "school", "amenity": "Alaska High School"}}, {"type": "Feature", "geometry": {"type": "Point", "coordinates": [123.8659138, 10.289592]}, "properties": {"id": 624776141, "amenity_type": "school", "amenity": "Don Vicente Rama Memorial Elementary School"}}, {"type": "Feature", "geometry": {"type": "Point", "coordinates": [123.9072069, 10.3242835]}, "properties": {"id": 625479406, "amenity_type": "school", "amenity": "Barrio Luz Elementary School"}}, {"type": "Feature", "geometry": {"type": "Point", "coordinates": [123.9229465, 10.3226738]}, "properties": {"id": 625484940, "amenity_type": "school", "amenity": "Subangdaku Elementary School"}}, {"type": "Feature", "geometry": {"type": "Point", "coordinates": [123.8846791, 10.3216009]}, "properties": {"id": 626216984, "amenity_type": "school", "amenity": "Guadalupe Elementary School"}}, {"type": "Feature", "geometry": {"type": "Point", "coordinates": [123.9261423, 10.3669702]}, "properties": {"id": 626778811, "amenity_type": "school", "amenity": "Sacred Heart School - Ateneo De Cebu"}}, {"type": "Feature", "geometry": {"type": "Point", "coordinates": [123.9147172, 10.3818363]}, "properties": {"id": 627836930, "amenity_type": "school", "amenity": "Maria Montessori International School"}}, {"type": "Feature", "geometry": {"type": "Point", "coordinates": [123.9111867, 10.3763789]}, "properties": {"id": 627919982, "amenity_type": "school", "amenity": "Center for Industrial Technology and Enterprise"}}, {"type": "Feature", "geometry": {"type": "Point", "coordinates": [123.9179865, 10.370066]}, "properties": {"id": 628148363, "amenity_type": "school", "amenity": "Talamban National High School"}}, {"type": "Feature", "geometry": {"type": "Point", "coordinates": [123.9175593, 10.370126]}, "properties": {"id": 628148364, "amenity_type": "school", "amenity": "Talamban Elementary School"}}, {"type": "Feature", "geometry": {"type": "Point", "coordinates": [123.9144871, 10.313491]}, "properties": {"id": 628836124, "amenity_type": "school", "amenity": "Mabolo Elementary School"}}, {"type": "Feature", "geometry": {"type": "Point", "coordinates": [123.8818411, 10.2877547]}, "properties": {"id": 629329281, "amenity_type": "school", "amenity": "Alaska Elementary School"}}, {"type": "Feature", "geometry": {"type": "Point", "coordinates": [123.8772993, 10.2877528]}, "properties": {"id": 629433304, "amenity_type": "school", "amenity": "University of Cebu - Mambaling"}}, {"type": "Feature", "geometry": {"type": "Point", "coordinates": [123.869015, 10.2987169]}, "properties": {"id": 630794407, "amenity_type": "school", "amenity": "Tisa II Elementary School"}}, {"type": "Feature", "geometry": {"type": "Point", "coordinates": [123.8692571, 10.3010896]}, "properties": {"id": 630795342, "amenity_type": "school", "amenity": "Tisa National High School"}}, {"type": "Feature", "geometry": {"type": "Point", "coordinates": [123.8705581, 10.2938223]}, "properties": {"id": 631858876, "amenity_type": "school", "amenity": "Don Bosco Youth Center - Punta Princesa"}}, {"type": "Feature", "geometry": {"type": "Point", "coordinates": [123.8944454, 10.2992913]}, "properties": {"id": 632566091, "amenity_type": "school", "amenity": "Athenaeum International School"}}, {"type": "Feature", "geometry": {"type": "Point", "coordinates": [123.856072, 10.2719236]}, "properties": {"id": 633156116, "amenity_type": "school", "amenity": "Inayawan Elementary School"}}, {"type": "Feature", "geometry": {"type": "Point", "coordinates": [123.8539487, 10.27949]}, "properties": {"id": 633156124, "amenity_type": "school", "amenity": "Gullas High School"}}, {"type": "Feature", "geometry": {"type": "Point", "coordinates": [123.8322922, 10.3662498]}, "properties": {"id": 635671556, "amenity_type": "school", "amenity": "Bonbon Elementary School"}}, {"type": "Feature", "geometry": {"type": "Point", "coordinates": [123.9182361, 10.3687961]}, "properties": {"id": 653881803, "amenity_type": "school", "amenity": "San Isidro Parish School"}}, {"type": "Feature", "geometry": {"type": "Point", "coordinates": [124.0399947, 10.220186]}, "properties": {"id": 662366345, "amenity_type": "school", "amenity": "Pangan-an Elementary School"}}, {"type": "Feature", "geometry": {"type": "Point", "coordinates": [123.9710778, 10.2639969]}, "properties": {"id": 664337222, "amenity_type": "school", "amenity": "Suba Basbas Elementary School"}}, {"type": "Feature", "geometry": {"type": "Point", "coordinates": [123.7860206, 10.3759763]}, "properties": {"id": 665056351, "amenity_type": "school", "amenity": "Sudlon Elementary School"}}, {"type": "Feature", "geometry": {"type": "Point", "coordinates": [123.8202297, 10.4392037]}, "properties": {"id": 665056353, "amenity_type": "school", "amenity": "Tabunan Integrated School"}}, {"type": "Feature", "geometry": {"type": "Point", "coordinates": [123.8901185, 10.4250543]}, "properties": {"id": 665259621, "amenity_type": "school", "amenity": "Guba Elementary School"}}, {"type": "Feature", "geometry": {"type": "Point", "coordinates": [123.8877562, 10.4258603]}, "properties": {"id": 665259622, "amenity_type": "school", "amenity": "Guba National High School"}}, {"type": "Feature", "geometry": {"type": "Point", "coordinates": [123.9106179, 10.4347831]}, "properties": {"id": 665259626, "amenity_type": "school", "amenity": "Agsungot Elementary School"}}, {"type": "Feature", "geometry": {"type": "Point", "coordinates": [123.9112334, 10.4345916]}, "properties": {"id": 665259627, "amenity_type": "school", "amenity": "Agsungot National High School"}}, {"type": "Feature", "geometry": {"type": "Point", "coordinates": [123.8318814, 10.3676708]}, "properties": {"id": 666608743, "amenity_type": "school", "amenity": "Bonbon National High School"}}, {"type": "Feature", "geometry": {"type": "Point", "coordinates": [123.8562459, 10.288047]}, "properties": {"id": 666618601, "amenity_type": "school", "amenity": "Quiot Pardo Elementary School"}}, {"type": "Feature", "geometry": {"type": "Point", "coordinates": [123.8203989, 10.3198587]}, "properties": {"id": 666886043, "amenity_type": "school", "amenity": "Camp 4 Elementary School"}}, {"type": "Feature", "geometry": {"type": "Point", "coordinates": [123.8184078, 10.3018795]}, "properties": {"id": 666886050, "amenity_type": "school", "amenity": "Jaclupan National High School"}}, {"type": "Feature", "geometry": {"type": "Point", "coordinates": [123.8154265, 10.2780366]}, "properties": {"id": 666886054, "amenity_type": "school", "amenity": "Maghaway National High School"}}, {"type": "Feature", "geometry": {"type": "Point", "coordinates": [123.822434, 10.2722143]}, "properties": {"id": 666886056, "amenity_type": "school", "amenity": "Maghaway Elementary School"}}, {"type": "Feature", "geometry": {"type": "Point", "coordinates": [123.835581, 10.2678141]}, "properties": {"id": 666886057, "amenity_type": "school", "amenity": "Lagtang Elementary School"}}, {"type": "Feature", "geometry": {"type": "Point", "coordinates": [123.8222537, 10.2587598]}, "properties": {"id": 666886060, "amenity_type": "school", "amenity": "Lawaan Elementary School"}}, {"type": "Feature", "geometry": {"type": "Point", "coordinates": [123.8316528, 10.2650816]}, "properties": {"id": 666886061, "amenity_type": "school", "amenity": "Lawa-an Ⅲ National High School"}}, {"type": "Feature", "geometry": {"type": "Point", "coordinates": [123.8286443, 10.2651631]}, "properties": {"id": 666886063, "amenity_type": "school", "amenity": "Lawa-an Ⅲ Elementary School"}}, {"type": "Feature", "geometry": {"type": "Point", "coordinates": [123.8265191, 10.2490917]}, "properties": {"id": 666886064, "amenity_type": "school", "amenity": "Mohon National High School"}}, {"type": "Feature", "geometry": {"type": "Point", "coordinates": [123.8088336, 10.3484811]}, "properties": {"id": 668198993, "amenity_type": "school", "amenity": "Dr. Emilio Osmeña, Sr. Integrated School"}}, {"type": "Feature", "geometry": {"type": "Point", "coordinates": [123.88044, 10.3240326]}, "properties": {"id": 679017776, "amenity_type": "school", "amenity": "HolySeed Christian School"}}, {"type": "Feature", "geometry": {"type": "Point", "coordinates": [123.8074359, 10.4130135]}, "properties": {"id": 730919958, "amenity_type": "school", "amenity": "Cantipla Integrated School"}}, {"type": "Feature", "geometry": {"type": "Point", "coordinates": [123.9504095, 10.354036]}, "properties": {"id": 740946082, "amenity_type": "school", "amenity": "Basak Elementary School"}}, {"type": "Feature", "geometry": {"type": "Point", "coordinates": [123.9946727, 10.3196569]}, "properties": {"id": 746826612, "amenity_type": "school", "amenity": "EMD Carmelite School"}}, {"type": "Feature", "geometry": {"type": "Point", "coordinates": [124.0513669, 10.2629493]}, "properties": {"id": 756106893, "amenity_type": "school", "amenity": "Santa Rosa Elementary School"}}, {"type": "Feature", "geometry": {"type": "Point", "coordinates": [123.924764, 10.4034464]}, "properties": {"id": 758005963, "amenity_type": "school", "amenity": "Cabangahan National High School"}}, {"type": "Feature", "geometry": {"type": "Point", "coordinates": [123.8561613, 10.3798544]}, "properties": {"id": 763024521, "amenity_type": "school", "amenity": "Babag High School"}}, {"type": "Feature", "geometry": {"type": "Point", "coordinates": [123.8559844, 10.3802505]}, "properties": {"id": 763024522, "amenity_type": "school", "amenity": "Babag Elementary School"}}, {"type": "Feature", "geometry": {"type": "Point", "coordinates": [123.8325443, 10.2495852]}, "properties": {"id": 771550461, "amenity_type": "school", "amenity": "Santo Niño Preparatory School of Mohon, Talisay City, Inc."}}, {"type": "Feature", "geometry": {"type": "Point", "coordinates": [123.9666789, 10.3109959]}, "properties": {"id": 773041217, "amenity_type": "school", "amenity": "Mactan Air Base Elementary School"}}, {"type": "Feature", "geometry": {"type": "Point", "coordinates": [123.9269724, 10.3783392]}, "properties": {"id": 782883519, "amenity_type": "school", "amenity": "Don Calixto C. Yongco, Sr. Elementary School"}}, {"type": "Feature", "geometry": {"type": "Point", "coordinates": [123.9216165, 10.394122]}, "properties": {"id": 789782408, "amenity_type": "school", "amenity": "Pit-os National High School"}}, {"type": "Feature", "geometry": {"type": "Point", "coordinates": [123.9559823, 10.3645843]}, "properties": {"id": 789786144, "amenity_type": "school", "amenity": "Leonard Wood Elementary School"}}, {"type": "Feature", "geometry": {"type": "Point", "coordinates": [123.9902174, 10.3068207]}, "properties": {"id": 794285272, "amenity_type": "school", "amenity": "Bankal National High School"}}, {"type": "Feature", "geometry": {"type": "Point", "coordinates": [123.9891407, 10.3063607]}, "properties": {"id": 794285273, "amenity_type": "school", "amenity": "Bankal Elementary School"}}, {"type": "Feature", "geometry": {"type": "Point", "coordinates": [123.9586508, 10.350972]}, "properties": {"id": 813070046, "amenity_type": "school", "amenity": "Labogon National High School"}}, {"type": "Feature", "geometry": {"type": "Point", "coordinates": [123.9385587, 10.3696215]}, "properties": {"id": 813070049, "amenity_type": "school", "amenity": "Cubacub Elementary School"}}, {"type": "Feature", "geometry": {"type": "Point", "coordinates": [123.9539477, 10.3728397]}, "properties": {"id": 813070058, "amenity_type": "school", "amenity": "Consolacion Central Elementary School"}}, {"type": "Feature", "geometry": {"type": "Point", "coordinates": [123.9610378, 10.3346502]}, "properties": {"id": 814094197, "amenity_type": "school", "amenity": "Umapad Elementary School"}}, {"type": "Feature", "geometry": {"type": "Point", "coordinates": [124.0093043, 10.3100215]}, "properties": {"id": 814094199, "amenity_type": "school", "amenity": "Mactan Elementary School"}}, {"type": "Feature", "geometry": {"type": "Point", "coordinates": [123.9162273, 10.4244404]}, "properties": {"id": 814425595, "amenity_type": "school", "amenity": "Binaliw Elementary School"}}, {"type": "Feature", "geometry": {"type": "Point", "coordinates": [123.8633727, 10.3438493]}, "properties": {"id": 814430015, "amenity_type": "school", "amenity": "Napo Elementary School"}}, {"type": "Feature", "geometry": {"type": "Point", "coordinates": [123.9967304, 10.3182708]}, "properties": {"id": 814430019, "amenity_type": "school", "amenity": "Buaya Elementary School"}}, {"type": "Feature", "geometry": {"type": "Point", "coordinates": [123.8856121, 10.3789929]}, "properties": {"id": 814879149, "amenity_type": "school", "amenity": "Budlaan Integrated School"}}, {"type": "Feature", "geometry": {"type": "Point", "coordinates": [123.9922081, 10.2863153]}, "properties": {"id": 814879163, "amenity_type": "school", "amenity": "Maribago High School"}}, {"type": "Feature", "geometry": {"type": "Point", "coordinates": [123.9923479, 10.2858479]}, "properties": {"id": 814879164, "amenity_type": "school", "amenity": "Maribago Elementary School"}}, {"type": "Feature", "geometry": {"type": "Point", "coordinates": [123.8836491, 10.3603552]}, "properties": {"id": 814879166, "amenity_type": "school", "amenity": "Busay Elementary School"}}, {"type": "Feature", "geometry": {"type": "Point", "coordinates": [124.0184097, 10.2026418]}, "properties": {"id": 814879167, "amenity_type": "school", "amenity": "Cawhagan Elementary School"}}, {"type": "Feature", "geometry": {"type": "Point", "coordinates": [123.8543096, 10.4240948]}, "properties": {"id": 814879169, "amenity_type": "school", "amenity": "Taptap Elementary School"}}, {"type": "Feature", "geometry": {"type": "Point", "coordinates": [123.9358085, 10.3288818]}, "properties": {"id": 814879170, "amenity_type": "school", "amenity": "Mayor A.S. Fortuna Memorial Elementary School"}}, {"type": "Feature", "geometry": {"type": "Point", "coordinates": [123.9339935, 10.3387848]}, "properties": {"id": 814879172, "amenity_type": "school", "amenity": "Bakilid Elementary School"}}, {"type": "Feature", "geometry": {"type": "Point", "coordinates": [123.8860376, 10.3295111]}, "properties": {"id": 814879178, "amenity_type": "school", "amenity": "OPRRA National High School"}}, {"type": "Feature", "geometry": {"type": "Point", "coordinates": [123.8865422, 10.3289928]}, "properties": {"id": 814879179, "amenity_type": "school", "amenity": "Oprra Elementary School"}}, {"type": "Feature", "geometry": {"type": "Point", "coordinates": [123.8592143, 10.250523]}, "properties": {"id": 814879180, "amenity_type": "school", "amenity": "Tanke Elementary School"}}, {"type": "Feature", "geometry": {"type": "Point", "coordinates": [123.9366617, 10.281443]}, "properties": {"id": 814879182, "amenity_type": "school", "amenity": "Kalawisan Elementary School"}}, {"type": "Feature", "geometry": {"type": "Point", "coordinates": [123.9519949, 10.3016841]}, "properties": {"id": 814879184, "amenity_type": "school", "amenity": "Gun-ob Elementary School"}}, {"type": "Feature", "geometry": {"type": "Point", "coordinates": [124.0022806, 10.3097187]}, "properties": {"id": 814883027, "amenity_type": "school", "amenity": "St. Joseph's School of Mactan"}}, {"type": "Feature", "geometry": {"type": "Point", "coordinates": [124.0033856, 10.3096053]}, "properties": {"id": 814883028, "amenity_type": "school", "amenity": "Mactan National High School"}}, {"type": "Feature", "geometry": {"type": "Point", "coordinates": [123.8272046, 10.2487177]}, "properties": {"id": 814883029, "amenity_type": "school", "amenity": "Mohon Elementary School"}}, {"type": "Feature", "geometry": {"type": "Point", "coordinates": [124.0376896, 10.2579386]}, "properties": {"id": 818306600, "amenity_type": "school", "amenity": "Poo Elementary School"}}, {"type": "Feature", "geometry": {"type": "Point", "coordinates": [124.0712644, 10.2852105]}, "properties": {"id": 818308512, "amenity_type": "school", "amenity": "Nemesio-Epifania Taneo Memorial High School"}}, {"type": "Feature", "geometry": {"type": "Point", "coordinates": [124.0562201, 10.2532176]}, "properties": {"id": 818308826, "amenity_type": "school", "amenity": "Sabang Elementary School"}}, {"type": "Feature", "geometry": {"type": "Point", "coordinates": [124.0399709, 10.2198878]}, "properties": {"id": 818309709, "amenity_type": "school", "amenity": "Pangan-an High School"}}, {"type": "Feature", "geometry": {"type": "Point", "coordinates": [124.0371349, 10.3241486]}, "properties": {"id": 818625320, "amenity_type": "school", "amenity": "Punta Engaño High School"}}, {"type": "Feature", "geometry": {"type": "Point", "coordinates": [124.0369464, 10.3244674]}, "properties": {"id": 818625321, "amenity_type": "school", "amenity": "Punta Engaño Elementary School"}}, {"type": "Feature", "geometry": {"type": "Point", "coordinates": [124.0018368, 10.3018433]}, "properties": {"id": 818625708, "amenity_type": "school", "amenity": "Soong Elementary School"}}, {"type": "Feature", "geometry": {"type": "Point", "coordinates": [124.0014587, 10.2895383]}, "properties": {"id": 818625755, "amenity_type": "school", "amenity": "Buyong Elementary School"}}, {"type": "Feature", "geometry": {"type": "Point", "coordinates": [123.983608, 10.2936119]}, "properties": {"id": 818626327, "amenity_type": "school", "amenity": "Pajac Elementary School"}}, {"type": "Feature", "geometry": {"type": "Point", "coordinates": [123.981896, 10.2994682]}, "properties": {"id": 818626627, "amenity_type": "school", "amenity": "Bagong Silang Elementary School"}}, {"type": "Feature", "geometry": {"type": "Point", "coordinates": [123.9881127, 10.278286]}, "properties": {"id": 818626935, "amenity_type": "school", "amenity": "Agus Elementary School"}}, {"type": "Feature", "geometry": {"type": "Point", "coordinates": [123.95592, 10.3117616]}, "properties": {"id": 818630418, "amenity_type": "school", "amenity": "Pajo Elementary School"}}, {"type": "Feature", "geometry": {"type": "Point", "coordinates": [123.9578381, 10.3104265]}, "properties": {"id": 818630587, "amenity_type": "school", "amenity": "Pajo National High School"}}, {"type": "Feature", "geometry": {"type": "Point", "coordinates": [123.9447017, 10.3041875]}, "properties": {"id": 818631118, "amenity_type": "school", "amenity": "Look Elementary School"}}, {"type": "Feature", "geometry": {"type": "Point", "coordinates": [123.943854, 10.2980802]}, "properties": {"id": 818631174, "amenity_type": "school", "amenity": "Canjulao Elementary School"}}, {"type": "Feature", "geometry": {"type": "Point", "coordinates": [123.9654955, 10.2968939]}, "properties": {"id": 818631339, "amenity_type": "school", "amenity": "Lapu-Lapu Science and Technology Education Center - Elementary"}}, {"type": "Feature", "geometry": {"type": "Point", "coordinates": [123.95014, 10.285496]}, "properties": {"id": 818632276, "amenity_type": "school", "amenity": "Timpolok Elementary School"}}, {"type": "Feature", "geometry": {"type": "Point", "coordinates": [123.944818, 10.2915676]}, "properties": {"id": 818632277, "amenity_type": "school", "amenity": "Marie Ernestine Elementary School Main Campus"}}, {"type": "Feature", "geometry": {"type": "Point", "coordinates": [123.9449537, 10.2796094]}, "properties": {"id": 818632373, "amenity_type": "school", "amenity": "Babag Ⅱ Elementary School"}}, {"type": "Feature", "geometry": {"type": "Point", "coordinates": [123.9635999, 10.2759339]}, "properties": {"id": 818632445, "amenity_type": "school", "amenity": "Suba Masulog Elementary School"}}, {"type": "Feature", "geometry": {"type": "Point", "coordinates": [123.756913, 10.2673541]}, "properties": {"id": 818957843, "amenity_type": "school", "amenity": "Guindarohan Elementary School"}}, {"type": "Feature", "geometry": {"type": "Point", "coordinates": [123.7744642, 10.2735906]}, "properties": {"id": 818959146, "amenity_type": "school", "amenity": "Cadulawan Elementary School"}}, {"type": "Feature", "geometry": {"type": "Point", "coordinates": [123.7843131, 10.2801299]}, "properties": {"id": 818960380, "amenity_type": "school", "amenity": "Manduang Integrated School"}}, {"type": "Feature", "geometry": {"type": "Point", "coordinates": [123.7862808, 10.3753813]}, "properties": {"id": 818999017, "amenity_type": "school", "amenity": "Sudlon National High School"}}, {"type": "Feature", "geometry": {"type": "Point", "coordinates": [123.7954196, 10.3607125]}, "properties": {"id": 819000207, "amenity_type": "school", "amenity": "Bitlang Elementary School"}}, {"type": "Feature", "geometry": {"type": "Point", "coordinates": [123.7793689, 10.3515007]}, "properties": {"id": 819001749, "amenity_type": "school", "amenity": "Sinsin National High School"}}, {"type": "Feature", "geometry": {"type": "Point", "coordinates": [123.7837468, 10.3477503]}, "properties": {"id": 819001750, "amenity_type": "school", "amenity": "Sinsin Elementary School"}}, {"type": "Feature", "geometry": {"type": "Point", "coordinates": [123.7592925, 10.3223988]}, "properties": {"id": 819002190, "amenity_type": "school", "amenity": "Upper Campo 8 Elementary School"}}, {"type": "Feature", "geometry": {"type": "Point", "coordinates": [123.7902409, 10.3153208]}, "properties": {"id": 819002807, "amenity_type": "school", "amenity": "Camp 8 Elementary School"}}, {"type": "Feature", "geometry": {"type": "Point", "coordinates": [123.7865233, 10.3209818]}, "properties": {"id": 819003061, "amenity_type": "school", "amenity": "Manipis Elementary School"}}, {"type": "Feature", "geometry": {"type": "Point", "coordinates": [123.7865309, 10.3198722]}, "properties": {"id": 819003062, "amenity_type": "school", "amenity": "Manipis National High School"}}, {"type": "Feature", "geometry": {"type": "Point", "coordinates": [123.8121062, 10.3054391]}, "properties": {"id": 819291920, "amenity_type": "school", "amenity": "Manguilamon Elementary School"}}, {"type": "Feature", "geometry": {"type": "Point", "coordinates": [123.8381481, 10.3104121]}, "properties": {"id": 819292828, "amenity_type": "school", "amenity": "Unnamed education"}}, {"type": "Feature", "geometry": {"type": "Point", "coordinates": [123.8557828, 10.2882454]}, "properties": {"id": 819293435, "amenity_type": "school", "amenity": "Quiot High School"}}, {"type": "Feature", "geometry": {"type": "Point", "coordinates": [123.8551517, 10.2789559]}, "properties": {"id": 819295263, "amenity_type": "school", "amenity": "Pardo Elementary School – Extension"}}, {"type": "Feature", "geometry": {"type": "Point", "coordinates": [123.7963797, 10.2614372]}, "properties": {"id": 819298826, "amenity_type": "school", "amenity": "Tubod Elementary School"}}, {"type": "Feature", "geometry": {"type": "Point", "coordinates": [123.7921946, 10.2544613]}, "properties": {"id": 819298935, "amenity_type": "school", "amenity": "Vito National High School"}}, {"type": "Feature", "geometry": {"type": "Point", "coordinates": [123.7828029, 10.246865]}, "properties": {"id": 819303004, "amenity_type": "school", "amenity": "Upper Tunghaan Elementary School"}}, {"type": "Feature", "geometry": {"type": "Point", "coordinates": [123.7815814, 10.2408774]}, "properties": {"id": 819303289, "amenity_type": "school", "amenity": "Mary Help of Christian School"}}, {"type": "Feature", "geometry": {"type": "Point", "coordinates": [123.7927944, 10.2390448]}, "properties": {"id": 819304744, "amenity_type": "school", "amenity": "Bacay Elementary School"}}, {"type": "Feature", "geometry": {"type": "Point", "coordinates": [123.792056, 10.238859]}, "properties": {"id": 819304745, "amenity_type": "school", "amenity": "Tulay National High School"}}, {"type": "Feature", "geometry": {"type": "Point", "coordinates": [123.8122518, 10.2405786]}, "properties": {"id": 819305964, "amenity_type": "school", "amenity": "Tungkil Elementary School"}}, {"type": "Feature", "geometry": {"type": "Point", "coordinates": [123.8120661, 10.2407552]}, "properties": {"id": 819305965, "amenity_type": "school", "amenity": "Tungkil National High School"}}, {"type": "Feature", "geometry": {"type": "Point", "coordinates": [123.8607908, 10.2566691]}, "properties": {"id": 819338635, "amenity_type": "school", "amenity": "Laray Elementary School"}}, {"type": "Feature", "geometry": {"type": "Point", "coordinates": [123.8332082, 10.3325286]}, "properties": {"id": 819350368, "amenity_type": "school", "amenity": "Pamutan Integrated School"}}, {"type": "Feature", "geometry": {"type": "Point", "coordinates": [123.8463043, 10.2789594]}, "properties": {"id": 819517745, "amenity_type": "school", "amenity": "Bulacao Community High School"}}, {"type": "Feature", "geometry": {"type": "Point", "coordinates": [123.8707118, 10.2860335]}, "properties": {"id": 819519456, "amenity_type": "school", "amenity": "Basak Community High School"}}, {"type": "Feature", "geometry": {"type": "Point", "coordinates": [123.8525038, 10.3095656]}, "properties": {"id": 819522413, "amenity_type": "school", "amenity": "Buhisan Elementary School"}}, {"type": "Feature", "geometry": {"type": "Point", "coordinates": [123.9025783, 10.3040582]}, "properties": {"id": 820834895, "amenity_type": "school", "amenity": "Zapatera National High School"}}, {"type": "Feature", "geometry": {"type": "Point", "coordinates": [123.9220615, 10.3875459]}, "properties": {"id": 820838391, "amenity_type": "school", "amenity": "Bacayan Elementary School"}}, {"type": "Feature", "geometry": {"type": "Point", "coordinates": [123.8799994, 10.3390653]}, "properties": {"id": 820839210, "amenity_type": "school", "amenity": "Kalunasan Elementary School"}}, {"type": "Feature", "geometry": {"type": "Point", "coordinates": [123.9064474, 10.337017]}, "properties": {"id": 820840801, "amenity_type": "school", "amenity": "Apas Camp Lapu-lapu Elementary School"}}, {"type": "Feature", "geometry": {"type": "Point", "coordinates": [123.9275358, 10.3323493]}, "properties": {"id": 820842438, "amenity_type": "school", "amenity": "Tipolo Elementary School"}}, {"type": "Feature", "geometry": {"type": "Point", "coordinates": [123.924245, 10.3186732]}, "properties": {"id": 820842750, "amenity_type": "school", "amenity": "Subangdaku Technical-Vocational High School"}}, {"type": "Feature", "geometry": {"type": "Point", "coordinates": [123.9552156, 10.3290033]}, "properties": {"id": 820864421, "amenity_type": "school", "amenity": "Don Gerardo Ouano Memorial National High School"}}, {"type": "Feature", "geometry": {"type": "Point", "coordinates": [123.9407394, 10.346707]}, "properties": {"id": 820869890, "amenity_type": "school", "amenity": "Tabok Elementary School I"}}, {"type": "Feature", "geometry": {"type": "Point", "coordinates": [123.9413694, 10.3469454]}, "properties": {"id": 820869891, "amenity_type": "school", "amenity": "Tabok National High School"}}, {"type": "Feature", "geometry": {"type": "Point", "coordinates": [123.9543669, 10.3321044]}, "properties": {"id": 820871188, "amenity_type": "school", "amenity": "Opao Elementary School"}}, {"type": "Feature", "geometry": {"type": "Point", "coordinates": [123.9711062, 10.3842516]}, "properties": {"id": 820879558, "amenity_type": "school", "amenity": "Dominican School of Cebu Inc."}}, {"type": "Feature", "geometry": {"type": "Point", "coordinates": [123.8977408, 10.3050066]}, "properties": {"id": 820879561, "amenity_type": "school", "amenity": "St. Paul College - High School Campus"}}, {"type": "Feature", "geometry": {"type": "Point", "coordinates": [123.9348267, 10.368643]}, "properties": {"id": 821266216, "amenity_type": "school", "amenity": "Canduman Elementary School"}}, {"type": "Feature", "geometry": {"type": "Point", "coordinates": [123.9342424, 10.369281]}, "properties": {"id": 821266217, "amenity_type": "school", "amenity": "Canduman National High School"}}, {"type": "Feature", "geometry": {"type": "Point", "coordinates": [123.9466585, 10.3685204]}, "properties": {"id": 821266837, "amenity_type": "school", "amenity": "Casili Elementary School"}}, {"type": "Feature", "geometry": {"type": "Point", "coordinates": [123.9590107, 10.3721655]}, "properties": {"id": 821266951, "amenity_type": "school", "amenity": "Nangka Elementary School"}}, {"type": "Feature", "geometry": {"type": "Point", "coordinates": [123.9628824, 10.3788978]}, "properties": {"id": 821267509, "amenity_type": "school", "amenity": "Cansaga Elementary School"}}, {"type": "Feature", "geometry": {"type": "Point", "coordinates": [123.9721148, 10.3802516]}, "properties": {"id": 821268742, "amenity_type": "school", "amenity": "Jugan National High School"}}, {"type": "Feature", "geometry": {"type": "Point", "coordinates": [123.972627, 10.379972]}, "properties": {"id": 821268743, "amenity_type": "school", "amenity": "Jugan Elementary School"}}, {"type": "Feature", "geometry": {"type": "Point", "coordinates": [123.9557984, 10.3875192]}, "properties": {"id": 821269121, "amenity_type": "school", "amenity": "Pulpogan National High School"}}, {"type": "Feature", "geometry": {"type": "Point", "coordinates": [123.9566103, 10.3909632]}, "properties": {"id": 821274264, "amenity_type": "school", "amenity": "Danglag Elementary School"}}, {"type": "Feature", "geometry": {"type": "Point", "coordinates": [123.9417015, 10.3892868]}, "properties": {"id": 821274390, "amenity_type": "school", "amenity": "Tolotolo Elementary School"}}, {"type": "Feature", "geometry": {"type": "Point", "coordinates": [123.9422115, 10.3893712]}, "properties": {"id": 821274391, "amenity_type": "school", "amenity": "Tolotolo National High School"}}, {"type": "Feature", "geometry": {"type": "Point", "coordinates": [123.8759851, 10.3703029]}, "properties": {"id": 821285676, "amenity_type": "school", "amenity": "Busay National High School"}}, {"type": "Feature", "geometry": {"type": "Point", "coordinates": [123.8403572, 10.4458499]}, "properties": {"id": 821316365, "amenity_type": "school", "amenity": "Tagba-o Elementary School"}}, {"type": "Feature", "geometry": {"type": "Point", "coordinates": [123.8416814, 10.4434622]}, "properties": {"id": 821316505, "amenity_type": "school", "amenity": "Tagba-o National High School"}}, {"type": "Feature", "geometry": {"type": "Point", "coordinates": [123.8512904, 10.4320039]}, "properties": {"id": 821317263, "amenity_type": "school", "amenity": "Taptap Integrated School"}}, {"type": "Feature", "geometry": {"type": "Point", "coordinates": [123.8513869, 10.400893]}, "properties": {"id": 821318286, "amenity_type": "school", "amenity": "Sibugay Integrated School"}}, {"type": "Feature", "geometry": {"type": "Point", "coordinates": [123.915159, 10.3975931]}, "properties": {"id": 821318472, "amenity_type": "school", "amenity": "Pulangbato Elementary School"}}, {"type": "Feature", "geometry": {"type": "Point", "coordinates": [123.924562, 10.4031342]}, "properties": {"id": 821318891, "amenity_type": "school", "amenity": "Cabangahan Elementary School"}}, {"type": "Feature", "geometry": {"type": "Point", "coordinates": [123.9289217, 10.4180258]}, "properties": {"id": 822103684, "amenity_type": "school", "amenity": "Panoypoy Elementary School"}}, {"type": "Feature", "geometry": {"type": "Point", "coordinates": [123.9433468, 10.4066769]}, "properties": {"id": 823303077, "amenity_type": "school", "amenity": "Polog Elementary School"}}, {"type": "Feature", "geometry": {"type": "Point", "coordinates": [123.9438282, 10.4195871]}, "properties": {"id": 823303475, "amenity_type": "school", "amenity": "Garing National High School"}}, {"type": "Feature", "geometry": {"type": "Point", "coordinates": [123.9472798, 10.4147538]}, "properties": {"id": 823303831, "amenity_type": "school", "amenity": "Garing Elementary School"}}, {"type": "Feature", "geometry": {"type": "Point", "coordinates": [123.766971, 10.3008914]}, "properties": {"id": 830601983, "amenity_type": "school", "amenity": "Calbasaan Integrated School"}}, {"type": "Feature", "geometry": {"type": "Point", "coordinates": [123.9405225, 10.3564721]}, "properties": {"id": 830601994, "amenity_type": "school", "amenity": "Pagsabungan Elementary School"}}, {"type": "Feature", "geometry": {"type": "Point", "coordinates": [123.9400809, 10.3568938]}, "properties": {"id": 830601995, "amenity_type": "school", "amenity": "Pagsabungan National High School"}}, {"type": "Feature", "geometry": {"type": "Point", "coordinates": [123.9278302, 10.3848004]}, "properties": {"id": 830602026, "amenity_type": "school", "amenity": "Mandaue City School for the Arts"}}, {"type": "Feature", "geometry": {"type": "Point", "coordinates": [123.9528998, 10.3127397]}, "properties": {"id": 853592017, "amenity_type": "school", "amenity": "Poblacion Elementary School"}}, {"type": "Feature", "geometry": {"type": "Point", "coordinates": [123.8861461, 10.3788751]}, "properties": {"id": 854414207, "amenity_type": "school", "amenity": "Budla-an Elementary School"}}, {"type": "Feature", "geometry": {"type": "Point", "coordinates": [123.8721726, 10.3337275]}, "properties": {"id": 854416718, "amenity_type": "school", "amenity": "Sapangdaku Elementary School"}}, {"type": "Feature", "geometry": {"type": "Point", "coordinates": [123.7928247, 10.2538702]}, "properties": {"id": 859593648, "amenity_type": "school", "amenity": "Vito Elementary School"}}, {"type": "Feature", "geometry": {"type": "Point", "coordinates": [123.7785688, 10.2461312]}, "properties": {"id": 859606285, "amenity_type": "school", "amenity": "Lower Tunghaan Elementary School"}}, {"type": "Feature", "geometry": {"type": "Point", "coordinates": [123.7968198, 10.2617044]}, "properties": {"id": 859611630, "amenity_type": "school", "amenity": "Tubod National High School"}}, {"type": "Feature", "geometry": {"type": "Point", "coordinates": [123.9327141, 10.4432594]}, "properties": {"id": 859924759, "amenity_type": "school", "amenity": "Panas Elementary School"}}, {"type": "Feature", "geometry": {"type": "Point", "coordinates": [123.7952717, 10.246535]}, "properties": {"id": 904032963, "amenity_type": "school", "amenity": "Immaculate Heart of Mary Academy"}}, {"type": "Feature", "geometry": {"type": "Point", "coordinates": [123.9342538, 10.3291415]}, "properties": {"id": 924357287, "amenity_type": "school", "amenity": "Colegio de la Inmaculada Concepcion - Mandaue"}}, {"type": "Feature", "geometry": {"type": "Point", "coordinates": [123.9337336, 10.3193271]}, "properties": {"id": 935192312, "amenity_type": "school", "amenity": "Singapore School Cebu"}}, {"type": "Feature", "geometry": {"type": "Point", "coordinates": [123.7922321, 10.2853324]}, "properties": {"id": 958552547, "amenity_type": "school", "amenity": "Cuanos Integrated School"}}, {"type": "Feature", "geometry": {"type": "Point", "coordinates": [123.8245323, 10.287955]}, "properties": {"id": 993784123, "amenity_type": "school", "amenity": "Iba Elementary School"}}, {"type": "Feature", "geometry": {"type": "Point", "coordinates": [123.8657333, 10.2547311]}, "properties": {"id": 993798167, "amenity_type": "school", "amenity": "Tanke National High School"}}, {"type": "Feature", "geometry": {"type": "Point", "coordinates": [123.9534912, 10.3681676]}, "properties": {"id": 994097383, "amenity_type": "school", "amenity": "Jagobiao National High School"}}, {"type": "Feature", "geometry": {"type": "Point", "coordinates": [123.922678, 10.3392374]}, "properties": {"id": 994105561, "amenity_type": "school", "amenity": "Banilad National High School"}}, {"type": "Feature", "geometry": {"type": "Point", "coordinates": [123.8708, 10.4170036]}, "properties": {"id": 994113771, "amenity_type": "school", "amenity": "Sirao Integrated School"}}, {"type": "Feature", "geometry": {"type": "Point", "coordinates": [123.9670048, 10.3125241]}, "properties": {"id": 997055011, "amenity_type": "school", "amenity": "Pasay City North High School – Mactan Air Base Annex"}}, {"type": "Feature", "geometry": {"type": "Point", "coordinates": [124.0474735, 10.2657817]}, "properties": {"id": 1038209494, "amenity_type": "school", "amenity": "Santa Rosa National High School - Senior High School"}}, {"type": "Feature", "geometry": {"type": "Point", "coordinates": [123.9365021, 10.3556719]}, "properties": {"id": 1054680653, "amenity_type": "school", "amenity": "Tingub Elementary School"}}, {"type": "Feature", "geometry": {"type": "Point", "coordinates": [123.894832, 10.315927]}, "properties": {"id": 1127956417, "amenity_type": "school", "amenity": "Sacred Heart School - Hijas de Jesus"}}, {"type": "Feature", "geometry": {"type": "Point", "coordinates": [123.8219303, 10.2590837]}, "properties": {"id": 1141325838, "amenity_type": "school", "amenity": "Lawaan National High School"}}, {"type": "Feature", "geometry": {"type": "Point", "coordinates": [123.8391699, 10.2565184]}, "properties": {"id": 1144769102, "amenity_type": "school", "amenity": "San Isidro Night High School"}}, {"type": "Feature", "geometry": {"type": "Point", "coordinates": [123.8407115, 10.2638311]}, "properties": {"id": 1144769112, "amenity_type": "school", "amenity": "Tabunok National High School"}}, {"type": "Feature", "geometry": {"type": "Point", "coordinates": [123.8355311, 10.2682336]}, "properties": {"id": 1147543901, "amenity_type": "school", "amenity": "Lagtang National High School"}}, {"type": "Feature", "geometry": {"type": "Point", "coordinates": [123.965966, 10.2961886]}, "properties": {"id": 1154016300, "amenity_type": "school", "amenity": "Lapu-Lapu Science and Technology Education Center - High School"}}, {"type": "Feature", "geometry": {"type": "Point", "coordinates": [123.8207563, 10.2589275]}, "properties": {"id": 1154289632, "amenity_type": "school", "amenity": "St. Thomas Aquinas School"}}, {"type": "Feature", "geometry": {"type": "Point", "coordinates": [123.7887046, 10.2429684]}, "properties": {"id": 1154341227, "amenity_type": "school", "amenity": "Southern Bethany School of Minglanilla"}}, {"type": "Feature", "geometry": {"type": "Point", "coordinates": [124.0012866, 10.290195]}, "properties": {"id": 1158066460, "amenity_type": "school", "amenity": "Buyong High School"}}, {"type": "Feature", "geometry": {"type": "Point", "coordinates": [123.8252036, 10.2572758]}, "properties": {"id": 1158593047, "amenity_type": "school", "amenity": "Virgen de las Escuelas Pias"}}, {"type": "Feature", "geometry": {"type": "Point", "coordinates": [123.8258578, 10.2591914]}, "properties": {"id": 1158593048, "amenity_type": "school", "amenity": "Cebu Sacred Heart College"}}, {"type": "Feature", "geometry": {"type": "Point", "coordinates": [123.7948554, 10.2440056]}, "properties": {"id": 1161076805, "amenity_type": "school", "amenity": "Saint Cecilia's College - Cebu Senior High School Department"}}, {"type": "Feature", "geometry": {"type": "Point", "coordinates": [123.9426977, 10.3508361]}, "properties": {"id": 1164955373, "amenity_type": "school", "amenity": "Tabok II Elementary School"}}, {"type": "Feature", "geometry": {"type": "Point", "coordinates": [123.9297335, 10.399023]}, "properties": {"id": 1165292015, "amenity_type": "school", "amenity": "Sacsac Elementary School"}}, {"type": "Feature", "geometry": {"type": "Point", "coordinates": [123.9018453, 10.2938906]}, "properties": {"id": 1248172547, "amenity_type": "school", "amenity": "Colegio del Santo Niño"}}, {"type": "Feature", "geometry": {"type": "Point", "coordinates": [123.9331036, 10.3198883]}, "properties": {"id": 1294716224, "amenity_type": "school", "amenity": "Cebu Doctors' University (CDU)"}}, {"type": "Feature", "geometry": {"type": "Point", "coordinates": [123.9164241, 10.3269334]}, "properties": {"id": 1315679277, "amenity_type": "school", "amenity": "Centre for International Education"}}, {"type": "Feature", "geometry": {"type": "Point", "coordinates": [123.8827565, 10.2964939]}, "properties": {"id": 1347082919, "amenity_type": "school", "amenity": "Salazar Colleges of Science and Institute of Technology - Basic Education Department"}}, {"type": "Feature", "geometry": {"type": "Point", "coordinates": [123.8878707, 10.2965092]}, "properties": {"id": 1347085166, "amenity_type": "school", "amenity": "Adventist Elementary School - Cebu Inc."}}, {"type": "Feature", "geometry": {"type": "Point", "coordinates": [123.8170947, 10.2545338]}, "properties": {"id": 1350349884, "amenity_type": "school", "amenity": "Linao Elementary School"}}, {"type": "Feature", "geometry": {"type": "Point", "coordinates": [123.9038667, 10.3692952]}, "properties": {"id": 1352230872, "amenity_type": "school", "amenity": "Marie Ernestine School Campus North"}}, {"type": "Feature", "geometry": {"type": "Point", "coordinates": [123.9576207, 10.3540854]}, "properties": {"id": 1416927031, "amenity_type": "school", "amenity": "Labogon Elementary School"}}, {"type": "Feature", "geometry": {"type": "Point", "coordinates": [124.0444428, 10.2643712]}, "properties": {"id": 1417145541, "amenity_type": "school", "amenity": "Santa Rosa National High School - Junior High School"}}, {"type": "Feature", "geometry": {"type": "Point", "coordinates": [123.8878641, 10.3082494]}, "properties": {"id": 1418224412, "amenity_type": "school", "amenity": "Cebu Bethel Academy Foundation"}}, {"type": "Feature", "geometry": {"type": "Point", "coordinates": [123.9398286, 10.3450718]}, "properties": {"id": 1420660875, "amenity_type": "school", "amenity": "Maguikay National High School"}}, {"type": "Feature", "geometry": {"type": "Point", "coordinates": [123.9157018, 10.4241383]}, "properties": {"id": 1420679308, "amenity_type": "school", "amenity": "Binaliw National High School"}}, {"type": "Feature", "geometry": {"type": "Point", "coordinates": [123.8698905, 10.2930535]}, "properties": {"id": 1451946898, "amenity_type": "school", "amenity": "Lourdes Parish Kindergarten School"}}, {"type": "Feature", "geometry": {"type": "Point", "coordinates": [123.8237266, 10.2415025]}, "properties": {"id": 11012053, "amenity_type": "school", "amenity": "Pooc National High School"}}, {"type": "Feature", "geometry": {"type": "Point", "coordinates": [123.8237321, 10.2411305]}, "properties": {"id": 11012054, "amenity_type": "school", "amenity": "Vicenta A. Manreal Elementary School"}}, {"type": "Feature", "geometry": {"type": "Point", "coordinates": [123.9721623, 10.3186487]}, "properties": {"id": 11228525, "amenity_type": "school", "amenity": "Pusok National High School"}}, {"type": "Feature", "geometry": {"type": "Point", "coordinates": [123.7983251, 10.2443908]}, "properties": {"id": 11701550, "amenity_type": "school", "amenity": "Minglanilla Science High School"}}, {"type": "Feature", "geometry": {"type": "Point", "coordinates": [123.7973159, 10.2441362]}, "properties": {"id": 11701551, "amenity_type": "school", "amenity": "Minglanilla Central Elementary School"}}, {"type": "Feature", "geometry": {"type": "Point", "coordinates": [123.8754584, 10.2909159]}, "properties": {"id": 11701753, "amenity_type": "school", "amenity": "Mambaling National Night High School"}}, {"type": "Feature", "geometry": {"type": "Point", "coordinates": [123.8750813, 10.2908523]}, "properties": {"id": 11701754, "amenity_type": "school", "amenity": "Mambaling Elementary School"}}, {"type": "Feature", "geometry": {"type": "Point", "coordinates": [123.8962176, 10.2997974]}, "properties": {"id": 11704273, "amenity_type": "school", "amenity": "City Central National High School"}}, {"type": "Feature", "geometry": {"type": "Point", "coordinates": [123.8957128, 10.2994694]}, "properties": {"id": 11704274, "amenity_type": "school", "amenity": "City Central Elementary School"}}, {"type": "Feature", "geometry": {"type": "Point", "coordinates": [123.8616031, 10.2541155]}, "properties": {"id": 11704336, "amenity_type": "school", "amenity": "San Roque National High School"}}, {"type": "Feature", "geometry": {"type": "Point", "coordinates": [123.8612715, 10.2539481]}, "properties": {"id": 11704337, "amenity_type": "school", "amenity": "San Roque Elementary School"}}, {"type": "Feature", "geometry": {"type": "Point", "coordinates": [123.9438881, 10.3251254]}, "properties": {"id": 11704626, "amenity_type": "school", "amenity": "Mandaue SPED Center High School"}}, {"type": "Feature", "geometry": {"type": "Point", "coordinates": [123.9435766, 10.3247008]}, "properties": {"id": 11704627, "amenity_type": "school", "amenity": "Mandaue City Comprehensive National High School"}}, {"type": "Feature", "geometry": {"type": "Point", "coordinates": [123.9443481, 10.3259767]}, "properties": {"id": 11704628, "amenity_type": "school", "amenity": "Mandaue City Central School"}}, {"type": "Feature", "geometry": {"type": "Point", "coordinates": [123.8688345, 10.3795047]}, "properties": {"id": 11762939, "amenity_type": "school", "amenity": "Malubog Integrated School — High School"}}, {"type": "Feature", "geometry": {"type": "Point", "coordinates": [123.8685541, 10.3792154]}, "properties": {"id": 11762940, "amenity_type": "school", "amenity": "Malubog Integrated School — Elementary"}}, {"type": "Feature", "geometry": {"type": "Point", "coordinates": [123.8995331, 10.3218981]}, "properties": {"id": 12277630, "amenity_type": "school", "amenity": "UP High School – Cebu"}}, {"type": "Feature", "geometry": {"type": "Point", "coordinates": [123.9361383, 10.3411683]}, "properties": {"id": 12297057, "amenity_type": "school", "amenity": "Maguikay Elementary School"}}, {"type": "Feature", "geometry": {"type": "Point", "coordinates": [123.9362898, 10.3409116]}, "properties": {"id": 12297058, "amenity_type": "school", "amenity": "Maguikay High School"}}, {"type": "Feature", "geometry": {"type": "Point", "coordinates": [123.9523888, 10.3226425]}, "properties": {"id": 12564880, "amenity_type": "school", "amenity": "Cesar M. Cabahug School"}}, {"type": "Feature", "geometry": {"type": "Point", "coordinates": [123.8923321, 10.2973495]}, "properties": {"id": 12657522, "amenity_type": "school", "amenity": "Regino Mercado Elementary School"}}, {"type": "Feature", "geometry": {"type": "Point", "coordinates": [123.8805203, 10.2998982]}, "properties": {"id": 12657644, "amenity_type": "school", "amenity": "Labangon Elementary School"}}, {"type": "Feature", "geometry": {"type": "Point", "coordinates": [123.8421952, 10.2714505]}, "properties": {"id": 13337414, "amenity_type": "school", "amenity": "Bulacao National High School"}}, {"type": "Feature", "geometry": {"type": "Point", "coordinates": [123.8425409, 10.2710952]}, "properties": {"id": 13337415, "amenity_type": "school", "amenity": "Bulacao Elementary School"}}, {"type": "Feature", "geometry": {"type": "Point", "coordinates": [123.8431355, 10.2788295]}, "properties": {"id": 13337432, "amenity_type": "school", "amenity": "Candulawan Elementary School"}}, {"type": "Feature", "geometry": {"type": "Point", "coordinates": [123.8429829, 10.2787553]}, "properties": {"id": 13337433, "amenity_type": "school", "amenity": "Candulawan National High School"}}, {"type": "Feature", "geometry": {"type": "Point", "coordinates": [123.8543352, 10.2498096]}, "properties": {"id": 13340802, "amenity_type": "school", "amenity": "Borromeo Brothers Elementary School"}}, {"type": "Feature", "geometry": {"type": "Point", "coordinates": [123.8542391, 10.2503154]}, "properties": {"id": 13340803, "amenity_type": "school", "amenity": "Cansojong National High School"}}, {"type": "Feature", "geometry": {"type": "Point", "coordinates": [123.935704, 10.3786313]}, "properties": {"id": 13344296, "amenity_type": "school", "amenity": "Casili Night High School"}}, {"type": "Feature", "geometry": {"type": "Point", "coordinates": [123.9353768, 10.3788152]}, "properties": {"id": 13344297, "amenity_type": "school", "amenity": "Casili Elementary School"}}, {"type": "Feature", "geometry": {"type": "Point", "coordinates": [123.9416645, 10.3055853]}, "properties": {"id": 13687604, "amenity_type": "school", "amenity": "Lo-ok National High School"}}, {"type": "Feature", "geometry": {"type": "Point", "coordinates": [123.8040917, 10.292166]}, "properties": {"id": 13797512, "amenity_type": "school", "amenity": "Tapul Elementary School"}}, {"type": "Feature", "geometry": {"type": "Point", "coordinates": [123.8039017, 10.2925355]}, "properties": {"id": 13797513, "amenity_type": "school", "amenity": "Tapul National High School"}}, {"type": "Feature", "geometry": {"type": "Point", "coordinates": [123.8568611, 10.2779321]}, "properties": {"id": 13998745, "amenity_type": "school", "amenity": "Pardo Elementary School"}}, {"type": "Feature", "geometry": {"type": "Point", "coordinates": [123.8564898, 10.2786689]}, "properties": {"id": 13998746, "amenity_type": "school", "amenity": "Pardo National High School"}}, {"type": "Feature", "geometry": {"type": "Point", "coordinates": [123.8988088, 10.324523]}, "properties": {"id": 14075070, "amenity_type": "school", "amenity": "Lahug Elementary School"}}, {"type": "Feature", "geometry": {"type": "Point", "coordinates": [123.8986669, 10.3250119]}, "properties": {"id": 14075071, "amenity_type": "school", "amenity": "Lahug National Night High School"}}, {"type": "Feature", "geometry": {"type": "Point", "coordinates": [123.9460165, 10.2880077]}, "properties": {"id": 14075074, "amenity_type": "school", "amenity": "Babag Night High School"}}, {"type": "Feature", "geometry": {"type": "Point", "coordinates": [123.9456152, 10.2881603]}, "properties": {"id": 14075075, "amenity_type": "school", "amenity": "Babag National High School"}}, {"type": "Feature", "geometry": {"type": "Point", "coordinates": [123.9456675, 10.2886939]}, "properties": {"id": 14075076, "amenity_type": "school", "amenity": "Babag I Elementary School"}}, {"type": "Feature", "geometry": {"type": "Point", "coordinates": [123.9605768, 10.2807877]}, "properties": {"id": 14075077, "amenity_type": "school", "amenity": "Sudtonggan Night High School"}}, {"type": "Feature", "geometry": {"type": "Point", "coordinates": [123.9609113, 10.2805197]}, "properties": {"id": 14075078, "amenity_type": "school", "amenity": "Sudtonggan Elementary School"}}, {"type": "Feature", "geometry": {"type": "Point", "coordinates": [123.9073419, 10.3007915]}, "properties": {"id": 15061554, "amenity_type": "school", "amenity": "Tejero National Night High School"}}, {"type": "Feature", "geometry": {"type": "Point", "coordinates": [123.9073057, 10.3005281]}, "properties": {"id": 15061555, "amenity_type": "school", "amenity": "Tejero Elementary School"}}, {"type": "Feature", "geometry": {"type": "Point", "coordinates": [123.8400534, 10.2560801]}, "properties": {"id": 15472901, "amenity_type": "school", "amenity": "Monterey School Inc."}}, {"type": "Feature", "geometry": {"type": "Point", "coordinates": [123.9742853, 10.2759306]}, "properties": {"id": 15601682, "amenity_type": "school", "amenity": "Marigondon Elementary School"}}, {"type": "Feature", "geometry": {"type": "Point", "coordinates": [123.9439938, 10.2850413]}, "properties": {"id": 16023139, "amenity_type": "school", "amenity": "Tiangue Elementary School"}}, {"type": "Feature", "geometry": {"type": "Point", "coordinates": [123.9878791, 10.2931826]}, "properties": {"id": 17190821, "amenity_type": "school", "amenity": "Abuno Elementary School"}}, {"type": "Feature", "geometry": {"type": "Point", "coordinates": [123.9875294, 10.2926405]}, "properties": {"id": 17190822, "amenity_type": "school", "amenity": "Abuno High School"}}, {"type": "Feature", "geometry": {"type": "Point", "coordinates": [123.8333906, 10.2481424]}, "properties": {"id": 18043525, "amenity_type": "school", "amenity": "Biasong Elementary School"}}, {"type": "Feature", "geometry": {"type": "Point", "coordinates": [123.9332328, 10.3282984]}, "properties": {"id": 18050773, "amenity_type": "school", "amenity": "Tipolo National High School"}}, {"type": "Feature", "geometry": {"type": "Point", "coordinates": [123.8445805, 10.2451225]}, "properties": {"id": 18215433, "amenity_type": "school", "amenity": "Talisay City Science High School"}}, {"type": "Feature", "geometry": {"type": "Point", "coordinates": [123.8430235, 10.2457383]}, "properties": {"id": 18215434, "amenity_type": "school", "amenity": "Talisay City National High School"}}, {"type": "Feature", "geometry": {"type": "Point", "coordinates": [123.843941, 10.2456105]}, "properties": {"id": 18215435, "amenity_type": "school", "amenity": "Talisay City Central Elementary School"}}, {"type": "Feature", "geometry": {"type": "Point", "coordinates": [123.8100093, 10.2550431]}, "properties": {"id": 18737930, "amenity_type": "school", "amenity": "Lipata Central Elementary School"}}, {"type": "Feature", "geometry": {"type": "Point", "coordinates": [123.7824244, 10.2401286]}, "properties": {"id": 18853536, "amenity_type": "school", "amenity": "Tungkop Elementary School"}}, {"type": "Feature", "geometry": {"type": "Point", "coordinates": [123.7826316, 10.2397294]}, "properties": {"id": 18853538, "amenity_type": "school", "amenity": "Tungkop National High School"}}, {"type": "Feature", "geometry": {"type": "Point", "coordinates": [123.9575391, 10.3765487]}, "properties": {"id": 18897297, "amenity_type": "school", "amenity": "Consolacion National High School"}}, {"type": "Feature", "geometry": {"type": "Point", "coordinates": [123.9613963, 10.3638204]}, "properties": {"id": 18897622, "amenity_type": "school", "amenity": "Tugbongan Elementary School"}}, {"type": "Feature", "geometry": {"type": "Point", "coordinates": [123.9614014, 10.3635987]}, "properties": {"id": 18897625, "amenity_type": "school", "amenity": "Tugbongan National High School"}}, {"type": "Feature", "geometry": {"type": "Point", "coordinates": [123.9816931, 10.3624481]}, "properties": {"id": 18901039, "amenity_type": "school", "amenity": "Tayud National High School"}}, {"type": "Feature", "geometry": {"type": "Point", "coordinates": [123.9820397, 10.3627667]}, "properties": {"id": 18901040, "amenity_type": "school", "amenity": "Tayud Elementary School"}}, {"type": "Feature", "geometry": {"type": "Point", "coordinates": [123.95865, 10.3450681]}, "properties": {"id": 19068569, "amenity_type": "school", "amenity": "Paknaan Elementary School"}}, {"type": "Feature", "geometry": {"type": "Point", "coordinates": [123.9589491, 10.3453533]}, "properties": {"id": 19068570, "amenity_type": "school", "amenity": "Paknaan National High School"}}, {"type": "Feature", "geometry": {"type": "Point", "coordinates": [123.7724264, 10.3226678]}, "properties": {"id": 19096569, "amenity_type": "school", "amenity": "Camp 7 National High School"}}, {"type": "Feature", "geometry": {"type": "Point", "coordinates": [123.772538, 10.322291]}, "properties": {"id": 19096570, "amenity_type": "school", "amenity": "Camp 7 Elementary School"}}, {"type": "Feature", "geometry": {"type": "Point", "coordinates": [123.8894674, 10.3109559]}, "properties": {"id": 19401662, "amenity_type": "school", "amenity": "Cebu Cherish School"}}, {"type": "Feature", "geometry": {"type": "Point", "coordinates": [123.9256421, 10.3478692]}, "properties": {"id": 19448050, "amenity_type": "school", "amenity": "Cabancalan National High School"}}, {"type": "Feature", "geometry": {"type": "Point", "coordinates": [123.9253922, 10.3476457]}, "properties": {"id": 19448051, "amenity_type": "school", "amenity": "Cabancalan II Elementary School"}}, {"type": "Feature", "geometry": {"type": "Point", "coordinates": [123.9435522, 10.3351412]}, "properties": {"id": 19450674, "amenity_type": "school", "amenity": "Ibabao-Estancia Elementary School"}}, {"type": "Feature", "geometry": {"type": "Point", "coordinates": [123.9440311, 10.3351029]}, "properties": {"id": 19450675, "amenity_type": "school", "amenity": "Mandaue City Science High School"}}, {"type": "Feature", "geometry": {"type": "Point", "coordinates": [124.0082344, 10.3001248]}, "properties": {"id": 19463614, "amenity_type": "school", "amenity": "Cebu International Academy"}}, {"type": "Feature", "geometry": {"type": "Point", "coordinates": [123.8097806, 10.2559669]}, "properties": {"id": 19725892, "amenity_type": "school", "amenity": "Lipata National High School"}}, {"type": "Feature", "geometry": {"type": "Point", "coordinates": [123.9453965, 10.3266519]}, "properties": {"id": 355114371, "amenity_type": "university", "amenity": "University of Visayas"}}, {"type": "Feature", "geometry": {"type": "Point", "coordinates": [123.8966479, 10.3072135]}, "properties": {"id": 369910806, "amenity_type": "university", "amenity": "Cebu Institute Of Medicine"}}, {"type": "Feature", "geometry": {"type": "Point", "coordinates": [123.911958, 10.3385463]}, "properties": {"id": 413986599, "amenity_type": "university", "amenity": "University of Cebu"}}, {"type": "Feature", "geometry": {"type": "Point", "coordinates": [123.8612532, 10.2961147]}, "properties": {"id": 2666313492, "amenity_type": "university", "amenity": "Rogationist Seminary - Cebu"}}, {"type": "Feature", "geometry": {"type": "Point", "coordinates": [123.8633034, 10.2926244]}, "properties": {"id": 4142385990, "amenity_type": "university", "amenity": "Southwestern University Basak Campus"}}, {"type": "Feature", "geometry": {"type": "Point", "coordinates": [123.9762164, 10.2926258]}, "properties": {"id": 4195814689, "amenity_type": "university", "amenity": "Indiana Aerospace University"}}, {"type": "Feature", "geometry": {"type": "Point", "coordinates": [123.9330963, 10.3199269]}, "properties": {"id": 97924550, "amenity_type": "university", "amenity": "Cebu Doctors University"}}, {"type": "Feature", "geometry": {"type": "Point", "coordinates": [123.9157254, 10.3464834]}, "properties": {"id": 123170670, "amenity_type": "university", "amenity": "College of Dentistry and Nursing"}}, {"type": "Feature", "geometry": {"type": "Point", "coordinates": [123.9152922, 10.34632]}, "properties": {"id": 123170672, "amenity_type": "university", "amenity": "Gullas College of Medicine"}}, {"type": "Feature", "geometry": {"type": "Point", "coordinates": [123.8804693, 10.2957804]}, "properties": {"id": 155643436, "amenity_type": "university", "amenity": "Cebu Institute of Technology - University"}}, {"type": "Feature", "geometry": {"type": "Point", "coordinates": [123.9012525, 10.3125528]}, "properties": {"id": 155744724, "amenity_type": "university", "amenity": "University of San Carlos North Campus"}}, {"type": "Feature", "geometry": {"type": "Point", "coordinates": [123.90101, 10.3285659]}, "properties": {"id": 155748501, "amenity_type": "university", "amenity": "University of Southern Philippines Foundation"}}, {"type": "Feature", "geometry": {"type": "Point", "coordinates": [123.8967796, 10.301666]}, "properties": {"id": 155927183, "amenity_type": "university", "amenity": "Cebu Normal University"}}, {"type": "Feature", "geometry": {"type": "Point", "coordinates": [123.90136, 10.2984463]}, "properties": {"id": 226488302, "amenity_type": "university", "amenity": "University of the Visayas - Main Campus"}}, {"type": "Feature", "geometry": {"type": "Point", "coordinates": [123.9066339, 10.2964747]}, "properties": {"id": 226488304, "amenity_type": "university", "amenity": "Cebu Technological University"}}, {"type": "Feature", "geometry": {"type": "Point", "coordinates": [123.8880124, 10.3005504]}, "properties": {"id": 231980624, "amenity_type": "university", "amenity": "University of San Carlos-South Campus"}}, {"type": "Feature", "geometry": {"type": "Point", "coordinates": [123.90331, 10.2965557]}, "properties": {"id": 231981848, "amenity_type": "university", "amenity": "University of Southern Philippines Foundation"}}, {"type": "Feature", "geometry": {"type": "Point", "coordinates": [123.8959576, 10.2987889]}, "properties": {"id": 232593773, "amenity_type": "university", "amenity": "Asian College of Technology"}}, {"type": "Feature", "geometry": {"type": "Point", "coordinates": [123.9133044, 10.3514487]}, "properties": {"id": 233411723, "amenity_type": "university", "amenity": "USC Press"}}, {"type": "Feature", "geometry": {"type": "Point", "coordinates": [123.8615569, 10.2900873]}, "properties": {"id": 321929269, "amenity_type": "university", "amenity": "University of San Jose Recoletos - Basak Campus"}}, {"type": "Feature", "geometry": {"type": "Point", "coordinates": [123.9762803, 10.293054]}, "properties": {"id": 413310722, "amenity_type": "university", "amenity": "Indiana Aerospace University"}}, {"type": "Feature", "geometry": {"type": "Point", "coordinates": [123.9089364, 10.3558303]}, "properties": {"id": 459927080, "amenity_type": "university", "amenity": "University of San Carlos Talamban Campus"}}, {"type": "Feature", "geometry": {"type": "Point", "coordinates": [123.8731296, 10.2660633]}, "properties": {"id": 551595958, "amenity_type": "university", "amenity": "UP Cebu SRP Campus"}}, {"type": "Feature", "geometry": {"type": "Point", "coordinates": [123.8988975, 10.2994803]}, "properties": {"id": 574475951, "amenity_type": "university", "amenity": "University of San Carlos Downtown Campus"}}, {"type": "Feature", "geometry": {"type": "Point", "coordinates": [123.8777099, 10.2869239]}, "properties": {"id": 624762169, "amenity_type": "university", "amenity": "University of Cebu - Maritime Education and Training Center"}}, {"type": "Feature", "geometry": {"type": "Point", "coordinates": [123.9544835, 10.326384]}, "properties": {"id": 749746212, "amenity_type": "university", "amenity": "University of Cebu - Lapu-Lapu Mandaue Campus"}}, {"type": "Feature", "geometry": {"type": "Point", "coordinates": [123.7990863, 10.245943]}, "properties": {"id": 814094196, "amenity_type": "university", "amenity": "University of the Visayas - Minglanilla Campus"}}, {"type": "Feature", "geometry": {"type": "Point", "coordinates": [123.8632455, 10.2975869]}, "properties": {"id": 819522412, "amenity_type": "university", "amenity": "Don Bosco Technology Center"}}, {"type": "Feature", "geometry": {"type": "Point", "coordinates": [123.8455686, 10.3717554]}, "properties": {"id": 1165514560, "amenity_type": "university", "amenity": "Cebu Technological University - Cebu City Mountain Campus"}}, {"type": "Feature", "geometry": {"type": "Point", "coordinates": [123.8970221, 10.2968693]}, "properties": {"id": 1288631942, "amenity_type": "university", "amenity": "University of Cebu - Main Campus"}}, {"type": "Feature", "geometry": {"type": "Point", "coordinates": [123.8977827, 10.2983891]}, "properties": {"id": 1289565839, "amenity_type": "university", "amenity": "University of Cebu - Main Campus - Jones Extension"}}, {"type": "Feature", "geometry": {"type": "Point", "coordinates": [123.898783, 10.3226317]}, "properties": {"id": 12277631, "amenity_type": "university", "amenity": "University of the Philippines Cebu"}}, {"type": "Feature", "geometry": {"type": "Point", "coordinates": [123.89007, 10.3032951]}, "properties": {"id": 12556602, "amenity_type": "university", "amenity": "Southwestern University PHINMA"}}, {"type": "Feature", "geometry": {"type": "Point", "coordinates": [123.8974752, 10.2940373]}, "properties": {"id": 12664855, "amenity_type": "university", "amenity": "University of San Jose-Recoletos"}}, {"type": "Feature", "geometry": {"type": "Point", "coordinates": [123.9709328, 10.368819]}, "properties": {"id": 15767897, "amenity_type": "university", "amenity": "Cebu Technological University - Consolacion Campus"}}, {"type": "Feature", "geometry": {"type": "Point", "coordinates": [123.9305101, 10.3371996]}, "properties": {"id": 369910593, "amenity_type": "college", "amenity": "Benedicto College"}}, {"type": "Feature", "geometry": {"type": "Point", "coordinates": [123.9084972, 10.3233136]}, "properties": {"id": 413986584, "amenity_type": "college", "amenity": "San Carlos Seminary College"}}, {"type": "Feature", "geometry": {"type": "Point", "coordinates": [123.9073399, 10.3234041]}, "properties": {"id": 1740916595, "amenity_type": "college", "amenity": "Banilad StudyCenter"}}, {"type": "Feature", "geometry": {"type": "Point", "coordinates": [123.9377542, 10.3339997]}, "properties": {"id": 2257902024, "amenity_type": "college", "amenity": "Saint Paul College Foundation Inc."}}, {"type": "Feature", "geometry": {"type": "Point", "coordinates": [123.9017632, 10.3089105]}, "properties": {"id": 2870511586, "amenity_type": "college", "amenity": "Cebu Foursquare Bible College"}}, {"type": "Feature", "geometry": {"type": "Point", "coordinates": [123.8972661, 10.3079726]}, "properties": {"id": 3372735542, "amenity_type": "college", "amenity": "Velez College"}}, {"type": "Feature", "geometry": {"type": "Point", "coordinates": [123.9472303, 10.3629229]}, "properties": {"id": 4705869590, "amenity_type": "college", "amenity": "Unnamed education"}}, {"type": "Feature", "geometry": {"type": "Point", "coordinates": [123.9408521, 10.3234417]}, "properties": {"id": 4834112521, "amenity_type": "college", "amenity": "Mandaue City College"}}, {"type": "Feature", "geometry": {"type": "Point", "coordinates": [123.9715712, 10.314497]}, "properties": {"id": 4851048321, "amenity_type": "college", "amenity": "Philippine State College of Aeronautics (Mactan Campus)"}}, {"type": "Feature", "geometry": {"type": "Point", "coordinates": [123.9174419, 10.3439044]}, "properties": {"id": 5274436721, "amenity_type": "college", "amenity": "Baptist Theological College Cebu Graduate School Of Theology"}}, {"type": "Feature", "geometry": {"type": "Point", "coordinates": [123.8935856, 10.2988286]}, "properties": {"id": 5406200621, "amenity_type": "college", "amenity": "Rizwoods College"}}, {"type": "Feature", "geometry": {"type": "Point", "coordinates": [123.9093178, 10.3220441]}, "properties": {"id": 5825209177, "amenity_type": "college", "amenity": "Pope John XIII Seminary"}}, {"type": "Feature", "geometry": {"type": "Point", "coordinates": [123.8722768, 10.2840821]}, "properties": {"id": 5846370648, "amenity_type": "college", "amenity": "Rizwoods Colleges"}}, {"type": "Feature", "geometry": {"type": "Point", "coordinates": [123.9020361, 10.3295536]}, "properties": {"id": 6043563949, "amenity_type": "college", "amenity": "STI College"}}, {"type": "Feature", "geometry": {"type": "Point", "coordinates": [123.9095978, 10.304998]}, "properties": {"id": 8068847085, "amenity_type": "college", "amenity": "Benedicto College - Cebu City Campus"}}, {"type": "Feature", "geometry": {"type": "Point", "coordinates": [123.8984093, 10.2984761]}, "properties": {"id": 8699777993, "amenity_type": "college", "amenity": "USC College of Law"}}, {"type": "Feature", "geometry": {"type": "Point", "coordinates": [123.8962566, 10.3119036]}, "properties": {"id": 155744079, "amenity_type": "college", "amenity": "Saint Theresa's College"}}, {"type": "Feature", "geometry": {"type": "Point", "coordinates": [123.8836333, 10.2961703]}, "properties": {"id": 261165127, "amenity_type": "college", "amenity": "Salazar Colleges of Science and Institute of Technology"}}, {"type": "Feature", "geometry": {"type": "Point", "coordinates": [123.7943227, 10.2446688]}, "properties": {"id": 363758376, "amenity_type": "college", "amenity": "St. Cecilia's College - Cebu"}}, {"type": "Feature", "geometry": {"type": "Point", "coordinates": [123.8481671, 10.2720182]}, "properties": {"id": 404344655, "amenity_type": "college", "amenity": "University of Cebu - Pardo & Talisay Campus"}}, {"type": "Feature", "geometry": {"type": "Point", "coordinates": [123.8958957, 10.3090542]}, "properties": {"id": 611935854, "amenity_type": "college", "amenity": "Velez College Annex Building"}}, {"type": "Feature", "geometry": {"type": "Point", "coordinates": [123.8835079, 10.3244015]}, "properties": {"id": 619865410, "amenity_type": "college", "amenity": "Golden Success College"}}, {"type": "Feature", "geometry": {"type": "Point", "coordinates": [123.9040749, 10.3116873]}, "properties": {"id": 621231978, "amenity_type": "college", "amenity": "Colegio de la Inmaculada Concepion- Cebu"}}, {"type": "Feature", "geometry": {"type": "Point", "coordinates": [123.8882894, 10.330998]}, "properties": {"id": 621512641, "amenity_type": "college", "amenity": "Lyceum of Cebu"}}, {"type": "Feature", "geometry": {"type": "Point", "coordinates": [123.9188173, 10.3702567]}, "properties": {"id": 733193547, "amenity_type": "college", "amenity": "Cebu Mary Immaculate Conception"}}, {"type": "Feature", "geometry": {"type": "Point", "coordinates": [123.9422524, 10.3414107]}, "properties": {"id": 922789449, "amenity_type": "college", "amenity": "St. Louis College - Cebu"}}, {"type": "Feature", "geometry": {"type": "Point", "coordinates": [123.8905828, 10.2979008]}, "properties": {"id": 937924625, "amenity_type": "college", "amenity": "College of Technological Sciences – Cebu"}}, {"type": "Feature", "geometry": {"type": "Point", "coordinates": [123.8808143, 10.3134555]}, "properties": {"id": 1137562966, "amenity_type": "college", "amenity": "Matias H. Aznar Memorial College of Medicine"}}, {"type": "Feature", "geometry": {"type": "Point", "coordinates": [123.8849633, 10.3118226]}, "properties": {"id": 1328726722, "amenity_type": "college", "amenity": "Unnamed education"}}, {"type": "Feature", "geometry": {"type": "Point", "coordinates": [123.7949105, 10.2428408]}, "properties": {"id": 1347064222, "amenity_type": "college", "amenity": "St. Cecilia's College - Cebu Annex Extension"}}, {"type": "Feature", "geometry": {"type": "Point", "coordinates": [123.9710166, 10.3672705]}, "properties": {"id": 1390894360, "amenity_type": "college", "amenity": "Philippine Public Safety College"}}, {"type": "Feature", "geometry": {"type": "Point", "coordinates": [123.8960388, 10.294145]}, "properties": {"id": 12288761, "amenity_type": "college", "amenity": "Cebu Eastern College"}}, {"type": "Feature", "geometry": {"type": "Point", "coordinates": [123.8480311, 10.2429991]}, "properties": {"id": 15472900, "amenity_type": "college", "amenity": "Talisay City College"}}, {"type": "Feature", "geometry": {"type": "Point", "coordinates": [123.9868063, 10.3025345]}, "properties": {"id": 18047352, "amenity_type": "college", "amenity": "Lapulapu Cebu International College"}}, {"type": "Feature", "geometry": {"type": "Point", "coordinates": [123.990743, 10.3587074]}, "properties": {"id": 18901246, "amenity_type": "college", "amenity": "Unnamed education"}}, {"type": "Feature", "geometry": {"type": "Point", "coordinates": [123.8935549, 10.3044756]}, "properties": {"id": 4186435331, "amenity_type": "kindergarten", "amenity": "Unnamed education"}}, {"type": "Feature", "geometry": {"type": "Point", "coordinates": [123.9142786, 10.3474172]}, "properties": {"id": 5281338488, "amenity_type": "kindergarten", "amenity": "Montessori School of Joy"}}, {"type": "Feature", "geometry": {"type": "Point", "coordinates": [123.8685642, 10.2822828]}, "properties": {"id": 5846373802, "amenity_type": "kindergarten", "amenity": "Salvatorian School"}}, {"type": "Feature", "geometry": {"type": "Point", "coordinates": [123.8954911, 10.3117585]}, "properties": {"id": 8504700818, "amenity_type": "kindergarten", "amenity": "Saint Theresa's College of Cebu Kindergarten"}}, {"type": "Feature", "geometry": {"type": "Point", "coordinates": [123.9555679, 10.376559]}, "properties": {"id": 13020211593, "amenity_type": "kindergarten", "amenity": "Carmelite Learning Center of Consolacion Cebu"}}, {"type": "Feature", "geometry": {"type": "Point", "coordinates": [123.8412898, 10.2631283]}, "properties": {"id": 402589914, "amenity_type": "kindergarten", "amenity": "River of Praise"}}, {"type": "Feature", "geometry": {"type": "Point", "coordinates": [123.83959, 10.2561468]}, "properties": {"id": 403989465, "amenity_type": "kindergarten", "amenity": "Montery School"}}]}