title,url,price,location,property_type,area,bedrooms,bathrooms,status,furnishing,posted_on,agent_name,specs
"Condo For Rent in corner, 28th Street, Taguig",https://lifenavi.com/ph/properties/taguig/for-rent/condo/2br-unit-for-salerent-in-east-gallery-place-ad-217-ln462304,"PHP 170,000/ month","corner, 28th Street, Taguig, Metro Manila",,98 m²,2,2,Available from 19 Dec,,17 Nov 13:16,Housing I.,"['PHP 170,000/ month', '/ month', 'corner, 28th Street, Taguig, Metro Manila', 'Bedrooms:', '2', 'Area:', '98 m²', 'Bathrooms:', '2', 'Available from:', '19 Dec']"
"Condo For Rent in 4th Avenue, Makati City",https://lifenavi.com/ph/properties/makati-city/for-rent/condo/fully-furnished-3br-unit-with-parking-for-lease-in-pacific-plaza-towers-ad-216-ln479022,"PHP 300,000/ month","4th Avenue, Makati City, Metro Manila",,298 m²,3,2,Available from 19 Dec,,17 Nov 13:16,Housing I.,"['PHP 300,000/ month', '/ month', '4th Avenue, Makati City, Metro Manila', 'Bedrooms:', '3', 'Area:', '298 m²', 'Bathrooms:', '2', 'Available from:', '19 Dec']"
"Condo For Rent in Rockwell Drive, Makati City",https://lifenavi.com/ph/properties/makati-city/for-rent/condo/fully-furnished-2br-unit-with-parking-for-lease-in-one-rockwell-west-ad-215-ln236245,"PHP 120,000/ month","Rockwell Drive, Makati City, Metro Manila",,98 m²,2,2,Available from 19 Dec,,17 Nov 13:16,Housing I.,"['PHP 120,000/ month', '/ month', 'Rockwell Drive, Makati City, Metro Manila', 'Bedrooms:', '2', 'Area:', '98 m²', 'Bathrooms:', '2', 'Available from:', '19 Dec']"
"Condo For Rent in 98, Perea, Makati City",https://lifenavi.com/ph/properties/makati-city/for-rent/condo/fully-furnished-2br-unit-with-2-parkings-slots-for-lease-in-the-shang-grand-tower-ad-214-ln987193,"PHP 165,000/ month","98, Perea, Makati City, Metro Manila",,130 m²,2,2,Available from 19 Dec,,17 Nov 13:16,Housing I.,"['PHP 165,000/ month', '/ month', '98, Perea, Makati City, Metro Manila', 'Bedrooms:', '2', 'Area:', '130 m²', 'Bathrooms:', '2', 'Available from:', '19 Dec']"
"Condo For Rent in Cor, 11th Avenue, Taguig",https://lifenavi.com/ph/properties/taguig/for-rent/condo/fully-furished-2br-unit-for-leasesale-in-park-triangle-residences-ad-213-ln689109,"PHP 130,000/ month","Cor, 11th Avenue, Taguig, Metro Manila",,82 m²,2,2,Available from 19 Dec,,17 Nov 13:16,Housing I.,"['PHP 130,000/ month', '/ month', 'Cor, 11th Avenue, Taguig, Metro Manila', 'Bedrooms:', '2', 'Area:', '82 m²', 'Bathrooms:', '2', 'Available from:', '19 Dec']"
"Condo For Rent in 305, 3rd Avenue, Makati City",https://lifenavi.com/ph/properties/makati-city/for-rent/condo/a-fully-furnished-unit-for-leased-in-mckinley-park-residences-ad-212-ln651827,"PHP 120,000/ month","305, 3rd Avenue, Makati City, Metro Manila",,98.36 m²,3,3,Available from 19 Dec,,17 Nov 13:15,Housing I.,"['PHP 120,000/ month', '/ month', '305, 3rd Avenue, Makati City, Metro Manila', 'Bedrooms:', '3', 'Area:', '98.36 m²', 'Bathrooms:', '3', 'Available from:', '19 Dec']"
"Condo For Rent in Estrella, Makati City",https://lifenavi.com/ph/properties/makati-city/for-rent/condo/fully-furnished-2br-unit-with-balcony-and-parking-for-lease-in-proscenium-at-rockwell-ad-211-ln130943,"PHP 115,000/ month","Estrella, Makati City, Metro Manila",,99 m²,2,2,Available from 20 Dec,,17 Nov 13:15,Housing I.,"['PHP 115,000/ month', '/ month', 'Estrella, Makati City, Metro Manila', 'Bedrooms:', '2', 'Area:', '99 m²', 'Bathrooms:', '2', 'Available from:', '20 Dec']"
"Condo For Rent in Cor, 11th Avenue, Taguig",https://lifenavi.com/ph/properties/taguig/for-rent/condo/fully-furnished-2br-unit-with-parking-for-lease-in-park-triangle-residences-ad-210-ln994490,"PHP 140,000/ month","Cor, 11th Avenue, Taguig, Metro Manila",,97 m²,2,2,Available from 20 Dec,,17 Nov 13:15,Housing I.,"['PHP 140,000/ month', '/ month', 'Cor, 11th Avenue, Taguig, Metro Manila', 'Bedrooms:', '2', 'Area:', '97 m²', 'Bathrooms:', '2', 'Available from:', '20 Dec']"
"Condo For Rent in Chateau Road, Taguig",https://lifenavi.com/ph/properties/taguig/for-rent/condo/fully-furnished-2br-unit-for-lease-in-st-moritz-private-estate-ad-209-ln736810,"PHP 130,000/ month","Chateau Road, Taguig, Metro Manila",,117 m²,2,2,Available from 20 Dec,,17 Nov 13:15,Housing I.,"['PHP 130,000/ month', '/ month', 'Chateau Road, Taguig, Metro Manila', 'Bedrooms:', '2', 'Area:', '117 m²', 'Bathrooms:', '2', 'Available from:', '20 Dec']"
"Condo For Rent in Cor, 11th Avenue, Taguig",https://lifenavi.com/ph/properties/taguig/for-rent/condo/fully-furnished-2br-unit-with-parking-for-lease-in-park-triangle-residences-ad-208-ln606769,"PHP 125,000/ month","Cor, 11th Avenue, Taguig, Metro Manila",,82 m²,2,2,Available from 20 Dec,,17 Nov 13:15,Housing I.,"['PHP 125,000/ month', '/ month', 'Cor, 11th Avenue, Taguig, Metro Manila', 'Bedrooms:', '2', 'Area:', '82 m²', 'Bathrooms:', '2', 'Available from:', '20 Dec']"
"House and Lot For Sale in Las Piñas, Metro Manila",https://lifenavi.com/ph/properties/las-pinas/for-sale/house-and-lot/brandnew-house-and-lot-for-sale-in-ayala-southvale-village-sonera-ad-207-ln738747,"PHP 135,000,000","Las Piñas, Metro Manila",,500 m²,4,4,Available from 20 Dec,,17 Nov 13:15,Housing I.,"['PHP 135,000,000', 'Las Piñas, Metro Manila', 'Bedrooms:', '4', 'Area:', '500 m²', 'Bathrooms:', '4', 'Available from:', '20 Dec']"
"Condo For Rent in 2016, 9th Avenue, Makati City",https://lifenavi.com/ph/properties/makati-city/for-rent/condo/2br-unit-for-leased-in-one-uptown-ritz-residences-ad-206-ln859915,"PHP 110,000/ month","2016, 9th Avenue, Makati City, Metro Manila, 1634",,88 m²,2,2,Available from 20 Dec,,17 Nov 13:15,Housing I.,"['PHP 110,000/ month', '/ month', '2016, 9th Avenue, Makati City, Metro Manila, 1634', 'Bedrooms:', '2', 'Area:', '88 m²', 'Bathrooms:', '2', 'Available from:', '20 Dec']"
"Condo For Rent in Taguig, Metro Manila",https://lifenavi.com/ph/properties/taguig/for-rent/condo/a-2br-unit-for-leased-in-grand-hyatt-residences-ad-205-ln935111,"PHP 140,000/ month","Taguig, Metro Manila",,105 m²,2,2,Available from 20 Dec,,17 Nov 13:15,Housing I.,"['PHP 140,000/ month', '/ month', 'Taguig, Metro Manila', 'Bedrooms:', '2', 'Area:', '105 m²', 'Bathrooms:', '2', 'Available from:', '20 Dec']"
"Condo For Rent in Taguig, Metro Manila",https://lifenavi.com/ph/properties/taguig/for-rent/condo/2br-fully-furnished-unit-for-leased-in-west-gallery-place-ad-204-ln651301,"PHP 170,000/ month","Taguig, Metro Manila, 1634",,91 m²,1,1,Available from 20 Dec,,17 Nov 13:15,Housing I.,"['PHP 170,000/ month', '/ month', 'Taguig, Metro Manila, 1634', 'Bedrooms:', '1', 'Area:', '91 m²', 'Bathrooms:', '1', 'Available from:', '20 Dec']"
"Condo For Rent in COR, Shaw Boulevard, Mandaluyong City",https://lifenavi.com/ph/properties/mandaluyong-city/for-rent/condo/a-fully-furnished-3br-unit-for-leased-in-one-shangri-la-place-ad-203-ln216885,"PHP 180,000/ month","COR, Shaw Boulevard, Ortigas Center, Mandaluyong City, Metro Manila",,172 m²,3,1,Available from 20 Dec,,17 Nov 13:15,Housing I.,"['PHP 180,000/ month', '/ month', 'COR, Shaw Boulevard, Ortigas Center, Mandaluyong City, Metro Manila', 'Bedrooms:', '3', 'Area:', '172 m²', 'Bathrooms:', '1', 'Available from:', '20 Dec']"
"Condo For Rent in cor, 7th Avenue, Taguig",https://lifenavi.com/ph/properties/taguig/for-rent/condo/a-fully-furnished-2br-unit-for-leases-in-parkwest-ad-202-ln501172,"PHP 145,000/ month","cor, 7th Avenue, Taguig, Metro Manila",,106 m²,2,2,Available from 20 Dec,,17 Nov 13:15,Housing I.,"['PHP 145,000/ month', '/ month', 'cor, 7th Avenue, Taguig, Metro Manila', 'Bedrooms:', '2', 'Area:', '106 m²', 'Bathrooms:', '2', 'Available from:', '20 Dec']"
"Condo For Rent in Cruzada Street, Makati City",https://lifenavi.com/ph/properties/makati-city/for-rent/condo/fully-furnished-3br-unit-for-one-roxas-triangle-ad-201-ln551116,"PHP 290,000/ month","Cruzada Street, Makati City, Metro Manila",,308 m²,3,1,Available from 20 Dec,,17 Nov 13:15,Housing I.,"['PHP 290,000/ month', '/ month', 'Cruzada Street, Makati City, Metro Manila', 'Bedrooms:', '3', 'Area:', '308 m²', 'Bathrooms:', '1', 'Available from:', '20 Dec']"
"Condo For Rent in 14F, West Street, Makati City",https://lifenavi.com/ph/properties/makati-city/for-rent/condo/a-fully-furnished-2br-unit-for-leased-in-park-terraces-ad-200-ln822623,"PHP 140,000/ month","14F, West Street, Makati City, Metro Manila",,115 m²,2,1,Available from 20 Dec,,17 Nov 13:15,Housing I.,"['PHP 140,000/ month', '/ month', '14F, West Street, Makati City, Metro Manila', 'Bedrooms:', '2', 'Area:', '115 m²', 'Bathrooms:', '1', 'Available from:', '20 Dec']"
"Condo For Sale in Cruzada Street, Makati City",https://lifenavi.com/ph/properties/makati-city/for-sale/condo/3br-unit-for-sale-in-one-roxas-tringle-ad-199-ln937375,"PHP 119,990,000","Cruzada Street, Makati City, Metro Manila",,313 m²,3,1,Available from 20 Dec,,17 Nov 13:15,Housing I.,"['PHP 119,990,000', 'Cruzada Street, Makati City, Metro Manila', 'Bedrooms:', '3', 'Area:', '313 m²', 'Bathrooms:', '1', 'Available from:', '20 Dec']"
"Condo For Sale in Cruzada Street, Makati City",https://lifenavi.com/ph/properties/makati-city/for-sale/condo/fully-furnished-3br-unit-with-balcony-and-parking-for-sale-in-one-roxas-triangle-ad-198-ln917338,"PHP 119,990,000","Cruzada Street, Makati City, Metro Manila",,313 m²,3,3,Available from 23 Dec,,17 Nov 13:15,Housing I.,"['PHP 119,990,000', 'Cruzada Street, Makati City, Metro Manila', 'Bedrooms:', '3', 'Area:', '313 m²', 'Bathrooms:', '3', 'Available from:', '23 Dec']"
"Condo For Rent in Taguig, Metro Manila",https://lifenavi.com/ph/properties/taguig/for-rent/condo/fully-furnished-3br-unit-with-parking-for-lease-in-west-gallery-place-ad-197-ln372217,"PHP 300,000/ month","Taguig, Metro Manila, 1634",,188 m²,3,2,Available from 23 Dec,,17 Nov 13:15,Housing I.,"['PHP 300,000/ month', '/ month', 'Taguig, Metro Manila, 1634', 'Bedrooms:', '3', 'Area:', '188 m²', 'Bathrooms:', '2', 'Available from:', '23 Dec']"
"Condo For Rent in corner, 28th Street, Taguig",https://lifenavi.com/ph/properties/taguig/for-rent/condo/fully-furnished-3br-unit-for-lease-in-east-gallery-place-ad-195-ln381119,"PHP 450,000/ month","corner, 28th Street, Taguig, Metro Manila",,350 m²,3,3,Available from 23 Dec,,17 Nov 13:15,Housing I.,"['PHP 450,000/ month', '/ month', 'corner, 28th Street, Taguig, Metro Manila', 'Bedrooms:', '3', 'Area:', '350 m²', 'Bathrooms:', '3', 'Available from:', '23 Dec']"
"Condo For Rent in 1210, Salamanca, Makati City",https://lifenavi.com/ph/properties/makati-city/for-rent/condo/fully-furnished-3br-unit-with-balcony-and-parking-for-lease-in-a-venue-residences-ad-194-ln448500,"PHP 125,000/ month","1210, Salamanca, Makati City, Kalakhang Maynila",,120 m²,3,3,Available from 23 Dec,,17 Nov 13:15,Housing I.,"['PHP 125,000/ month', '/ month', '1210, Salamanca, Makati City, Kalakhang Maynila', 'Bedrooms:', '3', 'Area:', '120 m²', 'Bathrooms:', '3', 'Available from:', '23 Dec']"
"Condo For Sale in Cruzada Street, Makati City",https://lifenavi.com/ph/properties/makati-city/for-sale/condo/3br-unit-for-sale-in-one-roxas-triangle-in-makati-ad-193-ln546771,"PHP 120,000,000","Cruzada Street, Makati City, Metro Manila",,313 m²,3,1,Available from 20 Dec,,17 Nov 13:15,Housing I.,"['PHP 120,000,000', 'Cruzada Street, Makati City, Metro Manila', 'Bedrooms:', '3', 'Area:', '313 m²', 'Bathrooms:', '1', 'Available from:', '20 Dec']"
"Condo For Rent in Makati City, Metro Manila",https://lifenavi.com/ph/properties/makati-city/for-rent/condo/fully-furnished-2br-unit-for-lease-in-trump-tower-ad-192-ln755951,"PHP 200,000/ month","Makati City, Metro Manila",,220 m²,2,2,Available from 23 Dec,,17 Nov 13:14,Housing I.,"['PHP 200,000/ month', '/ month', 'Makati City, Metro Manila', 'Bedrooms:', '2', 'Area:', '220 m²', 'Bathrooms:', '2', 'Available from:', '23 Dec']"
"House and Lot For Sale in 5, Constellation, Makati City",https://lifenavi.com/ph/properties/makati-city/for-sale/house-and-lot/old-house-for-sale-in-bel-air-2-makati-ad-191-ln595776,"PHP 189,000,000","5, Constellation, Makati City, Metro Manila, 1209",,502 m²,5+,5,Available from 23 Dec,,17 Nov 13:14,Housing I.,"['PHP 189,000,000', '5, Constellation, Makati City, Metro Manila, 1209', 'Bedrooms:', '5+', 'Area:', '502 m²', 'Bathrooms:', '5', 'Available from:', '23 Dec']"
Land only For Sale in Laguna,https://lifenavi.com/ph/properties/laguna/for-sale/land-only/lot-for-sale-in-diezmo-road-brgy-pulo-cabuyao-laguna-ad-190-ln265556,"PHP 2,500,000,000",,,N/A,N/A,N/A,Available from 24 Dec,,17 Nov 13:14,Housing I.,"['PHP 2,500,000,000', 'Laguna', 'Bedrooms:', 'N/A', 'Area:', 'N/A', 'Bathrooms:', 'N/A', 'Available from:', '24 Dec']"
"House and Lot For Sale in Cagayan De Oro City, Northern Mindanao",https://lifenavi.com/ph/properties/cagayan-de-oro-city/for-sale/house-and-lot/house-for-sale-in-cagayan-de-oro-ad-189-ln803356,"PHP 50,000,000","Cagayan De Oro City, Northern Mindanao",,615.5 m²,Studio,1,Available from 24 Dec,,17 Nov 13:14,Housing I.,"['PHP 50,000,000', 'Cagayan De Oro City, Northern Mindanao', 'Bedrooms:', 'Studio', 'Area:', '615.5 m²', 'Bathrooms:', '1', 'Available from:', '24 Dec']"
"Condo For Rent in Taguig, Metro Manila",https://lifenavi.com/ph/properties/taguig/for-rent/condo/3br-unit-for-rent-in-grand-hyatt-residences-ad-188-ln159624,"PHP 500,000/ month","Taguig, Metro Manila",,328 m²,3,3,Available from 25 Dec,,17 Nov 13:14,Housing I.,"['PHP 500,000/ month', '/ month', 'Taguig, Metro Manila', 'Bedrooms:', '3', 'Area:', '328 m²', 'Bathrooms:', '3', 'Available from:', '25 Dec']"
"Condo For Rent in 9th Avenue, Taguig",https://lifenavi.com/ph/properties/taguig/for-rent/condo/3br-unit-for-rent-in-avida-towers-verte-ad-187-ln683730,"PHP 100,000/ month","9th Avenue, Taguig, Metro Manila",,80.52 m²,3,2,Available from 25 Dec,,17 Nov 13:14,Housing I.,"['PHP 100,000/ month', '/ month', '9th Avenue, Taguig, Metro Manila', 'Bedrooms:', '3', 'Area:', '80.52 m²', 'Bathrooms:', '2', 'Available from:', '25 Dec']"
"Condo For Rent in corner, Lourdes Drive, Mandaluyong City",https://lifenavi.com/ph/properties/mandaluyong-city/for-rent/condo/2br-unit-for-rent-in-the-westin-residences-ad-185-ln417446,"PHP 140,000/ month","corner, Lourdes Drive, Ortigas Center, Mandaluyong City, Metro Manila",,153 m²,2,1,Available from 26 Dec,,17 Nov 13:14,Housing I.,"['PHP 140,000/ month', '/ month', 'corner, Lourdes Drive, Ortigas Center, Mandaluyong City, Metro Manila', 'Bedrooms:', '2', 'Area:', '153 m²', 'Bathrooms:', '1', 'Available from:', '26 Dec']"
"Condo For Sale in Taguig, Metro Manila",https://lifenavi.com/ph/properties/taguig/for-sale/condo/3br-unit-for-sale-in-grand-hyatt-residences-ad-184-ln749861,"PHP 115,000,000","Taguig, Metro Manila",,207 m²,3,3,Available from 26 Dec,,17 Nov 13:14,Housing I.,"['PHP 115,000,000', 'Taguig, Metro Manila', 'Bedrooms:', '3', 'Area:', '207 m²', 'Bathrooms:', '3', 'Available from:', '26 Dec']"
"Condo For Rent in 1634, 11th Avenue, Taguig",https://lifenavi.com/ph/properties/taguig/for-rent/condo/fully-furnished-1br-unit-with-balcony-and-parking-for-lease-in-one-serendra-ad-183-ln657511,"PHP 110,000/ month","1634, 11th Avenue, Taguig, Metro Manila",,90 m²,1,1,Available from 26 Dec,,17 Nov 13:14,Housing I.,"['PHP 110,000/ month', '/ month', '1634, 11th Avenue, Taguig, Metro Manila', 'Bedrooms:', '1', 'Area:', '90 m²', 'Bathrooms:', '1', 'Available from:', '26 Dec']"
"Condo For Rent in 4th Avenue, Makati City",https://lifenavi.com/ph/properties/makati-city/for-rent/condo/bi-level-4br-penthouse-for-lease-in-pacific-plaza-towers-ad-182-ln537995,"PHP 650,000/ month","4th Avenue, Makati City, Metro Manila",,529 m²,4,5,Available from 26 Dec,,17 Nov 13:14,Housing I.,"['PHP 650,000/ month', '/ month', '4th Avenue, Makati City, Metro Manila', 'Bedrooms:', '4', 'Area:', '529 m²', 'Bathrooms:', '5', 'Available from:', '26 Dec']"
"Condo For Rent in Taguig, Metro Manila",https://lifenavi.com/ph/properties/taguig/for-rent/condo/bare-3br-unit-with-balcony-and-parking-for-lease-in-grand-hyatt-residences-ad-181-ln976314,"PHP 500,000/ month","Taguig, Metro Manila",,328 m²,3,3,Available from 26 Dec,,17 Nov 13:14,Housing I.,"['PHP 500,000/ month', '/ month', 'Taguig, Metro Manila', 'Bedrooms:', '3', 'Area:', '328 m²', 'Bathrooms:', '3', 'Available from:', '26 Dec']"
"Land only For Rent in 3e, Morning Star Drive, Quezon City",https://lifenavi.com/ph/properties/quezon-city/for-rent/land-only/lot-for-salelease-in-sanville-subdivision-quezon-city-ad-180-ln706257,"PHP 323,200/ month","3e, Morning Star Drive, Quezon City, Metro Manila",,1616 m²,Studio,1,Available from 26 Dec,,17 Nov 13:14,Housing I.,"['PHP 323,200/ month', '/ month', '3e, Morning Star Drive, Quezon City, Metro Manila', 'Bedrooms:', 'Studio', 'Area:', '1616 m²', 'Bathrooms:', '1', 'Available from:', '26 Dec']"
"Condo For Rent in Taguig, Metro Manila",https://lifenavi.com/ph/properties/taguig/for-rent/condo/semi-furnished-2br-unit-for-lease-in-west-gallery-place-ad-179-ln743652,"PHP 120,000/ month","Taguig, Metro Manila, 1634",,91 m²,2,2,Available from 26 Dec,,17 Nov 13:14,Housing I.,"['PHP 120,000/ month', '/ month', 'Taguig, Metro Manila, 1634', 'Bedrooms:', '2', 'Area:', '91 m²', 'Bathrooms:', '2', 'Available from:', '26 Dec']"
"Condo For Rent in Burgos Circle, Taguig",https://lifenavi.com/ph/properties/taguig/for-rent/condo/fully-furnished-2br-unit-for-lease-in-bellagio-3-ad-178-ln178930,"PHP 100,000/ month","Burgos Circle, Taguig, Metro Manila",,91 m²,2,2,Available from 26 Dec,,17 Nov 13:14,Housing I.,"['PHP 100,000/ month', '/ month', 'Burgos Circle, Taguig, Metro Manila', 'Bedrooms:', '2', 'Area:', '91 m²', 'Bathrooms:', '2', 'Available from:', '26 Dec']"
"Condo For Rent in corner, United Street, Pasig",https://lifenavi.com/ph/properties/pasig/for-rent/condo/3br-unit-with-parking-slots-for-salelease-in-the-vantage-ad-177-ln460213,"PHP 100,000/ month","corner, United Street, Pasig, Metro Manila, 1603",,91 m²,3,2,Available from 27 Dec,,17 Nov 13:14,Housing I.,"['PHP 100,000/ month', '/ month', 'corner, United Street, Pasig, Metro Manila, 1603', 'Bedrooms:', '3', 'Area:', '91 m²', 'Bathrooms:', '2', 'Available from:', '27 Dec']"
"Condo For Rent in corner, United Street, Pasig",https://lifenavi.com/ph/properties/pasig/for-rent/condo/fully-furnished-3br-unit-with-balcony-and-parking-for-lease-in-the-vantage-ad-176-ln671989,"PHP 150,000/ month","corner, United Street, Pasig, Metro Manila, 1603",,119 m²,3,2,Available from 27 Dec,,17 Nov 13:14,Housing I.,"['PHP 150,000/ month', '/ month', 'corner, United Street, Pasig, Metro Manila, 1603', 'Bedrooms:', '3', 'Area:', '119 m²', 'Bathrooms:', '2', 'Available from:', '27 Dec']"
"Condo For Sale in Taguig, Metro Manila",https://lifenavi.com/ph/properties/taguig/for-sale/condo/luxurious-unit-for-sale-in-grand-hyatt-north-tower-ad-175-ln750218,"PHP 62,800,000","Taguig, Metro Manila",,133 m²,2,2,Available from 27 Dec,,17 Nov 13:14,Housing I.,"['PHP 62,800,000', 'Taguig, Metro Manila', 'Bedrooms:', '2', 'Area:', '133 m²', 'Bathrooms:', '2', 'Available from:', '27 Dec']"
"Condo For Rent in 35th Street, Taguig",https://lifenavi.com/ph/properties/taguig/for-rent/condo/for-rent-1br-unit-at-the-montane-ad-174-ln645517,"PHP 45,000/ month","35th Street, Taguig, Metro Manila",,40 m²,1,1,Available from 24 Dec,,17 Nov 13:14,Housing I.,"['PHP 45,000/ month', '/ month', '35th Street, Taguig, Metro Manila', 'Bedrooms:', '1', 'Area:', '40 m²', 'Bathrooms:', '1', 'Available from:', '24 Dec']"
"Condo For Rent in Jackson Avenue, Parañaque",https://lifenavi.com/ph/properties/paranaque/for-rent/condo/3br-penthouse-unit-with-city-view-ad-173-ln339437,"PHP 100,000/ month","Jackson Avenue, Parañaque, Metro Manila",,135 m²,3,2,Available from 1 Dec,,17 Nov 13:14,Housing I.,"['PHP 100,000/ month', '/ month', 'Jackson Avenue, Parañaque, Metro Manila', 'Bedrooms:', '3', 'Area:', '135 m²', 'Bathrooms:', '2', 'Available from:', '1 Dec']"
"Condo For Sale in Taguig, Metro Manila",https://lifenavi.com/ph/properties/taguig/for-sale/condo/fully-funished-2br-unit-for-sale-in-avant-at-the-fort-ad-172-ln999535,"PHP 14,500,000","Taguig, Metro Manila",,65 m²,2,2,Available from 2 Jan,,17 Nov 13:14,Housing I.,"['PHP 14,500,000', 'Taguig, Metro Manila', 'Bedrooms:', '2', 'Area:', '65 m²', 'Bathrooms:', '2', 'Available from:', '2 Jan']"
"Condo For Sale in 14F, West Street, Makati City",https://lifenavi.com/ph/properties/makati-city/for-sale/condo/fully-furnished-1br-unit-with-parking-for-sale-in-park-terraces-ad-171-ln874705,"PHP 19,000,000","14F, West Street, Makati City, Metro Manila",,66 m²,1,1,Available from 2 Jan,,17 Nov 13:14,Housing I.,"['PHP 19,000,000', '14F, West Street, Makati City, Metro Manila', 'Bedrooms:', '1', 'Area:', '66 m²', 'Bathrooms:', '1', 'Available from:', '2 Jan']"
"House and Lot For Sale in Narra Boulevard, Dasmariñas",https://lifenavi.com/ph/properties/dasmarinas/for-sale/house-and-lot/house-and-lot-for-sale-in-greenwoods-executive-village-ad-170-ln164764,"PHP 14,985,000","Narra Boulevard, Dasmariñas, Calabarzon",,250 m²,5+,5,Available from 2 Dec,,17 Nov 13:14,Housing I.,"['PHP 14,985,000', 'Narra Boulevard, Dasmariñas, Calabarzon', 'Bedrooms:', '5+', 'Area:', '250 m²', 'Bathrooms:', '5', 'Available from:', '2 Dec']"
Condo For Sale in Taguig,https://lifenavi.com/ph/properties/taguig/for-sale/condo/3br-unit-with-parking-for-sale-in-the-infinity-tower-ad-169-ln493494,"PHP 33,078,000","Fort Bonifacio Global City, Taguig",,123 m²,4,4,Available from 2 Jan,,17 Nov 13:14,Housing I.,"['PHP 33,078,000', 'Fort Bonifacio Global City, Taguig', 'Bedrooms:', '4', 'Area:', '123 m²', 'Bathrooms:', '4', 'Available from:', '2 Jan']"
"Land only For Sale in Baras, Calabarzon",https://lifenavi.com/ph/properties/baras/for-sale/land-only/commercial-lot-for-sale-in-baras-rizal-antipolo-city-ad-168-ln437201,"PHP 15,339,090","Baras, Calabarzon",,00 m²,Studio,1,Available from 2 Jan,,17 Nov 13:14,Housing I.,"['PHP 15,339,090', 'Baras, Calabarzon', 'Bedrooms:', 'Studio', 'Area:', '00 m²', 'Bathrooms:', '1', 'Available from:', '2 Jan']"
"House and Lot For Sale in Cainta, Calabarzon",https://lifenavi.com/ph/properties/cainta/for-sale/house-and-lot/single-detached-house-for-sale-in-greenland-subdivision-cainta-ad-167-ln372385,"PHP 15,000,000","Cainta, Calabarzon, 1900",,200 m²,4,3,Available from 2 Jan,,17 Nov 13:14,Housing I.,"['PHP 15,000,000', 'Cainta, Calabarzon, 1900', 'Bedrooms:', '4', 'Area:', '200 m²', 'Bathrooms:', '3', 'Available from:', '2 Jan']"
"Condo For Sale in 1634, McKinley Parkway, Taguig",https://lifenavi.com/ph/properties/taguig/for-sale/condo/3br-unit-for-sale-in-two-serendra-ad-166-ln793570,"PHP 70,000,000","1634, McKinley Parkway, Taguig, Metro Manila",,169 m²,3,3,Available from 3 Jan,,17 Nov 13:13,Housing I.,"['PHP 70,000,000', '1634, McKinley Parkway, Taguig, Metro Manila', 'Bedrooms:', '3', 'Area:', '169 m²', 'Bathrooms:', '3', 'Available from:', '3 Jan']"
"Condo For Sale in Pasig, Metro Manila",https://lifenavi.com/ph/properties/pasig/for-sale/condo/3br-unit-for-sale-in-the-imperium-ad-165-ln942120,"PHP 47,600,000","Pasig, Metro Manila",,158 m²,3,2,Available from 3 Jan,,17 Nov 13:13,Housing I.,"['PHP 47,600,000', 'Pasig, Metro Manila', 'Bedrooms:', '3', 'Area:', '158 m²', 'Bathrooms:', '2', 'Available from:', '3 Jan']"
"Condo For Sale in 1, 8th Avenue, Makati City",https://lifenavi.com/ph/properties/makati-city/for-sale/condo/3br-unit-for-sale-in-uptown-parksuites-ad-164-ln231283,"PHP 25,000,000","1, 8th Avenue, Makati City, Metro Manila",,89 m²,3,2,Available from 3 Jan,,17 Nov 13:13,Housing I.,"['PHP 25,000,000', '1, 8th Avenue, Makati City, Metro Manila', 'Bedrooms:', '3', 'Area:', '89 m²', 'Bathrooms:', '2', 'Available from:', '3 Jan']"
"House and Lot For Rent in Parañaque, Metro Manila",https://lifenavi.com/ph/properties/paranaque/for-rent/house-and-lot/house-for-lease-in-bf-homes-paranaque-city-ad-163-ln319150,"PHP 133,200/ month","Parañaque, Metro Manila, 1700",,430 m²,3,4,Available from 31 Dec,,17 Nov 13:13,Housing I.,"['PHP 133,200/ month', '/ month', 'Parañaque, Metro Manila, 1700', 'Bedrooms:', '3', 'Area:', '430 m²', 'Bathrooms:', '4', 'Available from:', '31 Dec']"
"Condo For Rent in 26th Street, Taguig",https://lifenavi.com/ph/properties/taguig/for-rent/condo/for-rent-2br-two-maridien-ad-162-ln961056,"PHP 110,000/ month","26th Street, Taguig, Metro Manila",,97 m²,2,3,Available from 20 Sep,,17 Nov 13:13,Housing I.,"['PHP 110,000/ month', '/ month', '26th Street, Taguig, Metro Manila', 'Bedrooms:', '2', 'Area:', '97 m²', 'Bathrooms:', '3', 'Available from:', '20 Sep']"
"House and Lot For Sale in Muntinlupa, Metro Manila",https://lifenavi.com/ph/properties/muntinlupa/for-sale/house-and-lot/house-for-sale-in-ayala-alabang-muntinlupa-city-ad-161-ln482544,"PHP 202,020,000","Muntinlupa, Metro Manila",,00 m²,4,4,Available from 28 Dec,,17 Nov 13:13,Housing I.,"['PHP 202,020,000', 'Muntinlupa, Metro Manila', 'Bedrooms:', '4', 'Area:', '00 m²', 'Bathrooms:', '4', 'Available from:', '28 Dec']"
"House and Lot For Sale in Muntinlupa, Metro Manila",https://lifenavi.com/ph/properties/muntinlupa/for-sale/house-and-lot/a-houselot-unit-for-sale-in-ayala-alabang-muntinlupa-city-ad-160-ln385042,"PHP 166,500,000","Muntinlupa, Metro Manila",,00 m²,4,3,Available from 30 Dec,,17 Nov 13:13,Housing I.,"['PHP 166,500,000', 'Muntinlupa, Metro Manila', 'Bedrooms:', '4', 'Area:', '00 m²', 'Bathrooms:', '3', 'Available from:', '30 Dec']"
"House and Lot For Rent in 231, Makiling, Muntinlupa",https://lifenavi.com/ph/properties/muntinlupa/for-rent/house-and-lot/house-for-rent-in-ayala-alabang-village-muntinlupa-city-ad-159-ln602896,"PHP 444,000/ month","231, Makiling, Muntinlupa, Metro Manila, 1780",,00 m²,5+,6+,Available from 30 Dec,,17 Nov 13:13,Housing I.,"['PHP 444,000/ month', '/ month', '231, Makiling, Muntinlupa, Metro Manila, 1780', 'Bedrooms:', '5+', 'Area:', '00 m²', 'Bathrooms:', '6+', 'Available from:', '30 Dec']"
"House and Lot For Rent in 231, Makiling, Muntinlupa",https://lifenavi.com/ph/properties/muntinlupa/for-rent/house-and-lot/house-for-rent-in-ayala-alabang-village-muntinlupa-city-ad-158-ln774419,"PHP 209,790/ month","231, Makiling, Muntinlupa, Metro Manila, 1780",,418 m²,Studio,1,Available from 30 Dec,,17 Nov 13:13,Housing I.,"['PHP 209,790/ month', '/ month', '231, Makiling, Muntinlupa, Metro Manila, 1780', 'Bedrooms:', 'Studio', 'Area:', '418 m²', 'Bathrooms:', '1', 'Available from:', '30 Dec']"
"House and Lot For Sale in Muntinlupa, Metro Manila",https://lifenavi.com/ph/properties/muntinlupa/for-sale/house-and-lot/house-for-sale-in-mediterranean-home-in-ayala-alabang-ad-157-ln287697,"PHP 144,300,000","Muntinlupa, Metro Manila",,00 m²,Studio,1,Available from 3 Jan,,17 Nov 13:13,Housing I.,"['PHP 144,300,000', 'Muntinlupa, Metro Manila', 'Bedrooms:', 'Studio', 'Area:', '00 m²', 'Bathrooms:', '1', 'Available from:', '3 Jan']"
"House and Lot For Sale in 7, Menlo Drive, Parañaque",https://lifenavi.com/ph/properties/paranaque/for-sale/house-and-lot/houselot-for-sale-in-menlo-park-paranaque-city-ad-156-ln331517,"PHP 28,860,000","7, Menlo Drive, Parañaque, Metro Manila",,220 m²,2,2,Available from 3 Jan,,17 Nov 13:13,Housing I.,"['PHP 28,860,000', '7, Menlo Drive, Parañaque, Metro Manila', 'Bedrooms:', '2', 'Area:', '220 m²', 'Bathrooms:', '2', 'Available from:', '3 Jan']"
"House and Lot For Sale in 98, Don Rufino Avenue, Parañaque",https://lifenavi.com/ph/properties/paranaque/for-sale/house-and-lot/house-for-sale-in-tahanan-village-paranaque-city-ad-155-ln999840,"PHP 31,080,000","98, Don Rufino Avenue, Parañaque, Metro Manila, 1700",,00 m²,3,3,Available from 3 Jan,,17 Nov 13:13,Housing I.,"['PHP 31,080,000', '98, Don Rufino Avenue, Parañaque, Metro Manila, 1700', 'Bedrooms:', '3', 'Area:', '00 m²', 'Bathrooms:', '3', 'Available from:', '3 Jan']"
"House and Lot For Rent in Daang Hari Road, Bacoor",https://lifenavi.com/ph/properties/bacoor/for-rent/house-and-lot/houselot-for-sale-in-verdana-daang-hari-muntinlupa-city-ad-154-ln723453,"PHP 166,500/ month","Daang Hari Road, Bacoor, Calabarzon",,372 m²,5+,5,Available from 3 Jan,,17 Nov 13:13,Housing I.,"['PHP 166,500/ month', '/ month', 'Daang Hari Road, Bacoor, Calabarzon', 'Bedrooms:', '5+', 'Area:', '372 m²', 'Bathrooms:', '5', 'Available from:', '3 Jan']"
"House and Lot For Rent in 3, A. Dalisay, Parañaque",https://lifenavi.com/ph/properties/paranaque/for-rent/house-and-lot/house-for-rent-in-bf-homes-paranaque-ad-153-ln776218,"PHP 166,500/ month","3, A. Dalisay, Parañaque, Kalakhang Maynila, 1700",,410 m²,5+,3,Available from 3 Jan,,17 Nov 13:13,Housing I.,"['PHP 166,500/ month', '/ month', '3, A. Dalisay, Parañaque, Kalakhang Maynila, 1700', 'Bedrooms:', '5+', 'Area:', '410 m²', 'Bathrooms:', '3', 'Available from:', '3 Jan']"
Land only For Sale in Siquijor,https://lifenavi.com/ph/properties/siquijor/for-sale/land-only/lot-2-for-sale-in-cadanay-sur-siquijor-ad-152-ln140755,"PHP 11,655,000",,,N/A,N/A,N/A,Available from 6 Jan,,17 Nov 13:13,Housing I.,"['PHP 11,655,000', 'Siquijor', 'Bedrooms:', 'N/A', 'Area:', 'N/A', 'Bathrooms:', 'N/A', 'Available from:', '6 Jan']"
"House and Lot For Sale in Valencia, Central Visayas",https://lifenavi.com/ph/properties/valencia/for-sale/house-and-lot/houselot-for-sale-in-east-balabag-valencia-negros-oriental-ad-151-ln405083,"PHP 16,650,000","Valencia, Central Visayas",,00 m²,Studio,1,Available from 6 Jan,,17 Nov 13:13,Housing I.,"['PHP 16,650,000', 'Valencia, Central Visayas', 'Bedrooms:', 'Studio', 'Area:', '00 m²', 'Bathrooms:', '1', 'Available from:', '6 Jan']"
"House and Lot For Sale in Dumaguete City, Central Visayas",https://lifenavi.com/ph/properties/dumaguete-city/for-sale/house-and-lot/houselot-for-sale-in-junob-dumaguete-city-ad-150-ln850954,"PHP 16,650,000","Dumaguete City, Central Visayas",,300 m²,Studio,1,Available from 6 Jan,,17 Nov 13:13,Housing I.,"['PHP 16,650,000', 'Dumaguete City, Central Visayas', 'Bedrooms:', 'Studio', 'Area:', '300 m²', 'Bathrooms:', '1', 'Available from:', '6 Jan']"
"House and Lot For Sale in Bacong, Central Visayas",https://lifenavi.com/ph/properties/bacong/for-sale/house-and-lot/houselot-for-sale-in-combado-bacong-negros-oriental-ad-149-ln764283,"PHP 18,315,000","Bacong, Central Visayas",,240 m²,Studio,1,Available from 6 Jan,,17 Nov 13:13,Housing I.,"['PHP 18,315,000', 'Bacong, Central Visayas', 'Bedrooms:', 'Studio', 'Area:', '240 m²', 'Bathrooms:', '1', 'Available from:', '6 Jan']"
"Land only For Sale in Manukan, Zamboanga Peninsula",https://lifenavi.com/ph/properties/manukan/for-sale/land-only/lot-for-sale-in-dapitan-manukan-zamboanga-del-norte-ad-148-ln970369,"PHP 24,919,056","Manukan, Zamboanga Peninsula",,00 m²,Studio,1,Available from 6 Jan,,17 Nov 13:13,Housing I.,"['PHP 24,919,056', 'Manukan, Zamboanga Peninsula', 'Bedrooms:', 'Studio', 'Area:', '00 m²', 'Bathrooms:', '1', 'Available from:', '6 Jan']"
Land only For Sale in Antipolo  City,https://lifenavi.com/ph/properties/antipolo-city/for-sale/land-only/lot-for-sale-in-havila-filinvest-taytay-rizal-ad-147-ln944104,"PHP 14,801,850",,,N/A,N/A,N/A,Available from 6 Jan,,17 Nov 13:13,Housing I.,"['PHP 14,801,850', 'Antipolo  City', 'Bedrooms:', 'N/A', 'Area:', 'N/A', 'Bathrooms:', 'N/A', 'Available from:', '6 Jan']"
"Land only For Sale in Taytay, Calabarzon",https://lifenavi.com/ph/properties/taytay/for-sale/land-only/lot-for-sale-in-havila-filinvest-taytay-rizal-ad-146-ln731311,"PHP 13,519,800","Taytay, Calabarzon",,00 m²,Studio,1,Available from 6 Jan,,17 Nov 13:13,Housing I.,"['PHP 13,519,800', 'Taytay, Calabarzon', 'Bedrooms:', 'Studio', 'Area:', '00 m²', 'Bathrooms:', '1', 'Available from:', '6 Jan']"
"Condo For Sale in Don, Chino Roces Avenue, Makati City",https://lifenavi.com/ph/properties/makati-city/for-sale/condo/fully-furnished-1br-unit-for-sale-in-avida-towers-southpoint-ad-145-ln367817,"PHP 7,548,000","Don, Chino Roces Avenue, Makati City, Metro Manila",,23.2 m²,1,1,Available from 6 Jan,,17 Nov 13:13,Housing I.,"['PHP 7,548,000', 'Don, Chino Roces Avenue, Makati City, Metro Manila', 'Bedrooms:', '1', 'Area:', '23.2 m²', 'Bathrooms:', '1', 'Available from:', '6 Jan']"
"Land only For Sale in Highlands Pointe, Taytay",https://lifenavi.com/ph/properties/taytay/for-sale/land-only/lot-for-sale-in-highlands-pointe-taytay-rizal-ad-144-ln440530,"PHP 13,766,220","Highlands Pointe, Taytay, Calabarzon, 1920",,00 m²,Studio,1,Available from 6 Jan,,17 Nov 13:13,Housing I.,"['PHP 13,766,220', 'Highlands Pointe, Taytay, Calabarzon, 1920', 'Bedrooms:', 'Studio', 'Area:', '00 m²', 'Bathrooms:', '1', 'Available from:', '6 Jan']"
"Condo For Rent in Hidalgo Drive, Makati City",https://lifenavi.com/ph/properties/makati-city/for-rent/condo/a-fully-furnished-unit-for-leased-in-manansala-tower-ad-143-ln441675,"PHP 110,000/ month","Hidalgo Drive, Makati City, Metro Manila",,116 m²,2,1,Available from 16 Dec,,17 Nov 13:13,Housing I.,"['PHP 110,000/ month', '/ month', 'Hidalgo Drive, Makati City, Metro Manila', 'Bedrooms:', '2', 'Area:', '116 m²', 'Bathrooms:', '1', 'Available from:', '16 Dec']"
"Condo For Rent in Taguig, Metro Manila",https://lifenavi.com/ph/properties/taguig/for-rent/condo/fully-furnished-3br-unit-with-parking-slot-for-lease-in-grand-hyatt-residences-ad-142-ln799703,"PHP 190,000/ month","Taguig, Metro Manila",,133 m²,3,3,Available from 6 Jan,,17 Nov 13:13,Housing I.,"['PHP 190,000/ month', '/ month', 'Taguig, Metro Manila', 'Bedrooms:', '3', 'Area:', '133 m²', 'Bathrooms:', '3', 'Available from:', '6 Jan']"
"Condo For Rent in Makati City, Metro Manila",https://lifenavi.com/ph/properties/makati-city/for-rent/condo/fully-furnished-3br-unit-witj-parking-for-lease-in-trump-tower-ad-141-ln900281,"PHP 250,000/ month","Makati City, Metro Manila",,198 m²,3,3,Available from 6 Jan,,17 Nov 13:13,Housing I.,"['PHP 250,000/ month', '/ month', 'Makati City, Metro Manila', 'Bedrooms:', '3', 'Area:', '198 m²', 'Bathrooms:', '3', 'Available from:', '6 Jan']"
"Condo For Rent in South Union Drive, Taguig",https://lifenavi.com/ph/properties/taguig/for-rent/condo/semi-furnished-1br-unti-with-balcony-for-lease-in-avida-towers-one-union-place-ad-140-ln308703,"PHP 20,000/ month","South Union Drive, Taguig, Metro Manila, 1630",,40.14 m²,1,1,Available from 6 Jan,,17 Nov 13:13,Housing I.,"['PHP 20,000/ month', '/ month', 'South Union Drive, Taguig, Metro Manila, 1630', 'Bedrooms:', '1', 'Area:', '40.14 m²', 'Bathrooms:', '1', 'Available from:', '6 Jan']"
"House and Lot For Rent in 254, Alabang–Zapote Road, Las Piñas",https://lifenavi.com/ph/properties/las-pinas/for-rent/house-and-lot/4br-house-and-lot-for-rent-in-las-pinas-city-ad-139-ln871117,"PHP 250,000/ month","254, Alabang–Zapote Road, Las Piñas, Metro Manila, 1747",,550 m²,4,3,Available from 23 Dec,,17 Nov 13:13,Housing I.,"['PHP 250,000/ month', '/ month', '254, Alabang–Zapote Road, Las Piñas, Metro Manila, 1747', 'Bedrooms:', '4', 'Area:', '550 m²', 'Bathrooms:', '3', 'Available from:', '23 Dec']"
"Condo For Rent in Estrella, Makati City",https://lifenavi.com/ph/properties/makati-city/for-rent/condo/semi-furnished-2br-unit-with-parking-for-lease-in-proscenium-at-rockwell-ad-138-ln366244,"PHP 120,000/ month","Estrella, Makati City, Metro Manila",,119 m²,2,2,Available from 7 Dec,,17 Nov 13:13,Housing I.,"['PHP 120,000/ month', '/ month', 'Estrella, Makati City, Metro Manila', 'Bedrooms:', '2', 'Area:', '119 m²', 'Bathrooms:', '2', 'Available from:', '7 Dec']"
"Condo For Sale in Estrella, Makati City",https://lifenavi.com/ph/properties/makati-city/for-sale/condo/3br-unit-with-parking-slots-for-sale-in-proscenium-at-rockwell-ad-137-ln878483,"PHP 80,000,000","Estrella, Makati City, Metro Manila",,194 m²,3,3,Available from 7 Jan,,17 Nov 13:13,Housing I.,"['PHP 80,000,000', 'Estrella, Makati City, Metro Manila', 'Bedrooms:', '3', 'Area:', '194 m²', 'Bathrooms:', '3', 'Available from:', '7 Jan']"
"Condo For Rent in Chateau Road, Taguig",https://lifenavi.com/ph/properties/taguig/for-rent/condo/fully-furnished-2br-unit-with-parking-for-rentsale-in-st-moritz-private-estate-ad-136-ln357430,"PHP 85,000/ month","Chateau Road, Taguig, Metro Manila",,78.5 m²,2,2,Available from 7 Jan,,17 Nov 13:13,Housing I.,"['PHP 85,000/ month', '/ month', 'Chateau Road, Taguig, Metro Manila', 'Bedrooms:', '2', 'Area:', '78.5 m²', 'Bathrooms:', '2', 'Available from:', '7 Jan']"
"Condo For Rent in Jackson Avenue, Parañaque",https://lifenavi.com/ph/properties/paranaque/for-rent/condo/fully-furnished-2br-unit-with-balcony-for-rentsale-in-oak-harbor-aston-ad-135-ln305482,"PHP 85,000/ month","Jackson Avenue, Parañaque, Metro Manila",,97 m²,2,2,Available from 7 Jan,,17 Nov 13:12,Housing I.,"['PHP 85,000/ month', '/ month', 'Jackson Avenue, Parañaque, Metro Manila', 'Bedrooms:', '2', 'Area:', '97 m²', 'Bathrooms:', '2', 'Available from:', '7 Jan']"
"Condo For Rent in Agham Road, Quezon City",https://lifenavi.com/ph/properties/quezon-city/for-rent/condo/for-lease-3br-in-high-park-ad-134-ln666390,"PHP 55,000/ month","Agham Road, Diliman, Quezon City, Metro Manila",,93 m²,3,2,Available from 7 Jan,,17 Nov 13:12,Housing I.,"['PHP 55,000/ month', '/ month', 'Agham Road, Diliman, Quezon City, Metro Manila', 'Bedrooms:', '3', 'Area:', '93 m²', 'Bathrooms:', '2', 'Available from:', '7 Jan']"
"Condo For Rent in 332, Sen. Gil J. Puyat Avenue, Makati City",https://lifenavi.com/ph/properties/makati-city/for-rent/condo/studio-deluxe-for-lease-in-elizabeth-place-main-makati-ad-133-ln524993,"PHP 50,000/ month","332, Sen. Gil J. Puyat Avenue, Makati City, Metro Manila",,61 m²,Studio,1,Available from 30 Aug,,17 Nov 13:12,Housing I.,"['PHP 50,000/ month', '/ month', '332, Sen. Gil J. Puyat Avenue, Makati City, Metro Manila', 'Bedrooms:', 'Studio', 'Area:', '61 m²', 'Bathrooms:', '1', 'Available from:', '30 Aug']"
"Condo For Sale in 1, 8th Avenue, Makati City",https://lifenavi.com/ph/properties/makati-city/for-sale/condo/fully-furnished-2br-unit-with-balcony-for-sale-in-uptown-parksuites-ad-132-ln328211,"PHP 25,500,000","1, 8th Avenue, Makati City, Metro Manila",,81 m²,2,2,Available from 7 Jan,,17 Nov 13:12,Housing I.,"['PHP 25,500,000', '1, 8th Avenue, Makati City, Metro Manila', 'Bedrooms:', '2', 'Area:', '81 m²', 'Bathrooms:', '2', 'Available from:', '7 Jan']"
For Sale in Laguna,https://lifenavi.com/ph/properties/laguna/for-sale/commercial/12-units-apartment-for-sale-in-sta-rosa-laguna-ad-131-ln993096,"PHP 16,650,000","Sta. Rosa, Laguna",,N/A,,,Vacant,N/A,17 Nov 13:12,Housing I.,"['PHP 16,650,000', 'Sta. Rosa, Laguna', 'Status:', 'Vacant', 'Furnishing:', 'N/A', 'Area:', 'N/A', 'Available from:', '7 Jan']"
"Condo For Rent in 1634, McKinley Parkway, Taguig",https://lifenavi.com/ph/properties/taguig/for-rent/condo/fully-furnished-2br-unit-with-parking-for-lease-in-two-serendra-ad-130-ln317344,"PHP 100,000/ month","1634, McKinley Parkway, Taguig, Metro Manila",,76 m²,2,2,Available from 7 Jan,,17 Nov 13:12,Housing I.,"['PHP 100,000/ month', '/ month', '1634, McKinley Parkway, Taguig, Metro Manila', 'Bedrooms:', '2', 'Area:', '76 m²', 'Bathrooms:', '2', 'Available from:', '7 Jan']"
"Condo For Rent in 2021, 9th Avenue, Makati City",https://lifenavi.com/ph/properties/makati-city/for-rent/condo/fully-furnished-2br-unit-with-parking-for-lease-in-uptown-ritz-ad-129-ln762456,"PHP 110,000/ month","2021, 9th Avenue, Makati City, Metro Manila",,79 m²,2,2,Available from 7 Jan,,17 Nov 13:12,Housing I.,"['PHP 110,000/ month', '/ month', '2021, 9th Avenue, Makati City, Metro Manila', 'Bedrooms:', '2', 'Area:', '79 m²', 'Bathrooms:', '2', 'Available from:', '7 Jan']"
"Condo For Rent in 25th Street, Taguig",https://lifenavi.com/ph/properties/taguig/for-rent/condo/2br-unit-for-lease-in-one-mckinley-place-ad-128-ln265657,"PHP 111,000/ month","25th Street, Taguig, Metro Manila",,110 m²,2,2,Available from 8 Jan,,17 Nov 13:12,Housing I.,"['PHP 111,000/ month', '/ month', '25th Street, Taguig, Metro Manila', 'Bedrooms:', '2', 'Area:', '110 m²', 'Bathrooms:', '2', 'Available from:', '8 Jan']"
"Condo For Sale in 2016, 9th Avenue, Makati City",https://lifenavi.com/ph/properties/makati-city/for-sale/condo/for-sale-2br-one-uptown-residences-ad-127-ln188135,"PHP 18,000,000","2016, 9th Avenue, Makati City, Metro Manila, 1634",,68.16 m²,2,1,Available from 6 Jul,,17 Nov 13:12,Housing I.,"['PHP 18,000,000', '2016, 9th Avenue, Makati City, Metro Manila, 1634', 'Bedrooms:', '2', 'Area:', '68.16 m²', 'Bathrooms:', '1', 'Available from:', '6 Jul']"
"Condo For Sale in 705, Valero, Makati City",https://lifenavi.com/ph/properties/makati-city/for-sale/condo/brand-new-furnishing-and-fully-renovated-2-bedroom-loft-type-unit-for-sale-in-paseo-parkview-suites-ad-126-ln963850,"PHP 12,500,000","705, Valero, Makati City, Metro Manila, 1227",,75 m²,2,2,Available from 8 Jan,,17 Nov 13:12,Housing I.,"['PHP 12,500,000', '705, Valero, Makati City, Metro Manila, 1227', 'Bedrooms:', '2', 'Area:', '75 m²', 'Bathrooms:', '2', 'Available from:', '8 Jan']"
"Condo For Rent in 2016, 9th Avenue, Makati City",https://lifenavi.com/ph/properties/makati-city/for-rent/condo/2br-unit-for-lease-in-one-uptown-residences-ad-125-ln615983,"PHP 133,200/ month","2016, 9th Avenue, Makati City, Metro Manila, 1634",,105 m²,2,1,Available from 8 Jan,,17 Nov 13:12,Housing I.,"['PHP 133,200/ month', '/ month', '2016, 9th Avenue, Makati City, Metro Manila, 1634', 'Bedrooms:', '2', 'Area:', '105 m²', 'Bathrooms:', '1', 'Available from:', '8 Jan']"
"Condo For Rent in 26th Street, Taguig",https://lifenavi.com/ph/properties/taguig/for-rent/condo/a-condominium-for-rent-in-icon-plaza-taguig-city-ad-124-ln420606,"PHP 120,000/ month","26th Street, Taguig, Metro Manila",,120 m²,3,2,Available from 1 Dec,,17 Nov 13:12,Housing I.,"['PHP 120,000/ month', '/ month', '26th Street, Taguig, Metro Manila', 'Bedrooms:', '3', 'Area:', '120 m²', 'Bathrooms:', '2', 'Available from:', '1 Dec']"
"Condo For Sale in Taguig, Metro Manila",https://lifenavi.com/ph/properties/taguig/for-sale/condo/fully-furnished-1br-unit-with-parking-for-sale-in-west-gallery-place-ad-123-ln624451,"PHP 31,080,000","Taguig, Metro Manila, 1634",,69 m²,1,1,Available from 8 Jan,,17 Nov 13:12,Housing I.,"['PHP 31,080,000', 'Taguig, Metro Manila, 1634', 'Bedrooms:', '1', 'Area:', '69 m²', 'Bathrooms:', '1', 'Available from:', '8 Jan']"
"Condo For Rent in 1634, McKinley Parkway, Taguig",https://lifenavi.com/ph/properties/taguig/for-rent/condo/fully-furnished-3br-unit-with-balcony-and-parking-for-lease-in-two-serendra-ad-122-ln927660,"PHP 130,000/ month","1634, McKinley Parkway, Taguig, Metro Manila",,120 m²,2,2,Available from 8 Jan,,17 Nov 13:12,Housing I.,"['PHP 130,000/ month', '/ month', '1634, McKinley Parkway, Taguig, Metro Manila', 'Bedrooms:', '2', 'Area:', '120 m²', 'Bathrooms:', '2', 'Available from:', '8 Jan']"
"Condo For Rent in Estrella, Makati City",https://lifenavi.com/ph/properties/makati-city/for-rent/condo/fully-furnished-2br-unit-with-parking-for-lease-in-proscenium-at-rockwell-ad-121-ln941183,"PHP 190,000/ month","Estrella, Makati City, Metro Manila",,162 m²,2,2,Available from 8 Jan,,17 Nov 13:12,Housing I.,"['PHP 190,000/ month', '/ month', 'Estrella, Makati City, Metro Manila', 'Bedrooms:', '2', 'Area:', '162 m²', 'Bathrooms:', '2', 'Available from:', '8 Jan']"
"House and Lot For Sale in Valencia, Negros Island Region",https://lifenavi.com/ph/properties/valencia/for-sale/house-and-lot/houselot-for-sale-in-negros-oriental-ad-120-ln165877,"PHP 16,650,000","Valencia, Negros Island Region",,900 m²,4,2,Available from 9 Jan,,17 Nov 13:12,Housing I.,"['PHP 16,650,000', 'Valencia, Negros Island Region', 'Bedrooms:', '4', 'Area:', '900 m²', 'Bathrooms:', '2', 'Available from:', '9 Jan']"
"House and Lot For Rent in Muntinlupa, Metro Manila",https://lifenavi.com/ph/properties/muntinlupa/for-rent/house-and-lot/house-for-lease-in-ayala-alabang-muntinlupa-city-ad-119-ln391672,"PHP 133,200/ month","Muntinlupa, Metro Manila",,600 m²,4,4,Available from 9 Jan,,17 Nov 13:12,Housing I.,"['PHP 133,200/ month', '/ month', 'Muntinlupa, Metro Manila', 'Bedrooms:', '4', 'Area:', '600 m²', 'Bathrooms:', '4', 'Available from:', '9 Jan']"
"House and Lot For Sale in Cagayan De Oro City, Northern Mindanao",https://lifenavi.com/ph/properties/cagayan-de-oro-city/for-sale/house-and-lot/houselot-for-sale-in-hillsborough-pointe-subdivision-ad-118-ln359464,"PHP 27,750,000","Cagayan De Oro City, Northern Mindanao",,280 m²,4,3,Available from 9 Jan,,17 Nov 13:12,Housing I.,"['PHP 27,750,000', 'Cagayan De Oro City, Northern Mindanao', 'Bedrooms:', '4', 'Area:', '280 m²', 'Bathrooms:', '3', 'Available from:', '9 Jan']"
"Condo For Sale in Taguig, Metro Manila",https://lifenavi.com/ph/properties/taguig/for-sale/condo/2br-unit-with-parking-for-lease-in-west-gallery-place-ad-117-ln797449,"PHP 48,000,000","Taguig, Metro Manila, 1634",,91 m²,2,2,Available from 9 Jan,,17 Nov 13:12,Housing I.,"['PHP 48,000,000', 'Taguig, Metro Manila, 1634', 'Bedrooms:', '2', 'Area:', '91 m²', 'Bathrooms:', '2', 'Available from:', '9 Jan']"
House and Lot For Sale in Mandaluyong,https://lifenavi.com/ph/properties/mandaluyong/for-sale/house-and-lot/house-and-lot-for-sale-in-century-nuliv-town-villas-mandaluyong-ad-116-ln929182,"PHP 82,000,000","Hulo, Mandaluyong",,277 m²,4,3,Available from 9 Jan,,17 Nov 13:12,Housing I.,"['PHP 82,000,000', 'Hulo, Mandaluyong', 'Bedrooms:', '4', 'Area:', '277 m²', 'Bathrooms:', '3', 'Available from:', '9 Jan']"
"Condo For Rent in Estrella, Makati City",https://lifenavi.com/ph/properties/makati-city/for-rent/condo/fully-furnished-3br-unit-for-lease-in-proscenium-at-rockwell-ad-115-ln154467,"PHP 280,000/ month","Estrella, Makati City, Metro Manila",,224 m²,3,3,Available from 9 Jan,,17 Nov 13:12,Housing I.,"['PHP 280,000/ month', '/ month', 'Estrella, Makati City, Metro Manila', 'Bedrooms:', '3', 'Area:', '224 m²', 'Bathrooms:', '3', 'Available from:', '9 Jan']"
"Condo For Rent in Estrella, Makati City",https://lifenavi.com/ph/properties/makati-city/for-rent/condo/fully-furnished-3br-unit-with-parking-for-lease-in-proscenium-at-rockwell-ad-114-ln200155,"PHP 275,000/ month","Estrella, Makati City, Metro Manila",,241 m²,3,3,Available from 9 Jan,,17 Nov 13:12,Housing I.,"['PHP 275,000/ month', '/ month', 'Estrella, Makati City, Metro Manila', 'Bedrooms:', '3', 'Area:', '241 m²', 'Bathrooms:', '3', 'Available from:', '9 Jan']"
"Condo For Rent in Taguig, Metro Manila",https://lifenavi.com/ph/properties/taguig/for-rent/condo/fully-furnished-1br-unit-with-parking-for-lease-in-west-gallery-place-ad-113-ln854987,"PHP 120,000/ month","Taguig, Metro Manila, 1634",,65 m²,1,1,Available from 10 Jan,,17 Nov 13:12,Housing I.,"['PHP 120,000/ month', '/ month', 'Taguig, Metro Manila, 1634', 'Bedrooms:', '1', 'Area:', '65 m²', 'Bathrooms:', '1', 'Available from:', '10 Jan']"
"Condo For Rent in 30th Street, 1st Avenue, Taguig",https://lifenavi.com/ph/properties/taguig/for-rent/condo/fully-furnished-3br-unit-with-parking-for-lease-in-penhurst-parkplace-ad-112-ln260312,"PHP 100,000/ month","30th Street, 1st Avenue, Taguig, Metro Manila, 1630",,107 m²,3,2,Available from 10 Jan,,17 Nov 13:12,Housing I.,"['PHP 100,000/ month', '/ month', '30th Street, 1st Avenue, Taguig, Metro Manila, 1630', 'Bedrooms:', '3', 'Area:', '107 m²', 'Bathrooms:', '2', 'Available from:', '10 Jan']"
"Condo For Sale in 1634, McKinley Parkway, Taguig",https://lifenavi.com/ph/properties/taguig/for-sale/condo/for-sale-3br-in-meranti-two-serendra-ad-111-ln614555,"PHP 35,000,000","1634, McKinley Parkway, Taguig, Metro Manila",,109 m²,4,3,Available from 10 Jan,,17 Nov 13:12,Housing I.,"['PHP 35,000,000', '1634, McKinley Parkway, Taguig, Metro Manila', 'Bedrooms:', '4', 'Area:', '109 m²', 'Bathrooms:', '3', 'Available from:', '10 Jan']"
"Condo For Rent in 71, Salamanca, Makati City",https://lifenavi.com/ph/properties/makati-city/for-rent/condo/fully-furnished-3br-unit-with-balcony-for-leasesale-in-the-gramercy-residences-ad-110-ln447346,"PHP 120,000/ month","71, Salamanca, Makati City, Kalakhang Maynila",,143 m²,3,3,Available from 10 Jan,,17 Nov 13:12,Housing I.,"['PHP 120,000/ month', '/ month', '71, Salamanca, Makati City, Kalakhang Maynila', 'Bedrooms:', '3', 'Area:', '143 m²', 'Bathrooms:', '3', 'Available from:', '10 Jan']"
"Condo For Rent in 6370, Camia, Makati City",https://lifenavi.com/ph/properties/makati-city/for-rent/condo/fully-furnished-2br-unit-with-balcony-and-parking-for-lease-in-proscenium-residences-ad-109-ln120208,"PHP 150,000/ month","6370, Camia, Makati City, Kalakhang Maynila, 1200",,120 m²,2,2,Available from 10 Jan,,17 Nov 13:11,Housing I.,"['PHP 150,000/ month', '/ month', '6370, Camia, Makati City, Kalakhang Maynila, 1200', 'Bedrooms:', '2', 'Area:', '120 m²', 'Bathrooms:', '2', 'Available from:', '10 Jan']"
Condo For Rent in Taguig,https://lifenavi.com/ph/properties/taguig/for-rent/condo/fully-furnished-2br-unit-for-lease-in-grand-hyatt-residences-ad-108-ln392785,"PHP 180,000/ month","Fort Bonifacio Global City, Taguig",,103 m²,2,2,Available from 10 Dec,,17 Nov 13:11,Housing I.,"['PHP 180,000/ month', '/ month', 'Fort Bonifacio Global City, Taguig', 'Bedrooms:', '2', 'Area:', '103 m²', 'Bathrooms:', '2', 'Available from:', '10 Dec']"
"House and Lot For Sale in Tanjay City, Central Visayas",https://lifenavi.com/ph/properties/tanjay-city/for-sale/house-and-lot/houselot-for-sale-in-luca-tanjay-negros-oriental-ad-107-ln935212,"PHP 33,300,000","Tanjay City, Central Visayas",,440 m²,3,3,Available from 10 Jan,,17 Nov 13:11,Housing I.,"['PHP 33,300,000', 'Tanjay City, Central Visayas', 'Bedrooms:', '3', 'Area:', '440 m²', 'Bathrooms:', '3', 'Available from:', '10 Jan']"
"Condo For Rent in corner, 28th Street, Taguig",https://lifenavi.com/ph/properties/taguig/for-rent/condo/fully-furnished-4br-unit-with-parking-for-lease-in-east-gallery-place-ad-106-ln371146,"PHP 574,500/ month","corner, 28th Street, Taguig, Metro Manila",,338 m²,4,4,Available from 10 Jan,,17 Nov 13:11,Housing I.,"['PHP 574,500/ month', '/ month', 'corner, 28th Street, Taguig, Metro Manila', 'Bedrooms:', '4', 'Area:', '338 m²', 'Bathrooms:', '4', 'Available from:', '10 Jan']"
"Condo For Rent in 30th Street, 1st Avenue, Taguig",https://lifenavi.com/ph/properties/taguig/for-rent/condo/3br-unit-for-leased-in-penhurst-parkplace-ad-105-ln613181,"PHP 100,000/ month","30th Street, 1st Avenue, Taguig, Metro Manila, 1630",,107 m²,3,2,Available from 12 Dec,,17 Nov 13:11,Housing I.,"['PHP 100,000/ month', '/ month', '30th Street, 1st Avenue, Taguig, Metro Manila, 1630', 'Bedrooms:', '3', 'Area:', '107 m²', 'Bathrooms:', '2', 'Available from:', '12 Dec']"
"House and Lot For Sale in Bacong, Central Visayas",https://lifenavi.com/ph/properties/bacong/for-sale/house-and-lot/houselot-for-sale-in-bacong-negros-oriental-ad-104-ln865959,"PHP 11,100,000","Bacong, Central Visayas",,500 m²,3,2,Available from 13 Jan,,17 Nov 13:11,Housing I.,"['PHP 11,100,000', 'Bacong, Central Visayas', 'Bedrooms:', '3', 'Area:', '500 m²', 'Bathrooms:', '2', 'Available from:', '13 Jan']"
"Condo For Rent in Taguig, Metro Manila",https://lifenavi.com/ph/properties/taguig/for-rent/condo/3br-corner-unit-for-rent-west-gallery-place-ad-103-ln977915,"PHP 330,000/ month","Taguig, Metro Manila, 1634",,188 m²,3,3,Available from 25 Oct,,17 Nov 13:11,Housing I.,"['PHP 330,000/ month', '/ month', 'Taguig, Metro Manila, 1634', 'Bedrooms:', '3', 'Area:', '188 m²', 'Bathrooms:', '3', 'Available from:', '25 Oct']"
"House and Lot For Rent in Makati City, Metro Manila",https://lifenavi.com/ph/properties/makati-city/for-rent/house-and-lot/for-lease-4br-house-in-forbes-makati-ad-102-ln130797,"PHP 500,000/ month","Makati City, Metro Manila",,1460 m²,4,4,Available from 13 Jan,,17 Nov 13:11,Housing I.,"['PHP 500,000/ month', '/ month', 'Makati City, Metro Manila', 'Bedrooms:', '4', 'Area:', '1460 m²', 'Bathrooms:', '4', 'Available from:', '13 Jan']"
"Land only For Sale in 1222, Campanilla, Makati City",https://lifenavi.com/ph/properties/makati-city/for-sale/land-only/house-and-lot-for-sale-in-dasmarinas-village-ad-101-ln428187,"PHP 1,156,575,600","1222, Campanilla, Makati City, Metro Manila",,00 m²,5+,6+,Available from 13 Jan,,17 Nov 13:11,Housing I.,"['PHP 1,156,575,600', '1222, Campanilla, Makati City, Metro Manila', 'Bedrooms:', '5+', 'Area:', '00 m²', 'Bathrooms:', '6+', 'Available from:', '13 Jan']"
"Condo For Rent in Makati City, Metro Manila",https://lifenavi.com/ph/properties/makati-city/for-rent/condo/2br-unit-for-lease-in-one-maridien-ad-100-ln533887,"PHP 116,550/ month","Makati City, Metro Manila",,97 m²,2,3,Available from 13 Jan,,17 Nov 13:11,Housing I.,"['PHP 116,550/ month', '/ month', 'Makati City, Metro Manila', 'Bedrooms:', '2', 'Area:', '97 m²', 'Bathrooms:', '3', 'Available from:', '13 Jan']"
"House and Lot For Sale in 13, Lebanon, Manila",https://lifenavi.com/ph/properties/manila/for-sale/house-and-lot/for-sale-house-and-lot-in-better-living-subdivsion-paranaque-ad-99-ln715543,"PHP 28,000,000","13, Lebanon, Manila, Metro Manila",,500 m²,5+,5,Available from 13 Jan,,17 Nov 13:11,Housing I.,"['PHP 28,000,000', '13, Lebanon, Manila, Metro Manila', 'Bedrooms:', '5+', 'Area:', '500 m²', 'Bathrooms:', '5', 'Available from:', '13 Jan']"
"Condo For Rent in Cruzada Street, Makati City",https://lifenavi.com/ph/properties/makati-city/for-rent/condo/fully-furnished-3br-unit-with-parking-for-lease-in-one-roxas-triangle-ad-98-ln311932,"PHP 278,000/ month","Cruzada Street, Makati City, Metro Manila",,309 m²,3,3,Available from 13 Jan,,17 Nov 13:11,Housing I.,"['PHP 278,000/ month', '/ month', 'Cruzada Street, Makati City, Metro Manila', 'Bedrooms:', '3', 'Area:', '309 m²', 'Bathrooms:', '3', 'Available from:', '13 Jan']"
"Condo For Sale in Taguig, Metro Manila",https://lifenavi.com/ph/properties/taguig/for-sale/condo/for-sale-3br-unit-in-crescent-park-residences-ad-97-ln368742,"PHP 34,990,000","Taguig, Metro Manila",,136.04 m²,3,2,Available from 13 Jan,,17 Nov 13:11,Housing I.,"['PHP 34,990,000', 'Taguig, Metro Manila', 'Bedrooms:', '3', 'Area:', '136.04 m²', 'Bathrooms:', '2', 'Available from:', '13 Jan']"
"House and Lot For Sale in Muntinlupa, Metro Manila",https://lifenavi.com/ph/properties/muntinlupa/for-sale/house-and-lot/5br-luxurious-home-for-sale-in-ayala-alabang-village-ad-96-ln905671,"PHP 230,000,000","Muntinlupa, Metro Manila",,622 m²,5+,5,Available from 13 Jan,,17 Nov 13:11,Housing I.,"['PHP 230,000,000', 'Muntinlupa, Metro Manila', 'Bedrooms:', '5+', 'Area:', '622 m²', 'Bathrooms:', '5', 'Available from:', '13 Jan']"
"Condo For Sale in 6370, Camia, Makati City",https://lifenavi.com/ph/properties/makati-city/for-sale/condo/semi-furnished-2br-unit-with-parking-for-sale-in-proscenium-residences-ad-95-ln458946,"PHP 47,000,000","6370, Camia, Makati City, Kalakhang Maynila, 1200",,119 m²,2,2,Available from 13 Jan,,17 Nov 13:11,Housing I.,"['PHP 47,000,000', '6370, Camia, Makati City, Kalakhang Maynila, 1200', 'Bedrooms:', '2', 'Area:', '119 m²', 'Bathrooms:', '2', 'Available from:', '13 Jan']"
"Condo For Rent in 110, Don Carlos Palanca, Makati City",https://lifenavi.com/ph/properties/makati-city/for-rent/condo/2br-unit-for-rent-in-dona-anelas-garden-makati-ad-94-ln314855,"PHP 50,000/ month","110, Don Carlos Palanca, Legazpi Village, Makati City, Kalakhang Maynila, 1229",,135 m²,2,3,Available from 14 Jan,,17 Nov 13:11,Housing I.,"['PHP 50,000/ month', '/ month', '110, Don Carlos Palanca, Legazpi Village, Makati City, Kalakhang Maynila, 1229', 'Bedrooms:', '2', 'Area:', '135 m²', 'Bathrooms:', '3', 'Available from:', '14 Jan']"
"House and Lot For Sale in 10, Ruble, Taytay",https://lifenavi.com/ph/properties/taytay/for-sale/house-and-lot/houselot-for-sale-in-meralco-village-taytay-rizal-ad-93-ln507709,"PHP 10,545,000","10, Ruble, Taytay, Calabarzon, 1920",,288 m²,2,4,Available from 14 Jan,,17 Nov 13:11,Housing I.,"['PHP 10,545,000', '10, Ruble, Taytay, Calabarzon, 1920', 'Bedrooms:', '2', 'Area:', '288 m²', 'Bathrooms:', '4', 'Available from:', '14 Jan']"
"Condo For Rent in 110, Don Carlos Palanca, Makati City",https://lifenavi.com/ph/properties/makati-city/for-rent/condo/1br-unit-for-rent-in-dona-angelas-garden-makati-ad-92-ln116768,"PHP 40,000/ month","110, Don Carlos Palanca, Legazpi Village, Makati City, Kalakhang Maynila, 1229",,155 m²,1,3,Available from 16 Dec,,17 Nov 13:11,Housing I.,"['PHP 40,000/ month', '/ month', '110, Don Carlos Palanca, Legazpi Village, Makati City, Kalakhang Maynila, 1229', 'Bedrooms:', '1', 'Area:', '155 m²', 'Bathrooms:', '3', 'Available from:', '16 Dec']"
"House and Lot For Sale in lot 10, Ponte Verde Drive, Antipolo",https://lifenavi.com/ph/properties/antipolo/for-sale/house-and-lot/houselot-for-sale-in-ponte-verde-subd-antipolo-rizal-ad-91-ln413750,"PHP 44,400,000","lot 10, Ponte Verde Drive, Antipolo, Calabarzon, 1870",,320 m²,4,4,Available from 14 Jan,,17 Nov 13:11,Housing I.,"['PHP 44,400,000', 'lot 10, Ponte Verde Drive, Antipolo, Calabarzon, 1870', 'Bedrooms:', '4', 'Area:', '320 m²', 'Bathrooms:', '4', 'Available from:', '14 Jan']"
"Condo For Rent in cor, 3rd Avenue, Taguig",https://lifenavi.com/ph/properties/taguig/for-rent/condo/fully-furnished-3br-unit-with-parking-for-lease-in-the-suites-ad-90-ln130170,"PHP 470,000/ month","cor, 3rd Avenue, Taguig, Metro Manila",,212 m²,3,3,Available from 14 Jan,,17 Nov 13:11,Housing I.,"['PHP 470,000/ month', '/ month', 'cor, 3rd Avenue, Taguig, Metro Manila', 'Bedrooms:', '3', 'Area:', '212 m²', 'Bathrooms:', '3', 'Available from:', '14 Jan']"
"House and Lot For Sale in Dumaguete City, Central Visayas",https://lifenavi.com/ph/properties/dumaguete-city/for-sale/house-and-lot/houselot-for-sale-in-upper-cantil-e-dumaguete-city-ad-89-ln752866,"PHP 11,655,000","Dumaguete City, Central Visayas",,300 m²,2,2,Available from 14 Jan,,17 Nov 13:11,Housing I.,"['PHP 11,655,000', 'Dumaguete City, Central Visayas', 'Bedrooms:', '2', 'Area:', '300 m²', 'Bathrooms:', '2', 'Available from:', '14 Jan']"
"House and Lot For Sale in 6, Magatas Road, Sibulan",https://lifenavi.com/ph/properties/sibulan/for-sale/house-and-lot/3br-house-for-sale-in-magatas-negros-oriental-ad-88-ln538343,"PHP 13,320,000","6, Magatas Road, Sibulan, Central Visayas",,163.4 m²,3,3,Available from 14 Jan,,17 Nov 13:11,Housing I.,"['PHP 13,320,000', '6, Magatas Road, Sibulan, Central Visayas', 'Bedrooms:', '3', 'Area:', '163.4 m²', 'Bathrooms:', '3', 'Available from:', '14 Jan']"
"Condo For Rent in cor, McKinley Parkway, Taguig",https://lifenavi.com/ph/properties/taguig/for-rent/condo/for-rent-2br-corner-unit-the-trion-towers-ad-87-ln272590,"PHP 50,000/ month","cor, McKinley Parkway, Taguig, Metro Manila",,56 m²,2,2,Available from 14 Jan,,17 Nov 13:10,Housing I.,"['PHP 50,000/ month', '/ month', 'cor, McKinley Parkway, Taguig, Metro Manila', 'Bedrooms:', '2', 'Area:', '56 m²', 'Bathrooms:', '2', 'Available from:', '14 Jan']"
"Condo For Rent in Coronado, Mandaluyong City",https://lifenavi.com/ph/properties/mandaluyong-city/for-rent/condo/2br-condo-unit-for-rent-in-acqua-private-residences-mandaluyong-ad-86-ln707556,"PHP 35,000/ month","Coronado, Mandaluyong City, Metro Manila",,47 m²,2,1,Available from 15 Jan,,17 Nov 13:10,Housing I.,"['PHP 35,000/ month', '/ month', 'Coronado, Mandaluyong City, Metro Manila', 'Bedrooms:', '2', 'Area:', '47 m²', 'Bathrooms:', '1', 'Available from:', '15 Jan']"
"House and Lot For Sale in Upper McKinley Hill, Taguig",https://lifenavi.com/ph/properties/taguig/for-sale/house-and-lot/for-sale-brand-new-5br-house-in-mckinley-hill-village-ad-85-ln201943,"PHP 228,000,000","Upper McKinley Hill, Taguig, Metro Manila",,642 m²,5+,6+,Available from 15 Jan,,17 Nov 13:10,Housing I.,"['PHP 228,000,000', 'Upper McKinley Hill, Taguig, Metro Manila', 'Bedrooms:', '5+', 'Area:', '642 m²', 'Bathrooms:', '6+', 'Available from:', '15 Jan']"
"House and Lot For Sale in San Juan, Central Visayas",https://lifenavi.com/ph/properties/san-juan/for-sale/house-and-lot/guest-house-for-sale-in-solangon-san-juan-siquijor-ad-84-ln785756,"PHP 14,430,000","San Juan, Central Visayas",,800 m²,5+,6+,Available from 16 Jan,,17 Nov 13:10,Housing I.,"['PHP 14,430,000', 'San Juan, Central Visayas', 'Bedrooms:', '5+', 'Area:', '800 m²', 'Bathrooms:', '6+', 'Available from:', '16 Jan']"
"Condo For Sale in 120, Rada, Makati City",https://lifenavi.com/ph/properties/makati-city/for-sale/condo/fully-furnished-1br-unit-with-parking-for-sale-in-one-legaspi-park-ad-83-ln240789,"PHP 21,312,000","120, Rada, Legazpi Village, Makati City, Metro Manila, 1200",,73.3 m²,1,1,Available from 16 Jan,,17 Nov 13:10,Housing I.,"['PHP 21,312,000', '120, Rada, Legazpi Village, Makati City, Metro Manila, 1200', 'Bedrooms:', '1', 'Area:', '73.3 m²', 'Bathrooms:', '1', 'Available from:', '16 Jan']"
"Condo For Sale in 50, West Capitol Drive, Pasig",https://lifenavi.com/ph/properties/pasig/for-sale/condo/2br-unit-for-sale-in-the-vantage-ad-82-ln542660,"PHP 14,430,000","50, West Capitol Drive, Pasig, Metro Manila, 1603",,60 m²,2,2,Available from 16 Jan,,17 Nov 13:10,Housing I.,"['PHP 14,430,000', '50, West Capitol Drive, Pasig, Metro Manila, 1603', 'Bedrooms:', '2', 'Area:', '60 m²', 'Bathrooms:', '2', 'Available from:', '16 Jan']"
"House and Lot For Sale in 31, Buenconsejo, Mandaluyong City",https://lifenavi.com/ph/properties/mandaluyong-city/for-sale/house-and-lot/town-house-for-sale-in-buenconsejo-st-mandaluyong-city-ad-81-ln782824,"PHP 22,200,000","31, Buenconsejo, Mandaluyong City, Kalakhang Maynila, 1550",,185 m²,3,3,Available from 16 Jan,,17 Nov 13:10,Housing I.,"['PHP 22,200,000', '31, Buenconsejo, Mandaluyong City, Kalakhang Maynila, 1550', 'Bedrooms:', '3', 'Area:', '185 m²', 'Bathrooms:', '3', 'Available from:', '16 Jan']"
"Condo For Rent in Forbestown Road, Taguig",https://lifenavi.com/ph/properties/taguig/for-rent/condo/3br-unit-for-lease-in-forbestown-road-ad-80-ln600495,"PHP 199,800/ month","Forbestown Road, Taguig, Metro Manila",,156 m²,3,2,Available from 16 Jan,,17 Nov 13:10,Housing I.,"['PHP 199,800/ month', '/ month', 'Forbestown Road, Taguig, Metro Manila', 'Bedrooms:', '3', 'Area:', '156 m²', 'Bathrooms:', '2', 'Available from:', '16 Jan']"
"House and Lot For Rent in 2, Upper McKinley Hill, Taguig",https://lifenavi.com/ph/properties/taguig/for-rent/house-and-lot/house-for-rent-in-mckinley-hill-village-ad-79-ln257538,"PHP 277,500/ month","2, Upper McKinley Hill, Taguig, Metro Manila",,350 m²,3,4,Available from 16 Jan,,17 Nov 13:10,Housing I.,"['PHP 277,500/ month', '/ month', '2, Upper McKinley Hill, Taguig, Metro Manila', 'Bedrooms:', '3', 'Area:', '350 m²', 'Bathrooms:', '4', 'Available from:', '16 Jan']"
"Condo For Sale in 1, 8th Avenue, Makati City",https://lifenavi.com/ph/properties/makati-city/for-sale/condo/3br-unit-for-lease-in-uptown-parksuites-ad-78-ln783326,"PHP 38,850,000","1, 8th Avenue, Makati City, Metro Manila",,122 m²,3,4,Available from 16 Jan,,17 Nov 13:10,Housing I.,"['PHP 38,850,000', '1, 8th Avenue, Makati City, Metro Manila', 'Bedrooms:', '3', 'Area:', '122 m²', 'Bathrooms:', '4', 'Available from:', '16 Jan']"
"Condo For Rent in Jackson Avenue, Parañaque",https://lifenavi.com/ph/properties/paranaque/for-rent/condo/3br-unit-for-rent-in-oak-harbor-aston-ad-77-ln274982,"PHP 166,500/ month","Jackson Avenue, Parañaque, Metro Manila",,200 m²,4,4,Available from 16 Jan,,17 Nov 13:10,Housing I.,"['PHP 166,500/ month', '/ month', 'Jackson Avenue, Parañaque, Metro Manila', 'Bedrooms:', '4', 'Area:', '200 m²', 'Bathrooms:', '4', 'Available from:', '16 Jan']"
"Condo For Sale in Taguig, Metro Manila",https://lifenavi.com/ph/properties/taguig/for-sale/condo/2br-unit-for-sale-in-west-gallery-place-ad-76-ln765611,"PHP 51,060,000","Taguig, Metro Manila, 1634",,92 m²,2,2,Available from 16 Jan,,17 Nov 13:10,Housing I.,"['PHP 51,060,000', 'Taguig, Metro Manila, 1634', 'Bedrooms:', '2', 'Area:', '92 m²', 'Bathrooms:', '2', 'Available from:', '16 Jan']"
"Condo For Rent in 14F, West Street, Makati City",https://lifenavi.com/ph/properties/makati-city/for-rent/condo/3br-unit-for-rent-in-park-residences-ad-75-ln295993,"PHP 277,500/ month","14F, West Street, Makati City, Metro Manila",,176 m²,3,2,Available from 16 Jan,,17 Nov 13:10,Housing I.,"['PHP 277,500/ month', '/ month', '14F, West Street, Makati City, Metro Manila', 'Bedrooms:', '3', 'Area:', '176 m²', 'Bathrooms:', '2', 'Available from:', '16 Jan']"
"Condo For Rent in 1, 8th Avenue, Makati City",https://lifenavi.com/ph/properties/makati-city/for-rent/condo/3br-unit-for-rent-in-uptown-parksuites-ad-74-ln555909,"PHP 122,100/ month","1, 8th Avenue, Makati City, Metro Manila",,96 m²,3,2,Available from 16 Jan,,17 Nov 13:10,Housing I.,"['PHP 122,100/ month', '/ month', '1, 8th Avenue, Makati City, Metro Manila', 'Bedrooms:', '3', 'Area:', '96 m²', 'Bathrooms:', '2', 'Available from:', '16 Jan']"
"Condo For Sale in corner, 28th Street, Taguig",https://lifenavi.com/ph/properties/taguig/for-sale/condo/3br-unit-for-rent-in-east-gallery-place-ad-73-ln299665,"PHP 105,450,000","corner, 28th Street, Taguig, Metro Manila",,193 m²,3,3,Available from 16 Jan,,17 Nov 13:10,Housing I.,"['PHP 105,450,000', 'corner, 28th Street, Taguig, Metro Manila', 'Bedrooms:', '3', 'Area:', '193 m²', 'Bathrooms:', '3', 'Available from:', '16 Jan']"
"Condo For Sale in 1634, McKinley Parkway, Taguig",https://lifenavi.com/ph/properties/taguig/for-sale/condo/2br-unit-for-sale-in-two-serendra-ad-72-ln386099,"PHP 23,310,000","1634, McKinley Parkway, Taguig, Metro Manila",,84 m²,2,2,Available from 16 Jan,,17 Nov 13:10,Housing I.,"['PHP 23,310,000', '1634, McKinley Parkway, Taguig, Metro Manila', 'Bedrooms:', '2', 'Area:', '84 m²', 'Bathrooms:', '2', 'Available from:', '16 Jan']"
"Condo For Rent in #2811, 26th Street, Makati City",https://lifenavi.com/ph/properties/makati-city/for-rent/condo/2br-unit-for-rent-in-verve-residences-ad-71-ln126816,"PHP 144,300/ month","#2811, 26th Street, Makati City, Metro Manila, 1630",,97 m²,2,2,Available from 16 Jan,,17 Nov 13:10,Housing I.,"['PHP 144,300/ month', '/ month', '#2811, 26th Street, Makati City, Metro Manila, 1630', 'Bedrooms:', '2', 'Area:', '97 m²', 'Bathrooms:', '2', 'Available from:', '16 Jan']"
"Condo For Sale in Agham Road, Quezon City",https://lifenavi.com/ph/properties/quezon-city/for-sale/condo/2br-unit-for-sale-in-high-park-ad-70-ln614292,"PHP 21,645,000","Agham Road, Diliman, Quezon City, Metro Manila",,88 m²,2,2,Available from 16 Jan,,17 Nov 13:10,Housing I.,"['PHP 21,645,000', 'Agham Road, Diliman, Quezon City, Metro Manila', 'Bedrooms:', '2', 'Area:', '88 m²', 'Bathrooms:', '2', 'Available from:', '16 Jan']"
"Condo For Rent in #2811, 26th Street, Makati City",https://lifenavi.com/ph/properties/makati-city/for-rent/condo/2br-unit-for-rent-in-verve-residences-ad-69-ln191512,"PHP 122,100/ month","#2811, 26th Street, Makati City, Metro Manila, 1630",,102 m²,2,2,Available from 16 Jan,,17 Nov 13:10,Housing I.,"['PHP 122,100/ month', '/ month', '#2811, 26th Street, Makati City, Metro Manila, 1630', 'Bedrooms:', '2', 'Area:', '102 m²', 'Bathrooms:', '2', 'Available from:', '16 Jan']"
"Condo For Sale in 8333, Doctor Arcadio Santos Avenue, Parañaque",https://lifenavi.com/ph/properties/paranaque/for-sale/condo/a-fully-furnished-1-bedroom-unit-for-sale-in-amaia-steps-paranaque-ad-68-ln514445,"PHP 4,500,000","8333, Doctor Arcadio Santos Avenue, Parañaque, Metro Manila, 1715",,35 m²,1,1,Available from 16 Jan,,17 Nov 13:10,Housing I.,"['PHP 4,500,000', '8333, Doctor Arcadio Santos Avenue, Parañaque, Metro Manila, 1715', 'Bedrooms:', '1', 'Area:', '35 m²', 'Bathrooms:', '1', 'Available from:', '16 Jan']"
"Condo For Rent in Muntinlupa, Metro Manila",https://lifenavi.com/ph/properties/muntinlupa/for-rent/condo/newly-built-modern-house-for-rent-in-ayala-alabang-village-ad-67-ln356148,"PHP 450,000/ month","Muntinlupa, Metro Manila",,850 m²,4,4,Available from 16 Jan,,17 Nov 13:10,Housing I.,"['PHP 450,000/ month', '/ month', 'Muntinlupa, Metro Manila', 'Bedrooms:', '4', 'Area:', '850 m²', 'Bathrooms:', '4', 'Available from:', '16 Jan']"
"House and Lot For Sale in Saint Paul Road, Dumaguete City",https://lifenavi.com/ph/properties/dumaguete-city/for-sale/house-and-lot/house-and-lot-for-sale-in-dumaguete-city-negros-oriental-ad-66-ln569433,"PHP 17,000,000","Saint Paul Road, Dumaguete City, Central Visayas",,2777 m²,4,2,Available from 16 Jan,,17 Nov 13:10,Housing I.,"['PHP 17,000,000', 'Saint Paul Road, Dumaguete City, Central Visayas', 'Bedrooms:', '4', 'Area:', '2777 m²', 'Bathrooms:', '2', 'Available from:', '16 Jan']"
Land only For Sale in Quezon Province,https://lifenavi.com/ph/properties/quezon-province/for-sale/land-only/lot-for-sale-in-real-quezon-province-ad-65-ln316383,"PHP 99,900,000",,,N/A,N/A,N/A,Available from 17 Jan,,17 Nov 13:10,Housing I.,"['PHP 99,900,000', 'Quezon Province', 'Bedrooms:', 'N/A', 'Area:', 'N/A', 'Bathrooms:', 'N/A', 'Available from:', '17 Jan']"
"House and Lot For Rent in 1022, Antonio S Arnaiz Avenue, Makati City",https://lifenavi.com/ph/properties/makati-city/for-rent/house-and-lot/house-for-rent-in-dasmarinas-village-makati-city-ad-64-ln343975,"PHP 777,000/ month","1022, Antonio S Arnaiz Avenue, Makati City, Metro Manila, 1224",,767 m²,5+,6+,Available from 17 Jan,,17 Nov 13:10,Housing I.,"['PHP 777,000/ month', '/ month', '1022, Antonio S Arnaiz Avenue, Makati City, Metro Manila, 1224', 'Bedrooms:', '5+', 'Area:', '767 m²', 'Bathrooms:', '6+', 'Available from:', '17 Jan']"
"Condo For Rent in 1, 8th Avenue, Makati City",https://lifenavi.com/ph/properties/makati-city/for-rent/condo/2br-unit-for-rent-in-uptown-parksuites-ad-63-ln445688,"PHP 122,100/ month","1, 8th Avenue, Makati City, Metro Manila",,74.5 m²,2,2,Available from 17 Jan,,17 Nov 13:10,Housing I.,"['PHP 122,100/ month', '/ month', '1, 8th Avenue, Makati City, Metro Manila', 'Bedrooms:', '2', 'Area:', '74.5 m²', 'Bathrooms:', '2', 'Available from:', '17 Jan']"
"Condo For Rent in 2021, 9th Avenue, Makati City",https://lifenavi.com/ph/properties/makati-city/for-rent/condo/2br-unit-for-rent-in-uptown-ritz-residences-ad-62-ln153527,"PHP 138,750/ month","2021, 9th Avenue, Makati City, Metro Manila",,90 m²,2,2,Available from 17 Jan,,17 Nov 13:09,Housing I.,"['PHP 138,750/ month', '/ month', '2021, 9th Avenue, Makati City, Metro Manila', 'Bedrooms:', '2', 'Area:', '90 m²', 'Bathrooms:', '2', 'Available from:', '17 Jan']"
"House and Lot For Sale in 3, A. Dalisay, Parañaque",https://lifenavi.com/ph/properties/paranaque/for-sale/house-and-lot/houselot-for-sale-in-bf-homes-paranaque-city-ad-61-ln949642,"PHP 51,060,000","3, A. Dalisay, Parañaque, Kalakhang Maynila, 1700",,375 m²,5+,5,Available from 17 Jan,,17 Nov 13:09,Housing I.,"['PHP 51,060,000', '3, A. Dalisay, Parañaque, Kalakhang Maynila, 1700', 'Bedrooms:', '5+', 'Area:', '375 m²', 'Bathrooms:', '5', 'Available from:', '17 Jan']"
"Condo For Rent in Estrella, Makati City",https://lifenavi.com/ph/properties/makati-city/for-rent/condo/fully-furnished-2br-unit-for-lease-in-proscenium-at-rockwell-ad-60-ln996704,"PHP 140,000/ month","Estrella, Makati City, Metro Manila",,128 m²,2,2,Available from 5 Dec,,17 Nov 13:09,Housing I.,"['PHP 140,000/ month', '/ month', 'Estrella, Makati City, Metro Manila', 'Bedrooms:', '2', 'Area:', '128 m²', 'Bathrooms:', '2', 'Available from:', '5 Dec']"
"Condo For Rent in Estrella, Makati City",https://lifenavi.com/ph/properties/makati-city/for-rent/condo/fully-furnished-2br-unit-with-balcony-and-parking-for-leasesale-in-proscenium-at-rockwell-ad-59-ln542385,"PHP 135,000/ month","Estrella, Makati City, Metro Manila",,93 m²,2,2,Available from 17 Jan,,17 Nov 13:09,Housing I.,"['PHP 135,000/ month', '/ month', 'Estrella, Makati City, Metro Manila', 'Bedrooms:', '2', 'Area:', '93 m²', 'Bathrooms:', '2', 'Available from:', '17 Jan']"
"House and Lot For Sale in Epifanio de los Santos Avenue, Makati City",https://lifenavi.com/ph/properties/makati-city/for-sale/house-and-lot/houselot-for-sale-in-forbes-park-makati-ad-58-ln683661,"PHP 1,332,000,000","Epifanio de los Santos Avenue, Makati City, Metro Manila",,00 m²,Studio,1,Available from 20 Jan,,17 Nov 13:09,Housing I.,"['PHP 1,332,000,000', 'Epifanio de los Santos Avenue, Makati City, Metro Manila', 'Bedrooms:', 'Studio', 'Area:', '00 m²', 'Bathrooms:', '1', 'Available from:', '20 Jan']"
"House and Lot For Sale in 3, A. Dalisay, Parañaque",https://lifenavi.com/ph/properties/paranaque/for-sale/house-and-lot/houselot-for-sale-in-bf-homes-paranaque-city-ad-57-ln457447,"PHP 24,420,000","3, A. Dalisay, Parañaque, Kalakhang Maynila, 1700",,150 m²,3,2,Available from 20 Jan,,17 Nov 13:09,Housing I.,"['PHP 24,420,000', '3, A. Dalisay, Parañaque, Kalakhang Maynila, 1700', 'Bedrooms:', '3', 'Area:', '150 m²', 'Bathrooms:', '2', 'Available from:', '20 Jan']"
"Condo For Sale in Mandaue, Central Visayas",https://lifenavi.com/ph/properties/mandaue/for-sale/condo/2br-unit-for-sale-in-mandani-bay-cebu-city-ad-56-ln522458,"PHP 17,760,000","Mandaue, Central Visayas",,62.2 m²,2,1,Available from 20 Jan,,17 Nov 13:09,Housing I.,"['PHP 17,760,000', 'Mandaue, Central Visayas', 'Bedrooms:', '2', 'Area:', '62.2 m²', 'Bathrooms:', '1', 'Available from:', '20 Jan']"
"Condo For Rent in Pasig, Metro Manila",https://lifenavi.com/ph/properties/pasig/for-rent/condo/for-rent-1br-royalton-in-capital-commons-ad-55-ln570665,"PHP 55,000/ month","Pasig, Metro Manila",,73 m²,1,1,Available from 8 Nov,,17 Nov 13:09,Housing I.,"['PHP 55,000/ month', '/ month', 'Pasig, Metro Manila', 'Bedrooms:', '1', 'Area:', '73 m²', 'Bathrooms:', '1', 'Available from:', '8 Nov']"
"Condo For Rent in 32nd Street, Taguig",https://lifenavi.com/ph/properties/taguig/for-rent/condo/for-lease-2br-f1-hotel-manila-ad-54-ln265326,"PHP 76,000/ month","32nd Street, Taguig, Metro Manila",,102.4 m²,2,2,Available from 31 Oct,,17 Nov 13:09,Housing I.,"['PHP 76,000/ month', '/ month', '32nd Street, Taguig, Metro Manila', 'Bedrooms:', '2', 'Area:', '102.4 m²', 'Bathrooms:', '2', 'Available from:', '31 Oct']"
Condo For Rent in Makati City,https://lifenavi.com/ph/properties/makati-city/for-rent/condo/for-rent-1br-wbalcony-one-rockwell-ad-53-ln889403,"PHP 60,000/ month","Rockwell Center, Makati City",,59 m²,1,1,Available from 20 Jan,,17 Nov 13:09,Housing I.,"['PHP 60,000/ month', '/ month', 'Rockwell Center, Makati City', 'Bedrooms:', '1', 'Area:', '59 m²', 'Bathrooms:', '1', 'Available from:', '20 Jan']"
"Condo For Rent in 106, Don Carlos Palanca, Makati City",https://lifenavi.com/ph/properties/makati-city/for-rent/condo/fancy-studio-unit-for-rent-in-greenbelt-excelsior-ad-52-ln539106,"PHP 24,750/ month","106, Don Carlos Palanca, Legazpi Village, Makati City, Kalakhang Maynila, 1229",,36 m²,Studio,1,Available from 15 Jan,,17 Nov 13:09,Housing I.,"['PHP 24,750/ month', '/ month', '106, Don Carlos Palanca, Legazpi Village, Makati City, Kalakhang Maynila, 1229', 'Bedrooms:', 'Studio', 'Area:', '36 m²', 'Bathrooms:', '1', 'Available from:', '15 Jan']"
"Condo For Rent in Burgos Circle, Taguig",https://lifenavi.com/ph/properties/taguig/for-rent/condo/fully-furnished-1br-unit-with-parking-for-lease-in-bellagio-1-ad-51-ln249590,"PHP 100,000/ month","Burgos Circle, Taguig, Metro Manila",,93 m²,1,1,Available from 21 Jan,,17 Nov 13:09,Housing I.,"['PHP 100,000/ month', '/ month', 'Burgos Circle, Taguig, Metro Manila', 'Bedrooms:', '1', 'Area:', '93 m²', 'Bathrooms:', '1', 'Available from:', '21 Jan']"
"Condo For Rent in Makati City, Metro Manila",https://lifenavi.com/ph/properties/makati-city/for-rent/condo/fully-furnished-2br-unit-with-balcony-and-parking-for-lease-in-park-west-ad-50-ln153017,"PHP 145,000/ month","Makati City, Metro Manila",,106 m²,2,2,Available from 21 Jan,,17 Nov 13:09,Housing I.,"['PHP 145,000/ month', '/ month', 'Makati City, Metro Manila', 'Bedrooms:', '2', 'Area:', '106 m²', 'Bathrooms:', '2', 'Available from:', '21 Jan']"
"Condo For Rent in 26th Street, Taguig",https://lifenavi.com/ph/properties/taguig/for-rent/condo/for-rent-1br-wbalcony-icon-plaza-ad-49-ln322104,"PHP 60,000/ month","26th Street, Taguig, Metro Manila",,60 m²,1,1,Available from 24 Apr,,17 Nov 13:09,Housing I.,"['PHP 60,000/ month', '/ month', '26th Street, Taguig, Metro Manila', 'Bedrooms:', '1', 'Area:', '60 m²', 'Bathrooms:', '1', 'Available from:', '24 Apr']"
"House and Lot For Rent in 5, A. Roxas Chua Circle, Muntinlupa",https://lifenavi.com/ph/properties/muntinlupa/for-rent/house-and-lot/5-bedroom-house-for-rent-at-alabang-muntinlupa-ad-48-ln833689,"PHP 360,000/ month","5, A. Roxas Chua Circle, Alabang, Muntinlupa, Metro Manila, 1770",,700 m²,5+,6+,Available from 21 Jan,,17 Nov 13:09,Housing I.,"['PHP 360,000/ month', '/ month', '5, A. Roxas Chua Circle, Alabang, Muntinlupa, Metro Manila, 1770', 'Bedrooms:', '5+', 'Area:', '700 m²', 'Bathrooms:', '6+', 'Available from:', '21 Jan']"
"House and Lot For Sale in A. Bonifacio, Taguig",https://lifenavi.com/ph/properties/taguig/for-sale/house-and-lot/house-and-lot-for-sale-in-afpovai-phase-4-taguig-ad-47-ln654178,"PHP 86,580,000","A. Bonifacio, Taguig, Kalakhang Maynila, 1630",,435.06 m²,4,4,Available from 21 Jan,,17 Nov 13:09,Housing I.,"['PHP 86,580,000', 'A. Bonifacio, Taguig, Kalakhang Maynila, 1630', 'Bedrooms:', '4', 'Area:', '435.06 m²', 'Bathrooms:', '4', 'Available from:', '21 Jan']"
"Condo For Rent in 4th Avenue, Makati City",https://lifenavi.com/ph/properties/makati-city/for-rent/condo/bare-3br-unit-with-parking-for-lease-in-pacific-plaza-towers-ad-46-ln902093,"PHP 250,000/ month","4th Avenue, Makati City, Metro Manila",,303 m²,3,3,Available from 21 Jan,,17 Nov 13:09,Housing I.,"['PHP 250,000/ month', '/ month', '4th Avenue, Makati City, Metro Manila', 'Bedrooms:', '3', 'Area:', '303 m²', 'Bathrooms:', '3', 'Available from:', '21 Jan']"
"Condo For Rent in 6, Service Road, Pasay City",https://lifenavi.com/ph/properties/pasay-city/for-rent/condo/fully-furnished-2br-unit-with-balcony-for-rent-in-coast-residences-ad-45-ln240907,"PHP 25,000/ month","6, Service Road, Pasay City, Metro Manila",,26.36 m²,2,2,Available from 22 Jan,,17 Nov 13:09,Housing I.,"['PHP 25,000/ month', '/ month', '6, Service Road, Pasay City, Metro Manila', 'Bedrooms:', '2', 'Area:', '26.36 m²', 'Bathrooms:', '2', 'Available from:', '22 Jan']"
"House and Lot For Sale in Sun Valley East Drive, Antipolo",https://lifenavi.com/ph/properties/antipolo/for-sale/house-and-lot/fully-furnished-bungalow-house-and-lot-for-sale-in-sun-valley-estate-antipolo-city-ad-44-ln385380,"PHP 24,420,000","Sun Valley East Drive, Antipolo, Calabarzon, 1870",,250 m²,3,2,Available from 22 Jan,,17 Nov 13:09,Housing I.,"['PHP 24,420,000', 'Sun Valley East Drive, Antipolo, Calabarzon, 1870', 'Bedrooms:', '3', 'Area:', '250 m²', 'Bathrooms:', '2', 'Available from:', '22 Jan']"
"Condo For Rent in 6370, Camia, Makati City",https://lifenavi.com/ph/properties/makati-city/for-rent/condo/fully-furnished-2br-unit-with-parking-for-lease-in-proscenium-residences-ad-43-ln919058,"PHP 155,000/ month","6370, Camia, Makati City, Kalakhang Maynila, 1200",,119 m²,2,2,Available from 22 Jan,,17 Nov 13:09,Housing I.,"['PHP 155,000/ month', '/ month', '6370, Camia, Makati City, Kalakhang Maynila, 1200', 'Bedrooms:', '2', 'Area:', '119 m²', 'Bathrooms:', '2', 'Available from:', '22 Jan']"
"Condo For Rent in 109, L.P. Leviste Street, Makati City",https://lifenavi.com/ph/properties/makati-city/for-rent/condo/furnished-3br-unit-for-lease-in-the-ellis-ad-42-ln578708,"PHP 100,000/ month","109, L.P. Leviste Street, Makati City, Metro Manila, 1227",,110 m²,3,4,Available from 23 Jan,,17 Nov 13:09,Housing I.,"['PHP 100,000/ month', '/ month', '109, L.P. Leviste Street, Makati City, Metro Manila, 1227', 'Bedrooms:', '3', 'Area:', '110 m²', 'Bathrooms:', '4', 'Available from:', '23 Jan']"
"Condo For Sale in Taguig, Metro Manila",https://lifenavi.com/ph/properties/taguig/for-sale/condo/fully-furnished-2br-unit-with-parking-for-sale-in-grand-hyatt-residences-ad-41-ln586112,"PHP 58,000,000","Taguig, Metro Manila",,133 m²,2,2,Available from 5 Feb,,17 Nov 13:09,Housing I.,"['PHP 58,000,000', 'Taguig, Metro Manila', 'Bedrooms:', '2', 'Area:', '133 m²', 'Bathrooms:', '2', 'Available from:', '5 Feb']"
"Condo For Rent in 25th Street, Taguig",https://lifenavi.com/ph/properties/taguig/for-rent/condo/fully-furnished-3br-unit-with-parking-for-lease-in-one-mckinley-place-ad-40-ln619186,"PHP 200,000/ month","25th Street, Taguig, Metro Manila",,186 m²,3,3,Available from 16 Dec,,17 Nov 13:09,Housing I.,"['PHP 200,000/ month', '/ month', '25th Street, Taguig, Metro Manila', 'Bedrooms:', '3', 'Area:', '186 m²', 'Bathrooms:', '3', 'Available from:', '16 Dec']"
"Condo For Rent in Rockwell Drive, Makati City",https://lifenavi.com/ph/properties/makati-city/for-rent/condo/fully-furnished-2br-unit-with-parking-for-lease-in-edades-tower-ad-39-ln643116,"PHP 120,000/ month","Rockwell Drive, Makati City, Metro Manila",,96 m²,2,2,Available from 3 Mar,,17 Nov 13:09,Housing I.,"['PHP 120,000/ month', '/ month', 'Rockwell Drive, Makati City, Metro Manila', 'Bedrooms:', '2', 'Area:', '96 m²', 'Bathrooms:', '2', 'Available from:', '3 Mar']"
"Condo For Rent in Taguig, Metro Manila",https://lifenavi.com/ph/properties/taguig/for-rent/condo/fully-furnished-2br-unit-with-parking-for-lease-in-west-gallery-place-ad-38-ln299829,"PHP 160,000/ month","Taguig, Metro Manila, 1634",,93 m²,2,2,Available from 5 Mar,,17 Nov 13:08,Housing I.,"['PHP 160,000/ month', '/ month', 'Taguig, Metro Manila, 1634', 'Bedrooms:', '2', 'Area:', '93 m²', 'Bathrooms:', '2', 'Available from:', '5 Mar']"
"Condo For Rent in Estrella, Makati City",https://lifenavi.com/ph/properties/makati-city/for-rent/condo/fully-furnished-2br-unit-with-balcony-and-parking-for-lease-in-proscenium-at-rockwell-ad-37-ln568176,"PHP 160,000/ month","Estrella, Makati City, Metro Manila",,118 m²,2,2,Available from 26 Mar,,17 Nov 13:08,Housing I.,"['PHP 160,000/ month', '/ month', 'Estrella, Makati City, Metro Manila', 'Bedrooms:', '2', 'Area:', '118 m²', 'Bathrooms:', '2', 'Available from:', '26 Mar']"
Condo For Sale in Pasay,https://lifenavi.com/ph/properties/pasay/for-sale/condo/bare-2br-unit-for-sale-at-mi-casa-hawaii-tower-pasay-city-ad-36-ln987160,"PHP 21,380,000","Metro Park, Pasay",,64 m²,2,N/A,Available from 7 Apr,,17 Nov 13:08,Housing I.,"['PHP 21,380,000', 'Metro Park, Pasay', 'Bedrooms:', '2', 'Area:', '64 m²', 'Bathrooms:', 'N/A', 'Available from:', '7 Apr']"
"Condo For Rent in San Agustin Street, Makati City",https://lifenavi.com/ph/properties/makati-city/for-rent/condo/fully-furnished-3br-unit-with-parking-for-lease-in-escala-salcedo-ad-35-ln778519,"PHP 250,000/ month","San Agustin Street, Makati City, Metro Manila",,238 m²,3,3,Available from 26 Nov,,17 Nov 13:08,Housing I.,"['PHP 250,000/ month', '/ month', 'San Agustin Street, Makati City, Metro Manila', 'Bedrooms:', '3', 'Area:', '238 m²', 'Bathrooms:', '3', 'Available from:', '26 Nov']"
Condo For Sale in Manila,https://lifenavi.com/ph/properties/manila/for-sale/condo/1br-unit-for-sale-at-siena-towers-tower-2-ad-28-ln236217,"PHP 5,355,300","Marikina City, Manila",,29 m²,1,N/A,Available from 10 Jul,,17 Nov 13:08,Housing I.,"['PHP 5,355,300', 'Marikina City, Manila', 'Bedrooms:', '1', 'Area:', '29 m²', 'Bathrooms:', 'N/A', 'Available from:', '10 Jul']"
Condo For Sale in Pasay,https://lifenavi.com/ph/properties/pasay/for-sale/condo/bare-3br-unit-for-sale-at-mi-casa-hawaii-tower-pasay-city-ad-27-ln117898,"PHP 37,040,000","Metro Park, Pasay",,116 m²,3,N/A,Available from 15 Jul,,17 Nov 13:08,Housing I.,"['PHP 37,040,000', 'Metro Park, Pasay', 'Bedrooms:', '3', 'Area:', '116 m²', 'Bathrooms:', 'N/A', 'Available from:', '15 Jul']"
"Condo For Sale in Estrella, Makati City",https://lifenavi.com/ph/properties/makati-city/for-sale/condo/fully-furnished-3br-unit-with-parking-for-sale-in-proscenium-at-rockwell-ad-25-ln208551,"PHP 90,000,000","Estrella, Makati City, Metro Manila",,224 m²,3,3,Available from 17 Jul,,17 Nov 13:08,Housing I.,"['PHP 90,000,000', 'Estrella, Makati City, Metro Manila', 'Bedrooms:', '3', 'Area:', '224 m²', 'Bathrooms:', '3', 'Available from:', '17 Jul']"
Condo For Sale in Pasay,https://lifenavi.com/ph/properties/pasay/for-sale/condo/bare-2br-unit-for-sale-at-mi-casa-hawaii-tower-pasay-city-ad-21-ln750133,"PHP 19,610,000","Metro Park, Pasay",,63.5 m²,2,N/A,Available from 21 Jul,,17 Nov 13:08,Housing I.,"['PHP 19,610,000', 'Metro Park, Pasay', 'Bedrooms:', '2', 'Area:', '63.5 m²', 'Bathrooms:', 'N/A', 'Available from:', '21 Jul']"
"Condo For Rent in 1634, 11th Avenue, Taguig",https://lifenavi.com/ph/properties/taguig/for-rent/condo/furnished-3br-unit-with-parking-for-lease-in-one-serendra-ad-20-ln764764,"PHP 230,000/ month","1634, 11th Avenue, Taguig, Metro Manila",,180 m²,3,3,Available from 8 Aug,,17 Nov 13:08,Housing I.,"['PHP 230,000/ month', '/ month', '1634, 11th Avenue, Taguig, Metro Manila', 'Bedrooms:', '3', 'Area:', '180 m²', 'Bathrooms:', '3', 'Available from:', '8 Aug']"
"Condo For Sale in Le Grand Avenue, Taguig",https://lifenavi.com/ph/properties/taguig/for-sale/condo/brandnew-1br-unit-for-sale-in-park-mckinley-west-ad-19-ln290619,"PHP 13,875,000","Le Grand Avenue, McKinley West, Taguig, Metro Manila",,35 m²,1,1,Available from 4 Sep,,17 Nov 13:08,Housing I.,"['PHP 13,875,000', 'Le Grand Avenue, McKinley West, Taguig, Metro Manila', 'Bedrooms:', '1', 'Area:', '35 m²', 'Bathrooms:', '1', 'Available from:', '4 Sep']"
"House and Lot For Sale in Durian, Las Piñas",https://lifenavi.com/ph/properties/las-pinas/for-sale/house-and-lot/single-attached-townhouse-for-sale-in-almanza-uno-las-pinas-ad-18-ln982809,"PHP 10,500,000","Durian, Almanza 1, Las Piñas, Metro Manila, 1750",,144.22 m²,3,3,Available from 5 Nov,,17 Nov 13:08,Housing I.,"['PHP 10,500,000', 'Durian, Almanza 1, Las Piñas, Metro Manila, 1750', 'Bedrooms:', '3', 'Area:', '144.22 m²', 'Bathrooms:', '3', 'Available from:', '5 Nov']"
"Condo For Rent in 1634, 11th Avenue, Taguig",https://lifenavi.com/ph/properties/taguig/for-rent/condo/special-fully-furnished-2br-unit-in-one-serendra-for-lease-ad-17-ln894871,"PHP 175,000/ month","1634, 11th Avenue, Taguig, Metro Manila",,138 m²,2,2,Available from 17 Jul,,17 Nov 13:08,Housing I.,"['PHP 175,000/ month', '/ month', '1634, 11th Avenue, Taguig, Metro Manila', 'Bedrooms:', '2', 'Area:', '138 m²', 'Bathrooms:', '2', 'Available from:', '17 Jul']"
"Condo For Rent in Rockwell Drive, Makati City",https://lifenavi.com/ph/properties/makati-city/for-rent/condo/for-rent-2br-unit-edades-tower-makati-ad-16-ln854900,"PHP 110,000/ month","Rockwell Drive, Makati City, Metro Manila",,98 m²,2,1,Available from 25 Jul,,17 Nov 13:08,Housing I.,"['PHP 110,000/ month', '/ month', 'Rockwell Drive, Makati City, Metro Manila', 'Bedrooms:', '2', 'Area:', '98 m²', 'Bathrooms:', '1', 'Available from:', '25 Jul']"
"Condo For Rent in 14F, West Street, Makati City",https://lifenavi.com/ph/properties/makati-city/for-rent/condo/fully-furnished-1br-unit-in-park-terraces-for-rent-ad-15-ln503945,"PHP 100,000/ month","14F, West Street, Makati City, Metro Manila",,75 m²,1,1,Available from 1 Apr,,17 Nov 13:08,Housing I.,"['PHP 100,000/ month', '/ month', '14F, West Street, Makati City, Metro Manila', 'Bedrooms:', '1', 'Area:', '75 m²', 'Bathrooms:', '1', 'Available from:', '1 Apr']"
"Condo For Rent in 2016, 9th Avenue, Makati City",https://lifenavi.com/ph/properties/makati-city/for-rent/condo/one-bedroom-for-rent-at-one-uptown-residences-ad-14-ln167376,"PHP 35,000/ month","2016, 9th Avenue, Makati City, Metro Manila, 1634",,34.6 m²,1,1,Available from 11 Nov,,17 Nov 13:08,Housing I.,"['PHP 35,000/ month', '/ month', '2016, 9th Avenue, Makati City, Metro Manila, 1634', 'Bedrooms:', '1', 'Area:', '34.6 m²', 'Bathrooms:', '1', 'Available from:', '11 Nov']"
"House and Lot For Rent in 14, Bauhinia Road, Makati City",https://lifenavi.com/ph/properties/makati-city/for-rent/house-and-lot/for-lease-sale-7br-house-and-lot-south-forbes-park-ad-13-ln124696,"PHP 2,500,000/ month","14, Bauhinia Road, Makati City, Metro Manila, 1220",,00 m²,5+,1,Available from 11 Nov,,17 Nov 13:08,Housing I.,"['PHP 2,500,000/ month', '/ month', '14, Bauhinia Road, Makati City, Metro Manila, 1220', 'Bedrooms:', '5+', 'Area:', '00 m²', 'Bathrooms:', '1', 'Available from:', '11 Nov']"
"Condo For Rent in 14F, West Street, Makati City",https://lifenavi.com/ph/properties/makati-city/for-rent/condo/fully-furnished-2br-unit-in-park-terraces-for-rent-ad-12-ln809701,"PHP 180,000/ month","14F, West Street, Makati City, Metro Manila",,155 m²,2,1,Available from 26 Oct,,17 Nov 13:08,Housing I.,"['PHP 180,000/ month', '/ month', '14F, West Street, Makati City, Metro Manila', 'Bedrooms:', '2', 'Area:', '155 m²', 'Bathrooms:', '1', 'Available from:', '26 Oct']"
"House and Lot For Sale in 67, Angeles, Muntinlupa",https://lifenavi.com/ph/properties/muntinlupa/for-sale/house-and-lot/house-for-sale-in-muntinlupa-city-ln442604,"PHP 150,000,000","67, Angeles, Muntinlupa, Metro Manila",,1284 m²,5+,6+,Available from 17 Nov,,17 Nov 13:08,Grace L.,"['PHP 150,000,000', '67, Angeles, Muntinlupa, Metro Manila', 'Bedrooms:', '5+', 'Area:', '1284 m²', 'Bathrooms:', '6+', 'Available from:', '17 Nov']"
"Condo For Rent in Rockwell Drive, Makati City",https://lifenavi.com/ph/properties/makati-city/for-rent/condo/one-rockwell-3br-condo-unit-for-rent-ad-11-ln763796,"PHP 170,000/ month","Rockwell Drive, Makati City, Metro Manila",,153 m²,3,3,Available from 12 Jan,,17 Nov 13:08,Housing I.,"['PHP 170,000/ month', '/ month', 'Rockwell Drive, Makati City, Metro Manila', 'Bedrooms:', '3', 'Area:', '153 m²', 'Bathrooms:', '3', 'Available from:', '12 Jan']"
"Condo For Rent in 2021, 9th Avenue, Makati City",https://lifenavi.com/ph/properties/makati-city/for-rent/condo/for-rent-2br-corner-unit-uptown-ritz-residences-ad-10-ln466764,"PHP 105,000/ month","2021, 9th Avenue, Makati City, Metro Manila",,93.5 m²,2,2,Available from 5 Jul,,17 Nov 13:08,Housing I.,"['PHP 105,000/ month', '/ month', '2021, 9th Avenue, Makati City, Metro Manila', 'Bedrooms:', '2', 'Area:', '93.5 m²', 'Bathrooms:', '2', 'Available from:', '5 Jul']"
"Condo For Rent in 1634, 11th Avenue, Taguig",https://lifenavi.com/ph/properties/taguig/for-rent/condo/for-rent-2br-west-tower-one-serendra-ad-9-ln732951,"PHP 160,000/ month","1634, 11th Avenue, Taguig, Metro Manila",,130 m²,2,2,Available from 12 Nov,,17 Nov 13:08,Housing I.,"['PHP 160,000/ month', '/ month', '1634, 11th Avenue, Taguig, Metro Manila', 'Bedrooms:', '2', 'Area:', '130 m²', 'Bathrooms:', '2', 'Available from:', '12 Nov']"
"Condo For Rent in 1630, Le Grand Avenue, Taguig",https://lifenavi.com/ph/properties/taguig/for-rent/condo/4-br-condo-unit-for-rent-in-st-moritz-taguig-ad-8-ln889846,"PHP 250,000/ month","1630, Le Grand Avenue, Taguig, Metro Manila",,220 m²,4,4,Available from 12 Nov,,17 Nov 13:08,Housing I.,"['PHP 250,000/ month', '/ month', '1630, Le Grand Avenue, Taguig, Metro Manila', 'Bedrooms:', '4', 'Area:', '220 m²', 'Bathrooms:', '4', 'Available from:', '12 Nov']"
"Condo For Rent in Hidalgo Drive, Makati City",https://lifenavi.com/ph/properties/makati-city/for-rent/condo/for-lease-2br-in-the-manansala-ad-7-ln670915,"PHP 120,000/ month","Hidalgo Drive, Makati City, Metro Manila",,102 m²,2,2,Available from 12 Nov,,17 Nov 13:07,Housing I.,"['PHP 120,000/ month', '/ month', 'Hidalgo Drive, Makati City, Metro Manila', 'Bedrooms:', '2', 'Area:', '102 m²', 'Bathrooms:', '2', 'Available from:', '12 Nov']"
"Condo For Rent in 1634, McKinley Parkway, Taguig",https://lifenavi.com/ph/properties/taguig/for-rent/condo/fully-furnished-3br-unit-for-lease-in-two-serendra-bgc-ad-6-ln989264,"PHP 160,000/ month","1634, McKinley Parkway, Taguig, Metro Manila",,125 m²,3,2,Available from 1 May,,17 Nov 13:07,Housing I.,"['PHP 160,000/ month', '/ month', '1634, McKinley Parkway, Taguig, Metro Manila', 'Bedrooms:', '3', 'Area:', '125 m²', 'Bathrooms:', '2', 'Available from:', '1 May']"
"House and Lot For Rent in 205, Bonny Serrano Avenue, Quezon City",https://lifenavi.com/ph/properties/quezon-city/for-rent/house-and-lot/for-lease-townhouse-in-205-santolan-by-rockwell-ad-5-ln116130,"PHP 105,000/ month","205, Bonny Serrano Avenue, Cubao, Quezon City, Metro Manila, 1109",,319 m²,4,4,Available from 13 Nov,,17 Nov 13:07,Housing I.,"['PHP 105,000/ month', '/ month', '205, Bonny Serrano Avenue, Cubao, Quezon City, Metro Manila, 1109', 'Bedrooms:', '4', 'Area:', '319 m²', 'Bathrooms:', '4', 'Available from:', '13 Nov']"
"House and Lot For Rent in Taguig, Metro Manila",https://lifenavi.com/ph/properties/taguig/for-rent/house-and-lot/modern-3-storey-5-bedroom-house-for-rent-in-afpovai-ad-4-ln542909,"PHP 220,000/ month","Taguig, Metro Manila, 1630",,450 m²,5+,4,Available from 19 Oct,,17 Nov 13:07,Housing I.,"['PHP 220,000/ month', '/ month', 'Taguig, Metro Manila, 1630', 'Bedrooms:', '5+', 'Area:', '450 m²', 'Bathrooms:', '4', 'Available from:', '19 Oct']"
"Condo For Rent in Tordesillas, Makati City",https://lifenavi.com/ph/properties/makati-city/for-rent/condo/for-lease-3br-in-three-salcedo-place-ad-3-ln580063,"PHP 130,000/ month","Tordesillas, Makati City, Metro Manila",,183 m²,3,3,Available from 1 Apr,,17 Nov 13:07,Housing I.,"['PHP 130,000/ month', '/ month', 'Tordesillas, Makati City, Metro Manila', 'Bedrooms:', '3', 'Area:', '183 m²', 'Bathrooms:', '3', 'Available from:', '1 Apr']"
"Condo For Rent in 2021, 9th Avenue, Makati City",https://lifenavi.com/ph/properties/makati-city/for-rent/condo/for-lease-2br-in-uptown-ritz-ad-2-ln137193,"PHP 125,000/ month","2021, 9th Avenue, Makati City, Metro Manila",,80.3 m²,2,3,Available from 1 Dec,,17 Nov 13:07,Housing I.,"['PHP 125,000/ month', '/ month', '2021, 9th Avenue, Makati City, Metro Manila', 'Bedrooms:', '2', 'Area:', '80.3 m²', 'Bathrooms:', '3', 'Available from:', '1 Dec']"
"Townhouse For Sale in 2229, Alabastro Street, Manila",https://lifenavi.com/ph/properties/manila/for-sale/townhouse/townhouse-for-sale-in-manila-city-ln431963,"PHP 26,500,000","2229, Alabastro Street, San Andres Bukid, Manila, Metro Manila",,345 m²,5+,4,Available from 17 Nov,,17 Nov 13:02,Grace L.,"['PHP 26,500,000', '2229, Alabastro Street, San Andres Bukid, Manila, Metro Manila', 'Bedrooms:', '5+', 'Area:', '345 m²', 'Bathrooms:', '4', 'Available from:', '17 Nov']"
"Residential floor For Sale in Agham Road, Quezon City",https://lifenavi.com/ph/properties/quezon-city/for-sale/residential-floor/modern-and-brand-new-2br-condo-for-sale-in-quezon-city-ln379394,"PHP 23,000,000","Agham Road, Diliman, Quezon City, Metro Manila",,88 m²,2,2,Available from 17 Nov,,17 Nov 12:52,Grace L.,"['PHP 23,000,000', 'Agham Road, Diliman, Quezon City, Metro Manila', 'Bedrooms:', '2', 'Area:', '88 m²', 'Bathrooms:', '2', 'Available from:', '17 Nov']"
"Commercial land For Sale in Cavite, Calabarzon",https://lifenavi.com/ph/properties/cavite/for-sale/land-only/lot-for-sale-in-bacoor-cavite-at-verdana-homes-ln695102,"PHP 39,204,000","Cavite, Calabarzon",,396 m²,,,Vacant,Semi-Furnished,17 Nov 12:45,Grace L.,"['PHP 39,204,000', 'Cavite, Calabarzon', 'Status:', 'Vacant', 'Furnishing:', 'Semi-Furnished', 'Area:', '396 m²', 'Available from:', '17 Nov']"
"Residential floor For Sale in 147, Legazpi Street, Makati City",https://lifenavi.com/ph/properties/makati-city/for-sale/residential-floor/2-bedroom-condo-for-sale-in-legazpi-village-makati-ln341651,"PHP 13,000,000","147, Legazpi Street, Legazpi Village, Makati City, Kalakhang Maynila",,54.6 m²,2,1,Available from 17 Nov,,17 Nov 12:36,Grace L.,"['PHP 13,000,000', '147, Legazpi Street, Legazpi Village, Makati City, Kalakhang Maynila', 'Bedrooms:', '2', 'Area:', '54.6 m²', 'Bathrooms:', '1', 'Available from:', '17 Nov']"
"Residential floor For Sale in Nexus Street, Taguig",https://lifenavi.com/ph/properties/taguig/for-sale/residential-floor/2br-condo-for-sale-in-arca-south-taguig-ln840862,"PHP 27,000,000","Nexus Street, Taguig, Metro Manila, 1630",,109 m²,2,2,Available from 17 Nov,,17 Nov 12:28,Grace L.,"['PHP 27,000,000', 'Nexus Street, Taguig, Metro Manila, 1630', 'Bedrooms:', '2', 'Area:', '109 m²', 'Bathrooms:', '2', 'Available from:', '17 Nov']"
"House and Lot For Sale in Taguig, Metro Manila",https://lifenavi.com/ph/properties/taguig/for-sale/house-and-lot/house-and-lot-for-sale-in-usuan-taguig-city-ln854601,"PHP 25,000,000","Taguig, Metro Manila",,330 m²,3,2,Available from 17 Nov,,17 Nov 12:18,Grace L.,"['PHP 25,000,000', 'Taguig, Metro Manila', 'Bedrooms:', '3', 'Area:', '330 m²', 'Bathrooms:', '2', 'Available from:', '17 Nov']"
"House and Lot For Sale in 54B, Oregon, Antipolo",https://lifenavi.com/ph/properties/antipolo/for-sale/house-and-lot/brand-new-2-storey-house-and-lot-for-sale-in-cainta-rizal-ln660112,"PHP 22,699,800","54B, Oregon, Executive Village Mayamot, Antipolo, Calabarzon, 1870",,45 m²,5+,4,Available from 17 Nov,,17 Nov 12:11,Grace L.,"['PHP 22,699,800', '54B, Oregon, Executive Village Mayamot, Antipolo, Calabarzon, 1870', 'Bedrooms:', '5+', 'Area:', '45 m²', 'Bathrooms:', '4', 'Available from:', '17 Nov']"
"Residential floor For Sale in H.V. Dela Costa, Makati City",https://lifenavi.com/ph/properties/makati-city/for-sale/residential-floor/1-bedroom-1br-condo-for-sale-in-bel-air-makati-ln387475,"PHP 22,793,447","H.V. Dela Costa, Makati City, Metro Manila",,73 m²,1,1,Available from 17 Nov,,17 Nov 12:04,Grace L.,"['PHP 22,793,447', 'H.V. Dela Costa, Makati City, Metro Manila', 'Bedrooms:', '1', 'Area:', '73 m²', 'Bathrooms:', '1', 'Available from:', '17 Nov']"
"Condo For Rent in 2202, Taft Avenue, Manila",https://lifenavi.com/ph/properties/manila/for-rent/condo/condo-unit-for-rent-unit-2819-east-tower-at-one-archers-pl-ln521568,"PHP 18,000/ month","2202, Taft Avenue, Malate, Manila, Metro Manila, 1004",,23 m²,Studio,1,Available from 17 Nov,,17 Nov 09:04,Armien C.,"['PHP 18,000/ month', '/ month', '2202, Taft Avenue, Malate, Manila, Metro Manila, 1004', 'Bedrooms:', 'Studio', 'Area:', '23 m²', 'Bathrooms:', '1', 'Available from:', '17 Nov']"
"Residential floor For Sale in Makati City, Metro Manila",https://lifenavi.com/ph/properties/makati-city/for-sale/residential-floor/alphaland-makati-place-2-bedroom-condo-unit-for-sale-ln515217,"PHP 24,000,000","Makati City, Metro Manila",,90 m²,2,2,Available from 15 Nov,,16 Nov 03:10,Grace L.,"['PHP 24,000,000', 'Makati City, Metro Manila', 'Bedrooms:', '2', 'Area:', '90 m²', 'Bathrooms:', '2', 'Available from:', '15 Nov']"
"Residential floor For Sale in Corner, Lane South, Taguig",https://lifenavi.com/ph/properties/taguig/for-sale/residential-floor/studio-unit-condo-for-sale-in-taguig-city-near-bgc-ln793609,"PHP 4,000,000","Corner, Lane South, Taguig, Metro Manila",,22.8 m²,Studio,1,Available from 15 Nov,,16 Nov 02:52,Grace L.,"['PHP 4,000,000', 'Corner, Lane South, Taguig, Metro Manila', 'Bedrooms:', 'Studio', 'Area:', '22.8 m²', 'Bathrooms:', '1', 'Available from:', '15 Nov']"
"House and Lot For Sale in Quezon City, Metro Manila",https://lifenavi.com/ph/properties/quezon-city/for-sale/house-and-lot/teachers-village-diliman-residential-lot-for-sale-ln735952,"PHP 34,368,000","Diliman, Quezon City, Metro Manila",,429.6 m²,3,3,Available from 15 Nov,,16 Nov 02:26,Grace L.,"['PHP 34,368,000', 'Diliman, Quezon City, Metro Manila', 'Bedrooms:', '3', 'Area:', '429.6 m²', 'Bathrooms:', '3', 'Available from:', '15 Nov']"
"House and Lot For Sale in Yakal Street, Quezon City",https://lifenavi.com/ph/properties/quezon-city/for-sale/house-and-lot/5-bedroom-house-for-sale-in-batasan-hills-metro-manila-ln933676,"PHP 95,000,000","Yakal Street, Quezon City, Metro Manila",,615 m²,5+,5,Available from 15 Nov,,16 Nov 02:03,Grace L.,"['PHP 95,000,000', 'Yakal Street, Quezon City, Metro Manila', 'Bedrooms:', '5+', 'Area:', '615 m²', 'Bathrooms:', '5', 'Available from:', '15 Nov']"
"House and Lot For Sale in Santa Rosa - Tagaytay Road, Tagaytay City",https://lifenavi.com/ph/properties/tagaytay-city/for-sale/house-and-lot/modern-and-corner-house-and-lot-for-sale-in-tagaytay-city-ln596300,"PHP 35,000,000","Santa Rosa - Tagaytay Road, Tagaytay City, Calabarzon",,733 m²,3,4,Available from 15 Nov,,15 Nov 21:22,Grace L.,"['PHP 35,000,000', 'Santa Rosa - Tagaytay Road, Tagaytay City, Calabarzon', 'Bedrooms:', '3', 'Area:', '733 m²', 'Bathrooms:', '4', 'Available from:', '15 Nov']"
"Condo For Sale in Dela Rosa Access Road 3, Makati City",https://lifenavi.com/ph/properties/makati-city/for-sale/condo/1-bedroom-condo-for-sale-in-legazpi-village-makati-city-ln626361,"PHP 11,000,000","Dela Rosa Access Road 3, Makati City, Metro Manila",,59 m²,1,1,Available from 15 Nov,,15 Nov 21:14,Grace L.,"['PHP 11,000,000', 'Dela Rosa Access Road 3, Makati City, Metro Manila', 'Bedrooms:', '1', 'Area:', '59 m²', 'Bathrooms:', '1', 'Available from:', '15 Nov']"
"Office For Sale in Taguig, Metro Manila",https://lifenavi.com/ph/properties/taguig/for-sale/office/prime-office-space-for-sale-in-bgc-taguig-metro-manila-ln723155,"PHP 13,500,000","Taguig, Metro Manila",,62 m²,,,Vacant,Unfurnished,15 Nov 21:05,Grace L.,"['PHP 13,500,000', 'Taguig, Metro Manila', 'Status:', 'Vacant', 'Furnishing:', 'Unfurnished', 'Area:', '62 m²', 'Available from:', '15 Nov']"
"Condo For Sale in Taguig, Metro Manila",https://lifenavi.com/ph/properties/taguig/for-sale/condo/2br-condo-unit-for-sale-in-mckinley-west-taguig-city-ln534162,"PHP 24,500,000","Taguig, Metro Manila",,78 m²,2,2,Available from 15 Nov,,15 Nov 20:58,Grace L.,"['PHP 24,500,000', 'Taguig, Metro Manila', 'Bedrooms:', '2', 'Area:', '78 m²', 'Bathrooms:', '2', 'Available from:', '15 Nov']"
"Condo For Sale in Ortigas Avenue, Pasig",https://lifenavi.com/ph/properties/pasig/for-sale/condo/3-bedroom-fully-furnished-condo-in-pasig-city-ln258128,"PHP 19,000,000","Ortigas Avenue, Ortigas Center, Pasig, Metro Manila",,81 m²,3,2,Available from 15 Nov,,15 Nov 20:44,Grace L.,"['PHP 19,000,000', 'Ortigas Avenue, Ortigas Center, Pasig, Metro Manila', 'Bedrooms:', '3', 'Area:', '81 m²', 'Bathrooms:', '2', 'Available from:', '15 Nov']"
"Condo For Sale in 112, Rada, Makati City",https://lifenavi.com/ph/properties/makati-city/for-sale/condo/modern-studio-condo-for-sale-in-legazpi-village-makati-city-ln376626,"PHP 5,880,000","112, Rada, Legazpi Village, Makati City, Metro Manila, 1223",,38 m²,Studio,1,Available from 15 Nov,,15 Nov 20:33,Grace L.,"['PHP 5,880,000', '112, Rada, Legazpi Village, Makati City, Metro Manila, 1223', 'Bedrooms:', 'Studio', 'Area:', '38 m²', 'Bathrooms:', '1', 'Available from:', '15 Nov']"
"Condo For Sale in Taguig, Metro Manila",https://lifenavi.com/ph/properties/taguig/for-sale/condo/1br-condominium-for-sale-in-bgc-fort-bonifacio-taguig-city-ln957588,"PHP 17,500,000","Taguig, Metro Manila",,60 m²,1,1,Available from 15 Nov,,15 Nov 20:24,Grace L.,"['PHP 17,500,000', 'Taguig, Metro Manila', 'Bedrooms:', '1', 'Area:', '60 m²', 'Bathrooms:', '1', 'Available from:', '15 Nov']"
"Condo For Sale in Yakal, Makati City",https://lifenavi.com/ph/properties/makati-city/for-sale/condo/1-bedroom-condo-unit-for-sale-in-the-rise-makati-city-ln613078,"PHP 5,500,000","Yakal, Makati City, Metro Manila, 1203",,26 m²,1,1,Available from 15 Nov,,15 Nov 19:47,Grace L.,"['PHP 5,500,000', 'Yakal, Makati City, Metro Manila, 1203', 'Bedrooms:', '1', 'Area:', '26 m²', 'Bathrooms:', '1', 'Available from:', '15 Nov']"
"Condo For Sale in H.V. Dela Costa, Makati City",https://lifenavi.com/ph/properties/makati-city/for-sale/condo/1-bedroom-condo-for-sale-in-salcedo-village-makati-ln225443,"PHP 15,500,000","H.V. Dela Costa, Makati City, Metro Manila",,52 m²,1,1,Available from 15 Nov,,15 Nov 19:32,Grace L.,"['PHP 15,500,000', 'H.V. Dela Costa, Makati City, Metro Manila', 'Bedrooms:', '1', 'Area:', '52 m²', 'Bathrooms:', '1', 'Available from:', '15 Nov']"
"House and Lot For Sale in Road Lot 1, Caloocan",https://lifenavi.com/ph/properties/caloocan/for-sale/house-and-lot/north-caloocan-house-and-lot-for-sale-ln609211,"PHP 2,300,000","Road Lot 1, Caloocan, Metro Manila",,180 m²,1,1,Available from 15 Nov,,15 Nov 11:37,Jeanette B.,"['PHP 2,300,000', 'Road Lot 1, Caloocan, Metro Manila', 'Bedrooms:', '1', 'Area:', '180 m²', 'Bathrooms:', '1', 'Available from:', '15 Nov']"
"Land only For Sale in Mabini Street, Tagum",https://lifenavi.com/ph/properties/tagum/for-sale/land-only/5-ha-coconut-farm-in-sawata-davao-del-norte-philippines-ln534483,"PHP 1,300,000","Mabini Street, Tagum, Davao Region",,10000 m²,1,1,Available from 31 Dec,,15 Nov 09:10,Posted on,"['PHP 1,300,000', 'Mabini Street, Tagum, Davao Region', 'Bedrooms:', '1', 'Area:', '10000 m²', 'Bathrooms:', '1', 'Available from:', '31 Dec']"
"Commercial land For Sale in Mabini Street, Tagum",https://lifenavi.com/ph/properties/tagum/for-sale/commercial-land/commercial-lots-in-tagum-city-philippines-ln476450,"PHP 14,000,000","Mabini Street, Tagum, Davao Region",,241 m²,,,Vacant,Furnished,15 Nov 09:03,Posted on,"['PHP 14,000,000', 'Mabini Street, Tagum, Davao Region', 'Status:', 'Vacant', 'Furnishing:', 'Furnished', 'Area:', '241 m²', 'Available from:', '31 Dec']"
"Beach Lot For Sale in Prk 1-A, Mabini Street, Tagum",https://lifenavi.com/ph/properties/tagum/for-sale/beach-lot/very-large-beach-lot-in-bohol-philippines-ln378216,"PHP 6,000,000","Prk 1-A, Mabini Street, Tagum, Davao Region",,10000 m²,1,1,Available from 31 Dec,,15 Nov 08:50,Posted on,"['PHP 6,000,000', 'Prk 1-A, Mabini Street, Tagum, Davao Region', 'Bedrooms:', '1', 'Area:', '10000 m²', 'Bathrooms:', '1', 'Available from:', '31 Dec']"
"Land only For Sale in Panabo Circumferential Road, Tagum",https://lifenavi.com/ph/properties/tagum/for-sale/land-only/very-large-farm-lots-in-mindanao-philippines-ln803543,"PHP 1,000,000","Panabo Circumferential Road, Tagum, Davao Region",,10000 m²,1,1,Available from 28 Nov,,15 Nov 08:45,Posted on,"['PHP 1,000,000', 'Panabo Circumferential Road, Tagum, Davao Region', 'Bedrooms:', '1', 'Area:', '10000 m²', 'Bathrooms:', '1', 'Available from:', '28 Nov']"
"Condo For Rent in 2320, Taft Avenue, Manila",https://lifenavi.com/ph/properties/manila/for-rent/condo/the-manila-residences-furnished-studio-ln986612,"PHP 20,000/ month","2320, Taft Avenue, Malate, Manila, Metro Manila, 1004",,25 m²,Studio,1,Available from 20 Nov,,14 Nov 02:21,Michelle G.,"['PHP 20,000/ month', '/ month', '2320, Taft Avenue, Malate, Manila, Metro Manila, 1004', 'Bedrooms:', 'Studio', 'Area:', '25 m²', 'Bathrooms:', '1', 'Available from:', '20 Nov']"
"Residential floor For Sale in Salinas Drive, Cebu City",https://lifenavi.com/ph/properties/cebu-city/for-sale/residential-floor/40-sqm-1-bedroom-condo-for-sale-in-mivesa-lahug-cebu-city-ln868708,"PHP 4,500,000","Salinas Drive, Cebu City, Central Visayas, 6000",,40 m²,1,2,Available from 13 Nov,,13 Nov 20:48,Nelson B.,"['PHP 4,500,000', 'Salinas Drive, Cebu City, Central Visayas, 6000', 'Bedrooms:', '1', 'Area:', '40 m²', 'Bathrooms:', '2', 'Available from:', '13 Nov']"
"Condo For Rent in 309, Katipunan Avenue, Quezon City",https://lifenavi.com/ph/properties/quezon-city/for-rent/condo/condo-unit-for-rent-unit-1131-at-vista-309-katipunan-ln234702,"PHP 13,500/ month","309, Katipunan Avenue, Quezon City, Metro Manila",,20 m²,Studio,1,Available from 13 Nov,,13 Nov 15:51,Armien C.,"['PHP 13,500/ month', '/ month', '309, Katipunan Avenue, Quezon City, Metro Manila', 'Bedrooms:', 'Studio', 'Area:', '20 m²', 'Bathrooms:', '1', 'Available from:', '13 Nov']"
"House and Lot For Sale in Taguig, Metro Manila",https://lifenavi.com/ph/properties/taguig/for-sale/house-and-lot/3-bedroom-house-and-lot-for-sale-at-pacific-residences-subd-ln326966,"PHP 25,000,000","Taguig, Metro Manila",,330 m²,3,2,Available from 12 Nov,,12 Nov 16:39,Grace L.,"['PHP 25,000,000', 'Taguig, Metro Manila', 'Bedrooms:', '3', 'Area:', '330 m²', 'Bathrooms:', '2', 'Available from:', '12 Nov']"
"House and Lot For Sale in 54, Hon. Benito Soliven Avenue, Marikina",https://lifenavi.com/ph/properties/marikina/for-sale/house-and-lot/loyola-grand-villas-brand-new-house-and-lot-with-pool-ln849679,"PHP 180,000,000","54, Hon. Benito Soliven Avenue, Marikina, Metro Manila, 1800",,650 m²,5+,6+,Available from 12 Nov,,12 Nov 16:32,Grace L.,"['PHP 180,000,000', '54, Hon. Benito Soliven Avenue, Marikina, Metro Manila, 1800', 'Bedrooms:', '5+', 'Area:', '650 m²', 'Bathrooms:', '6+', 'Available from:', '12 Nov']"
"Commercial land For Sale in City of Santa Rosa, Calabarzon",https://lifenavi.com/ph/properties/city-of-santa-rosa/for-sale/commercial-land/sta-rosa-westborough-town-center-2058-sqm-lot-for-sale-ln632514,"PHP 329,280,000","City of Santa Rosa, Calabarzon",,2058 m²,,,Vacant,Semi-Furnished,12 Nov 16:23,Grace L.,"['PHP 329,280,000', 'City of Santa Rosa, Calabarzon', 'Status:', 'Vacant', 'Furnishing:', 'Semi-Furnished', 'Area:', '2058 m²', 'Available from:', '12 Nov']"
"Condo For Sale in Yakal, Makati City",https://lifenavi.com/ph/properties/makati-city/for-sale/condo/the-rise-in-makati-city-for-sale-1-bedroom-condo-ln299323,"PHP 5,500,000","Yakal, Makati City, Metro Manila, 1203",,28 m²,1,1,Available from 12 Nov,,12 Nov 16:18,Grace L.,"['PHP 5,500,000', 'Yakal, Makati City, Metro Manila, 1203', 'Bedrooms:', '1', 'Area:', '28 m²', 'Bathrooms:', '1', 'Available from:', '12 Nov']"
"House and Lot For Sale in 1, Pearl Street, Pasig",https://lifenavi.com/ph/properties/pasig/for-sale/house-and-lot/pasig-greenland-village-house-lot-for-sale-rosario-pasig-ln876742,"PHP 7,000,000","1, Pearl Street, Pasig, Metro Manila, 1609",,116 m²,2,2,Available from 12 Nov,,12 Nov 16:10,Grace L.,"['PHP 7,000,000', '1, Pearl Street, Pasig, Metro Manila, 1609', 'Bedrooms:', '2', 'Area:', '116 m²', 'Bathrooms:', '2', 'Available from:', '12 Nov']"
"House and Lot For Sale in Santa Rosa - Tagaytay Road, Tagaytay City",https://lifenavi.com/ph/properties/tagaytay-city/for-sale/house-and-lot/tagaytay-windsor-heights-for-sale-house-lot-ln186799,"PHP 35,000,000","Santa Rosa - Tagaytay Road, Tagaytay City, Calabarzon",,733 m²,3,4,Available from 12 Nov,,12 Nov 16:02,Grace L.,"['PHP 35,000,000', 'Santa Rosa - Tagaytay Road, Tagaytay City, Calabarzon', 'Bedrooms:', '3', 'Area:', '733 m²', 'Bathrooms:', '4', 'Available from:', '12 Nov']"
"Condo For Sale in 3, Eisenhower Street, San Juan City",https://lifenavi.com/ph/properties/san-juan-city/for-sale/condo/san-juan-the-connor-greenhills-1-bedroom-condo-for-sale-ln228951,"PHP 13,450,000","3, Eisenhower Street, Greenhills, San Juan City, Metro Manila, 1502",,53 m²,1,1,Available from 12 Nov,,12 Nov 15:50,Grace L.,"['PHP 13,450,000', '3, Eisenhower Street, Greenhills, San Juan City, Metro Manila, 1502', 'Bedrooms:', '1', 'Area:', '53 m²', 'Bathrooms:', '1', 'Available from:', '12 Nov']"
"Condo For Sale in Taguig, Metro Manila",https://lifenavi.com/ph/properties/taguig/for-sale/condo/park-triangle-residences-1br-condominium-for-sale-ln715363,"PHP 17,500,000","Taguig, Metro Manila",,60 m²,1,1,Available from 12 Nov,,12 Nov 15:43,Grace L.,"['PHP 17,500,000', 'Taguig, Metro Manila', 'Bedrooms:', '1', 'Area:', '60 m²', 'Bathrooms:', '1', 'Available from:', '12 Nov']"
"Condo For Sale in Pasig, Metro Manila",https://lifenavi.com/ph/properties/pasig/for-sale/condo/the-imperium-at-capitol-commons-3br-condo-for-sale-ln303719,"PHP 62,100,000","Pasig, Metro Manila",,207 m²,4,5,Available from 12 Nov,,12 Nov 15:36,Grace L.,"['PHP 62,100,000', 'Pasig, Metro Manila', 'Bedrooms:', '4', 'Area:', '207 m²', 'Bathrooms:', '5', 'Available from:', '12 Nov']"
"House and Lot For Sale in Muntinlupa, Metro Manila",https://lifenavi.com/ph/properties/muntinlupa/for-sale/house-and-lot/ayala-alabang-village-5-bedroom-modern-house-for-sale-ln613775,"PHP 210,000,000","Muntinlupa, Metro Manila",,652 m²,5+,6+,Available from 12 Nov,,12 Nov 15:23,Grace L.,"['PHP 210,000,000', 'Muntinlupa, Metro Manila', 'Bedrooms:', '5+', 'Area:', '652 m²', 'Bathrooms:', '6+', 'Available from:', '12 Nov']"
"Land only For Sale in 5, Lourdes-Corella Road, Corella",https://lifenavi.com/ph/properties/corella/for-sale/land-only/residential-lot-for-sale-in-anislag-corella-bohol-ln660336,"PHP 1,900","5, Lourdes-Corella Road, Corella, Central Visayas, 6337",,1228 m²,1,1,Available from 12 Nov,,12 Nov 14:46,Glenn P.,"['PHP 1,900', '5, Lourdes-Corella Road, Corella, Central Visayas, 6337', 'Bedrooms:', '1', 'Area:', '1228 m²', 'Bathrooms:', '1', 'Available from:', '12 Nov']"
"Land only For Sale in El Nido, Mimaropa",https://lifenavi.com/ph/properties/el-nido/for-sale/land-only/1552-sqm-residential-lot-for-sale-in-el-nido-palawan-ln882351,"PHP 7,760,000","El Nido, Mimaropa",,1552 m²,Studio,1,Available from 12 Nov,,12 Nov 10:55,Maria fe P.,"['PHP 7,760,000', 'El Nido, Mimaropa', 'Bedrooms:', 'Studio', 'Area:', '1552 m²', 'Bathrooms:', '1', 'Available from:', '12 Nov']"
"Residential floor For Sale in 3158, J.P Rizal Road, Manila",https://lifenavi.com/ph/properties/manila/for-sale/residential-floor/condo-unit-for-sale-in-park-west-bgc-ln618670,"PHP 20,000,000","3158, J.P Rizal Road, Manila, Metro Manila",,70 m²,2,2,Available from 11 Nov,,11 Nov 15:32,Grace L.,"['PHP 20,000,000', '3158, J.P Rizal Road, Manila, Metro Manila', 'Bedrooms:', '2', 'Area:', '70 m²', 'Bathrooms:', '2', 'Available from:', '11 Nov']"
"Residential floor For Sale in Taguig, Metro Manila",https://lifenavi.com/ph/properties/taguig/for-sale/residential-floor/3br-condo-for-sale-in-taguig-city-bgc-at-two-serendra-ln265630,"PHP 38,530,000","Taguig, Metro Manila",,127 m²,3,3,Available from 11 Nov,,11 Nov 15:21,Grace L.,"['PHP 38,530,000', 'Taguig, Metro Manila', 'Bedrooms:', '3', 'Area:', '127 m²', 'Bathrooms:', '3', 'Available from:', '11 Nov']"
"Residential floor For Sale in 1634, 11th Avenue, Taguig",https://lifenavi.com/ph/properties/taguig/for-sale/residential-floor/2-bedroom-condo-unit-for-sale-in-serendra-bgc-taguig-ln924293,"PHP 26,350,000","1634, 11th Avenue, Taguig, Metro Manila",,85 m²,2,2,Available from 11 Nov,,11 Nov 15:07,Grace L.,"['PHP 26,350,000', '1634, 11th Avenue, Taguig, Metro Manila', 'Bedrooms:', '2', 'Area:', '85 m²', 'Bathrooms:', '2', 'Available from:', '11 Nov']"
"Residential floor For Sale in 312, Buendia Avenue, Makati City",https://lifenavi.com/ph/properties/makati-city/for-sale/residential-floor/1-bedroom-condominium-unit-for-sale-in-one-central-makati-ln420513,"PHP 11,880,000","312, Buendia Avenue, Makati City, Metro Manila",,66 m²,1,1,Available from 11 Nov,,11 Nov 14:55,Grace L.,"['PHP 11,880,000', '312, Buendia Avenue, Makati City, Metro Manila', 'Bedrooms:', '1', 'Area:', '66 m²', 'Bathrooms:', '1', 'Available from:', '11 Nov']"
"Commercial land For Sale in 1750, Daang Hari Road, Las Piñas",https://lifenavi.com/ph/properties/las-pinas/for-sale/commercial-land/lot-for-sale-in-molino-cavite-ln710694,"PHP 27,525,000","1750, Daang Hari Road, Las Piñas, Kalakhang Maynila",,367 m²,,,Vacant,Semi-Furnished,11 Nov 14:46,Grace L.,"['PHP 27,525,000', '1750, Daang Hari Road, Las Piñas, Kalakhang Maynila', 'Status:', 'Vacant', 'Furnishing:', 'Semi-Furnished', 'Area:', '367 m²', 'Available from:', '11 Nov']"
"Residential floor For Sale in 427, Malugay, Makati City",https://lifenavi.com/ph/properties/makati-city/for-sale/residential-floor/the-lerato-tower-1-studio-condo-for-sale-in-makati-ln228366,"PHP 8,500,000","427, Malugay, Makati City, Kalakhang Maynila",,37 m²,Studio,1,Available from 11 Nov,,11 Nov 14:40,Grace L.,"['PHP 8,500,000', '427, Malugay, Makati City, Kalakhang Maynila', 'Bedrooms:', 'Studio', 'Area:', '37 m²', 'Bathrooms:', '1', 'Available from:', '11 Nov']"
"Residential floor For Sale in 2, Rosario Boulevard, Pasig",https://lifenavi.com/ph/properties/pasig/for-sale/residential-floor/pre-selling-2br-suite-condo-for-sale-in-pasig-and-qc-ln268700,"PHP 37,275,000","2, Rosario Boulevard, Pasig, Metro Manila, 1609",,105 m²,2,2,Available from 11 Nov,,11 Nov 14:20,Grace L.,"['PHP 37,275,000', '2, Rosario Boulevard, Pasig, Metro Manila, 1609', 'Bedrooms:', '2', 'Area:', '105 m²', 'Bathrooms:', '2', 'Available from:', '11 Nov']"
"Commercial land For Sale in Kamias Road, Quezon City",https://lifenavi.com/ph/properties/quezon-city/for-sale/commercial-land/commercial-lot-for-sale-in-kamias-rd-quezon-city-ln161161,"PHP 72,000,000","Kamias Road, Diliman, Quezon City, Metro Manila",,600 m²,,,Vacant,Unfurnished,11 Nov 14:13,Grace L.,"['PHP 72,000,000', 'Kamias Road, Diliman, Quezon City, Metro Manila', 'Status:', 'Vacant', 'Furnishing:', 'Unfurnished', 'Area:', '600 m²', 'Available from:', '11 Nov']"
"Residential floor For Sale in 530, J.P. Rizal, Mandaluyong City",https://lifenavi.com/ph/properties/mandaluyong-city/for-sale/residential-floor/2br-condo-for-sale-in-harbour-park-residences-ln414500,"PHP 7,500,000","530, J.P. Rizal, Mandaluyong City, Metro Manila, 1550",,40 m²,2,1,Available from 11 Nov,,11 Nov 14:12,Grace L.,"['PHP 7,500,000', '530, J.P. Rizal, Mandaluyong City, Metro Manila, 1550', 'Bedrooms:', '2', 'Area:', '40 m²', 'Bathrooms:', '1', 'Available from:', '11 Nov']"
"Office For Sale in Tandang Sora Avenue, Quezon City",https://lifenavi.com/ph/properties/quezon-city/for-sale/entire-building/mix-use-office-commercial-property-building-for-sale-in-qc-ln181660,"PHP 115,000,000","Tandang Sora Avenue, Quezon City, Metro Manila",,967 m²,,,Vacant,Semi-Furnished,11 Nov 14:12,Grace L.,"['PHP 115,000,000', 'Tandang Sora Avenue, Quezon City, Metro Manila', 'Status:', 'Vacant', 'Furnishing:', 'Semi-Furnished', 'Area:', '967 m²', 'Available from:', '11 Nov']"
"Commercial land For Sale in Quezon City, Metro Manila",https://lifenavi.com/ph/properties/quezon-city/for-sale/commercial-land/neopolitan-business-park-qc-for-sale-1509-sqm-com-lot-ln395795,"PHP 147,882,000","Novaliches, Quezon City, Metro Manila",,1509 m²,,,Vacant,Unfurnished,11 Nov 14:11,Grace L.,"['PHP 147,882,000', 'Novaliches, Quezon City, Metro Manila', 'Status:', 'Vacant', 'Furnishing:', 'Unfurnished', 'Area:', '1509 m²', 'Available from:', '11 Nov']"
"Commercial land For Sale in Makati City, Metro Manila",https://lifenavi.com/ph/properties/makati-city/for-sale/commercial-land/660-sqm-huge-prime-vacant-lot-for-sale-in-makati-ln111863,"PHP 300,000,000","Makati City, Metro Manila",,660 m²,,,Vacant,Unfurnished,11 Nov 14:11,Grace L.,"['PHP 300,000,000', 'Makati City, Metro Manila', 'Status:', 'Vacant', 'Furnishing:', 'Unfurnished', 'Area:', '660 m²', 'Available from:', '11 Nov']"
"Commercial land For Sale in Mataas Na Kahoy, Calabarzon",https://lifenavi.com/ph/properties/mataas-na-kahoy/for-sale/commercial-land/rush-sale-farm-lot-for-sale-in-mataas-na-kahoy-batangas-ln965170,"PHP 30,000,000","Mataas Na Kahoy, Calabarzon",,8232 m²,,,Vacant,Unfurnished,11 Nov 14:10,Grace L.,"['PHP 30,000,000', 'Mataas Na Kahoy, Calabarzon', 'Status:', 'Vacant', 'Furnishing:', 'Unfurnished', 'Area:', '8232 m²', 'Available from:', '11 Nov']"
"Condo For Sale in Yakal, Makati City",https://lifenavi.com/ph/properties/makati-city/for-sale/condo/the-rise-for-sale-1-bedroom-condo-in-makati-city-ln291689,"PHP 5,500,000","Yakal, Makati City, Metro Manila, 1203",,28 m²,1,1,Available from 11 Nov,,11 Nov 14:08,Grace L.,"['PHP 5,500,000', 'Yakal, Makati City, Metro Manila, 1203', 'Bedrooms:', '1', 'Area:', '28 m²', 'Bathrooms:', '1', 'Available from:', '11 Nov']"
"Residential floor For Sale in 35th Street, Taguig",https://lifenavi.com/ph/properties/taguig/for-sale/residential-floor/brand-new-1br-condo-for-sale-in-bgc-taguig-city-ln625662,"PHP 8,059,586","35th Street, Taguig, Metro Manila",,36.91 m²,1,1,Available from 11 Nov,,11 Nov 13:50,Grace L.,"['PHP 8,059,586', '35th Street, Taguig, Metro Manila', 'Bedrooms:', '1', 'Area:', '36.91 m²', 'Bathrooms:', '1', 'Available from:', '11 Nov']"
"Residential floor For Sale in Las Piñas, Metro Manila",https://lifenavi.com/ph/properties/las-pinas/for-sale/residential-floor/condo-unit-for-sale-in-viento-cerca-las-pinas-city-ln760708,"PHP 23,000,000","Las Piñas, Metro Manila",,79 m²,2,3,Available from 11 Nov,,11 Nov 13:45,Grace L.,"['PHP 23,000,000', 'Las Piñas, Metro Manila', 'Bedrooms:', '2', 'Area:', '79 m²', 'Bathrooms:', '3', 'Available from:', '11 Nov']"
"Residential floor For Sale in Makati City, Metro Manila",https://lifenavi.com/ph/properties/makati-city/for-sale/residential-floor/2-bedroom-condominium-for-sale-in-makati-city-ln687635,"PHP 30,000,000","Makati City, Metro Manila",,102.3 m²,1,1,Available from 11 Nov,,11 Nov 13:41,Grace L.,"['PHP 30,000,000', 'Makati City, Metro Manila', 'Bedrooms:', '1', 'Area:', '102.3 m²', 'Bathrooms:', '1', 'Available from:', '11 Nov']"
"House and Lot For Sale in 1630, Cedar Crest Road, Taguig",https://lifenavi.com/ph/properties/taguig/for-sale/house-and-lot/4br-house-for-sale-in-acacia-estates-taguig-city-ln533778,"PHP 85,000,000","1630, Cedar Crest Road, Taguig, Metro Manila",,649 m²,4,5,Available from 11 Nov,,11 Nov 13:30,Grace L.,"['PHP 85,000,000', '1630, Cedar Crest Road, Taguig, Metro Manila', 'Bedrooms:', '4', 'Area:', '649 m²', 'Bathrooms:', '5', 'Available from:', '11 Nov']"
"Residential floor For Sale in Chateau Road, Taguig",https://lifenavi.com/ph/properties/taguig/for-sale/residential-floor/2br-condo-for-sale-near-bgc-fort-ln980386,"PHP 22,765,000","Chateau Road, Taguig, Metro Manila",,78.2 m²,2,2,Available from 11 Nov,,11 Nov 13:15,Grace L.,"['PHP 22,765,000', 'Chateau Road, Taguig, Metro Manila', 'Bedrooms:', '2', 'Area:', '78.2 m²', 'Bathrooms:', '2', 'Available from:', '11 Nov']"
"Commercial land For Sale in Calamba, Calabarzon",https://lifenavi.com/ph/properties/calamba/for-sale/land-only/andacillo-nuvali-laguna-505-sqm-residential-vacant-lot-ln921648,"PHP 28,000,000","Calamba, Calabarzon",,505 m²,,,Vacant,Unfurnished,11 Nov 11:19,Grace L.,"['PHP 28,000,000', 'Calamba, Calabarzon', 'Status:', 'Vacant', 'Furnishing:', 'Unfurnished', 'Area:', '505 m²', 'Available from:', '11 Nov']"
"House and Lot For Sale in National Highway, Tagaytay City",https://lifenavi.com/ph/properties/tagaytay-city/for-sale/house-and-lot/8br-airbnb-villa-house-and-lot-for-sale-tagaytay-ln654257,"PHP 110,000,000","National Highway, Tagaytay City, Calabarzon, 4120",,800 m²,5+,6+,Available from 11 Nov,,11 Nov 11:15,Grace L.,"['PHP 110,000,000', 'National Highway, Tagaytay City, Calabarzon, 4120', 'Bedrooms:', '5+', 'Area:', '800 m²', 'Bathrooms:', '6+', 'Available from:', '11 Nov']"
"Condo For Sale in 3158, J.P Rizal Road, Manila",https://lifenavi.com/ph/properties/manila/for-sale/condo/park-west-taguig-for-sale-2-br-condo-ln710920,"PHP 19,200,000","3158, J.P Rizal Road, Manila, Metro Manila",,72 m²,2,2,Available from 11 Nov,,11 Nov 11:07,Grace L.,"['PHP 19,200,000', '3158, J.P Rizal Road, Manila, Metro Manila', 'Bedrooms:', '2', 'Area:', '72 m²', 'Bathrooms:', '2', 'Available from:', '11 Nov']"
"Commercial land For Sale in City of Santa Rosa, Calabarzon",https://lifenavi.com/ph/properties/city-of-santa-rosa/for-sale/commercial-land/for-sale-double-cor-lot-in-westborough-town-center-laguna-ln673807,"PHP 329,280,000","City of Santa Rosa, Calabarzon",,2058 m²,,,Vacant,Unfurnished,11 Nov 10:59,Grace L.,"['PHP 329,280,000', 'City of Santa Rosa, Calabarzon', 'Status:', 'Vacant', 'Furnishing:', 'Unfurnished', 'Area:', '2058 m²', 'Available from:', '11 Nov']"
"Commercial land For Sale in City of Santa Rosa, Calabarzon",https://lifenavi.com/ph/properties/city-of-santa-rosa/for-sale/commercial-land/westborough-town-center-laguna-for-sale-2109-sqm-com-lot-ln876513,"PHP 337,440,000","City of Santa Rosa, Calabarzon",,2109 m²,,,Vacant,Unfurnished,11 Nov 10:55,Grace L.,"['PHP 337,440,000', 'City of Santa Rosa, Calabarzon', 'Status:', 'Vacant', 'Furnishing:', 'Unfurnished', 'Area:', '2109 m²', 'Available from:', '11 Nov']"
"Office For Sale in 34th Street, Taguig",https://lifenavi.com/ph/properties/taguig/for-sale/office/capital-house-taguig-office-space-for-sale-ln606533,"PHP 13,500,000","34th Street, Taguig, Metro Manila",,62 m²,,,Vacant,Unfurnished,11 Nov 10:45,Grace L.,"['PHP 13,500,000', '34th Street, Taguig, Metro Manila', 'Status:', 'Vacant', 'Furnishing:', 'Unfurnished', 'Area:', '62 m²', 'Available from:', '11 Nov']"
"Commercial land For Sale in Kamias Road, Quezon City",https://lifenavi.com/ph/properties/quezon-city/for-sale/commercial-land/3-commercial-lots-for-sale-in-kamias-rd-near-timog-ave-qc-ln738268,"PHP 78,000,000","Kamias Road, Diliman, Quezon City, Metro Manila",,1050 m²,,,Vacant,Semi-Furnished,11 Nov 10:35,Grace L.,"['PHP 78,000,000', 'Kamias Road, Diliman, Quezon City, Metro Manila', 'Status:', 'Vacant', 'Furnishing:', 'Semi-Furnished', 'Area:', '1050 m²', 'Available from:', '11 Nov']"
"Condo For Sale in 35th Street, Taguig",https://lifenavi.com/ph/properties/taguig/for-sale/condo/the-montane-bgc-taguig-city-for-sale-1-br-condo-ln718521,"PHP 8,059,586","35th Street, Taguig, Metro Manila",,36 m²,1,1,Available from 11 Nov,,11 Nov 10:20,Grace L.,"['PHP 8,059,586', '35th Street, Taguig, Metro Manila', 'Bedrooms:', '1', 'Area:', '36 m²', 'Bathrooms:', '1', 'Available from:', '11 Nov']"
"Condo For Sale in Corner, McKinley Parkway, Taguig",https://lifenavi.com/ph/properties/taguig/for-sale/condo/tuscany-private-estate-taguig-for-sale-1-br-condo-ln718861,"PHP 15,000,000","Corner, McKinley Parkway, Taguig, Metro Manila",,69 m²,1,2,Available from 11 Nov,,11 Nov 10:11,Grace L.,"['PHP 15,000,000', 'Corner, McKinley Parkway, Taguig, Metro Manila', 'Bedrooms:', '1', 'Area:', '69 m²', 'Bathrooms:', '2', 'Available from:', '11 Nov']"
"Condo For Sale in East Capitol Drive, Pasig",https://lifenavi.com/ph/properties/pasig/for-sale/condo/the-royalton-at-capital-commons-pasig-for-sale-2br-condo-ln415938,"PHP 26,000,000","East Capitol Drive, Pasig, Metro Manila",,102 m²,3,2,Available from 11 Nov,,11 Nov 09:51,Grace L.,"['PHP 26,000,000', 'East Capitol Drive, Pasig, Metro Manila', 'Bedrooms:', '3', 'Area:', '102 m²', 'Bathrooms:', '2', 'Available from:', '11 Nov']"
"House and Lot For Sale in Cavite, Calabarzon",https://lifenavi.com/ph/properties/cavite/for-sale/house-and-lot/house-for-sale-amadeo-cavite-ad-706-ln781009,"PHP 70,000,000","Cavite, Calabarzon",,00 m²,4,4,Available from 7 Feb,,11 Nov 09:32,Housing I.,"['PHP 70,000,000', 'Cavite, Calabarzon', 'Bedrooms:', '4', 'Area:', '00 m²', 'Bathrooms:', '4', 'Available from:', '7 Feb']"
"Condo For Sale in 1, McKinley Parkway, Makati City",https://lifenavi.com/ph/properties/makati-city/for-sale/condo/fully-furnished-2br-unit-with-parking-for-sale-in-the-trion-towers-ad-705-ln275592,"PHP 16,000,000","1, McKinley Parkway, Makati City, Metro Manila",,54 m²,2,2,Available from 7 Jan,,11 Nov 09:32,Housing I.,"['PHP 16,000,000', '1, McKinley Parkway, Makati City, Metro Manila', 'Bedrooms:', '2', 'Area:', '54 m²', 'Bathrooms:', '2', 'Available from:', '7 Jan']"
"Condo For Sale in L.P. Leviste Street, Makati City",https://lifenavi.com/ph/properties/makati-city/for-sale/condo/a-1br-unit-for-sale-in-salcedo-square-ad-704-ln571528,"PHP 6,000,000","L.P. Leviste Street, Makati City, Metro Manila",,25 m²,1,1,Available from 7 Feb,,11 Nov 09:31,Housing I.,"['PHP 6,000,000', 'L.P. Leviste Street, Makati City, Metro Manila', 'Bedrooms:', '1', 'Area:', '25 m²', 'Bathrooms:', '1', 'Available from:', '7 Feb']"
"Condo For Sale in Taguig, Metro Manila",https://lifenavi.com/ph/properties/taguig/for-sale/condo/brandnew-3br-unit-with-balcony-and-parking-for-sale-in-grand-hyatt-residences-ad-703-ln619116,"PHP 100,000,000","Taguig, Metro Manila",,205 m²,3,3,Available from 7 Feb,,11 Nov 09:31,Housing I.,"['PHP 100,000,000', 'Taguig, Metro Manila', 'Bedrooms:', '3', 'Area:', '205 m²', 'Bathrooms:', '3', 'Available from:', '7 Feb']"
"Condo For Rent in 156, Amorsolo Street, Makati City",https://lifenavi.com/ph/properties/makati-city/for-rent/condo/for-rentsale-2br-unit-at-the-columns-legaspi-ad-702-ln525978,"PHP 70,000/ month","156, Amorsolo Street, Legazpi Village, Makati City, Metro Manila, 1229",,80 m²,2,2,Available from 1 Aug,,11 Nov 09:31,Housing I.,"['PHP 70,000/ month', '/ month', '156, Amorsolo Street, Legazpi Village, Makati City, Metro Manila, 1229', 'Bedrooms:', '2', 'Area:', '80 m²', 'Bathrooms:', '2', 'Available from:', '1 Aug']"
"Condo For Rent in 28, Amorsolo Drive, Makati City",https://lifenavi.com/ph/properties/makati-city/for-rent/condo/fully-furnished-2br-unit-for-lease-in-edades-tower-makati-ad-701-ln738195,"PHP 100,000/ month","28, Amorsolo Drive, Makati City, Metro Manila, 1210",,97 m²,2,2,Available from 10 Feb,,11 Nov 09:31,Housing I.,"['PHP 100,000/ month', '/ month', '28, Amorsolo Drive, Makati City, Metro Manila, 1210', 'Bedrooms:', '2', 'Area:', '97 m²', 'Bathrooms:', '2', 'Available from:', '10 Feb']"
"Condo For Rent in Paseo de Roxas, Makati City",https://lifenavi.com/ph/properties/makati-city/for-rent/condo/superb-2-bedroom-units-at-manila-tower-trag-for-rent-ad-700-ln111774,"PHP 150,000/ month","Paseo de Roxas, Makati City, Metro Manila",,136 m²,2,3,Available from 30 Jul,,11 Nov 09:31,Housing I.,"['PHP 150,000/ month', '/ month', 'Paseo de Roxas, Makati City, Metro Manila', 'Bedrooms:', '2', 'Area:', '136 m²', 'Bathrooms:', '3', 'Available from:', '30 Jul']"
"Condo For Rent in Internal Avenue, Mandaluyong City",https://lifenavi.com/ph/properties/mandaluyong-city/for-rent/condo/fully-furnished-3br-unit-with-parking-for-lease-in-st-francis-shangri-la-place-ad-699-ln677785,"PHP 140,000/ month","Internal Avenue, Ortigas Center, Mandaluyong City, Metro Manila",,119 m²,3,3,Available from 10 Feb,,11 Nov 09:31,Housing I.,"['PHP 140,000/ month', '/ month', 'Internal Avenue, Ortigas Center, Mandaluyong City, Metro Manila', 'Bedrooms:', '3', 'Area:', '119 m²', 'Bathrooms:', '3', 'Available from:', '10 Feb']"
"Condo For Rent in 1634, McKinley Parkway, Taguig",https://lifenavi.com/ph/properties/taguig/for-rent/condo/fully-furnished-3br-unit-with-parking-for-lease-in-two-serendra-ad-698-ln481551,"PHP 150,000/ month","1634, McKinley Parkway, Taguig, Metro Manila",,134 m²,3,2,Available from 8 Jan,,11 Nov 09:31,Housing I.,"['PHP 150,000/ month', '/ month', '1634, McKinley Parkway, Taguig, Metro Manila', 'Bedrooms:', '3', 'Area:', '134 m²', 'Bathrooms:', '2', 'Available from:', '8 Jan']"
"Condo For Rent in Makati City, Metro Manila",https://lifenavi.com/ph/properties/makati-city/for-rent/condo/fully-furnished-4br-unit-with-balcony-and-parking-for-lease-in-east-gallery-place-ad-697-ln744069,"PHP 575,000/ month","Makati City, Metro Manila",,338 m²,4,4,Available from 10 Feb,,11 Nov 09:31,Housing I.,"['PHP 575,000/ month', '/ month', 'Makati City, Metro Manila', 'Bedrooms:', '4', 'Area:', '338 m²', 'Bathrooms:', '4', 'Available from:', '10 Feb']"
"Condo For Rent in 1634, 11th Avenue, Taguig",https://lifenavi.com/ph/properties/taguig/for-rent/condo/fully-furnished-2br-unit-with-balcony-and-parking-for-lease-in-one-serendra-ad-696-ln481574,"PHP 160,000/ month","1634, 11th Avenue, Taguig, Metro Manila",,130.5 m²,2,2,Available from 10 Feb,,11 Nov 09:31,Housing I.,"['PHP 160,000/ month', '/ month', '1634, 11th Avenue, Taguig, Metro Manila', 'Bedrooms:', '2', 'Area:', '130.5 m²', 'Bathrooms:', '2', 'Available from:', '10 Feb']"
"Condo For Rent in 26th Street, Taguig",https://lifenavi.com/ph/properties/taguig/for-rent/condo/fully-furnished-3br-unit-with-parking-for-lease-in-icon-plaza-ad-695-ln184194,"PHP 220,000/ month","26th Street, Taguig, Metro Manila",,165 m²,3,3,Available from 14 Nov,,11 Nov 09:31,Housing I.,"['PHP 220,000/ month', '/ month', '26th Street, Taguig, Metro Manila', 'Bedrooms:', '3', 'Area:', '165 m²', 'Bathrooms:', '3', 'Available from:', '14 Nov']"
"Condo For Rent in 1, 1st Avenue, Taguig",https://lifenavi.com/ph/properties/taguig/for-rent/condo/fully-furnished-2-bedroom-unit-for-rent-in-bellagio-two-ad-694-ln646573,"PHP 100,000/ month","1, 1st Avenue, Taguig, Metro Manila",,93 m²,2,1,Available from 11 Feb,,11 Nov 09:31,Housing I.,"['PHP 100,000/ month', '/ month', '1, 1st Avenue, Taguig, Metro Manila', 'Bedrooms:', '2', 'Area:', '93 m²', 'Bathrooms:', '1', 'Available from:', '11 Feb']"
"Condo For Rent in 54, Corporate Avenue, Muntinlupa",https://lifenavi.com/ph/properties/muntinlupa/for-rent/condo/fully-furnished-2br-unit-for-rent-or-sale-in-bristol-at-parkway-place-ad-693-ln997053,"PHP 115,000/ month","54, Corporate Avenue, Muntinlupa, Metro Manila",,100 m²,2,2,Available from 11 Feb,,11 Nov 09:31,Housing I.,"['PHP 115,000/ month', '/ month', '54, Corporate Avenue, Muntinlupa, Metro Manila', 'Bedrooms:', '2', 'Area:', '100 m²', 'Bathrooms:', '2', 'Available from:', '11 Feb']"
"Condo For Rent in 54, Corporate Avenue, Muntinlupa",https://lifenavi.com/ph/properties/muntinlupa/for-rent/condo/fully-furnished-2br-unit-with-parking-for-lease-in-bristol-at-parkway-place-ad-692-ln875455,"PHP 130,000/ month","54, Corporate Avenue, Muntinlupa, Metro Manila",,99 m²,2,2,Available from 11 Feb,,11 Nov 09:31,Housing I.,"['PHP 130,000/ month', '/ month', '54, Corporate Avenue, Muntinlupa, Metro Manila', 'Bedrooms:', '2', 'Area:', '99 m²', 'Bathrooms:', '2', 'Available from:', '11 Feb']"
"Condo For Rent in 26th Street, Taguig",https://lifenavi.com/ph/properties/taguig/for-rent/condo/fully-furnished-3br-unit-for-lease-in-the-icon-plaza-ad-691-ln786363,"PHP 198,240/ month","26th Street, Taguig, Metro Manila",,165 m²,3,3,Available from 11 Feb,,11 Nov 09:31,Housing I.,"['PHP 198,240/ month', '/ month', '26th Street, Taguig, Metro Manila', 'Bedrooms:', '3', 'Area:', '165 m²', 'Bathrooms:', '3', 'Available from:', '11 Feb']"
"Condo For Rent in Taguig, Metro Manila",https://lifenavi.com/ph/properties/taguig/for-rent/condo/3br-penthouse-unit-with-parking-for-lease-in-arya-residences-ad-690-ln149652,"PHP 200,000/ month","Taguig, Metro Manila",,179 m²,3,3,Available from 11 Feb,,11 Nov 09:31,Housing I.,"['PHP 200,000/ month', '/ month', 'Taguig, Metro Manila', 'Bedrooms:', '3', 'Area:', '179 m²', 'Bathrooms:', '3', 'Available from:', '11 Feb']"
"Condo For Rent in #2811, 26th Street, Makati City",https://lifenavi.com/ph/properties/makati-city/for-rent/condo/fully-furnished-3br-unit-with-balcony-and-parking-for-lease-in-verve-residences-ad-689-ln788673,"PHP 150,000/ month","#2811, 26th Street, Makati City, Metro Manila, 1630",,126 m²,3,3,Available from 11 Feb,,11 Nov 09:31,Housing I.,"['PHP 150,000/ month', '/ month', '#2811, 26th Street, Makati City, Metro Manila, 1630', 'Bedrooms:', '3', 'Area:', '126 m²', 'Bathrooms:', '3', 'Available from:', '11 Feb']"
"House and Lot For Rent in 2274, Avocado, Makati City",https://lifenavi.com/ph/properties/makati-city/for-rent/house-and-lot/2-storey-house-for-lease-in-avocado-st-dasmarinas-village-ad-688-ln555418,"PHP 450,000/ month","2274, Avocado, Makati City, Metro Manila",,700 m²,4,4,Available from 11 Feb,,11 Nov 09:31,Housing I.,"['PHP 450,000/ month', '/ month', '2274, Avocado, Makati City, Metro Manila', 'Bedrooms:', '4', 'Area:', '700 m²', 'Bathrooms:', '4', 'Available from:', '11 Feb']"
"Condo For Sale in Taguig, Metro Manila",https://lifenavi.com/ph/properties/taguig/for-sale/condo/1br-unit-with-parking-for-sale-in-avant-at-the-fort-ad-687-ln561395,"PHP 11,000,000","Taguig, Metro Manila",,52 m²,1,1,Available from 11 Feb,,11 Nov 09:31,Housing I.,"['PHP 11,000,000', 'Taguig, Metro Manila', 'Bedrooms:', '1', 'Area:', '52 m²', 'Bathrooms:', '1', 'Available from:', '11 Feb']"
"Condo For Sale in 98, Perea, Makati City",https://lifenavi.com/ph/properties/makati-city/for-sale/condo/fully-furnished-3br-unit-with-parking-for-sale-in-the-shang-gradn-tower-ad-686-ln494576,"PHP 65,000,000","98, Perea, Makati City, Metro Manila",,274 m²,3,3,Available from 11 Feb,,11 Nov 09:31,Housing I.,"['PHP 65,000,000', '98, Perea, Makati City, Metro Manila', 'Bedrooms:', '3', 'Area:', '274 m²', 'Bathrooms:', '3', 'Available from:', '11 Feb']"
"Condo For Sale in 98, Perea, Makati City",https://lifenavi.com/ph/properties/makati-city/for-sale/condo/fully-furnished-3br-unit-with-parking-for-sale-in-the-shang-grand-tower-ad-685-ln127460,"PHP 72,800,000","98, Perea, Makati City, Metro Manila",,238 m²,3,3,Available from 11 Feb,,11 Nov 09:31,Housing I.,"['PHP 72,800,000', '98, Perea, Makati City, Metro Manila', 'Bedrooms:', '3', 'Area:', '238 m²', 'Bathrooms:', '3', 'Available from:', '11 Feb']"
"Condo For Rent in Rockwell Drive, Makati City",https://lifenavi.com/ph/properties/makati-city/for-rent/condo/fully-furnished-2br-unit-with-balcony-and-parking-for-lease-in-one-rockwell-ad-684-ln563276,"PHP 170,000/ month","Rockwell Drive, Makati City, Metro Manila",,150 m²,2,2,Available from 11 Feb,,11 Nov 09:31,Housing I.,"['PHP 170,000/ month', '/ month', 'Rockwell Drive, Makati City, Metro Manila', 'Bedrooms:', '2', 'Area:', '150 m²', 'Bathrooms:', '2', 'Available from:', '11 Feb']"
"House and Lot For Sale in Elliptical Road, Quezon City",https://lifenavi.com/ph/properties/quezon-city/for-sale/house-and-lot/5br-house-for-sale-in-quezon-memorial-circle-quezon-city-ad-683-ln203511,"PHP 33,000,000","Elliptical Road, Diliman, Quezon City, Metro Manila",,250 m²,5+,4,Available from 12 Feb,,11 Nov 09:31,Housing I.,"['PHP 33,000,000', 'Elliptical Road, Diliman, Quezon City, Metro Manila', 'Bedrooms:', '5+', 'Area:', '250 m²', 'Bathrooms:', '4', 'Available from:', '12 Feb']"
"Condo For Sale in Coronado, Mandaluyong City",https://lifenavi.com/ph/properties/mandaluyong-city/for-sale/condo/for-sale-2br-unit-in-acqua-private-residences-ad-682-ln620407,"PHP 13,000,000","Coronado, Mandaluyong City, Metro Manila",,53.15 m²,2,1,Available from 12 Feb,,11 Nov 09:31,Housing I.,"['PHP 13,000,000', 'Coronado, Mandaluyong City, Metro Manila', 'Bedrooms:', '2', 'Area:', '53.15 m²', 'Bathrooms:', '1', 'Available from:', '12 Feb']"
"Condo For Rent in Estrella, Makati City",https://lifenavi.com/ph/properties/makati-city/for-rent/condo/fully-furnished-3br-unit-with-balcony-and-parking-for-lease-in-proscenium-at-rockwell-ad-681-ln146559,"PHP 270,000/ month","Estrella, Makati City, Metro Manila",,250 m²,3,2,Available from 12 Feb,,11 Nov 09:30,Housing I.,"['PHP 270,000/ month', '/ month', 'Estrella, Makati City, Metro Manila', 'Bedrooms:', '3', 'Area:', '250 m²', 'Bathrooms:', '2', 'Available from:', '12 Feb']"
"Condo For Rent in Rockwell Drive, Makati City",https://lifenavi.com/ph/properties/makati-city/for-rent/condo/fully-furnished-2br-unit-with-parking-for-lease-in-one-rockwell-ad-680-ln689793,"PHP 150,000/ month","Rockwell Drive, Makati City, Metro Manila",,125 m²,2,2,Available from 12 Feb,,11 Nov 09:30,Housing I.,"['PHP 150,000/ month', '/ month', 'Rockwell Drive, Makati City, Metro Manila', 'Bedrooms:', '2', 'Area:', '125 m²', 'Bathrooms:', '2', 'Available from:', '12 Feb']"
"Condo For Rent in 30th Street, Taguig",https://lifenavi.com/ph/properties/taguig/for-rent/condo/fully-furnished-2br-unit-with-parking-slots-for-salelease-in-horizon-homes-at-shangri-la-at-the-fort-ad-679-ln574916,"PHP 450,000/ month","30th Street, Taguig, Metro Manila",,250 m²,2,2,Available from 12 Feb,,11 Nov 09:30,Housing I.,"['PHP 450,000/ month', '/ month', '30th Street, Taguig, Metro Manila', 'Bedrooms:', '2', 'Area:', '250 m²', 'Bathrooms:', '2', 'Available from:', '12 Feb']"
"Condo For Rent in Estrella, Makati City",https://lifenavi.com/ph/properties/makati-city/for-rent/condo/fully-furnished-3br-unit-with-parking-for-lease-in-proscenium-at-rockwell-ad-677-ln545458,"PHP 300,000/ month","Estrella, Makati City, Metro Manila",,238 m²,3,3,Available from 13 Feb,,11 Nov 09:30,Housing I.,"['PHP 300,000/ month', '/ month', 'Estrella, Makati City, Metro Manila', 'Bedrooms:', '3', 'Area:', '238 m²', 'Bathrooms:', '3', 'Available from:', '13 Feb']"
"House and Lot For Sale in Muntinlupa, Metro Manila",https://lifenavi.com/ph/properties/muntinlupa/for-sale/house-and-lot/brandnew-house-for-sale-in-ayala-alabang-village-ad-676-ln688458,"PHP 240,000,000","Muntinlupa, Metro Manila",,800 m²,5+,6+,Available from 13 Feb,,11 Nov 09:30,Housing I.,"['PHP 240,000,000', 'Muntinlupa, Metro Manila', 'Bedrooms:', '5+', 'Area:', '800 m²', 'Bathrooms:', '6+', 'Available from:', '13 Feb']"
"Condo For Rent in Estrella, Makati City",https://lifenavi.com/ph/properties/makati-city/for-rent/condo/semi-furnished-2br-unit-with-parking-for-lease-in-proscenium-at-rockwell-ad-675-ln888646,"PHP 140,000/ month","Estrella, Makati City, Metro Manila",,118 m²,2,2,Available from 13 Feb,,11 Nov 09:30,Housing I.,"['PHP 140,000/ month', '/ month', 'Estrella, Makati City, Metro Manila', 'Bedrooms:', '2', 'Area:', '118 m²', 'Bathrooms:', '2', 'Available from:', '13 Feb']"
"Condo For Rent in 2021, 9th Avenue, Makati City",https://lifenavi.com/ph/properties/makati-city/for-rent/condo/fully-furnished-2br-unit-with-balcony-and-parking-for-lease-in-uptown-ritz-residences-ad-674-ln828700,"PHP 130,000/ month","2021, 9th Avenue, Makati City, Metro Manila",,93.3 m²,2,1,Available from 13 Feb,,11 Nov 09:30,Housing I.,"['PHP 130,000/ month', '/ month', '2021, 9th Avenue, Makati City, Metro Manila', 'Bedrooms:', '2', 'Area:', '93.3 m²', 'Bathrooms:', '1', 'Available from:', '13 Feb']"
"Condo For Rent in 14F, West Street, Makati City",https://lifenavi.com/ph/properties/makati-city/for-rent/condo/a-3br-unit-for-salerent-in-park-terraces-makati-ad-673-ln621013,"PHP 190,000/ month","14F, West Street, Makati City, Metro Manila",,217 m²,3,2,Available from 16 Dec,,11 Nov 09:30,Housing I.,"['PHP 190,000/ month', '/ month', '14F, West Street, Makati City, Metro Manila', 'Bedrooms:', '3', 'Area:', '217 m²', 'Bathrooms:', '2', 'Available from:', '16 Dec']"
"Condo For Rent in 98, Perea, Makati City",https://lifenavi.com/ph/properties/makati-city/for-rent/condo/fully-furnished-2br-unit-with-parking-for-lease-in-the-shang-grand-tower-ad-672-ln382139,"PHP 130,000/ month","98, Perea, Makati City, Metro Manila",,136 m²,2,2,Available from 17 Feb,,11 Nov 09:30,Housing I.,"['PHP 130,000/ month', '/ month', '98, Perea, Makati City, Metro Manila', 'Bedrooms:', '2', 'Area:', '136 m²', 'Bathrooms:', '2', 'Available from:', '17 Feb']"
"Condo For Sale in 117, Eulogio Rodriguez Jr. Avenue, Pasig",https://lifenavi.com/ph/properties/pasig/for-sale/condo/for-salelease-2br-unit-the-grove-by-rockwell-ad-671-ln847376,"PHP 21,500,000","117, Eulogio Rodriguez Jr. Avenue, Pasig, Metro Manila",,109 m²,2,2,Available from 17 Feb,,11 Nov 09:30,Housing I.,"['PHP 21,500,000', '117, Eulogio Rodriguez Jr. Avenue, Pasig, Metro Manila', 'Bedrooms:', '2', 'Area:', '109 m²', 'Bathrooms:', '2', 'Available from:', '17 Feb']"
"Condo For Rent in 1st Avenue, Makati City",https://lifenavi.com/ph/properties/makati-city/for-rent/condo/fully-furnished-3br-unit-with-parking-for-lease-in-bonifacio-ridge-ad-670-ln713611,"PHP 150,000/ month","1st Avenue, Makati City, Metro Manila",,113 m²,3,2,Available from 17 Feb,,11 Nov 09:30,Housing I.,"['PHP 150,000/ month', '/ month', '1st Avenue, Makati City, Metro Manila', 'Bedrooms:', '3', 'Area:', '113 m²', 'Bathrooms:', '2', 'Available from:', '17 Feb']"
"House and Lot For Sale in Silang, Calabarzon",https://lifenavi.com/ph/properties/silang/for-sale/house-and-lot/brandnew-house-and-lot-for-sale-in-ayala-westgrove-heights-ad-669-ln861725,"PHP 120,000,000","Silang, Calabarzon",,1100 m²,5+,6+,Available from 17 Feb,,11 Nov 09:30,Housing I.,"['PHP 120,000,000', 'Silang, Calabarzon', 'Bedrooms:', '5+', 'Area:', '1100 m²', 'Bathrooms:', '6+', 'Available from:', '17 Feb']"
"House and Lot For Sale in Quezon City, Metro Manila",https://lifenavi.com/ph/properties/quezon-city/for-sale/house-and-lot/house-and-lot-for-sale-in-ferndale-homes-ayala-land-ad-668-ln452485,"PHP 60,000,000","Quezon City, Metro Manila",,500 m²,5+,4,Available from 17 Feb,,11 Nov 09:30,Housing I.,"['PHP 60,000,000', 'Quezon City, Metro Manila', 'Bedrooms:', '5+', 'Area:', '500 m²', 'Bathrooms:', '4', 'Available from:', '17 Feb']"
"Condo For Rent in Makati City, Metro Manila",https://lifenavi.com/ph/properties/makati-city/for-rent/condo/bi-level-3br-unit-with-balcony-and-parking-for-lease-in-edades-tower-ad-667-ln395712,"PHP 250,000/ month","Makati City, Metro Manila",,250 m²,3,3,Available from 17 Feb,,11 Nov 09:30,Housing I.,"['PHP 250,000/ month', '/ month', 'Makati City, Metro Manila', 'Bedrooms:', '3', 'Area:', '250 m²', 'Bathrooms:', '3', 'Available from:', '17 Feb']"
"Condo For Sale in Taguig, Metro Manila",https://lifenavi.com/ph/properties/taguig/for-sale/condo/fully-furnished-2br-unit-with-parking-for-sale-in-grand-hyatt-residences-ad-666-ln809148,"PHP 58,000,000","Taguig, Metro Manila",,133 m²,2,2,Available from 17 Feb,,11 Nov 09:30,Housing I.,"['PHP 58,000,000', 'Taguig, Metro Manila', 'Bedrooms:', '2', 'Area:', '133 m²', 'Bathrooms:', '2', 'Available from:', '17 Feb']"
"Condo For Sale in 105, St.Jude, Pasig",https://lifenavi.com/ph/properties/pasig/for-sale/condo/studio-unit-with-parking-for-sale-in-the-travertine-at-portico-ad-665-ln234256,"PHP 9,990,000","105, St.Jude, Pasig, Metro Manila, 1605",,30 m²,Studio,1,Available from 18 Feb,,11 Nov 09:30,Housing I.,"['PHP 9,990,000', '105, St.Jude, Pasig, Metro Manila, 1605', 'Bedrooms:', 'Studio', 'Area:', '30 m²', 'Bathrooms:', '1', 'Available from:', '18 Feb']"
"Condo For Sale in 160, Legazpi Street, Makati City",https://lifenavi.com/ph/properties/makati-city/for-sale/condo/beautifully-furnished-penthouse-unit-for-sale-in-the-grand-midori-ad-664-ln488504,"PHP 66,000,000","160, Legazpi Street, Legazpi Village, Makati City, Kalakhang Maynila, 1229",,192 m²,3,3,Available from 18 Feb,,11 Nov 09:30,Housing I.,"['PHP 66,000,000', '160, Legazpi Street, Legazpi Village, Makati City, Kalakhang Maynila, 1229', 'Bedrooms:', '3', 'Area:', '192 m²', 'Bathrooms:', '3', 'Available from:', '18 Feb']"
"Condo For Sale in 114, Valero Access Road 4, Makati City",https://lifenavi.com/ph/properties/makati-city/for-sale/condo/1br-unit-for-sale-in-three-central-makati-ad-663-ln316855,"PHP 9,500,000","114, Valero Access Road 4, Makati City, Metro Manila",,47.5 m²,1,1,Available from 19 Feb,,11 Nov 09:30,Housing I.,"['PHP 9,500,000', '114, Valero Access Road 4, Makati City, Metro Manila', 'Bedrooms:', '1', 'Area:', '47.5 m²', 'Bathrooms:', '1', 'Available from:', '19 Feb']"
"Condo For Rent in 14F, West Street, Makati City",https://lifenavi.com/ph/properties/makati-city/for-rent/condo/fully-furnished-1br-unit-with-parking-for-lease-in-park-terraces-ad-662-ln637141,"PHP 110,000/ month","14F, West Street, Makati City, Metro Manila",,83 m²,1,1,Available from 19 Feb,,11 Nov 09:30,Housing I.,"['PHP 110,000/ month', '/ month', '14F, West Street, Makati City, Metro Manila', 'Bedrooms:', '1', 'Area:', '83 m²', 'Bathrooms:', '1', 'Available from:', '19 Feb']"
"Condo For Sale in Taguig, Metro Manila",https://lifenavi.com/ph/properties/taguig/for-sale/condo/3br-unit-with-parking-for-sale-in-fuyu-tower-ad-661-ln360307,"PHP 223,788,000","Taguig, Metro Manila",,367.25 m²,3,3,Available from 19 Feb,,11 Nov 09:30,Housing I.,"['PHP 223,788,000', 'Taguig, Metro Manila', 'Bedrooms:', '3', 'Area:', '367.25 m²', 'Bathrooms:', '3', 'Available from:', '19 Feb']"
"Condo For Sale in Taguig, Metro Manila",https://lifenavi.com/ph/properties/taguig/for-sale/condo/3br-unit-with-parking-for-sale-in-fuyu-tower-ad-660-ln581045,"PHP 219,974,000","Taguig, Metro Manila",,368 m²,3,3,Available from 19 Feb,,11 Nov 09:30,Housing I.,"['PHP 219,974,000', 'Taguig, Metro Manila', 'Bedrooms:', '3', 'Area:', '368 m²', 'Bathrooms:', '3', 'Available from:', '19 Feb']"
"Condo For Sale in Upper McKinley Hill, Taguig",https://lifenavi.com/ph/properties/taguig/for-sale/condo/fully-furnished-studio-unit-for-sale-in-the-venice-luxury-residences-ad-659-ln549958,"PHP 8,000,000","Upper McKinley Hill, Taguig, Metro Manila, 1630",,39.5 m²,Studio,1,Available from 20 Feb,,11 Nov 09:30,Housing I.,"['PHP 8,000,000', 'Upper McKinley Hill, Taguig, Metro Manila, 1630', 'Bedrooms:', 'Studio', 'Area:', '39.5 m²', 'Bathrooms:', '1', 'Available from:', '20 Feb']"
"Condo For Sale in Cruzada Street, Makati City",https://lifenavi.com/ph/properties/makati-city/for-sale/condo/fully-furnished-3br-unit-with-parking-for-sale-in-two-roxas-triangle-ad-658-ln314265,"PHP 155,400,000","Cruzada Street, Makati City, Metro Manila",,331 m²,3,4,Available from 20 Feb,,11 Nov 09:30,Housing I.,"['PHP 155,400,000', 'Cruzada Street, Makati City, Metro Manila', 'Bedrooms:', '3', 'Area:', '331 m²', 'Bathrooms:', '4', 'Available from:', '20 Feb']"
"House and Lot For Rent in Makati City, Metro Manila",https://lifenavi.com/ph/properties/makati-city/for-rent/house-and-lot/4be-house-for-rent-in-forbes-park-ad-657-ln356935,"PHP 560,000/ month","Makati City, Metro Manila",,800 m²,4,4,Available from 20 Feb,,11 Nov 09:29,Housing I.,"['PHP 560,000/ month', '/ month', 'Makati City, Metro Manila', 'Bedrooms:', '4', 'Area:', '800 m²', 'Bathrooms:', '4', 'Available from:', '20 Feb']"
"Condo For Sale in Taguig, Metro Manila",https://lifenavi.com/ph/properties/taguig/for-sale/condo/grand-hyatt-bgc-4br-penthouse-unit-for-sale-in-grand-hyatt-residences-ad-656-ln868120,"PHP 143,000,000","Taguig, Metro Manila",,300 m²,4,3,Available from 20 Feb,,11 Nov 09:29,Housing I.,"['PHP 143,000,000', 'Taguig, Metro Manila', 'Bedrooms:', '4', 'Area:', '300 m²', 'Bathrooms:', '3', 'Available from:', '20 Feb']"
"Condo For Rent in cor, 3rd Avenue, Taguig",https://lifenavi.com/ph/properties/taguig/for-rent/condo/3br-unit-with-parking-for-lease-in-the-suites-ad-655-ln427880,"PHP 350,000/ month","cor, 3rd Avenue, Taguig, Metro Manila",,249 m²,3,3,Available from 20 Feb,,11 Nov 09:29,Housing I.,"['PHP 350,000/ month', '/ month', 'cor, 3rd Avenue, Taguig, Metro Manila', 'Bedrooms:', '3', 'Area:', '249 m²', 'Bathrooms:', '3', 'Available from:', '20 Feb']"
"Condo For Rent in 14F, West Street, Makati City",https://lifenavi.com/ph/properties/makati-city/for-rent/condo/fully-furnished-1br-unit-balcony-and-parking-for-lease-in-park-terraces-ad-654-ln701502,"PHP 100,000/ month","14F, West Street, Makati City, Metro Manila",,73 m²,1,1,Available from 20 Feb,,11 Nov 09:29,Housing I.,"['PHP 100,000/ month', '/ month', '14F, West Street, Makati City, Metro Manila', 'Bedrooms:', '1', 'Area:', '73 m²', 'Bathrooms:', '1', 'Available from:', '20 Feb']"
"House and Lot For Sale in Bacoor, Calabarzon",https://lifenavi.com/ph/properties/bacoor/for-sale/house-and-lot/house-and-lot-for-sale-in-citta-italia-molino-blvd-bacoor-cavite-ad-653-ln538342,"PHP 4,990,000","Bacoor, Calabarzon",,00 m²,3,2,Available from 21 Feb,,11 Nov 09:29,Housing I.,"['PHP 4,990,000', 'Bacoor, Calabarzon', 'Bedrooms:', '3', 'Area:', '00 m²', 'Bathrooms:', '2', 'Available from:', '21 Feb']"
"Land only For Sale in Antipolo, Calabarzon",https://lifenavi.com/ph/properties/antipolo/for-sale/land-only/lot-for-sale-in-antipolo-city-ad-652-ln179436,"PHP 6,360,000","Antipolo, Calabarzon, 1870",,00 m²,Studio,1,Available from 24 Feb,,11 Nov 09:29,Housing I.,"['PHP 6,360,000', 'Antipolo, Calabarzon, 1870', 'Bedrooms:', 'Studio', 'Area:', '00 m²', 'Bathrooms:', '1', 'Available from:', '24 Feb']"
"Condo For Rent in Pasig, Metro Manila",https://lifenavi.com/ph/properties/pasig/for-rent/condo/fully-furnished-2br-unit-with-parking-for-leasesale-in-parc-chateau-ad-651-ln754591,"PHP 115,000/ month","Ortigas Center, Pasig, Metro Manila",,125 m²,2,2,Available from 24 Feb,,11 Nov 09:29,Housing I.,"['PHP 115,000/ month', '/ month', 'Ortigas Center, Pasig, Metro Manila', 'Bedrooms:', '2', 'Area:', '125 m²', 'Bathrooms:', '2', 'Available from:', '24 Feb']"
"Condo For Sale in Estrella, Makati City",https://lifenavi.com/ph/properties/makati-city/for-sale/condo/fully-furnished-3br-unit-for-sale-in-proscenium-at-rockwell-ad-650-ln353664,"PHP 105,000,000","Estrella, Makati City, Metro Manila",,194 m²,3,3,Available from 24 Feb,,11 Nov 09:29,Housing I.,"['PHP 105,000,000', 'Estrella, Makati City, Metro Manila', 'Bedrooms:', '3', 'Area:', '194 m²', 'Bathrooms:', '3', 'Available from:', '24 Feb']"
"Condo For Rent in corner, 28th Street, Taguig",https://lifenavi.com/ph/properties/taguig/for-rent/condo/semi-furnished-3br-unit-with-balcony-and-parking-for-lease-in-east-gallery-place-ad-649-ln492518,"PHP 330,000/ month","corner, 28th Street, Taguig, Metro Manila",,200 m²,3,3,Available from 24 Feb,,11 Nov 09:29,Housing I.,"['PHP 330,000/ month', '/ month', 'corner, 28th Street, Taguig, Metro Manila', 'Bedrooms:', '3', 'Area:', '200 m²', 'Bathrooms:', '3', 'Available from:', '24 Feb']"
"Condo For Sale in Taguig, Metro Manila",https://lifenavi.com/ph/properties/taguig/for-sale/condo/fully-furnished-1br-unit-for-sale-in-grace-residences-ad-648-ln484447,"PHP 4,000,000","Taguig, Metro Manila",,22 m²,1,1,Available from 25 Feb,,11 Nov 09:29,Housing I.,"['PHP 4,000,000', 'Taguig, Metro Manila', 'Bedrooms:', '1', 'Area:', '22 m²', 'Bathrooms:', '1', 'Available from:', '25 Feb']"
"Condo For Rent in 14F, West Street, Makati City",https://lifenavi.com/ph/properties/makati-city/for-rent/condo/fully-furnished-3br-unit-with-parking-for-lease-in-park-terraces-ad-647-ln915031,"PHP 250,000/ month","14F, West Street, Makati City, Metro Manila",,250 m²,3,3,Available from 25 Feb,,11 Nov 09:29,Housing I.,"['PHP 250,000/ month', '/ month', '14F, West Street, Makati City, Metro Manila', 'Bedrooms:', '3', 'Area:', '250 m²', 'Bathrooms:', '3', 'Available from:', '25 Feb']"
"House and Lot For Rent in 231, Makiling, Muntinlupa",https://lifenavi.com/ph/properties/muntinlupa/for-rent/house-and-lot/house-for-rent-in-ayala-alabang-village-muntinlupa-city-ad-646-ln182232,"PHP 222,000/ month","231, Makiling, Muntinlupa, Metro Manila, 1780",,00 m²,5+,4,Available from 8 Dec,,11 Nov 09:29,Housing I.,"['PHP 222,000/ month', '/ month', '231, Makiling, Muntinlupa, Metro Manila, 1780', 'Bedrooms:', '5+', 'Area:', '00 m²', 'Bathrooms:', '4', 'Available from:', '8 Dec']"
"Condo For Rent in 1634, McKinley Parkway, Taguig",https://lifenavi.com/ph/properties/taguig/for-rent/condo/cozy-2br-condo-for-rent-at-two-serendra-bgc-ad-645-ln932572,"PHP 80,000/ month","1634, McKinley Parkway, Taguig, Metro Manila",,78 m²,2,2,Available from 1 Aug,,11 Nov 09:29,Housing I.,"['PHP 80,000/ month', '/ month', '1634, McKinley Parkway, Taguig, Metro Manila', 'Bedrooms:', '2', 'Area:', '78 m²', 'Bathrooms:', '2', 'Available from:', '1 Aug']"
"Condo For Rent in cor, 5th Avenue, Taguig",https://lifenavi.com/ph/properties/taguig/for-rent/condo/fully-furnished-1br-unit-for-lease-in-the-beaufort-ad-644-ln317357,"PHP 65,000/ month","cor, 5th Avenue, Taguig, Metro Manila",,56 m²,1,1,Available from 5 Mar,,11 Nov 09:29,Housing I.,"['PHP 65,000/ month', '/ month', 'cor, 5th Avenue, Taguig, Metro Manila', 'Bedrooms:', '1', 'Area:', '56 m²', 'Bathrooms:', '1', 'Available from:', '5 Mar']"
"Condo For Sale in 2016, 9th Avenue, Makati City",https://lifenavi.com/ph/properties/makati-city/for-sale/condo/fully-furnished-2br-corner-unit-with-balcony-for-lease-in-one-uptown-residences-ad-643-ln375702,"PHP 25,440,000","2016, 9th Avenue, Makati City, Metro Manila, 1634",,79.5 m²,2,2,Available from 25 Feb,,11 Nov 09:29,Housing I.,"['PHP 25,440,000', '2016, 9th Avenue, Makati City, Metro Manila, 1634', 'Bedrooms:', '2', 'Area:', '79.5 m²', 'Bathrooms:', '2', 'Available from:', '25 Feb']"
"Condo For Rent in 1634, McKinley Parkway, Taguig",https://lifenavi.com/ph/properties/taguig/for-rent/condo/fully-furnished-3br-unit-with-parking-for-lease-in-two-serendra-ad-642-ln936292,"PHP 160,000/ month","1634, McKinley Parkway, Taguig, Metro Manila",,125 m²,3,3,Available from 12 Feb,,11 Nov 09:29,Housing I.,"['PHP 160,000/ month', '/ month', '1634, McKinley Parkway, Taguig, Metro Manila', 'Bedrooms:', '3', 'Area:', '125 m²', 'Bathrooms:', '3', 'Available from:', '12 Feb']"
"House and Lot For Rent in Makati Avenue, Makati City",https://lifenavi.com/ph/properties/makati-city/for-rent/house-and-lot/2-level-duplex-house-for-lease-in-san-lorenzo-village-ad-641-ln154508,"PHP 250,000/ month","Makati Avenue, Makati City, Metro Manila",,380 m²,3,4,Available from 25 Feb,,11 Nov 09:29,Housing I.,"['PHP 250,000/ month', '/ month', 'Makati Avenue, Makati City, Metro Manila', 'Bedrooms:', '3', 'Area:', '380 m²', 'Bathrooms:', '4', 'Available from:', '25 Feb']"
"Condo For Sale in Le Grand Avenue, Taguig",https://lifenavi.com/ph/properties/taguig/for-sale/condo/rush-sale-brandnew-unit-in-park-mckinley-west-ad-640-ln781940,"PHP 9,500,000","Le Grand Avenue, McKinley West, Taguig, Metro Manila",,35 m²,1,1,Available from 25 Feb,,11 Nov 09:29,Housing I.,"['PHP 9,500,000', 'Le Grand Avenue, McKinley West, Taguig, Metro Manila', 'Bedrooms:', '1', 'Area:', '35 m²', 'Bathrooms:', '1', 'Available from:', '25 Feb']"
"Condo For Rent in corner, V.A. Rufino Street, Makati City",https://lifenavi.com/ph/properties/makati-city/for-rent/condo/1-bedroom-for-sale-in-signa-designer-residences-ad-639-ln358702,"PHP 40,000/ month","corner, V.A. Rufino Street, Makati City, Metro Manila",,37.2 m²,1,1,Available from 25 Feb,,11 Nov 09:29,Housing I.,"['PHP 40,000/ month', '/ month', 'corner, V.A. Rufino Street, Makati City, Metro Manila', 'Bedrooms:', '1', 'Area:', '37.2 m²', 'Bathrooms:', '1', 'Available from:', '25 Feb']"
"House and Lot For Sale in Tali Beach Drive, Nasugbu",https://lifenavi.com/ph/properties/nasugbu/for-sale/house-and-lot/premier-oceanview-residence-in-tali-beach-for-sale-ad-637-ln805315,"PHP 220,000,000","Tali Beach Drive, Nasugbu, Calabarzon",,1400 m²,5+,6+,Available from 25 Feb,,11 Nov 09:29,Housing I.,"['PHP 220,000,000', 'Tali Beach Drive, Nasugbu, Calabarzon', 'Bedrooms:', '5+', 'Area:', '1400 m²', 'Bathrooms:', '6+', 'Available from:', '25 Feb']"
"Condo For Sale in Estrella, Makati City",https://lifenavi.com/ph/properties/makati-city/for-sale/condo/fully-furnished-3br-unit-with-balcony-and-parking-for-sale-in-proscenium-at-rockwell-ad-636-ln344814,"PHP 99,900,000","Estrella, Makati City, Metro Manila",,224 m²,3,3,Available from 25 Feb,,11 Nov 09:29,Housing I.,"['PHP 99,900,000', 'Estrella, Makati City, Metro Manila', 'Bedrooms:', '3', 'Area:', '224 m²', 'Bathrooms:', '3', 'Available from:', '25 Feb']"
"Condo For Rent in 106, Don Carlos Palanca, Makati City",https://lifenavi.com/ph/properties/makati-city/for-rent/condo/fully-furnished-2br-for-rent-at-greenbelt-excelsior-makati-ad-635-ln777611,"PHP 75,000/ month","106, Don Carlos Palanca, Legazpi Village, Makati City, Kalakhang Maynila, 1229",,72 m²,2,3,Available from 25 Feb,,11 Nov 09:29,Housing I.,"['PHP 75,000/ month', '/ month', '106, Don Carlos Palanca, Legazpi Village, Makati City, Kalakhang Maynila, 1229', 'Bedrooms:', '2', 'Area:', '72 m²', 'Bathrooms:', '3', 'Available from:', '25 Feb']"
"House and Lot For Rent in 135-B, F.Zobel, Makati City",https://lifenavi.com/ph/properties/makati-city/for-rent/house-and-lot/spacious-3br-house-and-lot-for-rent-at-san-miguel-village-ad-634-ln455689,"PHP 120,000/ month","135-B, F.Zobel, Makati City, Metro Manila, 1210",,230 m²,3,3,Available from 26 Feb,,11 Nov 09:29,Housing I.,"['PHP 120,000/ month', '/ month', '135-B, F.Zobel, Makati City, Metro Manila, 1210', 'Bedrooms:', '3', 'Area:', '230 m²', 'Bathrooms:', '3', 'Available from:', '26 Feb']"
"Condo For Rent in 56, Estrella, Makati City",https://lifenavi.com/ph/properties/makati-city/for-rent/condo/semi-furnished-3br-unit-for-lease-in-proscenium-at-rockwell-ad-633-ln777454,"PHP 380,000/ month","56, Estrella, Makati City, Metro Manila",,315 m²,3,3,Available from 26 Feb,,11 Nov 09:29,Housing I.,"['PHP 380,000/ month', '/ month', '56, Estrella, Makati City, Metro Manila', 'Bedrooms:', '3', 'Area:', '315 m²', 'Bathrooms:', '3', 'Available from:', '26 Feb']"
"Condo For Rent in Rockwell Drive, Makati City",https://lifenavi.com/ph/properties/makati-city/for-rent/condo/semi-furnished-2br-unit-with-parking-for-lease-in-one-rockwell-east-ad-632-ln951721,"PHP 135,000/ month","Rockwell Drive, Makati City, Metro Manila",,115 m²,2,2,Available from 26 Feb,,11 Nov 09:29,Housing I.,"['PHP 135,000/ month', '/ month', 'Rockwell Drive, Makati City, Metro Manila', 'Bedrooms:', '2', 'Area:', '115 m²', 'Bathrooms:', '2', 'Available from:', '26 Feb']"
"Land only For Sale in El Nido, Mimaropa",https://lifenavi.com/ph/properties/el-nido/for-sale/land-only/beach-property-for-sale-at-el-nido-palawan-ad-630-ln274109,"PHP 910,000,000","El Nido, Mimaropa",,00 m²,Studio,1,Available from 26 Feb,,11 Nov 09:29,Housing I.,"['PHP 910,000,000', 'El Nido, Mimaropa', 'Bedrooms:', 'Studio', 'Area:', '00 m²', 'Bathrooms:', '1', 'Available from:', '26 Feb']"
"Condo For Rent in Rockwell Drive, Makati City",https://lifenavi.com/ph/properties/makati-city/for-rent/condo/for-lease-3-bedroom-one-rockwell-ad-629-ln982936,"PHP 120,000/ month","Rockwell Drive, Makati City, Metro Manila",,127 m²,3,3,Available from 27 Feb,,11 Nov 09:28,Housing I.,"['PHP 120,000/ month', '/ month', 'Rockwell Drive, Makati City, Metro Manila', 'Bedrooms:', '3', 'Area:', '127 m²', 'Bathrooms:', '3', 'Available from:', '27 Feb']"
"Condo For Rent in 2820, Reliance Street, Mandaluyong City",https://lifenavi.com/ph/properties/mandaluyong-city/for-rent/condo/three-bedrooms-unit-for-salerent-at-flair-towers-ad-628-ln248614,"PHP 45,000/ month","2820, Reliance Street, Mandaluyong City, Metro Manila",,76 m²,3,2,Available from 27 Feb,,11 Nov 09:28,Housing I.,"['PHP 45,000/ month', '/ month', '2820, Reliance Street, Mandaluyong City, Metro Manila', 'Bedrooms:', '3', 'Area:', '76 m²', 'Bathrooms:', '2', 'Available from:', '27 Feb']"
"Condo For Rent in 26th St, 4th Avenue, Makati City",https://lifenavi.com/ph/properties/makati-city/for-rent/condo/fully-furnished-3br-unti-with-balcony-and-parking-for-lease-in-one-mckinley-place-ad-627-ln300786,"PHP 200,000/ month","26th St, 4th Avenue, Makati City, Metro Manila",,186 m²,3,3,Available from 26 Nov,,11 Nov 09:28,Housing I.,"['PHP 200,000/ month', '/ month', '26th St, 4th Avenue, Makati City, Metro Manila', 'Bedrooms:', '3', 'Area:', '186 m²', 'Bathrooms:', '3', 'Available from:', '26 Nov']"
"Condo For Rent in Makati City, Metro Manila",https://lifenavi.com/ph/properties/makati-city/for-rent/condo/for-lease-3br-unit-le-metropole-makati-ad-626-ln412131,"PHP 150,000/ month","Makati City, Metro Manila",,179 m²,3,3,Available from 16 Aug,,11 Nov 09:28,Housing I.,"['PHP 150,000/ month', '/ month', 'Makati City, Metro Manila', 'Bedrooms:', '3', 'Area:', '179 m²', 'Bathrooms:', '3', 'Available from:', '16 Aug']"
"For Rent in 3f, Hippodromo Street, Makati City",https://lifenavi.com/ph/properties/makati-city/for-rent/commercial/office-space-for-leasesale-in-makati-ad-625-ln990169,"PHP 60,000/ month","3f, Hippodromo Street, Makati City, Metro Manila",,79 m²,,,Vacant,Semi-Furnished,11 Nov 09:28,Housing I.,"['PHP 60,000/ month', '/ month', '3f, Hippodromo Street, Makati City, Metro Manila', 'Status:', 'Vacant', 'Furnishing:', 'Semi-Furnished', 'Area:', '79 m²', 'Available from:', '27 Feb']"
"Condo For Rent in cor, 8th Avenue, Taguig",https://lifenavi.com/ph/properties/taguig/for-rent/condo/fully-furnished-1br-unit-for-lease-in-the-seasons-residences-ad-624-ln262295,"PHP 95,000/ month","cor, 8th Avenue, Taguig, Metro Manila",,62 m²,1,1,Available from 27 Feb,,11 Nov 09:28,Housing I.,"['PHP 95,000/ month', '/ month', 'cor, 8th Avenue, Taguig, Metro Manila', 'Bedrooms:', '1', 'Area:', '62 m²', 'Bathrooms:', '1', 'Available from:', '27 Feb']"
"Condo For Rent in 2/F, 26th Street, Makati City",https://lifenavi.com/ph/properties/makati-city/for-rent/condo/fully-furnished-2br-unit-for-lease-in-the-infinity-tower-ad-623-ln885285,"PHP 110,000/ month","2/F, 26th Street, Makati City, Metro Manila",,125 m²,2,2,Available from 27 Feb,,11 Nov 09:28,Housing I.,"['PHP 110,000/ month', '/ month', '2/F, 26th Street, Makati City, Metro Manila', 'Bedrooms:', '2', 'Area:', '125 m²', 'Bathrooms:', '2', 'Available from:', '27 Feb']"
"Condo For Rent in 1st Avenue, Makati City",https://lifenavi.com/ph/properties/makati-city/for-rent/condo/fully-furnished-2br-unit-for-lease-in-bonifacio-ridge-ad-622-ln160809,"PHP 130,000/ month","1st Avenue, Makati City, Metro Manila",,120 m²,2,2,Available from 27 Feb,,11 Nov 09:28,Housing I.,"['PHP 130,000/ month', '/ month', '1st Avenue, Makati City, Metro Manila', 'Bedrooms:', '2', 'Area:', '120 m²', 'Bathrooms:', '2', 'Available from:', '27 Feb']"
"Condo For Sale in one, Eastwood Palm Tree Avenue, Quezon City",https://lifenavi.com/ph/properties/quezon-city/for-sale/condo/for-sale-1br-in-east-wood-le-grand-ad-621-ln378922,"PHP 5,500,000","one, Eastwood Palm Tree Avenue, Quezon City, Metro Manila, 1800",,48 m²,1,1,Available from 28 Feb,,11 Nov 09:28,Housing I.,"['PHP 5,500,000', 'one, Eastwood Palm Tree Avenue, Quezon City, Metro Manila, 1800', 'Bedrooms:', '1', 'Area:', '48 m²', 'Bathrooms:', '1', 'Available from:', '28 Feb']"
"House and Lot For Rent in Muntinlupa, Metro Manila",https://lifenavi.com/ph/properties/muntinlupa/for-rent/house-and-lot/2-storey-house-for-lease-in-ayala-alabang-village-ad-620-ln923454,"PHP 285,000/ month","Muntinlupa, Metro Manila",,450 m²,4,4,Available from 28 Feb,,11 Nov 09:28,Housing I.,"['PHP 285,000/ month', '/ month', 'Muntinlupa, Metro Manila', 'Bedrooms:', '4', 'Area:', '450 m²', 'Bathrooms:', '4', 'Available from:', '28 Feb']"
"Condo For Rent in 28, Plaza Drive, Makati City",https://lifenavi.com/ph/properties/makati-city/for-rent/condo/midcentury-2-bedroom-unit-for-rent-in-joya-lofts-and-towers-ad-619-ln263826,"PHP 95,000/ month","28, Plaza Drive, Makati City, Metro Manila",,79 m²,2,3,Available from 28 Feb,,11 Nov 09:28,Housing I.,"['PHP 95,000/ month', '/ month', '28, Plaza Drive, Makati City, Metro Manila', 'Bedrooms:', '2', 'Area:', '79 m²', 'Bathrooms:', '3', 'Available from:', '28 Feb']"
"House and Lot For Rent in 50, Madrid, Parañaque",https://lifenavi.com/ph/properties/paranaque/for-rent/house-and-lot/house-for-lease-in-merville-paranaque-ad-618-ln857272,"PHP 380,000/ month","50, Madrid, Parañaque, Metro Manila, 1709",,00 m²,5+,6+,Available from 28 Feb,,11 Nov 09:28,Housing I.,"['PHP 380,000/ month', '/ month', '50, Madrid, Parañaque, Metro Manila, 1709', 'Bedrooms:', '5+', 'Area:', '00 m²', 'Bathrooms:', '6+', 'Available from:', '28 Feb']"
"House and Lot For Rent in 5, A. Roxas Chua Circle, Muntinlupa",https://lifenavi.com/ph/properties/muntinlupa/for-rent/house-and-lot/house-and-lot-for-lease-in-pacific-village-alabang-ad-617-ln501456,"PHP 120,000/ month","5, A. Roxas Chua Circle, Alabang, Muntinlupa, Metro Manila, 1770",,250 m²,4,4,Available from 6 Jun,,11 Nov 09:28,Housing I.,"['PHP 120,000/ month', '/ month', '5, A. Roxas Chua Circle, Alabang, Muntinlupa, Metro Manila, 1770', 'Bedrooms:', '4', 'Area:', '250 m²', 'Bathrooms:', '4', 'Available from:', '6 Jun']"
"Condo For Rent in Corner, 36th Street, Makati City",https://lifenavi.com/ph/properties/makati-city/for-rent/condo/for-rent-1br-unit-madison-park-west-ad-616-ln290267,"PHP 45,000/ month","Corner, 36th Street, Makati City, Metro Manila, 1630",,39 m²,1,1,Available from 5 Mar,,11 Nov 09:28,Housing I.,"['PHP 45,000/ month', '/ month', 'Corner, 36th Street, Makati City, Metro Manila, 1630', 'Bedrooms:', '1', 'Area:', '39 m²', 'Bathrooms:', '1', 'Available from:', '5 Mar']"
"Condo For Rent in Pasig, Metro Manila",https://lifenavi.com/ph/properties/pasig/for-rent/condo/fully-furnished-2-bedroom-unit-for-rent-in-pasig-ad-615-ln928336,"PHP 110,000/ month","Pasig, Metro Manila",,110 m²,2,1,Available from 3 Mar,,11 Nov 09:28,Housing I.,"['PHP 110,000/ month', '/ month', 'Pasig, Metro Manila', 'Bedrooms:', '2', 'Area:', '110 m²', 'Bathrooms:', '1', 'Available from:', '3 Mar']"
"Condo For Rent in 1, 1st Avenue, Taguig",https://lifenavi.com/ph/properties/taguig/for-rent/condo/fully-furnished-2br-unit-for-lease-in-bellagio-2-ad-614-ln841401,"PHP 125,000/ month","1, 1st Avenue, Taguig, Metro Manila",,94 m²,2,2,Available from 3 Mar,,11 Nov 09:28,Housing I.,"['PHP 125,000/ month', '/ month', '1, 1st Avenue, Taguig, Metro Manila', 'Bedrooms:', '2', 'Area:', '94 m²', 'Bathrooms:', '2', 'Available from:', '3 Mar']"
"Condo For Sale in Taguig, Metro Manila",https://lifenavi.com/ph/properties/taguig/for-sale/condo/fully-furnished-3br-unit-with-parking-for-sale-in-grand-hyatt-residences-ad-613-ln551069,"PHP 61,050,000","Taguig, Metro Manila",,133 m²,3,3,Available from 3 Mar,,11 Nov 09:28,Housing I.,"['PHP 61,050,000', 'Taguig, Metro Manila', 'Bedrooms:', '3', 'Area:', '133 m²', 'Bathrooms:', '3', 'Available from:', '3 Mar']"
"Condo For Rent in 1, 1st Avenue, Taguig",https://lifenavi.com/ph/properties/taguig/for-rent/condo/fully-furnished-2br-unit-for-lease-in-bellagio-two-ad-612-ln986407,"PHP 125,000/ month","1, 1st Avenue, Taguig, Metro Manila",,95 m²,2,2,Available from 3 Mar,,11 Nov 09:28,Housing I.,"['PHP 125,000/ month', '/ month', '1, 1st Avenue, Taguig, Metro Manila', 'Bedrooms:', '2', 'Area:', '95 m²', 'Bathrooms:', '2', 'Available from:', '3 Mar']"
"Condo For Rent in Estrella, Makati City",https://lifenavi.com/ph/properties/makati-city/for-rent/condo/semi-furnished-3br-unit-with-parking-for-lease-in-proscenium-at-rockwell-ad-611-ln600633,"PHP 390,000/ month","Estrella, Makati City, Metro Manila",,315 m²,3,3,Available from 3 Mar,,11 Nov 09:28,Housing I.,"['PHP 390,000/ month', '/ month', 'Estrella, Makati City, Metro Manila', 'Bedrooms:', '3', 'Area:', '315 m²', 'Bathrooms:', '3', 'Available from:', '3 Mar']"
"Condo For Sale in 427, Malugay, Makati City",https://lifenavi.com/ph/properties/makati-city/for-sale/condo/unfurnished-studio-unit-for-sale-at-the-lerato-ad-610-ln966977,"PHP 6,300,000","427, Malugay, Makati City, Kalakhang Maynila",,32 m²,Studio,1,Available from 3 Mar,,11 Nov 09:28,Housing I.,"['PHP 6,300,000', '427, Malugay, Makati City, Kalakhang Maynila', 'Bedrooms:', 'Studio', 'Area:', '32 m²', 'Bathrooms:', '1', 'Available from:', '3 Mar']"
"Condo For Rent in Amorsolo Drive, Makati City",https://lifenavi.com/ph/properties/makati-city/for-rent/condo/unit-for-lease-in-amorsolo-square-east-tower-ad-609-ln791158,"PHP 160,000/ month","Amorsolo Drive, Makati City, Metro Manila",,156 m²,2,1,Available from 3 Dec,,11 Nov 09:28,Housing I.,"['PHP 160,000/ month', '/ month', 'Amorsolo Drive, Makati City, Metro Manila', 'Bedrooms:', '2', 'Area:', '156 m²', 'Bathrooms:', '1', 'Available from:', '3 Dec']"
"Condo For Sale in 98, Perea, Makati City",https://lifenavi.com/ph/properties/makati-city/for-sale/condo/spacious-and-minimalistic-designed-unit-in-one-of-shang-towers-ad-608-ln843416,"PHP 38,000,000","98, Perea, Makati City, Metro Manila",,135 m²,2,3,Available from 4 Mar,,11 Nov 09:28,Housing I.,"['PHP 38,000,000', '98, Perea, Makati City, Metro Manila', 'Bedrooms:', '2', 'Area:', '135 m²', 'Bathrooms:', '3', 'Available from:', '4 Mar']"
"Condo For Rent in corner, 28th Street, Taguig",https://lifenavi.com/ph/properties/taguig/for-rent/condo/fully-furnished-2br-unit-with-parking-for-rent-in-east-gallery-place-ad-607-ln289273,"PHP 200,000/ month","corner, 28th Street, Taguig, Metro Manila",,137 m²,2,2,Available from 4 Mar,,11 Nov 09:28,Housing I.,"['PHP 200,000/ month', '/ month', 'corner, 28th Street, Taguig, Metro Manila', 'Bedrooms:', '2', 'Area:', '137 m²', 'Bathrooms:', '2', 'Available from:', '4 Mar']"
"Condo For Rent in 2, Upper McKinley Hill, Taguig",https://lifenavi.com/ph/properties/taguig/for-rent/condo/semi-furnished-3br-penthouse-unit-with-parking-for-lease-in-mckinley-hill-garden-villas-ad-606-ln634747,"PHP 150,000/ month","2, Upper McKinley Hill, Taguig, Metro Manila",,170 m²,3,3,Available from 4 Mar,,11 Nov 09:28,Housing I.,"['PHP 150,000/ month', '/ month', '2, Upper McKinley Hill, Taguig, Metro Manila', 'Bedrooms:', '3', 'Area:', '170 m²', 'Bathrooms:', '3', 'Available from:', '4 Mar']"
"Condo For Rent in 1330, J.W. Diokno Boulevard, Pasay City",https://lifenavi.com/ph/properties/pasay-city/for-rent/condo/fully-furnished-3br-unit-with-balcony-for-lease-at-bay-garden-ad-605-ln489726,"PHP 70,000/ month","1330, J.W. Diokno Boulevard, Pasay City, Metro Manila",,60 m²,3,2,Available from 5 Mar,,11 Nov 09:27,Housing I.,"['PHP 70,000/ month', '/ month', '1330, J.W. Diokno Boulevard, Pasay City, Metro Manila', 'Bedrooms:', '3', 'Area:', '60 m²', 'Bathrooms:', '2', 'Available from:', '5 Mar']"
"Condo For Rent in Bank Drive, Mandaluyong City",https://lifenavi.com/ph/properties/mandaluyong-city/for-rent/condo/fully-furnished-1br-condo-unit-for-rent-at-the-bsa-twin-towers-ortigas-ad-604-ln648716,"PHP 30,000/ month","Bank Drive, Ortigas Center, Mandaluyong City, Metro Manila",,39.56 m²,1,1,Available from 5 Mar,,11 Nov 09:27,Housing I.,"['PHP 30,000/ month', '/ month', 'Bank Drive, Ortigas Center, Mandaluyong City, Metro Manila', 'Bedrooms:', '1', 'Area:', '39.56 m²', 'Bathrooms:', '1', 'Available from:', '5 Mar']"
"Condo For Rent in South Union Drive, Taguig",https://lifenavi.com/ph/properties/taguig/for-rent/condo/unfurnished-studio-unit-for-rent-ad-603-ln950538,"PHP 38,000/ month","South Union Drive, Taguig, Metro Manila, 1630",,28 m²,Studio,1,Available from 5 Mar,,11 Nov 09:27,Housing I.,"['PHP 38,000/ month', '/ month', 'South Union Drive, Taguig, Metro Manila, 1630', 'Bedrooms:', 'Studio', 'Area:', '28 m²', 'Bathrooms:', '1', 'Available from:', '5 Mar']"
"Condo For Rent in 38, Pasig Boulevard, Pasig",https://lifenavi.com/ph/properties/pasig/for-rent/condo/fully-furnished-2bedroom-condo-unit-for-rent-at-lumiere-residences-ad-601-ln408429,"PHP 30,000/ month","38, Pasig Boulevard, Pasig, Metro Manila",,54 m²,2,1,Available from 5 Mar,,11 Nov 09:27,Housing I.,"['PHP 30,000/ month', '/ month', '38, Pasig Boulevard, Pasig, Metro Manila', 'Bedrooms:', '2', 'Area:', '54 m²', 'Bathrooms:', '1', 'Available from:', '5 Mar']"
"House and Lot For Rent in 1235, Casino Street, Makati City",https://lifenavi.com/ph/properties/makati-city/for-rent/house-and-lot/classic-5-story-7-unit-apartment-for-lease-in-makati-ad-600-ln320494,"PHP 280,000/ month","1235, Casino Street, Makati City, Metro Manila",,350 m²,5+,6+,Available from 5 Mar,,11 Nov 09:27,Housing I.,"['PHP 280,000/ month', '/ month', '1235, Casino Street, Makati City, Metro Manila', 'Bedrooms:', '5+', 'Area:', '350 m²', 'Bathrooms:', '6+', 'Available from:', '5 Mar']"
"Condo For Rent in Coronado, Mandaluyong City",https://lifenavi.com/ph/properties/mandaluyong-city/for-rent/condo/affordable-1br-condo-unit-for-rent-at-the-acqua-private-residences-mandaluyong-ad-599-ln860922,"PHP 30,000/ month","Coronado, Mandaluyong City, Metro Manila",,30 m²,1,1,Available from 5 Mar,,11 Nov 09:27,Housing I.,"['PHP 30,000/ month', '/ month', 'Coronado, Mandaluyong City, Metro Manila', 'Bedrooms:', '1', 'Area:', '30 m²', 'Bathrooms:', '1', 'Available from:', '5 Mar']"
"Condo For Rent in 1634, 11th Avenue, Taguig",https://lifenavi.com/ph/properties/taguig/for-rent/condo/for-rent-3br-one-serendra-ad-598-ln943504,"PHP 260,000/ month","1634, 11th Avenue, Taguig, Metro Manila",,196 m²,3,1,Available from 5 Mar,,11 Nov 09:27,Housing I.,"['PHP 260,000/ month', '/ month', '1634, 11th Avenue, Taguig, Metro Manila', 'Bedrooms:', '3', 'Area:', '196 m²', 'Bathrooms:', '1', 'Available from:', '5 Mar']"
"House and Lot For Rent in Dasmarinas, Makati City",https://lifenavi.com/ph/properties/makati-city/for-rent/house-and-lot/2-storey-house-for-lease-in-dasmarinas-village-ad-597-ln626077,"PHP 500,000/ month","Dasmarinas, Makati City, Metro Manila",,400 m²,4,4,Available from 5 Mar,,11 Nov 09:27,Housing I.,"['PHP 500,000/ month', '/ month', 'Dasmarinas, Makati City, Metro Manila', 'Bedrooms:', '4', 'Area:', '400 m²', 'Bathrooms:', '4', 'Available from:', '5 Mar']"
"Condo For Rent in Taguig, Metro Manila",https://lifenavi.com/ph/properties/taguig/for-rent/condo/fully-furnished-2br-unit-with-parking-for-lease-in-west-gallery-place-ad-595-ln297094,"PHP 160,000/ month","Taguig, Metro Manila, 1634",,93 m²,2,2,Available from 5 Mar,,11 Nov 09:27,Housing I.,"['PHP 160,000/ month', '/ month', 'Taguig, Metro Manila, 1634', 'Bedrooms:', '2', 'Area:', '93 m²', 'Bathrooms:', '2', 'Available from:', '5 Mar']"
"Condo For Rent in Cruzada Street, Makati City",https://lifenavi.com/ph/properties/makati-city/for-rent/condo/fully-furnished-3br-unit-with-parking-for-lease-in-two-roxas-triangle-ad-594-ln719097,"PHP 380,000/ month","Cruzada Street, Makati City, Metro Manila",,303 m²,3,3,Available from 5 Mar,,11 Nov 09:27,Housing I.,"['PHP 380,000/ month', '/ month', 'Cruzada Street, Makati City, Metro Manila', 'Bedrooms:', '3', 'Area:', '303 m²', 'Bathrooms:', '3', 'Available from:', '5 Mar']"
"Condo For Rent in 32nd Street, Taguig",https://lifenavi.com/ph/properties/taguig/for-rent/condo/fully-furnished-1br-unit-with-balcony-and-parking-for-lease-in-one-serendra-ad-593-ln969434,"PHP 100,000/ month","32nd Street, Taguig, Metro Manila",,86 m²,1,1,Available from 5 Mar,,11 Nov 09:27,Housing I.,"['PHP 100,000/ month', '/ month', '32nd Street, Taguig, Metro Manila', 'Bedrooms:', '1', 'Area:', '86 m²', 'Bathrooms:', '1', 'Available from:', '5 Mar']"
"Condo For Rent in Taguig, Metro Manila",https://lifenavi.com/ph/properties/taguig/for-rent/condo/fully-furnished-1br-unit-with-parking-for-rentsale-in-west-gallery-place-ad-592-ln585909,"PHP 120,000/ month","Taguig, Metro Manila, 1634",,57 m²,1,1,Available from 5 Mar,,11 Nov 09:27,Housing I.,"['PHP 120,000/ month', '/ month', 'Taguig, Metro Manila, 1634', 'Bedrooms:', '1', 'Area:', '57 m²', 'Bathrooms:', '1', 'Available from:', '5 Mar']"
"Condo For Sale in 106, Aguirre, Makati City",https://lifenavi.com/ph/properties/makati-city/for-sale/condo/fully-furnished-huge-1bedroom-for-sale-at-greenbelt-radissons-ad-591-ln911753,"PHP 26,250,000","106, Aguirre, Legazpi Village, Makati City, Metro Manila, 1229",,75 m²,1,2,Available from 6 Mar,,11 Nov 09:27,Housing I.,"['PHP 26,250,000', '106, Aguirre, Legazpi Village, Makati City, Metro Manila, 1229', 'Bedrooms:', '1', 'Area:', '75 m²', 'Bathrooms:', '2', 'Available from:', '6 Mar']"
"Condo For Sale in 105, Tordesillas, Makati City",https://lifenavi.com/ph/properties/makati-city/for-sale/condo/for-sale-3br-unit-in-two-lafayette-square-salcedo-makati-ad-590-ln203708,"PHP 26,000,000","105, Tordesillas, Makati City, Kalakhang Maynila, 1227",,175 m²,3,1,Available from 13 Jan,,11 Nov 09:27,Housing I.,"['PHP 26,000,000', '105, Tordesillas, Makati City, Kalakhang Maynila, 1227', 'Bedrooms:', '3', 'Area:', '175 m²', 'Bathrooms:', '1', 'Available from:', '13 Jan']"
"Condo For Sale in 3, Forbestown Road, Makati City",https://lifenavi.com/ph/properties/makati-city/for-sale/condo/furnished-2br-unit-for-lease-in-bellagio-three-bgc-ad-589-ln869126,"PHP 23,500,000","3, Forbestown Road, Makati City, Metro Manila, 1634",,85 m²,2,1,Available from 6 Mar,,11 Nov 09:27,Housing I.,"['PHP 23,500,000', '3, Forbestown Road, Makati City, Metro Manila, 1634', 'Bedrooms:', '2', 'Area:', '85 m²', 'Bathrooms:', '1', 'Available from:', '6 Mar']"
"Condo For Rent in Le Grand Avenue, Taguig",https://lifenavi.com/ph/properties/taguig/for-rent/condo/fully-furnished-2br-unit-with-parking-for-lease-in-park-mckinley-west-ad-588-ln227375,"PHP 150,000/ month","Le Grand Avenue, McKinley West, Taguig, Metro Manila",,108 m²,2,2,Available from 6 Mar,,11 Nov 09:27,Housing I.,"['PHP 150,000/ month', '/ month', 'Le Grand Avenue, McKinley West, Taguig, Metro Manila', 'Bedrooms:', '2', 'Area:', '108 m²', 'Bathrooms:', '2', 'Available from:', '6 Mar']"
"Condo For Rent in Internal Avenue, Mandaluyong City",https://lifenavi.com/ph/properties/mandaluyong-city/for-rent/condo/nice-studio-condo-unit-for-rent-at-the-st-francis-shangri-la-place-ad-587-ln627998,"PHP 40,000/ month","Internal Avenue, Ortigas Center, Mandaluyong City, Metro Manila",,38 m²,Studio,1,Available from 7 Mar,,11 Nov 09:27,Housing I.,"['PHP 40,000/ month', '/ month', 'Internal Avenue, Ortigas Center, Mandaluyong City, Metro Manila', 'Bedrooms:', 'Studio', 'Area:', '38 m²', 'Bathrooms:', '1', 'Available from:', '7 Mar']"
"Condo For Rent in South Union Drive, Taguig",https://lifenavi.com/ph/properties/taguig/for-rent/condo/studio-unit-for-lease-in-one-union-place-taguig-ad-586-ln553925,"PHP 15,000/ month","South Union Drive, Taguig, Metro Manila, 1630",,24 m²,Studio,1,Available from 7 Mar,,11 Nov 09:27,Housing I.,"['PHP 15,000/ month', '/ month', 'South Union Drive, Taguig, Metro Manila, 1630', 'Bedrooms:', 'Studio', 'Area:', '24 m²', 'Bathrooms:', '1', 'Available from:', '7 Mar']"
"Condo For Rent in South Union Drive, Taguig",https://lifenavi.com/ph/properties/taguig/for-rent/condo/2br-unit-for-lease-in-one-union-place-taguig-ad-585-ln517556,"PHP 30,000/ month","South Union Drive, Taguig, Metro Manila, 1630",,50 m²,2,1,Available from 7 Mar,,11 Nov 09:27,Housing I.,"['PHP 30,000/ month', '/ month', 'South Union Drive, Taguig, Metro Manila, 1630', 'Bedrooms:', '2', 'Area:', '50 m²', 'Bathrooms:', '1', 'Available from:', '7 Mar']"
"Condo For Rent in 118, Gallardo, Makati City",https://lifenavi.com/ph/properties/makati-city/for-rent/condo/high-end-1-bedroom-bi-level-unit-for-saleren-at-eton-residences-greenbelt-makati-ad-584-ln419042,"PHP 50,000/ month","118, Gallardo, Legazpi Village, Makati City, Metro Manila",,47.78 m²,1,1,Available from 7 Mar,,11 Nov 09:27,Housing I.,"['PHP 50,000/ month', '/ month', '118, Gallardo, Legazpi Village, Makati City, Metro Manila', 'Bedrooms:', '1', 'Area:', '47.78 m²', 'Bathrooms:', '1', 'Available from:', '7 Mar']"
"Condo For Rent in 9th Avenue, Taguig",https://lifenavi.com/ph/properties/taguig/for-rent/condo/spacious-3br-corner-unit-with-parking-for-lease-in-avida-towers-verte-ad-583-ln785298,"PHP 75,000/ month","9th Avenue, Taguig, Metro Manila",,80.52 m²,3,2,Available from 1 Oct,,11 Nov 09:27,Housing I.,"['PHP 75,000/ month', '/ month', '9th Avenue, Taguig, Metro Manila', 'Bedrooms:', '3', 'Area:', '80.52 m²', 'Bathrooms:', '2', 'Available from:', '1 Oct']"
"Condo For Sale in 59, Real, Makati City",https://lifenavi.com/ph/properties/makati-city/for-sale/condo/bare-3br-unit-with-parking-for-sale-in-one-roxas-triangle-ad-582-ln939007,"PHP 120,990,000","59, Real, Makati City, Metro Manila, 1225",,308 m²,3,4,Available from 7 Mar,,11 Nov 09:27,Housing I.,"['PHP 120,990,000', '59, Real, Makati City, Metro Manila, 1225', 'Bedrooms:', '3', 'Area:', '308 m²', 'Bathrooms:', '4', 'Available from:', '7 Mar']"
"Condo For Sale in corner, 28th Street, Taguig",https://lifenavi.com/ph/properties/taguig/for-sale/condo/semi-furnished-3br-unit-with-parking-2-for-sale-in-east-gallery-place-ad-581-ln829889,"PHP 109,000,000","corner, 28th Street, Taguig, Metro Manila",,247 m²,3,3,Available from 7 Mar,,11 Nov 09:27,Housing I.,"['PHP 109,000,000', 'corner, 28th Street, Taguig, Metro Manila', 'Bedrooms:', '3', 'Area:', '247 m²', 'Bathrooms:', '3', 'Available from:', '7 Mar']"
"House and Lot For Sale in Acacia Street, Marikina",https://lifenavi.com/ph/properties/marikina/for-sale/house-and-lot/house-and-lot-for-sale-in-acacia-drive-marikina-city-ad-580-ln896166,"PHP 85,000,000","Acacia Street, Marikina, Metro Manila",,380 m²,4,4,Available from 7 Mar,,11 Nov 09:27,Housing I.,"['PHP 85,000,000', 'Acacia Street, Marikina, Metro Manila', 'Bedrooms:', '4', 'Area:', '380 m²', 'Bathrooms:', '4', 'Available from:', '7 Mar']"
"Condo For Rent in Estrella, Makati City",https://lifenavi.com/ph/properties/makati-city/for-rent/condo/fully-furnished-2br-unit-with-parking-for-lease-in-proscenium-residences-ad-579-ln404106,"PHP 145,000/ month","Estrella, Makati City, Metro Manila",,92 m²,2,2,Available from 7 Mar,,11 Nov 09:26,Housing I.,"['PHP 145,000/ month', '/ month', 'Estrella, Makati City, Metro Manila', 'Bedrooms:', '2', 'Area:', '92 m²', 'Bathrooms:', '2', 'Available from:', '7 Mar']"
"Condo For Rent in 56, Estrella, Makati City",https://lifenavi.com/ph/properties/makati-city/for-rent/condo/high-rise-unit-in-proscenium-rockwell-ad-578-ln569257,"PHP 120,000/ month","56, Estrella, Makati City, Metro Manila",,121 m²,2,2,Available from 10 Mar,,11 Nov 09:26,Housing I.,"['PHP 120,000/ month', '/ month', '56, Estrella, Makati City, Metro Manila', 'Bedrooms:', '2', 'Area:', '121 m²', 'Bathrooms:', '2', 'Available from:', '10 Mar']"
"Condo For Rent in Makati City, Metro Manila",https://lifenavi.com/ph/properties/makati-city/for-rent/condo/full-furnished-one-bedroom-condo-for-sale-at-the-linear-ad-577-ln639193,"PHP 30,000/ month","Makati City, Metro Manila",,34 m²,1,1,Available from 10 Mar,,11 Nov 09:26,Housing I.,"['PHP 30,000/ month', '/ month', 'Makati City, Metro Manila', 'Bedrooms:', '1', 'Area:', '34 m²', 'Bathrooms:', '1', 'Available from:', '10 Mar']"
"Condo For Sale in 427, Malugay, Makati City",https://lifenavi.com/ph/properties/makati-city/for-sale/condo/for-sale-studio-unit-the-lerato-makati-ad-576-ln857106,"PHP 5,500,000","427, Malugay, Makati City, Kalakhang Maynila",,31 m²,Studio,1,Available from 10 Mar,,11 Nov 09:26,Housing I.,"['PHP 5,500,000', '427, Malugay, Makati City, Kalakhang Maynila', 'Bedrooms:', 'Studio', 'Area:', '31 m²', 'Bathrooms:', '1', 'Available from:', '10 Mar']"
"Condo For Rent in Taguig, Metro Manila",https://lifenavi.com/ph/properties/taguig/for-rent/condo/a-3br-unit-in-royal-palm-residences-ad-575-ln905072,"PHP 45,000/ month","Taguig, Metro Manila, 1637",,81 m²,3,2,Available from 10 Mar,,11 Nov 09:26,Housing I.,"['PHP 45,000/ month', '/ month', 'Taguig, Metro Manila, 1637', 'Bedrooms:', '3', 'Area:', '81 m²', 'Bathrooms:', '2', 'Available from:', '10 Mar']"
"Condo For Rent in 100, Benavidez Street, Makati City",https://lifenavi.com/ph/properties/makati-city/for-rent/condo/studio-unit-for-rent-at-asia-tower-ad-574-ln268508,"PHP 29,000/ month","100, Benavidez Street, Legazpi Village, Makati City, Metro Manila, 1229",,38 m²,Studio,1,Available from 10 Mar,,11 Nov 09:26,Housing I.,"['PHP 29,000/ month', '/ month', '100, Benavidez Street, Legazpi Village, Makati City, Metro Manila, 1229', 'Bedrooms:', 'Studio', 'Area:', '38 m²', 'Bathrooms:', '1', 'Available from:', '10 Mar']"
"Condo For Rent in 105, Tordesillas, Makati City",https://lifenavi.com/ph/properties/makati-city/for-rent/condo/for-sale-for-lease-3br-unit-in-two-lafayette-square-makati-ad-573-ln695442,"PHP 85,000/ month","105, Tordesillas, Makati City, Kalakhang Maynila, 1227",,168 m²,3,3,Available from 30 Mar,,11 Nov 09:26,Housing I.,"['PHP 85,000/ month', '/ month', '105, Tordesillas, Makati City, Kalakhang Maynila, 1227', 'Bedrooms:', '3', 'Area:', '168 m²', 'Bathrooms:', '3', 'Available from:', '30 Mar']"
"Condo For Sale in corner, 28th Street, Taguig",https://lifenavi.com/ph/properties/taguig/for-sale/condo/fully-furnished-3br-unit-with-parking-for-sale-in-east-gallery-place-ad-572-ln339217,"PHP 122,100,000","corner, 28th Street, Taguig, Metro Manila",,299 m²,3,3,Available from 10 Mar,,11 Nov 09:26,Housing I.,"['PHP 122,100,000', 'corner, 28th Street, Taguig, Metro Manila', 'Bedrooms:', '3', 'Area:', '299 m²', 'Bathrooms:', '3', 'Available from:', '10 Mar']"
"Condo For Sale in Taguig, Metro Manila",https://lifenavi.com/ph/properties/taguig/for-sale/condo/bare-3br-unit-with-parking-for-sale-in-park-triangle-residences-ad-571-ln662830,"PHP 97,000,000","Taguig, Metro Manila",,232 m²,3,2,Available from 10 Mar,,11 Nov 09:26,Housing I.,"['PHP 97,000,000', 'Taguig, Metro Manila', 'Bedrooms:', '3', 'Area:', '232 m²', 'Bathrooms:', '2', 'Available from:', '10 Mar']"
"Condo For Rent in 14F, West Street, Makati City",https://lifenavi.com/ph/properties/makati-city/for-rent/condo/condo-for-lease-in-makati-ad-570-ln626610,"PHP 250,000/ month","14F, West Street, Makati City, Metro Manila",,187 m²,3,1,Available from 10 Mar,,11 Nov 09:26,Housing I.,"['PHP 250,000/ month', '/ month', '14F, West Street, Makati City, Metro Manila', 'Bedrooms:', '3', 'Area:', '187 m²', 'Bathrooms:', '1', 'Available from:', '10 Mar']"
"Condo For Rent in Makati City, Metro Manila",https://lifenavi.com/ph/properties/makati-city/for-rent/condo/fully-furnished-3br-penthouse-unit-with-parking-for-lease-in-the-milano-residences-ad-569-ln942938,"PHP 190,000/ month","Makati City, Metro Manila",,170 m²,3,3,Available from 10 Mar,,11 Nov 09:26,Housing I.,"['PHP 190,000/ month', '/ month', 'Makati City, Metro Manila', 'Bedrooms:', '3', 'Area:', '170 m²', 'Bathrooms:', '3', 'Available from:', '10 Mar']"
"Condo For Rent in Taguig, Metro Manila",https://lifenavi.com/ph/properties/taguig/for-rent/condo/semi-furnished-2br-unit-with-parking-for-lease-in-west-gallery-place-ad-568-ln124608,"PHP 170,000/ month","Taguig, Metro Manila, 1634",,120 m²,2,2,Available from 10 Mar,,11 Nov 09:26,Housing I.,"['PHP 170,000/ month', '/ month', 'Taguig, Metro Manila, 1634', 'Bedrooms:', '2', 'Area:', '120 m²', 'Bathrooms:', '2', 'Available from:', '10 Mar']"
"House and Lot For Sale in Malay, Western Visayas",https://lifenavi.com/ph/properties/malay/for-sale/house-and-lot/residential-villa-on-commercial-lot-for-sale-ad-567-ln611866,"PHP 44,500,000","Malay, Western Visayas",,371 m²,4,4,Available from 10 Mar,,11 Nov 09:26,Housing I.,"['PHP 44,500,000', 'Malay, Western Visayas', 'Bedrooms:', '4', 'Area:', '371 m²', 'Bathrooms:', '4', 'Available from:', '10 Mar']"
"House and Lot For Sale in Muntinlupa, Metro Manila",https://lifenavi.com/ph/properties/muntinlupa/for-sale/house-and-lot/fully-furnished-4-bedroom-house-for-sale-in-muntinlupa-ad-566-ln556677,"PHP 14,000,000","Katarungan Village, Muntinlupa, Metro Manila",,450 m²,4,4,Available from 10 Mar,,11 Nov 09:26,Housing I.,"['PHP 14,000,000', 'Katarungan Village, Muntinlupa, Metro Manila', 'Bedrooms:', '4', 'Area:', '450 m²', 'Bathrooms:', '4', 'Available from:', '10 Mar']"
"House and Lot For Sale in Kaimito, Pasig",https://lifenavi.com/ph/properties/pasig/for-sale/house-and-lot/4br-house-and-lot-for-sale-in-valle-verde-1-pasig-ad-565-ln339464,"PHP 198,690,000","Kaimito, Pasig, Metro Manila, 1604",,550 m²,4,4,Available from 6 Jan,,11 Nov 09:26,Housing I.,"['PHP 198,690,000', 'Kaimito, Pasig, Metro Manila, 1604', 'Bedrooms:', '4', 'Area:', '550 m²', 'Bathrooms:', '4', 'Available from:', '6 Jan']"
"Condo For Rent in 101, Don Celso S. Tuason Avenue, Antipolo",https://lifenavi.com/ph/properties/antipolo/for-rent/condo/european-inspired-unit-for-sale-at-antipolo-city-ad-564-ln812574,"PHP 350,000/ month","101, Don Celso S. Tuason Avenue, Antipolo, Calabarzon, 1870",,480 m²,3,3,Available from 11 Mar,,11 Nov 09:26,Housing I.,"['PHP 350,000/ month', '/ month', '101, Don Celso S. Tuason Avenue, Antipolo, Calabarzon, 1870', 'Bedrooms:', '3', 'Area:', '480 m²', 'Bathrooms:', '3', 'Available from:', '11 Mar']"
"Condo For Sale in Mandaluyong City, Metro Manila",https://lifenavi.com/ph/properties/mandaluyong-city/for-sale/condo/two-bedrooms-unit-for-sale-at-pioneer-woodlands-ad-563-ln639427,"PHP 8,600,000","Mandaluyong City, Metro Manila",,50.32 m²,2,1,Available from 11 Mar,,11 Nov 09:26,Housing I.,"['PHP 8,600,000', 'Mandaluyong City, Metro Manila', 'Bedrooms:', '2', 'Area:', '50.32 m²', 'Bathrooms:', '1', 'Available from:', '11 Mar']"
"Condo For Sale in 705, Valero, Makati City",https://lifenavi.com/ph/properties/makati-city/for-sale/condo/modern-1-bedroom-unit-with-balcony-for-sale-in-paseo-parkview-suites-ad-562-ln536737,"PHP 11,500,000","705, Valero, Makati City, Metro Manila, 1227",,67 m²,1,1,Available from 11 Mar,,11 Nov 09:26,Housing I.,"['PHP 11,500,000', '705, Valero, Makati City, Metro Manila, 1227', 'Bedrooms:', '1', 'Area:', '67 m²', 'Bathrooms:', '1', 'Available from:', '11 Mar']"
"Condo For Sale in corner, 40th Street, Taguig",https://lifenavi.com/ph/properties/taguig/for-sale/condo/1br-for-sale-in-avida-tower-taguig-city-ad-561-ln419159,"PHP 7,500,000","corner, 40th Street, Taguig, Metro Manila",,38 m²,1,1,Available from 11 Mar,,11 Nov 09:26,Housing I.,"['PHP 7,500,000', 'corner, 40th Street, Taguig, Metro Manila', 'Bedrooms:', '1', 'Area:', '38 m²', 'Bathrooms:', '1', 'Available from:', '11 Mar']"
"Condo For Sale in Makati City, Metro Manila",https://lifenavi.com/ph/properties/makati-city/for-sale/condo/2br-unit-for-sale-in-one-lafayette-salcedo-makati-city-ad-560-ln120204,"PHP 16,000,000","Makati City, Metro Manila",,111 m²,2,2,Available from 11 Mar,,11 Nov 09:26,Housing I.,"['PHP 16,000,000', 'Makati City, Metro Manila', 'Bedrooms:', '2', 'Area:', '111 m²', 'Bathrooms:', '2', 'Available from:', '11 Mar']"
"Condo For Rent in 705, Valero, Makati City",https://lifenavi.com/ph/properties/makati-city/for-rent/condo/nice-1br-condo-unit-for-rent-at-the-paseo-parkview-suites-makati-ad-559-ln947945,"PHP 50,000/ month","705, Valero, Makati City, Metro Manila, 1227",,67 m²,1,1,Available from 11 Mar,,11 Nov 09:25,Housing I.,"['PHP 50,000/ month', '/ month', '705, Valero, Makati City, Metro Manila, 1227', 'Bedrooms:', '1', 'Area:', '67 m²', 'Bathrooms:', '1', 'Available from:', '11 Mar']"
"Condo For Rent in 705, Valero, Makati City",https://lifenavi.com/ph/properties/makati-city/for-rent/condo/classy-airy-1-bedroom-for-rent-at-the-paseo-parkview-suites-ad-558-ln126030,"PHP 55,000/ month","705, Valero, Makati City, Metro Manila, 1227",,75 m²,1,1,Available from 12 Mar,,11 Nov 09:25,Housing I.,"['PHP 55,000/ month', '/ month', '705, Valero, Makati City, Metro Manila, 1227', 'Bedrooms:', '1', 'Area:', '75 m²', 'Bathrooms:', '1', 'Available from:', '12 Mar']"
"Condo For Sale in Corner, Washington, Makati City",https://lifenavi.com/ph/properties/makati-city/for-sale/condo/timeless-2-bedroom-bi-level-unit-for-salerent-in-victoria-de-makati-ad-557-ln825577,"PHP 8,000,000","Corner, Washington, Makati City, Metro Manila",,47 m²,Studio,1,Available from 12 Mar,,11 Nov 09:25,Housing I.,"['PHP 8,000,000', 'Corner, Washington, Makati City, Metro Manila', 'Bedrooms:', 'Studio', 'Area:', '47 m²', 'Bathrooms:', '1', 'Available from:', '12 Mar']"
"Condo For Sale in 2357, Yakal, Makati City",https://lifenavi.com/ph/properties/makati-city/for-sale/condo/fully-furnished-1br-unit-for-sale-in-air-residences-ad-556-ln567081,"PHP 5,500,000","2357, Yakal, Makati City, Kalakhang Maynila",,27 m²,1,1,Available from 12 Mar,,11 Nov 09:25,Housing I.,"['PHP 5,500,000', '2357, Yakal, Makati City, Kalakhang Maynila', 'Bedrooms:', '1', 'Area:', '27 m²', 'Bathrooms:', '1', 'Available from:', '12 Mar']"
"Condo For Rent in 121, H.V. Dela Costa, Makati City",https://lifenavi.com/ph/properties/makati-city/for-rent/condo/3br-unit-for-rent-in-salcedo-park-ad-555-ln472178,"PHP 145,000/ month","121, H.V. Dela Costa, Makati City, Metro Manila, 1200",,198 m²,4,3,Available from 24 Sep,,11 Nov 09:25,Housing I.,"['PHP 145,000/ month', '/ month', '121, H.V. Dela Costa, Makati City, Metro Manila, 1200', 'Bedrooms:', '4', 'Area:', '198 m²', 'Bathrooms:', '3', 'Available from:', '24 Sep']"
"House and Lot For Rent in 1222, Campanilla, Makati City",https://lifenavi.com/ph/properties/makati-city/for-rent/house-and-lot/4br-house-and-lot-for-sale-in-dasmarinas-village-ad-554-ln487261,"PHP 500,000/ month","1222, Campanilla, Makati City, Metro Manila",,460 m²,4,4,Available from 12 Mar,,11 Nov 09:25,Housing I.,"['PHP 500,000/ month', '/ month', '1222, Campanilla, Makati City, Metro Manila', 'Bedrooms:', '4', 'Area:', '460 m²', 'Bathrooms:', '4', 'Available from:', '12 Mar']"
"Condo For Sale in corner, 28th Street, Taguig",https://lifenavi.com/ph/properties/taguig/for-sale/condo/bare-2br-unit-with-balcony-and-parking-for-sale-in-east-gallery-place-ad-553-ln439696,"PHP 61,050,000","corner, 28th Street, Taguig, Metro Manila",,150 m²,2,2,Available from 12 Mar,,11 Nov 09:25,Housing I.,"['PHP 61,050,000', 'corner, 28th Street, Taguig, Metro Manila', 'Bedrooms:', '2', 'Area:', '150 m²', 'Bathrooms:', '2', 'Available from:', '12 Mar']"
"Condo For Rent in Estrella, Makati City",https://lifenavi.com/ph/properties/makati-city/for-rent/condo/furnished-3br-unit-with-parking-lots-for-lease-in-proscenium-at-rockwell-ad-552-ln972541,"PHP 250,000/ month","Estrella, Makati City, Metro Manila",,194 m²,3,3,Available from 12 Mar,,11 Nov 09:25,Housing I.,"['PHP 250,000/ month', '/ month', 'Estrella, Makati City, Metro Manila', 'Bedrooms:', '3', 'Area:', '194 m²', 'Bathrooms:', '3', 'Available from:', '12 Mar']"
"Condo For Sale in India Street, Cebu City",https://lifenavi.com/ph/properties/cebu-city/for-sale/condo/brandnew-studio-unit-for-sale-in-avida-riala-cebu-it-park-ad-551-ln556701,"PHP 3,900,000","India Street, Cebu City, Central Visayas, 6000",,22.8 m²,Studio,1,Available from 12 Mar,,11 Nov 09:25,Housing I.,"['PHP 3,900,000', 'India Street, Cebu City, Central Visayas, 6000', 'Bedrooms:', 'Studio', 'Area:', '22.8 m²', 'Bathrooms:', '1', 'Available from:', '12 Mar']"
"Condo For Rent in 131, H.V. Dela Costa, Makati City",https://lifenavi.com/ph/properties/makati-city/for-rent/condo/for-sale-2-bedroom-in-grand-soho-makati-ad-550-ln931210,"PHP 90,000/ month","131, H.V. Dela Costa, Makati City, Metro Manila, 1200",,100 m²,2,2,Available from 13 Mar,,11 Nov 09:25,Housing I.,"['PHP 90,000/ month', '/ month', '131, H.V. Dela Costa, Makati City, Metro Manila, 1200', 'Bedrooms:', '2', 'Area:', '100 m²', 'Bathrooms:', '2', 'Available from:', '13 Mar']"
"Condo For Rent in 71, Salamanca, Makati City",https://lifenavi.com/ph/properties/makati-city/for-rent/condo/for-lease-2br-corner-unit-gramercy-residences-ad-549-ln363593,"PHP 60,000/ month","71, Salamanca, Makati City, Kalakhang Maynila",,55 m²,2,1,Available from 13 Mar,,11 Nov 09:25,Housing I.,"['PHP 60,000/ month', '/ month', '71, Salamanca, Makati City, Kalakhang Maynila', 'Bedrooms:', '2', 'Area:', '55 m²', 'Bathrooms:', '1', 'Available from:', '13 Mar']"
"Condo For Rent in 3158, J.P Rizal Road, Manila",https://lifenavi.com/ph/properties/manila/for-rent/condo/for-lease-1br-unit-park-west-ad-548-ln479175,"PHP 40,000/ month","3158, J.P Rizal Road, Manila, Metro Manila",,35 m²,1,1,Available from 13 Mar,,11 Nov 09:25,Housing I.,"['PHP 40,000/ month', '/ month', '3158, J.P Rizal Road, Manila, Metro Manila', 'Bedrooms:', '1', 'Area:', '35 m²', 'Bathrooms:', '1', 'Available from:', '13 Mar']"
"House and Lot For Sale in Taguig, Metro Manila",https://lifenavi.com/ph/properties/taguig/for-sale/house-and-lot/luxurious-4-storey-4-bedroom-house-for-sale-in-afpovai-2-ad-547-ln639437,"PHP 71,600,000","Taguig, Metro Manila, 1630",,1000 m²,4,4,Available from 13 Mar,,11 Nov 09:25,Housing I.,"['PHP 71,600,000', 'Taguig, Metro Manila, 1630', 'Bedrooms:', '4', 'Area:', '1000 m²', 'Bathrooms:', '4', 'Available from:', '13 Mar']"
"Condo For Rent in Saint Francis, Mandaluyong City",https://lifenavi.com/ph/properties/mandaluyong-city/for-rent/condo/great-1br-condo-unit-for-rent-at-the-st-francis-shangri-la-place-mandaluyong-ad-546-ln668846,"PHP 65,000/ month","Saint Francis, Ortigas Center, Mandaluyong City, Metro Manila",,68 m²,1,1,Available from 13 Mar,,11 Nov 09:25,Housing I.,"['PHP 65,000/ month', '/ month', 'Saint Francis, Ortigas Center, Mandaluyong City, Metro Manila', 'Bedrooms:', '1', 'Area:', '68 m²', 'Bathrooms:', '1', 'Available from:', '13 Mar']"
"House and Lot For Sale in San Miguel, Central Luzon",https://lifenavi.com/ph/properties/san-miguel/for-sale/house-and-lot/for-sale-operational-resort-in-bulacan-ad-545-ln237273,"PHP 60,000,000","San Miguel, Central Luzon",,00 m²,Studio,1,Available from 13 Mar,,11 Nov 09:25,Housing I.,"['PHP 60,000,000', 'San Miguel, Central Luzon', 'Bedrooms:', 'Studio', 'Area:', '00 m²', 'Bathrooms:', '1', 'Available from:', '13 Mar']"
"Condo For Rent in corner, 28th Street, Taguig",https://lifenavi.com/ph/properties/taguig/for-rent/condo/fully-furnished-1br-unit-with-balcony-and-parking-for-lease-in-east-gallery-place-ad-544-ln769637,"PHP 110,000/ month","corner, 28th Street, Taguig, Metro Manila",,82 m²,1,1,Available from 13 Mar,,11 Nov 09:25,Housing I.,"['PHP 110,000/ month', '/ month', 'corner, 28th Street, Taguig, Metro Manila', 'Bedrooms:', '1', 'Area:', '82 m²', 'Bathrooms:', '1', 'Available from:', '13 Mar']"
"Condo For Rent in Makati City, Metro Manila",https://lifenavi.com/ph/properties/makati-city/for-rent/condo/for-rent-2br-unit-garden-towers-by-ayala-land-premier-ad-543-ln791636,"PHP 200,000/ month","Makati City, Metro Manila",,136 m²,2,3,Available from 1 Aug,,11 Nov 09:25,Housing I.,"['PHP 200,000/ month', '/ month', 'Makati City, Metro Manila', 'Bedrooms:', '2', 'Area:', '136 m²', 'Bathrooms:', '3', 'Available from:', '1 Aug']"
"Condo For Rent in 1630, Florence Way, Taguig",https://lifenavi.com/ph/properties/taguig/for-rent/condo/for-rent-1br-corner-unit-viceroy-residences-ad-542-ln572111,"PHP 37,000/ month","1630, Florence Way, Taguig, Metro Manila",,35 m²,1,1,Available from 1 Aug,,11 Nov 09:25,Housing I.,"['PHP 37,000/ month', '/ month', '1630, Florence Way, Taguig, Metro Manila', 'Bedrooms:', '1', 'Area:', '35 m²', 'Bathrooms:', '1', 'Available from:', '1 Aug']"
"Condo For Sale in L.P. Leviste Street, Makati City",https://lifenavi.com/ph/properties/makati-city/for-sale/condo/1br-semi-furnished-unit-for-sale-in-salcedo-square-makati-ad-541-ln767733,"PHP 7,500,000","L.P. Leviste Street, Makati City, Metro Manila",,32 m²,1,1,Available from 14 Mar,,11 Nov 09:24,Housing I.,"['PHP 7,500,000', 'L.P. Leviste Street, Makati City, Metro Manila', 'Bedrooms:', '1', 'Area:', '32 m²', 'Bathrooms:', '1', 'Available from:', '14 Mar']"
"Condo For Rent in 162, Valero, Makati City",https://lifenavi.com/ph/properties/makati-city/for-rent/condo/semi-furnished-2br-unit-for-rent-at-manhattan-square-makati-ad-540-ln656689,"PHP 75,000/ month","162, Valero, Makati City, Metro Manila, 1200",,136 m²,2,2,Available from 14 Mar,,11 Nov 09:24,Housing I.,"['PHP 75,000/ month', '/ month', '162, Valero, Makati City, Metro Manila, 1200', 'Bedrooms:', '2', 'Area:', '136 m²', 'Bathrooms:', '2', 'Available from:', '14 Mar']"
"Condo For Rent in 6821, Ayala Avenue, Makati City",https://lifenavi.com/ph/properties/makati-city/for-rent/condo/24m-t3-the-columns-ayala-ad-539-ln777643,"PHP 35,000/ month","6821, Ayala Avenue, Makati City, Metro Manila",,48 m²,1,1,Available from 14 Mar,,11 Nov 09:24,Housing I.,"['PHP 35,000/ month', '/ month', '6821, Ayala Avenue, Makati City, Metro Manila', 'Bedrooms:', '1', 'Area:', '48 m²', 'Bathrooms:', '1', 'Available from:', '14 Mar']"
"Condo For Sale in 117, Eulogio Rodriguez Jr. Avenue, Pasig",https://lifenavi.com/ph/properties/pasig/for-sale/condo/fully-furnished-1-bedroom-unit-for-sale-at-the-grove-by-rockwell-ad-538-ln472016,"PHP 12,000,000","117, Eulogio Rodriguez Jr. Avenue, Pasig, Metro Manila",,68 m²,1,1,Available from 14 Mar,,11 Nov 09:24,Housing I.,"['PHP 12,000,000', '117, Eulogio Rodriguez Jr. Avenue, Pasig, Metro Manila', 'Bedrooms:', '1', 'Area:', '68 m²', 'Bathrooms:', '1', 'Available from:', '14 Mar']"
"Condo For Sale in 5, West Service Road, Parañaque",https://lifenavi.com/ph/properties/paranaque/for-sale/condo/fully-furnished-2bedroom-unit-for-sale-in-azure-urban-resort-residences-ad-537-ln983911,"PHP 6,500,000","5, West Service Road, Parañaque, Metro Manila, 1700",,38 m²,2,2,Available from 14 Mar,,11 Nov 09:24,Housing I.,"['PHP 6,500,000', '5, West Service Road, Parañaque, Metro Manila, 1700', 'Bedrooms:', '2', 'Area:', '38 m²', 'Bathrooms:', '2', 'Available from:', '14 Mar']"
"Condo For Rent in 28, Plaza Drive, Makati City",https://lifenavi.com/ph/properties/makati-city/for-rent/condo/bare-2br-unit-with-parking-for-lease-in-joya-lofts-and-towers-ad-536-ln548016,"PHP 125,000/ month","28, Plaza Drive, Makati City, Metro Manila",,115 m²,2,2,Available from 14 Mar,,11 Nov 09:24,Housing I.,"['PHP 125,000/ month', '/ month', '28, Plaza Drive, Makati City, Metro Manila', 'Bedrooms:', '2', 'Area:', '115 m²', 'Bathrooms:', '2', 'Available from:', '14 Mar']"
"Condo For Sale in San Agustin Street, Makati City",https://lifenavi.com/ph/properties/makati-city/for-sale/condo/fully-furnished-penthouse-unit-with-parking-for-sale-in-escala-salcedo-ad-535-ln726091,"PHP 120,000,000","San Agustin Street, Makati City, Metro Manila",,242 m²,3,2,Available from 14 Mar,,11 Nov 09:24,Housing I.,"['PHP 120,000,000', 'San Agustin Street, Makati City, Metro Manila', 'Bedrooms:', '3', 'Area:', '242 m²', 'Bathrooms:', '2', 'Available from:', '14 Mar']"
"Condo For Sale in Levi Mariano Avenue, Taguig",https://lifenavi.com/ph/properties/taguig/for-sale/condo/brand-new-2bedroom-for-sale-in-taguig-ad-534-ln505848,"PHP 8,000,000","Levi Mariano Avenue, Taguig, Metro Manila",,36 m²,2,1,Available from 14 Mar,,11 Nov 09:24,Housing I.,"['PHP 8,000,000', 'Levi Mariano Avenue, Taguig, Metro Manila', 'Bedrooms:', '2', 'Area:', '36 m²', 'Bathrooms:', '1', 'Available from:', '14 Mar']"
"Condo For Sale in Tordesillas, Makati City",https://lifenavi.com/ph/properties/makati-city/for-sale/condo/3br-bi-level-penthouse-unit-with-3-parking-slots-for-sale-in-three-salcedo-place-ad-533-ln276410,"PHP 128,760,000","Tordesillas, Makati City, Metro Manila",,331.8 m²,3,2,Available from 14 Mar,,11 Nov 09:24,Housing I.,"['PHP 128,760,000', 'Tordesillas, Makati City, Metro Manila', 'Bedrooms:', '3', 'Area:', '331.8 m²', 'Bathrooms:', '2', 'Available from:', '14 Mar']"
"House and Lot For Sale in 17, Buckingham, Muntinlupa",https://lifenavi.com/ph/properties/muntinlupa/for-sale/house-and-lot/for-sale-5br-house-and-lot-in-hillsborough-muntinlupa-ad-532-ln696240,"PHP 60,000,000","17, Buckingham, Muntinlupa, Metro Manila",,00 m²,5+,1,Available from 14 Mar,,11 Nov 09:24,Housing I.,"['PHP 60,000,000', '17, Buckingham, Muntinlupa, Metro Manila', 'Bedrooms:', '5+', 'Area:', '00 m²', 'Bathrooms:', '1', 'Available from:', '14 Mar']"
"House and Lot For Sale in Brighton, Muntinlupa",https://lifenavi.com/ph/properties/muntinlupa/for-sale/house-and-lot/for-sale-9br-house-and-lot-in-hillsborough-muntinlupa-city-ad-531-ln776299,"PHP 58,000,000","Brighton, Muntinlupa, Metro Manila",,1000 m²,5+,1,Available from 14 Mar,,11 Nov 09:24,Housing I.,"['PHP 58,000,000', 'Brighton, Muntinlupa, Metro Manila', 'Bedrooms:', '5+', 'Area:', '1000 m²', 'Bathrooms:', '1', 'Available from:', '14 Mar']"
"House and Lot For Sale in 17, Buckingham, Muntinlupa",https://lifenavi.com/ph/properties/muntinlupa/for-sale/house-and-lot/for-sale-house-lot-in-hillsborough-village-ad-530-ln923504,"PHP 60,000,000","17, Buckingham, Muntinlupa, Metro Manila",,500 m²,5+,5,Available from 14 Mar,,11 Nov 09:24,Housing I.,"['PHP 60,000,000', '17, Buckingham, Muntinlupa, Metro Manila', 'Bedrooms:', '5+', 'Area:', '500 m²', 'Bathrooms:', '5', 'Available from:', '14 Mar']"
"Condo For Rent in corner, 28th Street, Taguig",https://lifenavi.com/ph/properties/taguig/for-rent/condo/for-lease-3br-unit-east-gallery-place-ad-529-ln599358,"PHP 280,000/ month","corner, 28th Street, Taguig, Metro Manila",,250 m²,3,1,Available from 4 Nov,,11 Nov 09:24,Housing I.,"['PHP 280,000/ month', '/ month', 'corner, 28th Street, Taguig, Metro Manila', 'Bedrooms:', '3', 'Area:', '250 m²', 'Bathrooms:', '1', 'Available from:', '4 Nov']"
"Condo For Rent in 332, Sen. Gil J. Puyat Avenue, Makati City",https://lifenavi.com/ph/properties/makati-city/for-rent/condo/timeless-fully-furnished-4-bedroom-unit-with-balconies-for-salerent-in-elizabeth-place-ad-528-ln537581,"PHP 150,000/ month","332, Sen. Gil J. Puyat Avenue, Makati City, Metro Manila",,270 m²,4,4,Available from 17 Mar,,11 Nov 09:24,Housing I.,"['PHP 150,000/ month', '/ month', '332, Sen. Gil J. Puyat Avenue, Makati City, Metro Manila', 'Bedrooms:', '4', 'Area:', '270 m²', 'Bathrooms:', '4', 'Available from:', '17 Mar']"
"Condo For Rent in Rockwell Drive, Makati City",https://lifenavi.com/ph/properties/makati-city/for-rent/condo/great-2br-loft-type-condo-unit-for-rent-at-the-one-rockwell-makati-ad-527-ln153392,"PHP 90,000/ month","Rockwell Drive, Makati City, Metro Manila",,88 m²,2,2,Available from 17 Mar,,11 Nov 09:24,Housing I.,"['PHP 90,000/ month', '/ month', 'Rockwell Drive, Makati City, Metro Manila', 'Bedrooms:', '2', 'Area:', '88 m²', 'Bathrooms:', '2', 'Available from:', '17 Mar']"
"Warehouse For Rent in 777, Paseo de Roxas, Makati City",https://lifenavi.com/ph/properties/makati-city/for-rent/warehouse/makati-commercial-corner-lot-for-lease-ad-526-ln489116,"PHP 8,125/ month","777, Paseo de Roxas, Makati City, Metro Manila",,240 m²,,,Vacant,Semi-Furnished,11 Nov 09:24,Housing I.,"['PHP 8,125/ month', '/ month', '777, Paseo de Roxas, Makati City, Metro Manila', 'Status:', 'Vacant', 'Furnishing:', 'Semi-Furnished', 'Area:', '240 m²', 'Available from:', '17 Feb']"
"For Sale in 1360, Rizal Drive, Taguig",https://lifenavi.com/ph/properties/taguig/for-sale/commercial/park-triangle-corporate-center-office-space-for-sale-ad-525-ln361582,"PHP 33,000,000","1360, Rizal Drive, Taguig, Metro Manila",,123 m²,,,Vacant,Semi-Furnished,11 Nov 09:24,Housing I.,"['PHP 33,000,000', '1360, Rizal Drive, Taguig, Metro Manila', 'Status:', 'Vacant', 'Furnishing:', 'Semi-Furnished', 'Area:', '123 m²', 'Available from:', '19 Feb']"
"For Sale in Angono, Calabarzon",https://lifenavi.com/ph/properties/angono/for-sale/commercial/private-resort-for-sale-in-eastborough-place-antipolo-city-ad-524-ln992324,"PHP 14,430,000","Angono, Calabarzon",,00 m²,,,Vacant,Semi-Furnished,11 Nov 09:24,Housing I.,"['PHP 14,430,000', 'Angono, Calabarzon', 'Status:', 'Vacant', 'Furnishing:', 'Semi-Furnished', 'Area:', '00 m²', 'Available from:', '22 Jan']"
"Condo For Rent in 1200, Amorsolo Drive, Makati City",https://lifenavi.com/ph/properties/makati-city/for-rent/condo/2br-unit-with-parking-for-lease-in-proscenium-residences-ad-523-ln994482,"PHP 115,000/ month","1200, Amorsolo Drive, Makati City, Metro Manila",,121 m²,2,2,Available from 17 Mar,,11 Nov 09:24,Housing I.,"['PHP 115,000/ month', '/ month', '1200, Amorsolo Drive, Makati City, Metro Manila', 'Bedrooms:', '2', 'Area:', '121 m²', 'Bathrooms:', '2', 'Available from:', '17 Mar']"
"Condo For Rent in Mandaluyong City, Metro Manila",https://lifenavi.com/ph/properties/mandaluyong-city/for-rent/condo/stylish-studio-condo-unit-at-acqua-residences-for-rent-ad-522-ln863727,"PHP 29,000/ month","Mandaluyong City, Metro Manila",,31 m²,Studio,1,Available from 18 Mar,,11 Nov 09:24,Housing I.,"['PHP 29,000/ month', '/ month', 'Mandaluyong City, Metro Manila', 'Bedrooms:', 'Studio', 'Area:', '31 m²', 'Bathrooms:', '1', 'Available from:', '18 Mar']"
"Condo For Rent in Taguig, Metro Manila",https://lifenavi.com/ph/properties/taguig/for-rent/condo/fully-furnished-1br-condo-unit-for-rent-at-the-arya-residences-bgc-ad-521-ln660922,"PHP 85,000/ month","Taguig, Metro Manila",,75 m²,1,1,Available from 18 Mar,,11 Nov 09:24,Housing I.,"['PHP 85,000/ month', '/ month', 'Taguig, Metro Manila', 'Bedrooms:', '1', 'Area:', '75 m²', 'Bathrooms:', '1', 'Available from:', '18 Mar']"
"Condo For Rent in 15, Orchard Road, Quezon City",https://lifenavi.com/ph/properties/quezon-city/for-rent/condo/fully-furnished-studio-condo-unit-for-rent-in-quezon-city-ad-520-ln246749,"PHP 25,000/ month","15, Orchard Road, Quezon City, Metro Manila, 1110",,30 m²,Studio,1,Available from 18 Mar,,11 Nov 09:23,Housing I.,"['PHP 25,000/ month', '/ month', '15, Orchard Road, Quezon City, Metro Manila, 1110', 'Bedrooms:', 'Studio', 'Area:', '30 m²', 'Bathrooms:', '1', 'Available from:', '18 Mar']"
"Condo For Sale in 1634, McKinley Parkway, Taguig",https://lifenavi.com/ph/properties/taguig/for-sale/condo/fully-furnished-studio-unit-for-sale-in-two-serendra-bgc-ad-519-ln377655,"PHP 11,000,000","1634, McKinley Parkway, Taguig, Metro Manila",,42 m²,Studio,1,Available from 18 Mar,,11 Nov 09:23,Housing I.,"['PHP 11,000,000', '1634, McKinley Parkway, Taguig, Metro Manila', 'Bedrooms:', 'Studio', 'Area:', '42 m²', 'Bathrooms:', '1', 'Available from:', '18 Mar']"
"House and Lot For Sale in Muntinlupa, Metro Manila",https://lifenavi.com/ph/properties/muntinlupa/for-sale/house-and-lot/brandnew-house-and-lot-for-sale-in-ayala-alabang-village-ad-518-ln129601,"PHP 255,000,000","Muntinlupa, Metro Manila",,900 m²,5+,6+,Available from 17 Mar,,11 Nov 09:23,Housing I.,"['PHP 255,000,000', 'Muntinlupa, Metro Manila', 'Bedrooms:', '5+', 'Area:', '900 m²', 'Bathrooms:', '6+', 'Available from:', '17 Mar']"
"Condo For Rent in Burgos Circle, Taguig",https://lifenavi.com/ph/properties/taguig/for-rent/condo/for-rent-3br-unit-bellagio-three-ad-517-ln622769,"PHP 140,000/ month","Burgos Circle, Taguig, Metro Manila",,119 m²,3,3,Available from 18 Mar,,11 Nov 09:23,Housing I.,"['PHP 140,000/ month', '/ month', 'Burgos Circle, Taguig, Metro Manila', 'Bedrooms:', '3', 'Area:', '119 m²', 'Bathrooms:', '3', 'Available from:', '18 Mar']"
"Condo For Rent in 14F, West Street, Makati City",https://lifenavi.com/ph/properties/makati-city/for-rent/condo/semi-furnished-2br-unit-with-parking-for-lease-in-park-terraces-ad-516-ln217658,"PHP 170,000/ month","14F, West Street, Makati City, Metro Manila",,155 m²,2,2,Available from 18 Mar,,11 Nov 09:23,Housing I.,"['PHP 170,000/ month', '/ month', '14F, West Street, Makati City, Metro Manila', 'Bedrooms:', '2', 'Area:', '155 m²', 'Bathrooms:', '2', 'Available from:', '18 Mar']"
"Condo For Rent in 4311, Kalayaan Avenue, Makati City",https://lifenavi.com/ph/properties/makati-city/for-rent/condo/3br-loggia-unit-with-plunge-pool-for-rent-sale-in-milano-residences-makati-ad-515-ln618681,"PHP 120,000/ month","4311, Kalayaan Avenue, Makati City, Metro Manila, 1205",,120 m²,3,3,Available from 19 Mar,,11 Nov 09:23,Housing I.,"['PHP 120,000/ month', '/ month', '4311, Kalayaan Avenue, Makati City, Metro Manila, 1205', 'Bedrooms:', '3', 'Area:', '120 m²', 'Bathrooms:', '3', 'Available from:', '19 Mar']"
"Condo For Rent in San Agustin Street, Makati City",https://lifenavi.com/ph/properties/makati-city/for-rent/condo/fully-furnished-3br-unit-with-parking-for-lease-in-escala-salcedo-ad-514-ln325453,"PHP 130,000/ month","San Agustin Street, Makati City, Metro Manila",,129 m²,3,3,Available from 19 Mar,,11 Nov 09:23,Housing I.,"['PHP 130,000/ month', '/ month', 'San Agustin Street, Makati City, Metro Manila', 'Bedrooms:', '3', 'Area:', '129 m²', 'Bathrooms:', '3', 'Available from:', '19 Mar']"
"House and Lot For Sale in 1750, Daang Hari Road, Las Piñas",https://lifenavi.com/ph/properties/las-pinas/for-sale/house-and-lot/house-with-pool-and-elevator-for-sale-in-portofino-heights-ad-513-ln978892,"PHP 105,450,000","1750, Daang Hari Road, Las Piñas, Kalakhang Maynila",,503 m²,5+,6+,Available from 19 Mar,,11 Nov 09:23,Housing I.,"['PHP 105,450,000', '1750, Daang Hari Road, Las Piñas, Kalakhang Maynila', 'Bedrooms:', '5+', 'Area:', '503 m²', 'Bathrooms:', '6+', 'Available from:', '19 Mar']"
"House and Lot For Sale in 103, Soliven III Avenue, Quezon City",https://lifenavi.com/ph/properties/quezon-city/for-sale/house-and-lot/2-storey-house-and-lot-for-sale-in-loyola-grand-villas-ad-512-ln883127,"PHP 130,980,000","103, Soliven III Avenue, Quezon City, Metro Manila, 1800",,900 m²,5+,1,Available from 2 Dec,,11 Nov 09:23,Housing I.,"['PHP 130,980,000', '103, Soliven III Avenue, Quezon City, Metro Manila, 1800', 'Bedrooms:', '5+', 'Area:', '900 m²', 'Bathrooms:', '1', 'Available from:', '2 Dec']"
"Condo For Sale in 3rd Avenue, Taguig",https://lifenavi.com/ph/properties/taguig/for-sale/condo/luxury-3br-condo-for-sale-at-horizon-homes-w-2-parking-space-bgc-38357-sqm-ad-511-ln593522,"PHP 399,000,000","3rd Avenue, Taguig, Metro Manila",,383.57 m²,3,5,Available from 18 Mar,,11 Nov 09:23,Housing I.,"['PHP 399,000,000', '3rd Avenue, Taguig, Metro Manila', 'Bedrooms:', '3', 'Area:', '383.57 m²', 'Bathrooms:', '5', 'Available from:', '18 Mar']"
"Condo For Rent in corner, 28th Street, Taguig",https://lifenavi.com/ph/properties/taguig/for-rent/condo/fully-furnished-4br-unit-with-parking-for-lease-in-east-gallery-place-ad-510-ln546232,"PHP 507,000/ month","corner, 28th Street, Taguig, Metro Manila",,338 m²,4,4,Available from 22 Mar,,11 Nov 09:23,Housing I.,"['PHP 507,000/ month', '/ month', 'corner, 28th Street, Taguig, Metro Manila', 'Bedrooms:', '4', 'Area:', '338 m²', 'Bathrooms:', '4', 'Available from:', '22 Mar']"
"Condo For Rent in 191, Salcedo, Makati City",https://lifenavi.com/ph/properties/makati-city/for-rent/condo/for-rent-1br-unit-the-rise-ad-509-ln411675,"PHP 30,000/ month","191, Salcedo, Legazpi Village, Makati City, Kalakhang Maynila, 1229",,28 m²,1,1,Available from 22 Mar,,11 Nov 09:23,Housing I.,"['PHP 30,000/ month', '/ month', '191, Salcedo, Legazpi Village, Makati City, Kalakhang Maynila, 1229', 'Bedrooms:', '1', 'Area:', '28 m²', 'Bathrooms:', '1', 'Available from:', '22 Mar']"
"Land only For Rent in 6821, Ayala Avenue, Makati City",https://lifenavi.com/ph/properties/makati-city/for-rent/land-only/commercial-lot-for-lease-in-near-buendia-makati-ad-508-ln534967,"PHP 175,000/ month","6821, Ayala Avenue, Makati City, Metro Manila",,00 m²,Studio,1,Available from 24 Mar,,11 Nov 09:23,Housing I.,"['PHP 175,000/ month', '/ month', '6821, Ayala Avenue, Makati City, Metro Manila', 'Bedrooms:', 'Studio', 'Area:', '00 m²', 'Bathrooms:', '1', 'Available from:', '24 Mar']"
"Condo For Sale in Paseo de Roxas, Makati City",https://lifenavi.com/ph/properties/makati-city/for-sale/condo/fully-furnished-3br-unit-with-parking-for-sale-in-the-residences-at-greenbelt-ad-507-ln504209,"PHP 69,230,700","Paseo de Roxas, Makati City, Metro Manila",,189 m²,3,3,Available from 24 Mar,,11 Nov 09:23,Housing I.,"['PHP 69,230,700', 'Paseo de Roxas, Makati City, Metro Manila', 'Bedrooms:', '3', 'Area:', '189 m²', 'Bathrooms:', '3', 'Available from:', '24 Mar']"
"Condo For Rent in 1, 1st Avenue, Taguig",https://lifenavi.com/ph/properties/taguig/for-rent/condo/fully-furnished-2br-unit-with-parking-for-lease-in-bellagio-2-ad-506-ln623015,"PHP 110,000/ month","1, 1st Avenue, Taguig, Metro Manila",,91 m²,2,2,Available from 24 Mar,,11 Nov 09:23,Housing I.,"['PHP 110,000/ month', '/ month', '1, 1st Avenue, Taguig, Metro Manila', 'Bedrooms:', '2', 'Area:', '91 m²', 'Bathrooms:', '2', 'Available from:', '24 Mar']"
"House and Lot For Sale in Muntinlupa, Metro Manila",https://lifenavi.com/ph/properties/muntinlupa/for-sale/house-and-lot/house-and-lot-with-pool-for-sale-in-ayala-alabang-village-ad-505-ln689884,"PHP 122,000,000","Muntinlupa, Metro Manila",,450 m²,5+,4,Available from 24 Mar,,11 Nov 09:23,Housing I.,"['PHP 122,000,000', 'Muntinlupa, Metro Manila', 'Bedrooms:', '5+', 'Area:', '450 m²', 'Bathrooms:', '4', 'Available from:', '24 Mar']"
"Warehouse For Rent in Marikina, Metro Manila",https://lifenavi.com/ph/properties/marikina/for-rent/warehouse/warehouse-for-lease-in-marikina-ad-504-ln488858,"PHP 599,000/ month","Marikina, Metro Manila, 1800",,1400 m²,,,Occupied,Semi-Furnished,11 Nov 09:23,Housing I.,"['PHP 599,000/ month', '/ month', 'Marikina, Metro Manila, 1800', 'Status:', 'Occupied', 'Furnishing:', 'Semi-Furnished', 'Area:', '1400 m²', 'Available from:', '25 Jul']"
"House and Lot For Sale in 219, Filinvest 2 Road, Quezon City",https://lifenavi.com/ph/properties/quezon-city/for-sale/house-and-lot/for-sale-3br-in-mountain-view-subdivision-ad-503-ln931858,"PHP 4,500,000","219, Filinvest 2 Road, Quezon City, Metro Manila",,96 m²,3,2,Available from 25 Mar,,11 Nov 09:23,Housing I.,"['PHP 4,500,000', '219, Filinvest 2 Road, Quezon City, Metro Manila', 'Bedrooms:', '3', 'Area:', '96 m²', 'Bathrooms:', '2', 'Available from:', '25 Mar']"
"House and Lot For Sale in LOT3B, BF Resort Drive, Las Piñas",https://lifenavi.com/ph/properties/las-pinas/for-sale/house-and-lot/bf-resort-las-pinas-houseduplex-for-sale-ad-502-ln368080,"PHP 20,000,000","LOT3B, BF Resort Drive, Las Piñas, Metro Manila, 1747",,245 m²,5+,4,Available from 25 Mar,,11 Nov 09:23,Housing I.,"['PHP 20,000,000', 'LOT3B, BF Resort Drive, Las Piñas, Metro Manila, 1747', 'Bedrooms:', '5+', 'Area:', '245 m²', 'Bathrooms:', '4', 'Available from:', '25 Mar']"
"Condo For Sale in Rockwell Drive, Makati City",https://lifenavi.com/ph/properties/makati-city/for-sale/condo/2br-unit-with-parking-for-sale-in-one-rockwell-east-ad-501-ln355835,"PHP 33,000,000","Rockwell Drive, Makati City, Metro Manila",,135 m²,2,2,Available from 1 Aug,,11 Nov 09:23,Housing I.,"['PHP 33,000,000', 'Rockwell Drive, Makati City, Metro Manila', 'Bedrooms:', '2', 'Area:', '135 m²', 'Bathrooms:', '2', 'Available from:', '1 Aug']"
"Land only For Sale in Tarlac City, Central Luzon",https://lifenavi.com/ph/properties/tarlac-city/for-sale/land-only/lot-for-sale-in-tarlac-ad-500-ln790960,"PHP 188,797,500","Tarlac City, Central Luzon",,00 m²,Studio,1,Available from 25 Mar,,11 Nov 09:23,Housing I.,"['PHP 188,797,500', 'Tarlac City, Central Luzon', 'Bedrooms:', 'Studio', 'Area:', '00 m²', 'Bathrooms:', '1', 'Available from:', '25 Mar']"
"Condo For Sale in 2301, Muntinlupa - Cavite Expressway, Muntinlupa",https://lifenavi.com/ph/properties/muntinlupa/for-sale/condo/studio-unit-for-sale-in-civic-place-ad-499-ln401426,"PHP 8,200,000","2301, Muntinlupa - Cavite Expressway, Muntinlupa, Kalakhang Maynila",,32.51 m²,Studio,1,Available from 25 Mar,,11 Nov 09:23,Housing I.,"['PHP 8,200,000', '2301, Muntinlupa - Cavite Expressway, Muntinlupa, Kalakhang Maynila', 'Bedrooms:', 'Studio', 'Area:', '32.51 m²', 'Bathrooms:', '1', 'Available from:', '25 Mar']"
"Condo For Sale in 2301, Muntinlupa - Cavite Expressway, Muntinlupa",https://lifenavi.com/ph/properties/muntinlupa/for-sale/condo/for-sale-studio-condo-unit-in-civic-place-ad-498-ln232780,"PHP 8,000,000","2301, Muntinlupa - Cavite Expressway, Muntinlupa, Kalakhang Maynila",,32.51 m²,Studio,1,Available from 25 Mar,,11 Nov 09:23,Housing I.,"['PHP 8,000,000', '2301, Muntinlupa - Cavite Expressway, Muntinlupa, Kalakhang Maynila', 'Bedrooms:', 'Studio', 'Area:', '32.51 m²', 'Bathrooms:', '1', 'Available from:', '25 Mar']"
"Condo For Rent in Estrella, Makati City",https://lifenavi.com/ph/properties/makati-city/for-rent/condo/fully-furnished-2br-corner-unit-for-leaserent-at-the-proscenium-in-rockwell-makati-city-ad-497-ln572577,"PHP 160,000/ month","Estrella, Makati City, Metro Manila",,118 m²,2,1,Available from 24 Mar,,11 Nov 09:22,Housing I.,"['PHP 160,000/ month', '/ month', 'Estrella, Makati City, Metro Manila', 'Bedrooms:', '2', 'Area:', '118 m²', 'Bathrooms:', '1', 'Available from:', '24 Mar']"
"Condo For Rent in 575, Wack Wack Road, Mandaluyong City",https://lifenavi.com/ph/properties/mandaluyong-city/for-rent/condo/fully-furnished-2br-w-balcony-for-leaserent-at-shang-residences-ad-496-ln471931,"PHP 185,000/ month","575, Wack Wack Road, Mandaluyong City, Metro Manila",,142 m²,2,1,Available from 25 Mar,,11 Nov 09:22,Housing I.,"['PHP 185,000/ month', '/ month', '575, Wack Wack Road, Mandaluyong City, Metro Manila', 'Bedrooms:', '2', 'Area:', '142 m²', 'Bathrooms:', '1', 'Available from:', '25 Mar']"
"Condo For Rent in Rockwell Drive, Makati City",https://lifenavi.com/ph/properties/makati-city/for-rent/condo/fully-furnished-2br-with-balcony-unit-for-leaserent-at-edades-tower-and-garden-villa-ad-495-ln193057,"PHP 135,000/ month","Rockwell Drive, Makati City, Metro Manila",,99 m²,Studio,1,Available from 25 Mar,,11 Nov 09:22,Housing I.,"['PHP 135,000/ month', '/ month', 'Rockwell Drive, Makati City, Metro Manila', 'Bedrooms:', 'Studio', 'Area:', '99 m²', 'Bathrooms:', '1', 'Available from:', '25 Mar']"
"Condo For Rent in 8, Forbestown Road, Makati City",https://lifenavi.com/ph/properties/makati-city/for-rent/condo/for-lease-2br-in-8-forbestown-road-ad-494-ln820975,"PHP 115,000/ month","8, Forbestown Road, Makati City, Metro Manila",,100 m²,2,2,Available from 25 Mar,,11 Nov 09:22,Housing I.,"['PHP 115,000/ month', '/ month', '8, Forbestown Road, Makati City, Metro Manila', 'Bedrooms:', '2', 'Area:', '100 m²', 'Bathrooms:', '2', 'Available from:', '25 Mar']"
"Condo For Sale in Mandaluyong City, Metro Manila",https://lifenavi.com/ph/properties/mandaluyong-city/for-sale/condo/for-sale-1br-in-pioneer-woodlands-ad-493-ln209371,"PHP 4,000,000","Mandaluyong City, Metro Manila",,31.5 m²,1,1,Available from 25 Mar,,11 Nov 09:22,Housing I.,"['PHP 4,000,000', 'Mandaluyong City, Metro Manila', 'Bedrooms:', '1', 'Area:', '31.5 m²', 'Bathrooms:', '1', 'Available from:', '25 Mar']"
"House and Lot For Sale in Greenwoods Avenue, Cainta",https://lifenavi.com/ph/properties/cainta/for-sale/house-and-lot/house-for-sale-greenwoods-executive-village-ad-492-ln398382,"PHP 33,300,000","Greenwoods Avenue, Cainta, Metro Manila",,500 m²,5+,6+,Available from 25 Mar,,11 Nov 09:22,Housing I.,"['PHP 33,300,000', 'Greenwoods Avenue, Cainta, Metro Manila', 'Bedrooms:', '5+', 'Area:', '500 m²', 'Bathrooms:', '6+', 'Available from:', '25 Mar']"
"Condo For Sale in 5011, P Burgos Street, Makati City",https://lifenavi.com/ph/properties/makati-city/for-sale/condo/for-sale-1br-makati-palace-ad-491-ln384779,"PHP 6,600,000","5011, P Burgos Street, Makati City, Metro Manila, 1210",,58 m²,1,1,Available from 25 Mar,,11 Nov 09:22,Housing I.,"['PHP 6,600,000', '5011, P Burgos Street, Makati City, Metro Manila, 1210', 'Bedrooms:', '1', 'Area:', '58 m²', 'Bathrooms:', '1', 'Available from:', '25 Mar']"
"Condo For Rent in 118, Gallardo, Makati City",https://lifenavi.com/ph/properties/makati-city/for-rent/condo/fully-furnished-1br-loft-type-unit-for-lease-in-the-eton-residences-greenbelt-ad-490-ln278011,"PHP 35,000/ month","118, Gallardo, Legazpi Village, Makati City, Metro Manila",,45 m²,1,1,Available from 25 Mar,,11 Nov 09:22,Housing I.,"['PHP 35,000/ month', '/ month', '118, Gallardo, Legazpi Village, Makati City, Metro Manila', 'Bedrooms:', '1', 'Area:', '45 m²', 'Bathrooms:', '1', 'Available from:', '25 Mar']"
"Condo For Rent in 3, Paseo de Roxas, Makati City",https://lifenavi.com/ph/properties/makati-city/for-rent/condo/furnished-studio-unit-for-rent-in-paseo-de-roces-ad-489-ln571380,"PHP 18,000/ month","3, Paseo de Roxas, Legazpi Village, Makati City, Metro Manila, 1224",,25.5 m²,Studio,1,Available from 1 Aug,,11 Nov 09:22,Housing I.,"['PHP 18,000/ month', '/ month', '3, Paseo de Roxas, Legazpi Village, Makati City, Metro Manila, 1224', 'Bedrooms:', 'Studio', 'Area:', '25.5 m²', 'Bathrooms:', '1', 'Available from:', '1 Aug']"
"Condo For Sale in Coronado, Mandaluyong City",https://lifenavi.com/ph/properties/mandaluyong-city/for-sale/condo/for-sale-2br-acqua-private-residences-ad-488-ln311523,"PHP 6,500,000","Coronado, Mandaluyong City, Metro Manila",,41.25 m²,2,1,Available from 29 Sep,,11 Nov 09:22,Housing I.,"['PHP 6,500,000', 'Coronado, Mandaluyong City, Metro Manila', 'Bedrooms:', '2', 'Area:', '41.25 m²', 'Bathrooms:', '1', 'Available from:', '29 Sep']"
House and Lot For Sale in Cavite,https://lifenavi.com/ph/properties/cavite/for-sale/house-and-lot/4br-house-and-lot-for-sale-in-ayala-westgrove-heights-ad-487-ln707617,"PHP 198,000,000","Silang, Cavite",,570 m²,4,5,Available from 25 Mar,,11 Nov 09:22,Housing I.,"['PHP 198,000,000', 'Silang, Cavite', 'Bedrooms:', '4', 'Area:', '570 m²', 'Bathrooms:', '5', 'Available from:', '25 Mar']"
"Condo For Rent in Taguig, Metro Manila",https://lifenavi.com/ph/properties/taguig/for-rent/condo/fully-furnished-1br-unit-with-parking-for-for-lease-in-west-gallery-place-ad-486-ln990165,"PHP 120,000/ month","Taguig, Metro Manila, 1634",,65 m²,1,1,Available from 25 Mar,,11 Nov 09:22,Housing I.,"['PHP 120,000/ month', '/ month', 'Taguig, Metro Manila, 1634', 'Bedrooms:', '1', 'Area:', '65 m²', 'Bathrooms:', '1', 'Available from:', '25 Mar']"
"House and Lot For Sale in Muntinlupa, Metro Manila",https://lifenavi.com/ph/properties/muntinlupa/for-sale/house-and-lot/4br-house-for-sale-in-ayala-alabang-village-ad-485-ln646030,"PHP 79,000,000","Muntinlupa, Metro Manila",,347 m²,4,4,Available from 25 Mar,,11 Nov 09:22,Housing I.,"['PHP 79,000,000', 'Muntinlupa, Metro Manila', 'Bedrooms:', '4', 'Area:', '347 m²', 'Bathrooms:', '4', 'Available from:', '25 Mar']"
Land only For Sale in Batangas,https://lifenavi.com/ph/properties/batangas/for-sale/land-only/prime-peninsula-de-punta-fuego-lots-for-sale-exclusive-cliffside-paradise-ad-484-ln820090,"PHP 332,000,000",,,N/A,N/A,N/A,Available from 18 Mar,,11 Nov 09:22,Housing I.,"['PHP 332,000,000', 'Batangas', 'Bedrooms:', 'N/A', 'Area:', 'N/A', 'Bathrooms:', 'N/A', 'Available from:', '18 Mar']"
"Condo For Rent in 1766 M, Adriatico Street, Manila",https://lifenavi.com/ph/properties/manila/for-rent/condo/fully-furnished-2br-unit-with-balcony-for-rent-in-malate-bayview-mansion-ad-483-ln893831,"PHP 60,000/ month","1766 M, Adriatico Street, Malate, Manila, Metro Manila, 1004",,80 m²,2,2,Available from 26 Mar,,11 Nov 09:22,Housing I.,"['PHP 60,000/ month', '/ month', '1766 M, Adriatico Street, Malate, Manila, Metro Manila, 1004', 'Bedrooms:', '2', 'Area:', '80 m²', 'Bathrooms:', '2', 'Available from:', '26 Mar']"
"House and Lot For Sale in 99, Mindanao Avenue Extension, Quezon City",https://lifenavi.com/ph/properties/quezon-city/for-sale/house-and-lot/3-storey-single-attached-for-sale-in-west-fairview-quezon-city-ad-482-ln910760,"PHP 8,750,000","99, Mindanao Avenue Extension, Quezon City, Metro Manila, 1116",,113.6 m²,5+,4,Available from 26 Mar,,11 Nov 09:22,Housing I.,"['PHP 8,750,000', '99, Mindanao Avenue Extension, Quezon City, Metro Manila, 1116', 'Bedrooms:', '5+', 'Area:', '113.6 m²', 'Bathrooms:', '4', 'Available from:', '26 Mar']"
"House and Lot For Sale in 11, Mercury, Las Piñas",https://lifenavi.com/ph/properties/las-pinas/for-sale/house-and-lot/2-storey-townhouse-for-sale-in-mercury-homes-mapayapa-village-ad-481-ln723409,"PHP 4,480,000","11, Mercury, Mapayapa Village, Las Piñas, Metro Manila",,70.3 m²,3,2,Available from 26 Mar,,11 Nov 09:22,Housing I.,"['PHP 4,480,000', '11, Mercury, Mapayapa Village, Las Piñas, Metro Manila', 'Bedrooms:', '3', 'Area:', '70.3 m²', 'Bathrooms:', '2', 'Available from:', '26 Mar']"
"House and Lot For Sale in 1700, Timothy, Parañaque",https://lifenavi.com/ph/properties/paranaque/for-sale/house-and-lot/house-for-sale-in-timothy-homes-multinational-village-ad-480-ln174670,"PHP 8,100,000","1700, Timothy, Parañaque, Metro Manila",,85 m²,3,3,Available from 26 Mar,,11 Nov 09:22,Housing I.,"['PHP 8,100,000', '1700, Timothy, Parañaque, Metro Manila', 'Bedrooms:', '3', 'Area:', '85 m²', 'Bathrooms:', '3', 'Available from:', '26 Mar']"
"House and Lot For Sale in 1700, Timothy, Parañaque",https://lifenavi.com/ph/properties/paranaque/for-sale/house-and-lot/brand-new-2-storey-single-attached-in-timothy-homes-multinational-village-ad-479-ln830154,"PHP 8,150,000","1700, Timothy, Parañaque, Metro Manila",,85 m²,3,3,Available from 26 Mar,,11 Nov 09:22,Housing I.,"['PHP 8,150,000', '1700, Timothy, Parañaque, Metro Manila', 'Bedrooms:', '3', 'Area:', '85 m²', 'Bathrooms:', '3', 'Available from:', '26 Mar']"
"House and Lot For Sale in 7, Aster, Quezon City",https://lifenavi.com/ph/properties/quezon-city/for-sale/house-and-lot/2-storey-townhouse-for-sale-in-west-fairview-country-homes-ad-478-ln799159,"PHP 6,500,000","7, Aster, Novaliches, Quezon City, Metro Manila, 1118",,84 m²,3,2,Available from 26 Mar,,11 Nov 09:22,Housing I.,"['PHP 6,500,000', '7, Aster, Novaliches, Quezon City, Metro Manila, 1118', 'Bedrooms:', '3', 'Area:', '84 m²', 'Bathrooms:', '2', 'Available from:', '26 Mar']"
"Condo For Rent in 6737, Ayala Avenue, Makati City",https://lifenavi.com/ph/properties/makati-city/for-rent/condo/spacious-3-br-condo-unit-for-rent-at-twin-tower-makati-ad-477-ln507423,"PHP 140,000/ month","6737, Ayala Avenue, Makati City, Metro Manila, 1226",,271 m²,3,3,Available from 26 Mar,,11 Nov 09:21,Housing I.,"['PHP 140,000/ month', '/ month', '6737, Ayala Avenue, Makati City, Metro Manila, 1226', 'Bedrooms:', '3', 'Area:', '271 m²', 'Bathrooms:', '3', 'Available from:', '26 Mar']"
"Condo For Rent in Taguig, Metro Manila",https://lifenavi.com/ph/properties/taguig/for-rent/condo/a-condo-for-lease-in-grand-hyatt-residences-taguig-city-ad-476-ln763068,"PHP 180,000/ month","Taguig, Metro Manila",,103 m²,2,2,Available from 1 Dec,,11 Nov 09:21,Housing I.,"['PHP 180,000/ month', '/ month', 'Taguig, Metro Manila', 'Bedrooms:', '2', 'Area:', '103 m²', 'Bathrooms:', '2', 'Available from:', '1 Dec']"
"Condo For Rent in Taguig, Metro Manila",https://lifenavi.com/ph/properties/taguig/for-rent/condo/3semi-furnished-3br-unit-with-parking-for-lease-in-the-seasons-residences-ad-475-ln411743,"PHP 240,000/ month","Taguig, Metro Manila",,169 m²,3,5,Available from 26 Mar,,11 Nov 09:21,Housing I.,"['PHP 240,000/ month', '/ month', 'Taguig, Metro Manila', 'Bedrooms:', '3', 'Area:', '169 m²', 'Bathrooms:', '5', 'Available from:', '26 Mar']"
"Condo For Rent in #2811, 26th Street, Makati City",https://lifenavi.com/ph/properties/makati-city/for-rent/condo/fully-furnished-2br-unit-with-parking-for-lease-in-verve-residences-ad-474-ln248765,"PHP 120,000/ month","#2811, 26th Street, Makati City, Metro Manila, 1630",,98 m²,2,2,Available from 26 Mar,,11 Nov 09:21,Housing I.,"['PHP 120,000/ month', '/ month', '#2811, 26th Street, Makati City, Metro Manila, 1630', 'Bedrooms:', '2', 'Area:', '98 m²', 'Bathrooms:', '2', 'Available from:', '26 Mar']"
"Condo For Rent in 56, Estrella, Makati City",https://lifenavi.com/ph/properties/makati-city/for-rent/condo/fully-furnished-2br-unit-for-leaserent-at-the-proscenium-at-rockwell-ad-473-ln554272,"PHP 120,000/ month","56, Estrella, Makati City, Metro Manila",,90 m²,2,1,Available from 26 Mar,,11 Nov 09:21,Housing I.,"['PHP 120,000/ month', '/ month', '56, Estrella, Makati City, Metro Manila', 'Bedrooms:', '2', 'Area:', '90 m²', 'Bathrooms:', '1', 'Available from:', '26 Mar']"
"Condo For Rent in Taguig, Metro Manila",https://lifenavi.com/ph/properties/taguig/for-rent/condo/fully-furnihsed-2br-unit-with-balcony-for-lease-in-one-maridien-ad-472-ln865636,"PHP 120,000/ month","Taguig, Metro Manila",,93 m²,2,2,Available from 26 Mar,,11 Nov 09:21,Housing I.,"['PHP 120,000/ month', '/ month', 'Taguig, Metro Manila', 'Bedrooms:', '2', 'Area:', '93 m²', 'Bathrooms:', '2', 'Available from:', '26 Mar']"
"Condo For Rent in Taguig, Metro Manila",https://lifenavi.com/ph/properties/taguig/for-rent/condo/fully-furnished-1br-unit-w-bgc-view-for-leaserent-at-west-gallery-place-ad-471-ln352531,"PHP 110,000/ month","Taguig, Metro Manila, 1634",,70 m²,1,1,Available from 26 Mar,,11 Nov 09:21,Housing I.,"['PHP 110,000/ month', '/ month', 'Taguig, Metro Manila, 1634', 'Bedrooms:', '1', 'Area:', '70 m²', 'Bathrooms:', '1', 'Available from:', '26 Mar']"
"Condo For Sale in Estrella, Makati City",https://lifenavi.com/ph/properties/makati-city/for-sale/condo/semi-furnished-3br-unit-with-balcony-and-parking-for-sale-in-proscenium-at-rockwell-ad-470-ln905071,"PHP 90,000,000","Estrella, Makati City, Metro Manila",,202 m²,3,3,Available from 26 Mar,,11 Nov 09:21,Housing I.,"['PHP 90,000,000', 'Estrella, Makati City, Metro Manila', 'Bedrooms:', '3', 'Area:', '202 m²', 'Bathrooms:', '3', 'Available from:', '26 Mar']"
"Condo For Rent in Taguig, Metro Manila",https://lifenavi.com/ph/properties/taguig/for-rent/condo/fully-furnished-2br-unit-with-parking-for-lease-in-grand-hyatt-residences-ad-469-ln459254,"PHP 230,000/ month","Taguig, Metro Manila",,134.5 m²,2,2,Available from 26 Mar,,11 Nov 09:21,Housing I.,"['PHP 230,000/ month', '/ month', 'Taguig, Metro Manila', 'Bedrooms:', '2', 'Area:', '134.5 m²', 'Bathrooms:', '2', 'Available from:', '26 Mar']"
"Condo For Rent in L.P. Leviste Street, Makati City",https://lifenavi.com/ph/properties/makati-city/for-rent/condo/fully-furnished-1-bedroom-unit-for-lease-in-salcedo-square-ad-468-ln510950,"PHP 27,000/ month","L.P. Leviste Street, Makati City, Metro Manila",,31.95 m²,1,1,Available from 27 Mar,,11 Nov 09:21,Housing I.,"['PHP 27,000/ month', '/ month', 'L.P. Leviste Street, Makati City, Metro Manila', 'Bedrooms:', '1', 'Area:', '31.95 m²', 'Bathrooms:', '1', 'Available from:', '27 Mar']"
"Condo For Rent in Km. 18, West Service Road, Muntinlupa",https://lifenavi.com/ph/properties/muntinlupa/for-rent/condo/fully-furnished-and-spacious-2br-condo-for-rent-at-azure-urban-resort-residences-paranaque-ad-467-ln593312,"PHP 60,000/ month","Km. 18, West Service Road, Muntinlupa, Metro Manila, 1700",,48 m²,2,1,Available from 27 Mar,,11 Nov 09:21,Housing I.,"['PHP 60,000/ month', '/ month', 'Km. 18, West Service Road, Muntinlupa, Metro Manila, 1700', 'Bedrooms:', '2', 'Area:', '48 m²', 'Bathrooms:', '1', 'Available from:', '27 Mar']"
"House and Lot For Sale in Greenwoods Avenue, Cainta",https://lifenavi.com/ph/properties/cainta/for-sale/house-and-lot/house-and-lot-for-sale-greenwoods-executive-village-ad-466-ln543803,"PHP 22,000,000","Greenwoods Avenue, Cainta, Metro Manila",,500 m²,5+,6+,Available from 27 Mar,,11 Nov 09:21,Housing I.,"['PHP 22,000,000', 'Greenwoods Avenue, Cainta, Metro Manila', 'Bedrooms:', '5+', 'Area:', '500 m²', 'Bathrooms:', '6+', 'Available from:', '27 Mar']"
"House and Lot For Sale in cor, Yantok, Bacoor",https://lifenavi.com/ph/properties/bacoor/for-sale/house-and-lot/house-for-sale-in-110-yantok-cor-bunga-ad-465-ln789771,"PHP 420,000,000","cor, Yantok, Bacoor, Calabarzon",,1172 m²,5+,5,Available from 27 Mar,,11 Nov 09:21,Housing I.,"['PHP 420,000,000', 'cor, Yantok, Bacoor, Calabarzon', 'Bedrooms:', '5+', 'Area:', '1172 m²', 'Bathrooms:', '5', 'Available from:', '27 Mar']"
"Condo For Rent in 11, Sapphire Drive, Pasig",https://lifenavi.com/ph/properties/pasig/for-rent/condo/a-1br-deluxe-unit-for-lease-in-cdc-millenium-ortigas-ad-464-ln885258,"PHP 50,000/ month","11, Sapphire Drive, Pasig, Metro Manila, 1610",,65.19 m²,1,1,Available from 27 Mar,,11 Nov 09:21,Housing I.,"['PHP 50,000/ month', '/ month', '11, Sapphire Drive, Pasig, Metro Manila, 1610', 'Bedrooms:', '1', 'Area:', '65.19 m²', 'Bathrooms:', '1', 'Available from:', '27 Mar']"
"Condo For Sale in Makati Avenue, Makati City",https://lifenavi.com/ph/properties/makati-city/for-sale/condo/units-for-sale-in-millenium-plaza-makati-city-ad-463-ln296366,"PHP 39,166,992","Makati Avenue, Makati City, Metro Manila",,484.74 m²,5+,1,Available from 27 Mar,,11 Nov 09:21,Housing I.,"['PHP 39,166,992', 'Makati Avenue, Makati City, Metro Manila', 'Bedrooms:', '5+', 'Area:', '484.74 m²', 'Bathrooms:', '1', 'Available from:', '27 Mar']"
"Condo For Rent in Meralco Avenue, Pasig",https://lifenavi.com/ph/properties/pasig/for-rent/condo/fully-furnished-3br-unit-for-rent-at-cdc-millennium-ortigas-ad-462-ln821947,"PHP 180,000/ month","Meralco Avenue, Ortigas Center, Pasig, Metro Manila",,141 m²,3,3,Available from 27 Mar,,11 Nov 09:21,Housing I.,"['PHP 180,000/ month', '/ month', 'Meralco Avenue, Ortigas Center, Pasig, Metro Manila', 'Bedrooms:', '3', 'Area:', '141 m²', 'Bathrooms:', '3', 'Available from:', '27 Mar']"
"Condo For Rent in cor, 34th Street, Taguig",https://lifenavi.com/ph/properties/taguig/for-rent/condo/fully-furnished-2br-unit-for-rentsale-in-avida-towers-34th-ad-461-ln574953,"PHP 60,000/ month","cor, 34th Street, Taguig, Metro Manila",,62 m²,2,2,Available from 21 Jan,,11 Nov 09:21,Housing I.,"['PHP 60,000/ month', '/ month', 'cor, 34th Street, Taguig, Metro Manila', 'Bedrooms:', '2', 'Area:', '62 m²', 'Bathrooms:', '2', 'Available from:', '21 Jan']"
"For Rent in Lane T, Taguig",https://lifenavi.com/ph/properties/taguig/for-rent/commercial/office-space-for-lease-in-taguig-city-ad-460-ln811127,"PHP 35,000/ month","Lane T, Taguig, Metro Manila",,39.65 m²,,,Occupied,Semi-Furnished,11 Nov 09:21,Housing I.,"['PHP 35,000/ month', '/ month', 'Lane T, Taguig, Metro Manila', 'Status:', 'Occupied', 'Furnishing:', 'Semi-Furnished', 'Area:', '39.65 m²', 'Available from:', '28 Feb']"
"Condo For Rent in 1634, 11th Avenue, Taguig",https://lifenavi.com/ph/properties/taguig/for-rent/condo/1br-unit-for-rent-in-one-serendra-ad-459-ln288432,"PHP 122,100/ month","1634, 11th Avenue, Taguig, Metro Manila",,90 m²,1,1,Available from 16 Jan,,11 Nov 09:21,Housing I.,"['PHP 122,100/ month', '/ month', '1634, 11th Avenue, Taguig, Metro Manila', 'Bedrooms:', '1', 'Area:', '90 m²', 'Bathrooms:', '1', 'Available from:', '16 Jan']"
"House and Lot For Rent in 7155, San Bernardino, Makati City",https://lifenavi.com/ph/properties/makati-city/for-rent/house-and-lot/semi-furnished-4-story-18-unit-apartment-for-rent-in-makati-ad-458-ln150427,"PHP 28,000,000/ month","7155, San Bernardino, Makati City, Metro Manila",,100 m²,5+,6+,Available from 2 Apr,,11 Nov 09:21,Housing I.,"['PHP 28,000,000/ month', '/ month', '7155, San Bernardino, Makati City, Metro Manila', 'Bedrooms:', '5+', 'Area:', '100 m²', 'Bathrooms:', '6+', 'Available from:', '2 Apr']"
"Condo For Rent in Paseo de Roxas, Makati City",https://lifenavi.com/ph/properties/makati-city/for-rent/condo/fully-furnished-2br-unit-with-parking-for-lease-in-the-residences-at-greenbelt-ad-457-ln582610,"PHP 150,000/ month","Paseo de Roxas, Makati City, Metro Manila",,150 m²,2,2,Available from 2 Apr,,11 Nov 09:21,Housing I.,"['PHP 150,000/ month', '/ month', 'Paseo de Roxas, Makati City, Metro Manila', 'Bedrooms:', '2', 'Area:', '150 m²', 'Bathrooms:', '2', 'Available from:', '2 Apr']"
"Condo For Rent in 37, B. Valdez, Makati City",https://lifenavi.com/ph/properties/makati-city/for-rent/condo/unfurnished-studio-unit-for-rent-at-centuria-medical-makati-ad-456-ln290031,"PHP 40,000/ month","37, B. Valdez, Makati City, Kalakhang Maynila",,31 m²,Studio,1,Available from 2 Apr,,11 Nov 09:21,Housing I.,"['PHP 40,000/ month', '/ month', '37, B. Valdez, Makati City, Kalakhang Maynila', 'Bedrooms:', 'Studio', 'Area:', '31 m²', 'Bathrooms:', '1', 'Available from:', '2 Apr']"
"House and Lot For Sale in 4, Libra, Makati City",https://lifenavi.com/ph/properties/makati-city/for-sale/house-and-lot/2-storey-house-for-rent-in-bel-air-3-makati-ad-455-ln596256,"PHP 277,000,000","4, Libra, Makati City, Metro Manila, 1209",,450 m²,5+,5,Available from 3 Apr,,11 Nov 09:21,Housing I.,"['PHP 277,000,000', '4, Libra, Makati City, Metro Manila, 1209', 'Bedrooms:', '5+', 'Area:', '450 m²', 'Bathrooms:', '5', 'Available from:', '3 Apr']"
"Condo For Rent in Estrella, Makati City",https://lifenavi.com/ph/properties/makati-city/for-rent/condo/fully-furnished-2br-unit-with-parking-for-lease-in-proscenium-at-rockwell-ad-454-ln426133,"PHP 160,000/ month","Estrella, Makati City, Metro Manila",,118 m²,2,2,Available from 3 Apr,,11 Nov 09:21,Housing I.,"['PHP 160,000/ month', '/ month', 'Estrella, Makati City, Metro Manila', 'Bedrooms:', '2', 'Area:', '118 m²', 'Bathrooms:', '2', 'Available from:', '3 Apr']"
"Condo For Sale in Tagaytay City, Calabarzon",https://lifenavi.com/ph/properties/tagaytay-city/for-sale/condo/2br-unit-with-balcony-and-parking-for-sale-in-woodridge-place-ad-453-ln422733,"PHP 14,985,000","Tagaytay City, Calabarzon",,150 m²,2,2,Available from 23 Mar,,11 Nov 09:20,Housing I.,"['PHP 14,985,000', 'Tagaytay City, Calabarzon', 'Bedrooms:', '2', 'Area:', '150 m²', 'Bathrooms:', '2', 'Available from:', '23 Mar']"
"Condo For Rent in Estrella, Makati City",https://lifenavi.com/ph/properties/makati-city/for-rent/condo/fully-furnished-2br-unit-with-balcony-and-parking-for-lease-in-proscenium-at-rockwell-ad-452-ln529175,"PHP 160,000/ month","Estrella, Makati City, Metro Manila",,118 m²,2,2,Available from 4 Apr,,11 Nov 09:20,Housing I.,"['PHP 160,000/ month', '/ month', 'Estrella, Makati City, Metro Manila', 'Bedrooms:', '2', 'Area:', '118 m²', 'Bathrooms:', '2', 'Available from:', '4 Apr']"
"Condo For Rent in Rockwell Drive, Makati City",https://lifenavi.com/ph/properties/makati-city/for-rent/condo/fully-furnished-1br-unit-with-balcony-for-lease-in-one-rockwell-ad-450-ln382276,"PHP 88,000/ month","Rockwell Drive, Makati City, Metro Manila",,70 m²,1,1,Available from 25 Feb,,11 Nov 09:20,Housing I.,"['PHP 88,000/ month', '/ month', 'Rockwell Drive, Makati City, Metro Manila', 'Bedrooms:', '1', 'Area:', '70 m²', 'Bathrooms:', '1', 'Available from:', '25 Feb']"
"Condo For Rent in 102, Aguirre, Makati City",https://lifenavi.com/ph/properties/makati-city/for-rent/condo/a-fancy-2-bedroom-condominium-in-the-heart-of-makati-ad-448-ln994642,"PHP 100,000/ month","102, Aguirre, Legazpi Village, Makati City, Metro Manila, 1229",,130 m²,Studio,1,Available from 1 Apr,,11 Nov 09:20,Housing I.,"['PHP 100,000/ month', '/ month', '102, Aguirre, Legazpi Village, Makati City, Metro Manila, 1229', 'Bedrooms:', 'Studio', 'Area:', '130 m²', 'Bathrooms:', '1', 'Available from:', '1 Apr']"
"Condo For Rent in 305, Katipunan Avenue, Quezon City",https://lifenavi.com/ph/properties/quezon-city/for-rent/condo/bare-studio-unit-for-lease-in-prince-david-condominium-ad-447-ln992874,"PHP 20,000/ month","305, Katipunan Avenue, Quezon City, Metro Manila, 1108",,31 m²,Studio,1,Available from 10 Apr,,11 Nov 09:20,Housing I.,"['PHP 20,000/ month', '/ month', '305, Katipunan Avenue, Quezon City, Metro Manila, 1108', 'Bedrooms:', 'Studio', 'Area:', '31 m²', 'Bathrooms:', '1', 'Available from:', '10 Apr']"
"Condo For Rent in San Agustin Street, Makati City",https://lifenavi.com/ph/properties/makati-city/for-rent/condo/fully-furnished-3br-unit-with-parking-for-lease-in-escala-salcedo-ad-446-ln685070,"PHP 250,000/ month","San Agustin Street, Makati City, Metro Manila",,238 m²,3,3,Available from 19 Nov,,11 Nov 09:20,Housing I.,"['PHP 250,000/ month', '/ month', 'San Agustin Street, Makati City, Metro Manila', 'Bedrooms:', '3', 'Area:', '238 m²', 'Bathrooms:', '3', 'Available from:', '19 Nov']"
"House and Lot For Rent in 1222, Campanilla, Makati City",https://lifenavi.com/ph/properties/makati-city/for-rent/house-and-lot/house-and-lot-for-lease-in-dasmarinas-village-ad-444-ln385009,"PHP 400,000/ month","1222, Campanilla, Makati City, Metro Manila",,680 m²,4,4,Available from 31 Mar,,11 Nov 09:20,Housing I.,"['PHP 400,000/ month', '/ month', '1222, Campanilla, Makati City, Metro Manila', 'Bedrooms:', '4', 'Area:', '680 m²', 'Bathrooms:', '4', 'Available from:', '31 Mar']"
"Condo For Sale in 18-B, H.V. Dela Costa, Makati City",https://lifenavi.com/ph/properties/makati-city/for-sale/condo/1br-unit-for-sale-in-alpha-salcedo-makati-ad-443-ln162283,"PHP 8,500,000","18-B, H.V. Dela Costa, Salcedo Village, Makati City, Metro Manila, 1227",,47 m²,1,1,Available from 15 Apr,,11 Nov 09:20,Housing I.,"['PHP 8,500,000', '18-B, H.V. Dela Costa, Salcedo Village, Makati City, Metro Manila, 1227', 'Bedrooms:', '1', 'Area:', '47 m²', 'Bathrooms:', '1', 'Available from:', '15 Apr']"
"Condo For Rent in Taguig, Metro Manila",https://lifenavi.com/ph/properties/taguig/for-rent/condo/fully-furnished-3br-unit-with-parking-for-lease-in-the-luxe-residences-ad-442-ln538938,"PHP 155,000/ month","Taguig, Metro Manila",,160 m²,3,3,Available from 15 Apr,,11 Nov 09:20,Housing I.,"['PHP 155,000/ month', '/ month', 'Taguig, Metro Manila', 'Bedrooms:', '3', 'Area:', '160 m²', 'Bathrooms:', '3', 'Available from:', '15 Apr']"
"Condo For Rent in Taguig, Metro Manila",https://lifenavi.com/ph/properties/taguig/for-rent/condo/fully-furnished-3br-unit-with-parking-and-balconies-for-lease-in-the-luxe-residences-ad-441-ln403512,"PHP 295,000/ month","Taguig, Metro Manila",,256 m²,3,3,Available from 15 Apr,,11 Nov 09:20,Housing I.,"['PHP 295,000/ month', '/ month', 'Taguig, Metro Manila', 'Bedrooms:', '3', 'Area:', '256 m²', 'Bathrooms:', '3', 'Available from:', '15 Apr']"
"Condo For Rent in cor, 3rd Avenue, Taguig",https://lifenavi.com/ph/properties/taguig/for-rent/condo/fully-furnished-2br-unit-with-parking-for-lease-in-the-suites-ad-440-ln621695,"PHP 280,000/ month","cor, 3rd Avenue, Taguig, Metro Manila",,222 m²,2,2,Available from 16 Apr,,11 Nov 09:20,Housing I.,"['PHP 280,000/ month', '/ month', 'cor, 3rd Avenue, Taguig, Metro Manila', 'Bedrooms:', '2', 'Area:', '222 m²', 'Bathrooms:', '2', 'Available from:', '16 Apr']"
"Condo For Rent in Taguig, Metro Manila",https://lifenavi.com/ph/properties/taguig/for-rent/condo/fully-furnished-2br-unit-with-parking-for-lease-in-the-luxe-residences-ad-439-ln923471,"PHP 102,000/ month","Taguig, Metro Manila",,111 m²,2,2,Available from 21 Apr,,11 Nov 09:20,Housing I.,"['PHP 102,000/ month', '/ month', 'Taguig, Metro Manila', 'Bedrooms:', '2', 'Area:', '111 m²', 'Bathrooms:', '2', 'Available from:', '21 Apr']"
"Condo For Sale in 36th St, 11th Avenue, Makati City",https://lifenavi.com/ph/properties/makati-city/for-sale/condo/semi-furnished-2br-unit-with-parking-for-lease-in-uptown-ritz-residences-ad-438-ln842676,"PHP 32,500,000","36th St, 11th Avenue, Makati City, Metro Manila",,93.5 m²,2,2,Available from 22 Apr,,11 Nov 09:20,Housing I.,"['PHP 32,500,000', '36th St, 11th Avenue, Makati City, Metro Manila', 'Bedrooms:', '2', 'Area:', '93.5 m²', 'Bathrooms:', '2', 'Available from:', '22 Apr']"
"Condo For Sale in 2208, Chino Roces Avenue, Makati City",https://lifenavi.com/ph/properties/makati-city/for-sale/condo/for-sale-2-bedroom-avida-towers-san-lorenzo-ad-437-ln677755,"PHP 10,237,500","2208, Chino Roces Avenue, Makati City, Metro Manila",,52.5 m²,2,2,Available from 22 Apr,,11 Nov 09:20,Housing I.,"['PHP 10,237,500', '2208, Chino Roces Avenue, Makati City, Metro Manila', 'Bedrooms:', '2', 'Area:', '52.5 m²', 'Bathrooms:', '2', 'Available from:', '22 Apr']"
"House and Lot For Sale in Upper McKinley Hill, Taguig",https://lifenavi.com/ph/properties/taguig/for-sale/house-and-lot/6br-house-with-pool-for-sale-in-mckinley-hill-village-ad-436-ln926015,"PHP 230,000,000","Upper McKinley Hill, Taguig, Metro Manila",,620 m²,5+,6+,Available from 23 Apr,,11 Nov 09:20,Housing I.,"['PHP 230,000,000', 'Upper McKinley Hill, Taguig, Metro Manila', 'Bedrooms:', '5+', 'Area:', '620 m²', 'Bathrooms:', '6+', 'Available from:', '23 Apr']"
"House and Lot For Sale in Antonio S Arnaiz Avenue, Makati City",https://lifenavi.com/ph/properties/makati-city/for-sale/house-and-lot/5br-house-for-sale-in-dasmarinas-village-ad-435-ln798443,"PHP 832,500,000","Antonio S Arnaiz Avenue, Makati City, Metro Manila",,600 m²,5+,5,Available from 23 Apr,,11 Nov 09:20,Housing I.,"['PHP 832,500,000', 'Antonio S Arnaiz Avenue, Makati City, Metro Manila', 'Bedrooms:', '5+', 'Area:', '600 m²', 'Bathrooms:', '5', 'Available from:', '23 Apr']"
"House and Lot For Sale in 7, Delhi Street, Quezon City",https://lifenavi.com/ph/properties/quezon-city/for-sale/house-and-lot/modern-house-for-sale-in-vista-real-classica-ii-ad-434-ln387364,"PHP 72,000,000","7, Delhi Street, Quezon City, Metro Manila",,504 m²,4,4,Available from 27 Oct,,11 Nov 09:20,Housing I.,"['PHP 72,000,000', '7, Delhi Street, Quezon City, Metro Manila', 'Bedrooms:', '4', 'Area:', '504 m²', 'Bathrooms:', '4', 'Available from:', '27 Oct']"
"Condo For Rent in 1634, 11th Avenue, Taguig",https://lifenavi.com/ph/properties/taguig/for-rent/condo/fully-furnished-2br-unit-with-balcony-for-leasesale-in-one-serendra-ad-433-ln181810,"PHP 195,000/ month","1634, 11th Avenue, Taguig, Metro Manila",,140 m²,2,2,Available from 23 Apr,,11 Nov 09:20,Housing I.,"['PHP 195,000/ month', '/ month', '1634, 11th Avenue, Taguig, Metro Manila', 'Bedrooms:', '2', 'Area:', '140 m²', 'Bathrooms:', '2', 'Available from:', '23 Apr']"
"Condo For Rent in Pasay City, Metro Manila",https://lifenavi.com/ph/properties/pasay-city/for-rent/condo/for-lease-1brstudio-type-shore-residences-ad-432-ln676428,"PHP 35,000/ month","Pasay City, Metro Manila",,27.67 m²,1,1,Available from 4 Mar,,11 Nov 09:19,Housing I.,"['PHP 35,000/ month', '/ month', 'Pasay City, Metro Manila', 'Bedrooms:', '1', 'Area:', '27.67 m²', 'Bathrooms:', '1', 'Available from:', '4 Mar']"
"Condo For Rent in 26, Miguel Leonor St, San Pablo City",https://lifenavi.com/ph/properties/san-pablo-city/for-rent/condo/fully-furnished-3br-unit-with-parking-for-lease-in-essensa-tower-ad-431-ln129042,"PHP 283,000/ month","26, Miguel Leonor St, San Pablo City, Metro Manila",,290 m²,3,3,Available from 24 Apr,,11 Nov 09:19,Housing I.,"['PHP 283,000/ month', '/ month', '26, Miguel Leonor St, San Pablo City, Metro Manila', 'Bedrooms:', '3', 'Area:', '290 m²', 'Bathrooms:', '3', 'Available from:', '24 Apr']"
"Condo For Sale in Paseo de Roxas, Makati City",https://lifenavi.com/ph/properties/makati-city/for-sale/condo/3br-unit-for-sale-at-the-residences-at-greenbelt-makati-ad-430-ln248035,"PHP 80,660,000","Paseo de Roxas, Makati City, Metro Manila",,186 m²,3,3,Available from 25 Apr,,11 Nov 09:19,Housing I.,"['PHP 80,660,000', 'Paseo de Roxas, Makati City, Metro Manila', 'Bedrooms:', '3', 'Area:', '186 m²', 'Bathrooms:', '3', 'Available from:', '25 Apr']"
Condo For Rent in Taguig,https://lifenavi.com/ph/properties/taguig/for-rent/condo/1br-unit-for-lease-at-west-gallery-place-taguig-city-ad-429-ln225991,"PHP 120,000/ month","Fort Bonifacio Global City, Taguig",,62 m²,1,N/A,Available from 24 Apr,,11 Nov 09:19,Housing I.,"['PHP 120,000/ month', '/ month', 'Fort Bonifacio Global City, Taguig', 'Bedrooms:', '1', 'Area:', '62 m²', 'Bathrooms:', 'N/A', 'Available from:', '24 Apr']"
"Land only For Sale in Cordillera Street, Malvar",https://lifenavi.com/ph/properties/malvar/for-sale/land-only/batangas-corner-lot-for-sale-ad-428-ln774652,"PHP 7,300,000","Cordillera Street, Malvar, Calabarzon",,298 m²,Studio,1,Available from 29 Apr,,11 Nov 09:19,Housing I.,"['PHP 7,300,000', 'Cordillera Street, Malvar, Calabarzon', 'Bedrooms:', 'Studio', 'Area:', '298 m²', 'Bathrooms:', '1', 'Available from:', '29 Apr']"
"Condo For Rent in 26th Street, Taguig",https://lifenavi.com/ph/properties/taguig/for-rent/condo/two-bedrooms-unit-for-rent-at-two-maridien-ad-427-ln342376,"PHP 105,000/ month","26th Street, Taguig, Metro Manila",,97 m²,2,1,Available from 1 Jul,,11 Nov 09:19,Housing I.,"['PHP 105,000/ month', '/ month', '26th Street, Taguig, Metro Manila', 'Bedrooms:', '2', 'Area:', '97 m²', 'Bathrooms:', '1', 'Available from:', '1 Jul']"
"Condo For Rent in 120, Rada, Makati City",https://lifenavi.com/ph/properties/makati-city/for-rent/condo/for-rent-2br-unit-one-legaspi-park-ad-426-ln220256,"PHP 100,000/ month","120, Rada, Legazpi Village, Makati City, Metro Manila, 1200",,97 m²,2,2,Available from 29 Apr,,11 Nov 09:19,Housing I.,"['PHP 100,000/ month', '/ month', '120, Rada, Legazpi Village, Makati City, Metro Manila, 1200', 'Bedrooms:', '2', 'Area:', '97 m²', 'Bathrooms:', '2', 'Available from:', '29 Apr']"
"House and Lot For Sale in 1750, Daang Hari Road, Las Piñas",https://lifenavi.com/ph/properties/las-pinas/for-sale/house-and-lot/rfo-portofino-heights-daang-hari-luxury-resort-house-for-sale-ad-425-ln678493,"PHP 68,000,000","1750, Daang Hari Road, Las Piñas, Kalakhang Maynila",,525 m²,5+,6+,Available from 21 Apr,,11 Nov 09:19,Housing I.,"['PHP 68,000,000', '1750, Daang Hari Road, Las Piñas, Kalakhang Maynila', 'Bedrooms:', '5+', 'Area:', '525 m²', 'Bathrooms:', '6+', 'Available from:', '21 Apr']"
"Condo For Sale in 102, L.P. Leviste Street, Makati City",https://lifenavi.com/ph/properties/makati-city/for-sale/condo/link-unit-studio-for-sale-in-the-ellis-ad-424-ln647189,"PHP 20,000,000","102, L.P. Leviste Street, Makati City, Metro Manila, 1227",,63.5 m²,1,1,Available from 30 Apr,,11 Nov 09:19,Housing I.,"['PHP 20,000,000', '102, L.P. Leviste Street, Makati City, Metro Manila, 1227', 'Bedrooms:', '1', 'Area:', '63.5 m²', 'Bathrooms:', '1', 'Available from:', '30 Apr']"
"House and Lot For Rent in Lot 50, Laguna Bel Air Drive, City of Santa Rosa",https://lifenavi.com/ph/properties/city-of-santa-rosa/for-rent/house-and-lot/3br-house-for-rent-in-laguna-bel-air-2-sta-rosa-ad-423-ln687810,"PHP 22,000/ month","Lot 50, Laguna Bel Air Drive, City of Santa Rosa, Calabarzon, 4026",,110 m²,3,2,Available from 4 Sep,,11 Nov 09:19,Housing I.,"['PHP 22,000/ month', '/ month', 'Lot 50, Laguna Bel Air Drive, City of Santa Rosa, Calabarzon, 4026', 'Bedrooms:', '3', 'Area:', '110 m²', 'Bathrooms:', '2', 'Available from:', '4 Sep']"
"Condo For Rent in 215, Sen. Gil J. Puyat Avenue, Makati City",https://lifenavi.com/ph/properties/makati-city/for-rent/condo/fully-furnished-2br-unit-for-lease-in-san-antonio-residences-ad-422-ln674561,"PHP 45,000/ month","215, Sen. Gil J. Puyat Avenue, Makati City, Metro Manila",,57 m²,2,2,Available from 1 Aug,,11 Nov 09:19,Housing I.,"['PHP 45,000/ month', '/ month', '215, Sen. Gil J. Puyat Avenue, Makati City, Metro Manila', 'Bedrooms:', '2', 'Area:', '57 m²', 'Bathrooms:', '2', 'Available from:', '1 Aug']"
"House and Lot For Sale in Punta Fuego Entrance Road, Nasugbu",https://lifenavi.com/ph/properties/nasugbu/for-sale/house-and-lot/cozy-fully-furnished-beach-house-for-sale-in-punta-fuego-ad-421-ln896113,"PHP 35,000,000","Punta Fuego Entrance Road, Nasugbu, Calabarzon",,396 m²,5+,4,Available from 7 May,,11 Nov 09:19,Housing I.,"['PHP 35,000,000', 'Punta Fuego Entrance Road, Nasugbu, Calabarzon', 'Bedrooms:', '5+', 'Area:', '396 m²', 'Bathrooms:', '4', 'Available from:', '7 May']"
"Condo For Rent in 28, Plaza Drive, Makati City",https://lifenavi.com/ph/properties/makati-city/for-rent/condo/2br-for-lease-joya-lofts-and-towers-ad-420-ln984086,"PHP 140,000/ month","28, Plaza Drive, Makati City, Metro Manila",,141 m²,2,3,Available from 8 May,,11 Nov 09:19,Housing I.,"['PHP 140,000/ month', '/ month', '28, Plaza Drive, Makati City, Metro Manila', 'Bedrooms:', '2', 'Area:', '141 m²', 'Bathrooms:', '3', 'Available from:', '8 May']"
"Condo For Sale in Cruzada Street, Makati City",https://lifenavi.com/ph/properties/makati-city/for-sale/condo/fully-furnished-3br-unit-with-parking-for-sale-in-one-roxas-triangle-ad-419-ln836095,"PHP 92,000,000","Cruzada Street, Makati City, Metro Manila",,286 m²,3,3,Available from 8 May,,11 Nov 09:19,Housing I.,"['PHP 92,000,000', 'Cruzada Street, Makati City, Metro Manila', 'Bedrooms:', '3', 'Area:', '286 m²', 'Bathrooms:', '3', 'Available from:', '8 May']"
"Condo For Rent in Taguig, Metro Manila",https://lifenavi.com/ph/properties/taguig/for-rent/condo/fully-furnished-3br-unit-with-parking-for-salelease-in-grand-hyatt-residences-ad-418-ln895891,"PHP 238,000/ month","Taguig, Metro Manila",,133 m²,3,3,Available from 26 Mar,,11 Nov 09:19,Housing I.,"['PHP 238,000/ month', '/ month', 'Taguig, Metro Manila', 'Bedrooms:', '3', 'Area:', '133 m²', 'Bathrooms:', '3', 'Available from:', '26 Mar']"
"Condo For Rent in Taguig, Metro Manila",https://lifenavi.com/ph/properties/taguig/for-rent/condo/fully-furnished-3br-unit-with-parking-for-lease-in-grand-hyatt-residences-ad-417-ln790230,"PHP 230,000/ month","Taguig, Metro Manila",,133 m²,3,3,Available from 26 Mar,,11 Nov 09:19,Housing I.,"['PHP 230,000/ month', '/ month', 'Taguig, Metro Manila', 'Bedrooms:', '3', 'Area:', '133 m²', 'Bathrooms:', '3', 'Available from:', '26 Mar']"
"Condo For Rent in Taguig, Metro Manila",https://lifenavi.com/ph/properties/taguig/for-rent/condo/fully-furnished-3br-unit-with-parking-for-rent-in-grand-hyatt-residences-ad-416-ln895183,"PHP 180,000/ month","Taguig, Metro Manila",,133 m²,3,3,Available from 26 Mar,,11 Nov 09:19,Housing I.,"['PHP 180,000/ month', '/ month', 'Taguig, Metro Manila', 'Bedrooms:', '3', 'Area:', '133 m²', 'Bathrooms:', '3', 'Available from:', '26 Mar']"
"Condo For Rent in Makati City, Metro Manila",https://lifenavi.com/ph/properties/makati-city/for-rent/condo/fully-furnished-2br-unit-with-aprking-for-lease-in-garden-towers-ad-415-ln784065,"PHP 170,000/ month","Makati City, Metro Manila",,138 m²,2,2,Available from 7 Jan,,11 Nov 09:19,Housing I.,"['PHP 170,000/ month', '/ month', 'Makati City, Metro Manila', 'Bedrooms:', '2', 'Area:', '138 m²', 'Bathrooms:', '2', 'Available from:', '7 Jan']"
"House and Lot For Rent in 5, Constellation, Makati City",https://lifenavi.com/ph/properties/makati-city/for-rent/house-and-lot/house-and-lot-with-pool-for-lease-in-bel-air-2-ad-414-ln673297,"PHP 380,000/ month","5, Constellation, Makati City, Metro Manila, 1209",,465 m²,4,4,Available from 9 May,,11 Nov 09:19,Housing I.,"['PHP 380,000/ month', '/ month', '5, Constellation, Makati City, Metro Manila, 1209', 'Bedrooms:', '4', 'Area:', '465 m²', 'Bathrooms:', '4', 'Available from:', '9 May']"
"House and Lot For Rent in Antonio S Arnaiz Avenue, Makati City",https://lifenavi.com/ph/properties/makati-city/for-rent/house-and-lot/3br-house-for-lease-in-palm-avenue-dasmarinas-village-ad-413-ln667297,"PHP 325,000/ month","Antonio S Arnaiz Avenue, Makati City, Metro Manila",,650 m²,3,3,Available from 1 Feb,,11 Nov 09:19,Housing I.,"['PHP 325,000/ month', '/ month', 'Antonio S Arnaiz Avenue, Makati City, Metro Manila', 'Bedrooms:', '3', 'Area:', '650 m²', 'Bathrooms:', '3', 'Available from:', '1 Feb']"
"Condo For Rent in Rockwell Drive, Makati City",https://lifenavi.com/ph/properties/makati-city/for-rent/condo/fully-furnished-2br-unit-with-parking-for-lease-in-edades-tower-ad-412-ln919523,"PHP 120,000/ month","Rockwell Drive, Makati City, Metro Manila",,99 m²,2,2,Available from 13 May,,11 Nov 09:19,Housing I.,"['PHP 120,000/ month', '/ month', 'Rockwell Drive, Makati City, Metro Manila', 'Bedrooms:', '2', 'Area:', '99 m²', 'Bathrooms:', '2', 'Available from:', '13 May']"
"Condo For Rent in Rockwell Drive, Makati City",https://lifenavi.com/ph/properties/makati-city/for-rent/condo/exemplary-2-bedroom-unit-with-balcony-for-rent-in-edades-ad-411-ln100285,"PHP 120,000/ month","Rockwell Drive, Makati City, Metro Manila",,115 m²,2,1,Available from 1 Jun,,11 Nov 09:19,Housing I.,"['PHP 120,000/ month', '/ month', 'Rockwell Drive, Makati City, Metro Manila', 'Bedrooms:', '2', 'Area:', '115 m²', 'Bathrooms:', '1', 'Available from:', '1 Jun']"
"Condo For Rent in Corner, 9th Avenue, Makati City",https://lifenavi.com/ph/properties/makati-city/for-rent/condo/for-rent-1-bedroom-avida-towers-9th-avenue-ad-410-ln147605,"PHP 35,000/ month","Corner, 9th Avenue, Makati City, Metro Manila",,38 m²,1,1,Available from 13 Oct,,11 Nov 09:19,Housing I.,"['PHP 35,000/ month', '/ month', 'Corner, 9th Avenue, Makati City, Metro Manila', 'Bedrooms:', '1', 'Area:', '38 m²', 'Bathrooms:', '1', 'Available from:', '13 Oct']"
"Condo For Rent in Makati City, Metro Manila",https://lifenavi.com/ph/properties/makati-city/for-rent/condo/fully-furnished-2br-unit-with-parking-for-lease-in-garden-towers-ad-409-ln914765,"PHP 150,000/ month","Makati City, Metro Manila",,138 m²,2,2,Available from 12 Dec,,11 Nov 09:18,Housing I.,"['PHP 150,000/ month', '/ month', 'Makati City, Metro Manila', 'Bedrooms:', '2', 'Area:', '138 m²', 'Bathrooms:', '2', 'Available from:', '12 Dec']"
"Condo For Rent in Taguig, Metro Manila",https://lifenavi.com/ph/properties/taguig/for-rent/condo/west-gallery-place-by-ayala-land-premier-for-rent-3br-unit-ad-408-ln546323,"PHP 270,000/ month","Taguig, Metro Manila",,187 m²,3,1,Available from 14 May,,11 Nov 09:18,Housing I.,"['PHP 270,000/ month', '/ month', 'Taguig, Metro Manila', 'Bedrooms:', '3', 'Area:', '187 m²', 'Bathrooms:', '1', 'Available from:', '14 May']"
"Condo For Rent in San Agustin Street, Makati City",https://lifenavi.com/ph/properties/makati-city/for-rent/condo/2br-unit-for-rent-in-escala-salcedo-ad-407-ln379145,"PHP 155,400/ month","San Agustin Street, Makati City, Metro Manila",,105 m²,2,2,Available from 16 Jan,,11 Nov 09:18,Housing I.,"['PHP 155,400/ month', '/ month', 'San Agustin Street, Makati City, Metro Manila', 'Bedrooms:', '2', 'Area:', '105 m²', 'Bathrooms:', '2', 'Available from:', '16 Jan']"
"Condo For Rent in San Agustin Street, Makati City",https://lifenavi.com/ph/properties/makati-city/for-rent/condo/fully-furnished-2br-unit-with-balcony-and-parking-for-lease-in-escala-salcedo-ad-406-ln636321,"PHP 150,000/ month","San Agustin Street, Makati City, Metro Manila",,105 m²,2,2,Available from 5 Feb,,11 Nov 09:18,Housing I.,"['PHP 150,000/ month', '/ month', 'San Agustin Street, Makati City, Metro Manila', 'Bedrooms:', '2', 'Area:', '105 m²', 'Bathrooms:', '2', 'Available from:', '5 Feb']"
"Condo For Rent in San Agustin Street, Makati City",https://lifenavi.com/ph/properties/makati-city/for-rent/condo/for-sale-2br-unit-in-escala-salcedo-ad-405-ln744633,"PHP 140,000/ month","San Agustin Street, Makati City, Metro Manila",,105 m²,2,2,Available from 27 Feb,,11 Nov 09:18,Housing I.,"['PHP 140,000/ month', '/ month', 'San Agustin Street, Makati City, Metro Manila', 'Bedrooms:', '2', 'Area:', '105 m²', 'Bathrooms:', '2', 'Available from:', '27 Feb']"
"Condo For Rent in Makati City, Metro Manila",https://lifenavi.com/ph/properties/makati-city/for-rent/condo/fully-furnished-2br-unit-with-parking-for-sale-in-one-salcedo-place-ad-404-ln622190,"PHP 130,000/ month","Makati City, Metro Manila",,155 m²,2,2,Available from 19 Feb,,11 Nov 09:18,Housing I.,"['PHP 130,000/ month', '/ month', 'Makati City, Metro Manila', 'Bedrooms:', '2', 'Area:', '155 m²', 'Bathrooms:', '2', 'Available from:', '19 Feb']"
"House and Lot For Rent in 20, Hercules, Makati City",https://lifenavi.com/ph/properties/makati-city/for-rent/house-and-lot/semi-furnished-4-bedroom-bungalow-for-lease-in-makati-city-ad-403-ln209317,"PHP 280,000/ month","20, Hercules, Makati City, Metro Manila, 1209",,338.22 m²,4,4,Available from 19 May,,11 Nov 09:18,Housing I.,"['PHP 280,000/ month', '/ month', '20, Hercules, Makati City, Metro Manila, 1209', 'Bedrooms:', '4', 'Area:', '338.22 m²', 'Bathrooms:', '4', 'Available from:', '19 May']"
"Condo For Rent in cor, 3rd Avenue, Taguig",https://lifenavi.com/ph/properties/taguig/for-rent/condo/fully-furnished-3-bedroom-for-lease-in-taguig-city-ad-402-ln711660,"PHP 320,000/ month","cor, 3rd Avenue, Taguig, Metro Manila",,200 m²,3,1,Available from 1 Sep,,11 Nov 09:18,Housing I.,"['PHP 320,000/ month', '/ month', 'cor, 3rd Avenue, Taguig, Metro Manila', 'Bedrooms:', '3', 'Area:', '200 m²', 'Bathrooms:', '1', 'Available from:', '1 Sep']"
"Land only For Sale in National Road, Bacong",https://lifenavi.com/ph/properties/bacong/for-sale/land-only/lot-for-sale-in-poblacion-bacong-ad-401-ln974457,"PHP 13,320,000","National Road, Bacong, Central Visayas, 6216",,2964 m²,Studio,1,Available from 19 May,,11 Nov 09:18,Housing I.,"['PHP 13,320,000', 'National Road, Bacong, Central Visayas, 6216', 'Bedrooms:', 'Studio', 'Area:', '2964 m²', 'Bathrooms:', '1', 'Available from:', '19 May']"
"Condo For Sale in A. Bonifacio Avenue, Quezon City",https://lifenavi.com/ph/properties/quezon-city/for-sale/condo/2-bedroom-condo-unit-in-the-celandine-for-sale-ad-400-ln152667,"PHP 5,700,000","A. Bonifacio Avenue, Quezon City, Metro Manila",,48.5 m²,2,1,Available from 20 May,,11 Nov 09:18,Housing I.,"['PHP 5,700,000', 'A. Bonifacio Avenue, Quezon City, Metro Manila', 'Bedrooms:', '2', 'Area:', '48.5 m²', 'Bathrooms:', '1', 'Available from:', '20 May']"
"Condo For Sale in Pasig, Metro Manila",https://lifenavi.com/ph/properties/pasig/for-sale/condo/modern-2-bedroom-unit-with-balcony-for-sale-in-prisma-residences-ad-399-ln292579,"PHP 7,300,000","Pasig, Metro Manila",,56 m²,2,1,Available from 20 May,,11 Nov 09:18,Housing I.,"['PHP 7,300,000', 'Pasig, Metro Manila', 'Bedrooms:', '2', 'Area:', '56 m²', 'Bathrooms:', '1', 'Available from:', '20 May']"
"Condo For Sale in 998, Aurora Boulevard, Quezon City",https://lifenavi.com/ph/properties/quezon-city/for-sale/condo/2-bedroom-condo-unit-for-sale-in-infina-towers-ad-398-ln486571,"PHP 5,600,000","998, Aurora Boulevard, Project 3, Quezon City, Metro Manila",,48.5 m²,2,1,Available from 20 May,,11 Nov 09:18,Housing I.,"['PHP 5,600,000', '998, Aurora Boulevard, Project 3, Quezon City, Metro Manila', 'Bedrooms:', '2', 'Area:', '48.5 m²', 'Bathrooms:', '1', 'Available from:', '20 May']"
"House and Lot For Sale in Balete Drive, Quezon City",https://lifenavi.com/ph/properties/quezon-city/for-sale/house-and-lot/6br-house-and-lot-for-sale-in-balete-drive-new-manila-ad-397-ln631360,"PHP 162,500,000","Balete Drive, Quezon City, Metro Manila",,650 m²,5+,6+,Available from 21 May,,11 Nov 09:18,Housing I.,"['PHP 162,500,000', 'Balete Drive, Quezon City, Metro Manila', 'Bedrooms:', '5+', 'Area:', '650 m²', 'Bathrooms:', '6+', 'Available from:', '21 May']"
"House and Lot For Rent in 22, San Felipe, Makati City",https://lifenavi.com/ph/properties/makati-city/for-rent/house-and-lot/palatial-3-bedroom-house-and-lot-for-rent-at-magallanes-village-makati-ad-396-ln365986,"PHP 180,000/ month","22, San Felipe, Makati City, Kalakhang Maynila, 1232",,316 m²,4,4,Available from 26 May,,11 Nov 09:18,Housing I.,"['PHP 180,000/ month', '/ month', '22, San Felipe, Makati City, Kalakhang Maynila, 1232', 'Bedrooms:', '4', 'Area:', '316 m²', 'Bathrooms:', '4', 'Available from:', '26 May']"
"Condo For Sale in 6737, Ayala Avenue, Makati City",https://lifenavi.com/ph/properties/makati-city/for-sale/condo/for-sale-2br-unit-in-twin-towers-ad-395-ln286197,"PHP 55,000,000","6737, Ayala Avenue, Makati City, Metro Manila, 1226",,271 m²,2,3,Available from 30 Jun,,11 Nov 09:18,Housing I.,"['PHP 55,000,000', '6737, Ayala Avenue, Makati City, Metro Manila, 1226', 'Bedrooms:', '2', 'Area:', '271 m²', 'Bathrooms:', '3', 'Available from:', '30 Jun']"
"House and Lot For Rent in Molave, Pasig",https://lifenavi.com/ph/properties/pasig/for-rent/house-and-lot/house-for-rent-in-valle-verde-3-pasig-ad-394-ln290721,"PHP 250,000/ month","Molave, Ortigas Center, Pasig, Metro Manila",,600 m²,4,4,Available from 21 Jan,,11 Nov 09:18,Housing I.,"['PHP 250,000/ month', '/ month', 'Molave, Ortigas Center, Pasig, Metro Manila', 'Bedrooms:', '4', 'Area:', '600 m²', 'Bathrooms:', '4', 'Available from:', '21 Jan']"
"Condo For Rent in 1634, McKinley Parkway, Taguig",https://lifenavi.com/ph/properties/taguig/for-rent/condo/for-rent-studio-unit-two-serendra-ad-393-ln540434,"PHP 42,000/ month","1634, McKinley Parkway, Taguig, Metro Manila",,42 m²,Studio,1,Available from 20 Jul,,11 Nov 09:18,Housing I.,"['PHP 42,000/ month', '/ month', '1634, McKinley Parkway, Taguig, Metro Manila', 'Bedrooms:', 'Studio', 'Area:', '42 m²', 'Bathrooms:', '1', 'Available from:', '20 Jul']"
"Condo For Rent in 2, Upper McKinley Hill, Taguig",https://lifenavi.com/ph/properties/taguig/for-rent/condo/3br-unit-for-lease-in-mckinley-hill-garden-villas-ad-392-ln310585,"PHP 100,000/ month","2, Upper McKinley Hill, Taguig, Metro Manila",,128 m²,3,3,Available from 10 Jul,,11 Nov 09:18,Housing I.,"['PHP 100,000/ month', '/ month', '2, Upper McKinley Hill, Taguig, Metro Manila', 'Bedrooms:', '3', 'Area:', '128 m²', 'Bathrooms:', '3', 'Available from:', '10 Jul']"
"Condo For Rent in Estrella, Makati City",https://lifenavi.com/ph/properties/makati-city/for-rent/condo/fully-furnished-3br-unit-with-balcony-and-parking-for-lease-in-prosecenium-at-rockwell-ad-391-ln429964,"PHP 250,000/ month","Estrella, Makati City, Metro Manila",,200 m²,3,5,Available from 4 Jun,,11 Nov 09:18,Housing I.,"['PHP 250,000/ month', '/ month', 'Estrella, Makati City, Metro Manila', 'Bedrooms:', '3', 'Area:', '200 m²', 'Bathrooms:', '5', 'Available from:', '4 Jun']"
"Condo For Sale in Taguig, Metro Manila",https://lifenavi.com/ph/properties/taguig/for-sale/condo/fully-furnished-1br-unit-with-parking-for-sale-in-west-gallery-place-ad-390-ln982708,"PHP 31,080,000","Taguig, Metro Manila, 1634",,69 m²,1,1,Available from 4 Jun,,11 Nov 09:18,Housing I.,"['PHP 31,080,000', 'Taguig, Metro Manila, 1634', 'Bedrooms:', '1', 'Area:', '69 m²', 'Bathrooms:', '1', 'Available from:', '4 Jun']"
"Condo For Rent in Residential Drive, Makati City",https://lifenavi.com/ph/properties/makati-city/for-rent/condo/fully-furnished-3br-unit-with-parking-for-lease-in-luna-gardens-ad-389-ln461604,"PHP 300,000/ month","Residential Drive, Makati City, Metro Manila",,247 m²,3,3,Available from 5 Jun,,11 Nov 09:18,Housing I.,"['PHP 300,000/ month', '/ month', 'Residential Drive, Makati City, Metro Manila', 'Bedrooms:', '3', 'Area:', '247 m²', 'Bathrooms:', '3', 'Available from:', '5 Jun']"
"Condo For Rent in cor, 8th Avenue, Taguig",https://lifenavi.com/ph/properties/taguig/for-rent/condo/fully-furnished-1br-unit-for-lease-in-one-uptown-residences-ad-388-ln237639,"PHP 45,000/ month","cor, 8th Avenue, Taguig, Metro Manila",,37 m²,1,1,Available from 1 Dec,,11 Nov 09:18,Housing I.,"['PHP 45,000/ month', '/ month', 'cor, 8th Avenue, Taguig, Metro Manila', 'Bedrooms:', '1', 'Area:', '37 m²', 'Bathrooms:', '1', 'Available from:', '1 Dec']"
"Condo For Rent in #2811, 26th Street, Makati City",https://lifenavi.com/ph/properties/makati-city/for-rent/condo/for-lease-1br-verve-residences-ad-387-ln354266,"PHP 69,500/ month","#2811, 26th Street, Makati City, Metro Manila, 1630",,69 m²,1,1,Available from 1 Aug,,11 Nov 09:18,Housing I.,"['PHP 69,500/ month', '/ month', '#2811, 26th Street, Makati City, Metro Manila, 1630', 'Bedrooms:', '1', 'Area:', '69 m²', 'Bathrooms:', '1', 'Available from:', '1 Aug']"
"Condo For Rent in cor, McKinley Parkway, Taguig",https://lifenavi.com/ph/properties/taguig/for-rent/condo/for-rent-1br-unit-at-the-trion-towers-ad-386-ln387747,"PHP 32,000/ month","cor, McKinley Parkway, Taguig, Metro Manila",,38 m²,1,1,Available from 1 Oct,,11 Nov 09:17,Housing I.,"['PHP 32,000/ month', '/ month', 'cor, McKinley Parkway, Taguig, Metro Manila', 'Bedrooms:', '1', 'Area:', '38 m²', 'Bathrooms:', '1', 'Available from:', '1 Oct']"
"Condo For Rent in Estrella, Makati City",https://lifenavi.com/ph/properties/makati-city/for-rent/condo/fully-furnished-2br-unit-with-parking-for-lease-in-proscenium-at-rockwell-ad-385-ln476046,"PHP 184,600/ month","Estrella, Makati City, Metro Manila",,142 m²,2,2,Available from 11 Feb,,11 Nov 09:17,Housing I.,"['PHP 184,600/ month', '/ month', 'Estrella, Makati City, Metro Manila', 'Bedrooms:', '2', 'Area:', '142 m²', 'Bathrooms:', '2', 'Available from:', '11 Feb']"
"Condo For Sale in 705, Valero, Makati City",https://lifenavi.com/ph/properties/makati-city/for-sale/condo/exemplary-studio-unit-with-balcony-for-salerent-in-paseo-parkview-suites-ad-384-ln632713,"PHP 5,600,000","705, Valero, Makati City, Metro Manila, 1227",,37 m²,Studio,1,Available from 25 Feb,,11 Nov 09:17,Housing I.,"['PHP 5,600,000', '705, Valero, Makati City, Metro Manila, 1227', 'Bedrooms:', 'Studio', 'Area:', '37 m²', 'Bathrooms:', '1', 'Available from:', '25 Feb']"
"Condo For Rent in 107, L.P. Leviste Street, Makati City",https://lifenavi.com/ph/properties/makati-city/for-rent/condo/semi-furnished-4br-unit-for-rent-in-the-peak-tower-ad-383-ln878084,"PHP 100,000/ month","107, L.P. Leviste Street, Makati City, Metro Manila, 1227",,150 m²,4,3,Available from 24 Jan,,11 Nov 09:17,Housing I.,"['PHP 100,000/ month', '/ month', '107, L.P. Leviste Street, Makati City, Metro Manila, 1227', 'Bedrooms:', '4', 'Area:', '150 m²', 'Bathrooms:', '3', 'Available from:', '24 Jan']"
"Condo For Sale in #2811, 26th Street, Makati City",https://lifenavi.com/ph/properties/makati-city/for-sale/condo/fully-furnished-3br-unit-for-sale-in-verve-residences-ad-382-ln598982,"PHP 110,000,000","#2811, 26th Street, Makati City, Metro Manila, 1630",,224 m²,3,3,Available from 16 Jun,,11 Nov 09:17,Housing I.,"['PHP 110,000,000', '#2811, 26th Street, Makati City, Metro Manila, 1630', 'Bedrooms:', '3', 'Area:', '224 m²', 'Bathrooms:', '3', 'Available from:', '16 Jun']"
"Condo For Rent in 121, H.V. Dela Costa, Makati City",https://lifenavi.com/ph/properties/makati-city/for-rent/condo/for-lease-3br-in-salcedo-park-ad-381-ln116146,"PHP 100,000/ month","121, H.V. Dela Costa, Makati City, Metro Manila, 1200",,179 m²,3,2,Available from 1 Jun,,11 Nov 09:17,Housing I.,"['PHP 100,000/ month', '/ month', '121, H.V. Dela Costa, Makati City, Metro Manila, 1200', 'Bedrooms:', '3', 'Area:', '179 m²', 'Bathrooms:', '2', 'Available from:', '1 Jun']"
"Condo For Rent in H.V. Dela Costa, Makati City",https://lifenavi.com/ph/properties/makati-city/for-rent/condo/2-storey-penthouse-unit-for-lease-in-le-metropole-ad-380-ln968447,"PHP 185,000/ month","H.V. Dela Costa, Makati City, Metro Manila",,339.53 m²,5+,5,Available from 25 Mar,,11 Nov 09:17,Housing I.,"['PHP 185,000/ month', '/ month', 'H.V. Dela Costa, Makati City, Metro Manila', 'Bedrooms:', '5+', 'Area:', '339.53 m²', 'Bathrooms:', '5', 'Available from:', '25 Mar']"
"Condo For Sale in Makati City, Metro Manila",https://lifenavi.com/ph/properties/makati-city/for-sale/condo/for-sale-1br-in-trump-tower-ad-379-ln238530,"PHP 15,000,000","Makati City, Metro Manila",,57.46 m²,1,1,Available from 28 Feb,,11 Nov 09:17,Housing I.,"['PHP 15,000,000', 'Makati City, Metro Manila', 'Bedrooms:', '1', 'Area:', '57.46 m²', 'Bathrooms:', '1', 'Available from:', '28 Feb']"
"Condo For Rent in Taguig, Metro Manila",https://lifenavi.com/ph/properties/taguig/for-rent/condo/semi-furnished-2br-unit-for-rent-at-arya-residences-tower-2-ad-378-ln608755,"PHP 160,000/ month","Taguig, Metro Manila",,144 m²,2,2,Available from 1 May,,11 Nov 09:17,Housing I.,"['PHP 160,000/ month', '/ month', 'Taguig, Metro Manila', 'Bedrooms:', '2', 'Area:', '144 m²', 'Bathrooms:', '2', 'Available from:', '1 May']"
"Condo For Rent in 427, Malugay, Makati City",https://lifenavi.com/ph/properties/makati-city/for-rent/condo/3106-tower-1-the-lerato-ad-377-ln969668,"PHP 50,000/ month","427, Malugay, Makati City, Kalakhang Maynila",,45 m²,Studio,1,Available from 11 Feb,,11 Nov 09:17,Housing I.,"['PHP 50,000/ month', '/ month', '427, Malugay, Makati City, Kalakhang Maynila', 'Bedrooms:', 'Studio', 'Area:', '45 m²', 'Bathrooms:', '1', 'Available from:', '11 Feb']"
"Condo For Rent in corner, 28th Street, Taguig",https://lifenavi.com/ph/properties/taguig/for-rent/condo/fully-furnished-2br-unit-with-parking-for-lease-in-east-gallery-place-ad-376-ln273440,"PHP 150,000/ month","corner, 28th Street, Taguig, Metro Manila",,81 m²,2,2,Available from 24 Jan,,11 Nov 09:17,Housing I.,"['PHP 150,000/ month', '/ month', 'corner, 28th Street, Taguig, Metro Manila', 'Bedrooms:', '2', 'Area:', '81 m²', 'Bathrooms:', '2', 'Available from:', '24 Jan']"
"Condo For Rent in 26th St, 4th Avenue, Makati City",https://lifenavi.com/ph/properties/makati-city/for-rent/condo/fully-furnished-3br-unit-with-balcony-and-parking-for-lease-in-one-mckinley-place-ad-375-ln959296,"PHP 200,000/ month","26th St, 4th Avenue, Makati City, Metro Manila",,186 m²,3,3,Available from 25 Jun,,11 Nov 09:17,Housing I.,"['PHP 200,000/ month', '/ month', '26th St, 4th Avenue, Makati City, Metro Manila', 'Bedrooms:', '3', 'Area:', '186 m²', 'Bathrooms:', '3', 'Available from:', '25 Jun']"
"Condo For Rent in 116, Rada, Makati City",https://lifenavi.com/ph/properties/makati-city/for-rent/condo/cozy-2-bedroom-unit-for-rent-at-greenbelt-chancellor-makati-ad-374-ln443922,"PHP 70,000/ month","116, Rada, Legazpi Village, Makati City, Metro Manila, 1229",,82 m²,2,3,Available from 25 Jun,,11 Nov 09:17,Housing I.,"['PHP 70,000/ month', '/ month', '116, Rada, Legazpi Village, Makati City, Metro Manila, 1229', 'Bedrooms:', '2', 'Area:', '82 m²', 'Bathrooms:', '3', 'Available from:', '25 Jun']"
"Condo For Rent in corner, 28th Street, Taguig",https://lifenavi.com/ph/properties/taguig/for-rent/condo/fully-furnished-2br-unit-with-parking-for-lease-in-east-gallery-place-ad-373-ln698832,"PHP 250,000/ month","corner, 28th Street, Taguig, Metro Manila",,158 m²,2,2,Available from 27 Jun,,11 Nov 09:17,Housing I.,"['PHP 250,000/ month', '/ month', 'corner, 28th Street, Taguig, Metro Manila', 'Bedrooms:', '2', 'Area:', '158 m²', 'Bathrooms:', '2', 'Available from:', '27 Jun']"
"Condo For Rent in 41, Capt. Henry P. Javier, Pasig",https://lifenavi.com/ph/properties/pasig/for-rent/condo/3-bedroom-condo-corner-unit-at-portico-pasig-ad-372-ln779315,"PHP 115,000/ month","41, Capt. Henry P. Javier, Pasig, Metro Manila",,143 m²,3,3,Available from 30 Jun,,11 Nov 09:17,Housing I.,"['PHP 115,000/ month', '/ month', '41, Capt. Henry P. Javier, Pasig, Metro Manila', 'Bedrooms:', '3', 'Area:', '143 m²', 'Bathrooms:', '3', 'Available from:', '30 Jun']"
"Condo For Rent in 3976, 36th Street, Taguig",https://lifenavi.com/ph/properties/taguig/for-rent/condo/for-lease-2br-time-square-west-ad-371-ln582371,"PHP 69,000/ month","3976, 36th Street, Taguig, Metro Manila",,61 m²,2,2,Available from 30 Jun,,11 Nov 09:17,Housing I.,"['PHP 69,000/ month', '/ month', '3976, 36th Street, Taguig, Metro Manila', 'Bedrooms:', '2', 'Area:', '61 m²', 'Bathrooms:', '2', 'Available from:', '30 Jun']"
"Condo For Rent in 3rd Avenue, Taguig",https://lifenavi.com/ph/properties/taguig/for-rent/condo/fully-furnished-3br-unit-with-parking-for-lease-in-horizon-homes-at-shangri-la-at-the-fort-ad-370-ln975523,"PHP 400,000/ month","3rd Avenue, Taguig, Metro Manila",,250 m²,3,3,Available from 1 Jan,,11 Nov 09:17,Housing I.,"['PHP 400,000/ month', '/ month', '3rd Avenue, Taguig, Metro Manila', 'Bedrooms:', '3', 'Area:', '250 m²', 'Bathrooms:', '3', 'Available from:', '1 Jan']"
"Condo For Rent in COR, Shaw Boulevard, Mandaluyong City",https://lifenavi.com/ph/properties/mandaluyong-city/for-rent/condo/for-lease-2br-in-one-shangri-la-place-ad-369-ln636505,"PHP 170,000/ month","COR, Shaw Boulevard, Ortigas Center, Mandaluyong City, Metro Manila",,125 m²,2,2,Available from 1 Dec,,11 Nov 09:17,Housing I.,"['PHP 170,000/ month', '/ month', 'COR, Shaw Boulevard, Ortigas Center, Mandaluyong City, Metro Manila', 'Bedrooms:', '2', 'Area:', '125 m²', 'Bathrooms:', '2', 'Available from:', '1 Dec']"
"House and Lot For Rent in 39, Lavender Street, Taguig",https://lifenavi.com/ph/properties/taguig/for-rent/house-and-lot/splendid-fully-furnished-3-storey-4-bedroom-ceilo-duplex-with-balcony-for-rent-in-mahogany-3-ad-368-ln303460,"PHP 95,000/ month","39, Lavender Street, Taguig, Metro Manila",,212 m²,4,3,Available from 31 Oct,,11 Nov 09:17,Housing I.,"['PHP 95,000/ month', '/ month', '39, Lavender Street, Taguig, Metro Manila', 'Bedrooms:', '4', 'Area:', '212 m²', 'Bathrooms:', '3', 'Available from:', '31 Oct']"
"Condo For Rent in 4th Avenue, Makati City",https://lifenavi.com/ph/properties/makati-city/for-rent/condo/for-rent-4br-unit-in-pacific-plaza-towers-ad-367-ln938649,"PHP 300,000/ month","4th Avenue, Makati City, Metro Manila",,300 m²,4,3,Available from 2 Jul,,11 Nov 09:17,Housing I.,"['PHP 300,000/ month', '/ month', '4th Avenue, Makati City, Metro Manila', 'Bedrooms:', '4', 'Area:', '300 m²', 'Bathrooms:', '3', 'Available from:', '2 Jul']"
"Condo For Rent in corner, Lourdes Drive, Mandaluyong City",https://lifenavi.com/ph/properties/mandaluyong-city/for-rent/condo/fully-furnished-2br-unit-with-parking-for-rent-in-the-residences-at-the-westin-manila-ad-366-ln915814,"PHP 155,000/ month","corner, Lourdes Drive, Ortigas Center, Mandaluyong City, Metro Manila",,144 m²,2,2,Available from 23 Jan,,11 Nov 09:17,Housing I.,"['PHP 155,000/ month', '/ month', 'corner, Lourdes Drive, Ortigas Center, Mandaluyong City, Metro Manila', 'Bedrooms:', '2', 'Area:', '144 m²', 'Bathrooms:', '2', 'Available from:', '23 Jan']"
"Condo For Rent in 162, Valero, Makati City",https://lifenavi.com/ph/properties/makati-city/for-rent/condo/1br-condo-unit-for-rent-at-the-manhattan-square-makati-ad-365-ln811400,"PHP 30,000/ month","162, Valero, Makati City, Metro Manila, 1200",,42 m²,1,1,Available from 24 Feb,,11 Nov 09:17,Housing I.,"['PHP 30,000/ month', '/ month', '162, Valero, Makati City, Metro Manila, 1200', 'Bedrooms:', '1', 'Area:', '42 m²', 'Bathrooms:', '1', 'Available from:', '24 Feb']"
"House and Lot For Rent in 109, Eulogio Rodriguez Jr. Avenue, Pasig",https://lifenavi.com/ph/properties/pasig/for-rent/house-and-lot/timeless-2-storey-6-bedroom-house-with-pool-for-rent-in-valle-verde-2-ad-364-ln913634,"PHP 120,000/ month","109, Eulogio Rodriguez Jr. Avenue, Pasig, Metro Manila",,600 m²,5+,4,Available from 11 Jan,,11 Nov 09:17,Housing I.,"['PHP 120,000/ month', '/ month', '109, Eulogio Rodriguez Jr. Avenue, Pasig, Metro Manila', 'Bedrooms:', '5+', 'Area:', '600 m²', 'Bathrooms:', '4', 'Available from:', '11 Jan']"
"Condo For Sale in 1634, 11th Avenue, Taguig",https://lifenavi.com/ph/properties/taguig/for-sale/condo/for-sale-3br-unit-one-serendra-ad-363-ln375777,"PHP 85,000,000","1634, 11th Avenue, Taguig, Metro Manila",,198 m²,3,1,Available from 7 Jul,,11 Nov 09:16,Housing I.,"['PHP 85,000,000', '1634, 11th Avenue, Taguig, Metro Manila', 'Bedrooms:', '3', 'Area:', '198 m²', 'Bathrooms:', '1', 'Available from:', '7 Jul']"
"House and Lot For Sale in Southwoods Avenue, Carmona",https://lifenavi.com/ph/properties/carmona/for-sale/house-and-lot/house-and-lot-for-salelease-in-manila-southwoods-cavite-ad-362-ln590344,"PHP 28,000,000","Southwoods Avenue, Carmona, Calabarzon",,280 m²,5+,4,Available from 7 Jul,,11 Nov 09:16,Housing I.,"['PHP 28,000,000', 'Southwoods Avenue, Carmona, Calabarzon', 'Bedrooms:', '5+', 'Area:', '280 m²', 'Bathrooms:', '4', 'Available from:', '7 Jul']"
"Condo For Sale in 33, Guerilla, Marikina",https://lifenavi.com/ph/properties/marikina/for-sale/condo/2br-unit-for-sale-at-siena-towers-tower-2-ad-356-ln726598,"PHP 8,916,600","33, Guerilla, Sto. Nino, Marikina, Metro Manila, 1800",,48 m²,2,1,Available from 8 Jul,,11 Nov 09:16,Housing I.,"['PHP 8,916,600', '33, Guerilla, Sto. Nino, Marikina, Metro Manila, 1800', 'Bedrooms:', '2', 'Area:', '48 m²', 'Bathrooms:', '1', 'Available from:', '8 Jul']"
"For Sale in Panglao, Central Visayas",https://lifenavi.com/ph/properties/panglao/for-sale/commercial/buona-vita-resort-and-commercial-space-for-sale-in-panglao-islandbohol-philippines-ad-354-ln690932,"PHP 109,997,004","Panglao, Central Visayas",,4484 m²,,,Occupied,Furnished,11 Nov 09:16,Housing I.,"['PHP 109,997,004', 'Panglao, Central Visayas', 'Status:', 'Occupied', 'Furnishing:', 'Furnished', 'Area:', '4484 m²', 'Available from:', '8 Jul']"
"Condo For Sale in cor, 5th Avenue, Taguig",https://lifenavi.com/ph/properties/taguig/for-sale/condo/semi-furnished-3br-unit-with-parking-for-lease-in-the-beaufort-ad-353-ln352003,"PHP 55,000,000","cor, 5th Avenue, Taguig, Metro Manila",,150 m²,3,3,Available from 10 Jul,,11 Nov 09:16,Housing I.,"['PHP 55,000,000', 'cor, 5th Avenue, Taguig, Metro Manila', 'Bedrooms:', '3', 'Area:', '150 m²', 'Bathrooms:', '3', 'Available from:', '10 Jul']"
"Condo For Sale in 33, Guerilla, Marikina",https://lifenavi.com/ph/properties/marikina/for-sale/condo/1br-unit-for-sale-at-siena-towers-tower-2-ad-348-ln448224,"PHP 4,416,200","33, Guerilla, Sto. Nino, Marikina, Metro Manila, 1800",,24 m²,1,1,Available from 10 Jul,,11 Nov 09:16,Housing I.,"['PHP 4,416,200', '33, Guerilla, Sto. Nino, Marikina, Metro Manila, 1800', 'Bedrooms:', '1', 'Area:', '24 m²', 'Bathrooms:', '1', 'Available from:', '10 Jul']"
"Condo For Sale in 33, Guerilla, Marikina",https://lifenavi.com/ph/properties/marikina/for-sale/condo/1br-unit-for-sale-at-siena-towers-tower-2-ad-342-ln864548,"PHP 5,355,300","33, Guerilla, Sto. Nino, Marikina, Metro Manila, 1800",,29 m²,1,1,Available from 11 Jul,,11 Nov 09:16,Housing I.,"['PHP 5,355,300', '33, Guerilla, Sto. Nino, Marikina, Metro Manila, 1800', 'Bedrooms:', '1', 'Area:', '29 m²', 'Bathrooms:', '1', 'Available from:', '11 Jul']"
"Land only For Rent in 1500, Galvani, Makati City",https://lifenavi.com/ph/properties/makati-city/for-rent/land-only/lot-for-rent-in-brgy-san-isidro-makati-ad-341-ln145284,"PHP 65,000/ month","1500, Galvani, Makati City, Metro Manila, 1234",,200 m²,Studio,1,Available from 14 Jul,,11 Nov 09:16,Housing I.,"['PHP 65,000/ month', '/ month', '1500, Galvani, Makati City, Metro Manila, 1234', 'Bedrooms:', 'Studio', 'Area:', '200 m²', 'Bathrooms:', '1', 'Available from:', '14 Jul']"
"Condo For Sale in Makati City, Metro Manila",https://lifenavi.com/ph/properties/makati-city/for-sale/condo/semi-furnished-3br-unit-with-parking-for-sale-in-garden-towers-ad-333-ln483872,"PHP 79,900,000","Makati City, Metro Manila",,218 m²,3,3,Available from 16 Jul,,11 Nov 09:16,Housing I.,"['PHP 79,900,000', 'Makati City, Metro Manila', 'Bedrooms:', '3', 'Area:', '218 m²', 'Bathrooms:', '3', 'Available from:', '16 Jul']"
"Condo For Sale in Makati City, Metro Manila",https://lifenavi.com/ph/properties/makati-city/for-sale/condo/fully-furnished-3be-unit-with-parking-for-sale-in-garden-towers-ad-332-ln136886,"PHP 89,000,000","Makati City, Metro Manila",,218 m²,3,3,Available from 16 Jul,,11 Nov 09:16,Housing I.,"['PHP 89,000,000', 'Makati City, Metro Manila', 'Bedrooms:', '3', 'Area:', '218 m²', 'Bathrooms:', '3', 'Available from:', '16 Jul']"
"Condo For Rent in Taguig, Metro Manila",https://lifenavi.com/ph/properties/taguig/for-rent/condo/fully-furnished-2br-unit-with-balcony-and-parking-for-lease-in-arya-residences-ad-331-ln829259,"PHP 230,000/ month","Taguig, Metro Manila",,186 m²,2,2,Available from 28 Feb,,11 Nov 09:16,Housing I.,"['PHP 230,000/ month', '/ month', 'Taguig, Metro Manila', 'Bedrooms:', '2', 'Area:', '186 m²', 'Bathrooms:', '2', 'Available from:', '28 Feb']"
"Condo For Sale in corner, Diosdado Macapagal Boulevard, Pasay City",https://lifenavi.com/ph/properties/pasay-city/for-sale/condo/bare-2br-unit-for-sale-at-mi-casa-hawaii-tower-pasay-city-ad-327-ln499641,"PHP 21,380,000","corner, Diosdado Macapagal Boulevard, Pasay City, Metro Manila",,64 m²,2,1,Available from 16 Jul,,11 Nov 09:16,Housing I.,"['PHP 21,380,000', 'corner, Diosdado Macapagal Boulevard, Pasay City, Metro Manila', 'Bedrooms:', '2', 'Area:', '64 m²', 'Bathrooms:', '1', 'Available from:', '16 Jul']"
"Condo For Sale in corner, Diosdado Macapagal Boulevard, Pasay City",https://lifenavi.com/ph/properties/pasay-city/for-sale/condo/bare-3br-unit-for-sale-at-mi-casa-hawaii-tower-pasay-city-ad-326-ln999352,"PHP 36,160,000","corner, Diosdado Macapagal Boulevard, Pasay City, Metro Manila",,116 m²,3,1,Available from 16 Jul,,11 Nov 09:16,Housing I.,"['PHP 36,160,000', 'corner, Diosdado Macapagal Boulevard, Pasay City, Metro Manila', 'Bedrooms:', '3', 'Area:', '116 m²', 'Bathrooms:', '1', 'Available from:', '16 Jul']"
"Condo For Sale in corner, Diosdado Macapagal Boulevard, Pasay City",https://lifenavi.com/ph/properties/pasay-city/for-sale/condo/bare-2br-unit-for-sale-at-mi-casa-hawaii-tower-pasay-city-ad-325-ln862058,"PHP 19,030,000","corner, Diosdado Macapagal Boulevard, Pasay City, Metro Manila",,63.5 m²,2,1,Available from 17 Jul,,11 Nov 09:16,Housing I.,"['PHP 19,030,000', 'corner, Diosdado Macapagal Boulevard, Pasay City, Metro Manila', 'Bedrooms:', '2', 'Area:', '63.5 m²', 'Bathrooms:', '1', 'Available from:', '17 Jul']"
"Condo For Sale in Estrella, Makati City",https://lifenavi.com/ph/properties/makati-city/for-sale/condo/fully-furnished-3br-unit-with-parking-for-sale-in-proscenium-at-rockwell-ad-322-ln261690,"PHP 90,000,000","Estrella, Makati City, Metro Manila",,224 m²,3,3,Available from 18 Jul,,11 Nov 09:16,Housing I.,"['PHP 90,000,000', 'Estrella, Makati City, Metro Manila', 'Bedrooms:', '3', 'Area:', '224 m²', 'Bathrooms:', '3', 'Available from:', '18 Jul']"
"House and Lot For Sale in Antipolo, Calabarzon",https://lifenavi.com/ph/properties/antipolo/for-sale/house-and-lot/houselot-for-sale-in-town-and-country-heights-upper-antipolo-city-rizal-ad-321-ln210515,"PHP 14,430,000","Antipolo, Calabarzon, 1870",,264 m²,4,3,Available from 18 Jul,,11 Nov 09:16,Housing I.,"['PHP 14,430,000', 'Antipolo, Calabarzon, 1870', 'Bedrooms:', '4', 'Area:', '264 m²', 'Bathrooms:', '3', 'Available from:', '18 Jul']"
"House and Lot For Sale in Muntinlupa, Metro Manila",https://lifenavi.com/ph/properties/muntinlupa/for-sale/house-and-lot/modern-house-for-sale-in-alabang-hills-ad-320-ln428469,"PHP 70,000,000","Muntinlupa, Metro Manila",,330 m²,5+,5,Available from 17 Jun,,11 Nov 09:16,Housing I.,"['PHP 70,000,000', 'Muntinlupa, Metro Manila', 'Bedrooms:', '5+', 'Area:', '330 m²', 'Bathrooms:', '5', 'Available from:', '17 Jun']"
"Condo For Rent in cor, 20th Drive, Taguig",https://lifenavi.com/ph/properties/taguig/for-rent/condo/4br-penthouse-unit-for-lease-in-essensa-towers-ad-319-ln151460,"PHP 450,000/ month","cor, 20th Drive, Taguig, Metro Manila",,511 m²,4,4,Available from 18 Jul,,11 Nov 09:16,Housing I.,"['PHP 450,000/ month', '/ month', 'cor, 20th Drive, Taguig, Metro Manila', 'Bedrooms:', '4', 'Area:', '511 m²', 'Bathrooms:', '4', 'Available from:', '18 Jul']"
Condo For Sale in Pasay,https://lifenavi.com/ph/properties/pasay/for-sale/condo/bare-3br-unit-for-sale-at-mi-casa-hawaii-tower-pasay-city-ad-318-ln957350,"PHP 38,170,000","Metro Park, Pasay",,113 m²,3,N/A,Available from 18 Jul,,11 Nov 09:16,Housing I.,"['PHP 38,170,000', 'Metro Park, Pasay', 'Bedrooms:', '3', 'Area:', '113 m²', 'Bathrooms:', 'N/A', 'Available from:', '18 Jul']"
Condo For Sale in Pasay,https://lifenavi.com/ph/properties/pasay/for-sale/condo/bare-2br-unit-for-sale-at-mi-casa-hawaii-tower-pasay-city-ad-315-ln836765,"PHP 21,130,000","Metro Park, Pasay",,61.5 m²,2,N/A,Available from 18 Jul,,11 Nov 09:16,Housing I.,"['PHP 21,130,000', 'Metro Park, Pasay', 'Bedrooms:', '2', 'Area:', '61.5 m²', 'Bathrooms:', 'N/A', 'Available from:', '18 Jul']"
"Condo For Rent in 1634, McKinley Parkway, Makati City",https://lifenavi.com/ph/properties/makati-city/for-rent/condo/garden-unit-in-with-pool-view-ad-314-ln884871,"PHP 160,000/ month","1634, McKinley Parkway, Makati City, Metro Manila",,156.5 m²,3,2,Available from 25 Mar,,11 Nov 09:16,Housing I.,"['PHP 160,000/ month', '/ month', '1634, McKinley Parkway, Makati City, Metro Manila', 'Bedrooms:', '3', 'Area:', '156.5 m²', 'Bathrooms:', '2', 'Available from:', '25 Mar']"
"Condo For Rent in 1634, McKinley Parkway, Taguig",https://lifenavi.com/ph/properties/taguig/for-rent/condo/a-3br-unit-for-lease-in-two-serendra-ad-313-ln261091,"PHP 160,000/ month","1634, McKinley Parkway, Taguig, Metro Manila",,156 m²,3,2,Available from 21 Jul,,11 Nov 09:16,Housing I.,"['PHP 160,000/ month', '/ month', '1634, McKinley Parkway, Taguig, Metro Manila', 'Bedrooms:', '3', 'Area:', '156 m²', 'Bathrooms:', '2', 'Available from:', '21 Jul']"
"Condo For Rent in Apartment Ridge Road, Makati City",https://lifenavi.com/ph/properties/makati-city/for-rent/condo/for-lease-4-bedroom-4br-unit-in-discovery-primea-makati-city-ad-312-ln952599,"PHP 350,000/ month","Apartment Ridge Road, Makati City, Metro Manila",,382 m²,4,4,Available from 7 Mar,,11 Nov 09:16,Housing I.,"['PHP 350,000/ month', '/ month', 'Apartment Ridge Road, Makati City, Metro Manila', 'Bedrooms:', '4', 'Area:', '382 m²', 'Bathrooms:', '4', 'Available from:', '7 Mar']"
Condo For Sale in Pasay,https://lifenavi.com/ph/properties/pasay/for-sale/condo/bare-2br-unit-for-sale-at-mi-casa-hawaii-tower-pasay-city-ad-310-ln484983,"PHP 19,610,000","Metro Park, Pasay",,62 m²,2,N/A,Available from 21 Jul,,11 Nov 09:15,Housing I.,"['PHP 19,610,000', 'Metro Park, Pasay', 'Bedrooms:', '2', 'Area:', '62 m²', 'Bathrooms:', 'N/A', 'Available from:', '21 Jul']"
"Condo For Sale in Cor, 11th Avenue, Taguig",https://lifenavi.com/ph/properties/taguig/for-sale/condo/a-3br-unit-for-sale-in-one-serendra-low-rise-ad-309-ln458416,"PHP 59,000,000","Cor, 11th Avenue, Taguig, Metro Manila",,210 m²,3,1,Available from 1 Jan,,11 Nov 09:15,Housing I.,"['PHP 59,000,000', 'Cor, 11th Avenue, Taguig, Metro Manila', 'Bedrooms:', '3', 'Area:', '210 m²', 'Bathrooms:', '1', 'Available from:', '1 Jan']"
"Condo For Rent in 25th Street, Taguig",https://lifenavi.com/ph/properties/taguig/for-rent/condo/fully-furnished-3br-unit-with-parking-for-lease-in-one-mckinley-place-ad-308-ln149109,"PHP 200,000/ month","25th Street, Taguig, Metro Manila",,186 m²,3,3,Available from 24 Jul,,11 Nov 09:15,Housing I.,"['PHP 200,000/ month', '/ month', '25th Street, Taguig, Metro Manila', 'Bedrooms:', '3', 'Area:', '186 m²', 'Bathrooms:', '3', 'Available from:', '24 Jul']"
"Condo For Rent in H.V. Dela Costa, Makati City",https://lifenavi.com/ph/properties/makati-city/for-rent/condo/for-rent-2br-in-shang-salcedo-place-ad-307-ln715575,"PHP 100,000/ month","H.V. Dela Costa, Makati City, Metro Manila",,88 m²,2,1,Available from 29 May,,11 Nov 09:15,Housing I.,"['PHP 100,000/ month', '/ month', 'H.V. Dela Costa, Makati City, Metro Manila', 'Bedrooms:', '2', 'Area:', '88 m²', 'Bathrooms:', '1', 'Available from:', '29 May']"
"House and Lot For Rent in Sen. Gil J. Puyat Avenue, Makati City",https://lifenavi.com/ph/properties/makati-city/for-rent/house-and-lot/house-for-lease-urdaneta-village-makati-ad-306-ln753307,"PHP 650,000/ month","Sen. Gil J. Puyat Avenue, Makati City, Metro Manila",,900 m²,4,4,Available from 24 Jul,,11 Nov 09:15,Housing I.,"['PHP 650,000/ month', '/ month', 'Sen. Gil J. Puyat Avenue, Makati City, Metro Manila', 'Bedrooms:', '4', 'Area:', '900 m²', 'Bathrooms:', '4', 'Available from:', '24 Jul']"
"Land only For Sale in Taguig, Metro Manila",https://lifenavi.com/ph/properties/taguig/for-sale/land-only/lot-for-sale-in-east-rembomakati-city-ad-305-ln784404,"PHP 37,510,000","Taguig, Metro Manila",,242 m²,Studio,1,Available from 25 Jul,,11 Nov 09:15,Housing I.,"['PHP 37,510,000', 'Taguig, Metro Manila', 'Bedrooms:', 'Studio', 'Area:', '242 m²', 'Bathrooms:', '1', 'Available from:', '25 Jul']"
"Land only For Sale in 103, F.Roman, San Juan City",https://lifenavi.com/ph/properties/san-juan-city/for-sale/land-only/vacant-lot-for-sale-in-san-juan-ad-304-ln205399,"PHP 155,000,000","103, F.Roman, San Juan City, Metro Manila",,1062 m²,Studio,1,Available from 25 Jul,,11 Nov 09:15,Housing I.,"['PHP 155,000,000', '103, F.Roman, San Juan City, Metro Manila', 'Bedrooms:', 'Studio', 'Area:', '1062 m²', 'Bathrooms:', '1', 'Available from:', '25 Jul']"
"Condo For Rent in Burgos Circle, Taguig",https://lifenavi.com/ph/properties/taguig/for-rent/condo/fully-furnished-1br-unit-for-lease-in-bellagio-one-ad-303-ln135753,"PHP 65,000/ month","Burgos Circle, Taguig, Metro Manila",,61 m²,1,1,Available from 1 Oct,,11 Nov 09:15,Housing I.,"['PHP 65,000/ month', '/ month', 'Burgos Circle, Taguig, Metro Manila', 'Bedrooms:', '1', 'Area:', '61 m²', 'Bathrooms:', '1', 'Available from:', '1 Oct']"
"House and Lot For Sale in Taytay, Calabarzon",https://lifenavi.com/ph/properties/taytay/for-sale/house-and-lot/modern-single-detached-house-and-lot-for-sale-in-taytay-rizal-ad-302-ln374019,"PHP 11,300,000","Taytay, Calabarzon, 1920",,143 m²,4,3,Available from 25 Jul,,11 Nov 09:15,Housing I.,"['PHP 11,300,000', 'Taytay, Calabarzon, 1920', 'Bedrooms:', '4', 'Area:', '143 m²', 'Bathrooms:', '3', 'Available from:', '25 Jul']"
"House and Lot For Rent in 6, Don Vicente Madrigal Avenue, Quezon City",https://lifenavi.com/ph/properties/quezon-city/for-rent/house-and-lot/3-storey-split-level-house-for-lease-in-corinthian-gardens-quezon-city-ad-301-ln582493,"PHP 300,000/ month","6, Don Vicente Madrigal Avenue, Quezon City, Metro Manila, 1100",,825 m²,4,6+,Available from 5 Feb,,11 Nov 09:15,Housing I.,"['PHP 300,000/ month', '/ month', '6, Don Vicente Madrigal Avenue, Quezon City, Metro Manila, 1100', 'Bedrooms:', '4', 'Area:', '825 m²', 'Bathrooms:', '6+', 'Available from:', '5 Feb']"
"Condo For Sale in 14F, West Street, Makati City",https://lifenavi.com/ph/properties/makati-city/for-sale/condo/for-lease-1br-unit-in-park-terraces-ad-300-ln494962,"PHP 24,000,000","14F, West Street, Makati City, Metro Manila",,66 m²,1,1,Available from 3 Jun,,11 Nov 09:15,Housing I.,"['PHP 24,000,000', '14F, West Street, Makati City, Metro Manila', 'Bedrooms:', '1', 'Area:', '66 m²', 'Bathrooms:', '1', 'Available from:', '3 Jun']"
"Condo For Rent in Mandaluyong City, Metro Manila",https://lifenavi.com/ph/properties/mandaluyong-city/for-rent/condo/affordable-studio-unit-for-salerent-at-cityland-pioneer-ad-299-ln914774,"PHP 12,000/ month","Mandaluyong City, Metro Manila",,25.7 m²,Studio,1,Available from 28 Jul,,11 Nov 09:15,Housing I.,"['PHP 12,000/ month', '/ month', 'Mandaluyong City, Metro Manila', 'Bedrooms:', 'Studio', 'Area:', '25.7 m²', 'Bathrooms:', '1', 'Available from:', '28 Jul']"
"Land only For Sale in Makati City, Metro Manila",https://lifenavi.com/ph/properties/makati-city/for-sale/land-only/multiple-lot-for-sale-in-brgy-san-isidro-makati-ad-298-ln306094,"PHP 79,500,000","Makati City, Metro Manila",,572 m²,Studio,1,Available from 28 Jul,,11 Nov 09:15,Housing I.,"['PHP 79,500,000', 'Makati City, Metro Manila', 'Bedrooms:', 'Studio', 'Area:', '572 m²', 'Bathrooms:', '1', 'Available from:', '28 Jul']"
"Condo For Rent in 26th Street, Taguig",https://lifenavi.com/ph/properties/taguig/for-rent/condo/for-rent-3br-two-maridien-ad-297-ln191523,"PHP 150,000/ month","26th Street, Taguig, Metro Manila",,130 m²,3,1,Available from 4 Oct,,11 Nov 09:15,Housing I.,"['PHP 150,000/ month', '/ month', '26th Street, Taguig, Metro Manila', 'Bedrooms:', '3', 'Area:', '130 m²', 'Bathrooms:', '1', 'Available from:', '4 Oct']"
"House and Lot For Sale in 60, Santa Teresita Street, Pasig",https://lifenavi.com/ph/properties/pasig/for-sale/house-and-lot/for-sale-3br-kapitolyo-pasig-townhouse-ad-296-ln206232,"PHP 27,000,000","60, Santa Teresita Street, Kapitolyo, Pasig, Metro Manila, 1603",,240 m²,3,1,Available from 25 Feb,,11 Nov 09:15,Housing I.,"['PHP 27,000,000', '60, Santa Teresita Street, Kapitolyo, Pasig, Metro Manila, 1603', 'Bedrooms:', '3', 'Area:', '240 m²', 'Bathrooms:', '1', 'Available from:', '25 Feb']"
"Condo For Rent in 54, Corporate Avenue, Muntinlupa",https://lifenavi.com/ph/properties/muntinlupa/for-rent/condo/for-sale-3br-in-aspen-tower-ad-295-ln603215,"PHP 150,000/ month","54, Corporate Avenue, Muntinlupa, Metro Manila",,192 m²,3,3,Available from 1 Aug,,11 Nov 09:15,Housing I.,"['PHP 150,000/ month', '/ month', '54, Corporate Avenue, Muntinlupa, Metro Manila', 'Bedrooms:', '3', 'Area:', '192 m²', 'Bathrooms:', '3', 'Available from:', '1 Aug']"
"Condo For Rent in Hidalgo Drive, Makati City",https://lifenavi.com/ph/properties/makati-city/for-rent/condo/cozy-1-bedroom-unit-for-rent-at-the-manansala-towers-rockwell-makati-ad-294-ln482493,"PHP 48,000/ month","Hidalgo Drive, Makati City, Metro Manila",,64 m²,1,1,Available from 1 Nov,,11 Nov 09:15,Housing I.,"['PHP 48,000/ month', '/ month', 'Hidalgo Drive, Makati City, Metro Manila', 'Bedrooms:', '1', 'Area:', '64 m²', 'Bathrooms:', '1', 'Available from:', '1 Nov']"
"Condo For Sale in 1, 8th Avenue, Makati City",https://lifenavi.com/ph/properties/makati-city/for-sale/condo/fully-furnished-1br-unit-with-parking-for-sale-in-uptown-parksuites-ad-293-ln325440,"PHP 13,320,000","1, 8th Avenue, Makati City, Metro Manila",,46 m²,1,1,Available from 1 Aug,,11 Nov 09:15,Housing I.,"['PHP 13,320,000', '1, 8th Avenue, Makati City, Metro Manila', 'Bedrooms:', '1', 'Area:', '46 m²', 'Bathrooms:', '1', 'Available from:', '1 Aug']"
"Condo For Rent in Estrella, Makati City",https://lifenavi.com/ph/properties/makati-city/for-rent/condo/semi-furnished-3br-unit-with-parking-for-lease-in-proscenium-at-rockwell-ad-292-ln330549,"PHP 200,000/ month","Estrella, Makati City, Metro Manila",,166 m²,3,3,Available from 11 Feb,,11 Nov 09:15,Housing I.,"['PHP 200,000/ month', '/ month', 'Estrella, Makati City, Metro Manila', 'Bedrooms:', '3', 'Area:', '166 m²', 'Bathrooms:', '3', 'Available from:', '11 Feb']"
"Condo For Rent in 1, Estrella, Makati City",https://lifenavi.com/ph/properties/makati-city/for-rent/condo/beautiful-2br-unit-heart-of-makati-ad-291-ln460719,"PHP 145,000/ month","1, Estrella, Makati, Makati City, Metro Manila, 1208",,121 m²,2,3,Available from 5 Aug,,11 Nov 09:15,Housing I.,"['PHP 145,000/ month', '/ month', '1, Estrella, Makati, Makati City, Metro Manila, 1208', 'Bedrooms:', '2', 'Area:', '121 m²', 'Bathrooms:', '3', 'Available from:', '5 Aug']"
"House and Lot For Sale in La Salle Street, San Juan City",https://lifenavi.com/ph/properties/san-juan-city/for-sale/house-and-lot/2-storey-house-and-lot-sale-in-greenhills-east-san-juan-ad-290-ln746689,"PHP 430,000,000","La Salle Street, San Juan City, Metro Manila",,1350 m²,5+,6+,Available from 6 Aug,,11 Nov 09:15,Housing I.,"['PHP 430,000,000', 'La Salle Street, San Juan City, Metro Manila', 'Bedrooms:', '5+', 'Area:', '1350 m²', 'Bathrooms:', '6+', 'Available from:', '6 Aug']"
"House and Lot For Rent in Makati Avenue, Makati City",https://lifenavi.com/ph/properties/makati-city/for-rent/house-and-lot/3-storey-duplex-house-for-rent-in-san-lorenzo-village-ad-289-ln452720,"PHP 335,000/ month","Makati Avenue, Makati City, Metro Manila",,381 m²,3,3,Available from 1 Dec,,11 Nov 09:15,Housing I.,"['PHP 335,000/ month', '/ month', 'Makati Avenue, Makati City, Metro Manila', 'Bedrooms:', '3', 'Area:', '381 m²', 'Bathrooms:', '3', 'Available from:', '1 Dec']"
"Condo For Sale in 1634, McKinley Parkway, Taguig",https://lifenavi.com/ph/properties/taguig/for-sale/condo/fully-furnished-2br-unit-with-parking-for-sale-in-two-serendra-ad-288-ln270726,"PHP 23,310,000","1634, McKinley Parkway, Taguig, Metro Manila",,82 m²,2,2,Available from 13 Aug,,11 Nov 09:15,Housing I.,"['PHP 23,310,000', '1634, McKinley Parkway, Taguig, Metro Manila', 'Bedrooms:', '2', 'Area:', '82 m²', 'Bathrooms:', '2', 'Available from:', '13 Aug']"
"Condo For Rent in Rockwell Drive, Makati City",https://lifenavi.com/ph/properties/makati-city/for-rent/condo/for-salerent-2br-loft-one-rockwell-ad-287-ln830600,"PHP 112,000/ month","Rockwell Drive, Makati City, Metro Manila",,93 m²,2,2,Available from 17 Nov,,11 Nov 09:15,Housing I.,"['PHP 112,000/ month', '/ month', 'Rockwell Drive, Makati City, Metro Manila', 'Bedrooms:', '2', 'Area:', '93 m²', 'Bathrooms:', '2', 'Available from:', '17 Nov']"
"Condo For Rent in cor, 20th Drive, Taguig",https://lifenavi.com/ph/properties/taguig/for-rent/condo/3br-unit-for-rent-in-essensa-cameron-tower-bgc-ad-286-ln332877,"PHP 250,000/ month","cor, 20th Drive, Taguig, Metro Manila",,195 m²,3,3,Available from 12 Aug,,11 Nov 09:15,Housing I.,"['PHP 250,000/ month', '/ month', 'cor, 20th Drive, Taguig, Metro Manila', 'Bedrooms:', '3', 'Area:', '195 m²', 'Bathrooms:', '3', 'Available from:', '12 Aug']"
"Condo For Rent in corner, 28th Street, Taguig",https://lifenavi.com/ph/properties/taguig/for-rent/condo/for-rent-4br-unit-east-gallery-place-bgc-ad-285-ln118531,"PHP 439,400/ month","corner, 28th Street, Taguig, Metro Manila",,338 m²,3,1,Available from 13 Aug,,11 Nov 09:14,Housing I.,"['PHP 439,400/ month', '/ month', 'corner, 28th Street, Taguig, Metro Manila', 'Bedrooms:', '3', 'Area:', '338 m²', 'Bathrooms:', '1', 'Available from:', '13 Aug']"
"Condo For Rent in Mandaluyong City, Metro Manila",https://lifenavi.com/ph/properties/mandaluyong-city/for-rent/condo/for-salerent-1br-corner-unit-twin-oaks-place-ad-284-ln431047,"PHP 40,000/ month","Mandaluyong City, Metro Manila",,51 m²,1,1,Available from 5 Aug,,11 Nov 09:14,Housing I.,"['PHP 40,000/ month', '/ month', 'Mandaluyong City, Metro Manila', 'Bedrooms:', '1', 'Area:', '51 m²', 'Bathrooms:', '1', 'Available from:', '5 Aug']"
"Condo For Rent in Taguig, Metro Manila",https://lifenavi.com/ph/properties/taguig/for-rent/condo/fully-furnished-3br-unit-with-parking-for-lease-in-grand-hyatt-residences-ad-283-ln466918,"PHP 350,000/ month","Taguig, Metro Manila",,291 m²,3,3,Available from 15 Aug,,11 Nov 09:14,Housing I.,"['PHP 350,000/ month', '/ month', 'Taguig, Metro Manila', 'Bedrooms:', '3', 'Area:', '291 m²', 'Bathrooms:', '3', 'Available from:', '15 Aug']"
House and Lot For Sale in Mandaluyong,https://lifenavi.com/ph/properties/mandaluyong/for-sale/house-and-lot/apartment-for-sale-in-boni-mandaluyong-ad-282-ln174498,"PHP 3,330,000",,,42 m²,2,1,Available from 1 Sep,,11 Nov 09:14,Housing I.,"['PHP 3,330,000', 'Mandaluyong', 'Bedrooms:', '2', 'Area:', '42 m²', 'Bathrooms:', '1', 'Available from:', '1 Sep']"
"Condo For Rent in 1634, McKinley Parkway, Taguig",https://lifenavi.com/ph/properties/taguig/for-rent/condo/for-rent-1br-unit-in-two-serendra-ad-281-ln603532,"PHP 60,000/ month","1634, McKinley Parkway, Taguig, Metro Manila",,56 m²,1,1,Available from 12 Jun,,11 Nov 09:14,Housing I.,"['PHP 60,000/ month', '/ month', '1634, McKinley Parkway, Taguig, Metro Manila', 'Bedrooms:', '1', 'Area:', '56 m²', 'Bathrooms:', '1', 'Available from:', '12 Jun']"
"Condo For Rent in Paseo de Roxas, Makati City",https://lifenavi.com/ph/properties/makati-city/for-rent/condo/2br-unit-for-lease-in-the-residences-at-greenbeltmakati-ad-280-ln743735,"PHP 125,000/ month","Paseo de Roxas, Makati City, Metro Manila",,121 m²,2,1,Available from 13 Oct,,11 Nov 09:14,Housing I.,"['PHP 125,000/ month', '/ month', 'Paseo de Roxas, Makati City, Metro Manila', 'Bedrooms:', '2', 'Area:', '121 m²', 'Bathrooms:', '1', 'Available from:', '13 Oct']"
"Condo For Rent in Paseo de Roxas, Makati City",https://lifenavi.com/ph/properties/makati-city/for-rent/condo/1br-fully-furnished-unit-for-rent-in-the-residences-at-greenbelt-ad-279-ln657030,"PHP 70,000/ month","Paseo de Roxas, Makati City, Metro Manila",,70 m²,1,2,Available from 25 May,,11 Nov 09:14,Housing I.,"['PHP 70,000/ month', '/ month', 'Paseo de Roxas, Makati City, Metro Manila', 'Bedrooms:', '1', 'Area:', '70 m²', 'Bathrooms:', '2', 'Available from:', '25 May']"
"Land only For Sale in Siquijor Circumferential Road, Siquijor",https://lifenavi.com/ph/properties/siquijor/for-sale/land-only/lot-1-for-sale-in-candanay-sur-siquijor-ad-278-ln204398,"PHP 10,882,500","Siquijor Circumferential Road, Siquijor, Central Visayas",,1300 m²,Studio,1,Available from 22 Aug,,11 Nov 09:14,Housing I.,"['PHP 10,882,500', 'Siquijor Circumferential Road, Siquijor, Central Visayas', 'Bedrooms:', 'Studio', 'Area:', '1300 m²', 'Bathrooms:', '1', 'Available from:', '22 Aug']"
"Condo For Rent in Kaimito, Pasig",https://lifenavi.com/ph/properties/pasig/for-rent/condo/for-rentsale-1br-in-chateau-verde-pasig-ad-277-ln353279,"PHP 40,000/ month","Kaimito, Pasig, Metro Manila, 1604",,71 m²,1,1,Available from 22 Aug,,11 Nov 09:14,Housing I.,"['PHP 40,000/ month', '/ month', 'Kaimito, Pasig, Metro Manila, 1604', 'Bedrooms:', '1', 'Area:', '71 m²', 'Bathrooms:', '1', 'Available from:', '22 Aug']"
"Condo For Sale in 5, Wilson, San Juan City",https://lifenavi.com/ph/properties/san-juan-city/for-sale/condo/for-sale-3br-in-one-wilson-square-ad-276-ln524953,"PHP 15,000,000","5, Wilson, Greenhills, San Juan City, Metro Manila, 1500",,115 m²,3,2,Available from 22 Aug,,11 Nov 09:14,Housing I.,"['PHP 15,000,000', '5, Wilson, Greenhills, San Juan City, Metro Manila, 1500', 'Bedrooms:', '3', 'Area:', '115 m²', 'Bathrooms:', '2', 'Available from:', '22 Aug']"
"Condo For Rent in Corner, 36th Street, Makati City",https://lifenavi.com/ph/properties/makati-city/for-rent/condo/fully-furnished-2br-unit-with-parking-for-lease-in-uptown-ritz-residence-ad-275-ln196759,"PHP 130,000/ month","Corner, 36th Street, Makati City, Metro Manila, 1630",,93.5 m²,2,2,Available from 27 Aug,,11 Nov 09:14,Housing I.,"['PHP 130,000/ month', '/ month', 'Corner, 36th Street, Makati City, Metro Manila, 1630', 'Bedrooms:', '2', 'Area:', '93.5 m²', 'Bathrooms:', '2', 'Available from:', '27 Aug']"
"Land only For Sale in Antipolo, Calabarzon",https://lifenavi.com/ph/properties/antipolo/for-sale/land-only/lot-for-sale-in-antipolo-ad-274-ln243207,"PHP 3,108,000","Antipolo, Calabarzon, 1870",,208 m²,Studio,1,Available from 28 Aug,,11 Nov 09:14,Housing I.,"['PHP 3,108,000', 'Antipolo, Calabarzon, 1870', 'Bedrooms:', 'Studio', 'Area:', '208 m²', 'Bathrooms:', '1', 'Available from:', '28 Aug']"
"Condo For Sale in 117, Eulogio Rodriguez Jr. Avenue, Pasig",https://lifenavi.com/ph/properties/pasig/for-sale/condo/semi-furnished-3br-unit-with-parking-for-lease-in-the-grove-by-rockwell-ad-273-ln508024,"PHP 28,638,000","117, Eulogio Rodriguez Jr. Avenue, Pasig, Metro Manila",,111 m²,3,2,Available from 28 Aug,,11 Nov 09:14,Housing I.,"['PHP 28,638,000', '117, Eulogio Rodriguez Jr. Avenue, Pasig, Metro Manila', 'Bedrooms:', '3', 'Area:', '111 m²', 'Bathrooms:', '2', 'Available from:', '28 Aug']"
"Condo For Sale in 214, EDSA Extension, Pasay City",https://lifenavi.com/ph/properties/pasay-city/for-sale/condo/fully-furnished-1br-unit-for-sale-in-shell-residences-ad-272-ln877457,"PHP 6,300,000","214, EDSA Extension, Pasay City, Metro Manila",,33 m²,1,1,Available from 28 Aug,,11 Nov 09:14,Housing I.,"['PHP 6,300,000', '214, EDSA Extension, Pasay City, Metro Manila', 'Bedrooms:', '1', 'Area:', '33 m²', 'Bathrooms:', '1', 'Available from:', '28 Aug']"
"House and Lot For Rent in 103, Soliven III Avenue, Quezon City",https://lifenavi.com/ph/properties/quezon-city/for-rent/house-and-lot/for-rent-4br-in-loyola-grand-villas-ad-271-ln486045,"PHP 175,000/ month","103, Soliven III Avenue, Quezon City, Metro Manila, 1800",,400 m²,4,4,Available from 1 Jul,,11 Nov 09:14,Housing I.,"['PHP 175,000/ month', '/ month', '103, Soliven III Avenue, Quezon City, Metro Manila, 1800', 'Bedrooms:', '4', 'Area:', '400 m²', 'Bathrooms:', '4', 'Available from:', '1 Jul']"
"Condo For Rent in 162, Valero, Makati City",https://lifenavi.com/ph/properties/makati-city/for-rent/condo/fully-furnished-3br-unit-for-lease-in-manhattan-square-ad-270-ln682393,"PHP 180,000/ month","162, Valero, Makati City, Metro Manila, 1200",,254.88 m²,3,3,Available from 29 Aug,,11 Nov 09:14,Housing I.,"['PHP 180,000/ month', '/ month', '162, Valero, Makati City, Metro Manila, 1200', 'Bedrooms:', '3', 'Area:', '254.88 m²', 'Bathrooms:', '3', 'Available from:', '29 Aug']"
"Condo For Rent in Dela Rosa Access Road 3, Makati City",https://lifenavi.com/ph/properties/makati-city/for-rent/condo/furnished-studio-unit-for-lease-in-kroma-tower-ad-269-ln462394,"PHP 28,000/ month","Dela Rosa Access Road 3, Makati City, Metro Manila",,30 m²,Studio,1,Available from 1 Sep,,11 Nov 09:14,Housing I.,"['PHP 28,000/ month', '/ month', 'Dela Rosa Access Road 3, Makati City, Metro Manila', 'Bedrooms:', 'Studio', 'Area:', '30 m²', 'Bathrooms:', '1', 'Available from:', '1 Sep']"
"Condo For Rent in 146, L.P. Leviste Street, Makati City",https://lifenavi.com/ph/properties/makati-city/for-rent/condo/for-lease-3br-alfaro-place-ad-267-ln897787,"PHP 95,000/ month","146, L.P. Leviste Street, Makati City, Metro Manila",,91.56 m²,3,3,Available from 2 Sep,,11 Nov 09:14,Housing I.,"['PHP 95,000/ month', '/ month', '146, L.P. Leviste Street, Makati City, Metro Manila', 'Bedrooms:', '3', 'Area:', '91.56 m²', 'Bathrooms:', '3', 'Available from:', '2 Sep']"
"Condo For Rent in 2, H.V. Dela Costa, Makati City",https://lifenavi.com/ph/properties/makati-city/for-rent/condo/a-condominium-for-rent-in-salcedo-skysuites-in-makati-city-ad-266-ln815151,"PHP 67,000/ month","2, H.V. Dela Costa, Makati City, Metro Manila",,68 m²,1,1,Available from 2 Sep,,11 Nov 09:14,Housing I.,"['PHP 67,000/ month', '/ month', '2, H.V. Dela Costa, Makati City, Metro Manila', 'Bedrooms:', '1', 'Area:', '68 m²', 'Bathrooms:', '1', 'Available from:', '2 Sep']"
"Condo For Rent in 1108, Katipunan Avenue, Quezon City",https://lifenavi.com/ph/properties/quezon-city/for-rent/condo/for-lease-2-bedroom-arton-by-rockwell-ad-265-ln179172,"PHP 63,000/ month","1108, Katipunan Avenue, Project 4, Quezon City, Metro Manila, 1800",,84 m²,2,3,Available from 28 Jul,,11 Nov 09:14,Housing I.,"['PHP 63,000/ month', '/ month', '1108, Katipunan Avenue, Project 4, Quezon City, Metro Manila, 1800', 'Bedrooms:', '2', 'Area:', '84 m²', 'Bathrooms:', '3', 'Available from:', '28 Jul']"
"Condo For Rent in corner, 28th Street, Taguig",https://lifenavi.com/ph/properties/taguig/for-rent/condo/3br-unit-for-rent-east-gallery-place-by-ayala-land-premier-ad-264-ln181748,"PHP 360,000/ month","corner, 28th Street, Taguig, Metro Manila",,285 m²,3,1,Available from 1 Sep,,11 Nov 09:14,Housing I.,"['PHP 360,000/ month', '/ month', 'corner, 28th Street, Taguig, Metro Manila', 'Bedrooms:', '3', 'Area:', '285 m²', 'Bathrooms:', '1', 'Available from:', '1 Sep']"
"House and Lot For Rent in 2, Upper McKinley Hill, Taguig",https://lifenavi.com/ph/properties/taguig/for-rent/house-and-lot/house-for-rent-in-mckinley-hill-village-ad-263-ln149519,"PHP 250,000/ month","2, Upper McKinley Hill, Taguig, Metro Manila",,350 m²,4,4,Available from 3 Sep,,11 Nov 09:14,Housing I.,"['PHP 250,000/ month', '/ month', '2, Upper McKinley Hill, Taguig, Metro Manila', 'Bedrooms:', '4', 'Area:', '350 m²', 'Bathrooms:', '4', 'Available from:', '3 Sep']"
"Condo For Rent in 188-E, Eulogio Rodriguez Jr. Avenue, Quezon City",https://lifenavi.com/ph/properties/quezon-city/for-rent/condo/for-salelease-brand-new-studio-unit-one-eastwood-ave-ad-262-ln964317,"PHP 25,000/ month","188-E, Eulogio Rodriguez Jr. Avenue, Quezon City, Metro Manila, 1800",,29 m²,Studio,1,Available from 4 Sep,,11 Nov 09:14,Housing I.,"['PHP 25,000/ month', '/ month', '188-E, Eulogio Rodriguez Jr. Avenue, Quezon City, Metro Manila, 1800', 'Bedrooms:', 'Studio', 'Area:', '29 m²', 'Bathrooms:', '1', 'Available from:', '4 Sep']"
"Condo For Rent in Paseo de Roxas, Makati City",https://lifenavi.com/ph/properties/makati-city/for-rent/condo/2-br-for-lease-in-the-residences-at-greenbelt-ad-261-ln640077,"PHP 130,000/ month","Paseo de Roxas, Makati City, Metro Manila",,124 m²,2,2,Available from 4 Sep,,11 Nov 09:13,Housing I.,"['PHP 130,000/ month', '/ month', 'Paseo de Roxas, Makati City, Metro Manila', 'Bedrooms:', '2', 'Area:', '124 m²', 'Bathrooms:', '2', 'Available from:', '4 Sep']"
"Condo For Rent in 105, Perea, Makati City",https://lifenavi.com/ph/properties/makati-city/for-rent/condo/classy-2br-unit-for-rent-at-century-plaza-ad-260-ln756745,"PHP 80,000/ month","105, Perea, Legazpi Village, Makati City, Kalakhang Maynila, 1228",,140 m²,2,2,Available from 10 Mar,,11 Nov 09:13,Housing I.,"['PHP 80,000/ month', '/ month', '105, Perea, Legazpi Village, Makati City, Kalakhang Maynila, 1228', 'Bedrooms:', '2', 'Area:', '140 m²', 'Bathrooms:', '2', 'Available from:', '10 Mar']"
"House and Lot For Rent in Laurel, Calabarzon",https://lifenavi.com/ph/properties/laurel/for-rent/house-and-lot/house-lot-for-sale-in-canyon-woods-residential-resort-batangas-ad-259-ln609563,"PHP 100,000/ month","Laurel, Calabarzon",,350 m²,3,2,Available from 4 Sep,,11 Nov 09:13,Housing I.,"['PHP 100,000/ month', '/ month', 'Laurel, Calabarzon', 'Bedrooms:', '3', 'Area:', '350 m²', 'Bathrooms:', '2', 'Available from:', '4 Sep']"
"House and Lot For Rent in Muntinlupa, Metro Manila",https://lifenavi.com/ph/properties/muntinlupa/for-rent/house-and-lot/house-for-lease-ayala-alabang-village-ad-258-ln582168,"PHP 200,000/ month","Muntinlupa, Metro Manila",,360 m²,4,4,Available from 1 Jul,,11 Nov 09:13,Housing I.,"['PHP 200,000/ month', '/ month', 'Muntinlupa, Metro Manila', 'Bedrooms:', '4', 'Area:', '360 m²', 'Bathrooms:', '4', 'Available from:', '1 Jul']"
"Condo For Rent in 1634, 5th Avenue, Taguig",https://lifenavi.com/ph/properties/taguig/for-rent/condo/one-bedroom-for-rent-at-fort-victoria-ad-257-ln360705,"PHP 50,000/ month","1634, 5th Avenue, Taguig, Metro Manila",,45 m²,1,2,Available from 4 Sep,,11 Nov 09:13,Housing I.,"['PHP 50,000/ month', '/ month', '1634, 5th Avenue, Taguig, Metro Manila', 'Bedrooms:', '1', 'Area:', '45 m²', 'Bathrooms:', '2', 'Available from:', '4 Sep']"
"House and Lot For Rent in 20, Hercules, Makati City",https://lifenavi.com/ph/properties/makati-city/for-rent/house-and-lot/3br-house-for-rent-in-bel-air-village-makati-ad-256-ln484326,"PHP 200,000/ month","20, Hercules, Makati City, Metro Manila, 1209",,327 m²,3,3,Available from 14 Aug,,11 Nov 09:13,Housing I.,"['PHP 200,000/ month', '/ month', '20, Hercules, Makati City, Metro Manila, 1209', 'Bedrooms:', '3', 'Area:', '327 m²', 'Bathrooms:', '3', 'Available from:', '14 Aug']"
"Condo For Rent in Residential Drive, Makati City",https://lifenavi.com/ph/properties/makati-city/for-rent/condo/for-rent-3br-unit-in-rizal-tower-ad-255-ln862223,"PHP 225,000/ month","Residential Drive, Makati City, Metro Manila",,283 m²,3,3,Available from 16 Jan,,11 Nov 09:13,Housing I.,"['PHP 225,000/ month', '/ month', 'Residential Drive, Makati City, Metro Manila', 'Bedrooms:', '3', 'Area:', '283 m²', 'Bathrooms:', '3', 'Available from:', '16 Jan']"
"Condo For Sale in Le Grand Avenue, Taguig",https://lifenavi.com/ph/properties/taguig/for-sale/condo/brandnew-1br-unit-for-sale-in-park-mckinley-west-ad-254-ln880036,"PHP 13,875,000","Le Grand Avenue, McKinley West, Taguig, Metro Manila",,35 m²,1,1,Available from 4 Sep,,11 Nov 09:13,Housing I.,"['PHP 13,875,000', 'Le Grand Avenue, McKinley West, Taguig, Metro Manila', 'Bedrooms:', '1', 'Area:', '35 m²', 'Bathrooms:', '1', 'Available from:', '4 Sep']"
"Condo For Rent in Le Grand Avenue, Taguig",https://lifenavi.com/ph/properties/taguig/for-rent/condo/fully-furnished-1br-unit-with-balcony-for-lease-in-park-mckinley-west-ad-253-ln401585,"PHP 35,000/ month","Le Grand Avenue, McKinley West, Taguig, Metro Manila",,35 m²,1,1,Available from 1 Aug,,11 Nov 09:13,Housing I.,"['PHP 35,000/ month', '/ month', 'Le Grand Avenue, McKinley West, Taguig, Metro Manila', 'Bedrooms:', '1', 'Area:', '35 m²', 'Bathrooms:', '1', 'Available from:', '1 Aug']"
"Condo For Rent in 1st Avenue, Taguig",https://lifenavi.com/ph/properties/taguig/for-rent/condo/fully-furnished-3br-unit-with-parking-for-lease-in-kensington-place-ad-252-ln738289,"PHP 150,000/ month","1st Avenue, Taguig, Metro Manila",,193 m²,3,3,Available from 31 Mar,,11 Nov 09:13,Housing I.,"['PHP 150,000/ month', '/ month', '1st Avenue, Taguig, Metro Manila', 'Bedrooms:', '3', 'Area:', '193 m²', 'Bathrooms:', '3', 'Available from:', '31 Mar']"
"Condo For Rent in 1634, McKinley Parkway, Taguig",https://lifenavi.com/ph/properties/taguig/for-rent/condo/cozy-studio-type-condo-unit-at-two-serendra-for-rent-ad-251-ln338453,"PHP 42,000/ month","1634, McKinley Parkway, Taguig, Metro Manila",,40 m²,Studio,1,Available from 9 Aug,,11 Nov 09:13,Housing I.,"['PHP 42,000/ month', '/ month', '1634, McKinley Parkway, Taguig, Metro Manila', 'Bedrooms:', 'Studio', 'Area:', '40 m²', 'Bathrooms:', '1', 'Available from:', '9 Aug']"
"Condo For Sale in Bldg, Aguirre, Makati City",https://lifenavi.com/ph/properties/makati-city/for-sale/condo/fully-furnished-studio-type-unit-at-somerset-mellenium-makati-ad-250-ln325633,"PHP 12,500,000","Bldg, Aguirre, Legazpi Village, Makati City, Kalakhang Maynila, 1200",,36.1 m²,Studio,1,Available from 5 Sep,,11 Nov 09:13,Housing I.,"['PHP 12,500,000', 'Bldg, Aguirre, Legazpi Village, Makati City, Kalakhang Maynila, 1200', 'Bedrooms:', 'Studio', 'Area:', '36.1 m²', 'Bathrooms:', '1', 'Available from:', '5 Sep']"
"Condo For Rent in 3976, 36th Street, Taguig",https://lifenavi.com/ph/properties/taguig/for-rent/condo/for-lease-1br-unit-time-square-west-ad-249-ln507287,"PHP 55,000/ month","3976, 36th Street, Taguig, Metro Manila",,49 m²,1,1,Available from 18 Feb,,11 Nov 09:13,Housing I.,"['PHP 55,000/ month', '/ month', '3976, 36th Street, Taguig, Metro Manila', 'Bedrooms:', '1', 'Area:', '49 m²', 'Bathrooms:', '1', 'Available from:', '18 Feb']"
"Condo For Sale in Upper McKinley Hill, Taguig",https://lifenavi.com/ph/properties/taguig/for-sale/condo/a-semi-furnished-studio-type-condo-for-sale-at-mckinley-hill-taguig-city-ad-248-ln138879,"PHP 8,000,000","Upper McKinley Hill, Taguig, Metro Manila, 1630",,40 m²,Studio,1,Available from 5 Feb,,11 Nov 09:13,Housing I.,"['PHP 8,000,000', 'Upper McKinley Hill, Taguig, Metro Manila, 1630', 'Bedrooms:', 'Studio', 'Area:', '40 m²', 'Bathrooms:', '1', 'Available from:', '5 Feb']"
"Condo For Rent in 112, Don Carlos Palanca, Makati City",https://lifenavi.com/ph/properties/makati-city/for-rent/condo/fully-furnished-1br-unit-for-lease-in-greenbelt-parkplace-ad-247-ln752937,"PHP 35,000/ month","112, Don Carlos Palanca, Legazpi Village, Makati City, Metro Manila",,36.5 m²,1,1,Available from 27 Feb,,11 Nov 09:13,Housing I.,"['PHP 35,000/ month', '/ month', '112, Don Carlos Palanca, Legazpi Village, Makati City, Metro Manila', 'Bedrooms:', '1', 'Area:', '36.5 m²', 'Bathrooms:', '1', 'Available from:', '27 Feb']"
"Condo For Rent in 317, Sen. Gil J. Puyat Avenue, Makati City",https://lifenavi.com/ph/properties/makati-city/for-rent/condo/1-bedroom-condo-for-rent-in-makati-ad-246-ln398474,"PHP 25,000/ month","317, Sen. Gil J. Puyat Avenue, Makati City, Metro Manila, 1209",,33 m²,1,1,Available from 7 Feb,,11 Nov 09:13,Housing I.,"['PHP 25,000/ month', '/ month', '317, Sen. Gil J. Puyat Avenue, Makati City, Metro Manila, 1209', 'Bedrooms:', '1', 'Area:', '33 m²', 'Bathrooms:', '1', 'Available from:', '7 Feb']"
"Condo For Sale in 71, Salamanca, Makati City",https://lifenavi.com/ph/properties/makati-city/for-sale/condo/fully-furnished-1br-unit-with-parking-for-sale-in-the-gramercy-residences-ad-245-ln974495,"PHP 11,375,000","71, Salamanca, Makati City, Kalakhang Maynila",,55 m²,1,1,Available from 5 Sep,,11 Nov 09:13,Housing I.,"['PHP 11,375,000', '71, Salamanca, Makati City, Kalakhang Maynila', 'Bedrooms:', '1', 'Area:', '55 m²', 'Bathrooms:', '1', 'Available from:', '5 Sep']"
"Condo For Rent in East Union Drive, Taguig",https://lifenavi.com/ph/properties/taguig/for-rent/condo/fully-furnished-1br-unit-with-veranda-and-parking-for-lease-in-the-veranda-east-ad-244-ln355780,"PHP 40,000/ month","East Union Drive, Taguig, Metro Manila, 1630",,57 m²,1,1,Available from 5 Sep,,11 Nov 09:13,Housing I.,"['PHP 40,000/ month', '/ month', 'East Union Drive, Taguig, Metro Manila, 1630', 'Bedrooms:', '1', 'Area:', '57 m²', 'Bathrooms:', '1', 'Available from:', '5 Sep']"
"Condo For Sale in 20, Hercules, Makati City",https://lifenavi.com/ph/properties/makati-city/for-sale/condo/fully-furnished-1-br-for-sale-in-jazz-residences-ad-243-ln119919,"PHP 6,500,000","20, Hercules, Makati City, Metro Manila, 1209",,23 m²,1,1,Available from 5 Sep,,11 Nov 09:13,Housing I.,"['PHP 6,500,000', '20, Hercules, Makati City, Metro Manila, 1209', 'Bedrooms:', '1', 'Area:', '23 m²', 'Bathrooms:', '1', 'Available from:', '5 Sep']"
"House and Lot For Rent in Imus, Calabarzon",https://lifenavi.com/ph/properties/imus/for-rent/house-and-lot/house-for-rent-in-avida-verra-vermosa-setting-trista-imus-cavite-ad-242-ln602667,"PHP 40,000/ month","Imus, Calabarzon",,86 m²,3,1,Available from 5 Sep,,11 Nov 09:13,Housing I.,"['PHP 40,000/ month', '/ month', 'Imus, Calabarzon', 'Bedrooms:', '3', 'Area:', '86 m²', 'Bathrooms:', '1', 'Available from:', '5 Sep']"
"Condo For Rent in 110, Don Carlos Palanca, Makati City",https://lifenavi.com/ph/properties/makati-city/for-rent/condo/fully-furnished-2br-unit-for-lease-in-bsa-suites-makati-ad-241-ln423268,"PHP 50,000/ month","110, Don Carlos Palanca, Legazpi Village, Makati City, Kalakhang Maynila, 1229",,106 m²,2,2,Available from 5 Sep,,11 Nov 09:13,Housing I.,"['PHP 50,000/ month', '/ month', '110, Don Carlos Palanca, Legazpi Village, Makati City, Kalakhang Maynila, 1229', 'Bedrooms:', '2', 'Area:', '106 m²', 'Bathrooms:', '2', 'Available from:', '5 Sep']"
"Condo For Rent in Bank Drive, Mandaluyong City",https://lifenavi.com/ph/properties/mandaluyong-city/for-rent/condo/fully-furnished-1br-unit-for-lease-in-bsa-twin-tower-ad-240-ln709263,"PHP 30,000/ month","Bank Drive, Ortigas Center, Mandaluyong City, Metro Manila",,42 m²,1,1,Available from 25 Oct,,11 Nov 09:13,Housing I.,"['PHP 30,000/ month', '/ month', 'Bank Drive, Ortigas Center, Mandaluyong City, Metro Manila', 'Bedrooms:', '1', 'Area:', '42 m²', 'Bathrooms:', '1', 'Available from:', '25 Oct']"
"House and Lot For Sale in 1870, Ortigas Avenue Extension, Antipolo",https://lifenavi.com/ph/properties/antipolo/for-sale/house-and-lot/house-and-lot-for-sale-in-antipolo-evergreen-executive-village-ad-239-ln341433,"PHP 11,100,000","1870, Ortigas Avenue Extension, Antipolo, Calabarzon",,150 m²,4,3,Available from 8 Sep,,11 Nov 09:12,Housing I.,"['PHP 11,100,000', '1870, Ortigas Avenue Extension, Antipolo, Calabarzon', 'Bedrooms:', '4', 'Area:', '150 m²', 'Bathrooms:', '3', 'Available from:', '8 Sep']"
"House and Lot For Sale in 2, Xavier Ville Street, Quezon City",https://lifenavi.com/ph/properties/quezon-city/for-sale/house-and-lot/house-for-sale-in-xavier-ville-2-quezon-city-ad-238-ln307845,"PHP 115,000,000","2, Xavier Ville Street, Quezon City, Metro Manila, 1108",,246.4 m²,5+,6+,Available from 8 Sep,,11 Nov 09:12,Housing I.,"['PHP 115,000,000', '2, Xavier Ville Street, Quezon City, Metro Manila, 1108', 'Bedrooms:', '5+', 'Area:', '246.4 m²', 'Bathrooms:', '6+', 'Available from:', '8 Sep']"
"House and Lot For Sale in 22, San Felipe, Makati City",https://lifenavi.com/ph/properties/makati-city/for-sale/house-and-lot/house-and-lot-for-sale-in-magallanes-village-ad-237-ln203685,"PHP 111,000,000","22, San Felipe, Makati City, Kalakhang Maynila, 1232",,240 m²,5+,3,Available from 8 Sep,,11 Nov 09:12,Housing I.,"['PHP 111,000,000', '22, San Felipe, Makati City, Kalakhang Maynila, 1232', 'Bedrooms:', '5+', 'Area:', '240 m²', 'Bathrooms:', '3', 'Available from:', '8 Sep']"
"House and Lot For Sale in Muntinlupa, Metro Manila",https://lifenavi.com/ph/properties/muntinlupa/for-sale/house-and-lot/houselot-for-sale-in-ayala-alabang-village-muntinlupa-city-ad-236-ln632470,"PHP 177,600,000","Muntinlupa, Metro Manila",,709 m²,5+,5,Available from 8 Sep,,11 Nov 09:12,Housing I.,"['PHP 177,600,000', 'Muntinlupa, Metro Manila', 'Bedrooms:', '5+', 'Area:', '709 m²', 'Bathrooms:', '5', 'Available from:', '8 Sep']"
"Condo For Sale in corner, 28th Street, Taguig",https://lifenavi.com/ph/properties/taguig/for-sale/condo/fully-furnished-3br-unit-with-parking-for-sale-in-east-gallery-place-ad-235-ln693897,"PHP 105,450,000","corner, 28th Street, Taguig, Metro Manila",,193 m²,3,3,Available from 8 Sep,,11 Nov 09:12,Housing I.,"['PHP 105,450,000', 'corner, 28th Street, Taguig, Metro Manila', 'Bedrooms:', '3', 'Area:', '193 m²', 'Bathrooms:', '3', 'Available from:', '8 Sep']"
"House and Lot For Rent in 70, Belvedere, Parañaque",https://lifenavi.com/ph/properties/paranaque/for-rent/house-and-lot/house-for-lease-merville-park-paranaque-ad-234-ln369424,"PHP 135,000/ month","70, Belvedere, Parañaque, Metro Manila, 1709",,450 m²,5+,4,Available from 30 Jan,,11 Nov 09:12,Housing I.,"['PHP 135,000/ month', '/ month', '70, Belvedere, Parañaque, Metro Manila, 1709', 'Bedrooms:', '5+', 'Area:', '450 m²', 'Bathrooms:', '4', 'Available from:', '30 Jan']"
"House and Lot For Sale in Antonio S Arnaiz Avenue, Makati City",https://lifenavi.com/ph/properties/makati-city/for-sale/house-and-lot/5br-house-and-lot-for-sale-in-dasmarinas-village-ad-233-ln785501,"PHP 1,156,575,600","Antonio S Arnaiz Avenue, Makati City, Metro Manila",,1371 m²,5+,6+,Available from 8 Sep,,11 Nov 09:12,Housing I.,"['PHP 1,156,575,600', 'Antonio S Arnaiz Avenue, Makati City, Metro Manila', 'Bedrooms:', '5+', 'Area:', '1371 m²', 'Bathrooms:', '6+', 'Available from:', '8 Sep']"
"Condo For Sale in Taguig, Metro Manila",https://lifenavi.com/ph/properties/taguig/for-sale/condo/fully-furnished-3br-unit-with-parking-for-sale-in-grand-hyatt-residences-ad-232-ln579187,"PHP 98,000,000","Taguig, Metro Manila",,207 m²,3,3,Available from 8 Sep,,11 Nov 09:12,Housing I.,"['PHP 98,000,000', 'Taguig, Metro Manila', 'Bedrooms:', '3', 'Area:', '207 m²', 'Bathrooms:', '3', 'Available from:', '8 Sep']"
"Condo For Rent in Taguig, Metro Manila",https://lifenavi.com/ph/properties/taguig/for-rent/condo/for-salerent-3br-unit-west-gallery-place-by-ayala-land-premier-ad-231-ln427369,"PHP 390,000/ month","Taguig, Metro Manila, 1634",,361 m²,3,1,Available from 29 May,,11 Nov 09:12,Housing I.,"['PHP 390,000/ month', '/ month', 'Taguig, Metro Manila, 1634', 'Bedrooms:', '3', 'Area:', '361 m²', 'Bathrooms:', '1', 'Available from:', '29 May']"
"House and Lot For Rent in Antonio S Arnaiz Avenue, Makati City",https://lifenavi.com/ph/properties/makati-city/for-rent/house-and-lot/magnificent-4-bedroom-house-for-rent-at-dasmarinas-village-ad-230-ln496712,"PHP 350,000/ month","Antonio S Arnaiz Avenue, Makati City, Metro Manila",,500 m²,4,4,Available from 9 Sep,,11 Nov 09:12,Housing I.,"['PHP 350,000/ month', '/ month', 'Antonio S Arnaiz Avenue, Makati City, Metro Manila', 'Bedrooms:', '4', 'Area:', '500 m²', 'Bathrooms:', '4', 'Available from:', '9 Sep']"
"House and Lot For Rent in 22, San Felipe, Makati City",https://lifenavi.com/ph/properties/makati-city/for-rent/house-and-lot/spacious-house-for-rent-in-magallanes-village-ad-229-ln641931,"PHP 240,000/ month","22, San Felipe, Makati City, Kalakhang Maynila, 1232",,600 m²,4,2,Available from 1 Jan,,11 Nov 09:12,Housing I.,"['PHP 240,000/ month', '/ month', '22, San Felipe, Makati City, Kalakhang Maynila, 1232', 'Bedrooms:', '4', 'Area:', '600 m²', 'Bathrooms:', '2', 'Available from:', '1 Jan']"
"House and Lot For Sale in 5, Constellation, Makati City",https://lifenavi.com/ph/properties/makati-city/for-sale/house-and-lot/old-house-for-sale-in-bel-air-2-makati-city-ad-228-ln396575,"PHP 208,740,000","5, Constellation, Makati City, Metro Manila, 1209",,497 m²,4,3,Available from 9 Sep,,11 Nov 09:12,Housing I.,"['PHP 208,740,000', '5, Constellation, Makati City, Metro Manila, 1209', 'Bedrooms:', '4', 'Area:', '497 m²', 'Bathrooms:', '3', 'Available from:', '9 Sep']"
"Condo For Sale in 14F, West Street, Makati City",https://lifenavi.com/ph/properties/makati-city/for-sale/condo/3br-unit-for-sale-in-park-terraces-makati-ad-227-ln159581,"PHP 120,000,000","14F, West Street, Makati City, Metro Manila",,272 m²,3,2,Available from 9 Sep,,11 Nov 09:12,Housing I.,"['PHP 120,000,000', '14F, West Street, Makati City, Metro Manila', 'Bedrooms:', '3', 'Area:', '272 m²', 'Bathrooms:', '2', 'Available from:', '9 Sep']"
"Land only For Sale in Taytay, Calabarzon",https://lifenavi.com/ph/properties/taytay/for-sale/land-only/lot-for-sale-in-noels-village-taytay-rizal-ad-226-ln216230,"PHP 83,756,160","Taytay, Calabarzon, 1920",,4192 m²,Studio,1,Available from 10 Sep,,11 Nov 09:12,Housing I.,"['PHP 83,756,160', 'Taytay, Calabarzon, 1920', 'Bedrooms:', 'Studio', 'Area:', '4192 m²', 'Bathrooms:', '1', 'Available from:', '10 Sep']"
"Condo For Sale in Estrella, Makati City",https://lifenavi.com/ph/properties/makati-city/for-sale/condo/3br-unit-for-sale-in-proscenium-at-rockwell-ad-225-ln583661,"PHP 90,000,000","Estrella, Makati City, Metro Manila",,224 m²,3,3,Available from 10 Sep,,11 Nov 09:12,Housing I.,"['PHP 90,000,000', 'Estrella, Makati City, Metro Manila', 'Bedrooms:', '3', 'Area:', '224 m²', 'Bathrooms:', '3', 'Available from:', '10 Sep']"
"Condo For Sale in cor, 3rd Avenue, Taguig",https://lifenavi.com/ph/properties/taguig/for-sale/condo/fully-furnished-3br-unit-with-parking-for-sale-in-the-suites-ad-224-ln288115,"PHP 138,750,000","cor, 3rd Avenue, Taguig, Metro Manila",,209 m²,3,2,Available from 16 Jan,,11 Nov 09:12,Housing I.,"['PHP 138,750,000', 'cor, 3rd Avenue, Taguig, Metro Manila', 'Bedrooms:', '3', 'Area:', '209 m²', 'Bathrooms:', '2', 'Available from:', '16 Jan']"
"House and Lot For Sale in Muntinlupa, Metro Manila",https://lifenavi.com/ph/properties/muntinlupa/for-sale/house-and-lot/house-for-sale-in-ayala-alabang-muntinlupa-city-ad-223-ln911933,"PHP 133,200,000","Muntinlupa, Metro Manila",,406 m²,4,4,Available from 11 Sep,,11 Nov 09:12,Housing I.,"['PHP 133,200,000', 'Muntinlupa, Metro Manila', 'Bedrooms:', '4', 'Area:', '406 m²', 'Bathrooms:', '4', 'Available from:', '11 Sep']"
"House and Lot For Rent in Muntinlupa, Metro Manila",https://lifenavi.com/ph/properties/muntinlupa/for-rent/house-and-lot/house-for-lease-in-ayala-alabang-muntinlupa-city-ad-222-ln417809,"PHP 144,300/ month","Muntinlupa, Metro Manila",,588 m²,4,4,Available from 11 Sep,,11 Nov 09:12,Housing I.,"['PHP 144,300/ month', '/ month', 'Muntinlupa, Metro Manila', 'Bedrooms:', '4', 'Area:', '588 m²', 'Bathrooms:', '4', 'Available from:', '11 Sep']"
"Condo For Rent in H.V. Dela Costa, Makati City",https://lifenavi.com/ph/properties/makati-city/for-rent/condo/for-lease-2br-in-shang-salcedo-place-ad-221-ln838827,"PHP 120,000/ month","H.V. Dela Costa, Makati City, Metro Manila",,103 m²,2,2,Available from 10 Nov,,11 Nov 09:12,Housing I.,"['PHP 120,000/ month', '/ month', 'H.V. Dela Costa, Makati City, Metro Manila', 'Bedrooms:', '2', 'Area:', '103 m²', 'Bathrooms:', '2', 'Available from:', '10 Nov']"
"Condo For Sale in 105, Tordesillas, Makati City",https://lifenavi.com/ph/properties/makati-city/for-sale/condo/fully-furnished-2bedroom-condo-for-rent-at-two-lafayette-square-ad-220-ln751545,"PHP 25,000,000","105, Tordesillas, Makati City, Kalakhang Maynila, 1227",,120 m²,2,2,Available from 7 Oct,,11 Nov 09:12,Housing I.,"['PHP 25,000,000', '105, Tordesillas, Makati City, Kalakhang Maynila, 1227', 'Bedrooms:', '2', 'Area:', '120 m²', 'Bathrooms:', '2', 'Available from:', '7 Oct']"
"Condo For Sale in 516, Shaw Boulevard, Mandaluyong City",https://lifenavi.com/ph/properties/mandaluyong-city/for-sale/condo/a-1br-unit-for-sale-in-smdc-light-residences-ad-219-ln285184,"PHP 4,200,000","516, Shaw Boulevard, Mandaluyong City, Metro Manila",,27.37 m²,1,1,Available from 11 Sep,,11 Nov 09:12,Housing I.,"['PHP 4,200,000', '516, Shaw Boulevard, Mandaluyong City, Metro Manila', 'Bedrooms:', '1', 'Area:', '27.37 m²', 'Bathrooms:', '1', 'Available from:', '11 Sep']"
"Condo For Sale in 16, West Service Road, Parañaque",https://lifenavi.com/ph/properties/paranaque/for-sale/condo/fully-furnished-one-bedroom-unit-for-sale-at-azure-urban-resort-residences-ad-218-ln288623,"PHP 3,700,000","16, West Service Road, Bicutan, Parañaque, Metro Manila, 1700",,30 m²,1,1,Available from 27 Feb,,11 Nov 09:12,Housing I.,"['PHP 3,700,000', '16, West Service Road, Bicutan, Parañaque, Metro Manila, 1700', 'Bedrooms:', '1', 'Area:', '30 m²', 'Bathrooms:', '1', 'Available from:', '27 Feb']"
"Condo For Sale in 105, St.Jude, Pasig",https://lifenavi.com/ph/properties/pasig/for-sale/condo/for-sale-2br-unit-with-balcony-the-travertine-at-portico-ad-217-ln663544,"PHP 17,800,000","105, St.Jude, Pasig, Metro Manila, 1605",,90 m²,2,1,Available from 6 Feb,,11 Nov 09:12,Housing I.,"['PHP 17,800,000', '105, St.Jude, Pasig, Metro Manila, 1605', 'Bedrooms:', '2', 'Area:', '90 m²', 'Bathrooms:', '1', 'Available from:', '6 Feb']"
"Condo For Rent in Paseo de Roxas, Makati City",https://lifenavi.com/ph/properties/makati-city/for-rent/condo/for-rent-1br-unit-at-the-residences-at-greenbelt-ad-216-ln278561,"PHP 85,000/ month","Paseo de Roxas, Makati City, Metro Manila",,59 m²,1,1,Available from 11 Sep,,11 Nov 09:12,Housing I.,"['PHP 85,000/ month', '/ month', 'Paseo de Roxas, Makati City, Metro Manila', 'Bedrooms:', '1', 'Area:', '59 m²', 'Bathrooms:', '1', 'Available from:', '11 Sep']"
"Condo For Rent in cor, 2nd Avenue, Taguig",https://lifenavi.com/ph/properties/taguig/for-rent/condo/fully-furnished-3br-unit-for-lease-in-sapphire-residences-bgc-ad-215-ln599828,"PHP 120,000/ month","cor, 2nd Avenue, Taguig, Metro Manila",,130 m²,3,1,Available from 10 Oct,,11 Nov 09:11,Housing I.,"['PHP 120,000/ month', '/ month', 'cor, 2nd Avenue, Taguig, Metro Manila', 'Bedrooms:', '3', 'Area:', '130 m²', 'Bathrooms:', '1', 'Available from:', '10 Oct']"
"Condo For Rent in Pasig, Metro Manila",https://lifenavi.com/ph/properties/pasig/for-rent/condo/fully-furnished-2br-unit-with-balcony-for-lease-in-the-rochester-ad-214-ln760219,"PHP 30,000/ month","Pasig, Metro Manila",,42 m²,2,2,Available from 1 Dec,,11 Nov 09:11,Housing I.,"['PHP 30,000/ month', '/ month', 'Pasig, Metro Manila', 'Bedrooms:', '2', 'Area:', '42 m²', 'Bathrooms:', '2', 'Available from:', '1 Dec']"
"Condo For Rent in 28, Amorsolo Drive, Makati City",https://lifenavi.com/ph/properties/makati-city/for-rent/condo/2br-unit-for-lease-in-edades-tower-ad-213-ln915968,"PHP 120,000/ month","28, Amorsolo Drive, Makati City, Metro Manila, 1210",,96 m²,2,2,Available from 6 Apr,,11 Nov 09:11,Housing I.,"['PHP 120,000/ month', '/ month', '28, Amorsolo Drive, Makati City, Metro Manila, 1210', 'Bedrooms:', '2', 'Area:', '96 m²', 'Bathrooms:', '2', 'Available from:', '6 Apr']"
"House and Lot For Sale in Mandaluyong City, Metro Manila",https://lifenavi.com/ph/properties/mandaluyong-city/for-sale/house-and-lot/house-and-lot-for-sale-in-mandaluyong-ad-212-ln189118,"PHP 7,000,000","Mandaluyong City, Metro Manila",,160 m²,4,3,Available from 12 Sep,,11 Nov 09:11,Housing I.,"['PHP 7,000,000', 'Mandaluyong City, Metro Manila', 'Bedrooms:', '4', 'Area:', '160 m²', 'Bathrooms:', '3', 'Available from:', '12 Sep']"
"Condo For Rent in 28, Amorsolo Drive, Makati City",https://lifenavi.com/ph/properties/makati-city/for-rent/condo/fully-furnished-2br-unit-with-parking-for-lease-in-edades-tower-ad-211-ln164258,"PHP 150,000/ month","28, Amorsolo Drive, Makati City, Metro Manila, 1210",,96 m²,2,2,Available from 6 Jan,,11 Nov 09:11,Housing I.,"['PHP 150,000/ month', '/ month', '28, Amorsolo Drive, Makati City, Metro Manila, 1210', 'Bedrooms:', '2', 'Area:', '96 m²', 'Bathrooms:', '2', 'Available from:', '6 Jan']"
"Condo For Rent in 2017, 21st Drive, Makati City",https://lifenavi.com/ph/properties/makati-city/for-rent/condo/fully-furnished-3br-unit-with-parking-for-lease-in-essensa-east-forbes-ad-210-ln480981,"PHP 250,000/ month","2017, 21st Drive, Makati City, Metro Manila",,290 m²,3,2,Available from 1 Jan,,11 Nov 09:11,Housing I.,"['PHP 250,000/ month', '/ month', '2017, 21st Drive, Makati City, Metro Manila', 'Bedrooms:', '3', 'Area:', '290 m²', 'Bathrooms:', '2', 'Available from:', '1 Jan']"
"Condo For Rent in 4th Avenue, Makati City",https://lifenavi.com/ph/properties/makati-city/for-rent/condo/fully-furnished-2br-unit-with-parking-for-lease-in-pacific-ayala-towers-ad-209-ln696678,"PHP 300,000/ month","4th Avenue, Makati City, Metro Manila",,299 m²,2,2,Available from 6 Jan,,11 Nov 09:11,Housing I.,"['PHP 300,000/ month', '/ month', '4th Avenue, Makati City, Metro Manila', 'Bedrooms:', '2', 'Area:', '299 m²', 'Bathrooms:', '2', 'Available from:', '6 Jan']"
"Condo For Rent in 6751, Ayala Avenue, Makati City",https://lifenavi.com/ph/properties/makati-city/for-rent/condo/fully-furnished-2br-unit-with-balcony-and-parking-for-salerent-in-makati-tuscany-ad-208-ln647768,"PHP 100,000/ month","6751, Ayala Avenue, Ortigas Center, Makati City, Metro Manila",,150 m²,2,2,Available from 12 Sep,,11 Nov 09:11,Housing I.,"['PHP 100,000/ month', '/ month', '6751, Ayala Avenue, Ortigas Center, Makati City, Metro Manila', 'Bedrooms:', '2', 'Area:', '150 m²', 'Bathrooms:', '2', 'Available from:', '12 Sep']"
"Condo For Rent in Laguna Heights Drive, Muntinlupa",https://lifenavi.com/ph/properties/muntinlupa/for-rent/condo/fully-furnished-2br-unit-for-lease-in-botanika-nature-residences-ad-207-ln630319,"PHP 135,000/ month","Laguna Heights Drive, Muntinlupa, Metro Manila",,125 m²,2,2,Available from 14 Jul,,11 Nov 09:11,Housing I.,"['PHP 135,000/ month', '/ month', 'Laguna Heights Drive, Muntinlupa, Metro Manila', 'Bedrooms:', '2', 'Area:', '125 m²', 'Bathrooms:', '2', 'Available from:', '14 Jul']"
"Condo For Rent in 138, Legazpi Street, Makati City",https://lifenavi.com/ph/properties/makati-city/for-rent/condo/fully-furnished-2br-unit-with-parking-for-sale-in-senta-ad-206-ln692707,"PHP 27,750,000/ month","138, Legazpi Street, Makati City, Metro Manila, 1200",,81 m²,2,2,Available from 29 Apr,,11 Nov 09:11,Housing I.,"['PHP 27,750,000/ month', '/ month', '138, Legazpi Street, Makati City, Metro Manila, 1200', 'Bedrooms:', '2', 'Area:', '81 m²', 'Bathrooms:', '2', 'Available from:', '29 Apr']"
"House and Lot For Rent in Makati Avenue, Makati City",https://lifenavi.com/ph/properties/makati-city/for-rent/house-and-lot/4br-modern-house-for-rent-in-san-lorenzo-village-ad-205-ln130139,"PHP 275,000/ month","Makati Avenue, Makati City, Metro Manila",,600 m²,4,4,Available from 7 Jan,,11 Nov 09:11,Housing I.,"['PHP 275,000/ month', '/ month', 'Makati Avenue, Makati City, Metro Manila', 'Bedrooms:', '4', 'Area:', '600 m²', 'Bathrooms:', '4', 'Available from:', '7 Jan']"
"House and Lot For Rent in 521, Madrigal Avenue, Muntinlupa",https://lifenavi.com/ph/properties/muntinlupa/for-rent/house-and-lot/house-for-lease-in-ayala-alabang-muntinlupa-city-ad-204-ln556252,"PHP 188,700/ month","521, Madrigal Avenue, Muntinlupa, Metro Manila, 1780",,610 m²,5+,4,Available from 9 Jan,,11 Nov 09:11,Housing I.,"['PHP 188,700/ month', '/ month', '521, Madrigal Avenue, Muntinlupa, Metro Manila, 1780', 'Bedrooms:', '5+', 'Area:', '610 m²', 'Bathrooms:', '4', 'Available from:', '9 Jan']"
"House and Lot For Rent in 521, Madrigal Avenue, Muntinlupa",https://lifenavi.com/ph/properties/muntinlupa/for-rent/house-and-lot/house-for-lease-in-ayala-alabang-muntinlupa-city-ad-203-ln340468,"PHP 333,000/ month","521, Madrigal Avenue, Muntinlupa, Metro Manila, 1780",,650 m²,5+,5,Available from 9 Jan,,11 Nov 09:11,Housing I.,"['PHP 333,000/ month', '/ month', '521, Madrigal Avenue, Muntinlupa, Metro Manila, 1780', 'Bedrooms:', '5+', 'Area:', '650 m²', 'Bathrooms:', '5', 'Available from:', '9 Jan']"
"House and Lot For Rent in 521, Madrigal Avenue, Muntinlupa",https://lifenavi.com/ph/properties/muntinlupa/for-rent/house-and-lot/house-for-lease-in-ayala-alabang-muntinlupa-city-ad-202-ln721982,"PHP 222,000/ month","521, Madrigal Avenue, Muntinlupa, Metro Manila, 1780",,1010 m²,5+,5,Available from 9 Jan,,11 Nov 09:11,Housing I.,"['PHP 222,000/ month', '/ month', '521, Madrigal Avenue, Muntinlupa, Metro Manila, 1780', 'Bedrooms:', '5+', 'Area:', '1010 m²', 'Bathrooms:', '5', 'Available from:', '9 Jan']"
"House and Lot For Rent in 521, Madrigal Avenue, Muntinlupa",https://lifenavi.com/ph/properties/muntinlupa/for-rent/house-and-lot/house-for-lease-in-ayala-alabang-muntinlupa-city-ad-201-ln257601,"PHP 444,000/ month","521, Madrigal Avenue, Muntinlupa, Metro Manila, 1780",,650 m²,5+,5,Available from 9 Jan,,11 Nov 09:11,Housing I.,"['PHP 444,000/ month', '/ month', '521, Madrigal Avenue, Muntinlupa, Metro Manila, 1780', 'Bedrooms:', '5+', 'Area:', '650 m²', 'Bathrooms:', '5', 'Available from:', '9 Jan']"
"Condo For Sale in 98, Perea, Makati City",https://lifenavi.com/ph/properties/makati-city/for-sale/condo/furnished-and-renovated-2br-condo-unit-for-sale-at-the-shang-grand-tower-makati-ad-200-ln484177,"PHP 55,000,000","98, Perea, Makati City, Metro Manila",,161 m²,2,2,Available from 15 Sep,,11 Nov 09:11,Housing I.,"['PHP 55,000,000', '98, Perea, Makati City, Metro Manila', 'Bedrooms:', '2', 'Area:', '161 m²', 'Bathrooms:', '2', 'Available from:', '15 Sep']"
"Condo For Rent in 2, Gilmore Avenue, Quezon City",https://lifenavi.com/ph/properties/quezon-city/for-rent/condo/fully-furnished-2br-unit-for-rentsale-at-gilmore-tower-condominiuim-ad-199-ln184943,"PHP 25,000/ month","2, Gilmore Avenue, Quezon City, Metro Manila",,42 m²,2,2,Available from 16 Sep,,11 Nov 09:11,Housing I.,"['PHP 25,000/ month', '/ month', '2, Gilmore Avenue, Quezon City, Metro Manila', 'Bedrooms:', '2', 'Area:', '42 m²', 'Bathrooms:', '2', 'Available from:', '16 Sep']"
"House and Lot For Sale in 6 B, San Pedro Street, Pasig",https://lifenavi.com/ph/properties/pasig/for-sale/house-and-lot/for-sale-3br-in-kapitolyo-pasig-city-ad-198-ln238707,"PHP 30,000,000","6 B, San Pedro Street, Pasig, Metro Manila, 1603",,80 m²,3,2,Available from 16 Sep,,11 Nov 09:11,Housing I.,"['PHP 30,000,000', '6 B, San Pedro Street, Pasig, Metro Manila, 1603', 'Bedrooms:', '3', 'Area:', '80 m²', 'Bathrooms:', '2', 'Available from:', '16 Sep']"
"House and Lot For Sale in 1750, Daang Hari Road, Las Piñas",https://lifenavi.com/ph/properties/las-pinas/for-sale/house-and-lot/for-sale-3-storey-house-and-lot-in-portofino-heights-ad-197-ln495956,"PHP 68,000,000","1750, Daang Hari Road, Las Piñas, Kalakhang Maynila",,525 m²,5+,3,Available from 16 Sep,,11 Nov 09:11,Housing I.,"['PHP 68,000,000', '1750, Daang Hari Road, Las Piñas, Kalakhang Maynila', 'Bedrooms:', '5+', 'Area:', '525 m²', 'Bathrooms:', '3', 'Available from:', '16 Sep']"
"Condo For Sale in H.V. Dela Costa, Makati City",https://lifenavi.com/ph/properties/makati-city/for-sale/condo/fully-furnished-1br-unit-with-parking-for-sale-in-shang-salcedo-place-ad-196-ln787194,"PHP 16,500,000","H.V. Dela Costa, Makati City, Metro Manila",,53 m²,1,1,Available from 16 Sep,,11 Nov 09:11,Housing I.,"['PHP 16,500,000', 'H.V. Dela Costa, Makati City, Metro Manila', 'Bedrooms:', '1', 'Area:', '53 m²', 'Bathrooms:', '1', 'Available from:', '16 Sep']"
"Condo For Sale in Residential Drive, Makati City",https://lifenavi.com/ph/properties/makati-city/for-sale/condo/semi-furnished-3br-unit-with-parking-for-sale-in-rizal-tower-ad-195-ln332939,"PHP 166,500,000","Residential Drive, Makati City, Metro Manila",,336 m²,4,4,Available from 17 Sep,,11 Nov 09:11,Housing I.,"['PHP 166,500,000', 'Residential Drive, Makati City, Metro Manila', 'Bedrooms:', '4', 'Area:', '336 m²', 'Bathrooms:', '4', 'Available from:', '17 Sep']"
"Condo For Rent in Estrella, Makati City",https://lifenavi.com/ph/properties/makati-city/for-rent/condo/semi-furnished-3br-unit-with-parking-for-lease-in-proscenium-at-rockwell-ad-194-ln543400,"PHP 230,000/ month","Estrella, Makati City, Metro Manila",,224 m²,3,3,Available from 3 Jan,,11 Nov 09:11,Housing I.,"['PHP 230,000/ month', '/ month', 'Estrella, Makati City, Metro Manila', 'Bedrooms:', '3', 'Area:', '224 m²', 'Bathrooms:', '3', 'Available from:', '3 Jan']"
"House and Lot For Sale in Cainta, Calabarzon",https://lifenavi.com/ph/properties/cainta/for-sale/house-and-lot/houselot-for-sale-in-eastville-filinvest-east-cainta-rizal-ad-193-ln361780,"PHP 20,535,000","Cainta, Calabarzon, 1900",,402 m²,3,2,Available from 18 Sep,,11 Nov 09:11,Housing I.,"['PHP 20,535,000', 'Cainta, Calabarzon, 1900', 'Bedrooms:', '3', 'Area:', '402 m²', 'Bathrooms:', '2', 'Available from:', '18 Sep']"
"House and Lot For Sale in Antipolo, Calabarzon",https://lifenavi.com/ph/properties/antipolo/for-sale/house-and-lot/houselot-for-sale-in-filinvest-homes-east-marcos-highway-antipolo-rizal-ad-192-ln410195,"PHP 32,967,000","Antipolo, Calabarzon, 1870",,180 m²,3,2,Available from 18 Sep,,11 Nov 09:11,Housing I.,"['PHP 32,967,000', 'Antipolo, Calabarzon, 1870', 'Bedrooms:', '3', 'Area:', '180 m²', 'Bathrooms:', '2', 'Available from:', '18 Sep']"
"House and Lot For Sale in 135, Aquarius, Marikina",https://lifenavi.com/ph/properties/marikina/for-sale/house-and-lot/houselot-for-sale-in-cinco-hermanos-subdivision-industrial-valley-marikina-ad-191-ln236990,"PHP 45,510,000","135, Aquarius, Marikina, Metro Manila, 1802",,429 m²,3,2,Available from 18 Sep,,11 Nov 09:11,Housing I.,"['PHP 45,510,000', '135, Aquarius, Marikina, Metro Manila, 1802', 'Bedrooms:', '3', 'Area:', '429 m²', 'Bathrooms:', '2', 'Available from:', '18 Sep']"
"House and Lot For Sale in Antipolo, Calabarzon",https://lifenavi.com/ph/properties/antipolo/for-sale/house-and-lot/houselot-for-sale-in-antipolo-city-rizal-ad-190-ln832383,"PHP 18,870,000","Antipolo, Calabarzon, 1870",,420 m²,5+,3,Available from 18 Sep,,11 Nov 09:11,Housing I.,"['PHP 18,870,000', 'Antipolo, Calabarzon, 1870', 'Bedrooms:', '5+', 'Area:', '420 m²', 'Bathrooms:', '3', 'Available from:', '18 Sep']"
"House and Lot For Sale in Sumulong Highway, Antipolo",https://lifenavi.com/ph/properties/antipolo/for-sale/house-and-lot/houselot-for-sale-in-subdivision-sumulong-highway-antipolo-city-ad-189-ln792408,"PHP 15,873,000","Sumulong Highway, Antipolo, Calabarzon, 1870",,450 m²,3,2,Available from 18 Sep,,11 Nov 09:10,Housing I.,"['PHP 15,873,000', 'Sumulong Highway, Antipolo, Calabarzon, 1870', 'Bedrooms:', '3', 'Area:', '450 m²', 'Bathrooms:', '2', 'Available from:', '18 Sep']"
"House and Lot For Sale in Antipolo, Calabarzon",https://lifenavi.com/ph/properties/antipolo/for-sale/house-and-lot/houselot-for-sale-in-vermont-royale-executive-village-along-marcos-highway-brgy-mayamot-ad-188-ln504904,"PHP 15,429,000","Antipolo, Calabarzon, 1870",,210 m²,3,3,Available from 18 Sep,,11 Nov 09:10,Housing I.,"['PHP 15,429,000', 'Antipolo, Calabarzon, 1870', 'Bedrooms:', '3', 'Area:', '210 m²', 'Bathrooms:', '3', 'Available from:', '18 Sep']"
"House and Lot For Sale in Antipolo, Calabarzon",https://lifenavi.com/ph/properties/antipolo/for-sale/house-and-lot/houselot-for-sale-in-filinvest-east-along-marcos-highway-cainta-rizal-ad-187-ln765165,"PHP 25,308,000","Antipolo, Calabarzon, 1870",,280 m²,5+,4,Available from 18 Sep,,11 Nov 09:10,Housing I.,"['PHP 25,308,000', 'Antipolo, Calabarzon, 1870', 'Bedrooms:', '5+', 'Area:', '280 m²', 'Bathrooms:', '4', 'Available from:', '18 Sep']"
"House and Lot For Sale in Manuel L. Quezon Extension, Antipolo",https://lifenavi.com/ph/properties/antipolo/for-sale/house-and-lot/houselot-for-sale-all-homes-antipolo-doctor-ad-186-ln506271,"PHP 13,320,000","Manuel L. Quezon Extension, Antipolo, Calabarzon, 1870",,200 m²,4,2,Available from 18 Sep,,11 Nov 09:10,Housing I.,"['PHP 13,320,000', 'Manuel L. Quezon Extension, Antipolo, Calabarzon, 1870', 'Bedrooms:', '4', 'Area:', '200 m²', 'Bathrooms:', '2', 'Available from:', '18 Sep']"
"House and Lot For Sale in 245, P. Tuazon Boulevard, Quezon City",https://lifenavi.com/ph/properties/quezon-city/for-sale/house-and-lot/3-storey-townhouse-for-sale-in-quezon-city-ad-185-ln806379,"PHP 14,495,000","245, P. Tuazon Boulevard, Cubao, Quezon City, Metro Manila, 1109",,150 m²,3,2,Available from 18 Sep,,11 Nov 09:10,Housing I.,"['PHP 14,495,000', '245, P. Tuazon Boulevard, Cubao, Quezon City, Metro Manila, 1109', 'Bedrooms:', '3', 'Area:', '150 m²', 'Bathrooms:', '2', 'Available from:', '18 Sep']"
"House and Lot For Sale in Marikina-Infanta Highway, Antipolo",https://lifenavi.com/ph/properties/antipolo/for-sale/house-and-lot/houselot-for-sale-in-marcos-highway-lower-antipolo-ad-184-ln570067,"PHP 23,310,000","Marikina-Infanta Highway, Antipolo, Calabarzon, 1870",,280 m²,5+,5,Available from 19 Sep,,11 Nov 09:10,Housing I.,"['PHP 23,310,000', 'Marikina-Infanta Highway, Antipolo, Calabarzon, 1870', 'Bedrooms:', '5+', 'Area:', '280 m²', 'Bathrooms:', '5', 'Available from:', '19 Sep']"
"House and Lot For Sale in Antipolo, Calabarzon",https://lifenavi.com/ph/properties/antipolo/for-sale/house-and-lot/houselot-for-sale-in-west-end-sun-valley-estates-antipolo-city-ad-183-ln478501,"PHP 33,300,000","Antipolo, Calabarzon, 1870",,222 m²,3,3,Available from 19 Sep,,11 Nov 09:10,Housing I.,"['PHP 33,300,000', 'Antipolo, Calabarzon, 1870', 'Bedrooms:', '3', 'Area:', '222 m²', 'Bathrooms:', '3', 'Available from:', '19 Sep']"
"House and Lot For Sale in Sun Valley East Drive, Antipolo",https://lifenavi.com/ph/properties/antipolo/for-sale/house-and-lot/houselot-for-sale-in-sun-valley-estate-antipolo-ad-182-ln685506,"PHP 61,050,000","Sun Valley East Drive, Antipolo, Calabarzon, 1870",,535 m²,2,2,Available from 19 Sep,,11 Nov 09:10,Housing I.,"['PHP 61,050,000', 'Sun Valley East Drive, Antipolo, Calabarzon, 1870', 'Bedrooms:', '2', 'Area:', '535 m²', 'Bathrooms:', '2', 'Available from:', '19 Sep']"
"House and Lot For Sale in Manuel L. Quezon Extension, Angono",https://lifenavi.com/ph/properties/angono/for-sale/house-and-lot/brandnew-house-and-lot-for-sale-in-villa-verde-east-angono-rizal-ad-181-ln697073,"PHP 13,875,000","Manuel L. Quezon Extension, Angono, Calabarzon, 1930",,199 m²,4,3,Available from 19 Sep,,11 Nov 09:10,Housing I.,"['PHP 13,875,000', 'Manuel L. Quezon Extension, Angono, Calabarzon, 1930', 'Bedrooms:', '4', 'Area:', '199 m²', 'Bathrooms:', '3', 'Available from:', '19 Sep']"
"Condo For Rent in 1631, 26th Street, Makati City",https://lifenavi.com/ph/properties/makati-city/for-rent/condo/amazing-2br-condo-unit-for-rent-at-the-infinity-tower-bgc-ad-180-ln272719,"PHP 75,000/ month","1631, 26th Street, Makati City, Metro Manila",,86 m²,2,1,Available from 3 Jan,,11 Nov 09:10,Housing I.,"['PHP 75,000/ month', '/ month', '1631, 26th Street, Makati City, Metro Manila', 'Bedrooms:', '2', 'Area:', '86 m²', 'Bathrooms:', '1', 'Available from:', '3 Jan']"
"Condo For Rent in cor, 25th Street, Taguig",https://lifenavi.com/ph/properties/taguig/for-rent/condo/stylish-2-bedroom-condo-unit-for-rent-at-one-mckinley-place-bgc-ad-179-ln807491,"PHP 120,000/ month","cor, 25th Street, Taguig, Metro Manila",,119 m²,2,3,Available from 1 Mar,,11 Nov 09:10,Housing I.,"['PHP 120,000/ month', '/ month', 'cor, 25th Street, Taguig, Metro Manila', 'Bedrooms:', '2', 'Area:', '119 m²', 'Bathrooms:', '3', 'Available from:', '1 Mar']"
"Condo For Sale in Makati City, Metro Manila",https://lifenavi.com/ph/properties/makati-city/for-sale/condo/a-1-bedroom-condo-unit-for-sale-at-the-linear-makati-city-ad-178-ln828775,"PHP 6,200,000","Makati City, Metro Manila",,34 m²,1,1,Available from 22 Sep,,11 Nov 09:10,Housing I.,"['PHP 6,200,000', 'Makati City, Metro Manila', 'Bedrooms:', '1', 'Area:', '34 m²', 'Bathrooms:', '1', 'Available from:', '22 Sep']"
"Condo For Rent in Apartment Ridge Road, Makati City",https://lifenavi.com/ph/properties/makati-city/for-rent/condo/for-rent-sale-3br-in-discovery-primea-ad-177-ln706109,"PHP 400,000/ month","Apartment Ridge Road, Makati City, Metro Manila",,409 m²,3,3,Available from 22 Sep,,11 Nov 09:10,Housing I.,"['PHP 400,000/ month', '/ month', 'Apartment Ridge Road, Makati City, Metro Manila', 'Bedrooms:', '3', 'Area:', '409 m²', 'Bathrooms:', '3', 'Available from:', '22 Sep']"
"Condo For Sale in Quezon City, Metro Manila",https://lifenavi.com/ph/properties/quezon-city/for-sale/condo/unit-for-sale-in-avida-tower-new-manila-ad-176-ln599013,"PHP 3,000,000","Quezon City, Metro Manila",,21 m²,Studio,1,Available from 22 Sep,,11 Nov 09:10,Housing I.,"['PHP 3,000,000', 'Quezon City, Metro Manila', 'Bedrooms:', 'Studio', 'Area:', '21 m²', 'Bathrooms:', '1', 'Available from:', '22 Sep']"
"Condo For Rent in 18-B, H.V. Dela Costa, Makati City",https://lifenavi.com/ph/properties/makati-city/for-rent/condo/fully-furnished-1br-unit-for-rent-in-alpha-salcedo-ad-175-ln476518,"PHP 35,000/ month","18-B, H.V. Dela Costa, Salcedo Village, Makati City, Metro Manila, 1227",,60 m²,1,1,Available from 22 Sep,,11 Nov 09:10,Housing I.,"['PHP 35,000/ month', '/ month', '18-B, H.V. Dela Costa, Salcedo Village, Makati City, Metro Manila, 1227', 'Bedrooms:', '1', 'Area:', '60 m²', 'Bathrooms:', '1', 'Available from:', '22 Sep']"
"Condo For Rent in 114, Valero Access Road 4, Makati City",https://lifenavi.com/ph/properties/makati-city/for-rent/condo/fully-furnished-studio-unit-for-sale-in-three-central-ad-174-ln815616,"PHP 32,000/ month","114, Valero Access Road 4, Makati City, Metro Manila",,41.1 m²,Studio,1,Available from 22 Sep,,11 Nov 09:10,Housing I.,"['PHP 32,000/ month', '/ month', '114, Valero Access Road 4, Makati City, Metro Manila', 'Bedrooms:', 'Studio', 'Area:', '41.1 m²', 'Bathrooms:', '1', 'Available from:', '22 Sep']"
"Condo For Rent in 105, Tordesillas, Makati City",https://lifenavi.com/ph/properties/makati-city/for-rent/condo/classic-2-bedroom-unit-for-salerent-in-two-lafayette-square-ad-173-ln199838,"PHP 65,000/ month","105, Tordesillas, Makati City, Kalakhang Maynila, 1227",,106 m²,2,2,Available from 22 Sep,,11 Nov 09:10,Housing I.,"['PHP 65,000/ month', '/ month', '105, Tordesillas, Makati City, Kalakhang Maynila, 1227', 'Bedrooms:', '2', 'Area:', '106 m²', 'Bathrooms:', '2', 'Available from:', '22 Sep']"
"Condo For Rent in 101, Epifanio de los Santos Avenue, Quezon City",https://lifenavi.com/ph/properties/quezon-city/for-rent/condo/studio-unit-for-rent-at-the-avida-towers-vertis-north-ad-172-ln444147,"PHP 23,000/ month","101, Epifanio de los Santos Avenue, Diliman, Quezon City, Metro Manila, 1104",,21.19 m²,Studio,1,Available from 22 Sep,,11 Nov 09:10,Housing I.,"['PHP 23,000/ month', '/ month', '101, Epifanio de los Santos Avenue, Diliman, Quezon City, Metro Manila, 1104', 'Bedrooms:', 'Studio', 'Area:', '21.19 m²', 'Bathrooms:', '1', 'Available from:', '22 Sep']"
"Condo For Rent in 121, H.V. Dela Costa, Makati City",https://lifenavi.com/ph/properties/makati-city/for-rent/condo/minimalist-3-br-condo-unit-for-rent-at-salcedo-park-condo-makati-ad-171-ln475693,"PHP 90,000/ month","121, H.V. Dela Costa, Makati City, Metro Manila, 1200",,180 m²,3,3,Available from 25 Mar,,11 Nov 09:10,Housing I.,"['PHP 90,000/ month', '/ month', '121, H.V. Dela Costa, Makati City, Metro Manila, 1200', 'Bedrooms:', '3', 'Area:', '180 m²', 'Bathrooms:', '3', 'Available from:', '25 Mar']"
"Condo For Rent in Jackson Avenue, Parañaque",https://lifenavi.com/ph/properties/paranaque/for-rent/condo/for-rent-1br-unit-in-oak-harbor-residences-ad-170-ln202716,"PHP 70,000/ month","Jackson Avenue, Parañaque, Metro Manila",,72 m²,1,1,Available from 22 Sep,,11 Nov 09:09,Housing I.,"['PHP 70,000/ month', '/ month', 'Jackson Avenue, Parañaque, Metro Manila', 'Bedrooms:', '1', 'Area:', '72 m²', 'Bathrooms:', '1', 'Available from:', '22 Sep']"
"House and Lot For Rent in Makati Avenue, Makati City",https://lifenavi.com/ph/properties/makati-city/for-rent/house-and-lot/renovated-split-level-home-for-lease-in-san-lorenzo-village-ad-169-ln410827,"PHP 150,000/ month","Makati Avenue, Makati City, Metro Manila",,301 m²,3,3,Available from 1 Jun,,11 Nov 09:09,Housing I.,"['PHP 150,000/ month', '/ month', 'Makati Avenue, Makati City, Metro Manila', 'Bedrooms:', '3', 'Area:', '301 m²', 'Bathrooms:', '3', 'Available from:', '1 Jun']"
"Land only For Sale in Blk 95 lot 43, Manhattan Road, General Trias",https://lifenavi.com/ph/properties/general-trias/for-sale/land-only/lot-for-sale-in-metropolis-greens-cavite-ad-168-ln724314,"PHP 1,650,000","Blk 95 lot 43, Manhattan Road, General Trias, Calabarzon",,153 m²,Studio,1,Available from 23 Sep,,11 Nov 09:09,Housing I.,"['PHP 1,650,000', 'Blk 95 lot 43, Manhattan Road, General Trias, Calabarzon', 'Bedrooms:', 'Studio', 'Area:', '153 m²', 'Bathrooms:', '1', 'Available from:', '23 Sep']"
"Condo For Rent in 98, Perea, Makati City",https://lifenavi.com/ph/properties/makati-city/for-rent/condo/for-lease-2br-in-the-shang-grand-tower-ad-167-ln405661,"PHP 135,000/ month","98, Perea, Makati City, Metro Manila",,130 m²,2,2,Available from 19 Mar,,11 Nov 09:09,Housing I.,"['PHP 135,000/ month', '/ month', '98, Perea, Makati City, Metro Manila', 'Bedrooms:', '2', 'Area:', '130 m²', 'Bathrooms:', '2', 'Available from:', '19 Mar']"
"House and Lot For Sale in 73, President's Avenue, Parañaque",https://lifenavi.com/ph/properties/paranaque/for-sale/house-and-lot/town-house-for-sale-in-unit-3-carfel-townhouses-anastacio-st-teoville-3-paranaque-city-ad-166-ln404191,"PHP 8,900,000","73, President's Avenue, Parañaque, Metro Manila, 1720",,90 m²,3,2,Available from 18 Feb,,11 Nov 09:09,Housing I.,"['PHP 8,900,000', ""73, President's Avenue, Parañaque, Metro Manila, 1720"", 'Bedrooms:', '3', 'Area:', '90 m²', 'Bathrooms:', '2', 'Available from:', '18 Feb']"
"House and Lot For Sale in Antipolo, Calabarzon",https://lifenavi.com/ph/properties/antipolo/for-sale/house-and-lot/house-for-sale-in-vermont-royale-executive-village-antipolo-city-ad-165-ln718264,"PHP 15,429,000","Antipolo, Calabarzon, 1870",,210 m²,3,3,Available from 24 Sep,,11 Nov 09:09,Housing I.,"['PHP 15,429,000', 'Antipolo, Calabarzon, 1870', 'Bedrooms:', '3', 'Area:', '210 m²', 'Bathrooms:', '3', 'Available from:', '24 Sep']"
"House and Lot For Sale in 2651, Concord Avenue, Cainta",https://lifenavi.com/ph/properties/cainta/for-sale/house-and-lot/house-and-lot-for-sale-in-brookside-hills-cainta-rizal-ad-164-ln761069,"PHP 10,545,000","2651, Concord Avenue, Cainta, Calabarzon, 1900",,247 m²,4,3,Available from 22 Jan,,11 Nov 09:09,Housing I.,"['PHP 10,545,000', '2651, Concord Avenue, Cainta, Calabarzon, 1900', 'Bedrooms:', '4', 'Area:', '247 m²', 'Bathrooms:', '3', 'Available from:', '22 Jan']"
"House and Lot For Sale in 27, Jose Leido, Parañaque",https://lifenavi.com/ph/properties/paranaque/for-sale/house-and-lot/houselot-for-sale-in-bf-homes-bayanihan-paranaque-city-ad-163-ln282883,"PHP 46,620,000","27, Jose Leido, Parañaque, Metro Manila, 1718",,408 m²,4,4,Available from 24 Sep,,11 Nov 09:09,Housing I.,"['PHP 46,620,000', '27, Jose Leido, Parañaque, Metro Manila, 1718', 'Bedrooms:', '4', 'Area:', '408 m²', 'Bathrooms:', '4', 'Available from:', '24 Sep']"
"Condo For Sale in 2, McKinley Parkway, Makati City",https://lifenavi.com/ph/properties/makati-city/for-sale/condo/semi-furnished-2br-unit-with-parking-for-sale-in-arya-residences-ad-162-ln403849,"PHP 40,000,000","2, McKinley Parkway, Makati City, Metro Manila, 1634",,127 m²,2,2,Available from 24 Sep,,11 Nov 09:09,Housing I.,"['PHP 40,000,000', '2, McKinley Parkway, Makati City, Metro Manila, 1634', 'Bedrooms:', '2', 'Area:', '127 m²', 'Bathrooms:', '2', 'Available from:', '24 Sep']"
"Condo For Sale in 1634, 11th Avenue, Taguig",https://lifenavi.com/ph/properties/taguig/for-sale/condo/fully-furnished-2br-unit-with-parking-for-sale-in-one-serendra-east-tower-ad-161-ln370076,"PHP 47,000,000","1634, 11th Avenue, Taguig, Metro Manila",,135 m²,2,2,Available from 24 Sep,,11 Nov 09:09,Housing I.,"['PHP 47,000,000', '1634, 11th Avenue, Taguig, Metro Manila', 'Bedrooms:', '2', 'Area:', '135 m²', 'Bathrooms:', '2', 'Available from:', '24 Sep']"
"House and Lot For Sale in Gen.Malvar, Pasig",https://lifenavi.com/ph/properties/pasig/for-sale/house-and-lot/house-and-lot-for-sale-in-barangay-kapitolyo-pasig-city-metro-manila-ad-160-ln456228,"PHP 50,000,000","Gen.Malvar, Ortigas Center, Pasig, Metro Manila",,166.84 m²,5+,6+,Available from 24 Sep,,11 Nov 09:09,Housing I.,"['PHP 50,000,000', 'Gen.Malvar, Ortigas Center, Pasig, Metro Manila', 'Bedrooms:', '5+', 'Area:', '166.84 m²', 'Bathrooms:', '6+', 'Available from:', '24 Sep']"
"Condo For Sale in cor, McKinley Parkway, Taguig",https://lifenavi.com/ph/properties/taguig/for-sale/condo/fully-furnished-1br-unit-with-parking-for-sale-in-trion-towers-ad-159-ln794847,"PHP 12,432,000","cor, McKinley Parkway, Taguig, Metro Manila",,54.92 m²,1,1,Available from 24 Sep,,11 Nov 09:09,Housing I.,"['PHP 12,432,000', 'cor, McKinley Parkway, Taguig, Metro Manila', 'Bedrooms:', '1', 'Area:', '54.92 m²', 'Bathrooms:', '1', 'Available from:', '24 Sep']"
"House and Lot For Sale in c6, Timberland Avenue, San Mateo",https://lifenavi.com/ph/properties/san-mateo/for-sale/house-and-lot/houselot-for-sale-in-san-mateo-rizal-ad-158-ln920926,"PHP 27,750,000","c6, Timberland Avenue, San Mateo, Calabarzon",,300 m²,3,2,Available from 24 Sep,,11 Nov 09:09,Housing I.,"['PHP 27,750,000', 'c6, Timberland Avenue, San Mateo, Calabarzon', 'Bedrooms:', '3', 'Area:', '300 m²', 'Bathrooms:', '2', 'Available from:', '24 Sep']"
"House and Lot For Sale in Antipolo, Calabarzon",https://lifenavi.com/ph/properties/antipolo/for-sale/house-and-lot/houselot-for-sale-in-filinvest-east-lower-antipolo-city-ad-157-ln900103,"PHP 22,755,000","Antipolo, Calabarzon, 1870",,200 m²,3,2,Available from 24 Sep,,11 Nov 09:09,Housing I.,"['PHP 22,755,000', 'Antipolo, Calabarzon, 1870', 'Bedrooms:', '3', 'Area:', '200 m²', 'Bathrooms:', '2', 'Available from:', '24 Sep']"
"House and Lot For Sale in Antipolo, Calabarzon",https://lifenavi.com/ph/properties/antipolo/for-sale/house-and-lot/houselot-for-sale-in-filinvest-homes-east-cainta-rizal-ad-156-ln430124,"PHP 14,208,000","Antipolo, Calabarzon, 1870",,158 m²,3,3,Available from 24 Sep,,11 Nov 09:09,Housing I.,"['PHP 14,208,000', 'Antipolo, Calabarzon, 1870', 'Bedrooms:', '3', 'Area:', '158 m²', 'Bathrooms:', '3', 'Available from:', '24 Sep']"
"House and Lot For Sale in 54B, Oregon, Antipolo",https://lifenavi.com/ph/properties/antipolo/for-sale/house-and-lot/houselot-for-sale-in-golden-meadows-executive-village-ad-155-ln347321,"PHP 20,535,000","54B, Oregon, Executive Village Mayamot, Antipolo, Calabarzon, 1870",,240 m²,5+,6+,Available from 24 Sep,,11 Nov 09:09,Housing I.,"['PHP 20,535,000', '54B, Oregon, Executive Village Mayamot, Antipolo, Calabarzon, 1870', 'Bedrooms:', '5+', 'Area:', '240 m²', 'Bathrooms:', '6+', 'Available from:', '24 Sep']"
"Condo For Sale in Taguig, Metro Manila",https://lifenavi.com/ph/properties/taguig/for-sale/condo/semi-furnished-3br-unit-for-sale-in-crescent-park-residences-ad-154-ln490297,"PHP 44,388,900","Taguig, Metro Manila",,136.04 m²,3,3,Available from 24 Sep,,11 Nov 09:09,Housing I.,"['PHP 44,388,900', 'Taguig, Metro Manila', 'Bedrooms:', '3', 'Area:', '136.04 m²', 'Bathrooms:', '3', 'Available from:', '24 Sep']"
"House and Lot For Sale in 40a, Session Road, Antipolo",https://lifenavi.com/ph/properties/antipolo/for-sale/house-and-lot/houselot-for-sale-in-pine-city-executive-subdivision-antipolo-city-ad-153-ln922089,"PHP 14,430,000","40a, Session Road, Antipolo, Calabarzon, 1870",,129 m²,3,4,Available from 24 Sep,,11 Nov 09:09,Housing I.,"['PHP 14,430,000', '40a, Session Road, Antipolo, Calabarzon, 1870', 'Bedrooms:', '3', 'Area:', '129 m²', 'Bathrooms:', '4', 'Available from:', '24 Sep']"
"Condo For Sale in Le Grand Avenue, Taguig",https://lifenavi.com/ph/properties/taguig/for-sale/condo/a-fancy-condominium-for-sale-in-taguig-city-ad-152-ln231903,"PHP 8,800,000","Le Grand Avenue, McKinley West, Taguig, Metro Manila",,35 m²,1,1,Available from 24 Sep,,11 Nov 09:09,Housing I.,"['PHP 8,800,000', 'Le Grand Avenue, McKinley West, Taguig, Metro Manila', 'Bedrooms:', '1', 'Area:', '35 m²', 'Bathrooms:', '1', 'Available from:', '24 Sep']"
"Land only For Sale in 777, Paseo de Roxas, Makati City",https://lifenavi.com/ph/properties/makati-city/for-sale/land-only/commercial-lot-for-sale-in-makati-city-ad-151-ln470772,"PHP 328,204,800","777, Paseo de Roxas, Makati City, Metro Manila",,1344 m²,Studio,1,Available from 25 Sep,,11 Nov 09:09,Housing I.,"['PHP 328,204,800', '777, Paseo de Roxas, Makati City, Metro Manila', 'Bedrooms:', 'Studio', 'Area:', '1344 m²', 'Bathrooms:', '1', 'Available from:', '25 Sep']"
"House and Lot For Sale in pascual zapanta st, Antipolo",https://lifenavi.com/ph/properties/antipolo/for-sale/house-and-lot/houselot-for-sale-in-antipolo-city-rizal-ad-150-ln915393,"PHP 20,646,000","pascual zapanta st, Antipolo, Calabarzon, 1870",,250 m²,5+,4,Available from 25 Sep,,11 Nov 09:09,Housing I.,"['PHP 20,646,000', 'pascual zapanta st, Antipolo, Calabarzon, 1870', 'Bedrooms:', '5+', 'Area:', '250 m²', 'Bathrooms:', '4', 'Available from:', '25 Sep']"
"House and Lot For Sale in Las Piñas, Metro Manila",https://lifenavi.com/ph/properties/las-pinas/for-sale/house-and-lot/modern-3-bedroom-townhouse-for-sale-in-jeanette-gardens-ad-149-ln917188,"PHP 8,658,000","Las Piñas, Metro Manila",,102 m²,3,2,Available from 25 Sep,,11 Nov 09:08,Housing I.,"['PHP 8,658,000', 'Las Piñas, Metro Manila', 'Bedrooms:', '3', 'Area:', '102 m²', 'Bathrooms:', '2', 'Available from:', '25 Sep']"
"Condo For Sale in Yakal, Makati City",https://lifenavi.com/ph/properties/makati-city/for-sale/condo/a-2br-condominium-for-sale-in-belton-place-makati-ad-148-ln536029,"PHP 6,500,000","Yakal, Makati City, Metro Manila",,46 m²,2,1,Available from 25 Sep,,11 Nov 09:08,Housing I.,"['PHP 6,500,000', 'Yakal, Makati City, Metro Manila', 'Bedrooms:', '2', 'Area:', '46 m²', 'Bathrooms:', '1', 'Available from:', '25 Sep']"
"Condo For Sale in 2210, Don Chino Roces Avenue, Makati City",https://lifenavi.com/ph/properties/makati-city/for-sale/condo/semi-furnished-3br-unit-for-sale-in-cityland-pasong-tamo-tower-ad-147-ln484194,"PHP 13,500,000","2210, Don Chino Roces Avenue, Makati City, Kalakhang Maynila",,117 m²,3,2,Available from 25 Sep,,11 Nov 09:08,Housing I.,"['PHP 13,500,000', '2210, Don Chino Roces Avenue, Makati City, Kalakhang Maynila', 'Bedrooms:', '3', 'Area:', '117 m²', 'Bathrooms:', '2', 'Available from:', '25 Sep']"
"Condo For Rent in Chino Roces Avenue, Makati City",https://lifenavi.com/ph/properties/makati-city/for-rent/condo/2br-unit-for-lease-in-san-lorenzo-place-makati-ad-146-ln846673,"PHP 35,000/ month","Chino Roces Avenue, Makati City, Metro Manila",,44 m²,2,2,Available from 15 Apr,,11 Nov 09:08,Housing I.,"['PHP 35,000/ month', '/ month', 'Chino Roces Avenue, Makati City, Metro Manila', 'Bedrooms:', '2', 'Area:', '44 m²', 'Bathrooms:', '2', 'Available from:', '15 Apr']"
"Condo For Sale in 709, Shaw BoulevaRoad, Mandaluyong City",https://lifenavi.com/ph/properties/mandaluyong-city/for-sale/condo/studio-for-sale-in-cityland-shaw-tower-ad-145-ln309277,"PHP 2,500,000","709, Shaw BoulevaRoad, Ortigas Center, Mandaluyong City, Metro Manila, 1554",,25.85 m²,Studio,1,Available from 25 Sep,,11 Nov 09:08,Housing I.,"['PHP 2,500,000', '709, Shaw BoulevaRoad, Ortigas Center, Mandaluyong City, Metro Manila, 1554', 'Bedrooms:', 'Studio', 'Area:', '25.85 m²', 'Bathrooms:', '1', 'Available from:', '25 Sep']"
"Condo For Rent in 112, Don Carlos Palanca, Makati City",https://lifenavi.com/ph/properties/makati-city/for-rent/condo/1br-unit-for-lease-in-the-greenbelt-parkplace-makati-ad-144-ln162961,"PHP 45,000/ month","112, Don Carlos Palanca, Legazpi Village, Makati City, Metro Manila",,36 m²,1,1,Available from 25 Sep,,11 Nov 09:08,Housing I.,"['PHP 45,000/ month', '/ month', '112, Don Carlos Palanca, Legazpi Village, Makati City, Metro Manila', 'Bedrooms:', '1', 'Area:', '36 m²', 'Bathrooms:', '1', 'Available from:', '25 Sep']"
"Condo For Rent in 1781, Corporate Avenue, Muntinlupa",https://lifenavi.com/ph/properties/muntinlupa/for-rent/condo/fully-furnished-1bedroom-unit-for-rent-at-entrata-soho-suite-by-filinvest-ad-143-ln106949,"PHP 50,000/ month","1781, Corporate Avenue, Muntinlupa, Metro Manila",,32 m²,1,1,Available from 25 Sep,,11 Nov 09:08,Housing I.,"['PHP 50,000/ month', '/ month', '1781, Corporate Avenue, Muntinlupa, Metro Manila', 'Bedrooms:', '1', 'Area:', '32 m²', 'Bathrooms:', '1', 'Available from:', '25 Sep']"
"Condo For Sale in 104, Rada, Makati City",https://lifenavi.com/ph/properties/makati-city/for-sale/condo/fully-furnished-2br-unit-with-balcony-and-parking-for-sale-in-frabella-i-ad-142-ln238101,"PHP 25,000,000","104, Rada, Legazpi Village, Makati City, Metro Manila, 1229",,151 m²,2,2,Available from 26 Sep,,11 Nov 09:08,Housing I.,"['PHP 25,000,000', '104, Rada, Legazpi Village, Makati City, Metro Manila, 1229', 'Bedrooms:', '2', 'Area:', '151 m²', 'Bathrooms:', '2', 'Available from:', '26 Sep']"
"Condo For Sale in 30th, 1st Avenue, Taguig",https://lifenavi.com/ph/properties/taguig/for-sale/condo/semi-furnished-2br-unit-for-sale-in-fort-palm-spring-ad-141-ln835032,"PHP 15,500,000","30th, 1st Avenue, Taguig, Metro Manila",,74 m²,2,2,Available from 26 Sep,,11 Nov 09:08,Housing I.,"['PHP 15,500,000', '30th, 1st Avenue, Taguig, Metro Manila', 'Bedrooms:', '2', 'Area:', '74 m²', 'Bathrooms:', '2', 'Available from:', '26 Sep']"
"Condo For Rent in Kalaw Avenue, Manila",https://lifenavi.com/ph/properties/manila/for-rent/condo/fully-furnished-1br-unit-for-lease-in-eton-baypark-manila-ad-140-ln648658,"PHP 30,000/ month","Kalaw Avenue, Ermita, Manila, Metro Manila, 1000",,50 m²,1,1,Available from 26 Sep,,11 Nov 09:08,Housing I.,"['PHP 30,000/ month', '/ month', 'Kalaw Avenue, Ermita, Manila, Metro Manila, 1000', 'Bedrooms:', '1', 'Area:', '50 m²', 'Bathrooms:', '1', 'Available from:', '26 Sep']"
"Condo For Rent in Pasay City, Metro Manila",https://lifenavi.com/ph/properties/pasay-city/for-rent/condo/fully-furnished-2br-unit-for-sale-in-six-senses-residences-ad-139-ln673298,"PHP 45,000/ month","Pasay City, Metro Manila",,50 m²,2,2,Available from 26 Sep,,11 Nov 09:08,Housing I.,"['PHP 45,000/ month', '/ month', 'Pasay City, Metro Manila', 'Bedrooms:', '2', 'Area:', '50 m²', 'Bathrooms:', '2', 'Available from:', '26 Sep']"
"Condo For Rent in 1330, J.W. Diokno Boulevard, Pasay City",https://lifenavi.com/ph/properties/pasay-city/for-rent/condo/fully-furnished-3br-unit-in-anchor-tower-bay-garden-for-rent-ad-138-ln177805,"PHP 65,000/ month","1330, J.W. Diokno Boulevard, Pasay City, Metro Manila",,140 m²,3,1,Available from 30 Jul,,11 Nov 09:08,Housing I.,"['PHP 65,000/ month', '/ month', '1330, J.W. Diokno Boulevard, Pasay City, Metro Manila', 'Bedrooms:', '3', 'Area:', '140 m²', 'Bathrooms:', '1', 'Available from:', '30 Jul']"
"Condo For Rent in 1330, J.W. Diokno Boulevard, Pasay City",https://lifenavi.com/ph/properties/pasay-city/for-rent/condo/fully-furnished-2br-unit-in-mactan-tower-bay-garden-or-rent-ad-137-ln880943,"PHP 40,000/ month","1330, J.W. Diokno Boulevard, Pasay City, Metro Manila",,65 m²,2,1,Available from 26 Sep,,11 Nov 09:08,Housing I.,"['PHP 40,000/ month', '/ month', '1330, J.W. Diokno Boulevard, Pasay City, Metro Manila', 'Bedrooms:', '2', 'Area:', '65 m²', 'Bathrooms:', '1', 'Available from:', '26 Sep']"
"Condo For Sale in 191, Salcedo, Makati City",https://lifenavi.com/ph/properties/makati-city/for-sale/condo/for-sale-2br-condo-unit-the-rise-makati-ad-136-ln331541,"PHP 14,500,000","191, Salcedo, Legazpi Village, Makati City, Kalakhang Maynila, 1229",,72.89 m²,2,2,Available from 26 Sep,,11 Nov 09:08,Housing I.,"['PHP 14,500,000', '191, Salcedo, Legazpi Village, Makati City, Kalakhang Maynila, 1229', 'Bedrooms:', '2', 'Area:', '72.89 m²', 'Bathrooms:', '2', 'Available from:', '26 Sep']"
"Condo For Rent in 705, Valero, Makati City",https://lifenavi.com/ph/properties/makati-city/for-rent/condo/for-lease-big-studio-unit-in-paseo-parkview-suites-ad-135-ln977004,"PHP 30,000/ month","705, Valero, Makati City, Metro Manila, 1227",,37 m²,Studio,1,Available from 29 Sep,,11 Nov 09:08,Housing I.,"['PHP 30,000/ month', '/ month', '705, Valero, Makati City, Metro Manila, 1227', 'Bedrooms:', 'Studio', 'Area:', '37 m²', 'Bathrooms:', '1', 'Available from:', '29 Sep']"
"Condo For Sale in 105, St.Jude, Pasig",https://lifenavi.com/ph/properties/pasig/for-sale/condo/for-sale-1br-the-travertine-at-portico-pasig-ad-134-ln898567,"PHP 10,000,000","105, St.Jude, Pasig, Metro Manila, 1605",,56 m²,1,1,Available from 29 Sep,,11 Nov 09:08,Housing I.,"['PHP 10,000,000', '105, St.Jude, Pasig, Metro Manila, 1605', 'Bedrooms:', '1', 'Area:', '56 m²', 'Bathrooms:', '1', 'Available from:', '29 Sep']"
"House and Lot For Rent in Upper McKinley Hill, Taguig",https://lifenavi.com/ph/properties/taguig/for-rent/house-and-lot/for-lease-brand-new-4br-mckinley-hill-village-ad-133-ln999618,"PHP 300,000/ month","Upper McKinley Hill, Taguig, Metro Manila",,440 m²,4,3,Available from 30 Sep,,11 Nov 09:08,Housing I.,"['PHP 300,000/ month', '/ month', 'Upper McKinley Hill, Taguig, Metro Manila', 'Bedrooms:', '4', 'Area:', '440 m²', 'Bathrooms:', '3', 'Available from:', '30 Sep']"
"Condo For Rent in Rockwell Drive, Makati City",https://lifenavi.com/ph/properties/makati-city/for-rent/condo/for-lease-2br-loft-type-one-rockwell-ad-132-ln152124,"PHP 110,000/ month","Rockwell Drive, Makati City, Metro Manila",,110 m²,2,1,Available from 30 Sep,,11 Nov 09:08,Housing I.,"['PHP 110,000/ month', '/ month', 'Rockwell Drive, Makati City, Metro Manila', 'Bedrooms:', '2', 'Area:', '110 m²', 'Bathrooms:', '1', 'Available from:', '30 Sep']"
"House and Lot For Rent in 98a, K-9th, Quezon City",https://lifenavi.com/ph/properties/quezon-city/for-rent/house-and-lot/townhouse-for-lease-in-quezon-city-ad-131-ln833198,"PHP 65,000/ month","98a, K-9th, Quezon City, Metro Manila",,200 m²,3,3,Available from 30 Sep,,11 Nov 09:08,Housing I.,"['PHP 65,000/ month', '/ month', '98a, K-9th, Quezon City, Metro Manila', 'Bedrooms:', '3', 'Area:', '200 m²', 'Bathrooms:', '3', 'Available from:', '30 Sep']"
"House and Lot For Sale in 4, Oxford St, Cubao, Quezon City",https://lifenavi.com/ph/properties/quezon-city/for-sale/house-and-lot/house-for-sale-in-cubao-quezon-city-ad-130-ln275376,"PHP 45,000,000","4, Oxford St, Cubao, E. Rodriguez Sr, Quezon City, Metro Manila, 1109",,158 m²,Studio,1,Available from 30 Sep,,11 Nov 09:08,Housing I.,"['PHP 45,000,000', '4, Oxford St, Cubao, E. Rodriguez Sr, Quezon City, Metro Manila, 1109', 'Bedrooms:', 'Studio', 'Area:', '158 m²', 'Bathrooms:', '1', 'Available from:', '30 Sep']"
"Condo For Sale in 5011, P Burgos Street, Makati City",https://lifenavi.com/ph/properties/makati-city/for-sale/condo/fully-furnished-1br-unit-for-sale-in-makati-palace-ad-129-ln391558,"PHP 6,500,000","5011, P Burgos Street, Makati City, Metro Manila, 1210",,70 m²,1,1,Available from 1 Oct,,11 Nov 09:08,Housing I.,"['PHP 6,500,000', '5011, P Burgos Street, Makati City, Metro Manila, 1210', 'Bedrooms:', '1', 'Area:', '70 m²', 'Bathrooms:', '1', 'Available from:', '1 Oct']"
"House and Lot For Rent in Silang, Calabarzon",https://lifenavi.com/ph/properties/silang/for-rent/house-and-lot/luxurious-3-storey-5-bedroom-house-with-balcony-for-rent-in-ayala-westgrove-ad-128-ln794719,"PHP 160,000/ month","Silang, Calabarzon",,450 m²,5+,5,Available from 1 Oct,,11 Nov 09:08,Housing I.,"['PHP 160,000/ month', '/ month', 'Silang, Calabarzon', 'Bedrooms:', '5+', 'Area:', '450 m²', 'Bathrooms:', '5', 'Available from:', '1 Oct']"
"Condo For Rent in 705, Valero, Makati City",https://lifenavi.com/ph/properties/makati-city/for-rent/condo/semi-furnished-2br-for-rent-in-paseo-parkview-ad-127-ln771303,"PHP 85,000/ month","705, Valero, Makati City, Metro Manila, 1227",,114 m²,2,2,Available from 1 Oct,,11 Nov 09:07,Housing I.,"['PHP 85,000/ month', '/ month', '705, Valero, Makati City, Metro Manila, 1227', 'Bedrooms:', '2', 'Area:', '114 m²', 'Bathrooms:', '2', 'Available from:', '1 Oct']"
"Condo For Sale in Upper McKinley Hill, Taguig",https://lifenavi.com/ph/properties/taguig/for-sale/condo/fully-furnished-2-bedroom-unit-with-parking-facing-amenities-for-sale-ad-126-ln904037,"PHP 22,000,000","Upper McKinley Hill, Taguig, Metro Manila, 1630",,105 m²,2,3,Available from 1 Oct,,11 Nov 09:07,Housing I.,"['PHP 22,000,000', 'Upper McKinley Hill, Taguig, Metro Manila, 1630', 'Bedrooms:', '2', 'Area:', '105 m²', 'Bathrooms:', '3', 'Available from:', '1 Oct']"
"Land only For Sale in Block 3 Rd, Santa Barbara",https://lifenavi.com/ph/properties/santa-barbara/for-sale/land-only/stonecrest-lot-for-sale-ad-125-ln687872,"PHP 18,930,000","Block 3 Rd, Santa Barbara, Western Visayas",,631 m²,Studio,1,Available from 2 Oct,,11 Nov 09:07,Housing I.,"['PHP 18,930,000', 'Block 3 Rd, Santa Barbara, Western Visayas', 'Bedrooms:', 'Studio', 'Area:', '631 m²', 'Bathrooms:', '1', 'Available from:', '2 Oct']"
"Condo For Rent in Acacia Avenue, Taguig",https://lifenavi.com/ph/properties/taguig/for-rent/condo/semi-furnished-unit-for-rent-in-rosewood-pointe-ad-124-ln494669,"PHP 22,000/ month","Acacia Avenue, Taguig, Metro Manila",,59 m²,2,2,Available from 2 Oct,,11 Nov 09:07,Housing I.,"['PHP 22,000/ month', '/ month', 'Acacia Avenue, Taguig, Metro Manila', 'Bedrooms:', '2', 'Area:', '59 m²', 'Bathrooms:', '2', 'Available from:', '2 Oct']"
"Condo For Rent in Bayani Road, Taguig",https://lifenavi.com/ph/properties/taguig/for-rent/condo/lovely-1br-condo-unit-for-rent-at-the-crescent-park-residences-bgc-ad-123-ln629610,"PHP 60,000/ month","Bayani Road, Taguig, Metro Manila, 1630",,55 m²,1,1,Available from 6 Nov,,11 Nov 09:07,Housing I.,"['PHP 60,000/ month', '/ month', 'Bayani Road, Taguig, Metro Manila, 1630', 'Bedrooms:', '1', 'Area:', '55 m²', 'Bathrooms:', '1', 'Available from:', '6 Nov']"
"Condo For Sale in 562, Shaw Boulevard, Mandaluyong City",https://lifenavi.com/ph/properties/mandaluyong-city/for-sale/condo/fully-furnished-2br-unit-for-sale-in-governors-place-ad-122-ln779398,"PHP 9,900,000","562, Shaw Boulevard, Mandaluyong City, Metro Manila",,84 m²,2,2,Available from 2 Oct,,11 Nov 09:07,Housing I.,"['PHP 9,900,000', '562, Shaw Boulevard, Mandaluyong City, Metro Manila', 'Bedrooms:', '2', 'Area:', '84 m²', 'Bathrooms:', '2', 'Available from:', '2 Oct']"
"House and Lot For Sale in Taytay, Calabarzon",https://lifenavi.com/ph/properties/taytay/for-sale/house-and-lot/houselot-for-sale-in-monteverde-royale-taytay-rizal-ad-121-ln679745,"PHP 12,210,000","Taytay, Calabarzon, 1920",,143 m²,4,3,Available from 2 Oct,,11 Nov 09:07,Housing I.,"['PHP 12,210,000', 'Taytay, Calabarzon, 1920', 'Bedrooms:', '4', 'Area:', '143 m²', 'Bathrooms:', '3', 'Available from:', '2 Oct']"
"Condo For Rent in 161, Legazpi Street, Makati City",https://lifenavi.com/ph/properties/makati-city/for-rent/condo/fully-furnished-2br-unit-with-balcony-and-parking-for-salerent-in-grand-midori-ad-120-ln558396,"PHP 60,000/ month","161, Legazpi Street, Legazpi Village, Makati City, Kalakhang Maynila, 1229",,64 m²,2,2,Available from 2 Oct,,11 Nov 09:07,Housing I.,"['PHP 60,000/ month', '/ month', '161, Legazpi Street, Legazpi Village, Makati City, Kalakhang Maynila, 1229', 'Bedrooms:', '2', 'Area:', '64 m²', 'Bathrooms:', '2', 'Available from:', '2 Oct']"
"Condo For Sale in Paseo de Roxas, Makati City",https://lifenavi.com/ph/properties/makati-city/for-sale/condo/fully-furnished-1br-unit-with-parking-for-sale-in-the-residences-at-greenbelt-ad-119-ln232033,"PHP 21,500,000","Paseo de Roxas, Makati City, Metro Manila",,70 m²,1,2,Available from 2 Oct,,11 Nov 09:07,Housing I.,"['PHP 21,500,000', 'Paseo de Roxas, Makati City, Metro Manila', 'Bedrooms:', '1', 'Area:', '70 m²', 'Bathrooms:', '2', 'Available from:', '2 Oct']"
"Condo For Rent in 121, H.V. Dela Costa, Makati City",https://lifenavi.com/ph/properties/makati-city/for-rent/condo/for-rent-3br-in-salcedo-park-ad-118-ln148051,"PHP 115,000/ month","121, H.V. Dela Costa, Makati City, Metro Manila, 1200",,180 m²,3,1,Available from 3 Oct,,11 Nov 09:07,Housing I.,"['PHP 115,000/ month', '/ month', '121, H.V. Dela Costa, Makati City, Metro Manila, 1200', 'Bedrooms:', '3', 'Area:', '180 m²', 'Bathrooms:', '1', 'Available from:', '3 Oct']"
"Condo For Rent in Hippodromo, Makati City",https://lifenavi.com/ph/properties/makati-city/for-rent/condo/scintillating-fully-furnished-2-bedroom-unit-for-sale-at-the-solstice-tower-2-ad-117-ln679425,"PHP 60,000/ month","Hippodromo, Makati City, Metro Manila",,80 m²,2,2,Available from 11 Mar,,11 Nov 09:07,Housing I.,"['PHP 60,000/ month', '/ month', 'Hippodromo, Makati City, Metro Manila', 'Bedrooms:', '2', 'Area:', '80 m²', 'Bathrooms:', '2', 'Available from:', '11 Mar']"
"Condo For Rent in 332, Sen. Gil J. Puyat Avenue, Makati City",https://lifenavi.com/ph/properties/makati-city/for-rent/condo/3br-condo-unit-for-lease-in-elizabeth-place-makati-ad-116-ln389551,"PHP 110,000/ month","332, Sen. Gil J. Puyat Avenue, Makati City, Metro Manila",,169 m²,3,3,Available from 6 Oct,,11 Nov 09:07,Housing I.,"['PHP 110,000/ month', '/ month', '332, Sen. Gil J. Puyat Avenue, Makati City, Metro Manila', 'Bedrooms:', '3', 'Area:', '169 m²', 'Bathrooms:', '3', 'Available from:', '6 Oct']"
"Land only For Sale in Calatagan, Calabarzon",https://lifenavi.com/ph/properties/calatagan/for-sale/land-only/lot-for-sale-in-playa-calatagan-village-ad-115-ln213421,"PHP 8,000,000","Calatagan, Calabarzon",,00 m²,Studio,1,Available from 6 Oct,,11 Nov 09:07,Housing I.,"['PHP 8,000,000', 'Calatagan, Calabarzon', 'Bedrooms:', 'Studio', 'Area:', '00 m²', 'Bathrooms:', '1', 'Available from:', '6 Oct']"
"Condo For Rent in Taguig, Metro Manila",https://lifenavi.com/ph/properties/taguig/for-rent/condo/for-rent-executive-2br-corner-unit-in-arya-residences-ad-114-ln858131,"PHP 160,000/ month","Taguig, Metro Manila",,140 m²,2,2,Available from 1 Feb,,11 Nov 09:07,Housing I.,"['PHP 160,000/ month', '/ month', 'Taguig, Metro Manila', 'Bedrooms:', '2', 'Area:', '140 m²', 'Bathrooms:', '2', 'Available from:', '1 Feb']"
"Condo For Rent in 336, Malaya, Mandaluyong City",https://lifenavi.com/ph/properties/mandaluyong-city/for-rent/condo/2br-unit-for-rent-in-city-land-8-buendia-mandaluyong-ad-113-ln834201,"PHP 26,000/ month","336, Malaya, Mandaluyong City, Metro Manila, 1550",,88 m²,2,1,Available from 6 Oct,,11 Nov 09:07,Housing I.,"['PHP 26,000/ month', '/ month', '336, Malaya, Mandaluyong City, Metro Manila, 1550', 'Bedrooms:', '2', 'Area:', '88 m²', 'Bathrooms:', '1', 'Available from:', '6 Oct']"
"Condo For Sale in 799 1103, Epifanio de los Santos Avenue, Quezon City",https://lifenavi.com/ph/properties/quezon-city/for-sale/condo/newly-renovated-studio-unit-for-sale-in-victoria-sports-tower-ad-112-ln608393,"PHP 2,900,000","799 1103, Epifanio de los Santos Avenue, Diliman, Quezon City, Metro Manila",,22.14 m²,Studio,1,Available from 6 Oct,,11 Nov 09:07,Housing I.,"['PHP 2,900,000', '799 1103, Epifanio de los Santos Avenue, Diliman, Quezon City, Metro Manila', 'Bedrooms:', 'Studio', 'Area:', '22.14 m²', 'Bathrooms:', '1', 'Available from:', '6 Oct']"
"Condo For Sale in Pasig, Metro Manila",https://lifenavi.com/ph/properties/pasig/for-sale/condo/bare-3br-suite-with-parking-for-sale-in-the-imperium-ad-111-ln497750,"PHP 52,000,000","Pasig, Metro Manila",,200 m²,3,3,Available from 6 Oct,,11 Nov 09:07,Housing I.,"['PHP 52,000,000', 'Pasig, Metro Manila', 'Bedrooms:', '3', 'Area:', '200 m²', 'Bathrooms:', '3', 'Available from:', '6 Oct']"
"House and Lot For Sale in 15, Sacramento Street, Talisay",https://lifenavi.com/ph/properties/talisay/for-sale/house-and-lot/3-storey-hosue-for-sale-in-vista-grande-subdivision-talisay-cebu-ad-110-ln622870,"PHP 20,000,000","15, Sacramento Street, Talisay, Central Visayas, 6045",,00 m²,5+,1,Available from 6 Oct,,11 Nov 09:07,Housing I.,"['PHP 20,000,000', '15, Sacramento Street, Talisay, Central Visayas, 6045', 'Bedrooms:', '5+', 'Area:', '00 m²', 'Bathrooms:', '1', 'Available from:', '6 Oct']"
"House and Lot For Sale in Las Piñas, Metro Manila",https://lifenavi.com/ph/properties/las-pinas/for-sale/house-and-lot/brandnew-house-and-lot-for-sale-in-bf-homes-paranaque-ad-109-ln533674,"PHP 40,000,000","Las Piñas, Metro Manila, 1747",,400 m²,5+,4,Available from 6 Oct,,11 Nov 09:07,Housing I.,"['PHP 40,000,000', 'Las Piñas, Metro Manila, 1747', 'Bedrooms:', '5+', 'Area:', '400 m²', 'Bathrooms:', '4', 'Available from:', '6 Oct']"
"House and Lot For Sale in Las Piñas, Metro Manila",https://lifenavi.com/ph/properties/las-pinas/for-sale/house-and-lot/2-storey-duplex-house-for-sale-in-bf-homes-las-pinas-ad-108-ln862619,"PHP 20,868,000","Las Piñas, Metro Manila, 1747",,200 m²,3,3,Available from 6 Oct,,11 Nov 09:07,Housing I.,"['PHP 20,868,000', 'Las Piñas, Metro Manila, 1747', 'Bedrooms:', '3', 'Area:', '200 m²', 'Bathrooms:', '3', 'Available from:', '6 Oct']"
"Condo For Rent in 2013, Chino Roces Avenue, Makati City",https://lifenavi.com/ph/properties/makati-city/for-rent/condo/fully-furnished-combined-1br-at-the-beacon-makati-ad-107-ln279913,"PHP 35,000/ month","2013, Chino Roces Avenue, Legazpi Village, Makati City, Metro Manila",,48.3 m²,1,2,Available from 1 Feb,,11 Nov 09:07,Housing I.,"['PHP 35,000/ month', '/ month', '2013, Chino Roces Avenue, Legazpi Village, Makati City, Metro Manila', 'Bedrooms:', '1', 'Area:', '48.3 m²', 'Bathrooms:', '2', 'Available from:', '1 Feb']"
"Land only For Sale in Las Piñas, Metro Manila",https://lifenavi.com/ph/properties/las-pinas/for-sale/land-only/505-sqm-lot-for-sale-in-ayala-southvale-sonera-muntinlupa-ad-106-ln503536,"PHP 73,225,000","Las Piñas, Metro Manila",,00 m²,Studio,1,Available from 6 Oct,,11 Nov 09:07,Housing I.,"['PHP 73,225,000', 'Las Piñas, Metro Manila', 'Bedrooms:', 'Studio', 'Area:', '00 m²', 'Bathrooms:', '1', 'Available from:', '6 Oct']"
"Condo For Sale in 160, Legazpi Street, Makati City",https://lifenavi.com/ph/properties/makati-city/for-sale/condo/fully-furnished-3br-unit-with-parking-for-sale-in-the-grand-midori-ad-105-ln284228,"PHP 66,000,000","160, Legazpi Street, Legazpi Village, Makati City, Metro Manila, 1229",,192 m²,3,3,Available from 6 Oct,,11 Nov 09:07,Housing I.,"['PHP 66,000,000', '160, Legazpi Street, Legazpi Village, Makati City, Metro Manila, 1229', 'Bedrooms:', '3', 'Area:', '192 m²', 'Bathrooms:', '3', 'Available from:', '6 Oct']"
"Condo For Sale in 7274b, Malugay, Makati City",https://lifenavi.com/ph/properties/makati-city/for-sale/condo/modern-fully-furnished-studio-unit-for-sale-in-linear-makati-ad-104-ln655321,"PHP 5,000,000","7274b, Malugay, Makati City, Kalakhang Maynila, 1203",,22 m²,Studio,1,Available from 6 Oct,,11 Nov 09:06,Housing I.,"['PHP 5,000,000', '7274b, Malugay, Makati City, Kalakhang Maynila, 1203', 'Bedrooms:', 'Studio', 'Area:', '22 m²', 'Bathrooms:', '1', 'Available from:', '6 Oct']"
"Condo For Rent in 30, Polaris, Makati City",https://lifenavi.com/ph/properties/makati-city/for-rent/condo/semi-furnished-2-bedroom-unit-for-rent-in-ferros-bel-air-tower-ad-103-ln605113,"PHP 27,500/ month","30, Polaris, Makati City, Metro Manila, 1210",,46 m²,2,1,Available from 6 Oct,,11 Nov 09:06,Housing I.,"['PHP 27,500/ month', '/ month', '30, Polaris, Makati City, Metro Manila, 1210', 'Bedrooms:', '2', 'Area:', '46 m²', 'Bathrooms:', '1', 'Available from:', '6 Oct']"
"Condo For Rent in 305, Katipunan Avenue, Quezon City",https://lifenavi.com/ph/properties/quezon-city/for-rent/condo/studio-type-for-rent-in-prince-david-condominium-ad-102-ln805630,"PHP 15,500/ month","305, Katipunan Avenue, Quezon City, Metro Manila, 1108",,31 m²,Studio,1,Available from 7 Oct,,11 Nov 09:06,Housing I.,"['PHP 15,500/ month', '/ month', '305, Katipunan Avenue, Quezon City, Metro Manila, 1108', 'Bedrooms:', 'Studio', 'Area:', '31 m²', 'Bathrooms:', '1', 'Available from:', '7 Oct']"
"House and Lot For Sale in Kaimito, Pasig",https://lifenavi.com/ph/properties/pasig/for-sale/house-and-lot/fully-renovated-house-for-sale-in-valle-verde-1-ad-101-ln559970,"PHP 150,000,000","Kaimito, Pasig, Metro Manila, 1604",,500 m²,3,3,Available from 7 Oct,,11 Nov 09:06,Housing I.,"['PHP 150,000,000', 'Kaimito, Pasig, Metro Manila, 1604', 'Bedrooms:', '3', 'Area:', '500 m²', 'Bathrooms:', '3', 'Available from:', '7 Oct']"
Land only For Sale in Laguna,https://lifenavi.com/ph/properties/laguna/for-sale/land-only/agricultural-land-for-sale-laguna-ad-100-ln578922,"PHP 40,000,000",,,N/A,N/A,N/A,Available from 7 Oct,,11 Nov 09:06,Housing I.,"['PHP 40,000,000', 'Laguna', 'Bedrooms:', 'N/A', 'Area:', 'N/A', 'Bathrooms:', 'N/A', 'Available from:', '7 Oct']"
"Condo For Rent in corner, 28th Street, Taguig",https://lifenavi.com/ph/properties/taguig/for-rent/condo/2br-unit-for-rent-in-east-gallery-place-ad-99-ln573899,"PHP 120,000/ month","corner, 28th Street, Taguig, Metro Manila",,108 m²,2,1,Available from 28 Jun,,11 Nov 09:06,Housing I.,"['PHP 120,000/ month', '/ month', 'corner, 28th Street, Taguig, Metro Manila', 'Bedrooms:', '2', 'Area:', '108 m²', 'Bathrooms:', '1', 'Available from:', '28 Jun']"
"Condo For Sale in 106, Aguirre, Makati City",https://lifenavi.com/ph/properties/makati-city/for-sale/condo/fully-furnished-studio-condo-unit-for-sale-at-the-greenbelt-radissons-ad-98-ln551834,"PHP 9,990,000","106, Aguirre, Legazpi Village, Makati City, Metro Manila, 1229",,41 m²,Studio,1,Available from 6 May,,11 Nov 09:06,Housing I.,"['PHP 9,990,000', '106, Aguirre, Legazpi Village, Makati City, Metro Manila, 1229', 'Bedrooms:', 'Studio', 'Area:', '41 m²', 'Bathrooms:', '1', 'Available from:', '6 May']"
"Condo For Rent in Makati City, Metro Manila",https://lifenavi.com/ph/properties/makati-city/for-rent/condo/for-salerent-2br-trump-tower-makati-ad-97-ln213630,"PHP 130,000/ month","Makati City, Metro Manila",,149.67 m²,2,1,Available from 14 Feb,,11 Nov 09:06,Housing I.,"['PHP 130,000/ month', '/ month', 'Makati City, Metro Manila', 'Bedrooms:', '2', 'Area:', '149.67 m²', 'Bathrooms:', '1', 'Available from:', '14 Feb']"
"Condo For Rent in Makati City, Metro Manila",https://lifenavi.com/ph/properties/makati-city/for-rent/condo/fully-furnished-1br-unit-in-trump-tower-for-sale-ad-96-ln997999,"PHP 85,000/ month","Makati City, Metro Manila",,80.08 m²,1,1,Available from 9 Jan,,11 Nov 09:06,Housing I.,"['PHP 85,000/ month', '/ month', 'Makati City, Metro Manila', 'Bedrooms:', '1', 'Area:', '80.08 m²', 'Bathrooms:', '1', 'Available from:', '9 Jan']"
"House and Lot For Sale in Tali Beach Drive, Nasugbu",https://lifenavi.com/ph/properties/nasugbu/for-sale/house-and-lot/2-storey-house-for-sale-tali-beach-nasugbu-batangas-ad-95-ln545627,"PHP 50,000,000","Tali Beach Drive, Nasugbu, Calabarzon",,1475 m²,4,1,Available from 8 Oct,,11 Nov 09:06,Housing I.,"['PHP 50,000,000', 'Tali Beach Drive, Nasugbu, Calabarzon', 'Bedrooms:', '4', 'Area:', '1475 m²', 'Bathrooms:', '1', 'Available from:', '8 Oct']"
"House and Lot For Rent in 22, San Felipe, Makati City",https://lifenavi.com/ph/properties/makati-city/for-rent/house-and-lot/2-storey-house-for-lease-in-margarita-magallanes-village-ad-94-ln767217,"PHP 300,000/ month","22, San Felipe, Makati City, Kalakhang Maynila, 1232",,450 m²,4,4,Available from 8 Oct,,11 Nov 09:06,Housing I.,"['PHP 300,000/ month', '/ month', '22, San Felipe, Makati City, Kalakhang Maynila, 1232', 'Bedrooms:', '4', 'Area:', '450 m²', 'Bathrooms:', '4', 'Available from:', '8 Oct']"
"House and Lot For Rent in 1222, Campanilla, Makati City",https://lifenavi.com/ph/properties/makati-city/for-rent/house-and-lot/3br-bungalow-house-for-lease-in-dasmarinas-village-ad-93-ln719234,"PHP 450,000/ month","1222, Campanilla, Makati City, Metro Manila",,560 m²,3,3,Available from 8 Oct,,11 Nov 09:06,Housing I.,"['PHP 450,000/ month', '/ month', '1222, Campanilla, Makati City, Metro Manila', 'Bedrooms:', '3', 'Area:', '560 m²', 'Bathrooms:', '3', 'Available from:', '8 Oct']"
"House and Lot For Sale in Calamba, Calabarzon",https://lifenavi.com/ph/properties/calamba/for-sale/house-and-lot/private-house-resort-for-sale-ad-92-ln295486,"PHP 16,000,000","Calamba, Calabarzon, 4027",,300 m²,5+,6+,Available from 9 Oct,,11 Nov 09:06,Housing I.,"['PHP 16,000,000', 'Calamba, Calabarzon, 4027', 'Bedrooms:', '5+', 'Area:', '300 m²', 'Bathrooms:', '6+', 'Available from:', '9 Oct']"
"Condo For Rent in Tordesillas, Makati City",https://lifenavi.com/ph/properties/makati-city/for-rent/condo/fully-furnished-3-bedroom-unit-for-rent-at-three-salcedo-place-makati-ad-91-ln519326,"PHP 110,000/ month","Tordesillas, Makati City, Metro Manila",,186 m²,3,3,Available from 9 Oct,,11 Nov 09:06,Housing I.,"['PHP 110,000/ month', '/ month', 'Tordesillas, Makati City, Metro Manila', 'Bedrooms:', '3', 'Area:', '186 m²', 'Bathrooms:', '3', 'Available from:', '9 Oct']"
"House and Lot For Sale in 66, Rosario Drive, Quezon City",https://lifenavi.com/ph/properties/quezon-city/for-sale/house-and-lot/a-3-storey-brand-new-house-for-sale-in-mowelfund-new-manila-ad-90-ln135750,"PHP 42,000,000","66, Rosario Drive, Quezon City, Metro Manila, 1111",,144.84 m²,3,2,Available from 9 Oct,,11 Nov 09:06,Housing I.,"['PHP 42,000,000', '66, Rosario Drive, Quezon City, Metro Manila, 1111', 'Bedrooms:', '3', 'Area:', '144.84 m²', 'Bathrooms:', '2', 'Available from:', '9 Oct']"
"House and Lot For Sale in Cainta, Calabarzon",https://lifenavi.com/ph/properties/cainta/for-sale/house-and-lot/house-lot-for-sale-filinvest-east-homes-ad-89-ln333152,"PHP 16,800,000","Cainta, Calabarzon, 1900",,221.23 m²,4,4,Available from 10 Oct,,11 Nov 09:06,Housing I.,"['PHP 16,800,000', 'Cainta, Calabarzon, 1900', 'Bedrooms:', '4', 'Area:', '221.23 m²', 'Bathrooms:', '4', 'Available from:', '10 Oct']"
"House and Lot For Sale in 23, Nathan, Quezon City",https://lifenavi.com/ph/properties/quezon-city/for-sale/house-and-lot/for-sale-4br-in-white-plains-quezon-city-ad-88-ln826992,"PHP 95,000,000","23, Nathan, Quezon City, Metro Manila, 1110",,300 m²,4,3,Available from 10 Oct,,11 Nov 09:06,Housing I.,"['PHP 95,000,000', '23, Nathan, Quezon City, Metro Manila, 1110', 'Bedrooms:', '4', 'Area:', '300 m²', 'Bathrooms:', '3', 'Available from:', '10 Oct']"
"Condo For Sale in Amorsolo Drive, Makati City",https://lifenavi.com/ph/properties/makati-city/for-sale/condo/1-bedroom-unit-for-sale-in-amorsolo-west-ad-87-ln469286,"PHP 24,000,000","Amorsolo Drive, Makati City, Metro Manila",,73 m²,1,2,Available from 10 Oct,,11 Nov 09:06,Housing I.,"['PHP 24,000,000', 'Amorsolo Drive, Makati City, Metro Manila', 'Bedrooms:', '1', 'Area:', '73 m²', 'Bathrooms:', '2', 'Available from:', '10 Oct']"
"Condo For Rent in Rockwell Drive, Makati City",https://lifenavi.com/ph/properties/makati-city/for-rent/condo/fully-furnished-1br-condo-unit-for-rent-at-the-one-rockwell-makati-ad-86-ln821834,"PHP 88,000/ month","Rockwell Drive, Makati City, Metro Manila",,70 m²,1,1,Available from 1 Mar,,11 Nov 09:06,Housing I.,"['PHP 88,000/ month', '/ month', 'Rockwell Drive, Makati City, Metro Manila', 'Bedrooms:', '1', 'Area:', '70 m²', 'Bathrooms:', '1', 'Available from:', '1 Mar']"
Land only For Sale in Manila,https://lifenavi.com/ph/properties/manila/for-sale/land-only/commercial-lot-for-sale-in-sta-mesa-magsaysay-blvd-vicente-cruz-st-sampaloc-manila-ad-85-ln272972,"PHP 65,000,000","Sta. Mesa, Manila",,N/A,N/A,N/A,Available from 10 Oct,,11 Nov 09:06,Housing I.,"['PHP 65,000,000', 'Sta. Mesa, Manila', 'Bedrooms:', 'N/A', 'Area:', 'N/A', 'Bathrooms:', 'N/A', 'Available from:', '10 Oct']"
"Condo For Rent in Taguig, Metro Manila",https://lifenavi.com/ph/properties/taguig/for-rent/condo/2-bedroom-for-lease-in-west-gallery-place-ad-84-ln945450,"PHP 120,000/ month","Taguig, Metro Manila, 1634",,94 m²,2,2,Available from 1 Apr,,11 Nov 09:06,Housing I.,"['PHP 120,000/ month', '/ month', 'Taguig, Metro Manila, 1634', 'Bedrooms:', '2', 'Area:', '94 m²', 'Bathrooms:', '2', 'Available from:', '1 Apr']"
"House and Lot For Sale in Multinational Avenue, Parañaque",https://lifenavi.com/ph/properties/paranaque/for-sale/house-and-lot/2-storey-house-for-sale-in-multinational-village-ad-83-ln214889,"PHP 30,000,000","Multinational Avenue, Parañaque, Metro Manila, 1709",,400 m²,3,1,Available from 13 Oct,,11 Nov 09:06,Housing I.,"['PHP 30,000,000', 'Multinational Avenue, Parañaque, Metro Manila, 1709', 'Bedrooms:', '3', 'Area:', '400 m²', 'Bathrooms:', '1', 'Available from:', '13 Oct']"
"House and Lot For Sale in Multinational Avenue, Parañaque",https://lifenavi.com/ph/properties/paranaque/for-sale/house-and-lot/modern-house-for-sale-in-multinational-village-ad-82-ln636628,"PHP 40,000,000","Multinational Avenue, Parañaque, Metro Manila, 1709",,400 m²,4,2,Available from 13 Oct,,11 Nov 09:06,Housing I.,"['PHP 40,000,000', 'Multinational Avenue, Parañaque, Metro Manila, 1709', 'Bedrooms:', '4', 'Area:', '400 m²', 'Bathrooms:', '2', 'Available from:', '13 Oct']"
"Condo For Rent in Quezon City, Metro Manila",https://lifenavi.com/ph/properties/quezon-city/for-rent/condo/fully-furnished-studio-bedroom-unit-for-lease-in-avida-towers-astrea-qc-ad-81-ln647091,"PHP 16,650/ month","Quezon City, Metro Manila",,22.8 m²,Studio,1,Available from 13 Oct,,11 Nov 09:06,Housing I.,"['PHP 16,650/ month', '/ month', 'Quezon City, Metro Manila', 'Bedrooms:', 'Studio', 'Area:', '22.8 m²', 'Bathrooms:', '1', 'Available from:', '13 Oct']"
"Condo For Rent in 705, Valero, Makati City",https://lifenavi.com/ph/properties/makati-city/for-rent/condo/nice-1br-condo-unit-for-rent-at-the-paseo-parkview-suites-makati-ad-80-ln424753,"PHP 60,000/ month","705, Valero, Makati City, Metro Manila, 1227",,75 m²,1,1,Available from 13 Oct,,11 Nov 09:05,Housing I.,"['PHP 60,000/ month', '/ month', '705, Valero, Makati City, Metro Manila, 1227', 'Bedrooms:', '1', 'Area:', '75 m²', 'Bathrooms:', '1', 'Available from:', '13 Oct']"
"Condo For Rent in 1634, 11th Avenue, Taguig",https://lifenavi.com/ph/properties/taguig/for-rent/condo/furnished-3br-unit-with-parking-for-lease-in-one-serendra-ad-79-ln478407,"PHP 230,000/ month","1634, 11th Avenue, Taguig, Metro Manila",,180 m²,3,3,Available from 1 Oct,,11 Nov 09:05,Housing I.,"['PHP 230,000/ month', '/ month', '1634, 11th Avenue, Taguig, Metro Manila', 'Bedrooms:', '3', 'Area:', '180 m²', 'Bathrooms:', '3', 'Available from:', '1 Oct']"
"Condo For Rent in H.V. Dela Costa, Makati City",https://lifenavi.com/ph/properties/makati-city/for-rent/condo/fully-furnished-2br-unit-with-parking-for-lease-in-the-shang-grand-tower-ad-78-ln944812,"PHP 160,000/ month","H.V. Dela Costa, Makati City, Metro Manila",,156 m²,2,2,Available from 13 Oct,,11 Nov 09:05,Housing I.,"['PHP 160,000/ month', '/ month', 'H.V. Dela Costa, Makati City, Metro Manila', 'Bedrooms:', '2', 'Area:', '156 m²', 'Bathrooms:', '2', 'Available from:', '13 Oct']"
"Condo For Rent in 705, Valero, Makati City",https://lifenavi.com/ph/properties/makati-city/for-rent/condo/1br-condo-unit-for-sale-at-the-paseo-parkview-suites-makati-ad-77-ln673994,"PHP 43,000/ month","705, Valero, Makati City, Metro Manila, 1227",,75 m²,1,1,Available from 14 Oct,,11 Nov 09:05,Housing I.,"['PHP 43,000/ month', '/ month', '705, Valero, Makati City, Metro Manila, 1227', 'Bedrooms:', '1', 'Area:', '75 m²', 'Bathrooms:', '1', 'Available from:', '14 Oct']"
"Condo For Rent in 117, Eulogio Rodriguez Jr. Avenue, Pasig",https://lifenavi.com/ph/properties/pasig/for-rent/condo/unfurnished-1-bedroom-for-rent-at-the-grove-by-rockwell-ad-76-ln331549,"PHP 40,000/ month","117, Eulogio Rodriguez Jr. Avenue, Pasig, Metro Manila, 1604",,43 m²,1,1,Available from 2 Mar,,11 Nov 09:05,Housing I.,"['PHP 40,000/ month', '/ month', '117, Eulogio Rodriguez Jr. Avenue, Pasig, Metro Manila, 1604', 'Bedrooms:', '1', 'Area:', '43 m²', 'Bathrooms:', '1', 'Available from:', '2 Mar']"
"Condo For Sale in 176, Salcedo, Makati City",https://lifenavi.com/ph/properties/makati-city/for-sale/condo/rush-sale-2br-in-greenbelt-madison-ad-75-ln736294,"PHP 13,000,000","176, Salcedo, Legazpi Village, Makati City, Metro Manila, 1229",,74 m²,2,2,Available from 14 Oct,,11 Nov 09:05,Housing I.,"['PHP 13,000,000', '176, Salcedo, Legazpi Village, Makati City, Metro Manila, 1229', 'Bedrooms:', '2', 'Area:', '74 m²', 'Bathrooms:', '2', 'Available from:', '14 Oct']"
"Condo For Rent in Rizal Drive, Taguig",https://lifenavi.com/ph/properties/taguig/for-rent/condo/fully-furnished-2br-unit-for-lease-in-forbeswood-parklane-bgc-ad-74-ln141010,"PHP 65,000/ month","Rizal Drive, Taguig, Metro Manila",,76 m²,2,2,Available from 14 Oct,,11 Nov 09:05,Housing I.,"['PHP 65,000/ month', '/ month', 'Rizal Drive, Taguig, Metro Manila', 'Bedrooms:', '2', 'Area:', '76 m²', 'Bathrooms:', '2', 'Available from:', '14 Oct']"
"Condo For Rent in Rizal Drive, Taguig",https://lifenavi.com/ph/properties/taguig/for-rent/condo/fully-furnished-2br-unit-for-lease-in-forbeswood-parklane-bgc-ad-74-ln141010,"PHP 65,000/ month","Rizal Drive, Taguig, Metro Manila",,76 m²,2,2,Available from 14 Oct,,11 Nov 09:05,Housing I.,"['PHP 65,000/ month', '/ month', 'Rizal Drive, Taguig, Metro Manila', 'Bedrooms:', '2', 'Area:', '76 m²', 'Bathrooms:', '2', 'Available from:', '14 Oct']"
"Condo For Sale in 1634, 5th Avenue, Taguig",https://lifenavi.com/ph/properties/taguig/for-sale/condo/fully-furnished-3br-unit-for-sale-at-fort-victoria-ad-73-ln799230,"PHP 7,500,000","1634, 5th Avenue, Taguig, Metro Manila",,45.33 m²,3,2,Available from 14 Oct,,11 Nov 09:05,Housing I.,"['PHP 7,500,000', '1634, 5th Avenue, Taguig, Metro Manila', 'Bedrooms:', '3', 'Area:', '45.33 m²', 'Bathrooms:', '2', 'Available from:', '14 Oct']"
"Condo For Rent in Makati City, Metro Manila",https://lifenavi.com/ph/properties/makati-city/for-rent/condo/fully-furnished-3br-unit-for-sale-at-central-park-west-ad-72-ln275951,"PHP 85,000/ month","Makati City, Metro Manila",,100 m²,3,3,Available from 14 Oct,,11 Nov 09:05,Housing I.,"['PHP 85,000/ month', '/ month', 'Makati City, Metro Manila', 'Bedrooms:', '3', 'Area:', '100 m²', 'Bathrooms:', '3', 'Available from:', '14 Oct']"
"Condo For Sale in 2208, Chino Roces Avenue, Makati City",https://lifenavi.com/ph/properties/makati-city/for-sale/condo/2br-unit-for-sale-in-avida-san-lorenzo-tower-2-ad-71-ln508161,"PHP 12,210,000","2208, Chino Roces Avenue, Makati City, Metro Manila",,52 m²,2,2,Available from 14 Oct,,11 Nov 09:05,Housing I.,"['PHP 12,210,000', '2208, Chino Roces Avenue, Makati City, Metro Manila', 'Bedrooms:', '2', 'Area:', '52 m²', 'Bathrooms:', '2', 'Available from:', '14 Oct']"
"Condo For Sale in 1634, McKinley Parkway, Taguig",https://lifenavi.com/ph/properties/taguig/for-sale/condo/1br-unit-for-sale-in-two-serendra-ad-70-ln900782,"PHP 17,205,000","1634, McKinley Parkway, Taguig, Metro Manila",,58 m²,1,1,Available from 14 Oct,,11 Nov 09:05,Housing I.,"['PHP 17,205,000', '1634, McKinley Parkway, Taguig, Metro Manila', 'Bedrooms:', '1', 'Area:', '58 m²', 'Bathrooms:', '1', 'Available from:', '14 Oct']"
"Condo For Rent in 146, H.V. Dela Costa, Makati City",https://lifenavi.com/ph/properties/makati-city/for-rent/condo/for-lease-3br-unit-splendido-gardens-ad-69-ln605738,"PHP 130,000/ month","146, H.V. Dela Costa, Makati City, Metro Manila, 1231",,322.18 m²,3,1,Available from 14 Oct,,11 Nov 09:05,Housing I.,"['PHP 130,000/ month', '/ month', '146, H.V. Dela Costa, Makati City, Metro Manila, 1231', 'Bedrooms:', '3', 'Area:', '322.18 m²', 'Bathrooms:', '1', 'Available from:', '14 Oct']"
"Condo For Rent in 191, Salcedo, Makati City",https://lifenavi.com/ph/properties/makati-city/for-rent/condo/for-lease-1br-unit-the-rise-ad-68-ln453745,"PHP 25,000/ month","191, Salcedo, Legazpi Village, Makati City, Kalakhang Maynila, 1229",,28 m²,1,1,Available from 24 Dec,,11 Nov 09:05,Housing I.,"['PHP 25,000/ month', '/ month', '191, Salcedo, Legazpi Village, Makati City, Kalakhang Maynila, 1229', 'Bedrooms:', '1', 'Area:', '28 m²', 'Bathrooms:', '1', 'Available from:', '24 Dec']"
"Condo For Rent in H.V. Dela Costa, Makati City",https://lifenavi.com/ph/properties/makati-city/for-rent/condo/for-lease-studio-shang-salcedo-place-ad-67-ln223347,"PHP 35,000/ month","H.V. Dela Costa, Makati City, Metro Manila",,32 m²,Studio,1,Available from 1 Feb,,11 Nov 09:05,Housing I.,"['PHP 35,000/ month', '/ month', 'H.V. Dela Costa, Makati City, Metro Manila', 'Bedrooms:', 'Studio', 'Area:', '32 m²', 'Bathrooms:', '1', 'Available from:', '1 Feb']"
"Condo For Rent in 427, Malugay, Makati City",https://lifenavi.com/ph/properties/makati-city/for-rent/condo/for-salerent-1br-corner-unit-the-lerato-ad-66-ln954875,"PHP 70,000/ month","427, Malugay, Makati City, Kalakhang Maynila",,57 m²,1,1,Available from 15 Oct,,11 Nov 09:05,Housing I.,"['PHP 70,000/ month', '/ month', '427, Malugay, Makati City, Kalakhang Maynila', 'Bedrooms:', '1', 'Area:', '57 m²', 'Bathrooms:', '1', 'Available from:', '15 Oct']"
"Condo For Sale in Rockwell Drive, Makati City",https://lifenavi.com/ph/properties/makati-city/for-sale/condo/studio-condo-for-sale-in-makati-ad-65-ln154523,"PHP 10,600,000","Rockwell Drive, Makati City, Metro Manila",,28 m²,Studio,1,Available from 15 Oct,,11 Nov 09:05,Housing I.,"['PHP 10,600,000', 'Rockwell Drive, Makati City, Metro Manila', 'Bedrooms:', 'Studio', 'Area:', '28 m²', 'Bathrooms:', '1', 'Available from:', '15 Oct']"
"Condo For Sale in Parañaque, Metro Manila",https://lifenavi.com/ph/properties/paranaque/for-sale/condo/two-bedroom-unit-for-sale-at-asteria-residences-ad-64-ln333220,"PHP 5,200,000","Parañaque, Metro Manila, 1700",,64.5 m²,2,1,Available from 15 Oct,,11 Nov 09:05,Housing I.,"['PHP 5,200,000', 'Parañaque, Metro Manila, 1700', 'Bedrooms:', '2', 'Area:', '64.5 m²', 'Bathrooms:', '1', 'Available from:', '15 Oct']"
"Condo For Rent in Chino Roces Avenue, Makati City",https://lifenavi.com/ph/properties/makati-city/for-rent/condo/1-bedroom-for-lease-san-lorenzo-place-ad-63-ln381629,"PHP 25,000/ month","Chino Roces Avenue, Makati City, Metro Manila",,26 m²,1,1,Available from 15 Oct,,11 Nov 09:05,Housing I.,"['PHP 25,000/ month', '/ month', 'Chino Roces Avenue, Makati City, Metro Manila', 'Bedrooms:', '1', 'Area:', '26 m²', 'Bathrooms:', '1', 'Available from:', '15 Oct']"
"Condo For Rent in Burgos Circle, Taguig",https://lifenavi.com/ph/properties/taguig/for-rent/condo/for-salerent-1br-bellagio-one-ad-62-ln299392,"PHP 70,000/ month","Burgos Circle, Taguig, Metro Manila",,62 m²,1,1,Available from 29 Oct,,11 Nov 09:05,Housing I.,"['PHP 70,000/ month', '/ month', 'Burgos Circle, Taguig, Metro Manila', 'Bedrooms:', '1', 'Area:', '62 m²', 'Bathrooms:', '1', 'Available from:', '29 Oct']"
"Condo For Rent in 117, Eulogio Rodriguez Jr. Avenue, Pasig",https://lifenavi.com/ph/properties/pasig/for-rent/condo/for-lease-3-bedroom-the-grove-by-rockwell-ad-61-ln558284,"PHP 85,000/ month","117, Eulogio Rodriguez Jr. Avenue, Pasig, Metro Manila",,88 m²,3,2,Available from 23 May,,11 Nov 09:05,Housing I.,"['PHP 85,000/ month', '/ month', '117, Eulogio Rodriguez Jr. Avenue, Pasig, Metro Manila', 'Bedrooms:', '3', 'Area:', '88 m²', 'Bathrooms:', '2', 'Available from:', '23 May']"
"Condo For Rent in 117, Eulogio Rodriguez Jr. Avenue, Pasig",https://lifenavi.com/ph/properties/pasig/for-rent/condo/two-bedrooms-z-loft-unit-for-rent-at-the-grove-by-rockwell-ad-60-ln116976,"PHP 95,000/ month","117, Eulogio Rodriguez Jr. Avenue, Pasig, Metro Manila, 1604",,139 m²,2,1,Available from 27 Feb,,11 Nov 09:04,Housing I.,"['PHP 95,000/ month', '/ month', '117, Eulogio Rodriguez Jr. Avenue, Pasig, Metro Manila, 1604', 'Bedrooms:', '2', 'Area:', '139 m²', 'Bathrooms:', '1', 'Available from:', '27 Feb']"
"Condo For Rent in Estrella, Makati City",https://lifenavi.com/ph/properties/makati-city/for-rent/condo/fully-furnished-2br-condo-unit-for-rent-at-the-lincoln-proscenium-makati-ad-59-ln352484,"PHP 140,000/ month","Estrella, Makati City, Metro Manila",,118 m²,2,3,Available from 1 Feb,,11 Nov 09:04,Housing I.,"['PHP 140,000/ month', '/ month', 'Estrella, Makati City, Metro Manila', 'Bedrooms:', '2', 'Area:', '118 m²', 'Bathrooms:', '3', 'Available from:', '1 Feb']"
"Condo For Sale in Doctor Arcadio Santos Avenue, Parañaque",https://lifenavi.com/ph/properties/paranaque/for-sale/condo/2-bedrooms-unit-for-sale-at-field-residences-ad-58-ln744020,"PHP 3,900,000","Doctor Arcadio Santos Avenue, Parañaque, Metro Manila, 1700",,27.76 m²,Studio,1,Available from 15 Oct,,11 Nov 09:04,Housing I.,"['PHP 3,900,000', 'Doctor Arcadio Santos Avenue, Parañaque, Metro Manila, 1700', 'Bedrooms:', 'Studio', 'Area:', '27.76 m²', 'Bathrooms:', '1', 'Available from:', '15 Oct']"
"Condo For Rent in Muntinlupa, Metro Manila",https://lifenavi.com/ph/properties/muntinlupa/for-rent/condo/a-fancy-2-bedroom-2-bathroom-unit-for-sale-in-alabang-filinvest-city-ad-57-ln669398,"PHP 60,000/ month","Muntinlupa, Metro Manila",,72 m²,2,2,Available from 14 Oct,,11 Nov 09:04,Housing I.,"['PHP 60,000/ month', '/ month', 'Muntinlupa, Metro Manila', 'Bedrooms:', '2', 'Area:', '72 m²', 'Bathrooms:', '2', 'Available from:', '14 Oct']"
"Condo For Rent in cor, 5th Avenue, Taguig",https://lifenavi.com/ph/properties/taguig/for-rent/condo/for-lease-2br-unit-the-beaufort-ad-56-ln699262,"PHP 130,000/ month","cor, 5th Avenue, Taguig, Metro Manila",,106 m²,2,2,Available from 16 Oct,,11 Nov 09:04,Housing I.,"['PHP 130,000/ month', '/ month', 'cor, 5th Avenue, Taguig, Metro Manila', 'Bedrooms:', '2', 'Area:', '106 m²', 'Bathrooms:', '2', 'Available from:', '16 Oct']"
"Condo For Rent in 2nd Avenue, Makati City",https://lifenavi.com/ph/properties/makati-city/for-rent/condo/semi-furnished-loft-type-1br-unit-in-the-fort-residences-for-rent-ad-55-ln387764,"PHP 40,000/ month","2nd Avenue, Makati City, Kalakhang Maynila",,45 m²,1,1,Available from 18 Mar,,11 Nov 09:04,Housing I.,"['PHP 40,000/ month', '/ month', '2nd Avenue, Makati City, Kalakhang Maynila', 'Bedrooms:', '1', 'Area:', '45 m²', 'Bathrooms:', '1', 'Available from:', '18 Mar']"
"Condo For Sale in 102, L.P. Leviste Street, Makati City",https://lifenavi.com/ph/properties/makati-city/for-sale/condo/for-rent-1br-the-ellis-makati-ad-54-ln647853,"PHP 15,000,000","102, L.P. Leviste Street, Makati City, Metro Manila, 1227",,64 m²,1,1,Available from 16 Oct,,11 Nov 09:04,Housing I.,"['PHP 15,000,000', '102, L.P. Leviste Street, Makati City, Metro Manila, 1227', 'Bedrooms:', '1', 'Area:', '64 m²', 'Bathrooms:', '1', 'Available from:', '16 Oct']"
"House and Lot For Rent in General Trias, Calabarzon",https://lifenavi.com/ph/properties/general-trias/for-rent/house-and-lot/3br-house-for-rent-in-antel-grand-village-general-trias-cavite-ad-53-ln319592,"PHP 30,000/ month","General Trias, Calabarzon, 4107",,00 m²,3,3,Available from 16 Oct,,11 Nov 09:04,Housing I.,"['PHP 30,000/ month', '/ month', 'General Trias, Calabarzon, 4107', 'Bedrooms:', '3', 'Area:', '00 m²', 'Bathrooms:', '3', 'Available from:', '16 Oct']"
"House and Lot For Rent in Sen. Gil J. Puyat Avenue, Makati City",https://lifenavi.com/ph/properties/makati-city/for-rent/house-and-lot/4br-house-for-lease-in-farol-urdaneta-village-ad-52-ln217850,"PHP 240,000/ month","Sen. Gil J. Puyat Avenue, Makati City, Metro Manila",,540 m²,4,4,Available from 17 Oct,,11 Nov 09:04,Housing I.,"['PHP 240,000/ month', '/ month', 'Sen. Gil J. Puyat Avenue, Makati City, Metro Manila', 'Bedrooms:', '4', 'Area:', '540 m²', 'Bathrooms:', '4', 'Available from:', '17 Oct']"
"Land only For Sale in Dumaguete City, Central Visayas",https://lifenavi.com/ph/properties/dumaguete-city/for-sale/land-only/lot-for-sale-in-dumaguete-city-ad-51-ln344133,"PHP 10,167,600","Dumaguete City, Central Visayas",,00 m²,Studio,1,Available from 16 Oct,,11 Nov 09:04,Housing I.,"['PHP 10,167,600', 'Dumaguete City, Central Visayas', 'Bedrooms:', 'Studio', 'Area:', '00 m²', 'Bathrooms:', '1', 'Available from:', '16 Oct']"
"Condo For Rent in 21st Drive, Taguig",https://lifenavi.com/ph/properties/taguig/for-rent/condo/for-lease-2br-in-regent-parkway-ad-50-ln215161,"PHP 120,000/ month","21st Drive, Taguig, Metro Manila",,149.02 m²,2,2,Available from 16 Oct,,11 Nov 09:04,Housing I.,"['PHP 120,000/ month', '/ month', '21st Drive, Taguig, Metro Manila', 'Bedrooms:', '2', 'Area:', '149.02 m²', 'Bathrooms:', '2', 'Available from:', '16 Oct']"
"Condo For Rent in 248, Sen. Gil J. Puyat Avenue, Makati City",https://lifenavi.com/ph/properties/makati-city/for-rent/condo/fully-furnished-2br-unit-for-lease-in-cityland-8-ad-49-ln521604,"PHP 30,000/ month","248, Sen. Gil J. Puyat Avenue, Makati City, Metro Manila, 1226",,87 m²,2,2,Available from 2 Oct,,11 Nov 09:04,Housing I.,"['PHP 30,000/ month', '/ month', '248, Sen. Gil J. Puyat Avenue, Makati City, Metro Manila, 1226', 'Bedrooms:', '2', 'Area:', '87 m²', 'Bathrooms:', '2', 'Available from:', '2 Oct']"
"Condo For Rent in Estrella, Makati City",https://lifenavi.com/ph/properties/makati-city/for-rent/condo/fully-furnished-2br-for-rent-in-makati-ad-48-ln617100,"PHP 140,000/ month","Estrella, Makati City, Metro Manila",,118 m²,2,2,Available from 27 Feb,,11 Nov 09:04,Housing I.,"['PHP 140,000/ month', '/ month', 'Estrella, Makati City, Metro Manila', 'Bedrooms:', '2', 'Area:', '118 m²', 'Bathrooms:', '2', 'Available from:', '27 Feb']"
"House and Lot For Sale in Filinvest 2 Road, Quezon City",https://lifenavi.com/ph/properties/quezon-city/for-sale/house-and-lot/for-sale-2-storey-house-and-lot-in-filinvest-2-ad-47-ln392746,"PHP 10,000,000","Filinvest 2 Road, Quezon City, Metro Manila",,150 m²,3,2,Available from 20 Oct,,11 Nov 09:04,Housing I.,"['PHP 10,000,000', 'Filinvest 2 Road, Quezon City, Metro Manila', 'Bedrooms:', '3', 'Area:', '150 m²', 'Bathrooms:', '2', 'Available from:', '20 Oct']"
"Condo For Sale in 2, Upper McKinley Hill, Taguig",https://lifenavi.com/ph/properties/taguig/for-sale/condo/for-sale-2-bedroom-in-mckinley-hill-garden-villas-taguig-city-ad-46-ln636706,"PHP 15,000,000","2, Upper McKinley Hill, Taguig, Metro Manila",,87.3 m²,2,2,Available from 20 Oct,,11 Nov 09:04,Housing I.,"['PHP 15,000,000', '2, Upper McKinley Hill, Taguig, Metro Manila', 'Bedrooms:', '2', 'Area:', '87.3 m²', 'Bathrooms:', '2', 'Available from:', '20 Oct']"
"Condo For Rent in Rockwell Drive, Makati City",https://lifenavi.com/ph/properties/makati-city/for-rent/condo/fully-furnished-2br-loft-type-unit-for-lease-in-one-rockwell-ad-45-ln642969,"PHP 130,000/ month","Rockwell Drive, Makati City, Metro Manila",,107 m²,2,1,Available from 30 Jan,,11 Nov 09:04,Housing I.,"['PHP 130,000/ month', '/ month', 'Rockwell Drive, Makati City, Metro Manila', 'Bedrooms:', '2', 'Area:', '107 m²', 'Bathrooms:', '1', 'Available from:', '30 Jan']"
"Condo For Rent in 191, Salcedo, Makati City",https://lifenavi.com/ph/properties/makati-city/for-rent/condo/1br-condo-unit-for-rent-in-the-rise-makati-ad-44-ln735243,"PHP 19,000/ month","191, Salcedo, Legazpi Village, Makati City, Kalakhang Maynila, 1229",,28 m²,1,1,Available from 21 Oct,,11 Nov 09:04,Housing I.,"['PHP 19,000/ month', '/ month', '191, Salcedo, Legazpi Village, Makati City, Kalakhang Maynila, 1229', 'Bedrooms:', '1', 'Area:', '28 m²', 'Bathrooms:', '1', 'Available from:', '21 Oct']"
"Condo For Rent in Rockwell Drive, Makati City",https://lifenavi.com/ph/properties/makati-city/for-rent/condo/for-rent-2br-bi-level-one-rockwell-ad-43-ln418387,"PHP 110,000/ month","Rockwell Drive, Makati City, Metro Manila",,136 m²,2,2,Available from 1 Aug,,11 Nov 09:04,Housing I.,"['PHP 110,000/ month', '/ month', 'Rockwell Drive, Makati City, Metro Manila', 'Bedrooms:', '2', 'Area:', '136 m²', 'Bathrooms:', '2', 'Available from:', '1 Aug']"
"Condo For Rent in Pacific Rim, Muntinlupa",https://lifenavi.com/ph/properties/muntinlupa/for-rent/condo/studio-unit1br-for-rent-in-the-levels-by-filinvest-muntinlupa-ad-42-ln173619,"PHP 25,000/ month","Pacific Rim, Muntinlupa, Kalakhang Maynila",,36 m²,Studio,1,Available from 22 Oct,,11 Nov 09:04,Housing I.,"['PHP 25,000/ month', '/ month', 'Pacific Rim, Muntinlupa, Kalakhang Maynila', 'Bedrooms:', 'Studio', 'Area:', '36 m²', 'Bathrooms:', '1', 'Available from:', '22 Oct']"
House and Lot For Rent in Mandaluyong,https://lifenavi.com/ph/properties/mandaluyong/for-rent/house-and-lot/a-2-storye-9br-house-for-rent-in-martines-ave-mandaluyong-city-ad-41-ln732590,"PHP 150,000/ month","Kalakhang Maynila, Mandaluyong",,300 m²,N/A,4,Available from 1 Apr,,11 Nov 09:04,Housing I.,"['PHP 150,000/ month', '/ month', 'Kalakhang Maynila, Mandaluyong', 'Bedrooms:', 'N/A', 'Area:', '300 m²', 'Bathrooms:', '4', 'Available from:', '1 Apr']"
"Condo For Rent in H.V. Dela Costa, Makati City",https://lifenavi.com/ph/properties/makati-city/for-rent/condo/fully-furnished-2br-unit-with-parking-slot-for-lease-in-shang-salcedo-place-ad-40-ln223856,"PHP 130,000/ month","H.V. Dela Costa, Makati City, Metro Manila",,105 m²,2,2,Available from 6 Jan,,11 Nov 09:04,Housing I.,"['PHP 130,000/ month', '/ month', 'H.V. Dela Costa, Makati City, Metro Manila', 'Bedrooms:', '2', 'Area:', '105 m²', 'Bathrooms:', '2', 'Available from:', '6 Jan']"
"Condo For Rent in 14F, West Street, Makati City",https://lifenavi.com/ph/properties/makati-city/for-rent/condo/fully-furnished-2br-unit-in-park-terraces-for-rent-ad-39-ln995911,"PHP 120,000/ month","14F, West Street, Makati City, Metro Manila",,110 m²,2,2,Available from 1 Nov,,11 Nov 09:03,Housing I.,"['PHP 120,000/ month', '/ month', '14F, West Street, Makati City, Metro Manila', 'Bedrooms:', '2', 'Area:', '110 m²', 'Bathrooms:', '2', 'Available from:', '1 Nov']"
"Condo For Rent in cor, McKinley Parkway, Taguig",https://lifenavi.com/ph/properties/taguig/for-rent/condo/for-rent-1br-the-trion-towers-ad-38-ln897831,"PHP 30,000/ month","cor, McKinley Parkway, Taguig, Metro Manila",,43 m²,1,1,Available from 29 Oct,,11 Nov 09:03,Housing I.,"['PHP 30,000/ month', '/ month', 'cor, McKinley Parkway, Taguig, Metro Manila', 'Bedrooms:', '1', 'Area:', '43 m²', 'Bathrooms:', '1', 'Available from:', '29 Oct']"
"Condo For Rent in Nicanor Garcia Street, Makati City",https://lifenavi.com/ph/properties/makati-city/for-rent/condo/semi-furnished-1br-unit-for-lease-in-jazz-residences-makati-ad-37-ln445488,"PHP 41,000/ month","Nicanor Garcia Street, Makati City, Metro Manila",,51 m²,1,1,Available from 30 Oct,,11 Nov 09:03,Housing I.,"['PHP 41,000/ month', '/ month', 'Nicanor Garcia Street, Makati City, Metro Manila', 'Bedrooms:', '1', 'Area:', '51 m²', 'Bathrooms:', '1', 'Available from:', '30 Oct']"
"Condo For Rent in Corner, Lane South, Taguig",https://lifenavi.com/ph/properties/taguig/for-rent/condo/for-rent-1br-corner-unit-in-avida-towers-turf-ad-36-ln227869,"PHP 42,000/ month","Corner, Lane South, Taguig, Metro Manila",,39.4 m²,1,1,Available from 1 Dec,,11 Nov 09:03,Housing I.,"['PHP 42,000/ month', '/ month', 'Corner, Lane South, Taguig, Metro Manila', 'Bedrooms:', '1', 'Area:', '39.4 m²', 'Bathrooms:', '1', 'Available from:', '1 Dec']"
"House and Lot For Sale in Manila, Metro Manila",https://lifenavi.com/ph/properties/manila/for-sale/house-and-lot/grand-resort-for-sale-in-agoho-camiguin-island-ad-35-ln140813,"PHP 49,000,000","Quiapo, Manila, Metro Manila, 1001",,1395 m²,5+,6+,Available from 3 Nov,,11 Nov 09:03,Housing I.,"['PHP 49,000,000', 'Quiapo, Manila, Metro Manila, 1001', 'Bedrooms:', '5+', 'Area:', '1395 m²', 'Bathrooms:', '6+', 'Available from:', '3 Nov']"
"Condo For Rent in Pasig, Metro Manila",https://lifenavi.com/ph/properties/pasig/for-rent/condo/spacious-3br-unit-for-lease-in-the-middle-of-ortigas-cbd-ad-34-ln379295,"PHP 70,000/ month","Ortigas Center, Pasig, Metro Manila",,175 m²,3,3,Available from 21 Apr,,11 Nov 09:03,Housing I.,"['PHP 70,000/ month', '/ month', 'Ortigas Center, Pasig, Metro Manila', 'Bedrooms:', '3', 'Area:', '175 m²', 'Bathrooms:', '3', 'Available from:', '21 Apr']"
"Condo For Rent in Makati City, Metro Manila",https://lifenavi.com/ph/properties/makati-city/for-rent/condo/fully-furnished-2br-unit-in-solstice-tower-for-lease-ad-33-ln797246,"PHP 65,000/ month","Makati City, Metro Manila",,81 m²,2,2,Available from 3 Nov,,11 Nov 09:03,Housing I.,"['PHP 65,000/ month', '/ month', 'Makati City, Metro Manila', 'Bedrooms:', '2', 'Area:', '81 m²', 'Bathrooms:', '2', 'Available from:', '3 Nov']"
"Land only For Sale in Casobē Boulevard, Calatagan",https://lifenavi.com/ph/properties/calatagan/for-sale/land-only/lot-with-a-premium-seaview-ad-32-ln822304,"PHP 7,000,000","Casobē Boulevard, Calatagan, Calabarzon",,501 m²,Studio,1,Available from 3 Nov,,11 Nov 09:03,Housing I.,"['PHP 7,000,000', 'Casobē Boulevard, Calatagan, Calabarzon', 'Bedrooms:', 'Studio', 'Area:', '501 m²', 'Bathrooms:', '1', 'Available from:', '3 Nov']"
"Condo For Rent in Mandaluyong City, Metro Manila",https://lifenavi.com/ph/properties/mandaluyong-city/for-rent/condo/for-salerent-studio-twin-oaks-place-ad-31-ln743005,"PHP 25,000/ month","Mandaluyong City, Metro Manila",,35 m²,Studio,1,Available from 19 Mar,,11 Nov 09:03,Housing I.,"['PHP 25,000/ month', '/ month', 'Mandaluyong City, Metro Manila', 'Bedrooms:', 'Studio', 'Area:', '35 m²', 'Bathrooms:', '1', 'Available from:', '19 Mar']"
"Condo For Rent in Muntinlupa, Metro Manila",https://lifenavi.com/ph/properties/muntinlupa/for-rent/condo/for-sale-studio-east-bay-residences-ad-30-ln746970,"PHP 20,000/ month","Muntinlupa, Metro Manila",,33 m²,Studio,1,Available from 3 Nov,,11 Nov 09:03,Housing I.,"['PHP 20,000/ month', '/ month', 'Muntinlupa, Metro Manila', 'Bedrooms:', 'Studio', 'Area:', '33 m²', 'Bathrooms:', '1', 'Available from:', '3 Nov']"
"Condo For Rent in cor, 34th Street, Taguig",https://lifenavi.com/ph/properties/taguig/for-rent/condo/for-rent-1br-avida-towers-34th-ad-29-ln271726,"PHP 40,000/ month","cor, 34th Street, Taguig, Metro Manila",,36 m²,1,1,Available from 12 Mar,,11 Nov 09:03,Housing I.,"['PHP 40,000/ month', '/ month', 'cor, 34th Street, Taguig, Metro Manila', 'Bedrooms:', '1', 'Area:', '36 m²', 'Bathrooms:', '1', 'Available from:', '12 Mar']"
"Condo For Rent in Makati City, Metro Manila",https://lifenavi.com/ph/properties/makati-city/for-rent/condo/for-rent-1br-unit-park-avenue-tower-ad-28-ln198950,"PHP 75,000/ month","Makati City, Metro Manila",,55 m²,1,1,Available from 30 Dec,,11 Nov 09:03,Housing I.,"['PHP 75,000/ month', '/ month', 'Makati City, Metro Manila', 'Bedrooms:', '1', 'Area:', '55 m²', 'Bathrooms:', '1', 'Available from:', '30 Dec']"
"Condo For Rent in corner, 28th Street, Taguig",https://lifenavi.com/ph/properties/taguig/for-rent/condo/4br-unit-for-leased-in-east-gallery-place-ad-27-ln231235,"PHP 260,000/ month","corner, 28th Street, Taguig, Metro Manila",,245 m²,4,1,Available from 5 Dec,,11 Nov 09:03,Housing I.,"['PHP 260,000/ month', '/ month', 'corner, 28th Street, Taguig, Metro Manila', 'Bedrooms:', '4', 'Area:', '245 m²', 'Bathrooms:', '1', 'Available from:', '5 Dec']"
"Condo For Rent in 14F, West Street, Makati City",https://lifenavi.com/ph/properties/makati-city/for-rent/condo/fully-furnished-2br-unit-with-parking-for-lease-in-park-terraces-ad-26-ln966782,"PHP 160,000/ month","14F, West Street, Makati City, Metro Manila",,110 m²,2,2,Available from 4 Nov,,11 Nov 09:03,Housing I.,"['PHP 160,000/ month', '/ month', '14F, West Street, Makati City, Metro Manila', 'Bedrooms:', '2', 'Area:', '110 m²', 'Bathrooms:', '2', 'Available from:', '4 Nov']"
"Condo For Sale in Calamba, Calabarzon",https://lifenavi.com/ph/properties/calamba/for-sale/condo/unfurnished-3-bedroom-unit-for-sale-in-amaia-steps-nuvali-ad-25-ln860037,"PHP 5,500,000","Calamba, Calabarzon, 4027",,62 m²,3,1,Available from 3 Nov,,11 Nov 09:03,Housing I.,"['PHP 5,500,000', 'Calamba, Calabarzon, 4027', 'Bedrooms:', '3', 'Area:', '62 m²', 'Bathrooms:', '1', 'Available from:', '3 Nov']"
"House and Lot For Rent in Makati Avenue, Makati City",https://lifenavi.com/ph/properties/makati-city/for-rent/house-and-lot/spanish-themed-house-for-rent-at-san-lorenzo-village-ad-24-ln365021,"PHP 180,000/ month","Makati Avenue, Makati City, Metro Manila",,00 m²,4,4,Available from 5 Nov,,11 Nov 09:03,Housing I.,"['PHP 180,000/ month', '/ month', 'Makati Avenue, Makati City, Metro Manila', 'Bedrooms:', '4', 'Area:', '00 m²', 'Bathrooms:', '4', 'Available from:', '5 Nov']"
"Condo For Rent in 1634, 5th Avenue, Taguig",https://lifenavi.com/ph/properties/taguig/for-rent/condo/for-lease-2br-corner-unit-in-fort-victoria-ad-23-ln240886,"PHP 75,000/ month","1634, 5th Avenue, Taguig, Metro Manila",,55 m²,2,2,Available from 5 Nov,,11 Nov 09:03,Housing I.,"['PHP 75,000/ month', '/ month', '1634, 5th Avenue, Taguig, Metro Manila', 'Bedrooms:', '2', 'Area:', '55 m²', 'Bathrooms:', '2', 'Available from:', '5 Nov']"
"Condo For Rent in 1634, 5th Avenue, Taguig",https://lifenavi.com/ph/properties/taguig/for-rent/condo/fully-furnished-2br-unit-for-lease-in-fort-victoria-ad-22-ln447674,"PHP 65,000/ month","1634, 5th Avenue, Taguig, Metro Manila",,45 m²,2,2,Available from 5 Nov,,11 Nov 09:03,Housing I.,"['PHP 65,000/ month', '/ month', '1634, 5th Avenue, Taguig, Metro Manila', 'Bedrooms:', '2', 'Area:', '45 m²', 'Bathrooms:', '2', 'Available from:', '5 Nov']"
"House and Lot For Sale in Greenfield Parkway, City of Santa Rosa",https://lifenavi.com/ph/properties/city-of-santa-rosa/for-sale/house-and-lot/brand-new-house-semi-furnished-with-some-built-in-wardrobes-and-shelves-ad-21-ln226306,"PHP 22,500,000","Greenfield Parkway, City of Santa Rosa, Calabarzon",,238 m²,4,4,Available from 5 Nov,,11 Nov 09:03,Housing I.,"['PHP 22,500,000', 'Greenfield Parkway, City of Santa Rosa, Calabarzon', 'Bedrooms:', '4', 'Area:', '238 m²', 'Bathrooms:', '4', 'Available from:', '5 Nov']"
"House and Lot For Sale in City of Santa Rosa, Calabarzon",https://lifenavi.com/ph/properties/city-of-santa-rosa/for-sale/house-and-lot/3-year-old-house-relatively-new-ad-20-ln193708,"PHP 10,500,000","City of Santa Rosa, Calabarzon",,185 m²,3,3,Available from 5 Nov,,11 Nov 09:03,Housing I.,"['PHP 10,500,000', 'City of Santa Rosa, Calabarzon', 'Bedrooms:', '3', 'Area:', '185 m²', 'Bathrooms:', '3', 'Available from:', '5 Nov']"
"Condo For Rent in Taguig, Metro Manila",https://lifenavi.com/ph/properties/taguig/for-rent/condo/fully-furnished-1br-unit-with-balcony-and-paring-for-salelease-in-the-veranda-ad-19-ln958646,"PHP 55,000/ month","Taguig, Metro Manila, 1630",,60 m²,1,1,Available from 5 Nov,,11 Nov 09:02,Housing I.,"['PHP 55,000/ month', '/ month', 'Taguig, Metro Manila, 1630', 'Bedrooms:', '1', 'Area:', '60 m²', 'Bathrooms:', '1', 'Available from:', '5 Nov']"
"House and Lot For Sale in 73, President's Avenue, Parañaque",https://lifenavi.com/ph/properties/paranaque/for-sale/house-and-lot/townhouse-for-sale-in-paranaque-ad-18-ln427566,"PHP 6,500,000","73, President's Avenue, Parañaque, Metro Manila, 1720",,90 m²,3,2,Available from 5 Nov,,11 Nov 09:02,Housing I.,"['PHP 6,500,000', ""73, President's Avenue, Parañaque, Metro Manila, 1720"", 'Bedrooms:', '3', 'Area:', '90 m²', 'Bathrooms:', '2', 'Available from:', '5 Nov']"
"House and Lot For Sale in Durian, Las Piñas",https://lifenavi.com/ph/properties/las-pinas/for-sale/house-and-lot/single-attached-townhouse-for-sale-in-almanza-uno-las-pinas-ad-17-ln545411,"PHP 10,500,000","Durian, Almanza 1, Las Piñas, Metro Manila, 1750",,144.22 m²,3,3,Available from 5 Nov,,11 Nov 09:02,Housing I.,"['PHP 10,500,000', 'Durian, Almanza 1, Las Piñas, Metro Manila, 1750', 'Bedrooms:', '3', 'Area:', '144.22 m²', 'Bathrooms:', '3', 'Available from:', '5 Nov']"
"Condo For Sale in Entrata Urban Complex, Spectrum Midway, Muntinlupa",https://lifenavi.com/ph/properties/muntinlupa/for-sale/condo/for-salelease-studio-in-entrata-urban-complex-ad-16-ln638035,"PHP 7,500,000","Entrata Urban Complex, Spectrum Midway, Muntinlupa, Kalakhang Maynila, 1781",,32.55 m²,Studio,1,Available from 5 Nov,,11 Nov 09:02,Housing I.,"['PHP 7,500,000', 'Entrata Urban Complex, Spectrum Midway, Muntinlupa, Kalakhang Maynila, 1781', 'Bedrooms:', 'Studio', 'Area:', '32.55 m²', 'Bathrooms:', '1', 'Available from:', '5 Nov']"
"Villa For Sale in 164, Epifanio de los Santos Avenue, Mandaluyong City",https://lifenavi.com/ph/properties/mandaluyong-city/for-sale/villa/a-fancy-1b-with-balcony-in-the-heart-of-makati-ad-15-ln100720,"PHP 4,995,000","164, Epifanio de los Santos Avenue, Mandaluyong City, Metro Manila",,27.37 m²,1,1,Available from 5 Nov,,11 Nov 09:02,Housing I.,"['PHP 4,995,000', '164, Epifanio de los Santos Avenue, Mandaluyong City, Metro Manila', 'Bedrooms:', '1', 'Area:', '27.37 m²', 'Bathrooms:', '1', 'Available from:', '5 Nov']"
"Condo For Sale in 5343, General Luna, Makati City",https://lifenavi.com/ph/properties/makati-city/for-sale/condo/2br-corner-unit-for-sale-in-antel-plaza-residences-makati-ad-14-ln344957,"PHP 13,000,000","5343, General Luna, Makati City, Metro Manila, 1210",,92 m²,2,2,Available from 6 Nov,,11 Nov 09:02,Housing I.,"['PHP 13,000,000', '5343, General Luna, Makati City, Metro Manila, 1210', 'Bedrooms:', '2', 'Area:', '92 m²', 'Bathrooms:', '2', 'Available from:', '6 Nov']"
"Condo For Sale in 252, Sen. Gil J. Puyat Avenue, Makati City",https://lifenavi.com/ph/properties/makati-city/for-sale/condo/fully-furnished-unit-for-sale-in-west-of-ayala-ad-13-ln505259,"PHP 13,500,000","252, Sen. Gil J. Puyat Avenue, Makati City, Metro Manila",,118 m²,3,2,Available from 6 Nov,,11 Nov 09:02,Housing I.,"['PHP 13,500,000', '252, Sen. Gil J. Puyat Avenue, Makati City, Metro Manila', 'Bedrooms:', '3', 'Area:', '118 m²', 'Bathrooms:', '2', 'Available from:', '6 Nov']"
"Condo For Rent in Internal Avenue, Mandaluyong City",https://lifenavi.com/ph/properties/mandaluyong-city/for-rent/condo/extra-large-condo-unit-for-rent-at-the-st-francis-shangri-la-place-mandaluyong-ad-12-ln275233,"PHP 550,000/ month","Internal Avenue, Ortigas Center, Mandaluyong City, Metro Manila",,571 m²,4,6+,Available from 25 Feb,,11 Nov 09:02,Housing I.,"['PHP 550,000/ month', '/ month', 'Internal Avenue, Ortigas Center, Mandaluyong City, Metro Manila', 'Bedrooms:', '4', 'Area:', '571 m²', 'Bathrooms:', '6+', 'Available from:', '25 Feb']"
"Land only For Sale in 155s, 19th Avenue, Makati City",https://lifenavi.com/ph/properties/makati-city/for-sale/land-only/lot-with-old-house-for-sale-in-makati-city-ad-11-ln246946,"PHP 36,010,000","155s, 19th Avenue, Makati City, Metro Manila, 1216",,400 m²,5+,2,Available from 6 Nov,,11 Nov 09:02,Housing I.,"['PHP 36,010,000', '155s, 19th Avenue, Makati City, Metro Manila, 1216', 'Bedrooms:', '5+', 'Area:', '400 m²', 'Bathrooms:', '2', 'Available from:', '6 Nov']"
"Condo For Rent in 7232, Ayala Avenue, Makati City",https://lifenavi.com/ph/properties/makati-city/for-rent/condo/for-rent-2br-in-alphaland-makati-place-ad-10-ln491170,"PHP 150,000/ month","7232, Ayala Avenue, Ext, Makati City, Metro Manila, 1209",,130 m²,2,2,Available from 1 Sep,,11 Nov 09:02,Housing I.,"['PHP 150,000/ month', '/ month', '7232, Ayala Avenue, Ext, Makati City, Metro Manila, 1209', 'Bedrooms:', '2', 'Area:', '130 m²', 'Bathrooms:', '2', 'Available from:', '1 Sep']"
"Condo For Rent in McKinley Hill Garden Villas, Taguig",https://lifenavi.com/ph/properties/taguig/for-rent/condo/for-rent-3br-unit-mckinley-hill-garden-villas-ad-9-ln140485,"PHP 120,000/ month","McKinley Hill Garden Villas, Taguig, Metro Manila",,120 m²,3,2,Available from 7 Nov,,11 Nov 09:02,Housing I.,"['PHP 120,000/ month', '/ month', 'McKinley Hill Garden Villas, Taguig, Metro Manila', 'Bedrooms:', '3', 'Area:', '120 m²', 'Bathrooms:', '2', 'Available from:', '7 Nov']"
"Condo For Rent in Taguig, Metro Manila",https://lifenavi.com/ph/properties/taguig/for-rent/condo/for-rent-west-gallery-place-2br-unit-ad-8-ln100015,"PHP 230,000/ month","Taguig, Metro Manila, 1634",,135 m²,2,1,Available from 3 Aug,,11 Nov 09:02,Housing I.,"['PHP 230,000/ month', '/ month', 'Taguig, Metro Manila, 1634', 'Bedrooms:', '2', 'Area:', '135 m²', 'Bathrooms:', '1', 'Available from:', '3 Aug']"
"Condo For Rent in 1634, McKinley Parkway, Taguig",https://lifenavi.com/ph/properties/taguig/for-rent/condo/for-rent-3br-unit-two-serendra-ad-7-ln891279,"PHP 150,000/ month","1634, McKinley Parkway, Taguig, Metro Manila",,126 m²,3,3,Available from 7 Nov,,11 Nov 09:02,Housing I.,"['PHP 150,000/ month', '/ month', '1634, McKinley Parkway, Taguig, Metro Manila', 'Bedrooms:', '3', 'Area:', '126 m²', 'Bathrooms:', '3', 'Available from:', '7 Nov']"
"Condo For Rent in 1, 8th Avenue, Makati City",https://lifenavi.com/ph/properties/makati-city/for-rent/condo/4br-unit-in-uptown-parksuites-ad-6-ln758166,"PHP 300,000/ month","1, 8th Avenue, Makati City, Metro Manila",,140 m²,4,5,Available from 29 Jun,,11 Nov 09:02,Housing I.,"['PHP 300,000/ month', '/ month', '1, 8th Avenue, Makati City, Metro Manila', 'Bedrooms:', '4', 'Area:', '140 m²', 'Bathrooms:', '5', 'Available from:', '29 Jun']"
"Condo For Rent in 2nd Avenue, Makati City",https://lifenavi.com/ph/properties/makati-city/for-rent/condo/2br-unit-for-rent-the-fort-residences-taguig-ad-5-ln282322,"PHP 120,000/ month","2nd Avenue, Makati City, Kalakhang Maynila",,110 m²,2,1,Available from 1 Apr,,11 Nov 09:02,Housing I.,"['PHP 120,000/ month', '/ month', '2nd Avenue, Makati City, Kalakhang Maynila', 'Bedrooms:', '2', 'Area:', '110 m²', 'Bathrooms:', '1', 'Available from:', '1 Apr']"
"Condo For Rent in Burgos Circle, Taguig",https://lifenavi.com/ph/properties/taguig/for-rent/condo/fully-furnished-2br-unit-in-bellagio-tower-3-for-lease-ad-4-ln757269,"PHP 100,000/ month","Burgos Circle, Taguig, Metro Manila",,90 m²,2,1,Available from 27 Jul,,11 Nov 09:02,Housing I.,"['PHP 100,000/ month', '/ month', 'Burgos Circle, Taguig, Metro Manila', 'Bedrooms:', '2', 'Area:', '90 m²', 'Bathrooms:', '1', 'Available from:', '27 Jul']"
"Condo For Rent in Taguig, Metro Manila",https://lifenavi.com/ph/properties/taguig/for-rent/condo/fully-furnished-4br-penthouse-in-arya-residences-ad-3-ln649800,"PHP 400,000/ month","Taguig, Metro Manila",,400 m²,4,1,Available from 5 Jul,,11 Nov 09:02,Housing I.,"['PHP 400,000/ month', '/ month', 'Taguig, Metro Manila', 'Bedrooms:', '4', 'Area:', '400 m²', 'Bathrooms:', '1', 'Available from:', '5 Jul']"
"Condo For Rent in Makati City, Metro Manila",https://lifenavi.com/ph/properties/makati-city/for-rent/condo/a-fully-furnished-2br-unit-for-lease-in-garden-towers-ad-2-ln652989,"PHP 200,000/ month","Makati City, Metro Manila",,136 m²,2,3,Available from 7 Nov,,11 Nov 09:02,Housing I.,"['PHP 200,000/ month', '/ month', 'Makati City, Metro Manila', 'Bedrooms:', '2', 'Area:', '136 m²', 'Bathrooms:', '3', 'Available from:', '7 Nov']"
"Condo For Sale in 1634, Florence Way, Taguig",https://lifenavi.com/ph/properties/taguig/for-sale/condo/condo-for-sale-in-the-florence-residences-bgc-ln150431,"PHP 10,000,000","1634, Florence Way, Taguig, Metro Manila",,43.1 m²,1,1,Available from 10 Nov,,10 Nov 12:10,Grace L.,"['PHP 10,000,000', '1634, Florence Way, Taguig, Metro Manila', 'Bedrooms:', '1', 'Area:', '43.1 m²', 'Bathrooms:', '1', 'Available from:', '10 Nov']"
"Commercial land For Sale in Diokno Highway, Lemery",https://lifenavi.com/ph/properties/lemery/for-sale/commercial-land/lot-for-sale-in-lemery-batangas-ln400968,"PHP 9,163,000","Diokno Highway, Lemery, Calabarzon",,1078 m²,,,Vacant,Unfurnished,10 Nov 11:29,Grace L.,"['PHP 9,163,000', 'Diokno Highway, Lemery, Calabarzon', 'Status:', 'Vacant', 'Furnishing:', 'Unfurnished', 'Area:', '1078 m²', 'Available from:', '10 Nov']"
"Commercial land For Sale in Mataas Na Kahoy, Calabarzon",https://lifenavi.com/ph/properties/mataas-na-kahoy/for-sale/land-only/farm-lot-for-sale-mataas-na-kahoy-batangas-ln590618,"PHP 30,000,000","Mataas Na Kahoy, Calabarzon",,8232 m²,,,Vacant,Unfurnished,10 Nov 11:07,Grace L.,"['PHP 30,000,000', 'Mataas Na Kahoy, Calabarzon', 'Status:', 'Vacant', 'Furnishing:', 'Unfurnished', 'Area:', '8232 m²', 'Available from:', '10 Nov']"
"Condo For Sale in 144, L.P. Leviste Street, Makati City",https://lifenavi.com/ph/properties/makati-city/for-sale/condo/3br-condo-unit-for-sale-in-escala-salcedo-village-makati-ln999171,"PHP 39,000,000","144, L.P. Leviste Street, Makati City, Metro Manila, 1227",,128 m²,3,3,Available from 10 Nov,,10 Nov 10:59,Grace L.,"['PHP 39,000,000', '144, L.P. Leviste Street, Makati City, Metro Manila, 1227', 'Bedrooms:', '3', 'Area:', '128 m²', 'Bathrooms:', '3', 'Available from:', '10 Nov']"
"Commercial land For Sale in Quezon City, Metro Manila",https://lifenavi.com/ph/properties/quezon-city/for-sale/land-only/residential-lot-for-sale-ln262613,"PHP 72,000,000","Cubao, Quezon City, Metro Manila",,600 m²,,,Vacant,Semi-Furnished,10 Nov 10:49,Grace L.,"['PHP 72,000,000', 'Cubao, Quezon City, Metro Manila', 'Status:', 'Vacant', 'Furnishing:', 'Semi-Furnished', 'Area:', '600 m²', 'Available from:', '10 Nov']"
"Condo For Sale in Taguig, Metro Manila",https://lifenavi.com/ph/properties/taguig/for-sale/condo/st-moritz-mckinley-west-taguig-2br-condo-unit-for-sale-ln153474,"PHP 24,500,000","Taguig, Metro Manila",,78 m²,3,3,Available from 10 Nov,,10 Nov 10:45,Grace L.,"['PHP 24,500,000', 'Taguig, Metro Manila', 'Bedrooms:', '3', 'Area:', '78 m²', 'Bathrooms:', '3', 'Available from:', '10 Nov']"
"House and Lot For Sale in 3, Laguna Bel Air Drive, City of Santa Rosa",https://lifenavi.com/ph/properties/city-of-santa-rosa/for-sale/house-and-lot/three-lots-combined-house-and-lot-in-sta-rosa-laguna-city-ln781921,"PHP 28,000,000","3, Laguna Bel Air Drive, City of Santa Rosa, Calabarzon",,432 m²,3,4,Available from 10 Nov,,10 Nov 10:38,Grace L.,"['PHP 28,000,000', '3, Laguna Bel Air Drive, City of Santa Rosa, Calabarzon', 'Bedrooms:', '3', 'Area:', '432 m²', 'Bathrooms:', '4', 'Available from:', '10 Nov']"
"Commercial land For Sale in Manila, Metro Manila",https://lifenavi.com/ph/properties/manila/for-sale/commercial-land/residential-lot-for-sale-in-santa-ana-manila-ln868457,"PHP 118,000,000","Santa Ana, Manila, Metro Manila",,914.7 m²,,,Vacant,Semi-Furnished,10 Nov 10:26,Grace L.,"['PHP 118,000,000', 'Santa Ana, Manila, Metro Manila', 'Status:', 'Vacant', 'Furnishing:', 'Semi-Furnished', 'Area:', '914.7 m²', 'Available from:', '10 Nov']"
"Condo For Sale in Yakal, Makati City",https://lifenavi.com/ph/properties/makati-city/for-sale/condo/the-rise-makati-for-sale-1br-condo-unit-ln477871,"PHP 5,500,000","Yakal, Makati City, Metro Manila, 1203",,26 m²,1,1,Available from 10 Nov,,10 Nov 10:24,Grace L.,"['PHP 5,500,000', 'Yakal, Makati City, Metro Manila, 1203', 'Bedrooms:', '1', 'Area:', '26 m²', 'Bathrooms:', '1', 'Available from:', '10 Nov']"
"Condo For Sale in H.V. Dela Costa, Makati City",https://lifenavi.com/ph/properties/makati-city/for-sale/condo/shang-salcedo-place-makati-for-sale-1-bedroom-condo-ln712436,"PHP 15,500,000","H.V. Dela Costa, Makati City, Metro Manila",,52 m²,1,1,Available from 10 Nov,,10 Nov 10:14,Grace L.,"['PHP 15,500,000', 'H.V. Dela Costa, Makati City, Metro Manila', 'Bedrooms:', '1', 'Area:', '52 m²', 'Bathrooms:', '1', 'Available from:', '10 Nov']"
"Condo For Sale in Ortigas Avenue, Pasig",https://lifenavi.com/ph/properties/pasig/for-sale/condo/cdc-millennium-pasig-for-sale-3-bedroom-condo-ln147572,"PHP 19,000,000","Ortigas Avenue, Ortigas Center, Pasig, Metro Manila",,81 m²,3,2,Available from 10 Nov,,10 Nov 10:07,Grace L.,"['PHP 19,000,000', 'Ortigas Avenue, Ortigas Center, Pasig, Metro Manila', 'Bedrooms:', '3', 'Area:', '81 m²', 'Bathrooms:', '2', 'Available from:', '10 Nov']"
"Office For Sale in 37, B. Valdez, Makati City",https://lifenavi.com/ph/properties/makati-city/for-sale/condo/semi-furnished-office-space-for-sale-in-makati-city-ln516136,"PHP 6,300,000","37, B. Valdez, Makati City, Kalakhang Maynila",,30 m²,,,Vacant,Semi-Furnished,10 Nov 10:05,Grace L.,"['PHP 6,300,000', '37, B. Valdez, Makati City, Kalakhang Maynila', 'Status:', 'Vacant', 'Furnishing:', 'Semi-Furnished', 'Area:', '30 m²', 'Available from:', '10 Nov']"
"House and Lot For Sale in Cainta, Calabarzon",https://lifenavi.com/ph/properties/cainta/for-sale/house-and-lot/brand-new-modern-corner-house-and-lot-for-sale-in-cainta-ln736377,"PHP 18,000,000","Cainta, Calabarzon, 1900",,2 m²,5+,3,Available from 10 Nov,,10 Nov 09:57,Grace L.,"['PHP 18,000,000', 'Cainta, Calabarzon, 1900', 'Bedrooms:', '5+', 'Area:', '2 m²', 'Bathrooms:', '3', 'Available from:', '10 Nov']"
"Condo For Sale in 112, Rada, Makati City",https://lifenavi.com/ph/properties/makati-city/for-sale/condo/greenbelt-chancellor-makati-for-sale-studio-condo-ln724186,"PHP 5,880,000","112, Rada, Legazpi Village, Makati City, Metro Manila, 1223",,38 m²,Studio,1,Available from 10 Nov,,10 Nov 09:52,Grace L.,"['PHP 5,880,000', '112, Rada, Legazpi Village, Makati City, Metro Manila, 1223', 'Bedrooms:', 'Studio', 'Area:', '38 m²', 'Bathrooms:', '1', 'Available from:', '10 Nov']"
"Commercial land For Sale in Calamba, Calabarzon",https://lifenavi.com/ph/properties/calamba/for-sale/land-only/lot-for-sale-in-calamba-laguna-ln364150,"PHP 28,000,000","Calamba, Calabarzon",,902 m²,,,Vacant,Semi-Furnished,10 Nov 09:47,Grace L.,"['PHP 28,000,000', 'Calamba, Calabarzon', 'Status:', 'Vacant', 'Furnishing:', 'Semi-Furnished', 'Area:', '902 m²', 'Available from:', '10 Nov']"
"Condo For Sale in Taguig, Metro Manila",https://lifenavi.com/ph/properties/taguig/for-sale/condo/park-triangle-residences-1-bedroom-condo-for-sale-ln308942,"PHP 17,500,000","Taguig, Metro Manila",,60 m²,1,1,Available from 10 Nov,,10 Nov 09:47,Grace L.,"['PHP 17,500,000', 'Taguig, Metro Manila', 'Bedrooms:', '1', 'Area:', '60 m²', 'Bathrooms:', '1', 'Available from:', '10 Nov']"
"Condo For Sale in 105, St.Jude, Pasig",https://lifenavi.com/ph/properties/pasig/for-sale/condo/travertine-portico-pasig-studio-condo-for-sale-ln907092,"PHP 5,500,000","105, St.Jude, Pasig, Metro Manila, 1605",,30 m²,Studio,1,Available from 10 Nov,,10 Nov 09:40,Grace L.,"['PHP 5,500,000', '105, St.Jude, Pasig, Metro Manila, 1605', 'Bedrooms:', 'Studio', 'Area:', '30 m²', 'Bathrooms:', '1', 'Available from:', '10 Nov']"
"Condo For Sale in 34, Eisenhower Street, San Juan City",https://lifenavi.com/ph/properties/san-juan-city/for-sale/condo/the-connor-greenhills-san-juan-1-bedroom-for-sale-ln506910,"PHP 13,450,000","34, Eisenhower Street, San Juan City, Metro Manila, 1503",,53 m²,1,1,Available from 10 Nov,,10 Nov 09:31,Grace L.,"['PHP 13,450,000', '34, Eisenhower Street, San Juan City, Metro Manila, 1503', 'Bedrooms:', '1', 'Area:', '53 m²', 'Bathrooms:', '1', 'Available from:', '10 Nov']"
"Condo For Sale in Agham Road, Quezon City",https://lifenavi.com/ph/properties/quezon-city/for-sale/condo/high-park-vertis-north-2-bedroom-condo-for-sale-ln957528,"PHP 23,000,000","Agham Road, Diliman, Quezon City, Metro Manila",,88 m²,2,2,Available from 10 Nov,,10 Nov 09:22,Grace L.,"['PHP 23,000,000', 'Agham Road, Diliman, Quezon City, Metro Manila', 'Bedrooms:', '2', 'Area:', '88 m²', 'Bathrooms:', '2', 'Available from:', '10 Nov']"
"Condo For Sale in 3, Newport Boulevard, Pasay City",https://lifenavi.com/ph/properties/pasay-city/for-sale/condo/sarasota-residential-resort-pasay-1-bedroom-condo-for-sale-ln789112,"PHP 8,000,000","3, Newport Boulevard, Pasay City, Metro Manila, 1309",,36 m²,1,1,Available from 10 Nov,,10 Nov 09:10,Grace L.,"['PHP 8,000,000', '3, Newport Boulevard, Pasay City, Metro Manila, 1309', 'Bedrooms:', '1', 'Area:', '36 m²', 'Bathrooms:', '1', 'Available from:', '10 Nov']"
"Condo For Sale in Taguig, Metro Manila",https://lifenavi.com/ph/properties/taguig/for-sale/condo/for-sale-condo-w-3br-in-grand-hyatt-residences-taguig-ln792034,"PHP 135,000,000","Taguig, Metro Manila",,300 m²,3,3,Available from 10 Nov,,10 Nov 08:59,Grace L.,"['PHP 135,000,000', 'Taguig, Metro Manila', 'Bedrooms:', '3', 'Area:', '300 m²', 'Bathrooms:', '3', 'Available from:', '10 Nov']"
"Office For Sale in Taguig, Metro Manila",https://lifenavi.com/ph/properties/taguig/for-sale/office/for-sale-102-sqm-office-space-in-park-triangle-bgc-taguig-ln576679,"PHP 29,000,000","Taguig, Metro Manila",,102 m²,,,Vacant,Furnished,09 Nov 21:55,Grace L.,"['PHP 29,000,000', 'Taguig, Metro Manila', 'Status:', 'Vacant', 'Furnishing:', 'Furnished', 'Area:', '102 m²', 'Available from:', '09 Nov']"
"Office For Sale in Taguig, Metro Manila",https://lifenavi.com/ph/properties/taguig/for-sale/office/for-sale-office-space-in-park-triangle-corporate-plaza-bgc-ln539406,"PHP 41,000,000","Taguig, Metro Manila",,121 m²,,,Vacant,Semi-Furnished,09 Nov 21:50,Grace L.,"['PHP 41,000,000', 'Taguig, Metro Manila', 'Status:', 'Vacant', 'Furnishing:', 'Semi-Furnished', 'Area:', '121 m²', 'Available from:', '09 Nov']"
"House and Lot For Sale in Silang, Calabarzon",https://lifenavi.com/ph/properties/silang/for-sale/house-and-lot/for-sale-5br-house-in-tokyo-mansions-at-south-forbes-cavite-ln921140,"PHP 90,000,000","Silang, Calabarzon",,600 m²,5+,5,Available from 09 Nov,,09 Nov 21:37,Grace L.,"['PHP 90,000,000', 'Silang, Calabarzon', 'Bedrooms:', '5+', 'Area:', '600 m²', 'Bathrooms:', '5', 'Available from:', '09 Nov']"
"House and Lot For Sale in 521, Madrigal Avenue, Muntinlupa",https://lifenavi.com/ph/properties/muntinlupa/for-sale/house-and-lot/for-sale-5br-house-for-sale-in-ayala-alabang-muntinlupa-ln330672,"PHP 210,000,000","521, Madrigal Avenue, Muntinlupa, Metro Manila, 1780",,652 m²,5+,6+,Available from 09 Nov,,09 Nov 21:26,Grace L.,"['PHP 210,000,000', '521, Madrigal Avenue, Muntinlupa, Metro Manila, 1780', 'Bedrooms:', '5+', 'Area:', '652 m²', 'Bathrooms:', '6+', 'Available from:', '09 Nov']"
"House and Lot For Sale in Calamba, Calabarzon",https://lifenavi.com/ph/properties/calamba/for-sale/house-and-lot/for-sale-house-lot-in-ayala-greenfield-estates-laguna-ln190291,"PHP 58,000,000","Calamba, Calabarzon, 4027",,604 m²,4,4,Available from 09 Nov,,09 Nov 21:16,Grace L.,"['PHP 58,000,000', 'Calamba, Calabarzon, 4027', 'Bedrooms:', '4', 'Area:', '604 m²', 'Bathrooms:', '4', 'Available from:', '09 Nov']"
"House and Lot For Sale in 103, Soliven III Avenue, Quezon City",https://lifenavi.com/ph/properties/quezon-city/for-sale/house-and-lot/for-sale-house-and-lot-in-loyola-grand-villas-qc-ln662271,"PHP 180,000,000","103, Soliven III Avenue, Quezon City, Metro Manila, 1800",,650 m²,5+,6+,Available from 09 Nov,,09 Nov 21:04,Grace L.,"['PHP 180,000,000', '103, Soliven III Avenue, Quezon City, Metro Manila, 1800', 'Bedrooms:', '5+', 'Area:', '650 m²', 'Bathrooms:', '6+', 'Available from:', '09 Nov']"
"House and Lot For Sale in Taguig, Metro Manila",https://lifenavi.com/ph/properties/taguig/for-sale/house-and-lot/for-sale-3br-house-lot-in-pacific-residences-subd-taguig-ln985392,"PHP 25,000,000","Taguig, Metro Manila",,330 m²,3,2,Available from 09 Nov,,09 Nov 20:52,Grace L.,"['PHP 25,000,000', 'Taguig, Metro Manila', 'Bedrooms:', '3', 'Area:', '330 m²', 'Bathrooms:', '2', 'Available from:', '09 Nov']"
"House and Lot For Sale in Antipolo, Calabarzon",https://lifenavi.com/ph/properties/antipolo/for-sale/house-and-lot/for-sale-2-storey-house-lot-in-golden-meadow-cainta-rizal-ln998133,"PHP 22,699,800","Antipolo, Calabarzon, 1870",,450 m²,5+,3,Available from 09 Nov,,09 Nov 20:42,Grace L.,"['PHP 22,699,800', 'Antipolo, Calabarzon, 1870', 'Bedrooms:', '5+', 'Area:', '450 m²', 'Bathrooms:', '3', 'Available from:', '09 Nov']"
"House and Lot For Sale in 90, Katipunan Extension, Quezon City",https://lifenavi.com/ph/properties/quezon-city/for-sale/house-and-lot/for-sale-3-storey-house-and-lot-in-vista-real-classica-qc-ln514215,"PHP 55,000,000","90, Katipunan Extension, Subd, Quezon City, Metro Manila, 1126",,1100 m²,5+,6+,Available from 09 Nov,,09 Nov 20:29,Grace L.,"['PHP 55,000,000', '90, Katipunan Extension, Subd, Quezon City, Metro Manila, 1126', 'Bedrooms:', '5+', 'Area:', '1100 m²', 'Bathrooms:', '6+', 'Available from:', '09 Nov']"
"House and Lot For Sale in 1, Beverly Boulevard, Las Piñas",https://lifenavi.com/ph/properties/las-pinas/for-sale/house-and-lot/for-sale-5br-house-lot-in-alabang-west-village-las-pinas-ln568025,"PHP 79,800,000","1, Beverly Boulevard, Alabang West, Las Piñas, Metro Manila",,476 m²,5+,6+,Available from 09 Nov,,09 Nov 20:15,Grace L.,"['PHP 79,800,000', '1, Beverly Boulevard, Alabang West, Las Piñas, Metro Manila', 'Bedrooms:', '5+', 'Area:', '476 m²', 'Bathrooms:', '6+', 'Available from:', '09 Nov']"
"House and Lot For Sale in Crown Alley, Antipolo",https://lifenavi.com/ph/properties/antipolo/for-sale/house-and-lot/for-sale-5-br-house-in-parkridge-estate-subd-antipolo-rizal-ln799863,"PHP 55,000,000","Crown Alley, Antipolo, Calabarzon, 1870",,657 m²,5+,6+,Available from 09 Nov,,09 Nov 20:04,Grace L.,"['PHP 55,000,000', 'Crown Alley, Antipolo, Calabarzon, 1870', 'Bedrooms:', '5+', 'Area:', '657 m²', 'Bathrooms:', '6+', 'Available from:', '09 Nov']"
"House and Lot For Sale in Prinza Street, General Trias",https://lifenavi.com/ph/properties/general-trias/for-sale/house-and-lot/for-sale-4br-house-in-cavite-city-rio-de-oro-residential-ln295126,"PHP 11,000,000","Prinza Street, General Trias, Calabarzon",,137 m²,4,3,Available from 09 Nov,,09 Nov 19:55,Grace L.,"['PHP 11,000,000', 'Prinza Street, General Trias, Calabarzon', 'Bedrooms:', '4', 'Area:', '137 m²', 'Bathrooms:', '3', 'Available from:', '09 Nov']"
"Commercial land For Sale in City of Santa Rosa, Calabarzon",https://lifenavi.com/ph/properties/city-of-santa-rosa/for-sale/commercial-land/lot-for-sale-in-laguna-ln694002,"PHP 15,656,103","City of Santa Rosa, Calabarzon",,449 m²,,,Vacant,Semi-Furnished,09 Nov 15:39,Grace L.,"['PHP 15,656,103', 'City of Santa Rosa, Calabarzon', 'Status:', 'Vacant', 'Furnishing:', 'Semi-Furnished', 'Area:', '449 m²', 'Available from:', '09 Nov']"
"Commercial land For Sale in Quezon City, Metro Manila",https://lifenavi.com/ph/properties/quezon-city/for-sale/land-only/residential-lot-for-sale-in-quezon-city-ln158130,"PHP 7,680,000","Diliman, Quezon City, Metro Manila",,192 m²,,,Vacant,Furnished,09 Nov 15:34,Grace L.,"['PHP 7,680,000', 'Diliman, Quezon City, Metro Manila', 'Status:', 'Vacant', 'Furnishing:', 'Furnished', 'Area:', '192 m²', 'Available from:', '09 Nov']"
"House and Lot For Sale in Tagaytay City, Calabarzon",https://lifenavi.com/ph/properties/tagaytay-city/for-sale/house-and-lot/8br-bali-inspired-airbnb-villa-house-and-lot-for-sale-ln325452,"PHP 110,000,000","Tagaytay City, Calabarzon",,800 m²,5+,6+,Available from 09 Nov,,09 Nov 15:27,Grace L.,"['PHP 110,000,000', 'Tagaytay City, Calabarzon', 'Bedrooms:', '5+', 'Area:', '800 m²', 'Bathrooms:', '6+', 'Available from:', '09 Nov']"
"House and Lot For Sale in 11, Picadilly, Muntinlupa",https://lifenavi.com/ph/properties/muntinlupa/for-sale/house-and-lot/9br-house-and-lot-for-sale-in-cupang-muntinlupa-city-ln718487,"PHP 48,000,000","11, Picadilly, Hillsborough Alabang Village, Muntinlupa, Metro Manila, 1771",,1000 m²,5+,6+,Available from 09 Nov,,09 Nov 14:43,Grace L.,"['PHP 48,000,000', '11, Picadilly, Hillsborough Alabang Village, Muntinlupa, Metro Manila, 1771', 'Bedrooms:', '5+', 'Area:', '1000 m²', 'Bathrooms:', '6+', 'Available from:', '09 Nov']"
"Entire building For Sale in Makati City, Metro Manila",https://lifenavi.com/ph/properties/makati-city/for-sale/entire-building/for-sale-building-in-makati-city-ln208662,"PHP 120,000,000","Makati City, Metro Manila",,1180 m²,5+,6+,Available from 09 Nov,,09 Nov 14:36,Grace L.,"['PHP 120,000,000', 'Makati City, Metro Manila', 'Bedrooms:', '5+', 'Area:', '1180 m²', 'Bathrooms:', '6+', 'Available from:', '09 Nov']"
"Entire building For Sale in Makati City, Metro Manila",https://lifenavi.com/ph/properties/makati-city/for-sale/entire-building/for-sale-6-storey-building-in-makati-ln131470,"PHP 280,000,000","Makati City, Metro Manila",,2000 m²,5+,6+,Available from 09 Nov,,09 Nov 14:32,Grace L.,"['PHP 280,000,000', 'Makati City, Metro Manila', 'Bedrooms:', '5+', 'Area:', '2000 m²', 'Bathrooms:', '6+', 'Available from:', '09 Nov']"
"House and Lot For Sale in Multinational Avenue, Parañaque",https://lifenavi.com/ph/properties/paranaque/for-sale/house-and-lot/4br-house-and-lot-for-sale-in-paranaque-city-near-naia-ln611419,"PHP 20,000,000","Multinational Avenue, Parañaque, Metro Manila, 1709",,240 m²,4,3,Available from 09 Nov,,09 Nov 14:31,Grace L.,"['PHP 20,000,000', 'Multinational Avenue, Parañaque, Metro Manila, 1709', 'Bedrooms:', '4', 'Area:', '240 m²', 'Bathrooms:', '3', 'Available from:', '09 Nov']"
"Entire building For Sale in Manila, Metro Manila",https://lifenavi.com/ph/properties/manila/for-sale/entire-building/for-sale-commercial-building-with-retail-space-in-manila-ln753375,PHP 0,"Ermita, Manila, Metro Manila, 1000",,4402 m²,5+,6+,Available from 09 Nov,,09 Nov 14:25,Grace L.,"['PHP 0', 'Ermita, Manila, Metro Manila, 1000', 'Bedrooms:', '5+', 'Area:', '4402 m²', 'Bathrooms:', '6+', 'Available from:', '09 Nov']"
"House and Lot For Sale in 18, Djakarta, Parañaque",https://lifenavi.com/ph/properties/paranaque/for-sale/house-and-lot/brand-new-5br-modern-house-and-lot-for-sale-in-paranaque-ln839859,"PHP 29,900,000","18, Djakarta, Parañaque, Metro Manila, 1718",,300 m²,5+,3,Available from 09 Nov,,09 Nov 14:19,Grace L.,"['PHP 29,900,000', '18, Djakarta, Parañaque, Metro Manila, 1718', 'Bedrooms:', '5+', 'Area:', '300 m²', 'Bathrooms:', '3', 'Available from:', '09 Nov']"
"Entire building For Sale in Makati City, Metro Manila",https://lifenavi.com/ph/properties/makati-city/for-sale/entire-building/for-sale-2-residential-building-in-makati-city-ln888501,"PHP 40,000,000","Makati City, Metro Manila",,550 m²,5+,6+,Available from 09 Nov,,09 Nov 14:08,Grace L.,"['PHP 40,000,000', 'Makati City, Metro Manila', 'Bedrooms:', '5+', 'Area:', '550 m²', 'Bathrooms:', '6+', 'Available from:', '09 Nov']"
"Condo For Sale in H.V. Dela Costa, Makati City",https://lifenavi.com/ph/properties/makati-city/for-sale/condo/1-bedroom-semi-furnished-condo-for-sale-in-makati-city-ln811741,"PHP 13,500,000","H.V. Dela Costa, Makati City, Metro Manila",,52.94 m²,1,1,Available from 09 Nov,,09 Nov 14:00,Grace L.,"['PHP 13,500,000', 'H.V. Dela Costa, Makati City, Metro Manila', 'Bedrooms:', '1', 'Area:', '52.94 m²', 'Bathrooms:', '1', 'Available from:', '09 Nov']"
"Entire building For Sale in Makati City, Metro Manila",https://lifenavi.com/ph/properties/makati-city/for-sale/entire-building/for-sale-1000-sqm-commercial-bldg-in-guadalupe-makati-ln315035,"PHP 120,000,000","Makati City, Kalakhang Maynila",,1000 m²,Studio,6+,Available from 09 Nov,,09 Nov 13:59,Grace L.,"['PHP 120,000,000', 'Makati City, Kalakhang Maynila', 'Bedrooms:', 'Studio', 'Area:', '1000 m²', 'Bathrooms:', '6+', 'Available from:', '09 Nov']"
"Entire building For Sale in Road 4, Pasay City",https://lifenavi.com/ph/properties/pasay-city/for-sale/entire-building/for-sale-residential-building-in-pasay-city-near-naia-ln880511,"PHP 42,000,000","Road 4, Pasay City, Metro Manila",,748 m²,5+,6+,Available from 09 Nov,,09 Nov 13:47,Grace L.,"['PHP 42,000,000', 'Road 4, Pasay City, Metro Manila', 'Bedrooms:', '5+', 'Area:', '748 m²', 'Bathrooms:', '6+', 'Available from:', '09 Nov']"
"Condo For Sale in Makati City, Metro Manila",https://lifenavi.com/ph/properties/makati-city/for-sale/condo/1br-condo-for-sale-in-trump-tower-makati-city-ln733290,"PHP 9,221,650","Makati City, Metro Manila",,58.65 m²,1,1,Available from 09 Nov,,09 Nov 13:44,Grace L.,"['PHP 9,221,650', 'Makati City, Metro Manila', 'Bedrooms:', '1', 'Area:', '58.65 m²', 'Bathrooms:', '1', 'Available from:', '09 Nov']"
"Condo For Sale in 3, Forbestown Road, Makati City",https://lifenavi.com/ph/properties/makati-city/for-sale/condo/2br-condo-for-sale-in-bellagio-tower-3-bgc-ln270554,"PHP 24,800,000","3, Forbestown Road, Makati City, Metro Manila, 1634",,95.2 m²,2,2,Available from 09 Nov,,09 Nov 13:37,Grace L.,"['PHP 24,800,000', '3, Forbestown Road, Makati City, Metro Manila, 1634', 'Bedrooms:', '2', 'Area:', '95.2 m²', 'Bathrooms:', '2', 'Available from:', '09 Nov']"
"Commercial floor For Sale in 5013, P Burgos Street, Makati City",https://lifenavi.com/ph/properties/makati-city/for-sale/commercial-floor/for-sale10-storey-commercial-building-makati-city-ln654794,"PHP 275,000,000","5013, P Burgos Street, Makati City, Metro Manila, 1210",,2156 m²,,,Vacant,Furnished,09 Nov 13:36,Grace L.,"['PHP 275,000,000', '5013, P Burgos Street, Makati City, Metro Manila, 1210', 'Status:', 'Vacant', 'Furnishing:', 'Furnished', 'Area:', '2156 m²', 'Available from:', '09 Nov']"
"Condo For Sale in H.V. Dela Costa, Makati City",https://lifenavi.com/ph/properties/makati-city/for-sale/condo/1br-condo-for-sale-in-salcedo-village-makati-city-ln849470,"PHP 15,500,000","H.V. Dela Costa, Makati City, Metro Manila",,52.19 m²,1,1,Available from 09 Nov,,09 Nov 13:30,Grace L.,"['PHP 15,500,000', 'H.V. Dela Costa, Makati City, Metro Manila', 'Bedrooms:', '1', 'Area:', '52.19 m²', 'Bathrooms:', '1', 'Available from:', '09 Nov']"
"Condo For Sale in H.V. Dela Costa, Makati City",https://lifenavi.com/ph/properties/makati-city/for-sale/condo/1br-semi-furnished-condo-for-sale-in-shang-salcedo-place-ln352538,"PHP 14,000,000","H.V. Dela Costa, Makati City, Metro Manila",,53.44 m²,1,1,Available from 09 Nov,,09 Nov 13:21,Grace L.,"['PHP 14,000,000', 'H.V. Dela Costa, Makati City, Metro Manila', 'Bedrooms:', '1', 'Area:', '53.44 m²', 'Bathrooms:', '1', 'Available from:', '09 Nov']"
"Condo For Sale in 14F, West Street, Makati City",https://lifenavi.com/ph/properties/makati-city/for-sale/condo/studio-unit-for-sale-in-park-terraces-makati-city-ln332185,"PHP 13,500,000","14F, West Street, Makati City, Metro Manila",,34 m²,Studio,1,Available from 09 Nov,,09 Nov 13:12,Grace L.,"['PHP 13,500,000', '14F, West Street, Makati City, Metro Manila', 'Bedrooms:', 'Studio', 'Area:', '34 m²', 'Bathrooms:', '1', 'Available from:', '09 Nov']"
"House and Lot For Sale in 1, Pearl Street, Pasig",https://lifenavi.com/ph/properties/pasig/for-sale/house-and-lot/for-sale-house-and-lot-in-pasig-greenland-village-pasig-ln758007,"PHP 7,000,000","1, Pearl Street, Pasig, Metro Manila, 1609",,116 m²,2,2,Available from 09 Nov,,09 Nov 13:11,Grace L.,"['PHP 7,000,000', '1, Pearl Street, Pasig, Metro Manila, 1609', 'Bedrooms:', '2', 'Area:', '116 m²', 'Bathrooms:', '2', 'Available from:', '09 Nov']"
"House and Lot For Sale in Parañaque, Metro Manila",https://lifenavi.com/ph/properties/paranaque/for-sale/house-and-lot/for-sale-4br-house-and-lot-in-bf-homes-paranaque-city-ln309636,"PHP 35,000,000","Parañaque, Metro Manila, 1700",,680 m²,4,4,Available from 09 Nov,,09 Nov 12:57,Grace L.,"['PHP 35,000,000', 'Parañaque, Metro Manila, 1700', 'Bedrooms:', '4', 'Area:', '680 m²', 'Bathrooms:', '4', 'Available from:', '09 Nov']"
"House and Lot For Sale in Santa Rosa - Tagaytay Road, Tagaytay City",https://lifenavi.com/ph/properties/tagaytay-city/for-sale/house-and-lot/for-sale-corner-house-and-lot-in-windsor-heights-tagaytay-ln309586,"PHP 35,000,000","Santa Rosa - Tagaytay Road, Tagaytay City, Calabarzon",,733 m²,3,4,Available from 09 Nov,,09 Nov 11:52,Grace L.,"['PHP 35,000,000', 'Santa Rosa - Tagaytay Road, Tagaytay City, Calabarzon', 'Bedrooms:', '3', 'Area:', '733 m²', 'Bathrooms:', '4', 'Available from:', '09 Nov']"
"Condo For Sale in Dela Rosa Access Road 3, Makati City",https://lifenavi.com/ph/properties/makati-city/for-sale/condo/1br-condo-unit-for-sale-in-kroma-tower-makati-city-ln236400,"PHP 11,000,000","Dela Rosa Access Road 3, Makati City, Metro Manila",,59 m²,1,1,Available from 09 Nov,,09 Nov 11:41,Grace L.,"['PHP 11,000,000', 'Dela Rosa Access Road 3, Makati City, Metro Manila', 'Bedrooms:', '1', 'Area:', '59 m²', 'Bathrooms:', '1', 'Available from:', '09 Nov']"
"Condo For Sale in Pasay City, Metro Manila",https://lifenavi.com/ph/properties/pasay-city/for-sale/condo/brand-new-condo-for-sale-in-pasay-city-ln224464,"PHP 28,000,000","Pasay City, Metro Manila",,141 m²,4,2,Available from 09 Nov,,09 Nov 11:10,Grace L.,"['PHP 28,000,000', 'Pasay City, Metro Manila', 'Bedrooms:', '4', 'Area:', '141 m²', 'Bathrooms:', '2', 'Available from:', '09 Nov']"
"Condo For Sale in 3158, J.P Rizal Road, Manila",https://lifenavi.com/ph/properties/manila/for-sale/condo/park-west-condominium-for-sale-in-bgc-taguig-ln747992,"PHP 20,000,000","3158, J.P Rizal Road, Manila, Metro Manila",,70 m²,2,2,Available from 09 Nov,,09 Nov 11:03,Grace L.,"['PHP 20,000,000', '3158, J.P Rizal Road, Manila, Metro Manila', 'Bedrooms:', '2', 'Area:', '70 m²', 'Bathrooms:', '2', 'Available from:', '09 Nov']"
"Condo For Sale in Pasig, Metro Manila",https://lifenavi.com/ph/properties/pasig/for-sale/condo/2br-condo-for-sale-in-renaissance-3000-pasig-city-ln306334,"PHP 18,500,000","Pasig, Metro Manila",,190 m²,2,3,Available from 09 Nov,,09 Nov 10:57,Grace L.,"['PHP 18,500,000', 'Pasig, Metro Manila', 'Bedrooms:', '2', 'Area:', '190 m²', 'Bathrooms:', '3', 'Available from:', '09 Nov']"
"Office For Sale in Epifanio de los Santos Avenue, Makati City",https://lifenavi.com/ph/properties/makati-city/for-sale/office/whole-floor-office-space-for-sale-in-pet-plans-tower-makati-ln432412,"PHP 46,000,000","Epifanio de los Santos Avenue, Makati City, Metro Manila",,266.55 m²,,,Vacant,Semi-Furnished,09 Nov 10:47,Grace L.,"['PHP 46,000,000', 'Epifanio de los Santos Avenue, Makati City, Metro Manila', 'Status:', 'Vacant', 'Furnishing:', 'Semi-Furnished', 'Area:', '266.55 m²', 'Available from:', '09 Nov']"
"Condo For Sale in 191, Salcedo, Makati City",https://lifenavi.com/ph/properties/makati-city/for-sale/condo/the-rise-1-bedroom-condo-for-sale-in-makati-city-ln875333,"PHP 5,500,000","191, Salcedo, Legazpi Village, Makati City, Kalakhang Maynila, 1229",,28.01 m²,1,1,Available from 09 Nov,,09 Nov 10:32,Grace L.,"['PHP 5,500,000', '191, Salcedo, Legazpi Village, Makati City, Kalakhang Maynila, 1229', 'Bedrooms:', '1', 'Area:', '28.01 m²', 'Bathrooms:', '1', 'Available from:', '09 Nov']"
"Condo For Sale in 191, Salcedo, Makati City",https://lifenavi.com/ph/properties/makati-city/for-sale/condo/for-sale-1br-condo-unit-in-makati-city-ln915545,"PHP 5,500,000","191, Salcedo, Legazpi Village, Makati City, Kalakhang Maynila, 1229",,28.01 m²,1,1,Available from 09 Nov,,09 Nov 10:25,Grace L.,"['PHP 5,500,000', '191, Salcedo, Legazpi Village, Makati City, Kalakhang Maynila, 1229', 'Bedrooms:', '1', 'Area:', '28.01 m²', 'Bathrooms:', '1', 'Available from:', '09 Nov']"
"Condo For Sale in 1, Burgos Circle, Makati City",https://lifenavi.com/ph/properties/makati-city/for-sale/condo/bellagio-tower-1-condo-unit-for-sale-located-in-bgc-ln770154,"PHP 13,300,000","1, Burgos Circle, Makati City, Metro Manila, 1634",,66.5 m²,1,1,Available from 09 Nov,,09 Nov 10:13,Grace L.,"['PHP 13,300,000', '1, Burgos Circle, Makati City, Metro Manila, 1634', 'Bedrooms:', '1', 'Area:', '66.5 m²', 'Bathrooms:', '1', 'Available from:', '09 Nov']"
"Condo For Sale in 23rd Street, Makati City",https://lifenavi.com/ph/properties/makati-city/for-sale/condo/1br-condo-for-sale-in-fairways-tower-bgc-ln580749,"PHP 11,200,000","23rd Street, Makati City, Metro Manila",,52 m²,1,1,Available from 09 Nov,,09 Nov 10:07,Grace L.,"['PHP 11,200,000', '23rd Street, Makati City, Metro Manila', 'Bedrooms:', '1', 'Area:', '52 m²', 'Bathrooms:', '1', 'Available from:', '09 Nov']"
"Condo For Sale in 1, 1st Avenue, Taguig",https://lifenavi.com/ph/properties/taguig/for-sale/condo/studio-type-condo-unit-for-sale-in-bellagio-2-bgc-ln366964,"PHP 10,000,000","1, 1st Avenue, Taguig, Metro Manila",,43 m²,Studio,1,Available from 09 Nov,,09 Nov 09:59,Grace L.,"['PHP 10,000,000', '1, 1st Avenue, Taguig, Metro Manila', 'Bedrooms:', 'Studio', 'Area:', '43 m²', 'Bathrooms:', '1', 'Available from:', '09 Nov']"
"House and Lot For Sale in Greenwoods Avenue, Cainta",https://lifenavi.com/ph/properties/cainta/for-sale/house-and-lot/rush-sale-high-ceiling-house-in-pasig-city-ln721556,"PHP 22,000,000","Greenwoods Avenue, Cainta, Metro Manila",,398 m²,5+,4,Available from 09 Nov,,09 Nov 09:40,Grace L.,"['PHP 22,000,000', 'Greenwoods Avenue, Cainta, Metro Manila', 'Bedrooms:', '5+', 'Area:', '398 m²', 'Bathrooms:', '4', 'Available from:', '09 Nov']"
"House and Lot For Sale in Bacoor, Calabarzon",https://lifenavi.com/ph/properties/bacoor/for-sale/house-and-lot/5br-house-and-lot-for-sale-in-verdana-homes-bacoor-cavite-ln337787,"PHP 49,000,000","Bacoor, Calabarzon",,356 m²,5+,5,Available from 09 Nov,,09 Nov 09:31,Grace L.,"['PHP 49,000,000', 'Bacoor, Calabarzon', 'Bedrooms:', '5+', 'Area:', '356 m²', 'Bathrooms:', '5', 'Available from:', '09 Nov']"
"House and Lot For Sale in 18, Djakarta, Parañaque",https://lifenavi.com/ph/properties/paranaque/for-sale/house-and-lot/5br-house-and-lot-for-sale-in-bf-homes-paranaque-city-ln379007,"PHP 45,000,000","18, Djakarta, Parañaque, Metro Manila, 1718",,430 m²,5+,4,Available from 09 Nov,,09 Nov 09:21,Grace L.,"['PHP 45,000,000', '18, Djakarta, Parañaque, Metro Manila, 1718', 'Bedrooms:', '5+', 'Area:', '430 m²', 'Bathrooms:', '4', 'Available from:', '09 Nov']"
"House and Lot For Sale in Alfonso, Calabarzon",https://lifenavi.com/ph/properties/alfonso/for-sale/house-and-lot/for-sale-4br-house-and-lot-in-ridgewoods-heights-tagaytay-ln295981,"PHP 24,800,000","Alfonso, Calabarzon",,480 m²,4,3,Available from 09 Nov,,09 Nov 09:11,Grace L.,"['PHP 24,800,000', 'Alfonso, Calabarzon', 'Bedrooms:', '4', 'Area:', '480 m²', 'Bathrooms:', '3', 'Available from:', '09 Nov']"
"House and Lot For Sale in 67, Angeles, Muntinlupa",https://lifenavi.com/ph/properties/muntinlupa/for-sale/house-and-lot/5br-house-for-sale-in-alabang-hills-village-muntilupa-city-ln509742,"PHP 150,000,000","67, Angeles, Muntinlupa, Metro Manila",,1284 m²,5+,5,Available from 09 Nov,,09 Nov 09:03,Grace L.,"['PHP 150,000,000', '67, Angeles, Muntinlupa, Metro Manila', 'Bedrooms:', '5+', 'Area:', '1284 m²', 'Bathrooms:', '5', 'Available from:', '09 Nov']"
"House and Lot For Sale in Lot 7, Lime, Cainta",https://lifenavi.com/ph/properties/cainta/for-sale/house-and-lot/rush-sale-brand-new-modern-house-and-lot-in-cainta-rizal-ln231597,"PHP 30,000,000","Lot 7, Lime, Cainta, Calabarzon, 1900",,720 m²,5+,6+,Available from 09 Nov,,09 Nov 08:56,Grace L.,"['PHP 30,000,000', 'Lot 7, Lime, Cainta, Calabarzon, 1900', 'Bedrooms:', '5+', 'Area:', '720 m²', 'Bathrooms:', '6+', 'Available from:', '09 Nov']"
"House and Lot For Sale in Marikina, Metro Manila",https://lifenavi.com/ph/properties/marikina/for-sale/house-and-lot/8br-house-for-sale-in-loyola-grand-villas-qc-ln190633,"PHP 125,000,000","Marikina, Metro Manila, 1800",,800 m²,5+,6+,Available from 09 Nov,,09 Nov 08:44,Grace L.,"['PHP 125,000,000', 'Marikina, Metro Manila, 1800', 'Bedrooms:', '5+', 'Area:', '800 m²', 'Bathrooms:', '6+', 'Available from:', '09 Nov']"
"House and Lot For Sale in 37, Sampaguita, Parañaque",https://lifenavi.com/ph/properties/paranaque/for-sale/house-and-lot/house-for-sale-in-tahanan-village-paranaque-city-ln855266,"PHP 28,000,000","37, Sampaguita, Tahanan Village, Parañaque, Metro Manila",,346 m²,4,4,Available from 09 Nov,,09 Nov 08:25,Grace L.,"['PHP 28,000,000', '37, Sampaguita, Tahanan Village, Parañaque, Metro Manila', 'Bedrooms:', '4', 'Area:', '346 m²', 'Bathrooms:', '4', 'Available from:', '09 Nov']"
"Residential floor For Sale in Camp Lapu-Lapu Road, Cebu City",https://lifenavi.com/ph/properties/cebu-city/for-sale/residential-floor/ready-studio-condo-for-sale-or-assume-in-mivela-cebu-city-ln520469,"PHP 4,800,000","Camp Lapu-Lapu Road, Cebu City, Central Visayas, 6000",,20 m²,Studio,1,Available from 31 Dec,,09 Nov 07:45,Nelson B.,"['PHP 4,800,000', 'Camp Lapu-Lapu Road, Cebu City, Central Visayas, 6000', 'Bedrooms:', 'Studio', 'Area:', '20 m²', 'Bathrooms:', '1', 'Available from:', '31 Dec']"
"Condo For Sale in Pasay City, Metro Manila",https://lifenavi.com/ph/properties/pasay-city/for-sale/condo/for-sale-1-bedroom-condo-at-parkside-villas-pasay-city-ln750643,"PHP 4,995,000","Pasay City, Metro Manila",,41 m²,1,1,Available from 08 Nov,,08 Nov 23:39,Grace L.,"['PHP 4,995,000', 'Pasay City, Metro Manila', 'Bedrooms:', '1', 'Area:', '41 m²', 'Bathrooms:', '1', 'Available from:', '08 Nov']"
"Condo For Sale in Quezon City, Metro Manila",https://lifenavi.com/ph/properties/quezon-city/for-sale/condo/for-sale-2-br-condo-in-majorca-residences-qc-ln515633,"PHP 10,500,000","Quezon City, Metro Manila",,68 m²,2,2,Available from 08 Nov,,08 Nov 23:28,Grace L.,"['PHP 10,500,000', 'Quezon City, Metro Manila', 'Bedrooms:', '2', 'Area:', '68 m²', 'Bathrooms:', '2', 'Available from:', '08 Nov']"
"Condo For Sale in 1634, 11th Avenue, Taguig",https://lifenavi.com/ph/properties/taguig/for-sale/condo/one-serendra-special-3-bedroom-unit-for-sale-in-taguig-ln915446,"PHP 120,000,000","1634, 11th Avenue, Taguig, Metro Manila",,268 m²,3,5,Available from 08 Nov,,08 Nov 23:13,Grace L.,"['PHP 120,000,000', '1634, 11th Avenue, Taguig, Metro Manila', 'Bedrooms:', '3', 'Area:', '268 m²', 'Bathrooms:', '5', 'Available from:', '08 Nov']"
"Condo For Sale in 10, South Union Drive, Taguig",https://lifenavi.com/ph/properties/taguig/for-sale/condo/for-sale-1-br-condo-at-avida-towers-vireo-taguig-ln214283,"PHP 5,000,000","10, South Union Drive, Taguig, Metro Manila, 1630",,23 m²,1,1,Available from 08 Nov,,08 Nov 22:57,Grace L.,"['PHP 5,000,000', '10, South Union Drive, Taguig, Metro Manila, 1630', 'Bedrooms:', '1', 'Area:', '23 m²', 'Bathrooms:', '1', 'Available from:', '08 Nov']"
"House and Lot For Sale in Daniel Street, Quezon City",https://lifenavi.com/ph/properties/quezon-city/for-sale/house-and-lot/for-sale-3-storey-house-and-lot-in-centerville-subd-qc-ln150013,"PHP 70,000,000","Daniel Street, Quezon City, Metro Manila",,650 m²,5+,6+,Available from 08 Nov,,08 Nov 22:11,Grace L.,"['PHP 70,000,000', 'Daniel Street, Quezon City, Metro Manila', 'Bedrooms:', '5+', 'Area:', '650 m²', 'Bathrooms:', '6+', 'Available from:', '08 Nov']"
"Condo For Sale in 2138, Aldecoa Street, Manila",https://lifenavi.com/ph/properties/manila/for-sale/condo/condo-unit-for-sale-in-admiral-baysuites-manila-ln675901,"PHP 18,750,000","2138, Aldecoa Street, Malate, Manila, Metro Manila, 1004",,100.3 m²,2,2,Available from 08 Nov,,08 Nov 21:11,Grace L.,"['PHP 18,750,000', '2138, Aldecoa Street, Malate, Manila, Metro Manila, 1004', 'Bedrooms:', '2', 'Area:', '100.3 m²', 'Bathrooms:', '2', 'Available from:', '08 Nov']"
"House and Lot For Sale in 1, Beverly Boulevard, Las Piñas",https://lifenavi.com/ph/properties/las-pinas/for-sale/house-and-lot/10br-house-and-lot-for-sale-in-alabang-west-village-ln616827,"PHP 220,000,000","1, Beverly Boulevard, Alabang West, Las Piñas, Metro Manila",,1407 m²,5+,6+,Available from 08 Nov,,08 Nov 20:59,Grace L.,"['PHP 220,000,000', '1, Beverly Boulevard, Alabang West, Las Piñas, Metro Manila', 'Bedrooms:', '5+', 'Area:', '1407 m²', 'Bathrooms:', '6+', 'Available from:', '08 Nov']"
"Condo For Sale in Rizal Drive, Taguig",https://lifenavi.com/ph/properties/taguig/for-sale/condo/for-sale-2br-tandem-unit-in-forbeswood-heights-bgc-ln212864,"PHP 15,500,000","Rizal Drive, Taguig, Metro Manila",,7 m²,2,2,Available from 08 Nov,,08 Nov 20:19,Grace L.,"['PHP 15,500,000', 'Rizal Drive, Taguig, Metro Manila', 'Bedrooms:', '2', 'Area:', '7 m²', 'Bathrooms:', '2', 'Available from:', '08 Nov']"
"House and Lot For Sale in San Juan, Antipolo",https://lifenavi.com/ph/properties/antipolo/for-sale/house-and-lot/house-and-lot-for-sale-in-sunvalley-estates-antipolo-ln891356,"PHP 48,000,000","San Juan, Padilla, Antipolo, Calabarzon, 1870",,447 m²,4,4,Available from 08 Nov,,08 Nov 16:43,Grace L.,"['PHP 48,000,000', 'San Juan, Padilla, Antipolo, Calabarzon, 1870', 'Bedrooms:', '4', 'Area:', '447 m²', 'Bathrooms:', '4', 'Available from:', '08 Nov']"
"House and Lot For Sale in South Boulevard, Silang",https://lifenavi.com/ph/properties/silang/for-sale/house-and-lot/house-and-lot-for-sale-in-bali-mansions-silang-cavite-ln180841,"PHP 32,000,000","South Boulevard, Silang, Calabarzon, 4118",,368 m²,4,5,Available from 08 Nov,,08 Nov 16:31,Grace L.,"['PHP 32,000,000', 'South Boulevard, Silang, Calabarzon, 4118', 'Bedrooms:', '4', 'Area:', '368 m²', 'Bathrooms:', '5', 'Available from:', '08 Nov']"
"Condo For Sale in Makati City, Metro Manila",https://lifenavi.com/ph/properties/makati-city/for-sale/condo/1br-condo-unit-for-sale-at-trump-tower-makati-city-ln677063,"PHP 9,221,650","Makati City, Metro Manila",,58.65 m²,1,1,Available from 08 Nov,,08 Nov 16:17,Grace L.,"['PHP 9,221,650', 'Makati City, Metro Manila', 'Bedrooms:', '1', 'Area:', '58.65 m²', 'Bathrooms:', '1', 'Available from:', '08 Nov']"
"Condo For Sale in Taguig, Metro Manila",https://lifenavi.com/ph/properties/taguig/for-sale/condo/condo-for-sale-at-west-gallery-place-taguig-ln501787,"PHP 61,000,000","Taguig, Metro Manila, 1634",,136 m²,2,2,Available from 08 Nov,,08 Nov 16:09,Grace L.,"['PHP 61,000,000', 'Taguig, Metro Manila, 1634', 'Bedrooms:', '2', 'Area:', '136 m²', 'Bathrooms:', '2', 'Available from:', '08 Nov']"
"Condo For Sale in Makati City, Metro Manila",https://lifenavi.com/ph/properties/makati-city/for-sale/condo/1br-condo-unit-for-sale-in-one-maridien-taguig-city-ln941942,"PHP 12,000,000","Makati City, Metro Manila",,40 m²,1,1,Available from 08 Nov,,08 Nov 16:00,Grace L.,"['PHP 12,000,000', 'Makati City, Metro Manila', 'Bedrooms:', '1', 'Area:', '40 m²', 'Bathrooms:', '1', 'Available from:', '08 Nov']"
"Villa For Sale in F Sarabia Sr Street, Tagaytay City",https://lifenavi.com/ph/properties/tagaytay-city/for-sale/villa/6br-villa-for-sale-in-tagaytay-city-ln459904,"PHP 47,000,000","F Sarabia Sr Street, Tagaytay City, Calabarzon",,888 m²,5+,5,Available from 08 Nov,,08 Nov 15:39,Grace L.,"['PHP 47,000,000', 'F Sarabia Sr Street, Tagaytay City, Calabarzon', 'Bedrooms:', '5+', 'Area:', '888 m²', 'Bathrooms:', '5', 'Available from:', '08 Nov']"
"Condo For Sale in 1203, Malugay, Makati City",https://lifenavi.com/ph/properties/makati-city/for-sale/condo/1br-condo-unit-for-sale-at-makati-city-ln245395,"PHP 6,000,000","1203, Malugay, Makati City, Kalakhang Maynila",,34.81 m²,1,1,Available from 08 Nov,,08 Nov 15:27,Grace L.,"['PHP 6,000,000', '1203, Malugay, Makati City, Kalakhang Maynila', 'Bedrooms:', '1', 'Area:', '34.81 m²', 'Bathrooms:', '1', 'Available from:', '08 Nov']"
"Residential floor For Sale in Tagaytay City, Calabarzon",https://lifenavi.com/ph/properties/tagaytay-city/for-sale/residential-floor/best-property-investment-in-tagaytay-ln274684,"PHP 10,000,000","Tagaytay City, Calabarzon",,30 m²,1,1,Available from 30 Nov,,08 Nov 15:02,Chaddy D.,"['PHP 10,000,000', 'Tagaytay City, Calabarzon', 'Bedrooms:', '1', 'Area:', '30 m²', 'Bathrooms:', '1', 'Available from:', '30 Nov']"
"Land only For Sale in Congressional Avenue, Dasmariñas",https://lifenavi.com/ph/properties/dasmarinas/for-sale/land-only/premium-lot-investment-ln290637,"PHP 2,400,000","Congressional Avenue, Dasmariñas, Calabarzon",,96 m²,3,3,Available from 30 Nov,,08 Nov 14:59,Chaddy D.,"['PHP 2,400,000', 'Congressional Avenue, Dasmariñas, Calabarzon', 'Bedrooms:', '3', 'Area:', '96 m²', 'Bathrooms:', '3', 'Available from:', '30 Nov']"
"House and Lot For Sale in 5c, Mahogany St, Bacoor",https://lifenavi.com/ph/properties/bacoor/for-sale/house-and-lot/rfo-units-in-dasmarinas-cavite-ln783423,"PHP 6,900,000","5c, Mahogany St, Bacoor, Calabarzon, 4102",,66 m²,3,2,Available from 31 Dec,,08 Nov 14:33,Chaddy D.,"['PHP 6,900,000', '5c, Mahogany St, Bacoor, Calabarzon, 4102', 'Bedrooms:', '3', 'Area:', '66 m²', 'Bathrooms:', '2', 'Available from:', '31 Dec']"
"Condo For Sale in Ortigas Avenue, Pasig",https://lifenavi.com/ph/properties/pasig/for-sale/condo/3-br-condo-for-sale-in-cdc-millennium-pasig-city-ln466863,"PHP 19,000,000","Ortigas Avenue, Ortigas Center, Pasig, Metro Manila",,81 m²,3,2,Available from 08 Nov,,08 Nov 14:13,Grace L.,"['PHP 19,000,000', 'Ortigas Avenue, Ortigas Center, Pasig, Metro Manila', 'Bedrooms:', '3', 'Area:', '81 m²', 'Bathrooms:', '2', 'Available from:', '08 Nov']"
"Condo For Sale in 112, Rada, Makati City",https://lifenavi.com/ph/properties/makati-city/for-sale/condo/modern-studio-condo-for-sale-in-greenbelt-chancellor-makati-ln212563,"PHP 5,880,000","112, Rada, Legazpi Village, Makati City, Metro Manila, 1223",,38 m²,Studio,1,Available from 08 Nov,,08 Nov 14:01,Grace L.,"['PHP 5,880,000', '112, Rada, Legazpi Village, Makati City, Metro Manila, 1223', 'Bedrooms:', 'Studio', 'Area:', '38 m²', 'Bathrooms:', '1', 'Available from:', '08 Nov']"
"Condo For Sale in Taguig, Metro Manila",https://lifenavi.com/ph/properties/taguig/for-sale/condo/1br-condo-for-sale-in-park-triangle-residences-taguig-cityh-ln731718,"PHP 17,500,000","Taguig, Metro Manila",,60 m²,1,1,Available from 08 Nov,,08 Nov 13:49,Grace L.,"['PHP 17,500,000', 'Taguig, Metro Manila', 'Bedrooms:', '1', 'Area:', '60 m²', 'Bathrooms:', '1', 'Available from:', '08 Nov']"
"Condo For Sale in 105, St.Jude, Pasig",https://lifenavi.com/ph/properties/pasig/for-sale/condo/studio-condo-for-sale-in-travertine-portico-pasig-city-ln476411,"PHP 5,500,000","105, St.Jude, Pasig, Metro Manila, 1605",,30 m²,Studio,1,Available from 08 Nov,,08 Nov 13:37,Grace L.,"['PHP 5,500,000', '105, St.Jude, Pasig, Metro Manila, 1605', 'Bedrooms:', 'Studio', 'Area:', '30 m²', 'Bathrooms:', '1', 'Available from:', '08 Nov']"
"Condo For Sale in 3, Eisenhower Street, San Juan City",https://lifenavi.com/ph/properties/san-juan-city/for-sale/condo/1-br-condo-for-sale-in-the-connor-greenhills-san-juan-ln618554,"PHP 13,450,000","3, Eisenhower Street, Greenhills, San Juan City, Metro Manila, 1502",,53 m²,1,1,Available from 08 Nov,,08 Nov 13:26,Grace L.,"['PHP 13,450,000', '3, Eisenhower Street, Greenhills, San Juan City, Metro Manila, 1502', 'Bedrooms:', '1', 'Area:', '53 m²', 'Bathrooms:', '1', 'Available from:', '08 Nov']"
"Condo For Sale in Agham Road, Quezon City",https://lifenavi.com/ph/properties/quezon-city/for-sale/condo/2br-condo-for-sale-in-high-park-vertis-north-quezon-city-ln196463,"PHP 23,000,000","Agham Road, Diliman, Quezon City, Metro Manila",,88 m²,2,2,Available from 08 Nov,,08 Nov 12:53,Grace L.,"['PHP 23,000,000', 'Agham Road, Diliman, Quezon City, Metro Manila', 'Bedrooms:', '2', 'Area:', '88 m²', 'Bathrooms:', '2', 'Available from:', '08 Nov']"
"Condo For Sale in 3, Newport Boulevard, Pasay City",https://lifenavi.com/ph/properties/pasay-city/for-sale/condo/1br-condo-for-sale-in-sarasota-residential-resort-pasay-city-ln192531,"PHP 8,000,000","3, Newport Boulevard, Pasay City, Metro Manila, 1309",,36 m²,1,1,Available from 08 Nov,,08 Nov 12:39,Grace L.,"['PHP 8,000,000', '3, Newport Boulevard, Pasay City, Metro Manila, 1309', 'Bedrooms:', '1', 'Area:', '36 m²', 'Bathrooms:', '1', 'Available from:', '08 Nov']"
"Condo For Sale in Makati City, Metro Manila",https://lifenavi.com/ph/properties/makati-city/for-sale/condo/1br-condo-for-sale-in-makati-ave-makati-city-ln912393,"PHP 9,221,650","Makati City, Metro Manila",,58.65 m²,1,1,Available from 08 Nov,,08 Nov 12:22,Grace L.,"['PHP 9,221,650', 'Makati City, Metro Manila', 'Bedrooms:', '1', 'Area:', '58.65 m²', 'Bathrooms:', '1', 'Available from:', '08 Nov']"
"Condo For Sale in Taguig, Metro Manila",https://lifenavi.com/ph/properties/taguig/for-sale/condo/3-br-corner-condo-for-sale-in-grand-hyatt-residences-taguig-ln868313,"PHP 135,000,000","Taguig, Metro Manila",,300 m²,3,3,Available from 08 Nov,,08 Nov 12:20,Grace L.,"['PHP 135,000,000', 'Taguig, Metro Manila', 'Bedrooms:', '3', 'Area:', '300 m²', 'Bathrooms:', '3', 'Available from:', '08 Nov']"
"Condo For Sale in Makati City, Metro Manila",https://lifenavi.com/ph/properties/makati-city/for-sale/condo/1br-condo-unit-for-sale-in-the-rise-makati-makati-city-ln171197,"PHP 5,500,000","Makati City, Metro Manila",,26 m²,1,1,Available from 08 Nov,,08 Nov 12:04,Grace L.,"['PHP 5,500,000', 'Makati City, Metro Manila', 'Bedrooms:', '1', 'Area:', '26 m²', 'Bathrooms:', '1', 'Available from:', '08 Nov']"
"Condo For Sale in H.V. Dela Costa, Makati City",https://lifenavi.com/ph/properties/makati-city/for-sale/condo/1br-semi-furnished-condo-for-sale-at-makati-city-ln816768,"PHP 14,000,000","H.V. Dela Costa, Makati City, Metro Manila",,53.44 m²,1,1,Available from 08 Nov,,08 Nov 11:44,Grace L.,"['PHP 14,000,000', 'H.V. Dela Costa, Makati City, Metro Manila', 'Bedrooms:', '1', 'Area:', '53.44 m²', 'Bathrooms:', '1', 'Available from:', '08 Nov']"
"Condo For Sale in 14F, West Street, Makati City",https://lifenavi.com/ph/properties/makati-city/for-sale/condo/studio-unit-for-sale-in-makati-city-ln703058,"PHP 13,500,000","14F, West Street, Makati City, Metro Manila",,34 m²,Studio,1,Available from 08 Nov,,08 Nov 11:34,Grace L.,"['PHP 13,500,000', '14F, West Street, Makati City, Metro Manila', 'Bedrooms:', 'Studio', 'Area:', '34 m²', 'Bathrooms:', '1', 'Available from:', '08 Nov']"
"Condo For Sale in H.V. Dela Costa, Makati City",https://lifenavi.com/ph/properties/makati-city/for-sale/condo/1br-condo-for-sale-in-shang-salcedo-place-makati-city-ln834672,"PHP 15,500,000","H.V. Dela Costa, Makati City, Metro Manila",,52 m²,1,1,Available from 08 Nov,,08 Nov 11:33,Grace L.,"['PHP 15,500,000', 'H.V. Dela Costa, Makati City, Metro Manila', 'Bedrooms:', '1', 'Area:', '52 m²', 'Bathrooms:', '1', 'Available from:', '08 Nov']"
"Condo For Rent in 1812, Taft Avenue, Pasay City",https://lifenavi.com/ph/properties/pasay-city/for-rent/condo/female-bedspace-for-rent-unit-1630-at-studio-zen-ln327725,"PHP 5,000/ month","1812, Taft Avenue, Pasay City, Metro Manila",,18 m²,Studio,1,Available from 08 Nov,,08 Nov 07:54,Armien C.,"['PHP 5,000/ month', '/ month', '1812, Taft Avenue, Pasay City, Metro Manila', 'Bedrooms:', 'Studio', 'Area:', '18 m²', 'Bathrooms:', '1', 'Available from:', '08 Nov']"
"Office For Sale in Taguig, Metro Manila",https://lifenavi.com/ph/properties/taguig/for-sale/condo/office-space-for-sale-in-park-triangle-plaza-taguig-city-ln894023,"PHP 41,000,000","Taguig, Metro Manila",,121 m²,,,Vacant,Semi-Furnished,07 Nov 09:04,Grace L.,"['PHP 41,000,000', 'Taguig, Metro Manila', 'Status:', 'Vacant', 'Furnishing:', 'Semi-Furnished', 'Area:', '121 m²', 'Available from:', '07 Nov']"
"Condo For Sale in East Capitol Drive, Pasig",https://lifenavi.com/ph/properties/pasig/for-sale/condo/3br-condo-for-sale-in-the-imperium-pasig-ln401363,"PHP 62,100,000","East Capitol Drive, Pasig, Metro Manila",,207 m²,4,4,Available from 07 Nov,,07 Nov 08:56,Grace L.,"['PHP 62,100,000', 'East Capitol Drive, Pasig, Metro Manila', 'Bedrooms:', '4', 'Area:', '207 m²', 'Bathrooms:', '4', 'Available from:', '07 Nov']"
"Condo For Sale in 2013, Chino Roces Avenue, Makati City",https://lifenavi.com/ph/properties/makati-city/for-sale/condo/2br-condo-for-sale-in-the-beacon-makati-city-ln967652,"PHP 6,800,000","2013, Chino Roces Avenue, Legazpi Village, Makati City, Metro Manila",,42 m²,2,2,Available from 07 Nov,,07 Nov 08:47,Grace L.,"['PHP 6,800,000', '2013, Chino Roces Avenue, Legazpi Village, Makati City, Metro Manila', 'Bedrooms:', '2', 'Area:', '42 m²', 'Bathrooms:', '2', 'Available from:', '07 Nov']"
"Condo For Sale in Florence Way, Taguig",https://lifenavi.com/ph/properties/taguig/for-sale/condo/1br-condo-for-sale-in-venice-luxury-residences-taguig-ln179373,"PHP 12,556,800","Florence Way, Taguig, Metro Manila",,66 m²,1,1,Available from 07 Nov,,07 Nov 08:42,Grace L.,"['PHP 12,556,800', 'Florence Way, Taguig, Metro Manila', 'Bedrooms:', '1', 'Area:', '66 m²', 'Bathrooms:', '1', 'Available from:', '07 Nov']"
"Condo For Sale in Makati City, Metro Manila",https://lifenavi.com/ph/properties/makati-city/for-sale/condo/1br-condo-unit-for-sale-in-avida-towers-asten-makati-city-ln159217,"PHP 6,000,000","Makati City, Metro Manila",,34 m²,1,1,Available from 07 Nov,,07 Nov 08:35,Grace L.,"['PHP 6,000,000', 'Makati City, Metro Manila', 'Bedrooms:', '1', 'Area:', '34 m²', 'Bathrooms:', '1', 'Available from:', '07 Nov']"
"Condo For Sale in 35th Street, Taguig",https://lifenavi.com/ph/properties/taguig/for-sale/condo/1br-condo-for-sale-in-the-montane-bgc-taguig-city-ln355678,"PHP 11,000,000","35th Street, Taguig, Metro Manila",,39 m²,1,1,Available from 07 Nov,,07 Nov 08:29,Grace L.,"['PHP 11,000,000', '35th Street, Taguig, Metro Manila', 'Bedrooms:', '1', 'Area:', '39 m²', 'Bathrooms:', '1', 'Available from:', '07 Nov']"
"Condo For Sale in 2, H.V. Dela Costa, Makati City",https://lifenavi.com/ph/properties/makati-city/for-sale/condo/36-sqm-studio-for-sale-in-salcedo-skysuites-makati-city-ln522720,"PHP 6,500,000","2, H.V. Dela Costa, Makati City, Metro Manila",,36 m²,Studio,1,Available from 07 Nov,,07 Nov 08:23,Grace L.,"['PHP 6,500,000', '2, H.V. Dela Costa, Makati City, Metro Manila', 'Bedrooms:', 'Studio', 'Area:', '36 m²', 'Bathrooms:', '1', 'Available from:', '07 Nov']"
"Office For Sale in Taguig, Metro Manila",https://lifenavi.com/ph/properties/taguig/for-sale/office/office-space-for-sale-in-park-triangle-north-tower-taguig-ln191296,"PHP 29,000,000","Taguig, Metro Manila",,102 m²,,,Vacant,Furnished,07 Nov 08:19,Grace L.,"['PHP 29,000,000', 'Taguig, Metro Manila', 'Status:', 'Vacant', 'Furnishing:', 'Furnished', 'Area:', '102 m²', 'Available from:', '07 Nov']"
"Residential floor For Rent in cor, Cardinal Rosales Avenue, Cebu City",https://lifenavi.com/ph/properties/cebu-city/for-rent/residential-floor/30-sqm-studio-condo-for-rent-in-taft-east-gate-cebu-city-ln394891,"PHP 25,000/ month","cor, Cardinal Rosales Avenue, Cebu City, Central Visayas, 6000",,30 m²,Studio,1,Available from 07 Nov,,07 Nov 08:07,Nelson B.,"['PHP 25,000/ month', '/ month', 'cor, Cardinal Rosales Avenue, Cebu City, Central Visayas, 6000', 'Bedrooms:', 'Studio', 'Area:', '30 m²', 'Bathrooms:', '1', 'Available from:', '07 Nov']"
"Office For Sale in 1, Calle Industria, Quezon City",https://lifenavi.com/ph/properties/quezon-city/for-sale/office/office-space-for-sale-at-aspire-tower-nuvo-city-quezon-city-ln933993,"PHP 168,000,000","1, Calle Industria, Quezon City, Metro Manila, 1109",,1023 m²,,,Vacant,Furnished,06 Nov 13:35,Grace L.,"['PHP 168,000,000', '1, Calle Industria, Quezon City, Metro Manila, 1109', 'Status:', 'Vacant', 'Furnishing:', 'Furnished', 'Area:', '1023 m²', 'Available from:', '06 Nov']"
"Condo For Sale in 1, Burgos Circle, Makati City",https://lifenavi.com/ph/properties/makati-city/for-sale/condo/1br-condo-for-sale-in-bgc-fort-bonifacio-taguig-city-ln999100,"PHP 13,300,000","1, Burgos Circle, Makati City, Metro Manila, 1634",,66 m²,1,1,Available from 06 Nov,,06 Nov 13:00,Grace L.,"['PHP 13,300,000', '1, Burgos Circle, Makati City, Metro Manila, 1634', 'Bedrooms:', '1', 'Area:', '66 m²', 'Bathrooms:', '1', 'Available from:', '06 Nov']"
"Condo For Sale in 23rd Street, Makati City",https://lifenavi.com/ph/properties/makati-city/for-sale/condo/1-bedroom-1br-condo-for-sale-in-bgc-fort-bonifacio-ln929637,"PHP 11,200,000","23rd Street, Makati City, Metro Manila",,52 m²,1,1,Available from 06 Nov,,06 Nov 12:09,Grace L.,"['PHP 11,200,000', '23rd Street, Makati City, Metro Manila', 'Bedrooms:', '1', 'Area:', '52 m²', 'Bathrooms:', '1', 'Available from:', '06 Nov']"
"House and Lot For Sale in Calamba, Calabarzon",https://lifenavi.com/ph/properties/calamba/for-sale/house-and-lot/house-and-lot-for-sale-in-ayala-greenfield-estates-laguna-ln492774,"PHP 58,000,000","Calamba, Calabarzon",,604 m²,4,4,Available from 06 Nov,,06 Nov 10:34,Grace L.,"['PHP 58,000,000', 'Calamba, Calabarzon', 'Bedrooms:', '4', 'Area:', '604 m²', 'Bathrooms:', '4', 'Available from:', '06 Nov']"
"House and Lot For Sale in Quezon City, Metro Manila",https://lifenavi.com/ph/properties/quezon-city/for-sale/house-and-lot/house-and-lot-with-pool-for-sale-in-loyola-grand-villas-qc-ln952952,"PHP 180,000,000","Quezon City, Metro Manila, 1800",,650 m²,5+,6+,Available from 06 Nov,,06 Nov 10:23,Grace L.,"['PHP 180,000,000', 'Quezon City, Metro Manila, 1800', 'Bedrooms:', '5+', 'Area:', '650 m²', 'Bathrooms:', '6+', 'Available from:', '06 Nov']"
"House and Lot For Sale in Taguig, Metro Manila",https://lifenavi.com/ph/properties/taguig/for-sale/house-and-lot/3-br-house-lot-for-sale-in-pacific-residences-subd-taguig-ln949577,"PHP 25,000,000","Taguig, Metro Manila",,330 m²,3,2,Available from 06 Nov,,06 Nov 10:10,Grace L.,"['PHP 25,000,000', 'Taguig, Metro Manila', 'Bedrooms:', '3', 'Area:', '330 m²', 'Bathrooms:', '2', 'Available from:', '06 Nov']"
"House and Lot For Sale in 2, Golden Meadows Avenue, Antipolo",https://lifenavi.com/ph/properties/antipolo/for-sale/house-and-lot/2-storey-house-lot-for-sale-in-golden-meadows-cainta-rizal-ln831981,"PHP 22,699,800","2, Golden Meadows Avenue, Antipolo, Calabarzon, 1870",,450 m²,5+,3,Available from 06 Nov,,06 Nov 09:52,Grace L.,"['PHP 22,699,800', '2, Golden Meadows Avenue, Antipolo, Calabarzon, 1870', 'Bedrooms:', '5+', 'Area:', '450 m²', 'Bathrooms:', '3', 'Available from:', '06 Nov']"
"House and Lot For Sale in Forbes Boulevard, Silang",https://lifenavi.com/ph/properties/silang/for-sale/house-and-lot/5br-house-for-sale-at-south-forbes-in-silang-cavite-city-ln489514,"PHP 90,000,000","Forbes Boulevard, Silang, Calabarzon",,600 m²,5+,5,Available from 06 Nov,,06 Nov 09:38,Grace L.,"['PHP 90,000,000', 'Forbes Boulevard, Silang, Calabarzon', 'Bedrooms:', '5+', 'Area:', '600 m²', 'Bathrooms:', '5', 'Available from:', '06 Nov']"
"House and Lot For Sale in Prinza Street, General Trias",https://lifenavi.com/ph/properties/general-trias/for-sale/house-and-lot/4-br-house-for-sale-in-rio-de-oro-residential-estate-cavite-ln860837,"PHP 11,000,000","Prinza Street, General Trias, Calabarzon",,137 m²,4,3,Available from 06 Nov,,06 Nov 09:25,Grace L.,"['PHP 11,000,000', 'Prinza Street, General Trias, Calabarzon', 'Bedrooms:', '4', 'Area:', '137 m²', 'Bathrooms:', '3', 'Available from:', '06 Nov']"
"House and Lot For Sale in Crown Alley, Antipolo",https://lifenavi.com/ph/properties/antipolo/for-sale/house-and-lot/5-br-house-for-sale-in-parkridge-estate-subd-antipolo-rizal-ln630792,"PHP 55,000,000","Crown Alley, Antipolo, Calabarzon, 1870",,657 m²,5+,6+,Available from 06 Nov,,06 Nov 09:09,Grace L.,"['PHP 55,000,000', 'Crown Alley, Antipolo, Calabarzon, 1870', 'Bedrooms:', '5+', 'Area:', '657 m²', 'Bathrooms:', '6+', 'Available from:', '06 Nov']"
"House and Lot For Sale in 2209, King's Road, Las Piñas",https://lifenavi.com/ph/properties/las-pinas/for-sale/house-and-lot/5-br-house-and-lot-for-sale-in-alabang-west-village-ln680530,"PHP 79,800,000","2209, King's Road, Las Piñas, Metro Manila, 1750",,476 m²,5+,6+,Available from 06 Nov,,06 Nov 08:57,Grace L.,"['PHP 79,800,000', ""2209, King's Road, Las Piñas, Metro Manila, 1750"", 'Bedrooms:', '5+', 'Area:', '476 m²', 'Bathrooms:', '6+', 'Available from:', '06 Nov']"
"House and Lot For Sale in Greenwoods Avenue, Cainta",https://lifenavi.com/ph/properties/cainta/for-sale/house-and-lot/high-ceiling-house-for-sale-in-pasig-city-ln618259,"PHP 22,000,000","Greenwoods Avenue, Cainta, Metro Manila",,398 m²,5+,4,Available from 05 Nov,,06 Nov 03:06,Grace L.,"['PHP 22,000,000', 'Greenwoods Avenue, Cainta, Metro Manila', 'Bedrooms:', '5+', 'Area:', '398 m²', 'Bathrooms:', '4', 'Available from:', '05 Nov']"
"House and Lot For Sale in 3, A. Dalisay, Parañaque",https://lifenavi.com/ph/properties/paranaque/for-sale/house-and-lot/5br-corner-house-and-lot-for-sale-in-bf-homes-paranaque-ln587892,"PHP 45,000,000","3, A. Dalisay, Parañaque, Kalakhang Maynila, 1700",,43 m²,5+,4,Available from 05 Nov,,06 Nov 02:41,Grace L.,"['PHP 45,000,000', '3, A. Dalisay, Parañaque, Kalakhang Maynila, 1700', 'Bedrooms:', '5+', 'Area:', '43 m²', 'Bathrooms:', '4', 'Available from:', '05 Nov']"
"Villa For Sale in 1B, Sweden, Quezon City",https://lifenavi.com/ph/properties/quezon-city/for-sale/villa/house-for-sale-at-quezon-city-ln703770,"PHP 125,000,000","1B, Sweden, Quezon City, Metro Manila, 1800",,800 m²,5+,4,Available from 06 Nov,,06 Nov 01:43,Grace L.,"['PHP 125,000,000', '1B, Sweden, Quezon City, Metro Manila, 1800', 'Bedrooms:', '5+', 'Area:', '800 m²', 'Bathrooms:', '4', 'Available from:', '06 Nov']"
"House and Lot For Sale in Silang, Calabarzon",https://lifenavi.com/ph/properties/silang/for-sale/house-and-lot/modern-house-and-lot-for-sale-in-silang-cavite-ln464370,"PHP 53,000,000","Silang, Calabarzon",,488 m²,4,4,Available from 06 Nov,,06 Nov 01:30,Grace L.,"['PHP 53,000,000', 'Silang, Calabarzon', 'Bedrooms:', '4', 'Area:', '488 m²', 'Bathrooms:', '4', 'Available from:', '06 Nov']"
"House and Lot For Sale in Antipolo, Calabarzon",https://lifenavi.com/ph/properties/antipolo/for-sale/house-and-lot/house-for-sale-in-antipolo-rizal-6br-ln659426,"PHP 95,000,000","Antipolo, Calabarzon, 1870",,2350 m²,5+,6+,Available from 05 Nov,,06 Nov 00:50,Grace L.,"['PHP 95,000,000', 'Antipolo, Calabarzon, 1870', 'Bedrooms:', '5+', 'Area:', '2350 m²', 'Bathrooms:', '6+', 'Available from:', '05 Nov']"
"Condo For Sale in 2138, Aldecoa Street, Manila",https://lifenavi.com/ph/properties/manila/for-sale/condo/2br-condo-unit-for-sale-at-admiral-baysuites-manila-ln250613,"PHP 18,750,000","2138, Aldecoa Street, Malate, Manila, Metro Manila, 1004",,100.3 m²,2,2,Available from 05 Nov,,06 Nov 00:31,Grace L.,"['PHP 18,750,000', '2138, Aldecoa Street, Malate, Manila, Metro Manila, 1004', 'Bedrooms:', '2', 'Area:', '100.3 m²', 'Bathrooms:', '2', 'Available from:', '05 Nov']"
"House and Lot For Sale in 1, Beverly Boulevard, Las Piñas",https://lifenavi.com/ph/properties/las-pinas/for-sale/house-and-lot/for-sale-brand-new-house-and-lot-in-alabang-west-village-ln730859,"PHP 220,000,000","1, Beverly Boulevard, Alabang West, Las Piñas, Metro Manila",,1407 m²,5+,6+,Available from 05 Nov,,06 Nov 00:14,Grace L.,"['PHP 220,000,000', '1, Beverly Boulevard, Alabang West, Las Piñas, Metro Manila', 'Bedrooms:', '5+', 'Area:', '1407 m²', 'Bathrooms:', '6+', 'Available from:', '05 Nov']"
"Condo For Rent in 799, Epifanio de los Santos Avenue, Quezon City",https://lifenavi.com/ph/properties/quezon-city/for-rent/condo/condo-unit-for-rent-24th-flr-tower-b-victoria-sports-tower-ln100990,"PHP 21,500/ month","799, Epifanio de los Santos Avenue, Diliman, Quezon City, Metro Manila, 1103",,27 m²,1,1,Available from 05 Nov,,06 Nov 00:13,Armien C.,"['PHP 21,500/ month', '/ month', '799, Epifanio de los Santos Avenue, Diliman, Quezon City, Metro Manila, 1103', 'Bedrooms:', '1', 'Area:', '27 m²', 'Bathrooms:', '1', 'Available from:', '05 Nov']"
"House and Lot For Sale in Dasmariñas, Calabarzon",https://lifenavi.com/ph/properties/dasmarinas/for-sale/house-and-lot/house-and-lot-for-sale-in-orchard-golf-and-country-club-ln705419,"PHP 32,000,000","Salitran, Dasmariñas, Calabarzon",,301 m²,4,4,Available from 06 Nov,,06 Nov 00:13,Grace L.,"['PHP 32,000,000', 'Salitran, Dasmariñas, Calabarzon', 'Bedrooms:', '4', 'Area:', '301 m²', 'Bathrooms:', '4', 'Available from:', '06 Nov']"
"House and Lot For Sale in 56, CRM Rebecca, Las Piñas",https://lifenavi.com/ph/properties/las-pinas/for-sale/house-and-lot/for-sale-brand-new-modern-industrial-home-in-alabang-west-ln136839,"PHP 90,800,000","56, CRM Rebecca, Las Piñas, Metro Manila",,709 m²,5+,6+,Available from 05 Nov,,06 Nov 00:00,Grace L.,"['PHP 90,800,000', '56, CRM Rebecca, Las Piñas, Metro Manila', 'Bedrooms:', '5+', 'Area:', '709 m²', 'Bathrooms:', '6+', 'Available from:', '05 Nov']"
"Condo For Sale in McKinley Hill Drive, Taguig",https://lifenavi.com/ph/properties/taguig/for-sale/condo/cozy-studio-in-stamford-executive-residences-mckinley-hill-ln734284,"PHP 4,500,000","McKinley Hill Drive, Taguig, Metro Manila",,22 m²,Studio,1,Available from 05 Nov,,05 Nov 23:45,Grace L.,"['PHP 4,500,000', 'McKinley Hill Drive, Taguig, Metro Manila', 'Bedrooms:', 'Studio', 'Area:', '22 m²', 'Bathrooms:', '1', 'Available from:', '05 Nov']"
"Townhouse For Sale in 14, Acacia, Quezon City",https://lifenavi.com/ph/properties/quezon-city/for-sale/townhouse/for-sale-modern-corner-townhouse-in-palm-royale-new-manila-ln436090,"PHP 65,000,000","14, Acacia, Quezon City, Metro Manila, 1112",,547 m²,5+,5,Available from 05 Nov,,05 Nov 23:32,Grace L.,"['PHP 65,000,000', '14, Acacia, Quezon City, Metro Manila, 1112', 'Bedrooms:', '5+', 'Area:', '547 m²', 'Bathrooms:', '5', 'Available from:', '05 Nov']"
"Condo For Sale in 1, Florence Way, Taguig",https://lifenavi.com/ph/properties/taguig/for-sale/condo/for-sale-studio-in-venice-luxury-residences-taguig-city-ln567978,"PHP 6,500,000","1, Florence Way, Taguig, Metro Manila, 1630",,40 m²,Studio,1,Available from 05 Nov,,05 Nov 22:47,Grace L.,"['PHP 6,500,000', '1, Florence Way, Taguig, Metro Manila, 1630', 'Bedrooms:', 'Studio', 'Area:', '40 m²', 'Bathrooms:', '1', 'Available from:', '05 Nov']"
"Condo For Sale in De Jesus Oval, Taguig",https://lifenavi.com/ph/properties/taguig/for-sale/condo/modern-luxury-condo-unit-for-sale-at-the-icon-residences-ln879197,"PHP 14,000,000","De Jesus Oval, Taguig, Metro Manila",,61 m²,1,1,Available from 05 Nov,,05 Nov 22:10,Grace L.,"['PHP 14,000,000', 'De Jesus Oval, Taguig, Metro Manila', 'Bedrooms:', '1', 'Area:', '61 m²', 'Bathrooms:', '1', 'Available from:', '05 Nov']"
"Condo For Sale in Two Serendra, Makati City",https://lifenavi.com/ph/properties/makati-city/for-sale/condo/modern-comfort-unit-in-two-serendra-for-sale-red-oak-tower-ln570707,"PHP 19,000,000","Two Serendra, Makati City, Metro Manila",,65 m²,1,1,Available from 05 Nov,,05 Nov 19:56,Grace L.,"['PHP 19,000,000', 'Two Serendra, Makati City, Metro Manila', 'Bedrooms:', '1', 'Area:', '65 m²', 'Bathrooms:', '1', 'Available from:', '05 Nov']"
"Condo For Sale in Rizal Drive, Taguig",https://lifenavi.com/ph/properties/taguig/for-sale/condo/for-sale-fully-renovated-2br-tandem-unit-in-forbeswood-ln137855,"PHP 15,500,000","Rizal Drive, Taguig, Metro Manila",,73 m²,2,2,Available from 05 Nov,,05 Nov 19:31,Grace L.,"['PHP 15,500,000', 'Rizal Drive, Taguig, Metro Manila', 'Bedrooms:', '2', 'Area:', '73 m²', 'Bathrooms:', '2', 'Available from:', '05 Nov']"
"House and Lot For Sale in Sun Valley East Drive, Antipolo",https://lifenavi.com/ph/properties/antipolo/for-sale/house-and-lot/brand-new-house-for-sale-in-west-end-sun-valley-estates-ln616551,"PHP 48,000,000","Sun Valley East Drive, Antipolo, Calabarzon, 1870",,447 m²,4,4,Available from 05 Nov,,05 Nov 19:17,Grace L.,"['PHP 48,000,000', 'Sun Valley East Drive, Antipolo, Calabarzon, 1870', 'Bedrooms:', '4', 'Area:', '447 m²', 'Bathrooms:', '4', 'Available from:', '05 Nov']"
"Condo For Sale in Makati City, Metro Manila",https://lifenavi.com/ph/properties/makati-city/for-sale/condo/for-sale-trump-tower-located-in-makati-city-ln887575,"PHP 9,221,650","Makati City, Metro Manila",,58.65 m²,1,1,Available from 05 Nov,,05 Nov 17:18,Grace L.,"['PHP 9,221,650', 'Makati City, Metro Manila', 'Bedrooms:', '1', 'Area:', '58.65 m²', 'Bathrooms:', '1', 'Available from:', '05 Nov']"
"Condo For Sale in Taguig, Metro Manila",https://lifenavi.com/ph/properties/taguig/for-sale/condo/2br-condo-unit-for-sale-in-bgc-taguig-ln998513,"PHP 61,000,000","Taguig, Metro Manila, 1634",,136 m²,2,2,Available from 05 Nov,,05 Nov 16:58,Grace L.,"['PHP 61,000,000', 'Taguig, Metro Manila, 1634', 'Bedrooms:', '2', 'Area:', '136 m²', 'Bathrooms:', '2', 'Available from:', '05 Nov']"
"Condo For Sale in Quezon City, Metro Manila",https://lifenavi.com/ph/properties/quezon-city/for-sale/condo/2-br-condo-for-sale-at-majorca-residences-circulo-verde-qc-ln117791,"PHP 10,500,000","Quezon City, Metro Manila",,68 m²,2,2,Available from 05 Nov,,05 Nov 15:04,Grace L.,"['PHP 10,500,000', 'Quezon City, Metro Manila', 'Bedrooms:', '2', 'Area:', '68 m²', 'Bathrooms:', '2', 'Available from:', '05 Nov']"
"Condo For Sale in Parkside Road, Pasay City",https://lifenavi.com/ph/properties/pasay-city/for-sale/condo/1-bedroom-condo-for-sale-at-parkside-villas-pasay-city-ln443728,"PHP 4,995,000","Parkside Road, Pasay City, Metro Manila",,41 m²,1,1,Available from 05 Nov,,05 Nov 14:23,Grace L.,"['PHP 4,995,000', 'Parkside Road, Pasay City, Metro Manila', 'Bedrooms:', '1', 'Area:', '41 m²', 'Bathrooms:', '1', 'Available from:', '05 Nov']"
"Penthouse For Sale in One Serendra, McKinley Parkway, Taguig",https://lifenavi.com/ph/properties/taguig/for-sale/penthouse/3-bedroompenthouse-for-sale-at-one-serendra-taguig-city-ln422785,"PHP 120,000,000","One Serendra, McKinley Parkway, Taguig, Metro Manila",,268 m²,3,5,Available from 05 Nov,,05 Nov 13:36,Grace L.,"['PHP 120,000,000', 'One Serendra, McKinley Parkway, Taguig, Metro Manila', 'Bedrooms:', '3', 'Area:', '268 m²', 'Bathrooms:', '5', 'Available from:', '05 Nov']"
"Condo For Sale in Makati City, Metro Manila",https://lifenavi.com/ph/properties/makati-city/for-sale/condo/condo-unit-for-sale-in-one-maridien-bgc-taguig-city-ln692929,"PHP 12,000,000","Makati City, Metro Manila",,40 m²,1,1,Available from 05 Nov,,05 Nov 13:06,Grace L.,"['PHP 12,000,000', 'Makati City, Metro Manila', 'Bedrooms:', '1', 'Area:', '40 m²', 'Bathrooms:', '1', 'Available from:', '05 Nov']"
"Condo For Sale in 10, South Union Drive, Taguig",https://lifenavi.com/ph/properties/taguig/for-sale/condo/avida-towers-vireo-condo-for-sale-taguig-city-ln270998,"PHP 5,000,000","10, South Union Drive, Taguig, Metro Manila, 1630",,23.4 m²,1,1,Available from 05 Nov,,05 Nov 12:34,Grace L.,"['PHP 5,000,000', '10, South Union Drive, Taguig, Metro Manila, 1630', 'Bedrooms:', '1', 'Area:', '23.4 m²', 'Bathrooms:', '1', 'Available from:', '05 Nov']"
"Villa For Sale in Tagaytay City, Calabarzon",https://lifenavi.com/ph/properties/tagaytay-city/for-sale/villa/for-sale-house-villa-located-at-tagaytay-ln148887,"PHP 47,000,000","Tagaytay City, Calabarzon",,888 m²,5+,4,Available from 05 Nov,,05 Nov 12:34,Grace L.,"['PHP 47,000,000', 'Tagaytay City, Calabarzon', 'Bedrooms:', '5+', 'Area:', '888 m²', 'Bathrooms:', '4', 'Available from:', '05 Nov']"
"Condo For Sale in Makati City, Metro Manila",https://lifenavi.com/ph/properties/makati-city/for-sale/condo/condo-for-sale-at-avida-towers-asten-makati-ln795124,"PHP 6,000,000","Makati City, Metro Manila, 1226",,34.81 m²,1,1,Available from 05 Nov,,05 Nov 12:08,Grace L.,"['PHP 6,000,000', 'Makati City, Metro Manila, 1226', 'Bedrooms:', '1', 'Area:', '34.81 m²', 'Bathrooms:', '1', 'Available from:', '05 Nov']"
"House and Lot For Sale in Daniel Street, Quezon City",https://lifenavi.com/ph/properties/quezon-city/for-sale/house-and-lot/3-storey-house-and-lot-for-sale-in-centerville-subd-qc-ln304832,"PHP 70,000,000","Daniel Street, Quezon City, Metro Manila",,650 m²,5+,6+,Available from 05 Nov,,05 Nov 11:50,Grace L.,"['PHP 70,000,000', 'Daniel Street, Quezon City, Metro Manila', 'Bedrooms:', '5+', 'Area:', '650 m²', 'Bathrooms:', '6+', 'Available from:', '05 Nov']"
"Penthouse For Sale in Makati City, Metro Manila",https://lifenavi.com/ph/properties/makati-city/for-sale/penthouse/3br-penthouse-unit-for-sale-in-trump-tower-makati-city-ln130401,"PHP 82,000,000","Makati City, Metro Manila",,266 m²,3,3,Available from 04 Nov,,04 Nov 21:12,Grace L.,"['PHP 82,000,000', 'Makati City, Metro Manila', 'Bedrooms:', '3', 'Area:', '266 m²', 'Bathrooms:', '3', 'Available from:', '04 Nov']"
"House and Lot For Sale in Biñan, Calabarzon",https://lifenavi.com/ph/properties/binan/for-sale/house-and-lot/modern-house-in-brentville-international-laguna-for-sale-ln898230,"PHP 88,000,000","Biñan, Calabarzon",,560 m²,5+,6+,Available from 04 Nov,,04 Nov 20:46,Grace L.,"['PHP 88,000,000', 'Biñan, Calabarzon', 'Bedrooms:', '5+', 'Area:', '560 m²', 'Bathrooms:', '6+', 'Available from:', '04 Nov']"
"Condo For Rent in Pasig, Metro Manila",https://lifenavi.com/ph/properties/pasig/for-rent/condo/fully-furnished-2-bedroom-unit-for-rent-at-cdc-millennium-ortigas-ad-671-ln626199,"PHP 160,000/ month","Ortigas Center, Pasig, Metro Manila",,140 m²,2,2,Available from 27 Mar,,04 Nov 14:08,Housing I.,"['PHP 160,000/ month', '/ month', 'Ortigas Center, Pasig, Metro Manila', 'Bedrooms:', '2', 'Area:', '140 m²', 'Bathrooms:', '2', 'Available from:', '27 Mar']"
"Condo For Rent in Pasig, Metro Manila",https://lifenavi.com/ph/properties/pasig/for-rent/condo/fully-furnished-3-bedroom-unit-for-rent-at-cdc-millenium-ortigas-ad-670-ln341173,"PHP 200,000/ month","Ortigas Center, Pasig, Metro Manila",,169 m²,3,3,Available from 27 Mar,,04 Nov 14:08,Housing I.,"['PHP 200,000/ month', '/ month', 'Ortigas Center, Pasig, Metro Manila', 'Bedrooms:', '3', 'Area:', '169 m²', 'Bathrooms:', '3', 'Available from:', '27 Mar']"
"Condo For Rent in Bayani Road, Taguig",https://lifenavi.com/ph/properties/taguig/for-rent/condo/for-lease-3br-corner-unit-sapphire-residences-ad-669-ln138018,"PHP 140,000/ month","Bayani Road, Taguig, Metro Manila, 1630",,130 m²,3,3,Available from 27 Mar,,04 Nov 14:07,Housing I.,"['PHP 140,000/ month', '/ month', 'Bayani Road, Taguig, Metro Manila, 1630', 'Bedrooms:', '3', 'Area:', '130 m²', 'Bathrooms:', '3', 'Available from:', '27 Mar']"
"House and Lot For Rent in 109, Eulogio Rodriguez Jr. Avenue, Pasig",https://lifenavi.com/ph/properties/pasig/for-rent/house-and-lot/house-and-lot-with-garden-for-lease-at-valle-verde-2-ad-668-ln923590,"PHP 140,000/ month","109, Eulogio Rodriguez Jr. Avenue, Pasig, Metro Manila",,00 m²,3,4,Available from 1 May,,04 Nov 14:07,Housing I.,"['PHP 140,000/ month', '/ month', '109, Eulogio Rodriguez Jr. Avenue, Pasig, Metro Manila', 'Bedrooms:', '3', 'Area:', '00 m²', 'Bathrooms:', '4', 'Available from:', '1 May']"
"Condo For Rent in 218, Legaspi, Makati City",https://lifenavi.com/ph/properties/makati-city/for-rent/condo/fully-furnished-1br-unit-with-balcony-and-parking-for-lease-in-park-terraces-ad-667-ln975328,"PHP 110,000/ month","218, Legaspi, Makati City, Metro Manila, 2000",,70 m²,1,1,Available from 27 Mar,,04 Nov 14:07,Housing I.,"['PHP 110,000/ month', '/ month', '218, Legaspi, Makati City, Metro Manila, 2000', 'Bedrooms:', '1', 'Area:', '70 m²', 'Bathrooms:', '1', 'Available from:', '27 Mar']"
"Land only For Rent in Quezon City, Metro Manila",https://lifenavi.com/ph/properties/quezon-city/for-rent/land-only/two-storey-house-and-lot-for-salelease-at-casa-milan-ad-666-ln601617,"PHP 120,000/ month","Quezon City, Metro Manila",,300 m²,4,3,Available from 27 Mar,,04 Nov 14:07,Housing I.,"['PHP 120,000/ month', '/ month', 'Quezon City, Metro Manila', 'Bedrooms:', '4', 'Area:', '300 m²', 'Bathrooms:', '3', 'Available from:', '27 Mar']"
"House and Lot For Sale in 405, La Mesa, Muntinlupa",https://lifenavi.com/ph/properties/muntinlupa/for-sale/house-and-lot/brand-new-3-storey-house-and-lot-w-elevator-for-sale-at-ayala-alabang-village-ad-665-ln565740,"PHP 255,000,000","405, La Mesa, Muntinlupa, Metro Manila, 1780",,900 m²,5+,1,Available from 27 Mar,,04 Nov 14:07,Housing I.,"['PHP 255,000,000', '405, La Mesa, Muntinlupa, Metro Manila, 1780', 'Bedrooms:', '5+', 'Area:', '900 m²', 'Bathrooms:', '1', 'Available from:', '27 Mar']"
Condo For Rent in Makati City,https://lifenavi.com/ph/properties/makati-city/for-rent/condo/semi-furnished-3br-unit-with-balcony-and-parking-for-lease-in-proscenium-at-rockwell-ad-664-ln544247,"PHP 240,000/ month","Rockwell Center, Makati City",,224 m²,3,3,Available from 27 Mar,,04 Nov 14:07,Housing I.,"['PHP 240,000/ month', '/ month', 'Rockwell Center, Makati City', 'Bedrooms:', '3', 'Area:', '224 m²', 'Bathrooms:', '3', 'Available from:', '27 Mar']"
Land only For Sale in Cavite,https://lifenavi.com/ph/properties/cavite/for-sale/land-only/commercial-district-lot-for-sale-at-maple-grove-general-trias-ad-663-ln241234,"PHP 52,380,000","General Trias, Cavite",,00 m²,Studio,1,Available from 27 Mar,,04 Nov 14:07,Housing I.,"['PHP 52,380,000', 'General Trias, Cavite', 'Bedrooms:', 'Studio', 'Area:', '00 m²', 'Bathrooms:', '1', 'Available from:', '27 Mar']"
Condo For Rent in Taguig,https://lifenavi.com/ph/properties/taguig/for-rent/condo/fully-furnished-4br-unit-with-balcony-and-parking-for-lease-in-east-gallery-place-ad-661-ln235566,"PHP 507,000/ month","Fort Bonifacio Global City, Taguig",,338 m²,4,3,Available from 27 Mar,,04 Nov 14:07,Housing I.,"['PHP 507,000/ month', '/ month', 'Fort Bonifacio Global City, Taguig', 'Bedrooms:', '4', 'Area:', '338 m²', 'Bathrooms:', '3', 'Available from:', '27 Mar']"
"Land only For Rent in 140, J.B. Miguel, Pasig",https://lifenavi.com/ph/properties/pasig/for-rent/land-only/industrial-lot-acessible-to-40-footer-for-sale-at-brgy-bambang-pasig-city-ad-660-ln758214,"PHP 2,851,585/ month","140, J.B. Miguel, Pasig, Metro Manila, 1600",,00 m²,Studio,1,Available from 27 Mar,,04 Nov 14:07,Housing I.,"['PHP 2,851,585/ month', '/ month', '140, J.B. Miguel, Pasig, Metro Manila, 1600', 'Bedrooms:', 'Studio', 'Area:', '00 m²', 'Bathrooms:', '1', 'Available from:', '27 Mar']"
"Warehouse For Sale in 320, A. Mabini, Caloocan",https://lifenavi.com/ph/properties/caloocan/for-sale/warehouse/two-storey-warehouse-for-sale-at-caloocan-city-ad-659-ln946385,"PHP 60,000,000","320, A. Mabini, Caloocan, Metro Manila, 1400",,600 m²,,,Vacant,Semi-Furnished,04 Nov 14:07,Housing I.,"['PHP 60,000,000', '320, A. Mabini, Caloocan, Metro Manila, 1400', 'Status:', 'Vacant', 'Furnishing:', 'Semi-Furnished', 'Area:', '600 m²', 'Available from:', '27 Mar']"
"Warehouse For Sale in 320, A. Mabini, Caloocan",https://lifenavi.com/ph/properties/caloocan/for-sale/warehouse/two-storey-warehouse-for-sale-at-caloocan-city-ad-659-ln946385,"PHP 60,000,000","320, A. Mabini, Caloocan, Metro Manila, 1400",,600 m²,,,Vacant,Semi-Furnished,04 Nov 14:07,Housing I.,"['PHP 60,000,000', '320, A. Mabini, Caloocan, Metro Manila, 1400', 'Status:', 'Vacant', 'Furnishing:', 'Semi-Furnished', 'Area:', '600 m²', 'Available from:', '27 Mar']"
Condo For Rent in Makati City,https://lifenavi.com/ph/properties/makati-city/for-rent/condo/fully-furnished-3br-unit-with-parking-for-lease-in-twin-towers-ad-658-ln442863,"PHP 180,000/ month","Ayala Avenue, Makati City",,127 m²,2,2,Available from 27 Mar,,04 Nov 14:07,Housing I.,"['PHP 180,000/ month', '/ month', 'Ayala Avenue, Makati City', 'Bedrooms:', '2', 'Area:', '127 m²', 'Bathrooms:', '2', 'Available from:', '27 Mar']"
Condo For Rent in Makati City,https://lifenavi.com/ph/properties/makati-city/for-rent/condo/1br-for-rent-in-one-central-makati-ad-657-ln290382,"PHP 45,000/ month","Salcedo Village, Makati City",,47 m²,1,1,Available from 28 Mar,,04 Nov 14:07,Housing I.,"['PHP 45,000/ month', '/ month', 'Salcedo Village, Makati City', 'Bedrooms:', '1', 'Area:', '47 m²', 'Bathrooms:', '1', 'Available from:', '28 Mar']"
Condo For Rent in Makati City,https://lifenavi.com/ph/properties/makati-city/for-rent/condo/1br-unit-for-lease-in-air-residences-makati-ad-656-ln556772,"PHP 28,000/ month","San Antonio Village, Makati City",,27 m²,1,1,Available from 28 Mar,,04 Nov 14:07,Housing I.,"['PHP 28,000/ month', '/ month', 'San Antonio Village, Makati City', 'Bedrooms:', '1', 'Area:', '27 m²', 'Bathrooms:', '1', 'Available from:', '28 Mar']"
Condo For Rent in Taguig,https://lifenavi.com/ph/properties/taguig/for-rent/condo/for-lease-3br-unit-the-grand-hamptons-ad-655-ln808577,"PHP 100,000/ month","Fort Bonifacio Global City, Taguig",,119 m²,3,2,Available from 28 Mar,,04 Nov 14:07,Housing I.,"['PHP 100,000/ month', '/ month', 'Fort Bonifacio Global City, Taguig', 'Bedrooms:', '3', 'Area:', '119 m²', 'Bathrooms:', '2', 'Available from:', '28 Mar']"
Condo For Rent in Taguig,https://lifenavi.com/ph/properties/taguig/for-rent/condo/fully-furnished-3br-unit-for-lease-at-tuscany-private-estates-ad-654-ln258371,"PHP 110,000/ month","Mckinley Hill, Taguig",,134 m²,3,3,Available from 28 Mar,,04 Nov 14:07,Housing I.,"['PHP 110,000/ month', '/ month', 'Mckinley Hill, Taguig', 'Bedrooms:', '3', 'Area:', '134 m²', 'Bathrooms:', '3', 'Available from:', '28 Mar']"
"Condo For Rent in Bayani Road, Taguig",https://lifenavi.com/ph/properties/taguig/for-rent/condo/fully-furnished-3br-unit-for-salelease-at-verve-residence-tower-2-ad-653-ln657096,"PHP 140,000/ month","Bayani Road, Taguig, Metro Manila, 1630",,126 m²,3,3,Available from 28 Mar,,04 Nov 14:07,Housing I.,"['PHP 140,000/ month', '/ month', 'Bayani Road, Taguig, Metro Manila, 1630', 'Bedrooms:', '3', 'Area:', '126 m²', 'Bathrooms:', '3', 'Available from:', '28 Mar']"
"Condo For Rent in Ayala Avenue, Makati City",https://lifenavi.com/ph/properties/makati-city/for-rent/condo/fully-furnished-2br-unit-with-parking-for-lease-in-twin-towers-ad-652-ln317702,"PHP 180,000/ month","Ayala Avenue, Makati City, Metro Manila",,271 m²,2,2,Available from 28 Mar,,04 Nov 14:07,Housing I.,"['PHP 180,000/ month', '/ month', 'Ayala Avenue, Makati City, Metro Manila', 'Bedrooms:', '2', 'Area:', '271 m²', 'Bathrooms:', '2', 'Available from:', '28 Mar']"
"Condo For Rent in Bayani Road, Taguig",https://lifenavi.com/ph/properties/taguig/for-rent/condo/fully-furnished-2br-unit-for-lease-in-uptown-ritz-residence-ad-651-ln666298,"PHP 100,000/ month","Bayani Road, Taguig, Metro Manila, 1630",,80 m²,2,2,Available from 28 Mar,,04 Nov 14:07,Housing I.,"['PHP 100,000/ month', '/ month', 'Bayani Road, Taguig, Metro Manila, 1630', 'Bedrooms:', '2', 'Area:', '80 m²', 'Bathrooms:', '2', 'Available from:', '28 Mar']"
For Rent in Pasay,https://lifenavi.com/ph/properties/pasay/for-rent/commercial/office-space-for-lease-in-pasay-city-ad-650-ln110171,"PHP 241,500/ month","Roxas Boulevard, Pasay",,345 m²,,,Vacant,Semi-Furnished,04 Nov 14:07,Housing I.,"['PHP 241,500/ month', '/ month', 'Roxas Boulevard, Pasay', 'Status:', 'Vacant', 'Furnishing:', 'Semi-Furnished', 'Area:', '345 m²', 'Available from:', '27 Mar']"
For Rent in Pasay,https://lifenavi.com/ph/properties/pasay/for-rent/commercial/office-space-for-lease-in-pasay-ad-649-ln765528,"PHP 170,800/ month","Roxas Boulevard, Pasay",,244 m²,,,Vacant,Semi-Furnished,04 Nov 14:07,Housing I.,"['PHP 170,800/ month', '/ month', 'Roxas Boulevard, Pasay', 'Status:', 'Vacant', 'Furnishing:', 'Semi-Furnished', 'Area:', '244 m²', 'Available from:', '28 Mar']"
Condo For Sale in Makati City,https://lifenavi.com/ph/properties/makati-city/for-sale/condo/modern-1-bedroom-unit-for-sale-in-jazz-residences-ad-648-ln368308,"PHP 6,000,000","Bel-Air  I Village, Makati City",,32 m²,1,1,Available from 2 Apr,,04 Nov 14:07,Housing I.,"['PHP 6,000,000', 'Bel-Air  I Village, Makati City', 'Bedrooms:', '1', 'Area:', '32 m²', 'Bathrooms:', '1', 'Available from:', '2 Apr']"
Condo For Rent in Taguig,https://lifenavi.com/ph/properties/taguig/for-rent/condo/fully-furnished-3br-unit-for-rent-in-two-serendra-ad-647-ln924060,"PHP 165,000/ month","Fort Bonifacio Global City, Taguig",,125 m²,3,3,Available from 2 Apr,,04 Nov 14:07,Housing I.,"['PHP 165,000/ month', '/ month', 'Fort Bonifacio Global City, Taguig', 'Bedrooms:', '3', 'Area:', '125 m²', 'Bathrooms:', '3', 'Available from:', '2 Apr']"
Condo For Rent in Makati City,https://lifenavi.com/ph/properties/makati-city/for-rent/condo/fully-furnihsed-2br-unit-with-balcony-and-parkling-for-leasesale-in-frabella-i-ad-646-ln222129,"PHP 150,000/ month","Legaspi Village, Makati City",,151 m²,2,2,Available from 2 Apr,,04 Nov 14:07,Housing I.,"['PHP 150,000/ month', '/ month', 'Legaspi Village, Makati City', 'Bedrooms:', '2', 'Area:', '151 m²', 'Bathrooms:', '2', 'Available from:', '2 Apr']"
Condo For Sale in Makati City,https://lifenavi.com/ph/properties/makati-city/for-sale/condo/bare-3br-unit-with-parking-for-sale-in-the-shang-grand-tower-ad-645-ln931782,"PHP 60,000,000","Legaspi Village, Makati City",,237 m²,3,3,Available from 2 Apr,,04 Nov 14:07,Housing I.,"['PHP 60,000,000', 'Legaspi Village, Makati City', 'Bedrooms:', '3', 'Area:', '237 m²', 'Bathrooms:', '3', 'Available from:', '2 Apr']"
Condo For Rent in Taguig,https://lifenavi.com/ph/properties/taguig/for-rent/condo/fully-furnished-3br-unit-with-balcony-and-parking-for-lease-in-bellagio-2-ad-644-ln737743,"PHP 330,000/ month","Fort Bonifacio Global City, Taguig",,170 m²,2,2,Available from 2 Apr,,04 Nov 14:07,Housing I.,"['PHP 330,000/ month', '/ month', 'Fort Bonifacio Global City, Taguig', 'Bedrooms:', '2', 'Area:', '170 m²', 'Bathrooms:', '2', 'Available from:', '2 Apr']"
For Rent in Pasig,https://lifenavi.com/ph/properties/pasig/for-rent/commercial/office-space-for-lease-in-pasig-ad-643-ln437680,"PHP 1,225,608/ month","Ortigas Center, Pasig",,1532.01 m²,,,Vacant,Furnished,04 Nov 14:07,Housing I.,"['PHP 1,225,608/ month', '/ month', 'Ortigas Center, Pasig', 'Status:', 'Vacant', 'Furnishing:', 'Furnished', 'Area:', '1532.01 m²', 'Available from:', '2 Apr']"
Condo For Rent in Makati City,https://lifenavi.com/ph/properties/makati-city/for-rent/condo/bare-3br-unit-with-balcony-and-parking-for-lease-in-proscenium-at-rockwell-ad-642-ln739970,"PHP 390,000/ month","Rockwell Center, Makati City",,315 m²,3,3,Available from 2 Apr,,04 Nov 14:07,Housing I.,"['PHP 390,000/ month', '/ month', 'Rockwell Center, Makati City', 'Bedrooms:', '3', 'Area:', '315 m²', 'Bathrooms:', '3', 'Available from:', '2 Apr']"
Condo For Rent in Makati City,https://lifenavi.com/ph/properties/makati-city/for-rent/condo/unfurnished-studio-unit-for-rent-at-centuria-medical-makati-ad-641-ln950207,"PHP 40,000/ month","Century City, Makati City",,31 m²,Studio,1,Available from 2 Apr,,04 Nov 14:07,Housing I.,"['PHP 40,000/ month', '/ month', 'Century City, Makati City', 'Bedrooms:', 'Studio', 'Area:', '31 m²', 'Bathrooms:', '1', 'Available from:', '2 Apr']"
Condo For Rent in Makati City,https://lifenavi.com/ph/properties/makati-city/for-rent/condo/semi-furnished-3bedroom-for-sale-at-proscenium-at-rockwell-ad-640-ln500335,"PHP 375,000/ month","Rockwell Center, Makati City",,224 m²,3,3,Available from 2 Apr,,04 Nov 14:07,Housing I.,"['PHP 375,000/ month', '/ month', 'Rockwell Center, Makati City', 'Bedrooms:', '3', 'Area:', '224 m²', 'Bathrooms:', '3', 'Available from:', '2 Apr']"
Condo For Rent in Taguig,https://lifenavi.com/ph/properties/taguig/for-rent/condo/semi-furnished-2br-unit-with-balcony-and-parking-for-lease-in-one-mckinley-place-ad-639-ln537356,"PHP 110,000/ month","Fort Bonifacio Global City, Taguig",,114 m²,2,2,Available from 3 Apr,,04 Nov 14:07,Housing I.,"['PHP 110,000/ month', '/ month', 'Fort Bonifacio Global City, Taguig', 'Bedrooms:', '2', 'Area:', '114 m²', 'Bathrooms:', '2', 'Available from:', '3 Apr']"
Condo For Rent in Taguig,https://lifenavi.com/ph/properties/taguig/for-rent/condo/fully-furnished-3br-unit-with-parking-for-lease-in-grand-hyatt-residences-ad-638-ln745002,"PHP 225,000/ month","Fort Bonifacio Global City, Taguig",,133 m²,3,3,Available from 3 Apr,,04 Nov 14:06,Housing I.,"['PHP 225,000/ month', '/ month', 'Fort Bonifacio Global City, Taguig', 'Bedrooms:', '3', 'Area:', '133 m²', 'Bathrooms:', '3', 'Available from:', '3 Apr']"
Condo For Rent in Taguig,https://lifenavi.com/ph/properties/taguig/for-rent/condo/fully-furnished-3br-unit-with-parking-for-lease-in-the-suites-ad-637-ln723129,"PHP 450,000/ month","Fort Bonifacio Global City, Taguig",,212 m²,3,3,Available from 3 Apr,,04 Nov 14:06,Housing I.,"['PHP 450,000/ month', '/ month', 'Fort Bonifacio Global City, Taguig', 'Bedrooms:', '3', 'Area:', '212 m²', 'Bathrooms:', '3', 'Available from:', '3 Apr']"
Condo For Sale in Taguig,https://lifenavi.com/ph/properties/taguig/for-sale/condo/fully-furnished-4br-unit-with-parking-for-sale-in-the-suites-ad-636-ln712812,"PHP 175,000,000","Fort Bonifacio Global City, Taguig",,286 m²,4,3,Available from 3 Apr,,04 Nov 14:06,Housing I.,"['PHP 175,000,000', 'Fort Bonifacio Global City, Taguig', 'Bedrooms:', '4', 'Area:', '286 m²', 'Bathrooms:', '3', 'Available from:', '3 Apr']"
Condo For Rent in Makati City,https://lifenavi.com/ph/properties/makati-city/for-rent/condo/a-fancy-2bedroom-condo-in-the-heart-of-makati-ad-635-ln839330,"PHP 100,000/ month","Legaspi Village, Makati City",,130 m²,2,2,Available from 4 Apr,,04 Nov 14:06,Housing I.,"['PHP 100,000/ month', '/ month', 'Legaspi Village, Makati City', 'Bedrooms:', '2', 'Area:', '130 m²', 'Bathrooms:', '2', 'Available from:', '4 Apr']"
"House and Lot For Sale in Ifugao Street, Quezon City",https://lifenavi.com/ph/properties/quezon-city/for-sale/house-and-lot/modern-designed-timeless-house-for-sale-in-pansol-quezon-city-ad-634-ln509386,"PHP 560,000,000","Ifugao Street, Quezon City, Metro Manila, 1800",,1800 m²,4,4,Available from 4 Apr,,04 Nov 14:06,Housing I.,"['PHP 560,000,000', 'Ifugao Street, Quezon City, Metro Manila, 1800', 'Bedrooms:', '4', 'Area:', '1800 m²', 'Bathrooms:', '4', 'Available from:', '4 Apr']"
Condo For Rent in Makati City,https://lifenavi.com/ph/properties/makati-city/for-rent/condo/fully-furnished-2br-unit-with-parking-for-lease-in-one-rockwell-west-ad-633-ln193709,"PHP 120,000/ month","Rockwell Center, Makati City",,106 m²,2,2,Available from 4 Apr,,04 Nov 14:06,Housing I.,"['PHP 120,000/ month', '/ month', 'Rockwell Center, Makati City', 'Bedrooms:', '2', 'Area:', '106 m²', 'Bathrooms:', '2', 'Available from:', '4 Apr']"
Condo For Rent in Makati City,https://lifenavi.com/ph/properties/makati-city/for-rent/condo/fully-furnished-3br-unit-with-parking-for-leasesale-in-edades-tower-ad-632-ln887110,"PHP 240,000/ month","Rockwell Center, Makati City",,232 m²,3,3,Available from 4 Apr,,04 Nov 14:06,Housing I.,"['PHP 240,000/ month', '/ month', 'Rockwell Center, Makati City', 'Bedrooms:', '3', 'Area:', '232 m²', 'Bathrooms:', '3', 'Available from:', '4 Apr']"
Condo For Rent in Makati City,https://lifenavi.com/ph/properties/makati-city/for-rent/condo/semi-furnished-3br-unit-with-parking-for-lease-in-one-rockwell-west-ad-631-ln473807,"PHP 160,000/ month","Rockwell Center, Makati City",,145 m²,3,3,Available from 4 Apr,,04 Nov 14:06,Housing I.,"['PHP 160,000/ month', '/ month', 'Rockwell Center, Makati City', 'Bedrooms:', '3', 'Area:', '145 m²', 'Bathrooms:', '3', 'Available from:', '4 Apr']"
Condo For Rent in Makati City,https://lifenavi.com/ph/properties/makati-city/for-rent/condo/a-fancy-2-bedroom-condominium-in-the-heart-of-makati-ad-630-ln517103,"PHP 100,000/ month","Legaspi Village, Makati City",,130 m²,Studio,1,Available from 1 Apr,,04 Nov 14:06,Housing I.,"['PHP 100,000/ month', '/ month', 'Legaspi Village, Makati City', 'Bedrooms:', 'Studio', 'Area:', '130 m²', 'Bathrooms:', '1', 'Available from:', '1 Apr']"
House and Lot For Rent in Makati City,https://lifenavi.com/ph/properties/makati-city/for-rent/house-and-lot/3br-house-for-lease-in-san-lorenzo-village-ad-629-ln725570,"PHP 240,000/ month","San Lorenzo Village, Makati City",,425 m²,3,3,Available from 28 May,,04 Nov 14:06,Housing I.,"['PHP 240,000/ month', '/ month', 'San Lorenzo Village, Makati City', 'Bedrooms:', '3', 'Area:', '425 m²', 'Bathrooms:', '3', 'Available from:', '28 May']"
"Condo For Rent in 56, Estrella, Makati City",https://lifenavi.com/ph/properties/makati-city/for-rent/condo/fully-furnished-3br-unit-with-parking-for-lease-in-one-rockwell-west-tower-ad-628-ln899679,"PHP 160,000/ month","56, Estrella, Makati City, Metro Manila",,137 m²,3,3,Available from 8 Apr,,04 Nov 14:06,Housing I.,"['PHP 160,000/ month', '/ month', '56, Estrella, Makati City, Metro Manila', 'Bedrooms:', '3', 'Area:', '137 m²', 'Bathrooms:', '3', 'Available from:', '8 Apr']"
Condo For Sale in Makati City,https://lifenavi.com/ph/properties/makati-city/for-sale/condo/for-sale-studio-in-antel-spa-residences-ad-627-ln525462,"PHP 3,500,000","Makati City Ave, Makati City",,23.5 m²,Studio,1,Available from 8 Apr,,04 Nov 14:06,Housing I.,"['PHP 3,500,000', 'Makati City Ave, Makati City', 'Bedrooms:', 'Studio', 'Area:', '23.5 m²', 'Bathrooms:', '1', 'Available from:', '8 Apr']"
Condo For Rent in Taguig,https://lifenavi.com/ph/properties/taguig/for-rent/condo/fully-furnished-2br-unit-with-parking-for-lease-in-one-serendra-ad-626-ln402196,"PHP 180,000/ month","Fort Bonifacio Global City, Taguig",,180 m²,2,2,Available from 8 Apr,,04 Nov 14:06,Housing I.,"['PHP 180,000/ month', '/ month', 'Fort Bonifacio Global City, Taguig', 'Bedrooms:', '2', 'Area:', '180 m²', 'Bathrooms:', '2', 'Available from:', '8 Apr']"
Condo For Rent in Taguig,https://lifenavi.com/ph/properties/taguig/for-rent/condo/fully-3br-unit-with-parking-for-sale-in-the-suites-ad-625-ln999133,"PHP 450,000/ month","Fort Bonifacio Global City, Taguig",,250 m²,3,3,Available from 8 Apr,,04 Nov 14:06,Housing I.,"['PHP 450,000/ month', '/ month', 'Fort Bonifacio Global City, Taguig', 'Bedrooms:', '3', 'Area:', '250 m²', 'Bathrooms:', '3', 'Available from:', '8 Apr']"
Condo For Rent in Taguig,https://lifenavi.com/ph/properties/taguig/for-rent/condo/furnished-2br-unit-for-lease-in-bellagio-3-ad-624-ln867953,"PHP 85,000/ month","Fort Bonifacio Global City, Taguig",,88 m²,2,2,Available from 10 Apr,,04 Nov 14:06,Housing I.,"['PHP 85,000/ month', '/ month', 'Fort Bonifacio Global City, Taguig', 'Bedrooms:', '2', 'Area:', '88 m²', 'Bathrooms:', '2', 'Available from:', '10 Apr']"
Condo For Rent in Taguig,https://lifenavi.com/ph/properties/taguig/for-rent/condo/fully-furnished-1br-unit-with-balcony-and-parking-for-lease-in-one-serendra-ad-622-ln752656,"PHP 120,000/ month","Fort Bonifacio Global City, Taguig",,89 m²,1,1,Available from 10 Apr,,04 Nov 14:06,Housing I.,"['PHP 120,000/ month', '/ month', 'Fort Bonifacio Global City, Taguig', 'Bedrooms:', '1', 'Area:', '89 m²', 'Bathrooms:', '1', 'Available from:', '10 Apr']"
Condo For Rent in Makati City,https://lifenavi.com/ph/properties/makati-city/for-rent/condo/semi-furnished-3br-unit-with-parking-for-lease-in-pacific-plaza-ayala-ad-621-ln719494,"PHP 160,000/ month","Ayala Avenue, Makati City",,185 m²,3,2,Available from 10 Apr,,04 Nov 14:06,Housing I.,"['PHP 160,000/ month', '/ month', 'Ayala Avenue, Makati City', 'Bedrooms:', '3', 'Area:', '185 m²', 'Bathrooms:', '2', 'Available from:', '10 Apr']"
Condo For Rent in Makati City,https://lifenavi.com/ph/properties/makati-city/for-rent/condo/fully-furnished-3br-unit-with-parking-for-lease-in-escala-salcedo-ad-620-ln383243,"PHP 250,000/ month","Salcedo Village, Makati City",,238 m²,3,3,Available from 23 Jan,,04 Nov 14:06,Housing I.,"['PHP 250,000/ month', '/ month', 'Salcedo Village, Makati City', 'Bedrooms:', '3', 'Area:', '238 m²', 'Bathrooms:', '3', 'Available from:', '23 Jan']"
Condo For Rent in Makati City,https://lifenavi.com/ph/properties/makati-city/for-rent/condo/semi-furnished-3br-unit-with-parking-for-lease-in-two-roxas-triangle-ad-619-ln774134,"PHP 350,000/ month","Makati City Ave, Makati City",,330 m²,3,3,Available from 11 Apr,,04 Nov 14:06,Housing I.,"['PHP 350,000/ month', '/ month', 'Makati City Ave, Makati City', 'Bedrooms:', '3', 'Area:', '330 m²', 'Bathrooms:', '3', 'Available from:', '11 Apr']"
Condo For Sale in Makati City,https://lifenavi.com/ph/properties/makati-city/for-sale/condo/fully-furnished-3br-unit-with-parking-for-sale-in-the-residences-at-greenbelt-ad-618-ln886022,"PHP 75,480,000","Legaspi Village, Makati City",,189 m²,3,3,Available from 14 Apr,,04 Nov 14:06,Housing I.,"['PHP 75,480,000', 'Legaspi Village, Makati City', 'Bedrooms:', '3', 'Area:', '189 m²', 'Bathrooms:', '3', 'Available from:', '14 Apr']"
Condo For Rent in Makati City,https://lifenavi.com/ph/properties/makati-city/for-rent/condo/fully-furnished-2br-unit-with-parking-for-salelease-in-one-rockwell-ad-617-ln134323,"PHP 100,000/ month","Rockwell Center, Makati City",,96 m²,2,2,Available from 14 Apr,,04 Nov 14:06,Housing I.,"['PHP 100,000/ month', '/ month', 'Rockwell Center, Makati City', 'Bedrooms:', '2', 'Area:', '96 m²', 'Bathrooms:', '2', 'Available from:', '14 Apr']"
"Condo For Sale in Laguna Heights Drive, Muntinlupa",https://lifenavi.com/ph/properties/muntinlupa/for-sale/condo/fully-furnished-5br-unit-with-parking-for-sale-in-botanika-nature-residences-ad-616-ln870535,"PHP 65,000,000","Laguna Heights Drive, Muntinlupa, Metro Manila",,332 m²,5+,6+,Available from 14 Apr,,04 Nov 14:06,Housing I.,"['PHP 65,000,000', 'Laguna Heights Drive, Muntinlupa, Metro Manila', 'Bedrooms:', '5+', 'Area:', '332 m²', 'Bathrooms:', '6+', 'Available from:', '14 Apr']"
Condo For Rent in Makati City,https://lifenavi.com/ph/properties/makati-city/for-rent/condo/sei-furnished-3br-unit-with-parking-for-lease-in-proscenium-at-rockwell-ad-615-ln543552,"PHP 240,000/ month","Rockwell Center, Makati City",,224 m²,3,3,Available from 14 Apr,,04 Nov 14:06,Housing I.,"['PHP 240,000/ month', '/ month', 'Rockwell Center, Makati City', 'Bedrooms:', '3', 'Area:', '224 m²', 'Bathrooms:', '3', 'Available from:', '14 Apr']"
Condo For Rent in Makati City,https://lifenavi.com/ph/properties/makati-city/for-rent/condo/fully-furnished-3br-unit-with-parking-for-lease-in-edades-tower-ad-614-ln512331,"PHP 180,000/ month","Rockwell Center, Makati City",,161 m²,3,3,Available from 4 Apr,,04 Nov 14:06,Housing I.,"['PHP 180,000/ month', '/ month', 'Rockwell Center, Makati City', 'Bedrooms:', '3', 'Area:', '161 m²', 'Bathrooms:', '3', 'Available from:', '4 Apr']"
Condo For Rent in Makati City,https://lifenavi.com/ph/properties/makati-city/for-rent/condo/a-condominium-for-rent-in-proscenium-at-rockwell-makati-city-ad-613-ln441090,"PHP 250,000/ month","Rockwell Center, Makati City",,200 m²,3,5,Available from 22 Jan,,04 Nov 14:06,Housing I.,"['PHP 250,000/ month', '/ month', 'Rockwell Center, Makati City', 'Bedrooms:', '3', 'Area:', '200 m²', 'Bathrooms:', '5', 'Available from:', '22 Jan']"
"Condo For Rent in 56, Estrella, Makati City",https://lifenavi.com/ph/properties/makati-city/for-rent/condo/semi-furnished-3br-unit-with-parking-for-lease-in-luna-gardens-ad-612-ln281252,"PHP 250,000/ month","56, Estrella, Makati City, Metro Manila",,247 m²,3,4,Available from 10 Mar,,04 Nov 14:06,Housing I.,"['PHP 250,000/ month', '/ month', '56, Estrella, Makati City, Metro Manila', 'Bedrooms:', '3', 'Area:', '247 m²', 'Bathrooms:', '4', 'Available from:', '10 Mar']"
House and Lot For Rent in Muntinlupa,https://lifenavi.com/ph/properties/muntinlupa/for-rent/house-and-lot/4br-modern-house-for-salelease-in-hillsborough-alabang-ad-611-ln462280,"PHP 170,000/ month","Alabang, Muntinlupa",,350 m²,4,4,Available from 15 Apr,,04 Nov 14:06,Housing I.,"['PHP 170,000/ month', '/ month', 'Alabang, Muntinlupa', 'Bedrooms:', '4', 'Area:', '350 m²', 'Bathrooms:', '4', 'Available from:', '15 Apr']"
Condo For Rent in Makati City,https://lifenavi.com/ph/properties/makati-city/for-rent/condo/a-fancy-3b-condominium-in-luna-gardens-rockwell-ad-610-ln430383,"PHP 250,000/ month","Rockwell Center, Makati City",,247 m²,3,4,Available from 11 Mar,,04 Nov 14:06,Housing I.,"['PHP 250,000/ month', '/ month', 'Rockwell Center, Makati City', 'Bedrooms:', '3', 'Area:', '247 m²', 'Bathrooms:', '4', 'Available from:', '11 Mar']"
For Rent in Quezon City,https://lifenavi.com/ph/properties/quezon-city/for-rent/commercial/office-space-for-lease-in-quezon-city-ad-609-ln509502,"PHP 1,905,820/ month","Ortigas corner EDSA, Quezon City",,2722.6 m²,,,Vacant,Semi-Furnished,04 Nov 14:06,Housing I.,"['PHP 1,905,820/ month', '/ month', 'Ortigas corner EDSA, Quezon City', 'Status:', 'Vacant', 'Furnishing:', 'Semi-Furnished', 'Area:', '2722.6 m²', 'Available from:', '15 Apr']"
Land only For Sale in Cavite,https://lifenavi.com/ph/properties/cavite/for-sale/land-only/commercial-lot-for-sale-in-silang-cavite-ad-608-ln947282,"PHP 88,000,000","Silang, Cavite",,00 m²,Studio,1,Available from 14 Apr,,04 Nov 14:06,Housing I.,"['PHP 88,000,000', 'Silang, Cavite', 'Bedrooms:', 'Studio', 'Area:', '00 m²', 'Bathrooms:', '1', 'Available from:', '14 Apr']"
Land only For Sale in Cavite,https://lifenavi.com/ph/properties/cavite/for-sale/land-only/commercial-lot-for-sale-in-silang-cavite-ad-607-ln634014,"PHP 132,000,000","Silang, Cavite",,00 m²,Studio,1,Available from 14 Apr,,04 Nov 14:06,Housing I.,"['PHP 132,000,000', 'Silang, Cavite', 'Bedrooms:', 'Studio', 'Area:', '00 m²', 'Bathrooms:', '1', 'Available from:', '14 Apr']"
Land only For Sale in Cavite,https://lifenavi.com/ph/properties/cavite/for-sale/land-only/commercial-lot-for-sale-in-silang-cavite-ad-606-ln806691,"PHP 148,500,000","Silang, Cavite",,00 m²,Studio,1,Available from 14 Apr,,04 Nov 14:05,Housing I.,"['PHP 148,500,000', 'Silang, Cavite', 'Bedrooms:', 'Studio', 'Area:', '00 m²', 'Bathrooms:', '1', 'Available from:', '14 Apr']"
Condo For Rent in Taguig,https://lifenavi.com/ph/properties/taguig/for-rent/condo/fully-furnished-3br-unit-with-parking-and-balconies-for-lease-in-the-luxe-residences-ad-605-ln177474,"PHP 295,000/ month","Fort Bonifacio Global City, Taguig",,256 m²,3,4,Available from 16 Apr,,04 Nov 14:05,Housing I.,"['PHP 295,000/ month', '/ month', 'Fort Bonifacio Global City, Taguig', 'Bedrooms:', '3', 'Area:', '256 m²', 'Bathrooms:', '4', 'Available from:', '16 Apr']"
Condo For Rent in Makati City,https://lifenavi.com/ph/properties/makati-city/for-rent/condo/fully-furnished-3br-unit-with-3-parkings-for-lease-in-the-balmori-suites-ad-604-ln319151,"PHP 450,000/ month","Rockwell Center, Makati City",,248 m²,3,5,Available from 16 Apr,,04 Nov 14:05,Housing I.,"['PHP 450,000/ month', '/ month', 'Rockwell Center, Makati City', 'Bedrooms:', '3', 'Area:', '248 m²', 'Bathrooms:', '5', 'Available from:', '16 Apr']"
Condo For Sale in Taguig,https://lifenavi.com/ph/properties/taguig/for-sale/condo/fully-furnished-2br-unit-with-parking-for-sale-in-horizon-homes-at-shangri-la-at-the-fort-ad-603-ln639279,"PHP 240,000,000","Fort Bonifacio Global City, Taguig",,252 m²,2,3,Available from 16 Apr,,04 Nov 14:05,Housing I.,"['PHP 240,000,000', 'Fort Bonifacio Global City, Taguig', 'Bedrooms:', '2', 'Area:', '252 m²', 'Bathrooms:', '3', 'Available from:', '16 Apr']"
Condo For Rent in Taguig,https://lifenavi.com/ph/properties/taguig/for-rent/condo/fully-furnished-1br-unit-with-parking-for-lease-in-one-serendra-ad-602-ln405534,"PHP 100,000/ month","Fort Bonifacio Global City, Taguig",,82 m²,1,1,Available from 16 Apr,,04 Nov 14:05,Housing I.,"['PHP 100,000/ month', '/ month', 'Fort Bonifacio Global City, Taguig', 'Bedrooms:', '1', 'Area:', '82 m²', 'Bathrooms:', '1', 'Available from:', '16 Apr']"
Condo For Rent in Makati City,https://lifenavi.com/ph/properties/makati-city/for-rent/condo/fully-furnished-and-newly-renovated-3br-for-rent-at-elizabeth-place-makati-ad-601-ln187116,"PHP 135,000/ month","Salcedo Village, Makati City",,160 m²,3,3,Available from 21 Apr,,04 Nov 14:05,Housing I.,"['PHP 135,000/ month', '/ month', 'Salcedo Village, Makati City', 'Bedrooms:', '3', 'Area:', '160 m²', 'Bathrooms:', '3', 'Available from:', '21 Apr']"
Condo For Rent in Taguig,https://lifenavi.com/ph/properties/taguig/for-rent/condo/fully-furnished-2br-unit-with-parking-for-lease-in-the-luxe-residences-ad-600-ln809761,"PHP 102,000/ month","Fort Bonifacio Global City, Taguig",,111 m²,2,2,Available from 21 Apr,,04 Nov 14:05,Housing I.,"['PHP 102,000/ month', '/ month', 'Fort Bonifacio Global City, Taguig', 'Bedrooms:', '2', 'Area:', '111 m²', 'Bathrooms:', '2', 'Available from:', '21 Apr']"
Condo For Rent in Makati City,https://lifenavi.com/ph/properties/makati-city/for-rent/condo/bare-3br-unit-for-lease-in-the-balmori-suites-ad-599-ln907114,"PHP 400,000/ month","Rockwell Center, Makati City",,232 m²,3,3,Available from 21 Apr,,04 Nov 14:05,Housing I.,"['PHP 400,000/ month', '/ month', 'Rockwell Center, Makati City', 'Bedrooms:', '3', 'Area:', '232 m²', 'Bathrooms:', '3', 'Available from:', '21 Apr']"
Condo For Rent in Taguig,https://lifenavi.com/ph/properties/taguig/for-rent/condo/fully-furnished-3br-unit-with-balcony-for-lease-in-essensa-tower-ad-598-ln100460,"PHP 280,000/ month","Fort Bonifacio Global City, Taguig",,300 m²,3,3,Available from 21 Apr,,04 Nov 14:05,Housing I.,"['PHP 280,000/ month', '/ month', 'Fort Bonifacio Global City, Taguig', 'Bedrooms:', '3', 'Area:', '300 m²', 'Bathrooms:', '3', 'Available from:', '21 Apr']"
For Rent in Taguig,https://lifenavi.com/ph/properties/taguig/for-rent/commercial/premium-office-space-for-lease-in-bgc-ad-597-ln227145,"PHP 249,990/ month","Fort Bonifacio Global City, Taguig",,130 m²,,,Vacant,Semi-Furnished,04 Nov 14:05,Housing I.,"['PHP 249,990/ month', '/ month', 'Fort Bonifacio Global City, Taguig', 'Status:', 'Vacant', 'Furnishing:', 'Semi-Furnished', 'Area:', '130 m²', 'Available from:', '21 Apr']"
"Condo For Sale in 26th Street, Taguig",https://lifenavi.com/ph/properties/taguig/for-sale/condo/fully-furnished-studio-unit-for-sale-in-icon-plaza-ad-596-ln930428,"PHP 8,900,000","26th Street, Taguig, Metro Manila",,37 m²,Studio,1,Available from 22 Apr,,04 Nov 14:05,Housing I.,"['PHP 8,900,000', '26th Street, Taguig, Metro Manila', 'Bedrooms:', 'Studio', 'Area:', '37 m²', 'Bathrooms:', '1', 'Available from:', '22 Apr']"
Condo For Sale in Makati City,https://lifenavi.com/ph/properties/makati-city/for-sale/condo/3br-unit-with-parking-for-sale-in-proscenium-at-rockwell-ad-595-ln142406,"PHP 79,000,000","Rockwell Center, Makati City",,223 m²,3,3,Available from 23 Apr,,04 Nov 14:05,Housing I.,"['PHP 79,000,000', 'Rockwell Center, Makati City', 'Bedrooms:', '3', 'Area:', '223 m²', 'Bathrooms:', '3', 'Available from:', '23 Apr']"
"House and Lot For Sale in Vista Real Avenue, Quezon City",https://lifenavi.com/ph/properties/quezon-city/for-sale/house-and-lot/house-for-sale-vista-real-classica-ii-ad-594-ln910539,"PHP 68,000,000","Vista Real Avenue, Quezon City, Metro Manila",,504 m²,4,4,Available from 23 Apr,,04 Nov 14:05,Housing I.,"['PHP 68,000,000', 'Vista Real Avenue, Quezon City, Metro Manila', 'Bedrooms:', '4', 'Area:', '504 m²', 'Bathrooms:', '4', 'Available from:', '23 Apr']"
"Condo For Sale in 4th Avenue, Makati City",https://lifenavi.com/ph/properties/makati-city/for-sale/condo/bare-3br-unit-with-parking-for-sale-in-pacific-plaza-towers-ad-593-ln434508,"PHP 100,000,000","4th Avenue, Makati City, Metro Manila",,295 m²,3,3,Available from 23 Apr,,04 Nov 14:05,Housing I.,"['PHP 100,000,000', '4th Avenue, Makati City, Metro Manila', 'Bedrooms:', '3', 'Area:', '295 m²', 'Bathrooms:', '3', 'Available from:', '23 Apr']"
"Condo For Rent in 8th Avenue, Taguig",https://lifenavi.com/ph/properties/taguig/for-rent/condo/fully-furnished-2br-unit-with-balcony-for-lease-in-uptown-parksuites-ad-592-ln797471,"PHP 125,000/ month","8th Avenue, Taguig, Metro Manila",,21 m²,2,2,Available from 23 Apr,,04 Nov 14:05,Housing I.,"['PHP 125,000/ month', '/ month', '8th Avenue, Taguig, Metro Manila', 'Bedrooms:', '2', 'Area:', '21 m²', 'Bathrooms:', '2', 'Available from:', '23 Apr']"
Condo For Sale in Taguig,https://lifenavi.com/ph/properties/taguig/for-sale/condo/fully-furnished-2br-unit-with-parking-for-sale-in-forbeswood-parklane-ad-591-ln489265,"PHP 20,535,000","Fort Bonifacio Global City, Taguig",,74 m²,2,2,Available from 24 Apr,,04 Nov 14:05,Housing I.,"['PHP 20,535,000', 'Fort Bonifacio Global City, Taguig', 'Bedrooms:', '2', 'Area:', '74 m²', 'Bathrooms:', '2', 'Available from:', '24 Apr']"
Land only For Sale in Cavite,https://lifenavi.com/ph/properties/cavite/for-sale/land-only/commercial-lot-for-sale-in-amadeo-cavite-ad-590-ln179543,"PHP 50,000,000","Tagaytay, Cavite",,10000 m²,Studio,1,Available from 23 Apr,,04 Nov 14:05,Housing I.,"['PHP 50,000,000', 'Tagaytay, Cavite', 'Bedrooms:', 'Studio', 'Area:', '10000 m²', 'Bathrooms:', '1', 'Available from:', '23 Apr']"
Condo For Rent in Mandaluyong,https://lifenavi.com/ph/properties/mandaluyong/for-rent/condo/fully-furnished-3br-unit-for-lease-in-acqua-private-residences-ad-589-ln257649,"PHP 100,000/ month","Hulo, Mandaluyong",,142 m²,3,3,Available from 1 Apr,,04 Nov 14:05,Housing I.,"['PHP 100,000/ month', '/ month', 'Hulo, Mandaluyong', 'Bedrooms:', '3', 'Area:', '142 m²', 'Bathrooms:', '3', 'Available from:', '1 Apr']"
"Condo For Rent in Muntinlupa, Metro Manila",https://lifenavi.com/ph/properties/muntinlupa/for-rent/condo/2-storey-house-for-sale-in-ayala-alabang-village-ad-588-ln976524,"PHP 235,000,000/ month","Muntinlupa, Metro Manila",,00 m²,5+,5,Available from 24 Apr,,04 Nov 14:05,Housing I.,"['PHP 235,000,000/ month', '/ month', 'Muntinlupa, Metro Manila', 'Bedrooms:', '5+', 'Area:', '00 m²', 'Bathrooms:', '5', 'Available from:', '24 Apr']"
House and Lot For Sale in Quezon City,https://lifenavi.com/ph/properties/quezon-city/for-sale/house-and-lot/semi-furnished-house-and-lot-for-sale-in-white-plains-quezon-city-ad-587-ln970219,"PHP 295,000,000",,,1820 m²,5+,5,Available from 24 Apr,,04 Nov 14:05,Housing I.,"['PHP 295,000,000', 'Quezon City', 'Bedrooms:', '5+', 'Area:', '1820 m²', 'Bathrooms:', '5', 'Available from:', '24 Apr']"
Condo For Rent in Makati City,https://lifenavi.com/ph/properties/makati-city/for-rent/condo/fully-furnished-3br-unit-with-balcony-and-parking-for-lease-in-proscenium-at-rockwell-ad-586-ln729366,"PHP 280,000/ month","Rockwell Center, Makati City",,217 m²,3,3,Available from 24 Apr,,04 Nov 14:05,Housing I.,"['PHP 280,000/ month', '/ month', 'Rockwell Center, Makati City', 'Bedrooms:', '3', 'Area:', '217 m²', 'Bathrooms:', '3', 'Available from:', '24 Apr']"
"Condo For Rent in 2/F, 26th Street, Makati City",https://lifenavi.com/ph/properties/makati-city/for-rent/condo/fully-furnished-2br-unit-with-parking-for-lease-in-verve-residences-ad-585-ln881514,"PHP 175,000/ month","2/F, 26th Street, Makati City, Metro Manila",,99 m²,2,2,Available from 24 Apr,,04 Nov 14:05,Housing I.,"['PHP 175,000/ month', '/ month', '2/F, 26th Street, Makati City, Metro Manila', 'Bedrooms:', '2', 'Area:', '99 m²', 'Bathrooms:', '2', 'Available from:', '24 Apr']"
Condo For Rent in Taguig,https://lifenavi.com/ph/properties/taguig/for-rent/condo/fully-furnished-2br-unit-for-lease-in-uptown-ritz-residences-ad-584-ln912870,"PHP 110,000/ month","Fort Bonifacio Global City, Taguig",,80 m²,2,2,Available from 24 Apr,,04 Nov 14:05,Housing I.,"['PHP 110,000/ month', '/ month', 'Fort Bonifacio Global City, Taguig', 'Bedrooms:', '2', 'Area:', '80 m²', 'Bathrooms:', '2', 'Available from:', '24 Apr']"
Land only For Sale in Cavite,https://lifenavi.com/ph/properties/cavite/for-sale/land-only/taal-view-14ha-titled-property-p35ksqm-neg-ad-583-ln886044,"PHP 490,000,000","Tagaytay, Cavite",,10000 m²,Studio,1,Available from 23 Apr,,04 Nov 14:05,Housing I.,"['PHP 490,000,000', 'Tagaytay, Cavite', 'Bedrooms:', 'Studio', 'Area:', '10000 m²', 'Bathrooms:', '1', 'Available from:', '23 Apr']"
Land only For Sale in Cavite,https://lifenavi.com/ph/properties/cavite/for-sale/land-only/85ha-titled-lot-for-sale-silang-close-to-new-ctbex-project-and-calaxp35ksqm-ad-582-ln308389,"PHP 297,500,000","Silang, Cavite",,8500 m²,Studio,1,Available from 23 Apr,,04 Nov 14:05,Housing I.,"['PHP 297,500,000', 'Silang, Cavite', 'Bedrooms:', 'Studio', 'Area:', '8500 m²', 'Bathrooms:', '1', 'Available from:', '23 Apr']"
"Condo For Rent in 2/F, 26th Street, Makati City",https://lifenavi.com/ph/properties/makati-city/for-rent/condo/fully-furnished-2br-unit-with-parking-for-lease-in-verve-residences-ad-581-ln254330,"PHP 140,000/ month","2/F, 26th Street, Makati City, Metro Manila",,105 m²,2,2,Available from 25 Apr,,04 Nov 14:05,Housing I.,"['PHP 140,000/ month', '/ month', '2/F, 26th Street, Makati City, Metro Manila', 'Bedrooms:', '2', 'Area:', '105 m²', 'Bathrooms:', '2', 'Available from:', '25 Apr']"
Condo For Sale in Makati City,https://lifenavi.com/ph/properties/makati-city/for-sale/condo/fully-furnished-3br-unit-with-parking-for-sale-in-proscenium-residences-ad-580-ln138983,"PHP 70,000,000","Rockwell Center, Makati City",,166 m²,3,3,Available from 25 Apr,,04 Nov 14:05,Housing I.,"['PHP 70,000,000', 'Rockwell Center, Makati City', 'Bedrooms:', '3', 'Area:', '166 m²', 'Bathrooms:', '3', 'Available from:', '25 Apr']"
Condo For Rent in Taguig,https://lifenavi.com/ph/properties/taguig/for-rent/condo/fully-furnished-2br-unit-with-parking-for-lease-in-west-gallery-place-ad-579-ln540151,"PHP 170,000/ month","Fort Bonifacio Global City, Taguig",,98 m²,2,2,Available from 25 Apr,,04 Nov 14:05,Housing I.,"['PHP 170,000/ month', '/ month', 'Fort Bonifacio Global City, Taguig', 'Bedrooms:', '2', 'Area:', '98 m²', 'Bathrooms:', '2', 'Available from:', '25 Apr']"
"Condo For Rent in Burgos Circle, Taguig",https://lifenavi.com/ph/properties/taguig/for-rent/condo/fully-furnished-2br-unit-with-parking-for-lease-in-bellagio-2-ad-578-ln138411,"PHP 100,000/ month","Burgos Circle, Taguig, Metro Manila",,92 m²,2,2,Available from 25 Apr,,04 Nov 14:05,Housing I.,"['PHP 100,000/ month', '/ month', 'Burgos Circle, Taguig, Metro Manila', 'Bedrooms:', '2', 'Area:', '92 m²', 'Bathrooms:', '2', 'Available from:', '25 Apr']"
Condo For Rent in Paranaque,https://lifenavi.com/ph/properties/paranaque/for-rent/condo/fully-furnished-2br-unit-with-parking-for-lease-in-oak-harbor-residences-ad-577-ln848076,"PHP 70,000/ month","Jackson Ave, Paranaque",,100 m²,2,2,Available from 1 Aug,,04 Nov 14:05,Housing I.,"['PHP 70,000/ month', '/ month', 'Jackson Ave, Paranaque', 'Bedrooms:', '2', 'Area:', '100 m²', 'Bathrooms:', '2', 'Available from:', '1 Aug']"
Condo For Rent in Taguig,https://lifenavi.com/ph/properties/taguig/for-rent/condo/1br-unit-for-lease-at-west-gallery-place-taguig-city-ad-576-ln836633,"PHP 120,000/ month","Fort Bonifacio Global City, Taguig",,62 m²,1,1,Available from 24 Apr,,04 Nov 14:04,Housing I.,"['PHP 120,000/ month', '/ month', 'Fort Bonifacio Global City, Taguig', 'Bedrooms:', '1', 'Area:', '62 m²', 'Bathrooms:', '1', 'Available from:', '24 Apr']"
"Condo For Sale in corner, 28th Street, Taguig",https://lifenavi.com/ph/properties/taguig/for-sale/condo/2br-unit-for-lease-at-east-gallery-place-taguig-city-ad-575-ln932073,"PHP 66,000,000","corner, 28th Street, Taguig, Metro Manila",,145 m²,2,2,Available from 26 Apr,,04 Nov 14:04,Housing I.,"['PHP 66,000,000', 'corner, 28th Street, Taguig, Metro Manila', 'Bedrooms:', '2', 'Area:', '145 m²', 'Bathrooms:', '2', 'Available from:', '26 Apr']"
House and Lot For Sale in Quezon City,https://lifenavi.com/ph/properties/quezon-city/for-sale/house-and-lot/5br-house-and-lot-for-sale-in-new-manila-quezon-city-ad-574-ln135099,"PHP 65,000,000","New Manila, Quezon City",,00 m²,5+,5,Available from 28 Apr,,04 Nov 14:04,Housing I.,"['PHP 65,000,000', 'New Manila, Quezon City', 'Bedrooms:', '5+', 'Area:', '00 m²', 'Bathrooms:', '5', 'Available from:', '28 Apr']"
"Condo For Sale in 56, Estrella, Makati City",https://lifenavi.com/ph/properties/makati-city/for-sale/condo/fully-furnished-3br-unit-with-parking-for-sale-in-proscenium-at-rockwell-ad-573-ln224088,"PHP 77,000,000","56, Estrella, Makati City, Metro Manila",,194 m²,3,3,Available from 28 Apr,,04 Nov 14:04,Housing I.,"['PHP 77,000,000', '56, Estrella, Makati City, Metro Manila', 'Bedrooms:', '3', 'Area:', '194 m²', 'Bathrooms:', '3', 'Available from:', '28 Apr']"
"House and Lot For Sale in Muntinlupa, Metro Manila",https://lifenavi.com/ph/properties/muntinlupa/for-sale/house-and-lot/4br-house-for-sale-in-ayala-alabang-village-ad-572-ln737118,"PHP 155,000,000","Muntinlupa, Metro Manila",,560 m²,4,4,Available from 28 Apr,,04 Nov 14:04,Housing I.,"['PHP 155,000,000', 'Muntinlupa, Metro Manila', 'Bedrooms:', '4', 'Area:', '560 m²', 'Bathrooms:', '4', 'Available from:', '28 Apr']"
Condo For Sale in Taguig,https://lifenavi.com/ph/properties/taguig/for-sale/condo/for-sale-2br-unit-two-serendra-ad-571-ln921264,"PHP 25,000,000","Fort Bonifacio Global City, Taguig",,90 m²,2,1,Available from 29 Apr,,04 Nov 14:04,Housing I.,"['PHP 25,000,000', 'Fort Bonifacio Global City, Taguig', 'Bedrooms:', '2', 'Area:', '90 m²', 'Bathrooms:', '1', 'Available from:', '29 Apr']"
Condo For Rent in Makati City,https://lifenavi.com/ph/properties/makati-city/for-rent/condo/fully-furnished-3br-unit-with-parking-for-lease-in-proscenium-at-rockwell-ad-570-ln641889,"PHP 270,000/ month","Rockwell Center, Makati City",,236 m²,3,3,Available from 29 Apr,,04 Nov 14:04,Housing I.,"['PHP 270,000/ month', '/ month', 'Rockwell Center, Makati City', 'Bedrooms:', '3', 'Area:', '236 m²', 'Bathrooms:', '3', 'Available from:', '29 Apr']"
"Warehouse For Rent in Quezon City, Metro Manila",https://lifenavi.com/ph/properties/quezon-city/for-rent/warehouse/warehouse-for-leasesale-in-quezon-city-ad-569-ln271710,"PHP 4,018,320/ month","Diliman, Quezon City, Metro Manila",,00 m²,,,Vacant,Semi-Furnished,04 Nov 14:04,Housing I.,"['PHP 4,018,320/ month', '/ month', 'Diliman, Quezon City, Metro Manila', 'Status:', 'Vacant', 'Furnishing:', 'Semi-Furnished', 'Area:', '00 m²', 'Available from:', '29 Apr']"
Condo For Sale in Pasig,https://lifenavi.com/ph/properties/pasig/for-sale/condo/unfurnished-1bedroom-w-balcony-atrium-for-sale-in-lumiere-residences-ad-568-ln526813,"PHP 4,329,000","Brgy. Kapitolyo, Pasig",,28 m²,1,1,Available from 30 Apr,,04 Nov 14:04,Housing I.,"['PHP 4,329,000', 'Brgy. Kapitolyo, Pasig', 'Bedrooms:', '1', 'Area:', '28 m²', 'Bathrooms:', '1', 'Available from:', '30 Apr']"
Condo For Rent in Taguig,https://lifenavi.com/ph/properties/taguig/for-rent/condo/a-2-bedroom-at-the-avant-ad-567-ln125485,"PHP 110,000/ month","Fort Bonifacio Global City, Taguig",,90 m²,2,2,Available from 30 Apr,,04 Nov 14:04,Housing I.,"['PHP 110,000/ month', '/ month', 'Fort Bonifacio Global City, Taguig', 'Bedrooms:', '2', 'Area:', '90 m²', 'Bathrooms:', '2', 'Available from:', '30 Apr']"
"Condo For Rent in 26 Street, 3rd Avenue, Makati City",https://lifenavi.com/ph/properties/makati-city/for-rent/condo/a-furnished-3-bedroom-at-the-avant-ad-566-ln701934,"PHP 140,000/ month","26 Street, 3rd Avenue, Makati City, Metro Manila, 1634",,140 m²,3,3,Available from 30 Apr,,04 Nov 14:04,Housing I.,"['PHP 140,000/ month', '/ month', '26 Street, 3rd Avenue, Makati City, Metro Manila, 1634', 'Bedrooms:', '3', 'Area:', '140 m²', 'Bathrooms:', '3', 'Available from:', '30 Apr']"
Condo For Rent in Makati City,https://lifenavi.com/ph/properties/makati-city/for-rent/condo/fully-furnished-2br-unit-with-parking-for-leasesale-in-park-terraces-ad-565-ln348405,"PHP 130,000/ month","Legaspi Village, Makati City",,115 m²,2,2,Available from 30 Apr,,04 Nov 14:04,Housing I.,"['PHP 130,000/ month', '/ month', 'Legaspi Village, Makati City', 'Bedrooms:', '2', 'Area:', '115 m²', 'Bathrooms:', '2', 'Available from:', '30 Apr']"
Condo For Rent in Makati City,https://lifenavi.com/ph/properties/makati-city/for-rent/condo/fully-furnished-3br-unit-with-parking-for-leasesale-in-two-roxas-triangle-ad-564-ln281271,"PHP 430,000/ month","Makati City Ave, Makati City",,304 m²,3,3,Available from 30 Apr,,04 Nov 14:04,Housing I.,"['PHP 430,000/ month', '/ month', 'Makati City Ave, Makati City', 'Bedrooms:', '3', 'Area:', '304 m²', 'Bathrooms:', '3', 'Available from:', '30 Apr']"
Condo For Rent in Taguig,https://lifenavi.com/ph/properties/taguig/for-rent/condo/fully-furnished-2br-unit-with-parking-for-lease-in-cypress-tower-ad-563-ln447539,"PHP 120,000/ month","Fort Bonifacio Global City, Taguig",,113 m²,2,2,Available from 30 Apr,,04 Nov 14:04,Housing I.,"['PHP 120,000/ month', '/ month', 'Fort Bonifacio Global City, Taguig', 'Bedrooms:', '2', 'Area:', '113 m²', 'Bathrooms:', '2', 'Available from:', '30 Apr']"
House and Lot For Rent in Mandaluyong,https://lifenavi.com/ph/properties/mandaluyong/for-rent/house-and-lot/luxury-townvillas-inside-acqua-private-residences-in-mandaluyong-city-ad-562-ln518751,"PHP 200,000/ month",,,300 m²,3,3,Available from 30 Apr,,04 Nov 14:04,Housing I.,"['PHP 200,000/ month', '/ month', 'Mandaluyong', 'Bedrooms:', '3', 'Area:', '300 m²', 'Bathrooms:', '3', 'Available from:', '30 Apr']"
"Condo For Rent in 28, Plaza Drive, Makati City",https://lifenavi.com/ph/properties/makati-city/for-rent/condo/furnished-3br-unit-with-parking-for-lease-in-joya-lofts-and-towers-ad-561-ln140111,"PHP 140,000/ month","28, Plaza Drive, Makati City, Metro Manila",,120 m²,3,3,Available from 30 Apr,,04 Nov 14:04,Housing I.,"['PHP 140,000/ month', '/ month', '28, Plaza Drive, Makati City, Metro Manila', 'Bedrooms:', '3', 'Area:', '120 m²', 'Bathrooms:', '3', 'Available from:', '30 Apr']"
"House and Lot For Sale in 135-B, F.Zobel, Makati City",https://lifenavi.com/ph/properties/makati-city/for-sale/house-and-lot/house-and-lot-for-sale-in-san-miguel-village-makati-city-ad-560-ln507530,"PHP 80,000,000","135-B, F.Zobel, Makati City, Metro Manila, 1210",,245 m²,Studio,1,Available from 1 May,,04 Nov 14:04,Housing I.,"['PHP 80,000,000', '135-B, F.Zobel, Makati City, Metro Manila, 1210', 'Bedrooms:', 'Studio', 'Area:', '245 m²', 'Bathrooms:', '1', 'Available from:', '1 May']"
Condo For Rent in Makati City,https://lifenavi.com/ph/properties/makati-city/for-rent/condo/fully-furnished-3br-unit-with-parking-for-lease-in-one-rockwell-ad-559-ln567314,"PHP 130,000/ month","Rockwell Center, Makati City",,127 m²,3,3,Available from 2 May,,04 Nov 14:04,Housing I.,"['PHP 130,000/ month', '/ month', 'Rockwell Center, Makati City', 'Bedrooms:', '3', 'Area:', '127 m²', 'Bathrooms:', '3', 'Available from:', '2 May']"
Condo For Rent in Makati City,https://lifenavi.com/ph/properties/makati-city/for-rent/condo/fully-furnished-2br-unit-with-parking-for-lease-in-amorsolo-east-ad-558-ln233124,"PHP 175,000/ month","Rockwell Center, Makati City",,161 m²,2,2,Available from 2 May,,04 Nov 14:04,Housing I.,"['PHP 175,000/ month', '/ month', 'Rockwell Center, Makati City', 'Bedrooms:', '2', 'Area:', '161 m²', 'Bathrooms:', '2', 'Available from:', '2 May']"
"Condo For Sale in 15, Eulogio Amang Rodriguez Avenue, Manila",https://lifenavi.com/ph/properties/manila/for-sale/condo/fully-furnished-one-bedroom-for-sale-at-acacia-escalades-ad-557-ln515333,"PHP 3,800,000","15, Eulogio Amang Rodriguez Avenue, Manila, Metro Manila",,32 m²,1,1,Available from 5 May,,04 Nov 14:04,Housing I.,"['PHP 3,800,000', '15, Eulogio Amang Rodriguez Avenue, Manila, Metro Manila', 'Bedrooms:', '1', 'Area:', '32 m²', 'Bathrooms:', '1', 'Available from:', '5 May']"
Condo For Rent in Makati City,https://lifenavi.com/ph/properties/makati-city/for-rent/condo/fully-furnished-2br-unit-with-parking-for-lease-in-shang-salcedo-place-ad-556-ln657562,"PHP 120,000/ month","Salcedo Village, Makati City",,104 m²,2,2,Available from 5 May,,04 Nov 14:04,Housing I.,"['PHP 120,000/ month', '/ month', 'Salcedo Village, Makati City', 'Bedrooms:', '2', 'Area:', '104 m²', 'Bathrooms:', '2', 'Available from:', '5 May']"
Condo For Rent in Makati City,https://lifenavi.com/ph/properties/makati-city/for-rent/condo/semi-furnished-3br-unit-with-parking-for-lease-in-one-roxas-triangle-ad-554-ln187225,"PHP 220,000/ month","Paseo de Roxas, Makati City",,286 m²,3,3,Available from 14 Feb,,04 Nov 14:04,Housing I.,"['PHP 220,000/ month', '/ month', 'Paseo de Roxas, Makati City', 'Bedrooms:', '3', 'Area:', '286 m²', 'Bathrooms:', '3', 'Available from:', '14 Feb']"
Condo For Rent in Makati City,https://lifenavi.com/ph/properties/makati-city/for-rent/condo/fully-furnished-2br-unit-with-parking-for-lease-in-proscenium-at-rockwell-ad-553-ln940862,"PHP 160,000/ month","Rockwell Center, Makati City",,121 m²,2,2,Available from 5 May,,04 Nov 14:04,Housing I.,"['PHP 160,000/ month', '/ month', 'Rockwell Center, Makati City', 'Bedrooms:', '2', 'Area:', '121 m²', 'Bathrooms:', '2', 'Available from:', '5 May']"
Condo For Sale in Taguig,https://lifenavi.com/ph/properties/taguig/for-sale/condo/fully-furnished-3br-unit-with-parking-for-sale-in-east-gallery-place-ad-552-ln761993,"PHP 199,800,000","Fort Bonifacio Global City, Taguig",,278 m²,3,3,Available from 5 May,,04 Nov 14:04,Housing I.,"['PHP 199,800,000', 'Fort Bonifacio Global City, Taguig', 'Bedrooms:', '3', 'Area:', '278 m²', 'Bathrooms:', '3', 'Available from:', '5 May']"
Condo For Rent in Taguig,https://lifenavi.com/ph/properties/taguig/for-rent/condo/fully-furnished-2br-unit-with-parking-for-lease-in-the-beaufort-ad-551-ln405390,"PHP 120,000/ month","Fort Bonifacio Global City, Taguig",,100 m²,2,2,Available from 5 May,,04 Nov 14:04,Housing I.,"['PHP 120,000/ month', '/ month', 'Fort Bonifacio Global City, Taguig', 'Bedrooms:', '2', 'Area:', '100 m²', 'Bathrooms:', '2', 'Available from:', '5 May']"
Condo For Rent in Mandaluyong,https://lifenavi.com/ph/properties/mandaluyong/for-rent/condo/fully-furnished-2br-unit-with-parking-for-lease-in-one-shangri-la-place-ad-550-ln632021,"PHP 135,000/ month","Ortigas Center, Mandaluyong",,125 m²,2,2,Available from 5 May,,04 Nov 14:04,Housing I.,"['PHP 135,000/ month', '/ month', 'Ortigas Center, Mandaluyong', 'Bedrooms:', '2', 'Area:', '125 m²', 'Bathrooms:', '2', 'Available from:', '5 May']"
"Land only For Sale in 16A, Encarnacion Street, Quezon City",https://lifenavi.com/ph/properties/quezon-city/for-sale/land-only/700-sqm-lot-for-sale-in-encarnacion-st-marulas-valenzuela-city-ad-549-ln344199,"PHP 17,000,000","16A, Encarnacion Street, Quezon City, Metro Manila",,700 m²,Studio,1,Available from 3 May,,04 Nov 14:04,Housing I.,"['PHP 17,000,000', '16A, Encarnacion Street, Quezon City, Metro Manila', 'Bedrooms:', 'Studio', 'Area:', '700 m²', 'Bathrooms:', '1', 'Available from:', '3 May']"
Condo For Rent in Makati City,https://lifenavi.com/ph/properties/makati-city/for-rent/condo/simple-fully-furnished-studio-condo-unit-for-rent-at-the-greenbelt-radissons-makati-ad-548-ln514563,"PHP 40,000/ month","Legaspi Village, Makati City",,34.5 m²,Studio,1,Available from 6 May,,04 Nov 14:04,Housing I.,"['PHP 40,000/ month', '/ month', 'Legaspi Village, Makati City', 'Bedrooms:', 'Studio', 'Area:', '34.5 m²', 'Bathrooms:', '1', 'Available from:', '6 May']"
Condo For Rent in Taguig,https://lifenavi.com/ph/properties/taguig/for-rent/condo/for-salelease-2br-unit-in-fort-victoria-ad-547-ln906853,"PHP 65,000/ month","Fort Bonifacio Global City, Taguig",,45 m²,2,2,Available from 6 May,,04 Nov 14:03,Housing I.,"['PHP 65,000/ month', '/ month', 'Fort Bonifacio Global City, Taguig', 'Bedrooms:', '2', 'Area:', '45 m²', 'Bathrooms:', '2', 'Available from:', '6 May']"
Condo For Sale in Tagaytay,https://lifenavi.com/ph/properties/tagaytay/for-sale/condo/fully-furnished-2-bedroom-for-sale-at-the-serin-east-ad-546-ln434188,"PHP 17,000,000","Silang Crossing East, Tagaytay",,87 m²,2,2,Available from 6 May,,04 Nov 14:03,Housing I.,"['PHP 17,000,000', 'Silang Crossing East, Tagaytay', 'Bedrooms:', '2', 'Area:', '87 m²', 'Bathrooms:', '2', 'Available from:', '6 May']"
Condo For Rent in Taguig,https://lifenavi.com/ph/properties/taguig/for-rent/condo/fully-furnished-1br-unit-with-parking-for-lease-in-west-gallery-place-ad-545-ln365723,"PHP 120,000/ month","Fort Bonifacio Global City, Taguig",,65 m²,1,1,Available from 6 May,,04 Nov 14:03,Housing I.,"['PHP 120,000/ month', '/ month', 'Fort Bonifacio Global City, Taguig', 'Bedrooms:', '1', 'Area:', '65 m²', 'Bathrooms:', '1', 'Available from:', '6 May']"
Condo For Rent in Pasig,https://lifenavi.com/ph/properties/pasig/for-rent/condo/bare-3br-unit-with-parking-for-salerent-in-the-imperium-ad-544-ln461216,"PHP 190,000/ month","Capitol Commons, Pasig",,205 m²,3,4,Available from 6 May,,04 Nov 14:03,Housing I.,"['PHP 190,000/ month', '/ month', 'Capitol Commons, Pasig', 'Bedrooms:', '3', 'Area:', '205 m²', 'Bathrooms:', '4', 'Available from:', '6 May']"
For Rent in Mandaluyong,https://lifenavi.com/ph/properties/mandaluyong/for-rent/commercial/flexible-private-office-and-bpo-seats-for-lease-in-mandaluyong-city-ad-543-ln818127,"PHP 119,584/ month","Barangka Ilaya, Mandaluyong",,1616 m²,,,Vacant,Semi-Furnished,04 Nov 14:03,Housing I.,"['PHP 119,584/ month', '/ month', 'Barangka Ilaya, Mandaluyong', 'Status:', 'Vacant', 'Furnishing:', 'Semi-Furnished', 'Area:', '1616 m²', 'Available from:', '6 May']"
For Rent in Pasig,https://lifenavi.com/ph/properties/pasig/for-rent/commercial/well-furnished-private-office-space-and-call-center-workspace-for-rent-in-ortigas-cbd-pasig-at-one-corporate-center-ad-542-ln555307,"PHP 1,500,000/ month","Brgy. San Antonio, Pasig",,1000 m²,,,Vacant,Furnished,04 Nov 14:03,Housing I.,"['PHP 1,500,000/ month', '/ month', 'Brgy. San Antonio, Pasig', 'Status:', 'Vacant', 'Furnishing:', 'Furnished', 'Area:', '1000 m²', 'Available from:', '6 May']"
House and Lot For Rent in Taguig,https://lifenavi.com/ph/properties/taguig/for-rent/house-and-lot/5br-house-for-rent-in-mckinley-hill-village-ad-541-ln377348,"PHP 250,000/ month",,,550 m²,5+,5,Available from 5 May,,04 Nov 14:03,Housing I.,"['PHP 250,000/ month', '/ month', 'Taguig', 'Bedrooms:', '5+', 'Area:', '550 m²', 'Bathrooms:', '5', 'Available from:', '5 May']"
House and Lot For Rent in Muntinlupa,https://lifenavi.com/ph/properties/muntinlupa/for-rent/house-and-lot/semi-furnished-4br-house-for-lease-in-ayala-alabang-village-ad-540-ln441419,"PHP 200,000/ month",,,350 m²,4,4,Available from 5 May,,04 Nov 14:03,Housing I.,"['PHP 200,000/ month', '/ month', 'Muntinlupa', 'Bedrooms:', '4', 'Area:', '350 m²', 'Bathrooms:', '4', 'Available from:', '5 May']"
Condo For Rent in Mandaluyong,https://lifenavi.com/ph/properties/mandaluyong/for-rent/condo/beautiful-1br-condo-unit-for-rent-at-the-st-francis-shangri-la-place-mandaluyong-ad-539-ln898385,"PHP 70,000/ month","Ortigas Center, Mandaluyong",,72 m²,1,1,Available from 8 May,,04 Nov 14:03,Housing I.,"['PHP 70,000/ month', '/ month', 'Ortigas Center, Mandaluyong', 'Bedrooms:', '1', 'Area:', '72 m²', 'Bathrooms:', '1', 'Available from:', '8 May']"
For Rent in Quezon City,https://lifenavi.com/ph/properties/quezon-city/for-rent/commercial/plug-and-play-bpo-seat-leasing-office-space-in-bridgetowne-quezon-city-ad-538-ln261723,"PHP 3,528/ month","Bridgetowne, Quezon City",,1500 m²,,,Vacant,Furnished,04 Nov 14:03,Housing I.,"['PHP 3,528/ month', '/ month', 'Bridgetowne, Quezon City', 'Status:', 'Vacant', 'Furnishing:', 'Furnished', 'Area:', '1500 m²', 'Available from:', '6 May']"
For Rent in Pasig,https://lifenavi.com/ph/properties/pasig/for-rent/commercial/ready-to-move-in-bpo-call-center-seat-leasing-space-in-ortigas-center-pasig-city-ad-537-ln771891,"PHP 100,800/ month","Brgy. San Antonio, Pasig",,1200 m²,,,Vacant,Furnished,04 Nov 14:03,Housing I.,"['PHP 100,800/ month', '/ month', 'Brgy. San Antonio, Pasig', 'Status:', 'Vacant', 'Furnishing:', 'Furnished', 'Area:', '1200 m²', 'Available from:', '6 May']"
For Rent in Quezon City,https://lifenavi.com/ph/properties/quezon-city/for-rent/commercial/cost-efficient-private-office-and-bpo-workspace-for-lease-in-eastwood-qc-ad-536-ln144843,"PHP 65,700/ month","Bagumbayan, Quezon City",,730 m²,,,Vacant,Furnished,04 Nov 14:03,Housing I.,"['PHP 65,700/ month', '/ month', 'Bagumbayan, Quezon City', 'Status:', 'Vacant', 'Furnishing:', 'Furnished', 'Area:', '730 m²', 'Available from:', '6 May']"
For Rent in Quezon City,https://lifenavi.com/ph/properties/quezon-city/for-rent/commercial/private-office-and-bpo-outsourcing-facilities-for-lease-in-eastwood-quezon-city-ad-535-ln835119,"PHP 22,440/ month","Bagumbayan, Quezon City",,330 m²,,,Vacant,Semi-Furnished,04 Nov 14:03,Housing I.,"['PHP 22,440/ month', '/ month', 'Bagumbayan, Quezon City', 'Status:', 'Vacant', 'Furnishing:', 'Semi-Furnished', 'Area:', '330 m²', 'Available from:', '6 May']"
Condo For Rent in Makati City,https://lifenavi.com/ph/properties/makati-city/for-rent/condo/luxurious-2-br-unit-fully-furnished-condo-unit-at-alphaland-makati-place-ad-534-ln311327,"PHP 120,000/ month","Ayala Avenue, Makati City",,120 m²,2,1,Available from 8 May,,04 Nov 14:03,Housing I.,"['PHP 120,000/ month', '/ month', 'Ayala Avenue, Makati City', 'Bedrooms:', '2', 'Area:', '120 m²', 'Bathrooms:', '1', 'Available from:', '8 May']"
Condo For Rent in Makati City,https://lifenavi.com/ph/properties/makati-city/for-rent/condo/elegant-1-bedroom-unit-for-rent-in-perla-mansion-ad-533-ln964002,"PHP 45,000/ month","Legaspi Village, Makati City",,65 m²,1,1,Available from 30 Apr,,04 Nov 14:03,Housing I.,"['PHP 45,000/ month', '/ month', 'Legaspi Village, Makati City', 'Bedrooms:', '1', 'Area:', '65 m²', 'Bathrooms:', '1', 'Available from:', '30 Apr']"
Condo For Sale in Taguig,https://lifenavi.com/ph/properties/taguig/for-sale/condo/semi-furnished-3br-unit-with-3-parkings-for-sale-in-essensa-tower-ad-532-ln327628,"PHP 90,000,000","Fort Bonifacio Global City, Taguig",,290 m²,3,3,Available from 8 May,,04 Nov 14:03,Housing I.,"['PHP 90,000,000', 'Fort Bonifacio Global City, Taguig', 'Bedrooms:', '3', 'Area:', '290 m²', 'Bathrooms:', '3', 'Available from:', '8 May']"
Condo For Rent in Makati City,https://lifenavi.com/ph/properties/makati-city/for-rent/condo/for-sale-1br-fully-furnished-unit-in-oriental-garden-ad-531-ln156965,"PHP 30,000/ month","San Lorenzo Village, Makati City",,29 m²,1,1,Available from 9 May,,04 Nov 14:03,Housing I.,"['PHP 30,000/ month', '/ month', 'San Lorenzo Village, Makati City', 'Bedrooms:', '1', 'Area:', '29 m²', 'Bathrooms:', '1', 'Available from:', '9 May']"
Condo For Rent in Taguig,https://lifenavi.com/ph/properties/taguig/for-rent/condo/3br-unit-for-lease-in-one-maridien-bgc-ad-530-ln733603,"PHP 160,000/ month","Fort Bonifacio Global City, Taguig",,135 m²,3,1,Available from 13 May,,04 Nov 14:03,Housing I.,"['PHP 160,000/ month', '/ month', 'Fort Bonifacio Global City, Taguig', 'Bedrooms:', '3', 'Area:', '135 m²', 'Bathrooms:', '1', 'Available from:', '13 May']"
Condo For Rent in Makati City,https://lifenavi.com/ph/properties/makati-city/for-rent/condo/unfurnished-2br-condo-unit-for-rent-at-the-one-salcedo-place-makati-ad-529-ln672874,"PHP 130,000/ month","Salcedo Village, Makati City",,153.99 m²,2,2,Available from 13 May,,04 Nov 14:03,Housing I.,"['PHP 130,000/ month', '/ month', 'Salcedo Village, Makati City', 'Bedrooms:', '2', 'Area:', '153.99 m²', 'Bathrooms:', '2', 'Available from:', '13 May']"
Condo For Rent in Makati City,https://lifenavi.com/ph/properties/makati-city/for-rent/condo/fully-furnished-unit-for-leased-in-garden-towers-tower-1-ad-528-ln586496,"PHP 160,000/ month","Legaspi Village, Makati City",,138 m²,2,3,Available from 12 Dec,,04 Nov 14:03,Housing I.,"['PHP 160,000/ month', '/ month', 'Legaspi Village, Makati City', 'Bedrooms:', '2', 'Area:', '138 m²', 'Bathrooms:', '3', 'Available from:', '12 Dec']"
Condo For Rent in Makati City,https://lifenavi.com/ph/properties/makati-city/for-rent/condo/fully-furnished-2br-unit-with-parking-for-lease-in-garden-tower-ad-527-ln411873,"PHP 150,000/ month","Legaspi Village, Makati City",,139 m²,2,3,Available from 3 Dec,,04 Nov 14:03,Housing I.,"['PHP 150,000/ month', '/ month', 'Legaspi Village, Makati City', 'Bedrooms:', '2', 'Area:', '139 m²', 'Bathrooms:', '3', 'Available from:', '3 Dec']"
Condo For Rent in Makati City,https://lifenavi.com/ph/properties/makati-city/for-rent/condo/fully-furnished-2br-unit-for-leased-ad-526-ln152416,"PHP 150,000/ month","Legaspi Village, Makati City",,139 m²,2,3,Available from 12 Dec,,04 Nov 14:03,Housing I.,"['PHP 150,000/ month', '/ month', 'Legaspi Village, Makati City', 'Bedrooms:', '2', 'Area:', '139 m²', 'Bathrooms:', '3', 'Available from:', '12 Dec']"
Condo For Rent in Makati City,https://lifenavi.com/ph/properties/makati-city/for-rent/condo/fully-furnished-br-unit-with-parking-for-lease-in-garden-towers-ad-525-ln525392,"PHP 170,000/ month","Legaspi Village, Makati City",,138 m²,2,2,Available from 12 Nov,,04 Nov 14:03,Housing I.,"['PHP 170,000/ month', '/ month', 'Legaspi Village, Makati City', 'Bedrooms:', '2', 'Area:', '138 m²', 'Bathrooms:', '2', 'Available from:', '12 Nov']"
Condo For Rent in Makati City,https://lifenavi.com/ph/properties/makati-city/for-rent/condo/2br-unit-for-sale-in-garden-towers-ad-524-ln720504,"PHP 170,000/ month","Legaspi Village, Makati City",,137 m²,2,1,Available from 12 Mar,,04 Nov 14:03,Housing I.,"['PHP 170,000/ month', '/ month', 'Legaspi Village, Makati City', 'Bedrooms:', '2', 'Area:', '137 m²', 'Bathrooms:', '1', 'Available from:', '12 Mar']"
For Sale in Pasig,https://lifenavi.com/ph/properties/pasig/for-sale/commercial/office-space-for-sale-at-tektite-towers-condominium-west-tower-ad-523-ln925301,"PHP 15,660,000","Ortigas Center, Pasig",,108 m²,,,Vacant,Semi-Furnished,04 Nov 14:03,Housing I.,"['PHP 15,660,000', 'Ortigas Center, Pasig', 'Status:', 'Vacant', 'Furnishing:', 'Semi-Furnished', 'Area:', '108 m²', 'Available from:', '14 May']"
For Rent in Makati City,https://lifenavi.com/ph/properties/makati-city/for-rent/commercial/plug-and-play-seat-leasing-workspace-for-rent-in-salcedo-village-makati-at-the-peak-tower-ad-522-ln560511,"PHP 15,000/ month","Salcedo Village, Makati City",,305 m²,,,Vacant,Semi-Furnished,04 Nov 14:03,Housing I.,"['PHP 15,000/ month', '/ month', 'Salcedo Village, Makati City', 'Status:', 'Vacant', 'Furnishing:', 'Semi-Furnished', 'Area:', '305 m²', 'Available from:', '6 May']"
Condo For Sale in Tagaytay,https://lifenavi.com/ph/properties/tagaytay/for-sale/condo/condominium-for-sale-at-the-woodridge-place-mahogany-tower-tagaytay-highlands-ad-521-ln603842,"PHP 30,000,000","Tagaytay Highlands, Tagaytay",,212.24 m²,4,1,Available from 14 May,,04 Nov 14:03,Housing I.,"['PHP 30,000,000', 'Tagaytay Highlands, Tagaytay', 'Bedrooms:', '4', 'Area:', '212.24 m²', 'Bathrooms:', '1', 'Available from:', '14 May']"
Condo For Sale in Makati City,https://lifenavi.com/ph/properties/makati-city/for-sale/condo/one-bedroom-for-sale-at-the-linear-makati-ad-520-ln681046,"PHP 3,500,000","San Antonio Village, Makati City",,28.14 m²,1,1,Available from 14 May,,04 Nov 14:03,Housing I.,"['PHP 3,500,000', 'San Antonio Village, Makati City', 'Bedrooms:', '1', 'Area:', '28.14 m²', 'Bathrooms:', '1', 'Available from:', '14 May']"
Condo For Rent in Taguig,https://lifenavi.com/ph/properties/taguig/for-rent/condo/fully-furnished-2br-unit-with-parking-for-rentsale-in-one-serendra-ad-519-ln394241,"PHP 190,000/ month","Fort Bonifacio Global City, Taguig",,140 m²,2,2,Available from 13 Nov,,04 Nov 14:03,Housing I.,"['PHP 190,000/ month', '/ month', 'Fort Bonifacio Global City, Taguig', 'Bedrooms:', '2', 'Area:', '140 m²', 'Bathrooms:', '2', 'Available from:', '13 Nov']"
House and Lot For Rent in Makati City,https://lifenavi.com/ph/properties/makati-city/for-rent/house-and-lot/grand-3br-house-for-rent-at-urdaneta-village-makati-ad-518-ln328247,"PHP 325,000/ month","Urdaneta Village, Makati City",,520 m²,3,3,Available from 15 May,,04 Nov 14:03,Housing I.,"['PHP 325,000/ month', '/ month', 'Urdaneta Village, Makati City', 'Bedrooms:', '3', 'Area:', '520 m²', 'Bathrooms:', '3', 'Available from:', '15 May']"
"For Rent in Cor, 11th Avenue, Taguig",https://lifenavi.com/ph/properties/taguig/for-rent/commercial/hss-office-space-for-rent-ad-517-ln809855,"PHP 400,140/ month","Cor, 11th Avenue, Taguig, Metro Manila",,285 m²,,,Vacant,Semi-Furnished,04 Nov 14:03,Housing I.,"['PHP 400,140/ month', '/ month', 'Cor, 11th Avenue, Taguig, Metro Manila', 'Status:', 'Vacant', 'Furnishing:', 'Semi-Furnished', 'Area:', '285 m²', 'Available from:', '15 May']"
Condo For Rent in Makati City,https://lifenavi.com/ph/properties/makati-city/for-rent/condo/fully-furnished-2br-unit-with-balcony-and-parking-for-leasesale-in-shang-salcedo-place-ad-516-ln380236,"PHP 120,000/ month","Salcedo Village, Makati City",,104 m²,2,2,Available from 3 Apr,,04 Nov 14:03,Housing I.,"['PHP 120,000/ month', '/ month', 'Salcedo Village, Makati City', 'Bedrooms:', '2', 'Area:', '104 m²', 'Bathrooms:', '2', 'Available from:', '3 Apr']"
House and Lot For Sale in Batangas,https://lifenavi.com/ph/properties/batangas/for-sale/house-and-lot/tropical-inspired-5-bedroom-bungalow-for-sale-in-laiya-batangas-ad-515-ln418083,"PHP 45,000,000","Laiya, Batangas",,11 m²,5+,5,Available from 7 May,,04 Nov 14:02,Housing I.,"['PHP 45,000,000', 'Laiya, Batangas', 'Bedrooms:', '5+', 'Area:', '11 m²', 'Bathrooms:', '5', 'Available from:', '7 May']"
Condo For Rent in Taguig,https://lifenavi.com/ph/properties/taguig/for-rent/condo/fully-furnished-2br-unit-with-parking-for-salelease-in-one-serendra-ad-514-ln269747,"PHP 160,000/ month","Fort Bonifacio Global City, Taguig",,145 m²,2,2,Available from 1 Mar,,04 Nov 14:02,Housing I.,"['PHP 160,000/ month', '/ month', 'Fort Bonifacio Global City, Taguig', 'Bedrooms:', '2', 'Area:', '145 m²', 'Bathrooms:', '2', 'Available from:', '1 Mar']"
Condo For Rent in Paranaque,https://lifenavi.com/ph/properties/paranaque/for-rent/condo/fully-furnished-2-bedroom-unit-for-rent-at-the-azure-urban-resort-residences-ad-513-ln446037,"PHP 40,000/ month","Bicutan, Paranaque",,43 m²,2,1,Available from 19 May,,04 Nov 14:02,Housing I.,"['PHP 40,000/ month', '/ month', 'Bicutan, Paranaque', 'Bedrooms:', '2', 'Area:', '43 m²', 'Bathrooms:', '1', 'Available from:', '19 May']"
Condo For Rent in Makati City,https://lifenavi.com/ph/properties/makati-city/for-rent/condo/fully-furnished-unit-for-leasedsale-in-one-rockwell-ad-512-ln210248,"PHP 130,000/ month","Rockwell Center, Makati City",,131 m²,2,1,Available from 6 Dec,,04 Nov 14:02,Housing I.,"['PHP 130,000/ month', '/ month', 'Rockwell Center, Makati City', 'Bedrooms:', '2', 'Area:', '131 m²', 'Bathrooms:', '1', 'Available from:', '6 Dec']"
"House and Lot For Sale in McKinley Hill Drive, Taguig",https://lifenavi.com/ph/properties/taguig/for-sale/house-and-lot/4br-modern-house-for-sale-in-mckinley-hill-village-ad-511-ln240125,"PHP 188,700,000","McKinley Hill Drive, Taguig, Metro Manila",,500 m²,4,4,Available from 20 May,,04 Nov 14:02,Housing I.,"['PHP 188,700,000', 'McKinley Hill Drive, Taguig, Metro Manila', 'Bedrooms:', '4', 'Area:', '500 m²', 'Bathrooms:', '4', 'Available from:', '20 May']"
Condo For Rent in Makati City,https://lifenavi.com/ph/properties/makati-city/for-rent/condo/furnished-bi-level-penthouse-unit-for-leasesale-in-forbes-tower-ad-510-ln414377,"PHP 420,000/ month","Salcedo Village, Makati City",,531 m²,4,4,Available from 20 May,,04 Nov 14:02,Housing I.,"['PHP 420,000/ month', '/ month', 'Salcedo Village, Makati City', 'Bedrooms:', '4', 'Area:', '531 m²', 'Bathrooms:', '4', 'Available from:', '20 May']"
Condo For Rent in Taguig,https://lifenavi.com/ph/properties/taguig/for-rent/condo/fully-furnished-3br-unit-with-parking-for-lease-in-the-luxe-residences-ad-509-ln196513,"PHP 155,000/ month","Fort Bonifacio Global City, Taguig",,160 m²,3,3,Available from 21 May,,04 Nov 14:02,Housing I.,"['PHP 155,000/ month', '/ month', 'Fort Bonifacio Global City, Taguig', 'Bedrooms:', '3', 'Area:', '160 m²', 'Bathrooms:', '3', 'Available from:', '21 May']"
Condo For Rent in Makati City,https://lifenavi.com/ph/properties/makati-city/for-rent/condo/for-rent-1br-in-one-central-ad-508-ln995854,"PHP 35,000/ month","Salcedo Village, Makati City",,56.5 m²,1,1,Available from 22 May,,04 Nov 14:02,Housing I.,"['PHP 35,000/ month', '/ month', 'Salcedo Village, Makati City', 'Bedrooms:', '1', 'Area:', '56.5 m²', 'Bathrooms:', '1', 'Available from:', '22 May']"
Condo For Rent in Taguig,https://lifenavi.com/ph/properties/taguig/for-rent/condo/5br-penthouse-unit-with-parking-for-rentsale-in-essensa-east-forbes-ad-507-ln866111,"PHP 500,000/ month","Fort Bonifacio Global City, Taguig",,511.37 m²,5+,6+,Available from 22 May,,04 Nov 14:02,Housing I.,"['PHP 500,000/ month', '/ month', 'Fort Bonifacio Global City, Taguig', 'Bedrooms:', '5+', 'Area:', '511.37 m²', 'Bathrooms:', '6+', 'Available from:', '22 May']"
For Sale in Pasig,https://lifenavi.com/ph/properties/pasig/for-sale/commercial/bare-shell-office-space-for-sale-in-the-glaston-tower-ad-506-ln870532,"PHP 62,888,000","Brgy. Ugong, Pasig",,230.76 m²,,,Vacant,Semi-Furnished,04 Nov 14:02,Housing I.,"['PHP 62,888,000', 'Brgy. Ugong, Pasig', 'Status:', 'Vacant', 'Furnishing:', 'Semi-Furnished', 'Area:', '230.76 m²', 'Available from:', '22 May']"
House and Lot For Sale in Makati City,https://lifenavi.com/ph/properties/makati-city/for-sale/house-and-lot/5br-house-for-sale-in-dasmarinas-village-ad-505-ln907253,"PHP 609,000,000","Dasmariñas Village, Makati City",,00 m²,5+,5,Available from 2 May,,04 Nov 14:02,Housing I.,"['PHP 609,000,000', 'Dasmariñas Village, Makati City', 'Bedrooms:', '5+', 'Area:', '00 m²', 'Bathrooms:', '5', 'Available from:', '2 May']"
Condo For Sale in Makati City,https://lifenavi.com/ph/properties/makati-city/for-sale/condo/4br-penthouse-unit-for-sale-in-two-roxas-triangle-ad-504-ln516184,"PHP 320,000,000","Makati City Ave, Makati City",,550 m²,4,5,Available from 22 May,,04 Nov 14:02,Housing I.,"['PHP 320,000,000', 'Makati City Ave, Makati City', 'Bedrooms:', '4', 'Area:', '550 m²', 'Bathrooms:', '5', 'Available from:', '22 May']"
House and Lot For Rent in Makati City,https://lifenavi.com/ph/properties/makati-city/for-rent/house-and-lot/4br-house-for-sale-in-dasmarinas-village-ad-503-ln833227,"PHP 325,000/ month","Dasmariñas Village, Makati City",,450 m²,4,1,Available from 23 Apr,,04 Nov 14:02,Housing I.,"['PHP 325,000/ month', '/ month', 'Dasmariñas Village, Makati City', 'Bedrooms:', '4', 'Area:', '450 m²', 'Bathrooms:', '1', 'Available from:', '23 Apr']"
For Rent in Makati City,https://lifenavi.com/ph/properties/makati-city/for-rent/commercial/prime-makati-ave-230sqm-commercial-space-for-lease-ad-502-ln564592,"PHP 161,000/ month","Brgy. Bel-Air, Makati City",,230 m²,,,Vacant,Semi-Furnished,04 Nov 14:02,Housing I.,"['PHP 161,000/ month', '/ month', 'Brgy. Bel-Air, Makati City', 'Status:', 'Vacant', 'Furnishing:', 'Semi-Furnished', 'Area:', '230 m²', 'Available from:', '14 May']"
Condo For Sale in Pasig,https://lifenavi.com/ph/properties/pasig/for-sale/condo/brand-new-2br-unit-for-sale-at-the-residences-at-westin-manila-ad-501-ln332894,"PHP 51,000,000","San Miguel, Pasig",,157 m²,2,2,Available from 17 May,,04 Nov 14:02,Housing I.,"['PHP 51,000,000', 'San Miguel, Pasig', 'Bedrooms:', '2', 'Area:', '157 m²', 'Bathrooms:', '2', 'Available from:', '17 May']"
"House and Lot For Sale in Quezon Avenue, Quezon City",https://lifenavi.com/ph/properties/quezon-city/for-sale/house-and-lot/2-storey-house-and-lot-for-sale-in-greenfield-subd-quezon-city-ad-500-ln369396,"PHP 5,480,000","Quezon Avenue, Diliman, Quezon City, Metro Manila",,92.61 m²,3,3,Available from 26 Mar,,04 Nov 14:02,Housing I.,"['PHP 5,480,000', 'Quezon Avenue, Diliman, Quezon City, Metro Manila', 'Bedrooms:', '3', 'Area:', '92.61 m²', 'Bathrooms:', '3', 'Available from:', '26 Mar']"
"House and Lot For Sale in Tali Beach Drive, Nasugbu",https://lifenavi.com/ph/properties/nasugbu/for-sale/house-and-lot/5br-house-for-sale-in-tali-beach-in-nasugbu-batangas-ad-499-ln150589,"PHP 220,000,000","Tali Beach Drive, Nasugbu, Calabarzon",,1400 m²,5+,6+,Available from 26 May,,04 Nov 14:02,Housing I.,"['PHP 220,000,000', 'Tali Beach Drive, Nasugbu, Calabarzon', 'Bedrooms:', '5+', 'Area:', '1400 m²', 'Bathrooms:', '6+', 'Available from:', '26 May']"
Condo For Sale in Pasig,https://lifenavi.com/ph/properties/pasig/for-sale/condo/bare-4br-unit-with-parking-for-sale-in-avantgarde-residences-ad-498-ln135900,"PHP 116,000,000","Brgy. San Antonio, Pasig",,432.02 m²,4,4,Available from 26 May,,04 Nov 14:02,Housing I.,"['PHP 116,000,000', 'Brgy. San Antonio, Pasig', 'Bedrooms:', '4', 'Area:', '432.02 m²', 'Bathrooms:', '4', 'Available from:', '26 May']"
House and Lot For Rent in Makati City,https://lifenavi.com/ph/properties/makati-city/for-rent/house-and-lot/2-storey-2br-unit-for-rent-in-dasmarinas-village-ad-497-ln735218,"PHP 650,000/ month","Dasmariñas Village, Makati City",,700 m²,4,4,Available from 26 May,,04 Nov 14:02,Housing I.,"['PHP 650,000/ month', '/ month', 'Dasmariñas Village, Makati City', 'Bedrooms:', '4', 'Area:', '700 m²', 'Bathrooms:', '4', 'Available from:', '26 May']"
"House and Lot For Sale in 23, Nathan, Quezon City",https://lifenavi.com/ph/properties/quezon-city/for-sale/house-and-lot/for-sale-4-bedroom-house-in-white-plains-subdivision-quezon-city-ad-496-ln405415,"PHP 295,000,000","23, Nathan, Quezon City, Metro Manila, 1110",,1820 m²,4,6+,Available from 27 May,,04 Nov 14:02,Housing I.,"['PHP 295,000,000', '23, Nathan, Quezon City, Metro Manila, 1110', 'Bedrooms:', '4', 'Area:', '1820 m²', 'Bathrooms:', '6+', 'Available from:', '27 May']"
Condo For Sale in Taguig,https://lifenavi.com/ph/properties/taguig/for-sale/condo/bare-3br-unit-with-parking-for-sale-in-verve-residences-ad-495-ln958423,"PHP 101,010,000","Fort Bonifacio Global City, Taguig",,245 m²,3,3,Available from 28 May,,04 Nov 14:02,Housing I.,"['PHP 101,010,000', 'Fort Bonifacio Global City, Taguig', 'Bedrooms:', '3', 'Area:', '245 m²', 'Bathrooms:', '3', 'Available from:', '28 May']"
House and Lot For Sale in Cavite,https://lifenavi.com/ph/properties/cavite/for-sale/house-and-lot/for-sale-5-bedroom-in-manila-southwoods-estates-carmona-ad-494-ln406052,"PHP 108,780,000",,,565 m²,5+,5,Available from 30 May,,04 Nov 14:02,Housing I.,"['PHP 108,780,000', 'Cavite', 'Bedrooms:', '5+', 'Area:', '565 m²', 'Bathrooms:', '5', 'Available from:', '30 May']"
Land only For Sale in Makati City,https://lifenavi.com/ph/properties/makati-city/for-sale/land-only/residential-lot-with-livable-house-for-sale-in-magallanes-village-makati-city-ad-493-ln466202,"PHP 90,000,000","Magallanes Village, Makati City",,00 m²,Studio,1,Available from 30 May,,04 Nov 14:02,Housing I.,"['PHP 90,000,000', 'Magallanes Village, Makati City', 'Bedrooms:', 'Studio', 'Area:', '00 m²', 'Bathrooms:', '1', 'Available from:', '30 May']"
Land only For Sale in Makati City,https://lifenavi.com/ph/properties/makati-city/for-sale/land-only/magallanes-village-makati-city-residential-lot-with-livable-house-ad-492-ln849919,"PHP 110,000,000","Magallanes Village, Makati City",,00 m²,Studio,1,Available from 30 May,,04 Nov 14:02,Housing I.,"['PHP 110,000,000', 'Magallanes Village, Makati City', 'Bedrooms:', 'Studio', 'Area:', '00 m²', 'Bathrooms:', '1', 'Available from:', '30 May']"
House and Lot For Sale in Pasig,https://lifenavi.com/ph/properties/pasig/for-sale/house-and-lot/semi-furnished-5br-house-and-lot-for-sale-in-valle-verde-1-ad-491-ln347493,"PHP 175,000,000","Valle Verde 1, Pasig",,550 m²,5+,5,Available from 30 May,,04 Nov 14:02,Housing I.,"['PHP 175,000,000', 'Valle Verde 1, Pasig', 'Bedrooms:', '5+', 'Area:', '550 m²', 'Bathrooms:', '5', 'Available from:', '30 May']"
Condo For Rent in Taguig,https://lifenavi.com/ph/properties/taguig/for-rent/condo/fully-furnished-3br-unit-with-parking-for-lease-in-uptown-parksuites-ad-490-ln568945,"PHP 110,000/ month","Fort Bonifacio Global City, Taguig",,89 m²,3,3,Available from 2 Jun,,04 Nov 14:02,Housing I.,"['PHP 110,000/ month', '/ month', 'Fort Bonifacio Global City, Taguig', 'Bedrooms:', '3', 'Area:', '89 m²', 'Bathrooms:', '3', 'Available from:', '2 Jun']"
Condo For Rent in San Juan,https://lifenavi.com/ph/properties/san-juan/for-rent/condo/fully-furnished-5br-penthouse-unit-for-leasesale-in-the-viridian-at-greenbelts-ad-489-ln379333,"PHP 400,000/ month","Greenhills, San Juan",,566 m²,5+,5,Available from 2 Jun,,04 Nov 14:02,Housing I.,"['PHP 400,000/ month', '/ month', 'Greenhills, San Juan', 'Bedrooms:', '5+', 'Area:', '566 m²', 'Bathrooms:', '5', 'Available from:', '2 Jun']"
"Condo For Sale in 1634, 8th Avenue, Makati City",https://lifenavi.com/ph/properties/makati-city/for-sale/condo/fully-furnished-4br-unit-with-parking-for-sale-in-grand-hyatt-residences-ad-488-ln831198,"PHP 125,000,000","1634, 8th Avenue, Makati City, Metro Manila",,300 m²,4,4,Available from 2 Jun,,04 Nov 14:02,Housing I.,"['PHP 125,000,000', '1634, 8th Avenue, Makati City, Metro Manila', 'Bedrooms:', '4', 'Area:', '300 m²', 'Bathrooms:', '4', 'Available from:', '2 Jun']"
"Condo For Rent in 14F, West Street, Makati City",https://lifenavi.com/ph/properties/makati-city/for-rent/condo/fully-furnished-2br-unit-for-lease-in-park-terraces-ad-487-ln335589,"PHP 150,000/ month","14F, West Street, Makati City, Metro Manila",,134 m²,2,2,Available from 3 Jun,,04 Nov 14:02,Housing I.,"['PHP 150,000/ month', '/ month', '14F, West Street, Makati City, Metro Manila', 'Bedrooms:', '2', 'Area:', '134 m²', 'Bathrooms:', '2', 'Available from:', '3 Jun']"
"Condo For Rent in 6370, Camia, Makati City",https://lifenavi.com/ph/properties/makati-city/for-rent/condo/fully-furnished-2br-unit-with-parking-for-lease-in-proscenium-residences-ad-486-ln257598,"PHP 160,000/ month","6370, Camia, Makati City, Kalakhang Maynila, 1200",,121 m²,2,2,Available from 3 Jun,,04 Nov 14:01,Housing I.,"['PHP 160,000/ month', '/ month', '6370, Camia, Makati City, Kalakhang Maynila, 1200', 'Bedrooms:', '2', 'Area:', '121 m²', 'Bathrooms:', '2', 'Available from:', '3 Jun']"
"Condo For Rent in Cor, Concepcion Aguila, Manila",https://lifenavi.com/ph/properties/manila/for-rent/condo/fully-furnished-studio-unit-for-sale-in-vista-heights-residences-ad-485-ln354292,"PHP 24,000/ month","Cor, Concepcion Aguila, Quiapo, Manila, Metro Manila, 1001",,21 m²,Studio,1,Available from 5 May,,04 Nov 14:01,Housing I.,"['PHP 24,000/ month', '/ month', 'Cor, Concepcion Aguila, Quiapo, Manila, Metro Manila, 1001', 'Bedrooms:', 'Studio', 'Area:', '21 m²', 'Bathrooms:', '1', 'Available from:', '5 May']"
"Condo For Rent in Estrella, Makati City",https://lifenavi.com/ph/properties/makati-city/for-rent/condo/fully-furnished-2br-unit-with-balcony-and-parking-for-leasesale-in-the-proscenium-at-rockwell-ad-484-ln391459,"PHP 170,000/ month","Estrella, Makati City, Metro Manila",,118 m²,2,2,Available from 3 Jun,,04 Nov 14:01,Housing I.,"['PHP 170,000/ month', '/ month', 'Estrella, Makati City, Metro Manila', 'Bedrooms:', '2', 'Area:', '118 m²', 'Bathrooms:', '2', 'Available from:', '3 Jun']"
"Condo For Rent in 332, Sen. Gil J. Puyat Avenue, Makati City",https://lifenavi.com/ph/properties/makati-city/for-rent/condo/fully-furnished-3br-unit-with-parking-for-lease-in-elizabeth-place-ad-483-ln313251,"PHP 100,000/ month","332, Sen. Gil J. Puyat Avenue, Makati City, Metro Manila",,174 m²,3,3,Available from 4 Jun,,04 Nov 14:01,Housing I.,"['PHP 100,000/ month', '/ month', '332, Sen. Gil J. Puyat Avenue, Makati City, Metro Manila', 'Bedrooms:', '3', 'Area:', '174 m²', 'Bathrooms:', '3', 'Available from:', '4 Jun']"
"Condo For Rent in Paseo de Roxas, Makati City",https://lifenavi.com/ph/properties/makati-city/for-rent/condo/fully-furnished-2br-unit-with-parking-for-sale-in-the-residences-at-greenbelt-ad-482-ln271993,"PHP 150,000/ month","Paseo de Roxas, Makati City, Metro Manila",,123 m²,2,2,Available from 4 Jun,,04 Nov 14:01,Housing I.,"['PHP 150,000/ month', '/ month', 'Paseo de Roxas, Makati City, Metro Manila', 'Bedrooms:', '2', 'Area:', '123 m²', 'Bathrooms:', '2', 'Available from:', '4 Jun']"
"For Sale in Hippodromo Street, Makati City",https://lifenavi.com/ph/properties/makati-city/for-sale/commercial/staff-house-building-for-sale-in-circuit-makati-ad-481-ln205677,"PHP 220,000,000","Hippodromo Street, Makati City, Metro Manila",,1000 m²,,,Vacant,Semi-Furnished,04 Nov 14:01,Housing I.,"['PHP 220,000,000', 'Hippodromo Street, Makati City, Metro Manila', 'Status:', 'Vacant', 'Furnishing:', 'Semi-Furnished', 'Area:', '1000 m²', 'Available from:', '5 Jun']"
"For Sale in San Juan, Ilocos Region",https://lifenavi.com/ph/properties/san-juan/for-sale/commercial/resort-hotel-beach-house-for-sale-in-luna-la-union-ad-480-ln901722,"PHP 110,000,000","San Juan, Ilocos Region",,10000 m²,,,Vacant,Unfurnished,04 Nov 14:01,Housing I.,"['PHP 110,000,000', 'San Juan, Ilocos Region', 'Status:', 'Vacant', 'Furnishing:', 'Unfurnished', 'Area:', '10000 m²', 'Available from:', '5 Jun']"
"For Sale in 1700, NAIA Road, Parañaque",https://lifenavi.com/ph/properties/paranaque/for-sale/commercial/whole-office-building-for-sale-ad-479-ln467818,"PHP 1,200,000,000","1700, NAIA Road, Parañaque, Metro Manila, 1701",,1300 m²,,,Vacant,Semi-Furnished,04 Nov 14:01,Housing I.,"['PHP 1,200,000,000', '1700, NAIA Road, Parañaque, Metro Manila, 1701', 'Status:', 'Vacant', 'Furnishing:', 'Semi-Furnished', 'Area:', '1300 m²', 'Available from:', '5 Jun']"
"For Sale in 7010, Wilson, Makati City",https://lifenavi.com/ph/properties/makati-city/for-sale/commercial/building-for-sale-in-project-wilson-makati-city-ad-478-ln710431,"PHP 130,000,000","7010, Wilson, Makati City, Metro Manila, 1230",,200 m²,,,Vacant,Semi-Furnished,04 Nov 14:01,Housing I.,"['PHP 130,000,000', '7010, Wilson, Makati City, Metro Manila, 1230', 'Status:', 'Vacant', 'Furnishing:', 'Semi-Furnished', 'Area:', '200 m²', 'Available from:', '5 Jun']"
Condo For Rent in Makati City,https://lifenavi.com/ph/properties/makati-city/for-rent/condo/fully-furnished-2br-unit-with-parking-for-lease-in-park-terraces-ad-477-ln318443,"PHP 160,000/ month","Legaspi Village, Makati City",,110 m²,2,2,Available from 5 Jun,,04 Nov 14:01,Housing I.,"['PHP 160,000/ month', '/ month', 'Legaspi Village, Makati City', 'Bedrooms:', '2', 'Area:', '110 m²', 'Bathrooms:', '2', 'Available from:', '5 Jun']"
"Condo For Sale in 1985, Spring, Makati City",https://lifenavi.com/ph/properties/makati-city/for-sale/condo/3br-penthouse-unit-for-sale-in-the-milano-residences-ad-476-ln820451,"PHP 60,000,000","1985, Spring, Makati City, Metro Manila, 1208",,170 m²,3,3,Available from 5 Jun,,04 Nov 14:01,Housing I.,"['PHP 60,000,000', '1985, Spring, Makati City, Metro Manila, 1208', 'Bedrooms:', '3', 'Area:', '170 m²', 'Bathrooms:', '3', 'Available from:', '5 Jun']"
"For Sale in Pasay City, Metro Manila",https://lifenavi.com/ph/properties/pasay-city/for-sale/commercial/hostelhotel-for-sale-in-pasay-ad-475-ln715910,"PHP 380,000,000","Pasay City, Metro Manila",,1701 m²,,,Vacant,Semi-Furnished,04 Nov 14:01,Housing I.,"['PHP 380,000,000', 'Pasay City, Metro Manila', 'Status:', 'Vacant', 'Furnishing:', 'Semi-Furnished', 'Area:', '1701 m²', 'Available from:', '9 Jun']"
"Condo For Sale in 6370, Camia, Makati City",https://lifenavi.com/ph/properties/makati-city/for-sale/condo/for-sale-2br-the-proscenium-residences-rockwell-makati-ad-474-ln104433,"PHP 52,000,000","6370, Camia, Makati City, Kalakhang Maynila, 1200",,121 m²,2,3,Available from 9 Jun,,04 Nov 14:01,Housing I.,"['PHP 52,000,000', '6370, Camia, Makati City, Kalakhang Maynila, 1200', 'Bedrooms:', '2', 'Area:', '121 m²', 'Bathrooms:', '3', 'Available from:', '9 Jun']"
"Condo For Rent in Rockwell Drive, Makati City",https://lifenavi.com/ph/properties/makati-city/for-rent/condo/fully-furnished-3br-unit-with-parking-for-rent-in-edades-tower-ad-473-ln185561,"PHP 290,000/ month","Rockwell Drive, Makati City, Metro Manila",,280 m²,3,3,Available from 9 Jun,,04 Nov 14:01,Housing I.,"['PHP 290,000/ month', '/ month', 'Rockwell Drive, Makati City, Metro Manila', 'Bedrooms:', '3', 'Area:', '280 m²', 'Bathrooms:', '3', 'Available from:', '9 Jun']"
Condo For Sale in Makati City,https://lifenavi.com/ph/properties/makati-city/for-sale/condo/fully-furnished-4br-unit-with-parking-for-sale-in-the-residences-at-greenbelt-ad-472-ln601413,"PHP 78,000,000","Legaspi Village, Makati City",,199 m²,4,4,Available from 9 Jun,,04 Nov 14:01,Housing I.,"['PHP 78,000,000', 'Legaspi Village, Makati City', 'Bedrooms:', '4', 'Area:', '199 m²', 'Bathrooms:', '4', 'Available from:', '9 Jun']"
"House and Lot For Sale in Muntinlupa, Metro Manila",https://lifenavi.com/ph/properties/muntinlupa/for-sale/house-and-lot/5br-house-and-lot-for-sale-in-ayala-alabang-village-ad-471-ln972778,"PHP 175,000,000","Muntinlupa, Metro Manila",,882 m²,5+,5,Available from 9 Jun,,04 Nov 14:01,Housing I.,"['PHP 175,000,000', 'Muntinlupa, Metro Manila', 'Bedrooms:', '5+', 'Area:', '882 m²', 'Bathrooms:', '5', 'Available from:', '9 Jun']"
House and Lot For Sale in Muntinlupa,https://lifenavi.com/ph/properties/muntinlupa/for-sale/house-and-lot/brandnew-6br-house-for-sale-in-portofino-heights-ad-470-ln288343,"PHP 135,000,000","Portofino Heights, Muntinlupa",,1010 m²,5+,6+,Available from 9 Jun,,04 Nov 14:01,Housing I.,"['PHP 135,000,000', 'Portofino Heights, Muntinlupa', 'Bedrooms:', '5+', 'Area:', '1010 m²', 'Bathrooms:', '6+', 'Available from:', '9 Jun']"
"Condo For Sale in 12, Savillo Street, Las Piñas",https://lifenavi.com/ph/properties/las-pinas/for-sale/condo/semi-furnished-brandnew-3br-unit-with-parking-for-sale-in-aurelia-residences-ad-469-ln931361,"PHP 185,000,000","12, Savillo Street, Las Piñas, Metro Manila, 1750",,337 m²,3,4,Available from 9 Jun,,04 Nov 14:01,Housing I.,"['PHP 185,000,000', '12, Savillo Street, Las Piñas, Metro Manila, 1750', 'Bedrooms:', '3', 'Area:', '337 m²', 'Bathrooms:', '4', 'Available from:', '9 Jun']"
Condo For Sale in Taguig,https://lifenavi.com/ph/properties/taguig/for-sale/condo/semi-furnished-3br-unit-with-parking-for-sale-in-horizon-homes-at-shangri-la-at-the-fort-ad-468-ln625869,"PHP 300,000,000","Fort Bonifacio Global City, Taguig",,316 m²,3,3,Available from 9 Jun,,04 Nov 14:01,Housing I.,"['PHP 300,000,000', 'Fort Bonifacio Global City, Taguig', 'Bedrooms:', '3', 'Area:', '316 m²', 'Bathrooms:', '3', 'Available from:', '9 Jun']"
"House and Lot For Sale in 17, Buckingham, Muntinlupa",https://lifenavi.com/ph/properties/muntinlupa/for-sale/house-and-lot/new-3-storey-house-for-sale-in-lancaster-hillsborough-village-alabang-ad-467-ln279397,"PHP 100,000,000","17, Buckingham, Muntinlupa, Metro Manila",,600 m²,4,4,Available from 9 Jun,,04 Nov 14:01,Housing I.,"['PHP 100,000,000', '17, Buckingham, Muntinlupa, Metro Manila', 'Bedrooms:', '4', 'Area:', '600 m²', 'Bathrooms:', '4', 'Available from:', '9 Jun']"
Condo For Rent in Pasig,https://lifenavi.com/ph/properties/pasig/for-rent/condo/for-rent-fully-furnished-1br-unit-in-vantage-kapitolyo-by-rockwell-ad-466-ln687109,"PHP 55,000/ month","Brgy. Kapitolyo, Pasig",,42 m²,1,1,Available from 1 Aug,,04 Nov 14:01,Housing I.,"['PHP 55,000/ month', '/ month', 'Brgy. Kapitolyo, Pasig', 'Bedrooms:', '1', 'Area:', '42 m²', 'Bathrooms:', '1', 'Available from:', '1 Aug']"
For Sale in Makati City,https://lifenavi.com/ph/properties/makati-city/for-sale/commercial/for-sale-139-corporate-cente-office-space-salcedo-ad-465-ln561871,"PHP 37,271,000","Salcedo Village, Makati City",,191 m²,,,Vacant,Semi-Furnished,04 Nov 14:01,Housing I.,"['PHP 37,271,000', 'Salcedo Village, Makati City', 'Status:', 'Vacant', 'Furnishing:', 'Semi-Furnished', 'Area:', '191 m²', 'Available from:', '10 Jul']"
Condo For Rent in Taguig,https://lifenavi.com/ph/properties/taguig/for-rent/condo/semi-furnished-3br-3br-unit-with-parking-for-lease-in-two-serendra-ad-464-ln724263,"PHP 125,000/ month","Fort Bonifacio Global City, Taguig",,109 m²,3,2,Available from 10 Jun,,04 Nov 14:01,Housing I.,"['PHP 125,000/ month', '/ month', 'Fort Bonifacio Global City, Taguig', 'Bedrooms:', '3', 'Area:', '109 m²', 'Bathrooms:', '2', 'Available from:', '10 Jun']"
Condo For Rent in Taguig,https://lifenavi.com/ph/properties/taguig/for-rent/condo/fully-furnished-3br-unit-with-balcony-for-lease-in-trion-towers-ad-463-ln555999,"PHP 135,000/ month","Fort Bonifacio Global City, Taguig",,102.34 m²,3,3,Available from 11 Jun,,04 Nov 14:01,Housing I.,"['PHP 135,000/ month', '/ month', 'Fort Bonifacio Global City, Taguig', 'Bedrooms:', '3', 'Area:', '102.34 m²', 'Bathrooms:', '3', 'Available from:', '11 Jun']"
Condo For Rent in Taguig,https://lifenavi.com/ph/properties/taguig/for-rent/condo/bare-3br-unit-with-parking-for-lease-in-the-suites-ad-462-ln430242,"PHP 300,000/ month","Fort Bonifacio Global City, Taguig",,212 m²,3,3,Available from 10 Jun,,04 Nov 14:01,Housing I.,"['PHP 300,000/ month', '/ month', 'Fort Bonifacio Global City, Taguig', 'Bedrooms:', '3', 'Area:', '212 m²', 'Bathrooms:', '3', 'Available from:', '10 Jun']"
Condo For Rent in Taguig,https://lifenavi.com/ph/properties/taguig/for-rent/condo/fully-furnished-2br-unit-for-lease-in-two-serendra-ad-461-ln218880,"PHP 120,000/ month","Fort Bonifacio Global City, Taguig",,88 m²,2,2,Available from 10 Jun,,04 Nov 14:01,Housing I.,"['PHP 120,000/ month', '/ month', 'Fort Bonifacio Global City, Taguig', 'Bedrooms:', '2', 'Area:', '88 m²', 'Bathrooms:', '2', 'Available from:', '10 Jun']"
Condo For Rent in Makati City,https://lifenavi.com/ph/properties/makati-city/for-rent/condo/for-rent-for-sale-3-bedroom-unit-at-escala-salcedo-makati-city-ad-460-ln162812,"PHP 180,000/ month","Salcedo Village, Makati City",,129 m²,3,3,Available from 13 Jun,,04 Nov 14:01,Housing I.,"['PHP 180,000/ month', '/ month', 'Salcedo Village, Makati City', 'Bedrooms:', '3', 'Area:', '129 m²', 'Bathrooms:', '3', 'Available from:', '13 Jun']"
Condo For Rent in Taguig,https://lifenavi.com/ph/properties/taguig/for-rent/condo/one-serendra-2-bedroom-for-lease-in-jasmine-tower-ad-459-ln618932,"PHP 180,000/ month","Fort Bonifacio Global City, Taguig",,138 m²,2,2,Available from 13 Jun,,04 Nov 14:01,Housing I.,"['PHP 180,000/ month', '/ month', 'Fort Bonifacio Global City, Taguig', 'Bedrooms:', '2', 'Area:', '138 m²', 'Bathrooms:', '2', 'Available from:', '13 Jun']"
"Condo For Sale in corner, 11th Avenue, Taguig",https://lifenavi.com/ph/properties/taguig/for-sale/condo/bare-4br-unit-with-parking-for-sale-in-east-gallery-place-ad-458-ln628140,"PHP 105,000,000","corner, 11th Avenue, Taguig, Metro Manila",,245 m²,4,4,Available from 6 May,,04 Nov 14:01,Housing I.,"['PHP 105,000,000', 'corner, 11th Avenue, Taguig, Metro Manila', 'Bedrooms:', '4', 'Area:', '245 m²', 'Bathrooms:', '4', 'Available from:', '6 May']"
Condo For Rent in Taguig,https://lifenavi.com/ph/properties/taguig/for-rent/condo/fully-furnished-4br-unit-with-parking-for-leasesale-in-horizon-homes-at-shangri-la-at-the-fort-ad-457-ln953263,"PHP 600,000/ month","Fort Bonifacio Global City, Taguig",,418.39 m²,4,4,Available from 16 Jun,,04 Nov 14:01,Housing I.,"['PHP 600,000/ month', '/ month', 'Fort Bonifacio Global City, Taguig', 'Bedrooms:', '4', 'Area:', '418.39 m²', 'Bathrooms:', '4', 'Available from:', '16 Jun']"
Condo For Rent in Taguig,https://lifenavi.com/ph/properties/taguig/for-rent/condo/fully-furnished-3br-unit-with-parking-for-lease-in-pacific-plaza-towers-ad-456-ln303319,"PHP 320,000/ month","Fort Bonifacio Global City, Taguig",,300 m²,3,3,Available from 16 Jun,,04 Nov 14:01,Housing I.,"['PHP 320,000/ month', '/ month', 'Fort Bonifacio Global City, Taguig', 'Bedrooms:', '3', 'Area:', '300 m²', 'Bathrooms:', '3', 'Available from:', '16 Jun']"
Condo For Sale in Taguig,https://lifenavi.com/ph/properties/taguig/for-sale/condo/semi-furnished-3br-unit-with-parking-for-sale-in-st-moritz-private-estate-ad-455-ln382848,"PHP 85,000,000","Fort Bonifacio Global City, Taguig",,212 m²,3,3,Available from 16 Jun,,04 Nov 14:00,Housing I.,"['PHP 85,000,000', 'Fort Bonifacio Global City, Taguig', 'Bedrooms:', '3', 'Area:', '212 m²', 'Bathrooms:', '3', 'Available from:', '16 Jun']"
Condo For Rent in Makati City,https://lifenavi.com/ph/properties/makati-city/for-rent/condo/for-sale-rent-1br-in-trump-tower-ad-454-ln229274,"PHP 85,000/ month","Century City, Makati City",,79.1 m²,1,1,Available from 17 Jun,,04 Nov 14:00,Housing I.,"['PHP 85,000/ month', '/ month', 'Century City, Makati City', 'Bedrooms:', '1', 'Area:', '79.1 m²', 'Bathrooms:', '1', 'Available from:', '17 Jun']"
"House and Lot For Sale in Muntinlupa, Metro Manila",https://lifenavi.com/ph/properties/muntinlupa/for-sale/house-and-lot/for-sale-ayala-alabang-village-4-bedrooms-1-office-ad-453-ln444247,"PHP 275,000,000","Muntinlupa, Metro Manila",,500 m²,4,4,Available from 17 Jun,,04 Nov 14:00,Housing I.,"['PHP 275,000,000', 'Muntinlupa, Metro Manila', 'Bedrooms:', '4', 'Area:', '500 m²', 'Bathrooms:', '4', 'Available from:', '17 Jun']"
Condo For Rent in Makati City,https://lifenavi.com/ph/properties/makati-city/for-rent/condo/fully-furnished-3br-unit-with-parking-for-lease-in-the-residences-at-greenbelt-ad-452-ln778013,"PHP 280,000/ month","Legaspi Village, Makati City",,141 m²,3,3,Available from 18 Jun,,04 Nov 14:00,Housing I.,"['PHP 280,000/ month', '/ month', 'Legaspi Village, Makati City', 'Bedrooms:', '3', 'Area:', '141 m²', 'Bathrooms:', '3', 'Available from:', '18 Jun']"
Condo For Sale in Makati City,https://lifenavi.com/ph/properties/makati-city/for-sale/condo/fully-furnished-3br-unit-with-parking-for-sale-in-escala-salcedo-ad-451-ln595034,"PHP 90,000,000","Salcedo Village, Makati City",,242 m²,3,2,Available from 18 Jun,,04 Nov 14:00,Housing I.,"['PHP 90,000,000', 'Salcedo Village, Makati City', 'Bedrooms:', '3', 'Area:', '242 m²', 'Bathrooms:', '2', 'Available from:', '18 Jun']"
"Condo For Rent in McKinley Parkway, Makati City",https://lifenavi.com/ph/properties/makati-city/for-rent/condo/fully-furnished-2br-unit-with-parking-for-lease-in-two-serendra-ad-450-ln407466,"PHP 110,000/ month","McKinley Parkway, Makati City, Metro Manila, 1630",,90 m²,2,2,Available from 18 Jun,,04 Nov 14:00,Housing I.,"['PHP 110,000/ month', '/ month', 'McKinley Parkway, Makati City, Metro Manila, 1630', 'Bedrooms:', '2', 'Area:', '90 m²', 'Bathrooms:', '2', 'Available from:', '18 Jun']"
"House and Lot For Rent in Muntinlupa, Metro Manila",https://lifenavi.com/ph/properties/muntinlupa/for-rent/house-and-lot/for-rent-3br-house-with-pool-in-ayala-alabang-village-muntinlupa-city-ad-449-ln864600,"PHP 230,000/ month","Muntinlupa, Metro Manila",,552 m²,3,3,Available from 18 Jun,,04 Nov 14:00,Housing I.,"['PHP 230,000/ month', '/ month', 'Muntinlupa, Metro Manila', 'Bedrooms:', '3', 'Area:', '552 m²', 'Bathrooms:', '3', 'Available from:', '18 Jun']"
"Condo For Rent in Makati City, Metro Manila",https://lifenavi.com/ph/properties/makati-city/for-rent/condo/for-rent-2br-in-east-gallery-place-bgc-ad-448-ln207991,"PHP 115,000/ month","Makati City, Metro Manila",,81 m²,2,2,Available from 18 Jun,,04 Nov 14:00,Housing I.,"['PHP 115,000/ month', '/ month', 'Makati City, Metro Manila', 'Bedrooms:', '2', 'Area:', '81 m²', 'Bathrooms:', '2', 'Available from:', '18 Jun']"
"Condo For Rent in Makati City, Metro Manila",https://lifenavi.com/ph/properties/makati-city/for-rent/condo/for-rent-2br-in-east-gallery-place-bgc-ad-448-ln207991,"PHP 115,000/ month","Makati City, Metro Manila",,81 m²,2,2,Available from 18 Jun,,04 Nov 14:00,Housing I.,"['PHP 115,000/ month', '/ month', 'Makati City, Metro Manila', 'Bedrooms:', '2', 'Area:', '81 m²', 'Bathrooms:', '2', 'Available from:', '18 Jun']"
"Condo For Rent in Estrella, Makati City",https://lifenavi.com/ph/properties/makati-city/for-rent/condo/for-sale-for-rent-luxurious-2br-unit-at-proscenium-lincoln-tower-ad-447-ln145515,"PHP 160,000/ month","Estrella, Makati City, Metro Manila",,118 m²,2,2,Available from 18 Jun,,04 Nov 14:00,Housing I.,"['PHP 160,000/ month', '/ month', 'Estrella, Makati City, Metro Manila', 'Bedrooms:', '2', 'Area:', '118 m²', 'Bathrooms:', '2', 'Available from:', '18 Jun']"
"Condo For Rent in 168, Valero, Makati City",https://lifenavi.com/ph/properties/makati-city/for-rent/condo/semi-furnished-unit-for-lease-at-forbes-tower-ad-446-ln190619,"PHP 150,000/ month","168, Valero, Makati City, Metro Manila",,309 m²,4,3,Available from 9 Jun,,04 Nov 14:00,Housing I.,"['PHP 150,000/ month', '/ month', '168, Valero, Makati City, Metro Manila', 'Bedrooms:', '4', 'Area:', '309 m²', 'Bathrooms:', '3', 'Available from:', '9 Jun']"
"Condo For Rent in Amorsolo Drive, Makati City",https://lifenavi.com/ph/properties/makati-city/for-rent/condo/furnished-2br-unit-with-parking-for-lease-in-amorsolo-square-ad-445-ln785837,"PHP 160,000/ month","Amorsolo Drive, Makati City, Metro Manila",,160 m²,2,2,Available from 18 Jun,,04 Nov 14:00,Housing I.,"['PHP 160,000/ month', '/ month', 'Amorsolo Drive, Makati City, Metro Manila', 'Bedrooms:', '2', 'Area:', '160 m²', 'Bathrooms:', '2', 'Available from:', '18 Jun']"
"Condo For Rent in 6, McKinley Parkway, Makati City",https://lifenavi.com/ph/properties/makati-city/for-rent/condo/1br-penthouse-unit-with-parking-for-lease-in-brittany-hotel-ad-444-ln671842,"PHP 150,000/ month","6, McKinley Parkway, Makati City, Metro Manila, 1634",,28 m²,1,1,Available from 19 Jun,,04 Nov 14:00,Housing I.,"['PHP 150,000/ month', '/ month', '6, McKinley Parkway, Makati City, Metro Manila, 1634', 'Bedrooms:', '1', 'Area:', '28 m²', 'Bathrooms:', '1', 'Available from:', '19 Jun']"
"House and Lot For Sale in 11, Picadilly, Muntinlupa",https://lifenavi.com/ph/properties/muntinlupa/for-sale/house-and-lot/for-sale-newly-renovated-5-bedroom-2-storey-home-hillsborough-alabang-village-ad-443-ln698295,"PHP 66,000,000","11, Picadilly, Hillsborough Alabang Village, Muntinlupa, Metro Manila, 1771",,410 m²,Studio,1,Available from 14 Mar,,04 Nov 14:00,Housing I.,"['PHP 66,000,000', '11, Picadilly, Hillsborough Alabang Village, Muntinlupa, Metro Manila, 1771', 'Bedrooms:', 'Studio', 'Area:', '410 m²', 'Bathrooms:', '1', 'Available from:', '14 Mar']"
"Condo For Rent in Makati City, Metro Manila",https://lifenavi.com/ph/properties/makati-city/for-rent/condo/for-rent-1-bedroom-one-maridien-ad-442-ln927507,"PHP 75,000/ month","Makati City, Metro Manila",,64 m²,1,1,Available from 1 Sep,,04 Nov 14:00,Housing I.,"['PHP 75,000/ month', '/ month', 'Makati City, Metro Manila', 'Bedrooms:', '1', 'Area:', '64 m²', 'Bathrooms:', '1', 'Available from:', '1 Sep']"
"Condo For Rent in Ayala Avenue, Makati City",https://lifenavi.com/ph/properties/makati-city/for-rent/condo/furnished-3br-unit-with-parking-for-lease-in-ritz-tower-ad-441-ln222015,"PHP 165,000/ month","Ayala Avenue, Makati City, Metro Manila",,268 m²,3,3,Available from 1 Jun,,04 Nov 14:00,Housing I.,"['PHP 165,000/ month', '/ month', 'Ayala Avenue, Makati City, Metro Manila', 'Bedrooms:', '3', 'Area:', '268 m²', 'Bathrooms:', '3', 'Available from:', '1 Jun']"
"Condo For Rent in 100, Benavidez Street, Makati City",https://lifenavi.com/ph/properties/makati-city/for-rent/condo/fully-furnished-2br-unit-with-parking-for-lease-in-asia-tower-ad-440-ln898565,"PHP 60,000/ month","100, Benavidez Street, Legazpi Village, Makati City, Metro Manila, 1229",,77 m²,2,2,Available from 19 Jun,,04 Nov 14:00,Housing I.,"['PHP 60,000/ month', '/ month', '100, Benavidez Street, Legazpi Village, Makati City, Metro Manila, 1229', 'Bedrooms:', '2', 'Area:', '77 m²', 'Bathrooms:', '2', 'Available from:', '19 Jun']"
"Condo For Rent in Rockwell Drive, Makati City",https://lifenavi.com/ph/properties/makati-city/for-rent/condo/furnished-2br-unit-with-parking-for-lease-in-one-rockwell-ad-439-ln765385,"PHP 180,000/ month","Rockwell Drive, Makati City, Metro Manila",,135 m²,2,2,Available from 20 Jun,,04 Nov 14:00,Housing I.,"['PHP 180,000/ month', '/ month', 'Rockwell Drive, Makati City, Metro Manila', 'Bedrooms:', '2', 'Area:', '135 m²', 'Bathrooms:', '2', 'Available from:', '20 Jun']"
"Condo For Sale in 98, Perea, Makati City",https://lifenavi.com/ph/properties/makati-city/for-sale/condo/fully-furnished-2br-unit-with-parking-for-sale-in-the-shang-grand-tower-ad-438-ln986896,"PHP 33,900,000","98, Perea, Makati City, Metro Manila",,135.65 m²,2,3,Available from 18 Jun,,04 Nov 14:00,Housing I.,"['PHP 33,900,000', '98, Perea, Makati City, Metro Manila', 'Bedrooms:', '2', 'Area:', '135.65 m²', 'Bathrooms:', '3', 'Available from:', '18 Jun']"
"Condo For Rent in Power Plant Mall, Hidalgo Drive, Makati City",https://lifenavi.com/ph/properties/makati-city/for-rent/condo/semi-furnished-3br-unit-with-parking-forlease-in-balmori-suites-ad-437-ln378125,"PHP 400,000/ month","Power Plant Mall, Hidalgo Drive, Makati City, Metro Manila",,232 m²,3,3,Available from 20 Jun,,04 Nov 14:00,Housing I.,"['PHP 400,000/ month', '/ month', 'Power Plant Mall, Hidalgo Drive, Makati City, Metro Manila', 'Bedrooms:', '3', 'Area:', '232 m²', 'Bathrooms:', '3', 'Available from:', '20 Jun']"
"Condo For Sale in Makati City, Metro Manila",https://lifenavi.com/ph/properties/makati-city/for-sale/condo/semi-furnished-4br-unit-with-parking-for-sale-in-east-gallery-place-ad-436-ln860124,"PHP 99,000,000","Makati City, Metro Manila",,244 m²,4,3,Available from 20 Jun,,04 Nov 14:00,Housing I.,"['PHP 99,000,000', 'Makati City, Metro Manila', 'Bedrooms:', '4', 'Area:', '244 m²', 'Bathrooms:', '3', 'Available from:', '20 Jun']"
"Condo For Rent in Amorsolo Drive, Makati City",https://lifenavi.com/ph/properties/makati-city/for-rent/condo/semi-furnished-2br-unit-for-lease-in-amorsolo-west-ad-435-ln893756,"PHP 200,600/ month","Amorsolo Drive, Makati City, Metro Manila",,184 m²,3,2,Available from 20 Jun,,04 Nov 14:00,Housing I.,"['PHP 200,600/ month', '/ month', 'Amorsolo Drive, Makati City, Metro Manila', 'Bedrooms:', '3', 'Area:', '184 m²', 'Bathrooms:', '2', 'Available from:', '20 Jun']"
"Condo For Rent in 8, Forbestown Road, Makati City",https://lifenavi.com/ph/properties/makati-city/for-rent/condo/fully-furnished-3br-unit-with-parking-for-lease-in-8-forbestown-road-ad-434-ln273971,"PHP 155,000/ month","8, Forbestown Road, Makati City, Metro Manila",,150 m²,3,3,Available from 23 Jun,,04 Nov 14:00,Housing I.,"['PHP 155,000/ month', '/ month', '8, Forbestown Road, Makati City, Metro Manila', 'Bedrooms:', '3', 'Area:', '150 m²', 'Bathrooms:', '3', 'Available from:', '23 Jun']"
"Condo For Rent in Cor, Plaza Drive, Makati City",https://lifenavi.com/ph/properties/makati-city/for-rent/condo/semi-furnished-3br-unit-with-parking-for-lease-in-the-balmori-suites-ad-433-ln293927,"PHP 400,000/ month","Cor, Plaza Drive, Makati City, Metro Manila",,232 m²,3,3,Available from 23 Jun,,04 Nov 14:00,Housing I.,"['PHP 400,000/ month', '/ month', 'Cor, Plaza Drive, Makati City, Metro Manila', 'Bedrooms:', '3', 'Area:', '232 m²', 'Bathrooms:', '3', 'Available from:', '23 Jun']"
"Condo For Rent in Amorsolo Drive, Makati City",https://lifenavi.com/ph/properties/makati-city/for-rent/condo/furnished-2br-unit-with-2-parkings-for-lease-in-amorsolo-rockwell-ad-432-ln193550,"PHP 160,000/ month","Amorsolo Drive, Makati City, Metro Manila",,160 m²,2,2,Available from 23 Jun,,04 Nov 14:00,Housing I.,"['PHP 160,000/ month', '/ month', 'Amorsolo Drive, Makati City, Metro Manila', 'Bedrooms:', '2', 'Area:', '160 m²', 'Bathrooms:', '2', 'Available from:', '23 Jun']"
"Condo For Rent in Estrella, Makati City",https://lifenavi.com/ph/properties/makati-city/for-rent/condo/fully-furnished-2br-unit-with-balcony-and-parking-for-lease-in-proscenium-at-rockwell-ad-431-ln151629,"PHP 160,000/ month","Estrella, Makati City, Metro Manila",,119 m²,2,2,Available from 23 Jun,,04 Nov 14:00,Housing I.,"['PHP 160,000/ month', '/ month', 'Estrella, Makati City, Metro Manila', 'Bedrooms:', '2', 'Area:', '119 m²', 'Bathrooms:', '2', 'Available from:', '23 Jun']"
"Condo For Sale in San Agustin Street, Makati City",https://lifenavi.com/ph/properties/makati-city/for-sale/condo/for-sale-escala-salcedo-lower-penthouse-ad-430-ln416666,"PHP 120,000,000","San Agustin Street, Makati City, Metro Manila",,242 m²,3,3,Available from 23 Jun,,04 Nov 13:59,Housing I.,"['PHP 120,000,000', 'San Agustin Street, Makati City, Metro Manila', 'Bedrooms:', '3', 'Area:', '242 m²', 'Bathrooms:', '3', 'Available from:', '23 Jun']"
"Condo For Rent in Le Grand Avenue, Taguig",https://lifenavi.com/ph/properties/taguig/for-rent/condo/fully-furnished-2br-unit-for-lease-in-park-mckinley-west-ad-429-ln774159,"PHP 200,000/ month","Le Grand Avenue, McKinley West, Taguig, Metro Manila",,120 m²,2,2,Available from 23 Jun,,04 Nov 13:59,Housing I.,"['PHP 200,000/ month', '/ month', 'Le Grand Avenue, McKinley West, Taguig, Metro Manila', 'Bedrooms:', '2', 'Area:', '120 m²', 'Bathrooms:', '2', 'Available from:', '23 Jun']"
"For Rent in Cagayan De Oro City, Northern Mindanao",https://lifenavi.com/ph/properties/cagayan-de-oro-city/for-rent/commercial/office-space-for-lease-in-cagayan-de-oro-city-ad-428-ln247488,"PHP 1,272,733/ month","Cagayan De Oro City, Northern Mindanao",,2314.06 m²,,,Vacant,Semi-Furnished,04 Nov 13:59,Housing I.,"['PHP 1,272,733/ month', '/ month', 'Cagayan De Oro City, Northern Mindanao', 'Status:', 'Vacant', 'Furnishing:', 'Semi-Furnished', 'Area:', '2314.06 m²', 'Available from:', '24 Jun']"
For Rent in Taguig,https://lifenavi.com/ph/properties/taguig/for-rent/commercial/office-space-for-lease-in-taguig-city-ad-427-ln593445,"PHP 282,557/ month","Fort Bonifacio Global City, Taguig",,256.87 m²,,,Vacant,Semi-Furnished,04 Nov 13:59,Housing I.,"['PHP 282,557/ month', '/ month', 'Fort Bonifacio Global City, Taguig', 'Status:', 'Vacant', 'Furnishing:', 'Semi-Furnished', 'Area:', '256.87 m²', 'Available from:', '24 Jun']"
"House and Lot For Sale in Muntinlupa, Metro Manila",https://lifenavi.com/ph/properties/muntinlupa/for-sale/house-and-lot/prime-located-luxurious-modern-home-in-ayala-alabang-village-ad-426-ln565223,"PHP 180,000,000","Muntinlupa, Metro Manila",,720 m²,5+,6+,Available from 24 Jun,,04 Nov 13:59,Housing I.,"['PHP 180,000,000', 'Muntinlupa, Metro Manila', 'Bedrooms:', '5+', 'Area:', '720 m²', 'Bathrooms:', '6+', 'Available from:', '24 Jun']"
"Office For Rent in 7269, Malugay, Makati City",https://lifenavi.com/ph/properties/makati-city/for-rent/office/office-space-for-lease-in-makati-ad-425-ln790400,"PHP 4,949,966/ month","7269, Malugay, Street, Makati City, Kalakhang Maynila, 1203",,5210.49 m²,,,Vacant,Semi-Furnished,04 Nov 13:59,Housing I.,"['PHP 4,949,966/ month', '/ month', '7269, Malugay, Street, Makati City, Kalakhang Maynila, 1203', 'Status:', 'Vacant', 'Furnishing:', 'Semi-Furnished', 'Area:', '5210.49 m²', 'Available from:', '24 Jun']"
"For Rent in Coral Way, Pasay City",https://lifenavi.com/ph/properties/pasay-city/for-rent/commercial/office-space-for-lease-in-pasay-city-ad-424-ln682862,"PHP 4,745,728/ month","Coral Way, Pasay City, Metro Manila",,5932.16 m²,,,Vacant,Semi-Furnished,04 Nov 13:59,Housing I.,"['PHP 4,745,728/ month', '/ month', 'Coral Way, Pasay City, Metro Manila', 'Status:', 'Vacant', 'Furnishing:', 'Semi-Furnished', 'Area:', '5932.16 m²', 'Available from:', '24 Jun']"
"For Rent in City of Santa Rosa, Calabarzon",https://lifenavi.com/ph/properties/city-of-santa-rosa/for-rent/commercial/office-space-for-lease-in-laguna-ad-423-ln538120,"PHP 1,397,430/ month","City of Santa Rosa, Calabarzon",,2329.05 m²,,,Vacant,Semi-Furnished,04 Nov 13:59,Housing I.,"['PHP 1,397,430/ month', '/ month', 'City of Santa Rosa, Calabarzon', 'Status:', 'Vacant', 'Furnishing:', 'Semi-Furnished', 'Area:', '2329.05 m²', 'Available from:', '24 Jun']"
"For Rent in Bacolod, Western Visayas",https://lifenavi.com/ph/properties/bacolod/for-rent/commercial/office-space-for-lease-in-bacolod-ad-422-ln709277,"PHP 2,895,984/ month","Bacolod, Western Visayas",,4455.36 m²,,,Vacant,Semi-Furnished,04 Nov 13:59,Housing I.,"['PHP 2,895,984/ month', '/ month', 'Bacolod, Western Visayas', 'Status:', 'Vacant', 'Furnishing:', 'Semi-Furnished', 'Area:', '4455.36 m²', 'Available from:', '24 Jun']"
"For Rent in Benigno Aquino Ave., Diversion Road, Iloilo City",https://lifenavi.com/ph/properties/iloilo-city/for-rent/commercial/office-space-for-sale-in-iloilo-city-ad-421-ln650531,"PHP 990,197/ month",,,1523.38 m²,,,Vacant,Semi-Furnished,04 Nov 13:59,Housing I.,"['PHP 990,197/ month', '/ month', 'Benigno Aquino Ave., Diversion Road, Mandurriao, Iloilo City, Western Visayas, 5000', 'Status:', 'Vacant', 'Furnishing:', 'Semi-Furnished', 'Area:', '1523.38 m²', 'Available from:', '18 Nov']"
"For Rent in Iloilo City, Western Visayas",https://lifenavi.com/ph/properties/iloilo-city/for-rent/commercial/office-space-for-lease-in-iloilo-city-ad-420-ln573727,"PHP 1,007,858/ month","Mandurriao, Iloilo City, Western Visayas",,1550.55 m²,,,Vacant,Semi-Furnished,04 Nov 13:59,Housing I.,"['PHP 1,007,858/ month', '/ month', 'Mandurriao, Iloilo City, Western Visayas', 'Status:', 'Vacant', 'Furnishing:', 'Semi-Furnished', 'Area:', '1550.55 m²', 'Available from:', '24 Jun']"
For Rent in Mandaue,https://lifenavi.com/ph/properties/mandaue/for-rent/commercial/office-space-for-lease-in-mandaue-city-ad-419-ln263614,"PHP 5,257,692/ month","Cebu, Mandaue",,8762.82 m²,,,Vacant,Semi-Furnished,04 Nov 13:59,Housing I.,"['PHP 5,257,692/ month', '/ month', 'Cebu, Mandaue', 'Status:', 'Vacant', 'Furnishing:', 'Semi-Furnished', 'Area:', '8762.82 m²', 'Available from:', '24 Jun']"
"Condo For Rent in Upper McKinley Hill, Taguig",https://lifenavi.com/ph/properties/taguig/for-rent/condo/tri-level-hosue-for-lease-in-mckinlry-hill-village-ad-418-ln731470,"PHP 250,000/ month","Upper McKinley Hill, Taguig, Metro Manila",,600 m²,5+,3,Available from 24 Jun,,04 Nov 13:59,Housing I.,"['PHP 250,000/ month', '/ month', 'Upper McKinley Hill, Taguig, Metro Manila', 'Bedrooms:', '5+', 'Area:', '600 m²', 'Bathrooms:', '3', 'Available from:', '24 Jun']"
Condo For Rent in Taguig,https://lifenavi.com/ph/properties/taguig/for-rent/condo/fully-furnished-3br-unit-for-lease-in-uptown-parksuites-ad-417-ln321080,"PHP 130,000/ month","Fort Bonifacio Global City, Taguig",,89 m²,3,2,Available from 24 Jun,,04 Nov 13:59,Housing I.,"['PHP 130,000/ month', '/ month', 'Fort Bonifacio Global City, Taguig', 'Bedrooms:', '3', 'Area:', '89 m²', 'Bathrooms:', '2', 'Available from:', '24 Jun']"
For Rent in Paranaque,https://lifenavi.com/ph/properties/paranaque/for-rent/commercial/office-space-for-lease-in-paranaque-ad-416-ln264234,"PHP 1,109,696/ month","Bicutan, Paranaque",,1585.28 m²,,,Vacant,Semi-Furnished,04 Nov 13:59,Housing I.,"['PHP 1,109,696/ month', '/ month', 'Bicutan, Paranaque', 'Status:', 'Vacant', 'Furnishing:', 'Semi-Furnished', 'Area:', '1585.28 m²', 'Available from:', '25 Jun']"
For Rent in Mabolo,https://lifenavi.com/ph/properties/mabolo/for-rent/commercial/office-space-for-lease-in-cebu-ad-415-ln115860,"PHP 1,526,112/ month","Cebu, Mabolo",,2180.16 m²,,,Vacant,Semi-Furnished,04 Nov 13:59,Housing I.,"['PHP 1,526,112/ month', '/ month', 'Cebu, Mabolo', 'Status:', 'Vacant', 'Furnishing:', 'Semi-Furnished', 'Area:', '2180.16 m²', 'Available from:', '25 Jun']"
Condo For Rent in Makati City,https://lifenavi.com/ph/properties/makati-city/for-rent/condo/condominium-for-rent-with-1br-1bt-in-city-land-greenbelt-ad-414-ln283977,"PHP 24,000/ month","Legaspi Village, Makati City",,32 m²,1,1,Available from 25 Jun,,04 Nov 13:59,Housing I.,"['PHP 24,000/ month', '/ month', 'Legaspi Village, Makati City', 'Bedrooms:', '1', 'Area:', '32 m²', 'Bathrooms:', '1', 'Available from:', '25 Jun']"
"House and Lot For Sale in Laurel, Calabarzon",https://lifenavi.com/ph/properties/laurel/for-sale/house-and-lot/house-for-sale-in-batangas-ad-413-ln585631,"PHP 65,000,000","Laurel, Calabarzon",,500 m²,2,2,Available from 25 Jun,,04 Nov 13:59,Housing I.,"['PHP 65,000,000', 'Laurel, Calabarzon', 'Bedrooms:', '2', 'Area:', '500 m²', 'Bathrooms:', '2', 'Available from:', '25 Jun']"
"Office For Rent in EDSA-North Avenue Terminal, Quezon City",https://lifenavi.com/ph/properties/quezon-city/for-rent/office/office-space-for-lease-in-quezon-city-ad-412-ln713425,"PHP 1,754,239/ month","EDSA-North Avenue Terminal, Quezon City, Metro Manila",,2064 m²,,,Vacant,Semi-Furnished,04 Nov 13:59,Housing I.,"['PHP 1,754,239/ month', '/ month', 'EDSA-North Avenue Terminal, Quezon City, Metro Manila', 'Status:', 'Vacant', 'Furnishing:', 'Semi-Furnished', 'Area:', '2064 m²', 'Available from:', '25 Jun']"
Condo For Rent in Taguig,https://lifenavi.com/ph/properties/taguig/for-rent/condo/fully-furnished-2br-unit-with-parking-for-lease-in-one-mckinley-place-ad-411-ln818873,"PHP 160,000/ month","Fort Bonifacio Global City, Taguig",,110 m²,2,2,Available from 25 Jun,,04 Nov 13:59,Housing I.,"['PHP 160,000/ month', '/ month', 'Fort Bonifacio Global City, Taguig', 'Bedrooms:', '2', 'Area:', '110 m²', 'Bathrooms:', '2', 'Available from:', '25 Jun']"
Condo For Rent in Taguig,https://lifenavi.com/ph/properties/taguig/for-rent/condo/fully-furnished-2br-unit-with-parking-for-lease-in-east-gallery-place-ad-410-ln642512,"PHP 210,000/ month","Fort Bonifacio Global City, Taguig",,138 m²,2,2,Available from 23 Jan,,04 Nov 13:59,Housing I.,"['PHP 210,000/ month', '/ month', 'Fort Bonifacio Global City, Taguig', 'Bedrooms:', '2', 'Area:', '138 m²', 'Bathrooms:', '2', 'Available from:', '23 Jan']"
"Condo For Rent in 28, Amorsolo Drive, Makati City",https://lifenavi.com/ph/properties/makati-city/for-rent/condo/fully-furnished-2br-unit-with-parking-for-lease-in-edades-tower-ad-409-ln411706,"PHP 110,000/ month","28, Amorsolo Drive, Makati City, Metro Manila, 1210",,96 m²,2,2,Available from 23 Jun,,04 Nov 13:59,Housing I.,"['PHP 110,000/ month', '/ month', '28, Amorsolo Drive, Makati City, Metro Manila, 1210', 'Bedrooms:', '2', 'Area:', '96 m²', 'Bathrooms:', '2', 'Available from:', '23 Jun']"
House and Lot For Sale in Cavite,https://lifenavi.com/ph/properties/cavite/for-sale/house-and-lot/ive-ayala-westgrove-heights-home-6br-infinity-pool-for-sale-ad-408-ln396212,"PHP 110,000,000","Silang, Cavite",,1100 m²,5+,6+,Available from 25 Jun,,04 Nov 13:59,Housing I.,"['PHP 110,000,000', 'Silang, Cavite', 'Bedrooms:', '5+', 'Area:', '1100 m²', 'Bathrooms:', '6+', 'Available from:', '25 Jun']"
Condo For Rent in Makati City,https://lifenavi.com/ph/properties/makati-city/for-rent/condo/fully-furnished-2br-unit-with-balcony-and-parking-for-salerent-in-the-residences-at-greenbelt-ad-407-ln686810,"PHP 130,009/ month","Legaspi Village, Makati City",,122 m²,2,2,Available from 25 Jun,,04 Nov 13:59,Housing I.,"['PHP 130,009/ month', '/ month', 'Legaspi Village, Makati City', 'Bedrooms:', '2', 'Area:', '122 m²', 'Bathrooms:', '2', 'Available from:', '25 Jun']"
"House and Lot For Rent in Muntinlupa, Metro Manila",https://lifenavi.com/ph/properties/muntinlupa/for-rent/house-and-lot/4br-house-for-lease-in-ayala-alabang-village-ad-406-ln890625,"PHP 180,000/ month","Muntinlupa, Metro Manila",,387 m²,4,3,Available from 26 Jun,,04 Nov 13:59,Housing I.,"['PHP 180,000/ month', '/ month', 'Muntinlupa, Metro Manila', 'Bedrooms:', '4', 'Area:', '387 m²', 'Bathrooms:', '3', 'Available from:', '26 Jun']"
Condo For Sale in Taguig,https://lifenavi.com/ph/properties/taguig/for-sale/condo/fully-furnished-4br-unit-with-parking-for-sale-in-arya-residences-ad-405-ln142941,"PHP 150,000,000","Fort Bonifacio Global City, Taguig",,377 m²,4,3,Available from 26 Jun,,04 Nov 13:59,Housing I.,"['PHP 150,000,000', 'Fort Bonifacio Global City, Taguig', 'Bedrooms:', '4', 'Area:', '377 m²', 'Bathrooms:', '3', 'Available from:', '26 Jun']"
"Condo For Sale in corner, 11th Avenue, Taguig",https://lifenavi.com/ph/properties/taguig/for-sale/condo/fully-furnished-3br-unit-with-balcony-and-parking-for-sale-in-east-gallery-place-ad-403-ln415868,"PHP 95,000,000","corner, 11th Avenue, Taguig, Metro Manila",,193 m²,3,3,Available from 26 Jun,,04 Nov 13:59,Housing I.,"['PHP 95,000,000', 'corner, 11th Avenue, Taguig, Metro Manila', 'Bedrooms:', '3', 'Area:', '193 m²', 'Bathrooms:', '3', 'Available from:', '26 Jun']"
"Condo For Rent in 26th St, 4th Avenue, Makati City",https://lifenavi.com/ph/properties/makati-city/for-rent/condo/fully-furnished-3br-unit-with-paking-for-lease-in-verve-residences-ad-402-ln194507,"PHP 200,000/ month","26th St, 4th Avenue, Makati City, Metro Manila",,160 m²,3,3,Available from 13 May,,04 Nov 13:59,Housing I.,"['PHP 200,000/ month', '/ month', '26th St, 4th Avenue, Makati City, Metro Manila', 'Bedrooms:', '3', 'Area:', '160 m²', 'Bathrooms:', '3', 'Available from:', '13 May']"
Condo For Rent in Taguig,https://lifenavi.com/ph/properties/taguig/for-rent/condo/for-rent-2br-unit-two-maridien-ad-401-ln947757,"PHP 120,000/ month","Fort Bonifacio Global City, Taguig",,100 m²,2,1,Available from 30 Jun,,04 Nov 13:59,Housing I.,"['PHP 120,000/ month', '/ month', 'Fort Bonifacio Global City, Taguig', 'Bedrooms:', '2', 'Area:', '100 m²', 'Bathrooms:', '1', 'Available from:', '30 Jun']"
"Condo For Rent in 30th Street, Taguig",https://lifenavi.com/ph/properties/taguig/for-rent/condo/3br-condo-unit-with-city-view-ad-400-ln358659,"PHP 450,000/ month","30th Street, Taguig, Metro Manila",,280 m²,3,3,Available from 30 Jun,,04 Nov 13:59,Housing I.,"['PHP 450,000/ month', '/ month', '30th Street, Taguig, Metro Manila', 'Bedrooms:', '3', 'Area:', '280 m²', 'Bathrooms:', '3', 'Available from:', '30 Jun']"
Condo For Sale in Taguig,https://lifenavi.com/ph/properties/taguig/for-sale/condo/fully-furnished-3br-unit-for-sale-at-8-forbestown-road-ad-399-ln396655,"PHP 42,000,000","Fort Bonifacio Global City, Taguig",,137.7 m²,3,1,Available from 30 Jun,,04 Nov 13:59,Housing I.,"['PHP 42,000,000', 'Fort Bonifacio Global City, Taguig', 'Bedrooms:', '3', 'Area:', '137.7 m²', 'Bathrooms:', '1', 'Available from:', '30 Jun']"
Condo For Rent in Makati City,https://lifenavi.com/ph/properties/makati-city/for-rent/condo/for-rent-sale-4br-in-forbes-tower-ad-398-ln501362,"PHP 420,000/ month","Salcedo Village, Makati City",,531.04 m²,4,4,Available from 30 Jun,,04 Nov 13:59,Housing I.,"['PHP 420,000/ month', '/ month', 'Salcedo Village, Makati City', 'Bedrooms:', '4', 'Area:', '531.04 m²', 'Bathrooms:', '4', 'Available from:', '30 Jun']"
"Condo For Sale in Cruzada Street, Makati City",https://lifenavi.com/ph/properties/makati-city/for-sale/condo/semi-furnished-3br-unit-with-parking-for-sale-in-one-roxas-triangle-ad-397-ln133687,"PHP 120,000,000","Cruzada Street, Makati City, Metro Manila",,308 m²,3,3,Available from 30 Jun,,04 Nov 13:59,Housing I.,"['PHP 120,000,000', 'Cruzada Street, Makati City, Metro Manila', 'Bedrooms:', '3', 'Area:', '308 m²', 'Bathrooms:', '3', 'Available from:', '30 Jun']"
"Condo For Sale in Cor, 11th Avenue, Taguig",https://lifenavi.com/ph/properties/taguig/for-sale/condo/park-triangle-3br-penthouse-unit-with-balcony-and-parking-ad-396-ln901953,"PHP 97,000,000","Cor, 11th Avenue, Taguig, Metro Manila",,232 m²,3,3,Available from 30 Jun,,04 Nov 13:59,Housing I.,"['PHP 97,000,000', 'Cor, 11th Avenue, Taguig, Metro Manila', 'Bedrooms:', '3', 'Area:', '232 m²', 'Bathrooms:', '3', 'Available from:', '30 Jun']"
House and Lot For Sale in Laguna,https://lifenavi.com/ph/properties/laguna/for-sale/house-and-lot/house-and-lot-for-sale-in-ayala-greenfield-estates-ad-395-ln584828,"PHP 58,000,000","Calamba, Laguna",,850 m²,4,4,Available from 30 Jun,,04 Nov 13:59,Housing I.,"['PHP 58,000,000', 'Calamba, Laguna', 'Bedrooms:', '4', 'Area:', '850 m²', 'Bathrooms:', '4', 'Available from:', '30 Jun']"
"For Rent in Filinvest Avenue, Muntinlupa",https://lifenavi.com/ph/properties/muntinlupa/for-rent/commercial/office-space-for-lease-in-muntinlupa-city-ad-394-ln119684,"PHP 1,822,084/ month","Filinvest Avenue, Muntinlupa, Metro Manila",,2070.55 m²,,,Vacant,Furnished,04 Nov 13:59,Housing I.,"['PHP 1,822,084/ month', '/ month', 'Filinvest Avenue, Muntinlupa, Metro Manila', 'Status:', 'Vacant', 'Furnishing:', 'Furnished', 'Area:', '2070.55 m²', 'Available from:', '30 Jun']"
Condo For Rent in Makati City,https://lifenavi.com/ph/properties/makati-city/for-rent/condo/3-bedroom-fully-furnished-for-rent-at-ritz-tower-ad-393-ln518696,"PHP 125,000/ month","Ayala Avenue, Makati City",,258 m²,3,4,Available from 30 Jun,,04 Nov 13:58,Housing I.,"['PHP 125,000/ month', '/ month', 'Ayala Avenue, Makati City', 'Bedrooms:', '3', 'Area:', '258 m²', 'Bathrooms:', '4', 'Available from:', '30 Jun']"
"Office For Rent in Filinvest Avenue, Muntinlupa",https://lifenavi.com/ph/properties/muntinlupa/for-rent/office/office-space-for-lease-in-alabang-ad-392-ln114289,"PHP 1,634,342/ month","Filinvest Avenue, Muntinlupa, Metro Manila",,1993 m²,,,Vacant,Semi-Furnished,04 Nov 13:58,Housing I.,"['PHP 1,634,342/ month', '/ month', 'Filinvest Avenue, Muntinlupa, Metro Manila', 'Status:', 'Vacant', 'Furnishing:', 'Semi-Furnished', 'Area:', '1993 m²', 'Available from:', '30 Jun']"
House and Lot For Rent in Makati City,https://lifenavi.com/ph/properties/makati-city/for-rent/house-and-lot/modern-house-with-pool-for-lease-at-san-lorenzo-village-ad-391-ln334724,"PHP 350,000/ month","San Lorenzo Village, Makati City",,466 m²,4,4,Available from 30 Jun,,04 Nov 13:58,Housing I.,"['PHP 350,000/ month', '/ month', 'San Lorenzo Village, Makati City', 'Bedrooms:', '4', 'Area:', '466 m²', 'Bathrooms:', '4', 'Available from:', '30 Jun']"
"Condo For Rent in 8th Avenue, Taguig",https://lifenavi.com/ph/properties/taguig/for-rent/condo/3br-penthouse-unit-with-parking-for-lease-in-uptown-parksuites-ad-390-ln248066,"PHP 160,000/ month","8th Avenue, Taguig, Metro Manila",,123 m²,3,4,Available from 1 Jul,,04 Nov 13:58,Housing I.,"['PHP 160,000/ month', '/ month', '8th Avenue, Taguig, Metro Manila', 'Bedrooms:', '3', 'Area:', '123 m²', 'Bathrooms:', '4', 'Available from:', '1 Jul']"
"Condo For Rent in cor, 3rd Avenue, Taguig",https://lifenavi.com/ph/properties/taguig/for-rent/condo/fully-furnished-3br-unit-for-leasesale-in-the-suites-ad-389-ln893249,"PHP 450,000/ month","cor, 3rd Avenue, Taguig, Metro Manila",,250 m²,3,3,Available from 1 Jul,,04 Nov 13:58,Housing I.,"['PHP 450,000/ month', '/ month', 'cor, 3rd Avenue, Taguig, Metro Manila', 'Bedrooms:', '3', 'Area:', '250 m²', 'Bathrooms:', '3', 'Available from:', '1 Jul']"
"Land only For Sale in 30, B. Valdez, Taguig",https://lifenavi.com/ph/properties/taguig/for-sale/land-only/lot-for-sale-in-afpovai-taguig-ad-388-ln148301,"PHP 240,000,000","30, B. Valdez, Taguig, Kalakhang Maynila, 1630",,800 m²,Studio,1,Available from 1 Jul,,04 Nov 13:58,Housing I.,"['PHP 240,000,000', '30, B. Valdez, Taguig, Kalakhang Maynila, 1630', 'Bedrooms:', 'Studio', 'Area:', '800 m²', 'Bathrooms:', '1', 'Available from:', '1 Jul']"
"Condo For Sale in 56, Estrella, Makati City",https://lifenavi.com/ph/properties/makati-city/for-sale/condo/fully-furnished-3br-unit-with-parking-for-sale-in-proscenium-at-rockwell-ad-387-ln341293,"PHP 90,000,000","56, Estrella, Makati City, Metro Manila",,224 m²,3,3,Available from 1 Jul,,04 Nov 13:58,Housing I.,"['PHP 90,000,000', '56, Estrella, Makati City, Metro Manila', 'Bedrooms:', '3', 'Area:', '224 m²', 'Bathrooms:', '3', 'Available from:', '1 Jul']"
"Condo For Rent in cor, 8th Avenue, Taguig",https://lifenavi.com/ph/properties/taguig/for-rent/condo/fully-furnished-4br-unit-for-lease-in-grand-hyatt-residences-ad-386-ln243974,"PHP 450,000/ month","cor, 8th Avenue, Taguig, Metro Manila",,300 m²,4,4,Available from 1 Jul,,04 Nov 13:58,Housing I.,"['PHP 450,000/ month', '/ month', 'cor, 8th Avenue, Taguig, Metro Manila', 'Bedrooms:', '4', 'Area:', '300 m²', 'Bathrooms:', '4', 'Available from:', '1 Jul']"
Condo For Rent in Taguig,https://lifenavi.com/ph/properties/taguig/for-rent/condo/a-luxurious-2-bedroom-apartment-in-the-heart-of-taguig-city-ad-384-ln318614,"PHP 150,000/ month","Fort Bonifacio Global City, Taguig",,98.2 m²,2,2,Available from 1 Jul,,04 Nov 13:58,Housing I.,"['PHP 150,000/ month', '/ month', 'Fort Bonifacio Global City, Taguig', 'Bedrooms:', '2', 'Area:', '98.2 m²', 'Bathrooms:', '2', 'Available from:', '1 Jul']"
"Condo For Rent in McKinley Hill Drive, Taguig",https://lifenavi.com/ph/properties/taguig/for-rent/condo/fully-furnished-3br-unit-for-lease-in-two-serendra-ad-383-ln904731,"PHP 100,000/ month","McKinley Hill Drive, Taguig, Metro Manila",,110 m²,3,3,Available from 2 Aug,,04 Nov 13:58,Housing I.,"['PHP 100,000/ month', '/ month', 'McKinley Hill Drive, Taguig, Metro Manila', 'Bedrooms:', '3', 'Area:', '110 m²', 'Bathrooms:', '3', 'Available from:', '2 Aug']"
"Office For Rent in Filinvest Avenue, Muntinlupa",https://lifenavi.com/ph/properties/muntinlupa/for-rent/office/office-space-for-lease-in-alabang-ad-382-ln408597,"PHP 1,438,624/ month","Filinvest Avenue, Muntinlupa, Metro Manila",,1634.8 m²,,,Vacant,Semi-Furnished,04 Nov 13:58,Housing I.,"['PHP 1,438,624/ month', '/ month', 'Filinvest Avenue, Muntinlupa, Metro Manila', 'Status:', 'Vacant', 'Furnishing:', 'Semi-Furnished', 'Area:', '1634.8 m²', 'Available from:', '2 Jul']"
"Condo For Rent in 11th Avenue, Taguig",https://lifenavi.com/ph/properties/taguig/for-rent/condo/elegant-studio-condo-unit-for-rent-at-the-south-of-market-residences-bgc-ad-381-ln847505,"PHP 35,000/ month","11th Avenue, Taguig, Metro Manila",,39 m²,Studio,1,Available from 2 Jul,,04 Nov 13:58,Housing I.,"['PHP 35,000/ month', '/ month', '11th Avenue, Taguig, Metro Manila', 'Bedrooms:', 'Studio', 'Area:', '39 m²', 'Bathrooms:', '1', 'Available from:', '2 Jul']"
Condo For Rent in Taguig,https://lifenavi.com/ph/properties/taguig/for-rent/condo/fully-furnished-3br-unit-with-balcony-for-lease-in-two-serendra-ad-380-ln508283,"PHP 130,000/ month","Fort Bonifacio Global City, Taguig",,109 m²,3,3,Available from 27 Mar,,04 Nov 13:58,Housing I.,"['PHP 130,000/ month', '/ month', 'Fort Bonifacio Global City, Taguig', 'Bedrooms:', '3', 'Area:', '109 m²', 'Bathrooms:', '3', 'Available from:', '27 Mar']"
Condo For Rent in Makati City,https://lifenavi.com/ph/properties/makati-city/for-rent/condo/a-luxurious-1-bedroom-apartment-in-rockwell-makati-ad-379-ln262593,"PHP 75,000/ month","Rockwell Center, Makati City",,69 m²,1,1,Available from 2 Jul,,04 Nov 13:58,Housing I.,"['PHP 75,000/ month', '/ month', 'Rockwell Center, Makati City', 'Bedrooms:', '1', 'Area:', '69 m²', 'Bathrooms:', '1', 'Available from:', '2 Jul']"
House and Lot For Rent in Taguig,https://lifenavi.com/ph/properties/taguig/for-rent/house-and-lot/a-fancy-house-and-lot-located-at-mckinley-village-west-taguig-ad-378-ln351273,"PHP 380,000/ month","Mckinley West, Taguig",,509 m²,5+,6+,Available from 2 Jul,,04 Nov 13:58,Housing I.,"['PHP 380,000/ month', '/ month', 'Mckinley West, Taguig', 'Bedrooms:', '5+', 'Area:', '509 m²', 'Bathrooms:', '6+', 'Available from:', '2 Jul']"
"House and Lot For Rent in McKinley Hill Drive, Taguig",https://lifenavi.com/ph/properties/taguig/for-rent/house-and-lot/a-fancy-house-and-lot-located-at-mckinley-hill-village-taguig-ad-377-ln387527,"PHP 380,000/ month","McKinley Hill Drive, Taguig, Metro Manila",,516 m²,5+,6+,Available from 2 Jul,,04 Nov 13:58,Housing I.,"['PHP 380,000/ month', '/ month', 'McKinley Hill Drive, Taguig, Metro Manila', 'Bedrooms:', '5+', 'Area:', '516 m²', 'Bathrooms:', '6+', 'Available from:', '2 Jul']"
Condo For Sale in Makati City,https://lifenavi.com/ph/properties/makati-city/for-sale/condo/a-fancy-1-bedroom-apartment-in-rockwell-makati-ad-376-ln703620,"PHP 23,000,000","Rockwell Center, Makati City",,70 m²,1,1,Available from 2 Jul,,04 Nov 13:58,Housing I.,"['PHP 23,000,000', 'Rockwell Center, Makati City', 'Bedrooms:', '1', 'Area:', '70 m²', 'Bathrooms:', '1', 'Available from:', '2 Jul']"
"Condo For Sale in 56, Estrella, Makati City",https://lifenavi.com/ph/properties/makati-city/for-sale/condo/a-fancy-1-bedroom-apartment-in-rockwell-makati-ad-375-ln416067,"PHP 19,000,000","56, Estrella, Makati City, Metro Manila",,54 m²,1,1,Available from 2 Jul,,04 Nov 13:58,Housing I.,"['PHP 19,000,000', '56, Estrella, Makati City, Metro Manila', 'Bedrooms:', '1', 'Area:', '54 m²', 'Bathrooms:', '1', 'Available from:', '2 Jul']"
"Condo For Rent in 28, Amorsolo Drive, Makati City",https://lifenavi.com/ph/properties/makati-city/for-rent/condo/2br-unit-for-rent-in-amorsolo-west-ad-374-ln657571,"PHP 200,000/ month","28, Amorsolo Drive, Makati City, Metro Manila, 1210",,184 m²,2,1,Available from 3 Jul,,04 Nov 13:58,Housing I.,"['PHP 200,000/ month', '/ month', '28, Amorsolo Drive, Makati City, Metro Manila, 1210', 'Bedrooms:', '2', 'Area:', '184 m²', 'Bathrooms:', '1', 'Available from:', '3 Jul']"
"House and Lot For Rent in Tagaytay City, Calabarzon",https://lifenavi.com/ph/properties/tagaytay-city/for-rent/house-and-lot/resortstaycation-house-for-rent-or-sublease-near-tagaytay-ad-373-ln326980,"PHP 220,000/ month","Tagaytay City, Calabarzon",,700 m²,5+,6+,Available from 3 Jul,,04 Nov 13:58,Housing I.,"['PHP 220,000/ month', '/ month', 'Tagaytay City, Calabarzon', 'Bedrooms:', '5+', 'Area:', '700 m²', 'Bathrooms:', '6+', 'Available from:', '3 Jul']"
Condo For Rent in Makati City,https://lifenavi.com/ph/properties/makati-city/for-rent/condo/a-luxurious-2-bedroom-apartment-in-the-heart-of-rockwell-makati-ad-372-ln758976,"PHP 150,000/ month","Rockwell Center, Makati City",,161 m²,2,3,Available from 3 Jul,,04 Nov 13:58,Housing I.,"['PHP 150,000/ month', '/ month', 'Rockwell Center, Makati City', 'Bedrooms:', '2', 'Area:', '161 m²', 'Bathrooms:', '3', 'Available from:', '3 Jul']"
Condo For Rent in Makati City,https://lifenavi.com/ph/properties/makati-city/for-rent/condo/a-luxurious-3-bedroom-apartment-in-the-heart-of-rockwell-makati-city-ad-371-ln487090,"PHP 125,000/ month","Rockwell Center, Makati City",,152 m²,3,3,Available from 1 Dec,,04 Nov 13:58,Housing I.,"['PHP 125,000/ month', '/ month', 'Rockwell Center, Makati City', 'Bedrooms:', '3', 'Area:', '152 m²', 'Bathrooms:', '3', 'Available from:', '1 Dec']"
"Condo For Rent in cor, 8th Avenue, Taguig",https://lifenavi.com/ph/properties/taguig/for-rent/condo/fully-furnished-4br-unit-with-parking-for-lease-in-grand-hyatt-residences-ad-370-ln767250,"PHP 500,000/ month","cor, 8th Avenue, Taguig, Metro Manila",,300 m²,4,4,Available from 29 Nov,,04 Nov 13:58,Housing I.,"['PHP 500,000/ month', '/ month', 'cor, 8th Avenue, Taguig, Metro Manila', 'Bedrooms:', '4', 'Area:', '300 m²', 'Bathrooms:', '4', 'Available from:', '29 Nov']"
Condo For Rent in Makati City,https://lifenavi.com/ph/properties/makati-city/for-rent/condo/semi-furnished-2br-unit-for-lease-in-prsocenium-residences-ad-369-ln850034,"PHP 130,000/ month","Rockwell Center, Makati City",,119 m²,2,2,Available from 3 Jul,,04 Nov 13:58,Housing I.,"['PHP 130,000/ month', '/ month', 'Rockwell Center, Makati City', 'Bedrooms:', '2', 'Area:', '119 m²', 'Bathrooms:', '2', 'Available from:', '3 Jul']"
"Condo For Rent in 56, Estrella, Makati City",https://lifenavi.com/ph/properties/makati-city/for-rent/condo/fully-furnished-2br-unit-for-lease-in-joya-lofts-and-towers-ad-368-ln816831,"PHP 100,000/ month","56, Estrella, Makati City, Metro Manila",,78 m²,2,2,Available from 3 Jul,,04 Nov 13:58,Housing I.,"['PHP 100,000/ month', '/ month', '56, Estrella, Makati City, Metro Manila', 'Bedrooms:', '2', 'Area:', '78 m²', 'Bathrooms:', '2', 'Available from:', '3 Jul']"
"Condo For Rent in 56, Estrella, Makati City",https://lifenavi.com/ph/properties/makati-city/for-rent/condo/fully-furnished-2br-unit-with-parking-for-lease-in-proscenium-residences-ad-367-ln755095,"PHP 120,000/ month","56, Estrella, Makati City, Metro Manila, 1209",,90 m²,2,2,Available from 3 Jul,,04 Nov 13:58,Housing I.,"['PHP 120,000/ month', '/ month', '56, Estrella, Makati City, Metro Manila, 1209', 'Bedrooms:', '2', 'Area:', '90 m²', 'Bathrooms:', '2', 'Available from:', '3 Jul']"
"Condo For Rent in McKinley Hill Drive, Taguig",https://lifenavi.com/ph/properties/taguig/for-rent/condo/semi-furnished-5br-house-for-lease-in-mckinley-hill-village-ad-366-ln265574,"PHP 380,000/ month","McKinley Hill Drive, Taguig, Metro Manila",,516 m²,5+,6+,Available from 4 Jul,,04 Nov 13:58,Housing I.,"['PHP 380,000/ month', '/ month', 'McKinley Hill Drive, Taguig, Metro Manila', 'Bedrooms:', '5+', 'Area:', '516 m²', 'Bathrooms:', '6+', 'Available from:', '4 Jul']"
"Condo For Rent in 5th Avenue, Taguig",https://lifenavi.com/ph/properties/taguig/for-rent/condo/pacific-plaza-3br-condo-unit-for-lease-ad-365-ln259056,"PHP 250,000/ month","5th Avenue, Taguig, Metro Manila",,298 m²,3,3,Available from 4 Jul,,04 Nov 13:58,Housing I.,"['PHP 250,000/ month', '/ month', '5th Avenue, Taguig, Metro Manila', 'Bedrooms:', '3', 'Area:', '298 m²', 'Bathrooms:', '3', 'Available from:', '4 Jul']"
"Condo For Rent in Cruzada Street, Makati City",https://lifenavi.com/ph/properties/makati-city/for-rent/condo/fully-furnished-3br-unit-with-parking-for-lease-in-two-roxas-triangle-ad-364-ln426176,"PHP 280,000/ month","Cruzada Street, Makati City, Metro Manila",,302 m²,3,3,Available from 4 Jul,,04 Nov 13:58,Housing I.,"['PHP 280,000/ month', '/ month', 'Cruzada Street, Makati City, Metro Manila', 'Bedrooms:', '3', 'Area:', '302 m²', 'Bathrooms:', '3', 'Available from:', '4 Jul']"
"Condo For Rent in Rockwell Drive, Makati City",https://lifenavi.com/ph/properties/makati-city/for-rent/condo/one-rockwell-furnished-2br-condo-unit-for-lease-ad-363-ln445238,"PHP 180,000/ month","Rockwell Drive, Makati City, Metro Manila",,130 m²,2,2,Available from 4 Jul,,04 Nov 13:57,Housing I.,"['PHP 180,000/ month', '/ month', 'Rockwell Drive, Makati City, Metro Manila', 'Bedrooms:', '2', 'Area:', '130 m²', 'Bathrooms:', '2', 'Available from:', '4 Jul']"
"Condo For Rent in San Agustin Street, Makati City",https://lifenavi.com/ph/properties/makati-city/for-rent/condo/for-rent-3br-unit-in-escala-salcedo-ad-362-ln594961,"PHP 160,000/ month","San Agustin Street, Makati City, Metro Manila",,128 m²,3,1,Available from 4 Jul,,04 Nov 13:57,Housing I.,"['PHP 160,000/ month', '/ month', 'San Agustin Street, Makati City, Metro Manila', 'Bedrooms:', '3', 'Area:', '128 m²', 'Bathrooms:', '1', 'Available from:', '4 Jul']"
"Condo For Rent in Taguig, Metro Manila",https://lifenavi.com/ph/properties/taguig/for-rent/condo/fully-furnished-2br-unit-with-parking-for-lease-in-arbor-lanes-ad-361-ln108427,"PHP 130,000/ month","Taguig, Metro Manila, 1631",,115 m²,2,2,Available from 4 Jul,,04 Nov 13:57,Housing I.,"['PHP 130,000/ month', '/ month', 'Taguig, Metro Manila, 1631', 'Bedrooms:', '2', 'Area:', '115 m²', 'Bathrooms:', '2', 'Available from:', '4 Jul']"
"Condo For Rent in corner, 28th Street, Taguig",https://lifenavi.com/ph/properties/taguig/for-rent/condo/fully-furnished-2br-unit-with-parking-for-lease-in-east-gallery-place-ad-360-ln999259,"PHP 200,000/ month","corner, 28th Street, Taguig, Metro Manila",,148 m²,2,2,Available from 7 Jul,,04 Nov 13:57,Housing I.,"['PHP 200,000/ month', '/ month', 'corner, 28th Street, Taguig, Metro Manila', 'Bedrooms:', '2', 'Area:', '148 m²', 'Bathrooms:', '2', 'Available from:', '7 Jul']"
"House and Lot For Rent in Muntinlupa, Metro Manila",https://lifenavi.com/ph/properties/muntinlupa/for-rent/house-and-lot/house-for-rent-in-ayala-alabang-village-ad-359-ln723625,"PHP 250,000/ month","Muntinlupa, Metro Manila",,442 m²,4,5,Available from 7 Jul,,04 Nov 13:57,Housing I.,"['PHP 250,000/ month', '/ month', 'Muntinlupa, Metro Manila', 'Bedrooms:', '4', 'Area:', '442 m²', 'Bathrooms:', '5', 'Available from:', '7 Jul']"
"For Sale in 3857, General F. Macabulos Street, Makati City",https://lifenavi.com/ph/properties/makati-city/for-sale/commercial/5-storey-building-with-roof-deck-for-sale-in-bangkal-makati-ad-358-ln443198,"PHP 105,000,000","3857, General F. Macabulos Street, Bangkal, Makati City, Metro Manila, 1233",,900 m²,,,Vacant,Semi-Furnished,04 Nov 13:57,Housing I.,"['PHP 105,000,000', '3857, General F. Macabulos Street, Bangkal, Makati City, Metro Manila, 1233', 'Status:', 'Vacant', 'Furnishing:', 'Semi-Furnished', 'Area:', '900 m²', 'Available from:', '7 Jul']"
"House and Lot For Rent in Sen. Gil J. Puyat Avenue, Makati City",https://lifenavi.com/ph/properties/makati-city/for-rent/house-and-lot/4be-newly-renovated-house-for-lease-in-urdaneta-village-ad-357-ln247651,"PHP 720,000/ month","Sen. Gil J. Puyat Avenue, Makati City, Metro Manila",,775.01 m²,4,4,Available from 7 Jul,,04 Nov 13:57,Housing I.,"['PHP 720,000/ month', '/ month', 'Sen. Gil J. Puyat Avenue, Makati City, Metro Manila', 'Bedrooms:', '4', 'Area:', '775.01 m²', 'Bathrooms:', '4', 'Available from:', '7 Jul']"
"House and Lot For Rent in Makati Avenue, Makati City",https://lifenavi.com/ph/properties/makati-city/for-rent/house-and-lot/4br-house-for-rent-in-san-lorenzo-village-ad-356-ln133088,"PHP 240,000/ month","Makati Avenue, Makati City, Metro Manila",,350 m²,4,4,Available from 7 Jul,,04 Nov 13:57,Housing I.,"['PHP 240,000/ month', '/ month', 'Makati Avenue, Makati City, Metro Manila', 'Bedrooms:', '4', 'Area:', '350 m²', 'Bathrooms:', '4', 'Available from:', '7 Jul']"
"House and Lot For Rent in Makati Avenue, Makati City",https://lifenavi.com/ph/properties/makati-city/for-rent/house-and-lot/modern-4br-house-with-pool-for-lease-in-san-lorenzo-village-ad-355-ln805680,"PHP 350,000/ month","Makati Avenue, Makati City, Metro Manila",,400 m²,4,4,Available from 7 Jul,,04 Nov 13:57,Housing I.,"['PHP 350,000/ month', '/ month', 'Makati Avenue, Makati City, Metro Manila', 'Bedrooms:', '4', 'Area:', '400 m²', 'Bathrooms:', '4', 'Available from:', '7 Jul']"
"House and Lot For Rent in Dasmarinas, Makati City",https://lifenavi.com/ph/properties/makati-city/for-rent/house-and-lot/5br-house-for-rent-in-dasmarinas-village-ad-354-ln192955,"PHP 450,000/ month","Dasmarinas, Makati City, Metro Manila",,600 m²,4,4,Available from 7 Jul,,04 Nov 13:57,Housing I.,"['PHP 450,000/ month', '/ month', 'Dasmarinas, Makati City, Metro Manila', 'Bedrooms:', '4', 'Area:', '600 m²', 'Bathrooms:', '4', 'Available from:', '7 Jul']"
"Condo For Rent in 1634, McKinley Parkway, Makati City",https://lifenavi.com/ph/properties/makati-city/for-rent/condo/2-bedroom-unit-for-leaserent-in-two-serendra-ad-353-ln960379,"PHP 110,000/ month","1634, McKinley Parkway, Makati City, Metro Manila",,90 m²,2,2,Available from 7 Jul,,04 Nov 13:57,Housing I.,"['PHP 110,000/ month', '/ month', '1634, McKinley Parkway, Makati City, Metro Manila', 'Bedrooms:', '2', 'Area:', '90 m²', 'Bathrooms:', '2', 'Available from:', '7 Jul']"
"Condo For Rent in 26th St, 4th Avenue, Makati City",https://lifenavi.com/ph/properties/makati-city/for-rent/condo/2-bedroom-unit-for-lease-in-verve-residences-bgc-ad-352-ln737464,"PHP 150,000/ month","26th St, 4th Avenue, Makati City, Metro Manila",,115 m²,2,2,Available from 7 Jul,,04 Nov 13:57,Housing I.,"['PHP 150,000/ month', '/ month', '26th St, 4th Avenue, Makati City, Metro Manila', 'Bedrooms:', '2', 'Area:', '115 m²', 'Bathrooms:', '2', 'Available from:', '7 Jul']"
"Condo For Rent in corner, 28th Street, Taguig",https://lifenavi.com/ph/properties/taguig/for-rent/condo/brand-new-4br-east-gallery-place-for-rent-and-sale-ad-351-ln483745,"PHP 350,000/ month","corner, 28th Street, Taguig, Metro Manila",,250 m²,4,4,Available from 7 Jul,,04 Nov 13:57,Housing I.,"['PHP 350,000/ month', '/ month', 'corner, 28th Street, Taguig, Metro Manila', 'Bedrooms:', '4', 'Area:', '250 m²', 'Bathrooms:', '4', 'Available from:', '7 Jul']"
"Condo For Rent in Cor, 11th Avenue, Taguig",https://lifenavi.com/ph/properties/taguig/for-rent/condo/for-rent-brand-new-3br-unit-in-park-triangle-residences-ad-350-ln965033,"PHP 160,000/ month","Cor, 11th Avenue, Taguig, Metro Manila",,123 m²,3,2,Available from 7 Jul,,04 Nov 13:57,Housing I.,"['PHP 160,000/ month', '/ month', 'Cor, 11th Avenue, Taguig, Metro Manila', 'Bedrooms:', '3', 'Area:', '123 m²', 'Bathrooms:', '2', 'Available from:', '7 Jul']"
"For Rent in 1112, United Nations Avenue, Manila",https://lifenavi.com/ph/properties/manila/for-rent/commercial/office-space-for-lease-in-manila-ad-349-ln336958,"PHP 40,600/ month","1112, United Nations Avenue, Paco, Manila, Metro Manila, 1007",,116 m²,,,Vacant,Semi-Furnished,04 Nov 13:57,Housing I.,"['PHP 40,600/ month', '/ month', '1112, United Nations Avenue, Paco, Manila, Metro Manila, 1007', 'Status:', 'Vacant', 'Furnishing:', 'Semi-Furnished', 'Area:', '116 m²', 'Available from:', '7 Jul']"
"Condo For Rent in 1634, McKinley Parkway, Makati City",https://lifenavi.com/ph/properties/makati-city/for-rent/condo/for-rent-3br-unit-in-two-serendra-aston-bgc-ad-348-ln354921,"PHP 120,000/ month","1634, McKinley Parkway, Makati City, Metro Manila",,126 m²,2,2,Available from 7 Jul,,04 Nov 13:57,Housing I.,"['PHP 120,000/ month', '/ month', '1634, McKinley Parkway, Makati City, Metro Manila', 'Bedrooms:', '2', 'Area:', '126 m²', 'Bathrooms:', '2', 'Available from:', '7 Jul']"
"Condo For Rent in 26th St, 4th Avenue, Makati City",https://lifenavi.com/ph/properties/makati-city/for-rent/condo/for-rent-2br-unit-in-verve-residences-tower-2-bgc-ad-347-ln147823,"PHP 150,000/ month","26th St, 4th Avenue, Makati City, Metro Manila",,115 m²,2,2,Available from 7 Jul,,04 Nov 13:57,Housing I.,"['PHP 150,000/ month', '/ month', '26th St, 4th Avenue, Makati City, Metro Manila', 'Bedrooms:', '2', 'Area:', '115 m²', 'Bathrooms:', '2', 'Available from:', '7 Jul']"
For Sale in Paranaque,https://lifenavi.com/ph/properties/paranaque/for-sale/commercial/commercial-building-for-sale-in-bf-homes-ad-339-ln581958,"PHP 97,000,000","BF Homes, Paranaque",,1006 m²,,,Vacant,Unfurnished,04 Nov 13:57,Housing I.,"['PHP 97,000,000', 'BF Homes, Paranaque', 'Status:', 'Vacant', 'Furnishing:', 'Unfurnished', 'Area:', '1006 m²', 'Available from:', '8 Jul']"
For Rent in Makati City,https://lifenavi.com/ph/properties/makati-city/for-rent/commercial/office-space-for-lease-in-rcbc-plaza-yuchengco-tower-ad-338-ln631565,"PHP 2,129,751/ month","Salcedo Village, Makati City",,1638.27 m²,,,Vacant,Unfurnished,04 Nov 13:57,Housing I.,"['PHP 2,129,751/ month', '/ month', 'Salcedo Village, Makati City', 'Status:', 'Vacant', 'Furnishing:', 'Unfurnished', 'Area:', '1638.27 m²', 'Available from:', '8 Jul']"
"House and Lot For Rent in McKinley Hill Drive, Taguig",https://lifenavi.com/ph/properties/taguig/for-rent/house-and-lot/mckinley-hill-village-house-and-lot-for-lease-ad-337-ln262251,"PHP 380,000/ month","McKinley Hill Drive, Taguig, Metro Manila",,542 m²,5+,6+,Available from 8 Jul,,04 Nov 13:57,Housing I.,"['PHP 380,000/ month', '/ month', 'McKinley Hill Drive, Taguig, Metro Manila', 'Bedrooms:', '5+', 'Area:', '542 m²', 'Bathrooms:', '6+', 'Available from:', '8 Jul']"
"Condo For Rent in Taguig, Metro Manila",https://lifenavi.com/ph/properties/taguig/for-rent/condo/mckinley-west-village-house-and-lot-for-lease-ad-336-ln958924,"PHP 380,000/ month","Taguig, Metro Manila",,509 m²,5+,6+,Available from 8 Jul,,04 Nov 13:57,Housing I.,"['PHP 380,000/ month', '/ month', 'Taguig, Metro Manila', 'Bedrooms:', '5+', 'Area:', '509 m²', 'Bathrooms:', '6+', 'Available from:', '8 Jul']"
"Condo For Rent in 28, Plaza Drive, Makati City",https://lifenavi.com/ph/properties/makati-city/for-rent/condo/fully-furnished-2br-unit-with-balcony-and-parking-for-lease-in-joya-lofts-and-towers-ad-335-ln462339,"PHP 120,000/ month","28, Plaza Drive, Makati City, Metro Manila",,100 m²,2,2,Available from 8 Jul,,04 Nov 13:57,Housing I.,"['PHP 120,000/ month', '/ month', '28, Plaza Drive, Makati City, Metro Manila', 'Bedrooms:', '2', 'Area:', '100 m²', 'Bathrooms:', '2', 'Available from:', '8 Jul']"
"Condo For Rent in 6370, Camia, Makati City",https://lifenavi.com/ph/properties/makati-city/for-rent/condo/fully-furnished-2br-unit-with-parking-for-lease-in-the-proscenium-residences-ad-334-ln349531,"PHP 160,000/ month","6370, Camia, Makati City, Kalakhang Maynila, 1200",,121 m²,2,2,Available from 8 Jul,,04 Nov 13:57,Housing I.,"['PHP 160,000/ month', '/ month', '6370, Camia, Makati City, Kalakhang Maynila, 1200', 'Bedrooms:', '2', 'Area:', '121 m²', 'Bathrooms:', '2', 'Available from:', '8 Jul']"
"Condo For Rent in 120, Rada, Makati City",https://lifenavi.com/ph/properties/makati-city/for-rent/condo/fully-furnished-2br-unit-with-parking-for-lease-in-one-legaspi-park-ad-333-ln197629,"PHP 150,000/ month","120, Rada, Legazpi Village, Makati City, Metro Manila, 1200",,130 m²,2,2,Available from 8 Jul,,04 Nov 13:57,Housing I.,"['PHP 150,000/ month', '/ month', '120, Rada, Legazpi Village, Makati City, Metro Manila, 1200', 'Bedrooms:', '2', 'Area:', '130 m²', 'Bathrooms:', '2', 'Available from:', '8 Jul']"
"Condo For Rent in 32nd Street, Taguig",https://lifenavi.com/ph/properties/taguig/for-rent/condo/one-serendra-2br-furnished-condo-for-lease-ad-332-ln377598,"PHP 200,000/ month","32nd Street, Taguig, Metro Manila",,173 m²,2,2,Available from 8 Jul,,04 Nov 13:57,Housing I.,"['PHP 200,000/ month', '/ month', '32nd Street, Taguig, Metro Manila', 'Bedrooms:', '2', 'Area:', '173 m²', 'Bathrooms:', '2', 'Available from:', '8 Jul']"
"For Rent in 6781, Ayala Avenue, Makati City",https://lifenavi.com/ph/properties/makati-city/for-rent/commercial/office-space-for-lease-in-makati-ad-313-ln988063,"PHP 133,500/ month","6781, Ayala Avenue, Makati City, Metro Manila, 1227",,53.4 m²,,,Vacant,Unfurnished,04 Nov 13:56,Housing I.,"['PHP 133,500/ month', '/ month', '6781, Ayala Avenue, Makati City, Metro Manila, 1227', 'Status:', 'Vacant', 'Furnishing:', 'Unfurnished', 'Area:', '53.4 m²', 'Available from:', '8 Jul']"
"For Rent in 1200, Ayala Avenue, Makati City",https://lifenavi.com/ph/properties/makati-city/for-rent/commercial/office-space-for-lease-in-makati-ad-312-ln146191,"PHP 1,618,500/ month","1200, Ayala Avenue, Legazpi Village, Makati City, Metro Manila",,1618.5 m²,,,Vacant,Semi-Furnished,04 Nov 13:56,Housing I.,"['PHP 1,618,500/ month', '/ month', '1200, Ayala Avenue, Legazpi Village, Makati City, Metro Manila', 'Status:', 'Vacant', 'Furnishing:', 'Semi-Furnished', 'Area:', '1618.5 m²', 'Available from:', '8 Jul']"
"For Rent in 1200, Ayala Avenue, Makati City",https://lifenavi.com/ph/properties/makati-city/for-rent/commercial/semi-fitted-office-space-for-rent-at-insular-life-makati-ad-311-ln778603,"PHP 1,618,500/ month","1200, Ayala Avenue, Legazpi Village, Makati City, Metro Manila",,1617.55 m²,,,Vacant,Semi-Furnished,04 Nov 13:56,Housing I.,"['PHP 1,618,500/ month', '/ month', '1200, Ayala Avenue, Legazpi Village, Makati City, Metro Manila', 'Status:', 'Vacant', 'Furnishing:', 'Semi-Furnished', 'Area:', '1617.55 m²', 'Available from:', '8 Jul']"
"Condo For Rent in 1, 8th Avenue, Makati City",https://lifenavi.com/ph/properties/makati-city/for-rent/condo/fully-furnished-3br-unit-with-parking-for-rent-in-uptown-parksuites-ad-310-ln429926,"PHP 110,000/ month","1, 8th Avenue, Makati City, Metro Manila",,89 m²,3,3,Available from 8 Jul,,04 Nov 13:56,Housing I.,"['PHP 110,000/ month', '/ month', '1, 8th Avenue, Makati City, Metro Manila', 'Bedrooms:', '3', 'Area:', '89 m²', 'Bathrooms:', '3', 'Available from:', '8 Jul']"
"Condo For Rent in Taguig, Metro Manila",https://lifenavi.com/ph/properties/taguig/for-rent/condo/semi-furnished-4br-unit-with-parking-for-salelease-in-grand-hyatt-residences-ad-309-ln812372,"PHP 450,000/ month","Taguig, Metro Manila",,300 m²,4,3,Available from 9 Jul,,04 Nov 13:56,Housing I.,"['PHP 450,000/ month', '/ month', 'Taguig, Metro Manila', 'Bedrooms:', '4', 'Area:', '300 m²', 'Bathrooms:', '3', 'Available from:', '9 Jul']"
"Condo For Rent in cor, 3rd Avenue, Taguig",https://lifenavi.com/ph/properties/taguig/for-rent/condo/fully-furnished-2-bedrooms-for-rent-in-the-suites-bgc-ad-308-ln782145,"PHP 250,000/ month","cor, 3rd Avenue, Taguig, Metro Manila",,137 m²,2,2,Available from 3 Jun,,04 Nov 13:56,Housing I.,"['PHP 250,000/ month', '/ month', 'cor, 3rd Avenue, Taguig, Metro Manila', 'Bedrooms:', '2', 'Area:', '137 m²', 'Bathrooms:', '2', 'Available from:', '3 Jun']"
"Condo For Rent in Taguig, Metro Manila",https://lifenavi.com/ph/properties/taguig/for-rent/condo/fully-furnished-2br-unit-with-balcony-and-parking-for-lease-in-avida-towers-34th-ad-307-ln609564,"PHP 100,000/ month","Taguig, Metro Manila",,107 m²,2,2,Available from 9 Jul,,04 Nov 13:56,Housing I.,"['PHP 100,000/ month', '/ month', 'Taguig, Metro Manila', 'Bedrooms:', '2', 'Area:', '107 m²', 'Bathrooms:', '2', 'Available from:', '9 Jul']"
"Condo For Rent in 4th Avenue, Makati City",https://lifenavi.com/ph/properties/makati-city/for-rent/condo/3br-unit-with-parking-for-lease-in-pacific-plaza-towers-ad-306-ln144328,"PHP 280,000/ month","4th Avenue, Makati City, Metro Manila",,300 m²,3,3,Available from 9 Jul,,04 Nov 13:56,Housing I.,"['PHP 280,000/ month', '/ month', '4th Avenue, Makati City, Metro Manila', 'Bedrooms:', '3', 'Area:', '300 m²', 'Bathrooms:', '3', 'Available from:', '9 Jul']"
"House and Lot For Rent in Dasmarinas, Makati City",https://lifenavi.com/ph/properties/makati-city/for-rent/house-and-lot/4br-house-for-lease-in-dasmarinas-ad-305-ln234177,"PHP 350,000/ month","Dasmarinas, Makati City, Metro Manila",,498 m²,4,4,Available from 9 Jul,,04 Nov 13:56,Housing I.,"['PHP 350,000/ month', '/ month', 'Dasmarinas, Makati City, Metro Manila', 'Bedrooms:', '4', 'Area:', '498 m²', 'Bathrooms:', '4', 'Available from:', '9 Jul']"
"Condo For Rent in Dasmarinas, Makati City",https://lifenavi.com/ph/properties/makati-city/for-rent/condo/3br-bare-unit-for-lease-in-pacific-plaza-towers-ad-304-ln286323,"PHP 250,000/ month","Dasmarinas, Makati City, Metro Manila",,300 m²,3,3,Available from 9 Jul,,04 Nov 13:56,Housing I.,"['PHP 250,000/ month', '/ month', 'Dasmarinas, Makati City, Metro Manila', 'Bedrooms:', '3', 'Area:', '300 m²', 'Bathrooms:', '3', 'Available from:', '9 Jul']"
"Condo For Rent in Cruzada Street, Makati City",https://lifenavi.com/ph/properties/makati-city/for-rent/condo/furnished-3br-unit-with-parkings-for-lease-in-two-roxas-triangle-ad-303-ln714556,"PHP 400,000/ month","Cruzada Street, Makati City, Metro Manila",,310 m²,3,3,Available from 9 Jul,,04 Nov 13:56,Housing I.,"['PHP 400,000/ month', '/ month', 'Cruzada Street, Makati City, Metro Manila', 'Bedrooms:', '3', 'Area:', '310 m²', 'Bathrooms:', '3', 'Available from:', '9 Jul']"
"House and Lot For Rent in Quezon City, Metro Manila",https://lifenavi.com/ph/properties/quezon-city/for-rent/house-and-lot/house-for-rent-sale-in-white-plains-quezon-city-ad-302-ln284802,"PHP 400,000/ month","Quezon City, Metro Manila",,2100 m²,5+,6+,Available from 1 Jul,,04 Nov 13:56,Housing I.,"['PHP 400,000/ month', '/ month', 'Quezon City, Metro Manila', 'Bedrooms:', '5+', 'Area:', '2100 m²', 'Bathrooms:', '6+', 'Available from:', '1 Jul']"
"Condo For Rent in 23, Amorsolo Drive, Makati City",https://lifenavi.com/ph/properties/makati-city/for-rent/condo/semi-furnished-2br-unit-with-balcony-and-parking-for-lease-in-amorsolo-east-ad-301-ln714962,"PHP 135,000/ month","23, Amorsolo Drive, Makati City, Metro Manila, 1200",,157 m²,2,2,Available from 10 Jul,,04 Nov 13:56,Housing I.,"['PHP 135,000/ month', '/ month', '23, Amorsolo Drive, Makati City, Metro Manila, 1200', 'Bedrooms:', '2', 'Area:', '157 m²', 'Bathrooms:', '2', 'Available from:', '10 Jul']"
"Condo For Rent in Corner, 36th Street, Makati City",https://lifenavi.com/ph/properties/makati-city/for-rent/condo/for-rent-2br-uptown-ritz-residence-ad-300-ln880092,"PHP 110,000/ month","Corner, 36th Street, Makati City, Metro Manila, 1630",,90 m²,2,2,Available from 10 Jul,,04 Nov 13:56,Housing I.,"['PHP 110,000/ month', '/ month', 'Corner, 36th Street, Makati City, Metro Manila, 1630', 'Bedrooms:', '2', 'Area:', '90 m²', 'Bathrooms:', '2', 'Available from:', '10 Jul']"
"Condo For Rent in Cor, 11th Avenue, Taguig",https://lifenavi.com/ph/properties/taguig/for-rent/condo/for-rent-2-bedroom-in-one-serendra-ad-299-ln893817,"PHP 160,000/ month","Cor, 11th Avenue, Taguig, Metro Manila",,129 m²,2,2,Available from 10 Jul,,04 Nov 13:56,Housing I.,"['PHP 160,000/ month', '/ month', 'Cor, 11th Avenue, Taguig, Metro Manila', 'Bedrooms:', '2', 'Area:', '129 m²', 'Bathrooms:', '2', 'Available from:', '10 Jul']"
"Condo For Rent in 14F, West Street, Makati City",https://lifenavi.com/ph/properties/makati-city/for-rent/condo/for-rent-2br-in-park-terraces-ad-298-ln241895,"PHP 165,000/ month","14F, West Street, Makati City, Metro Manila",,117 m²,2,2,Available from 1 Aug,,04 Nov 13:56,Housing I.,"['PHP 165,000/ month', '/ month', '14F, West Street, Makati City, Metro Manila', 'Bedrooms:', '2', 'Area:', '117 m²', 'Bathrooms:', '2', 'Available from:', '1 Aug']"
"Condo For Rent in cor, 3rd Avenue, Taguig",https://lifenavi.com/ph/properties/taguig/for-rent/condo/semi-furnished-3br-unit-with-balcony-and-parking-for-lease-in-the-suites-ad-297-ln161421,"PHP 300,000/ month","cor, 3rd Avenue, Taguig, Metro Manila",,212 m²,3,3,Available from 28 Jul,,04 Nov 13:56,Housing I.,"['PHP 300,000/ month', '/ month', 'cor, 3rd Avenue, Taguig, Metro Manila', 'Bedrooms:', '3', 'Area:', '212 m²', 'Bathrooms:', '3', 'Available from:', '28 Jul']"
"Condo For Rent in 2nd Avenue, Makati City",https://lifenavi.com/ph/properties/makati-city/for-rent/condo/2br-penthouse-unit-for-lease-in-the-fort-residences-ad-296-ln554227,"PHP 120,000/ month","2nd Avenue, Makati City, Kalakhang Maynila",,172 m²,2,2,Available from 10 Jul,,04 Nov 13:56,Housing I.,"['PHP 120,000/ month', '/ month', '2nd Avenue, Makati City, Kalakhang Maynila', 'Bedrooms:', '2', 'Area:', '172 m²', 'Bathrooms:', '2', 'Available from:', '10 Jul']"
"For Rent in Paseo de Roxas, Makati City",https://lifenavi.com/ph/properties/makati-city/for-rent/commercial/office-space-for-lease-in-makati-ad-295-ln490111,"PHP 358,400/ month","Paseo de Roxas, Makati City, Metro Manila",,512 m²,,,Vacant,Semi-Furnished,04 Nov 13:56,Housing I.,"['PHP 358,400/ month', '/ month', 'Paseo de Roxas, Makati City, Metro Manila', 'Status:', 'Vacant', 'Furnishing:', 'Semi-Furnished', 'Area:', '512 m²', 'Available from:', '10 Jul']"
"Condo For Sale in Cirma, Marikina",https://lifenavi.com/ph/properties/marikina/for-sale/condo/1br-unit-for-sale-at-siena-towers-tower-2-ad-284-ln655016,"PHP 4,395,200","Cirma, Marikina, Metro Manila, 1800",,24 m²,1,1,Available from 10 Jul,,04 Nov 13:56,Housing I.,"['PHP 4,395,200', 'Cirma, Marikina, Metro Manila, 1800', 'Bedrooms:', '1', 'Area:', '24 m²', 'Bathrooms:', '1', 'Available from:', '10 Jul']"
"Condo For Sale in Cirma, Marikina",https://lifenavi.com/ph/properties/marikina/for-sale/condo/2br-unit-for-sale-at-siena-towers-tower-2-ad-283-ln477902,"PHP 8,879,800","Cirma, Marikina, Metro Manila, 1800",,48 m²,2,1,Available from 10 Jul,,04 Nov 13:56,Housing I.,"['PHP 8,879,800', 'Cirma, Marikina, Metro Manila, 1800', 'Bedrooms:', '2', 'Area:', '48 m²', 'Bathrooms:', '1', 'Available from:', '10 Jul']"
"Condo For Sale in Estrella, Makati City",https://lifenavi.com/ph/properties/makati-city/for-sale/condo/fully-furnished-3br-unit-with-balcny-and-parking-for-sale-in-proscenium-residences-ad-282-ln533182,"PHP 90,000,000","Estrella, Makati City, Metro Manila",,224 m²,3,3,Available from 10 Jul,,04 Nov 13:56,Housing I.,"['PHP 90,000,000', 'Estrella, Makati City, Metro Manila', 'Bedrooms:', '3', 'Area:', '224 m²', 'Bathrooms:', '3', 'Available from:', '10 Jul']"
"Condo For Rent in Cor, 11th Avenue, Taguig",https://lifenavi.com/ph/properties/taguig/for-rent/condo/semi-furnished-3br-unit-with-parking-for-lease-in-one-serendra-ad-281-ln669829,"PHP 270,000/ month","Cor, 11th Avenue, Taguig, Metro Manila",,220 m²,3,3,Available from 11 Jul,,04 Nov 13:56,Housing I.,"['PHP 270,000/ month', '/ month', 'Cor, 11th Avenue, Taguig, Metro Manila', 'Bedrooms:', '3', 'Area:', '220 m²', 'Bathrooms:', '3', 'Available from:', '11 Jul']"
"Condo For Rent in Taguig, Metro Manila",https://lifenavi.com/ph/properties/taguig/for-rent/condo/fully-furnished-2br-unti-with-balcony-and-parking-for-lease-in-west-gallery-place-ad-280-ln786265,"PHP 230,000/ month","Taguig, Metro Manila, 1634",,135 m²,2,2,Available from 11 Jul,,04 Nov 13:56,Housing I.,"['PHP 230,000/ month', '/ month', 'Taguig, Metro Manila, 1634', 'Bedrooms:', '2', 'Area:', '135 m²', 'Bathrooms:', '2', 'Available from:', '11 Jul']"
"Condo For Rent in Burgos Circle, Taguig",https://lifenavi.com/ph/properties/taguig/for-rent/condo/fully-furnished-2br-unit-for-lease-in-bellagio-1-ad-279-ln525849,"PHP 130,000/ month","Burgos Circle, Taguig, Metro Manila",,97 m²,2,2,Available from 11 Jul,,04 Nov 13:56,Housing I.,"['PHP 130,000/ month', '/ month', 'Burgos Circle, Taguig, Metro Manila', 'Bedrooms:', '2', 'Area:', '97 m²', 'Bathrooms:', '2', 'Available from:', '11 Jul']"
"Condo For Rent in 30th Street, Taguig",https://lifenavi.com/ph/properties/taguig/for-rent/condo/a-condominium-for-lease-inhorizon-homes-bgc-taguig-city-ad-278-ln846206,"PHP 380,000/ month","30th Street, Taguig, Metro Manila",,250 m²,3,1,Available from 22 Jul,,04 Nov 13:56,Housing I.,"['PHP 380,000/ month', '/ month', '30th Street, Taguig, Metro Manila', 'Bedrooms:', '3', 'Area:', '250 m²', 'Bathrooms:', '1', 'Available from:', '22 Jul']"
"For Rent in Paseo de Roxas, Makati City",https://lifenavi.com/ph/properties/makati-city/for-rent/commercial/office-space-for-lease-in-makati-cbd-ad-277-ln943039,"PHP 191,580/ month","Paseo de Roxas, Makati City, Metro Manila",,206 m²,,,Vacant,Semi-Furnished,04 Nov 13:56,Housing I.,"['PHP 191,580/ month', '/ month', 'Paseo de Roxas, Makati City, Metro Manila', 'Status:', 'Vacant', 'Furnishing:', 'Semi-Furnished', 'Area:', '206 m²', 'Available from:', '10 Jul']"
"Condo For Sale in Cirma, Marikina",https://lifenavi.com/ph/properties/marikina/for-sale/condo/1br-unit-for-sale-at-siena-towers-tower-2-ad-268-ln316362,"PHP 5,276,000","Cirma, Marikina, Metro Manila, 1800",,29 m²,1,1,Available from 11 Jul,,04 Nov 13:55,Housing I.,"['PHP 5,276,000', 'Cirma, Marikina, Metro Manila, 1800', 'Bedrooms:', '1', 'Area:', '29 m²', 'Bathrooms:', '1', 'Available from:', '11 Jul']"
"House and Lot For Rent in Dasmarinas, Makati City",https://lifenavi.com/ph/properties/makati-city/for-rent/house-and-lot/4br-bungalow-house-for-rent-in-dasmarinas-ave-ad-267-ln744929,"PHP 330,000/ month","Dasmarinas, Makati City, Metro Manila",,498 m²,4,4,Available from 14 Jul,,04 Nov 13:55,Housing I.,"['PHP 330,000/ month', '/ month', 'Dasmarinas, Makati City, Metro Manila', 'Bedrooms:', '4', 'Area:', '498 m²', 'Bathrooms:', '4', 'Available from:', '14 Jul']"
"House and Lot For Rent in Epifanio de los Santos Avenue, Makati City",https://lifenavi.com/ph/properties/makati-city/for-rent/house-and-lot/house-for-sale-in-forbes-park-makati-ad-266-ln354391,"PHP 2,000,000/ month","Epifanio de los Santos Avenue, Makati City, Metro Manila",,1059 m²,3,2,Available from 1 Mar,,04 Nov 13:55,Housing I.,"['PHP 2,000,000/ month', '/ month', 'Epifanio de los Santos Avenue, Makati City, Metro Manila', 'Bedrooms:', '3', 'Area:', '1059 m²', 'Bathrooms:', '2', 'Available from:', '1 Mar']"
"Condo For Rent in 5th Avenue, Taguig",https://lifenavi.com/ph/properties/taguig/for-rent/condo/fully-furnished-3br-unit-with-parking-for-lease-in-pacific-towers-ad-254-ln971470,"PHP 320,000/ month","5th Avenue, Taguig, Metro Manila",,302 m²,3,3,Available from 4 Jul,,04 Nov 13:55,Housing I.,"['PHP 320,000/ month', '/ month', '5th Avenue, Taguig, Metro Manila', 'Bedrooms:', '3', 'Area:', '302 m²', 'Bathrooms:', '3', 'Available from:', '4 Jul']"
"Condo For Rent in cor, 8th Avenue, Taguig",https://lifenavi.com/ph/properties/taguig/for-rent/condo/semi-furnished-3br-unit-with-2-parkings-for-lease-in-grand-hyatt-residences-ad-245-ln375331,"PHP 320,000/ month","cor, 8th Avenue, Taguig, Metro Manila",,205 m²,3,3,Available from 1 Apr,,04 Nov 13:55,Housing I.,"['PHP 320,000/ month', '/ month', 'cor, 8th Avenue, Taguig, Metro Manila', 'Bedrooms:', '3', 'Area:', '205 m²', 'Bathrooms:', '3', 'Available from:', '1 Apr']"
"House and Lot For Rent in McKinley Hill Drive, Taguig",https://lifenavi.com/ph/properties/taguig/for-rent/house-and-lot/mckinley-hill-village-house-for-rent-and-sale-ad-244-ln576831,"PHP 290,000/ month","McKinley Hill Drive, Taguig, Metro Manila",,535 m²,5+,5,Available from 17 Jun,,04 Nov 13:55,Housing I.,"['PHP 290,000/ month', '/ month', 'McKinley Hill Drive, Taguig, Metro Manila', 'Bedrooms:', '5+', 'Area:', '535 m²', 'Bathrooms:', '5', 'Available from:', '17 Jun']"
"Condo For Sale in corner, Diosdado Macapagal Boulevard, Pasay City",https://lifenavi.com/ph/properties/pasay-city/for-sale/condo/bare-3br-unit-for-sale-at-mi-casa-hawaii-tower-pasay-city-ad-243-ln909490,"PHP 36,160,000","corner, Diosdado Macapagal Boulevard, Pasay City, Metro Manila",,113 m²,3,1,Available from 17 Jul,,04 Nov 13:55,Housing I.,"['PHP 36,160,000', 'corner, Diosdado Macapagal Boulevard, Pasay City, Metro Manila', 'Bedrooms:', '3', 'Area:', '113 m²', 'Bathrooms:', '1', 'Available from:', '17 Jul']"
"Condo For Sale in United Nations Avenue, Manila",https://lifenavi.com/ph/properties/manila/for-sale/condo/bare-3br-unit-for-sale-at-mi-casa-hawaii-tower-pasay-city-ad-235-ln551714,"PHP 36,940,000","United Nations Avenue, Ermita, Manila, Metro Manila, 1000",,137.5 m²,3,1,Available from 17 Jul,,04 Nov 13:55,Housing I.,"['PHP 36,940,000', 'United Nations Avenue, Ermita, Manila, Metro Manila, 1000', 'Bedrooms:', '3', 'Area:', '137.5 m²', 'Bathrooms:', '1', 'Available from:', '17 Jul']"
"House and Lot For Rent in City of Santa Rosa, Calabarzon",https://lifenavi.com/ph/properties/city-of-santa-rosa/for-rent/house-and-lot/2-storey-brandnew-house-lot-for-rent-in-sta-rosa-laguna-ad-228-ln615104,"PHP 100,000/ month","City of Santa Rosa, Calabarzon",,480 m²,5+,6+,Available from 18 Jul,,04 Nov 13:55,Housing I.,"['PHP 100,000/ month', '/ month', 'City of Santa Rosa, Calabarzon', 'Bedrooms:', '5+', 'Area:', '480 m²', 'Bathrooms:', '6+', 'Available from:', '18 Jul']"
"Condo For Rent in 20, Hidalgo Drive, Makati City",https://lifenavi.com/ph/properties/makati-city/for-rent/condo/3br-unit-with-parking-for-lease-in-hidalgo-place-ad-227-ln362269,"PHP 220,000/ month","20, Hidalgo Drive, Makati City, Metro Manila, 1209",,251 m²,3,3,Available from 18 Jul,,04 Nov 13:55,Housing I.,"['PHP 220,000/ month', '/ month', '20, Hidalgo Drive, Makati City, Metro Manila, 1209', 'Bedrooms:', '3', 'Area:', '251 m²', 'Bathrooms:', '3', 'Available from:', '18 Jul']"
"Condo For Rent in 2, Upper McKinley Hill, Taguig",https://lifenavi.com/ph/properties/taguig/for-rent/condo/fully-furnished-3br-penthouse-unit-for-leaserent-at-mckinley-garden-villas-ad-226-ln555715,"PHP 180,000/ month","2, Upper McKinley Hill, Taguig, Metro Manila",,170 m²,3,1,Available from 25 Mar,,04 Nov 13:55,Housing I.,"['PHP 180,000/ month', '/ month', '2, Upper McKinley Hill, Taguig, Metro Manila', 'Bedrooms:', '3', 'Area:', '170 m²', 'Bathrooms:', '1', 'Available from:', '25 Mar']"
"Condo For Sale in corner, Diosdado Macapagal Boulevard, Pasay City",https://lifenavi.com/ph/properties/pasay-city/for-sale/condo/bare-3br-unit-for-sale-at-mi-casa-hawaii-tower-pasay-city-ad-215-ln357801,"PHP 37,940,000","corner, Diosdado Macapagal Boulevard, Pasay City, Metro Manila",,116 m²,3,1,Available from 18 Jul,,04 Nov 13:55,Housing I.,"['PHP 37,940,000', 'corner, Diosdado Macapagal Boulevard, Pasay City, Metro Manila', 'Bedrooms:', '3', 'Area:', '116 m²', 'Bathrooms:', '1', 'Available from:', '18 Jul']"
"Condo For Rent in 1634, McKinley Parkway, Makati City",https://lifenavi.com/ph/properties/makati-city/for-rent/condo/newly-renovated-3br-garden-unit-in-two-serendra-ad-212-ln325029,"PHP 130,000/ month","1634, McKinley Parkway, Makati City, Metro Manila",,152 m²,3,2,Available from 8 Jul,,04 Nov 13:55,Housing I.,"['PHP 130,000/ month', '/ month', '1634, McKinley Parkway, Makati City, Metro Manila', 'Bedrooms:', '3', 'Area:', '152 m²', 'Bathrooms:', '2', 'Available from:', '8 Jul']"
"Condo For Sale in 1200, Hidalgo Drive, Makati City",https://lifenavi.com/ph/properties/makati-city/for-sale/condo/balmori-suites-brand-new-3-bedroom-unit-for-sale-in-the-balmori-suites-ad-211-ln829770,"PHP 183,000,000","1200, Hidalgo Drive, Rockwell Center, Makati City, Metro Manila",,232 m²,3,3,Available from 21 Jul,,04 Nov 13:55,Housing I.,"['PHP 183,000,000', '1200, Hidalgo Drive, Rockwell Center, Makati City, Metro Manila', 'Bedrooms:', '3', 'Area:', '232 m²', 'Bathrooms:', '3', 'Available from:', '21 Jul']"
"House and Lot For Rent in 13, Santa Potenciana, Makati City",https://lifenavi.com/ph/properties/makati-city/for-rent/house-and-lot/2-storey-5br-house-for-rent-in-urdaneta-village-ad-210-ln416502,"PHP 600,000/ month","13, Santa Potenciana, Makati City, Metro Manila, 1225",,780 m²,5+,6+,Available from 21 Jul,,04 Nov 13:55,Housing I.,"['PHP 600,000/ month', '/ month', '13, Santa Potenciana, Makati City, Metro Manila, 1225', 'Bedrooms:', '5+', 'Area:', '780 m²', 'Bathrooms:', '6+', 'Available from:', '21 Jul']"
"House and Lot For Rent in 13, Santa Potenciana, Makati City",https://lifenavi.com/ph/properties/makati-city/for-rent/house-and-lot/2-storey-5br-house-for-rent-in-urdaneta-village-ad-210-ln416502,"PHP 600,000/ month","13, Santa Potenciana, Makati City, Metro Manila, 1225",,780 m²,5+,6+,Available from 21 Jul,,04 Nov 13:55,Housing I.,"['PHP 600,000/ month', '/ month', '13, Santa Potenciana, Makati City, Metro Manila, 1225', 'Bedrooms:', '5+', 'Area:', '780 m²', 'Bathrooms:', '6+', 'Available from:', '21 Jul']"
"House and Lot For Rent in 51, Real, Makati City",https://lifenavi.com/ph/properties/makati-city/for-rent/house-and-lot/4br-split-level-house-for-lease-in-urdaneta-village-ad-209-ln181710,"PHP 350,000/ month","51, Real, Makati City, Metro Manila, 1225",,680 m²,4,4,Available from 1 Apr,,04 Nov 13:55,Housing I.,"['PHP 350,000/ month', '/ month', '51, Real, Makati City, Metro Manila, 1225', 'Bedrooms:', '4', 'Area:', '680 m²', 'Bathrooms:', '4', 'Available from:', '1 Apr']"
"House and Lot For Rent in Cruzada Street, Makati City",https://lifenavi.com/ph/properties/makati-city/for-rent/house-and-lot/house-for-rent-in-urdaneta-village-ad-208-ln939818,"PHP 550,000/ month","Cruzada Street, Makati City, Metro Manila",,800 m²,5+,1,Available from 7 Jul,,04 Nov 13:55,Housing I.,"['PHP 550,000/ month', '/ month', 'Cruzada Street, Makati City, Metro Manila', 'Bedrooms:', '5+', 'Area:', '800 m²', 'Bathrooms:', '1', 'Available from:', '7 Jul']"
"Condo For Sale in 2424, Cuenca Street, Pasay City",https://lifenavi.com/ph/properties/pasay-city/for-sale/condo/bare-2br-unit-for-sale-at-mi-casa-hawaii-tower-pasay-city-ad-207-ln445297,"PHP 19,840,000","2424, Cuenca Street, Pasay City, Metro Manila",,62 m²,2,1,Available from 21 Jul,,04 Nov 13:55,Housing I.,"['PHP 19,840,000', '2424, Cuenca Street, Pasay City, Metro Manila', 'Bedrooms:', '2', 'Area:', '62 m²', 'Bathrooms:', '1', 'Available from:', '21 Jul']"
"Condo For Sale in corner, Sen. Gil J. Puyat Avenue, Pasay City",https://lifenavi.com/ph/properties/pasay-city/for-sale/condo/bare-2br-unit-for-sale-at-mi-casa-hawaii-tower-pasay-city-ad-203-ln896634,"PHP 18,960,000","corner, Sen. Gil J. Puyat Avenue, Pasay City, Metro Manila, 1300",,65.5 m²,2,1,Available from 21 Jul,,04 Nov 13:55,Housing I.,"['PHP 18,960,000', 'corner, Sen. Gil J. Puyat Avenue, Pasay City, Metro Manila, 1300', 'Bedrooms:', '2', 'Area:', '65.5 m²', 'Bathrooms:', '1', 'Available from:', '21 Jul']"
"Condo For Sale in corner, Sen. Gil J. Puyat Avenue, Pasay City",https://lifenavi.com/ph/properties/pasay-city/for-sale/condo/bare-3br-unit-for-sale-at-mi-casa-hawaii-tower-pasay-city-ad-199-ln255701,"PHP 38,530,000","corner, Sen. Gil J. Puyat Avenue, Pasay City, Metro Manila, 1300",,113.5 m²,3,1,Available from 21 Jul,,04 Nov 13:55,Housing I.,"['PHP 38,530,000', 'corner, Sen. Gil J. Puyat Avenue, Pasay City, Metro Manila, 1300', 'Bedrooms:', '3', 'Area:', '113.5 m²', 'Bathrooms:', '1', 'Available from:', '21 Jul']"
"Condo For Sale in corner, Sen. Gil J. Puyat Avenue, Pasay City",https://lifenavi.com/ph/properties/pasay-city/for-sale/condo/bare-3br-unit-for-sale-at-mi-casa-hawaii-tower-pasay-city-ad-196-ln229494,"PHP 35,200,000","corner, Sen. Gil J. Puyat Avenue, Pasay City, Metro Manila, 1300",,119 m²,3,1,Available from 21 Jul,,04 Nov 13:55,Housing I.,"['PHP 35,200,000', 'corner, Sen. Gil J. Puyat Avenue, Pasay City, Metro Manila, 1300', 'Bedrooms:', '3', 'Area:', '119 m²', 'Bathrooms:', '1', 'Available from:', '21 Jul']"
"Condo For Sale in corner, Sen. Gil J. Puyat Avenue, Pasay City",https://lifenavi.com/ph/properties/pasay-city/for-sale/condo/bare-1br-unit-for-sale-at-mi-casa-hawaii-tower-pasay-city-ad-195-ln181922,"PHP 16,290,000","corner, Sen. Gil J. Puyat Avenue, Pasay City, Metro Manila, 1300",,45.5 m²,1,1,Available from 21 Jul,,04 Nov 13:55,Housing I.,"['PHP 16,290,000', 'corner, Sen. Gil J. Puyat Avenue, Pasay City, Metro Manila, 1300', 'Bedrooms:', '1', 'Area:', '45.5 m²', 'Bathrooms:', '1', 'Available from:', '21 Jul']"
"Condo For Sale in corner, Sen. Gil J. Puyat Avenue, Pasay City",https://lifenavi.com/ph/properties/pasay-city/for-sale/condo/bare-2br-unit-for-sale-at-mi-casa-hawaii-tower-pasay-city-ad-193-ln642542,"PHP 21,900,000","corner, Sen. Gil J. Puyat Avenue, Pasay City, Metro Manila, 1300",,64 m²,2,1,Available from 21 Jul,,04 Nov 13:55,Housing I.,"['PHP 21,900,000', 'corner, Sen. Gil J. Puyat Avenue, Pasay City, Metro Manila, 1300', 'Bedrooms:', '2', 'Area:', '64 m²', 'Bathrooms:', '1', 'Available from:', '21 Jul']"
"Condo For Rent in cor, 2nd Avenue, Taguig",https://lifenavi.com/ph/properties/taguig/for-rent/condo/fully-furnished-2br-unit-with-parking-for-lease-in-sapphire-residences-ad-192-ln874447,"PHP 80,000/ month","cor, 2nd Avenue, Taguig, Metro Manila",,80 m²,2,2,Available from 9 Dec,,04 Nov 13:55,Housing I.,"['PHP 80,000/ month', '/ month', 'cor, 2nd Avenue, Taguig, Metro Manila', 'Bedrooms:', '2', 'Area:', '80 m²', 'Bathrooms:', '2', 'Available from:', '9 Dec']"
"Condo For Rent in #2811, 26th Street, Makati City",https://lifenavi.com/ph/properties/makati-city/for-rent/condo/furnished-3br-unit-for-sale-in-verve-residences-ad-191-ln158187,"PHP 200,000/ month","#2811, 26th Street, Makati City, Metro Manila, 1630",,128 m²,3,3,Available from 28 May,,04 Nov 13:55,Housing I.,"['PHP 200,000/ month', '/ month', '#2811, 26th Street, Makati City, Metro Manila, 1630', 'Bedrooms:', '3', 'Area:', '128 m²', 'Bathrooms:', '3', 'Available from:', '28 May']"
"Condo For Sale in Unit M4 Prince Tower, Tordesillas, Makati City",https://lifenavi.com/ph/properties/makati-city/for-sale/condo/fully-furnished-studio-unit-for-sale-in-prince-tower-ad-190-ln930955,"PHP 4,218,000","Unit M4 Prince Tower, Tordesillas, Makati City, Kalakhang Maynila",,27 m²,Studio,1,Available from 24 Jul,,04 Nov 13:55,Housing I.,"['PHP 4,218,000', 'Unit M4 Prince Tower, Tordesillas, Makati City, Kalakhang Maynila', 'Bedrooms:', 'Studio', 'Area:', '27 m²', 'Bathrooms:', '1', 'Available from:', '24 Jul']"
"Condo For Rent in Taguig, Metro Manila",https://lifenavi.com/ph/properties/taguig/for-rent/condo/exclusive-1br-unit-for-lease-in-the-seasons-residences-ad-189-ln611895,"PHP 95,000/ month","Taguig, Metro Manila",,62 m²,1,1,Available from 1 Aug,,04 Nov 13:55,Housing I.,"['PHP 95,000/ month', '/ month', 'Taguig, Metro Manila', 'Bedrooms:', '1', 'Area:', '62 m²', 'Bathrooms:', '1', 'Available from:', '1 Aug']"
"Condo For Rent in 56, Estrella, Makati City",https://lifenavi.com/ph/properties/makati-city/for-rent/condo/for-rent-1br-unit-proscenium-at-rockwell-ad-188-ln605190,"PHP 60,000/ month","56, Estrella, Makati City, Metro Manila",,55 m²,1,1,Available from 24 Jul,,04 Nov 13:55,Housing I.,"['PHP 60,000/ month', '/ month', '56, Estrella, Makati City, Metro Manila', 'Bedrooms:', '1', 'Area:', '55 m²', 'Bathrooms:', '1', 'Available from:', '24 Jul']"
"For Rent in Aguirre Street, Taguig",https://lifenavi.com/ph/properties/taguig/for-rent/commercial/office-space-for-lease-in-legaspi-village-ad-187-ln733294,"PHP 44,500/ month","Aguirre Street, Taguig, Metro Manila",,50 m²,,,Occupied,Semi-Furnished,04 Nov 13:54,Housing I.,"['PHP 44,500/ month', '/ month', 'Aguirre Street, Taguig, Metro Manila', 'Status:', 'Occupied', 'Furnishing:', 'Semi-Furnished', 'Area:', '50 m²', 'Available from:', '8 Nov']"
"House and Lot For Rent in Makati City, Metro Manila",https://lifenavi.com/ph/properties/makati-city/for-rent/house-and-lot/house-for-rent-in-san-miguel-village-makati-city-ad-186-ln537242,"PHP 60,000/ month","Makati City, Metro Manila",,98 m²,2,1,Available from 1 May,,04 Nov 13:54,Housing I.,"['PHP 60,000/ month', '/ month', 'Makati City, Metro Manila', 'Bedrooms:', '2', 'Area:', '98 m²', 'Bathrooms:', '1', 'Available from:', '1 May']"
"House and Lot For Sale in 17, Buckingham, Muntinlupa",https://lifenavi.com/ph/properties/muntinlupa/for-sale/house-and-lot/hillsborough-5-bedroom-house-w-pool-sale-ad-185-ln845365,"PHP 62,000,000","17, Buckingham, Muntinlupa, Metro Manila",,400 m²,5+,5,Available from 25 Jul,,04 Nov 13:54,Housing I.,"['PHP 62,000,000', '17, Buckingham, Muntinlupa, Metro Manila', 'Bedrooms:', '5+', 'Area:', '400 m²', 'Bathrooms:', '5', 'Available from:', '25 Jul']"
"Condo For Rent in corner, 28th Street, Taguig",https://lifenavi.com/ph/properties/taguig/for-rent/condo/semi-furnished-3br-unit-with-parking-for-leasesale-in-east-gallery-place-ad-184-ln732439,"PHP 340,000/ month","corner, 28th Street, Taguig, Metro Manila",,207 m²,3,3,Available from 25 Jul,,04 Nov 13:54,Housing I.,"['PHP 340,000/ month', '/ month', 'corner, 28th Street, Taguig, Metro Manila', 'Bedrooms:', '3', 'Area:', '207 m²', 'Bathrooms:', '3', 'Available from:', '25 Jul']"
"Condo For Sale in 14F, West Street, Makati City",https://lifenavi.com/ph/properties/makati-city/for-sale/condo/2br-unit-with-parking-for-sale-in-park-terraces-ad-183-ln553403,"PHP 50,000,000","14F, West Street, Makati City, Metro Manila",,155 m²,2,2,Available from 25 Jul,,04 Nov 13:54,Housing I.,"['PHP 50,000,000', '14F, West Street, Makati City, Metro Manila', 'Bedrooms:', '2', 'Area:', '155 m²', 'Bathrooms:', '2', 'Available from:', '25 Jul']"
"House and Lot For Sale in Muntinlupa, Metro Manila",https://lifenavi.com/ph/properties/muntinlupa/for-sale/house-and-lot/4br-house-and-lot-for-sale-in-ayala-alabang-village-ad-182-ln545192,"PHP 160,000,000","Muntinlupa, Metro Manila",,857 m²,4,4,Available from 30 Jun,,04 Nov 13:54,Housing I.,"['PHP 160,000,000', 'Muntinlupa, Metro Manila', 'Bedrooms:', '4', 'Area:', '857 m²', 'Bathrooms:', '4', 'Available from:', '30 Jun']"
"Condo For Sale in Cor, McKinley Parkway, Taguig",https://lifenavi.com/ph/properties/taguig/for-sale/condo/fully-furnished-3br-unit-with-parking-for-sale-in-aurelia-residences-ad-181-ln927138,"PHP 165,000,000","Cor, McKinley Parkway, Taguig, Metro Manila",,284 m²,3,3,Available from 25 Jul,,04 Nov 13:54,Housing I.,"['PHP 165,000,000', 'Cor, McKinley Parkway, Taguig, Metro Manila', 'Bedrooms:', '3', 'Area:', '284 m²', 'Bathrooms:', '3', 'Available from:', '25 Jul']"
"Condo For Rent in H.V. Dela Costa, Makati City",https://lifenavi.com/ph/properties/makati-city/for-rent/condo/fully-furnished-3br-unit-with-parking-for-lease-in-le-metropole-ad-180-ln627887,"PHP 105,000/ month","H.V. Dela Costa, Makati City, Metro Manila",,179 m²,3,3,Available from 1 Jul,,04 Nov 13:54,Housing I.,"['PHP 105,000/ month', '/ month', 'H.V. Dela Costa, Makati City, Metro Manila', 'Bedrooms:', '3', 'Area:', '179 m²', 'Bathrooms:', '3', 'Available from:', '1 Jul']"
For Rent in Makati City,https://lifenavi.com/ph/properties/makati-city/for-rent/commercial/office-space-for-lease-in-makati-ad-179-ln708754,"PHP 31,278/ month","Salcedo Village, Makati City",,52.13 m²,,,Vacant,Semi-Furnished,04 Nov 13:54,Housing I.,"['PHP 31,278/ month', '/ month', 'Salcedo Village, Makati City', 'Status:', 'Vacant', 'Furnishing:', 'Semi-Furnished', 'Area:', '52.13 m²', 'Available from:', '28 Jul']"
"Condo For Rent in 1634, McKinley Parkway, Makati City",https://lifenavi.com/ph/properties/makati-city/for-rent/condo/spacious-studio-apartment-for-rent-at-two-serendra-bgc-ad-178-ln542822,"PHP 30,000/ month","1634, McKinley Parkway, Makati City, Metro Manila",,37 m²,Studio,1,Available from 28 Jul,,04 Nov 13:54,Housing I.,"['PHP 30,000/ month', '/ month', '1634, McKinley Parkway, Makati City, Metro Manila', 'Bedrooms:', 'Studio', 'Area:', '37 m²', 'Bathrooms:', '1', 'Available from:', '28 Jul']"
"Office For Rent in 1605, Doña Julia Vargas Avenue, Pasig",https://lifenavi.com/ph/properties/pasig/for-rent/office/a-private-or-virtual-office-in-one-corporate-centre-brgy-san-antonio-of-quezon-city-ad-177-ln970513,"PHP 15,000/ month","1605, Doña Julia Vargas Avenue, Ortigas Center, Pasig, Metro Manila",,10000 m²,,,Vacant,Furnished,04 Nov 13:54,Housing I.,"['PHP 15,000/ month', '/ month', '1605, Doña Julia Vargas Avenue, Ortigas Center, Pasig, Metro Manila', 'Status:', 'Vacant', 'Furnishing:', 'Furnished', 'Area:', '10000 m²', 'Available from:', '6 May']"
"For Rent in 1880, Eastwood Avenue, Quezon City",https://lifenavi.com/ph/properties/quezon-city/for-rent/commercial/flexible-private-office-space-and-call-center-seats-for-rent-in-eastwood-city-quezon-city-at-ibm-plaza-ad-176-ln662495,"PHP 14,000/ month","1880, Eastwood Avenue, Quezon City, Metro Manila, 1800",,10000 m²,,,Vacant,Semi-Furnished,04 Nov 13:54,Housing I.,"['PHP 14,000/ month', '/ month', '1880, Eastwood Avenue, Quezon City, Metro Manila, 1800', 'Status:', 'Vacant', 'Furnishing:', 'Semi-Furnished', 'Area:', '10000 m²', 'Available from:', '6 May']"
"For Sale in Makati City, Metro Manila",https://lifenavi.com/ph/properties/makati-city/for-sale/commercial/office-space-for-sale-in-legaspi-towers-200-ad-175-ln960337,"PHP 28,500,000","Makati City, Metro Manila",,101 m²,,,Vacant,Semi-Furnished,04 Nov 13:54,Housing I.,"['PHP 28,500,000', 'Makati City, Metro Manila', 'Status:', 'Vacant', 'Furnishing:', 'Semi-Furnished', 'Area:', '101 m²', 'Available from:', '23 Apr']"
"For Rent in Mandaluyong City, Metro Manila",https://lifenavi.com/ph/properties/mandaluyong-city/for-rent/commercial/prime-officecommercial-space-for-lease-ad-174-ln712991,"PHP 350,200/ month","Mandaluyong City, Metro Manila",,437.75 m²,,,Vacant,Semi-Furnished,04 Nov 13:54,Housing I.,"['PHP 350,200/ month', '/ month', 'Mandaluyong City, Metro Manila', 'Status:', 'Vacant', 'Furnishing:', 'Semi-Furnished', 'Area:', '437.75 m²', 'Available from:', '23 Apr']"
"Industrial building For Sale in 202, Doña Soledad Avenue, Parañaque",https://lifenavi.com/ph/properties/paranaque/for-sale/industrial-building/commercial-building-for-sale-in-united-nations-paranaque-ad-173-ln931052,"PHP 480,000,000","202, Doña Soledad Avenue, Parañaque, Metro Manila, 1709",,4960 m²,,,Vacant,Unfurnished,04 Nov 13:54,Housing I.,"['PHP 480,000,000', '202, Doña Soledad Avenue, Parañaque, Metro Manila, 1709', 'Status:', 'Vacant', 'Furnishing:', 'Unfurnished', 'Area:', '4960 m²', 'Available from:', '28 Apr']"
"Condo For Rent in Forbestown Road, Taguig",https://lifenavi.com/ph/properties/taguig/for-rent/condo/for-rent-1br-bellagio-three-ad-172-ln271063,"PHP 55,000/ month","Forbestown Road, Taguig, Metro Manila",,60 m²,1,1,Available from 31 Jul,,04 Nov 13:54,Housing I.,"['PHP 55,000/ month', '/ month', 'Forbestown Road, Taguig, Metro Manila', 'Bedrooms:', '1', 'Area:', '60 m²', 'Bathrooms:', '1', 'Available from:', '31 Jul']"
