id,lat,lon,amenity_type,amenity,lgu
ChIJr_0AkzeZqTMRUmoqlN1Edyk,10.3181392,123.8965661,restaurant,10 Dove Street Confectionery,Cebu City
ChIJFTb9PwCfqTMRO9CKp396MuY,10.3124987,123.8783323,cafe,100 Percent Cafe,Cebu City
ChIJJVluNACfqTMRJlUQNDKaMoU,10.3039668,123.8840538,restaurant,24-Seven Convenience Store,Cebu City
ChIJsW6EsE-ZqTMRNP0dSnYx2fc,10.3081163,123.895565,restaurant,24/7 Quickmart,Cebu City
ChIJF7a6a1WZqTMRK_hXNRDEG5M,10.3380519,123.9056717,restaurant,5G Coffee House,Cebu City
ChIJr5e_ImaZqTMRGJW9Tw0ZF5c,10.3046295,123.9121908,restaurant,7 Eleven,Cebu City
ChIJuYcw_ESZqTMRBjEPvBSCS4Q,10.3168381,123.9018787,restaurant,7 Eleven,Cebu City
ChIJ0ZNpkyWZqTMRRzTLLNpq2kM,10.3296726,123.8979228,convenience_store,7-Eleven,Cebu City
ChIJ1XISOUqZqTMRJBLiZJ-totk,10.3157648,123.8902067,convenience_store,7-Eleven,Cebu City
ChIJ23VC9k6ZqTMRrIEDPLbDyk8,10.3328132,123.9094211,convenience_store,7-Eleven,Cebu City
ChIJ66rFWWuZqTMRyQi-tQMedOw,10.3139872,123.9133797,convenience_store,7-Eleven,Cebu City
ChIJ7U4NW_GZqTMRn0SWHMQBZKU,10.338265,123.9049334,convenience_store,7-Eleven,Cebu City
ChIJ87PWqYuZqTMR6sFNz-44_Mk,10.3323373,123.9065414,convenience_store,7-Eleven,Cebu City
ChIJ88IgaESZqTMRpMWDbNPEtJE,10.3095768,123.9011244,convenience_store,7-Eleven,Cebu City
ChIJAezEOT6ZqTMR_CyyGsqIO8k,10.3184896,123.906928,convenience_store,7-Eleven,Cebu City
ChIJByuoUbOZqTMRf8nqbS9xT84,10.3243818,123.9151389,convenience_store,7-Eleven,Cebu City
ChIJDzymuF2ZqTMR3mQprZiPJx0,10.3022569,123.906299,convenience_store,7-Eleven,Cebu City
ChIJF2LOYz6ZqTMRHtxk5NYxm8Y,10.3106674,123.8961723,convenience_store,7-Eleven,Cebu City
ChIJI-HoreWfqTMRRLlDsxrJlFQ,10.3150897,123.8833342,convenience_store,7-Eleven,Cebu City
ChIJO4fQq2uZqTMRaUkIGc9eTng,10.3123299,123.9112379,convenience_store,7-Eleven,Cebu City
ChIJP3wKlCOZqTMRSuylpiEgPO8,10.3287111,123.9034453,convenience_store,7-Eleven,Cebu City
ChIJRxHiQk-ZqTMR2GLEy3c9E80,10.3105108,123.8951521,convenience_store,7-Eleven,Cebu City
ChIJVSP1ot6ZqTMRiT54ePjQyxk,10.3211532,123.8991784,convenience_store,7-Eleven,Cebu City
ChIJVz5JgPybqTMR-AyLf1CfkY8,10.2923585,123.8911082,convenience_store,7-Eleven,Cebu City
ChIJZ_n6EACcqTMRqD55ybNQp4w,10.2980196,123.8848765,convenience_store,7-Eleven,Cebu City
ChIJ_1izEiKZqTMRTzXl5biWzdE,10.3291339,123.9067398,convenience_store,7-Eleven,Cebu City
ChIJaR4fzTiZqTMRLMsayHiicwc,10.3178266,123.9025078,convenience_store,7-Eleven,Cebu City
ChIJaZ-vLTaZqTMRYceSElR3i2E,10.3174968,123.8939357,convenience_store,7-Eleven,Cebu City
ChIJbTx8m-KbqTMRJjg48g284GA,10.2968589,123.8988531,convenience_store,7-Eleven,Cebu City
ChIJc6SnZV-ZqTMRDog0TXYUlMA,10.296925,123.9044282,convenience_store,7-Eleven,Cebu City
ChIJc6l2bKeeqTMRh-gMkCOKsaM,10.3014099,123.870799,convenience_store,7-Eleven,Cebu City
ChIJcTB2Vp2ZqTMRTuAvwqhBRPU,10.3129286,123.9054404,convenience_store,7-Eleven,Cebu City
ChIJfZp6o1mZqTMRMF3Fo_VavQk,10.302208,123.8981597,convenience_store,7-Eleven,Cebu City
ChIJfbRfciGZqTMRGLl9Hu0zvik,10.3311875,123.9046875,convenience_store,7-Eleven,Cebu City
ChIJiVf7PACZqTMRdD6ml7UyOPo,10.3309434,123.9079675,convenience_store,7-Eleven,Cebu City
ChIJid1t9OeZqTMRNi3E_jgzKWw,10.31698,123.9092417,convenience_store,7-Eleven,Cebu City
ChIJlY50PSCZqTMRTtHfmh_TXWU,10.3332973,123.9071046,convenience_store,7-Eleven,Cebu City
ChIJlx0Iyv-bqTMRzhHqYg4H-7I,10.2969674,123.888353,convenience_store,7-Eleven,Cebu City
ChIJlxl9jCSZqTMRAbPnLoCPhyE,10.3266518,123.9086553,convenience_store,7-Eleven,Cebu City
ChIJn7RuYemfqTMRjSt900t77Fs,10.3012504,123.8780611,convenience_store,7-Eleven,Cebu City
ChIJnZPVQDudqTMRMUr_fpt-Bro,10.2869695,123.8715178,convenience_store,7-Eleven,Cebu City
ChIJo3fqizycqTMR0pmQYbSnpuQ,10.2899854,123.8589411,convenience_store,7-Eleven,Cebu City
ChIJpytINlaZqTMRiMEy38qmGiY,10.2988419,123.8936833,convenience_store,7-Eleven,Cebu City
ChIJr9HxCVSZqTMR-hlsL1NYYag,10.3030968,123.8909365,convenience_store,7-Eleven,Cebu City
ChIJsVuaHSKbqTMRY_MFZ4l6SVI,10.2935976,123.9069977,convenience_store,7-Eleven,Cebu City
ChIJtS3LVHKZqTMRen5h8nwTQmA,10.3152609,123.9052422,convenience_store,7-Eleven,Cebu City
ChIJtY-llU6ZqTMRdhZZwQCUJD8,10.3109375,123.8925625,convenience_store,7-Eleven,Cebu City
ChIJudCahveZqTMR75W9pqgw9_Y,10.3286004,123.9055456,convenience_store,7-Eleven,Cebu City
ChIJwarG_raZqTMRPbql0SOeio4,10.2985137,123.9037764,convenience_store,7-Eleven,Cebu City
ChIJwcCs9j2cqTMR8-wmwwi_gME,10.2876894,123.8631522,convenience_store,7-Eleven,Cebu City
ChIJyb3X2QWcqTMRTj7pwfqsqMw,10.2915678,123.8799678,convenience_store,7-Eleven,Cebu City
ChIJz7Gu3D6ZqTMRxe55kPBKjtI,10.3197456,123.9037108,convenience_store,7-Eleven,Cebu City
ChIJN5CqdQCZqTMRUwEni8QR3YM,10.3320171,123.9082914,convenience_store,7-Eleven - 38 Park Avenue,Cebu City
ChIJQZh3YECZqTMRuucSfgJtTv4,10.3142853,123.9055124,convenience_store,7-Eleven 2 Quad,Cebu City
ChIJ71TVSACZqTMRR9zKLmqgNJM,10.318361,123.899735,convenience_store,7-Eleven JUANITA BLDG,Cebu City
ChIJTVHZRgCZqTMRmUWxpSW2J1c,10.3300042,123.8986633,convenience_store,7-Eleven JY Square,Cebu City
ChIJncODMwCdqTMRpSp4J-ZrR7c,10.2901212,123.875482,convenience_store,7-Eleven Mambaling Hi-way (N. Bacalso Avenue-Cebu South Road),Cebu City
ChIJ56azfGSZqTMRc5tCWhE1Fmw,10.2987199,123.8981716,convenience_store,7-Eleven PELAEZ CEBU,Cebu City
ChIJUWImQQCZqTMRZrxZ4-mxOAI,10.3174391,123.9025,convenience_store,7-eleven,Cebu City
ChIJK6szBwCZqTMRPNEWAdSILdY,10.3270496,123.9086507,restaurant,7/11 The Pad Co-Living,Cebu City
ChIJG9_J88ShqTMRf3LZ4nE3NrE,10.3280289,123.9089412,restaurant,7107 Restaurant - Cebu City,Cebu City
ChIJpVItliOZqTMRXsb7d5a1X90,10.328607,123.903865,restaurant,868 Bakeshop,Cebu City
ChIJo3noKACZqTMRH9k1XzeD_Pc,10.3235401,123.9062603,restaurant,AKI Store,Cebu City
ChIJSz-_hiGZqTMRld4U6plOZvg,10.3302678,123.9057076,restaurant,"Abaca Baking Company® (Coffee Shop) - Filinvest Cyberzone, IT Park",Cebu City
ChIJV8OyYk6ZqTMR-H3oOkuqGoA,10.3099002,123.8921143,restaurant,Abaca Baking Company® (Coffee Shop) - Robinsons Cybergate,Cebu City
ChIJ4X4i5hiZqTMRbrc4DMK1gXA,10.3281056,123.9098361,restaurant,Abaca Baking Company® (Restaurant) - Crossroads,Cebu City
ChIJ8xsImk6ZqTMRRnYZV1dm1fE,10.3108841,123.8921821,restaurant,Abiyo Uno,Cebu City
ChIJc4cbqXGZqTMRw2KA-IEkQRk,10.3131998,123.8902952,restaurant,Abli Cebu,Cebu City
ChIJc7IY5zOZqTMRKC_F-qIVjNc,10.3231511,123.8919049,restaurant,Acacia Steakhouse,Cebu City
ChIJpe0YsVmZqTMRZwxhJF3iS5Q,10.3004149,123.8981425,restaurant,Alberto's Pizza,Cebu City
ChIJOb-NJU-ZqTMRvICO_JDIV3A,10.3114479,123.8946398,restaurant,Alejandro's Crispy Pata,Cebu City
ChIJ2z7qHwydqTMRLnxc2cH5vAM,10.28021,123.8642068,restaurant,Amay’s Store,Cebu City
ChIJ69bv70uZqTMRInCT2-cCN9w,10.3131703,123.8906187,restaurant,Andy's Crunchicken,Cebu City
ChIJ4yK67iWZqTMRRFpMUusYBKE,10.3303364,123.8987593,restaurant,"Angelica Bakeshop, Inc.",Cebu City
ChIJ1fzpWwWcqTMRv9JZkPQpQOY,10.2905559,123.875575,restaurant,Angels Burger,Cebu City
ChIJ_e802yaZqTMRD_h1zO-En2w,10.3324001,123.9016671,restaurant,Anita's Bakeshop Main,Cebu City
ChIJo6yDx06ZqTMR4RH-ruV3N_g,10.3114647,123.8927512,restaurant,Anita's Bakeshop- Fuente Osmeña Branch,Cebu City
ChIJRX1bjCaZqTMRXHn92gzU_kw,10.3317269,123.90018,restaurant,"Anita's Home Bakeshop, Inc.",Cebu City
ChIJ0VxoxCWZqTMRZQmO-Vql6R0,10.3303688,123.8976972,restaurant,Anita’s Bakeshop,Cebu City
ChIJndRuByiZqTMRWrKfZq3FAOk,10.3356199,123.8968658,restaurant,Anzani New Mediterranean Restaurant,Cebu City
ChIJZX6HyUyZqTMRGdt935iZh-k,10.3117833,123.886166,restaurant,Arbee's,Cebu City
ChIJi6iWxDOZqTMRKPGQDvpWCh0,10.323758,123.89055,restaurant,Arbees Bakeshop,Cebu City
ChIJ5VM7Xz6ZqTMR4GtjRkUGwn0,10.318214,123.905136,restaurant,Army Navy - Ayala Center Cebu,Cebu City
ChIJg1UAnCGZqTMRh4DLFalPNgM,10.3307629,123.9053877,restaurant,Army Navy - IT Park,Cebu City
ChIJU8ugO_6ZqTMRol7W72q-fmM,10.3219724,123.9058626,restaurant,Arnelyn Sari-Sari Store,Cebu City
ChIJU3j9YEmZqTMRpLpyNqy2nUQ,10.3137344,123.8915482,restaurant,Asia Town Trading,Cebu City
ChIJpxDV9BaZqTMRJqisoY0TEs0,10.3209197,123.9110838,restaurant,Assi Mart,Cebu City
ChIJ84pHkjeZqTMRfXL7GtEcQQs,10.318144,123.896111,restaurant,Axis Mall,Cebu City
ChIJWxoMXLaZqTMR0_A_gL_N5oM,10.2984557,123.895024,restaurant,Ayer's Lechon,Cebu City
ChIJjSWMZ0-ZqTMRK8_rNvazr78,10.3106213,123.8961682,restaurant,Ayer's Lechon,Cebu City
ChIJRR_1PV-ZqTMRFEw4k7Uw7zw,10.3307927,123.9070437,restaurant,Ayer's Lechon - Cbloc Food Court,Cebu City
ChIJxb6hGjGZqTMRdCxVYp_YneU,10.3275597,123.9065689,restaurant,Ayers Lechon House,Cebu City
ChIJXw6_-keZqTMRv_0_iVQuxtQ,10.2975271,123.9007277,restaurant,Ayers lechon - 138 Mall,Cebu City
ChIJf9eIbs6fqTMRfOdT-uXkgj0,10.2818938,123.8618834,restaurant,BF BIGFUDGE,Cebu City
ChIJA8vZ1s-YqTMR1ErWp9IBlHQ,10.3461087,123.8946384,restaurant,BakeArt,Cebu City
ChIJwUoL2c-hqTMRtvCeNCL8i5c,10.3773937,123.8726302,restaurant,Balay Sa Busay,Cebu City
ChIJ0bz_kxWZqTMRR5imL7T1psU,10.3190829,123.9007798,restaurant,Banana Pancake Trail,Cebu City
ChIJ5ZrqMICZqTMR-Wht_rxnaWk,10.3292581,123.9040022,cafe,Basement Cafe,Cebu City
ChIJt_lFpj6ZqTMRX3NRZfuqIVk,10.3202245,123.9030976,restaurant,Bean Date,Cebu City
ChIJW4X42HWbqTMR3jOPD0juVv8,10.2970148,123.8946609,cafe,Beaned Cafe - Cebu,Cebu City
ChIJrZ6ZGyKZqTMRJ2RpwYib0XU,10.3295099,123.907184,restaurant,Beanleaf,Cebu City
ChIJ0wtwHZmZqTMRSZ1z0r1FYhQ,10.3199818,123.9148166,cafe,Bee Cafe Cebu,Cebu City
ChIJPf_y_06ZqTMRpf16ceOieLM,10.328279,123.9090234,restaurant,Bell+Amadeus,Cebu City
ChIJA-Ee4EWZqTMRSOK7DH2ZkaA,10.3116217,123.898257,restaurant,Betty's,Cebu City
ChIJEYHJ5U-ZqTMR7HAi_fsBGQc,10.3075613,123.8959951,restaurant,Betty's Bakeshop,Cebu City
ChIJ23q_cz6cqTMRldVUy8wsO_c,10.2868916,123.8623451,restaurant,Biaño's Pizza,Cebu City
ChIJURUhD6ieqTMRfRj0xcFf3ys,10.3006326,123.8750535,restaurant,Biaño's Pizza,Cebu City
ChIJd_UgdCSZqTMRAD2PxIn90hY,10.3290876,123.9019485,restaurant,Big+Plus Mart,Cebu City
ChIJwdAejT6ZqTMR2thM050cw2o,10.3180532,123.9057505,cafe,Bigby's Cafe and Restaurant Ayala Center Cebu,Cebu City
ChIJdbcuYkiZqTMRSZtqI6pAM1s,10.3150189,123.8959846,restaurant,Bintana Coffee House,Cebu City
ChIJ625JUQCZqTMRWak6aXfQq9I,10.3222664,123.9051872,restaurant,Bits & Bite Convenience Store,Cebu City
ChIJw3AGBQucqTMRl21sPlN6x7I,10.281338,123.8810017,restaurant,Blackbeard's Seafood Island,Cebu City
ChIJ882sMiKZqTMRTYuITBWCEYQ,10.3294093,123.9052619,restaurant,Bo's Coffee,Cebu City
ChIJk79N1kuZqTMRZtQLduHJr3A,10.3145848,123.891228,restaurant,Bo's Coffee,Cebu City
ChIJlcEqzkiZqTMRU7Q8BcVN_Pw,10.3125224,123.8948805,restaurant,Bo's Coffee (Baseline),Cebu City
ChIJa1PMgSaZqTMROqfQmZGR7Eo,10.300016,123.9049821,restaurant,Bo's Coffee (Casa Gorordo),Cebu City
ChIJZxBmbUmZqTMRXMg23PM0ip0,10.3139876,123.8924788,restaurant,Bo's Coffee (Cebu Doctors),Cebu City
ChIJj4NXuk-ZqTMRjhPLIrCcnRM,10.309087,123.895142,restaurant,Bo's Coffee (Raintree),Cebu City
ChIJV5NlPgucqTMRFH7huHT_ZCA,10.2779285,123.8774052,restaurant,Bo's Coffee (SM Seaside),Cebu City
ChIJV9u9pamhqTMR7XeAb8M65Iw,10.2810101,123.8811245,restaurant,Botejyu SM Seaside City Cebu,Cebu City
ChIJq8fFajycqTMRH0xM6yFXbgA,10.2885258,123.8591622,restaurant,Bread Buns Bakeshop,Cebu City
ChIJD2Zuqz-ZqTMR8OkgVvUGiJ8,10.3194073,123.9048836,restaurant,BreadTalk Ayala Center Cebu,Cebu City
ChIJJci21yGZqTMRa_SMQiEjOg4,10.3317129,123.9079829,restaurant,Brewmance,Cebu City
ChIJ9dT70gWcqTMRxaBatGTlbq4,10.2920009,123.87964,restaurant,Buko Republic,Cebu City
ChIJAcwtbAucqTMR8vxr1ueB9Xk,10.28105,123.8811091,restaurant,Burger King - SM Seaside,Cebu City
ChIJ9_21MlyZqTMRHoEQC5Lbl9A,10.3182698,123.9010008,restaurant,C.BREW,Cebu City
ChIJP-eFrcWZqTMRn3UMJqvtFSE,10.3177757,123.9049519,restaurant,CIBO - Ayala Center Cebu L1,Cebu City
ChIJdd6LbwCZqTMRRx2zsdYLFP4,10.3293814,123.9066475,restaurant,COFFEE BEAR IT PARK,Cebu City
ChIJ23XsyOyZqTMRmqkP_7hagIw,10.3101459,123.8965244,restaurant,COFFEE SPOT - MANGO CEBU,Cebu City
ChIJm4lIJyOZqTMRDbayViJHX8o,10.3257915,123.9051943,cafe,Cafe Fortuna,Cebu City
ChIJp2mNyhiZqTMRxU7Ju0goKgY,10.3297717,123.9097498,cafe,Cafe Georg,Cebu City
ChIJ0QnZHzaZqTMRUNXIQmrejbw,10.3169638,123.8925684,cafe,Cafe Talk Library,Cebu City
ChIJez2WNDaZqTMRY3GyT4JCPCE,10.3178944,123.8940157,restaurant,Cafè Sarree,Cebu City
ChIJNXfc1R6ZqTMRiC3tIoUgr-8,10.3296471,123.9109563,restaurant,Café Acelo,Cebu City
ChIJOfq4YQucqTMRgEJ3iGgO8uM,10.2825469,123.882078,restaurant,Café Laguna,Cebu City
ChIJua7saUeZqTMRQL7zbZtGE2E,10.3211963,123.9000926,restaurant,Capu Coffee - Cebu,Cebu City
ChIJEcsl0EuZqTMRDvRzX2Aojvs,10.314444,123.8906829,restaurant,Cardinal Coffea,Cebu City
ChIJedqxyfGZqTMRBemJ93UBdn0,10.3299176,123.8965443,restaurant,Cary's Lechon & Roast Beef,Cebu City
ChIJ_UvkI1CZqTMRx592R5kp8SM,10.307147,123.8955917,restaurant,Casa Verde,Cebu City
ChIJG5EXEOObqTMRV9tXXzc_mGM,10.2929515,123.8987197,restaurant,Cebu Lumpia House,Cebu City
ChIJa1cosYiZqTMRCRgx2UfkbjQ,10.319477,123.9048101,restaurant,Cebu The Samgyup 31 Premium Grill 세부 더삼겹 31,Cebu City
ChIJ4QJS2jeZqTMR51n-0fqNQK0,10.3173711,123.8950367,restaurant,Cebu's Original Lechon Belly,Cebu City
ChIJzea1RgucqTMR-ICKrcklheo,10.280764,123.881324,restaurant,Cebu's Original Lechon Belly - SM Seaside City Cebu,Cebu City
ChIJ1aB-JliZqTMRfYYwrFyY5WQ,10.3283264,123.9040386,restaurant,Cebu's Tasty Lechon Lahug Branch,Cebu City
ChIJw2nPrxiZqTMRvAJP6xYc1hE,10.2987114,123.8937334,restaurant,Cebu's Tasty Lechon Seaoil South Bus,Cebu City
ChIJs2soFAucqTMR-oG9xbbiqhY,10.2823079,123.882172,restaurant,Chewy Junior,Cebu City
ChIJbT79dOSZqTMR1PvIuqCLizs,10.3291933,123.9023838,restaurant,Chika-Chon,Cebu City
ChIJtT7UhCKbqTMR5rnqBYE-dlY,10.2952228,123.9037099,restaurant,Chika-an Cebuano Kitchen - Patria de Cebu,Cebu City
ChIJUfpUDKeeqTMRab8rRI3Eia0,10.3003988,123.8739236,restaurant,Chilen Chicharon,Cebu City
ChIJJ2555B2cqTMRCoA-o7kls6g,10.2997959,123.869402,restaurant,Chin Sticks,Cebu City
ChIJ1wnKBAucqTMRSF3hLLOs1Rw,10.281557,123.882549,restaurant,Choobi Choobi,Cebu City
ChIJtaUQCTycqTMRsrckmtXv6UA,10.2881601,123.8581892,restaurant,Chooks To Go - Quiot,Cebu City
ChIJj07GFyKZqTMR9WfmA19Mdxw,10.3287558,123.9073391,restaurant,Chowabungga,Cebu City
ChIJz0VuX8yeqTMRL0nA_TWj7HM,10.326163,123.8828064,restaurant,CnT Lechon - Guadalupe,Cebu City
ChIJd_fo_D6ZqTMRtKqV_Qt0js4,10.318302,123.904702,restaurant,Coffee Dream Shop Franchise,Cebu City
ChIJuyXlTQCdqTMRzAdncOQaHag,10.2816474,123.880402,restaurant,Coffee Spot - SM Seaside City Cebu,Cebu City
ChIJ18LoLgCdqTMRiqQ06jakvCI,10.2917487,123.8854217,restaurant,Cold Crush Halo-Halo,Cebu City
ChIJJ58oKgCdqTMRPPLXxCx4KBg,10.2817312,123.8806068,restaurant,"Colimited Thai Street Food, Cebu",Cebu City
ChIJq2W-2ICZqTMRwZLFFLGfQb0,10.3192153,123.9129714,restaurant,Come Buy convenience & ticketing,Cebu City
ChIJI8307heZqTMRqelf4oFqqv4,10.3307927,123.9070437,restaurant,Common Ground Store,Cebu City
ChIJHQ3QPziZqTMR1CCqBDU00Ys,10.3282752,123.9095402,restaurant,Commonly Uncommon Coffee,Cebu City
ChIJq8QErBGZqTMR_6DrquLK57w,10.327895,123.9094541,restaurant,CookPub-Cebu Banilad,Cebu City
ChIJyU_EYBeZqTMRXyjm_d4dthU,10.3242268,123.9122656,restaurant,Corner Bakery Cebu,Cebu City
ChIJA7YYhk6ZqTMR03cKqepd78o,10.3108167,123.8916521,restaurant,Cream n' Bake,Cebu City
ChIJYfrb0AWcqTMRWerf1ovZlu8,10.291642,123.879783,restaurant,Creamee D-lite,Cebu City
ChIJLWMYEjmZqTMR3ofj_yPXZ_w,10.3201148,123.90279,restaurant,Cribs,Cebu City
ChIJq38sjF2dqTMRbqxk7Fhhu08,10.2843708,123.8584959,cafe,Cynthia's Cafe and Grocery,Cebu City
ChIJ2wvpejiZqTMRtEOj4GnXRic,10.3168784,123.8991368,restaurant,DBP Store,Cebu City
ChIJofiq9T6ZqTMR0BnaCNErVnE,10.3292559,123.9022918,restaurant,Da-In Korean Restaurant,Cebu City
ChIJueFepD-ZqTMRsyoF0OlOzEc,10.3187377,123.9049616,restaurant,Dessert Factory - Ayala Center Cebu,Cebu City
ChIJOe9bwluZqTMR1Nnd8NlQFEU,10.297983,123.9038348,restaurant,Diners JuncTion,Cebu City
ChIJx_f0bQCdqTMRxQAKFW5LVzk,10.2823472,123.8690729,restaurant,Dodong Store,Cebu City
ChIJs-pDeZKZqTMRYxDeWJ0RidI,10.3141313,123.9063409,restaurant,Dolores sari-sari store,Cebu City
ChIJTRXp-sydqTMR5TTLJrAZXQM,10.2838558,123.8610133,restaurant,Dongkoy's store,Cebu City
ChIJOeEsF3-ZqTMRw4-mkIuCnCY,10.3116704,123.8927289,restaurant,Dr. Coffee - Cebu Main,Cebu City
ChIJ5d205h2cqTMRZEzF8zkvjCE,10.2996079,123.869389,restaurant,Dunkin Donuts,Cebu City
ChIJM07YfQucqTMRU8YTSmcr3tw,10.2820685,123.8801086,restaurant,Dunkin' - SM Seaside,Cebu City
ChIJ8c0Cm-KbqTMRHtk22fsfbA0,10.2977391,123.9004581,restaurant,Dunkin' - Super Metro Colon,Cebu City
ChIJ3SJe6CWZqTMR2FaIPSBe1F0,10.330689,123.8985572,restaurant,Dunkin' Donuts,Cebu City
ChIJx7UPk06ZqTMRobHXniSxgBc,10.310691,123.892612,restaurant,Dunkin' Donuts,Cebu City
ChIJvbMD_z6ZqTMRXPwTYVzKuPM,10.3181806,123.9051239,restaurant,"Dunkin' Donuts, Ayala Center Cebu",Cebu City
ChIJSbb6BQCdqTMRdjqafhVddUI,10.2831805,123.8643991,restaurant,EKYANG STORE,Cebu City
ChIJt3hV0GahqTMREDOBtM6HHJY,10.4196668,123.805687,cafe,EZ Cafe & Bistro,Cebu City
ChIJEcitlUSZqTMRI26rJqudKzo,10.3208173,123.9009058,restaurant,Eat Fresh Cebu,Cebu City
ChIJh9jZx4OZqTMRJI8MFkrcuEU,10.3170836,123.902425,restaurant,Eat&,Cebu City
ChIJZyaQIhuZqTMRNbC_zPdcpYs,10.3124335,123.8991838,restaurant,Eddie's Log Cabin,Cebu City
ChIJDYhmzjeZqTMRpo0c4PjUYAU,10.317814,123.894749,cafe,Espresso Bay Cafe,Cebu City
ChIJmcSb7n6fqTMR9X62PDNQtTE,10.3095721,123.8758409,restaurant,Ettas Cucina + Bar - Paseo Arcenas,Cebu City
ChIJATEpZCKZqTMRO0mt6kISZRs,10.3279009,123.9070635,restaurant,FC-CONVERGYS I3,Cebu City
ChIJq6pq9CKZqTMR-oExZhm0CSA,10.3271417,123.9063976,restaurant,FC-CONVERGYS LINK,Cebu City
ChIJ3aASIsedqTMRhOpxarEtyxU,10.2977204,123.8841889,restaurant,Family Mart,Cebu City
ChIJAcsHCtSZqTMRW-Gbjqz0ja0,10.3082143,123.8872868,restaurant,Family Mart,Cebu City
ChIJM0IRqCWZqTMR49lqmwE61dY,10.2996259,123.8868678,restaurant,Family Mart Phoenix V. Rama,Cebu City
ChIJM-LuAT-ZqTMR5qqRS4tAkT4,10.3182239,123.905147,restaurant,Figaro Coffee - Ayala Center Cebu,Cebu City
ChIJTZBp5oidqTMRW-SP-QpVH1k,10.2718112,123.880866,restaurant,Fina,Cebu City
ChIJ66tgWiqZqTMRnSAfht3Flaw,10.3133638,123.8962232,cafe,Flinders Lane Cafe,Cebu City
ChIJ18591UCZqTMRt1kk3OsU-Oc,10.3136039,123.9026226,restaurant,Florence,Cebu City
ChIJn7137ImZqTMRP_ZPvEQSOsc,10.3109052,123.8980023,restaurant,Funhan Mart Cebu,Cebu City
ChIJNxhAOHadqTMRVFcwUNd6aYw,10.2918081,123.8771909,restaurant,GAL One Stop Convenience Store,Cebu City
ChIJvYp6deCYqTMRMFhfQZOBV9A,10.3326818,123.9069231,restaurant,GLENN MINI MART,Cebu City
ChIJyX-xcRKcqTMRQFa_9DE29Pk,10.284431,123.8741556,restaurant,GXLZ Computers,Cebu City
ChIJmzOPXkmZqTMRFYjfC8L2fgw,10.313436,123.8916945,restaurant,GY Convenience Store,Cebu City
ChIJu4-6X2iZqTMRdn_PxWI8OYg,10.3066467,123.9107472,restaurant,Gaisano Mart,Cebu City
ChIJj0_X-j6ZqTMRPMtmCokVHtM,10.318902,123.9051822,restaurant,Gelatissimo - Ayala Center Cebu,Cebu City
ChIJvSpPajWZqTMR3A6kE5pZQC4,10.3231673,123.8839012,restaurant,Gene's Salvaro de Cebu,Cebu City
ChIJHaYcrNSZqTMRm3QWSh1oTHM,10.3307927,123.9070437,restaurant,Gerry's IT Park Cebu (Gerry's Grill),Cebu City
ChIJ0fc2QwucqTMR48lb_xdkcxw,10.2809139,123.880922,restaurant,Goldilocks,Cebu City
ChIJ1dPv5B2cqTMRd131ZwFucD4,10.299849,123.869505,restaurant,Goldilocks,Cebu City
ChIJ5VM7Xz6ZqTMRc8gCn8DcUts,10.3184276,123.9040443,restaurant,Goldilocks,Cebu City
ChIJ5ecdUk6ZqTMRvVIUUqOyHiM,10.3093585,123.89399,restaurant,Goldilocks,Cebu City
ChIJH2BT3LSeqTMRugEILTV9YtE,10.315234,123.88456,restaurant,Goldilocks,Cebu City
ChIJQYyQkMyeqTMRo-uGNgShBQc,10.3235911,123.8840062,restaurant,Goldilocks,Cebu City
ChIJb9e5tmWZqTMR7x-UyATLUmk,10.3023501,123.9141301,restaurant,Goldilocks,Cebu City
ChIJkaNRgeKbqTMR5rC-rVAhE0o,10.296745,123.899412,restaurant,Goldilocks,Cebu City
ChIJrZk2YxqcqTMR4xA6jtem1Yc,10.2936229,123.8703749,restaurant,Goldilocks,Cebu City
ChIJt1DepW2ZqTMR7sgoBE07VQE,10.312356,123.9172223,restaurant,Goldilocks,Cebu City
ChIJB25R2yWZqTMRCdP9pXbRkMk,10.330296,123.898706,restaurant,Goldilocks Bakeshop,Cebu City
ChIJqR3f-o6ZqTMRYHtjUIbzJ4Q,10.306816,123.8968081,restaurant,Good Cup Coffee Co.,Cebu City
ChIJb_cGijiZqTMRy-xyPKmnyyw,10.317215,123.899736,restaurant,Gorordo Convenience Store,Cebu City
ChIJx8rb0bmZqTMRIPfld3YpSAE,10.3154332,123.9010949,restaurant,Grab-N-Go Mini Mart,Cebu City
ChIJD2Zuqz-ZqTMRYdCljqVHLpI,10.3177757,123.9049519,restaurant,Greenwich,Cebu City
ChIJ9wJbV0iZqTMRWpfpVuHnIEA,10.3144871,123.894321,restaurant,"HOMEBAKERS, INC.",Cebu City
ChIJ6ezjHUaZqTMRmZj1JYUJ-rc,10.3124041,123.8973081,restaurant,Halo,Cebu City
ChIJP1o8uEuZqTMR2JEzyTb2l1Q,10.3144334,123.8899268,restaurant,Han-nya Japanese Restaurant,Cebu City
ChIJCTt_EAucqTMRg3y53l3k9MM,10.2817312,123.8806068,restaurant,Harbour City,Cebu City
ChIJR6nEAT-ZqTMRViQP6DPzA7g,10.281815,123.8808301,restaurant,Harbour City Dimsum House,Cebu City
ChIJ544MMxycqTMRkC4FzeBLZ1o,10.2999655,123.8723847,restaurant,Heavenly Goodies Cakes & Pastries,Cebu City
ChIJF0-LCQKcqTMRh2hJQLaxNTA,10.2992531,123.8794666,restaurant,Henyo's Pizza,Cebu City
ChIJCVpm6LCdqTMR31r9LbXqK5I,10.2930615,123.867398,restaurant,Here Convenience Store,Cebu City
ChIJ5WQefgCZqTMROnVuFMqT51A,10.327598,123.9048758,restaurant,Highlands Coffee - Cebu Exchange Tower,Cebu City
ChIJN_ykxTiZqTMRZ59ExS6Cur4,10.3177386,123.9017215,restaurant,House of Lechon,Cebu City
ChIJy_sxowSZqTMRSEwqMKVEDJw,10.3088279,123.901209,restaurant,HueMann Coffee,Cebu City
ChIJu0hDTj6ZqTMRPmcPjvxY5gs,10.3181437,123.9059738,restaurant,Hukad,Cebu City
ChIJH2_XjU6ZqTMRNyr7MTHbATs,10.3102443,123.8918949,restaurant,Hukad Everyday Filipino,Cebu City
ChIJGyGhCSOZqTMRDtxwgYUITlM,10.328549,123.9030794,restaurant,Hwang Gung,Cebu City
ChIJe7unCZiZqTMRz2Za0TU5534,10.3290871,123.9019488,restaurant,IGO MART KOREAN GROCERY,Cebu City
ChIJoZo5KwCZqTMRPYXKo8GfIaQ,10.3149774,123.9075923,restaurant,Idam store,Cebu City
ChIJOXutUIedqTMR5N_O6pA6MPE,10.2726983,123.8808455,restaurant,Il Primo Italian Steakhouse - NUSTAR,Cebu City
ChIJa6GHA02ZqTMRWvkTH1gI0Ds,10.3123623,123.9073923,restaurant,Inday&Gilbert Store,Cebu City
ChIJG__cpkCZqTMRFTLRIWo5xmg,10.3090414,123.8906089,restaurant,Itchoy Batchoyan sa Cebu by Pares Batchoy Food House,Cebu City
ChIJ5VM7Xz6ZqTMRamCF1xvVNPw,10.31754,123.9057056,restaurant,J.Co Donuts & Coffee Reserve,Cebu City
ChIJba2HAwCZqTMRQOmNtzPfjug,10.3125433,123.9028535,restaurant,Jandhi Sari Sari store,Cebu City
ChIJRWc_EgCdqTMRdkTB29OFwUQ,10.2897015,123.8753694,restaurant,Japinas Convenience Store,Cebu City
ChIJt0sAw3KfqTMRW2eF6688m-U,10.3140295,123.8805611,restaurant,Joanna's Halo-halo Banawa - Cebu,Cebu City
ChIJrXSVnxCZqTMR0CnzU3PIBPA,10.3239699,123.9150142,restaurant,Joed's Lutong Hapon,Cebu City
ChIJS3wnHkecqTMRS5dbTVIv4H8,10.2892841,123.8689533,restaurant,John's Detox Bar,Cebu City
ChIJQ7aAMP2bqTMRS-j38EkzpYs,10.29581,123.896231,restaurant,Jollibee,Cebu City
ChIJSZRU6-KbqTMRiQPv4LklOCc,10.2966879,123.8994081,restaurant,Jollibee - Colonade,Cebu City
ChIJS3DzeQucqTMRgs_ssBcJO_g,10.281657,123.8807054,restaurant,Jollibee - SM Seaside City Cebu,Cebu City
ChIJPYFGjTiZqTMRUNQbPjuLtic,10.317337,123.9002233,restaurant,Journeys Café,Cebu City
ChIJqeP4DgCZqTMRJ1ulouv-ebM,10.319659,123.9082541,restaurant,Jowi and Zach Sari Sari Store,Cebu City
ChIJPedXN0eZqTMROrHk9-K7fAw,10.314599,123.90181,restaurant,Julie's Bakeshop,Cebu City
ChIJkQYqgxSZqTMRZ7Z6PR8m2U0,10.3164276,123.9135464,restaurant,Julie's Bakeshop,Cebu City
ChIJ8Rht91iZqTMRMsXmHune-dw,10.2987166,123.8999529,restaurant,Julie's Bakeshop - Junquera Cosmopolitan,Cebu City
ChIJW-BNbKeeqTMRjALpU_3i5LY,10.3014045,123.8709312,restaurant,Julmer Food Ventures,Cebu City
ChIJoXWURKuZqTMRHW1WcjKCje4,10.3203377,123.9077857,restaurant,Juv's Sari-Sari Store,Cebu City
ChIJralirjSZqTMRtPCIPquKygo,10.3229994,123.8856808,restaurant,K.T. Cakes Unlimited,Cebu City
ChIJ92WoXQucqTMRuG5iAXoVvCs,10.2815085,123.8806155,restaurant,KFC,Cebu City
ChIJuUJwaCKZqTMRrauA4Bd1YYY,10.327896,123.9070001,restaurant,KFC,Cebu City
ChIJPZ8CNdOZqTMR8ZSryvCezOk,10.3242854,123.9084073,restaurant,KOA MART,Cebu City
ChIJ-yz5ATmZqTMRY4kfg-KvNWA,10.3116761,123.9004669,restaurant,KOA Tree House,Cebu City
ChIJoSwIxOqZqTMR2R3TPpsrtWY,10.3247621,123.9142917,restaurant,Kaayoo The Filipino Kitchen,Cebu City
ChIJm9wUTRaZqTMRU1lV0IGPB8s,10.3151364,123.9143092,restaurant,Kaffee Alde Mabolo,Cebu City
ChIJKevMxHeZqTMRcJb8a4mOyXo,10.3198304,123.9014842,restaurant,Kamp Craft Coffee and Roastery,Cebu City
ChIJBW1bVwCZqTMRq5vTzpk9Ets,10.3236878,123.8992836,restaurant,Kanday Store,Cebu City
ChIJ0-0RE2aZqTMRmvg6t7ywHtk,10.304048,123.9128742,restaurant,Kanna Coffee and Tea,Cebu City
ChIJF4RRKQCdqTMR2WMfjAbwN5Y,10.2835681,123.8604353,restaurant,Kennith's Store,Cebu City
ChIJ9_3L-s6ZqTMRHC4mRwKj4rw,10.3238223,123.9058483,restaurant,King Savers Mart,Cebu City
ChIJne3eZiKZqTMRtadApSn_i_s,10.3286835,123.9072414,restaurant,Kitchen Lemon,Cebu City
ChIJHz2BciSZqTMRiyA5n9U6I0c,10.3131822,123.8958336,cafe,Krave Cafe,Cebu City
ChIJ3b61ciKZqTMRuZ3d_GOHxn0,10.3283976,123.9071297,restaurant,Krispy Kreme Doughnuts,Cebu City
ChIJn2IM-z6ZqTMRS-NZEEffR6U,10.3195636,123.9047628,restaurant,Krispy Kreme Doughnuts,Cebu City
ChIJCyHNkoCZqTMRTnJfFlRBu1Q,10.3300815,123.897392,restaurant,Kuy's Lechon Restaurant,Cebu City
ChIJuTQNliOZqTMRBdMDzZbdFt4,10.328731,123.903819,restaurant,Kya Eatery,Cebu City
ChIJ1_p9pDefqTMRgcpeRTwy7Lc,10.3705118,123.8732997,restaurant,LASA BUSAY Modern Filipino Food,Cebu City
ChIJcZ1DAACZqTMRhvZdhcK5C2g,10.3153489,123.9107172,restaurant,LUISA STORE,Cebu City
ChIJeYTUwjiZqTMRm4ax3WIofeI,10.3211878,123.9000911,restaurant,La Buona Italian Restaurant,Cebu City
ChIJ9zCbLRufqTMR_vV85mGzd0k,10.312103,123.8829472,restaurant,La Casa Vieja,Cebu City
ChIJXynq7BiZqTMR0hQJKzr07vw,10.3284419,123.909074,restaurant,La Marea,Cebu City
ChIJaejjSiWZqTMRePxkwZemv2M,10.3262134,123.8981652,restaurant,La Parisienne Cebu,Cebu City
ChIJ4bm_IdifqTMRuRWlFayTlak,10.3726654,123.8708464,restaurant,La Parisienne Sky,Cebu City
ChIJlwE_egCZqTMRasYhwNUpiqU,10.3276212,123.9039943,restaurant,La Tegola Cucina Italiana - The Esplanade,Cebu City
ChIJgRc4GQCZqTMRBqZfHZN-BUA,10.3027669,123.8868446,restaurant,"Lagtang talisay city, cebu",Cebu City
ChIJzXNlXD6ZqTMRVnTIpSHIBu0,10.3188965,123.9059044,restaurant,Laguna Garden Café,Cebu City
ChIJ3884ahaZqTMRGp7LdRqvkrk,10.3204806,123.9100897,restaurant,Landers Superstore Cebu,Cebu City
ChIJy9mGb-yZqTMRm1AwAqXqgFs,10.310677,123.8978045,restaurant,Lechon Queen,Cebu City
ChIJKzrHTEqdqTMRdm2jXrRn4RY,10.2817588,123.8801458,restaurant,Lechoneria SM Seaside Cebu,Cebu City
ChIJ504OijiZqTMRdeV3zNf_an8,10.3172336,123.8997585,restaurant,Leih Amor Store,Cebu City
ChIJWXkP8byZqTMR8FB_7g1QOfY,10.3270805,123.901766,restaurant,LexFour Convenience Store,Cebu City
ChIJfWzM4x2cqTMR8wTK-Zv1Sjw,10.299745,123.869225,restaurant,Leylam Shawarma,Cebu City
ChIJVT6VfmaZqTMR5M_f2n1dERE,10.3109572,123.9027715,restaurant,Lighthouse Restaurant,Cebu City
ChIJASiJCVCZqTMR9F-YIoMq0bo,10.3061073,123.8969364,cafe,Lobby Cafe,Cebu City
ChIJJ7z4wEqZqTMRQfx2BANQ47I,10.3164723,123.8869884,restaurant,Lola Eats,Cebu City
ChIJhyO-zV2ZqTMR8NdWz5zYVfg,10.301795,123.9055468,restaurant,Lolo Tinong's,Cebu City
ChIJO76yU1CZqTMRDHf3Khy9QJ0,10.3053082,123.8943659,restaurant,Lucky 7 Convenience Store,Cebu City
ChIJ8fcKaeGbqTMRCe2eC0RhCeM,10.2929098,123.9036474,restaurant,Lucky 7 Supermart,Cebu City
ChIJP8x0wZWZqTMRA6yT80_g2fc,10.3213,123.9073705,restaurant,Luffy's Mini Mart,Cebu City
ChIJMUxTlk6ZqTMRb6rATEaXG2A,10.3108396,123.89231,restaurant,M Citi Suites,Cebu City
ChIJGdoTfl6dqTMR20S_gUNZTe0,10.2928857,123.8835455,restaurant,MAple3 Convenience Store,Cebu City
ChIJhTYCfRmcqTMRSZzXaMe6RKU,10.2939573,123.8685822,restaurant,"Magic Melt Foods, Inc.",Cebu City
ChIJ-Ul9BACcqTMRVZzOhtdCByM,10.2979219,123.8851421,restaurant,Mang Tinapay More Than a Bakeshop,Cebu City
ChIJ0bm9qjmZqTMRD1nWGnL_iqM,10.3187719,123.899663,restaurant,Marty Mart,Cebu City
ChIJZQ16ewucqTMR40L9OB3SnbI,10.2819004,123.8805849,restaurant,Max’s Restaurant,Cebu City
ChIJO-vg5R2cqTMRcY4mCJ5oToM,10.299655,123.869651,restaurant,May Abohan,Cebu City
ChIJCe_E3SWZqTMRvIlgahPVzeg,10.3305556,123.8983333,restaurant,McDonald's,Cebu City
ChIJG1_gKlCZqTMRcx1TIOTDtXk,10.3106706,123.8930541,restaurant,McDonald's,Cebu City
ChIJiQ9nkBCcqTMRqTv6T2vNwv4,10.2901216,123.8708677,restaurant,McDonald's,Cebu City
ChIJh0h6tSGZqTMRdwSqw5iygpA,10.3322229,123.9067383,restaurant,McDonald's Aegis,Cebu City
ChIJB7tIOtOZqTMRnEQIZQm7pPQ,10.3307975,123.9070429,restaurant,Meatogether Ayala Malls Central Bloc Cebu,Cebu City
ChIJEb95PQKcqTMRdXZtVdYA7nI,10.3002198,123.8766338,restaurant,Melton's Halo-Halo,Cebu City
ChIJfSjXggycqTMRoOeQTyRXFJc,10.2816257,123.880091,restaurant,Mesa,Cebu City
ChIJw-AD_z6ZqTMRAxRxSJlurxY,10.3173018,123.9039241,restaurant,Metro Supermarket,Cebu City
ChIJ5TRwln-ZqTMRsotsK2o2-Jo,10.3299042,123.9075694,restaurant,Metro Supermarket IT Park,Cebu City
ChIJo6h_i7uZqTMRUag2pVcyw7g,10.3184798,123.9015498,restaurant,Misfits Coffee,Cebu City
ChIJASQ0dEqZqTMRkamRnNAcvmc,10.3170917,123.8891835,restaurant,Mommy Auring's Lechon Cebu,Cebu City
ChIJC96PGaieqTMR3T1w5hTEc5g,10.3009865,123.873492,restaurant,Monbi's Halo Halo,Cebu City
ChIJvftTR0eZqTMRWhUb33nqcy4,10.3148643,123.9014067,restaurant,Motor Ace Maxi Mart,Cebu City
ChIJb6kdsJOdqTMRZATzH-FjDOo,10.2725291,123.8811875,restaurant,Mott 32 Cebu - NUSTAR,Cebu City
ChIJYYmijsuYqTMR8IMYwEVTpKI,10.3520307,123.8898262,restaurant,Mr. A Bar & Restaurant,Cebu City
ChIJI7YuarKZqTMRtTLKOHJlgLo,10.332836,123.9069449,restaurant,Mrs. Kate Mini Mart,Cebu City
ChIJT3n9ME-ZqTMRHq-qls45sK4,10.3114079,123.8949466,restaurant,Muvanz Pocherohan And Seafoods,Cebu City
ChIJR9f6fwCZqTMR8AWNqiH5zb4,10.3309984,123.9054645,restaurant,Myeongdong24 - Cebu IT Park,Cebu City
ChIJv5rpJ0GZqTMRmGyEHMGxvmY,10.3133662,123.9032019,restaurant,NCR 24HR STORE,Cebu City
ChIJWcddaECZqTMRmTAlGBHtXT8,10.314452,123.906092,restaurant,Nanay Lydz Halo - Halo,Cebu City
ChIJZVGpxUuZqTMRUVltapTlaT8,10.3124262,123.8911582,restaurant,Ned Nanay's Grill,Cebu City
ChIJId5KjiOZqTMRzOJZI-ApAwc,10.3267826,123.9061016,restaurant,Nom Nom,Cebu City
ChIJMcS_2W-ZqTMRTYQLdzIaCaQ,10.2956779,123.9045939,cafe,Nyor! Cafe + Bistro,Cebu City
ChIJS9rruuObqTMRcVmNObuM0mQ,10.2937929,123.9005209,restaurant,O Eatery,Cebu City
ChIJozQqKrWeqTMRSVvAkBiirxQ,10.3280201,123.9100318,restaurant,Olio Restaurant & Lounge,Cebu City
ChIJ2YwGXwacqTMReeKMFeK9tMI,10.291755,123.881781,restaurant,Ondoy's Lechon,Cebu City
ChIJqcdsewCZqTMRLOE8bt_1-HQ,10.3319982,123.9006872,restaurant,Onward Coffee,Cebu City
ChIJhyE-9VOZqTMRddVTkV7uk9I,10.303049,123.890045,restaurant,Options 24 Convenience Store,Cebu City
ChIJAWoM1gWcqTMRf7qArF7SwGA,10.2915606,123.8802517,restaurant,Orange Brutus,Cebu City
ChIJUY-8HQCZqTMRIPcXeGt8EFc,10.3102516,123.8938528,restaurant,PEAK&PI,Cebu City
ChIJUaliOFGZqTMRYEiyz_D3OS0,10.3037937,123.8928052,restaurant,PLK 24/7 Convenience Store,Cebu City
ChIJ6wtgOC2ZqTMRhwUE2e03NTA,10.3184507,123.9010546,restaurant,POTLUK Pantry & Tasting Room,Cebu City
ChIJc1tlpXyZqTMR1Zdi3efdJKo,10.3248237,123.9094447,restaurant,PUESTO RESTAURANT,Cebu City
ChIJE1Wyq2uZqTMRVWP7mKNEbf8,10.3123849,123.911151,restaurant,Pan De Manila Persimmon,Cebu City
ChIJLz3VcB-ZqTMRVVTG-imO0Kg,10.3319056,123.9090174,restaurant,Pan de Manila eBloc 1,Cebu City
ChIJq6qq_T6ZqTMR4c1VYFngTA8,10.3192535,123.9049794,restaurant,Pancake house ayala cebu,Cebu City
ChIJMRKSya-ZqTMRkXID4LteT0k,10.3186541,123.8991409,restaurant,Papa V Good Food,Cebu City
ChIJJRJnFVqZqTMREjc9wDdYgcE,10.3030148,123.8982641,restaurant,Park N Go,Cebu City
ChIJc57JTWyZqTMRklnLTbAq33E,10.311366,123.9164034,restaurant,Parr’t Ebelle Seafood Restaurant,Cebu City
ChIJK4H-ck-ZqTMRPiBB5h5nByI,10.3106145,123.896144,restaurant,Pink Restaurant Lounge & Bar Games,Cebu City
ChIJ6STEyUyZqTMRABicf4kpaJE,10.3117963,123.8862397,restaurant,Pixie's Sinugba - V.Rama Cebu,Cebu City
ChIJayk_PT-ZqTMRGHEpLC0G3fI,10.3177982,123.9039461,restaurant,Potato Corner,Cebu City
ChIJw-AD_z6ZqTMRfsD_87GCA3k,10.318225,123.905143,restaurant,Potato Corner,Cebu City
ChIJd9MGFAucqTMRKNXrraXVmD0,10.2818038,123.8814742,restaurant,Potato Corner - Food Court,Cebu City
ChIJpT5QliOZqTMRa_0Z6ozfEj0,10.32865,123.903771,restaurant,Princess & Faith Kitchenette,Cebu City
ChIJfynVQQCZqTMRPL5qPUZdJDg,10.3125199,123.9047189,restaurant,"Punched Coffee, Mabuhay Tower",Cebu City
ChIJd0bAyT6ZqTMRRHTeycrcrwE,10.3194509,123.902954,restaurant,Pusô Bistro & Bar,Cebu City
ChIJ7_v_TACbqTMRs18gMJTZWEs,10.2916279,123.9015265,restaurant,Pusô Village,Cebu City
ChIJUQMBEQCZqTMRWVJdc--c-wk,10.3167203,123.9023857,restaurant,Quickstop - One Montage,Cebu City
ChIJC9fYQwCZqTMRNjNbSStvAlg,10.3196893,123.9096791,restaurant,QuikStop,Cebu City
ChIJgwlIiyKZqTMRwjnf6Pvnf84,10.327853,123.906911,restaurant,Quikstop,Cebu City
ChIJS7Ld8uKZqTMRAnDAjxIajM8,10.3292866,123.9050723,restaurant,Quikstop - Filinvest Cyberzone,Cebu City
ChIJMWLQ0dqZqTMRCWVtt3kIQAM,10.3319222,123.9090369,restaurant,Quikstop - eBloc 1 Tower Branch,Cebu City
ChIJSW8sMfyZqTMRz2JyNX5oujA,10.3195076,123.9038093,restaurant,Quikstop Ayala Branch,Cebu City
ChIJOXsNftmZqTMRJ7W8w38hL8Y,10.3241741,123.9087756,restaurant,Quikstop Crown Bldg Mabolo Branch,Cebu City
ChIJ0cTZgQucqTMR4xvJC6LnlXE,10.28174,123.880024,restaurant,RACKS SM Seaside Cebu,Cebu City
ChIJwTXC0veZqTMRXElLwK_g8ZM,10.3128513,123.8902901,restaurant,Raul's Restaurant,Cebu City
ChIJ_QOy7G2ZqTMRs1Bro5jRkmY,10.3120904,123.9171124,restaurant,Red Ribbon,Cebu City
ChIJgxuqw1eZqTMRc96LhO7VSkQ,10.2983536,123.8954964,restaurant,Red Ribbon Emall,Cebu City
ChIJa1A-UACdqTMRrVvZiBqzk60,10.285197,123.863408,restaurant,Ricky Opaw Store,Cebu City
ChIJEae3ljeZqTMRk9DvOna4Aeg,10.3183168,123.8958505,restaurant,Rico's Lechon,Cebu City
ChIJ44fPB2GZqTMR4hPslKa8UsE,10.3303923,123.9068644,restaurant,Rico's Lechon - AyalaMalls Central Bloc,Cebu City
ChIJz6DdE0-ZqTMR2JYqCEncMls,10.3135504,123.909506,restaurant,"Rita Store Ayala Access, Mactan Road",Cebu City
ChIJhUTlNQCZqTMRB1tchddkNiQ,10.3286293,123.904755,restaurant,Robinsons Supermarket Filinvest Shoppes Cebu IT Park,Cebu City
ChIJqTSVOVGZqTMRcCxoe6SDJ1c,10.30335,123.8929892,restaurant,Royal Pension House,Cebu City
ChIJa9yx_kiZqTMRbUWbMp0fOe4,10.3149181,123.8954226,restaurant,Ryan's Pizzarelli House,Cebu City
ChIJDZXJHn2fqTMRovPoV9RlE3U,10.3307846,123.8794969,restaurant,SAVE 8 FAMILY MART,Cebu City
ChIJ2SIzfQCZqTMRm7PmnEw2ukU,10.3212113,123.9075593,restaurant,SHASHAON STORE,Cebu City
ChIJiauXpzyZqTMRb8jRQMtHhFU,10.324885,123.902589,restaurant,Sacris Store,Cebu City
ChIJYYktjlGZqTMR9BSQ84T1JmA,10.3127301,123.8940458,restaurant,Saffron Sips - Cebu- Indian Restaurant,Cebu City
ChIJW21uKLWeqTMRPtTcMRuxKp8,10.3157438,123.8851896,restaurant,San Jose Bakeshop Banawa Branch,Cebu City
ChIJw3gewxucqTMRde6SXReKiuc,10.294343,123.8699908,restaurant,San Jose Bakeshop Labangon Branch,Cebu City
ChIJYybE_EmZqTMRohUE7SWlIzM,10.3169556,123.8919859,restaurant,San Jose Bakeshop Villalon Branch,Cebu City
ChIJnWHN1gWcqTMRkaS3NOcoU2s,10.2909286,123.878794,restaurant,Santino's,Cebu City
ChIJtX6qc-GZqTMRPiEdNdIKAws,10.3238931,123.9095675,restaurant,Savstop Convenience Store,Cebu City
ChIJc44nEbyZqTMRHpWWeEBqASA,10.3111839,123.891817,restaurant,Seared Prime,Cebu City
ChIJ9fj_-D6ZqTMRZzeAHqnLunE,10.317349,123.9048117,restaurant,Seattle's Best Coffee - Ayala Cebu,Cebu City
ChIJYRJmhtCZqTMRk_WJqKG5dFU,10.3185358,123.9051598,restaurant,Seoul Korean Grill + Cuisine,Cebu City
ChIJ0zELMhmZqTMRJa1pQnYs2Yg,10.327794,123.9091928,restaurant,Seoul Minimart,Cebu City
ChIJw-AD_z6ZqTMRAh6YaMI6qCc,10.318151,123.904885,restaurant,Shakey's Pizza Parlor 3rdfloor,Cebu City
ChIJ7eUv3-udqTMR-zvnYWGV9Fs,10.28539,123.860769,restaurant,Shell,Cebu City
ChIJ9Z1WZ1WZqTMR2hJuKbH4cH8,10.298798,123.887169,restaurant,Shell,Cebu City
ChIJYzjODSmZqTMRH4L0YouWuqg,10.3203694,123.8994126,restaurant,Shell,Cebu City
ChIJZ8OGixGZqTMRwBDH-0tnB-Q,10.330387,123.900133,restaurant,Shell,Cebu City
ChIJY2hPmzmZqTMRHom5blAewPM,10.3205185,123.8993142,restaurant,Shell Select,Cebu City
ChIJtSUdKSSZqTMRCfWrzPDsm-g,10.330504,123.900236,restaurant,Shell Select,Cebu City
ChIJhcjfsSKZqTMRt7y4NH5X4TE,10.325405,123.907384,restaurant,Shop,Cebu City
ChIJuVShKH6ZqTMR8In966UEqD0,10.3275456,123.9053738,restaurant,Shopee Unclaimed Parcels by Chelle Edem,Cebu City
ChIJ03RzAxqZqTMRgaHF39hQJ9E,10.3245217,123.9136893,restaurant,Sialo Cebu,Cebu City
ChIJIUbcZRqZqTMR5vCBAHQXCVE,10.3239156,123.9149828,restaurant,Sinangag Station,Cebu City
ChIJoaIOsz6ZqTMRYrKg9L5mMjk,10.3200254,123.9026177,restaurant,Sinangag Station,Cebu City
ChIJK5dmBQucqTMRiwBUlop6b5c,10.2821661,123.8819009,restaurant,Sizzling Plate,Cebu City
ChIJt58UBwCZqTMRN4uVEiIcFgw,10.3294898,123.9037097,restaurant,Skintouch Lahug Cebu City,Cebu City
ChIJL9DiHTyZqTMRwm6LY8DW6lM,10.310405,123.891932,restaurant,Snakyard,Cebu City
ChIJ0RFrbiKZqTMR-agrJku8dlg,10.328396,123.907294,cafe,Soho Park | Cafe & Restaurant,Cebu City
ChIJf3R1cqeeqTMR3n-N_pRSKzo,10.3013685,123.8710791,restaurant,Sol's Halo Halo and Desserts,Cebu City
ChIJf91BzkCdqTMRw9SkQpDOcWc,10.2868533,123.8699483,restaurant,Sol's Halo Halo and Desserts Cabreros,Cebu City
ChIJfwieEXqZqTMRILPb0WsoBco,10.3217516,123.9048322,restaurant,Sol's Halo-Halo Amd Dessert Sa Brgy. Luz,Cebu City
ChIJ-X6yW1OZqTMR_pkva4a8PGk,10.3128375,123.9119531,restaurant,"Sols Halohalo & Desserts Mabolo, M.J. Cuenco Ave., Cebu City",Cebu City
ChIJ3QHJKgCZqTMRymeCrPGmjZo,10.3210655,123.8989246,restaurant,Sol’s Halo Halo - Lahug,Cebu City
ChIJEx4D_heZqTMRpRu-gHkLKJE,10.3246918,123.9080588,restaurant,Somac Korean Restaurant,Cebu City
ChIJWWBJDQCZqTMRaW0uOE4A0Jk,10.3297006,123.9072069,cafe,Sparrow Cafe Culture,Cebu City
ChIJF510OfeZqTMRnDgcIim6O6I,10.3156663,123.9053486,cafe,Spence Cafe & Kitchen,Cebu City
ChIJJW8iL2WZqTMR63akRjoaLyI,10.3197424,123.9099137,restaurant,Stamp Coffee House,Cebu City
ChIJQy7nnCGZqTMR4msjFs3d4xk,10.3307629,123.9053877,restaurant,Starbucks - eBloc 2 Tower Branch,Cebu City
ChIJR6nEAT-ZqTMRgOintPoXTgw,10.31754,123.9057056,restaurant,Starbucks Ayala Center Annex Level 4,Cebu City
ChIJTfIrZQucqTMR4d2ifDwGmIQ,10.2815406,123.8812814,restaurant,Starbucks SM Seaside,Cebu City
ChIJj7DwhViZqTMRyGWb1e--yd8,10.2975285,123.9001891,restaurant,Starbucks Super Metro Colon,Cebu City
ChIJlw5plTKZqTMRl6XAgPtXDQ8,10.3131417,123.8939221,cafe,Stone & Pebble Cafe,Cebu City
ChIJVxd_u5afqTMRgmOsnFQn2jI,10.3295964,123.901599,restaurant,Street8 Food Hub,Cebu City
ChIJL9RH70mZqTMR3vTEnrw_t3E,10.316516,123.8923564,restaurant,Sugar Free Haven,Cebu City
ChIJz7Np_j6ZqTMRe1p8LkRUNn0,10.3173018,123.9039241,restaurant,Suisse Cottage best bread,Cebu City
ChIJtbwl9z6ZqTMRre9Ge6vIbz0,10.3184834,123.9052768,restaurant,TGI FRIDAYS,Cebu City
ChIJiSwu3yWZqTMRO8pxFWQjJNY,10.3306778,123.8984095,cafe,Tablea Chocolate Cafe,Cebu City
ChIJK7SY4ECZqTMRZ04koG8BDXQ,10.3224796,123.9126417,cafe,Tamp Cafe & Co. KASAMBAGAN,Cebu City
ChIJHYgmjSaZqTMRprjnw80UUkw,10.3318792,123.9002956,restaurant,Tatang's Extra Crispy Boneless Lechon,Cebu City
ChIJHybSqj-ZqTMRV7tfAtONx1E,10.31811,123.9049466,restaurant,Taters ( Ayala Center Cebu ),Cebu City
ChIJzSDTBxCcqTMR8I9pWpkW5cE,10.2902449,123.87395,restaurant,Teri Hot Pandesal With Malunggay,Cebu City
ChIJA7UbSWaZqTMR-mTQBddMhpA,10.3035455,123.9119685,restaurant,The Coffee Bean & Tea Leaf,Cebu City
ChIJAS-BiE6ZqTMRWV1TP8Bhzd4,10.310405,123.891932,restaurant,The Coffee Bean & Tea Leaf,Cebu City
ChIJBTOfXQucqTMRtUrjs8Q5MxI,10.2821466,123.8799074,restaurant,The Coffee Bean & Tea Leaf,Cebu City
ChIJHyycqR6cqTMRK7_huNTE6PU,10.296171,123.868873,restaurant,The Coffee Bunker,Cebu City
ChIJsW6EsE-ZqTMRme3FrykKgFM,10.3088659,123.8948378,restaurant,The Coffee Hut,Cebu City
ChIJw9cbFgucqTMRaNP9dErlsjo,10.2821016,123.8799276,restaurant,The French Baker,Cebu City
ChIJ5VM7Xz6ZqTMRp40T3vHck7M,10.3168127,123.905712,restaurant,The Marketplace Ayala Center Cebu,Cebu City
ChIJmW7-GkGZqTMRiG012PHP5fU,10.3128745,123.9045261,restaurant,The Pig and Palm,Cebu City
ChIJJ2um4j6ZqTMR6H72E9Nk51o,10.317699,123.9059466,restaurant,The Social,Cebu City
ChIJmRAOPgCZqTMRDaUk9jFpCv4,10.3130091,123.9044453,restaurant,The Spring,Cebu City
ChIJpboxFQucqTMRHB85xzsxU0c,10.2811542,123.8816199,restaurant,The Spud Diner,Cebu City
ChIJw7JZ3uuZqTMRLx3FGou5jMg,10.3268921,123.9086043,restaurant,Three Two Brew,Cebu City
ChIJK8FWebCZqTMRnFI3sLazYXg,10.3227477,123.913031,restaurant,Tightrope Coffee,Cebu City
ChIJgWajC0-ZqTMRs0Cibj7WBWM,10.3100463,123.8955578,restaurant,"Titay's Liloan Rosquillos and Delicacies, Inc.",Cebu City
ChIJc4lwPPybqTMRjHsUZWyKv_w,10.2945417,123.8922701,restaurant,Tokyo Sweets,Cebu City
ChIJm587ZwucqTMRPe8l5LbPjX4,10.281271,123.880604,restaurant,Tokyo Tokyo,Cebu City
ChIJb2RFay-dqTMRATb3Kah9kl8,10.2800696,123.8815387,restaurant,"Tong Yang, SM Seaside Cebu",Cebu City
ChIJ05K0ulufqTMRD6TIgEY1-U8,10.3706646,123.8708577,restaurant,Top of Cebu,Cebu City
ChIJAQAAQOWYqTMR81oOCoMRnGM,10.3283157,123.9094188,restaurant,Trattoria da Gianni,Cebu City
ChIJ_Su55T6ZqTMRlZsjRimIKUg,10.3182075,123.9050178,restaurant,Tsim Sha Tsui Dimsum & Tea Bar,Cebu City
ChIJB8D36DeZqTMRy51jpcv_DyI,10.3175532,123.8957927,restaurant,Uncle John's - Escario,Cebu City
ChIJtwj9N9OZqTMRp0U8Hlv8fQ8,10.3124356,123.9058365,restaurant,Uncle John's - Tech Tower Sumilon Rd,Cebu City
ChIJsUWlr-KbqTMRcrEi1lCr8YI,10.2969323,123.8977776,restaurant,Unitop - Cebu City,Cebu City
ChIJZcDTBD-ZqTMR9WvIKBUefAE,10.3152425,123.8932132,restaurant,Unity Coffee • Vinyl,Cebu City
ChIJ3fSkGPeZqTMRN2j5HU7mRQs,10.3119832,123.907964,restaurant,Urban Kitchen - Cebu,Cebu City
ChIJlxKN4x2cqTMR__JjFk_O3zA,10.2997599,123.869346,restaurant,Virginia,Cebu City
ChIJWepORs6eqTMRBXsiRBm20GQ,10.3270953,123.8783,restaurant,Viviola Takada,Cebu City
ChIJx7aN5lWbqTMR17g7iw2zAzs,10.2931232,123.8873706,restaurant,WEEmart Convenience Store,Cebu City
ChIJEYf90U-ZqTMR92OYq92Njlg,10.3080508,123.8941448,restaurant,Wang Shan Lo Chinese Cuisine,Cebu City
ChIJ0wUKa6eeqTMRiK6rx4kuQ10,10.3014617,123.8706238,restaurant,Way Tugpahay Siomai Sa Tisa,Cebu City
ChIJDSDhtZCZqTMRByKUih-_Dt8,10.3295989,123.9065126,restaurant,Yang Hero Cebu IT Park,Cebu City
ChIJVVVV5T2ZqTMRvHcjvGgjQGI,10.318417,123.905129,restaurant,Yellow Cab Pizza Co.,Cebu City
ChIJpXsbhSGZqTMRICoPiS3NgcI,10.3305416,123.9058947,restaurant,Yellow Cab Pizza Co.,Cebu City
ChIJ8UAR9DaZqTMR06b5F9kA7zU,10.319736,123.8930344,restaurant,Yor's Adobong Chicharon,Cebu City
ChIJmzg4ZACZqTMRJXBY1uiOoSA,10.326854,123.9088745,cafe,Your Daily Go Cafe,Cebu City
ChIJp5EkwU6ZqTMRm5sQK2OJkZQ,10.311304,123.8929591,restaurant,Yoyi's Pastries & Desserts,Cebu City
ChIJ95viNaSZqTMRGAp0qNVO9Ts,10.3144954,123.8857856,cafe,Zero-x Cafe,Cebu City
ChIJqaqqagecqTMRRcKVMwLbzsQ,10.2928226,123.8843269,restaurant,samsung ji due,Cebu City
ChIJj_9jsD2ZqTMRYsecIMttL5E,10.3219522,123.9059571,restaurant,yoly store,Cebu City
ChIJPxvZ-xeZqTMRdPnwcKQ7RtA,10.3247659,123.9085433,restaurant,⁠PICKUP COFFEE - The Greenery,Cebu City
ChIJp_B-ZB-ZqTMR-8CeHTVG4pQ,10.3313632,123.908365,restaurant,知暮里 NEW CHIBORI JAPANESE RESTAURANT,Cebu City
ChIJBxI6VgCZqTMR43fTduTca7s,10.3280196,123.9037137,restaurant,부들세부 Boodle cebu,Cebu City
ChIJ0zPgNSOjqTMRqMUPXx76BCM,10.3715167,123.9537122,cafe,28th Avenue Cafe - Consolacion,Consolacion
ChIJg4bhvmejqTMRSiYTAp-jdYU,10.3800388,123.9661823,convenience_store,7-Eleven,Consolacion
ChIJieUkNACjqTMRYZIGanQLUOE,10.3814058,123.9698853,convenience_store,7-Eleven,Consolacion
ChIJk26ckqSiqTMRr4PRybcOOmY,10.3764165,123.9586953,convenience_store,7-Eleven,Consolacion
ChIJtTdNn3OYqTMRCDvJtXD63us,10.3621018,123.9496068,convenience_store,7-Eleven,Consolacion
ChIJHXlFF8GXqTMRFz1lVJ9eB9k,10.3601375,123.9803906,convenience_store,7-Eleven (4901) Tayud Lacion,Consolacion
ChIJfT1vaQCjqTMRPIv7CEEKeGc,10.3814132,123.9698154,convenience_store,7-Eleven Pitogo,Consolacion
ChIJrVdhuw2jqTMR6QZJMRMCy-U,10.3750063,123.9600428,convenience_store,7-Eleven citymall consolacion 1863,Consolacion
ChIJLyVraP6XqTMRprCwtjCXk0k,10.3629697,123.9792761,restaurant,ABCR General Merchandise,Consolacion
ChIJcSTAtb6iqTMRvdj4RfbYc3A,10.3828407,123.9579683,restaurant,AJ Store,Consolacion
ChIJfzf3gdijqTMRXX1JJBiv7E0,10.3703425,123.9621787,restaurant,Ac & kb store,Consolacion
ChIJO5biGWG9qTMRudwawXEMSgg,10.383352,123.9728267,restaurant,Akosi Caffé,Consolacion
ChIJBVnlVqOiqTMRdtUfzYRinW4,10.376472,123.958057,restaurant,Alberto's Pizza,Consolacion
ChIJbT7PO-SjqTMRkjfzrAkJfY4,10.3806668,123.9724527,restaurant,"AllEn One Grocery and Payment Center- Jugan, Consolacion",Consolacion
ChIJT5e68QiYqTMRkE6kF3_BFgk,10.3638591,123.9620165,restaurant,Amelyn's Sari-Sari Store,Consolacion
ChIJmdaki6GiqTMRkZkGagD1RJc,10.3756062,123.9567812,restaurant,Angel's Burger,Consolacion
ChIJ15K1Q7-iqTMRJW1I2Ssw6Ew,10.3857898,123.9571411,restaurant,Angel's Hamburger,Consolacion
ChIJA2mQj22jqTMRpNcmTsPywUM,10.3810171,123.9688203,restaurant,Angel's Pizza - Consolacion,Consolacion
ChIJz-hh76SiqTMR1lx9lLIWrRI,10.37507,123.960312,restaurant,Arbees Bakeshop,Consolacion
ChIJK8jzKomjqTMRrlXcQify6KM,10.3918699,123.9566278,restaurant,Area21,Consolacion
ChIJcylWvgWjqTMROkYDAJHb2aw,10.3699802,123.9641768,restaurant,Auring Store,Consolacion
ChIJ3S1-p7mjqTMRAHs8A0FHoS8,10.3745763,123.968767,restaurant,Baby Girl's Store,Consolacion
ChIJn1b8v4SjqTMRts8HfEypMJI,10.3768462,123.9608275,restaurant,Baiks Barbecue,Consolacion
ChIJWULvCACjqTMRdgft86o4EAg,10.3803958,123.9669738,restaurant,Baka Naman - Consolacion,Consolacion
ChIJf4VilrCiqTMRYwW1BHuARZk,10.379547,123.964846,restaurant,Baker Bob,Consolacion
ChIJeVDCNSaZqTMRJoB-XOWvZbk,10.3628778,123.9564166,restaurant,BalaySaPinakagwapoSaMandaue,Consolacion
ChIJPSAyh4WjqTMR7t_bw4XWoRw,10.370494,123.9696323,restaurant,Batch Choyan,Consolacion
ChIJZ51W0qSiqTMR2wDUHJi5394,10.3764304,123.9605212,restaurant,Bea's Bakeshop,Consolacion
ChIJufnkXkWjqTMR77gzPCfyxrs,10.3702664,123.9576593,restaurant,Bean Caff,Consolacion
ChIJtSRNemW9qTMRLwebM6ElezY,10.3651332,123.9817852,restaurant,Bebe Store,Consolacion
ChIJl8VEiyGjqTMRHao4eFTY9c0,10.3707414,123.9582829,restaurant,Bebie Reston Store,Consolacion
ChIJ7399pp2jqTMRZEpQPfxz6W4,10.3749298,123.9658163,restaurant,BellyBoy Lechon Belly,Consolacion
ChIJLQndHHSjqTMRKFCByz3rJxQ,10.3844953,123.9697523,restaurant,Benjamins - Consolacion,Consolacion
ChIJ-6FCbgCjqTMRbScNnI-Rjl8,10.3706476,123.9598572,restaurant,Bestie's Café,Consolacion
ChIJycJ8DwajqTMRebmtS9jPDl8,10.3723713,123.9601894,restaurant,Big Fat Straws Consolacion Branch,Consolacion
ChIJwVcy0LWjqTMRntJsK0e9fLg,10.3697463,123.9643033,restaurant,Bing's place,Consolacion
ChIJC1yo5rSiqTMRq86_6fprCic,10.3819825,123.9732843,cafe,Bohemian Cafe,Consolacion
ChIJoUEZRQCjqTMROoGdRBD3aYA,10.3797873,123.9640145,restaurant,Bo’s Coffee - SM City Consolacion,Consolacion
ChIJNf93u56jqTMRyWIMWNJxEYM,10.3795616,123.9646592,restaurant,BreadTalk - SM City Consolacion,Consolacion
ChIJxyT7SCujqTMRpViX4PmXmYE,10.370714,123.9724759,restaurant,Brew Szn Main (Consolacion),Consolacion
ChIJfXgSDQCjqTMRoWjbt_e853E,10.3751514,123.9571983,restaurant,Brewed Coffee LA' TEA - Consolacion Branch,Consolacion
ChIJzcQh9vWjqTMRnLSG9D3qW-s,10.3720885,123.9540057,restaurant,Bubble Bean Café,Consolacion
ChIJdxfDOSijqTMRBHzHVPMNakw,10.3740885,123.9616494,restaurant,Buono Donuts,Consolacion
ChIJ68yZGXejqTMRQn0dfMQUFXo,10.3928565,123.9567874,restaurant,CALAMITEA,Consolacion
ChIJX_MgKQGjqTMRSoubk7YvDog,10.384922,123.9658618,restaurant,CCA Club and Events,Consolacion
ChIJDzBWpbCiqTMRQYCTn2o_GTc,10.3796049,123.964861,restaurant,CK SM Consolacion,Consolacion
ChIJy2vW3qmjqTMRznyUglrTRf8,10.3709144,123.9517549,restaurant,Cadimas Store,Consolacion
ChIJy3Vn4Ka9qTMRx7VuhYZnfY4,10.3803925,123.9599723,cafe,Cafe Naku,Consolacion
ChIJJeWGESWjqTMRqU5QgqiMbZ4,10.3908492,123.9437624,cafe,Cafe Sikwate,Consolacion
ChIJHeWpqeWjqTMR4fxRLMVCkS4,10.3747157,123.9610342,restaurant,Cake-on the-go,Consolacion
ChIJjzAe1bqiqTMR_KAXgKjOSCw,10.3767167,123.9612357,restaurant,Cansaga Convenience Store,Consolacion
ChIJyTJRjKGiqTMRoVM2-9d7vfM,10.3721083,123.9542937,restaurant,Carlo's Batchoy,Consolacion
ChIJM0wg-XqjqTMR0xUC7ZzGW-k,10.3703061,123.9664662,restaurant,Carmeline Bakeshop,Consolacion
ChIJdasAbLOjqTMRHfg4D6XKx3U,10.3853851,123.9630968,restaurant,Carmen's Store,Consolacion
ChIJM7Ulq7CiqTMR2ClrB2OQpp0,10.3812552,123.9634589,restaurant,Cebu's Original Lechon Belly - SM City Consolacion,Consolacion
ChIJce8jWzujqTMR1Dw8Zqlv95s,10.3689799,123.9692887,restaurant,Che's Delights,Consolacion
ChIJE-Gu02GjqTMRA1j0GZb8r3A,10.3798019,123.9695581,restaurant,Chemay's Cake,Consolacion
ChIJBcttsLCiqTMR3lRLmbzgZjM,10.3803681,123.9646542,restaurant,Chika-an Cebuano Kitchen - SM Consolacion,Consolacion
ChIJGXdfEaOiqTMRnKuC6sAnfK4,10.3754989,123.9565752,restaurant,Chooks To Go,Consolacion
ChIJk80RzIyjqTMR2EgXJZq_E2Q,10.3756212,123.956743,restaurant,Chrisjos Direct selling,Consolacion
ChIJ_Vdl78ajqTMR9Dz5tcZMAeA,10.4284228,123.9293845,restaurant,Citylights Camp & Diner,Consolacion
ChIJF6KgMwCjqTMRLQYcqBVHjbw,10.37976,123.964161,restaurant,Coffee Bean,Consolacion
ChIJ5TDNVwCjqTMRgml3tUuLUyU,10.3792501,123.9557037,restaurant,Consolacion C7 Eatery,Consolacion
ChIJA3GyclijqTMREQqm2l2MEXo,10.3831489,123.9726143,restaurant,Cyria’s Kandingan,Consolacion
ChIJhys9KwCZqTMRVHpku3deg8E,10.363006,123.954559,restaurant,DKAFE AND SARI SARI STORE,Consolacion
ChIJ26OceN6jqTMRnAqI72vwfnQ,10.3796255,123.9652094,restaurant,DM Lacion,Consolacion
ChIJwez44Y2jqTMRCY6y81ullD0,10.3741185,123.9550542,restaurant,DON 77 MINIMART,Consolacion
ChIJXfxYrE-jqTMR1oHRseQz_ak,10.3716411,123.9592718,restaurant,Dacorp,Consolacion
ChIJ1TqCTR6jqTMRXuBHbJUujLA,10.3799918,123.9714618,restaurant,Day To Day Store - Porta Coeli,Consolacion
ChIJDVLNkM6jqTMRiTZ4Hh8yH7M,10.3748342,123.9603579,restaurant,Diaper Store,Consolacion
ChIJ44DHRQCjqTMRsnaRDO52-QE,10.3745141,123.9666763,restaurant,Don Eping Piaya,Consolacion
ChIJN6wTNwCjqTMR49xKiCFb0Kg,10.3724237,123.9546398,restaurant,Don Lemon - Consolacion Branch,Consolacion
ChIJL0b4mbGjqTMRzvlczFr3FFo,10.3762772,123.9596722,restaurant,Don Macchiatos Consolacion,Consolacion
ChIJ54owfQCjqTMREHP6nJvyPss,10.3821413,123.9709252,restaurant,Dreamers Coffee - Pitogo Branch,Consolacion
ChIJ2ylXg5yjqTMR-tReGELMCzw,10.3764107,123.9579721,restaurant,Driptea Consolacion,Consolacion
ChIJix5ivrCiqTMRHF77exjOBhA,10.3798285,123.964963,restaurant,Dunkin' - SM City Consolacion,Consolacion
ChIJffkb4WWXqTMRpz7a4RMHGKw,10.3639382,123.9771461,restaurant,Ebing’s Convenience Store,Consolacion
ChIJzWTdCgCjqTMRmInAqK2Lv-0,10.3687534,123.9659047,restaurant,Eden Bakeshop,Consolacion
ChIJNw1xgbqiqTMRlJnrLmXX4_Y,10.3783455,123.9636611,restaurant,Eleven J Bakeshop,Consolacion
ChIJ4fNzTwCZqTMR7RF3otboh54,10.3644399,123.9513364,restaurant,Epen Bate,Consolacion
ChIJy7BTZLGiqTMRpIgTWQcoig8,10.3787593,123.9689941,restaurant,Erika's Hopia de Cebu factory,Consolacion
ChIJKTpRUKWiqTMRQxZJXDuQ2T4,10.3756954,123.9633058,restaurant,Ernesto Cebulicious Lechon,Consolacion
ChIJ69CPSciiqTMRSL9EO61Uyt0,10.3857917,123.9677632,restaurant,Feastea Japanese Milktea,Consolacion
ChIJ8-aaRgCjqTMRdaCcAmCZJdI,10.3740406,123.9686346,restaurant,Fresh Spring Rolls by Ari,Consolacion
ChIJlYqOEEOjqTMRRNuRogU4xRw,10.3756323,123.9616498,restaurant,Frontliners Puto Sikwate,Consolacion
ChIJy4GUXKaiqTMR6qBV4j7Adsk,10.3701685,123.9616578,restaurant,Gab-gab's,Consolacion
ChIJz-eUGwCjqTMR1rTtdGru4zs,10.3863207,123.9568087,restaurant,Girline Store,Consolacion
ChIJMwANiKmXqTMRl4Q1Y1XXB84,10.3626875,123.9767031,restaurant,Glory Pride Store,Consolacion
ChIJ3aV30iijqTMRcTtGXWUcZb0,10.3775393,123.9646104,restaurant,Golden Bowl Pancit Canton,Consolacion
ChIJ5XAwU7eiqTMR-ZKFrMQSFpQ,10.379635,123.9646723,restaurant,Goldilocks - SM City Consolacion,Consolacion
ChIJ2ReecEqjqTMROfoVt-MI_JA,10.3716718,123.9718061,restaurant,Goodie Brownies,Consolacion
ChIJ8YYRerCiqTMRkNcVYsLXSlw,10.3779836,123.964232,restaurant,Gwels Daily Bread,Consolacion
ChIJU3S9FGOjqTMRNOlwBR6Qk04,10.3730284,123.9611851,restaurant,Hangry Henry,Consolacion
ChIJFUCSkW6jqTMR7tRQ3I-9Q8E,10.3736865,123.9580107,restaurant,Happy Brew - Consolacion,Consolacion
ChIJq7_qqKSiqTMRL_ooh3TRjLE,10.3763878,123.9584891,restaurant,Happy~Haus Donuts,Consolacion
ChIJh627aQCjqTMRNHrDTQ4hk8Q,10.3886397,123.9680522,restaurant,Has Bean Grinding,Consolacion
ChIJofECUtCjqTMRMCDq2sYsgeI,10.3707146,123.9582562,restaurant,Heartily 'K'akes,Consolacion
ChIJW3NQSj2ZqTMRkPB00dZnLPk,10.3650372,123.9589979,restaurant,Helen Store,Consolacion
ChIJV3cra0ajqTMRcy4WAS8RYE4,10.3751495,123.9628064,restaurant,Hi Brew - Consolacion,Consolacion
ChIJGZD19ACjqTMRVkITXW-b8Qw,10.3764206,123.9584389,restaurant,IDX STORE,Consolacion
ChIJn7iwUYaZqTMR3D0hjQ2wYQg,10.3643457,123.9618815,cafe,Inato Cafe,Consolacion
ChIJj4gzc7qiqTMRONGYjesm0n8,10.379759,123.9633757,restaurant,Inday Sara Bakeshop,Consolacion
ChIJNfXgX2WXqTMRCZnWxh8MMdI,10.3559252,123.9754956,restaurant,"Island Tea Co., Ceylon Coffee & All Day Breakfast Club - Consolacion",Consolacion
ChIJfyGM2LCiqTMR0SpmZ3kXjWE,10.3799202,123.9666001,restaurant,JERBEE'S BAKESHOP,Consolacion
ChIJWxYon4aZqTMR14cNkbyFiBc,10.3631317,123.9654158,restaurant,JUNIE-TERRY STORE,Consolacion
ChIJOenzeICjqTMR7Lm5Arwut74,10.3839292,123.9575495,restaurant,Janice Store,Consolacion
ChIJ74Wbd7qiqTMR9RyFQ-Mgq_k,10.3792634,123.9636869,restaurant,Janielle's Bakeshop,Consolacion
ChIJuRnx4UajqTMRNY7kKf4_1Ms,10.3775311,123.9733162,restaurant,Janna's Store,Consolacion
ChIJ9ZCgRrmjqTMRdbUAbZed-N0,10.3708248,123.9584764,restaurant,Jessie Sira-Sira Store,Consolacion
ChIJ2S8l0D-jqTMRoeHVD56zCoQ,10.3797983,123.9657449,restaurant,Joanna's Halo-Halo Consolacion,Consolacion
ChIJj0Szy6SiqTMRtLq725Zg6Vg,10.3762661,123.9599761,restaurant,Jollibee - Consolacion,Consolacion
ChIJLQpqXamjqTMRVgVw70zk2fc,10.37358,123.9570163,cafe,JuanBats Cafe - Consolacion,Consolacion
ChIJjzhL2mKjqTMRASP0DpTj6Jk,10.3786412,123.9736226,restaurant,Julie's Bakeshop,Consolacion
ChIJrR0Nw7CiqTMRNcj2YoJvAPU,10.3805372,123.9682183,restaurant,Julie's Bakeshop,Consolacion
ChIJh2h92nyjqTMRq7jXnvU26jg,10.3737012,123.9594513,restaurant,K'offee Qonuts,Consolacion
ChIJq24gwdWjqTMRGaULz-QzIdI,10.3757477,123.9657616,restaurant,K-BTS Katrina's Box of Tasty Stuff,Consolacion
ChIJt0OMvbCiqTMRgrfq8a3cP24,10.3805942,123.9641477,restaurant,KFC,Consolacion
ChIJe3sjV6iiqTMRzpj_qbz4h2c,10.3684361,123.9660796,restaurant,KFL'S Bakeshop,Consolacion
ChIJX376sIqjqTMRKZje0qxx874,10.3970315,123.9577381,cafe,Kahoy Cafe,Consolacion
ChIJw-rA2emjqTMRQSUmoucKSFo,10.3733286,123.9494978,restaurant,Kaizer’s Store,Consolacion
ChIJF7PlJgCjqTMRB8RgiszEImU,10.37283,123.9613386,restaurant,Kan-anan Ni Nanay SPG,Consolacion
ChIJSeMMCXqjqTMRFuJHFi318ME,10.378725,123.9640306,restaurant,Kaye Dee Enterprise,Consolacion
ChIJ5fWXwQ-jqTMRcR_5OIQL-0w,10.3796255,123.9652094,restaurant,Kusinang Gamay,Consolacion
ChIJ7f2HbF2XqTMRAF9JMrOaW2Q,10.3802241,123.9640393,restaurant,Kuya J Restaurant - SM City Consolacion,Consolacion
ChIJHxV8KwCjqTMRyTSEUgFLe3A,10.3740676,123.9610434,restaurant,L' Macchiatos,Consolacion
ChIJJS_F47-jqTMRANs4g_Ivq4k,10.3832416,123.9624392,restaurant,Lechon ni El Presidente,Consolacion
ChIJY-s4t7CiqTMR3oniQD5gaXk,10.3803658,123.9649569,restaurant,Leona's Cakes And Pastries,Consolacion
ChIJSdnfPACjqTMRDUtWztPrTac,10.3702466,123.9622115,restaurant,Lhor Dave fried chicken,Consolacion
ChIJK5ZT56SiqTMRdRsDHw2Pl3k,10.375342,123.960703,restaurant,Linda Painitan,Consolacion
ChIJBeE812KZqTMRKHibvwfz6Uw,10.3659943,123.9631223,restaurant,Little Chefs,Consolacion
ChIJvV1fWqKiqTMRMS4UkDfzkGU,10.375353,123.9537771,restaurant,Lloydstah's Tavern,Consolacion
ChIJ--Wde76jqTMRLAQrskO9lu8,10.374728,123.9582742,restaurant,Lokacion Food Park,Consolacion
ChIJW4QzIPyXqTMRRa2uaPFlVNg,10.3609662,123.9808141,restaurant,Lolo Tinong's Bakery,Consolacion
ChIJzaKqIfejqTMRY11uWvSBHjs,10.3688095,123.9705433,restaurant,LuEsra Bistro,Consolacion
ChIJl1g8r7GiqTMRvrjtlmMlcx4,10.3778008,123.9671893,restaurant,Lyndon's Eatery,Consolacion
ChIJFRZEXKaiqTMRJv2g1DDNxcc,10.3702614,123.9615204,restaurant,MIGGY'S MALUNGGAY PANDESAL STATION,Consolacion
ChIJY2WcwbqiqTMRqb_DdtQxRtc,10.3774682,123.9621682,restaurant,MR.N Bread Cakes & Pastries,Consolacion
ChIJz7lBxcyjqTMRqmKjT8gDoQg,10.377692,123.954309,restaurant,MS Store,Consolacion
ChIJ_depV0ijqTMR4fwySSlBwro,10.376864,123.9583373,cafe,Maca Café - Coffee & Tea (MACA TEAH CAFE),Consolacion
ChIJa-BKGwCjqTMR2j8_Hi1CtQ0,10.3793051,123.9717637,restaurant,Maiqui's Bread. Cakes. Pastries (Jugan 1 Branch),Consolacion
ChIJB_LPqfujqTMRW9S_rAsA9g8,10.380033,123.964437,restaurant,Majestic SM Consolacion,Consolacion
ChIJk26ckqSiqTMRS1T1Dy6_Xnc,10.37479,123.9599911,restaurant,Mang Inasal CityMall Consolacion,Consolacion
ChIJSXYgfgCjqTMReKAxO9q89nQ,10.3793907,123.9690994,restaurant,Maya Bakes Me Happy,Consolacion
ChIJmVeaT4qjqTMRLU4O-RIrK2Y,10.3718762,123.9541434,restaurant,Mc & Mc Fresh Fruits and Goods,Consolacion
ChIJL2xa4QCjqTMRe3FT9NJIPqk,10.3702479,123.9614997,restaurant,Mcbread13 Convenience Store,Consolacion
ChIJ-62O-8CjqTMRyEd7YgYZ78U,10.3854683,123.962935,restaurant,Meow Meow Store,Consolacion
ChIJI80HYaKjqTMRhffAq3YjRqU,10.3787167,123.9688429,restaurant,Merai Bread and Pastry House,Consolacion
ChIJaYMDA3OjqTMRaEIu-pMKOdU,10.378543,123.95523,restaurant,Mercy Store / RB Alivio Travel & Tour,Consolacion
ChIJC57oxqujqTMRD4QLTuI-B3w,10.3780897,123.9643934,restaurant,Merlyn Eatery,Consolacion
ChIJq3DTEL2iqTMRg3XU__a_Uus,10.3787828,123.9546606,restaurant,Monet's Sari-Sari Store,Consolacion
ChIJO4stVKSiqTMRY-VJmBs8YZA,10.3739879,123.96076,restaurant,Mr. K Pandesal,Consolacion
ChIJDXWTUqKiqTMR8fbx-T726bc,10.3743159,123.955445,restaurant,Mr. Liempo,Consolacion
ChIJh4vPVDW9qTMRtjXccjEHyPE,10.3846405,123.9750979,restaurant,Mr. Liempo,Consolacion
ChIJCVpgLACjqTMRjq9V-gbTchQ,10.3687511,123.9687593,restaurant,NAWI MOBILE STOCKIST,Consolacion
ChIJd8Kr6c2jqTMRaUtLMWMRAko,10.375207,123.9601001,restaurant,Nanay Belen's Bakeshop,Consolacion
ChIJ9Rg8J_CjqTMRQD_sJJU-Suw,10.4275144,123.939653,cafe,Nanda Cafe Consolacion,Consolacion
ChIJN4Q7T2OjqTMRl5CJFGoqcqM,10.3707142,123.9557946,restaurant,NashToff Store,Consolacion
ChIJEX7Pl1KjqTMRVLpchRWuBS8,10.3698212,123.9641793,restaurant,Nathiña beauty shop/Cutea milktea,Consolacion
ChIJFe9K6MmjqTMRj9gJKriRs38,10.3761916,123.9657113,cafe,New Orleans Cafe,Consolacion
ChIJz81nJ4mjqTMRrEL_vPpoFB8,10.3816394,123.9705577,restaurant,Ngohiong Express - Consolacion,Consolacion
ChIJ-TBwbXOjqTMRNS41q8WtRtk,10.3757444,123.9716058,restaurant,Nida's Store,Consolacion
ChIJDeWFXACjqTMRYBZ742ANExk,10.3745305,123.962225,restaurant,Nik’ Smoke & Grill (2nd site),Consolacion
ChIJgTuep16XqTMRXMNu7Pmj7YY,10.3599227,123.980382,cafe,Nineteen88 Cafe,Consolacion
ChIJp-hpdwOjqTMR-4bkZuUrNfA,10.4235971,123.922639,restaurant,North Peak Café,Consolacion
ChIJCeGR5rCjqTMRRYywbK3CPzo,10.3720868,123.9540045,cafe,NÚ Cafe,Consolacion
ChIJS1YqJkCjqTMRDU6gm73cN10,10.3887874,123.9690652,restaurant,O Siblings ShopSmart Convenience Store,Consolacion
ChIJ66objwqjqTMRNFPllucaUws,10.3721462,123.9743928,restaurant,OVERBREW,Consolacion
ChIJSQ2sQ7-jqTMR1Ddvx9Xtdbs,10.3750475,123.9561506,restaurant,Oh Flora Coffee & Flowers,Consolacion
ChIJJa2ozb2jqTMRRGI-uKr9kOA,10.3750453,123.9561488,cafe,Oh! Cafe and Patisserie,Consolacion
ChIJoxikUVOjqTMRyUpYg2g_fkk,10.3769052,123.95831,restaurant,Onepiece Chicken,Consolacion
ChIJIfx8VbeiqTMRof1mP5Yk8wI,10.3799905,123.9647829,restaurant,Orange Brutus - SM Consolacion,Consolacion
ChIJuevGibqiqTMR8qWmZ1hT2Kk,10.3785374,123.9629389,restaurant,Orosia Food Park,Consolacion
ChIJE_UrUquXqTMRm1p47TX5_8A,10.3640668,123.9809903,restaurant,Oyao Store.,Consolacion
ChIJrUJdDq6iqTMRIR_0vlSR1gE,10.3747706,123.9688668,restaurant,PANEDAR Bakeshop,Consolacion
ChIJo3tCBACjqTMRkHAajtlcFuA,10.3777365,123.9732634,restaurant,PARAGADS BAKESHOP,Consolacion
ChIJiZrYAMSjqTMRo35XxGoxDLQ,10.3781009,123.9634325,restaurant,PM's Corner,Consolacion
ChIJrS41MgCjqTMRP2Dbnk70s1s,10.3793401,123.9653019,restaurant,Pan de Manila,Consolacion
ChIJhSfwCgSjqTMR2ufwdV4JQyA,10.4285257,123.930117,restaurant,Panoypoy Heights,Consolacion
ChIJyXiQlq6iqTMR-A7l-UcLC04,10.3721216,123.9683469,restaurant,Paragads Bakeshop,Consolacion
ChIJlY_FwqSiqTMRjb6-fEwhpxw,10.3755201,123.9602669,restaurant,Park N Go Bakery,Consolacion
ChIJbdtLKQCjqTMRKxx5qU32EVk,10.3784085,123.9633335,restaurant,Pickup Coffee,Consolacion
ChIJYy3A2rCiqTMRMOOIKyL6BtU,10.3800702,123.9660332,restaurant,Pinoy Pao,Consolacion
ChIJXWM6qbCiqTMRfhMwO8KcWw8,10.3803928,123.9643828,restaurant,Potato Corner,Consolacion
ChIJ4Xey3BW9qTMRKYX33eLOG1w,10.3710811,123.9763952,cafe,Puliki Cafe,Consolacion
ChIJkx3uDc-jqTMRTte6T5hndZg,10.3764825,123.9589833,restaurant,Purple Yam consolacion,Consolacion
ChIJG9lDAJCjqTMRe0x_0bGAKZ0,10.3796722,123.9700375,restaurant,QQ Store,Consolacion
ChIJkZTdubCiqTMR4iyr7Q76rfM,10.3805364,123.9645887,restaurant,RR-SM CONSOLACION,Consolacion
ChIJk26ckqSiqTMRcytFH9uRElk,10.3748114,123.9600264,restaurant,Red Ribbon CityMall Consolacion,Consolacion
ChIJ8Ywqf1ujqTMRlUvYAatsbd8,10.379721,123.9720212,cafe,Renato's Cafe,Consolacion
ChIJ-cOoWxujqTMRLIjG9m6B_K4,10.3742708,123.9679779,cafe,Roce Cafe,Consolacion
ChIJ4SNSU0KjqTMRBohR1QZdVc0,10.385185,123.9624583,restaurant,Romel's Store,Consolacion
ChIJmwt7yJ6jqTMRKUv8fPv825M,10.3787009,123.9640086,restaurant,RuChiFe Bakeshop,Consolacion
ChIJxR3GeHGjqTMRrXxxENBzyww,10.3710746,123.9733113,restaurant,SEZE Convenience Store,Consolacion
ChIJ0YhSHQCjqTMRphiCbr7RTrc,10.3706686,123.9698807,restaurant,SLIDES - Consolacion,Consolacion
ChIJsRpKiG-jqTMRCletfmU12TY,10.379821,123.9651242,restaurant,SM Foodcourt Consolacion,Consolacion
ChIJ9dlMTQC9qTMR3fSJ1Xy2A10,10.3710811,123.9763952,restaurant,SOLING'S SARI-SARI STORE,Consolacion
ChIJ6353XkCjqTMRy75X2F1NYcQ,10.3802437,123.9652008,restaurant,STREET YARD,Consolacion
ChIJxwRdHhWjqTMRya09mjhWj5o,10.3704357,123.9695045,restaurant,Sailor eatery,Consolacion
ChIJeW9fl9KjqTMRNPUf113kTck,10.3725506,123.9569626,cafe,Scooby’s Cafe - Consolacion,Consolacion
ChIJYfwbzTKjqTMRzecsJ52jj80,10.3803104,123.9648443,restaurant,Seoul Korean Grill • Cuisine - SM City Consolacion,Consolacion
ChIJGQbSL22ZqTMRly8ZIS-lOHQ,10.380616,123.96417,restaurant,Shawarma House,Consolacion
ChIJDwFNPECjqTMRcmU8ofKkPPA,10.3817204,123.9701907,restaurant,Shell Mobility SM Consolacion,Consolacion
ChIJe3OL3rCiqTMRR6nLX8RZhuQ,10.3796789,123.9663697,restaurant,Shell SHOP,Consolacion
ChIJV6MUKjGjqTMRs0o205uTqss,10.3759473,123.9657033,restaurant,Sidescape Brunch,Consolacion
ChIJh3FmxKGiqTMRCSWpNYK9dSc,10.3710386,123.9536528,restaurant,Sindo's Lechon Manok,Consolacion
ChIJo9njXQCjqTMRDPvD-D1o8QU,10.3808641,123.9673672,restaurant,SipUp Coffee ☕,Consolacion
ChIJ2QcDQxKjqTMROF1jOyrINbQ,10.3721437,123.956212,restaurant,Sippin' Days,Consolacion
ChIJmacW6vyjqTMRBTFYWfjr1B0,10.3853077,123.9639185,restaurant,Slick Brews,Consolacion
ChIJ2RktFPmjqTMRA_aZa62eJco,10.3702095,123.9604392,cafe,Spill The Beans Cafe,Consolacion
ChIJw4pQZkq9qTMRrvGuedAOQuc,10.3777355,123.9769812,restaurant,Starback Coffee Shop,Consolacion
ChIJVW9eZgCjqTMReK3kllKgmyc,10.3703288,123.9617845,cafe,Starblack Cafe - Consolacion,Consolacion
ChIJSeKuzmWjqTMReRviLR3qy18,10.3797985,123.965081,restaurant,Starbucks SM City Consolacion,Consolacion
ChIJwanRE2ejqTMR_scbeoqi6Co,10.3863243,123.9581405,restaurant,Sulu's Coffee,Consolacion
ChIJXxuRHQCjqTMRQMpbNyYLrTc,10.3681594,123.9655879,restaurant,Sulu's Coffee Nangka Branch,Consolacion
ChIJeXtdFACjqTMRfCSWCKVNFDA,10.3798414,123.9640068,restaurant,Sunburst SM City Consolacion,Consolacion
ChIJYcsP8TqjqTMR-L2fF4JzHjQ,10.3739085,123.9544052,restaurant,Sweet Darling Milktea & More,Consolacion
ChIJNUE5ABmjqTMRe1Y0x6-dCN4,10.3742109,123.9504254,restaurant,Tasha's Korean Grill and Restaurant,Consolacion
ChIJ8yrSRd-jqTMRdXbFx1jgaE8,10.3853608,123.964376,restaurant,Tatskie Store,Consolacion
ChIJ78T3-mqjqTMR_-gRULNXkzE,10.3840152,123.9575389,restaurant,Telming's Store,Consolacion
ChIJXwr6BACYqTMROTzr672EuOg,10.3648568,123.9745477,restaurant,Temyong's Talaba,Consolacion
ChIJu7ak5SmjqTMR8dsLLTlhUys,10.3801201,123.9671144,restaurant,Tess Lechon Pitogo,Consolacion
ChIJseO3jBuZqTMRuKtOALtTIlA,10.362504,123.9739565,restaurant,The Avanti Coffee,Consolacion
ChIJC38pKQCjqTMR9qN-_Z1IkYE,10.3791661,123.9651959,restaurant,"The Queen’s Cup, Consolacion",Consolacion
ChIJZ1k6SgCjqTMRLtBTxwIgLxY,10.3749204,123.9626659,restaurant,TipXY'Z Smoke and Grill,Consolacion
ChIJO2F7oPajqTMRq4F8XiFcSRs,10.3737133,123.9593775,restaurant,Tipsy Wings Consolacion,Consolacion
ChIJa5YXBgCjqTMRlENABKMGIT0,10.3713011,123.9737174,restaurant,Touch of Rosey,Consolacion
ChIJJzzfLgCjqTMRecrj7DHgpXU,10.3752764,123.9588371,restaurant,Uncle Brew,Consolacion
ChIJCy0brzSjqTMROUlegOg2r3g,10.3735843,123.9547769,restaurant,Uncle Brew Poblacion Consolacion,Consolacion
ChIJs90MZQCjqTMR56YrXgolv5s,10.3790881,123.9534614,restaurant,Uncle Brew Pulpogan,Consolacion
ChIJfyrMFwCjqTMR8xFtZ6pCU8A,10.3803219,123.9658011,cafe,Unplanned Cafe,Consolacion
ChIJjYZsif6jqTMRB_j1Yvz7ZT8,10.379279,123.9388426,restaurant,Uric Acid Carenderia,Consolacion
ChIJZY_3WQaYqTMRc6s4bluvjwc,10.3641167,123.9670945,restaurant,VILBAR RESIDENCE,Consolacion
ChIJq4Y-yIOjqTMRxU7D4_UDm6o,10.3701528,123.9728042,restaurant,Vedetian Home Goodies,Consolacion
ChIJw6_yVaKjqTMR59BU5sE3MUY,10.370264,123.9642857,restaurant,Yes Pastries,Consolacion
ChIJT2aOBQC9qTMRe6NS5Htt8GM,10.3709386,123.9835728,restaurant,Yolanda Store,Consolacion
ChIJ3aXpNR2jqTMRuTeAyVqV4JA,10.3750005,123.9539518,restaurant,Yoly's Store,Consolacion
ChIJHdKJNwCjqTMR1_AZRXbnsY4,10.3799387,123.9661243,restaurant,erikas delight bakeshop,Consolacion
ChIJJSOkMQWjqTMRAwvBvsTegYQ,10.3757925,123.9657767,restaurant,iJ's Food Hab-hab,Consolacion
ChIJ85XG8k6jqTMR3s9CxA2J3oQ,10.378725,123.9640306,restaurant,potpot,Consolacion
ChIJ-ZTo4CijqTMRB7JDCQxkhbY,10.385745,123.963836,restaurant,"twits hub c”,)",Consolacion
ChIJ3-k78jijqTMReqLKJv0MvF0,10.3721934,123.9683205,restaurant,𝗨𝗡𝗟𝗜𝗠𝗜𝗧𝗘𝗗 𝗧𝗨𝗦𝗟𝗢𝗕 𝗕𝗨𝗪𝗔 - 𝗟𝗮𝗿𝗮𝘆 𝗕𝗿𝗮𝗻𝗰𝗵,Consolacion
ChIJLTi-MwqZqTMRIfi4HP14-y0,10.30966,123.9610696,restaurant,24hr Store LCDAG,Lapu-Lapu City
ChIJ9c-xkqSZqTMRoJIPu2K70cE,10.3112804,123.948439,restaurant,38 Coffee - Poblacion Lapu Lapu,Lapu-Lapu City
ChIJ-7gHGgCZqTMRMANerQ_NQAA,10.3245063,123.9501672,convenience_store,7-Eleven,Lapu-Lapu City
ChIJ-XL6wZKZqTMR0KhsXzCG8AI,10.3020097,123.9513507,convenience_store,7-Eleven,Lapu-Lapu City
ChIJ3aOiArWQqTMRPDbSoWLIBKY,10.2838701,123.9945783,convenience_store,7-Eleven,Lapu-Lapu City
ChIJ6yAGfhmXqTMRi8q__7pHwF0,10.3078721,124.0117581,convenience_store,7-Eleven,Lapu-Lapu City
ChIJ7ThHOyOXqTMR7t7anx777ME,10.2961227,123.9755745,convenience_store,7-Eleven,Lapu-Lapu City
ChIJ9aSB_muXqTMRnzA1GzueKVg,10.3098566,123.9919037,convenience_store,7-Eleven,Lapu-Lapu City
ChIJBQCRNwCXqTMRC3VmNUtZx2Q,10.301622,123.9932923,convenience_store,7-Eleven,Lapu-Lapu City
ChIJBbA3hyaaqTMRCGJIgnFjNl8,10.2871659,123.9443451,convenience_store,7-Eleven,Lapu-Lapu City
ChIJCWDuacCZqTMRqyS9NTkzR3M,10.311403,123.954037,convenience_store,7-Eleven,Lapu-Lapu City
ChIJD9CpVA6ZqTMRPNdfbQ7Jimk,10.3208911,123.9216876,convenience_store,7-Eleven,Lapu-Lapu City
ChIJMVKSEHuXqTMR28WHDUPG5jw,10.2908985,123.9899532,convenience_store,7-Eleven,Lapu-Lapu City
ChIJNefLjC-XqTMRjwULHCJXi34,10.315576,123.9784032,convenience_store,7-Eleven,Lapu-Lapu City
ChIJOT_LQLKZqTMRZcqI2bzTyt8,10.3269117,123.9433138,convenience_store,7-Eleven,Lapu-Lapu City
ChIJP7XHjLWZqTMRLhWkMVamBN8,10.325749,123.952301,convenience_store,7-Eleven,Lapu-Lapu City
ChIJPWVWnKmZqTMRYjymBejbUSI,10.3260353,123.9331117,convenience_store,7-Eleven,Lapu-Lapu City
ChIJW2TsmtKXqTMRUYqGY7-xiZE,10.3256125,123.9771719,convenience_store,7-Eleven,Lapu-Lapu City
ChIJW3h1csKZqTMRb5g0YkJZ1B8,10.3117364,123.9212076,convenience_store,7-Eleven,Lapu-Lapu City
ChIJYbo16bKXqTMR_5IfxI_u9os,10.299667,123.9784419,convenience_store,7-Eleven,Lapu-Lapu City
ChIJdRLxCqiZqTMRz5Nu5eN74Fo,10.3223756,123.9317886,convenience_store,7-Eleven,Lapu-Lapu City
ChIJg_RxVgCZqTMRaJtTwOmKXC8,10.3126735,123.9564456,convenience_store,7-Eleven,Lapu-Lapu City
ChIJjezfKQCZqTMR_VyY-UKfVec,10.3056742,123.9434321,convenience_store,7-Eleven,Lapu-Lapu City
ChIJkXn1F6GQqTMRIa0-ak4lT1s,10.271984,123.9784782,convenience_store,7-Eleven,Lapu-Lapu City
ChIJmzcXnO-ZqTMR_sTfiTd2-Fc,10.3013341,123.9628842,convenience_store,7-Eleven,Lapu-Lapu City
ChIJn89iGgqZqTMRZOMbEPCXUf0,10.3172353,123.929626,convenience_store,7-Eleven,Lapu-Lapu City
ChIJtf9tXOyZqTMRy77BPCXXXdM,10.3033324,123.9558835,convenience_store,7-Eleven,Lapu-Lapu City
ChIJtyql-viZqTMR3xIq0Ev4hlw,10.2908467,123.9672831,convenience_store,7-Eleven,Lapu-Lapu City
ChIJxWnbT8WZqTMRstKsuTEC8Ug,10.3176766,123.9632595,convenience_store,7-Eleven,Lapu-Lapu City
ChIJyc1kwMmXqTMRS8EGN2t2Uq4,10.3069695,124.0095589,convenience_store,7-Eleven,Lapu-Lapu City
ChIJl39FXqeQqTMRek86pzlqSpk,10.2747023,123.9752066,convenience_store,7-Eleven (1509) Marigondon,Lapu-Lapu City
ChIJRyUfJgCZqTMR7B8qmCwYzGk,10.3100596,123.9538634,convenience_store,7-Eleven (5365) Humay Humay Lapu Lapu,Lapu-Lapu City
ChIJNQZqWAGaqTMRzI6AVZOedGk,10.2846457,123.9695462,convenience_store,7-Eleven 1071 Savers Plaza,Lapu-Lapu City
ChIJnfxaGzCZqTMRamBtMe6jmLk,10.2982191,123.9639199,convenience_store,7-Eleven 3111 CTS Mactan,Lapu-Lapu City
ChIJBx46AtGZqTMRsCSTbROSO80,10.3204022,123.9670942,convenience_store,7-Eleven Lapu Lapu Arcade,Lapu-Lapu City
ChIJv9KIeACZqTMRm-g0oMqcxDo,10.3108894,123.9611603,convenience_store,7-Eleven Lapu-lapu Airbase,Lapu-Lapu City
ChIJ3ReENQ-XqTMRCEempBFTK1g,10.2953101,123.9987022,restaurant,7107 Restaurant,Lapu-Lapu City
ChIJz9eDJGqZqTMRbp3F985Le-I,10.3130385,123.9571241,restaurant,777 CONVENIENCE STORE,Lapu-Lapu City
ChIJQ2zihAqZqTMRqDfVMB45RwE,10.3131245,123.9483418,restaurant,777 Convenience Store,Lapu-Lapu City
ChIJA_DqRWCZqTMRkR6ZiIAXdMk,10.3241085,123.9509673,restaurant,A&M Variety Store,Lapu-Lapu City
ChIJk6STj4iZqTMRnku0Rqa6MRs,10.3097301,123.9550397,restaurant,A.C Minimart,Lapu-Lapu City
ChIJq-4wirKXqTMR05Ha8nm34gA,10.3072969,124.0094019,cafe,AT@HERE BAKERY CAFE,Lapu-Lapu City
ChIJe0R7dACZqTMRcflPpXYG1Fw,10.3254031,123.9487756,restaurant,AZ Sari-Sari Store,Lapu-Lapu City
ChIJkxAfG1qZqTMR0wbIgs5xyuE,10.3203556,123.9388932,restaurant,"Abaca Baking Company® (Restaurant) - The Boardwalk - Mandani Bay, Mandaue",Lapu-Lapu City
ChIJj_9zWQCZqTMR9chTd9Xi11k,10.31988,123.9383414,restaurant,Acacia Steakhouse Mandani Bay,Lapu-Lapu City
ChIJn7nq8LSQqTMRe_5QiKLaJ-A,10.293297,123.9980829,restaurant,Ace Crab(mactan),Lapu-Lapu City
ChIJ65Mfga2ZqTMR1oevw_glvJY,10.3098415,123.9482395,restaurant,Akapi,Lapu-Lapu City
ChIJ8SbZrEeZqTMRCmKBDb-RCuI,10.3131407,123.9506127,restaurant,Akire Foodshoppe & Catering Service,Lapu-Lapu City
ChIJcd5Npk2YqTMR3pyAKph_qfg,10.3302407,123.947896,restaurant,Albertos Pizza,Lapu-Lapu City
ChIJzQULW4CXqTMRespKnSg0gQk,10.328372,123.97684,restaurant,Allegro Restaurant,Lapu-Lapu City
ChIJyRmmscqZqTMRHqhyw4vGNyM,10.3236704,123.9320937,restaurant,Amaretto,Lapu-Lapu City
ChIJNXhGue-ZqTMRfqG27Ms7eQE,10.3006923,123.9620672,restaurant,Andok's Basak,Lapu-Lapu City
ChIJAQAAcG2ZqTMRn1Z1fgLH5WU,10.312247,123.9185478,restaurant,Anitas Home Bakeshop - SM Cebu,Lapu-Lapu City
ChIJPSKuGdqZqTMRHe2cSRGCaLs,10.316701,123.968863,restaurant,Arbee's Bakeshop,Lapu-Lapu City
ChIJEy9ZLJSZqTMR8FxvNkELz-w,10.3107891,123.9506738,restaurant,Ason Painitan,Lapu-Lapu City
ChIJjeI3JwCZqTMRcHNJ3rGNVho,10.3127761,123.9563994,restaurant,BLUE ENERGY SIBIN ILIBIN (5291),Lapu-Lapu City
ChIJnYNZDACXqTMRjOIB6605fV4,10.3122325,123.9887401,restaurant,BON COFFEESHOP,Lapu-Lapu City
ChIJY-f4GFqZqTMR4CU6fxG0SRI,10.3099603,123.95192,cafe,BOOQIE'S Cafe,Lapu-Lapu City
ChIJ09kQj--ZqTMRdnj7LkWA1hg,10.3006509,123.9633441,restaurant,Bacolod's Bongbong's Finest Delicacies,Lapu-Lapu City
ChIJWabfPSeaqTMR0qjYy7nc3wQ,10.2900719,123.945877,restaurant,BakerStreet,Lapu-Lapu City
ChIJkUBiN3WZqTMRNmdUZSTXSPE,10.3129332,123.9486836,cafe,Basdako Cafe,Lapu-Lapu City
ChIJJWY-z7KZqTMRwQ1Mw7sZP2I,10.3298125,123.94322,restaurant,Bebong's Cakes and Pastries,Lapu-Lapu City
ChIJeerW-cKZqTMRcne6rcRWTQc,10.3108117,123.9612702,restaurant,Bellyciously Delicious Mr. Liempo,Lapu-Lapu City
ChIJcUByD-mZqTMRpnXLrOhr3RM,10.3061596,123.9602812,restaurant,Best Brew,Lapu-Lapu City
ChIJ3Q-PjG2ZqTMRkgGPwzEuf3E,10.3120113,123.9181856,restaurant,Bo's Coffee (Fiesta Strip),Lapu-Lapu City
ChIJJ0XSOGOXqTMR45BfGNsqKU4,10.315631,123.979044,restaurant,Bo's Coffee (Mactan),Lapu-Lapu City
ChIJ7R7bMKmZqTMRg8qHC3C-pSA,10.3254178,123.9340964,restaurant,Bo's Coffee (Parkmall),Lapu-Lapu City
ChIJxZVwDe-ZqTMROe5uoNq1A6g,10.3023152,123.9623145,restaurant,Bo's Coffee (Pueblo Verde),Lapu-Lapu City
ChIJ7f2HbF2XqTMRmcS332z6Tco,10.3051871,123.9843803,restaurant,Bo's Coffee (SM Consolacion),Lapu-Lapu City
ChIJ6xMYNQCbqTMRxTNswchro7U,10.2872747,123.968717,restaurant,Bo’s Coffee (Basak Market),Lapu-Lapu City
ChIJq9sPja2ZqTMRmS_erdbXGrI,10.327183,123.940978,restaurant,Bread Cottage,Lapu-Lapu City
ChIJmxDjCG2ZqTMRQX34aAdbDik,10.3124322,123.9191756,restaurant,BreadTalk,Lapu-Lapu City
ChIJ9YbDKaqZqTMRdt49oPZl4ZM,10.3268902,123.9327309,restaurant,Buffet 101,Lapu-Lapu City
ChIJJynwsRyRqTMRlJVO34PfZo4,10.2821566,123.9990428,restaurant,Buko Seaside bar and Restaurant,Lapu-Lapu City
ChIJJ6vdTQCZqTMRaa5hcvUNW_8,10.3136542,123.9500011,restaurant,CA PE KA,Lapu-Lapu City
ChIJwcBxqCyZqTMRxuxDvpQEYZE,10.3263259,123.9326474,cafe,CAP Daily Cafe - Mandaue,Lapu-Lapu City
ChIJ-xs53G2ZqTMRFsyZ8r1p1Ns,10.3097778,123.9176463,restaurant,CNT Lechon - SM Cebu Across,Lapu-Lapu City
ChIJtQwPoJ6XqTMRTb-CyrXlfpQ,10.3074498,124.0095137,restaurant,CRACKIN' CRAB CEBU,Lapu-Lapu City
ChIJU-08vm2ZqTMRXNE7HOcdZqg,10.3117493,123.9194676,restaurant,Cabalen,Lapu-Lapu City
ChIJAxPWL7eXqTMRnAmytLofdiU,10.3099535,124.0231901,restaurant,Cabana Restaurant,Lapu-Lapu City
ChIJSbLtbwCbqTMRvHVfBPliTmg,10.2858047,123.9698808,cafe,Cafe Mafia Lapu-Lapu,Lapu-Lapu City
ChIJGa3hnKmZqTMRm1B9QgnCEgE,10.326121,123.9330044,cafe,Cafe Namoo,Lapu-Lapu City
ChIJey5ACjaXqTMRdcAXeiMkqjQ,10.2858849,123.9980195,cafe,Cafe Point Roasters Cafe,Lapu-Lapu City
ChIJf9OUTb6ZqTMRQeHHq9JIl1s,10.3121123,123.9496547,cafe,Cafe ROQ,Lapu-Lapu City
ChIJF3ACXT2XqTMR3JW7Cvc-Jd0,10.2938295,123.9982891,cafe,Cafe Soom,Lapu-Lapu City
ChIJHZtQhO-ZqTMRgF6gn8WR2nU,10.3011839,123.9632449,cafe,Cafe Talk,Lapu-Lapu City
ChIJG5Flxa6ZqTMRtgQZxhwkyXc,10.3248354,123.9366963,cafe,Cafe bai,Lapu-Lapu City
ChIJ4Q7TsA0GqTMRvsP02XWi7G4,10.3259309,123.9776119,cafe,Cafe de France Bakeshop Inc.,Lapu-Lapu City
ChIJE8Ywd22ZqTMRi-DvGhBNoFo,10.312254,123.917981,restaurant,Cakes R' Us,Lapu-Lapu City
ChIJ5z-JCqmZqTMRPVmylCqrVHY,10.3256971,123.9335595,restaurant,Cebu's Original Lechon Belly,Lapu-Lapu City
ChIJI-EScZyXqTMRiI3LKO-6ePU,10.3157029,123.9790861,restaurant,Cebu's Original Lechon Belly,Lapu-Lapu City
ChIJUaGAIcGZqTMRApyP5NOp9mI,10.312851,123.955312,restaurant,Cebu's Original Lechon Belly,Lapu-Lapu City
ChIJdQzpef6cqTMRxoaoH9uauWw,10.2977919,123.9810806,restaurant,Chef Ro-J Cuisine,Lapu-Lapu City
ChIJvc2J2xWZqTMRmSuKGFVRIco,10.3236018,123.9538069,restaurant,Cherry Store,Lapu-Lapu City
ChIJq68JEKmZqTMRV5Eyg9vS1mU,10.324897,123.933941,restaurant,Chewy Junior,Lapu-Lapu City
ChIJcy6RC6mZqTMRMmqxYFEuBZs,10.3258532,123.9341005,restaurant,Chika-an Cebuano Kitchen - Parkmall,Lapu-Lapu City
ChIJ7VJbHZWZqTMR0PzuNd4VOu0,10.3129767,123.9554421,cafe,Chikowo Cafe,Lapu-Lapu City
ChIJAa1ROKmZqTMR2ckEgd-4Tyc,10.325227,123.935139,restaurant,Choobi Choobi,Lapu-Lapu City
ChIJY-g0Gu-ZqTMRNEpAEoBNgR8,10.3025401,123.9615891,restaurant,Choobi Choobi,Lapu-Lapu City
ChIJKec2R8WZqTMRU262wl8va7Q,10.3170196,123.9630803,restaurant,Chowking Gaisano Mactan,Lapu-Lapu City
ChIJ8-wUI76ZqTMR-ghxtcf4QQU,10.310975,123.9488265,restaurant,Christopher store,Lapu-Lapu City
ChIJX6VkJACXqTMRi1XraH3nI2E,10.3104602,124.0220977,restaurant,Coco Cebu Restaurant,Lapu-Lapu City
ChIJjbPVQCiXqTMRCxiD3QPC38g,10.3041875,124.0074375,cafe,Cocolicious Cafe,Lapu-Lapu City
ChIJrUA8OmOXqTMRbVe0hybQkMs,10.3161939,123.9793879,restaurant,Coffee Dream,Lapu-Lapu City
ChIJo7STAJmZqTMRSAs9YaR1aQc,10.3249406,123.9484835,restaurant,Coffee Postal Express 6014,Lapu-Lapu City
ChIJXXKS3ICZqTMRQvJu6r7EBr0,10.3127985,123.958102,restaurant,Coffee Shop,Lapu-Lapu City
ChIJV_xxcgCZqTMRZaf_gmBa2sI,10.321328,123.9341772,restaurant,Coffee Spot,Lapu-Lapu City
ChIJCWLI9H-XqTMRFi4bg7qI2ZI,10.3263938,123.9761934,restaurant,CookPub - Cebu Mactan 쿡펍 막탄점,Lapu-Lapu City
ChIJMVkhKaSZqTMRNZ29yoXEtm0,10.3107897,123.948029,restaurant,Corner Store,Lapu-Lapu City
ChIJ2aQvC-KWqTMR5I3oWKMBi_4,10.3059546,124.0211489,restaurant,"Cowrie Cove at Shangri-La Mactan, Cebu",Lapu-Lapu City
ChIJ-TuqcLaZqTMRpbhA7Rsfw3M,10.3243565,123.9506168,restaurant,Daisy Convenience Store,Lapu-Lapu City
ChIJQ6ph1zCZqTMR5fn_WqfYRw0,10.3128158,123.9514014,cafe,Dayun Cafe,Lapu-Lapu City
ChIJb4TcJ1qXqTMRiHBq7vdPH4Y,10.3199996,124.0361392,restaurant,Dip (Nikkei Restaurant),Lapu-Lapu City
ChIJB3BVqxCZqTMRbKBR_BmWHuQ,10.3235461,123.931985,restaurant,Dr. Coffee - JamesTown,Lapu-Lapu City
ChIJCbj-g3-XqTMRutCn68Wwzwo,10.3258809,123.9776145,restaurant,Dunkin Donuts,Lapu-Lapu City
ChIJ7xV1ku-ZqTMRe-R4RjVOT7I,10.3006869,123.9633351,restaurant,Dunkin',Lapu-Lapu City
ChIJczjkwL-ZqTMR9yK7DXvLSDk,10.3112809,123.951075,restaurant,Dunkin' Donuts,Lapu-Lapu City
ChIJLfkxU2GXqTMR9mcVNcCfRqY,10.3161526,123.9793584,restaurant,Dunkin' Donuts| MCIA Departure,Lapu-Lapu City
ChIJjbuWlW2ZqTMR4RqmlN-HRGo,10.3114254,123.9175452,restaurant,Dunkin'donuts SM City Cebu,Lapu-Lapu City
ChIJtfJSEpOZqTMRwpxDEPGsInk,10.3070641,123.9522407,restaurant,EA STORE,Lapu-Lapu City
ChIJVRPidCyRqTMRX-zeKNyniY8,10.2824326,123.9973789,restaurant,ENCANTO RESTO BAR,Lapu-Lapu City
ChIJ1zL1cQCZqTMRyYhTJfiL9f4,10.3111391,123.9569894,restaurant,Edna Store,Lapu-Lapu City
ChIJtbaaRQCZqTMRCceOcr3a8I0,10.3109625,123.9497344,restaurant,Edwin Perodes Store,Lapu-Lapu City
ChIJa6thCYqZqTMR05fd3ay1R_k,10.3213673,123.9340869,restaurant,Elevate Coffee,Lapu-Lapu City
ChIJzcMz4-6ZqTMR7vOqlq-3R-U,10.3024964,123.9608592,restaurant,Eloisa Royal Suites,Lapu-Lapu City
ChIJiaFIt7-ZqTMRbjb9Ev2JltE,10.3116866,123.9505159,restaurant,FRY8 Corndog Food and Beverage Stall,Lapu-Lapu City
ChIJL4qxDe-ZqTMR4zoc-adPNvk,10.3021007,123.9622528,restaurant,Famous Belgian,Lapu-Lapu City
ChIJGU4TEKmZqTMRKZXasjSY1Cg,10.32494,123.9339699,restaurant,Famous Belgian Waffles,Lapu-Lapu City
ChIJj-pnZQCbqTMRRitIox0k0wU,10.2901476,123.945189,restaurant,Fika Brew Coffee House,Lapu-Lapu City
ChIJYzmDNciXqTMR9iO0I5VcA-w,10.3049907,123.9875441,restaurant,Flavour Coffee Station,Lapu-Lapu City
ChIJVej2LgCZqTMRD2xyJYOhn2k,10.3111421,123.9589512,restaurant,GDC Store,Lapu-Lapu City
ChIJie2TGTGZqTMR1tJYEqxAKoo,10.3140592,123.9518266,restaurant,Gabrielle Store,Lapu-Lapu City
ChIJqaBjb22ZqTMRkEy3GVCgQw0,10.3104775,123.9187097,restaurant,Gelatissimo - SM City Cebu,Lapu-Lapu City
ChIJMwbEbkyXqTMRjWOexkbVtA4,10.2916263,123.9985928,restaurant,Gold Mango Grill & Restaurant,Lapu-Lapu City
ChIJ00_rK76ZqTMRfHbmIqMDk3k,10.3106119,123.949652,restaurant,Goldilocks,Lapu-Lapu City
ChIJYdwj4MCZqTMRnwUjzCvSrdY,10.313207,123.955467,restaurant,Goldilocks,Lapu-Lapu City
ChIJiw-vgwGaqTMR2Ad1r95yV5k,10.286462,123.9699199,restaurant,Goldilocks,Lapu-Lapu City
ChIJx48Q97-ZqTMR1eCu4P4Kg8M,10.310748,123.952472,restaurant,Goldilocks,Lapu-Lapu City
ChIJy6FIaqmZqTMRj4uqAtIip-k,10.325233,123.9343235,restaurant,Goldilocks,Lapu-Lapu City
ChIJp0AUOMWZqTMRrX76szBSX4A,10.3172804,123.9626289,restaurant,Goldilocks Bakeshop - Gaisano Mactan,Lapu-Lapu City
ChIJlXpeEqmZqTMRfFYkNXJTpos,10.32532,123.93398,restaurant,Goto King,Lapu-Lapu City
ChIJkVUYoN2ZqTMRyDxybB-lJnU,10.3132479,123.9491331,restaurant,Grainsmart Café Opon,Lapu-Lapu City
ChIJ9cxWIACZqTMRJz71j3oHwuo,10.3114191,123.9178164,restaurant,Halo-Halo Story (SM City Cebu Branch),Lapu-Lapu City
ChIJWUPKA0KZqTMRmHl4BnEIRXA,10.320954,123.9219571,restaurant,Handuraw Pizza Mandaue,Lapu-Lapu City
ChIJOUHXX_KXqTMR3rq5NuT30wk,10.3240978,123.9777818,restaurant,Hollys Coffee,Lapu-Lapu City
ChIJQcp0hBmXqTMRFcsQp201ihY,10.3285045,123.9767804,restaurant,Hungry Steak,Lapu-Lapu City
ChIJvdU67wGZqTMRNNER1PsLlnU,10.3106065,123.9530609,restaurant,Hybrid Coffee,Lapu-Lapu City
ChIJG_IjMgCZqTMRdDL1lp53d-o,10.309405,123.9504656,cafe,Isla del Cafe Lapulapu,Lapu-Lapu City
ChIJ1R7vj22ZqTMRHW6v8rrSO6Y,10.310984,123.918601,restaurant,J.CO Donuts & Coffee,Lapu-Lapu City
ChIJH0_8q9aZqTMRluNg6YztK_g,10.3221917,123.9697385,restaurant,Jalslee's Grill,Lapu-Lapu City
ChIJIdhse2qZqTMR9LSaI5x5HXo,10.3107897,123.948029,restaurant,Jlay sarisari store,Lapu-Lapu City
ChIJK9kRg5WZqTMRtY-sAF53KxY,10.3100611,123.9499804,restaurant,Jollibee,Lapu-Lapu City
ChIJl-oN-guZqTMR7ANJrQSCyS4,10.3199469,123.9263512,restaurant,Jollibee,Lapu-Lapu City
ChIJNU6dMKmZqTMRGwJnGug1y6g,10.3248841,123.9352709,restaurant,Jollibee – Parkmall,Lapu-Lapu City
ChIJu2KvRKuZqTMRPTZHspc8UK8,10.3113179,123.9612173,restaurant,JollyMart Convenience Store,Lapu-Lapu City
ChIJHRNfCamZqTMRIWYPptAka3M,10.3247248,123.934769,restaurant,Joven's Grill & Seafood,Lapu-Lapu City
ChIJcYTLLb6ZqTMRTXLDCpC4yzI,10.310787,123.9495876,restaurant,"Julie's Bakeshop S.Osmena, Lapulapu",Lapu-Lapu City
ChIJ3y0GPJCZqTMRRoqHrqBjg8I,10.306403,123.9449182,restaurant,KM's Sari-Sari Store,Lapu-Lapu City
ChIJr7wzNX-ZqTMRnuCQny9UxWg,10.3093496,123.9562763,restaurant,Kaniz Convenience Store,Lapu-Lapu City
ChIJ_95jJtKZqTMRGIyYttjs7Os,10.3263125,123.9330625,restaurant,Kape Tano,Lapu-Lapu City
ChIJfyFMLEWXqTMRPP474Qww1l4,10.2904019,123.9986375,cafe,Kemi cafe,Lapu-Lapu City
ChIJHVOMebGZqTMRa8r_KYrqva4,10.324978,123.944551,restaurant,Kingston 12 Next Level,Lapu-Lapu City
ChIJX5FMfm2ZqTMR3HizFLpRZLA,10.3106209,123.9187197,restaurant,Krispy Kreme Doughnuts,Lapu-Lapu City
ChIJuXx8A8aZqTMRdImOO6Hd0Js,10.2816039,123.9926748,restaurant,Kumedor,Lapu-Lapu City
ChIJU12iVkCZqTMRZwrlEUT3sUU,10.3156112,123.9268804,restaurant,Kvyn's Coffee Bar,Lapu-Lapu City
ChIJe2eQN-WZqTMR_ynNTIv7RFI,10.3088588,123.9610523,restaurant,L2J's Minimart,Lapu-Lapu City
ChIJZzb0rhmRqTMRjStU67H12a4,10.2830056,123.9932743,restaurant,LIKEALOCALRESTAURANT,Lapu-Lapu City
ChIJXR2AoTWXqTMRxCRmTvFDfq8,10.2864371,123.9983427,restaurant,Labuyo Native Restaurant,Lapu-Lapu City
ChIJd_sxPDiZqTMRuWuCng__3RY,10.308802,123.9468983,cafe,Lala G Cafe & Resto,Lapu-Lapu City
ChIJGxoKRQCZqTMRUIaLKvqIaf8,10.3129311,123.9519778,restaurant,Lapu-Lapu city college,Lapu-Lapu City
ChIJjQ2FYW2ZqTMRSr9S0kN0ckI,10.3128091,123.9189067,restaurant,Leona's Cakes And Pastries,Lapu-Lapu City
ChIJfwP8jbKZqTMRg8CmWSRjfLQ,10.328662,123.942617,restaurant,Ley Lam,Lapu-Lapu City
ChIJsTzmi7KZqTMRYarKTey2f5E,10.3283159,123.942638,restaurant,Life Mart,Lapu-Lapu City
ChIJV3aMNQCZqTMREaNPDTvjFrM,10.3135582,123.960862,restaurant,Lilet's Sari-Sari Store,Lapu-Lapu City
ChIJKe8LYTmZqTMRsx_Aq7cFFwI,10.3255633,123.9328603,restaurant,Linear Coffee Roasters,Lapu-Lapu City
ChIJBf4GFKmZqTMR3_MYURDneAk,10.325182,123.934244,restaurant,Ling Nam Parkmall,Lapu-Lapu City
ChIJTwQhLvOZqTMR4dkTIw4o8E8,10.3107675,123.9512591,restaurant,Logang Pier Milktea,Lapu-Lapu City
ChIJJ8HrqlmXqTMRxDwWl8wRw2k,10.3002223,123.9839328,cafe,M cafe,Lapu-Lapu City
ChIJVfnr5v2ZqTMROmO7zr-w6R8,10.3246984,123.9316007,restaurant,MANIMOGO KOREAN RESTAURANT MANDAUE BRANCH,Lapu-Lapu City
ChIJhe3VcgCZqTMRHBu4EurGnds,10.3209449,123.93282,restaurant,MESHIYA JAPANESE BBQ,Lapu-Lapu City
ChIJBSsY0XSZqTMRSp8C3cxeah4,10.3060842,123.9429631,restaurant,MK Noodles and Cakes,Lapu-Lapu City
ChIJN9eVaACZqTMRAKLEdnnOIRs,10.3096778,123.9481777,cafe,MNLS CRAVING CAFE,Lapu-Lapu City
ChIJhZnZyHaZqTMRYIaVHzHWLgw,10.3126525,123.9514807,restaurant,MR. NOSEY BAKESHOP,Lapu-Lapu City
ChIJMU-Qa8qZqTMRfVUfwN57bxc,10.3257327,123.9538063,restaurant,Magic Siomai Station,Lapu-Lapu City
ChIJ4SGiWNCZqTMR-lVkd-MkqPs,10.3099657,123.9482333,restaurant,Maldough's Corner,Lapu-Lapu City
ChIJPbL4KwCZqTMRA5opmqlII8M,10.3125295,123.9196494,restaurant,Manam SM City Cebu,Lapu-Lapu City
ChIJmyfdP6mZqTMRvRwsUEMZnNo,10.325112,123.9344337,restaurant,Mang Inasal,Lapu-Lapu City
ChIJzSpPibKZqTMRu2zzrimEoVc,10.3283425,123.942714,restaurant,Mang Inasal,Lapu-Lapu City
ChIJiQ64VZKZqTMRF-akr9eBSJg,10.3109239,123.9509685,restaurant,Maoni Coffee and Massage Spa,Lapu-Lapu City
ChIJVVVVVQCZqTMR4cyJI02wTgo,10.3247012,123.9366945,restaurant,Marble + Grain Steakhouse,Lapu-Lapu City
ChIJiZSyrl6XqTMRZfSk3VtCBcQ,10.2888731,123.999153,restaurant,Maribago Grill,Lapu-Lapu City
ChIJYUeMa8aXqTMR2F-jtc68bqg,10.3276396,123.9764468,restaurant,Marina Garden Café,Lapu-Lapu City
ChIJkUmcj22ZqTMRwzJJ3i-09YQ,10.310717,123.91792,restaurant,Marina Seafood,Lapu-Lapu City
ChIJr9PzdW2ZqTMRZRo13k3hHag,10.311721,123.918132,restaurant,Max’s Restaurant,Lapu-Lapu City
ChIJFcT__cSZqTMRedpXT7RFGvY,10.3167672,123.9620843,restaurant,McDonald's,Lapu-Lapu City
ChIJN1Zx0aeZqTMRsI_pvXAgpf8,10.3214813,123.9330021,restaurant,McDonald's Cebu North Reclamation,Lapu-Lapu City
ChIJk_HUCQCZqTMRdJTntXHo6Ug,10.326192,123.9437588,restaurant,Messy Bite Seafood & Grill,Lapu-Lapu City
ChIJY95ypL-ZqTMREZ9A2HMo1Rc,10.312248,123.950927,restaurant,Mini Box Trading,Lapu-Lapu City
ChIJHY64bKmZqTMRMwp_Rnic8sY,10.32532,123.93398,restaurant,Mister Donut,Lapu-Lapu City
ChIJo-mXR7KZqTMRteSzBpPBf0w,10.326839,123.943517,restaurant,Moira's Bakeshop,Lapu-Lapu City
ChIJD-DnAzaXqTMRzs3G_E9lKh0,10.3116943,124.023066,restaurant,Morning Glory Grill,Lapu-Lapu City
ChIJ6UQtgZ2XqTMR8wjvEmfEtPQ,10.3289974,123.9773248,restaurant,Mr. Crab - Cebu Yacht Club,Lapu-Lapu City
ChIJ-Rlic46ZqTMRcu29FBxsLmg,10.2998107,123.9468076,restaurant,Mr. Liempo,Lapu-Lapu City
ChIJqWvC87-ZqTMRRT6v_6fXYnc,10.311015,123.9522629,restaurant,Mr. Liempo,Lapu-Lapu City
ChIJG1Vxku-ZqTMRcCI5MuA9E8Q,10.300543,123.963134,restaurant,Mr. Ngo,Lapu-Lapu City
ChIJy4CpSgCZqTMRIK5hNjsb7oY,10.3128633,123.9514942,restaurant,Mr. Waffles,Lapu-Lapu City
ChIJrZ_ZUeCZqTMR5TJMGuinCpE,10.3092718,123.9611433,restaurant,Namaste,Lapu-Lapu City
ChIJQ53wdL-ZqTMRi-TpbzkYfuI,10.3127548,123.9514539,restaurant,Nanay Belen's Bakeshop,Lapu-Lapu City
ChIJR5kt8r-ZqTMR76N6-HL1-wE,10.3111042,123.9521948,restaurant,Nicey Burger Junction,Lapu-Lapu City
ChIJxXHs-yWXqTMRLhov9qbbNis,10.3048377,124.0043385,restaurant,Nimo Brew,Lapu-Lapu City
ChIJ3UAYegCZqTMRWID7bkk97Oc,10.3250391,123.9502942,restaurant,Norma Flores Store Cambaro Mandaue City,Lapu-Lapu City
ChIJGbqySACZqTMRWCTJ3HQsDCU,10.3108402,123.9630993,restaurant,On What Grounds? OWG Coffee,Lapu-Lapu City
ChIJwedaewCZqTMROQFsbL-rEH0,10.312314,123.9193209,restaurant,Ooma,Lapu-Lapu City
ChIJRZb_E6mZqTMRKhv9WS76Z-g,10.3254089,123.9340109,restaurant,Orange Brutus - Parkmall,Lapu-Lapu City
ChIJoaxwDKmZqTMRb1wODt9yh8Q,10.3257917,123.9342352,restaurant,Persian Kebab Tandoori,Lapu-Lapu City
ChIJs-N8l0GXqTMRXD9GO4jNZgU,10.326413,123.9761448,restaurant,Pho19 - Mactan 포19 막탄점,Lapu-Lapu City
ChIJTWJlrUuYqTMRuXtuhBLwC6U,10.3326178,123.9497919,restaurant,Pizza Pedrico’s Food Corporation - BSC VisMin,Lapu-Lapu City
ChIJ6R0akrKZqTMRBpiTgkEZ2S4,10.3286996,123.9422638,restaurant,Potato Corner,Lapu-Lapu City
ChIJExFvFKmZqTMRu4rHCkjhWfU,10.324897,123.933941,restaurant,Potato Corner,Lapu-Lapu City
ChIJWSjC38CZqTMREZI0ZfaBpss,10.3129255,123.9552058,restaurant,Potato Corner,Lapu-Lapu City
ChIJzwZ6ku-ZqTMRV80aRE_F7Sk,10.300524,123.963133,restaurant,Potato Corner,Lapu-Lapu City
ChIJu_hM7FSZqTMRB0b6gRk7SDY,10.3049746,123.9451505,restaurant,Punay Store,Lapu-Lapu City
ChIJYU8D97-ZqTMRqmPDvAQpNlI,10.3107709,123.952488,restaurant,Purefoods Tender Juicy Hotdog,Lapu-Lapu City
ChIJ80Aj0tiZqTMRV6Mz7bpdvNk,10.3235967,123.9320255,cafe,Quintessential Cafe - Mandaue,Lapu-Lapu City
ChIJ77Q-9EqZqTMROGNg0W14AaE,10.3117365,123.9550095,restaurant,R Balbuena,Lapu-Lapu City
ChIJ01SIp9aZqTMRImfOuc4tFlU,10.3161562,123.9629178,restaurant,Rai-Rai Ken,Lapu-Lapu City
ChIJOZ2adu-ZqTMR9RmMVodXcU4,10.30177,123.962851,restaurant,Ready to Eat,Lapu-Lapu City
ChIJL25WpeOXqTMROJwLXTIeB9o,10.2921239,123.9982817,restaurant,Red Crab Restaurant,Lapu-Lapu City
ChIJ56nE5L-ZqTMRqdtGokfWOus,10.310511,123.951941,restaurant,Red Ribbon,Lapu-Lapu City
ChIJt6I2gwGaqTMREakQKDYux3I,10.2863622,123.9700183,restaurant,Red Ribbon,Lapu-Lapu City
ChIJBwibV36XqTMRDBySw5nkBlI,10.3236986,123.9779985,restaurant,Rico's Lechon,Lapu-Lapu City
ChIJIZh4ArCZqTMRCqNBVXGJOZA,10.3249724,123.9320533,restaurant,Rico's Lechon,Lapu-Lapu City
ChIJJco__PyZqTMR45dkAZPp0V8,10.3121354,123.9503672,restaurant,Rosalie Store,Lapu-Lapu City
ChIJy_BLvHyZqTMRGMlN-nCTM3Y,10.3198198,123.9382572,restaurant,SAKURA by SHIRAISHI of Tokyo,Lapu-Lapu City
ChIJJadmUn2ZqTMRQ_i7wW32oaE,10.3148551,123.9240869,restaurant,SM Hypermarket,Lapu-Lapu City
ChIJAQC0qKmZqTMRLdFbNwyGLTI,10.3250495,123.9330255,restaurant,STREET YARD,Lapu-Lapu City
ChIJEffIAFWZqTMR114WOkQrGEM,10.3107396,123.9190476,restaurant,STREET YARD,Lapu-Lapu City
ChIJ_ZfJbySZqTMRrT38W1PQSRI,10.3250862,123.9318327,restaurant,Samgyupsalamat Mandaue,Lapu-Lapu City
ChIJHbuDz5mZqTMRa6SBepbbG6Q,10.324038,123.945593,restaurant,Samson store,Lapu-Lapu City
ChIJ2VzkOsWZqTMRhs9h8Mv9KWk,10.31672,123.96301,restaurant,Santino's,Lapu-Lapu City
ChIJJ_UPbm2ZqTMRlReKc-8GgxQ,10.312322,123.918238,restaurant,Sbarro,Lapu-Lapu City
ChIJXXz2tNWZqTMRkn3UcDBKe7A,10.3234184,123.9728752,restaurant,Scape Skydeck,Lapu-Lapu City
ChIJ13X0ag2XqTMRgQlb1_xFHJA,10.3284224,123.976191,restaurant,Seafood Boil Grill & Restaurant,Lapu-Lapu City
ChIJ-7xG72CZqTMRCHI9Scv7MPU,10.3275344,123.9460923,restaurant,Seafood Boil Grill & Restaurant - Mandaue,Lapu-Lapu City
ChIJIbRMumyZqTMRLJ5Z3KdI3zM,10.3113293,123.9500862,restaurant,Sebu Cha Opon,Lapu-Lapu City
ChIJ4UHpBtCZqTMRSSsQYNO0YjQ,10.3184642,123.9642039,restaurant,Shamrock Mactan,Lapu-Lapu City
ChIJczMWRgCZqTMRylTScLShQLE,10.3091398,123.9551548,restaurant,Sharon’s Store,Lapu-Lapu City
ChIJ92Kd5dGZqTMRm8pN6FvwTpI,10.3267636,123.9338627,restaurant,Sheche Merchandise Market,Lapu-Lapu City
ChIJYZhXCtWZqTMRHYYSLDEsHPk,10.324395,123.973419,restaurant,Shell,Lapu-Lapu City
ChIJZ386EbWZqTMRnmFKkX6X5Is,10.327994,123.950844,restaurant,Shell,Lapu-Lapu City
ChIJkVsOutWZqTMRIaGs-Kz_JEM,10.3236599,123.9729617,restaurant,Shell,Lapu-Lapu City
ChIJr2yJK-iZqTMRYXL3eTq4A40,10.308636,123.961235,restaurant,Shell,Lapu-Lapu City
ChIJywD7KuiZqTMRn5XpBehoePE,10.308876,123.9612069,restaurant,Shell Select,Lapu-Lapu City
ChIJ1wvGre-ZqTMRVzLi9Typ-L4,10.3012599,123.961348,restaurant,Shop,Lapu-Lapu City
ChIJlRMsq8OZqTMR8R6IwhRBpVs,10.311465,123.960866,restaurant,Shop,Lapu-Lapu City
ChIJlQPPdKmZqTMROuamaEUSlYk,10.3255834,123.9334178,restaurant,Slate District,Lapu-Lapu City
ChIJMXpMAMGZqTMRPJrNYGGdj4c,10.3112175,123.9565291,restaurant,Snack Bar,Lapu-Lapu City
ChIJT6pzpL-ZqTMRW2fznwJeI24,10.312242,123.950929,restaurant,Southwings,Lapu-Lapu City
ChIJt1DepW2ZqTMRLFIIzOTSXKk,10.3115557,123.9194006,restaurant,Starbucks,Lapu-Lapu City
ChIJu6Dbg3KZqTMR9s_yk7UkufE,10.3105282,123.9187763,restaurant,Starbucks,Lapu-Lapu City
ChIJL2Jnn3-XqTMRBKdcSosSzrw,10.325193,123.977541,restaurant,Starbucks Mactan Marina Mall,Lapu-Lapu City
ChIJA3VW-ayXqTMRAJcZxg3yxNQ,10.3055149,124.0061401,restaurant,Steakhouse Casanta Secret Garden,Lapu-Lapu City
ChIJWRpHQIKZqTMRFqUPQUGqkic,10.310776,123.9480943,cafe,Sugar Cafe Lapu-Lapu,Lapu-Lapu City
ChIJvdCAIbOZqTMRQIIC8kza8rc,10.329174,123.944679,restaurant,Sugaryn Cakes,Lapu-Lapu City
ChIJ7xcQOgCZqTMRL9Cu7rowFnU,10.3111127,123.9529094,restaurant,Sugus General Merchandise,Lapu-Lapu City
ChIJlxTpfZWZqTMRj1W4Jg2LO6I,10.3031642,123.947103,restaurant,Summer store,Lapu-Lapu City
ChIJlbdpADaXqTMRwFx0XLIF8G4,10.290321,123.9974123,restaurant,THE MART CEBU,Lapu-Lapu City
ChIJs3j418SZqTMRGC7A-Y3UIk4,10.3160787,123.9630531,cafe,TNTS CAFE & CO.,Lapu-Lapu City
ChIJr547X6eZqTMRjyVB7rIsJl4,10.3069863,123.9448431,restaurant,Tampus Store,Lapu-Lapu City
ChIJL87GVwCZqTMRVQrFQZVxXIM,10.3261765,123.9438261,restaurant,Tamtam Dessert Shop,Lapu-Lapu City
ChIJM1kucW2ZqTMR8hnT6WegVH8,10.311995,123.91834,restaurant,Tapa King,Lapu-Lapu City
ChIJ_S2iO5GZqTMRupz6vA5RihM,10.3053141,123.9452853,restaurant,Tata Ochea Store,Lapu-Lapu City
ChIJFWkSHQCZqTMR06QFKBpGGJI,10.3043376,123.9539223,restaurant,Tejano Store,Lapu-Lapu City
ChIJAQAAcG2ZqTMRFgSGZZxuVhE,10.312196,123.918421,restaurant,Tesoro Marketing Corporation - SM Cebu,Lapu-Lapu City
ChIJr_wyI76ZqTMRF-OVEA-s6zs,10.311072,123.948749,restaurant,Tess Lechon,Lapu-Lapu City
ChIJLatr2BuXqTMR8tQZAqH6ZSk,10.3076979,124.0122353,restaurant,The Civet Coffee Roasters,Lapu-Lapu City
ChIJt1DepW2ZqTMRD494JmP7iQ4,10.3122583,123.919293,restaurant,The Coffee Bean & Tea Leaf,Lapu-Lapu City
ChIJQUWnz2eXqTMRokdRtiJuaJQ,10.3097901,124.0236218,restaurant,The Cove Beach Resto,Lapu-Lapu City
ChIJVZTCHo-RqTMRKpMlC4vv5k8,10.2828146,123.9931381,restaurant,The Crab Seafood & Grill,Lapu-Lapu City
ChIJwbhsFqmZqTMRAHY8Jq2FLMA,10.3250734,123.9344906,restaurant,The Dessert Factory - Parkmall,Lapu-Lapu City
ChIJsxsghW2ZqTMRpQpJk4k04X8,10.3116328,123.917725,restaurant,The French Baker,Lapu-Lapu City
ChIJ7ZrHr6qbqTMR4djiyJMWcNA,10.2711986,123.9688736,restaurant,The Giddy Goat,Lapu-Lapu City
ChIJk6Qd-MKbqTMR8slokOqIHaM,10.2742888,123.9741509,restaurant,The High Grounds Coffee,Lapu-Lapu City
ChIJXTQvwm2RqTMR76KSIJQOYGg,10.2980158,123.977016,cafe,The Not Today Cafe,Lapu-Lapu City
ChIJA01w9S-ZqTMRMI6d5x3sXdI,10.3189822,123.9651652,cafe,The Public Cafe,Lapu-Lapu City
ChIJ-3EENm6ZqTMR3pm3UD03Hq8,10.307228,123.9178747,cafe,The Recess Cafe & Resto,Lapu-Lapu City
ChIJoRmWwECZqTMRyj2ppHzyLmM,10.3107715,123.9642286,cafe,Tons Cafe,Lapu-Lapu City
ChIJVZ2RnBCZqTMRRmiFCaRoqFM,10.3112456,123.9491818,restaurant,Tony's Lechon,Lapu-Lapu City
ChIJhxyRaN-ZqTMRhBeleuCE5Ak,10.3137175,123.9587782,restaurant,Tri-C Mart,Lapu-Lapu City
ChIJnc_FfxeZqTMR-TzHXGqZ0f4,10.3061719,123.9434292,restaurant,Triple E Store,Lapu-Lapu City
ChIJ6XmQEqmZqTMRK6G5QAEsm1U,10.3253878,123.9339291,restaurant,Turks Cebu,Lapu-Lapu City
ChIJNQKBawCZqTMRsykCVWVpHYM,10.3113232,123.9541297,restaurant,Twenty911,Lapu-Lapu City
ChIJrRFWVX6XqTMRBC-zQPUXFIk,10.2934822,123.9886653,cafe,UkeHub Cafe,Lapu-Lapu City
ChIJ9wYBTGOXqTMR3g2AZz58plQ,10.3161724,123.9795434,restaurant,Ulli's Streets of Asia - MCIA Domestic Terminal,Lapu-Lapu City
ChIJgy0GHACZqTMR8yp_zDStdDY,10.3283353,123.9442171,restaurant,Uncle Brew Prime,Lapu-Lapu City
ChIJ2fGoqKmZqTMRFo2vcS8uV5c,10.3250692,123.9329206,restaurant,Uncle John's - Parkmall,Lapu-Lapu City
ChIJ70v0wL-ZqTMRoUX8yrpvC4M,10.3111409,123.9514125,restaurant,Unitop,Lapu-Lapu City
ChIJd6Cau8GZqTMRh6WdPt5MUTI,10.3111785,123.9564876,restaurant,Ur So Pre Tea,Lapu-Lapu City
ChIJafWgXU2ZqTMRK4dTP_Iacnw,10.3129604,123.9487332,cafe,UrbanCafe Lapu Lapu,Lapu-Lapu City
ChIJaxN2FKmZqTMRkwc-xICJt8E,10.3256873,123.9347599,restaurant,Veranda,Lapu-Lapu City
ChIJoSK8LBmZqTMRmDCCFg7_J_s,10.3105899,123.9522842,restaurant,Vita bella coffee and tea shop,Lapu-Lapu City
ChIJmwaCfgCZqTMRRvz198ZBXu8,10.3118796,123.9502088,restaurant,Waffle Joy (Waffles @39),Lapu-Lapu City
ChIJ6945krKZqTMR3-nsY-2jbQ0,10.328788,123.942669,restaurant,Waffle Time,Lapu-Lapu City
ChIJ9fjDa8qZqTMRfJcghivk_NI,10.3257763,123.9538644,restaurant,Waffle Time,Lapu-Lapu City
ChIJq68JEKmZqTMR5j_qSq515XM,10.324897,123.933941,restaurant,Waffle Time,Lapu-Lapu City
ChIJNZXxwL-ZqTMRoKYgAr9Cm1A,10.312551,123.951393,restaurant,Waffle Time Sosyoland,Lapu-Lapu City
ChIJB4QKeL2ZqTMRWImWaSnXlyY,10.3250609,123.936862,restaurant,Wallstreet Coffee + Bar,Lapu-Lapu City
ChIJ0e5BVQCZqTMR_gfO_CR3jWg,10.3109656,123.9500961,restaurant,Wasted Barista,Lapu-Lapu City
ChIJl1xjj3yRqTMRjtOQ9HPRBlc,10.2725936,123.9770757,cafe,Wave Cafe,Lapu-Lapu City
ChIJF6Or-eaZqTMRP6gQTY9BZDw,10.3171769,123.9554573,restaurant,Wilfredo Store,Lapu-Lapu City
ChIJvzzDVgCZqTMR0-nPRsAfH-E,10.3127527,123.9180096,restaurant,Wolfgang's Steakhouse Grill - Cebu City,Lapu-Lapu City
ChIJ10nfQ6mZqTMRpoDcZsWZRb8,10.3258787,123.9350688,restaurant,YO!Latino Restobar,Lapu-Lapu City
ChIJq_o8T8yXqTMRBHHRJLyvKcc,10.3242106,123.9776559,restaurant,Yega Restaurant,Lapu-Lapu City
ChIJC81jnCuZqTMRIUiCQ0gjFX4,10.3134907,123.9504468,restaurant,Yen-yen Store,Lapu-Lapu City
ChIJ26hkPsWZqTMR0DRjhjJfwa0,10.317247,123.962981,restaurant,Zagu,Lapu-Lapu City
ChIJYzwtZ36ZqTMRkSCa8FcPMPQ,10.3078896,123.9459108,restaurant,Zeñaby,Lapu-Lapu City
ChIJ59UGeuORqTMRHFKWJ_olAkk,10.2844788,123.9949271,cafe,a-cafe,Lapu-Lapu City
ChIJE87jq4-ZqTMRCf31xIipfYE,10.3071923,123.9521066,cafe,mhyz cafe,Lapu-Lapu City
ChIJLTEH8GSZqTMR9sLLtuG-6-U,10.3108168,123.9494266,restaurant,uncle brew poblacion lapu lapu city,Lapu-Lapu City
ChIJ_bYsWleYqTMRRaHZX3sl2Hc,10.3407787,123.9351028,restaurant,032 Ngohiong House,Mandaue City
ChIJ_yeZerKZqTMRkfL9hegEhKg,10.360727,123.9277306,restaurant,24SEVEN STOP CONVENIENCE STORE,Mandaue City
ChIJ3SHqx_qYqTMRs8OH0ZcfleE,10.3420139,123.9203635,convenience_store,7-Eleven,Mandaue City
ChIJ4Z70JQWZqTMRG10hNE2UEHA,10.3254141,123.9196122,convenience_store,7-Eleven,Mandaue City
ChIJ5Uy7qXiiqTMRD7pnUDnPJlU,10.3713741,123.9243752,convenience_store,7-Eleven,Mandaue City
ChIJ9wNNIQCZqTMRzwjPGhuwQS0,10.3490748,123.9131746,convenience_store,7-Eleven,Mandaue City
ChIJG4PM7V-jqTMRW0skzZnucrk,10.3859553,123.9214401,convenience_store,7-Eleven,Mandaue City
ChIJHUVz0fWYqTMRsmByn29ds3w,10.347184,123.9279589,convenience_store,7-Eleven,Mandaue City
ChIJLREggPmYqTMRXtOoyg1HiUM,10.3398201,123.924909,convenience_store,7-Eleven,Mandaue City
ChIJM4OyAACZqTMRwSy6Xon1O-c,10.3411304,123.9082514,convenience_store,7-Eleven,Mandaue City
ChIJRcpDL4uZqTMRqC31Y_GCvq0,10.3565257,123.9502234,convenience_store,7-Eleven,Mandaue City
ChIJU3O_-DCZqTMRpyb3ADk_A1c,10.3423864,123.9334987,convenience_store,7-Eleven,Mandaue City
ChIJr7L2-qqZqTMRH0im-gAFcCI,10.3297618,123.9325951,convenience_store,7-Eleven,Mandaue City
ChIJx6kq8QaZqTMRrxrc7dCKEE8,10.325341,123.926779,convenience_store,7-Eleven,Mandaue City
ChIJP5OJdGqYqTMRh_0ktf54juk,10.3493062,123.9486962,restaurant,8 In 1 Food Concept,Mandaue City
ChIJgYBBcPmYqTMRMtWnzHw2FvA,10.3392349,123.9256166,restaurant,888 CONVENIENCE STORE,Mandaue City
ChIJ3QmLC_CYqTMRBsTcRcBcX8c,10.3430655,123.9203886,restaurant,Abcd Convenience Store,Mandaue City
ChIJn4_bEGaZqTMRlAM0RiVkPQg,10.3354536,123.9449133,restaurant,All Seasons Buffet Mandaue City,Mandaue City
ChIJl9WlVACZqTMRnBVpPlNmxww,10.3408539,123.9263663,restaurant,Amber store,Mandaue City
ChIJwfcw3UmYqTMRsjFB-ADEcDo,10.3343691,123.9511476,restaurant,Amosup Slop Chest,Mandaue City
ChIJb8rhQEaYqTMR_6iUZTlhp5k,10.3407561,123.9487711,restaurant,Andy's Crunchicken - Pacific Mall,Mandaue City
ChIJBaZB3PWYqTMRvkFDRM2rD6Y,10.3469384,123.9288631,restaurant,Anita's Bakeshop - Cabancalan Mandaue Branch,Mandaue City
ChIJsUYNLOaYqTMRnKIv-vNQQTM,10.3434261,123.9112988,restaurant,Antica Osteria,Mandaue City
ChIJ1yYzAeaYqTMRfxYskNHZ8jc,10.3433065,123.9134197,restaurant,Arbee's Bakeshop,Mandaue City
ChIJCyrNHU6YqTMRGmoP0C8kpVo,10.3363351,123.9417128,restaurant,Arbee's Bakeshop,Mandaue City
ChIJWT1fZwKZqTMRrBY-zWwrchw,10.331685,123.922453,restaurant,Arbee's Bakeshop,Mandaue City
ChIJAQQjguuYqTMRk4p9iIOULmI,10.3508038,123.9133934,restaurant,Assi Mart,Mandaue City
ChIJc2jHuBCZqTMRxdJrDWP4Gr4,10.3372327,123.9305254,restaurant,B Mart Cebu,Mandaue City
ChIJdevtBVWZqTMRrG8BeYQj7lc,10.3382746,123.9287179,restaurant,BOCA,Mandaue City
ChIJ37vnJQCZqTMRYw31cGSIMz0,10.3374867,123.9204853,restaurant,BONI STORE,Mandaue City
ChIJdR0VPuiYqTMRGntBcfno1FE,10.3455167,123.9093316,restaurant,Bake & More,Mandaue City
ChIJL5FjbuWYqTMRVo5d3AZRqPI,10.3421572,123.9172711,cafe,Balai Brunch by Cafeplus Coffee,Mandaue City
ChIJa0QBtquZqTMRN0F5nTXTZU4,10.3279748,123.9335908,restaurant,Bea's Bread Basket,Mandaue City
ChIJby8JlJCYqTMRm-KxFzUQGXo,10.3413193,123.9124631,restaurant,Bo's Coffee (Banilad Town Center),Mandaue City
ChIJEzLjMFSYqTMRQrohe2wjKDU,10.3351488,123.9331329,restaurant,Bo's Coffee (J Mall),Mandaue City
ChIJdfrJOOWYqTMRaX32HKG7bf8,10.3431875,123.9128125,restaurant,BonDawon restaurant,Mandaue City
ChIJcVqKo_yYqTMRCYClkHXRnqc,10.3376085,123.9203072,restaurant,Bossings Store,Mandaue City
ChIJwQX3TpGZqTMRFz0PdfLnTwg,10.3331739,123.9444526,cafe,"Brewed Delights Cafe - Mandaue North, Cebu",Mandaue City
ChIJsxd45TuYqTMRiY_H7RE7T0o,10.342545,123.9591868,restaurant,Butter B's Bakeshop,Mandaue City
ChIJixHfCn-YqTMRXCRvTtmRZEU,10.368917,123.9332695,restaurant,C's Best Litson Manok & Liempo,Mandaue City
ChIJB_rHckaYqTMRBj6g6qigrWs,10.3405616,123.9481395,restaurant,CK Pacific Mall Mandaue,Mandaue City
ChIJt4M_QaSZqTMRBiQGRqfMlHY,10.3261428,123.9186617,restaurant,COLLAB CEBU,Mandaue City
ChIJtY-6ax-ZqTMRzwQxMXjYK40,10.3413143,123.920058,cafe,Cafe Elim,Mandaue City
ChIJ5Vx81eCYqTMRkMlXhxznjzU,10.3392726,123.9109897,cafe,Cafe Talk,Mandaue City
ChIJBdBzgeuYqTMR1uHuW5lkhz8,10.350722,123.9134303,restaurant,Calda Pizza,Mandaue City
ChIJiWZ71h-9qTMRakhxaW6fT8I,10.3495688,123.9487624,restaurant,Cebu's Original Lechon Belly,Mandaue City
ChIJ7ZyI85CYqTMRHjKbWnjNDR4,10.3704408,123.9251408,cafe,Celso's Crib Cafe,Mandaue City
ChIJfTHopK6ZqTMRsNGJpD-lp88,10.3418799,123.9307706,restaurant,Celyn Store,Mandaue City
ChIJFR0RyuWZqTMRTMPhzOgD4_o,10.3605988,123.9437797,restaurant,Chai’s Tasty Lechon - Cebu,Mandaue City
ChIJ90vV4PiYqTMR3d0FSJPRpGw,10.3386182,123.9280567,cafe,Chef's Table Cafe (Mandaue Branch),Mandaue City
ChIJuc6Npv6ZqTMRQ49spm8W7Cc,10.3408965,123.9121234,restaurant,CheongDamBTC,Mandaue City
ChIJb2r1Nj6YqTMRGe-R0J09-go,10.3471662,123.9558931,restaurant,Chooks To Go,Mandaue City
ChIJU3iAV8iZqTMRQ7QLcQy1rnY,10.3309406,123.9367066,restaurant,Coco + Maco Patisserie,Mandaue City
ChIJhZq-BuaYqTMR-tWAJtoB-mE,10.3431876,123.9137546,restaurant,Coffee Factory Main,Mandaue City
ChIJGbAFwmaZqTMR5nvTJ5-97pQ,10.3301432,123.9340041,restaurant,"Coffee Spot - Guizo, Mandaue City",Mandaue City
ChIJ-aD2dwCZqTMRXeKeEHYHmxw,10.3418738,123.9181238,restaurant,Commonly Uncommon Coffee,Mandaue City
ChIJF5ewEACZqTMRcv1gYrXpIUo,10.3423391,123.9111337,restaurant,Convenience Store @ The Almonds,Mandaue City
ChIJpZ2bsXWjqTMRYDRMq0UpK_I,10.3864627,123.9213399,restaurant,Coolers Delight Halo Halo,Mandaue City
ChIJT3ewlPaYqTMR6xk7Tu49qYE,10.3457167,123.9265139,restaurant,Cristina 'Tinay' Store,Mandaue City
ChIJHRWGckaYqTMRNd8uWy8i75k,10.3408377,123.9478549,restaurant,Dimsum Break,Mandaue City
ChIJRQu4yXiYqTMRwxlM5VHNSyk,10.3684649,123.9364028,restaurant,Din's Lechon,Mandaue City
ChIJFzAxWleYqTMRaUQmpXHBYsc,10.3443223,123.9317833,restaurant,Don Benito's,Mandaue City
ChIJ-xTmMEiZqTMRydicA6UR5wo,10.3504287,123.9489008,restaurant,Doppio Coffee,Mandaue City
ChIJ6Rr6azmZqTMRXXHnRd_P14c,10.34568,123.9123504,restaurant,Dosage Coffee,Mandaue City
ChIJ0WI_PuiYqTMR5nj52agGfJY,10.3455797,123.909282,restaurant,Drip And Draft,Mandaue City
ChIJm9I50OaYqTMRgkIbANiqKvg,10.3394518,123.9110941,restaurant,Dunkin Donuts,Mandaue City
ChIJffemU0GYqTMRQEHqOZOKs1w,10.3500735,123.9487135,restaurant,Dunkin' - Insular Square,Mandaue City
ChIJhbM8MZqYqTMR8s20rDKLDME,10.3649274,123.9145639,restaurant,Eli's Lechon Cebu,Mandaue City
ChIJw5huMkOZqTMRqLOrx7IhT7g,10.3339272,123.9449298,restaurant,Eliz Grill,Mandaue City
ChIJNVbIr7SZqTMRfUYz2s0ODWI,10.3432043,123.914176,restaurant,Enjoy Venti,Mandaue City
ChIJp7NttGyZqTMRYG-rs-UQdJI,10.3655583,123.938004,restaurant,Equilibrium Intertrade Corporation,Mandaue City
ChIJTdwJFwCZqTMRxd_UajWvYzQ,10.3350185,123.9337825,restaurant,Ettas Cucina + Bar - JMall,Mandaue City
ChIJOf2yKQCZqTMRHw_JIBMVGfE,10.343354,123.9291213,restaurant,FABS MiniMart,Mandaue City
ChIJS_CU9uuYqTMRjAC7JXNAE94,10.3492868,123.9134238,restaurant,FC-BANILAD,Mandaue City
ChIJcxM8b-WYqTMRIoZsYNPqUrU,10.342483,123.9174273,restaurant,Fat Dois,Mandaue City
ChIJEfwU2OaYqTMRao0N40L9AYs,10.3371638,123.9305969,restaurant,GALBI KING,Mandaue City
ChIJb2mwdeiYqTMRm2VEHNVq8Uc,10.3441934,123.909768,restaurant,Giuseppe Pizzeria & Sicilian Roast,Mandaue City
ChIJ1ZTFEkaYqTMRvv-6OgsbF9A,10.3407063,123.9480027,restaurant,Goldilocks,Mandaue City
ChIJEfhq0uaYqTMRuZLdXixeEbQ,10.3394121,123.9111446,restaurant,Goldilocks,Mandaue City
ChIJQVpjiVGYqTMRD21B6FZxv8g,10.3353134,123.9397133,restaurant,Goldilocks,Mandaue City
ChIJxX4dMVSYqTMRIz8vXxiGohk,10.3355301,123.9337129,restaurant,Goldilocks,Mandaue City
ChIJeZFTzvqYqTMRpGhym9FbgQ8,10.3411111,123.9197222,restaurant,HAMAKAZE Ramen,Mandaue City
ChIJIRsfqT-ZqTMRBn5tuGh6E2I,10.3690885,123.9414748,restaurant,Halo-Halo Central,Mandaue City
ChIJD5d-bQCZqTMRqFQsrwTVPmc,10.3351105,123.9450898,restaurant,Hapon Coffee,Mandaue City
ChIJY8H4LGyYqTMRmljXixJSECo,10.3562849,123.9479758,restaurant,Happy - Haus,Mandaue City
ChIJYRgCXwCZqTMRu5MV6LVN3UU,10.3272738,123.9149933,restaurant,Happy Coffee,Mandaue City
ChIJ5bv3rJmZqTMRRKNrXH1Ksqo,10.3430117,123.9188749,restaurant,Harina by: Mimosas,Mandaue City
ChIJ5bvReTeZqTMRABc2vywtvMc,10.341588,123.9147197,restaurant,Hidden Eats by Phatbastard Cebu,Mandaue City
ChIJk3oNO2iZqTMRIUqzqtg6udo,10.3684111,123.9324956,cafe,Hidden Tables Cafe,Mandaue City
ChIJow75RgCZqTMRWvDRKKK0hJU,10.3348401,123.934252,restaurant,Hoshino Coffee - SM J Mall,Mandaue City
ChIJ2W8yNA6ZqTMR2gg76ADGvAI,10.3332792,123.910667,restaurant,House of Lechon,Mandaue City
ChIJg1j6xIGZqTMRrmWcGpDFhdU,10.3672512,123.9341806,restaurant,JJS Korean Food & Grocery Cebu,Mandaue City
ChIJQUu-gV-ZqTMRteXhKtSXXDw,10.3466262,123.9293251,restaurant,JNJ Convenience Store,Mandaue City
ChIJ1cjVnOyZqTMRCNwACgu8ooI,10.369368,123.9184371,restaurant,Jj’s Halo-Halo & Desserts (Talamban),Mandaue City
ChIJYd_OEwCZqTMRxum6hNIroZc,10.3275219,123.9212882,restaurant,Joanna's Halo-halo PANAGDAIT,Mandaue City
ChIJyVvYvwSZqTMRZvr3ElG9WJg,10.327176,123.920632,restaurant,Joe Eatery,Mandaue City
ChIJqePD-JyYqTMRW3zhDSF-LM8,10.3693719,123.9165916,restaurant,Joules Lechon Manok,Mandaue City
ChIJ3S4cHZqYqTMR7pxzdRSqnF0,10.3675602,123.9141673,restaurant,Julie's Bakeshop,Mandaue City
ChIJo70QUwCZqTMRJvd2ZnZRDsA,10.3303081,123.9351282,restaurant,Jumbles Halo-Halo,Mandaue City
ChIJk9h-eLuZqTMRuV5-T0xGK7A,10.3684024,123.9278412,restaurant,KAPE TA! COFFEE,Mandaue City
ChIJX2dtrOyYqTMRt90-PuSse-s,10.3529153,123.9143336,restaurant,KFC,Mandaue City
ChIJ69c4OieZqTMRqqy8NZNbuB8,10.3493924,123.9252931,restaurant,KLAA MART,Mandaue City
ChIJY_ZJNIiZqTMRDrTDBmiftxk,10.3353269,123.9326423,restaurant,Kmart 24,Mandaue City
ChIJBcDrIx6ZqTMRGMgiUUGBLPs,10.3414821,123.920134,restaurant,Kurofune Cebu - Authentic Japanese Unagi & Tempura restaurant,Mandaue City
ChIJV-RT1gSZqTMRkItToE4YuPM,10.3260771,123.9196829,restaurant,Kusina Clasica,Mandaue City
ChIJD86aEQiZqTMRypVLRu0wR-c,10.3447026,123.9302526,restaurant,Kuya Insik,Mandaue City
ChIJezouj-aYqTMRWd2gwrwOKAA,10.3434279,123.9117506,cafe,La Panetteria Di Luigi Bakeshop and Cafe,Mandaue City
ChIJmRXMUGeZqTMRTuxf_YDHTsw,10.3415365,123.9214086,restaurant,Laundryhan,Mandaue City
ChIJ1YXqvgWZqTMRDu7cYXqv028,10.324582,123.923176,restaurant,Lolo Tinong's Bakery,Mandaue City
ChIJBQS0u-OZqTMRYb83WX0Xtvc,10.343317,123.9130649,cafe,Lorenzo's Cafe - Cebu City,Mandaue City
ChIJB8EObAGZqTMR6shVgjFxpYI,10.3387381,123.9124819,restaurant,Loring store,Mandaue City
ChIJC9c23QuZqTMRWsxiysYUvfk,10.3344408,123.9231917,restaurant,M,Mandaue City
ChIJgU3nXACZqTMR2WRl7a59zbY,10.3413276,123.9305301,restaurant,M. Igot store,Mandaue City
ChIJjdQbQPaYqTMRhbTI6sNo6Uc,10.3453706,123.9288437,restaurant,MA SURLE,Mandaue City
ChIJt9fJI-aYqTMRUgL8yPgAyDc,10.3432921,123.9121013,restaurant,Machiya Mart,Mandaue City
ChIJs5FxPOGYqTMRcRCCaUTxo5M,10.342926,123.9119898,restaurant,Magic Melt,Mandaue City
ChIJYf_AE0aYqTMReCJIMqD8wUo,10.340654,123.9476639,restaurant,Mang Inasal,Mandaue City
ChIJ4Y-b--uYqTMRBiNpFs0_Z0k,10.3488204,123.9131579,restaurant,Marjoe's Convenience Store,Mandaue City
ChIJWfG51ueYqTMRNGe8sTkZrKc,10.343695,123.910463,restaurant,Maroo Korean Restaurant,Mandaue City
ChIJ-xNT1uaYqTMRWBYHsg4OR0g,10.3395105,123.9110244,restaurant,Masarap Kimbop,Mandaue City
ChIJcW_P0PuYqTMR2vJygPUHe_0,10.3393684,123.9244526,restaurant,McDonald's AS Fortuna,Mandaue City
ChIJIf_Ft5qZqTMRUqvfynqfXdM,10.3453607,123.9092514,cafe,Merci Dessert Cafe,Mandaue City
ChIJi1ov1PuYqTMRhhEKLJBk34g,10.3398357,123.9244294,restaurant,Metro Supermarket,Mandaue City
ChIJxaN31RqZqTMRWgeSCwagMZM,10.3259862,123.9192812,restaurant,Mirandz Chow & Grill,Mandaue City
ChIJ94LAMOCYqTMR1bn0Ve0HHe0,10.3351581,123.9102842,restaurant,Montezas Eatery,Mandaue City
ChIJHVemSWuYqTMRiR0eZJzzDWw,10.3524161,123.9522174,restaurant,Mr. Liempo,Mandaue City
ChIJeQRr5TuYqTMR3Uc3SPEV3_Y,10.3423252,123.9589737,restaurant,Mr. Liempo,Mandaue City
ChIJm2zfwXOYqTMRYaRZuR9CGr8,10.3624594,123.9483361,restaurant,Mr. Liempo,Mandaue City
ChIJP3JvYuaYqTMR3BAk24mB1PU,10.3440849,123.909968,restaurant,"My Greek Taverna, Best Greek Mediterranean Restaurant, Cebu",Mandaue City
ChIJZdVfZ_SYqTMRXnnUJuVYh0A,10.3489449,123.926206,restaurant,Myra 828 Budget Convenience Store,Mandaue City
ChIJmRNXWmKZqTMR3iXyCTMlrQg,10.3360752,123.91083,restaurant,Nanay Preding's Sari-sari Store,Mandaue City
ChIJX74RcEGYqTMR--GVX0w6_T8,10.3462289,123.947847,restaurant,Ngohiong Express - Tabok,Mandaue City
ChIJoRfu1l-ZqTMRDLFWO0858zU,10.3543669,123.9214462,restaurant,No Problem STK,Mandaue City
ChIJcd9i0fuYqTMRpsEJ9a43mQ8,10.3364513,123.9323134,restaurant,Nonki Japanese Restaurant (Main - Mandaue),Mandaue City
ChIJjeI2oRuZqTMR8hLROMrngF4,10.327322,123.916209,restaurant,Oceanarium Restaurant,Mandaue City
ChIJPd0BZZijqTMRVo0PlFkdHKw,10.3769416,123.9332398,restaurant,One Stop Minimart,Mandaue City
ChIJ1ZTFEkaYqTMRzBQQHOu0wHU,10.340748,123.9487946,restaurant,Orange Brutus,Mandaue City
ChIJJUMDguuYqTMRYtHEzf5tVsQ,10.3510528,123.9134918,restaurant,Orange Brutus - Rosedale Banilad,Mandaue City
ChIJddM9nUmYqTMRL7vXF1wsAes,10.3352792,123.9504516,restaurant,Oyster Bay Seafood Restaurant,Mandaue City
ChIJiVSj0ASZqTMRFRbH9CqvgiA,10.3263339,123.9198092,restaurant,Pan De Manila Kasambagan,Mandaue City
ChIJCWPn8uaYqTMRdXEBPDisVqw,10.340861,123.912185,restaurant,Pan de Manila Banilad Town Center,Mandaue City
ChIJ259JFPiZqTMRmhbBtvrsCOU,10.3396531,123.9120422,restaurant,Pastel Fruity Halo-Halo Banilad,Mandaue City
ChIJO7xV5-aYqTMRJhawgzqki94,10.34025,123.911242,restaurant,Pearl Korean Meat Shop & Restaurant,Mandaue City
ChIJuVTbOcCZqTMRKItKuLwiIMQ,10.3358212,123.9108715,restaurant,Pedlex Store,Mandaue City
ChIJ30shxayZqTMR2ebcctLd74U,10.3303,123.938,restaurant,Phillips Seafood Philippines Corporation.,Mandaue City
ChIJy4rrMJOYqTMR4Zog79NfjxM,10.3534418,123.9154813,restaurant,Pixie's Sinugba,Mandaue City
ChIJ0wS3FEaYqTMRwJYf7-GSqqs,10.3407715,123.9482744,restaurant,Potato Corner,Mandaue City
ChIJMbELi-aYqTMRh8nr-JYyvIo,10.3412161,123.912995,restaurant,Potato Corner,Mandaue City
ChIJhbHjv-uZqTMRaJ83MyLyvCc,10.3425539,123.9173501,cafe,Precious Brew Cafe - A.S. Fortuna,Mandaue City
ChIJZYTTEmqZqTMRShPn4gJTHK8,10.3328667,123.943576,restaurant,Psalms Coffee & Pastry Cebu,Mandaue City
ChIJZYZqXpSZqTMR8rhXy2oGeu4,10.3418031,123.9124769,restaurant,Pukot Kitchen Cebu,Mandaue City
ChIJ7d9VPeGYqTMRr03IxohZUa0,10.3377439,123.9116401,restaurant,Pusan MART,Mandaue City
ChIJqalGa0aYqTMRHJiGGZf7yxI,10.340852,123.947999,restaurant,RR-PACIFIC MALL,Mandaue City
ChIJzcfiXOWYqTMRwD_-IquKrbY,10.3425352,123.9180546,restaurant,Ramen Yushoken Cebu,Mandaue City
ChIJQ-iTFwCZqTMR21krOZ-fIqU,10.3407431,123.9276849,restaurant,Rolly Store,Mandaue City
ChIJtQQl-WyYqTMRawcVovAb85I,10.3558484,123.9501667,restaurant,Rulls Home Bakeshop,Mandaue City
ChIJbTa5V6mZqTMRZVZmHXwzyKk,10.3435924,123.9138323,restaurant,Saberon Store,Mandaue City
ChIJJaTaRfOYqTMRI7dnWr22b-o,10.35288,123.9228375,restaurant,Sachi Authentic Japanese Ramen And Okonomiyaki,Mandaue City
ChIJmfVRmEmYqTMRnWdWxiTyB4k,10.3354813,123.9501597,restaurant,San Sebastian Seafood Specialties,Mandaue City
ChIJqxhaIeGYqTMRs9cFqMYN3qY,10.3382264,123.9113242,restaurant,Sandy's Bakeshop,Mandaue City
ChIJIzOA1eCYqTMRrH50uX_nUvA,10.339297,123.9110151,cafe,Seoul Dessert Cafe by Seoulbing since2015,Mandaue City
ChIJJdxLyvqYqTMRgM8VMpdOwyk,10.3416772,123.9194579,restaurant,Shakey's Pizza Parlor,Mandaue City
ChIJ5bJM8euYqTMRU0tlwOwpIP8,10.3630961,123.9151558,restaurant,Shebz Cakes & Brownies,Mandaue City
ChIJC2FFd_mYqTMRDSq9Qa57GkA,10.345542,123.926432,restaurant,Shell,Mandaue City
ChIJs0Zr-V-ZqTMRIya8_otssA4,10.344617,123.912194,restaurant,Shell,Mandaue City
ChIJHXQpevmYqTMRm17Aa9rzQvY,10.3394431,123.925409,restaurant,Shell Select,Mandaue City
ChIJ_xnEsfCZqTMR2JX505eVd0o,10.3436093,123.9112239,restaurant,Shin Mikana Philippines Supermart Cebu,Mandaue City
ChIJ8dITk1iYqTMRU6fDNvzt3a4,10.3448316,123.9309544,restaurant,Shop,Mandaue City
ChIJWTe-T-mYqTMR3ReUb0R1aj0,10.3473666,123.9130771,restaurant,Silogan Ni Gian,Mandaue City
ChIJ5YdjJVSYqTMRnGl-Dc2DEdc,10.3351928,123.9341259,restaurant,Snakyard,Mandaue City
ChIJe4gLCECZqTMRuYlD3ADFdQY,10.3272396,123.9180548,restaurant,Socarrat,Mandaue City
ChIJPe1NdPmZqTMRWIEsfkWKKD8,10.369023,123.9283847,restaurant,Sol's Halo-Halo and Desserts Canduman,Mandaue City
ChIJb-W70aeZqTMRoZmZjK-Cxsc,10.338967,123.9365606,restaurant,Sol's Halo-Halo and Refreshments,Mandaue City
ChIJ6ZCysv6ZqTMRd2lM4EuPA2g,10.354591,123.9146685,restaurant,Sol’s Halohalo & Desserts,Mandaue City
ChIJu8ArPwCZqTMR6-yyiyCWXSk,10.3464524,123.929578,cafe,"Starblack Cafe - Casuntingan, Mandaue",Mandaue City
ChIJJf5dqPiYqTMRRRB4QBP_-A4,10.3423547,123.9179341,restaurant,Starbucks Oakridge Business Park,Mandaue City
ChIJkQI2FsWZqTMRDLwTE7-FdZI,10.3431579,123.9291452,cafe,Stoplight Cafe,Mandaue City
ChIJU8CDbK6ZqTMRDl19opLy4E8,10.343142,123.9183797,restaurant,Sunburst Fried Chicken Oakridge Cebu,Mandaue City
ChIJpzkxnNGZqTMRPWb5nZGCCfc,10.3511011,123.9259366,restaurant,"Sux Cebu, PH",Mandaue City
ChIJhQtZ__CYqTMRGJdnTh1xwoU,10.3486025,123.9219411,cafe,Tablea Chocolate Cafe,Mandaue City
ChIJ62agzn6ZqTMR_qoQsVM33Cg,10.337708,123.9302714,restaurant,Tasty 24 Convenience Store,Mandaue City
ChIJFVIYyvqYqTMRDmetS6-FEj4,10.341578,123.9195508,restaurant,Tavolata® Design Center of Cebu,Mandaue City
ChIJCwdyylGYqTMRkKu0R1Bdp_I,10.3378023,123.9402009,restaurant,The Cakerie Cebu,Mandaue City
ChIJYVauSuWYqTMRp5PlozAcGow,10.3417389,123.919214,restaurant,The Coffee Bean & Tea Leaf,Mandaue City
ChIJL5iYKwCZqTMRMr8kMVU3Xcw,10.3372169,123.9313076,restaurant,The Convenience Store,Mandaue City
ChIJo1qpiNGjqTMRIGzU1kPc6jU,10.3677449,123.9287282,cafe,The Hideout Cafe Cebu,Mandaue City
ChIJtzxltvmYqTMRw1OkCDXFMYw,10.3406399,123.9272142,restaurant,The Man Cave,Mandaue City
ChIJM5e7UeWYqTMRCb7ZvWWZhGY,10.3424987,123.9187997,restaurant,The Marketplace Oakridge,Mandaue City
ChIJs0_T4qWZqTMRwKTdPd-DpaA,10.3262593,123.9198932,cafe,Third Wave Coffee Cebu - Bloq Cafe,Mandaue City
ChIJf-rOjyKZqTMRIL0VeBnUCY0,10.3396899,123.9252475,restaurant,Tiger Crab Cebu 타이거크랩 세부,Mandaue City
ChIJh9UarjyZqTMRnXgPFf5oFpk,10.3434938,123.9115941,restaurant,Tightrope Coffee One Paseo,Mandaue City
ChIJv9Ed8I2ZqTMRZhknNuTanM4,10.3391175,123.9128992,restaurant,Tiyoy's & Myrn's Sari Sari Store,Mandaue City
ChIJy-yxROmYqTMR7P0gBtFPhX8,10.3507454,123.9132753,restaurant,Topokkiman 떡볶이맨,Mandaue City
ChIJjZW6ckaYqTMRDiPKm-y_f0U,10.3407569,123.947715,restaurant,Turks Pacific Mall,Mandaue City
ChIJbUsS-i6ZqTMRGBYb-IGkaqI,10.3261003,123.9174,restaurant,UCC Clockwork Bonifacio Cebu,Mandaue City
ChIJNT2u8-uYqTMRzzvtGoD_S6c,10.3494465,123.9132238,convenience_store,Uncle John's (Ministop),Mandaue City
ChIJC_CmyiaZqTMR5hIRCiG5TaQ,10.3362214,123.9218612,restaurant,"Urban Deca Homes Building-16, Unit-103,Hernan Cortes",Mandaue City
ChIJ95MJJACZqTMRsyLjv6QTkl4,10.3280052,123.9291138,restaurant,Urban Valuemart Convenience Store,Mandaue City
ChIJR2BUZpqYqTMRzuvb9ddIF0Y,10.363558,123.9159806,cafe,"Vamos Cafe at 1073-13 Kalubihan (Sitio Tago), Talamban Cebu City 6000",Mandaue City
ChIJBxyy_ZuYqTMRHc-wRbO3G2Q,10.3671608,123.9138079,cafe,Ven’s Cafe,Mandaue City
ChIJwVUP5jiZqTMR0dopRbSAY9c,10.326414,123.9176186,restaurant,Vienna Kaffeehaus,Mandaue City
ChIJA8U5u1iYqTMRMt0_Ee3jS8o,10.3455043,123.9311373,restaurant,Waffle Time,Mandaue City
ChIJKWs8XASZqTMRyTpME-w7ah4,10.3267028,123.9223763,restaurant,Wendears Cake,Mandaue City
ChIJffkutnaYqTMRuoxQklLj5Wg,10.364305,123.945765,restaurant,Wenggay's,Mandaue City
ChIJY5yWbfmYqTMR54jJfIVqOXk,10.3390349,123.925978,restaurant,Yeedang Dduk Bang Korean Traditional Cake,Mandaue City
ChIJuXsWbiqZqTMRX5HmNjBrDGI,10.3359109,123.9219385,restaurant,Z Mart Convenience Store,Mandaue City
ChIJ1ZTFEkaYqTMRvbSUSjF5fs0,10.340667,123.947939,restaurant,Zagu,Mandaue City
ChIJLbqVbEaYqTMRnPndqdYnMO4,10.3407714,123.9481008,restaurant,Zubuchon,Mandaue City
ChIJNwKtMZaZqTMR1ah_jrkvdDw,10.3269369,123.9179011,restaurant,dragonfly café. – Bonifacio District,Mandaue City
ChIJzTby_iyZqTMRZF8tfPkDbAE,10.3450355,123.9093362,restaurant,happy hippos,Mandaue City
ChIJbzbRg0qZqTMR76WDZhG-pBs,10.3433467,123.9291009,restaurant,hopNshop Minimart,Mandaue City
ChIJU12ozvqYqTMRL3NUXOtJcIU,10.3413297,123.9196018,restaurant,luca's test kitchen,Mandaue City
ChIJjwXePACZqTMREzBZ-vGSkOQ,10.3390365,123.925862,restaurant,moooo0,Mandaue City
ChIJCw_rJZyZqTMRewCF7vIsH9w,10.3375729,123.9301408,restaurant,老乡超市,Mandaue City
ChIJfQDyAQB3qTMRwTwKYvppNoQ,10.2420552,123.7850374,restaurant,7 Eleven 5648 Seaoil Minglanilla,Minglanilla
ChIJO4cHfwB3qTMRY1v1ohpVJ-A,10.2363401,123.7831746,convenience_store,7-Eleven,Minglanilla
ChIJb3HTtKB3qTMRYHV-pPEfUEg,10.2391924,123.7793719,convenience_store,7-Eleven,Minglanilla
ChIJvwz7TwB3qTMR7JTvx2OUdiw,10.2394874,123.7922847,convenience_store,7-Eleven,Minglanilla
ChIJeagpvbx3qTMR-uI4RgXUWaE,10.2592296,123.764179,restaurant,ALPHA MINI GROCERY,Minglanilla
ChIJdecLqrl3qTMRFrZyR8mgz0w,10.2430018,123.7859184,restaurant,Americano Grill,Minglanilla
ChIJFec0KQB3qTMR7M9gHI3J2oM,10.2359784,123.7878344,restaurant,At 5 AM Coffee,Minglanilla
ChIJd9dzXQB3qTMRV_UqCUTEkJE,10.2432483,123.7885715,restaurant,DREWL SIZZLE & GRILL,Minglanilla
ChIJl_jnkvV3qTMRZjSd6t_47Ao,10.2426343,123.7879596,cafe,El’s Cafe,Minglanilla
ChIJVXmvMDR5qTMR9nwosH_MR5U,10.2320701,123.7844629,cafe,Grainsmart Cafe - Lower Tungkop Minglanilla,Minglanilla
ChIJp3xLHwB5qTMRNfe1upIikOc,10.2318703,123.782607,cafe,Hideout Cafe,Minglanilla
ChIJi_xJUeN5qTMR9LKdu0TeBso,10.2328543,123.7858063,restaurant,Juan Café - Minglanilla,Minglanilla
ChIJddsa7vR3qTMRqLv7mFhZuPM,10.237644,123.7761982,restaurant,KJT Food Hauz,Minglanilla
ChIJJ34bEh53qTMRScvFUfUhTYk,10.2395971,123.7809185,restaurant,Parrt Ebelle Tinola Minglanilla,Minglanilla
ChIJ-SLEeQB3qTMRe-QE_TUy56w,10.2362318,123.7830372,cafe,Povlato Cafe and Resto,Minglanilla
ChIJGY9aXemdqTMRH3EQP38rJL8,10.2661875,123.8576875,restaurant,1824MARKETPLACE,Talisay City
ChIJpU1balycqTMRt9bxcrRHKTQ,10.269416,123.8591566,restaurant,2 Niña´s Bakeshop,Talisay City
ChIJNZbcjmydqTMR7UVJJuOsfiU,10.2670711,123.8437372,restaurant,21 South Burger,Talisay City
ChIJ9eQRqVydqTMRgANQsaf9Wvw,10.2466035,123.843512,restaurant,38 Coffee,Talisay City
ChIJ7Zw_UV-dqTMRU8FNbBBrHoM,10.2766723,123.8574037,restaurant,38 Coffee - Pardo-Inayawan Branch,Talisay City
ChIJNZr3AACdqTMRBnL408ebRsg,10.2390984,123.8240729,restaurant,4 A's Lechon,Talisay City
ChIJUZEpKACdqTMRPrnGTeQf_Rg,10.2720227,123.8503019,restaurant,4-11 variety,Talisay City
ChIJA6CXJgCdqTMRlIygHy1r0wk,10.2378771,123.8282151,restaurant,5J's BakeHouse,Talisay City
ChIJv6B1WACdqTMRVuc2qia4_LU,10.2733278,123.8498603,restaurant,69 street bar,Talisay City
ChIJ3xkqaHudqTMRBPWyhEJgs54,10.2408447,123.8399435,convenience_store,7-Eleven,Talisay City
ChIJ4z7awWOdqTMRB5K1h8uCTQQ,10.2590276,123.8476479,convenience_store,7-Eleven,Talisay City
ChIJ7eN_e0acqTMRkNFP8caXKEo,10.278644,123.854733,convenience_store,7-Eleven,Talisay City
ChIJB1QD0YydqTMREelYiYi-sOE,10.2537714,123.8394225,convenience_store,7-Eleven,Talisay City
ChIJIwInzFGcqTMRuX_C1xFeJzo,10.2731879,123.8492724,convenience_store,7-Eleven,Talisay City
ChIJKRlaWrqdqTMRNBB_HTfEXWY,10.2391752,123.8240887,convenience_store,7-Eleven,Talisay City
ChIJL9SDCQCdqTMRHuCWTUxwlfI,10.2517126,123.8541213,convenience_store,7-Eleven,Talisay City
ChIJNSnSHQB3qTMRIjdRzJxH2rM,10.2452873,123.7952073,convenience_store,7-Eleven,Talisay City
ChIJP-5ZDUidqTMR3Vy5Y0Bj5us,10.2698354,123.8590026,convenience_store,7-Eleven,Talisay City
ChIJSfb-EbCdqTMREjERHEwbBhY,10.2459907,123.8280836,convenience_store,7-Eleven,Talisay City
ChIJUwchJgCdqTMR5ZOUJcwBOFE,10.2446648,123.8397472,convenience_store,7-Eleven,Talisay City
ChIJXbThMl2dqTMRhHcl92loAig,10.265438,123.8366476,convenience_store,7-Eleven,Talisay City
ChIJ_UGDawCdqTMRSECg_rybxKA,10.2423601,123.8475969,convenience_store,7-Eleven,Talisay City
ChIJc9CzjzOdqTMR-9JPuIaVoBs,10.241593,123.797227,convenience_store,7-Eleven,Talisay City
ChIJd_49x32dqTMRo1MWG5EAvyo,10.2628592,123.8558711,convenience_store,7-Eleven,Talisay City
ChIJebslUB6dqTMRD2N1NgOJ590,10.2492058,123.8390084,convenience_store,7-Eleven,Talisay City
ChIJeyHaxemdqTMRzoIeOKNisHg,10.2447207,123.8133692,convenience_store,7-Eleven,Talisay City
ChIJq8-nTQ6dqTMRB3vy1a0nhCs,10.259035,123.8269892,convenience_store,7-Eleven,Talisay City
ChIJqawSpO2cqTMRzrTFHXF7jR0,10.2518609,123.860251,convenience_store,7-Eleven,Talisay City
ChIJr-WjkeOcqTMRFtJQUvN6Zjg,10.2519102,123.8459041,convenience_store,7-Eleven,Talisay City
ChIJt725EgCdqTMRJYHBymOKRF4,10.2815481,123.8537328,convenience_store,7-Eleven,Talisay City
ChIJuyQfGwCdqTMRVblAJP-0sek,10.2601905,123.8454717,convenience_store,7-Eleven,Talisay City
ChIJvznS3v-cqTMRl4Wk8ySTDms,10.2637875,123.8413281,convenience_store,7-Eleven,Talisay City
ChIJyRmgsRydqTMRz-qFYdud2w8,10.2746378,123.859764,convenience_store,7-Eleven,Talisay City
ChIJj6RC9nqdqTMRe_4F8Ki3bKU,10.2461108,123.8274637,cafe,88Garden Cafe,Talisay City
ChIJpeeFWaudqTMR21udrei_gOo,10.2557891,123.8398037,restaurant,8flix and Chill Talisay,Talisay City
ChIJv-gXxV2dqTMRN6I4b8YmuwU,10.2491715,123.8032606,restaurant,AA BBQ Minglanilla,Talisay City
ChIJEYRZo0adqTMRgZPWejqPfbs,10.2435859,123.8139225,restaurant,ABELLA BAKESHOP,Talisay City
ChIJw-Keg1F3qTMRKp0LAsdicBQ,10.2559409,123.7769358,restaurant,ABOVE GROUND,Talisay City
ChIJL0GTdtGdqTMR_tBKp7zcvGc,10.2431325,123.8310879,restaurant,AG FLAMES CONVENIENCE STORE,Talisay City
ChIJ_UeZD0OcqTMRrqMzz6ZxuK4,10.2747039,123.8599016,restaurant,AHL RICHIE & ROSE Bakeshop,Talisay City
ChIJVz1oOAqdqTMRlhLzKKpnvPY,10.2394192,123.8302653,restaurant,AJ Minimart,Talisay City
ChIJHVv2ymCdqTMRkfJ2otBy_t8,10.2446608,123.8413013,restaurant,AKD Lechon,Talisay City
ChIJlYWUdzCdqTMRrgaSCjyFVfI,10.2378531,123.8279382,restaurant,ANGKINGS LECHON MANOK AND LIEMPO HOUSE,Talisay City
ChIJyfgkPj2dqTMRyWqO9xAqtUs,10.2460875,123.8286037,restaurant,ANOSHII,Talisay City
ChIJo1CRrhSdqTMRBjlERQ4zO54,10.2662144,123.8648034,restaurant,ARIEL&CINDY STORE,Talisay City
ChIJ4xsAEyWdqTMRzywvJG6cMk8,10.2661786,123.86489,restaurant,Aa cakes and lechon package,Talisay City
ChIJ9V90fA-dqTMRqNOapZBUtEw,10.259824,123.829631,restaurant,Abling's Lechon,Talisay City
ChIJlwts9BydqTMRPEvUr5mpCug,10.245819,123.8392287,restaurant,Adlawan Store,Talisay City
ChIJCQu9XwCdqTMRneGPfEY5nqc,10.2643279,123.838431,restaurant,Ahl Richie & Ahl Rose,Talisay City
ChIJD3gQeQCdqTMRok0WfFfv5xM,10.2467011,123.8218303,restaurant,Aida’s Cake,Talisay City
ChIJ40wEIJidqTMRYY7knk7sxl0,10.2639004,123.8413759,cafe,Akasya Cafe,Talisay City
ChIJa2MdueedqTMRT9bWipopAYQ,10.2445765,123.8244255,cafe,Akasya Cafe (Pooc branch),Talisay City
ChIJo24TUwCdqTMRx0Ry7U51jbo,10.2403686,123.8297444,restaurant,AkiYumi's Mini Mart,Talisay City
ChIJW5aUKf6cqTMRQVAyTdcut7s,10.2621469,123.841119,restaurant,Alberto's Pizza,Talisay City
ChIJH6gA1D2dqTMRAS8WCb2_VSM,10.2458299,123.8247184,restaurant,Alcodia BAKESHOP,Talisay City
ChIJAbn7Ie2dqTMRxY3VuL3LjpM,10.2473906,123.8424736,restaurant,Aleli's Sweet Treats,Talisay City
ChIJ76hhdACdqTMRed1IUTg9eR4,10.2518204,123.8370451,restaurant,Alfaro store,Talisay City
ChIJ6V5aveOdqTMRQ-UbHLt_Evc,10.240177,123.8361572,restaurant,Alfredo Nabua,Talisay City
ChIJo0a66gKdqTMRhYoQxR7C5YA,10.2457712,123.8449596,restaurant,AllEn One Grocery and Payment Center - Talisay City,Talisay City
ChIJxRVv7FGdqTMRf5V5QHap6FQ,10.2733271,123.8486795,restaurant,Almari Store,Talisay City
ChIJuT4ZBwCdqTMRAw13DcbRb6E,10.276347,123.8649632,restaurant,Alsola Sari-Sari Store,Talisay City
ChIJzQiRL62dqTMRIea-TxaDCGE,10.2518275,123.8371469,restaurant,Amy Cakes and Pastries Manufacturing,Talisay City
ChIJQVyNbA6dqTMRzLifjFt4fcg,10.2588007,123.8252414,restaurant,Ang Lechon Manok Ni Sr. Pedro,Talisay City
ChIJCaluUQCdqTMR1jAWMUofKaw,10.2533846,123.8279144,restaurant,Ann store,Talisay City
ChIJR8AAFZWfqTMRhanmAJ1OusA,10.2542785,123.8282647,restaurant,Annie's Bakeshop,Talisay City
ChIJGf1xtPScqTMRAuiTdDWpvUk,10.2588429,123.863217,restaurant,Arabian Mix Grill,Talisay City
ChIJPf-_eBmdqTMRwhTuWNGmJt8,10.25128,123.8327895,restaurant,Arbee's Bakeshop,Talisay City
ChIJy9tx9DmdqTMRD3DJ3c6FAVc,10.2393938,123.824059,restaurant,Arbee's Bakeshop,Talisay City
ChIJo6NAYwCdqTMR19Ac52hYC_A,10.2744655,123.860009,restaurant,"Arbee's Bakeshop (Cogon, Pardo Branch)",Talisay City
ChIJy0hJ-UacqTMRGQ5A-U4ony4,10.2734604,123.8493785,restaurant,Arbee's Bakeshop - Bulacao,Talisay City
ChIJ98MrINCdqTMRTXf8gwEMNBo,10.2705119,123.8564357,restaurant,"Arbee's Bakeshop, Inayawan Branch",Talisay City
ChIJI13m7gOdqTMRn2FXHOAPs0w,10.2449689,123.8392961,restaurant,Arbees Bakeshop,Talisay City
ChIJC0ygoe-dqTMRLN-4epil2iw,10.2774357,123.8539274,restaurant,ArkiBuddies,Talisay City
ChIJQcv8w6mdqTMRhkzvMtBNvpw,10.2670638,123.8338196,restaurant,Art & Mie Halo-Halo,Talisay City
ChIJ6bJFwRmdqTMRoGbPTukSZqE,10.2403954,123.8358476,restaurant,Arvin Store,Talisay City
ChIJc-A4OtudqTMR_O2lL6TXZ6M,10.2701582,123.8566548,restaurant,Arvin's Breads and Pastries,Talisay City
ChIJsSHsVgCdqTMRnO2XNlWsvJU,10.2394174,123.8240591,restaurant,Ate Cool,Talisay City
ChIJZbL59sGdqTMRMhjXZMi0LPo,10.2709223,123.8558021,restaurant,Ating's Green Gate,Talisay City
ChIJdYIFphidqTMRZ5I5uPqrJmo,10.24237,123.8242778,restaurant,Aurie's Kitchenette Pooc,Talisay City
ChIJdf742CudqTMRFfCfST453i4,10.244229,123.8244142,restaurant,"Aventino's Pizza - Pooc, Talisay",Talisay City
ChIJPbnWvSGdqTMR6HN-qNUfMkM,10.240235,123.8357863,restaurant,Azucarbyshanne Cakes,Talisay City
ChIJy7kQVTedqTMRmc-Bj98X-A0,10.2382441,123.8242689,restaurant,BEEF PARES & MAMI,Talisay City
ChIJKafF3LydqTMRuHI96pruBsg,10.2676649,123.8561146,restaurant,BEN 11 CONVENIENCE STORE,Talisay City
ChIJlz4ZZlmcqTMRmXsnoPpwjdE,10.2683896,123.8562207,cafe,BENJBEN STORE AND CAFE,Talisay City
ChIJifPCKQCdqTMReeNEs2uPLWI,10.2421859,123.7970845,restaurant,BRADDEX - Minglanilla,Talisay City
ChIJpShUS4GdqTMR44dnIl-1XJU,10.2515155,123.839297,cafe,BRBL Cafe Print,Talisay City
ChIJCz-Yw5J3qTMRptkdYkfppxc,10.2626715,123.7775108,restaurant,BUKID Coffee / Bed & Breakfast,Talisay City
ChIJt2CQLxSdqTMRW_GVve3-MVI,10.2393307,123.8432759,restaurant,Bake-ni-Malou,Talisay City
ChIJi98lcB6dqTMRBd6m0BO1-K8,10.2505012,123.8391605,restaurant,Baker´s Street,Talisay City
ChIJEx5C6yedqTMR7xBNMjPmphw,10.2376272,123.8400198,restaurant,Bakeshop & Gen Merchandise,Talisay City
ChIJB8I5cUacqTMRFxiLKavwqgs,10.2784798,123.8541346,restaurant,Balamban Liempo Cebu,Talisay City
ChIJ37d1HQCdqTMR-lA-3vqPl58,10.2784307,123.85799,restaurant,Bamboo Barracks Tapay & Roti,Talisay City
ChIJi3FwIgCdqTMRisBMKbuqZXw,10.2494847,123.8425243,restaurant,Bascon Streets,Talisay City
ChIJfYRobHqdqTMRRO8fcTkZZyQ,10.2381885,123.8244503,restaurant,Batchoyan sa Pooc,Talisay City
ChIJbdknMgCdqTMRjgoVwQnl7bk,10.2432759,123.796698,restaurant,Bean Chosen,Talisay City
ChIJMRb6FLudqTMROCXfQkXKKtg,10.2497634,123.8390034,restaurant,Bean there coffee & trim by HimBon's,Talisay City
ChIJHZD2dkacqTMRLDewmqRInOs,10.27842,123.8541484,restaurant,Bells Halo-Halo,Talisay City
ChIJdwqucXidqTMRiNAQIWCnKCY,10.2472483,123.8424415,restaurant,Bells Halo-halo,Talisay City
ChIJ_W0EjPSdqTMRIEvooH3WBeg,10.2626567,123.8560822,cafe,Berella Cafe,Talisay City
ChIJ_YKydFidqTMRl-etpAMlsng,10.2426369,123.7969494,restaurant,Bernadette's Lechon,Talisay City
ChIJocxjYIGdqTMR0y965ue35qE,10.2791823,123.8521021,restaurant,Beth Store,Talisay City
ChIJEZtBGlWcqTMR67C8K2fMgJQ,10.266995,123.842979,restaurant,Biaño's Pizza,Talisay City
ChIJDcIUKjydqTMRPrHXzKXl3gM,10.2453474,123.8244499,restaurant,Bienvenue Convenience Store,Talisay City
ChIJ5eY6_LOdqTMRDw1YwC2YNIE,10.271415,123.8433395,restaurant,Bing's Halo-Halo,Talisay City
ChIJ1aomGM-dqTMRGbfht72r_v4,10.2615811,123.8407314,restaurant,Bistro 318,Talisay City
ChIJkfga8tadqTMRvfgZztdaMTI,10.2746286,123.8597751,restaurant,Bke,Talisay City
ChIJ26CXGJedqTMRLOEw0fnz104,10.2420519,123.7994,cafe,Blanc Space Cafe,Talisay City
ChIJ7YKccgedqTMRIEKB74UOStA,10.2761239,123.8520679,restaurant,Blended Milk Coffee,Talisay City
ChIJ745YtBmdqTMROyyM8r7Xq-E,10.2416036,123.8396817,restaurant,Bliss Pastries,Talisay City
ChIJq2j8NDWZqTMRtPbLatSqHJ8,10.243753,123.8112891,restaurant,"Block 6, Lot 29",Talisay City
ChIJnaS_KQOdqTMRb6CZ_0Oey8U,10.2594772,123.8313319,cafe,Boss Bebeh Bistro Cafe,Talisay City
ChIJt2J0q4CdqTMRspjN829Sfr8,10.2663081,123.8573923,restaurant,Boz Roje,Talisay City
ChIJiYS3YQCdqTMRW8MnMm58TJk,10.2382193,123.8228456,restaurant,Brain Bites,Talisay City
ChIJc4Y0QNudqTMR7FRi5gRHGHw,10.2806727,123.8559037,restaurant,Brewing Club Co. Pardo-Talisay Distributor - Roasted Coffee Beans Supplies,Talisay City
ChIJa8hIbACdqTMRmVd4wIRLAYY,10.2524493,123.8392335,restaurant,Brewskofi Foods and Snacks,Talisay City
ChIJ5-eiTx6dqTMRrbWpsbKpGwg,10.2491643,123.8392074,restaurant,Brown Toast,Talisay City
ChIJ8Xv4jjOdqTMRV5wjk-9C3lY,10.2553334,123.8604587,restaurant,Bugsy Resto,Talisay City
ChIJ_bsqADqdqTMRS4ffeNNwY3s,10.2384845,123.824385,restaurant,Bukoni Buki,Talisay City
ChIJMSTrbaedqTMRi7D7LYMz3Wk,10.2442367,123.843553,restaurant,CBG Commissary,Talisay City
ChIJ6aviPhSdqTMRMT1FB0hO0kc,10.2756688,123.8592332,restaurant,CHOI--PISO--WIFI,Talisay City
ChIJk_iccFydqTMRDlo-mu7WlII,10.2439516,123.8480575,restaurant,CLIFFORD EMBORNAS,Talisay City
ChIJle1kJACdqTMROuoGPvOjQiY,10.24526,123.817834,cafe,Cafe De Karlito,Talisay City
ChIJiVQTVUacqTMREB07nYh7suU,10.280474,123.8549951,cafe,Cafe Eufemia,Talisay City
ChIJUdEaBFWcqTMRKGcO_VaS-nc,10.2670467,123.8426971,cafe,Cafe Nea Italiana - Tabunok,Talisay City
ChIJof8LoD6dqTMRWUahBaedjZU,10.2443261,123.8243596,cafe,Cafe de Sugbo,Talisay City
ChIJUcBP_p-dqTMR6GLBoIkTmGc,10.2376207,123.8391445,restaurant,Cake Retailers,Talisay City
ChIJud5ITEedqTMRcQHXLNk2ohw,10.2768081,123.8572693,restaurant,Cake Vessel,Talisay City
ChIJScSdiQWdqTMRPydKvzvyjHU,10.26023,123.830131,restaurant,Calda Pizza,Talisay City
ChIJJ0IAZxadqTMRPhB1AVyh0S0,10.2498106,123.8256799,restaurant,Calvins Kitchen,Talisay City
ChIJZULzyaOdqTMRl_eL67nFC8A,10.2443643,123.8377325,restaurant,Carla's Abode,Talisay City
ChIJ719KKNycqTMR8lsbSF9t2Pk,10.2424595,123.8467863,restaurant,Carlas Halo-Halo,Talisay City
ChIJG3UC7yWdqTMRPGM4lORBxV0,10.2383941,123.8269597,restaurant,Carybian Halo-halo,Talisay City
ChIJ_2dA2PedqTMRK0QJQd4qUCA,10.2408052,123.8250697,restaurant,Casa Nerissa,Talisay City
ChIJpfeDh0adqTMRtwgwjebpc8g,10.242029,123.8137544,restaurant,Causin's Store,Talisay City
ChIJzd7U40idqTMRm4LTj0vZYCU,10.240847,123.8398369,restaurant,Cebu Cardinal Bakeshop - Dumlog Branch,Talisay City
ChIJy4lgXlWcqTMRqIJATYl8eRo,10.265405,123.842361,restaurant,Cebu's Original Lechon Belly,Talisay City
ChIJbVd1hN6cqTMRIEj8ZgdzYFU,10.2426289,123.8463609,restaurant,Celia's Lechon,Talisay City
ChIJB8k2UACdqTMR6bjv_eNC8Qs,10.2397328,123.8255748,restaurant,Cesa Store and Internetan,Talisay City
ChIJh75MJgCdqTMR1R9cShVECJI,10.274053,123.8547118,restaurant,Cesar mini Store,Talisay City
ChIJPZHT_ladqTMRAlfIWCMXi9g,10.2709587,123.8464556,restaurant,Chak's Chill & Resto,Talisay City
ChIJEVFCD0ydqTMRqlnIZdlVdrY,10.2697016,123.856331,restaurant,Charmie Store,Talisay City
ChIJTVhDjoJ3qTMRWPVJQVcP7DE,10.263266,123.7763519,restaurant,Chef's Corner Bistro - Gullas Heights,Talisay City
ChIJK0YaSQCdqTMRNrLYFF9bwJQ,10.2383366,123.8226822,restaurant,ChicksAya,Talisay City
ChIJJf_4RQCdqTMRxjn4jn1b3vM,10.2366487,123.8308935,restaurant,Ching food services,Talisay City
ChIJGw5YxlGcqTMRb78DNbUKpLo,10.2731599,123.8487895,restaurant,Chook's To Go,Talisay City
ChIJbRtHUB6dqTMRSA-aeEd5rWo,10.2493036,123.839001,restaurant,Chooks To Go,Talisay City
ChIJW4wyww2dqTMR8cH9P_PRgeE,10.258824,123.8234935,restaurant,Chowking,Talisay City
ChIJP2sFLwCdqTMRkXAKGedZauA,10.2659046,123.8418385,restaurant,Chowking - Tabunok,Talisay City
ChIJjdSPta6dqTMRJmbxLBbwwSQ,10.2661786,123.86489,restaurant,Cion's Mart,Talisay City
ChIJ6fhNBN2dqTMRis3YjYxnkkQ,10.2553589,123.8116696,restaurant,Cocina Calza Food Express,Talisay City
ChIJ7QhVCAB3qTMRrqRZRKDuO_4,10.2444176,123.7930169,restaurant,Coffee Bear,Talisay City
ChIJbenvwIeZqTMRgiWuz2cNBQ4,10.258049,123.8448295,restaurant,Coffee Chronicles,Talisay City
ChIJPcdlziKdqTMR886ViFY7tvM,10.2590081,123.8236716,restaurant,Coffee Project Cebu,Talisay City
ChIJNbUWosadqTMR9jrjwuvmSLc,10.2460726,123.8446929,restaurant,Coffeetivity,Talisay City
ChIJfROtZgCdqTMROf_nYrFGpbY,10.2757909,123.8607284,restaurant,Cogon pardo,Talisay City
ChIJpzfrQQCdqTMRy0uN4TgQwSY,10.2443375,123.8243357,restaurant,ComputerTabai/Kapetabai,Talisay City
ChIJA9FLUACdqTMRDuP6r-P1c5c,10.2387154,123.8240942,restaurant,Conputer/Kape ta bai,Talisay City
ChIJw-aSb-ScqTMRIUaH-Frj890,10.2518603,123.8475059,restaurant,Convenience Store,Talisay City
ChIJH8BxUzedqTMRUgXCglWGgxM,10.2378358,123.8242255,restaurant,"Convenience Store in Pooc, Talisay City, Cebu",Talisay City
ChIJAYpTZ3qdqTMRJALcSWePvJU,10.2611868,123.826041,restaurant,Cooee Tribe,Talisay City
ChIJNeSo_R-dqTMRVApOZro2BgA,10.2464699,123.8409905,restaurant,Cool Savers Halo Halo,Talisay City
ChIJDTixsKSdqTMRSPeypd-SiqY,10.2578394,123.8189249,restaurant,Coolers Delight - Linao Branch,Talisay City
ChIJhS-b9K2dqTMRIG1tkCixUW8,10.2689509,123.856116,restaurant,Corner 9 Coffee,Talisay City
ChIJEwUK7iGdqTMRUwgHjXU13aU,10.245704,123.8363114,restaurant,Corner Store,Talisay City
ChIJNVam3EacqTMRdSKm22tNSI0,10.279786,123.8568461,restaurant,Crack,Talisay City
ChIJVaaWY2GdqTMRiwpcNkDLzo8,10.2395042,123.8381558,restaurant,Crisita's Pastries and Cakes,Talisay City
ChIJtQ0kg1-dqTMRjmihHTiF-1A,10.2414169,123.8309041,restaurant,Cuppa Milktea Station,Talisay City
ChIJgYVzdwCdqTMRs9ujDC-pp3M,10.2533454,123.8307938,restaurant,Cynzil Mini-mart,Talisay City
ChIJmfAqOzCdqTMRE7B0Z7wKzNg,10.2374998,123.8384165,restaurant,D&D Sweets and Treats,Talisay City
ChIJNSjvNyCdqTMRKmKIox94nLg,10.2466215,123.7979439,restaurant,D' Food Spot,Talisay City
ChIJTRgi8IOdqTMR3v7DgYfzw5w,10.2717882,123.8478517,restaurant,DK's Sari Sari Store,Talisay City
ChIJA4JVInedqTMR2v4HzjZktqU,10.2691284,123.8562399,cafe,DKNA Internet Cafe,Talisay City
ChIJW7b3HwCdqTMRTud2BD9U_E0,10.2472251,123.8381499,restaurant,DODO AND NADET STORE,Talisay City
ChIJh2eNwqedqTMRS-RSpgOZCW4,10.2521598,123.8304599,restaurant,DON MACCHIATOS - MOHON BRANCH,Talisay City
ChIJwXjXb9KdqTMR8LlOduaEEYQ,10.2736231,123.8627105,restaurant,Daday Store,Talisay City
ChIJFUq3lXydqTMRRM3WQ2IQbkQ,10.2408331,123.8241248,restaurant,Daily Chronicles,Talisay City
ChIJYRvKIgCdqTMR3Z5sXIsa6E0,10.2446868,123.8244239,restaurant,DanBam K-Mart Pooc,Talisay City
ChIJwUKIDwCdqTMR6X1JV2HiHfY,10.2499432,123.8418328,restaurant,DanDong’s Place,Talisay City
ChIJhzsmQ6SdqTMRzN9bFILoWTo,10.2436503,123.8241371,restaurant,DanTEA,Talisay City
ChIJqdh3PQadqTMRk5KyA7gqHeY,10.2425967,123.8097492,restaurant,Delia Muaña's Store,Talisay City
ChIJJfERrySdqTMRgJJXmogJzSY,10.2420403,123.8305511,restaurant,Deshi Bakehop,Talisay City
ChIJn8QnmhqdqTMRc8cy_cNulU4,10.2613281,123.8232404,restaurant,Diana’s Halo-Halo Overload,Talisay City
ChIJcdPdcACdqTMRWETfZHP3eJ4,10.266824,123.8646207,restaurant,Dianna's Dessert Station,Talisay City
ChIJ-eETvGidqTMRL72mkSMjmOI,10.2539144,123.8089475,restaurant,Dickong's Halo-Halo and Barbeque,Talisay City
ChIJsSS9FlGdqTMRQ9QxigzyC4Q,10.2377793,123.837076,restaurant,Dico's Coffee House,Talisay City
ChIJOxyEjgKdqTMRabNlweHDlrE,10.2577745,123.8401078,restaurant,Diona's Cakes and Pastries,Talisay City
ChIJkXZTMFidqTMRiL7hZMq3QHM,10.2452909,123.8318638,restaurant,Dix Lechon,Talisay City
ChIJTffK9LidqTMR3Yolz65F_GM,10.2442443,123.8384525,restaurant,Djep Store,Talisay City
ChIJX9aWRQCdqTMRmg0FC5E6IaA,10.2519071,123.818701,restaurant,Dog House,Talisay City
ChIJvccziTmdqTMRkR9oZmyEtx0,10.2400474,123.8240535,restaurant,Don Franco's Lechon Manok,Talisay City
ChIJtYabeACdqTMRSc48_2uE-Q4,10.2400202,123.8240628,restaurant,Don Franco's Pooc,Talisay City
ChIJN6rgiMqdqTMRtDaUydwVUAk,10.2383195,123.8241423,restaurant,Don Macchiatos,Talisay City
ChIJyXdoBwCdqTMRU_S5y3gbTyU,10.244886,123.8396439,restaurant,Don Macchiatos,Talisay City
ChIJhw3puaCdqTMRvJwuSDrrvpk,10.270348,123.8562612,restaurant,Don Macchiatos Inayawan,Talisay City
ChIJfQ8cou6dqTMRVLasoymyoh8,10.2443423,123.8243342,restaurant,Don Pablo Coffee,Talisay City
ChIJn6LQOUKcqTMRjwIbSZorsuA,10.2763853,123.8613888,restaurant,Don Pablo Coffee,Talisay City
ChIJ4cImkrKdqTMRv8U2UlDl2Ug,10.2399081,123.8381309,restaurant,DoughJoy Cebu,Talisay City
ChIJ3ZH0SMGdqTMR_0hwt3TUdFc,10.280262,123.8541722,restaurant,Dreamers Coffee - Poblacion Pardo,Talisay City
ChIJY4q8IQCdqTMR6yq8abtbvR8,10.2466089,123.844167,restaurant,Dreamers Coffee Jose Rizal St. Talisay,Talisay City
ChIJc6i7H_2dqTMRqAY3k5w1oac,10.2800254,123.8557374,restaurant,Driptea Pardo,Talisay City
ChIJ_1CmfQ-dqTMR-RfsESqCxkw,10.2598539,123.829842,restaurant,Dunkin Donuts,Talisay City
ChIJS782WlWcqTMRc6pXvfJW2-Q,10.2658744,123.8421149,restaurant,Dunkin',Talisay City
ChIJd_oclPOcqTMRhDWDSjcysT4,10.257377,123.859604,restaurant,Dunkin' Donuts,Talisay City
ChIJ57PeMQSdqTMROHUUNMgwu9k,10.2446916,123.7974785,restaurant,EATSKINA LOKAL,Talisay City
ChIJ7X-BR5KdqTMRoQy2f1gpVNg,10.2455832,123.7972766,restaurant,ELSA Coffee House,Talisay City
ChIJu-ehZwCdqTMR0u4EqBiHvkA,10.2530134,123.8206498,restaurant,ENN-ENN STORE MOHON TALISAY,Talisay City
ChIJlclTiTmdqTMRoMJYhrNdGyc,10.239873,123.8240156,restaurant,ER FRIED CHICKEN,Talisay City
ChIJo3-udACdqTMRTIhTZnxxfPQ,10.2558324,123.8024916,restaurant,EUT,Talisay City
ChIJb0E0vIWdqTMRzxnDBL8oSqY,10.2388061,123.8230654,restaurant,EVANGELINE STORE,Talisay City
ChIJybqMO0adqTMRAhgfBtrIUBk,10.2517928,123.840687,restaurant,EVELYN'S STORE,Talisay City
ChIJFRdpHACdqTMRYmuDgeqXEvc,10.2551576,123.8533045,cafe,Ei8ht Cafe,Talisay City
ChIJrfqPmqOdqTMRS1hoAe2WN70,10.2767829,123.8615501,restaurant,Elizabeth Bakeshop,Talisay City
ChIJQ2x97hCdqTMRMIIPdhfzo9w,10.254039,123.8281706,restaurant,Em $ EMS Breadhouse,Talisay City
ChIJ_5q_gPGdqTMRAbDAkF_uALE,10.2434145,123.8173883,restaurant,Emma's Canteen,Talisay City
ChIJWb2QiB-dqTMRP0NP7U5WSN8,10.2468937,123.8391544,restaurant,Emma's Chicken House,Talisay City
ChIJU1kG3OydqTMRH-Ewz69c4_w,10.2456909,123.8278759,restaurant,FRANCHA BBQ GRILL HOUSE,Talisay City
ChIJB7MvKQCdqTMRDOb6tYn6M4o,10.2613914,123.8262159,restaurant,Family Mart - Antara,Talisay City
ChIJBVD5Mm-dqTMRv9ppIqJmp_I,10.245197,123.8408841,restaurant,Fianna Store,Talisay City
ChIJpXMjTACdqTMRfavwavvAzog,10.2459623,123.8247327,restaurant,Four Sister's Graham Bar,Talisay City
ChIJO8My49idqTMRgLw5GR3kAC4,10.2424279,123.8476821,restaurant,GAZ Diner,Talisay City
ChIJ9wLiVvCdqTMRwM7bc08IUbw,10.241252,123.8294673,restaurant,GC Delights - Your Comfort Food,Talisay City
ChIJO7NlcUScqTMRGXVrl0jNpuU,10.2763582,123.8574049,restaurant,Gaisano Saversmart Inayawan,Talisay City
ChIJx7Y8tRSdqTMRDaoNgSP67gM,10.2496578,123.8255957,restaurant,Gavin’s Big Bites,Talisay City
ChIJ6-p-J_acqTMRww4lxTXoe4Q,10.2635617,123.855971,restaurant,Gealon,Talisay City
ChIJyZUXGtedqTMRGY5ayk-EfVE,10.2494847,123.8425243,restaurant,Geena Store,Talisay City
ChIJr4of4M-dqTMRviK1ERwDGzk,10.2433487,123.8472684,restaurant,Gelly's Store,Talisay City
ChIJxR6aWMadqTMRw9gLu1yBiSI,10.2427385,123.8474902,restaurant,Georgie's Grill House Talisay Branch,Talisay City
ChIJjTyvlaGdqTMRg1bP2rLjkJY,10.2399362,123.836288,restaurant,Go Mart Express (Dumlog),Talisay City
ChIJc0mno1ucqTMR_t99euzFZPg,10.270294,123.8562788,restaurant,Golden Buns Bakeshop,Talisay City
ChIJLQXIlvOcqTMRCpwzjKDXh58,10.2573661,123.8596732,restaurant,Goldilocks,Talisay City
ChIJ_boq11GcqTMR76W2Czc7VhA,10.2735021,123.8489468,restaurant,Goldilocks,Talisay City
ChIJTVHTZ1WcqTMRCBBHlyXpCoQ,10.265666,123.842343,restaurant,Goldilocks Bakeshop,Talisay City
ChIJo8aFj1R3qTMRCYDIy6kcrew,10.2447811,123.7955188,restaurant,Gonetea Refreshment Hub,Talisay City
ChIJoQRFYTydqTMRZVjLT3121XU,10.2663902,123.8589325,restaurant,GooeySchweetz,Talisay City
ChIJ-W2YU_CdqTMRm-sp-jGyLqM,10.2554454,123.8213319,restaurant,Gray Yard Coffee,Talisay City
ChIJ_TTGC0OcqTMRJ3QUiRJGVW8,10.2747362,123.8600946,restaurant,H & R Convenience Store,Talisay City
ChIJyWPQTZmdqTMRmI2g4A1ZpyU,10.2741144,123.8595689,restaurant,HAROLD STORE,Talisay City
ChIJL9-7PRydqTMRAnhomec0sGA,10.2583255,123.8223643,restaurant,HASHTAG MINIMART,Talisay City
ChIJh0RUewCdqTMRLiyNx-HK0Uc,10.2388139,123.8414909,restaurant,HELEN LITO STORE,Talisay City
ChIJ78ntVPKcqTMRQFC6tFEqcQ4,10.255715,123.860419,convenience_store,HENDRY FAMILYMART,Talisay City
ChIJKa1yAgWdqTMRoLLnIXGTJJA,10.2769293,123.8618629,restaurant,Halovérs Dessert Cebu Tagunol Cogon Branch,Talisay City
ChIJRXBfVlWcqTMRhuPce4s1GV8,10.2654129,123.8415997,restaurant,Happy - Haus Donuts,Talisay City
ChIJz0sRVQB3qTMRoL0WrX72oIg,10.2632478,123.7768332,cafe,Happy Sip Cafe,Talisay City
ChIJe7T0OiudqTMRkrPGSiuSG9o,10.2397714,123.8382645,restaurant,Happysweets Creation Cake Shop,Talisay City
ChIJoby6J6ydqTMRVWTyHlPtHF4,10.2389586,123.8430082,cafe,Hayahay Cafe,Talisay City
ChIJzfzjPCOdqTMRX4_lQRvp5T8,10.2423835,123.8145387,restaurant,Heyhez Delights,Talisay City
ChIJN3AlagCdqTMRr3-dT1PC8cA,10.2484747,123.8252276,restaurant,Honey's Halo - Halo,Talisay City
ChIJmeOnA_WdqTMRekPhFn2qKd8,10.242854,123.79939,restaurant,Humayan Food Park,Talisay City
ChIJ2xNDgTmdqTMRraUkGSVPIZk,10.2406539,123.8240626,restaurant,I & R Eatery,Talisay City
ChIJ5aGOKgCdqTMRUaTQvIjzSiU,10.2799589,123.8566719,restaurant,I tabura st. Pardo cebu city,Talisay City
ChIJQfGSjnycqTMRCHxUULvy_Xg,10.2651374,123.8770983,restaurant,IL Corso Filinvest Malls,Talisay City
ChIJaV5_g9WdqTMR6VPlbZqMYBQ,10.2455513,123.8161837,restaurant,ILA BERNS BBQ - Food Near Me Talisay City Cebu,Talisay City
ChIJ-ez7VDedqTMRMmiKwLYh5EU,10.238198,123.8242331,restaurant,ISKINA LECHON MANOK,Talisay City
ChIJrxTJAhydqTMREM5t-5a6R7Q,10.2431483,123.8310895,restaurant,Inato Eats,Talisay City
ChIJv7-dHQCdqTMR7jRYlmsUdA4,10.2669304,123.8556894,restaurant,Inayawan Chapel St. Augustine de Hippo,Talisay City
ChIJPeuMCoydqTMR7dGFl4aLMwY,10.2722402,123.8565073,restaurant,Isla del Café - Inayawan,Talisay City
ChIJCxQBVh93qTMRYUBC8KG6n3k,10.2442735,123.7923222,restaurant,Isla del Café - Minglanilla,Talisay City
ChIJtWKDj5OdqTMR4IUg23jfETg,10.2443738,123.8465285,restaurant,Isla del Café - Talisay,Talisay City
ChIJ23hRfACdqTMR2nf6L4Vo0ow,10.2581547,123.8193332,restaurant,Iyoy's Kandingan,Talisay City
ChIJh6uP-fOdqTMRTvrlOKjge8o,10.2369537,123.8351652,restaurant,JK's Snack Haus,Talisay City
ChIJSSiUO-CcqTMR2utGZnMltpM,10.247493,123.8420667,restaurant,JOEF'S BAKESHOP,Talisay City
ChIJUWE7E52dqTMRL1baF_Vg5dU,10.2782049,123.8576337,restaurant,JOHNCHRIS' VARIETY STORE,Talisay City
ChIJlYf-VDedqTMR30F7NZeGjVI,10.2380996,123.8243146,restaurant,JR's Fried Chicken,Talisay City
ChIJeYNY8_KdqTMR0MSsWC8ibDY,10.2503107,123.8259396,restaurant,JZ Convenience Store,Talisay City
ChIJ1-MpZ1GdqTMR5DzZqPdFjxw,10.2371383,123.837743,restaurant,Jade's Sweets Cakes and Pastries Shop,Talisay City
ChIJhRwE8c2dqTMRUVGMHLBl-0s,10.2475119,123.807006,restaurant,Jamo's Eatery,Talisay City
ChIJqx__bwCdqTMRViUD4OySZs0,10.2762657,123.8579258,restaurant,Jarbee's Bakeshop,Talisay City
ChIJ7_iKjxWdqTMRBz_lqirja7Y,10.2611089,123.8384456,restaurant,JavaHigh - Talisay,Talisay City
ChIJ49KJgVWdqTMR2XQaSoIAKYg,10.2559274,123.860321,restaurant,Jayrence Food Hub,Talisay City
ChIJX2qeoAKdqTMRB7S2oTlRL5M,10.2458983,123.827036,restaurant,Ja’s MiniMart,Talisay City
ChIJK2WjHV-cqTMRlkOef54gQYw,10.2654565,123.8596933,restaurant,Jb Bakeshop,Talisay City
ChIJ6ftWR1qcqTMRlWMnO9Fxmug,10.269838,123.8540675,restaurant,Jcor Breadshop & Mdse,Talisay City
ChIJhaK3CTmdqTMRulcn-4QmkVg,10.2718851,123.8526088,cafe,Jessie cafe,Talisay City
ChIJSVdHBEedqTMR4FAIygKabHc,10.2511709,123.827192,restaurant,Joah's Food and Baking Tools,Talisay City
ChIJAbuCzrGdqTMRoJhy7sv7xPE,10.2373263,123.8362012,restaurant,Joan's Place,Talisay City
ChIJn9DjpSidqTMRzI76nXoHB1M,10.2366421,123.8363079,restaurant,Jopay´s Corner,Talisay City
ChIJhZK4ahadqTMRpeR_eHVpeAo,10.2629563,123.854446,restaurant,Joy store,Talisay City
ChIJgYetw3udqTMRQAAg4Wdu4wY,10.2748997,123.859465,restaurant,JuanPlace,Talisay City
ChIJGcsU2pmdqTMRuM_jkUJx2Tc,10.2524493,123.8392335,restaurant,Jularie Marcillo,Talisay City
ChIJ0yMUrhCdqTMRVnfZAGhBsnU,10.252602,123.829333,restaurant,Julie's Bakeshop,Talisay City
ChIJIZeOWFGdqTMROlgLsWoNnu0,10.2452571,123.8392699,restaurant,Julie's Bakeshop,Talisay City
ChIJqyLEDEScqTMRtcmBaVyfJO8,10.2766723,123.8574031,restaurant,Julie's Bakeshop,Talisay City
ChIJtzL5WlWcqTMRj7aBM6_WN5s,10.2652616,123.841158,restaurant,Julie's Bakeshop,Talisay City
ChIJo8gbXQCdqTMRwPZBeTLzoBk,10.2649854,123.8612596,restaurant,"Julie's Bakeshop Emilio Jaca, Inayawan",Talisay City
ChIJkTLP0TKdqTMRgd_Iag7ZxfU,10.2385291,123.8242303,restaurant,Julie's Bakeshop Pooc,Talisay City
ChIJl4vKuJKcqTMRnJR8qOlMykY,10.2517772,123.8646097,restaurant,Juling's Kilawan,Talisay City
ChIJ206D2VGcqTMR423HEO46eG8,10.2739041,123.8485991,restaurant,K and J Store,Talisay City
ChIJ-2_qaQCdqTMRe72JlEoQvgI,10.2383112,123.8241424,restaurant,K&D Pares Express Hub,Talisay City
ChIJi0gzMCKdqTMR5qt5imc78RM,10.2406453,123.8372171,restaurant,KMA and RRR Lechon,Talisay City
ChIJNbUuTQCdqTMRe0Ko_hH3A2I,10.2423918,123.8219955,restaurant,KMART TALISAY,Talisay City
ChIJj73faESdqTMR2moH_3NPLZI,10.249726,123.8256207,restaurant,KOPI ton.,Talisay City
ChIJ906gzjudqTMRRElaGnNhp-I,10.24096,123.825348,restaurant,KUSINA NI MAMA KAP,Talisay City
ChIJTRiIONSdqTMRbtp-ndcsQX0,10.2632293,123.854138,restaurant,Kapehan Piso Wifi,Talisay City
ChIJbVdZjfqdqTMROe77cmdzB9Y,10.2761614,123.8620128,restaurant,Khly Delights,Talisay City
ChIJ4SdWemOdqTMR4pPRH0PMjWY,10.2635629,123.8633062,restaurant,Kiki and Zizi Store,Talisay City
ChIJzzSFgF-dqTMR2ziY4SovMXQ,10.2497559,123.8368866,restaurant,King Crab Capital Seafoods Restaurant,Talisay City
ChIJH51GKWmdqTMRdd5AwT3WR1Y,10.2526753,123.8291137,restaurant,King David Store,Talisay City
ChIJHUiNVwSdqTMRQ6GBZhnvTSk,10.2516777,123.8392728,restaurant,Kohicebu Coffee Shop,Talisay City
ChIJ7w1mJwCdqTMRkE8UVJIRoPY,10.2689447,123.8559436,restaurant,Kopitana & Toast,Talisay City
ChIJM6gArxSdqTMR6Q48Lic06HM,10.2745154,123.859706,restaurant,Kurtella’s Cakes and Treats,Talisay City
ChIJyfwhSgCdqTMR7oTzPcU6H_8,10.2382402,123.7980293,restaurant,Kusina Olala - Fish Port,Talisay City
ChIJp9D4cnmdqTMRcai2NWci0ig,10.2672367,123.8333158,restaurant,Kusina ni Jhefprox,Talisay City
ChIJ3cUjdHidqTMR2QfIRxxnwNw,10.2410171,123.8106058,restaurant,Kustumer,Talisay City
ChIJPwwGFwucqTMRg_xiZSiMlwo,10.2592503,123.8629586,restaurant,Kuya J SM Seaside City,Talisay City
ChIJFe4dkbGdqTMRzCef_901tAI,10.259774,123.830114,restaurant,Kuzina Guadalupe - Talisay,Talisay City
ChIJjcgcEACdqTMRN-QeqN244vU,10.264754,123.8404186,restaurant,Kyam’s Grill Tabunok,Talisay City
ChIJLRK9hLidqTMRkeAvPpbXPF8,10.2664423,123.8569809,restaurant,Kyzer's Empanada and Other Dainties,Talisay City
ChIJaXEBLQ6dqTMRaoO2hZqlULw,10.2464263,123.8391848,restaurant,LAL CONVENIENCE STORE,Talisay City
ChIJpcXnIA6dqTMRA32gEFOM-Vk,10.2392524,123.8301561,restaurant,LM Store,Talisay City
ChIJZ2qLsW2dqTMRlCnEmuTVSYY,10.2462663,123.798249,restaurant,LR’s Halo-Halo & Silogan,Talisay City
ChIJMaEwkUScqTMRWekDjPfIZAM,10.2746499,123.8569403,restaurant,Lakshmi Bakery,Talisay City
ChIJzRDDIXqcqTMRbnSescx91O4,10.2677329,123.8797653,restaurant,Lantaw Il Corso,Talisay City
ChIJe_ue-2adqTMRvqzbo3O94K4,10.2435488,123.8505232,restaurant,Larangan Ni Magam,Talisay City
ChIJFfFTPl6dqTMRKrXxfH-1a9I,10.2428177,123.7968703,restaurant,"Laurencia's Grill and Restaurant Minglanilla, Cebu",Talisay City
ChIJrUsXNtCdqTMRR2zOmUnZDEI,10.2485453,123.8420279,restaurant,Lechonan ni lolosoy,Talisay City
ChIJh0eo4uudqTMR4miITzSsFS0,10.2439875,123.8442344,restaurant,Leslie's Lechon,Talisay City
ChIJmzhpfA-dqTMRohOeYGSI_jg,10.259832,123.829684,restaurant,Leylam Shawarma,Talisay City
ChIJdahjmuidqTMR0RyXD5CCJYI,10.2394043,123.7995641,cafe,Links Cafe,Talisay City
ChIJMdCI_XCdqTMR3YSmS043rq0,10.2391526,123.8357931,restaurant,Lion's Crib,Talisay City
ChIJf4bjbC6dqTMR8zKtbHdvz4E,10.2497638,123.8390084,cafe,Little Nook Cafe,Talisay City
ChIJO_8DXnadqTMRnZhVltDOZhI,10.2369818,123.83514,restaurant,Lloyd Convenience Store,Talisay City
ChIJMVjWpZOdqTMRVE2R0iefZo4,10.2538384,123.8262671,restaurant,Lluvias Bakeshop,Talisay City
ChIJ588B6UmdqTMR3SGXf7xbkxk,10.2508187,123.8053209,restaurant,Los Compañeros Restaurant,Talisay City
ChIJl7wy4o6dqTMRlyArtY-ok4s,10.2695305,123.857952,restaurant,Love Customized Cakes,Talisay City
ChIJN1e3G1edqTMRY47d9ZKeWXM,10.2461378,123.8291454,restaurant,Lugaw ni Bossing,Talisay City
ChIJZSn8gc6dqTMR9yQP6eHJG4s,10.2470529,123.8392647,restaurant,Luv Tea Ka,Talisay City
ChIJf5R_5v6dqTMRDvUYgd5eYR4,10.2522916,123.8303685,restaurant,Lyrix's Kape,Talisay City
ChIJO3KN21GcqTMR_zSnFst77uU,10.2737158,123.8484943,restaurant,M & C Convenience Store,Talisay City
ChIJnyb0wFucqTMRjojtoS0EDMw,10.2694726,123.8562893,restaurant,M.B. Family Bakeshop,Talisay City
ChIJK_JH4UScqTMRj-7gyD2kPuA,10.2747227,123.855384,restaurant,M2M Store,Talisay City
ChIJc9FAmNOdqTMRJGxySRBaKGQ,10.2439516,123.8480575,restaurant,MARGA AND BELLA SARI SARI STORE,Talisay City
ChIJsejHR0GdqTMRsOnPAIEyZAc,10.2450103,123.8144821,restaurant,MIG'Z BAKESHOP,Talisay City
ChIJ_fVSlCKdqTMRYfrAVorpgkw,10.246134,123.8315448,restaurant,MILA CARENDERIA,Talisay City
ChIJB_pDVACdqTMRvuXn7Vq2EnU,10.2361748,123.8323961,restaurant,MINI KAWBOI GRILL,Talisay City
ChIJHTe5wc2dqTMRjg6YKtP_Wfk,10.2660127,123.8646164,restaurant,MIRAS STORE,Talisay City
ChIJK9dvgTmdqTMRl9HlZ7-XrKM,10.2406094,123.8240845,restaurant,MKJS FOOD HOUSE,Talisay City
ChIJIxFxRnmdqTMRLJQ9LctMGrY,10.2725363,123.8507062,restaurant,MN Elements,Talisay City
ChIJBRSibBGdqTMRY8wItsr-PYo,10.2541955,123.8256937,restaurant,MSG BAKESHOP,Talisay City
ChIJu_8G-52dqTMRa61iESDGP8A,10.2538515,123.845637,restaurant,Ma DAHON KAPE,Talisay City
ChIJ58m0reWdqTMRi678mXvxpKs,10.2389555,123.823199,restaurant,Maam Ester Store,Talisay City
ChIJoX3XFyOdqTMRvyUOVhsQ7GA,10.2440471,123.8313846,restaurant,Mac Jake Bake Shop,Talisay City
ChIJv-5DIGudqTMRh3UOGnZR4DM,10.2384218,123.8195099,cafe,Maharlika Cafe,Talisay City
ChIJg-8nfwCdqTMRRzDwojaqzPM,10.2554657,123.8406728,restaurant,Maia's Bake House,Talisay City
ChIJZzqkQwCdqTMR9H8r3DNp40I,10.2419463,123.8271798,restaurant,Mamo's Biko,Talisay City
ChIJyz4Mvd2cqTMRy8fGH3v3N7A,10.243853,123.848658,restaurant,Mang Tinapay,Talisay City
ChIJQ2SkQQCdqTMRMUcUeCITr18,10.2630344,123.8391295,restaurant,Mang Tinapay More Than a Bakeshop,Talisay City
ChIJc1WrekecqTMReuwqY8V46Qo,10.2823608,123.8558753,restaurant,Mang Tinapay More than a Bakeshop,Talisay City
ChIJI60Wh2aZqTMRFjGdol73v7E,10.2581648,123.8226506,restaurant,Mani Mogo Korean Restaurant with Daega,Talisay City
ChIJ8w7-r1WdqTMRlUmaqfMdUjY,10.2688317,123.847998,restaurant,MarBen Convenient Store,Talisay City
ChIJ8W14CKWdqTMRTwVO4azunuA,10.2382336,123.8388168,restaurant,Marcel Home Bakery,Talisay City
ChIJ7a5t_8SdqTMR2GApuSgk-lk,10.2500517,123.8340343,restaurant,Maria Luisa Compound,Talisay City
ChIJcb71O8ydqTMRyhgbC6ZErK4,10.2419898,123.7973723,restaurant,Marilou Eatery,Talisay City
ChIJF5yqtLSdqTMRZanwvaZrWMo,10.2394565,123.8290427,restaurant,MarzFood Kitchen,Talisay City
ChIJKzCPSACdqTMRDMYbhluKcKY,10.2460299,123.8253541,cafe,MaxCafe,Talisay City
ChIJXxfsYAadqTMRqW6FXX-E3-o,10.2466698,123.8370962,restaurant,Maximo Store,Talisay City
ChIJ3anvLFmcqTMRnNEludJxNd4,10.2661833,123.8577535,restaurant,Mazena Eatery,Talisay City
ChIJqcU-Wm2dqTMR4yFZzyxjQ8I,10.257991,123.8179201,restaurant,McDonald's Southcoast Talisay,Talisay City
ChIJgcRg4bqdqTMRy26-2nayEC4,10.267054,123.8436852,restaurant,Melton's Halo-Halo,Talisay City
ChIJy0ph726dqTMRN5Aq-fwhkL4,10.2558257,123.8112013,restaurant,Melton's Halo-Halo - P. Margarita,Talisay City
ChIJs7q0BUecqTMRxZk_ajkITgQ,10.2810285,123.8555372,restaurant,Melton's Halo-Halo - Pardo,Talisay City
ChIJmfJhRwCdqTMRwSXFNgBAYBQ,10.266911,123.84333,restaurant,Melton's Halo-Halo South Town Centre,Talisay City
ChIJBeh2L9mcqTMR5VHKDK2RKYY,10.2402977,123.8444662,restaurant,Mia Faith Bakeshop & Sari-Sari Store,Talisay City
ChIJ-c3MwWudqTMR5iTbFtkimwM,10.2519244,123.8200273,restaurant,Mia Sofia Store,Talisay City
ChIJWe7YGQCdqTMRyOPpkE37-pw,10.2721662,123.856474,restaurant,Mikz Snack Bar,Talisay City
ChIJAdgmhN6cqTMRvKGUsxoSiRQ,10.2428822,123.8462243,restaurant,Mila Garces Lechon,Talisay City
ChIJl4SiYQCdqTMRgeVNg6Rvkuk,10.2657097,123.850209,restaurant,Miles Store,Talisay City
ChIJ-bmUXCOdqTMRkV1kC1Xcj4c,10.2429732,123.8310151,restaurant,Miljak Store Sari Sari Store,Talisay City
ChIJg7xsXwCdqTMR6ZHvtAafRv4,10.2635698,123.8561494,restaurant,Milk Tea Shop,Talisay City
ChIJCWp9TZWdqTMRhHr_XYnpPeg,10.2460949,123.8286472,cafe,Milk and Mac Cafe,Talisay City
ChIJrYdnsSGdqTMRLMVSvFRpRt4,10.2385177,123.8219299,restaurant,Mini Tambayan,Talisay City
ChIJ69zVLludqTMRrcalnLRp-28,10.2678904,123.8562298,cafe,Minishopp cafe inayawan,Talisay City
ChIJr8MsZDCdqTMRoelmydITXcw,10.248541,123.8002022,restaurant,Mizuhiki Japanese Restaurant-Minglanilla,Talisay City
ChIJJZewUTudqTMRv5S71BNdJA8,10.2402075,123.8440817,restaurant,Mommy Pearlshake,Talisay City
ChIJ-ceDJwCdqTMRqnYDTIenCUU,10.2431869,123.8473293,restaurant,Mommy’s Store,Talisay City
ChIJT4onGMWdqTMRfXfyEd4QDSY,10.2440019,123.8460961,restaurant,Mood Coffee,Talisay City
ChIJF5JK-QGdqTMRkHyMYvebtnY,10.2604109,123.8413071,restaurant,More Bites,Talisay City
ChIJbwlzJQCdqTMRrkZpPMtR7L4,10.2496783,123.8257342,restaurant,Mr Dim Bakeshop,Talisay City
ChIJF4SKRiedqTMRPzuHVggyRFc,10.2405881,123.8400042,restaurant,Mr. BAKESHOP,Talisay City
ChIJExOrSEecqTMRQZUCmtnF4vs,10.2817448,123.8572723,restaurant,Mr. Gee Corner Shop,Talisay City
ChIJcw1jbZOdqTMRSC8vAQC7pL8,10.2685338,123.8560817,restaurant,Mr. Lemon - Inayawan,Talisay City
ChIJZwia1QGdqTMRN4P2urHNrc4,10.262927,123.840916,restaurant,Mr. Liempo,Talisay City
ChIJpcqDVEGdqTMRcWjozKPTAso,10.2445633,123.8135627,restaurant,Mr. Liempo,Talisay City
ChIJP2dnu4edqTMRx29XASmPMlc,10.2487012,123.8252935,restaurant,Mr.Qualitea - Mohon Branch,Talisay City
ChIJ_b9-RQCdqTMRGWjAzhKrS4U,10.2524493,123.8392335,restaurant,Muddy Park Café,Talisay City
ChIJJTEkCACdqTMR__3DlJx0YYE,10.2443758,123.8126056,restaurant,N&H Store,Talisay City
ChIJgaQbPACdqTMR_kDyYgmpA44,10.2719199,123.8477796,restaurant,N-J-J STORE,Talisay City
ChIJWQSZfnudqTMR5IcEEi1J3a0,10.2598926,123.8313661,restaurant,NADELA'S EATERY,Talisay City
ChIJCWCzyumdqTMR2JGNdQb0eVM,10.2526433,123.8427974,restaurant,NOY LECOY stk + bbq,Talisay City
ChIJNZEwGFmcqTMRSNetgrYHAcI,10.2664879,123.8563424,restaurant,Nanay Belen's Bakeshop,Talisay City
ChIJx6I7Uh6dqTMRFDX3Pw0V_jc,10.2489544,123.8389206,restaurant,Nanay Belen's Bakeshop,Talisay City
ChIJT7ePw1ecqTMR9qHVQnrM0LA,10.2649948,123.8505403,restaurant,Nanay Ester Store,Talisay City
ChIJ57tCq0ecqTMRz8OYc0AkV-0,10.2806663,123.8547815,restaurant,Nancy Store,Talisay City
ChIJS2SPXgCdqTMRe6PndNZhcLk,10.2390851,123.8301981,restaurant,Nhing's Store,Talisay City
ChIJ--coYACdqTMRWR9NBLhKEGE,10.2459686,123.8280161,cafe,Nong Ben's Cafe + Bar,Talisay City
ChIJ1cND5PWdqTMR9KureetzCHA,10.265463,123.8608201,restaurant,Ocampo Family,Talisay City
ChIJncOawG6dqTMRU5fvAiLHRY8,10.2555879,123.8114067,restaurant,Orange Brutus - Plaza Margarita Minglanilla,Talisay City
ChIJme8XckOdqTMRKPUk5AsxQg0,10.2415154,123.799085,restaurant,Outcasts FoodHub,Talisay City
ChIJjUXUC-N3qTMRq-Awyf5tVGg,10.2443239,123.7926079,restaurant,PAPSY'S BBQ - Minglanilla,Talisay City
ChIJCYYlEtedqTMR3gZCG8B9eds,10.2590121,123.8233755,restaurant,PICKUP COFFEE - Starmall Talisay,Talisay City
ChIJt95WDACdqTMRPb5TcFs0wPg,10.2426942,123.8496753,cafe,Paharuhay Cafe,Talisay City
ChIJIy0naFWcqTMRXyyyksmzPmg,10.2659005,123.8425533,restaurant,Pan De Manila Gaisano Grand Fiesta Mall,Talisay City
ChIJM4To6G6dqTMRPDezHJT1Tjs,10.2555703,123.8114185,restaurant,Pan De Manila Plaza Margarita,Talisay City
ChIJ-c4wGFmcqTMRyFf2Z4iaJoI,10.2664841,123.8563387,restaurant,Pan De Sugbo,Talisay City
ChIJb5kZY3ycqTMRwZnQeXOFv40,10.2651803,123.8765409,restaurant,Parilya,Talisay City
ChIJgQ9mXpCdqTMRHU4P-Y0BAHk,10.2452563,123.8393033,restaurant,Partea Go - Dumlog,Talisay City
ChIJg80oW1WcqTMRCRivd3E5geM,10.2657879,123.842022,restaurant,Pinoy Pao,Talisay City
ChIJ3x---rOdqTMRCnj9ky3v7B8,10.2446609,123.7975497,restaurant,Pleasant Blend,Talisay City
ChIJHUATwg2dqTMRogPldUZRKyU,10.2592424,123.8231259,restaurant,Potato Corner,Talisay City
ChIJS782WlWcqTMR00eyCtR1dWE,10.2654713,123.8420093,restaurant,Potato Corner,Talisay City
ChIJh7aufQ-dqTMRAWpCFnjplMY,10.2597628,123.8297515,restaurant,Potato Corner,Talisay City
ChIJsZtTkfOcqTMR6-SpsItUj3k,10.257494,123.8597418,restaurant,Potato Corner,Talisay City
ChIJkQ5pnkOcqTMRtKogqg1nKGY,10.2753931,123.8590186,restaurant,Princess Bakeshop,Talisay City
ChIJ68Ee__OZqTMRONmSrNwMYmk,10.2450732,123.8472153,cafe,Pull & Brew Cafe,Talisay City
ChIJsUSZT52dqTMRgtLiQQ2A_ZY,10.2383095,123.8221123,restaurant,Pungko-pungko sa Baybay,Talisay City
ChIJOfxzWlWcqTMR7B6aH7bMEGE,10.2656309,123.84185,restaurant,Purefoods Tender Juicy,Talisay City
ChIJE3JVNlGdqTMRK95kqMBQ8Wk,10.2387895,123.8230469,restaurant,Purok tabay,Talisay City
ChIJI4krQQCdqTMR4UrQLQQZEZ0,10.2375899,123.8350626,restaurant,Putoportz Kakanin,Talisay City
ChIJsXCaSwB3qTMRuE1ZRhhbNpk,10.2640033,123.8411407,restaurant,"QWERTY Coffee - Talisay, Cebu",Talisay City
ChIJ94UINjqdqTMRgfBEZcr3MI8,10.2395859,123.8296411,restaurant,Qoffee & Co.,Talisay City
ChIJyfU-HOSdqTMR2ePuCaT_gBw,10.2382888,123.8372748,restaurant,"R and J Store - Deca Homes Talisay City, Cebu",Talisay City
ChIJ5y4LM9ycqTMRahrWScsoMKw,10.2427145,123.8476681,restaurant,RENDEZVOUS MINI-MART,Talisay City
ChIJ8U3ZneR3qTMRnOU_pE_Q7HM,10.243793,123.7907798,convenience_store,ROSE MINISTOP,Talisay City
ChIJIVc1UrGdqTMRyZ6LXeRe9hE,10.2372234,123.8357866,restaurant,RRCC Sweets and Pastries,Talisay City
ChIJHxJaAwCdqTMRhadBO7fVVKs,10.2507046,123.8215879,restaurant,RV's Cakes,Talisay City
ChIJ0RM6nEOcqTMRUzJmcf65nzI,10.2754828,123.8588588,restaurant,Rab's Tea Cup,Talisay City
ChIJkfaiTQB3qTMRsP2KMPhmzSs,10.2448956,123.7935842,restaurant,Ramen Shack PH - Minglanilla,Talisay City
ChIJodZOd_qdqTMRuNDpydrC0dU,10.2457662,123.8450924,restaurant,Ramen Shack PH - Talisay,Talisay City
ChIJMyEse6KdqTMRplZpkebVsSE,10.2747391,123.85999,cafe,Random Cafe - Cogon Pardo,Talisay City
ChIJNxNXEQCdqTMRjZpcbgjPEoA,10.251544,123.8318842,cafe,Reina’s Bean & Brew | Starblack Cafe,Talisay City
ChIJYYVgLM-dqTMRmgKD96JlR8k,10.2689295,123.8555225,restaurant,Remz lechon & customize cakes,Talisay City
ChIJ0XXhs--cqTMRW4pmWUObbzk,10.2548847,123.8574698,restaurant,Rex's Kandingan Sa SRP,Talisay City
ChIJnWvLXuidqTMRnBOcnU5tCdc,10.2464107,123.8172875,restaurant,Reyana's Cakes & Cupcakes,Talisay City
ChIJywXNFO6dqTMRc5SgqizF5xw,10.2732553,123.8495699,restaurant,Rich Sari-Sari Store & General Merchandise,Talisay City
ChIJM9kqVQCdqTMRPkXE5HEr4f0,10.2647845,123.8619291,restaurant,Rose Dishwashing Liquid Kit,Talisay City
ChIJS-2e7CCdqTMRjpFVKrS9s4c,10.2429055,123.8396297,restaurant,Royal Rush,Talisay City
ChIJXRpuOpqdqTMRAN8-iei-gt4,10.2731572,123.8262486,restaurant,Rusamie & Jacko's Halo-halo,Talisay City
ChIJoWgzxo6dqTMRO-DDFb08jPI,10.2420036,123.8470496,restaurant,Ruthy's Lechon,Talisay City
ChIJ0cUaHgCdqTMRBovuZ91Sg-Q,10.2513215,123.8391653,restaurant,S'KeNa Bistro,Talisay City
ChIJFZtmAkOdqTMRyXnf0dfGGZ0,10.2486687,123.8298168,restaurant,SEVILLA SARI-SARI STORE,Talisay City
ChIJZwvhSe6cqTMRUXt2Dn8s6XU,10.2527713,123.855503,restaurant,SRP Food & Drinks,Talisay City
ChIJuyWNAYSdqTMRUeBC1FZG_jE,10.279644,123.8556442,restaurant,Sa Atong Balay,Talisay City
ChIJ4-YK_medqTMRaXtwoxpkYWg,10.2425564,123.8476178,restaurant,Safire,Talisay City
ChIJr-3Rd1ucqTMR6ogK3DzHL-Y,10.2707073,123.8570535,restaurant,Sam Sam Malunggay Pandesal,Talisay City
ChIJ6aDRXwCdqTMRWDnG4i2HHPE,10.2424199,123.8476325,restaurant,Sattou's Sky Lounge,Talisay City
ChIJEZcAncSdqTMRvFUfHux4R58,10.2691543,123.8561211,restaurant,Sebu Cha Inayawan,Talisay City
ChIJV62dbC-dqTMR7i_T7V6TfIw,10.2361461,123.8337912,restaurant,Sheena Anne Bakeshop,Talisay City
ChIJEZqnCeidqTMRQ_RPR_WuTnk,10.2432701,123.8331343,restaurant,Sheila’s Baked Goodies,Talisay City
ChIJydgXmm6dqTMRf01liU7KkFs,10.255713,123.812523,restaurant,Shell,Talisay City
ChIJl_rjKQCdqTMRMmt3JqiVqAw,10.2381493,123.8213401,restaurant,Siargao Vibes sa Pooc Talisay,Talisay City
ChIJ95r-DAB3qTMR0rmEh4Nl-wY,10.2679662,123.7948355,restaurant,Side Street Café,Talisay City
ChIJCapP9zmdqTMRc272Hv3PdGo,10.2390288,123.8240664,restaurant,Silvier's,Talisay City
ChIJbeu9RgCdqTMR79fsz0C4SOg,10.2375388,123.8361024,restaurant,Sisay Coffee,Talisay City
ChIJZxeGhAqdqTMR4tHDYSK0tGs,10.2662183,123.8531065,restaurant,Sitio Kaluwasan Chapel,Talisay City
ChIJSXPYki6ZqTMR0o318_2QJ0g,10.2790213,123.8603949,restaurant,Sizz + Brew,Talisay City
ChIJz4qR0XSdqTMRx5QpSHuj3eU,10.2381476,123.8240831,restaurant,Skina Habhab,Talisay City
ChIJQfg4HEGdqTMRApaiTkfI2a0,10.255964,123.8153396,cafe,Skye Garden Cafe,Talisay City
ChIJp-u9ERGdqTMRRHzbMM_aHIg,10.266461,123.8778764,restaurant,Slate District,Talisay City
ChIJe5YQbAKdqTMRWDauaVQFNeg,10.2444733,123.8123458,restaurant,Smokey's Fab Caffé and Snack Bar,Talisay City
ChIJwzlrGFCdqTMRvwj3W_UxRsE,10.238461,123.819744,restaurant,Sofia's Store,Talisay City
ChIJpVHiagCdqTMRNb9yOZtJRSc,10.2491408,123.8024341,restaurant,Sol's Halo-halo,Talisay City
ChIJEQO6g-OdqTMRcam6ZaC4kgg,10.25772,123.8399285,restaurant,Sol's Halohalo & Desserts,Talisay City
ChIJXygIWeecqTMRWiRiGXyEd1Q,10.2454717,123.8476689,restaurant,Sol's Halohalo And Desserts,Talisay City
ChIJewk48i-dqTMRqE1-HzYPNKQ,10.2677802,123.856118,restaurant,Sols Halo-Halo Inayawan,Talisay City
ChIJw_upa3adqTMR70Yk2DZPGT0,10.2520194,123.8601499,restaurant,Sols Halo-Halo San Roque Talisay,Talisay City
ChIJbbQSTqqdqTMRAZfpjItM9OQ,10.2688489,123.8590496,restaurant,Sonia's Sari-Sari Store,Talisay City
ChIJLx7W4POdqTMRp4CdeImZjyI,10.2383837,123.8241265,restaurant,Sonny's,Talisay City
ChIJvZxdpbmdqTMRq467vMHBYSo,10.2573125,123.8225469,restaurant,South Mart,Talisay City
ChIJ3VeDsPucqTMRvL42AihEOlY,10.2579525,123.8487818,restaurant,St Chow,Talisay City
ChIJObQoRiCdqTMRW_3unOFToG0,10.2448531,123.838826,restaurant,Star Frappe',Talisay City
ChIJgTbv-LidqTMRezWV73BHrOM,10.2723788,123.8506888,restaurant,Star Frappe’ Bulacao,Talisay City
ChIJCXriZgCdqTMR-umpKM1BuHk,10.2713394,123.8573161,cafe,Starblack Cafe,Talisay City
ChIJuxDGMQCdqTMR38ROYtg2beQ,10.2545796,123.8246662,cafe,Starblack Cafe BF Better Homes,Talisay City
ChIJFeBlFXKdqTMRYitRFhqJDyk,10.2441502,123.843498,restaurant,Steph’s Residence,Talisay City
ChIJnYEtawCdqTMRLajfhdr3lyw,10.2554987,123.8395078,restaurant,Strive Coffee,Talisay City
ChIJB4c-ZQCdqTMRG9WIQ1vnmlA,10.2453817,123.8392197,restaurant,Strive Coffee Brewers Commisary,Talisay City
ChIJpbFGRlucqTMRkVxYpvjsy0Y,10.2724381,123.8567162,cafe,Sugar Cafe,Talisay City
ChIJtSGqftSdqTMRbKP0xCrShcU,10.2444492,123.8436081,restaurant,Sweet E's by Ynah Java,Talisay City
ChIJc9igZBadqTMR2BBfqgfcEw4,10.2434774,123.8410893,restaurant,Sweetsavannah,Talisay City
ChIJ9x_oDDCdqTMRErTuJ7PK_gA,10.237514,123.8287017,restaurant,TABOCO EATERY,Talisay City
ChIJZcIJCKidqTMReEmx52mwxdA,10.2448926,123.8261015,restaurant,TANOC SNACK BAR,Talisay City
ChIJh5gF116cqTMRSp8MhNr-A9A,10.2658738,123.8584351,restaurant,TEA STORE,Talisay City
ChIJc-YqtXqdqTMR49NDcXQiq4Q,10.241896,123.8488538,restaurant,Talisay Litson Food Park,Talisay City
ChIJCTH_mmOdqTMRbZzYF0tHrzA,10.2628068,123.8264216,restaurant,Talisay Tower Garden Restaurant,Talisay City
ChIJbcxDAVedqTMRrLWyqmWp8sM,10.2460819,123.8286137,restaurant,Tanoshii Cebu,Talisay City
ChIJ80tLc0ScqTMRGVm__eyGcyo,10.2766583,123.8574996,restaurant,Tazzy Convenience Store,Talisay City
ChIJw6DfIwCdqTMRRkV6ACgcMkA,10.2474166,123.8420554,restaurant,Tea Break,Talisay City
ChIJjUOWCBWdqTMRhHe13nmwMvo,10.2400137,123.8402963,restaurant,Tea Break - Ondo Rardo Market,Talisay City
ChIJffDHXwGdqTMRBvGUeNPw37c,10.2442318,123.8392411,restaurant,Teen The Hon,Talisay City
ChIJZyTjndedqTMRRPr8myRV06w,10.2417485,123.8103461,restaurant,Teting's Sisigan,Talisay City
ChIJ6QdD8X-dqTMRzEk_FW5P6zY,10.2782149,123.857601,cafe,Thad Internet Cafe,Talisay City
ChIJp2MMcACdqTMR2erxObUjUNY,10.2727707,123.849869,restaurant,The Coffee and Milk Tea,Talisay City
ChIJRy0MITCdqTMRebUmGjbZdIc,10.2745372,123.8597248,restaurant,The Crumb Cebu,Talisay City
ChIJlVi6enidqTMRcBlSyN60CMk,10.2752052,123.8523053,restaurant,The Good Brew Tambayan Foodpark,Talisay City
ChIJIdjHcwCdqTMRh0QJh9EVO0k,10.2731315,123.8586898,restaurant,The Megs and Migz Corner,Talisay City
ChIJa3LzElmdqTMRTzNfzQ7SFvs,10.2419649,123.7970443,restaurant,The Selah Café,Talisay City
ChIJ78rPUG6dqTMRNFwaOCJzgY0,10.2558561,123.8112269,restaurant,Tina's Carenderia and Barbecue Grill Haus,Talisay City
ChIJ9c5LwAGdqTMRCt04R1Ek0iI,10.2774357,123.8539274,restaurant,Tindahan ni Inday Rose,Talisay City
ChIJOy2-1rmdqTMRNuAG16rej5o,10.2802442,123.8559166,restaurant,Tindahan ni Inday Rose,Talisay City
ChIJwVxDVDOdqTMRUGYK_nyuN6w,10.2430106,123.846899,restaurant,TipTop Convenience Store,Talisay City
ChIJd3bRMlCcqTMRiKEfDFtDaYU,10.2732528,123.8495274,restaurant,Tres Maria's Convenience Store,Talisay City
ChIJR0oF7VOcqTMRKFwyD41WHRw,10.2703543,123.845449,restaurant,Triple A & D Eatery,Talisay City
ChIJfzLABgCdqTMR2lI4aXbMHxw,10.2530882,123.8118181,restaurant,Tungkil minglanilla cebu,Talisay City
ChIJ47MT9hmdqTMR9WUyMeyDDJ4,10.2519139,123.8309515,restaurant,Twin's Eatery,Talisay City
ChIJTxYCQgCdqTMRzRexIXiH0Pk,10.2520303,123.8311177,cafe,Twin’s Cafe’ and Tuslob Buwa,Talisay City
ChIJj5F04np3qTMRS97M_G_8s8E,10.244665,123.7939185,restaurant,Tēology Café,Talisay City
ChIJw0jPPiCdqTMR3Rhunxxz6ac,10.2452322,123.8394235,restaurant,UNCLE BREW,Talisay City
ChIJy2bhIN6cqTMR2NvsU5Oqc1E,10.2453825,123.8451843,restaurant,Uling Roaster,Talisay City
ChIJqe5FjmidqTMR9UFiUC5JUXg,10.2737912,123.8568104,restaurant,Uncle Brew - Inayawan Branch,Talisay City
ChIJQ1vpKwCdqTMRvf3Izikxi9c,10.2459349,123.7965782,restaurant,Uncle Brew Prime,Talisay City
ChIJSUqNnNWdqTMRY_yOA0P-tN0,10.2669243,123.8427961,restaurant,Uncle Brew Prime - Bulacao Talisay,Talisay City
ChIJC09kphidqTMR_GcRB7MbqoI,10.2803652,123.8551186,restaurant,Uncle Brew Prime Pardo,Talisay City
ChIJsyKPLHedqTMRJ-PZ68QeD94,10.2701063,123.8583564,restaurant,Undo's Sari-sari Store & Sweet Bites,Talisay City
ChIJa1Jp5NqdqTMR3FQ3g_i2Eds,10.2583017,123.8590056,restaurant,Updraft Coffee,Talisay City
ChIJAfB_0T2dqTMRpjNxbwjIcow,10.2458603,123.8249118,convenience_store,Uweng & Son's Familymart,Talisay City
ChIJW6cMnwqdqTMRQbN8zAxoDaA,10.2778837,123.853542,restaurant,"Vasso Milk Tea, Frappe & Coffee - Pardo",Talisay City
ChIJLZP3SgSdqTMRI0GfrG3oVUE,10.2601466,123.8329242,restaurant,Vergara Eatery,Talisay City
ChIJXQKJSYOdqTMRDa3T-sWNyJg,10.2650067,123.8601689,restaurant,Vernel Store,Talisay City
ChIJJQyjcgKdqTMRBGFEPJKAy3w,10.2607573,123.8405649,restaurant,Victoria's Halo Halo,Talisay City
ChIJt9HRbUudqTMRaKmYeUzO3hA,10.2663774,123.8563945,restaurant,Virgo Milktea Inayawan Branch,Talisay City
ChIJDTIGcDmdqTMR1OdZeVXv7Cs,10.2561846,123.8113576,restaurant,WINGMAN Unlimited Chicken Wings Minglanilla,Talisay City
ChIJgYI3AVWcqTMR33PRtVCsv0Q,10.267168,123.843669,restaurant,Waffle Time,Talisay City
ChIJsZtTkfOcqTMRh28r5NbZ294,10.257429,123.859643,restaurant,Waffle Time,Talisay City
ChIJJVxlfwCdqTMRWJtCTULVNF4,10.2424524,123.7969209,cafe,Wander Cafe,Talisay City
ChIJuUhRUlGdqTMRUFDVbW_l6vQ,10.2381207,123.8380448,restaurant,Windeb Store,Talisay City
ChIJowGjFHudqTMRIRJLn1n1hl4,10.2686192,123.8562331,restaurant,Winterbelle Bean & Leaf Inayawan Pick Up Point,Talisay City
ChIJwbbEY3CdqTMR4jtlwFolZ2Y,10.2726352,123.8508532,restaurant,Xiejun's Payag,Talisay City
ChIJmW2bAQCdqTMRH-7NF0wVKj4,10.2459692,123.8446297,cafe,Xybrew Cafe,Talisay City
ChIJxeHbsUecqTMRszYuV7Plvcw,10.2810451,123.8543838,restaurant,YUMI YUKI STORE,Talisay City
ChIJMyrkKhidqTMRM9hBFDuJPiM,10.2804059,123.8584313,restaurant,Yar's Kafe,Talisay City
ChIJieHjj7edqTMRsQgMssgX8Tw,10.2795495,123.8576757,restaurant,Yla Gracia Store,Talisay City
ChIJ2wODegCdqTMR5bOdaVlNVak,10.241514,123.8242671,restaurant,Z- Café,Talisay City
ChIJSaAvgEydqTMRjiUTDb66FnQ,10.2802927,123.8562478,restaurant,ZHAGU MILK TEA,Talisay City
ChIJZXABl32dqTMR3LPmOUTXFGs,10.247599,123.8418566,restaurant,ZIA's STORE,Talisay City
ChIJF03IdDGdqTMRkNaESPK0PM4,10.2388924,123.8401897,restaurant,ZONE FIVE,Talisay City
ChIJc51j-oOdqTMR6KjuDegQZho,10.2633773,123.8512498,restaurant,Zeke's Store RoadEnd Bilyaran,Talisay City
ChIJd8s2Sh6dqTMRgkf4N0nIkTY,10.2488684,123.8395872,restaurant,goldilocks,Talisay City
ChIJl-lejGudqTMR8pQBVp7ql_I,10.2757427,123.851685,restaurant,lakwatsa milktea house bulacao,Talisay City
ChIJEwBx8oGdqTMRMpNUnys32Do,10.2436503,123.8241382,restaurant,mekhael store,Talisay City
ChIJPzQ6DQ-dqTMRHXVJMbNWWfE,10.2519787,123.8294623,restaurant,memer's cakes & pastries,Talisay City
ChIJ5xA2MgCdqTMRgmwUBbIUga8,10.2528577,123.8292255,restaurant,resley ann mabala cabando,Talisay City
ChIJeyrN1SmdqTMRm-o4ucjXwoY,10.2746286,123.8597751,restaurant,sc,Talisay City
ChIJlSx0e-CdqTMRw59r_SYHIVk,10.2804943,123.8561064,cafe,the koh-fee cebu city uno cafe,Talisay City
ChIJ_THB3xydqTMRTHdW_ELp_jU,10.2786053,123.8552233,restaurant,Ñyorito Kape,Talisay City
